_id,ILCE,KESINTI SEBEP,ARIZA KESINTI TARIHI,ARIZA BITIS TARIHI,CALISMA YERI,MAHALLE
1,ADALAR,100 MM ÇAPLI ŞEBEKE HATTI ARIZASI,12/02/2024 13:30:10,12/02/2024 20:30:00,BURGAZADA GÖNÜLLÜ CAD.ÜZERINDE,BURGAZADA MAH
2,ADALAR,100 MM ÇAPLI ŞEBEKE HATTI ARIZASI,21/12/2023 14:45:55,21/12/2023 17:00:00,BURGAZADA MAH. ÇINARLIK SK. N.27,BURGAZADA MAH
3,ADALAR,100 MM ÇAPLI ŞEBEKE HATTI ARIZASI,11/12/2023 13:14:31,11/12/2023 16:30:00,BÜYÜK ADA MADEN MH.ÇARKIFELEK CD.ÜZERI,MADEN MAH
4,ADALAR,100 MM ÇAPLI ŞEBEKE HATTI ARIZASI,02/09/2023 22:12:08,02/09/2023 23:59:00,BÜÜK ADA BADEM MAH,"MADEN MAH,NİZAM MAH"
5,ADALAR,100 MM ÇAPLI ŞEBEKE HATTI ARIZASI,21/08/2023 12:56:11,21/08/2023 19:00:00,HEYBELI ADA ENGIN DENIZ SK.IÇI,HEYBELİADA MAH
6,ADALAR,100 MM ÇAPLI ŞEBEKE HATTI ARIZASI,18/08/2023 11:16:27,18/08/2023 12:59:00,KESTANELİK MAH.KARACAKÖY CD.,"MADEN MAH,MADEN MAH"
7,ADALAR,ŞEBEKE HATTI DEZENFEKTE EDİLMESİ,22/02/2023 16:48:31,23/02/2023 09:00:00,KINALI ADA MANASTIR,KINALIADA MAH
8,ADALAR,100 MM ÇAPLI ŞEBEKE HATTI ARIZASI,04/05/2023 13:36:38,04/05/2023 17:00:00,KINALI ADA NARÇIÇEĞI SK. NO:43,KINALIADA MAH
9,ADALAR,ŞEBEKE HATTI VANA MONTAJI/DEĞİŞİMİ,18/01/2024 11:02:34,18/01/2024 14:00:00,KINALIADA  MAH. VATAN SK. ÇARŞI ARDI SK.,KINALIADA MAH
10,ADALAR,ŞEBEKE HATTI DEZENFEKTE EDİLMESİ,23/02/2023 13:42:32,23/02/2023 19:00:00,KINALIADA MH,KINALIADA MAH
11,ADALAR,100 MM ÇAPLI ŞEBEKE HATTI ARIZASI,08/02/2024 12:45:47,08/02/2024 16:44:00,KINALIADA ÇARŞI CD. İSKELE SK FERİT TÜZÜN SK SAHİLHANE SK,KINALIADA MAH
12,ADALAR,100 MM ÇAPLI ŞEBEKE HATTI ARIZASI,28/07/2023 15:07:46,28/07/2023 16:30:00,"KINALIADA, KINALIBAĞ SK.NO:44",KINALIADA MAH
13,ADALAR,100 MM ÇAPLI ŞEBEKE HATTI ARIZASI,15/01/2024 08:30:00,15/01/2024 11:00:00,MADEN MAH.  KUMSAL SK. VE DENİZ KULUBU SK.,MADEN MAH
14,ADALAR,100 MM ÇAPLI ŞEBEKE HATTI ARIZASI,18/08/2023 11:59:30,18/08/2023 14:30:00,MADEN MH.YILMAZ TÜRK CD.NO:25,MADEN MAH
15,ADALAR,100 MM ÇAPLI ŞEBEKE HATTI ARIZASI,26/07/2023 16:37:42,26/07/2023 20:00:00,NIZAM MAHALLESI ŞEMSI MOLA SOKAK,NİZAM MAH
16,ADALAR,100 MM ÇAPLI ŞEBEKE HATTI ARIZASI,02/09/2023 08:44:09,02/09/2023 12:00:00,NİZAM MH ÇINAR D NO 16,"MADEN MAH,NİZAM MAH"
17,ADALAR,100 MM ÇAPLI ŞEBEKE HATTI ARIZASI,16/04/2023 13:24:26,16/04/2023 13:24:26,,KINALIADA MAH
18,ARNAVUTKÖY,100 MM ÇAPLI ŞEBEKE HATTI ARIZASI,10/03/2023 11:00:00,10/03/2023 14:00:00,A.MERKEZ MAHALLESİ ŞENER SOKAK,ARNAVUTKÖY MERKEZ MAH.
19,ARNAVUTKÖY,ŞEBEKE HATTI DEPLASE ÇALIŞMASI,03/05/2023 09:43:45,03/05/2023 18:30:00,ABDÜLHAMİT CD ÜZERİ DEPLASE ÇALIŞMASI,İSLAMBEY MAH.
20,ARNAVUTKÖY,ŞEBEKE HATTI VANA ARIZASI,24/09/2023 11:47:34,24/09/2023 16:00:00,ADNAN KAHVECİ CD ÜZERİ,ÖMERLİ MAH.
21,ARNAVUTKÖY,ŞEBEKE HATTI BRANŞMAN BAĞLANTISI,27/07/2023 13:55:04,27/07/2023 18:00:00,ADNAN MENDERES MAH FATİH MAH.,"ADNAN MENDERES MAH.,FATİH MAH."
22,ARNAVUTKÖY,150 MM ÇAPLI ŞEBEKE HATTI ARIZASI,25/09/2023 10:37:19,25/09/2023 14:00:00,ANADOLU MAH. ESENKAYA SK,ANADOLU MAH.
23,ARNAVUTKÖY,100 MM ÇAPLI ŞEBEKE HATTI ARIZASI,27/11/2023 08:49:18,27/11/2023 16:00:00,ANADOLU MAH. FAZLI SOKAKTA,ANADOLU MAH.
24,ARNAVUTKÖY,150 MM ÇAPLI ŞEBEKE HATTI ARIZASI,11/09/2023 16:05:26,11/09/2023 19:00:00,ANADOLU MAH. KÖKNAR SK,"ANADOLU MAH.,ATATÜRK MAH.,BOYALIK MAH,YUNUS EMRE MAH."
25,ARNAVUTKÖY,BASINÇ DÜŞÜKLÜĞÜ,11/09/2023 19:38:22,11/09/2023 22:00:00,ANADOLU MAH. KÖKNAR SK,"ANADOLU MAH.,BOĞAZKÖY İSTİKLAL MAH.,YUNUS EMRE MAH."
26,ARNAVUTKÖY,BASINÇ DÜŞÜKLÜĞÜ,23/03/2023 23:38:27,24/03/2023 05:00:00,ANADOLU MH ETKİLENMEKTE,ANADOLU MAH.
27,ARNAVUTKÖY,ŞEBEKE HATTI DEPLASE ÇALIŞMASI,30/10/2023 09:08:50,30/10/2023 18:00:00,ANADOLU MH ŞİRİNDERE CD ÜZERİ,"ANADOLU MAH.,BOĞAZKÖY İSTİKLAL MAH.,YUNUS EMRE MAH."
28,ARNAVUTKÖY,900 MM ÇAPLI ANA İSALE HATTI ARIZASI,19/03/2023 12:20:40,19/03/2023 22:00:00,ARNAVUTKÖY,"ADNAN MENDERES MAH.,ANADOLU MAH.,ARNAVUTKÖY MERKEZ MAH.,BOLLUCA MAH.,BOĞAZKÖY İSTİKLAL MAH.,FATİH MAH.,KARLIBAYIR MAH.,MAREŞAL FEVZİ ÇAKMAK MAH,MAVİGÖL MAH.,MEHMET AKİF ERSOY MAH.,MUSTAFA KEMAL PAŞA MAH.,NENEHATUN MAH.,TAŞOLUK MAH.,YAVUZ SELİM MAH.,YUNUS EMRE MAH.,İMRAHOR MAH.,İSLAMBEY MAH."
29,ARNAVUTKÖY,ARIZA SEBEBİ İLE BASINÇ DÜŞÜKLÜĞÜ,05/09/2023 22:25:32,06/09/2023 20:00:00,ARNAVUTKÖY BOLLUCA,"ADNAN MENDERES MAH.,ANADOLU MAH.,ARNAVUTKÖY MERKEZ MAH.,BOLLUCA MAH.,BOĞAZKÖY İSTİKLAL MAH.,HİCRET MAH.,MAREŞAL FEVZİ ÇAKMAK MAH,MAVİGÖL MAH.,MEHMET AKİF ERSOY MAH.,MUSTAFA KEMAL PAŞA MAH.,NENEHATUN MAH.,TAŞOLUK MAH.,YAVUZ SELİM MAH.,İMRAHOR MAH.,İSLAMBEY MAH."
30,ARNAVUTKÖY,100 MM ÇAPLI ŞEBEKE HATTI ARIZASI,12/01/2024 11:09:31,12/01/2024 14:00:00,ARNAVUTKÖY FİLİKA SOKAK 7,ARNAVUTKÖY MERKEZ MAH.
31,ARNAVUTKÖY,100 MM ÇAPLI ŞEBEKE HATTI ARIZASI,05/10/2023 15:31:04,05/10/2023 19:00:00,ARNAVUTKÖY MERKEZ MAHALLESİ  G.O.P CADDESİ,"ANADOLU MAH.,ARNAVUTKÖY MERKEZ MAH."
32,ARNAVUTKÖY,100 MM ÇAPLI ŞEBEKE HATTI ARIZASI,16/10/2023 14:11:11,16/10/2023 19:00:00,ARNAVUTKÖY MERKEZ MAHALLESİ CANER SOKAK,ARNAVUTKÖY MERKEZ MAH.
33,ARNAVUTKÖY,BASINÇ DÜŞÜKLÜĞÜ,16/09/2023 16:11:51,16/09/2023 19:00:00,ARNAVUTKÖY MERKEZ MAHALLESİ VE MUSTAFA KEMAL PAŞA MAHALLESİ,"ANADOLU MAH.,ARNAVUTKÖY MERKEZ MAH.,MUSTAFA KEMAL PAŞA MAH."
34,ARNAVUTKÖY,100 MM ÇAPLI ŞEBEKE HATTI ARIZASI,15/01/2024 11:31:19,15/01/2024 16:00:00,ARNAVUTKÖY MERKEZ MAHALLESİ ŞENOL SOKAK,ARNAVUTKÖY MERKEZ MAH.
35,ARNAVUTKÖY,100 MM ÇAPLI ŞEBEKE HATTI ARIZASI,10/03/2023 19:03:00,10/03/2023 23:59:00,ARNAVUTKÖY MERKEZ MH. ŞENER SOKAK,ARNAVUTKÖY MERKEZ MAH.
36,ARNAVUTKÖY,BASINÇ DÜŞÜKLÜĞÜ,14/08/2023 10:20:30,14/08/2023 16:00:00,ARNAVUTKÖY ROLE BESLEME,"ARNAVUTKÖY MERKEZ MAH.,MAREŞAL FEVZİ ÇAKMAK MAH,MUSTAFA KEMAL PAŞA MAH.,NENEHATUN MAH.,YAVUZ SELİM MAH.,İSLAMBEY MAH."
37,ARNAVUTKÖY,100 MM ÇAPLI ŞEBEKE HATTI ARIZASI,08/11/2023 11:01:05,08/11/2023 14:00:00,ATATÜRK CD ÜZERİ,MEHMET AKİF ERSOY MAH.
38,ARNAVUTKÖY,ŞEBEKE HATTI BRANŞMAN BAĞLANTISI,21/02/2023 14:49:44,21/02/2023 19:00:00,ATATÜRK MAH YILDIRIM BEYAZIT CD SONBAHAR SK KESŞİMİ,"ATATÜRK MAH.,HİCRET MAH.,YUNUS EMRE MAH."
39,ARNAVUTKÖY,100 MM ÇAPLI ŞEBEKE HATTI ARIZASI,19/10/2023 08:32:54,19/10/2023 16:00:00,ATATÜRK MAHALLESİ GÜZELBAHÇE,"ANADOLU MAH.,ATATÜRK MAH."
40,ARNAVUTKÖY,100 MM ÇAPLI ŞEBEKE HATTI ARIZASI,20/10/2023 08:21:39,20/10/2023 11:00:00,ATATÜRK MAHALLESİ KAKTÜS SOKAK,ATATÜRK MAH.
41,ARNAVUTKÖY,ENERJİ KESİNTİSİ,29/07/2023 07:36:15,29/07/2023 10:00:00,AVCILAR TERFİ,HASTANE MAH.
42,ARNAVUTKÖY,100 MM ÇAPLI ŞEBEKE HATTI ARIZASI,19/01/2024 10:03:17,19/01/2024 13:00:00,BAHARİYE SK,İSLAMBEY MAH.
43,ARNAVUTKÖY,100 MM ÇAPLI ŞEBEKE HATTI ARIZASI,11/09/2023 12:47:10,11/09/2023 14:33:00,BAKLALI- BAKLALI DURSUNKÖY CADESİ NO 117,BAKLALI MAH
44,ARNAVUTKÖY,BASINÇ DÜŞÜKLÜĞÜ,10/03/2023 15:35:54,10/03/2023 19:00:00,BALABAN MAH GENEL,BALABAN MAH
45,ARNAVUTKÖY,100 MM ÇAPLI ŞEBEKE HATTI ARIZASI,06/12/2023 13:33:53,06/12/2023 16:00:00,BALABAN MAH GENEL,BALABAN MAH
46,ARNAVUTKÖY,100 MM ÇAPLI ŞEBEKE HATTI ARIZASI,02/11/2023 11:11:39,02/11/2023 15:00:00,BALABAN MAHALLESI  TUFALI SOKAK,BALABAN MAH
47,ARNAVUTKÖY,BASINÇ DÜŞÜKLÜĞÜ,23/05/2023 09:54:40,23/05/2023 14:00:00,BALKIZ SK,ADNAN MENDERES MAH.
48,ARNAVUTKÖY,ELEKTRİK ENERJİSİ PROBLEMİ,21/05/2023 10:21:45,21/05/2023 20:00:00,BEŞYÜZEVLER TERFİ,"ANADOLU MAH.,ARNAVUTKÖY MERKEZ MAH.,BOĞAZKÖY İSTİKLAL MAH."
49,ARNAVUTKÖY,100 MM ÇAPLI ŞEBEKE HATTI ARIZASI,31/10/2023 10:33:53,31/10/2023 16:30:00,BOGAZKÖY İSTİKLAL MAH  ŞİRİNDERE CADDESİ,"ANADOLU MAH.,ATATÜRK MAH.,BOĞAZKÖY İSTİKLAL MAH.,YUNUS EMRE MAH."
50,ARNAVUTKÖY,ŞEBEKE HATTI DEPLASE ÇALIŞMASI,02/01/2024 09:03:22,02/01/2024 13:00:00,BOGAZKÖY İSTİKLAL MAH.KÜMBET SOKAK,BOĞAZKÖY İSTİKLAL MAH.
51,ARNAVUTKÖY,100 MM ÇAPLI ŞEBEKE HATTI ARIZASI,29/08/2023 21:53:56,29/08/2023 23:30:00,BOLLUCA MAH. KEMALPAŞA SK,BOLLUCA MAH.
52,ARNAVUTKÖY,BASINÇ DÜŞÜKLÜĞÜ,01/06/2023 10:35:04,01/06/2023 13:00:00,BOLLUCA MAHALLESİ,BOLLUCA MAH.
53,ARNAVUTKÖY,100 MM ÇAPLI ŞEBEKE HATTI ARIZASI,24/08/2023 18:19:29,24/08/2023 21:00:00,BOLLUCA MAHALLESİ,"ANADOLU MAH.,ATATÜRK MAH.,BOLLUCA MAH.,HİCRET MAH.,MAVİGÖL MAH.,YUNUS EMRE MAH.,İMRAHOR MAH.,İSLAMBEY MAH."
54,ARNAVUTKÖY,100 MM ÇAPLI ŞEBEKE HATTI ARIZASI,28/10/2023 10:00:59,28/10/2023 12:00:00,BOLLUCA MAHALLESİ,"BOLLUCA MAH.,MAVİGÖL MAH."
55,ARNAVUTKÖY,100 MM ÇAPLI ŞEBEKE HATTI ARIZASI,10/09/2023 11:33:12,10/09/2023 15:00:00,BOLLUCA MAHALLESİ BATTALGAZİ CADDESİ,BOLLUCA MAH.
56,ARNAVUTKÖY,100 MM ÇAPLI ŞEBEKE HATTI ARIZASI,16/12/2023 17:03:06,16/12/2023 19:00:00,BOLLUCA MAHALLESİ BOLLUCA CADDESİ,BOLLUCA MAH.
57,ARNAVUTKÖY,100 MM ÇAPLI ŞEBEKE HATTI ARIZASI,08/10/2023 14:24:21,08/10/2023 19:00:00,BOLLUCA MAHALLESİ KEMALPAŞA SOKAK,BOLLUCA MAH.
58,ARNAVUTKÖY,100 MM ÇAPLI ŞEBEKE HATTI ARIZASI,30/09/2023 08:51:28,30/09/2023 13:00:00,BOLLUCA MAHALLESİ KOCA YUSUF CADDE,"BOLLUCA MAH.,MAVİGÖL MAH."
59,ARNAVUTKÖY,100 MM ÇAPLI ŞEBEKE HATTI ARIZASI,31/10/2023 08:30:59,31/10/2023 12:00:00,BOLLUCA MAHALLESİ NURSEDA,"BOLLUCA MAH.,MAVİGÖL MAH."
60,ARNAVUTKÖY,100 MM ÇAPLI ŞEBEKE HATTI ARIZASI,26/09/2023 10:57:34,26/09/2023 14:30:00,BOLLUCA MAHALLESİ SÜMELA CADDE,"BOLLUCA MAH.,MAVİGÖL MAH."
61,ARNAVUTKÖY,BASINÇ DÜŞÜKLÜĞÜ,01/06/2023 15:36:05,01/06/2023 18:00:00,BOLLUCA MAHALLESİ VE MAVİ GÖL MAHALLESİ,"BOLLUCA MAH.,MAVİGÖL MAH."
62,ARNAVUTKÖY,BASINÇ DÜŞÜKLÜĞÜ,13/06/2023 14:21:49,13/06/2023 20:00:00,BOLLUCA MAHALLESİ İHSANİYE CADDESİ,"BOLLUCA MAH.,MAVİGÖL MAH."
63,ARNAVUTKÖY,100 MM ÇAPLI ŞEBEKE HATTI ARIZASI,23/08/2023 11:28:03,23/08/2023 17:00:00,BOĞAZKÖY İSTİKLAL MAH. ESKİ EDİRNE ASF CD İLE KÜMBET SK KESİŞİMİ,"ARNAVUTKÖY MERKEZ MAH.,BOĞAZKÖY İSTİKLAL MAH."
64,ARNAVUTKÖY,BASINÇ DÜŞÜKLÜĞÜ,20/06/2023 21:11:23,21/06/2023 02:00:00,BÖLGENİN BÜTÜN MAHALLELERİNDE BASINÇ DÜŞÜKTÜR,"ADNAN MENDERES MAH.,ANADOLU MAH.,ARNAVUTKÖY MERKEZ MAH.,BOĞAZKÖY İSTİKLAL MAH.,KARLIBAYIR MAH.,YUNUS EMRE MAH."
65,ARNAVUTKÖY,100 MM ÇAPLI ŞEBEKE HATTI ARIZASI,16/03/2023 13:29:18,16/03/2023 16:00:00,COŞKUN SK,YUNUS EMRE MAH.
66,ARNAVUTKÖY,TERFİ  MERKEZİ ARIZASI,05/11/2023 01:55:04,05/11/2023 08:00:00,CUMHURİYET TERFİ,"ANADOLU MAH.,BOĞAZKÖY İSTİKLAL MAH.,YUNUS EMRE MAH."
67,ARNAVUTKÖY,ARIZA SEBEBİ İLE BASINÇ DÜŞÜKLÜĞÜ,16/09/2023 20:50:54,17/09/2023 03:00:00,CUMHURİYET TERFİ MERKEZİ,"ANADOLU MAH.,ARNAVUTKÖY MERKEZ MAH.,BOĞAZKÖY İSTİKLAL MAH."
68,ARNAVUTKÖY,100 MM ÇAPLI ŞEBEKE HATTI ARIZASI,25/04/2023 14:32:08,25/04/2023 21:00:00,CÜMBÜŞ SK TA,HADIMKÖY MAH.
69,ARNAVUTKÖY,100 MM ÇAPLI ŞEBEKE HATTI ARIZASI,18/09/2023 11:02:02,18/09/2023 14:00:00,DELİKLİKAYA  MAHALLESİ AKKAYA SOKAK NO:13,DELİKLİKAYA MAH.
70,ARNAVUTKÖY,ŞEBEKE HATTI BRANŞMAN BAĞLANTISI,03/03/2023 09:47:50,03/03/2023 13:00:00,DELİKLİKAYA MAH ALTINŞEHİR YOLU,DELİKLİKAYA MAH.
71,ARNAVUTKÖY,100 MM ÇAPLI ŞEBEKE HATTI ARIZASI,17/11/2023 08:34:05,17/11/2023 14:00:00,DEMİRCİ SK,ARNAVUTKÖY MERKEZ MAH.
72,ARNAVUTKÖY,BASINÇ DÜŞÜKLÜĞÜ,14/06/2023 14:19:49,14/06/2023 16:00:00,ELEKTRİK KESİNTİSİ,"ARNAVUTKÖY MERKEZ MAH.,NENEHATUN MAH."
73,ARNAVUTKÖY,ENERJİ KESİNTİSİ,21/02/2023 10:44:57,21/02/2023 15:00:00,ESENYURT TERFİ,HASTANE MAH.
74,ARNAVUTKÖY,ANA İSALE HATTI VANA ARIZASI,21/03/2023 23:19:33,22/03/2023 04:00:00,ESENYURT TERFİ MERKEZİ,"HASTANE MAH.,YASSIÖREN MAH,ÖMERLİ MAH."
75,ARNAVUTKÖY,ŞEBEKE HATTI BRANŞMAN BAĞLANTISI,09/06/2023 08:44:40,09/06/2023 15:00:00,FATİH MAHALLESİ ALİŞAN SOKAK,FATİH MAH.
76,ARNAVUTKÖY,ŞEBEKE HATTI VANA MONTAJI/DEĞİŞİMİ,14/12/2023 16:56:51,14/12/2023 19:00:00,FATİH MAHALLESİ FATİH CADDESİ,"FATİH MAH.,ÇİLİNGİR MAH."
77,ARNAVUTKÖY,ŞEBEKE HATTI DEPLASE ÇALIŞMASI,02/09/2023 12:35:22,02/09/2023 17:00:00,FATİH MAHALLESİ PALMİYE SOKAK,"ADNAN MENDERES MAH.,FATİH MAH.,MEHMET AKİF ERSOY MAH."
78,ARNAVUTKÖY,100 MM ÇAPLI ŞEBEKE HATTI ARIZASI,17/03/2023 14:35:57,17/03/2023 17:00:00,FATİH MAHALLESİ TRABZON CADDESİ,FATİH MAH.
79,ARNAVUTKÖY,ŞEBEKE HATTI VANA ARIZASI,08/05/2023 09:03:00,08/05/2023 16:30:00,FATİH MAHALLESİ TRABZON CADDESİ,"FATİH MAH.,ÇİLİNGİR MAH."
80,ARNAVUTKÖY,BASINÇ DÜŞÜKLÜĞÜ,09/08/2023 11:02:36,09/08/2023 17:00:00,FATİH MAHALLESİ YAHYA KEMAL CADDESİ 14/1,"ADNAN MENDERES MAH.,FATİH MAH.,TAYAKADIN MAH,ÇİLİNGİR MAH."
81,ARNAVUTKÖY,100 MM ÇAPLI ŞEBEKE HATTI ARIZASI,01/09/2023 16:29:31,01/09/2023 20:00:00,FATİH MH. PALMİYE SK,"ADNAN MENDERES MAH.,FATİH MAH.,MEHMET AKİF ERSOY MAH."
82,ARNAVUTKÖY,100 MM ÇAPLI ŞEBEKE HATTI ARIZASI,22/11/2023 10:09:52,22/11/2023 16:00:00,GAZEL SK TA,NENEHATUN MAH.
83,ARNAVUTKÖY,100 MM ÇAPLI ŞEBEKE HATTI ARIZASI,05/08/2023 22:35:01,06/08/2023 08:00:00,HACIMAŞLI,HACIMAŞLI MAH
84,ARNAVUTKÖY,BASINÇ DÜŞÜKLÜĞÜ,01/06/2023 10:37:14,01/06/2023 13:00:00,HACIMAŞLI MAHALLESİ,HACIMAŞLI MAH
85,ARNAVUTKÖY,100 MM ÇAPLI ŞEBEKE HATTI ARIZASI,14/07/2023 14:30:32,14/07/2023 18:00:00,HACIMAŞLI RÖLE MERKEZINDE,HACIMAŞLI MAH
86,ARNAVUTKÖY,BASINÇ DÜŞÜKLÜĞÜ,05/04/2023 11:43:34,05/04/2023 18:00:00,HACIMAŞLI TERFİ MERKEZİ,HACIMAŞLI MAH
87,ARNAVUTKÖY,200 MM ÇAPLI ŞEBEKE HATTI ARIZASI,04/03/2023 00:35:12,04/03/2023 14:30:00,HADIMKÖY,"HADIMKÖY MAH.,HASTANE MAH.,YASSIÖREN MAH"
88,ARNAVUTKÖY,200 MM ÇAPLI ŞEBEKE HATTI ARIZASI,04/03/2023 08:53:30,04/03/2023 16:30:00,HADIMKÖY,"HADIMKÖY MAH.,HASTANE MAH.,YASSIÖREN MAH"
89,ARNAVUTKÖY,100 MM ÇAPLI ŞEBEKE HATTI ARIZASI,01/07/2023 10:43:44,01/07/2023 15:00:00,HADIMKÖY,ÖMERLİ MAH.
90,ARNAVUTKÖY,100 MM ÇAPLI ŞEBEKE HATTI ARIZASI,03/09/2023 10:22:07,03/09/2023 15:00:00,HADIMKÖY  MEVLANA CADDESİ,HADIMKÖY MAH.
91,ARNAVUTKÖY,ŞEBEKE HATTI VANA MONTAJI/DEĞİŞİMİ,29/05/2023 11:52:38,29/05/2023 16:00:00,HADIMKÖY CD GENCO FABRIKASI ÖNÜ,YASSIÖREN MAH
92,ARNAVUTKÖY,100 MM ÇAPLI ŞEBEKE HATTI ARIZASI,02/02/2024 09:49:24,02/02/2024 15:00:00,HADIMKÖY GURUR SOKAK  İÇİ,HADIMKÖY MAH.
93,ARNAVUTKÖY,100 MM ÇAPLI ŞEBEKE HATTI ARIZASI,13/06/2023 12:47:37,13/06/2023 14:00:00,HADIMKÖY MAH HARACCI HADIMKÖY CADDESİ,HADIMKÖY MAH.
94,ARNAVUTKÖY,200 MM ÇAPLI ŞEBEKE HATTI ARIZASI,24/03/2023 11:53:43,24/03/2023 18:00:00,HADIMKÖY MAH. DR. MİTHAT MARTI CD MALİK CD KESİŞİMİ,"HADIMKÖY MAH.,ÖMERLİ MAH."
95,ARNAVUTKÖY,100 MM ÇAPLI ŞEBEKE HATTI ARIZASI,26/12/2023 13:35:50,26/12/2023 19:00:00,HADIMKÖY MAH. METİN OKTAY CD DE,"DELİKLİKAYA MAH.,HADIMKÖY MAH.,ÖMERLİ MAH."
96,ARNAVUTKÖY,ŞEBEKE HATTI YENİLEMESİ,14/04/2023 08:57:42,14/04/2023 15:00:00,HADIMKÖY MAHALLESİ HADIMKÖY PARKI SOKAK,HADIMKÖY MAH.
97,ARNAVUTKÖY,100 MM ÇAPLI ŞEBEKE HATTI ARIZASI,15/03/2023 10:10:03,15/03/2023 13:30:00,HADIMKÖY MAHALLESİ MEVLANA CADDESİ,HADIMKÖY MAH.
98,ARNAVUTKÖY,100 MM ÇAPLI ŞEBEKE HATTI ARIZASI,11/01/2024 15:36:14,11/01/2024 19:00:00,HADIMKÖY MAHALLESİ ZÜLKÜF SK,HADIMKÖY MAH.
99,ARNAVUTKÖY,200 MM ÇAPLI ŞEBEKE HATTI ARIZASI,09/01/2024 11:02:20,09/01/2024 15:00:00,HADIMKÖY MAHALLESİ ZÜLKÜF SK İLE GURUR SK KESİŞİMİ,HADIMKÖY MAH.
100,ARNAVUTKÖY,100 MM ÇAPLI ŞEBEKE HATTI ARIZASI,03/09/2023 16:34:38,03/09/2023 20:00:00,HADIMKÖY MEVLANA CASSESİ,HADIMKÖY MAH.
101,ARNAVUTKÖY,150 MM ÇAPLI ŞEBEKE HATTI ARIZASI,11/11/2023 21:42:37,12/11/2023 14:00:00,HADIMKÖY MH FATİH SULTAN MEHMET CD,HADIMKÖY MAH.
102,ARNAVUTKÖY,150 MM ÇAPLI ŞEBEKE HATTI ARIZASI,11/11/2023 16:21:50,11/11/2023 19:00:00,HADIMKÖY MH. FATİH SULTAN MEHMET CD,HADIMKÖY MAH.
103,ARNAVUTKÖY,100 MM ÇAPLI ŞEBEKE HATTI ARIZASI,08/04/2023 12:24:11,08/04/2023 17:00:00,HADIMKÖY RUKİYE SOKAK,"DURSUNKÖY MAH.,HADIMKÖY MAH."
104,ARNAVUTKÖY,100 MM ÇAPLI ŞEBEKE HATTI ARIZASI,18/06/2023 12:10:25,18/06/2023 15:10:00,HARACCI MAHALLESİ KANDRA  SOKAK,"HARAÇÇI MAH.,SAZLIBOSNA MAH."
105,ARNAVUTKÖY,100 MM ÇAPLI ŞEBEKE HATTI ARIZASI,26/04/2023 18:44:46,26/04/2023 22:00:00,HARAÇÇI HARAÇÇI-HADIMKÖY YOLU CADDE,"HACIMAŞLI MAH,HARAÇÇI MAH.,KARLIBAYIR MAH."
106,ARNAVUTKÖY,200 MM ÇAPLI ŞEBEKE HATTI ARIZASI,25/09/2023 11:03:28,25/09/2023 17:00:00,HARAÇÇI MAH. KATİP ÇELEBİ CD,"HARAÇÇI MAH.,MEHMET AKİF ERSOY MAH.,TAŞOLUK MAH."
107,ARNAVUTKÖY,100 MM ÇAPLI ŞEBEKE HATTI ARIZASI,15/04/2023 14:57:31,15/04/2023 18:00:00,HARAÇÇI MAH. YAVUZTÜRK SK,"HACIMAŞLI MAH,HARAÇÇI MAH.,KARLIBAYIR MAH."
108,ARNAVUTKÖY,100 MM ÇAPLI ŞEBEKE HATTI ARIZASI,10/10/2023 13:08:46,10/10/2023 16:00:00,HARAÇÇI-HADIMKÖY YOLU CD,HASTANE MAH.
109,ARNAVUTKÖY,100 MM ÇAPLI ŞEBEKE HATTI ARIZASI,12/10/2023 10:09:36,12/10/2023 13:00:00,HARMANTEPE CD ÜZERİ,ÖMERLİ MAH.
110,ARNAVUTKÖY,200 MM ÇAPLI ŞEBEKE HATTI ARIZASI,22/09/2023 13:56:11,22/09/2023 16:00:00,HASTANE MAHALLESİ SÖĞÜTÖZÜ SOKAK,HASTANE MAH.
111,ARNAVUTKÖY,100 MM ÇAPLI ŞEBEKE HATTI ARIZASI,06/06/2023 15:32:13,06/06/2023 17:00:00,HASTANE MH BURÇ SK,HASTANE MAH.
112,ARNAVUTKÖY,100 MM ÇAPLI ŞEBEKE HATTI ARIZASI,16/09/2023 17:07:11,16/09/2023 20:00:00,HASTANE MH HARAÇÇI HADIMKÖY YOLU CD,HASTANE MAH.
113,ARNAVUTKÖY,100 MM ÇAPLI ŞEBEKE HATTI ARIZASI,25/07/2023 09:37:20,25/07/2023 12:00:00,HASTANE MH KORULUK SK,HASTANE MAH.
114,ARNAVUTKÖY,ŞEBEKE HATTI VANA ARIZASI,28/02/2023 09:52:59,28/02/2023 15:00:00,HASTANE MH. AYANOĞLU SK BALKANLAR SK KESİŞİMİ,HASTANE MAH.
115,ARNAVUTKÖY,ŞEBEKE HATTI VANA MONTAJI/DEĞİŞİMİ,05/05/2023 14:10:44,05/05/2023 17:00:00,HURMA SK TA PRİZ ARIZASI ÇALIŞMASI,TAYAKADIN MAH
116,ARNAVUTKÖY,ŞEBEKE HATTI YENİLEMESİ,03/05/2023 08:46:49,03/05/2023 16:00:00,ILGAZ SK TA ŞEBEKE HATTI İMALAT ÇALIŞMASI,ÖMERLİ MAH.
117,ARNAVUTKÖY,100 MM ÇAPLI ŞEBEKE HATTI ARIZASI,02/10/2023 08:20:21,02/10/2023 12:00:00,KAKTÜS SOKAK,ATATÜRK MAH.
118,ARNAVUTKÖY,ŞEBEKE HATTI BRANŞMAN BAĞLANTISI,13/04/2023 11:17:08,13/04/2023 14:00:00,KAPTANPAŞA SK TA 150 BKV KİR TUTUCU HAT ÇALIŞMASI,MUSTAFA KEMAL PAŞA MAH.
119,ARNAVUTKÖY,100 MM ÇAPLI ŞEBEKE HATTI ARIZASI,14/01/2024 13:32:22,14/01/2024 16:00:00,KARABURUN MAHALLESİ DİLEK SOKAK NO 7,KARABURUN MAH
120,ARNAVUTKÖY,ŞEBEKE HATTI DEPLASE ÇALIŞMASI,14/02/2024 10:21:23,14/02/2024 15:00:00,KARABURUN MAHALLESİ SALTUK SOKAK,KARABURUN MAH
121,ARNAVUTKÖY,100 MM ÇAPLI ŞEBEKE HATTI ARIZASI,07/11/2023 09:43:54,07/11/2023 13:00:00,KARABURUN MAHALLESİ TERKOSKARABURN CADDESI,KARABURUN MAH
122,ARNAVUTKÖY,150 MM ÇAPLI ŞEBEKE HATTI ARIZASI,31/08/2023 10:22:33,31/08/2023 15:00:00,KARABURUN SAHİL CADDE,KARABURUN MAH
123,ARNAVUTKÖY,100 MM ÇAPLI ŞEBEKE HATTI ARIZASI,02/02/2024 09:55:45,02/02/2024 11:49:00,KARLIBAYIR GEDİK SOKAK İÇİ,"HARAÇÇI MAH.,KARLIBAYIR MAH."
124,ARNAVUTKÖY,100 MM ÇAPLI ŞEBEKE HATTI ARIZASI,03/12/2023 11:00:34,03/12/2023 18:00:00,KARLIBAYIR MAH  BAYRAK CADDESİ 108,"HARAÇÇI MAH.,KARLIBAYIR MAH."
125,ARNAVUTKÖY,100 MM ÇAPLI ŞEBEKE HATTI ARIZASI,25/10/2023 10:15:45,25/10/2023 15:00:00,KARLIBAYIR MAH  TANPINAR SOKAK,KARLIBAYIR MAH.
126,ARNAVUTKÖY,ŞEBEKE HATTI VANA ARIZASI,06/03/2023 09:44:33,06/03/2023 16:00:00,KARLIBAYIR MAH. BAYRAK CD,"ARNAVUTKÖY MERKEZ MAH.,HACIMAŞLI MAH,HARAÇÇI MAH.,KARLIBAYIR MAH.,MUSTAFA KEMAL PAŞA MAH.,SAZLIBOSNA MAH."
127,ARNAVUTKÖY,150 MM ÇAPLI ŞEBEKE HATTI ARIZASI,23/09/2023 16:16:08,23/09/2023 19:00:00,KARLIBAYRAK BAYRAK CD,"HARAÇÇI MAH.,KARLIBAYIR MAH."
128,ARNAVUTKÖY,ENERJİ KESİNTİSİ,10/12/2023 13:30:40,10/12/2023 16:00:00,KAĞITHANE,"ANADOLU MAH.,ARNAVUTKÖY MERKEZ MAH.,BOĞAZKÖY İSTİKLAL MAH."
129,ARNAVUTKÖY,ANA İSALE HATTI YENİLEMESİ,12/07/2023 22:06:14,13/07/2023 07:00:00,KÜÇÜKKÖY TERFİ MERKEZİ,"ANADOLU MAH.,ARNAVUTKÖY MERKEZ MAH.,BOĞAZKÖY İSTİKLAL MAH.,YUNUS EMRE MAH."
130,ARNAVUTKÖY,100 MM ÇAPLI ŞEBEKE HATTI ARIZASI,29/10/2023 12:46:50,29/10/2023 16:00:00,M.F .ÇAKMAK MAH KOZA SOKAK NO 7,MAREŞAL FEVZİ ÇAKMAK MAH
131,ARNAVUTKÖY,100 MM ÇAPLI ŞEBEKE HATTI ARIZASI,12/09/2023 11:12:18,12/09/2023 15:00:00,M.F .ÇAKMAK MENDERS SOKAK NO:7,MAREŞAL FEVZİ ÇAKMAK MAH
132,ARNAVUTKÖY,100 MM ÇAPLI ŞEBEKE HATTI ARIZASI,31/10/2023 08:12:18,31/10/2023 13:00:00,M.FEVZİ.ÇAKMAK  MAHALLESI BATIKENT SOKAK,"MAREŞAL FEVZİ ÇAKMAK MAH,YAVUZ SELİM MAH."
133,ARNAVUTKÖY,100 MM ÇAPLI ŞEBEKE HATTI ARIZASI,17/12/2023 13:48:43,17/12/2023 17:00:00,M.FEVZİ.ÇAKMAK  MAHALLESI KOZA SOKAK,MAREŞAL FEVZİ ÇAKMAK MAH
134,ARNAVUTKÖY,100 MM ÇAPLI ŞEBEKE HATTI ARIZASI,24/10/2023 11:22:02,24/10/2023 19:00:00,M.FEVZİ.ÇAKMAK  MAHALLESI KOZOASOKAK,MAREŞAL FEVZİ ÇAKMAK MAH
135,ARNAVUTKÖY,ENERJİ KESİNTİSİ,06/08/2023 05:48:00,06/08/2023 12:00:00,MALKOCOGLU TERFI,"ANADOLU MAH.,ARNAVUTKÖY MERKEZ MAH.,BOĞAZKÖY İSTİKLAL MAH."
136,ARNAVUTKÖY,ENERJİ KESİNTİSİ,06/09/2023 01:17:35,06/09/2023 04:00:00,MALKOCOGLU TERFI,"ANADOLU MAH.,ARNAVUTKÖY MERKEZ MAH.,BOĞAZKÖY İSTİKLAL MAH."
137,ARNAVUTKÖY,ANA İSALE HATTINA DEBİMETRE MONTAJI / DEĞİŞİMİ,03/08/2023 19:46:39,04/08/2023 06:00:00,MALKOÇOĞLU TERFİ ÇIKIŞI 900 MM İSALE HATTI,"ANADOLU MAH.,BOĞAZKÖY İSTİKLAL MAH.,YUNUS EMRE MAH."
138,ARNAVUTKÖY,600 MM ÇAPLI  ANA İSALE HATTI ARIZASI,06/03/2023 16:48:19,06/03/2023 19:00:00,MALKOÇOĞLU-ARNAVUTKÖY,"ANADOLU MAH.,BOĞAZKÖY İSTİKLAL MAH.,YUNUS EMRE MAH.,İSLAMBEY MAH."
139,ARNAVUTKÖY,BASINÇ DÜŞÜKLÜĞÜ,24/08/2023 13:11:38,24/08/2023 17:30:00,MAREŞAL FEVZİ CAKMAK MAH.,"MAREŞAL FEVZİ ÇAKMAK MAH,NENEHATUN MAH.,YAVUZ SELİM MAH.,İSLAMBEY MAH."
140,ARNAVUTKÖY,100 MM ÇAPLI ŞEBEKE HATTI ARIZASI,28/10/2023 11:08:15,28/10/2023 16:00:00,MAREŞAL FEVZİ CAKMAK MAH. KURU ÇAYIR,MAREŞAL FEVZİ ÇAKMAK MAH
141,ARNAVUTKÖY,100 MM ÇAPLI ŞEBEKE HATTI ARIZASI,30/10/2023 14:45:17,30/10/2023 18:00:00,MAREŞAL FEVZİ ÇAKMAK MAH BATIKENT SK,"MAREŞAL FEVZİ ÇAKMAK MAH,YAVUZ SELİM MAH."
142,ARNAVUTKÖY,ŞEBEKE HATTI BRANŞMAN BAĞLANTISI,31/05/2023 11:57:23,31/05/2023 17:00:00,MAREŞAL FEVZİ ÇAKMAK MH. KIRKAĞAÇ SK,MAREŞAL FEVZİ ÇAKMAK MAH
143,ARNAVUTKÖY,100 MM ÇAPLI ŞEBEKE HATTI ARIZASI,07/10/2023 12:09:12,07/10/2023 15:00:00,MAVİGÖL HİCAZKAR SOKAK,MAVİGÖL MAH.
144,ARNAVUTKÖY,100 MM ÇAPLI ŞEBEKE HATTI ARIZASI,28/08/2023 12:59:00,28/08/2023 17:00:00,MAVİGÖL MAH,MAVİGÖL MAH.
145,ARNAVUTKÖY,ŞEBEKE HATTI DEPLASE ÇALIŞMASI,22/05/2023 16:31:17,22/05/2023 19:30:00,MAVİGÖL MAH DÖRTYOL SOKAK,MAVİGÖL MAH.
146,ARNAVUTKÖY,100 MM ÇAPLI ŞEBEKE HATTI ARIZASI,14/08/2023 10:16:30,14/08/2023 15:00:00,MAVİGÖL MAH KOCAYUSUF  CADDESİ,"BOLLUCA MAH.,MAVİGÖL MAH."
147,ARNAVUTKÖY,100 MM ÇAPLI ŞEBEKE HATTI ARIZASI,11/08/2023 08:22:23,11/08/2023 14:01:00,MAVİGÖL MAH KOCAYUSUF  NEO GÖL PARK EVLERİ,MAVİGÖL MAH.
148,ARNAVUTKÖY,100 MM ÇAPLI ŞEBEKE HATTI ARIZASI,30/08/2023 09:43:49,30/08/2023 17:00:00,MAVİGÖL MAH KOCAYUSUF  NEO GÖL PARK EVLERİ,BOLLUCA MAH.
149,ARNAVUTKÖY,ŞEBEKE HATTI BRANŞMAN BAĞLANTISI,07/06/2023 08:56:31,07/06/2023 15:00:00,MAVİGÖL MAH SELİMPAŞA SOKAK,"BOLLUCA MAH.,MAVİGÖL MAH."
150,ARNAVUTKÖY,100 MM ÇAPLI ŞEBEKE HATTI ARIZASI,29/08/2023 18:23:21,29/08/2023 22:00:00,MAVİGÖL MH KOCA YUSUF CD,MAVİGÖL MAH.
151,ARNAVUTKÖY,200 MM ÇAPLI ŞEBEKE HATTI ARIZASI,27/03/2023 08:57:08,27/03/2023 17:30:00,MEHMET AKİF ERSOY MAH BAGLARBAŞI CADDESİ,"HARAÇÇI MAH.,MEHMET AKİF ERSOY MAH.,ÇİLİNGİR MAH."
152,ARNAVUTKÖY,200 MM ÇAPLI ŞEBEKE HATTI ARIZASI,03/04/2023 10:45:01,03/04/2023 16:00:00,MEHMET AKİF ERSOY MAH. GÜLERSOY SK,"HARAÇÇI MAH.,MEHMET AKİF ERSOY MAH.,TAŞOLUK MAH."
153,ARNAVUTKÖY,100 MM ÇAPLI ŞEBEKE HATTI ARIZASI,07/03/2023 13:55:58,07/03/2023 18:00:00,MEHMET AKİF ERSOY MAHALLESİ MERMER SOKAK,"MAREŞAL FEVZİ ÇAKMAK MAH,MEHMET AKİF ERSOY MAH."
154,ARNAVUTKÖY,250 MM ÇAPLI ŞEBEKE HATTI ARIZASI,03/08/2023 14:31:48,03/08/2023 18:00:00,MEŞE TARLA CADDESI BELKIS SOKAK KESIŞIMI,"ADNAN MENDERES MAH.,FATİH MAH."
155,ARNAVUTKÖY,100 MM ÇAPLI ŞEBEKE HATTI ARIZASI,03/11/2023 10:37:23,03/11/2023 14:00:00,MUSTAFA KEMAL PAŞA EROĞUZ SK,"KARLIBAYIR MAH.,MUSTAFA KEMAL PAŞA MAH."
156,ARNAVUTKÖY,ŞEBEKE HATTI VANA ARIZASI,03/12/2023 14:30:18,03/12/2023 19:00:00,MUSTAFA KEMAL PAŞA MAH,MUSTAFA KEMAL PAŞA MAH.
157,ARNAVUTKÖY,100 MM ÇAPLI ŞEBEKE HATTI ARIZASI,01/03/2023 09:37:03,01/03/2023 18:00:00,MUSTAFA KEMAL PAŞA MAH ÇIRA SOKAK,MUSTAFA KEMAL PAŞA MAH.
158,ARNAVUTKÖY,100 MM ÇAPLI ŞEBEKE HATTI ARIZASI,23/11/2023 09:37:25,23/11/2023 14:00:00,MUSTAFA KEMAL PAŞA MAH ÖZDİNÇER SOKAK,MUSTAFA KEMAL PAŞA MAH.
159,ARNAVUTKÖY,100 MM ÇAPLI ŞEBEKE HATTI ARIZASI,25/12/2023 12:17:20,25/12/2023 17:00:00,MUSTAFA KEMAL PAŞA MAH. 10. YIL CD,"KARLIBAYIR MAH.,MUSTAFA KEMAL PAŞA MAH.,TAŞOLUK MAH."
160,ARNAVUTKÖY,100 MM ÇAPLI ŞEBEKE HATTI ARIZASI,19/02/2024 08:43:13,19/02/2024 15:00:00,MUSTAFA KEMAL PAŞA MAH. HAMİDİYE SK,"MUSTAFA KEMAL PAŞA MAH.,TAŞOLUK MAH."
161,ARNAVUTKÖY,100 MM ÇAPLI ŞEBEKE HATTI ARIZASI,14/08/2023 18:44:42,14/08/2023 22:00:00,MUSTAFA KEMAL PAŞA MAHALLESİ ALPAYDIN SOKAK,MUSTAFA KEMAL PAŞA MAH.
162,ARNAVUTKÖY,100 MM ÇAPLI ŞEBEKE HATTI ARIZASI,22/09/2023 18:34:59,22/09/2023 22:00:00,MUSTAFA KEMAL PAŞA MAHALLESİ CEMİYET SK İLE ALPAYDIN SK KESİŞİMİNDE,"KARLIBAYIR MAH.,MUSTAFA KEMAL PAŞA MAH.,TAŞOLUK MAH."
163,ARNAVUTKÖY,ŞEBEKE HATTI DEPLASE ÇALIŞMASI,04/03/2023 11:11:04,04/03/2023 18:30:00,MUSTAFA KEMAL PAŞA MH ALPAYDIN SK,MUSTAFA KEMAL PAŞA MAH.
164,ARNAVUTKÖY,ŞEBEKE HATTI YENİLEMESİ,03/06/2023 13:27:23,03/06/2023 17:30:00,MUSTAFA KEMAL PAŞA MH MEKKE CD,MUSTAFA KEMAL PAŞA MAH.
165,ARNAVUTKÖY,100 MM ÇAPLI ŞEBEKE HATTI ARIZASI,03/11/2023 17:00:14,03/11/2023 20:30:00,MUSTAFA KEMAL PAŞA MH SARIKUM SK,"ARNAVUTKÖY MERKEZ MAH.,KARLIBAYIR MAH.,MUSTAFA KEMAL PAŞA MAH."
166,ARNAVUTKÖY,100 MM ÇAPLI ŞEBEKE HATTI ARIZASI,15/08/2023 14:39:25,15/08/2023 20:00:00,MUSTAFA KEMALPAŞA MAH APAYDN SOKAK,MUSTAFA KEMAL PAŞA MAH.
167,ARNAVUTKÖY,ŞEBEKE HATTI VANA ARIZASI,24/12/2023 08:33:17,24/12/2023 11:00:00,MUSTAFAKEMALPAŞA MAH ÖZLEM SOKAK NO-43,MUSTAFA KEMAL PAŞA MAH.
168,ARNAVUTKÖY,100 MM ÇAPLI ŞEBEKE HATTI ARIZASI,07/11/2023 10:29:51,07/11/2023 14:00:00,MUSTASFA KEMAŞ PAŞA MH. UZMANLAR CD,MUSTAFA KEMAL PAŞA MAH.
169,ARNAVUTKÖY,100 MM ÇAPLI ŞEBEKE HATTI ARIZASI,07/03/2023 15:07:12,07/03/2023 18:00:00,NEHMET  AKİF ERSOY MAH MERMER SOKAK,"MAREŞAL FEVZİ ÇAKMAK MAH,MEHMET AKİF ERSOY MAH."
170,ARNAVUTKÖY,100 MM ÇAPLI ŞEBEKE HATTI ARIZASI,02/08/2023 10:22:52,02/08/2023 14:30:00,NENE HATUN MAHALLESİ HASAN TAHSİN CADDE,"ANADOLU MAH.,ARNAVUTKÖY MERKEZ MAH.,MUSTAFA KEMAL PAŞA MAH.,NENEHATUN MAH.,İSLAMBEY MAH."
171,ARNAVUTKÖY,100 MM ÇAPLI ŞEBEKE HATTI ARIZASI,31/01/2024 13:17:04,31/01/2024 15:30:00,NENE HATUN MAHALLESİ MASUM SOKAK,NENEHATUN MAH.
172,ARNAVUTKÖY,100 MM ÇAPLI ŞEBEKE HATTI ARIZASI,01/08/2023 10:32:39,01/08/2023 15:00:00,NENEHATUIN MH,"ANADOLU MAH.,ARNAVUTKÖY MERKEZ MAH.,MUSTAFA KEMAL PAŞA MAH.,NENEHATUN MAH.,YAVUZ SELİM MAH.,İSLAMBEY MAH."
173,ARNAVUTKÖY,BASINÇ DÜŞÜKLÜĞÜ,14/12/2023 12:33:24,14/12/2023 16:00:00,NENEHATUN HASAN  TAHSİN CADDESİ NO 34,"ANADOLU MAH.,ARNAVUTKÖY MERKEZ MAH.,MUSTAFA KEMAL PAŞA MAH.,NENEHATUN MAH.,İSLAMBEY MAH."
174,ARNAVUTKÖY,BASINÇ DÜŞÜKLÜĞÜ,13/09/2023 13:12:35,13/09/2023 17:00:00,NENEHATUN MAH  HASANTASİN CADDESİ İSKİ ŞUBE MÜDÜRLÜĞÜ,"ANADOLU MAH.,ARNAVUTKÖY MERKEZ MAH.,MUSTAFA KEMAL PAŞA MAH.,YAVUZ SELİM MAH.,İSLAMBEY MAH."
175,ARNAVUTKÖY,100 MM ÇAPLI ŞEBEKE HATTI ARIZASI,23/07/2023 11:44:49,23/07/2023 16:00:00,NENEHATUN MAH AZİME SOKAK,"NENEHATUN MAH.,İSLAMBEY MAH."
176,ARNAVUTKÖY,150 MM ÇAPLI ŞEBEKE HATTI ARIZASI,07/03/2023 11:04:26,07/03/2023 13:00:00,NENEHATUN MAH GAZEL SOKAK,NENEHATUN MAH.
177,ARNAVUTKÖY,100 MM ÇAPLI ŞEBEKE HATTI ARIZASI,10/05/2023 09:09:38,10/05/2023 12:30:00,NENEHATUN MAHALLESİ ERSEN SOKAK,NENEHATUN MAH.
178,ARNAVUTKÖY,100 MM ÇAPLI ŞEBEKE HATTI ARIZASI,07/08/2023 11:14:08,07/08/2023 16:00:00,SAZLIBOSNA MAHALLESİ,SAZLIBOSNA MAH.
179,ARNAVUTKÖY,100 MM ÇAPLI ŞEBEKE HATTI ARIZASI,28/07/2023 16:02:09,28/07/2023 20:00:00,SAZLIBOSNA MH ÇİLİNGİR-SAZLIBOSNA CD,SAZLIBOSNA MAH.
180,ARNAVUTKÖY,100 MM ÇAPLI ŞEBEKE HATTI ARIZASI,20/12/2023 10:36:04,20/12/2023 15:00:00,SAZLİBOSNA MAHALLESİ YENİ SOKAK,SAZLIBOSNA MAH.
181,ARNAVUTKÖY,100 MM ÇAPLI ŞEBEKE HATTI ARIZASI,21/08/2023 15:01:23,21/08/2023 17:00:00,SAZLİBOSNA MAHALLESİ ÇİLİNGİR CADDESİ,SAZLIBOSNA MAH.
182,ARNAVUTKÖY,100 MM ÇAPLI ŞEBEKE HATTI ARIZASI,21/08/2023 16:31:43,21/08/2023 19:00:00,SAZLİBOSNA MAHALLESİ ÇİLİNGİR CADDESİ,SAZLIBOSNA MAH.
183,ARNAVUTKÖY,100 MM ÇAPLI ŞEBEKE HATTI ARIZASI,16/10/2023 10:28:29,16/10/2023 15:00:00,TAYAKADIN  MAHALLESİ BUĞRA SOKAK,"BAKLALI MAH,BALABAN MAH,BOYALIK MAH,TAYAKADIN MAH"
184,ARNAVUTKÖY,100 MM ÇAPLI ŞEBEKE HATTI ARIZASI,15/01/2024 12:02:43,15/01/2024 17:00:00,TAYAKADIN  MAHALLESİ YUNUS SOKAK NO:13,TAYAKADIN MAH
185,ARNAVUTKÖY,BASINÇ DÜŞÜKLÜĞÜ,12/04/2023 09:57:53,12/04/2023 14:00:00,TAYAKADIN MAH KÖY İÇİ CADDESİ,TAYAKADIN MAH
186,ARNAVUTKÖY,100 MM ÇAPLI ŞEBEKE HATTI ARIZASI,12/08/2023 00:24:42,12/08/2023 12:00:00,TAYAKADIN MAH KÖY İÇİ CADDESİ,"FATİH MAH.,TAYAKADIN MAH,ÇİLİNGİR MAH."
187,ARNAVUTKÖY,ŞEBEKE HATTI DEPLASE ÇALIŞMASI,04/05/2023 13:26:27,04/05/2023 18:00:00,TAYAKADIN MAH.BAKLALI-HACIMAŞLI CADDESİ,"FATİH MAH.,TAYAKADIN MAH,ÇİLİNGİR MAH."
188,ARNAVUTKÖY,100 MM ÇAPLI ŞEBEKE HATTI ARIZASI,13/01/2024 08:57:05,13/01/2024 16:00:00,TAYAKADIN MAHALLESİ TAYAKADIN-YASSIÖREN CD,TAYAKADIN MAH
189,ARNAVUTKÖY,100 MM ÇAPLI ŞEBEKE HATTI ARIZASI,22/12/2023 13:49:58,22/12/2023 17:00:00,TAYAKADIN MAHALLESİ TÜRKKÖŞE MEVKİ,TAYAKADIN MAH
190,ARNAVUTKÖY,100 MM ÇAPLI ŞEBEKE HATTI ARIZASI,04/01/2024 18:10:21,04/01/2024 21:00:00,TAYAKADIN MH AYDANUR SK,TAYAKADIN MAH
191,ARNAVUTKÖY,BASINÇ DÜŞÜKLÜĞÜ,05/07/2023 13:31:12,05/07/2023 18:00:00,TAŞOLUK,"ADNAN MENDERES MAH.,MAREŞAL FEVZİ ÇAKMAK MAH,MEHMET AKİF ERSOY MAH.,TAŞOLUK MAH."
192,ARNAVUTKÖY,BASINÇ DÜŞÜKLÜĞÜ,28/09/2023 16:27:59,28/09/2023 23:59:00,TAŞOLUK ARITMA ENERJİ KESİNTİSİNDEN DOLAYI SULAR YOKTUR,"ANADOLU MAH.,ARNAVUTKÖY MERKEZ MAH.,BOĞAZKÖY İSTİKLAL MAH.,FATİH MAH.,MAREŞAL FEVZİ ÇAKMAK MAH,MAVİGÖL MAH.,MEHMET AKİF ERSOY MAH.,MUSTAFA KEMAL PAŞA MAH.,NENEHATUN MAH.,TAŞOLUK MAH.,YUNUS EMRE MAH.,İSLAMBEY MAH."
193,ARNAVUTKÖY,BASINÇ DÜŞÜKLÜĞÜ,06/06/2023 10:26:05,06/06/2023 11:30:00,TAŞOLUK ARITMA VE TERFİ MERKEZİ,ARNAVUTKÖY MERKEZ MAH.
194,ARNAVUTKÖY,BASINÇ DÜŞÜKLÜĞÜ,08/10/2023 13:23:13,08/10/2023 18:00:00,TAŞOLUK ARITMA VE TERFİ MERKEZİ,"ANADOLU MAH.,ARNAVUTKÖY MERKEZ MAH.,NENEHATUN MAH."
195,ARNAVUTKÖY,ARIZA SEBEBİ İLE BASINÇ DÜŞÜKLÜĞÜ,11/09/2023 09:40:50,13/09/2023 08:00:00,TAŞOLUK ARNAVUTKÖY,"ANADOLU MAH.,BOLLUCA MAH.,HİCRET MAH.,MAVİGÖL MAH.,İMRAHOR MAH."
196,ARNAVUTKÖY,BASINÇ DÜŞÜKLÜĞÜ,12/04/2023 13:58:53,12/04/2023 16:00:00,TAŞOLUK MAHALLESİ KAZIM KARABEKİR CADDESİ,TAŞOLUK MAH.
197,ARNAVUTKÖY,100 MM ÇAPLI ŞEBEKE HATTI ARIZASI,28/11/2023 09:33:31,28/11/2023 12:00:00,TAŞOLUK MAHALLESİ KAZIM KARABEKİR CADDESİ,"KARLIBAYIR MAH.,MAREŞAL FEVZİ ÇAKMAK MAH,TAŞOLUK MAH."
198,ARNAVUTKÖY,BASINÇ DÜŞÜKLÜĞÜ,23/05/2023 15:57:53,23/05/2023 18:00:00,TAŞOLUK MH KAZIM KARABEKİR CD,TAŞOLUK MAH.
199,ARNAVUTKÖY,100 MM ÇAPLI ŞEBEKE HATTI ARIZASI,14/03/2023 11:40:55,14/03/2023 19:00:00,TAŞOLUK MH İSTANBUL CD,TAŞOLUK MAH.
200,ARNAVUTKÖY,100 MM ÇAPLI ŞEBEKE HATTI ARIZASI,05/08/2023 14:23:23,05/08/2023 18:00:00,TAŞOLUK MH. KEREM SK,"KARLIBAYIR MAH.,MAREŞAL FEVZİ ÇAKMAK MAH,MUSTAFA KEMAL PAŞA MAH.,TAŞOLUK MAH."
201,ARNAVUTKÖY,ARIZA SEBEBİ İLE BASINÇ DÜŞÜKLÜĞÜ,21/06/2023 10:42:29,21/06/2023 15:00:00,TAŞOLUK STT,"BOLLUCA MAH.,HACIMAŞLI MAH,MEHMET AKİF ERSOY MAH.,SAZLIBOSNA MAH.,TAŞOLUK MAH."
202,ARNAVUTKÖY,TERFİ  MERKEZİ ARIZASI,02/02/2024 15:15:41,02/02/2024 18:00:00,TAŞOLUK STT,"ADNAN MENDERES MAH.,ANADOLU MAH.,ARNAVUTKÖY MERKEZ MAH.,ARNAVUTKÖY MERKEZ MAH.,BOLLUCA MAH.,FATİH MAH.,HARAÇÇI MAH.,KARLIBAYIR MAH.,MAREŞAL FEVZİ ÇAKMAK MAH,MUSTAFA KEMAL PAŞA MAH.,NENEHATUN MAH.,TAŞOLUK MAH.,YAVUZ SELİM MAH.,YUNUS EMRE MAH.,İMRAHOR MAH.,İSLAMBEY MAH."
203,ARNAVUTKÖY,TERFİ  MERKEZİ ARIZASI,06/02/2024 23:50:58,07/02/2024 03:00:00,TAŞOLUK STT,"ADNAN MENDERES MAH.,ANADOLU MAH.,ARNAVUTKÖY MERKEZ MAH.,FATİH MAH.,KARLIBAYIR MAH.,NENEHATUN MAH.,TAŞOLUK MAH.,YAVUZ SELİM MAH.,ÇİLİNGİR MAH.,İSLAMBEY MAH."
204,ARNAVUTKÖY,TERFİ  MERKEZİ ARIZASI,03/10/2023 09:54:49,03/10/2023 20:00:00,TAŞOLUK TERFİ,"ADNAN MENDERES MAH.,ANADOLU MAH.,ARNAVUTKÖY MERKEZ MAH.,ATATÜRK MAH.,BAKLALI MAH,BALABAN MAH,BOLLUCA MAH.,BOYALIK MAH,DURUSU MAH,FATİH MAH.,HACIMAŞLI MAH,HARAÇÇI MAH.,HİCRET MAH.,KARABURUN MAH,KARLIBAYIR MAH.,MAREŞAL FEVZİ ÇAKMAK MAH,MAVİGÖL MAH.,MEHMET AKİF ERSOY MAH.,MUSTAFA KEMAL PAŞA MAH.,NENEHATUN MAH.,SAZLIBOSNA MAH.,TAYAKADIN MAH,TAŞOLUK MAH.,TERKOS MAH.,YAVUZ SELİM MAH.,YENİKÖY MAH,YUNUS EMRE MAH.,ÇİLİNGİR MAH.,İMRAHOR MAH.,İSLAMBEY MAH."
205,ARNAVUTKÖY,ANA İSALE HATTINA VANA MONTAJI / DEĞİŞİMİ,30/11/2023 09:46:17,30/11/2023 22:00:00,TAŞOLUK TERFİ,"ADNAN MENDERES MAH.,ANADOLU MAH.,ARNAVUTKÖY MERKEZ MAH.,ATATÜRK MAH.,BAKLALI MAH,BALABAN MAH,BOLLUCA MAH.,BOYALIK MAH,DURUSU MAH,FATİH MAH.,HACIMAŞLI MAH,HARAÇÇI MAH.,HİCRET MAH.,KARABURUN MAH,KARLIBAYIR MAH.,MAREŞAL FEVZİ ÇAKMAK MAH,MAVİGÖL MAH.,MEHMET AKİF ERSOY MAH.,MUSTAFA KEMAL PAŞA MAH.,NENEHATUN MAH.,SAZLIBOSNA MAH.,TAYAKADIN MAH,TAŞOLUK MAH.,TERKOS MAH.,YAVUZ SELİM MAH.,YENİKÖY MAH,YUNUS EMRE MAH.,ÇİLİNGİR MAH.,İMRAHOR MAH.,İSLAMBEY MAH."
206,ARNAVUTKÖY,TERFİ  MERKEZİ ARIZASI,12/12/2023 15:24:32,12/12/2023 20:00:00,TAŞOLUK TERFİ,"ANADOLU MAH.,ARNAVUTKÖY MERKEZ MAH.,ATATÜRK MAH.,BAKLALI MAH,BALABAN MAH,BOLLUCA MAH.,BOYALIK MAH,DURUSU MAH,HİCRET MAH.,KARABURUN MAH,MAREŞAL FEVZİ ÇAKMAK MAH,MAVİGÖL MAH.,MEHMET AKİF ERSOY MAH.,NENEHATUN MAH.,SAZLIBOSNA MAH.,TAYAKADIN MAH,TERKOS MAH.,YAVUZ SELİM MAH.,YENİKÖY MAH,YUNUS EMRE MAH.,ÇİLİNGİR MAH.,İMRAHOR MAH."
207,ARNAVUTKÖY,TERFİ  MERKEZİ ARIZASI,13/12/2023 11:19:05,13/12/2023 17:00:00,TAŞOLUK TERFİ,"ADNAN MENDERES MAH.,ANADOLU MAH.,ARNAVUTKÖY MERKEZ MAH.,ATATÜRK MAH.,BAKLALI MAH,BALABAN MAH,BOLLUCA MAH.,BOYALIK MAH,DURUSU MAH,FATİH MAH.,HACIMAŞLI MAH,HARAÇÇI MAH.,HİCRET MAH.,KARABURUN MAH,KARLIBAYIR MAH.,MAREŞAL FEVZİ ÇAKMAK MAH,MAVİGÖL MAH.,MEHMET AKİF ERSOY MAH.,NENEHATUN MAH.,SAZLIBOSNA MAH.,TAYAKADIN MAH,TAŞOLUK MAH.,TERKOS MAH.,YAVUZ SELİM MAH.,YENİKÖY MAH,YUNUS EMRE MAH.,ÇİLİNGİR MAH.,İMRAHOR MAH.,İSLAMBEY MAH."
208,ARNAVUTKÖY,ARIZA SEBEBİ İLE BASINÇ DÜŞÜKLÜĞÜ,13/12/2023 21:45:51,13/12/2023 23:00:00,TAŞOLUK TERFİ,"ANADOLU MAH.,BOĞAZKÖY İSTİKLAL MAH.,YUNUS EMRE MAH."
209,ARNAVUTKÖY,100 MM ÇAPLI ŞEBEKE HATTI ARIZASI,08/11/2023 17:15:49,08/11/2023 21:00:00,TAŞOLUK TERFİ MERKEZİ,"ADNAN MENDERES MAH.,ANADOLU MAH.,ARNAVUTKÖY MERKEZ MAH.,ATATÜRK MAH.,BAKLALI MAH,BALABAN MAH,BOLLUCA MAH.,BOYALIK MAH,BOĞAZKÖY İSTİKLAL MAH.,FATİH MAH.,HARAÇÇI MAH.,HİCRET MAH.,KARABURUN MAH,KARLIBAYIR MAH.,MAREŞAL FEVZİ ÇAKMAK MAH,MAVİGÖL MAH.,MEHMET AKİF ERSOY MAH.,MUSTAFA KEMAL PAŞA MAH.,NENEHATUN MAH.,TAYAKADIN MAH,TERKOS MAH.,YAVUZ SELİM MAH.,YENİKÖY MAH,YUNUS EMRE MAH.,ÇİLİNGİR MAH.,İSLAMBEY MAH."
210,ARNAVUTKÖY,BASINÇ DÜŞÜKLÜĞÜ,25/11/2023 11:22:02,25/11/2023 14:00:00,TAŞOLUK TERFİ MERKEZİNDE POMPA ARIZASINDAN DOLAYI,"ANADOLU MAH.,ARNAVUTKÖY MERKEZ MAH."
211,ARNAVUTKÖY,500 MM ÇAPLI ANA İSALE HATTI ARIZASI,06/03/2023 17:42:14,07/03/2023 03:00:00,TAŞOLUK-ARNAVUTKÖY,"ADNAN MENDERES MAH.,ANADOLU MAH.,ARNAVUTKÖY MERKEZ MAH.,BOĞAZKÖY İSTİKLAL MAH.,FATİH MAH.,MAREŞAL FEVZİ ÇAKMAK MAH,MEHMET AKİF ERSOY MAH.,MUSTAFA KEMAL PAŞA MAH.,MUSTAFA KEMAL PAŞA MAH.,NENEHATUN MAH.,TAŞOLUK MAH.,YAVUZ SELİM MAH.,İSLAMBEY MAH."
212,ARNAVUTKÖY,ARIZA SEBEBİ İLE BASINÇ DÜŞÜKLÜĞÜ,20/06/2023 19:28:44,20/06/2023 21:00:00,TERKOS,"ANADOLU MAH.,BOLLUCA MAH.,HADIMKÖY MAH.,HARAÇÇI MAH."
213,ARNAVUTKÖY,ARITMA TESİSİ ARIZASI,01/04/2023 09:25:49,01/04/2023 11:30:00,TERKOS KARABURUN,"KARABURUN MAH,YENİKÖY MAH"
214,ARNAVUTKÖY,BASINÇ DÜŞÜKLÜĞÜ,06/04/2023 12:47:34,06/04/2023 16:00:00,TERKOS MAH DEMOKRASI CADDESİ,"DURUSU MAH,TERKOS MAH.,YENİKÖY MAH"
215,ARNAVUTKÖY,100 MM ÇAPLI ŞEBEKE HATTI ARIZASI,21/03/2023 14:32:54,21/03/2023 17:00:00,TERKOS MAH DURUSU-YENİKÖY CADDESİ,"DURUSU MAH,TERKOS MAH."
216,ARNAVUTKÖY,100 MM ÇAPLI ŞEBEKE HATTI ARIZASI,01/06/2023 09:50:25,01/06/2023 13:00:00,TERKOS MAHALLESI MUHSIN ÇAVUŞ SOKAK,"TERKOS MAH.,YENİKÖY MAH"
217,ARNAVUTKÖY,ARIZA SEBEBİ İLE BASINÇ DÜŞÜKLÜĞÜ,20/06/2023 06:31:32,20/06/2023 18:00:00,TERKOS-İKİTELLİ İSALE HATTI,"ADNAN MENDERES MAH.,ANADOLU MAH.,ARNAVUTKÖY MERKEZ MAH.,ATATÜRK MAH.,BAKLALI MAH,BALABAN MAH,BOLLUCA MAH.,BOYALIK MAH,DELİKLİKAYA MAH.,DELİKLİKAYA MAH.,DURSUNKÖY MAH.,DURSUNKÖY MAH.,DURUSU MAH,FATİH MAH.,HACIMAŞLI MAH,HADIMKÖY MAH.,HADIMKÖY MAH.,HARAÇÇI MAH.,HASTANE MAH.,HASTANE MAH.,HİCRET MAH.,KARABURUN MAH,KARLIBAYIR MAH.,MAREŞAL FEVZİ ÇAKMAK MAH,MAVİGÖL MAH.,MEHMET AKİF ERSOY MAH.,MUSTAFA KEMAL PAŞA MAH.,NENEHATUN MAH.,SAZLIBOSNA MAH.,TAYAKADIN MAH,TAŞOLUK MAH.,TERKOS MAH.,YASSIÖREN MAH,YASSIÖREN MAH,YAVUZ SELİM MAH.,YENİKÖY MAH,YEŞİLBAYIR MAH.,YEŞİLBAYIR MAH.,YUNUS EMRE MAH.,ÇİLİNGİR MAH.,ÖMERLİ MAH.,ÖMERLİ MAH.,İMRAHOR MAH.,İSLAMBEY MAH."
218,ARNAVUTKÖY,100 MM ÇAPLI ŞEBEKE HATTI ARIZASI,22/11/2023 15:18:53,22/11/2023 18:00:00,TÜRKSOY CD ÜZERİ,ATATÜRK MAH.
219,ARNAVUTKÖY,100 MM ÇAPLI ŞEBEKE HATTI ARIZASI,27/01/2024 09:39:21,27/01/2024 11:00:00,YAHYA SK.VE KIVANÇ SK. TA OLUŞAN ARIZA,"BOĞAZKÖY İSTİKLAL MAH.,YUNUS EMRE MAH."
220,ARNAVUTKÖY,100 MM ÇAPLI ŞEBEKE HATTI ARIZASI,05/02/2024 14:11:41,05/02/2024 17:00:00,YASSIÖREN MAHALLESİ,YASSIÖREN MAH
221,ARNAVUTKÖY,ŞEBEKE HATTI DEPLASE ÇALIŞMASI,21/10/2023 08:54:20,21/10/2023 13:30:00,YASSIÖREN MAHALLESİ DİCLE SOKAK,YASSIÖREN MAH
222,ARNAVUTKÖY,100 MM ÇAPLI ŞEBEKE HATTI ARIZASI,31/10/2023 13:51:39,31/10/2023 17:00:00,YASSIÖREN MAHALLESİ ESKİ EDİRNE ASFALTI CADDESİ,YASSIÖREN MAH
223,ARNAVUTKÖY,100 MM ÇAPLI ŞEBEKE HATTI ARIZASI,08/09/2023 17:25:04,08/09/2023 19:30:00,YASSIÖREN MAHALLESİ ESKİ EDİRNE CADDESİ,YASSIÖREN MAH
224,ARNAVUTKÖY,100 MM ÇAPLI ŞEBEKE HATTI ARIZASI,06/12/2023 09:35:07,06/12/2023 14:00:00,YASSIÖREN MAHALLESİ HADIMKÖY CADDESİ,"HADIMKÖY MAH.,YASSIÖREN MAH"
225,ARNAVUTKÖY,100 MM ÇAPLI ŞEBEKE HATTI ARIZASI,17/10/2023 15:54:41,17/10/2023 19:00:00,YASSIÖREN MH ESKİ EDİRNE CD,YASSIÖREN MAH
226,ARNAVUTKÖY,ŞEBEKE HATTI BRANŞMAN BAĞLANTISI,29/07/2023 09:55:12,29/07/2023 18:00:00,YAVUZ SELIM MAH.FATIH KIBRIS CAD.ARASI,"NENEHATUN MAH.,YAVUZ SELİM MAH.,İSLAMBEY MAH."
227,ARNAVUTKÖY,ŞEBEKE HATTI BRANŞMAN BAĞLANTISI,22/07/2023 09:35:41,22/07/2023 17:00:00,YAVUZ SELIM MAHALLESI ZİYA ÜLHAK CADDESİ,YAVUZ SELİM MAH.
228,ARNAVUTKÖY,100 MM ÇAPLI ŞEBEKE HATTI ARIZASI,19/10/2023 09:01:58,19/10/2023 14:00:00,YAVUZ SELİM MAH. GÖLCEK SOKAK,"MAREŞAL FEVZİ ÇAKMAK MAH,YAVUZ SELİM MAH."
229,ARNAVUTKÖY,ŞEBEKE HATTI VANA MONTAJI/DEĞİŞİMİ,19/02/2024 09:38:38,19/02/2024 14:00:00,YAVUZ SELİM MAH. YAYLA CD VE NENEHATUN MAH. GÜLSULTAN HİDRANT İMALATI ÇALIŞMASI,"MAREŞAL FEVZİ ÇAKMAK MAH,NENEHATUN MAH.,YAVUZ SELİM MAH."
230,ARNAVUTKÖY,100 MM ÇAPLI ŞEBEKE HATTI ARIZASI,16/10/2023 12:41:50,16/10/2023 14:00:00,YAVUZ SELİM MAH.AYŞEGÜL SOKAK,YAVUZ SELİM MAH.
231,ARNAVUTKÖY,ŞEBEKE HATTI DEPLASE ÇALIŞMASI,10/11/2023 09:04:22,10/11/2023 12:00:00,YAVUZ SELİM MAHALLESİ SEVBAN MEHMET CADDESİ,YAVUZ SELİM MAH.
232,ARNAVUTKÖY,ŞEBEKE HATTI DEPLASE ÇALIŞMASI,02/05/2023 11:48:56,02/05/2023 16:00:00,YAVUZ SELİM MAHALLESİ TÜRKİYE CADDESİ,"MAREŞAL FEVZİ ÇAKMAK MAH,YAVUZ SELİM MAH."
233,ARNAVUTKÖY,100 MM ÇAPLI ŞEBEKE HATTI ARIZASI,20/01/2024 10:18:00,20/01/2024 15:00:00,YAVUZ SELİM MH SEVEN SK,YAVUZ SELİM MAH.
234,ARNAVUTKÖY,100 MM ÇAPLI ŞEBEKE HATTI ARIZASI,15/06/2023 14:52:48,15/06/2023 17:00:00,YAVUZ SELİM MH. GÖZDE SK,"MAREŞAL FEVZİ ÇAKMAK MAH,YAVUZ SELİM MAH.,İMRAHOR MAH."
235,ARNAVUTKÖY,100 MM ÇAPLI ŞEBEKE HATTI ARIZASI,16/01/2024 09:33:07,16/01/2024 13:00:00,YENİGÜN SK,ATATÜRK MAH.
236,ARNAVUTKÖY,100 MM ÇAPLI ŞEBEKE HATTI ARIZASI,16/11/2023 15:57:10,16/11/2023 18:00:00,YENİKÖY MAHALLESİ KIRMIZI LALE,YENİKÖY MAH
237,ARNAVUTKÖY,100 MM ÇAPLI ŞEBEKE HATTI ARIZASI,26/01/2024 11:09:34,26/01/2024 15:00:00,YENİKÖY MAHALLESİ SÖĞÜT SOKAK,YENİKÖY MAH
238,ARNAVUTKÖY,100 MM ÇAPLI ŞEBEKE HATTI ARIZASI,22/09/2023 16:42:27,22/09/2023 18:00:00,YEŞİLBAYIR MAHALLESİ İSLAMBOL CADDESİ,YEŞİLBAYIR MAH.
239,ARNAVUTKÖY,100 MM ÇAPLI ŞEBEKE HATTI ARIZASI,10/04/2023 10:32:09,10/04/2023 18:00:00,YUNUS EMRE MAHALLESİ ENGİNALP SOKAK,"ANADOLU MAH.,BOĞAZKÖY İSTİKLAL MAH.,YUNUS EMRE MAH."
240,ARNAVUTKÖY,100 MM ÇAPLI ŞEBEKE HATTI ARIZASI,21/11/2023 11:19:41,21/11/2023 13:30:00,YUNUS EMRE MAHALLESİ YEŞİLKIR SOKAK,YUNUS EMRE MAH.
241,ARNAVUTKÖY,100 MM ÇAPLI ŞEBEKE HATTI ARIZASI,28/10/2023 11:56:48,28/10/2023 15:00:00,YUNUSEMRE MAH MEMNUN SOKAK,"BOĞAZKÖY İSTİKLAL MAH.,YUNUS EMRE MAH."
242,ARNAVUTKÖY,100 MM ÇAPLI ŞEBEKE HATTI ARIZASI,18/04/2023 13:18:26,18/04/2023 16:30:00,ÇİLİNGİR MAHALLESİ BAKLALI-HACIMAŞLI CD,ÇİLİNGİR MAH.
243,ARNAVUTKÖY,100 MM ÇAPLI ŞEBEKE HATTI ARIZASI,18/02/2023 14:24:22,18/02/2023 18:30:00,ÖMERLI MAHHALESI HADIMKÖY ÖMERLI CADDESI,ÖMERLİ MAH.
244,ARNAVUTKÖY,100 MM ÇAPLI ŞEBEKE HATTI ARIZASI,07/09/2023 10:11:37,07/09/2023 13:00:00,ÖMERLİ MAH TERME SOKAK,ÖMERLİ MAH.
245,ARNAVUTKÖY,100 MM ÇAPLI ŞEBEKE HATTI ARIZASI,12/06/2023 10:33:34,12/06/2023 13:30:00,ÖMERLİ MAH YAMAÇ SK,ÖMERLİ MAH.
246,ARNAVUTKÖY,ŞEBEKE HATTI DEPLASE ÇALIŞMASI,23/02/2023 13:02:02,23/02/2023 20:30:00,ÖMERLİ MAH ÜLFET SOKAK,ÖMERLİ MAH.
247,ARNAVUTKÖY,100 MM ÇAPLI ŞEBEKE HATTI ARIZASI,25/09/2023 10:42:52,25/09/2023 15:00:00,ÖMERLİ MAH. PALANDÖKEN CD,ÖMERLİ MAH.
248,ARNAVUTKÖY,100 MM ÇAPLI ŞEBEKE HATTI ARIZASI,24/11/2023 08:31:22,24/11/2023 15:39:00,ÖMERLİ MAH.DRMİTHAT MARTI CADDESİ,"DELİKLİKAYA MAH.,HADIMKÖY MAH.,ÖMERLİ MAH."
249,ARNAVUTKÖY,100 MM ÇAPLI ŞEBEKE HATTI ARIZASI,07/10/2023 14:42:33,07/10/2023 19:00:00,ÖMERLİ MAHALLESİ AREFE SOKAK,ÖMERLİ MAH.
250,ARNAVUTKÖY,100 MM ÇAPLI ŞEBEKE HATTI ARIZASI,05/10/2023 11:40:43,05/10/2023 19:00:00,ÖMERLİ MAHALLESİ ILGAZ SOKAK,ÖMERLİ MAH.
251,ARNAVUTKÖY,100 MM ÇAPLI ŞEBEKE HATTI ARIZASI,29/05/2023 20:53:12,29/05/2023 22:30:00,ÖMERLİ MAHALLESİ SÜNGÜ SOKAK,ÖMERLİ MAH.
252,ARNAVUTKÖY,100 MM ÇAPLI ŞEBEKE HATTI ARIZASI,07/11/2023 09:48:00,07/11/2023 19:00:00,ÖMERLİ MAHALLESİ ÜLFET SOKAK,"DELİKLİKAYA MAH.,HADIMKÖY MAH.,ÖMERLİ MAH."
253,ARNAVUTKÖY,100 MM ÇAPLI ŞEBEKE HATTI ARIZASI,26/02/2023 15:15:00,26/02/2023 18:00:00,ÖMERLİ MAHALLESİ ÜLFET SOKAK SOKAK İÇİ,ÖMERLİ MAH.
254,ARNAVUTKÖY,100 MM ÇAPLI ŞEBEKE HATTI ARIZASI,11/09/2023 17:24:02,11/09/2023 20:00:00,ÖMERLİ MH SÜNGÜ SK,ÖMERLİ MAH.
255,ARNAVUTKÖY,150 MM ÇAPLI ŞEBEKE HATTI ARIZASI,17/04/2023 18:09:13,17/04/2023 21:00:00,ÖMERLİ MH YAMAÇ SOKAK,ÖMERLİ MAH.
256,ARNAVUTKÖY,100 MM ÇAPLI ŞEBEKE HATTI ARIZASI,06/10/2023 09:01:44,06/10/2023 18:00:00,ÖMERLİ PROF. MEHMET BOZKURT CD,ÖMERLİ MAH.
257,ARNAVUTKÖY,ARIZA SEBEBİ İLE BASINÇ DÜŞÜKLÜĞÜ,15/09/2023 08:51:59,15/09/2023 16:30:00,ÖMERLİ SALPOMPA,"ANADOLU MAH.,ARNAVUTKÖY MERKEZ MAH.,BOĞAZKÖY İSTİKLAL MAH.,DELİKLİKAYA MAH.,DURSUNKÖY MAH.,HADIMKÖY MAH.,HASTANE MAH.,YASSIÖREN MAH,YEŞİLBAYIR MAH.,ÖMERLİ MAH."
258,ARNAVUTKÖY,ARITMA TESİSİ ARIZASI,21/07/2023 23:45:30,22/07/2023 04:00:00,İKİTELLİ STT,"DELİKLİKAYA MAH.,DURSUNKÖY MAH.,HADIMKÖY MAH.,HASTANE MAH.,YASSIÖREN MAH,YEŞİLBAYIR MAH.,ÖMERLİ MAH."
259,ARNAVUTKÖY,ARIZA SEBEBİ İLE BASINÇ DÜŞÜKLÜĞÜ,26/09/2023 02:37:11,26/09/2023 08:00:00,İKİTELLİ STT,"DELİKLİKAYA MAH.,DURSUNKÖY MAH.,HADIMKÖY MAH.,HASTANE MAH.,YASSIÖREN MAH,YEŞİLBAYIR MAH.,ÖMERLİ MAH."
260,ARNAVUTKÖY,ANA İSALE HATTI YENİLEMESİ,19/06/2023 05:49:47,20/06/2023 06:00:00,İKİTELLİ-TERKOS,"ADNAN MENDERES MAH.,ANADOLU MAH.,ARNAVUTKÖY MERKEZ MAH.,ATATÜRK MAH.,BAKLALI MAH,BALABAN MAH,BOLLUCA MAH.,BOYALIK MAH,DELİKLİKAYA MAH.,DURSUNKÖY MAH.,DURUSU MAH,FATİH MAH.,HACIMAŞLI MAH,HADIMKÖY MAH.,HARAÇÇI MAH.,HASTANE MAH.,HİCRET MAH.,KARABURUN MAH,KARLIBAYIR MAH.,MAREŞAL FEVZİ ÇAKMAK MAH,MAVİGÖL MAH.,MEHMET AKİF ERSOY MAH.,MUSTAFA KEMAL PAŞA MAH.,NENEHATUN MAH.,SAZLIBOSNA MAH.,TAYAKADIN MAH,TAŞOLUK MAH.,TERKOS MAH.,YASSIÖREN MAH,YAVUZ SELİM MAH.,YENİKÖY MAH,YEŞİLBAYIR MAH.,YUNUS EMRE MAH.,ÇİLİNGİR MAH.,ÖMERLİ MAH.,İMRAHOR MAH.,İSLAMBEY MAH."
261,ARNAVUTKÖY,ŞEBEKE HATTI BRANŞMAN BAĞLANTISI,26/04/2023 13:06:24,26/04/2023 22:00:00,İMRAHOR MAHALLESİ TÜRKİYE  CADDESİ,"ANADOLU MAH.,ATATÜRK MAH.,BOLLUCA MAH.,HİCRET MAH.,MAVİGÖL MAH.,YAVUZ SELİM MAH.,İMRAHOR MAH.,İSLAMBEY MAH."
262,ARNAVUTKÖY,100 MM ÇAPLI ŞEBEKE HATTI ARIZASI,24/04/2023 09:13:21,24/04/2023 13:00:00,İSLAMBEY MAHALLESİ ESKİKALE SOKAK,İSLAMBEY MAH.
263,ARNAVUTKÖY,100 MM ÇAPLI ŞEBEKE HATTI ARIZASI,13/10/2023 10:59:04,13/10/2023 14:00:00,İSLAMBEY MAHALLESİ OKÇU TEPE SOKAK,İSLAMBEY MAH.
264,ARNAVUTKÖY,100 MM ÇAPLI ŞEBEKE HATTI ARIZASI,09/05/2023 17:05:07,09/05/2023 21:00:00,İSLAMBEY MH ERSAN SK,"NENEHATUN MAH.,İSLAMBEY MAH."
265,ARNAVUTKÖY,BASINÇ DÜŞÜKLÜĞÜ,06/03/2023 09:41:21,06/03/2023 16:00:00,İSLAMBEY MH VE NENEHATUN MH GENELİ,"NENEHATUN MAH.,İSLAMBEY MAH."
266,ARNAVUTKÖY,ELEKTRİK ENERJİSİ PROBLEMİ,20/12/2023 01:12:45,20/12/2023 04:00:00,ŞAHİNTEPE TERFİ,"DELİKLİKAYA MAH.,DURSUNKÖY MAH.,HADIMKÖY MAH.,HASTANE MAH.,YASSIÖREN MAH,YEŞİLBAYIR MAH.,ÖMERLİ MAH."
267,ARNAVUTKÖY,ENERJİ KESİNTİSİ,19/07/2023 17:13:03,19/07/2023 19:00:00,ŞAHİNTEPE TERFİ MERKEZİ,HASTANE MAH.
268,ARNAVUTKÖY,ENERJİ KESİNTİSİ,14/08/2023 23:13:10,15/08/2023 02:00:00,ŞAHİNTEPE TERFİ MERKEZİ,"DELİKLİKAYA MAH.,DURSUNKÖY MAH.,HADIMKÖY MAH.,HASTANE MAH.,YASSIÖREN MAH,YEŞİLBAYIR MAH.,ÖMERLİ MAH."
269,ARNAVUTKÖY,ARIZA SEBEBİ İLE BASINÇ DÜŞÜKLÜĞÜ,05/09/2023 20:44:48,06/09/2023 03:00:00,ŞAHİNTEPE TERFİ MERKEZİ,"DELİKLİKAYA MAH.,DURSUNKÖY MAH.,HADIMKÖY MAH.,HASTANE MAH.,YASSIÖREN MAH,YEŞİLBAYIR MAH.,ÖMERLİ MAH."
270,ARNAVUTKÖY,200 MM ÇAPLI ŞEBEKE HATTI ARIZASI,14/03/2023 08:28:18,14/03/2023 15:00:00,ŞEHİT ŞABAN AYDOĞAN SK VE BALKANLAR SK KESİŞİMİ,"HADIMKÖY MAH.,HASTANE MAH."
271,ATAŞEHİR,100 MM ÇAPLI ŞEBEKE HATTI ARIZASI,21/03/2023 16:01:47,21/03/2023 20:00:00,ATATÜRK MAH.  MERIÇ TURGUT ÖZAL  BULVARI KES.,ATATÜRK MAH
272,ATAŞEHİR,100 MM ÇAPLI ŞEBEKE HATTI ARIZASI,18/12/2023 10:22:08,18/12/2023 22:00:00,ATATÜRK MAH. ALİ KUŞCU CAD. İLE DİCLE CD. KES.,"ATATÜRK MAH,KÜÇÜKBAKKALKÖY MAH,MEVLANA MAH,YENİŞEHİR MAH,İÇERENKÖY MAH"
273,ATAŞEHİR,100 MM ÇAPLI ŞEBEKE HATTI ARIZASI,09/01/2024 09:56:40,09/01/2024 18:00:00,ATATÜRK MAH. DUDULLU  CD. İNÜNÜ CAD. KES.,"ATATÜRK MAH,KÜÇÜKBAKKALKÖY MAH,MEVLANA MAH,YENİŞEHİR MAH"
274,ATAŞEHİR,150 MM ÇAPLI ŞEBEKE HATTI ARIZASI,12/01/2024 14:17:33,12/01/2024 20:00:00,ATATÜRK MAH. DUDULLU CD. İÇİ,"ATATÜRK MAH,KÜÇÜKBAKKALKÖY MAH,MEVLANA MAH,YENİŞEHİR MAH"
275,ATAŞEHİR,100 MM ÇAPLI ŞEBEKE HATTI ARIZASI,16/03/2023 11:11:03,16/03/2023 16:00:00,ATATÜRK MAH. MERIÇ CAD. IÇI,ATATÜRK MAH
276,ATAŞEHİR,100 MM ÇAPLI ŞEBEKE HATTI ARIZASI,27/05/2023 10:05:23,27/05/2023 17:00:00,ATATÜRK MAH. MERİÇ CD. İÇİ,ATATÜRK MAH
277,ATAŞEHİR,150 MM ÇAPLI ŞEBEKE HATTI ARIZASI,17/12/2023 12:39:26,17/12/2023 19:00:00,ATATÜRK MAHALLESI ALI KUŞÇU CADDESI,ATATÜRK MAH
278,ATAŞEHİR,100 MM ÇAPLI ŞEBEKE HATTI ARIZASI,01/09/2023 22:15:53,02/09/2023 01:00:00,ATATÜRK MAHALLESI ŞENGÜN SOKAK,ATATÜRK MAH
279,ATAŞEHİR,100 MM ÇAPLI ŞEBEKE HATTI ARIZASI,29/03/2023 14:24:51,29/03/2023 20:00:00,ATATÜRK MAHALLESİ YAKUT CD,ATATÜRK MAH
280,ATAŞEHİR,100 MM ÇAPLI ŞEBEKE HATTI ARIZASI,30/03/2023 08:54:21,30/03/2023 16:00:00,ATATÜRK MAHALLESİ YAKUT CD,ATATÜRK MAH
281,ATAŞEHİR,200 MM ÇAPLI ŞEBEKE HATTI ARIZASI,04/11/2023 21:41:55,05/11/2023 03:00:00,ATATÜRK MH DUDULU CD HAŞİM İŞCAN SK KESİŞİMİ,"ATATÜRK MAH,KÜÇÜKBAKKALKÖY MAH,MEVLANA MAH,YENİ ÇAMLICA MAH,YENİŞEHİR MAH"
282,ATAŞEHİR,100 MM ÇAPLI ŞEBEKE HATTI ARIZASI,29/07/2023 15:53:36,29/07/2023 20:00:00,ATATÜRK MH. SÜLÜN CD.NO:5,ATATÜRK MAH
283,ATAŞEHİR,100 MM ÇAPLI ŞEBEKE HATTI ARIZASI,07/10/2023 10:54:36,07/10/2023 18:30:00,ATATÜRK MH.FAZIL PAŞA SK.IÇI,ATATÜRK MAH
284,ATAŞEHİR,100 MM ÇAPLI ŞEBEKE HATTI ARIZASI,22/03/2023 15:51:50,22/03/2023 20:00:00,ATATÜRK MH.MERIÇ CD.NO:16,ATATÜRK MAH
285,ATAŞEHİR,100 MM ÇAPLI ŞEBEKE HATTI ARIZASI,26/09/2023 15:42:05,26/09/2023 20:00:00,ATATÜRK MH.ŞEREF SK.,ATATÜRK MAH
286,ATAŞEHİR,600 MM ÇAPLI  ANA İSALE HATTI ARIZASI,02/11/2023 10:34:17,02/11/2023 21:00:00,ATAŞEHİR DURSUNBEY CAD.,"ATATÜRK MAH,KÜÇÜKBAKKALKÖY MAH,MEVLANA MAH,YENİ ÇAMLICA MAH,YENİŞEHİR MAH"
287,ATAŞEHİR,100 MM ÇAPLI ŞEBEKE HATTI ARIZASI,29/04/2023 18:36:00,29/04/2023 22:00:00,AŞIK VEYSEL MAH 3028,"AŞIKVEYSEL MAH,MUSTAFA KEMAL MAH"
288,ATAŞEHİR,100 MM ÇAPLI ŞEBEKE HATTI ARIZASI,17/11/2023 16:56:13,17/11/2023 21:00:00,AŞIK VEYSEL MAHALLESI 3034 SOKAK NO 12 ÖNÜ,AŞIKVEYSEL MAH
289,ATAŞEHİR,100 MM ÇAPLI ŞEBEKE HATTI ARIZASI,20/12/2023 10:48:03,20/12/2023 14:00:00,AŞIKVEYSEL MAHALLESI 3054 SOKAK NO 44 ÖNÜ,AŞIKVEYSEL MAH
290,ATAŞEHİR,100 MM ÇAPLI ŞEBEKE HATTI ARIZASI,13/09/2023 12:12:13,13/09/2023 17:00:00,BARBAROS MAH. ATATÜRK CD.  ADALET SİT.,BARBAROS MAH
291,ATAŞEHİR,100 MM ÇAPLI ŞEBEKE HATTI ARIZASI,18/10/2023 10:58:55,18/10/2023 14:00:00,BARBAROS MAH. BARBAROS CD. N.189,"BARBAROS MAH,YENİSAHRA MAH"
292,ATAŞEHİR,100 MM ÇAPLI ŞEBEKE HATTI ARIZASI,23/10/2023 11:22:01,23/10/2023 14:00:00,BARBAROS MAH. EMNİYETLİ SK. İÇİ,BARBAROS MAH
293,ATAŞEHİR,100 MM ÇAPLI ŞEBEKE HATTI ARIZASI,21/10/2023 12:01:37,21/10/2023 14:00:00,BARBAROS MAH. HASGÜL SK. İÇİ,"BARBAROS MAH,YENİSAHRA MAH"
294,ATAŞEHİR,100 MM ÇAPLI ŞEBEKE HATTI ARIZASI,06/09/2023 10:12:21,06/09/2023 18:00:00,BARBAROS MAH. KARDELEN SK. N.12,BARBAROS MAH
295,ATAŞEHİR,100 MM ÇAPLI ŞEBEKE HATTI ARIZASI,21/09/2023 13:17:25,21/09/2023 16:30:00,BARBAROS MAH. KARDELEN SK. İÇİ,BARBAROS MAH
296,ATAŞEHİR,100 MM ÇAPLI ŞEBEKE HATTI ARIZASI,03/02/2024 10:16:37,03/02/2024 15:00:00,BARBAROS MAH. KARDELEN SK. İÇİ,BARBAROS MAH
297,ATAŞEHİR,100 MM ÇAPLI ŞEBEKE HATTI ARIZASI,14/12/2023 11:42:54,14/12/2023 17:30:00,BARBAROS MAH. MİMARSİNAN CAD. N.184,"BARBAROS MAH,YENİSAHRA MAH"
298,ATAŞEHİR,100 MM ÇAPLI ŞEBEKE HATTI ARIZASI,12/10/2023 16:30:44,12/10/2023 22:00:00,BARBAROS MAH. SİYAH İNCİ SK. N. 9-11,"BARBAROS MAH,YENİSAHRA MAH"
299,ATAŞEHİR,100 MM ÇAPLI ŞEBEKE HATTI ARIZASI,24/01/2024 16:51:02,24/01/2024 20:00:00,BARBAROS MAH. ÇİMEN SK. N.14,BARBAROS MAH
300,ATAŞEHİR,100 MM ÇAPLI ŞEBEKE HATTI ARIZASI,22/10/2023 14:05:30,22/10/2023 17:00:00,BARBAROS MAHALLESI ERZURUM SOKAK 7 ÖNÜ,"BARBAROS MAH,YENİSAHRA MAH"
301,ATAŞEHİR,100 MM ÇAPLI ŞEBEKE HATTI ARIZASI,08/10/2023 01:17:57,08/10/2023 04:00:00,BARBAROS MH ÖZ GEDİKLİ SK NO 8,BARBAROS MAH
302,ATAŞEHİR,100 MM ÇAPLI ŞEBEKE HATTI ARIZASI,22/09/2023 13:14:08,22/09/2023 17:00:00,BARBAROS MH. ATATÜRK CD. N.10,BARBAROS MAH
303,ATAŞEHİR,100 MM ÇAPLI ŞEBEKE HATTI ARIZASI,04/10/2023 16:42:18,04/10/2023 21:00:00,BARBAROS MH.BARBAROS CD.NO:198,"BARBAROS MAH,YENİSAHRA MAH"
304,ATAŞEHİR,100 MM ÇAPLI ŞEBEKE HATTI ARIZASI,20/11/2023 13:37:55,20/11/2023 17:00:00,BARBAROS MH.BARBAROS CD.NO:205,"BARBAROS MAH,YENİSAHRA MAH"
305,ATAŞEHİR,100 MM ÇAPLI ŞEBEKE HATTI ARIZASI,27/07/2023 09:49:40,27/07/2023 17:30:00,BARBAROS MH.ERSIN SK.IÇI,BARBAROS MAH
306,ATAŞEHİR,100 MM ÇAPLI ŞEBEKE HATTI ARIZASI,14/04/2023 14:07:46,14/04/2023 20:00:00,BARBAROS MH.FEVZI ÇAKMAK CD.NO:107,"BARBAROS MAH,YENİSAHRA MAH"
307,ATAŞEHİR,100 MM ÇAPLI ŞEBEKE HATTI ARIZASI,20/08/2023 09:44:52,20/08/2023 13:00:00,BAŞIBÜYÜK MH. DUDULLUYOLU SK. NO15,FERHATPAŞA MAH
308,ATAŞEHİR,150 MM ÇAPLI ŞEBEKE HATTI ARIZASI,01/12/2023 11:21:48,01/12/2023 16:00:00,BÜYÜKDEREBOYU CD. İLE ÇAMAŞIRDERESİ SK. KES.,İNÖNÜ MAH
309,ATAŞEHİR,100 MM ÇAPLI ŞEBEKE HATTI ARIZASI,13/12/2023 11:17:26,13/12/2023 16:30:00,ESATPAŞA MAH. AŞIKVEYSEL CAD. N.88,ESATPAŞA MAH
310,ATAŞEHİR,100 MM ÇAPLI ŞEBEKE HATTI ARIZASI,16/09/2023 12:57:24,16/09/2023 16:00:00,ESATPAŞA MAH. KESKİN SK. N. 2,ESATPAŞA MAH
311,ATAŞEHİR,100 MM ÇAPLI ŞEBEKE HATTI ARIZASI,14/06/2023 14:41:29,14/06/2023 16:30:00,ESATPAŞA MAH. ZIYAPAŞA CAD. N. 4,"AŞIKVEYSEL MAH,ESATPAŞA MAH,ÖRNEK MAH"
312,ATAŞEHİR,100 MM ÇAPLI ŞEBEKE HATTI ARIZASI,14/10/2023 11:59:35,14/10/2023 15:00:00,ESATPAŞA MAH. İLKBAHAR SK. N.20,ESATPAŞA MAH
313,ATAŞEHİR,100 MM ÇAPLI ŞEBEKE HATTI ARIZASI,26/01/2024 14:59:10,26/01/2024 18:00:00,ESATPAŞA MAH.PELİN SOKAK,ESATPAŞA MAH
314,ATAŞEHİR,100 MM ÇAPLI ŞEBEKE HATTI ARIZASI,07/02/2024 09:30:36,07/02/2024 13:00:00,ESATPAŞA MAH.PELİN SOKAK NO: 4,ESATPAŞA MAH
315,ATAŞEHİR,100 MM ÇAPLI ŞEBEKE HATTI ARIZASI,06/12/2023 10:31:50,06/12/2023 14:30:00,ESATPAŞA MAH.SALIH OMURTAK CD.NO:65,"ESATPAŞA MAH,ÖRNEK MAH"
316,ATAŞEHİR,ŞEBEKE HATTI VANA MONTAJI/DEĞİŞİMİ,30/04/2023 13:04:22,30/04/2023 22:00:00,ESATPAŞA MAHALLESI ADNAN MENDERES CADDESI ILE YUNUS EMRE SOKAK KÖŞE,"ESATPAŞA MAH,FETİH MAH,ÖRNEK MAH"
317,ATAŞEHİR,100 MM ÇAPLI ŞEBEKE HATTI ARIZASI,23/08/2023 10:49:08,23/08/2023 15:00:00,ESATPAŞA MEMET KATIP SOKAK,ESATPAŞA MAH
318,ATAŞEHİR,100 MM ÇAPLI ŞEBEKE HATTI ARIZASI,21/07/2023 15:38:32,21/07/2023 19:00:00,ESATPAŞA MH ALİ FUAT BAŞGİL CD NO 23,ESATPAŞA MAH
319,ATAŞEHİR,100 MM ÇAPLI ŞEBEKE HATTI ARIZASI,15/12/2023 17:27:29,15/12/2023 21:00:00,ESATPAŞA MH BAŞ KOMUTAN CD NO 20,"ESATPAŞA MAH,ÖRNEK MAH"
320,ATAŞEHİR,100 MM ÇAPLI ŞEBEKE HATTI ARIZASI,11/08/2023 11:01:14,11/08/2023 17:00:00,ESATPAŞA MH İLKBAHAR SK,ESATPAŞA MAH
321,ATAŞEHİR,100 MM ÇAPLI ŞEBEKE HATTI ARIZASI,13/10/2023 14:58:52,13/10/2023 19:00:00,ESATPAŞA MH.AŞIK VEYSEL CD.NO:86,ESATPAŞA MAH
322,ATAŞEHİR,100 MM ÇAPLI ŞEBEKE HATTI ARIZASI,13/09/2023 16:50:36,13/09/2023 21:00:00,ESATPAŞA MH.ILKBAHAR SK.IÇI,ESATPAŞA MAH
323,ATAŞEHİR,100 MM ÇAPLI ŞEBEKE HATTI ARIZASI,24/04/2023 12:30:27,24/04/2023 15:30:00,ESATPAŞA MH.YILDIZLAR SK.IÇI,"AŞIKVEYSEL MAH,ESATPAŞA MAH,ÖRNEK MAH"
324,ATAŞEHİR,100 MM ÇAPLI ŞEBEKE HATTI ARIZASI,25/03/2023 11:26:46,25/03/2023 18:00:00,FERHAT PAŞA MH.18.SK.NO:27,"FERHATPAŞA MAH,YENİ ÇAMLICA MAH"
325,ATAŞEHİR,100 MM ÇAPLI ŞEBEKE HATTI ARIZASI,04/03/2023 12:22:57,04/03/2023 17:00:00,FERHATPAŞA MAH. 77. SK. N.92,FERHATPAŞA MAH
326,ATAŞEHİR,100 MM ÇAPLI ŞEBEKE HATTI ARIZASI,04/08/2023 07:36:56,04/08/2023 15:00:00,FERHATPAŞA MH  99.SK,FERHATPAŞA MAH
327,ATAŞEHİR,100 MM ÇAPLI ŞEBEKE HATTI ARIZASI,23/08/2023 12:06:34,23/08/2023 17:00:00,FERHATPAŞA MH. YAVUZ SULTAN SELİM CD,FERHATPAŞA MAH
328,ATAŞEHİR,100 MM ÇAPLI ŞEBEKE HATTI ARIZASI,07/12/2023 14:05:04,07/12/2023 22:30:00,FERHATPAŞA MH.1.SK.NO:73,FERHATPAŞA MAH
329,ATAŞEHİR,150 MM ÇAPLI ŞEBEKE HATTI ARIZASI,17/08/2023 11:24:35,18/08/2023 03:00:00,FERHATPAŞA MH.13.SK.SOKAK İÇİ,"FERHATPAŞA MAH,YENİ ÇAMLICA MAH"
330,ATAŞEHİR,100 MM ÇAPLI ŞEBEKE HATTI ARIZASI,08/06/2023 14:11:42,08/06/2023 19:00:00,FERHATPAŞA MH.54.SK. SOKAK İÇİ,FERHATPAŞA MAH
331,ATAŞEHİR,150 MM ÇAPLI ŞEBEKE HATTI ARIZASI,24/02/2023 16:50:11,24/02/2023 23:59:00,FERHATPAŞA MH.MAREŞAL FEVZI ÇAKMAK CD.NO:87,FERHATPAŞA MAH
332,ATAŞEHİR,ENERJİ KESİNTİSİ,21/12/2023 08:26:48,21/12/2023 10:30:00,FERHATPAŞA TERFİ,"ATATÜRK MAH,ESATPAŞA MAH,FERHATPAŞA MAH,MEVLANA MAH,İNÖNÜ MAH"
333,ATAŞEHİR,ENERJİ KESİNTİSİ,01/08/2023 23:10:11,02/08/2023 01:00:00,FERHATPAŞA TERFİ MERKEZİ,"ATATÜRK MAH,ESATPAŞA MAH,FERHATPAŞA MAH,FETİH MAH,KAYIŞDAĞI MAH,KÜÇÜKBAKKALKÖY MAH,MEVLANA MAH,MİMAR SİNAN MAH,YENİ ÇAMLICA MAH,YENİŞEHİR MAH,ÖRNEK MAH,İNÖNÜ MAH,İÇERENKÖY MAH"
334,ATAŞEHİR,100 MM ÇAPLI ŞEBEKE HATTI ARIZASI,20/09/2023 19:37:13,20/09/2023 23:59:00,INÖNÜ  MAHALLESI NENEHATUN SOKAK 8,İNÖNÜ MAH
335,ATAŞEHİR,100 MM ÇAPLI ŞEBEKE HATTI ARIZASI,27/02/2023 08:42:47,27/02/2023 15:00:00,INÖNÜ MAH. FIDAN SK. IÇI,İNÖNÜ MAH
336,ATAŞEHİR,100 MM ÇAPLI ŞEBEKE HATTI ARIZASI,31/05/2023 10:46:45,31/05/2023 23:00:00,IÇERENKÖY ATA SOKAK,İÇERENKÖY MAH
337,ATAŞEHİR,100 MM ÇAPLI ŞEBEKE HATTI ARIZASI,24/11/2023 12:23:36,24/11/2023 19:00:00,IÇERENKÖY ATA SOKAK NO 4,İÇERENKÖY MAH
338,ATAŞEHİR,BASINÇ DÜŞÜKLÜĞÜ,04/04/2023 10:05:05,04/04/2023 15:00:00,IÇERENKÖY MAH. BIRKISMI,İÇERENKÖY MAH
339,ATAŞEHİR,100 MM ÇAPLI ŞEBEKE HATTI ARIZASI,19/10/2023 16:24:53,19/10/2023 20:30:00,IÇERENKÖY MH.KAVAKLAR SK.IÇI,İÇERENKÖY MAH
340,ATAŞEHİR,100 MM ÇAPLI ŞEBEKE HATTI ARIZASI,16/11/2023 12:42:46,16/11/2023 16:30:00,IÇERENKÖY MH.MEZARLIK SK. IÇI,İÇERENKÖY MAH
341,ATAŞEHİR,100 MM ÇAPLI ŞEBEKE HATTI ARIZASI,15/11/2023 18:17:52,15/11/2023 20:00:00,KAYIŞDAĞI MAH OKUL SK,KAYIŞDAĞI MAH
342,ATAŞEHİR,100 MM ÇAPLI ŞEBEKE HATTI ARIZASI,19/09/2023 11:04:42,19/09/2023 14:00:00,KAYIŞDAĞI MAH.  BÜYÜK CAMİ SK. N.19,KAYIŞDAĞI MAH
343,ATAŞEHİR,100 MM ÇAPLI ŞEBEKE HATTI ARIZASI,03/07/2023 12:08:57,03/07/2023 17:00:00,KAYIŞDAĞI MAH. AKASYA SK. IÇI,KAYIŞDAĞI MAH
344,ATAŞEHİR,100 MM ÇAPLI ŞEBEKE HATTI ARIZASI,11/09/2023 11:20:34,11/09/2023 16:30:00,KAYIŞDAĞI MAH. RUMELİ NASIR CD. KES.,KAYIŞDAĞI MAH
345,ATAŞEHİR,100 MM ÇAPLI ŞEBEKE HATTI ARIZASI,17/12/2023 14:32:59,17/12/2023 18:00:00,KAYIŞDAĞI MAHALLESI PEMBEGÜL SOKAK 16 ÖNÜ,KAYIŞDAĞI MAH
346,ATAŞEHİR,100 MM ÇAPLI ŞEBEKE HATTI ARIZASI,14/11/2023 10:34:46,14/11/2023 17:00:00,KAYIŞDAĞI MH. CANAN SK.,KAYIŞDAĞI MAH
347,ATAŞEHİR,100 MM ÇAPLI ŞEBEKE HATTI ARIZASI,13/01/2024 17:48:02,13/01/2024 21:30:00,KAYIŞDAĞI MH. ÇAKMAKÇI SK.NO:20,KAYIŞDAĞI MAH
348,ATAŞEHİR,100 MM ÇAPLI ŞEBEKE HATTI ARIZASI,24/01/2024 11:12:47,24/01/2024 15:00:00,KAYIŞDAĞI MH.AKASYA SOKAK İÇİ,KAYIŞDAĞI MAH
349,ATAŞEHİR,100 MM ÇAPLI ŞEBEKE HATTI ARIZASI,01/11/2023 14:44:27,01/11/2023 18:00:00,KAYIŞDAĞI MH.AKASYALI SK.NO:20,KAYIŞDAĞI MAH
350,ATAŞEHİR,100 MM ÇAPLI ŞEBEKE HATTI ARIZASI,02/08/2023 14:39:03,02/08/2023 18:00:00,KAYIŞDAĞI MH.ÖRNEK SK.,KAYIŞDAĞI MAH
351,ATAŞEHİR,150 MM ÇAPLI ŞEBEKE HATTI ARIZASI,03/04/2023 12:21:45,03/04/2023 20:00:00,KAYIŞDAĞI YUNUS SOKAK İLE NASIR CADDE KESİŞİMİ,KAYIŞDAĞI MAH
352,ATAŞEHİR,100 MM ÇAPLI ŞEBEKE HATTI ARIZASI,21/10/2023 12:46:15,21/10/2023 15:00:00,KAYIŞDAĞI ÖRNEK SOKAK,KAYIŞDAĞI MAH
353,ATAŞEHİR,100 MM ÇAPLI ŞEBEKE HATTI ARIZASI,22/04/2023 14:56:21,22/04/2023 19:00:00,KÜÇÜK BAKKAL KÖY MH.ATILLA ILHAN CD.,KÜÇÜKBAKKALKÖY MAH
354,ATAŞEHİR,100 MM ÇAPLI ŞEBEKE HATTI ARIZASI,08/10/2023 19:42:08,08/10/2023 23:55:00,KÜÇÜK BAKKALKÖY MAHALLESI DORUK SOKAK 9 ÖNÜ,KÜÇÜKBAKKALKÖY MAH
355,ATAŞEHİR,100 MM ÇAPLI ŞEBEKE HATTI ARIZASI,27/11/2023 09:53:09,27/11/2023 13:00:00,KÜÇÜK BAKKALKÖY MAHALLESI NUR SOKAK 3,KÜÇÜKBAKKALKÖY MAH
356,ATAŞEHİR,100 MM ÇAPLI ŞEBEKE HATTI ARIZASI,13/03/2023 09:49:12,13/03/2023 18:00:00,KÜÇÜKBAKKALKÖY MAH.  DILEK SABANCI SK.,KÜÇÜKBAKKALKÖY MAH
357,ATAŞEHİR,100 MM ÇAPLI ŞEBEKE HATTI ARIZASI,11/10/2023 15:10:55,11/10/2023 19:00:00,KÜÇÜKBAKKALKÖY MAH. DORUK SK. N.12,KÜÇÜKBAKKALKÖY MAH
358,ATAŞEHİR,100 MM ÇAPLI ŞEBEKE HATTI ARIZASI,16/10/2023 12:55:29,16/10/2023 16:00:00,KÜÇÜKBAKKALKÖY MAH. DİLEK SABCI İ CD.,KÜÇÜKBAKKALKÖY MAH
359,ATAŞEHİR,100 MM ÇAPLI ŞEBEKE HATTI ARIZASI,21/11/2023 11:59:18,21/11/2023 18:00:00,KÜÇÜKBAKKALKÖY MAH. PALMIYE SK. YASA SK. KESI105052ŞIMI,KÜÇÜKBAKKALKÖY MAH
360,ATAŞEHİR,100 MM ÇAPLI ŞEBEKE HATTI ARIZASI,11/04/2023 13:50:44,11/04/2023 20:00:00,KÜÇÜKBAKKALKÖY MH.KAMACI SK.NO:3,KÜÇÜKBAKKALKÖY MAH
361,ATAŞEHİR,100 MM ÇAPLI ŞEBEKE HATTI ARIZASI,21/06/2023 14:06:18,21/06/2023 17:00:00,KÜÇÜKBAKKALKÖY MH.KARACA SK.IÇI,KÜÇÜKBAKKALKÖY MAH
362,ATAŞEHİR,100 MM ÇAPLI ŞEBEKE HATTI ARIZASI,07/12/2023 12:01:38,07/12/2023 16:00:00,KÜÇÜKBAKKALKÖY MH.KAYIŞDAĞI CD.NO:111,KÜÇÜKBAKKALKÖY MAH
363,ATAŞEHİR,100 MM ÇAPLI ŞEBEKE HATTI ARIZASI,16/08/2023 11:31:45,16/08/2023 16:00:00,M.KEMAL MH.3059.SK.NO.32,"AŞIKVEYSEL MAH,MUSTAFA KEMAL MAH"
364,ATAŞEHİR,100 MM ÇAPLI ŞEBEKE HATTI ARIZASI,11/01/2024 15:03:50,11/01/2024 20:00:00,M.KEMAL MH.3086.SK.,"AŞIKVEYSEL MAH,MUSTAFA KEMAL MAH"
365,ATAŞEHİR,100 MM ÇAPLI ŞEBEKE HATTI ARIZASI,14/08/2023 11:20:59,14/08/2023 17:00:00,MEVLANA MH CEMENZAR SK,MEVLANA MAH
366,ATAŞEHİR,100 MM ÇAPLI ŞEBEKE HATTI ARIZASI,09/09/2023 19:29:31,10/09/2023 06:30:00,MEVLANA MH MALAZGİRT CD BİMİN ÖNÜ,"KAYIŞDAĞI MAH,MEVLANA MAH"
367,ATAŞEHİR,100 MM ÇAPLI ŞEBEKE HATTI ARIZASI,15/07/2023 18:26:00,15/07/2023 22:00:00,MEVLANA MH.BERKAY SK.İÇİ,"MEVLANA MAH,MİMAR SİNAN MAH"
368,ATAŞEHİR,150 MM ÇAPLI ŞEBEKE HATTI ARIZASI,21/08/2023 12:42:48,21/08/2023 19:30:00,MEVLANA MH.YEDI IKLIM SK.IÇI,MEVLANA MAH
369,ATAŞEHİR,100 MM ÇAPLI ŞEBEKE HATTI ARIZASI,20/06/2023 12:24:34,20/06/2023 16:00:00,MIMARSINAN MAH. ESEN SK  N.4,MİMAR SİNAN MAH
370,ATAŞEHİR,100 MM ÇAPLI ŞEBEKE HATTI ARIZASI,17/10/2023 17:44:21,17/10/2023 21:00:00,MUSTAFA KEMAL 3107 SOKAK,MUSTAFA KEMAL MAH
371,ATAŞEHİR,200 MM ÇAPLI ŞEBEKE HATTI ARIZASI,29/04/2023 22:00:52,30/04/2023 05:00:00,MUSTAFA KEMAL MAH  3001 CADDE 3004 CADDE KESİŞİMİ,"AŞIKVEYSEL MAH,ESATPAŞA MAH,MUSTAFA KEMAL MAH,ÖRNEK MAH"
372,ATAŞEHİR,100 MM ÇAPLI ŞEBEKE HATTI ARIZASI,08/04/2023 15:11:58,08/04/2023 19:00:00,MUSTAFA KEMAL MAH 3096 SOK N.61,"AŞIKVEYSEL MAH,MUSTAFA KEMAL MAH"
373,ATAŞEHİR,100 MM ÇAPLI ŞEBEKE HATTI ARIZASI,20/06/2023 10:35:43,20/06/2023 17:00:00,MUSTAFA KEMAL MAH. 3004 CD. IÇI,"AŞIKVEYSEL MAH,MUSTAFA KEMAL MAH"
374,ATAŞEHİR,100 MM ÇAPLI ŞEBEKE HATTI ARIZASI,20/12/2023 14:39:56,20/12/2023 18:00:00,MUSTAFA KEMAL MAH. 3006 CD.,MUSTAFA KEMAL MAH
375,ATAŞEHİR,100 MM ÇAPLI ŞEBEKE HATTI ARIZASI,13/09/2023 15:27:56,13/09/2023 20:00:00,MUSTAFA KEMAL MAH. 3058 SK . N.10,MUSTAFA KEMAL MAH
376,ATAŞEHİR,100 MM ÇAPLI ŞEBEKE HATTI ARIZASI,29/12/2023 10:04:41,29/12/2023 13:30:00,MUSTAFA KEMAL MAH. 3058/1 SK. N.10,MUSTAFA KEMAL MAH
377,ATAŞEHİR,100 MM ÇAPLI ŞEBEKE HATTI ARIZASI,22/02/2023 15:26:42,22/02/2023 20:00:00,MUSTAFA KEMAL MAH. 3060 SK. IÇI,MUSTAFA KEMAL MAH
378,ATAŞEHİR,100 MM ÇAPLI ŞEBEKE HATTI ARIZASI,28/09/2023 14:10:03,28/09/2023 17:00:00,MUSTAFA KEMAL MAH. 3085 SK N. 5,MUSTAFA KEMAL MAH
379,ATAŞEHİR,100 MM ÇAPLI ŞEBEKE HATTI ARIZASI,19/04/2023 13:37:32,19/04/2023 18:00:00,MUSTAFA KEMAL MAH. 3092 SK. N.13,"AŞIKVEYSEL MAH,MUSTAFA KEMAL MAH"
380,ATAŞEHİR,100 MM ÇAPLI ŞEBEKE HATTI ARIZASI,12/10/2023 13:00:23,12/10/2023 16:00:00,MUSTAFA KEMAL MAH. 3095 SK N.29,MUSTAFA KEMAL MAH
381,ATAŞEHİR,100 MM ÇAPLI ŞEBEKE HATTI ARIZASI,18/01/2024 17:25:11,18/01/2024 21:00:00,MUSTAFA KEMAL MAH. 3100 SK. N.3,MUSTAFA KEMAL MAH
382,ATAŞEHİR,100 MM ÇAPLI ŞEBEKE HATTI ARIZASI,16/02/2024 09:49:31,16/02/2024 12:00:00,MUSTAFA KEMAL MAH.3057 SOKAK NO:32 ATAŞEHIR,MUSTAFA KEMAL MAH
383,ATAŞEHİR,100 MM ÇAPLI ŞEBEKE HATTI ARIZASI,02/06/2023 14:14:33,02/06/2023 19:00:00,MUSTAFA KEMAL MAHALLESI 3001 CD,"AŞIKVEYSEL MAH,MUSTAFA KEMAL MAH"
384,ATAŞEHİR,100 MM ÇAPLI ŞEBEKE HATTI ARIZASI,23/05/2023 16:30:41,23/05/2023 21:00:00,MUSTAFA KEMAL MAHALLESI 3097 SOKAK,"AŞIKVEYSEL MAH,MUSTAFA KEMAL MAH"
385,ATAŞEHİR,100 MM ÇAPLI ŞEBEKE HATTI ARIZASI,25/06/2023 16:06:56,25/06/2023 21:00:00,MUSTAFA KEMAL MH.3004CDNO:27,"AŞIKVEYSEL MAH,MUSTAFA KEMAL MAH"
386,ATAŞEHİR,100 MM ÇAPLI ŞEBEKE HATTI ARIZASI,23/11/2023 09:57:45,23/11/2023 13:30:00,MUSTAFA KEMAL MH.3059.SK.NO.19,MUSTAFA KEMAL MAH
387,ATAŞEHİR,100 MM ÇAPLI ŞEBEKE HATTI ARIZASI,09/06/2023 11:26:40,09/06/2023 15:30:00,MUSTAFA KEMAL MH.3076.SK.IÇI,"AŞIKVEYSEL MAH,MUSTAFA KEMAL MAH"
388,ATAŞEHİR,100 MM ÇAPLI ŞEBEKE HATTI ARIZASI,06/04/2023 16:43:44,06/04/2023 21:00:00,MUSTAFA KEMAL MH.3091 SK.NO:83,MUSTAFA KEMAL MAH
389,ATAŞEHİR,100 MM ÇAPLI ŞEBEKE HATTI ARIZASI,05/10/2023 13:08:34,05/10/2023 16:30:00,"MUSTAFA KEMAL MH.3095,SK.IÇI",MUSTAFA KEMAL MAH
390,ATAŞEHİR,100 MM ÇAPLI ŞEBEKE HATTI ARIZASI,01/03/2023 08:34:38,01/03/2023 13:00:00,MUSTAFAKEMAL MAH. 3094.SK. N.3,"AŞIKVEYSEL MAH,MUSTAFA KEMAL MAH"
391,ATAŞEHİR,100 MM ÇAPLI ŞEBEKE HATTI ARIZASI,02/12/2023 14:25:39,02/12/2023 17:00:00,MİMARSİNAN MH DİLEK NO 38,MİMAR SİNAN MAH
392,ATAŞEHİR,100 MM ÇAPLI ŞEBEKE HATTI ARIZASI,10/05/2023 16:41:16,10/05/2023 21:30:00,MİMARSİNANMH UFUK SK,MİMAR SİNAN MAH
393,ATAŞEHİR,100 MM ÇAPLI ŞEBEKE HATTI ARIZASI,12/09/2023 14:03:58,12/09/2023 17:00:00,YENISAHRA MAH. BEYAZLEYLAK SK N.2,YENİSAHRA MAH
394,ATAŞEHİR,100 MM ÇAPLI ŞEBEKE HATTI ARIZASI,24/05/2023 17:53:47,24/05/2023 21:00:00,YENISAHRA MAHALLESI YILDIRIM BEYAZIT CADDEIS,YENİSAHRA MAH
395,ATAŞEHİR,100 MM ÇAPLI ŞEBEKE HATTI ARIZASI,05/10/2023 12:26:33,05/10/2023 16:30:00,YENISAHRA MH.DERECIK SK.NO:5,YENİSAHRA MAH
396,ATAŞEHİR,100 MM ÇAPLI ŞEBEKE HATTI ARIZASI,14/09/2023 16:57:17,14/09/2023 21:30:00,YENISAHRA MH.ÖZTÜRK SK NO:1,YENİSAHRA MAH
397,ATAŞEHİR,100 MM ÇAPLI ŞEBEKE HATTI ARIZASI,26/03/2023 14:01:31,26/03/2023 17:00:00,YENISAHRA YILDIRIM BEYAZIT CADDESI 58 ÖNÜ,YENİSAHRA MAH
398,ATAŞEHİR,100 MM ÇAPLI ŞEBEKE HATTI ARIZASI,11/03/2023 14:52:10,11/03/2023 20:00:00,YENIÇAMLICA MAH. YILMAZ SK.  IÇI,YENİ ÇAMLICA MAH
399,ATAŞEHİR,100 MM ÇAPLI ŞEBEKE HATTI ARIZASI,29/12/2023 18:17:42,29/12/2023 22:00:00,YENIÇAMLICA MAHALLESI LEMAN ANA SOKAK,YENİ ÇAMLICA MAH
400,ATAŞEHİR,100 MM ÇAPLI ŞEBEKE HATTI ARIZASI,10/07/2023 12:02:34,10/07/2023 17:00:00,YENİSAHRA MAH. FATİH CD. İÇİ,"BARBAROS MAH,YENİSAHRA MAH"
401,ATAŞEHİR,100 MM ÇAPLI ŞEBEKE HATTI ARIZASI,04/01/2024 09:32:51,05/01/2024 06:30:00,YENİSAHRA MAH. YILDIRIM BEYAZIT CD. N.54,YENİSAHRA MAH
402,ATAŞEHİR,100 MM ÇAPLI ŞEBEKE HATTI ARIZASI,26/12/2023 11:59:18,26/12/2023 16:00:00,YENİSAHRA MH FATİH D NO 48,"BARBAROS MAH,YENİSAHRA MAH"
403,ATAŞEHİR,100 MM ÇAPLI ŞEBEKE HATTI ARIZASI,02/05/2023 11:05:06,02/05/2023 15:00:00,YENİSAHRA MH.TARLA SK.,YENİSAHRA MAH
404,ATAŞEHİR,100 MM ÇAPLI ŞEBEKE HATTI ARIZASI,06/04/2023 09:48:21,06/04/2023 15:00:00,YENİSAHRA YAVUZ SELİM CADDESİ,"BARBAROS MAH,YENİSAHRA MAH"
405,ATAŞEHİR,150 MM ÇAPLI ŞEBEKE HATTI ARIZASI,12/08/2023 10:52:47,12/08/2023 17:00:00,YENİÇAMLICA MH DURSUNBEY CD,YENİ ÇAMLICA MAH
406,ATAŞEHİR,150 MM ÇAPLI ŞEBEKE HATTI ARIZASI,12/08/2023 12:10:39,12/08/2023 17:00:00,YENİÇAMLICA MH DURSUNBEY CD,"MEVLANA MAH,YENİ ÇAMLICA MAH"
407,ATAŞEHİR,100 MM ÇAPLI ŞEBEKE HATTI ARIZASI,28/11/2023 18:02:25,28/11/2023 23:59:00,YENİŞEHİR MH OLGUN SK NO 2,YENİŞEHİR MAH
408,ATAŞEHİR,100 MM ÇAPLI ŞEBEKE HATTI ARIZASI,20/10/2023 13:37:06,20/10/2023 18:00:00,YENİŞEHİR MH.İMAR İSKAN BLOKLARI,YENİŞEHİR MAH
409,ATAŞEHİR,100 MM ÇAPLI ŞEBEKE HATTI ARIZASI,30/03/2023 09:54:38,30/03/2023 14:00:00,ÖRNEK MAH. BIRNUR SK.,ÖRNEK MAH
410,ATAŞEHİR,100 MM ÇAPLI ŞEBEKE HATTI ARIZASI,23/11/2023 11:40:53,23/11/2023 15:00:00,ÖRNEK MAH. MELİHŞAH SK. N.5,ÖRNEK MAH
411,ATAŞEHİR,100 MM ÇAPLI ŞEBEKE HATTI ARIZASI,03/05/2023 17:03:14,03/05/2023 20:30:00,ÖRNEK MAHALLESI GÜDESTE SOKAK 26 ÖNÜ,ÖRNEK MAH
412,ATAŞEHİR,100 MM ÇAPLI ŞEBEKE HATTI ARIZASI,03/05/2023 17:07:44,03/05/2023 20:30:00,ÖRNEK MAHALLESI GÜLDESTE 26 ÖNÜ,ÖRNEK MAH
413,ATAŞEHİR,100 MM ÇAPLI ŞEBEKE HATTI ARIZASI,30/01/2024 11:47:46,30/01/2024 17:00:00,ÖRNEK MAHALLESI PEYAMI SEFA SOKAK,ÖRNEK MAH
414,ATAŞEHİR,100 MM ÇAPLI ŞEBEKE HATTI ARIZASI,17/11/2023 16:58:46,17/11/2023 21:00:00,ÖRNEK MAHALLESI REVAN SOKAK,ÖRNEK MAH
415,ATAŞEHİR,100 MM ÇAPLI ŞEBEKE HATTI ARIZASI,14/07/2023 14:50:23,14/07/2023 20:00:00,ÖRNEK MH.DR.SÜPHİ EZGİ.NO:8,ÖRNEK MAH
416,ATAŞEHİR,100 MM ÇAPLI ŞEBEKE HATTI ARIZASI,31/08/2023 14:49:42,31/08/2023 19:00:00,ÖRNEK MH.KILIÇ ALİ PAŞA SK.,"FETİH MAH,ÖRNEK MAH"
417,ATAŞEHİR,100 MM ÇAPLI ŞEBEKE HATTI ARIZASI,29/08/2023 10:21:29,29/08/2023 13:00:00,ÖRNEK MH.SOKAK İÇİ,ÖRNEK MAH
418,ATAŞEHİR,100 MM ÇAPLI ŞEBEKE HATTI ARIZASI,13/05/2023 11:53:56,13/05/2023 15:30:00,ÖRNEK MH.UYANIK SK.NO:10,ÖRNEK MAH
419,ATAŞEHİR,300 MM ÇAPLI ŞEBEKE HATTI ARIZASI,04/05/2023 02:34:52,04/05/2023 06:00:00,İCERENKÖY MH KAYISDAĞI CD METRO ŞANTİYESİ,İÇERENKÖY MAH
420,ATAŞEHİR,100 MM ÇAPLI ŞEBEKE HATTI ARIZASI,14/12/2023 15:24:41,14/12/2023 19:30:00,İNÖNÜ MAH. ALGELİNCİK SK. YEŞİL SK. KES.,İNÖNÜ MAH
421,ATAŞEHİR,150 MM ÇAPLI ŞEBEKE HATTI ARIZASI,26/09/2023 17:03:53,26/09/2023 22:00:00,İNÖNÜ MH KAİNAT CD 129,İNÖNÜ MAH
422,ATAŞEHİR,100 MM ÇAPLI ŞEBEKE HATTI ARIZASI,30/07/2023 17:32:03,30/07/2023 22:00:00,İNÖNÜ MH YURT SEVER CD,İNÖNÜ MAH
423,ATAŞEHİR,100 MM ÇAPLI ŞEBEKE HATTI ARIZASI,04/10/2023 19:00:48,05/10/2023 01:00:00,İÇERENKÖY MAH .YUVACIK SK. NO.7,İÇERENKÖY MAH
424,ATAŞEHİR,100 MM ÇAPLI ŞEBEKE HATTI ARIZASI,06/01/2024 12:20:57,06/01/2024 16:00:00,İÇERENKÖY MAH.  NADİR SK. İÇİ,İÇERENKÖY MAH
425,ATAŞEHİR,100 MM ÇAPLI ŞEBEKE HATTI ARIZASI,25/09/2023 15:51:03,25/09/2023 20:00:00,İÇERENKÖY MAH. SARMAŞIK SK. N. 14,İÇERENKÖY MAH
426,ATAŞEHİR,100 MM ÇAPLI ŞEBEKE HATTI ARIZASI,23/10/2023 10:14:15,23/10/2023 14:00:00,İÇERENKÖY MAH. TOPÇU İBRAHİM SK. N. 15,İÇERENKÖY MAH
427,ATAŞEHİR,100 MM ÇAPLI ŞEBEKE HATTI ARIZASI,29/09/2023 12:43:12,29/09/2023 17:00:00,İÇERENKÖY MH TOPÇU İBRAHİM SK NO 21,İÇERENKÖY MAH
428,ATAŞEHİR,100 MM ÇAPLI ŞEBEKE HATTI ARIZASI,13/10/2023 13:59:50,13/10/2023 21:00:00,İÇERENKÖY MH.ŞAFAK CAMİ SK.NO:19,İÇERENKÖY MAH
429,AVCILAR,100 MM ÇAPLI ŞEBEKE HATTI ARIZASI,11/08/2023 10:44:35,11/08/2023 14:30:00,AKŞEMSETTİN 229 SOKAK,YEŞİLKENT MH
430,AVCILAR,500 MM ÇAPLI ANA İSALE HATTI ARIZASI,21/05/2023 14:26:39,21/05/2023 18:00:00,ALİ FUAT BAŞGİL CADDESİ,"AMBARLI MAH,CİHANGİR MAH,DENİZKÖŞKLER MAH"
431,AVCILAR,ŞEBEKE HATTI VANA MONTAJI/DEĞİŞİMİ,18/07/2023 09:47:25,18/07/2023 15:00:00,AMBARLI MAH ŞAHİN CAD SAĞLIK OCAĞI ÖNÜ,AMBARLI MAH
432,AVCILAR,100 MM ÇAPLI ŞEBEKE HATTI ARIZASI,06/12/2023 10:57:54,06/12/2023 15:00:00,AMBARLI MAH. AŞIK VEYSEL SOKAK,AMBARLI MAH
433,AVCILAR,150 MM ÇAPLI ŞEBEKE HATTI ARIZASI,12/10/2023 12:41:25,12/10/2023 21:00:00,AMBARLI MAHALLESİ GÜVENEL BLOKLARI SOKAK,"AMBARLI MAH,CİHANGİR MAH,DENİZKÖŞKLER MAH,MERKEZ MAH"
434,AVCILAR,BASINÇ DÜŞÜKLÜĞÜ,15/08/2023 21:11:42,16/08/2023 04:00:00,AVCILAR,"AMBARLI MAH,CİHANGİR MAH,DENİZKÖŞKLER MAH,MERKEZ MAH"
435,AVCILAR,ARIZA SEBEBİ İLE BASINÇ DÜŞÜKLÜĞÜ,15/08/2023 03:34:44,15/08/2023 06:00:00,AVCILAR PETROL OFİSİ CAD.,"AMBARLI MAH,CİHANGİR MAH,DENİZKÖŞKLER MAH,MERKEZ MAH"
436,AVCILAR,ELEKTRİK ENERJİSİ PROBLEMİ,12/09/2023 17:58:02,12/09/2023 20:00:00,AVCILAR TERFİ,"AMBARLI MAH,CİHANGİR MAH,DENİZKÖŞKLER MAH,FİRUZKÖY MAH,MERKEZ MAH,MERKEZ MAH,MUSTAFA KEMALPAŞA MAH,TAHTAKALE MAH,ÜNİVERSİTE MAH"
437,AVCILAR,500 MM ÇAPLI ANA İSALE HATTI ARIZASI,14/08/2023 16:38:07,14/08/2023 23:59:00,AVCILAR- PETROL OFİSİ CAD.,"AMBARLI MAH,CİHANGİR MAH,DENİZKÖŞKLER MAH,MERKEZ MAH"
438,AVCILAR,100 MM ÇAPLI ŞEBEKE HATTI ARIZASI,12/08/2023 17:53:55,12/08/2023 20:00:00,BALIKYOLU MAH 484  NO15,YEŞİLKENT MH
439,AVCILAR,100 MM ÇAPLI ŞEBEKE HATTI ARIZASI,31/12/2023 13:37:08,31/12/2023 17:00:00,BAŞAK ŞEHİR ŞAHİNTEPESİ,TAHTAKALE MAH
440,AVCILAR,100 MM ÇAPLI ŞEBEKE HATTI ARIZASI,08/06/2023 17:01:38,08/06/2023 23:00:00,CIHANGIR ŞHT YAVUZ BAHAR SOKAKIÇI,CİHANGİR MAH
441,AVCILAR,ŞEBEKE HATTI VANA MONTAJI/DEĞİŞİMİ,11/05/2023 12:06:12,11/05/2023 15:06:00,CİHANGİR MAH ALİ FUAT BAŞGİL,"CİHANGİR MAH,MERKEZ MAH"
442,AVCILAR,ŞEBEKE HATTI VANA MONTAJI/DEĞİŞİMİ,11/12/2023 17:01:12,11/12/2023 22:00:00,CİHANGİR MAH GÜNER SOKAK NO.25,"AMBARLI MAH,CİHANGİR MAH,MERKEZ MAH"
443,AVCILAR,150 MM ÇAPLI ŞEBEKE HATTI ARIZASI,05/06/2023 16:52:00,05/06/2023 21:30:00,CİHANGİR MAH MİGROS SOKAK,CİHANGİR MAH
444,AVCILAR,100 MM ÇAPLI ŞEBEKE HATTI ARIZASI,14/12/2023 12:52:00,14/12/2023 18:00:00,CİHANGİR MAH PETROL OFİSİ CADDESİ İLE ŞHT MURAT ALTINTAŞ KESİŞİM,"AMBARLI MAH,CİHANGİR MAH"
445,AVCILAR,ŞEBEKE HATTI VANA MONTAJI/DEĞİŞİMİ,07/02/2024 13:07:27,07/02/2024 18:00:00,CİHANGİR MAH ŞHT TURAN SELVİ SOKAK,CİHANGİR MAH
446,AVCILAR,ŞEBEKE HATTI VANA MONTAJI/DEĞİŞİMİ,13/02/2024 16:15:38,13/02/2024 19:00:00,CİHANGİR MAH ŞHT TURAN SELVİ SOKAK İÇİ,"CİHANGİR MAH,MERKEZ MAH"
447,AVCILAR,100 MM ÇAPLI ŞEBEKE HATTI ARIZASI,03/11/2023 15:45:17,03/11/2023 19:00:00,CİHANGİR MAH ŞHT UĞUR HACI SOKAK İLE PETROL OFİSİ CAD KESİŞİM,CİHANGİR MAH
448,AVCILAR,100 MM ÇAPLI ŞEBEKE HATTI ARIZASI,17/12/2023 11:50:04,17/12/2023 17:00:00,CİHANGİR MAH. KONUK SOKAK NO:26,"CİHANGİR MAH,MERKEZ MAH"
449,AVCILAR,100 MM ÇAPLI ŞEBEKE HATTI ARIZASI,22/05/2023 10:23:49,22/05/2023 18:30:00,CİHANGİR MAH. PETROL OFİSİ CADDESİ İLE ŞHT AYHAN ARSLAN ARASI,CİHANGİR MAH
450,AVCILAR,100 MM ÇAPLI ŞEBEKE HATTI ARIZASI,08/04/2023 11:52:56,08/04/2023 14:52:00,CİHANGİR MAH. PETROL OFİSİ CADDESİ İLE ŞHT AYHAN ASLAN KESİŞİM,CİHANGİR MAH
451,AVCILAR,100 MM ÇAPLI ŞEBEKE HATTI ARIZASI,21/07/2023 15:20:49,21/07/2023 20:30:00,CİHANGİR MAH. SOFU SOKAK,"CİHANGİR MAH,MERKEZ MAH"
452,AVCILAR,ŞEBEKE HATTI VANA MONTAJI/DEĞİŞİMİ,06/10/2023 15:29:42,06/10/2023 20:30:00,CİHANGİR MAH.İPLİK SOKAK,CİHANGİR MAH
453,AVCILAR,100 MM ÇAPLI ŞEBEKE HATTI ARIZASI,07/10/2023 11:25:25,07/10/2023 14:30:00,CİHANGİR MAHALLESİ KİRAZLI CADDESİ DOKUZGÖKLER SOKAK KESİŞİM,CİHANGİR MAH
454,AVCILAR,100 MM ÇAPLI ŞEBEKE HATTI ARIZASI,04/04/2023 19:00:07,04/04/2023 22:00:00,CİHANGİR MAHALLESİ ŞEHİT AYHAN ARSLAN SOKAK,CİHANGİR MAH
455,AVCILAR,100 MM ÇAPLI ŞEBEKE HATTI ARIZASI,30/10/2023 17:03:02,30/10/2023 20:03:00,CİHANGİR MH DOKUZGÖKLER SOKAK,CİHANGİR MAH
456,AVCILAR,150 MM ÇAPLI ŞEBEKE HATTI ARIZASI,08/04/2023 23:50:33,09/04/2023 06:00:00,DENİZKÖŞKLER MAH RÜZGARLI SOK,"AMBARLI MAH,DENİZKÖŞKLER MAH,MERKEZ MAH"
457,AVCILAR,150 MM ÇAPLI ŞEBEKE HATTI ARIZASI,09/02/2024 16:58:55,09/02/2024 19:00:00,DENİZKÖŞKLER MAH.DÜNDAR SOKAK NO:5,DENİZKÖŞKLER MAH
458,AVCILAR,100 MM ÇAPLI ŞEBEKE HATTI ARIZASI,18/03/2023 10:11:26,18/03/2023 13:11:00,FİRUZKÖY MAH BAYINDIR SOKAK İÇİ,FİRUZKÖY MAH
459,AVCILAR,100 MM ÇAPLI ŞEBEKE HATTI ARIZASI,16/02/2024 12:19:18,16/02/2024 15:30:00,FİRUZKÖY MAH. EMEK SOKAK NO:2,"FİRUZKÖY MAH,YEŞİLKENT MH"
460,AVCILAR,100 MM ÇAPLI ŞEBEKE HATTI ARIZASI,09/10/2023 16:13:25,09/10/2023 21:30:00,FİRUZKÖY MAH.ÜLKEM SOKAK,FİRUZKÖY MAH
461,AVCILAR,ANA İSALE HATTI VANA ARIZASI,30/05/2023 12:32:29,30/05/2023 16:00:00,FİRUZKÖY MAHALLESİ,"FİRUZKÖY MAH,YEŞİLKENT MH"
462,AVCILAR,500 MM ÇAPLI ANA İSALE HATTI ARIZASI,01/08/2023 09:46:02,01/08/2023 17:00:00,FİRÜZKÖY-AMASYALILAR CD.,"TAHTAKALE MAH,YEŞİLKENT MH"
463,AVCILAR,100 MM ÇAPLI ŞEBEKE HATTI ARIZASI,08/07/2023 07:30:42,08/07/2023 12:30:00,GÜMÜŞPALA MAH E-5 YANYOL,GÜMÜSPALA MAH
464,AVCILAR,ŞEBEKE HATTI VANA MONTAJI/DEĞİŞİMİ,16/05/2023 11:48:44,16/05/2023 16:00:00,GÜMÜŞPALA MAH E-5 YANYOL NO:2,GÜMÜSPALA MAH
465,AVCILAR,100 MM ÇAPLI ŞEBEKE HATTI ARIZASI,20/01/2024 11:44:49,20/01/2024 15:00:00,GÜMÜŞPALA MAH HACIKADIN SOKAK NO.57,GÜMÜSPALA MAH
466,AVCILAR,100 MM ÇAPLI ŞEBEKE HATTI ARIZASI,17/01/2024 10:54:20,17/01/2024 14:00:00,"GÜMÜŞPALA MAH KARAYOLLARI CD NO,28",GÜMÜSPALA MAH
467,AVCILAR,100 MM ÇAPLI ŞEBEKE HATTI ARIZASI,05/02/2024 12:51:02,05/02/2024 16:00:00,GÜMÜŞPALA MAH SEYİSOĞLU SOKAK NO.28,GÜMÜSPALA MAH
468,AVCILAR,ŞEBEKE HATTI VANA MONTAJI/DEĞİŞİMİ,16/05/2023 16:06:33,16/05/2023 19:06:00,GÜMÜŞPALA MAH TÜRKMEN SOKAK İLE GÜMÜŞPALA CAD KESİŞİM,GÜMÜSPALA MAH
469,AVCILAR,100 MM ÇAPLI ŞEBEKE HATTI ARIZASI,14/08/2023 15:54:42,14/08/2023 20:00:00,"MERKEZ MAH E-5 YANYOL NO,133",MERKEZ MAH
470,AVCILAR,100 MM ÇAPLI ŞEBEKE HATTI ARIZASI,15/08/2023 11:20:11,15/08/2023 14:30:00,MERKEZ MAH. REŞİTAPAŞA CADDESİ,"AMBARLI MAH,CİHANGİR MAH,DENİZKÖŞKLER MAH,MERKEZ MAH"
471,AVCILAR,TERFİ  MERKEZİ ARIZASI,24/09/2023 13:43:24,24/09/2023 23:59:00,SAZLIDERE,"CİHANGİR MAH,FİRUZKÖY MAH,MERKEZ MAH,MUSTAFA KEMALPAŞA MAH,TAHTAKALE MAH,ÜNİVERSİTE MAH"
472,AVCILAR,ARIZA SEBEBİ İLE BASINÇ DÜŞÜKLÜĞÜ,14/09/2023 00:27:12,14/09/2023 11:00:00,SEFAKÖY TERFİ,"AMBARLI MAH,CİHANGİR MAH,DENİZKÖŞKLER MAH,FİRUZKÖY MAH,MERKEZ MAH,MUSTAFA KEMALPAŞA MAH,TAHTAKALE MAH,ÜNİVERSİTE MAH"
473,AVCILAR,100 MM ÇAPLI ŞEBEKE HATTI ARIZASI,17/01/2024 09:44:52,17/01/2024 16:00:00,SULTANİYE MAH.  637 SK,YEŞİLKENT MH
474,AVCILAR,300 MM ÇAPLI ŞEBEKE HATTI ARIZASI,04/07/2023 09:34:12,04/07/2023 15:00:00,TAHTAKALE MAH ESKİ İSTANBUL CAD,TAHTAKALE MAH
475,AVCILAR,ŞEBEKE HATTI VANA MONTAJI/DEĞİŞİMİ,27/09/2023 14:33:18,27/09/2023 19:00:00,"TAHTAKALE MAH OKUL YOLU CD NO,1",TAHTAKALE MAH
476,AVCILAR,300 MM ÇAPLI ŞEBEKE HATTI ARIZASI,29/06/2023 13:02:32,29/06/2023 17:02:00,TAHTAKALE MAH. ESKİ İSTANBUL CADDESİ,TAHTAKALE MAH
477,AVCILAR,100 MM ÇAPLI ŞEBEKE HATTI ARIZASI,22/12/2023 10:08:21,22/12/2023 17:00:00,YENİKENT MAHALLESİ 665 SOKAK,YEŞİLKENT MH
478,AVCILAR,100 MM ÇAPLI ŞEBEKE HATTI ARIZASI,16/11/2023 22:05:13,17/11/2023 04:00:00,YEŞİLKENT FATİH CADDESİ İLE -621 SK KESİŞİM,YEŞİLKENT MH
479,AVCILAR,100 MM ÇAPLI ŞEBEKE HATTI ARIZASI,01/09/2023 15:07:50,01/09/2023 21:00:00,"YEŞİLKENT MAH FATİH CAD NO,31",YEŞİLKENT MH
480,AVCILAR,100 MM ÇAPLI ŞEBEKE HATTI ARIZASI,22/08/2023 14:19:11,22/08/2023 17:27:00,"YEŞİLKENT MAH FATİH1 CAD NO,3",YEŞİLKENT MH
481,AVCILAR,100 MM ÇAPLI ŞEBEKE HATTI ARIZASI,14/09/2023 10:02:29,14/09/2023 15:00:00,YEŞİLKENT MAH FATİH1 CADDESİ İLE G-149 SK KESİŞİM,YEŞİLKENT MH
482,AVCILAR,100 MM ÇAPLI ŞEBEKE HATTI ARIZASI,29/08/2023 08:05:43,29/08/2023 14:08:00,YEŞİLKENT MAH FATİH1 CADDESİ İLE G-603 KESİŞİM,YEŞİLKENT MH
483,AVCILAR,100 MM ÇAPLI ŞEBEKE HATTI ARIZASI,02/09/2023 13:55:05,02/09/2023 16:55:00,YEŞİLKENT MAH FATİH1 CADDESİ İLE G-614 KESİŞİM,YEŞİLKENT MH
484,AVCILAR,100 MM ÇAPLI ŞEBEKE HATTI ARIZASI,10/12/2023 13:01:59,10/12/2023 17:00:00,YEŞİLKENT MAH. ATATÜRK CADDESİ BİRLİK CADDESİ KESİŞİM,YEŞİLKENT MH
485,AVCILAR,150 MM ÇAPLI ŞEBEKE HATTI ARIZASI,04/07/2023 23:12:02,05/07/2023 05:00:00,YEŞİLKENT MAH. ATİLLA İLHAN CAD. 596 SOK. KESİŞİMİ,YEŞİLKENT MH
486,AVCILAR,100 MM ÇAPLI ŞEBEKE HATTI ARIZASI,04/07/2023 16:25:52,04/07/2023 21:30:00,YEŞİLKENT MAH. ATİLLA İLHAN CADDESİ,YEŞİLKENT MH
487,AVCILAR,100 MM ÇAPLI ŞEBEKE HATTI ARIZASI,28/08/2023 09:43:06,28/08/2023 13:00:00,"YEŞİLKENT MAH. FATİH1 CAD.NO,3",YEŞİLKENT MH
488,AVCILAR,100 MM ÇAPLI ŞEBEKE HATTI ARIZASI,26/08/2023 14:40:38,26/08/2023 16:40:00,YEŞİLKENT MAH. FATİH1 CADDESİ,YEŞİLKENT MH
489,AVCILAR,100 MM ÇAPLI ŞEBEKE HATTI ARIZASI,23/09/2023 17:49:55,23/09/2023 23:49:00,YEŞİLKENT MAH. FATİH1 CD İLE G-626 KESİŞİM,YEŞİLKENT MH
490,AVCILAR,100 MM ÇAPLI ŞEBEKE HATTI ARIZASI,14/10/2023 17:21:37,14/10/2023 21:30:00,YEŞİLKENT MAH. G-221 SOKAK İÇİ,YEŞİLKENT MH
491,AVCILAR,100 MM ÇAPLI ŞEBEKE HATTI ARIZASI,09/06/2023 15:05:27,09/06/2023 19:00:00,YEŞİLKENT MAH. G-40 İLE G-76 KESİŞİM SOKAK,YEŞİLKENT MH
492,AVCILAR,150 MM ÇAPLI ŞEBEKE HATTI ARIZASI,11/07/2023 18:24:36,11/07/2023 23:59:00,YEŞİLKENT MAH.ATİLLA İLHAN NO16,YEŞİLKENT MH
493,AVCILAR,100 MM ÇAPLI ŞEBEKE HATTI ARIZASI,30/11/2023 18:31:22,30/11/2023 22:30:00,YEŞİLKENT MAH.FATİH CAD NO 31,YEŞİLKENT MH
494,AVCILAR,150 MM ÇAPLI ŞEBEKE HATTI ARIZASI,30/09/2023 17:47:54,30/09/2023 23:00:00,"YEŞİLKENT MAH.FATİH1 CAD NO,3",YEŞİLKENT MH
495,AVCILAR,100 MM ÇAPLI ŞEBEKE HATTI ARIZASI,05/12/2023 14:02:14,05/12/2023 17:00:00,YEŞİLKENT MAH.G-209 SOKAK NO.7,YEŞİLKENT MH
496,AVCILAR,100 MM ÇAPLI ŞEBEKE HATTI ARIZASI,17/12/2023 17:27:42,17/12/2023 21:30:00,YEŞİLKENT MAH.G-653 SOKAK NO1,YEŞİLKENT MH
497,AVCILAR,100 MM ÇAPLI ŞEBEKE HATTI ARIZASI,23/08/2023 09:49:33,23/08/2023 16:00:00,YEŞİLKENT MAH.G-813 SOKAK NO.2,YEŞİLKENT MH
498,AVCILAR,100 MM ÇAPLI ŞEBEKE HATTI ARIZASI,28/08/2023 12:25:26,28/08/2023 17:30:00,YEŞİLKENT MAHALLESİ FATİH 1 CADDESİ G-614 SOKAK KESİŞİM,YEŞİLKENT MH
499,AVCILAR,100 MM ÇAPLI ŞEBEKE HATTI ARIZASI,30/06/2023 22:26:03,01/07/2023 03:00:00,YUNUS EMRE MH 448 SK,YEŞİLKENT MH
500,AVCILAR,ARIZA SEBEBİ İLE BASINÇ DÜŞÜKLÜĞÜ,26/09/2023 02:37:11,26/09/2023 08:00:00,İKİTELLİ STT,"MUSTAFA KEMALPAŞA MAH,ÜNİVERSİTE MAH"
501,AVCILAR,ANA İSALE HATTI YENİLEMESİ,19/06/2023 05:49:47,20/06/2023 06:00:00,İKİTELLİ-TERKOS,"TAHTAKALE MAH,YEŞİLKENT MH"
502,AVCILAR,100 MM ÇAPLI ŞEBEKE HATTI ARIZASI,09/12/2023 11:24:22,09/12/2023 17:30:00,İNÖNÜ MAH. 410 SK,YEŞİLKENT MH
503,AVCILAR,ELEKTRİK ENERJİSİ PROBLEMİ,20/12/2023 01:12:45,20/12/2023 04:00:00,ŞAHİNTEPE TERFİ,"AMBARLI MAH,CİHANGİR MAH,FİRUZKÖY MAH,MERKEZ MAH,MUSTAFA KEMALPAŞA MAH,TAHTAKALE MAH,ÜNİVERSİTE MAH"
504,AVCILAR,TERFİ  MERKEZİ ARIZASI,15/09/2023 21:43:28,15/09/2023 23:59:00,ŞAHİNTEPE TERFİ MERKEZİ,"CİHANGİR MAH,MERKEZ MAH,TAHTAKALE MAH"
505,B.ÇEKMECE,150 MM ÇAPLI ŞEBEKE HATTI ARIZASI,11/08/2023 09:56:26,11/08/2023 14:00:00, ALKENT 2000 MAHALLESI ORGENERAL İZZETTIN AKSULAR CADDESI,ALKENT 2000 MAH.
506,B.ÇEKMECE,100 MM ÇAPLI ŞEBEKE HATTI ARIZASI,28/09/2023 14:06:55,28/09/2023 17:00:00, GÜZELCE MAH. ŞAIR 1 SK. X ASIR SK,GÜZELCE MAH
507,B.ÇEKMECE,200 MM ÇAPLI ŞEBEKE HATTI ARIZASI,13/02/2024 09:34:45,13/02/2024 16:00:00, ÇAKMAKLI MAHALLESI MEHMET YEŞILGÜL BULVARINDA,ÇAKMAKLI MAH.
508,B.ÇEKMECE,100 MM ÇAPLI ŞEBEKE HATTI ARIZASI,15/06/2023 12:33:15,15/06/2023 14:30:00,19 MAYIS HİLAL CADDESİ,"19 MAYIS MAH,DİZDARİYE MAH"
509,B.ÇEKMECE,100 MM ÇAPLI ŞEBEKE HATTI ARIZASI,17/01/2024 11:50:57,17/01/2024 13:00:00,19 MAYIS MAH. ÇİÇEK SOKAK,"19 MAYIS MAH,DİZDARİYE MAH"
510,B.ÇEKMECE,100 MM ÇAPLI ŞEBEKE HATTI ARIZASI,21/02/2023 11:54:40,21/02/2023 15:00:00,19 MAYIS NUTUK CADDESİ,"19 MAYIS MAH,DİZDARİYE MAH"
511,B.ÇEKMECE,100 MM ÇAPLI ŞEBEKE HATTI ARIZASI,26/12/2023 13:03:03,26/12/2023 15:00:00,ALKENT 2000 MAH. İZZET AKSALUR CD.,ALKENT 2000 MAH.
512,B.ÇEKMECE,100 MM ÇAPLI ŞEBEKE HATTI ARIZASI,01/08/2023 15:41:42,01/08/2023 19:30:00,ALKENT 2000 MAHLLESİ MEHMET YEŞİLGÜL BULVARI,ALKENT 2000 MAH.
513,B.ÇEKMECE,200 MM ÇAPLI ŞEBEKE HATTI ARIZASI,27/10/2023 14:05:22,27/10/2023 18:00:00,ALKENT 2000 MAHLLESİ MEHMET YEŞİLGÜL BULVARI,ALKENT 2000 MAH.
514,B.ÇEKMECE,150 MM ÇAPLI ŞEBEKE HATTI ARIZASI,29/07/2023 20:45:31,30/07/2023 01:00:00,ATATATÜRK MAH.  HILAL 86 CD.,ATATÜRK MAH
515,B.ÇEKMECE,150 MM ÇAPLI ŞEBEKE HATTI ARIZASI,03/08/2023 00:23:41,03/08/2023 14:00:00,ATATATÜRK MAH.  HILAL 86 CD.,ATATÜRK MAH
516,B.ÇEKMECE,100 MM ÇAPLI ŞEBEKE HATTI ARIZASI,09/09/2023 10:12:03,09/09/2023 16:00:00,ATATATÜRK MAH.  HILAL 86 CD.,"ATATÜRK MAH,ATATÜRK MAH"
517,B.ÇEKMECE,200 MM ÇAPLI ŞEBEKE HATTI ARIZASI,06/05/2023 10:57:20,06/05/2023 15:00:00,ATATÜRK MAH. GÜNEŞ 1 SK,ATATÜRK MAH
518,B.ÇEKMECE,100 MM ÇAPLI ŞEBEKE HATTI ARIZASI,20/07/2023 18:50:50,20/07/2023 23:00:00,ATATÜRK MAH. ZEKI MÜREN SK.,ATATÜRK MAH
519,B.ÇEKMECE,100 MM ÇAPLI ŞEBEKE HATTI ARIZASI,25/12/2023 20:12:04,25/12/2023 21:00:00,ATATÜRK MAHALLESİ EMRE SOKAK,ATATÜRK MAH
520,B.ÇEKMECE,150 MM ÇAPLI ŞEBEKE HATTI ARIZASI,15/07/2023 10:28:23,15/07/2023 14:30:00,ATATÜRK MAHALLESİ HİLAL 86 CADDESİ,"ATATÜRK MAH,CUMHURİYET MAH"
521,B.ÇEKMECE,100 MM ÇAPLI ŞEBEKE HATTI ARIZASI,28/02/2023 08:49:02,28/02/2023 14:30:00,ATATÜRK MAHALLESİ PARMAKSIZ CADDESİ,ATATÜRK MAH
522,B.ÇEKMECE,ANA İSALE HATTINA DEBİMETRE MONTAJI / DEĞİŞİMİ,14/09/2023 19:55:16,15/09/2023 08:00:00,B.ÇEKMECE CELALIYE DEPO ÇIKIŞI,"BAHÇELİEVLER MAH,CELALİYE MAH,GÜZELCE MAH,KAMİLOBA MAH,KUMBURGAZ MAH,YENİMAHALLE"
523,B.ÇEKMECE,300 MM ÇAPLI ŞEBEKE HATTI ARIZASI,08/11/2023 09:40:23,08/11/2023 13:00:00,B.ÇEKMECE CELALIYE MAH. 19 MAYIS CAD.  KAHRAMAN MEHMETCIK CD. KESIŞIM,"CELALİYE MAH,KAMİLOBA MAH,KUMBURGAZ MAH"
524,B.ÇEKMECE,150 MM ÇAPLI ŞEBEKE HATTI ARIZASI,27/12/2023 16:33:54,27/12/2023 18:00:00,B.ÇEKMECE CELALIYE MAH. ATATÜRK 1 CD.,CELALİYE MAH
525,B.ÇEKMECE,100 MM ÇAPLI ŞEBEKE HATTI ARIZASI,26/10/2023 14:33:08,26/10/2023 18:00:00,B.ÇEKMECE CELALIYE MAH. BOZKURT CAD. SARP1 SK KESIŞIMINDE,"CELALİYE MAH,KAMİLOBA MAH"
526,B.ÇEKMECE,200 MM ÇAPLI ŞEBEKE HATTI ARIZASI,01/02/2024 09:27:01,01/02/2024 18:00:00,B.ÇEKMECE DIZDARIYE MAH. PERVIN SK. KARAAĞAÇ SK. KESIŞIM NOKTASINDA,DİZDARİYE MAH
527,B.ÇEKMECE,100 MM ÇAPLI ŞEBEKE HATTI ARIZASI,18/01/2024 18:10:42,18/01/2024 20:00:00,B.ÇEKMECE DIZDARIYE MAH. REHA CD.,DİZDARİYE MAH
528,B.ÇEKMECE,100 MM ÇAPLI ŞEBEKE HATTI ARIZASI,21/12/2023 09:24:57,21/12/2023 12:00:00,B.ÇEKMECE GÜZELCE MAH. ÖZEL SK.,GÜZELCE MAH
529,B.ÇEKMECE,100 MM ÇAPLI ŞEBEKE HATTI ARIZASI,23/01/2024 14:20:03,23/01/2024 16:00:00,B.ÇEKMECE HÜRRIYET MAH. DICLE SK.,HÜRRİYET MAH.
530,B.ÇEKMECE,1400 MM ÇAPLI ANA İSALE HATTI ARIZASI,28/11/2023 14:07:55,28/11/2023 18:00:00,B.ÇEKMECE MİMARSİNAN,"AHMEDİYE MAH.,BAHÇELİEVLER MAH,CELALİYE MAH,EKİNOBA MAH,GÜZELCE MAH,HÜRRİYET MAH.,KAMİLOBA MAH,KUMBURGAZ MAH,MURAT ÇEŞME MAH.,MİMAROBA MAH,MİMARSİNAN MAH,SİNANOBA MAH,TÜRKOBA MAH.,ULUS MAH.,YENİMAHALLE"
531,B.ÇEKMECE,1400 MM ÇAPLI ANA İSALE HATTI ARIZASI,28/11/2023 19:27:56,28/11/2023 22:00:00,B.ÇEKMECE MİMARSİNAN,"AHMEDİYE MAH.,BAHÇELİEVLER MAH,CELALİYE MAH,EKİNOBA MAH,GÜZELCE MAH,HÜRRİYET MAH.,KAMİLOBA MAH,KUMBURGAZ MAH,MURAT ÇEŞME MAH.,MİMAROBA MAH,MİMARSİNAN MAH,SİNANOBA MAH,TÜRKOBA MAH.,TÜRKOBA MAH.,ULUS MAH.,YENİMAHALLE"
532,B.ÇEKMECE,700 MM  ÇAPLI ANA İSALE HATTI ARIZASI,14/03/2023 09:51:28,14/03/2023 18:00:00,B.ÇEKMECE- BAĞLAR,"HÜRRİYET MAH.,MURAT ÇEŞME MAH.,TÜRKOBA MAH."
533,B.ÇEKMECE,150 MM ÇAPLI ŞEBEKE HATTI ARIZASI,15/09/2023 16:25:01,15/09/2023 19:00:00,BAHÇELİEVLER MAH. AYDINLAR CD.,"BAHÇELİEVLER MAH,BAHÇELİEVLER MAH,BAHÇELİEVLER MAH,GÜZELCE MAH,GÜZELCE MAH,GÜZELCE MAH"
534,B.ÇEKMECE,100 MM ÇAPLI ŞEBEKE HATTI ARIZASI,02/11/2023 23:49:18,03/11/2023 02:00:00,BAHÇELİEVLER MAH. LIDER,BAHÇELİEVLER MAH
535,B.ÇEKMECE,100 MM ÇAPLI ŞEBEKE HATTI ARIZASI,08/12/2023 10:37:14,08/12/2023 12:30:00,BAHÇELİEVLER MAH. PATTARA SOK.,BAHÇELİEVLER MAH
536,B.ÇEKMECE,700 MM  ÇAPLI ANA İSALE HATTI ARIZASI,27/12/2023 09:58:37,27/12/2023 19:00:00,BAĞLAR TERFI,"HÜRRİYET MAH.,MURAT ÇEŞME MAH.,MİMARSİNAN MAH,TÜRKOBA MAH."
537,B.ÇEKMECE,VANTUZ ARIZASI,23/09/2023 11:09:27,23/09/2023 14:00:00,BEYLIKDÜZÜ KAVAKLI DEPO ÇIKIŞI,"19 MAYIS MAH,ATATÜRK MAH,CUMHURİYET MAH,DİZDARİYE MAH,FATİH MAH,PINARTEPE MAH."
538,B.ÇEKMECE,TERFİ  MERKEZİ ARIZASI,18/07/2023 11:21:08,18/07/2023 16:00:00,BEYLİKDÜZÜ TERFİ,"HÜRRİYET MAH.,KARAAĞAÇ MAH.,PINARTEPE MAH.,ÇAKMAKLI MAH."
539,B.ÇEKMECE,500 MM ÇAPLI ANA İSALE HATTI ARIZASI,26/08/2023 20:35:47,27/08/2023 02:00:00,BEYLİKDÜZÜ ÇAKMAKLI MAH.,"ALKENT 2000 MAH.,CUMHURİYET MAH,KARAAĞAÇ MAH.,ÇAKMAKLI MAH."
540,B.ÇEKMECE,250 MM ÇAPLI ŞEBEKE HATTI ARIZASI,13/12/2023 13:14:16,13/12/2023 17:00:00,BÜYÜKÇEKMECE ILÇESI KUMBURGAZ MAHALLESI ISTANBUL CADDESI'NDE,"CELALİYE MAH,KAMİLOBA MAH,KUMBURGAZ MAH,YENİMAHALLE"
541,B.ÇEKMECE,300 MM ÇAPLI ŞEBEKE HATTI ARIZASI,13/02/2024 11:21:33,13/02/2024 18:00:00,BÜYÜKÇEKMECE ILÇESI TÜRKOBA MAHALLESI FIRAT PLASTIK CADDESI',"BAHÇELİEVLER MAH,TÜRKOBA MAH."
542,B.ÇEKMECE,700 MM  ÇAPLI ANA İSALE HATTI ARIZASI,15/01/2024 13:58:07,15/01/2024 22:00:00,BÜYÜKÇEKMECE-19 MAYIS MH.,"19 MAYIS MAH,ATATÜRK MAH,CUMHURİYET MAH,DİZDARİYE MAH,FATİH MAH,PINARTEPE MAH."
543,B.ÇEKMECE,ANA İSALE HATTINA DEBİMETRE MONTAJI / DEĞİŞİMİ,24/10/2023 10:00:32,24/10/2023 18:00:00,BÜYÜKÇEKMECE-MURATÇEŞME,"EKİNOBA MAH,GÜZELCE MAH,HÜRRİYET MAH.,MURAT ÇEŞME MAH.,MİMAROBA MAH,MİMARSİNAN MAH,SİNANOBA MAH,TÜRKOBA MAH.,ULUS MAH."
544,B.ÇEKMECE,ANA İSALE HATTI DEPLASE ÇALIŞMASI,14/11/2023 08:58:05,14/11/2023 21:00:00,BÜYÜKÇEKMECE-SİLİVRİ,"AHMEDİYE MAH.,BAHÇELİEVLER MAH,CELALİYE MAH,EKİNOBA MAH,GÜZELCE MAH,HÜRRİYET MAH.,KAMİLOBA MAH,KUMBURGAZ MAH,MURAT ÇEŞME MAH.,MİMAROBA MAH,MİMARSİNAN MAH,SİNANOBA MAH,TÜRKOBA MAH.,ULUS MAH.,YENİMAHALLE"
545,B.ÇEKMECE,100 MM ÇAPLI ŞEBEKE HATTI ARIZASI,05/12/2023 14:02:46,05/12/2023 18:00:00,CELALIYE MAH. MALTEPE SK.,CELALİYE MAH
546,B.ÇEKMECE,ŞEBEKE HATTI DEPLASE ÇALIŞMASI,24/10/2023 11:28:04,24/10/2023 17:00:00,CELALIYE MAH. SARP 1 SK.,CELALİYE MAH
547,B.ÇEKMECE,100 MM ÇAPLI ŞEBEKE HATTI ARIZASI,15/09/2023 12:29:58,15/09/2023 15:00:00,CELALİYE ANAFARTARTALAR,CELALİYE MAH
548,B.ÇEKMECE,BASINÇ DÜŞÜKLÜĞÜ,30/08/2023 11:45:18,30/08/2023 18:00:00,CELALİYE DEPO,"CELALİYE MAH,KUMBURGAZ MAH"
549,B.ÇEKMECE,BASINÇ DÜŞÜKLÜĞÜ,15/09/2023 09:40:52,15/09/2023 15:00:00,CELALİYE DEPO,GÜZELCE MAH
550,B.ÇEKMECE,150 MM ÇAPLI ŞEBEKE HATTI ARIZASI,28/08/2023 09:41:02,28/08/2023 16:00:00,CELALİYE MAH BEYLERBEYİ CD.,CELALİYE MAH
551,B.ÇEKMECE,100 MM ÇAPLI ŞEBEKE HATTI ARIZASI,06/08/2023 15:35:10,06/08/2023 19:30:00,CELALİYE MAH SADABAT SOKAK NO 2,"CELALİYE MAH,KAMİLOBA MAH"
552,B.ÇEKMECE,100 MM ÇAPLI ŞEBEKE HATTI ARIZASI,12/10/2023 13:24:08,12/10/2023 16:00:00,CELALİYE MAH SİMRA SOKAK,CELALİYE MAH
553,B.ÇEKMECE,100 MM ÇAPLI ŞEBEKE HATTI ARIZASI,24/10/2023 13:01:51,24/10/2023 19:00:00,CELALİYE MAH.  MİMOZA SK.,CELALİYE MAH
554,B.ÇEKMECE,100 MM ÇAPLI ŞEBEKE HATTI ARIZASI,21/10/2023 13:19:26,21/10/2023 16:30:00,CELALİYE MAH. 19 MAYIS CAD. İLE AKDENİZ CAD. KESİŞİMİ,CELALİYE MAH
555,B.ÇEKMECE,150 MM ÇAPLI ŞEBEKE HATTI ARIZASI,23/01/2024 10:31:36,23/01/2024 14:30:00,CELALİYE MAH. ATATÜRK1 CAD. İLE ULUDERE SOK KESİŞİM,CELALİYE MAH
556,B.ÇEKMECE,300 MM ÇAPLI ŞEBEKE HATTI ARIZASI,24/12/2023 12:09:09,24/12/2023 18:00:00,CELALİYE MAH. BEYLERBEYİ CD.,CELALİYE MAH
557,B.ÇEKMECE,100 MM ÇAPLI ŞEBEKE HATTI ARIZASI,07/11/2023 16:50:35,07/11/2023 19:00:00,CELALİYE MAH. BOSKURT CD.,CELALİYE MAH
558,B.ÇEKMECE,150 MM ÇAPLI ŞEBEKE HATTI ARIZASI,27/10/2023 17:11:12,27/10/2023 20:00:00,CELALİYE MAH. KARŞIYAKA CD.,CELALİYE MAH
559,B.ÇEKMECE,100 MM ÇAPLI ŞEBEKE HATTI ARIZASI,08/12/2023 13:45:59,08/12/2023 15:00:00,CELALİYE MAH. SUMRU SK.,CELALİYE MAH
560,B.ÇEKMECE,100 MM ÇAPLI ŞEBEKE HATTI ARIZASI,02/11/2023 10:58:47,02/11/2023 16:00:00,"CELALİYE MAH. TÜRKAY SK, ATAĞAN SK.",CELALİYE MAH
561,B.ÇEKMECE,100 MM ÇAPLI ŞEBEKE HATTI ARIZASI,05/07/2023 11:41:52,05/07/2023 16:00:00,CELALİYE MAH. ULUS CADDESİ,CELALİYE MAH
562,B.ÇEKMECE,300 MM ÇAPLI ŞEBEKE HATTI ARIZASI,11/02/2024 12:58:24,11/02/2024 17:00:00,CELALİYE MAH. YÜKSEL SK.,"CELALİYE MAH,KAMİLOBA MAH,KUMBURGAZ MAH"
563,B.ÇEKMECE,100 MM ÇAPLI ŞEBEKE HATTI ARIZASI,20/10/2023 15:14:52,20/10/2023 20:00:00,CELALİYE MAH. İREM SK.,CELALİYE MAH
564,B.ÇEKMECE,100 MM ÇAPLI ŞEBEKE HATTI ARIZASI,14/12/2023 14:22:28,14/12/2023 19:00:00,CELALİYE MAH. İSTANBUL CADDESİ,"CELALİYE MAH,KAMİLOBA MAH"
565,B.ÇEKMECE,100 MM ÇAPLI ŞEBEKE HATTI ARIZASI,10/03/2023 10:12:21,10/03/2023 17:00:00,CELALİYE MAH.AZRA SOKAK,CELALİYE MAH
566,B.ÇEKMECE,100 MM ÇAPLI ŞEBEKE HATTI ARIZASI,12/08/2023 12:21:53,12/08/2023 16:00:00,CELALİYE MAH.ESENTEPE CAD.,CELALİYE MAH
567,B.ÇEKMECE,100 MM ÇAPLI ŞEBEKE HATTI ARIZASI,23/02/2023 14:52:54,23/02/2023 17:30:00,CELALİYE MAHALLESİ BESŞİKTAŞ SOKAK,CELALİYE MAH
568,B.ÇEKMECE,100 MM ÇAPLI ŞEBEKE HATTI ARIZASI,23/06/2023 16:13:21,23/06/2023 18:00:00,CELALİYE MAHALLESİ TUNÇLAR SOKAK,CELALİYE MAH
569,B.ÇEKMECE,100 MM ÇAPLI ŞEBEKE HATTI ARIZASI,16/07/2023 12:46:45,16/07/2023 16:16:00,CELALİYE SADABAT SK,"CELALİYE MAH,KAMİLOBA MAH"
570,B.ÇEKMECE,100 MM ÇAPLI ŞEBEKE HATTI ARIZASI,02/02/2024 09:50:27,02/02/2024 13:00:00,CUMHURIYET MAH. CENAP SK,CUMHURİYET MAH
571,B.ÇEKMECE,150 MM ÇAPLI ŞEBEKE HATTI ARIZASI,19/08/2023 11:38:51,19/08/2023 14:30:00,CUMHURIYET MAH. TURGUT ÖZAL BULVARI,"ATATÜRK MAH,CUMHURİYET MAH"
572,B.ÇEKMECE,100 MM ÇAPLI ŞEBEKE HATTI ARIZASI,10/10/2023 14:53:49,10/10/2023 19:00:00,CUMHURIYET MAH. ÖZLEM CD.,"ATATÜRK MAH,CUMHURİYET MAH"
573,B.ÇEKMECE,100 MM ÇAPLI ŞEBEKE HATTI ARIZASI,10/10/2023 19:58:41,10/10/2023 23:00:00,CUMHURIYET MAH. ÖZLEM CD.,"ATATÜRK MAH,CUMHURİYET MAH"
574,B.ÇEKMECE,100 MM ÇAPLI ŞEBEKE HATTI ARIZASI,24/10/2023 16:55:31,24/10/2023 20:00:00,CUMHURİYET MAH. BEYZADE CAD.,CUMHURİYET MAH
575,B.ÇEKMECE,100 MM ÇAPLI ŞEBEKE HATTI ARIZASI,26/07/2023 15:18:39,26/07/2023 19:00:00,CUMHURİYET MAH.ESKİ HADIMKÖY YOLU CAD.,CUMHURİYET MAH
576,B.ÇEKMECE,100 MM ÇAPLI ŞEBEKE HATTI ARIZASI,21/05/2023 20:50:29,22/05/2023 03:00:00,CUMHURİYET MH. ÖMÜR SK,CUMHURİYET MAH
577,B.ÇEKMECE,400 MM ÇAPLI ANA İSALE HATTI ARIZASI,26/09/2023 14:45:23,26/09/2023 20:00:00,DEREAĞZI MAH. YEDİTEPE CAD. 400 MM İSALE HATTI,"19 MAYIS MAH,ATATÜRK MAH,CUMHURİYET MAH,DİZDARİYE MAH,FATİH MAH,PINARTEPE MAH."
578,B.ÇEKMECE,150 MM ÇAPLI ŞEBEKE HATTI ARIZASI,08/01/2024 09:04:26,08/01/2024 23:59:00,DIZDARIYE MAH. ENVER PAŞA  CD. KEMAL ATATÜRK CD KESIŞIM,"19 MAYIS MAH,DİZDARİYE MAH"
579,B.ÇEKMECE,150 MM ÇAPLI ŞEBEKE HATTI ARIZASI,03/02/2024 10:04:27,03/02/2024 14:00:00,DIZDARIYE MAH. PERVIN SK. X KARAAĞAÇ SK.,DİZDARİYE MAH
580,B.ÇEKMECE,200 MM ÇAPLI ŞEBEKE HATTI ARIZASI,20/12/2023 11:10:11,20/12/2023 19:00:00,DIZDARIYE MAH. YENI MAHALLE SK,"19 MAYIS MAH,DİZDARİYE MAH"
581,B.ÇEKMECE,200 MM ÇAPLI ŞEBEKE HATTI ARIZASI,21/12/2023 13:51:11,21/12/2023 19:00:00,DIZDARIYE MAH. YENIMAHALLE SK,"19 MAYIS MAH,DİZDARİYE MAH"
582,B.ÇEKMECE,100 MM ÇAPLI ŞEBEKE HATTI ARIZASI,06/01/2024 11:58:11,06/01/2024 21:00:00,DIZDARIYE MAHALLESI ENVER PAŞA CADDESI MUSTAFA KEMAL ATATÜRK CADDESI KESIMI,"19 MAYIS MAH,DİZDARİYE MAH"
583,B.ÇEKMECE,150 MM ÇAPLI ŞEBEKE HATTI ARIZASI,07/01/2024 09:24:00,07/01/2024 12:00:00,DIZDARIYE MAHALLESI ENVER PAŞA CADDESI MUSTAFA KEMAL ATATÜRK CADDESI KESIMI,"19 MAYIS MAH,DİZDARİYE MAH"
584,B.ÇEKMECE,100 MM ÇAPLI ŞEBEKE HATTI ARIZASI,14/12/2023 11:08:38,14/12/2023 18:00:00,DIZDARIYE MAHALLESI YAHYA KAPTAN,"19 MAYIS MAH,DİZDARİYE MAH"
585,B.ÇEKMECE,100 MM ÇAPLI ŞEBEKE HATTI ARIZASI,31/10/2023 12:14:03,31/10/2023 17:00:00,DIZDARIYE MAHALLESI İNÖNÜ CADDESI ŞEVKI ARI CADDE KESIŞIMI,"19 MAYIS MAH,DİZDARİYE MAH"
586,B.ÇEKMECE,100 MM ÇAPLI ŞEBEKE HATTI ARIZASI,04/07/2023 12:55:05,04/07/2023 17:00:00,DİZDARİYE IHLAMUR SK,"19 MAYIS MAH,DİZDARİYE MAH"
587,B.ÇEKMECE,100 MM ÇAPLI ŞEBEKE HATTI ARIZASI,26/12/2023 19:41:11,26/12/2023 22:00:00,DİZDARİYE MAH YENİMAHALLE SOKAK,DİZDARİYE MAH
588,B.ÇEKMECE,150 MM ÇAPLI ŞEBEKE HATTI ARIZASI,11/01/2024 11:00:00,11/01/2024 13:00:00,DİZDARİYE MAH. ENVER PAŞA CAD. X KEMAL ATATÜRK CAD.,DİZDARİYE MAH
589,B.ÇEKMECE,200 MM ÇAPLI ŞEBEKE HATTI ARIZASI,15/01/2024 08:45:23,15/01/2024 16:00:00,DİZDARİYE MAH. ENVERPAŞA CAD.,DİZDARİYE MAH
590,B.ÇEKMECE,100 MM ÇAPLI ŞEBEKE HATTI ARIZASI,31/05/2023 09:47:23,31/05/2023 17:30:00,DİZDARİYE MAH. ENVERPAŞA CADDESİ,DİZDARİYE MAH
591,B.ÇEKMECE,100 MM ÇAPLI ŞEBEKE HATTI ARIZASI,06/06/2023 08:57:57,06/06/2023 18:00:00,DİZDARİYE MAH. ENVERPAŞA CADDESİ,"19 MAYIS MAH,DİZDARİYE MAH"
592,B.ÇEKMECE,150 MM ÇAPLI ŞEBEKE HATTI ARIZASI,10/06/2023 20:38:51,11/06/2023 01:00:00,DİZDARİYE MAH. ENVERPAŞA CADDESİ,"19 MAYIS MAH,DİZDARİYE MAH"
593,B.ÇEKMECE,100 MM ÇAPLI ŞEBEKE HATTI ARIZASI,10/01/2024 09:15:13,10/01/2024 11:00:00,DİZDARİYE MAH. FIRIN SOK.,DİZDARİYE MAH
594,B.ÇEKMECE,200 MM ÇAPLI ŞEBEKE HATTI ARIZASI,15/02/2024 17:08:27,15/02/2024 20:00:00,DİZDARİYE MAH. GAZHANE SK.,"19 MAYIS MAH,DİZDARİYE MAH"
595,B.ÇEKMECE,ŞEBEKE HATTI VANA ARIZASI,05/04/2023 13:52:11,05/04/2023 17:00:00,DİZDARİYE MAH. KARAAĞAÇ  SOKAK,"19 MAYIS MAH,DİZDARİYE MAH"
596,B.ÇEKMECE,150 MM ÇAPLI ŞEBEKE HATTI ARIZASI,09/01/2024 10:29:55,09/01/2024 16:30:00,DİZDARİYE MAH. KEMAL ATATÜRK CAD.,"19 MAYIS MAH,DİZDARİYE MAH"
597,B.ÇEKMECE,150 MM ÇAPLI ŞEBEKE HATTI ARIZASI,16/01/2024 15:49:16,16/01/2024 19:00:00,DİZDARİYE MAH. KEMAL ATATÜRK CAD.,DİZDARİYE MAH
598,B.ÇEKMECE,150 MM ÇAPLI ŞEBEKE HATTI ARIZASI,17/01/2024 14:23:06,17/01/2024 16:30:00,DİZDARİYE MAH. KEMAL ATATÜRK CAD. X ENVERPAŞA CD.,"19 MAYIS MAH,DİZDARİYE MAH"
599,B.ÇEKMECE,100 MM ÇAPLI ŞEBEKE HATTI ARIZASI,30/01/2024 10:15:38,30/01/2024 14:00:00,DİZDARİYE MAH. KEMAL ATATÜRK CAD. İLE İBRAHİM AĞA SOK KESİŞİM,"19 MAYIS MAH,DİZDARİYE MAH"
600,B.ÇEKMECE,ŞEBEKE HATTI DEPLASE ÇALIŞMASI,14/03/2023 10:38:56,14/03/2023 16:00:00,DİZDARİYE MAH. KERVANSARAY CADDESİ,DİZDARİYE MAH
601,B.ÇEKMECE,ŞEBEKE HATTI BRANŞMAN BAĞLANTISI,18/04/2023 10:10:58,18/04/2023 13:00:00,DİZDARİYE MAH. KERVANSARAY CADDESİ,DİZDARİYE MAH
602,B.ÇEKMECE,100 MM ÇAPLI ŞEBEKE HATTI ARIZASI,03/06/2023 16:11:24,03/06/2023 19:00:00,DİZDARİYE MAH. KERVANSARAY CADDESİ,"19 MAYIS MAH,DİZDARİYE MAH,KARAAĞAÇ MAH."
603,B.ÇEKMECE,100 MM ÇAPLI ŞEBEKE HATTI ARIZASI,12/01/2024 10:14:54,12/01/2024 12:30:00,DİZDARİYE MAH. MİMARSİNAN CAD.,DİZDARİYE MAH
604,B.ÇEKMECE,100 MM ÇAPLI ŞEBEKE HATTI ARIZASI,13/01/2024 11:14:59,13/01/2024 17:00:00,DİZDARİYE MAH. MİMARSİNAN CAD. X REHA SOK.,DİZDARİYE MAH
605,B.ÇEKMECE,100 MM ÇAPLI ŞEBEKE HATTI ARIZASI,22/12/2023 14:59:48,22/12/2023 18:00:00,DİZDARİYE MAH. MİMARSİNAN CD.,"19 MAYIS MAH,DİZDARİYE MAH"
606,B.ÇEKMECE,100 MM ÇAPLI ŞEBEKE HATTI ARIZASI,24/03/2023 09:19:58,24/03/2023 12:00:00,DİZDARİYE MAH. PAZAR CADDESİ,DİZDARİYE MAH
607,B.ÇEKMECE,100 MM ÇAPLI ŞEBEKE HATTI ARIZASI,25/01/2024 13:11:25,25/01/2024 16:00:00,DİZDARİYE MAH. PERVİN SOK.,DİZDARİYE MAH
608,B.ÇEKMECE,100 MM ÇAPLI ŞEBEKE HATTI ARIZASI,18/01/2024 09:32:22,18/01/2024 17:00:00,DİZDARİYE MAH. REHA SK.,"DİZDARİYE MAH,DİZDARİYE MAH"
609,B.ÇEKMECE,100 MM ÇAPLI ŞEBEKE HATTI ARIZASI,10/05/2023 14:54:54,10/05/2023 17:00:00,DİZDARİYE MAH. SEÇKIN SOKAK,DİZDARİYE MAH
610,B.ÇEKMECE,100 MM ÇAPLI ŞEBEKE HATTI ARIZASI,11/05/2023 11:31:58,11/05/2023 15:30:00,DİZDARİYE MAH. SEÇKİN SOKAK,DİZDARİYE MAH
611,B.ÇEKMECE,100 MM ÇAPLI ŞEBEKE HATTI ARIZASI,02/01/2024 12:11:55,02/01/2024 19:00:00,DİZDARİYE MAH. YENİMAHALLE SK.,DİZDARİYE MAH
612,B.ÇEKMECE,100 MM ÇAPLI ŞEBEKE HATTI ARIZASI,03/01/2024 08:43:41,03/01/2024 15:00:00,DİZDARİYE MAH. YENİMAHALLE SK.,DİZDARİYE MAH
613,B.ÇEKMECE,100 MM ÇAPLI ŞEBEKE HATTI ARIZASI,23/12/2023 10:13:02,23/12/2023 15:30:00,DİZDARİYE MAH. YENİMAHALLE SOKAK,DİZDARİYE MAH
614,B.ÇEKMECE,150 MM ÇAPLI ŞEBEKE HATTI ARIZASI,25/12/2023 10:16:21,25/12/2023 19:00:00,DİZDARİYE MAH. YENİMAHALLE SOKAK,"19 MAYIS MAH,DİZDARİYE MAH"
615,B.ÇEKMECE,100 MM ÇAPLI ŞEBEKE HATTI ARIZASI,21/05/2023 13:57:40,21/05/2023 18:00:00,DİZDARİYE MAH.KUMSALLAR SOKAK,DİZDARİYE MAH
616,B.ÇEKMECE,150 MM ÇAPLI ŞEBEKE HATTI ARIZASI,09/06/2023 11:16:01,09/06/2023 14:30:00,DİZDARİYE MAHALLESİ ENVERPAŞA CADDESİ,"19 MAYIS MAH,DİZDARİYE MAH"
617,B.ÇEKMECE,ŞEBEKE HATTI YENİLEMESİ,24/02/2023 13:57:50,24/02/2023 18:00:00,DİZDARİYE MAHALLESİ KERVANSARAY SOKAK,DİZDARİYE MAH
618,B.ÇEKMECE,ŞEBEKE HATTI DEPLASE ÇALIŞMASI,07/03/2023 11:59:20,07/03/2023 16:00:00,DİZDARİYE MAHALLESİ KERVANSARAY SOKAK,DİZDARİYE MAH
619,B.ÇEKMECE,100 MM ÇAPLI ŞEBEKE HATTI ARIZASI,09/06/2023 16:01:22,09/06/2023 23:00:00,DİZDARİYE MAHALLESİ TEYYARECİ,"19 MAYIS MAH,DİZDARİYE MAH"
620,B.ÇEKMECE,100 MM ÇAPLI ŞEBEKE HATTI ARIZASI,28/12/2023 08:18:19,28/12/2023 18:00:00,DİZDARİYE MH. YENİMAHALLE SK,DİZDARİYE MAH
621,B.ÇEKMECE,100 MM ÇAPLI ŞEBEKE HATTI ARIZASI,25/09/2023 09:39:44,25/09/2023 12:00:00,DİZDARİYE YURT SK,"DİZDARİYE MAH,DİZDARİYE MAH"
622,B.ÇEKMECE,150 MM ÇAPLI ŞEBEKE HATTI ARIZASI,02/10/2023 12:59:34,02/10/2023 18:00:00,EKINOBA MAH. PIRIREIS CD,"EKİNOBA MAH,MİMAROBA MAH,SİNANOBA MAH"
623,B.ÇEKMECE,100 MM ÇAPLI ŞEBEKE HATTI ARIZASI,21/10/2023 11:39:02,21/10/2023 16:00:00,EKİNOBA MAH. ŞİRİN SOK. HAZAL SOK KESİŞİM,EKİNOBA MAH
624,B.ÇEKMECE,100 MM ÇAPLI ŞEBEKE HATTI ARIZASI,21/09/2023 11:37:28,21/09/2023 16:00:00,FATİH MAH. ADNAN KAHVECİ CD,"ATATÜRK MAH,FATİH MAH"
625,B.ÇEKMECE,100 MM ÇAPLI ŞEBEKE HATTI ARIZASI,11/09/2023 09:23:36,11/09/2023 23:00:00,FATİH MAH. ADNAN KAHVECİ SOKAK,"ATATÜRK MAH,FATİH MAH"
626,B.ÇEKMECE,200 MM ÇAPLI ŞEBEKE HATTI ARIZASI,12/07/2023 15:58:09,12/07/2023 21:00:00,FATİH MAH. HARMAN SOKAK,"ATATÜRK MAH,FATİH MAH"
627,B.ÇEKMECE,100 MM ÇAPLI ŞEBEKE HATTI ARIZASI,08/12/2023 09:31:24,08/12/2023 12:00:00,FATİH MAH. HARMAN SOKAK,FATİH MAH
628,B.ÇEKMECE,100 MM ÇAPLI ŞEBEKE HATTI ARIZASI,07/02/2024 18:03:58,07/02/2024 23:00:00,FATİH MAH. KAPTAN SK.,FATİH MAH
629,B.ÇEKMECE,100 MM ÇAPLI ŞEBEKE HATTI ARIZASI,08/02/2024 11:51:44,08/02/2024 17:00:00,FATİH MAH. KAPTAN SK.,FATİH MAH
630,B.ÇEKMECE,100 MM ÇAPLI ŞEBEKE HATTI ARIZASI,09/02/2024 13:39:44,09/02/2024 18:00:00,FATİH MAH. KAPTAN SK.,FATİH MAH
631,B.ÇEKMECE,100 MM ÇAPLI ŞEBEKE HATTI ARIZASI,17/02/2024 11:43:54,17/02/2024 14:00:00,FATİH MAH. MEHTAP CAD. NO:13,FATİH MAH
632,B.ÇEKMECE,100 MM ÇAPLI ŞEBEKE HATTI ARIZASI,08/05/2023 09:13:10,08/05/2023 13:00:00,FATİH MAH. PİYADE SOKAK,"ATATÜRK MAH,FATİH MAH"
633,B.ÇEKMECE,100 MM ÇAPLI ŞEBEKE HATTI ARIZASI,15/10/2023 14:56:07,15/10/2023 20:01:00,FATİH MAH. VEHBİ KOÇ SOKAK,"19 MAYIS MAH,ATATÜRK MAH,CUMHURİYET MAH,FATİH MAH"
634,B.ÇEKMECE,100 MM ÇAPLI ŞEBEKE HATTI ARIZASI,30/12/2023 15:56:45,30/12/2023 19:00:00,FATİH MAH.MODA CAD.,FATİH MAH
635,B.ÇEKMECE,100 MM ÇAPLI ŞEBEKE HATTI ARIZASI,01/06/2023 11:17:25,01/06/2023 18:00:00,GÜRPINAR MAHALLESİ CENGİZ TOPEL CADDESİ,PINARTEPE MAH.
636,B.ÇEKMECE,100 MM ÇAPLI ŞEBEKE HATTI ARIZASI,11/06/2023 12:05:56,11/06/2023 14:34:00,GÜRPINAR MH CAMİİ SK,PINARTEPE MAH.
637,B.ÇEKMECE,100 MM ÇAPLI ŞEBEKE HATTI ARIZASI,02/08/2023 13:52:05,02/08/2023 17:00:00,GÜZELCE MAH GÜN SOKAK,"GÜZELCE MAH,SİNANOBA MAH"
638,B.ÇEKMECE,100 MM ÇAPLI ŞEBEKE HATTI ARIZASI,13/09/2023 11:26:30,13/09/2023 16:00:00,GÜZELCE MAH ÇELİK SOKAK,GÜZELCE MAH
639,B.ÇEKMECE,100 MM ÇAPLI ŞEBEKE HATTI ARIZASI,06/05/2023 09:23:20,06/05/2023 11:30:00,GÜZELCE MAH. AKASYA SOKAK,GÜZELCE MAH
640,B.ÇEKMECE,100 MM ÇAPLI ŞEBEKE HATTI ARIZASI,20/05/2023 18:29:49,20/05/2023 20:00:00,GÜZELCE MAH. AKASYA SOKAK,"GÜZELCE MAH,GÜZELCE MAH,GÜZELCE MAH"
641,B.ÇEKMECE,200 MM ÇAPLI ŞEBEKE HATTI ARIZASI,14/07/2023 16:43:36,14/07/2023 20:00:00,GÜZELCE MAH. AKIN SOKAK,GÜZELCE MAH
642,B.ÇEKMECE,100 MM ÇAPLI ŞEBEKE HATTI ARIZASI,27/07/2023 12:36:43,27/07/2023 14:30:00,GÜZELCE MAH. DORUK SOKAK,GÜZELCE MAH
643,B.ÇEKMECE,100 MM ÇAPLI ŞEBEKE HATTI ARIZASI,16/03/2023 11:57:28,16/03/2023 14:30:00,GÜZELCE MAH. GÜZEL SOKAK,GÜZELCE MAH
644,B.ÇEKMECE,100 MM ÇAPLI ŞEBEKE HATTI ARIZASI,21/02/2023 17:02:18,21/02/2023 19:00:00,GÜZELCE MAH. HUKUKÇULAR,GÜZELCE MAH
645,B.ÇEKMECE,100 MM ÇAPLI ŞEBEKE HATTI ARIZASI,29/08/2023 18:14:02,29/08/2023 22:00:00,GÜZELCE MAH. YOĞURTHANE CD. X SULTAN SK.,GÜZELCE MAH
646,B.ÇEKMECE,100 MM ÇAPLI ŞEBEKE HATTI ARIZASI,21/10/2023 10:11:03,21/10/2023 12:00:00,GÜZELCE MAH. ZAMBAK4 SOK,GÜZELCE MAH
647,B.ÇEKMECE,100 MM ÇAPLI ŞEBEKE HATTI ARIZASI,31/10/2023 17:18:31,31/10/2023 20:00:00,GÜZELCE MAH. ÜLKÜ SK.,GÜZELCE MAH
648,B.ÇEKMECE,100 MM ÇAPLI ŞEBEKE HATTI ARIZASI,11/08/2023 16:33:42,11/08/2023 19:00:00,GÜZELCE MAH. ŞAİR 1 SK ASIR SK KESİŞİMİ,GÜZELCE MAH
649,B.ÇEKMECE,100 MM ÇAPLI ŞEBEKE HATTI ARIZASI,25/04/2023 10:46:42,25/04/2023 13:00:00,GÜZELCE MH BUKET SK,GÜZELCE MAH
650,B.ÇEKMECE,100 MM ÇAPLI ŞEBEKE HATTI ARIZASI,20/05/2023 17:07:21,20/05/2023 19:30:00,GÜZELCE MH PETEK SK,GÜZELCE MAH
651,B.ÇEKMECE,100 MM ÇAPLI ŞEBEKE HATTI ARIZASI,29/08/2023 15:42:25,29/08/2023 18:30:00,GÜZELCE MH. MELODİ SK.,GÜZELCE MAH
652,B.ÇEKMECE,100 MM ÇAPLI ŞEBEKE HATTI ARIZASI,19/07/2023 17:54:34,19/07/2023 19:00:00,GÜZELCE MH. PTT CD.,GÜZELCE MAH
653,B.ÇEKMECE,100 MM ÇAPLI ŞEBEKE HATTI ARIZASI,09/09/2023 01:31:04,09/09/2023 03:30:00,GÜZELCE MH. YOĞURTHANE CD.,GÜZELCE MAH
654,B.ÇEKMECE,100 MM ÇAPLI ŞEBEKE HATTI ARIZASI,20/10/2023 23:08:07,21/10/2023 00:08:00,HÜRRIYET MAH. DALGIÇ SOKAK,HÜRRİYET MAH.
655,B.ÇEKMECE,100 MM ÇAPLI ŞEBEKE HATTI ARIZASI,18/11/2023 21:27:42,18/11/2023 23:00:00,HÜRRIYET MAH. SAĞANLIK,"HÜRRİYET MAH.,HÜRRİYET MAH."
656,B.ÇEKMECE,150 MM ÇAPLI ŞEBEKE HATTI ARIZASI,28/03/2023 15:19:15,28/03/2023 17:30:00,HÜRRİYET ALTINÖZÜ SOKAK,HÜRRİYET MAH.
657,B.ÇEKMECE,100 MM ÇAPLI ŞEBEKE HATTI ARIZASI,12/09/2023 18:19:10,12/09/2023 21:00:00,HÜRRİYET CD. AHMET MİTHAT PAŞA CD.,HÜRRİYET MAH.
658,B.ÇEKMECE,100 MM ÇAPLI ŞEBEKE HATTI ARIZASI,15/11/2023 19:08:16,15/11/2023 21:00:00,HÜRRİYET MAH SOĞANLI SOKAK,"HÜRRİYET MAH.,HÜRRİYET MAH.,HÜRRİYET MAH."
659,B.ÇEKMECE,100 MM ÇAPLI ŞEBEKE HATTI ARIZASI,08/02/2024 09:21:40,08/02/2024 14:00:00,HÜRRİYET MAH. AHMET MİTHAT CAD.,HÜRRİYET MAH.
660,B.ÇEKMECE,100 MM ÇAPLI ŞEBEKE HATTI ARIZASI,14/10/2023 15:16:57,14/10/2023 18:00:00,HÜRRİYET MAH. AKKUŞ  SOKAK,HÜRRİYET MAH.
661,B.ÇEKMECE,100 MM ÇAPLI ŞEBEKE HATTI ARIZASI,01/07/2023 13:56:24,01/07/2023 17:00:00,HÜRRİYET MAH. KAZIM KARABEKİR CD,HÜRRİYET MAH.
662,B.ÇEKMECE,100 MM ÇAPLI ŞEBEKE HATTI ARIZASI,25/06/2023 10:36:34,25/06/2023 15:30:00,HÜRRİYET MAH. RIHTIM  SOKAK,"HÜRRİYET MAH.,MİMARSİNAN MAH,TÜRKOBA MAH."
663,B.ÇEKMECE,150 MM ÇAPLI ŞEBEKE HATTI ARIZASI,19/06/2023 10:04:34,19/06/2023 13:30:00,HÜRRİYET MAH. SİMİT SOKAK,HÜRRİYET MAH.
664,B.ÇEKMECE,100 MM ÇAPLI ŞEBEKE HATTI ARIZASI,14/07/2023 08:08:54,14/07/2023 10:00:00,HÜRRİYET MAH. TAN CADDESİ,HÜRRİYET MAH.
665,B.ÇEKMECE,250 MM ÇAPLI ŞEBEKE HATTI ARIZASI,06/02/2024 08:44:29,06/02/2024 13:00:00,HÜRRİYET MAH. TIRMIK SK.,"HÜRRİYET MAH.,TÜRKOBA MAH."
666,B.ÇEKMECE,100 MM ÇAPLI ŞEBEKE HATTI ARIZASI,05/07/2023 16:27:10,05/07/2023 18:30:00,HÜRRİYET MAHALLESİ AKSUNGUR SOKAK,HÜRRİYET MAH.
667,B.ÇEKMECE,ŞEBEKE HATTI DEPLASE ÇALIŞMASI,31/03/2023 13:19:45,31/03/2023 18:00:00,HÜRRİYET MAHALLESİ CEBECİ,HÜRRİYET MAH.
668,B.ÇEKMECE,ŞEBEKE HATTI BRANŞMAN BAĞLANTISI,17/04/2023 10:26:46,17/04/2023 13:30:00,KAMAILOBA MAH. BABAYIĞIT SOKAK,KUMBURGAZ MAH
669,B.ÇEKMECE,100 MM ÇAPLI ŞEBEKE HATTI ARIZASI,24/10/2023 11:31:46,24/10/2023 18:00:00,KAMILOBA MAH.  AYDINLAR 1 CAD. AYAZMA CAD. KESIŞIMI,KAMİLOBA MAH
670,B.ÇEKMECE,100 MM ÇAPLI ŞEBEKE HATTI ARIZASI,08/07/2023 05:13:45,08/07/2023 12:00:00,KAMILOBA MAH. ERÇIN SK.,KAMİLOBA MAH
671,B.ÇEKMECE,100 MM ÇAPLI ŞEBEKE HATTI ARIZASI,28/04/2023 10:21:21,28/04/2023 12:30:00,KAMILOBA MAH. NARIN SOKAK,KAMİLOBA MAH
672,B.ÇEKMECE,100 MM ÇAPLI ŞEBEKE HATTI ARIZASI,05/04/2023 12:47:02,05/04/2023 15:30:00,KAMILOBA MAH.BAHÇIVANLI SOKAK,KAMİLOBA MAH
673,B.ÇEKMECE,100 MM ÇAPLI ŞEBEKE HATTI ARIZASI,22/03/2023 15:16:14,22/03/2023 18:00:00,KAMILOBA MAH.MILLET CADDESI,"CELALİYE MAH,KAMİLOBA MAH"
674,B.ÇEKMECE,100 MM ÇAPLI ŞEBEKE HATTI ARIZASI,11/12/2023 11:25:02,11/12/2023 15:00:00,KAMILOBA MAHALLESI ŞIRINEVLER CADDESI,KAMİLOBA MAH
675,B.ÇEKMECE,ŞEBEKE HATTI BRANŞMAN BAĞLANTISI,01/03/2023 10:01:41,01/03/2023 14:00:00,KAMİLOBA ALBAYRAK SOKAK,KAMİLOBA MAH
676,B.ÇEKMECE,100 MM ÇAPLI ŞEBEKE HATTI ARIZASI,19/09/2023 12:14:54,19/09/2023 16:00:00,KAMİLOBA MAH. AYAZAMA CADDESİ,KAMİLOBA MAH
677,B.ÇEKMECE,100 MM ÇAPLI ŞEBEKE HATTI ARIZASI,11/01/2024 16:36:27,11/01/2024 18:30:00,KAMİLOBA MAH. AYAZMA CAD.,KAMİLOBA MAH
678,B.ÇEKMECE,100 MM ÇAPLI ŞEBEKE HATTI ARIZASI,12/01/2024 16:06:51,12/01/2024 18:00:00,KAMİLOBA MAH. BEGONYA 2 SOK.,KAMİLOBA MAH
679,B.ÇEKMECE,ŞEBEKE HATTI BRANŞMAN BAĞLANTISI,19/04/2023 11:58:47,19/04/2023 17:00:00,KAMİLOBA MAH. GÖKIRMAK SOKAK,"CELALİYE MAH,KAMİLOBA MAH,KUMBURGAZ MAH"
680,B.ÇEKMECE,100 MM ÇAPLI ŞEBEKE HATTI ARIZASI,28/04/2023 16:06:59,28/04/2023 18:30:00,KAMİLOBA MAH. GÜLBAHAR SOKAK,"CELALİYE MAH,KAMİLOBA MAH"
681,B.ÇEKMECE,300 MM ÇAPLI ŞEBEKE HATTI ARIZASI,16/09/2023 14:51:04,16/09/2023 19:00:00,KAMİLOBA MAH. SAMYELİ CADDESİ X DEREBEYİ CD.,"CELALİYE MAH,KAMİLOBA MAH,KUMBURGAZ MAH"
682,B.ÇEKMECE,100 MM ÇAPLI ŞEBEKE HATTI ARIZASI,05/05/2023 12:27:21,05/05/2023 14:30:00,KAMİLOBA MAH. YEDİEVLER SOKAK,KAMİLOBA MAH
683,B.ÇEKMECE,200 MM ÇAPLI ŞEBEKE HATTI ARIZASI,10/07/2023 13:04:11,10/07/2023 17:30:00,KAMİLOBA MAH. İSTANBUL CADDESİ,"CELALİYE MAH,KAMİLOBA MAH,KUMBURGAZ MAH"
684,B.ÇEKMECE,200 MM ÇAPLI ŞEBEKE HATTI ARIZASI,17/10/2023 15:41:36,17/10/2023 20:00:00,KAMİLOBA MAH. İSTANBUL CADDESİ,"CELALİYE MAH,KAMİLOBA MAH"
685,B.ÇEKMECE,200 MM ÇAPLI ŞEBEKE HATTI ARIZASI,17/11/2023 13:47:36,17/11/2023 19:00:00,KAMİLOBA MAH. İSTANBUL CADDESİ,"CELALİYE MAH,KAMİLOBA MAH"
686,B.ÇEKMECE,200 MM ÇAPLI ŞEBEKE HATTI ARIZASI,16/11/2023 14:15:44,16/11/2023 18:00:00,KAMİLOBA MAH. İSTANBUL CD.,"CELALİYE MAH,KAMİLOBA MAH"
687,B.ÇEKMECE,100 MM ÇAPLI ŞEBEKE HATTI ARIZASI,25/06/2023 00:24:46,25/06/2023 03:00:00,KAMİLOBA MH. AKÇA SK.,"KAMİLOBA MAH,KUMBURGAZ MAH"
688,B.ÇEKMECE,100 MM ÇAPLI ŞEBEKE HATTI ARIZASI,02/05/2023 06:25:28,02/05/2023 11:00:00,KAMİLOBA MH. SACİD SK.,"KAMİLOBA MAH,KAMİLOBA MAH,KAMİLOBA MAH"
689,B.ÇEKMECE,300 MM ÇAPLI ŞEBEKE HATTI ARIZASI,27/09/2023 13:52:48,27/09/2023 21:00:00,KAMİLOBA MH. SAMYELİ CD..,"CELALİYE MAH,KAMİLOBA MAH,KUMBURGAZ MAH"
690,B.ÇEKMECE,300 MM ÇAPLI ŞEBEKE HATTI ARIZASI,08/01/2024 20:37:27,09/01/2024 01:00:00,KARAAĞAÇ MAH AKSARAY CAD,KARAAĞAÇ MAH.
691,B.ÇEKMECE,100 MM ÇAPLI ŞEBEKE HATTI ARIZASI,29/11/2023 11:55:36,29/11/2023 14:00:00,KARAAĞAÇ MAH. AVŞA SK,KARAAĞAÇ MAH.
692,B.ÇEKMECE,100 MM ÇAPLI ŞEBEKE HATTI ARIZASI,08/08/2023 11:46:11,08/08/2023 16:00:00,KARAAĞAÇ MAH. DOSTLUK CAD.,KARAAĞAÇ MAH.
693,B.ÇEKMECE,100 MM ÇAPLI ŞEBEKE HATTI ARIZASI,25/10/2023 15:51:15,25/10/2023 18:00:00,KARAAĞAÇ MAH. ESKİCE ÇİFTLİĞİ CD.,KARAAĞAÇ MAH.
694,B.ÇEKMECE,100 MM ÇAPLI ŞEBEKE HATTI ARIZASI,14/11/2023 16:33:15,14/11/2023 20:00:00,KARAAĞAÇ MAH. GÜLBAĞ  SOKAK,KARAAĞAÇ MAH.
695,B.ÇEKMECE,100 MM ÇAPLI ŞEBEKE HATTI ARIZASI,20/09/2023 11:04:27,20/09/2023 13:00:00,KARAAĞAÇ MAH. OKÇU CAD.,KARAAĞAÇ MAH.
696,B.ÇEKMECE,150 MM ÇAPLI ŞEBEKE HATTI ARIZASI,15/09/2023 09:52:29,15/09/2023 16:00:00,KARAAĞAÇ MAH. OKÇU CADDESİ,"ALKENT 2000 MAH.,KARAAĞAÇ MAH."
697,B.ÇEKMECE,100 MM ÇAPLI ŞEBEKE HATTI ARIZASI,10/10/2023 10:04:46,10/10/2023 13:00:00,KARAAĞAÇ MAH. SADAKAT SK.,KARAAĞAÇ MAH.
698,B.ÇEKMECE,100 MM ÇAPLI ŞEBEKE HATTI ARIZASI,21/07/2023 10:16:52,21/07/2023 13:30:00,KARAAĞAÇ MAH. TÜRKER CADDESİ,KARAAĞAÇ MAH.
699,B.ÇEKMECE,150 MM ÇAPLI ŞEBEKE HATTI ARIZASI,24/07/2023 14:38:41,24/07/2023 18:30:00,KARAAĞAÇ MAH. TÜRKER CADDESİ,KARAAĞAÇ MAH.
700,B.ÇEKMECE,100 MM ÇAPLI ŞEBEKE HATTI ARIZASI,15/11/2023 22:52:21,16/11/2023 02:00:00,KARAAĞAÇ MAH. TÜRKER CADDESİ,KARAAĞAÇ MAH.
701,B.ÇEKMECE,ŞEBEKE HATTI BRANŞMAN BAĞLANTISI,03/07/2023 13:47:14,03/07/2023 19:00:00,KARAAĞAÇ MAHALLESİ MÜHENDİS  SOKAK,KARAAĞAÇ MAH.
702,B.ÇEKMECE,100 MM ÇAPLI ŞEBEKE HATTI ARIZASI,23/07/2023 09:31:56,23/07/2023 14:00:00,KARAAĞAÇ MAHALLESİ SIRTKÖY BULVARI,KARAAĞAÇ MAH.
703,B.ÇEKMECE,150 MM ÇAPLI ŞEBEKE HATTI ARIZASI,04/07/2023 10:28:19,04/07/2023 18:00:00,KARAAĞAÇ MAHALLESİ TÜRKER  SOKAK,KARAAĞAÇ MAH.
704,B.ÇEKMECE,100 MM ÇAPLI ŞEBEKE HATTI ARIZASI,02/08/2023 11:55:17,02/08/2023 15:00:00,KARAAĞAÇ MAHALLESİ TÜRKER CAD. ŞANLI SOKAK KESİŞİMİ,KARAAĞAÇ MAH.
705,B.ÇEKMECE,ENERJİ KESİNTİSİ,18/04/2023 23:07:17,19/04/2023 06:00:00,KIRAÇ,"ALKENT 2000 MAH.,ATATÜRK MAH,CUMHURİYET MAH,KARAAĞAÇ MAH.,PINARTEPE MAH.,ÇAKMAKLI MAH."
706,B.ÇEKMECE,ENERJİ KESİNTİSİ,15/08/2023 21:44:18,15/08/2023 23:59:00,KIRAÇ TERFİ,"19 MAYIS MAH,ALKENT 2000 MAH.,ALKENT 2000 MAH.,ATATÜRK MAH,CUMHURİYET MAH,KARAAĞAÇ MAH.,PINARTEPE MAH.,ÇAKMAKLI MAH.,ÇAKMAKLI MAH."
707,B.ÇEKMECE,ENERJİ KESİNTİSİ,10/12/2023 23:03:39,11/12/2023 02:00:00,KIRAÇ TERFİ,"ALKENT 2000 MAH.,ATATÜRK MAH,CUMHURİYET MAH,KARAAĞAÇ MAH.,PINARTEPE MAH.,ÇAKMAKLI MAH."
708,B.ÇEKMECE,ARIZA SEBEBİ İLE BASINÇ DÜŞÜKLÜĞÜ,17/04/2023 10:34:59,17/04/2023 18:00:00,KIRAÇ TERFİ MERKEZİ,"ALKENT 2000 MAH.,CUMHURİYET MAH,KARAAĞAÇ MAH.,PINARTEPE MAH.,ÇAKMAKLI MAH."
709,B.ÇEKMECE,100 MM ÇAPLI ŞEBEKE HATTI ARIZASI,27/03/2023 17:03:39,27/03/2023 19:00:00,KUMBURGAZ MAH.,"CELALİYE MAH,KAMİLOBA MAH,KUMBURGAZ MAH"
710,B.ÇEKMECE,100 MM ÇAPLI ŞEBEKE HATTI ARIZASI,05/02/2024 15:48:19,05/02/2024 17:30:00,KUMBURGAZ MAH. BURGAZ CAD İLE DERİN SOK. KESİŞİMİ,KUMBURGAZ MAH
711,B.ÇEKMECE,300 MM ÇAPLI ŞEBEKE HATTI ARIZASI,17/10/2023 10:58:21,17/10/2023 16:00:00,KUMBURGAZ MAH. CUMHURİYET 4 CD.,"BAHÇELİEVLER MAH,KUMBURGAZ MAH,YENİMAHALLE"
712,B.ÇEKMECE,300 MM ÇAPLI ŞEBEKE HATTI ARIZASI,23/08/2023 16:36:40,23/08/2023 19:00:00,KUMBURGAZ MAH. DR. SADIK AHMET CD.,"KAMİLOBA MAH,KUMBURGAZ MAH"
713,B.ÇEKMECE,100 MM ÇAPLI ŞEBEKE HATTI ARIZASI,05/12/2023 10:29:17,05/12/2023 12:00:00,KUMBURGAZ MAH. FERAH SK 2 SK.,KUMBURGAZ MAH
714,B.ÇEKMECE,100 MM ÇAPLI ŞEBEKE HATTI ARIZASI,12/05/2023 16:23:47,12/05/2023 18:30:00,KUMBURGAZ MAH. KAVUN SOKAK,KUMBURGAZ MAH
715,B.ÇEKMECE,ŞEBEKE HATTI DEPLASE ÇALIŞMASI,30/05/2023 10:05:57,30/05/2023 14:30:00,KUMBURGAZ MAH. KAVUN SOKAK,KUMBURGAZ MAH
716,B.ÇEKMECE,100 MM ÇAPLI ŞEBEKE HATTI ARIZASI,11/12/2023 12:35:41,11/12/2023 18:00:00,KUMBURGAZ MAH. MÜZIK SK,KUMBURGAZ MAH
717,B.ÇEKMECE,100 MM ÇAPLI ŞEBEKE HATTI ARIZASI,02/02/2024 15:37:36,02/02/2024 18:00:00,KUMBURGAZ MAH. PINAR CD.,KUMBURGAZ MAH
718,B.ÇEKMECE,100 MM ÇAPLI ŞEBEKE HATTI ARIZASI,03/02/2024 13:45:37,03/02/2024 16:00:00,KUMBURGAZ MAH. PINAR CD.,KUMBURGAZ MAH
719,B.ÇEKMECE,200 MM ÇAPLI ŞEBEKE HATTI ARIZASI,15/04/2023 02:00:27,15/04/2023 10:00:00,KUMBURGAZ MAH. İSTANBUL CD.,"CELALİYE MAH,KAMİLOBA MAH,KUMBURGAZ MAH"
720,B.ÇEKMECE,100 MM ÇAPLI ŞEBEKE HATTI ARIZASI,15/04/2023 11:19:19,15/04/2023 14:00:00,KUMBURGAZ MAH.DOSTLUK SOKAK,KUMBURGAZ MAH
721,B.ÇEKMECE,100 MM ÇAPLI ŞEBEKE HATTI ARIZASI,15/08/2023 22:18:18,15/08/2023 23:59:00,KUMBURGAZ MAHALLESI OKUL CADDESI EĞRELTI SOKAK,KUMBURGAZ MAH
722,B.ÇEKMECE,100 MM ÇAPLI ŞEBEKE HATTI ARIZASI,08/10/2023 15:16:36,08/10/2023 18:00:00,KUMBURGAZ MAHALLESİ MÜZİK SK.,KUMBURGAZ MAH
723,B.ÇEKMECE,100 MM ÇAPLI ŞEBEKE HATTI ARIZASI,19/07/2023 11:21:58,19/07/2023 13:30:00,KUMBURGAZ MAHALLESİ ÇEŞME CADDESİ,KUMBURGAZ MAH
724,B.ÇEKMECE,100 MM ÇAPLI ŞEBEKE HATTI ARIZASI,02/07/2023 11:57:11,02/07/2023 14:00:00,KUMBURGAZ MAHALLESİ İSTANBUL CADDESİ,"KAMİLOBA MAH,KUMBURGAZ MAH"
725,B.ÇEKMECE,200 MM ÇAPLI ŞEBEKE HATTI ARIZASI,21/09/2023 12:15:35,21/09/2023 15:00:00,KUMBURGAZ MAHALLESİ İSTANBUL CADDESİ,"CELALİYE MAH,KAMİLOBA MAH,KUMBURGAZ MAH"
726,B.ÇEKMECE,400 MM ÇAPLI ANA İSALE HATTI ARIZASI,12/04/2023 13:24:08,12/04/2023 19:00:00,KUMBURGAZ MEVKİİ,"KAMİLOBA MAH,KUMBURGAZ MAH"
727,B.ÇEKMECE,100 MM ÇAPLI ŞEBEKE HATTI ARIZASI,18/08/2023 16:30:03,18/08/2023 19:00:00,KUMBURGAZ MH. BAHARYELİ CD.,KUMBURGAZ MAH
728,B.ÇEKMECE,100 MM ÇAPLI ŞEBEKE HATTI ARIZASI,24/08/2023 10:35:02,24/08/2023 12:00:00,KUMBURGAZ MH. GİZEMLİ SK. X KAŞIKÇI SK.,KUMBURGAZ MAH
729,B.ÇEKMECE,100 MM ÇAPLI ŞEBEKE HATTI ARIZASI,27/04/2023 23:42:39,28/04/2023 02:00:00,MIMARSINAN MH. DEFNE 5 5 SK,MİMARSİNAN MAH
730,B.ÇEKMECE,100 MM ÇAPLI ŞEBEKE HATTI ARIZASI,19/08/2023 22:35:55,20/08/2023 03:00:00,MURAT ÇEŞME MAH BERKAY SOKAK,MURAT ÇEŞME MAH.
731,B.ÇEKMECE,100 MM ÇAPLI ŞEBEKE HATTI ARIZASI,18/12/2023 14:37:48,18/12/2023 17:30:00,MURAT ÇEŞME MAH YUNUSEMRE CD.,"HÜRRİYET MAH.,MURAT ÇEŞME MAH."
732,B.ÇEKMECE,100 MM ÇAPLI ŞEBEKE HATTI ARIZASI,08/09/2023 10:37:27,08/09/2023 12:00:00,MURAT ÇEŞME MAH ZEMİN SOKAK,"HÜRRİYET MAH.,MURAT ÇEŞME MAH."
733,B.ÇEKMECE,100 MM ÇAPLI ŞEBEKE HATTI ARIZASI,03/06/2023 16:03:04,03/06/2023 18:03:00,MURATÇEŞME MAH. SULTAN MURAT CD,MURAT ÇEŞME MAH.
734,B.ÇEKMECE,100 MM ÇAPLI ŞEBEKE HATTI ARIZASI,26/02/2023 15:44:26,26/02/2023 18:30:00,MURATÇEŞME MAHALLESİ HÜNKARTEPE CADDESİ,MURAT ÇEŞME MAH.
735,B.ÇEKMECE,100 MM ÇAPLI ŞEBEKE HATTI ARIZASI,18/07/2023 11:56:44,18/07/2023 15:00:00,MURATÇEŞME MAHALLESİ PLATO SOKAK,MURAT ÇEŞME MAH.
736,B.ÇEKMECE,ŞEBEKE HATTI DEPLASE ÇALIŞMASI,04/04/2023 11:42:31,04/04/2023 16:00:00,MURATÇEŞME MAHALLESİ SULTAN MURAT CADDESİ,MURAT ÇEŞME MAH.
737,B.ÇEKMECE,TERFİ  MERKEZİ ARIZASI,07/03/2023 14:18:58,07/03/2023 17:00:00,MURATÇEŞME TERFİ,"EKİNOBA MAH,GÜZELCE MAH,MURAT ÇEŞME MAH."
738,B.ÇEKMECE,ENERJİ KESİNTİSİ,23/08/2023 11:03:38,23/08/2023 15:00:00,MURATÇEŞME TERFİ,"HÜRRİYET MAH.,MURAT ÇEŞME MAH.,MİMARSİNAN MAH,TÜRKOBA MAH.,ULUS MAH."
739,B.ÇEKMECE,ENERJİ KESİNTİSİ,28/01/2024 13:05:51,28/01/2024 15:00:00,MURATÇEŞME TERFİ,"HÜRRİYET MAH.,MURAT ÇEŞME MAH.,TÜRKOBA MAH."
740,B.ÇEKMECE,ENERJİ KESİNTİSİ,19/12/2023 14:07:28,19/12/2023 17:00:00,MURATÇEŞME TERFİ MERKEZİ,MURAT ÇEŞME MAH.
741,B.ÇEKMECE,100 MM ÇAPLI ŞEBEKE HATTI ARIZASI,30/11/2023 12:47:45,30/11/2023 15:00:00,MİMAROBA MAH. SAĞLIK 1 SK.,MİMAROBA MAH
742,B.ÇEKMECE,100 MM ÇAPLI ŞEBEKE HATTI ARIZASI,28/04/2023 16:18:13,28/04/2023 18:30:00,MİMAROBA MAH. İLYAS,MİMAROBA MAH
743,B.ÇEKMECE,100 MM ÇAPLI ŞEBEKE HATTI ARIZASI,23/06/2023 10:03:22,23/06/2023 13:00:00,MİMARSİNAN  MAHALLESİ DEFNE SOKAK,MİMARSİNAN MAH
744,B.ÇEKMECE,300 MM ÇAPLI ŞEBEKE HATTI ARIZASI,03/10/2023 15:46:57,03/10/2023 17:00:00,MİMARSİNAN MAH.,"EKİNOBA MAH,MİMAROBA MAH,MİMARSİNAN MAH,SİNANOBA MAH"
745,B.ÇEKMECE,BASINÇ DÜŞÜKLÜĞÜ,15/11/2023 08:49:57,15/11/2023 13:00:00,MİMARSİNAN MAH.,"EKİNOBA MAH,MİMAROBA MAH,MİMARSİNAN MAH,SİNANOBA MAH"
746,B.ÇEKMECE,100 MM ÇAPLI ŞEBEKE HATTI ARIZASI,09/11/2023 11:43:20,09/11/2023 18:00:00,MİMARSİNAN MAH. ATILIM SK.,MİMARSİNAN MAH
747,B.ÇEKMECE,200 MM ÇAPLI ŞEBEKE HATTI ARIZASI,12/09/2023 19:52:15,12/09/2023 23:00:00,MİMARSİNAN MAH. ESKİ SİLİVRİ CAD.,"MURAT ÇEŞME MAH.,MİMARSİNAN MAH"
748,B.ÇEKMECE,100 MM ÇAPLI ŞEBEKE HATTI ARIZASI,22/08/2023 12:41:11,22/08/2023 15:00:00,MİMARSİNAN MAH. UĞUR SK.,MİMARSİNAN MAH
749,B.ÇEKMECE,1600 MM ÇAPLI ANA İSALE HATTI ARIZASI,02/09/2023 10:08:33,02/09/2023 17:00:00,OSMANGAZİ MAH. ESEN CADDESİ,"ALKENT 2000 MAH.,ATATÜRK MAH,CUMHURİYET MAH,KARAAĞAÇ MAH.,PINARTEPE MAH.,ÇAKMAKLI MAH."
750,B.ÇEKMECE,100 MM ÇAPLI ŞEBEKE HATTI ARIZASI,23/02/2023 17:06:43,23/02/2023 23:00:00,PINARTEPE ATEŞ SK,PINARTEPE MAH.
751,B.ÇEKMECE,100 MM ÇAPLI ŞEBEKE HATTI ARIZASI,01/03/2023 10:04:23,01/03/2023 14:00:00,PINARTEPE MAH. ALADAĞ SOKAK,PINARTEPE MAH.
752,B.ÇEKMECE,100 MM ÇAPLI ŞEBEKE HATTI ARIZASI,27/09/2023 12:15:31,27/09/2023 16:00:00,PINARTEPE MAH. ATATÜRK CAD.,PINARTEPE MAH.
753,B.ÇEKMECE,100 MM ÇAPLI ŞEBEKE HATTI ARIZASI,14/02/2024 11:19:52,14/02/2024 17:00:00,PINARTEPE MAH. CİHANGİR SOKAK,"CUMHURİYET MAH,PINARTEPE MAH."
754,B.ÇEKMECE,100 MM ÇAPLI ŞEBEKE HATTI ARIZASI,27/09/2023 04:58:54,27/09/2023 12:00:00,PINARTEPE MAH. GEREDE CAD,PINARTEPE MAH.
755,B.ÇEKMECE,100 MM ÇAPLI ŞEBEKE HATTI ARIZASI,30/08/2023 23:19:25,31/08/2023 02:00:00,PINARTEPE MAH. MENEKŞE 1 SK,PINARTEPE MAH.
756,B.ÇEKMECE,100 MM ÇAPLI ŞEBEKE HATTI ARIZASI,11/08/2023 13:20:02,11/08/2023 20:00:00,PINARTEPE MAH. SAHİLYOLU CAD.,PINARTEPE MAH.
757,B.ÇEKMECE,100 MM ÇAPLI ŞEBEKE HATTI ARIZASI,23/09/2023 09:00:00,23/09/2023 11:00:00,PINARTEPE MAH. SAHİLYOLU CAD.,PINARTEPE MAH.
758,B.ÇEKMECE,100 MM ÇAPLI ŞEBEKE HATTI ARIZASI,07/04/2023 08:52:38,07/04/2023 14:00:00,PINARTEPE MAHALLESI ARAR SOKAK,PINARTEPE MAH.
759,B.ÇEKMECE,100 MM ÇAPLI ŞEBEKE HATTI ARIZASI,07/06/2023 17:10:52,07/06/2023 17:45:00,PINARTEPE MAHALLESİ ALADAĞ SOKAK,PINARTEPE MAH.
760,B.ÇEKMECE,100 MM ÇAPLI ŞEBEKE HATTI ARIZASI,05/07/2023 10:37:29,05/07/2023 12:30:00,PINARTEPE MAHALLESİ MEŞE SOKAK,PINARTEPE MAH.
761,B.ÇEKMECE,100 MM ÇAPLI ŞEBEKE HATTI ARIZASI,02/07/2023 12:13:35,02/07/2023 16:30:00,PINARTEPE MAHALLESİ ŞEHİT CELAL MADENDERE CADDESİ,PINARTEPE MAH.
762,B.ÇEKMECE,500 MM ÇAPLI ANA İSALE HATTI ARIZASI,25/08/2023 14:04:41,25/08/2023 22:00:00,SARARDI TERFİ ÇIKIŞI,"BAHÇELİEVLER MAH,GÜZELCE MAH,TÜRKOBA MAH."
763,B.ÇEKMECE,600 MM ÇAPLI  ANA İSALE HATTI ARIZASI,09/08/2023 11:12:14,09/08/2023 16:00:00,SULTAN MURAT CAD,"EKİNOBA MAH,HÜRRİYET MAH.,MURAT ÇEŞME MAH.,MİMAROBA MAH,MİMARSİNAN MAH,SİNANOBA MAH,TÜRKOBA MAH.,ULUS MAH."
764,B.ÇEKMECE,100 MM ÇAPLI ŞEBEKE HATTI ARIZASI,27/12/2023 06:40:57,27/12/2023 12:00:00,SİNANOBA MAH MEKAN SOKAK,SİNANOBA MAH
765,B.ÇEKMECE,100 MM ÇAPLI ŞEBEKE HATTI ARIZASI,20/12/2023 10:35:00,20/12/2023 19:19:00,SİNANOBA MAH.  ÇARMIKLI CD.,"MİMAROBA MAH,SİNANOBA MAH"
766,B.ÇEKMECE,100 MM ÇAPLI ŞEBEKE HATTI ARIZASI,18/01/2024 14:21:31,18/01/2024 16:30:00,SİNANOBA MAH. AYÇİÇEĞİ SOK.,SİNANOBA MAH
767,B.ÇEKMECE,100 MM ÇAPLI ŞEBEKE HATTI ARIZASI,10/07/2023 15:04:37,10/07/2023 18:00:00,SİNANOBA MAH. TURGUT REİS CADDESİ,SİNANOBA MAH
768,B.ÇEKMECE,900 MM ÇAPLI ANA İSALE HATTI ARIZASI,22/01/2024 23:58:18,23/01/2024 03:00:00,TEPECİK MEVKİİ,"AHMEDİYE MAH.,ULUS MAH."
769,B.ÇEKMECE,ARIZA SEBEBİ İLE BASINÇ DÜŞÜKLÜĞÜ,20/06/2023 19:28:44,20/06/2023 21:00:00,TERKOS,KARAAĞAÇ MAH.
770,B.ÇEKMECE,ARIZA SEBEBİ İLE BASINÇ DÜŞÜKLÜĞÜ,20/06/2023 06:31:32,20/06/2023 18:00:00,TERKOS-İKİTELLİ İSALE HATTI,KARAAĞAÇ MAH.
771,B.ÇEKMECE,100 MM ÇAPLI ŞEBEKE HATTI ARIZASI,06/03/2023 16:33:23,06/03/2023 18:30:00,TÜRKOBA MAH. EROĞLU SOKAK,TÜRKOBA MAH.
772,B.ÇEKMECE,100 MM ÇAPLI ŞEBEKE HATTI ARIZASI,12/10/2023 13:53:56,12/10/2023 17:00:00,TÜRKOBA MAH. KIRSAL SK.,TÜRKOBA MAH.
773,B.ÇEKMECE,100 MM ÇAPLI ŞEBEKE HATTI ARIZASI,17/11/2023 11:52:01,17/11/2023 16:00:00,TÜRKOBA MAH. SABIR SK.,TÜRKOBA MAH.
774,B.ÇEKMECE,100 MM ÇAPLI ŞEBEKE HATTI ARIZASI,01/03/2023 12:42:37,01/03/2023 16:00:00,TÜRKOBA MAH. SARAY SOKAK,TÜRKOBA MAH.
775,B.ÇEKMECE,100 MM ÇAPLI ŞEBEKE HATTI ARIZASI,09/02/2024 10:01:39,09/02/2024 14:00:00,TÜRKOBA MAH. ŞİFA SK,TÜRKOBA MAH.
776,B.ÇEKMECE,100 MM ÇAPLI ŞEBEKE HATTI ARIZASI,27/07/2023 13:29:52,27/07/2023 16:30:00,TÜRKOBA MAHALLESİ  CEMRE SOKAK,TÜRKOBA MAH.
777,B.ÇEKMECE,200 MM ÇAPLI ŞEBEKE HATTI ARIZASI,25/07/2023 13:42:26,25/07/2023 17:00:00,TÜRKOBA MAHALLESİ ZEKİ BORA CADDESİ,TÜRKOBA MAH.
778,B.ÇEKMECE,100 MM ÇAPLI ŞEBEKE HATTI ARIZASI,17/08/2023 11:31:50,17/08/2023 14:00:00,TÜRKOBA MH. ŞAFAK SK.,TÜRKOBA MAH.
779,B.ÇEKMECE,150 MM ÇAPLI ŞEBEKE HATTI ARIZASI,02/12/2023 09:16:47,02/12/2023 15:00:00,ULUS MAH. ATATÜRK CD. NO 33,"HÜRRİYET MAH.,MURAT ÇEŞME MAH.,TÜRKOBA MAH.,ULUS MAH."
780,B.ÇEKMECE,100 MM ÇAPLI ŞEBEKE HATTI ARIZASI,22/05/2023 09:32:55,22/05/2023 18:00:00,ULUS MAH. VATAN CADDESİ,ULUS MAH.
781,B.ÇEKMECE,100 MM ÇAPLI ŞEBEKE HATTI ARIZASI,25/05/2023 14:20:58,25/05/2023 15:30:00,ULUS MAH. VATAN CADDESİ,ULUS MAH.
782,B.ÇEKMECE,100 MM ÇAPLI ŞEBEKE HATTI ARIZASI,26/05/2023 10:54:03,26/05/2023 12:30:00,ULUS MAH. VATAN CADDESİ,ULUS MAH.
783,B.ÇEKMECE,100 MM ÇAPLI ŞEBEKE HATTI ARIZASI,28/09/2023 17:44:16,28/09/2023 20:00:00,ULUS MAH. İZCİ SK,ULUS MAH.
784,B.ÇEKMECE,100 MM ÇAPLI ŞEBEKE HATTI ARIZASI,25/03/2023 16:25:27,25/03/2023 19:00:00,ULUS MH EĞİTİM 2 SOKAK,"HÜRRİYET MAH.,ULUS MAH."
785,B.ÇEKMECE,BASINÇ DÜŞÜKLÜĞÜ,17/09/2023 22:26:20,18/09/2023 03:00:00,YAKUPLU,"19 MAYIS MAH,ATATÜRK MAH,CUMHURİYET MAH,DİZDARİYE MAH,FATİH MAH,PINARTEPE MAH."
786,B.ÇEKMECE,150 MM ÇAPLI ŞEBEKE HATTI ARIZASI,31/03/2023 15:38:09,31/03/2023 19:00:00,YENIMAHALLE ŞAHIN SOKAK,YENİMAHALLE
787,B.ÇEKMECE,100 MM ÇAPLI ŞEBEKE HATTI ARIZASI,02/06/2023 16:06:14,02/06/2023 18:06:00,YENİ MAH. YALI CADDESİ,"KUMBURGAZ MAH,YENİMAHALLE"
788,B.ÇEKMECE,300 MM ÇAPLI ŞEBEKE HATTI ARIZASI,15/08/2023 11:23:26,15/08/2023 23:59:00,YENİ MAH. İSTANBUL CAD.,"BAHÇELİEVLER MAH,CELALİYE MAH,GÜZELCE MAH,KAMİLOBA MAH,KUMBURGAZ MAH,YENİMAHALLE"
789,B.ÇEKMECE,ŞEBEKE HATTI BRANŞMAN BAĞLANTISI,20/04/2023 09:47:18,20/04/2023 13:00:00,YENİ MH MİHRAÇ SK,YENİMAHALLE
790,B.ÇEKMECE,100 MM ÇAPLI ŞEBEKE HATTI ARIZASI,27/08/2023 12:49:44,27/08/2023 14:00:00,"YENİMAHALLE  MİTHATPAŞA CADDESİ,",YENİMAHALLE
791,B.ÇEKMECE,100 MM ÇAPLI ŞEBEKE HATTI ARIZASI,07/07/2023 09:57:54,07/07/2023 12:30:00,YENİMAHALLE YALI CADDESİ,"KUMBURGAZ MAH,YENİMAHALLE"
792,B.ÇEKMECE,ŞEBEKE HATTI BRANŞMAN BAĞLANTISI,11/10/2023 12:05:45,11/10/2023 18:00:00,ÇAKMAKLI MAH. HADIMKÖY YOLU CD.,"ALKENT 2000 MAH.,KARAAĞAÇ MAH."
793,B.ÇEKMECE,ŞEBEKE HATTI VANA ARIZASI,24/11/2023 15:23:42,24/11/2023 17:00:00,ÇAKMAKLI MAH. HASTÜRK CD.,ÇAKMAKLI MAH.
794,B.ÇEKMECE,100 MM ÇAPLI ŞEBEKE HATTI ARIZASI,02/11/2023 12:40:17,02/11/2023 16:00:00,ÇAKMAKLI MAHALLESI HASTÜRK CADDESI,ÇAKMAKLI MAH.
795,B.ÇEKMECE,100 MM ÇAPLI ŞEBEKE HATTI ARIZASI,24/01/2024 11:09:52,24/01/2024 17:00:00,ÇAKMAKLI MAHALLESI HASTÜRK CADDESI',ÇAKMAKLI MAH.
796,B.ÇEKMECE,100 MM ÇAPLI ŞEBEKE HATTI ARIZASI,25/01/2024 10:41:23,25/01/2024 13:00:00,ÇAKMAKLI MAHALLESI MELİKŞAH SK.,ÇAKMAKLI MAH.
797,B.ÇEKMECE,100 MM ÇAPLI ŞEBEKE HATTI ARIZASI,25/08/2023 14:35:54,25/08/2023 17:30:00,ÇAKMAKLI MH. MEMLEKET CD,ÇAKMAKLI MAH.
798,B.ÇEKMECE,ARIZA SEBEBİ İLE BASINÇ DÜŞÜKLÜĞÜ,15/09/2023 08:51:59,15/09/2023 16:30:00,ÖMERLİ SALPOMPA,KARAAĞAÇ MAH.
799,B.ÇEKMECE,ARITMA TESİSİ ARIZASI,21/07/2023 23:45:30,22/07/2023 04:00:00,İKİTELLİ STT,KARAAĞAÇ MAH.
800,B.ÇEKMECE,ARIZA SEBEBİ İLE BASINÇ DÜŞÜKLÜĞÜ,26/09/2023 02:37:11,26/09/2023 08:00:00,İKİTELLİ STT,"ALKENT 2000 MAH.,ATATÜRK MAH,CUMHURİYET MAH,KARAAĞAÇ MAH.,KARAAĞAÇ MAH.,PINARTEPE MAH.,ÇAKMAKLI MAH."
801,B.ÇEKMECE,ANA İSALE HATTI YENİLEMESİ,19/06/2023 05:49:47,20/06/2023 06:00:00,İKİTELLİ-TERKOS,KARAAĞAÇ MAH.
802,B.ÇEKMECE,ELEKTRİK ENERJİSİ PROBLEMİ,20/12/2023 01:12:45,20/12/2023 04:00:00,ŞAHİNTEPE TERFİ,KARAAĞAÇ MAH.
803,B.ÇEKMECE,ENERJİ KESİNTİSİ,14/08/2023 23:13:10,15/08/2023 02:00:00,ŞAHİNTEPE TERFİ MERKEZİ,KARAAĞAÇ MAH.
804,B.ÇEKMECE,ARIZA SEBEBİ İLE BASINÇ DÜŞÜKLÜĞÜ,05/09/2023 20:44:48,06/09/2023 03:00:00,ŞAHİNTEPE TERFİ MERKEZİ,KARAAĞAÇ MAH.
805,B.ÇEKMECE,TERFİ  MERKEZİ ARIZASI,15/09/2023 21:43:28,15/09/2023 23:59:00,ŞAHİNTEPE TERFİ MERKEZİ,"19 MAYIS MAH,ALKENT 2000 MAH.,ALKENT 2000 MAH.,ATATÜRK MAH,CUMHURİYET MAH,KARAAĞAÇ MAH.,PINARTEPE MAH.,ÇAKMAKLI MAH.,ÇAKMAKLI MAH."
806,BAHÇELİEVLER,150 MM ÇAPLI ŞEBEKE HATTI ARIZASI,30/08/2023 13:24:28,30/08/2023 17:00:00, BAHÇELİEVLER MAH F.ÇAKMAK CAD. NO:50,"BAHÇELİEVLER MAH,SİYAVUŞPAŞA MAH"
807,BAHÇELİEVLER,100 MM ÇAPLI ŞEBEKE HATTI ARIZASI,27/09/2023 10:50:18,27/09/2023 18:00:00,ALBAYRAK SK SOKULLU SK,"SOĞANLI MAH,SİYAVUŞPAŞA MAH,ŞİRİNEVLER MAH"
808,BAHÇELİEVLER,ARIZA SEBEBİ İLE BASINÇ DÜŞÜKLÜĞÜ,23/09/2023 14:58:31,24/09/2023 01:00:00,BAHÇELIEVLER,"CUMHURİYET MAH,FEVZİ ÇAKMAK MAH,HÜRRİYET MAH,KOCASİNAN MERKEZ MAH,SOĞANLI MAH,SİYAVUŞPAŞA MAH,YENİBOSNA MERKEZ MAH,ZAFER MAH,ÇOBANÇEŞME MAH,ŞİRİNEVLER MAH"
809,BAHÇELİEVLER,BASINÇ DÜŞÜKLÜĞÜ,24/09/2023 12:56:15,24/09/2023 17:00:00,BAHÇELİEVLER,"BAHÇELİEVLER MAH,BAHÇELİEVLER-STANDARTDIŞI ADRES,CUMHURİYET MAH,FEVZİ ÇAKMAK MAH,HÜRRİYET MAH,KOCASİNAN MERKEZ MAH,SOĞANLI MAH,SİYAVUŞPAŞA MAH,YENİBOSNA MERKEZ MAH,ZAFER MAH,ÇOBANÇEŞME MAH,ŞİRİNEVLER MAH"
810,BAHÇELİEVLER,100 MM ÇAPLI ŞEBEKE HATTI ARIZASI,13/10/2023 01:46:06,13/10/2023 10:00:00,BAHÇELİEVLER MAH. NACİ KASIM CADDESİ,BAHÇELİEVLER MAH
811,BAHÇELİEVLER,100 MM ÇAPLI ŞEBEKE HATTI ARIZASI,30/06/2023 12:41:22,30/06/2023 16:00:00,BAHÇELİEVLER MAH.MELTEM ARALIĞI SOKAK  NO:3,BAHÇELİEVLER MAH
812,BAHÇELİEVLER,100 MM ÇAPLI ŞEBEKE HATTI ARIZASI,26/12/2023 12:09:04,26/12/2023 17:00:00,BAHÇELİEVLER MAHALLESİ KÜLTÜR SOKAK,BAHÇELİEVLER MAH
813,BAHÇELİEVLER,100 MM ÇAPLI ŞEBEKE HATTI ARIZASI,23/05/2023 19:02:20,23/05/2023 23:59:00,BAHÇELİEVLER MAHÇ TURGUT REİS SOK NO 12,BAHÇELİEVLER MAH
814,BAHÇELİEVLER,TERFİ  MERKEZİ ARIZASI,27/02/2023 11:14:05,27/02/2023 14:00:00,BAHÇELİEVLER TERFİ,"BAHÇELİEVLER MAH,CUMHURİYET MAH,FEVZİ ÇAKMAK MAH,HÜRRİYET MAH,KOCASİNAN MERKEZ MAH,SOĞANLI MAH,SİYAVUŞPAŞA MAH,YENİBOSNA MERKEZ MAH,ZAFER MAH,ÇOBANÇEŞME MAH,ŞİRİNEVLER MAH"
815,BAHÇELİEVLER,100 MM ÇAPLI ŞEBEKE HATTI ARIZASI,22/02/2023 23:04:12,23/02/2023 03:00:00,BAHÇELİEVLER UMUT CAD. 21,"BAHÇELİEVLER MAH,CUMHURİYET MAH,FEVZİ ÇAKMAK MAH,HÜRRİYET MAH,KOCASİNAN MERKEZ MAH,SOĞANLI MAH,SİYAVUŞPAŞA MAH,YENİBOSNA MERKEZ MAH,ZAFER MAH,ÇOBANÇEŞME MAH"
816,BAHÇELİEVLER,100 MM ÇAPLI ŞEBEKE HATTI ARIZASI,22/12/2023 01:15:32,22/12/2023 04:00:00,BAHÇELİEVLER İSALE HATTI SCADA ÇALIŞMASI,"BAHÇELİEVLER MAH,ŞİRİNEVLER MAH"
817,BAHÇELİEVLER,1400 MM ÇAPLI ANA İSALE HATTI ARIZASI,15/09/2023 12:56:34,15/09/2023 15:00:00,BEŞYÜZEVLER TERFŞİ,YENİBOSNA MERKEZ MAH
818,BAHÇELİEVLER,ŞEBEKE HATTI VANA MONTAJI/DEĞİŞİMİ,25/03/2023 10:15:11,25/03/2023 13:00:00,CUMHURİYET MH URBAN SK NO:17 ÖNÜ,CUMHURİYET MAH
819,BAHÇELİEVLER,100 MM ÇAPLI ŞEBEKE HATTI ARIZASI,04/02/2024 10:36:56,04/02/2024 14:00:00,FEVZİ ÇAKMAK MAH. HENDEK SOK. NO:8,FEVZİ ÇAKMAK MAH
820,BAHÇELİEVLER,100 MM ÇAPLI ŞEBEKE HATTI ARIZASI,18/07/2023 20:20:53,18/07/2023 23:55:00,FEVZİ ÇAKMAK MH.GÜRANİ SK.NI:52,FEVZİ ÇAKMAK MAH
821,BAHÇELİEVLER,100 MM ÇAPLI ŞEBEKE HATTI ARIZASI,01/07/2023 17:54:48,01/07/2023 20:00:00,HÜRRRİYET MAH. BAKIRCILAR SOK. NO:1,"HÜRRİYET MAH,KOCASİNAN MERKEZ MAH"
822,BAHÇELİEVLER,100 MM ÇAPLI ŞEBEKE HATTI ARIZASI,07/10/2023 10:16:58,07/10/2023 13:00:00,HÜRRİYET MAH,HÜRRİYET MAH
823,BAHÇELİEVLER,100 MM ÇAPLI ŞEBEKE HATTI ARIZASI,08/04/2023 17:33:38,08/04/2023 20:00:00,HÜRRİYET MAH. GÖRÜCÜ SOK NO:3,HÜRRİYET MAH
824,BAHÇELİEVLER,100 MM ÇAPLI ŞEBEKE HATTI ARIZASI,31/08/2023 10:45:53,31/08/2023 13:00:00,HÜRRİYET MAHALLESİ ALTIN SOKAK,HÜRRİYET MAH
825,BAHÇELİEVLER,100 MM ÇAPLI ŞEBEKE HATTI ARIZASI,02/02/2024 14:10:29,02/02/2024 18:00:00,HÜRRİYET MAHALLESİ ŞAHİN 1 SK,"HÜRRİYET MAH,KOCASİNAN MERKEZ MAH"
826,BAHÇELİEVLER,100 MM ÇAPLI ŞEBEKE HATTI ARIZASI,28/04/2023 14:51:17,28/04/2023 17:00:00,IŞILDAR SOKAK,ZAFER MAH
827,BAHÇELİEVLER,100 MM ÇAPLI ŞEBEKE HATTI ARIZASI,21/07/2023 14:33:26,21/07/2023 18:00:00,KOCASINAN MH YENIBOSNA KOCASINAN YOLU CD NO:5,KOCASİNAN MERKEZ MAH
828,BAHÇELİEVLER,100 MM ÇAPLI ŞEBEKE HATTI ARIZASI,03/11/2023 17:31:05,03/11/2023 23:00:00,KOCASİNAN FERİT SİRDAL SK.NO:5,"KOCASİNAN MERKEZ MAH,YENİBOSNA MERKEZ MAH"
829,BAHÇELİEVLER,100 MM ÇAPLI ŞEBEKE HATTI ARIZASI,07/08/2023 17:30:17,07/08/2023 20:00:00,KOCASİNAN MAHALLESİ GÖL SOKAK NO:10,"KOCASİNAN MERKEZ MAH,YENİBOSNA MERKEZ MAH"
830,BAHÇELİEVLER,100 MM ÇAPLI ŞEBEKE HATTI ARIZASI,15/11/2023 10:22:06,15/11/2023 15:00:00,KOCASİNAN MERKEZ MAHALLESİ GÖL SK SELİN SOKAK,"KOCASİNAN MERKEZ MAH,YENİBOSNA MERKEZ MAH"
831,BAHÇELİEVLER,100 MM ÇAPLI ŞEBEKE HATTI ARIZASI,23/11/2023 13:40:47,23/11/2023 16:00:00,KOCASİNAN MERKEZ MAHALLESİ KAYANTAŞ SOKAK,KOCASİNAN MERKEZ MAH
832,BAHÇELİEVLER,100 MM ÇAPLI ŞEBEKE HATTI ARIZASI,03/01/2024 11:15:58,03/01/2024 14:00:00,KOCASİNAN MERKEZ MAHALLESİ KERKÜK CADDESİ,KOCASİNAN MERKEZ MAH
833,BAHÇELİEVLER,100 MM ÇAPLI ŞEBEKE HATTI ARIZASI,29/11/2023 11:06:16,29/11/2023 16:00:00,KOCASİNAN MERKEZ MAHALLESİ ORMAN SOKAK,"KOCASİNAN MERKEZ MAH,YENİBOSNA MERKEZ MAH"
834,BAHÇELİEVLER,100 MM ÇAPLI ŞEBEKE HATTI ARIZASI,13/12/2023 10:17:39,13/12/2023 17:00:00,KOCASİNAN MERKEZ MAHALLESİ SELİN SOKAK BAŞI,"KOCASİNAN MERKEZ MAH,YENİBOSNA MERKEZ MAH"
835,BAHÇELİEVLER,TERFİ  MERKEZİ ARIZASI,14/07/2023 12:26:42,14/07/2023 14:00:00,MAHMUTBEY TERFİ,YENİBOSNA MERKEZ MAH
836,BAHÇELİEVLER,ARIZA SEBEBİ İLE BASINÇ DÜŞÜKLÜĞÜ,20/06/2023 14:00:26,20/06/2023 18:00:00,MAHMUTBEY TERFİ MERKEZİ,YENİBOSNA MERKEZ MAH
837,BAHÇELİEVLER,ARIZA SEBEBİ İLE BASINÇ DÜŞÜKLÜĞÜ,16/09/2023 15:00:32,16/09/2023 21:00:00,MAHMUTBEY TERFİ MERKEZİ,YENİBOSNA MERKEZ MAH
838,BAHÇELİEVLER,100 MM ÇAPLI ŞEBEKE HATTI ARIZASI,18/01/2024 11:34:03,18/01/2024 14:00:00,MAREŞAL FEVZİ ÇAKMAK 1.SOKAK,ŞİRİNEVLER MAH
839,BAHÇELİEVLER,150 MM ÇAPLI ŞEBEKE HATTI ARIZASI,20/10/2023 19:17:07,20/10/2023 23:59:00,MERKEZ MAHALLESİ METRO İNŞAAT ALANI,BAHÇELİEVLER MAH
840,BAHÇELİEVLER,100 MM ÇAPLI ŞEBEKE HATTI ARIZASI,03/03/2023 14:46:12,03/03/2023 18:00:00,NAR SK,ÇOBANÇEŞME MAH
841,BAHÇELİEVLER,100 MM ÇAPLI ŞEBEKE HATTI ARIZASI,25/01/2024 10:29:18,25/01/2024 15:00:00,SANAYİ CADDESİ METRO,ÇOBANÇEŞME MAH
842,BAHÇELİEVLER,100 MM ÇAPLI ŞEBEKE HATTI ARIZASI,21/11/2023 02:17:10,21/11/2023 11:00:00,SOGANLI MAH. MARMARA NO:11,"SOĞANLI MAH,SİYAVUŞPAŞA MAH"
843,BAHÇELİEVLER,100 MM ÇAPLI ŞEBEKE HATTI ARIZASI,06/11/2023 13:41:23,06/11/2023 17:00:00,SOĞANLI MAH DEDE KORKUT SK NO:17,"SOĞANLI MAH,SİYAVUŞPAŞA MAH,ŞİRİNEVLER MAH"
844,BAHÇELİEVLER,100 MM ÇAPLI ŞEBEKE HATTI ARIZASI,02/02/2024 10:12:18,02/02/2024 14:00:00,SOĞANLI MAH ŞENDOĞAN SK,SOĞANLI MAH
845,BAHÇELİEVLER,100 MM ÇAPLI ŞEBEKE HATTI ARIZASI,19/12/2023 15:05:50,19/12/2023 19:00:00,SOĞANLI MAHALLESİ YAHYA KEMAL BEYATLI SOKAK,"SOĞANLI MAH,SİYAVUŞPAŞA MAH"
846,BAHÇELİEVLER,100 MM ÇAPLI ŞEBEKE HATTI ARIZASI,04/05/2023 03:51:54,04/05/2023 07:00:00,SİYAVUŞPAŞA  MAH. ADNAN KAHVECİ BULVARI NO:118,SİYAVUŞPAŞA MAH
847,BAHÇELİEVLER,150 MM ÇAPLI ŞEBEKE HATTI ARIZASI,10/06/2023 16:57:19,10/06/2023 20:00:00,SİYAVUŞPAŞA MAH. ADNAN KAHVECİ BULVARI 2A,SİYAVUŞPAŞA MAH
848,BAHÇELİEVLER,100 MM ÇAPLI ŞEBEKE HATTI ARIZASI,13/02/2024 17:08:06,13/02/2024 19:30:00,SİYAVUŞPAŞA MAH. MEŞELİ SOK .NO:14,SİYAVUŞPAŞA MAH
849,BAHÇELİEVLER,150 MM ÇAPLI ŞEBEKE HATTI ARIZASI,08/07/2023 15:58:11,08/07/2023 19:30:00,Y.BOSNA LADİN SK. İÇİ,YENİBOSNA MERKEZ MAH
850,BAHÇELİEVLER,100 MM ÇAPLI ŞEBEKE HATTI ARIZASI,07/10/2023 20:19:10,07/10/2023 23:59:00,YENİBOPSNA MERKEZ MAH. SEDİR SOKAK,YENİBOSNA MERKEZ MAH
851,BAHÇELİEVLER,100 MM ÇAPLI ŞEBEKE HATTI ARIZASI,07/10/2023 16:03:26,07/10/2023 20:00:00,YENİBOSNA MAHALLESİ SEDİR SOKAK,YENİBOSNA MERKEZ MAH
852,BAHÇELİEVLER,100 MM ÇAPLI ŞEBEKE HATTI ARIZASI,28/04/2023 14:00:46,28/04/2023 19:00:00,YENİBOSNA MERKEZ MAHALLESİ 29 EKİM CADDESİ,"FEVZİ ÇAKMAK MAH,HÜRRİYET MAH,YENİBOSNA MERKEZ MAH,ZAFER MAH,ÇOBANÇEŞME MAH"
853,BAHÇELİEVLER,150 MM ÇAPLI ŞEBEKE HATTI ARIZASI,01/06/2023 00:37:44,01/06/2023 07:00:00,YENİBOSNA MERKEZ MAHALLESİ CEMAL ULUSOY CADDESİ,YENİBOSNA MERKEZ MAH
854,BAHÇELİEVLER,150 MM ÇAPLI ŞEBEKE HATTI ARIZASI,02/01/2024 21:22:26,02/01/2024 23:59:00,YENİBOSNA MERKEZ MAHALLESİ DEĞİRMENBAHÇE CADDESİ NO:15,YENİBOSNA MERKEZ MAH
855,BAHÇELİEVLER,100 MM ÇAPLI ŞEBEKE HATTI ARIZASI,09/08/2023 10:10:14,09/08/2023 13:00:00,YENİBOSNA MERKEZ MAHALLESİ KÖYCEĞİZ SOKAK,YENİBOSNA MERKEZ MAH
856,BAHÇELİEVLER,100 MM ÇAPLI ŞEBEKE HATTI ARIZASI,30/11/2023 17:30:15,30/11/2023 21:00:00,ZAFER MAHALLESİ BAHAR SOKAK NO:31,ZAFER MAH
857,BAHÇELİEVLER,100 MM ÇAPLI ŞEBEKE HATTI ARIZASI,19/12/2023 12:14:40,19/12/2023 16:00:00,ZAFER MAHALLESİ BAHARGÜLÜ SOKAK,ZAFER MAH
858,BAHÇELİEVLER,100 MM ÇAPLI ŞEBEKE HATTI ARIZASI,17/02/2024 10:32:57,17/02/2024 15:00:00,ZAFER MAHALLESİ BAHARGÜLÜ SOKAK,"HÜRRİYET MAH,ZAFER MAH,ÇOBANÇEŞME MAH"
859,BAHÇELİEVLER,100 MM ÇAPLI ŞEBEKE HATTI ARIZASI,11/11/2023 10:18:45,11/11/2023 14:00:00,ZAFER MAHALLESİ BALÇIK SOKAK,"YENİBOSNA MERKEZ MAH,ZAFER MAH"
860,BAHÇELİEVLER,100 MM ÇAPLI ŞEBEKE HATTI ARIZASI,05/12/2023 09:58:33,05/12/2023 16:00:00,ZAFER MAHALLESİ TUNÇ SOKAK,ZAFER MAH
861,BAHÇELİEVLER,100 MM ÇAPLI ŞEBEKE HATTI ARIZASI,26/04/2023 17:02:18,26/04/2023 21:00:00,ZAFER MAM. BABAOCAĞI SOK. NO:17,"HÜRRİYET MAH,ZAFER MAH"
862,BAHÇELİEVLER,100 MM ÇAPLI ŞEBEKE HATTI ARIZASI,25/04/2023 14:55:34,25/04/2023 16:00:00,ZAFER MH KALE SK,ZAFER MAH
863,BAHÇELİEVLER,100 MM ÇAPLI ŞEBEKE HATTI ARIZASI,20/04/2023 12:34:32,20/04/2023 15:00:00,ZAFER MH. ÇALIŞLAR SK. NO;23,"HÜRRİYET MAH,ZAFER MAH"
864,BAHÇELİEVLER,100 MM ÇAPLI ŞEBEKE HATTI ARIZASI,29/04/2023 09:29:13,29/04/2023 13:00:00,ZİYA TAŞKENT SOKAK,"KOCASİNAN MERKEZ MAH,YENİBOSNA MERKEZ MAH"
865,BAHÇELİEVLER,100 MM ÇAPLI ŞEBEKE HATTI ARIZASI,26/04/2023 17:04:42,26/04/2023 21:00:00,ÇOBANÇEŞME MAH. CAN SOK. NO:33,ÇOBANÇEŞME MAH
866,BAHÇELİEVLER,100 MM ÇAPLI ŞEBEKE HATTI ARIZASI,14/12/2023 09:31:14,14/12/2023 12:00:00,ÇOBANÇEŞME MAHALLESİ CANAN SOKAK,ÇOBANÇEŞME MAH
867,BAHÇELİEVLER,200 MM ÇAPLI ŞEBEKE HATTI ARIZASI,02/02/2024 17:43:38,02/02/2024 22:00:00,ÇOBANÇEŞME MAHALLESİ GENÇ OSMAN SOKAK,"YENİBOSNA MERKEZ MAH,ÇOBANÇEŞME MAH"
868,BAHÇELİEVLER,200 MM ÇAPLI ŞEBEKE HATTI ARIZASI,15/11/2023 12:48:32,15/11/2023 16:00:00,ÇOBANÇEŞME MAHALLESİ SANAYİ CADDESİ,"ÇOBANÇEŞME MAH,ÇOBANÇEŞME MAH"
869,BAHÇELİEVLER,150 MM ÇAPLI ŞEBEKE HATTI ARIZASI,03/05/2023 11:06:48,03/05/2023 14:00:00,ÇOBANÇEŞME MH CAN SK,ÇOBANÇEŞME MAH
870,BAHÇELİEVLER,100 MM ÇAPLI ŞEBEKE HATTI ARIZASI,06/07/2023 10:20:57,06/07/2023 13:30:00,ÇOBANÇEŞME MH FATIH CD NO:3,ÇOBANÇEŞME MAH
871,BAHÇELİEVLER,150 MM ÇAPLI ŞEBEKE HATTI ARIZASI,16/07/2023 10:08:04,16/07/2023 13:00:00,ÇOBANŞEŞME GÜNGÖR SK,ÇOBANÇEŞME MAH
872,BAHÇELİEVLER,100 MM ÇAPLI ŞEBEKE HATTI ARIZASI,28/06/2023 16:38:38,28/06/2023 19:00:00,ŞİRİNEVLER MAH.ADNAN KAHVECİ CADDESİ NO:212,ŞİRİNEVLER MAH
873,BAHÇELİEVLER,100 MM ÇAPLI ŞEBEKE HATTI ARIZASI,02/07/2023 10:35:16,02/07/2023 16:00:00,ŞİRİNEVLER MAH.KAZIM KARABEKİR CADDESİ NO:38,ŞİRİNEVLER MAH
874,BAHÇELİEVLER,100 MM ÇAPLI ŞEBEKE HATTI ARIZASI,25/10/2023 16:37:50,25/10/2023 21:00:00,ŞİRİNEVLER MAH.MİTHAT PAŞA 7.SOKAK NO.13,ŞİRİNEVLER MAH
875,BAHÇELİEVLER,100 MM ÇAPLI ŞEBEKE HATTI ARIZASI,18/12/2023 10:36:19,18/12/2023 18:00:00,ŞİRİNEVLER MAHALLESİ MAHMUTBEY 18.SK,"SİYAVUŞPAŞA MAH,ŞİRİNEVLER MAH"
876,BAHÇELİEVLER,100 MM ÇAPLI ŞEBEKE HATTI ARIZASI,17/05/2023 13:26:11,17/05/2023 16:00:00,ŞİRİNEVLER MAHALLESİ YEŞİLBAĞ SOKAK,"SİYAVUŞPAŞA MAH,ŞİRİNEVLER MAH"
877,BAHÇELİEVLER,100 MM ÇAPLI ŞEBEKE HATTI ARIZASI,30/10/2023 08:32:08,30/10/2023 12:00:00,ŞİRİNEVLER MH AKIN SK NO:5,"SOĞANLI MAH,SİYAVUŞPAŞA MAH,ŞİRİNEVLER MAH"
878,BAHÇELİEVLER,100 MM ÇAPLI ŞEBEKE HATTI ARIZASI,25/02/2023 12:35:42,25/02/2023 15:00:00,ŞİRİNEVLER MH KAZIM KARABEKİR 3. SK NO:16,ŞİRİNEVLER MAH
879,BAKIRKÖY,100 MM ÇAPLI ŞEBEKE HATTI ARIZASI,27/05/2023 13:59:10,27/05/2023 17:00:00,ATAKÖY    2 5 6  NERDİS YOLU,ATAKÖY 2-5-6.KISIM MAH
880,BAKIRKÖY,100 MM ÇAPLI ŞEBEKE HATTI ARIZASI,26/12/2023 10:14:14,26/12/2023 14:00:00,ATAKÖY 2 5 6  KOCATEPE SK,ATAKÖY 2-5-6.KISIM MAH
881,BAKIRKÖY,100 MM ÇAPLI ŞEBEKE HATTI ARIZASI,09/09/2023 10:09:09,09/09/2023 13:00:00,ATAKÖY 2 5 6  RAUF ORBAY CD,ATAKÖY 2-5-6.KISIM MAH
882,BAKIRKÖY,100 MM ÇAPLI ŞEBEKE HATTI ARIZASI,07/07/2023 10:20:01,07/07/2023 13:00:00,ATAKÖY 7 -8-9-10  DEFNE SK,ATAKÖY 7-8-9-10.KISIM MAH
883,BAKIRKÖY,100 MM ÇAPLI ŞEBEKE HATTI ARIZASI,14/06/2023 11:01:48,14/06/2023 14:29:00,ATAKÖY 7 -8-9-10 NİLÜFER SK,ATAKÖY 7-8-9-10.KISIM MAH
884,BAKIRKÖY,100 MM ÇAPLI ŞEBEKE HATTI ARIZASI,23/02/2023 13:33:15,23/02/2023 19:30:00,ATAKÖY 7 -8-9-10 İGDE SK,"ATAKÖY 3-4-11.KISIM MAH,ATAKÖY 7-8-9-10.KISIM MAH"
885,BAKIRKÖY,ANA İSALE HATTI DEPLASE ÇALIŞMASI,25/07/2023 09:52:13,25/07/2023 19:00:00,AYAMAMA DERESİ MEVKİİ,"YEŞİLKÖY MAH,YEŞİLYURT MAH"
886,BAKIRKÖY,ANA İSALE HATTI VANA ARIZASI,24/03/2023 13:33:10,24/03/2023 17:30:00,BAHÇELİEVLER MAHALLESİ,"ATAKÖY 1.KISIM MAH,ATAKÖY 2-5-6.KISIM MAH,ATAKÖY 3-4-11.KISIM MAH,ATAKÖY 7-8-9-10.KISIM MAH,CEVİZLİK MAH,KARTALTEPE MAH,OSMANİYE MAH,SAKIZAĞACI MAH,YENİMAHALLE,ZEYTİNLİK MAH,ZUHURATBABA MAH"
887,BAKIRKÖY,1800 MM ÇAPLI ANA İSALE HATTI ARIZASI,01/07/2023 21:04:16,02/07/2023 03:00:00,BASIN EKSPRES YOLU,"YEŞİLKÖY MAH,YEŞİLYURT MAH"
888,BAKIRKÖY,100 MM ÇAPLI ŞEBEKE HATTI ARIZASI,16/01/2024 15:51:36,16/01/2024 15:57:00,BASINKÖY  MH   HATÜSTÜ SK,BASINKÖY MAH
889,BAKIRKÖY,100 MM ÇAPLI ŞEBEKE HATTI ARIZASI,09/01/2024 14:09:08,09/01/2024 18:00:00,BASINKÖY  MH  ONUR SK,BASINKÖY MAH
890,BAKIRKÖY,ARIZA SEBEBİ İLE BASINÇ DÜŞÜKLÜĞÜ,14/09/2023 00:12:17,14/09/2023 09:00:00,BÜYÜKÇEKMECE SEFAKÖY İSALE HATTI,"BASINKÖY MAH,ŞENLİKKÖY MAH"
891,BAKIRKÖY,100 MM ÇAPLI ŞEBEKE HATTI ARIZASI,30/08/2023 08:32:08,30/08/2023 12:00:00,CEVİZLİK MAH FİŞEKHANE CD NO:54,"CEVİZLİK MAH,SAKIZAĞACI MAH,ZEYTİNLİK MAH"
892,BAKIRKÖY,ŞEBEKE HATTI VANA MONTAJI/DEĞİŞİMİ,03/05/2023 16:14:43,03/05/2023 19:00:00,CEVİZLİK MAH MABET SK,CEVİZLİK MAH
893,BAKIRKÖY,100 MM ÇAPLI ŞEBEKE HATTI ARIZASI,25/08/2023 09:57:34,25/08/2023 14:00:00,CEVİZLİK MAH İSTANBUL CD,CEVİZLİK MAH
894,BAKIRKÖY,ARIZA SEBEBİ İLE BASINÇ DÜŞÜKLÜĞÜ,19/12/2023 21:58:28,20/12/2023 08:00:00,HAREM 2200 MM İSALE HATTI,"ATAKÖY 3-4-11.KISIM MAH,CEVİZLİK MAH,KARTALTEPE MAH,OSMANİYE MAH,SAKIZAĞACI MAH,YENİMAHALLE,ZEYTİNLİK MAH,ZUHURATBABA MAH"
895,BAKIRKÖY,ARIZA SEBEBİ İLE BASINÇ DÜŞÜKLÜĞÜ,21/12/2023 21:05:31,22/12/2023 06:00:00,K.ÇAMLICA-SALACAK 2200 MM İSALE HATTI,"ATAKÖY 3-4-11.KISIM MAH,CEVİZLİK MAH,KARTALTEPE MAH,OSMANİYE MAH,SAKIZAĞACI MAH,YENİMAHALLE,ZEYTİNLİK MAH,ZUHURATBABA MAH"
896,BAKIRKÖY,100 MM ÇAPLI ŞEBEKE HATTI ARIZASI,30/09/2023 18:16:58,30/09/2023 21:00:00,KARTALTEPE FİLİZ SOKAK BORU KIRIĞI,KARTALTEPE MAH
897,BAKIRKÖY,100 MM ÇAPLI ŞEBEKE HATTI ARIZASI,24/06/2023 11:35:22,24/06/2023 18:00:00,KARTALTEPE KOŞUYOLU CD,KARTALTEPE MAH
898,BAKIRKÖY,100 MM ÇAPLI ŞEBEKE HATTI ARIZASI,28/09/2023 09:51:03,28/09/2023 13:00:00,KARTALTEPE MAH  FİLİZ SK,KARTALTEPE MAH
899,BAKIRKÖY,100 MM ÇAPLI ŞEBEKE HATTI ARIZASI,30/08/2023 10:44:24,30/08/2023 15:00:00,KARTALTEPE MAH ALPULLU SK,KARTALTEPE MAH
900,BAKIRKÖY,100 MM ÇAPLI ŞEBEKE HATTI ARIZASI,14/07/2023 10:36:42,14/07/2023 12:00:00,KARTALTEPE MAH BELEDİYE HEKİMİ,KARTALTEPE MAH
901,BAKIRKÖY,100 MM ÇAPLI ŞEBEKE HATTI ARIZASI,22/11/2023 09:34:21,22/11/2023 12:00:00,KARTALTEPE MAH BUHAR ESK,KARTALTEPE MAH
902,BAKIRKÖY,100 MM ÇAPLI ŞEBEKE HATTI ARIZASI,24/10/2023 15:38:18,24/10/2023 18:00:00,KARTALTEPE MAH FİLİZ,KARTALTEPE MAH
903,BAKIRKÖY,100 MM ÇAPLI ŞEBEKE HATTI ARIZASI,30/10/2023 10:39:05,30/10/2023 13:00:00,KARTALTEPE MAH FİLİZ,KARTALTEPE MAH
904,BAKIRKÖY,100 MM ÇAPLI ŞEBEKE HATTI ARIZASI,13/10/2023 11:06:52,13/10/2023 14:00:00,KARTALTEPE MAH FİLİZ SK,KARTALTEPE MAH
905,BAKIRKÖY,100 MM ÇAPLI ŞEBEKE HATTI ARIZASI,20/10/2023 10:30:16,20/10/2023 14:00:00,KARTALTEPE MAH FİLİZ SK,KARTALTEPE MAH
906,BAKIRKÖY,100 MM ÇAPLI ŞEBEKE HATTI ARIZASI,15/03/2023 14:04:19,15/03/2023 17:00:00,KARTALTEPE MAH GENARALŞÜKRÜ KANATLI SK,KARTALTEPE MAH
907,BAKIRKÖY,100 MM ÇAPLI ŞEBEKE HATTI ARIZASI,26/06/2023 13:32:04,26/06/2023 17:00:00,KARTALTEPE MAH KOŞUYOLU CD,"KARTALTEPE MAH,OSMANİYE MAH"
908,BAKIRKÖY,100 MM ÇAPLI ŞEBEKE HATTI ARIZASI,05/08/2023 13:13:23,05/08/2023 17:00:00,KARTALTEPE MAH TEZ SK,KARTALTEPE MAH
909,BAKIRKÖY,100 MM ÇAPLI ŞEBEKE HATTI ARIZASI,08/01/2024 11:33:57,08/01/2024 14:00:00,KARTALTEPE MAHALLESİ  FİLİZ  SK,KARTALTEPE MAH
910,BAKIRKÖY,100 MM ÇAPLI ŞEBEKE HATTI ARIZASI,04/10/2023 09:50:08,04/10/2023 17:00:00,KARTALTEPE MAHALLESİ  FİLİZ SK,KARTALTEPE MAH
911,BAKIRKÖY,100 MM ÇAPLI ŞEBEKE HATTI ARIZASI,29/11/2023 17:22:13,29/11/2023 20:00:00,KARTALTEPE MAHALLESİ  FİLİZ SK,KARTALTEPE MAH
912,BAKIRKÖY,100 MM ÇAPLI ŞEBEKE HATTI ARIZASI,04/01/2024 11:04:43,04/01/2024 14:00:00,KARTALTEPE MAHALLESİ  FİLİZ SK,KARTALTEPE MAH
913,BAKIRKÖY,100 MM ÇAPLI ŞEBEKE HATTI ARIZASI,01/11/2023 15:59:04,01/11/2023 18:00:00,KARTALTEPE MAHALLESİ  FİLİZSK,KARTALTEPE MAH
914,BAKIRKÖY,100 MM ÇAPLI ŞEBEKE HATTI ARIZASI,19/07/2023 12:05:15,19/07/2023 15:00:00,KARTALTEPE MAHALLESİ  GENARAL ŞÜKRÜ KANATLI SK,KARTALTEPE MAH
915,BAKIRKÖY,100 MM ÇAPLI ŞEBEKE HATTI ARIZASI,23/10/2023 14:26:16,23/10/2023 18:00:00,KARTALTEPE MAHALLESİ  INCIRLI CD,KARTALTEPE MAH
916,BAKIRKÖY,100 MM ÇAPLI ŞEBEKE HATTI ARIZASI,04/07/2023 13:30:29,04/07/2023 17:00:00,KARTALTEPE MAHALLESİ  KOŞU YOLU CD,KARTALTEPE MAH
917,BAKIRKÖY,100 MM ÇAPLI ŞEBEKE HATTI ARIZASI,09/02/2024 16:00:31,09/02/2024 19:00:00,KARTALTEPE MAHALLESİ FİLİZ SK,KARTALTEPE MAH
918,BAKIRKÖY,100 MM ÇAPLI ŞEBEKE HATTI ARIZASI,17/12/2023 14:09:11,17/12/2023 16:00:00,KARTALTEPE MAHALLESİ FİLİZ SOKAK,KARTALTEPE MAH
919,BAKIRKÖY,100 MM ÇAPLI ŞEBEKE HATTI ARIZASI,21/10/2023 17:51:56,21/10/2023 19:00:00,KARTALTEPE MH,KARTALTEPE MAH
920,BAKIRKÖY,100 MM ÇAPLI ŞEBEKE HATTI ARIZASI,31/03/2023 12:44:21,31/03/2023 16:00:00,KARTALTEPE MH  GENERAL ŞÜKRÜ KANATLI CD,KARTALTEPE MAH
921,BAKIRKÖY,100 MM ÇAPLI ŞEBEKE HATTI ARIZASI,02/03/2023 14:41:39,02/03/2023 19:00:00,KARTALTEPE MH  KARACAOĞLAN SK,KARTALTEPE MAH
922,BAKIRKÖY,100 MM ÇAPLI ŞEBEKE HATTI ARIZASI,25/01/2024 11:28:33,25/01/2024 16:00:00,KARTALTEPE MH BOZTEPE,KARTALTEPE MAH
923,BAKIRKÖY,100 MM ÇAPLI ŞEBEKE HATTI ARIZASI,18/02/2023 11:57:56,18/02/2023 18:00:00,KARTALTEPE ÜÇTEPE SK,KARTALTEPE MAH
924,BAKIRKÖY,100 MM ÇAPLI ŞEBEKE HATTI ARIZASI,23/01/2024 11:08:29,23/01/2024 15:00:00,OSMANIYE  FILDAMI,OSMANİYE MAH
925,BAKIRKÖY,100 MM ÇAPLI ŞEBEKE HATTI ARIZASI,15/03/2023 09:36:26,15/03/2023 14:00:00,OSMANİYE  MAHALLESİ  EKREM KURT BULV.,"ATAKÖY 1.KISIM MAH,ATAKÖY 2-5-6.KISIM MAH,CEVİZLİK MAH,KARTALTEPE MAH,OSMANİYE MAH,SAKIZAĞACI MAH,YENİMAHALLE,ZEYTİNLİK MAH"
926,BAKIRKÖY,100 MM ÇAPLI ŞEBEKE HATTI ARIZASI,18/01/2024 16:38:06,18/01/2024 19:00:00,OSMANİYE  MH   KÖY ALTI SK,OSMANİYE MAH
927,BAKIRKÖY,100 MM ÇAPLI ŞEBEKE HATTI ARIZASI,03/10/2023 10:06:37,03/10/2023 13:00:00,OSMANİYE  MH  FABRİKALAR CD,OSMANİYE MAH
928,BAKIRKÖY,100 MM ÇAPLI ŞEBEKE HATTI ARIZASI,27/11/2023 10:29:25,27/11/2023 13:00:00,OSMANİYE  MH  FABRİKALAR CD,OSMANİYE MAH
929,BAKIRKÖY,100 MM ÇAPLI ŞEBEKE HATTI ARIZASI,06/02/2024 10:53:13,06/02/2024 21:00:00,OSMANİYE  MH  OSMANIYE MEKTEBI,"KARTALTEPE MAH,OSMANİYE MAH"
930,BAKIRKÖY,100 MM ÇAPLI ŞEBEKE HATTI ARIZASI,19/01/2024 10:58:24,19/01/2024 13:00:00,OSMANİYE  MH  OSMANİYE MEKTEBİ SK,OSMANİYE MAH
931,BAKIRKÖY,100 MM ÇAPLI ŞEBEKE HATTI ARIZASI,22/05/2023 13:39:22,22/05/2023 16:00:00,OSMANİYE  MH  İNCİRLİ YOLU,OSMANİYE MAH
932,BAKIRKÖY,100 MM ÇAPLI ŞEBEKE HATTI ARIZASI,27/09/2023 15:37:57,27/09/2023 18:00:00,SAKIZAGACI MH REVNAKLI SK,SAKIZAĞACI MAH
933,BAKIRKÖY,100 MM ÇAPLI ŞEBEKE HATTI ARIZASI,03/02/2024 17:34:12,03/02/2024 20:00:00,YEŞILKÖY BILDIRCIN SK,YEŞİLKÖY MAH
934,BAKIRKÖY,100 MM ÇAPLI ŞEBEKE HATTI ARIZASI,04/10/2023 08:30:04,04/10/2023 17:00:00,YEŞİL KÖY MAH.GAZİEVRANOS CD,YEŞİLKÖY MAH
935,BAKIRKÖY,100 MM ÇAPLI ŞEBEKE HATTI ARIZASI,14/04/2023 15:33:25,14/04/2023 18:00:00,YEŞİL KÖYMAH. BILDIRCIN SK,YEŞİLKÖY MAH
936,BAKIRKÖY,100 MM ÇAPLI ŞEBEKE HATTI ARIZASI,11/03/2023 20:38:27,12/03/2023 01:00:00,YEŞİLKOY MAH YEŞİLKOY CAD MURAT DİLMENER ACİL DURUM HASTANESİ,"YEŞİLKÖY MAH,ŞENLİKKÖY MAH"
937,BAKIRKÖY,100 MM ÇAPLI ŞEBEKE HATTI ARIZASI,03/02/2024 11:53:42,03/02/2024 15:00:00,YEŞİLKÖY MAH ATATÜRK CD,YEŞİLKÖY MAH
938,BAKIRKÖY,100 MM ÇAPLI ŞEBEKE HATTI ARIZASI,03/02/2024 09:26:52,03/02/2024 12:00:00,YEŞİLKÖY MAH PEMBE MENEKŞE SK,YEŞİLKÖY MAH
939,BAKIRKÖY,100 MM ÇAPLI ŞEBEKE HATTI ARIZASI,07/10/2023 14:04:01,07/10/2023 16:00:00,YEŞİLKÖY MAH YENİ HAVAALANI CD,YEŞİLKÖY MAH
940,BAKIRKÖY,BASINÇ DÜŞÜKLÜĞÜ,30/05/2023 13:44:17,30/05/2023 15:30:00,YEŞİLKÖY MH,YEŞİLKÖY MAH
941,BAKIRKÖY,100 MM ÇAPLI ŞEBEKE HATTI ARIZASI,09/12/2023 11:15:50,09/12/2023 14:00:00,YEŞİLKÖY MH  YAVUKLU SK,YEŞİLKÖY MAH
942,BAKIRKÖY,100 MM ÇAPLI ŞEBEKE HATTI ARIZASI,29/11/2023 14:29:33,29/11/2023 20:00:00,YEŞİLKÖY MH  ÇAMÖZÜ SK,YEŞİLKÖY MAH
943,BAKIRKÖY,100 MM ÇAPLI ŞEBEKE HATTI ARIZASI,22/01/2024 10:23:54,22/01/2024 13:00:00,YEŞİLKÖY MH GEÇİÇİ LALE SK,YEŞİLKÖY MAH
944,BAKIRKÖY,100 MM ÇAPLI ŞEBEKE HATTI ARIZASI,07/12/2023 15:12:41,07/12/2023 17:00:00,YEŞİLKÖY MH HALKALI CD,YEŞİLKÖY MAH
945,BAKIRKÖY,100 MM ÇAPLI ŞEBEKE HATTI ARIZASI,09/02/2024 10:53:59,09/02/2024 13:00:00,YEŞİLKÖY MH ÜMRAN SK,YEŞİLKÖY MAH
946,BAKIRKÖY,100 MM ÇAPLI ŞEBEKE HATTI ARIZASI,19/10/2023 15:12:26,19/10/2023 17:00:00,YEŞİLYURT MAH ORKİDE SK,YEŞİLYURT MAH
947,BAKIRKÖY,100 MM ÇAPLI ŞEBEKE HATTI ARIZASI,12/08/2023 18:10:29,12/08/2023 21:00:00,ZEYTINLIK MAHALLESİ RAY SOKAK,ZEYTİNLİK MAH
948,BAKIRKÖY,100 MM ÇAPLI ŞEBEKE HATTI ARIZASI,24/01/2024 15:49:29,24/01/2024 18:00:00,ZEYTİNLİK  MH PANCAR SK,ZEYTİNLİK MAH
949,BAKIRKÖY,100 MM ÇAPLI ŞEBEKE HATTI ARIZASI,06/08/2023 12:39:55,06/08/2023 14:00:00,ZEYTİNLİK MAHALLESİ RAY SOKAK,ZEYTİNLİK MAH
950,BAKIRKÖY,100 MM ÇAPLI ŞEBEKE HATTI ARIZASI,24/07/2023 09:26:58,24/07/2023 12:00:00,ZEYTİNLİK MH RAY SK,"CEVİZLİK MAH,ZEYTİNLİK MAH"
951,BAKIRKÖY,100 MM ÇAPLI ŞEBEKE HATTI ARIZASI,04/08/2023 09:25:56,04/08/2023 12:00:00,ZEYTİNLİK MH RAY SK,ZEYTİNLİK MAH
952,BAKIRKÖY,100 MM ÇAPLI ŞEBEKE HATTI ARIZASI,01/03/2023 14:06:09,01/03/2023 16:00:00,ZUHURAT BABA MAHALLESİ  ŞÜKRRAN ÇİFTLİĞİ,ZUHURATBABA MAH
953,BAKIRKÖY,100 MM ÇAPLI ŞEBEKE HATTI ARIZASI,08/11/2023 10:38:03,08/11/2023 12:00:00,ZUHURAT BABA MAHALLESİ DEMİRKAPI CD,ZUHURATBABA MAH
954,BAKIRKÖY,100 MM ÇAPLI ŞEBEKE HATTI ARIZASI,27/05/2023 09:21:57,27/05/2023 10:11:00,ZUHURAT BABA MAHALLESİ GENÇLER CD,ZUHURATBABA MAH
955,BAKIRKÖY,100 MM ÇAPLI ŞEBEKE HATTI ARIZASI,27/05/2023 15:45:28,27/05/2023 17:00:00,ZUHURAT BABA MAHALLESİ GENÇLER CD,ZUHURATBABA MAH
956,BAKIRKÖY,100 MM ÇAPLI ŞEBEKE HATTI ARIZASI,22/06/2023 13:59:48,22/06/2023 15:00:00,ZUHURAT BABA MAHALLESİ GENÇLER CD,ZUHURATBABA MAH
957,BAKIRKÖY,100 MM ÇAPLI ŞEBEKE HATTI ARIZASI,31/07/2023 10:25:28,31/07/2023 14:00:00,ZUHURAT BABA MAHALLESİ GENÇLER CD,ZUHURATBABA MAH
958,BAKIRKÖY,100 MM ÇAPLI ŞEBEKE HATTI ARIZASI,30/03/2023 13:01:08,30/03/2023 16:00:00,ZUHURAT BABA MAHALLESİ KARABAL CD NO 1,ZUHURATBABA MAH
959,BAKIRKÖY,100 MM ÇAPLI ŞEBEKE HATTI ARIZASI,05/01/2024 16:52:44,05/01/2024 18:00:00,ZUHURATBABA MAH YAVUZ EVLER,ZUHURATBABA MAH
960,BAKIRKÖY,100 MM ÇAPLI ŞEBEKE HATTI ARIZASI,29/07/2023 19:57:31,29/07/2023 23:00:00,ZUHURATBABA MAH. GENÇLER  CD. PRİZ ARIZASI TAMİRİ,ZUHURATBABA MAH
961,BAKIRKÖY,100 MM ÇAPLI ŞEBEKE HATTI ARIZASI,21/12/2023 14:02:51,21/12/2023 17:00:00,ŞENLİKKÖY  DERYA SK,ŞENLİKKÖY MAH
962,BAKIRKÖY,100 MM ÇAPLI ŞEBEKE HATTI ARIZASI,20/03/2023 12:05:32,20/03/2023 19:00:00,ŞENLİKKÖY  EKŞINAR SK,ŞENLİKKÖY MAH
963,BAKIRKÖY,100 MM ÇAPLI ŞEBEKE HATTI ARIZASI,15/01/2024 11:07:03,15/01/2024 13:00:00,ŞENLİKKÖY  EKŞINAR SK,ŞENLİKKÖY MAH
964,BAKIRKÖY,100 MM ÇAPLI ŞEBEKE HATTI ARIZASI,04/12/2023 15:51:06,04/12/2023 20:00:00,ŞENLİKKÖY  ERTSK,ŞENLİKKÖY MAH
965,BAKIRKÖY,100 MM ÇAPLI ŞEBEKE HATTI ARIZASI,19/04/2023 09:04:23,19/04/2023 16:00:00,ŞENLİKKÖY  HARMAN SK,ŞENLİKKÖY MAH
966,BAKIRKÖY,100 MM ÇAPLI ŞEBEKE HATTI ARIZASI,07/03/2023 10:39:11,07/03/2023 14:00:00,ŞENLİKKÖY MH  YENİBAĞLAR SK,ŞENLİKKÖY MAH
967,BAKIRKÖY,100 MM ÇAPLI ŞEBEKE HATTI ARIZASI,14/11/2023 11:13:11,14/11/2023 17:00:00,ŞENLİKKÖY MH ERTÜRK SK,ŞENLİKKÖY MAH
968,BAYRAMPAŞA,ŞEBEKE HATTI VANA MONTAJI/DEĞİŞİMİ,18/07/2023 22:24:44,19/07/2023 03:00:00,AKŞEMTTİN MAH. NACİ SENSOY CADDESİ,"ALTINTEPSİ MAH,ORTA MAH,VATAN MAH,YENİDOĞAN MAH"
969,BAYRAMPAŞA,100 MM ÇAPLI ŞEBEKE HATTI ARIZASI,18/09/2023 19:35:25,18/09/2023 22:30:00,ALTINTEPSİ MAH ALTINTEPE SOKAK,ALTINTEPSİ MAH
970,BAYRAMPAŞA,100 MM ÇAPLI ŞEBEKE HATTI ARIZASI,23/06/2023 10:27:12,23/06/2023 11:30:00,ALTINTEPSİ MAH ÇINARCIK SK NO:4,ALTINTEPSİ MAH
971,BAYRAMPAŞA,ŞEBEKE HATTI VANA MONTAJI/DEĞİŞİMİ,03/08/2023 10:06:51,03/08/2023 13:00:00,ALTINTEPSİ MAH ÇİFTLİK CAD,ALTINTEPSİ MAH
972,BAYRAMPAŞA,100 MM ÇAPLI ŞEBEKE HATTI ARIZASI,03/06/2023 11:59:45,03/06/2023 19:00:00,ALTINTEPSİ MAH ÖZKAN CD,ALTINTEPSİ MAH
973,BAYRAMPAŞA,100 MM ÇAPLI ŞEBEKE HATTI ARIZASI,20/10/2023 13:49:53,20/10/2023 18:00:00,ALTINTEPSİ MH. YORUM EVLERİ,ALTINTEPSİ MAH
974,BAYRAMPAŞA,150 MM ÇAPLI ŞEBEKE HATTI ARIZASI,02/12/2023 22:56:39,03/12/2023 11:00:00,ALTINTEPSİ TURAN SK NO 45,ALTINTEPSİ MAH
975,BAYRAMPAŞA,150 MM ÇAPLI ŞEBEKE HATTI ARIZASI,02/12/2023 22:43:14,03/12/2023 08:00:00,ALTINTEPSİ TURAN SK NO45,"ALTINTEPSİ MAH,ALTINTEPSİ MAH,ALTINTEPSİ MAH,ALTINTEPSİ MAH,ALTINTEPSİ MAH,ALTINTEPSİ MAH,ALTINTEPSİ MAH,ALTINTEPSİ MAH,ALTINTEPSİ MAH,ALTINTEPSİ MAH,ALTINTEPSİ MAH,ALTINTEPSİ MAH,ALTINTEPSİ MAH,ALTINTEPSİ MAH,ALTINTEPSİ MAH,ALTINTEPSİ MAH,ALTINTEPSİ MAH,ALTINTEPSİ MAH,ALTINTEPSİ MAH,ALTINTEPSİ MAH,ALTINTEPSİ MAH,ALTINTEPSİ MAH,ALTINTEPSİ MAH,ALTINTEPSİ MAH,ALTINTEPSİ MAH,ALTINTEPSİ MAH,ALTINTEPSİ MAH,ALTINTEPSİ MAH,ALTINTEPSİ MAH,ALTINTEPSİ MAH,ALTINTEPSİ MAH,ALTINTEPSİ MAH,ALTINTEPSİ MAH,ALTINTEPSİ MAH,ALTINTEPSİ MAH,ALTINTEPSİ MAH,ALTINTEPSİ MAH,ALTINTEPSİ MAH,ALTINTEPSİ MAH,ALTINTEPSİ MAH,ALTINTEPSİ MAH,ALTINTEPSİ MAH,ALTINTEPSİ MAH,ALTINTEPSİ MAH,ALTINTEPSİ MAH,ALTINTEPSİ MAH,ALTINTEPSİ MAH,ALTINTEPSİ MAH,ALTINTEPSİ MAH,ALTINTEPSİ MAH,ALTINTEPSİ MAH,ALTINTEPSİ MAH,ALTINTEPSİ MAH,ALTINTEPSİ MAH,ALTINTEPSİ MAH,ALTINTEPSİ MAH,ALTINTEPSİ MAH,ALTINTEPSİ MAH,ALTINTEPSİ MAH,ALTINTEPSİ MAH,ALTINTEPSİ MAH,ALTINTEPSİ MAH,ALTINTEPSİ MAH,ALTINTEPSİ MAH,ALTINTEPSİ MAH,ALTINTEPSİ MAH,ALTINTEPSİ MAH,ALTINTEPSİ MAH,ALTINTEPSİ MAH,ALTINTEPSİ MAH,ALTINTEPSİ MAH,ALTINTEPSİ MAH,ALTINTEPSİ MAH,ALTINTEPSİ MAH,ALTINTEPSİ MAH,ALTINTEPSİ MAH,ALTINTEPSİ MAH,ALTINTEPSİ MAH,ALTINTEPSİ MAH,ALTINTEPSİ MAH"
976,BAYRAMPAŞA,100 MM ÇAPLI ŞEBEKE HATTI ARIZASI,09/11/2023 12:13:37,09/11/2023 14:00:00,ALTINTEPSİ TURAN SOKAK NO: 48,"ALTINTEPSİ MAH,KOCATEPE MAH"
977,BAYRAMPAŞA,150 MM ÇAPLI ŞEBEKE HATTI ARIZASI,13/11/2023 10:21:03,13/11/2023 13:21:00,ALTINTEPSİ ÖZKAN CD..OTOGAR VANA DEĞİŞİMİ,ALTINTEPSİ MAH
978,BAYRAMPAŞA,100 MM ÇAPLI ŞEBEKE HATTI ARIZASI,26/12/2023 10:06:52,26/12/2023 12:06:00,ALTINTEPSİ ŞAİR BAKİ SOKAK NO:66,ALTINTEPSİ MAH
979,BAYRAMPAŞA,200 MM ÇAPLI ŞEBEKE HATTI ARIZASI,14/04/2023 00:51:17,14/04/2023 07:56:00,BAYRAMAPAŞA TERAZİDERE,TERAZİDERE MAH
980,BAYRAMPAŞA,150 MM ÇAPLI ŞEBEKE HATTI ARIZASI,21/03/2023 23:55:48,22/03/2023 08:00:00,BAYRAMPAŞA KARTALTEPE MH. ANKARA CD. NO57,KARTALTEPE MAH
981,BAYRAMPAŞA,150 MM ÇAPLI ŞEBEKE HATTI ARIZASI,17/12/2023 12:33:46,17/12/2023 14:30:00,BAYRAMPAŞA YENİDOĞAN,YENİDOĞAN MAH
982,BAYRAMPAŞA,800 MM ÇAPLI ANA İSALE HATTI ARIZASI,16/06/2023 13:51:47,16/06/2023 17:00:00,BAYRAMPAŞA-MALTEPE CADDESİ,"ALTINTEPSİ MAH,ORTA MAH,TERAZİDERE MAH,VATAN MAH,YENİDOĞAN MAH"
983,BAYRAMPAŞA,ELEKTRİK ENERJİSİ PROBLEMİ,21/05/2023 10:21:45,21/05/2023 20:00:00,BEŞYÜZEVLER TERFİ,"CEVATPAŞA MAH,KOCATEPE MAH,YILDIRIM MAH"
984,BAYRAMPAŞA,TERFİ  MERKEZİ ARIZASI,11/12/2023 11:31:14,11/12/2023 14:00:00,BEŞYÜZEVLER TERFİ,"CEVATPAŞA MAH,KOCATEPE MAH,YILDIRIM MAH"
985,BAYRAMPAŞA,1400 MM ÇAPLI ANA İSALE HATTI ARIZASI,15/09/2023 12:56:34,15/09/2023 15:00:00,BEŞYÜZEVLER TERFŞİ,KOCATEPE MAH
986,BAYRAMPAŞA,100 MM ÇAPLI ŞEBEKE HATTI ARIZASI,27/08/2023 16:24:08,27/08/2023 22:00:00,CEVATPAŞA MAH ULUDAĞ SOKAK E. EDİRNE ASFALTI,"CEVATPAŞA MAH,YILDIRIM MAH"
987,BAYRAMPAŞA,100 MM ÇAPLI ŞEBEKE HATTI ARIZASI,28/11/2023 10:46:03,28/11/2023 13:30:00,CEVATPAŞA MAHALLESI,"CEVATPAŞA MAH,YILDIRIM MAH"
988,BAYRAMPAŞA,100 MM ÇAPLI ŞEBEKE HATTI ARIZASI,24/08/2023 08:51:27,24/08/2023 16:00:00,CEVATPAŞA MH.YILDIRIM MH.KARTALTEPE MH.KOCATEPE MH.İSMETPAŞA MH MURATPAŞA MH.YENİDOĞAN MH.,"CEVATPAŞA MAH,KARTALTEPE MAH,KOCATEPE MAH,MURATPAŞA MAH,YENİDOĞAN MAH,YILDIRIM MAH,İSMET PAŞA MAH"
989,BAYRAMPAŞA,ARITMA TESİSİ ARIZASI,10/12/2023 23:30:26,11/12/2023 03:00:00,CUMHURİYET ARITMA,"CEVATPAŞA MAH,KOCATEPE MAH,YILDIRIM MAH"
990,BAYRAMPAŞA,TERFİ  MERKEZİ ARIZASI,05/11/2023 01:55:04,05/11/2023 08:00:00,CUMHURİYET TERFİ,"CEVATPAŞA MAH,YILDIRIM MAH"
991,BAYRAMPAŞA,ARIZA SEBEBİ İLE BASINÇ DÜŞÜKLÜĞÜ,16/09/2023 20:50:54,17/09/2023 03:00:00,CUMHURİYET TERFİ MERKEZİ,"CEVATPAŞA MAH,KARTALTEPE MAH,KOCATEPE MAH,YILDIRIM MAH,YILDIRIM MAH"
992,BAYRAMPAŞA,600 MM ÇAPLI  ANA İSALE HATTI ARIZASI,02/05/2023 15:30:51,03/05/2023 09:00:00,GAZİOSMANPAŞA CADDESİ,"CEVATPAŞA MAH,YILDIRIM MAH"
993,BAYRAMPAŞA,100 MM ÇAPLI ŞEBEKE HATTI ARIZASI,11/09/2023 23:37:30,12/09/2023 08:04:00,GAZİOSMANPAŞA TARAFINDA BAĞLANTI KOPMUŞ,"CEVATPAŞA MAH,YILDIRIM MAH"
994,BAYRAMPAŞA,1000 MM ÇAPLI ANA İSALE HATTI ARIZASI,09/08/2023 22:59:46,10/08/2023 07:00:00,HACIKADIN CADDESİ,"BAYRAMPAŞA-STANDARTDIŞI ADRES,ORTA MAH,TERAZİDERE MAH,VATAN MAH,YENİDOĞAN MAH"
995,BAYRAMPAŞA,1000 MM ÇAPLI ANA İSALE HATTI ARIZASI,10/08/2023 06:57:57,10/08/2023 09:00:00,HACIKADIN CADDESİ,"BAYRAMPAŞA-STANDARTDIŞI ADRES,ORTA MAH,TERAZİDERE MAH,VATAN MAH,YENİDOĞAN MAH"
996,BAYRAMPAŞA,100 MM ÇAPLI ŞEBEKE HATTI ARIZASI,16/09/2023 10:12:53,16/09/2023 11:16:00,KARTALTEPE  MAH ENVERPAŞA CD NO:117,KARTALTEPE MAH
997,BAYRAMPAŞA,100 MM ÇAPLI ŞEBEKE HATTI ARIZASI,07/10/2023 20:30:13,08/10/2023 01:30:00,KARTALTEPE MAH 1. SOKAK ŞHT KAMİL BALKAN CAD KESİŞİMİ,"KARTALTEPE MAH,KOCATEPE MAH,MURATPAŞA MAH,YILDIRIM MAH"
998,BAYRAMPAŞA,100 MM ÇAPLI ŞEBEKE HATTI ARIZASI,12/07/2023 10:33:38,12/07/2023 11:34:00,KARTALTEPE MAH 58 SK NO:18,KARTALTEPE MAH
999,BAYRAMPAŞA,100 MM ÇAPLI ŞEBEKE HATTI ARIZASI,21/07/2023 08:54:12,21/07/2023 11:00:00,KARTALTEPE MAH DOĞAN SK,KARTALTEPE MAH
1000,BAYRAMPAŞA,100 MM ÇAPLI ŞEBEKE HATTI ARIZASI,10/05/2023 15:47:09,10/05/2023 19:50:00,KARTALTEPE MAH ESKİ EDİRNE ASFALTI CD NO:35/ MURATPAŞA MAH,"KARTALTEPE MAH,MURATPAŞA MAH"
1001,BAYRAMPAŞA,100 MM ÇAPLI ŞEBEKE HATTI ARIZASI,05/11/2023 11:23:41,05/11/2023 13:30:00,KARTALTEPE MAH TAŞPINAR SOKAK NO: 13,"KARTALTEPE MAH,KOCATEPE MAH"
1002,BAYRAMPAŞA,100 MM ÇAPLI ŞEBEKE HATTI ARIZASI,29/03/2023 12:13:56,29/03/2023 16:37:00,KARTALTEPE MAH. VATAN SK. NO...3 /MURATPAŞA MAH 11 SK,"KARTALTEPE MAH,MURATPAŞA MAH"
1003,BAYRAMPAŞA,200 MM ÇAPLI ŞEBEKE HATTI ARIZASI,14/02/2024 12:39:45,14/02/2024 19:25:00,KARTALTEPE MAH.KOCATEPE MAH,"KARTALTEPE MAH,KOCATEPE MAH,YILDIRIM MAH"
1004,BAYRAMPAŞA,100 MM ÇAPLI ŞEBEKE HATTI ARIZASI,25/02/2023 12:53:09,25/02/2023 15:00:00,KARTALTEPE MAHALLESİ 61 SOKAK NO: 7,"KARTALTEPE MAH,KOCATEPE MAH"
1005,BAYRAMPAŞA,100 MM ÇAPLI ŞEBEKE HATTI ARIZASI,25/12/2023 12:33:41,25/12/2023 14:00:00,KARTALTEPE MH.50 YIL CD.NO .90,"KARTALTEPE MAH,KOCATEPE MAH"
1006,BAYRAMPAŞA,100 MM ÇAPLI ŞEBEKE HATTI ARIZASI,27/08/2023 11:12:41,27/08/2023 12:13:00,KARTALTEPE MH.BAHADIR SK.,KARTALTEPE MAH
1007,BAYRAMPAŞA,100 MM ÇAPLI ŞEBEKE HATTI ARIZASI,10/04/2023 09:22:01,10/04/2023 11:43:00,KARTALTEPE MH.VATAN SK. NO .3,KARTALTEPE MAH
1008,BAYRAMPAŞA,ENERJİ KESİNTİSİ,10/12/2023 13:30:40,10/12/2023 16:00:00,KAĞITHANE,"CEVATPAŞA MAH,KOCATEPE MAH,YILDIRIM MAH"
1009,BAYRAMPAŞA,ELEKTRİK ENERJİSİ PROBLEMİ,21/06/2023 23:56:46,22/06/2023 05:00:00,KAĞITHANE ARITMA,"CEVATPAŞA MAH,KOCATEPE MAH,YILDIRIM MAH"
1010,BAYRAMPAŞA,900 MM ÇAPLI ANA İSALE HATTI ARIZASI,24/09/2023 02:44:45,24/09/2023 08:00:00,KAĞITHANE MÜNZEVİ,"ALTINTEPSİ MAH,KARTALTEPE MAH,KOCATEPE MAH,MURATPAŞA MAH,ORTA MAH,TERAZİDERE MAH,VATAN MAH,YENİDOĞAN MAH,YILDIRIM MAH,İSMET PAŞA MAH"
1011,BAYRAMPAŞA,100 MM ÇAPLI ŞEBEKE HATTI ARIZASI,18/08/2023 16:00:06,18/08/2023 17:01:00,KOCATEPE KOCATEPE  CD. NO . 31,KOCATEPE MAH
1012,BAYRAMPAŞA,100 MM ÇAPLI ŞEBEKE HATTI ARIZASI,31/07/2023 12:26:40,31/07/2023 14:00:00,KOCATEPE MAH 19. SOKAK NO: 58,"KARTALTEPE MAH,KOCATEPE MAH"
1013,BAYRAMPAŞA,100 MM ÇAPLI ŞEBEKE HATTI ARIZASI,17/08/2023 14:21:52,17/08/2023 15:16:00,KOCATEPE MAH PAŞA CD FORUM İSTANBUL VE YORUM EVLERİ,KOCATEPE MAH
1014,BAYRAMPAŞA,100 MM ÇAPLI ŞEBEKE HATTI ARIZASI,29/06/2023 08:58:07,29/06/2023 10:00:00,KOCATEPE MAH YAĞ İSKELESİ CD MEGA CENTER,KOCATEPE MAH
1015,BAYRAMPAŞA,100 MM ÇAPLI ŞEBEKE HATTI ARIZASI,04/07/2023 15:03:36,04/07/2023 16:00:00,KOCATEPE MAH YAĞ İSKELESİ CD MEGA CENTER,KOCATEPE MAH
1016,BAYRAMPAŞA,100 MM ÇAPLI ŞEBEKE HATTI ARIZASI,25/05/2023 09:24:23,25/05/2023 11:30:00,KOCATEPE MAH ÖMÜR SK NO:32,KOCATEPE MAH
1017,BAYRAMPAŞA,ŞEBEKE HATTI VANA MONTAJI/DEĞİŞİMİ,15/08/2023 10:49:20,15/08/2023 14:00:00,KOCATEPE MAHALLESİ FORUM İSTANBUL,"ALTINTEPSİ MAH,KOCATEPE MAH"
1018,BAYRAMPAŞA,ARIZA SEBEBİ İLE BASINÇ DÜŞÜKLÜĞÜ,03/05/2023 08:57:57,03/05/2023 12:00:00,KÜÇÜKKÖY MEVKİİ,"CEVATPAŞA MAH,YILDIRIM MAH"
1019,BAYRAMPAŞA,ANA İSALE HATTI YENİLEMESİ,12/07/2023 22:06:14,13/07/2023 07:00:00,KÜÇÜKKÖY TERFİ MERKEZİ,"CEVATPAŞA MAH,KARTALTEPE MAH,YILDIRIM MAH"
1020,BAYRAMPAŞA,TERFİ  MERKEZİ ARIZASI,14/07/2023 12:26:42,14/07/2023 14:00:00,MAHMUTBEY TERFİ,KOCATEPE MAH
1021,BAYRAMPAŞA,ARIZA SEBEBİ İLE BASINÇ DÜŞÜKLÜĞÜ,16/09/2023 15:00:32,16/09/2023 21:00:00,MAHMUTBEY TERFİ MERKEZİ,KOCATEPE MAH
1022,BAYRAMPAŞA,100 MM ÇAPLI ŞEBEKE HATTI ARIZASI,13/04/2023 12:21:09,13/04/2023 14:30:00,MURATPAŞA ERDEK SK NO.11,MURATPAŞA MAH
1023,BAYRAMPAŞA,100 MM ÇAPLI ŞEBEKE HATTI ARIZASI,03/07/2023 15:18:47,03/07/2023 17:30:00,MURATPAŞA MAH BAYIR SK NO:1,MURATPAŞA MAH
1024,BAYRAMPAŞA,100 MM ÇAPLI ŞEBEKE HATTI ARIZASI,25/09/2023 09:39:55,25/09/2023 11:30:00,MURATPAŞA MAH ERGENE SOKAK NO: 8,MURATPAŞA MAH
1025,BAYRAMPAŞA,150 MM ÇAPLI ŞEBEKE HATTI ARIZASI,06/05/2023 12:57:18,06/05/2023 16:00:00,MURATPAŞA MAH ESKİ EDİRNE ASFALTI CD NO:35,MURATPAŞA MAH
1026,BAYRAMPAŞA,100 MM ÇAPLI ŞEBEKE HATTI ARIZASI,22/06/2023 13:37:56,22/06/2023 15:30:00,MURATPAŞA MAH EVCİ SK NO:4,MURATPAŞA MAH
1027,BAYRAMPAŞA,100 MM ÇAPLI ŞEBEKE HATTI ARIZASI,15/05/2023 10:22:07,15/05/2023 13:05:00,MURATPAŞA MAH İNANÇ SK NO:23,MURATPAŞA MAH
1028,BAYRAMPAŞA,100 MM ÇAPLI ŞEBEKE HATTI ARIZASI,21/02/2023 11:25:59,21/02/2023 13:00:00,MURATPAŞA MH. ILHAN SK .NO. 6,MURATPAŞA MAH
1029,BAYRAMPAŞA,ENERJİ KESİNTİSİ,30/11/2023 16:22:05,30/11/2023 19:00:00,MÜNZEVI TERFI,"ALTINTEPSİ MAH,KARTALTEPE MAH,KOCATEPE MAH,MURATPAŞA MAH,ORTA MAH,TERAZİDERE MAH,VATAN MAH,YENİDOĞAN MAH,YILDIRIM MAH,İSMET PAŞA MAH"
1030,BAYRAMPAŞA,ENERJİ KESİNTİSİ,05/04/2023 10:26:28,05/04/2023 13:00:00,MÜNZEVİ TERFİ,"ALTINTEPSİ MAH,KARTALTEPE MAH,KOCATEPE MAH,MURATPAŞA MAH,ORTA MAH,TERAZİDERE MAH,VATAN MAH,YENİDOĞAN MAH,YILDIRIM MAH,İSMET PAŞA MAH"
1031,BAYRAMPAŞA,TERFİ  MERKEZİ ARIZASI,09/06/2023 14:43:08,09/06/2023 17:00:00,MÜNZEVİ TERFİ,"ALTINTEPSİ MAH,KARTALTEPE MAH,KOCATEPE MAH,MURATPAŞA MAH,ORTA MAH,TERAZİDERE MAH,VATAN MAH,YENİDOĞAN MAH,YILDIRIM MAH,İSMET PAŞA MAH"
1032,BAYRAMPAŞA,ENERJİ KESİNTİSİ,10/07/2023 16:07:39,10/07/2023 19:00:00,MÜNZEVİ TERFİ,"ALTINTEPSİ MAH,KARTALTEPE MAH,KOCATEPE MAH,KOCATEPE MAH,MURATPAŞA MAH,ORTA MAH,TERAZİDERE MAH,VATAN MAH,YENİDOĞAN MAH,YILDIRIM MAH"
1033,BAYRAMPAŞA,ARIZA SEBEBİ İLE BASINÇ DÜŞÜKLÜĞÜ,17/09/2023 18:40:40,18/09/2023 03:00:00,MÜNZEVİ TERFİ,"ALTINTEPSİ MAH,KARTALTEPE MAH,KOCATEPE MAH,MURATPAŞA MAH,ORTA MAH,TERAZİDERE MAH,YENİDOĞAN MAH,YILDIRIM MAH,İSMET PAŞA MAH"
1034,BAYRAMPAŞA,TERFİ  MERKEZİ ARIZASI,08/12/2023 01:58:05,08/12/2023 09:00:00,MÜNZEVİ TERFİ,"ALTINTEPSİ MAH,KARTALTEPE MAH,KOCATEPE MAH,MURATPAŞA MAH,ORTA MAH,TERAZİDERE MAH,VATAN MAH,YENİDOĞAN MAH,YILDIRIM MAH,İSMET PAŞA MAH"
1035,BAYRAMPAŞA,ENERJİ KESİNTİSİ,26/12/2023 15:42:00,26/12/2023 18:00:00,MÜNZEVİ TERFİ,"ALTINTEPSİ MAH,KARTALTEPE MAH,KOCATEPE MAH,MURATPAŞA MAH,ORTA MAH,TERAZİDERE MAH,VATAN MAH,YENİDOĞAN MAH,YILDIRIM MAH,İSMET PAŞA MAH"
1036,BAYRAMPAŞA,800 MM ÇAPLI ANA İSALE HATTI ARIZASI,11/06/2023 16:16:26,11/06/2023 22:00:00,MÜNZEVİ TERFİ MERKEZİ TESİS İÇİ,"ALTINTEPSİ MAH,ORTA MAH,TERAZİDERE MAH,VATAN MAH,YENİDOĞAN MAH"
1037,BAYRAMPAŞA,600 MM ÇAPLI  ANA İSALE HATTI ARIZASI,12/08/2023 12:33:55,12/08/2023 19:00:00,MÜNZEVİ TERFİ ÇIKIŞI,"ALTINTEPSİ MAH,KARTALTEPE MAH,KOCATEPE MAH,MURATPAŞA MAH,ORTA MAH,TERAZİDERE MAH,VATAN MAH,YENİDOĞAN MAH,YILDIRIM MAH"
1038,BAYRAMPAŞA,ARIZA SEBEBİ İLE BASINÇ DÜŞÜKLÜĞÜ,16/06/2023 06:57:23,16/06/2023 08:00:00,MÜNZEVİ ÇIKIŞI 800 MM BAYRAMPAŞA ISALE HATTI,"KARTALTEPE MAH,KOCATEPE MAH,MURATPAŞA MAH,YENİDOĞAN MAH,YILDIRIM MAH,İSMET PAŞA MAH"
1039,BAYRAMPAŞA,ARIZA SEBEBİ İLE BASINÇ DÜŞÜKLÜĞÜ,13/04/2023 07:54:41,13/04/2023 20:00:00,MÜNZEVİ-BAYRAMPAŞA,"ALTINTEPSİ MAH,ORTA MAH,TERAZİDERE MAH,VATAN MAH,YENİDOĞAN MAH"
1040,BAYRAMPAŞA,ANA İSALE HATTI DEPLASE ÇALIŞMASI,15/06/2023 09:00:33,16/06/2023 07:00:00,MÜNZEVİ-BAYRAMPAŞA 800 MM  İSALE HATTI,"KARTALTEPE MAH,KOCATEPE MAH,MURATPAŞA MAH,ORTA MAH,YILDIRIM MAH,İSMET PAŞA MAH"
1041,BAYRAMPAŞA,600 MM ÇAPLI  ANA İSALE HATTI ARIZASI,06/04/2023 11:53:48,06/04/2023 16:00:00,MÜNZEVİ-TERAZİDERE-ESENLER HATTI,"ALTINTEPSİ MAH,ORTA MAH,TERAZİDERE MAH,VATAN MAH,YENİDOĞAN MAH"
1042,BAYRAMPAŞA,800 MM ÇAPLI ANA İSALE HATTI ARIZASI,03/09/2023 02:32:09,03/09/2023 06:00:00,ORDU CADDESİ,"CEVATPAŞA MAH,KARTALTEPE MAH,YILDIRIM MAH"
1043,BAYRAMPAŞA,100 MM ÇAPLI ŞEBEKE HATTI ARIZASI,14/07/2023 11:53:22,14/07/2023 15:09:00,ORTA MAH HÜSNİYET SK,ORTA MAH
1044,BAYRAMPAŞA,100 MM ÇAPLI ŞEBEKE HATTI ARIZASI,01/06/2023 10:54:08,01/06/2023 20:00:00,ORTA MAH/ VATAN MAH/ YENİDOĞAN MAH/ TERAZİDERE MAH/,"ORTA MAH,TERAZİDERE MAH,VATAN MAH,YENİDOĞAN MAH"
1045,BAYRAMPAŞA,TERFİ  MERKEZİ ARIZASI,20/04/2023 21:48:26,20/04/2023 23:59:00,SİLAHTAR TERFİ,"KARTALTEPE MAH,YILDIRIM MAH"
1046,BAYRAMPAŞA,ELEKTRİK ENERJİSİ PROBLEMİ,09/06/2023 13:38:16,09/06/2023 15:00:00,SİLAHTAR TERFİ,"KARTALTEPE MAH,YILDIRIM MAH"
1047,BAYRAMPAŞA,TERFİ  MERKEZİ ARIZASI,02/03/2023 14:17:44,02/03/2023 18:00:00,SİLAHTAR TERFİ MERKEZİ,"KARTALTEPE MAH,YILDIRIM MAH"
1048,BAYRAMPAŞA,ELEKTRİK ENERJİSİ PROBLEMİ,28/01/2024 15:04:51,28/01/2024 16:30:00,SİLAHTAR TERFİ MERKEZİ,"KARTALTEPE MAH,YILDIRIM MAH"
1049,BAYRAMPAŞA,700 MM  ÇAPLI ANA İSALE HATTI ARIZASI,04/04/2023 09:00:16,04/04/2023 17:00:00,SİLAHTAR-GOP-KÜÇÜKKÖY,"CEVATPAŞA MAH,KARTALTEPE MAH,YILDIRIM MAH"
1050,BAYRAMPAŞA,100 MM ÇAPLI ŞEBEKE HATTI ARIZASI,19/01/2024 10:59:20,19/01/2024 12:19:00,TERAZİDERE,TERAZİDERE MAH
1051,BAYRAMPAŞA,100 MM ÇAPLI ŞEBEKE HATTI ARIZASI,20/12/2023 11:32:17,20/12/2023 13:30:00,TERAZİDERE ESENLER CAD,TERAZİDERE MAH
1052,BAYRAMPAŞA,100 MM ÇAPLI ŞEBEKE HATTI ARIZASI,06/04/2023 10:13:55,06/04/2023 11:16:00,TERAZİDERE MAH. İLKER SOK. NO...15,TERAZİDERE MAH
1053,BAYRAMPAŞA,100 MM ÇAPLI ŞEBEKE HATTI ARIZASI,03/10/2023 11:13:03,03/10/2023 12:28:00,TERAZİDERE MH. ÇAMLIK SK .NO .39,TERAZİDERE MAH
1054,BAYRAMPAŞA,100 MM ÇAPLI ŞEBEKE HATTI ARIZASI,23/12/2023 14:11:12,23/12/2023 15:12:00,TERAZİDERE MH.SÜMER SK .NO .8,TERAZİDERE MAH
1055,BAYRAMPAŞA,100 MM ÇAPLI ŞEBEKE HATTI ARIZASI,28/09/2023 09:10:30,28/09/2023 11:30:00,YENDOĞAN MAH YAHYA KEMAL CAD.,"ORTA MAH,YENİDOĞAN MAH"
1056,BAYRAMPAŞA,ŞEBEKE HATTI VANA MONTAJI/DEĞİŞİMİ,21/11/2023 15:22:37,21/11/2023 15:25:00,YENIDOĞAN MAHALLESI,YENİDOĞAN MAH
1057,BAYRAMPAŞA,100 MM ÇAPLI ŞEBEKE HATTI ARIZASI,26/09/2023 12:15:39,26/09/2023 14:30:00,YENİDOĞAN MAH  SÜLEYMANİYE SOKAK,"ALTINTEPSİ MAH,YENİDOĞAN MAH,İSMET PAŞA MAH"
1058,BAYRAMPAŞA,100 MM ÇAPLI ŞEBEKE HATTI ARIZASI,23/06/2023 14:30:05,23/06/2023 16:30:00,YENİDOĞAN MAH GAZİ SK NO:12,YENİDOĞAN MAH
1059,BAYRAMPAŞA,100 MM ÇAPLI ŞEBEKE HATTI ARIZASI,20/05/2023 13:26:30,20/05/2023 14:29:00,YENİDOĞAN MAH İLK SK NO:5,YENİDOĞAN MAH
1060,BAYRAMPAŞA,100 MM ÇAPLI ŞEBEKE HATTI ARIZASI,04/06/2023 12:26:17,05/06/2023 08:39:00,YENİDOĞAN MAHALLESİ FERHATPAŞA CAD,YENİDOĞAN MAH
1061,BAYRAMPAŞA,150 MM ÇAPLI ŞEBEKE HATTI ARIZASI,27/09/2023 22:10:00,28/09/2023 01:00:00,YENİDOĞAN MH .İLE ORTA MH. YAHYA KEMAL SK.İLE UYGUR SK KESİŞİMİ,"ORTA MAH,YENİDOĞAN MAH"
1062,BAYRAMPAŞA,100 MM ÇAPLI ŞEBEKE HATTI ARIZASI,19/02/2024 09:11:19,19/02/2024 12:30:00,YENİDOĞAN MH. NUR SK .NO .2 ÖNÜ,YENİDOĞAN MAH
1063,BAYRAMPAŞA,ARIZA SEBEBİ İLE BASINÇ DÜŞÜKLÜĞÜ,15/09/2023 08:51:59,15/09/2023 16:30:00,ÖMERLİ SALPOMPA,"CEVATPAŞA MAH,CEVATPAŞA MAH,KOCATEPE MAH,YILDIRIM MAH,YILDIRIM MAH"
1064,BAYRAMPAŞA,100 MM ÇAPLI ŞEBEKE HATTI ARIZASI,08/02/2024 10:13:44,08/02/2024 12:04:00,İSMET PAŞA GÜL SOKAK NO:60,İSMET PAŞA MAH
1065,BAYRAMPAŞA,100 MM ÇAPLI ŞEBEKE HATTI ARIZASI,17/06/2023 13:52:34,17/06/2023 16:00:00,İSMETPAŞA MAH BABİL SK NO:5,İSMET PAŞA MAH
1066,BAYRAMPAŞA,100 MM ÇAPLI ŞEBEKE HATTI ARIZASI,03/07/2023 08:51:17,03/07/2023 11:00:00,İSMETPAŞA MAH GÜL SK NO:12,İSMET PAŞA MAH
1067,BAYRAMPAŞA,100 MM ÇAPLI ŞEBEKE HATTI ARIZASI,20/09/2023 14:02:38,20/09/2023 15:16:00,İSMETPAŞA MAH GÜLAY SOKAK NO 28,İSMET PAŞA MAH
1068,BAYRAMPAŞA,100 MM ÇAPLI ŞEBEKE HATTI ARIZASI,06/01/2024 23:03:06,07/01/2024 00:00:00,İSMETPAŞA MAH KAMER SOKAK NO:: 11,İSMET PAŞA MAH
1069,BAYRAMPAŞA,100 MM ÇAPLI ŞEBEKE HATTI ARIZASI,13/09/2023 10:43:48,13/09/2023 16:00:00,İSMETPAŞA MAH KOMPLE ETKİLENMEKTEDİR,İSMET PAŞA MAH
1070,BAYRAMPAŞA,100 MM ÇAPLI ŞEBEKE HATTI ARIZASI,16/06/2023 11:32:39,16/06/2023 13:00:00,İSMETPAŞA MAH OĞUZ SK NO:55,İSMET PAŞA MAH
1071,BAYRAMPAŞA,100 MM ÇAPLI ŞEBEKE HATTI ARIZASI,26/09/2023 10:01:16,26/09/2023 11:00:00,İSMETPAŞA MAH VARNA ÇIKMAZI SOKAK,İSMET PAŞA MAH
1072,BAYRAMPAŞA,100 MM ÇAPLI ŞEBEKE HATTI ARIZASI,23/12/2023 11:01:39,23/12/2023 12:02:00,İSMETPAŞA MH. BABİL SK.NO .54,İSMET PAŞA MAH
1073,BAYRAMPAŞA,100 MM ÇAPLI ŞEBEKE HATTI ARIZASI,23/02/2023 15:33:13,23/02/2023 18:00:00,İSMETPAŞA MH. TUNA CD. NO. 39,İSMET PAŞA MAH
1074,BAYRAMPAŞA,100 MM ÇAPLI ŞEBEKE HATTI ARIZASI,17/10/2023 10:10:36,17/10/2023 13:02:00,İSMETPAŞA MH.MEHMETÇİK SK.,İSMET PAŞA MAH
1075,BAYRAMPAŞA,100 MM ÇAPLI ŞEBEKE HATTI ARIZASI,24/04/2023 14:20:08,24/04/2023 15:33:00,İSMETPAŞA MH.UZUN SK.NO .3,İSMET PAŞA MAH
1076,BAYRAMPAŞA,ŞEBEKE HATTI VANA ARIZASI,03/08/2023 15:16:13,03/08/2023 16:19:00,İSNETPAŞA MAH KAMER SOKAK 8,İSMET PAŞA MAH
1077,BAYRAMPAŞA,100 MM ÇAPLI ŞEBEKE HATTI ARIZASI,14/02/2024 11:51:08,14/02/2024 11:51:08,,"KARTALTEPE MAH,KOCATEPE MAH"
1078,BAĞCILAR,100 MM ÇAPLI ŞEBEKE HATTI ARIZASI,08/03/2023 11:57:25,08/03/2023 14:00:00,100 YIL MAH. 2138 SK NO:2 PRİZ ARIZASI,100.YIL MAH
1079,BAĞCILAR,100 MM ÇAPLI ŞEBEKE HATTI ARIZASI,21/02/2023 10:27:01,21/02/2023 12:50:00,100.YIL 2219.SK.NO:10,100.YIL MAH
1080,BAĞCILAR,ŞEBEKE HATTI VANA MONTAJI/DEĞİŞİMİ,25/08/2023 10:26:21,25/08/2023 13:30:00,100.YIL MAHALLESİ 2126 SOKAK NO.30 ÖNÜ,100.YIL MAH
1081,BAĞCILAR,100 MM ÇAPLI ŞEBEKE HATTI ARIZASI,28/06/2023 20:22:52,28/06/2023 23:00:00,100.YIL MAHALLESİ 2151. SOKAK NO:15,100.YIL MAH
1082,BAĞCILAR,100 MM ÇAPLI ŞEBEKE HATTI ARIZASI,08/02/2024 15:00:01,08/02/2024 18:00:00,15 TEMMUZ,15 TEMMUZ MAH
1083,BAĞCILAR,100 MM ÇAPLI ŞEBEKE HATTI ARIZASI,14/09/2023 10:33:26,14/09/2023 13:00:00,15 TEMMUZ 1381 SOK. NO:44,15 TEMMUZ MAH
1084,BAĞCILAR,100 MM ÇAPLI ŞEBEKE HATTI ARIZASI,20/10/2023 17:28:02,20/10/2023 20:30:00,15 TEMMUZ 1470.SK.NO:53 ÖNÜ,15 TEMMUZ MAH
1085,BAĞCILAR,100 MM ÇAPLI ŞEBEKE HATTI ARIZASI,08/05/2023 11:21:14,08/05/2023 14:30:00,15 TEMMUZ 1471.SK.,15 TEMMUZ MAH
1086,BAĞCILAR,100 MM ÇAPLI ŞEBEKE HATTI ARIZASI,03/03/2023 16:06:17,03/03/2023 19:00:00,15 TEMMUZ 1490.SK.NO:31,15 TEMMUZ MAH
1087,BAĞCILAR,100 MM ÇAPLI ŞEBEKE HATTI ARIZASI,29/05/2023 16:23:08,29/05/2023 20:00:00,15 TEMMUZ MA. HALKALI CAD. NO:122,"15 TEMMUZ MAH,MAHMUTBEY MAH"
1088,BAĞCILAR,100 MM ÇAPLI ŞEBEKE HATTI ARIZASI,13/02/2024 09:54:02,13/02/2024 14:00:00,15 TEMMUZ MAH 1410 SOK,15 TEMMUZ MAH
1089,BAĞCILAR,100 MM ÇAPLI ŞEBEKE HATTI ARIZASI,04/11/2023 16:55:54,04/11/2023 20:00:00,15 TEMMUZ MAH 1439 SK NO:38,15 TEMMUZ MAH
1090,BAĞCILAR,ŞEBEKE HATTI VANA ARIZASI,28/09/2023 22:10:08,29/09/2023 01:00:00,15 TEMMUZ MAH BAĞCILAR,15 TEMMUZ MAH
1091,BAĞCILAR,250 MM ÇAPLI ŞEBEKE HATTI ARIZASI,21/06/2023 10:23:11,21/06/2023 15:00:00,15 TEMMUZ MAH. 1372 SOK  NO:1,"15 TEMMUZ MAH,MAHMUTBEY MAH"
1092,BAĞCILAR,250 MM ÇAPLI ŞEBEKE HATTI ARIZASI,19/06/2023 11:45:35,19/06/2023 16:00:00,15 TEMMUZ MAH. 1372 SOK. PRİZ ARIZASI,15 TEMMUZ MAH
1093,BAĞCILAR,250 MM ÇAPLI ŞEBEKE HATTI ARIZASI,23/08/2023 14:48:46,23/08/2023 19:30:00,15 TEMMUZ MAHALLESİ,MAHMUTBEY MAH
1094,BAĞCILAR,100 MM ÇAPLI ŞEBEKE HATTI ARIZASI,30/10/2023 15:35:15,30/10/2023 18:00:00,15 TEMMUZ MAHALLESİ,15 TEMMUZ MAH
1095,BAĞCILAR,250 MM ÇAPLI ŞEBEKE HATTI ARIZASI,23/08/2023 15:04:21,23/08/2023 19:00:00,15 TEMMUZ MAHALLESİ 1372 SOKAK,"15 TEMMUZ MAH,GÜNEŞLİ MAH,MAHMUTBEY MAH"
1096,BAĞCILAR,100 MM ÇAPLI ŞEBEKE HATTI ARIZASI,20/09/2023 13:43:04,20/09/2023 16:00:00,15 TEMMUZ MAHALLESİ 1488 SOKAK,15 TEMMUZ MAH
1097,BAĞCILAR,150 MM ÇAPLI ŞEBEKE HATTI ARIZASI,10/08/2023 15:43:47,10/08/2023 19:30:00,15 TEMMUZ İSTİKLALO CD.,15 TEMMUZ MAH
1098,BAĞCILAR,100 MM ÇAPLI ŞEBEKE HATTI ARIZASI,19/06/2023 21:46:12,20/06/2023 01:00:00,15 TEMMUZ Ş.CENGİZ KAROĞL.SK İLE GÜLBAHAR CD.KES.,15 TEMMUZ MAH
1099,BAĞCILAR,100 MM ÇAPLI ŞEBEKE HATTI ARIZASI,01/02/2024 11:37:22,01/02/2024 15:00:00,1921 SOKAK,KEMALPAŞA MAH
1100,BAĞCILAR,100 MM ÇAPLI ŞEBEKE HATTI ARIZASI,20/07/2023 11:04:05,20/07/2023 14:04:00,333 SOKAK,KAZIM KARABEKİR MAH
1101,BAĞCILAR,100 MM ÇAPLI ŞEBEKE HATTI ARIZASI,21/12/2023 10:24:10,21/12/2023 14:00:00,474.SK.İLE 475.SK.KESİŞİMİ,YILDIZTEPE MAH
1102,BAĞCILAR,ARIZA SEBEBİ İLE BASINÇ DÜŞÜKLÜĞÜ,23/09/2023 14:58:31,24/09/2023 01:00:00,BAHÇELIEVLER,"15 TEMMUZ MAH,BARBAROS MAH,DEMİRKAPI MAH,FEVZİ ÇAKMAK MAH,KAZIM KARABEKİR MAH,KEMALPAŞA MAH,MERKEZ MAH,SANCAKTEPE MAH,YAVUZSELİM MAH,YENİGÜN MAH,YILDIZTEPE MAH,ÇINAR MAH,İNÖNU MAH"
1103,BAĞCILAR,TERFİ  MERKEZİ ARIZASI,27/02/2023 11:14:05,27/02/2023 14:00:00,BAHÇELİEVLER TERFİ,"15 TEMMUZ MAH,15 TEMMUZ MAH,BARBAROS MAH,DEMİRKAPI MAH,FEVZİ ÇAKMAK MAH,KEMALPAŞA MAH,SANCAKTEPE MAH,YAVUZSELİM MAH,YAVUZSELİM MAH,YENİGÜN MAH,YILDIZTEPE MAH,ÇINAR MAH,İNÖNU MAH"
1104,BAĞCILAR,100 MM ÇAPLI ŞEBEKE HATTI ARIZASI,22/02/2023 23:12:54,23/02/2023 03:00:00,BAHÇELİEVLER UMUT CAD.,"BARBAROS MAH,FEVZİ ÇAKMAK MAH,KAZIM KARABEKİR MAH,KEMALPAŞA MAH,MERKEZ MAH,SANCAKTEPE MAH,YAVUZSELİM MAH,YENİGÜN MAH,YILDIZTEPE MAH,ÇINAR MAH,İNÖNU MAH"
1105,BAĞCILAR,100 MM ÇAPLI ŞEBEKE HATTI ARIZASI,18/09/2023 11:46:49,18/09/2023 13:46:00,BAĞCILAR,MAHMUTBEY MAH
1106,BAĞCILAR,BASINÇ DÜŞÜKLÜĞÜ,24/09/2023 13:33:11,24/09/2023 17:00:00,BAĞCILAR,"FEVZİ ÇAKMAK MAH,KEMALPAŞA MAH,KİRAZLI MAH,MERKEZ MAH,SANCAKTEPE MAH,YAVUZSELİM MAH,YENİGÜN MAH,ÇINAR MAH,İNÖNU MAH"
1107,BAĞCILAR,100 MM ÇAPLI ŞEBEKE HATTI ARIZASI,09/01/2024 14:40:54,09/01/2024 17:00:00,BAĞCILAR,YILDIZTEPE MAH
1108,BAĞCILAR,100 MM ÇAPLI ŞEBEKE HATTI ARIZASI,18/09/2023 14:34:49,18/09/2023 18:30:00,BAĞCILAR GÜNEŞLİ 1372 SOKAK,"GÜNEŞLİ MAH,MAHMUTBEY MAH"
1109,BAĞCILAR,100 MM ÇAPLI ŞEBEKE HATTI ARIZASI,05/05/2023 14:53:21,05/05/2023 21:00:00,BAĞLAR MAH. 1. SOK. VE 2. SOK. KESİŞİMİ,BAĞLAR MAH
1110,BAĞCILAR,150 MM ÇAPLI ŞEBEKE HATTI ARIZASI,06/09/2023 16:06:22,06/09/2023 19:00:00,BAĞLAR MAHALLESİ OSMAN PAŞA CADDESİ NO:50,BAĞLAR MAH
1111,BAĞCILAR,1400 MM ÇAPLI ANA İSALE HATTI ARIZASI,15/09/2023 12:56:34,15/09/2023 15:00:00,BEŞYÜZEVLER TERFŞİ,"100.YIL MAH,15 TEMMUZ MAH,BAĞLAR MAH,DEMİRKAPI MAH,FATİH MAH,FEVZİ ÇAKMAK MAH,GÖZTEPE MAH,GÜNEŞLİ MAH,HÜRRİYET MAH,KİRAZLI MAH,MAHMUTBEY MAH,YAVUZSELİM MAH,YENİMAHALLE"
1112,BAĞCILAR,TERFİ  MERKEZİ ARIZASI,05/11/2023 01:55:04,05/11/2023 08:00:00,CUMHURİYET TERFİ,"100.YIL MAH,15 TEMMUZ MAH,BAĞLAR MAH,DEMİRKAPI MAH,FATİH MAH,FEVZİ ÇAKMAK MAH,GÖZTEPE MAH,GÜNEŞLİ MAH,KEMALPAŞA MAH,KİRAZLI MAH,YAVUZSELİM MAH,YENİMAHALLE"
1113,BAĞCILAR,ARIZA SEBEBİ İLE BASINÇ DÜŞÜKLÜĞÜ,16/09/2023 20:50:54,17/09/2023 03:00:00,CUMHURİYET TERFİ MERKEZİ,"100.YIL MAH,15 TEMMUZ MAH,BAĞLAR MAH,DEMİRKAPI MAH,FATİH MAH,FEVZİ ÇAKMAK MAH,GÖZTEPE MAH,GÜNEŞLİ MAH,HÜRRİYET MAH,KİRAZLI MAH,MAHMUTBEY MAH,YAVUZSELİM MAH,YENİMAHALLE"
1114,BAĞCILAR,200 MM ÇAPLI ŞEBEKE HATTI ARIZASI,18/10/2023 14:04:54,18/10/2023 17:00:00,DEMİRKAPI,"DEMİRKAPI MAH,YENİMAHALLE"
1115,BAĞCILAR,200 MM ÇAPLI ŞEBEKE HATTI ARIZASI,19/10/2023 08:43:19,19/10/2023 12:00:00,DEMİRKAPI,DEMİRKAPI MAH
1116,BAĞCILAR,100 MM ÇAPLI ŞEBEKE HATTI ARIZASI,07/02/2024 11:47:43,07/02/2024 16:00:00,DEMİRKAPI,DEMİRKAPI MAH
1117,BAĞCILAR,100 MM ÇAPLI ŞEBEKE HATTI ARIZASI,07/11/2023 06:41:26,07/11/2023 12:00:00,DEMİRKAPI MAHALLESİ 1632 SOKAK,"DEMİRKAPI MAH,YENİMAHALLE"
1118,BAĞCILAR,100 MM ÇAPLI ŞEBEKE HATTI ARIZASI,02/02/2024 16:32:39,02/02/2024 21:00:00,DEMİRKAPI MAHALLESİ 1657 SOKAK,DEMİRKAPI MAH
1119,BAĞCILAR,150 MM ÇAPLI ŞEBEKE HATTI ARIZASI,24/06/2023 11:31:47,24/06/2023 16:00:00,DEMİRKAPI MH.1675.SK. NO:9,DEMİRKAPI MAH
1120,BAĞCILAR,100 MM ÇAPLI ŞEBEKE HATTI ARIZASI,04/08/2023 10:39:32,04/08/2023 13:30:00,DEVEKALDIRIMI CADDESİ,MAHMUTBEY MAH
1121,BAĞCILAR,ŞEBEKE HATTI BRANŞMAN BAĞLANTISI,09/10/2023 14:53:08,09/10/2023 19:00:00,DILMENLER CADDESI VE 2535 SOKAK KESIŞIMI,MAHMUTBEY MAH
1122,BAĞCILAR,100 MM ÇAPLI ŞEBEKE HATTI ARIZASI,08/05/2023 10:05:16,08/05/2023 13:00:00,F.ÇAKMAK MH. 2002.SK.,FEVZİ ÇAKMAK MAH
1123,BAĞCILAR,150 MM ÇAPLI ŞEBEKE HATTI ARIZASI,31/01/2024 10:46:12,31/01/2024 15:30:00,FATIH CADDESI,"FEVZİ ÇAKMAK MAH,KEMALPAŞA MAH,SANCAKTEPE MAH,YAVUZSELİM MAH"
1124,BAĞCILAR,100 MM ÇAPLI ŞEBEKE HATTI ARIZASI,28/02/2023 12:17:34,28/02/2023 16:00:00,FATİH MAH. CAMİİ CAD. NO:20,FATİH MAH
1125,BAĞCILAR,100 MM ÇAPLI ŞEBEKE HATTI ARIZASI,02/02/2024 11:21:00,02/02/2024 15:00:00,FATİH MAHALLESİ,FATİH MAH
1126,BAĞCILAR,100 MM ÇAPLI ŞEBEKE HATTI ARIZASI,31/07/2023 10:42:18,31/07/2023 14:00:00,FATİH MH. 1849.SK. NO:12,FATİH MAH
1127,BAĞCILAR,100 MM ÇAPLI ŞEBEKE HATTI ARIZASI,17/07/2023 14:46:34,17/07/2023 20:00:00,FATİH MH. VELİOĞLU CD.,"DEMİRKAPI MAH,FATİH MAH,YAVUZSELİM MAH"
1128,BAĞCILAR,100 MM ÇAPLI ŞEBEKE HATTI ARIZASI,22/02/2023 10:25:52,22/02/2023 13:00:00,FEVZİ ÇAKMAK 1993 SOKAK NO:12,FEVZİ ÇAKMAK MAH
1129,BAĞCILAR,100 MM ÇAPLI ŞEBEKE HATTI ARIZASI,05/09/2023 20:17:40,06/09/2023 02:00:00,FEVZİÇAKMAH MAH. 2040 NO:8,"FEVZİ ÇAKMAK MAH,SANCAKTEPE MAH,YAVUZSELİM MAH"
1130,BAĞCILAR,100 MM ÇAPLI ŞEBEKE HATTI ARIZASI,05/01/2024 16:38:18,05/01/2024 20:00:00,GÖZTEPE MAHALLESİ 2318 SOKAK NO:11,GÖZTEPE MAH
1131,BAĞCILAR,100 MM ÇAPLI ŞEBEKE HATTI ARIZASI,18/08/2023 17:20:10,18/08/2023 20:00:00,GÖZTEPE MAHALLESİ KAZIM KARABEKİR CADDESİ NO:13,GÖZTEPE MAH
1132,BAĞCILAR,100 MM ÇAPLI ŞEBEKE HATTI ARIZASI,31/03/2023 11:08:05,31/03/2023 15:00:00,GÖZTEPE MH. 2296 İLE 2298.SK. KESİŞİMİ,GÖZTEPE MAH
1133,BAĞCILAR,100 MM ÇAPLI ŞEBEKE HATTI ARIZASI,10/03/2023 08:50:52,10/03/2023 11:00:00,GÖZTEPE MH. 2333.SK. NO:8,GÖZTEPE MAH
1134,BAĞCILAR,250 MM ÇAPLI ŞEBEKE HATTI ARIZASI,03/08/2023 15:05:26,03/08/2023 19:00:00,GÜNEŞLI MAHALLESI 1372 SK NO:1,"15 TEMMUZ MAH,MAHMUTBEY MAH"
1135,BAĞCILAR,100 MM ÇAPLI ŞEBEKE HATTI ARIZASI,27/03/2023 15:54:59,27/03/2023 19:00:00,GÜNEŞLİ 1330.SK.NO:4,GÜNEŞLİ MAH
1136,BAĞCILAR,ŞEBEKE HATTI VANA ARIZASI,26/10/2023 10:23:13,26/10/2023 12:30:00,GÜNEŞLİ MAH. 1302 SOK. NO.15,GÜNEŞLİ MAH
1137,BAĞCILAR,100 MM ÇAPLI ŞEBEKE HATTI ARIZASI,14/06/2023 11:38:26,14/06/2023 14:00:00,GÜNEŞLİ MAH. 1319 SOK. NO:11 PİRİZ ARZASI,GÜNEŞLİ MAH
1138,BAĞCILAR,100 MM ÇAPLI ŞEBEKE HATTI ARIZASI,26/10/2023 14:42:44,26/10/2023 20:00:00,GÜNEŞLİ MAHALLESİ 1287 SOKAK NO:7,GÜNEŞLİ MAH
1139,BAĞCILAR,250 MM ÇAPLI ŞEBEKE HATTI ARIZASI,15/07/2023 15:31:08,15/07/2023 20:00:00,GÜNEŞLİ MAHALLESİ 1372 SOKAK,"15 TEMMUZ MAH,GÜNEŞLİ MAH"
1140,BAĞCILAR,100 MM ÇAPLI ŞEBEKE HATTI ARIZASI,23/08/2023 11:19:19,23/08/2023 14:19:00,HÜRRİYET MAHALLESİ,HÜRRİYET MAH
1141,BAĞCILAR,100 MM ÇAPLI ŞEBEKE HATTI ARIZASI,16/08/2023 17:13:16,16/08/2023 21:00:00,HÜRRİYET MAHALLESİ 125. SOKAK,HÜRRİYET MAH
1142,BAĞCILAR,100 MM ÇAPLI ŞEBEKE HATTI ARIZASI,13/12/2023 14:34:44,13/12/2023 17:00:00,INÖNÜ MAHALLESI 361 SOKAK NO 25,İNÖNU MAH
1143,BAĞCILAR,100 MM ÇAPLI ŞEBEKE HATTI ARIZASI,08/07/2023 16:24:57,08/07/2023 19:00:00,K.KARABEKİR MH. 322.SK. NO;1,KAZIM KARABEKİR MAH
1144,BAĞCILAR,300 MM ÇAPLI ŞEBEKE HATTI ARIZASI,05/09/2023 22:07:19,06/09/2023 02:00:00,K.PAŞA MAHALLESİ,"FEVZİ ÇAKMAK MAH,KEMALPAŞA MAH"
1145,BAĞCILAR,ENERJİ KESİNTİSİ,10/12/2023 13:30:40,10/12/2023 16:00:00,KAĞITHANE,"100.YIL MAH,100.YIL MAH,100.YIL MAH,100.YIL MAH,15 TEMMUZ MAH,15 TEMMUZ MAH,15 TEMMUZ MAH,15 TEMMUZ MAH,BAĞLAR MAH,BAĞLAR MAH,BAĞLAR MAH,BAĞLAR MAH,DEMİRKAPI MAH,DEMİRKAPI MAH,DEMİRKAPI MAH,DEMİRKAPI MAH,FATİH MAH,FATİH MAH,FATİH MAH,FATİH MAH,FEVZİ ÇAKMAK MAH,FEVZİ ÇAKMAK MAH,FEVZİ ÇAKMAK MAH,FEVZİ ÇAKMAK MAH,GÖZTEPE MAH,GÖZTEPE MAH,GÖZTEPE MAH,GÖZTEPE MAH,GÜNEŞLİ MAH,GÜNEŞLİ MAH,GÜNEŞLİ MAH,GÜNEŞLİ MAH,HÜRRİYET MAH,HÜRRİYET MAH,HÜRRİYET MAH,HÜRRİYET MAH,KİRAZLI MAH,KİRAZLI MAH,KİRAZLI MAH,KİRAZLI MAH,MAHMUTBEY MAH,MAHMUTBEY MAH,MAHMUTBEY MAH,MAHMUTBEY MAH,YAVUZSELİM MAH,YAVUZSELİM MAH,YAVUZSELİM MAH,YAVUZSELİM MAH,YENİMAHALLE,YENİMAHALLE,YENİMAHALLE,YENİMAHALLE"
1146,BAĞCILAR,ARIZA SEBEBİ İLE BASINÇ DÜŞÜKLÜĞÜ,11/10/2023 09:55:03,11/10/2023 23:00:00,KAĞITHANE-BEŞYÜZEVLER-MAHMUTBEY 2200MM ISALE HATTI,"100.YIL MAH,15 TEMMUZ MAH,BAĞLAR MAH,DEMİRKAPI MAH,FEVZİ ÇAKMAK MAH,GÖZTEPE MAH,GÜNEŞLİ MAH,KİRAZLI MAH,YAVUZSELİM MAH,YENİMAHALLE"
1147,BAĞCILAR,150 MM ÇAPLI ŞEBEKE HATTI ARIZASI,04/02/2024 04:35:55,04/02/2024 13:00:00,KEMALPAŞA MAH 1917 SOKAK NO:40,KEMALPAŞA MAH
1148,BAĞCILAR,100 MM ÇAPLI ŞEBEKE HATTI ARIZASI,23/03/2023 12:11:41,23/03/2023 17:00:00,KEMALPAŞA MAH. 1974 SOK. 100 LÜK DF BORU DÖŞEME İMALATI,"FEVZİ ÇAKMAK MAH,KEMALPAŞA MAH"
1149,BAĞCILAR,100 MM ÇAPLI ŞEBEKE HATTI ARIZASI,04/05/2023 15:40:27,04/05/2023 21:00:00,KEMALPAŞA MAH. 1978 SOK. NO:22,KEMALPAŞA MAH
1150,BAĞCILAR,100 MM ÇAPLI ŞEBEKE HATTI ARIZASI,06/02/2024 15:34:29,06/02/2024 19:00:00,KEMALPAŞA MAHALLESİ,"FEVZİ ÇAKMAK MAH,KEMALPAŞA MAH"
1151,BAĞCILAR,100 MM ÇAPLI ŞEBEKE HATTI ARIZASI,26/08/2023 09:13:07,26/08/2023 12:00:00,KEMALPAŞA MAHALLESİ 1921 SOKAK,KEMALPAŞA MAH
1152,BAĞCILAR,100 MM ÇAPLI ŞEBEKE HATTI ARIZASI,27/07/2023 13:44:04,27/07/2023 16:00:00,KİRAZLI,KİRAZLI MAH
1153,BAĞCILAR,100 MM ÇAPLI ŞEBEKE HATTI ARIZASI,11/12/2023 15:48:06,11/12/2023 18:00:00,KİRAZLI MAH 1131 SOK . NO 28,KİRAZLI MAH
1154,BAĞCILAR,150 MM ÇAPLI ŞEBEKE HATTI ARIZASI,15/10/2023 10:38:49,15/10/2023 14:00:00,KİRAZLI MAH. 1187 SOKAK NO.2 PRİZ ARIZASI,KİRAZLI MAH
1155,BAĞCILAR,100 MM ÇAPLI ŞEBEKE HATTI ARIZASI,06/03/2023 13:11:54,06/03/2023 15:00:00,KİRAZLI MAH. 1209 NO:5 PRİZDEN ARIZASI,KİRAZLI MAH
1156,BAĞCILAR,100 MM ÇAPLI ŞEBEKE HATTI ARIZASI,06/06/2023 14:34:29,06/06/2023 18:00:00,KİRAZLI MAH. ZÜBEYDE HANIM CAD. NO:1 100 LÜK DF BORU BAĞLANTISI,KİRAZLI MAH
1157,BAĞCILAR,100 MM ÇAPLI ŞEBEKE HATTI ARIZASI,23/11/2023 15:19:35,23/11/2023 18:30:00,KİRAZLI MAHALLESİ,KİRAZLI MAH
1158,BAĞCILAR,100 MM ÇAPLI ŞEBEKE HATTI ARIZASI,11/12/2023 10:13:12,11/12/2023 14:00:00,KİRAZLI MAHALLESİ,KİRAZLI MAH
1159,BAĞCILAR,150 MM ÇAPLI ŞEBEKE HATTI ARIZASI,14/07/2023 09:16:02,14/07/2023 13:00:00,KİRAZLI MAHALLESİ TAVUKÇU KÖPRÜ CADDESİ NO:39,"KİRAZLI MAH,YENİMAHALLE"
1160,BAĞCILAR,100 MM ÇAPLI ŞEBEKE HATTI ARIZASI,10/11/2023 17:20:13,10/11/2023 20:00:00,KİRAZLI MAHALLESİ ZÜBEYDE HANIM CADDESİ,KİRAZLI MAH
1161,BAĞCILAR,100 MM ÇAPLI ŞEBEKE HATTI ARIZASI,29/05/2023 14:13:11,29/05/2023 18:00:00,KİRAZLI MH. 1188.SK.NO:5,KİRAZLI MAH
1162,BAĞCILAR,100 MM ÇAPLI ŞEBEKE HATTI ARIZASI,27/08/2023 18:01:44,27/08/2023 22:00:00,M.BEY MAH 2620 SK,MAHMUTBEY MAH
1163,BAĞCILAR,100 MM ÇAPLI ŞEBEKE HATTI ARIZASI,26/10/2023 13:01:40,26/10/2023 16:00:00,MAHMUTBEY,"GÜNEŞLİ MAH,MAHMUTBEY MAH"
1164,BAĞCILAR,100 MM ÇAPLI ŞEBEKE HATTI ARIZASI,01/11/2023 11:03:52,01/11/2023 14:00:00,MAHMUTBEY 2602 SK,MAHMUTBEY MAH
1165,BAĞCILAR,100 MM ÇAPLI ŞEBEKE HATTI ARIZASI,21/07/2023 11:36:43,21/07/2023 13:36:00,MAHMUTBEY 2638 SOKAK,MAHMUTBEY MAH
1166,BAĞCILAR,150 MM ÇAPLI ŞEBEKE HATTI ARIZASI,06/10/2023 20:19:56,07/10/2023 01:00:00,MAHMUTBEY MAH BAĞCILAR,MAHMUTBEY MAH
1167,BAĞCILAR,100 MM ÇAPLI ŞEBEKE HATTI ARIZASI,29/04/2023 15:01:34,29/04/2023 20:00:00,MAHMUTBEY MAH. 2629 SOK. NO:6,"15 TEMMUZ MAH,MAHMUTBEY MAH"
1168,BAĞCILAR,100 MM ÇAPLI ŞEBEKE HATTI ARIZASI,13/06/2023 11:58:09,13/06/2023 15:00:00,MAHMUTBEY MAH. DEVEKALDIRIM CAD. NO:33 PİRİZ ARZASI,MAHMUTBEY MAH
1169,BAĞCILAR,100 MM ÇAPLI ŞEBEKE HATTI ARIZASI,10/10/2023 10:12:26,10/10/2023 14:00:00,"MAHMUTBEY MAHALLESI, KÖPRÜ CADDESI NO.38",MAHMUTBEY MAH
1170,BAĞCILAR,100 MM ÇAPLI ŞEBEKE HATTI ARIZASI,15/09/2023 10:59:34,15/09/2023 13:30:00,MAHMUTBEY MAHALLESİ,MAHMUTBEY MAH
1171,BAĞCILAR,100 MM ÇAPLI ŞEBEKE HATTI ARIZASI,08/11/2023 15:13:40,08/11/2023 18:30:00,MAHMUTBEY MAHALLESİ,MAHMUTBEY MAH
1172,BAĞCILAR,100 MM ÇAPLI ŞEBEKE HATTI ARIZASI,05/02/2024 14:51:14,05/02/2024 19:00:00,MAHMUTBEY MAHALLESİ,MAHMUTBEY MAH
1173,BAĞCILAR,100 MM ÇAPLI ŞEBEKE HATTI ARIZASI,11/11/2023 17:22:23,11/11/2023 20:00:00,MAHMUTBEY MAHALLESİ 2538 SOKAK,MAHMUTBEY MAH
1174,BAĞCILAR,100 MM ÇAPLI ŞEBEKE HATTI ARIZASI,17/12/2023 12:44:22,17/12/2023 16:00:00,MAHMUTBEY MAHALLESİ 2631. SOKAK  NO:4,MAHMUTBEY MAH
1175,BAĞCILAR,150 MM ÇAPLI ŞEBEKE HATTI ARIZASI,06/04/2023 09:11:11,06/04/2023 17:00:00,MAHMUTBEY MAHALLESİ ORDU CADDESİ,MAHMUTBEY MAH
1176,BAĞCILAR,100 MM ÇAPLI ŞEBEKE HATTI ARIZASI,07/08/2023 11:25:43,07/08/2023 14:25:00,MAHMUTBEY MH 2465 SK,MAHMUTBEY MAH
1177,BAĞCILAR,200 MM ÇAPLI ŞEBEKE HATTI ARIZASI,03/04/2023 13:41:17,03/04/2023 18:00:00,MAHMUTBEY ORDU CD.,MAHMUTBEY MAH
1178,BAĞCILAR,ARIZA SEBEBİ İLE BASINÇ DÜŞÜKLÜĞÜ,12/07/2023 22:52:56,13/07/2023 03:00:00,MAHMUTBEY TERFİ,"100.YIL MAH,15 TEMMUZ MAH,BAĞLAR MAH,DEMİRKAPI MAH,FATİH MAH,FEVZİ ÇAKMAK MAH,GÖZTEPE MAH,GÜNEŞLİ MAH,HÜRRİYET MAH,KİRAZLI MAH,MAHMUTBEY MAH,YAVUZSELİM MAH,YENİMAHALLE"
1179,BAĞCILAR,TERFİ  MERKEZİ ARIZASI,14/07/2023 12:26:42,14/07/2023 14:00:00,MAHMUTBEY TERFİ,"100.YIL MAH,15 TEMMUZ MAH,BAĞLAR MAH,DEMİRKAPI MAH,FATİH MAH,FEVZİ ÇAKMAK MAH,GÖZTEPE MAH,GÜNEŞLİ MAH,HÜRRİYET MAH,KİRAZLI MAH,MAHMUTBEY MAH,YAVUZSELİM MAH,YENİMAHALLE"
1180,BAĞCILAR,TERFİ  MERKEZİ ARIZASI,06/08/2023 10:57:47,06/08/2023 14:00:00,MAHMUTBEY TERFİ,"100.YIL MAH,15 TEMMUZ MAH,BAĞLAR MAH,DEMİRKAPI MAH,FATİH MAH,FEVZİ ÇAKMAK MAH,GÖZTEPE MAH,GÜNEŞLİ MAH,HÜRRİYET MAH,KİRAZLI MAH,MAHMUTBEY MAH,YAVUZSELİM MAH,YENİMAHALLE"
1181,BAĞCILAR,ARIZA SEBEBİ İLE BASINÇ DÜŞÜKLÜĞÜ,20/06/2023 14:00:26,20/06/2023 18:00:00,MAHMUTBEY TERFİ MERKEZİ,"100.YIL MAH,15 TEMMUZ MAH,BAĞLAR MAH,DEMİRKAPI MAH,FATİH MAH,FEVZİ ÇAKMAK MAH,GÖZTEPE MAH,GÜNEŞLİ MAH,HÜRRİYET MAH,KİRAZLI MAH,MAHMUTBEY MAH,YAVUZSELİM MAH,YENİMAHALLE"
1182,BAĞCILAR,ARIZA SEBEBİ İLE BASINÇ DÜŞÜKLÜĞÜ,16/09/2023 15:00:32,16/09/2023 21:00:00,MAHMUTBEY TERFİ MERKEZİ,"100.YIL MAH,15 TEMMUZ MAH,BAĞLAR MAH,DEMİRKAPI MAH,FATİH MAH,FEVZİ ÇAKMAK MAH,GÖZTEPE MAH,GÜNEŞLİ MAH,HÜRRİYET MAH,KİRAZLI MAH,MAHMUTBEY MAH,YAVUZSELİM MAH,YENİMAHALLE"
1183,BAĞCILAR,ANA İSALE HATTINA VANA MONTAJI / DEĞİŞİMİ,09/11/2023 09:54:41,09/11/2023 19:00:00,MAHMUTBEY TERFİ ÇIKIŞI,"100.YIL MAH,DEMİRKAPI MAH,FATİH MAH,FEVZİ ÇAKMAK MAH,GÖZTEPE MAH,GÜNEŞLİ MAH,KİRAZLI MAH,MAHMUTBEY MAH,YENİMAHALLE"
1184,BAĞCILAR,100 MM ÇAPLI ŞEBEKE HATTI ARIZASI,17/01/2024 15:08:37,17/01/2024 19:00:00,MERKEZ MAHALLESİ,MERKEZ MAH
1185,BAĞCILAR,150 MM ÇAPLI ŞEBEKE HATTI ARIZASI,20/06/2023 14:00:19,20/06/2023 18:00:00,MHMUTBEY MAH. İNÖNÜ CAD. NO:101,"100.YIL MAH,DEMİRKAPI MAH,FEVZİ ÇAKMAK MAH,GÖZTEPE MAH,GÜNEŞLİ MAH,KEMALPAŞA MAH,KİRAZLI MAH,MAHMUTBEY MAH"
1186,BAĞCILAR,150 MM ÇAPLI ŞEBEKE HATTI ARIZASI,15/06/2023 16:41:26,15/06/2023 20:00:00,ORDU CD.İLE PEYAMİ SAFA KESİŞİMİ,MAHMUTBEY MAH
1187,BAĞCILAR,100 MM ÇAPLI ŞEBEKE HATTI ARIZASI,15/12/2023 11:17:14,15/12/2023 14:00:00,PRİZ ARIZASI,KİRAZLI MAH
1188,BAĞCILAR,100 MM ÇAPLI ŞEBEKE HATTI ARIZASI,25/01/2024 08:49:51,25/01/2024 12:00:00,SANCAKTEPE,"SANCAKTEPE MAH,YAVUZSELİM MAH"
1189,BAĞCILAR,150 MM ÇAPLI ŞEBEKE HATTI ARIZASI,23/01/2024 12:36:27,23/01/2024 18:00:00,SANCAKTEPE MAHALLESİ,"FEVZİ ÇAKMAK MAH,KEMALPAŞA MAH,SANCAKTEPE MAH,YAVUZSELİM MAH"
1190,BAĞCILAR,100 MM ÇAPLI ŞEBEKE HATTI ARIZASI,06/02/2024 15:57:41,06/02/2024 19:00:00,SANCAKTEPE MAHALLESİ,SANCAKTEPE MAH
1191,BAĞCILAR,ŞEBEKE HATTI VANA MONTAJI/DEĞİŞİMİ,02/02/2024 15:00:30,02/02/2024 18:00:00,SANCAKTEPE ÇARŞI CADDESI NO ; 61,SANCAKTEPE MAH
1192,BAĞCILAR,150 MM ÇAPLI ŞEBEKE HATTI ARIZASI,19/12/2023 14:30:41,19/12/2023 18:00:00,Y.SELİM MH. BİRLİK CD. İLE 1000.SK. KES.,"SANCAKTEPE MAH,YAVUZSELİM MAH"
1193,BAĞCILAR,100 MM ÇAPLI ŞEBEKE HATTI ARIZASI,23/12/2023 00:03:32,23/12/2023 05:00:00,YALÇIN KOREŞ CD.,BAĞLAR MAH
1194,BAĞCILAR,100 MM ÇAPLI ŞEBEKE HATTI ARIZASI,12/12/2023 16:50:07,12/12/2023 19:00:00,YAVUZ SELİM MAH. 1001 SK BAĞCILAR,YAVUZSELİM MAH
1195,BAĞCILAR,ŞEBEKE HATTI VANA ARIZASI,29/12/2023 14:09:00,29/12/2023 17:00:00,YAVUZ SELİM MAHALLESİ  974 SOKAK BAĞCILAR,YAVUZSELİM MAH
1196,BAĞCILAR,100 MM ÇAPLI ŞEBEKE HATTI ARIZASI,30/01/2024 12:25:03,30/01/2024 16:00:00,YAVUZSELİM MAHALLESİ,YAVUZSELİM MAH
1197,BAĞCILAR,100 MM ÇAPLI ŞEBEKE HATTI ARIZASI,02/06/2023 16:10:49,02/06/2023 19:00:00,YAVUZSELİM MAHALLESİ 977.SOKAK,YAVUZSELİM MAH
1198,BAĞCILAR,100 MM ÇAPLI ŞEBEKE HATTI ARIZASI,20/03/2023 17:21:54,20/03/2023 20:00:00,YAVUZSELİM MAHALLESİ 993.SOKAKAK NO:9 PRİZ ARIZASI,YAVUZSELİM MAH
1199,BAĞCILAR,ŞEBEKE HATTI VANA ARIZASI,23/12/2023 12:55:52,23/12/2023 17:00:00,YENİGÜN MAH 622. SOKAK BAĞCILAR,YENİGÜN MAH
1200,BAĞCILAR,150 MM ÇAPLI ŞEBEKE HATTI ARIZASI,07/03/2023 10:34:19,07/03/2023 14:00:00,YENİMAHALLE 1526.SK.NO:6,"DEMİRKAPI MAH,YENİMAHALLE"
1201,BAĞCILAR,150 MM ÇAPLI ŞEBEKE HATTI ARIZASI,19/05/2023 12:16:45,19/05/2023 15:00:00,YENİMAHALLE MAHMUTBEY CADDESİ NO.62,"KİRAZLI MAH,YENİMAHALLE"
1202,BAĞCILAR,BASINÇ DÜŞÜKLÜĞÜ,13/07/2023 21:38:47,13/07/2023 23:59:00,YENİMAHALLE VE DEMİRKAPI,"DEMİRKAPI MAH,KİRAZLI MAH,YENİMAHALLE"
1203,BAĞCILAR,150 MM ÇAPLI ŞEBEKE HATTI ARIZASI,16/08/2023 09:56:24,16/08/2023 13:00:00,YILDIZTEPE,YILDIZTEPE MAH
1204,BAĞCILAR,150 MM ÇAPLI ŞEBEKE HATTI ARIZASI,25/02/2023 17:41:41,25/02/2023 21:00:00,YILDIZTEPE 476 SOKAK NO:65,YILDIZTEPE MAH
1205,BAĞCILAR,100 MM ÇAPLI ŞEBEKE HATTI ARIZASI,19/01/2024 10:43:18,19/01/2024 13:00:00,YILDIZTEPE MAH BAĞCILAR ŞHT. HASAN HÜSEYİN AKSOY CAD.,YILDIZTEPE MAH
1206,BAĞCILAR,100 MM ÇAPLI ŞEBEKE HATTI ARIZASI,24/08/2023 14:41:37,24/08/2023 17:30:00,YILDIZTEPE MAH. 490 SOKAK.,YILDIZTEPE MAH
1207,BAĞCILAR,150 MM ÇAPLI ŞEBEKE HATTI ARIZASI,09/10/2023 14:05:55,09/10/2023 18:00:00,YILDIZTEPE MAHALLESI ŞEHIT HASAN HÜSEYIN AKSOY CADDESI NO 14,YILDIZTEPE MAH
1208,BAĞCILAR,100 MM ÇAPLI ŞEBEKE HATTI ARIZASI,28/08/2023 12:31:15,28/08/2023 15:30:00,YILDIZTEPE MAHALLESİ,YILDIZTEPE MAH
1209,BAĞCILAR,150 MM ÇAPLI ŞEBEKE HATTI ARIZASI,15/09/2023 11:03:57,15/09/2023 14:00:00,YILDIZTEPE MAHALLESİ,YILDIZTEPE MAH
1210,BAĞCILAR,150 MM ÇAPLI ŞEBEKE HATTI ARIZASI,25/02/2023 16:02:16,25/02/2023 19:00:00,YILDIZTEPE MAHALLESİ 476 SOKAK NO:74,YILDIZTEPE MAH
1211,BAĞCILAR,100 MM ÇAPLI ŞEBEKE HATTI ARIZASI,18/12/2023 12:48:35,18/12/2023 16:00:00,YILDIZTEPE MAHALLESİ 476. SOKAK,YILDIZTEPE MAH
1212,BAĞCILAR,150 MM ÇAPLI ŞEBEKE HATTI ARIZASI,26/08/2023 13:18:03,26/08/2023 18:00:00,YILDIZTEPE MAHALLESİ 479 SOKAK,YILDIZTEPE MAH
1213,BAĞCILAR,100 MM ÇAPLI ŞEBEKE HATTI ARIZASI,13/03/2023 16:38:35,13/03/2023 20:00:00,YILDIZTEPE MAHALLESİ 573 SOKAK NO.16,YILDIZTEPE MAH
1214,BAĞCILAR,150 MM ÇAPLI ŞEBEKE HATTI ARIZASI,17/08/2023 10:16:20,17/08/2023 14:00:00,YILDIZTEPE MH.481.SK.,YILDIZTEPE MAH
1215,BAĞCILAR,ŞEBEKE HATTI VANA ARIZASI,03/10/2023 14:39:30,03/10/2023 18:00:00,ÇINAR ESENLER CADDESİ NO:73,ÇINAR MAH
1216,BAĞCILAR,100 MM ÇAPLI ŞEBEKE HATTI ARIZASI,28/12/2023 10:05:04,28/12/2023 13:00:00,ÇINAR MAH. 862 . SOK 1 PRİZ ARIZASI,ÇINAR MAH
1217,BAĞCILAR,100 MM ÇAPLI ŞEBEKE HATTI ARIZASI,21/11/2023 15:27:19,21/11/2023 18:30:00,ÇINAR MAHALLESİ,ÇINAR MAH
1218,BAĞCILAR,250 MM ÇAPLI ŞEBEKE HATTI ARIZASI,22/11/2023 10:59:55,22/11/2023 14:00:00,ÇINAR MAHALLESİ,ÇINAR MAH
1219,BAĞCILAR,100 MM ÇAPLI ŞEBEKE HATTI ARIZASI,24/11/2023 15:12:04,24/11/2023 19:30:00,ÇINAR MAHALLESİ,ÇINAR MAH
1220,BAĞCILAR,150 MM ÇAPLI ŞEBEKE HATTI ARIZASI,12/01/2024 15:56:52,12/01/2024 19:00:00,ÇINAR MAHALLESİ 820 SOKAK OKUL ÖNÜ,ÇINAR MAH
1221,BAĞCILAR,100 MM ÇAPLI ŞEBEKE HATTI ARIZASI,09/02/2024 08:53:40,09/02/2024 12:00:00,İNÖNÜ,İNÖNU MAH
1222,BAĞCILAR,ŞEBEKE HATTI VANA ARIZASI,13/02/2024 15:54:59,13/02/2024 18:00:00,İNÖNÜ MAH 375 SOKAK,İNÖNU MAH
1223,BAĞCILAR,100 MM ÇAPLI ŞEBEKE HATTI ARIZASI,12/10/2023 11:51:08,12/10/2023 15:00:00,İNÖNÜ MAH. 421 SOK.,İNÖNU MAH
1224,BAĞCILAR,100 MM ÇAPLI ŞEBEKE HATTI ARIZASI,01/11/2023 10:51:37,01/11/2023 13:00:00,İNÖNÜ MAHALLESİ,İNÖNU MAH
1225,BAĞCILAR,100 MM ÇAPLI ŞEBEKE HATTI ARIZASI,25/12/2023 13:24:43,25/12/2023 17:00:00,İNÖNÜ MAHALLESİ 364. SOKAK,"YILDIZTEPE MAH,İNÖNU MAH"
1226,BAŞAKŞEHİR,100 MM ÇAPLI ŞEBEKE HATTI ARIZASI,15/06/2023 14:03:02,15/06/2023 17:03:00,ALTINŞEHİR BARBAROS HAYRETTİN CD,"ALTINŞEHİR MAH,GÜVERCİNTEPE MAH"
1227,BAŞAKŞEHİR,100 MM ÇAPLI ŞEBEKE HATTI ARIZASI,17/09/2023 11:13:32,17/09/2023 15:00:00,ALTINŞEHİR GÜLAY SK,"ALTINŞEHİR MAH,GÜVERCİNTEPE MAH"
1228,BAŞAKŞEHİR,100 MM ÇAPLI ŞEBEKE HATTI ARIZASI,22/01/2024 10:55:13,22/01/2024 14:00:00,ALTINŞEHİR MAH BERRRAK SK,ALTINŞEHİR MAH
1229,BAŞAKŞEHİR,100 MM ÇAPLI ŞEBEKE HATTI ARIZASI,22/11/2023 12:30:00,22/11/2023 17:00:00,ALTINŞEHİR MAH ERİK SK,"ALTINŞEHİR MAH,GÜVERCİNTEPE MAH"
1230,BAŞAKŞEHİR,100 MM ÇAPLI ŞEBEKE HATTI ARIZASI,30/03/2023 10:19:39,30/03/2023 13:00:00,ALTINŞEHİR MAH GÖKNAR SK,ALTINŞEHİR MAH
1231,BAŞAKŞEHİR,100 MM ÇAPLI ŞEBEKE HATTI ARIZASI,17/05/2023 16:35:52,17/05/2023 19:00:00,ALTINŞEHİR MAH GÜLTEN SK,ALTINŞEHİR MAH
1232,BAŞAKŞEHİR,100 MM ÇAPLI ŞEBEKE HATTI ARIZASI,04/11/2023 13:04:45,04/11/2023 15:00:00,ALTINŞEHİR MAH GÜNSU SK,ALTINŞEHİR MAH
1233,BAŞAKŞEHİR,BASINÇ DÜŞÜKLÜĞÜ,25/04/2023 08:19:28,25/04/2023 16:00:00,ALTINŞEHİR-GÜVERCİNTPE,"ALTINŞEHİR MAH,GÜVERCİNTEPE MAH"
1234,BAŞAKŞEHİR,ENERJİ KESİNTİSİ,29/07/2023 07:36:15,29/07/2023 10:00:00,AVCILAR TERFİ,BAHÇEŞEHİR 2.KISIM MAH.
1235,BAŞAKŞEHİR,100 MM ÇAPLI ŞEBEKE HATTI ARIZASI,08/05/2023 17:24:27,08/05/2023 19:00:00,BAHCEŞEHİR 2 KISIM MAH,BAHÇEŞEHİR 2.KISIM MAH.
1236,BAŞAKŞEHİR,100 MM ÇAPLI ŞEBEKE HATTI ARIZASI,27/12/2023 09:18:32,27/12/2023 12:00:00,BAHÇEEŞHİR 1.KISIM MAH KEMAL SUNAL CD,BAHÇEŞEHİR 1.KISIM MAH.
1237,BAŞAKŞEHİR,100 MM ÇAPLI ŞEBEKE HATTI ARIZASI,07/08/2023 09:06:37,07/08/2023 14:07:00,BAHÇEŞEHIR 2. KISIM MAH NISA SK,BAHÇEŞEHİR 2.KISIM MAH.
1238,BAŞAKŞEHİR,100 MM ÇAPLI ŞEBEKE HATTI ARIZASI,03/09/2023 18:44:50,03/09/2023 22:30:00,BAHÇEŞEHIR MAHALLESI VALI RECEP YAZICIOĞLU CADESI,BAHÇEŞEHİR 1.KISIM MAH.
1239,BAŞAKŞEHİR,100 MM ÇAPLI ŞEBEKE HATTI ARIZASI,20/04/2023 09:22:41,20/04/2023 12:00:00,BAHÇEŞEHİR 1 .KISIM MAH SANATCILAR SK,BAHÇEŞEHİR 1.KISIM MAH.
1240,BAŞAKŞEHİR,100 MM ÇAPLI ŞEBEKE HATTI ARIZASI,25/10/2023 09:49:23,25/10/2023 13:00:00,BAHÇEŞEHİR 1 .KISIM MAH SANATCILAR SK,BAHÇEŞEHİR 1.KISIM MAH.
1241,BAŞAKŞEHİR,100 MM ÇAPLI ŞEBEKE HATTI ARIZASI,30/05/2023 09:50:53,30/05/2023 12:00:00,BAHÇEŞEHİR 1. KISIM AKÇAM SOKAK,BAHÇEŞEHİR 1.KISIM MAH.
1242,BAŞAKŞEHİR,BASINÇ DÜŞÜKLÜĞÜ,15/12/2023 12:34:31,15/12/2023 18:00:00,BAHÇEŞEHİR 1. KISIM MAH,"BAHÇEŞEHİR 1.KISIM MAH.,BAHÇEŞEHİR 2.KISIM MAH."
1243,BAŞAKŞEHİR,100 MM ÇAPLI ŞEBEKE HATTI ARIZASI,16/09/2023 14:20:54,16/09/2023 17:00:00,BAHÇEŞEHİR 1. KISIM MAH AĞAÇKAKAN SK,BAHÇEŞEHİR 1.KISIM MAH.
1244,BAŞAKŞEHİR,100 MM ÇAPLI ŞEBEKE HATTI ARIZASI,05/05/2023 12:01:48,05/05/2023 14:00:00,BAHÇEŞEHİR 1. KISIM MAH BALABAN DERESİ CIKMAZI CD,BAHÇEŞEHİR 1.KISIM MAH.
1245,BAŞAKŞEHİR,100 MM ÇAPLI ŞEBEKE HATTI ARIZASI,10/05/2023 12:50:37,10/05/2023 16:00:00,BAHÇEŞEHİR 1. KISIM MAH BALABAN DERESİ CIKMAZI CD,BAHÇEŞEHİR 1.KISIM MAH.
1246,BAŞAKŞEHİR,100 MM ÇAPLI ŞEBEKE HATTI ARIZASI,12/07/2023 10:09:49,12/07/2023 12:00:00,BAHÇEŞEHİR 1. KISIM MAH CEMRE SOKAK,BAHÇEŞEHİR 1.KISIM MAH.
1247,BAŞAKŞEHİR,100 MM ÇAPLI ŞEBEKE HATTI ARIZASI,08/09/2023 11:14:21,08/09/2023 14:00:00,BAHÇEŞEHİR 1. KISIM MAH CEYLAN SK 4C/1,BAHÇEŞEHİR 1.KISIM MAH.
1248,BAŞAKŞEHİR,100 MM ÇAPLI ŞEBEKE HATTI ARIZASI,15/03/2023 09:06:15,15/03/2023 13:00:00,BAHÇEŞEHİR 1. KISIM MAH DOĞA PARKI CD,BAHÇEŞEHİR 1.KISIM MAH.
1249,BAŞAKŞEHİR,100 MM ÇAPLI ŞEBEKE HATTI ARIZASI,06/09/2023 13:49:36,06/09/2023 17:00:00,BAHÇEŞEHİR 1. KISIM MAH DOĞA PARKI CD,BAHÇEŞEHİR 1.KISIM MAH.
1250,BAŞAKŞEHİR,100 MM ÇAPLI ŞEBEKE HATTI ARIZASI,25/09/2023 09:44:13,25/09/2023 14:00:00,BAHÇEŞEHİR 1. KISIM MAH DOĞA PARKI CD,BAHÇEŞEHİR 1.KISIM MAH.
1251,BAŞAKŞEHİR,100 MM ÇAPLI ŞEBEKE HATTI ARIZASI,21/09/2023 11:06:14,21/09/2023 13:00:00,BAHÇEŞEHİR 1. KISIM MAH FIRAT CD,BAHÇEŞEHİR 1.KISIM MAH.
1252,BAŞAKŞEHİR,100 MM ÇAPLI ŞEBEKE HATTI ARIZASI,11/08/2023 14:38:13,11/08/2023 17:00:00,BAHÇEŞEHİR 1. KISIM MAH SANATÇILAR SK,"BAHÇEŞEHİR 1.KISIM MAH.,BAHÇEŞEHİR 2.KISIM MAH."
1253,BAŞAKŞEHİR,100 MM ÇAPLI ŞEBEKE HATTI ARIZASI,09/09/2023 16:29:15,09/09/2023 23:59:00,BAHÇEŞEHİR 1. KISIM MAH SANATÇILAR SK,BAHÇEŞEHİR 1.KISIM MAH.
1254,BAŞAKŞEHİR,150 MM ÇAPLI ŞEBEKE HATTI ARIZASI,04/07/2023 11:21:08,04/07/2023 14:00:00,BAHÇEŞEHİR 1. KISIM MAH SEYHAN CADDESİ,BAHÇEŞEHİR 1.KISIM MAH.
1255,BAŞAKŞEHİR,100 MM ÇAPLI ŞEBEKE HATTI ARIZASI,22/09/2023 13:22:27,22/09/2023 16:00:00,BAHÇEŞEHİR 1. KISIM MAH SEYHAN CD,BAHÇEŞEHİR 1.KISIM MAH.
1256,BAŞAKŞEHİR,100 MM ÇAPLI ŞEBEKE HATTI ARIZASI,09/01/2024 09:24:00,09/01/2024 13:00:00,BAHÇEŞEHİR 1. KISIM MAH SEYHAN CD,BAHÇEŞEHİR 1.KISIM MAH.
1257,BAŞAKŞEHİR,100 MM ÇAPLI ŞEBEKE HATTI ARIZASI,18/05/2023 14:15:10,18/05/2023 16:00:00,BAHÇEŞEHİR 1. KISIM MAH TOHMACAY SK,BAHÇEŞEHİR 1.KISIM MAH.
1258,BAŞAKŞEHİR,100 MM ÇAPLI ŞEBEKE HATTI ARIZASI,16/05/2023 08:33:17,16/05/2023 13:00:00,BAHÇEŞEHİR 1. KISIM MAH VALİ RECEP YAZICIOGLU CD,BAHÇEŞEHİR 1.KISIM MAH.
1259,BAŞAKŞEHİR,100 MM ÇAPLI ŞEBEKE HATTI ARIZASI,11/09/2023 16:27:00,11/09/2023 17:58:00,BAHÇEŞEHİR 1. KISIM MAH YAMAÇ ÇIKMAZI SK,BAHÇEŞEHİR 1.KISIM MAH.
1260,BAŞAKŞEHİR,100 MM ÇAPLI ŞEBEKE HATTI ARIZASI,09/02/2024 09:15:01,09/02/2024 12:00:00,BAHÇEŞEHİR 1. KISIM MAH ÇINARLI CD,BAHÇEŞEHİR 1.KISIM MAH.
1261,BAŞAKŞEHİR,100 MM ÇAPLI ŞEBEKE HATTI ARIZASI,06/10/2023 22:22:53,07/10/2023 08:00:00,BAHÇEŞEHİR 1.KISIM  2801 SOKAK  MABEYN ŞANTİYESİ ÖNÜ,BAHÇEŞEHİR 1.KISIM MAH.
1262,BAŞAKŞEHİR,100 MM ÇAPLI ŞEBEKE HATTI ARIZASI,27/05/2023 10:20:13,27/05/2023 14:00:00,BAHÇEŞEHİR 1.KISIM ARAS CD,BAHÇEŞEHİR 1.KISIM MAH.
1263,BAŞAKŞEHİR,100 MM ÇAPLI ŞEBEKE HATTI ARIZASI,07/12/2023 14:22:36,07/12/2023 17:00:00,BAHÇEŞEHİR 1.KISIM MAH,BAHÇEŞEHİR 1.KISIM MAH.
1264,BAŞAKŞEHİR,100 MM ÇAPLI ŞEBEKE HATTI ARIZASI,09/12/2023 10:42:34,09/12/2023 16:00:00,BAHÇEŞEHİR 1.KISIM MAH,BAHÇEŞEHİR 1.KISIM MAH.
1265,BAŞAKŞEHİR,100 MM ÇAPLI ŞEBEKE HATTI ARIZASI,18/12/2023 09:39:13,18/12/2023 13:00:00,BAHÇEŞEHİR 1.KISIM MAH AKYELEK SK,BAHÇEŞEHİR 1.KISIM MAH.
1266,BAŞAKŞEHİR,100 MM ÇAPLI ŞEBEKE HATTI ARIZASI,11/12/2023 12:49:17,11/12/2023 15:00:00,BAHÇEŞEHİR 1.KISIM MAH ÇAMLIK CADDESİ,BAHÇEŞEHİR 1.KISIM MAH.
1267,BAŞAKŞEHİR,100 MM ÇAPLI ŞEBEKE HATTI ARIZASI,17/10/2023 11:51:54,17/10/2023 15:00:00,BAHÇEŞEHİR 1.KISIM MAH ÇAMLIK CD,BAHÇEŞEHİR 1.KISIM MAH.
1268,BAŞAKŞEHİR,100 MM ÇAPLI ŞEBEKE HATTI ARIZASI,09/06/2023 14:06:00,09/06/2023 18:00:00,BAHÇEŞEHİR 1.KISIM MERCEDES BULVARI,"BAHÇEŞEHİR 1.KISIM MAH.,BAHÇEŞEHİR 2.KISIM MAH."
1269,BAŞAKŞEHİR,100 MM ÇAPLI ŞEBEKE HATTI ARIZASI,26/10/2023 12:47:28,26/10/2023 15:00:00,BAHÇEŞEHİR 2. KISIM AHMET TANER KIŞLALI CD,BAHÇEŞEHİR 1.KISIM MAH.
1270,BAŞAKŞEHİR,100 MM ÇAPLI ŞEBEKE HATTI ARIZASI,09/02/2024 14:00:23,09/02/2024 17:00:00,BAHÇEŞEHİR 2. KISIM MAH 6. CD,BAHÇEŞEHİR 2.KISIM MAH.
1271,BAŞAKŞEHİR,100 MM ÇAPLI ŞEBEKE HATTI ARIZASI,02/02/2024 10:41:09,02/02/2024 16:00:00,BAHÇEŞEHİR 2. KISIM MAH 8. CD,"BAHÇEŞEHİR 1.KISIM MAH.,BAHÇEŞEHİR 2.KISIM MAH."
1272,BAŞAKŞEHİR,100 MM ÇAPLI ŞEBEKE HATTI ARIZASI,12/08/2023 12:50:06,12/08/2023 17:00:00,BAHÇEŞEHİR 2. KISIM MAH BEGONYA SK,"BAHÇEŞEHİR 1.KISIM MAH.,BAHÇEŞEHİR 2.KISIM MAH."
1273,BAŞAKŞEHİR,100 MM ÇAPLI ŞEBEKE HATTI ARIZASI,19/02/2023 13:46:32,19/02/2023 17:00:00,BAHÇEŞEHİR 2. KISIM MAH DELTA SK,BAHÇEŞEHİR 2.KISIM MAH.
1274,BAŞAKŞEHİR,100 MM ÇAPLI ŞEBEKE HATTI ARIZASI,05/10/2023 12:44:29,05/10/2023 15:00:00,BAHÇEŞEHİR 2. KISIM MAH HOŞDERE CD,"BAHÇEŞEHİR 1.KISIM MAH.,BAHÇEŞEHİR 2.KISIM MAH."
1275,BAŞAKŞEHİR,100 MM ÇAPLI ŞEBEKE HATTI ARIZASI,31/07/2023 12:01:55,31/07/2023 15:00:00,BAHÇEŞEHİR 2. KISIM MAH MANOLYA SK,"BAHÇEŞEHİR 1.KISIM MAH.,BAHÇEŞEHİR 2.KISIM MAH."
1276,BAŞAKŞEHİR,100 MM ÇAPLI ŞEBEKE HATTI ARIZASI,20/09/2023 10:16:13,20/09/2023 12:00:00,BAHÇEŞEHİR 2. KISIM MAH MEDENİYET CD,BAHÇEŞEHİR 2.KISIM MAH.
1277,BAŞAKŞEHİR,100 MM ÇAPLI ŞEBEKE HATTI ARIZASI,04/01/2024 11:48:34,04/01/2024 17:00:00,BAHÇEŞEHİR 2. KISIM MAH YONA SK,BAHÇEŞEHİR 2.KISIM MAH.
1278,BAŞAKŞEHİR,100 MM ÇAPLI ŞEBEKE HATTI ARIZASI,13/02/2024 10:36:51,13/02/2024 14:00:00,BAHÇEŞEHİR 2. KISIM MAH ÇİĞDEM SK,BAHÇEŞEHİR 2.KISIM MAH.
1279,BAŞAKŞEHİR,100 MM ÇAPLI ŞEBEKE HATTI ARIZASI,27/10/2023 08:42:06,27/10/2023 12:00:00,BAHÇEŞEHİR 2. KISIM TURGUT ÖZAL BULVARI,BAHÇEŞEHİR 2.KISIM MAH.
1280,BAŞAKŞEHİR,100 MM ÇAPLI ŞEBEKE HATTI ARIZASI,04/05/2023 13:10:57,04/05/2023 17:00:00,BAHÇEŞEHİR 2.KISIM  PAZARTÜRK CD,BAHÇEŞEHİR 2.KISIM MAH.
1281,BAŞAKŞEHİR,100 MM ÇAPLI ŞEBEKE HATTI ARIZASI,15/04/2023 13:31:11,15/04/2023 16:30:00,BAHÇEŞEHİR 2.KISIM CEYLAN SK,"BAHÇEŞEHİR 1.KISIM MAH.,BAHÇEŞEHİR 2.KISIM MAH."
1282,BAŞAKŞEHİR,100 MM ÇAPLI ŞEBEKE HATTI ARIZASI,16/01/2024 13:57:25,16/01/2024 17:00:00,BAHÇEŞEHİR 2.KISIM MAH TEVFİK FİKRET CADDESİ,BAHÇEŞEHİR 2.KISIM MAH.
1283,BAŞAKŞEHİR,100 MM ÇAPLI ŞEBEKE HATTI ARIZASI,11/01/2024 15:33:54,11/01/2024 20:00:00,BAHÇEŞEHİR 2.KISIM MAH ŞELALE CADDESİ,BAHÇEŞEHİR 2.KISIM MAH.
1284,BAŞAKŞEHİR,100 MM ÇAPLI ŞEBEKE HATTI ARIZASI,12/01/2024 08:23:43,12/01/2024 12:00:00,BAHÇEŞEHİR 2.KISIM MAH ŞELALE CADDESİ,"BAHÇEŞEHİR 1.KISIM MAH.,BAHÇEŞEHİR 2.KISIM MAH."
1285,BAŞAKŞEHİR,100 MM ÇAPLI ŞEBEKE HATTI ARIZASI,10/11/2023 09:44:23,10/11/2023 12:00:00,BAHÇEŞEHİR 2.KISIM MEDENİYET CD,BAHÇEŞEHİR 2.KISIM MAH.
1286,BAŞAKŞEHİR,100 MM ÇAPLI ŞEBEKE HATTI ARIZASI,22/05/2023 10:03:13,22/05/2023 14:00:00,BAHÇEŞEHİR 2.KISIM NEZİH BARUT CADDESİ,BAHÇEŞEHİR 2.KISIM MAH.
1287,BAŞAKŞEHİR,100 MM ÇAPLI ŞEBEKE HATTI ARIZASI,02/08/2023 10:05:12,02/08/2023 15:00:00,BAHÇEŞEHİR 2.KISIM POSTA CD 1N,BAHÇEŞEHİR 2.KISIM MAH.
1288,BAŞAKŞEHİR,100 MM ÇAPLI ŞEBEKE HATTI ARIZASI,22/02/2023 14:55:33,22/02/2023 18:00:00,BAHÇEŞEHİR 2.KISIM SÜZER BULVARI,BAHÇEŞEHİR 2.KISIM MAH.
1289,BAŞAKŞEHİR,100 MM ÇAPLI ŞEBEKE HATTI ARIZASI,05/07/2023 09:34:01,05/07/2023 12:30:00,BAHÇEŞEHİR 2.KISIM ZAMBAK SK,BAHÇEŞEHİR 2.KISIM MAH.
1290,BAŞAKŞEHİR,BASINÇ DÜŞÜKLÜĞÜ,23/05/2023 09:54:40,23/05/2023 14:00:00,BALKIZ SK,BAHÇEŞEHİR 2.KISIM MAH.
1291,BAŞAKŞEHİR,200 MM ÇAPLI ŞEBEKE HATTI ARIZASI,09/03/2023 01:05:58,09/03/2023 08:00:00,BASAKSEHIR ONURKENT,BAŞAKŞEHİR MAH
1292,BAŞAKŞEHİR,ARIZA SEBEBİ İLE BASINÇ DÜŞÜKLÜĞÜ,24/04/2023 21:54:27,25/04/2023 02:00:00,BAYRAMTEPE TERFİ,GÜVERCİNTEPE MAH
1293,BAŞAKŞEHİR,TERFİ  MERKEZİ ARIZASI,11/06/2023 10:03:15,11/06/2023 19:00:00,BAYRAMTEPE TERFİ,"GÜVERCİNTEPE MAH,KAYABAŞI MAH"
1294,BAŞAKŞEHİR,TERFİ  MERKEZİ ARIZASI,17/06/2023 09:26:44,17/06/2023 20:00:00,BAYRAMTEPE TERFİ,"ALTINŞEHİR MAH,GÜVERCİNTEPE MAH,KAYABAŞI MAH,ŞAMLAR MAH"
1295,BAŞAKŞEHİR,ENERJİ KESİNTİSİ,30/09/2023 13:17:58,30/09/2023 15:00:00,BAYRAMTEPE TERFİ,"KAYABAŞI MAH,ŞAMLAR MAH"
1296,BAŞAKŞEHİR,TERFİ  MERKEZİ ARIZASI,04/12/2023 14:03:48,04/12/2023 16:00:00,BAYRAMTEPE TERFİ,ALTINŞEHİR MAH
1297,BAŞAKŞEHİR,1000 MM ÇAPLI ANA İSALE HATTI ARIZASI,30/06/2023 15:09:37,30/06/2023 17:00:00,BAYRAMTEPE-KAYABAŞI,"GÜVERCİNTEPE MAH,KAYABAŞI MAH,ŞAMLAR MAH"
1298,BAŞAKŞEHİR,100 MM ÇAPLI ŞEBEKE HATTI ARIZASI,25/07/2023 14:55:09,25/07/2023 17:00:00,BAŞAKŞEHİR  MAHALLESİ 1. KISIM 4. ETAP,BAŞAKŞEHİR MAH
1299,BAŞAKŞEHİR,100 MM ÇAPLI ŞEBEKE HATTI ARIZASI,25/07/2023 14:16:46,25/07/2023 17:00:00,BAŞAKŞEHİR 1. KISIM 4. ETAP,BAŞAKŞEHİR MAH
1300,BAŞAKŞEHİR,250 MM ÇAPLI ŞEBEKE HATTI ARIZASI,10/11/2023 14:43:43,10/11/2023 18:00:00,BAŞAKŞEHİR MAH HÜRRİYET BULVARI,"BAŞAK MAH,BAŞAK MAH,BAŞAKŞEHİR MAH"
1301,BAŞAKŞEHİR,300 MM ÇAPLI ŞEBEKE HATTI ARIZASI,29/07/2023 12:12:02,29/07/2023 19:00:00,BAŞAKŞEHİR MAH METRO KENT METRO İSTASYONU,"BAŞAK MAH,BAŞAKŞEHİR MAH"
1302,BAŞAKŞEHİR,100 MM ÇAPLI ŞEBEKE HATTI ARIZASI,14/03/2023 10:14:17,14/03/2023 13:00:00,BAŞAKŞEHİR MAH SEYRANTEPE CD,BAŞAKŞEHİR MAH
1303,BAŞAKŞEHİR,200 MM ÇAPLI ŞEBEKE HATTI ARIZASI,08/03/2023 20:14:31,09/03/2023 01:00:00,BAŞAKŞEHİR ONURKENT,BAŞAKŞEHİR MAH
1304,BAŞAKŞEHİR,600 MM ÇAPLI  ANA İSALE HATTI ARIZASI,23/06/2023 10:26:05,23/06/2023 16:00:00,BAŞAKŞEHİR OSB,İKİTELLİ OSB
1305,BAŞAKŞEHİR,1000 MM ÇAPLI ANA İSALE HATTI ARIZASI,19/01/2024 23:49:14,20/01/2024 02:00:00,BAŞAKŞEHİR TERFİ,"BAŞAK MAH,BAŞAKŞEHİR MAH"
1306,BAŞAKŞEHİR,ARIZA SEBEBİ İLE BASINÇ DÜŞÜKLÜĞÜ,17/09/2023 19:34:06,17/09/2023 23:59:00,"BAŞAKŞEHİR TERFİ ,BAYRAMTEPE TERFİ, YAKUPLU TERFİ","ALTINŞEHİR MAH,BAHÇEŞEHİR 1.KISIM MAH.,BAHÇEŞEHİR 2.KISIM MAH.,BAŞAK MAH,BAŞAKŞEHİR MAH,GÜVERCİNTEPE MAH,KAYABAŞI MAH,ZİYA GÖKALP MAH,İKİTELLİ OSB,ŞAHİNTEPE MAH,ŞAHİNTEPE MAH,ŞAMLAR MAH"
1307,BAŞAKŞEHİR,TERFİ  MERKEZİ ARIZASI,30/09/2023 13:12:49,30/09/2023 15:00:00,BAŞAKŞEHİR TERFİ MERKEZİ,"ALTINŞEHİR MAH,BAŞAK MAH,BAŞAKŞEHİR MAH,GÜVERCİNTEPE MAH"
1308,BAŞAKŞEHİR,ELEKTRİK ENERJİSİ PROBLEMİ,21/05/2023 10:21:45,21/05/2023 20:00:00,BEŞYÜZEVLER TERFİ,"BAŞAK MAH,BAŞAKŞEHİR MAH"
1309,BAŞAKŞEHİR,ARIZA SEBEBİ İLE BASINÇ DÜŞÜKLÜĞÜ,16/09/2023 20:50:54,17/09/2023 03:00:00,CUMHURİYET TERFİ MERKEZİ,"BAŞAK MAH,BAŞAKŞEHİR MAH"
1310,BAŞAKŞEHİR,100 MM ÇAPLI ŞEBEKE HATTI ARIZASI,09/05/2023 09:04:06,09/05/2023 11:00:00,DENEME,ŞAHİNTEPE MAH
1311,BAŞAKŞEHİR,1000 MM ÇAPLI ANA İSALE HATTI ARIZASI,14/12/2023 18:52:23,14/12/2023 23:00:00,ESENYURT CAZİBE HATTI,"BAHÇEŞEHİR 1.KISIM MAH.,BAHÇEŞEHİR 2.KISIM MAH."
1312,BAŞAKŞEHİR,ENERJİ KESİNTİSİ,21/02/2023 10:44:57,21/02/2023 15:00:00,ESENYURT TERFİ,BAHÇEŞEHİR 2.KISIM MAH.
1313,BAŞAKŞEHİR,TERFİ  MERKEZİ ARIZASI,01/03/2023 14:09:50,01/03/2023 17:00:00,ESENYURT TERFİ MERKEZİ,BAHÇEŞEHİR 2.KISIM MAH.
1314,BAŞAKŞEHİR,BASINÇ DÜŞÜKLÜĞÜ,03/05/2023 21:55:32,04/05/2023 08:30:00,GÜVERCİN TEPE,GÜVERCİNTEPE MAH
1315,BAŞAKŞEHİR,100 MM ÇAPLI ŞEBEKE HATTI ARIZASI,03/10/2023 16:27:05,03/10/2023 19:00:00,GÜVERCİNTEPE 34/1 SK,GÜVERCİNTEPE MAH
1316,BAŞAKŞEHİR,100 MM ÇAPLI ŞEBEKE HATTI ARIZASI,28/04/2023 10:46:34,28/04/2023 14:00:00,GÜVERCİNTEPE AYDINLIK SK,"ALTINŞEHİR MAH,GÜVERCİNTEPE MAH"
1317,BAŞAKŞEHİR,100 MM ÇAPLI ŞEBEKE HATTI ARIZASI,11/05/2023 13:44:04,11/05/2023 17:00:00,GÜVERCİNTEPE MAH 36.SK,GÜVERCİNTEPE MAH
1318,BAŞAKŞEHİR,100 MM ÇAPLI ŞEBEKE HATTI ARIZASI,09/05/2023 08:41:30,09/05/2023 12:00:00,GÜVERCİNTEPE MAH AKBULUT SK,GÜVERCİNTEPE MAH
1319,BAŞAKŞEHİR,100 MM ÇAPLI ŞEBEKE HATTI ARIZASI,05/02/2024 10:17:54,05/02/2024 15:00:00,GÜVERCİNTEPE MAH AKBULUT SK,GÜVERCİNTEPE MAH
1320,BAŞAKŞEHİR,100 MM ÇAPLI ŞEBEKE HATTI ARIZASI,30/11/2023 09:50:08,30/11/2023 13:00:00,GÜVERCİNTEPE MAH AKKİRAZ SOKAK,GÜVERCİNTEPE MAH
1321,BAŞAKŞEHİR,100 MM ÇAPLI ŞEBEKE HATTI ARIZASI,15/08/2023 12:14:15,15/08/2023 16:00:00,GÜVERCİNTEPE MAH CUMHURİYET CD,"ALTINŞEHİR MAH,GÜVERCİNTEPE MAH"
1322,BAŞAKŞEHİR,100 MM ÇAPLI ŞEBEKE HATTI ARIZASI,23/01/2024 15:16:16,23/01/2024 17:00:00,GÜVERCİNTEPE MAH GÖRÜMLÜ SK,GÜVERCİNTEPE MAH
1323,BAŞAKŞEHİR,100 MM ÇAPLI ŞEBEKE HATTI ARIZASI,26/01/2024 11:03:44,26/01/2024 15:00:00,GÜVERCİNTEPE MAH ÇALIKUŞU SK,GÜVERCİNTEPE MAH
1324,BAŞAKŞEHİR,300 MM ÇAPLI ŞEBEKE HATTI ARIZASI,27/09/2023 09:05:20,27/09/2023 14:00:00,KAYABAŞI MAH FENERTEPE CD,KAYABAŞI MAH
1325,BAŞAKŞEHİR,300 MM ÇAPLI ŞEBEKE HATTI ARIZASI,03/09/2023 12:28:58,03/09/2023 17:00:00,KAYABAŞI MAH KAYAŞEHİR BULVARI  RIFAT ILGAZ CD KESİŞİM,KAYABAŞI MAH
1326,BAŞAKŞEHİR,100 MM ÇAPLI ŞEBEKE HATTI ARIZASI,09/10/2023 16:45:59,09/10/2023 19:00:00,KAYABAŞI MAH SAFAHAT SOKAK,KAYABAŞI MAH
1327,BAŞAKŞEHİR,100 MM ÇAPLI ŞEBEKE HATTI ARIZASI,25/12/2023 14:35:09,25/12/2023 17:00:00,KAYAŞEHİR MAH 75.YIL CD,KAYABAŞI MAH
1328,BAŞAKŞEHİR,ENERJİ KESİNTİSİ,10/12/2023 13:30:40,10/12/2023 16:00:00,KAĞITHANE,"BAŞAK MAH,BAŞAKŞEHİR MAH"
1329,BAŞAKŞEHİR,ENERJİ KESİNTİSİ,06/08/2023 05:48:00,06/08/2023 12:00:00,MALKOCOGLU TERFI,"BAŞAK MAH,BAŞAKŞEHİR MAH"
1330,BAŞAKŞEHİR,ENERJİ KESİNTİSİ,06/09/2023 01:17:35,06/09/2023 04:00:00,MALKOCOGLU TERFI,"BAŞAK MAH,BAŞAKŞEHİR MAH"
1331,BAŞAKŞEHİR,100 MM ÇAPLI ŞEBEKE HATTI ARIZASI,23/06/2023 14:09:06,23/06/2023 17:00:00,SANATÇILAR SOKAK,BAHÇEŞEHİR 1.KISIM MAH.
1332,BAŞAKŞEHİR,400 MM ÇAPLI ANA İSALE HATTI ARIZASI,18/01/2024 07:10:37,18/01/2024 15:00:00,SÜLEYMAN DEMİREL BULVARI,"ZİYA GÖKALP MAH,İKİTELLİ OSB"
1333,BAŞAKŞEHİR,ARIZA SEBEBİ İLE BASINÇ DÜŞÜKLÜĞÜ,20/06/2023 19:28:44,20/06/2023 21:00:00,TERKOS,"KAYABAŞI MAH,ŞAMLAR MAH"
1334,BAŞAKŞEHİR,ARIZA SEBEBİ İLE BASINÇ DÜŞÜKLÜĞÜ,20/06/2023 06:31:32,20/06/2023 18:00:00,TERKOS-İKİTELLİ İSALE HATTI,"ALTINŞEHİR MAH,BAHÇEŞEHİR 1.KISIM MAH.,BAHÇEŞEHİR 2.KISIM MAH.,BAHÇEŞEHİR 2.KISIM MAH.,BAŞAK MAH,BAŞAKŞEHİR MAH,GÜVERCİNTEPE MAH,KAYABAŞI MAH,ZİYA GÖKALP MAH,İKİTELLİ OSB,ŞAHİNTEPE MAH,ŞAMLAR MAH"
1335,BAŞAKŞEHİR,ANA İSALE HATTI VANA ARIZASI,19/05/2023 16:13:44,19/05/2023 18:00:00,TURGUT ÖZAL CADDESİ,BAHÇEŞEHİR 2.KISIM MAH.
1336,BAŞAKŞEHİR,100 MM ÇAPLI ŞEBEKE HATTI ARIZASI,19/01/2024 11:37:59,19/01/2024 13:00:00,ZİYA GÖKALP ATATÜRK BULVARI,ZİYA GÖKALP MAH
1337,BAŞAKŞEHİR,100 MM ÇAPLI ŞEBEKE HATTI ARIZASI,27/06/2023 10:59:39,27/06/2023 16:01:00,ZİYA GÖKALP ATATÜRK BULVARI  YAPI KREDİ ÖNÜ,"ZİYA GÖKALP MAH,İKİTELLİ OSB"
1338,BAŞAKŞEHİR,100 MM ÇAPLI ŞEBEKE HATTI ARIZASI,23/02/2023 12:15:54,23/02/2023 16:00:00,ZİYA GÖKALP MAH BAŞ KOMUTAN CD,ZİYA GÖKALP MAH
1339,BAŞAKŞEHİR,150 MM ÇAPLI ŞEBEKE HATTI ARIZASI,26/09/2023 14:12:13,26/09/2023 19:00:00,ZİYA GÖKALP MAH HÜRRİYET BULVAR İLE TOSUN PAŞA CD KESİŞİMİ,ZİYA GÖKALP MAH
1340,BAŞAKŞEHİR,300 MM ÇAPLI ŞEBEKE HATTI ARIZASI,05/10/2023 13:45:40,05/10/2023 23:59:00,ZİYA GÖKALP MAH HÜRRİYET BULVARI,"ZİYA GÖKALP MAH,İKİTELLİ OSB"
1341,BAŞAKŞEHİR,100 MM ÇAPLI ŞEBEKE HATTI ARIZASI,08/10/2023 12:19:17,08/10/2023 15:00:00,ZİYA GÖKALP MAH HÜRRİYET BULVARI,"ZİYA GÖKALP MAH,İKİTELLİ OSB"
1342,BAŞAKŞEHİR,100 MM ÇAPLI ŞEBEKE HATTI ARIZASI,05/12/2023 09:48:31,05/12/2023 15:00:00,ZİYA GÖKALP MAH HÜRRİYET BUULVARI,ZİYA GÖKALP MAH
1343,BAŞAKŞEHİR,100 MM ÇAPLI ŞEBEKE HATTI ARIZASI,22/11/2023 09:03:21,22/11/2023 13:00:00,ZİYA GÖKALP MAH MEL,ZİYA GÖKALP MAH
1344,BAŞAKŞEHİR,100 MM ÇAPLI ŞEBEKE HATTI ARIZASI,12/07/2023 11:38:09,12/07/2023 13:00:00,ZİYA GÖKALP MELİKGAZİ CADDESİ,ZİYA GÖKALP MAH
1345,BAŞAKŞEHİR,400 MM ÇAPLI ANA İSALE HATTI ARIZASI,07/02/2024 13:09:10,07/02/2024 19:00:00,ZİYA GÖKALP MH.,"ZİYA GÖKALP MAH,İKİTELLİ OSB"
1346,BAŞAKŞEHİR,ARIZA SEBEBİ İLE BASINÇ DÜŞÜKLÜĞÜ,15/09/2023 08:51:59,15/09/2023 16:30:00,ÖMERLİ SALPOMPA,"BAHÇEŞEHİR 1.KISIM MAH.,BAHÇEŞEHİR 2.KISIM MAH.,BAŞAK MAH,BAŞAKŞEHİR MAH"
1347,BAŞAKŞEHİR,1800 MM ÇAPLI ANA İSALE HATTI ARIZASI,15/08/2023 09:56:03,16/08/2023 06:00:00,İKİTELLİ BAŞAKŞEHİR HATTI,"BAŞAKŞEHİR MAH,GÜVERCİNTEPE MAH,KAYABAŞI MAH,ZİYA GÖKALP MAH,İKİTELLİ OSB"
1348,BAŞAKŞEHİR,150 MM ÇAPLI ŞEBEKE HATTI ARIZASI,27/03/2023 09:52:53,27/03/2023 11:00:00,İKİTELLİ OSB 16 .CD,İKİTELLİ OSB
1349,BAŞAKŞEHİR,200 MM ÇAPLI ŞEBEKE HATTI ARIZASI,10/03/2023 14:21:35,10/03/2023 18:00:00,İKİTELLİ OSB 25.CD,İKİTELLİ OSB
1350,BAŞAKŞEHİR,100 MM ÇAPLI ŞEBEKE HATTI ARIZASI,21/03/2023 13:18:47,21/03/2023 15:00:00,İKİTELLİ OSB ATATÜRK BUL,İKİTELLİ OSB
1351,BAŞAKŞEHİR,100 MM ÇAPLI ŞEBEKE HATTI ARIZASI,11/03/2023 14:49:36,11/03/2023 18:00:00,İKİTELLİ OSB ATATÜRK OTO SANAYİ,İKİTELLİ OSB
1352,BAŞAKŞEHİR,100 MM ÇAPLI ŞEBEKE HATTI ARIZASI,12/12/2023 10:55:08,12/12/2023 14:00:00,İKİTELLİ OSB DERSAN SANAYİ SİTESİ,İKİTELLİ OSB
1353,BAŞAKŞEHİR,100 MM ÇAPLI ŞEBEKE HATTI ARIZASI,16/06/2023 15:02:13,16/06/2023 18:02:00,İKİTELLİ OSB DOLAPDERE SAN SİT 22 ADA,İKİTELLİ OSB
1354,BAŞAKŞEHİR,100 MM ÇAPLI ŞEBEKE HATTI ARIZASI,25/12/2023 14:53:17,25/12/2023 17:00:00,İKİTELLİ OSB MAH AYMAKOOP SANAYİ SİTESİ C4 BLOK,İKİTELLİ OSB
1355,BAŞAKŞEHİR,100 MM ÇAPLI ŞEBEKE HATTI ARIZASI,24/01/2024 10:07:04,24/01/2024 13:00:00,İKİTELLİ OSB MAH DERSAN SANA SİTESİ,İKİTELLİ OSB
1356,BAŞAKŞEHİR,100 MM ÇAPLI ŞEBEKE HATTI ARIZASI,06/01/2024 12:15:38,06/01/2024 17:00:00,İKİTELLİ OSB MAH SEFAKÖY SANAYİ SİTESİ 7.BLOK SK,İKİTELLİ OSB
1357,BAŞAKŞEHİR,ŞEBEKE HATTI VANA ARIZASI,17/07/2023 16:49:16,17/07/2023 19:00:00,İKİTELLİ OSB METAL İŞ SANAYİ SİTESİ 8. BLOK,İKİTELLİ OSB
1358,BAŞAKŞEHİR,100 MM ÇAPLI ŞEBEKE HATTI ARIZASI,06/07/2023 08:51:52,06/07/2023 12:00:00,İKİTELLİ OSB MH.MASKO SANAYİ SİTESİ,İKİTELLİ OSB
1359,BAŞAKŞEHİR,100 MM ÇAPLI ŞEBEKE HATTI ARIZASI,14/02/2024 09:48:25,14/02/2024 12:00:00,İKİTELLİ OSB SEFAKÖY 4. BLOK,İKİTELLİ OSB
1360,BAŞAKŞEHİR,ARITMA TESİSİ ARIZASI,21/07/2023 23:45:30,22/07/2023 04:00:00,İKİTELLİ STT,BAHÇEŞEHİR 2.KISIM MAH.
1361,BAŞAKŞEHİR,ARIZA SEBEBİ İLE BASINÇ DÜŞÜKLÜĞÜ,26/09/2023 02:37:11,26/09/2023 08:00:00,İKİTELLİ STT,BAHÇEŞEHİR 2.KISIM MAH.
1362,BAŞAKŞEHİR,ANA İSALE HATTI YENİLEMESİ,19/06/2023 05:49:47,20/06/2023 06:00:00,İKİTELLİ-TERKOS,"ALTINŞEHİR MAH,BAHÇEŞEHİR 1.KISIM MAH.,BAHÇEŞEHİR 2.KISIM MAH.,BAŞAK MAH,BAŞAKŞEHİR MAH,GÜVERCİNTEPE MAH,KAYABAŞI MAH,ZİYA GÖKALP MAH,İKİTELLİ OSB,ŞAHİNTEPE MAH,ŞAMLAR MAH"
1363,BAŞAKŞEHİR,100 MM ÇAPLI ŞEBEKE HATTI ARIZASI,01/07/2023 12:05:19,01/07/2023 17:00:00,İKİTELİ OSB MASKO SAN MH MASKO SANAYİ SİTESİ,İKİTELLİ OSB
1364,BAŞAKŞEHİR,100 MM ÇAPLI ŞEBEKE HATTI ARIZASI,20/03/2023 15:09:15,20/03/2023 17:00:00,ŞAHINTEPE MAH YALÇIN SK,ŞAHİNTEPE MAH
1365,BAŞAKŞEHİR,100 MM ÇAPLI ŞEBEKE HATTI ARIZASI,26/05/2023 11:54:17,26/05/2023 13:00:00,ŞAHİNTEPE BARBAROS HAYRETTİN CD,ŞAHİNTEPE MAH
1366,BAŞAKŞEHİR,100 MM ÇAPLI ŞEBEKE HATTI ARIZASI,13/01/2024 16:27:03,13/01/2024 17:00:00,ŞAHİNTEPE MAH 2241.SK,ŞAHİNTEPE MAH
1367,BAŞAKŞEHİR,100 MM ÇAPLI ŞEBEKE HATTI ARIZASI,07/04/2023 15:41:22,07/04/2023 18:00:00,ŞAHİNTEPE MAH AŞIK VEYSEL CD,ŞAHİNTEPE MAH
1368,BAŞAKŞEHİR,100 MM ÇAPLI ŞEBEKE HATTI ARIZASI,21/10/2023 15:26:00,21/10/2023 17:30:00,ŞAHİNTEPE MAH Bİ,ŞAHİNTEPE MAH
1369,BAŞAKŞEHİR,300 MM ÇAPLI ŞEBEKE HATTI ARIZASI,04/07/2023 09:27:59,04/07/2023 13:00:00,ŞAHİNTEPE MAH ESKİ İSTANBUL CD,ŞAHİNTEPE MAH
1370,BAŞAKŞEHİR,300 MM ÇAPLI ŞEBEKE HATTI ARIZASI,04/07/2023 13:09:26,04/07/2023 15:00:00,ŞAHİNTEPE MAH ESKİ İSTANBUL CD,ŞAHİNTEPE MAH
1371,BAŞAKŞEHİR,300 MM ÇAPLI ŞEBEKE HATTI ARIZASI,01/11/2023 08:10:23,02/11/2023 08:00:00,ŞAHİNTEPE MAH ESKİ İSTANBUL CD,ALTINŞEHİR MAH
1372,BAŞAKŞEHİR,100 MM ÇAPLI ŞEBEKE HATTI ARIZASI,06/11/2023 11:37:46,06/11/2023 13:00:00,ŞAHİNTEPE MAH KUMSAL SK,ŞAHİNTEPE MAH
1373,BAŞAKŞEHİR,100 MM ÇAPLI ŞEBEKE HATTI ARIZASI,27/11/2023 10:23:06,27/11/2023 13:30:00,ŞAHİNTEPE MAH KÖPRÜYOLU CADDESİ,ŞAHİNTEPE MAH
1374,BAŞAKŞEHİR,100 MM ÇAPLI ŞEBEKE HATTI ARIZASI,10/01/2024 10:59:44,10/01/2024 13:00:00,ŞAHİNTEPE MAH LAÇİN SK,ŞAHİNTEPE MAH
1375,BAŞAKŞEHİR,100 MM ÇAPLI ŞEBEKE HATTI ARIZASI,01/03/2023 11:35:45,01/03/2023 14:00:00,ŞAHİNTEPE MAH MİNİK SK,ŞAHİNTEPE MAH
1376,BAŞAKŞEHİR,100 MM ÇAPLI ŞEBEKE HATTI ARIZASI,04/12/2023 14:39:43,04/12/2023 17:00:00,ŞAHİNTEPE MAH NİL SOKAK,ŞAHİNTEPE MAH
1377,BAŞAKŞEHİR,100 MM ÇAPLI ŞEBEKE HATTI ARIZASI,06/02/2024 16:19:03,06/02/2024 18:00:00,ŞAHİNTEPE MAH SEL SK 115,ŞAHİNTEPE MAH
1378,BAŞAKŞEHİR,100 MM ÇAPLI ŞEBEKE HATTI ARIZASI,23/05/2023 10:10:13,23/05/2023 12:00:00,ŞAHİNTEPE MAH ÇAĞLAYANSU SK,ŞAHİNTEPE MAH
1379,BAŞAKŞEHİR,100 MM ÇAPLI ŞEBEKE HATTI ARIZASI,08/11/2023 12:50:26,08/11/2023 17:00:00,ŞAHİNTEPE MAH ŞENOL SK,ŞAHİNTEPE MAH
1380,BAŞAKŞEHİR,100 MM ÇAPLI ŞEBEKE HATTI ARIZASI,31/12/2023 11:35:14,31/12/2023 15:00:00,ŞAHİNTEPE MAH. ESKİ İSTANBUL CD.,ŞAHİNTEPE MAH
1381,BAŞAKŞEHİR,200 MM ÇAPLI ŞEBEKE HATTI ARIZASI,16/07/2023 17:41:34,16/07/2023 20:00:00,ŞAHİNTEPE MAHALLESİ KUSAL SOKAK İÇİ,ŞAHİNTEPE MAH
1382,BAŞAKŞEHİR,300 MM ÇAPLI ŞEBEKE HATTI ARIZASI,29/06/2023 13:33:26,29/06/2023 17:00:00,ŞAHİNTEPE MH ESKİİSTANBUL CD,ŞAHİNTEPE MAH
1383,BAŞAKŞEHİR,ELEKTRİK ENERJİSİ PROBLEMİ,20/12/2023 01:12:45,20/12/2023 04:00:00,ŞAHİNTEPE TERFİ,"BAHÇEŞEHİR 2.KISIM MAH.,GÜVERCİNTEPE MAH,ŞAHİNTEPE MAH"
1384,BAŞAKŞEHİR,ENERJİ KESİNTİSİ,13/02/2024 21:01:20,14/02/2024 01:00:00,ŞAHİNTEPE TERFİ,"BAHÇEŞEHİR 1.KISIM MAH.,BAHÇEŞEHİR 2.KISIM MAH."
1385,BAŞAKŞEHİR,ENERJİ KESİNTİSİ,14/08/2023 23:13:10,15/08/2023 02:00:00,ŞAHİNTEPE TERFİ MERKEZİ,BAHÇEŞEHİR 2.KISIM MAH.
1386,BAŞAKŞEHİR,ARIZA SEBEBİ İLE BASINÇ DÜŞÜKLÜĞÜ,05/09/2023 20:44:48,06/09/2023 03:00:00,ŞAHİNTEPE TERFİ MERKEZİ,BAHÇEŞEHİR 2.KISIM MAH.
1387,BAŞAKŞEHİR,TERFİ  MERKEZİ ARIZASI,15/09/2023 21:43:28,15/09/2023 23:59:00,ŞAHİNTEPE TERFİ MERKEZİ,"GÜVERCİNTEPE MAH,ŞAHİNTEPE MAH"
1388,BAŞAKŞEHİR,100 MM ÇAPLI ŞEBEKE HATTI ARIZASI,10/01/2024 14:32:53,10/01/2024 17:00:00,ŞAMLAR MAH TOPÇUOĞLU SK,ŞAMLAR MAH
1389,BAŞAKŞEHİR,150 MM ÇAPLI ŞEBEKE HATTI ARIZASI,06/01/2024 12:17:52,06/01/2024 17:00:00,ŞAMLAR MAH İSTİKLAL CD 412,ŞAMLAR MAH
1390,BAŞAKŞEHİR,150 MM ÇAPLI ŞEBEKE HATTI ARIZASI,07/01/2024 10:51:49,07/01/2024 17:00:00,ŞAMLAR MAH İSTİKLAL CD NO 412,ŞAMLAR MAH
1391,BEYKOZ,700 MM  ÇAPLI ANA İSALE HATTI ARIZASI,26/12/2023 09:49:23,26/12/2023 20:00:00, GÖZTEPE MAH BENT CADDESİ.,"ANADOLU HİSARI MAH,GÖKSU MAH,GÖZTEPE MAH,KANLICA MAH,YENİ MAHALLE,ÇUBUKLU MAH"
1392,BEYKOZ,600 MM ÇAPLI  ANA İSALE HATTI ARIZASI,12/12/2023 10:33:24,12/12/2023 22:00:00,ACARLAR,"ACARLAR MAH,ALİBAHADIR MAH,ELMALI MAH,GÖRELE MAH,GÜMÜŞSUYU MAH,MAHMUTŞEVKETPAŞA MAH,ZERZEVATÇI MAH,ÖRNEKKÖY MAH,İNCİRKÖY MAH"
1393,BEYKOZ,250 MM ÇAPLI ŞEBEKE HATTI ARIZASI,31/07/2023 08:44:13,31/07/2023 13:00:00,ACARLAR MAHLESİ,"ACARLAR MAH,ELMALI MAH,GÖRELE MAH,GÜMÜŞSUYU MAH,MAHMUTŞEVKETPAŞA MAH,POLONEZKÖY MAH,ZERZEVATÇI MAH,ÖRNEKKÖY MAH,İNCİRKÖY MAH"
1394,BEYKOZ,100 MM ÇAPLI ŞEBEKE HATTI ARIZASI,31/03/2023 13:37:12,31/03/2023 16:30:00,AKBABA MAH. CİVANPERÇEMLİ SK NO:11,AKBABA MAH
1395,BEYKOZ,150 MM ÇAPLI ŞEBEKE HATTI ARIZASI,22/11/2023 09:19:47,22/11/2023 13:00:00,AKBABA MAHALLESİ KÖY İÇİ CADDESİ,AKBABA MAH
1396,BEYKOZ,100 MM ÇAPLI ŞEBEKE HATTI ARIZASI,10/01/2024 13:51:26,10/01/2024 17:00:00,ALİBAHADIR MAHALLESİ PAŞAMANDIRA CADDESİ,ALİBAHADIR MAH
1397,BEYKOZ,100 MM ÇAPLI ŞEBEKE HATTI ARIZASI,31/05/2023 13:02:15,31/05/2023 16:00:00,ALİBAHADIR MAHALLESİ VE CADDESİ,ALİBAHADIR MAH
1398,BEYKOZ,150 MM ÇAPLI ŞEBEKE HATTI ARIZASI,30/05/2023 09:13:27,30/05/2023 18:30:00,ALİBAHADIR ORDU CADDESİ,"ALİBAHADIR MAH,ALİBAHADIR MAH,ALİBAHADIR MAH,ALİBAHADIR MAH,ALİBAHADIR MAH,ALİBAHADIR MAH,ALİBAHADIR MAH,ALİBAHADIR MAH,ALİBAHADIR MAH,ALİBAHADIR MAH,ALİBAHADIR MAH,ALİBAHADIR MAH,ALİBAHADIR MAH,ALİBAHADIR MAH,ALİBAHADIR MAH,ALİBAHADIR MAH,ALİBAHADIR MAH,ALİBAHADIR MAH,ALİBAHADIR MAH,ALİBAHADIR MAH,ALİBAHADIR MAH"
1399,BEYKOZ,100 MM ÇAPLI ŞEBEKE HATTI ARIZASI,17/09/2023 23:56:10,18/09/2023 15:00:00,ALİBOSTSN SOKAK,YENİ MAHALLE
1400,BEYKOZ,250 MM ÇAPLI ŞEBEKE HATTI ARIZASI,01/06/2023 10:12:38,01/06/2023 20:00:00,ANADOLU FENERİ FENER CADDESİ,KAYNARCA MAH
1401,BEYKOZ,100 MM ÇAPLI ŞEBEKE HATTI ARIZASI,20/09/2023 10:33:27,20/09/2023 11:30:00,ANADOLU FENERİ FENER CADDESİ,ANADOLUFENERİ MAH
1402,BEYKOZ,150 MM ÇAPLI ŞEBEKE HATTI ARIZASI,25/09/2023 08:51:54,25/09/2023 16:30:00,ANADOLU FENERİ FENER CADDESİ,ANADOLUFENERİ MAH
1403,BEYKOZ,BASINÇ DÜŞÜKLÜĞÜ,30/09/2023 10:52:41,30/09/2023 16:00:00,ANADOLU FENERİ YENER CAD.,"KAYNARCA MAH,KAYNARCA MAH"
1404,BEYKOZ,100 MM ÇAPLI ŞEBEKE HATTI ARIZASI,07/06/2023 10:22:24,07/06/2023 13:30:00,ANADOLU HİSARI KANİJE SOKAK,"ANADOLU HİSARI MAH,ANADOLU HİSARI MAH,ANADOLU HİSARI MAH,ANADOLU HİSARI MAH"
1405,BEYKOZ,150 MM ÇAPLI ŞEBEKE HATTI ARIZASI,05/09/2023 13:04:56,05/09/2023 16:30:00,ANADOLU HİSARI KIZILSERÇE SOKAK,"GÖZTEPE MAH,KAVACIK MAH"
1406,BEYKOZ,150 MM ÇAPLI ŞEBEKE HATTI ARIZASI,11/09/2023 10:16:08,11/09/2023 14:00:00,ANADOLU HİSARI MAHALLESİ KIZILSERÇE SOKAK,"GÖZTEPE MAH,KAVACIK MAH"
1407,BEYKOZ,100 MM ÇAPLI ŞEBEKE HATTI ARIZASI,23/02/2023 12:36:50,23/02/2023 16:00:00,ANADOLU KAVAGI MACAR TABYA CADDESİ,ANADOLU KAVAĞI MAH
1408,BEYKOZ,ŞEBEKE HATTI VANA MONTAJI/DEĞİŞİMİ,06/04/2023 10:47:01,06/04/2023 18:00:00,ANADOLU KAVAĞI MACAR TABYA CAD.,ANADOLU KAVAĞI MAH
1409,BEYKOZ,100 MM ÇAPLI ŞEBEKE HATTI ARIZASI,05/04/2023 14:04:53,05/04/2023 16:00:00,ANADOLU KAVAĞI MACAR TABİA CADDESİ,ANADOLU KAVAĞI MAH
1410,BEYKOZ,150 MM ÇAPLI ŞEBEKE HATTI ARIZASI,31/07/2023 14:03:09,31/07/2023 16:00:00,ANADOLU KAVAĞI MACARTABYA SOKAĞI,ANADOLU KAVAĞI MAH
1411,BEYKOZ,100 MM ÇAPLI ŞEBEKE HATTI ARIZASI,29/09/2023 19:36:31,30/09/2023 01:00:00,"ANADOLU KAVAĞI MAHALLESİ, FENER YOLU CADDESİ","ANADOLUFENERİ MAH,DERESEKİ MAH,KAYNARCA MAH,POYRAZKÖY MAH"
1412,BEYKOZ,ENERJİ KESİNTİSİ,06/12/2023 11:08:19,06/12/2023 18:00:00,ANADOLU KAVAĞI TERFİ,"ANADOLU KAVAĞI MAH,ANADOLUFENERİ MAH,DERESEKİ MAH,KAYNARCA MAH,POYRAZKÖY MAH,RİVA MAH"
1413,BEYKOZ,100 MM ÇAPLI ŞEBEKE HATTI ARIZASI,26/07/2023 12:43:19,26/07/2023 16:00:00,ANADOLUHİSARI MAHALLESİ SEMA SOKAK,"ANADOLU HİSARI MAH,GÖZTEPE MAH"
1414,BEYKOZ,ŞEBEKE HATTI VANA MONTAJI/DEĞİŞİMİ,11/09/2023 18:44:47,11/09/2023 23:00:00,ARKBOYU CD,"GÖKSU MAH,GÖKSU MAH,YENİ MAHALLE"
1415,BEYKOZ,100 MM ÇAPLI ŞEBEKE HATTI ARIZASI,15/11/2023 18:34:51,15/11/2023 22:00:00,AŞAĞI MAHALLE CADDESI,KILIÇLI MAH
1416,BEYKOZ,100 MM ÇAPLI ŞEBEKE HATTI ARIZASI,29/01/2024 08:17:08,29/01/2024 12:00:00,BAKLACI CUHHURİYET CADDESİ,BAKLACI MAH.
1417,BEYKOZ,150 MM ÇAPLI ŞEBEKE HATTI ARIZASI,23/05/2023 14:27:56,23/05/2023 18:00:00,BAKLACI MAHALLESİ,YAVUZ SELİM MAH.
1418,BEYKOZ,100 MM ÇAPLI ŞEBEKE HATTI ARIZASI,02/10/2023 11:45:53,02/10/2023 18:00:00,BAKLACI MAHALLESİ ÇAVUŞBAŞI DEPO,"BAKLACI MAH.,YAVUZ SELİM MAH."
1419,BEYKOZ,700 MM  ÇAPLI ANA İSALE HATTI ARIZASI,31/07/2023 11:18:24,31/07/2023 15:00:00,BENT CADDESİ,"ANADOLU HİSARI MAH,GÖKSU MAH,GÖZTEPE MAH,KANLICA MAH,YENİ MAHALLE,ÇUBUKLU MAH"
1420,BEYKOZ,800 MM ÇAPLI ANA İSALE HATTI ARIZASI,05/09/2023 22:01:55,06/09/2023 04:00:00,BEYKOZ 800MM İSALE HATTI,"AKBABA MAH,ANADOLU KAVAĞI MAH,DERESEKİ MAH,KAYNARCA MAH,MERKEZ MAH,ORTAÇEŞME MAH,TOKATKÖY MAH,YALIKÖY MAH,ÇAMLIBAHÇE MAH"
1421,BEYKOZ,700 MM  ÇAPLI ANA İSALE HATTI ARIZASI,24/02/2023 14:06:28,24/02/2023 17:00:00,BEYKOZ DOĞU KAPISI,"ANADOLU KAVAĞI MAH,TOKATKÖY MAH,YALIKÖY MAH,ÇAMLIBAHÇE MAH"
1422,BEYKOZ,TERFİ  MERKEZİ ARIZASI,16/01/2024 09:47:36,16/01/2024 16:00:00,BEYKOZ KAYNARCA RÖLE İSTASYONU,KAYNARCA MAH
1423,BEYKOZ,100 MM ÇAPLI ŞEBEKE HATTI ARIZASI,19/03/2023 14:48:12,19/03/2023 18:00:00,BEYKOZ KILIÇLI KÖYÜ,KILIÇLI MAH
1424,BEYKOZ,150 MM ÇAPLI ŞEBEKE HATTI ARIZASI,14/01/2024 14:23:06,14/01/2024 20:00:00,BEYKOZ MERKEZ MAH GÜMÜŞSUYU İLE ŞAHITMOLLA CD,"GÜMÜŞSUYU MAH,MERKEZ MAH"
1425,BEYKOZ,400 MM ÇAPLI ANA İSALE HATTI ARIZASI,22/09/2023 14:06:08,22/09/2023 20:00:00,BEYKOZ RİVA,RİVA MAH
1426,BEYKOZ,800 MM ÇAPLI ANA İSALE HATTI ARIZASI,01/04/2023 09:38:24,01/04/2023 18:00:00,BEYKOZ TOKTKÖY,"AKBABA MAH,ANADOLU KAVAĞI MAH,DERESEKİ MAH,MERKEZ MAH,ORTAÇEŞME MAH,TOKATKÖY MAH,YALIKÖY MAH,ÇAMLIBAHÇE MAH"
1427,BEYKOZ,700 MM  ÇAPLI ANA İSALE HATTI ARIZASI,15/05/2023 23:15:52,16/05/2023 02:00:00,BEYKOZ ÇUBUKLU MEVKI DEVLET HASTANESI ÖNÜNDE,"GÜMÜŞSUYU MAH,PAŞABAHÇE MAH,SOĞUKSU MAH,ÇUBUKLU MAH,ÇİĞDEM MAH,İNCİRKÖY MAH"
1428,BEYKOZ,700 MM  ÇAPLI ANA İSALE HATTI ARIZASI,02/05/2023 13:38:49,02/05/2023 22:00:00,BEYKOZ ÇUBUKLU MEVKİİ,"GÜMÜŞSUYU MAH,PAŞABAHÇE MAH,SOĞUKSU MAH,ÇUBUKLU MAH,ÇİĞDEM MAH,İNCİRKÖY MAH"
1429,BEYKOZ,700 MM  ÇAPLI ANA İSALE HATTI ARIZASI,02/06/2023 12:51:59,02/06/2023 21:00:00,BEYKOZ-ANADOLU KAVAĞI,"ANADOLU KAVAĞI MAH,YALIKÖY MAH,ÇAMLIBAHÇE MAH"
1430,BEYKOZ,700 MM  ÇAPLI ANA İSALE HATTI ARIZASI,03/05/2023 16:02:55,03/05/2023 20:00:00,BEYKOZ-DOĞUKAPISI,"ANADOLU KAVAĞI MAH,YALIKÖY MAH,ÇAMLIBAHÇE MAH"
1431,BEYKOZ,ANA İSALE HATTI DEPLASE ÇALIŞMASI,06/10/2023 13:53:10,07/10/2023 01:00:00,BEYKOZ-MERKEZ MAH.,"AKBABA MAH,GÜMÜŞSUYU MAH,MERKEZ MAH,ORTAÇEŞME MAH,TOKATKÖY MAH,YALIKÖY MAH,ÇAMLIBAHÇE MAH"
1432,BEYKOZ,ANA İSALE HATTINA VANA MONTAJI / DEĞİŞİMİ,17/09/2023 21:52:38,18/09/2023 12:00:00,BEYLERBEYİ SARAYI ÖNÜ,"GÖKSU MAH,YENİ MAHALLE"
1433,BEYKOZ,100 MM ÇAPLI ŞEBEKE HATTI ARIZASI,11/04/2023 16:08:19,11/04/2023 18:00:00,BOZHANE KÖYÜ GÖLLÜ CADDESİ NO:3,GÖLLÜ MAH
1434,BEYKOZ,500 MM ÇAPLI ANA İSALE HATTI ARIZASI,26/09/2023 18:03:50,27/09/2023 02:00:00,BULGURLU CAZİBE HATTI,YENİ MAHALLE
1435,BEYKOZ,100 MM ÇAPLI ŞEBEKE HATTI ARIZASI,16/06/2023 09:20:48,16/06/2023 12:00:00,BURHAN SOKAK,TOKATKÖY MAH
1436,BEYKOZ,ARITMA TESİSİ ARIZASI,27/12/2023 15:06:11,27/12/2023 19:00:00,CUMHURİYET ARITMA,"AKBABA MAH,ALİBAHADIR MAH,ANADOLU HİSARI MAH,DERESEKİ MAH,GÖKSU MAH,GÖLLÜ MAH,GÜMÜŞSUYU MAH,KANLICA MAH,MERKEZ MAH,ORTAÇEŞME MAH,PAŞABAHÇE MAH,RİVA MAH,TOKATKÖY MAH,YALIKÖY MAH,YENİ MAHALLE,ÇAMLIBAHÇE MAH,ÇAMLIBAHÇE MAH,ÇUBUKLU MAH"
1437,BEYKOZ,150 MM ÇAPLI ŞEBEKE HATTI ARIZASI,29/09/2023 10:33:00,29/09/2023 14:00:00,CUMHURİYET MAHALLESİ ÇAM DARI ÇIKMAZI,"CUMHURİYET MAH,CUMHURİYET MAH"
1438,BEYKOZ,100 MM ÇAPLI ŞEBEKE HATTI ARIZASI,24/03/2023 12:31:48,24/03/2023 16:00:00,CİVAN PERÇEMLİ SK.,AKBABA MAH
1439,BEYKOZ,200 MM ÇAPLI ŞEBEKE HATTI ARIZASI,03/07/2023 11:36:27,03/07/2023 14:47:00,DERESEKİ KABAKULAK CADDESİ,"AKBABA MAH,DERESEKİ MAH,KAYNARCA MAH"
1440,BEYKOZ,100 MM ÇAPLI ŞEBEKE HATTI ARIZASI,28/07/2023 16:15:08,28/07/2023 19:30:00,DERESEKİ KARAKULAK CADDESİ,DERESEKİ MAH
1441,BEYKOZ,150 MM ÇAPLI ŞEBEKE HATTI ARIZASI,16/02/2024 14:26:30,16/02/2024 18:00:00,DERESEKİ KIRKLAR ÇIKMAZI,DERESEKİ MAH
1442,BEYKOZ,150 MM ÇAPLI ŞEBEKE HATTI ARIZASI,21/12/2023 12:42:23,21/12/2023 17:00:00,DERESEKİ MAHALLESİ FENER CADDESİ,DERESEKİ MAH
1443,BEYKOZ,100 MM ÇAPLI ŞEBEKE HATTI ARIZASI,25/09/2023 08:24:39,25/09/2023 16:30:00,DERESEKİ MAHALLESİ REFAKAT SOKAK,"DERESEKİ MAH,KAYNARCA MAH"
1444,BEYKOZ,150 MM ÇAPLI ŞEBEKE HATTI ARIZASI,28/09/2023 23:10:01,29/09/2023 03:00:00,DERESEKİ MAHLESİ,DERESEKİ MAH
1445,BEYKOZ,ŞEBEKE HATTI VANA MONTAJI/DEĞİŞİMİ,29/07/2023 17:51:10,29/07/2023 21:00:00,DERYA SOKAK,"İNCİRKÖY MAH,İNCİRKÖY MAH,İNCİRKÖY MAH"
1446,BEYKOZ,400 MM ÇAPLI ANA İSALE HATTI ARIZASI,17/08/2023 13:18:09,17/08/2023 16:00:00,DOĞU KAPISI,ANADOLU KAVAĞI MAH
1447,BEYKOZ,ENERJİ KESİNTİSİ,30/12/2023 21:33:48,30/12/2023 23:30:00,ELMALI  TERFİ,"ANADOLU HİSARI MAH,GÖKSU MAH,GÖZTEPE MAH,KANLICA MAH,KAVACIK MAH,YENİ MAHALLE,ÇUBUKLU MAH"
1448,BEYKOZ,700 MM  ÇAPLI ANA İSALE HATTI ARIZASI,13/08/2023 22:50:53,14/08/2023 05:00:00,ELMALI BEYKOZ,"PAŞABAHÇE MAH,ÇUBUKLU MAH,ÇİĞDEM MAH,İNCİRKÖY MAH"
1449,BEYKOZ,700 MM  ÇAPLI ANA İSALE HATTI ARIZASI,29/11/2023 11:59:24,29/11/2023 19:00:00,ELMALI BEYKOZ,"ANADOLU HİSARI MAH,GÖKSU MAH,GÖZTEPE MAH,KANLICA MAH,YENİ MAHALLE,ÇUBUKLU MAH"
1450,BEYKOZ,700 MM  ÇAPLI ANA İSALE HATTI ARIZASI,25/03/2023 13:25:28,25/03/2023 16:00:00,ELMALI BEYKOZ İSALE HATTI,"ANADOLU KAVAĞI MAH,YALIKÖY MAH,ÇAMLIBAHÇE MAH"
1451,BEYKOZ,700 MM  ÇAPLI ANA İSALE HATTI ARIZASI,14/09/2023 00:08:30,14/09/2023 04:00:00,ELMALI BEYKOZ İSALE HATTI,"GÜMÜŞSUYU MAH,PAŞABAHÇE MAH,SOĞUKSU MAH,ÇUBUKLU MAH,ÇİĞDEM MAH,İNCİRKÖY MAH"
1452,BEYKOZ,100 MM ÇAPLI ŞEBEKE HATTI ARIZASI,14/12/2023 10:25:12,14/12/2023 13:00:00,ELMALI DEREİÇİ SOKAK,ELMALI MAH
1453,BEYKOZ,150 MM ÇAPLI ŞEBEKE HATTI ARIZASI,17/01/2024 16:21:22,17/01/2024 22:00:00,ELMALI KESER CADDESİ,ELMALI MAH
1454,BEYKOZ,100 MM ÇAPLI ŞEBEKE HATTI ARIZASI,16/03/2023 11:05:42,16/03/2023 15:00:00,ELMALI MAH.PAMUK SOKAK,ELMALI MAH
1455,BEYKOZ,700 MM  ÇAPLI ANA İSALE HATTI ARIZASI,22/02/2023 11:13:36,22/02/2023 19:00:00,ELMALI-BEYKOZ,"ANADOLU HİSARI MAH,GÖKSU MAH,GÖZTEPE MAH,KANLICA MAH,YENİ MAHALLE,ÇUBUKLU MAH"
1456,BEYKOZ,700 MM  ÇAPLI ANA İSALE HATTI ARIZASI,03/04/2023 14:31:28,03/04/2023 17:00:00,ELMALI-BEYKOZ,"YALIKÖY MAH,ÇAMLIBAHÇE MAH"
1457,BEYKOZ,700 MM  ÇAPLI ANA İSALE HATTI ARIZASI,19/06/2023 16:27:46,19/06/2023 21:00:00,ELMALI-BEYKOZ,"ANADOLU KAVAĞI MAH,YALIKÖY MAH,ÇAMLIBAHÇE MAH"
1458,BEYKOZ,ANA İSALE HATTI DEPLASE ÇALIŞMASI,14/07/2023 15:10:01,15/07/2023 12:00:00,ELMALI-BEYKOZ,"ANADOLU KAVAĞI MAH,ANADOLUFENERİ MAH,KAYNARCA MAH,POYRAZKÖY MAH,ÇAMLIBAHÇE MAH"
1459,BEYKOZ,ANA İSALE HATTI DEPLASE ÇALIŞMASI,24/08/2023 09:54:10,24/08/2023 20:00:00,ELMALI-BEYKOZ 700 MM İSALE HATTI,"GÜMÜŞSUYU MAH,MERKEZ MAH,ORTAÇEŞME MAH,TOKATKÖY MAH,YALIKÖY MAH,ÇAMLIBAHÇE MAH"
1460,BEYKOZ,ARIZA SEBEBİ İLE BASINÇ DÜŞÜKLÜĞÜ,12/10/2023 10:03:28,12/10/2023 19:00:00,ELMALI-BEYKOZ 700MM ANA İSALE HATTI,"ANADOLU HİSARI MAH,GÖKSU MAH,GÖZTEPE MAH,KANLICA MAH,YENİ MAHALLE,ÇUBUKLU MAH"
1461,BEYKOZ,700 MM  ÇAPLI ANA İSALE HATTI ARIZASI,08/08/2023 22:42:28,09/08/2023 03:00:00,ELMALI-BEYKOZ İSALE HATTI,"PAŞABAHÇE MAH,ÇUBUKLU MAH,ÇİĞDEM MAH,İNCİRKÖY MAH"
1462,BEYKOZ,150 MM ÇAPLI ŞEBEKE HATTI ARIZASI,11/09/2023 22:28:23,12/09/2023 16:00:00,EMLAK KONUT ŞANTIYE ÖNÜ,TOKATKÖY MAH
1463,BEYKOZ,200 MM ÇAPLI ŞEBEKE HATTI ARIZASI,11/05/2023 14:21:13,11/05/2023 17:00:00,FESLEĞEN SOKAK,"RİVA MAH,RİVA MAH"
1464,BEYKOZ,150 MM ÇAPLI ŞEBEKE HATTI ARIZASI,02/01/2024 13:28:24,02/01/2024 17:00:00,GÖKSU EVLERİ PALMİYE CADDESİ,GÖZTEPE MAH
1465,BEYKOZ,100 MM ÇAPLI ŞEBEKE HATTI ARIZASI,23/09/2023 10:41:24,23/09/2023 14:00:00,GÖKSU MAH.PALMİYE CAD.,"GÖZTEPE MAH,GÖZTEPE MAH,GÖZTEPE MAH"
1466,BEYKOZ,100 MM ÇAPLI ŞEBEKE HATTI ARIZASI,19/08/2023 14:28:51,19/08/2023 17:00:00,GÖKSU MAHLESİ PITRAK SOKAK,"ANADOLU HİSARI MAH,ANADOLU HİSARI MAH,GÖZTEPE MAH,KAVACIK MAH"
1467,BEYKOZ,100 MM ÇAPLI ŞEBEKE HATTI ARIZASI,14/12/2023 14:35:47,14/12/2023 17:00:00,GÖRELE MAH MENTEŞE SOKAK,GÖRELE MAH
1468,BEYKOZ,100 MM ÇAPLI ŞEBEKE HATTI ARIZASI,30/03/2023 09:17:00,30/03/2023 15:00:00,GÖRELE MAH.AYDIN TEPE SK.,GÖRELE MAH
1469,BEYKOZ,100 MM ÇAPLI ŞEBEKE HATTI ARIZASI,07/07/2023 10:47:14,07/07/2023 13:30:00,GÖRELE MAHALLESİ AYDINTEPE SOKAK,GÖRELE MAH
1470,BEYKOZ,150 MM ÇAPLI ŞEBEKE HATTI ARIZASI,18/07/2023 10:02:20,18/07/2023 15:00:00,GÖRELE MAHALLESİ İSTANBUL CADDESİ,"GÖRELE MAH,ZERZEVATÇI MAH"
1471,BEYKOZ,250 MM ÇAPLI ŞEBEKE HATTI ARIZASI,12/12/2023 10:50:08,12/12/2023 18:00:00,GÖRELE MAHALLESİ İSTANBUL CADDESİ,"ACARLAR MAH,ALİBAHADIR MAH,ELMALI MAH,GÖRELE MAH,GÜMÜŞSUYU MAH,MAHMUTŞEVKETPAŞA MAH,POLONEZKÖY MAH,ZERZEVATÇI MAH,ÖRNEKKÖY MAH,İNCİRKÖY MAH"
1472,BEYKOZ,150 MM ÇAPLI ŞEBEKE HATTI ARIZASI,24/01/2024 14:54:14,24/01/2024 18:00:00,GÖRELE MAHALLESİ İSTANBUL CADDESİ,GÖRELE MAH
1473,BEYKOZ,250 MM ÇAPLI ŞEBEKE HATTI ARIZASI,17/07/2023 16:51:08,17/07/2023 19:51:00,GÖRELE MAHALLESİ İSTANBUL CADDESİ BAŞI,"GÖRELE MAH,POLONEZKÖY MAH,ZERZEVATÇI MAH"
1474,BEYKOZ,150 MM ÇAPLI ŞEBEKE HATTI ARIZASI,11/10/2023 09:55:36,11/10/2023 15:00:00,GÖRELE POLONEZ YOLU CADDESİ,POLONEZKÖY MAH
1475,BEYKOZ,100 MM ÇAPLI ŞEBEKE HATTI ARIZASI,21/02/2023 10:05:31,21/02/2023 14:00:00,GÖSTEPE MAHALLESİ GÖKSU EVLERİ ÜST CAMLIK,GÖZTEPE MAH
1476,BEYKOZ,100 MM ÇAPLI ŞEBEKE HATTI ARIZASI,16/02/2024 10:21:48,16/02/2024 13:00:00,GÖZTEPE MAH BENT CADDESİ,GÖZTEPE MAH
1477,BEYKOZ,100 MM ÇAPLI ŞEBEKE HATTI ARIZASI,08/11/2023 13:48:08,08/11/2023 21:00:00,GÖZTEPE MAH ÇAMLIK CADDESİ,"GÖZTEPE MAH,GÖZTEPE MAH,GÖZTEPE MAH"
1478,BEYKOZ,100 MM ÇAPLI ŞEBEKE HATTI ARIZASI,16/02/2024 15:20:01,16/02/2024 18:00:00,GÖZTEPE MAHALLESİ BENT CADDESİ,GÖZTEPE MAH
1479,BEYKOZ,150 MM ÇAPLI ŞEBEKE HATTI ARIZASI,01/11/2023 10:19:20,01/11/2023 14:00:00,GÖZTEPE MAHALLESİ GÖKSU EVLERİ,"GÖZTEPE MAH,GÖZTEPE MAH,GÖZTEPE MAH"
1480,BEYKOZ,150 MM ÇAPLI ŞEBEKE HATTI ARIZASI,15/12/2023 10:08:48,15/12/2023 14:00:00,GÖZTEPE MAHALLESİ GÖKSU EVLERİ,"GÖZTEPE MAH,GÖZTEPE MAH,GÖZTEPE MAH"
1481,BEYKOZ,100 MM ÇAPLI ŞEBEKE HATTI ARIZASI,08/04/2023 14:33:42,08/04/2023 19:00:00,GÖZTEPE MAHALLESİ GÖKSU EVLERİ ALT ÇAMLIK CADDESİ,GÖZTEPE MAH
1482,BEYKOZ,100 MM ÇAPLI ŞEBEKE HATTI ARIZASI,25/09/2023 11:00:46,25/09/2023 15:00:00,GÖZTEPE MAHALLESİ ÇAMLIK CADDESİ,GÖZTEPE MAH
1483,BEYKOZ,150 MM ÇAPLI ŞEBEKE HATTI ARIZASI,27/03/2023 09:37:25,27/03/2023 13:00:00,GÜMÜŞSUYU  MAH KARLITEPE SOKAK NO:30 ÖNÜ,GÜMÜŞSUYU MAH
1484,BEYKOZ,100 MM ÇAPLI ŞEBEKE HATTI ARIZASI,16/08/2023 16:29:58,16/08/2023 18:00:00,GÜMÜŞSUYU  MAHALLESİ BATTALGAZİ SOKAK,GÜMÜŞSUYU MAH
1485,BEYKOZ,100 MM ÇAPLI ŞEBEKE HATTI ARIZASI,27/08/2023 12:07:04,27/08/2023 16:00:00,GÜMÜŞSUYU BATTALGAZİ SOK,GÜMÜŞSUYU MAH
1486,BEYKOZ,100 MM ÇAPLI ŞEBEKE HATTI ARIZASI,26/08/2023 17:50:45,26/08/2023 22:00:00,GÜMÜŞSUYU KIRAZLI YAYLA CADDE,GÜMÜŞSUYU MAH
1487,BEYKOZ,250 MM ÇAPLI ŞEBEKE HATTI ARIZASI,20/07/2023 11:18:19,20/07/2023 13:00:00,GÜMÜŞSUYU MAH.BALIKÇILAR SOK.NO:2,GÜMÜŞSUYU MAH
1488,BEYKOZ,100 MM ÇAPLI ŞEBEKE HATTI ARIZASI,08/02/2024 10:24:22,08/02/2024 14:00:00,GÜMÜŞSUYU MAHALLESI KELLE IBRAHIM CADDESI,"GÜMÜŞSUYU MAH,MERKEZ MAH"
1489,BEYKOZ,150 MM ÇAPLI ŞEBEKE HATTI ARIZASI,09/10/2023 16:14:32,09/10/2023 19:00:00,GÜMÜŞSUYU MAHALLESİ BATTAL GAZİ SOKAK,"GÜMÜŞSUYU MAH,GÜMÜŞSUYU MAH"
1490,BEYKOZ,100 MM ÇAPLI ŞEBEKE HATTI ARIZASI,01/08/2023 15:25:59,01/08/2023 18:30:00,GÜMÜŞSUYU MAHALLESİ SÜMBÜL SOKAK,GÜMÜŞSUYU MAH
1491,BEYKOZ,100 MM ÇAPLI ŞEBEKE HATTI ARIZASI,28/07/2023 16:46:09,28/07/2023 19:00:00,GÜMÜŞSUYU RAHLE SOKAK,GÜMÜŞSUYU MAH
1492,BEYKOZ,100 MM ÇAPLI ŞEBEKE HATTI ARIZASI,15/08/2023 09:12:46,15/08/2023 17:00:00,GÜMÜŞSUYU SÜMBÜL SOKAK,GÜMÜŞSUYU MAH
1493,BEYKOZ,100 MM ÇAPLI ŞEBEKE HATTI ARIZASI,14/08/2023 10:27:35,14/08/2023 15:30:00,GÜMÜŞSUYU ŞEHİT BÜLENT KOCABIYIK CADDESİ,"GÜMÜŞSUYU MAH,GÜMÜŞSUYU MAH"
1494,BEYKOZ,100 MM ÇAPLI ŞEBEKE HATTI ARIZASI,02/08/2023 23:24:14,03/08/2023 14:00:00,HAZRETİ YUŞA CD EMLAK KONUT ŞANTİYESİ,TOKATKÖY MAH
1495,BEYKOZ,ENERJİ KESİNTİSİ,04/04/2023 10:11:24,04/04/2023 12:00:00,HÜNKARTEPE TERFİ,"ORTAÇEŞME MAH,YALIKÖY MAH"
1496,BEYKOZ,100 MM ÇAPLI ŞEBEKE HATTI ARIZASI,14/06/2023 13:50:27,14/06/2023 18:00:00,KANLICA HALİDE EDİP ADI VAR,KANLICA MAH
1497,BEYKOZ,100 MM ÇAPLI ŞEBEKE HATTI ARIZASI,04/09/2023 21:24:37,04/09/2023 23:30:00,KANLICA MİHRABAT CADDESİ,KANLICA MAH
1498,BEYKOZ,150 MM ÇAPLI ŞEBEKE HATTI ARIZASI,17/11/2023 14:55:30,17/11/2023 18:00:00,KANLICA MİHRABAT CADDESİ,"KANLICA MAH,KANLICA MAH"
1499,BEYKOZ,150 MM ÇAPLI ŞEBEKE HATTI ARIZASI,18/09/2023 16:19:48,18/09/2023 19:00:00,KAVACIK MAHALLESİ OTAĞTEPE CADESİ,"KAVACIK MAH,KAVACIK MAH"
1500,BEYKOZ,100 MM ÇAPLI ŞEBEKE HATTI ARIZASI,04/04/2023 14:17:49,04/04/2023 16:00:00,KAVACIK SERPİL SOKAK,"KAVACIK MAH,KAVACIK MAH"
1501,BEYKOZ,100 MM ÇAPLI ŞEBEKE HATTI ARIZASI,03/04/2023 09:35:23,03/04/2023 12:00:00,KAVACIK TAMAN,KAVACIK MAH
1502,BEYKOZ,ENERJİ KESİNTİSİ,12/09/2023 19:09:04,12/09/2023 21:00:00,KAVACIK TERFİ,"ACARLAR MAH,BEYKOZ-STANDARTDIŞI ADRES,ELMALI MAH,GÖRELE MAH,GÜMÜŞSUYU MAH,KAVACIK MAH,MAHMUTŞEVKETPAŞA MAH,POLONEZKÖY MAH,RÜZGARLIBAHÇE MAH,SOĞUKSU MAH,ZERZEVATÇI MAH,ÖRNEKKÖY MAH,İNCİRKÖY MAH"
1503,BEYKOZ,150 MM ÇAPLI ŞEBEKE HATTI ARIZASI,08/10/2023 18:59:29,09/10/2023 01:00:00,KAYNARCA HOCA OĞLU SOKAK,DERESEKİ MAH
1504,BEYKOZ,100 MM ÇAPLI ŞEBEKE HATTI ARIZASI,09/10/2023 07:54:30,09/10/2023 21:00:00,KAYNARCA HOCA OĞLU SOKAK,"ANADOLUFENERİ MAH,DERESEKİ MAH,POYRAZKÖY MAH"
1505,BEYKOZ,100 MM ÇAPLI ŞEBEKE HATTI ARIZASI,19/05/2023 13:49:46,19/05/2023 18:00:00,KAYNARCA MAHALLESI YÜZYIL CADDESI 64 ÖNÜ,"ANADOLUFENERİ MAH,KAYNARCA MAH"
1506,BEYKOZ,150 MM ÇAPLI ŞEBEKE HATTI ARIZASI,29/09/2023 11:10:59,29/09/2023 16:00:00,KAYNARCA MAHALLESİ EVLAT SOKAK,KAYNARCA MAH
1507,BEYKOZ,100 MM ÇAPLI ŞEBEKE HATTI ARIZASI,06/02/2024 11:15:08,06/02/2024 17:00:00,KAYNARCA MAHALLESİ YÜZYIL CADDESİ,KAYNARCA MAH
1508,BEYKOZ,150 MM ÇAPLI ŞEBEKE HATTI ARIZASI,07/02/2024 11:29:54,07/02/2024 14:00:00,KAYNARCA MAHALLESİ YÜZYIL CADDESİ,"ANADOLUFENERİ MAH,KAYNARCA MAH"
1509,BEYKOZ,200 MM ÇAPLI ŞEBEKE HATTI ARIZASI,28/09/2023 23:05:49,29/09/2023 13:00:00,KAYNARCA MAHLESİ,KAYNARCA MAH
1510,BEYKOZ,100 MM ÇAPLI ŞEBEKE HATTI ARIZASI,28/09/2023 14:25:42,28/09/2023 16:30:00,KILIÇLI MAHALLESİ AŞAĞI MAHALLE CADDESİ,KILIÇLI MAH
1511,BEYKOZ,100 MM ÇAPLI ŞEBEKE HATTI ARIZASI,19/10/2023 11:24:31,19/10/2023 15:00:00,KILIÇLI MAHALLESİ AŞAĞI MAHALLE CADDESİ,KILIÇLI MAH
1512,BEYKOZ,150 MM ÇAPLI ŞEBEKE HATTI ARIZASI,07/11/2023 12:13:26,07/11/2023 16:00:00,KILIÇLI MAHALLESİ AŞAĞI MAHALLE CADDESİ,KILIÇLI MAH
1513,BEYKOZ,100 MM ÇAPLI ŞEBEKE HATTI ARIZASI,16/11/2023 13:41:28,16/11/2023 16:30:00,KILIÇLI MAHALLESİ AŞAĞI MAHALLE CADDESİ,"KILIÇLI MAH,KILIÇLI MAH"
1514,BEYKOZ,100 MM ÇAPLI ŞEBEKE HATTI ARIZASI,05/11/2023 10:29:34,05/11/2023 13:00:00,KILIÇLI MAHLESİ AŞŞAĞI MAHLE CAD.,KILIÇLI MAH
1515,BEYKOZ,100 MM ÇAPLI ŞEBEKE HATTI ARIZASI,14/06/2023 10:21:31,14/06/2023 12:53:00,KURUM SOKAK,"RİVA MAH,RİVA MAH"
1516,BEYKOZ,100 MM ÇAPLI ŞEBEKE HATTI ARIZASI,23/03/2023 14:23:18,23/03/2023 17:00:00,MAHMUT ŞEFKET CAD.,MAHMUTŞEVKETPAŞA MAH
1517,BEYKOZ,200 MM ÇAPLI ŞEBEKE HATTI ARIZASI,11/09/2023 09:56:08,11/09/2023 16:00:00,MAHMUT ŞEFKET PAŞA MAHLESİ MAHMUT ŞEFKET CADSİ,ALİBAHADIR MAH
1518,BEYKOZ,150 MM ÇAPLI ŞEBEKE HATTI ARIZASI,06/09/2023 13:46:26,06/09/2023 20:00:00,MAHMUT ŞEVKET PAŞA CADDESİ,ALİBAHADIR MAH
1519,BEYKOZ,150 MM ÇAPLI ŞEBEKE HATTI ARIZASI,08/09/2023 10:24:26,08/09/2023 20:00:00,MAHMUT ŞEVKET PAŞA MAHALLESİ AZİZ SANCAR CADDESİ,"ALİBAHADIR MAH,ALİBAHADIR MAH,MAHMUTŞEVKETPAŞA MAH"
1520,BEYKOZ,100 MM ÇAPLI ŞEBEKE HATTI ARIZASI,29/09/2023 15:39:29,29/09/2023 18:00:00,MAHMUT ŞEVKET PAŞA MAHALLESİ PROF.DR.AZİZ SANCAR CADDESİ,MAHMUTŞEVKETPAŞA MAH
1521,BEYKOZ,200 MM ÇAPLI ŞEBEKE HATTI ARIZASI,25/11/2023 11:38:03,25/11/2023 15:00:00,MAHMUTŞEVKET PAŞA PROFS.AZİZ SANCAR  CAD,ALİBAHADIR MAH
1522,BEYKOZ,150 MM ÇAPLI ŞEBEKE HATTI ARIZASI,25/11/2023 16:41:07,25/11/2023 16:41:07,MAHMUTŞEVKET PAŞA RİVA CAD,ALİBAHADIR MAH
1523,BEYKOZ,150 MM ÇAPLI ŞEBEKE HATTI ARIZASI,25/11/2023 16:42:30,25/11/2023 20:00:00,MAHMUTŞEVKETPAŞA RİVA CAD,ALİBAHADIR MAH
1524,BEYKOZ,100 MM ÇAPLI ŞEBEKE HATTI ARIZASI,24/05/2023 11:29:00,24/05/2023 18:00:00,MEFTUN CADDESİ,RİVA MAH
1525,BEYKOZ,ŞEBEKE HATTI VANA MONTAJI/DEĞİŞİMİ,04/10/2023 22:18:53,05/10/2023 01:00:00,MERKEZ MAH,"MERKEZ MAH,YALIKÖY MAH"
1526,BEYKOZ,100 MM ÇAPLI ŞEBEKE HATTI ARIZASI,22/07/2023 14:35:47,18/07/2023 18:00:00,MERKEZ MAH FECDİ AKYÜZ SOK.,MERKEZ MAH
1527,BEYKOZ,150 MM ÇAPLI ŞEBEKE HATTI ARIZASI,03/09/2023 14:19:36,03/09/2023 19:00:00,MERKEZ MAHALLESİ,MERKEZ MAH
1528,BEYKOZ,100 MM ÇAPLI ŞEBEKE HATTI ARIZASI,01/03/2023 11:46:52,01/03/2023 18:00:00,MERKEZ MAHALLESİ  KARAHAN ÇIKMAZI,MERKEZ MAH
1529,BEYKOZ,100 MM ÇAPLI ŞEBEKE HATTI ARIZASI,02/03/2023 09:25:13,02/03/2023 14:00:00,MERKEZ MAHALLESİ  KARAHAN ÇIKMAZI,MERKEZ MAH
1530,BEYKOZ,150 MM ÇAPLI ŞEBEKE HATTI ARIZASI,21/09/2023 09:17:57,21/09/2023 14:00:00,MERKEZ MAHALLESİ AHMET MİTAT CADDESİ,MERKEZ MAH
1531,BEYKOZ,150 MM ÇAPLI ŞEBEKE HATTI ARIZASI,22/09/2023 09:09:28,22/09/2023 21:00:00,MERKEZ MAHALLESİ AHMET MİTAT CADDESİ,"MERKEZ MAH,YALIKÖY MAH"
1532,BEYKOZ,100 MM ÇAPLI ŞEBEKE HATTI ARIZASI,01/06/2023 12:48:19,01/06/2023 15:00:00,MERKEZ MAHALLESİ ECDAT ÇIKMAZI,MERKEZ MAH
1533,BEYKOZ,150 MM ÇAPLI ŞEBEKE HATTI ARIZASI,08/09/2023 16:46:53,09/09/2023 04:00:00,MERKEZ MAHALLESİ FEVZİ PAŞA CADDESİ,YALIKÖY MAH
1534,BEYKOZ,150 MM ÇAPLI ŞEBEKE HATTI ARIZASI,15/01/2024 15:43:17,15/01/2024 19:00:00,MERKEZ MAHALLESİ FEVZİ PAŞA CADDESİ,GÜMÜŞSUYU MAH
1535,BEYKOZ,150 MM ÇAPLI ŞEBEKE HATTI ARIZASI,18/01/2024 09:35:27,18/01/2024 17:00:00,MERKEZ MAHALLESİ FEVZİ PAŞA CADDESİ,"GÜMÜŞSUYU MAH,MERKEZ MAH"
1536,BEYKOZ,100 MM ÇAPLI ŞEBEKE HATTI ARIZASI,11/01/2024 09:57:46,11/01/2024 14:00:00,MERKEZ MAHALLESİ MEHMET YAVUZ CADDESİ,MERKEZ MAH
1537,BEYKOZ,150 MM ÇAPLI ŞEBEKE HATTI ARIZASI,02/01/2024 09:25:43,02/01/2024 13:00:00,MERKEZ MAHALLESİ ŞAHİNKAYA CADDESİ,MERKEZ MAH
1538,BEYKOZ,150 MM ÇAPLI ŞEBEKE HATTI ARIZASI,17/01/2024 14:31:40,17/01/2024 18:00:00,MERKEZ MAHLESİ FEVZİPAŞA CADDESİ,"GÜMÜŞSUYU MAH,MERKEZ MAH"
1539,BEYKOZ,100 MM ÇAPLI ŞEBEKE HATTI ARIZASI,21/06/2023 15:18:23,21/06/2023 18:30:00,MİNE SOKAK,"GÖKSU MAH,YENİ MAHALLE,YENİ MAHALLE"
1540,BEYKOZ,150 MM ÇAPLI ŞEBEKE HATTI ARIZASI,05/01/2024 10:01:38,05/01/2024 14:49:00,NAZIMTUR CADDESİ,ÇUBUKLU MAH
1541,BEYKOZ,100 MM ÇAPLI ŞEBEKE HATTI ARIZASI,11/06/2023 15:46:26,11/06/2023 19:00:00,ORTA ÇEŞME MAH.GÜRENSEL SOKAK,ORTAÇEŞME MAH
1542,BEYKOZ,100 MM ÇAPLI ŞEBEKE HATTI ARIZASI,22/08/2023 14:56:34,22/08/2023 19:00:00,ORTAÇEŞME KOSAVA SOKAK,ORTAÇEŞME MAH
1543,BEYKOZ,150 MM ÇAPLI ŞEBEKE HATTI ARIZASI,27/09/2023 16:38:58,27/09/2023 20:00:00,ORTAÇEŞME MAHALLESİ  KOSAVA SOKAK,ORTAÇEŞME MAH
1544,BEYKOZ,150 MM ÇAPLI ŞEBEKE HATTI ARIZASI,26/10/2023 14:41:42,26/10/2023 19:00:00,ORTAÇEŞME MAHALLESİ MERMER SOKAK,"ORTAÇEŞME MAH,YALIKÖY MAH"
1545,BEYKOZ,100 MM ÇAPLI ŞEBEKE HATTI ARIZASI,19/12/2023 10:06:47,19/12/2023 14:00:00,PAŞABAHÇE BARBAROS CADDESİ,PAŞABAHÇE MAH
1546,BEYKOZ,150 MM ÇAPLI ŞEBEKE HATTI ARIZASI,24/01/2024 11:11:12,24/01/2024 13:00:00,PAŞABAHÇE MAHALLESİ SAİP MOLLA CADDESİ,PAŞABAHÇE MAH
1547,BEYKOZ,150 MM ÇAPLI ŞEBEKE HATTI ARIZASI,21/12/2023 10:58:49,21/12/2023 15:00:00,PAŞABAHÇE MAHALLESİ SAİPMOLLA CADDESİ,"PAŞABAHÇE MAH,PAŞABAHÇE MAH,PAŞABAHÇE MAH"
1548,BEYKOZ,150 MM ÇAPLI ŞEBEKE HATTI ARIZASI,28/09/2023 12:32:36,28/09/2023 16:00:00,PAŞABAHÇE MAHALLESİ ŞEHİTLİK CADDESİ,PAŞABAHÇE MAH
1549,BEYKOZ,100 MM ÇAPLI ŞEBEKE HATTI ARIZASI,08/08/2023 14:55:16,08/08/2023 17:00:00,PAŞABAHÇE SAHİP MOLA CADDESİ,PAŞABAHÇE MAH
1550,BEYKOZ,150 MM ÇAPLI ŞEBEKE HATTI ARIZASI,01/11/2023 11:49:38,01/11/2023 15:00:00,PAŞABAHÇE ŞEHİTLİK CADDESİ,PAŞABAHÇE MAH
1551,BEYKOZ,100 MM ÇAPLI ŞEBEKE HATTI ARIZASI,16/10/2023 14:01:54,16/10/2023 16:45:00,PAŞAMADIRA PAŞAMANDIRA CAD.,PAŞAMANDIRA MAH
1552,BEYKOZ,100 MM ÇAPLI ŞEBEKE HATTI ARIZASI,03/07/2023 14:39:29,03/07/2023 17:00:00,PAŞAMANDIRA FANUS SOKAK,PAŞAMANDIRA MAH
1553,BEYKOZ,500 MM ÇAPLI ANA İSALE HATTI ARIZASI,17/10/2023 10:14:50,17/10/2023 17:00:00,PAŞAMANDIRA KÖYÜ,"ALİBAHADIR MAH,PAŞAMANDIRA MAH,RİVA MAH,ÖĞÜMCE MAH"
1554,BEYKOZ,300 MM ÇAPLI ŞEBEKE HATTI ARIZASI,30/06/2023 09:10:09,30/06/2023 14:00:00,POYRAZ KARAAGAÇ YOLU,"ANADOLUFENERİ MAH,KAYNARCA MAH,POYRAZKÖY MAH"
1555,BEYKOZ,100 MM ÇAPLI ŞEBEKE HATTI ARIZASI,04/07/2023 13:14:24,04/07/2023 19:00:00,POYRAZKÖY MAHALLESİ PLAJ CADDESİ,"POYRAZKÖY MAH,POYRAZKÖY MAH"
1556,BEYKOZ,300 MM ÇAPLI ŞEBEKE HATTI ARIZASI,25/11/2023 23:33:58,26/11/2023 10:00:00,RIVA MAH MEFTUN CD,RİVA MAH
1557,BEYKOZ,100 MM ÇAPLI ŞEBEKE HATTI ARIZASI,25/07/2023 18:48:04,25/07/2023 21:00:00,RIVA MAH MEHMETCIK CD,RİVA MAH
1558,BEYKOZ,150 MM ÇAPLI ŞEBEKE HATTI ARIZASI,08/06/2023 00:57:53,08/06/2023 09:30:00,RIVA MAH. MEFTUN SK NO:9,RİVA MAH
1559,BEYKOZ,100 MM ÇAPLI ŞEBEKE HATTI ARIZASI,31/05/2023 17:06:42,31/05/2023 20:00:00,RIVA MH.YEŞILCE SK.IÇI,RİVA MAH
1560,BEYKOZ,100 MM ÇAPLI ŞEBEKE HATTI ARIZASI,15/03/2023 10:33:55,15/03/2023 14:00:00,RUZGARLI BAHCE ŞHT.METİN KAYA,RÜZGARLIBAHÇE MAH
1561,BEYKOZ,100 MM ÇAPLI ŞEBEKE HATTI ARIZASI,28/03/2023 12:51:44,28/03/2023 14:30:00,RUZGARLI BAHCE ŞHT.METİN KAYA,RÜZGARLIBAHÇE MAH
1562,BEYKOZ,300 MM ÇAPLI ŞEBEKE HATTI ARIZASI,12/12/2023 08:56:30,12/12/2023 16:00:00,RÜZGARLIBAHÇE MAHALLESİ TERFİ MERKEZ,"KAVACIK MAH,RÜZGARLIBAHÇE MAH,ÇUBUKLU MAH"
1563,BEYKOZ,100 MM ÇAPLI ŞEBEKE HATTI ARIZASI,02/08/2023 16:16:16,02/08/2023 19:00:00,RÜZGARLIBAHÇE MAHALLESİ ŞEHİT MUSTAFA GÖZÜ TOK SOKAK,"RÜZGARLIBAHÇE MAH,RÜZGARLIBAHÇE MAH"
1564,BEYKOZ,200 MM ÇAPLI ŞEBEKE HATTI ARIZASI,21/08/2023 09:52:36,21/08/2023 16:00:00,RİVA CEMİL ÇAKIR CADDESİ,RİVA MAH
1565,BEYKOZ,100 MM ÇAPLI ŞEBEKE HATTI ARIZASI,19/12/2023 10:03:39,19/12/2023 12:00:00,RİVA CEMİL ÇAKIR CADDESİ,RİVA MAH
1566,BEYKOZ,150 MM ÇAPLI ŞEBEKE HATTI ARIZASI,28/10/2023 10:16:33,28/10/2023 17:00:00,RİVA KAYSERİ CADDESİ,RİVA MAH
1567,BEYKOZ,150 MM ÇAPLI ŞEBEKE HATTI ARIZASI,03/11/2023 14:12:13,03/11/2023 19:00:00,RİVA KAYSERİ CADDESİ,"RİVA MAH,RİVA MAH"
1568,BEYKOZ,100 MM ÇAPLI ŞEBEKE HATTI ARIZASI,22/11/2023 11:58:12,22/11/2023 16:00:00,RİVA KAYSERİ CADDESİ,RİVA MAH
1569,BEYKOZ,100 MM ÇAPLI ŞEBEKE HATTI ARIZASI,15/06/2023 11:15:53,15/06/2023 15:00:00,RİVA MAH.ORTANCA SOKAK,"RİVA MAH,RİVA MAH"
1570,BEYKOZ,100 MM ÇAPLI ŞEBEKE HATTI ARIZASI,10/07/2023 10:55:25,10/07/2023 15:00:00,RİVA MAH.SIGIRCIK SOKAK,RİVA MAH
1571,BEYKOZ,BASINÇ DÜŞÜKLÜĞÜ,03/02/2024 09:00:29,03/02/2024 23:00:00,RİVA MAHALLESİ,RİVA MAH
1572,BEYKOZ,100 MM ÇAPLI ŞEBEKE HATTI ARIZASI,30/05/2023 12:15:07,30/05/2023 15:00:00,RİVA MAHALLESİ ACI YONCA SOKAK,RİVA MAH
1573,BEYKOZ,BASINÇ DÜŞÜKLÜĞÜ,14/07/2023 11:51:13,14/07/2023 20:00:00,RİVA MAHALLESİ ALİ SAMİYEN CADDESİ,RİVA MAH
1574,BEYKOZ,100 MM ÇAPLI ŞEBEKE HATTI ARIZASI,19/09/2023 15:14:34,19/09/2023 19:00:00,RİVA MAHALLESİ ELMAS TABYA CADDESİ,RİVA MAH
1575,BEYKOZ,150 MM ÇAPLI ŞEBEKE HATTI ARIZASI,02/02/2024 10:09:37,03/02/2024 01:00:00,RİVA MAHALLESİ FANİ ÇIKMAZI,RİVA MAH
1576,BEYKOZ,100 MM ÇAPLI ŞEBEKE HATTI ARIZASI,01/08/2023 10:45:59,01/08/2023 15:00:00,RİVA MAHALLESİ KAYSERİ CADDESİ,RİVA MAH
1577,BEYKOZ,100 MM ÇAPLI ŞEBEKE HATTI ARIZASI,11/01/2024 13:58:03,11/01/2024 17:00:00,RİVA MAHALLESİ KAYSERİ CADDESİ,RİVA MAH
1578,BEYKOZ,100 MM ÇAPLI ŞEBEKE HATTI ARIZASI,08/06/2023 09:51:21,08/06/2023 13:00:00,RİVA MAHALLESİ KURUM SOKAK,RİVA MAH
1579,BEYKOZ,250 MM ÇAPLI ŞEBEKE HATTI ARIZASI,25/07/2023 11:21:43,25/07/2023 17:00:00,"RİVA MAHALLESİ KÖY MERKEZİNİ BESLEYEN DEPO,KARADENİZ CADDESİ ÜZERİ",RİVA MAH
1580,BEYKOZ,100 MM ÇAPLI ŞEBEKE HATTI ARIZASI,02/06/2023 12:08:04,02/06/2023 16:00:00,RİVA MAHALLESİ MEFTUN CADDESİ,"RİVA MAH,RİVA MAH"
1581,BEYKOZ,100 MM ÇAPLI ŞEBEKE HATTI ARIZASI,13/07/2023 11:19:56,13/07/2023 18:00:00,RİVA MAHALLESİ MEFTUN CADDESİ,RİVA MAH
1582,BEYKOZ,150 MM ÇAPLI ŞEBEKE HATTI ARIZASI,18/08/2023 09:56:00,18/08/2023 17:00:00,RİVA MAHALLESİ MEHMET ALİ ŞENER,RİVA MAH
1583,BEYKOZ,200 MM ÇAPLI ŞEBEKE HATTI ARIZASI,20/10/2023 08:20:48,20/10/2023 13:00:00,RİVA MAHALLESİ MEHMET ALİ ŞENER CADDESİ,"RİVA MAH,RİVA MAH,RİVA MAH,RİVA MAH"
1584,BEYKOZ,100 MM ÇAPLI ŞEBEKE HATTI ARIZASI,11/07/2023 11:05:58,11/07/2023 17:00:00,RİVA MAHALLESİ MİNARE SOKAK,RİVA MAH
1585,BEYKOZ,ŞEBEKE HATTI BRANŞMAN BAĞLANTISI,12/07/2023 11:34:47,12/07/2023 16:00:00,RİVA MAHALLESİ ÇARK SOKAK,RİVA MAH
1586,BEYKOZ,150 MM ÇAPLI ŞEBEKE HATTI ARIZASI,20/11/2023 14:29:15,20/11/2023 19:00:00,RİVA MAHALLESİ ŞEHİR CEMİL ÇAKIR CADDESİ,"RİVA MAH,RİVA MAH"
1587,BEYKOZ,200 MM ÇAPLI ŞEBEKE HATTI ARIZASI,27/07/2023 15:12:48,27/07/2023 18:00:00,RİVA MAHALLESİ ŞEHİT CEMİL ÇAKIR CADDESİ,RİVA MAH
1588,BEYKOZ,150 MM ÇAPLI ŞEBEKE HATTI ARIZASI,16/08/2023 14:29:35,16/08/2023 19:00:00,RİVA MAHLELESİ CEMİL ÇAKIR CADDESİ,RİVA MAH
1589,BEYKOZ,100 MM ÇAPLI ŞEBEKE HATTI ARIZASI,12/10/2023 20:00:17,13/10/2023 01:00:00,RİVA MAHLESİ MEFTUN CADDESİ,RİVA MAH
1590,BEYKOZ,100 MM ÇAPLI ŞEBEKE HATTI ARIZASI,13/10/2023 12:41:31,13/10/2023 21:00:00,RİVA MEFTUN CADDESİ,RİVA MAH
1591,BEYKOZ,100 MM ÇAPLI ŞEBEKE HATTI ARIZASI,21/11/2023 17:17:26,21/11/2023 20:00:00,RİVA MEFTUN CADDESİ,RİVA MAH
1592,BEYKOZ,300 MM ÇAPLI ŞEBEKE HATTI ARIZASI,01/02/2024 13:23:30,02/02/2024 08:00:00,RİVA YARGI SOKAK,RİVA MAH
1593,BEYKOZ,700 MM  ÇAPLI ANA İSALE HATTI ARIZASI,19/08/2023 15:13:30,19/08/2023 23:59:00,SAİTMOLLA CADDESİ BEYKOZ,"GÜMÜŞSUYU MAH,ORTAÇEŞME MAH,PAŞABAHÇE MAH,ÇUBUKLU MAH,ÇİĞDEM MAH,İNCİRKÖY MAH"
1594,BEYKOZ,100 MM ÇAPLI ŞEBEKE HATTI ARIZASI,26/04/2023 15:49:45,26/04/2023 19:00:00,SIĞIRCIK SOKAK,"RİVA MAH,RİVA MAH"
1595,BEYKOZ,100 MM ÇAPLI ŞEBEKE HATTI ARIZASI,07/02/2024 13:40:38,07/02/2024 17:00:00,SOĞUKSU MAHALLESİ YÖNETMEN SOKAK,SOĞUKSU MAH
1596,BEYKOZ,150 MM ÇAPLI ŞEBEKE HATTI ARIZASI,06/02/2024 09:01:16,06/02/2024 17:00:00,SOĞUKSU MEHMET AKİF ERSOY CADDESİ,"SOĞUKSU MAH,ÇİĞDEM MAH,İNCİRKÖY MAH"
1597,BEYKOZ,100 MM ÇAPLI ŞEBEKE HATTI ARIZASI,22/10/2023 18:42:37,23/10/2023 02:00:00,SULTAN AZIZ CD EMLAK KONUT,TOKATKÖY MAH
1598,BEYKOZ,150 MM ÇAPLI ŞEBEKE HATTI ARIZASI,07/09/2023 11:59:51,07/09/2023 15:00:00,TOKAT KÖY SULTAN AZİZ CADDE,TOKATKÖY MAH
1599,BEYKOZ,150 MM ÇAPLI ŞEBEKE HATTI ARIZASI,19/08/2023 14:22:51,19/08/2023 16:30:00,TOKATKOY AKBABA CADDESİ,TOKATKÖY MAH
1600,BEYKOZ,100 MM ÇAPLI ŞEBEKE HATTI ARIZASI,04/08/2023 17:39:10,04/08/2023 21:00:00,TOKATKOY BURHAN SOKAK,TOKATKÖY MAH
1601,BEYKOZ,150 MM ÇAPLI ŞEBEKE HATTI ARIZASI,12/02/2024 10:35:17,12/02/2024 14:00:00,TOKATKOY BURHAN SOKAK,TOKATKÖY MAH
1602,BEYKOZ,100 MM ÇAPLI ŞEBEKE HATTI ARIZASI,22/05/2023 11:48:54,22/05/2023 15:00:00,TOKATKOY PINARLI SOKAK,TOKATKÖY MAH
1603,BEYKOZ,100 MM ÇAPLI ŞEBEKE HATTI ARIZASI,11/01/2024 16:59:10,11/01/2024 22:00:00,TOKATKOY RABİA SOKAK,TOKATKÖY MAH
1604,BEYKOZ,200 MM ÇAPLI ŞEBEKE HATTI ARIZASI,05/11/2023 16:53:38,05/11/2023 21:00:00,TOKATKOY SULTAN AZİZ CADDE,"TOKATKÖY MAH,TOKATKÖY MAH"
1605,BEYKOZ,100 MM ÇAPLI ŞEBEKE HATTI ARIZASI,10/01/2024 08:43:48,10/01/2024 16:30:00,TOKATKOY YUŞA CADDESİ,TOKATKÖY MAH
1606,BEYKOZ,100 MM ÇAPLI ŞEBEKE HATTI ARIZASI,24/06/2023 14:29:00,24/06/2023 18:00:00,TOKATKÖY ERDEMLİ ÇIKMAZI,TOKATKÖY MAH
1607,BEYKOZ,150 MM ÇAPLI ŞEBEKE HATTI ARIZASI,06/12/2023 09:27:15,06/12/2023 13:00:00,TOKATKÖY HZ.YUŞA CADDESİ,"TOKATKÖY MAH,TOKATKÖY MAH,TOKATKÖY MAH"
1608,BEYKOZ,100 MM ÇAPLI ŞEBEKE HATTI ARIZASI,13/06/2023 15:18:13,13/06/2023 18:30:00,TOKATKÖY MAH.AKBABA CAD,"AKBABA MAH,DERESEKİ MAH"
1609,BEYKOZ,100 MM ÇAPLI ŞEBEKE HATTI ARIZASI,13/06/2023 14:30:53,13/06/2023 18:00:00,TOKATKÖY MAH.HAZAN SOKAK,TOKATKÖY MAH
1610,BEYKOZ,100 MM ÇAPLI ŞEBEKE HATTI ARIZASI,11/07/2023 09:21:15,11/07/2023 12:30:00,TOKATKÖY MAHALLESİ ALLI PULLU SOKAK,TOKATKÖY MAH
1611,BEYKOZ,100 MM ÇAPLI ŞEBEKE HATTI ARIZASI,21/08/2023 12:00:04,21/08/2023 16:00:00,TOKATKÖY MAHALLESİ ALLI PULLU SOKAK,"TOKATKÖY MAH,TOKATKÖY MAH"
1612,BEYKOZ,250 MM ÇAPLI ŞEBEKE HATTI ARIZASI,28/09/2023 12:10:09,28/09/2023 16:00:00,TOKATKÖY MAHALLESİ HÜNKAR TEPE CADDESİ,"TOKATKÖY MAH,TOKATKÖY MAH,TOKATKÖY MAH"
1613,BEYKOZ,150 MM ÇAPLI ŞEBEKE HATTI ARIZASI,04/10/2023 15:18:51,04/10/2023 17:00:00,TOKATKÖY MAHALLESİ PINAR SOKAK,"TOKATKÖY MAH,TOKATKÖY MAH,TOKATKÖY MAH"
1614,BEYKOZ,100 MM ÇAPLI ŞEBEKE HATTI ARIZASI,05/08/2023 10:29:03,05/08/2023 15:00:00,TOKATKÖY MAHALLESİ YUŞA CADDESİ,TOKATKÖY MAH
1615,BEYKOZ,100 MM ÇAPLI ŞEBEKE HATTI ARIZASI,21/07/2023 13:09:43,21/07/2023 13:09:43,TOKATKÖY PINARLI SOKAK,TOKATKÖY MAH
1616,BEYKOZ,150 MM ÇAPLI ŞEBEKE HATTI ARIZASI,23/10/2023 10:37:35,24/10/2023 01:00:00,TOKATKÖY SULTANAZİZ CAD.,"TOKATKÖY MAH,TOKATKÖY MAH"
1617,BEYKOZ,100 MM ÇAPLI ŞEBEKE HATTI ARIZASI,19/06/2023 11:33:15,19/06/2023 15:00:00,TOKATKÖY TERFİİ MERKEZİ,"TOKATKÖY MAH,TOKATKÖY MAH,TOKATKÖY MAH"
1618,BEYKOZ,150 MM ÇAPLI ŞEBEKE HATTI ARIZASI,06/12/2023 12:56:13,06/12/2023 15:00:00,TOKATKÖY YUŞA CADDESİ,TOKATKÖY MAH
1619,BEYKOZ,200 MM ÇAPLI ŞEBEKE HATTI ARIZASI,15/06/2023 13:56:47,15/06/2023 16:00:00,TOKATKÖY ÇİFTLİK CADDESİ,TOKATKÖY MAH
1620,BEYKOZ,150 MM ÇAPLI ŞEBEKE HATTI ARIZASI,23/06/2023 12:16:28,23/06/2023 13:30:00,TUTAK SOKAK,"KAVACIK MAH,KAVACIK MAH,KAVACIK MAH"
1621,BEYKOZ,150 MM ÇAPLI ŞEBEKE HATTI ARIZASI,12/10/2023 22:20:34,13/10/2023 02:00:00,YALI KÖY BAHARATCI SK,"MERKEZ MAH,YALIKÖY MAH"
1622,BEYKOZ,150 MM ÇAPLI ŞEBEKE HATTI ARIZASI,04/10/2023 10:52:09,04/10/2023 19:00:00,YALIKOY AHMET MİTAT CADDESİ,MERKEZ MAH
1623,BEYKOZ,150 MM ÇAPLI ŞEBEKE HATTI ARIZASI,29/09/2023 10:24:28,29/09/2023 15:00:00,YALIKOY AHMET MİTAT CADSİ,"MERKEZ MAH,YALIKÖY MAH"
1624,BEYKOZ,300 MM ÇAPLI ŞEBEKE HATTI ARIZASI,19/02/2023 15:35:49,19/02/2023 22:00:00,YALIKOY DOGĞU KAPISI CAD.,"AKBABA MAH,MERKEZ MAH,PAŞABAHÇE MAH,TOKATKÖY MAH,ÇAMLIBAHÇE MAH"
1625,BEYKOZ,100 MM ÇAPLI ŞEBEKE HATTI ARIZASI,30/01/2024 13:21:34,30/01/2024 16:30:00,YALIKOY SEYREKSELVİLER,YALIKÖY MAH
1626,BEYKOZ,150 MM ÇAPLI ŞEBEKE HATTI ARIZASI,04/10/2023 19:07:57,04/10/2023 22:00:00,YALIKÖY AHMET MITHAT CD,YALIKÖY MAH
1627,BEYKOZ,150 MM ÇAPLI ŞEBEKE HATTI ARIZASI,05/10/2023 10:02:01,05/10/2023 18:30:00,YALIKÖY AHMET MİTAT CADDESİ,MERKEZ MAH
1628,BEYKOZ,150 MM ÇAPLI ŞEBEKE HATTI ARIZASI,30/09/2023 09:41:15,30/09/2023 16:00:00,YALIKÖY AHMET MİTHAT CADDESİ,"MERKEZ MAH,MERKEZ MAH"
1629,BEYKOZ,150 MM ÇAPLI ŞEBEKE HATTI ARIZASI,26/09/2023 14:49:21,26/09/2023 18:00:00,YALIKÖY MAHALLESİ AHMET MİTHAT CADDESİ,"MERKEZ MAH,YALIKÖY MAH"
1630,BEYKOZ,150 MM ÇAPLI ŞEBEKE HATTI ARIZASI,28/09/2023 12:07:45,28/09/2023 16:00:00,YALIKÖY MAHALLESİ AHMET MİTHAT CADDESİ,MERKEZ MAH
1631,BEYKOZ,150 MM ÇAPLI ŞEBEKE HATTI ARIZASI,04/10/2023 12:19:13,04/10/2023 15:30:00,YALIKÖY İSAK AĞA SOKAK,"MERKEZ MAH,MERKEZ MAH"
1632,BEYKOZ,150 MM ÇAPLI ŞEBEKE HATTI ARIZASI,30/09/2023 14:25:28,30/09/2023 16:00:00,YALİKÖY AHMET MİTHAD CAD,"MERKEZ MAH,YALIKÖY MAH"
1633,BEYKOZ,100 MM ÇAPLI ŞEBEKE HATTI ARIZASI,22/02/2023 10:16:58,22/02/2023 14:00:00,YAVUZSELİM MAHALLESİ  YOSUN SOKAK,YAVUZ SELİM MAH.
1634,BEYKOZ,100 MM ÇAPLI ŞEBEKE HATTI ARIZASI,08/10/2023 15:35:43,08/10/2023 19:00:00,YENI MAH GÜNER SK,YENİ MAHALLE
1635,BEYKOZ,100 MM ÇAPLI ŞEBEKE HATTI ARIZASI,17/05/2023 12:21:24,17/05/2023 16:00:00,YENİ MAHALE TABİB SOKAK,YENİ MAHALLE
1636,BEYKOZ,100 MM ÇAPLI ŞEBEKE HATTI ARIZASI,16/04/2023 13:44:27,16/04/2023 15:00:00,YENİ MAHALLE  GÜLER SOKAK NO:2 ÖNÜ,YENİ MAHALLE
1637,BEYKOZ,100 MM ÇAPLI ŞEBEKE HATTI ARIZASI,02/08/2023 10:47:24,02/08/2023 14:00:00,YENİ MAHALLE BORA SOKAK,YENİ MAHALLE
1638,BEYKOZ,100 MM ÇAPLI ŞEBEKE HATTI ARIZASI,24/07/2023 12:15:57,24/07/2023 15:00:00,YENİ MAHALLE DOKTOR ÖMER BESİM PAŞA CADDESİ,"YENİ MAHALLE,YENİ MAHALLE"
1639,BEYKOZ,100 MM ÇAPLI ŞEBEKE HATTI ARIZASI,12/06/2023 10:02:50,12/06/2023 14:43:00,YENİ MAHALLE DR ÖMER BESİM PAŞA,"YENİ MAHALLE,YENİ MAHALLE"
1640,BEYKOZ,150 MM ÇAPLI ŞEBEKE HATTI ARIZASI,15/12/2023 09:57:09,15/12/2023 12:00:00,YENİ MAHALLE SAHRA SOKAK,"GÖKSU MAH,GÖKSU MAH"
1641,BEYKOZ,100 MM ÇAPLI ŞEBEKE HATTI ARIZASI,11/07/2023 11:02:29,11/07/2023 15:00:00,YENİ MAHALLE ÇİĞLİ SOKAK,"YENİ MAHALLE,YENİ MAHALLE"
1642,BEYKOZ,150 MM ÇAPLI ŞEBEKE HATTI ARIZASI,22/08/2023 12:08:15,22/08/2023 16:00:00,YENİ MAHALLE İSLAHAT SOKAK,"GÖKSU MAH,GÖKSU MAH,YENİ MAHALLE,YENİ MAHALLE,YENİ MAHALLE"
1643,BEYKOZ,100 MM ÇAPLI ŞEBEKE HATTI ARIZASI,30/11/2023 14:06:57,30/11/2023 18:00:00,YENİ MAHLE ASLAN ÇIKMAZI,"YENİ MAHALLE,YENİ MAHALLE,YENİ MAHALLE"
1644,BEYKOZ,100 MM ÇAPLI ŞEBEKE HATTI ARIZASI,16/11/2023 11:18:58,16/11/2023 15:00:00,YENİ MAHLE AYVALI SOKAK,"YENİ MAHALLE,YENİ MAHALLE"
1645,BEYKOZ,100 MM ÇAPLI ŞEBEKE HATTI ARIZASI,16/10/2023 14:34:24,16/10/2023 17:00:00,YENİMAHLE AYVALI SOKAK,YENİ MAHALLE
1646,BEYKOZ,100 MM ÇAPLI ŞEBEKE HATTI ARIZASI,28/04/2023 10:53:36,28/04/2023 13:00:00,YENİMAHLE CEVHER SOKAK,YENİ MAHALLE
1647,BEYKOZ,100 MM ÇAPLI ŞEBEKE HATTI ARIZASI,24/11/2023 16:26:53,24/11/2023 19:00:00,YENİMAHLE PAŞALI SOKAK,"YENİ MAHALLE,YENİ MAHALLE"
1648,BEYKOZ,300 MM ÇAPLI ŞEBEKE HATTI ARIZASI,05/12/2023 09:20:48,05/12/2023 16:30:00,ZERZAVAT MAHALLESİ,"ALİBAHADIR MAH,ELMALI MAH,MAHMUTŞEVKETPAŞA MAH,ZERZEVATÇI MAH,ÖRNEKKÖY MAH"
1649,BEYKOZ,ŞEBEKE HATTI VANA ARIZASI,15/07/2023 09:30:15,15/07/2023 13:00:00,ÇAMLIBAHÇE DOĞU KAPISI CADDESİ,"TOKATKÖY MAH,YALIKÖY MAH"
1650,BEYKOZ,150 MM ÇAPLI ŞEBEKE HATTI ARIZASI,06/01/2024 10:02:24,06/01/2024 14:00:00,ÇAMLIBAHÇE MAH AKADEMİ CAD. NO 1,"TOKATKÖY MAH,YALIKÖY MAH,ÇAMLIBAHÇE MAH,ÇAMLIBAHÇE MAH"
1651,BEYKOZ,250 MM ÇAPLI ŞEBEKE HATTI ARIZASI,14/06/2023 11:12:57,14/06/2023 18:00:00,ÇAMLIBAHÇE MAHALLESİ DOĞU KAPISI,"TOKATKÖY MAH,YALIKÖY MAH,ÇAMLIBAHÇE MAH,ÇAMLIBAHÇE MAH,ÇAMLIBAHÇE MAH"
1652,BEYKOZ,150 MM ÇAPLI ŞEBEKE HATTI ARIZASI,23/10/2023 13:52:50,24/10/2023 01:00:00,ÇAMLIBAHÇE MAHALLESİ DOĞU KAPISI,"YALIKÖY MAH,ÇAMLIBAHÇE MAH"
1653,BEYKOZ,150 MM ÇAPLI ŞEBEKE HATTI ARIZASI,11/10/2023 13:12:22,11/10/2023 16:00:00,ÇAMLIBAHÇE MAHALLESİ YENİ HAN SOKAK,ÇAMLIBAHÇE MAH
1654,BEYKOZ,150 MM ÇAPLI ŞEBEKE HATTI ARIZASI,05/02/2024 10:55:52,05/02/2024 15:00:00,ÇAMLIBAHÇE MAHLESİ GÖRDEŞLİ MAKBULE SOKAK,ÇAMLIBAHÇE MAH
1655,BEYKOZ,150 MM ÇAPLI ŞEBEKE HATTI ARIZASI,16/10/2023 10:06:32,16/10/2023 13:00:00,ÇENGELDERE MAH.ÇENGELDERE CAD.,"FATİH MAH.,ÇENGELDERE MAH."
1656,BEYKOZ,100 MM ÇAPLI ŞEBEKE HATTI ARIZASI,25/01/2024 15:33:45,25/01/2024 17:00:00,ÇENGELDERE MAHALLESİ DEĞİRMEN SOKAK,ÇENGELDERE MAH.
1657,BEYKOZ,100 MM ÇAPLI ŞEBEKE HATTI ARIZASI,07/07/2023 11:14:43,07/07/2023 14:00:00,ÇENGELDERE MAHALLESİ UFUK CADDESİ,"YAVUZ SELİM MAH.,ÇENGELDERE MAH."
1658,BEYKOZ,100 MM ÇAPLI ŞEBEKE HATTI ARIZASI,26/05/2023 18:06:18,26/05/2023 20:00:00,ÇIĞDEM MAH. KATIRCIYOLU CD,ÇİĞDEM MAH
1659,BEYKOZ,100 MM ÇAPLI ŞEBEKE HATTI ARIZASI,26/06/2023 10:44:22,26/06/2023 12:00:00,ÇUBUKLU GÜN .SOKAK,ÇUBUKLU MAH
1660,BEYKOZ,100 MM ÇAPLI ŞEBEKE HATTI ARIZASI,15/08/2023 11:41:35,15/08/2023 15:00:00,ÇUBUKLU HAVADAR SOKAK,RÜZGARLIBAHÇE MAH
1661,BEYKOZ,100 MM ÇAPLI ŞEBEKE HATTI ARIZASI,05/10/2023 13:15:36,05/10/2023 16:00:00,ÇUBUKLU MAHALLESİ ASTSUBAY ŞEHİT ÖMER HALİS DEMİR CADDESİ,ÇUBUKLU MAH
1662,BEYKOZ,100 MM ÇAPLI ŞEBEKE HATTI ARIZASI,05/09/2023 10:09:57,05/09/2023 13:00:00,ÇUBUKLU MAHALLESİ HİCRAN SOKAK,RİVA MAH
1663,BEYKOZ,100 MM ÇAPLI ŞEBEKE HATTI ARIZASI,11/07/2023 14:49:21,11/07/2023 18:00:00,ÇUBUKLU MAHALLESİ HİDİV KASRI,"ÇUBUKLU MAH,ÇUBUKLU MAH,ÇUBUKLU MAH"
1664,BEYKOZ,150 MM ÇAPLI ŞEBEKE HATTI ARIZASI,28/08/2023 10:43:38,28/08/2023 14:00:00,ÇUBUKLU MAHALLESİ VADİ YOLU,ÇUBUKLU MAH
1665,BEYKOZ,100 MM ÇAPLI ŞEBEKE HATTI ARIZASI,06/02/2024 09:56:01,06/02/2024 17:00:00,ÇUBUKLU MAHALLESİ İLKER SOKAK,"ÇUBUKLU MAH,ÇUBUKLU MAH,ÇUBUKLU MAH"
1666,BEYKOZ,100 MM ÇAPLI ŞEBEKE HATTI ARIZASI,02/05/2023 14:06:30,02/05/2023 20:00:00,ÇUBUKLU NAZIM TUR CADDESİ,ÇUBUKLU MAH
1667,BEYKOZ,150 MM ÇAPLI ŞEBEKE HATTI ARIZASI,04/01/2024 09:14:36,04/01/2024 17:00:00,ÇUBUKLU NAZIMTUR CADDESİ,ÇUBUKLU MAH
1668,BEYKOZ,150 MM ÇAPLI ŞEBEKE HATTI ARIZASI,31/01/2024 12:14:16,31/01/2024 19:00:00,ÇUBUKLU NAZIMTUR CADDESİ,ÇUBUKLU MAH
1669,BEYKOZ,100 MM ÇAPLI ŞEBEKE HATTI ARIZASI,29/05/2023 09:15:20,29/05/2023 12:00:00,ÇUBUKLU TEŞRİF CIKMAZI,ÇUBUKLU MAH
1670,BEYKOZ,100 MM ÇAPLI ŞEBEKE HATTI ARIZASI,27/02/2023 13:06:29,27/02/2023 15:00:00,ÇUBUKLU TEŞRİF SK,ÇUBUKLU MAH
1671,BEYKOZ,100 MM ÇAPLI ŞEBEKE HATTI ARIZASI,07/02/2024 14:03:02,07/02/2024 17:00:00,ÇİFTLİK MAHALLESİ BOZA CADDESİ,ÇİFTLİK MAH.
1672,BEYKOZ,100 MM ÇAPLI ŞEBEKE HATTI ARIZASI,21/01/2024 11:35:12,21/01/2024 14:00:00,ÇİFTLİK MAHLESİ NECİP FAZIL CADDESİ,ÇİFTLİK MAH.
1673,BEYKOZ,100 MM ÇAPLI ŞEBEKE HATTI ARIZASI,12/08/2023 09:37:42,12/08/2023 14:00:00,ÇİĞDEM MAH.SAZLIDERE CAD.,ÇİĞDEM MAH
1674,BEYKOZ,100 MM ÇAPLI ŞEBEKE HATTI ARIZASI,28/04/2023 15:00:04,28/04/2023 18:00:00,ÇİĞDEM MAHALLESİ CAFER AĞA SOKAK,ÇİĞDEM MAH
1675,BEYKOZ,100 MM ÇAPLI ŞEBEKE HATTI ARIZASI,03/10/2023 12:10:29,03/10/2023 16:00:00,ÇİĞDEM MAHALLESİ KARAGÖZ SIRTI CADDESİ,ÇİĞDEM MAH
1676,BEYKOZ,100 MM ÇAPLI ŞEBEKE HATTI ARIZASI,05/07/2023 09:13:52,05/07/2023 15:53:00,ÇİĞDEM MAHALLESİ KATIRCI CADDESİ,"ÇİĞDEM MAH,ÇİĞDEM MAH"
1677,BEYKOZ,ENERJİ KESİNTİSİ,12/11/2023 00:05:04,12/11/2023 07:00:00,ÖMERLİ ARITMA MERKEZİ,YENİ MAHALLE
1678,BEYKOZ,100 MM ÇAPLI ŞEBEKE HATTI ARIZASI,21/12/2023 11:21:11,21/12/2023 15:00:00,ÖRNEKKÖY MAHALLESİ CEBİR SOKAK,"ÖRNEKKÖY MAH,ÖRNEKKÖY MAH"
1679,BEYKOZ,100 MM ÇAPLI ŞEBEKE HATTI ARIZASI,27/02/2023 15:11:19,27/02/2023 18:00:00,ÖRNEKKÖY MAHALLESİ ÇITA CIKMAZI,ÖRNEKKÖY MAH
1680,BEYKOZ,ŞEBEKE HATTI VANA MONTAJI/DEĞİŞİMİ,10/09/2023 16:11:16,10/09/2023 20:30:00,ÜMRANIYE NAMIK KEMAL MAH CENGIZ TOPEL CAD MOTIF SK KESIŞIMI,YENİ MAHALLE
1681,BEYKOZ,900 MM ÇAPLI ANA İSALE HATTI ARIZASI,22/12/2023 13:18:11,22/12/2023 20:00:00,ÜMRANİYE-ALEMDAĞ CADDESİ.,YENİ MAHALLE
1682,BEYKOZ,800 MM ÇAPLI ANA İSALE HATTI ARIZASI,26/09/2023 14:19:06,26/09/2023 18:00:00,ÜSKÜDAR YALIBOYU CAD,"GÖKSU MAH,YENİ MAHALLE"
1683,BEYKOZ,100 MM ÇAPLI ŞEBEKE HATTI ARIZASI,04/05/2023 11:19:15,04/05/2023 14:30:00,İNCİRKOY AYVALIDERE CADDE,"İNCİRKÖY MAH,İNCİRKÖY MAH"
1684,BEYKOZ,150 MM ÇAPLI ŞEBEKE HATTI ARIZASI,24/04/2023 14:25:11,24/04/2023 17:00:00,İNCİRKÖY MAH İKBAL ÇIKMAZI,İNCİRKÖY MAH
1685,BEYKOZ,100 MM ÇAPLI ŞEBEKE HATTI ARIZASI,12/01/2024 15:50:34,12/01/2024 19:00:00,İNCİRKÖY MAHALLESİ SIRT SOKAK,İNCİRKÖY MAH
1686,BEYKOZ,100 MM ÇAPLI ŞEBEKE HATTI ARIZASI,16/05/2023 11:55:13,16/05/2023 15:00:00,İNCİRKÖY MAHALLESİ YAVUZ YILMAZ SOKAK,İNCİRKÖY MAH
1687,BEYKOZ,100 MM ÇAPLI ŞEBEKE HATTI ARIZASI,15/04/2023 12:25:49,15/04/2023 16:00:00,İNCİRKÖY MANOLYA SOKAK NO:20,İNCİRKÖY MAH
1688,BEYKOZ,150 MM ÇAPLI ŞEBEKE HATTI ARIZASI,02/01/2024 15:08:11,02/01/2024 19:00:00,İNCİRKÖY ÇAĞDAŞ ÇIKMAZI,İNCİRKÖY MAH
1689,BEYKOZ,100 MM ÇAPLI ŞEBEKE HATTI ARIZASI,08/08/2023 13:24:11,08/08/2023 21:00:00,İSAKLI BAYRAM KÖPRÜ ÇIK.,İSHAKLI MAH
1690,BEYKOZ,100 MM ÇAPLI ŞEBEKE HATTI ARIZASI,25/04/2023 13:18:47,25/04/2023 16:00:00,İSHAKLI MAHALLESİ RÜZGARLIBAHÇE SOKAK,İSHAKLI MAH
1691,BEYKOZ,100 MM ÇAPLI ŞEBEKE HATTI ARIZASI,23/02/2023 12:10:13,23/02/2023 16:00:00,İSHAKLI MAHALLESİ TRABZON CADDESİ,"KILIÇLI MAH,KILIÇLI MAH,KILIÇLI MAH,KILIÇLI MAH,KILIÇLI MAH,KILIÇLI MAH,KILIÇLI MAH,KILIÇLI MAH,KILIÇLI MAH,KILIÇLI MAH,KILIÇLI MAH,KILIÇLI MAH,KILIÇLI MAH,KILIÇLI MAH,KILIÇLI MAH,KILIÇLI MAH,KILIÇLI MAH,KILIÇLI MAH,KILIÇLI MAH,KILIÇLI MAH,KILIÇLI MAH"
1692,BEYKOZ,100 MM ÇAPLI ŞEBEKE HATTI ARIZASI,17/06/2023 13:17:22,17/06/2023 16:00:00,İSHAKLI TRABZON CADDESİ,"İSHAKLI MAH,İSHAKLI MAH"
1693,BEYKOZ,150 MM ÇAPLI ŞEBEKE HATTI ARIZASI,02/10/2023 16:20:21,02/10/2023 19:00:00,ŞHT.ERHAN TERLETME,GÜMÜŞSUYU MAH
1694,BEYLİKDÜZÜ,500 MM ÇAPLI ANA İSALE HATTI ARIZASI,14/08/2023 16:38:07,14/08/2023 23:59:00,AVCILAR- PETROL OFİSİ CAD.,YAKUPLU MAH.
1695,BEYLİKDÜZÜ,ARIZA SEBEBİ İLE BASINÇ DÜŞÜKLÜĞÜ,17/09/2023 19:34:06,17/09/2023 23:59:00,"BAŞAKŞEHİR TERFİ ,BAYRAMTEPE TERFİ, YAKUPLU TERFİ",YAKUPLU MAH.
1696,BEYLİKDÜZÜ,VANTUZ ARIZASI,23/09/2023 11:09:27,23/09/2023 14:00:00,BEYLIKDÜZÜ KAVAKLI DEPO ÇIKIŞI,"ADNAN KAHVECİ MAH.,BÜYÜKŞEHİR MAH.,DEREAĞZI MAH.,GÜRPINAR MAH.,KAVAKLI MAH.,SAHİL MAH.,YAKUPLU MAH."
1697,BEYLİKDÜZÜ,ANA İSALE HATTI VANA ARIZASI,16/04/2023 16:43:38,16/04/2023 20:00:00,BEYLİKDÜZÜ KAVAKLI,"KAVAKLI MAH.,MARMARA MAH.,SAHİL MAH.,YAKUPLU MAH."
1698,BEYLİKDÜZÜ,ANA İSALE HATTI VANA ARIZASI,30/03/2023 11:23:24,30/03/2023 16:00:00,BEYLİKDÜZÜ MARMARA MAHALLESİ,"KAVAKLI MAH.,MARMARA MAH.,SAHİL MAH.,YAKUPLU MAH."
1699,BEYLİKDÜZÜ,TERFİ  MERKEZİ ARIZASI,18/07/2023 11:21:08,18/07/2023 16:00:00,BEYLİKDÜZÜ TERFİ,"ADNAN KAHVECİ MAH.,SAHİL MAH."
1700,BEYLİKDÜZÜ,400 MM ÇAPLI ANA İSALE HATTI ARIZASI,18/07/2023 11:13:03,18/07/2023 17:00:00,BEYLİKDÜZÜ-YEDİTEPE CAD.,"DEREAĞZI MAH.,YAKUPLU MAH."
1701,BEYLİKDÜZÜ,100 MM ÇAPLI ŞEBEKE HATTI ARIZASI,10/06/2023 10:59:25,10/06/2023 14:00:00,BÜYÜKŞEHİR MAHALLESİ DERYA SOKAK,"BÜYÜKŞEHİR MAH.,CUMHURİYET MAH."
1702,BEYLİKDÜZÜ,100 MM ÇAPLI ŞEBEKE HATTI ARIZASI,24/10/2023 10:45:59,24/10/2023 14:00:00,DEREAĞZI  MAH. HASANTAHSIN CAD.,DEREAĞZI MAH.
1703,BEYLİKDÜZÜ,100 MM ÇAPLI ŞEBEKE HATTI ARIZASI,01/11/2023 13:24:03,01/11/2023 16:00:00,DEREAĞZI  MAH. KORUKENT  CAD.,DEREAĞZI MAH.
1704,BEYLİKDÜZÜ,100 MM ÇAPLI ŞEBEKE HATTI ARIZASI,09/08/2023 15:03:55,09/08/2023 18:00:00,DEREAĞZI  MAH. YEDİTEPE CAD.,DEREAĞZI MAH.
1705,BEYLİKDÜZÜ,100 MM ÇAPLI ŞEBEKE HATTI ARIZASI,04/04/2023 10:11:35,04/04/2023 13:00:00,DEREAĞZI MAH. BELKIS SOKAK,"DEREAĞZI MAH.,GÜRPINAR MAH."
1706,BEYLİKDÜZÜ,100 MM ÇAPLI ŞEBEKE HATTI ARIZASI,01/03/2023 10:52:33,01/03/2023 14:30:00,DEREAĞZI MAH. DENİZ SOKAK,"DEREAĞZI MAH.,YAKUPLU MAH."
1707,BEYLİKDÜZÜ,100 MM ÇAPLI ŞEBEKE HATTI ARIZASI,24/06/2023 09:38:19,24/06/2023 13:00:00,DEREAĞZI MAH. GÜNEŞ SK,DEREAĞZI MAH.
1708,BEYLİKDÜZÜ,100 MM ÇAPLI ŞEBEKE HATTI ARIZASI,27/03/2023 15:36:46,27/03/2023 18:00:00,DEREAĞZI MAH. KULELİ SOKAK,DEREAĞZI MAH.
1709,BEYLİKDÜZÜ,100 MM ÇAPLI ŞEBEKE HATTI ARIZASI,18/06/2023 23:15:23,19/06/2023 03:00:00,DEREAĞZI MAH. KURUÇEŞME CD.,DEREAĞZI MAH.
1710,BEYLİKDÜZÜ,100 MM ÇAPLI ŞEBEKE HATTI ARIZASI,02/12/2023 13:02:03,02/12/2023 16:00:00,DEREAĞZI MAH. MEŞİN SK.,DEREAĞZI MAH.
1711,BEYLİKDÜZÜ,100 MM ÇAPLI ŞEBEKE HATTI ARIZASI,09/08/2023 10:29:11,09/08/2023 12:30:00,DEREAĞZI MAH. YEDİKULE CAD,DEREAĞZI MAH.
1712,BEYLİKDÜZÜ,400 MM ÇAPLI ANA İSALE HATTI ARIZASI,26/09/2023 14:45:23,26/09/2023 20:00:00,DEREAĞZI MAH. YEDİTEPE CAD. 400 MM İSALE HATTI,"ADNAN KAHVECİ MAH.,BÜYÜKŞEHİR MAH.,CUMHURİYET MAH.,DEREAĞZI MAH.,GÜRPINAR MAH.,KAVAKLI MAH.,YAKUPLU MAH."
1713,BEYLİKDÜZÜ,100 MM ÇAPLI ŞEBEKE HATTI ARIZASI,24/07/2023 09:49:49,24/07/2023 12:30:00,DEREAĞZI MAH.FERİDE  SK,DEREAĞZI MAH.
1714,BEYLİKDÜZÜ,100 MM ÇAPLI ŞEBEKE HATTI ARIZASI,12/08/2023 15:28:50,12/08/2023 17:30:00,DEREAĞZI MAH.ÖMER SEYFETTİN CAD.,DEREAĞZI MAH.
1715,BEYLİKDÜZÜ,ŞEBEKE HATTI DEPLASE ÇALIŞMASI,23/06/2023 10:05:20,23/06/2023 13:00:00,DEREAĞZI MAHALLESİ  CAMİ SOKAK,DEREAĞZI MAH.
1716,BEYLİKDÜZÜ,100 MM ÇAPLI ŞEBEKE HATTI ARIZASI,26/12/2023 12:31:08,26/12/2023 16:00:00,DEREAĞZI MEŞİN SK,DEREAĞZI MAH.
1717,BEYLİKDÜZÜ,100 MM ÇAPLI ŞEBEKE HATTI ARIZASI,06/09/2023 12:40:06,06/09/2023 16:00:00,DEREAĞZI VENÜS SK,"DEREAĞZI MAH.,KAVAKLI MAH."
1718,BEYLİKDÜZÜ,100 MM ÇAPLI ŞEBEKE HATTI ARIZASI,25/03/2023 08:58:04,25/03/2023 11:30:00,DEREAĞZI ZİYA GÖKALP CD,DEREAĞZI MAH.
1719,BEYLİKDÜZÜ,100 MM ÇAPLI ŞEBEKE HATTI ARIZASI,16/12/2023 14:08:06,16/12/2023 17:00:00,GÜRPINAR MAH. VATAN CAD.,GÜRPINAR MAH.
1720,BEYLİKDÜZÜ,100 MM ÇAPLI ŞEBEKE HATTI ARIZASI,01/06/2023 11:17:25,01/06/2023 18:00:00,GÜRPINAR MAHALLESİ CENGİZ TOPEL CADDESİ,GÜRPINAR MAH.
1721,BEYLİKDÜZÜ,100 MM ÇAPLI ŞEBEKE HATTI ARIZASI,01/04/2023 09:55:48,01/04/2023 17:00:00,GÜRPINAR MH CAMİİ SK,GÜRPINAR MAH.
1722,BEYLİKDÜZÜ,100 MM ÇAPLI ŞEBEKE HATTI ARIZASI,03/04/2023 10:27:44,03/04/2023 13:30:00,GÜRPINAR MH CAMİİ SK,GÜRPINAR MAH.
1723,BEYLİKDÜZÜ,100 MM ÇAPLI ŞEBEKE HATTI ARIZASI,11/06/2023 12:05:56,11/06/2023 14:34:00,GÜRPINAR MH CAMİİ SK,"DEREAĞZI MAH.,GÜRPINAR MAH."
1724,BEYLİKDÜZÜ,100 MM ÇAPLI ŞEBEKE HATTI ARIZASI,26/05/2023 17:50:37,26/05/2023 20:00:00,GÜRPINAR MH PEKMEZ CD.,GÜRPINAR MAH.
1725,BEYLİKDÜZÜ,100 MM ÇAPLI ŞEBEKE HATTI ARIZASI,27/05/2023 11:49:34,27/05/2023 15:00:00,GÜRPINAR MH ÇAYELİ SOKAK,GÜRPINAR MAH.
1726,BEYLİKDÜZÜ,700 MM  ÇAPLI ANA İSALE HATTI ARIZASI,08/10/2023 05:13:46,08/10/2023 10:00:00,KAVAKLI AYAZMA CADDESİ,"DEREAĞZI MAH.,KAVAKLI MAH.,YAKUPLU MAH."
1727,BEYLİKDÜZÜ,250 MM ÇAPLI ŞEBEKE HATTI ARIZASI,28/12/2023 19:13:39,29/12/2023 03:00:00,KAVAKLI MAH KAVAKLI CAD ALT KODLARI BARIŞ MAH EĞİTİM BULVARI,"BARIŞ MAH.,KAVAKLI MAH."
1728,BEYLİKDÜZÜ,ŞEBEKE HATTI DEPLASE ÇALIŞMASI,23/05/2023 09:27:05,23/05/2023 13:30:00,KAVAKLI MAH. 57 ALAY SOKAK,KAVAKLI MAH.
1729,BEYLİKDÜZÜ,100 MM ÇAPLI ŞEBEKE HATTI ARIZASI,24/10/2023 15:13:41,24/10/2023 17:00:00,KAVAKLI MAH. BAĞLAR CD.,KAVAKLI MAH.
1730,BEYLİKDÜZÜ,100 MM ÇAPLI ŞEBEKE HATTI ARIZASI,11/07/2023 14:34:47,11/07/2023 16:30:00,KAVAKLI MAH. ÇAĞ SOKAK,KAVAKLI MAH.
1731,BEYLİKDÜZÜ,ŞEBEKE HATTI DEPLASE ÇALIŞMASI,28/12/2023 08:10:23,28/12/2023 18:00:00,KAVAKLI MAH. İSTANBUL CD.,"BARIŞ MAH.,KAVAKLI MAH."
1732,BEYLİKDÜZÜ,100 MM ÇAPLI ŞEBEKE HATTI ARIZASI,06/04/2023 11:32:21,06/04/2023 12:30:00,KAVAKLI MAHALLESİ 29 EKİM SOKAK,KAVAKLI MAH.
1733,BEYLİKDÜZÜ,250 MM ÇAPLI ŞEBEKE HATTI ARIZASI,08/06/2023 10:13:11,08/06/2023 15:00:00,KAVAKLI MAHALLESİ KAVAKLI CADDESİ,"BARIŞ MAH.,KAVAKLI MAH."
1734,BEYLİKDÜZÜ,100 MM ÇAPLI ŞEBEKE HATTI ARIZASI,09/04/2023 09:59:16,09/04/2023 13:30:00,KAVAKLI MH 30 AĞUSTOS  SK,KAVAKLI MAH.
1735,BEYLİKDÜZÜ,100 MM ÇAPLI ŞEBEKE HATTI ARIZASI,29/04/2023 21:24:51,30/04/2023 01:00:00,KAVAKLI MH. BATI TRAKYA BULV. VOLVO KAVŞAĞI,KAVAKLI MAH.
1736,BEYLİKDÜZÜ,100 MM ÇAPLI ŞEBEKE HATTI ARIZASI,29/04/2023 14:03:34,29/04/2023 20:00:00,KAVAKLI ORGANGAZİ,KAVAKLI MAH.
1737,BEYLİKDÜZÜ,ENERJİ KESİNTİSİ,18/04/2023 23:07:17,19/04/2023 06:00:00,KIRAÇ,"ADNAN KAHVECİ MAH.,BARIŞ MAH.,BÜYÜKŞEHİR MAH.,CUMHURİYET MAH.,DEREAĞZI MAH.,YAKUPLU MAH."
1738,BEYLİKDÜZÜ,ENERJİ KESİNTİSİ,15/08/2023 21:44:18,15/08/2023 23:59:00,KIRAÇ TERFİ,"ADNAN KAHVECİ MAH.,BARIŞ MAH.,BÜYÜKŞEHİR MAH.,CUMHURİYET MAH.,DEREAĞZI MAH."
1739,BEYLİKDÜZÜ,ENERJİ KESİNTİSİ,10/12/2023 23:03:39,11/12/2023 02:00:00,KIRAÇ TERFİ,"ADNAN KAHVECİ MAH.,BARIŞ MAH.,BÜYÜKŞEHİR MAH.,CUMHURİYET MAH.,DEREAĞZI MAH."
1740,BEYLİKDÜZÜ,ARIZA SEBEBİ İLE BASINÇ DÜŞÜKLÜĞÜ,17/04/2023 10:34:59,17/04/2023 18:00:00,KIRAÇ TERFİ MERKEZİ,"ADNAN KAHVECİ MAH.,BARIŞ MAH.,BÜYÜKŞEHİR MAH.,CUMHURİYET MAH.,DEREAĞZI MAH.,YAKUPLU MAH."
1741,BEYLİKDÜZÜ,100 MM ÇAPLI ŞEBEKE HATTI ARIZASI,14/12/2023 10:32:19,14/12/2023 13:00:00,MARMARA MAH. İHLAS CD.,MARMARA MAH.
1742,BEYLİKDÜZÜ,1600 MM ÇAPLI ANA İSALE HATTI ARIZASI,02/09/2023 10:08:33,02/09/2023 17:00:00,OSMANGAZİ MAH. ESEN CADDESİ,"ADNAN KAHVECİ MAH.,BARIŞ MAH.,BÜYÜKŞEHİR MAH.,CUMHURİYET MAH.,KAVAKLI MAH.,MARMARA MAH.,SAHİL MAH.,YAKUPLU MAH."
1743,BEYLİKDÜZÜ,100 MM ÇAPLI ŞEBEKE HATTI ARIZASI,23/02/2023 17:06:43,23/02/2023 23:00:00,PINARTEPE ATEŞ SK,GÜRPINAR MAH.
1744,BEYLİKDÜZÜ,100 MM ÇAPLI ŞEBEKE HATTI ARIZASI,27/09/2023 04:58:54,27/09/2023 12:00:00,PINARTEPE MAH. GEREDE CAD,ADNAN KAHVECİ MAH.
1745,BEYLİKDÜZÜ,100 MM ÇAPLI ŞEBEKE HATTI ARIZASI,07/04/2023 08:52:38,07/04/2023 14:00:00,PINARTEPE MAHALLESI ARAR SOKAK,GÜRPINAR MAH.
1746,BEYLİKDÜZÜ,100 MM ÇAPLI ŞEBEKE HATTI ARIZASI,19/07/2023 12:38:49,19/07/2023 15:30:00,SAHIL MAHALLESI ŞENTÜRK SOKAK,SAHİL MAH.
1747,BEYLİKDÜZÜ,ŞEBEKE HATTI BRANŞMAN BAĞLANTISI,14/07/2023 09:21:30,14/07/2023 13:06:00,SAHİL MAH. KUŞKALE CADDESİ,SAHİL MAH.
1748,BEYLİKDÜZÜ,100 MM ÇAPLI ŞEBEKE HATTI ARIZASI,08/09/2023 12:12:48,08/09/2023 17:00:00,SAHİL MAH. İSTEK,SAHİL MAH.
1749,BEYLİKDÜZÜ,100 MM ÇAPLI ŞEBEKE HATTI ARIZASI,30/08/2023 10:58:21,30/08/2023 14:00:00,SAHİL MH. YILDIZ CD.,SAHİL MAH.
1750,BEYLİKDÜZÜ,BASINÇ DÜŞÜKLÜĞÜ,17/09/2023 22:26:20,18/09/2023 03:00:00,YAKUPLU,"GÜRPINAR MAH.,KAVAKLI MAH.,MARMARA MAH.,SAHİL MAH."
1751,BEYLİKDÜZÜ,100 MM ÇAPLI ŞEBEKE HATTI ARIZASI,04/08/2023 17:25:44,04/08/2023 20:00:00,YAKUPLU MAH. 130 SK,YAKUPLU MAH.
1752,BEYLİKDÜZÜ,150 MM ÇAPLI ŞEBEKE HATTI ARIZASI,21/01/2024 09:36:26,21/01/2024 13:00:00,YAKUPLU MAH. BEYSAN SAN. SİT. BİRLİK CAD.,YAKUPLU MAH.
1753,BEYLİKDÜZÜ,100 MM ÇAPLI ŞEBEKE HATTI ARIZASI,29/12/2023 15:34:24,29/12/2023 17:00:00,YAKUPLU MAH. BİRLİK CD,YAKUPLU MAH.
1754,BEYLİKDÜZÜ,200 MM ÇAPLI ŞEBEKE HATTI ARIZASI,17/12/2023 14:38:24,17/12/2023 17:00:00,YAKUPLU MAH. ÇINAR SK.,YAKUPLU MAH.
1755,BEYLİKDÜZÜ,100 MM ÇAPLI ŞEBEKE HATTI ARIZASI,28/12/2023 16:15:44,29/12/2023 02:00:00,YAKUPLU MAH. ÇINAR SK.,YAKUPLU MAH.
1756,BEYLİKDÜZÜ,200 MM ÇAPLI ŞEBEKE HATTI ARIZASI,24/12/2023 09:49:02,24/12/2023 18:00:00,YAKUPLU MAH. ÇINAR SK.(BEYSAN SANAYI SITESI),YAKUPLU MAH.
1757,BEYLİKDÜZÜ,ŞEBEKE HATTI YENİLEMESİ,25/07/2023 11:40:45,25/07/2023 17:00:00,YAKUPLU MAHALLESİ OSMANGAZİ CADDESİ,YAKUPLU MAH.
1758,BEYLİKDÜZÜ,100 MM ÇAPLI ŞEBEKE HATTI ARIZASI,01/03/2023 14:57:04,01/03/2023 18:00:00,YAKUPLU YAKUPLU CADDESİ,YAKUPLU MAH.
1759,BEYLİKDÜZÜ,ARIZA SEBEBİ İLE BASINÇ DÜŞÜKLÜĞÜ,26/09/2023 02:37:11,26/09/2023 08:00:00,İKİTELLİ STT,"ADNAN KAHVECİ MAH.,BARIŞ MAH.,BÜYÜKŞEHİR MAH.,CUMHURİYET MAH.,DEREAĞZI MAH."
1760,BEYLİKDÜZÜ,TERFİ  MERKEZİ ARIZASI,15/09/2023 21:43:28,15/09/2023 23:59:00,ŞAHİNTEPE TERFİ MERKEZİ,"ADNAN KAHVECİ MAH.,BARIŞ MAH.,BÜYÜKŞEHİR MAH.,CUMHURİYET MAH.,DEREAĞZI MAH."
1761,BEYLİKDÜZÜ,ENERJİ KESİNTİSİ,18/09/2023 02:07:07,18/09/2023 05:00:00,ŞAHİNTEPE TERFİ MERKEZİ,"ADNAN KAHVECİ MAH.,BARIŞ MAH.,BÜYÜKŞEHİR MAH.,CUMHURİYET MAH.,DEREAĞZI MAH.,YAKUPLU MAH."
1762,BEYOĞLU,100 MM ÇAPLI ŞEBEKE HATTI ARIZASI,30/05/2023 12:09:51,30/05/2023 15:00:00,ARAP CAMİ MAH. FERMENECİLER CAD.,ARAP CAMİ MAH
1763,BEYOĞLU,100 MM ÇAPLI ŞEBEKE HATTI ARIZASI,22/09/2023 15:31:43,22/09/2023 18:00:00,ARAP CAMİ MAH. TERSANE CAD. NO 77,ARAP CAMİ MAH
1764,BEYOĞLU,100 MM ÇAPLI ŞEBEKE HATTI ARIZASI,28/10/2023 10:48:10,28/10/2023 13:00:00,ASMALI MESCİT CADDESİ,ASMALI MESCİT MAH
1765,BEYOĞLU,100 MM ÇAPLI ŞEBEKE HATTI ARIZASI,02/05/2023 13:12:10,02/05/2023 16:00:00,ASMALI MESCİT MAH  ŞEHBENDER SOK,ASMALI MESCİT MAH
1766,BEYOĞLU,100 MM ÇAPLI ŞEBEKE HATTI ARIZASI,11/01/2024 12:57:25,11/01/2024 15:00:00,BAHÇELER ÜSTÜ SOKAK,KECECİ PİRİ MAH
1767,BEYOĞLU,100 MM ÇAPLI ŞEBEKE HATTI ARIZASI,21/04/2023 15:04:09,21/04/2023 16:30:00,BEDRETTİN MAH İAŞE SOKAK,"BEDRETTİN MAH,CAMİİKEBİR MAH,KALYONCU KULLUĞU MAH,KAPTANPAŞA MAH,KÜCÜK PİYALE MAH,SURURİ MEHMET EFENDİ MAH,YAHYA KAHYA MAH,ÇATMA MESCİT MAH"
1768,BEYOĞLU,ANA İSALE HATTI DEPLASE ÇALIŞMASI,03/01/2024 09:58:59,04/01/2024 05:00:00,BEYOĞLU ÖRNEKTEPE MAH. KERVANSARAY SOKAK,"FETİHTEPE MAH,HALICIOĞLU MAH,KECECİ PİRİ MAH,PİRİPAŞA MAH,SÜTLÜCE MAH,ÖRNEKTEPE MAH"
1769,BEYOĞLU,100 MM ÇAPLI ŞEBEKE HATTI ARIZASI,09/03/2023 14:48:54,09/03/2023 18:00:00,BORU KIRIĞI,"HALICIOĞLU MAH,PİYALEPAŞA MAH,SÜTLÜCE MAH,ÖRNEKTEPE MAH"
1770,BEYOĞLU,100 MM ÇAPLI ŞEBEKE HATTI ARIZASI,17/07/2023 12:41:05,17/07/2023 15:00:00,BOSTAN MAH KALYONCU KULLUK CAD.,"BOSTAN MAH,HÜSEYİNAĞA MAH,KALYONCU KULLUĞU MAH,KAMER HATUN MAH,ÇUKUR MAH,ŞEHİT MUHTAR MAH"
1771,BEYOĞLU,100 MM ÇAPLI ŞEBEKE HATTI ARIZASI,14/08/2023 14:51:42,14/08/2023 19:00:00,BOSTAN MAH. DİLBAZ SOK.,"BOSTAN MAH,BÜLBÜL MAH,HÜSEYİNAĞA MAH,KALYONCU KULLUĞU MAH,KAMER HATUN MAH,KOCATEPE MAH,SURURİ MEHMET EFENDİ MAH,ŞEHİT MUHTAR MAH"
1772,BEYOĞLU,100 MM ÇAPLI ŞEBEKE HATTI ARIZASI,16/12/2023 10:19:58,16/12/2023 13:00:00,BOZKURT CADDESİ NO:171,"HACIAHMET MAH,YENİŞEHİR MAH"
1773,BEYOĞLU,100 MM ÇAPLI ŞEBEKE HATTI ARIZASI,15/09/2023 13:26:32,15/09/2023 16:00:00,BOZKURT MAH. EŞREFEFENDİ SOKAK,HACIAHMET MAH
1774,BEYOĞLU,100 MM ÇAPLI ŞEBEKE HATTI ARIZASI,28/09/2023 11:47:58,28/09/2023 14:00:00,BOZKURT MAH. EŞREFEFENDİ SOKAK,"HACIAHMET MAH,YENİŞEHİR MAH"
1775,BEYOĞLU,100 MM ÇAPLI ŞEBEKE HATTI ARIZASI,02/12/2023 14:39:33,02/12/2023 17:00:00,BOĞAZKESEN CADDESİ,"FİRUZAĞA MAH,TOMTOM MAH"
1776,BEYOĞLU,100 MM ÇAPLI ŞEBEKE HATTI ARIZASI,13/02/2024 13:19:36,13/02/2024 17:00:00,BOĞAZKESEN CADDESİ,"ASMALI MESCİT MAH,FİRUZAĞA MAH,HACIMİMİ MAH,TOMTOM MAH,ŞAHKULU MAH"
1777,BEYOĞLU,150 MM ÇAPLI ŞEBEKE HATTI ARIZASI,06/02/2024 09:37:16,06/02/2024 12:00:00,BÖREKÇİ BAYRAM SOKAK,KAPTANPAŞA MAH
1778,BEYOĞLU,ŞEBEKE HATTI VANA MONTAJI/DEĞİŞİMİ,21/09/2023 04:46:56,21/09/2023 12:00:00,BÜLBÜL MAH TURAN CD,"BOSTAN MAH,BÜLBÜL MAH,KALYONCU KULLUĞU MAH,ÇUKUR MAH,ŞEHİT MUHTAR MAH"
1779,BEYOĞLU,100 MM ÇAPLI ŞEBEKE HATTI ARIZASI,30/06/2023 18:26:30,30/06/2023 21:00:00,BÜLBÜL MAH. GÖLBAŞI SK. NO:74 ÖNÜ,"BOSTAN MAH,BÜLBÜL MAH,HÜSEYİNAĞA MAH,KALYONCU KULLUĞU MAH,KOCATEPE MAH,ÇUKUR MAH,ŞEHİT MUHTAR MAH"
1780,BEYOĞLU,ŞEBEKE HATTI VANA ARIZASI,21/09/2023 01:25:03,21/09/2023 03:30:00,BÜLBÜL MAH. KILBURNU SK. NO:47 ÖNÜ,"BÜLBÜL MAH,KALYONCU KULLUĞU MAH,KOCATEPE MAH,ÇUKUR MAH"
1781,BEYOĞLU,100 MM ÇAPLI ŞEBEKE HATTI ARIZASI,09/09/2023 12:03:50,09/09/2023 15:00:00,CAMİKEBİR MAH. BÜLENT DEMİR CAD.,CAMİİKEBİR MAH
1782,BEYOĞLU,100 MM ÇAPLI ŞEBEKE HATTI ARIZASI,28/04/2023 10:24:59,28/04/2023 17:00:00,CAMİKEBİR MAH. HOCA AHMET SOK. NO 8,"CAMİİKEBİR MAH,KÜCÜK PİYALE MAH"
1783,BEYOĞLU,200 MM ÇAPLI ŞEBEKE HATTI ARIZASI,22/09/2023 14:46:42,22/09/2023 17:00:00,CAMİKEBİR MAH. HOCA AHMET SOK. NO 8,"CAMİİKEBİR MAH,KÜCÜK PİYALE MAH"
1784,BEYOĞLU,100 MM ÇAPLI ŞEBEKE HATTI ARIZASI,25/09/2023 14:33:37,25/09/2023 17:00:00,CAMİKEBİR MAH. MUTFAK KAPISI CAD.,"CAMİİKEBİR MAH,KÜCÜK PİYALE MAH"
1785,BEYOĞLU,100 MM ÇAPLI ŞEBEKE HATTI ARIZASI,22/05/2023 10:27:26,22/05/2023 12:00:00,CAMİKEBİR MAH. ÇAYDANLIK SOK. NO 18,CAMİİKEBİR MAH
1786,BEYOĞLU,100 MM ÇAPLI ŞEBEKE HATTI ARIZASI,21/08/2023 18:41:50,21/08/2023 22:00:00,CAMİİKEBİR MAH MUTFAK KAPISI CD NO:22 ÖNÜ,"CAMİİKEBİR MAH,KÜCÜK PİYALE MAH"
1787,BEYOĞLU,100 MM ÇAPLI ŞEBEKE HATTI ARIZASI,17/05/2023 22:18:35,17/05/2023 23:59:00,CAMİİKEBİR MAH. ÇAYDANLIK SK. NO 34 ÖNÜ,"CAMİİKEBİR MAH,KÜCÜK PİYALE MAH,PİYALEPAŞA MAH"
1788,BEYOĞLU,100 MM ÇAPLI ŞEBEKE HATTI ARIZASI,23/06/2023 17:10:19,23/06/2023 20:30:00,CİHANGİR MAH. SIRASELVİLER CD,CİHANGİR MAH
1789,BEYOĞLU,100 MM ÇAPLI ŞEBEKE HATTI ARIZASI,13/07/2023 15:39:48,13/07/2023 17:00:00,CİHANGİR MAH.ŞEHİT AHMET ÇIK.SK,"CİHANGİR MAH,GÜMÜŞSUYU MAH,KILIÇALİ PAŞA MAH"
1790,BEYOĞLU,100 MM ÇAPLI ŞEBEKE HATTI ARIZASI,17/02/2024 10:29:12,17/02/2024 13:00:00,DERKA SOKAK BAŞI,ÖRNEKTEPE MAH
1791,BEYOĞLU,100 MM ÇAPLI ŞEBEKE HATTI ARIZASI,17/10/2023 10:19:49,17/10/2023 12:00:00,DEVŞİRMELER SOKAK,HACIAHMET MAH
1792,BEYOĞLU,900 MM ÇAPLI ANA İSALE HATTI ARIZASI,20/12/2023 12:29:10,20/12/2023 19:00:00,DOLMABAHÇE,"GÜMÜŞSUYU MAH,ÖMER AVNİ MAH"
1793,BEYOĞLU,100 MM ÇAPLI ŞEBEKE HATTI ARIZASI,17/09/2023 14:14:36,17/09/2023 17:00:00,ESKİŞEHİ MHA.ŞAHİN SK.NO.63 ÖNÜ,"HACIAHMET MAH,YENİŞEHİR MAH"
1794,BEYOĞLU,100 MM ÇAPLI ŞEBEKE HATTI ARIZASI,16/08/2023 11:32:07,16/08/2023 14:00:00,ESKİŞEHİR MAH. DERİCİLER SOK.,HACIAHMET MAH
1795,BEYOĞLU,ŞEBEKE HATTI VANA MONTAJI/DEĞİŞİMİ,09/02/2024 15:13:10,09/02/2024 18:30:00,ETİBANK CADDESİ,"FETİHTEPE MAH,HALICIOĞLU MAH,KECECİ PİRİ MAH,PİRİPAŞA MAH,SÜTLÜCE MAH,ÖRNEKTEPE MAH"
1796,BEYOĞLU,100 MM ÇAPLI ŞEBEKE HATTI ARIZASI,20/06/2023 08:59:29,20/06/2023 12:00:00,EVLİYA ÇELEBİ MAH.REFİK SAYDAM CD.,EVLİYA ÇELEBİ MAH
1797,BEYOĞLU,100 MM ÇAPLI ŞEBEKE HATTI ARIZASI,10/07/2023 12:41:25,10/07/2023 14:00:00,FETİHTEPE MAH.  SÜMBÜL SOKAK,"FETİHTEPE MAH,PİRİPAŞA MAH"
1798,BEYOĞLU,100 MM ÇAPLI ŞEBEKE HATTI ARIZASI,04/08/2023 16:15:29,04/08/2023 18:00:00,FETİHTEPE MH.DEREİÇİ SK,"FETİHTEPE MAH,PİRİPAŞA MAH"
1799,BEYOĞLU,150 MM ÇAPLI ŞEBEKE HATTI ARIZASI,21/11/2023 16:00:48,21/11/2023 23:00:00,GÜLLECİ SOKAK,"HACIAHMET MAH,KAPTANPAŞA MAH,YENİŞEHİR MAH"
1800,BEYOĞLU,100 MM ÇAPLI ŞEBEKE HATTI ARIZASI,28/08/2023 14:37:20,28/08/2023 17:00:00,HACI AHMET MAH. CİN DERESİ CAD,HACIAHMET MAH
1801,BEYOĞLU,100 MM ÇAPLI ŞEBEKE HATTI ARIZASI,03/09/2023 14:34:17,03/09/2023 18:00:00,HACI AHMET MAH. DALFES SOKAK,"HACIAHMET MAH,YENİŞEHİR MAH"
1802,BEYOĞLU,100 MM ÇAPLI ŞEBEKE HATTI ARIZASI,21/06/2023 11:37:10,21/06/2023 17:00:00,HACI AHMET MAH. PİR HÜSAMETTİN SOK. KURUTULUŞ DERESİ CAD. KESİŞİMİ,"HACIAHMET MAH,İSTİKLAL MAH"
1803,BEYOĞLU,100 MM ÇAPLI ŞEBEKE HATTI ARIZASI,03/07/2023 10:14:49,03/07/2023 14:00:00,HACI AHMET MAH. İLYASBEY SOKAK,"HACIAHMET MAH,İSTİKLAL MAH"
1804,BEYOĞLU,100 MM ÇAPLI ŞEBEKE HATTI ARIZASI,30/08/2023 12:46:41,30/08/2023 14:30:00,HACI AHMET MAH. İLYASBEY SOKAK,"HACIAHMET MAH,İSTİKLAL MAH"
1805,BEYOĞLU,150 MM ÇAPLI ŞEBEKE HATTI ARIZASI,24/10/2023 16:44:36,24/10/2023 19:00:00,HACI AHMET MH.KURTULUŞ DERESİ CD.NO.27 ÖNÜ,"HACIAHMET MAH,İSTİKLAL MAH"
1806,BEYOĞLU,100 MM ÇAPLI ŞEBEKE HATTI ARIZASI,22/12/2023 09:18:44,22/12/2023 12:00:00,HACI AHMET MH.KURTULUŞ DERESİ CD.NO.9 ÖNÜ,"HACIAHMET MAH,İSTİKLAL MAH"
1807,BEYOĞLU,100 MM ÇAPLI ŞEBEKE HATTI ARIZASI,14/09/2023 13:17:53,14/09/2023 17:00:00,HALICIOĞLU MAH. ERENLER TEKKESİ SOK.,"HALICIOĞLU MAH,PİRİPAŞA MAH"
1808,BEYOĞLU,100 MM ÇAPLI ŞEBEKE HATTI ARIZASI,18/07/2023 13:01:36,18/07/2023 15:00:00,HALICIOĞLU MAH. MALTIZ SOK. NO 19,"FETİHTEPE MAH,HALICIOĞLU MAH,KECECİ PİRİ MAH"
1809,BEYOĞLU,100 MM ÇAPLI ŞEBEKE HATTI ARIZASI,19/08/2023 13:20:47,19/08/2023 16:00:00,HALICIOĞLU MAH. YENİ ÇIKSALIN CAMİ SOK.,"HALICIOĞLU MAH,PİRİPAŞA MAH"
1810,BEYOĞLU,ARIZA SEBEBİ İLE BASINÇ DÜŞÜKLÜĞÜ,19/12/2023 21:58:28,20/12/2023 08:00:00,HAREM 2200 MM İSALE HATTI,"ARAP CAMİ MAH,EMEKYEMEZ MAH,GÜMÜŞSUYU MAH,HACIMİMİ MAH,KEMANKEŞ KARAMUSTAFAPAŞA MAH,KILIÇALİ PAŞA MAH,MÜEYYETZADE MAH,PÜRTELAŞ HASAN EFENDİ MAH,TOMTOM MAH,ÖMER AVNİ MAH"
1811,BEYOĞLU,300 MM ÇAPLI ŞEBEKE HATTI ARIZASI,30/10/2023 14:42:26,30/10/2023 18:00:00,HASKÖY CADDESİ,"FETİHTEPE MAH,HALICIOĞLU MAH,KECECİ PİRİ MAH,PİRİPAŞA MAH,ÖRNEKTEPE MAH"
1812,BEYOĞLU,ARIZA SEBEBİ İLE BASINÇ DÜŞÜKLÜĞÜ,21/12/2023 21:05:31,22/12/2023 06:00:00,K.ÇAMLICA-SALACAK 2200 MM İSALE HATTI,"ARAP CAMİ MAH,EMEKYEMEZ MAH,GÜMÜŞSUYU MAH,HACIMİMİ MAH,KEMANKEŞ KARAMUSTAFAPAŞA MAH,KILIÇALİ PAŞA MAH,MÜEYYETZADE MAH,PÜRTELAŞ HASAN EFENDİ MAH,TOMTOM MAH,ÖMER AVNİ MAH"
1813,BEYOĞLU,100 MM ÇAPLI ŞEBEKE HATTI ARIZASI,27/07/2023 14:57:39,27/07/2023 21:00:00,KALYONCU KULLUK MAH. HARMAN SOKAK,"BOSTAN MAH,BÜLBÜL MAH,HÜSEYİNAĞA MAH,KALYONCU KULLUĞU MAH,KAMER HATUN MAH,SURURİ MEHMET EFENDİ MAH,YAHYA KAHYA MAH,ÇUKUR MAH,ŞEHİT MUHTAR MAH"
1814,BEYOĞLU,100 MM ÇAPLI ŞEBEKE HATTI ARIZASI,09/06/2023 17:49:49,09/06/2023 21:00:00,KAMER HATUN MAH ATLAMA SOKAK,"KAMER HATUN MAH,SURURİ MEHMET EFENDİ MAH"
1815,BEYOĞLU,100 MM ÇAPLI ŞEBEKE HATTI ARIZASI,08/06/2023 09:30:10,08/06/2023 12:00:00,KAMER HATUN MAH.AYNALI ÇEŞME CD.NO.10 ÖNÜ,"KAMER HATUN MAH,SURURİ MEHMET EFENDİ MAH"
1816,BEYOĞLU,100 MM ÇAPLI ŞEBEKE HATTI ARIZASI,17/05/2023 16:33:04,17/05/2023 20:00:00,KAPTANPAŞA ZİNCİRLİKUYU ÇIKMZAZI,"CAMİİKEBİR MAH,KAPTANPAŞA MAH,KÜCÜK PİYALE MAH"
1817,BEYOĞLU,100 MM ÇAPLI ŞEBEKE HATTI ARIZASI,08/09/2023 13:13:29,08/09/2023 17:00:00,KATİP MUSTAFA ÇELEBİ MH.SADRİ ALIŞIK SOK. NO 47,"KATİPMUSTAFA ÇELEBİ MAH,KULOĞLU MAH"
1818,BEYOĞLU,100 MM ÇAPLI ŞEBEKE HATTI ARIZASI,20/07/2023 11:20:58,20/07/2023 14:00:00,KATİP MUSTAFA ÇELEBİ MH.TEL SK,"KATİPMUSTAFA ÇELEBİ MAH,KILIÇALİ PAŞA MAH,KULOĞLU MAH,PÜRTELAŞ HASAN EFENDİ MAH"
1819,BEYOĞLU,ELEKTRİK ENERJİSİ PROBLEMİ,21/06/2023 23:56:46,22/06/2023 05:00:00,KAĞITHANE ARITMA,"BOSTAN MAH,BÜLBÜL MAH,CİHANGİR MAH,FETİHTEPE MAH,GÜMÜŞSUYU MAH,HACIAHMET MAH,HALICIOĞLU MAH,HÜSEYİNAĞA MAH,KAPTANPAŞA MAH,KATİPMUSTAFA ÇELEBİ MAH,KECECİ PİRİ MAH,KILIÇALİ PAŞA MAH,KOCATEPE MAH,KULAKSIZ MAH,PİRİPAŞA MAH,SÜTLÜCE MAH,ÇUKUR MAH,ÖRNEKTEPE MAH,ŞEHİT MUHTAR MAH"
1820,BEYOĞLU,800 MM ÇAPLI ANA İSALE HATTI ARIZASI,03/09/2023 18:27:42,04/09/2023 03:00:00,KAĞITHANE BOMONTİ HATTI,"CİHANGİR MAH,CİHANGİR MAH,HACIAHMET MAH,HÜSEYİNAĞA MAH,KATİPMUSTAFA ÇELEBİ MAH,KOCATEPE MAH,ÖMER AVNİ MAH"
1821,BEYOĞLU,ENERJİ KESİNTİSİ,01/05/2023 18:33:58,01/05/2023 21:00:00,KAĞITHANE ESKİ VE YENİ TERFİ,"CİHANGİR MAH,FETİHTEPE MAH,GÜMÜŞSUYU MAH,KATİPMUSTAFA ÇELEBİ MAH,KECECİ PİRİ MAH,PİYALEPAŞA MAH"
1822,BEYOĞLU,ANA İSALE HATTINA VANA MONTAJI / DEĞİŞİMİ,04/10/2023 09:59:10,04/10/2023 20:00:00,KAĞITHANE-BEYOĞLU,"BEDRETTİN MAH,CAMİİKEBİR MAH,HALICIOĞLU MAH,KADIMEHMET EFENDİ MAH,KECECİ PİRİ MAH,KULAKSIZ MAH,KÜCÜK PİYALE MAH,PİRİPAŞA MAH,SÜTLÜCE MAH,YAHYA KAHYA MAH,ÇATMA MESCİT MAH,ÖRNEKTEPE MAH"
1823,BEYOĞLU,100 MM ÇAPLI ŞEBEKE HATTI ARIZASI,16/05/2023 14:56:29,16/05/2023 17:00:00,KEMANKEŞ MAH. DERİCİLER SOKAK,KEMANKEŞ KARAMUSTAFAPAŞA MAH
1824,BEYOĞLU,100 MM ÇAPLI ŞEBEKE HATTI ARIZASI,22/06/2023 13:06:09,22/06/2023 15:00:00,KEMANKEŞ MAH. DERİCİLER SOKAK,KEMANKEŞ KARAMUSTAFAPAŞA MAH
1825,BEYOĞLU,100 MM ÇAPLI ŞEBEKE HATTI ARIZASI,14/06/2023 11:52:58,14/06/2023 13:30:00,KEMANKEŞ MAH. NECATİBEY CAD.,KEMANKEŞ KARAMUSTAFAPAŞA MAH
1826,BEYOĞLU,100 MM ÇAPLI ŞEBEKE HATTI ARIZASI,03/01/2024 13:16:36,03/01/2024 16:00:00,KEMANKEŞ MH. MALİYE CD,"HACIMİMİ MAH,KEMANKEŞ KARAMUSTAFAPAŞA MAH,MÜEYYETZADE MAH"
1827,BEYOĞLU,100 MM ÇAPLI ŞEBEKE HATTI ARIZASI,18/05/2023 11:48:05,18/05/2023 14:00:00,KEMNKEŞ MH.TOPHANE İSKELE CD.,KEMANKEŞ KARAMUSTAFAPAŞA MAH
1828,BEYOĞLU,100 MM ÇAPLI ŞEBEKE HATTI ARIZASI,03/08/2023 11:56:05,03/08/2023 14:00:00,KEÇECİ PİRİ MAH. AKASYA SOK.,KECECİ PİRİ MAH
1829,BEYOĞLU,150 MM ÇAPLI ŞEBEKE HATTI ARIZASI,10/02/2024 13:47:31,10/02/2024 16:22:00,KOCAAĞA SOKAK,"FİRUZAĞA MAH,KATİPMUSTAFA ÇELEBİ MAH,KULOĞLU MAH"
1830,BEYOĞLU,ŞEBEKE HATTI VANA MONTAJI/DEĞİŞİMİ,26/12/2023 12:00:59,26/12/2023 14:00:00,KOCATEPE MH. RECEPPAŞA CD.,KOCATEPE MAH
1831,BEYOĞLU,100 MM ÇAPLI ŞEBEKE HATTI ARIZASI,08/07/2023 11:03:48,08/07/2023 13:00:00,KULOĞLU MAH. AĞA KÜLHANI SOKAK,KULOĞLU MAH
1832,BEYOĞLU,BASINÇ DÜŞÜKLÜĞÜ,21/09/2023 10:45:07,21/09/2023 17:00:00,MEHMET AKİF ERSOY MAHALLESİ,"SÜTLÜCE MAH,ÖRNEKTEPE MAH"
1833,BEYOĞLU,300 MM ÇAPLI ŞEBEKE HATTI ARIZASI,02/06/2023 14:05:29,02/06/2023 20:00:00,MEHMET AKİF ERSOY MAHALLESİ SİLAHTAR CD TÜNEL GİRİŞİ,"SÜTLÜCE MAH,ÖRNEKTEPE MAH"
1834,BEYOĞLU,ŞEBEKE HATTI VANA ARIZASI,05/12/2023 10:03:27,05/12/2023 16:00:00,MEHMET AKİF ERSOY TUĞRUL SK KARŞISI YEŞİLALAN İÇİ,"HALICIOĞLU MAH,SÜTLÜCE MAH,ÖRNEKTEPE MAH"
1835,BEYOĞLU,300 MM ÇAPLI ŞEBEKE HATTI ARIZASI,03/03/2023 15:15:25,03/03/2023 19:00:00,METRO İSTASYONU,"CİHANGİR MAH,GÜMÜŞSUYU MAH,KATİPMUSTAFA ÇELEBİ MAH,KILIÇALİ PAŞA MAH,PÜRTELAŞ HASAN EFENDİ MAH,ÖMER AVNİ MAH,ŞEHİT MUHTAR MAH"
1836,BEYOĞLU,150 MM ÇAPLI ŞEBEKE HATTI ARIZASI,24/11/2023 10:21:08,24/11/2023 12:00:00,MUTFAK KAPISI SOKAK,"CAMİİKEBİR MAH,KADIMEHMET EFENDİ MAH,KAPTANPAŞA MAH,KÜCÜK PİYALE MAH"
1837,BEYOĞLU,100 MM ÇAPLI ŞEBEKE HATTI ARIZASI,23/08/2023 13:35:56,23/08/2023 15:00:00,MÜEYYETZADE MAH. HOCA ALİ SOK.,MÜEYYETZADE MAH
1838,BEYOĞLU,100 MM ÇAPLI ŞEBEKE HATTI ARIZASI,05/09/2023 09:10:34,05/09/2023 12:00:00,MÜEYYETZADE MAH. HOCA ALİ SOK.,"HACIMİMİ MAH,MÜEYYETZADE MAH"
1839,BEYOĞLU,100 MM ÇAPLI ŞEBEKE HATTI ARIZASI,31/07/2023 09:27:38,31/07/2023 12:00:00,MÜEYYETZADE MAH.YÜKSEK KALDIRIM CD.NO.21 ÖNÜ,MÜEYYETZADE MAH
1840,BEYOĞLU,100 MM ÇAPLI ŞEBEKE HATTI ARIZASI,13/05/2023 10:10:48,13/05/2023 13:00:00,MÜEYYETZADE MAHALLESİ TATARBEYİ SOKAK 3,MÜEYYETZADE MAH
1841,BEYOĞLU,100 MM ÇAPLI ŞEBEKE HATTI ARIZASI,08/12/2023 12:53:46,08/12/2023 15:00:00,PEŞKİRAĞASI SOKAK,"HACIAHMET MAH,YENİŞEHİR MAH"
1842,BEYOĞLU,100 MM ÇAPLI ŞEBEKE HATTI ARIZASI,12/07/2023 11:51:38,12/07/2023 13:30:00,PÜRTELAŞ HASAN EFENDİ MAH. ALÇAKDAM YOKUŞU,"CİHANGİR MAH,GÜMÜŞSUYU MAH,KATİPMUSTAFA ÇELEBİ MAH,KILIÇALİ PAŞA MAH"
1843,BEYOĞLU,100 MM ÇAPLI ŞEBEKE HATTI ARIZASI,06/03/2023 12:50:40,06/03/2023 17:00:00,PİR HUSAMETTİN SOKAK NO 7,"HACIAHMET MAH,YENİŞEHİR MAH"
1844,BEYOĞLU,100 MM ÇAPLI ŞEBEKE HATTI ARIZASI,27/10/2023 00:25:03,27/10/2023 08:00:00,PİRİ PAŞA MAH HASKÖY CD SK İÇİ,"FETİHTEPE MAH,HALICIOĞLU MAH,KECECİ PİRİ MAH,PİRİPAŞA MAH"
1845,BEYOĞLU,100 MM ÇAPLI ŞEBEKE HATTI ARIZASI,31/08/2023 16:20:38,31/08/2023 19:00:00,PİRİ PAŞA MH.YILDIRIM SK,PİRİPAŞA MAH
1846,BEYOĞLU,100 MM ÇAPLI ŞEBEKE HATTI ARIZASI,12/12/2023 16:19:52,12/12/2023 18:00:00,PİYALE PAŞA MAH.KUZEY SK.,PİYALEPAŞA MAH
1847,BEYOĞLU,100 MM ÇAPLI ŞEBEKE HATTI ARIZASI,16/08/2023 11:57:03,16/08/2023 15:00:00,PİYALEPAŞA MAH. KURUDERE SOKAK,PİYALEPAŞA MAH
1848,BEYOĞLU,100 MM ÇAPLI ŞEBEKE HATTI ARIZASI,29/07/2023 22:46:59,30/07/2023 01:00:00,PİYALEPAŞA MAH. MERDİVENLİ SK.,PİYALEPAŞA MAH
1849,BEYOĞLU,100 MM ÇAPLI ŞEBEKE HATTI ARIZASI,25/12/2023 12:09:48,25/12/2023 14:00:00,REMZİ BABA SOKAK,"HACIAHMET MAH,YENİŞEHİR MAH"
1850,BEYOĞLU,BASINÇ DÜŞÜKLÜĞÜ,29/01/2024 11:08:04,29/01/2024 13:00:00,SARAY BURNU,"ARAP CAMİ MAH,BEREKETZADE MAH,EMEKYEMEZ MAH,HACIMİMİ MAH,KEMANKEŞ KARAMUSTAFAPAŞA MAH,KILIÇALİ PAŞA MAH,MÜEYYETZADE MAH,PÜRTELAŞ HASAN EFENDİ MAH,ÖMER AVNİ MAH"
1851,BEYOĞLU,100 MM ÇAPLI ŞEBEKE HATTI ARIZASI,09/06/2023 13:08:18,09/06/2023 17:00:00,SURURİ MAH. ATLAMA SOKAK,"KAMER HATUN MAH,SURURİ MEHMET EFENDİ MAH"
1852,BEYOĞLU,100 MM ÇAPLI ŞEBEKE HATTI ARIZASI,04/05/2023 12:30:41,04/05/2023 22:00:00,SURURİ MAH. KERAMET SOK.,"KAMER HATUN MAH,SURURİ MEHMET EFENDİ MAH,YAHYA KAHYA MAH,ÇATMA MESCİT MAH"
1853,BEYOĞLU,100 MM ÇAPLI ŞEBEKE HATTI ARIZASI,11/07/2023 12:38:25,11/07/2023 15:00:00,SURURİ MAH. KERAMET SOK.,SURURİ MEHMET EFENDİ MAH
1854,BEYOĞLU,100 MM ÇAPLI ŞEBEKE HATTI ARIZASI,29/07/2023 15:06:29,29/07/2023 19:00:00,SURURİ MAH. KERAMET SOK.,"BOSTAN MAH,BÜLBÜL MAH,HÜSEYİNAĞA MAH,KALYONCU KULLUĞU MAH,KAMER HATUN MAH,KOCATEPE MAH,SURURİ MEHMET EFENDİ MAH,YAHYA KAHYA MAH,ÇUKUR MAH,ŞEHİT MUHTAR MAH"
1855,BEYOĞLU,100 MM ÇAPLI ŞEBEKE HATTI ARIZASI,06/09/2023 12:03:17,06/09/2023 14:00:00,SURURİ MAH. SİPAHİ FIRIN SOK.,"SURURİ MEHMET EFENDİ MAH,YAHYA KAHYA MAH"
1856,BEYOĞLU,100 MM ÇAPLI ŞEBEKE HATTI ARIZASI,09/06/2023 17:52:25,09/06/2023 21:00:00,SÜTLÜCE MAH FUADİYE SK,"SÜTLÜCE MAH,ÖRNEKTEPE MAH"
1857,BEYOĞLU,100 MM ÇAPLI ŞEBEKE HATTI ARIZASI,15/07/2023 12:51:19,15/07/2023 14:00:00,SÜTLÜCE MAH ZOR BAYIR SOK.,SÜTLÜCE MAH
1858,BEYOĞLU,ŞEBEKE HATTI VANA MONTAJI/DEĞİŞİMİ,30/11/2023 16:28:12,30/11/2023 20:30:00,TALATPAŞA MAH OKTAY SK SEMAVER KESİŞİMİ,"SÜTLÜCE MAH,ÖRNEKTEPE MAH"
1859,BEYOĞLU,ŞEBEKE HATTI VANA ARIZASI,21/11/2023 12:37:19,21/11/2023 17:00:00,TALATPAŞA MAH ŞAHİN SK GÜNYÜZÜ SK KESİŞİMİ,"SÜTLÜCE MAH,ÖRNEKTEPE MAH"
1860,BEYOĞLU,100 MM ÇAPLI ŞEBEKE HATTI ARIZASI,17/10/2023 10:40:51,17/10/2023 15:00:00,TALATPAŞA MAHALLESİ KESKİNGİL CD NO:1 ÖNÜ,"HALICIOĞLU MAH,SÜTLÜCE MAH,ÖRNEKTEPE MAH"
1861,BEYOĞLU,ŞEBEKE HATTI VANA MONTAJI/DEĞİŞİMİ,25/10/2023 10:00:27,25/10/2023 16:00:00,TALATPAŞA MAHALLESİ ÇELEBİ CD BAŞI,"HALICIOĞLU MAH,SÜTLÜCE MAH,ÖRNEKTEPE MAH"
1862,BEYOĞLU,100 MM ÇAPLI ŞEBEKE HATTI ARIZASI,15/02/2024 09:50:55,15/02/2024 12:00:00,TATAROĞLU SOKAK,"FETİHTEPE MAH,HALICIOĞLU MAH,KECECİ PİRİ MAH,PİRİPAŞA MAH"
1863,BEYOĞLU,150 MM ÇAPLI ŞEBEKE HATTI ARIZASI,30/01/2024 08:54:06,30/01/2024 22:00:00,TERSANE CADDESİ NO 122,"ARAP CAMİ MAH,BEREKETZADE MAH,EMEKYEMEZ MAH,MÜEYYETZADE MAH"
1864,BEYOĞLU,100 MM ÇAPLI ŞEBEKE HATTI ARIZASI,18/08/2023 13:30:24,18/08/2023 17:00:00,TOMTOM MAH. BOĞAZKESEN CAD.,TOMTOM MAH
1865,BEYOĞLU,100 MM ÇAPLI ŞEBEKE HATTI ARIZASI,10/06/2023 11:58:02,10/06/2023 13:30:00,TOMTOM MAH. KUMBARACI YOKUŞU SOKAK,TOMTOM MAH
1866,BEYOĞLU,100 MM ÇAPLI ŞEBEKE HATTI ARIZASI,26/07/2023 08:40:16,26/07/2023 11:00:00,TOMTOM MAH. YENİ ÇARŞI CAD.,TOMTOM MAH
1867,BEYOĞLU,100 MM ÇAPLI ŞEBEKE HATTI ARIZASI,26/07/2023 17:51:21,26/07/2023 19:30:00,TOMTOM MAH. YENİ ÇARŞI CAD.,TOMTOM MAH
1868,BEYOĞLU,300 MM ÇAPLI ŞEBEKE HATTI ARIZASI,07/10/2023 12:43:13,07/10/2023 16:00:00,TUZCU MURAT SOKAK,"HACIAHMET MAH,YENİŞEHİR MAH"
1869,BEYOĞLU,100 MM ÇAPLI ŞEBEKE HATTI ARIZASI,03/02/2024 12:09:46,03/02/2024 16:41:00,VİRAN SOKAK,PİRİPAŞA MAH
1870,BEYOĞLU,100 MM ÇAPLI ŞEBEKE HATTI ARIZASI,25/02/2023 21:48:03,25/02/2023 23:59:00,YAHYA KAHYA MAH. SİPAHİ FIRINI SOK. NO:7,"SURURİ MEHMET EFENDİ MAH,YAHYA KAHYA MAH"
1871,BEYOĞLU,100 MM ÇAPLI ŞEBEKE HATTI ARIZASI,05/08/2023 11:44:52,05/08/2023 15:00:00,YENİŞEHİR MAH. GÜLLECİ SOK.,"HACIAHMET MAH,YENİŞEHİR MAH"
1872,BEYOĞLU,100 MM ÇAPLI ŞEBEKE HATTI ARIZASI,11/08/2023 11:55:45,11/08/2023 17:00:00,YENİŞEHİR MAH. GÜLLECİ SOK.,YENİŞEHİR MAH
1873,BEYOĞLU,100 MM ÇAPLI ŞEBEKE HATTI ARIZASI,09/09/2023 11:02:06,09/09/2023 13:30:00,YENİŞEHİR MAH. HAKEM SOKAK 17,"HACIAHMET MAH,YENİŞEHİR MAH"
1874,BEYOĞLU,100 MM ÇAPLI ŞEBEKE HATTI ARIZASI,20/11/2023 11:12:30,20/11/2023 16:00:00,YENİŞEHİR MAH.GÜLLECİ SK,"HACIAHMET MAH,YENİŞEHİR MAH,İSTİKLAL MAH"
1875,BEYOĞLU,100 MM ÇAPLI ŞEBEKE HATTI ARIZASI,24/07/2023 15:14:15,24/07/2023 20:00:00,ÇATMA MESCİT MAH. TAŞÇI KEMAL SOK.,"BEDRETTİN MAH,BOSTAN MAH,CAMİİKEBİR MAH,KAMER HATUN MAH,KAPTANPAŞA MAH,KULAKSIZ MAH,KÜCÜK PİYALE MAH,SURURİ MEHMET EFENDİ MAH,YAHYA KAHYA MAH,ÇATMA MESCİT MAH"
1876,BEYOĞLU,300 MM ÇAPLI ŞEBEKE HATTI ARIZASI,30/07/2023 11:22:45,30/07/2023 14:00:00,ÇATMA MESCİT MH.MEHMET PEHLİVAN SK,"BEDRETTİN MAH,SURURİ MEHMET EFENDİ MAH,YAHYA KAHYA MAH,ÇATMA MESCİT MAH"
1877,BEYOĞLU,100 MM ÇAPLI ŞEBEKE HATTI ARIZASI,27/10/2023 11:13:25,27/10/2023 13:00:00,ÇAVUŞ SOKAK NO : 3,İSTİKLAL MAH
1878,BEYOĞLU,100 MM ÇAPLI ŞEBEKE HATTI ARIZASI,19/10/2023 15:53:04,19/10/2023 20:00:00,ÇAĞLAYAN MAH SİNEM SK 2A ÖNÜ,"HALICIOĞLU MAH,SÜTLÜCE MAH,ÖRNEKTEPE MAH"
1879,BEYOĞLU,100 MM ÇAPLI ŞEBEKE HATTI ARIZASI,25/09/2023 09:58:58,25/09/2023 13:00:00,ÇUKUR MAH. KALYONCU KULLUK CAD.,"BOSTAN MAH,BÜLBÜL MAH,KALYONCU KULLUĞU MAH,KAMER HATUN MAH,SURURİ MEHMET EFENDİ MAH,ÇUKUR MAH,ŞEHİT MUHTAR MAH"
1880,BEYOĞLU,100 MM ÇAPLI ŞEBEKE HATTI ARIZASI,19/08/2023 09:10:41,19/08/2023 13:00:00,ÇUKUR MAH. ÇUKUR SOK. NO 1,"BOSTAN MAH,BÜLBÜL MAH,KALYONCU KULLUĞU MAH,KAMER HATUN MAH,KOCATEPE MAH,SURURİ MEHMET EFENDİ MAH,ÇUKUR MAH,ŞEHİT MUHTAR MAH"
1881,BEYOĞLU,150 MM ÇAPLI ŞEBEKE HATTI ARIZASI,08/03/2023 10:58:22,08/03/2023 15:00:00,ÖMER AVNİ MAH.İNEBOLU SK,ÖMER AVNİ MAH
1882,BEYOĞLU,150 MM ÇAPLI ŞEBEKE HATTI ARIZASI,05/02/2024 09:44:04,05/02/2024 21:00:00,ÖMER HAYYAM CADDESİ,"ASMALI MESCİT MAH,BEDRETTİN MAH,BOSTAN MAH,BÜLBÜL MAH,CAMİİKEBİR MAH,HÜSEYİNAĞA MAH,KALYONCU KULLUĞU MAH,KAMER HATUN MAH,KAPTANPAŞA MAH,KOCATEPE MAH,KULAKSIZ MAH,KÜCÜK PİYALE MAH,SURURİ MEHMET EFENDİ MAH,YAHYA KAHYA MAH,YAHYA KAHYA MAH,ÇATMA MESCİT MAH,ÇUKUR MAH,ŞEHİT MUHTAR MAH"
1883,BEYOĞLU,100 MM ÇAPLI ŞEBEKE HATTI ARIZASI,30/09/2023 13:33:34,30/09/2023 17:00:00,ÖRNEKTEPE MAH. PAZARALTI SOK.,"SÜTLÜCE MAH,ÖRNEKTEPE MAH"
1884,BEYOĞLU,100 MM ÇAPLI ŞEBEKE HATTI ARIZASI,19/06/2023 10:46:54,19/06/2023 13:00:00,ÖRNEKTEPE MAH. PAZARALTI SOK. NO 74,"SÜTLÜCE MAH,ÖRNEKTEPE MAH"
1885,BEYOĞLU,100 MM ÇAPLI ŞEBEKE HATTI ARIZASI,19/07/2023 15:01:37,19/07/2023 17:00:00,ÖRNEKTEPE MH.MEHTAP SK.,ÖRNEKTEPE MAH
1886,BEYOĞLU,ŞEBEKE HATTI VANA MONTAJI/DEĞİŞİMİ,21/12/2023 15:16:27,21/12/2023 18:00:00,ÖRNEKTEPE MH.OK SK,"SÜTLÜCE MAH,ÖRNEKTEPE MAH"
1887,BEYOĞLU,150 MM ÇAPLI ŞEBEKE HATTI ARIZASI,01/12/2023 11:32:54,01/12/2023 15:00:00,ÖRNEKTEPE MH.İMRAHOR CD,"SÜTLÜCE MAH,ÖRNEKTEPE MAH"
1888,BEYOĞLU,100 MM ÇAPLI ŞEBEKE HATTI ARIZASI,19/12/2023 10:33:58,19/12/2023 12:00:00,ÜLKER SOKAK,GÜMÜŞSUYU MAH
1889,BEYOĞLU,100 MM ÇAPLI ŞEBEKE HATTI ARIZASI,24/12/2023 12:43:17,24/12/2023 16:00:00,ÜLKER SOKAK GÜMÜŞSUYU MAHALLESİ,GÜMÜŞSUYU MAH
1890,BEYOĞLU,100 MM ÇAPLI ŞEBEKE HATTI ARIZASI,04/11/2023 10:02:37,04/11/2023 12:00:00,İNEBOL SOKAK,ÖMER AVNİ MAH
1891,BEYOĞLU,100 MM ÇAPLI ŞEBEKE HATTI ARIZASI,26/07/2023 21:46:13,26/07/2023 23:59:00,İSTİKLAL MAH DOST SK NO 4,"HACIAHMET MAH,İSTİKLAL MAH"
1892,BEYOĞLU,100 MM ÇAPLI ŞEBEKE HATTI ARIZASI,27/08/2023 14:53:47,27/08/2023 18:00:00,İSTİKLAL MAH PAŞALI HASAN SK,İSTİKLAL MAH
1893,BEYOĞLU,100 MM ÇAPLI ŞEBEKE HATTI ARIZASI,15/05/2023 20:49:25,15/05/2023 23:00:00,İSTİKLAL MAH. ALİ KABULİ CD NO:12 ÖNÜ,İSTİKLAL MAH
1894,BEYOĞLU,100 MM ÇAPLI ŞEBEKE HATTI ARIZASI,19/08/2023 13:24:16,19/08/2023 15:00:00,İSTİKLAL MAH. HACI HÜSREV CAD. NO 40,İSTİKLAL MAH
1895,BEYOĞLU,100 MM ÇAPLI ŞEBEKE HATTI ARIZASI,06/05/2023 20:46:18,06/05/2023 23:00:00,İSTİKLAL MAH. HACI HÜSREV KÖPRÜSÜ SK NO:52 ÖNÜ,İSTİKLAL MAH
1896,BEYOĞLU,100 MM ÇAPLI ŞEBEKE HATTI ARIZASI,20/06/2023 18:22:42,20/06/2023 20:30:00,İSTİKLAL MAH. KAN KARDEŞİ SK,İSTİKLAL MAH
1897,BEYOĞLU,100 MM ÇAPLI ŞEBEKE HATTI ARIZASI,17/04/2023 10:48:17,17/04/2023 12:38:00,İSTİKLAL MAH. MAHMUT AĞA YOKUŞU SOK. İNŞŞAT,İSTİKLAL MAH
1898,BEYOĞLU,100 MM ÇAPLI ŞEBEKE HATTI ARIZASI,08/05/2023 16:06:51,08/05/2023 19:00:00,İSTİKLAL MAH. SAHAF ÇEŞMESİ SOK.,İSTİKLAL MAH
1899,BEYOĞLU,100 MM ÇAPLI ŞEBEKE HATTI ARIZASI,05/09/2023 09:21:25,05/09/2023 12:00:00,İSTİKLAL MAH. İPLİKÇİ FIRIN CAD. NO 122,İSTİKLAL MAH
1900,BEYOĞLU,100 MM ÇAPLI ŞEBEKE HATTI ARIZASI,23/11/2023 10:18:56,23/11/2023 12:00:00,İSTİKLAL MAHALLESİ,İSTİKLAL MAH
1901,BEYOĞLU,100 MM ÇAPLI ŞEBEKE HATTI ARIZASI,05/05/2023 09:51:19,05/05/2023 13:00:00,İSTİKLAL SAKIZAĞACI CADDESİ,İSTİKLAL MAH
1902,BEYOĞLU,300 MM ÇAPLI ŞEBEKE HATTI ARIZASI,01/06/2023 17:24:20,01/06/2023 23:00:00,ŞEHİT MUHTAR MAHALLESİ UTARİT SOKAK NO 6 ÖNÜ,"BOSTAN MAH,BÜLBÜL MAH,HÜSEYİNAĞA MAH,KALYONCU KULLUĞU MAH,KAMER HATUN MAH,KOCATEPE MAH,KULOĞLU MAH,SURURİ MEHMET EFENDİ MAH,ÇUKUR MAH,ŞEHİT MUHTAR MAH"
1903,BEŞİKTAŞ,ŞEBEKE HATTI VANA MONTAJI/DEĞİŞİMİ,08/08/2023 14:02:30,08/08/2023 16:30:00,ABBASAĞA MAH- IHLAMUR YILDIZ CD SABANCI LİSESİ ÖNÜ,"ABBASAĞA MAH,CİHANNÜMA MAH,SİNANPAŞA MAH,YILDIZ MAH"
1904,BEŞİKTAŞ,150 MM ÇAPLI ŞEBEKE HATTI ARIZASI,02/11/2023 09:43:05,02/11/2023 16:00:00,AKAT MAH  FENERLİ HRİSTO SK İÇİ,AKAT MAH
1905,BEŞİKTAŞ,100 MM ÇAPLI ŞEBEKE HATTI ARIZASI,31/05/2023 15:19:56,31/05/2023 18:30:00,AKAT MAH MEŞE SK İÇİ,AKAT MAH
1906,BEŞİKTAŞ,100 MM ÇAPLI ŞEBEKE HATTI ARIZASI,15/01/2024 14:37:14,15/01/2024 17:30:00,AKAT MAH- YILDIRIMOĞULGÖKAR SK NO:5,AKAT MAH
1907,BEŞİKTAŞ,100 MM ÇAPLI ŞEBEKE HATTI ARIZASI,23/10/2023 12:09:02,23/10/2023 16:00:00,AKAT MAH-KAÇAR SK İÇİ,AKAT MAH
1908,BEŞİKTAŞ,100 MM ÇAPLI ŞEBEKE HATTI ARIZASI,03/11/2023 18:23:33,04/11/2023 13:30:00,AKAT MAH-KAÇAR SK.İÇİ,AKAT MAH
1909,BEŞİKTAŞ,100 MM ÇAPLI ŞEBEKE HATTI ARIZASI,14/07/2023 16:37:46,14/07/2023 18:30:00,AKAT MAH-PAPATYA SK.İÇİ,AKAT MAH
1910,BEŞİKTAŞ,ŞEBEKE HATTI DEPLASE ÇALIŞMASI,22/11/2023 12:58:30,22/11/2023 18:00:00,AKAT MAH-TEPECİKYOLU SK.İÇİ,AKAT MAH
1911,BEŞİKTAŞ,100 MM ÇAPLI ŞEBEKE HATTI ARIZASI,17/04/2023 15:00:47,17/04/2023 19:00:00,AKAT MAHALLE DENİZ SOKAK,AKAT MAH
1912,BEŞİKTAŞ,200 MM ÇAPLI ŞEBEKE HATTI ARIZASI,14/05/2023 14:53:48,14/05/2023 17:00:00,AKAT MAHALLE YEŞİM SOKAK,AKAT MAH
1913,BEŞİKTAŞ,ŞEBEKE HATTI VANA MONTAJI/DEĞİŞİMİ,05/06/2023 13:52:26,05/06/2023 18:00:00,AKAT MH AÇELYA SK GELİNÇİK SK KESİŞİMİ,AKAT MAH
1914,BEŞİKTAŞ,100 MM ÇAPLI ŞEBEKE HATTI ARIZASI,24/04/2023 10:25:25,24/04/2023 14:30:00,AKAT MH DENIZ SK  SK IÇI,AKAT MAH
1915,BEŞİKTAŞ,100 MM ÇAPLI ŞEBEKE HATTI ARIZASI,21/06/2023 09:15:08,21/06/2023 18:00:00,AKAT MH EBRU SK,AKAT MAH
1916,BEŞİKTAŞ,100 MM ÇAPLI ŞEBEKE HATTI ARIZASI,14/10/2023 13:06:12,14/10/2023 18:00:00,AKAT MH ELİUYGUN SK CAMİ ÖNÜ,AKAT MAH
1917,BEŞİKTAŞ,100 MM ÇAPLI ŞEBEKE HATTI ARIZASI,30/12/2023 10:59:22,30/12/2023 15:00:00,AKAT MH FENERLİRİSTO SK,AKAT MAH
1918,BEŞİKTAŞ,100 MM ÇAPLI ŞEBEKE HATTI ARIZASI,03/11/2023 09:03:20,03/11/2023 18:00:00,AKAT MH KACÇAR SK  İÇİ,AKAT MAH
1919,BEŞİKTAŞ,100 MM ÇAPLI ŞEBEKE HATTI ARIZASI,13/10/2023 11:46:40,13/10/2023 18:00:00,AKAT MH KAÇAR SK,AKAT MAH
1920,BEŞİKTAŞ,100 MM ÇAPLI ŞEBEKE HATTI ARIZASI,15/06/2023 09:29:50,15/06/2023 13:30:00,AKAT MH KAÇAR SK   İÇİ,AKAT MAH
1921,BEŞİKTAŞ,100 MM ÇAPLI ŞEBEKE HATTI ARIZASI,01/03/2023 11:20:24,01/03/2023 15:00:00,AKAT MH KİRAZ SK NO:114,AKAT MAH
1922,BEŞİKTAŞ,250 MM ÇAPLI ŞEBEKE HATTI ARIZASI,30/05/2023 12:05:05,30/05/2023 17:00:00,"AKAT MH MEŞE SK SK İÇİ,",AKAT MAH
1923,BEŞİKTAŞ,100 MM ÇAPLI ŞEBEKE HATTI ARIZASI,23/12/2023 12:24:36,23/12/2023 14:30:00,AKAT MH ZEYTİNOĞLU CD  İ NO:27,AKAT MAH
1924,BEŞİKTAŞ,ŞEBEKE HATTI VANA MONTAJI/DEĞİŞİMİ,10/10/2023 10:12:49,10/10/2023 18:00:00,AKAT MH ZEYTİNOĞLU CD  İÇİ,AKAT MAH
1925,BEŞİKTAŞ,250 MM ÇAPLI ŞEBEKE HATTI ARIZASI,06/06/2023 09:19:45,06/06/2023 13:30:00,AKAT NH ZEYTİNOĞLU  CD MEŞE SK KESİŞİMİ,AKAT MAH
1926,BEŞİKTAŞ,100 MM ÇAPLI ŞEBEKE HATTI ARIZASI,02/09/2023 11:05:25,02/09/2023 14:00:00,AKATLAR MH KUMRU SK,AKAT MAH
1927,BEŞİKTAŞ,100 MM ÇAPLI ŞEBEKE HATTI ARIZASI,15/01/2024 11:15:09,15/01/2024 18:00:00,ARNAVUT KÖY MAH- ADALİFETTAH SK NO:6,"ARNAVUTKÖY MAH,KURUÇEŞME MAH"
1928,BEŞİKTAŞ,100 MM ÇAPLI ŞEBEKE HATTI ARIZASI,17/09/2023 10:32:23,17/09/2023 21:30:00,ARNAVUT KÖY MAH-ÇEŞME SK İÇİ,ARNAVUTKÖY MAH
1929,BEŞİKTAŞ,100 MM ÇAPLI ŞEBEKE HATTI ARIZASI,27/10/2023 13:19:58,27/10/2023 16:30:00,ARNAVUT KÖY MAH-ŞARIK ARIYAK SK NO.42,ARNAVUTKÖY MAH
1930,BEŞİKTAŞ,100 MM ÇAPLI ŞEBEKE HATTI ARIZASI,29/11/2023 09:42:46,29/11/2023 13:00:00,ARNAVUTKÖY MAH DULKADİROĞULLARI SK NO:2,ARNAVUTKÖY MAH
1931,BEŞİKTAŞ,ŞEBEKE HATTI DEPLASE ÇALIŞMASI,20/06/2023 10:41:24,20/06/2023 17:00:00,ARNAVUTKÖY MAH ŞARIK ARIYAK SK.İÇİ,ARNAVUTKÖY MAH
1932,BEŞİKTAŞ,100 MM ÇAPLI ŞEBEKE HATTI ARIZASI,22/09/2023 11:15:55,22/09/2023 20:00:00,ARNAVUTKÖY MH ADALIFETTAH SK NO:21 ÖNÜ,ARNAVUTKÖY MAH
1933,BEŞİKTAŞ,100 MM ÇAPLI ŞEBEKE HATTI ARIZASI,07/10/2023 11:55:25,07/10/2023 15:00:00,BALMUMCU MAH BARBAROSBULVARI   CD,BALMUMCU MAH
1934,BEŞİKTAŞ,100 MM ÇAPLI ŞEBEKE HATTI ARIZASI,22/02/2023 13:53:25,22/02/2023 18:00:00,BALMUMCU MAH BARBAROSBULVARI NO:74 ÖNÜ,"BALMUMCU MAH,MECİDİYE MAH"
1935,BEŞİKTAŞ,100 MM ÇAPLI ŞEBEKE HATTI ARIZASI,12/11/2023 13:31:18,12/11/2023 15:30:00,BALMUMCU MAH BARBAROSBULVARI NO:78,BALMUMCU MAH
1936,BEŞİKTAŞ,100 MM ÇAPLI ŞEBEKE HATTI ARIZASI,07/11/2023 10:27:19,07/11/2023 13:00:00,BALMUMCU MH BARBAROSBULVARI NO:62,BALMUMCU MAH
1937,BEŞİKTAŞ,100 MM ÇAPLI ŞEBEKE HATTI ARIZASI,27/01/2024 10:00:54,27/01/2024 12:30:00,BEBEK MAH-KÜÇÜK BEBEK CD.NO.17,BEBEK MAH
1938,BEŞİKTAŞ,100 MM ÇAPLI ŞEBEKE HATTI ARIZASI,14/05/2023 10:20:39,14/05/2023 12:30:00,BEBEK MAHALLE CEVDETPAŞA CADDE,BEBEK MAH
1939,BEŞİKTAŞ,100 MM ÇAPLI ŞEBEKE HATTI ARIZASI,17/07/2023 18:20:44,17/07/2023 21:30:00,BEBEK MAHALLE CEVDETPAŞA CADDE,BEBEK MAH
1940,BEŞİKTAŞ,ARITMA TESİSİ ARIZASI,27/12/2023 15:06:11,27/12/2023 19:00:00,CUMHURİYET ARITMA,"ARNAVUTKÖY MAH,BEBEK MAH,KURUÇEŞME MAH,MECİDİYE MAH,VİŞNEZADE MAH"
1941,BEŞİKTAŞ,100 MM ÇAPLI ŞEBEKE HATTI ARIZASI,14/09/2023 10:08:07,14/09/2023 12:30:00,CİHANNUMA MH BARBAROLBULVARI İÇİ,"ABBASAĞA MAH,CİHANNÜMA MAH,YILDIZ MAH"
1942,BEŞİKTAŞ,100 MM ÇAPLI ŞEBEKE HATTI ARIZASI,05/10/2023 09:14:57,05/10/2023 11:30:00,CİHANNUMA MH BARBAROLBULVARI İÇİ,"CİHANNÜMA MAH,SİNANPAŞA MAH,YILDIZ MAH"
1943,BEŞİKTAŞ,100 MM ÇAPLI ŞEBEKE HATTI ARIZASI,03/07/2023 14:18:21,03/07/2023 16:30:00,CİHANNÜMA MAH-BOSTANCI VELİ SK İÇİ,"ABBASAĞA MAH,CİHANNÜMA MAH,TÜRKALİ MAH"
1944,BEŞİKTAŞ,150 MM ÇAPLI ŞEBEKE HATTI ARIZASI,09/08/2023 11:01:12,09/08/2023 14:00:00,CİHANNÜMA MAH-HÜSNÜ SAVMAN SK.NO.40 ÖNÜ,"ABBASAĞA MAH,CİHANNÜMA MAH,YILDIZ MAH"
1945,BEŞİKTAŞ,100 MM ÇAPLI ŞEBEKE HATTI ARIZASI,06/09/2023 11:26:30,06/09/2023 13:30:00,CİHANNÜMA MAH-YEMİ HMFIRI SK NO:5,"ABBASAĞA MAH,CİHANNÜMA MAH,YILDIZ MAH"
1946,BEŞİKTAŞ,150 MM ÇAPLI ŞEBEKE HATTI ARIZASI,25/07/2023 18:54:11,25/07/2023 22:00:00,CİHANÜMA MAH- BARBAROS BULVARI,"ABBASAĞA MAH,BALMUMCU MAH,CİHANNÜMA MAH,SİNANPAŞA MAH,TÜRKALİ MAH,YILDIZ MAH"
1947,BEŞİKTAŞ,ŞEBEKE HATTI VANA MONTAJI/DEĞİŞİMİ,25/07/2023 10:43:48,25/07/2023 14:30:00,CİHANÜMA MAH- BARBAROS BULVARI NO.85,"ABBASAĞA MAH,CİHANNÜMA MAH,YILDIZ MAH"
1948,BEŞİKTAŞ,900 MM ÇAPLI ANA İSALE HATTI ARIZASI,20/12/2023 12:29:10,20/12/2023 19:00:00,DOLMABAHÇE,"SİNANPAŞA MAH,VİŞNEZADE MAH,YILDIZ MAH"
1949,BEŞİKTAŞ,150 MM ÇAPLI ŞEBEKE HATTI ARIZASI,16/07/2023 01:06:50,16/07/2023 14:30:00,DİKİLİTAŞ MAH,DİKİLİTAŞ MAH
1950,BEŞİKTAŞ,ŞEBEKE HATTI DEPLASE ÇALIŞMASI,11/03/2023 09:01:06,11/03/2023 15:00:00,DİKİLİTAŞ MAH-KARAKIŞ SK.İÇİ,DİKİLİTAŞ MAH
1951,BEŞİKTAŞ,150 MM ÇAPLI ŞEBEKE HATTI ARIZASI,21/09/2023 09:08:28,21/09/2023 17:00:00,DİKİLİTAŞ MH FULDEN SK İNŞAAT ÇALIŞMASI,DİKİLİTAŞ MAH
1952,BEŞİKTAŞ,ARIZA SEBEBİ İLE BASINÇ DÜŞÜKLÜĞÜ,13/12/2023 12:34:06,14/12/2023 03:00:00,EMİRGAN SAKIB SABANCI CAD.,"ARNAVUTKÖY MAH,BEBEK MAH"
1953,BEŞİKTAŞ,100 MM ÇAPLI ŞEBEKE HATTI ARIZASI,05/10/2023 15:37:09,05/10/2023 18:00:00,GAYRETTEPE  HOŞSOHBET SK NO:11,GAYRETTEPE MAH
1954,BEŞİKTAŞ,100 MM ÇAPLI ŞEBEKE HATTI ARIZASI,27/02/2023 12:52:31,27/02/2023 15:00:00,GAYRETTEPE MAH- CEMİL ASLAN GÜDER SK.NO.42,GAYRETTEPE MAH
1955,BEŞİKTAŞ,100 MM ÇAPLI ŞEBEKE HATTI ARIZASI,18/04/2023 14:15:15,18/04/2023 18:30:00,GAYRETTEPE MAH-ERDOĞAN ÖZKARDEŞLER SK  SARAL SİTESİ,GAYRETTEPE MAH
1956,BEŞİKTAŞ,100 MM ÇAPLI ŞEBEKE HATTI ARIZASI,22/02/2023 09:53:52,22/02/2023 12:00:00,GAYRETTEPE MAH-ERDOĞAN ÖZKARDEŞLER SK SK İNO:6,GAYRETTEPE MAH
1957,BEŞİKTAŞ,100 MM ÇAPLI ŞEBEKE HATTI ARIZASI,04/02/2024 11:07:52,04/02/2024 13:30:00,GAYRETTEPE MAH-GÜLACARA ALT SK NO.1,GAYRETTEPE MAH
1958,BEŞİKTAŞ,ARIZA SEBEBİ İLE BASINÇ DÜŞÜKLÜĞÜ,19/12/2023 21:58:28,20/12/2023 08:00:00,HAREM 2200 MM İSALE HATTI,"CİHANNÜMA MAH,LEVAZIM MAH,SİNANPAŞA MAH,TÜRKALİ MAH,VİŞNEZADE MAH,YILDIZ MAH"
1959,BEŞİKTAŞ,ARIZA SEBEBİ İLE BASINÇ DÜŞÜKLÜĞÜ,21/12/2023 21:05:31,22/12/2023 06:00:00,K.ÇAMLICA-SALACAK 2200 MM İSALE HATTI,"CİHANNÜMA MAH,LEVAZIM MAH,SİNANPAŞA MAH,TÜRKALİ MAH,VİŞNEZADE MAH,YILDIZ MAH"
1960,BEŞİKTAŞ,ELEKTRİK ENERJİSİ PROBLEMİ,21/06/2023 23:56:46,22/06/2023 05:00:00,KAĞITHANE ARITMA,"MURADİYE MAH,VİŞNEZADE MAH"
1961,BEŞİKTAŞ,1600 MM ÇAPLI ANA İSALE HATTI ARIZASI,01/05/2023 20:21:58,02/05/2023 08:00:00,KEMERBURGAZ CADDESİ,"ORTAKÖY MAH,VİŞNEZADE MAH,YILDIZ MAH"
1962,BEŞİKTAŞ,100 MM ÇAPLI ŞEBEKE HATTI ARIZASI,31/03/2023 09:41:10,31/03/2023 12:30:00,KONAKLAR MAH-IHLAMUR SKNO:3,KONAKLAR MAH
1963,BEŞİKTAŞ,250 MM ÇAPLI ŞEBEKE HATTI ARIZASI,07/09/2023 13:07:50,07/09/2023 20:00:00,KONAKLAR MH AKÇAM CD.  İÇİ,KONAKLAR MAH
1964,BEŞİKTAŞ,250 MM ÇAPLI ŞEBEKE HATTI ARIZASI,06/09/2023 10:59:24,06/09/2023 22:00:00,KONAKLAR MH AKÇAM CD. İLE ÇINAR SK KESİŞİMİ,KONAKLAR MAH
1965,BEŞİKTAŞ,150 MM ÇAPLI ŞEBEKE HATTI ARIZASI,20/02/2023 13:22:24,20/02/2023 15:30:00,KURUÇEŞME MAH  ORMAN SK SK İÇİ,KURUÇEŞME MAH
1966,BEŞİKTAŞ,100 MM ÇAPLI ŞEBEKE HATTI ARIZASI,17/01/2024 11:12:44,17/01/2024 15:00:00,KURUÇEŞME MAH  ÖZEFE SK NO:6,"ARNAVUTKÖY MAH,KURUÇEŞME MAH"
1967,BEŞİKTAŞ,100 MM ÇAPLI ŞEBEKE HATTI ARIZASI,30/01/2024 10:20:56,30/01/2024 12:30:00,KURUÇEŞME MAH AKINCILARBAYIRI SK NO:23,"BEBEK MAH,KURUÇEŞME MAH"
1968,BEŞİKTAŞ,100 MM ÇAPLI ŞEBEKE HATTI ARIZASI,09/04/2023 11:14:49,09/04/2023 12:30:00,KURUÇEŞME MAH-ALAYEMİNİ SK.NO:27,KURUÇEŞME MAH
1969,BEŞİKTAŞ,300 MM ÇAPLI ŞEBEKE HATTI ARIZASI,17/04/2023 09:47:12,17/04/2023 14:00:00,KURUÇEŞME MAHALLE ADALI FETTAH NO:6,"ARNAVUTKÖY MAH,KURUÇEŞME MAH"
1970,BEŞİKTAŞ,ŞEBEKE HATTI VANA MONTAJI/DEĞİŞİMİ,17/07/2023 21:22:52,18/07/2023 17:30:00,LEVENT MAH KARAKOL SOKAK TERFİ MERKEZİ,"ABBASAĞA MAH,AKAT MAH,ARNAVUTKÖY MAH,BALMUMCU MAH,DİKİLİTAŞ MAH,ETİLER MAH,GAYRETTEPE MAH,KÜLTÜR MAH,LEVENT MAH,MECİDİYE MAH,NİSBETİYE MAH,ORTAKÖY MAH,TÜRKALİ MAH,ULUS MAH,YILDIZ MAH"
1971,BEŞİKTAŞ,300 MM ÇAPLI ŞEBEKE HATTI ARIZASI,16/11/2023 10:57:36,16/11/2023 15:00:00,LEVENT MAH- BÜYÜKDERE CD NO:164,LEVENT MAH
1972,BEŞİKTAŞ,100 MM ÇAPLI ŞEBEKE HATTI ARIZASI,06/08/2023 09:57:22,06/08/2023 12:57:00,LEVENT MAH-ÜLGEN SK,LEVENT MAH
1973,BEŞİKTAŞ,100 MM ÇAPLI ŞEBEKE HATTI ARIZASI,15/04/2023 14:04:57,15/04/2023 16:00:00,LEVENT MAHALLE BÜYÜKDERE CADDE NO 164,LEVENT MAH
1974,BEŞİKTAŞ,BASINÇ DÜŞÜKLÜĞÜ,17/07/2023 17:01:15,17/07/2023 21:02:00,LEVENT TERFİ MERKEZİ,"LEVENT MAH,NİSBETİYE MAH"
1975,BEŞİKTAŞ,100 MM ÇAPLI ŞEBEKE HATTI ARIZASI,06/10/2023 09:02:30,06/10/2023 12:00:00,MECİDİYE MAH MECİDİYE KÖPRÜ SK NO.11,MECİDİYE MAH
1976,BEŞİKTAŞ,100 MM ÇAPLI ŞEBEKE HATTI ARIZASI,15/11/2023 14:25:20,15/11/2023 18:00:00,MECİDİYE MAH PALANGA CD NO:38,MECİDİYE MAH
1977,BEŞİKTAŞ,100 MM ÇAPLI ŞEBEKE HATTI ARIZASI,10/10/2023 08:39:15,10/10/2023 11:30:00,MECİDİYE MAH VAPURİSKELESİ SK NO:10,MECİDİYE MAH
1978,BEŞİKTAŞ,100 MM ÇAPLI ŞEBEKE HATTI ARIZASI,02/10/2023 11:37:06,02/10/2023 14:30:00,MECİDİYE MAH ŞHT NURİ PAMİR CD NO:43,MECİDİYE MAH
1979,BEŞİKTAŞ,100 MM ÇAPLI ŞEBEKE HATTI ARIZASI,23/09/2023 08:23:39,23/09/2023 10:30:00,MECİDİYE MH SARIBALMÜTEVELLİ İBRAHİM  SK,MECİDİYE MAH
1980,BEŞİKTAŞ,150 MM ÇAPLI ŞEBEKE HATTI ARIZASI,03/10/2023 15:00:56,03/10/2023 21:00:00,MURADİYE  MH DERYADİL SK  İÇİ,MURADİYE MAH
1981,BEŞİKTAŞ,100 MM ÇAPLI ŞEBEKE HATTI ARIZASI,19/06/2023 13:59:27,19/06/2023 17:00:00,MURADİYE MH GÖKNAR SK NO:11,MURADİYE MAH
1982,BEŞİKTAŞ,700 MM  ÇAPLI ANA İSALE HATTI ARIZASI,11/07/2023 16:56:39,11/07/2023 20:00:00,NİSBETİYE CD,"AKAT MAH,ARNAVUTKÖY MAH,BALMUMCU MAH,BEBEK MAH,DİKİLİTAŞ MAH,ETİLER MAH,GAYRETTEPE MAH,KURUÇEŞME MAH,KÜLTÜR MAH,LEVAZIM MAH,LEVENT MAH,NİSBETİYE MAH,ULUS MAH"
1983,BEŞİKTAŞ,100 MM ÇAPLI ŞEBEKE HATTI ARIZASI,20/03/2023 14:31:35,20/03/2023 16:00:00,NİSBETİYE MAH- HAKKIŞEHİTHAN SK NO:17,NİSBETİYE MAH
1984,BEŞİKTAŞ,100 MM ÇAPLI ŞEBEKE HATTI ARIZASI,08/01/2024 14:11:22,08/01/2024 16:30:00,NİSBETİYE MAH- PETROL STESİYOLU SK PETROL STESİ,NİSBETİYE MAH
1985,BEŞİKTAŞ,300 MM ÇAPLI ŞEBEKE HATTI ARIZASI,02/06/2023 14:05:22,02/06/2023 17:30:00,NİSBETİYE MH  BARBAROS BULVARI ÇİFÇİLER TOVES ÖNÜ,"LEVAZIM MAH,NİSBETİYE MAH"
1986,BEŞİKTAŞ,100 MM ÇAPLI ŞEBEKE HATTI ARIZASI,02/02/2024 14:22:00,02/02/2024 16:30:00,ORTAKÖY MAH  AMCABEY SK,ORTAKÖY MAH
1987,BEŞİKTAŞ,100 MM ÇAPLI ŞEBEKE HATTI ARIZASI,21/10/2023 09:20:00,21/10/2023 13:00:00,ORTAKÖY MAH- AYDINLIK SK,ORTAKÖY MAH
1988,BEŞİKTAŞ,100 MM ÇAPLI ŞEBEKE HATTI ARIZASI,21/07/2023 09:30:51,21/07/2023 11:30:00,ORTAKÖY MAH-YENİ KALDIRIM SK.İÇİ,ORTAKÖY MAH
1989,BEŞİKTAŞ,100 MM ÇAPLI ŞEBEKE HATTI ARIZASI,12/09/2023 12:30:28,12/09/2023 15:30:00,ORTAKÖY MH AĞAAYDIN SK NO:6,"MECİDİYE MAH,ORTAKÖY MAH"
1990,BEŞİKTAŞ,ARIZA SEBEBİ İLE BASINÇ DÜŞÜKLÜĞÜ,31/01/2024 04:12:27,31/01/2024 18:00:00,ORTAKÖY MUALLİMNACİ CAD.,"ABBASAĞA MAH,CİHANNÜMA MAH,MECİDİYE MAH,MURADİYE MAH,ORTAKÖY MAH,SİNANPAŞA MAH,TÜRKALİ MAH,VİŞNEZADE MAH,YILDIZ MAH"
1991,BEŞİKTAŞ,BASINÇ DÜŞÜKLÜĞÜ,18/07/2023 20:14:29,18/07/2023 23:00:00,SARIYER-BEŞİKTAŞ,"KÜLTÜR MAH,NİSBETİYE MAH,ULUS MAH"
1992,BEŞİKTAŞ,100 MM ÇAPLI ŞEBEKE HATTI ARIZASI,09/09/2023 09:56:59,09/09/2023 13:30:00,SİNANPAŞA MAH ŞHT ASIM CD,"ABBASAĞA MAH,SİNANPAŞA MAH"
1993,BEŞİKTAŞ,ŞEBEKE HATTI VANA MONTAJI/DEĞİŞİMİ,09/06/2023 12:13:24,09/06/2023 15:30:00,SİNANPAŞA MAH- SİNANPAŞAKÖPRÜ SK NO:7,SİNANPAŞA MAH
1994,BEŞİKTAŞ,100 MM ÇAPLI ŞEBEKE HATTI ARIZASI,31/03/2023 12:24:20,31/03/2023 14:30:00,SİNANPAŞA MAH-ALAYBEYİ SK.NO.22,SİNANPAŞA MAH
1995,BEŞİKTAŞ,100 MM ÇAPLI ŞEBEKE HATTI ARIZASI,10/05/2023 14:35:52,10/05/2023 16:00:00,SİNANPAŞA MAH-İLHAN SK.NO.18,"SİNANPAŞA MAH,TÜRKALİ MAH"
1996,BEŞİKTAŞ,100 MM ÇAPLI ŞEBEKE HATTI ARIZASI,04/10/2023 09:42:07,04/10/2023 11:00:00,SİNANPAŞA MAH-İLHAN SK.İ NO:19,SİNANPAŞA MAH
1997,BEŞİKTAŞ,150 MM ÇAPLI ŞEBEKE HATTI ARIZASI,12/06/2023 01:05:03,12/06/2023 14:30:00,TÜRKALİ MAH. MISIRLI BAHÇE SOKAK,"CİHANNÜMA MAH,MECİDİYE MAH,MURADİYE MAH,SİNANPAŞA MAH,TÜRKALİ MAH,VİŞNEZADE MAH"
1998,BEŞİKTAŞ,100 MM ÇAPLI ŞEBEKE HATTI ARIZASI,24/11/2023 15:22:56,24/11/2023 17:30:00,TÜRKALİ MAH. MISIRLI BAHÇE SOKAK NO:69 ÖNÜ,"SİNANPAŞA MAH,TÜRKALİ MAH,VİŞNEZADE MAH"
1999,BEŞİKTAŞ,100 MM ÇAPLI ŞEBEKE HATTI ARIZASI,24/05/2023 08:57:11,24/05/2023 11:30:00,TÜRKALİ MH  ŞHT ASIM CD NO:35 ÖNÜ,"SİNANPAŞA MAH,TÜRKALİ MAH"
2000,BEŞİKTAŞ,100 MM ÇAPLI ŞEBEKE HATTI ARIZASI,29/08/2023 00:19:31,29/08/2023 05:00:00,TÜRKALİ MH.,"LEVENT MAH,NİSBETİYE MAH,TÜRKALİ MAH,ULUS MAH"
2001,BEŞİKTAŞ,100 MM ÇAPLI ŞEBEKE HATTI ARIZASI,07/07/2023 11:52:10,07/07/2023 14:00:00,VİŞNEZADE MAH- MAÇKA MEYDANI SK,VİŞNEZADE MAH
2002,BEŞİKTAŞ,100 MM ÇAPLI ŞEBEKE HATTI ARIZASI,14/04/2023 12:48:15,14/04/2023 15:00:00,VİŞNEZADE MAH-SPORCU ADİL SK,VİŞNEZADE MAH
2003,BEŞİKTAŞ,100 MM ÇAPLI ŞEBEKE HATTI ARIZASI,28/11/2023 14:04:10,28/11/2023 17:30:00,YILDIZ MH  PALANGA CD GİRİŞİ,"BALMUMCU MAH,MECİDİYE MAH,YILDIZ MAH"
2004,BEŞİKTAŞ,100 MM ÇAPLI ŞEBEKE HATTI ARIZASI,30/05/2023 19:15:41,30/05/2023 23:00:00,YILDIZ MH ASARİYE CD,"CİHANNÜMA MAH,YILDIZ MAH"
2005,ESENLER,150 MM ÇAPLI ŞEBEKE HATTI ARIZASI,29/01/2024 11:15:30,29/01/2024 14:00:00,1042 SOKAK SUARIZA,KAZIM KARABEKİR MAH
2006,ESENLER,300 MM ÇAPLI ŞEBEKE HATTI ARIZASI,15/08/2023 13:27:52,15/08/2023 19:30:00,15 TEMMUZ,"15 TEMMUZ,HAVAALANI MAH,ORUÇREİS MAH"
2007,ESENLER,250 MM ÇAPLI ŞEBEKE HATTI ARIZASI,18/08/2023 10:17:50,18/08/2023 20:00:00,15 TEMMUZ,15 TEMMUZ
2008,ESENLER,150 MM ÇAPLI ŞEBEKE HATTI ARIZASI,09/02/2024 10:40:30,09/02/2024 16:00:00,15 TEMMUZ,15 TEMMUZ
2009,ESENLER,300 MM ÇAPLI ŞEBEKE HATTI ARIZASI,25/03/2023 21:18:05,26/03/2023 00:58:00,15 TEMMUZ  KIŞLA CD.  CAMİ,"15 TEMMUZ,KEMER MAH"
2010,ESENLER,250 MM ÇAPLI ŞEBEKE HATTI ARIZASI,04/04/2023 14:52:50,04/04/2023 16:00:00,15 TEMMUZ MAHALLESİ KIŞLA CADDESİ GİYİMKENT CAD NO ASKERİYE İÇİ YEŞİL ALAN,15 TEMMUZ
2011,ESENLER,100 MM ÇAPLI ŞEBEKE HATTI ARIZASI,13/08/2023 16:42:18,13/08/2023 19:00:00,15 TEMMUZ MH.,15 TEMMUZ
2012,ESENLER,100 MM ÇAPLI ŞEBEKE HATTI ARIZASI,13/08/2023 16:57:16,13/08/2023 19:00:00,15 TEMMUZ MH.,"15 TEMMUZ,NİNE HATUN MAH"
2013,ESENLER,100 MM ÇAPLI ŞEBEKE HATTI ARIZASI,16/02/2024 12:10:08,16/02/2024 13:20:00,160 SOKAK,NİNE HATUN MAH
2014,ESENLER,150 MM ÇAPLI ŞEBEKE HATTI ARIZASI,16/02/2024 15:25:23,16/02/2024 17:00:00,454,TURGUT REİS MAH
2015,ESENLER,100 MM ÇAPLI ŞEBEKE HATTI ARIZASI,02/08/2023 13:34:12,02/08/2023 16:00:00,543 SK.,ORUÇREİS MAH
2016,ESENLER,150 MM ÇAPLI ŞEBEKE HATTI ARIZASI,14/12/2023 13:23:59,14/12/2023 15:30:00,634 SOKAK,ORUÇREİS MAH
2017,ESENLER,100 MM ÇAPLI ŞEBEKE HATTI ARIZASI,24/11/2023 13:48:20,24/11/2023 16:30:00,789 SOKAK,"BİRLİK MAH,TUNA MAH"
2018,ESENLER,150 MM ÇAPLI ŞEBEKE HATTI ARIZASI,02/01/2024 11:46:46,02/01/2024 14:00:00,879 SOKAK,BİRLİK MAH
2019,ESENLER,150 MM ÇAPLI ŞEBEKE HATTI ARIZASI,07/02/2024 16:29:05,07/02/2024 18:30:00,918 SOKAK,KEMER MAH
2020,ESENLER,150 MM ÇAPLI ŞEBEKE HATTI ARIZASI,28/11/2023 10:36:46,28/11/2023 14:00:00,943 SOKAK ESENLER,KEMER MAH
2021,ESENLER,150 MM ÇAPLI ŞEBEKE HATTI ARIZASI,15/02/2024 10:36:32,15/02/2024 13:30:00,BARBAROS CADDESI,ORUÇREİS MAH
2022,ESENLER,1400 MM ÇAPLI ANA İSALE HATTI ARIZASI,15/09/2023 12:56:34,15/09/2023 15:00:00,BEŞYÜZEVLER TERFŞİ,"BİRLİK MAH,FATİH MAH,FEVZİ ÇAKMAK MAH,HAVAALANI MAH,KAZIM KARABEKİR MAH,KEMER MAH,MENDERES MAH,ORUÇREİS MAH,TUNA MAH,TURGUT REİS MAH"
2023,ESENLER,100 MM ÇAPLI ŞEBEKE HATTI ARIZASI,24/11/2023 18:52:27,24/11/2023 21:00:00,BIRLIK MAH 820. SOKAK,BİRLİK MAH
2024,ESENLER,100 MM ÇAPLI ŞEBEKE HATTI ARIZASI,28/07/2023 11:27:11,28/07/2023 15:00:00,BOSTANCI MH.VUKALÂ CD.NO:32,MENDERES MAH
2025,ESENLER,100 MM ÇAPLI ŞEBEKE HATTI ARIZASI,04/01/2024 11:03:36,04/01/2024 14:00:00,BİRLİK MAHALLESİ,BİRLİK MAH
2026,ESENLER,100 MM ÇAPLI ŞEBEKE HATTI ARIZASI,12/07/2023 09:30:23,12/07/2023 11:30:00,BİRLİK MAHALLESİ 821 SOKAK NO: 21,BİRLİK MAH
2027,ESENLER,100 MM ÇAPLI ŞEBEKE HATTI ARIZASI,10/03/2023 09:49:20,10/03/2023 12:00:00,BİRLİK MAHALLESİ 831 SOKAK NO 6,BİRLİK MAH
2028,ESENLER,150 MM ÇAPLI ŞEBEKE HATTI ARIZASI,26/02/2023 02:57:06,26/02/2023 10:30:00,BİRLİK MH. FATİH SULTAN MEHMET CD. NO:48,BİRLİK MAH
2029,ESENLER,TERFİ  MERKEZİ ARIZASI,05/11/2023 01:55:04,05/11/2023 08:00:00,CUMHURİYET TERFİ,"BİRLİK MAH,FEVZİ ÇAKMAK MAH,HAVAALANI MAH,KAZIM KARABEKİR MAH,KEMER MAH,MENDERES MAH,ORUÇREİS MAH,TUNA MAH,TURGUT REİS MAH,YAVUZ SELİM MAH"
2030,ESENLER,100 MM ÇAPLI ŞEBEKE HATTI ARIZASI,25/01/2024 09:53:16,25/01/2024 12:00:00,DAVUTPAŞA MAHALLESİ,DAVUTPAŞA MAH
2031,ESENLER,100 MM ÇAPLI ŞEBEKE HATTI ARIZASI,19/06/2023 17:31:08,19/06/2023 19:30:00,DAVUTPAŞA MAHALLESİ 58 SOKAK NO 75,DAVUTPAŞA MAH
2032,ESENLER,100 MM ÇAPLI ŞEBEKE HATTI ARIZASI,13/07/2023 15:29:07,13/07/2023 17:30:00,DAVUTPAŞA MAHALLESİ 64 SOKAK NO 19,DAVUTPAŞA MAH
2033,ESENLER,100 MM ÇAPLI ŞEBEKE HATTI ARIZASI,09/05/2023 15:27:29,09/05/2023 16:30:00,DAVUTPAŞA MAHALLESİ SEMERKANT CADDESİ NO :6,DAVUTPAŞA MAH
2034,ESENLER,100 MM ÇAPLI ŞEBEKE HATTI ARIZASI,16/10/2023 10:11:50,16/10/2023 12:00:00,ESENLER GİYİMKEN 19 SK,ORUÇREİS MAH
2035,ESENLER,100 MM ÇAPLI ŞEBEKE HATTI ARIZASI,14/01/2024 16:45:31,14/01/2024 19:00:00,ESENLER KAZIMKARABEKİR MH.1020 SK,KAZIM KARABEKİR MAH
2036,ESENLER,100 MM ÇAPLI ŞEBEKE HATTI ARIZASI,15/01/2024 12:58:52,15/01/2024 16:00:00,ESENLER KEMER MAHALLESİ 924 SOKAK,KEMER MAH
2037,ESENLER,100 MM ÇAPLI ŞEBEKE HATTI ARIZASI,03/08/2023 19:07:51,03/08/2023 22:00:00,ESENLER NAMIKMH  20 SK,NAMIK KEMAL MAH
2038,ESENLER,100 MM ÇAPLI ŞEBEKE HATTI ARIZASI,20/08/2023 13:06:34,20/08/2023 15:06:00,ESENLER TURGUT REİS,TURGUT REİS MAH
2039,ESENLER,150 MM ÇAPLI ŞEBEKE HATTI ARIZASI,16/01/2024 18:12:58,16/01/2024 18:00:00,FATİH 252/1 SOKAK,FATİH MAH
2040,ESENLER,100 MM ÇAPLI ŞEBEKE HATTI ARIZASI,18/09/2023 15:54:10,18/09/2023 18:00:00,FATİH MAH,FATİH MAH
2041,ESENLER,100 MM ÇAPLI ŞEBEKE HATTI ARIZASI,11/06/2023 10:04:44,11/06/2023 14:00:00,FATİH MAH 211 SK,FATİH MAH
2042,ESENLER,100 MM ÇAPLI ŞEBEKE HATTI ARIZASI,21/08/2023 14:28:07,21/08/2023 15:58:00,FATİH MAH.,FATİH MAH
2043,ESENLER,100 MM ÇAPLI ŞEBEKE HATTI ARIZASI,18/02/2023 16:27:26,18/02/2023 18:30:00,FATİH MAHALLESİ 203 SOKAK NO:82,FATİH MAH
2044,ESENLER,100 MM ÇAPLI ŞEBEKE HATTI ARIZASI,28/02/2023 14:26:16,28/02/2023 16:30:00,FATİH MAHALLESİ 208 SOKAK NO: 12,FATİH MAH
2045,ESENLER,100 MM ÇAPLI ŞEBEKE HATTI ARIZASI,27/10/2023 09:10:08,27/10/2023 11:00:00,FATİH MAHALLESİ 209 SOKAK ESENLER,FATİH MAH
2046,ESENLER,ŞEBEKE HATTI DEPLASE ÇALIŞMASI,05/05/2023 11:44:52,05/05/2023 12:50:00,FATİH MAHALLESİ 226 SOKAK,FATİH MAH
2047,ESENLER,100 MM ÇAPLI ŞEBEKE HATTI ARIZASI,22/06/2023 08:43:01,22/06/2023 10:00:00,FATİH MAHALLESİ 252 SOKAK NO 34,FATİH MAH
2048,ESENLER,ŞEBEKE HATTI VANA MONTAJI/DEĞİŞİMİ,11/04/2023 11:58:14,11/04/2023 14:00:00,FATİH MAHALLESİ AKSARAY CADDESİ NO: 22,FATİH MAH
2049,ESENLER,100 MM ÇAPLI ŞEBEKE HATTI ARIZASI,07/10/2023 11:11:25,07/10/2023 13:00:00,FATİH MH 236 SK NO:2 ÖNÜ,FATİH MAH
2050,ESENLER,100 MM ÇAPLI ŞEBEKE HATTI ARIZASI,08/08/2023 12:52:59,08/08/2023 14:59:00,FEVZİ ÇAKMAK MAHALLESİ,FEVZİ ÇAKMAK MAH
2051,ESENLER,100 MM ÇAPLI ŞEBEKE HATTI ARIZASI,24/10/2023 13:00:50,24/10/2023 15:00:00,FEVZİ ÇAKMAK MAHALLESİ,FEVZİ ÇAKMAK MAH
2052,ESENLER,100 MM ÇAPLI ŞEBEKE HATTI ARIZASI,10/03/2023 10:35:53,10/03/2023 11:35:00,FEVZİ ÇAKMAK MAHALLESİ 1101 SOKAK,FEVZİ ÇAKMAK MAH
2053,ESENLER,100 MM ÇAPLI ŞEBEKE HATTI ARIZASI,15/12/2023 13:23:30,15/12/2023 15:00:00,FEVZİ ÇAKMAK MAHALLESİ 1128 SOKAK,FEVZİ ÇAKMAK MAH
2054,ESENLER,150 MM ÇAPLI ŞEBEKE HATTI ARIZASI,15/02/2024 14:56:52,15/02/2024 17:00:00,GELENEK SOKAK,HAVAALANI MAH
2055,ESENLER,100 MM ÇAPLI ŞEBEKE HATTI ARIZASI,22/08/2023 15:05:01,22/08/2023 18:00:00,GİYİMKENT,ORUÇREİS MAH
2056,ESENLER,100 MM ÇAPLI ŞEBEKE HATTI ARIZASI,24/12/2023 11:28:39,24/12/2023 14:00:00,GİYİMKENT,ORUÇREİS MAH
2057,ESENLER,100 MM ÇAPLI ŞEBEKE HATTI ARIZASI,24/11/2023 13:46:18,24/11/2023 18:00:00,GİYİMKENT. 20 . YOL,ORUÇREİS MAH
2058,ESENLER,100 MM ÇAPLI ŞEBEKE HATTI ARIZASI,19/09/2023 13:40:48,19/09/2023 16:00:00,HAVAALANI MAH.,"HAVAALANI MAH,NİNE HATUN MAH"
2059,ESENLER,100 MM ÇAPLI ŞEBEKE HATTI ARIZASI,13/09/2023 09:49:36,13/09/2023 13:12:00,HAVAALANI MAHALLESİ,HAVAALANI MAH
2060,ESENLER,150 MM ÇAPLI ŞEBEKE HATTI ARIZASI,15/09/2023 13:14:05,15/09/2023 15:00:00,HAVAALANI MAHALLESİ,HAVAALANI MAH
2061,ESENLER,100 MM ÇAPLI ŞEBEKE HATTI ARIZASI,03/02/2024 09:00:29,03/02/2024 11:00:00,HAVAALANI MAHALLESİ,HAVAALANI MAH
2062,ESENLER,100 MM ÇAPLI ŞEBEKE HATTI ARIZASI,03/02/2024 09:43:13,03/02/2024 17:00:00,HAVAALANI MAHALLESİ,"HAVAALANI MAH,TURGUT REİS MAH"
2063,ESENLER,100 MM ÇAPLI ŞEBEKE HATTI ARIZASI,19/06/2023 17:08:44,19/06/2023 19:00:00,HAVAALANI MAHALLESİ GAR SOKAK NO: 23,HAVAALANI MAH
2064,ESENLER,100 MM ÇAPLI ŞEBEKE HATTI ARIZASI,24/07/2023 14:49:43,24/07/2023 17:00:00,HAVAALANI MAHALLESİ GAZEL SOKAK NO 23,HAVAALANI MAH
2065,ESENLER,100 MM ÇAPLI ŞEBEKE HATTI ARIZASI,22/05/2023 16:32:59,22/05/2023 17:30:00,HAVAALANI MAHALLESİ GEZİBOYU SOKAK NO:7,HAVAALANI MAH
2066,ESENLER,100 MM ÇAPLI ŞEBEKE HATTI ARIZASI,27/07/2023 11:51:49,27/07/2023 15:00:00,HAVAALANI MAHALLESİ GÖKSU SOKAK NO.29 ÖNÜ,HAVAALANI MAH
2067,ESENLER,100 MM ÇAPLI ŞEBEKE HATTI ARIZASI,14/07/2023 16:37:56,14/07/2023 18:50:00,HAVAALANI MAHALLESİ GÜNGÖR SOKAK NO: 31,HAVAALANI MAH
2068,ESENLER,100 MM ÇAPLI ŞEBEKE HATTI ARIZASI,27/06/2023 20:50:22,27/06/2023 23:00:00,HAVAALANI MAHALLESİ ULUDAĞ CD,HAVAALANI MAH
2069,ESENLER,100 MM ÇAPLI ŞEBEKE HATTI ARIZASI,01/08/2023 11:48:01,01/08/2023 12:48:00,KAZIM KARABEKİR MAH.,"BİRLİK MAH,KAZIM KARABEKİR MAH,MENDERES MAH"
2070,ESENLER,100 MM ÇAPLI ŞEBEKE HATTI ARIZASI,16/10/2023 16:04:49,16/10/2023 18:00:00,KAZIM KARABEKİR MAH.,KAZIM KARABEKİR MAH
2071,ESENLER,100 MM ÇAPLI ŞEBEKE HATTI ARIZASI,01/08/2023 10:11:19,01/08/2023 12:12:00,KAZIM KARABEKİR MAHALLESİ,KAZIM KARABEKİR MAH
2072,ESENLER,100 MM ÇAPLI ŞEBEKE HATTI ARIZASI,01/02/2024 10:35:48,01/02/2024 13:00:00,KAZIM KARABEKİR MAHALLESİ 1044 SOKAK,KAZIM KARABEKİR MAH
2073,ESENLER,100 MM ÇAPLI ŞEBEKE HATTI ARIZASI,30/06/2023 09:29:36,30/06/2023 12:30:00,KAZIM KARABEKİR MAHALLESİ 1045 SOKAK NO 2,KAZIM KARABEKİR MAH
2074,ESENLER,150 MM ÇAPLI ŞEBEKE HATTI ARIZASI,08/09/2023 16:32:30,08/09/2023 18:47:00,KAZIM KARABEKİR MAHALLESİ 1060 SOKAK,KAZIM KARABEKİR MAH
2075,ESENLER,ENERJİ KESİNTİSİ,10/12/2023 13:30:40,10/12/2023 16:00:00,KAĞITHANE,"HAVAALANI MAH,ORUÇREİS MAH,TURGUT REİS MAH"
2076,ESENLER,ARIZA SEBEBİ İLE BASINÇ DÜŞÜKLÜĞÜ,11/10/2023 09:55:03,11/10/2023 23:00:00,KAĞITHANE-BEŞYÜZEVLER-MAHMUTBEY 2200MM ISALE HATTI,"BİRLİK MAH,FEVZİ ÇAKMAK MAH,HAVAALANI MAH,KAZIM KARABEKİR MAH,KEMER MAH,MENDERES MAH,ORUÇREİS MAH,TUNA MAH,TURGUT REİS MAH,YAVUZ SELİM MAH"
2077,ESENLER,100 MM ÇAPLI ŞEBEKE HATTI ARIZASI,28/10/2023 10:48:16,28/10/2023 13:34:00,KEMER 939.SOKAK NO.2 ÖNÜ,KEMER MAH
2078,ESENLER,100 MM ÇAPLI ŞEBEKE HATTI ARIZASI,14/08/2023 11:07:18,14/08/2023 13:00:00,KEMER MAHALLESİ,KEMER MAH
2079,ESENLER,100 MM ÇAPLI ŞEBEKE HATTI ARIZASI,27/11/2023 09:47:51,27/11/2023 12:14:00,KEMER MAHALLESİ,KEMER MAH
2080,ESENLER,100 MM ÇAPLI ŞEBEKE HATTI ARIZASI,04/01/2024 09:53:48,04/01/2024 13:00:00,KEMER MAHALLESİ,KEMER MAH
2081,ESENLER,100 MM ÇAPLI ŞEBEKE HATTI ARIZASI,04/01/2024 14:20:34,04/01/2024 17:00:00,KEMER MAHALLESİ,KEMER MAH
2082,ESENLER,100 MM ÇAPLI ŞEBEKE HATTI ARIZASI,25/01/2024 10:19:38,25/01/2024 13:00:00,KEMER MAHALLESİ 908 SOKAK,KEMER MAH
2083,ESENLER,100 MM ÇAPLI ŞEBEKE HATTI ARIZASI,15/01/2024 15:43:16,15/01/2024 17:00:00,KEMER MAHALLESİ 924/1 SOKAK,KEMER MAH
2084,ESENLER,100 MM ÇAPLI ŞEBEKE HATTI ARIZASI,06/04/2023 10:07:02,06/04/2023 12:00:00,KEMER MAHALLESİ KIŞLA CAD NO: MİLLET BAHÇESİ,"15 TEMMUZ,HAVAALANI MAH,KEMER MAH,ORUÇREİS MAH"
2085,ESENLER,ANA İSALE HATTI YENİLEMESİ,12/07/2023 22:06:14,13/07/2023 07:00:00,KÜÇÜKKÖY TERFİ MERKEZİ,"BİRLİK MAH,FATİH MAH,FEVZİ ÇAKMAK MAH,HAVAALANI MAH,KAZIM KARABEKİR MAH,KEMER MAH,MENDERES MAH,ORUÇREİS MAH,TUNA MAH,TURGUT REİS MAH,YAVUZ SELİM MAH"
2086,ESENLER,TERFİ  MERKEZİ ARIZASI,14/07/2023 12:26:42,14/07/2023 14:00:00,MAHMUTBEY TERFİ,"BİRLİK MAH,FATİH MAH,FEVZİ ÇAKMAK MAH,HAVAALANI MAH,KAZIM KARABEKİR MAH,KEMER MAH,MENDERES MAH,ORUÇREİS MAH,TUNA MAH,TURGUT REİS MAH"
2087,ESENLER,ARIZA SEBEBİ İLE BASINÇ DÜŞÜKLÜĞÜ,20/06/2023 14:00:26,20/06/2023 18:00:00,MAHMUTBEY TERFİ MERKEZİ,"BİRLİK MAH,FATİH MAH,FEVZİ ÇAKMAK MAH,HAVAALANI MAH,KAZIM KARABEKİR MAH,KEMER MAH,MENDERES MAH,ORUÇREİS MAH,TUNA MAH,TURGUT REİS MAH"
2088,ESENLER,ARIZA SEBEBİ İLE BASINÇ DÜŞÜKLÜĞÜ,16/09/2023 15:00:32,16/09/2023 21:00:00,MAHMUTBEY TERFİ MERKEZİ,"BİRLİK MAH,FATİH MAH,FEVZİ ÇAKMAK MAH,HAVAALANI MAH,KAZIM KARABEKİR MAH,KEMER MAH,MENDERES MAH,ORUÇREİS MAH,TUNA MAH,TURGUT REİS MAH"
2089,ESENLER,ANA İSALE HATTINA VANA MONTAJI / DEĞİŞİMİ,09/11/2023 09:54:41,09/11/2023 19:00:00,MAHMUTBEY TERFİ ÇIKIŞI,"BİRLİK MAH,FATİH MAH,HAVAALANI MAH,KEMER MAH,ORUÇREİS MAH,TUNA MAH,TURGUT REİS MAH"
2090,ESENLER,100 MM ÇAPLI ŞEBEKE HATTI ARIZASI,31/12/2023 14:06:42,31/12/2023 16:00:00,MENDERES MAH 324 SOKAK,MENDERES MAH
2091,ESENLER,100 MM ÇAPLI ŞEBEKE HATTI ARIZASI,28/07/2023 12:21:03,28/07/2023 14:00:00,MENDERES MAH. 368 SOKAK,"KAZIM KARABEKİR MAH,MENDERES MAH"
2092,ESENLER,100 MM ÇAPLI ŞEBEKE HATTI ARIZASI,05/08/2023 15:36:38,05/08/2023 17:00:00,MENDERES MAH. ENDÜLÜS CD NO.15,"KAZIM KARABEKİR MAH,MENDERES MAH"
2093,ESENLER,100 MM ÇAPLI ŞEBEKE HATTI ARIZASI,31/07/2023 13:54:19,31/07/2023 15:54:00,MENDERES MAH.368 SOKAK,MENDERES MAH
2094,ESENLER,100 MM ÇAPLI ŞEBEKE HATTI ARIZASI,08/08/2023 16:26:28,08/08/2023 18:30:00,MENDERES MAHALLESİ 311 SOKAK,"KAZIM KARABEKİR MAH,MENDERES MAH"
2095,ESENLER,100 MM ÇAPLI ŞEBEKE HATTI ARIZASI,28/09/2023 16:15:53,28/09/2023 18:00:00,MENDERES MAHALLESİ 311 SOKAK,"KAZIM KARABEKİR MAH,MENDERES MAH"
2096,ESENLER,100 MM ÇAPLI ŞEBEKE HATTI ARIZASI,03/03/2023 16:27:56,03/03/2023 17:30:00,MENDERES MAHALLESİ 383 SOKAK NO: 15,MENDERES MAH
2097,ESENLER,100 MM ÇAPLI ŞEBEKE HATTI ARIZASI,28/02/2023 09:49:47,28/02/2023 10:50:00,MENDERES MAHALLESİ ATIŞALANI CADDESİ NO:7 ÖNÜ,MENDERES MAH
2098,ESENLER,100 MM ÇAPLI ŞEBEKE HATTI ARIZASI,28/07/2023 11:58:55,28/07/2023 12:00:00,MENDERS MAH.368 SOKAK,MENDERES MAH
2099,ESENLER,ENERJİ KESİNTİSİ,30/11/2023 16:22:05,30/11/2023 19:00:00,MÜNZEVI TERFI,"DAVUTPAŞA MAH,FEVZİ ÇAKMAK MAH,MENDERES MAH,MİMAR SİNAN MAH,NAMIK KEMAL MAH,NİNE HATUN MAH,YAVUZ SELİM MAH,ÇİFTE HAVUZLAR MAH"
2100,ESENLER,ENERJİ KESİNTİSİ,05/04/2023 10:26:28,05/04/2023 13:00:00,MÜNZEVİ TERFİ,"DAVUTPAŞA MAH,FEVZİ ÇAKMAK MAH,MENDERES MAH,MİMAR SİNAN MAH,NİNE HATUN MAH,YAVUZ SELİM MAH,ÇİFTE HAVUZLAR MAH"
2101,ESENLER,TERFİ  MERKEZİ ARIZASI,09/06/2023 14:43:08,09/06/2023 17:00:00,MÜNZEVİ TERFİ,"DAVUTPAŞA MAH,FEVZİ ÇAKMAK MAH,MENDERES MAH,MİMAR SİNAN MAH,NAMIK KEMAL MAH,NİNE HATUN MAH,YAVUZ SELİM MAH,ÇİFTE HAVUZLAR MAH"
2102,ESENLER,ENERJİ KESİNTİSİ,10/07/2023 16:07:39,10/07/2023 19:00:00,MÜNZEVİ TERFİ,"DAVUTPAŞA MAH,FEVZİ ÇAKMAK MAH,MENDERES MAH,MİMAR SİNAN MAH,NAMIK KEMAL MAH,NİNE HATUN MAH,YAVUZ SELİM MAH,ÇİFTE HAVUZLAR MAH"
2103,ESENLER,TERFİ  MERKEZİ ARIZASI,08/12/2023 01:58:05,08/12/2023 09:00:00,MÜNZEVİ TERFİ,"DAVUTPAŞA MAH,FEVZİ ÇAKMAK MAH,MENDERES MAH,MİMAR SİNAN MAH,NAMIK KEMAL MAH,NİNE HATUN MAH,YAVUZ SELİM MAH,ÇİFTE HAVUZLAR MAH"
2104,ESENLER,ENERJİ KESİNTİSİ,26/12/2023 15:42:00,26/12/2023 18:00:00,MÜNZEVİ TERFİ,"DAVUTPAŞA MAH,FEVZİ ÇAKMAK MAH,MENDERES MAH,MİMAR SİNAN MAH,NAMIK KEMAL MAH,NİNE HATUN MAH,YAVUZ SELİM MAH,ÇİFTE HAVUZLAR MAH"
2105,ESENLER,600 MM ÇAPLI  ANA İSALE HATTI ARIZASI,12/08/2023 12:33:55,12/08/2023 19:00:00,MÜNZEVİ TERFİ ÇIKIŞI,"DAVUTPAŞA MAH,FEVZİ ÇAKMAK MAH,MENDERES MAH,MİMAR SİNAN MAH,NAMIK KEMAL MAH,NİNE HATUN MAH,YAVUZ SELİM MAH,ÇİFTE HAVUZLAR MAH"
2106,ESENLER,ARIZA SEBEBİ İLE BASINÇ DÜŞÜKLÜĞÜ,13/04/2023 07:54:41,13/04/2023 20:00:00,MÜNZEVİ-BAYRAMPAŞA,"DAVUTPAŞA MAH,FEVZİ ÇAKMAK MAH,MENDERES MAH,MİMAR SİNAN MAH,NAMIK KEMAL MAH,NİNE HATUN MAH,YAVUZ SELİM MAH,ÇİFTE HAVUZLAR MAH"
2107,ESENLER,600 MM ÇAPLI  ANA İSALE HATTI ARIZASI,06/04/2023 11:53:48,06/04/2023 16:00:00,MÜNZEVİ-TERAZİDERE-ESENLER HATTI,"DAVUTPAŞA MAH,FEVZİ ÇAKMAK MAH,MENDERES MAH,MİMAR SİNAN MAH,NAMIK KEMAL MAH,NİNE HATUN MAH,YAVUZ SELİM MAH,ÇİFTE HAVUZLAR MAH"
2108,ESENLER,100 MM ÇAPLI ŞEBEKE HATTI ARIZASI,12/01/2024 14:30:14,12/01/2024 16:00:00,MİMAR SİNAN MAH,MİMAR SİNAN MAH
2109,ESENLER,100 MM ÇAPLI ŞEBEKE HATTI ARIZASI,26/09/2023 10:21:00,26/09/2023 14:00:00,NAMIK KEMAL MAHALLESİ,NAMIK KEMAL MAH
2110,ESENLER,100 MM ÇAPLI ŞEBEKE HATTI ARIZASI,16/12/2023 10:29:55,16/12/2023 14:00:00,NAMIK KEMAL MAHALLESİ,"NAMIK KEMAL MAH,ÇİFTE HAVUZLAR MAH"
2111,ESENLER,100 MM ÇAPLI ŞEBEKE HATTI ARIZASI,16/12/2023 13:21:15,16/12/2023 18:00:00,NAMIK KEMAL MAHALLESİ,"NAMIK KEMAL MAH,ÇİFTE HAVUZLAR MAH"
2112,ESENLER,100 MM ÇAPLI ŞEBEKE HATTI ARIZASI,06/06/2023 15:58:55,06/06/2023 19:00:00,NAMIK KEMAL MAHALLESİ 17 SOKAK İLE 16 SOKAK KESİŞİM,NAMIK KEMAL MAH
2113,ESENLER,100 MM ÇAPLI ŞEBEKE HATTI ARIZASI,14/07/2023 11:12:47,14/07/2023 13:00:00,NAMIK KEMAL MAHALLESİ 33 SOKAK NO:4,NAMIK KEMAL MAH
2114,ESENLER,100 MM ÇAPLI ŞEBEKE HATTI ARIZASI,15/04/2023 14:20:34,15/04/2023 15:30:00,NAMIK KEMAL MAHALLESİ 35 SOKAK NO 13,NAMIK KEMAL MAH
2115,ESENLER,100 MM ÇAPLI ŞEBEKE HATTI ARIZASI,02/02/2024 16:07:00,02/02/2024 17:08:00,NENE HATUN MAHALLESİ 160 SOKAK,NİNE HATUN MAH
2116,ESENLER,100 MM ÇAPLI ŞEBEKE HATTI ARIZASI,24/03/2023 10:27:36,24/03/2023 12:30:00,NİNE HATUN  MAH  109 SOKAK  NO:18,NİNE HATUN MAH
2117,ESENLER,150 MM ÇAPLI ŞEBEKE HATTI ARIZASI,14/03/2023 23:18:39,15/03/2023 10:39:00,NİNE HATUN AZİZİYE CD.,NİNE HATUN MAH
2118,ESENLER,100 MM ÇAPLI ŞEBEKE HATTI ARIZASI,22/03/2023 14:43:10,22/03/2023 17:00:00,NİNE HATUN AZİZİYE CD.  NO:23,NİNE HATUN MAH
2119,ESENLER,100 MM ÇAPLI ŞEBEKE HATTI ARIZASI,18/09/2023 12:12:49,18/09/2023 14:00:00,NİNE HATUN MAHALLESİ,NİNE HATUN MAH
2120,ESENLER,100 MM ÇAPLI ŞEBEKE HATTI ARIZASI,16/02/2024 09:07:35,16/02/2024 11:00:00,NİNE HATUN MAHALLESİ 160 SOKAK,NİNE HATUN MAH
2121,ESENLER,100 MM ÇAPLI ŞEBEKE HATTI ARIZASI,04/12/2023 15:18:49,04/12/2023 18:00:00,NİNE HATUN MAHALLESİ HORASAN CADDESİ,NİNE HATUN MAH
2122,ESENLER,150 MM ÇAPLI ŞEBEKE HATTI ARIZASI,13/03/2023 14:55:56,13/03/2023 17:00:00,NİNEHATUN MAHALLESİ AZİZİYE CADDESİ,NİNE HATUN MAH
2123,ESENLER,100 MM ÇAPLI ŞEBEKE HATTI ARIZASI,28/08/2023 14:55:51,28/08/2023 16:55:00,ORUÇ REİS,ORUÇREİS MAH
2124,ESENLER,100 MM ÇAPLI ŞEBEKE HATTI ARIZASI,06/01/2024 11:05:36,06/01/2024 13:00:00,ORUÇ REİS MAH 586 SOKAK,ORUÇREİS MAH
2125,ESENLER,200 MM ÇAPLI ŞEBEKE HATTI ARIZASI,31/08/2023 11:20:12,31/08/2023 13:20:00,ORUÇ REİS MAH.,"15 TEMMUZ,ORUÇREİS MAH"
2126,ESENLER,100 MM ÇAPLI ŞEBEKE HATTI ARIZASI,25/10/2023 11:49:32,25/10/2023 14:00:00,ORUÇ REİS MAH.,ORUÇREİS MAH
2127,ESENLER,100 MM ÇAPLI ŞEBEKE HATTI ARIZASI,04/12/2023 16:29:12,04/12/2023 18:27:00,ORUÇ REİS MAH.  599 SOKAK,ORUÇREİS MAH
2128,ESENLER,100 MM ÇAPLI ŞEBEKE HATTI ARIZASI,05/10/2023 14:31:40,05/10/2023 16:39:00,ORUÇ REİS MAH.  GİYİMKENT,ORUÇREİS MAH
2129,ESENLER,250 MM ÇAPLI ŞEBEKE HATTI ARIZASI,14/11/2023 11:21:07,14/11/2023 15:00:00,ORUÇ REİS MAH.  GİYİMKENT,ORUÇREİS MAH
2130,ESENLER,250 MM ÇAPLI ŞEBEKE HATTI ARIZASI,27/11/2023 08:07:49,27/11/2023 12:14:00,ORUÇ REİS MAH.  GİYİMKENT,ORUÇREİS MAH
2131,ESENLER,250 MM ÇAPLI ŞEBEKE HATTI ARIZASI,27/11/2023 14:33:46,27/11/2023 19:00:00,ORUÇ REİS MAH.  GİYİMKENT,ORUÇREİS MAH
2132,ESENLER,100 MM ÇAPLI ŞEBEKE HATTI ARIZASI,28/12/2023 09:55:00,28/12/2023 18:00:00,ORUÇ REİS MAH.  GİYİMKENT,ORUÇREİS MAH
2133,ESENLER,250 MM ÇAPLI ŞEBEKE HATTI ARIZASI,29/12/2023 09:12:56,29/12/2023 18:00:00,ORUÇ REİS MAH.  GİYİMKENT,ORUÇREİS MAH
2134,ESENLER,100 MM ÇAPLI ŞEBEKE HATTI ARIZASI,05/01/2024 10:53:00,05/01/2024 13:00:00,ORUÇ REİS MAH.  GİYİMKENT,ORUÇREİS MAH
2135,ESENLER,100 MM ÇAPLI ŞEBEKE HATTI ARIZASI,14/02/2024 13:26:06,14/02/2024 16:00:00,ORUÇ REİS MAH.  GİYİMKENT 1 SOKAK,ORUÇREİS MAH
2136,ESENLER,100 MM ÇAPLI ŞEBEKE HATTI ARIZASI,27/07/2023 12:07:06,27/07/2023 14:00:00,ORUÇ REİS MAH.  GİYİMKENT 3.SK,ORUÇREİS MAH
2137,ESENLER,100 MM ÇAPLI ŞEBEKE HATTI ARIZASI,10/01/2024 14:22:51,10/01/2024 15:07:00,ORUÇ REİS MAH. 547 SOKAK,ORUÇREİS MAH
2138,ESENLER,100 MM ÇAPLI ŞEBEKE HATTI ARIZASI,30/08/2023 15:29:52,30/08/2023 19:30:00,ORUÇ REİS MAH. 551.SK NO.14 ÇÖNÜ,ORUÇREİS MAH
2139,ESENLER,100 MM ÇAPLI ŞEBEKE HATTI ARIZASI,31/03/2023 10:49:33,31/03/2023 13:00:00,ORUÇ REİS MAHALLESİ  GİYİMKENT 4. SOKAK NO:65,ORUÇREİS MAH
2140,ESENLER,100 MM ÇAPLI ŞEBEKE HATTI ARIZASI,19/05/2023 12:46:20,19/05/2023 14:00:00,ORUÇ REİS MAHALLESİ 574 SOKAK NO: 9,ORUÇREİS MAH
2141,ESENLER,100 MM ÇAPLI ŞEBEKE HATTI ARIZASI,31/01/2024 16:51:13,31/01/2024 18:48:00,ORUÇ REİS MAHALLESİ 594 SOKAK,ORUÇREİS MAH
2142,ESENLER,100 MM ÇAPLI ŞEBEKE HATTI ARIZASI,06/07/2023 13:41:53,06/07/2023 16:30:00,ORUÇ REİS MAHALLESİ 602 SOKAK NO 2,ORUÇREİS MAH
2143,ESENLER,100 MM ÇAPLI ŞEBEKE HATTI ARIZASI,04/07/2023 08:37:05,04/07/2023 12:30:00,ORUÇ REİS MAHALLESİ 636 SOKAK NO 18,ORUÇREİS MAH
2144,ESENLER,100 MM ÇAPLI ŞEBEKE HATTI ARIZASI,24/03/2023 11:24:39,24/03/2023 13:30:00,ORUÇ REİS MAHALLESİ GİYİMKENT 13 SOKAK NO: 7,ORUÇREİS MAH
2145,ESENLER,100 MM ÇAPLI ŞEBEKE HATTI ARIZASI,21/02/2023 15:48:42,21/02/2023 16:50:00,ORUÇ REİS MAHALLESİ GİYİMKENT 14 SOKAK NO:7,ORUÇREİS MAH
2146,ESENLER,100 MM ÇAPLI ŞEBEKE HATTI ARIZASI,21/02/2023 14:03:38,21/02/2023 15:03:00,ORUÇ REİS MAHALLESİ GİYİMKENT 14 SOKAK NO:8,ORUÇREİS MAH
2147,ESENLER,100 MM ÇAPLI ŞEBEKE HATTI ARIZASI,25/03/2023 12:35:15,25/03/2023 14:35:00,ORUÇ REİS MAHALLESİ GİYİMKENT 18 SOKAK NO:101A,ORUÇREİS MAH
2148,ESENLER,100 MM ÇAPLI ŞEBEKE HATTI ARIZASI,09/09/2023 15:13:21,09/09/2023 18:00:00,ORUÇ REİS MH 612 SK,ORUÇREİS MAH
2149,ESENLER,200 MM ÇAPLI ŞEBEKE HATTI ARIZASI,15/09/2023 13:00:31,15/09/2023 20:00:00,ORUÇREİS MAHALLESİ,"15 TEMMUZ,ORUÇREİS MAH"
2150,ESENLER,200 MM ÇAPLI ŞEBEKE HATTI ARIZASI,15/09/2023 15:13:38,15/09/2023 23:00:00,ORUÇREİS MAHALLESİ,"15 TEMMUZ,BİRLİK MAH,HAVAALANI MAH,KEMER MAH,ORUÇREİS MAH,TUNA MAH,TURGUT REİS MAH"
2151,ESENLER,100 MM ÇAPLI ŞEBEKE HATTI ARIZASI,01/07/2023 16:32:00,01/07/2023 19:00:00,ORUÇREİS MAHALLESİ 566 SOK NO 8,ORUÇREİS MAH
2152,ESENLER,100 MM ÇAPLI ŞEBEKE HATTI ARIZASI,31/03/2023 11:03:18,31/03/2023 13:03:00,ORUÇREİS MAHALLESİ GİYİMKENT 4 SOKAK NO: 65,ORUÇREİS MAH
2153,ESENLER,250 MM ÇAPLI ŞEBEKE HATTI ARIZASI,26/05/2023 13:38:58,26/05/2023 17:00:00,ORUÇREİS MAHALLESİ GİYİMKENT SOKAK İLE İPEK YOLU CADDESİ KESİŞİM,ORUÇREİS MAH
2154,ESENLER,ŞEBEKE HATTI DEPLASE ÇALIŞMASI,28/04/2023 15:55:25,28/04/2023 20:00:00,ORUÇREİS MAHALLESİ KIŞLA CADDESİ,"15 TEMMUZ,HAVAALANI MAH,ORUÇREİS MAH"
2155,ESENLER,250 MM ÇAPLI ŞEBEKE HATTI ARIZASI,11/04/2023 13:11:21,11/04/2023 18:00:00,ORUÇREİS MAHALLESİ İDRİS NEBİ CADDESİ İLE TİCARET CADDESİ KESİŞİM,ORUÇREİS MAH
2156,ESENLER,TERFİ  MERKEZİ ARIZASI,02/03/2023 14:17:44,02/03/2023 18:00:00,SİLAHTAR TERFİ MERKEZİ,"DAVUTPAŞA MAH,FEVZİ ÇAKMAK MAH,MENDERES MAH,MİMAR SİNAN MAH,NAMIK KEMAL MAH,NİNE HATUN MAH,YAVUZ SELİM MAH,ÇİFTE HAVUZLAR MAH"
2157,ESENLER,100 MM ÇAPLI ŞEBEKE HATTI ARIZASI,19/06/2023 10:18:26,19/06/2023 12:30:00,TUNA  MAHALLESİ 676 SOKAK NO: 39,TUNA MAH
2158,ESENLER,100 MM ÇAPLI ŞEBEKE HATTI ARIZASI,18/10/2023 12:16:13,18/10/2023 15:03:00,TUNA MAHALLESİ 669 SOKAK,TUNA MAH
2159,ESENLER,100 MM ÇAPLI ŞEBEKE HATTI ARIZASI,27/07/2023 17:55:49,27/07/2023 19:55:00,TUNA MAHALLESİ 715 SOKAK NO 12,TUNA MAH
2160,ESENLER,100 MM ÇAPLI ŞEBEKE HATTI ARIZASI,11/11/2023 10:40:11,11/11/2023 13:00:00,TURGUR REİS MAHALLESİ 569 SOKAK,TURGUT REİS MAH
2161,ESENLER,100 MM ÇAPLI ŞEBEKE HATTI ARIZASI,17/08/2023 13:04:11,17/08/2023 15:04:00,TURGUT REİS MAH 504 SOK,TURGUT REİS MAH
2162,ESENLER,100 MM ÇAPLI ŞEBEKE HATTI ARIZASI,01/07/2023 10:15:10,01/07/2023 12:00:00,TURGUT REİS MAH BİRLİK MAH,TURGUT REİS MAH
2163,ESENLER,100 MM ÇAPLI ŞEBEKE HATTI ARIZASI,30/06/2023 11:17:16,30/06/2023 13:30:00,TURGUT REİS MAH ÇENGEL CD NO:19,TURGUT REİS MAH
2164,ESENLER,100 MM ÇAPLI ŞEBEKE HATTI ARIZASI,02/08/2023 10:53:31,02/08/2023 12:30:00,TURGUT REİS MAH.467 SOKAK,TURGUT REİS MAH
2165,ESENLER,100 MM ÇAPLI ŞEBEKE HATTI ARIZASI,12/09/2023 10:36:35,12/09/2023 12:26:00,TURGUT REİS MAHALLESİ,TURGUT REİS MAH
2166,ESENLER,100 MM ÇAPLI ŞEBEKE HATTI ARIZASI,23/06/2023 15:45:26,23/06/2023 18:00:00,TURGUT REİS MAHALLESİ 498 SOKAK NO 12,TURGUT REİS MAH
2167,ESENLER,100 MM ÇAPLI ŞEBEKE HATTI ARIZASI,09/06/2023 13:40:35,09/06/2023 16:00:00,TURGUT REİS MAHALLESİ 498 SOKAK NO 8,TURGUT REİS MAH
2168,ESENLER,100 MM ÇAPLI ŞEBEKE HATTI ARIZASI,27/05/2023 10:06:30,27/05/2023 12:00:00,TURGUT REİS MAHALLESİ 499 SOKAK NO 11,TURGUT REİS MAH
2169,ESENLER,100 MM ÇAPLI ŞEBEKE HATTI ARIZASI,14/06/2023 10:04:00,14/06/2023 12:00:00,TURGUT REİS MAHALLESİ 504 SOKAK NO: 30,TURGUT REİS MAH
2170,ESENLER,100 MM ÇAPLI ŞEBEKE HATTI ARIZASI,12/07/2023 09:58:45,12/07/2023 12:00:00,TURGUT REİS MAHALLESİ 504 SOKAK NO: 31,TURGUT REİS MAH
2171,ESENLER,ŞEBEKE HATTI VANA MONTAJI/DEĞİŞİMİ,20/05/2023 10:35:55,20/05/2023 13:30:00,TURGUT REİS MAHALLESİ ADEM YAVUZ CADDESİ NO: 48 ÖNÜ,TURGUT REİS MAH
2172,ESENLER,100 MM ÇAPLI ŞEBEKE HATTI ARIZASI,21/07/2023 15:12:19,21/07/2023 16:30:00,TURGUT REİS MAHALLESİ ADEM YAVUZ CADDESİ NO:88,TURGUT REİS MAH
2173,ESENLER,ŞEBEKE HATTI VANA MONTAJI/DEĞİŞİMİ,23/05/2023 12:46:30,23/05/2023 15:00:00,TURGUT REİS MAHALLESİ ADEM YAVUZ CADDESİ İLE KARAOSMANOĞLU CADDESİ KESİŞİM,TURGUT REİS MAH
2174,ESENLER,100 MM ÇAPLI ŞEBEKE HATTI ARIZASI,06/06/2023 12:43:37,06/06/2023 17:00:00,TURGUT REİS MAHALLESİ ŞEHİT ALİ KARAHAN CADDESİ NO: 78,TURGUT REİS MAH
2175,ESENLER,100 MM ÇAPLI ŞEBEKE HATTI ARIZASI,23/09/2023 11:09:00,23/09/2023 13:00:00,TURGUT REİS MH ADEMYAVUZ CD,TURGUT REİS MAH
2176,ESENLER,100 MM ÇAPLI ŞEBEKE HATTI ARIZASI,27/12/2023 14:51:45,27/12/2023 17:00:00,TURGUTREİS MAH.,TURGUT REİS MAH
2177,ESENLER,100 MM ÇAPLI ŞEBEKE HATTI ARIZASI,16/08/2023 12:32:15,16/08/2023 14:32:00,TURGUTREİS MAH. 424 SK.,TURGUT REİS MAH
2178,ESENLER,100 MM ÇAPLI ŞEBEKE HATTI ARIZASI,29/07/2023 10:20:49,29/07/2023 12:20:00,TURGUTREİS MAH. ADEM YAVUZ CAD. NO:115 ÖNÜ,TURGUT REİS MAH
2179,ESENLER,100 MM ÇAPLI ŞEBEKE HATTI ARIZASI,12/06/2023 15:37:16,12/06/2023 17:30:00,TURGUTREİS MAHALLESİ 498 SOKAK NO: 20,TURGUT REİS MAH
2180,ESENLER,100 MM ÇAPLI ŞEBEKE HATTI ARIZASI,26/06/2023 14:14:05,26/06/2023 16:00:00,TURGUTREİS MAHALLESİ ADEM YAVUZ CADDESİ NO 88,TURGUT REİS MAH
2181,ESENLER,100 MM ÇAPLI ŞEBEKE HATTI ARIZASI,13/12/2023 09:10:03,13/12/2023 10:12:00,YAVUZ SELİM MAH. İSTANBUL CADDESİ.,YAVUZ SELİM MAH
2182,ESENLER,150 MM ÇAPLI ŞEBEKE HATTI ARIZASI,01/11/2023 14:40:53,01/11/2023 18:00:00,YAVUZ SELİM MAHALLESİ,YAVUZ SELİM MAH
2183,ESENLER,150 MM ÇAPLI ŞEBEKE HATTI ARIZASI,20/12/2023 13:57:04,20/12/2023 20:00:00,İSTANBUL CADDESİ,YAVUZ SELİM MAH
2184,ESENLER,200 MM ÇAPLI ŞEBEKE HATTI ARIZASI,24/12/2023 07:54:18,24/12/2023 11:00:00,İSTANBUL CADDESİ,YAVUZ SELİM MAH
2185,ESENLER,150 MM ÇAPLI ŞEBEKE HATTI ARIZASI,14/12/2023 16:34:33,14/12/2023 23:00:00,İSTANBUL CD 117,"NAMIK KEMAL MAH,ÇİFTE HAVUZLAR MAH"
2186,ESENYURT,100 MM ÇAPLI ŞEBEKE HATTI ARIZASI,22/08/2023 15:16:23,22/08/2023 17:30:00,AKÇABURGAZ,AKÇABURGAZ MAH.
2187,ESENYURT,100 MM ÇAPLI ŞEBEKE HATTI ARIZASI,27/11/2023 18:32:18,27/11/2023 20:00:00,AKÇABURGAZ MAH 3002 SOK,AKÇABURGAZ MAH.
2188,ESENYURT,100 MM ÇAPLI ŞEBEKE HATTI ARIZASI,19/07/2023 14:19:29,19/07/2023 16:30:00,AKÇABURGAZ MAH. 3105 SK.,AKÇABURGAZ MAH.
2189,ESENYURT,100 MM ÇAPLI ŞEBEKE HATTI ARIZASI,31/01/2024 09:51:21,31/01/2024 14:00:00,AKÇABURGAZ MAH. ORHAN GENCEBAY CD İLE MUHSİN YAZICIOĞLU CD KESİŞİMİ,AKÇABURGAZ MAH.
2190,ESENYURT,100 MM ÇAPLI ŞEBEKE HATTI ARIZASI,02/11/2023 21:32:04,03/11/2023 01:00:00,AKÇABURGAZ MAH.393 SK,AKÇABURGAZ MAH.
2191,ESENYURT,100 MM ÇAPLI ŞEBEKE HATTI ARIZASI,28/11/2023 09:58:27,28/11/2023 12:00:00,AKÇABURGAZ MAHALLESİ 3002 SOKAK,AKÇABURGAZ MAH.
2192,ESENYURT,100 MM ÇAPLI ŞEBEKE HATTI ARIZASI,19/06/2023 09:10:19,19/06/2023 12:00:00,AKÇABURGAZ MAHALLESİ 3108 SOKAK,AKÇABURGAZ MAH.
2193,ESENYURT,100 MM ÇAPLI ŞEBEKE HATTI ARIZASI,08/07/2023 14:26:13,08/07/2023 17:30:00,AKÇABURGAZ MH 3052 SK,AKÇABURGAZ MAH.
2194,ESENYURT,ŞEBEKE HATTI VANA MONTAJI/DEĞİŞİMİ,24/10/2023 15:47:07,24/10/2023 18:00:00,AKŞEMSEDDİN MAH. KAZIM KARABEKİR CD,"AKŞEMSEDDİN MAH,İNCİRTEPE MAH"
2195,ESENYURT,100 MM ÇAPLI ŞEBEKE HATTI ARIZASI,06/09/2023 09:50:25,06/09/2023 14:00:00,AKŞEMSEDDİN MAH.AŞIK MAHSUNİ ŞERİF CD,AKŞEMSEDDİN MAH
2196,ESENYURT,100 MM ÇAPLI ŞEBEKE HATTI ARIZASI,11/08/2023 10:44:35,11/08/2023 14:30:00,AKŞEMSETTİN 229 SOKAK,"AKŞEMSEDDİN MAH,İNCİRTEPE MAH"
2197,ESENYURT,BASINÇ DÜŞÜKLÜĞÜ,29/09/2023 14:08:27,29/09/2023 18:00:00,AKŞEMSETTİN MAHALLESİ,AKŞEMSEDDİN MAH
2198,ESENYURT,100 MM ÇAPLI ŞEBEKE HATTI ARIZASI,25/10/2023 10:36:08,25/10/2023 13:30:00,AKŞEMSETTİN MAHALLESİ 302 SOKAK 277 SOKAK KESİŞİMİ,AKŞEMSEDDİN MAH
2199,ESENYURT,100 MM ÇAPLI ŞEBEKE HATTI ARIZASI,21/11/2023 11:01:58,21/11/2023 14:30:00,AKŞEMSETTİN MAHALLESİ KAZIM KARABEKİR CADDESİ 230 SOKAK KESİŞİMİ,AKŞEMSEDDİN MAH
2200,ESENYURT,100 MM ÇAPLI ŞEBEKE HATTI ARIZASI,03/10/2023 11:33:45,03/10/2023 14:30:00,ARDIÇLI MAH. 796 SK,"ARDIÇLI MAH,SÜLEYMANİYE MAH"
2201,ESENYURT,100 MM ÇAPLI ŞEBEKE HATTI ARIZASI,31/03/2023 09:25:43,31/03/2023 13:00:00,ATATÜRK MAH DAĞAN SOK NO 40,ATATÜRK MAH
2202,ESENYURT,100 MM ÇAPLI ŞEBEKE HATTI ARIZASI,30/09/2023 10:03:30,30/09/2023 15:00:00,ATATÜRK MAH. CEMAL GÜRSEL CADDESİ,ATATÜRK MAH
2203,ESENYURT,100 MM ÇAPLI ŞEBEKE HATTI ARIZASI,29/09/2023 11:43:03,29/09/2023 17:00:00,ATATÜRK MAH.CEMAL GÜRSEL CAD. VE ORHAN VELİ CAD.,ATATÜRK MAH
2204,ESENYURT,100 MM ÇAPLI ŞEBEKE HATTI ARIZASI,28/08/2023 11:10:24,28/08/2023 15:00:00,AVCILAR BÖLGESİ KAYNAKLI BALIKYOLU MAH.,BALIKYOLU MAH
2205,ESENYURT,ENERJİ KESİNTİSİ,29/07/2023 07:36:15,29/07/2023 10:00:00,AVCILAR TERFİ,"AŞIK VEYSEL MAH,ESENKENT MAH,KOZA MAH,ORHAN GAZİ MAH"
2206,ESENYURT,100 MM ÇAPLI ŞEBEKE HATTI ARIZASI,12/08/2023 17:53:55,12/08/2023 20:00:00,BALIKYOLU MAH 484  NO15,BALIKYOLU MAH
2207,ESENYURT,100 MM ÇAPLI ŞEBEKE HATTI ARIZASI,16/06/2023 13:52:19,16/06/2023 15:30:00,BALIKYOLU MAH.OZANLAR CAD.,BALIKYOLU MAH
2208,ESENYURT,100 MM ÇAPLI ŞEBEKE HATTI ARIZASI,28/08/2023 15:59:13,28/08/2023 19:00:00,BALIKYOLU MAHALLESİ AVCILAR BÖLGESİ KAYNAKLI,BALIKYOLU MAH
2209,ESENYURT,100 MM ÇAPLI ŞEBEKE HATTI ARIZASI,20/06/2023 09:39:28,20/06/2023 12:00:00,BALIKYOLU OZANLAR CD.,BALIKYOLU MAH
2210,ESENYURT,100 MM ÇAPLI ŞEBEKE HATTI ARIZASI,04/07/2023 12:53:59,04/07/2023 14:00:00,BARBAROS HAYRETTİN PAŞA MAH. 581 SOKAK NO:31,BARBAROS HAYRETTİN PAŞA MAH
2211,ESENYURT,100 MM ÇAPLI ŞEBEKE HATTI ARIZASI,04/11/2023 10:00:36,04/11/2023 13:00:00,BARBAROS HAYRETTİN PAŞA MAH. NECİP FAZIL KISAKÜREK CD,BARBAROS HAYRETTİN PAŞA MAH
2212,ESENYURT,100 MM ÇAPLI ŞEBEKE HATTI ARIZASI,15/01/2024 10:40:48,15/01/2024 13:00:00,BARBAROS HAYRETTİN PAŞA MAH.2263 SK NO:18,BARBAROS HAYRETTİN PAŞA MAH
2213,ESENYURT,100 MM ÇAPLI ŞEBEKE HATTI ARIZASI,15/08/2023 16:11:40,15/08/2023 17:30:00,BARBAROS HAYRETTİN PAŞA MAHALLESİ,BARBAROS HAYRETTİN PAŞA MAH
2214,ESENYURT,100 MM ÇAPLI ŞEBEKE HATTI ARIZASI,18/02/2023 12:38:17,18/02/2023 16:00:00,BARBOROSHAYRETTİNPAŞA MAH 2267 SOK,"BARBAROS HAYRETTİN PAŞA MAH,PİRİ REİS MAH"
2215,ESENYURT,100 MM ÇAPLI ŞEBEKE HATTI ARIZASI,14/02/2024 11:21:10,14/02/2024 16:30:00,BATTALGAZİ MAH. DEREYOLU SK,BATTALGAZİ MAH
2216,ESENYURT,100 MM ÇAPLI ŞEBEKE HATTI ARIZASI,02/10/2023 16:09:19,02/10/2023 18:30:00,BATTALGAZİ MAH. İĞDE SK.,BATTALGAZİ MAH
2217,ESENYURT,500 MM ÇAPLI ANA İSALE HATTI ARIZASI,26/08/2023 20:35:47,27/08/2023 02:00:00,BEYLİKDÜZÜ ÇAKMAKLI MAH.,"BARBAROS HAYRETTİN PAŞA MAH,GÖKEVLER MAH"
2218,ESENYURT,100 MM ÇAPLI ŞEBEKE HATTI ARIZASI,12/08/2023 14:38:48,12/08/2023 19:30:00,ESENKENT,"AŞIK VEYSEL MAH,ESENKENT MAH"
2219,ESENYURT,100 MM ÇAPLI ŞEBEKE HATTI ARIZASI,28/11/2023 16:51:30,28/11/2023 19:00:00,ESENYURT AKŞEMSETTİN MAH KAZIM KARA BEKİR CD.,AKŞEMSEDDİN MAH
2220,ESENYURT,1000 MM ÇAPLI ANA İSALE HATTI ARIZASI,14/12/2023 18:52:23,14/12/2023 23:00:00,ESENYURT CAZİBE HATTI,ESENKENT MAH
2221,ESENYURT,100 MM ÇAPLI ŞEBEKE HATTI ARIZASI,10/01/2024 17:21:12,10/01/2024 20:00:00,ESENYURT MEHTER ÇEŞME MAH.,"MEHTERÇEŞME MAH,YEŞİLKENT MAH"
2222,ESENYURT,100 MM ÇAPLI ŞEBEKE HATTI ARIZASI,13/12/2023 16:35:29,13/12/2023 22:00:00,ESENYURT PINAR MAH.,PINAR MAH
2223,ESENYURT,100 MM ÇAPLI ŞEBEKE HATTI ARIZASI,09/09/2023 13:57:34,09/09/2023 17:00:00,ESENYURT SELAHADDİN EYÜBBİ MAH,SELAHADDİN EYYUBİ MAH
2224,ESENYURT,ENERJİ KESİNTİSİ,21/02/2023 10:44:57,21/02/2023 15:00:00,ESENYURT TERFİ,"AŞIK VEYSEL MAH,ESENKENT MAH,KOZA MAH,ORHAN GAZİ MAH"
2225,ESENYURT,TERFİ  MERKEZİ ARIZASI,29/03/2023 10:06:35,29/03/2023 12:00:00,ESENYURT TERFİ,"AŞIK VEYSEL MAH,ESENKENT MAH,KOZA MAH,ORHAN GAZİ MAH"
2226,ESENYURT,ENERJİ KESİNTİSİ,17/10/2023 13:12:03,17/10/2023 20:00:00,ESENYURT TERFİ,"AŞIK VEYSEL MAH,ESENKENT MAH,KOZA MAH,ORHAN GAZİ MAH"
2227,ESENYURT,TERFI MERKEZI PERIYODIK BAKIMI,04/01/2024 10:06:22,04/01/2024 12:00:00,ESENYURT TERFİ,"AŞIK VEYSEL MAH,ESENKENT MAH,KOZA MAH,ORHAN GAZİ MAH"
2228,ESENYURT,TERFİ  MERKEZİ ARIZASI,05/01/2024 14:46:28,05/01/2024 17:00:00,ESENYURT TERFİ,"AŞIK VEYSEL MAH,ESENKENT MAH,KOZA MAH,ORHAN GAZİ MAH"
2229,ESENYURT,TERFİ  MERKEZİ ARIZASI,01/03/2023 14:09:50,01/03/2023 17:00:00,ESENYURT TERFİ MERKEZİ,"AŞIK VEYSEL MAH,ESENKENT MAH,KOZA MAH,ORHAN GAZİ MAH"
2230,ESENYURT,ANA İSALE HATTI VANA ARIZASI,21/03/2023 23:19:33,22/03/2023 04:00:00,ESENYURT TERFİ MERKEZİ,"AŞIK VEYSEL MAH,ESENKENT MAH,KOZA MAH,ORHAN GAZİ MAH,SELAHADDİN EYYUBİ MAH"
2231,ESENYURT,100 MM ÇAPLI ŞEBEKE HATTI ARIZASI,21/11/2023 19:18:39,21/11/2023 23:59:00,ESENYURT İSTİKLAL MAH,"ATATÜRK MAH,BATTALGAZİ MAH,HÜRRİYET MAH,NECİP FAZIL KISAKÜREK MAH,İSTİKLAL MAH,ŞEHİTLER MAH"
2232,ESENYURT,100 MM ÇAPLI ŞEBEKE HATTI ARIZASI,02/09/2023 16:59:45,02/09/2023 22:00:00,ESENYURT ŞEHİTLER MAH.HURMA SK,ŞEHİTLER MAH
2233,ESENYURT,100 MM ÇAPLI ŞEBEKE HATTI ARIZASI,10/01/2024 10:48:31,10/01/2024 15:00:00,FATİH MAH. 19 MAYIS BULVARI,"AKEVLER MAH,FATİH MAH,TALATPAŞA MAH,ÜÇEVLER MAH"
2234,ESENYURT,100 MM ÇAPLI ŞEBEKE HATTI ARIZASI,14/10/2023 13:04:22,14/10/2023 16:30:00,GÖKEVLER MH ADNAN  KAHVECI BULVARI,GÖKEVLER MAH
2235,ESENYURT,100 MM ÇAPLI ŞEBEKE HATTI ARIZASI,10/02/2024 09:23:12,10/02/2024 13:30:00,HÜRRİYET MAH. ÖYKÜ SK,HÜRRİYET MAH
2236,ESENYURT,100 MM ÇAPLI ŞEBEKE HATTI ARIZASI,29/03/2023 14:05:28,29/03/2023 17:30:00,HÜRRİYET MAHALLESİ MARTI SOKAK,HÜRRİYET MAH
2237,ESENYURT,100 MM ÇAPLI ŞEBEKE HATTI ARIZASI,29/04/2023 19:43:21,29/04/2023 23:00:00,HÜRRİYET MH MARTI SK,HÜRRİYET MAH
2238,ESENYURT,100 MM ÇAPLI ŞEBEKE HATTI ARIZASI,07/01/2024 16:53:01,07/01/2024 20:00:00,INCIRTEPE MH 235 SK,"AKŞEMSEDDİN MAH,İNCİRTEPE MAH"
2239,ESENYURT,ENERJİ KESİNTİSİ,18/04/2023 23:07:17,19/04/2023 06:00:00,KIRAÇ,"AKÇABURGAZ MAH.,ATATÜRK MAH,BARBAROS HAYRETTİN PAŞA MAH,CUMHURİYET MAH,GÖKEVLER MAH,MEVLANA MAH,PİRİ REİS MAH"
2240,ESENYURT,ENERJİ KESİNTİSİ,15/08/2023 21:44:18,15/08/2023 23:59:00,KIRAÇ TERFİ,"AKÇABURGAZ MAH.,ATATÜRK MAH,BARBAROS HAYRETTİN PAŞA MAH,BATTALGAZİ MAH,CUMHURİYET MAH,GÖKEVLER MAH,HÜRRİYET MAH,MEVLANA MAH,NECİP FAZIL KISAKÜREK MAH,OSMANGAZİ MAH,PİRİ REİS MAH,SÜLEYMANİYE MAH,İSTİKLAL MAH"
2241,ESENYURT,ENERJİ KESİNTİSİ,10/12/2023 23:03:39,11/12/2023 02:00:00,KIRAÇ TERFİ,"BARBAROS HAYRETTİN PAŞA MAH,CUMHURİYET MAH,GÖKEVLER MAH,MEVLANA MAH,PİRİ REİS MAH"
2242,ESENYURT,ARIZA SEBEBİ İLE BASINÇ DÜŞÜKLÜĞÜ,17/04/2023 10:34:59,17/04/2023 18:00:00,KIRAÇ TERFİ MERKEZİ,"AKÇABURGAZ MAH.,BARBAROS HAYRETTİN PAŞA MAH,BATTALGAZİ MAH,CUMHURİYET MAH,GÖKEVLER MAH,HÜRRİYET MAH,MEVLANA MAH,NECİP FAZIL KISAKÜREK MAH,İSTİKLAL MAH,İSTİKLAL MAH,ŞEHİTLER MAH"
2243,ESENYURT,100 MM ÇAPLI ŞEBEKE HATTI ARIZASI,13/10/2023 08:44:11,13/10/2023 20:00:00,KOZA,KOZA MAH
2244,ESENYURT,100 MM ÇAPLI ŞEBEKE HATTI ARIZASI,15/12/2023 10:27:23,15/12/2023 13:00:00,KOZA 1638 SOKAK NO:76,KOZA MAH
2245,ESENYURT,100 MM ÇAPLI ŞEBEKE HATTI ARIZASI,24/02/2023 11:49:25,24/02/2023 16:00:00,KOZA MAHALLESİ 1677 İLE 1697 KESİŞİMİ,KOZA MAH
2246,ESENYURT,100 MM ÇAPLI ŞEBEKE HATTI ARIZASI,17/01/2024 13:51:28,17/01/2024 18:00:00,KOZA MAHALLESİ 1678 SOKAK,"AKÇABURGAZ MAH.,KOZA MAH,SELAHADDİN EYYUBİ MAH"
2247,ESENYURT,100 MM ÇAPLI ŞEBEKE HATTI ARIZASI,01/03/2023 10:03:42,01/03/2023 16:00:00,KOZA MAHALLESİ SELAHATTİN EYYÜBİ MAHALLESİ ORHANGAZİ MAH,"KOZA MAH,ORHAN GAZİ MAH,SELAHADDİN EYYUBİ MAH"
2248,ESENYURT,ŞEBEKE HATTI VANA ARIZASI,11/06/2023 22:56:53,12/06/2023 04:00:00,M.A.ERSOY MAH. UFUK CAD.,"GÜZELYURT MAH.,MEHMET AKİF ERSOY MAH,MEHTERÇEŞME MAH,YEŞİLKENT MAH"
2249,ESENYURT,100 MM ÇAPLI ŞEBEKE HATTI ARIZASI,10/06/2023 20:20:58,10/06/2023 23:59:00,MEHMET AKIF ERSOY MH 1855 SK,"MEHMET AKİF ERSOY MAH,MEHTERÇEŞME MAH"
2250,ESENYURT,ŞEBEKE HATTI VANA ARIZASI,19/07/2023 19:46:25,19/07/2023 23:00:00,MEHTERÇEŞME,"MEHMET AKİF ERSOY MAH,MEHTERÇEŞME MAH,YEŞİLKENT MAH"
2251,ESENYURT,ŞEBEKE HATTI VANA MONTAJI/DEĞİŞİMİ,27/06/2023 16:39:53,27/06/2023 23:00:00,MEHTERÇEŞME 1880,"GÜZELYURT MAH.,MEHMET AKİF ERSOY MAH,MEHTERÇEŞME MAH,YEŞİLKENT MAH"
2252,ESENYURT,100 MM ÇAPLI ŞEBEKE HATTI ARIZASI,20/03/2023 11:56:28,20/03/2023 16:00:00,MEHTERÇEŞME MAH. 1874 SOKAK,"MEHTERÇEŞME MAH,YEŞİLKENT MAH"
2253,ESENYURT,100 MM ÇAPLI ŞEBEKE HATTI ARIZASI,01/02/2024 17:01:16,01/02/2024 21:00:00,NAMIK KEMAL MH 115 SK,"NAMIK KEMAL MAH,SAADETDERE MAH,TURGUT ÖZAL MAH,ZAFER MAH"
2254,ESENYURT,100 MM ÇAPLI ŞEBEKE HATTI ARIZASI,05/04/2023 12:58:45,05/04/2023 16:00:00,"NECİP FAZ., HÜRRİYET, İSTİKLAL, İSTİKLAL, ŞEHİTLER","ATATÜRK MAH,HÜRRİYET MAH,NECİP FAZIL KISAKÜREK MAH,İSTİKLAL MAH,ŞEHİTLER MAH"
2255,ESENYURT,100 MM ÇAPLI ŞEBEKE HATTI ARIZASI,19/10/2023 11:02:19,19/10/2023 14:00:00,NECİP FAZIL KISAKÜREK MAH.2073 SK,"HÜRRİYET MAH,NECİP FAZIL KISAKÜREK MAH"
2256,ESENYURT,100 MM ÇAPLI ŞEBEKE HATTI ARIZASI,14/09/2023 13:14:15,14/09/2023 19:00:00,NECİP FAZIL KISAKÜREK MAHALLESİ,NECİP FAZIL KISAKÜREK MAH
2257,ESENYURT,100 MM ÇAPLI ŞEBEKE HATTI ARIZASI,12/01/2024 10:32:35,12/01/2024 15:00:00,NECİP FAZIL KISAKÜREK MAHALLESİ GAZİ CADDESİ,NECİP FAZIL KISAKÜREK MAH
2258,ESENYURT,100 MM ÇAPLI ŞEBEKE HATTI ARIZASI,18/01/2024 19:59:59,18/01/2024 23:00:00,NECİP FAZIL KISAKÜREK MH 2207 SK,NECİP FAZIL KISAKÜREK MAH
2259,ESENYURT,100 MM ÇAPLI ŞEBEKE HATTI ARIZASI,23/09/2023 09:16:25,23/09/2023 18:00:00,ORHAN GAZİ MAH 1659 SK,"KOZA MAH,ORHAN GAZİ MAH"
2260,ESENYURT,100 MM ÇAPLI ŞEBEKE HATTI ARIZASI,10/10/2023 20:04:11,10/10/2023 22:00:00,ORHANGAZİ,ORHAN GAZİ MAH
2261,ESENYURT,100 MM ÇAPLI ŞEBEKE HATTI ARIZASI,30/03/2023 13:23:44,30/03/2023 17:00:00,ORHANGAZİ MAH 1658 SOK NO 1/3,ORHAN GAZİ MAH
2262,ESENYURT,100 MM ÇAPLI ŞEBEKE HATTI ARIZASI,24/01/2024 13:59:31,24/01/2024 16:00:00,ORHANGAZİ MAHALLESİ 1714 SOKAK MİMSAN SANAYİ SİTESİ,ORHAN GAZİ MAH
2263,ESENYURT,100 MM ÇAPLI ŞEBEKE HATTI ARIZASI,03/04/2023 11:28:12,03/04/2023 17:00:00,OSMANGAZİ MAH 2684,OSMANGAZİ MAH
2264,ESENYURT,1600 MM ÇAPLI ANA İSALE HATTI ARIZASI,02/09/2023 10:08:33,02/09/2023 17:00:00,OSMANGAZİ MAH. ESEN CADDESİ,"AKÇABURGAZ MAH.,ATATÜRK MAH,BARBAROS HAYRETTİN PAŞA MAH,BATTALGAZİ MAH,CUMHURİYET MAH,GÖKEVLER MAH,HÜRRİYET MAH,MEHMET AKİF ERSOY MAH,MEHTERÇEŞME MAH,NECİP FAZIL KISAKÜREK MAH,OSMANGAZİ MAH,PİRİ REİS MAH,YEŞİLKENT MAH,İSTİKLAL MAH,ŞEHİTLER MAH"
2265,ESENYURT,100 MM ÇAPLI ŞEBEKE HATTI ARIZASI,21/12/2023 14:47:58,21/12/2023 18:00:00,OSMANGAZİ MAHALLESİ ASLAN SOKAK İLE OĞLAK SOKAK KESİŞİMİ,OSMANGAZİ MAH
2266,ESENYURT,100 MM ÇAPLI ŞEBEKE HATTI ARIZASI,23/01/2024 09:41:50,23/01/2024 16:00:00,PINAR MAH.  1246 SK,PINAR MAH
2267,ESENYURT,100 MM ÇAPLI ŞEBEKE HATTI ARIZASI,12/02/2024 11:25:13,12/02/2024 17:30:00,PINAR MAH. 1246 SK,PINAR MAH
2268,ESENYURT,100 MM ÇAPLI ŞEBEKE HATTI ARIZASI,22/01/2024 09:16:50,22/01/2024 12:00:00,PINAR MAHALLESİ 1272 SOKAK,PINAR MAH
2269,ESENYURT,100 MM ÇAPLI ŞEBEKE HATTI ARIZASI,11/07/2023 16:02:59,11/07/2023 20:00:00,PINAR MAHALLESİ 1291 SOKAK YEŞİLKENT MAHALLESİ,"PINAR MAH,YEŞİLKENT MAH"
2270,ESENYURT,100 MM ÇAPLI ŞEBEKE HATTI ARIZASI,05/11/2023 12:22:42,05/11/2023 15:30:00,PINAR MH 1272 SK,PINAR MAH
2271,ESENYURT,100 MM ÇAPLI ŞEBEKE HATTI ARIZASI,26/01/2024 10:50:15,26/01/2024 13:00:00,PINAR MH 1280 SK,PINAR MAH
2272,ESENYURT,100 MM ÇAPLI ŞEBEKE HATTI ARIZASI,22/05/2023 20:46:11,22/05/2023 23:30:00,PIRI REIS MH 2328 SK TOPKAPI OKULLARINI ÖNÜ,PİRİ REİS MAH
2273,ESENYURT,TERFİ  MERKEZİ ARIZASI,24/09/2023 13:43:24,24/09/2023 23:59:00,SAZLIDERE,"AKŞEMSEDDİN MAH,ARDIÇLI MAH,BALIKYOLU MAH,FATİH MAH,MEHTERÇEŞME MAH,NAMIK KEMAL MAH,SAADETDERE MAH,SELAHADDİN EYYUBİ MAH,SULTANİYE MAH,SÜLEYMANİYE MAH,TURGUT ÖZAL MAH,YENİKENT MAH,YEŞİLKENT MAH,YUNUS EMRE MAH,ZAFER MAH,ÇINAR MAH,ÖRNEK MAH,ÜÇEVLER MAH,İNCİRTEPE MAH,İNÖNÜ MAH"
2274,ESENYURT,100 MM ÇAPLI ŞEBEKE HATTI ARIZASI,11/09/2023 21:46:35,11/09/2023 23:50:00,SELAHADDIN EYYUBI MH 1519 SK NO 40,SELAHADDİN EYYUBİ MAH
2275,ESENYURT,100 MM ÇAPLI ŞEBEKE HATTI ARIZASI,23/07/2023 11:00:12,23/07/2023 14:00:00,SELAHADDİN EYYÜBİ MAH.,SELAHADDİN EYYUBİ MAH
2276,ESENYURT,100 MM ÇAPLI ŞEBEKE HATTI ARIZASI,27/12/2023 12:56:31,27/12/2023 16:00:00,SELAHADDİN EYYÜBİ MAH. 1530 SK İLE 1539 KESİŞİMİ,SELAHADDİN EYYUBİ MAH
2277,ESENYURT,100 MM ÇAPLI ŞEBEKE HATTI ARIZASI,29/05/2023 14:03:54,29/05/2023 19:00:00,SELAHADDİN EYÜBİ MAHALLESİ,SELAHADDİN EYYUBİ MAH
2278,ESENYURT,100 MM ÇAPLI ŞEBEKE HATTI ARIZASI,02/04/2023 05:33:31,02/04/2023 14:00:00,SELAHATTİN EYYUBİ MH 1538,SELAHADDİN EYYUBİ MAH
2279,ESENYURT,100 MM ÇAPLI ŞEBEKE HATTI ARIZASI,24/02/2023 17:15:12,24/02/2023 20:00:00,SELAHATTİN EYYUBİ MH 1631 SOKAK,SELAHADDİN EYYUBİ MAH
2280,ESENYURT,100 MM ÇAPLI ŞEBEKE HATTI ARIZASI,16/03/2023 11:41:45,16/03/2023 15:30:00,SELAHATTİN EYYÜBİ MAH. 1630 SOKAK,SELAHADDİN EYYUBİ MAH
2281,ESENYURT,100 MM ÇAPLI ŞEBEKE HATTI ARIZASI,30/03/2023 11:53:29,30/03/2023 15:00:00,SELAHATTİN EYYÜBİ MAH. 1632 SK,SELAHADDİN EYYUBİ MAH
2282,ESENYURT,100 MM ÇAPLI ŞEBEKE HATTI ARIZASI,16/03/2023 16:42:07,16/03/2023 19:30:00,SELAHATTİN EYYÜBİ MAHALLESİ 1343 SOKAK,SELAHADDİN EYYUBİ MAH
2283,ESENYURT,100 MM ÇAPLI ŞEBEKE HATTI ARIZASI,07/04/2023 11:29:55,07/04/2023 14:30:00,SELAHATTİN EYYÜBİ MAHALLESİ 1518 SOKAK 1538 SOKAK KESİŞİMİ,SELAHADDİN EYYUBİ MAH
2284,ESENYURT,100 MM ÇAPLI ŞEBEKE HATTI ARIZASI,23/02/2023 11:56:06,23/02/2023 14:00:00,SELAHATTİN MAH. 1632 SOKAK,SELAHADDİN EYYUBİ MAH
2285,ESENYURT,100 MM ÇAPLI ŞEBEKE HATTI ARIZASI,03/04/2023 09:57:54,03/04/2023 13:00:00,SELAHATTİNEYÜBÜ MAH 1518 SOK,SELAHADDİN EYYUBİ MAH
2286,ESENYURT,100 MM ÇAPLI ŞEBEKE HATTI ARIZASI,17/01/2024 09:44:52,17/01/2024 16:00:00,SULTANİYE MAH.  637 SK,"ARDIÇLI MAH,BALIKYOLU MAH,SULTANİYE MAH,SÜLEYMANİYE MAH,YENİKENT MAH"
2287,ESENYURT,400 MM ÇAPLI ANA İSALE HATTI ARIZASI,03/10/2023 12:07:54,03/10/2023 18:00:00,SÜLEYMANİ MAH - YEDİKULE CD.,"ARDIÇLI MAH,BALIKYOLU MAH,SULTANİYE MAH,SÜLEYMANİYE MAH,YENİKENT MAH"
2288,ESENYURT,100 MM ÇAPLI ŞEBEKE HATTI ARIZASI,29/05/2023 15:45:09,29/05/2023 18:00:00,SÜLEYMANİYE MAH.727 SK.,SÜLEYMANİYE MAH
2289,ESENYURT,100 MM ÇAPLI ŞEBEKE HATTI ARIZASI,10/05/2023 11:26:41,10/05/2023 14:00:00,SÜLEYMANİYE MAH.779.SK.,"ARDIÇLI MAH,SÜLEYMANİYE MAH"
2290,ESENYURT,100 MM ÇAPLI ŞEBEKE HATTI ARIZASI,13/12/2023 12:58:03,13/12/2023 16:00:00,TALATPAŞA MAH. 1047 SK,"AKEVLER MAH,FATİH MAH,TALATPAŞA MAH"
2291,ESENYURT,ARIZA SEBEBİ İLE BASINÇ DÜŞÜKLÜĞÜ,20/06/2023 06:31:32,20/06/2023 18:00:00,TERKOS-İKİTELLİ İSALE HATTI,"AKEVLER MAH,AKÇABURGAZ MAH.,AKŞEMSEDDİN MAH,ARDIÇLI MAH,ARDIÇLI MAH,ATATÜRK MAH,AŞIK VEYSEL MAH,AŞIK VEYSEL MAH,BALIKYOLU MAH,BARBAROS HAYRETTİN PAŞA MAH,BATTALGAZİ MAH,BAĞLARÇEŞME MAH,CUMHURİYET MAH,ESENKENT MAH,ESENKENT MAH,FATİH MAH,GÖKEVLER MAH,GÜZELYURT MAH.,HÜRRİYET MAH,KOZA MAH,KOZA MAH,MEHMET AKİF ERSOY MAH,MEHTERÇEŞME MAH,MEVLANA MAH,NAMIK KEMAL MAH,NECİP FAZIL KISAKÜREK MAH,ORHAN GAZİ MAH,OSMANGAZİ MAH,PINAR MAH,PİRİ REİS MAH,SAADETDERE MAH,SELAHADDİN EYYUBİ MAH,SULTANİYE MAH,SÜLEYMANİYE MAH,TALATPAŞA MAH,TURGUT ÖZAL MAH,YENİKENT MAH,YEŞİLKENT MAH,YUNUS EMRE MAH,ZAFER MAH,ÇINAR MAH,ÖRNEK MAH,ÖRNEK MAH,ÜÇEVLER MAH,İNCİRTEPE MAH,İNÖNÜ MAH,İNÖNÜ MAH,İSTİKLAL MAH,ŞEHİTLER MAH"
2292,ESENYURT,100 MM ÇAPLI ŞEBEKE HATTI ARIZASI,28/04/2023 17:33:17,28/04/2023 23:59:00,TURGUT ÖZAL,"NAMIK KEMAL MAH,SAADETDERE MAH,TURGUT ÖZAL MAH,ZAFER MAH"
2293,ESENYURT,100 MM ÇAPLI ŞEBEKE HATTI ARIZASI,28/10/2023 18:52:58,28/10/2023 23:00:00,TURGUT ÖZAL MAH OKTAYRIFAT CAD,"NAMIK KEMAL MAH,SAADETDERE MAH,TURGUT ÖZAL MAH,ZAFER MAH"
2294,ESENYURT,100 MM ÇAPLI ŞEBEKE HATTI ARIZASI,05/03/2023 12:36:52,05/03/2023 16:30:00,TURGUT ÖZAL MH SU YOLU CD,TURGUT ÖZAL MAH
2295,ESENYURT,100 MM ÇAPLI ŞEBEKE HATTI ARIZASI,25/12/2023 11:57:12,25/12/2023 14:00:00,YENİKENT MAH. 665 SK,YENİKENT MAH
2296,ESENYURT,100 MM ÇAPLI ŞEBEKE HATTI ARIZASI,22/12/2023 10:08:21,22/12/2023 17:00:00,YENİKENT MAHALLESİ 665 SOKAK,"ARDIÇLI MAH,BALIKYOLU MAH,SULTANİYE MAH,SÜLEYMANİYE MAH,YENİKENT MAH"
2297,ESENYURT,100 MM ÇAPLI ŞEBEKE HATTI ARIZASI,06/05/2023 10:01:02,06/05/2023 13:00:00,YEŞILYURT MH 1293 SK,YEŞİLKENT MAH
2298,ESENYURT,100 MM ÇAPLI ŞEBEKE HATTI ARIZASI,01/05/2023 10:38:49,01/05/2023 13:30:00,YEŞİLKENT,YEŞİLKENT MAH
2299,ESENYURT,100 MM ÇAPLI ŞEBEKE HATTI ARIZASI,17/08/2023 11:48:46,17/08/2023 14:00:00,YEŞİLKENT,YEŞİLKENT MAH
2300,ESENYURT,100 MM ÇAPLI ŞEBEKE HATTI ARIZASI,19/08/2023 13:54:58,19/08/2023 17:00:00,YEŞİLKENT,YEŞİLKENT MAH
2301,ESENYURT,100 MM ÇAPLI ŞEBEKE HATTI ARIZASI,21/08/2023 14:46:27,21/08/2023 18:00:00,YEŞİLKENT,YEŞİLKENT MAH
2302,ESENYURT,100 MM ÇAPLI ŞEBEKE HATTI ARIZASI,12/09/2023 11:00:09,12/09/2023 14:00:00,YEŞİLKENT,YEŞİLKENT MAH
2303,ESENYURT,100 MM ÇAPLI ŞEBEKE HATTI ARIZASI,14/09/2023 11:29:55,14/09/2023 13:30:00,YEŞİLKENT,YEŞİLKENT MAH
2304,ESENYURT,100 MM ÇAPLI ŞEBEKE HATTI ARIZASI,04/10/2023 13:39:29,04/10/2023 16:00:00,YEŞİLKENT,YEŞİLKENT MAH
2305,ESENYURT,100 MM ÇAPLI ŞEBEKE HATTI ARIZASI,10/05/2023 10:15:31,10/05/2023 12:30:00,YEŞİLKENT MAH 1293 NO 10,YEŞİLKENT MAH
2306,ESENYURT,ŞEBEKE HATTI VANA MONTAJI/DEĞİŞİMİ,17/05/2023 15:18:34,17/05/2023 18:30:00,YEŞİLKENT MAH. 1292 SOKAK,YEŞİLKENT MAH
2307,ESENYURT,100 MM ÇAPLI ŞEBEKE HATTI ARIZASI,10/05/2023 15:23:40,10/05/2023 18:00:00,YEŞİLKENT MAH. 1292. SK. NO 10,YEŞİLKENT MAH
2308,ESENYURT,100 MM ÇAPLI ŞEBEKE HATTI ARIZASI,27/06/2023 11:08:59,27/06/2023 14:30:00,YEŞİLKENT MAH. 1908 SOKAK,"GÜZELYURT MAH.,MEHMET AKİF ERSOY MAH,MEHTERÇEŞME MAH,YEŞİLKENT MAH"
2309,ESENYURT,100 MM ÇAPLI ŞEBEKE HATTI ARIZASI,26/09/2023 09:22:35,26/09/2023 13:30:00,YEŞİLKENT MAH.1295 SK,YEŞİLKENT MAH
2310,ESENYURT,100 MM ÇAPLI ŞEBEKE HATTI ARIZASI,31/07/2023 09:15:03,31/07/2023 13:30:00,YEŞİLKENT MAHALLESİ,YEŞİLKENT MAH
2311,ESENYURT,100 MM ÇAPLI ŞEBEKE HATTI ARIZASI,31/07/2023 14:04:29,31/07/2023 17:00:00,YEŞİLKENT MAHALLESİ,YEŞİLKENT MAH
2312,ESENYURT,100 MM ÇAPLI ŞEBEKE HATTI ARIZASI,11/08/2023 14:18:05,11/08/2023 16:00:00,YEŞİLKENT MAHALLESİ,YEŞİLKENT MAH
2313,ESENYURT,100 MM ÇAPLI ŞEBEKE HATTI ARIZASI,28/10/2023 13:45:49,28/10/2023 16:00:00,YEŞİLKENT MAHALLESİ 1301 SK,YEŞİLKENT MAH
2314,ESENYURT,100 MM ÇAPLI ŞEBEKE HATTI ARIZASI,20/02/2023 11:46:15,20/02/2023 18:00:00,YUNUS EMRE MAH.CEYLAN CAD.438 SOKAK KESİŞİMİ,"BALIKYOLU MAH,YUNUS EMRE MAH"
2315,ESENYURT,100 MM ÇAPLI ŞEBEKE HATTI ARIZASI,30/10/2023 16:36:48,30/10/2023 18:30:00,YUNUS EMRE MAHALLESİ 385 SOKAK,YUNUS EMRE MAH
2316,ESENYURT,100 MM ÇAPLI ŞEBEKE HATTI ARIZASI,07/03/2023 12:07:46,07/03/2023 18:00:00,YUNUS EMRE MAHALLESİ CEYLAN CADDESİ,"BALIKYOLU MAH,YUNUS EMRE MAH,İNÖNÜ MAH"
2317,ESENYURT,100 MM ÇAPLI ŞEBEKE HATTI ARIZASI,10/11/2023 10:22:42,10/11/2023 13:30:00,YUNUS EMRE MAHALLESİ MANDIRA CADDESİ 442 SOKAK KESİŞİMİ,"BALIKYOLU MAH,YUNUS EMRE MAH"
2318,ESENYURT,100 MM ÇAPLI ŞEBEKE HATTI ARIZASI,04/11/2023 13:12:45,04/11/2023 16:00:00,YUNUSEMRE MAH  MANDIRA CD,YUNUS EMRE MAH
2319,ESENYURT,100 MM ÇAPLI ŞEBEKE HATTI ARIZASI,30/06/2023 18:41:04,01/07/2023 03:00:00,YUNUSEMRE MH 448 SK,"BALIKYOLU MAH,YUNUS EMRE MAH,İNCİRTEPE MAH,İNÖNÜ MAH"
2320,ESENYURT,100 MM ÇAPLI ŞEBEKE HATTI ARIZASI,05/12/2023 11:53:33,05/12/2023 14:00:00,ZAFER MAH,ZAFER MAH
2321,ESENYURT,100 MM ÇAPLI ŞEBEKE HATTI ARIZASI,12/10/2023 19:33:34,12/10/2023 23:00:00,ZAFER MAH 140 SOK  BORU KIRIĞI ÇALIŞMASI,ZAFER MAH
2322,ESENYURT,100 MM ÇAPLI ŞEBEKE HATTI ARIZASI,22/11/2023 11:15:10,22/11/2023 14:30:00,ZAFER MAH. 118 SK,ZAFER MAH
2323,ESENYURT,100 MM ÇAPLI ŞEBEKE HATTI ARIZASI,01/11/2023 12:12:33,01/11/2023 15:00:00,ZAFER MAH. 123 SK,ZAFER MAH
2324,ESENYURT,100 MM ÇAPLI ŞEBEKE HATTI ARIZASI,12/12/2023 10:19:46,12/12/2023 13:00:00,ZAFER MAHALLESİ ADİLE NAŞİT BULVARI,ZAFER MAH
2325,ESENYURT,100 MM ÇAPLI ŞEBEKE HATTI ARIZASI,08/07/2023 13:40:05,08/07/2023 16:30:00,ZAFER MH 164 SK,ZAFER MAH
2326,ESENYURT,ARIZA SEBEBİ İLE BASINÇ DÜŞÜKLÜĞÜ,15/09/2023 08:51:59,15/09/2023 16:30:00,ÖMERLİ SALPOMPA,"ARDIÇLI MAH,AŞIK VEYSEL MAH,ESENKENT MAH,ESENKENT MAH,ESENKENT MAH,KOZA MAH,ÖRNEK MAH,İNÖNÜ MAH"
2327,ESENYURT,100 MM ÇAPLI ŞEBEKE HATTI ARIZASI,13/01/2024 10:05:10,13/01/2024 15:00:00,"ÜÇ EVLER MH,ŞEHİTLER MH","AKEVLER MAH,ATATÜRK MAH,FATİH MAH,HÜRRİYET MAH,NECİP FAZIL KISAKÜREK MAH,TALATPAŞA MAH,ÜÇEVLER MAH,İSTİKLAL MAH,ŞEHİTLER MAH"
2328,ESENYURT,100 MM ÇAPLI ŞEBEKE HATTI ARIZASI,13/01/2024 12:51:27,13/01/2024 15:00:00,ÜÇEVLER MAH. 904 SK,"AKEVLER MAH,FATİH MAH,TALATPAŞA MAH,ÜÇEVLER MAH"
2329,ESENYURT,100 MM ÇAPLI ŞEBEKE HATTI ARIZASI,13/01/2024 18:55:13,13/01/2024 22:00:00,ÜÇEVLER MH 904 SK,ÜÇEVLER MAH
2330,ESENYURT,ARITMA TESİSİ ARIZASI,21/07/2023 23:45:30,22/07/2023 04:00:00,İKİTELLİ STT,"ARDIÇLI MAH,AŞIK VEYSEL MAH,ESENKENT MAH,KOZA MAH,ÖRNEK MAH,İNÖNÜ MAH"
2331,ESENYURT,ARIZA SEBEBİ İLE BASINÇ DÜŞÜKLÜĞÜ,26/09/2023 02:37:11,26/09/2023 08:00:00,İKİTELLİ STT,"ARDIÇLI MAH,AŞIK VEYSEL MAH,BARBAROS HAYRETTİN PAŞA MAH,CUMHURİYET MAH,ESENKENT MAH,GÖKEVLER MAH,KOZA MAH,MEVLANA MAH,PİRİ REİS MAH,SAADETDERE MAH,ÖRNEK MAH,İNÖNÜ MAH"
2332,ESENYURT,ANA İSALE HATTI YENİLEMESİ,19/06/2023 05:49:47,20/06/2023 06:00:00,İKİTELLİ-TERKOS,"AKEVLER MAH,BALIKYOLU MAH,BAĞLARÇEŞME MAH,ZAFER MAH"
2333,ESENYURT,100 MM ÇAPLI ŞEBEKE HATTI ARIZASI,20/06/2023 23:11:30,21/06/2023 12:00:00,İNCİRTEPE,"AKŞEMSEDDİN MAH,İNCİRTEPE MAH"
2334,ESENYURT,100 MM ÇAPLI ŞEBEKE HATTI ARIZASI,12/10/2023 18:33:29,12/10/2023 20:00:00,İNCİRTEPE  MAH 283 SOK BORU KIRI,İNCİRTEPE MAH
2335,ESENYURT,250 MM ÇAPLI ŞEBEKE HATTI ARIZASI,06/01/2024 09:21:44,06/01/2024 19:00:00,İNCİRTEPE MAH  ATALAY CD,"AKŞEMSEDDİN MAH,İNCİRTEPE MAH"
2336,ESENYURT,100 MM ÇAPLI ŞEBEKE HATTI ARIZASI,27/01/2024 10:47:17,27/01/2024 14:00:00,İNCİRTEPE MAH. 256 SK,"AKŞEMSEDDİN MAH,İNCİRTEPE MAH"
2337,ESENYURT,100 MM ÇAPLI ŞEBEKE HATTI ARIZASI,23/01/2024 11:00:13,23/01/2024 14:00:00,İNCİRTEPE MAH. 256 SK  NO:14,"AKŞEMSEDDİN MAH,İNCİRTEPE MAH"
2338,ESENYURT,100 MM ÇAPLI ŞEBEKE HATTI ARIZASI,10/01/2024 14:09:40,10/01/2024 19:00:00,İNCİRTEPE MAH. 256 SOKAK,"AKŞEMSEDDİN MAH,İNCİRTEPE MAH"
2339,ESENYURT,100 MM ÇAPLI ŞEBEKE HATTI ARIZASI,19/05/2023 11:36:00,19/05/2023 15:30:00,İNCİRTEPE MAH. ATALAY CAD,İNCİRTEPE MAH
2340,ESENYURT,100 MM ÇAPLI ŞEBEKE HATTI ARIZASI,11/12/2023 15:03:29,11/12/2023 18:00:00,İNCİRTEPE MAH. OKURLAR CAD.,"AKŞEMSEDDİN MAH,İNCİRTEPE MAH"
2341,ESENYURT,100 MM ÇAPLI ŞEBEKE HATTI ARIZASI,22/08/2023 13:52:24,22/08/2023 17:00:00,İNCİRTEPE MAHALLESİ 262 SOKAK,İNCİRTEPE MAH
2342,ESENYURT,100 MM ÇAPLI ŞEBEKE HATTI ARIZASI,26/08/2023 12:57:35,26/08/2023 19:00:00,İNCİRTEPE T ÖZAL CD 262 SK KESİŞİMİ,İNCİRTEPE MAH
2343,ESENYURT,100 MM ÇAPLI ŞEBEKE HATTI ARIZASI,09/12/2023 11:24:22,09/12/2023 17:30:00,İNÖNÜ MAH. 410 SK,"BALIKYOLU MAH,YUNUS EMRE MAH,İNCİRTEPE MAH,İNÖNÜ MAH"
2344,ESENYURT,100 MM ÇAPLI ŞEBEKE HATTI ARIZASI,26/12/2023 20:50:32,27/12/2023 02:00:00,İNÖNÜ MH 438 SK,"YUNUS EMRE MAH,İNÖNÜ MAH"
2345,ESENYURT,ELEKTRİK ENERJİSİ PROBLEMİ,20/02/2023 00:44:42,20/02/2023 04:00:00,ŞAHİNTEPE TERFİ,"AKEVLER MAH,AKŞEMSEDDİN MAH,AŞIK VEYSEL MAH,BALIKYOLU MAH,BAĞLARÇEŞME MAH,ESENKENT MAH,FATİH MAH,GÜZELYURT MAH.,KOZA MAH,MEHMET AKİF ERSOY MAH,MEHTERÇEŞME MAH,NAMIK KEMAL MAH,ORHAN GAZİ MAH,PINAR MAH,SELAHADDİN EYYUBİ MAH,SULTANİYE MAH,SÜLEYMANİYE MAH,TALATPAŞA MAH,TURGUT ÖZAL MAH,YENİKENT MAH,YEŞİLKENT MAH,YUNUS EMRE MAH,ZAFER MAH,ÇINAR MAH,ÖRNEK MAH,ÜÇEVLER MAH,İNCİRTEPE MAH,İNÖNÜ MAH"
2346,ESENYURT,ELEKTRİK ENERJİSİ PROBLEMİ,20/12/2023 01:12:45,20/12/2023 04:00:00,ŞAHİNTEPE TERFİ,"AKŞEMSEDDİN MAH,ARDIÇLI MAH,ARDIÇLI MAH,AŞIK VEYSEL MAH,AŞIK VEYSEL MAH,ESENKENT MAH,FATİH MAH,GÜZELYURT MAH.,KOZA MAH,MEHMET AKİF ERSOY MAH,MEHTERÇEŞME MAH,NAMIK KEMAL MAH,PINAR MAH,SAADETDERE MAH,SELAHADDİN EYYUBİ MAH,SULTANİYE MAH,SÜLEYMANİYE MAH,TALATPAŞA MAH,TURGUT ÖZAL MAH,YENİKENT MAH,YEŞİLKENT MAH,YUNUS EMRE MAH,ÇINAR MAH,ÖRNEK MAH,ÜÇEVLER MAH,İNCİRTEPE MAH,İNÖNÜ MAH,İNÖNÜ MAH"
2347,ESENYURT,ENERJİ KESİNTİSİ,13/02/2024 21:01:20,14/02/2024 01:00:00,ŞAHİNTEPE TERFİ,"AŞIK VEYSEL MAH,ESENKENT MAH,KOZA MAH,ORHAN GAZİ MAH,SELAHADDİN EYYUBİ MAH"
2348,ESENYURT,ENERJİ KESİNTİSİ,19/07/2023 17:13:03,19/07/2023 19:00:00,ŞAHİNTEPE TERFİ MERKEZİ,"AŞIK VEYSEL MAH,ESENKENT MAH,KOZA MAH,ORHAN GAZİ MAH"
2349,ESENYURT,ENERJİ KESİNTİSİ,14/08/2023 23:13:10,15/08/2023 02:00:00,ŞAHİNTEPE TERFİ MERKEZİ,"ARDIÇLI MAH,AŞIK VEYSEL MAH,ESENKENT MAH,KOZA MAH,MEHTERÇEŞME MAH,ÖRNEK MAH,İNÖNÜ MAH"
2350,ESENYURT,ARIZA SEBEBİ İLE BASINÇ DÜŞÜKLÜĞÜ,05/09/2023 20:44:48,06/09/2023 03:00:00,ŞAHİNTEPE TERFİ MERKEZİ,"AKEVLER MAH,AKŞEMSEDDİN MAH,ARDIÇLI MAH,ARDIÇLI MAH,AŞIK VEYSEL MAH,AŞIK VEYSEL MAH,BALIKYOLU MAH,BAĞLARÇEŞME MAH,ESENKENT MAH,FATİH MAH,GÜZELYURT MAH.,KOZA MAH,KOZA MAH,MEHMET AKİF ERSOY MAH,MEHTERÇEŞME MAH,NAMIK KEMAL MAH,ORHAN GAZİ MAH,PINAR MAH,SAADETDERE MAH,SELAHADDİN EYYUBİ MAH,SULTANİYE MAH,SÜLEYMANİYE MAH,TALATPAŞA MAH,TURGUT ÖZAL MAH,YENİKENT MAH,YEŞİLKENT MAH,YUNUS EMRE MAH,ZAFER MAH,ÇINAR MAH,ÖRNEK MAH,ÖRNEK MAH,ÜÇEVLER MAH,İNCİRTEPE MAH,İNÖNÜ MAH,İNÖNÜ MAH"
2351,ESENYURT,TERFİ  MERKEZİ ARIZASI,15/09/2023 21:43:28,15/09/2023 23:59:00,ŞAHİNTEPE TERFİ MERKEZİ,"AKÇABURGAZ MAH.,AKŞEMSEDDİN MAH,ARDIÇLI MAH,ATATÜRK MAH,AŞIK VEYSEL MAH,BARBAROS HAYRETTİN PAŞA MAH,BARBAROS HAYRETTİN PAŞA MAH,BATTALGAZİ MAH,CUMHURİYET MAH,FATİH MAH,GÖKEVLER MAH,GÖKEVLER MAH,GÜZELYURT MAH.,HÜRRİYET MAH,MEHMET AKİF ERSOY MAH,MEHTERÇEŞME MAH,MEVLANA MAH,MEVLANA MAH,NAMIK KEMAL MAH,NECİP FAZIL KISAKÜREK MAH,OSMANGAZİ MAH,PINAR MAH,PİRİ REİS MAH,SAADETDERE MAH,SELAHADDİN EYYUBİ MAH,SULTANİYE MAH,SÜLEYMANİYE MAH,SÜLEYMANİYE MAH,TALATPAŞA MAH,TURGUT ÖZAL MAH,YENİKENT MAH,YEŞİLKENT MAH,YUNUS EMRE MAH,ÇINAR MAH,ÖRNEK MAH,ÖRNEK MAH,ÜÇEVLER MAH,İNCİRTEPE MAH,İNÖNÜ MAH,İSTİKLAL MAH"
2352,ESENYURT,ENERJİ KESİNTİSİ,18/09/2023 02:07:07,18/09/2023 05:00:00,ŞAHİNTEPE TERFİ MERKEZİ,"ARDIÇLI MAH,AŞIK VEYSEL MAH,BARBAROS HAYRETTİN PAŞA MAH,CUMHURİYET MAH,ESENKENT MAH,FATİH MAH,GÖKEVLER MAH,GÜZELYURT MAH.,KOZA MAH,MEHTERÇEŞME MAH,MEVLANA MAH,NAMIK KEMAL MAH,ORHAN GAZİ MAH,PINAR MAH,PİRİ REİS MAH,SAADETDERE MAH,TALATPAŞA MAH,YENİKENT MAH,ÖRNEK MAH,İNCİRTEPE MAH,İNÖNÜ MAH"
2353,ESENYURT,100 MM ÇAPLI ŞEBEKE HATTI ARIZASI,11/09/2023 10:19:22,11/09/2023 13:00:00,ŞEHİTLER MAH. HURMA SOKAK,"NECİP FAZIL KISAKÜREK MAH,ŞEHİTLER MAH"
2354,ESENYURT,100 MM ÇAPLI ŞEBEKE HATTI ARIZASI,04/09/2023 09:20:09,04/09/2023 12:00:00,ŞEHİTLER MAHALLESİ HURMA SOKAK,"NECİP FAZIL KISAKÜREK MAH,ŞEHİTLER MAH"
2355,ESENYURT,100 MM ÇAPLI ŞEBEKE HATTI ARIZASI,26/08/2023 18:10:22,26/08/2023 18:17:00,,İNCİRTEPE MAH
2356,ESENYURT,ŞEBEKE HATTI BRANŞMAN BAĞLANTISI,16/02/2024 16:56:06,16/02/2024 19:00:00,,PINAR MAH
2357,EYÜPSULTAN,100 MM ÇAPLI ŞEBEKE HATTI ARIZASI,05/10/2023 15:19:00,05/10/2023 18:00:00,5 LEVENT MAH FATİH SULTAN MEHMET BULVARI ESKİ İSKİ LOJMANLARI,5.LEVENT MAH
2358,EYÜPSULTAN,ŞEBEKE HATTI VANA MONTAJI/DEĞİŞİMİ,15/08/2023 13:36:00,15/08/2023 19:00:00,5.LEVENT MAH FATİH SULTAN MEHMET BULVARI NO:29,5.LEVENT MAH
2359,EYÜPSULTAN,100 MM ÇAPLI ŞEBEKE HATTI ARIZASI,17/08/2023 03:32:03,17/08/2023 06:00:00,5.LEVENT MH FATIH SULTAN MEHMET CD  10,5.LEVENT MAH
2360,EYÜPSULTAN,100 MM ÇAPLI ŞEBEKE HATTI ARIZASI,07/06/2023 10:14:46,07/06/2023 12:00:00,AKPINAR EBER SOKAK NO 9,AKPINAR MAH
2361,EYÜPSULTAN,BASINÇ DÜŞÜKLÜĞÜ,07/09/2023 13:40:20,07/09/2023 15:00:00,AKPINAR MAH AKPINAR KÖY YOLU,"AKPINAR MAH,AĞAÇLI MAH,IŞIKLAR MAH,ODAYERİ MAH"
2362,EYÜPSULTAN,100 MM ÇAPLI ŞEBEKE HATTI ARIZASI,22/07/2023 12:55:05,22/07/2023 15:00:00,AKPINAR MAH AKPINAR KÖY YOLU MEZARLIK ÜSTÜ,AKPINAR MAH
2363,EYÜPSULTAN,100 MM ÇAPLI ŞEBEKE HATTI ARIZASI,05/06/2023 11:39:18,05/06/2023 14:00:00,AKPINAR MAH İBRAHİM HAKKI SK NO:52,AKPINAR MAH
2364,EYÜPSULTAN,150 MM ÇAPLI ŞEBEKE HATTI ARIZASI,08/06/2023 12:54:33,08/06/2023 16:00:00,AKPINAR MAH. AKPINAR KÖY YOLU İGA ŞANTİYE ÖNÜ,AKPINAR MAH
2365,EYÜPSULTAN,150 MM ÇAPLI ŞEBEKE HATTI ARIZASI,08/03/2023 17:20:47,08/03/2023 21:00:00,AKPINAR MAHALESİ AKPINAR KÖYYOLU MEZARLIK ÜSTÜ,AKPINAR MAH
2366,EYÜPSULTAN,100 MM ÇAPLI ŞEBEKE HATTI ARIZASI,22/01/2024 20:48:12,22/01/2024 23:59:00,AKPINAR MAHALESİ YARIMCASOKAK SOKAK İÇİ,AKPINAR MAH
2367,EYÜPSULTAN,150 MM ÇAPLI ŞEBEKE HATTI ARIZASI,21/07/2023 22:27:21,22/07/2023 02:00:00,AKPINAR MH  AKPINAR KÖY YOLU  MEZARLIK ÜSTÜ,AKPINAR MAH
2368,EYÜPSULTAN,150 MM ÇAPLI ŞEBEKE HATTI ARIZASI,08/06/2023 23:53:30,09/06/2023 02:30:00,AKPINAR MH AKPINAR KÖY YOLU SK SK İÇİ,AKPINAR MAH
2369,EYÜPSULTAN,100 MM ÇAPLI ŞEBEKE HATTI ARIZASI,01/09/2023 09:21:27,01/09/2023 11:00:00,AKSEMSETTIN ARI SK NO 96,AKŞEMSETTİN MAH
2370,EYÜPSULTAN,100 MM ÇAPLI ŞEBEKE HATTI ARIZASI,12/10/2023 18:12:52,12/10/2023 22:00:00,AKŞAMSETTİN ALTAY SOKAK İÇİ,"AKŞEMSETTİN MAH,YEŞİLPINAR MAH"
2371,EYÜPSULTAN,100 MM ÇAPLI ŞEBEKE HATTI ARIZASI,10/12/2023 02:50:17,10/12/2023 08:00:00,AKŞAMSETTİN MAH EVLİYA CD,AKŞEMSETTİN MAH
2372,EYÜPSULTAN,100 MM ÇAPLI ŞEBEKE HATTI ARIZASI,24/06/2023 21:42:41,24/06/2023 23:59:00,AKŞAMSETTİN MAH KARADUT SOKAK NO:13 ÖNÜNDE,AKŞEMSETTİN MAH
2373,EYÜPSULTAN,100 MM ÇAPLI ŞEBEKE HATTI ARIZASI,12/08/2023 02:15:37,12/08/2023 05:00:00,AKŞAMSETTİN MH ERSEN SOKAK NO:23 ÖNÜNDE OLUŞAN PRİZ ARIZASI SEBEBİ İLE,AKŞEMSETTİN MAH
2374,EYÜPSULTAN,100 MM ÇAPLI ŞEBEKE HATTI ARIZASI,05/06/2023 16:34:20,05/06/2023 18:00:00,AKŞEMSETTIN CÖMERT SK ILE ALTAY SK KÖŞE,AKŞEMSETTİN MAH
2375,EYÜPSULTAN,100 MM ÇAPLI ŞEBEKE HATTI ARIZASI,13/06/2023 08:50:50,13/06/2023 11:00:00,AKŞEMSETTİN  LEYLAK 66,AKŞEMSETTİN MAH
2376,EYÜPSULTAN,100 MM ÇAPLI ŞEBEKE HATTI ARIZASI,06/06/2023 10:14:35,06/06/2023 12:00:00,AKŞEMSETTİN ALTAN NO 35,AKŞEMSETTİN MAH
2377,EYÜPSULTAN,100 MM ÇAPLI ŞEBEKE HATTI ARIZASI,21/09/2023 12:06:24,21/09/2023 14:00:00,AKŞEMSETTİN EGEMEN SOKAK NO 6,AKŞEMSETTİN MAH
2378,EYÜPSULTAN,ŞEBEKE HATTI VANA MONTAJI/DEĞİŞİMİ,11/10/2023 12:40:07,11/10/2023 20:00:00,AKŞEMSETTİN MAH ALTAY SOKAK NO:5,"AKŞEMSETTİN MAH,YEŞİLPINAR MAH"
2379,EYÜPSULTAN,ŞEBEKE HATTI VANA MONTAJI/DEĞİŞİMİ,23/11/2023 11:22:31,23/11/2023 15:00:00,AKŞEMSETTİN MAH CİHAD SOKAK NO:13,AKŞEMSETTİN MAH
2380,EYÜPSULTAN,100 MM ÇAPLI ŞEBEKE HATTI ARIZASI,05/09/2023 16:10:41,05/09/2023 18:00:00,AKŞEMSETTİN MAH DERİN SOKAK NO:31,AKŞEMSETTİN MAH
2381,EYÜPSULTAN,100 MM ÇAPLI ŞEBEKE HATTI ARIZASI,07/08/2023 10:50:58,07/08/2023 13:00:00,AKŞEMSETTİN MAH EMEK SOKAK İÇİ,AKŞEMSETTİN MAH
2382,EYÜPSULTAN,100 MM ÇAPLI ŞEBEKE HATTI ARIZASI,15/04/2023 14:56:36,15/04/2023 17:00:00,AKŞEMSETTİN MAH YAYLIM SOKAK NO:16,AKŞEMSETTİN MAH
2383,EYÜPSULTAN,100 MM ÇAPLI ŞEBEKE HATTI ARIZASI,10/06/2023 09:25:32,10/06/2023 12:00:00,AKŞEMSETTİN MAH ÖZEN SOKAK NO:32,AKŞEMSETTİN MAH
2384,EYÜPSULTAN,100 MM ÇAPLI ŞEBEKE HATTI ARIZASI,15/02/2024 14:18:42,15/02/2024 17:00:00,AKŞEMSETTİN MAH. LALE SOKAK LEYLAK SOKAK KESİŞİM,AKŞEMSETTİN MAH
2385,EYÜPSULTAN,100 MM ÇAPLI ŞEBEKE HATTI ARIZASI,27/01/2024 13:09:40,27/01/2024 16:00:00,AKŞEMSETTİN MAHALLESİ MUSTAFA KEMAL BLV CD ÜZERİ,AKŞEMSETTİN MAH
2386,EYÜPSULTAN,100 MM ÇAPLI ŞEBEKE HATTI ARIZASI,25/04/2023 06:53:17,25/04/2023 10:00:00,AKŞEMSETTİN MH ARI SK  NO:116,AKŞEMSETTİN MAH
2387,EYÜPSULTAN,100 MM ÇAPLI ŞEBEKE HATTI ARIZASI,27/07/2023 19:18:33,27/07/2023 22:00:00,AKŞEMSETTİN MH OĞUZ KAAN SOKAK İNŞAAT ÖNÜ,AKŞEMSETTİN MAH
2388,EYÜPSULTAN,100 MM ÇAPLI ŞEBEKE HATTI ARIZASI,25/07/2023 13:23:56,25/07/2023 16:00:00,AKŞEMSETTİN OĞUZ KAAN SOKAK NO 1,AKŞEMSETTİN MAH
2389,EYÜPSULTAN,100 MM ÇAPLI ŞEBEKE HATTI ARIZASI,01/03/2023 15:17:28,01/03/2023 17:00:00,AKŞEMSETTİN OĞUZKAAN  SK NO 4,AKŞEMSETTİN MAH
2390,EYÜPSULTAN,100 MM ÇAPLI ŞEBEKE HATTI ARIZASI,18/10/2023 14:52:32,18/10/2023 17:00:00,AKŞSEMSETTİN ZAFER SK NO 30,AKŞEMSETTİN MAH
2391,EYÜPSULTAN,100 MM ÇAPLI ŞEBEKE HATTI ARIZASI,08/11/2023 10:02:06,08/11/2023 12:00:00,ALİBEYKÖY ENGİN SK NO 10,"ALİBEYKÖY MAH,ÇIRÇIR MAH"
2392,EYÜPSULTAN,100 MM ÇAPLI ŞEBEKE HATTI ARIZASI,30/09/2023 15:36:19,30/09/2023 18:00:00,ALİBEYKÖY GÜZELCE CADDESİ NO 4/1,ALİBEYKÖY MAH
2393,EYÜPSULTAN,100 MM ÇAPLI ŞEBEKE HATTI ARIZASI,11/05/2023 08:56:28,11/05/2023 11:00:00,ALİBEYKÖY GÜZELCE NO 5,ALİBEYKÖY MAH
2394,EYÜPSULTAN,100 MM ÇAPLI ŞEBEKE HATTI ARIZASI,29/03/2023 09:11:05,29/03/2023 12:00:00,ALİBEYKÖY KADER SOKAK,ALİBEYKÖY MAH
2395,EYÜPSULTAN,100 MM ÇAPLI ŞEBEKE HATTI ARIZASI,25/06/2023 15:27:53,25/06/2023 18:00:00,ALİBEYKÖY KARDEŞ SOKAK NO-10,"ALİBEYKÖY MAH,KARADOLAP MAH,ÇIRÇIR MAH"
2396,EYÜPSULTAN,100 MM ÇAPLI ŞEBEKE HATTI ARIZASI,06/05/2023 14:43:04,06/05/2023 17:00:00,ALİBEYKÖY MAH 3.DERE SOKAK NO:3,"ALİBEYKÖY MAH,KARADOLAP MAH,ÇIRÇIR MAH"
2397,EYÜPSULTAN,100 MM ÇAPLI ŞEBEKE HATTI ARIZASI,07/03/2023 11:47:49,07/03/2023 15:00:00,ALİBEYKÖY MAH ATATÜRK CADDE NO:102,"ALİBEYKÖY MAH,KARADOLAP MAH"
2398,EYÜPSULTAN,100 MM ÇAPLI ŞEBEKE HATTI ARIZASI,11/08/2023 10:03:54,11/08/2023 13:00:00,ALİBEYKÖY MAH ATATÜRK CADDE NO:143,ALİBEYKÖY MAH
2399,EYÜPSULTAN,100 MM ÇAPLI ŞEBEKE HATTI ARIZASI,22/09/2023 14:07:02,22/09/2023 16:00:00,ALİBEYKÖY MAH ATATÜRK CADDE NO:159,ALİBEYKÖY MAH
2400,EYÜPSULTAN,100 MM ÇAPLI ŞEBEKE HATTI ARIZASI,09/09/2023 09:23:33,09/09/2023 12:00:00,ALİBEYKÖY MAH ATATÜRK CADDE NO:86,"ALİBEYKÖY MAH,KARADOLAP MAH,ÇIRÇIR MAH"
2401,EYÜPSULTAN,100 MM ÇAPLI ŞEBEKE HATTI ARIZASI,13/10/2023 10:17:09,13/10/2023 13:00:00,ALİBEYKÖY MAH IHLAMUR SOKAK NO:6,"ALİBEYKÖY MAH,KARADOLAP MAH,ÇIRÇIR MAH"
2402,EYÜPSULTAN,100 MM ÇAPLI ŞEBEKE HATTI ARIZASI,12/09/2023 16:44:14,12/09/2023 19:00:00,ALİBEYKÖY MAH PAŞA SOKAK İÇİ,ALİBEYKÖY MAH
2403,EYÜPSULTAN,100 MM ÇAPLI ŞEBEKE HATTI ARIZASI,11/09/2023 14:34:55,11/09/2023 17:00:00,ALİBEYKÖY MAH. KADER SOKAK  NO 16-24,ALİBEYKÖY MAH
2404,EYÜPSULTAN,100 MM ÇAPLI ŞEBEKE HATTI ARIZASI,22/05/2023 09:52:02,22/05/2023 12:00:00,ALİBEYKÖY MAH.ATATÜRK CAD. NO 47,"ALİBEYKÖY MAH,KARADOLAP MAH,ÇIRÇIR MAH"
2405,EYÜPSULTAN,100 MM ÇAPLI ŞEBEKE HATTI ARIZASI,10/06/2023 01:02:12,10/06/2023 10:00:00,ALİBEYKÖY MH HAŞMET SOKAK,ALİBEYKÖY MAH
2406,EYÜPSULTAN,100 MM ÇAPLI ŞEBEKE HATTI ARIZASI,18/05/2023 18:44:47,18/05/2023 21:00:00,ALİBEYKÖY MH KADER SK NO: 24,ALİBEYKÖY MAH
2407,EYÜPSULTAN,150 MM ÇAPLI ŞEBEKE HATTI ARIZASI,23/10/2023 02:14:14,23/10/2023 06:00:00,ALİBEYKÖY MH NAMIK KEMAL CD NO:46,"ALİBEYKÖY MAH,KARADOLAP MAH"
2408,EYÜPSULTAN,100 MM ÇAPLI ŞEBEKE HATTI ARIZASI,01/11/2023 13:00:09,01/11/2023 15:00:00,ALİBEYKÖY NİHAN SOKAK,ALİBEYKÖY MAH
2409,EYÜPSULTAN,100 MM ÇAPLI ŞEBEKE HATTI ARIZASI,26/05/2023 09:00:15,26/05/2023 12:00:00,ALİBEYKÖY OKULYANI SK NO 12 ÖNÜ,"ALİBEYKÖY MAH,KARADOLAP MAH,ÇIRÇIR MAH"
2410,EYÜPSULTAN,400 MM ÇAPLI ANA İSALE HATTI ARIZASI,06/07/2023 16:45:43,06/07/2023 23:59:00,ALİBEYKÖY-ATATÜRK CD,"AKŞEMSETTİN MAH,ALİBEYKÖY MAH,EMNİYETTEPE MAH,GÜZELTEPE MAH,KARADOLAP MAH,ÇIRÇIR MAH"
2411,EYÜPSULTAN,900 MM ÇAPLI ANA İSALE HATTI ARIZASI,19/03/2023 12:20:40,19/03/2023 22:00:00,ARNAVUTKÖY,"AKPINAR MAH,AĞAÇLI MAH,IŞIKLAR MAH,ODAYERİ MAH,İHSANİYE MAH"
2412,EYÜPSULTAN,ARIZA SEBEBİ İLE BASINÇ DÜŞÜKLÜĞÜ,05/09/2023 22:25:32,06/09/2023 20:00:00,ARNAVUTKÖY BOLLUCA,"AKPINAR MAH,AĞAÇLI MAH,IŞIKLAR MAH,ODAYERİ MAH,ODAYERİ MAH,İHSANİYE MAH"
2413,EYÜPSULTAN,100 MM ÇAPLI ŞEBEKE HATTI ARIZASI,16/03/2023 10:11:20,16/03/2023 13:00:00,AĞAÇLI AĞAÇLI KÖY YOLU NO 49,AĞAÇLI MAH
2414,EYÜPSULTAN,100 MM ÇAPLI ŞEBEKE HATTI ARIZASI,27/09/2023 13:54:26,27/09/2023 19:16:00,AĞAÇLI KAVAK SOKAK NO:44,AĞAÇLI MAH
2415,EYÜPSULTAN,100 MM ÇAPLI ŞEBEKE HATTI ARIZASI,08/09/2023 16:33:22,21/09/2023 21:00:00,AĞAÇLI MAH KAVAK SK NO:6,AĞAÇLI MAH
2416,EYÜPSULTAN,100 MM ÇAPLI ŞEBEKE HATTI ARIZASI,18/03/2023 10:22:49,18/03/2023 13:00:00,AĞAÇLI MAH MEŞE SK GİRİŞİ,AĞAÇLI MAH
2417,EYÜPSULTAN,100 MM ÇAPLI ŞEBEKE HATTI ARIZASI,06/12/2023 11:36:15,06/12/2023 15:00:00,AĞAÇLI MH. KARAAĞAÇ SOK.,AĞAÇLI MAH
2418,EYÜPSULTAN,300 MM ÇAPLI ŞEBEKE HATTI ARIZASI,27/08/2023 17:03:44,27/08/2023 22:41:00,BARBAROS KOCA ALİ ASLAN CADESİ NO:2,"KARADOLAP MAH,YEŞİLPINAR MAH"
2419,EYÜPSULTAN,800 MM ÇAPLI ANA İSALE HATTI ARIZASI,16/06/2023 13:51:47,16/06/2023 17:00:00,BAYRAMPAŞA-MALTEPE CADDESİ,TOPÇULAR MAH
2420,EYÜPSULTAN,ELEKTRİK ENERJİSİ PROBLEMİ,21/05/2023 10:21:45,21/05/2023 20:00:00,BEŞYÜZEVLER TERFİ,"AKŞEMSETTİN MAH,ALİBEYKÖY MAH,KARADOLAP MAH,PİRİNÇÇİ MAH,YEŞİLPINAR MAH,ÇIRÇIR MAH"
2421,EYÜPSULTAN,TERFİ  MERKEZİ ARIZASI,11/12/2023 11:31:14,11/12/2023 14:00:00,BEŞYÜZEVLER TERFİ,"AKŞEMSETTİN MAH,ALİBEYKÖY MAH,KARADOLAP MAH,YEŞİLPINAR MAH,ÇIRÇIR MAH"
2422,EYÜPSULTAN,1000 MM ÇAPLI ANA İSALE HATTI ARIZASI,04/03/2023 14:05:06,04/03/2023 23:00:00,BİLGİ ÜNİVERSİTESİ KAMPÜSÜ,"DÜĞMECİLER MAH,MERKEZ MAH,NİŞANCI MAH,SAKARYA MAH,SİLAHTARAĞA MAH,İSLAMBEY MAH"
2423,EYÜPSULTAN,100 MM ÇAPLI ŞEBEKE HATTI ARIZASI,24/08/2023 13:29:23,24/08/2023 16:00:00,CEVATPAŞA MH.YILDIRIM MH.KARTALTEPE MH.KOCATEPE MH.İSMETPAŞA MH MURATPAŞA MH.YENİDOĞAN MH.,RAMİ YENİ MAH
2424,EYÜPSULTAN,ARITMA TESİSİ ARIZASI,10/12/2023 23:30:26,11/12/2023 03:00:00,CUMHURİYET ARITMA,"AKŞEMSETTİN MAH,ALİBEYKÖY MAH,KARADOLAP MAH,YEŞİLPINAR MAH,ÇIRÇIR MAH"
2425,EYÜPSULTAN,TERFİ  MERKEZİ ARIZASI,05/11/2023 01:55:04,05/11/2023 08:00:00,CUMHURİYET TERFİ,"5.LEVENT MAH,AKŞEMSETTİN MAH,ALİBEYKÖY MAH,EMNİYETTEPE MAH,GÜZELTEPE MAH,KARADOLAP MAH,PİRİNÇÇİ MAH,ÇIRÇIR MAH"
2426,EYÜPSULTAN,ARIZA SEBEBİ İLE BASINÇ DÜŞÜKLÜĞÜ,16/09/2023 20:50:54,17/09/2023 03:00:00,CUMHURİYET TERFİ MERKEZİ,"AKŞEMSETTİN MAH,AKŞEMSETTİN MAH,ALİBEYKÖY MAH,ALİBEYKÖY MAH,DÜĞMECİLER MAH,ESENTEPE MAH,KARADOLAP MAH,KARADOLAP MAH,MERKEZ MAH,PİRİNÇÇİ MAH,RAMİ CUMA MAH,RAMİ YENİ MAH,SAKARYA MAH,SİLAHTARAĞA MAH,TOPÇULAR MAH,YEŞİLPINAR MAH,YEŞİLPINAR MAH,ÇIRÇIR MAH,ÇIRÇIR MAH,İSLAMBEY MAH"
2427,EYÜPSULTAN,100 MM ÇAPLI ŞEBEKE HATTI ARIZASI,26/09/2023 12:13:13,26/09/2023 14:00:00,DEFTERDAR MAH EDİRNEKAPI RAMİ CADDE DİŞ SAĞLIĞI MERKEZİ,DEFTERDAR MAH
2428,EYÜPSULTAN,100 MM ÇAPLI ŞEBEKE HATTI ARIZASI,11/06/2023 09:00:51,11/06/2023 12:00:00,DEFTERDAR MÜNZEVİ KIŞLA NO 21 ÖNÜ,DEFTERDAR MAH
2429,EYÜPSULTAN,100 MM ÇAPLI ŞEBEKE HATTI ARIZASI,08/09/2023 10:01:08,08/09/2023 17:00:00,DÜĞMECİLER HALİTPAŞA NO 57,"DÜĞMECİLER MAH,İSLAMBEY MAH"
2430,EYÜPSULTAN,100 MM ÇAPLI ŞEBEKE HATTI ARIZASI,20/11/2023 10:00:15,20/11/2023 12:00:00,DÜĞMECİLER MAH VEZİRTEKKE CADDE NO:9,"DÜĞMECİLER MAH,TOPÇULAR MAH"
2431,EYÜPSULTAN,100 MM ÇAPLI ŞEBEKE HATTI ARIZASI,21/11/2023 16:24:30,21/11/2023 19:00:00,DÜĞMECİLER MAH YUSUF EFENDİ ÇİFTLİK SOKAK NO:77,"DÜĞMECİLER MAH,TOPÇULAR MAH"
2432,EYÜPSULTAN,100 MM ÇAPLI ŞEBEKE HATTI ARIZASI,09/03/2023 14:50:52,09/03/2023 16:00:00,DÜĞMECİLER MAH.DÜĞMECİLER CAD.NO 72,DÜĞMECİLER MAH
2433,EYÜPSULTAN,ŞEBEKE HATTI VANA MONTAJI/DEĞİŞİMİ,19/06/2023 10:19:50,19/06/2023 12:00:00,EMNİYETTEPE ARI SOKAK İLE SARIGÜL SOKAK KÖŞE,EMNİYETTEPE MAH
2434,EYÜPSULTAN,100 MM ÇAPLI ŞEBEKE HATTI ARIZASI,10/11/2023 14:30:31,10/11/2023 17:00:00,EMNİYETTEPE MAH 3.ARI SK İLE ÇAĞLAYAN SK KESİŞİMİ,EMNİYETTEPE MAH
2435,EYÜPSULTAN,100 MM ÇAPLI ŞEBEKE HATTI ARIZASI,03/11/2023 01:02:48,03/11/2023 02:30:00,EMNİYETTEPE MAH MEHMET AKİF ERSOY CD,EMNİYETTEPE MAH
2436,EYÜPSULTAN,100 MM ÇAPLI ŞEBEKE HATTI ARIZASI,22/11/2023 12:58:22,22/11/2023 15:00:00,EMNİYETTEPE MAH MEYDAN DÖNÜŞÜ SOKAK NO:1,EMNİYETTEPE MAH
2437,EYÜPSULTAN,100 MM ÇAPLI ŞEBEKE HATTI ARIZASI,21/07/2023 12:26:40,21/07/2023 16:00:00,EMNİYETTEPE MAH SARIGÜL SK İÇİ,EMNİYETTEPE MAH
2438,EYÜPSULTAN,100 MM ÇAPLI ŞEBEKE HATTI ARIZASI,25/07/2023 11:14:39,25/07/2023 15:00:00,EMNİYETTEPE MAH ÇAĞLAYAN SOKAK İÇİ,EMNİYETTEPE MAH
2439,EYÜPSULTAN,100 MM ÇAPLI ŞEBEKE HATTI ARIZASI,29/07/2023 09:53:37,29/07/2023 11:00:00,EMNİYETTEPE MAH ÇAĞLAYAN SOKAK İÇİ,EMNİYETTEPE MAH
2440,EYÜPSULTAN,100 MM ÇAPLI ŞEBEKE HATTI ARIZASI,03/11/2023 06:26:13,03/11/2023 12:00:00,EMNİYETTEPE MAHALESİ ECZANE SOK.,EMNİYETTEPE MAH
2441,EYÜPSULTAN,100 MM ÇAPLI ŞEBEKE HATTI ARIZASI,26/10/2023 17:17:38,26/10/2023 21:00:00,EMNİYETTEPE MAHALESİ KAZIM KARABEKİR CADESİ NO:9,"EMNİYETTEPE MAH,GÜZELTEPE MAH"
2442,EYÜPSULTAN,150 MM ÇAPLI ŞEBEKE HATTI ARIZASI,12/08/2023 09:56:42,12/08/2023 12:00:00,EMNİYETTEPE ÇAĞLAYAN SOKAK SOKAK ORTASI,EMNİYETTEPE MAH
2443,EYÜPSULTAN,100 MM ÇAPLI ŞEBEKE HATTI ARIZASI,13/04/2023 10:38:59,13/04/2023 12:00:00,ESENTEPE GAZIOSMANPAŞA CADDE,ESENTEPE MAH
2444,EYÜPSULTAN,100 MM ÇAPLI ŞEBEKE HATTI ARIZASI,02/05/2023 14:45:20,02/05/2023 17:00:00,ESENTEPE GÜR SOKAK İÇİ,"ESENTEPE MAH,SAKARYA MAH"
2445,EYÜPSULTAN,150 MM ÇAPLI ŞEBEKE HATTI ARIZASI,09/05/2023 10:03:58,09/05/2023 11:30:00,ESENTEPE KARAKOLÜSTÜ SK YILDIRIM BEYAZIT CADDE KÖŞE,ESENTEPE MAH
2446,EYÜPSULTAN,100 MM ÇAPLI ŞEBEKE HATTI ARIZASI,21/12/2023 14:17:44,21/12/2023 17:00:00,ESENTEPE MAH ÇELİK SOKAK NO:5,ESENTEPE MAH
2447,EYÜPSULTAN,100 MM ÇAPLI ŞEBEKE HATTI ARIZASI,02/02/2024 14:20:37,02/02/2024 16:00:00,ESENTEPE MAH. GÜR SOKAK NO:15,ESENTEPE MAH
2448,EYÜPSULTAN,ŞEBEKE HATTI VANA MONTAJI/DEĞİŞİMİ,26/07/2023 16:19:57,26/07/2023 21:00:00,ESENTEPE SİLAHTARAĞA NO 233,ESENTEPE MAH
2449,EYÜPSULTAN,100 MM ÇAPLI ŞEBEKE HATTI ARIZASI,14/04/2023 11:27:46,14/04/2023 13:00:00,ESENTEPE TAŞOCAĞI DİKYOL SK NO 54,ESENTEPE MAH
2450,EYÜPSULTAN,100 MM ÇAPLI ŞEBEKE HATTI ARIZASI,25/04/2023 09:33:24,25/04/2023 10:30:00,ESENTEPE YILDIZ TABYA ALİBEYKÖY NO 42,ESENTEPE MAH
2451,EYÜPSULTAN,100 MM ÇAPLI ŞEBEKE HATTI ARIZASI,29/03/2023 10:48:58,29/03/2023 13:00:00,ESENTEPE ZAMBAK SOKAK,ESENTEPE MAH
2452,EYÜPSULTAN,ŞEBEKE HATTI VANA ARIZASI,17/09/2023 12:21:48,17/09/2023 16:30:00,ESKİ HABİPLER MUSTAFA KEMAL PAŞA VAD.,PİRİNÇÇİ MAH
2453,EYÜPSULTAN,ŞEBEKE HATTI VANA ARIZASI,29/05/2023 14:22:46,29/05/2023 17:00:00,EYÜP MERKEZ 8 MAYIS PARK İÇİ,MERKEZ MAH
2454,EYÜPSULTAN,100 MM ÇAPLI ŞEBEKE HATTI ARIZASI,11/07/2023 13:31:21,11/07/2023 15:00:00,EYÜP MERKEZ BESTEKAAR EBUBEKİR SOKAK NO 7,"MERKEZ MAH,SİLAHTARAĞA MAH"
2455,EYÜPSULTAN,100 MM ÇAPLI ŞEBEKE HATTI ARIZASI,24/07/2023 13:09:58,24/07/2023 15:00:00,EYÜP MERKEZ KERİMAĞA SOKAK NO 30,MERKEZ MAH
2456,EYÜPSULTAN,100 MM ÇAPLI ŞEBEKE HATTI ARIZASI,22/03/2023 13:20:45,22/03/2023 23:00:00,EYÜP MERKEZ SAYFİYE SOKAK NO 9 ÖNÜ,"MERKEZ MAH,SİLAHTARAĞA MAH"
2457,EYÜPSULTAN,600 MM ÇAPLI  ANA İSALE HATTI ARIZASI,28/04/2023 15:25:19,29/04/2023 12:00:00,GAZIOSMANPAŞA CADDESI,"AKŞEMSETTİN MAH,ALİBEYKÖY MAH,ESENTEPE MAH,KARADOLAP MAH,YEŞİLPINAR MAH,ÇIRÇIR MAH"
2458,EYÜPSULTAN,100 MM ÇAPLI ŞEBEKE HATTI ARIZASI,01/02/2024 18:13:25,01/02/2024 20:00:00,GAZİ OSMANPAŞA MAH YILDIZ TABYA BAYIRI SOKAK,ESENTEPE MAH
2459,EYÜPSULTAN,ARIZA SEBEBİ İLE BASINÇ DÜŞÜKLÜĞÜ,29/04/2023 18:40:50,29/04/2023 21:00:00,GAZİOSMANPAŞA CAD.,KARADOLAP MAH
2460,EYÜPSULTAN,600 MM ÇAPLI  ANA İSALE HATTI ARIZASI,02/05/2023 15:30:51,03/05/2023 09:00:00,GAZİOSMANPAŞA CADDESİ,"AKŞEMSETTİN MAH,ALİBEYKÖY MAH,ESENTEPE MAH,KARADOLAP MAH,SAKARYA MAH,YEŞİLPINAR MAH,ÇIRÇIR MAH"
2461,EYÜPSULTAN,100 MM ÇAPLI ŞEBEKE HATTI ARIZASI,24/05/2023 12:50:42,24/05/2023 15:00:00,GÖKTURK MANOLYA SK NO 5,GÖKTÜRK MERKEZ MAH
2462,EYÜPSULTAN,ŞEBEKE HATTI DEPLASE ÇALIŞMASI,17/05/2023 16:11:18,17/05/2023 19:00:00,GÖKTÜRK 1.YILMAZ SK ILE TAN SK KÖŞE,GÖKTÜRK MERKEZ MAH
2463,EYÜPSULTAN,ŞEBEKE HATTI DEPLASE ÇALIŞMASI,19/05/2023 09:45:44,19/05/2023 12:00:00,GÖKTÜRK KİRAZLI YOL SOKAK,"GÖKTÜRK MERKEZ MAH,GÖKTÜRK MERKEZ MAH,GÖKTÜRK MERKEZ MAH,GÖKTÜRK MERKEZ MAH,GÖKTÜRK MERKEZ MAH,GÖKTÜRK MERKEZ MAH"
2464,EYÜPSULTAN,100 MM ÇAPLI ŞEBEKE HATTI ARIZASI,13/06/2023 10:12:06,13/06/2023 12:00:00,GÖKTÜRK MAHALLESİ DEMET SOKAK SOKAK İÇİND,GÖKTÜRK MERKEZ MAH
2465,EYÜPSULTAN,100 MM ÇAPLI ŞEBEKE HATTI ARIZASI,12/12/2023 11:54:34,12/12/2023 14:00:00,GÖKTÜRK MERKEZ MAH ESAT EDİN CADDE NO:24,GÖKTÜRK MERKEZ MAH
2466,EYÜPSULTAN,100 MM ÇAPLI ŞEBEKE HATTI ARIZASI,01/03/2023 10:08:14,01/03/2023 13:00:00,GÖKTÜRK ORMANTEPE NO 27,GÖKTÜRK MERKEZ MAH
2467,EYÜPSULTAN,ŞEBEKE HATTI VANA MONTAJI/DEĞİŞİMİ,14/04/2023 11:45:59,14/04/2023 15:00:00,GÜZELTEPE 1.KAYNAK SOKAK,GÜZELTEPE MAH
2468,EYÜPSULTAN,100 MM ÇAPLI ŞEBEKE HATTI ARIZASI,21/08/2023 09:20:18,21/08/2023 12:00:00,GÜZELTEPE BAKİ SOKAK SOKAK İÇİ,GÜZELTEPE MAH
2469,EYÜPSULTAN,100 MM ÇAPLI ŞEBEKE HATTI ARIZASI,15/08/2023 09:47:05,15/08/2023 11:00:00,GÜZELTEPE BİRSEN SOKAK NO 2,GÜZELTEPE MAH
2470,EYÜPSULTAN,ŞEBEKE HATTI VANA MONTAJI/DEĞİŞİMİ,19/06/2023 10:17:55,19/06/2023 15:00:00,GÜZELTEPE DARVADİ SOKAK İLE BARBAROS CADDE KÖŞE,"EMNİYETTEPE MAH,GÜZELTEPE MAH"
2471,EYÜPSULTAN,100 MM ÇAPLI ŞEBEKE HATTI ARIZASI,19/10/2023 12:49:29,19/10/2023 15:00:00,GÜZELTEPE LATİFE SK NO 17,GÜZELTEPE MAH
2472,EYÜPSULTAN,100 MM ÇAPLI ŞEBEKE HATTI ARIZASI,22/12/2023 11:50:38,22/12/2023 14:00:00,GÜZELTEPE MAH 3.ATMACA SOKAK NO:3,GÜZELTEPE MAH
2473,EYÜPSULTAN,100 MM ÇAPLI ŞEBEKE HATTI ARIZASI,12/12/2023 11:40:11,12/12/2023 14:00:00,GÜZELTEPE MAH 3.ATMACA SOKAK İÇİ,GÜZELTEPE MAH
2474,EYÜPSULTAN,100 MM ÇAPLI ŞEBEKE HATTI ARIZASI,25/12/2023 15:25:22,25/12/2023 17:00:00,GÜZELTEPE MAH 3.ATMACA SOKAK İÇİ,GÜZELTEPE MAH
2475,EYÜPSULTAN,100 MM ÇAPLI ŞEBEKE HATTI ARIZASI,23/08/2023 15:28:40,23/08/2023 18:00:00,GÜZELTEPE MAH ARDIÇ SOKAK NO:6,GÜZELTEPE MAH
2476,EYÜPSULTAN,ŞEBEKE HATTI VANA MONTAJI/DEĞİŞİMİ,20/02/2023 13:02:54,20/02/2023 18:00:00,GÜZELTEPE MAH BARBAROS CADDE İLE DARVADİ SOKAK KESİŞİMİ,GÜZELTEPE MAH
2477,EYÜPSULTAN,100 MM ÇAPLI ŞEBEKE HATTI ARIZASI,06/05/2023 15:03:36,06/05/2023 17:00:00,GÜZELTEPE MAH ESEN SOKAK NO:17,GÜZELTEPE MAH
2478,EYÜPSULTAN,100 MM ÇAPLI ŞEBEKE HATTI ARIZASI,02/11/2023 16:19:08,02/11/2023 18:00:00,GÜZELTEPE MAH GÜZELTEPE CADDE NO:10,GÜZELTEPE MAH
2479,EYÜPSULTAN,100 MM ÇAPLI ŞEBEKE HATTI ARIZASI,02/11/2023 11:11:23,02/11/2023 14:00:00,GÜZELTEPE MAH MAREŞAL FEVZİ ÇAKMAK CADDE NO:138,"EMNİYETTEPE MAH,GÜZELTEPE MAH"
2480,EYÜPSULTAN,100 MM ÇAPLI ŞEBEKE HATTI ARIZASI,01/11/2023 03:35:47,01/11/2023 11:00:00,GÜZELTEPE MAH MAREŞAL FEVZİ ÇAKMAK CADDESİ,GÜZELTEPE MAH
2481,EYÜPSULTAN,100 MM ÇAPLI ŞEBEKE HATTI ARIZASI,03/02/2024 22:38:13,04/02/2024 02:00:00,GÜZELTEPE MAH MAREŞAL FEVZİ ÇAKMAK CADDESİ,"EMNİYETTEPE MAH,GÜZELTEPE MAH"
2482,EYÜPSULTAN,100 MM ÇAPLI ŞEBEKE HATTI ARIZASI,24/04/2023 10:32:43,24/04/2023 13:00:00,GÜZELTEPE MAH YAVUZ SELİM CADDE PARK İÇİ,GÜZELTEPE MAH
2483,EYÜPSULTAN,100 MM ÇAPLI ŞEBEKE HATTI ARIZASI,27/12/2023 11:53:19,27/12/2023 14:00:00,GÜZELTEPE MAH. 3.ATMACA SOK. SOKAK İÇİ,"GÜZELTEPE MAH,GÜZELTEPE MAH"
2484,EYÜPSULTAN,100 MM ÇAPLI ŞEBEKE HATTI ARIZASI,29/12/2023 15:28:30,29/12/2023 18:00:00,GÜZELTEPE MAH. ATMACA SOK. İÇİ,GÜZELTEPE MAH
2485,EYÜPSULTAN,100 MM ÇAPLI ŞEBEKE HATTI ARIZASI,27/01/2024 16:14:05,27/01/2024 18:00:00,GÜZELTEPE MAH. YENİBAYIR SOKAK İÇİ,GÜZELTEPE MAH
2486,EYÜPSULTAN,100 MM ÇAPLI ŞEBEKE HATTI ARIZASI,30/07/2023 11:43:11,30/07/2023 14:30:00,GÜZELTEPE MH ENDERSK NO:32,GÜZELTEPE MAH
2487,EYÜPSULTAN,100 MM ÇAPLI ŞEBEKE HATTI ARIZASI,30/08/2023 09:20:53,30/08/2023 12:00:00,GÜZELTEPE MİHRİBAN SOKAK NO 27 ÖNÜ,GÜZELTEPE MAH
2488,EYÜPSULTAN,ŞEBEKE HATTI VANA MONTAJI/DEĞİŞİMİ,15/03/2023 16:01:23,15/03/2023 18:00:00,GÜZELTEPE ÇİĞDEM SOKAK,GÜZELTEPE MAH
2489,EYÜPSULTAN,1000 MM ÇAPLI ANA İSALE HATTI ARIZASI,09/08/2023 22:59:46,10/08/2023 07:00:00,HACIKADIN CADDESİ,"DEFTERDAR MAH,NİŞANCI MAH,TOPÇULAR MAH"
2490,EYÜPSULTAN,1000 MM ÇAPLI ANA İSALE HATTI ARIZASI,10/08/2023 06:57:57,10/08/2023 09:00:00,HACIKADIN CADDESİ,"DEFTERDAR MAH,NİŞANCI MAH,TOPÇULAR MAH"
2491,EYÜPSULTAN,100 MM ÇAPLI ŞEBEKE HATTI ARIZASI,22/05/2023 13:31:11,22/05/2023 16:00:00,IŞIKLAR BAHARİYE SK NO 1,"AĞAÇLI MAH,IŞIKLAR MAH,ODAYERİ MAH"
2492,EYÜPSULTAN,100 MM ÇAPLI ŞEBEKE HATTI ARIZASI,12/02/2024 10:32:45,12/02/2024 14:00:00,IŞIKLAR MAH IŞIKLAR İSTANBUL CADDE NO:10,"AĞAÇLI MAH,IŞIKLAR MAH,ODAYERİ MAH"
2493,EYÜPSULTAN,100 MM ÇAPLI ŞEBEKE HATTI ARIZASI,21/09/2023 09:34:38,21/09/2023 12:00:00,KARADOLAP 2.YASEMİN SK NO 8,"ALİBEYKÖY MAH,KARADOLAP MAH,ÇIRÇIR MAH"
2494,EYÜPSULTAN,100 MM ÇAPLI ŞEBEKE HATTI ARIZASI,25/07/2023 09:04:58,25/07/2023 11:00:00,KARADOLAP ASMALI CD NO 63,KARADOLAP MAH
2495,EYÜPSULTAN,100 MM ÇAPLI ŞEBEKE HATTI ARIZASI,20/08/2023 18:31:22,20/08/2023 20:00:00,KARADOLAP GELİNCİK SOKAK NO:15,KARADOLAP MAH
2496,EYÜPSULTAN,100 MM ÇAPLI ŞEBEKE HATTI ARIZASI,22/08/2023 15:30:29,22/08/2023 19:51:00,KARADOLAP GÜL SOKAK NO 20,KARADOLAP MAH
2497,EYÜPSULTAN,100 MM ÇAPLI ŞEBEKE HATTI ARIZASI,10/09/2023 12:08:38,10/09/2023 14:00:00,KARADOLAP MAH DERMAN SOKAK NO:30,KARADOLAP MAH
2498,EYÜPSULTAN,100 MM ÇAPLI ŞEBEKE HATTI ARIZASI,16/05/2023 12:30:29,16/05/2023 15:00:00,KARADOLAP MAH KONFOR SOKAK İÇİ,KARADOLAP MAH
2499,EYÜPSULTAN,100 MM ÇAPLI ŞEBEKE HATTI ARIZASI,09/11/2023 15:33:36,09/11/2023 17:00:00,KARADOLAP MAH NEŞELİ SOKAK NO:26,KARADOLAP MAH
2500,EYÜPSULTAN,100 MM ÇAPLI ŞEBEKE HATTI ARIZASI,05/06/2023 14:08:50,05/06/2023 17:00:00,KARADOLAP MAH ŞAHİN SOKAK İÇİ,KARADOLAP MAH
2501,EYÜPSULTAN,100 MM ÇAPLI ŞEBEKE HATTI ARIZASI,06/02/2024 10:53:07,06/02/2024 13:00:00,KARADOLAP MAHALLESİ ADNANA MENDERES CADDE BAŞI,"KARADOLAP MAH,YEŞİLPINAR MAH"
2502,EYÜPSULTAN,100 MM ÇAPLI ŞEBEKE HATTI ARIZASI,05/09/2023 10:05:52,05/09/2023 12:00:00,KARADOLAP MH 2.FULYA SK NO:34,KARADOLAP MAH
2503,EYÜPSULTAN,100 MM ÇAPLI ŞEBEKE HATTI ARIZASI,02/01/2024 08:41:12,02/01/2024 11:00:00,KARADOLAP MH FUAR SOK NO:11 ÖNÜ,KARADOLAP MAH
2504,EYÜPSULTAN,100 MM ÇAPLI ŞEBEKE HATTI ARIZASI,26/04/2023 15:55:24,26/04/2023 17:00:00,KARADOLAP NEŞELİ SOKAK NO 27,KARADOLAP MAH
2505,EYÜPSULTAN,100 MM ÇAPLI ŞEBEKE HATTI ARIZASI,28/08/2023 14:12:51,28/08/2023 16:00:00,KARADOLAP TAŞDELEN SK NO 1 ÖNÜ,KARADOLAP MAH
2506,EYÜPSULTAN,100 MM ÇAPLI ŞEBEKE HATTI ARIZASI,06/03/2023 09:55:49,06/03/2023 12:00:00,KARADOLAP VARDAR BULVARI NO 54,KARADOLAP MAH
2507,EYÜPSULTAN,100 MM ÇAPLI ŞEBEKE HATTI ARIZASI,20/01/2024 14:21:45,20/01/2024 15:00:00,KARLITEPE MAHALLESİ KILIÇ PATİKA SOKAK,İSLAMBEY MAH
2508,EYÜPSULTAN,ENERJİ KESİNTİSİ,10/12/2023 13:30:40,10/12/2023 16:00:00,KAĞITHANE,"AKŞEMSETTİN MAH,ALİBEYKÖY MAH,KARADOLAP MAH,PİRİNÇÇİ MAH,YEŞİLPINAR MAH,ÇIRÇIR MAH"
2509,EYÜPSULTAN,150 MM ÇAPLI ŞEBEKE HATTI ARIZASI,04/03/2023 13:55:14,04/03/2023 22:00:00,KAĞITHANE - EDIRNEKAPI - EYÜP 1000 MM ÇELIK ISALE HATTININ BILGI ÜNIVERSITESI KAMPÜSÜ IÇINDE BULUNAN,"DÜĞMECİLER MAH,MERKEZ MAH,NİŞANCI MAH,SAKARYA MAH,SİLAHTARAĞA MAH,İSLAMBEY MAH"
2510,EYÜPSULTAN,ELEKTRİK ENERJİSİ PROBLEMİ,21/06/2023 23:56:46,22/06/2023 05:00:00,KAĞITHANE ARITMA,"AKŞEMSETTİN MAH,ALİBEYKÖY MAH,ALİBEYKÖY MAH,GÖKTÜRK MERKEZ MAH,GÜZELTEPE MAH,KARADOLAP MAH,MİMAR SİNAN MAH,MİTHATPAŞA MAH,YEŞİLPINAR MAH,ÇIRÇIR MAH"
2511,EYÜPSULTAN,ARIZA SEBEBİ İLE BASINÇ DÜŞÜKLÜĞÜ,05/03/2023 01:38:46,05/03/2023 03:00:00,KAĞITHANE-EDIRNEKAPI,"DÜĞMECİLER MAH,MERKEZ MAH,NİŞANCI MAH,RAMİ CUMA MAH,RAMİ YENİ MAH,İSLAMBEY MAH"
2512,EYÜPSULTAN,ARIZA SEBEBİ İLE BASINÇ DÜŞÜKLÜĞÜ,03/05/2023 08:57:57,03/05/2023 12:00:00,KÜÇÜKKÖY MEVKİİ,"AKŞEMSETTİN MAH,ALİBEYKÖY MAH,ESENTEPE MAH,KARADOLAP MAH,SAKARYA MAH,YEŞİLPINAR MAH,ÇIRÇIR MAH"
2513,EYÜPSULTAN,ANA İSALE HATTI YENİLEMESİ,12/07/2023 22:06:14,13/07/2023 07:00:00,KÜÇÜKKÖY TERFİ MERKEZİ,"5.LEVENT MAH,AKŞEMSETTİN MAH,ALİBEYKÖY MAH,EMNİYETTEPE MAH,GÜZELTEPE MAH,KARADOLAP MAH,PİRİNÇÇİ MAH,YEŞİLPINAR MAH,ÇIRÇIR MAH"
2514,EYÜPSULTAN,ENERJİ KESİNTİSİ,06/08/2023 05:48:00,06/08/2023 12:00:00,MALKOCOGLU TERFI,PİRİNÇÇİ MAH
2515,EYÜPSULTAN,ENERJİ KESİNTİSİ,06/09/2023 01:17:35,06/09/2023 04:00:00,MALKOCOGLU TERFI,PİRİNÇÇİ MAH
2516,EYÜPSULTAN,ANA İSALE HATTINA DEBİMETRE MONTAJI / DEĞİŞİMİ,03/08/2023 19:46:39,04/08/2023 06:00:00,MALKOÇOĞLU TERFİ ÇIKIŞI 900 MM İSALE HATTI,PİRİNÇÇİ MAH
2517,EYÜPSULTAN,600 MM ÇAPLI  ANA İSALE HATTI ARIZASI,06/03/2023 16:48:19,06/03/2023 19:00:00,MALKOÇOĞLU-ARNAVUTKÖY,PİRİNÇÇİ MAH
2518,EYÜPSULTAN,100 MM ÇAPLI ŞEBEKE HATTI ARIZASI,20/09/2023 16:16:14,20/09/2023 18:00:00,MERKEZ MAH ESENEVLER SOKAK NO:29,MERKEZ MAH
2519,EYÜPSULTAN,100 MM ÇAPLI ŞEBEKE HATTI ARIZASI,20/03/2023 14:07:42,20/03/2023 21:00:00,MERKEZ MAH SULTAN REŞAD CADDE TÜRBE ÖNÜ,"DÜĞMECİLER MAH,MERKEZ MAH,NİŞANCI MAH,İSLAMBEY MAH"
2520,EYÜPSULTAN,100 MM ÇAPLI ŞEBEKE HATTI ARIZASI,20/11/2023 15:36:59,20/11/2023 17:00:00,MERKEZ MAH SİLAHTARAĞA CADDE MEZARLIK ÖNÜ,MERKEZ MAH
2521,EYÜPSULTAN,100 MM ÇAPLI ŞEBEKE HATTI ARIZASI,31/08/2023 14:46:03,31/08/2023 17:00:00,MERKEZ MAH SİLAHTARAĞA CADDESİ EYÜP DEVLET HASTANESİ ACİL GİRİŞİ ÖNÜ,"MERKEZ MAH,SİLAHTARAĞA MAH"
2522,EYÜPSULTAN,ŞEBEKE HATTI VANA ARIZASI,01/02/2024 11:46:46,01/02/2024 14:00:00,MERKEZ MAH ŞİRİN SOKAK İLE SAYFİYE SOKAK KESİŞİMİ,MERKEZ MAH
2523,EYÜPSULTAN,ENERJİ KESİNTİSİ,30/11/2023 16:22:05,30/11/2023 19:00:00,MÜNZEVI TERFI,"DEFTERDAR MAH,DÜĞMECİLER MAH,NİŞANCI MAH,RAMİ CUMA MAH,RAMİ YENİ MAH,TOPÇULAR MAH"
2524,EYÜPSULTAN,ENERJİ KESİNTİSİ,05/04/2023 10:26:28,05/04/2023 13:00:00,MÜNZEVİ TERFİ,"DEFTERDAR MAH,DÜĞMECİLER MAH,NİŞANCI MAH,RAMİ CUMA MAH,RAMİ YENİ MAH,TOPÇULAR MAH"
2525,EYÜPSULTAN,ENERJİ KESİNTİSİ,10/07/2023 16:07:39,10/07/2023 19:00:00,MÜNZEVİ TERFİ,"DEFTERDAR MAH,DÜĞMECİLER MAH,NİŞANCI MAH,RAMİ CUMA MAH,RAMİ YENİ MAH,TOPÇULAR MAH"
2526,EYÜPSULTAN,ARIZA SEBEBİ İLE BASINÇ DÜŞÜKLÜĞÜ,17/09/2023 18:40:40,18/09/2023 03:00:00,MÜNZEVİ TERFİ,"DEFTERDAR MAH,DÜĞMECİLER MAH,NİŞANCI MAH,RAMİ CUMA MAH,RAMİ YENİ MAH,TOPÇULAR MAH"
2527,EYÜPSULTAN,TERFİ  MERKEZİ ARIZASI,08/12/2023 01:58:05,08/12/2023 09:00:00,MÜNZEVİ TERFİ,"DEFTERDAR MAH,DÜĞMECİLER MAH,NİŞANCI MAH,RAMİ CUMA MAH,RAMİ YENİ MAH,TOPÇULAR MAH"
2528,EYÜPSULTAN,ENERJİ KESİNTİSİ,26/12/2023 15:42:00,26/12/2023 18:00:00,MÜNZEVİ TERFİ,"DEFTERDAR MAH,DÜĞMECİLER MAH,NİŞANCI MAH,RAMİ CUMA MAH,RAMİ YENİ MAH,TOPÇULAR MAH"
2529,EYÜPSULTAN,800 MM ÇAPLI ANA İSALE HATTI ARIZASI,11/06/2023 16:16:26,11/06/2023 22:00:00,MÜNZEVİ TERFİ MERKEZİ TESİS İÇİ,TOPÇULAR MAH
2530,EYÜPSULTAN,600 MM ÇAPLI  ANA İSALE HATTI ARIZASI,12/08/2023 12:33:55,12/08/2023 19:00:00,MÜNZEVİ TERFİ ÇIKIŞI,"DEFTERDAR MAH,NİŞANCI MAH,RAMİ YENİ MAH,TOPÇULAR MAH"
2531,EYÜPSULTAN,ARIZA SEBEBİ İLE BASINÇ DÜŞÜKLÜĞÜ,16/06/2023 06:57:23,16/06/2023 08:00:00,MÜNZEVİ ÇIKIŞI 800 MM BAYRAMPAŞA ISALE HATTI,"RAMİ YENİ MAH,TOPÇULAR MAH"
2532,EYÜPSULTAN,ARIZA SEBEBİ İLE BASINÇ DÜŞÜKLÜĞÜ,13/04/2023 07:54:41,13/04/2023 20:00:00,MÜNZEVİ-BAYRAMPAŞA,"DEFTERDAR MAH,NİŞANCI MAH,TOPÇULAR MAH"
2533,EYÜPSULTAN,ANA İSALE HATTI DEPLASE ÇALIŞMASI,15/06/2023 09:00:33,16/06/2023 07:00:00,MÜNZEVİ-BAYRAMPAŞA 800 MM  İSALE HATTI,"RAMİ YENİ MAH,TOPÇULAR MAH"
2534,EYÜPSULTAN,600 MM ÇAPLI  ANA İSALE HATTI ARIZASI,06/04/2023 11:53:48,06/04/2023 16:00:00,MÜNZEVİ-TERAZİDERE-ESENLER HATTI,"DEFTERDAR MAH,NİŞANCI MAH,TOPÇULAR MAH"
2535,EYÜPSULTAN,100 MM ÇAPLI ŞEBEKE HATTI ARIZASI,09/12/2023 02:45:06,09/12/2023 14:00:00,MİMAR SİNAN MAH ÇATAL ÇİFLİK SK,MİMAR SİNAN MAH
2536,EYÜPSULTAN,100 MM ÇAPLI ŞEBEKE HATTI ARIZASI,09/12/2023 15:41:24,09/12/2023 21:00:00,MİMAR SİNAN MAH ÇATAL ÇİFTLİK SOKAK İÇİ,"MİMAR SİNAN MAH,MİMAR SİNAN MAH"
2537,EYÜPSULTAN,100 MM ÇAPLI ŞEBEKE HATTI ARIZASI,17/12/2023 14:53:54,17/12/2023 18:00:00,MİMAR SİNAN MAH ÇATAL ÇİFTLİK SOKAK İÇİ,"MİMAR SİNAN MAH,MİMAR SİNAN MAH"
2538,EYÜPSULTAN,100 MM ÇAPLI ŞEBEKE HATTI ARIZASI,19/04/2023 12:44:07,19/04/2023 15:00:00,MİMAR SİNAN OKUL CADDESİ,"MİMAR SİNAN MAH,MİTHATPAŞA MAH"
2539,EYÜPSULTAN,100 MM ÇAPLI ŞEBEKE HATTI ARIZASI,05/11/2023 11:11:31,05/11/2023 14:00:00,MİMARSİNAN MAH ÇATAL ÇİFTLİK SOKAK NO:9,"MİMAR SİNAN MAH,MİMAR SİNAN MAH"
2540,EYÜPSULTAN,100 MM ÇAPLI ŞEBEKE HATTI ARIZASI,03/02/2024 12:31:09,03/02/2024 15:00:00,MİMARSİNAN MAH ÇATAL ÇİFTLİK SOKAK İÇİ,"MİMAR SİNAN MAH,MİMAR SİNAN MAH"
2541,EYÜPSULTAN,100 MM ÇAPLI ŞEBEKE HATTI ARIZASI,08/02/2024 15:10:23,08/02/2024 18:00:00,MİMARSİNAN MAH. 2.KÜLTÜR SOKAK NO:12,"MİMAR SİNAN MAH,MİTHATPAŞA MAH"
2542,EYÜPSULTAN,100 MM ÇAPLI ŞEBEKE HATTI ARIZASI,09/03/2023 14:38:07,09/03/2023 17:00:00,MİTHATPAŞA 7.LALE SOKAK NO 14 ÖNÜ,"MİMAR SİNAN MAH,MİTHATPAŞA MAH"
2543,EYÜPSULTAN,100 MM ÇAPLI ŞEBEKE HATTI ARIZASI,25/12/2023 13:04:33,25/12/2023 16:00:00,MİTHATPAŞA KEMERBURGAZ YOLU SOKAK HASDAL ASKERİ FIRIN YERLEŞKESİ İÇİ,MİTHATPAŞA MAH
2544,EYÜPSULTAN,100 MM ÇAPLI ŞEBEKE HATTI ARIZASI,05/09/2023 16:13:48,05/09/2023 18:00:00,MİTHATPAŞA MAH BOZKURT SOKAK İLE KUBİLAY CADDE KESİŞİM,MİTHATPAŞA MAH
2545,EYÜPSULTAN,150 MM ÇAPLI ŞEBEKE HATTI ARIZASI,08/01/2024 13:47:37,08/01/2024 17:00:00,MİTHATPAŞA MAH FIRAT SOKAK İÇİ,"MİMAR SİNAN MAH,MİTHATPAŞA MAH"
2546,EYÜPSULTAN,100 MM ÇAPLI ŞEBEKE HATTI ARIZASI,02/10/2023 11:36:38,02/10/2023 14:00:00,MİTHATPAŞA MAH KAYALAR SOKAK NO:25,MİTHATPAŞA MAH
2547,EYÜPSULTAN,100 MM ÇAPLI ŞEBEKE HATTI ARIZASI,08/03/2023 13:54:42,08/03/2023 17:00:00,MİTHATPAŞA MAH OKUL CADDE NO:34,"MİMAR SİNAN MAH,MİTHATPAŞA MAH"
2548,EYÜPSULTAN,100 MM ÇAPLI ŞEBEKE HATTI ARIZASI,28/11/2023 14:51:44,28/11/2023 17:00:00,MİTHATPAŞA MAH RUMELİ YOLU CADDE NO:2,"MİTHATPAŞA MAH,MİTHATPAŞA MAH"
2549,EYÜPSULTAN,100 MM ÇAPLI ŞEBEKE HATTI ARIZASI,03/06/2023 16:47:39,03/06/2023 19:00:00,MİTHATPAŞA MAH SELANİK BULVARI İLE ABDULHAMİT HAN CADDE KESİŞİMİ,"MİMAR SİNAN MAH,MİTHATPAŞA MAH"
2550,EYÜPSULTAN,100 MM ÇAPLI ŞEBEKE HATTI ARIZASI,07/02/2024 13:45:13,07/02/2024 15:00:00,MİTHATPAŞA MAH. RUMELİ YOLU CD NO:16,"MİTHATPAŞA MAH,MİTHATPAŞA MAH,MİTHATPAŞA MAH"
2551,EYÜPSULTAN,100 MM ÇAPLI ŞEBEKE HATTI ARIZASI,13/11/2023 21:47:46,13/11/2023 23:59:00,MİTHATPAŞA MAHALESİ ITIR SOKAK SOKAK İÇİ,"MİMAR SİNAN MAH,MİTHATPAŞA MAH"
2552,EYÜPSULTAN,100 MM ÇAPLI ŞEBEKE HATTI ARIZASI,13/11/2023 16:59:29,13/11/2023 21:00:00,MİTHATPAŞA MAHALESİ ITIR SOKAK SOKAK İÇİ PRİZ ARIZASI SEBEBİ İLE,MİTHATPAŞA MAH
2553,EYÜPSULTAN,100 MM ÇAPLI ŞEBEKE HATTI ARIZASI,27/01/2024 11:48:14,27/01/2024 16:00:00,MİTHATPAŞA MAHALLESİ BARTU SOKAK LALE SOKAK,"MİMAR SİNAN MAH,MİTHATPAŞA MAH"
2554,EYÜPSULTAN,100 MM ÇAPLI ŞEBEKE HATTI ARIZASI,17/10/2023 11:27:39,17/10/2023 13:00:00,MİTHATPAŞA RUMELİ YOLU CADDESİ,MİTHATPAŞA MAH
2555,EYÜPSULTAN,100 MM ÇAPLI ŞEBEKE HATTI ARIZASI,06/04/2023 22:46:53,07/04/2023 01:00:00,NİŞANCA MH BABA HAYDAR CD NO :11,NİŞANCI MAH
2556,EYÜPSULTAN,100 MM ÇAPLI ŞEBEKE HATTI ARIZASI,12/09/2023 12:05:55,12/09/2023 14:00:00,NİŞANCI 2.LEYLAK SOKAK NO:4,"DEFTERDAR MAH,NİŞANCI MAH"
2557,EYÜPSULTAN,100 MM ÇAPLI ŞEBEKE HATTI ARIZASI,04/04/2023 12:07:35,04/04/2023 14:00:00,NİŞANCI ALACATEKKE NO 102,NİŞANCI MAH
2558,EYÜPSULTAN,100 MM ÇAPLI ŞEBEKE HATTI ARIZASI,03/04/2023 12:34:39,03/04/2023 14:00:00,NİŞANCI ATMACA SK NO 14,NİŞANCI MAH
2559,EYÜPSULTAN,100 MM ÇAPLI ŞEBEKE HATTI ARIZASI,27/09/2023 12:44:26,27/09/2023 15:00:00,NİŞANCI DAVUTAĞA CADDE,NİŞANCI MAH
2560,EYÜPSULTAN,100 MM ÇAPLI ŞEBEKE HATTI ARIZASI,23/09/2023 10:10:51,23/09/2023 13:00:00,NİŞANCI DAVUTAĞA SOKAK,NİŞANCI MAH
2561,EYÜPSULTAN,100 MM ÇAPLI ŞEBEKE HATTI ARIZASI,22/11/2023 11:02:18,22/11/2023 13:00:00,NİŞANCI MAH ABDURRAHMAN ŞEREFBEY CADDE NO:74,NİŞANCI MAH
2562,EYÜPSULTAN,100 MM ÇAPLI ŞEBEKE HATTI ARIZASI,27/09/2023 16:04:15,27/09/2023 18:00:00,NİŞANCI MAH DAVUTAĞA CADDE ÜZERİ,NİŞANCI MAH
2563,EYÜPSULTAN,100 MM ÇAPLI ŞEBEKE HATTI ARIZASI,27/11/2023 21:28:22,27/11/2023 23:30:00,NİŞANCI MAH DAVUTAĞA CD,NİŞANCI MAH
2564,EYÜPSULTAN,ŞEBEKE HATTI VANA MONTAJI/DEĞİŞİMİ,14/12/2023 15:06:55,14/12/2023 18:00:00,NİŞANCI MAHALLESİ EYÜP SULTAN BULVARI NO:96 ÖNÜ,"NİŞANCI MAH,İSLAMBEY MAH"
2565,EYÜPSULTAN,100 MM ÇAPLI ŞEBEKE HATTI ARIZASI,09/06/2023 16:21:41,09/06/2023 18:00:00,NİŞANCI SARI SAMUR SK NO 6 ÖNÜ,NİŞANCI MAH
2566,EYÜPSULTAN,100 MM ÇAPLI ŞEBEKE HATTI ARIZASI,11/09/2023 12:56:07,11/09/2023 15:00:00,NİŞANCI ZAHİRECİ SOKAK,"DEFTERDAR MAH,NİŞANCI MAH"
2567,EYÜPSULTAN,100 MM ÇAPLI ŞEBEKE HATTI ARIZASI,28/02/2023 14:10:53,28/02/2023 18:00:00,NİŞANCI ÇİNİLİ ÇEŞME NO 5,NİŞANCI MAH
2568,EYÜPSULTAN,100 MM ÇAPLI ŞEBEKE HATTI ARIZASI,18/12/2023 10:39:10,18/12/2023 14:00:00,ODAYERİ MAH KIZAK SOKAK İÇİ,ODAYERİ MAH
2569,EYÜPSULTAN,150 MM ÇAPLI ŞEBEKE HATTI ARIZASI,28/07/2023 14:47:12,28/07/2023 18:00:00,ODAYERİ MAH ODAYERİ KÖY YOLU KÖY GİRİŞİ,"AĞAÇLI MAH,ODAYERİ MAH"
2570,EYÜPSULTAN,800 MM ÇAPLI ANA İSALE HATTI ARIZASI,03/09/2023 02:32:09,03/09/2023 06:00:00,ORDU CADDESİ,"RAMİ CUMA MAH,SAKARYA MAH,SİLAHTARAĞA MAH,İSLAMBEY MAH"
2571,EYÜPSULTAN,100 MM ÇAPLI ŞEBEKE HATTI ARIZASI,03/01/2024 16:25:43,03/01/2024 19:00:00,PAZAR İÇİ MAH ÇALIŞKAN SOKAK İÇİ,"MERKEZ MAH,SİLAHTARAĞA MAH"
2572,EYÜPSULTAN,100 MM ÇAPLI ŞEBEKE HATTI ARIZASI,17/11/2023 23:51:44,18/11/2023 02:00:00,PİRİNÇÇİ MAH PİRİNÇÇİ KÖY YOLU SK,PİRİNÇÇİ MAH
2573,EYÜPSULTAN,100 MM ÇAPLI ŞEBEKE HATTI ARIZASI,05/01/2024 15:11:41,05/01/2024 18:30:00,RAMİ CUMA MAH. CUMA CAMİİ SOKAK,RAMİ CUMA MAH
2574,EYÜPSULTAN,100 MM ÇAPLI ŞEBEKE HATTI ARIZASI,12/01/2024 14:35:24,12/01/2024 16:00:00,RAMİ CUMA MAHALLESİ İLYAZ SOKAK İÇİ,RAMİ CUMA MAH
2575,EYÜPSULTAN,100 MM ÇAPLI ŞEBEKE HATTI ARIZASI,27/03/2023 11:32:33,27/03/2023 13:00:00,RAMİ YENİ MAH BOŞNAK HÜSEYİN SOKAK NO:15,RAMİ YENİ MAH
2576,EYÜPSULTAN,100 MM ÇAPLI ŞEBEKE HATTI ARIZASI,25/01/2024 11:05:41,25/01/2024 13:00:00,RAMİ YENİ MAH HAVUZBAŞI SOKAK NO:14,RAMİ YENİ MAH
2577,EYÜPSULTAN,100 MM ÇAPLI ŞEBEKE HATTI ARIZASI,24/08/2023 15:43:19,24/08/2023 18:00:00,RAMİ YENİ MAH İMAM RÜSTEM SOKAK NO:3,RAMİ YENİ MAH
2578,EYÜPSULTAN,ŞEBEKE HATTI VANA MONTAJI/DEĞİŞİMİ,17/03/2023 10:44:41,17/03/2023 15:00:00,SAKARYA CANAN SOKAK SİLHTARAGA CAD.KÖŞE,"ESENTEPE MAH,SAKARYA MAH"
2579,EYÜPSULTAN,ŞEBEKE HATTI VANA ARIZASI,09/01/2024 12:36:21,09/01/2024 16:00:00,SAKARYA MAH ORHANGAZİ SOKAK NO:87,"ESENTEPE MAH,SAKARYA MAH"
2580,EYÜPSULTAN,100 MM ÇAPLI ŞEBEKE HATTI ARIZASI,11/03/2023 11:01:31,11/03/2023 15:00:00,SAKARYA ŞAİR SK NO 13 ÖNÜNDE,"MERKEZ MAH,SAKARYA MAH,SİLAHTARAĞA MAH"
2581,EYÜPSULTAN,TERFİ  MERKEZİ ARIZASI,20/04/2023 21:48:26,20/04/2023 23:59:00,SİLAHTAR TERFİ,"AKŞEMSETTİN MAH,ALİBEYKÖY MAH,KARADOLAP MAH,YEŞİLPINAR MAH,ÇIRÇIR MAH"
2582,EYÜPSULTAN,ARIZA SEBEBİ İLE BASINÇ DÜŞÜKLÜĞÜ,03/05/2023 18:02:50,03/05/2023 23:59:00,SİLAHTAR TERFİ,"KARADOLAP MAH,YEŞİLPINAR MAH,ÇIRÇIR MAH"
2583,EYÜPSULTAN,ELEKTRİK ENERJİSİ PROBLEMİ,09/06/2023 13:38:16,09/06/2023 15:00:00,SİLAHTAR TERFİ,"AKŞEMSETTİN MAH,ALİBEYKÖY MAH,DÜĞMECİLER MAH,ESENTEPE MAH,KARADOLAP MAH,MERKEZ MAH,RAMİ CUMA MAH,RAMİ YENİ MAH,SAKARYA MAH,SİLAHTARAĞA MAH,TOPÇULAR MAH,YEŞİLPINAR MAH,ÇIRÇIR MAH,İSLAMBEY MAH"
2584,EYÜPSULTAN,TERFİ  MERKEZİ ARIZASI,02/03/2023 14:17:44,02/03/2023 18:00:00,SİLAHTAR TERFİ MERKEZİ,"AKŞEMSETTİN MAH,ALİBEYKÖY MAH,DÜĞMECİLER MAH,ESENTEPE MAH,KARADOLAP MAH,MERKEZ MAH,RAMİ CUMA MAH,RAMİ YENİ MAH,SAKARYA MAH,SİLAHTARAĞA MAH,TOPÇULAR MAH,YEŞİLPINAR MAH,ÇIRÇIR MAH,İSLAMBEY MAH"
2585,EYÜPSULTAN,ELEKTRİK ENERJİSİ PROBLEMİ,28/01/2024 15:04:51,28/01/2024 16:30:00,SİLAHTAR TERFİ MERKEZİ,"AKŞEMSETTİN MAH,ALİBEYKÖY MAH,DÜĞMECİLER MAH,ESENTEPE MAH,KARADOLAP MAH,MERKEZ MAH,RAMİ CUMA MAH,RAMİ YENİ MAH,SAKARYA MAH,SİLAHTARAĞA MAH,TOPÇULAR MAH,YEŞİLPINAR MAH,ÇIRÇIR MAH,İSLAMBEY MAH"
2586,EYÜPSULTAN,600 MM ÇAPLI  ANA İSALE HATTI ARIZASI,03/06/2023 09:07:01,03/06/2023 14:00:00,SİLAHTAR TERFİ ÇIKIŞI,"AKŞEMSETTİN MAH,ALİBEYKÖY MAH,ESENTEPE MAH,KARADOLAP MAH,SAKARYA MAH,YEŞİLPINAR MAH,ÇIRÇIR MAH"
2587,EYÜPSULTAN,700 MM  ÇAPLI ANA İSALE HATTI ARIZASI,04/04/2023 09:00:16,04/04/2023 17:00:00,SİLAHTAR-GOP-KÜÇÜKKÖY,"AKPINAR MAH,AKŞEMSETTİN MAH,ALİBEYKÖY MAH,ESENTEPE MAH,RAMİ CUMA MAH,SAKARYA MAH,SİLAHTARAĞA MAH,YEŞİLPINAR MAH,ÇIRÇIR MAH,İSLAMBEY MAH"
2588,EYÜPSULTAN,600 MM ÇAPLI  ANA İSALE HATTI ARIZASI,25/12/2023 12:29:22,25/12/2023 20:00:00,SİLAHTAR-KEÇESUYU-KÜÇÜKKÖY 600MM İSALE HATTI,"AKŞEMSETTİN MAH,ALİBEYKÖY MAH,ESENTEPE MAH,KARADOLAP MAH,SAKARYA MAH,YEŞİLPINAR MAH,ÇIRÇIR MAH"
2589,EYÜPSULTAN,100 MM ÇAPLI ŞEBEKE HATTI ARIZASI,18/04/2023 09:45:44,18/04/2023 12:00:00,SİLAHTARAĞA MAH ALPAY ÇIKMAZI NO:2,"MERKEZ MAH,SİLAHTARAĞA MAH"
2590,EYÜPSULTAN,100 MM ÇAPLI ŞEBEKE HATTI ARIZASI,23/10/2023 09:27:06,23/10/2023 13:00:00,SİLAHTARAĞA MAH KARADENİZ CADDE NO:33,"MERKEZ MAH,SAKARYA MAH,SİLAHTARAĞA MAH"
2591,EYÜPSULTAN,200 MM ÇAPLI ŞEBEKE HATTI ARIZASI,26/07/2023 18:00:44,26/07/2023 22:00:00,SİLAHTARAĞA MAHALLESİ SİLAHTARAĞA CADDESİ NO:233,"ALİBEYKÖY MAH,ESENTEPE MAH,KARADOLAP MAH,SİLAHTARAĞA MAH,ÇIRÇIR MAH"
2592,EYÜPSULTAN,ARIZA SEBEBİ İLE BASINÇ DÜŞÜKLÜĞÜ,11/09/2023 09:40:50,13/09/2023 08:00:00,TAŞOLUK ARNAVUTKÖY,AKPINAR MAH
2593,EYÜPSULTAN,100 MM ÇAPLI ŞEBEKE HATTI ARIZASI,08/12/2023 11:00:59,08/12/2023 14:00:00,TOPÇULAR MAHALLESİ 1.TİKVEŞLİ SOKAK,TOPÇULAR MAH
2594,EYÜPSULTAN,ŞEBEKE HATTI VANA MONTAJI/DEĞİŞİMİ,25/05/2023 12:26:03,25/05/2023 16:00:00,TOPÇULAR MALTEPE CADDESİ,TOPÇULAR MAH
2595,EYÜPSULTAN,100 MM ÇAPLI ŞEBEKE HATTI ARIZASI,18/09/2023 23:50:34,19/09/2023 06:30:00,TOPÇULAR MH BOSTANARALIĞI SK,TOPÇULAR MAH
2596,EYÜPSULTAN,100 MM ÇAPLI ŞEBEKE HATTI ARIZASI,07/08/2023 01:26:35,07/08/2023 03:00:00,TOPÇULAR MH ÇAYIR SK SK İÇİ,"DÜĞMECİLER MAH,TOPÇULAR MAH"
2597,EYÜPSULTAN,100 MM ÇAPLI ŞEBEKE HATTI ARIZASI,17/09/2023 18:16:43,17/09/2023 22:00:00,TOPÇULAR MH. BAYRAMPAŞA CD. BOSTAN ARALIĞI SK.,"TOPÇULAR MAH,TOPÇULAR MAH"
2598,EYÜPSULTAN,100 MM ÇAPLI ŞEBEKE HATTI ARIZASI,04/06/2023 10:20:01,04/06/2023 13:00:00,TOPÇULAR OSMANGAZI CAD.NO 2,TOPÇULAR MAH
2599,EYÜPSULTAN,100 MM ÇAPLI ŞEBEKE HATTI ARIZASI,25/10/2023 09:15:45,25/10/2023 12:00:00,YEŞİLPINAR EFES SK NO 12,YEŞİLPINAR MAH
2600,EYÜPSULTAN,100 MM ÇAPLI ŞEBEKE HATTI ARIZASI,08/11/2023 11:03:45,08/11/2023 16:00:00,YEŞİLPINAR MAH MANZARA SOKAK MO:2,YEŞİLPINAR MAH
2601,EYÜPSULTAN,ŞEBEKE HATTI VANA MONTAJI/DEĞİŞİMİ,27/11/2023 10:58:17,27/11/2023 13:00:00,YEŞİLPINAR MAH UFUK SOKAK TAN SOKAK KESİŞİMİ,YEŞİLPINAR MAH
2602,EYÜPSULTAN,100 MM ÇAPLI ŞEBEKE HATTI ARIZASI,14/02/2024 10:54:35,14/02/2024 13:00:00,YEŞİLPINAR MAH. CANAN SOKAK NO:55,YEŞİLPINAR MAH
2603,EYÜPSULTAN,100 MM ÇAPLI ŞEBEKE HATTI ARIZASI,14/08/2023 12:23:31,14/08/2023 14:30:00,YEŞİLPINAR MEVSİM SOKAK NO 8,YEŞİLPINAR MAH
2604,EYÜPSULTAN,100 MM ÇAPLI ŞEBEKE HATTI ARIZASI,25/10/2023 00:43:45,25/10/2023 01:44:00,YEŞİLPINAR MH. EFES SK. NO:12 ÖNÜ,YEŞİLPINAR MAH
2605,EYÜPSULTAN,100 MM ÇAPLI ŞEBEKE HATTI ARIZASI,22/01/2024 14:37:26,22/01/2024 17:00:00,YEŞİLPINAR UFUK SOKAK ÖZLEM SOKAK KESİŞİM,YEŞİLPINAR MAH
2606,EYÜPSULTAN,100 MM ÇAPLI ŞEBEKE HATTI ARIZASI,27/02/2023 11:15:50,27/02/2023 12:30:00,YEŞİLPINAR VOLKAN SOKAK,"AKŞEMSETTİN MAH,YEŞİLPINAR MAH"
2607,EYÜPSULTAN,100 MM ÇAPLI ŞEBEKE HATTI ARIZASI,13/10/2023 16:04:45,13/10/2023 22:00:00,YEŞİLPINAR ÇAY SK GİRNE CADDE KÖŞE,YEŞİLPINAR MAH
2608,EYÜPSULTAN,100 MM ÇAPLI ŞEBEKE HATTI ARIZASI,04/05/2023 08:44:02,04/05/2023 11:00:00,ÇIRÇIR ATİLLA NO 20,ÇIRÇIR MAH
2609,EYÜPSULTAN,100 MM ÇAPLI ŞEBEKE HATTI ARIZASI,13/03/2023 13:17:04,13/03/2023 15:00:00,ÇIRÇIR DÖNMEZ SOKAK SOKAK BAŞINDA,ÇIRÇIR MAH
2610,EYÜPSULTAN,100 MM ÇAPLI ŞEBEKE HATTI ARIZASI,04/07/2023 10:13:27,04/07/2023 12:00:00,ÇIRÇIR GİDEN CD NO 52,ÇIRÇIR MAH
2611,EYÜPSULTAN,100 MM ÇAPLI ŞEBEKE HATTI ARIZASI,10/09/2023 10:26:21,10/09/2023 15:00:00,ÇIRÇIR MAH BAŞAK SOKAK İLE SELİM SK KESİŞİMİ,ÇIRÇIR MAH
2612,EYÜPSULTAN,100 MM ÇAPLI ŞEBEKE HATTI ARIZASI,06/05/2023 12:04:01,06/05/2023 14:00:00,ÇIRÇIR MAH DİKYOL SOKAK NO:3,ÇIRÇIR MAH
2613,EYÜPSULTAN,100 MM ÇAPLI ŞEBEKE HATTI ARIZASI,12/09/2023 16:05:06,12/09/2023 18:29:00,ÇIRÇIR MAH FUNDA SOKAK NO:41,ÇIRÇIR MAH
2614,EYÜPSULTAN,100 MM ÇAPLI ŞEBEKE HATTI ARIZASI,04/10/2023 14:58:53,04/10/2023 17:00:00,ÇIRÇIR MAH SAYAYOLU CADDE NO:68,ÇIRÇIR MAH
2615,EYÜPSULTAN,100 MM ÇAPLI ŞEBEKE HATTI ARIZASI,29/08/2023 10:04:35,29/08/2023 12:00:00,ÇIRÇIR MAH SAYAYOLU CADDE NO:92,ÇIRÇIR MAH
2616,EYÜPSULTAN,100 MM ÇAPLI ŞEBEKE HATTI ARIZASI,09/11/2023 10:42:10,09/11/2023 13:00:00,ÇIRÇIR MAH SUNAR SOKAK İÇİ,ÇIRÇIR MAH
2617,EYÜPSULTAN,100 MM ÇAPLI ŞEBEKE HATTI ARIZASI,20/01/2024 11:29:50,20/01/2024 14:00:00,ÇIRÇIR MAH ULUDAĞ CADDE NO:69,ÇIRÇIR MAH
2618,EYÜPSULTAN,ŞEBEKE HATTI VANA MONTAJI/DEĞİŞİMİ,09/08/2023 12:48:42,09/08/2023 17:00:00,ÇIRÇIR MAH ULUDAĞ CADDE İLE GİDEN CADDE KESİŞİMİ,ÇIRÇIR MAH
2619,EYÜPSULTAN,100 MM ÇAPLI ŞEBEKE HATTI ARIZASI,15/05/2023 16:04:07,15/05/2023 19:30:00,ÇIRÇIR MAH VEFALI SOKAK NO:2,ÇIRÇIR MAH
2620,EYÜPSULTAN,100 MM ÇAPLI ŞEBEKE HATTI ARIZASI,26/06/2023 14:48:12,26/06/2023 20:00:00,ÇIRÇIR MAH ŞEKER SOKAK NO:35,ÇIRÇIR MAH
2621,EYÜPSULTAN,100 MM ÇAPLI ŞEBEKE HATTI ARIZASI,05/01/2024 13:57:50,05/01/2024 17:00:00,ÇIRÇIR MAH. KAR SOKAK,ÇIRÇIR MAH
2622,EYÜPSULTAN,100 MM ÇAPLI ŞEBEKE HATTI ARIZASI,15/02/2024 10:05:13,15/02/2024 13:00:00,ÇIRÇIR MAH. ŞEKER SOKAK NO:2 ÖNÜ,ÇIRÇIR MAH
2623,EYÜPSULTAN,100 MM ÇAPLI ŞEBEKE HATTI ARIZASI,11/01/2024 13:46:27,11/01/2024 16:00:00,ÇIRÇIR MAHALLESİ ATAÇ SOKAK İÇİ,ÇIRÇIR MAH
2624,EYÜPSULTAN,100 MM ÇAPLI ŞEBEKE HATTI ARIZASI,06/05/2023 08:44:54,06/05/2023 12:00:00,ÇIRÇIR MAHALLESİ ATİLLA SOKAK NO:18,ÇIRÇIR MAH
2625,EYÜPSULTAN,100 MM ÇAPLI ŞEBEKE HATTI ARIZASI,30/09/2023 00:58:56,30/09/2023 06:00:00,ÇIRÇIR MAHALLESİ VEFALI SOKAK NO:2 ÖNÜ,ÇIRÇIR MAH
2626,EYÜPSULTAN,100 MM ÇAPLI ŞEBEKE HATTI ARIZASI,14/10/2023 09:13:30,14/10/2023 14:00:00,ÇIRÇIR MASLAK YOKUŞU İLE NECATİBEY SK KÖŞE,ÇIRÇIR MAH
2627,EYÜPSULTAN,100 MM ÇAPLI ŞEBEKE HATTI ARIZASI,11/11/2023 04:40:53,11/11/2023 10:00:00,ÇIRÇIR MH. SAYA YOLU CD İLE DERE İÇİ SK KESİŞİMİ,ÇIRÇIR MAH
2628,EYÜPSULTAN,100 MM ÇAPLI ŞEBEKE HATTI ARIZASI,20/03/2023 22:08:50,20/03/2023 23:59:00,ÇIRÇIR NAR SOKAK NO:8,ÇIRÇIR MAH
2629,EYÜPSULTAN,100 MM ÇAPLI ŞEBEKE HATTI ARIZASI,13/10/2023 22:44:42,14/10/2023 00:59:00,ÇIRÇIR NECATİBEY CADESİ MASLAK YOKUŞU KESİŞİMİ,ÇIRÇIR MAH
2630,EYÜPSULTAN,100 MM ÇAPLI ŞEBEKE HATTI ARIZASI,15/07/2023 09:17:52,15/07/2023 11:00:00,ÇIRÇIR İLİM SK NO 8,ÇIRÇIR MAH
2631,EYÜPSULTAN,100 MM ÇAPLI ŞEBEKE HATTI ARIZASI,26/07/2023 11:57:08,26/07/2023 14:00:00,ÇİFTALAN YEŞİLOVA NO 60,ÇİFTALAN MAH
2632,EYÜPSULTAN,ARIZA SEBEBİ İLE BASINÇ DÜŞÜKLÜĞÜ,15/09/2023 08:51:59,15/09/2023 16:30:00,ÖMERLİ SALPOMPA,"AKŞEMSETTİN MAH,ALİBEYKÖY MAH,KARADOLAP MAH,PİRİNÇÇİ MAH,YEŞİLPINAR MAH,ÇIRÇIR MAH"
2633,EYÜPSULTAN,250 MM ÇAPLI ŞEBEKE HATTI ARIZASI,24/08/2023 16:54:24,24/08/2023 03:00:00,İHSANİYE MH BOLLUCA KÖY YOLU,"AKPINAR MAH,AĞAÇLI MAH,IŞIKLAR MAH,ODAYERİ MAH,İHSANİYE MAH"
2634,EYÜPSULTAN,100 MM ÇAPLI ŞEBEKE HATTI ARIZASI,29/05/2023 08:39:24,29/05/2023 11:00:00,İSLAMBEY FAHRI KORUTURK NO 40,İSLAMBEY MAH
2635,EYÜPSULTAN,100 MM ÇAPLI ŞEBEKE HATTI ARIZASI,04/09/2023 16:34:18,04/09/2023 19:00:00,İSLAMBEY MAH 3.LEYLAK SOKAK NO:8,İSLAMBEY MAH
2636,EYÜPSULTAN,100 MM ÇAPLI ŞEBEKE HATTI ARIZASI,30/05/2023 15:08:15,30/05/2023 17:00:00,İSLAMBEY MAH FAHRİ KORUTÜRK ÇIKMAZI NO:5,İSLAMBEY MAH
2637,EYÜPSULTAN,100 MM ÇAPLI ŞEBEKE HATTI ARIZASI,15/02/2024 10:20:50,15/02/2024 13:00:00,İSLAMBEY MAH. DİRİM SOKAK NO:78 ÖNÜ,İSLAMBEY MAH
2638,EYÜPSULTAN,100 MM ÇAPLI ŞEBEKE HATTI ARIZASI,02/02/2024 15:10:24,02/02/2024 18:00:00,İSLAMBEY MAH. DİRİM SOKAK İÇİ,İSLAMBEY MAH
2639,EYÜPSULTAN,100 MM ÇAPLI ŞEBEKE HATTI ARIZASI,12/01/2024 15:40:07,12/01/2024 19:00:00,İSLAMBEY MAHALLESİ ERDİ SOKAK İÇİ,İSLAMBEY MAH
2640,EYÜPSULTAN,ŞEBEKE HATTI VANA MONTAJI/DEĞİŞİMİ,11/12/2023 11:11:24,11/12/2023 14:00:00,İSLAMBEY MH. HZ. HALİD BULVARI,"DÜĞMECİLER MAH,MERKEZ MAH,İSLAMBEY MAH"
2641,FATİH,100 MM ÇAPLI ŞEBEKE HATTI ARIZASI,03/04/2023 16:49:33,03/04/2023 18:00:00,AKSARAY MAH CERRAHPAŞA CAMİİ SOK NO 1,AKSARAY MAH
2642,FATİH,100 MM ÇAPLI ŞEBEKE HATTI ARIZASI,21/10/2023 17:53:16,21/10/2023 21:00:00,AKSARAY MAH YOKUŞ ÇEMESİ SK NO 20,"AKSARAY MAH,CERRAHPAŞA MAH"
2643,FATİH,100 MM ÇAPLI ŞEBEKE HATTI ARIZASI,11/09/2023 12:44:33,11/09/2023 15:00:00,AKSARAY MAH.SANCAKTAR BABA SOKAK,AKSARAY MAH
2644,FATİH,100 MM ÇAPLI ŞEBEKE HATTI ARIZASI,13/09/2023 10:03:41,13/09/2023 13:00:00,AKSARAY MAH.SORGUTÇU SOK NO:3,"AKSARAY MAH,CERRAHPAŞA MAH"
2645,FATİH,100 MM ÇAPLI ŞEBEKE HATTI ARIZASI,07/04/2023 10:10:43,07/04/2023 13:00:00,AKSARAY MAH.VALİDECAMİ SOKAK NO.47.ÖNÜ.,AKSARAY MAH
2646,FATİH,100 MM ÇAPLI ŞEBEKE HATTI ARIZASI,30/08/2023 12:22:39,30/08/2023 16:00:00,AKSARAY MAH.İNKİLAP CAD  NO:12,AKSARAY MAH
2647,FATİH,100 MM ÇAPLI ŞEBEKE HATTI ARIZASI,09/06/2023 13:09:33,09/06/2023 16:00:00,AKSARAY MAHALLESİ GAZİ MUSTAFAPAŞA CAD,AKSARAY MAH
2648,FATİH,100 MM ÇAPLI ŞEBEKE HATTI ARIZASI,19/01/2024 18:16:50,19/01/2024 21:30:00,AKSARAY MAHALLESİ MANASTIRLI RIFAT SOKAK,"AKSARAY MAH,CERRAHPAŞA MAH"
2649,FATİH,100 MM ÇAPLI ŞEBEKE HATTI ARIZASI,01/06/2023 20:00:29,01/06/2023 22:30:00,AKSARAY MH CERRAHPAŞA CD NO 15,"AKSARAY MAH,CERRAHPAŞA MAH,HASEKİ SULTAN MAH"
2650,FATİH,100 MM ÇAPLI ŞEBEKE HATTI ARIZASI,07/10/2023 11:03:24,07/10/2023 16:00:00,AKSARAY MH. ORGENERAL NAFİZ GÜRMAN CD,"AKSARAY MAH,CERRAHPAŞA MAH"
2651,FATİH,100 MM ÇAPLI ŞEBEKE HATTI ARIZASI,22/05/2023 09:33:45,22/05/2023 13:00:00,AKŞEMSETTİN MAH BAB NAİBİ SOK NO:16,AKŞEMSETTİN MAH
2652,FATİH,100 MM ÇAPLI ŞEBEKE HATTI ARIZASI,08/06/2023 09:09:49,08/06/2023 11:00:00,AKŞEMSETTİN MAH BALİPAŞA CD NO 85,AKŞEMSETTİN MAH
2653,FATİH,200 MM ÇAPLI ŞEBEKE HATTI ARIZASI,18/07/2023 19:01:56,19/07/2023 03:00:00,AKŞEMSETTİN MAH PROF.DR. NACİ ŞENSOY CD,"AKŞEMSETTİN MAH,ALİ KUŞÇU MAH,ATİKALİ MAH,AYVANSARAY MAH,BALAT MAH,CİBALİ MAH,DERVİŞ ALİ MAH,HIRKA-İ ŞERİF MAH,KARAGÜMRÜK MAH,YAVUZ SULTAN SELİM MAH,İSKENDERPAŞA MAH"
2654,FATİH,100 MM ÇAPLI ŞEBEKE HATTI ARIZASI,13/03/2023 09:14:52,13/03/2023 11:00:00,AKŞEMSETTİN MAH ŞAİR FUZULİ SOK NO :21,AKŞEMSETTİN MAH
2655,FATİH,100 MM ÇAPLI ŞEBEKE HATTI ARIZASI,12/09/2023 13:22:56,12/09/2023 16:00:00,AKŞEMSETTİN MAH. KOCA SİNAN CAD.,AKŞEMSETTİN MAH
2656,FATİH,100 MM ÇAPLI ŞEBEKE HATTI ARIZASI,21/03/2023 13:25:45,21/03/2023 18:30:00,AKŞEMSETTİN MAH. ŞAİR FUZULİ SOK NO: SOKAK İÇİ,AKŞEMSETTİN MAH
2657,FATİH,100 MM ÇAPLI ŞEBEKE HATTI ARIZASI,18/02/2023 12:37:08,18/02/2023 16:00:00,AKŞEMSETTİN MAH.EMİR BUHARİ SK SOKAK İÇİ,AKŞEMSETTİN MAH
2658,FATİH,ŞEBEKE HATTI VANA MONTAJI/DEĞİŞİMİ,18/07/2023 22:24:44,19/07/2023 03:00:00,AKŞEMTTİN MAH. NACİ SENSOY CADDESİ,"AKŞEMSETTİN MAH,ALEMDAR MAH,ALİ KUŞÇU MAH,ATİKALİ MAH,AYVANSARAY MAH,BALABANAĞA MAH,BALAT MAH,BEYAZIT MAH,CİBALİ MAH,DERVİŞ ALİ MAH,HACI KADIN MAH,HASEKİ SULTAN MAH,HIRKA-İ ŞERİF MAH,KARAGÜMRÜK MAH,KEMALPAŞA MAH,MEVLANAKAPI MAH,MOLLA FENARİ MAH,MOLLA GÜRANİ MAH,MOLLA HÜSREV MAH,SEYYİD ÖMER MAH,SÜLEYMANİYE MAH,TOPKAPI MAH,YAVUZ SULTAN SELİM MAH,ZEYREK MAH,İSKENDERPAŞA MAH,ŞEHREMİNİ MAH"
2659,FATİH,100 MM ÇAPLI ŞEBEKE HATTI ARIZASI,17/11/2023 09:17:06,17/11/2023 15:00:00,AKŞEMŞETTİN MAH. OCAKLI SOKAK NO.15.ÖNÜ.,"AKŞEMSETTİN MAH,İSKENDERPAŞA MAH"
2660,FATİH,100 MM ÇAPLI ŞEBEKE HATTI ARIZASI,08/10/2023 11:06:08,08/10/2023 13:00:00,AKŞEMŞETTİN MAH.HÜSREVPAŞA SOKAK NO.49,AKŞEMSETTİN MAH
2661,FATİH,100 MM ÇAPLI ŞEBEKE HATTI ARIZASI,29/08/2023 14:41:00,29/08/2023 17:00:00,AKŞEMŞETTİN MAH.SARINASUH SOKAK NO.5,AKŞEMSETTİN MAH
2662,FATİH,100 MM ÇAPLI ŞEBEKE HATTI ARIZASI,31/01/2024 00:33:34,31/01/2024 09:00:00,ALEMDAR GÜZEL SANATLAR SOKAK,"ALEMDAR MAH,MOLLA FENARİ MAH"
2663,FATİH,ŞEBEKE HATTI VANA MONTAJI/DEĞİŞİMİ,31/01/2024 08:33:49,31/01/2024 10:00:00,ALEMDAR GÜZEL SANATLAR SOKAK,"ALEMDAR MAH,MOLLA FENARİ MAH"
2664,FATİH,100 MM ÇAPLI ŞEBEKE HATTI ARIZASI,29/04/2023 08:22:41,29/04/2023 09:22:00,ALEMDAR MAH PROF. DR. KAZIM İSMAİL GÜRKAN CD,ALEMDAR MAH
2665,FATİH,100 MM ÇAPLI ŞEBEKE HATTI ARIZASI,13/09/2023 09:55:49,13/09/2023 13:00:00,ALEMDAR MAH. DİVANYOLU CADDESİ TÜRK OCAĞI ÖNÜ,"ALEMDAR MAH,MOLLA FENARİ MAH"
2666,FATİH,100 MM ÇAPLI ŞEBEKE HATTI ARIZASI,27/09/2023 11:04:56,27/09/2023 13:00:00,ALEMDAR MAH. HİMAYE-İ ETFAL SOK NO 7,ALEMDAR MAH
2667,FATİH,100 MM ÇAPLI ŞEBEKE HATTI ARIZASI,14/08/2023 10:39:02,14/08/2023 13:00:00,ALEMDAR MAH.DİVANYOLU CAD.NO.38,"ALEMDAR MAH,MOLLA FENARİ MAH,SURURİ MAH"
2668,FATİH,100 MM ÇAPLI ŞEBEKE HATTI ARIZASI,05/11/2023 10:08:43,05/11/2023 12:00:00,ALEMDAR MAH.ORDU CAD SİDE,"ALEMDAR MAH,MOLLA FENARİ MAH"
2669,FATİH,100 MM ÇAPLI ŞEBEKE HATTI ARIZASI,30/01/2024 22:39:13,31/01/2024 01:00:00,ALEMDAR MAHALLESİ MOLLA FENARİ SOKAK,"ALEMDAR MAH,MOLLA FENARİ MAH"
2670,FATİH,ŞEBEKE HATTI VANA MONTAJI/DEĞİŞİMİ,22/02/2023 14:20:16,22/02/2023 16:00:00,ALEMDAR NAH.HÜKÜMET KONAGI SOKAK,"ALEMDAR MAH,HOCAPAŞA MAH"
2671,FATİH,100 MM ÇAPLI ŞEBEKE HATTI ARIZASI,09/12/2023 11:05:05,09/12/2023 13:00:00,ALİ KUŞCU MAH.,ALİ KUŞÇU MAH
2672,FATİH,100 MM ÇAPLI ŞEBEKE HATTI ARIZASI,10/03/2023 09:18:13,10/03/2023 11:57:00,ALİ KUŞÇU MAH AKSARIKLI SK NO 6,"BALAT MAH,YAVUZ SULTAN SELİM MAH"
2673,FATİH,100 MM ÇAPLI ŞEBEKE HATTI ARIZASI,28/08/2023 13:49:27,28/08/2023 16:00:00,ATİKALİ MAH KARAKUYU SOK,"ATİKALİ MAH,BALAT MAH,DERVİŞ ALİ MAH"
2674,FATİH,100 MM ÇAPLI ŞEBEKE HATTI ARIZASI,11/07/2023 15:44:42,11/07/2023 18:00:00,AYVANSARAY MAH EĞRİKAPI MAH. NO:23,AYVANSARAY MAH
2675,FATİH,100 MM ÇAPLI ŞEBEKE HATTI ARIZASI,20/03/2023 12:09:05,20/03/2023 12:43:00,AYVANSARAY MAH HACI RIZA SOK NO.21,"AYVANSARAY MAH,DERVİŞ ALİ MAH"
2676,FATİH,100 MM ÇAPLI ŞEBEKE HATTI ARIZASI,07/06/2023 09:08:56,07/06/2023 10:00:00,AYVANSARAY MAH HACI RIZA SOK NO.21,"AYVANSARAY MAH,BALAT MAH"
2677,FATİH,100 MM ÇAPLI ŞEBEKE HATTI ARIZASI,22/03/2023 15:37:44,22/03/2023 18:00:00,AYVANSARAY MAH HACI RIZA SOK NO:19,"AYVANSARAY MAH,DERVİŞ ALİ MAH"
2678,FATİH,100 MM ÇAPLI ŞEBEKE HATTI ARIZASI,10/05/2023 13:28:57,10/05/2023 14:30:00,AYVANSARAY MAH MACAR KARDEŞLER SOK NO 8,AYVANSARAY MAH
2679,FATİH,100 MM ÇAPLI ŞEBEKE HATTI ARIZASI,07/06/2023 11:24:36,07/06/2023 13:00:00,AYVANSARAY MAH ŞAMDANCIBAŞI SOK NO 21,AYVANSARAY MAH
2680,FATİH,100 MM ÇAPLI ŞEBEKE HATTI ARIZASI,03/01/2024 13:59:41,03/01/2024 16:00:00,AYVANSARAY MAH. AYVANSARAY CAD. NO:81,AYVANSARAY MAH
2681,FATİH,100 MM ÇAPLI ŞEBEKE HATTI ARIZASI,10/11/2023 09:09:02,10/11/2023 12:00:00,AYVANSARAY MAH. EBE SOKAK,"AYVANSARAY MAH,BALAT MAH"
2682,FATİH,100 MM ÇAPLI ŞEBEKE HATTI ARIZASI,10/07/2023 10:20:06,10/07/2023 11:30:00,AYVANSARAY MAH. KAĞNI EFENDİ SOK NO:28,AYVANSARAY MAH
2683,FATİH,100 MM ÇAPLI ŞEBEKE HATTI ARIZASI,05/09/2023 09:55:55,05/09/2023 11:00:00,AYVANSARAY MAH. PAŞA HAMAMI SOK,AYVANSARAY MAH
2684,FATİH,100 MM ÇAPLI ŞEBEKE HATTI ARIZASI,25/07/2023 10:55:44,25/07/2023 14:00:00,AYVANSARAY MAH. SULTAN ÇEŞMESİ SOK İLE AYNALI DÜKKAN SOK KESİŞİM,AYVANSARAY MAH
2685,FATİH,100 MM ÇAPLI ŞEBEKE HATTI ARIZASI,29/03/2023 15:10:42,29/03/2023 16:16:00,AYVANSARAY MAH. ULUBATLI HASAN SOK NO:1,AYVANSARAY MAH
2686,FATİH,100 MM ÇAPLI ŞEBEKE HATTI ARIZASI,25/11/2023 09:51:04,25/11/2023 12:00:00,AYVANSARAY MAH. ŞEHİT MÜMTAZ SOK NO 25,AYVANSARAY MAH
2687,FATİH,100 MM ÇAPLI ŞEBEKE HATTI ARIZASI,25/08/2023 16:24:05,25/08/2023 18:00:00,AYVANSARAY MAH.DERVİŞZADE SOKAK NO.3.ÖNÜ.,AYVANSARAY MAH
2688,FATİH,100 MM ÇAPLI ŞEBEKE HATTI ARIZASI,13/10/2023 08:59:01,13/10/2023 11:00:00,AYVANSARAY MAH.HACI RIZA SOKAK.17.ÖNÜ,"AYVANSARAY MAH,BALAT MAH,DERVİŞ ALİ MAH"
2689,FATİH,100 MM ÇAPLI ŞEBEKE HATTI ARIZASI,19/01/2024 11:59:56,19/01/2024 18:00:00,AYVANSARAY MAHALLESİ AYVANSARAY CADDE NO 67 ÖNÜ,AYVANSARAY MAH
2690,FATİH,100 MM ÇAPLI ŞEBEKE HATTI ARIZASI,18/12/2023 14:00:35,18/12/2023 16:00:00,AYVANSARAY MAHKEMEALTI SOKAK NO 52,AYVANSARAY MAH
2691,FATİH,100 MM ÇAPLI ŞEBEKE HATTI ARIZASI,20/04/2023 05:52:10,21/04/2023 08:00:00,AYVANSARAY MH AYVANSARAY CD NO 93,AYVANSARAY MAH
2692,FATİH,100 MM ÇAPLI ŞEBEKE HATTI ARIZASI,20/03/2023 00:52:27,20/03/2023 10:30:00,AYVANSARAY MH DURİYE SK NO 20,"AYVANSARAY MAH,BALAT MAH"
2693,FATİH,100 MM ÇAPLI ŞEBEKE HATTI ARIZASI,04/12/2023 08:12:45,04/12/2023 12:00:00,BALABANAGA MAH.ORDU CAD.SU URUNLERI ONÜ.,"BALABANAĞA MAH,BEYAZIT MAH,KEMALPAŞA MAH"
2694,FATİH,100 MM ÇAPLI ŞEBEKE HATTI ARIZASI,30/05/2023 09:59:58,30/05/2023 11:00:00,BALABANAĞA MAH HARİKZADELER SOK NO:30A,BALABANAĞA MAH
2695,FATİH,100 MM ÇAPLI ŞEBEKE HATTI ARIZASI,26/04/2023 20:57:46,27/04/2023 01:15:00,BALABANAĞA MAH ORDU CAD,"ALEMDAR MAH,BALABANAĞA MAH,BEYAZIT MAH,HOCA GIYASETTİN MAH,KEMALPAŞA MAH,MOLLA FENARİ MAH,MOLLA HÜSREV MAH,SÜLEYMANİYE MAH"
2696,FATİH,100 MM ÇAPLI ŞEBEKE HATTI ARIZASI,10/05/2023 10:42:38,10/05/2023 12:00:00,BALAT MAH CEMALİ SOK,"ATİKALİ MAH,BALAT MAH,DERVİŞ ALİ MAH"
2697,FATİH,100 MM ÇAPLI ŞEBEKE HATTI ARIZASI,28/03/2023 08:53:29,28/03/2023 10:53:00,BALAT MAH MURAT MOLLA SK NO 26,BALAT MAH
2698,FATİH,100 MM ÇAPLI ŞEBEKE HATTI ARIZASI,02/08/2023 17:54:23,02/08/2023 18:59:00,BALAT MAH ZÜLÜFLÜ SK NO 4,"BALAT MAH,DERVİŞ ALİ MAH"
2699,FATİH,100 MM ÇAPLI ŞEBEKE HATTI ARIZASI,28/08/2023 16:49:42,28/08/2023 20:00:00,BALAT MAH. HIZIR ÇAVUŞ FIRINI SOK,BALAT MAH
2700,FATİH,100 MM ÇAPLI ŞEBEKE HATTI ARIZASI,21/11/2023 15:44:41,21/11/2023 18:00:00,BALAT MAH. KAZANCI SELİM SOK NO:12,BALAT MAH
2701,FATİH,100 MM ÇAPLI ŞEBEKE HATTI ARIZASI,04/10/2023 13:26:50,04/10/2023 17:00:00,BALAT MAH. SANCAKTAR YOKUŞUS SOK.,BALAT MAH
2702,FATİH,100 MM ÇAPLI ŞEBEKE HATTI ARIZASI,24/02/2023 12:07:12,24/02/2023 13:00:00,BALAT MAH.NAKKAŞ HAYDAR SK İLE  KİREMİT CD (KÖSE ),"AYVANSARAY MAH,BALAT MAH"
2703,FATİH,100 MM ÇAPLI ŞEBEKE HATTI ARIZASI,04/02/2024 00:28:41,04/02/2024 03:30:00,BALAT MAHALLESI VODINE SOKAK,"BALAT MAH,YAVUZ SULTAN SELİM MAH"
2704,FATİH,100 MM ÇAPLI ŞEBEKE HATTI ARIZASI,01/04/2023 14:24:20,01/04/2023 17:30:00,BALAT MAHALLESİ HACI İBRAHİM SOK NO:35,BALAT MAH
2705,FATİH,100 MM ÇAPLI ŞEBEKE HATTI ARIZASI,25/10/2023 09:15:25,25/10/2023 12:00:00,BEYAZIT MAH.ORDU CADDESİDE,"ALEMDAR MAH,BEYAZIT MAH,MOLLA FENARİ MAH"
2706,FATİH,100 MM ÇAPLI ŞEBEKE HATTI ARIZASI,04/07/2023 00:13:16,04/07/2023 04:00:00,BİNBİRDİREK MAH PEYKHANE SK 3,BİNBİRDİREK MAH
2707,FATİH,100 MM ÇAPLI ŞEBEKE HATTI ARIZASI,14/12/2023 13:18:47,14/12/2023 15:00:00,BİNBİRDİREK MAH. KATIP SİNAN CAMİ SOK. N:11,"BİNBİRDİREK MAH,KÜÇÜK AYASOFYA MAH"
2708,FATİH,100 MM ÇAPLI ŞEBEKE HATTI ARIZASI,19/01/2024 11:57:55,19/01/2024 14:00:00,BİNBİRDİREK MAHALLESİ,BİNBİRDİREK MAH
2709,FATİH,100 MM ÇAPLI ŞEBEKE HATTI ARIZASI,27/01/2024 15:09:24,27/01/2024 17:00:00,BİNBİRDİREK İMRAN ÖKTEN SOKAK NO 3 ÖNÜ,BİNBİRDİREK MAH
2710,FATİH,ANA İSALE HATTINA VANA MONTAJI / DEĞİŞİMİ,13/12/2023 20:15:39,14/12/2023 04:00:00,CANKURTARAN,"BİNBİRDİREK MAH,CANKURTARAN MAH,EMİN SİNAN MAH,HOCAPAŞA MAH,KÜÇÜK AYASOFYA MAH,MİMAR HAYRETTİN MAH,SULTAN AHMET MAH,ŞEHSUVAR BEY MAH"
2711,FATİH,100 MM ÇAPLI ŞEBEKE HATTI ARIZASI,24/08/2023 08:43:46,24/08/2023 11:00:00,CANKURTARAN MAH. KENNEDY CAD İDO ÖNÜ,"CANKURTARAN MAH,KATİP KASIM MAH"
2712,FATİH,100 MM ÇAPLI ŞEBEKE HATTI ARIZASI,09/08/2023 11:24:27,09/08/2023 13:00:00,CANKURTARAN MAH. ŞÜKRULLAH HALEFİ SOK. NO:18,CANKURTARAN MAH
2713,FATİH,100 MM ÇAPLI ŞEBEKE HATTI ARIZASI,21/09/2023 12:07:28,21/09/2023 16:00:00,CERRAHPAŞA MAH GÜZEL SEBZECİ SOKAK,"CERRAHPAŞA MAH,HASEKİ SULTAN MAH"
2714,FATİH,100 MM ÇAPLI ŞEBEKE HATTI ARIZASI,20/09/2023 10:22:45,20/09/2023 13:00:00,CERRAHPAŞA MAH KOCA MUSTAFAPAŞA CAD NO 176,CERRAHPAŞA MAH
2715,FATİH,ŞEBEKE HATTI YENİLEMESİ,22/07/2023 12:38:01,22/07/2023 16:30:00,CERRAHPAŞA MAH ORG. ABDURRAHMAN NAFİZ GÜRMAN CAD NO SAMATYA HASTANESİ YANİ,"AKSARAY MAH,CERRAHPAŞA MAH"
2716,FATİH,100 MM ÇAPLI ŞEBEKE HATTI ARIZASI,06/06/2023 11:15:05,06/06/2023 14:00:00,CERRAHPAŞA MAH TÜTÜNCÜ RASİM SOK İLE KAFESÇİ İSMAİL SOK KESİŞİM,"CERRAHPAŞA MAH,HASEKİ SULTAN MAH"
2717,FATİH,100 MM ÇAPLI ŞEBEKE HATTI ARIZASI,20/08/2023 09:22:32,20/08/2023 12:00:00,CERRAHPAŞA MAH.KOCAMUSTAFAPAŞA CAD NO.35.ÖNÜ.,CERRAHPAŞA MAH
2718,FATİH,100 MM ÇAPLI ŞEBEKE HATTI ARIZASI,10/04/2023 09:26:09,10/04/2023 12:00:00,CERRAHPAŞA MAHALLESİ CERRAHPAŞAHASTANESİ,CERRAHPAŞA MAH
2719,FATİH,100 MM ÇAPLI ŞEBEKE HATTI ARIZASI,14/03/2023 10:09:05,14/03/2023 11:00:00,CİBALİ MAH ALİ TEKİN SOK NO 35,CİBALİ MAH
2720,FATİH,100 MM ÇAPLI ŞEBEKE HATTI ARIZASI,04/09/2023 11:47:06,04/09/2023 14:47:00,CİBALİ MAH HARAÇÇI BAŞI BOSTANI SOK NO:7,"CİBALİ MAH,YAVUZ SULTAN SELİM MAH"
2721,FATİH,100 MM ÇAPLI ŞEBEKE HATTI ARIZASI,21/08/2023 12:50:35,21/08/2023 16:00:00,CİBALİ MAH. ALİ TEKİN SOK NO:25,CİBALİ MAH
2722,FATİH,100 MM ÇAPLI ŞEBEKE HATTI ARIZASI,16/12/2023 14:04:53,16/12/2023 19:00:00,CİBALİ MAH. ASTAR SOKAK,"CİBALİ MAH,YAVUZ SULTAN SELİM MAH,ZEYREK MAH"
2723,FATİH,150 MM ÇAPLI ŞEBEKE HATTI ARIZASI,02/05/2023 17:36:38,02/05/2023 20:00:00,CİBALİ MAH. ATATÜRK BLV. NO:15,"CİBALİ MAH,YAVUZ SULTAN SELİM MAH"
2724,FATİH,100 MM ÇAPLI ŞEBEKE HATTI ARIZASI,01/05/2023 08:56:24,01/05/2023 11:00:00,DEMİRTAŞ MAH KIBLE ÇEŞME CAD NO:31,DEMİRTAŞ MAH
2725,FATİH,100 MM ÇAPLI ŞEBEKE HATTI ARIZASI,07/08/2023 12:28:59,07/08/2023 15:00:00,DEMİRTAŞ MAH PAŞACI SOK NO:12,DEMİRTAŞ MAH
2726,FATİH,100 MM ÇAPLI ŞEBEKE HATTI ARIZASI,25/04/2023 09:05:03,25/04/2023 10:30:00,DEMİRTAŞ MAH. MURAT EFENDİ SOK NO:12,DEMİRTAŞ MAH
2727,FATİH,100 MM ÇAPLI ŞEBEKE HATTI ARIZASI,30/10/2023 15:07:39,30/10/2023 17:00:00,DERVİŞ ALİ MAH. KEFEVİ SOK NO:59,"ATİKALİ MAH,BALAT MAH,DERVİŞ ALİ MAH"
2728,FATİH,150 MM ÇAPLI ŞEBEKE HATTI ARIZASI,02/09/2023 12:48:16,02/09/2023 15:00:00,DERVİŞ ALİ MAHALLESİ CANFEDA CAMİİ SOK NO 2,"ATİKALİ MAH,BALAT MAH,DERVİŞ ALİ MAH"
2729,FATİH,100 MM ÇAPLI ŞEBEKE HATTI ARIZASI,28/08/2023 11:38:12,28/08/2023 14:00:00,DERVİŞ ALİ MAHALLESİ TERCÜMAN YUNUS SOKAK,"BALAT MAH,DERVİŞ ALİ MAH"
2730,FATİH,100 MM ÇAPLI ŞEBEKE HATTI ARIZASI,14/02/2024 10:56:48,14/02/2024 12:02:00,DERVİŞALİ MAH.KALTA SOKAK NO.2.ÖNÜ.,"AYVANSARAY MAH,DERVİŞ ALİ MAH"
2731,FATİH,1200 MM ÇAPLI ANA İSALE HATTI ARIZASI,20/09/2023 14:16:18,20/09/2023 21:00:00,EDIRNEKAPI,"AKŞEMSETTİN MAH,HIRKA-İ ŞERİF MAH,KARAGÜMRÜK MAH,MOLLA GÜRANİ MAH,TOPKAPI MAH,İSKENDERPAŞA MAH"
2732,FATİH,500 MM ÇAPLI ANA İSALE HATTI ARIZASI,09/08/2023 14:35:57,10/08/2023 07:00:00,FATİH-HACIKADIN MAH.,"ALEMDAR MAH,BALABANAĞA MAH,CİBALİ MAH,DEMİRTAŞ MAH,HACI KADIN MAH,HOCA GIYASETTİN MAH,KALENDERHANE MAH,KEMALPAŞA MAH,MERCAN MAH,MOLLA HÜSREV MAH,RÜSTEMPAŞA MAH,SARIDEMİR MAH,SÜLEYMANİYE MAH,YAVUZ SİNAN MAH"
2733,FATİH,100 MM ÇAPLI ŞEBEKE HATTI ARIZASI,19/04/2023 11:51:59,19/04/2023 13:00:00,HACI KADIN MAH. HACI KADIN CAD NO:45,HACI KADIN MAH
2734,FATİH,1000 MM ÇAPLI ANA İSALE HATTI ARIZASI,09/08/2023 22:59:46,10/08/2023 07:00:00,HACIKADIN CADDESİ,"AKŞEMSETTİN MAH,ALİ KUŞÇU MAH,ATİKALİ MAH,AYVANSARAY MAH,BALAT MAH,BEYAZIT MAH,DERVİŞ ALİ MAH,HACI KADIN MAH,HASEKİ SULTAN MAH,HIRKA-İ ŞERİF MAH,HOCA GIYASETTİN MAH,KARAGÜMRÜK MAH,MEVLANAKAPI MAH,MOLLA HÜSREV MAH,SEYYİD ÖMER MAH,SÜLEYMANİYE MAH,TOPKAPI MAH,YAVUZ SULTAN SELİM MAH,ZEYREK MAH,İSKENDERPAŞA MAH,ŞEHREMİNİ MAH"
2735,FATİH,1000 MM ÇAPLI ANA İSALE HATTI ARIZASI,10/08/2023 06:57:57,10/08/2023 09:00:00,HACIKADIN CADDESİ,"AKŞEMSETTİN MAH,ALEMDAR MAH,ALİ KUŞÇU MAH,AYVANSARAY MAH,BALAT MAH,BEYAZIT MAH,CİBALİ MAH,DEMİRTAŞ MAH,DERVİŞ ALİ MAH,HACI KADIN MAH,HASEKİ SULTAN MAH,HIRKA-İ ŞERİF MAH,HOCA GIYASETTİN MAH,KALENDERHANE MAH,KARAGÜMRÜK MAH,KEMALPAŞA MAH,MERCAN MAH,MEVLANAKAPI MAH,MOLLA HÜSREV MAH,RÜSTEMPAŞA MAH,SARIDEMİR MAH,SEYYİD ÖMER MAH,SÜLEYMANİYE MAH,TOPKAPI MAH,YAVUZ SULTAN SELİM MAH,YAVUZ SİNAN MAH,İSKENDERPAŞA MAH,ŞEHREMİNİ MAH"
2736,FATİH,100 MM ÇAPLI ŞEBEKE HATTI ARIZASI,17/11/2023 08:48:32,17/11/2023 11:00:00,HACIKADIN MAH.MÜHENDİS SOKAK NO.7.ÖNÜ,HACI KADIN MAH
2737,FATİH,ARIZA SEBEBİ İLE BASINÇ DÜŞÜKLÜĞÜ,19/12/2023 21:58:28,20/12/2023 08:00:00,HAREM 2200 MM İSALE HATTI,"AKSARAY MAH,ALEMDAR MAH,BİNBİRDİREK MAH,CANKURTARAN MAH,CERRAHPAŞA MAH,EMİN SİNAN MAH,HASEKİ SULTAN MAH,HOBYAR MAH,HOCAPAŞA MAH,KATİP KASIM MAH,KOCA MUSTAFAPAŞA MAH,KÜÇÜK AYASOFYA MAH,MESİHPAŞA MAH,MOLLA FENARİ MAH,MUHSİNE HATUN MAH,MİMAR HAYRETTİN MAH,NİŞANCA MAH,RÜSTEMPAŞA MAH,SARAÇ İSHAK MAH,SEYYİD ÖMER MAH,SULTAN AHMET MAH,SURURİ MAH,SÜMBÜL EFENDİ MAH,SİLİVRİKAPI MAH,TAHTAKALE MAH,YEDİKULE MAH,ŞEHSUVAR BEY MAH"
2738,FATİH,100 MM ÇAPLI ŞEBEKE HATTI ARIZASI,12/06/2023 15:39:38,12/06/2023 18:00:00,HASEKİ SULTAN MAH ATİK MEDRESİ SOK NO:3,HASEKİ SULTAN MAH
2739,FATİH,100 MM ÇAPLI ŞEBEKE HATTI ARIZASI,06/05/2023 12:37:02,06/05/2023 19:00:00,HASEKİ SULTAN MAH TURGUT ÖZAL MİLLET CAD. NO:7,"CERRAHPAŞA MAH,HASEKİ SULTAN MAH"
2740,FATİH,100 MM ÇAPLI ŞEBEKE HATTI ARIZASI,10/05/2023 10:22:47,10/05/2023 13:00:00,HASEKİ SULTAN MAH ÖZBEK SÜLEYMAN SK NO TURGUT ÖZAL MİLLET CD KESİŞİMİ,HASEKİ SULTAN MAH
2741,FATİH,100 MM ÇAPLI ŞEBEKE HATTI ARIZASI,08/11/2023 10:39:32,08/11/2023 12:00:00,HASEKİ SULTAN MAH. CEVDET PAŞA CAD. N.67,HASEKİ SULTAN MAH
2742,FATİH,150 MM ÇAPLI ŞEBEKE HATTI ARIZASI,05/03/2023 14:05:19,05/03/2023 17:05:00,HIRKA-İ ŞERİF MAH PARENDEBAZ SK NO 16,"HIRKA-İ ŞERİF MAH,KARAGÜMRÜK MAH"
2743,FATİH,100 MM ÇAPLI ŞEBEKE HATTI ARIZASI,18/07/2023 11:52:19,18/07/2023 18:00:00,HIRKA-İ ŞERİF MAH PROF. NACİ ŞENSOY CADDESİ NO : 65,"HIRKA-İ ŞERİF MAH,KARAGÜMRÜK MAH"
2744,FATİH,100 MM ÇAPLI ŞEBEKE HATTI ARIZASI,05/09/2023 14:38:57,05/09/2023 16:00:00,HIRKA-İ ŞERİF MAH. KUM ODALARI SOK NO:24,HIRKA-İ ŞERİF MAH
2745,FATİH,100 MM ÇAPLI ŞEBEKE HATTI ARIZASI,22/03/2023 10:57:17,22/03/2023 13:00:00,HIRKA-ŞERİF MAHALLESİ DERSİAM SOK NO:10,HIRKA-İ ŞERİF MAH
2746,FATİH,100 MM ÇAPLI ŞEBEKE HATTI ARIZASI,27/02/2023 11:40:53,27/02/2023 14:00:00,HIRKAİ ŞERİF MAH.MELEK HOCA CD.İLE NİKAH SK NO:17 KESİŞİMİ,HIRKA-İ ŞERİF MAH
2747,FATİH,100 MM ÇAPLI ŞEBEKE HATTI ARIZASI,25/02/2023 10:37:38,25/02/2023 15:00:00,HIRKAİ ŞERİF MAH.YENİ BAHÇE SK SOKAK İÇİ,"HIRKA-İ ŞERİF MAH,KARAGÜMRÜK MAH"
2748,FATİH,100 MM ÇAPLI ŞEBEKE HATTI ARIZASI,17/05/2023 09:04:02,17/05/2023 11:00:00,HOBYAR MAH HAMİDİYE TÜRBESİ NO:3,HOBYAR MAH
2749,FATİH,100 MM ÇAPLI ŞEBEKE HATTI ARIZASI,24/03/2023 21:17:53,25/03/2023 02:17:00,HOBYAR MH CAĞALOĞLU YOKUŞU SK NO 28,"ALEMDAR MAH,HOBYAR MAH,SURURİ MAH"
2750,FATİH,100 MM ÇAPLI ŞEBEKE HATTI ARIZASI,02/03/2023 05:08:27,02/03/2023 10:55:00,HOBYAR MH NARLIBAHÇE SK İLE CEMAL NADİR SK KÖŞE,"HOBYAR MAH,MOLLA FENARİ MAH,SURURİ MAH"
2751,FATİH,100 MM ÇAPLI ŞEBEKE HATTI ARIZASI,02/01/2024 09:39:17,02/01/2024 12:00:00,HOCA GIYASETTIN ATLAMATASI SK NO 33,HOCA GIYASETTİN MAH
2752,FATİH,100 MM ÇAPLI ŞEBEKE HATTI ARIZASI,15/12/2023 23:43:53,16/12/2023 02:00:00,HOCA PAŞA MAHALLESİ ORDU CADDESİ,"ALEMDAR MAH,BALABANAĞA MAH,BEYAZIT MAH,HOCA GIYASETTİN MAH,KEMALPAŞA MAH,MOLLA FENARİ MAH,MOLLA GÜRANİ MAH,MOLLA HÜSREV MAH,SÜLEYMANİYE MAH"
2753,FATİH,100 MM ÇAPLI ŞEBEKE HATTI ARIZASI,12/10/2023 16:56:48,12/10/2023 23:00:00,HOCAPAŞA MAH. KENNDEY CAD SARAYBURNU,HOCAPAŞA MAH
2754,FATİH,100 MM ÇAPLI ŞEBEKE HATTI ARIZASI,20/07/2023 00:53:48,20/07/2023 04:00:00,HOCAPAŞA MAHALLESİ,"HOCAPAŞA MAH,KÜÇÜK AYASOFYA MAH,RÜSTEMPAŞA MAH"
2755,FATİH,ARIZA SEBEBİ İLE BASINÇ DÜŞÜKLÜĞÜ,21/12/2023 21:05:31,22/12/2023 06:00:00,K.ÇAMLICA-SALACAK 2200 MM İSALE HATTI,"AKSARAY MAH,ALEMDAR MAH,BİNBİRDİREK MAH,CANKURTARAN MAH,CERRAHPAŞA MAH,EMİN SİNAN MAH,HASEKİ SULTAN MAH,HOBYAR MAH,HOCAPAŞA MAH,KATİP KASIM MAH,KOCA MUSTAFAPAŞA MAH,KÜÇÜK AYASOFYA MAH,MESİHPAŞA MAH,MOLLA FENARİ MAH,MUHSİNE HATUN MAH,MİMAR HAYRETTİN MAH,MİMAR KEMALETTİN MAH,NİŞANCA MAH,RÜSTEMPAŞA MAH,SARAÇ İSHAK MAH,SEYYİD ÖMER MAH,SULTAN AHMET MAH,SURURİ MAH,SÜMBÜL EFENDİ MAH,SİLİVRİKAPI MAH,TAHTAKALE MAH,YEDİKULE MAH,ŞEHSUVAR BEY MAH"
2756,FATİH,150 MM ÇAPLI ŞEBEKE HATTI ARIZASI,16/07/2023 12:42:29,16/07/2023 16:42:00,KARAGÜMRÜK MAH PROF. NACİ ŞENSOY İLE TÜRKİSTAN SK KESİŞİMİ,"HIRKA-İ ŞERİF MAH,KARAGÜMRÜK MAH"
2757,FATİH,100 MM ÇAPLI ŞEBEKE HATTI ARIZASI,25/04/2023 09:15:35,25/04/2023 10:30:00,KARAGÜMRÜK MAH. ÇINARLI BOSTAN SOK NO:6,KARAGÜMRÜK MAH
2758,FATİH,ŞEBEKE HATTI VANA MONTAJI/DEĞİŞİMİ,06/11/2023 10:01:24,06/11/2023 13:00:00,KARAGÜMRÜK MAH.SERVERBEDİ SOKAKTA,KARAGÜMRÜK MAH
2759,FATİH,100 MM ÇAPLI ŞEBEKE HATTI ARIZASI,30/09/2023 13:32:08,30/09/2023 17:00:00,KARAGÜMRÜK MAHALLESİ,"HIRKA-İ ŞERİF MAH,KARAGÜMRÜK MAH"
2760,FATİH,300 MM ÇAPLI ŞEBEKE HATTI ARIZASI,06/02/2024 11:27:19,06/02/2024 23:30:00,KARAGÜMRÜK MAHALLESİ FEVZİPAŞA CADDE,KARAGÜMRÜK MAH
2761,FATİH,100 MM ÇAPLI ŞEBEKE HATTI ARIZASI,27/03/2023 12:12:48,27/03/2023 14:00:00,KARAGÜMRÜK MAHALLESİ NEYZENLER SOKAK NO:9,KARAGÜMRÜK MAH
2762,FATİH,100 MM ÇAPLI ŞEBEKE HATTI ARIZASI,05/01/2024 11:34:09,05/01/2024 14:00:00,KARAGÜMRÜK MAHALLESİ NİYAZİ MISRİ SK. NO:6,KARAGÜMRÜK MAH
2763,FATİH,100 MM ÇAPLI ŞEBEKE HATTI ARIZASI,14/02/2024 09:09:03,14/02/2024 12:00:00,KARAGÜMRÜK MAHALLESİ PROF. NACİ ŞENSOY CAD. NO:67,"HIRKA-İ ŞERİF MAH,KARAGÜMRÜK MAH,MOLLA GÜRANİ MAH"
2764,FATİH,100 MM ÇAPLI ŞEBEKE HATTI ARIZASI,14/02/2024 14:05:02,14/02/2024 16:00:00,KARAGÜMRÜK MAHALLESİ PROF. NACİ ŞENSOY CAD. NO:67,"HIRKA-İ ŞERİF MAH,KARAGÜMRÜK MAH"
2765,FATİH,150 MM ÇAPLI ŞEBEKE HATTI ARIZASI,12/07/2023 10:44:19,12/07/2023 16:00:00,KARAGÜMRÜK NAH TÜRKİSTAN SK NO PROF. NACİ ŞENSOY CD KESİŞİMİ,"HIRKA-İ ŞERİF MAH,KARAGÜMRÜK MAH"
2766,FATİH,100 MM ÇAPLI ŞEBEKE HATTI ARIZASI,25/12/2023 13:30:24,25/12/2023 17:00:00,KARAGÜMRÜK ÇINARLI BOSTAN NO 4,KARAGÜMRÜK MAH
2767,FATİH,100 MM ÇAPLI ŞEBEKE HATTI ARIZASI,02/06/2023 16:24:09,02/06/2023 18:00:00,KATİP KASIM MAH SEPETÇİ SELİM SK NO 19,KATİP KASIM MAH
2768,FATİH,100 MM ÇAPLI ŞEBEKE HATTI ARIZASI,21/06/2023 13:17:41,21/06/2023 15:00:00,KATİP KASIM MAH. YENİSEPETÇİ SELİM SOK NO:8,KATİP KASIM MAH
2769,FATİH,100 MM ÇAPLI ŞEBEKE HATTI ARIZASI,27/10/2023 09:59:04,27/10/2023 12:00:00,KATİPKASIM MAH.SEPETÇİSELİM SOKAK NO.49,KATİP KASIM MAH
2770,FATİH,100 MM ÇAPLI ŞEBEKE HATTI ARIZASI,20/07/2023 15:07:40,20/07/2023 17:00:00,KEMALPAŞA MAH BUKALİ DEDE İBB BİNASI,KEMALPAŞA MAH
2771,FATİH,100 MM ÇAPLI ŞEBEKE HATTI ARIZASI,04/07/2023 11:27:22,04/07/2023 13:00:00,KEMALPAŞA MAH. AHMET SELAHATTİN SOK NO:43,KEMALPAŞA MAH
2772,FATİH,100 MM ÇAPLI ŞEBEKE HATTI ARIZASI,18/09/2023 10:59:51,18/09/2023 13:00:00,KEMALPAŞA MAH.ATATÜRK BULVARI,KEMALPAŞA MAH
2773,FATİH,100 MM ÇAPLI ŞEBEKE HATTI ARIZASI,16/05/2023 08:51:44,16/05/2023 11:00:00,KOCA MUSTAFAPAŞA MAH ÇAMÇAK SK NO 25,KOCA MUSTAFAPAŞA MAH
2774,FATİH,150 MM ÇAPLI ŞEBEKE HATTI ARIZASI,04/10/2023 13:07:26,04/10/2023 20:00:00,KOCAMUSTAFAPAŞA MAH ARAP KUYUSU SOK,KOCA MUSTAFAPAŞA MAH
2775,FATİH,150 MM ÇAPLI ŞEBEKE HATTI ARIZASI,04/10/2023 20:21:10,05/10/2023 02:00:00,KOCAMUSTAFAPAŞA MAH ARAP KUYUSU SOK,KOCA MUSTAFAPAŞA MAH
2776,FATİH,100 MM ÇAPLI ŞEBEKE HATTI ARIZASI,09/03/2023 09:56:10,09/03/2023 14:00:00,KOCAMUSTAFAPAŞA MAH DEĞİRMEN SOK SOKAK İÇİ,KOCA MUSTAFAPAŞA MAH
2777,FATİH,100 MM ÇAPLI ŞEBEKE HATTI ARIZASI,21/11/2023 10:48:38,21/11/2023 13:00:00,KOCAMUSTAFAPAŞA MAH. DEMİRCİ OSMAN SOK N:84,KOCA MUSTAFAPAŞA MAH
2778,FATİH,100 MM ÇAPLI ŞEBEKE HATTI ARIZASI,20/07/2023 14:58:03,20/07/2023 16:52:00,KOCAMUSTAFAPAŞA MAH. İÇ KALPAKÇI SOK,KOCA MUSTAFAPAŞA MAH
2779,FATİH,100 MM ÇAPLI ŞEBEKE HATTI ARIZASI,19/02/2023 11:17:57,19/02/2023 13:00:00,KOCAMUSTAFAPAŞA MAH.ŞARAP SOKAK NO.6.ÖNÜ.,KOCA MUSTAFAPAŞA MAH
2780,FATİH,100 MM ÇAPLI ŞEBEKE HATTI ARIZASI,11/02/2024 18:08:41,11/02/2024 20:00:00,KÜÇÜK AYASOFYA KENNEDY CADDESİ,"KÜÇÜK AYASOFYA MAH,MUHSİNE HATUN MAH,ŞEHSUVAR BEY MAH"
2781,FATİH,100 MM ÇAPLI ŞEBEKE HATTI ARIZASI,19/10/2023 17:42:55,19/10/2023 20:00:00,KÜÇÜK AYASOFYA MAH. MUSTAFAPAŞA SOKAK NO:24,KÜÇÜK AYASOFYA MAH
2782,FATİH,100 MM ÇAPLI ŞEBEKE HATTI ARIZASI,19/10/2023 10:04:03,19/10/2023 12:00:00,KÜÇÜK AYASOFYA MAH. ŞİFA HAMAMI SOKAK N.12,"BİNBİRDİREK MAH,KÜÇÜK AYASOFYA MAH"
2783,FATİH,100 MM ÇAPLI ŞEBEKE HATTI ARIZASI,02/12/2023 14:12:24,02/12/2023 21:00:00,MERCAN MAH. VASIFÇINAR SOK. NO:13,MERCAN MAH
2784,FATİH,100 MM ÇAPLI ŞEBEKE HATTI ARIZASI,13/03/2023 11:57:12,13/03/2023 13:31:00,MESİHPAŞA MAH MESİHPAŞA CAD NO 34,MESİHPAŞA MAH
2785,FATİH,100 MM ÇAPLI ŞEBEKE HATTI ARIZASI,07/11/2023 18:15:57,07/11/2023 20:30:00,MESİHPAŞA MAH SAİTEFENDİ SK NO 34,"MESİHPAŞA MAH,MİMAR KEMALETTİN MAH"
2786,FATİH,100 MM ÇAPLI ŞEBEKE HATTI ARIZASI,07/11/2023 14:56:22,07/11/2023 17:00:00,MESİHPAŞA MAH SAİTEFENDİ SOK NO:34,MESİHPAŞA MAH
2787,FATİH,100 MM ÇAPLI ŞEBEKE HATTI ARIZASI,18/08/2023 10:02:09,18/08/2023 12:00:00,MESİHPAŞA MAH.LALELİ CAD NO.16,MESİHPAŞA MAH
2788,FATİH,100 MM ÇAPLI ŞEBEKE HATTI ARIZASI,02/01/2024 14:27:13,02/01/2024 18:00:00,MESİHPAŞA MAH.PAŞAZADE SOKAK NO.3,MESİHPAŞA MAH
2789,FATİH,100 MM ÇAPLI ŞEBEKE HATTI ARIZASI,02/08/2023 10:45:47,02/08/2023 14:00:00,MEVLANA KAPI MAHALLESİ İSKENDERAĞA CAMİ SOKAK,MEVLANAKAPI MAH
2790,FATİH,100 MM ÇAPLI ŞEBEKE HATTI ARIZASI,01/08/2023 14:34:22,01/08/2023 17:00:00,MEVLANAK KAPI MAHALLESİ DUTLU BAKKAL SOKAK NO:22,MEVLANAKAPI MAH
2791,FATİH,100 MM ÇAPLI ŞEBEKE HATTI ARIZASI,26/07/2023 21:43:00,27/07/2023 03:00:00,MEVLANAKAPI MAH SİLİVRİKAPI YAĞHANE SOKAK,"MEVLANAKAPI MAH,SEYYİD ÖMER MAH"
2792,FATİH,100 MM ÇAPLI ŞEBEKE HATTI ARIZASI,02/12/2023 14:06:20,02/12/2023 17:00:00,MEVLANAKAPI MAH.LALAZADE SOK. N10:15,MEVLANAKAPI MAH
2793,FATİH,ŞEBEKE HATTI VANA MONTAJI/DEĞİŞİMİ,27/02/2023 11:35:31,27/02/2023 15:00:00,MEVLANAKAPI MAH.MEVLANAKAPI CD.ŞEYH CELAL  SK (KÖŞE),"MEVLANAKAPI MAH,SEYYİD ÖMER MAH,ŞEHREMİNİ MAH"
2794,FATİH,100 MM ÇAPLI ŞEBEKE HATTI ARIZASI,17/02/2024 13:48:25,17/02/2024 16:00:00,MEVLANAKAPI MAHALLESI MUCEVHER SOKAK,MEVLANAKAPI MAH
2795,FATİH,100 MM ÇAPLI ŞEBEKE HATTI ARIZASI,02/09/2023 15:15:33,02/09/2023 19:00:00,MEVLANAKAPI ÖAH SEZAİ HASAN SOK NO 5,MEVLANAKAPI MAH
2796,FATİH,100 MM ÇAPLI ŞEBEKE HATTI ARIZASI,07/11/2023 11:30:01,07/11/2023 13:00:00,MOLLA FENARİ MAH ŞEREFEFENDİ SK NO 36,MOLLA FENARİ MAH
2797,FATİH,100 MM ÇAPLI ŞEBEKE HATTI ARIZASI,08/11/2023 13:56:34,08/11/2023 16:00:00,MOLLA FENARİ MAH.BİLEYCİLER SOKAK NO.21.ÖNÜ.,"ALEMDAR MAH,MOLLA FENARİ MAH"
2798,FATİH,100 MM ÇAPLI ŞEBEKE HATTI ARIZASI,12/09/2023 12:55:37,12/09/2023 16:00:00,MOLLA FENARİ MAH.KÜRKÇÜLER PAZARI SOKAK NO.2.ÖNÜ.,"BEYAZIT MAH,MOLLA FENARİ MAH"
2799,FATİH,100 MM ÇAPLI ŞEBEKE HATTI ARIZASI,10/11/2023 13:44:52,10/11/2023 16:00:00,MOLLA FENARİ MAH.ÇATALÇEŞME SOKAK NO.40.ÖNÜ.,MOLLA FENARİ MAH
2800,FATİH,100 MM ÇAPLI ŞEBEKE HATTI ARIZASI,18/04/2023 05:38:06,18/04/2023 11:00:00,MOLLA FENARİ MH ŞEREF EFENDİ SK NO  42,"ALEMDAR MAH,HOBYAR MAH,MOLLA FENARİ MAH,SURURİ MAH"
2801,FATİH,100 MM ÇAPLI ŞEBEKE HATTI ARIZASI,09/03/2023 11:02:06,09/03/2023 13:00:00,MOLLA GÜRANİ MAH FINDIKZADE SOK NO 19,MOLLA GÜRANİ MAH
2802,FATİH,100 MM ÇAPLI ŞEBEKE HATTI ARIZASI,20/06/2023 13:50:52,20/06/2023 17:00:00,MOLLA GÜRANİ MAH VAKIF GUREBA  CAD,"MOLLA GÜRANİ MAH,TOPKAPI MAH"
2803,FATİH,100 MM ÇAPLI ŞEBEKE HATTI ARIZASI,15/03/2023 14:34:25,15/03/2023 18:00:00,MOLLA GÜRANİ MAH. KİLİMCİ SOK NO15,MOLLA GÜRANİ MAH
2804,FATİH,100 MM ÇAPLI ŞEBEKE HATTI ARIZASI,12/05/2023 09:05:11,12/05/2023 11:00:00,MOLLA GÜRANİ MAH. TOMRUKÇU SOK NO 26,MOLLA GÜRANİ MAH
2805,FATİH,100 MM ÇAPLI ŞEBEKE HATTI ARIZASI,17/08/2023 09:26:52,17/08/2023 11:00:00,MOLLA GÜRANİ MAH. YEKTA EFENDİ SOKAK NO:18,MOLLA GÜRANİ MAH
2806,FATİH,100 MM ÇAPLI ŞEBEKE HATTI ARIZASI,08/12/2023 09:37:20,08/12/2023 12:00:00,MOLLA GÜRANİ MAH. ŞEHİT PİLOT MAHMUT NEDİM SOK. NO:11,MOLLA GÜRANİ MAH
2807,FATİH,100 MM ÇAPLI ŞEBEKE HATTI ARIZASI,13/01/2024 09:11:46,13/01/2024 10:00:00,MOLLA GÜRANİ MAHALLESİ,MOLLA GÜRANİ MAH
2808,FATİH,100 MM ÇAPLI ŞEBEKE HATTI ARIZASI,10/02/2024 09:59:52,10/02/2024 13:00:00,MOLLA GÜRANİ MAHALLESİ SARAY HAMAMI SOKAK NO:9,MOLLA GÜRANİ MAH
2809,FATİH,100 MM ÇAPLI ŞEBEKE HATTI ARIZASI,19/01/2024 10:12:40,19/01/2024 13:00:00,MOLLA GÜRANİ SİGORTACI SK NO 11,MOLLA GÜRANİ MAH
2810,FATİH,100 MM ÇAPLI ŞEBEKE HATTI ARIZASI,15/12/2023 17:29:38,15/12/2023 19:00:00,MOLLA GÜRANİ TOMRUKÇU NO 25,MOLLA GÜRANİ MAH
2811,FATİH,100 MM ÇAPLI ŞEBEKE HATTI ARIZASI,10/10/2023 11:27:23,10/10/2023 14:00:00,MOLLA GÜRNAİ MAH. SARI MUSA SOK NO:17,MOLLA GÜRANİ MAH
2812,FATİH,ŞEBEKE HATTI VANA MONTAJI/DEĞİŞİMİ,12/10/2023 11:00:26,12/10/2023 15:00:00,MOLLAGÜRANİ MAH.T.ÖZEL MİLLET CAD İLE DEDEPAŞA SOKAK KÖŞE,MOLLA GÜRANİ MAH
2813,FATİH,100 MM ÇAPLI ŞEBEKE HATTI ARIZASI,21/07/2023 19:10:28,21/07/2023 21:30:00,MOLLLA GÜRHANİ MAH,MOLLA GÜRANİ MAH
2814,FATİH,ENERJİ KESİNTİSİ,30/11/2023 16:22:05,30/11/2023 19:00:00,MÜNZEVI TERFI,"AKŞEMSETTİN MAH,ALEMDAR MAH,ALİ KUŞÇU MAH,ATİKALİ MAH,AYVANSARAY MAH,BALABANAĞA MAH,BALAT MAH,BEYAZIT MAH,DERVİŞ ALİ MAH,HACI KADIN MAH,HASEKİ SULTAN MAH,HIRKA-İ ŞERİF MAH,KARAGÜMRÜK MAH,KEMALPAŞA MAH,MEVLANAKAPI MAH,MOLLA FENARİ MAH,MOLLA GÜRANİ MAH,MOLLA HÜSREV MAH,SEYYİD ÖMER MAH,TOPKAPI MAH,YAVUZ SULTAN SELİM MAH,ZEYREK MAH,İSKENDERPAŞA MAH,ŞEHREMİNİ MAH"
2815,FATİH,ENERJİ KESİNTİSİ,05/04/2023 10:26:28,05/04/2023 13:00:00,MÜNZEVİ TERFİ,"AKŞEMSETTİN MAH,ALEMDAR MAH,ALİ KUŞÇU MAH,ATİKALİ MAH,AYVANSARAY MAH,BALABANAĞA MAH,BALAT MAH,BEYAZIT MAH,DERVİŞ ALİ MAH,HACI KADIN MAH,HASEKİ SULTAN MAH,HIRKA-İ ŞERİF MAH,KARAGÜMRÜK MAH,KEMALPAŞA MAH,MEVLANAKAPI MAH,MOLLA FENARİ MAH,MOLLA GÜRANİ MAH,MOLLA HÜSREV MAH,SEYYİD ÖMER MAH,TOPKAPI MAH,YAVUZ SULTAN SELİM MAH,ZEYREK MAH,İSKENDERPAŞA MAH,ŞEHREMİNİ MAH"
2816,FATİH,ARIZA SEBEBİ İLE BASINÇ DÜŞÜKLÜĞÜ,17/09/2023 18:40:40,18/09/2023 03:00:00,MÜNZEVİ TERFİ,"AKŞEMSETTİN MAH,ALEMDAR MAH,ALİ KUŞÇU MAH,ATİKALİ MAH,AYVANSARAY MAH,BALABANAĞA MAH,BALAT MAH,BEYAZIT MAH,DERVİŞ ALİ MAH,HACI KADIN MAH,HASEKİ SULTAN MAH,HIRKA-İ ŞERİF MAH,KARAGÜMRÜK MAH,KEMALPAŞA MAH,MEVLANAKAPI MAH,MOLLA FENARİ MAH,MOLLA GÜRANİ MAH,MOLLA HÜSREV MAH,SEYYİD ÖMER MAH,TOPKAPI MAH,YAVUZ SULTAN SELİM MAH,ZEYREK MAH,İSKENDERPAŞA MAH,ŞEHREMİNİ MAH"
2817,FATİH,TERFİ  MERKEZİ ARIZASI,08/12/2023 01:58:05,08/12/2023 09:00:00,MÜNZEVİ TERFİ,"AKŞEMSETTİN MAH,ALEMDAR MAH,ALİ KUŞÇU MAH,ATİKALİ MAH,AYVANSARAY MAH,BALABANAĞA MAH,BALAT MAH,BEYAZIT MAH,DERVİŞ ALİ MAH,HACI KADIN MAH,HASEKİ SULTAN MAH,HIRKA-İ ŞERİF MAH,KARAGÜMRÜK MAH,KEMALPAŞA MAH,MEVLANAKAPI MAH,MOLLA FENARİ MAH,MOLLA GÜRANİ MAH,MOLLA HÜSREV MAH,SEYYİD ÖMER MAH,TOPKAPI MAH,YAVUZ SULTAN SELİM MAH,ZEYREK MAH,İSKENDERPAŞA MAH,ŞEHREMİNİ MAH"
2818,FATİH,ENERJİ KESİNTİSİ,26/12/2023 15:42:00,26/12/2023 18:00:00,MÜNZEVİ TERFİ,"AKŞEMSETTİN MAH,ALEMDAR MAH,ALİ KUŞÇU MAH,ATİKALİ MAH,AYVANSARAY MAH,BALABANAĞA MAH,BALAT MAH,BEYAZIT MAH,DERVİŞ ALİ MAH,HACI KADIN MAH,HASEKİ SULTAN MAH,HIRKA-İ ŞERİF MAH,KARAGÜMRÜK MAH,KEMALPAŞA MAH,MEVLANAKAPI MAH,MOLLA FENARİ MAH,MOLLA GÜRANİ MAH,MOLLA HÜSREV MAH,SEYYİD ÖMER MAH,TOPKAPI MAH,YAVUZ SULTAN SELİM MAH,ZEYREK MAH,İSKENDERPAŞA MAH,ŞEHREMİNİ MAH"
2819,FATİH,100 MM ÇAPLI ŞEBEKE HATTI ARIZASI,04/10/2023 10:26:48,04/10/2023 12:00:00,MİMAR KEMALETTİN MAH. BÜYÜK HAYDAR EFENDİ SOK NO :8,MİMAR KEMALETTİN MAH
2820,FATİH,100 MM ÇAPLI ŞEBEKE HATTI ARIZASI,26/10/2023 15:43:47,26/10/2023 17:00:00,MİMARKEMALETTİN MAH.NİŞANCA BOSTANI SOKAK NO.66,MİMAR KEMALETTİN MAH
2821,FATİH,100 MM ÇAPLI ŞEBEKE HATTI ARIZASI,02/08/2023 08:30:56,02/08/2023 11:00:00,NEVLANAKAPI MAHALLESİ BAŞBAKKAL SOKAK NO : 4 ÖNÜ,MEVLANAKAPI MAH
2822,FATİH,100 MM ÇAPLI ŞEBEKE HATTI ARIZASI,23/11/2023 10:25:04,23/11/2023 15:00:00,NİŞANCA MAH NUR SOK NO:17,"NİŞANCA MAH,SARAÇ İSHAK MAH"
2823,FATİH,100 MM ÇAPLI ŞEBEKE HATTI ARIZASI,17/11/2023 14:35:28,17/11/2023 17:00:00,NİŞANCA MAH.MÜHRE SOKAK NO.3,"KATİP KASIM MAH,NİŞANCA MAH"
2824,FATİH,100 MM ÇAPLI ŞEBEKE HATTI ARIZASI,25/12/2023 08:48:06,25/12/2023 12:00:00,NİŞANCA MAHALLESİ HEMŞERİ SOK. FATİH,"KATİP KASIM MAH,NİŞANCA MAH"
2825,FATİH,ŞEBEKE HATTI VANA MONTAJI/DEĞİŞİMİ,20/12/2023 22:00:48,21/12/2023 07:00:00,ORDU CADDESİ,"BALABANAĞA MAH,KEMALPAŞA MAH,MOLLA FENARİ MAH,SÜLEYMANİYE MAH"
2826,FATİH,ARIZA SEBEBİ İLE BASINÇ DÜŞÜKLÜĞÜ,11/04/2023 07:56:59,11/04/2023 19:00:00,ORG.ABDURRAHMAN NAFIS GÜRMAN CADDESI,"AKSARAY MAH,CERRAHPAŞA MAH,HASEKİ SULTAN MAH,KOCA MUSTAFAPAŞA MAH,SEYYİD ÖMER MAH,SÜMBÜL EFENDİ MAH,SİLİVRİKAPI MAH,YEDİKULE MAH"
2827,FATİH,500 MM ÇAPLI ANA İSALE HATTI ARIZASI,01/10/2023 19:58:20,01/10/2023 23:59:00,SARAYBURNU UNKAPANI 500 MM İSALE HATTI,"AYVANSARAY MAH,CİBALİ MAH,HACI KADIN MAH,SARIDEMİR MAH,YAVUZ SULTAN SELİM MAH,YAVUZ SİNAN MAH"
2828,FATİH,100 MM ÇAPLI ŞEBEKE HATTI ARIZASI,14/11/2023 10:05:49,14/11/2023 12:00:00,SARAÇ İSHAK MAH SAKİR EFENDİ SOK NO:5,SARAÇ İSHAK MAH
2829,FATİH,100 MM ÇAPLI ŞEBEKE HATTI ARIZASI,25/02/2023 11:49:30,25/02/2023 13:00:00,SARIDEMİR MAH.KÜÇÜK PAZAR CD SOKAK İÇİ,SARIDEMİR MAH
2830,FATİH,100 MM ÇAPLI ŞEBEKE HATTI ARIZASI,27/09/2023 11:24:02,27/09/2023 13:00:00,SEYYİD ÖMER MAH. SEYYİD ÖMER CAMİİ SOK,SEYYİD ÖMER MAH
2831,FATİH,100 MM ÇAPLI ŞEBEKE HATTI ARIZASI,25/07/2023 09:00:03,25/07/2023 13:00:00,SEYYİD ÖMER MAH. SİLİVRİKAPI YAĞHANE SOK. NO:1,SEYYİD ÖMER MAH
2832,FATİH,100 MM ÇAPLI ŞEBEKE HATTI ARIZASI,26/07/2023 15:33:31,26/07/2023 19:00:00,SEYYİD ÖMER MAH. SİLİVRİKAPI YAĞHANE SOK. NO:1,SEYYİD ÖMER MAH
2833,FATİH,100 MM ÇAPLI ŞEBEKE HATTI ARIZASI,25/08/2023 07:52:51,25/08/2023 10:00:00,SEYİTOMER MAH.HÜCCET SOK İLE CAMİ SOKAK KÖŞE,SEYYİD ÖMER MAH
2834,FATİH,100 MM ÇAPLI ŞEBEKE HATTI ARIZASI,04/01/2024 17:15:17,04/01/2024 19:00:00,SEYİTÖMER MAHALLESİ UZUNYUSUF CAMİİ SOKAK NO 18,SEYYİD ÖMER MAH
2835,FATİH,100 MM ÇAPLI ŞEBEKE HATTI ARIZASI,13/07/2023 10:27:41,13/07/2023 12:00:00,SULTANAHMET MAHALLESİ AKBIYIK CADESİ NO : 57,SULTAN AHMET MAH
2836,FATİH,ŞEBEKE HATTI VANA ARIZASI,03/03/2023 10:48:32,03/03/2023 13:00:00,SURURİ MAH.HACI KÜÇÜK SOKAK NO.15,"ALEMDAR MAH,MOLLA FENARİ MAH,SURURİ MAH"
2837,FATİH,100 MM ÇAPLI ŞEBEKE HATTI ARIZASI,23/02/2023 13:21:17,23/02/2023 16:00:00,SURURİ MAH.SULTANMEKTEBİ SOKAKTA,"MOLLA FENARİ MAH,SURURİ MAH"
2838,FATİH,100 MM ÇAPLI ŞEBEKE HATTI ARIZASI,24/07/2023 12:04:01,24/07/2023 14:00:00,SURURİ MAHALLESİ BEZCİLER SOK NO:8,SURURİ MAH
2839,FATİH,100 MM ÇAPLI ŞEBEKE HATTI ARIZASI,04/03/2023 09:14:12,04/03/2023 11:00:00,SURURİ MAHALLESİ HACI KÜÇÜK SOKAK NO 15,"ALEMDAR MAH,MOLLA FENARİ MAH,SURURİ MAH"
2840,FATİH,100 MM ÇAPLI ŞEBEKE HATTI ARIZASI,23/02/2023 04:26:07,23/02/2023 12:00:00,SURURİ MH HACI KÜÇÜK SK NO 13,"ALEMDAR MAH,HOBYAR MAH,MOLLA FENARİ MAH,SURURİ MAH"
2841,FATİH,100 MM ÇAPLI ŞEBEKE HATTI ARIZASI,14/04/2023 05:04:57,14/04/2023 10:55:00,TAYAHATUN MH MAHMUTPAŞA HAMAMI SK NO 3,"ALEMDAR MAH,MOLLA FENARİ MAH,SURURİ MAH"
2842,FATİH,100 MM ÇAPLI ŞEBEKE HATTI ARIZASI,12/03/2023 09:28:03,12/03/2023 12:00:00,TOPKAPI MAH EMİN MOLLA SOK NO:11,TOPKAPI MAH
2843,FATİH,100 MM ÇAPLI ŞEBEKE HATTI ARIZASI,20/02/2023 11:14:22,20/02/2023 13:00:00,TOPKAPI MAH FATMA SULTAN CAMİİ SOK NO:9,TOPKAPI MAH
2844,FATİH,100 MM ÇAPLI ŞEBEKE HATTI ARIZASI,01/07/2023 19:33:18,01/07/2023 22:00:00,TOPKAPI MAH HALLAÇ HASAN SK NO 20,TOPKAPI MAH
2845,FATİH,100 MM ÇAPLI ŞEBEKE HATTI ARIZASI,12/03/2023 11:19:23,12/03/2023 14:00:00,TOPKAPI MAH PAZAR TEKKE ÇIKMAZI NO:3,TOPKAPI MAH
2846,FATİH,100 MM ÇAPLI ŞEBEKE HATTI ARIZASI,20/06/2023 09:33:34,20/06/2023 12:00:00,TOPKAPI MAH. ADNAN MENDERES VATAN BULVARI METRO,"MOLLA GÜRANİ MAH,TOPKAPI MAH"
2847,FATİH,100 MM ÇAPLI ŞEBEKE HATTI ARIZASI,08/08/2023 09:17:52,08/08/2023 11:00:00,TOPKAPI MAH. HALLAÇHASAN SOKAK NO.23.ÖNÜ.,TOPKAPI MAH
2848,FATİH,100 MM ÇAPLI ŞEBEKE HATTI ARIZASI,09/06/2023 15:23:45,09/06/2023 17:00:00,TOPKAPI MAH. ŞEHLÜLİSLAM NO 22,TOPKAPI MAH
2849,FATİH,100 MM ÇAPLI ŞEBEKE HATTI ARIZASI,09/12/2023 21:21:51,10/12/2023 02:00:00,YAVUZ SELİM MAHALLESİ AYAKAPI CADDESİ NO:24,"AYVANSARAY MAH,BALAT MAH,CİBALİ MAH,YAVUZ SULTAN SELİM MAH,ZEYREK MAH"
2850,FATİH,100 MM ÇAPLI ŞEBEKE HATTI ARIZASI,02/03/2023 17:00:28,02/03/2023 18:00:00,YAVUZ SULTAN SELİM MAH TİFTİK SK NO 38,YAVUZ SULTAN SELİM MAH
2851,FATİH,100 MM ÇAPLI ŞEBEKE HATTI ARIZASI,30/01/2024 04:14:48,30/01/2024 11:00:00,YAVUZ SULTAN SELİM MAHALLESİ HALİÇ CADDESİ NO 109,YAVUZ SULTAN SELİM MAH
2852,FATİH,ŞEBEKE HATTI VANA MONTAJI/DEĞİŞİMİ,08/01/2024 15:23:58,08/01/2024 22:00:00,YAVUZ SULTAN SELİM MAHALLESİ KARADENİZ CADDESİ,"CİBALİ MAH,YAVUZ SULTAN SELİM MAH,ZEYREK MAH"
2853,FATİH,100 MM ÇAPLI ŞEBEKE HATTI ARIZASI,01/02/2024 12:07:03,01/02/2024 14:00:00,YAVUZ SULTAN SELİM MAHALLESİ YAVUZ SELİM CADDESİ,"CİBALİ MAH,YAVUZ SULTAN SELİM MAH,ZEYREK MAH"
2854,FATİH,100 MM ÇAPLI ŞEBEKE HATTI ARIZASI,14/09/2023 10:09:37,14/09/2023 12:00:00,YAVUZSINAN MAH.KÜÇÜKPAZAR SOKAK NO.25,"HOCA GIYASETTİN MAH,SÜLEYMANİYE MAH,YAVUZ SİNAN MAH"
2855,FATİH,150 MM ÇAPLI ŞEBEKE HATTI ARIZASI,24/07/2023 12:03:12,24/07/2023 17:00:00,YEDİKULE MAH. YEDİKULE İSTASYON CAD. NO:20,YEDİKULE MAH
2856,FATİH,100 MM ÇAPLI ŞEBEKE HATTI ARIZASI,22/08/2023 13:53:22,22/08/2023 16:00:00,YEDİKULE MAH.HACIEVVADDİN CAD NO.19.ÖNÜ.,YEDİKULE MAH
2857,FATİH,100 MM ÇAPLI ŞEBEKE HATTI ARIZASI,15/08/2023 09:42:12,15/08/2023 13:00:00,YEDİKULE MAH.İMRAHOR İLYASBEY CAD NO.40 ÖNÜ.,YEDİKULE MAH
2858,FATİH,ŞEBEKE HATTI DEZENFEKTE EDİLMESİ,23/08/2023 08:57:25,23/08/2023 10:00:00,YEDİKULE MAH.İÇ KALPÇI SOKAKTA,"KOCA MUSTAFAPAŞA MAH,YEDİKULE MAH"
2859,FATİH,100 MM ÇAPLI ŞEBEKE HATTI ARIZASI,17/12/2023 10:23:17,17/12/2023 11:24:00,YEDİKULE ŞİŞMANAĞA NO 26 ÖNÜ,"KOCA MUSTAFAPAŞA MAH,YEDİKULE MAH"
2860,FATİH,100 MM ÇAPLI ŞEBEKE HATTI ARIZASI,14/08/2023 09:54:56,14/08/2023 12:00:00,ZEYREK MAH ATATÜRK BULVARI SK NO:7,ZEYREK MAH
2861,FATİH,150 MM ÇAPLI ŞEBEKE HATTI ARIZASI,06/05/2023 17:23:25,06/05/2023 20:23:00,ZEYREK MAH ÇIRÇIR CAD NO 1,"YAVUZ SULTAN SELİM MAH,ZEYREK MAH"
2862,FATİH,150 MM ÇAPLI ŞEBEKE HATTI ARIZASI,07/09/2023 11:51:23,07/09/2023 14:00:00,ZEYREK MAH. AKTAR YEKTA SOK,"ALİ KUŞÇU MAH,ZEYREK MAH"
2863,FATİH,150 MM ÇAPLI ŞEBEKE HATTI ARIZASI,10/09/2023 14:18:08,10/09/2023 20:00:00,ZEYREK MAH. CIRCIR CAD İLE NEVŞEHİRLİ İBRAHİMPAŞA CAD KÖŞE,"ALİ KUŞÇU MAH,CİBALİ MAH,YAVUZ SULTAN SELİM MAH,ZEYREK MAH"
2864,FATİH,100 MM ÇAPLI ŞEBEKE HATTI ARIZASI,26/09/2023 10:35:06,26/09/2023 13:00:00,ZEYREK MAH. FAZİLET SOK. NO:18,ZEYREK MAH
2865,FATİH,100 MM ÇAPLI ŞEBEKE HATTI ARIZASI,17/05/2023 12:12:02,17/05/2023 14:00:00,ZEYREK MAH. FETİH ŞEHİDİ SOK NO :1,ZEYREK MAH
2866,FATİH,100 MM ÇAPLI ŞEBEKE HATTI ARIZASI,10/10/2023 12:26:41,10/10/2023 15:00:00,ZEYREK MAH. SIRIMCILAR SOK NO:7,ZEYREK MAH
2867,FATİH,100 MM ÇAPLI ŞEBEKE HATTI ARIZASI,05/07/2023 14:20:54,05/07/2023 16:00:00,ZEYREK MAH. İBADETHANE SOK NO:20,ZEYREK MAH
2868,FATİH,100 MM ÇAPLI ŞEBEKE HATTI ARIZASI,20/09/2023 10:33:58,20/09/2023 13:00:00,ZEYREK MAH.ATATÜRK BULVARI NO.7,ZEYREK MAH
2869,FATİH,100 MM ÇAPLI ŞEBEKE HATTI ARIZASI,02/03/2023 11:01:11,02/03/2023 13:00:00,ZEYREK MAH.NEVŞEHİRLİİBRAHİMPAŞA CAD İLE ÇIRÇIR CAD KEŞİŞİMİ,"CİBALİ MAH,YAVUZ SULTAN SELİM MAH,ZEYREK MAH"
2870,FATİH,100 MM ÇAPLI ŞEBEKE HATTI ARIZASI,30/06/2023 09:47:47,30/06/2023 11:50:00,ZEYREK MAHALLESİ FERHATAĞA SOKAK NO 34,ZEYREK MAH
2871,FATİH,100 MM ÇAPLI ŞEBEKE HATTI ARIZASI,13/04/2023 13:31:52,13/04/2023 16:00:00,ZEYREK MAHALLESİ PARMAKLIK SOK NO:8,"ALİ KUŞÇU MAH,ZEYREK MAH"
2872,FATİH,100 MM ÇAPLI ŞEBEKE HATTI ARIZASI,18/04/2023 09:36:36,18/04/2023 11:00:00,ZEYREK MAHALLESİ TEZGAHÇILAR SOK NO:15,ZEYREK MAH
2873,FATİH,100 MM ÇAPLI ŞEBEKE HATTI ARIZASI,30/08/2023 11:16:40,30/08/2023 15:00:00,ZEYREK MAHALLESİ İMAM NİYAZİ SOK NO 36,"ALİ KUŞÇU MAH,ZEYREK MAH"
2874,FATİH,100 MM ÇAPLI ŞEBEKE HATTI ARIZASI,12/01/2024 15:02:58,12/01/2024 19:00:00,İSKENDERPAŞA KIZTASI CADDE FEVZİPAŞA KÖŞE,İSKENDERPAŞA MAH
2875,FATİH,100 MM ÇAPLI ŞEBEKE HATTI ARIZASI,03/05/2023 10:28:17,03/05/2023 12:00:00,İSKENDERPAŞA MAH,İSKENDERPAŞA MAH
2876,FATİH,100 MM ÇAPLI ŞEBEKE HATTI ARIZASI,05/10/2023 14:26:17,05/10/2023 17:00:00,İSKENDERPAŞA MAH.,İSKENDERPAŞA MAH
2877,FATİH,100 MM ÇAPLI ŞEBEKE HATTI ARIZASI,02/07/2023 09:47:15,02/07/2023 13:00:00,İSKENDERPAŞA MAH. BALİPAŞA CAD NO:42,"AKŞEMSETTİN MAH,İSKENDERPAŞA MAH"
2878,FATİH,100 MM ÇAPLI ŞEBEKE HATTI ARIZASI,15/01/2024 10:52:02,15/01/2024 13:00:00,İSKENDERPAŞA MAH. HAVLUCU SOKAK,İSKENDERPAŞA MAH
2879,FATİH,100 MM ÇAPLI ŞEBEKE HATTI ARIZASI,10/11/2023 15:30:15,10/11/2023 17:00:00,İSKENDERPAŞA MAH.HORHOR CAD NO.28.ÖNÜ,"AKŞEMSETTİN MAH,İSKENDERPAŞA MAH"
2880,FATİH,100 MM ÇAPLI ŞEBEKE HATTI ARIZASI,16/03/2023 10:47:51,16/03/2023 12:00:00,ŞEHASUVARBEY MAH ÇAPARİZ SOK NO :1,ŞEHSUVAR BEY MAH
2881,FATİH,100 MM ÇAPLI ŞEBEKE HATTI ARIZASI,09/11/2023 10:05:00,09/11/2023 12:00:00,ŞEHREMİNİ MAHALLESİ BÜYÜK SARAY MEYDANI CADDDESİ NO:4,"MEVLANAKAPI MAH,ŞEHREMİNİ MAH"
2882,FATİH,100 MM ÇAPLI ŞEBEKE HATTI ARIZASI,26/09/2023 10:23:33,26/09/2023 13:00:00,ŞEHSUVARBEY MAH. KÜRKÇÜ KUYUSU SOK NO:15,ŞEHSUVAR BEY MAH
2883,FATİH,100 MM ÇAPLI ŞEBEKE HATTI ARIZASI,20/07/2023 21:38:06,20/07/2023 21:38:06,,MESİHPAŞA MAH
2884,FATİH,150 MM ÇAPLI ŞEBEKE HATTI ARIZASI,08/09/2023 08:30:53,08/09/2023 11:00:00,,"ALİ KUŞÇU MAH,ZEYREK MAH"
2885,G.O.PAŞA,150 MM ÇAPLI ŞEBEKE HATTI ARIZASI,06/11/2023 19:16:27,07/11/2023 01:00:00,27 MAYIS SOKAK,"KARLITEPE MAH,MEVLANA MAH,SARIGÖL MAH,YENİDOĞAN MAH"
2886,G.O.PAŞA,100 MM ÇAPLI ŞEBEKE HATTI ARIZASI,14/11/2023 17:27:17,14/11/2023 20:30:00,54. SOKAK,"BAĞLARBAŞI MAH,MERKEZ MAH,ŞEMSİPAŞA MAH"
2887,G.O.PAŞA,100 MM ÇAPLI ŞEBEKE HATTI ARIZASI,17/04/2023 12:56:28,17/04/2023 14:00:00,561/2 SK NO:26,KARAYOLLARI MAH.
2888,G.O.PAŞA,100 MM ÇAPLI ŞEBEKE HATTI ARIZASI,11/12/2023 03:35:41,11/12/2023 10:00:00,648 KARAYOLLARI,KARAYOLLARI MAH.
2889,G.O.PAŞA,100 MM ÇAPLI ŞEBEKE HATTI ARIZASI,18/07/2023 08:59:11,18/07/2023 16:00:00,927 SK,KAZIM KARABEKİR MAH.
2890,G.O.PAŞA,100 MM ÇAPLI ŞEBEKE HATTI ARIZASI,17/10/2023 08:34:47,17/10/2023 16:00:00,BARBAROS 1059 SK,"BARBAROS HAYRETTİN PAŞA MAH.,HÜRRİYET MAH,KARADENİZ MAH"
2891,G.O.PAŞA,300 MM ÇAPLI ŞEBEKE HATTI ARIZASI,27/08/2023 15:49:48,27/08/2023 21:00:00,BARBAROS MAH HOCA ALİ ASLAN CD NO 2,"BARBAROS HAYRETTİN PAŞA MAH.,HÜRRİYET MAH,KARADENİZ MAH,KARAYOLLARI MAH.,KAZIM KARABEKİR MAH.,MEVLANA MAH,YENİ MAHALLE MAH,ŞEMSİPAŞA MAH"
2892,G.O.PAŞA,150 MM ÇAPLI ŞEBEKE HATTI ARIZASI,08/10/2023 12:34:12,08/10/2023 16:30:00,BARBAROS MAH MİMAR SİNAN CD,"BARBAROS HAYRETTİN PAŞA MAH.,KARADENİZ MAH"
2893,G.O.PAŞA,100 MM ÇAPLI ŞEBEKE HATTI ARIZASI,13/10/2023 19:23:10,13/10/2023 23:00:00,BARBOROS MAH 1114 NO 14,"BARBAROS HAYRETTİN PAŞA MAH.,HÜRRİYET MAH,KARADENİZ MAH"
2894,G.O.PAŞA,100 MM ÇAPLI ŞEBEKE HATTI ARIZASI,25/01/2024 13:32:54,25/01/2024 17:00:00,BAĞLARBAŞI MAH GÖKTEPE,BAĞLARBAŞI MAH
2895,G.O.PAŞA,100 MM ÇAPLI ŞEBEKE HATTI ARIZASI,25/10/2023 11:02:05,25/10/2023 15:02:00,BAĞLARBAŞI MH MUTLU SK,BAĞLARBAŞI MAH
2896,G.O.PAŞA,100 MM ÇAPLI ŞEBEKE HATTI ARIZASI,04/01/2024 15:05:28,04/01/2024 18:00:00,BAĞLARBAŞI MH.,BAĞLARBAŞI MAH
2897,G.O.PAŞA,ELEKTRİK ENERJİSİ PROBLEMİ,21/05/2023 10:21:45,21/05/2023 20:00:00,BEŞYÜZEVLER TERFİ,"BARBAROS HAYRETTİN PAŞA MAH.,FEVZİ ÇAKMAK MAH,HÜRRİYET MAH,KARADENİZ MAH,KARAYOLLARI MAH.,KAZIM KARABEKİR MAH.,MEVLANA MAH,YENİ MAHALLE MAH"
2898,G.O.PAŞA,TERFİ  MERKEZİ ARIZASI,11/12/2023 11:31:14,11/12/2023 14:00:00,BEŞYÜZEVLER TERFİ,"BARBAROS HAYRETTİN PAŞA MAH.,FEVZİ ÇAKMAK MAH,HÜRRİYET MAH,KARADENİZ MAH,KARAYOLLARI MAH.,KAZIM KARABEKİR MAH.,MEVLANA MAH,YENİ MAHALLE MAH"
2899,G.O.PAŞA,ARITMA TESİSİ ARIZASI,10/12/2023 23:30:26,11/12/2023 03:00:00,CUMHURİYET ARITMA,"BARBAROS HAYRETTİN PAŞA MAH.,FEVZİ ÇAKMAK MAH,HÜRRİYET MAH,KARADENİZ MAH,KARAYOLLARI MAH.,KAZIM KARABEKİR MAH.,MEVLANA MAH,YENİ MAHALLE MAH"
2900,G.O.PAŞA,100 MM ÇAPLI ŞEBEKE HATTI ARIZASI,22/08/2023 20:16:19,22/08/2023 23:50:00,CUMHURİYET MEYDANI,"BAĞLARBAŞI MAH,MERKEZ MAH,SARIGÖL MAH"
2901,G.O.PAŞA,TERFİ  MERKEZİ ARIZASI,05/11/2023 01:55:04,05/11/2023 08:00:00,CUMHURİYET TERFİ,"BARBAROS HAYRETTİN PAŞA MAH.,KARADENİZ MAH,KARAYOLLARI MAH.,KAZIM KARABEKİR MAH.,MEVLANA MAH,YENİ MAHALLE MAH"
2902,G.O.PAŞA,ARIZA SEBEBİ İLE BASINÇ DÜŞÜKLÜĞÜ,16/09/2023 20:50:54,17/09/2023 03:00:00,CUMHURİYET TERFİ MERKEZİ,"BARBAROS HAYRETTİN PAŞA MAH.,BARBAROS HAYRETTİN PAŞA MAH.,BAĞLARBAŞI MAH,FEVZİ ÇAKMAK MAH,FEVZİ ÇAKMAK MAH,HÜRRİYET MAH,HÜRRİYET MAH,KARADENİZ MAH,KARADENİZ MAH,KARAYOLLARI MAH.,KARAYOLLARI MAH.,KARLITEPE MAH,KAZIM KARABEKİR MAH.,KAZIM KARABEKİR MAH.,MERKEZ MAH,MEVLANA MAH,MEVLANA MAH,PAZARİÇİ MAH,SARIGÖL MAH,YENİ MAHALLE MAH,YENİ MAHALLE MAH,YENİDOĞAN MAH,YILDIZTABYA MAH,ŞEMSİPAŞA MAH"
2903,G.O.PAŞA,BASINÇ DÜŞÜKLÜĞÜ,24/08/2023 11:20:31,24/08/2023 16:00:00,ESKİEDİRNE ASFALTI,"BARBAROS HAYRETTİN PAŞA MAH.,HÜRRİYET MAH,KARADENİZ MAH"
2904,G.O.PAŞA,200 MM ÇAPLI ŞEBEKE HATTI ARIZASI,26/07/2023 18:16:30,26/07/2023 22:00:00,EYÜPSULTAN,"KARLITEPE MAH,YILDIZTABYA MAH"
2905,G.O.PAŞA,100 MM ÇAPLI ŞEBEKE HATTI ARIZASI,15/09/2023 14:00:53,15/09/2023 17:00:00,FEVZI ÇAKMAK MH. 784 SK,FEVZİ ÇAKMAK MAH
2906,G.O.PAŞA,100 MM ÇAPLI ŞEBEKE HATTI ARIZASI,09/06/2023 05:34:52,09/06/2023 10:00:00,FEVZİ ÇAKMAK MAH 788/1 SK NO 27,FEVZİ ÇAKMAK MAH
2907,G.O.PAŞA,600 MM ÇAPLI  ANA İSALE HATTI ARIZASI,28/04/2023 15:25:19,29/04/2023 12:00:00,GAZIOSMANPAŞA CADDESI,"BARBAROS HAYRETTİN PAŞA MAH.,FEVZİ ÇAKMAK MAH,KARADENİZ MAH,KARAYOLLARI MAH.,KAZIM KARABEKİR MAH.,MEVLANA MAH,YENİ MAHALLE MAH"
2908,G.O.PAŞA,BASINÇ DÜŞÜKLÜĞÜ,17/09/2023 14:00:59,17/09/2023 17:00:00,GAZİOSMANPAŞA,"BARBAROS HAYRETTİN PAŞA MAH.,HÜRRİYET MAH,KARADENİZ MAH,KARAYOLLARI MAH."
2909,G.O.PAŞA,ARIZA SEBEBİ İLE BASINÇ DÜŞÜKLÜĞÜ,29/04/2023 18:40:50,29/04/2023 21:00:00,GAZİOSMANPAŞA CAD.,"KARAYOLLARI MAH.,KAZIM KARABEKİR MAH."
2910,G.O.PAŞA,600 MM ÇAPLI  ANA İSALE HATTI ARIZASI,02/05/2023 15:30:51,03/05/2023 09:00:00,GAZİOSMANPAŞA CADDESİ,"BARBAROS HAYRETTİN PAŞA MAH.,BAĞLARBAŞI MAH,FEVZİ ÇAKMAK MAH,HÜRRİYET MAH,KARADENİZ MAH,KARAYOLLARI MAH.,KAZIM KARABEKİR MAH.,MEVLANA MAH,YENİ MAHALLE MAH,ŞEMSİPAŞA MAH"
2911,G.O.PAŞA,100 MM ÇAPLI ŞEBEKE HATTI ARIZASI,24/10/2023 19:21:01,24/10/2023 23:00:00,HAMAM CD BİLGİLİ SK KESİŞİMİ,"BAĞLARBAŞI MAH,SARIGÖL MAH"
2912,G.O.PAŞA,300 MM ÇAPLI ŞEBEKE HATTI ARIZASI,11/09/2023 23:29:03,12/09/2023 04:30:00,HOCA ALİ ASLAN CAD NO 2,"BARBAROS HAYRETTİN PAŞA MAH.,HÜRRİYET MAH,KARADENİZ MAH"
2913,G.O.PAŞA,BASINÇ DÜŞÜKLÜĞÜ,16/01/2024 10:33:18,16/01/2024 14:00:00,HÜRRİYET MAH 257 SK,HÜRRİYET MAH
2914,G.O.PAŞA,100 MM ÇAPLI ŞEBEKE HATTI ARIZASI,02/12/2023 04:26:02,02/12/2023 10:00:00,HÜRRİYET MAH 281 SK NO 1,"BARBAROS HAYRETTİN PAŞA MAH.,HÜRRİYET MAH,YENİ MAHALLE MAH"
2915,G.O.PAŞA,100 MM ÇAPLI ŞEBEKE HATTI ARIZASI,06/10/2023 09:56:30,06/10/2023 13:00:00,KARADENİZ 1217 SK,"BARBAROS HAYRETTİN PAŞA MAH.,KARADENİZ MAH"
2916,G.O.PAŞA,150 MM ÇAPLI ŞEBEKE HATTI ARIZASI,11/10/2023 20:13:35,12/10/2023 00:00:00,KARADENİZ MH,"BARBAROS HAYRETTİN PAŞA MAH.,KARADENİZ MAH"
2917,G.O.PAŞA,150 MM ÇAPLI ŞEBEKE HATTI ARIZASI,08/11/2023 09:21:24,08/11/2023 16:00:00,KARADENİZ MH 1164 SK,"BARBAROS HAYRETTİN PAŞA MAH.,KARADENİZ MAH"
2918,G.O.PAŞA,100 MM ÇAPLI ŞEBEKE HATTI ARIZASI,15/05/2023 12:36:51,15/05/2023 15:00:00,KARADENİZ MH 1168/4,KARADENİZ MAH
2919,G.O.PAŞA,100 MM ÇAPLI ŞEBEKE HATTI ARIZASI,16/08/2023 10:21:47,16/08/2023 13:00:00,KARAYOLLARI,KARAYOLLARI MAH.
2920,G.O.PAŞA,100 MM ÇAPLI ŞEBEKE HATTI ARIZASI,27/09/2023 11:57:24,27/09/2023 15:00:00,KARAYOLLARI,KARAYOLLARI MAH.
2921,G.O.PAŞA,100 MM ÇAPLI ŞEBEKE HATTI ARIZASI,23/11/2023 11:04:18,23/11/2023 14:00:00,KARAYOLLARI 576 SK,KARAYOLLARI MAH.
2922,G.O.PAŞA,100 MM ÇAPLI ŞEBEKE HATTI ARIZASI,25/02/2023 22:09:32,26/02/2023 08:00:00,KARAYOLLARI 617 SK,KARAYOLLARI MAH.
2923,G.O.PAŞA,100 MM ÇAPLI ŞEBEKE HATTI ARIZASI,11/12/2023 00:01:34,11/12/2023 10:00:00,KARAYOLLARI 642 SK NO 12,KARAYOLLARI MAH.
2924,G.O.PAŞA,100 MM ÇAPLI ŞEBEKE HATTI ARIZASI,30/08/2023 10:24:43,30/08/2023 12:30:00,KARAYOLLARI MH 582/2 SK,KARAYOLLARI MAH.
2925,G.O.PAŞA,100 MM ÇAPLI ŞEBEKE HATTI ARIZASI,18/10/2023 09:52:52,18/10/2023 12:00:00,KARAYOLLARI MH.,KARAYOLLARI MAH.
2926,G.O.PAŞA,100 MM ÇAPLI ŞEBEKE HATTI ARIZASI,20/01/2024 12:00:18,20/01/2024 15:00:00,KARLITEPE MAHALLESİ KILIÇ PATİKA SOKAK,"KARLITEPE MAH,SARIGÖL MAH,YENİDOĞAN MAH"
2927,G.O.PAŞA,150 MM ÇAPLI ŞEBEKE HATTI ARIZASI,11/10/2023 15:51:47,11/10/2023 20:00:00,KAZIM KARABEKIR MAH.812 SK,KAZIM KARABEKİR MAH.
2928,G.O.PAŞA,100 MM ÇAPLI ŞEBEKE HATTI ARIZASI,18/08/2023 17:04:04,18/08/2023 20:00:00,KAZIM KARABEKİR,KAZIM KARABEKİR MAH.
2929,G.O.PAŞA,100 MM ÇAPLI ŞEBEKE HATTI ARIZASI,29/11/2023 10:59:57,29/11/2023 15:00:00,KAZIM KARABEKİR,KAZIM KARABEKİR MAH.
2930,G.O.PAŞA,150 MM ÇAPLI ŞEBEKE HATTI ARIZASI,23/06/2023 01:03:15,23/06/2023 05:00:00,KAZIM KARABEKİR MAH HEKİMSUYU CD,KAZIM KARABEKİR MAH.
2931,G.O.PAŞA,100 MM ÇAPLI ŞEBEKE HATTI ARIZASI,29/11/2023 21:02:19,29/11/2023 23:59:00,KAZIM KARABEKİR MAH ŞEHİT SEZER ÖNDER CD NO 23,KAZIM KARABEKİR MAH.
2932,G.O.PAŞA,200 MM ÇAPLI ŞEBEKE HATTI ARIZASI,10/10/2023 09:58:28,10/10/2023 13:00:00,KAZIM KARABEKİR MH 812 SK NO 14,"FEVZİ ÇAKMAK MAH,KAZIM KARABEKİR MAH."
2933,G.O.PAŞA,100 MM ÇAPLI ŞEBEKE HATTI ARIZASI,20/07/2023 08:53:22,20/07/2023 12:00:00,KAZIM KARABEKİR MH 927 SK,KAZIM KARABEKİR MAH.
2934,G.O.PAŞA,ENERJİ KESİNTİSİ,10/12/2023 13:30:40,10/12/2023 16:00:00,KAĞITHANE,"BARBAROS HAYRETTİN PAŞA MAH.,FEVZİ ÇAKMAK MAH,HÜRRİYET MAH,KARADENİZ MAH,KARAYOLLARI MAH.,KAZIM KARABEKİR MAH.,MEVLANA MAH,YENİ MAHALLE MAH"
2935,G.O.PAŞA,ELEKTRİK ENERJİSİ PROBLEMİ,21/06/2023 23:56:46,22/06/2023 05:00:00,KAĞITHANE ARITMA,"BARBAROS HAYRETTİN PAŞA MAH.,FEVZİ ÇAKMAK MAH,HÜRRİYET MAH,KARADENİZ MAH,KARAYOLLARI MAH.,KAZIM KARABEKİR MAH.,MEVLANA MAH,YENİ MAHALLE MAH"
2936,G.O.PAŞA,ARIZA SEBEBİ İLE BASINÇ DÜŞÜKLÜĞÜ,03/05/2023 08:57:57,03/05/2023 12:00:00,KÜÇÜKKÖY MEVKİİ,"BARBAROS HAYRETTİN PAŞA MAH.,BAĞLARBAŞI MAH,FEVZİ ÇAKMAK MAH,HÜRRİYET MAH,KARADENİZ MAH,KARAYOLLARI MAH.,KAZIM KARABEKİR MAH.,MEVLANA MAH,YENİ MAHALLE MAH,ŞEMSİPAŞA MAH"
2937,G.O.PAŞA,ANA İSALE HATTI YENİLEMESİ,12/07/2023 22:06:14,13/07/2023 07:00:00,KÜÇÜKKÖY TERFİ MERKEZİ,"BARBAROS HAYRETTİN PAŞA MAH.,BAĞLARBAŞI MAH,HÜRRİYET MAH,KARADENİZ MAH,KARAYOLLARI MAH.,KAZIM KARABEKİR MAH.,MERKEZ MAH,MEVLANA MAH,YENİ MAHALLE MAH,YILDIZTABYA MAH"
2938,G.O.PAŞA,100 MM ÇAPLI ŞEBEKE HATTI ARIZASI,27/01/2024 16:25:33,27/01/2024 19:00:00,MERKEZ MAH TUNCA SOKAK,MERKEZ MAH
2939,G.O.PAŞA,100 MM ÇAPLI ŞEBEKE HATTI ARIZASI,13/10/2023 09:57:41,13/10/2023 12:00:00,MERKEZ MAH.ALADAĞ SK.NO:1,"MERKEZ MAH,SARIGÖL MAH"
2940,G.O.PAŞA,100 MM ÇAPLI ŞEBEKE HATTI ARIZASI,07/07/2023 14:54:15,07/07/2023 17:00:00,MERKEZ MAH.SALIHPAŞA CAD.,MERKEZ MAH
2941,G.O.PAŞA,100 MM ÇAPLI ŞEBEKE HATTI ARIZASI,24/11/2023 14:58:47,24/11/2023 20:00:00,MEVLANA CAHİT ZARİFOĞLU,"KAZIM KARABEKİR MAH.,MEVLANA MAH"
2942,G.O.PAŞA,600 MM ÇAPLI  ANA İSALE HATTI ARIZASI,12/08/2023 12:33:55,12/08/2023 19:00:00,MÜNZEVİ TERFİ ÇIKIŞI,MERKEZ MAH
2943,G.O.PAŞA,800 MM ÇAPLI ANA İSALE HATTI ARIZASI,03/09/2023 02:32:09,03/09/2023 06:00:00,ORDU CADDESİ,"BARBAROS HAYRETTİN PAŞA MAH.,BAĞLARBAŞI MAH,HÜRRİYET MAH,KARLITEPE MAH,MERKEZ MAH,PAZARİÇİ MAH,SARIGÖL MAH,YENİDOĞAN MAH,YILDIZTABYA MAH,ŞEMSİPAŞA MAH"
2944,G.O.PAŞA,100 MM ÇAPLI ŞEBEKE HATTI ARIZASI,08/01/2024 15:07:52,08/01/2024 18:00:00,PAZARIÇI MAH.1. MINE SK,PAZARİÇİ MAH
2945,G.O.PAŞA,100 MM ÇAPLI ŞEBEKE HATTI ARIZASI,22/03/2023 13:15:16,22/03/2023 23:00:00,PAZARİÇİ ECDAT SK,PAZARİÇİ MAH
2946,G.O.PAŞA,100 MM ÇAPLI ŞEBEKE HATTI ARIZASI,29/12/2023 15:39:09,29/12/2023 19:00:00,PAZARİÇİ MH KÖŞELİ SK,PAZARİÇİ MAH
2947,G.O.PAŞA,100 MM ÇAPLI ŞEBEKE HATTI ARIZASI,03/01/2024 15:34:53,03/01/2024 19:00:00,PAZARİÇİ ÇALIŞKAN SOKAK,PAZARİÇİ MAH
2948,G.O.PAŞA,100 MM ÇAPLI ŞEBEKE HATTI ARIZASI,31/10/2023 14:37:13,31/10/2023 21:00:00,SARIGÖL,"BAĞLARBAŞI MAH,SARIGÖL MAH"
2949,G.O.PAŞA,100 MM ÇAPLI ŞEBEKE HATTI ARIZASI,21/12/2023 14:16:00,21/12/2023 17:00:00,SARIGÖL 2 BAYIR SK,"KARLITEPE MAH,SARIGÖL MAH,YENİDOĞAN MAH"
2950,G.O.PAŞA,100 MM ÇAPLI ŞEBEKE HATTI ARIZASI,16/05/2023 11:15:45,16/05/2023 14:30:00,SARIGÖL GÜZEL SK,"BAĞLARBAŞI MAH,SARIGÖL MAH"
2951,G.O.PAŞA,100 MM ÇAPLI ŞEBEKE HATTI ARIZASI,07/10/2023 17:26:41,07/10/2023 20:00:00,SARIGÖL MAH. 1.BAYIR,SARIGÖL MAH
2952,G.O.PAŞA,100 MM ÇAPLI ŞEBEKE HATTI ARIZASI,18/12/2023 14:54:41,18/12/2023 19:00:00,SARIGÖL MAHALLESİ  TULUMBA CADDESİ,"BAĞLARBAŞI MAH,SARIGÖL MAH"
2953,G.O.PAŞA,100 MM ÇAPLI ŞEBEKE HATTI ARIZASI,11/04/2023 13:09:16,11/04/2023 15:30:00,SARIGÖL MH,"BAĞLARBAŞI MAH,SARIGÖL MAH"
2954,G.O.PAŞA,250 MM ÇAPLI ŞEBEKE HATTI ARIZASI,28/08/2023 15:01:46,28/08/2023 18:00:00,SARIGÖL PİYALE SK,"BAĞLARBAŞI MAH,SARIGÖL MAH"
2955,G.O.PAŞA,100 MM ÇAPLI ŞEBEKE HATTI ARIZASI,24/07/2023 14:06:46,24/07/2023 15:00:00,SILAHTARAĞA MAH.,PAZARİÇİ MAH
2956,G.O.PAŞA,TERFİ  MERKEZİ ARIZASI,20/04/2023 21:48:26,20/04/2023 23:59:00,SİLAHTAR TERFİ,"BARBAROS HAYRETTİN PAŞA MAH.,BAĞLARBAŞI MAH,FEVZİ ÇAKMAK MAH,HÜRRİYET MAH,KARADENİZ MAH,KARAYOLLARI MAH.,KAZIM KARABEKİR MAH.,MERKEZ MAH,MEVLANA MAH,SARIGÖL MAH,YENİ MAHALLE MAH,YENİDOĞAN MAH,ŞEMSİPAŞA MAH"
2957,G.O.PAŞA,ARIZA SEBEBİ İLE BASINÇ DÜŞÜKLÜĞÜ,03/05/2023 18:02:50,03/05/2023 23:59:00,SİLAHTAR TERFİ,"KARAYOLLARI MAH.,KAZIM KARABEKİR MAH.,MEVLANA MAH,YENİ MAHALLE MAH"
2958,G.O.PAŞA,ELEKTRİK ENERJİSİ PROBLEMİ,09/06/2023 13:38:16,09/06/2023 15:00:00,SİLAHTAR TERFİ,"BARBAROS HAYRETTİN PAŞA MAH.,BAĞLARBAŞI MAH,FEVZİ ÇAKMAK MAH,HÜRRİYET MAH,KARADENİZ MAH,KARAYOLLARI MAH.,KARLITEPE MAH,KAZIM KARABEKİR MAH.,MERKEZ MAH,MEVLANA MAH,PAZARİÇİ MAH,SARIGÖL MAH,YENİ MAHALLE MAH,YENİDOĞAN MAH,YILDIZTABYA MAH,ŞEMSİPAŞA MAH"
2959,G.O.PAŞA,TERFİ  MERKEZİ ARIZASI,02/03/2023 14:17:44,02/03/2023 18:00:00,SİLAHTAR TERFİ MERKEZİ,"BARBAROS HAYRETTİN PAŞA MAH.,BAĞLARBAŞI MAH,FEVZİ ÇAKMAK MAH,HÜRRİYET MAH,KARADENİZ MAH,KARAYOLLARI MAH.,KARLITEPE MAH,KAZIM KARABEKİR MAH.,MERKEZ MAH,MEVLANA MAH,PAZARİÇİ MAH,SARIGÖL MAH,YENİ MAHALLE MAH,YENİDOĞAN MAH,YILDIZTABYA MAH,ŞEMSİPAŞA MAH"
2960,G.O.PAŞA,ELEKTRİK ENERJİSİ PROBLEMİ,28/01/2024 15:04:51,28/01/2024 16:30:00,SİLAHTAR TERFİ MERKEZİ,"BARBAROS HAYRETTİN PAŞA MAH.,BAĞLARBAŞI MAH,FEVZİ ÇAKMAK MAH,HÜRRİYET MAH,KARADENİZ MAH,KARAYOLLARI MAH.,KARLITEPE MAH,KAZIM KARABEKİR MAH.,MERKEZ MAH,MEVLANA MAH,PAZARİÇİ MAH,SARIGÖL MAH,YENİ MAHALLE MAH,YENİDOĞAN MAH,YILDIZTABYA MAH,ŞEMSİPAŞA MAH"
2961,G.O.PAŞA,600 MM ÇAPLI  ANA İSALE HATTI ARIZASI,03/06/2023 09:07:01,03/06/2023 14:00:00,SİLAHTAR TERFİ ÇIKIŞI,"BARBAROS HAYRETTİN PAŞA MAH.,BAĞLARBAŞI MAH,FEVZİ ÇAKMAK MAH,HÜRRİYET MAH,KARADENİZ MAH,KARAYOLLARI MAH.,KAZIM KARABEKİR MAH.,MEVLANA MAH,YENİ MAHALLE MAH,ŞEMSİPAŞA MAH"
2962,G.O.PAŞA,700 MM  ÇAPLI ANA İSALE HATTI ARIZASI,04/04/2023 09:00:16,04/04/2023 17:00:00,SİLAHTAR-GOP-KÜÇÜKKÖY,"BARBAROS HAYRETTİN PAŞA MAH.,BAĞLARBAŞI MAH,FEVZİ ÇAKMAK MAH,HÜRRİYET MAH,KARADENİZ MAH,KARAYOLLARI MAH.,KARLITEPE MAH,KAZIM KARABEKİR MAH.,MERKEZ MAH,MEVLANA MAH,PAZARİÇİ MAH,SARIGÖL MAH,YENİ MAHALLE MAH,YENİDOĞAN MAH,YILDIZTABYA MAH,ŞEMSİPAŞA MAH"
2963,G.O.PAŞA,600 MM ÇAPLI  ANA İSALE HATTI ARIZASI,25/12/2023 12:29:22,25/12/2023 20:00:00,SİLAHTAR-KEÇESUYU-KÜÇÜKKÖY 600MM İSALE HATTI,"BARBAROS HAYRETTİN PAŞA MAH.,BAĞLARBAŞI MAH,FEVZİ ÇAKMAK MAH,HÜRRİYET MAH,KARADENİZ MAH,KARAYOLLARI MAH.,KAZIM KARABEKİR MAH.,MEVLANA MAH,YENİ MAHALLE MAH,ŞEMSİPAŞA MAH"
2964,G.O.PAŞA,100 MM ÇAPLI ŞEBEKE HATTI ARIZASI,05/01/2024 15:36:54,05/01/2024 19:30:00,YAN SOKAK,"KARLITEPE MAH,SARIGÖL MAH,YENİDOĞAN MAH"
2965,G.O.PAŞA,100 MM ÇAPLI ŞEBEKE HATTI ARIZASI,01/11/2023 15:09:26,01/11/2023 19:00:00,YENİ DOĞAN  DOĞAN SK,"KARLITEPE MAH,SARIGÖL MAH,YENİDOĞAN MAH"
2966,G.O.PAŞA,100 MM ÇAPLI ŞEBEKE HATTI ARIZASI,04/09/2023 17:39:51,04/09/2023 22:00:00,YENİ MAH 551 SOK,YENİ MAHALLE MAH
2967,G.O.PAŞA,150 MM ÇAPLI ŞEBEKE HATTI ARIZASI,15/03/2023 10:26:52,15/03/2023 14:00:00,YENİ MAH CEBECİ CAD.,YENİ MAHALLE MAH
2968,G.O.PAŞA,100 MM ÇAPLI ŞEBEKE HATTI ARIZASI,28/11/2023 15:40:38,28/11/2023 19:00:00,YENİDOĞAN MS KARLI TEPE M Sİ,"KARLITEPE MAH,YENİDOĞAN MAH"
2969,G.O.PAŞA,100 MM ÇAPLI ŞEBEKE HATTI ARIZASI,31/03/2023 08:56:54,31/03/2023 14:00:00,YENİMAHALLE 598 SK.,YENİ MAHALLE MAH
2970,G.O.PAŞA,100 MM ÇAPLI ŞEBEKE HATTI ARIZASI,12/12/2023 09:17:01,12/12/2023 14:00:00,YILDIZ  TABYA TARLA SK,"KARLITEPE MAH,YENİDOĞAN MAH,YILDIZTABYA MAH"
2971,G.O.PAŞA,100 MM ÇAPLI ŞEBEKE HATTI ARIZASI,13/01/2024 14:55:18,13/01/2024 18:00:00,YILDIZ TABYA MAH BAYIR SOK,"KARLITEPE MAH,YILDIZTABYA MAH"
2972,G.O.PAŞA,100 MM ÇAPLI ŞEBEKE HATTI ARIZASI,22/04/2023 15:34:38,22/04/2023 18:00:00,YILDIZ TABYA MH,"KARLITEPE MAH,YILDIZTABYA MAH"
2973,G.O.PAŞA,100 MM ÇAPLI ŞEBEKE HATTI ARIZASI,13/01/2024 20:22:17,14/01/2024 05:00:00,YILDIZTABYA,YILDIZTABYA MAH
2974,G.O.PAŞA,100 MM ÇAPLI ŞEBEKE HATTI ARIZASI,18/01/2024 09:35:46,18/01/2024 15:00:00,YILDIZTABYA BAY SOKAK,"KARLITEPE MAH,YILDIZTABYA MAH"
2975,G.O.PAŞA,100 MM ÇAPLI ŞEBEKE HATTI ARIZASI,01/02/2024 13:52:35,01/02/2024 19:20:00,YILDIZTABYA BAYIR SOK,"KARLITEPE MAH,YENİDOĞAN MAH,YILDIZTABYA MAH"
2976,G.O.PAŞA,100 MM ÇAPLI ŞEBEKE HATTI ARIZASI,22/01/2024 14:16:27,22/01/2024 19:00:00,YILDIZTABYA CD TEMİZ SK,"KARLITEPE MAH,YENİDOĞAN MAH,YILDIZTABYA MAH"
2977,G.O.PAŞA,100 MM ÇAPLI ŞEBEKE HATTI ARIZASI,18/01/2024 18:02:00,18/01/2024 21:02:00,YILDIZTABYA GÜVEN SK,"KARLITEPE MAH,YILDIZTABYA MAH"
2978,G.O.PAŞA,ARIZA SEBEBİ İLE BASINÇ DÜŞÜKLÜĞÜ,15/09/2023 08:51:59,15/09/2023 16:30:00,ÖMERLİ SALPOMPA,"BARBAROS HAYRETTİN PAŞA MAH.,FEVZİ ÇAKMAK MAH,HÜRRİYET MAH,KARADENİZ MAH,KARAYOLLARI MAH.,KAZIM KARABEKİR MAH.,MEVLANA MAH,YENİ MAHALLE MAH"
2979,G.O.PAŞA,100 MM ÇAPLI ŞEBEKE HATTI ARIZASI,17/07/2023 16:17:26,17/07/2023 19:00:00,ŞEMSİPAŞA MAH.56 SK,"MERKEZ MAH,ŞEMSİPAŞA MAH"
2980,G.O.PAŞA,100 MM ÇAPLI ŞEBEKE HATTI ARIZASI,31/07/2023 14:39:51,31/07/2023 18:00:00,ŞEMSİPAŞA MH 3 SK,ŞEMSİPAŞA MAH
2981,GÜNGÖREN,100 MM ÇAPLI ŞEBEKE HATTI ARIZASI,17/06/2023 11:25:41,17/06/2023 15:00:00,A. NAFİZ GÜRMAN MAH. TURUNÇLU SOK NO:2 PRİZ ARIZASI,"ABDURRAHMAN NAFİZ GÜRMAN MAH,TOZKOPARAN MAH"
2982,GÜNGÖREN,100 MM ÇAPLI ŞEBEKE HATTI ARIZASI,20/12/2023 13:03:46,20/12/2023 15:00:00,A.NAFIZ GÜRMAN MAH,"ABDURRAHMAN NAFİZ GÜRMAN MAH,TOZKOPARAN MAH"
2983,GÜNGÖREN,100 MM ÇAPLI ŞEBEKE HATTI ARIZASI,30/12/2023 16:12:01,30/12/2023 23:00:00,A.NAFİZ GÜRMAN MAH.ALİ RIZA GÜRCAN CAD.,"ABDURRAHMAN NAFİZ GÜRMAN MAH,TOZKOPARAN MAH"
2984,GÜNGÖREN,100 MM ÇAPLI ŞEBEKE HATTI ARIZASI,04/05/2023 13:29:22,04/05/2023 16:30:00,A.NAFİZ GÜRMAN MAH.METE SOK.NO57,"ABDURRAHMAN NAFİZ GÜRMAN MAH,TOZKOPARAN MAH"
2985,GÜNGÖREN,100 MM ÇAPLI ŞEBEKE HATTI ARIZASI,14/09/2023 09:59:11,14/09/2023 16:30:00,ABDURRAHMAN NAFİZ GÜRMAN MAH METE SOK NO 4,"MEHMET NESİH ÖZMEN MAH,TOZKOPARAN MAH"
2986,GÜNGÖREN,100 MM ÇAPLI ŞEBEKE HATTI ARIZASI,18/04/2023 15:00:50,18/04/2023 18:00:00,AKINCILAR MAH.HORHOR SOKAK NO.5,AKINCILAR MAH
2987,GÜNGÖREN,100 MM ÇAPLI ŞEBEKE HATTI ARIZASI,20/12/2023 14:21:47,20/12/2023 16:30:00,AKINCILAR MAH.POSTA CAD.,AKINCILAR MAH
2988,GÜNGÖREN,ARIZA SEBEBİ İLE BASINÇ DÜŞÜKLÜĞÜ,23/09/2023 14:58:31,24/09/2023 01:00:00,BAHÇELIEVLER,"AKINCILAR MAH,GENÇOSMAN MAH,GÜNEŞTEPE MAH,GÜVEN MAH,HAZNEDAR MAH,MAREŞAL ÇAKMAK MAH,MERKEZ MAH,SANAYİ MAH"
2989,GÜNGÖREN,ANA İSALE HATTI VANA ARIZASI,24/03/2023 13:33:10,24/03/2023 17:30:00,BAHÇELİEVLER MAHALLESİ,"ABDURRAHMAN NAFİZ GÜRMAN MAH,TOZKOPARAN MAH"
2990,GÜNGÖREN,TERFİ  MERKEZİ ARIZASI,27/02/2023 11:14:05,27/02/2023 14:00:00,BAHÇELİEVLER TERFİ,"AKINCILAR MAH,GENÇOSMAN MAH,GÜNEŞTEPE MAH,GÜVEN MAH,HAZNEDAR MAH,MAREŞAL ÇAKMAK MAH,MERKEZ MAH,SANAYİ MAH"
2991,GÜNGÖREN,100 MM ÇAPLI ŞEBEKE HATTI ARIZASI,22/02/2023 23:27:28,23/02/2023 03:00:00,BAHÇELİEVLER UMUT CAD.,"AKINCILAR MAH,GÜNEŞTEPE MAH,GÜVEN MAH,HAZNEDAR MAH,MAREŞAL ÇAKMAK MAH,MERKEZ MAH,SANAYİ MAH"
2992,GÜNGÖREN,100 MM ÇAPLI ŞEBEKE HATTI ARIZASI,17/01/2024 15:05:15,17/01/2024 19:00:00,BAĞCILAR BARBOROS HAYRETTİN CAD.,"GENÇOSMAN MAH,GÜNEŞTEPE MAH"
2993,GÜNGÖREN,100 MM ÇAPLI ŞEBEKE HATTI ARIZASI,23/12/2023 15:28:29,23/12/2023 17:00:00,BAĞCILAR YENİGÜN MAHALLESİ,MAREŞAL ÇAKMAK MAH
2994,GÜNGÖREN,100 MM ÇAPLI ŞEBEKE HATTI ARIZASI,03/10/2023 14:29:47,03/10/2023 18:30:00,BAĞCILAR ÇINAR MAH.ESENLER CAD. NO.73,"GENÇOSMAN MAH,MERKEZ MAH"
2995,GÜNGÖREN,100 MM ÇAPLI ŞEBEKE HATTI ARIZASI,05/01/2024 15:55:30,05/01/2024 20:00:00,G.OSMAN MAH. AKAN SOKAK,GENÇOSMAN MAH
2996,GÜNGÖREN,100 MM ÇAPLI ŞEBEKE HATTI ARIZASI,27/11/2023 11:21:31,27/11/2023 15:30:00,G.OSMAN MAH. FİLİZ SOK. NO.3,"GENÇOSMAN MAH,MEHMET NESİH ÖZMEN MAH,MERKEZ MAH,SANAYİ MAH,TOZKOPARAN MAH"
2997,GÜNGÖREN,100 MM ÇAPLI ŞEBEKE HATTI ARIZASI,09/09/2023 11:34:00,09/09/2023 15:00:00,G.OSMAN MAH.MERHALE SOKAK NO.24,"GENÇOSMAN MAH,MEHMET NESİH ÖZMEN MAH,MERKEZ MAH,SANAYİ MAH,TOZKOPARAN MAH"
2998,GÜNGÖREN,100 MM ÇAPLI ŞEBEKE HATTI ARIZASI,25/11/2023 12:49:59,25/11/2023 14:00:00,G.TEPE MAH.KARDEŞLER SOK.NO.33,"GÜNEŞTEPE MAH,MAREŞAL ÇAKMAK MAH"
2999,GÜNGÖREN,100 MM ÇAPLI ŞEBEKE HATTI ARIZASI,30/12/2023 13:57:38,30/12/2023 16:00:00,G.TEPE MAH.KARDEŞLER SOKAK NO.33,GÜNEŞTEPE MAH
3000,GÜNGÖREN,400 MM ÇAPLI ANA İSALE HATTI ARIZASI,10/07/2023 14:15:18,10/07/2023 16:00:00,GENERAL ALİ RIZA GÜRCAN CAD.,"ABDURRAHMAN NAFİZ GÜRMAN MAH,TOZKOPARAN MAH"
3001,GÜNGÖREN,100 MM ÇAPLI ŞEBEKE HATTI ARIZASI,15/06/2023 11:42:11,15/06/2023 14:30:00,GENÇOSMAN MAH. ÖZGECAN SK. NO:24,GENÇOSMAN MAH
3002,GÜNGÖREN,150 MM ÇAPLI ŞEBEKE HATTI ARIZASI,14/02/2024 14:40:30,14/02/2024 18:00:00,GENÇOSMAN MAHALLESI ÇINÇINDERE CADDESI NO:62-66,"GENÇOSMAN MAH,MERKEZ MAH"
3003,GÜNGÖREN,100 MM ÇAPLI ŞEBEKE HATTI ARIZASI,06/02/2024 15:24:15,06/02/2024 19:24:00,GENÇOSMAN MAHALLESİ AKAN SOKAK TOKİ BLOKLARI,"GENÇOSMAN MAH,MERKEZ MAH"
3004,GÜNGÖREN,100 MM ÇAPLI ŞEBEKE HATTI ARIZASI,26/06/2023 11:20:50,26/06/2023 16:00:00,GÜNEŞTEPE MH.ANİBAL SK.NO:5,GÜNEŞTEPE MAH
3005,GÜNGÖREN,100 MM ÇAPLI ŞEBEKE HATTI ARIZASI,21/02/2023 14:11:23,21/02/2023 16:00:00,GÜNEŞTEPE ÖZGÜR SOKAK NO:1/3,GÜNEŞTEPE MAH
3006,GÜNGÖREN,500 MM ÇAPLI ANA İSALE HATTI ARIZASI,10/07/2023 22:26:26,11/07/2023 03:30:00,GÜNGÖREN-BAKIRKÖY,"ABDURRAHMAN NAFİZ GÜRMAN MAH,TOZKOPARAN MAH"
3007,GÜNGÖREN,100 MM ÇAPLI ŞEBEKE HATTI ARIZASI,05/10/2023 11:20:43,05/10/2023 12:30:00,GÜVEN MAH. ESKI LONDRA ASVALTI NO:85 ÖNÜ,"GÜVEN MAH,HAZNEDAR MAH"
3008,GÜNGÖREN,100 MM ÇAPLI ŞEBEKE HATTI ARIZASI,20/12/2023 14:24:55,20/12/2023 16:30:00,GÜVEN MAH.ESKİ LONDRA ASFALTI,"GÜVEN MAH,HAZNEDAR MAH"
3009,GÜNGÖREN,100 MM ÇAPLI ŞEBEKE HATTI ARIZASI,01/11/2023 10:32:38,01/11/2023 13:30:00,GÜVEN MAH.ESKİ LONDRA ASFALTI NO.85,"GÜVEN MAH,HAZNEDAR MAH"
3010,GÜNGÖREN,100 MM ÇAPLI ŞEBEKE HATTI ARIZASI,27/10/2023 16:12:15,27/10/2023 19:00:00,GÜVEN MAH.OKUL SOKAK NO.38,"GÜVEN MAH,HAZNEDAR MAH"
3011,GÜNGÖREN,150 MM ÇAPLI ŞEBEKE HATTI ARIZASI,12/08/2023 02:52:04,12/08/2023 07:00:00,GÜVEN MAHALLESİ ESKİ LONDRA ASFALTI NO:67,"GÜVEN MAH,HAZNEDAR MAH"
3012,GÜNGÖREN,100 MM ÇAPLI ŞEBEKE HATTI ARIZASI,21/02/2023 16:45:28,21/02/2023 21:00:00,GÜVET MAH.OKUL SOKAK NO.49,"GÜVEN MAH,HAZNEDAR MAH"
3013,GÜNGÖREN,ARIZA SEBEBİ İLE BASINÇ DÜŞÜKLÜĞÜ,19/12/2023 21:58:28,20/12/2023 08:00:00,HAREM 2200 MM İSALE HATTI,"ABDURRAHMAN NAFİZ GÜRMAN MAH,TOZKOPARAN MAH"
3014,GÜNGÖREN,100 MM ÇAPLI ŞEBEKE HATTI ARIZASI,25/04/2023 13:34:12,25/04/2023 16:30:00,HAZNEDAR BAHÇE SOKAK BAĞCILAR SOKAK KESİŞİMİ,"GÜVEN MAH,HAZNEDAR MAH"
3015,GÜNGÖREN,100 MM ÇAPLI ŞEBEKE HATTI ARIZASI,26/04/2023 09:14:26,26/04/2023 12:00:00,HAZNEDAR BAHÇE SOKAK BAĞCILAR SOKAK KESİŞİMİ,"GÜVEN MAH,HAZNEDAR MAH"
3016,GÜNGÖREN,100 MM ÇAPLI ŞEBEKE HATTI ARIZASI,06/01/2024 12:30:46,06/01/2024 15:30:00,HAZNEDAR SÖNMEZ SOK.,"GÜVEN MAH,HAZNEDAR MAH"
3017,GÜNGÖREN,ARIZA SEBEBİ İLE BASINÇ DÜŞÜKLÜĞÜ,21/12/2023 21:05:31,22/12/2023 06:00:00,K.ÇAMLICA-SALACAK 2200 MM İSALE HATTI,"ABDURRAHMAN NAFİZ GÜRMAN MAH,TOZKOPARAN MAH"
3018,GÜNGÖREN,100 MM ÇAPLI ŞEBEKE HATTI ARIZASI,02/01/2024 09:39:18,02/01/2024 12:30:00,M.NEZİHİ ÖZMEN MAH. FATİH CAD.,MEHMET NESİH ÖZMEN MAH
3019,GÜNGÖREN,100 MM ÇAPLI ŞEBEKE HATTI ARIZASI,20/07/2023 11:45:50,20/07/2023 15:00:00,MARAŞAL ÇAKMAK MAH.CEMSULTAN SOKAK NO.40,MAREŞAL ÇAKMAK MAH
3020,GÜNGÖREN,100 MM ÇAPLI ŞEBEKE HATTI ARIZASI,16/04/2023 12:42:12,16/04/2023 16:00:00,MEHMET NEZİH ÖZMEN MAH. SAVAŞ CAD. NO:35,MEHMET NESİH ÖZMEN MAH
3021,GÜNGÖREN,100 MM ÇAPLI ŞEBEKE HATTI ARIZASI,12/09/2023 16:19:38,12/09/2023 19:00:00,MEMET MESIH ÖZMEN MH FATIH CD NO16-19 ARASI,MEHMET NESİH ÖZMEN MAH
3022,GÜNGÖREN,100 MM ÇAPLI ŞEBEKE HATTI ARIZASI,17/02/2024 11:26:04,17/02/2024 12:30:00,MERKEZ MAH.POLAT SOK.NO.1,MERKEZ MAH
3023,GÜNGÖREN,100 MM ÇAPLI ŞEBEKE HATTI ARIZASI,20/12/2023 14:23:36,20/12/2023 16:30:00,MERKEZ MAH.POLAT SOKAK,MERKEZ MAH
3024,GÜNGÖREN,100 MM ÇAPLI ŞEBEKE HATTI ARIZASI,07/03/2023 14:51:54,07/03/2023 16:55:00,MERKEZ MAHALLESI KARANFIL SOKAK NO:27,"MERKEZ MAH,SANAYİ MAH"
3025,GÜNGÖREN,500 MM ÇAPLI ANA İSALE HATTI ARIZASI,23/02/2023 21:57:28,24/02/2023 05:00:00,MERTER,"ABDURRAHMAN NAFİZ GÜRMAN MAH,TOZKOPARAN MAH"
3026,GÜNGÖREN,ENERJİ KESİNTİSİ,30/11/2023 16:22:05,30/11/2023 19:00:00,MÜNZEVI TERFI,"ABDURRAHMAN NAFİZ GÜRMAN MAH,GENÇOSMAN MAH,MEHMET NESİH ÖZMEN MAH,SANAYİ MAH,TOZKOPARAN MAH"
3027,GÜNGÖREN,ENERJİ KESİNTİSİ,05/04/2023 10:26:28,05/04/2023 13:00:00,MÜNZEVİ TERFİ,"ABDURRAHMAN NAFİZ GÜRMAN MAH,GENÇOSMAN MAH,MEHMET NESİH ÖZMEN MAH,SANAYİ MAH,TOZKOPARAN MAH"
3028,GÜNGÖREN,TERFİ  MERKEZİ ARIZASI,09/06/2023 14:43:08,09/06/2023 17:00:00,MÜNZEVİ TERFİ,"GENÇOSMAN MAH,MEHMET NESİH ÖZMEN MAH,SANAYİ MAH,TOZKOPARAN MAH"
3029,GÜNGÖREN,ENERJİ KESİNTİSİ,10/07/2023 16:07:39,10/07/2023 19:00:00,MÜNZEVİ TERFİ,"ABDURRAHMAN NAFİZ GÜRMAN MAH,GENÇOSMAN MAH,MEHMET NESİH ÖZMEN MAH,SANAYİ MAH,TOZKOPARAN MAH"
3030,GÜNGÖREN,TERFİ  MERKEZİ ARIZASI,08/12/2023 01:58:05,08/12/2023 09:00:00,MÜNZEVİ TERFİ,"ABDURRAHMAN NAFİZ GÜRMAN MAH,GENÇOSMAN MAH,MEHMET NESİH ÖZMEN MAH,SANAYİ MAH,TOZKOPARAN MAH"
3031,GÜNGÖREN,ENERJİ KESİNTİSİ,26/12/2023 15:42:00,26/12/2023 18:00:00,MÜNZEVİ TERFİ,"ABDURRAHMAN NAFİZ GÜRMAN MAH,GENÇOSMAN MAH,MEHMET NESİH ÖZMEN MAH,SANAYİ MAH,TOZKOPARAN MAH"
3032,GÜNGÖREN,600 MM ÇAPLI  ANA İSALE HATTI ARIZASI,12/08/2023 12:33:55,12/08/2023 19:00:00,MÜNZEVİ TERFİ ÇIKIŞI,"GENÇOSMAN MAH,SANAYİ MAH,TOZKOPARAN MAH"
3033,GÜNGÖREN,ARIZA SEBEBİ İLE BASINÇ DÜŞÜKLÜĞÜ,13/04/2023 07:54:41,13/04/2023 20:00:00,MÜNZEVİ-BAYRAMPAŞA,"GENÇOSMAN MAH,MEHMET NESİH ÖZMEN MAH,SANAYİ MAH,TOZKOPARAN MAH"
3034,GÜNGÖREN,600 MM ÇAPLI  ANA İSALE HATTI ARIZASI,06/04/2023 11:53:48,06/04/2023 16:00:00,MÜNZEVİ-TERAZİDERE-ESENLER HATTI,"GENÇOSMAN MAH,SANAYİ MAH"
3035,GÜNGÖREN,100 MM ÇAPLI ŞEBEKE HATTI ARIZASI,01/01/2024 09:36:14,01/01/2024 12:30:00,SANAYI MAH.OZAN SOKAK NO.43,SANAYİ MAH
3036,GÜNGÖREN,100 MM ÇAPLI ŞEBEKE HATTI ARIZASI,23/07/2023 13:11:30,23/07/2023 16:00:00,SANAYİ MAHALLESİ MİNE SOKAK NO:8,SANAYİ MAH
3037,GÜNGÖREN,100 MM ÇAPLI ŞEBEKE HATTI ARIZASI,04/03/2023 16:22:00,04/03/2023 20:00:00,SANAYİ MAHALLESİ OZAN SOKAK NO:1 GÜNGÖREN,SANAYİ MAH
3038,GÜNGÖREN,100 MM ÇAPLI ŞEBEKE HATTI ARIZASI,19/01/2024 10:48:20,19/01/2024 14:00:00,SANAYİ MAHÇSANCAKLI CAD. FUAT SEZGİN ORTA OKULU,SANAYİ MAH
3039,GÜNGÖREN,100 MM ÇAPLI ŞEBEKE HATTI ARIZASI,26/04/2023 11:22:53,26/04/2023 14:30:00,TOZKOPARAN ALB.SEDAT ÖCALAN SOK.NO.20,TOZKOPARAN MAH
3040,GÜNGÖREN,100 MM ÇAPLI ŞEBEKE HATTI ARIZASI,19/09/2023 11:44:58,19/09/2023 18:00:00,TOZKOPARAN ALB.SEDAT ÖCALAN SOKAK,"MEHMET NESİH ÖZMEN MAH,TOZKOPARAN MAH"
3041,GÜNGÖREN,100 MM ÇAPLI ŞEBEKE HATTI ARIZASI,29/07/2023 10:30:48,29/07/2023 14:30:00,TOZKOPARAN ERDEMLİ SOKAK EMLAK KONUTLARI 2,TOZKOPARAN MAH
3042,GÜNGÖREN,100 MM ÇAPLI ŞEBEKE HATTI ARIZASI,19/07/2023 09:12:48,19/07/2023 12:00:00,TOZKOPARAN HAYAT SOKAK,TOZKOPARAN MAH
3043,GÜNGÖREN,100 MM ÇAPLI ŞEBEKE HATTI ARIZASI,28/07/2023 10:57:49,28/07/2023 15:00:00,TOZKOPARAN KOPUZ SOKAK KORU SİTESİ,TOZKOPARAN MAH
3044,GÜNGÖREN,100 MM ÇAPLI ŞEBEKE HATTI ARIZASI,09/07/2023 11:31:37,09/07/2023 15:00:00,TOZKOPARAN MAH. ALBAY SEDAT ÖCALAN CD,TOZKOPARAN MAH
3045,GÜNGÖREN,100 MM ÇAPLI ŞEBEKE HATTI ARIZASI,13/06/2023 12:56:38,13/06/2023 19:00:00,TOZKOPARAN MAHALLESI KOPUZ SOKAK KORU SITESI ÖNÜ,TOZKOPARAN MAH
3046,K.ÇEKMECE,100 MM ÇAPLI ŞEBEKE HATTI ARIZASI,15/06/2023 15:10:48,15/06/2023 16:46:00,ALTINŞEHİR MAHALLESİ BARBOROS CADDESİ,"ATAKENT MAH,YARIMBURGAZ MAH"
3047,K.ÇEKMECE,100 MM ÇAPLI ŞEBEKE HATTI ARIZASI,18/04/2023 15:25:18,18/04/2023 17:30:00,ATAKENT 216 ÇIKMAZI SK NO 3,ATAKENT MAH
3048,K.ÇEKMECE,100 MM ÇAPLI ŞEBEKE HATTI ARIZASI,28/08/2023 08:45:23,28/08/2023 16:30:00,ATAKENT 219 SK GİRİŞİ,"ATAKENT MAH,ATAKENT MAH"
3049,K.ÇEKMECE,100 MM ÇAPLI ŞEBEKE HATTI ARIZASI,11/07/2023 11:25:17,11/07/2023 14:30:00,ATAKENT 4.CD NO 2,ATAKENT MAH
3050,K.ÇEKMECE,200 MM ÇAPLI ŞEBEKE HATTI ARIZASI,04/05/2023 14:57:21,04/05/2023 18:00:00,ATAKENT 6.ÇIKMAZI SK NO 5,ATAKENT MAH
3051,K.ÇEKMECE,BASINÇ DÜŞÜKLÜĞÜ,09/05/2023 08:18:54,09/05/2023 13:00:00,ATAKENT 9.ÇIKMAZ SOKAK,ATAKENT MAH
3052,K.ÇEKMECE,100 MM ÇAPLI ŞEBEKE HATTI ARIZASI,28/12/2023 10:35:56,28/12/2023 12:00:00,ATAKENT CUMHURİYET CADDESİ 244 SOKAK KESİŞİMİ,ATAKENT MAH
3053,K.ÇEKMECE,ŞEBEKE HATTI VANA MONTAJI/DEĞİŞİMİ,09/05/2023 10:40:52,09/05/2023 16:00:00,ATAKENT CUMHURİYET CADDESİ MALAZGİRT CADDESİ KESİŞİMİ,ATAKENT MAH
3054,K.ÇEKMECE,100 MM ÇAPLI ŞEBEKE HATTI ARIZASI,07/04/2023 11:38:55,07/04/2023 14:00:00,ATAKENT MAH,ATAKENT MAH
3055,K.ÇEKMECE,BASINÇ DÜŞÜKLÜĞÜ,08/05/2023 21:35:27,09/05/2023 08:00:00,ATAKENT MAH 9 ÇIKMAZ SOKAK,ATAKENT MAH
3056,K.ÇEKMECE,100 MM ÇAPLI ŞEBEKE HATTI ARIZASI,22/12/2023 11:16:38,22/12/2023 14:00:00,ATAKENT MAH TURGUT ÖZAL BULVARI,ATAKENT MAH
3057,K.ÇEKMECE,100 MM ÇAPLI ŞEBEKE HATTI ARIZASI,15/11/2023 14:12:03,15/11/2023 17:00:00,ATAKENT MAH. BALIKCIN CIKMAZI .  PİRİZ ARIZASI,ATAKENT MAH
3058,K.ÇEKMECE,100 MM ÇAPLI ŞEBEKE HATTI ARIZASI,01/12/2023 14:22:00,01/12/2023 16:00:00,ATAKENT MAHALLESI TURGUT ÖZAL BULVARI,ATAKENT MAH
3059,K.ÇEKMECE,100 MM ÇAPLI ŞEBEKE HATTI ARIZASI,22/09/2023 14:16:43,22/09/2023 17:30:00,ATAKENT MAHALLESI TURGUT ÖZAL BULVARI ŞEBEKE HATTI ARIZASI,ATAKENT MAH
3060,K.ÇEKMECE,100 MM ÇAPLI ŞEBEKE HATTI ARIZASI,11/09/2023 18:52:23,11/09/2023 22:00:00,ATAKENT MAHALLESİ 3.ETAP 506 ADA ÖNÜ,ATAKENT MAH
3061,K.ÇEKMECE,ŞEBEKE HATTI YENİLEMESİ,08/05/2023 10:41:27,08/05/2023 16:00:00,ATAKENT MAHALLESİ ATATÜRK CADDESİ,ATAKENT MAH
3062,K.ÇEKMECE,150 MM ÇAPLI ŞEBEKE HATTI ARIZASI,24/03/2023 12:25:01,24/03/2023 18:00:00,ATAKENT MAHALLESİ MALAZGİRT CD,ATAKENT MAH
3063,K.ÇEKMECE,100 MM ÇAPLI ŞEBEKE HATTI ARIZASI,23/08/2023 17:05:48,23/08/2023 23:00:00,ATAKENT MAHALLESİ TURGUTÖZAL BULVARI DUMANKAYA NİKS ÖNÜ,ATAKENT MAH
3064,K.ÇEKMECE,100 MM ÇAPLI ŞEBEKE HATTI ARIZASI,21/08/2023 15:07:54,21/08/2023 18:00:00,ATAKENT SELÇUKLU CD MESA BLOKLARI,ATAKENT MAH
3065,K.ÇEKMECE,300 MM ÇAPLI ŞEBEKE HATTI ARIZASI,04/09/2023 08:45:57,04/09/2023 20:30:00,ATAKENT TURGUT ÖZAL BULVARI CD NO DUMANKAYA MİKS ÖNÜ,ATAKENT MAH
3066,K.ÇEKMECE,100 MM ÇAPLI ŞEBEKE HATTI ARIZASI,25/06/2023 15:12:07,25/06/2023 17:30:00,ATATÜRK MAH AYDOĞDU SOKAK NO 12,"ATATÜRK MAH,MEHMET AKİF MAH"
3067,K.ÇEKMECE,100 MM ÇAPLI ŞEBEKE HATTI ARIZASI,06/02/2024 16:12:16,06/02/2024 19:30:00,ATATÜRK MAH. 3.BAHAR.SK.   PİRİZ ARIZASI,"ATATÜRK MAH,MEHMET AKİF MAH"
3068,K.ÇEKMECE,100 MM ÇAPLI ŞEBEKE HATTI ARIZASI,18/01/2024 15:22:27,18/01/2024 18:00:00,ATATÜRK MAH. 324 SK. NO. 13  PİRİZ ARIZASI,"ATATÜRK MAH,MEHMET AKİF MAH"
3069,K.ÇEKMECE,150 MM ÇAPLI ŞEBEKE HATTI ARIZASI,03/02/2024 12:18:19,03/02/2024 17:00:00,ATATÜRK MAH. YUNUSEMRE CD.  METRO ŞANTİYESİ,"ATATÜRK MAH,MEHMET AKİF MAH"
3070,K.ÇEKMECE,100 MM ÇAPLI ŞEBEKE HATTI ARIZASI,21/12/2023 10:57:24,21/12/2023 14:00:00,ATATÜRK MAH. YUNUSEMRE CD. NO. 12A   PİRİZ ARIZASI,"ATATÜRK MAH,MEHMET AKİF MAH"
3071,K.ÇEKMECE,100 MM ÇAPLI ŞEBEKE HATTI ARIZASI,02/01/2024 15:27:32,02/01/2024 19:00:00,ATATÜRK MAH. ŞHT.ERTAN YILMAZTÜRK SK. NO. 51,"ATATÜRK MAH,MEHMET AKİF MAH"
3072,K.ÇEKMECE,100 MM ÇAPLI ŞEBEKE HATTI ARIZASI,12/09/2023 12:16:39,12/09/2023 16:30:00,ATATÜRK MAH.327 SOKAK NO:100 ÖNÜ,"ATATÜRK MAH,MEHMET AKİF MAH"
3073,K.ÇEKMECE,100 MM ÇAPLI ŞEBEKE HATTI ARIZASI,06/07/2023 15:51:22,06/07/2023 19:00:00,ATATÜRK MAHALLESİ 318. SOKAK,ATATÜRK MAH
3074,K.ÇEKMECE,100 MM ÇAPLI ŞEBEKE HATTI ARIZASI,08/12/2023 12:29:11,08/12/2023 16:00:00,ATATÜRK MAHALLESİ 327 SDOKAK,"ATATÜRK MAH,MEHMET AKİF MAH"
3075,K.ÇEKMECE,100 MM ÇAPLI ŞEBEKE HATTI ARIZASI,15/12/2023 11:48:42,15/12/2023 14:00:00,ATATÜRK MAHALLESİ 7.ŞİRİN SOKAK NO:14,"ATATÜRK MAH,MEHMET AKİF MAH"
3076,K.ÇEKMECE,100 MM ÇAPLI ŞEBEKE HATTI ARIZASI,19/04/2023 16:30:02,19/04/2023 19:00:00,ATATÜRK MAHALLESİ DURAK SK NO 2,ATATÜRK MAH
3077,K.ÇEKMECE,100 MM ÇAPLI ŞEBEKE HATTI ARIZASI,02/05/2023 14:02:39,02/05/2023 17:00:00,ATATÜRK MAHALLESİ EFES SK NO 5,ATATÜRK MAH
3078,K.ÇEKMECE,100 MM ÇAPLI ŞEBEKE HATTI ARIZASI,16/11/2023 16:42:31,16/11/2023 19:00:00,ATATÜRK MAHALLESİ PAPATYA SOKAK NO:15,"ATATÜRK MAH,MEHMET AKİF MAH"
3079,K.ÇEKMECE,ŞEBEKE HATTI VANA MONTAJI/DEĞİŞİMİ,03/04/2023 12:29:10,03/04/2023 16:30:00,ATATÜRK MAHALLESİ YUNUS EMRE CADDESİ,"ATATÜRK MAH,MEHMET AKİF MAH"
3080,K.ÇEKMECE,150 MM ÇAPLI ŞEBEKE HATTI ARIZASI,08/02/2024 11:28:12,08/02/2024 15:00:00,ATATÜRK MAHALLESİ YUNUS EMRE CADDESİ,"ATATÜRK MAH,MEHMET AKİF MAH"
3081,K.ÇEKMECE,100 MM ÇAPLI ŞEBEKE HATTI ARIZASI,27/05/2023 11:12:38,27/05/2023 14:00:00,ATATÜRK MAHALLESİ ŞEHİT ERTAN YILMAZTÜRK SK NO 24,ATATÜRK MAH
3082,K.ÇEKMECE,100 MM ÇAPLI ŞEBEKE HATTI ARIZASI,17/04/2023 12:06:45,17/04/2023 14:00:00,ATATÜRK MAHALLESİ ŞEHİT ERTAN YILMAZTÜRK SK NO 34,ATATÜRK MAH
3083,K.ÇEKMECE,100 MM ÇAPLI ŞEBEKE HATTI ARIZASI,25/03/2023 10:34:43,25/03/2023 14:00:00,ATATÜRK MUĞLA SK NO 34,"ATATÜRK MAH,MEHMET AKİF MAH"
3084,K.ÇEKMECE,1800 MM ÇAPLI ANA İSALE HATTI ARIZASI,01/07/2023 21:04:16,02/07/2023 03:00:00,BASIN EKSPRES YOLU,"HALKALI MERKEZ MAH,TEVFİKBEY MAH,İNÖNÜ MAH"
3085,K.ÇEKMECE,ENERJİ KESİNTİSİ,30/09/2023 13:17:58,30/09/2023 15:00:00,BAYRAMTEPE TERFİ,YARIMBURGAZ MAH
3086,K.ÇEKMECE,TERFİ  MERKEZİ ARIZASI,04/12/2023 14:03:48,04/12/2023 16:00:00,BAYRAMTEPE TERFİ,YARIMBURGAZ MAH
3087,K.ÇEKMECE,1000 MM ÇAPLI ANA İSALE HATTI ARIZASI,19/01/2024 23:49:14,20/01/2024 02:00:00,BAŞAKŞEHİR TERFİ,YARIMBURGAZ MAH
3088,K.ÇEKMECE,ARIZA SEBEBİ İLE BASINÇ DÜŞÜKLÜĞÜ,17/09/2023 19:34:06,17/09/2023 23:59:00,"BAŞAKŞEHİR TERFİ ,BAYRAMTEPE TERFİ, YAKUPLU TERFİ",YARIMBURGAZ MAH
3089,K.ÇEKMECE,1400 MM ÇAPLI ANA İSALE HATTI ARIZASI,15/09/2023 12:56:34,15/09/2023 15:00:00,BEŞYÜZEVLER TERFŞİ,"ATAKENT MAH,ATATÜRK MAH,BEŞYOL MAH,CENNET MAH,CUMHURİYET MAH,FEVZİ ÇAKMAK MAH,GÜLTEPE MAH,KANARYA MAH,KARTALTEPE MAH,KEMALPASA MAH,MEHMET AKİF MAH,SULTAN MURAT MAH,SÖĞÜTLÜ ÇEŞME MAH,TEVFİKBEY MAH,YENİ MAHALLE MAH,YEŞİLOVA MAH,İNÖNÜ MAH,İSTASYON MAH"
3090,K.ÇEKMECE,ARIZA SEBEBİ İLE BASINÇ DÜŞÜKLÜĞÜ,14/09/2023 00:12:17,14/09/2023 09:00:00,BÜYÜKÇEKMECE SEFAKÖY İSALE HATTI,"CUMHURİYET MAH,FATİH MAH"
3091,K.ÇEKMECE,100 MM ÇAPLI ŞEBEKE HATTI ARIZASI,12/10/2023 14:30:52,12/10/2023 17:30:00,CENNET MAH. 610 SK. NO.5,CENNET MAH
3092,K.ÇEKMECE,100 MM ÇAPLI ŞEBEKE HATTI ARIZASI,31/10/2023 16:30:31,31/10/2023 20:00:00,CENNET MAH. ORHANGAZİ  NO.25,"CENNET MAH,YENİ MAHALLE MAH"
3093,K.ÇEKMECE,100 MM ÇAPLI ŞEBEKE HATTI ARIZASI,13/11/2023 09:59:25,13/11/2023 13:00:00,CENNET MAH. ÖZEN SK. NO.8,"CENNET MAH,SULTAN MURAT MAH,YENİ MAHALLE MAH"
3094,K.ÇEKMECE,100 MM ÇAPLI ŞEBEKE HATTI ARIZASI,12/09/2023 11:38:59,12/09/2023 14:30:00,CENNET MAHALLESİ T.REİS CADDESİ NO:9,CENNET MAH
3095,K.ÇEKMECE,100 MM ÇAPLI ŞEBEKE HATTI ARIZASI,15/04/2023 13:17:56,15/04/2023 18:00:00,CENNET MH İMARET CD NO 3,"CENNET MAH,CUMHURİYET MAH,KANARYA MAH,YENİ MAHALLE MAH"
3096,K.ÇEKMECE,100 MM ÇAPLI ŞEBEKE HATTI ARIZASI,20/05/2023 13:20:59,20/05/2023 17:00:00,CENNET TUNÇ SK NO,"CENNET MAH,YENİ MAHALLE MAH"
3097,K.ÇEKMECE,100 MM ÇAPLI ŞEBEKE HATTI ARIZASI,09/01/2024 10:00:08,09/01/2024 13:00:00,CUMHURİYET MAHALLESİ HARDAL SOKAK,CUMHURİYET MAH
3098,K.ÇEKMECE,TERFİ  MERKEZİ ARIZASI,05/11/2023 01:55:04,05/11/2023 08:00:00,CUMHURİYET TERFİ,"ATAKENT MAH,ATATÜRK MAH,MEHMET AKİF MAH"
3099,K.ÇEKMECE,100 MM ÇAPLI ŞEBEKE HATTI ARIZASI,24/12/2023 11:25:04,24/12/2023 14:00:00,FATIH  MAHALLESI  HAT BOYU  NO  51,FATİH MAH
3100,K.ÇEKMECE,100 MM ÇAPLI ŞEBEKE HATTI ARIZASI,13/11/2023 15:18:33,13/11/2023 19:00:00,FATİH MAH. YALI CD. NO. 29,FATİH MAH
3101,K.ÇEKMECE,100 MM ÇAPLI ŞEBEKE HATTI ARIZASI,14/11/2023 10:34:33,14/11/2023 12:00:00,FATİH MAH. YALI CD. NO. 29,FATİH MAH
3102,K.ÇEKMECE,100 MM ÇAPLI ŞEBEKE HATTI ARIZASI,15/09/2023 08:35:28,15/09/2023 12:30:00,FATİH MAH.PROF. DR. AZİZ SANCAR CD.FATIH MAHALLESI MUHTARLIGI ÖN KISMINDA,FATİH MAH
3103,K.ÇEKMECE,100 MM ÇAPLI ŞEBEKE HATTI ARIZASI,22/06/2023 10:54:06,22/06/2023 18:00:00,FATİH MAHALLESİ,FATİH MAH
3104,K.ÇEKMECE,300 MM ÇAPLI ŞEBEKE HATTI ARIZASI,18/10/2023 14:05:51,18/10/2023 19:00:00,FATİH MAHALLESİ,FATİH MAH
3105,K.ÇEKMECE,100 MM ÇAPLI ŞEBEKE HATTI ARIZASI,02/11/2023 10:42:51,02/11/2023 13:00:00,FATİH MAHALLESİ,FATİH MAH
3106,K.ÇEKMECE,100 MM ÇAPLI ŞEBEKE HATTI ARIZASI,30/03/2023 10:40:38,30/03/2023 13:30:00,FATİH MAHALLESİ ALTIN SOKAK NO:11,FATİH MAH
3107,K.ÇEKMECE,100 MM ÇAPLI ŞEBEKE HATTI ARIZASI,12/12/2023 09:56:50,12/12/2023 13:00:00,FATİH MAHALLESİ PRF AZİZ SANCAR CADDESİ,FATİH MAH
3108,K.ÇEKMECE,100 MM ÇAPLI ŞEBEKE HATTI ARIZASI,08/07/2023 09:47:44,08/07/2023 16:00:00,FATİH MAHALLESİ YALI CD BAŞI,FATİH MAH
3109,K.ÇEKMECE,100 MM ÇAPLI ŞEBEKE HATTI ARIZASI,24/03/2023 08:16:03,24/03/2023 10:30:00,FATİH MAHALLESİNE  10:00 A KADAR SU VERİLEMEYECEKTİR,FATİH MAH
3110,K.ÇEKMECE,ŞEBEKE HATTI VANA MONTAJI/DEĞİŞİMİ,31/08/2023 10:02:51,31/08/2023 17:00:00,FEVZİ  ÇAKMAK VARNA SOKAK,"FEVZİ ÇAKMAK MAH,KANARYA MAH,SULTAN MURAT MAH"
3111,K.ÇEKMECE,100 MM ÇAPLI ŞEBEKE HATTI ARIZASI,27/02/2023 13:28:21,27/02/2023 19:30:00,FEVZİ ÇAKMAK MAH 904 SOKAK,FEVZİ ÇAKMAK MAH
3112,K.ÇEKMECE,100 MM ÇAPLI ŞEBEKE HATTI ARIZASI,26/12/2023 13:08:30,26/12/2023 17:00:00,FEVZİ ÇAKMAK OYUKLU SOKAK KAYA SOKAK KESİŞİMİ 2 ADET 100 MM VANA DEGİŞİMİ,"FEVZİ ÇAKMAK MAH,KANARYA MAH,SULTAN MURAT MAH"
3113,K.ÇEKMECE,100 MM ÇAPLI ŞEBEKE HATTI ARIZASI,19/08/2023 15:34:03,19/08/2023 18:34:00,FEVZİÇAKMAK  KARADENİZ SK,FEVZİ ÇAKMAK MAH
3114,K.ÇEKMECE,100 MM ÇAPLI ŞEBEKE HATTI ARIZASI,18/12/2023 14:57:03,18/12/2023 18:00:00,FEVZİÇAKMAK MAH.  MEHTAP SK  NO.2,"FEVZİ ÇAKMAK MAH,KANARYA MAH,SULTAN MURAT MAH"
3115,K.ÇEKMECE,100 MM ÇAPLI ŞEBEKE HATTI ARIZASI,03/11/2023 17:00:03,03/11/2023 20:00:00,FEVZİÇAKMAK MAH.METİN SOKAK İÇİ,"FEVZİ ÇAKMAK MAH,KANARYA MAH,SULTAN MURAT MAH"
3116,K.ÇEKMECE,100 MM ÇAPLI ŞEBEKE HATTI ARIZASI,03/11/2023 13:39:10,03/11/2023 18:00:00,HAKALI MERKEZ MAHALLESİ GÜLÇİÇEK SOKAK BİR KISMI,HALKALI MERKEZ MAH
3117,K.ÇEKMECE,200 MM ÇAPLI ŞEBEKE HATTI ARIZASI,01/12/2023 22:20:03,02/12/2023 02:30:00,HALAKALI DEMIRKAPI MAH NO 38 ÖNÜ,"HALKALI MERKEZ MAH,TEVFİKBEY MAH,İNÖNÜ MAH"
3118,K.ÇEKMECE,100 MM ÇAPLI ŞEBEKE HATTI ARIZASI,25/03/2023 14:24:18,25/03/2023 17:30:00,HALKALI KARANFİL SK NO 13,HALKALI MERKEZ MAH
3119,K.ÇEKMECE,300 MM ÇAPLI ŞEBEKE HATTI ARIZASI,25/08/2023 14:35:41,26/08/2023 01:00:00,HALKALI KORU CD KÜTÜPHANE ÖNÜ,"HALKALI MERKEZ MAH,SÖĞÜTLÜ ÇEŞME MAH,TEVFİKBEY MAH,İNÖNÜ MAH"
3120,K.ÇEKMECE,100 MM ÇAPLI ŞEBEKE HATTI ARIZASI,09/06/2023 16:31:05,09/06/2023 19:00:00,HALKALI MAH YURTKUR SOKAK İLE EVLİYA SOKAK KESİŞİMİ,"HALKALI MERKEZ MAH,TEVFİKBEY MAH,İNÖNÜ MAH"
3121,K.ÇEKMECE,BASINÇ DÜŞÜKLÜĞÜ,24/09/2023 17:29:49,24/09/2023 23:59:00,HALKALI MAHALLESİ,"ATAKENT MAH,FEVZİ ÇAKMAK MAH,HALKALI MERKEZ MAH,SULTAN MURAT MAH,TEVFİKBEY MAH,İNÖNÜ MAH"
3122,K.ÇEKMECE,100 MM ÇAPLI ŞEBEKE HATTI ARIZASI,24/05/2023 10:49:08,24/05/2023 14:00:00,HALKALI MAHALLESİ KILIÇ SK NO 2 PRİZ ARIZASI SEBEBİYLE SAAT 14.00'E KADAR AŞAĞIDAKİ SOKAKLARA SU VER,"HALKALI MERKEZ MAH,İNÖNÜ MAH"
3123,K.ÇEKMECE,100 MM ÇAPLI ŞEBEKE HATTI ARIZASI,19/07/2023 15:01:35,19/07/2023 18:00:00,HALKALI MENEKŞE SK NO 61,HALKALI MERKEZ MAH
3124,K.ÇEKMECE,100 MM ÇAPLI ŞEBEKE HATTI ARIZASI,20/12/2023 10:47:45,20/12/2023 13:00:00,HALKALI MERKEZ MAH. GUGUK SK. NO. 6,HALKALI MERKEZ MAH
3125,K.ÇEKMECE,100 MM ÇAPLI ŞEBEKE HATTI ARIZASI,18/12/2023 14:22:39,18/12/2023 17:00:00,HALKALI MERKEZ MAH. ÖZEN SK.,HALKALI MERKEZ MAH
3126,K.ÇEKMECE,100 MM ÇAPLI ŞEBEKE HATTI ARIZASI,13/11/2023 11:51:22,13/11/2023 15:00:00,HALKALI MERKEZ MAH. ŞHT.İSMET  ÇAVUŞ SK. NO. 7,HALKALI MERKEZ MAH
3127,K.ÇEKMECE,100 MM ÇAPLI ŞEBEKE HATTI ARIZASI,02/11/2023 12:29:04,02/11/2023 19:00:00,HALKALI MERKEZ MAHALLESI BASIN EKSPRES CADDESİ,HALKALI MERKEZ MAH
3128,K.ÇEKMECE,100 MM ÇAPLI ŞEBEKE HATTI ARIZASI,20/10/2023 13:03:33,20/10/2023 15:00:00,HALKALI MERKEZ MAHALLESI ESKIBAĞLAR CAD NO 80,HALKALI MERKEZ MAH
3129,K.ÇEKMECE,100 MM ÇAPLI ŞEBEKE HATTI ARIZASI,29/11/2023 17:05:14,29/11/2023 20:30:00,HALKALI MERKEZ MAHALLESI SARIÇAM  SOKAK NO 12,HALKALI MERKEZ MAH
3130,K.ÇEKMECE,150 MM ÇAPLI ŞEBEKE HATTI ARIZASI,01/12/2023 11:57:45,01/12/2023 19:00:00,HALKALI MERKEZ MAHALLESİ,"HALKALI MERKEZ MAH,TEVFİKBEY MAH,İNÖNÜ MAH"
3131,K.ÇEKMECE,100 MM ÇAPLI ŞEBEKE HATTI ARIZASI,24/11/2023 10:34:36,24/11/2023 14:00:00,HALKALI MERKEZ MAHALLESİ ARZU SOKAK,HALKALI MERKEZ MAH
3132,K.ÇEKMECE,100 MM ÇAPLI ŞEBEKE HATTI ARIZASI,13/10/2023 17:20:26,13/10/2023 20:00:00,HALKALI MERKEZ MAHALLESİ BÜLENT SOKAK NO:29,HALKALI MERKEZ MAH
3133,K.ÇEKMECE,100 MM ÇAPLI ŞEBEKE HATTI ARIZASI,11/07/2023 11:28:43,11/07/2023 13:30:00,HALKALI SARIÇAM SK NO 7,HALKALI MERKEZ MAH
3134,K.ÇEKMECE,ENERJİ KESİNTİSİ,09/12/2023 19:46:49,09/12/2023 22:00:00,HALKALI TERFİ,"ATAKENT MAH,ATATÜRK MAH,HALKALI MERKEZ MAH,İNÖNÜ MAH,İSTASYON MAH"
3135,K.ÇEKMECE,BASINÇ DÜŞÜKLÜĞÜ,16/09/2023 18:30:47,16/09/2023 20:30:00,HALKALI TERFİ ÇIKIŞI,HALKALI MERKEZ MAH
3136,K.ÇEKMECE,100 MM ÇAPLI ŞEBEKE HATTI ARIZASI,03/10/2023 11:35:59,03/10/2023 14:00:00,HALKALI ŞEN SOKAK,HALKALI MERKEZ MAH
3137,K.ÇEKMECE,100 MM ÇAPLI ŞEBEKE HATTI ARIZASI,08/10/2023 18:23:46,08/10/2023 23:59:00,IKI TELLI TERFI MERKEZI  BASINÇ DÜŞÜKLÜĞÜ MEVCUT,"HALKALI MERKEZ MAH,KANARYA MAH,SÖĞÜTLÜ ÇEŞME MAH"
3138,K.ÇEKMECE,200 MM ÇAPLI ŞEBEKE HATTI ARIZASI,05/10/2023 06:40:36,05/10/2023 08:00:00,INÖNÜ TEVFIKBEY VE HALKALI MERKEZ MAHALLELERINDE BASINÇ DÜŞÜKLÜĞÜ,"HALKALI MERKEZ MAH,TEVFİKBEY MAH,İNÖNÜ MAH"
3139,K.ÇEKMECE,100 MM ÇAPLI ŞEBEKE HATTI ARIZASI,04/03/2023 14:22:39,04/03/2023 16:30:00,ISTASYON MAHALLESI  KURUBAYIR SOKAK NO 11 PRIZ ARIZASI,İSTASYON MAH
3140,K.ÇEKMECE,150 MM ÇAPLI ŞEBEKE HATTI ARIZASI,25/09/2023 09:46:26,25/09/2023 15:00:00,KAMELYA SOKAK,ATAKENT MAH
3141,K.ÇEKMECE,100 MM ÇAPLI ŞEBEKE HATTI ARIZASI,27/12/2023 14:22:53,27/12/2023 18:00:00,KANARYA ALAKARGA,"FEVZİ ÇAKMAK MAH,KANARYA MAH,SULTAN MURAT MAH"
3142,K.ÇEKMECE,100 MM ÇAPLI ŞEBEKE HATTI ARIZASI,26/04/2023 11:20:16,26/04/2023 15:00:00,KANARYA FLMAN CADDESİ,"FEVZİ ÇAKMAK MAH,KANARYA MAH,SULTAN MURAT MAH"
3143,K.ÇEKMECE,100 MM ÇAPLI ŞEBEKE HATTI ARIZASI,28/08/2023 12:15:20,28/08/2023 15:00:00,KANARYA FLORYA CD NO 96,"FEVZİ ÇAKMAK MAH,KANARYA MAH,SULTAN MURAT MAH"
3144,K.ÇEKMECE,100 MM ÇAPLI ŞEBEKE HATTI ARIZASI,07/10/2023 10:55:58,07/10/2023 17:00:00,KANARYA MAH. PAPAĞAN CD.,KANARYA MAH
3145,K.ÇEKMECE,100 MM ÇAPLI ŞEBEKE HATTI ARIZASI,13/12/2023 13:38:53,13/12/2023 16:00:00,KANARYA MAHALLESİ DEVEKUŞU SOKAK 14,"FEVZİ ÇAKMAK MAH,KANARYA MAH,SULTAN MURAT MAH"
3146,K.ÇEKMECE,150 MM ÇAPLI ŞEBEKE HATTI ARIZASI,14/04/2023 14:47:54,14/04/2023 18:00:00,KANARYA MAHALLESİ SÜLÜN SK. İLE SERÇE SK. KESİŞİMİ,"FEVZİ ÇAKMAK MAH,KANARYA MAH,SULTAN MURAT MAH"
3147,K.ÇEKMECE,100 MM ÇAPLI ŞEBEKE HATTI ARIZASI,10/11/2023 11:38:35,10/11/2023 14:30:00,KANARYA MAHALLESİ ÇALIKUŞU SOKAK NO:32,KANARYA MAH
3148,K.ÇEKMECE,100 MM ÇAPLI ŞEBEKE HATTI ARIZASI,01/03/2023 15:32:23,01/03/2023 18:30:00,KANARYA ŞAHİN CD NO 84,"FEVZİ ÇAKMAK MAH,KANARYA MAH,SULTAN MURAT MAH"
3149,K.ÇEKMECE,100 MM ÇAPLI ŞEBEKE HATTI ARIZASI,02/03/2023 08:55:42,02/03/2023 12:00:00,KANARYA ŞAHİN CD NO 84,"FEVZİ ÇAKMAK MAH,KANARYA MAH,SULTAN MURAT MAH"
3150,K.ÇEKMECE,100 MM ÇAPLI ŞEBEKE HATTI ARIZASI,19/06/2023 14:28:18,19/06/2023 16:30:00,KARTALTEPE 6 MAYIS SK NO 4,KARTALTEPE MAH
3151,K.ÇEKMECE,100 MM ÇAPLI ŞEBEKE HATTI ARIZASI,31/10/2023 09:38:54,31/10/2023 14:00:00,KARTALTEPE KANARYA SOKAK PİRİZ ARIZASI,"KARTALTEPE MAH,TEVFİKBEY MAH"
3152,K.ÇEKMECE,100 MM ÇAPLI ŞEBEKE HATTI ARIZASI,28/03/2023 14:51:27,28/03/2023 17:00:00,KARTALTEPE MAHALLESİ ERKEN SOKAK İÇİ,"KARTALTEPE MAH,TEVFİKBEY MAH"
3153,K.ÇEKMECE,100 MM ÇAPLI ŞEBEKE HATTI ARIZASI,27/10/2023 15:45:46,27/10/2023 19:00:00,KARTALTEPE MAHALLESİ HİSAR SOKAK,KARTALTEPE MAH
3154,K.ÇEKMECE,100 MM ÇAPLI ŞEBEKE HATTI ARIZASI,08/09/2023 16:52:19,08/09/2023 20:00:00,KEMALPAŞA MAHALLESİ BİGA SOKAKİÇİ,KEMALPASA MAH
3155,K.ÇEKMECE,ŞEBEKE HATTI VANA MONTAJI/DEĞİŞİMİ,01/06/2023 14:19:17,01/06/2023 17:00:00,KEMALPAŞA MAHALLESİ HALKALI CADDESİ,KEMALPASA MAH
3156,K.ÇEKMECE,100 MM ÇAPLI ŞEBEKE HATTI ARIZASI,29/03/2023 16:14:32,29/03/2023 18:30:00,KÜÇÜKÇEKMECE FEVZİ ÇAKMAK FİDAN SOKAK,FEVZİ ÇAKMAK MAH
3157,K.ÇEKMECE,BASINÇ DÜŞÜKLÜĞÜ,17/09/2023 20:09:29,17/09/2023 23:59:00,KÜÇÜKÇEKMECE İLÇESİNDE BASINNÇ DÜŞÜKLÜĞÜ NEDENİ İLE,"ATATÜRK MAH,BEŞYOL MAH,FEVZİ ÇAKMAK MAH,GÜLTEPE MAH,HALKALI MERKEZ MAH,KANARYA MAH,MEHMET AKİF MAH,SULTAN MURAT MAH,SÖĞÜTLÜ ÇEŞME MAH,TEVFİKBEY MAH"
3158,K.ÇEKMECE,100 MM ÇAPLI ŞEBEKE HATTI ARIZASI,19/01/2024 19:52:01,19/01/2024 23:00:00,MEHMET AKIF ERSOY MAHALLESI SERHAT SK NO 32,"ATATÜRK MAH,MEHMET AKİF MAH"
3159,K.ÇEKMECE,100 MM ÇAPLI ŞEBEKE HATTI ARIZASI,20/01/2024 11:43:30,20/01/2024 14:00:00,MEHMET AKİF MAHALLESİ,"ATATÜRK MAH,MEHMET AKİF MAH"
3160,K.ÇEKMECE,100 MM ÇAPLI ŞEBEKE HATTI ARIZASI,12/05/2023 12:00:09,12/05/2023 15:00:00,MEHMETAKİF  MAHALLESİ,MEHMET AKİF MAH
3161,K.ÇEKMECE,100 MM ÇAPLI ŞEBEKE HATTI ARIZASI,06/10/2023 16:08:44,06/10/2023 18:00:00,MEHMETAKİF MAHALLESİ PİRİREİS SOKAK İÇİ,"ATATÜRK MAH,MEHMET AKİF MAH"
3162,K.ÇEKMECE,150 MM ÇAPLI ŞEBEKE HATTI ARIZASI,14/06/2023 10:40:05,14/06/2023 19:00:00,MEHMETAKİF MAHALLESİ SÜPHAN,"ATATÜRK MAH,MEHMET AKİF MAH"
3163,K.ÇEKMECE,100 MM ÇAPLI ŞEBEKE HATTI ARIZASI,27/02/2023 16:29:54,27/02/2023 19:00:00,MEHMETAKİF MAHALLESİ UZAY SOKAK NO.57 ÖNÜ,"ATATÜRK MAH,MEHMET AKİF MAH"
3164,K.ÇEKMECE,100 MM ÇAPLI ŞEBEKE HATTI ARIZASI,02/11/2023 19:07:33,02/11/2023 22:00:00,MEHMETAKİF MAHALLESİ ÇAM SOKAK  İÇİ,"ATATÜRK MAH,MEHMET AKİF MAH"
3165,K.ÇEKMECE,100 MM ÇAPLI ŞEBEKE HATTI ARIZASI,10/03/2023 10:36:48,10/03/2023 14:00:00,MEHMETAKİF SERİN SK NO 27,"ATATÜRK MAH,MEHMET AKİF MAH"
3166,K.ÇEKMECE,100 MM ÇAPLI ŞEBEKE HATTI ARIZASI,30/09/2023 14:47:24,30/09/2023 17:00:00,MERKEZ HALKALI MAH. PEHLİVAN SK.,HALKALI MERKEZ MAH
3167,K.ÇEKMECE,500 MM ÇAPLI ANA İSALE HATTI ARIZASI,25/09/2023 13:54:57,25/09/2023 20:00:00,SOYAK SİTESİ MEVKİİ,"ATAKENT MAH,İSTASYON MAH"
3168,K.ÇEKMECE,100 MM ÇAPLI ŞEBEKE HATTI ARIZASI,28/10/2023 10:21:28,28/10/2023 13:30:00,SULTAN MURAT MAH SERBEST SOKAKTAKI PIRIZ ARIZASINDAN DOLAYI CENNET VE SULTANMURAT MAH SULARI KESILEC,"CENNET MAH,SULTAN MURAT MAH"
3169,K.ÇEKMECE,100 MM ÇAPLI ŞEBEKE HATTI ARIZASI,29/08/2023 14:27:58,29/08/2023 16:30:00,SULTANMURAT MAHALLESİ 4.ÇİMEN SK NO 12,"BEŞYOL MAH,CENNET MAH,FEVZİ ÇAKMAK MAH,GÜLTEPE MAH,SULTAN MURAT MAH,YEŞİLOVA MAH"
3170,K.ÇEKMECE,100 MM ÇAPLI ŞEBEKE HATTI ARIZASI,30/09/2023 18:35:15,30/09/2023 23:59:00,SÖĞTLÜÇEŞME MH. HUZUR CD. NO36,SÖĞÜTLÜ ÇEŞME MAH
3171,K.ÇEKMECE,100 MM ÇAPLI ŞEBEKE HATTI ARIZASI,26/06/2023 16:39:08,26/06/2023 19:00:00,SÖĞÜTLÜ ÇEŞME MAH FATİH SOKAK,SÖĞÜTLÜ ÇEŞME MAH
3172,K.ÇEKMECE,100 MM ÇAPLI ŞEBEKE HATTI ARIZASI,01/02/2024 16:55:37,01/02/2024 20:00:00,SÖĞÜTLÜ ÇEŞME MAHALLESI ÖNER SOKAK NO 61,SÖĞÜTLÜ ÇEŞME MAH
3173,K.ÇEKMECE,250 MM ÇAPLI ŞEBEKE HATTI ARIZASI,01/10/2023 14:12:26,01/10/2023 20:30:00,SÖĞÜTLÜÇEŞME  HALKALI CD. İLE  2319  SK. KES.,SÖĞÜTLÜ ÇEŞME MAH
3174,K.ÇEKMECE,100 MM ÇAPLI ŞEBEKE HATTI ARIZASI,11/08/2023 15:50:35,11/08/2023 18:00:00,SÖĞÜTLÜÇEŞME GÜLBAHAR SK NO 81,SÖĞÜTLÜ ÇEŞME MAH
3175,K.ÇEKMECE,100 MM ÇAPLI ŞEBEKE HATTI ARIZASI,23/01/2024 16:39:57,23/01/2024 20:00:00,SÖĞÜTLÜÇEŞME MAHALLESİ  FATİH SOKAK NO:04,SÖĞÜTLÜ ÇEŞME MAH
3176,K.ÇEKMECE,100 MM ÇAPLI ŞEBEKE HATTI ARIZASI,12/06/2023 16:07:37,12/06/2023 20:00:00,SÖĞÜTLÜÇEŞME MAHALLESİ ATATÜRK CADDESİ İLE FAHRİ SOKAK KESİŞİMİ,SÖĞÜTLÜ ÇEŞME MAH
3177,K.ÇEKMECE,100 MM ÇAPLI ŞEBEKE HATTI ARIZASI,06/07/2023 12:15:52,06/07/2023 15:00:00,SÖĞÜTLÜÇEŞME MAHALLESİ KRUTÜRK SOKAK,SÖĞÜTLÜ ÇEŞME MAH
3178,K.ÇEKMECE,100 MM ÇAPLI ŞEBEKE HATTI ARIZASI,05/05/2023 14:36:20,05/05/2023 18:00:00,SÖĞÜTLÜÇEŞME MAHALLESİ KÖMÜRCÜYOLU CADDESİ,SÖĞÜTLÜ ÇEŞME MAH
3179,K.ÇEKMECE,ARIZA SEBEBİ İLE BASINÇ DÜŞÜKLÜĞÜ,20/06/2023 06:31:32,20/06/2023 18:00:00,TERKOS-İKİTELLİ İSALE HATTI,"ATAKENT MAH,KANARYA MAH,YARIMBURGAZ MAH,YEŞİLOVA MAH,İSTASYON MAH"
3180,K.ÇEKMECE,150 MM ÇAPLI ŞEBEKE HATTI ARIZASI,26/10/2023 14:54:40,26/10/2023 18:00:00,TEVFIKBEY MAH PAZARYOLU SOKAK PIRIZ ARIZASINDAN DOLAYI TEVFIKBEY,"CUMHURİYET MAH,KARTALTEPE MAH,TEVFİKBEY MAH"
3181,K.ÇEKMECE,100 MM ÇAPLI ŞEBEKE HATTI ARIZASI,03/11/2023 17:10:28,03/11/2023 20:00:00,TEVFİKBEY BAHALLESİ DAR SOKAK İÇİ,"KARTALTEPE MAH,TEVFİKBEY MAH"
3182,K.ÇEKMECE,100 MM ÇAPLI ŞEBEKE HATTI ARIZASI,07/02/2024 10:04:20,07/02/2024 14:00:00,TEVFİKBEY DAR SOKAK,"KARTALTEPE MAH,TEVFİKBEY MAH"
3183,K.ÇEKMECE,150 MM ÇAPLI ŞEBEKE HATTI ARIZASI,20/02/2023 09:46:30,20/02/2023 13:00:00,TEVFİKBEY MAH. 20 TEMMUZ CAD.,TEVFİKBEY MAH
3184,K.ÇEKMECE,100 MM ÇAPLI ŞEBEKE HATTI ARIZASI,31/10/2023 17:07:42,31/10/2023 22:00:00,TEVFİKBEY MAH. 2317  SK.  NO. 9    KÖR TAPA ARIZASINDAN DOLAYI,"KARTALTEPE MAH,TEVFİKBEY MAH"
3185,K.ÇEKMECE,100 MM ÇAPLI ŞEBEKE HATTI ARIZASI,16/10/2023 14:30:31,16/10/2023 16:30:00,TEVFİKBEY MAH. KAHRAMANLAR SK. PİRİZ ARIZASI,TEVFİKBEY MAH
3186,K.ÇEKMECE,100 MM ÇAPLI ŞEBEKE HATTI ARIZASI,20/10/2023 11:42:43,20/10/2023 16:00:00,TEVFİKBEY MAH. KAHRAMANLAR SK. PİRİZ ARIZASI,TEVFİKBEY MAH
3187,K.ÇEKMECE,100 MM ÇAPLI ŞEBEKE HATTI ARIZASI,04/04/2023 14:22:05,04/04/2023 16:30:00,TEVFİKBEY MAHALLESİ,TEVFİKBEY MAH
3188,K.ÇEKMECE,100 MM ÇAPLI ŞEBEKE HATTI ARIZASI,30/10/2023 14:00:38,30/10/2023 17:00:00,TEVFİKBEY MAHALLESİ   İLKBAHAR SOKA İÇİ,TEVFİKBEY MAH
3189,K.ÇEKMECE,200 MM ÇAPLI ŞEBEKE HATTI ARIZASI,16/09/2023 14:42:07,16/09/2023 17:00:00,TEVFİKBEY MAHALLESİ  HALKALI CD.,"SÖĞÜTLÜ ÇEŞME MAH,TEVFİKBEY MAH,İNÖNÜ MAH"
3190,K.ÇEKMECE,100 MM ÇAPLI ŞEBEKE HATTI ARIZASI,12/09/2023 14:24:18,12/09/2023 19:00:00,TEVFİKBEY MAHALLESİ ARAS SOKAK BAŞI,"KARTALTEPE MAH,TEVFİKBEY MAH"
3191,K.ÇEKMECE,100 MM ÇAPLI ŞEBEKE HATTI ARIZASI,22/07/2023 20:05:12,22/07/2023 23:59:00,TEVFİKBEY MAHALLESİ GÖZDE SOKAK NO:06,"KARTALTEPE MAH,TEVFİKBEY MAH,İNÖNÜ MAH"
3192,K.ÇEKMECE,100 MM ÇAPLI ŞEBEKE HATTI ARIZASI,14/12/2023 13:00:29,14/12/2023 16:00:00,TEVFİKBEY MAHALLESİ MERKEZ CAD İLE KAPLANÇIKMAZI SOKAK KESİŞİMİ,"KARTALTEPE MAH,TEVFİKBEY MAH"
3193,K.ÇEKMECE,100 MM ÇAPLI ŞEBEKE HATTI ARIZASI,25/12/2023 13:31:55,25/12/2023 16:30:00,TEVFİKBEY MAHALLESİ İSTİKLAL CADDESİ,"TEVFİKBEY MAH,İNÖNÜ MAH"
3194,K.ÇEKMECE,100 MM ÇAPLI ŞEBEKE HATTI ARIZASI,16/05/2023 14:58:02,16/05/2023 16:00:00,TEVFİKBEY TEKİN SOKAK,TEVFİKBEY MAH
3195,K.ÇEKMECE,100 MM ÇAPLI ŞEBEKE HATTI ARIZASI,16/03/2023 14:45:00,16/03/2023 19:00:00,YARIM BURGAZ MAH 2 ŞAFAK SOKAK NO: 9,YARIMBURGAZ MAH
3196,K.ÇEKMECE,100 MM ÇAPLI ŞEBEKE HATTI ARIZASI,14/01/2024 10:54:38,14/01/2024 13:00:00,YARIMBURGAZ MAHALLESI İSTANBUL CD NO 104,"ATAKENT MAH,YARIMBURGAZ MAH"
3197,K.ÇEKMECE,100 MM ÇAPLI ŞEBEKE HATTI ARIZASI,05/12/2023 13:24:13,05/12/2023 19:00:00,YENİ MAHALLE,"CENNET MAH,YENİ MAHALLE MAH"
3198,K.ÇEKMECE,100 MM ÇAPLI ŞEBEKE HATTI ARIZASI,04/08/2023 09:41:01,04/08/2023 13:00:00,YENİMAHALLE ŞHT AYHAN KOCAMAN SK NO 13,"CENNET MAH,YENİ MAHALLE MAH,YEŞİLOVA MAH"
3199,K.ÇEKMECE,100 MM ÇAPLI ŞEBEKE HATTI ARIZASI,05/11/2023 11:34:41,05/11/2023 15:00:00,YEŞILOVA MH  2 ER SK PIRIZ  ARZASI  VAR  SUYU  KESTINTISI,YEŞİLOVA MAH
3200,K.ÇEKMECE,100 MM ÇAPLI ŞEBEKE HATTI ARIZASI,04/12/2023 11:39:20,04/12/2023 15:00:00,YEŞİLOVA MAHALLESİ DUMLUPINAR CADDESİ,"BEŞYOL MAH,GÜLTEPE MAH,KEMALPASA MAH,SULTAN MURAT MAH,YEŞİLOVA MAH"
3201,K.ÇEKMECE,1800 MM ÇAPLI ANA İSALE HATTI ARIZASI,15/08/2023 09:56:03,16/08/2023 06:00:00,İKİTELLİ BAŞAKŞEHİR HATTI,"ATAKENT MAH,ATATÜRK MAH,HALKALI MERKEZ MAH,KÜÇÜKÇEKMECE İKİTELLİOSB,MEHMET AKİF MAH,SÖĞÜTLÜ ÇEŞME MAH,TEVFİKBEY MAH,İNÖNÜ MAH"
3202,K.ÇEKMECE,ANA İSALE HATTI VANA ARIZASI,01/12/2023 08:53:33,01/12/2023 20:00:00,İKİTELLİ STT,"ATAKENT MAH,ATATÜRK MAH,KÜÇÜKÇEKMECE İKİTELLİOSB,MEHMET AKİF MAH"
3203,K.ÇEKMECE,ANA İSALE HATTI YENİLEMESİ,19/06/2023 05:49:47,20/06/2023 06:00:00,İKİTELLİ-TERKOS,"ATAKENT MAH,KANARYA MAH,YARIMBURGAZ MAH,İSTASYON MAH"
3204,K.ÇEKMECE,100 MM ÇAPLI ŞEBEKE HATTI ARIZASI,25/11/2023 10:56:12,25/11/2023 15:00:00,İNÖNÜ  MAHALLESİÇAYIRKUŞU SOKAK,"TEVFİKBEY MAH,İNÖNÜ MAH"
3205,K.ÇEKMECE,100 MM ÇAPLI ŞEBEKE HATTI ARIZASI,18/07/2023 10:35:29,18/07/2023 13:30:00,İNÖNÜ  PLEVNE SK NO 7,"TEVFİKBEY MAH,İNÖNÜ MAH"
3206,K.ÇEKMECE,100 MM ÇAPLI ŞEBEKE HATTI ARIZASI,17/07/2023 10:01:38,17/07/2023 12:00:00,İNÖNÜ GÜR SK NO 17,"HALKALI MERKEZ MAH,TEVFİKBEY MAH,İNÖNÜ MAH"
3207,K.ÇEKMECE,100 MM ÇAPLI ŞEBEKE HATTI ARIZASI,23/02/2023 15:55:05,23/02/2023 19:00:00,İNÖNÜ MAH SUNGUR SOKAK İLE HABİL SOKAK KESİŞİMİ,İNÖNÜ MAH
3208,K.ÇEKMECE,100 MM ÇAPLI ŞEBEKE HATTI ARIZASI,12/08/2023 21:15:42,13/08/2023 03:00:00,İNÖNÜ MAH YASARDOĞU CD ORHANGAZI SK KESIŞIMI,"HALKALI MERKEZ MAH,İNÖNÜ MAH"
3209,K.ÇEKMECE,100 MM ÇAPLI ŞEBEKE HATTI ARIZASI,11/02/2024 20:47:09,12/02/2024 22:00:00,İNÖNÜ MAH. 1307 SK.,"TEVFİKBEY MAH,İNÖNÜ MAH"
3210,K.ÇEKMECE,100 MM ÇAPLI ŞEBEKE HATTI ARIZASI,28/11/2023 11:32:36,28/11/2023 14:00:00,İNÖNÜ MAH. OĞUHAN SK.,İNÖNÜ MAH
3211,K.ÇEKMECE,100 MM ÇAPLI ŞEBEKE HATTI ARIZASI,23/10/2023 10:01:16,23/10/2023 15:00:00,İNÖNÜ MAHALLE DİKMEN SK NO 15,"SÖĞÜTLÜ ÇEŞME MAH,TEVFİKBEY MAH,İNÖNÜ MAH"
3212,K.ÇEKMECE,100 MM ÇAPLI ŞEBEKE HATTI ARIZASI,04/02/2024 12:41:55,04/02/2024 16:00:00,İNÖNÜ MAHALLESİ,"TEVFİKBEY MAH,İNÖNÜ MAH"
3213,K.ÇEKMECE,100 MM ÇAPLI ŞEBEKE HATTI ARIZASI,11/07/2023 23:10:54,12/07/2023 01:00:00,İNÖNÜ MAHALLESİ                    TARAKÇIOĞLU SOKAK PİRİZ ARIZASI,İNÖNÜ MAH
3214,K.ÇEKMECE,300 MM ÇAPLI ŞEBEKE HATTI ARIZASI,22/09/2023 14:31:59,22/09/2023 19:00:00,İNÖNÜ MAHALLESİ 400 LÜK VANA ARIZASI,İNÖNÜ MAH
3215,K.ÇEKMECE,BASINÇ DÜŞÜKLÜĞÜ,22/09/2023 19:00:16,23/09/2023 08:00:00,İNÖNÜ MAHALLESİ 400 LÜK VANA ARIZASI,İNÖNÜ MAH
3216,K.ÇEKMECE,100 MM ÇAPLI ŞEBEKE HATTI ARIZASI,19/02/2024 11:13:32,19/02/2024 14:00:00,İNÖNÜ MAHALLESİ ENFES SOKAK PİRİZ ARIZASI,"TEVFİKBEY MAH,İNÖNÜ MAH"
3217,K.ÇEKMECE,300 MM ÇAPLI ŞEBEKE HATTI ARIZASI,13/04/2023 09:43:27,13/04/2023 15:30:00,İNÖNÜ MAHALLESİ MASLAK ÇEŞME CD. İLE KUBİLAY CD.KESİŞİMİ,"TEVFİKBEY MAH,İNÖNÜ MAH"
3218,K.ÇEKMECE,100 MM ÇAPLI ŞEBEKE HATTI ARIZASI,02/03/2023 11:18:33,02/03/2023 20:00:00,İNÖNÜ MAHALLESİ SEL SK,İNÖNÜ MAH
3219,K.ÇEKMECE,100 MM ÇAPLI ŞEBEKE HATTI ARIZASI,12/09/2023 10:39:51,12/09/2023 16:00:00,İNÖNÜ MAHALLESİ YEŞİL SOKAK İLE GÜL SOKAK KESİŞİMİ,"HALKALI MERKEZ MAH,İNÖNÜ MAH"
3220,K.ÇEKMECE,100 MM ÇAPLI ŞEBEKE HATTI ARIZASI,08/08/2023 14:47:16,08/08/2023 18:00:00,İNÖNÜ ÜZÜM SK NO 14,"TEVFİKBEY MAH,İNÖNÜ MAH"
3221,K.ÇEKMECE,150 MM ÇAPLI ŞEBEKE HATTI ARIZASI,24/07/2023 14:14:41,24/07/2023 18:00:00,İNÖNÜ İSTİKLAL CD İLE ÜZÜM SK KESİŞİMİ,"TEVFİKBEY MAH,İNÖNÜ MAH"
3222,K.ÇEKMECE,ŞEBEKE HATTI VANA MONTAJI/DEĞİŞİMİ,01/06/2023 11:21:23,01/06/2023 17:00:00,İNÖNÜMAHALLESİ İSTİKLAL CADDESİ KESİŞİMİ,"HALKALI MERKEZ MAH,TEVFİKBEY MAH,İNÖNÜ MAH"
3223,K.ÇEKMECE,100 MM ÇAPLI ŞEBEKE HATTI ARIZASI,16/08/2023 11:54:22,16/08/2023 14:00:00,İSTASYON KASIMAPATI SK NO 9,İSTASYON MAH
3224,K.ÇEKMECE,100 MM ÇAPLI ŞEBEKE HATTI ARIZASI,07/03/2023 14:11:48,07/03/2023 16:00:00,İSTASYON MAH ÜMRANİYE SOKAK NO:08,İSTASYON MAH
3225,K.ÇEKMECE,100 MM ÇAPLI ŞEBEKE HATTI ARIZASI,11/11/2023 21:59:38,12/11/2023 01:00:00,İSTASYON MAH ŞIRIN SK NO 6 PRIZ ARIZASINDAN DOLAYI ISTASYON MAH SUYUNU KESTIK 3 SAAT,"KANARYA MAH,İSTASYON MAH"
3226,K.ÇEKMECE,100 MM ÇAPLI ŞEBEKE HATTI ARIZASI,06/09/2023 09:56:50,06/09/2023 13:30:00,İSTASYON MAHALLESI NÜKLEER ARAŞTIRMA MERKEZI NDE,İSTASYON MAH
3227,K.ÇEKMECE,100 MM ÇAPLI ŞEBEKE HATTI ARIZASI,03/05/2023 09:18:26,03/05/2023 12:30:00,İSTASYON MAHALLESİ,"KANARYA MAH,İSTASYON MAH"
3228,K.ÇEKMECE,100 MM ÇAPLI ŞEBEKE HATTI ARIZASI,08/05/2023 10:26:34,08/05/2023 12:30:00,İSTASYON MAHALLESİ,"ATAKENT MAH,İSTASYON MAH"
3229,K.ÇEKMECE,100 MM ÇAPLI ŞEBEKE HATTI ARIZASI,07/07/2023 11:55:43,07/07/2023 16:00:00,İSTASYON MAHALLESİ,İSTASYON MAH
3230,K.ÇEKMECE,100 MM ÇAPLI ŞEBEKE HATTI ARIZASI,05/10/2023 12:25:11,05/10/2023 15:00:00,İSTASYON MAHALLESİ,İSTASYON MAH
3231,K.ÇEKMECE,100 MM ÇAPLI ŞEBEKE HATTI ARIZASI,22/12/2023 22:40:11,23/12/2023 04:00:00,İSTASYON MAHALLESİ,İSTASYON MAH
3232,K.ÇEKMECE,100 MM ÇAPLI ŞEBEKE HATTI ARIZASI,27/12/2023 09:56:43,27/12/2023 14:00:00,İSTASYON MAHALLESİ,İSTASYON MAH
3233,K.ÇEKMECE,100 MM ÇAPLI ŞEBEKE HATTI ARIZASI,20/09/2023 15:23:31,20/09/2023 21:00:00,İSTASYON MAHALLESİ 1428 SK,İSTASYON MAH
3234,K.ÇEKMECE,100 MM ÇAPLI ŞEBEKE HATTI ARIZASI,19/09/2023 16:27:44,19/09/2023 23:59:00,İSTASYON MAHALLESİ 1428.SOKAK İÇİ,İSTASYON MAH
3235,K.ÇEKMECE,100 MM ÇAPLI ŞEBEKE HATTI ARIZASI,30/01/2024 15:17:30,30/01/2024 18:00:00,İSTASYON MAHALLESİ 1432 SOKAK BAŞI,İSTASYON MAH
3236,K.ÇEKMECE,100 MM ÇAPLI ŞEBEKE HATTI ARIZASI,25/06/2023 10:57:36,25/06/2023 13:30:00,İSTASYON MAHALLESİ KURUBAYIR SK NO 7,İSTASYON MAH
3237,K.ÇEKMECE,100 MM ÇAPLI ŞEBEKE HATTI ARIZASI,19/02/2023 13:30:05,19/02/2023 17:00:00,İSTASYON MAHALLESİ REYHANİYE SK NO 13,İSTASYON MAH
3238,K.ÇEKMECE,100 MM ÇAPLI ŞEBEKE HATTI ARIZASI,07/08/2023 16:06:10,07/08/2023 18:00:00,İSTASYON MAHALLESİ RIFAT ILGAZ CD NO VAKIF BANK SİTESİ    26 I BLOK ÖNÜ,İSTASYON MAH
3239,K.ÇEKMECE,100 MM ÇAPLI ŞEBEKE HATTI ARIZASI,27/03/2023 10:21:14,27/03/2023 13:00:00,İSTASYON MAHALLESİ RIFAT ILGAZ CD VAKIFBANK EVLERİ ÖNÜ,İSTASYON MAH
3240,K.ÇEKMECE,100 MM ÇAPLI ŞEBEKE HATTI ARIZASI,04/09/2023 10:43:18,04/09/2023 13:00:00,İSTASYON MAHALLESİ YARIMBURGAZ CD KONUT BİRLİK SİTESİ,İSTASYON MAH
3241,K.ÇEKMECE,100 MM ÇAPLI ŞEBEKE HATTI ARIZASI,07/09/2023 08:36:22,07/09/2023 11:00:00,İSTASYON MH AKASYA SK TAKI PRIZ ARZASI,"KANARYA MAH,İSTASYON MAH"
3242,K.ÇEKMECE,100 MM ÇAPLI ŞEBEKE HATTI ARIZASI,29/04/2023 14:39:22,29/04/2023 16:30:00,İSTASYON RIFAT ILGAZ CD NO 26,İSTASYON MAH
3243,K.ÇEKMECE,100 MM ÇAPLI ŞEBEKE HATTI ARIZASI,22/05/2023 13:50:43,22/05/2023 16:00:00,İSTASYON İŞÇİLER SK NO 10,İSTASYON MAH
3244,KADIKÖY,100 MM ÇAPLI ŞEBEKE HATTI ARIZASI,26/09/2023 17:09:25,26/09/2023 21:00:00, EĞİTİM MH GELİNCİK SK NO 3,EĞİTİM MAH
3245,KADIKÖY,100 MM ÇAPLI ŞEBEKE HATTI ARIZASI,15/09/2023 15:04:49,15/09/2023 18:00:00, RASIMPAŞA MAH. MELTEM SK. N. 4,"OSMANAĞA MAH,RASİMPAŞA MAH"
3246,KADIKÖY,100 MM ÇAPLI ŞEBEKE HATTI ARIZASI,14/11/2023 11:33:29,14/11/2023 16:00:00, ZÜHTÜPAŞA  MH RECEP PEKER CD NO 5,"CAFERAĞA MAH,FENERBAHÇE MAH,OSMANAĞA MAH,RASİMPAŞA MAH,ZÜHTÜPAŞA MAH"
3247,KADIKÖY,100 MM ÇAPLI ŞEBEKE HATTI ARIZASI,18/02/2023 12:08:36,18/02/2023 14:00:00,19 MAYIS MAH. GÜRSOYLU SK. N.35,19 MAYIS MAH
3248,KADIKÖY,100 MM ÇAPLI ŞEBEKE HATTI ARIZASI,28/03/2023 14:55:11,28/03/2023 19:00:00,19 MAYIS MAH. INÖNÜ CAD. N.82,"19 MAYIS MAH,ERENKÖY MAH,SAHRAYICEDİT MAH"
3249,KADIKÖY,300 MM ÇAPLI ŞEBEKE HATTI ARIZASI,23/03/2023 16:19:28,23/03/2023 23:50:00,19 MAYIS MAHALLESI ATATÜRK CD NO 4,"19 MAYIS MAH,KOZYATAĞI MAH,MERDİVENKÖY MAH,SAHRAYICEDİT MAH"
3250,KADIKÖY,100 MM ÇAPLI ŞEBEKE HATTI ARIZASI,10/06/2023 13:21:37,10/06/2023 15:00:00,19 MAYIS MH SİNAN ERCAN CD,19 MAYIS MAH
3251,KADIKÖY,200 MM ÇAPLI ŞEBEKE HATTI ARIZASI,30/03/2023 13:47:22,30/03/2023 19:00:00,19MAYIS ŞEMSETTİN GÜNALTAY 120 ÖNÜ,"19 MAYIS MAH,BOSTANCI MAH,KOZYATAĞI MAH"
3252,KADIKÖY,100 MM ÇAPLI ŞEBEKE HATTI ARIZASI,15/03/2023 09:52:13,15/03/2023 14:00:00,ACIBADEM  MAH. BOYACI MEHMET SK IÇI,ACIBADEM MAH
3253,KADIKÖY,ŞEBEKE HATTI VANA MONTAJI/DEĞİŞİMİ,31/01/2024 13:16:06,31/01/2024 18:00:00,ACIBADEM BEYAZ KARANFIL 3 ÖNÜ,ACIBADEM MAH
3254,KADIKÖY,100 MM ÇAPLI ŞEBEKE HATTI ARIZASI,28/08/2023 09:33:55,28/08/2023 13:00:00,ACIBADEM ISMAIL HAKKIBEY 66,ACIBADEM MAH
3255,KADIKÖY,100 MM ÇAPLI ŞEBEKE HATTI ARIZASI,26/06/2023 11:43:40,26/06/2023 14:00:00,ACIBADEM ISMAIL HAKKIBEY SOKAK,ACIBADEM MAH
3256,KADIKÖY,100 MM ÇAPLI ŞEBEKE HATTI ARIZASI,13/09/2023 10:11:50,13/09/2023 15:00:00,ACIBADEM MAH.  ÖMER CELAL BEY SK. N. 30,"ACIBADEM MAH,HASANPAŞA MAH,KOŞUYOLU MAH"
3257,KADIKÖY,100 MM ÇAPLI ŞEBEKE HATTI ARIZASI,19/09/2023 11:31:17,19/09/2023 14:00:00,ACIBADEM MAH. ACIBADEM CD. N. 57,"ACIBADEM MAH,HASANPAŞA MAH"
3258,KADIKÖY,100 MM ÇAPLI ŞEBEKE HATTI ARIZASI,23/09/2023 11:25:22,23/09/2023 16:00:00,ACIBADEM MAH. ACIBADEM CD. N.128,ACIBADEM MAH
3259,KADIKÖY,100 MM ÇAPLI ŞEBEKE HATTI ARIZASI,08/03/2023 10:58:07,08/03/2023 13:00:00,ACIBADEM MAH. ANAYOL  SK. NAKKAS SK KES.,ACIBADEM MAH
3260,KADIKÖY,100 MM ÇAPLI ŞEBEKE HATTI ARIZASI,25/01/2024 11:46:53,25/01/2024 16:00:00,ACIBADEM MAH. BAL SK. İKBALÇEŞME SK. KES.,"ACIBADEM MAH,HASANPAŞA MAH"
3261,KADIKÖY,100 MM ÇAPLI ŞEBEKE HATTI ARIZASI,21/12/2023 15:16:48,21/12/2023 18:00:00,ACIBADEM MAH. SARAYARDI CD. N. 80,"ACIBADEM MAH,HASANPAŞA MAH"
3262,KADIKÖY,100 MM ÇAPLI ŞEBEKE HATTI ARIZASI,03/10/2023 10:14:32,03/10/2023 14:00:00,ACIBADEM MH HAYDAR YÜCEBAŞ SK NO 28,"ACIBADEM MAH,HASANPAŞA MAH"
3263,KADIKÖY,100 MM ÇAPLI ŞEBEKE HATTI ARIZASI,24/11/2023 23:06:08,25/11/2023 06:00:00,ACIBADEM MH. ACI BADEM CD.ILE SARAYARDI CD.KESIŞIMI,"ACIBADEM MAH,HASANPAŞA MAH"
3264,KADIKÖY,100 MM ÇAPLI ŞEBEKE HATTI ARIZASI,03/12/2023 17:58:54,03/12/2023 23:00:00,ACIBADEM MH. SALAH BİRSEN SK.İÇİ,"ACIBADEM MAH,ACIBADEM MAH,ACIBADEM MAH"
3265,KADIKÖY,100 MM ÇAPLI ŞEBEKE HATTI ARIZASI,24/04/2023 10:03:07,24/04/2023 14:00:00,ACIBADEM MH.BEDRETTIN SK.NO:2,ACIBADEM MAH
3266,KADIKÖY,300 MM ÇAPLI ŞEBEKE HATTI ARIZASI,18/01/2024 13:32:09,18/01/2024 19:00:00,ACIBADEM MH.YENİMÜTEVEL.Lİ SK.,"ACIBADEM MAH,KOŞUYOLU MAH"
3267,KADIKÖY,100 MM ÇAPLI ŞEBEKE HATTI ARIZASI,09/10/2023 14:29:18,09/10/2023 17:30:00,ACIBADEM MH.ŞHT. EMIN ÇELEN SK.IÇI,ACIBADEM MAH
3268,KADIKÖY,100 MM ÇAPLI ŞEBEKE HATTI ARIZASI,20/09/2023 16:14:19,20/09/2023 20:00:00,ACIBADEM ŞAMILBEY SOKAK NO 22 ÖNÜ,ACIBADEM MAH
3269,KADIKÖY,100 MM ÇAPLI ŞEBEKE HATTI ARIZASI,20/09/2023 16:41:57,20/09/2023 20:00:00,BOSTANCI AKASYALI SOKAK 5 ÖNÜ,"BOSTANCI MAH,SUADİYE MAH"
3270,KADIKÖY,100 MM ÇAPLI ŞEBEKE HATTI ARIZASI,05/11/2023 13:22:44,05/11/2023 17:00:00,BOSTANCI AKASYALI SOKAK NO 3ÜNÜ,"BOSTANCI MAH,ERENKÖY MAH,SUADİYE MAH"
3271,KADIKÖY,150 MM ÇAPLI ŞEBEKE HATTI ARIZASI,19/04/2023 12:44:45,19/04/2023 17:00:00,BOSTANCI BAĞDAT 365 ÖNÜ,"BOSTANCI MAH,SUADİYE MAH"
3272,KADIKÖY,100 MM ÇAPLI ŞEBEKE HATTI ARIZASI,30/05/2023 18:17:54,30/05/2023 21:00:00,BOSTANCI MAH SAHİL YOLU BOSTANCI İSKELESİ ÖNÜ,"BOSTANCI MAH,CADDEBOSTAN MAH,SUADİYE MAH"
3273,KADIKÖY,100 MM ÇAPLI ŞEBEKE HATTI ARIZASI,24/01/2024 10:29:15,24/01/2024 13:00:00,BOSTANCI MAH. BAHÇELERARASI SK. N.1,BOSTANCI MAH
3274,KADIKÖY,100 MM ÇAPLI ŞEBEKE HATTI ARIZASI,18/12/2023 10:37:08,18/12/2023 14:30:00,BOSTANCI MAH. BAĞDAT CD. N.546,"BOSTANCI MAH,SUADİYE MAH"
3275,KADIKÖY,ŞEBEKE HATTI YENİLEMESİ,21/11/2023 12:16:12,21/11/2023 20:00:00,BOSTANCI MAH. EMİNALİPAŞA CAD. N. 72,"BOSTANCI MAH,SUADİYE MAH"
3276,KADIKÖY,100 MM ÇAPLI ŞEBEKE HATTI ARIZASI,04/11/2023 10:06:40,04/11/2023 14:00:00,BOSTANCI MAH. EMİNALİPAŞA CAD. N.111,BOSTANCI MAH
3277,KADIKÖY,100 MM ÇAPLI ŞEBEKE HATTI ARIZASI,10/10/2023 00:08:58,10/10/2023 03:00:00,BOSTANCI MAH. KANARYA ÇIKMAZI NO 4,BOSTANCI MAH
3278,KADIKÖY,100 MM ÇAPLI ŞEBEKE HATTI ARIZASI,29/05/2023 11:38:12,29/05/2023 14:00:00,BOSTANCI MAH. ÖZTÜRK SK. N. 1,BOSTANCI MAH
3279,KADIKÖY,100 MM ÇAPLI ŞEBEKE HATTI ARIZASI,25/06/2023 10:35:22,25/06/2023 13:30:00,BOSTANCI MAHALLESI BOSTAN TARIKI SIKAK NO:6,BOSTANCI MAH
3280,KADIKÖY,100 MM ÇAPLI ŞEBEKE HATTI ARIZASI,19/12/2023 11:26:02,19/12/2023 15:00:00,BOSTANCI MAHALLESI HISAR SOKAK,BOSTANCI MAH
3281,KADIKÖY,100 MM ÇAPLI ŞEBEKE HATTI ARIZASI,01/07/2023 10:09:41,01/07/2023 14:00:00,BOSTANCI MH YAZMACI TAHIR SK.NO:13,"BOSTANCI MAH,SUADİYE MAH"
3282,KADIKÖY,100 MM ÇAPLI ŞEBEKE HATTI ARIZASI,27/03/2023 11:09:40,27/03/2023 14:00:00,BOSTANCI MH ÇETİN EMEÇ BULVARI,"BOSTANCI MAH,SUADİYE MAH"
3283,KADIKÖY,100 MM ÇAPLI ŞEBEKE HATTI ARIZASI,31/07/2023 09:48:09,31/07/2023 13:30:00,BOSTANCI MH.EMANET SK.NO:9,BOSTANCI MAH
3284,KADIKÖY,100 MM ÇAPLI ŞEBEKE HATTI ARIZASI,16/08/2023 10:15:20,16/08/2023 14:00:00,BOSTANCI MH.EMİNALİPAŞA CD.VE ÇAĞLAR SK.KESİŞİMİ,"BOSTANCI MAH,BOSTANCI MAH"
3285,KADIKÖY,100 MM ÇAPLI ŞEBEKE HATTI ARIZASI,24/05/2023 13:35:44,24/05/2023 17:00:00,BOSTANCI MH.MİNE SK.NO:19,"BOSTANCI MAH,CADDEBOSTAN MAH,SUADİYE MAH"
3286,KADIKÖY,150 MM ÇAPLI ŞEBEKE HATTI ARIZASI,18/11/2023 10:53:47,18/11/2023 16:30:00,BOSTANCI MH.PRF.DR.KEMAL AKGÜDER CD.NO:33,"BOSTANCI MAH,KOZYATAĞI MAH"
3287,KADIKÖY,100 MM ÇAPLI ŞEBEKE HATTI ARIZASI,19/01/2024 09:41:19,19/01/2024 13:00:00,BOSTANCI MH.PROF. ALİ NİHAT TARLAN SK NO:66,"BOSTANCI MAH,SUADİYE MAH"
3288,KADIKÖY,100 MM ÇAPLI ŞEBEKE HATTI ARIZASI,29/08/2023 09:31:13,29/08/2023 13:00:00,BOSTANCI MH.PROF.DR.KEMAL AKGÜDER CD.NO:12,"19 MAYIS MAH,BOSTANCI MAH,KOZYATAĞI MAH"
3289,KADIKÖY,100 MM ÇAPLI ŞEBEKE HATTI ARIZASI,06/12/2023 10:50:31,06/12/2023 15:30:00,BOSTANCI MH.TARIKI SK.NO:24,BOSTANCI MAH
3290,KADIKÖY,100 MM ÇAPLI ŞEBEKE HATTI ARIZASI,28/07/2023 11:27:11,28/07/2023 15:00:00,BOSTANCI MH.VUKALÂ CD.NO:32,BOSTANCI MAH
3291,KADIKÖY,150 MM ÇAPLI ŞEBEKE HATTI ARIZASI,24/08/2023 16:51:31,24/08/2023 19:30:00,BOSTANCI MH.YALI YOLU SK.NO:26,BOSTANCI MAH
3292,KADIKÖY,100 MM ÇAPLI ŞEBEKE HATTI ARIZASI,07/12/2023 11:28:56,07/12/2023 16:00:00,BOSTANCI MH.YAZMACI TAHIR SK.NO:14,"BOSTANCI MAH,SUADİYE MAH"
3293,KADIKÖY,300 MM ÇAPLI ŞEBEKE HATTI ARIZASI,17/01/2024 10:56:27,17/01/2024 17:00:00,BOSTANCI MH.ÇAĞLAR SK.NO:İÇİ,"BOSTANCI MAH,KOZYATAĞI MAH"
3294,KADIKÖY,100 MM ÇAPLI ŞEBEKE HATTI ARIZASI,04/08/2023 09:16:50,04/08/2023 12:00:00,BOSTANCI ÖZTÜRK SOKAK 1,BOSTANCI MAH
3295,KADIKÖY,100 MM ÇAPLI ŞEBEKE HATTI ARIZASI,16/04/2023 12:30:32,16/04/2023 17:00:00,CADDE BOSTAN MAHALLESİ İSKELE SOKAK NUMARA:30 ÖNÜ,"CADDEBOSTAN MAH,FENERBAHÇE MAH,SUADİYE MAH"
3296,KADIKÖY,100 MM ÇAPLI ŞEBEKE HATTI ARIZASI,10/07/2023 09:30:43,10/07/2023 14:00:00,CADDEBOSTAM MAH. DR.VASIF ÇIKMAZI SK. İÇİ,"CADDEBOSTAN MAH,ERENKÖY MAH,FENERBAHÇE MAH"
3297,KADIKÖY,100 MM ÇAPLI ŞEBEKE HATTI ARIZASI,13/06/2023 16:32:10,13/06/2023 21:00:00,CADDEBOSTAN ABDULKADIR NOYAN 16,"BOSTANCI MAH,CADDEBOSTAN MAH,ERENKÖY MAH"
3298,KADIKÖY,100 MM ÇAPLI ŞEBEKE HATTI ARIZASI,14/03/2023 11:13:15,14/03/2023 16:30:00,CADDEBOSTAN MAH. TAZMINAT SK. IÇI,"CADDEBOSTAN MAH,ERENKÖY MAH,GÖZTEPE MAH"
3299,KADIKÖY,100 MM ÇAPLI ŞEBEKE HATTI ARIZASI,02/09/2023 16:21:30,02/09/2023 21:00:00,CADDEBOSTAN MAHALLESI YENER SOKAK NO:1 ÖNÜ,"BOSTANCI MAH,CADDEBOSTAN MAH,SUADİYE MAH"
3300,KADIKÖY,100 MM ÇAPLI ŞEBEKE HATTI ARIZASI,16/10/2023 11:31:42,16/10/2023 17:00:00,CADDEBOSTAN MH.PLAJ YOLU SK.İLE MEHTAP SK.KESİŞİMİ,"CADDEBOSTAN MAH,FENERBAHÇE MAH"
3301,KADIKÖY,100 MM ÇAPLI ŞEBEKE HATTI ARIZASI,06/05/2023 13:48:53,06/05/2023 19:00:00,CADDEBOSTAN MH.TANZIMAT SK.NO:3,"CADDEBOSTAN MAH,ERENKÖY MAH,GÖZTEPE MAH"
3302,KADIKÖY,100 MM ÇAPLI ŞEBEKE HATTI ARIZASI,23/03/2023 21:37:38,24/03/2023 13:00:00,CAFERAĞA KUŞDILI CADDESI,"CAFERAĞA MAH,OSMANAĞA MAH"
3303,KADIKÖY,100 MM ÇAPLI ŞEBEKE HATTI ARIZASI,25/04/2023 15:41:58,25/04/2023 19:00:00,CAFERAĞA MAH. DR.ESAT IŞIK CAD. N.23,"CAFERAĞA MAH,OSMANAĞA MAH"
3304,KADIKÖY,100 MM ÇAPLI ŞEBEKE HATTI ARIZASI,19/05/2023 11:06:15,19/05/2023 15:00:00,CAFERAĞA MAHALLESI NEVZEMIN 20,"CAFERAĞA MAH,OSMANAĞA MAH"
3305,KADIKÖY,100 MM ÇAPLI ŞEBEKE HATTI ARIZASI,10/08/2023 15:29:24,10/08/2023 17:00:00,CAFERAĞA MH ALBAY FAIK ÖZDENER CD,"CAFERAĞA MAH,OSMANAĞA MAH"
3306,KADIKÖY,100 MM ÇAPLI ŞEBEKE HATTI ARIZASI,08/03/2023 02:47:45,08/03/2023 11:00:00,CAFERAĞA MH RIHTIM CD HALDUN TANER TİYATRO ALANI,CAFERAĞA MAH
3307,KADIKÖY,100 MM ÇAPLI ŞEBEKE HATTI ARIZASI,12/04/2023 00:20:37,12/04/2023 15:00:00,CAFERAĞA MH RIHTIM CD HALDUN TANER TİYATRO ALANI,CAFERAĞA MAH
3308,KADIKÖY,100 MM ÇAPLI ŞEBEKE HATTI ARIZASI,14/04/2023 03:44:40,14/04/2023 15:00:00,CAFERAĞA MH RIHTIM CD HALDUN TANER TİYATRO ALANI,CAFERAĞA MAH
3309,KADIKÖY,100 MM ÇAPLI ŞEBEKE HATTI ARIZASI,21/10/2023 16:41:45,21/10/2023 21:00:00,CAFERAĞA MH. SONER SK.NO:27,"CAFERAĞA MAH,OSMANAĞA MAH"
3310,KADIKÖY,100 MM ÇAPLI ŞEBEKE HATTI ARIZASI,17/07/2023 12:47:05,17/07/2023 15:30:00,CAFERAĞA MH.DR.ESAT IŞIK CD.NO:98,"CAFERAĞA MAH,OSMANAĞA MAH"
3311,KADIKÖY,100 MM ÇAPLI ŞEBEKE HATTI ARIZASI,20/07/2023 10:45:11,20/07/2023 13:00:00,CAFERAĞA MH.GÜNEŞLİ BAHÇE,"CAFERAĞA MAH,OSMANAĞA MAH"
3312,KADIKÖY,100 MM ÇAPLI ŞEBEKE HATTI ARIZASI,18/07/2023 16:35:24,18/07/2023 20:00:00,CAFERAĞA MH.GÜNEŞLİ SK.,"CAFERAĞA MAH,OSMANAĞA MAH"
3313,KADIKÖY,ŞEBEKE HATTI YENİLEMESİ,29/07/2023 09:49:15,29/07/2023 12:30:00,CAFERAĞA MH.RIHTIM CD.ÜZERI,CAFERAĞA MAH
3314,KADIKÖY,100 MM ÇAPLI ŞEBEKE HATTI ARIZASI,25/04/2023 00:09:28,25/04/2023 11:00:00,CAFERAĞA RIHTIM CADDESI HALDUN TANER TIYATRO ÖNÜ,CAFERAĞA MAH
3315,KADIKÖY,100 MM ÇAPLI ŞEBEKE HATTI ARIZASI,10/04/2023 09:27:07,10/04/2023 13:00:00,CAFERAĞA RIHTIM CADDESİ KADIKÖY TİYATRO ÖNÜ,"CAFERAĞA MAH,OSMANAĞA MAH"
3316,KADIKÖY,100 MM ÇAPLI ŞEBEKE HATTI ARIZASI,30/07/2023 00:44:35,30/07/2023 06:30:00,CAFERAĞA YAĞLIKÇI ISMAIL SOKAK,"CAFERAĞA MAH,OSMANAĞA MAH"
3317,KADIKÖY,100 MM ÇAPLI ŞEBEKE HATTI ARIZASI,07/06/2023 02:42:32,07/06/2023 07:00:00,"DUMLUPINAR MAHAHALLES, DR ERKEN CADDESI 17","DUMLUPINAR MAH,FİKİRTEPE MAH,MERDİVENKÖY MAH"
3318,KADIKÖY,150 MM ÇAPLI ŞEBEKE HATTI ARIZASI,23/12/2023 23:40:43,24/12/2023 15:00:00,DUMLUPINAR MAHALLESI BARIŞ SOKAK,"DUMLUPINAR MAH,FİKİRTEPE MAH"
3319,KADIKÖY,100 MM ÇAPLI ŞEBEKE HATTI ARIZASI,14/09/2023 23:01:45,15/09/2023 06:00:00,DUMLUPINAR MH MANDIRA CD NO 158,"DUMLUPINAR MAH,EĞİTİM MAH,FİKİRTEPE MAH,MERDİVENKÖY MAH"
3320,KADIKÖY,100 MM ÇAPLI ŞEBEKE HATTI ARIZASI,29/08/2023 12:20:25,29/08/2023 16:00:00,"DUMLUPINAR MH.YUMURTACI ABDİBEY CD,","DUMLUPINAR MAH,FİKİRTEPE MAH,MERDİVENKÖY MAH"
3321,KADIKÖY,100 MM ÇAPLI ŞEBEKE HATTI ARIZASI,19/02/2024 10:43:47,19/02/2024 16:00:00,ERENKÖY MAH. AZIM SK. IÇI,ERENKÖY MAH
3322,KADIKÖY,100 MM ÇAPLI ŞEBEKE HATTI ARIZASI,08/09/2023 09:54:17,08/09/2023 14:00:00,ERENKÖY MAH. ÖMERPAŞA SK. N.36,"ERENKÖY MAH,GÖZTEPE MAH"
3323,KADIKÖY,100 MM ÇAPLI ŞEBEKE HATTI ARIZASI,13/12/2023 08:13:23,13/12/2023 13:00:00,ERENKÖY MH. ÇELEBİ SK.NO:5,"ERENKÖY MAH,SUADİYE MAH"
3324,KADIKÖY,150 MM ÇAPLI ŞEBEKE HATTI ARIZASI,08/11/2023 14:45:48,08/11/2023 20:00:00,ERENKÖY MH.ÖMERPAŞA SK.NO.34,"CADDEBOSTAN MAH,ERENKÖY MAH,GÖZTEPE MAH"
3325,KADIKÖY,100 MM ÇAPLI ŞEBEKE HATTI ARIZASI,14/02/2024 10:35:00,14/02/2024 14:00:00,EĞITIM MAH.ŞIRINYUVA SOKAK NO:13 KADIKÖY,EĞİTİM MAH
3326,KADIKÖY,100 MM ÇAPLI ŞEBEKE HATTI ARIZASI,29/08/2023 17:48:01,29/08/2023 21:00:00,EĞITIM MAHALLESI GELINCIK SOKAK 3,EĞİTİM MAH
3327,KADIKÖY,100 MM ÇAPLI ŞEBEKE HATTI ARIZASI,01/11/2023 11:02:38,01/11/2023 15:30:00,EĞİTİM MAH. HAKKIMANÇO SK. N. 1,EĞİTİM MAH
3328,KADIKÖY,100 MM ÇAPLI ŞEBEKE HATTI ARIZASI,18/10/2023 10:55:21,18/10/2023 14:00:00,EĞİTİM MAH. MURATPAŞA MAH. N.22,EĞİTİM MAH
3329,KADIKÖY,100 MM ÇAPLI ŞEBEKE HATTI ARIZASI,02/01/2024 13:08:10,02/01/2024 16:00:00,EĞİTİM MAH. POYRAZ SK. N. 71,EĞİTİM MAH
3330,KADIKÖY,100 MM ÇAPLI ŞEBEKE HATTI ARIZASI,20/07/2023 14:10:58,20/07/2023 18:00:00,EĞİTİM MH.MURATPAŞA SK.NO:35,EĞİTİM MAH
3331,KADIKÖY,100 MM ÇAPLI ŞEBEKE HATTI ARIZASI,28/08/2023 14:36:20,28/08/2023 18:00:00,FENERBAHÇE 18 MART SOKAK 12 ÖNÜ,"CADDEBOSTAN MAH,FENERBAHÇE MAH,SUADİYE MAH"
3332,KADIKÖY,ŞEBEKE HATTI VANA MONTAJI/DEĞİŞİMİ,05/04/2023 11:05:21,05/04/2023 17:00:00,FENERBAHÇE MAH.  FENERKALAMIŞ CAD.  IÇI,"CADDEBOSTAN MAH,FENERBAHÇE MAH,SUADİYE MAH"
3333,KADIKÖY,100 MM ÇAPLI ŞEBEKE HATTI ARIZASI,06/06/2023 13:22:32,06/06/2023 14:30:00,FENERBAHÇE MAH. CENGIZTOPEL SK N.609:29,"FENERBAHÇE MAH,ZÜHTÜPAŞA MAH"
3334,KADIKÖY,100 MM ÇAPLI ŞEBEKE HATTI ARIZASI,17/06/2023 12:43:08,17/06/2023 16:00:00,FENERBAHÇE MAH. FENER KALAMIŞ CAD N.96,"FENERBAHÇE MAH,ZÜHTÜPAŞA MAH"
3335,KADIKÖY,150 MM ÇAPLI ŞEBEKE HATTI ARIZASI,06/09/2023 13:27:45,06/09/2023 18:00:00,FENERBAHÇE MAH. FENER KALAMIŞ CD.  İÇİ,"FENERBAHÇE MAH,ZÜHTÜPAŞA MAH"
3336,KADIKÖY,100 MM ÇAPLI ŞEBEKE HATTI ARIZASI,26/11/2023 13:52:40,26/11/2023 17:00:00,FENERBAHÇE MAHALLESI GAZIMEHMETÇIK SOKAK 15 ÖNÜ,FENERBAHÇE MAH
3337,KADIKÖY,100 MM ÇAPLI ŞEBEKE HATTI ARIZASI,30/09/2023 11:12:43,30/09/2023 13:00:00,FENERBAHÇE MH CEPHANELİK SK NO 230PİRİZ ARIZASI,FENERBAHÇE MAH
3338,KADIKÖY,100 MM ÇAPLI ŞEBEKE HATTI ARIZASI,08/01/2024 19:32:23,09/01/2024 02:30:00,FENERBAHÇE MH SELAHATTİN PINAR SK NO 7,"CADDEBOSTAN MAH,FENERBAHÇE MAH,ZÜHTÜPAŞA MAH"
3339,KADIKÖY,100 MM ÇAPLI ŞEBEKE HATTI ARIZASI,04/10/2023 11:00:51,04/10/2023 15:30:00,FENERBAHÇE MH.CENGIZTOPEL CD.NO:3,"FENERBAHÇE MAH,ZÜHTÜPAŞA MAH"
3340,KADIKÖY,100 MM ÇAPLI ŞEBEKE HATTI ARIZASI,11/07/2023 12:52:06,11/07/2023 16:30:00,FENERBAHÇE MH.KALAMIŞ FENER CD.NO:18,"FENERBAHÇE MAH,ZÜHTÜPAŞA MAH"
3341,KADIKÖY,100 MM ÇAPLI ŞEBEKE HATTI ARIZASI,08/08/2023 12:00:35,08/08/2023 15:00:00,FENERYOLU BESTEKAR LEYLA SOKAK,"FENERYOLU MAH,ZÜHTÜPAŞA MAH"
3342,KADIKÖY,100 MM ÇAPLI ŞEBEKE HATTI ARIZASI,21/11/2023 14:47:46,21/11/2023 18:00:00,FENERYOLU MAH. BESTEKAR LEYLE SK. N.25,FENERYOLU MAH
3343,KADIKÖY,100 MM ÇAPLI ŞEBEKE HATTI ARIZASI,01/02/2024 16:07:11,01/02/2024 20:30:00,FENERYOLU MAH.HAMDİBEY SOKAK NO: 13,FENERYOLU MAH
3344,KADIKÖY,100 MM ÇAPLI ŞEBEKE HATTI ARIZASI,27/09/2023 20:34:26,28/09/2023 01:00:00,FENERYOLU MH.HAMDI BEY SK.NO:9,"FENERYOLU MAH,ZÜHTÜPAŞA MAH"
3345,KADIKÖY,100 MM ÇAPLI ŞEBEKE HATTI ARIZASI,04/07/2023 13:08:34,04/07/2023 19:00:00,FIKIRTEPE  MAH. YUMURTACI ABDIBEY SK.  MEDENIYET ÜNV.,"DUMLUPINAR MAH,FİKİRTEPE MAH"
3346,KADIKÖY,100 MM ÇAPLI ŞEBEKE HATTI ARIZASI,04/08/2023 09:57:17,04/08/2023 12:00:00,FIKIRTEPE DICLE SOKAK NO 5 ÖNÜ,FİKİRTEPE MAH
3347,KADIKÖY,100 MM ÇAPLI ŞEBEKE HATTI ARIZASI,23/08/2023 08:40:18,23/08/2023 21:30:00,FIKIRTEPE EMIRLER SOKAK,FİKİRTEPE MAH
3348,KADIKÖY,100 MM ÇAPLI ŞEBEKE HATTI ARIZASI,27/06/2023 16:54:25,27/06/2023 20:00:00,FIKIRTEPE GÜR SK 17,FİKİRTEPE MAH
3349,KADIKÖY,100 MM ÇAPLI ŞEBEKE HATTI ARIZASI,25/11/2023 15:38:58,25/11/2023 21:00:00,FIKIRTEPE HIZIRBEY CADDE 14,FİKİRTEPE MAH
3350,KADIKÖY,150 MM ÇAPLI ŞEBEKE HATTI ARIZASI,21/06/2023 16:03:52,22/06/2023 00:30:00,FIKIRTEPE MAH. BARIŞ  SK.  IÇI,"DUMLUPINAR MAH,FİKİRTEPE MAH"
3351,KADIKÖY,100 MM ÇAPLI ŞEBEKE HATTI ARIZASI,02/05/2023 15:03:15,02/05/2023 18:00:00,FIKIRTEPE MAH. HIZIRBEY CAD.  N.118 KARŞISI,FİKİRTEPE MAH
3352,KADIKÖY,100 MM ÇAPLI ŞEBEKE HATTI ARIZASI,07/10/2023 14:36:46,07/10/2023 18:00:00,FIKIRTEPE MH. RÜZGAR SK.,"FİKİRTEPE MAH,FİKİRTEPE MAH"
3353,KADIKÖY,200 MM ÇAPLI ŞEBEKE HATTI ARIZASI,20/08/2023 11:51:05,20/08/2023 16:30:00,FIKIRTEPE MH. RÜZGAR SK.IÇI,"FİKİRTEPE MAH,FİKİRTEPE MAH"
3354,KADIKÖY,200 MM ÇAPLI ŞEBEKE HATTI ARIZASI,21/08/2023 11:48:09,21/08/2023 17:00:00,FIKIRTEPE MH. RÜZGAR SK.IÇI,"FİKİRTEPE MAH,FİKİRTEPE MAH"
3355,KADIKÖY,100 MM ÇAPLI ŞEBEKE HATTI ARIZASI,09/06/2023 14:21:46,09/06/2023 20:00:00,FIKIRTEPE MH.YUMURTACI APTI BEY SK.IÇI,"DUMLUPINAR MAH,MERDİVENKÖY MAH"
3356,KADIKÖY,100 MM ÇAPLI ŞEBEKE HATTI ARIZASI,06/11/2023 12:14:57,06/11/2023 15:30:00,FİKİRTEPE MAH.  HIZIRBEY CAD. N.48,FİKİRTEPE MAH
3357,KADIKÖY,100 MM ÇAPLI ŞEBEKE HATTI ARIZASI,14/11/2023 16:29:36,14/11/2023 23:59:00,FİKİRTEPE MAH. ADİLBEY SK. N. 1,"DUMLUPINAR MAH,EĞİTİM MAH,FİKİRTEPE MAH,MERDİVENKÖY MAH"
3358,KADIKÖY,100 MM ÇAPLI ŞEBEKE HATTI ARIZASI,13/12/2023 09:47:44,13/12/2023 14:30:00,FİKİRTEPE MAH. RÜZGAR SK İLE BARIŞ SK. KES.,FİKİRTEPE MAH
3359,KADIKÖY,100 MM ÇAPLI ŞEBEKE HATTI ARIZASI,12/02/2024 14:52:23,12/02/2024 18:00:00,FİKİRTEPE MAH. RÜZGAR SK. İÇİ,FİKİRTEPE MAH
3360,KADIKÖY,150 MM ÇAPLI ŞEBEKE HATTI ARIZASI,15/08/2023 15:08:40,15/08/2023 18:00:00,FİKİRTEPE MH MANDIRA CD RÜZGAR SK KESİŞİMİ,"DUMLUPINAR MAH,EĞİTİM MAH,FİKİRTEPE MAH,MERDİVENKÖY MAH"
3361,KADIKÖY,100 MM ÇAPLI ŞEBEKE HATTI ARIZASI,15/07/2023 00:20:34,15/07/2023 12:00:00,FİKİRTEPE MH RÜZGAR SK,"DUMLUPINAR MAH,FİKİRTEPE MAH"
3362,KADIKÖY,100 MM ÇAPLI ŞEBEKE HATTI ARIZASI,15/07/2023 01:22:26,15/07/2023 12:00:00,FİKİRTEPE MH RÜZGAR SK,FİKİRTEPE MAH
3363,KADIKÖY,100 MM ÇAPLI ŞEBEKE HATTI ARIZASI,09/11/2023 15:05:34,09/11/2023 18:00:00,FİKİRTEPE MH.BILDIRCIN SK.NO.2,FİKİRTEPE MAH
3364,KADIKÖY,100 MM ÇAPLI ŞEBEKE HATTI ARIZASI,10/08/2023 09:34:36,10/08/2023 13:00:00,FİKİRTEPE MH.OTANTİK SK.,FİKİRTEPE MAH
3365,KADIKÖY,100 MM ÇAPLI ŞEBEKE HATTI ARIZASI,31/08/2023 14:37:05,31/08/2023 18:00:00,FİKİRTEPE MH.RÜZGAR SK.,FİKİRTEPE MAH
3366,KADIKÖY,100 MM ÇAPLI ŞEBEKE HATTI ARIZASI,07/09/2023 14:17:01,07/09/2023 18:00:00,FİKİRTEPE MH.RÜZGAR SK.,FİKİRTEPE MAH
3367,KADIKÖY,100 MM ÇAPLI ŞEBEKE HATTI ARIZASI,01/09/2023 09:36:30,01/09/2023 15:00:00,FİKİRTEPE MH.YUMURTACI ABDİ BEY SK.,"DUMLUPINAR MAH,FİKİRTEPE MAH,MERDİVENKÖY MAH"
3368,KADIKÖY,300 MM ÇAPLI ŞEBEKE HATTI ARIZASI,01/12/2023 22:53:56,02/12/2023 06:00:00,GÖZTEPE FAHRETTIN KERIM GÖKAY CD 237 ÖNÜ,"ERENKÖY MAH,FENERYOLU MAH,GÖZTEPE MAH,MERDİVENKÖY MAH,ZÜHTÜPAŞA MAH"
3369,KADIKÖY,BASINÇ DÜŞÜKLÜĞÜ,02/12/2023 06:02:53,02/12/2023 14:00:00,GÖZTEPE FAHRETTIN KERIM GÖKAY CD 237 ÖNÜ,"ERENKÖY MAH,FENERYOLU MAH,GÖZTEPE MAH,MERDİVENKÖY MAH,ZÜHTÜPAŞA MAH"
3370,KADIKÖY,300 MM ÇAPLI ŞEBEKE HATTI ARIZASI,02/12/2023 10:46:21,02/12/2023 14:00:00,GÖZTEPE MAH. FAHRETTİN GÖKAY CD.  İÇİ,"DUMLUPINAR MAH,ERENKÖY MAH,FENERYOLU MAH,GÖZTEPE MAH,MERDİVENKÖY MAH,ZÜHTÜPAŞA MAH"
3371,KADIKÖY,300 MM ÇAPLI ŞEBEKE HATTI ARIZASI,30/11/2023 17:01:51,01/12/2023 01:00:00,GÖZTEPE MH.FAHRETTIN KERIM GÖKAY CD.NO:237,"GÖZTEPE MAH,MERDİVENKÖY MAH"
3372,KADIKÖY,150 MM ÇAPLI ŞEBEKE HATTI ARIZASI,02/11/2023 00:05:49,02/11/2023 12:00:00,GÖZTEPE MH.MUSTAFA MASHAR BEY SK.ILE FAHRETTIN KERIM GÖKAY CD.KESIŞIMI,"DUMLUPINAR MAH,EĞİTİM MAH,FENERYOLU MAH,FİKİRTEPE MAH,GÖZTEPE MAH,MERDİVENKÖY MAH,ZÜHTÜPAŞA MAH"
3373,KADIKÖY,100 MM ÇAPLI ŞEBEKE HATTI ARIZASI,01/01/2024 11:28:49,01/01/2024 17:00:00,GÖZTEPE MH.PINAR SK.NO:21,GÖZTEPE MAH
3374,KADIKÖY,150 MM ÇAPLI ŞEBEKE HATTI ARIZASI,12/07/2023 13:42:38,12/07/2023 21:00:00,GÖZTEPE MH.TÜTÜNCÜ MEHMET EFENDİ CD.NO:63,"CADDEBOSTAN MAH,ERENKÖY MAH,GÖZTEPE MAH"
3375,KADIKÖY,ARIZA SEBEBİ İLE BASINÇ DÜŞÜKLÜĞÜ,19/12/2023 21:58:28,20/12/2023 08:00:00,HAREM 2200 MM İSALE HATTI,"ACIBADEM MAH,CAFERAĞA MAH,DUMLUPINAR MAH,EĞİTİM MAH,FENERBAHÇE MAH,FİKİRTEPE MAH,KOŞUYOLU MAH,MERDİVENKÖY MAH,OSMANAĞA MAH,RASİMPAŞA MAH,ZÜHTÜPAŞA MAH"
3376,KADIKÖY,100 MM ÇAPLI ŞEBEKE HATTI ARIZASI,18/09/2023 09:49:29,18/09/2023 17:30:00,HASAN PAŞA MH.BERBERBAŞI SK.NO:13,"ACIBADEM MAH,HASANPAŞA MAH"
3377,KADIKÖY,100 MM ÇAPLI ŞEBEKE HATTI ARIZASI,14/04/2023 15:10:31,14/04/2023 20:00:00,HASAN PAŞA MH.PUSULA SK.NO:14,"ACIBADEM MAH,HASANPAŞA MAH"
3378,KADIKÖY,100 MM ÇAPLI ŞEBEKE HATTI ARIZASI,23/11/2023 15:47:19,23/11/2023 18:00:00,HASANPAŞA  ATABEY  SK. N.11,"ACIBADEM MAH,CAFERAĞA MAH,HASANPAŞA MAH"
3379,KADIKÖY,100 MM ÇAPLI ŞEBEKE HATTI ARIZASI,25/09/2023 14:22:52,25/09/2023 17:00:00,HASANPAŞA MAH. HÜRRİYET SK N. 60,HASANPAŞA MAH
3380,KADIKÖY,100 MM ÇAPLI ŞEBEKE HATTI ARIZASI,21/10/2023 12:21:42,21/10/2023 17:00:00,HASANPAŞA MAH. MÜVERRİ ATA SK N. 34,"ACIBADEM MAH,HASANPAŞA MAH"
3381,KADIKÖY,100 MM ÇAPLI ŞEBEKE HATTI ARIZASI,01/12/2023 12:46:44,01/12/2023 22:00:00,HASANPAŞA MAH. NİLÜFER SK. N.1,"ACIBADEM MAH,HASANPAŞA MAH"
3382,KADIKÖY,100 MM ÇAPLI ŞEBEKE HATTI ARIZASI,02/12/2023 00:53:38,02/12/2023 07:00:00,HASANPAŞA MAHALLESI BERCSTE SOKAK,HASANPAŞA MAH
3383,KADIKÖY,100 MM ÇAPLI ŞEBEKE HATTI ARIZASI,25/11/2023 15:11:57,25/11/2023 19:00:00,HASANPAŞA MAHALLESI HACI NECIP USTA SOKAK,"ACIBADEM MAH,HASANPAŞA MAH"
3384,KADIKÖY,100 MM ÇAPLI ŞEBEKE HATTI ARIZASI,28/11/2023 15:52:00,28/11/2023 18:00:00,HASANPAŞA MAHALLESI SÖĞÜTLÜ ÇEŞME CADDESI,"HASANPAŞA MAH,RASİMPAŞA MAH"
3385,KADIKÖY,100 MM ÇAPLI ŞEBEKE HATTI ARIZASI,13/11/2023 14:30:02,13/11/2023 18:00:00,HASANPAŞA MH KURBAĞALIDERE CD NO 117,"ACIBADEM MAH,HASANPAŞA MAH"
3386,KADIKÖY,100 MM ÇAPLI ŞEBEKE HATTI ARIZASI,02/12/2023 10:07:50,02/12/2023 18:00:00,HASANPAŞA MH NÜLÜFER SK NO 1,"ACIBADEM MAH,HASANPAŞA MAH"
3387,KADIKÖY,100 MM ÇAPLI ŞEBEKE HATTI ARIZASI,22/06/2023 10:33:34,22/06/2023 13:30:00,HASANPAŞA MH SİNA SK NO 8,HASANPAŞA MAH
3388,KADIKÖY,100 MM ÇAPLI ŞEBEKE HATTI ARIZASI,10/12/2023 11:38:18,10/12/2023 16:30:00,HASANPAŞA MH.NABIZADE SK.NO:2,"ACIBADEM MAH,HASANPAŞA MAH"
3389,KADIKÖY,100 MM ÇAPLI ŞEBEKE HATTI ARIZASI,29/06/2023 12:14:29,29/06/2023 18:00:00,HASANPAŞA MH.NILÜFER SK.NO:1,"ACIBADEM MAH,HASANPAŞA MAH"
3390,KADIKÖY,100 MM ÇAPLI ŞEBEKE HATTI ARIZASI,21/09/2023 12:27:11,21/09/2023 23:59:00,HASANPAŞA UZUNÇAYIR CD. N.73,"ACIBADEM MAH,HASANPAŞA MAH"
3391,KADIKÖY,ANA İSALE HATTINA DEBİMETRE MONTAJI / DEĞİŞİMİ,23/11/2023 21:47:14,24/11/2023 07:00:00,KADIKÖY ACIBADEM HATTI,"ACIBADEM MAH,HASANPAŞA MAH"
3392,KADIKÖY,100 MM ÇAPLI ŞEBEKE HATTI ARIZASI,13/02/2024 15:28:36,13/02/2024 18:00:00,KADIKÖY FENERYOLU MAH.KUYUBAŞI SOKAK,FENERYOLU MAH
3393,KADIKÖY,150 MM ÇAPLI ŞEBEKE HATTI ARIZASI,07/08/2023 15:56:01,07/08/2023 18:00:00,KOZYATAĞI KAYASULTAN SOKAK,KOZYATAĞI MAH
3394,KADIKÖY,100 MM ÇAPLI ŞEBEKE HATTI ARIZASI,29/04/2023 16:41:01,29/04/2023 22:00:00,KOZYATAĞI MAH KOZYATAĞI  SK NO:26 ÖNÜ,"19 MAYIS MAH,BOSTANCI MAH,KOZYATAĞI MAH"
3395,KADIKÖY,100 MM ÇAPLI ŞEBEKE HATTI ARIZASI,27/12/2023 19:28:59,27/12/2023 23:00:00,KOZYATAĞI MAH. NEVZATBULUT SK. N.24,KOZYATAĞI MAH
3396,KADIKÖY,100 MM ÇAPLI ŞEBEKE HATTI ARIZASI,27/07/2023 20:14:08,27/07/2023 23:50:00,KOZYATAĞI MH ŞEBNEM SK NO 12,"BOSTANCI MAH,KOZYATAĞI MAH"
3397,KADIKÖY,100 MM ÇAPLI ŞEBEKE HATTI ARIZASI,15/04/2023 09:46:39,15/04/2023 13:00:00,KOZYATAĞI MH.AVŞAR SK.NO:10,KOZYATAĞI MAH
3398,KADIKÖY,100 MM ÇAPLI ŞEBEKE HATTI ARIZASI,20/08/2023 10:32:55,20/08/2023 15:00:00,KOZYATAĞI MH.BAYAR CD.NO:76,KOZYATAĞI MAH
3399,KADIKÖY,100 MM ÇAPLI ŞEBEKE HATTI ARIZASI,01/09/2023 11:13:19,01/09/2023 16:30:00,KOZYATAĞI MH.BELEDİYE BLOKLARI  SK.NO:16,KOZYATAĞI MAH
3400,KADIKÖY,200 MM ÇAPLI ŞEBEKE HATTI ARIZASI,25/07/2023 11:10:42,25/07/2023 17:00:00,KOZYATAĞI MH.OKUL SK.NO:4,"19 MAYIS MAH,BOSTANCI MAH,KOZYATAĞI MAH"
3401,KADIKÖY,100 MM ÇAPLI ŞEBEKE HATTI ARIZASI,23/05/2023 14:52:29,23/05/2023 19:00:00,KOŞUYOLU MAH.  DR EYÜP AKSOY CD. İÇİ,KOŞUYOLU MAH
3402,KADIKÖY,250 MM ÇAPLI ŞEBEKE HATTI ARIZASI,25/12/2023 10:53:02,25/12/2023 15:00:00,KOŞUYOLU MAH. SALİH OMURTAK SOK. N.101,"ACIBADEM MAH,KOŞUYOLU MAH"
3403,KADIKÖY,100 MM ÇAPLI ŞEBEKE HATTI ARIZASI,30/08/2023 15:27:54,30/08/2023 20:00:00,KOŞUYOLU MAHALLESI CENAPŞAHABETTIN SOKAK,"ACIBADEM MAH,KOŞUYOLU MAH"
3404,KADIKÖY,100 MM ÇAPLI ŞEBEKE HATTI ARIZASI,05/08/2023 12:47:18,05/08/2023 15:00:00,KOŞUYOLU MAHALLESI MÜTEVELLI SOKAK,"ACIBADEM MAH,KOŞUYOLU MAH"
3405,KADIKÖY,100 MM ÇAPLI ŞEBEKE HATTI ARIZASI,20/11/2023 15:22:10,20/11/2023 18:30:00,KOŞUYOLU MH.LAMBACI SK.NO:10,KOŞUYOLU MAH
3406,KADIKÖY,200 MM ÇAPLI ŞEBEKE HATTI ARIZASI,05/08/2023 11:51:31,05/08/2023 16:30:00,MERDIVENKÖY DR.ERKIN CD 12 ÖNÜ,MERDİVENKÖY MAH
3407,KADIKÖY,100 MM ÇAPLI ŞEBEKE HATTI ARIZASI,31/10/2023 15:26:35,31/10/2023 19:30:00,MERDIVENKÖY MAH.  ÇAVUŞKUŞU  SK. N. 8,MERDİVENKÖY MAH
3408,KADIKÖY,100 MM ÇAPLI ŞEBEKE HATTI ARIZASI,30/10/2023 17:13:31,30/10/2023 22:00:00,MERDIVENKÖY MAHALLESI  YUMURTACI ABDIBEY SOKAK,"DUMLUPINAR MAH,MERDİVENKÖY MAH"
3409,KADIKÖY,200 MM ÇAPLI ŞEBEKE HATTI ARIZASI,26/11/2023 14:44:46,27/11/2023 04:30:00,MERDIVENKÖY MAHALLESI FAHRETTIN KERIM GÖKAY CD,"DUMLUPINAR MAH,ERENKÖY MAH,FENERYOLU MAH,GÖZTEPE MAH,MERDİVENKÖY MAH,ZÜHTÜPAŞA MAH"
3410,KADIKÖY,100 MM ÇAPLI ŞEBEKE HATTI ARIZASI,18/09/2023 18:00:23,18/09/2023 23:00:00,MERDIVENKÖY MAHALLESI TÜMER SOKAK 5 ÖNÜ,"DUMLUPINAR MAH,GÖZTEPE MAH,MERDİVENKÖY MAH"
3411,KADIKÖY,100 MM ÇAPLI ŞEBEKE HATTI ARIZASI,11/09/2023 10:05:42,11/09/2023 14:30:00,MERDIVENKÖY MH. MELIH CEVDET ANDAY SK.IÇI,MERDİVENKÖY MAH
3412,KADIKÖY,150 MM ÇAPLI ŞEBEKE HATTI ARIZASI,16/11/2023 15:37:27,16/11/2023 23:59:00,MERDIVENKÖY MH.FAHRETTIN KERIM GÖKAY CD.ILE ORTABAHAR SK.KESIŞIMI,"FENERYOLU MAH,GÖZTEPE MAH,MERDİVENKÖY MAH,ZÜHTÜPAŞA MAH"
3413,KADIKÖY,100 MM ÇAPLI ŞEBEKE HATTI ARIZASI,01/12/2023 17:02:27,01/12/2023 21:00:00,MERDIVENKÖY MH.IMAM RAMIZ SK.NO:49,MERDİVENKÖY MAH
3414,KADIKÖY,100 MM ÇAPLI ŞEBEKE HATTI ARIZASI,17/05/2023 11:11:36,17/05/2023 15:00:00,MERDIVENKÖY MH.MELIH CEVDET ANDAY SK.IÇI,"DUMLUPINAR MAH,MERDİVENKÖY MAH"
3415,KADIKÖY,100 MM ÇAPLI ŞEBEKE HATTI ARIZASI,14/04/2023 12:05:54,14/04/2023 15:00:00,MERDIVENKÖY MH.MOLLA SK.NO:6,MERDİVENKÖY MAH
3416,KADIKÖY,100 MM ÇAPLI ŞEBEKE HATTI ARIZASI,30/10/2023 15:15:31,30/10/2023 17:35:00,MERDİVENKÖY MAH.  DOLMABAHÇE  SK. N. 4,MERDİVENKÖY MAH
3417,KADIKÖY,ŞEBEKE HATTI VANA MONTAJI/DEĞİŞİMİ,11/12/2023 15:21:11,11/12/2023 19:30:00,MERDİVENKÖY MAH. ORTABAHAR SK.İLE FAHRETTİN KERİM GÖKAY CAD. KES.,MERDİVENKÖY MAH
3418,KADIKÖY,100 MM ÇAPLI ŞEBEKE HATTI ARIZASI,17/10/2023 13:25:57,17/10/2023 16:30:00,MERDİVENKÖY MAH. ŞAİR ARŞİ CAD. N.13,MERDİVENKÖY MAH
3419,KADIKÖY,100 MM ÇAPLI ŞEBEKE HATTI ARIZASI,14/04/2023 00:02:12,15/04/2023 02:30:00,MERDİVENKÖY MAH.MOLLA SK NO:5,MERDİVENKÖY MAH
3420,KADIKÖY,100 MM ÇAPLI ŞEBEKE HATTI ARIZASI,19/08/2023 17:55:38,19/08/2023 22:00:00,MERDİVENKÖY MH HAMLE SK  NO 4,MERDİVENKÖY MAH
3421,KADIKÖY,100 MM ÇAPLI ŞEBEKE HATTI ARIZASI,30/10/2023 23:22:27,31/10/2023 07:00:00,MERDİVENKÖY MH ORTABAHAR SK İLE FAHRETTİN KERİM GÖKAY D KESİŞİMİ,MERDİVENKÖY MAH
3422,KADIKÖY,100 MM ÇAPLI ŞEBEKE HATTI ARIZASI,24/11/2023 11:26:42,24/11/2023 14:00:00,MERDİVENKÖYÜ MAH. FAHRETTİN KERİM GÖKAY CD. N.231,MERDİVENKÖY MAH
3423,KADIKÖY,100 MM ÇAPLI ŞEBEKE HATTI ARIZASI,15/10/2023 18:45:11,15/10/2023 22:00:00,MERFIVENKÖY MAHALLESI SAHRA ARALIĞI SOKAK,MERDİVENKÖY MAH
3424,KADIKÖY,100 MM ÇAPLI ŞEBEKE HATTI ARIZASI,21/02/2023 09:23:23,21/02/2023 13:00:00,OSMAN AĞA MAH. RIHTIM CAD. HALDUN TANER TIYATROSUNUN YANI,OSMANAĞA MAH
3425,KADIKÖY,100 MM ÇAPLI ŞEBEKE HATTI ARIZASI,19/06/2023 14:37:24,19/06/2023 18:00:00,OSMANAĞA  NEVZEMIN SK. IÇI,"CAFERAĞA MAH,OSMANAĞA MAH"
3426,KADIKÖY,100 MM ÇAPLI ŞEBEKE HATTI ARIZASI,21/03/2023 13:38:20,21/03/2023 18:00:00,OSMANAĞA MAH.  TULUMBACI ASIM SK IÇI,"HASANPAŞA MAH,OSMANAĞA MAH"
3427,KADIKÖY,100 MM ÇAPLI ŞEBEKE HATTI ARIZASI,01/03/2023 15:29:34,01/03/2023 19:00:00,OSMANAĞA MAH. GENERALASIM GÜNDÜZ N. 8,"CAFERAĞA MAH,OSMANAĞA MAH"
3428,KADIKÖY,100 MM ÇAPLI ŞEBEKE HATTI ARIZASI,05/06/2023 15:21:19,05/06/2023 18:00:00,OSMANAĞA MAH. GEZINME SK IÇI,"HASANPAŞA MAH,OSMANAĞA MAH"
3429,KADIKÖY,100 MM ÇAPLI ŞEBEKE HATTI ARIZASI,11/09/2023 14:57:28,11/09/2023 18:00:00,OSMANAĞA MAH. GEZİNME SK. İÇİ,OSMANAĞA MAH
3430,KADIKÖY,100 MM ÇAPLI ŞEBEKE HATTI ARIZASI,03/06/2023 09:21:06,03/06/2023 11:30:00,OSMANAĞA MAH. SÖĞÜTLÜÇEŞME SK.  N. 156,"HASANPAŞA MAH,OSMANAĞA MAH"
3431,KADIKÖY,100 MM ÇAPLI ŞEBEKE HATTI ARIZASI,05/12/2023 11:32:28,05/12/2023 23:00:00,OSMANAĞA MAH. YOĞURTÇUPARKI CD.İLE KUŞDİLİ CD. KES.,"CAFERAĞA MAH,OSMANAĞA MAH"
3432,KADIKÖY,100 MM ÇAPLI ŞEBEKE HATTI ARIZASI,31/01/2024 09:53:49,31/01/2024 14:00:00,OSMANAĞA MAH. ÇUHADAR SK. N.26,"CAFERAĞA MAH,OSMANAĞA MAH,RASİMPAŞA MAH"
3433,KADIKÖY,100 MM ÇAPLI ŞEBEKE HATTI ARIZASI,17/01/2024 10:14:38,17/01/2024 17:30:00,OSMANAĞA MAH. ÇİLEK SK.  N.29,OSMANAĞA MAH
3434,KADIKÖY,100 MM ÇAPLI ŞEBEKE HATTI ARIZASI,12/08/2023 11:44:47,12/08/2023 15:00:00,OSMANAĞA MH DÜŞDİLİ CD NO 89,OSMANAĞA MAH
3435,KADIKÖY,100 MM ÇAPLI ŞEBEKE HATTI ARIZASI,14/07/2023 02:30:21,14/07/2023 07:00:00,OSMANAĞA MH KARADUT SK NO 3 ÖNÜ,"CAFERAĞA MAH,HASANPAŞA MAH,OSMANAĞA MAH"
3436,KADIKÖY,100 MM ÇAPLI ŞEBEKE HATTI ARIZASI,11/11/2023 16:38:59,11/11/2023 20:00:00,OSMANAĞA MH. RIHTIM CD. HALDUN TANER SAHNE IÇI,"CAFERAĞA MAH,OSMANAĞA MAH"
3437,KADIKÖY,100 MM ÇAPLI ŞEBEKE HATTI ARIZASI,27/07/2023 11:00:06,27/07/2023 14:30:00,OSMANAĞA MH.SÖĞUTLU ÇEŞME CD.NO:156,OSMANAĞA MAH
3438,KADIKÖY,100 MM ÇAPLI ŞEBEKE HATTI ARIZASI,08/06/2023 10:57:42,08/06/2023 13:30:00,OSMANAĞA MH.TAVUSKUŞU SK.IÇI,OSMANAĞA MAH
3439,KADIKÖY,100 MM ÇAPLI ŞEBEKE HATTI ARIZASI,27/07/2023 13:22:44,27/07/2023 18:00:00,OSMANAĞA MH.YALIKÇI SK.,"CAFERAĞA MAH,OSMANAĞA MAH"
3440,KADIKÖY,100 MM ÇAPLI ŞEBEKE HATTI ARIZASI,15/06/2023 09:28:50,15/06/2023 13:00:00,OSMANAĞA NEVZEMIN SOKAK,"CAFERAĞA MAH,OSMANAĞA MAH"
3441,KADIKÖY,100 MM ÇAPLI ŞEBEKE HATTI ARIZASI,07/04/2023 09:57:49,07/04/2023 11:00:00,OSMANAĞA RIHTIM CADDESI METRO DURAĞI,OSMANAĞA MAH
3442,KADIKÖY,100 MM ÇAPLI ŞEBEKE HATTI ARIZASI,05/05/2023 12:03:16,05/05/2023 14:00:00,RASIM PAŞA MH.MÜHENDIS SARI ALI SK.NO:20,RASİMPAŞA MAH
3443,KADIKÖY,100 MM ÇAPLI ŞEBEKE HATTI ARIZASI,17/09/2023 12:01:01,17/09/2023 15:30:00,RASIM PAŞA MH.RIHTIM CD.BEŞIKTAŞ ISKELESI ÖNÜ,RASİMPAŞA MAH
3444,KADIKÖY,100 MM ÇAPLI ŞEBEKE HATTI ARIZASI,12/12/2023 12:03:52,12/12/2023 15:00:00,RASIMPAŞA  MAH.  MÜHENDİS SARI ALİ SK.,RASİMPAŞA MAH
3445,KADIKÖY,100 MM ÇAPLI ŞEBEKE HATTI ARIZASI,01/05/2023 13:39:48,01/05/2023 20:00:00,RASIMPAŞA HAYRULLAHEFENDI 29,"OSMANAĞA MAH,RASİMPAŞA MAH"
3446,KADIKÖY,100 MM ÇAPLI ŞEBEKE HATTI ARIZASI,30/11/2023 10:16:15,30/11/2023 17:00:00,RASIMPAŞA MAH. SÖĞÜTLÜ ÇEŞME CAD. İÇİ,"ACIBADEM MAH,HASANPAŞA MAH,RASİMPAŞA MAH"
3447,KADIKÖY,100 MM ÇAPLI ŞEBEKE HATTI ARIZASI,29/11/2023 12:00:19,29/11/2023 17:00:00,RASIMPAŞA MAH. SÖĞÜTLÜÇEŞME CAD. İÇİ,"HASANPAŞA MAH,RASİMPAŞA MAH"
3448,KADIKÖY,BASINÇ DÜŞÜKLÜĞÜ,24/04/2023 13:53:41,24/04/2023 17:00:00,RASIMPAŞA MH. ŞAHAP GÜRLER CD.ÜZERI,"CAFERAĞA MAH,FENERBAHÇE MAH,OSMANAĞA MAH,RASİMPAŞA MAH,ZÜHTÜPAŞA MAH"
3449,KADIKÖY,100 MM ÇAPLI ŞEBEKE HATTI ARIZASI,29/08/2023 13:04:43,29/08/2023 16:00:00,RASİMPAŞA MH.YAVUZTÜRK SK,RASİMPAŞA MAH
3450,KADIKÖY,200 MM ÇAPLI ŞEBEKE HATTI ARIZASI,19/08/2023 15:48:18,19/08/2023 23:59:00,RÜZGAR SK.NO:IÇI,FİKİRTEPE MAH
3451,KADIKÖY,100 MM ÇAPLI ŞEBEKE HATTI ARIZASI,27/12/2023 11:09:52,27/12/2023 16:30:00,S.CEDIT MAH.ATATÜRK CAD.NO: 18,SAHRAYICEDİT MAH
3452,KADIKÖY,100 MM ÇAPLI ŞEBEKE HATTI ARIZASI,06/06/2023 09:29:25,06/06/2023 13:00:00,SAHRAHICEDID MAH. TAŞLIYOL SK. N.23,SAHRAYICEDİT MAH
3453,KADIKÖY,100 MM ÇAPLI ŞEBEKE HATTI ARIZASI,11/07/2023 10:01:15,11/07/2023 14:30:00,SAHRAYICEDİT MH.BANKACILAR SK.NO:16,SAHRAYICEDİT MAH
3454,KADIKÖY,100 MM ÇAPLI ŞEBEKE HATTI ARIZASI,15/08/2023 14:06:21,15/08/2023 16:00:00,SAHRAYICEDİT MH.MESCİTLİ SK,SAHRAYICEDİT MAH
3455,KADIKÖY,100 MM ÇAPLI ŞEBEKE HATTI ARIZASI,21/07/2023 14:53:14,21/07/2023 19:00:00,SAHRAYIECEDİT MH TEPE SK NO 16,"19 MAYIS MAH,SAHRAYICEDİT MAH"
3456,KADIKÖY,150 MM ÇAPLI ŞEBEKE HATTI ARIZASI,15/01/2024 11:59:09,15/01/2024 17:00:00,SAHRAYİCEDİD MAH. ATATÜRK CD. N.21,"19 MAYIS MAH,SAHRAYICEDİT MAH"
3457,KADIKÖY,200 MM ÇAPLI ŞEBEKE HATTI ARIZASI,08/12/2023 12:18:09,08/12/2023 17:30:00,SAHRAYİCEDİD MAH. KİREÇHANALER SK. İLE OSMAN NURİ ERGİN KES.,SAHRAYICEDİT MAH
3458,KADIKÖY,150 MM ÇAPLI ŞEBEKE HATTI ARIZASI,05/08/2023 10:55:22,05/08/2023 15:00:00,SUADIYE AYDIN SOKAK 27 ÖNÜ,"BOSTANCI MAH,SUADİYE MAH"
3459,KADIKÖY,100 MM ÇAPLI ŞEBEKE HATTI ARIZASI,04/09/2023 11:14:58,04/09/2023 14:00:00,SUADIYE MAH.  NOTER SK. N. 55,"BOSTANCI MAH,CADDEBOSTAN MAH,SUADİYE MAH"
3460,KADIKÖY,100 MM ÇAPLI ŞEBEKE HATTI ARIZASI,06/06/2023 15:57:07,06/06/2023 20:00:00,SUADIYE MAH. ÇAMLI SK. N. 16,"ERENKÖY MAH,SUADİYE MAH"
3461,KADIKÖY,100 MM ÇAPLI ŞEBEKE HATTI ARIZASI,22/07/2023 21:45:28,22/07/2023 23:50:00,SUADIYE MAHALLESI YENIFIDAN SOKAK NO : 6 ÖNÜ,"BOSTANCI MAH,SUADİYE MAH"
3462,KADIKÖY,100 MM ÇAPLI ŞEBEKE HATTI ARIZASI,09/08/2023 16:09:59,09/08/2023 19:00:00,SUADIYE YENIFIDAN SOKAK,"BOSTANCI MAH,SUADİYE MAH"
3463,KADIKÖY,ŞEBEKE HATTI VANA MONTAJI/DEĞİŞİMİ,10/02/2024 10:03:30,10/02/2024 15:00:00,SUADİYE MAH. KİTAPÇI ÇIK. SK. İÇİ,"BOSTANCI MAH,SUADİYE MAH"
3464,KADIKÖY,100 MM ÇAPLI ŞEBEKE HATTI ARIZASI,25/01/2024 10:11:44,25/01/2024 14:00:00,SUADİYE MAH. MÜCAİT SK. N. 5,"BOSTANCI MAH,SUADİYE MAH"
3465,KADIKÖY,150 MM ÇAPLI ŞEBEKE HATTI ARIZASI,01/08/2023 17:19:54,01/08/2023 20:00:00,SUADİYE MH HAZAN SK NO 40,"BOSTANCI MAH,SUADİYE MAH"
3466,KADIKÖY,100 MM ÇAPLI ŞEBEKE HATTI ARIZASI,08/11/2023 14:22:13,08/11/2023 18:00:00,SUADİYE MH.BAĞDAT CD.,SUADİYE MAH
3467,KADIKÖY,100 MM ÇAPLI ŞEBEKE HATTI ARIZASI,14/11/2023 10:18:38,14/11/2023 15:00:00,SUADİYE MHANKA SK İLE PİLAJ SK KESİŞİMİ,"BOSTANCI MAH,ERENKÖY MAH,SUADİYE MAH"
3468,KADIKÖY,100 MM ÇAPLI ŞEBEKE HATTI ARIZASI,28/04/2023 11:34:53,28/04/2023 14:30:00,SÖĞÜTLÜ ÇEŞME CD.NO:10,"CAFERAĞA MAH,OSMANAĞA MAH"
3469,KADIKÖY,150 MM ÇAPLI ŞEBEKE HATTI ARIZASI,26/07/2023 13:53:43,26/07/2023 19:30:00,TÜTÜNCÜ MEHMET EFENDI CD.ÜZERI,"CADDEBOSTAN MAH,ERENKÖY MAH,GÖZTEPE MAH"
3470,KADIKÖY,100 MM ÇAPLI ŞEBEKE HATTI ARIZASI,04/08/2023 10:07:45,04/08/2023 12:00:00,ZÜHTÜPAŞA CEMRE SOKAK,ZÜHTÜPAŞA MAH
3471,KADIKÖY,100 MM ÇAPLI ŞEBEKE HATTI ARIZASI,12/01/2024 11:49:16,12/01/2024 17:00:00,ZÜHTÜPAŞA MAH. RÜŞTİYE SK.N.27,"EĞİTİM MAH,FENERBAHÇE MAH,ZÜHTÜPAŞA MAH"
3472,KADIKÖY,100 MM ÇAPLI ŞEBEKE HATTI ARIZASI,09/09/2023 10:53:52,09/09/2023 15:30:00,ZÜHTÜPAŞA MH. HASAN KAMIL SPOREL CD.NO:10,ZÜHTÜPAŞA MAH
3473,KARTAL,100 MM ÇAPLI ŞEBEKE HATTI ARIZASI,09/12/2023 13:27:09,09/12/2023 17:00:00, YAKACIK ÇARŞI MAHALLESİ ZERRE SOKAK NO/16,YAKACIK ÇARŞI MAH
3474,KARTAL,100 MM ÇAPLI ŞEBEKE HATTI ARIZASI,02/04/2023 00:00:05,02/04/2023 02:00:00,ANKARA CADDESI NO 117.  SOKAK,KORDONBOYU MAH
3475,KARTAL,100 MM ÇAPLI ŞEBEKE HATTI ARIZASI,12/09/2023 11:00:01,12/09/2023 16:00:00,ATALAR MAHALLESİ  BÜKLÜ SK NO 2,"ATALAR MAH,PETROL İŞ MAH"
3476,KARTAL,100 MM ÇAPLI ŞEBEKE HATTI ARIZASI,30/09/2023 10:38:02,30/09/2023 13:00:00,ATALAR MAHALLESİ DOĞU CADDESİ NO 35,ATALAR MAH
3477,KARTAL,100 MM ÇAPLI ŞEBEKE HATTI ARIZASI,22/12/2023 09:10:48,22/12/2023 12:00:00,ATALAR MAHALLESİ UFUK SOKAK NO 3,ATALAR MAH
3478,KARTAL,150 MM ÇAPLI ŞEBEKE HATTI ARIZASI,27/11/2023 15:37:55,27/11/2023 20:00:00,ATALAR MAHALLESİ ŞEHİT AYHAN ARSLAN CD NO 7,ATALAR MAH
3479,KARTAL,100 MM ÇAPLI ŞEBEKE HATTI ARIZASI,10/11/2023 16:07:22,10/11/2023 18:00:00,CEVİZLİ MAH ONAT SOKAK 11,CEVİZLİ MAH
3480,KARTAL,100 MM ÇAPLI ŞEBEKE HATTI ARIZASI,21/02/2023 16:29:49,21/02/2023 19:00:00,CEVİZLİ MAH. BURSA SOK. ÜZERİ PİRİZ ARIZASI,CEVİZLİ MAH
3481,KARTAL,100 MM ÇAPLI ŞEBEKE HATTI ARIZASI,20/12/2023 11:55:36,20/12/2023 14:00:00,CEVİZLİ MAHALLESİ ANAFARTALAR CADDESİ NO 23,CEVİZLİ MAH
3482,KARTAL,100 MM ÇAPLI ŞEBEKE HATTI ARIZASI,04/12/2023 09:54:25,04/12/2023 13:00:00,CEVİZLİ MAHALLESİ ELAZIĞ SOKAK NO 7,CEVİZLİ MAH
3483,KARTAL,100 MM ÇAPLI ŞEBEKE HATTI ARIZASI,27/01/2024 11:52:07,27/01/2024 13:00:00,CEVİZLİ MAHALLESİ KARADENİZ SOKAK NO 20,CEVİZLİ MAH
3484,KARTAL,100 MM ÇAPLI ŞEBEKE HATTI ARIZASI,08/02/2024 13:48:40,08/02/2024 20:00:00,CEVİZLİ MAHALLESİ SARAYLAR CADDESİ VE DÜZCE SOKAK KESİŞİMİ,CEVİZLİ MAH
3485,KARTAL,100 MM ÇAPLI ŞEBEKE HATTI ARIZASI,02/05/2023 15:05:24,02/05/2023 19:00:00,CEVİZLİ MH KEMALİYE SK18,"CEVİZLİ MAH,ESENTEPE MAH"
3486,KARTAL,150 MM ÇAPLI ŞEBEKE HATTI ARIZASI,15/07/2023 09:20:51,15/07/2023 16:00:00,CUMHURIYET MAH  ŞHT CIHAN KIZILTAŞ SOK ILE TUTKU SOK KESIŞIMI,CUMHURİYET MAH
3487,KARTAL,150 MM ÇAPLI ŞEBEKE HATTI ARIZASI,10/06/2023 12:23:33,10/06/2023 17:00:00,CUMHURIYET MAH YAZYURDU SOK NO.14,CUMHURİYET MAH
3488,KARTAL,150 MM ÇAPLI ŞEBEKE HATTI ARIZASI,13/07/2023 08:42:12,13/07/2023 19:00:00,CUMHURIYET MAHALLESI CEVIZ SOKAK N0 24,CUMHURİYET MAH
3489,KARTAL,100 MM ÇAPLI ŞEBEKE HATTI ARIZASI,12/06/2023 09:15:18,12/06/2023 17:00:00,CUMHURIYET MH  YAZYURDU SK  BIR KISMI,CUMHURİYET MAH
3490,KARTAL,100 MM ÇAPLI ŞEBEKE HATTI ARIZASI,10/12/2023 13:32:28,10/12/2023 16:00:00,CUMHURİYET MAH KARTAL CD,CUMHURİYET MAH
3491,KARTAL,100 MM ÇAPLI ŞEBEKE HATTI ARIZASI,03/12/2023 14:58:18,03/12/2023 19:00:00,CUMHURİYET MAH KENT SK,YAKACIK ÇARŞI MAH
3492,KARTAL,100 MM ÇAPLI ŞEBEKE HATTI ARIZASI,01/07/2023 12:34:32,01/07/2023 13:36:00,CUMHURİYET MAH ÇAKIR SOK NO 3,CUMHURİYET MAH
3493,KARTAL,ŞEBEKE HATTI VANA MONTAJI/DEĞİŞİMİ,26/04/2023 12:13:28,26/04/2023 17:00:00,CUMHURİYET MAH. GÜLCE SOK. NO:2,CUMHURİYET MAH
3494,KARTAL,150 MM ÇAPLI ŞEBEKE HATTI ARIZASI,01/03/2023 10:17:35,01/03/2023 15:00:00,CUMHURİYET MAH. TENHA SOK. ÜZERİ,CUMHURİYET MAH
3495,KARTAL,100 MM ÇAPLI ŞEBEKE HATTI ARIZASI,02/08/2023 15:20:38,02/08/2023 18:00:00,CUMHURİYET MAHALLESİ BAHRİYE SOKAK NO 21,CUMHURİYET MAH
3496,KARTAL,100 MM ÇAPLI ŞEBEKE HATTI ARIZASI,28/09/2023 11:31:32,28/09/2023 15:00:00,CUMHURİYET MAHALLESİ KONUT SOKAK NO/17,CUMHURİYET MAH
3497,KARTAL,100 MM ÇAPLI ŞEBEKE HATTI ARIZASI,06/07/2023 16:35:34,06/07/2023 19:00:00,CUMHURİYET MAHALLESİ SELÇUK SOKAK NO-2,CUMHURİYET MAH
3498,KARTAL,150 MM ÇAPLI ŞEBEKE HATTI ARIZASI,26/07/2023 09:59:59,26/07/2023 17:00:00,CUMHURİYET MAHALLESİ YAZYURDU SOKAK VE ŞEFKAT SOKAK KESİŞİMİ,CUMHURİYET MAH
3499,KARTAL,100 MM ÇAPLI ŞEBEKE HATTI ARIZASI,29/12/2023 16:29:13,29/12/2023 19:00:00,CUMHURİYET MAHALLESİ YÜZYIL CADDESİ NO46,CUMHURİYET MAH
3500,KARTAL,100 MM ÇAPLI ŞEBEKE HATTI ARIZASI,30/10/2023 12:14:16,30/10/2023 15:00:00,CUMHURİYET MAHALLESİ ÖREN SOKAK NO 1,CUMHURİYET MAH
3501,KARTAL,150 MM ÇAPLI ŞEBEKE HATTI ARIZASI,23/06/2023 18:29:50,23/06/2023 22:00:00,CUMHURİYET MH CEVİZ SK 30,CUMHURİYET MAH
3502,KARTAL,150 MM ÇAPLI ŞEBEKE HATTI ARIZASI,16/06/2023 15:40:26,16/06/2023 17:00:00,CUMHURİYET MH MERMER SK  14/16/18,CUMHURİYET MAH
3503,KARTAL,150 MM ÇAPLI ŞEBEKE HATTI ARIZASI,14/06/2023 10:41:46,14/06/2023 12:00:00,CUMHURİYET MH NİHAT SK1,CUMHURİYET MAH
3504,KARTAL,150 MM ÇAPLI ŞEBEKE HATTI ARIZASI,21/03/2023 11:31:15,21/03/2023 18:00:00,CUMHURİYET MH TENHA SK OLTU TAŞI SK KESİŞİMİ,CUMHURİYET MAH
3505,KARTAL,ŞEBEKE HATTI DEPLASE ÇALIŞMASI,30/05/2023 09:31:05,30/05/2023 12:30:00,CUMHURİYET MH ŞEVKAT SK NİHAT  SK  KESİŞİMİ,CUMHURİYET MAH
3506,KARTAL,ENERJİ KESİNTİSİ,14/11/2023 13:12:15,14/11/2023 15:00:00,DRAGOS TERFİ,ORHANTEPE MAH
3507,KARTAL,100 MM ÇAPLI ŞEBEKE HATTI ARIZASI,19/12/2023 13:20:44,19/12/2023 15:30:00,ERTUĞRULGAZİ MAH AYDOS CAD NO.147,HÜRRİYET MAH
3508,KARTAL,ŞEBEKE HATTI VANA MONTAJI/DEĞİŞİMİ,21/11/2023 10:12:48,21/11/2023 17:00:00,ERTUĞRULGAZİ MAH NİZAMİ SOK,HÜRRİYET MAH
3509,KARTAL,100 MM ÇAPLI ŞEBEKE HATTI ARIZASI,03/09/2023 02:24:12,03/09/2023 11:00:00,ESENTEPE MAH. SULTANDAĞ SK NO 14,ESENTEPE MAH
3510,KARTAL,100 MM ÇAPLI ŞEBEKE HATTI ARIZASI,06/09/2023 08:50:31,06/09/2023 12:00:00,ESENTEPE MAHALLESİ  SULTAN DAĞ SOKAK NO/14,ESENTEPE MAH
3511,KARTAL,100 MM ÇAPLI ŞEBEKE HATTI ARIZASI,15/09/2023 15:41:53,15/09/2023 18:00:00,ESENTEPE MAHALLESİ BAHARGÜLÜ SOKAK NO/13,ESENTEPE MAH
3512,KARTAL,100 MM ÇAPLI ŞEBEKE HATTI ARIZASI,27/09/2023 12:28:25,27/09/2023 16:00:00,ESENTEPE MAHALLESİ ELMADAĞ SK NO 12,ESENTEPE MAH
3513,KARTAL,100 MM ÇAPLI ŞEBEKE HATTI ARIZASI,05/12/2023 13:59:40,05/12/2023 16:00:00,GÜMÜŞPINAR MAHALLESİ BAMYALI SOKAK NO 10,GÜMÜŞPINAR MAH
3514,KARTAL,150 MM ÇAPLI ŞEBEKE HATTI ARIZASI,05/05/2023 15:26:17,05/05/2023 18:00:00,HÜRRIYET MH. APAYDIN SK.NO:30,HÜRRİYET MAH
3515,KARTAL,100 MM ÇAPLI ŞEBEKE HATTI ARIZASI,12/04/2023 11:48:59,12/04/2023 17:00:00,HÜRRIYET MH. APAYDIN SK.NO:34,HÜRRİYET MAH
3516,KARTAL,100 MM ÇAPLI ŞEBEKE HATTI ARIZASI,12/04/2023 16:10:42,12/04/2023 18:00:00,HÜRRIYET MH.APAYDIN SK.NO:34,HÜRRİYET MAH
3517,KARTAL,150 MM ÇAPLI ŞEBEKE HATTI ARIZASI,18/06/2023 09:40:26,18/06/2023 16:00:00,HÜRRIYET MH.CUMHUR SK ILE TORAMAN SK KESIŞIMI,HÜRRİYET MAH
3518,KARTAL,100 MM ÇAPLI ŞEBEKE HATTI ARIZASI,05/05/2023 11:24:50,05/05/2023 16:00:00,HÜRRİYET MAH APAYDIN SOK NO:34,HÜRRİYET MAH
3519,KARTAL,100 MM ÇAPLI ŞEBEKE HATTI ARIZASI,03/08/2023 04:37:12,03/08/2023 10:00:00,HÜRRİYET MAH BOSNA SK.,HÜRRİYET MAH
3520,KARTAL,100 MM ÇAPLI ŞEBEKE HATTI ARIZASI,10/02/2024 20:32:14,10/02/2024 23:00:00,HÜRRİYET MAH MİTHATPAŞA CAD NO.54,"CUMHURİYET MAH,HÜRRİYET MAH"
3521,KARTAL,150 MM ÇAPLI ŞEBEKE HATTI ARIZASI,16/07/2023 13:41:35,16/07/2023 20:00:00,HÜRRİYET MAH TAŞLI SOK İLE AYAZMA CAD KESİŞİMİ,HÜRRİYET MAH
3522,KARTAL,100 MM ÇAPLI ŞEBEKE HATTI ARIZASI,23/07/2023 13:14:10,23/07/2023 15:30:00,HÜRRİYET MAH. LALEGÜL SOKAK,HÜRRİYET MAH
3523,KARTAL,100 MM ÇAPLI ŞEBEKE HATTI ARIZASI,11/08/2023 17:40:35,11/08/2023 20:00:00,HÜRRİYET MAH.ADNAN KAHVECİ CAD.NO:89,"CUMHURİYET MAH,HÜRRİYET MAH"
3524,KARTAL,100 MM ÇAPLI ŞEBEKE HATTI ARIZASI,01/04/2023 18:15:57,01/04/2023 21:00:00,HÜRRİYET MAH.BOSNA SOK ÖNER SOK KESİŞİMİ,HÜRRİYET MAH
3525,KARTAL,100 MM ÇAPLI ŞEBEKE HATTI ARIZASI,11/08/2023 10:01:08,11/08/2023 12:00:00,HÜRRİYET MAHALLESİ KARAKUM SOKAK NO/10,HÜRRİYET MAH
3526,KARTAL,100 MM ÇAPLI ŞEBEKE HATTI ARIZASI,04/12/2023 15:33:03,04/12/2023 18:00:00,HÜRRİYET MAHALLESİ MASAL SOKAK NO1,HÜRRİYET MAH
3527,KARTAL,100 MM ÇAPLI ŞEBEKE HATTI ARIZASI,19/01/2024 15:36:48,19/01/2024 18:00:00,HÜRRİYET MAHALLESİ MİTHATPAŞA CADDESİ NO 33,"CUMHURİYET MAH,HÜRRİYET MAH"
3528,KARTAL,ŞEBEKE HATTI VANA MONTAJI/DEĞİŞİMİ,07/02/2024 12:23:56,07/02/2024 19:00:00,HÜRRİYET MAHALLESİ SANCAK SOKAK NO 14,HÜRRİYET MAH
3529,KARTAL,100 MM ÇAPLI ŞEBEKE HATTI ARIZASI,08/09/2023 10:48:48,08/09/2023 14:00:00,HÜRRİYET MAHALLESİ SARIBAL SK NO 4,HÜRRİYET MAH
3530,KARTAL,150 MM ÇAPLI ŞEBEKE HATTI ARIZASI,18/08/2023 09:02:44,18/08/2023 12:00:00,HÜRRİYET MAHALLESİ SİNA SOKAK NO 1,HÜRRİYET MAH
3531,KARTAL,150 MM ÇAPLI ŞEBEKE HATTI ARIZASI,09/11/2023 15:53:18,09/11/2023 20:00:00,HÜRRİYET MAHALLESİ ULUS CADESİ VE ERLER SOKAK KESİŞİMİ,"CUMHURİYET MAH,HÜRRİYET MAH"
3532,KARTAL,100 MM ÇAPLI ŞEBEKE HATTI ARIZASI,29/07/2023 15:30:41,29/07/2023 17:00:00,HÜRRİYET MH ŞARK SK NO 3,HÜRRİYET MAH
3533,KARTAL,100 MM ÇAPLI ŞEBEKE HATTI ARIZASI,24/05/2023 10:00:04,24/05/2023 12:00:00,KARLIKTEPE  MH  IŞIKLAR SK 4 NUMARA,KARLIKTEPE MAH
3534,KARTAL,100 MM ÇAPLI ŞEBEKE HATTI ARIZASI,08/02/2024 20:09:15,08/02/2024 22:00:00,KARLIKTEPE MAH ARA SK NO.2,"KARLIKTEPE MAH,ÇAVUŞOĞLU MAH"
3535,KARTAL,100 MM ÇAPLI ŞEBEKE HATTI ARIZASI,09/02/2024 09:16:27,09/02/2024 15:00:00,KARLIKTEPE MAHALLESİ METAL SOKAK NO/3,"KARLIKTEPE MAH,ÇAVUŞOĞLU MAH"
3536,KARTAL,100 MM ÇAPLI ŞEBEKE HATTI ARIZASI,12/05/2023 17:48:57,12/05/2023 20:00:00,KARLIKTEPE MH  ARA ÇIKMAZI SK3,"KARLIKTEPE MAH,ÇAVUŞOĞLU MAH"
3537,KARTAL,100 MM ÇAPLI ŞEBEKE HATTI ARIZASI,07/05/2023 14:33:27,07/05/2023 18:00:00,KARTAL CUMHURIYET MAHALLESI ŞALE SOKAK,CUMHURİYET MAH
3538,KARTAL,ENERJİ KESİNTİSİ,28/09/2023 13:34:34,28/09/2023 16:00:00,KARTAL MADEN TERFİ,"CUMHURİYET MAH,GÜMÜŞPINAR MAH,HÜRRİYET MAH,UĞUR MUMCU MAH,YAKACIK YENİ MAH,YAKACIK ÇARŞI MAH"
3539,KARTAL,ENERJİ KESİNTİSİ,14/01/2024 03:22:45,14/01/2024 05:30:00,KARTAL MADEN TERFİ,"CUMHURİYET MAH,GÜMÜŞPINAR MAH,HÜRRİYET MAH,UĞUR MUMCU MAH,YAKACIK YENİ MAH,YAKACIK ÇARŞI MAH"
3540,KARTAL,100 MM ÇAPLI ŞEBEKE HATTI ARIZASI,08/07/2023 13:15:01,08/07/2023 17:00:00,KARTAL YAKACIK YENI MAH YEŞIL BAĞLAR SOK NO 5,"GÜMÜŞPINAR MAH,YAKACIK YENİ MAH"
3541,KARTAL,100 MM ÇAPLI ŞEBEKE HATTI ARIZASI,02/09/2023 12:17:47,02/09/2023 14:00:00,KARTAL ÇAVUŞOĞLU MAHALLESİ NAMIK KEMAL CADDESİ NO 45,ÇAVUŞOĞLU MAH
3542,KARTAL,1200 MM ÇAPLI ANA İSALE HATTI ARIZASI,02/03/2023 19:43:54,03/03/2023 10:00:00,KARTAL-ATALAR MH.,"CEVİZLİ MAH,ORHANTEPE MAH"
3543,KARTAL,900 MM ÇAPLI ANA İSALE HATTI ARIZASI,16/11/2023 13:53:04,16/11/2023 23:00:00,KARTAL-CEVİZLİ 900 MM İSALE HATTI,"CEVİZLİ MAH,ESENTEPE MAH,ORHANTEPE MAH"
3544,KARTAL,700 MM  ÇAPLI ANA İSALE HATTI ARIZASI,17/01/2024 23:03:37,18/01/2024 05:00:00,KARTAL-ESENTEPE,"ATALAR MAH,KARLIKTEPE MAH,PETROL İŞ MAH,YUKARI MAH,YUNUS MAH,ÇAVUŞOĞLU MAH"
3545,KARTAL,100 MM ÇAPLI ŞEBEKE HATTI ARIZASI,04/11/2023 12:31:30,04/11/2023 17:00:00,KORDONBOYU MAH DİKİLİTAŞ SOKAK NO 3,KORDONBOYU MAH
3546,KARTAL,100 MM ÇAPLI ŞEBEKE HATTI ARIZASI,06/01/2024 16:13:09,06/01/2024 20:00:00,KORDONBOYU MAH.ANKARA CAD.NO:190,KORDONBOYU MAH
3547,KARTAL,100 MM ÇAPLI ŞEBEKE HATTI ARIZASI,21/08/2023 15:43:42,21/08/2023 17:00:00,KORDONBOYU MAHALLESİ ANKARA CADDESİ NO 2,KORDONBOYU MAH
3548,KARTAL,100 MM ÇAPLI ŞEBEKE HATTI ARIZASI,25/09/2023 10:44:55,25/09/2023 12:00:00,KORDONBOYU MAHALLESİ ANKARA CADDESİ NO/220,KORDONBOYU MAH
3549,KARTAL,100 MM ÇAPLI ŞEBEKE HATTI ARIZASI,17/02/2024 10:00:50,17/02/2024 14:00:00,KORDONBOYU MAHALLESİ ANKARA CADDESİ NO/73,KORDONBOYU MAH
3550,KARTAL,100 MM ÇAPLI ŞEBEKE HATTI ARIZASI,17/01/2024 15:47:36,17/01/2024 19:00:00,KORDONBOYU MAHALLESİ KUMLAR CADDESİ NO/47,KORDONBOYU MAH
3551,KARTAL,100 MM ÇAPLI ŞEBEKE HATTI ARIZASI,20/04/2023 09:56:02,20/04/2023 12:00:00,KORDONBOYU MH ANKARA CD83,KORDONBOYU MAH
3552,KARTAL,ANA İSALE HATTI VANA ARIZASI,11/10/2023 15:56:38,11/10/2023 19:00:00,MADEN DEPO,"GÜMÜŞPINAR MAH,UĞUR MUMCU MAH,YAKACIK YENİ MAH,YAKACIK ÇARŞI MAH"
3553,KARTAL,ENERJİ KESİNTİSİ,28/07/2023 08:54:09,28/07/2023 10:00:00,MADEN TERFİ,"CUMHURİYET MAH,GÜMÜŞPINAR MAH,HÜRRİYET MAH,UĞUR MUMCU MAH,YAKACIK YENİ MAH,YAKACIK ÇARŞI MAH"
3554,KARTAL,100 MM ÇAPLI ŞEBEKE HATTI ARIZASI,03/01/2024 12:43:40,03/01/2024 19:00:00,ORHAN TEPE MAHALLESİ KAMPYOLU CADDESİ NO/49,"KORDONBOYU MAH,ORHANTEPE MAH"
3555,KARTAL,100 MM ÇAPLI ŞEBEKE HATTI ARIZASI,11/02/2024 12:21:04,11/02/2024 16:00:00,ORHANTEPE  CIHAN SOK GIRIŞI,ORHANTEPE MAH
3556,KARTAL,100 MM ÇAPLI ŞEBEKE HATTI ARIZASI,01/08/2023 18:18:41,01/08/2023 21:00:00,ORHANTEPE MAH ESER SOK NO 20,ORHANTEPE MAH
3557,KARTAL,100 MM ÇAPLI ŞEBEKE HATTI ARIZASI,11/10/2023 10:01:09,11/10/2023 12:30:00,ORHANTEPE MAH HALITPAŞA CAD NO 5,ORHANTEPE MAH
3558,KARTAL,100 MM ÇAPLI ŞEBEKE HATTI ARIZASI,21/05/2023 11:42:58,21/05/2023 16:00:00,ORHANTEPE MAH. TUNÇ SK NO:9,ORHANTEPE MAH
3559,KARTAL,100 MM ÇAPLI ŞEBEKE HATTI ARIZASI,13/07/2023 09:39:23,13/07/2023 13:00:00,ORHANTEPE MAHALLESI KAYIKÇI SOKAK NO 2,"KORDONBOYU MAH,ORHANTEPE MAH"
3560,KARTAL,100 MM ÇAPLI ŞEBEKE HATTI ARIZASI,15/12/2023 09:47:53,15/12/2023 12:29:00,ORHANTEPE MAHALLESİ ALASKA SOKAK NO 2,ORHANTEPE MAH
3561,KARTAL,100 MM ÇAPLI ŞEBEKE HATTI ARIZASI,17/01/2024 15:04:48,17/01/2024 17:00:00,ORHANTEPE MAHALLESİ ESER SOKAK NO/7,ORHANTEPE MAH
3562,KARTAL,200 MM ÇAPLI ŞEBEKE HATTI ARIZASI,12/12/2023 15:30:23,12/12/2023 22:00:00,ORHANTEPE MAHALLESİ ORHANGAZİ CD VE GÜL SOKAK KESİŞİMİ,"KORDONBOYU MAH,ORHANTEPE MAH"
3563,KARTAL,100 MM ÇAPLI ŞEBEKE HATTI ARIZASI,13/03/2023 10:14:10,13/03/2023 13:00:00,ORHANTEPE MAHALLSİ İCABETSOKAK ÜZERİ,ORHANTEPE MAH
3564,KARTAL,100 MM ÇAPLI ŞEBEKE HATTI ARIZASI,07/06/2023 11:48:23,07/06/2023 14:00:00,ORHANTEPE MH  ŞEHİT HAKAN KURBAN CD 69,ORHANTEPE MAH
3565,KARTAL,100 MM ÇAPLI ŞEBEKE HATTI ARIZASI,04/11/2023 15:22:44,04/11/2023 18:00:00,ORHANTEPE MH GEZIYOLU SK NO 32,"KORDONBOYU MAH,ORHANTEPE MAH"
3566,KARTAL,100 MM ÇAPLI ŞEBEKE HATTI ARIZASI,18/02/2024 15:04:17,18/02/2024 18:00:00,ORTA MAH.TURGUT REİS NO:5,ORTA MAH
3567,KARTAL,100 MM ÇAPLI ŞEBEKE HATTI ARIZASI,27/07/2023 12:53:27,27/07/2023 16:00:00,ORTA MAHALLE GAZİOSMAN PAŞA SOKAK NO/14,ORTA MAH
3568,KARTAL,1200 MM ÇAPLI ANA İSALE HATTI ARIZASI,22/01/2024 13:22:51,23/01/2024 02:00:00,PENDİK KARTAL,"ATALAR MAH,CUMHURİYET MAH,ESENTEPE MAH,GÜMÜŞPINAR MAH,HÜRRİYET MAH,KARLIKTEPE MAH,KORDONBOYU MAH,ORHANTEPE MAH,ORTA MAH,PETROL İŞ MAH,SOĞANLIK YENİ MAH,TOPSELVİ MAH,UĞUR MUMCU MAH,YAKACIK YENİ MAH,YAKACIK ÇARŞI MAH,YALI MAH,YUKARI MAH,YUNUS MAH,ÇAVUŞOĞLU MAH"
3569,KARTAL,TERFİ  MERKEZİ ARIZASI,24/10/2023 11:28:47,24/10/2023 13:00:00,SOĞANLIK TERFİ,"CUMHURİYET MAH,GÜMÜŞPINAR MAH,HÜRRİYET MAH,YAKACIK ÇARŞI MAH"
3570,KARTAL,ENERJİ KESİNTİSİ,30/10/2023 22:58:27,31/10/2023 01:30:00,SOĞANLIK TERFİ,"CUMHURİYET MAH,GÜMÜŞPINAR MAH,HÜRRİYET MAH,ORTA MAH,SOĞANLIK YENİ MAH,YAKACIK YENİ MAH,YAKACIK YENİ MAH,YAKACIK ÇARŞI MAH"
3571,KARTAL,150 MM ÇAPLI ŞEBEKE HATTI ARIZASI,19/01/2024 09:10:15,19/01/2024 14:00:00,SOĞANLIK YENİ MAHALLE MİMAR SİNAN CADDESİ NO/22,SOĞANLIK YENİ MAH
3572,KARTAL,100 MM ÇAPLI ŞEBEKE HATTI ARIZASI,23/08/2023 12:57:32,23/08/2023 15:00:00,SOĞANLIK YENİ MAHALLE PAMUKKALE SOKAK NO/15,SOĞANLIK YENİ MAH
3573,KARTAL,100 MM ÇAPLI ŞEBEKE HATTI ARIZASI,22/01/2024 12:21:13,22/01/2024 15:00:00,SOĞANLIK YENİ MAHALLE TİMUR SOKAK NO 24,SOĞANLIK YENİ MAH
3574,KARTAL,100 MM ÇAPLI ŞEBEKE HATTI ARIZASI,07/11/2023 09:43:53,07/11/2023 12:00:00,SOĞANLIK YENİ MAHALLE ŞİNASİ SOKAK NO/8,SOĞANLIK YENİ MAH
3575,KARTAL,100 MM ÇAPLI ŞEBEKE HATTI ARIZASI,03/04/2023 16:49:10,03/04/2023 19:00:00,SOĞANLIK YENİ MH MİLLET CD NO:60,SOĞANLIK YENİ MAH
3576,KARTAL,100 MM ÇAPLI ŞEBEKE HATTI ARIZASI,04/09/2023 11:18:31,04/09/2023 13:00:00,SOĞANLIK YENİMAHALLE  ATATÜRK CADDESİ NO/53,SOĞANLIK YENİ MAH
3577,KARTAL,100 MM ÇAPLI ŞEBEKE HATTI ARIZASI,22/09/2023 15:57:50,22/09/2023 18:00:00,SOĞANLIKYENİ MAHALLE MİMAR SİNAN CADDESİ NO/63,SOĞANLIK YENİ MAH
3578,KARTAL,100 MM ÇAPLI ŞEBEKE HATTI ARIZASI,07/11/2023 16:10:55,07/11/2023 19:00:00,TOPSELVİ  MAHALLESİ PERLİT SOKAK NO /48,"TOPSELVİ MAH,YUNUS MAH"
3579,KARTAL,100 MM ÇAPLI ŞEBEKE HATTI ARIZASI,05/06/2023 11:57:50,05/06/2023 16:00:00,TOPSELVİ KUBİLAY CD  CAMİ SK KESİŞİMİ,"TOPSELVİ MAH,YUNUS MAH"
3580,KARTAL,100 MM ÇAPLI ŞEBEKE HATTI ARIZASI,11/11/2023 13:34:02,11/11/2023 17:00:00,TOPSELVİ MAHALLESİ SAMYELİ ÇIKMAZI NO 5,"TOPSELVİ MAH,YUNUS MAH"
3581,KARTAL,100 MM ÇAPLI ŞEBEKE HATTI ARIZASI,25/01/2024 11:42:19,25/01/2024 15:00:00,TOPSELVİ MAHALLESİ SARAYKAPI SOKAK NO 10,TOPSELVİ MAH
3582,KARTAL,100 MM ÇAPLI ŞEBEKE HATTI ARIZASI,17/10/2023 10:04:36,17/10/2023 13:00:00,TOPSELVİ MAHALLESİ UZUN SOKAK NO 10,TOPSELVİ MAH
3583,KARTAL,150 MM ÇAPLI ŞEBEKE HATTI ARIZASI,05/06/2023 16:45:57,05/06/2023 20:00:00,TOPSELVİ MH  SEÇENLERSK HAİMİYET KESİŞİMİ,"TOPSELVİ MAH,YUNUS MAH"
3584,KARTAL,100 MM ÇAPLI ŞEBEKE HATTI ARIZASI,12/06/2023 15:56:54,12/06/2023 18:00:00,TOPSELVİ MH ARKOZ SK,"TOPSELVİ MAH,YUNUS MAH"
3585,KARTAL,100 MM ÇAPLI ŞEBEKE HATTI ARIZASI,18/05/2023 15:38:59,18/05/2023 18:00:00,"TOPSELVİ MH,  MUHABBET SK NO 8",TOPSELVİ MAH
3586,KARTAL,100 MM ÇAPLI ŞEBEKE HATTI ARIZASI,17/04/2023 14:00:09,17/04/2023 17:00:00,TOPSELVİMH SANAYI CD40,TOPSELVİ MAH
3587,KARTAL,900 MM ÇAPLI ANA İSALE HATTI ARIZASI,08/11/2023 15:12:04,08/11/2023 19:00:00,TUGAY DERESİ İSALE HATTI,"CEVİZLİ MAH,ESENTEPE MAH,ORHANTEPE MAH"
3588,KARTAL,100 MM ÇAPLI ŞEBEKE HATTI ARIZASI,19/02/2023 11:58:56,19/02/2023 15:00:00,UĞURMUMCU MAH. ŞEHİT TURAN DAMGACI SK NO:9,UĞUR MUMCU MAH
3589,KARTAL,100 MM ÇAPLI ŞEBEKE HATTI ARIZASI,31/08/2023 14:53:14,31/08/2023 18:00:00,VELİBABA MAH BAKIŞSOKAK ÜZERİ,HÜRRİYET MAH
3590,KARTAL,100 MM ÇAPLI ŞEBEKE HATTI ARIZASI,06/08/2023 13:16:02,06/08/2023 16:00:00,VELİBABA MAH ERVAH SK. NO.6,HÜRRİYET MAH
3591,KARTAL,100 MM ÇAPLI ŞEBEKE HATTI ARIZASI,25/08/2023 14:30:26,25/08/2023 17:30:00,VELİBABA MAH.ÇAĞLAR SK  NO51,HÜRRİYET MAH
3592,KARTAL,250 MM ÇAPLI ŞEBEKE HATTI ARIZASI,12/08/2023 13:40:43,12/08/2023 16:30:00,VELİBABA MAH.İSTANBUL İSTANBU CADDESİ NO:10,HÜRRİYET MAH
3593,KARTAL,ŞEBEKE HATTI VANA MONTAJI/DEĞİŞİMİ,02/12/2023 12:19:42,02/12/2023 14:00:00,VELİBABA YAKACIK CAD İLE JUTUP SK KESİŞİMİ,HÜRRİYET MAH
3594,KARTAL,250 MM ÇAPLI ŞEBEKE HATTI ARIZASI,12/05/2023 22:45:40,13/05/2023 03:00:00,YAKACIK YENI MAH. YAKAKENT CD NO:1,"GÜMÜŞPINAR MAH,UĞUR MUMCU MAH,YAKACIK YENİ MAH,YAKACIK ÇARŞI MAH"
3595,KARTAL,100 MM ÇAPLI ŞEBEKE HATTI ARIZASI,23/10/2023 09:42:35,23/10/2023 15:00:00,YAKACIK YENI MAHALLE LÜLE SOKAK VE ASLAN SOKAK KESIŞIMI,"GÜMÜŞPINAR MAH,UĞUR MUMCU MAH,YAKACIK YENİ MAH"
3596,KARTAL,100 MM ÇAPLI ŞEBEKE HATTI ARIZASI,30/08/2023 10:12:15,30/08/2023 11:48:00,YAKACIK YENİ MAHALLE SELMA AKAY SOK NO.19,YAKACIK YENİ MAH
3597,KARTAL,100 MM ÇAPLI ŞEBEKE HATTI ARIZASI,19/10/2023 16:57:11,19/10/2023 20:00:00,YAKACIK YENİ MAHALLE YENİ SU SOKAK NO /12,"GÜMÜŞPINAR MAH,UĞUR MUMCU MAH,YAKACIK YENİ MAH"
3598,KARTAL,100 MM ÇAPLI ŞEBEKE HATTI ARIZASI,08/07/2023 13:17:54,08/07/2023 17:00:00,YAKACIK YENİ MAHALLE YEŞİL BAĞLAR SOKAK NO 5,"GÜMÜŞPINAR MAH,YAKACIK YENİ MAH"
3599,KARTAL,100 MM ÇAPLI ŞEBEKE HATTI ARIZASI,15/01/2024 11:38:05,15/01/2024 15:00:00,YAKACIK ÇARŞI MAHALLESİ KIYI SOKAK NO/15,YAKACIK ÇARŞI MAH
3600,KARTAL,100 MM ÇAPLI ŞEBEKE HATTI ARIZASI,25/10/2023 11:33:59,25/10/2023 16:00:00,YAKACIK ÇARŞI MAHALLESİ YAMAÇ SOKAK NO/5,YAKACIK ÇARŞI MAH
3601,KARTAL,150 MM ÇAPLI ŞEBEKE HATTI ARIZASI,02/06/2023 14:22:37,02/06/2023 18:00:00,YAKACIK ÇARŞI MH ASIR  SK 8,"YAKACIK YENİ MAH,YAKACIK ÇARŞI MAH"
3602,KARTAL,100 MM ÇAPLI ŞEBEKE HATTI ARIZASI,02/09/2023 01:06:10,02/09/2023 11:00:00,YALI MAH.  TEPE SK ILE UMUR SK KESIŞIMI,"TOPSELVİ MAH,YALI MAH"
3603,KARTAL,100 MM ÇAPLI ŞEBEKE HATTI ARIZASI,17/06/2023 14:41:27,17/06/2023 16:30:00,YALI MAH. DALGIÇ SK NO 4,YALI MAH
3604,KARTAL,100 MM ÇAPLI ŞEBEKE HATTI ARIZASI,20/03/2023 10:33:37,20/03/2023 13:00:00,YALI MAH. KONFOR SK. NO:5,YALI MAH
3605,KARTAL,100 MM ÇAPLI ŞEBEKE HATTI ARIZASI,14/03/2023 15:12:52,14/03/2023 18:00:00,YALI MAH. TOPSELVİ CD. NO:66,YALI MAH
3606,KARTAL,100 MM ÇAPLI ŞEBEKE HATTI ARIZASI,22/06/2023 13:56:51,22/06/2023 18:00:00,YALI MAH.DERE SOK.NO:1,YALI MAH
3607,KARTAL,100 MM ÇAPLI ŞEBEKE HATTI ARIZASI,24/06/2023 09:10:57,24/06/2023 14:00:00,YALI MAH.DERE SOK.NO:1,YALI MAH
3608,KARTAL,100 MM ÇAPLI ŞEBEKE HATTI ARIZASI,21/11/2023 13:44:19,21/11/2023 17:00:00,YALI MAHALLESİ EYVAN SOKAK NO 15,YALI MAH
3609,KARTAL,100 MM ÇAPLI ŞEBEKE HATTI ARIZASI,19/06/2023 12:07:47,19/06/2023 17:00:00,"YALI MH ,HARAKET SK",YALI MAH
3610,KARTAL,150 MM ÇAPLI ŞEBEKE HATTI ARIZASI,20/10/2023 15:30:44,20/10/2023 20:00:00,YUKARI MAHALLE EGEMENLİK BULVARI CADDESİ NO/11,YUKARI MAH
3611,KARTAL,100 MM ÇAPLI ŞEBEKE HATTI ARIZASI,04/11/2023 16:25:45,04/11/2023 18:00:00,YUNUS MAH.ADİL SOK.NO:1,"TOPSELVİ MAH,YUNUS MAH"
3612,KARTAL,100 MM ÇAPLI ŞEBEKE HATTI ARIZASI,06/02/2024 11:34:20,06/02/2024 15:00:00,YUNUS MAHALLESİ FENER SOKAK NO 7,YUNUS MAH
3613,KARTAL,100 MM ÇAPLI ŞEBEKE HATTI ARIZASI,30/11/2023 13:09:54,30/11/2023 16:00:00,YUNUS MAHALLESİ HALAY SOKAK NO 14,"TOPSELVİ MAH,YUNUS MAH"
3614,KARTAL,100 MM ÇAPLI ŞEBEKE HATTI ARIZASI,13/12/2023 15:03:14,13/12/2023 16:32:00,YUNUS MAHALLESİ KUBİLAY CADDESİ NO/60,"TOPSELVİ MAH,YUNUS MAH"
3615,KARTAL,100 MM ÇAPLI ŞEBEKE HATTI ARIZASI,11/10/2023 10:01:14,11/10/2023 12:00:00,YUNUS MAHALLESİ YİĞİTHAN SOKAK NO/15,YUNUS MAH
3616,KARTAL,100 MM ÇAPLI ŞEBEKE HATTI ARIZASI,17/07/2023 12:23:31,17/07/2023 15:00:00,YUNUS MAHALLESİ ŞERBETÇİ SOKAK NO 13,"TOPSELVİ MAH,YUNUS MAH"
3617,KARTAL,100 MM ÇAPLI ŞEBEKE HATTI ARIZASI,17/04/2023 14:14:38,17/04/2023 17:00:00,YUNUS MH.SANAYI CD.NO:40,"TOPSELVİ MAH,YUNUS MAH"
3618,KARTAL,150 MM ÇAPLI ŞEBEKE HATTI ARIZASI,14/03/2023 14:47:26,14/03/2023 21:00:00,ÇAMLIK MAHSEMERKANT BULVARI ORMAN CD KESİŞİMİ,HÜRRİYET MAH
3619,KARTAL,100 MM ÇAPLI ŞEBEKE HATTI ARIZASI,30/10/2023 10:13:41,30/10/2023 14:00:00,ÇARŞI MAHALLESİ DEĞERLİ SOKAK NO/32,"YAKACIK YENİ MAH,YAKACIK ÇARŞI MAH"
3620,KARTAL,ŞEBEKE HATTI VANA MONTAJI/DEĞİŞİMİ,22/02/2023 09:23:44,22/02/2023 12:00:00,ÇAVUŞOĞLU MAH. SEDDÜLBAHİR CAD. ÜZERİ VANA DEĞİŞİMİ,ÇAVUŞOĞLU MAH
3621,KARTAL,ŞEBEKE HATTI DEPLASE ÇALIŞMASI,15/07/2023 19:05:53,15/07/2023 22:00:00,ÇINARDERE MAH SAMSUN SK,HÜRRİYET MAH
3622,KARTAL,150 MM ÇAPLI ŞEBEKE HATTI ARIZASI,19/07/2023 16:51:16,19/07/2023 20:00:00,ÇINARDERE MAH.SAMSUN SK.NO:2,HÜRRİYET MAH
3623,KARTAL,100 MM ÇAPLI ŞEBEKE HATTI ARIZASI,20/11/2023 15:38:56,20/11/2023 18:00:00,ÜRRIYET  MAH MITHATPAŞA CAD NO  53,"CUMHURİYET MAH,HÜRRİYET MAH"
3624,KAĞITHANE,100 MM ÇAPLI ŞEBEKE HATTI ARIZASI,10/01/2024 09:38:59,10/01/2024 11:00:00,AYAZAĞA  MH AZERBAYCAN CD  NO:3,SEYRANTEPE MAH
3625,KAĞITHANE,100 MM ÇAPLI ŞEBEKE HATTI ARIZASI,31/03/2023 08:39:29,31/03/2023 12:00:00,AYAZAĞA MAH-KEMERBURGAZ CD. NO:3,SEYRANTEPE MAH
3626,KAĞITHANE,100 MM ÇAPLI ŞEBEKE HATTI ARIZASI,29/09/2023 16:31:43,29/09/2023 19:30:00,AYAZAĞA MAH-KEMERBURGAZ CD. İÇİ,"HAMİDİYE MAH,SEYRANTEPE MAH"
3627,KAĞITHANE,ŞEBEKE HATTI DEPLASE ÇALIŞMASI,01/01/2024 11:29:11,01/01/2024 16:30:00,AYAZAĞA MAH-MİMAR SİNAN SK İÇİ,SEYRANTEPE MAH
3628,KAĞITHANE,100 MM ÇAPLI ŞEBEKE HATTI ARIZASI,01/01/2024 12:28:36,01/01/2024 16:30:00,AYAZAĞA MAHALLESİ,SEYRANTEPE MAH
3629,KAĞITHANE,ANA İSALE HATTI DEPLASE ÇALIŞMASI,03/01/2024 09:58:59,04/01/2024 05:00:00,BEYOĞLU ÖRNEKTEPE MAH. KERVANSARAY SOKAK,"GÜRSEL MAH,MEHMET AKİF ERSOY MAH.,MERKEZ MAH,TALATPAŞA MAH"
3630,KAĞITHANE,ŞEBEKE HATTI VANA ARIZASI,25/12/2023 13:32:55,25/12/2023 17:00:00,EMNİYETEVLER MAH.AKARSU CD OĞUZHAN SK KESİŞİMİ,"EMNİYET EVLERİ MAH,ORTABAYIR MAH,ÇELİKTEPE MAH"
3631,KAĞITHANE,100 MM ÇAPLI ŞEBEKE HATTI ARIZASI,18/02/2023 15:09:57,18/02/2023 19:00:00,GÜLTEPE HORASAN SK 22 ÖNÜ,"GÜLTEPE MAH,ORTABAYIR MAH,TELSİZLER MAH"
3632,KAĞITHANE,100 MM ÇAPLI ŞEBEKE HATTI ARIZASI,05/12/2023 16:02:39,05/12/2023 20:00:00,GÜLTEPE MAH TALATPAŞA CD 167 ÖNÜ,"GÜLTEPE MAH,ORTABAYIR MAH,TELSİZLER MAH"
3633,KAĞITHANE,100 MM ÇAPLI ŞEBEKE HATTI ARIZASI,16/10/2023 16:19:13,16/10/2023 20:00:00,GÜLTEPE MAH TALATPAŞA CD 238 ÖNÜ,"GÜLTEPE MAH,HARMANTEPE MAH,TELSİZLER MAH"
3634,KAĞITHANE,100 MM ÇAPLI ŞEBEKE HATTI ARIZASI,03/08/2023 16:32:23,03/08/2023 21:00:00,GÜLTEPE YEŞILÇAY SOKAK 16 NOLU ÖNÜ,"GÜLTEPE MAH,HARMANTEPE MAH,ORTABAYIR MAH,TELSİZLER MAH"
3635,KAĞITHANE,100 MM ÇAPLI ŞEBEKE HATTI ARIZASI,28/12/2023 12:26:11,28/12/2023 16:00:00,GÜLTEPE YEŞİLCE CD NO:54 ÖNÜ,"GÜLTEPE MAH,HARMANTEPE MAH"
3636,KAĞITHANE,100 MM ÇAPLI ŞEBEKE HATTI ARIZASI,13/06/2023 15:21:04,13/06/2023 19:00:00,GÜRSEL MAH IŞIKLI SK NO 60 ÖNÜ ŞBY YENİLEME,GÜRSEL MAH
3637,KAĞITHANE,100 MM ÇAPLI ŞEBEKE HATTI ARIZASI,20/06/2023 16:26:21,20/06/2023 20:00:00,GÜRSEL MAH SİLAHTAR CD Z OFİS KARŞISI,"GÜRSEL MAH,HÜRRİYET MAH,ÇAĞLAYAN MAH"
3638,KAĞITHANE,100 MM ÇAPLI ŞEBEKE HATTI ARIZASI,27/10/2023 16:14:19,27/10/2023 20:00:00,GÜRSEL MAH ÇAĞLAR SK 16 ÖNÜ,"GÜRSEL MAH,TALATPAŞA MAH"
3639,KAĞITHANE,100 MM ÇAPLI ŞEBEKE HATTI ARIZASI,17/06/2023 13:30:08,17/06/2023 18:30:00,GÜRSEL MAHALLESİ KAFİYE NO:24 ÖNÜ,GÜRSEL MAH
3640,KAĞITHANE,100 MM ÇAPLI ŞEBEKE HATTI ARIZASI,18/05/2023 09:54:06,18/05/2023 14:00:00,GÜRSEL MAHALLESİ NAMZET SK NO:12 ÖNÜ,GÜRSEL MAH
3641,KAĞITHANE,ŞEBEKE HATTI DEPLASE ÇALIŞMASI,11/03/2023 09:44:58,11/03/2023 17:00:00,HAMIDIYE MAHALLESI ÇETINKAYA SOKAK DEPLASA ÇALIŞMASI,HAMİDİYE MAH
3642,KAĞITHANE,BASINÇ DÜŞÜKLÜĞÜ,30/04/2023 10:26:28,30/04/2023 12:30:00,HAMİDİYE  MAHALLESİ ANADOLU CD,"HAMİDİYE MAH,HARMANTEPE MAH,HÜRRİYET MAH,MERKEZ MAH,SEYRANTEPE MAH,YAHYA KEMAL MAH,ÇAĞLAYAN MAH"
3643,KAĞITHANE,ŞEBEKE HATTI VANA MONTAJI/DEĞİŞİMİ,24/08/2023 16:05:30,24/08/2023 20:00:00,HAMİDİYE HASDAL NO 2 ÖNÜ,"HAMİDİYE MAH,MERKEZ MAH"
3644,KAĞITHANE,100 MM ÇAPLI ŞEBEKE HATTI ARIZASI,14/10/2023 15:37:42,14/10/2023 20:00:00,HAMİDİYE MAH GÜL SK GÖKSU SİTESİ B BLOK ÖNÜ,HAMİDİYE MAH
3645,KAĞITHANE,BASINÇ DÜŞÜKLÜĞÜ,08/08/2023 17:55:33,08/08/2023 19:00:00,HAMİDİYE MAH GİRNE CD,"HAMİDİYE MAH,MERKEZ MAH"
3646,KAĞITHANE,100 MM ÇAPLI ŞEBEKE HATTI ARIZASI,18/03/2023 11:36:31,18/03/2023 15:00:00,HAMİDİYE MAH SEHER SK BORU KÖRLEME,"HAMİDİYE MAH,MERKEZ MAH"
3647,KAĞITHANE,100 MM ÇAPLI ŞEBEKE HATTI ARIZASI,08/07/2023 15:07:03,08/07/2023 19:00:00,HAMİDİYE MAH SENA SK 4 NUMARA ÖNÜ,HAMİDİYE MAH
3648,KAĞITHANE,ŞEBEKE HATTI VANA MONTAJI/DEĞİŞİMİ,06/03/2023 11:43:00,06/03/2023 16:00:00,HAMİDİYE MAH SEVGİ SK KAHVECİ SK KESİŞİMİ,"HAMİDİYE MAH,MERKEZ MAH"
3649,KAĞITHANE,BASINÇ DÜŞÜKLÜĞÜ,02/12/2023 19:30:58,02/12/2023 23:00:00,HAMİDİYE MAH SEVGİ SK İÇİ,"HAMİDİYE MAH,MERKEZ MAH"
3650,KAĞITHANE,BASINÇ DÜŞÜKLÜĞÜ,16/08/2023 10:47:38,16/08/2023 18:00:00,HAMİDİYE MAHALLESWİ MERKEZ MAHALLESİ NURTEPE MAHALLESİ,"HAMİDİYE MAH,MERKEZ MAH,NURTEPE MAH"
3651,KAĞITHANE,BASINÇ DÜŞÜKLÜĞÜ,03/03/2023 21:26:34,03/03/2023 23:00:00,HAMİDİYE MAHALLESİ,"HAMİDİYE MAH,MERKEZ MAH"
3652,KAĞITHANE,BASINÇ DÜŞÜKLÜĞÜ,14/08/2023 14:28:47,14/08/2023 15:30:00,HAMİDİYE MAHALLESİ,"HAMİDİYE MAH,MERKEZ MAH"
3653,KAĞITHANE,100 MM ÇAPLI ŞEBEKE HATTI ARIZASI,15/08/2023 16:07:06,15/08/2023 21:00:00,HAMİDİYE MAHALLESİ CENDERE CD PERT VADİ ÖNÜ,"HAMİDİYE MAH,MERKEZ MAH,SEYRANTEPE MAH"
3654,KAĞITHANE,100 MM ÇAPLI ŞEBEKE HATTI ARIZASI,31/08/2023 09:54:27,31/08/2023 14:00:00,HAMİDİYE MAHALLESİ EFE SK İÇİ,"HAMİDİYE MAH,MERKEZ MAH"
3655,KAĞITHANE,100 MM ÇAPLI ŞEBEKE HATTI ARIZASI,05/07/2023 13:06:49,05/07/2023 17:00:00,HAMİDİYE MAHALLESİ ENSAR SK NO:2 ÖNÜ,HAMİDİYE MAH
3656,KAĞITHANE,100 MM ÇAPLI ŞEBEKE HATTI ARIZASI,19/08/2023 12:32:51,19/08/2023 16:00:00,HAMİDİYE MAHALLESİ HASDAL CD İÇİ,"HAMİDİYE MAH,MERKEZ MAH"
3657,KAĞITHANE,150 MM ÇAPLI ŞEBEKE HATTI ARIZASI,09/10/2023 16:33:14,09/10/2023 20:00:00,HAMİDİYE MAHALLESİ KEMERBURGAZ CD 164 ÖNÜ,HAMİDİYE MAH
3658,KAĞITHANE,ŞEBEKE HATTI VANA ARIZASI,27/01/2024 10:49:53,27/01/2024 14:00:00,HAMİDİYE MAHALLESİ SELVİ SK MEZARLIK YANI,HAMİDİYE MAH
3659,KAĞITHANE,ŞEBEKE HATTI DEPLASE ÇALIŞMASI,08/07/2023 13:43:21,08/07/2023 17:00:00,HAMİDİYE MAHALLESİ SELÇUKLU CD BORU DÖŞEME ÇALIŞMASI,HAMİDİYE MAH
3660,KAĞITHANE,100 MM ÇAPLI ŞEBEKE HATTI ARIZASI,02/12/2023 11:44:23,02/12/2023 16:00:00,HAMİDİYE MAHALLESİ SEVGİ SK İÇİ,"HAMİDİYE MAH,MERKEZ MAH"
3661,KAĞITHANE,ŞEBEKE HATTI BRANŞMAN BAĞLANTISI,26/07/2023 14:00:54,26/07/2023 18:00:00,HAMİDİYE MAHALLESİ YAĞMUR SK FERMAN CD KESİŞİMİ,"HAMİDİYE MAH,MERKEZ MAH"
3662,KAĞITHANE,100 MM ÇAPLI ŞEBEKE HATTI ARIZASI,06/10/2023 09:35:37,06/10/2023 14:00:00,HAMİDİYE SEVGİ SK NO:26 ÖNÜ,"HAMİDİYE MAH,MERKEZ MAH"
3663,KAĞITHANE,100 MM ÇAPLI ŞEBEKE HATTI ARIZASI,14/06/2023 11:46:27,14/06/2023 15:00:00,HARMANTEPE,"GÜLTEPE MAH,HARMANTEPE MAH,YAHYA KEMAL MAH"
3664,KAĞITHANE,100 MM ÇAPLI ŞEBEKE HATTI ARIZASI,07/11/2023 14:20:33,07/11/2023 18:00:00,HARMANTEPE MAH CEMRE SK İÇİ,HARMANTEPE MAH
3665,KAĞITHANE,100 MM ÇAPLI ŞEBEKE HATTI ARIZASI,16/06/2023 18:14:10,16/06/2023 22:00:00,HARMANTEPE MAH GÜZELDERE CD NO 90 ÖNÜ,"HARMANTEPE MAH,YAHYA KEMAL MAH,ÇELİKTEPE MAH"
3666,KAĞITHANE,ŞEBEKE HATTI VANA ARIZASI,13/11/2023 10:26:31,13/11/2023 14:30:00,HÜRRİYET AKÇE SK BAŞYİĞİT KESİŞİMİ,HÜRRİYET MAH
3667,KAĞITHANE,100 MM ÇAPLI ŞEBEKE HATTI ARIZASI,28/03/2023 14:53:24,28/03/2023 18:00:00,HÜRRİYET MAH DEREBAŞI SK 4 NO ÖNÜ,HÜRRİYET MAH
3668,KAĞITHANE,100 MM ÇAPLI ŞEBEKE HATTI ARIZASI,28/08/2023 17:52:04,28/08/2023 22:00:00,HÜRRİYET MAH HUDUT SK 145 ÖNÜ,HÜRRİYET MAH
3669,KAĞITHANE,100 MM ÇAPLI ŞEBEKE HATTI ARIZASI,06/09/2023 14:42:17,06/09/2023 16:00:00,HÜRRİYET MAH HUDUT SK 83 ÖNÜ,HÜRRİYET MAH
3670,KAĞITHANE,BASINÇ DÜŞÜKLÜĞÜ,18/09/2023 10:44:49,18/09/2023 18:00:00,HÜRRİYET MAHALLESİ,HÜRRİYET MAH
3671,KAĞITHANE,ŞEBEKE HATTI VANA MONTAJI/DEĞİŞİMİ,09/11/2023 10:12:41,09/11/2023 17:00:00,HÜRRİYET MAHALLESİ,HÜRRİYET MAH
3672,KAĞITHANE,100 MM ÇAPLI ŞEBEKE HATTI ARIZASI,09/01/2024 11:34:45,09/01/2024 16:00:00,HÜRRİYET MAHALLESİ AYÇA SK NO:9 ÖNÜ,HÜRRİYET MAH
3673,KAĞITHANE,100 MM ÇAPLI ŞEBEKE HATTI ARIZASI,29/05/2023 11:55:50,29/05/2023 16:00:00,HÜRRİYET MAHALLESİ CAMİALTI SK İÇİ,HÜRRİYET MAH
3674,KAĞITHANE,100 MM ÇAPLI ŞEBEKE HATTI ARIZASI,28/08/2023 12:36:03,28/08/2023 16:00:00,HÜRRİYET MAHALLESİ DEREBAŞI KÜMESİ NO:13 ÖNÜ,HÜRRİYET MAH
3675,KAĞITHANE,100 MM ÇAPLI ŞEBEKE HATTI ARIZASI,05/06/2023 10:13:22,05/06/2023 14:00:00,HÜRRİYET MAHALLESİ DEREBAŞI SK İÇİ,HÜRRİYET MAH
3676,KAĞITHANE,100 MM ÇAPLI ŞEBEKE HATTI ARIZASI,19/01/2024 10:34:25,19/01/2024 14:00:00,HÜRRİYET MAHALLESİ FUNDA SK SOKAK İÇİ,HÜRRİYET MAH
3677,KAĞITHANE,100 MM ÇAPLI ŞEBEKE HATTI ARIZASI,30/01/2024 14:40:36,30/01/2024 18:00:00,HÜRRİYET MAHALLESİ HUDUT DK NO:81 ÖNÜ,HÜRRİYET MAH
3678,KAĞITHANE,100 MM ÇAPLI ŞEBEKE HATTI ARIZASI,12/04/2023 11:17:48,12/04/2023 16:00:00,HÜRRİYET MAHALLESİ MELTEM SK İÇİ,HÜRRİYET MAH
3679,KAĞITHANE,100 MM ÇAPLI ŞEBEKE HATTI ARIZASI,12/01/2024 13:57:07,12/01/2024 17:00:00,HÜRRİYET MAHALLESİ TAŞOCAĞI CD NO:147 ÖNÜ,"HÜRRİYET MAH,ÇAĞLAYAN MAH"
3680,KAĞITHANE,100 MM ÇAPLI ŞEBEKE HATTI ARIZASI,13/01/2024 09:53:03,13/01/2024 14:00:00,HÜRRİYET MAHALLESİ TAŞOCAĞI CD NO:147 ÖNÜ,"HÜRRİYET MAH,ÇAĞLAYAN MAH"
3681,KAĞITHANE,100 MM ÇAPLI ŞEBEKE HATTI ARIZASI,20/06/2023 13:26:34,20/06/2023 23:59:00,HÜRRİYET MAHALLESİ TAŞOCAĞI KÜMESİ NO:14 ÖNÜ,"GÜRSEL MAH,HÜRRİYET MAH,MERKEZ MAH,YAHYA KEMAL MAH,ÇAĞLAYAN MAH"
3682,KAĞITHANE,ŞEBEKE HATTI VANA ARIZASI,09/11/2023 12:12:34,09/11/2023 17:00:00,HÜRRİYET MAHALLESİ TAŞOCAĞI KÜMESİ UYUM SK KESİŞİMİ,"HÜRRİYET MAH,ÇAĞLAYAN MAH"
3683,KAĞITHANE,BASINÇ DÜŞÜKLÜĞÜ,29/08/2023 11:23:33,29/08/2023 17:00:00,HÜRRİYET MAHALLESİ YAHYA KEMAL MAHALLESİ,"HARMANTEPE MAH,HÜRRİYET MAH,MERKEZ MAH,YAHYA KEMAL MAH,ÇAĞLAYAN MAH"
3684,KAĞITHANE,ENERJİ KESİNTİSİ,10/12/2023 13:30:40,10/12/2023 16:00:00,KAĞITHANE,"GÜLTEPE MAH,GÜRSEL MAH,HAMİDİYE MAH,HARMANTEPE MAH,HÜRRİYET MAH,MEHMET AKİF ERSOY MAH.,MERKEZ MAH,NURTEPE MAH,ORTABAYIR MAH,SULTAN SELİM MAH,TALATPAŞA MAH,TELSİZLER MAH,YAHYA KEMAL MAH,ÇAĞLAYAN MAH,ÇELİKTEPE MAH,ŞİRİNTEPE MAH"
3685,KAĞITHANE,ELEKTRİK ENERJİSİ PROBLEMİ,21/06/2023 23:56:46,22/06/2023 05:00:00,KAĞITHANE ARITMA,"EMNİYET EVLERİ MAH,GÜLTEPE MAH,GÜRSEL MAH,HAMİDİYE MAH,HARMANTEPE MAH,HÜRRİYET MAH,MEHMET AKİF ERSOY MAH.,MERKEZ MAH,NURTEPE MAH,ORTABAYIR MAH,SEYRANTEPE MAH,SULTAN SELİM MAH,TALATPAŞA MAH,TELSİZLER MAH,YAHYA KEMAL MAH,YEŞİLCE MAH,ÇAĞLAYAN MAH,ÇELİKTEPE MAH,ŞİRİNTEPE MAH"
3686,KAĞITHANE,1000 MM ÇAPLI ANA İSALE HATTI ARIZASI,25/01/2024 12:16:58,25/01/2024 21:00:00,KAĞITHANE CENDERE CADDESİ,"HAMİDİYE MAH,HÜRRİYET MAH,MERKEZ MAH,SEYRANTEPE MAH,YAHYA KEMAL MAH,ÇAĞLAYAN MAH"
3687,KAĞITHANE,1000 MM ÇAPLI ANA İSALE HATTI ARIZASI,29/04/2023 21:40:05,30/04/2023 10:00:00,KAĞITHANE CENDERE MEVKİİ,"HAMİDİYE MAH,HARMANTEPE MAH,HÜRRİYET MAH,MERKEZ MAH,SEYRANTEPE MAH,YAHYA KEMAL MAH,ÇAĞLAYAN MAH"
3688,KAĞITHANE,ANA İSALE HATTINA DEBİMETRE MONTAJI / DEĞİŞİMİ,12/09/2023 20:55:18,13/09/2023 05:00:00,KAĞITHANE DEPO 1000 MM CAZİBE HATTINDAN AYRILAN 500 MM İSALE HATTI ÜZERİNDE,"HAMİDİYE MAH,HARMANTEPE MAH,HÜRRİYET MAH,MERKEZ MAH,SEYRANTEPE MAH,YAHYA KEMAL MAH,ÇAĞLAYAN MAH"
3689,KAĞITHANE,ENERJİ KESİNTİSİ,01/05/2023 18:33:58,01/05/2023 21:00:00,KAĞITHANE ESKİ VE YENİ TERFİ,"EMNİYET EVLERİ MAH,GÜLTEPE MAH,GÜRSEL MAH,HAMİDİYE MAH,HARMANTEPE MAH,HÜRRİYET MAH,MEHMET AKİF ERSOY MAH.,MERKEZ MAH,NURTEPE MAH,ORTABAYIR MAH,SEYRANTEPE MAH,SULTAN SELİM MAH,ŞİRİNTEPE MAH"
3690,KAĞITHANE,BASINÇ DÜŞÜKLÜĞÜ,05/12/2023 16:00:08,05/12/2023 17:01:00,KAĞITHANE TALATPAŞA MAH,TALATPAŞA MAH
3691,KAĞITHANE,ANA İSALE HATTINA VANA MONTAJI / DEĞİŞİMİ,04/10/2023 09:59:10,04/10/2023 20:00:00,KAĞITHANE-BEYOĞLU,"GÜRSEL MAH,MEHMET AKİF ERSOY MAH.,MERKEZ MAH,TALATPAŞA MAH"
3692,KAĞITHANE,400 MM ÇAPLI ANA İSALE HATTI ARIZASI,08/08/2023 13:36:10,08/08/2023 18:00:00,KAĞITHANE-LEVENT,"HAMİDİYE MAH,MERKEZ MAH"
3693,KAĞITHANE,1600 MM ÇAPLI ANA İSALE HATTI ARIZASI,01/05/2023 20:21:58,02/05/2023 08:00:00,KEMERBURGAZ CADDESİ,"GÜLTEPE MAH,GÜRSEL MAH,HAMİDİYE MAH,HARMANTEPE MAH,HÜRRİYET MAH,MERKEZ MAH,ORTABAYIR MAH,TALATPAŞA MAH,TELSİZLER MAH,YAHYA KEMAL MAH"
3694,KAĞITHANE,100 MM ÇAPLI ŞEBEKE HATTI ARIZASI,13/04/2023 11:46:03,13/04/2023 16:00:00,MEHMET AKIF ERSOY MAHALLESI GAMZELI SOKAK 32 34 ÖNÜ,MEHMET AKİF ERSOY MAH.
3695,KAĞITHANE,ŞEBEKE HATTI VANA ARIZASI,10/11/2023 14:26:34,10/11/2023 18:30:00,MEHMET AKİF ERSOY CENGİZ TOPEL CD. NO:84 ÖNÜ,MEHMET AKİF ERSOY MAH.
3696,KAĞITHANE,100 MM ÇAPLI ŞEBEKE HATTI ARIZASI,20/12/2023 14:22:46,20/12/2023 18:00:00,MEHMET AKİF ERSOY MAH CENGİZ TOPEL CD 74 ÖNÜ,MEHMET AKİF ERSOY MAH.
3697,KAĞITHANE,ŞEBEKE HATTI VANA MONTAJI/DEĞİŞİMİ,04/11/2023 10:20:50,04/11/2023 14:30:00,MEHMET AKİF ERSOY MAH. CENGİZ TOPEL NO:84 ÖNÜ,MEHMET AKİF ERSOY MAH.
3698,KAĞITHANE,BASINÇ DÜŞÜKLÜĞÜ,21/09/2023 10:45:07,21/09/2023 17:00:00,MEHMET AKİF ERSOY MAHALLESİ,MEHMET AKİF ERSOY MAH.
3699,KAĞITHANE,ŞEBEKE HATTI VANA ARIZASI,01/11/2023 11:49:50,01/11/2023 16:00:00,MEHMET AKİF ERSOY MAHALLESİ CENGİZ TOPEL CD. NO:84 ÖNÜ,MEHMET AKİF ERSOY MAH.
3700,KAĞITHANE,100 MM ÇAPLI ŞEBEKE HATTI ARIZASI,22/06/2023 09:24:37,22/06/2023 13:00:00,MEHMET AKİF ERSOY MAHALLESİ FETİH SK İÇİ,MEHMET AKİF ERSOY MAH.
3701,KAĞITHANE,300 MM ÇAPLI ŞEBEKE HATTI ARIZASI,02/06/2023 14:05:29,02/06/2023 20:00:00,MEHMET AKİF ERSOY MAHALLESİ SİLAHTAR CD TÜNEL GİRİŞİ,"GÜRSEL MAH,MEHMET AKİF ERSOY MAH.,TALATPAŞA MAH"
3702,KAĞITHANE,ŞEBEKE HATTI VANA ARIZASI,05/12/2023 10:03:27,05/12/2023 16:00:00,MEHMET AKİF ERSOY TUĞRUL SK KARŞISI YEŞİLALAN İÇİ,"MEHMET AKİF ERSOY MAH.,TALATPAŞA MAH"
3703,KAĞITHANE,100 MM ÇAPLI ŞEBEKE HATTI ARIZASI,19/09/2023 11:26:33,19/09/2023 15:00:00,MERKEZ AKÇAY NO:31 ÖNÜ,"MERKEZ MAH,ÇAĞLAYAN MAH"
3704,KAĞITHANE,100 MM ÇAPLI ŞEBEKE HATTI ARIZASI,07/04/2023 11:25:02,07/04/2023 15:00:00,MERKEZ MAH CEYHUN SK SOKAK İÇİ,MERKEZ MAH
3705,KAĞITHANE,100 MM ÇAPLI ŞEBEKE HATTI ARIZASI,10/02/2024 19:58:12,10/02/2024 23:59:00,MERKEZ MAH CEYLAN SK İÇİ,"HAMİDİYE MAH,MERKEZ MAH,NURTEPE MAH"
3706,KAĞITHANE,ŞEBEKE HATTI VANA MONTAJI/DEĞİŞİMİ,25/07/2023 17:30:54,25/07/2023 22:00:00,MERKEZ MAH KEMERBURGAZ CD NO 66 ÖNÜ,MERKEZ MAH
3707,KAĞITHANE,100 MM ÇAPLI ŞEBEKE HATTI ARIZASI,03/03/2023 11:01:38,03/03/2023 17:00:00,MERKEZ MAH ŞEHIT BARBAROS YALÇIN 13 ÖNÜ,"HAMİDİYE MAH,MERKEZ MAH"
3708,KAĞITHANE,100 MM ÇAPLI ŞEBEKE HATTI ARIZASI,20/11/2023 09:14:10,20/11/2023 16:00:00,MERKEZ MAH. ÇOBAN ÇEŞMESİ CD İÇİ,"HAMİDİYE MAH,MERKEZ MAH,NURTEPE MAH"
3709,KAĞITHANE,100 MM ÇAPLI ŞEBEKE HATTI ARIZASI,30/11/2023 09:02:21,30/11/2023 13:00:00,MERKEZ MAH.MEZBAHA SK NO:3 ÖNÜ,MERKEZ MAH
3710,KAĞITHANE,ŞEBEKE HATTI BRANŞMAN BAĞLANTISI,26/07/2023 11:09:16,26/07/2023 15:00:00,MERKEZ MAH.ÇOBAN ÇEŞMESİ CD NO:61 ÖNÜ,"MERKEZ MAH,NURTEPE MAH"
3711,KAĞITHANE,100 MM ÇAPLI ŞEBEKE HATTI ARIZASI,06/02/2024 09:18:07,06/02/2024 16:30:00,MERKEZ MAHALLESİ ECE SK 12 ÖNÜ,"HAMİDİYE MAH,MERKEZ MAH,NURTEPE MAH"
3712,KAĞITHANE,100 MM ÇAPLI ŞEBEKE HATTI ARIZASI,20/10/2023 14:31:22,20/10/2023 18:00:00,MERKEZ MAHALLESİ ERKAN SK 36 ÖNÜ,"MERKEZ MAH,ÇAĞLAYAN MAH"
3713,KAĞITHANE,100 MM ÇAPLI ŞEBEKE HATTI ARIZASI,04/10/2023 10:03:44,04/10/2023 14:00:00,MERKEZ MAHALLESİ ERSEVEN SK İÇİ,MERKEZ MAH
3714,KAĞITHANE,BASINÇ DÜŞÜKLÜĞÜ,25/08/2023 14:27:03,25/08/2023 20:00:00,MERKEZ MAHALLESİ EYÜP SULTAN CD,"MERKEZ MAH,NURTEPE MAH"
3715,KAĞITHANE,100 MM ÇAPLI ŞEBEKE HATTI ARIZASI,25/09/2023 08:30:47,25/09/2023 12:00:00,MERKEZ MAHALLESİ EYÜP SULTAN CD 88 ÖNÜ,"MERKEZ MAH,NURTEPE MAH"
3716,KAĞITHANE,ŞEBEKE HATTI VANA ARIZASI,22/01/2024 08:58:07,22/01/2024 14:00:00,MERKEZ MAHALLESİ EYÜP SULTAN CD SADABAT CAMİ YANI,"MERKEZ MAH,NURTEPE MAH"
3717,KAĞITHANE,ŞEBEKE HATTI VANA ARIZASI,11/01/2024 10:38:34,11/01/2024 14:00:00,MERKEZ MAHALLESİ GELİŞİM SK AXİS AVM ÖNÜ,"MERKEZ MAH,SEYRANTEPE MAH"
3718,KAĞITHANE,ŞEBEKE HATTI VANA MONTAJI/DEĞİŞİMİ,25/07/2023 11:12:23,25/07/2023 16:00:00,MERKEZ MAHALLESİ GÖNÜL SK NO=42 ÖNÜ,"HAMİDİYE MAH,MERKEZ MAH"
3719,KAĞITHANE,100 MM ÇAPLI ŞEBEKE HATTI ARIZASI,13/12/2023 10:56:25,13/12/2023 15:00:00,MERKEZ MAHALLESİ KAĞITHANE CD NO:2 ÖNÜ,"GÜRSEL MAH,MERKEZ MAH,ÇAĞLAYAN MAH"
3720,KAĞITHANE,100 MM ÇAPLI ŞEBEKE HATTI ARIZASI,17/07/2023 09:53:03,17/07/2023 14:00:00,MERKEZ MAHALLESİ KEMERBURGAZ CD NO:34 KARŞISI,"HAMİDİYE MAH,MERKEZ MAH,NURTEPE MAH"
3721,KAĞITHANE,300 MM ÇAPLI ŞEBEKE HATTI ARIZASI,05/10/2023 10:08:27,05/10/2023 18:00:00,MERKEZ MAHALLESİ OSMANPAŞA CD İSKİ KAMPÜS İÇİ,"HAMİDİYE MAH,MERKEZ MAH,NURTEPE MAH"
3722,KAĞITHANE,150 MM ÇAPLI ŞEBEKE HATTI ARIZASI,22/11/2023 11:59:16,22/11/2023 17:00:00,MERKEZ MAHALLESİ SADABAT CD İÇİ,"HAMİDİYE MAH,MERKEZ MAH,NURTEPE MAH"
3723,KAĞITHANE,BASINÇ DÜŞÜKLÜĞÜ,01/07/2023 12:09:57,01/07/2023 18:00:00,MERKEZ MAHALLESİ SELAMET SK,MERKEZ MAH
3724,KAĞITHANE,100 MM ÇAPLI ŞEBEKE HATTI ARIZASI,15/08/2023 09:06:59,15/08/2023 13:00:00,MERKEZ MAHALLESİ SELAMET SK NO:36 ÖNÜ,"HAMİDİYE MAH,MERKEZ MAH"
3725,KAĞITHANE,100 MM ÇAPLI ŞEBEKE HATTI ARIZASI,29/04/2023 09:21:29,29/04/2023 13:00:00,MERKEZ MAHALLESİ SELAMET SK NO:64 ÖNÜ,"HAMİDİYE MAH,MERKEZ MAH"
3726,KAĞITHANE,100 MM ÇAPLI ŞEBEKE HATTI ARIZASI,14/09/2023 11:12:08,14/09/2023 15:00:00,MERKEZ MAHALLESİ TAŞ SK İÇİ,"HAMİDİYE MAH,MERKEZ MAH"
3727,KAĞITHANE,100 MM ÇAPLI ŞEBEKE HATTI ARIZASI,06/07/2023 13:13:15,06/07/2023 17:00:00,MERKEZ MAHALLESİ ÇOBAN ÇEŞME CD NO:27 ÖNÜ,"MERKEZ MAH,NURTEPE MAH"
3728,KAĞITHANE,100 MM ÇAPLI ŞEBEKE HATTI ARIZASI,06/03/2023 11:49:06,06/03/2023 19:00:00,NURTEPE EYÜP SULTAN CADDESI MALKOÇ SOKAK KESIŞIMI DEKI BORU ARIZASI,"MERKEZ MAH,NURTEPE MAH"
3729,KAĞITHANE,100 MM ÇAPLI ŞEBEKE HATTI ARIZASI,04/01/2024 11:41:44,04/01/2024 15:00:00,NURTEPE EĞRİÇINAR SK İÇİ,"NURTEPE MAH,NURTEPE MAH"
3730,KAĞITHANE,ŞEBEKE HATTI VANA ARIZASI,10/05/2023 16:54:16,10/05/2023 21:00:00,NURTEPE MAH BALSUYU SK MALTA SK KESİŞİMİ VANA ARIZASI,"MERKEZ MAH,NURTEPE MAH"
3731,KAĞITHANE,150 MM ÇAPLI ŞEBEKE HATTI ARIZASI,04/05/2023 14:56:58,04/05/2023 19:00:00,NURTEPE MAH GÜNEY SK ÖZALP SK KESİŞİMİ,"MERKEZ MAH,NURTEPE MAH"
3732,KAĞITHANE,100 MM ÇAPLI ŞEBEKE HATTI ARIZASI,25/10/2023 15:32:44,25/10/2023 19:00:00,NURTEPE MAH RÜZGAR SK 58 ÖNÜ,NURTEPE MAH
3733,KAĞITHANE,BASINÇ DÜŞÜKLÜĞÜ,19/10/2023 11:55:33,19/10/2023 16:00:00,NURTEPE MAHALLESİ,NURTEPE MAH
3734,KAĞITHANE,ŞEBEKE HATTI VANA ARIZASI,04/01/2024 16:29:58,04/01/2024 20:00:00,NURTEPE MAHALLESİ ANZER SK BAŞI,NURTEPE MAH
3735,KAĞITHANE,100 MM ÇAPLI ŞEBEKE HATTI ARIZASI,14/02/2024 10:10:57,14/02/2024 14:00:00,NURTEPE MAHALLESİ DİKİLİTAŞ SK İÇİ,NURTEPE MAH
3736,KAĞITHANE,ŞEBEKE HATTI BRANŞMAN BAĞLANTISI,24/07/2023 11:05:35,24/07/2023 17:00:00,NURTEPE MAHALLESİ DİYAR SK BAŞI,"HAMİDİYE MAH,MERKEZ MAH,NURTEPE MAH"
3737,KAĞITHANE,100 MM ÇAPLI ŞEBEKE HATTI ARIZASI,04/10/2023 16:45:14,04/10/2023 20:00:00,NURTEPE MAHALLESİ EMRAH SK NO:15 ÖNÜ,NURTEPE MAH
3738,KAĞITHANE,ŞEBEKE HATTI VANA MONTAJI/DEĞİŞİMİ,26/09/2023 14:28:30,26/09/2023 18:00:00,NURTEPE MAHALLESİ RÜZGAR SK EMRAH SK KESİŞİMİ,NURTEPE MAH
3739,KAĞITHANE,ŞEBEKE HATTI VANA ARIZASI,06/01/2024 11:32:18,06/01/2024 15:00:00,NURTEPE MAHALLESİ SOKULLU CD RÜZGAR SK KESİŞİMİ,"MERKEZ MAH,NURTEPE MAH"
3740,KAĞITHANE,100 MM ÇAPLI ŞEBEKE HATTI ARIZASI,15/01/2024 13:35:12,15/01/2024 17:30:00,NURTEPE MAHALLESİ YAMAN SK İÇİ,NURTEPE MAH
3741,KAĞITHANE,ŞEBEKE HATTI VANA ARIZASI,07/12/2023 14:57:02,07/12/2023 19:00:00,NURTEPE MAHALLESİ ÖĞÜT SK KARANFİL SK KESİŞİMİ,"MERKEZ MAH,NURTEPE MAH"
3742,KAĞITHANE,100 MM ÇAPLI ŞEBEKE HATTI ARIZASI,04/09/2023 12:13:16,04/09/2023 16:00:00,NURTEPE MAHALLESİ ŞECAAT SK İÇİ,NURTEPE MAH
3743,KAĞITHANE,ŞEBEKE HATTI BRANŞMAN BAĞLANTISI,27/07/2023 09:48:50,27/07/2023 14:00:00,NURTEPE SÜMBÜL SK NO:10 ÖNÜ,"MERKEZ MAH,NURTEPE MAH"
3744,KAĞITHANE,100 MM ÇAPLI ŞEBEKE HATTI ARIZASI,30/03/2023 09:47:36,30/03/2023 14:00:00,ORTABAYIR MAH. SANTRAL CD 25,ORTABAYIR MAH
3745,KAĞITHANE,ARIZA SEBEBİ İLE BASINÇ DÜŞÜKLÜĞÜ,14/08/2023 10:44:02,14/08/2023 15:00:00,OSMANPAŞA CADDESİ,"HAMİDİYE MAH,MERKEZ MAH"
3746,KAĞITHANE,100 MM ÇAPLI ŞEBEKE HATTI ARIZASI,30/06/2023 14:41:12,30/06/2023 18:00:00,SEYRANTEPE ALTINAY CD NO:6  ÖNÜ,SEYRANTEPE MAH
3747,KAĞITHANE,100 MM ÇAPLI ŞEBEKE HATTI ARIZASI,14/06/2023 09:10:12,14/06/2023 13:00:00,SEYRANTEPE CENDERE CD NO:54 ÖNÜ,SEYRANTEPE MAH
3748,KAĞITHANE,100 MM ÇAPLI ŞEBEKE HATTI ARIZASI,02/01/2024 11:25:24,02/01/2024 18:00:00,SEYRANTEPE CESUR SK NO:53 KARŞISI,SEYRANTEPE MAH
3749,KAĞITHANE,100 MM ÇAPLI ŞEBEKE HATTI ARIZASI,27/02/2023 13:11:28,27/02/2023 16:00:00,SEYRANTEPE KAĞITHANE BARBAROS CD CAMİ ÖNÜ,"SEYRANTEPE MAH,YEŞİLCE MAH"
3750,KAĞITHANE,ŞEBEKE HATTI VANA MONTAJI/DEĞİŞİMİ,01/06/2023 15:50:53,01/06/2023 20:00:00,SEYRANTEPE MAH KAĞITHANE BARBAROS CD TOKİ BLOKLARI ÖNÜ,"SEYRANTEPE MAH,YEŞİLCE MAH"
3751,KAĞITHANE,100 MM ÇAPLI ŞEBEKE HATTI ARIZASI,01/03/2023 16:19:30,01/03/2023 20:00:00,SEYRANTEPE MH ALTINAY CD NO:49 ÖNÜ,SEYRANTEPE MAH
3752,KAĞITHANE,100 MM ÇAPLI ŞEBEKE HATTI ARIZASI,03/07/2023 13:25:28,03/07/2023 17:00:00,SEYRANTEPE NARİN SK İÇİ,SEYRANTEPE MAH
3753,KAĞITHANE,100 MM ÇAPLI ŞEBEKE HATTI ARIZASI,15/01/2024 11:56:15,15/01/2024 18:00:00,SEYRANTEPE ÇETİN SK. NO:38 ÖNÜ,SEYRANTEPE MAH
3754,KAĞITHANE,ŞEBEKE HATTI VANA ARIZASI,11/11/2023 11:36:38,11/11/2023 15:00:00,SULTAN SELİM BOZDAĞ BAYRAKTAR KES,"SULTAN SELİM MAH,ŞİRİNTEPE MAH"
3755,KAĞITHANE,100 MM ÇAPLI ŞEBEKE HATTI ARIZASI,05/07/2023 18:29:23,05/07/2023 22:00:00,SULTAN SELİM MAH BATANAY SK 25 NO ÖNÜ,"EMNİYET EVLERİ MAH,SULTAN SELİM MAH,ŞİRİNTEPE MAH"
3756,KAĞITHANE,ŞEBEKE HATTI VANA ARIZASI,01/09/2023 16:25:40,01/09/2023 21:30:00,SULTAN SELİM MAH ESKİ BÜYÜKDERE CD BAŞI,"SULTAN SELİM MAH,ŞİRİNTEPE MAH"
3757,KAĞITHANE,100 MM ÇAPLI ŞEBEKE HATTI ARIZASI,01/09/2023 19:39:40,01/09/2023 21:00:00,SULTAN SELİM MAH SULTAN SELİM CD ESKİ BÜYÜKDERE CD KE.,"EMNİYET EVLERİ MAH,ORTABAYIR MAH,YEŞİLCE MAH,ÇELİKTEPE MAH"
3758,KAĞITHANE,100 MM ÇAPLI ŞEBEKE HATTI ARIZASI,10/08/2023 11:39:37,10/08/2023 16:00:00,SULTAN SELİM MAH. SULTAN SELİM CD NO:77 ÖNÜ,"EMNİYET EVLERİ MAH,SULTAN SELİM MAH,ŞİRİNTEPE MAH"
3759,KAĞITHANE,100 MM ÇAPLI ŞEBEKE HATTI ARIZASI,08/01/2024 11:28:31,08/01/2024 17:00:00,SULTAN SELİM TURAN SK HÜMEYRA SK KESİŞİMİ,"SULTAN SELİM MAH,YEŞİLCE MAH,ŞİRİNTEPE MAH"
3760,KAĞITHANE,100 MM ÇAPLI ŞEBEKE HATTI ARIZASI,25/10/2023 08:56:38,25/10/2023 16:00:00,SULTAN SELİM UÇAR SK NO:8 ÖNÜ,SULTAN SELİM MAH
3761,KAĞITHANE,100 MM ÇAPLI ŞEBEKE HATTI ARIZASI,05/07/2023 22:22:26,06/07/2023 02:00:00,SULTANSELİM MAH. SULTAN SELİM CD,"EMNİYET EVLERİ MAH,SULTAN SELİM MAH,YEŞİLCE MAH,ŞİRİNTEPE MAH"
3762,KAĞITHANE,BASINÇ DÜŞÜKLÜĞÜ,09/03/2023 17:03:53,09/03/2023 21:00:00,TALATPAŞA CD HAYAL SK YUVAM SK KESİŞİM,"MEHMET AKİF ERSOY MAH.,TALATPAŞA MAH"
3763,KAĞITHANE,100 MM ÇAPLI ŞEBEKE HATTI ARIZASI,09/03/2023 12:45:51,09/03/2023 17:00:00,TALATPAŞA CD HAYAL SK YUVAM SK KESİŞİMİ,"MEHMET AKİF ERSOY MAH.,TALATPAŞA MAH"
3764,KAĞITHANE,100 MM ÇAPLI ŞEBEKE HATTI ARIZASI,02/10/2023 10:38:37,02/10/2023 14:00:00,TALATPAŞA GÜNTEPE NO:13 ÖNÜ,TALATPAŞA MAH
3765,KAĞITHANE,BASINÇ DÜŞÜKLÜĞÜ,05/12/2023 19:48:20,05/12/2023 22:00:00,TALATPAŞA MAH,TALATPAŞA MAH
3766,KAĞITHANE,100 MM ÇAPLI ŞEBEKE HATTI ARIZASI,24/04/2023 15:03:25,24/04/2023 19:00:00,TALATPAŞA MAH GÜLBAŞAK SK 17 ÖNÜ,TALATPAŞA MAH
3767,KAĞITHANE,100 MM ÇAPLI ŞEBEKE HATTI ARIZASI,12/02/2024 17:21:46,12/02/2024 21:30:00,TALATPAŞA MAH KİRAZLIYURT SK,"MEHMET AKİF ERSOY MAH.,TALATPAŞA MAH"
3768,KAĞITHANE,ŞEBEKE HATTI VANA MONTAJI/DEĞİŞİMİ,30/11/2023 16:28:12,30/11/2023 20:30:00,TALATPAŞA MAH OKTAY SK SEMAVER KESİŞİMİ,"MEHMET AKİF ERSOY MAH.,TALATPAŞA MAH"
3769,KAĞITHANE,ŞEBEKE HATTI VANA ARIZASI,21/11/2023 12:37:19,21/11/2023 17:00:00,TALATPAŞA MAH ŞAHİN SK GÜNYÜZÜ SK KESİŞİMİ,"MEHMET AKİF ERSOY MAH.,TALATPAŞA MAH"
3770,KAĞITHANE,100 MM ÇAPLI ŞEBEKE HATTI ARIZASI,18/02/2024 12:52:12,18/02/2024 15:00:00,TALATPAŞA MAH.AYDOĞAN SK.,TALATPAŞA MAH
3771,KAĞITHANE,100 MM ÇAPLI ŞEBEKE HATTI ARIZASI,07/11/2023 09:28:15,07/11/2023 14:00:00,TALATPAŞA MAH.İMRAHOR CD İETT ÖNÜ,"GÜRSEL MAH,MEHMET AKİF ERSOY MAH.,TALATPAŞA MAH"
3772,KAĞITHANE,100 MM ÇAPLI ŞEBEKE HATTI ARIZASI,05/01/2024 14:35:53,05/01/2024 18:00:00,TALATPAŞA MAHALLESİ GÜLBULDU SK NO:16 ÖNÜ,TALATPAŞA MAH
3773,KAĞITHANE,ŞEBEKE HATTI VANA ARIZASI,22/12/2023 11:51:23,22/12/2023 18:00:00,TALATPAŞA MAHALLESİ KESKİNGİL CD BAŞI,"MEHMET AKİF ERSOY MAH.,TALATPAŞA MAH"
3774,KAĞITHANE,100 MM ÇAPLI ŞEBEKE HATTI ARIZASI,17/10/2023 10:40:51,17/10/2023 15:00:00,TALATPAŞA MAHALLESİ KESKİNGİL CD NO:1 ÖNÜ,"MEHMET AKİF ERSOY MAH.,TALATPAŞA MAH"
3775,KAĞITHANE,100 MM ÇAPLI ŞEBEKE HATTI ARIZASI,15/11/2023 10:51:57,15/11/2023 15:00:00,TALATPAŞA MAHALLESİ OĞUZBEY SK NO:2 ÖNÜ,TALATPAŞA MAH
3776,KAĞITHANE,100 MM ÇAPLI ŞEBEKE HATTI ARIZASI,11/09/2023 14:36:46,11/09/2023 19:00:00,TALATPAŞA MAHALLESİ ZİYARET SK İÇİ,"GÜRSEL MAH,TALATPAŞA MAH"
3777,KAĞITHANE,ŞEBEKE HATTI VANA MONTAJI/DEĞİŞİMİ,25/10/2023 10:00:27,25/10/2023 16:00:00,TALATPAŞA MAHALLESİ ÇELEBİ CD BAŞI,"GÜRSEL MAH,MEHMET AKİF ERSOY MAH.,TALATPAŞA MAH"
3778,KAĞITHANE,ŞEBEKE HATTI VANA ARIZASI,07/02/2024 11:53:57,07/02/2024 16:00:00,TALATPAŞA MAHALLESİ İMRAHOR CD İETT GARAJI,GÜRSEL MAH
3779,KAĞITHANE,100 MM ÇAPLI ŞEBEKE HATTI ARIZASI,29/08/2023 11:32:39,29/08/2023 15:00:00,TELSİZLE MAHALLESİ BURHAN SK İÇİ,"GÜLTEPE MAH,ORTABAYIR MAH,TELSİZLER MAH"
3780,KAĞITHANE,100 MM ÇAPLI ŞEBEKE HATTI ARIZASI,19/06/2023 12:41:43,19/06/2023 16:00:00,TELSİZLER ATAK SK İÇİ,"GÜLTEPE MAH,ORTABAYIR MAH,TELSİZLER MAH"
3781,KAĞITHANE,100 MM ÇAPLI ŞEBEKE HATTI ARIZASI,28/08/2023 10:34:39,28/08/2023 14:30:00,TELSİZLER BURHAN SK 18 ÖNÜ,"GÜLTEPE MAH,ORTABAYIR MAH,TELSİZLER MAH"
3782,KAĞITHANE,100 MM ÇAPLI ŞEBEKE HATTI ARIZASI,07/02/2024 14:13:40,07/02/2024 18:00:00,TELSİZLER MAH BAĞIM SK 26 ÖNÜ,"GÜLTEPE MAH,ORTABAYIR MAH,TELSİZLER MAH"
3783,KAĞITHANE,100 MM ÇAPLI ŞEBEKE HATTI ARIZASI,09/08/2023 12:54:39,09/08/2023 16:00:00,TELSİZLER MAH BENEK SK NO 1 ÖNÜ,TELSİZLER MAH
3784,KAĞITHANE,100 MM ÇAPLI ŞEBEKE HATTI ARIZASI,28/06/2023 11:08:03,28/06/2023 15:00:00,TELSİZLER MAH İPEKYOLU SK NO 6,"GÜLTEPE MAH,HARMANTEPE MAH,ORTABAYIR MAH,TELSİZLER MAH"
3785,KAĞITHANE,100 MM ÇAPLI ŞEBEKE HATTI ARIZASI,14/09/2023 11:00:07,14/09/2023 14:00:00,TELSİZLER MAHALLESİ BALTA SK 18 ÖNÜ,"GÜLTEPE MAH,TELSİZLER MAH"
3786,KAĞITHANE,100 MM ÇAPLI ŞEBEKE HATTI ARIZASI,12/09/2023 00:53:38,12/09/2023 03:00:00,TELSİZLER MAHALLESİ BENEK SK NO:34 ÖNÜ,"TALATPAŞA MAH,TELSİZLER MAH"
3787,KAĞITHANE,100 MM ÇAPLI ŞEBEKE HATTI ARIZASI,23/12/2023 23:22:16,24/12/2023 02:00:00,TELSİZLER MAHALLESİ TALATPAŞA CADDESİ,"GÜLTEPE MAH,MEHMET AKİF ERSOY MAH.,ORTABAYIR MAH,TALATPAŞA MAH,TELSİZLER MAH,YAHYA KEMAL MAH,ŞİRİNTEPE MAH"
3788,KAĞITHANE,100 MM ÇAPLI ŞEBEKE HATTI ARIZASI,17/11/2023 09:42:59,17/11/2023 14:00:00,TERAS EVLERİ T-6 BLOK KARŞISI,TALATPAŞA MAH
3789,KAĞITHANE,100 MM ÇAPLI ŞEBEKE HATTI ARIZASI,24/03/2023 11:01:01,24/03/2023 15:00:00,YAHYA KEMAL MAH CENDERE CD AXİS AVM,"MERKEZ MAH,YAHYA KEMAL MAH"
3790,KAĞITHANE,100 MM ÇAPLI ŞEBEKE HATTI ARIZASI,16/04/2023 16:05:06,16/04/2023 20:00:00,YAHYA KEMAL MAH YAHYA KEMAL CD NO:91 ÖNÜ,YAHYA KEMAL MAH
3791,KAĞITHANE,100 MM ÇAPLI ŞEBEKE HATTI ARIZASI,07/04/2023 12:08:19,07/04/2023 16:00:00,YAHYA KEMAL MAHALLESI ŞENKAL SOKAK,YAHYA KEMAL MAH
3792,KAĞITHANE,100 MM ÇAPLI ŞEBEKE HATTI ARIZASI,24/08/2023 12:34:28,24/08/2023 17:00:00,YAHYA KEMAL MAHALLESİ MİTHATPAŞA CD 18 ÖNÜ,"HARMANTEPE MAH,HÜRRİYET MAH,MERKEZ MAH,YAHYA KEMAL MAH,ÇAĞLAYAN MAH"
3793,KAĞITHANE,100 MM ÇAPLI ŞEBEKE HATTI ARIZASI,03/07/2023 13:01:26,03/07/2023 17:00:00,YAHYA KEMAL MAHALLESİ SANAYİ CD İÇİ,"HARMANTEPE MAH,HÜRRİYET MAH,YAHYA KEMAL MAH,ÇAĞLAYAN MAH"
3794,KAĞITHANE,100 MM ÇAPLI ŞEBEKE HATTI ARIZASI,22/12/2023 11:31:46,22/12/2023 15:00:00,YAHYA KEMAL MAHALLESİ YAHYA KEMAL CD NO:33 ÖNÜ,"HARMANTEPE MAH,HÜRRİYET MAH,MERKEZ MAH,YAHYA KEMAL MAH,ÇAĞLAYAN MAH"
3795,KAĞITHANE,100 MM ÇAPLI ŞEBEKE HATTI ARIZASI,05/08/2023 11:14:58,05/08/2023 15:00:00,YAHYA KEMAL MİTHATPAŞA CD NO:28 ÖNÜ,"HARMANTEPE MAH,HÜRRİYET MAH,MERKEZ MAH,YAHYA KEMAL MAH,ÇAĞLAYAN MAH"
3796,KAĞITHANE,100 MM ÇAPLI ŞEBEKE HATTI ARIZASI,11/01/2024 12:13:01,11/01/2024 17:00:00,YAHYA KEMAL SANAYİ CD ESKİ İSKİ YANI,"HÜRRİYET MAH,MERKEZ MAH,SEYRANTEPE MAH,YAHYA KEMAL MAH,ÇAĞLAYAN MAH"
3797,KAĞITHANE,100 MM ÇAPLI ŞEBEKE HATTI ARIZASI,05/07/2023 09:37:09,05/07/2023 13:00:00,YAHYA KEMAL ŞENKAL SK 19 ÖNÜ,YAHYA KEMAL MAH
3798,KAĞITHANE,100 MM ÇAPLI ŞEBEKE HATTI ARIZASI,09/06/2023 15:43:37,09/06/2023 19:00:00,YEŞİLCE MAH DEMİRBAŞ SK DÜZENLİ SK KESİŞİMİ,"SEYRANTEPE MAH,SULTAN SELİM MAH,YEŞİLCE MAH"
3799,KAĞITHANE,100 MM ÇAPLI ŞEBEKE HATTI ARIZASI,10/08/2023 17:09:25,10/08/2023 21:00:00,YEŞİLCE MAH DESTEK SK 33 ÖNÜ,"SULTAN SELİM MAH,YEŞİLCE MAH,ŞİRİNTEPE MAH"
3800,KAĞITHANE,100 MM ÇAPLI ŞEBEKE HATTI ARIZASI,26/10/2023 12:00:21,26/10/2023 16:00:00,YEŞİLCE MAHALLESİ AYDINLAR SK NO:19 ÖNÜ,"SULTAN SELİM MAH,YEŞİLCE MAH"
3801,KAĞITHANE,BASINÇ DÜŞÜKLÜĞÜ,11/09/2023 10:11:37,11/09/2023 15:30:00,ÇAĞLAYAN,"GÜRSEL MAH,HÜRRİYET MAH,MERKEZ MAH,ÇAĞLAYAN MAH"
3802,KAĞITHANE,100 MM ÇAPLI ŞEBEKE HATTI ARIZASI,01/09/2023 12:08:34,01/09/2023 16:00:00,ÇAĞLAYAN FEVZİ ÇAKMAK CD İÇİ,"HARMANTEPE MAH,HÜRRİYET MAH,MERKEZ MAH,YAHYA KEMAL MAH,ÇAĞLAYAN MAH"
3803,KAĞITHANE,100 MM ÇAPLI ŞEBEKE HATTI ARIZASI,06/09/2023 04:51:00,06/09/2023 12:00:00,ÇAĞLAYAN MAH LEVENT SK 45 ÖNÜ,"GÜRSEL MAH,HÜRRİYET MAH,MERKEZ MAH,ÇAĞLAYAN MAH"
3804,KAĞITHANE,100 MM ÇAPLI ŞEBEKE HATTI ARIZASI,19/10/2023 15:53:04,19/10/2023 20:00:00,ÇAĞLAYAN MAH SİNEM SK 2A ÖNÜ,"GÜRSEL MAH,HÜRRİYET MAH,MERKEZ MAH,ÇAĞLAYAN MAH"
3805,KAĞITHANE,100 MM ÇAPLI ŞEBEKE HATTI ARIZASI,23/02/2023 16:16:32,23/02/2023 20:00:00,ÇAĞLAYAN MAH TAŞOCAĞI CD NO:95 ÖNÜ,"GÜRSEL MAH,HÜRRİYET MAH,ÇAĞLAYAN MAH"
3806,KAĞITHANE,100 MM ÇAPLI ŞEBEKE HATTI ARIZASI,26/04/2023 23:59:03,27/04/2023 09:00:00,ÇAĞLAYAN MAH. POYRAZ SK NO:3 ÖNÜ,ÇAĞLAYAN MAH
3807,KAĞITHANE,BASINÇ DÜŞÜKLÜĞÜ,30/05/2023 15:47:31,30/05/2023 18:00:00,ÇAĞLAYAN MAH.MERAL SK 48 KARŞISI,ÇAĞLAYAN MAH
3808,KAĞITHANE,100 MM ÇAPLI ŞEBEKE HATTI ARIZASI,29/05/2023 09:40:08,29/05/2023 13:00:00,ÇAĞLAYAN MAHALLESİ ESEN SK NO:24 ÖNÜ,"GÜRSEL MAH,ÇAĞLAYAN MAH"
3809,KAĞITHANE,100 MM ÇAPLI ŞEBEKE HATTI ARIZASI,14/07/2023 13:45:16,14/07/2023 17:00:00,ÇAĞLAYAN MAHALLESİ KARTOPU SK İÇİ,ÇAĞLAYAN MAH
3810,KAĞITHANE,ŞEBEKE HATTI VANA MONTAJI/DEĞİŞİMİ,08/01/2024 22:05:38,09/01/2024 05:00:00,ÇAĞLAYAN MAHALLESİ VATAN CD  GARANTİ BANKASI ÖNÜ,"GÜRSEL MAH,HÜRRİYET MAH,MERKEZ MAH,ÇAĞLAYAN MAH"
3811,KAĞITHANE,100 MM ÇAPLI ŞEBEKE HATTI ARIZASI,08/06/2023 10:59:26,08/06/2023 15:00:00,ÇAĞLAYAN MERAL SK İÇİ,"GÜRSEL MAH,ÇAĞLAYAN MAH"
3812,KAĞITHANE,100 MM ÇAPLI ŞEBEKE HATTI ARIZASI,16/03/2023 13:36:43,16/03/2023 17:00:00,ÇELİKTEPE KAPTAN SK 26,"EMNİYET EVLERİ MAH,ÇELİKTEPE MAH"
3813,KAĞITHANE,100 MM ÇAPLI ŞEBEKE HATTI ARIZASI,23/01/2024 16:45:19,24/01/2024 00:00:00,ÇELİKTEPE MAH BERGAMA SK 16 ÖNÜ,ÇELİKTEPE MAH
3814,KAĞITHANE,100 MM ÇAPLI ŞEBEKE HATTI ARIZASI,12/06/2023 12:13:12,12/06/2023 16:00:00,ÇELİKTEPE MAH.YENİYOL SK İÇİ MERDİVENLER,"EMNİYET EVLERİ MAH,ORTABAYIR MAH,ÇELİKTEPE MAH"
3815,KAĞITHANE,100 MM ÇAPLI ŞEBEKE HATTI ARIZASI,12/09/2023 10:24:16,12/09/2023 16:00:00,ÇELİKTEPE MAHALLESİ ÇAĞ SK NO:9 ÖNÜ,ÇELİKTEPE MAH
3816,KAĞITHANE,100 MM ÇAPLI ŞEBEKE HATTI ARIZASI,20/12/2023 13:47:10,20/12/2023 18:00:00,ÇELİKTEPE MAHALLESİ ÖZCAN SK İÇİ,"EMNİYET EVLERİ MAH,ÇELİKTEPE MAH"
3817,KAĞITHANE,100 MM ÇAPLI ŞEBEKE HATTI ARIZASI,04/08/2023 11:07:48,04/08/2023 14:00:00,"ŞİRİ,NTEPE MAHALLESİ ACIYONCA SK İÇİ",ŞİRİNTEPE MAH
3818,KAĞITHANE,100 MM ÇAPLI ŞEBEKE HATTI ARIZASI,21/12/2023 12:38:34,21/12/2023 16:00:00,ŞİRİNTEPE ASUMAN SK NO:3 ÖNÜ,"SULTAN SELİM MAH,ŞİRİNTEPE MAH"
3819,KAĞITHANE,100 MM ÇAPLI ŞEBEKE HATTI ARIZASI,25/12/2023 16:04:45,25/12/2023 20:00:00,ŞİRİNTEPE MAH ACIYONCA SK 41 ÖNÜ,ŞİRİNTEPE MAH
3820,KAĞITHANE,ŞEBEKE HATTI VANA MONTAJI/DEĞİŞİMİ,06/11/2023 11:10:29,06/11/2023 15:00:00,ŞİRİNTEPE MAH. ZAFER CD İÇİ,"SULTAN SELİM MAH,ŞİRİNTEPE MAH"
3821,KAĞITHANE,100 MM ÇAPLI ŞEBEKE HATTI ARIZASI,16/06/2023 10:55:06,16/06/2023 14:00:00,ŞİRİNTEPE MAHALLESİ ACIYONCA SK NO:18 ÖNÜ,ŞİRİNTEPE MAH
3822,KAĞITHANE,100 MM ÇAPLI ŞEBEKE HATTI ARIZASI,19/12/2023 09:15:14,19/12/2023 13:00:00,ŞİRİNTEPE MAHALLESİ ACIYONCA SK NO:27 ÖNÜ,ŞİRİNTEPE MAH
3823,KAĞITHANE,100 MM ÇAPLI ŞEBEKE HATTI ARIZASI,22/08/2023 13:05:11,22/08/2023 17:05:00,ŞİRİNTEPE MAHALLESİ ACIYONCA SK İÇİ,ŞİRİNTEPE MAH
3824,KAĞITHANE,ŞEBEKE HATTI BRANŞMAN BAĞLANTISI,06/06/2023 14:54:23,06/06/2023 19:00:00,ŞİRİNTEPE MAHALLESİ AKSÖĞÜT SK BETÜL SK KESİŞİMİ,"SULTAN SELİM MAH,ŞİRİNTEPE MAH"
3825,KAĞITHANE,100 MM ÇAPLI ŞEBEKE HATTI ARIZASI,24/11/2023 13:41:23,24/11/2023 18:00:00,ŞİRİNTEPE MAHALLESİ ARMAĞAN SK NO:6 ÖNÜ,ŞİRİNTEPE MAH
3826,KAĞITHANE,ŞEBEKE HATTI VANA MONTAJI/DEĞİŞİMİ,19/09/2023 09:57:44,19/09/2023 14:00:00,ŞİRİNTEPE MAHALLESİ BAYRAKTAR CD ACIYONCA KESİŞİMİ,"SULTAN SELİM MAH,YEŞİLCE MAH,ŞİRİNTEPE MAH"
3827,MALTEPE,100 MM ÇAPLI ŞEBEKE HATTI ARIZASI,21/09/2023 09:44:54,21/09/2023 14:00:00, FEYZULLAH MAHALLESİ BAĞDAT CADDESİ NO/226,FEYZULLAH MAH
3828,MALTEPE,150 MM ÇAPLI ŞEBEKE HATTI ARIZASI,08/09/2023 17:34:22,09/09/2023 01:00:00,ALTAYÇEŞME MAH BAĞDAT CAD MALTEPE MERKEZ CAMİ ÖNÜ,ALTAYÇEŞME MAH
3829,MALTEPE,BASINÇ DÜŞÜKLÜĞÜ,13/06/2023 14:25:19,13/06/2023 15:30:00,ALTAYÇEŞME MAH. BAĞDAT CD,ALTAYÇEŞME MAH
3830,MALTEPE,100 MM ÇAPLI ŞEBEKE HATTI ARIZASI,11/05/2023 12:51:33,11/05/2023 16:30:00,ALTAYÇEŞME MAH. VARNA SK,ALTAYÇEŞME MAH
3831,MALTEPE,150 MM ÇAPLI ŞEBEKE HATTI ARIZASI,16/02/2024 15:42:41,16/02/2024 20:00:00,ALTAYÇEŞME MAHALLESİ BAĞDAT CADDESİ NO/309,ALTAYÇEŞME MAH
3832,MALTEPE,150 MM ÇAPLI ŞEBEKE HATTI ARIZASI,13/02/2024 14:52:35,13/02/2024 19:00:00,ALTAYÇEŞME MAHALLESİ BAĞDAT CADDESİ ÇAĞLAYAN SOKAK NO/309,ALTAYÇEŞME MAH
3833,MALTEPE,100 MM ÇAPLI ŞEBEKE HATTI ARIZASI,29/11/2023 16:40:58,29/11/2023 21:00:00,ALTAYÇEŞME MAHALLESİ BEGONYALI SOKAK NO/10,ALTAYÇEŞME MAH
3834,MALTEPE,200 MM ÇAPLI ŞEBEKE HATTI ARIZASI,14/09/2023 09:27:18,14/09/2023 13:30:00,ALTAYÇEŞME MAHALLESİ GÜLCAN SOKAK NO/2,ALTAYÇEŞME MAH
3835,MALTEPE,100 MM ÇAPLI ŞEBEKE HATTI ARIZASI,01/01/2024 15:56:32,01/01/2024 17:00:00,ALTINTEPE MAH AMİRAL ORBAY SK.NO8,AYDINEVLER MAH
3836,MALTEPE,100 MM ÇAPLI ŞEBEKE HATTI ARIZASI,02/08/2023 19:06:52,02/08/2023 21:00:00,ALTINTEPE MAH GALİPBEY CAD NO 125 ÖNÜ,ALTINTEPE MAH
3837,MALTEPE,100 MM ÇAPLI ŞEBEKE HATTI ARIZASI,27/06/2023 17:06:17,27/06/2023 20:00:00,ALTINTEPE MAH. BAĞDAT CD. NO55,ALTINTEPE MAH
3838,MALTEPE,100 MM ÇAPLI ŞEBEKE HATTI ARIZASI,15/03/2023 09:30:21,15/03/2023 13:30:00,ALTINTEPE MAH. LALE SK NO:2,"ALTINTEPE MAH,KÜÇÜKYALI MERKEZ MAH"
3839,MALTEPE,100 MM ÇAPLI ŞEBEKE HATTI ARIZASI,01/08/2023 21:59:30,01/08/2023 23:00:00,ALTINTEPE MAH.GALİP BY CAD.,ALTINTEPE MAH
3840,MALTEPE,200 MM ÇAPLI ŞEBEKE HATTI ARIZASI,02/08/2023 15:23:46,02/08/2023 18:00:00,ALTINTEPE MAHALLESİ CEPHANELİK SOKAK NO 1,ALTINTEPE MAH
3841,MALTEPE,100 MM ÇAPLI ŞEBEKE HATTI ARIZASI,17/08/2023 12:07:13,17/08/2023 14:00:00,ALTINTEPE MAHALLESİ GALİPBEY CADDESİ NO/103,ALTINTEPE MAH
3842,MALTEPE,100 MM ÇAPLI ŞEBEKE HATTI ARIZASI,20/12/2023 11:38:58,20/12/2023 16:30:00,ALTINTEPE MAHALLESİ İSTASYON SOKAK NO 20 ÖNÜ,ALTINTEPE MAH
3843,MALTEPE,100 MM ÇAPLI ŞEBEKE HATTI ARIZASI,03/05/2023 10:27:21,03/05/2023 13:00:00,ALTINTEPE MH  EMİN ALİ PAŞA CD,ALTINTEPE MAH
3844,MALTEPE,100 MM ÇAPLI ŞEBEKE HATTI ARIZASI,26/04/2023 09:46:17,26/04/2023 12:00:00,ALTINTEPE MH DEĞIRMEN YOLU SK7,ALTINTEPE MAH
3845,MALTEPE,100 MM ÇAPLI ŞEBEKE HATTI ARIZASI,12/03/2023 16:29:33,12/03/2023 20:00:00,ALTINTEPE MH. BAĞDAT CD.NO:6,ALTINTEPE MAH
3846,MALTEPE,100 MM ÇAPLI ŞEBEKE HATTI ARIZASI,16/03/2023 11:30:04,16/03/2023 14:00:00,ALTINTEPE MH.DEĞİRMENYOLU CD.NO:80,ALTINTEPE MAH
3847,MALTEPE,150 MM ÇAPLI ŞEBEKE HATTI ARIZASI,29/05/2023 11:41:31,29/05/2023 18:00:00,ALTINTEPE MH.EMİN ALİ PAŞA CD.NO17,ALTINTEPE MAH
3848,MALTEPE,100 MM ÇAPLI ŞEBEKE HATTI ARIZASI,21/05/2023 16:14:59,21/05/2023 19:30:00,AYDINEVLER MAH OYMAK SOK ILE UYANIK SOK KESIŞIMI,AYDINEVLER MAH
3849,MALTEPE,100 MM ÇAPLI ŞEBEKE HATTI ARIZASI,10/02/2024 15:34:34,10/02/2024 18:00:00,AYDINEVLER MAH.YEŞİLAY CAD.NO:24,AYDINEVLER MAH
3850,MALTEPE,100 MM ÇAPLI ŞEBEKE HATTI ARIZASI,23/06/2023 13:27:35,23/06/2023 16:00:00,AYDINEVLER MAH.ŞİİR ÇIKMAZI SOK.NO:16,AYDINEVLER MAH
3851,MALTEPE,100 MM ÇAPLI ŞEBEKE HATTI ARIZASI,25/02/2023 14:33:01,25/02/2023 17:00:00,AYDINEVLER MAHALLESI ASLANBEY CADDESI,AYDINEVLER MAH
3852,MALTEPE,100 MM ÇAPLI ŞEBEKE HATTI ARIZASI,21/05/2023 10:36:50,21/05/2023 12:00:00,AYDINEVLER MAHALLESI UYANIK CADDESI NO 47,AYDINEVLER MAH
3853,MALTEPE,100 MM ÇAPLI ŞEBEKE HATTI ARIZASI,01/05/2023 15:34:29,01/05/2023 16:30:00,AYDINEVLER MAHALLESI ÖNCEL SOKAK NO 10 PRIZ ARIZASI,AYDINEVLER MAH
3854,MALTEPE,100 MM ÇAPLI ŞEBEKE HATTI ARIZASI,29/08/2023 17:04:12,29/08/2023 19:00:00,AYDINEVLER MAHALLESİ ARSLAN BEY CADDESİ NO 5-7,AYDINEVLER MAH
3855,MALTEPE,100 MM ÇAPLI ŞEBEKE HATTI ARIZASI,31/05/2023 12:13:35,31/05/2023 17:00:00,AYDINEVLER MAHALLESİ BARBAROS CADDESİ NO:21,AYDINEVLER MAH
3856,MALTEPE,200 MM ÇAPLI ŞEBEKE HATTI ARIZASI,16/01/2024 16:07:28,16/01/2024 19:00:00,AYDINEVLER MAHALLESİ GENERAL KENAN EVREN KIŞLASI,AYDINEVLER MAH
3857,MALTEPE,100 MM ÇAPLI ŞEBEKE HATTI ARIZASI,23/10/2023 15:24:21,23/10/2023 17:00:00,AYDINEVLER MAHALLESİ KÖPRÜ SOKAK NO/38,AYDINEVLER MAH
3858,MALTEPE,100 MM ÇAPLI ŞEBEKE HATTI ARIZASI,10/02/2024 09:58:13,10/02/2024 14:00:00,AYDINEVLER MAHALLESİ SELÇUKBEY CADDESİ NO 52,AYDINEVLER MAH
3859,MALTEPE,100 MM ÇAPLI ŞEBEKE HATTI ARIZASI,06/02/2024 11:08:06,06/02/2024 15:00:00,AYDINEVLER MAHALLESİ SELÇUKBEY CADDESİ NO 65,AYDINEVLER MAH
3860,MALTEPE,100 MM ÇAPLI ŞEBEKE HATTI ARIZASI,13/09/2023 14:44:19,13/09/2023 17:00:00,AYDINEVLER MAHALLESİ UYANIK CADDESİ DEREBOYU SOKAK KESİŞİMİ,AYDINEVLER MAH
3861,MALTEPE,150 MM ÇAPLI ŞEBEKE HATTI ARIZASI,25/08/2023 11:05:35,25/08/2023 14:00:00,AYDINEVLER MAHALLESİ ÇATALLI SOKAK NO/2,AYDINEVLER MAH
3862,MALTEPE,100 MM ÇAPLI ŞEBEKE HATTI ARIZASI,05/02/2024 13:37:20,05/02/2024 16:00:00,AYDINEVLER MAHALLESİ ÖZKAN SOKAK NO 3,AYDINEVLER MAH
3863,MALTEPE,100 MM ÇAPLI ŞEBEKE HATTI ARIZASI,27/09/2023 10:04:32,27/09/2023 14:00:00,AYDINEVLER MAHALLESİ ÖZKAN SOKAK NO/3,AYDINEVLER MAH
3864,MALTEPE,100 MM ÇAPLI ŞEBEKE HATTI ARIZASI,08/05/2023 14:32:18,08/05/2023 18:00:00,AYDINEVLER MH UYANIK CD,AYDINEVLER MAH
3865,MALTEPE,100 MM ÇAPLI ŞEBEKE HATTI ARIZASI,18/04/2023 09:06:01,18/04/2023 11:00:00,AYDINEVLER MH ÖNCEL SK,AYDINEVLER MAH
3866,MALTEPE,100 MM ÇAPLI ŞEBEKE HATTI ARIZASI,20/06/2023 11:23:52,20/06/2023 16:00:00,BASŞI BÜYÜK MH,BAŞIBÜYÜK MAH
3867,MALTEPE,100 MM ÇAPLI ŞEBEKE HATTI ARIZASI,30/09/2023 15:48:55,30/09/2023 18:00:00,BAĞLAR BAŞI MAH CANLAR SK NO.8,BAĞLARBAŞI MAH
3868,MALTEPE,100 MM ÇAPLI ŞEBEKE HATTI ARIZASI,30/08/2023 13:08:56,30/08/2023 17:00:00,BAĞLARBAŞI MAH CANLAR SOK NO.7,BAĞLARBAŞI MAH
3869,MALTEPE,100 MM ÇAPLI ŞEBEKE HATTI ARIZASI,15/10/2023 11:06:48,15/10/2023 14:00:00,BAĞLARBAŞI MAH. GÜLYOLU SK NO:42,BAĞLARBAŞI MAH
3870,MALTEPE,700 MM  ÇAPLI ANA İSALE HATTI ARIZASI,15/03/2023 22:55:18,16/03/2023 09:00:00,BAĞLARBAŞI MAHALLESİ,"ALTAYÇEŞME MAH,BAĞLARBAŞI MAH,CEVİZLİ MAH,FEYZULLAH MAH,YALI MAH"
3871,MALTEPE,100 MM ÇAPLI ŞEBEKE HATTI ARIZASI,15/12/2023 14:58:19,15/12/2023 18:00:00,BAĞLARBAŞI MAHALLESİ BAĞDAT CADDESİ NO/352,"BAĞLARBAŞI MAH,FEYZULLAH MAH"
3872,MALTEPE,100 MM ÇAPLI ŞEBEKE HATTI ARIZASI,03/10/2023 11:16:17,03/10/2023 15:30:00,BAĞLARBAŞI MAHALLESİ BAĞDAT CADDESİ NO/423,BAĞLARBAŞI MAH
3873,MALTEPE,100 MM ÇAPLI ŞEBEKE HATTI ARIZASI,18/10/2023 10:55:52,18/10/2023 18:00:00,BAĞLARBAŞI MAHALLESİ BAĞDAT CADDESİ İLE SÜMBÜL SOKAK KESİŞİMİ,BAĞLARBAŞI MAH
3874,MALTEPE,100 MM ÇAPLI ŞEBEKE HATTI ARIZASI,05/02/2024 10:39:32,05/02/2024 13:00:00,BAĞLARBAŞI MAHALLESİ BIÇAK ÇEŞME SOKAK NO /10,BAĞLARBAŞI MAH
3875,MALTEPE,100 MM ÇAPLI ŞEBEKE HATTI ARIZASI,19/10/2023 10:57:08,19/10/2023 15:30:00,BAĞLARBAŞI MAHALLESİ FEYZULLAH CADDESİ NO/12,BAĞLARBAŞI MAH
3876,MALTEPE,100 MM ÇAPLI ŞEBEKE HATTI ARIZASI,11/12/2023 12:05:20,11/12/2023 14:00:00,BAĞLARBAŞI MAHALLESİ IRMAK SOKAK NO /30,BAĞLARBAŞI MAH
3877,MALTEPE,100 MM ÇAPLI ŞEBEKE HATTI ARIZASI,06/09/2023 14:23:30,06/09/2023 17:00:00,BAĞLARBAŞI MAHALLESİ MİMAR SİNAN CADDESİ NO/2,"BAĞLARBAŞI MAH,FEYZULLAH MAH"
3878,MALTEPE,100 MM ÇAPLI ŞEBEKE HATTI ARIZASI,07/02/2024 15:28:36,07/02/2024 17:00:00,BAĞLARBAŞI MAHALLESİ NERMİN SOKAK NO 2,BAĞLARBAŞI MAH
3879,MALTEPE,100 MM ÇAPLI ŞEBEKE HATTI ARIZASI,06/02/2024 16:05:04,06/02/2024 17:42:00,BAĞLARBAŞI MAHALLESİ REFAH SOKAK NO 12,BAĞLARBAŞI MAH
3880,MALTEPE,100 MM ÇAPLI ŞEBEKE HATTI ARIZASI,28/09/2023 16:46:50,28/09/2023 18:30:00,BAĞLARBAŞI MAHALLESİ SAKARYA SOKAK NO 36,BAĞLARBAŞI MAH
3881,MALTEPE,100 MM ÇAPLI ŞEBEKE HATTI ARIZASI,07/11/2023 10:10:54,07/11/2023 14:30:00,BAĞLARBAŞI MAHALLESİ ŞEHİT MÜCAHİT SOKAK  NO/102 ÖNÜ,BAĞLARBAŞI MAH
3882,MALTEPE,100 MM ÇAPLI ŞEBEKE HATTI ARIZASI,14/04/2023 15:39:42,14/04/2023 19:00:00,BAĞLARBAŞI MH. NERGİZ SK.NO:24,BAĞLARBAŞI MAH
3883,MALTEPE,100 MM ÇAPLI ŞEBEKE HATTI ARIZASI,24/03/2023 15:55:05,24/03/2023 18:00:00,BAŞI BÜYÜK MH TAŞ MADENİ SK15,BAŞIBÜYÜK MAH
3884,MALTEPE,ŞEBEKE HATTI BRANŞMAN BAĞLANTISI,18/08/2023 21:49:02,19/08/2023 03:00:00,BAŞIBÜYÜK DEPO ALTI,"ALTINTEPE MAH,AYDINEVLER MAH,KÜÇÜKYALI MERKEZ MAH,ÇINAR MAH,İDEALTEPE MAH"
3885,MALTEPE,100 MM ÇAPLI ŞEBEKE HATTI ARIZASI,02/07/2023 19:54:28,02/07/2023 21:00:00,BAŞIBÜYÜK MAH FILIZLIŞ SOK NO.7 ÖNÜ,BAŞIBÜYÜK MAH
3886,MALTEPE,100 MM ÇAPLI ŞEBEKE HATTI ARIZASI,19/07/2023 05:49:47,19/07/2023 11:00:00,BAŞIBÜYÜK MAH FİDANLIK SOKAK,BAŞIBÜYÜK MAH
3887,MALTEPE,100 MM ÇAPLI ŞEBEKE HATTI ARIZASI,30/06/2023 10:48:18,30/06/2023 14:00:00,BAŞIBÜYÜK MAH ÇALIKUŞU SOK,BAŞIBÜYÜK MAH
3888,MALTEPE,100 MM ÇAPLI ŞEBEKE HATTI ARIZASI,07/03/2023 15:36:52,07/03/2023 18:00:00,BAŞIBÜYÜK MAH.  TEKKE CAD. ÜZERİ,BAŞIBÜYÜK MAH
3889,MALTEPE,100 MM ÇAPLI ŞEBEKE HATTI ARIZASI,25/09/2023 17:58:54,25/09/2023 20:00:00,BAŞIBÜYÜK MAHALLESI MADEN SOKAK NO:17,BAŞIBÜYÜK MAH
3890,MALTEPE,100 MM ÇAPLI ŞEBEKE HATTI ARIZASI,12/09/2023 09:00:59,12/09/2023 12:00:00,BAŞIBÜYÜK MAHALLESİ KARANFİL CADDESİ VE TRAFO CADDESİ KESİŞİMİ,BAŞIBÜYÜK MAH
3891,MALTEPE,100 MM ÇAPLI ŞEBEKE HATTI ARIZASI,02/09/2023 11:38:11,02/09/2023 14:00:00,BAŞIBÜYÜK MAHALLESİ MAGDEN SOKAK  NO/17,BAŞIBÜYÜK MAH
3892,MALTEPE,100 MM ÇAPLI ŞEBEKE HATTI ARIZASI,10/11/2023 10:41:55,10/11/2023 17:00:00,BAŞIBÜYÜK MAHALLESİ MEZARLIK CADDESİ NO 11,BAŞIBÜYÜK MAH
3893,MALTEPE,150 MM ÇAPLI ŞEBEKE HATTI ARIZASI,24/08/2023 15:39:48,24/08/2023 18:00:00,BAŞIBÜYÜK MAHALLESİ MEZARLIK YOLU CADDESİ  NO/4,BAŞIBÜYÜK MAH
3894,MALTEPE,100 MM ÇAPLI ŞEBEKE HATTI ARIZASI,13/12/2023 10:16:05,13/12/2023 15:00:00,BAŞIBÜYÜK MAHALLESİ ŞEN SOKAK NO 12,BAŞIBÜYÜK MAH
3895,MALTEPE,100 MM ÇAPLI ŞEBEKE HATTI ARIZASI,20/08/2023 09:44:52,20/08/2023 13:00:00,BAŞIBÜYÜK MH. DUDULLUYOLU SK. NO15,BAŞIBÜYÜK MAH
3896,MALTEPE,100 MM ÇAPLI ŞEBEKE HATTI ARIZASI,11/04/2023 15:16:42,11/04/2023 16:30:00,BAŞIBÜYÜK MH.TAŞ MADENI SK.NO:15,BAŞIBÜYÜK MAH
3897,MALTEPE,100 MM ÇAPLI ŞEBEKE HATTI ARIZASI,20/06/2023 13:13:26,20/06/2023 17:00:00,BÜYÜK BAKKAL KÖY MH  ANIL KAĞAN BERK ÖZ SK,BÜYÜKBAKKALKÖY MAH
3898,MALTEPE,100 MM ÇAPLI ŞEBEKE HATTI ARIZASI,12/06/2023 09:56:25,12/06/2023 12:00:00,BÜYÜK BAKKALKÖY MH SELANİK CD,BÜYÜKBAKKALKÖY MAH
3899,MALTEPE,100 MM ÇAPLI ŞEBEKE HATTI ARIZASI,13/03/2023 16:29:27,13/03/2023 20:00:00,BÜYÜKBAKKAL KÖY MAH SAMAN YOLU CAD. NO.28,BÜYÜKBAKKALKÖY MAH
3900,MALTEPE,100 MM ÇAPLI ŞEBEKE HATTI ARIZASI,17/10/2023 11:14:14,17/10/2023 15:00:00,BÜYÜKBAKKALKÖY MAHALLESİ YAKACIK YOLU CADDESİ CEZAEVİNİN ÜST TARAFI,BÜYÜKBAKKALKÖY MAH
3901,MALTEPE,150 MM ÇAPLI ŞEBEKE HATTI ARIZASI,18/06/2023 15:46:19,18/06/2023 19:00:00,CEVIZLI MAH. ZÜHAL CADDESI NO:59,CEVİZLİ MAH
3902,MALTEPE,100 MM ÇAPLI ŞEBEKE HATTI ARIZASI,13/04/2023 09:37:13,13/04/2023 15:00:00,CEVIZLI MH.TUGAYYOLU CD.NO:69,CEVİZLİ MAH
3903,MALTEPE,100 MM ÇAPLI ŞEBEKE HATTI ARIZASI,30/11/2023 18:32:37,30/11/2023 21:00:00,CEVİZLİ MAH ATİLLA SOKAK NO 9,CEVİZLİ MAH
3904,MALTEPE,100 MM ÇAPLI ŞEBEKE HATTI ARIZASI,23/12/2023 13:39:24,23/12/2023 17:30:00,CEVİZLİ MAHALLESİ GÖNÜL SOKAK NO /5,CEVİZLİ MAH
3905,MALTEPE,100 MM ÇAPLI ŞEBEKE HATTI ARIZASI,08/02/2024 13:48:40,08/02/2024 20:00:00,CEVİZLİ MAHALLESİ SARAYLAR CADDESİ VE DÜZCE SOKAK KESİŞİMİ,CEVİZLİ MAH
3906,MALTEPE,100 MM ÇAPLI ŞEBEKE HATTI ARIZASI,28/11/2023 10:56:13,28/11/2023 14:00:00,CEVİZLİ MAHALLESİ YAVUZ SELİM SK İLE KÜMBET SK KESİŞİMİ,CEVİZLİ MAH
3907,MALTEPE,100 MM ÇAPLI ŞEBEKE HATTI ARIZASI,14/06/2023 09:51:52,14/06/2023 12:00:00,CEVİZLİ MH.19 MAYIS SK 2,CEVİZLİ MAH
3908,MALTEPE,300 MM ÇAPLI ŞEBEKE HATTI ARIZASI,22/06/2023 14:19:21,22/06/2023 23:00:00,ESENKENT MAH ESKİ ÜSKÜDAR CAD VE KANİ PAŞA CAD KESİŞİMİ,"ESENKENT MAH,GÜLSUYU MAH,ZÜMRÜTEVLER MAH"
3909,MALTEPE,100 MM ÇAPLI ŞEBEKE HATTI ARIZASI,31/12/2023 11:19:57,31/12/2023 13:00:00,ESENKENT MAH FATIHLER CAD NO:2,ESENKENT MAH
3910,MALTEPE,100 MM ÇAPLI ŞEBEKE HATTI ARIZASI,12/08/2023 18:53:55,12/08/2023 22:00:00,ESENKENT MAH HASAN TAHSIN SOK NO 16,ESENKENT MAH
3911,MALTEPE,100 MM ÇAPLI ŞEBEKE HATTI ARIZASI,17/06/2023 16:34:37,17/06/2023 18:30:00,ESENKENT MAH NAILBEY SOK NO 104,ESENKENT MAH
3912,MALTEPE,250 MM ÇAPLI ŞEBEKE HATTI ARIZASI,09/03/2023 10:34:04,09/03/2023 19:00:00,ESENKENT MAH. ATLAS SOK. ÜZERİ BORU DÖŞEME,ESENKENT MAH
3913,MALTEPE,100 MM ÇAPLI ŞEBEKE HATTI ARIZASI,30/07/2023 20:16:38,31/07/2023 00:30:00,ESENKENT MAH. METİN SOKAK,ESENKENT MAH
3914,MALTEPE,300 MM ÇAPLI ŞEBEKE HATTI ARIZASI,02/03/2023 09:40:36,02/03/2023 17:00:00,ESENKENT MAH. NADİRE CAD. ÜZERİ,ESENKENT MAH
3915,MALTEPE,100 MM ÇAPLI ŞEBEKE HATTI ARIZASI,11/12/2023 09:26:21,11/12/2023 15:59:00,ESENKENT MAHALLESI BÜLBÜLDERESI SOKAK NO 2,GÜLSUYU MAH
3916,MALTEPE,100 MM ÇAPLI ŞEBEKE HATTI ARIZASI,11/10/2023 12:31:43,11/10/2023 16:00:00,ESENKENT MAHALLESI NAILBEY SOKAK NO 116,ESENKENT MAH
3917,MALTEPE,200 MM ÇAPLI ŞEBEKE HATTI ARIZASI,08/02/2024 10:32:54,08/02/2024 18:00:00,ESENKENT MAHALLESİ ATLAS SOKAK,ESENKENT MAH
3918,MALTEPE,200 MM ÇAPLI ŞEBEKE HATTI ARIZASI,10/02/2024 11:01:58,10/02/2024 16:00:00,ESENKENT MAHALLESİ ATLAS SOKAK NO/23,ESENKENT MAH
3919,MALTEPE,100 MM ÇAPLI ŞEBEKE HATTI ARIZASI,01/09/2023 11:02:34,01/09/2023 15:00:00,ESENKENT MAHALLESİ AYDIN CADDESİ NO/80,ESENKENT MAH
3920,MALTEPE,ŞEBEKE HATTI DEPLASE ÇALIŞMASI,03/01/2024 08:31:52,03/01/2024 18:00:00,ESENKENT MAHALLESİ BURAK SOKAK,ESENKENT MAH
3921,MALTEPE,100 MM ÇAPLI ŞEBEKE HATTI ARIZASI,15/01/2024 10:33:25,15/01/2024 17:00:00,ESENKENT MAHALLESİ BURAK SOKAK,ESENKENT MAH
3922,MALTEPE,100 MM ÇAPLI ŞEBEKE HATTI ARIZASI,11/10/2023 09:18:16,11/10/2023 13:00:00,ESENKENT MAHALLESİ METİN SOKAK NO/32,ESENKENT MAH
3923,MALTEPE,100 MM ÇAPLI ŞEBEKE HATTI ARIZASI,05/10/2023 09:01:26,05/10/2023 11:00:00,ESENKENT MAHALLESİ PENGUEN SOKAK 12,ESENKENT MAH
3924,MALTEPE,100 MM ÇAPLI ŞEBEKE HATTI ARIZASI,11/07/2023 13:57:28,11/07/2023 16:00:00,ESENKENT MAHALLESİ ÇINAR ALTI SOKAK NO 7 KARŞISI,ESENKENT MAH
3925,MALTEPE,100 MM ÇAPLI ŞEBEKE HATTI ARIZASI,23/01/2024 09:46:02,23/01/2024 15:00:00,ESENKENT MAHALLESİ ÇINARALTI SOKAK,ESENKENT MAH
3926,MALTEPE,200 MM ÇAPLI ŞEBEKE HATTI ARIZASI,06/06/2023 13:31:23,06/06/2023 20:00:00,ESENKENT MH  ESKİ ÜSKÜDAR CD  KANİ PAŞA CD KESİŞİMİ,ESENKENT MAH
3927,MALTEPE,100 MM ÇAPLI ŞEBEKE HATTI ARIZASI,05/05/2023 14:47:23,05/05/2023 18:00:00,ESENKENT MH KANİ PAŞA CDE 121,ESENKENT MAH
3928,MALTEPE,100 MM ÇAPLI ŞEBEKE HATTI ARIZASI,24/04/2023 15:23:53,24/04/2023 17:00:00,ESENKENT MH ÇINAR ALTI SK44 ESENKENT MH BİRKISMINA SU VERİLEMEYECEKTİR,ESENKENT MAH
3929,MALTEPE,150 MM ÇAPLI ŞEBEKE HATTI ARIZASI,07/06/2023 11:59:03,07/06/2023 17:00:00,ESENKENT MH İEETT SK . ESKİ ÜSKÜDAR KESİŞİMİ,ESENKENT MAH
3930,MALTEPE,ENERJİ KESİNTİSİ,21/12/2023 08:26:48,21/12/2023 10:30:00,FERHATPAŞA TERFİ,BÜYÜKBAKKALKÖY MAH
3931,MALTEPE,ENERJİ KESİNTİSİ,01/08/2023 23:10:11,02/08/2023 01:00:00,FERHATPAŞA TERFİ MERKEZİ,FINDIKLI MAH
3932,MALTEPE,100 MM ÇAPLI ŞEBEKE HATTI ARIZASI,27/10/2023 13:56:46,27/10/2023 16:00:00,FEYZULLAH MAHALLESİ GÜLAY SOKAK NO/3,FEYZULLAH MAH
3933,MALTEPE,ŞEBEKE HATTI DEZENFEKTE EDİLMESİ,27/10/2023 12:05:19,27/10/2023 13:30:00,FEYZULLAH MAHALLESİ NURAY SOKAK NO 3,FEYZULLAH MAH
3934,MALTEPE,100 MM ÇAPLI ŞEBEKE HATTI ARIZASI,29/12/2023 14:36:59,29/12/2023 16:00:00,FEYZULLAH MAHALLESİ TİMUR SOKAK NO/5,FEYZULLAH MAH
3935,MALTEPE,100 MM ÇAPLI ŞEBEKE HATTI ARIZASI,11/06/2023 11:21:51,11/06/2023 13:00:00,FINDIKLI EVREN CAD.NO122,FINDIKLI MAH
3936,MALTEPE,100 MM ÇAPLI ŞEBEKE HATTI ARIZASI,22/07/2023 17:43:35,22/07/2023 21:00:00,FINDIKLI MAH.HANCIOĞLU CAD.NO:62 PİRİZ ARIZASI,FINDIKLI MAH
3937,MALTEPE,100 MM ÇAPLI ŞEBEKE HATTI ARIZASI,14/11/2023 14:17:29,14/11/2023 16:00:00,FINDIKLI MAHALLESİ  TEKİN SOKAK NO/16,FINDIKLI MAH
3938,MALTEPE,100 MM ÇAPLI ŞEBEKE HATTI ARIZASI,25/11/2023 12:40:15,25/11/2023 14:00:00,FINDIKLI MAHALLESİ BAHÇECİ SOKAK NO/7,FINDIKLI MAH
3939,MALTEPE,150 MM ÇAPLI ŞEBEKE HATTI ARIZASI,19/08/2023 09:35:38,19/08/2023 15:00:00,FINDIKLI MAHALLESİ BAŞIBÜYÜK YOLU CADDESİ NO/1,FINDIKLI MAH
3940,MALTEPE,100 MM ÇAPLI ŞEBEKE HATTI ARIZASI,29/09/2023 15:36:28,29/09/2023 18:00:00,FINDIKLI MAHALLESİ CANDOSTUM SOKAK NO 28,FINDIKLI MAH
3941,MALTEPE,100 MM ÇAPLI ŞEBEKE HATTI ARIZASI,14/08/2023 16:11:53,14/08/2023 19:00:00,FINDIKLI MAHALLESİ CANDOSTUM SOKAK NO/56,FINDIKLI MAH
3942,MALTEPE,100 MM ÇAPLI ŞEBEKE HATTI ARIZASI,21/11/2023 15:51:53,21/11/2023 19:00:00,FINDIKLI MAHALLESİ GÜVEN SOKAK NO 73,FINDIKLI MAH
3943,MALTEPE,100 MM ÇAPLI ŞEBEKE HATTI ARIZASI,22/11/2023 09:55:48,22/11/2023 12:00:00,FINDIKLI MAHALLESİ GÜVEN SOKAK NO 73,FINDIKLI MAH
3944,MALTEPE,100 MM ÇAPLI ŞEBEKE HATTI ARIZASI,07/02/2024 11:58:59,07/02/2024 19:00:00,FINDIKLI MAHALLESİ OKUL SOKAK,FINDIKLI MAH
3945,MALTEPE,100 MM ÇAPLI ŞEBEKE HATTI ARIZASI,20/07/2023 17:31:53,20/07/2023 20:00:00,FINDIKLI MAHALLESİ SARMAŞIK SOKAK NO 39-41,FINDIKLI MAH
3946,MALTEPE,100 MM ÇAPLI ŞEBEKE HATTI ARIZASI,17/05/2023 15:13:45,17/05/2023 17:00:00,FINDIKLI MH MEHMED AKİF ERSOY CD NO/50,FINDIKLI MAH
3947,MALTEPE,100 MM ÇAPLI ŞEBEKE HATTI ARIZASI,19/10/2023 10:45:10,19/10/2023 14:00:00,GIRNE MAHALLESI DOGUSKENT CADDESI NO:68,GİRNE MAH
3948,MALTEPE,400 MM ÇAPLI ANA İSALE HATTI ARIZASI,03/07/2023 15:54:52,03/07/2023 21:00:00,GULSUYU 1 CAZİBE ÇIKIŞI,"ESENKENT MAH,GÜLSUYU MAH,ZÜMRÜTEVLER MAH"
3949,MALTEPE,100 MM ÇAPLI ŞEBEKE HATTI ARIZASI,04/03/2023 14:35:47,04/03/2023 17:00:00,GÜLENSU MAH AVCI SOK NO 61 PRIZ ARIZASINDAN DOLAYI,GÜLENSU MAH
3950,MALTEPE,150 MM ÇAPLI ŞEBEKE HATTI ARIZASI,21/01/2024 11:07:13,21/01/2024 20:00:00,GÜLENSU MAH EMEK SOK BARIŞ CAD KESİŞİMİ,"ESENKENT MAH,GÜLENSU MAH,ZÜMRÜTEVLER MAH"
3951,MALTEPE,100 MM ÇAPLI ŞEBEKE HATTI ARIZASI,29/08/2023 20:14:10,29/08/2023 22:00:00,GÜLENSU MAH ÜÇLER CAD NO.59,GÜLENSU MAH
3952,MALTEPE,100 MM ÇAPLI ŞEBEKE HATTI ARIZASI,30/03/2023 11:47:00,30/03/2023 16:00:00,GÜLENSU MAH. EMEK CD. NO:125,GÜLENSU MAH
3953,MALTEPE,100 MM ÇAPLI ŞEBEKE HATTI ARIZASI,16/11/2023 11:08:39,16/11/2023 18:00:00,GÜLENSU MAHALLESİ  TELSİZLER CAADESİ VE MESUT CADDESİ KESİŞİMİ,GÜLENSU MAH
3954,MALTEPE,100 MM ÇAPLI ŞEBEKE HATTI ARIZASI,15/09/2023 11:10:14,15/09/2023 14:00:00,GÜLENSU MAHALLESİ AKPINAR SOKAK NO /23,GÜLENSU MAH
3955,MALTEPE,100 MM ÇAPLI ŞEBEKE HATTI ARIZASI,25/08/2023 11:48:07,25/08/2023 14:30:00,GÜLENSU MAHALLESİ ESENKÖY SOKAK NO/10,"GÜLENSU MAH,GÜLSUYU MAH"
3956,MALTEPE,100 MM ÇAPLI ŞEBEKE HATTI ARIZASI,09/10/2023 09:58:21,09/10/2023 12:00:00,GÜLENSU MAHALLESİ MEKTEPLİ SOKAK NO/21,GÜLENSU MAH
3957,MALTEPE,100 MM ÇAPLI ŞEBEKE HATTI ARIZASI,22/08/2023 11:58:34,22/08/2023 18:00:00,GÜLENSU MAHALLESİ ÇİFTLİK SOKAK NO/84,"GÜLENSU MAH,GÜLSUYU MAH"
3958,MALTEPE,100 MM ÇAPLI ŞEBEKE HATTI ARIZASI,14/11/2023 09:13:54,14/11/2023 15:00:00,GÜLENSU MAHALLESİ ÇİLEM SOKAK NO/25,GÜLENSU MAH
3959,MALTEPE,100 MM ÇAPLI ŞEBEKE HATTI ARIZASI,14/04/2023 14:25:30,14/04/2023 17:00:00,GÜLENSU MH.ASLAN SK.NO:46,GÜLENSU MAH
3960,MALTEPE,100 MM ÇAPLI ŞEBEKE HATTI ARIZASI,22/12/2023 09:50:13,22/12/2023 14:30:00,GÜLSUYU  MAHALLESİ BÜLBÜLDERESİ SOKAK NO 12,GÜLSUYU MAH
3961,MALTEPE,ENERJİ KESİNTİSİ,08/04/2023 09:08:48,08/04/2023 18:00:00,GÜLSUYU 1,"ESENKENT MAH,GÜLSUYU MAH"
3962,MALTEPE,100 MM ÇAPLI ŞEBEKE HATTI ARIZASI,06/03/2023 10:18:34,06/03/2023 12:00:00,GÜLSUYU MAH. YEŞİLCE SOK. ÜZERİ,GÜLSUYU MAH
3963,MALTEPE,100 MM ÇAPLI ŞEBEKE HATTI ARIZASI,15/08/2023 12:24:38,15/08/2023 16:00:00,GÜLSUYU MAH.ÇİFTLİK SOKAK,GÜLSUYU MAH
3964,MALTEPE,100 MM ÇAPLI ŞEBEKE HATTI ARIZASI,23/10/2023 11:50:47,23/10/2023 15:00:00,GÜLSUYU MAHALLESİ AYLA CADDESİ NO/64,GÜLSUYU MAH
3965,MALTEPE,100 MM ÇAPLI ŞEBEKE HATTI ARIZASI,04/10/2023 12:07:46,04/10/2023 15:30:00,GÜLSUYU MAHALLESİ KELEBEK SOKAK  NO/6,GÜLSUYU MAH
3966,MALTEPE,100 MM ÇAPLI ŞEBEKE HATTI ARIZASI,03/07/2023 10:02:32,03/07/2023 13:30:00,GÜLSUYU MH ERENLER SK19,"GÜLENSU MAH,GÜLSUYU MAH"
3967,MALTEPE,TERFİ  MERKEZİ ARIZASI,10/01/2024 22:04:32,11/01/2024 02:00:00,GÜLSUYU-3 TERFİ,"BAŞIBÜYÜK MAH,GÜLENSU MAH,GÜLSUYU MAH,ZÜMRÜTEVLER MAH"
3968,MALTEPE,ENERJİ KESİNTİSİ,28/09/2023 04:58:53,28/09/2023 07:00:00,GÜLSUYU1 TERFİ,"ESENKENT MAH,GÜLSUYU MAH"
3969,MALTEPE,100 MM ÇAPLI ŞEBEKE HATTI ARIZASI,14/02/2024 12:38:23,14/02/2024 16:00:00,GİRNE MAH ÇİMENLİK SK. NO:3,GİRNE MAH
3970,MALTEPE,150 MM ÇAPLI ŞEBEKE HATTI ARIZASI,07/03/2023 16:20:13,07/03/2023 20:00:00,GİRNE MAH. NARLI DERE CAD. ÜZERİ,GİRNE MAH
3971,MALTEPE,100 MM ÇAPLI ŞEBEKE HATTI ARIZASI,04/10/2023 18:20:54,04/10/2023 20:00:00,GİRNE MAHALLESİ BÜYÜKÇINAR SOKAK NO 20,GİRNE MAH
3972,MALTEPE,100 MM ÇAPLI ŞEBEKE HATTI ARIZASI,06/02/2024 11:48:25,06/02/2024 15:00:00,GİRNE MAHALLESİ ELİFLİ SOKAK,GİRNE MAH
3973,MALTEPE,100 MM ÇAPLI ŞEBEKE HATTI ARIZASI,23/08/2023 11:16:51,23/08/2023 14:30:00,GİRNE MAHALLESİ GİRNE CADDESİ DEVRİŞ BEY SİTESİ,GİRNE MAH
3974,MALTEPE,100 MM ÇAPLI ŞEBEKE HATTI ARIZASI,19/07/2023 19:18:40,19/07/2023 21:00:00,GİRNE MAHALLESİ NARLIDERE CADDESİ NO 71,GİRNE MAH
3975,MALTEPE,100 MM ÇAPLI ŞEBEKE HATTI ARIZASI,27/03/2023 15:28:06,27/03/2023 18:00:00,GİRNE MH   ÇIMENLI SK,GİRNE MAH
3976,MALTEPE,ŞEBEKE HATTI DEPLASE ÇALIŞMASI,20/03/2023 10:39:55,20/03/2023 19:00:00,GİRNE MH  KUMSAL SK,GİRNE MAH
3977,MALTEPE,150 MM ÇAPLI ŞEBEKE HATTI ARIZASI,28/12/2023 10:04:34,28/12/2023 15:00:00,KÜÇÜKYALI MAHALLESİ GÜVEN SOKAK NO/8,"ALTINTEPE MAH,AYDINEVLER MAH,KÜÇÜKYALI MERKEZ MAH"
3978,MALTEPE,100 MM ÇAPLI ŞEBEKE HATTI ARIZASI,25/06/2023 13:09:11,25/06/2023 15:00:00,KÜÇÜKYALI MERKEZ MAH. KILIÇ ASLAN SK. NO:15,"ALTINTEPE MAH,KÜÇÜKYALI MERKEZ MAH"
3979,MALTEPE,100 MM ÇAPLI ŞEBEKE HATTI ARIZASI,25/10/2023 10:34:12,25/10/2023 19:00:00,KÜÇÜKYALI MERKEZ MAHALLESİ ITRİ ÇIKMAZI SOKAK,"KÜÇÜKYALI MERKEZ MAH,ÇINAR MAH,İDEALTEPE MAH"
3980,MALTEPE,100 MM ÇAPLI ŞEBEKE HATTI ARIZASI,16/05/2023 19:13:03,16/05/2023 21:00:00,KÜÇÜKYALI MH MEKTEP CD56,"KÜÇÜKYALI MERKEZ MAH,ÇINAR MAH"
3981,MALTEPE,800 MM ÇAPLI ANA İSALE HATTI ARIZASI,19/06/2023 22:04:11,20/06/2023 04:00:00,MALTEPE - KEMALBEY CAD,"ALTAYÇEŞME MAH,BAĞLARBAŞI MAH,CEVİZLİ MAH,FEYZULLAH MAH,YALI MAH"
3982,MALTEPE,150 MM ÇAPLI ŞEBEKE HATTI ARIZASI,13/06/2023 13:28:13,13/06/2023 20:00:00,MALTEPE ESENKENT MAH.İETT SOK.,ESENKENT MAH
3983,MALTEPE,100 MM ÇAPLI ŞEBEKE HATTI ARIZASI,17/07/2023 15:18:17,17/07/2023 19:00:00,MALTEPE ZÜMRÜTEVLER MAHALLESİ TÜLİN CADDESİ NO 19,ZÜMRÜTEVLER MAH
3984,MALTEPE,ENERJİ KESİNTİSİ,13/10/2023 09:47:51,13/10/2023 18:00:00,MAĞARATEPE TERFİ,BAŞIBÜYÜK MAH
3985,MALTEPE,100 MM ÇAPLI ŞEBEKE HATTI ARIZASI,15/12/2023 09:47:53,15/12/2023 12:29:00,ORHANTEPE MAHALLESİ ALASKA SOKAK NO 2,YALI MAH
3986,MALTEPE,200 MM ÇAPLI ŞEBEKE HATTI ARIZASI,12/12/2023 15:30:23,12/12/2023 22:00:00,ORHANTEPE MAHALLESİ ORHANGAZİ CD VE GÜL SOKAK KESİŞİMİ,YALI MAH
3987,MALTEPE,1200 MM ÇAPLI ANA İSALE HATTI ARIZASI,22/01/2024 13:22:51,23/01/2024 02:00:00,PENDİK KARTAL,YALI MAH
3988,MALTEPE,600 MM ÇAPLI  ANA İSALE HATTI ARIZASI,23/11/2023 14:38:26,23/11/2023 20:00:00,SAMANDIRA DEPO,BÜYÜKBAKKALKÖY MAH
3989,MALTEPE,200 MM ÇAPLI ŞEBEKE HATTI ARIZASI,17/02/2024 16:00:58,17/02/2024 21:00:00,YALI MAH.FEVZIÇAKMAK CD. NO:63,YALI MAH
3990,MALTEPE,100 MM ÇAPLI ŞEBEKE HATTI ARIZASI,02/11/2023 10:47:53,02/11/2023 14:30:00,YALI MAHALLESI RIHTIM CADDESI NO 1,YALI MAH
3991,MALTEPE,100 MM ÇAPLI ŞEBEKE HATTI ARIZASI,16/02/2024 16:29:31,16/02/2024 18:15:00,YALI MAHALLESİ İSKELE CADDESİ NO 12,YALI MAH
3992,MALTEPE,100 MM ÇAPLI ŞEBEKE HATTI ARIZASI,17/04/2023 10:55:18,17/04/2023 14:00:00,YALI MH GÖZDE SK5,YALI MAH
3993,MALTEPE,100 MM ÇAPLI ŞEBEKE HATTI ARIZASI,07/09/2023 00:00:46,07/09/2023 11:00:00,ZÜMRÜTEVLER MAH EMEK CD NO:9,ZÜMRÜTEVLER MAH
3994,MALTEPE,100 MM ÇAPLI ŞEBEKE HATTI ARIZASI,06/03/2023 11:44:55,06/03/2023 14:00:00,ZÜMRÜTEVLER MAH. AYDEMİR SOK. ÜZERİ,ZÜMRÜTEVLER MAH
3995,MALTEPE,150 MM ÇAPLI ŞEBEKE HATTI ARIZASI,28/06/2023 16:16:47,28/06/2023 18:00:00,ZÜMRÜTEVLER MAH.ESKIÜSKÜDAR CD. ILE KESKIN SK KESIŞIMI,ZÜMRÜTEVLER MAH
3996,MALTEPE,100 MM ÇAPLI ŞEBEKE HATTI ARIZASI,08/08/2023 11:51:56,08/08/2023 16:00:00,ZÜMRÜTEVLER MAHALLESİ ADATEPE CADDESİ VE ANIL SOKAK KESİŞİMİ,"GİRNE MAH,ZÜMRÜTEVLER MAH"
3997,MALTEPE,100 MM ÇAPLI ŞEBEKE HATTI ARIZASI,19/12/2023 12:31:58,19/12/2023 17:00:00,ZÜMRÜTEVLER MAHALLESİ AYDEMİR SOKAK NO/12,ZÜMRÜTEVLER MAH
3998,MALTEPE,100 MM ÇAPLI ŞEBEKE HATTI ARIZASI,31/07/2023 10:24:29,31/07/2023 13:00:00,ZÜMRÜTEVLER MAHALLESİ AŞIROĞLU SOKAK NO/27,ZÜMRÜTEVLER MAH
3999,MALTEPE,100 MM ÇAPLI ŞEBEKE HATTI ARIZASI,13/10/2023 09:42:41,13/10/2023 11:30:00,ZÜMRÜTEVLER MAHALLESİ BARIŞ SOKAK NO/10,ZÜMRÜTEVLER MAH
4000,MALTEPE,100 MM ÇAPLI ŞEBEKE HATTI ARIZASI,14/11/2023 10:27:23,14/11/2023 12:30:00,ZÜMRÜTEVLER MAHALLESİ CANAN SOKAK NO 99,ZÜMRÜTEVLER MAH
4001,MALTEPE,100 MM ÇAPLI ŞEBEKE HATTI ARIZASI,06/10/2023 09:30:52,06/10/2023 14:30:00,ZÜMRÜTEVLER MAHALLESİ CANAY SOKAK NO 84 86,ZÜMRÜTEVLER MAH
4002,MALTEPE,100 MM ÇAPLI ŞEBEKE HATTI ARIZASI,13/12/2023 15:14:07,13/12/2023 18:00:00,ZÜMRÜTEVLER MAHALLESİ CANAY SOKAK NO/83,ZÜMRÜTEVLER MAH
4003,MALTEPE,100 MM ÇAPLI ŞEBEKE HATTI ARIZASI,12/09/2023 14:39:10,12/09/2023 17:00:00,ZÜMRÜTEVLER MAHALLESİ CANDAN SOKAK NO/39,ZÜMRÜTEVLER MAH
4004,MALTEPE,100 MM ÇAPLI ŞEBEKE HATTI ARIZASI,27/11/2023 10:49:03,27/11/2023 14:00:00,ZÜMRÜTEVLER MAHALLESİ CANSEV SOKAK NO 1,ZÜMRÜTEVLER MAH
4005,MALTEPE,100 MM ÇAPLI ŞEBEKE HATTI ARIZASI,08/11/2023 09:48:26,08/11/2023 14:00:00,ZÜMRÜTEVLER MAHALLESİ CANSU SOKAK NO/31,ZÜMRÜTEVLER MAH
4006,MALTEPE,100 MM ÇAPLI ŞEBEKE HATTI ARIZASI,06/12/2023 16:47:50,06/12/2023 19:30:00,ZÜMRÜTEVLER MAHALLESİ CÜNEYT SOKAK NO 87,ZÜMRÜTEVLER MAH
4007,MALTEPE,100 MM ÇAPLI ŞEBEKE HATTI ARIZASI,15/09/2023 11:57:26,15/09/2023 19:00:00,ZÜMRÜTEVLER MAHALLESİ CÜNEYT SOKAK NO/67,ZÜMRÜTEVLER MAH
4008,MALTEPE,100 MM ÇAPLI ŞEBEKE HATTI ARIZASI,17/01/2024 15:29:56,17/01/2024 20:00:00,ZÜMRÜTEVLER MAHALLESİ CÜNEYT SOKAK NO/84,ZÜMRÜTEVLER MAH
4009,MALTEPE,150 MM ÇAPLI ŞEBEKE HATTI ARIZASI,01/11/2023 11:10:20,01/11/2023 17:00:00,ZÜMRÜTEVLER MAHALLESİ ESKİ ÜSKÜDAR CADDESİ VE  VURAL SOKAŞİMK KESİİ,ZÜMRÜTEVLER MAH
4010,MALTEPE,100 MM ÇAPLI ŞEBEKE HATTI ARIZASI,18/01/2024 05:34:00,18/01/2024 12:00:00,ZÜMRÜTEVLER MH CÜNEYT SK ÜZERI,ZÜMRÜTEVLER MAH
4011,MALTEPE,100 MM ÇAPLI ŞEBEKE HATTI ARIZASI,15/03/2023 14:24:55,15/03/2023 18:00:00,ZÜMRÜTEVLER MH.ZÜBEYDE HANIM SK:13,"GİRNE MAH,ZÜMRÜTEVLER MAH"
4012,MALTEPE,100 MM ÇAPLI ŞEBEKE HATTI ARIZASI,13/11/2023 09:36:39,13/11/2023 13:00:00,ZÜMRÜTEVLER VİŞNE SOKAK,ZÜMRÜTEVLER MAH
4013,MALTEPE,100 MM ÇAPLI ŞEBEKE HATTI ARIZASI,11/03/2023 15:53:31,11/03/2023 18:00:00,ZÜMRÜTLER MAH. AYDINLIK SOKAK NO 6,ZÜMRÜTEVLER MAH
4014,MALTEPE,100 MM ÇAPLI ŞEBEKE HATTI ARIZASI,24/09/2023 11:31:07,24/09/2023 15:00:00,ÇINAR MAH SAKIZLI SOK NO 7,"ÇINAR MAH,İDEALTEPE MAH"
4015,MALTEPE,100 MM ÇAPLI ŞEBEKE HATTI ARIZASI,10/07/2023 10:57:56,10/07/2023 14:00:00,ÇINAR MAHALLESI ADNAN KAHVECI CADDESI NO26,"ÇINAR MAH,İDEALTEPE MAH"
4016,MALTEPE,100 MM ÇAPLI ŞEBEKE HATTI ARIZASI,21/11/2023 10:31:51,21/11/2023 12:00:00,ÇINAR MAHALLESİ BAHRİYELİ SOKAK NO 5,"ÇINAR MAH,ÇINAR MAH"
4017,MALTEPE,150 MM ÇAPLI ŞEBEKE HATTI ARIZASI,01/09/2023 14:45:03,01/09/2023 18:00:00,ÇINAR MAHALLESİ BAĞDAT CADDESİ NO/181,"ÇINAR MAH,İDEALTEPE MAH"
4018,MALTEPE,100 MM ÇAPLI ŞEBEKE HATTI ARIZASI,04/09/2023 12:10:14,04/09/2023 18:00:00,ÇINAR MAHALLESİ BAĞDAT CADDESİ NO/191,"ÇINAR MAH,İDEALTEPE MAH"
4019,MALTEPE,100 MM ÇAPLI ŞEBEKE HATTI ARIZASI,15/02/2024 11:37:34,15/02/2024 15:30:00,ÇINAR MAHALLESİ KADİRHAS CADDESİ NO/3,"ÇINAR MAH,İDEALTEPE MAH"
4020,MALTEPE,100 MM ÇAPLI ŞEBEKE HATTI ARIZASI,21/07/2023 10:12:19,21/07/2023 12:00:00,ÇINAR MAHALLESİ MİĞFERLİ SOKAK NO 8,ÇINAR MAH
4021,MALTEPE,100 MM ÇAPLI ŞEBEKE HATTI ARIZASI,17/07/2023 13:38:35,17/07/2023 20:00:00,ÇINAR MAHALLESİ YEŞİLTEPE SOKAK NO/38,ÇINAR MAH
4022,MALTEPE,100 MM ÇAPLI ŞEBEKE HATTI ARIZASI,21/12/2023 09:34:04,21/12/2023 16:00:00,ÇINAR MAHALLESİ İDEALTEPE MAHALLESİ,"ÇINAR MAH,İDEALTEPE MAH"
4023,MALTEPE,100 MM ÇAPLI ŞEBEKE HATTI ARIZASI,07/09/2023 15:36:28,07/09/2023 19:00:00,ÇINAR MAHALLESİ ŞİRİN SOKAK NO 12,"ÇINAR MAH,İDEALTEPE MAH"
4024,MALTEPE,100 MM ÇAPLI ŞEBEKE HATTI ARIZASI,11/09/2023 14:46:58,11/09/2023 17:30:00,ÇINAR MAHALLESİ ŞİRİN SOKAK NO/10,"ÇINAR MAH,İDEALTEPE MAH"
4025,MALTEPE,100 MM ÇAPLI ŞEBEKE HATTI ARIZASI,22/05/2023 11:51:55,22/05/2023 17:00:00,"ÇINAR MH BAĞDAT CD, 195","ÇINAR MAH,İDEALTEPE MAH"
4026,MALTEPE,150 MM ÇAPLI ŞEBEKE HATTI ARIZASI,31/05/2023 13:34:08,31/05/2023 20:00:00,ÇINAR MH KADİR HAS CD 43,"ÇINAR MAH,İDEALTEPE MAH"
4027,MALTEPE,100 MM ÇAPLI ŞEBEKE HATTI ARIZASI,23/05/2023 08:31:43,23/05/2023 13:00:00,ÇINAR MH İDAALTEPE   13NUMARA,"ÇINAR MAH,İDEALTEPE MAH"
4028,MALTEPE,100 MM ÇAPLI ŞEBEKE HATTI ARIZASI,03/08/2023 18:53:25,03/08/2023 22:00:00,İDEALTEPE MAH NAMIK KEMAL CAD NO.85,İDEALTEPE MAH
4029,MALTEPE,100 MM ÇAPLI ŞEBEKE HATTI ARIZASI,06/07/2023 11:24:23,06/07/2023 14:00:00,İDEALTEPE MAHALLESI DAĞ ÇIÇEĞI SOKAK MALTEPE,İDEALTEPE MAH
4030,MALTEPE,100 MM ÇAPLI ŞEBEKE HATTI ARIZASI,08/09/2023 10:33:43,08/09/2023 17:45:00,İDEALTEPE MAHALLESİ ALİ RIZA ÇEVİK SK NO 15,"ÇINAR MAH,İDEALTEPE MAH"
4031,MALTEPE,100 MM ÇAPLI ŞEBEKE HATTI ARIZASI,12/12/2023 16:08:19,12/12/2023 18:00:00,İDEALTEPE MAHALLESİ BAĞDAT CADDESİ NO 263,"ÇINAR MAH,İDEALTEPE MAH"
4032,MALTEPE,100 MM ÇAPLI ŞEBEKE HATTI ARIZASI,25/07/2023 10:22:29,25/07/2023 12:30:00,İDEALTEPE MAHALLESİ MENEKŞE SOKAKNO/5 ERAY KENT SİTESİ,İDEALTEPE MAH
4033,PENDİK,100 MM ÇAPLI ŞEBEKE HATTI ARIZASI,02/08/2023 10:26:25,02/08/2023 12:30:00,AHMET YESEVI  MAH. DUMAN SK NO:5,AHMET YESEVİ MAH
4034,PENDİK,100 MM ÇAPLI ŞEBEKE HATTI ARIZASI,15/09/2023 11:10:24,15/09/2023 13:00:00,AHMET YESEVİ MAH KAMBER SK.,AHMET YESEVİ MAH
4035,PENDİK,100 MM ÇAPLI ŞEBEKE HATTI ARIZASI,31/07/2023 13:15:14,31/07/2023 16:30:00,AHMET YESEVİ MAH.MİHENK VE VAZİFE SOK.KESİŞİMİ,AHMET YESEVİ MAH
4036,PENDİK,150 MM ÇAPLI ŞEBEKE HATTI ARIZASI,13/03/2023 13:43:44,13/03/2023 17:00:00,AHMETYESEVI MAH FASİKÜL SOKAK ÜZERI,AHMET YESEVİ MAH
4037,PENDİK,ŞEBEKE HATTI VANA MONTAJI/DEĞİŞİMİ,14/12/2023 10:47:53,14/12/2023 14:00:00,AHMETYESEVI MAH KAR SOK İLE İMAM I AZMAM CD KESİŞİMİ,"AHMET YESEVİ MAH,ESENYALI MAH,FATİH MAH,ORHANGAZİ MAH"
4038,PENDİK,100 MM ÇAPLI ŞEBEKE HATTI ARIZASI,27/11/2023 10:36:27,27/11/2023 14:00:00,AHMETYESEVI MAH. ÇARDAK SK ILE ÖZGECAN SK KESIŞIMI,AHMET YESEVİ MAH
4039,PENDİK,100 MM ÇAPLI ŞEBEKE HATTI ARIZASI,21/11/2023 17:10:56,21/11/2023 18:30:00,B.EVLER MAH. KIZILILMA SK 1/C,BAHÇELİEVLER MAH
4040,PENDİK,100 MM ÇAPLI ŞEBEKE HATTI ARIZASI,23/02/2023 15:07:52,23/02/2023 17:00:00,BAHÇELİEVLER MAH BELEDİYE SOKAK GİRİŞİ,BAHÇELİEVLER MAH
4041,PENDİK,100 MM ÇAPLI ŞEBEKE HATTI ARIZASI,18/08/2023 16:10:59,18/08/2023 18:00:00,BAHÇELİEVLER MAH İLHAMİ SOYSAL BULVARI NO.25,BAHÇELİEVLER MAH
4042,PENDİK,100 MM ÇAPLI ŞEBEKE HATTI ARIZASI,23/09/2023 11:46:07,23/09/2023 15:00:00,BAHÇELİEVLER MAH..,BAHÇELİEVLER MAH
4043,PENDİK,100 MM ÇAPLI ŞEBEKE HATTI ARIZASI,11/08/2023 11:01:35,11/08/2023 14:00:00,BALLICA MAH SOKULLU CAD NO:61,BALLICA MAH
4044,PENDİK,100 MM ÇAPLI ŞEBEKE HATTI ARIZASI,28/04/2023 09:47:28,28/04/2023 12:00:00,BATI MAH KADIFE SOK GIRIŞI,"BATI MAH,DOĞU MAH"
4045,PENDİK,100 MM ÇAPLI ŞEBEKE HATTI ARIZASI,08/08/2023 16:46:35,08/08/2023 19:30:00,BATI MAH. DR ORHAN MALTEPE CD NO :31,"BATI MAH,DOĞU MAH"
4046,PENDİK,ENERJİ KESİNTİSİ,26/08/2023 03:10:02,26/08/2023 05:00:00,DOLAYOBA TERFİ,"DUMLUPINAR MAH,GÜLLÜ BAĞLAR MAH,ORTA MAH,VELİBABA MAH,YAYALAR MAH,ÇINARDERE MAH"
4047,PENDİK,500 MM ÇAPLI ANA İSALE HATTI ARIZASI,03/09/2023 02:10:33,04/09/2023 14:00:00,DOLAYOBA TERFİ ÇIKIŞI 500 MM İSALE HATTI ARIZASI,"DUMLUPINAR MAH,GÜLLÜ BAĞLAR MAH,ORTA MAH,VELİBABA MAH,YAYALAR MAH,ÇINARDERE MAH"
4048,PENDİK,100 MM ÇAPLI ŞEBEKE HATTI ARIZASI,12/01/2024 14:09:07,12/01/2024 16:00:00,DOĞU MAH AYDINLI YOLU CAD,"DOĞU MAH,KAYNARCA MAH"
4049,PENDİK,100 MM ÇAPLI ŞEBEKE HATTI ARIZASI,25/12/2023 12:02:23,25/12/2023 14:00:00,DOĞU MAH TAZEGÜL SK,DOĞU MAH
4050,PENDİK,100 MM ÇAPLI ŞEBEKE HATTI ARIZASI,25/12/2023 16:37:13,25/12/2023 19:00:00,DOĞU MAH TEZEGÜL SOK,DOĞU MAH
4051,PENDİK,100 MM ÇAPLI ŞEBEKE HATTI ARIZASI,18/11/2023 20:59:29,18/11/2023 23:30:00,DOĞU MAH UFUK SK,"DOĞU MAH,KAYNARCA MAH"
4052,PENDİK,100 MM ÇAPLI ŞEBEKE HATTI ARIZASI,11/07/2023 19:59:54,11/07/2023 22:00:00,DOĞU MAH. DEMOKRASİ CAD.,"BATI MAH,DOĞU MAH"
4053,PENDİK,150 MM ÇAPLI ŞEBEKE HATTI ARIZASI,14/02/2024 14:53:30,14/02/2024 22:00:00,DOĞUMAH SELVİ SOKAK ÜZERİ,DOĞU MAH
4054,PENDİK,100 MM ÇAPLI ŞEBEKE HATTI ARIZASI,10/01/2024 13:04:40,10/01/2024 15:30:00,DUMLUPINAR ATMACA SK NO:14,"DUMLUPINAR MAH,FEVZİ ÇAKMAK MAH,ORTA MAH,VELİBABA MAH,ÇINARDERE MAH"
4055,PENDİK,100 MM ÇAPLI ŞEBEKE HATTI ARIZASI,24/05/2023 11:26:13,24/05/2023 14:30:00,DUMLUPINAR MAH.,"DUMLUPINAR MAH,ORTA MAH,ÇINARDERE MAH"
4056,PENDİK,100 MM ÇAPLI ŞEBEKE HATTI ARIZASI,26/12/2023 12:16:06,26/12/2023 15:30:00,DUMLUPINAR MAH.ERCİYES SK NO:48,"DUMLUPINAR MAH,FEVZİ ÇAKMAK MAH,ORTA MAH,VELİBABA MAH,ÇINARDERE MAH"
4057,PENDİK,100 MM ÇAPLI ŞEBEKE HATTI ARIZASI,10/05/2023 18:47:05,10/05/2023 22:00:00,DUMLUPINAR MAH.ERCİYES SOKAK,"DUMLUPINAR MAH,FEVZİ ÇAKMAK MAH,ORTA MAH,VELİBABA MAH,ÇINARDERE MAH"
4058,PENDİK,100 MM ÇAPLI ŞEBEKE HATTI ARIZASI,23/05/2023 16:29:09,23/05/2023 21:30:00,EMIRLI MAH ÇITLEYEN SOKAKGIRIŞI,EMİRLİ MAH
4059,PENDİK,ŞEBEKE HATTI BRANŞMAN BAĞLANTISI,11/07/2023 14:52:53,11/07/2023 18:00:00,EMİRLİ MAH.AYVALI SOKAK,EMİRLİ MAH
4060,PENDİK,100 MM ÇAPLI ŞEBEKE HATTI ARIZASI,19/12/2023 13:16:49,19/12/2023 15:30:00,ERTUĞRULGAZİ MAH AYDOS CAD NO.147,"ERTUĞRUL GAZİ MAH.,SÜLÜNTEPE MAH,VELİBABA MAH,ÇINARDERE MAH"
4061,PENDİK,ŞEBEKE HATTI VANA MONTAJI/DEĞİŞİMİ,21/11/2023 10:12:48,21/11/2023 17:00:00,ERTUĞRULGAZİ MAH NİZAMİ SOK,"ERTUĞRUL GAZİ MAH.,SÜLÜNTEPE MAH,VELİBABA MAH,ÇINARDERE MAH"
4062,PENDİK,100 MM ÇAPLI ŞEBEKE HATTI ARIZASI,06/02/2024 15:37:20,06/02/2024 18:00:00,ESENLER /SÜLEYMANOĞLU CADDESİ,ESENLER MAH
4063,PENDİK,100 MM ÇAPLI ŞEBEKE HATTI ARIZASI,21/03/2023 09:04:41,21/03/2023 11:00:00,ESENLER MAH  NOSTALJİ  SOKAK,ESENLER MAH
4064,PENDİK,100 MM ÇAPLI ŞEBEKE HATTI ARIZASI,21/05/2023 15:29:31,21/05/2023 18:30:00,ESENLER MAH.MİSAKİ MİLLİ CAD.TESBİH SOK. KESİŞİMİ,"ESENLER MAH,FEVZİ ÇAKMAK MAH,ÇAMÇEŞME MAH"
4065,PENDİK,100 MM ÇAPLI ŞEBEKE HATTI ARIZASI,10/08/2023 11:44:12,10/08/2023 14:00:00,ESENYALI MAH SARENDER SK NO.19,ESENYALI MAH
4066,PENDİK,100 MM ÇAPLI ŞEBEKE HATTI ARIZASI,30/09/2023 13:01:48,30/09/2023 16:00:00,FATİH MAH İMAMIAZAM CAD NO.57,"ESENYALI MAH,FATİH MAH,ORHANGAZİ MAH"
4067,PENDİK,100 MM ÇAPLI ŞEBEKE HATTI ARIZASI,20/02/2023 11:33:48,20/02/2023 13:30:00,FATİH MAH.ELA SOKAK NO:5,"ESENYALI MAH,FATİH MAH"
4068,PENDİK,150 MM ÇAPLI ŞEBEKE HATTI ARIZASI,20/10/2023 14:15:26,20/10/2023 19:00:00,FEVZIÇAKMAK MAH TEVIFIK ILERI CAD ÜZERI METRO ŞANTIYESI,"FEVZİ ÇAKMAK MAH,ÇAMÇEŞME MAH"
4069,PENDİK,300 MM ÇAPLI ŞEBEKE HATTI ARIZASI,03/11/2023 09:41:22,03/11/2023 17:00:00,FEVZIÇAKMAK MAH TEVIFIK ILERI CAD ÜZERI METRO ŞANTIYESI,"ESENLER MAH,FEVZİ ÇAKMAK MAH,ÇAMÇEŞME MAH"
4070,PENDİK,ŞEBEKE HATTI VANA MONTAJI/DEĞİŞİMİ,03/11/2023 14:33:10,03/11/2023 17:00:00,FEVZIÇAKMAK MAH TEVIFIK ILERI CAD ÜZERI METRO ŞANTIYESI,"FEVZİ ÇAKMAK MAH,FEVZİ ÇAKMAK MAH"
4071,PENDİK,100 MM ÇAPLI ŞEBEKE HATTI ARIZASI,05/09/2023 11:19:06,05/09/2023 13:30:00,FEVZİ ÇAKMAK  MAH.ERZİNCAN CAD. NO:4,"FEVZİ ÇAKMAK MAH,ÇAMÇEŞME MAH"
4072,PENDİK,100 MM ÇAPLI ŞEBEKE HATTI ARIZASI,17/01/2024 14:16:22,17/01/2024 16:00:00,FEVZİ ÇAKMAK  MAH.MAGOSA SK NO:15,"FEVZİ ÇAKMAK MAH,ÇAMÇEŞME MAH"
4073,PENDİK,100 MM ÇAPLI ŞEBEKE HATTI ARIZASI,01/11/2023 17:18:54,01/11/2023 20:30:00,FEVZİ ÇAKMAK  MAH.TEVFİK İLERİ CAD.NO:129,"ESENLER MAH,FEVZİ ÇAKMAK MAH,ÇAMÇEŞME MAH"
4074,PENDİK,100 MM ÇAPLI ŞEBEKE HATTI ARIZASI,10/06/2023 10:28:25,10/06/2023 13:30:00,FEVZİ ÇAKMAK MAH. SERİN SOK.NO:30,"ESENLER MAH,FEVZİ ÇAKMAK MAH,ÇAMÇEŞME MAH"
4075,PENDİK,100 MM ÇAPLI ŞEBEKE HATTI ARIZASI,10/10/2023 08:58:29,10/10/2023 11:00:00,FEVZİÇAKMAK MAH MİMARSİNAN CAD,"FEVZİ ÇAKMAK MAH,ÇAMÇEŞME MAH"
4076,PENDİK,150 MM ÇAPLI ŞEBEKE HATTI ARIZASI,01/11/2023 09:24:14,01/11/2023 17:00:00,FEVZİÇAKMAK MAH TEVİFİK İLERİ CAD ÜZERİ,"ESENLER MAH,FEVZİ ÇAKMAK MAH,ÇAMÇEŞME MAH"
4077,PENDİK,100 MM ÇAPLI ŞEBEKE HATTI ARIZASI,22/02/2023 10:37:45,22/02/2023 14:00:00,GÖÇBEYLİ  MAH DİYALOG SOK,GÖÇBEYLİ MAH
4078,PENDİK,100 MM ÇAPLI ŞEBEKE HATTI ARIZASI,02/05/2023 15:23:01,02/05/2023 16:30:00,GÖÇBEYLİ HİSSEDAR SOKAK  NO:78,GÖÇBEYLİ MAH
4079,PENDİK,100 MM ÇAPLI ŞEBEKE HATTI ARIZASI,07/10/2023 16:07:41,07/10/2023 17:00:00,GÖÇBEYLİ MAH TARIM SK,GÖÇBEYLİ MAH
4080,PENDİK,100 MM ÇAPLI ŞEBEKE HATTI ARIZASI,10/10/2023 14:49:53,10/10/2023 18:00:00,GÜLLÜBAĞLAR MAH YAYLA SK,GÜLLÜ BAĞLAR MAH
4081,PENDİK,100 MM ÇAPLI ŞEBEKE HATTI ARIZASI,12/05/2023 13:52:47,12/05/2023 17:00:00,GÜZELYALI  MAH.SICAK SOK.KARAPINAR CAD.KESİŞİMİ.,"AHMET YESEVİ MAH,ESENYALI MAH,FATİH MAH,GÜZELYALI MAH,ORHANGAZİ MAH"
4082,PENDİK,100 MM ÇAPLI ŞEBEKE HATTI ARIZASI,02/04/2023 10:19:31,02/04/2023 12:30:00,GÜZELYALI MAH YAVUZ SELIM CAD NO 2 ÖNÜ,GÜZELYALI MAH
4083,PENDİK,200 MM ÇAPLI ŞEBEKE HATTI ARIZASI,12/01/2024 12:18:29,12/01/2024 15:00:00,HARMANDERE MAH REYHAN CAD NO.60,HARMANDERE MAH
4084,PENDİK,100 MM ÇAPLI ŞEBEKE HATTI ARIZASI,18/01/2024 14:49:53,18/01/2024 22:00:00,HARMANDERE MAH. REYHAN CD NO:60,"HARMANDERE MAH,YENİŞEHİR MAH."
4085,PENDİK,250 MM ÇAPLI ŞEBEKE HATTI ARIZASI,30/12/2023 10:52:56,30/12/2023 14:00:00,HARMANDERE MAH.DEDPAŞA CAD.,HARMANDERE MAH
4086,PENDİK,ŞEBEKE HATTI VANA ARIZASI,10/06/2023 16:56:50,10/06/2023 21:00:00,HARMANDERE MAH.REYHAN CAD.NO:54,"HARMANDERE MAH,YENİŞEHİR MAH."
4087,PENDİK,250 MM ÇAPLI ŞEBEKE HATTI ARIZASI,30/12/2023 14:46:41,30/12/2023 19:00:00,HARMANDERE MAH.REYHAN CAD.İ.B.B SPOR KOMPLEKSİ KARŞISI,"HARMANDERE MAH,YENİŞEHİR MAH."
4088,PENDİK,200 MM ÇAPLI ŞEBEKE HATTI ARIZASI,31/12/2023 10:43:16,31/12/2023 14:00:00,HARMANDERE REYHAN CAD ILE CEMRE SOKAK KESIŞIMI,HARMANDERE MAH
4089,PENDİK,ŞEBEKE HATTI BRANŞMAN BAĞLANTISI,19/07/2023 14:28:16,19/07/2023 19:00:00,HARMANDERE İHLARA VADİ SOK ÜZERİ,"HARMANDERE MAH,YENİŞEHİR MAH."
4090,PENDİK,100 MM ÇAPLI ŞEBEKE HATTI ARIZASI,21/07/2023 17:30:11,21/07/2023 20:30:00,KAVAKPINAR BARUTÇU SK.BAKAN SK KESIŞIMI,KAVAKPINAR MAH
4091,PENDİK,150 MM ÇAPLI ŞEBEKE HATTI ARIZASI,08/08/2023 12:27:53,08/08/2023 16:00:00,KAVAKPINAR MAH ABDİİPEKÇİ  CAD NO.19,KAVAKPINAR MAH
4092,PENDİK,100 MM ÇAPLI ŞEBEKE HATTI ARIZASI,28/08/2023 12:28:29,28/08/2023 15:30:00,KAVAKPINAR MAH KUŞBURUNU SOKAK SONU İNŞAAT SAHASI,KAVAKPINAR MAH
4093,PENDİK,100 MM ÇAPLI ŞEBEKE HATTI ARIZASI,19/12/2023 10:54:07,19/12/2023 13:00:00,KAVAKPINAR MAH SOSYAL SK,KAVAKPINAR MAH
4094,PENDİK,100 MM ÇAPLI ŞEBEKE HATTI ARIZASI,01/07/2023 12:24:56,01/07/2023 15:30:00,KAVAKPINAR MAH TUTKU SOKAK,KAVAKPINAR MAH
4095,PENDİK,100 MM ÇAPLI ŞEBEKE HATTI ARIZASI,07/11/2023 11:24:41,07/11/2023 16:00:00,KAVAKPINAR MAH YAYLAK SK NO.1,KAVAKPINAR MAH
4096,PENDİK,100 MM ÇAPLI ŞEBEKE HATTI ARIZASI,01/09/2023 17:15:25,01/09/2023 18:30:00,KAVAKPINAR MAH YILDIZÇİÇEĞİ NO:43,KAVAKPINAR MAH
4097,PENDİK,100 MM ÇAPLI ŞEBEKE HATTI ARIZASI,07/08/2023 22:39:32,08/08/2023 03:30:00,KAVAKPINAR MAH. ABDIIPEKCI CD. NO 19,KAVAKPINAR MAH
4098,PENDİK,100 MM ÇAPLI ŞEBEKE HATTI ARIZASI,18/12/2023 14:36:36,18/12/2023 17:30:00,KAVAKPINAR MAH. IZCI SK NO:20 ÖNÜ,KAVAKPINAR MAH
4099,PENDİK,100 MM ÇAPLI ŞEBEKE HATTI ARIZASI,23/02/2023 17:54:35,24/02/2023 01:00:00,KAVAKPINAR MAH.BİRADER SK.NO:30,KAVAKPINAR MAH
4100,PENDİK,100 MM ÇAPLI ŞEBEKE HATTI ARIZASI,20/01/2024 10:15:34,20/01/2024 13:30:00,KAVAKPINAR MAH.MİSAKİ MİLLİ CAD.CEMİL MERİÇ CAD.KESİŞİMİ,KAVAKPINAR MAH
4101,PENDİK,100 MM ÇAPLI ŞEBEKE HATTI ARIZASI,26/11/2023 13:16:19,26/11/2023 15:30:00,KAVAKPINAR MH KEMER CD NO35 ÖNÜ,KAVAKPINAR MAH
4102,PENDİK,100 MM ÇAPLI ŞEBEKE HATTI ARIZASI,29/07/2023 15:52:55,29/07/2023 18:30:00,KAVAKPINAR TUTKU SK ÜZERİ,KAVAKPINAR MAH
4103,PENDİK,100 MM ÇAPLI ŞEBEKE HATTI ARIZASI,16/03/2023 10:16:43,16/03/2023 12:30:00,KAVAKPIONAR MAH DEMET SOK,KAVAKPINAR MAH
4104,PENDİK,100 MM ÇAPLI ŞEBEKE HATTI ARIZASI,21/02/2023 11:02:25,21/02/2023 14:00:00,KAVAKPIONAR MAH KASIM SOK NO:14 ÖNÜ,KAVAKPINAR MAH
4105,PENDİK,100 MM ÇAPLI ŞEBEKE HATTI ARIZASI,27/11/2023 16:26:20,27/11/2023 18:30:00,KAYNARCA MAH.KIZILCA SK. NO:22,KAYNARCA MAH
4106,PENDİK,100 MM ÇAPLI ŞEBEKE HATTI ARIZASI,14/10/2023 15:11:42,14/10/2023 17:00:00,KAYNARCA MH AYDINLIYOLU CD PENDIK KÖŞKLERI KARŞISI,"DOĞU MAH,KAYNARCA MAH"
4107,PENDİK,100 MM ÇAPLI ŞEBEKE HATTI ARIZASI,07/03/2023 12:39:41,07/03/2023 16:30:00,KAYNARCA SEFAHAT SK BAHATTİN VELED CD. KESİŞİMİ,KAYNARCA MAH
4108,PENDİK,BASINÇ DÜŞÜKLÜĞÜ,29/08/2023 19:24:32,29/08/2023 21:30:00,KURNA MAH  TERFİ MERKEZİ,KURNA MAH
4109,PENDİK,100 MM ÇAPLI ŞEBEKE HATTI ARIZASI,02/10/2023 15:43:20,02/10/2023 18:00:00,KURNA MAH.YEGANE SOKAK NO:11,KURNA MAH
4110,PENDİK,100 MM ÇAPLI ŞEBEKE HATTI ARIZASI,17/06/2023 11:37:27,17/06/2023 15:00:00,KURTDOĞMUŞ MAH.KOZLAR SK.,KURTDOĞMUŞ MAH
4111,PENDİK,ŞEBEKE HATTI VANA ARIZASI,23/11/2023 10:10:03,23/11/2023 16:00:00,KURTKÖY MAH HIZIR SOK İLE ANKARA CAD KESİŞİMİ,"KURTKÖY MAH,RAMAZANOĞLU MAH,SANAYİ MAH"
4112,PENDİK,100 MM ÇAPLI ŞEBEKE HATTI ARIZASI,09/06/2023 09:16:44,09/06/2023 12:00:00,KURTKÖY MAH KARAKAYA SOK GIRIŞI,KURTKÖY MAH
4113,PENDİK,100 MM ÇAPLI ŞEBEKE HATTI ARIZASI,23/02/2023 11:36:16,23/02/2023 14:30:00,KURTKÖY MAH KARTAL  SOK,KURTKÖY MAH
4114,PENDİK,100 MM ÇAPLI ŞEBEKE HATTI ARIZASI,08/10/2023 16:30:07,08/10/2023 19:00:00,KURTKÖY MAH KONUK SK,KURTKÖY MAH
4115,PENDİK,100 MM ÇAPLI ŞEBEKE HATTI ARIZASI,26/06/2023 13:15:52,26/06/2023 15:30:00,KURTKÖY MAH LİSE CAD İLE VEKİL SOKAK KESİŞİMİ,KURTKÖY MAH
4116,PENDİK,200 MM ÇAPLI ŞEBEKE HATTI ARIZASI,04/01/2024 09:53:50,04/01/2024 16:00:00,KURTKÖY MAH LİSE CAD İLE ÜSTÜN SOKAK KESİŞİMİ,"KURTKÖY MAH,YENİŞEHİR MAH.,ŞEYHLİ MAH"
4117,PENDİK,100 MM ÇAPLI ŞEBEKE HATTI ARIZASI,14/11/2023 14:16:42,14/11/2023 16:30:00,KURTKÖY MAH. ÜSTÜN CD İLE LİSE CD KESİŞİMİ,KURTKÖY MAH
4118,PENDİK,100 MM ÇAPLI ŞEBEKE HATTI ARIZASI,16/11/2023 10:12:33,16/11/2023 15:00:00,KURTKÖY MAH. ÜSTÜN CD İLE LİSE CD KESİŞİMİ,"KURTKÖY MAH,ŞEYHLİ MAH"
4119,PENDİK,ŞEBEKE HATTI VANA MONTAJI/DEĞİŞİMİ,15/11/2023 09:50:00,15/11/2023 20:00:00,KURTKÖY MAH. ÜSTÜN CD.İLE LİSE CD KESİŞİMİ,KURTKÖY MAH
4120,PENDİK,150 MM ÇAPLI ŞEBEKE HATTI ARIZASI,09/02/2024 09:43:31,09/02/2024 13:00:00,KURTKÖY MAH.ANKARA CAD.BAKÜ CAD.KESİŞİMİ,KURTKÖY MAH
4121,PENDİK,100 MM ÇAPLI ŞEBEKE HATTI ARIZASI,19/06/2023 10:53:30,19/06/2023 14:00:00,KURTKÖY MAH.KONUK SK NO:2,KURTKÖY MAH
4122,PENDİK,150 MM ÇAPLI ŞEBEKE HATTI ARIZASI,28/12/2023 13:46:11,28/12/2023 18:00:00,KURTKÖY MAH.VAHDET SK.OPTİMUM İNŞ ALANI,KURTKÖY MAH
4123,PENDİK,100 MM ÇAPLI ŞEBEKE HATTI ARIZASI,05/06/2023 12:50:24,05/06/2023 14:30:00,ORHANGAZI MAH MEMLEKET SOK 18 ÖNÜ,ORHANGAZİ MAH
4124,PENDİK,100 MM ÇAPLI ŞEBEKE HATTI ARIZASI,28/11/2023 10:13:04,28/11/2023 13:30:00,ORHANGAZİ MAH VATAN CAD,ORHANGAZİ MAH
4125,PENDİK,100 MM ÇAPLI ŞEBEKE HATTI ARIZASI,05/12/2023 14:13:01,05/12/2023 17:30:00,ORHANGAZİ MAH.VATAN CAD.,ORHANGAZİ MAH
4126,PENDİK,150 MM ÇAPLI ŞEBEKE HATTI ARIZASI,06/09/2023 14:16:16,06/09/2023 17:30:00,ORHANGAZİ MAH.VATAN CAD. KESİŞİMİ BAHA SOKAK,ORHANGAZİ MAH
4127,PENDİK,200 MM ÇAPLI ŞEBEKE HATTI ARIZASI,01/06/2023 01:32:46,01/06/2023 08:00:00,ORTA MAH,"DUMLUPINAR MAH,ESENLER MAH,FEVZİ ÇAKMAK MAH,ORTA MAH,VELİBABA MAH,ÇINARDERE MAH"
4128,PENDİK,100 MM ÇAPLI ŞEBEKE HATTI ARIZASI,13/04/2023 19:25:04,13/04/2023 23:00:00,ORTA MAH ALİBABA CAD İLE KUBBE SOKAK KESİŞİMİ,"DUMLUPINAR MAH,ORTA MAH,VELİBABA MAH,ÇINARDERE MAH"
4129,PENDİK,ŞEBEKE HATTI DEPLASE ÇALIŞMASI,05/06/2023 11:57:47,05/06/2023 23:00:00,ORTA MAH KIZILIRMAK CAD ÜZERİ,"DUMLUPINAR MAH,ORTA MAH"
4130,PENDİK,100 MM ÇAPLI ŞEBEKE HATTI ARIZASI,23/05/2023 12:19:30,23/05/2023 15:30:00,ORTA MAH. MUCİT SOKAK,"DUMLUPINAR MAH,FEVZİ ÇAKMAK MAH,ORTA MAH,VELİBABA MAH,ÇINARDERE MAH"
4131,PENDİK,100 MM ÇAPLI ŞEBEKE HATTI ARIZASI,11/05/2023 10:46:54,11/05/2023 15:00:00,ORTA MAH.MUCİT SOK,"DUMLUPINAR MAH,FEVZİ ÇAKMAK MAH,ORTA MAH,VELİBABA MAH,ÇINARDERE MAH"
4132,PENDİK,100 MM ÇAPLI ŞEBEKE HATTI ARIZASI,01/06/2023 13:48:00,01/06/2023 16:00:00,ORTA MAH.TEKİR SOKAK NO:3,"DUMLUPINAR MAH,ORTA MAH"
4133,PENDİK,100 MM ÇAPLI ŞEBEKE HATTI ARIZASI,10/02/2024 10:49:58,10/02/2024 13:00:00,ORTA MAH.ZİRAAT SK.,"ORTA MAH,ORTA MAH"
4134,PENDİK,600 MM ÇAPLI  ANA İSALE HATTI ARIZASI,04/11/2023 13:23:09,04/11/2023 18:00:00,PENDİK AYDINLI CAD,"DOĞU MAH,KAYNARCA MAH"
4135,PENDİK,100 MM ÇAPLI ŞEBEKE HATTI ARIZASI,15/08/2023 15:10:20,15/08/2023 18:00:00,PENDİK GÜLLÜBAĞLAR MAHALLESİ,GÜLLÜ BAĞLAR MAH
4136,PENDİK,1200 MM ÇAPLI ANA İSALE HATTI ARIZASI,22/01/2024 13:22:51,23/01/2024 02:00:00,PENDİK KARTAL,ÇINARDERE MAH
4137,PENDİK,100 MM ÇAPLI ŞEBEKE HATTI ARIZASI,16/11/2023 14:48:12,16/11/2023 16:00:00,PENDİK KURTKÖY MAH.ÜSTÜN CD İLE LİSE CD KESİŞİMİ,KURTKÖY MAH
4138,PENDİK,100 MM ÇAPLI ŞEBEKE HATTI ARIZASI,11/06/2023 14:27:09,11/06/2023 17:30:00,PENDİK KURTKÖY MÜSAVİ SOKAK NO:7,KURTKÖY MAH
4139,PENDİK,400 MM ÇAPLI ANA İSALE HATTI ARIZASI,31/03/2023 16:04:49,31/03/2023 23:59:00,PENDİK MİMARSİNAN CAD.,"ESENLER MAH,FEVZİ ÇAKMAK MAH,ÇAMÇEŞME MAH"
4140,PENDİK,400 MM ÇAPLI ANA İSALE HATTI ARIZASI,01/04/2023 03:05:47,01/04/2023 08:00:00,PENDİK MİMARSİNAN CADDESİ,"ESENLER MAH,FEVZİ ÇAKMAK MAH,SÜLÜNTEPE MAH,ÇAMÇEŞME MAH"
4141,PENDİK,100 MM ÇAPLI ŞEBEKE HATTI ARIZASI,02/05/2023 15:12:23,02/05/2023 17:30:00,PENDİK VELİBABA  MAHALLESİ MANDIRA SOKAK,"VELİBABA MAH,YAYALAR MAH"
4142,PENDİK,100 MM ÇAPLI ŞEBEKE HATTI ARIZASI,13/11/2023 15:04:10,13/11/2023 23:45:00,PENDİK ŞEYHLİ MAH.HİLAL SK KARAMAN SK KESİŞİMİ,ŞEYHLİ MAH
4143,PENDİK,100 MM ÇAPLI ŞEBEKE HATTI ARIZASI,08/02/2024 15:01:27,08/02/2024 18:00:00,PENDİK ŞEYHLİ MAHALLESİ,"KURTKÖY MAH,ŞEYHLİ MAH"
4144,PENDİK,100 MM ÇAPLI ŞEBEKE HATTI ARIZASI,30/10/2023 08:44:06,30/10/2023 10:30:00,RAMAZAN SULTAN SOK ÜZERİ,"RAMAZANOĞLU MAH,ŞEYHLİ MAH"
4145,PENDİK,100 MM ÇAPLI ŞEBEKE HATTI ARIZASI,10/10/2023 10:52:50,10/10/2023 13:00:00,RAMAZANOĞLU MAH ŞADIRVAN SK,"RAMAZANOĞLU MAH,ŞEYHLİ MAH"
4146,PENDİK,100 MM ÇAPLI ŞEBEKE HATTI ARIZASI,28/12/2023 10:11:27,28/12/2023 14:30:00,RAMAZANOĞLU MAHALLESİ SANAYİ CAD.,RAMAZANOĞLU MAH
4147,PENDİK,100 MM ÇAPLI ŞEBEKE HATTI ARIZASI,04/01/2024 16:44:55,04/01/2024 18:00:00,RAMAZANOĞLU SANAYİ CAD.NO:1,RAMAZANOĞLU MAH
4148,PENDİK,100 MM ÇAPLI ŞEBEKE HATTI ARIZASI,16/12/2023 12:56:07,16/12/2023 16:00:00,RAMAZANĞLU MAH. OKU SOKAK,"RAMAZANOĞLU MAH,ŞEYHLİ MAH"
4149,PENDİK,100 MM ÇAPLI ŞEBEKE HATTI ARIZASI,11/09/2023 12:50:19,11/09/2023 15:00:00,SANAYİ MAH TUNAHAN SK NO.38,"KURTKÖY MAH,SANAYİ MAH"
4150,PENDİK,100 MM ÇAPLI ŞEBEKE HATTI ARIZASI,27/07/2023 12:08:01,27/07/2023 15:00:00,SANAYİ MAH.HİDAYET SOKAK,"KURTKÖY MAH,SANAYİ MAH"
4151,PENDİK,BASINÇ DÜŞÜKLÜĞÜ,08/06/2023 10:36:32,08/06/2023 12:00:00,SÜLÜNTEPE,"SÜLÜNTEPE MAH,ŞEYHLİ MAH"
4152,PENDİK,150 MM ÇAPLI ŞEBEKE HATTI ARIZASI,05/01/2024 14:01:44,05/01/2024 17:00:00,SÜLÜNTEPE MAH 18 MART CAD İLE UHUT SOK KESİŞİMİ,"SÜLÜNTEPE MAH,ÇAMLIK MAH"
4153,PENDİK,100 MM ÇAPLI ŞEBEKE HATTI ARIZASI,28/08/2023 14:57:43,28/08/2023 18:00:00,SÜLÜNTEPE MAH GÜNİZ SOKAK GİRİŞİ,SÜLÜNTEPE MAH
4154,PENDİK,100 MM ÇAPLI ŞEBEKE HATTI ARIZASI,06/04/2023 14:20:00,06/04/2023 16:00:00,SÜLÜNTEPE MAH MEVLANA CAD ÜZERİ,"SÜLÜNTEPE MAH,ŞEYHLİ MAH"
4155,PENDİK,100 MM ÇAPLI ŞEBEKE HATTI ARIZASI,31/03/2023 14:40:13,31/03/2023 19:00:00,SÜLÜNTEPE MAH MEVLANA CADDESI ILE ATIF EFENDI CD. KESIŞIMI,"ERTUĞRUL GAZİ MAH.,SÜLÜNTEPE MAH"
4156,PENDİK,150 MM ÇAPLI ŞEBEKE HATTI ARIZASI,11/10/2023 14:39:11,11/10/2023 17:00:00,SÜLÜNTEPE MAH PALANDÖKEN SOK 66,SÜLÜNTEPE MAH
4157,PENDİK,100 MM ÇAPLI ŞEBEKE HATTI ARIZASI,27/09/2023 17:11:18,27/09/2023 20:00:00,SÜLÜNTEPE MAH SERHAT KALE SK NO.20,"SÜLÜNTEPE MAH,ŞEYHLİ MAH"
4158,PENDİK,150 MM ÇAPLI ŞEBEKE HATTI ARIZASI,14/06/2023 17:50:00,14/06/2023 20:00:00,SÜLÜNTEPE MAH SIDDIK SOK GIRIŞ,SÜLÜNTEPE MAH
4159,PENDİK,100 MM ÇAPLI ŞEBEKE HATTI ARIZASI,26/01/2024 15:51:11,26/01/2024 17:00:00,SÜLÜNTEPE MAH TOKİ KONUT,"SÜLÜNTEPE MAH,ŞEYHLİ MAH"
4160,PENDİK,100 MM ÇAPLI ŞEBEKE HATTI ARIZASI,11/01/2024 11:20:57,11/01/2024 14:30:00,SÜLÜNTEPE MAH YUSUFİYE SK NO.11,"ERTUĞRUL GAZİ MAH.,SÜLÜNTEPE MAH"
4161,PENDİK,ŞEBEKE HATTI VANA MONTAJI/DEĞİŞİMİ,29/11/2023 10:13:17,29/11/2023 13:30:00,SÜLÜNTEPE MAH ZÜLAL SK,"SÜLÜNTEPE MAH,ŞEYHLİ MAH"
4162,PENDİK,100 MM ÇAPLI ŞEBEKE HATTI ARIZASI,31/01/2024 13:53:12,31/01/2024 16:00:00,SÜLÜNTEPE MAH ÇİVİT SK NO.18,"SÜLÜNTEPE MAH,YAYALAR MAH"
4163,PENDİK,100 MM ÇAPLI ŞEBEKE HATTI ARIZASI,03/06/2023 15:02:36,03/06/2023 18:00:00,SÜLÜNTEPE MAH.LALEZAR SOKAK NO:4,"SÜLÜNTEPE MAH,ŞEYHLİ MAH"
4164,PENDİK,100 MM ÇAPLI ŞEBEKE HATTI ARIZASI,09/07/2023 15:59:05,09/07/2023 17:00:00,SÜLÜNTEPE MAH.MEVLANA SOKAK NO:65,SÜLÜNTEPE MAH
4165,PENDİK,100 MM ÇAPLI ŞEBEKE HATTI ARIZASI,01/05/2023 10:07:59,01/05/2023 13:00:00,SÜLÜNTEPE MERVE SOKAK,"ERTUĞRUL GAZİ MAH.,SÜLÜNTEPE MAH,VELİBABA MAH"
4166,PENDİK,100 MM ÇAPLI ŞEBEKE HATTI ARIZASI,16/10/2023 09:45:08,16/10/2023 12:00:00,SÜLÜNTEPE SALİH SK NO:12,SÜLÜNTEPE MAH
4167,PENDİK,100 MM ÇAPLI ŞEBEKE HATTI ARIZASI,14/06/2023 11:07:12,14/06/2023 19:00:00,SÜLÜNTEPE/SIIDIK SOKAK KARANİ SOKAK,SÜLÜNTEPE MAH
4168,PENDİK,ŞEBEKE HATTI VANA ARIZASI,02/06/2023 10:41:13,02/06/2023 13:00:00,TEPEÖREN MAH.MEDENİYET BULVARI NO:66,GÖÇBEYLİ MAH
4169,PENDİK,300 MM ÇAPLI ŞEBEKE HATTI ARIZASI,06/04/2023 09:50:06,06/04/2023 18:00:00,TEPEÖREN MAHALLESİ MEDENİYET BULVARI CADEESİ İLE TEMEL SOKAK KESİŞİMİ,GÖÇBEYLİ MAH
4170,PENDİK,300 MM ÇAPLI ŞEBEKE HATTI ARIZASI,15/08/2023 19:20:34,15/08/2023 23:30:00,TUZLA TEPEÖREN MAH MEDENİYETBULVARI CAD.,GÖÇBEYLİ MAH
4171,PENDİK,ANA İSALE HATTI DEPLASE ÇALIŞMASI,24/08/2023 09:57:38,24/08/2023 22:00:00,TUZLA-TEPEÖREN,BALLICA MAH
4172,PENDİK,150 MM ÇAPLI ŞEBEKE HATTI ARIZASI,14/02/2024 10:48:43,14/02/2024 15:00:00,VELİBABA FEYZA SOKAK GİRİŞİ,"DUMLUPINAR MAH,FEVZİ ÇAKMAK MAH,ORTA MAH,VELİBABA MAH,ÇINARDERE MAH"
4173,PENDİK,100 MM ÇAPLI ŞEBEKE HATTI ARIZASI,17/01/2024 13:37:51,17/01/2024 17:00:00,VELİBABA MAH AYDOS CD.NO:32 KİPTAŞ KONUTLARI,VELİBABA MAH
4174,PENDİK,100 MM ÇAPLI ŞEBEKE HATTI ARIZASI,31/08/2023 14:53:14,31/08/2023 18:00:00,VELİBABA MAH BAKIŞSOKAK ÜZERİ,"VELİBABA MAH,ÇINARDERE MAH"
4175,PENDİK,100 MM ÇAPLI ŞEBEKE HATTI ARIZASI,06/08/2023 13:08:14,06/08/2023 16:00:00,VELİBABA MAH ERVAH SK NO.6,"VELİBABA MAH,ÇINARDERE MAH"
4176,PENDİK,100 MM ÇAPLI ŞEBEKE HATTI ARIZASI,21/12/2023 12:52:02,21/12/2023 16:00:00,VELİBABA MAH KEŞKÜL SK,VELİBABA MAH
4177,PENDİK,ŞEBEKE HATTI VANA MONTAJI/DEĞİŞİMİ,02/12/2023 11:18:05,02/12/2023 14:00:00,VELİBABA MAH YAKACIK CAD İLE KUTUP SK KESİŞİMİ,"VELİBABA MAH,YAYALAR MAH,ÇINARDERE MAH"
4178,PENDİK,100 MM ÇAPLI ŞEBEKE HATTI ARIZASI,26/09/2023 10:09:05,26/09/2023 13:30:00,VELİBABA MAH. BEREKET SOKAK,"VELİBABA MAH,YAYALAR MAH"
4179,PENDİK,100 MM ÇAPLI ŞEBEKE HATTI ARIZASI,22/07/2023 15:28:58,22/07/2023 18:30:00,VELİBABA MAH. CEBİR SOKAK,VELİBABA MAH
4180,PENDİK,100 MM ÇAPLI ŞEBEKE HATTI ARIZASI,25/09/2023 11:25:45,25/09/2023 13:00:00,VELİBABA MAH. TOLGA SOKAK,VELİBABA MAH
4181,PENDİK,100 MM ÇAPLI ŞEBEKE HATTI ARIZASI,10/03/2023 08:50:53,10/03/2023 12:00:00,VELİBABA MAH.CEFAKAR SOKAK NO:5,"VELİBABA MAH,ÇINARDERE MAH"
4182,PENDİK,100 MM ÇAPLI ŞEBEKE HATTI ARIZASI,25/08/2023 14:26:35,25/08/2023 17:30:00,VELİBABA MAH.ÇAĞLAR SK NO:51,"VELİBABA MAH,ÇINARDERE MAH"
4183,PENDİK,250 MM ÇAPLI ŞEBEKE HATTI ARIZASI,12/08/2023 12:25:30,12/08/2023 16:30:00,VELİBABA MAH.İSTANBUL  CADDESİ NO:10,"VELİBABA MAH,ÇINARDERE MAH"
4184,PENDİK,100 MM ÇAPLI ŞEBEKE HATTI ARIZASI,19/12/2023 10:31:12,19/12/2023 13:30:00,YAYALAR MAH MARAŞ SK NO.5,YAYALAR MAH
4185,PENDİK,100 MM ÇAPLI ŞEBEKE HATTI ARIZASI,18/01/2024 11:25:24,18/01/2024 16:30:00,YAYALAR MAH SEYİT ONBAŞI SOKAK,"ERTUĞRUL GAZİ MAH.,SÜLÜNTEPE MAH,YAYALAR MAH"
4186,PENDİK,100 MM ÇAPLI ŞEBEKE HATTI ARIZASI,05/02/2024 15:06:13,05/02/2024 18:00:00,YAYALAR MAH.GÜLVEREN SOKAK 22,"GÜLLÜ BAĞLAR MAH,YAYALAR MAH"
4187,PENDİK,300 MM ÇAPLI ŞEBEKE HATTI ARIZASI,22/01/2024 11:56:01,22/01/2024 19:00:00,YENIŞEHIR MAH  REYHAN CAD ÜZERİ,"HARMANDERE MAH,YENİŞEHİR MAH."
4188,PENDİK,ŞEBEKE HATTI VANA MONTAJI/DEĞİŞİMİ,20/11/2023 09:42:11,20/11/2023 13:00:00,YENIŞEHIR MAH FEHIM SOK GIRIŞI,YENİŞEHİR MAH.
4189,PENDİK,100 MM ÇAPLI ŞEBEKE HATTI ARIZASI,15/05/2023 11:12:42,15/05/2023 13:00:00,YENIŞEHIR MAH ŞEFIKA SOKAK ĞIRIŞI,YENİŞEHİR MAH.
4190,PENDİK,100 MM ÇAPLI ŞEBEKE HATTI ARIZASI,02/12/2023 16:28:56,02/12/2023 19:00:00,YENIŞEHIR MAH.AKKAYA SK NO:15,"KURTKÖY MAH,YENİŞEHİR MAH."
4191,PENDİK,100 MM ÇAPLI ŞEBEKE HATTI ARIZASI,07/11/2023 13:05:04,07/11/2023 14:00:00,YENİŞEHİR MAH MİLLET CAD,"HARMANDERE MAH,YENİŞEHİR MAH."
4192,PENDİK,100 MM ÇAPLI ŞEBEKE HATTI ARIZASI,07/02/2024 10:25:45,07/02/2024 13:30:00,YENİŞEHİR MAH. PETEK SOKAK NO:1,YENİŞEHİR MAH.
4193,PENDİK,100 MM ÇAPLI ŞEBEKE HATTI ARIZASI,20/01/2024 11:44:30,20/01/2024 15:00:00,YENİŞEHİR MAH.REYHAN CAD.CEMRE SOKAK KESİŞİMİ,"HARMANDERE MAH,YENİŞEHİR MAH."
4194,PENDİK,250 MM ÇAPLI ŞEBEKE HATTI ARIZASI,17/11/2023 13:45:03,17/11/2023 17:00:00,YENİŞEHİR MAH.REYHAN CAD.NUTUK SOKÇKESİŞİMİ,YENİŞEHİR MAH.
4195,PENDİK,ŞEBEKE HATTI VANA MONTAJI/DEĞİŞİMİ,05/07/2023 11:03:36,05/07/2023 16:00:00,YENİŞEHİR/DEDEPAŞA CADDESİ,YENİŞEHİR MAH.
4196,PENDİK,100 MM ÇAPLI ŞEBEKE HATTI ARIZASI,01/11/2023 08:08:56,01/11/2023 10:30:00,YEŞILBAĞLAR MAH GIRAY SOK  6 ÖNÜ,YEŞİLBAĞLAR MAH
4197,PENDİK,150 MM ÇAPLI ŞEBEKE HATTI ARIZASI,22/01/2024 14:57:00,22/01/2024 18:00:00,ÇAMLIK MAH AVKATLAR SOK  ÜZERI,ÇAMLIK MAH
4198,PENDİK,100 MM ÇAPLI ŞEBEKE HATTI ARIZASI,26/04/2023 11:18:35,26/04/2023 13:30:00,ÇAMLIK MAH PIRI REIS CAD 25 ÖNÜ,ÇAMLIK MAH
4199,PENDİK,ŞEBEKE HATTI VANA MONTAJI/DEĞİŞİMİ,21/11/2023 09:39:18,21/11/2023 13:00:00,ÇAMLIK MAH PİRİ REİS CAD ÜZER,ÇAMLIK MAH
4200,PENDİK,150 MM ÇAPLI ŞEBEKE HATTI ARIZASI,20/11/2023 14:36:07,20/11/2023 17:30:00,ÇAMLIK MAH SELÇIKLU CAD ÜZERI,ÇAMLIK MAH
4201,PENDİK,100 MM ÇAPLI ŞEBEKE HATTI ARIZASI,07/11/2023 11:55:30,07/11/2023 17:00:00,ÇAMLIK MAH YAHYABEYATLI CAD,ÇAMLIK MAH
4202,PENDİK,100 MM ÇAPLI ŞEBEKE HATTI ARIZASI,10/06/2023 14:47:12,10/06/2023 18:00:00,ÇAMLIK MAH YONCA SOKAK,ÇAMLIK MAH
4203,PENDİK,ŞEBEKE HATTI VANA MONTAJI/DEĞİŞİMİ,17/10/2023 10:08:27,17/10/2023 13:00:00,ÇAMLIK MAH. PIRI REIS CAD  23,ÇAMLIK MAH
4204,PENDİK,150 MM ÇAPLI ŞEBEKE HATTI ARIZASI,14/03/2023 14:47:26,14/03/2023 21:00:00,ÇAMLIK MAHSEMERKANT BULVARI ORMAN CD KESİŞİMİ,"ERTUĞRUL GAZİ MAH.,SÜLÜNTEPE MAH,VELİBABA MAH,ÇAMLIK MAH,ÇINARDERE MAH"
4205,PENDİK,100 MM ÇAPLI ŞEBEKE HATTI ARIZASI,31/10/2023 14:34:20,31/10/2023 18:30:00,ÇAMLIK YAHYA KEMAL BEYATLI CD.ENGELSİZ YAŞAM MERKEZİ ÖNÜ,ÇAMLIK MAH
4206,PENDİK,100 MM ÇAPLI ŞEBEKE HATTI ARIZASI,11/09/2023 11:59:59,11/09/2023 15:00:00,ÇAMÇEŞME EMNİYET SK NO.1,"FEVZİ ÇAKMAK MAH,ÇAMÇEŞME MAH"
4207,PENDİK,150 MM ÇAPLI ŞEBEKE HATTI ARIZASI,13/02/2024 10:12:21,13/02/2024 17:00:00,ÇAMÇEŞME MAH TERSANE CAD ÜZERI,ÇAMÇEŞME MAH
4208,PENDİK,100 MM ÇAPLI ŞEBEKE HATTI ARIZASI,12/06/2023 12:29:14,12/06/2023 15:30:00,ÇAMÇEŞME MAH.FABRİKA SOKAK NO:5 PENDORYA AVM,ÇAMÇEŞME MAH
4209,PENDİK,100 MM ÇAPLI ŞEBEKE HATTI ARIZASI,27/12/2023 13:53:06,27/12/2023 16:00:00,ÇAMÇEŞME MAH.SEVİLEN SOK.NO:20,"FEVZİ ÇAKMAK MAH,ÇAMÇEŞME MAH"
4210,PENDİK,150 MM ÇAPLI ŞEBEKE HATTI ARIZASI,10/02/2024 09:56:25,10/02/2024 13:00:00,ÇAMÇEŞME MAH.TERSANE CAD.VATAN CAD.KESİŞİMİ,ÇAMÇEŞME MAH
4211,PENDİK,ŞEBEKE HATTI VANA MONTAJI/DEĞİŞİMİ,13/02/2024 17:14:42,13/02/2024 20:30:00,ÇAMÇEŞME TERSANE CAD.,ÇAMÇEŞME MAH
4212,PENDİK,100 MM ÇAPLI ŞEBEKE HATTI ARIZASI,22/09/2023 10:38:27,22/09/2023 14:00:00,ÇINARDERE AKAY SOK 1 ÖNÜ,ÇINARDERE MAH
4213,PENDİK,150 MM ÇAPLI ŞEBEKE HATTI ARIZASI,22/09/2023 15:34:24,22/09/2023 21:00:00,ÇINARDERE AKAY SOK 1 ÖNÜ,ÇINARDERE MAH
4214,PENDİK,100 MM ÇAPLI ŞEBEKE HATTI ARIZASI,18/07/2023 11:10:39,18/07/2023 13:30:00,ÇINARDERE MAH AKAN SOK GİRİŞİ,ÇINARDERE MAH
4215,PENDİK,100 MM ÇAPLI ŞEBEKE HATTI ARIZASI,24/07/2023 13:04:43,25/07/2023 06:00:00,ÇINARDERE MAH.ANKARA CAD.AYAZMA CAD KESİŞİMİ,"ORTA MAH,ÇINARDERE MAH"
4216,PENDİK,100 MM ÇAPLI ŞEBEKE HATTI ARIZASI,09/09/2023 13:03:12,10/09/2023 04:30:00,ÇINARDERE MAH.AYAZMA CAD. İLE ANKARA CAD. KESİŞİMİ,ÇINARDERE MAH
4217,PENDİK,150 MM ÇAPLI ŞEBEKE HATTI ARIZASI,19/07/2023 16:46:43,19/07/2023 20:00:00,ÇINARDERE MAH.SAMSUN SK.NO:2,ÇINARDERE MAH
4218,PENDİK,ŞEBEKE HATTI DEPLASE ÇALIŞMASI,15/07/2023 14:55:45,15/07/2023 22:00:00,ÇINARDERE MAH.SAMSUN SOK.,"VELİBABA MAH,ÇINARDERE MAH"
4219,PENDİK,ŞEBEKE HATTI VANA ARIZASI,28/11/2023 11:35:28,28/11/2023 17:30:00,ÇINARDERE MH ERENLER CD NO:54,"ORTA MAH,ÇINARDERE MAH"
4220,PENDİK,ŞEBEKE HATTI VANA ARIZASI,16/07/2023 16:28:14,16/07/2023 19:30:00,ÇINARDERE SAMSUN SK,ÇINARDERE MAH
4221,PENDİK,ENERJİ KESİNTİSİ,20/06/2023 13:56:50,20/06/2023 15:00:00,ÖMERLİ STT,"DUMLUPINAR MAH,ESENLER MAH,FEVZİ ÇAKMAK MAH,ORTA MAH,VELİBABA MAH,YAYALAR MAH,ÇAMÇEŞME MAH,ÇINARDERE MAH"
4222,PENDİK,100 MM ÇAPLI ŞEBEKE HATTI ARIZASI,25/11/2023 11:50:45,25/11/2023 17:00:00,ŞEYHLI ANKARA CD NO:348,"RAMAZANOĞLU MAH,ŞEYHLİ MAH"
4223,PENDİK,ŞEBEKE HATTI VANA MONTAJI/DEĞİŞİMİ,16/10/2023 14:28:14,16/10/2023 20:00:00,ŞEYHLİ HİLAL CD. KARAMAN SK KESİŞİMİ,"SÜLÜNTEPE MAH,ŞEYHLİ MAH"
4224,PENDİK,ŞEBEKE HATTI VANA MONTAJI/DEĞİŞİMİ,30/11/2023 09:29:16,30/11/2023 13:00:00,ŞEYHLİ MAH AKHİSAR SK,ŞEYHLİ MAH
4225,PENDİK,100 MM ÇAPLI ŞEBEKE HATTI ARIZASI,24/11/2023 13:18:33,24/11/2023 16:30:00,ŞEYHLİ MAH ANKARA CD NO344,"RAMAZANOĞLU MAH,ŞEYHLİ MAH"
4226,PENDİK,100 MM ÇAPLI ŞEBEKE HATTI ARIZASI,05/09/2023 16:15:41,05/09/2023 20:00:00,ŞEYHLİ MAH PASİNLER SK İLE ŞELALE SK KESİŞİMİ,ŞEYHLİ MAH
4227,PENDİK,150 MM ÇAPLI ŞEBEKE HATTI ARIZASI,24/11/2023 18:38:00,25/11/2023 02:00:00,ŞEYHLİ MAH.PAZAR SOK.ANKARA CAD.KESİŞİMİ,"RAMAZANOĞLU MAH,ŞEYHLİ MAH"
4228,SANCAKTEPE,200 MM ÇAPLI ŞEBEKE HATTI ARIZASI,11/04/2023 10:12:19,11/04/2023 13:00:00, EYÜP SULTAN MAH. MÜMİNLER CAD. ÜZERİ,EYÜP SULTAN MAH.
4229,SANCAKTEPE,100 MM ÇAPLI ŞEBEKE HATTI ARIZASI,23/01/2024 10:55:57,23/01/2024 16:00:00,ABDURAHMANGAZI MH YEDIVEREN CD,ABDURRAHMANGAZİ MAH.
4230,SANCAKTEPE,100 MM ÇAPLI ŞEBEKE HATTI ARIZASI,09/07/2023 17:00:52,09/07/2023 21:00:00,ABDURRAHMANGAZİ MAH. ALPARSLAN CAD.,"ABDURRAHMANGAZİ MAH.,OSMANGAZİ MAH."
4231,SANCAKTEPE,100 MM ÇAPLI ŞEBEKE HATTI ARIZASI,05/05/2023 17:14:42,05/05/2023 21:00:00,ABDURRAHMANGAZİ MAH. HAVVA SK.,ABDURRAHMANGAZİ MAH.
4232,SANCAKTEPE,100 MM ÇAPLI ŞEBEKE HATTI ARIZASI,04/11/2023 07:41:21,04/11/2023 14:00:00,ABDURRAHMANGAZİ MAH. TUANNA SK,ABDURRAHMANGAZİ MAH.
4233,SANCAKTEPE,100 MM ÇAPLI ŞEBEKE HATTI ARIZASI,22/01/2024 09:51:01,22/01/2024 13:30:00,ABDURRAHMANGAZİ MAH.BEDİR  SK,ABDURRAHMANGAZİ MAH.
4234,SANCAKTEPE,ŞEBEKE HATTI VANA MONTAJI/DEĞİŞİMİ,01/08/2023 10:47:37,01/08/2023 14:00:00,ABDURRAHMANGAZİ MAHALLESİ YEDİVEREN CADDESİ İLE BALÖZÜ SOKAK KESİŞİMİ,ABDURRAHMANGAZİ MAH.
4235,SANCAKTEPE,100 MM ÇAPLI ŞEBEKE HATTI ARIZASI,13/11/2023 12:55:43,13/11/2023 17:00:00,AKPINAR MAH. BANU SK,AKPINAR MAH.
4236,SANCAKTEPE,ŞEBEKE HATTI BRANŞMAN BAĞLANTISI,07/09/2023 11:06:14,07/09/2023 15:00:00,AKPINAR MAHALLESİ HANBELİ CADDESİ,AKPINAR MAH.
4237,SANCAKTEPE,ŞEBEKE HATTI BRANŞMAN BAĞLANTISI,07/09/2023 14:38:25,07/09/2023 17:00:00,AKPINAR MAHALLESİ HANBELİ CADDESİ,AKPINAR MAH.
4238,SANCAKTEPE,100 MM ÇAPLI ŞEBEKE HATTI ARIZASI,11/08/2023 09:32:56,11/08/2023 13:00:00,ATATÜRK MAH AYSUN SK ÜZERİ,"ATATÜRK MAH,KEMAL TÜRKLER MAH,İNÖNÜ MAH"
4239,SANCAKTEPE,100 MM ÇAPLI ŞEBEKE HATTI ARIZASI,26/01/2024 14:29:54,26/01/2024 18:00:00,ATATÜRK MH DUMANLAR SOKAK,ATATÜRK MAH
4240,SANCAKTEPE,100 MM ÇAPLI ŞEBEKE HATTI ARIZASI,20/02/2023 07:12:46,20/02/2023 16:00:00,CUMHURİYET MAH. 23 NİSAN CAD ÜZERİ,ATATÜRK MAH
4241,SANCAKTEPE,ŞEBEKE HATTI VANA MONTAJI/DEĞİŞİMİ,02/06/2023 15:06:49,02/06/2023 18:00:00,EMEK MAH SEVIM SK ÜZERI,EMEK MAH
4242,SANCAKTEPE,100 MM ÇAPLI ŞEBEKE HATTI ARIZASI,19/01/2024 12:59:41,19/01/2024 17:00:00,EMEK MAHALLESİ,EMEK MAH
4243,SANCAKTEPE,100 MM ÇAPLI ŞEBEKE HATTI ARIZASI,22/07/2023 11:16:22,22/07/2023 14:00:00,EMEK MAHALLESİ ONUR CADDESİ İLE NAMIK KEMAL CADDE KESİŞİMİ,EMEK MAH
4244,SANCAKTEPE,100 MM ÇAPLI ŞEBEKE HATTI ARIZASI,25/12/2023 14:37:33,25/12/2023 19:00:00,EYÜP SULTAN MAH BAYRAKTAR SK.,EYÜP SULTAN MAH.
4245,SANCAKTEPE,100 MM ÇAPLI ŞEBEKE HATTI ARIZASI,04/12/2023 09:57:43,04/12/2023 14:00:00,EYÜP SULTAN MAH. OSMANGAZİ CD ÜZERİ,EYÜP SULTAN MAH.
4246,SANCAKTEPE,100 MM ÇAPLI ŞEBEKE HATTI ARIZASI,18/04/2023 09:55:06,18/04/2023 14:00:00,EYÜPL SULTAN MAH. MÜMINLER CD.,EYÜP SULTAN MAH.
4247,SANCAKTEPE,200 MM ÇAPLI ŞEBEKE HATTI ARIZASI,07/04/2023 12:20:29,07/04/2023 19:00:00,EYÜPSULTAN MAH. MÜMINLET CD.,EYÜP SULTAN MAH.
4248,SANCAKTEPE,100 MM ÇAPLI ŞEBEKE HATTI ARIZASI,24/01/2024 08:33:14,24/01/2024 12:00:00,EYÜPSULTAN MEH OSMANGAZİ CD METRO İNŞAATI,EYÜP SULTAN MAH.
4249,SANCAKTEPE,100 MM ÇAPLI ŞEBEKE HATTI ARIZASI,27/11/2023 11:31:56,27/11/2023 18:00:00,FATİH MAH. KARTAL SK,FATİH MAH.
4250,SANCAKTEPE,150 MM ÇAPLI ŞEBEKE HATTI ARIZASI,16/03/2023 12:21:55,16/03/2023 15:00:00,FATİH MAH. YAKAMOZ SK.,FATİH MAH.
4251,SANCAKTEPE,100 MM ÇAPLI ŞEBEKE HATTI ARIZASI,10/03/2023 15:40:20,10/03/2023 18:00:00,KEMAL TÜRKLER EBRU SK ÜZERİ,KEMAL TÜRKLER MAH
4252,SANCAKTEPE,100 MM ÇAPLI ŞEBEKE HATTI ARIZASI,09/10/2023 09:30:50,09/10/2023 14:00:00,KEMAL TÜRKLER MAH. KAMER SK,KEMAL TÜRKLER MAH
4253,SANCAKTEPE,100 MM ÇAPLI ŞEBEKE HATTI ARIZASI,28/12/2023 08:16:07,28/12/2023 14:00:00,MECLİS MAH. EMRİ SK,MECLİS MAH
4254,SANCAKTEPE,100 MM ÇAPLI ŞEBEKE HATTI ARIZASI,30/10/2023 08:42:18,30/10/2023 12:00:00,MERVE MAH AKYILDIZ AKABE CD KES,MERVE MAH.
4255,SANCAKTEPE,150 MM ÇAPLI ŞEBEKE HATTI ARIZASI,11/01/2024 10:15:50,11/01/2024 16:00:00,MERVE MAH SEVENKER CD HALİFE CD KES.,MERVE MAH.
4256,SANCAKTEPE,ŞEBEKE HATTI BRANŞMAN BAĞLANTISI,06/09/2023 10:11:24,06/09/2023 20:00:00,MEVLANA MAHALLESİ MEVLANA CADDESİ YENİDOĞAN-2 TERFİ MERKEZİ,"MEVLANA MAH.,SAFA MAH.,YUNUSEMRE MAH."
4257,SANCAKTEPE,200 MM ÇAPLI ŞEBEKE HATTI ARIZASI,26/11/2023 10:38:06,26/11/2023 15:30:00,MÜMİNLER CD,EYÜP SULTAN MAH.
4258,SANCAKTEPE,100 MM ÇAPLI ŞEBEKE HATTI ARIZASI,24/03/2023 10:49:32,24/03/2023 15:00:00,OSMANGAZI MAH MÜSTESNA SOKAK,OSMANGAZİ MAH.
4259,SANCAKTEPE,100 MM ÇAPLI ŞEBEKE HATTI ARIZASI,26/05/2023 12:52:04,26/05/2023 17:00:00,OSMANGAZI MAH ÖDÜL SOKAK,OSMANGAZİ MAH.
4260,SANCAKTEPE,100 MM ÇAPLI ŞEBEKE HATTI ARIZASI,28/10/2023 12:34:32,28/10/2023 18:00:00,OSMANGAZİ MAH. IŞIKLI SK-AYAZMA SK KES.,OSMANGAZİ MAH.
4261,SANCAKTEPE,100 MM ÇAPLI ŞEBEKE HATTI ARIZASI,05/02/2024 15:38:39,05/02/2024 18:00:00,OSMANGAZİ MAH. ORKUN SK,OSMANGAZİ MAH.
4262,SANCAKTEPE,100 MM ÇAPLI ŞEBEKE HATTI ARIZASI,23/06/2023 12:37:23,23/06/2023 16:00:00,PAŞAKÖY ARITMA TESİSİ İÇİ,PAŞAKÖY MAH.
4263,SANCAKTEPE,100 MM ÇAPLI ŞEBEKE HATTI ARIZASI,24/10/2023 09:08:07,24/10/2023 12:00:00,PAŞAKÖY MAH. HEYBETLİ SK ÜZERİ,PAŞAKÖY MAH.
4264,SANCAKTEPE,100 MM ÇAPLI ŞEBEKE HATTI ARIZASI,23/05/2023 14:12:17,23/05/2023 18:00:00,PAŞAKÖY MAHALLESİ 18 MART CADDESİ DERE GEÇİŞİ,PAŞAKÖY MAH.
4265,SANCAKTEPE,BASINÇ DÜŞÜKLÜĞÜ,03/10/2023 10:30:49,03/10/2023 15:00:00,PAŞAKÖY TERFİ MERKEZİ,PAŞAKÖY MAH.
4266,SANCAKTEPE,100 MM ÇAPLI ŞEBEKE HATTI ARIZASI,17/01/2024 09:37:38,17/01/2024 11:30:00,SABIR CD VEYSELKARANİ CD KESİŞMİ,"HİLAL MAH.,YUNUSEMRE MAH."
4267,SANCAKTEPE,ŞEBEKE HATTI BRANŞMAN BAĞLANTISI,23/02/2023 12:30:45,23/02/2023 16:30:00,SAFA MAH SANCAKTAR CAD İLE ULUEREN  CAD KESİŞİMİ,"MEVLANA MAH.,SAFA MAH.,YUNUSEMRE MAH."
4268,SANCAKTEPE,600 MM ÇAPLI  ANA İSALE HATTI ARIZASI,23/11/2023 14:38:26,23/11/2023 20:00:00,SAMANDIRA DEPO,"AKPINAR MAH.,EYÜP SULTAN MAH.,FATİH MAH.,VEYSEL KARANİ MAH."
4269,SANCAKTEPE,100 MM ÇAPLI ŞEBEKE HATTI ARIZASI,21/02/2023 16:39:37,21/02/2023 20:00:00,SANCAKTEPE AKPINAR MAHALLESİ,AKPINAR MAH.
4270,SANCAKTEPE,800 MM ÇAPLI ANA İSALE HATTI ARIZASI,10/05/2023 16:12:28,10/05/2023 21:00:00,SANCAKTEPE GENÇOSMAN CAD.,"ABDURRAHMANGAZİ MAH.,EYÜP SULTAN MAH.,OSMANGAZİ MAH."
4271,SANCAKTEPE,100 MM ÇAPLI ŞEBEKE HATTI ARIZASI,19/09/2023 11:37:56,19/09/2023 16:00:00,SANCAKTEPE HİLAL MAH. TENBİH SK,HİLAL MAH.
4272,SANCAKTEPE,100 MM ÇAPLI ŞEBEKE HATTI ARIZASI,20/07/2023 12:23:32,20/07/2023 17:00:00,SANCAKTEPE ILÇESİ MEVLANA MAHALLESİ ÖVGÜ SOKAK,"MEVLANA MAH.,SAFA MAH.,YUNUSEMRE MAH."
4273,SANCAKTEPE,100 MM ÇAPLI ŞEBEKE HATTI ARIZASI,16/10/2023 14:34:00,16/10/2023 18:00:00,SANCAKTEPE MERVE MAH. AKABE-GAZİ CD KES.,MERVE MAH.
4274,SANCAKTEPE,ŞEBEKE HATTI BRANŞMAN BAĞLANTISI,17/04/2023 11:45:44,17/04/2023 15:00:00,SANCAKTEPE MEVLANA MAHALLESİ,"MEVLANA MAH.,SAFA MAH.,YUNUSEMRE MAH."
4275,SANCAKTEPE,ŞEBEKE HATTI BRANŞMAN BAĞLANTISI,27/05/2023 08:45:27,27/05/2023 12:00:00,SANCAKTEPE OSMANGAZİ MAHALLESİ,OSMANGAZİ MAH.
4276,SANCAKTEPE,ŞEBEKE HATTI BRANŞMAN BAĞLANTISI,08/07/2023 12:14:26,08/07/2023 16:00:00,SANCAKTEPE OSMANGAZİ MAHALLESİ,OSMANGAZİ MAH.
4277,SANCAKTEPE,100 MM ÇAPLI ŞEBEKE HATTI ARIZASI,01/06/2023 15:03:59,01/06/2023 18:00:00,SANCAKTEPE PAŞAKÖY MAHALLESİ,PAŞAKÖY MAH.
4278,SANCAKTEPE,100 MM ÇAPLI ŞEBEKE HATTI ARIZASI,18/10/2023 12:46:23,18/10/2023 17:00:00,SANCAKTEPE YENİDOĞAN MAH. SEMİH SK.,YENİDOĞAN MAH.
4279,SANCAKTEPE,ŞEBEKE HATTI DEZENFEKTE EDİLMESİ,26/12/2023 11:51:58,26/12/2023 14:00:00,SANCAKTEPE İLÇESİ SAFA MAHALLESİ SANCAKTAR CAD.,"MEVLANA MAH.,SAFA MAH.,YUNUSEMRE MAH."
4280,SANCAKTEPE,ŞEBEKE HATTI BRANŞMAN BAĞLANTISI,14/02/2024 13:00:10,14/02/2024 18:00:00,SANCAKTEPE İLÇESİ SARIGAZİ MAHALLESİ MARTI SOKAK,SARIGAZİ MAH.
4281,SANCAKTEPE,ŞEBEKE HATTI VANA MONTAJI/DEĞİŞİMİ,20/12/2023 11:53:36,20/12/2023 18:30:00,SANCAKTEPE İLÇESİ İNÖNÜ MAH. AŞIK VEYSEL CAD. İLE DERYA SK. KESİŞİMİ,"ATATÜRK MAH,İNÖNÜ MAH"
4282,SANCAKTEPE,100 MM ÇAPLI ŞEBEKE HATTI ARIZASI,21/12/2023 11:00:45,21/12/2023 14:00:00,SANCAKTEPE İLÇESİ İNÖNÜ MAH. İNÖNÜ CAD.,"ATATÜRK MAH,İNÖNÜ MAH"
4283,SANCAKTEPE,150 MM ÇAPLI ŞEBEKE HATTI ARIZASI,03/02/2024 11:51:17,03/02/2024 17:00:00,SARIGAZİ MAH NAMIK KEMAL,SARIGAZİ MAH.
4284,SANCAKTEPE,150 MM ÇAPLI ŞEBEKE HATTI ARIZASI,17/02/2024 10:30:50,17/02/2024 13:00:00,SARIGAZİ MH.,SARIGAZİ MAH.
4285,SANCAKTEPE,100 MM ÇAPLI ŞEBEKE HATTI ARIZASI,09/09/2023 17:06:37,09/09/2023 21:00:00,TEKİN SK,"ATATÜRK MAH,İNÖNÜ MAH"
4286,SANCAKTEPE,ŞEBEKE HATTI BRANŞMAN BAĞLANTISI,26/08/2023 12:52:12,26/08/2023 17:00:00,VEYSEL KARANİ MAHALLESİ KARTAL SOKAK,VEYSEL KARANİ MAH.
4287,SANCAKTEPE,100 MM ÇAPLI ŞEBEKE HATTI ARIZASI,13/01/2024 13:20:08,13/01/2024 16:30:00,VEYSEL KARANİ MH. ŞAHANE SOKAK,VEYSEL KARANİ MAH.
4288,SANCAKTEPE,100 MM ÇAPLI ŞEBEKE HATTI ARIZASI,24/10/2023 11:59:09,24/10/2023 16:00:00,YENİDOĞAN 1 DE ELEKTRİK KESİNTİSİ KAYNAKLI,"MEVLANA MAH.,SAFA MAH.,YENİDOĞAN MAH.,YUNUSEMRE MAH."
4289,SANCAKTEPE,ENERJİ KESİNTİSİ,09/12/2023 05:14:00,09/12/2023 07:00:00,YENİDOĞAN 1 VE YENİDOĞAN 2 TERFİ MERKEZLERİ,"MERVE MAH.,MEVLANA MAH.,YENİDOĞAN MAH.,YUNUSEMRE MAH."
4290,SANCAKTEPE,ARIZA SEBEBİ İLE BASINÇ DÜŞÜKLÜĞÜ,20/07/2023 21:11:46,20/07/2023 23:59:00,YENİDOĞAN 2 DEPO CAZİBE ÇIKIŞI,"MEVLANA MAH.,SAFA MAH.,YUNUSEMRE MAH."
4291,SANCAKTEPE,ENERJİ KESİNTİSİ,03/05/2023 04:13:44,03/05/2023 08:00:00,YENİDOĞAN 2 TERFİ,"MERVE MAH.,SAFA MAH.,YUNUSEMRE MAH."
4292,SANCAKTEPE,ENERJİ KESİNTİSİ,15/06/2023 10:03:16,15/06/2023 12:00:00,YENİDOĞAN 2 TERFİ,MERVE MAH.
4293,SANCAKTEPE,ENERJİ KESİNTİSİ,14/12/2023 10:50:00,14/12/2023 13:00:00,YENİDOĞAN 2 TERFİ,MERVE MAH.
4294,SANCAKTEPE,100 MM ÇAPLI ŞEBEKE HATTI ARIZASI,31/05/2023 16:17:24,31/05/2023 21:00:00,YENİDOĞAN MAH. SEYHAN CAD ÜZERİ,YENİDOĞAN MAH.
4295,SANCAKTEPE,700 MM  ÇAPLI ANA İSALE HATTI ARIZASI,16/02/2024 21:59:57,17/02/2024 02:00:00,YENİDOĞAN TERFİ,"HİLAL MAH.,MERVE MAH.,MEVLANA MAH.,SAFA MAH.,YENİDOĞAN MAH.,YUNUSEMRE MAH."
4296,SANCAKTEPE,300 MM ÇAPLI ŞEBEKE HATTI ARIZASI,30/08/2023 01:31:34,30/08/2023 12:00:00,YENİDOĞAN TERFİ II,"MEVLANA MAH.,SAFA MAH.,YUNUSEMRE MAH."
4297,SANCAKTEPE,100 MM ÇAPLI ŞEBEKE HATTI ARIZASI,16/01/2024 12:30:45,16/01/2024 16:00:00,YUNUSEMRE VEYSEK KARANİ CD,YUNUSEMRE MAH.
4298,SARIYER,100 MM ÇAPLI ŞEBEKE HATTI ARIZASI,20/12/2023 09:21:14,20/12/2023 13:30:00, ZEKARİYAKÖY 5. CD İÇİ,ZEKERİYAKÖY MAH
4299,SARIYER,100 MM ÇAPLI ŞEBEKE HATTI ARIZASI,15/06/2023 10:40:57,15/06/2023 12:00:00, ZEKARİYAKÖY MH  SÖNMEZ SK ORTANCA  KNAKLARI,ZEKERİYAKÖY MAH
4300,SARIYER,ŞEBEKE HATTI DEPLASE ÇALIŞMASI,20/10/2023 09:55:14,20/10/2023 15:30:00,100 LÜK BORU BAĞLANTISI,"DARÜŞŞAFAKA MAH,ÇAMLITEPE MAH"
4301,SARIYER,ŞEBEKE HATTI DEPLASE ÇALIŞMASI,22/11/2023 12:58:30,22/11/2023 18:00:00,AKAT MAH-TEPECİKYOLU SK.İÇİ,FATİH SULTAN MEHMET MAH.
4302,SARIYER,100 MM ÇAPLI ŞEBEKE HATTI ARIZASI,30/12/2023 10:59:22,30/12/2023 15:00:00,AKAT MH FENERLİRİSTO SK,"BALTALİMANI MAH,FATİH SULTAN MEHMET MAH."
4303,SARIYER,250 MM ÇAPLI ŞEBEKE HATTI ARIZASI,13/12/2023 15:41:24,13/12/2023 21:30:00,AYAZ AĞA MAH- KEMERBURGAZ CD  PEJONUN  ÖNÜ,AYAZAĞA MAH.
4304,SARIYER,ARIZA SEBEBİ İLE BASINÇ DÜŞÜKLÜĞÜ,28/06/2023 20:01:15,28/06/2023 23:59:00,AYAZAĞ- BAHÇEKÖY DEPO,"BAHÇEKÖY KEMER MAH,BAHÇEKÖY MERKEZ MAH.,BAHÇEKÖY YENİ MAH,DEMİRCİKÖY MAH,GÜMÜŞDERE MAH,KISIRKAYA MAH,KUMKÖY [KİLYOS] MAH,USKUMRUKÖY MAH,ZEKERİYAKÖY MAH"
4305,SARIYER,100 MM ÇAPLI ŞEBEKE HATTI ARIZASI,26/06/2023 09:58:53,26/06/2023 12:00:00,AYAZAĞA  MAHALLE HADIM KORUYOLU CD,AYAZAĞA MAH.
4306,SARIYER,100 MM ÇAPLI ŞEBEKE HATTI ARIZASI,10/01/2024 09:38:59,10/01/2024 11:00:00,AYAZAĞA  MH AZERBAYCAN CD  NO:3,AYAZAĞA MAH.
4307,SARIYER,100 MM ÇAPLI ŞEBEKE HATTI ARIZASI,01/06/2023 09:57:22,01/06/2023 13:30:00,AYAZAĞA  MH KURTYOLU SK NO:18,AYAZAĞA MAH.
4308,SARIYER,400 MM ÇAPLI ANA İSALE HATTI ARIZASI,22/08/2023 10:00:58,22/08/2023 15:00:00,AYAZAĞA - SANAYİ CAD.,"DARÜŞŞAFAKA MAH,PINAR MAH,POLİGON MAH,REŞİTPAŞA MAH"
4309,SARIYER,100 MM ÇAPLI ŞEBEKE HATTI ARIZASI,22/05/2023 10:42:14,22/05/2023 14:30:00,AYAZAĞA 102 SK  İÇİ,AYAZAĞA MAH.
4310,SARIYER,700 MM  ÇAPLI ANA İSALE HATTI ARIZASI,25/09/2023 00:03:27,25/09/2023 08:00:00,AYAZAĞA BÜYÜKDERE,"GARİPÇE MAH,MADEN MAH,RUMELİFENERİ MAH,RUMELİKAVAĞI MAH,YENİ MAH,ZEKERİYAKÖY MAH"
4311,SARIYER,BASINÇ DÜŞÜKLÜĞÜ,15/05/2023 22:16:10,16/05/2023 03:16:00,AYAZAĞA MAH,AYAZAĞA MAH.
4312,SARIYER,100 MM ÇAPLI ŞEBEKE HATTI ARIZASI,09/09/2023 09:48:04,09/09/2023 13:00:00,AYAZAĞA MAH- 114 SK NO:28,AYAZAĞA MAH.
4313,SARIYER,100 MM ÇAPLI ŞEBEKE HATTI ARIZASI,15/05/2023 11:29:57,15/05/2023 14:00:00,AYAZAĞA MAH- 122 SK SK İÇİ,AYAZAĞA MAH.
4314,SARIYER,300 MM ÇAPLI ŞEBEKE HATTI ARIZASI,11/11/2023 10:07:39,11/11/2023 15:00:00,AYAZAĞA MAH- AYAZAĞACENDERE CD,AYAZAĞA MAH.
4315,SARIYER,100 MM ÇAPLI ŞEBEKE HATTI ARIZASI,08/01/2024 10:51:26,08/01/2024 12:00:00,AYAZAĞA MAH- MASLAK AYAZAĞA CD,AYAZAĞA MAH.
4316,SARIYER,100 MM ÇAPLI ŞEBEKE HATTI ARIZASI,21/12/2023 11:01:51,21/12/2023 18:30:00,AYAZAĞA MAH- ŞHTCANAN TUNCER SK BAŞI,AYAZAĞA MAH.
4317,SARIYER,100 MM ÇAPLI ŞEBEKE HATTI ARIZASI,05/08/2023 11:23:06,05/08/2023 17:00:00,AYAZAĞA MAH-105.SK.NO.24,AYAZAĞA MAH.
4318,SARIYER,100 MM ÇAPLI ŞEBEKE HATTI ARIZASI,01/05/2023 13:28:54,01/05/2023 16:30:00,AYAZAĞA MAH-108.SK.O4,AYAZAĞA MAH.
4319,SARIYER,ŞEBEKE HATTI VANA MONTAJI/DEĞİŞİMİ,16/05/2023 01:22:50,16/05/2023 18:30:00,AYAZAĞA MAH-122.SK.İÇİ,AYAZAĞA MAH.
4320,SARIYER,100 MM ÇAPLI ŞEBEKE HATTI ARIZASI,25/04/2023 12:20:57,25/04/2023 15:30:00,AYAZAĞA MAH-130.SK,AYAZAĞA MAH.
4321,SARIYER,100 MM ÇAPLI ŞEBEKE HATTI ARIZASI,30/08/2023 13:41:39,30/08/2023 16:00:00,AYAZAĞA MAH-130.SK.NO.48,AYAZAĞA MAH.
4322,SARIYER,250 MM ÇAPLI ŞEBEKE HATTI ARIZASI,23/02/2023 12:06:08,23/02/2023 16:30:00,AYAZAĞA MAH-170.SK.İÇİ,AYAZAĞA MAH.
4323,SARIYER,100 MM ÇAPLI ŞEBEKE HATTI ARIZASI,10/07/2023 10:53:43,10/07/2023 14:00:00,AYAZAĞA MAH-197.SK.NO.10,AYAZAĞA MAH.
4324,SARIYER,100 MM ÇAPLI ŞEBEKE HATTI ARIZASI,23/11/2023 11:07:26,23/11/2023 13:30:00,AYAZAĞA MAH-207.SK ÇIK İÇİ,AYAZAĞA MAH.
4325,SARIYER,100 MM ÇAPLI ŞEBEKE HATTI ARIZASI,14/11/2023 10:46:02,14/11/2023 14:30:00,AYAZAĞA MAH-DEREBOYU 1 CD NO.63,AYAZAĞA MAH.
4326,SARIYER,100 MM ÇAPLI ŞEBEKE HATTI ARIZASI,27/02/2023 12:03:48,27/02/2023 14:30:00,AYAZAĞA MAH-DEREBOYU 1 CD İÇİ,AYAZAĞA MAH.
4327,SARIYER,100 MM ÇAPLI ŞEBEKE HATTI ARIZASI,23/12/2023 14:18:26,23/12/2023 17:30:00,AYAZAĞA MAH-KEMERBURGAZ CD. NO.53,AYAZAĞA MAH.
4328,SARIYER,100 MM ÇAPLI ŞEBEKE HATTI ARIZASI,31/03/2023 08:39:29,31/03/2023 12:00:00,AYAZAĞA MAH-KEMERBURGAZ CD. NO:3,AYAZAĞA MAH.
4329,SARIYER,100 MM ÇAPLI ŞEBEKE HATTI ARIZASI,25/02/2023 14:11:42,25/02/2023 17:30:00,AYAZAĞA MAH-KEMERBURGAZ CD. İÇİ,AYAZAĞA MAH.
4330,SARIYER,100 MM ÇAPLI ŞEBEKE HATTI ARIZASI,29/09/2023 16:31:43,29/09/2023 19:30:00,AYAZAĞA MAH-KEMERBURGAZ CD. İÇİ,AYAZAĞA MAH.
4331,SARIYER,ŞEBEKE HATTI DEPLASE ÇALIŞMASI,01/01/2024 11:29:11,01/01/2024 16:30:00,AYAZAĞA MAH-MİMAR SİNAN SK İÇİ,AYAZAĞA MAH.
4332,SARIYER,100 MM ÇAPLI ŞEBEKE HATTI ARIZASI,08/07/2023 13:33:30,08/07/2023 15:30:00,AYAZAĞA MAH-ŞEHİT ORHAN KARADAĞ SK NO.6,AYAZAĞA MAH.
4333,SARIYER,100 MM ÇAPLI ŞEBEKE HATTI ARIZASI,21/09/2023 10:29:31,21/09/2023 13:00:00,AYAZAĞA MAH-ŞEHİT İLHAN YURT SK İÇİ,AYAZAĞA MAH.
4334,SARIYER,150 MM ÇAPLI ŞEBEKE HATTI ARIZASI,16/09/2023 10:18:35,16/09/2023 14:00:00,AYAZAĞA MH  ESKİ BÜYKDERE CD,AYAZAĞA MAH.
4335,SARIYER,100 MM ÇAPLI ŞEBEKE HATTI ARIZASI,25/12/2023 09:41:49,25/12/2023 15:00:00,AYAZAĞA MH 114 SK NO:42,AYAZAĞA MAH.
4336,SARIYER,ELEKTRİK ENERJİSİ PROBLEMİ,20/01/2024 10:32:11,20/01/2024 12:00:00,AYAZAĞA TERFİ,"AYAZAĞA MAH.,BAHÇEKÖY MERKEZ MAH.,BAHÇEKÖY YENİ MAH,PINAR MAH,REŞİTPAŞA MAH,İSTİNYE MAH"
4337,SARIYER,ENERJİ KESİNTİSİ,21/01/2024 11:23:49,21/01/2024 14:00:00,AYAZAĞA TERFİ,"AYAZAĞA MAH.,BAHÇEKÖY MERKEZ MAH.,BAHÇEKÖY YENİ MAH,PINAR MAH,REŞİTPAŞA MAH,İSTİNYE MAH"
4338,SARIYER,1000 MM ÇAPLI ANA İSALE HATTI ARIZASI,28/06/2023 02:51:50,28/06/2023 07:00:00,AYAZAĞA-BAHÇEKÖY İSALE HATTI,"BAHÇEKÖY KEMER MAH,BAHÇEKÖY MERKEZ MAH.,BAHÇEKÖY YENİ MAH,DEMİRCİKÖY MAH,GÜMÜŞDERE MAH,KISIRKAYA MAH,KUMKÖY [KİLYOS] MAH,USKUMRUKÖY MAH,ZEKERİYAKÖY MAH"
4339,SARIYER,1000 MM ÇAPLI ANA İSALE HATTI ARIZASI,28/06/2023 09:01:35,28/06/2023 18:00:00,AYAZAĞA-BAHÇEKÖY İSALE HATTI,"BAHÇEKÖY KEMER MAH,BAHÇEKÖY MERKEZ MAH.,BAHÇEKÖY YENİ MAH,DEMİRCİKÖY MAH,GÜMÜŞDERE MAH,KISIRKAYA MAH,KUMKÖY [KİLYOS] MAH,USKUMRUKÖY MAH,ZEKERİYAKÖY MAH"
4340,SARIYER,400 MM ÇAPLI ANA İSALE HATTI ARIZASI,26/09/2023 10:17:05,26/09/2023 23:59:00,AYAZAĞA-BÜYÜKDERE HATTI,MASLAK MAH.
4341,SARIYER,ENERJİ KESİNTİSİ,26/09/2023 00:20:41,26/09/2023 08:00:00,AYAZĞA TERFİ,"AYAZAĞA MAH.,BAHÇEKÖY MERKEZ MAH.,BAHÇEKÖY YENİ MAH,PINAR MAH,POLİGON MAH,REŞİTPAŞA MAH,İSTİNYE MAH"
4342,SARIYER,BASINÇ DÜŞÜKLÜĞÜ,17/05/2023 11:47:05,17/05/2023 15:00:00,BAHCEKÖY YENİ MH  CEVİZ SK   İÇİ,BAHÇEKÖY YENİ MAH
4343,SARIYER,BASINÇ DÜŞÜKLÜĞÜ,28/10/2023 11:03:48,28/10/2023 23:59:00,BAHCEKÖYMERKEZ MH,"BAHÇEKÖY KEMER MAH,BAHÇEKÖY MERKEZ MAH.,BAHÇEKÖY YENİ MAH"
4344,SARIYER,100 MM ÇAPLI ŞEBEKE HATTI ARIZASI,30/10/2023 11:41:58,30/10/2023 13:00:00,BAHCEKÖYMERKEZ MH VALİDESULTAN CD İÇİ,"BAHÇEKÖY KEMER MAH,BAHÇEKÖY MERKEZ MAH.,BAHÇEKÖY YENİ MAH"
4345,SARIYER,1000 MM ÇAPLI ANA İSALE HATTI ARIZASI,26/09/2023 20:49:08,27/09/2023 06:00:00,BAHÇEKÖY DEPO,"BAHÇEKÖY KEMER MAH,BAHÇEKÖY MERKEZ MAH.,BAHÇEKÖY YENİ MAH,DEMİRCİKÖY MAH,GÜMÜŞDERE MAH,KISIRKAYA MAH,USKUMRUKÖY MAH"
4346,SARIYER,100 MM ÇAPLI ŞEBEKE HATTI ARIZASI,19/07/2023 10:04:24,19/07/2023 13:00:00,BAHÇEKÖY KEMER MAH-ŞHT.ALAATTİN ELYÜREK SK NO.1,"BAHÇEKÖY KEMER MAH,BAHÇEKÖY MERKEZ MAH.,BAHÇEKÖY YENİ MAH"
4347,SARIYER,100 MM ÇAPLI ŞEBEKE HATTI ARIZASI,07/12/2023 13:58:35,07/12/2023 16:00:00,BAHÇEKÖY YENİ MAH-ŞEHİT CENGİZ TOPEL CD NO:18,"BAHÇEKÖY KEMER MAH,BAHÇEKÖY MERKEZ MAH.,BAHÇEKÖY YENİ MAH"
4348,SARIYER,100 MM ÇAPLI ŞEBEKE HATTI ARIZASI,30/09/2023 10:35:01,30/09/2023 15:00:00,BALTALİMANI MAH- ZİRVEM SK,"BALTALİMANI MAH,FATİH SULTAN MEHMET MAH."
4349,SARIYER,100 MM ÇAPLI ŞEBEKE HATTI ARIZASI,12/06/2023 11:46:19,12/06/2023 15:30:00,BALTALİMANI MAH-ANAFARTALAR SK İÇİ,BALTALİMANI MAH
4350,SARIYER,100 MM ÇAPLI ŞEBEKE HATTI ARIZASI,19/06/2023 16:52:55,19/06/2023 19:00:00,BALTALİMANI MAH-REVANİ SK TŞOCAĞI SK KESİŞMİ,BALTALİMANI MAH
4351,SARIYER,ŞEBEKE HATTI DEPLASE ÇALIŞMASI,22/09/2023 14:02:54,22/09/2023 18:00:00,BALTALİMANI MH   ZİRVEM SK  İÇİ,"BALTALİMANI MAH,FATİH SULTAN MEHMET MAH."
4352,SARIYER,ŞEBEKE HATTI YENİLEMESİ,22/08/2023 09:52:46,22/08/2023 19:00:00,BALTALİMANI MH   ZİRVEM SK BAŞI,BALTALİMANI MAH
4353,SARIYER,500 MM ÇAPLI ANA İSALE HATTI ARIZASI,05/07/2023 11:11:38,05/07/2023 14:00:00,BEŞİKTAŞ-SARIYER SAHİL,"BÜYÜKDERE MAH,PTT EVLERİ MAH,SARIYER MERKEZ MAH,YENİ MAH,ÇAYIRBAŞI MAH"
4354,SARIYER,600 MM ÇAPLI  ANA İSALE HATTI ARIZASI,31/05/2023 09:10:37,31/05/2023 21:00:00,BEŞİKTAŞ-SARIYER İSALE HATTI,"BÜYÜKDERE MAH,CUMHURİYET MAH,KAZIM KARABEKİR PAŞA MAH,KİREÇBURNU MAH,MADEN MAH,PTT EVLERİ MAH,RUMELİKAVAĞI MAH,SARIYER MERKEZ MAH,TARABYA MAH,YENİ MAH,ÇAYIRBAŞI MAH"
4355,SARIYER,1200 MM ÇAPLI ANA İSALE HATTI ARIZASI,26/10/2023 10:56:31,27/10/2023 02:00:00,BÜYÜKDERE CADDESİ,"BAHÇEKÖY KEMER MAH,BAHÇEKÖY MERKEZ MAH.,BAHÇEKÖY YENİ MAH,DEMİRCİKÖY MAH,GÜMÜŞDERE MAH,KISIRKAYA MAH,KUMKÖY [KİLYOS] MAH,USKUMRUKÖY MAH,ZEKERİYAKÖY MAH"
4356,SARIYER,100 MM ÇAPLI ŞEBEKE HATTI ARIZASI,19/07/2023 09:11:56,19/07/2023 11:00:00,BÜYÜKDERE MAH-PİYASA CD. İÇİ,"BÜYÜKDERE MAH,SARIYER MERKEZ MAH"
4357,SARIYER,ŞEBEKE HATTI VANA MONTAJI/DEĞİŞİMİ,30/03/2023 14:25:03,30/03/2023 16:30:00,BÜYÜKDERE MAH-SEFARET YANI SK.NO.22 ÖNÜ,"BÜYÜKDERE MAH,SARIYER MERKEZ MAH"
4358,SARIYER,100 MM ÇAPLI ŞEBEKE HATTI ARIZASI,31/05/2023 12:11:53,31/05/2023 15:00:00,BÜYÜKDERE MAH-YOKUŞ SK İÇİ,"BÜYÜKDERE MAH,KAZIM KARABEKİR PAŞA MAH,KOCATAŞ MAH"
4359,SARIYER,100 MM ÇAPLI ŞEBEKE HATTI ARIZASI,29/07/2023 13:12:03,29/07/2023 16:00:00,BÜYÜKDERE MAH-ŞÖLEN SK.NO.11,BÜYÜKDERE MAH
4360,SARIYER,100 MM ÇAPLI ŞEBEKE HATTI ARIZASI,11/01/2024 10:39:32,11/01/2024 13:00:00,BÜYÜKDERE MAH-ŞÖLEN SK.NO.11,"BÜYÜKDERE MAH,KOCATAŞ MAH"
4361,SARIYER,ŞEBEKE HATTI VANA MONTAJI/DEĞİŞİMİ,30/03/2023 10:36:50,30/03/2023 14:36:00,BÜYÜKDERE MAH. DOLUNAY ÇIK.-YAZICI SOK.ÇUBUKÇU SOK.,SARIYER MERKEZ MAH
4362,SARIYER,ŞEBEKE HATTI VANA MONTAJI/DEĞİŞİMİ,24/05/2023 13:07:48,24/05/2023 14:32:00,BÜYÜKDERE MH CUMHURİYET CD  YOKUŞ SK KESİŞİMİ,"BÜYÜKDERE MAH,KAZIM KARABEKİR PAŞA MAH,KOCATAŞ MAH"
4363,SARIYER,100 MM ÇAPLI ŞEBEKE HATTI ARIZASI,26/01/2024 12:12:49,26/01/2024 14:30:00,BÜYÜKDERE MH EKSERCİ SK,"BÜYÜKDERE MAH,SARIYER MERKEZ MAH"
4364,SARIYER,ENERJİ KESİNTİSİ,05/04/2023 11:57:08,05/04/2023 14:00:00,BÜYÜKDERE SARIYER,"BÜYÜKDERE MAH,KAZIM KARABEKİR PAŞA MAH,KOCATAŞ MAH,MADEN MAH"
4365,SARIYER,ENERJİ KESİNTİSİ,07/05/2023 11:37:10,07/05/2023 16:00:00,BÜYÜKDERE SARIYER,"BÜYÜKDERE MAH,KAZIM KARABEKİR PAŞA MAH,KOCATAŞ MAH"
4366,SARIYER,ARITMA TESİSİ ARIZASI,10/12/2023 23:30:26,11/12/2023 03:00:00,CUMHURİYET ARITMA,"BALTALİMANI MAH,BÜYÜKDERE MAH,EMİRGAN MAH,FERAHEVLER MAH,KİREÇBURNU MAH,SARIYER MERKEZ MAH,TARABYA MAH,ÇAYIRBAŞI MAH,İSTİNYE MAH"
4367,SARIYER,ARITMA TESİSİ ARIZASI,27/12/2023 15:06:11,27/12/2023 19:00:00,CUMHURİYET ARITMA,"BALTALİMANI MAH,BÜYÜKDERE MAH,EMİRGAN MAH,KAZIM KARABEKİR PAŞA MAH,KİREÇBURNU MAH,MADEN MAH,PTT EVLERİ MAH,RUMELİHİSARI MAH,SARIYER MERKEZ MAH,TARABYA MAH,YENİKÖY MAH,ÇAYIRBAŞI MAH,İSTİNYE MAH"
4368,SARIYER,100 MM ÇAPLI ŞEBEKE HATTI ARIZASI,06/10/2023 09:29:52,06/10/2023 12:30:00,CUMHURİYET MAH-DEREOTU SK İÇİ,CUMHURİYET MAH
4369,SARIYER,100 MM ÇAPLI ŞEBEKE HATTI ARIZASI,17/10/2023 13:46:45,17/10/2023 17:30:00,CUMHURİYET MAH-DÖNENCE SK İÇİ,"CUMHURİYET MAH,KİREÇBURNU MAH,TARABYA MAH"
4370,SARIYER,100 MM ÇAPLI ŞEBEKE HATTI ARIZASI,30/10/2023 14:48:13,30/10/2023 17:30:00,CUMHURİYET MH  ATILGAN SK NO:30,CUMHURİYET MAH
4371,SARIYER,150 MM ÇAPLI ŞEBEKE HATTI ARIZASI,14/12/2023 13:23:53,14/12/2023 17:30:00,CUMHURİYET MH ARABAYOLU CD KÖŞKLERYANI SK KESİŞİMİ,"CUMHURİYET MAH,KİREÇBURNU MAH,TARABYA MAH"
4372,SARIYER,100 MM ÇAPLI ŞEBEKE HATTI ARIZASI,08/03/2023 10:10:28,08/03/2023 12:30:00,CUMHURİYET MH DOĞRU SK NO:58,CUMHURİYET MAH
4373,SARIYER,100 MM ÇAPLI ŞEBEKE HATTI ARIZASI,02/07/2023 01:25:27,02/07/2023 12:00:00,DARÜŞŞAFAKA MAH DARÜŞŞAFAKA CAD,"DARÜŞŞAFAKA MAH,ÇAMLITEPE MAH"
4374,SARIYER,ŞEBEKE HATTI VANA MONTAJI/DEĞİŞİMİ,13/08/2023 10:14:21,13/08/2023 14:00:00,DARÜŞŞAFAKA MAH-BALABANDERE CD İÇİ,DARÜŞŞAFAKA MAH
4375,SARIYER,100 MM ÇAPLI ŞEBEKE HATTI ARIZASI,21/06/2023 18:11:28,21/06/2023 23:59:00,DARÜŞŞAFAKA MAH. ILICAK SOKAK,DARÜŞŞAFAKA MAH
4376,SARIYER,100 MM ÇAPLI ŞEBEKE HATTI ARIZASI,12/08/2023 13:21:26,12/08/2023 17:00:00,DARÜŞŞAFAKA MAHALLESİ ÇAĞDAŞ BOĞAZ IÇI SITESI YOLU SOKAK,DARÜŞŞAFAKA MAH
4377,SARIYER,BASINÇ DÜŞÜKLÜĞÜ,23/08/2023 21:18:41,24/08/2023 06:00:00,EMİRGAN MAH - REŞİTPAŞA MAH - POLİGON MAH. - İSTİNYE MAH.,"EMİRGAN MAH,POLİGON MAH,REŞİTPAŞA MAH,İSTİNYE MAH"
4378,SARIYER,100 MM ÇAPLI ŞEBEKE HATTI ARIZASI,11/09/2023 10:22:42,11/09/2023 13:30:00,EMİRGAN MAH- SAKIPSABANCI CD NO:84,EMİRGAN MAH
4379,SARIYER,100 MM ÇAPLI ŞEBEKE HATTI ARIZASI,05/07/2023 09:47:45,05/07/2023 12:30:00,EMİRGAN MAH-BOZTEPE SK NO.25,EMİRGAN MAH
4380,SARIYER,100 MM ÇAPLI ŞEBEKE HATTI ARIZASI,07/06/2023 09:46:05,07/06/2023 14:00:00,EMİRGAN MAH-DOĞRU MUVAKKİTHANE SK İÇİ,EMİRGAN MAH
4381,SARIYER,100 MM ÇAPLI ŞEBEKE HATTI ARIZASI,05/05/2023 13:56:48,05/05/2023 20:30:00,EMİRGAN MAH-KARANFİL SK  İÇİ,"EMİRGAN MAH,REŞİTPAŞA MAH"
4382,SARIYER,ARIZA SEBEBİ İLE BASINÇ DÜŞÜKLÜĞÜ,13/12/2023 12:34:06,14/12/2023 03:00:00,EMİRGAN SAKIB SABANCI CAD.,"BALTALİMANI MAH,EMİRGAN MAH,RUMELİHİSARI MAH,İSTİNYE MAH"
4383,SARIYER,100 MM ÇAPLI ŞEBEKE HATTI ARIZASI,23/06/2023 14:01:17,23/06/2023 17:00:00,FATİH SULTAN MEHMET MAH BİLGİ SK NO:89,FATİH SULTAN MEHMET MAH.
4384,SARIYER,100 MM ÇAPLI ŞEBEKE HATTI ARIZASI,25/10/2023 09:42:14,25/10/2023 12:00:00,FATİH SULTAN MEHMET MAH-  ADAK SK,FATİH SULTAN MEHMET MAH.
4385,SARIYER,100 MM ÇAPLI ŞEBEKE HATTI ARIZASI,16/02/2024 10:22:04,16/02/2024 12:30:00,FATİH SULTAN MEHMET MAH-  AKÇAN NO:2,FATİH SULTAN MEHMET MAH.
4386,SARIYER,100 MM ÇAPLI ŞEBEKE HATTI ARIZASI,21/11/2023 16:28:25,21/11/2023 21:00:00,FATİH SULTAN MEHMET MAH-  ALEV SK NO:29,FATİH SULTAN MEHMET MAH.
4387,SARIYER,100 MM ÇAPLI ŞEBEKE HATTI ARIZASI,22/11/2023 10:02:38,22/11/2023 13:30:00,FATİH SULTAN MEHMET MAH-  ALEV SK İÇİ,FATİH SULTAN MEHMET MAH.
4388,SARIYER,ŞEBEKE HATTI DEPLASE ÇALIŞMASI,05/12/2023 09:56:57,05/12/2023 13:00:00,FATİH SULTAN MEHMET MAH-  BEYAZ SK İLE AVŞA SK KESİŞİMİ,FATİH SULTAN MEHMET MAH.
4389,SARIYER,100 MM ÇAPLI ŞEBEKE HATTI ARIZASI,21/09/2023 09:00:12,21/09/2023 12:00:00,FATİH SULTAN MEHMET MAH-  MERKEZ CAMİ CD  İÇİ,"BALTALİMANI MAH,FATİH SULTAN MEHMET MAH."
4390,SARIYER,100 MM ÇAPLI ŞEBEKE HATTI ARIZASI,24/11/2023 11:38:44,24/11/2023 13:00:00,FATİH SULTAN MEHMET MAH-  ZUBEYDAHANIM CD MÜCEVHER SK KESİŞİMİ,FATİH SULTAN MEHMET MAH.
4391,SARIYER,100 MM ÇAPLI ŞEBEKE HATTI ARIZASI,24/01/2024 13:14:00,24/01/2024 15:00:00,FATİH SULTAN MEHMET MAH-  ÇEKİRGE ÇIKMAZI SK,FATİH SULTAN MEHMET MAH.
4392,SARIYER,100 MM ÇAPLI ŞEBEKE HATTI ARIZASI,09/01/2024 11:09:40,09/01/2024 17:30:00,FATİH SULTAN MEHMET MAH-  ŞEFTALİ SK İLE PARK SK KESİŞİMİ,FATİH SULTAN MEHMET MAH.
4393,SARIYER,ŞEBEKE HATTI DEPLASE ÇALIŞMASI,12/12/2023 13:07:57,12/12/2023 18:00:00,FATİH SULTAN MEHMET MAH-  ŞHT HASANUZUN SK İLE BİLGE SK KESİİMİ,FATİH SULTAN MEHMET MAH.
4394,SARIYER,ŞEBEKE HATTI DEPLASE ÇALIŞMASI,19/12/2023 12:45:21,19/12/2023 18:00:00,FATİH SULTAN MEHMET MAH-  ŞHT HASANUZUN SK İLE BİLGE SK KESİİMİ,FATİH SULTAN MEHMET MAH.
4395,SARIYER,100 MM ÇAPLI ŞEBEKE HATTI ARIZASI,14/09/2023 12:06:11,14/09/2023 14:00:00,FATİH SULTAN MEHMET MAH- NİSAN ÇIK NO.6,FATİH SULTAN MEHMET MAH.
4396,SARIYER,100 MM ÇAPLI ŞEBEKE HATTI ARIZASI,21/03/2023 10:41:50,21/03/2023 13:00:00,FATİH SULTAN MEHMET MAH- ONAT SK İÇİ,FATİH SULTAN MEHMET MAH.
4397,SARIYER,100 MM ÇAPLI ŞEBEKE HATTI ARIZASI,19/05/2023 11:17:26,19/05/2023 16:00:00,FATİH SULTAN MEHMET MAH-AKCAN SK.İÇİ,FATİH SULTAN MEHMET MAH.
4398,SARIYER,ŞEBEKE HATTI DEPLASE ÇALIŞMASI,04/12/2023 12:08:52,04/12/2023 15:00:00,FATİH SULTAN MEHMET MAH-BEYAZ SK.İLE AVŞA SK KESİŞMİ,FATİH SULTAN MEHMET MAH.
4399,SARIYER,100 MM ÇAPLI ŞEBEKE HATTI ARIZASI,11/08/2023 15:40:58,11/08/2023 19:30:00,FATİH SULTAN MEHMET MAH-DOĞANŞAR SK NO.56,FATİH SULTAN MEHMET MAH.
4400,SARIYER,100 MM ÇAPLI ŞEBEKE HATTI ARIZASI,24/07/2023 09:15:03,24/07/2023 11:30:00,FATİH SULTAN MEHMET MAH-DUMLUPINAR SK OKUL ÖNÜ,"BALTALİMANI MAH,FATİH SULTAN MEHMET MAH."
4401,SARIYER,100 MM ÇAPLI ŞEBEKE HATTI ARIZASI,11/08/2023 10:34:34,11/08/2023 12:30:00,FATİH SULTAN MEHMET MAH-KÜPELİ SK.NO.9,FATİH SULTAN MEHMET MAH.
4402,SARIYER,100 MM ÇAPLI ŞEBEKE HATTI ARIZASI,01/07/2023 23:54:09,02/07/2023 01:00:00,FATİH SULTAN MEHMET MAH.MERCAN SK,FATİH SULTAN MEHMET MAH.
4403,SARIYER,100 MM ÇAPLI ŞEBEKE HATTI ARIZASI,17/03/2023 14:34:56,17/03/2023 16:30:00,FERAHEVLER MAH- AVŞAR SK  NO:43,FERAHEVLER MAH
4404,SARIYER,100 MM ÇAPLI ŞEBEKE HATTI ARIZASI,03/11/2023 09:50:34,03/11/2023 12:00:00,FERAHEVLER MAH- ÇELİK SK  İÇİ,"FERAHEVLER MAH,YENİKÖY MAH,İSTİNYE MAH"
4405,SARIYER,100 MM ÇAPLI ŞEBEKE HATTI ARIZASI,05/01/2024 14:29:28,05/01/2024 17:30:00,FERAHEVLER MAH-FİDAN SK NO:7,FERAHEVLER MAH
4406,SARIYER,100 MM ÇAPLI ŞEBEKE HATTI ARIZASI,17/01/2024 11:43:36,17/01/2024 17:30:00,GARİPCE MH  GARİPCE CD  İÇİ,GARİPÇE MAH
4407,SARIYER,100 MM ÇAPLI ŞEBEKE HATTI ARIZASI,03/10/2023 10:02:41,03/10/2023 12:00:00,GÜMÜŞDE MH  BAYRAKTAR SK NO:27,GÜMÜŞDERE MAH
4408,SARIYER,ARIZA SEBEBİ İLE BASINÇ DÜŞÜKLÜĞÜ,19/07/2023 14:39:24,19/07/2023 18:00:00,HACIOSMAN TERFI ÇIKIŞI ISALE HATTI,"CUMHURİYET MAH,KİREÇBURNU MAH,TARABYA MAH"
4409,SARIYER,TERFİ  MERKEZİ ARIZASI,22/03/2023 14:31:36,22/03/2023 19:00:00,HACIOSMAN TERFİ MERKEZİ,"CUMHURİYET MAH,DARÜŞŞAFAKA MAH,FERAHEVLER MAH,KİREÇBURNU MAH,TARABYA MAH,YENİKÖY MAH,ÇAMLITEPE MAH"
4410,SARIYER,100 MM ÇAPLI ŞEBEKE HATTI ARIZASI,10/03/2023 09:08:39,10/03/2023 11:30:00,HUZUR MAH CUMHURİYETVEDEMOKRASI CD DURAK ÖNÜ,HUZUR MAH.
4411,SARIYER,100 MM ÇAPLI ŞEBEKE HATTI ARIZASI,21/08/2023 10:25:49,21/08/2023 13:00:00,HUZUR MAH LLALE2 SK NO:6,HUZUR MAH.
4412,SARIYER,100 MM ÇAPLI ŞEBEKE HATTI ARIZASI,20/12/2023 12:28:27,20/12/2023 16:30:00,HUZUR MAH-ASUDE SK.NO.5,HUZUR MAH.
4413,SARIYER,100 MM ÇAPLI ŞEBEKE HATTI ARIZASI,25/07/2023 15:38:15,25/07/2023 19:30:00,HUZUR MAH-MERİÇ 1 SK.NO:7,HUZUR MAH.
4414,SARIYER,100 MM ÇAPLI ŞEBEKE HATTI ARIZASI,15/04/2023 10:02:45,15/04/2023 15:00:00,HUZUR MAHALLE CUMHURİYET VE DEMOKRASİ CADDE,HUZUR MAH.
4415,SARIYER,100 MM ÇAPLI ŞEBEKE HATTI ARIZASI,17/04/2023 11:30:44,17/04/2023 16:00:00,HUZUR MAHALLE CUMHURİYET VE DEMOKRASİ CADDE,HUZUR MAH.
4416,SARIYER,100 MM ÇAPLI ŞEBEKE HATTI ARIZASI,07/07/2023 10:59:16,07/07/2023 15:00:00,KAZIM KARABEKİR PAŞA MAH-FATOŞ SK. NO.31,"KAZIM KARABEKİR PAŞA MAH,PTT EVLERİ MAH,ÇAYIRBAŞI MAH"
4417,SARIYER,1000 MM ÇAPLI ANA İSALE HATTI ARIZASI,25/01/2024 12:16:58,25/01/2024 21:00:00,KAĞITHANE CENDERE CADDESİ,"AYAZAĞA MAH.,HUZUR MAH."
4418,SARIYER,1000 MM ÇAPLI ANA İSALE HATTI ARIZASI,29/04/2023 21:40:05,30/04/2023 10:00:00,KAĞITHANE CENDERE MEVKİİ,"AYAZAĞA MAH.,HUZUR MAH."
4419,SARIYER,ANA İSALE HATTINA DEBİMETRE MONTAJI / DEĞİŞİMİ,12/09/2023 20:55:18,13/09/2023 05:00:00,KAĞITHANE DEPO 1000 MM CAZİBE HATTINDAN AYRILAN 500 MM İSALE HATTI ÜZERİNDE,"AYAZAĞA MAH.,HUZUR MAH."
4420,SARIYER,100 MM ÇAPLI ŞEBEKE HATTI ARIZASI,13/08/2023 10:06:26,13/08/2023 13:00:00,KISIRKAYA MAH-CANKURTARAN SK.İÇİ,KISIRKAYA MAH
4421,SARIYER,100 MM ÇAPLI ŞEBEKE HATTI ARIZASI,19/07/2023 14:51:18,19/07/2023 18:00:00,KISIRKAYA MAH-KURUDERE SK.İÇİ,KISIRKAYA MAH
4422,SARIYER,100 MM ÇAPLI ŞEBEKE HATTI ARIZASI,20/07/2023 08:56:58,20/07/2023 13:30:00,KISIRKAYA MAH-KURUDERE SK.İÇİ,KISIRKAYA MAH
4423,SARIYER,100 MM ÇAPLI ŞEBEKE HATTI ARIZASI,28/10/2023 10:13:30,28/10/2023 14:30:00,KISIRKAYA MAH-KİREMİTHANE SK  MANZARA RESTAURANTIN ÖNÜ,KISIRKAYA MAH
4424,SARIYER,100 MM ÇAPLI ŞEBEKE HATTI ARIZASI,15/01/2024 10:31:09,15/01/2024 15:00:00,KISIRKAYA MAH-KİREMİTHANE SK  İÇİ,KISIRKAYA MAH
4425,SARIYER,100 MM ÇAPLI ŞEBEKE HATTI ARIZASI,16/08/2023 10:49:03,16/08/2023 13:00:00,KISIRKAYA MAH-KİREMİTHANE SK NO:3,KISIRKAYA MAH
4426,SARIYER,ŞEBEKE HATTI VANA MONTAJI/DEĞİŞİMİ,14/08/2023 13:43:34,14/08/2023 17:30:00,KISIRKAYA MAH-KİREMİTHANE SK İÇİ,KISIRKAYA MAH
4427,SARIYER,100 MM ÇAPLI ŞEBEKE HATTI ARIZASI,08/08/2023 11:28:44,08/08/2023 19:00:00,KISIRKAYA MAH-KİREMİTHANE SKİMANZARA REST. ÖNÜ,KISIRKAYA MAH
4428,SARIYER,100 MM ÇAPLI ŞEBEKE HATTI ARIZASI,14/01/2024 12:15:44,14/01/2024 13:30:00,KISIRKAYA MAH-İNCEKUM SK İÇİ,KISIRKAYA MAH
4429,SARIYER,100 MM ÇAPLI ŞEBEKE HATTI ARIZASI,19/01/2024 09:29:21,19/01/2024 13:00:00,KISIRKAYA MAH-İNCEKUM SK İÇİ,KISIRKAYA MAH
4430,SARIYER,100 MM ÇAPLI ŞEBEKE HATTI ARIZASI,02/02/2024 10:38:42,02/02/2024 13:00:00,KISIRKAYA MAH-İNCEKUM SK İÇİ,KISIRKAYA MAH
4431,SARIYER,100 MM ÇAPLI ŞEBEKE HATTI ARIZASI,29/09/2023 11:44:00,29/09/2023 15:00:00,KISIRKAYA MH KİREMİTHANE SK İÇİ,KISIRKAYA MAH
4432,SARIYER,100 MM ÇAPLI ŞEBEKE HATTI ARIZASI,01/01/2024 13:22:00,01/01/2024 15:30:00,KUMKÖY MAH-AKTAŞ SK.NO.8,KUMKÖY [KİLYOS] MAH
4433,SARIYER,100 MM ÇAPLI ŞEBEKE HATTI ARIZASI,24/09/2023 10:35:51,24/09/2023 12:30:00,KUMKÖY MAH-KİLYOS CD.NO.337,KUMKÖY [KİLYOS] MAH
4434,SARIYER,100 MM ÇAPLI ŞEBEKE HATTI ARIZASI,26/06/2023 10:24:27,26/06/2023 12:30:00,KUMKÖY MAHALLE FINDIKLI GEÇİT CADDE,"DEMİRCİKÖY MAH,KUMKÖY [KİLYOS] MAH"
4435,SARIYER,100 MM ÇAPLI ŞEBEKE HATTI ARIZASI,17/08/2023 14:31:57,17/08/2023 17:30:00,KUMKÖY MH   SUÇİÇEĞİ SK NO:8,KUMKÖY [KİLYOS] MAH
4436,SARIYER,100 MM ÇAPLI ŞEBEKE HATTI ARIZASI,23/05/2023 08:45:15,23/05/2023 13:00:00,KUMKÖY MH  MARANEGRO YAKAMOZ   NO:20,KUMKÖY [KİLYOS] MAH
4437,SARIYER,ŞEBEKE HATTI VANA MONTAJI/DEĞİŞİMİ,28/09/2023 09:46:35,28/09/2023 13:30:00,KUMKÖY MH KİLYOS CD ICA ŞANTİYESİ,KUMKÖY [KİLYOS] MAH
4438,SARIYER,100 MM ÇAPLI ŞEBEKE HATTI ARIZASI,29/09/2023 09:42:30,29/09/2023 13:00:00,KUMKÖY MH SUTARAZISI CD NO:15,KUMKÖY [KİLYOS] MAH
4439,SARIYER,100 MM ÇAPLI ŞEBEKE HATTI ARIZASI,04/04/2023 10:01:49,04/04/2023 16:00:00,KUMKÖY(KİLYOS) MAH KAYAALAN SOKAK,KUMKÖY [KİLYOS] MAH
4440,SARIYER,150 MM ÇAPLI ŞEBEKE HATTI ARIZASI,06/10/2023 14:08:31,06/10/2023 17:30:00,KİREÇBUNU MAH- MÜHENDİS HÜSEYİN SK İÇİ,"BÜYÜKDERE MAH,MADEN MAH,PTT EVLERİ MAH,SARIYER MERKEZ MAH,SARIYER MERKEZ MAH"
4441,SARIYER,ŞEBEKE HATTI VANA MONTAJI/DEĞİŞİMİ,17/07/2023 21:22:52,18/07/2023 17:30:00,LEVENT MAH KARAKOL SOKAK TERFİ MERKEZİ,"BALTALİMANI MAH,FATİH SULTAN MEHMET MAH.,RUMELİHİSARI MAH"
4442,SARIYER,ŞEBEKE HATTI DEPLASE ÇALIŞMASI,18/08/2023 15:49:03,18/08/2023 19:30:00,MADEN  MH BOĞAZKENT CD CD İÇİ,MADEN MAH
4443,SARIYER,ŞEBEKE HATTI DEPLASE ÇALIŞMASI,12/02/2024 13:02:53,12/02/2024 16:30:00,MADEN  MH GÜLÜMSER SK SK İÇİ,MADEN MAH
4444,SARIYER,100 MM ÇAPLI ŞEBEKE HATTI ARIZASI,26/07/2023 10:37:53,26/07/2023 13:30:00,MADEN MAH-BURÇİN SK İÇİ,MADEN MAH
4445,SARIYER,100 MM ÇAPLI ŞEBEKE HATTI ARIZASI,20/07/2023 13:56:55,20/07/2023 17:00:00,MADEN MAH-KAĞNI SKNO:32,"MADEN MAH,SARIYER MERKEZ MAH"
4446,SARIYER,100 MM ÇAPLI ŞEBEKE HATTI ARIZASI,11/07/2023 11:12:50,11/07/2023 13:30:00,MADEN MAH-KIZILELMA SK SKİÇİ,MADEN MAH
4447,SARIYER,ŞEBEKE HATTI DEPLASE ÇALIŞMASI,28/11/2023 11:27:02,28/11/2023 14:30:00,MADEN MAH-TUĞRUL SK.İÇİ,MADEN MAH
4448,SARIYER,ŞEBEKE HATTI DEPLASE ÇALIŞMASI,09/06/2023 10:02:52,09/06/2023 17:00:00,MADEN MAH-ÖZDEREİÇİ CD. İÇİ,MADEN MAH
4449,SARIYER,150 MM ÇAPLI ŞEBEKE HATTI ARIZASI,05/06/2023 16:00:12,05/06/2023 18:30:00,MADEN MAH-ÖZDEREİÇİ CD.NO.15,MADEN MAH
4450,SARIYER,100 MM ÇAPLI ŞEBEKE HATTI ARIZASI,15/04/2023 14:24:07,15/04/2023 15:30:00,MADEN MAHALLE YUNUS EMRE CADDE,MADEN MAH
4451,SARIYER,100 MM ÇAPLI ŞEBEKE HATTI ARIZASI,07/08/2023 13:16:49,07/08/2023 15:30:00,MADEN MAHALLE ÖZDEREİÇİ CADDE,MADEN MAH
4452,SARIYER,150 MM ÇAPLI ŞEBEKE HATTI ARIZASI,06/06/2023 13:35:21,06/06/2023 16:30:00,MADEN MH ÖZDEREİÇİ CD NO:17,MADEN MAH
4453,SARIYER,100 MM ÇAPLI ŞEBEKE HATTI ARIZASI,02/12/2023 10:57:23,02/12/2023 14:00:00,MADEN TERFİ  AKDEMİR SK BAŞI,MADEN MAH
4454,SARIYER,ŞEBEKE HATTI VANA MONTAJI/DEĞİŞİMİ,03/03/2023 20:12:57,04/03/2023 06:00:00,MADEN TERFİ MERKEZİ,"RUMELİKAVAĞI MAH,SARIYER MERKEZ MAH,YENİ MAH"
4455,SARIYER,ŞEBEKE HATTI VANA MONTAJI/DEĞİŞİMİ,27/02/2023 21:52:18,28/02/2023 06:00:00,MADEN TERFİİ MERKEZİ,"MADEN MAH,RUMELİKAVAĞI MAH,SARIYER MERKEZ MAH,YENİ MAH,ZEKERİYAKÖY MAH"
4456,SARIYER,ŞEBEKE HATTI VANA MONTAJI/DEĞİŞİMİ,11/07/2023 22:43:18,12/07/2023 12:00:00,PINAR MAH,PINAR MAH
4457,SARIYER,ŞEBEKE HATTI VANA MONTAJI/DEĞİŞİMİ,05/06/2023 11:19:46,05/06/2023 17:30:00,PINAR MAH DUT SK KILIÇ SK KESİŞİMİ,"DARÜŞŞAFAKA MAH,FERAHEVLER MAH,PINAR MAH,TARABYA MAH,YENİKÖY MAH"
4458,SARIYER,100 MM ÇAPLI ŞEBEKE HATTI ARIZASI,02/06/2023 09:51:21,02/06/2023 15:00:00,PINAR MAH HİLAL CD NO:32,PINAR MAH
4459,SARIYER,ŞEBEKE HATTI VANA MONTAJI/DEĞİŞİMİ,16/03/2023 14:00:50,16/03/2023 17:30:00,PINAR MAH KISMET SK İLE NİSAN SK KESİŞİMİ,PINAR MAH
4460,SARIYER,100 MM ÇAPLI ŞEBEKE HATTI ARIZASI,14/03/2023 12:38:58,14/03/2023 16:00:00,PINAR MAH ÇAMLIBEL CD NO: 174,PINAR MAH
4461,SARIYER,ŞEBEKE HATTI VANA MONTAJI/DEĞİŞİMİ,14/04/2023 14:08:57,14/04/2023 17:30:00,PINAR MAH ÇAMLIBEL CD NO: 49,PINAR MAH
4462,SARIYER,ŞEBEKE HATTI VANA MONTAJI/DEĞİŞİMİ,24/04/2023 12:46:57,24/04/2023 16:30:00,PINAR MAH İNCİ SK,PINAR MAH
4463,SARIYER,100 MM ÇAPLI ŞEBEKE HATTI ARIZASI,23/03/2023 11:05:53,23/03/2023 14:00:00,PINAR MAH- HİLAL CD.NO.13,PINAR MAH
4464,SARIYER,100 MM ÇAPLI ŞEBEKE HATTI ARIZASI,11/07/2023 16:14:40,11/07/2023 19:30:00,PINAR MAH-EZEL SK NO.5,PINAR MAH
4465,SARIYER,100 MM ÇAPLI ŞEBEKE HATTI ARIZASI,28/07/2023 14:48:09,28/07/2023 18:00:00,PINAR MAH-KEKLİK SK.NO.3,PINAR MAH
4466,SARIYER,ŞEBEKE HATTI VANA MONTAJI/DEĞİŞİMİ,15/03/2023 11:58:43,15/03/2023 17:00:00,PINAR MAH-YOSUN SK. İLE KELEBEK SK KESİŞİMİ,PINAR MAH
4467,SARIYER,100 MM ÇAPLI ŞEBEKE HATTI ARIZASI,04/04/2023 13:36:04,04/04/2023 16:00:00,PINAR MAHALLESİ ELMA SOKAK,PINAR MAH
4468,SARIYER,100 MM ÇAPLI ŞEBEKE HATTI ARIZASI,25/03/2023 10:37:16,25/03/2023 12:30:00,PINAR MAHALLESİ HİLAL CADDE,PINAR MAH
4469,SARIYER,ŞEBEKE HATTI VANA MONTAJI/DEĞİŞİMİ,08/06/2023 11:20:53,08/06/2023 14:30:00,PINAR MH ÇAMLIBEL CD NO:127,PINAR MAH
4470,SARIYER,100 MM ÇAPLI ŞEBEKE HATTI ARIZASI,15/12/2023 13:51:39,15/12/2023 18:00:00,POLİGON MH MİS SK NO:23,POLİGON MAH
4471,SARIYER,100 MM ÇAPLI ŞEBEKE HATTI ARIZASI,29/08/2023 00:02:37,29/08/2023 05:00:00,POLİGON MH.,"BALTALİMANI MAH,FATİH SULTAN MEHMET MAH.,RUMELİHİSARI MAH"
4472,SARIYER,100 MM ÇAPLI ŞEBEKE HATTI ARIZASI,16/06/2023 14:18:25,16/06/2023 16:30:00,PTT EVLERİ MAH-KESTANELİK SK.NO.15,PTT EVLERİ MAH
4473,SARIYER,100 MM ÇAPLI ŞEBEKE HATTI ARIZASI,16/11/2023 11:16:38,16/11/2023 15:30:00,PTT EVLERİ MAH-MANOLYA ÇİÇEĞİ SKNO:15,"PTT EVLERİ MAH,ÇAYIRBAŞI MAH"
4474,SARIYER,100 MM ÇAPLI ŞEBEKE HATTI ARIZASI,20/11/2023 13:10:04,20/11/2023 16:30:00,PTT EVLERİ MH   YAVUZSELİM CD  İÇİ,PTT EVLERİ MAH
4475,SARIYER,100 MM ÇAPLI ŞEBEKE HATTI ARIZASI,25/10/2023 11:18:21,25/10/2023 14:00:00,PTT EVLERİ MH  HOŞDERE ÇIKMZI,PTT EVLERİ MAH
4476,SARIYER,100 MM ÇAPLI ŞEBEKE HATTI ARIZASI,11/05/2023 14:00:33,11/05/2023 16:30:00,PTT EVLERİ MH  KANUNİ SULTAN SULEYMAN CD İÇİ,PTT EVLERİ MAH
4477,SARIYER,100 MM ÇAPLI ŞEBEKE HATTI ARIZASI,18/08/2023 16:13:49,18/08/2023 19:00:00,PTT EVLERİ MH  ŞHT SEDAT BAKAÇAK SK NO:24,PTT EVLERİ MAH
4478,SARIYER,ŞEBEKE HATTI VANA MONTAJI/DEĞİŞİMİ,07/06/2023 15:20:10,07/06/2023 17:30:00,PTT EVLERİ MH -BİLİŞİM ÇIK SK SONU,PTT EVLERİ MAH
4479,SARIYER,100 MM ÇAPLI ŞEBEKE HATTI ARIZASI,04/10/2023 11:15:27,04/10/2023 14:30:00,PTT EVLERİ MH PTT PARK SK NO:8,PTT EVLERİ MAH
4480,SARIYER,100 MM ÇAPLI ŞEBEKE HATTI ARIZASI,15/07/2023 16:30:35,15/07/2023 21:00:00,REŞİTPAŞA MAH POLİGON CADDE,"POLİGON MAH,REŞİTPAŞA MAH,İSTİNYE MAH"
4481,SARIYER,100 MM ÇAPLI ŞEBEKE HATTI ARIZASI,18/10/2023 15:11:24,18/10/2023 18:30:00,REŞİTPAŞA MAH-   BALÇİÇEĞİ SK NO:8,"EMİRGAN MAH,REŞİTPAŞA MAH"
4482,SARIYER,ŞEBEKE HATTI VANA MONTAJI/DEĞİŞİMİ,23/08/2023 09:24:59,23/08/2023 17:30:00,REŞİTPAŞA MAH-   BAYRAM SK  SK İÇİ--- EMİRGAN MAH-EMİRGAN KORU CD İÇİ-,"EMİRGAN MAH,PINAR MAH,POLİGON MAH,REŞİTPAŞA MAH,İSTİNYE MAH"
4483,SARIYER,ŞEBEKE HATTI VANA MONTAJI/DEĞİŞİMİ,08/11/2023 11:01:08,08/11/2023 17:30:00,REŞİTPAŞA MAH-   MAREŞAL CD GİRİŞİ,REŞİTPAŞA MAH
4484,SARIYER,ŞEBEKE HATTI VANA MONTAJI/DEĞİŞİMİ,20/11/2023 14:11:05,20/11/2023 21:00:00,REŞİTPAŞA MAH-   TUNCAYARTUN CD SALİH BY SK KESİŞİMİ,REŞİTPAŞA MAH
4485,SARIYER,100 MM ÇAPLI ŞEBEKE HATTI ARIZASI,02/10/2023 12:47:33,02/10/2023 16:30:00,REŞİTPAŞA MAH-  AKÇAKAVAK- ŞEREF SK KESİŞİMİ,"EMİRGAN MAH,REŞİTPAŞA MAH"
4486,SARIYER,100 MM ÇAPLI ŞEBEKE HATTI ARIZASI,12/08/2023 10:57:44,12/08/2023 15:30:00,REŞİTPAŞA MAHALLE TUNCAY ARTUN CADDE,"EMİRGAN MAH,REŞİTPAŞA MAH"
4487,SARIYER,ŞEBEKE HATTI VANA MONTAJI/DEĞİŞİMİ,24/02/2023 09:54:29,24/02/2023 11:30:00,RUMELİ FENERİ MH,"GARİPÇE MAH,RUMELİFENERİ MAH,RUMELİKAVAĞI MAH,ZEKERİYAKÖY MAH"
4488,SARIYER,100 MM ÇAPLI ŞEBEKE HATTI ARIZASI,13/10/2023 09:51:29,13/10/2023 12:30:00,RUMELİ FENERİ MH MARMARACIKYOLU SK NO:20,RUMELİFENERİ MAH
4489,SARIYER,150 MM ÇAPLI ŞEBEKE HATTI ARIZASI,17/02/2024 14:56:54,17/02/2024 18:00:00,RUMELİ FENERİ MH İSTİKLAL CD,RUMELİFENERİ MAH
4490,SARIYER,100 MM ÇAPLI ŞEBEKE HATTI ARIZASI,10/07/2023 12:31:31,10/07/2023 16:00:00,RUMELİ HİSARI  MAH-BAL SK,RUMELİHİSARI MAH
4491,SARIYER,100 MM ÇAPLI ŞEBEKE HATTI ARIZASI,26/12/2023 14:05:16,26/12/2023 19:00:00,RUMELİ HİSARI  MH CAMİ ALTI SK,RUMELİHİSARI MAH
4492,SARIYER,BASINÇ DÜŞÜKLÜĞÜ,09/11/2023 12:59:25,10/11/2023 10:30:00,RUMELİ KAVAĞI MAH-RUMELİ İSKELE CD.İÇİ,RUMELİKAVAĞI MAH
4493,SARIYER,100 MM ÇAPLI ŞEBEKE HATTI ARIZASI,21/11/2023 10:49:49,21/11/2023 15:00:00,RUMELİKAVAĞI İSKELEMEYDANI SK  İÇİ,RUMELİKAVAĞI MAH
4494,SARIYER,100 MM ÇAPLI ŞEBEKE HATTI ARIZASI,08/06/2023 09:17:36,08/06/2023 11:30:00,SARIYER  F S M MH AKCAN SK NO:8,FATİH SULTAN MEHMET MAH.
4495,SARIYER,ŞEBEKE HATTI VANA ARIZASI,11/09/2023 19:42:30,12/09/2023 01:00:00,SARIYER BALTALİMANI MAHALSİ ANAFARTALAR S BALTALİMANI MAHALSİ ANAFARTALAROKAK NO:4 SOKAK GİRİŞİNDE,BALTALİMANI MAH
4496,SARIYER,600 MM ÇAPLI  ANA İSALE HATTI ARIZASI,14/05/2023 19:11:04,14/05/2023 23:59:00,SARIYER HAYDAR ALİYEV CADDESİ,"BÜYÜKDERE MAH,CUMHURİYET MAH,KAZIM KARABEKİR PAŞA MAH,KİREÇBURNU MAH,MADEN MAH,PTT EVLERİ MAH,SARIYER MERKEZ MAH,TARABYA MAH,YENİ MAH,ÇAYIRBAŞI MAH"
4497,SARIYER,100 MM ÇAPLI ŞEBEKE HATTI ARIZASI,26/09/2023 20:20:15,26/09/2023 23:59:00,SARIYER KUMKÖY KLYOS MAHALESİ MECİT KAPTAN SOKAK NO:5,KUMKÖY [KİLYOS] MAH
4498,SARIYER,ARIZA SEBEBİ İLE BASINÇ DÜŞÜKLÜĞÜ,26/09/2023 20:08:28,27/09/2023 01:00:00,SARIYER MADEN,"GARİPÇE MAH,MADEN MAH,RUMELİFENERİ MAH,RUMELİKAVAĞI MAH,SARIYER MERKEZ MAH,YENİ MAH,ZEKERİYAKÖY MAH"
4499,SARIYER,TERFİ  MERKEZİ ARIZASI,28/11/2023 18:14:22,28/11/2023 22:00:00,SARIYER MADEN,"RUMELİKAVAĞI MAH,SARIYER MERKEZ MAH,YENİ MAH"
4500,SARIYER,TERFİ  MERKEZİ ARIZASI,22/02/2023 14:00:04,22/02/2023 17:00:00,SARIYER MADEN TERFİ,"GARİPÇE MAH,MADEN MAH,RUMELİFENERİ MAH,RUMELİKAVAĞI MAH,YENİ MAH,ZEKERİYAKÖY MAH"
4501,SARIYER,ENERJİ KESİNTİSİ,23/07/2023 01:29:28,23/07/2023 08:00:00,SARIYER MADEN TERFİ,"GARİPÇE MAH,MADEN MAH,RUMELİFENERİ MAH,RUMELİKAVAĞI MAH,YENİ MAH,ZEKERİYAKÖY MAH"
4502,SARIYER,TERFİ  MERKEZİ ARIZASI,15/02/2024 13:20:40,15/02/2024 21:00:00,SARIYER MADEN TERFİ,"GARİPÇE MAH,MADEN MAH,RUMELİFENERİ MAH,RUMELİKAVAĞI MAH,SARIYER MERKEZ MAH,YENİ MAH,ZEKERİYAKÖY MAH"
4503,SARIYER,ARIZA SEBEBİ İLE BASINÇ DÜŞÜKLÜĞÜ,25/09/2023 18:43:08,26/09/2023 08:00:00,SARIYER MADEN TERFİ ÇIKIŞI,"GARİPÇE MAH,MADEN MAH,RUMELİFENERİ MAH,RUMELİKAVAĞI MAH,SARIYER MERKEZ MAH,YENİ MAH,YENİKÖY MAH,ZEKERİYAKÖY MAH"
4504,SARIYER,100 MM ÇAPLI ŞEBEKE HATTI ARIZASI,09/05/2023 14:10:10,09/05/2023 17:00:00,SARIYER MERKEZ MAH- DEFNE SK NO:21,SARIYER MERKEZ MAH
4505,SARIYER,100 MM ÇAPLI ŞEBEKE HATTI ARIZASI,24/04/2023 09:34:17,24/04/2023 13:30:00,SARIYER MERKEZ MAH- KÜTÜPHANE ÇIKMZI NO:20,SARIYER MERKEZ MAH
4506,SARIYER,100 MM ÇAPLI ŞEBEKE HATTI ARIZASI,24/04/2023 14:46:01,24/04/2023 16:30:00,SARIYER MERKEZ MAH- YURT ÇIKMAZI SK İÇİ,SARIYER MERKEZ MAH
4507,SARIYER,100 MM ÇAPLI ŞEBEKE HATTI ARIZASI,06/12/2023 14:31:24,06/12/2023 16:30:00,SARIYER MERKEZ MAH-SEFİR SK GİRİŞİ,SARIYER MERKEZ MAH
4508,SARIYER,150 MM ÇAPLI ŞEBEKE HATTI ARIZASI,19/09/2023 13:11:33,19/09/2023 15:30:00,SARIYER MERKEZ MAH-ÇALIŞKAN SK.İÇİ,"BÜYÜKDERE MAH,SARIYER MERKEZ MAH"
4509,SARIYER,100 MM ÇAPLI ŞEBEKE HATTI ARIZASI,06/09/2023 15:31:20,06/09/2023 16:30:00,SARIYER MERKEZ MAH-ŞEHİT MİTHAT YILMAZ CD.NO.81,SARIYER MERKEZ MAH
4510,SARIYER,100 MM ÇAPLI ŞEBEKE HATTI ARIZASI,04/01/2024 11:34:24,04/01/2024 14:30:00,SARIYER MERKEZ MAH-ŞEHİT MİTHAT YILMAZ CD.NO.87,SARIYER MERKEZ MAH
4511,SARIYER,100 MM ÇAPLI ŞEBEKE HATTI ARIZASI,29/07/2023 15:23:09,29/07/2023 19:00:00,SARIYER MERKEZ MAHALLESİ-ÇALIŞKAN SK.İÇİ,"BÜYÜKDERE MAH,SARIYER MERKEZ MAH"
4512,SARIYER,100 MM ÇAPLI ŞEBEKE HATTI ARIZASI,20/09/2023 10:40:15,20/09/2023 13:00:00,"SARIYER MERKEZ MH ÇALIŞKAN SK ,Ç,","BÜYÜKDERE MAH,SARIYER MERKEZ MAH"
4513,SARIYER,600 MM ÇAPLI  ANA İSALE HATTI ARIZASI,28/02/2023 12:58:04,28/02/2023 18:00:00,SARIYER YENİMAHALLE CAD.,"RUMELİKAVAĞI MAH,SARIYER MERKEZ MAH,YENİ MAH"
4514,SARIYER,100 MM ÇAPLI ŞEBEKE HATTI ARIZASI,04/05/2023 09:32:39,04/05/2023 13:30:00,SARIYER ZEKARİYAKÖY HASANALİYÜCEL CD İÇİ,ZEKERİYAKÖY MAH
4515,SARIYER,100 MM ÇAPLI ŞEBEKE HATTI ARIZASI,20/03/2023 11:45:54,20/03/2023 14:30:00,SARIYER ZEKARİYAKÖY REÇİNE SK NO:5,ZEKERİYAKÖY MAH
4516,SARIYER,100 MM ÇAPLI ŞEBEKE HATTI ARIZASI,28/12/2023 10:48:19,28/12/2023 13:30:00,SARIYER ZEKARİYAKÖY TATAR SK  İÇİ,ZEKERİYAKÖY MAH
4517,SARIYER,BASINÇ DÜŞÜKLÜĞÜ,18/07/2023 20:14:29,18/07/2023 23:00:00,SARIYER-BEŞİKTAŞ,"BALTALİMANI MAH,FATİH SULTAN MEHMET MAH.,RUMELİHİSARI MAH"
4518,SARIYER,TERFİ  MERKEZİ ARIZASI,27/03/2023 11:59:40,27/03/2023 15:00:00,SARIYERMADEN TERFİ MERKEZİ,"GARİPÇE MAH,MADEN MAH,RUMELİFENERİ MAH,RUMELİKAVAĞI MAH,ZEKERİYAKÖY MAH"
4519,SARIYER,TERFİ  MERKEZİ ARIZASI,15/02/2024 22:56:15,16/02/2024 03:00:00,SARIYERMADEN TERFİ MERKEZİ,"MADEN MAH,SARIYER MERKEZ MAH,YENİ MAH"
4520,SARIYER,100 MM ÇAPLI ŞEBEKE HATTI ARIZASI,01/03/2023 11:40:50,01/03/2023 14:00:00,SARIYERMERKEZ MH  DURSUN FAKİ SK NO:50,SARIYER MERKEZ MAH
4521,SARIYER,100 MM ÇAPLI ŞEBEKE HATTI ARIZASI,24/10/2023 14:03:52,24/10/2023 17:30:00,SARIYERMERKEZ MH  MADENDERESİ SK NO:29,"MADEN MAH,SARIYER MERKEZ MAH"
4522,SARIYER,100 MM ÇAPLI ŞEBEKE HATTI ARIZASI,08/06/2023 13:58:51,08/06/2023 17:00:00,SARIYERMERKEZ MH MEVSİM SK NO:7,SARIYER MERKEZ MAH
4523,SARIYER,100 MM ÇAPLI ŞEBEKE HATTI ARIZASI,28/02/2023 11:27:07,28/02/2023 15:00:00,SARIYERMERKEZ MH SARIYERDERESİ SK  BAŞI,SARIYER MERKEZ MAH
4524,SARIYER,100 MM ÇAPLI ŞEBEKE HATTI ARIZASI,02/01/2024 11:25:24,02/01/2024 18:00:00,SEYRANTEPE CESUR SK NO:53 KARŞISI,HUZUR MAH.
4525,SARIYER,ŞEBEKE HATTI VANA MONTAJI/DEĞİŞİMİ,01/06/2023 15:50:53,01/06/2023 20:00:00,SEYRANTEPE MAH KAĞITHANE BARBAROS CD TOKİ BLOKLARI ÖNÜ,HUZUR MAH.
4526,SARIYER,100 MM ÇAPLI ŞEBEKE HATTI ARIZASI,03/07/2023 13:25:28,03/07/2023 17:00:00,SEYRANTEPE NARİN SK İÇİ,HUZUR MAH.
4527,SARIYER,100 MM ÇAPLI ŞEBEKE HATTI ARIZASI,15/01/2024 11:56:15,15/01/2024 18:00:00,SEYRANTEPE ÇETİN SK. NO:38 ÖNÜ,HUZUR MAH.
4528,SARIYER,600 MM ÇAPLI  ANA İSALE HATTI ARIZASI,07/07/2023 10:15:58,07/07/2023 18:00:00,TARABYA,"GARİPÇE MAH,MADEN MAH,RUMELİFENERİ MAH,RUMELİKAVAĞI MAH,SARIYER MERKEZ MAH,YENİ MAH,ZEKERİYAKÖY MAH"
4529,SARIYER,ŞEBEKE HATTI VANA MONTAJI/DEĞİŞİMİ,31/10/2023 10:27:57,31/10/2023 14:30:00,TARABYA MAH- ARABAYOLU CD NO:184,"CUMHURİYET MAH,KİREÇBURNU MAH,TARABYA MAH"
4530,SARIYER,100 MM ÇAPLI ŞEBEKE HATTI ARIZASI,11/07/2023 15:27:34,11/07/2023 17:30:00,TARABYA MAH-ORDULULAR SK İÇİ,TARABYA MAH
4531,SARIYER,100 MM ÇAPLI ŞEBEKE HATTI ARIZASI,27/07/2023 15:27:24,27/07/2023 18:30:00,TARABYA MAH-ŞALCIKIR CD.NO.126,"CUMHURİYET MAH,KİREÇBURNU MAH"
4532,SARIYER,100 MM ÇAPLI ŞEBEKE HATTI ARIZASI,14/02/2024 09:43:52,14/02/2024 13:30:00,TARABYA MH KORMAÇ  SK NO 2,"TARABYA MAH,YENİKÖY MAH"
4533,SARIYER,600 MM ÇAPLI  ANA İSALE HATTI ARIZASI,06/07/2023 19:07:01,07/07/2023 09:00:00,TARABYA SAHIL HATTI,"GARİPÇE MAH,MADEN MAH,RUMELİFENERİ MAH,RUMELİKAVAĞI MAH,SARIYER MERKEZ MAH,YENİ MAH,ZEKERİYAKÖY MAH"
4534,SARIYER,100 MM ÇAPLI ŞEBEKE HATTI ARIZASI,03/05/2023 10:50:03,03/05/2023 15:30:00,USKUMRUKÖY BEYAZ LEYLEK SK  SK İÇİ,USKUMRUKÖY MAH
4535,SARIYER,100 MM ÇAPLI ŞEBEKE HATTI ARIZASI,21/10/2023 10:51:41,21/10/2023 14:00:00,USKUMRUKÖY HOROZBİRLİĞİ SK,USKUMRUKÖY MAH
4536,SARIYER,150 MM ÇAPLI ŞEBEKE HATTI ARIZASI,04/01/2024 07:57:28,04/01/2024 12:30:00,USKUMRUKÖY MAH-ATLAS ÇİÇEĞİ SK NO.8,USKUMRUKÖY MAH
4537,SARIYER,100 MM ÇAPLI ŞEBEKE HATTI ARIZASI,14/04/2023 10:44:24,14/04/2023 13:00:00,USKUMRUKÖY MAH-SAKLIBAHÇE SK.İÇİ,USKUMRUKÖY MAH
4538,SARIYER,100 MM ÇAPLI ŞEBEKE HATTI ARIZASI,16/02/2024 12:32:17,16/02/2024 13:30:00,USKUMRUKÖY MAH-VADİ SK 16,USKUMRUKÖY MAH
4539,SARIYER,ŞEBEKE HATTI VANA MONTAJI/DEĞİŞİMİ,12/05/2023 10:06:02,12/05/2023 12:30:00,USKUMRUKÖY MH ŞHT TEFİK İNAN SK  SK İÇİ,USKUMRUKÖY MAH
4540,SARIYER,ŞEBEKE HATTI VANA MONTAJI/DEĞİŞİMİ,22/02/2023 14:11:02,22/02/2023 16:00:00,USKUMRUKÖY ŞHT TEFİKİNEN SK SK İÇİ,USKUMRUKÖY MAH
4541,SARIYER,100 MM ÇAPLI ŞEBEKE HATTI ARIZASI,11/05/2023 14:13:33,11/05/2023 16:30:00,YENİ MAHLLE MAH-OCAKAĞASI SK.NO:25,"RUMELİKAVAĞI MAH,YENİ MAH"
4542,SARIYER,100 MM ÇAPLI ŞEBEKE HATTI ARIZASI,07/03/2023 11:32:08,07/03/2023 17:00:00,YENİ MH  OCAKAĞASI SK  İÇİ,"RUMELİKAVAĞI MAH,YENİ MAH"
4543,SARIYER,BASINÇ DÜŞÜKLÜĞÜ,09/09/2023 15:30:46,09/09/2023 18:30:00,YENİ MH HAVANTEPE YOLU SK,"SARIYER MERKEZ MAH,YENİ MAH"
4544,SARIYER,100 MM ÇAPLI ŞEBEKE HATTI ARIZASI,28/12/2023 10:09:58,28/12/2023 12:30:00,YENİ MH SELİMİYE SK NO:39,"RUMELİKAVAĞI MAH,YENİ MAH"
4545,SARIYER,100 MM ÇAPLI ŞEBEKE HATTI ARIZASI,26/03/2023 13:51:59,26/03/2023 16:00:00,YENİKÖY MAH-BEYREK SK.İÇİ,"FERAHEVLER MAH,YENİKÖY MAH"
4546,SARIYER,100 MM ÇAPLI ŞEBEKE HATTI ARIZASI,10/05/2023 10:30:40,10/05/2023 13:30:00,YENİKÖY MAH-BEYREK SK.İÇİ,"FERAHEVLER MAH,YENİKÖY MAH"
4547,SARIYER,100 MM ÇAPLI ŞEBEKE HATTI ARIZASI,31/07/2023 10:31:21,31/07/2023 12:30:00,YENİKÖY MAH-GÜZELCE ALİ PAŞA CD.NOO.120,"FERAHEVLER MAH,YENİKÖY MAH"
4548,SARIYER,100 MM ÇAPLI ŞEBEKE HATTI ARIZASI,27/02/2023 10:34:11,27/02/2023 15:00:00,YENİKÖY MAH-MÜBAŞİR SK.İÇİ,"TARABYA MAH,YENİKÖY MAH"
4549,SARIYER,100 MM ÇAPLI ŞEBEKE HATTI ARIZASI,06/11/2023 10:54:10,06/11/2023 11:54:00,"ZEKERIYAKÖY, MAUN ÇIKMAZI",ZEKERİYAKÖY MAH
4550,SARIYER,100 MM ÇAPLI ŞEBEKE HATTI ARIZASI,07/04/2023 15:57:58,07/04/2023 17:30:00,ZEKERİYAKÖY  MAH-BİÇER SK İÇİ,ZEKERİYAKÖY MAH
4551,SARIYER,ŞEBEKE HATTI DEPLASE ÇALIŞMASI,13/02/2024 11:22:06,13/02/2024 16:30:00,ZEKERİYAKÖY  MAH-BİÇER SK İÇİ,ZEKERİYAKÖY MAH
4552,SARIYER,100 MM ÇAPLI ŞEBEKE HATTI ARIZASI,25/12/2023 10:47:40,25/12/2023 13:00:00,ZEKERİYAKÖY 3 CD,ZEKERİYAKÖY MAH
4553,SARIYER,100 MM ÇAPLI ŞEBEKE HATTI ARIZASI,05/06/2023 14:23:14,05/06/2023 17:00:00,ZEKERİYAKÖY ARIKÖYARGUANLI CD NO:4 Y,ZEKERİYAKÖY MAH
4554,SARIYER,100 MM ÇAPLI ŞEBEKE HATTI ARIZASI,26/08/2023 16:05:07,26/08/2023 17:30:00,ZEKERİYAKÖY ARİFANE SK NO:34,ZEKERİYAKÖY MAH
4555,SARIYER,100 MM ÇAPLI ŞEBEKE HATTI ARIZASI,21/03/2023 09:28:16,21/03/2023 12:00:00,ZEKERİYAKÖY KANARYA ÇİÇEĞİ  ÇIKMAZ SK NO: 8,ZEKERİYAKÖY MAH
4556,SARIYER,100 MM ÇAPLI ŞEBEKE HATTI ARIZASI,09/01/2024 10:58:40,09/01/2024 14:00:00,ZEKERİYAKÖY KARAAĞAÇKELEBEK SK NO:33,ZEKERİYAKÖY MAH
4557,SARIYER,100 MM ÇAPLI ŞEBEKE HATTI ARIZASI,02/06/2023 16:02:06,02/06/2023 19:00:00,ZEKERİYAKÖY MAH- 2 CD NO:7,ZEKERİYAKÖY MAH
4558,SARIYER,100 MM ÇAPLI ŞEBEKE HATTI ARIZASI,14/08/2023 09:54:15,14/08/2023 12:00:00,ZEKERİYAKÖY MAH- 3.CD.NO.35,ZEKERİYAKÖY MAH
4559,SARIYER,ŞEBEKE HATTI VANA MONTAJI/DEĞİŞİMİ,02/01/2024 10:43:21,02/01/2024 13:30:00,ZEKERİYAKÖY MAH-2.CD ARITMA ÖNÜ,ZEKERİYAKÖY MAH
4560,SARIYER,100 MM ÇAPLI ŞEBEKE HATTI ARIZASI,24/07/2023 13:12:42,24/07/2023 14:30:00,ZEKERİYAKÖY MAH-AYÇİÇEĞİ 1.SK İÇİ,ZEKERİYAKÖY MAH
4561,SARIYER,100 MM ÇAPLI ŞEBEKE HATTI ARIZASI,07/11/2023 10:53:34,07/11/2023 12:30:00,ZEKERİYAKÖY MAH-FIRAT CD İÇİ,ZEKERİYAKÖY MAH
4562,SARIYER,100 MM ÇAPLI ŞEBEKE HATTI ARIZASI,27/07/2023 09:44:02,27/07/2023 12:30:00,ZEKERİYAKÖY MAH-KÜFLÜ AYAZMA SK.NO.5,ZEKERİYAKÖY MAH
4563,SARIYER,200 MM ÇAPLI ŞEBEKE HATTI ARIZASI,03/01/2024 15:34:59,03/01/2024 18:00:00,ZEKERİYAKÖY MAH-KİLYOS CD  ORMAN ADA ÖNÜ,ZEKERİYAKÖY MAH
4564,SARIYER,100 MM ÇAPLI ŞEBEKE HATTI ARIZASI,09/11/2023 11:58:37,09/11/2023 15:00:00,ZEKERİYAKÖY MAH-SARIKAMIŞ SK.İÇİ,ZEKERİYAKÖY MAH
4565,SARIYER,100 MM ÇAPLI ŞEBEKE HATTI ARIZASI,11/07/2023 22:34:02,12/07/2023 12:00:00,ZEKERİYAKÖY MAH.GUNDİLER SOKAK,"USKUMRUKÖY MAH,ZEKERİYAKÖY MAH"
4566,SARIYER,100 MM ÇAPLI ŞEBEKE HATTI ARIZASI,07/08/2023 13:40:12,07/08/2023 15:00:00,ZEKERİYAKÖY MAHALLE ARIKÖY-DEFNE SOKAK,ZEKERİYAKÖY MAH
4567,SARIYER,100 MM ÇAPLI ŞEBEKE HATTI ARIZASI,26/04/2023 11:53:29,26/04/2023 15:00:00,ZEKERİYAKÖY MİLAS SK NO:1,ZEKERİYAKÖY MAH
4568,SARIYER,100 MM ÇAPLI ŞEBEKE HATTI ARIZASI,28/09/2023 14:05:07,28/09/2023 17:30:00,ZEKERİYAKÖY TAFLAN1 SK NO:20,ZEKERİYAKÖY MAH
4569,SARIYER,100 MM ÇAPLI ŞEBEKE HATTI ARIZASI,12/02/2024 13:15:22,12/02/2024 18:00:00,ZEKERİYAKÖY TATAR SK  İÇİ,ZEKERİYAKÖY MAH
4570,SARIYER,100 MM ÇAPLI ŞEBEKE HATTI ARIZASI,01/03/2023 11:51:42,01/03/2023 15:00:00,ZEKERİYAKÖY TAŞLIBURUN SK NO:6,ZEKERİYAKÖY MAH
4571,SARIYER,100 MM ÇAPLI ŞEBEKE HATTI ARIZASI,18/05/2023 12:46:41,18/05/2023 16:00:00,ZEKERİYEKÖY 1. CD MELİSA SK KESİŞİMİ,ZEKERİYAKÖY MAH
4572,SARIYER,300 MM ÇAPLI ŞEBEKE HATTI ARIZASI,26/12/2023 10:11:01,26/12/2023 13:00:00,ZEKERİYEKÖY MH  2. CD ÜZERİ,ZEKERİYAKÖY MAH
4573,SARIYER,100 MM ÇAPLI ŞEBEKE HATTI ARIZASI,10/08/2023 09:29:27,10/08/2023 11:30:00,ZEKRİYAKÖY MAH-ACARLAR PALMİYE SK NO:25-D,ZEKERİYAKÖY MAH
4574,SARIYER,100 MM ÇAPLI ŞEBEKE HATTI ARIZASI,20/01/2024 10:14:21,20/01/2024 13:00:00,ÇAMLIKTEPE MH ŞEN CD,ÇAMLITEPE MAH
4575,SARIYER,100 MM ÇAPLI ŞEBEKE HATTI ARIZASI,08/05/2023 11:45:29,08/05/2023 15:30:00,ÇAMLITEPE   DERETEPE SK İÇİ,ÇAMLITEPE MAH
4576,SARIYER,100 MM ÇAPLI ŞEBEKE HATTI ARIZASI,19/09/2023 09:10:23,19/09/2023 11:30:00,ÇAMLITEPE   MH AYAZ CD  NO:71,ÇAMLITEPE MAH
4577,SARIYER,100 MM ÇAPLI ŞEBEKE HATTI ARIZASI,03/06/2023 12:45:31,03/06/2023 15:30:00,ÇAMLITEPE  POYRAZLAR NO:29,ÇAMLITEPE MAH
4578,SARIYER,100 MM ÇAPLI ŞEBEKE HATTI ARIZASI,30/03/2023 11:21:53,30/03/2023 14:30:00,ÇAMLITEPE MAH KONAK SOKAK İÇİ,ÇAMLITEPE MAH
4579,SARIYER,100 MM ÇAPLI ŞEBEKE HATTI ARIZASI,20/08/2023 14:10:40,20/08/2023 17:00:00,ÇAMLITEPE MAH-AKGÜN CD.NO.18,ÇAMLITEPE MAH
4580,SARIYER,100 MM ÇAPLI ŞEBEKE HATTI ARIZASI,03/07/2023 10:17:36,03/07/2023 12:30:00,ÇAMLITEPE MAH-AKGÜN CD.İÇİ,ÇAMLITEPE MAH
4581,SARIYER,100 MM ÇAPLI ŞEBEKE HATTI ARIZASI,27/12/2023 10:52:47,27/12/2023 13:00:00,ÇAYIRBAŞI MAH-BÖRTLEN ÇIKMAZI SK,ÇAYIRBAŞI MAH
4582,SARIYER,100 MM ÇAPLI ŞEBEKE HATTI ARIZASI,15/05/2023 11:28:10,15/05/2023 14:00:00,ÇAYIRBAŞI MH HAYIRLI ÇIKMAZI NO:2,ÇAYIRBAŞI MAH
4583,SARIYER,ŞEBEKE HATTI DEPLASE ÇALIŞMASI,31/01/2024 08:58:38,31/01/2024 14:30:00,İSTİNYE MAH- SARIYER CD  İÇİ,İSTİNYE MAH
4584,SARIYER,100 MM ÇAPLI ŞEBEKE HATTI ARIZASI,26/01/2024 15:55:30,26/01/2024 18:00:00,İSTİNYE MAH-BALABANDERE SK,İSTİNYE MAH
4585,SARIYER,100 MM ÇAPLI ŞEBEKE HATTI ARIZASI,23/10/2023 12:14:22,23/10/2023 15:00:00,İSTİNYE MAH-EYLEM SK.İÇİ,İSTİNYE MAH
4586,SARIYER,100 MM ÇAPLI ŞEBEKE HATTI ARIZASI,14/07/2023 14:08:46,14/07/2023 19:30:00,İSTİNYE MAH-KAPLICALAR CD İÇİ,"POLİGON MAH,İSTİNYE MAH"
4587,SARIYER,100 MM ÇAPLI ŞEBEKE HATTI ARIZASI,21/07/2023 11:42:10,21/07/2023 15:30:00,İSTİNYE MAH-KAPLICALAR CD İÇİ,İSTİNYE MAH
4588,SARIYER,100 MM ÇAPLI ŞEBEKE HATTI ARIZASI,15/07/2023 08:59:34,15/07/2023 14:00:00,İSTİNYE MAHALLESİ KAPLICALAR CADDE,"POLİGON MAH,İSTİNYE MAH"
4589,SULTANBEYLİ,100 MM ÇAPLI ŞEBEKE HATTI ARIZASI,13/08/2023 01:04:38,13/08/2023 04:00:00,ABDURAHMAN GAZİ MAH ALACAM SK,"ABDURRAHMANGAZİ MAH,HASANPAŞA MAH"
4590,SULTANBEYLİ,100 MM ÇAPLI ŞEBEKE HATTI ARIZASI,26/08/2023 15:20:42,26/08/2023 20:00:00,ABDURAHMAN GAZİ MAH ORMAN CD ALTINOLUK KŞ,"ABDURRAHMANGAZİ MAH,HASANPAŞA MAH,HASANPAŞA MAH,MEHMET AKİF MAH"
4591,SULTANBEYLİ,100 MM ÇAPLI ŞEBEKE HATTI ARIZASI,20/10/2023 13:53:34,20/10/2023 18:08:00,ABDURAHMAN GAZİ MAH YEŞİL CD İLE LALE SK KESİŞİMİ,ABDURRAHMANGAZİ MAH
4592,SULTANBEYLİ,100 MM ÇAPLI ŞEBEKE HATTI ARIZASI,23/08/2023 16:31:13,23/08/2023 20:00:00,ABDURAHMAN GAZİ MAHFERAH CD,"ABDURRAHMANGAZİ MAH,HASANPAŞA MAH"
4593,SULTANBEYLİ,100 MM ÇAPLI ŞEBEKE HATTI ARIZASI,06/09/2023 09:31:01,06/09/2023 15:00:00,ABDURAHMAN GAZİ MAHFERAH CD METRO ÇALIŞMASI,"ABDURRAHMANGAZİ MAH,MEHMET AKİF MAH"
4594,SULTANBEYLİ,100 MM ÇAPLI ŞEBEKE HATTI ARIZASI,23/12/2023 10:08:21,23/12/2023 14:00:00,ABDURAHMANGAZİ MAH FERAH CD İLE ŞANLIURFA CD KESİŞİMİ,"ABDURRAHMANGAZİ MAH,MEHMET AKİF MAH"
4595,SULTANBEYLİ,100 MM ÇAPLI ŞEBEKE HATTI ARIZASI,03/07/2023 11:33:55,03/07/2023 14:00:00,ABDURRAHMAN GAZİ MAH,ABDURRAHMANGAZİ MAH
4596,SULTANBEYLİ,100 MM ÇAPLI ŞEBEKE HATTI ARIZASI,10/04/2023 13:45:28,10/04/2023 17:00:00,ABDURRAHMAN GAZİ MAHALLESİ DİNLER SOKAK,"ABDURRAHMANGAZİ MAH,HASANPAŞA MAH,MEHMET AKİF MAH"
4597,SULTANBEYLİ,100 MM ÇAPLI ŞEBEKE HATTI ARIZASI,09/05/2023 11:51:18,09/05/2023 15:00:00,ABDURRAHMANGAZİ MAHALLESİ ORMAN CADDESİ 103,"ABDURRAHMANGAZİ MAH,HASANPAŞA MAH"
4598,SULTANBEYLİ,100 MM ÇAPLI ŞEBEKE HATTI ARIZASI,06/07/2023 10:55:25,06/07/2023 15:00:00,ADIL MAHALLESI SALIHLER CADDESI,ADİL MAH
4599,SULTANBEYLİ,100 MM ÇAPLI ŞEBEKE HATTI ARIZASI,19/07/2023 12:22:57,19/07/2023 13:00:00,ADİL MAH YAKAMOZ SOKAK HAMİDİYE CADDE KESİŞİMİ,ADİL MAH
4600,SULTANBEYLİ,100 MM ÇAPLI ŞEBEKE HATTI ARIZASI,13/04/2023 14:13:47,13/04/2023 17:00:00,ADİL MH. KUZKAYA SK. ÜZERİ,ADİL MAH
4601,SULTANBEYLİ,100 MM ÇAPLI ŞEBEKE HATTI ARIZASI,01/12/2023 14:23:35,01/12/2023 18:01:00,BATTALGAZİ MAH  HARE SK,"BATTALGAZİ MAH,MİMAR SİNAN MAH"
4602,SULTANBEYLİ,100 MM ÇAPLI ŞEBEKE HATTI ARIZASI,14/01/2024 14:04:37,14/01/2024 18:00:00,BATTALGAZİ MAH  ŞARK CD OKUL İNŞAAATI,BATTALGAZİ MAH
4603,SULTANBEYLİ,100 MM ÇAPLI ŞEBEKE HATTI ARIZASI,14/02/2024 16:24:43,14/02/2024 21:00:00,BATTALGAZİ MAH DEVA SK,BATTALGAZİ MAH
4604,SULTANBEYLİ,100 MM ÇAPLI ŞEBEKE HATTI ARIZASI,31/10/2023 15:37:53,31/10/2023 19:00:00,BATTALGAZİ MAH MURAT SK 23,BATTALGAZİ MAH
4605,SULTANBEYLİ,100 MM ÇAPLI ŞEBEKE HATTI ARIZASI,03/10/2023 11:33:25,03/10/2023 13:15:00,BATTALGAZİ MAH PİLATİN SK 21,"AHMET YESEVİ MAH,BATTALGAZİ MAH"
4606,SULTANBEYLİ,100 MM ÇAPLI ŞEBEKE HATTI ARIZASI,15/01/2024 09:19:47,15/01/2024 13:00:00,BATTALGAZİ MAH SARKCD OKUL İNŞAHATI,BATTALGAZİ MAH
4607,SULTANBEYLİ,300 MM ÇAPLI ŞEBEKE HATTI ARIZASI,31/10/2023 23:41:42,01/11/2023 01:20:00,BATTALGAZİ MAH ZAFER SK HALAT SK KESİŞİMİ,"AHMET YESEVİ MAH,BATTALGAZİ MAH,TURGUT REİS MAH"
4608,SULTANBEYLİ,ENERJİ KESİNTİSİ,22/09/2023 18:00:59,22/09/2023 21:00:00,BATTALGAZİ TERFİ,"ADİL MAH,AHMET YESEVİ MAH,AKŞEMSETTİN MAH,BATTALGAZİ MAH,MİMAR SİNAN MAH,TURGUT REİS MAH"
4609,SULTANBEYLİ,100 MM ÇAPLI ŞEBEKE HATTI ARIZASI,03/11/2023 15:45:17,03/11/2023 19:00:00,CİHANGİR MAH ŞHT UĞUR HACI SOKAK İLE PETROL OFİSİ CAD KESİŞİM,MEHMET AKİF MAH
4610,SULTANBEYLİ,100 MM ÇAPLI ŞEBEKE HATTI ARIZASI,17/01/2024 15:18:29,17/01/2024 19:00:00,FATIH MAH AĞA SK 11,"FATİH MAH,HAMİDİYE MAH"
4611,SULTANBEYLİ,100 MM ÇAPLI ŞEBEKE HATTI ARIZASI,16/08/2023 10:45:08,16/08/2023 14:00:00,FATİH MAH BATMAN SOK NO  25,"HAMİDİYE MAH,HAMİDİYE MAH,HAMİDİYE MAH,HAMİDİYE MAH,HAMİDİYE MAH,HAMİDİYE MAH,HAMİDİYE MAH,HAMİDİYE MAH,HAMİDİYE MAH,HAMİDİYE MAH,HAMİDİYE MAH,HAMİDİYE MAH,HAMİDİYE MAH,HAMİDİYE MAH,HAMİDİYE MAH,HAMİDİYE MAH,HAMİDİYE MAH,HAMİDİYE MAH,HAMİDİYE MAH,HAMİDİYE MAH,HAMİDİYE MAH,HAMİDİYE MAH,HAMİDİYE MAH,HAMİDİYE MAH,HAMİDİYE MAH,HAMİDİYE MAH,HAMİDİYE MAH,HAMİDİYE MAH,HAMİDİYE MAH,HAMİDİYE MAH,HAMİDİYE MAH,HAMİDİYE MAH,HAMİDİYE MAH,HAMİDİYE MAH,HAMİDİYE MAH,HAMİDİYE MAH,HAMİDİYE MAH,HAMİDİYE MAH,HAMİDİYE MAH,HAMİDİYE MAH,HAMİDİYE MAH,HAMİDİYE MAH,HAMİDİYE MAH,HAMİDİYE MAH,HAMİDİYE MAH,HAMİDİYE MAH,HAMİDİYE MAH,HAMİDİYE MAH,HAMİDİYE MAH,HAMİDİYE MAH,HAMİDİYE MAH,HAMİDİYE MAH,HAMİDİYE MAH,HAMİDİYE MAH,HAMİDİYE MAH,HAMİDİYE MAH,HAMİDİYE MAH,HAMİDİYE MAH,HAMİDİYE MAH,HAMİDİYE MAH,HAMİDİYE MAH,HAMİDİYE MAH,HAMİDİYE MAH,HAMİDİYE MAH,HAMİDİYE MAH,HAMİDİYE MAH,HAMİDİYE MAH,HAMİDİYE MAH,HAMİDİYE MAH,HAMİDİYE MAH,HAMİDİYE MAH,HAMİDİYE MAH,HAMİDİYE MAH,HAMİDİYE MAH,HAMİDİYE MAH,HAMİDİYE MAH,HAMİDİYE MAH,HAMİDİYE MAH,HAMİDİYE MAH,HAMİDİYE MAH,HAMİDİYE MAH,HAMİDİYE MAH,HAMİDİYE MAH,HAMİDİYE MAH,HAMİDİYE MAH,HAMİDİYE MAH,HAMİDİYE MAH,HAMİDİYE MAH,HAMİDİYE MAH,HAMİDİYE MAH,HAMİDİYE MAH,HAMİDİYE MAH,HAMİDİYE MAH,HAMİDİYE MAH,HAMİDİYE MAH,HAMİDİYE MAH,HAMİDİYE MAH,HAMİDİYE MAH,HAMİDİYE MAH,HAMİDİYE MAH,HAMİDİYE MAH,HAMİDİYE MAH,HAMİDİYE MAH,HAMİDİYE MAH,HAMİDİYE MAH,HAMİDİYE MAH,HAMİDİYE MAH,HAMİDİYE MAH,HAMİDİYE MAH,HAMİDİYE MAH,HAMİDİYE MAH,HAMİDİYE MAH,HAMİDİYE MAH,HAMİDİYE MAH,HAMİDİYE MAH,HAMİDİYE MAH,HAMİDİYE MAH,HAMİDİYE MAH,HAMİDİYE MAH,HAMİDİYE MAH,HAMİDİYE MAH,HAMİDİYE MAH,HAMİDİYE MAH,HAMİDİYE MAH,HAMİDİYE MAH,HAMİDİYE MAH,HAMİDİYE MAH,HAMİDİYE MAH,HAMİDİYE MAH,HAMİDİYE MAH,HAMİDİYE MAH,HAMİDİYE MAH,HAMİDİYE MAH,HAMİDİYE MAH,HAMİDİYE MAH,HAMİDİYE MAH,HAMİDİYE MAH,HAMİDİYE MAH,HAMİDİYE MAH,HAMİDİYE MAH"
4612,SULTANBEYLİ,100 MM ÇAPLI ŞEBEKE HATTI ARIZASI,20/09/2023 08:57:26,20/09/2023 15:00:00,FATİH MAH BERAT CADDESİ NO 74,"FATİH MAH,HAMİDİYE MAH,MEHMET AKİF MAH"
4613,SULTANBEYLİ,100 MM ÇAPLI ŞEBEKE HATTI ARIZASI,28/08/2023 23:41:45,29/08/2023 05:00:00,FATİH MAH FIRAT CD İLEMİRAÇ CD KESİŞİMİ,"FATİH MAH,MEHMET AKİF MAH"
4614,SULTANBEYLİ,100 MM ÇAPLI ŞEBEKE HATTI ARIZASI,01/09/2023 10:46:57,01/09/2023 11:48:00,FATİH MAHALLESİ,FATİH MAH
4615,SULTANBEYLİ,100 MM ÇAPLI ŞEBEKE HATTI ARIZASI,18/09/2023 07:39:42,18/09/2023 15:00:00,HAMIDIYE MAH BEREKET SOKAK,"HAMİDİYE MAH,ORHANGAZİ MAH"
4616,SULTANBEYLİ,100 MM ÇAPLI ŞEBEKE HATTI ARIZASI,14/12/2023 11:32:23,14/12/2023 15:00:00,HAMİDİYE MAH ABDULKADİR UDEH CAD KESİŞİMİ İLE KUĞULU CAD KESİŞİMİ,"AKŞEMSETTİN MAH,HAMİDİYE MAH,ORHANGAZİ MAH"
4617,SULTANBEYLİ,250 MM ÇAPLI ŞEBEKE HATTI ARIZASI,07/08/2023 16:32:29,07/08/2023 19:00:00,HAMİDİYE MAH KUĞULU CAD NO 43,"AKŞEMSETTİN MAH,HAMİDİYE MAH"
4618,SULTANBEYLİ,100 MM ÇAPLI ŞEBEKE HATTI ARIZASI,15/12/2023 15:52:15,15/12/2023 19:00:00,HAMİDİYE MAH KUĞULU CADDESİ NO 39,"AKŞEMSETTİN MAH,HAMİDİYE MAH,ORHANGAZİ MAH"
4619,SULTANBEYLİ,100 MM ÇAPLI ŞEBEKE HATTI ARIZASI,28/11/2023 09:24:11,28/11/2023 14:30:00,HASAN PAŞA MAH NECİP FAZIL CAD NO 94 UFUK SOK KESİŞİMİ,HASANPAŞA MAH
4620,SULTANBEYLİ,100 MM ÇAPLI ŞEBEKE HATTI ARIZASI,14/07/2023 14:38:16,14/07/2023 18:00:00,HASAN PAŞA MAHALLESİ ÖMÜR SOKAK,"ABDURRAHMANGAZİ MAH,HASANPAŞA MAH"
4621,SULTANBEYLİ,100 MM ÇAPLI ŞEBEKE HATTI ARIZASI,02/02/2024 13:45:34,02/02/2024 17:00:00,HASANPASA MAH GÜLŞAH ÇİKMAZI 13,"ABDURRAHMANGAZİ MAH,HASANPAŞA MAH"
4622,SULTANBEYLİ,100 MM ÇAPLI ŞEBEKE HATTI ARIZASI,29/10/2023 14:16:24,29/10/2023 17:30:00,HASANPASA MAH.ÖĞÜN SOKAK  NO:9,"ABDURRAHMANGAZİ MAH,HASANPAŞA MAH"
4623,SULTANBEYLİ,100 MM ÇAPLI ŞEBEKE HATTI ARIZASI,01/10/2023 11:20:44,01/10/2023 14:30:00,HASANPAŞA MAH UYGUR 14,"ABDURRAHMANGAZİ MAH,HASANPAŞA MAH"
4624,SULTANBEYLİ,100 MM ÇAPLI ŞEBEKE HATTI ARIZASI,18/06/2023 17:36:21,18/06/2023 21:00:00,HASANPAŞA MAH. HAT CAD. NO: 6 ÖNÜ,"ABDURRAHMANGAZİ MAH,HASANPAŞA MAH,MEHMET AKİF MAH"
4625,SULTANBEYLİ,100 MM ÇAPLI ŞEBEKE HATTI ARIZASI,05/06/2023 09:52:16,05/06/2023 13:00:00,HASANPAŞA MAHALLESİ CEYLAN SOKAK,"ABDURRAHMANGAZİ MAH,HASANPAŞA MAH"
4626,SULTANBEYLİ,100 MM ÇAPLI ŞEBEKE HATTI ARIZASI,16/05/2023 10:02:29,16/05/2023 13:00:00,HASANPAŞA MAHALLESİ PETROLYOLU CADDESİ 55 NUMARA,"ABDURRAHMANGAZİ MAH,HASANPAŞA MAH"
4627,SULTANBEYLİ,100 MM ÇAPLI ŞEBEKE HATTI ARIZASI,28/04/2023 14:12:14,28/04/2023 17:00:00,MECİDİYE MAH ARI SOKAK IŞILDAK KESSİŞİMİ,MECİDİYE MAH
4628,SULTANBEYLİ,100 MM ÇAPLI ŞEBEKE HATTI ARIZASI,16/05/2023 16:41:24,16/05/2023 20:00:00,MECİDİYE MAHALLESİ ASLIHAN SOKAK,"MECİDİYE MAH,TURGUT REİS MAH"
4629,SULTANBEYLİ,100 MM ÇAPLI ŞEBEKE HATTI ARIZASI,17/01/2024 10:20:55,17/01/2024 14:00:00,MEHMET AKIF ERSOY MAH BERAT CD 65,"ABDURRAHMANGAZİ MAH,MEHMET AKİF MAH"
4630,SULTANBEYLİ,100 MM ÇAPLI ŞEBEKE HATTI ARIZASI,11/08/2023 19:47:44,11/08/2023 23:00:00,MEHMET AKIF MAH GÜN CD 1 ÖNÜ,MEHMET AKİF MAH
4631,SULTANBEYLİ,100 MM ÇAPLI ŞEBEKE HATTI ARIZASI,02/12/2023 11:54:05,02/12/2023 14:00:00,MEHMET AKIF MAH GÜNGAGÜL SK 9,MEHMET AKİF MAH
4632,SULTANBEYLİ,100 MM ÇAPLI ŞEBEKE HATTI ARIZASI,03/11/2023 16:32:49,03/11/2023 20:33:00,MEHMET AKİF MAH ADİL CAD NO 16,"FATİH MAH,MEHMET AKİF MAH,YAVUZ SELİM MAH"
4633,SULTANBEYLİ,150 MM ÇAPLI ŞEBEKE HATTI ARIZASI,16/01/2024 08:35:28,16/01/2024 13:00:00,MEHMET AKİF MAH BERAT CADDESİ,"ABDURRAHMANGAZİ MAH,MEHMET AKİF MAH"
4634,SULTANBEYLİ,150 MM ÇAPLI ŞEBEKE HATTI ARIZASI,10/10/2023 09:45:56,10/10/2023 17:00:00,MEHMET AKİF MAH FATİH BULVARI ERDOĞAN SOKAK KESİŞİMİ VE FATİHBULVARI YAYLACIKMAZI SOKAK KESİŞİMİ,"ABDURRAHMANGAZİ MAH,MEHMET AKİF MAH"
4635,SULTANBEYLİ,150 MM ÇAPLI ŞEBEKE HATTI ARIZASI,14/08/2023 10:13:57,14/08/2023 14:00:00,MEHMET AKİF MAH YAYLA ÇIKMAZI SOKAK,MEHMET AKİF MAH
4636,SULTANBEYLİ,100 MM ÇAPLI ŞEBEKE HATTI ARIZASI,27/11/2023 11:16:39,27/11/2023 14:00:00,MEHMET AKİF MAH ÖZEL SOKAK NO 16,"ABDURRAHMANGAZİ MAH,MEHMET AKİF MAH"
4637,SULTANBEYLİ,100 MM ÇAPLI ŞEBEKE HATTI ARIZASI,30/10/2023 23:13:48,31/10/2023 01:00:00,MİMAR SİNAN MAH FAKÜLTE SK 18,MİMAR SİNAN MAH
4638,SULTANBEYLİ,100 MM ÇAPLI ŞEBEKE HATTI ARIZASI,20/06/2023 19:49:05,20/06/2023 23:00:00,MİMAR SİNAN MAH. KILIÇLAR SK NO:38 ÖNÜ,MİMAR SİNAN MAH
4639,SULTANBEYLİ,100 MM ÇAPLI ŞEBEKE HATTI ARIZASI,11/05/2023 12:44:16,11/05/2023 16:00:00,MİMAR SİNAN MAHALLESİ REİS SOKAK,MİMAR SİNAN MAH
4640,SULTANBEYLİ,100 MM ÇAPLI ŞEBEKE HATTI ARIZASI,19/02/2024 10:21:18,19/02/2024 13:00:00,NECİP FAZIL DÜZCE SOK NO 25,NECİP FAZIL MAH
4641,SULTANBEYLİ,100 MM ÇAPLI ŞEBEKE HATTI ARIZASI,08/06/2023 11:15:47,08/06/2023 14:00:00,NECİP FAZIL MAH .FARABİ SOKAK NO,NECİP FAZIL MAH
4642,SULTANBEYLİ,100 MM ÇAPLI ŞEBEKE HATTI ARIZASI,13/10/2023 16:17:21,13/10/2023 23:12:00,NECİP FAZIL MAH MESCİDİ AKSA CD KARLICA SOKAK KESİŞİMİ,"NECİP FAZIL MAH,YAVUZ SELİM MAH"
4643,SULTANBEYLİ,100 MM ÇAPLI ŞEBEKE HATTI ARIZASI,03/10/2023 15:09:49,03/10/2023 19:00:00,NECİP FAZIL MAHHABİB SK 16,"NECİP FAZIL MAH,YAVUZ SELİM MAH"
4644,SULTANBEYLİ,100 MM ÇAPLI ŞEBEKE HATTI ARIZASI,07/12/2023 20:45:34,08/12/2023 01:00:00,NECİPFAZIL CAD NO-92,HASANPAŞA MAH
4645,SULTANBEYLİ,1200 MM ÇAPLI ANA İSALE HATTI ARIZASI,11/07/2023 09:58:01,12/07/2023 05:00:00,PETROLYOLU CAD.,"ABDURRAHMANGAZİ MAH,AKŞEMSETTİN MAH,FATİH MAH,HAMİDİYE MAH,HASANPAŞA MAH,MEHMET AKİF MAH,ORHANGAZİ MAH"
4646,SULTANBEYLİ,300 MM ÇAPLI ŞEBEKE HATTI ARIZASI,15/10/2023 15:04:44,15/10/2023 15:04:00,SAKARYA TERFİ,"ABDURRAHMANGAZİ MAH,AKŞEMSETTİN MAH,FATİH MAH,HAMİDİYE MAH,HASANPAŞA MAH,MEHMET AKİF MAH,NECİP FAZIL MAH,ORHANGAZİ MAH,YAVUZ SELİM MAH"
4647,SULTANBEYLİ,300 MM ÇAPLI ŞEBEKE HATTI ARIZASI,15/10/2023 15:54:54,15/10/2023 22:00:00,SAKARYA TERFİ,NECİP FAZIL MAH
4648,SULTANBEYLİ,100 MM ÇAPLI ŞEBEKE HATTI ARIZASI,21/11/2023 10:52:00,21/11/2023 13:00:00,SULTANBEYLI BATTAL GAZI MAH  MIMAR SINAN MAH,MİMAR SİNAN MAH
4649,SULTANBEYLİ,ŞEBEKE HATTI VANA MONTAJI/DEĞİŞİMİ,19/04/2023 09:21:43,19/04/2023 18:00:00,SULTANBEYLİ  ADİL MAHALLESİ,ADİL MAH
4650,SULTANBEYLİ,100 MM ÇAPLI ŞEBEKE HATTI ARIZASI,19/02/2023 17:41:00,19/02/2023 22:00:00,SULTANBEYLİ  MECİDİYE MAHALLESİ,MECİDİYE MAH
4651,SULTANBEYLİ,100 MM ÇAPLI ŞEBEKE HATTI ARIZASI,18/02/2023 17:40:14,18/02/2023 21:00:00,SULTANBEYLİ BATTALGAZİ MAHALLESİ,BATTALGAZİ MAH
4652,SULTANBEYLİ,100 MM ÇAPLI ŞEBEKE HATTI ARIZASI,20/02/2023 17:15:05,20/02/2023 21:00:00,SULTANBEYLİ BATTALGAZİ MAHALLESİ,BATTALGAZİ MAH
4653,SULTANBEYLİ,100 MM ÇAPLI ŞEBEKE HATTI ARIZASI,09/01/2024 16:49:02,09/01/2024 20:00:00,SULTANBEYLİ HAMİDİYE MAH SARIGÖL SOK NO 12,"HAMİDİYE MAH,ORHANGAZİ MAH"
4654,SULTANBEYLİ,100 MM ÇAPLI ŞEBEKE HATTI ARIZASI,02/04/2023 16:21:06,02/04/2023 19:00:00,SULTANBEYLİ HASANPAŞA MAHALLESİ,"ABDURRAHMANGAZİ MAH,HASANPAŞA MAH"
4655,SULTANBEYLİ,100 MM ÇAPLI ŞEBEKE HATTI ARIZASI,29/01/2024 16:23:55,29/01/2024 19:00:00,SULTANBEYLİ ORHAN GAZİ MAH GAMZE SOK NO79,ORHANGAZİ MAH
4656,SULTANBEYLİ,100 MM ÇAPLI ŞEBEKE HATTI ARIZASI,20/09/2023 17:40:45,20/09/2023 23:00:00,TURGUT REİS MAH FATİH BULVARI 283,"MECİDİYE MAH,TURGUT REİS MAH"
4657,SULTANBEYLİ,100 MM ÇAPLI ŞEBEKE HATTI ARIZASI,17/12/2023 12:37:59,17/12/2023 17:30:00,UFUK SK,HASANPAŞA MAH
4658,SULTANBEYLİ,100 MM ÇAPLI ŞEBEKE HATTI ARIZASI,05/02/2024 09:18:09,05/02/2024 12:00:00,VEFA SOKAK İLE KAKTÜS SOK KESİŞİMİ,"ABDURRAHMANGAZİ MAH,HASANPAŞA MAH"
4659,SULTANGAZİ,100 MM ÇAPLI ŞEBEKE HATTI ARIZASI,24/06/2023 08:47:29,24/06/2023 11:00:00,1336 SOKAK NO 22,75.YIL MAH
4660,SULTANGAZİ,100 MM ÇAPLI ŞEBEKE HATTI ARIZASI,10/09/2023 09:54:54,10/09/2023 11:18:00,50 .YIL MAHALLESI B CD 12 YE KADAR SULAR KESILECEK,50.YIL MAH.
4661,SULTANGAZİ,100 MM ÇAPLI ŞEBEKE HATTI ARIZASI,05/07/2023 17:11:46,05/07/2023 20:30:00,50 YIL 2116 NO 3,"50.YIL MAH.,UĞUR MUMCU MAH"
4662,SULTANGAZİ,100 MM ÇAPLI ŞEBEKE HATTI ARIZASI,06/05/2023 11:11:54,06/05/2023 13:30:00,50 YIL MAH,50.YIL MAH.
4663,SULTANGAZİ,100 MM ÇAPLI ŞEBEKE HATTI ARIZASI,16/02/2024 13:51:45,16/02/2024 18:30:00,50 YIL MAH  2226 SK,"50.YIL MAH.,UĞUR MUMCU MAH"
4664,SULTANGAZİ,100 MM ÇAPLI ŞEBEKE HATTI ARIZASI,18/09/2023 09:17:28,18/09/2023 11:30:00,50 YIL MAH 2012 SK,50.YIL MAH.
4665,SULTANGAZİ,100 MM ÇAPLI ŞEBEKE HATTI ARIZASI,01/07/2023 11:22:34,01/07/2023 13:30:00,50 YIL MAH 2017 SK,50.YIL MAH.
4666,SULTANGAZİ,100 MM ÇAPLI ŞEBEKE HATTI ARIZASI,25/05/2023 14:58:23,25/05/2023 17:30:00,50 YIL MAH 2024 SK,50.YIL MAH.
4667,SULTANGAZİ,100 MM ÇAPLI ŞEBEKE HATTI ARIZASI,21/02/2023 11:37:46,21/02/2023 14:30:00,50 YIL MAH 2025 SK,50.YIL MAH.
4668,SULTANGAZİ,100 MM ÇAPLI ŞEBEKE HATTI ARIZASI,05/06/2023 14:25:40,05/06/2023 16:30:00,50 YIL MAH 2034 SK,50.YIL MAH.
4669,SULTANGAZİ,100 MM ÇAPLI ŞEBEKE HATTI ARIZASI,24/10/2023 15:14:22,24/10/2023 17:30:00,50 YIL MAH 2069 SK,50.YIL MAH.
4670,SULTANGAZİ,100 MM ÇAPLI ŞEBEKE HATTI ARIZASI,18/10/2023 09:39:46,18/10/2023 11:30:00,50 YIL MAH 2096 SK,50.YIL MAH.
4671,SULTANGAZİ,100 MM ÇAPLI ŞEBEKE HATTI ARIZASI,29/03/2023 11:01:44,29/03/2023 17:00:00,50 YIL MAH 2109 SK,50.YIL MAH.
4672,SULTANGAZİ,100 MM ÇAPLI ŞEBEKE HATTI ARIZASI,06/07/2023 10:35:53,06/07/2023 12:30:00,50 YIL MAH 2109 SK,50.YIL MAH.
4673,SULTANGAZİ,100 MM ÇAPLI ŞEBEKE HATTI ARIZASI,19/05/2023 10:18:14,19/05/2023 13:00:00,50 YIL MAH 2129 SK,"50.YIL MAH.,UĞUR MUMCU MAH"
4674,SULTANGAZİ,100 MM ÇAPLI ŞEBEKE HATTI ARIZASI,05/07/2023 12:03:31,05/07/2023 14:30:00,50 YIL MAH 2171 SK,"50.YIL MAH.,UĞUR MUMCU MAH"
4675,SULTANGAZİ,100 MM ÇAPLI ŞEBEKE HATTI ARIZASI,01/06/2023 11:43:07,01/06/2023 16:30:00,50 YIL MAH 2174 SK,50.YIL MAH.
4676,SULTANGAZİ,100 MM ÇAPLI ŞEBEKE HATTI ARIZASI,15/08/2023 10:20:51,15/08/2023 15:30:00,50 YIL MAH 2177 SK,"50.YIL MAH.,UĞUR MUMCU MAH"
4677,SULTANGAZİ,100 MM ÇAPLI ŞEBEKE HATTI ARIZASI,25/07/2023 12:37:03,25/07/2023 15:30:00,50 YIL MAH 2184 SK,50.YIL MAH.
4678,SULTANGAZİ,100 MM ÇAPLI ŞEBEKE HATTI ARIZASI,18/10/2023 16:57:13,18/10/2023 20:00:00,50 YIL MAH 2197 SK,50.YIL MAH.
4679,SULTANGAZİ,100 MM ÇAPLI ŞEBEKE HATTI ARIZASI,12/09/2023 15:30:18,12/09/2023 17:30:00,50 YIL MAH 2201 SK,"50.YIL MAH.,UĞUR MUMCU MAH"
4680,SULTANGAZİ,100 MM ÇAPLI ŞEBEKE HATTI ARIZASI,21/07/2023 11:54:20,21/07/2023 13:30:00,50 YIL MAH 2226 SK,50.YIL MAH.
4681,SULTANGAZİ,100 MM ÇAPLI ŞEBEKE HATTI ARIZASI,31/05/2023 15:35:25,31/05/2023 18:00:00,50 YIL MAH 2231 SK,"50.YIL MAH.,UĞUR MUMCU MAH"
4682,SULTANGAZİ,100 MM ÇAPLI ŞEBEKE HATTI ARIZASI,08/11/2023 13:01:14,08/11/2023 15:30:00,50 YIL MAH 2231 SK,"50.YIL MAH.,UĞUR MUMCU MAH"
4683,SULTANGAZİ,100 MM ÇAPLI ŞEBEKE HATTI ARIZASI,14/07/2023 10:58:51,14/07/2023 13:00:00,50 YIL MAH A CD 2032  SK,50.YIL MAH.
4684,SULTANGAZİ,100 MM ÇAPLI ŞEBEKE HATTI ARIZASI,22/03/2023 10:09:20,22/03/2023 12:00:00,50 YIL MAH A-2 CD,50.YIL MAH.
4685,SULTANGAZİ,100 MM ÇAPLI ŞEBEKE HATTI ARIZASI,25/10/2023 09:26:52,25/10/2023 14:00:00,50 YIL MAHALLLESI 2002 SOK-2006 SOK,"50.YIL MAH.,UĞUR MUMCU MAH"
4686,SULTANGAZİ,100 MM ÇAPLI ŞEBEKE HATTI ARIZASI,13/08/2023 16:24:33,13/08/2023 19:00:00,50.MAH 2157 NO 18,"50.YIL MAH.,UĞUR MUMCU MAH"
4687,SULTANGAZİ,100 MM ÇAPLI ŞEBEKE HATTI ARIZASI,04/07/2023 10:39:01,04/07/2023 13:00:00,50.MAH D  CD,50.YIL MAH.
4688,SULTANGAZİ,100 MM ÇAPLI ŞEBEKE HATTI ARIZASI,27/06/2023 08:06:25,27/06/2023 15:30:00,50.YIL 2181 NO 7,50.YIL MAH.
4689,SULTANGAZİ,100 MM ÇAPLI ŞEBEKE HATTI ARIZASI,06/03/2023 17:38:20,06/03/2023 20:00:00,50.YIL MAH 2033 SOK,50.YIL MAH.
4690,SULTANGAZİ,100 MM ÇAPLI ŞEBEKE HATTI ARIZASI,05/01/2024 10:38:33,05/01/2024 13:00:00,50.YIL MAH 2060 SOK NO:1,50.YIL MAH.
4691,SULTANGAZİ,100 MM ÇAPLI ŞEBEKE HATTI ARIZASI,12/09/2023 09:59:31,12/09/2023 14:00:00,50.YIL MAH 2076 SOK NO:16,"50.YIL MAH.,UĞUR MUMCU MAH"
4692,SULTANGAZİ,100 MM ÇAPLI ŞEBEKE HATTI ARIZASI,06/04/2023 10:11:18,06/04/2023 12:11:00,50.YIL MAHALLESI 2056 SK.,50.YIL MAH.
4693,SULTANGAZİ,100 MM ÇAPLI ŞEBEKE HATTI ARIZASI,31/10/2023 06:34:03,31/10/2023 11:00:00,"50.YIL, 2226 SK",50.YIL MAH.
4694,SULTANGAZİ,100 MM ÇAPLI ŞEBEKE HATTI ARIZASI,31/08/2023 15:28:29,31/08/2023 16:30:00,50YIL MAH A-2 CD,50.YIL MAH.
4695,SULTANGAZİ,100 MM ÇAPLI ŞEBEKE HATTI ARIZASI,20/07/2023 13:32:44,20/07/2023 16:30:00,50YIL MAH E CD,"50.YIL MAH.,UĞUR MUMCU MAH"
4696,SULTANGAZİ,100 MM ÇAPLI ŞEBEKE HATTI ARIZASI,21/08/2023 09:40:42,21/08/2023 12:00:00,75 MAH 1341 SK,"75.YIL MAH,GAZİ MAH"
4697,SULTANGAZİ,100 MM ÇAPLI ŞEBEKE HATTI ARIZASI,21/03/2023 10:58:14,21/03/2023 12:30:00,75 YIL MAG 1328/1 SK,75.YIL MAH
4698,SULTANGAZİ,100 MM ÇAPLI ŞEBEKE HATTI ARIZASI,06/09/2023 09:52:32,06/09/2023 12:30:00,75 YIL MAH  1300 SK,"75.YIL MAH,GAZİ MAH,ZÜBEYDE HANIM MAH."
4699,SULTANGAZİ,100 MM ÇAPLI ŞEBEKE HATTI ARIZASI,24/04/2023 12:04:47,24/04/2023 14:30:00,75 YIL MAH  1326/2 SK,75.YIL MAH
4700,SULTANGAZİ,100 MM ÇAPLI ŞEBEKE HATTI ARIZASI,15/03/2023 15:57:11,15/03/2023 18:30:00,75 YIL MAH 1253 SK,75.YIL MAH
4701,SULTANGAZİ,100 MM ÇAPLI ŞEBEKE HATTI ARIZASI,21/02/2023 09:48:32,21/02/2023 12:00:00,75 YIL MAH 1265 SK,"75.YIL MAH,YUNUS EMRE MAH,ZÜBEYDE HANIM MAH."
4702,SULTANGAZİ,100 MM ÇAPLI ŞEBEKE HATTI ARIZASI,10/05/2023 10:34:52,10/05/2023 13:00:00,75 YIL MAH 1300 SK,"75.YIL MAH,GAZİ MAH,ZÜBEYDE HANIM MAH."
4703,SULTANGAZİ,100 MM ÇAPLI ŞEBEKE HATTI ARIZASI,29/09/2023 11:36:04,29/09/2023 13:30:00,75 YIL MAH 1337 SK,"75.YIL MAH,ZÜBEYDE HANIM MAH."
4704,SULTANGAZİ,100 MM ÇAPLI ŞEBEKE HATTI ARIZASI,24/10/2023 15:58:05,24/10/2023 19:30:00,75 YIL MAH 1337 SK,75.YIL MAH
4705,SULTANGAZİ,100 MM ÇAPLI ŞEBEKE HATTI ARIZASI,28/02/2023 09:41:56,28/02/2023 13:30:00,75 YIL MAH 1352 SK-1340 SK KES,75.YIL MAH
4706,SULTANGAZİ,100 MM ÇAPLI ŞEBEKE HATTI ARIZASI,17/08/2023 09:16:15,17/08/2023 12:30:00,75 YIL MAH CUMHURİYET CD,"75.YIL MAH,GAZİ MAH"
4707,SULTANGAZİ,100 MM ÇAPLI ŞEBEKE HATTI ARIZASI,12/07/2023 14:36:07,12/07/2023 17:30:00,75 YIL MAH FEVZI ÇAKMAK CD,"75.YIL MAH,GAZİ MAH"
4708,SULTANGAZİ,100 MM ÇAPLI ŞEBEKE HATTI ARIZASI,12/10/2023 10:15:14,12/10/2023 13:30:00,75 YIL MAH FEVZİ ÇAKMAK CAD,"75.YIL MAH,GAZİ MAH,ZÜBEYDE HANIM MAH."
4709,SULTANGAZİ,100 MM ÇAPLI ŞEBEKE HATTI ARIZASI,28/04/2023 14:26:23,28/04/2023 17:00:00,75.YIL MAH 1319 SOK,"75.YIL MAH,GAZİ MAH"
4710,SULTANGAZİ,100 MM ÇAPLI ŞEBEKE HATTI ARIZASI,07/06/2023 14:36:19,07/06/2023 19:30:00,75.YIL MAH 1321 SOK,75.YIL MAH
4711,SULTANGAZİ,100 MM ÇAPLI ŞEBEKE HATTI ARIZASI,30/08/2023 09:39:34,30/08/2023 13:00:00,75.YIL MAH 1325 SOK NO:8,75.YIL MAH
4712,SULTANGAZİ,100 MM ÇAPLI ŞEBEKE HATTI ARIZASI,01/05/2023 09:01:43,01/05/2023 11:30:00,75.YIL MAH 1339 NO 41,75.YIL MAH
4713,SULTANGAZİ,100 MM ÇAPLI ŞEBEKE HATTI ARIZASI,27/08/2023 17:16:18,27/08/2023 21:00:00,BARBAROS MAH HOCA ALİ ASLAN CD NO 2,"75.YIL MAH,YUNUS EMRE MAH,ZÜBEYDE HANIM MAH."
4714,SULTANGAZİ,ELEKTRİK ENERJİSİ PROBLEMİ,21/05/2023 10:21:45,21/05/2023 20:00:00,BEŞYÜZEVLER TERFİ,"50.YIL MAH.,75.YIL MAH,CEBECİ MAH,CUMHURİYET MAH,ESENTEPE MAH,ESKİ HABİPLER MAH,GAZİ MAH,HABİBLER MAH,MALKOÇOĞLU MAH,SULTANÇİFTLİĞİ MAH.,UĞUR MUMCU MAH,YAYLA MAH.,YUNUS EMRE MAH,ZÜBEYDE HANIM MAH.,İSMETPAŞA MAH"
4715,SULTANGAZİ,TERFİ  MERKEZİ ARIZASI,11/10/2023 19:54:58,11/10/2023 23:00:00,BEŞYÜZEVLER TERFİ,"75.YIL MAH,CEBECİ MAH,ESKİ HABİPLER MAH,GAZİ MAH,HABİBLER MAH,MALKOÇOĞLU MAH,UĞUR MUMCU MAH,YAYLA MAH.,ZÜBEYDE HANIM MAH.,İSMETPAŞA MAH"
4716,SULTANGAZİ,TERFİ  MERKEZİ ARIZASI,11/12/2023 11:31:14,11/12/2023 14:00:00,BEŞYÜZEVLER TERFİ,"50.YIL MAH.,75.YIL MAH,CUMHURİYET MAH,ESENTEPE MAH,GAZİ MAH,SULTANÇİFTLİĞİ MAH.,UĞUR MUMCU MAH,YUNUS EMRE MAH,ZÜBEYDE HANIM MAH."
4717,SULTANGAZİ,100 MM ÇAPLI ŞEBEKE HATTI ARIZASI,07/07/2023 09:34:17,07/07/2023 11:30:00,CEBECI MAH 2492 SK,CEBECİ MAH
4718,SULTANGAZİ,ŞEBEKE HATTI VANA MONTAJI/DEĞİŞİMİ,06/12/2023 09:42:49,06/12/2023 12:30:00,CEBECI MAH 2514 SK,CEBECİ MAH
4719,SULTANGAZİ,ŞEBEKE HATTI VANA MONTAJI/DEĞİŞİMİ,01/11/2023 08:36:09,01/11/2023 14:30:00,CEBECI MAH 2517 SK,CEBECİ MAH
4720,SULTANGAZİ,100 MM ÇAPLI ŞEBEKE HATTI ARIZASI,24/04/2023 09:30:20,24/04/2023 18:30:00,CEBECI MAH 2800 SK,CEBECİ MAH
4721,SULTANGAZİ,100 MM ÇAPLI ŞEBEKE HATTI ARIZASI,27/11/2023 10:04:12,27/11/2023 13:30:00,CEBECİ 2467 NO 2,CEBECİ MAH
4722,SULTANGAZİ,100 MM ÇAPLI ŞEBEKE HATTI ARIZASI,19/10/2023 10:26:17,19/10/2023 14:30:00,CEBECİ 2508 SK,CEBECİ MAH
4723,SULTANGAZİ,100 MM ÇAPLI ŞEBEKE HATTI ARIZASI,06/03/2023 08:25:52,06/03/2023 11:30:00,CEBECİ 2521 SK NO 2,CEBECİ MAH
4724,SULTANGAZİ,100 MM ÇAPLI ŞEBEKE HATTI ARIZASI,16/01/2024 15:41:45,16/01/2024 17:30:00,CEBECİ 2545 SK NO14,CEBECİ MAH
4725,SULTANGAZİ,100 MM ÇAPLI ŞEBEKE HATTI ARIZASI,04/08/2023 15:32:15,04/08/2023 18:30:00,CEBECİ 2800/1 SK,CEBECİ MAH
4726,SULTANGAZİ,100 MM ÇAPLI ŞEBEKE HATTI ARIZASI,26/04/2023 16:09:41,26/04/2023 17:30:00,CEBECİ 2802 SK,CEBECİ MAH
4727,SULTANGAZİ,150 MM ÇAPLI ŞEBEKE HATTI ARIZASI,05/08/2023 12:39:03,05/08/2023 14:00:00,CEBECİ KÖYÜ,CEBECİ MAH
4728,SULTANGAZİ,100 MM ÇAPLI ŞEBEKE HATTI ARIZASI,06/07/2023 12:53:36,06/07/2023 18:00:00,CEBECİ KÖYÜ  2800 SK,CEBECİ MAH
4729,SULTANGAZİ,ŞEBEKE HATTI BRANŞMAN BAĞLANTISI,13/10/2023 14:53:40,13/10/2023 20:30:00,CEBECİ KÖYÜ 2800 SK,CEBECİ MAH
4730,SULTANGAZİ,100 MM ÇAPLI ŞEBEKE HATTI ARIZASI,13/03/2023 11:30:19,13/03/2023 13:30:00,CEBECİ MAH  2806 SK,CEBECİ MAH
4731,SULTANGAZİ,ŞEBEKE HATTI VANA MONTAJI/DEĞİŞİMİ,17/07/2023 11:18:39,17/07/2023 17:30:00,"CEBECİ MAH 2,CEBECİ CD -2579 SK KES",CEBECİ MAH
4732,SULTANGAZİ,100 MM ÇAPLI ŞEBEKE HATTI ARIZASI,29/09/2023 12:34:35,29/09/2023 16:30:00,CEBECİ MAH 2459,CEBECİ MAH
4733,SULTANGAZİ,100 MM ÇAPLI ŞEBEKE HATTI ARIZASI,26/05/2023 16:01:58,26/05/2023 19:30:00,CEBECİ MAH 2479 SK,CEBECİ MAH
4734,SULTANGAZİ,100 MM ÇAPLI ŞEBEKE HATTI ARIZASI,02/05/2023 16:24:50,02/05/2023 18:00:00,CEBECİ MAH 2481 SOK,CEBECİ MAH
4735,SULTANGAZİ,100 MM ÇAPLI ŞEBEKE HATTI ARIZASI,26/12/2023 14:07:08,26/12/2023 17:30:00,CEBECİ MAH 2482 SK,"CEBECİ MAH,UĞUR MUMCU MAH"
4736,SULTANGAZİ,100 MM ÇAPLI ŞEBEKE HATTI ARIZASI,09/10/2023 11:56:41,09/10/2023 15:30:00,CEBECİ MAH 2483 SOK,"CEBECİ MAH,UĞUR MUMCU MAH"
4737,SULTANGAZİ,100 MM ÇAPLI ŞEBEKE HATTI ARIZASI,08/09/2023 13:56:32,08/09/2023 15:30:00,CEBECİ MAH 2492 SK,CEBECİ MAH
4738,SULTANGAZİ,100 MM ÇAPLI ŞEBEKE HATTI ARIZASI,22/01/2024 14:44:23,22/01/2024 16:30:00,CEBECİ MAH 2511 SK,CEBECİ MAH
4739,SULTANGAZİ,100 MM ÇAPLI ŞEBEKE HATTI ARIZASI,03/03/2023 11:29:40,03/03/2023 14:00:00,CEBECİ MAH 2521 SOK NO:2,CEBECİ MAH
4740,SULTANGAZİ,100 MM ÇAPLI ŞEBEKE HATTI ARIZASI,02/06/2023 10:21:18,02/06/2023 12:30:00,CEBECİ MAH 2542 SK,CEBECİ MAH
4741,SULTANGAZİ,100 MM ÇAPLI ŞEBEKE HATTI ARIZASI,20/06/2023 10:35:51,20/06/2023 13:30:00,CEBECİ MAH 2547 SK,CEBECİ MAH
4742,SULTANGAZİ,100 MM ÇAPLI ŞEBEKE HATTI ARIZASI,11/12/2023 13:39:24,11/12/2023 18:30:00,CEBECİ MAH 2548 SK,CEBECİ MAH
4743,SULTANGAZİ,150 MM ÇAPLI ŞEBEKE HATTI ARIZASI,14/04/2023 11:39:37,14/04/2023 15:30:00,CEBECİ MAH 2800 SK,CEBECİ MAH
4744,SULTANGAZİ,100 MM ÇAPLI ŞEBEKE HATTI ARIZASI,03/07/2023 13:36:19,03/07/2023 17:00:00,CEBECİ MAH ESKİ EDİRNE ASFALTI NO:742,CEBECİ MAH
4745,SULTANGAZİ,100 MM ÇAPLI ŞEBEKE HATTI ARIZASI,22/07/2023 09:05:48,22/07/2023 13:00:00,CEBECİ MAH. 2539 SOK. NO:51,CEBECİ MAH
4746,SULTANGAZİ,100 MM ÇAPLI ŞEBEKE HATTI ARIZASI,16/07/2023 10:23:28,16/07/2023 11:44:00,CEBECİ MAHALLESİ,CEBECİ MAH
4747,SULTANGAZİ,ARITMA TESİSİ ARIZASI,10/12/2023 23:30:26,11/12/2023 03:00:00,CUMHURİYET ARITMA,"50.YIL MAH.,75.YIL MAH,CUMHURİYET MAH,ESENTEPE MAH,GAZİ MAH,SULTANÇİFTLİĞİ MAH.,UĞUR MUMCU MAH,YUNUS EMRE MAH,ZÜBEYDE HANIM MAH."
4748,SULTANGAZİ,ŞEBEKE HATTI VANA ARIZASI,12/12/2023 12:36:00,12/12/2023 17:30:00,CUMHURİYET DERSADET  CD  NO 26,CUMHURİYET MAH
4749,SULTANGAZİ,100 MM ÇAPLI ŞEBEKE HATTI ARIZASI,10/03/2023 15:42:10,10/03/2023 17:30:00,CUMHURİYET MAH DERSAADET CD,CUMHURİYET MAH
4750,SULTANGAZİ,100 MM ÇAPLI ŞEBEKE HATTI ARIZASI,22/12/2023 11:58:26,22/12/2023 14:30:00,CUMHURİYET MAH NECİP FAZIL CD,CUMHURİYET MAH
4751,SULTANGAZİ,100 MM ÇAPLI ŞEBEKE HATTI ARIZASI,20/02/2023 08:42:15,20/02/2023 11:30:00,CUMHURİYET MERHAMET NO 30,CUMHURİYET MAH
4752,SULTANGAZİ,TERFİ  MERKEZİ ARIZASI,05/11/2023 01:55:04,05/11/2023 08:00:00,CUMHURİYET TERFİ,"50.YIL MAH.,75.YIL MAH,CEBECİ MAH,CUMHURİYET MAH,ESENTEPE MAH,ESKİ HABİPLER MAH,GAZİ MAH,HABİBLER MAH,MALKOÇOĞLU MAH,SULTANÇİFTLİĞİ MAH.,UĞUR MUMCU MAH,YAYLA MAH.,YUNUS EMRE MAH,ZÜBEYDE HANIM MAH.,İSMETPAŞA MAH"
4753,SULTANGAZİ,ARIZA SEBEBİ İLE BASINÇ DÜŞÜKLÜĞÜ,16/09/2023 20:50:54,17/09/2023 03:00:00,CUMHURİYET TERFİ MERKEZİ,"50.YIL MAH.,75.YIL MAH,CEBECİ MAH,CUMHURİYET MAH,ESENTEPE MAH,ESKİ HABİPLER MAH,GAZİ MAH,HABİBLER MAH,MALKOÇOĞLU MAH,SULTANÇİFTLİĞİ MAH.,UĞUR MUMCU MAH,YAYLA MAH.,YUNUS EMRE MAH,ZÜBEYDE HANIM MAH.,İSMETPAŞA MAH"
4754,SULTANGAZİ,100 MM ÇAPLI ŞEBEKE HATTI ARIZASI,20/06/2023 13:08:20,20/06/2023 17:30:00,ESENTEPE MAH 2364/3 SK,"ESENTEPE MAH,YUNUS EMRE MAH"
4755,SULTANGAZİ,100 MM ÇAPLI ŞEBEKE HATTI ARIZASI,03/01/2024 16:28:05,03/01/2024 18:00:00,ESENTEPE MAH 2385 SK,ESENTEPE MAH
4756,SULTANGAZİ,100 MM ÇAPLI ŞEBEKE HATTI ARIZASI,21/03/2023 16:11:41,21/03/2023 18:00:00,ESENTEPE MAH 2391 SK,ESENTEPE MAH
4757,SULTANGAZİ,100 MM ÇAPLI ŞEBEKE HATTI ARIZASI,24/02/2023 14:23:36,24/02/2023 17:00:00,ESENTEPE MAH 2393 SK,ESENTEPE MAH
4758,SULTANGAZİ,100 MM ÇAPLI ŞEBEKE HATTI ARIZASI,08/06/2023 13:04:53,08/06/2023 15:30:00,ESENTEPE MAH 2394 SOK,ESENTEPE MAH
4759,SULTANGAZİ,ŞEBEKE HATTI VANA MONTAJI/DEĞİŞİMİ,02/05/2023 10:28:59,02/05/2023 15:30:00,ESENTEPE MAH 2398 SK,ESENTEPE MAH
4760,SULTANGAZİ,100 MM ÇAPLI ŞEBEKE HATTI ARIZASI,21/06/2023 15:32:19,21/06/2023 18:30:00,ESENTEPE MAH 2420 SOK NO 5,ESENTEPE MAH
4761,SULTANGAZİ,100 MM ÇAPLI ŞEBEKE HATTI ARIZASI,23/02/2023 10:19:43,23/02/2023 12:30:00,ESENTEPE MAH 2422 SK,ESENTEPE MAH
4762,SULTANGAZİ,150 MM ÇAPLI ŞEBEKE HATTI ARIZASI,01/02/2024 10:29:16,01/02/2024 12:30:00,ESENTEPE MAH 2424/1 SK,ESENTEPE MAH
4763,SULTANGAZİ,100 MM ÇAPLI ŞEBEKE HATTI ARIZASI,10/06/2023 09:57:28,10/06/2023 12:00:00,ESENTEPE MAH 2425/2 SK,"ESENTEPE MAH,YUNUS EMRE MAH"
4764,SULTANGAZİ,100 MM ÇAPLI ŞEBEKE HATTI ARIZASI,24/08/2023 14:10:56,24/08/2023 15:59:00,ESENTEPE MAH 2425/2 SK,"ESENTEPE MAH,YUNUS EMRE MAH"
4765,SULTANGAZİ,100 MM ÇAPLI ŞEBEKE HATTI ARIZASI,09/10/2023 10:52:07,09/10/2023 13:30:00,ESENTEPE MAH 2869 SK,ESENTEPE MAH
4766,SULTANGAZİ,100 MM ÇAPLI ŞEBEKE HATTI ARIZASI,17/06/2023 14:11:06,17/06/2023 17:00:00,ESENTEPE MAH 2873 SK,"ESENTEPE MAH,YUNUS EMRE MAH"
4767,SULTANGAZİ,100 MM ÇAPLI ŞEBEKE HATTI ARIZASI,08/09/2023 10:02:44,08/09/2023 12:30:00,ESENTEPE MAH 2873 SK,"ESENTEPE MAH,YUNUS EMRE MAH"
4768,SULTANGAZİ,100 MM ÇAPLI ŞEBEKE HATTI ARIZASI,24/01/2024 09:37:37,24/01/2024 13:30:00,ESENTEPE MAH 2959 SK,ESENTEPE MAH
4769,SULTANGAZİ,100 MM ÇAPLI ŞEBEKE HATTI ARIZASI,10/11/2023 09:32:03,10/11/2023 11:30:00,ESENTEPE MAH 2961 SK,ESENTEPE MAH
4770,SULTANGAZİ,100 MM ÇAPLI ŞEBEKE HATTI ARIZASI,19/01/2024 11:11:17,19/01/2024 14:30:00,ESENTEPE MAH 2986 SK,ESENTEPE MAH
4771,SULTANGAZİ,ŞEBEKE HATTI BRANŞMAN BAĞLANTISI,07/07/2023 11:35:43,07/07/2023 16:00:00,ESENTEPE MAH MIMAR SINAN BULVARI,ESENTEPE MAH
4772,SULTANGAZİ,ŞEBEKE HATTI BRANŞMAN BAĞLANTISI,14/07/2023 10:35:09,14/07/2023 14:30:00,ESENTEPE MAH MİMAR SİNAN BULVARI,"ESENTEPE MAH,YUNUS EMRE MAH"
4773,SULTANGAZİ,100 MM ÇAPLI ŞEBEKE HATTI ARIZASI,21/02/2023 13:08:40,21/02/2023 15:30:00,ESENTEPE MAH YUNUS EMRE BULVARI,"ESENTEPE MAH,YUNUS EMRE MAH"
4774,SULTANGAZİ,100 MM ÇAPLI ŞEBEKE HATTI ARIZASI,19/08/2023 09:00:24,19/08/2023 11:00:00,ESENTEPE MAH. 2868 SOK. NO32,"ESENTEPE MAH,YUNUS EMRE MAH"
4775,SULTANGAZİ,100 MM ÇAPLI ŞEBEKE HATTI ARIZASI,21/09/2023 09:01:55,21/09/2023 13:30:00,ESKI HABIPLER MAH KARANFILLER SK,"ESKİ HABİPLER MAH,HABİBLER MAH"
4776,SULTANGAZİ,100 MM ÇAPLI ŞEBEKE HATTI ARIZASI,16/09/2023 19:31:55,16/09/2023 23:50:00,ESKİ HABİBLER ÇİĞDEMLİ SK NO 28,ESKİ HABİPLER MAH
4777,SULTANGAZİ,ŞEBEKE HATTI BRANŞMAN BAĞLANTISI,26/09/2023 11:07:58,26/09/2023 15:30:00,ESKİ HABİPLER MAH GALİP ESMER CD,"ESKİ HABİPLER MAH,HABİBLER MAH"
4778,SULTANGAZİ,100 MM ÇAPLI ŞEBEKE HATTI ARIZASI,30/11/2023 11:21:07,30/11/2023 13:30:00,ESKİ HABİPLER MAH GÜLLER SK,ESKİ HABİPLER MAH
4779,SULTANGAZİ,100 MM ÇAPLI ŞEBEKE HATTI ARIZASI,21/09/2023 14:34:39,21/09/2023 17:30:00,ESKİ HABİPLER MAH KARANFİLLER SK,"ESKİ HABİPLER MAH,HABİBLER MAH"
4780,SULTANGAZİ,100 MM ÇAPLI ŞEBEKE HATTI ARIZASI,14/06/2023 13:18:43,14/06/2023 18:30:00,ESKİ HABİPLER MAH SAKIZ SK VEFA POYRAZ CD KES,ESKİ HABİPLER MAH
4781,SULTANGAZİ,100 MM ÇAPLI ŞEBEKE HATTI ARIZASI,15/11/2023 16:40:55,15/11/2023 18:30:00,ESKİ HABİPLER MAH YASEMİNLER SK,ESKİ HABİPLER MAH
4782,SULTANGAZİ,100 MM ÇAPLI ŞEBEKE HATTI ARIZASI,12/09/2023 01:09:14,12/09/2023 13:00:00,"ESKİ HABİPLER MAH, SELVILER SOKAK",ESKİ HABİPLER MAH
4783,SULTANGAZİ,150 MM ÇAPLI ŞEBEKE HATTI ARIZASI,22/09/2023 10:31:14,22/09/2023 15:30:00,ESKİ HABİPLER MH. G.ESMER CD.,"ESKİ HABİPLER MAH,HABİBLER MAH"
4784,SULTANGAZİ,100 MM ÇAPLI ŞEBEKE HATTI ARIZASI,11/09/2023 19:58:00,12/09/2023 00:30:00,ESKİHABİBLER SELVİLER,ESKİ HABİPLER MAH
4785,SULTANGAZİ,ŞEBEKE HATTI VANA ARIZASI,17/09/2023 10:19:11,17/09/2023 16:30:00,ESKİHABİPLER MUSTAFA KEMAL PAŞA VAD.,"ESKİ HABİPLER MAH,HABİBLER MAH,YAYLA MAH."
4786,SULTANGAZİ,ŞEBEKE HATTI VANA ARIZASI,04/10/2023 09:10:44,04/10/2023 11:30:00,FEVZİ ÇAKMAK CAD. 107 NUMARA,"75.YIL MAH,GAZİ MAH,ZÜBEYDE HANIM MAH."
4787,SULTANGAZİ,100 MM ÇAPLI ŞEBEKE HATTI ARIZASI,03/04/2023 11:16:42,03/04/2023 14:00:00,GAZI MAH 1411 SK-1414/1 SK KES,"GAZİ MAH,YUNUS EMRE MAH,ZÜBEYDE HANIM MAH."
4788,SULTANGAZİ,100 MM ÇAPLI ŞEBEKE HATTI ARIZASI,20/06/2023 17:31:05,20/06/2023 19:30:00,GAZI MAH 1412 SK  1425 SK KES,"GAZİ MAH,YUNUS EMRE MAH,ZÜBEYDE HANIM MAH."
4789,SULTANGAZİ,100 MM ÇAPLI ŞEBEKE HATTI ARIZASI,13/12/2023 10:03:01,13/12/2023 13:30:00,GAZI MAH 1419 SK,"GAZİ MAH,YUNUS EMRE MAH"
4790,SULTANGAZİ,100 MM ÇAPLI ŞEBEKE HATTI ARIZASI,16/02/2024 09:42:09,16/02/2024 12:30:00,GAZI MAH 1426 SK,GAZİ MAH
4791,SULTANGAZİ,100 MM ÇAPLI ŞEBEKE HATTI ARIZASI,24/09/2023 09:40:17,24/09/2023 11:33:00,GAZI MAHALLESI 1343 SOKAK,"GAZİ MAH,ZÜBEYDE HANIM MAH."
4792,SULTANGAZİ,600 MM ÇAPLI  ANA İSALE HATTI ARIZASI,28/04/2023 15:25:19,29/04/2023 12:00:00,GAZIOSMANPAŞA CADDESI,"50.YIL MAH.,75.YIL MAH,ESENTEPE MAH,GAZİ MAH,SULTANÇİFTLİĞİ MAH.,UĞUR MUMCU MAH,YUNUS EMRE MAH,ZÜBEYDE HANIM MAH."
4793,SULTANGAZİ,100 MM ÇAPLI ŞEBEKE HATTI ARIZASI,20/11/2023 16:46:51,20/11/2023 19:30:00,GAZİ 1444 NO 16,"GAZİ MAH,ZÜBEYDE HANIM MAH."
4794,SULTANGAZİ,100 MM ÇAPLI ŞEBEKE HATTI ARIZASI,13/04/2023 16:09:13,13/04/2023 18:30:00,GAZİ MAH  ŞHT NURETTİN ATEŞ CD,"GAZİ MAH,ZÜBEYDE HANIM MAH."
4795,SULTANGAZİ,100 MM ÇAPLI ŞEBEKE HATTI ARIZASI,22/09/2023 23:24:29,23/09/2023 02:00:00,GAZİ MAH 1344,"GAZİ MAH,ZÜBEYDE HANIM MAH."
4796,SULTANGAZİ,100 MM ÇAPLI ŞEBEKE HATTI ARIZASI,22/09/2023 22:35:15,23/09/2023 01:00:00,GAZİ MAH 1344 SOK,"GAZİ MAH,ZÜBEYDE HANIM MAH."
4797,SULTANGAZİ,100 MM ÇAPLI ŞEBEKE HATTI ARIZASI,24/07/2023 15:33:55,24/07/2023 17:30:00,GAZİ MAH 1370 SK,GAZİ MAH
4798,SULTANGAZİ,100 MM ÇAPLI ŞEBEKE HATTI ARIZASI,02/11/2023 11:46:46,02/11/2023 13:30:00,GAZİ MAH 1371 SK,GAZİ MAH
4799,SULTANGAZİ,100 MM ÇAPLI ŞEBEKE HATTI ARIZASI,27/02/2023 09:34:37,27/02/2023 12:00:00,GAZİ MAH 1376 SOK NO:81,"GAZİ MAH,ZÜBEYDE HANIM MAH."
4800,SULTANGAZİ,100 MM ÇAPLI ŞEBEKE HATTI ARIZASI,20/11/2023 09:51:00,20/11/2023 11:30:00,GAZİ MAH 1382 SK,GAZİ MAH
4801,SULTANGAZİ,100 MM ÇAPLI ŞEBEKE HATTI ARIZASI,23/11/2023 14:49:41,23/11/2023 17:30:00,GAZİ MAH 1383/1 SK,"GAZİ MAH,YUNUS EMRE MAH"
4802,SULTANGAZİ,100 MM ÇAPLI ŞEBEKE HATTI ARIZASI,05/12/2023 09:08:44,05/12/2023 11:30:00,GAZİ MAH 1384/4 SK,GAZİ MAH
4803,SULTANGAZİ,100 MM ÇAPLI ŞEBEKE HATTI ARIZASI,14/02/2024 14:06:59,14/02/2024 17:30:00,GAZİ MAH 1425 SK İLE 1371/1 SK KES,GAZİ MAH
4804,SULTANGAZİ,100 MM ÇAPLI ŞEBEKE HATTI ARIZASI,13/07/2023 09:19:46,13/07/2023 13:30:00,GAZİ MAH 1472 SK NO 5,GAZİ MAH
4805,SULTANGAZİ,100 MM ÇAPLI ŞEBEKE HATTI ARIZASI,13/04/2023 09:44:40,13/04/2023 15:00:00,GAZİ MAH İSMET PAŞA CD,GAZİ MAH
4806,SULTANGAZİ,100 MM ÇAPLI ŞEBEKE HATTI ARIZASI,16/02/2024 13:54:06,16/02/2024 16:00:00,GAZİ MAH. MİLLET CADDESİ,"GAZİ MAH,ZÜBEYDE HANIM MAH."
4807,SULTANGAZİ,100 MM ÇAPLI ŞEBEKE HATTI ARIZASI,27/11/2023 13:37:39,27/11/2023 16:30:00,GAZİ OKUL CD,GAZİ MAH
4808,SULTANGAZİ,100 MM ÇAPLI ŞEBEKE HATTI ARIZASI,18/04/2023 15:44:10,18/04/2023 17:30:00,GAZİ ŞHT NURETTİN ATEŞ CD NO:74,GAZİ MAH
4809,SULTANGAZİ,ARIZA SEBEBİ İLE BASINÇ DÜŞÜKLÜĞÜ,29/04/2023 18:40:50,29/04/2023 21:00:00,GAZİOSMANPAŞA CAD.,"75.YIL MAH,GAZİ MAH,ZÜBEYDE HANIM MAH."
4810,SULTANGAZİ,600 MM ÇAPLI  ANA İSALE HATTI ARIZASI,02/05/2023 15:30:51,03/05/2023 09:00:00,GAZİOSMANPAŞA CADDESİ,"75.YIL MAH,YUNUS EMRE MAH,ZÜBEYDE HANIM MAH."
4811,SULTANGAZİ,100 MM ÇAPLI ŞEBEKE HATTI ARIZASI,14/09/2023 10:15:29,14/09/2023 16:00:00,HABIPLER MAH DEMIRCI CD,"ESKİ HABİPLER MAH,HABİBLER MAH"
4812,SULTANGAZİ,ŞEBEKE HATTI VANA MONTAJI/DEĞİŞİMİ,15/04/2023 10:09:41,15/04/2023 12:30:00,HABIPLER MAH DEMIRCILER CD,"ESKİ HABİPLER MAH,HABİBLER MAH"
4813,SULTANGAZİ,100 MM ÇAPLI ŞEBEKE HATTI ARIZASI,15/08/2023 15:31:26,15/08/2023 18:00:00,HABİBLER MAH A1 CD İLE Z 1 CD KESİŞİMİ,HABİBLER MAH
4814,SULTANGAZİ,100 MM ÇAPLI ŞEBEKE HATTI ARIZASI,03/01/2024 14:19:40,03/01/2024 16:30:00,HABİPLER MAH   A-1 CD,HABİBLER MAH
4815,SULTANGAZİ,100 MM ÇAPLI ŞEBEKE HATTI ARIZASI,20/01/2024 15:16:13,20/01/2024 17:30:00,HABİPLER MAH A-1 CD,HABİBLER MAH
4816,SULTANGAZİ,ENERJİ KESİNTİSİ,10/12/2023 13:30:40,10/12/2023 16:00:00,KAĞITHANE,"50.YIL MAH.,75.YIL MAH,CEBECİ MAH,CUMHURİYET MAH,ESENTEPE MAH,ESKİ HABİPLER MAH,GAZİ MAH,HABİBLER MAH,MALKOÇOĞLU MAH,SULTANÇİFTLİĞİ MAH.,UĞUR MUMCU MAH,YAYLA MAH.,YUNUS EMRE MAH,ZÜBEYDE HANIM MAH.,İSMETPAŞA MAH"
4817,SULTANGAZİ,ELEKTRİK ENERJİSİ PROBLEMİ,21/06/2023 23:56:46,22/06/2023 05:00:00,KAĞITHANE ARITMA,"50.YIL MAH.,75.YIL MAH,CUMHURİYET MAH,ESENTEPE MAH,GAZİ MAH,SULTANÇİFTLİĞİ MAH.,UĞUR MUMCU MAH,YUNUS EMRE MAH,ZÜBEYDE HANIM MAH."
4818,SULTANGAZİ,ARIZA SEBEBİ İLE BASINÇ DÜŞÜKLÜĞÜ,03/05/2023 08:57:57,03/05/2023 12:00:00,KÜÇÜKKÖY MEVKİİ,"75.YIL MAH,YUNUS EMRE MAH,ZÜBEYDE HANIM MAH."
4819,SULTANGAZİ,ANA İSALE HATTI YENİLEMESİ,12/07/2023 22:06:14,13/07/2023 07:00:00,KÜÇÜKKÖY TERFİ MERKEZİ,"50.YIL MAH.,75.YIL MAH,CEBECİ MAH,CUMHURİYET MAH,ESENTEPE MAH,ESKİ HABİPLER MAH,GAZİ MAH,HABİBLER MAH,MALKOÇOĞLU MAH,SULTANGAZİ-STANDARTDIŞI ADRES,SULTANÇİFTLİĞİ MAH.,UĞUR MUMCU MAH,YAYLA MAH.,YUNUS EMRE MAH,ZÜBEYDE HANIM MAH.,İSMETPAŞA MAH"
4820,SULTANGAZİ,ENERJİ KESİNTİSİ,06/08/2023 05:48:00,06/08/2023 12:00:00,MALKOCOGLU TERFI,"CEBECİ MAH,ESKİ HABİPLER MAH,HABİBLER MAH,MALKOÇOĞLU MAH,UĞUR MUMCU MAH,YAYLA MAH.,İSMETPAŞA MAH"
4821,SULTANGAZİ,ENERJİ KESİNTİSİ,06/09/2023 01:17:35,06/09/2023 04:00:00,MALKOCOGLU TERFI,"CEBECİ MAH,ESKİ HABİPLER MAH,HABİBLER MAH,MALKOÇOĞLU MAH,YAYLA MAH.,İSMETPAŞA MAH"
4822,SULTANGAZİ,100 MM ÇAPLI ŞEBEKE HATTI ARIZASI,26/12/2023 10:06:19,26/12/2023 12:00:00,MALKOÇOĞLU 305/1 SK NO 7,MALKOÇOĞLU MAH
4823,SULTANGAZİ,100 MM ÇAPLI ŞEBEKE HATTI ARIZASI,16/10/2023 12:37:48,16/10/2023 15:30:00,MALKOÇOĞLU 310 SK NO 5,MALKOÇOĞLU MAH
4824,SULTANGAZİ,100 MM ÇAPLI ŞEBEKE HATTI ARIZASI,20/12/2023 16:20:52,20/12/2023 18:30:00,MALKOÇOĞLU MAH 306 SK,MALKOÇOĞLU MAH
4825,SULTANGAZİ,300 MM ÇAPLI ŞEBEKE HATTI ARIZASI,16/10/2023 14:16:05,16/10/2023 18:30:00,MALKOÇOĞLU MAH 313 SK,"50.YIL MAH.,75.YIL MAH,CUMHURİYET MAH,ESENTEPE MAH,GAZİ MAH,SULTANÇİFTLİĞİ MAH.,UĞUR MUMCU MAH,YUNUS EMRE MAH,ZÜBEYDE HANIM MAH.,İSMETPAŞA MAH"
4826,SULTANGAZİ,100 MM ÇAPLI ŞEBEKE HATTI ARIZASI,20/07/2023 08:59:54,20/07/2023 11:30:00,MALKOÇOĞLU MAH NAMIK KEMAL CD,MALKOÇOĞLU MAH
4827,SULTANGAZİ,ŞEBEKE HATTI VANA MONTAJI/DEĞİŞİMİ,21/06/2023 11:47:07,21/06/2023 13:30:00,MALKOÇOĞLU MAH ZAFER CD,MALKOÇOĞLU MAH
4828,SULTANGAZİ,ANA İSALE HATTINA DEBİMETRE MONTAJI / DEĞİŞİMİ,03/08/2023 19:46:39,04/08/2023 06:00:00,MALKOÇOĞLU TERFİ ÇIKIŞI 900 MM İSALE HATTI,"CEBECİ MAH,ESENTEPE MAH,ESKİ HABİPLER MAH,GAZİ MAH,HABİBLER MAH,MALKOÇOĞLU MAH,UĞUR MUMCU MAH,YAYLA MAH.,YUNUS EMRE MAH,ZÜBEYDE HANIM MAH.,İSMETPAŞA MAH"
4829,SULTANGAZİ,600 MM ÇAPLI  ANA İSALE HATTI ARIZASI,06/03/2023 16:48:19,06/03/2023 19:00:00,MALKOÇOĞLU-ARNAVUTKÖY,"CEBECİ MAH,ESENTEPE MAH,ESKİ HABİPLER MAH,GAZİ MAH,HABİBLER MAH,MALKOÇOĞLU MAH,YAYLA MAH.,ZÜBEYDE HANIM MAH.,İSMETPAŞA MAH"
4830,SULTANGAZİ,100 MM ÇAPLI ŞEBEKE HATTI ARIZASI,28/09/2023 09:56:12,28/09/2023 12:30:00,SULTAN ÇIFLIĞI MAH 11 SK,SULTANÇİFTLİĞİ MAH.
4831,SULTANGAZİ,100 MM ÇAPLI ŞEBEKE HATTI ARIZASI,06/11/2023 15:35:58,06/11/2023 17:30:00,"SULTAN ÇİFL,İĞİ MAH 201 SK",SULTANÇİFTLİĞİ MAH.
4832,SULTANGAZİ,ŞEBEKE HATTI VANA MONTAJI/DEĞİŞİMİ,14/03/2023 15:28:07,14/03/2023 18:30:00,SULTAN ÇİFLİĞİ MAH 159 SK,SULTANÇİFTLİĞİ MAH.
4833,SULTANGAZİ,100 MM ÇAPLI ŞEBEKE HATTI ARIZASI,02/10/2023 12:47:15,02/10/2023 14:30:00,SULTAN ÇİFLİĞİ MAH 187 SK,SULTANÇİFTLİĞİ MAH.
4834,SULTANGAZİ,100 MM ÇAPLI ŞEBEKE HATTI ARIZASI,28/08/2023 10:46:09,28/08/2023 12:30:00,SULTAN ÇİFLİĞİ MAH 189 SK,SULTANÇİFTLİĞİ MAH.
4835,SULTANGAZİ,100 MM ÇAPLI ŞEBEKE HATTI ARIZASI,21/10/2023 09:24:48,21/10/2023 11:30:00,SULTAN ÇİFLİĞİ MAH 22 SK,SULTANÇİFTLİĞİ MAH.
4836,SULTANGAZİ,100 MM ÇAPLI ŞEBEKE HATTI ARIZASI,27/10/2023 11:12:03,27/10/2023 14:30:00,SULTAN ÇİFLİĞİ MAH 22 SK,SULTANÇİFTLİĞİ MAH.
4837,SULTANGAZİ,100 MM ÇAPLI ŞEBEKE HATTI ARIZASI,13/12/2023 11:20:47,13/12/2023 15:30:00,SULTAN ÇİFLİĞİ MAH ESKİ EDİRNE ASFALTI NO:535,SULTANÇİFTLİĞİ MAH.
4838,SULTANGAZİ,100 MM ÇAPLI ŞEBEKE HATTI ARIZASI,09/04/2023 11:39:42,09/04/2023 18:00:00,SULTANGAZI,"GAZİ MAH,YUNUS EMRE MAH,ZÜBEYDE HANIM MAH."
4839,SULTANGAZİ,100 MM ÇAPLI ŞEBEKE HATTI ARIZASI,03/07/2023 09:31:48,03/07/2023 11:30:00,SULTANÇİFLİĞİ MAH 187 SOK,SULTANÇİFTLİĞİ MAH.
4840,SULTANGAZİ,100 MM ÇAPLI ŞEBEKE HATTI ARIZASI,17/10/2023 16:05:56,17/10/2023 18:30:00,SULTANÇİFLİĞİ MAH 6 SOKAK,SULTANÇİFTLİĞİ MAH.
4841,SULTANGAZİ,ARIZA SEBEBİ İLE BASINÇ DÜŞÜKLÜĞÜ,03/05/2023 18:02:50,03/05/2023 23:59:00,SİLAHTAR TERFİ,"75.YIL MAH,GAZİ MAH,ZÜBEYDE HANIM MAH."
4842,SULTANGAZİ,ELEKTRİK ENERJİSİ PROBLEMİ,28/01/2024 15:04:51,28/01/2024 16:30:00,SİLAHTAR TERFİ MERKEZİ,"75.YIL MAH,GAZİ MAH,ZÜBEYDE HANIM MAH."
4843,SULTANGAZİ,600 MM ÇAPLI  ANA İSALE HATTI ARIZASI,03/06/2023 09:07:01,03/06/2023 14:00:00,SİLAHTAR TERFİ ÇIKIŞI,"YUNUS EMRE MAH,ZÜBEYDE HANIM MAH."
4844,SULTANGAZİ,700 MM  ÇAPLI ANA İSALE HATTI ARIZASI,04/04/2023 09:00:16,04/04/2023 17:00:00,SİLAHTAR-GOP-KÜÇÜKKÖY,"75.YIL MAH,YUNUS EMRE MAH,ZÜBEYDE HANIM MAH."
4845,SULTANGAZİ,600 MM ÇAPLI  ANA İSALE HATTI ARIZASI,25/12/2023 12:29:22,25/12/2023 20:00:00,SİLAHTAR-KEÇESUYU-KÜÇÜKKÖY 600MM İSALE HATTI,"75.YIL MAH,YUNUS EMRE MAH,ZÜBEYDE HANIM MAH."
4846,SULTANGAZİ,100 MM ÇAPLI ŞEBEKE HATTI ARIZASI,14/06/2023 12:42:38,14/06/2023 15:30:00,U.MUMCU 2307 SK NO 10,UĞUR MUMCU MAH
4847,SULTANGAZİ,100 MM ÇAPLI ŞEBEKE HATTI ARIZASI,13/12/2023 16:56:21,13/12/2023 19:30:00,UĞUR MUMCU MAH,UĞUR MUMCU MAH
4848,SULTANGAZİ,100 MM ÇAPLI ŞEBEKE HATTI ARIZASI,23/03/2023 22:20:05,24/03/2023 04:00:00,UĞUR MUMCU MAH 2121 SOK,"50.YIL MAH.,UĞUR MUMCU MAH"
4849,SULTANGAZİ,100 MM ÇAPLI ŞEBEKE HATTI ARIZASI,28/04/2023 15:06:51,28/04/2023 18:30:00,UĞUR MUMCU MAH 2133 SK,UĞUR MUMCU MAH
4850,SULTANGAZİ,100 MM ÇAPLI ŞEBEKE HATTI ARIZASI,30/03/2023 10:48:11,30/03/2023 13:50:00,UĞUR MUMCU MAH 2154 SK,"50.YIL MAH.,UĞUR MUMCU MAH"
4851,SULTANGAZİ,100 MM ÇAPLI ŞEBEKE HATTI ARIZASI,22/05/2023 16:36:55,22/05/2023 18:30:00,UĞUR MUMCU MAH 2221 SK,UĞUR MUMCU MAH
4852,SULTANGAZİ,100 MM ÇAPLI ŞEBEKE HATTI ARIZASI,11/08/2023 11:24:27,11/08/2023 14:30:00,UĞUR MUMCU MAH 2238 SK,"50.YIL MAH.,UĞUR MUMCU MAH"
4853,SULTANGAZİ,100 MM ÇAPLI ŞEBEKE HATTI ARIZASI,27/12/2023 16:26:46,27/12/2023 18:30:00,UĞUR MUMCU MAH 2246 SK,"50.YIL MAH.,UĞUR MUMCU MAH"
4854,SULTANGAZİ,100 MM ÇAPLI ŞEBEKE HATTI ARIZASI,07/08/2023 11:08:27,07/08/2023 13:30:00,UĞUR MUMCU MAH 2261 SK,"50.YIL MAH.,UĞUR MUMCU MAH"
4855,SULTANGAZİ,100 MM ÇAPLI ŞEBEKE HATTI ARIZASI,04/07/2023 13:39:04,04/07/2023 15:00:00,UĞUR MUMCU MAH 2306 SOK,UĞUR MUMCU MAH
4856,SULTANGAZİ,100 MM ÇAPLI ŞEBEKE HATTI ARIZASI,08/02/2024 14:38:58,08/02/2024 16:30:00,UĞUR MUMCU MAH 2312 SK,UĞUR MUMCU MAH
4857,SULTANGAZİ,100 MM ÇAPLI ŞEBEKE HATTI ARIZASI,01/06/2023 09:55:59,01/06/2023 11:30:00,UĞUR MUMCU MAH 2313 SK,UĞUR MUMCU MAH
4858,SULTANGAZİ,100 MM ÇAPLI ŞEBEKE HATTI ARIZASI,18/07/2023 09:18:29,18/07/2023 12:00:00,UĞUR MUMCU MAH 2313 SK,UĞUR MUMCU MAH
4859,SULTANGAZİ,ŞEBEKE HATTI VANA MONTAJI/DEĞİŞİMİ,20/10/2023 13:59:07,20/10/2023 17:00:00,UĞUR MUMCU MAH 2319 SK,UĞUR MUMCU MAH
4860,SULTANGAZİ,100 MM ÇAPLI ŞEBEKE HATTI ARIZASI,08/01/2024 11:11:59,08/01/2024 13:30:00,UĞUR MUMCU MAH FATİH CD,UĞUR MUMCU MAH
4861,SULTANGAZİ,100 MM ÇAPLI ŞEBEKE HATTI ARIZASI,16/08/2023 15:55:31,16/08/2023 17:30:00,UĞUR MUMCU MAH FATİH CD NO:58,UĞUR MUMCU MAH
4862,SULTANGAZİ,ŞEBEKE HATTI VANA ARIZASI,28/08/2023 11:34:10,28/08/2023 15:00:00,UĞUR MUMCU MAH K   CD,"50.YIL MAH.,UĞUR MUMCU MAH"
4863,SULTANGAZİ,100 MM ÇAPLI ŞEBEKE HATTI ARIZASI,05/08/2023 16:47:14,05/08/2023 20:30:00,UĞURMUMCU 2144 SK NO 4,"50.YIL MAH.,UĞUR MUMCU MAH"
4864,SULTANGAZİ,100 MM ÇAPLI ŞEBEKE HATTI ARIZASI,06/09/2023 10:18:56,06/09/2023 11:30:00,UĞURMUMCU MUHSİN YAZICIOĞLU NO 4-8,UĞUR MUMCU MAH
4865,SULTANGAZİ,100 MM ÇAPLI ŞEBEKE HATTI ARIZASI,15/12/2023 09:17:22,15/12/2023 11:30:00,YAYLA MAH GÖLBAŞI CD,YAYLA MAH.
4866,SULTANGAZİ,100 MM ÇAPLI ŞEBEKE HATTI ARIZASI,16/03/2023 13:05:23,16/03/2023 18:00:00,YUNUS EMRE MAH 1328/1 SOK,YUNUS EMRE MAH
4867,SULTANGAZİ,ŞEBEKE HATTI VANA MONTAJI/DEĞİŞİMİ,24/03/2023 12:59:11,24/03/2023 17:30:00,YUNUS EMRE MAH 1380/1 SK,"GAZİ MAH,YUNUS EMRE MAH,ZÜBEYDE HANIM MAH."
4868,SULTANGAZİ,100 MM ÇAPLI ŞEBEKE HATTI ARIZASI,22/03/2023 14:24:26,22/03/2023 17:00:00,YUNUS EMRE MAH 1388/1 SK,"GAZİ MAH,YUNUS EMRE MAH"
4869,SULTANGAZİ,100 MM ÇAPLI ŞEBEKE HATTI ARIZASI,07/03/2023 11:37:07,07/03/2023 14:30:00,YUNUS EMRE MAH 1398 SK,YUNUS EMRE MAH
4870,SULTANGAZİ,100 MM ÇAPLI ŞEBEKE HATTI ARIZASI,09/11/2023 10:07:24,09/11/2023 13:30:00,YUNUS EMRE MAH 1405 SK,YUNUS EMRE MAH
4871,SULTANGAZİ,100 MM ÇAPLI ŞEBEKE HATTI ARIZASI,17/05/2023 14:26:25,17/05/2023 17:30:00,YUNUS EMRE MAH 1407 SK,YUNUS EMRE MAH
4872,SULTANGAZİ,100 MM ÇAPLI ŞEBEKE HATTI ARIZASI,05/07/2023 15:27:04,05/07/2023 17:30:00,YUNUS EMRE MAH 1410 SK,YUNUS EMRE MAH
4873,SULTANGAZİ,100 MM ÇAPLI ŞEBEKE HATTI ARIZASI,01/05/2023 08:29:37,01/05/2023 11:30:00,YUNUS EMRE MAH 1622 SK NO 18,YUNUS EMRE MAH
4874,SULTANGAZİ,ŞEBEKE HATTI VANA MONTAJI/DEĞİŞİMİ,10/11/2023 13:24:46,10/11/2023 15:30:00,YUNUS EMRE MAH 562/2 SK,YUNUS EMRE MAH
4875,SULTANGAZİ,100 MM ÇAPLI ŞEBEKE HATTI ARIZASI,11/10/2023 09:16:35,11/10/2023 11:30:00,YUNUS EMRE MAH 563/1 SK,YUNUS EMRE MAH
4876,SULTANGAZİ,100 MM ÇAPLI ŞEBEKE HATTI ARIZASI,15/06/2023 09:32:16,15/06/2023 11:30:00,YUNUS EMRE MAH 571 SK,YUNUS EMRE MAH
4877,SULTANGAZİ,ŞEBEKE HATTI VANA MONTAJI/DEĞİŞİMİ,16/06/2023 14:19:56,16/06/2023 17:30:00,YUNUS EMRE MAH 571 SK,YUNUS EMRE MAH
4878,SULTANGAZİ,100 MM ÇAPLI ŞEBEKE HATTI ARIZASI,26/06/2023 21:21:56,26/06/2023 23:00:00,YUNUS EMRE MAH DERSAADET SOK,YUNUS EMRE MAH
4879,SULTANGAZİ,100 MM ÇAPLI ŞEBEKE HATTI ARIZASI,01/02/2024 12:15:27,01/02/2024 15:30:00,YUNUS EMRE MAH KIBRIS CD NO:75,"GAZİ MAH,YUNUS EMRE MAH"
4880,SULTANGAZİ,100 MM ÇAPLI ŞEBEKE HATTI ARIZASI,04/11/2023 09:17:33,04/11/2023 12:30:00,YUNUS EMRE MAH. 1410 SOK.,YUNUS EMRE MAH
4881,SULTANGAZİ,100 MM ÇAPLI ŞEBEKE HATTI ARIZASI,24/02/2023 15:55:52,24/02/2023 19:30:00,Z.HANIM MAH 1266 SK,ZÜBEYDE HANIM MAH.
4882,SULTANGAZİ,100 MM ÇAPLI ŞEBEKE HATTI ARIZASI,16/06/2023 10:51:51,16/06/2023 13:00:00,Z.HANIM MAH 1473 SK,"GAZİ MAH,ZÜBEYDE HANIM MAH."
4883,SULTANGAZİ,100 MM ÇAPLI ŞEBEKE HATTI ARIZASI,13/11/2023 09:38:52,13/11/2023 11:30:00,Z.HANIM MAH 1480 SK,ZÜBEYDE HANIM MAH.
4884,SULTANGAZİ,ŞEBEKE HATTI VANA MONTAJI/DEĞİŞİMİ,27/03/2023 09:53:29,27/03/2023 14:00:00,Z.HANIM MAH 1481 SK,ZÜBEYDE HANIM MAH.
4885,SULTANGAZİ,100 MM ÇAPLI ŞEBEKE HATTI ARIZASI,05/04/2023 12:21:11,05/04/2023 14:30:00,Z.HANIM MAH 1500 SK,ZÜBEYDE HANIM MAH.
4886,SULTANGAZİ,100 MM ÇAPLI ŞEBEKE HATTI ARIZASI,17/01/2024 09:06:24,17/01/2024 10:30:00,Z.HANIM MAH KAZIM KARABEKİR CD,ZÜBEYDE HANIM MAH.
4887,SULTANGAZİ,100 MM ÇAPLI ŞEBEKE HATTI ARIZASI,01/08/2023 16:54:54,01/08/2023 20:30:00,ZÜBEYDE 1293/3 NO 10,ZÜBEYDE HANIM MAH.
4888,SULTANGAZİ,100 MM ÇAPLI ŞEBEKE HATTI ARIZASI,01/08/2023 18:35:35,01/08/2023 20:30:00,ZÜBEYDE 1293/3 NO 10,ZÜBEYDE HANIM MAH.
4889,SULTANGAZİ,100 MM ÇAPLI ŞEBEKE HATTI ARIZASI,19/10/2023 08:36:39,19/10/2023 11:30:00,ZÜBEYDE 1428 NO 4,"GAZİ MAH,ZÜBEYDE HANIM MAH."
4890,SULTANGAZİ,100 MM ÇAPLI ŞEBEKE HATTI ARIZASI,07/11/2023 09:20:36,07/11/2023 12:30:00,ZÜBEYDE HANIM MAH 1266 SK,"75.YIL MAH,ZÜBEYDE HANIM MAH."
4891,SULTANGAZİ,100 MM ÇAPLI ŞEBEKE HATTI ARIZASI,20/11/2023 08:59:00,20/11/2023 13:30:00,ZÜBEYDE HANIM MAH 1279 SK,"75.YIL MAH,ZÜBEYDE HANIM MAH."
4892,SULTANGAZİ,ŞEBEKE HATTI VANA MONTAJI/DEĞİŞİMİ,29/05/2023 12:30:17,29/05/2023 15:30:00,ZÜBEYDE HANIM MAH 1285 SK,ZÜBEYDE HANIM MAH.
4893,SULTANGAZİ,100 MM ÇAPLI ŞEBEKE HATTI ARIZASI,24/06/2023 12:25:50,24/06/2023 14:00:00,ZÜBEYDE HANIM MAH 1440 SK,ZÜBEYDE HANIM MAH.
4894,SULTANGAZİ,100 MM ÇAPLI ŞEBEKE HATTI ARIZASI,17/06/2023 11:16:28,17/06/2023 15:30:00,ZÜBEYDE HANIM MAH 1477 SK,ZÜBEYDE HANIM MAH.
4895,SULTANGAZİ,100 MM ÇAPLI ŞEBEKE HATTI ARIZASI,15/09/2023 13:55:54,15/09/2023 17:30:00,ZÜBEYDE HANIM MAH GAZİ CD,"GAZİ MAH,ZÜBEYDE HANIM MAH."
4896,SULTANGAZİ,100 MM ÇAPLI ŞEBEKE HATTI ARIZASI,15/02/2024 08:59:03,15/02/2024 11:30:00,ZÜBEYDE HANIM MAH KAZIM KARABEKIR CD ILE 1470 SK KES,ZÜBEYDE HANIM MAH.
4897,SULTANGAZİ,100 MM ÇAPLI ŞEBEKE HATTI ARIZASI,21/01/2024 11:07:11,21/01/2024 14:00:00,ZÜBEYDE HANIM MAHALLESI,ZÜBEYDE HANIM MAH.
4898,SULTANGAZİ,100 MM ÇAPLI ŞEBEKE HATTI ARIZASI,21/01/2024 12:53:37,21/01/2024 17:00:00,ZÜBEYDE HANIM MAHALLESI,"GAZİ MAH,ZÜBEYDE HANIM MAH."
4899,SULTANGAZİ,100 MM ÇAPLI ŞEBEKE HATTI ARIZASI,24/09/2023 12:57:16,24/09/2023 14:54:00,ZÜBEYDE HANIM MAHALLESI 1285 SOKAK,ZÜBEYDE HANIM MAH.
4900,SULTANGAZİ,ARIZA SEBEBİ İLE BASINÇ DÜŞÜKLÜĞÜ,15/09/2023 08:51:59,15/09/2023 16:30:00,ÖMERLİ SALPOMPA,"50.YIL MAH.,75.YIL MAH,CEBECİ MAH,CUMHURİYET MAH,ESENTEPE MAH,ESKİ HABİPLER MAH,GAZİ MAH,HABİBLER MAH,MALKOÇOĞLU MAH,SULTANÇİFTLİĞİ MAH.,UĞUR MUMCU MAH,YAYLA MAH.,YUNUS EMRE MAH,ZÜBEYDE HANIM MAH.,İSMETPAŞA MAH"
4901,SULTANGAZİ,300 MM ÇAPLI ŞEBEKE HATTI ARIZASI,03/06/2023 10:21:10,03/06/2023 14:00:00,İSALE-SİLAHTARAĞA,"75.YIL MAH,GAZİ MAH"
4902,SULTANGAZİ,100 MM ÇAPLI ŞEBEKE HATTI ARIZASI,05/12/2023 09:47:48,05/12/2023 12:00:00,İSMET PAŞA MAH 138 SOK,İSMETPAŞA MAH
4903,SULTANGAZİ,100 MM ÇAPLI ŞEBEKE HATTI ARIZASI,08/08/2023 11:26:20,08/08/2023 14:30:00,İSMETPAŞA 114 SK NO 10,İSMETPAŞA MAH
4904,SULTANGAZİ,100 MM ÇAPLI ŞEBEKE HATTI ARIZASI,07/08/2023 09:32:35,07/08/2023 12:30:00,İSMETPAŞA 128 SK NO 86,İSMETPAŞA MAH
4905,SULTANGAZİ,100 MM ÇAPLI ŞEBEKE HATTI ARIZASI,03/05/2023 13:01:25,03/05/2023 17:30:00,İSMETPAŞA 83 SK,İSMETPAŞA MAH
4906,SULTANGAZİ,100 MM ÇAPLI ŞEBEKE HATTI ARIZASI,21/09/2023 13:17:52,21/09/2023 15:30:00,İSMETPAŞA MAH 106 SK,İSMETPAŞA MAH
4907,SULTANGAZİ,100 MM ÇAPLI ŞEBEKE HATTI ARIZASI,07/08/2023 10:35:58,07/08/2023 14:30:00,İSMETPAŞA MAH 128 SK,"SULTANÇİFTLİĞİ MAH.,İSMETPAŞA MAH"
4908,SULTANGAZİ,100 MM ÇAPLI ŞEBEKE HATTI ARIZASI,17/08/2023 09:19:08,17/08/2023 12:00:00,İSMETPAŞA MAH 136 SK,İSMETPAŞA MAH
4909,SULTANGAZİ,100 MM ÇAPLI ŞEBEKE HATTI ARIZASI,19/12/2023 16:34:42,19/12/2023 18:30:00,İSMETPAŞA MAH 136 SK NO:14,İSMETPAŞA MAH
4910,SULTANGAZİ,100 MM ÇAPLI ŞEBEKE HATTI ARIZASI,19/07/2023 15:12:15,19/07/2023 17:30:00,İSMETPAŞA MAH 155 SK,İSMETPAŞA MAH
4911,SULTANGAZİ,100 MM ÇAPLI ŞEBEKE HATTI ARIZASI,05/12/2023 15:40:41,05/12/2023 18:30:00,İSMETPAŞA MAH 50 SK,İSMETPAŞA MAH
4912,SULTANGAZİ,100 MM ÇAPLI ŞEBEKE HATTI ARIZASI,28/11/2023 14:36:29,28/11/2023 17:30:00,İSMETPAŞA MAH 63 SK,İSMETPAŞA MAH
4913,SULTANGAZİ,ŞEBEKE HATTI BRANŞMAN BAĞLANTISI,16/05/2023 11:30:23,16/05/2023 18:30:00,İSMETPAŞA MAH 83 SK,İSMETPAŞA MAH
4914,SULTANGAZİ,100 MM ÇAPLI ŞEBEKE HATTI ARIZASI,31/07/2023 16:09:25,31/07/2023 20:30:00,İSMETPAŞA MAH 86 SK,İSMETPAŞA MAH
4915,SULTANGAZİ,100 MM ÇAPLI ŞEBEKE HATTI ARIZASI,09/08/2023 16:03:11,09/08/2023 18:30:00,İSMETPAŞA MAH 90 SK,İSMETPAŞA MAH
4916,SULTANGAZİ,100 MM ÇAPLI ŞEBEKE HATTI ARIZASI,28/02/2023 13:18:40,28/02/2023 15:30:00,İSMETPAŞA MAH 98 SK,İSMETPAŞA MAH
4917,SULTANGAZİ,100 MM ÇAPLI ŞEBEKE HATTI ARIZASI,20/09/2023 14:43:03,20/09/2023 17:30:00,İSMETPAŞA MAH ATATÜRK BULVARI,"SULTANÇİFTLİĞİ MAH.,İSMETPAŞA MAH"
4918,SULTANGAZİ,100 MM ÇAPLI ŞEBEKE HATTI ARIZASI,25/08/2023 10:28:58,25/08/2023 12:30:00,İSMETPAŞA MAH ESKİ EDİRNE ASFALTI NO:641,İSMETPAŞA MAH
4919,SULTANGAZİ,100 MM ÇAPLI ŞEBEKE HATTI ARIZASI,16/07/2023 14:00:34,16/07/2023 15:03:00,İSMETPAŞA MAHALLESİ,İSMETPAŞA MAH
4920,SİLİVRİ,100 MM ÇAPLI ŞEBEKE HATTI ARIZASI,20/02/2023 09:56:22,20/02/2023 12:00:00,AKKOYUN,ÇANTA BALABAN MAH
4921,SİLİVRİ,BASINÇ DÜŞÜKLÜĞÜ,10/06/2023 21:35:46,10/06/2023 23:59:00,AKÖREN MAH,AKÖREN MAH
4922,SİLİVRİ,100 MM ÇAPLI ŞEBEKE HATTI ARIZASI,06/06/2023 09:51:17,06/06/2023 12:00:00,AKÖREN MAH HANİCE CD,AKÖREN MAH
4923,SİLİVRİ,100 MM ÇAPLI ŞEBEKE HATTI ARIZASI,11/10/2023 11:25:17,11/10/2023 13:30:00,AKÖREN MAH KIVIRCIK SK,AKÖREN MAH
4924,SİLİVRİ,BASINÇ DÜŞÜKLÜĞÜ,23/06/2023 17:58:20,23/06/2023 23:59:00,AKÖREN MAH.,"AKÖREN MAH,KADIKÖY MAH"
4925,SİLİVRİ,100 MM ÇAPLI ŞEBEKE HATTI ARIZASI,29/10/2023 17:00:13,29/10/2023 19:00:00,AKÖREN MAH.SAĞLIK CAD,AKÖREN MAH
4926,SİLİVRİ,150 MM ÇAPLI ŞEBEKE HATTI ARIZASI,12/10/2023 15:43:12,12/10/2023 23:00:00,AKÖREN MAH.SAĞLIK CD.,AKÖREN MAH
4927,SİLİVRİ,150 MM ÇAPLI ŞEBEKE HATTI ARIZASI,13/04/2023 10:57:10,13/04/2023 13:00:00,AKÖREN MAHALLE DEMİREL SOKAK HANİCE CD.KESİŞİMİ,AKÖREN MAH
4928,SİLİVRİ,150 MM ÇAPLI ŞEBEKE HATTI ARIZASI,25/10/2023 13:35:46,25/10/2023 15:30:00,AKÖREN MAHALLESİ KOMPLE,AKÖREN MAH
4929,SİLİVRİ,150 MM ÇAPLI ŞEBEKE HATTI ARIZASI,14/04/2023 13:21:40,14/04/2023 15:30:00,AKÖREN MAHALLESİ MERKEZ CADDESİ,AKÖREN MAH
4930,SİLİVRİ,ŞEBEKE HATTI VANA MONTAJI/DEĞİŞİMİ,15/06/2023 11:04:13,15/06/2023 16:00:00,AKÖREN MAHALLESİ SAĞLIK CADDESİ,AKÖREN MAH
4931,SİLİVRİ,200 MM ÇAPLI ŞEBEKE HATTI ARIZASI,24/03/2023 10:58:36,24/03/2023 13:00:00,AKÖREN MH.MERKEZ CD.CEDİDALİPAŞA KESİŞİMİ,AKÖREN MAH
4932,SİLİVRİ,100 MM ÇAPLI ŞEBEKE HATTI ARIZASI,04/04/2023 10:27:44,04/04/2023 12:30:00,AKÖREN SAĞLIK CADDESİ,AKÖREN MAH
4933,SİLİVRİ,100 MM ÇAPLI ŞEBEKE HATTI ARIZASI,13/07/2023 09:17:31,13/07/2023 14:00:00,ALTIN ÇEŞME CAD,ÇANTA BALABAN MAH
4934,SİLİVRİ,100 MM ÇAPLI ŞEBEKE HATTI ARIZASI,28/06/2023 14:37:43,28/06/2023 17:00:00,ALTINTAŞ SK,ÇANTA BALABAN MAH
4935,SİLİVRİ,100 MM ÇAPLI ŞEBEKE HATTI ARIZASI,11/10/2023 10:56:36,11/10/2023 12:00:00,ALİBEY MAH MURTEZA YÖNET SK NO:4,ALİBEY MAH
4936,SİLİVRİ,100 MM ÇAPLI ŞEBEKE HATTI ARIZASI,30/08/2023 10:02:33,30/08/2023 12:00:00,ALİBEY MAH. TURGUT ÖZAL BULVARI,ALİBEY MAH
4937,SİLİVRİ,200 MM ÇAPLI ŞEBEKE HATTI ARIZASI,05/02/2024 09:45:41,05/02/2024 12:00:00,ALİBEY MAHALLESİ FEVZİ ÇAKMAK CD. NO:14  ÖNÜ,"ALİBEY MAH,PİRİ MEHMET PAŞA MAH"
4938,SİLİVRİ,100 MM ÇAPLI ŞEBEKE HATTI ARIZASI,17/09/2023 07:22:40,17/09/2023 13:00:00,ALİPAŞA DEPO SK,ALİPAŞA MAH
4939,SİLİVRİ,100 MM ÇAPLI ŞEBEKE HATTI ARIZASI,30/10/2023 13:09:18,30/10/2023 15:00:00,AĞRI SK,ÇANTA BALABAN MAH
4940,SİLİVRİ,BASINÇ DÜŞÜKLÜĞÜ,15/11/2023 16:55:00,15/11/2023 20:00:00,B. ÇEKMECE  HATTI ÜZERİ,"ALİBEY MAH,CUMHURİYET MAH,FATİH MAH,YENİ MAH"
4941,SİLİVRİ,BASINÇ DÜŞÜKLÜĞÜ,30/06/2023 09:47:10,30/06/2023 18:00:00,B.ÇAVUŞLU MAH,BÜYÜK ÇAVUŞLU MAH
4942,SİLİVRİ,100 MM ÇAPLI ŞEBEKE HATTI ARIZASI,10/11/2023 16:24:54,10/11/2023 20:00:00,B.ÇAVUŞLU MAH.İSTANBUL CAD,BÜYÜK ÇAVUŞLU MAH
4943,SİLİVRİ,1400 MM ÇAPLI ANA İSALE HATTI ARIZASI,28/11/2023 14:07:55,28/11/2023 18:00:00,B.ÇEKMECE MİMARSİNAN,"ALİBEY MAH,CUMHURİYET MAH,FATİH MAH,KAVAKLI İSTİKLAL MAH,ORTAKÖY MAH,SELİMPAŞA MAH,SEMİZKUMLAR MAH,YENİ MAH"
4944,SİLİVRİ,1400 MM ÇAPLI ANA İSALE HATTI ARIZASI,28/11/2023 19:27:56,28/11/2023 22:00:00,B.ÇEKMECE MİMARSİNAN,"ALİBEY MAH,CUMHURİYET MAH,FATİH MAH,KAVAKLI HÜRRİYET MAH,KAVAKLI İSTİKLAL MAH,ORTAKÖY MAH,SELİMPAŞA MAH,SEMİZKUMLAR MAH,YENİ MAH"
4945,SİLİVRİ,100 MM ÇAPLI ŞEBEKE HATTI ARIZASI,31/05/2023 09:25:11,31/05/2023 13:00:00,BALABAN MAH,ÇANTA BALABAN MAH
4946,SİLİVRİ,100 MM ÇAPLI ŞEBEKE HATTI ARIZASI,13/06/2023 14:20:44,13/06/2023 16:30:00,BALABAN MAH KALEPAPI SOKAK,ÇANTA BALABAN MAH
4947,SİLİVRİ,100 MM ÇAPLI ŞEBEKE HATTI ARIZASI,16/07/2023 11:51:21,16/07/2023 14:00:00,BALABAN MAH. MARAŞ SOKAK,ÇANTA BALABAN MAH
4948,SİLİVRİ,150 MM ÇAPLI ŞEBEKE HATTI ARIZASI,28/02/2023 16:32:48,28/02/2023 19:30:00,BALABAN MAH. MELTEM CAD.,"ÇANTA BALABAN MAH,ÇANTA SANCAKTEPE MAH"
4949,SİLİVRİ,150 MM ÇAPLI ŞEBEKE HATTI ARIZASI,23/02/2023 09:03:34,23/02/2023 11:00:00,BALABAN MAHALLESİ AKÇAKALE SOKAK,ÇANTA BALABAN MAH
4950,SİLİVRİ,BASINÇ DÜŞÜKLÜĞÜ,23/02/2023 10:34:31,23/02/2023 15:00:00,BALABAN MAHALLESİ ÇORLU CADDESİ,ÇANTA BALABAN MAH
4951,SİLİVRİ,100 MM ÇAPLI ŞEBEKE HATTI ARIZASI,02/07/2023 13:38:37,02/07/2023 16:00:00,BALCI SK,GAZİTEPE MAH
4952,SİLİVRİ,BASINÇ DÜŞÜKLÜĞÜ,11/05/2023 16:12:55,11/05/2023 18:30:00,BASINC DÜŞÜKLÜĞÜ SEBEBİ İLE,"CUMHURİYET MAH,YENİ MAH"
4953,SİLİVRİ,100 MM ÇAPLI ŞEBEKE HATTI ARIZASI,12/07/2023 15:11:01,12/07/2023 21:00:00,BEKIRLI MAH,BEKİRLİ MAH
4954,SİLİVRİ,ŞEBEKE HATTI BRANŞMAN BAĞLANTISI,11/07/2023 08:50:27,11/07/2023 17:00:00,BEKİRLİ MAH,BEKİRLİ MAH
4955,SİLİVRİ,100 MM ÇAPLI ŞEBEKE HATTI ARIZASI,17/06/2023 15:08:05,17/06/2023 17:00:00,BEKİRLİ MAH  İNCİRLİK CD,BEKİRLİ MAH
4956,SİLİVRİ,BASINÇ DÜŞÜKLÜĞÜ,14/06/2023 12:09:15,14/06/2023 17:00:00,BEYCİLER,BEYCİLER MAH
4957,SİLİVRİ,ŞEBEKE HATTI BRANŞMAN BAĞLANTISI,20/06/2023 13:57:12,20/06/2023 17:00:00,BEYCİLER MAH,"MİMAR SİNAN MAH,ÇANTA SANCAKTEPE MAH"
4958,SİLİVRİ,100 MM ÇAPLI ŞEBEKE HATTI ARIZASI,25/02/2023 11:11:33,25/02/2023 13:30:00,BÜYÜK SİNEKLİ MAH GALİP SK,"BÜYÜK SİNEKLİ MAH,KÜÇÜK SİNEKLİ MAH"
4959,SİLİVRİ,ŞEBEKE HATTI VANA MONTAJI/DEĞİŞİMİ,19/12/2023 14:56:56,19/12/2023 18:00:00,BÜYÜKKILIÇLI MAH.MUSTAFA KEMAL CAD,BÜYÜK KILIÇLI MAH
4960,SİLİVRİ,200 MM ÇAPLI ŞEBEKE HATTI ARIZASI,11/11/2023 12:01:08,11/11/2023 15:00:00,BÜYÜKÇAVUŞLU ERGENEKON CADDESİ,BÜYÜK ÇAVUŞLU MAH
4961,SİLİVRİ,100 MM ÇAPLI ŞEBEKE HATTI ARIZASI,14/09/2023 10:50:24,14/09/2023 14:00:00,BÜYÜKÇAVUŞLU GÜLYANI SOKAK,BÜYÜK ÇAVUŞLU MAH
4962,SİLİVRİ,ANA İSALE HATTI DEPLASE ÇALIŞMASI,14/11/2023 08:58:05,14/11/2023 21:00:00,BÜYÜKÇEKMECE-SİLİVRİ,"ALİBEY MAH,CUMHURİYET MAH,FATİH MAH,KAVAKLI HÜRRİYET MAH,KAVAKLI İSTİKLAL MAH,MİMAR SİNAN MAH,ORTAKÖY MAH,SELİMPAŞA MAH,SEMİZKUMLAR MAH,YENİ MAH"
4963,SİLİVRİ,BASINÇ DÜŞÜKLÜĞÜ,31/07/2023 19:24:37,31/07/2023 23:00:00,CUHURİYET MAH,CUMHURİYET MAH
4964,SİLİVRİ,BASINÇ DÜŞÜKLÜĞÜ,31/07/2023 10:48:11,31/07/2023 16:00:00,CUMHURİYET MAH,CUMHURİYET MAH
4965,SİLİVRİ,100 MM ÇAPLI ŞEBEKE HATTI ARIZASI,27/03/2023 10:12:51,27/03/2023 12:15:00,CUMHURİYET MAH  DEMİRHAN SOK,CUMHURİYET MAH
4966,SİLİVRİ,150 MM ÇAPLI ŞEBEKE HATTI ARIZASI,26/10/2023 10:10:32,26/10/2023 13:00:00,CUMHURİYET MAH.DR CEMAL KOZANOĞLU CD.BÖLGESİ,CUMHURİYET MAH
4967,SİLİVRİ,150 MM ÇAPLI ŞEBEKE HATTI ARIZASI,28/08/2023 15:47:23,28/08/2023 17:00:00,CUMHURİYET MAH.ERGİN SOKAK VE CİVARI,CUMHURİYET MAH
4968,SİLİVRİ,150 MM ÇAPLI ŞEBEKE HATTI ARIZASI,28/11/2023 14:49:21,28/11/2023 16:00:00,CUMHURİYET MAH.SALİH GÜL SOKAK VE CİVARI,CUMHURİYET MAH
4969,SİLİVRİ,200 MM ÇAPLI ŞEBEKE HATTI ARIZASI,18/08/2023 14:32:16,18/08/2023 17:00:00,CUMHURİYET MAH.VE YENİ MAHALLES VE CIVARLARI,"CUMHURİYET MAH,YENİ MAH"
4970,SİLİVRİ,150 MM ÇAPLI ŞEBEKE HATTI ARIZASI,05/07/2023 09:26:35,05/07/2023 14:00:00,CUMHURİYET MAHALLESİ ANA DOLU CD. ARIZADAN DOLAYI,CUMHURİYET MAH
4971,SİLİVRİ,200 MM ÇAPLI ŞEBEKE HATTI ARIZASI,19/01/2024 15:19:58,19/01/2024 19:00:00,CUMHURİYET MAHALLESİ BAĞLAR CADDESİ GÖZDE SOKAK KESİŞİMİ,CUMHURİYET MAH
4972,SİLİVRİ,100 MM ÇAPLI ŞEBEKE HATTI ARIZASI,14/09/2023 13:08:43,14/09/2023 15:00:00,CUMHURİYET MAHALLESİ MANOLYACADDESİ,CUMHURİYET MAH
4973,SİLİVRİ,ŞEBEKE HATTI VANA MONTAJI/DEĞİŞİMİ,31/10/2023 09:27:57,31/10/2023 13:00:00,CUMHURİYET MAHALLESİ ŞERAFETTİN ARDA CADDESİ,"CUMHURİYET MAH,CUMHURİYET MAH"
4974,SİLİVRİ,200 MM ÇAPLI ŞEBEKE HATTI ARIZASI,17/08/2023 12:12:43,17/08/2023 18:00:00,CUMHURİYET VE YENİ MAHALLEYİ BESLEYEN MOTOR,"CUMHURİYET MAH,MİMAR SİNAN MAH,MİMAR SİNAN MAH,MİMAR SİNAN MAH,SELİMPAŞA MAH,YENİ MAH"
4975,SİLİVRİ,250 MM ÇAPLI ŞEBEKE HATTI ARIZASI,19/12/2023 17:09:56,19/12/2023 22:00:00,DANAMANDIRA,DANAMANDIRA MAH
4976,SİLİVRİ,100 MM ÇAPLI ŞEBEKE HATTI ARIZASI,24/09/2023 13:09:35,24/09/2023 19:00:00,DANAMANDIRA MAH,DANAMANDIRA MAH
4977,SİLİVRİ,100 MM ÇAPLI ŞEBEKE HATTI ARIZASI,21/03/2023 17:04:12,21/03/2023 23:00:00,DANAMANDIRA MAH  ÖZGÜRLER SOKAK,DANAMANDIRA MAH
4978,SİLİVRİ,100 MM ÇAPLI ŞEBEKE HATTI ARIZASI,19/02/2023 15:04:48,19/02/2023 16:10:00,DANAMANDIRA MAH MANDIRA CAD,DANAMANDIRA MAH
4979,SİLİVRİ,100 MM ÇAPLI ŞEBEKE HATTI ARIZASI,07/04/2023 10:06:03,07/04/2023 12:00:00,DANAMANDIRA MAH.ESKİ CAMİ SOK.KADIRGA SOK KESİŞİMİ,DANAMANDIRA MAH
4980,SİLİVRİ,BASINÇ DÜŞÜKLÜĞÜ,07/08/2023 17:04:05,07/08/2023 23:59:00,DANAMANDIRA TERFI,"AKÖREN MAH,FENER MAH,GAZİTEPE MAH,KADIKÖY MAH"
4981,SİLİVRİ,BASINÇ DÜŞÜKLÜĞÜ,08/08/2023 08:33:19,08/08/2023 16:00:00,DANAMANDIRA TERFİ,AKÖREN MAH
4982,SİLİVRİ,BASINÇ DÜŞÜKLÜĞÜ,28/11/2023 17:58:20,29/11/2023 04:00:00,DEPOLAR,"ALİBEY MAH,CUMHURİYET MAH,FATİH MAH,KAVAKLI HÜRRİYET MAH,KAVAKLI İSTİKLAL MAH,MİMAR SİNAN MAH,ORTAKÖY MAH,SELİMPAŞA MAH,SEMİZKUMLAR MAH,YENİ MAH"
4983,SİLİVRİ,150 MM ÇAPLI ŞEBEKE HATTI ARIZASI,21/07/2023 23:16:25,22/07/2023 08:00:00,DERMAN SOKAK,"DEĞİRMENKÖY FEVZİPAŞA MAH,DEĞİRMENKÖY İSMETPAŞA MAH"
4984,SİLİVRİ,BASINÇ DÜŞÜKLÜĞÜ,05/08/2023 09:11:26,05/08/2023 14:00:00,DEĞİRMENKÖY DEPO,"DEĞİRMENKÖY FEVZİPAŞA MAH,DEĞİRMENKÖY İSMETPAŞA MAH"
4985,SİLİVRİ,100 MM ÇAPLI ŞEBEKE HATTI ARIZASI,11/11/2023 13:04:16,11/11/2023 15:00:00,DEĞİRMENKÖY FEVZİ PAŞA ÇİL SOKAK,"DEĞİRMENKÖY FEVZİPAŞA MAH,DEĞİRMENKÖY İSMETPAŞA MAH"
4986,SİLİVRİ,ŞEBEKE HATTI BRANŞMAN BAĞLANTISI,03/05/2023 14:01:11,03/05/2023 18:00:00,DEĞİRMENKÖY FEVZİPAŞA MAH,"DEĞİRMENKÖY FEVZİPAŞA MAH,DEĞİRMENKÖY İSMETPAŞA MAH"
4987,SİLİVRİ,ŞEBEKE HATTI VANA MONTAJI/DEĞİŞİMİ,05/12/2023 12:54:20,05/12/2023 21:30:00,DEĞİRMENKÖY FEVZİPAŞA MAH  GÖLET CD,"DEĞİRMENKÖY FEVZİPAŞA MAH,DEĞİRMENKÖY İSMETPAŞA MAH"
4988,SİLİVRİ,100 MM ÇAPLI ŞEBEKE HATTI ARIZASI,20/07/2023 11:07:32,20/07/2023 16:00:00,"DEĞİRMENKÖY FEVZİPAŞA MAH ,DERMAN SOKAK","DEĞİRMENKÖY FEVZİPAŞA MAH,DEĞİRMENKÖY İSMETPAŞA MAH"
4989,SİLİVRİ,100 MM ÇAPLI ŞEBEKE HATTI ARIZASI,20/10/2023 12:07:47,20/10/2023 14:00:00,DEĞİRMENKÖY FEVZİPAŞA MAH ARDIÇ SOKAK,DEĞİRMENKÖY FEVZİPAŞA MAH
4990,SİLİVRİ,100 MM ÇAPLI ŞEBEKE HATTI ARIZASI,02/12/2023 13:10:32,02/12/2023 15:00:00,DEĞİRMENKÖY FEVZİPAŞA MAH DOĞANAY SOK,DEĞİRMENKÖY FEVZİPAŞA MAH
4991,SİLİVRİ,ŞEBEKE HATTI DEPLASE ÇALIŞMASI,25/03/2023 10:04:45,25/03/2023 16:00:00,DEĞİRMENKÖY FEVZİPAŞA MAH GURUR SK,DEĞİRMENKÖY FEVZİPAŞA MAH
4992,SİLİVRİ,100 MM ÇAPLI ŞEBEKE HATTI ARIZASI,11/04/2023 21:53:22,12/04/2023 01:00:00,DEĞİRMENKÖY FEVZİPAŞA MAH KULELİ SOK,"DEĞİRMENKÖY FEVZİPAŞA MAH,DEĞİRMENKÖY İSMETPAŞA MAH"
4993,SİLİVRİ,100 MM ÇAPLI ŞEBEKE HATTI ARIZASI,27/03/2023 13:41:08,27/03/2023 17:00:00,DEĞİRMENKÖY FEVZİPAŞA MAH NAMIK KEMAL CD,DEĞİRMENKÖY FEVZİPAŞA MAH
4994,SİLİVRİ,100 MM ÇAPLI ŞEBEKE HATTI ARIZASI,21/07/2023 11:34:56,21/07/2023 17:00:00,DEĞİRMENKÖY FEVZİPAŞA MAH.DERMAN SOKAK,"DEĞİRMENKÖY FEVZİPAŞA MAH,DEĞİRMENKÖY İSMETPAŞA MAH"
4995,SİLİVRİ,200 MM ÇAPLI ŞEBEKE HATTI ARIZASI,16/09/2023 15:15:26,16/09/2023 21:00:00,DEĞİRMENKÖY FEVZİPAŞA MH.GURUR SOKAK VE SÖĞÜT,DEĞİRMENKÖY FEVZİPAŞA MAH
4996,SİLİVRİ,150 MM ÇAPLI ŞEBEKE HATTI ARIZASI,21/03/2023 12:32:30,21/03/2023 15:00:00,DEĞİRMENKÖY FEVZİPAŞA MH.GÖRÜR SOK.NO:79,DEĞİRMENKÖY FEVZİPAŞA MAH
4997,SİLİVRİ,100 MM ÇAPLI ŞEBEKE HATTI ARIZASI,31/03/2023 11:50:22,31/03/2023 14:00:00,DEĞİRMENKÖY FEVZİPAŞA MH.ÇİL SOK DERE İÇİ,DEĞİRMENKÖY FEVZİPAŞA MAH
4998,SİLİVRİ,200 MM ÇAPLI ŞEBEKE HATTI ARIZASI,16/01/2024 15:45:01,16/01/2024 23:00:00,DEĞİRMENKÖY MAH.YÖRÜK CD.,"DEĞİRMENKÖY FEVZİPAŞA MAH,DEĞİRMENKÖY İSMETPAŞA MAH"
4999,SİLİVRİ,ŞEBEKE HATTI VANA MONTAJI/DEĞİŞİMİ,24/01/2024 14:05:38,24/01/2024 17:00:00,DEĞİRMENKÖY MAHALLESİ,"DEĞİRMENKÖY FEVZİPAŞA MAH,DEĞİRMENKÖY İSMETPAŞA MAH"
5000,SİLİVRİ,200 MM ÇAPLI ŞEBEKE HATTI ARIZASI,12/09/2023 16:02:18,12/09/2023 17:00:00,DEĞİRMENKÖY İSMETPAŞA MH.MARAŞAL SOK.,"DEĞİRMENKÖY İSMETPAŞA MAH,DEĞİRMENKÖY İSMETPAŞA MAH"
5001,SİLİVRİ,BASINÇ DÜŞÜKLÜĞÜ,04/08/2023 16:55:57,05/08/2023 07:30:00,DEĞİRMENKÖY İSMETPAŞA VE FEVZİPAŞA MAHALLELERİ,DEĞİRMENKÖY FEVZİPAŞA MAH
5002,SİLİVRİ,ARIZA SEBEBİ İLE BASINÇ DÜŞÜKLÜĞÜ,01/08/2023 10:27:21,01/08/2023 15:00:00,DR.CEMAL KAZANCIOĞLU CAD.,"CUMHURİYET MAH,SELİMPAŞA MAH"
5003,SİLİVRİ,100 MM ÇAPLI ŞEBEKE HATTI ARIZASI,28/06/2023 13:12:14,28/06/2023 15:00:00,EMİR SULTAN CAD,GÜMÜŞYAKA MAH
5004,SİLİVRİ,100 MM ÇAPLI ŞEBEKE HATTI ARIZASI,23/11/2023 09:44:36,23/11/2023 15:00:00,ESLEM SK,ÇANTA BALABAN MAH
5005,SİLİVRİ,100 MM ÇAPLI ŞEBEKE HATTI ARIZASI,05/10/2023 16:38:47,05/10/2023 19:00:00,FATİH MAH YAZARLAR SOK,"ALİBEY MAH,FATİH MAH"
5006,SİLİVRİ,200 MM ÇAPLI ŞEBEKE HATTI ARIZASI,06/10/2023 09:06:17,06/10/2023 12:00:00,FATİH MH. CİVARI BELEDİYE ÇALIŞMASINDAN DOLAYI,FATİH MAH
5007,SİLİVRİ,300 MM ÇAPLI ŞEBEKE HATTI ARIZASI,17/01/2024 12:17:22,17/01/2024 18:00:00,FENER KÖYÜ SEYMEN KÖYÜ K.KILIÇLI B.KILIÇLI,"BÜYÜK KILIÇLI MAH,FENER MAH,KÜÇÜK KILIÇLI MAH,SEYMEN MAH"
5008,SİLİVRİ,250 MM ÇAPLI ŞEBEKE HATTI ARIZASI,20/12/2023 10:12:28,20/12/2023 20:00:00,FENER MAH.BÜYÜKKILIÇLI MAH.KÜÇÜKKILIÇLI MAH.,FENER MAH
5009,SİLİVRİ,150 MM ÇAPLI ŞEBEKE HATTI ARIZASI,13/03/2023 13:01:33,13/03/2023 15:00:00,FENERKÖY MAH. MUSTAFA KEMAL CADDESİ NO:94,"BÜYÜK KILIÇLI MAH,FENER MAH,SEYMEN MAH"
5010,SİLİVRİ,100 MM ÇAPLI ŞEBEKE HATTI ARIZASI,11/12/2023 14:05:12,11/12/2023 16:00:00,GAZİTEPE DEMİRSOY ÇIKMAZI,GAZİTEPE MAH
5011,SİLİVRİ,100 MM ÇAPLI ŞEBEKE HATTI ARIZASI,02/05/2023 18:16:21,02/05/2023 19:10:00,GAZİTEPE MAHALLESİ GAZİTEPE CAD,GAZİTEPE MAH
5012,SİLİVRİ,150 MM ÇAPLI ŞEBEKE HATTI ARIZASI,28/10/2023 10:07:17,28/10/2023 13:00:00,GÖKTÜRK SK,ÇANTA BALABAN MAH
5013,SİLİVRİ,BASINÇ DÜŞÜKLÜĞÜ,23/02/2023 10:28:56,23/02/2023 12:30:00,GÜLŞEN SOKAK,BÜYÜK KILIÇLI MAH
5014,SİLİVRİ,400 MM ÇAPLI ANA İSALE HATTI ARIZASI,18/03/2023 16:08:50,18/03/2023 20:00:00,GÜMÜŞYAKA,"ÇANTA BALABAN MAH,ÇANTA SANCAKTEPE MAH"
5015,SİLİVRİ,BASINÇ DÜŞÜKLÜĞÜ,22/07/2023 12:43:12,22/07/2023 19:00:00,GÜMÜŞYAKA,GÜMÜŞYAKA MAH
5016,SİLİVRİ,ŞEBEKE HATTI VANA ARIZASI,25/07/2023 19:20:06,25/07/2023 21:00:00,GÜMÜŞYAKA,GÜMÜŞYAKA MAH
5017,SİLİVRİ,BASINÇ DÜŞÜKLÜĞÜ,02/08/2023 21:25:52,02/08/2023 23:35:00,GÜMÜŞYAKA,GÜMÜŞYAKA MAH
5018,SİLİVRİ,BASINÇ DÜŞÜKLÜĞÜ,03/08/2023 21:12:17,03/08/2023 23:59:00,GÜMÜŞYAKA,GÜMÜŞYAKA MAH
5019,SİLİVRİ,100 MM ÇAPLI ŞEBEKE HATTI ARIZASI,09/01/2024 13:49:07,09/01/2024 16:00:00,GÜMÜŞYAKA BOZYAZI SOKAK,ÇANTA BALABAN MAH
5020,SİLİVRİ,100 MM ÇAPLI ŞEBEKE HATTI ARIZASI,25/06/2023 15:46:40,25/06/2023 18:00:00,GÜMÜŞYAKA BÜYÜKYALI CAD,GÜMÜŞYAKA MAH
5021,SİLİVRİ,BASINÇ DÜŞÜKLÜĞÜ,30/07/2023 20:54:41,30/07/2023 23:59:00,GÜMÜŞYAKA DEPOLAR,"GÜMÜŞYAKA MAH,ÇANTA BALABAN MAH,ÇANTA SANCAKTEPE MAH"
5022,SİLİVRİ,100 MM ÇAPLI ŞEBEKE HATTI ARIZASI,03/09/2023 11:42:39,03/09/2023 14:00:00,GÜMÜŞYAKA KARAÇOBAN SOK.,GÜMÜŞYAKA MAH
5023,SİLİVRİ,100 MM ÇAPLI ŞEBEKE HATTI ARIZASI,27/03/2023 12:38:15,27/03/2023 15:00:00,GÜMÜŞYAKA MAH   CAHİT ARF SOKAK,GÜMÜŞYAKA MAH
5024,SİLİVRİ,100 MM ÇAPLI ŞEBEKE HATTI ARIZASI,09/11/2023 12:27:55,09/11/2023 14:30:00,GÜMÜŞYAKA MAH  DERİNCE SOKAK,GÜMÜŞYAKA MAH
5025,SİLİVRİ,100 MM ÇAPLI ŞEBEKE HATTI ARIZASI,27/08/2023 12:23:17,27/08/2023 14:30:00,GÜMÜŞYAKA MAH  FATİH  CD,GÜMÜŞYAKA MAH
5026,SİLİVRİ,100 MM ÇAPLI ŞEBEKE HATTI ARIZASI,11/10/2023 12:17:22,11/10/2023 17:00:00,GÜMÜŞYAKA MAH  GÜMÜŞYAKA SAHİLYOLU CD,GÜMÜŞYAKA MAH
5027,SİLİVRİ,100 MM ÇAPLI ŞEBEKE HATTI ARIZASI,04/01/2024 15:28:55,04/01/2024 16:30:00,GÜMÜŞYAKA MAH  YAZGÜLÜ SK,GÜMÜŞYAKA MAH
5028,SİLİVRİ,100 MM ÇAPLI ŞEBEKE HATTI ARIZASI,22/03/2023 16:47:03,22/03/2023 20:00:00,GÜMÜŞYAKA MAH BÜYÜK YALI CAD,GÜMÜŞYAKA MAH
5029,SİLİVRİ,100 MM ÇAPLI ŞEBEKE HATTI ARIZASI,28/06/2023 16:33:55,28/06/2023 18:00:00,GÜMÜŞYAKA MAH BÜYÜKYALI CD,GÜMÜŞYAKA MAH
5030,SİLİVRİ,100 MM ÇAPLI ŞEBEKE HATTI ARIZASI,27/11/2023 16:15:30,27/11/2023 19:00:00,GÜMÜŞYAKA MAH ERGAZİ SOKAK,GÜMÜŞYAKA MAH
5031,SİLİVRİ,100 MM ÇAPLI ŞEBEKE HATTI ARIZASI,29/07/2023 13:03:02,29/07/2023 16:00:00,GÜMÜŞYAKA MAH FATİH CD,GÜMÜŞYAKA MAH
5032,SİLİVRİ,100 MM ÇAPLI ŞEBEKE HATTI ARIZASI,19/02/2023 20:20:30,19/02/2023 23:30:00,GÜMÜŞYAKA MAH GÖKÇEKENT SK,GÜMÜŞYAKA MAH
5033,SİLİVRİ,200 MM ÇAPLI ŞEBEKE HATTI ARIZASI,20/04/2023 10:43:19,20/04/2023 13:00:00,GÜMÜŞYAKA MAH İSHAKPAŞA CAD,GÜMÜŞYAKA MAH
5034,SİLİVRİ,200 MM ÇAPLI ŞEBEKE HATTI ARIZASI,19/04/2023 17:02:05,19/04/2023 20:00:00,GÜMÜŞYAKA MAH. İSHAKPAŞA CD.,GÜMÜŞYAKA MAH
5035,SİLİVRİ,100 MM ÇAPLI ŞEBEKE HATTI ARIZASI,26/06/2023 15:40:51,26/06/2023 18:00:00,GÜMÜŞYAKA MAH.BÜYÜKYALI CAD,GÜMÜŞYAKA MAH
5036,SİLİVRİ,100 MM ÇAPLI ŞEBEKE HATTI ARIZASI,19/04/2023 09:16:25,19/04/2023 11:30:00,GÜMÜŞYAKA MAH.GÜÇLÜ CAD,GÜMÜŞYAKA MAH
5037,SİLİVRİ,150 MM ÇAPLI ŞEBEKE HATTI ARIZASI,11/08/2023 15:03:21,11/08/2023 16:00:00,GÜMÜŞYAKA MAH.TEKCAN CADDESİ GÜLHANE SOKAK KESİŞİMİ,GÜMÜŞYAKA MAH
5038,SİLİVRİ,150 MM ÇAPLI ŞEBEKE HATTI ARIZASI,25/10/2023 09:06:00,25/10/2023 13:00:00,GÜMÜŞYAKA MAH.YILDIZ TABYA SOK.,GÜMÜŞYAKA MAH
5039,SİLİVRİ,100 MM ÇAPLI ŞEBEKE HATTI ARIZASI,02/11/2023 10:36:46,02/11/2023 12:30:00,GÜMÜŞYAKA MAHALLESİ KARAYAZI SOKAK,"GÜMÜŞYAKA MAH,GÜMÜŞYAKA MAH"
5040,SİLİVRİ,150 MM ÇAPLI ŞEBEKE HATTI ARIZASI,01/11/2023 12:12:02,01/11/2023 14:30:00,GÜMÜŞYAKA MAHALLESİ TEKCAN CADDESİ,GÜMÜŞYAKA MAH
5041,SİLİVRİ,200 MM ÇAPLI ŞEBEKE HATTI ARIZASI,07/06/2023 18:39:33,07/06/2023 22:00:00,GÜMÜŞYAKA MAHGENÇ OSMAN CAD,GÜMÜŞYAKA MAH
5042,SİLİVRİ,100 MM ÇAPLI ŞEBEKE HATTI ARIZASI,28/05/2023 12:51:24,28/05/2023 16:00:00,GÜMÜŞYAKA MERKEZ,GÜMÜŞYAKA MAH
5043,SİLİVRİ,150 MM ÇAPLI ŞEBEKE HATTI ARIZASI,14/06/2023 14:38:42,14/06/2023 20:00:00,GÜMÜŞYAKA MH. ALGÜR CAD.GÜNEY SINIRI SOKAK BAĞLANTI,GÜMÜŞYAKA MAH
5044,SİLİVRİ,150 MM ÇAPLI ŞEBEKE HATTI ARIZASI,13/04/2023 12:13:53,13/04/2023 15:00:00,GÜMÜŞYAKA MH.GÜÇLÜ CD.,GÜMÜŞYAKA MAH
5045,SİLİVRİ,100 MM ÇAPLI ŞEBEKE HATTI ARIZASI,24/03/2023 11:00:27,24/03/2023 12:00:00,GÜMÜŞYAKA MH.HIZIR REİS SOK.NO:24,GÜMÜŞYAKA MAH
5046,SİLİVRİ,150 MM ÇAPLI ŞEBEKE HATTI ARIZASI,28/11/2023 15:31:56,28/11/2023 17:00:00,GÜMÜŞYAKA MH.PİRİ REİS SOKAK ERFELEK SOKAK KESİŞİMİ,"GÜMÜŞYAKA MAH,GÜMÜŞYAKA MAH"
5047,SİLİVRİ,100 MM ÇAPLI ŞEBEKE HATTI ARIZASI,04/07/2023 12:40:26,04/07/2023 15:00:00,GÜMÜŞYAKA TÜCE EVLER SOKAK,GÜMÜŞYAKA MAH
5048,SİLİVRİ,200 MM ÇAPLI ŞEBEKE HATTI ARIZASI,11/05/2023 09:02:20,11/05/2023 18:00:00,HALASKAR GAZİ CAD,SELİMPAŞA MAH
5049,SİLİVRİ,100 MM ÇAPLI ŞEBEKE HATTI ARIZASI,08/04/2023 12:31:55,09/04/2023 01:00:00,KADIKÖY MAH,KADIKÖY MAH
5050,SİLİVRİ,100 MM ÇAPLI ŞEBEKE HATTI ARIZASI,21/05/2023 08:39:48,21/05/2023 12:00:00,KADIKÖY MAH İNÇİR BAĞLARI SK,KADIKÖY MAH
5051,SİLİVRİ,BASINÇ DÜŞÜKLÜĞÜ,15/11/2023 09:49:22,15/11/2023 12:00:00,KADIKÖY MAH. AYAKLI DEPO,KADIKÖY MAH
5052,SİLİVRİ,ŞEBEKE HATTI DEZENFEKTE EDİLMESİ,11/04/2023 09:31:34,11/04/2023 13:30:00,KADIKÖY MAHALLESİ,KADIKÖY MAH
5053,SİLİVRİ,BASINÇ DÜŞÜKLÜĞÜ,19/07/2023 09:25:25,19/07/2023 17:00:00,KAVAKLI,"KAVAKLI HÜRRİYET MAH,KAVAKLI İSTİKLAL MAH,ORTAKÖY MAH"
5054,SİLİVRİ,BASINÇ DÜŞÜKLÜĞÜ,11/04/2023 17:24:31,12/04/2023 01:00:00,KAVAKLI  İSTİKLAL MAH İSTİKLAL CAD,KAVAKLI İSTİKLAL MAH
5055,SİLİVRİ,150 MM ÇAPLI ŞEBEKE HATTI ARIZASI,24/03/2023 10:32:09,24/03/2023 13:00:00,KAVAKLI AH.KÖSE SOK.,KAVAKLI İSTİKLAL MAH
5056,SİLİVRİ,ŞEBEKE HATTI BRANŞMAN BAĞLANTISI,03/04/2023 13:00:54,03/04/2023 16:00:00,KAVAKLI DİLAVER SOK.,"KAVAKLI HÜRRİYET MAH,KAVAKLI İSTİKLAL MAH"
5057,SİLİVRİ,ŞEBEKE HATTI BRANŞMAN BAĞLANTISI,04/04/2023 14:36:33,04/04/2023 16:00:00,KAVAKLI DİLAVER SOK.,"KAVAKLI HÜRRİYET MAH,KAVAKLI İSTİKLAL MAH"
5058,SİLİVRİ,100 MM ÇAPLI ŞEBEKE HATTI ARIZASI,15/07/2023 14:40:30,15/07/2023 16:00:00,KAVAKLI HÜRRİYET MAH KARDELEN ÇIKMAZI SK,KAVAKLI HÜRRİYET MAH
5059,SİLİVRİ,150 MM ÇAPLI ŞEBEKE HATTI ARIZASI,21/08/2023 15:28:27,22/08/2023 16:00:00,KAVAKLI HÜRRİYET MAH.ASMA ÇIKMAZI SOKAK VE CİVARLARI,"FATİH MAH,KAVAKLI HÜRRİYET MAH,KAVAKLI HÜRRİYET MAH"
5060,SİLİVRİ,150 MM ÇAPLI ŞEBEKE HATTI ARIZASI,07/08/2023 16:34:27,07/08/2023 19:00:00,KAVAKLI MAH GÜLLER CAD. 200 DF BORU,KAVAKLI HÜRRİYET MAH
5061,SİLİVRİ,ŞEBEKE HATTI VANA MONTAJI/DEĞİŞİMİ,11/04/2023 10:01:03,11/04/2023 13:00:00,KAVAKLI MAHALLESİ,"KAVAKLI HÜRRİYET MAH,KAVAKLI İSTİKLAL MAH"
5062,SİLİVRİ,ŞEBEKE HATTI DEPLASE ÇALIŞMASI,02/06/2023 10:33:04,02/06/2023 13:30:00,KAVAKLI MAHALLESİ BİLGEHAN SOKAK,"KAVAKLI HÜRRİYET MAH,KAVAKLI İSTİKLAL MAH"
5063,SİLİVRİ,150 MM ÇAPLI ŞEBEKE HATTI ARIZASI,05/09/2023 14:20:08,05/09/2023 17:00:00,KAVAKLI MAHALLESİ KAVAKLI CD. NO:222  ÖNÜ,KAVAKLI HÜRRİYET MAH
5064,SİLİVRİ,150 MM ÇAPLI ŞEBEKE HATTI ARIZASI,24/06/2023 15:34:39,24/06/2023 18:00:00,KAVAKLI MAHALLESİ KİRLİLİK,"KAVAKLI HÜRRİYET MAH,KAVAKLI İSTİKLAL MAH"
5065,SİLİVRİ,150 MM ÇAPLI ŞEBEKE HATTI ARIZASI,22/07/2023 11:16:57,22/07/2023 14:00:00,KAVAKLI İSTİKLAL MAH  FULYA CAD,KAVAKLI İSTİKLAL MAH
5066,SİLİVRİ,ŞEBEKE HATTI DEZENFEKTE EDİLMESİ,11/04/2023 13:12:30,11/04/2023 17:00:00,KAVAKLIM AHALLESİ,"KAVAKLI HÜRRİYET MAH,KAVAKLI İSTİKLAL MAH"
5067,SİLİVRİ,BASINÇ DÜŞÜKLÜĞÜ,06/12/2023 10:15:06,06/12/2023 14:00:00,MEHMET ÖZHÜSREV SOK.,MİMAR SİNAN MAH
5068,SİLİVRİ,100 MM ÇAPLI ŞEBEKE HATTI ARIZASI,13/07/2023 12:04:06,13/07/2023 17:00:00,MEZBA SK,DEĞİRMENKÖY FEVZİPAŞA MAH
5069,SİLİVRİ,100 MM ÇAPLI ŞEBEKE HATTI ARIZASI,13/05/2023 12:10:13,13/05/2023 14:30:00,MIMAR SINAN MAHALLESI ALI KAHRAMAN SOKAK,MİMAR SİNAN MAH
5070,SİLİVRİ,ŞEBEKE HATTI BRANŞMAN BAĞLANTISI,20/06/2023 11:34:27,20/06/2023 14:00:00,MİMAR SİNAN MAH 7080 SK,MİMAR SİNAN MAH
5071,SİLİVRİ,100 MM ÇAPLI ŞEBEKE HATTI ARIZASI,13/03/2023 14:19:04,13/03/2023 17:00:00,MİMAR SİNAN MAH MİMARSİNAN   OTLUKBELİ SK,MİMAR SİNAN MAH
5072,SİLİVRİ,150 MM ÇAPLI ŞEBEKE HATTI ARIZASI,26/04/2023 10:16:24,26/04/2023 14:00:00,MİMAR SİNAN MAHALLESİ,MİMAR SİNAN MAH
5073,SİLİVRİ,150 MM ÇAPLI ŞEBEKE HATTI ARIZASI,20/03/2023 11:10:32,20/03/2023 17:00:00,MİMAR SİNAN MH.FSM CADDESİ SANAYİ BÖLGESİ,MİMAR SİNAN MAH
5074,SİLİVRİ,BASINÇ DÜŞÜKLÜĞÜ,29/08/2023 23:14:01,30/08/2023 10:00:00,MİMARSİNAN MAH,MİMAR SİNAN MAH
5075,SİLİVRİ,100 MM ÇAPLI ŞEBEKE HATTI ARIZASI,10/12/2023 15:36:12,10/12/2023 18:00:00,MİMARSİNAN MAH. ALİ KAHRAMAN SOKAK,MİMAR SİNAN MAH
5076,SİLİVRİ,150 MM ÇAPLI ŞEBEKE HATTI ARIZASI,16/10/2023 10:29:39,16/10/2023 12:30:00,MİMARSİNAN MAH. FEYYAZ ALTINORAK CAD.,"MİMAR SİNAN MAH,SEMİZKUMLAR MAH"
5077,SİLİVRİ,250 MM ÇAPLI ŞEBEKE HATTI ARIZASI,14/03/2023 13:57:06,14/03/2023 17:00:00,MİMARSİNAN MAH.ERBAA SOKAK SANAYİ BÖLGESİ,"MİMAR SİNAN MAH,MİMAR SİNAN MAH,MİMAR SİNAN MAH"
5078,SİLİVRİ,ŞEBEKE HATTI BRANŞMAN BAĞLANTISI,18/04/2023 11:31:52,18/04/2023 15:00:00,MİMARSİNAN MAH.KÜLTÜR SOKAK,MİMAR SİNAN MAH
5079,SİLİVRİ,BASINÇ DÜŞÜKLÜĞÜ,31/01/2024 10:43:29,31/01/2024 15:00:00,ORTAKÖY  MAH,ORTAKÖY MAH
5080,SİLİVRİ,ŞEBEKE HATTI BRANŞMAN BAĞLANTISI,18/03/2023 14:43:23,18/03/2023 17:00:00,ORTAKÖY  MAH.ESKİŞEHİR SOKAK İLE HARBİYE CAD KESİŞİMİ BRANŞMAN BAĞLANTISI,ORTAKÖY MAH
5081,SİLİVRİ,100 MM ÇAPLI ŞEBEKE HATTI ARIZASI,14/03/2023 15:46:43,14/03/2023 18:00:00,ORTAKÖY FİLDİŞİ SOKAK,ORTAKÖY MAH
5082,SİLİVRİ,BASINÇ DÜŞÜKLÜĞÜ,30/05/2023 15:50:37,30/05/2023 18:00:00,ORTAKÖY MAH,"ORTAKÖY MAH,SELİMPAŞA MAH"
5083,SİLİVRİ,BASINÇ DÜŞÜKLÜĞÜ,30/01/2024 11:34:58,30/01/2024 20:00:00,ORTAKÖY MAH,"ORTAKÖY MAH,SELİMPAŞA MAH"
5084,SİLİVRİ,ŞEBEKE HATTI BRANŞMAN BAĞLANTISI,03/08/2023 12:40:58,03/08/2023 15:00:00,ORTAKÖY MAH  BEYAZIT CADDESİ,ORTAKÖY MAH
5085,SİLİVRİ,ŞEBEKE HATTI BRANŞMAN BAĞLANTISI,28/02/2023 10:25:44,28/02/2023 19:00:00,ORTAKÖY MAH  HARBİYE CD,ORTAKÖY MAH
5086,SİLİVRİ,250 MM ÇAPLI ŞEBEKE HATTI ARIZASI,05/06/2023 12:26:08,05/06/2023 17:30:00,ORTAKÖY MAH  MİLLETBAHÇE SK  ERİŞYEM FABRİKASI YANI,ORTAKÖY MAH
5087,SİLİVRİ,250 MM ÇAPLI ŞEBEKE HATTI ARIZASI,29/07/2023 10:46:43,29/07/2023 15:30:00,ORTAKÖY MAH MERA CD  YILDIRIM BEYAZIT KESİŞİMİ,ORTAKÖY MAH
5088,SİLİVRİ,100 MM ÇAPLI ŞEBEKE HATTI ARIZASI,30/03/2023 12:08:00,30/03/2023 13:15:00,ORTAKÖY MAH İNCE SU CD,ORTAKÖY MAH
5089,SİLİVRİ,200 MM ÇAPLI ŞEBEKE HATTI ARIZASI,10/07/2023 17:06:01,10/07/2023 21:00:00,ORTAKÖY MAH.DAVET SOK.100 LÜK DF HATTI ZARAR GÖRMÜŞ,ORTAKÖY MAH
5090,SİLİVRİ,200 MM ÇAPLI ŞEBEKE HATTI ARIZASI,24/08/2023 10:05:08,24/08/2023 18:00:00,ORTAKÖY MAH.MERA CADDESİ VE BEYAZIT CAD CİVARI,"ORTAKÖY MAH,ORTAKÖY MAH"
5091,SİLİVRİ,100 MM ÇAPLI ŞEBEKE HATTI ARIZASI,18/04/2023 10:21:21,18/04/2023 17:00:00,ORTAKÖY MAH.SULUCA SOKAK,ORTAKÖY MAH
5092,SİLİVRİ,150 MM ÇAPLI ŞEBEKE HATTI ARIZASI,26/01/2024 14:36:11,26/01/2024 18:00:00,ORTAKÖY MAHALLESİ CEVİZLİ SOKAK,ORTAKÖY MAH
5093,SİLİVRİ,250 MM ÇAPLI ŞEBEKE HATTI ARIZASI,01/06/2023 14:41:12,01/06/2023 21:00:00,ORTAKÖY MAHALLESİ KESKİNLER SOKAK,ORTAKÖY MAH
5094,SİLİVRİ,150 MM ÇAPLI ŞEBEKE HATTI ARIZASI,24/01/2024 15:17:14,24/01/2024 18:00:00,ORTAKÖY MAHALLESİ KUBBE SOKAK VE CİVARI,ORTAKÖY MAH
5095,SİLİVRİ,100 MM ÇAPLI ŞEBEKE HATTI ARIZASI,29/08/2023 14:38:42,29/08/2023 17:00:00,ORTAKÖY MERA CADDESİ,ORTAKÖY MAH
5096,SİLİVRİ,200 MM ÇAPLI ŞEBEKE HATTI ARIZASI,09/03/2023 10:44:29,09/03/2023 14:00:00,ORTAKÖY MH.FİLDİŞİ SOKAK,ORTAKÖY MAH
5097,SİLİVRİ,150 MM ÇAPLI ŞEBEKE HATTI ARIZASI,12/10/2023 14:05:25,12/10/2023 16:00:00,ORTAKÖY MH.KURUCAY SOK.,ORTAKÖY MAH
5098,SİLİVRİ,150 MM ÇAPLI ŞEBEKE HATTI ARIZASI,13/03/2023 09:38:22,13/03/2023 14:11:00,ORTAKÖY MH.TATLIPINAR SOK.HÜMAYUN CD.İLE KASAPOĞLU CADDE ARASI,ORTAKÖY MAH
5099,SİLİVRİ,100 MM ÇAPLI ŞEBEKE HATTI ARIZASI,01/09/2023 18:07:42,01/09/2023 21:00:00,ORTAKÖY MİLLET BAHÇE CAD,ORTAKÖY MAH
5100,SİLİVRİ,150 MM ÇAPLI ŞEBEKE HATTI ARIZASI,13/10/2023 11:38:05,13/10/2023 20:00:00,ORTAKÖY İNCE SU CADDESİ,ORTAKÖY MAH
5101,SİLİVRİ,150 MM ÇAPLI ŞEBEKE HATTI ARIZASI,14/10/2023 14:00:37,14/10/2023 19:00:00,ORTAKÖY İNCE SU CADDESİ,ORTAKÖY MAH
5102,SİLİVRİ,100 MM ÇAPLI ŞEBEKE HATTI ARIZASI,21/07/2023 10:49:45,21/07/2023 13:00:00,PİRİMEHMETPAŞA MAH.HACIPERVANE CAD,PİRİ MEHMET PAŞA MAH
5103,SİLİVRİ,100 MM ÇAPLI ŞEBEKE HATTI ARIZASI,04/03/2023 11:52:09,04/03/2023 14:00:00,SANCAKTEPE LADES SOK.,"ÇANTA BALABAN MAH,ÇANTA SANCAKTEPE MAH"
5104,SİLİVRİ,100 MM ÇAPLI ŞEBEKE HATTI ARIZASI,01/06/2023 13:17:38,01/06/2023 17:00:00,"SANCAKTEPE MAHALLESI, HACI ARIFBEY CADDESI",ÇANTA SANCAKTEPE MAH
5105,SİLİVRİ,BASINÇ DÜŞÜKLÜĞÜ,20/07/2023 11:48:11,20/07/2023 17:00:00,SAYALAR MAH.,SAYALAR MAH
5106,SİLİVRİ,100 MM ÇAPLI ŞEBEKE HATTI ARIZASI,04/01/2024 14:17:40,04/01/2024 16:30:00,SELİMPAŞA  ADNAN MENDERES CD,SELİMPAŞA MAH
5107,SİLİVRİ,100 MM ÇAPLI ŞEBEKE HATTI ARIZASI,07/05/2023 06:25:37,07/05/2023 12:00:00,SELİMPAŞA  MAH 3310,SELİMPAŞA MAH
5108,SİLİVRİ,100 MM ÇAPLI ŞEBEKE HATTI ARIZASI,25/03/2023 12:03:23,25/03/2023 13:10:00,SELİMPAŞA  MAH ELMASLI SOK,SELİMPAŞA MAH
5109,SİLİVRİ,100 MM ÇAPLI ŞEBEKE HATTI ARIZASI,04/03/2023 10:53:42,04/03/2023 16:00:00,SELİMPAŞA 3303 SOKAK,SELİMPAŞA MAH
5110,SİLİVRİ,100 MM ÇAPLI ŞEBEKE HATTI ARIZASI,07/05/2023 02:36:46,07/05/2023 10:00:00,SELİMPAŞA 3310,SELİMPAŞA MAH
5111,SİLİVRİ,150 MM ÇAPLI ŞEBEKE HATTI ARIZASI,27/07/2023 11:12:14,27/07/2023 15:00:00,SELİMPAŞA 601 CAD,SELİMPAŞA MAH
5112,SİLİVRİ,150 MM ÇAPLI ŞEBEKE HATTI ARIZASI,18/08/2023 10:32:36,18/08/2023 12:00:00,SELİMPAŞA ARAPTEPE MEVKİİ 3200 VE 3300 LÜ SOKAKLAR,"SELİMPAŞA MAH,SELİMPAŞA MAH"
5113,SİLİVRİ,150 MM ÇAPLI ŞEBEKE HATTI ARIZASI,21/02/2023 15:49:41,21/02/2023 19:00:00,SELİMPAŞA E5 ALTI,SELİMPAŞA MAH
5114,SİLİVRİ,ŞEBEKE HATTI BRANŞMAN BAĞLANTISI,07/03/2023 09:58:08,07/03/2023 14:00:00,SELİMPAŞA HALASKARGAZİ CAD.,SELİMPAŞA MAH
5115,SİLİVRİ,150 MM ÇAPLI ŞEBEKE HATTI ARIZASI,12/05/2023 10:29:02,12/05/2023 12:00:00,SELİMPAŞA HALASKARGAZİ CD. VE CİVARI,SELİMPAŞA MAH
5116,SİLİVRİ,BASINÇ DÜŞÜKLÜĞÜ,06/07/2023 14:48:54,06/07/2023 17:00:00,SELİMPAŞA MAH,SELİMPAŞA MAH
5117,SİLİVRİ,200 MM ÇAPLI ŞEBEKE HATTI ARIZASI,04/11/2023 13:11:28,04/11/2023 15:00:00,SELİMPAŞA MAH,SELİMPAŞA MAH
5118,SİLİVRİ,100 MM ÇAPLI ŞEBEKE HATTI ARIZASI,28/02/2023 09:32:54,28/02/2023 13:30:00,SELİMPAŞA MAH  3294 SK,SELİMPAŞA MAH
5119,SİLİVRİ,100 MM ÇAPLI ŞEBEKE HATTI ARIZASI,01/03/2023 09:32:15,01/03/2023 11:30:00,SELİMPAŞA MAH  3303 SK,SELİMPAŞA MAH
5120,SİLİVRİ,100 MM ÇAPLI ŞEBEKE HATTI ARIZASI,18/03/2023 16:12:31,18/03/2023 21:30:00,SELİMPAŞA MAH  500 CD İLE 603 CD KESİŞİMİ,SELİMPAŞA MAH
5121,SİLİVRİ,100 MM ÇAPLI ŞEBEKE HATTI ARIZASI,17/06/2023 13:26:11,17/06/2023 17:00:00,SELİMPAŞA MAH  ARAPTEPE MEVKİİ,SELİMPAŞA MAH
5122,SİLİVRİ,300 MM ÇAPLI ŞEBEKE HATTI ARIZASI,01/06/2023 09:59:53,01/06/2023 19:01:00,SELİMPAŞA MAH  DEPO,SELİMPAŞA MAH
5123,SİLİVRİ,100 MM ÇAPLI ŞEBEKE HATTI ARIZASI,29/07/2023 14:21:59,29/07/2023 16:30:00,SELİMPAŞA MAH 3299 SK,SELİMPAŞA MAH
5124,SİLİVRİ,100 MM ÇAPLI ŞEBEKE HATTI ARIZASI,25/05/2023 10:58:36,25/05/2023 13:00:00,SELİMPAŞA MAH 6157 SOKAK,SELİMPAŞA MAH
5125,SİLİVRİ,100 MM ÇAPLI ŞEBEKE HATTI ARIZASI,22/06/2023 22:00:57,23/06/2023 01:00:00,SELİMPAŞA MAH ARAPTEPE MEVKİİ,SELİMPAŞA MAH
5126,SİLİVRİ,100 MM ÇAPLI ŞEBEKE HATTI ARIZASI,25/05/2023 14:12:02,25/05/2023 17:00:00,SELİMPAŞA MAH HALASKARGAZİ CAD,SELİMPAŞA MAH
5127,SİLİVRİ,100 MM ÇAPLI ŞEBEKE HATTI ARIZASI,15/06/2023 22:03:40,15/06/2023 23:50:00,SELİMPAŞA MAH HALASKARGAZİ CD,SELİMPAŞA MAH
5128,SİLİVRİ,100 MM ÇAPLI ŞEBEKE HATTI ARIZASI,14/03/2023 09:32:17,14/03/2023 11:30:00,SELİMPAŞA MAH YENİ MAHALLE SOKAK,SELİMPAŞA MAH
5129,SİLİVRİ,100 MM ÇAPLI ŞEBEKE HATTI ARIZASI,23/06/2023 09:41:55,23/06/2023 13:00:00,SELİMPAŞA MAH İZZET GÜRÇAY,SELİMPAŞA MAH
5130,SİLİVRİ,150 MM ÇAPLI ŞEBEKE HATTI ARIZASI,08/11/2023 13:41:07,08/11/2023 16:00:00,SELİMPAŞA MAH.3017 SOKAK 3027 SOKAK 3003 SOKAK VE CİVARLARI,SELİMPAŞA MAH
5131,SİLİVRİ,150 MM ÇAPLI ŞEBEKE HATTI ARIZASI,08/03/2023 09:31:30,08/03/2023 12:00:00,SELİMPAŞA MAH.3260 SOK.ARAPTEPE MEVKİİ,SELİMPAŞA MAH
5132,SİLİVRİ,150 MM ÇAPLI ŞEBEKE HATTI ARIZASI,12/06/2023 09:53:00,12/06/2023 15:00:00,SELİMPAŞA MAH.3265  SOK...,SELİMPAŞA MAH
5133,SİLİVRİ,BASINÇ DÜŞÜKLÜĞÜ,18/02/2023 08:47:46,18/02/2023 19:00:00,SELİMPAŞA MAH.HALASKARGAZİ CAD.,"SELİMPAŞA MAH,SELİMPAŞA MAH,SELİMPAŞA MAH"
5134,SİLİVRİ,100 MM ÇAPLI ŞEBEKE HATTI ARIZASI,21/11/2023 13:33:03,21/11/2023 16:00:00,SELİMPAŞA MAH.YUKURI ÇEŞME SOKAK,SELİMPAŞA MAH
5135,SİLİVRİ,100 MM ÇAPLI ŞEBEKE HATTI ARIZASI,24/02/2023 10:25:36,24/02/2023 12:30:00,SELİMPAŞA MAHALLESİ  3295 SOK,SELİMPAŞA MAH
5136,SİLİVRİ,100 MM ÇAPLI ŞEBEKE HATTI ARIZASI,15/08/2023 13:46:14,15/08/2023 15:00:00,SELİMPAŞA MAHALLESİ 3293 SOKAK,SELİMPAŞA MAH
5137,SİLİVRİ,150 MM ÇAPLI ŞEBEKE HATTI ARIZASI,23/02/2023 10:27:49,23/02/2023 14:30:00,SELİMPAŞA MAHALLESİ ADNAN MENDERES CADDESİ,SELİMPAŞA MAH
5138,SİLİVRİ,100 MM ÇAPLI ŞEBEKE HATTI ARIZASI,10/05/2023 15:15:48,10/05/2023 17:30:00,SELİMPAŞA MAHALLESİ HAYALET SOKAK,SELİMPAŞA MAH
5139,SİLİVRİ,150 MM ÇAPLI ŞEBEKE HATTI ARIZASI,21/02/2023 09:05:16,21/02/2023 15:00:00,SELİMPAŞA MH. E 5 ALTI HALASKARGAZİ CD.,SELİMPAŞA MAH
5140,SİLİVRİ,150 MM ÇAPLI ŞEBEKE HATTI ARIZASI,22/06/2023 09:48:30,22/06/2023 12:00:00,SELİMPAŞA MH.3292 SOK.ARAPTEPE MEVKİİ,SELİMPAŞA MAH
5141,SİLİVRİ,100 MM ÇAPLI ŞEBEKE HATTI ARIZASI,24/02/2023 16:14:37,24/02/2023 20:30:00,SELİMPAŞA MH.3294 SOKAK,SELİMPAŞA MAH
5142,SİLİVRİ,400 MM ÇAPLI ANA İSALE HATTI ARIZASI,27/03/2023 10:28:32,27/03/2023 14:00:00,SELİMPAŞA TERFİ HAT ÇIKIŞI,SELİMPAŞA MAH
5143,SİLİVRİ,BASINÇ DÜŞÜKLÜĞÜ,06/06/2023 11:01:54,06/06/2023 12:20:00,SELİPAŞA MAH  ALTINKÖK CD,"SELİMPAŞA MAH,SELİMPAŞA MAH"
5144,SİLİVRİ,200 MM ÇAPLI ŞEBEKE HATTI ARIZASI,10/05/2023 11:38:25,10/05/2023 16:00:00,SEMİZKUMLAR MAHALLESİ CEZA EVİ ÖNÜ,SEMİZKUMLAR MAH
5145,SİLİVRİ,ŞEBEKE HATTI BRANŞMAN BAĞLANTISI,22/05/2023 13:48:47,22/05/2023 18:00:00,SEYMEN KÖYÜ,SEYMEN MAH
5146,SİLİVRİ,200 MM ÇAPLI ŞEBEKE HATTI ARIZASI,23/07/2023 16:25:32,23/07/2023 19:30:00,SEYMEN KÖYÜ GÖK KUBBE SOKAK,SEYMEN MAH
5147,SİLİVRİ,100 MM ÇAPLI ŞEBEKE HATTI ARIZASI,21/06/2023 15:41:11,21/06/2023 18:00:00,SEYMEN MAH,SEYMEN MAH
5148,SİLİVRİ,100 MM ÇAPLI ŞEBEKE HATTI ARIZASI,04/11/2023 13:14:50,04/11/2023 15:30:00,SEYMEN MAH AVCI SOKAK,SEYMEN MAH
5149,SİLİVRİ,ANA İSALE HATTINA DEBİMETRE MONTAJI / DEĞİŞİMİ,08/06/2023 09:15:38,08/06/2023 19:00:00,"SILIVRI İLÇESI, SELIMPAŞA MAH","KAVAKLI HÜRRİYET MAH,KAVAKLI İSTİKLAL MAH,ORTAKÖY MAH,SELİMPAŞA MAH"
5150,SİLİVRİ,BASINÇ DÜŞÜKLÜĞÜ,01/09/2023 17:11:51,01/09/2023 23:00:00,SİLİVRİ,"FATİH MAH,MİMAR SİNAN MAH"
5151,SİLİVRİ,BASINÇ DÜŞÜKLÜĞÜ,15/11/2023 09:39:18,15/11/2023 14:00:00,SİLİVRİ,"ALİBEY MAH,CUMHURİYET MAH,FATİH MAH,MİMAR SİNAN MAH"
5152,SİLİVRİ,ANA İSALE HATTINA DEBİMETRE MONTAJI / DEĞİŞİMİ,21/08/2023 17:46:27,22/08/2023 06:00:00,SİLİVRİ 3000 LİK TERFİ ÇIKIŞI,"ALİBEY MAH,CUMHURİYET MAH,FATİH MAH,MİMAR SİNAN MAH,SELİMPAŞA MAH,YENİ MAH"
5153,SİLİVRİ,200 MM ÇAPLI ŞEBEKE HATTI ARIZASI,06/02/2024 12:31:47,06/02/2024 14:30:00,SİLİVRİ AKÖREN MAHALLESİ KEPÇELİ SOKAK CİVARI,AKÖREN MAH
5154,SİLİVRİ,200 MM ÇAPLI ŞEBEKE HATTI ARIZASI,30/11/2023 13:22:12,30/11/2023 16:00:00,SİLİVRİ KÜÇÜKKILIÇLI MAH.,KÜÇÜK KILIÇLI MAH
5155,SİLİVRİ,200 MM ÇAPLI ŞEBEKE HATTI ARIZASI,06/02/2024 12:28:37,06/02/2024 14:30:00,SİLİVRİ MİMARSİNAN MAHALLESİ KADİR BARAN SOKAK CİVARI,MİMAR SİNAN MAH
5156,SİLİVRİ,200 MM ÇAPLI ŞEBEKE HATTI ARIZASI,06/03/2023 13:46:58,06/03/2023 18:00:00,SİLİVRİ ORTAKÖY MH .MİLLET BAHCESİ  250 LİK BORU KIRIGI,ORTAKÖY MAH
5157,SİLİVRİ,150 MM ÇAPLI ŞEBEKE HATTI ARIZASI,29/04/2023 11:34:56,29/04/2023 16:00:00,SİLİVRİ SELİMPAŞA MH.HALASKARGAZİ CD.,SELİMPAŞA MAH
5158,SİLİVRİ,150 MM ÇAPLI ŞEBEKE HATTI ARIZASI,06/05/2023 09:14:44,06/05/2023 12:00:00,SİLİVRİ ÇANTA BALABAN MH.YILDIZ TAPUÇ CD.,ÇANTA BALABAN MAH
5159,SİLİVRİ,200 MM ÇAPLI ŞEBEKE HATTI ARIZASI,29/11/2023 21:33:28,29/11/2023 23:59:00,SİLİVRİ İLÇESİ YENİ MAHALLE VE FATİH MAHALLESİ,"FATİH MAH,YENİ MAH"
5160,SİLİVRİ,100 MM ÇAPLI ŞEBEKE HATTI ARIZASI,29/03/2023 18:04:33,29/03/2023 21:00:00,SİLİVRİ İSKİ,GÜMÜŞYAKA MAH
5161,SİLİVRİ,100 MM ÇAPLI ŞEBEKE HATTI ARIZASI,04/04/2023 12:19:51,04/04/2023 14:30:00,SİLİVRİ İSKİ,GÜMÜŞYAKA MAH
5162,SİLİVRİ,150 MM ÇAPLI ŞEBEKE HATTI ARIZASI,25/09/2023 20:10:34,25/09/2023 23:30:00,SİLİVRİ İSKİ,"ORTAKÖY MAH,SELİMPAŞA MAH"
5163,SİLİVRİ,ANA İSALE HATTINA DEBİMETRE MONTAJI / DEĞİŞİMİ,26/10/2023 09:59:13,26/10/2023 20:00:00,SİLİVRİ-SELİMPAŞA,"KAVAKLI İSTİKLAL MAH,ORTAKÖY MAH,SELİMPAŞA MAH"
5164,SİLİVRİ,400 MM ÇAPLI ANA İSALE HATTI ARIZASI,02/01/2024 13:54:37,02/01/2024 19:00:00,SİLİVRİ-SELİMPAŞA 400 MM İSALE HATTI,SELİMPAŞA MAH
5165,SİLİVRİ,600 MM ÇAPLI  ANA İSALE HATTI ARIZASI,24/07/2023 16:01:11,24/07/2023 22:00:00,SİLİVRİ-YENİ MAHALLE,"MİMAR SİNAN MAH,YENİ MAH"
5166,SİLİVRİ,100 MM ÇAPLI ŞEBEKE HATTI ARIZASI,13/03/2023 14:23:24,13/03/2023 19:00:00,TATLI PINAR SOKAK,"ORTAKÖY MAH,SELİMPAŞA MAH"
5167,SİLİVRİ,300 MM ÇAPLI ŞEBEKE HATTI ARIZASI,28/07/2023 14:31:05,28/07/2023 17:00:00,TURGUT REİS CAD,YENİ MAH
5168,SİLİVRİ,BASINÇ DÜŞÜKLÜĞÜ,29/09/2023 09:38:48,29/09/2023 12:00:00,YENİ MAH,YENİ MAH
5169,SİLİVRİ,100 MM ÇAPLI ŞEBEKE HATTI ARIZASI,17/05/2023 21:46:23,17/05/2023 23:59:00,YENİ MAH NEDİM BEYAZGÜL SOK,YENİ MAH
5170,SİLİVRİ,BASINÇ DÜŞÜKLÜĞÜ,02/09/2023 19:40:06,02/09/2023 22:00:00,YENİ MAH TERFİ MERKEZİ,"CUMHURİYET MAH,YENİ MAH"
5171,SİLİVRİ,100 MM ÇAPLI ŞEBEKE HATTI ARIZASI,11/02/2024 17:52:15,11/02/2024 23:00:00,YENİ MAH ŞAİR BAKİ SOKAK,"ALİBEY MAH,CUMHURİYET MAH,FATİH MAH,YENİ MAH"
5172,SİLİVRİ,100 MM ÇAPLI ŞEBEKE HATTI ARIZASI,04/02/2024 12:45:24,04/02/2024 17:00:00,YENİ MAH. ASALET SOKAK,YENİ MAH
5173,SİLİVRİ,150 MM ÇAPLI ŞEBEKE HATTI ARIZASI,22/09/2023 12:11:31,22/09/2023 15:00:00,YENİ MAH.TURGUT REİS CD.GAZİ CADDESİ KESİŞİMİ,"YENİ MAH,YENİ MAH"
5174,SİLİVRİ,ŞEBEKE HATTI BRANŞMAN BAĞLANTISI,19/04/2023 10:21:42,19/04/2023 16:00:00,YENİ MAH.YENERLER ÇIKMAZI SOKAK,YENİ MAH
5175,SİLİVRİ,300 MM ÇAPLI ŞEBEKE HATTI ARIZASI,31/10/2023 13:13:33,31/10/2023 16:36:00,YENİ MAHALLE -MİMAR SİNAN,"ALİBEY MAH,MİMAR SİNAN MAH,YENİ MAH"
5176,SİLİVRİ,100 MM ÇAPLI ŞEBEKE HATTI ARIZASI,09/05/2023 20:32:10,09/05/2023 22:30:00,YENİ MAHALLE 1 KASIM CADDESİ,YENİ MAH
5177,SİLİVRİ,BASINÇ DÜŞÜKLÜĞÜ,07/07/2023 15:38:19,07/07/2023 23:00:00,YENİ MAHALLE DEPO,"FATİH MAH,YENİ MAH"
5178,SİLİVRİ,BASINÇ DÜŞÜKLÜĞÜ,07/07/2023 09:00:56,07/07/2023 11:00:00,YENİ MAHALLE DEPOLAR,"ALİBEY MAH,YENİ MAH"
5179,SİLİVRİ,BASINÇ DÜŞÜKLÜĞÜ,26/09/2023 09:33:41,26/09/2023 16:00:00,YENİ MAHALLE DEPOLAR,"ALİBEY MAH,FATİH MAH,MİMAR SİNAN MAH,PİRİ MEHMET PAŞA MAH,YENİ MAH"
5180,SİLİVRİ,150 MM ÇAPLI ŞEBEKE HATTI ARIZASI,11/08/2023 14:46:09,11/08/2023 16:00:00,YENİ MAHALLE GAZİ CADDESİ  ÜZERİNDE KAYIP KAÇAK,YENİ MAH
5181,SİLİVRİ,150 MM ÇAPLI ŞEBEKE HATTI ARIZASI,03/01/2024 20:35:34,03/01/2024 23:00:00,YENİ MAHALLE SAİT GİRGİN CADDESİ,YENİ MAH
5182,SİLİVRİ,BASINÇ DÜŞÜKLÜĞÜ,08/07/2023 15:50:27,08/07/2023 19:00:00,YENİ MAHALLE TERFİ,"ALİBEY MAH,CUMHURİYET MAH,YENİ MAH"
5183,SİLİVRİ,100 MM ÇAPLI ŞEBEKE HATTI ARIZASI,28/09/2023 16:17:59,28/09/2023 18:30:00,YENİ MAHALLE TURGUT REİS CADDESİ,YENİ MAH
5184,SİLİVRİ,150 MM ÇAPLI ŞEBEKE HATTI ARIZASI,15/05/2023 11:35:57,15/05/2023 15:00:00,YENİ MAHALLE VE MİMAR SİNAN MAH.BİR KISMI,"MİMAR SİNAN MAH,YENİ MAH"
5185,SİLİVRİ,BASINÇ DÜŞÜKLÜĞÜ,26/08/2023 11:10:12,26/08/2023 12:30:00,YENİ MAHALLE VE MİMARSİNAN MAH.DEKİ HATLARDAKİ ZARURİ BAKIM ONARIM ÇALIŞMASINDAN DOLAYI,"MİMAR SİNAN MAH,YENİ MAH"
5186,SİLİVRİ,150 MM ÇAPLI ŞEBEKE HATTI ARIZASI,04/03/2023 09:39:04,04/03/2023 11:30:00,ÇANTA BAALABAN ERTUĞRULBEY CAD.,"ÇANTA BALABAN MAH,ÇANTA SANCAKTEPE MAH"
5187,SİLİVRİ,150 MM ÇAPLI ŞEBEKE HATTI ARIZASI,04/06/2023 17:03:31,04/06/2023 19:00:00,ÇANTA BALABAN  DİKMEN SOKAK,ÇANTA BALABAN MAH
5188,SİLİVRİ,100 MM ÇAPLI ŞEBEKE HATTI ARIZASI,19/11/2023 11:41:21,19/11/2023 16:00:00,ÇANTA BALABAN BİLGE SOK.VE GÖKTÜRK SOKAK TA,"ÇANTA BALABAN MAH,ÇANTA BALABAN MAH"
5189,SİLİVRİ,100 MM ÇAPLI ŞEBEKE HATTI ARIZASI,14/10/2023 12:12:53,14/10/2023 16:00:00,ÇANTA BALABAN GÖKÇEKENT SOKAK,ÇANTA BALABAN MAH
5190,SİLİVRİ,100 MM ÇAPLI ŞEBEKE HATTI ARIZASI,11/07/2023 09:21:14,11/07/2023 15:00:00,ÇANTA BALABAN MAH,ÇANTA BALABAN MAH
5191,SİLİVRİ,100 MM ÇAPLI ŞEBEKE HATTI ARIZASI,18/01/2024 10:20:22,18/01/2024 14:00:00,ÇANTA BALABAN MAH,ÇANTA BALABAN MAH
5192,SİLİVRİ,150 MM ÇAPLI ŞEBEKE HATTI ARIZASI,19/08/2023 13:14:08,19/08/2023 15:15:00,ÇANTA BALABAN MAH  GÖKTÜRK CD,ÇANTA BALABAN MAH
5193,SİLİVRİ,100 MM ÇAPLI ŞEBEKE HATTI ARIZASI,02/08/2023 10:26:23,02/08/2023 12:00:00,ÇANTA BALABAN MAH  KALEKAPI SK,ÇANTA BALABAN MAH
5194,SİLİVRİ,100 MM ÇAPLI ŞEBEKE HATTI ARIZASI,21/06/2023 10:47:28,21/06/2023 13:00:00,ÇANTA BALABAN MAH  SAMİ ALBAYRAK CD,ÇANTA BALABAN MAH
5195,SİLİVRİ,100 MM ÇAPLI ŞEBEKE HATTI ARIZASI,16/03/2023 10:42:57,16/03/2023 12:30:00,ÇANTA BALABAN MAH .MİMAR HAYRETTİN CAD,ÇANTA BALABAN MAH
5196,SİLİVRİ,100 MM ÇAPLI ŞEBEKE HATTI ARIZASI,12/11/2023 21:46:37,12/11/2023 23:00:00,ÇANTA BALABAN MAH AKSU SK,ÇANTA BALABAN MAH
5197,SİLİVRİ,150 MM ÇAPLI ŞEBEKE HATTI ARIZASI,25/05/2023 21:23:51,25/05/2023 23:30:00,ÇANTA BALABAN MAH AKÇAKENT SOKAK,ÇANTA BALABAN MAH
5198,SİLİVRİ,100 MM ÇAPLI ŞEBEKE HATTI ARIZASI,09/10/2023 12:31:53,09/10/2023 16:30:00,ÇANTA BALABAN MAH BÜYÜK YALI CD,ÇANTA BALABAN MAH
5199,SİLİVRİ,ŞEBEKE HATTI BRANŞMAN BAĞLANTISI,24/05/2023 10:23:00,24/05/2023 12:30:00,ÇANTA BALABAN MAH ERTUĞRULBEY CAD,ÇANTA BALABAN MAH
5200,SİLİVRİ,100 MM ÇAPLI ŞEBEKE HATTI ARIZASI,02/03/2023 18:12:39,02/03/2023 22:00:00,ÇANTA BALABAN MAH KINALI ÇİFTLİK EVLERİ YOLU,ÇANTA BALABAN MAH
5201,SİLİVRİ,100 MM ÇAPLI ŞEBEKE HATTI ARIZASI,08/10/2023 12:25:10,08/10/2023 14:30:00,ÇANTA BALABAN MAH KISIKLI SOKAK,ÇANTA BALABAN MAH
5202,SİLİVRİ,100 MM ÇAPLI ŞEBEKE HATTI ARIZASI,24/07/2023 13:19:04,24/07/2023 15:00:00,ÇANTA BALABAN MAH NASİP SOKAK,ÇANTA BALABAN MAH
5203,SİLİVRİ,ŞEBEKE HATTI BRANŞMAN BAĞLANTISI,20/04/2023 08:41:01,20/04/2023 11:00:00,ÇANTA BALABAN MAH PELİN SU SOKAK,ÇANTA BALABAN MAH
5204,SİLİVRİ,100 MM ÇAPLI ŞEBEKE HATTI ARIZASI,28/02/2023 14:19:44,28/02/2023 16:30:00,ÇANTA BALABAN MAH TEKİNSOY SK,ÇANTA BALABAN MAH
5205,SİLİVRİ,100 MM ÇAPLI ŞEBEKE HATTI ARIZASI,26/09/2023 12:27:45,26/09/2023 15:00:00,ÇANTA BALABAN MAH ULUDAĞ SOKAK,ÇANTA BALABAN MAH
5206,SİLİVRİ,100 MM ÇAPLI ŞEBEKE HATTI ARIZASI,12/02/2024 12:26:36,12/02/2024 15:00:00,ÇANTA BALABAN MAH ÖMER SEYFETTİN CAD,ÇANTA BALABAN MAH
5207,SİLİVRİ,100 MM ÇAPLI ŞEBEKE HATTI ARIZASI,14/03/2023 09:55:52,14/03/2023 14:00:00,ÇANTA BALABAN MAH.ALTI EVLER SOKAK,ÇANTA BALABAN MAH
5208,SİLİVRİ,100 MM ÇAPLI ŞEBEKE HATTI ARIZASI,09/07/2023 09:47:35,09/07/2023 12:00:00,ÇANTA BALABAN MAH.BARAJ SOKAK,ÇANTA BALABAN MAH
5209,SİLİVRİ,150 MM ÇAPLI ŞEBEKE HATTI ARIZASI,10/03/2023 14:24:25,10/03/2023 17:00:00,ÇANTA BALABAN MAH.BÖĞÜRTLEN CAD.,ÇANTA BALABAN MAH
5210,SİLİVRİ,150 MM ÇAPLI ŞEBEKE HATTI ARIZASI,09/08/2023 15:51:28,09/08/2023 18:00:00,ÇANTA BALABAN MAH.DÜZTEPE SOK,ÇANTA BALABAN MAH
5211,SİLİVRİ,100 MM ÇAPLI ŞEBEKE HATTI ARIZASI,14/03/2023 08:53:29,14/03/2023 13:00:00,ÇANTA BALABAN MAH.ERTUĞRULBEY CAD,ÇANTA BALABAN MAH
5212,SİLİVRİ,150 MM ÇAPLI ŞEBEKE HATTI ARIZASI,10/07/2023 16:27:28,10/07/2023 18:00:00,ÇANTA BALABAN MAH.GÜLDANE SOK.KINALI ÇİFTLİK EVLERİ,ÇANTA BALABAN MAH
5213,SİLİVRİ,150 MM ÇAPLI ŞEBEKE HATTI ARIZASI,08/11/2023 13:51:56,08/11/2023 17:00:00,ÇANTA BALABAN MAH.NASİP SOKAK.N:63 BORU KIRIGINDAN,ÇANTA BALABAN MAH
5214,SİLİVRİ,100 MM ÇAPLI ŞEBEKE HATTI ARIZASI,05/01/2024 16:53:39,05/01/2024 22:00:00,ÇANTA BALABAN MAH.ULUDAĞ SOKAK,ÇANTA BALABAN MAH
5215,SİLİVRİ,100 MM ÇAPLI ŞEBEKE HATTI ARIZASI,25/05/2023 10:28:37,25/05/2023 13:00:00,ÇANTA BALABAN MAH.URAL SOKAK,ÇANTA BALABAN MAH
5216,SİLİVRİ,150 MM ÇAPLI ŞEBEKE HATTI ARIZASI,05/10/2023 11:22:09,05/10/2023 16:00:00,ÇANTA BALABAN MAHALLESİ ALTINTAŞ SOKAK,ÇANTA BALABAN MAH
5217,SİLİVRİ,100 MM ÇAPLI ŞEBEKE HATTI ARIZASI,24/08/2023 17:45:07,24/08/2023 20:00:00,ÇANTA BALABAN MAHALLESİ KESTANE SOKAK,ÇANTA BALABAN MAH
5218,SİLİVRİ,100 MM ÇAPLI ŞEBEKE HATTI ARIZASI,26/02/2023 11:57:54,26/02/2023 13:30:00,ÇANTA BALABAN MAHALLESİ SERHAT CADDESİ,ÇANTA BALABAN MAH
5219,SİLİVRİ,ŞEBEKE HATTI VANA MONTAJI/DEĞİŞİMİ,02/11/2023 15:36:56,02/11/2023 17:30:00,ÇANTA BALABAN MAHALLLESİ KARBEYAZ SOKAK,"ÇANTA BALABAN MAH,ÇANTA SANCAKTEPE MAH"
5220,SİLİVRİ,100 MM ÇAPLI ŞEBEKE HATTI ARIZASI,20/02/2023 08:39:58,20/02/2023 11:00:00,ÇANTA BALABAN MAHALLLESİ SERHAT SK,ÇANTA BALABAN MAH
5221,SİLİVRİ,250 MM ÇAPLI ŞEBEKE HATTI ARIZASI,05/10/2023 09:34:23,05/10/2023 13:00:00,ÇANTA BALABAN MH....7 KULE SOKAK KESİŞİMİNDEN BAGLANTI CALIŞMASINDAN,ÇANTA BALABAN MAH
5222,SİLİVRİ,150 MM ÇAPLI ŞEBEKE HATTI ARIZASI,25/08/2023 09:56:20,25/08/2023 12:00:00,ÇANTA BALABAN MH.AKTÜRK SOK.,ÇANTA BALABAN MAH
5223,SİLİVRİ,150 MM ÇAPLI ŞEBEKE HATTI ARIZASI,21/08/2023 15:26:15,21/08/2023 17:00:00,ÇANTA BALABAN MH.BÜYÜK YALI CD.NO.282,ÇANTA BALABAN MAH
5224,SİLİVRİ,200 MM ÇAPLI ŞEBEKE HATTI ARIZASI,24/02/2023 11:45:23,24/02/2023 14:30:00,ÇANTA BALABAN MH.KEMAL PAŞA CD.,ÇANTA BALABAN MAH
5225,SİLİVRİ,150 MM ÇAPLI ŞEBEKE HATTI ARIZASI,07/08/2023 13:03:51,07/08/2023 15:00:00,ÇANTA BALABAN MH.KISIKLI SOK.,"ÇANTA BALABAN MAH,ÇANTA SANCAKTEPE MAH"
5226,SİLİVRİ,150 MM ÇAPLI ŞEBEKE HATTI ARIZASI,09/05/2023 10:59:36,09/05/2023 14:00:00,ÇANTA BALABAN MH.UGUR MUMCU CD.CİVARI,ÇANTA BALABAN MAH
5227,SİLİVRİ,100 MM ÇAPLI ŞEBEKE HATTI ARIZASI,26/11/2023 13:19:10,26/11/2023 15:30:00,ÇANTA BALABAN YORULMAZ SOKAK,ÇANTA BALABAN MAH
5228,SİLİVRİ,100 MM ÇAPLI ŞEBEKE HATTI ARIZASI,27/03/2023 12:09:34,27/03/2023 16:15:00,ÇANTA BALABAN ÇORLU CADDESİ,ÇANTA BALABAN MAH
5229,SİLİVRİ,ŞEBEKE HATTI VANA MONTAJI/DEĞİŞİMİ,22/02/2023 16:30:07,22/02/2023 18:30:00,ÇANTA MAH İSKİ  SU DEPOSU,"ÇANTA BALABAN MAH,ÇANTA SANCAKTEPE MAH"
5230,SİLİVRİ,150 MM ÇAPLI ŞEBEKE HATTI ARIZASI,08/05/2023 15:25:26,08/05/2023 18:00:00,ÇANTA MH. SANCAKTEPE MEVKİİ,ÇANTA SANCAKTEPE MAH
5231,SİLİVRİ,BASINÇ DÜŞÜKLÜĞÜ,02/07/2023 14:12:21,02/07/2023 22:00:00,ÇANTA SANCAKTEPE EBEGÜMECİ SOKAK,ÇANTA SANCAKTEPE MAH
5232,SİLİVRİ,150 MM ÇAPLI ŞEBEKE HATTI ARIZASI,28/02/2023 13:53:57,28/02/2023 16:00:00,ÇANTA SANCAKTEPE MAH CANBAZTEPE CD,ÇANTA SANCAKTEPE MAH
5233,SİLİVRİ,100 MM ÇAPLI ŞEBEKE HATTI ARIZASI,26/10/2023 18:17:08,26/10/2023 22:00:00,ÇANTA SANCAKTEPE MAH ÖMER SEYFETTİN CAD,ÇANTA SANCAKTEPE MAH
5234,SİLİVRİ,100 MM ÇAPLI ŞEBEKE HATTI ARIZASI,19/04/2023 11:39:15,19/04/2023 14:00:00,ÇANTA SANCAKTEPE MAH.TUANA SOKAK,ÇANTA SANCAKTEPE MAH
5235,SİLİVRİ,100 MM ÇAPLI ŞEBEKE HATTI ARIZASI,10/03/2023 16:39:51,10/03/2023 18:30:00,ÇANTA SANCAKTEPE MAH.İTAAT SOKAK,"ÇANTA SANCAKTEPE MAH,ÇANTA SANCAKTEPE MAH"
5236,SİLİVRİ,100 MM ÇAPLI ŞEBEKE HATTI ARIZASI,05/10/2023 16:59:00,05/10/2023 18:30:00,ÇANTA SANCAKTEPE MH,ÇANTA SANCAKTEPE MAH
5237,SİLİVRİ,150 MM ÇAPLI ŞEBEKE HATTI ARIZASI,10/05/2023 09:29:05,10/05/2023 14:00:00,ÇANTA SANCAKTEPE MH. 100 LUK BORU KIRIGI,ÇANTA SANCAKTEPE MAH
5238,SİLİVRİ,100 MM ÇAPLI ŞEBEKE HATTI ARIZASI,22/06/2023 20:08:28,22/06/2023 22:00:00,ÇANTABALABAN  DÜZTEPE SK,ÇANTA BALABAN MAH
5239,SİLİVRİ,100 MM ÇAPLI ŞEBEKE HATTI ARIZASI,15/06/2023 17:47:26,15/06/2023 20:00:00,ÇANTABALABAN  İLKER SK,ÇANTA BALABAN MAH
5240,SİLİVRİ,100 MM ÇAPLI ŞEBEKE HATTI ARIZASI,05/11/2023 11:54:06,05/11/2023 15:00:00,ÇANTABALABAN YOLDAŞ,ÇANTA BALABAN MAH
5241,SİLİVRİ,100 MM ÇAPLI ŞEBEKE HATTI ARIZASI,23/08/2023 10:26:00,23/08/2023 12:30:00,ÇATA BALABAN MAHALLESİ GÜRSES SOKAK,ÇANTA BALABAN MAH
5242,SİLİVRİ,ŞEBEKE HATTI BRANŞMAN BAĞLANTISI,17/05/2023 12:01:02,17/05/2023 16:30:00,ÇAYIRDERE,ÇAYIRDERE MAH
5243,SİLİVRİ,BASINÇ DÜŞÜKLÜĞÜ,01/09/2023 16:15:42,02/09/2023 08:00:00,ÇAYIRDERE DELTA SOKAK,ÇAYIRDERE MAH
5244,SİLİVRİ,BASINÇ DÜŞÜKLÜĞÜ,16/07/2023 14:06:14,16/07/2023 15:30:00,ÇAYIRDERE DEPO,ÇAYIRDERE MAH
5245,SİLİVRİ,150 MM ÇAPLI ŞEBEKE HATTI ARIZASI,03/10/2023 08:48:26,03/10/2023 16:00:00,ÇAYIRDERE MAH.MORAL SOK.SU KUYUSU BAĞLANTISI NOKTASI,ÇAYIRDERE MAH
5246,SİLİVRİ,BASINÇ DÜŞÜKLÜĞÜ,01/08/2023 21:01:58,01/08/2023 23:59:00,ÇERKEZKÖY TERFİ MERKEZİ,"DEĞİRMENKÖY FEVZİPAŞA MAH,DEĞİRMENKÖY İSMETPAŞA MAH"
5247,SİLİVRİ,100 MM ÇAPLI ŞEBEKE HATTI ARIZASI,16/04/2023 10:07:19,16/04/2023 13:00:00,ÖMER SEYFETTİN CADDESİ,"ÇANTA BALABAN MAH,ÇANTA SANCAKTEPE MAH"
5248,TUZLA,100 MM ÇAPLI ŞEBEKE HATTI ARIZASI,31/07/2023 13:15:14,31/07/2023 16:30:00,AHMET YESEVİ MAH.MİHENK VE VAZİFE SOK.KESİŞİMİ,AYDINLI MAH
5249,TUZLA,100 MM ÇAPLI ŞEBEKE HATTI ARIZASI,03/02/2024 13:56:15,03/02/2024 17:00:00,AKFIRAT MAH 3.CADDE,AKFIRAT MAH.
5250,TUZLA,100 MM ÇAPLI ŞEBEKE HATTI ARIZASI,07/09/2023 20:20:52,07/09/2023 22:30:00,AKFIRAT MAH 36.CAD ÜZERİ,AKFIRAT MAH.
5251,TUZLA,100 MM ÇAPLI ŞEBEKE HATTI ARIZASI,24/08/2023 13:59:49,24/08/2023 16:00:00,AKFIRAT MAH 46.SK.,AKFIRAT MAH.
5252,TUZLA,100 MM ÇAPLI ŞEBEKE HATTI ARIZASI,06/10/2023 16:33:42,06/10/2023 19:00:00,AKFIRAT MAH 56.SK.,AKFIRAT MAH.
5253,TUZLA,100 MM ÇAPLI ŞEBEKE HATTI ARIZASI,03/06/2023 11:38:19,03/06/2023 15:00:00,AKFIRAT MAH.50.SOK.,AKFIRAT MAH.
5254,TUZLA,100 MM ÇAPLI ŞEBEKE HATTI ARIZASI,11/03/2023 10:38:37,11/03/2023 13:00:00,AKFIRAT MAH.AKFIRAT CAD.NO:28,AKFIRAT MAH.
5255,TUZLA,100 MM ÇAPLI ŞEBEKE HATTI ARIZASI,08/05/2023 13:09:41,08/05/2023 16:00:00,AKFIRAT MAHALLESİ AKFIRAT CADDESİ ÜZERİ,AKFIRAT MAH.
5256,TUZLA,100 MM ÇAPLI ŞEBEKE HATTI ARIZASI,30/09/2023 11:00:37,30/09/2023 18:00:00,ANADOLU MAH KİBAR SK,ANADOLU MAH.
5257,TUZLA,100 MM ÇAPLI ŞEBEKE HATTI ARIZASI,02/06/2023 18:43:05,02/06/2023 21:00:00,ANADOLU MAH. DINÇ. SK,ANADOLU MAH.
5258,TUZLA,ŞEBEKE HATTI BRANŞMAN BAĞLANTISI,26/10/2023 10:58:22,26/10/2023 14:00:00,ANADOLU MAH.ALSANCAK CAD.,ANADOLU MAH.
5259,TUZLA,400 MM ÇAPLI ANA İSALE HATTI ARIZASI,05/04/2023 21:41:51,06/04/2023 04:00:00,ANADOLU MAHALLESİ GÜLBAHAR SOKAK,"ANADOLU MAH.,AYDINLI MAH,AYDINTEPE MAH,MESCİT MAH.,MİMAR SİNAN MAH,ORHANLI MAH,ORTA MAH.,TEPEOREN İTOSB,ŞİFA MAH"
5260,TUZLA,100 MM ÇAPLI ŞEBEKE HATTI ARIZASI,21/02/2023 18:33:34,21/02/2023 20:30:00,ATDINTEPE MAH.GEÇİT SK.NO:22,AYDINTEPE MAH
5261,TUZLA,150 MM ÇAPLI ŞEBEKE HATTI ARIZASI,16/02/2024 10:19:51,16/02/2024 13:00:00,AYDIN MAH GAYE SOKAK ÜZERI,AYDINLI MAH
5262,TUZLA,100 MM ÇAPLI ŞEBEKE HATTI ARIZASI,07/02/2024 09:45:44,07/02/2024 12:00:00,AYDINLI /GÜRPINAR CD,AYDINLI MAH
5263,TUZLA,300 MM ÇAPLI ŞEBEKE HATTI ARIZASI,29/08/2023 18:33:21,30/08/2023 04:30:00,AYDINLI HAL YOLU CAD.,"MİMAR SİNAN MAH,ŞİFA MAH"
5264,TUZLA,100 MM ÇAPLI ŞEBEKE HATTI ARIZASI,05/02/2024 11:30:22,05/02/2024 23:00:00,AYDINLI KONAŞLI SOKAK,AYDINLI MAH
5265,TUZLA,150 MM ÇAPLI ŞEBEKE HATTI ARIZASI,02/01/2024 10:12:36,02/01/2024 14:00:00,AYDINLI MAH AKKAYA CAD GİRİŞİ,AYDINLI MAH
5266,TUZLA,ŞEBEKE HATTI VANA MONTAJI/DEĞİŞİMİ,12/02/2024 10:58:53,12/02/2024 14:00:00,AYDINLI MAH ATLAS SOK ILE MUSA  KESIŞIMI,AYDINLI MAH
5267,TUZLA,100 MM ÇAPLI ŞEBEKE HATTI ARIZASI,08/02/2024 16:48:00,08/02/2024 20:00:00,AYDINLI MAH AYAZ SK,AYDINLI MAH
5268,TUZLA,150 MM ÇAPLI ŞEBEKE HATTI ARIZASI,13/10/2023 09:41:07,13/10/2023 13:30:00,AYDINLI MAH AYDINLI CAD ÜZERİ,AYDINLI MAH
5269,TUZLA,150 MM ÇAPLI ŞEBEKE HATTI ARIZASI,29/12/2023 01:48:31,29/12/2023 12:00:00,AYDINLI MAH EMEL SOKAK GİRİŞİ,AYDINLI MAH
5270,TUZLA,100 MM ÇAPLI ŞEBEKE HATTI ARIZASI,25/08/2023 10:43:33,25/08/2023 14:00:00,AYDINLI MAH GÜNEŞLİ SK.,AYDINLI MAH
5271,TUZLA,ŞEBEKE HATTI DEPLASE ÇALIŞMASI,10/10/2023 14:00:44,10/10/2023 18:00:00,AYDINLI MAH GÜNEŞLİ SK.,ANADOLU MAH.
5272,TUZLA,ŞEBEKE HATTI DEPLASE ÇALIŞMASI,01/09/2023 09:18:22,01/09/2023 18:30:00,AYDINLI MAH HACET DERE MEVKI,"AYDINLI MAH,AYDINLI MAH"
5273,TUZLA,100 MM ÇAPLI ŞEBEKE HATTI ARIZASI,28/11/2023 11:27:29,28/11/2023 19:00:00,AYDINLI MAH HALYOLU CAD,AYDINLI MAH
5274,TUZLA,150 MM ÇAPLI ŞEBEKE HATTI ARIZASI,07/09/2023 16:22:45,07/09/2023 19:30:00,AYDINLI MAH HALYOLU CAD ÜZERI,AYDINLI MAH
5275,TUZLA,ŞEBEKE HATTI DEPLASE ÇALIŞMASI,20/11/2023 13:47:38,20/11/2023 18:00:00,AYDINLI MAH HALYOLU CAD ÜZERI,AYDINLI MAH
5276,TUZLA,100 MM ÇAPLI ŞEBEKE HATTI ARIZASI,02/12/2023 14:53:41,02/12/2023 17:00:00,AYDINLI MAH İMRAN SK,AYDINLI MAH
5277,TUZLA,100 MM ÇAPLI ŞEBEKE HATTI ARIZASI,08/06/2023 15:57:52,08/06/2023 20:00:00,AYDINLI MAH.AYDENIZ SOK.NO:33,AYDINLI MAH
5278,TUZLA,150 MM ÇAPLI ŞEBEKE HATTI ARIZASI,08/05/2023 12:35:05,08/05/2023 17:30:00,AYDINLI MAH.AYDINLI YOLU CAD.HAKMARIN ÖNÜ,AYDINLI MAH
5279,TUZLA,100 MM ÇAPLI ŞEBEKE HATTI ARIZASI,26/10/2023 15:21:17,26/10/2023 22:00:00,AYDINLI MAH.GÜLAÇAN SOKAK,AYDINLI MAH
5280,TUZLA,100 MM ÇAPLI ŞEBEKE HATTI ARIZASI,09/02/2024 15:32:11,09/02/2024 18:30:00,AYDINLI MAH.HAYRAT SOK.,AYDINLI MAH
5281,TUZLA,300 MM ÇAPLI ŞEBEKE HATTI ARIZASI,11/05/2023 16:30:34,12/05/2023 01:00:00,AYDINLI MAHALLESİ HAL YOLU CADDESİ ÜZERİ 300 LÜK,"MİMAR SİNAN MAH,ŞİFA MAH"
5282,TUZLA,ŞEBEKE HATTI BRANŞMAN BAĞLANTISI,12/04/2023 11:22:27,12/04/2023 16:00:00,AYDINLI MAHALLESİ KEHKEŞAN SOKAK +UMUT SOKAK KESİŞİMİ,AYDINLI MAH
5283,TUZLA,100 MM ÇAPLI ŞEBEKE HATTI ARIZASI,06/04/2023 09:16:39,06/04/2023 17:00:00,AYDINLI MAHALLESİ KEHKEŞAN SOKAK İÇİ BORU KIRIĞI,AYDINLI MAH
5284,TUZLA,100 MM ÇAPLI ŞEBEKE HATTI ARIZASI,24/02/2023 10:09:23,24/02/2023 13:00:00,AYDINLI MAHALLESİ RAHMET SOKAK İÇİ,AYDINLI MAH
5285,TUZLA,400 MM ÇAPLI ANA İSALE HATTI ARIZASI,26/09/2023 11:01:39,26/09/2023 14:00:00,AYDINLIYOLU CADDESİ,"AYDINTEPE MAH,İÇMELER MAH"
5286,TUZLA,ŞEBEKE HATTI DEPLASE ÇALIŞMASI,21/09/2023 10:29:18,21/09/2023 14:30:00,AYDINTEPE MAH HARBIYE SOKAK GIRIŞI,AYDINTEPE MAH
5287,TUZLA,100 MM ÇAPLI ŞEBEKE HATTI ARIZASI,28/07/2023 15:16:11,28/07/2023 20:30:00,AYDINTEPE MAH HAŞIM SOKAK GIRIŞI,AYDINTEPE MAH
5288,TUZLA,100 MM ÇAPLI ŞEBEKE HATTI ARIZASI,01/10/2023 09:48:49,01/10/2023 14:00:00,AYDINTEPE MAH KÖŞE SK,AYDINTEPE MAH
5289,TUZLA,150 MM ÇAPLI ŞEBEKE HATTI ARIZASI,25/05/2023 16:38:57,25/05/2023 20:30:00,AYDINTEPE MAH YÜZÜNCÜYIL CAD 77 ÖNÜ,AYDINTEPE MAH
5290,TUZLA,100 MM ÇAPLI ŞEBEKE HATTI ARIZASI,21/06/2023 14:36:54,21/06/2023 17:30:00,AYDINTEPE MAH. MAVIGÖL SK ÜZERI,AYDINTEPE MAH
5291,TUZLA,100 MM ÇAPLI ŞEBEKE HATTI ARIZASI,18/05/2023 17:26:27,18/05/2023 18:30:00,AYDINTEPE MAH.FEDAKAR SOK,AYDINTEPE MAH
5292,TUZLA,100 MM ÇAPLI ŞEBEKE HATTI ARIZASI,02/10/2023 14:39:38,02/10/2023 19:00:00,AYDINTEPE MAH.KÖŞE SOK.NO:3,AYDINTEPE MAH
5293,TUZLA,100 MM ÇAPLI ŞEBEKE HATTI ARIZASI,27/06/2023 16:56:58,27/06/2023 17:30:00,AYDINTEPE MH BAĞDAT CD NO 55,AYDINTEPE MAH
5294,TUZLA,100 MM ÇAPLI ŞEBEKE HATTI ARIZASI,26/05/2023 10:26:47,26/05/2023 13:30:00,AYDINTEPE MH KÖŞE SK,AYDINTEPE MAH
5295,TUZLA,100 MM ÇAPLI ŞEBEKE HATTI ARIZASI,27/01/2024 11:55:24,27/01/2024 15:00:00,CAMI MAH.ŞAHIDE SK.,"CAMİ MAH,İSTASYON MAH"
5296,TUZLA,100 MM ÇAPLI ŞEBEKE HATTI ARIZASI,28/08/2023 10:46:52,28/08/2023 13:00:00,CAMİ MAH CUMHURRİYET  CAD 60 ÖNÜ,CAMİ MAH
5297,TUZLA,100 MM ÇAPLI ŞEBEKE HATTI ARIZASI,07/10/2023 15:51:22,07/10/2023 18:00:00,CAMİ MAH DALYAN,CAMİ MAH
5298,TUZLA,100 MM ÇAPLI ŞEBEKE HATTI ARIZASI,10/11/2023 15:46:10,10/11/2023 19:00:00,CAMİ MAH MEHTERAN SK,CAMİ MAH
5299,TUZLA,100 MM ÇAPLI ŞEBEKE HATTI ARIZASI,27/06/2023 13:09:51,27/06/2023 17:00:00,CAMİ MAH İSTASYON CAD 58 ÖNÜ,"CAMİ MAH,POSTANE MAH"
5300,TUZLA,150 MM ÇAPLI ŞEBEKE HATTI ARIZASI,26/01/2024 15:41:59,26/01/2024 19:30:00,CAMİ MAH ŞAHİDE ÜZERİ,"CAMİ MAH,İSTASYON MAH"
5301,TUZLA,100 MM ÇAPLI ŞEBEKE HATTI ARIZASI,05/10/2023 13:37:07,05/10/2023 16:00:00,CAMİ MAH.CUMHURİYET CAD.NO:91,CAMİ MAH
5302,TUZLA,400 MM ÇAPLI ANA İSALE HATTI ARIZASI,21/08/2023 13:21:53,21/08/2023 17:00:00,CENGİZHAN CAD.,ORTA MAH.
5303,TUZLA,250 MM ÇAPLI ŞEBEKE HATTI ARIZASI,24/06/2023 11:32:26,24/06/2023 13:30:00,DENİZ HARP OKULU,POSTANE MAH
5304,TUZLA,100 MM ÇAPLI ŞEBEKE HATTI ARIZASI,19/02/2023 10:44:57,19/02/2023 14:00:00,EVLIYA ÇELEBI GÜNDOĞDU SOK  ÜZERI,EVLİYA ÇELEBİ MAH
5305,TUZLA,100 MM ÇAPLI ŞEBEKE HATTI ARIZASI,29/01/2024 09:45:29,29/01/2024 12:00:00,EVLIYA ÇELEBI MAH GENÇ OSMAN SOKAK,EVLİYA ÇELEBİ MAH
5306,TUZLA,100 MM ÇAPLI ŞEBEKE HATTI ARIZASI,02/06/2023 18:02:35,02/06/2023 20:00:00,EVLIYA ÇELEBI MAH. TERSANELER CD. NO:22,EVLİYA ÇELEBİ MAH
5307,TUZLA,100 MM ÇAPLI ŞEBEKE HATTI ARIZASI,31/10/2023 13:09:21,31/10/2023 16:30:00,EVLİYA ÇELEBİ MAH /NURPERİ SK,EVLİYA ÇELEBİ MAH
5308,TUZLA,100 MM ÇAPLI ŞEBEKE HATTI ARIZASI,21/03/2023 10:25:02,21/03/2023 17:30:00,EVLİYA ÇELEBİ MAH GENÇ OSMAN CAD.,EVLİYA ÇELEBİ MAH
5309,TUZLA,100 MM ÇAPLI ŞEBEKE HATTI ARIZASI,11/12/2023 10:55:30,11/12/2023 13:00:00,EVLİYA ÇELEBİ MAH TERSANELER CAD GİRİŞİ,EVLİYA ÇELEBİ MAH
5310,TUZLA,150 MM ÇAPLI ŞEBEKE HATTI ARIZASI,10/03/2023 14:47:35,10/03/2023 19:00:00,EVLİYA ÇELEBİ MAHALLESİ GENÇ OSMAN CADDESİ İÇİ,EVLİYA ÇELEBİ MAH
5311,TUZLA,100 MM ÇAPLI ŞEBEKE HATTI ARIZASI,01/01/2024 10:42:29,01/01/2024 13:00:00,EVLİYA ÇELEBİ MELİK SOKAK GİRİŞİ,EVLİYA ÇELEBİ MAH
5312,TUZLA,100 MM ÇAPLI ŞEBEKE HATTI ARIZASI,24/08/2023 14:01:44,24/08/2023 16:00:00,EVLİYAÇELEBİ MAH TERSANELER CAD,EVLİYA ÇELEBİ MAH
5313,TUZLA,200 MM ÇAPLI ŞEBEKE HATTI ARIZASI,28/04/2023 08:40:18,28/04/2023 17:00:00,FATIH MAH VUSLAT SOK ÜZERI,FATİH MAH.
5314,TUZLA,100 MM ÇAPLI ŞEBEKE HATTI ARIZASI,07/11/2023 06:31:00,08/11/2023 03:00:00,FATİH MAHALLESİ,"FATİH MAH.,ORHANLI MAH"
5315,TUZLA,150 MM ÇAPLI ŞEBEKE HATTI ARIZASI,02/10/2023 05:02:03,02/10/2023 13:00:00,ISTASYON MAH EFSANE SOK ÜZERI,"CAMİ MAH,POSTANE MAH,İSTASYON MAH"
5316,TUZLA,100 MM ÇAPLI ŞEBEKE HATTI ARIZASI,06/04/2023 10:41:27,06/04/2023 15:00:00,MESCİT MAHALLESİ DERVİŞPAŞA CADDESİ ÜZERI BORU KIRIĞI,"MESCİT MAH.,ORHANLI MAH"
5317,TUZLA,100 MM ÇAPLI ŞEBEKE HATTI ARIZASI,05/04/2023 11:36:37,05/04/2023 16:00:00,MESCİT MAHALLESİ DERVİŞPAŞA CADDESİ ÜZERÜ BORU KIRIĞI,"MESCİT MAH.,ORHANLI MAH"
5318,TUZLA,100 MM ÇAPLI ŞEBEKE HATTI ARIZASI,26/11/2023 11:05:57,26/11/2023 14:00:00,MIMARSINAN MAH . FETIH SK NO:39,MİMAR SİNAN MAH
5319,TUZLA,100 MM ÇAPLI ŞEBEKE HATTI ARIZASI,28/11/2023 11:42:55,28/11/2023 15:00:00,MIMARSINAN MH KAPLAN SOKAK ÜZERI,"MİMAR SİNAN MAH,ŞİFA MAH"
5320,TUZLA,100 MM ÇAPLI ŞEBEKE HATTI ARIZASI,29/12/2023 13:58:48,29/12/2023 17:00:00,MİMAR SİNA MAH.23 NİSAN CAD.,MİMAR SİNAN MAH
5321,TUZLA,100 MM ÇAPLI ŞEBEKE HATTI ARIZASI,26/12/2023 11:31:51,26/12/2023 18:30:00,MİMAR SİNAN MAH,MİMAR SİNAN MAH
5322,TUZLA,100 MM ÇAPLI ŞEBEKE HATTI ARIZASI,04/01/2024 13:19:43,04/01/2024 17:00:00,ORHANLI FETTAH BAŞARAN CAD,ORHANLI MAH
5323,TUZLA,250 MM ÇAPLI ŞEBEKE HATTI ARIZASI,13/02/2024 21:49:02,14/02/2024 11:00:00,ORHANLI FETTAH BAŞARAN CADDESİ,"FATİH MAH.,ORHANLI MAH"
5324,TUZLA,150 MM ÇAPLI ŞEBEKE HATTI ARIZASI,01/11/2023 11:14:37,01/11/2023 14:00:00,ORHANLI MAH BARBAROS CD ÜZERI,ORHANLI MAH
5325,TUZLA,100 MM ÇAPLI ŞEBEKE HATTI ARIZASI,01/11/2023 15:46:32,01/11/2023 21:00:00,ORHANLI MAH BARBAROS CD ÜZERI,ORHANLI MAH
5326,TUZLA,250 MM ÇAPLI ŞEBEKE HATTI ARIZASI,27/12/2023 20:03:42,28/12/2023 06:00:00,ORHANLI MAH FATTAH BAŞARAN CAD,"FATİH MAH.,ORHANLI MAH"
5327,TUZLA,ŞEBEKE HATTI DEPLASE ÇALIŞMASI,26/12/2023 23:26:38,27/12/2023 08:30:00,ORHANLI MAH FETTAH BAŞARAN CAD ÜZERI 300 LÜK BORU,"FATİH MAH.,MESCİT MAH.,ORHANLI MAH"
5328,TUZLA,ŞEBEKE HATTI DEPLASE ÇALIŞMASI,06/11/2023 20:09:42,07/11/2023 06:00:00,ORHANLI MAH FETTAHBAŞARAN CD ÜZERI,"FATİH MAH.,MESCİT MAH.,ORHANLI MAH"
5329,TUZLA,100 MM ÇAPLI ŞEBEKE HATTI ARIZASI,17/01/2024 21:04:50,18/01/2024 01:00:00,ORHANLI MAH HARİKA SK.,ORHANLI MAH
5330,TUZLA,100 MM ÇAPLI ŞEBEKE HATTI ARIZASI,22/12/2023 11:16:40,22/12/2023 13:30:00,ORHANLI MAH ULUBATLI HASAN CAD NO.26,ORHANLI MAH
5331,TUZLA,ŞEBEKE HATTI BRANŞMAN BAĞLANTISI,24/03/2023 10:40:25,24/03/2023 14:30:00,ORHANLI MAH. AYVAZPINAR  CD. ÜZERI,ORHANLI MAH
5332,TUZLA,100 MM ÇAPLI ŞEBEKE HATTI ARIZASI,04/05/2023 16:27:45,04/05/2023 20:30:00,ORHANLI MAH./AYVAZRINAR CAD.,ORHANLI MAH
5333,TUZLA,100 MM ÇAPLI ŞEBEKE HATTI ARIZASI,22/01/2024 16:40:42,22/01/2024 20:00:00,ORHANLI MAH.DOSTANE SK,ORHANLI MAH
5334,TUZLA,150 MM ÇAPLI ŞEBEKE HATTI ARIZASI,30/05/2023 19:40:12,31/05/2023 01:30:00,ORHANLI MAH.FETTAH BAŞARAN CAD.HOŞGÖRÜ SOKAK KESİŞİMİ,"MESCİT MAH.,ORHANLI MAH"
5335,TUZLA,100 MM ÇAPLI ŞEBEKE HATTI ARIZASI,18/02/2023 13:58:07,18/02/2023 17:00:00,ORHANLI MAH.GURBET SOKAK NO:8,ORHANLI MAH
5336,TUZLA,100 MM ÇAPLI ŞEBEKE HATTI ARIZASI,16/11/2023 14:07:35,16/11/2023 18:00:00,ORHANLI MAH.HAZNEDAR SK.,ORHANLI MAH
5337,TUZLA,100 MM ÇAPLI ŞEBEKE HATTI ARIZASI,28/12/2023 13:14:00,28/12/2023 17:00:00,ORHANLI MAH.HOŞGÖRÜ SOKAK,"MESCİT MAH.,ORHANLI MAH"
5338,TUZLA,ŞEBEKE HATTI DEPLASE ÇALIŞMASI,07/03/2023 09:19:01,07/03/2023 16:00:00,ORHANLI MAHALLESİ AYVAZPINAR CADDESİ İÇİ 150 LİK BORU DEPLASESİ İŞİ,ORHANLI MAH
5339,TUZLA,100 MM ÇAPLI ŞEBEKE HATTI ARIZASI,01/04/2023 10:09:23,01/04/2023 12:00:00,ORHANLI MAHALLESİ DOSTANE SOKAK NO:14 ÖNÜ PRİZ ARIZASI,ORHANLI MAH
5340,TUZLA,ŞEBEKE HATTI BRANŞMAN BAĞLANTISI,14/03/2023 12:14:04,14/03/2023 15:00:00,ORHANLI MAHALLESİ KURNA YOLU EBEDİ SOKAK İÇİ,ORHANLI MAH
5341,TUZLA,100 MM ÇAPLI ŞEBEKE HATTI ARIZASI,16/05/2023 09:48:30,16/05/2023 13:00:00,ORHANLI MAHALLESİ ÇAYIRLAR CADDESİ ÜZERİ BORU KIRIĞI,ORHANLI MAH
5342,TUZLA,100 MM ÇAPLI ŞEBEKE HATTI ARIZASI,05/02/2024 14:12:20,05/02/2024 21:00:00,ORHANLI MESCİT MAHALLESİ,ORHANLI MAH
5343,TUZLA,ENERJİ KESİNTİSİ,05/05/2023 23:32:32,06/05/2023 08:00:00,ORHANLI RÖLE,"AYDINLI MAH,FATİH MAH.,MESCİT MAH.,MİMAR SİNAN MAH,ORHANLI MAH,TEPEÖREN MAH.,ŞİFA MAH"
5344,TUZLA,TERFİ  MERKEZİ ARIZASI,14/06/2023 21:01:59,15/06/2023 02:00:00,ORHANLI RÖLE TERFİ,"AYDINLI MAH,FATİH MAH.,MESCİT MAH.,MİMAR SİNAN MAH,ORHANLI MAH,ORTA MAH.,TEPEÖREN MAH.,ŞİFA MAH"
5345,TUZLA,400 MM ÇAPLI ANA İSALE HATTI ARIZASI,05/08/2023 01:35:41,05/08/2023 04:00:00,ORHANLI TERFİ CAZİBE ÇIKIŞI,"ANADOLU MAH.,TEPEOREN İTOSB"
5346,TUZLA,400 MM ÇAPLI ANA İSALE HATTI ARIZASI,04/08/2023 22:28:58,05/08/2023 04:00:00,ORHANLI TERFİ CAZİBE ÇIKIŞI 400MM İSALE HATTI,"ANADOLU MAH.,AYDINLI MAH,FATİH MAH.,MESCİT MAH.,MİMAR SİNAN MAH,ORHANLI MAH,TEPEÖREN MAH.,ŞİFA MAH"
5347,TUZLA,100 MM ÇAPLI ŞEBEKE HATTI ARIZASI,09/08/2023 10:27:15,09/08/2023 13:00:00,ORTA MAH PREVEZE CAD,ORTA MAH.
5348,TUZLA,100 MM ÇAPLI ŞEBEKE HATTI ARIZASI,14/09/2023 10:26:31,14/09/2023 14:30:00,ORTA MAH PREVEZE CAD NO.51,"ORHANLI MAH,ORTA MAH."
5349,TUZLA,ŞEBEKE HATTI VANA ARIZASI,08/08/2023 10:46:35,08/08/2023 17:00:00,ORTA MAH.FÜRÜZE CAD.,ORTA MAH.
5350,TUZLA,100 MM ÇAPLI ŞEBEKE HATTI ARIZASI,07/07/2023 14:33:03,07/07/2023 17:30:00,POSTANE MAH DALGAKIRAN SOK ÜZERI,POSTANE MAH
5351,TUZLA,ŞEBEKE HATTI DEPLASE ÇALIŞMASI,01/09/2023 11:18:09,01/09/2023 13:30:00,POSTANE MAH GELİBOLU SOK,POSTANE MAH
5352,TUZLA,100 MM ÇAPLI ŞEBEKE HATTI ARIZASI,29/12/2023 14:59:48,29/12/2023 18:00:00,POSTANE MAH.MUHACİR SK.NO:5,POSTANE MAH
5353,TUZLA,100 MM ÇAPLI ŞEBEKE HATTI ARIZASI,07/12/2023 12:41:46,07/12/2023 15:00:00,POSTANE MAH.İLLER BANKASI SK.NO:28,POSTANE MAH
5354,TUZLA,ŞEBEKE HATTI BRANŞMAN BAĞLANTISI,30/03/2023 09:36:37,30/03/2023 12:00:00,TEOPEÖREN MAHALLESİ ULUDERE SOKAK İÇİ 100 LÜK BRANŞMAN BAĞLANTISI,TEPEÖREN MAH.
5355,TUZLA,100 MM ÇAPLI ŞEBEKE HATTI ARIZASI,29/09/2023 12:36:13,29/09/2023 17:00:00,TEPEÖREN  MAH AHENK SK.,TEPEÖREN MAH.
5356,TUZLA,100 MM ÇAPLI ŞEBEKE HATTI ARIZASI,15/11/2023 14:53:36,15/11/2023 18:00:00,TEPEÖREN DEVİŞPAŞA CD,TEPEÖREN MAH.
5357,TUZLA,ŞEBEKE HATTI BRANŞMAN BAĞLANTISI,20/09/2023 11:27:10,20/09/2023 18:00:00,TEPEÖREN GÜLBAHÇESİ SOK ÜZERİ,TEPEÖREN MAH.
5358,TUZLA,100 MM ÇAPLI ŞEBEKE HATTI ARIZASI,15/01/2024 16:16:45,15/01/2024 19:30:00,TEPEÖREN MAH  MIDANYA CAD,TEPEÖREN MAH.
5359,TUZLA,150 MM ÇAPLI ŞEBEKE HATTI ARIZASI,20/12/2023 16:49:51,20/12/2023 20:00:00,TEPEÖREN MAH AHENK SOK ÜZERI,TEPEÖREN MAH.
5360,TUZLA,150 MM ÇAPLI ŞEBEKE HATTI ARIZASI,05/01/2024 10:53:14,05/01/2024 14:00:00,TEPEÖREN MAH ATACAN SOKAK ÜZERİ,TEPEÖREN MAH.
5361,TUZLA,100 MM ÇAPLI ŞEBEKE HATTI ARIZASI,29/08/2023 10:30:43,29/08/2023 13:00:00,TEPEÖREN MAH DEDEOĞLU CAD,TEPEÖREN MAH.
5362,TUZLA,150 MM ÇAPLI ŞEBEKE HATTI ARIZASI,12/11/2023 14:55:17,12/11/2023 18:00:00,TEPEÖREN MAH DEDEOĞLU CAD İLE ANKARA CAD KESİŞİMİ,TEPEÖREN MAH.
5363,TUZLA,100 MM ÇAPLI ŞEBEKE HATTI ARIZASI,27/08/2023 09:28:25,27/08/2023 13:00:00,TEPEÖREN MAH ISTANBUL PARK CAD,TEPEÖREN MAH.
5364,TUZLA,150 MM ÇAPLI ŞEBEKE HATTI ARIZASI,03/08/2023 11:32:11,03/08/2023 17:00:00,TEPEÖREN MAH KARACABEY CD ÜZERI,TEPEÖREN MAH.
5365,TUZLA,100 MM ÇAPLI ŞEBEKE HATTI ARIZASI,18/07/2023 12:04:51,18/07/2023 14:00:00,TEPEÖREN MAH KAYALARSOK,TEPEÖREN MAH.
5366,TUZLA,100 MM ÇAPLI ŞEBEKE HATTI ARIZASI,05/06/2023 14:43:15,05/06/2023 17:00:00,TEPEÖREN MAH SAKARYA SOKAK GİRİŞİ,"FATİH MAH.,TEPEÖREN MAH."
5367,TUZLA,100 MM ÇAPLI ŞEBEKE HATTI ARIZASI,21/09/2023 13:15:10,21/09/2023 16:00:00,TEPEÖREN MAH TEPEÖREN CD ÜZERI,TEPEÖREN MAH.
5368,TUZLA,100 MM ÇAPLI ŞEBEKE HATTI ARIZASI,26/10/2023 16:59:01,26/10/2023 21:00:00,TEPEÖREN MAH İKBAL SK,TEPEÖREN MAH.
5369,TUZLA,100 MM ÇAPLI ŞEBEKE HATTI ARIZASI,21/10/2023 10:03:13,21/10/2023 19:00:00,TEPEÖREN MAH ŞEYH ŞAMİL CADDESİ,TEPEÖREN MAH.
5370,TUZLA,ŞEBEKE HATTI DEPLASE ÇALIŞMASI,10/10/2023 09:38:39,10/10/2023 17:00:00,TEPEÖREN MAH ŞEYH ŞAMİL SK İLE YALINAY SK KESİŞİMİ,"ANADOLU MAH.,TEPEÖREN MAH."
5371,TUZLA,100 MM ÇAPLI ŞEBEKE HATTI ARIZASI,13/01/2024 09:50:31,13/01/2024 15:00:00,TEPEÖREN MAH. ASIR SOKAK,TEPEÖREN MAH.
5372,TUZLA,100 MM ÇAPLI ŞEBEKE HATTI ARIZASI,28/12/2023 10:07:06,28/12/2023 19:30:00,TEPEÖREN MAH. KATİP SK.,TEPEÖREN MAH.
5373,TUZLA,100 MM ÇAPLI ŞEBEKE HATTI ARIZASI,22/06/2023 10:47:48,22/06/2023 13:00:00,TEPEÖREN MAH.ARVALI SOKAK,TEPEÖREN MAH.
5374,TUZLA,100 MM ÇAPLI ŞEBEKE HATTI ARIZASI,31/07/2023 11:00:51,31/07/2023 13:00:00,TEPEÖREN MAH.ECMEL SOK.NO:2,TEPEÖREN MAH.
5375,TUZLA,ŞEBEKE HATTI DEPLASE ÇALIŞMASI,15/11/2023 14:07:48,15/11/2023 16:00:00,TEPEÖREN MAH.ELMACIK CAD.,TEPEÖREN MAH.
5376,TUZLA,100 MM ÇAPLI ŞEBEKE HATTI ARIZASI,10/06/2023 09:40:43,10/06/2023 12:00:00,TEPEÖREN MAH.ESKİ ANKARA ASFALTI CADDESİ,TEPEÖREN MAH.
5377,TUZLA,100 MM ÇAPLI ŞEBEKE HATTI ARIZASI,28/10/2023 11:06:35,28/10/2023 15:00:00,TEPEÖREN MAH.KARACAOĞLAN SOK.NO:8,TEPEÖREN MAH.
5378,TUZLA,300 MM ÇAPLI ŞEBEKE HATTI ARIZASI,06/04/2023 18:11:02,06/04/2023 21:00:00,TEPEÖREN MAH.MEDENİYET BULVARI,TEPEÖREN MAH.
5379,TUZLA,ŞEBEKE HATTI VANA ARIZASI,02/06/2023 10:48:15,02/06/2023 13:00:00,TEPEÖREN MAH.MEDENİYET BULVARI NO:66,TEPEÖREN MAH.
5380,TUZLA,100 MM ÇAPLI ŞEBEKE HATTI ARIZASI,05/10/2023 13:40:02,05/10/2023 16:00:00,TEPEÖREN MAH.METEHAN SOK.,TEPEÖREN MAH.
5381,TUZLA,100 MM ÇAPLI ŞEBEKE HATTI ARIZASI,12/06/2023 10:41:48,12/06/2023 13:00:00,TEPEÖREN MAH.NENE HATUN SOKAK SONU,TEPEÖREN MAH.
5382,TUZLA,100 MM ÇAPLI ŞEBEKE HATTI ARIZASI,22/06/2023 14:07:00,22/06/2023 16:00:00,TEPEÖREN MAH.RESUL SOK.,TEPEÖREN MAH.
5383,TUZLA,100 MM ÇAPLI ŞEBEKE HATTI ARIZASI,21/03/2023 09:32:58,21/03/2023 14:30:00,TEPEÖREN MAH.İSTANBUL PARK BULVARI,TEPEÖREN MAH.
5384,TUZLA,ŞEBEKE HATTI DEPLASE ÇALIŞMASI,14/10/2023 16:01:04,14/10/2023 19:01:00,TEPEÖREN MAH.ŞEYH ŞAMİL CAD.,TEPEÖREN MAH.
5385,TUZLA,150 MM ÇAPLI ŞEBEKE HATTI ARIZASI,23/10/2023 11:48:40,23/10/2023 19:00:00,TEPEÖREN MAH.ŞEYH ŞAMİL CAD.,TEPEÖREN MAH.
5386,TUZLA,100 MM ÇAPLI ŞEBEKE HATTI ARIZASI,26/07/2023 10:34:14,26/07/2023 20:30:00,TEPEÖREN MAHALLESİ,TEPEÖREN MAH.
5387,TUZLA,100 MM ÇAPLI ŞEBEKE HATTI ARIZASI,31/10/2023 14:20:55,31/10/2023 15:30:00,TEPEÖREN MAHALLESİ,"ANADOLU MAH.,TEPEÖREN MAH."
5388,TUZLA,100 MM ÇAPLI ŞEBEKE HATTI ARIZASI,17/01/2024 10:19:32,17/01/2024 17:00:00,TEPEÖREN MAHALLESİ,"FATİH MAH.,TEPEÖREN MAH."
5389,TUZLA,150 MM ÇAPLI ŞEBEKE HATTI ARIZASI,06/02/2024 13:37:21,06/02/2024 17:00:00,TEPEÖREN MAHALLESİ  KARADAĞ CADDESİ,TEPEÖREN MAH.
5390,TUZLA,100 MM ÇAPLI ŞEBEKE HATTI ARIZASI,24/07/2023 14:31:46,24/07/2023 17:30:00,TEPEÖREN MAHALLESİ ISLAHAT SOKAK,TEPEÖREN MAH.
5391,TUZLA,150 MM ÇAPLI ŞEBEKE HATTI ARIZASI,08/04/2023 15:52:55,08/04/2023 18:00:00,TEPEÖREN MAHALLESİ LOKMAN CADDESİ BORU KIRIĞI,TEPEÖREN MAH.
5392,TUZLA,300 MM ÇAPLI ŞEBEKE HATTI ARIZASI,06/04/2023 09:50:06,06/04/2023 18:00:00,TEPEÖREN MAHALLESİ MEDENİYET BULVARI CADEESİ İLE TEMEL SOKAK KESİŞİMİ,TEPEÖREN MAH.
5393,TUZLA,ŞEBEKE HATTI BRANŞMAN BAĞLANTISI,09/03/2023 09:50:37,09/03/2023 12:00:00,TEPEÖREN MAHALLESİ TURGUT REİS İLE AHENK SOKAK KESİŞİMİ,TEPEÖREN MAH.
5394,TUZLA,100 MM ÇAPLI ŞEBEKE HATTI ARIZASI,31/10/2023 10:19:43,31/10/2023 13:00:00,TEPEÖREN MAHALLESİ ŞEYHŞAMİL CADDESİ,TEPEÖREN MAH.
5395,TUZLA,ŞEBEKE HATTI BRANŞMAN BAĞLANTISI,12/08/2023 14:21:09,12/08/2023 16:30:00,TEPEÖREN MAHALLESİ/TEPEÖREN YOLU SOKAK,TEPEÖREN MAH.
5396,TUZLA,100 MM ÇAPLI ŞEBEKE HATTI ARIZASI,25/08/2023 16:42:23,25/08/2023 20:00:00,TEPEÖREN MH KARADAĞ SK NO 18,TEPEÖREN MAH.
5397,TUZLA,ENERJİ KESİNTİSİ,31/08/2023 09:48:30,31/08/2023 11:00:00,TEPEÖREN TERFİ,"AKFIRAT MAH.,TEPEÖREN MAH."
5398,TUZLA,TERFİ  MERKEZİ ARIZASI,14/12/2023 10:06:08,14/12/2023 16:00:00,TEPEÖREN TERFİ,"AKFIRAT MAH.,TEPEÖREN MAH."
5399,TUZLA,100 MM ÇAPLI ŞEBEKE HATTI ARIZASI,25/07/2023 10:08:40,25/07/2023 11:30:00,TUZLA /İÇMELER,İÇMELER MAH
5400,TUZLA,100 MM ÇAPLI ŞEBEKE HATTI ARIZASI,07/09/2023 10:29:56,07/09/2023 12:30:00,TUZLA /İÇMELER İNCESU SOKAK,İÇMELER MAH
5401,TUZLA,100 MM ÇAPLI ŞEBEKE HATTI ARIZASI,05/12/2023 11:27:01,05/12/2023 17:30:00,TUZLA AYDINLI MAH.BAŞKOMUTAN CD,AYDINLI MAH
5402,TUZLA,100 MM ÇAPLI ŞEBEKE HATTI ARIZASI,30/07/2023 18:18:13,30/07/2023 20:30:00,TUZLA AYDINLI MAHALLESİ,AYDINLI MAH
5403,TUZLA,400 MM ÇAPLI ANA İSALE HATTI ARIZASI,18/10/2023 08:32:39,19/10/2023 04:00:00,TUZLA AYDINLI MEVKİ,"AYDINLI MAH,MİMAR SİNAN MAH,ŞİFA MAH"
5404,TUZLA,400 MM ÇAPLI ANA İSALE HATTI ARIZASI,07/07/2023 12:10:23,07/07/2023 17:00:00,TUZLA AYDINLI PATLAYICI MADDELER YOLU,"AYDINLI MAH,MİMAR SİNAN MAH,ŞİFA MAH"
5405,TUZLA,300 MM ÇAPLI ŞEBEKE HATTI ARIZASI,15/08/2023 19:26:27,15/08/2023 23:30:00,TUZLA TEPEÖREN MAH MEDENİYETBULVARI CAD.,TEPEÖREN MAH.
5406,TUZLA,300 MM ÇAPLI ŞEBEKE HATTI ARIZASI,22/11/2023 15:28:19,22/11/2023 22:30:00,TUZLA İSTASYON MAH.,"CAMİ MAH,İSTASYON MAH"
5407,TUZLA,100 MM ÇAPLI ŞEBEKE HATTI ARIZASI,04/07/2023 13:59:50,04/07/2023 15:00:00,TUZLA İSTASYON MAHALLESİ NAİL BEY SOKAK PRİZ ARIZASI,İSTASYON MAH
5408,TUZLA,400 MM ÇAPLI ANA İSALE HATTI ARIZASI,21/11/2023 10:06:40,21/11/2023 21:00:00,TUZLA-AYDINLI MAH.,"AYDINLI MAH,MİMAR SİNAN MAH,ŞİFA MAH"
5409,TUZLA,ANA İSALE HATTI DEPLASE ÇALIŞMASI,26/07/2023 20:55:48,27/07/2023 05:00:00,TUZLA-ORHANLI,"ANADOLU MAH.,AYDINLI MAH,FATİH MAH.,MESCİT MAH.,MİMAR SİNAN MAH,ORHANLI MAH,TEPEÖREN MAH.,ŞİFA MAH"
5410,TUZLA,ANA İSALE HATTI DEPLASE ÇALIŞMASI,24/08/2023 09:57:38,24/08/2023 22:00:00,TUZLA-TEPEÖREN,"FATİH MAH.,TEPEÖREN MAH."
5411,TUZLA,100 MM ÇAPLI ŞEBEKE HATTI ARIZASI,09/07/2023 14:14:42,09/07/2023 17:00:00,YAYLA MAH BILGENUR SOK SOK GIRIŞI,YAYLA MAH
5412,TUZLA,ŞEBEKE HATTI VANA MONTAJI/DEĞİŞİMİ,26/04/2023 10:19:43,26/04/2023 14:00:00,YAYLA MAH SILA SOK YANGIN HIDRANT DEĞIŞIMI,YAYLA MAH
5413,TUZLA,100 MM ÇAPLI ŞEBEKE HATTI ARIZASI,17/04/2023 11:40:05,17/04/2023 15:00:00,YAYLA MAHALLESİ FUJİYAMA SOKAK PRİZ KÖRLEME ÇALIŞMASI,YAYLA MAH
5414,TUZLA,300 MM ÇAPLI ŞEBEKE HATTI ARIZASI,17/01/2024 18:12:02,18/01/2024 08:00:00,İSTASYON MAH İSTASYON CAD NO.179,"AYDINTEPE MAH,CAMİ MAH,EVLİYA ÇELEBİ MAH,POSTANE MAH,YAYLA MAH,İSTASYON MAH"
5415,TUZLA,100 MM ÇAPLI ŞEBEKE HATTI ARIZASI,07/02/2024 15:10:16,07/02/2024 16:30:00,İSTASYON MAH./AKAY SOKAK,İSTASYON MAH
5416,TUZLA,100 MM ÇAPLI ŞEBEKE HATTI ARIZASI,07/10/2023 11:08:11,07/10/2023 13:00:00,İSTASYON MAH.İSTASYON CAD.NO:163,"CAMİ MAH,POSTANE MAH,İSTASYON MAH"
5417,TUZLA,ŞEBEKE HATTI DEPLASE ÇALIŞMASI,30/11/2023 10:56:02,30/11/2023 15:00:00,İÇMELER MAH,İÇMELER MAH
5418,TUZLA,100 MM ÇAPLI ŞEBEKE HATTI ARIZASI,30/09/2023 10:56:21,30/09/2023 15:00:00,İÇMELER MAH İNCESU SK,İÇMELER MAH
5419,TUZLA,100 MM ÇAPLI ŞEBEKE HATTI ARIZASI,26/07/2023 11:34:30,26/07/2023 13:30:00,İÇMELER MAHALLESİ,İÇMELER MAH
5420,TUZLA,100 MM ÇAPLI ŞEBEKE HATTI ARIZASI,27/11/2023 15:08:42,27/11/2023 18:00:00,İÇMELER SERDAR SK,İÇMELER MAH
5421,TUZLA,100 MM ÇAPLI ŞEBEKE HATTI ARIZASI,14/06/2023 14:42:20,14/06/2023 16:00:00,ŞİFA MAH,"MİMAR SİNAN MAH,ŞİFA MAH"
5422,TUZLA,100 MM ÇAPLI ŞEBEKE HATTI ARIZASI,08/02/2024 13:15:14,08/02/2024 16:30:00,ŞİFA MAH,"MİMAR SİNAN MAH,ŞİFA MAH"
5423,TUZLA,100 MM ÇAPLI ŞEBEKE HATTI ARIZASI,26/08/2023 12:57:22,26/08/2023 17:00:00,ŞİFA MAH ASİL SK,"MİMAR SİNAN MAH,ŞİFA MAH"
5424,TUZLA,100 MM ÇAPLI ŞEBEKE HATTI ARIZASI,09/11/2023 11:40:44,09/11/2023 15:00:00,ŞİFA MAH ASİL SK.,"MİMAR SİNAN MAH,ŞİFA MAH"
5425,ZEYTİNBURNU,800 MM ÇAPLI ANA İSALE HATTI ARIZASI,16/06/2023 13:51:47,16/06/2023 17:00:00,BAYRAMPAŞA-MALTEPE CADDESİ,MALTEPE MAH
5426,ZEYTİNBURNU,100 MM ÇAPLI ŞEBEKE HATTI ARIZASI,27/07/2023 16:21:13,27/07/2023 19:00:00,BEŞTELSİZ 118 SK İLE 116. SK KESİŞİM,"BEŞTELSİZ MAH,VELİEFENDİ MAH,ÇIRPICI MAH"
5427,ZEYTİNBURNU,100 MM ÇAPLI ŞEBEKE HATTI ARIZASI,13/04/2023 11:16:17,13/04/2023 14:00:00,BEŞTELSİZ MAH 130. SK,BEŞTELSİZ MAH
5428,ZEYTİNBURNU,100 MM ÇAPLI ŞEBEKE HATTI ARIZASI,18/02/2023 12:10:41,18/02/2023 14:00:00,BEŞTELSİZ MAHALLESİ 105/2 SOKAK,BEŞTELSİZ MAH
5429,ZEYTİNBURNU,100 MM ÇAPLI ŞEBEKE HATTI ARIZASI,24/07/2023 12:40:08,24/07/2023 16:00:00,BEŞTELSİZ MH  113/1 SK,BEŞTELSİZ MAH
5430,ZEYTİNBURNU,100 MM ÇAPLI ŞEBEKE HATTI ARIZASI,26/09/2023 10:27:15,26/09/2023 14:00:00,GÖKALP MAH  48/2. SK NO:4,"GÖKALP MAH,YENİDOĞAN MAH"
5431,ZEYTİNBURNU,100 MM ÇAPLI ŞEBEKE HATTI ARIZASI,06/03/2023 15:35:11,06/03/2023 18:00:00,GÖKALP MAH MEKTEP ÖNÜ SK NO:6,"GÖKALP MAH,YENİDOĞAN MAH"
5432,ZEYTİNBURNU,100 MM ÇAPLI ŞEBEKE HATTI ARIZASI,26/12/2023 12:46:45,26/12/2023 18:00:00,GÖKALP MAHALLESİ,"NURİPAŞA MAH,SÜMER MAH"
5433,ZEYTİNBURNU,100 MM ÇAPLI ŞEBEKE HATTI ARIZASI,21/12/2023 11:05:52,21/12/2023 14:00:00,GÖKALP MAHALLESİ 46 SOKAK NO:85,GÖKALP MAH
5434,ZEYTİNBURNU,1000 MM ÇAPLI ANA İSALE HATTI ARIZASI,09/08/2023 22:59:46,10/08/2023 07:00:00,HACIKADIN CADDESİ,MALTEPE MAH
5435,ZEYTİNBURNU,ARIZA SEBEBİ İLE BASINÇ DÜŞÜKLÜĞÜ,19/12/2023 21:58:28,20/12/2023 08:00:00,HAREM 2200 MM İSALE HATTI,"BEŞTELSİZ MAH,GÖKALP MAH,KAZLIÇEŞME MAH,MALTEPE MAH,NURİPAŞA MAH,SÜMER MAH,TELSİZ MAH,VELİEFENDİ MAH,VELİEFENDİ MAH,YENİDOĞAN MAH,YEŞİLTEPE MAH,ÇIRPICI MAH"
5436,ZEYTİNBURNU,ARIZA SEBEBİ İLE BASINÇ DÜŞÜKLÜĞÜ,21/12/2023 21:05:31,22/12/2023 06:00:00,K.ÇAMLICA-SALACAK 2200 MM İSALE HATTI,"BEŞTELSİZ MAH,GÖKALP MAH,KAZLIÇEŞME MAH,MALTEPE MAH,MERKEZEFENDİ MAH,NURİPAŞA MAH,SEYİTNİZAM MAH,SÜMER MAH,TELSİZ MAH,VELİEFENDİ MAH,YENİDOĞAN MAH,YEŞİLTEPE MAH,ÇIRPICI MAH"
5437,ZEYTİNBURNU,100 MM ÇAPLI ŞEBEKE HATTI ARIZASI,22/08/2023 09:22:07,22/08/2023 13:00:00,KAZLIÇEŞME MAH 10. YIL CD,"KAZLIÇEŞME MAH,TELSİZ MAH"
5438,ZEYTİNBURNU,100 MM ÇAPLI ŞEBEKE HATTI ARIZASI,10/08/2023 10:23:02,10/08/2023 17:00:00,KAZLIÇEŞME MAH.10 YIL  CD.,KAZLIÇEŞME MAH
5439,ZEYTİNBURNU,100 MM ÇAPLI ŞEBEKE HATTI ARIZASI,16/08/2023 09:30:25,16/08/2023 16:00:00,KAZLIÇEŞME MAH.10 YIL  CD.,KAZLIÇEŞME MAH
5440,ZEYTİNBURNU,100 MM ÇAPLI ŞEBEKE HATTI ARIZASI,28/07/2023 14:22:24,28/07/2023 17:00:00,KAZLIÇEŞME MAHALLESİ 10.YIL CADDESİ,KAZLIÇEŞME MAH
5441,ZEYTİNBURNU,100 MM ÇAPLI ŞEBEKE HATTI ARIZASI,29/11/2023 14:32:26,29/11/2023 18:00:00,MALTEPE MAH BESTEKAR MEDENİ AZİZ EFENDİ SK,MALTEPE MAH
5442,ZEYTİNBURNU,100 MM ÇAPLI ŞEBEKE HATTI ARIZASI,04/12/2023 15:02:41,04/12/2023 19:00:00,MALTEPE MAH CEBE ALİ BEY SK,MALTEPE MAH
5443,ZEYTİNBURNU,100 MM ÇAPLI ŞEBEKE HATTI ARIZASI,17/08/2023 09:49:43,17/08/2023 13:00:00,MALTEPE MAH EDİRNE ÇIRPICI YOLU SK,MALTEPE MAH
5444,ZEYTİNBURNU,100 MM ÇAPLI ŞEBEKE HATTI ARIZASI,04/01/2024 15:42:12,04/01/2024 17:00:00,MALTEPE MAH YOL SK,MALTEPE MAH
5445,ZEYTİNBURNU,100 MM ÇAPLI ŞEBEKE HATTI ARIZASI,26/02/2023 13:04:51,26/02/2023 16:00:00,MALTEPE MAH.YILANLI AYAZMA SK 324 SK KESİŞİMİ,MALTEPE MAH
5446,ZEYTİNBURNU,100 MM ÇAPLI ŞEBEKE HATTI ARIZASI,07/03/2023 13:55:58,07/03/2023 18:00:00,MEHMET AKİF ERSOY MAHALLESİ MERMER SOKAK,ÇIRPICI MAH
5447,ZEYTİNBURNU,100 MM ÇAPLI ŞEBEKE HATTI ARIZASI,15/09/2023 13:51:55,15/09/2023 16:00:00,MERKEZEFENDI MH  6/51 SK NO 1,MERKEZEFENDİ MAH
5448,ZEYTİNBURNU,100 MM ÇAPLI ŞEBEKE HATTI ARIZASI,23/03/2023 10:26:19,23/03/2023 14:00:00,MERKEZEFENDİ MAH DERE SK,MERKEZEFENDİ MAH
5449,ZEYTİNBURNU,100 MM ÇAPLI ŞEBEKE HATTI ARIZASI,07/04/2023 10:39:48,07/04/2023 13:00:00,MERKEZEFENDİ MAH G/44. SK NO:4,MERKEZEFENDİ MAH
5450,ZEYTİNBURNU,100 MM ÇAPLI ŞEBEKE HATTI ARIZASI,15/11/2023 15:36:48,15/11/2023 19:00:00,MERKEZEFENDİ MAH G/52. SK NO:32,MERKEZEFENDİ MAH
5451,ZEYTİNBURNU,100 MM ÇAPLI ŞEBEKE HATTI ARIZASI,17/07/2023 14:58:53,17/07/2023 18:00:00,MERKEZEFENDİ MAH SABRİ OBENİK SK NO:22,MERKEZEFENDİ MAH
5452,ZEYTİNBURNU,100 MM ÇAPLI ŞEBEKE HATTI ARIZASI,01/12/2023 16:08:24,01/12/2023 19:00:00,MERKEZEFENDİ MAHALLESİ G/45 SOKAK,MERKEZEFENDİ MAH
5453,ZEYTİNBURNU,500 MM ÇAPLI ANA İSALE HATTI ARIZASI,23/02/2023 21:57:28,24/02/2023 05:00:00,MERTER,MALTEPE MAH
5454,ZEYTİNBURNU,ENERJİ KESİNTİSİ,30/11/2023 16:22:05,30/11/2023 19:00:00,MÜNZEVI TERFI,MALTEPE MAH
5455,ZEYTİNBURNU,ENERJİ KESİNTİSİ,05/04/2023 10:26:28,05/04/2023 13:00:00,MÜNZEVİ TERFİ,MALTEPE MAH
5456,ZEYTİNBURNU,ENERJİ KESİNTİSİ,10/07/2023 16:07:39,10/07/2023 19:00:00,MÜNZEVİ TERFİ,MALTEPE MAH
5457,ZEYTİNBURNU,ARIZA SEBEBİ İLE BASINÇ DÜŞÜKLÜĞÜ,17/09/2023 18:40:40,18/09/2023 03:00:00,MÜNZEVİ TERFİ,"BEŞTELSİZ MAH,GÖKALP MAH,KAZLIÇEŞME MAH,NURİPAŞA MAH,SEYİTNİZAM MAH,SÜMER MAH,TELSİZ MAH,VELİEFENDİ MAH,YENİDOĞAN MAH,YEŞİLTEPE MAH,ZEYTİNBURNU-STANDARTDIŞI ADRES,ÇIRPICI MAH"
5458,ZEYTİNBURNU,TERFİ  MERKEZİ ARIZASI,08/12/2023 01:58:05,08/12/2023 09:00:00,MÜNZEVİ TERFİ,MALTEPE MAH
5459,ZEYTİNBURNU,800 MM ÇAPLI ANA İSALE HATTI ARIZASI,11/06/2023 16:16:26,11/06/2023 22:00:00,MÜNZEVİ TERFİ MERKEZİ TESİS İÇİ,"MALTEPE MAH,MERKEZEFENDİ MAH"
5460,ZEYTİNBURNU,100 MM ÇAPLI ŞEBEKE HATTI ARIZASI,18/04/2023 12:07:55,18/04/2023 16:00:00,NURİPAŞA MAH 22/3 SK İLE ZÜBEYDE HANIM CD KESİŞİM,"NURİPAŞA MAH,SÜMER MAH"
5461,ZEYTİNBURNU,100 MM ÇAPLI ŞEBEKE HATTI ARIZASI,18/10/2023 16:55:13,18/10/2023 19:00:00,NURİPAŞA MAH 61/1. SK NO.11,"NURİPAŞA MAH,SÜMER MAH"
5462,ZEYTİNBURNU,100 MM ÇAPLI ŞEBEKE HATTI ARIZASI,14/03/2023 15:03:26,14/03/2023 17:00:00,NURİPAŞA MAH ZÜBEYDE HANIM CD. NO:284,"NURİPAŞA MAH,SÜMER MAH"
5463,ZEYTİNBURNU,100 MM ÇAPLI ŞEBEKE HATTI ARIZASI,23/06/2023 15:45:08,23/06/2023 17:00:00,NURİPAŞA MH  64/4 SK,"NURİPAŞA MAH,SÜMER MAH"
5464,ZEYTİNBURNU,100 MM ÇAPLI ŞEBEKE HATTI ARIZASI,18/11/2023 12:48:01,18/11/2023 17:00:00,SEYİTNİZAM MAHALLESİ MEVLANA CADDESİ,SEYİTNİZAM MAH
5465,ZEYTİNBURNU,100 MM ÇAPLI ŞEBEKE HATTI ARIZASI,09/12/2023 10:45:29,09/12/2023 14:00:00,SUMERKEZEFENDİ MAH G/54 SK NO:24,MERKEZEFENDİ MAH
5466,ZEYTİNBURNU,100 MM ÇAPLI ŞEBEKE HATTI ARIZASI,03/08/2023 15:24:49,03/08/2023 18:00:00,SÜMER MAH 26/2. SK NO:16,"NURİPAŞA MAH,SÜMER MAH"
5467,ZEYTİNBURNU,100 MM ÇAPLI ŞEBEKE HATTI ARIZASI,17/01/2024 15:11:26,17/01/2024 17:00:00,SÜMER MAH 5 SK NO:27,"NURİPAŞA MAH,SÜMER MAH"
5468,ZEYTİNBURNU,100 MM ÇAPLI ŞEBEKE HATTI ARIZASI,16/01/2024 10:26:16,16/01/2024 14:00:00,SÜMER MAH 8. SK NO 32,"NURİPAŞA MAH,SÜMER MAH"
5469,ZEYTİNBURNU,ŞEBEKE HATTI VANA ARIZASI,14/10/2023 10:45:04,14/10/2023 14:00:00,SÜMER MAHALLESİ ZÜBEYDEHANIM CAD.,"NURİPAŞA MAH,SÜMER MAH"
5470,ZEYTİNBURNU,ŞEBEKE HATTI VANA MONTAJI/DEĞİŞİMİ,04/05/2023 11:19:44,04/05/2023 16:00:00,SÜMER MH  ADNAN KAHVECI SK,"NURİPAŞA MAH,SÜMER MAH"
5471,ZEYTİNBURNU,100 MM ÇAPLI ŞEBEKE HATTI ARIZASI,23/12/2023 11:13:54,23/12/2023 15:00:00,TELSİZ MAH 85/5 SK NO:3,TELSİZ MAH
5472,ZEYTİNBURNU,100 MM ÇAPLI ŞEBEKE HATTI ARIZASI,05/01/2024 16:46:11,05/01/2024 18:00:00,TELSİZ MH  BALIKLI KAZLI ÇEŞMEGÖKALP MAHALLESİ 46 SOKAK NO:85,TELSİZ MAH
5473,ZEYTİNBURNU,100 MM ÇAPLI ŞEBEKE HATTI ARIZASI,07/03/2023 13:42:16,07/03/2023 17:00:00,VELİEFENDİ MAH  75/2 SK,"VELİEFENDİ MAH,ÇIRPICI MAH"
5474,ZEYTİNBURNU,100 MM ÇAPLI ŞEBEKE HATTI ARIZASI,23/11/2023 11:26:25,23/11/2023 21:00:00,VELİEFENDİ MAH  75/2 SK,"BEŞTELSİZ MAH,VELİEFENDİ MAH,ÇIRPICI MAH"
5475,ZEYTİNBURNU,100 MM ÇAPLI ŞEBEKE HATTI ARIZASI,10/11/2023 10:11:44,10/11/2023 13:00:00,VELİEFENDİ MAH  8. BAĞ SK NO:2,"VELİEFENDİ MAH,YEŞİLTEPE MAH"
5476,ZEYTİNBURNU,100 MM ÇAPLI ŞEBEKE HATTI ARIZASI,16/11/2023 11:47:02,16/11/2023 14:00:00,VELİEFENDİ MAH YEŞİLYOL E SK NO:21,"VELİEFENDİ MAH,ÇIRPICI MAH"
5477,ZEYTİNBURNU,ANA İSALE HATTINA DEBİMETRE MONTAJI / DEĞİŞİMİ,17/04/2023 09:01:43,17/04/2023 15:00:00,VELİEFENDİ MAHALLESİ İSALE HATTI,"VELİEFENDİ MAH,ÇIRPICI MAH"
5478,ZEYTİNBURNU,100 MM ÇAPLI ŞEBEKE HATTI ARIZASI,17/11/2023 16:23:17,17/11/2023 19:00:00,VELİEFENDİ MH,VELİEFENDİ MAH
5479,ZEYTİNBURNU,100 MM ÇAPLI ŞEBEKE HATTI ARIZASI,31/01/2024 10:38:38,31/01/2024 13:00:00,YENİDOĞAN MAH 44. SK NO.53,"GÖKALP MAH,YENİDOĞAN MAH"
5480,ZEYTİNBURNU,ANA İSALE HATTI VANA ARIZASI,25/08/2023 01:08:56,25/08/2023 07:00:00,ZEYTİNBURNU BELEDİYE CADDESİ MEVKİ,"BEŞTELSİZ MAH,GÖKALP MAH,NURİPAŞA MAH,SÜMER MAH,TELSİZ MAH,VELİEFENDİ MAH,YENİDOĞAN MAH,ÇIRPICI MAH"
5481,ZEYTİNBURNU,800 MM ÇAPLI ANA İSALE HATTI ARIZASI,18/01/2024 03:21:08,18/01/2024 10:00:00,ZEYTİNBURNU KAZLIÇEŞME,"BEŞTELSİZ MAH,GÖKALP MAH,KAZLIÇEŞME MAH,NURİPAŞA MAH,SÜMER MAH,TELSİZ MAH,VELİEFENDİ MAH,YEŞİLTEPE MAH,ÇIRPICI MAH"
5482,ZEYTİNBURNU,100 MM ÇAPLI ŞEBEKE HATTI ARIZASI,15/05/2023 10:31:25,15/05/2023 13:00:00,ZEYTİNBURNU MALTEPE MAH.KARACA BEY SK,MALTEPE MAH
5483,ZEYTİNBURNU,400 MM ÇAPLI ANA İSALE HATTI ARIZASI,21/02/2023 15:08:33,21/02/2023 18:00:00,ZEYTİNBURNU-KAZLIÇEŞME 10 YIL CAD.,"BEŞTELSİZ MAH,GÖKALP MAH,TELSİZ MAH,YENİDOĞAN MAH"
5484,ZEYTİNBURNU,ARIZA SEBEBİ İLE BASINÇ DÜŞÜKLÜĞÜ,25/07/2023 13:02:05,25/07/2023 17:00:00,ZÜBEYDE HANIM CADDESİ,"GÖKALP MAH,NURİPAŞA MAH,SÜMER MAH,YENİDOĞAN MAH,YEŞİLTEPE MAH"
5485,ZEYTİNBURNU,100 MM ÇAPLI ŞEBEKE HATTI ARIZASI,18/07/2023 11:58:50,18/07/2023 15:00:00,ÇIRPICI MAH MODABAĞ 1. ARA SK,ÇIRPICI MAH
5486,ZEYTİNBURNU,100 MM ÇAPLI ŞEBEKE HATTI ARIZASI,08/05/2023 12:28:42,08/05/2023 16:00:00,ÇIRPICI MAH ÇINAR 10. SK NO:1,ÇIRPICI MAH
5487,ZEYTİNBURNU,100 MM ÇAPLI ŞEBEKE HATTI ARIZASI,15/02/2024 15:49:54,15/02/2024 18:00:00,ÇIRPICI MAH ÇINAR 4. SK NO:1,ÇIRPICI MAH
5488,ZEYTİNBURNU,100 MM ÇAPLI ŞEBEKE HATTI ARIZASI,15/02/2024 11:49:11,15/02/2024 14:00:00,ÇIRPICI MH  ÇINAR 4 SK,ÇIRPICI MAH
5489,ÇATALCA,150 MM ÇAPLI ŞEBEKE HATTI ARIZASI,11/05/2023 17:37:44,11/05/2023 20:00:00,AKALAN MAH.OCAKLAR SK.,AKALAN MAH
5490,ÇATALCA,100 MM ÇAPLI ŞEBEKE HATTI ARIZASI,25/10/2023 11:36:11,25/10/2023 14:24:00,ATATÜRK MAH. SEVCAN SOK.,"ATATÜRK MAH.,FATİH MAH."
5491,ÇATALCA,100 MM ÇAPLI ŞEBEKE HATTI ARIZASI,13/09/2023 13:22:34,13/09/2023 16:37:00,ATATÜRK MAH.ÇAMOLUK SK.,"ATATÜRK MAH.,ATATÜRK MAH.,ATATÜRK MAH.,ATATÜRK MAH.,ATATÜRK MAH."
5492,ÇATALCA,ŞEBEKE HATTI BRANŞMAN BAĞLANTISI,29/04/2023 11:40:59,29/04/2023 16:16:00,AYDINLAR MAHALLESİ AYPARE SOKAK HALI SAHA YANI,AYDINLAR MAH
5493,ÇATALCA,1400 MM ÇAPLI ANA İSALE HATTI ARIZASI,28/11/2023 14:07:55,28/11/2023 18:00:00,B.ÇEKMECE MİMARSİNAN,"ELBASAN MAH,FATİH MAH.,KALEİÇİ MAH.,MURATBEY MERKEZ MAH.,OVAYENİCE MAH.,ÇAKIL MAH."
5494,ÇATALCA,1400 MM ÇAPLI ANA İSALE HATTI ARIZASI,28/11/2023 19:27:56,28/11/2023 22:00:00,B.ÇEKMECE MİMARSİNAN,"ELBASAN MAH,FERHATPAŞA MAH,KALEİÇİ MAH.,MURATBEY MERKEZ MAH.,OVAYENİCE MAH.,ÇAKIL MAH."
5495,ÇATALCA,100 MM ÇAPLI ŞEBEKE HATTI ARIZASI,04/05/2023 09:33:15,04/05/2023 13:58:00,BAHŞAYIŞ MAHALLESİ ATABEY CADDE,BAHŞAYİŞ MAH.
5496,ÇATALCA,100 MM ÇAPLI ŞEBEKE HATTI ARIZASI,19/07/2023 17:17:05,19/07/2023 19:00:00,BAHŞAYİŞ MAH ATABEY CADDE,BAHŞAYİŞ MAH.
5497,ÇATALCA,100 MM ÇAPLI ŞEBEKE HATTI ARIZASI,11/09/2023 19:57:06,11/09/2023 22:00:00,BAHŞAYİŞ MAH KURUÇEŞME CAD,BAHŞAYİŞ MAH.
5498,ÇATALCA,100 MM ÇAPLI ŞEBEKE HATTI ARIZASI,15/05/2023 11:28:05,15/05/2023 14:33:00,BAHŞAYİŞ MAH.ATABEY CD.,BAHŞAYİŞ MAH.
5499,ÇATALCA,100 MM ÇAPLI ŞEBEKE HATTI ARIZASI,14/07/2023 15:11:36,14/07/2023 17:18:00,BAHŞAYİŞ MAH.ÇANAKKALE CD.,BAHŞAYİŞ MAH.
5500,ÇATALCA,ŞEBEKE HATTI BRANŞMAN BAĞLANTISI,29/04/2023 09:34:32,29/04/2023 15:00:00,BERHUDAR SOKAK NO:50 ELA SOKAK KESIŞIMI,"ÇAKIL MAH.,ÇAKIL MAH.,ÇAKIL MAH.,ÇAKIL MAH.,ÇAKIL MAH.,ÇAKIL MAH.,ÇAKIL MAH.,ÇAKIL MAH.,ÇAKIL MAH.,ÇAKIL MAH.,ÇAKIL MAH.,ÇAKIL MAH."
5501,ÇATALCA,BASINÇ DÜŞÜKLÜĞÜ,28/11/2023 11:12:25,28/11/2023 12:15:00,BÜYÜKÇEKMECE,"FERHATPAŞA MAH,KALEİÇİ MAH."
5502,ÇATALCA,BASINÇ DÜŞÜKLÜĞÜ,23/09/2023 13:37:35,23/09/2023 14:58:00,BÜYÜKÇEKMECE SU ARITMA,"FERHATPAŞA MAH,KALEİÇİ MAH."
5503,ÇATALCA,ANA İSALE HATTI DEPLASE ÇALIŞMASI,14/11/2023 08:58:05,14/11/2023 21:00:00,BÜYÜKÇEKMECE-SİLİVRİ,"ELBASAN MAH,FERHATPAŞA MAH,KALEİÇİ MAH.,MURATBEY MERKEZ MAH.,OVAYENİCE MAH.,ÇAKIL MAH."
5504,ÇATALCA,BASINÇ DÜŞÜKLÜĞÜ,08/08/2023 11:14:18,08/08/2023 14:52:00,BİNKILIÇ MAH. DANAMANDIRA TERFİ MERK.,"ATATÜRK MAH.,FATİH MAH."
5505,ÇATALCA,BASINÇ DÜŞÜKLÜĞÜ,07/08/2023 13:26:38,07/08/2023 23:58:00,BİNKILIÇ MAHALLESİ,"ATATÜRK MAH.,FATİH MAH."
5506,ÇATALCA,500 MM ÇAPLI ANA İSALE HATTI ARIZASI,19/12/2023 09:57:39,19/12/2023 22:00:00,CATALCA,"GÖKÇEALİ MAH,KALEİÇİ MAH.,OKLALI MAH"
5507,ÇATALCA,ŞEBEKE HATTI DEZENFEKTE EDİLMESİ,21/02/2023 09:22:01,21/02/2023 20:55:00,ELBASAN MAH. GÜLNİHAL ÇIKMAZI SK.,"ELBASAN MAH,İNCEĞİZ MAH,İNCEĞİZ MAH,İNCEĞİZ MAH"
5508,ÇATALCA,ŞEBEKE HATTI BRANŞMAN BAĞLANTISI,12/09/2023 10:45:47,12/09/2023 14:57:00,FATİH MAH. BEYZA SOK.,"ATATÜRK MAH.,FATİH MAH."
5509,ÇATALCA,100 MM ÇAPLI ŞEBEKE HATTI ARIZASI,15/07/2023 15:22:25,15/07/2023 17:26:00,FATİH MAH. CEMİYET SOK.,"ATATÜRK MAH.,FATİH MAH."
5510,ÇATALCA,100 MM ÇAPLI ŞEBEKE HATTI ARIZASI,09/02/2024 15:06:06,09/02/2024 17:14:00,FATİH MAH. GAZİ MUSTAFA KEMAL CADDESİ,FATİH MAH.
5511,ÇATALCA,100 MM ÇAPLI ŞEBEKE HATTI ARIZASI,03/01/2024 15:43:01,03/01/2024 17:25:00,FATİH MAH. KIRMIZI ÇEŞME SOK.,"ATATÜRK MAH.,FATİH MAH."
5512,ÇATALCA,200 MM ÇAPLI ŞEBEKE HATTI ARIZASI,18/07/2023 14:36:52,18/07/2023 16:55:00,FATİH MAH. KIRMIZIGÜL SK,"ATATÜRK MAH.,FATİH MAH."
5513,ÇATALCA,100 MM ÇAPLI ŞEBEKE HATTI ARIZASI,25/04/2023 15:36:18,25/04/2023 17:11:00,FATİH MAH. VADİ SOK.,"ATATÜRK MAH.,FATİH MAH."
5514,ÇATALCA,100 MM ÇAPLI ŞEBEKE HATTI ARIZASI,09/01/2024 11:46:49,09/01/2024 14:09:00,FATİH MAH.CANSEVER SK. PAZAR SK.KESİŞİMİ,"ATATÜRK MAH.,FATİH MAH."
5515,ÇATALCA,100 MM ÇAPLI ŞEBEKE HATTI ARIZASI,28/10/2023 16:21:48,28/10/2023 19:17:00,FATİH MAH.RUHSAR SK.,"ATATÜRK MAH.,FATİH MAH."
5516,ÇATALCA,ŞEBEKE HATTI VANA ARIZASI,14/10/2023 15:03:16,14/10/2023 17:20:00,FATİH MAH.VADİ SK.,"ATATÜRK MAH.,FATİH MAH."
5517,ÇATALCA,BASINÇ DÜŞÜKLÜĞÜ,18/10/2023 13:11:39,18/10/2023 21:10:00,FATİH MAH.VADİ SK.,"ATATÜRK MAH.,FATİH MAH."
5518,ÇATALCA,100 MM ÇAPLI ŞEBEKE HATTI ARIZASI,08/09/2023 08:52:35,08/09/2023 10:32:00,FERHATAŞA MAH. TİYATRO SOK,"FERHATPAŞA MAH,FERHATPAŞA MAH,FERHATPAŞA MAH,FERHATPAŞA MAH,FERHATPAŞA MAH"
5519,ÇATALCA,100 MM ÇAPLI ŞEBEKE HATTI ARIZASI,21/08/2023 10:00:53,21/08/2023 14:06:00,FERHATPAŞA MAH BİLGE KAĞAN SK,"FERHATPAŞA MAH,FERHATPAŞA MAH,FERHATPAŞA MAH,FERHATPAŞA MAH,FERHATPAŞA MAH,FERHATPAŞA MAH"
5520,ÇATALCA,250 MM ÇAPLI ŞEBEKE HATTI ARIZASI,21/08/2023 14:06:50,21/08/2023 15:42:00,FERHATPAŞA MAH BİLGE KAĞAN SK,"FERHATPAŞA MAH,KALEİÇİ MAH."
5521,ÇATALCA,BASINÇ DÜŞÜKLÜĞÜ,23/08/2023 12:38:32,23/08/2023 17:01:00,FERHATPAŞA MAH NATO ALTI TERFİ MERKEZİ,"ELBASAN MAH,OVAYENİCE MAH.,ÇAKIL MAH."
5522,ÇATALCA,BASINÇ DÜŞÜKLÜĞÜ,22/08/2023 14:11:12,23/08/2023 09:00:00,FERHATPAŞA MAH TERFİ MERKEZİ,"ELBASAN MAH,OVAYENİCE MAH.,ÇAKIL MAH."
5523,ÇATALCA,BASINÇ DÜŞÜKLÜĞÜ,08/03/2023 11:01:20,08/03/2023 13:05:00,FERHATPAŞA MAH. AVCI SULTAN MEHMET CD.,"FERHATPAŞA MAH,KALEİÇİ MAH."
5524,ÇATALCA,100 MM ÇAPLI ŞEBEKE HATTI ARIZASI,07/02/2024 11:47:28,07/02/2024 16:00:00,FERHATPAŞA MAH. CİHANGİR SOK .,FERHATPAŞA MAH
5525,ÇATALCA,100 MM ÇAPLI ŞEBEKE HATTI ARIZASI,18/07/2023 17:34:48,18/07/2023 18:55:00,FERHATPAŞA MAH. TAŞKÖPRÜ SK.,"FERHATPAŞA MAH,FERHATPAŞA MAH,FERHATPAŞA MAH,FERHATPAŞA MAH,FERHATPAŞA MAH"
5526,ÇATALCA,ŞEBEKE HATTI DEZENFEKTE EDİLMESİ,17/11/2023 14:16:07,17/11/2023 19:00:00,FERHATPAŞA MAH.ÇAĞLAYAN EGE SK.,"FERHATPAŞA MAH,FERHATPAŞA MAH,FERHATPAŞA MAH,FERHATPAŞA MAH,FERHATPAŞA MAH,FERHATPAŞA MAH"
5527,ÇATALCA,BASINÇ DÜŞÜKLÜĞÜ,16/12/2023 11:30:04,16/12/2023 14:25:00,GÖKÇEALI MAH. GÖKÇEALI CAD.,"GÖKÇEALİ MAH,KALEİÇİ MAH.,OKLALI MAH,SUBAŞI MAH"
5528,ÇATALCA,100 MM ÇAPLI ŞEBEKE HATTI ARIZASI,22/08/2023 09:33:09,22/08/2023 16:00:00,GÖKÇEALİ MAH GÖKÇEALİ CAD NO:129,"GÖKÇEALİ MAH,KALEİÇİ MAH."
5529,ÇATALCA,100 MM ÇAPLI ŞEBEKE HATTI ARIZASI,07/02/2024 09:24:26,07/02/2024 14:15:00,GÖKÇEALİ MAH. KAZIM KARABEKİR,"GÖKÇEALİ MAH,SUBAŞI MAH"
5530,ÇATALCA,100 MM ÇAPLI ŞEBEKE HATTI ARIZASI,29/04/2023 08:55:20,29/04/2023 18:00:00,"GÖKÇEALİ MAHALLE, GÖKÇEAİL CADDESİ ARITMA KARŞISI","GÖKÇEALİ MAH,KALEİÇİ MAH."
5531,ÇATALCA,100 MM ÇAPLI ŞEBEKE HATTI ARIZASI,10/08/2023 16:50:11,10/08/2023 21:00:00,GÜMÜŞPINAR MAH DOKUZEVLER SK.,GÜMÜŞPINAR MAH
5532,ÇATALCA,100 MM ÇAPLI ŞEBEKE HATTI ARIZASI,11/10/2023 17:50:11,11/10/2023 20:00:00,GÜMÜŞPINAR MAH KÖY KONAĞI CAD.,GÜMÜŞPINAR MAH
5533,ÇATALCA,100 MM ÇAPLI ŞEBEKE HATTI ARIZASI,24/10/2023 13:31:40,24/10/2023 15:48:00,GÜMÜŞPINAR MAH.GÜMÜŞ SK.,GÜMÜŞPINAR MAH
5534,ÇATALCA,100 MM ÇAPLI ŞEBEKE HATTI ARIZASI,15/09/2023 13:38:48,15/09/2023 16:50:00,IZZETTIN MAH. BIRLIK SOK.,İZZETTİN MAH.
5535,ÇATALCA,100 MM ÇAPLI ŞEBEKE HATTI ARIZASI,21/08/2023 10:05:37,21/08/2023 15:08:00,KABAKÇA MAH BEYPINARLAR CAD.,"KABAKÇA MAH,KABAKÇA MAH,KABAKÇA MAH,KABAKÇA MAH"
5536,ÇATALCA,100 MM ÇAPLI ŞEBEKE HATTI ARIZASI,19/10/2023 14:00:06,19/10/2023 16:02:00,KABAKÇA MAH. AKŞEMSEDDIN SOK. DEPO ÖNÜ,KABAKÇA MAH
5537,ÇATALCA,100 MM ÇAPLI ŞEBEKE HATTI ARIZASI,16/01/2024 11:42:02,16/01/2024 16:30:00,KABAKÇA MAH. BİLEK SOK.,KABAKÇA MAH
5538,ÇATALCA,ŞEBEKE HATTI BRANŞMAN BAĞLANTISI,12/07/2023 15:32:51,12/07/2023 17:36:00,KABAKÇA MAH. LADİK SOK. BEY PINARLAR CAD.,"KABAKÇA MAH,KABAKÇA MAH"
5539,ÇATALCA,100 MM ÇAPLI ŞEBEKE HATTI ARIZASI,31/07/2023 20:00:57,31/07/2023 21:02:00,KALEİÇİ MAH OĞUZHAN SK,KALEİÇİ MAH.
5540,ÇATALCA,ŞEBEKE HATTI DEPLASE ÇALIŞMASI,23/10/2023 09:45:28,23/10/2023 12:58:00,KALEİÇİ MAH. DOMUZDERE SK. NO:6,"KALEİÇİ MAH.,KALEİÇİ MAH.,KALEİÇİ MAH.,KALEİÇİ MAH.,KALEİÇİ MAH.,KALEİÇİ MAH.,KALEİÇİ MAH.,KALEİÇİ MAH.,KALEİÇİ MAH.,KALEİÇİ MAH."
5541,ÇATALCA,100 MM ÇAPLI ŞEBEKE HATTI ARIZASI,23/05/2023 11:16:34,23/05/2023 14:06:00,KALEİÇİ MAH. MAKBUL SOKAK,"KALEİÇİ MAH.,KALEİÇİ MAH.,KALEİÇİ MAH.,KALEİÇİ MAH.,KALEİÇİ MAH.,KALEİÇİ MAH.,KALEİÇİ MAH.,KALEİÇİ MAH.,KALEİÇİ MAH.,KALEİÇİ MAH.,KALEİÇİ MAH.,KALEİÇİ MAH.,KALEİÇİ MAH."
5542,ÇATALCA,100 MM ÇAPLI ŞEBEKE HATTI ARIZASI,24/10/2023 09:53:14,24/10/2023 13:00:00,KALEİÇİ MAH. ÖDÜL SOK.,KALEİÇİ MAH.
5543,ÇATALCA,200 MM ÇAPLI ŞEBEKE HATTI ARIZASI,22/01/2024 15:42:12,22/01/2024 19:47:00,KALEİÇİ MAH.GÖKÇEALİ CD.HANİCE CD.KESİŞİMİ,"KALEİÇİ MAH.,KALEİÇİ MAH."
5544,ÇATALCA,100 MM ÇAPLI ŞEBEKE HATTI ARIZASI,23/10/2023 12:17:51,23/10/2023 14:41:00,KALEİÇİ MAH.GÖKÇEALİ CD.NO:128,"GÖKÇEALİ MAH,KALEİÇİ MAH."
5545,ÇATALCA,100 MM ÇAPLI ŞEBEKE HATTI ARIZASI,31/12/2023 14:35:21,31/12/2023 15:47:00,KALEİÇİ MAH.OSMAN GÖZLER SK.GAZİ OKUL KARŞISI,KALEİÇİ MAH.
5546,ÇATALCA,100 MM ÇAPLI ŞEBEKE HATTI ARIZASI,10/09/2023 18:11:29,10/09/2023 20:00:00,KALEİÇİ MAHALLESİ,KALEİÇİ MAH.
5547,ÇATALCA,BASINÇ DÜŞÜKLÜĞÜ,01/09/2023 10:03:54,01/09/2023 14:04:00,KALEİÇİ MAHALLESİ BURÇAK SOKAK,KALEİÇİ MAH.
5548,ÇATALCA,100 MM ÇAPLI ŞEBEKE HATTI ARIZASI,31/08/2023 16:41:40,31/08/2023 19:42:00,KALEİÇİ MAHALLESİ KAVAKLAR SOKAK,KALEİÇİ MAH.
5549,ÇATALCA,100 MM ÇAPLI ŞEBEKE HATTI ARIZASI,18/08/2023 18:29:53,18/08/2023 20:38:00,KALFA MAH DAĞYENİCE SK,KALFA MAH
5550,ÇATALCA,100 MM ÇAPLI ŞEBEKE HATTI ARIZASI,24/04/2023 12:39:40,24/04/2023 13:56:00,KALFA MAH.HOŞSEDA SK.,KALFA MAH
5551,ÇATALCA,100 MM ÇAPLI ŞEBEKE HATTI ARIZASI,10/09/2023 20:17:37,10/09/2023 23:00:00,KALİÇİ MAHALLESİ,KALEİÇİ MAH.
5552,ÇATALCA,ŞEBEKE HATTI VANA MONTAJI/DEĞİŞİMİ,08/03/2023 13:42:37,08/03/2023 15:54:00,KARACAKÖY MAH.DR.CELALETTİN ÜNTÜTÜRK SK.,"KARACAKÖY MERKEZ MAH.,KARACAKÖY MERKEZ MAH."
5553,ÇATALCA,ŞEBEKE HATTI BRANŞMAN BAĞLANTISI,30/12/2023 13:24:04,30/12/2023 17:30:00,KARACAKÖY MAH.REHBER SK.,KARACAKÖY MERKEZ MAH.
5554,ÇATALCA,100 MM ÇAPLI ŞEBEKE HATTI ARIZASI,30/05/2023 12:33:12,30/05/2023 14:43:00,KARAMANDERE,KARAMANDERE MAH
5555,ÇATALCA,100 MM ÇAPLI ŞEBEKE HATTI ARIZASI,26/04/2023 13:20:41,26/04/2023 16:30:00,KARAMANDERE MAH.MÜJGAN SOK.,KARAMANDERE MAH
5556,ÇATALCA,100 MM ÇAPLI ŞEBEKE HATTI ARIZASI,05/10/2023 12:19:38,05/10/2023 14:34:00,KARAMANDERE MAH.MÜLAYİM SK.,KARAMANDERE MAH
5557,ÇATALCA,100 MM ÇAPLI ŞEBEKE HATTI ARIZASI,15/12/2023 10:55:08,15/12/2023 12:38:00,KELEİÇİ MAHALLESİ OTAĞ SOKAK,"KALEİÇİ MAH.,KALEİÇİ MAH.,KALEİÇİ MAH.,KALEİÇİ MAH.,KALEİÇİ MAH.,KALEİÇİ MAH.,KALEİÇİ MAH."
5558,ÇATALCA,ŞEBEKE HATTI VANA ARIZASI,02/11/2023 10:43:57,02/11/2023 12:52:00,KESTANE MAH. BAĞLAR CAD. NO:55,KESTANELİK MAH
5559,ÇATALCA,100 MM ÇAPLI ŞEBEKE HATTI ARIZASI,01/08/2023 17:16:36,01/08/2023 19:11:00,KESTANELİK KARACAKÖY CAD.,KESTANELİK MAH
5560,ÇATALCA,BASINÇ DÜŞÜKLÜĞÜ,16/03/2023 21:44:39,17/03/2023 23:51:00,KESTANELİK KARACAKÖY CD.,KESTANELİK MAH
5561,ÇATALCA,100 MM ÇAPLI ŞEBEKE HATTI ARIZASI,14/09/2023 16:27:34,14/09/2023 18:30:00,KESTANELİK MAH KARACAKÖY CAD,"KESTANELİK MAH,KESTANELİK MAH,KESTANELİK MAH,KESTANELİK MAH,KESTANELİK MAH"
5562,ÇATALCA,100 MM ÇAPLI ŞEBEKE HATTI ARIZASI,21/08/2023 11:12:34,21/08/2023 13:00:00,KESTANELİK MAH KORAL SK,KESTANELİK MAH
5563,ÇATALCA,ŞEBEKE HATTI BRANŞMAN BAĞLANTISI,07/08/2023 14:55:44,07/08/2023 16:56:00,KESTANELİK MAH.,KESTANELİK MAH
5564,ÇATALCA,ŞEBEKE HATTI BRANŞMAN BAĞLANTISI,30/11/2023 09:56:52,30/11/2023 15:04:00,KESTANELİK MAH.,KESTANELİK MAH
5565,ÇATALCA,ŞEBEKE HATTI YENİLEMESİ,28/11/2023 12:17:46,28/11/2023 17:34:00,KESTANELİK MAH. BUDAK SOK. DOĞANYURT SOK. DÜLGER SOK.,"KESTANELİK MAH,KESTANELİK MAH,KESTANELİK MAH"
5566,ÇATALCA,100 MM ÇAPLI ŞEBEKE HATTI ARIZASI,08/09/2023 09:38:19,08/09/2023 14:10:00,KESTANELİK MAH. DÜLGER SOK,"KESTANELİK MAH,KESTANELİK MAH,KESTANELİK MAH"
5567,ÇATALCA,100 MM ÇAPLI ŞEBEKE HATTI ARIZASI,07/09/2023 12:06:54,07/09/2023 14:18:00,KESTANELİK MAH. DÜLGER SOK.,KESTANELİK MAH
5568,ÇATALCA,100 MM ÇAPLI ŞEBEKE HATTI ARIZASI,20/07/2023 17:58:40,20/07/2023 20:07:00,KESTANELİK MAH. KADIRGA SK,KESTANELİK MAH
5569,ÇATALCA,100 MM ÇAPLI ŞEBEKE HATTI ARIZASI,03/11/2023 15:42:53,03/11/2023 17:25:00,KESTANELİK MAH. KAHYA SOK.,KESTANELİK MAH
5570,ÇATALCA,100 MM ÇAPLI ŞEBEKE HATTI ARIZASI,16/06/2023 16:59:50,16/06/2023 18:30:00,KESTANELİK MAH. KARACAKÖY CAD.,"KESTANELİK MAH,KESTANELİK MAH,KESTANELİK MAH,KESTANELİK MAH,KESTANELİK MAH"
5571,ÇATALCA,100 MM ÇAPLI ŞEBEKE HATTI ARIZASI,17/06/2023 09:20:00,17/06/2023 10:35:00,KESTANELİK MAH. KARACAKÖY CAD.,KESTANELİK MAH
5572,ÇATALCA,100 MM ÇAPLI ŞEBEKE HATTI ARIZASI,13/07/2023 13:11:55,13/07/2023 16:39:00,KESTANELİK MAH. KARACAKÖY CAD.,"KESTANELİK MAH,KESTANELİK MAH,KESTANELİK MAH,KESTANELİK MAH,KESTANELİK MAH,KESTANELİK MAH"
5573,ÇATALCA,100 MM ÇAPLI ŞEBEKE HATTI ARIZASI,20/07/2023 10:58:50,20/07/2023 14:07:00,KESTANELİK MAH. KARACAKÖY CAD.,KESTANELİK MAH
5574,ÇATALCA,100 MM ÇAPLI ŞEBEKE HATTI ARIZASI,01/09/2023 12:09:01,01/09/2023 14:15:00,KESTANELİK MAH. KARACAKÖY CAD.,KESTANELİK MAH
5575,ÇATALCA,100 MM ÇAPLI ŞEBEKE HATTI ARIZASI,12/09/2023 12:39:40,12/09/2023 14:56:00,KESTANELİK MAH. KARACAKÖY CAD.,KESTANELİK MAH
5576,ÇATALCA,100 MM ÇAPLI ŞEBEKE HATTI ARIZASI,06/03/2023 18:26:29,07/03/2023 11:21:00,KESTANELİK MAH. KARACAKÖY CAD. NO:33,KESTANELİK MAH
5577,ÇATALCA,100 MM ÇAPLI ŞEBEKE HATTI ARIZASI,22/07/2023 15:56:10,22/07/2023 17:25:00,KESTANELİK MAH. KARACAKÖY CADDE,KESTANELİK MAH
5578,ÇATALCA,100 MM ÇAPLI ŞEBEKE HATTI ARIZASI,03/08/2023 13:21:09,03/08/2023 15:32:00,KESTANELİK MAH. KARACAKÖY CADDE,KESTANELİK MAH
5579,ÇATALCA,100 MM ÇAPLI ŞEBEKE HATTI ARIZASI,03/08/2023 16:28:59,03/08/2023 19:32:00,KESTANELİK MAH. KARACAKÖY CADDE,KESTANELİK MAH
5580,ÇATALCA,100 MM ÇAPLI ŞEBEKE HATTI ARIZASI,04/08/2023 08:12:53,04/08/2023 11:59:00,KESTANELİK MAH. KARACAKÖY CADDE,KESTANELİK MAH
5581,ÇATALCA,100 MM ÇAPLI ŞEBEKE HATTI ARIZASI,29/06/2023 12:33:11,29/06/2023 17:37:00,KESTANELİK MAH. KORAL SOKAK,KESTANELİK MAH
5582,ÇATALCA,100 MM ÇAPLI ŞEBEKE HATTI ARIZASI,08/07/2023 14:28:26,08/07/2023 15:47:00,KESTANELİK MAH. İRADE ÇIKMAZI SK,"KESTANELİK MAH,KESTANELİK MAH,KESTANELİK MAH"
5583,ÇATALCA,100 MM ÇAPLI ŞEBEKE HATTI ARIZASI,02/05/2023 10:41:29,02/05/2023 13:29:00,KESTANELİK MAH.BUDAK SK.,"KESTANELİK MAH,KESTANELİK MAH,KESTANELİK MAH,KESTANELİK MAH"
5584,ÇATALCA,100 MM ÇAPLI ŞEBEKE HATTI ARIZASI,05/07/2023 09:25:49,05/07/2023 11:19:00,KESTANELİK MAH.BUDAK SK.,KESTANELİK MAH
5585,ÇATALCA,100 MM ÇAPLI ŞEBEKE HATTI ARIZASI,17/03/2023 08:48:51,17/03/2023 10:25:00,KESTANELİK MAH.KARACAKÖY CD.,KESTANELİK MAH
5586,ÇATALCA,100 MM ÇAPLI ŞEBEKE HATTI ARIZASI,18/08/2023 11:16:27,18/08/2023 12:59:00,KESTANELİK MAH.KARACAKÖY CD.,KESTANELİK MAH
5587,ÇATALCA,100 MM ÇAPLI ŞEBEKE HATTI ARIZASI,18/12/2023 16:13:06,18/12/2023 18:30:00,KESTANELİK MAH.ÖZNUR SOK.,KESTANELİK MAH
5588,ÇATALCA,ŞEBEKE HATTI BRANŞMAN BAĞLANTISI,01/08/2023 14:12:16,01/08/2023 17:00:00,KESTANELİK MAHALLESİ KARACAKÖY CADDE,KESTANELİK MAH
5589,ÇATALCA,100 MM ÇAPLI ŞEBEKE HATTI ARIZASI,23/08/2023 12:30:23,23/08/2023 14:32:00,MURATBEY MAH HAYRABOLU CAD,MURATBEY MERKEZ MAH.
5590,ÇATALCA,100 MM ÇAPLI ŞEBEKE HATTI ARIZASI,17/02/2024 16:44:53,17/02/2024 19:55:00,NAKKAŞ MAH. EYÜP PEHLIVAN CAD.,NAKKAŞ MAH.
5591,ÇATALCA,ŞEBEKE HATTI VANA MONTAJI/DEĞİŞİMİ,13/03/2023 10:35:31,13/03/2023 15:34:00,NAKKAŞ MAH. HADIMKÖY-NAKKAŞ YOLU CD.,NAKKAŞ MAH.
5592,ÇATALCA,100 MM ÇAPLI ŞEBEKE HATTI ARIZASI,01/03/2023 15:36:59,01/03/2023 19:20:00,NAKKAŞ MAH.ALİ RIZA EFENDİ CAD.NO .40,NAKKAŞ MAH.
5593,ÇATALCA,ŞEBEKE HATTI VANA MONTAJI/DEĞİŞİMİ,23/03/2023 10:40:49,23/03/2023 14:28:00,NAKKAŞ MAH.ALİ RIZA EFENDİ CD.YAZLIK SK.KESİŞİMİ,NAKKAŞ MAH.
5594,ÇATALCA,100 MM ÇAPLI ŞEBEKE HATTI ARIZASI,27/03/2023 09:25:58,27/03/2023 10:38:00,OVAYENİCE MAH. ÇATALCA CD.,OVAYENİCE MAH.
5595,ÇATALCA,100 MM ÇAPLI ŞEBEKE HATTI ARIZASI,15/08/2023 16:17:05,15/08/2023 18:38:00,OVAYENİCE MAH.DOĞA SK.,"OVAYENİCE MAH.,OVAYENİCE MAH.,OVAYENİCE MAH."
5596,ÇATALCA,ŞEBEKE HATTI VANA MONTAJI/DEĞİŞİMİ,02/09/2023 12:37:01,02/09/2023 16:04:00,OVAYENİCE MAH.SEMAZEN CD.,OVAYENİCE MAH.
5597,ÇATALCA,100 MM ÇAPLI ŞEBEKE HATTI ARIZASI,05/06/2023 11:01:03,05/06/2023 12:30:00,SUBAŞI HAKEMLER SOK. SOKAK BAŞI,"SUBAŞI MAH,SUBAŞI MAH"
5598,ÇATALCA,100 MM ÇAPLI ŞEBEKE HATTI ARIZASI,21/09/2023 11:27:48,21/09/2023 12:29:00,SUBAŞI MAH. GÖKÇEALİ CAD.,SUBAŞI MAH
5599,ÇATALCA,100 MM ÇAPLI ŞEBEKE HATTI ARIZASI,07/08/2023 15:50:33,07/08/2023 17:00:00,SUBAŞI MAH. GÖKÇEALİ CADDE,SUBAŞI MAH
5600,ÇATALCA,100 MM ÇAPLI ŞEBEKE HATTI ARIZASI,28/10/2023 15:23:13,28/10/2023 17:01:00,SUBAŞI MAH.HAKEMLER SK.,"SUBAŞI MAH,SUBAŞI MAH,SUBAŞI MAH,SUBAŞI MAH,SUBAŞI MAH"
5601,ÇATALCA,900 MM ÇAPLI ANA İSALE HATTI ARIZASI,22/01/2024 23:58:18,23/01/2024 03:00:00,TEPECİK MEVKİİ,"ELBASAN MAH,FERHATPAŞA SB,KALEİÇİ MAH.,MURATBEY MERKEZ MAH.,OVAYENİCE MAH.,ÇAKIL MAH."
5602,ÇATALCA,ARIZA SEBEBİ İLE BASINÇ DÜŞÜKLÜĞÜ,20/06/2023 06:31:32,20/06/2023 18:00:00,TERKOS-İKİTELLİ İSALE HATTI,"BAHŞAYİŞ MAH.,NAKKAŞ MAH."
5603,ÇATALCA,300 MM ÇAPLI ŞEBEKE HATTI ARIZASI,25/04/2023 11:01:11,25/04/2023 15:04:00,YALIKÖY CANBERK SOKAK,YALIKÖY MAH
5604,ÇATALCA,300 MM ÇAPLI ŞEBEKE HATTI ARIZASI,24/04/2023 12:22:16,24/04/2023 13:57:00,YALIKÖY MAH.CANBERK SK.,YALIKÖY MAH
5605,ÇATALCA,100 MM ÇAPLI ŞEBEKE HATTI ARIZASI,20/03/2023 13:53:23,20/03/2023 17:04:00,YALIKÖY MAH.ÇATALMEŞE SK.SU DEPO ÖNÜ,YALIKÖY MAH
5606,ÇATALCA,300 MM ÇAPLI ŞEBEKE HATTI ARIZASI,29/12/2023 15:00:12,29/12/2023 20:00:00,ÇAKIL MAH.FARUK SK. TERFİ,"ELBASAN MAH,OVAYENİCE MAH.,ÇAKIL MAH."
5607,ÇATALCA,200 MM ÇAPLI ŞEBEKE HATTI ARIZASI,22/03/2023 14:50:39,22/03/2023 16:37:00,ÇAKIL MAH.FARUK SK.DEPO ÖNÜ,"OVAYENİCE MAH.,ÇAKIL MAH."
5608,ÇATALCA,250 MM ÇAPLI ŞEBEKE HATTI ARIZASI,20/05/2023 16:41:52,20/05/2023 20:01:00,ÇAKIL MAH.FARUK SOKAK,"OVAYENİCE MAH.,ÇAKIL MAH."
5609,ÇATALCA,ŞEBEKE HATTI VANA MONTAJI/DEĞİŞİMİ,29/04/2023 15:17:18,29/04/2023 18:00:00,"ÇAKIL MAHALLESİ, BERHUDAR SOKAK","OVAYENİCE MAH.,ÇAKIL MAH."
5610,ÇATALCA,BASINÇ DÜŞÜKLÜĞÜ,29/12/2023 20:00:32,29/12/2023 22:02:00,ÇAKIL VE ELBASAN DEPO,"ELBASAN MAH,OVAYENİCE MAH.,ÇAKIL MAH."
5611,ÇATALCA,100 MM ÇAPLI ŞEBEKE HATTI ARIZASI,13/03/2023 16:57:55,13/03/2023 18:28:00,ÇANAKÇA MAH. HÜDAYİ SK.,"ÇANAKÇA MAH,ÇANAKÇA MAH,ÇANAKÇA MAH,ÇANAKÇA MAH,ÇANAKÇA MAH,ÇANAKÇA MAH,ÇANAKÇA MAH"
5612,ÇATALCA,100 MM ÇAPLI ŞEBEKE HATTI ARIZASI,24/01/2024 13:18:14,24/01/2024 14:36:00,ÇANAKÇA MAH.PİREN SK.,ÇANAKÇA MAH
5613,ÇATALCA,500 MM ÇAPLI ANA İSALE HATTI ARIZASI,15/12/2023 14:24:06,15/12/2023 23:59:00,ÇATALCA GÖKÇEALİ KÖPRÜ MEVKİİ,"GÖKÇEALİ MAH,KALEİÇİ MAH.,KESTANELİK MAH,OKLALI MAH,SUBAŞI MAH,ÖRCÜNLÜ MAH"
5614,ÇATALCA,TERFİ  MERKEZİ ARIZASI,27/06/2023 10:59:58,27/06/2023 13:00:00,ÇATALCA TERFİ MERKEZİ,"ELBASAN MAH,FERHATPAŞA MAH,GÖKÇEALİ MAH,KALEİÇİ MAH.,KESTANELİK MAH,MURATBEY MERKEZ MAH.,OKLALI MAH,OVAYENİCE MAH.,SUBAŞI MAH,ÇAKIL MAH."
5615,ÇATALCA,500 MM ÇAPLI ANA İSALE HATTI ARIZASI,23/09/2023 16:43:30,23/09/2023 21:00:00,ÇATALCA İNCEİZ YOLU KAVŞAĞI,"DAĞYENİCE MAH,GÖKÇEALİ MAH,KESTANELİK MAH,OKLALI MAH,SUBAŞI MAH"
5616,ÇATALCA,BASINÇ DÜŞÜKLÜĞÜ,26/06/2023 16:42:01,27/06/2023 01:00:00,ÇATALCA İZZETTİN MAH.,İZZETTİN MAH.
5617,ÇATALCA,500 MM ÇAPLI ANA İSALE HATTI ARIZASI,12/06/2023 22:45:50,13/06/2023 03:00:00,ÇATALCA-KALEİÇİ MAH.,"FERHATPAŞA MAH,KALEİÇİ MAH."
5618,ÇATALCA,ANA İSALE HATTI DEPLASE ÇALIŞMASI,15/03/2023 14:43:26,15/03/2023 18:30:00,ÇATALCA-İHSANİYE PAKET ARITMA TESİSİ,"GÖKÇEALİ MAH,KABAKÇA MAH,KESTANELİK MAH,OKLALI MAH,SUBAŞI MAH,İNCEĞİZ MAH"
5619,ÇATALCA,ARIZA SEBEBİ İLE BASINÇ DÜŞÜKLÜĞÜ,15/09/2023 08:51:59,15/09/2023 16:30:00,ÖMERLİ SALPOMPA,"BAHŞAYİŞ MAH.,NAKKAŞ MAH."
5620,ÇATALCA,100 MM ÇAPLI ŞEBEKE HATTI ARIZASI,29/06/2023 09:36:05,29/06/2023 12:16:00,ÖRCÜNLÜ MAH. ESKİ EDİRNE ASFALTI MENFEZ,ÖRCÜNLÜ MAH
5621,ÇATALCA,100 MM ÇAPLI ŞEBEKE HATTI ARIZASI,19/06/2023 11:48:35,19/06/2023 15:16:00,ÖRCÜNLÜ MAH. ESKİ EDİRNE ASFALTI SOK.,ÖRCÜNLÜ MAH
5622,ÇATALCA,100 MM ÇAPLI ŞEBEKE HATTI ARIZASI,21/06/2023 10:48:23,21/06/2023 11:59:00,ÖRCÜNLÜ MAH. ESKİ EDİRNE ASFALTI SOK. MENFEZ ALTI,ÖRCÜNLÜ MAH
5623,ÇATALCA,BASINÇ DÜŞÜKLÜĞÜ,07/06/2023 19:05:40,07/06/2023 20:11:00,İHSANİYE DÜĞÜN SALONU CAD.,İHSANİYE MAH
5624,ÇATALCA,ŞEBEKE HATTI BRANŞMAN BAĞLANTISI,07/06/2023 15:40:09,07/06/2023 19:05:00,İHSANİYE MAH. DÜĞÜN SALONU CAD.,"İHSANİYE MAH,İNCEĞİZ MAH"
5625,ÇATALCA,100 MM ÇAPLI ŞEBEKE HATTI ARIZASI,30/03/2023 10:07:32,30/03/2023 14:31:00,İHSANİYE MAH.BENT ÇIKMAZI SK.,İHSANİYE MAH
5626,ÇATALCA,BASINÇ DÜŞÜKLÜĞÜ,13/04/2023 18:40:41,13/04/2023 19:56:00,İHSANİYE MAH.PARADİSE SK.,İHSANİYE MAH
5627,ÇATALCA,BASINÇ DÜŞÜKLÜĞÜ,11/09/2023 15:08:35,11/09/2023 16:51:00,İHSANİYE MAHALLESİ İSTANBUL CADDESİ İÇME SUYU DEPOSU,İHSANİYE MAH
5628,ÇATALCA,150 MM ÇAPLI ŞEBEKE HATTI ARIZASI,22/08/2023 18:16:29,22/08/2023 19:22:00,İHSANİYE İSTANBUL CAD,İHSANİYE MAH
5629,ÇATALCA,ŞEBEKE HATTI BRANŞMAN BAĞLANTISI,07/06/2023 11:04:37,07/06/2023 13:31:00,İHSAİNYE MAH. DÜĞÜN SALONU CAD.,İHSANİYE MAH
5630,ÇATALCA,ARITMA TESİSİ ARIZASI,21/07/2023 23:45:30,22/07/2023 04:00:00,İKİTELLİ STT,"BAHŞAYİŞ MAH.,NAKKAŞ MAH."
5631,ÇATALCA,ARIZA SEBEBİ İLE BASINÇ DÜŞÜKLÜĞÜ,26/09/2023 02:37:11,26/09/2023 08:00:00,İKİTELLİ STT,"BAHŞAYİŞ MAH.,NAKKAŞ MAH."
5632,ÇATALCA,ANA İSALE HATTI YENİLEMESİ,19/06/2023 05:49:47,20/06/2023 06:00:00,İKİTELLİ-TERKOS,"BAHŞAYİŞ MAH.,KIZILCAALİ MAH,NAKKAŞ MAH."
5633,ÇATALCA,500 MM ÇAPLI ANA İSALE HATTI ARIZASI,14/08/2023 15:08:13,14/08/2023 21:00:00,İNCEĞİZ MAH,İNCEĞİZ MAH
5634,ÇATALCA,100 MM ÇAPLI ŞEBEKE HATTI ARIZASI,19/08/2023 11:45:41,19/08/2023 15:08:00,İNCEĞİZ MAH KABAKÇA SK,İNCEĞİZ MAH
5635,ÇATALCA,150 MM ÇAPLI ŞEBEKE HATTI ARIZASI,17/01/2024 14:17:03,17/01/2024 18:30:00,İNCEĞİZ MAH.İNCEĞİZ CD.,"İNCEĞİZ MAH,İNCEĞİZ MAH"
5636,ÇATALCA,100 MM ÇAPLI ŞEBEKE HATTI ARIZASI,11/05/2023 11:34:03,11/05/2023 13:30:00,İZZETTİN MAH. AKİF SOK.,İZZETTİN MAH.
5637,ÇATALCA,100 MM ÇAPLI ŞEBEKE HATTI ARIZASI,21/12/2023 10:50:45,21/12/2023 13:36:00,İZZETTİN MAH. BÜKLÜM SOKAK,"İZZETTİN MAH.,İZZETTİN MAH.,İZZETTİN MAH."
5638,ÇATALCA,100 MM ÇAPLI ŞEBEKE HATTI ARIZASI,20/12/2023 12:23:24,20/12/2023 14:26:00,İZZETTİN MAH. TAŞLIPARA SOK.,"İZZETTİN MAH.,İZZETTİN MAH.,İZZETTİN MAH.,İZZETTİN MAH.,İZZETTİN MAH."
5639,ÇATALCA,ELEKTRİK ENERJİSİ PROBLEMİ,20/12/2023 01:12:45,20/12/2023 04:00:00,ŞAHİNTEPE TERFİ,"BAHŞAYİŞ MAH.,NAKKAŞ MAH."
5640,ÇATALCA,ENERJİ KESİNTİSİ,14/08/2023 23:13:10,15/08/2023 02:00:00,ŞAHİNTEPE TERFİ MERKEZİ,"BAHŞAYİŞ MAH.,NAKKAŞ MAH."
5641,ÇATALCA,ARIZA SEBEBİ İLE BASINÇ DÜŞÜKLÜĞÜ,05/09/2023 20:44:48,06/09/2023 03:00:00,ŞAHİNTEPE TERFİ MERKEZİ,"BAHŞAYİŞ MAH.,NAKKAŞ MAH."
5642,ÇEKMEKÖY,100 MM ÇAPLI ŞEBEKE HATTI ARIZASI,23/04/2023 15:23:26,23/04/2023 18:30:00,ALEMDAĞ MAH ELMALI SK ÜZERİ,"ALEMDAĞ MAH.,ÇATALMEŞE MAH."
5643,ÇEKMEKÖY,100 MM ÇAPLI ŞEBEKE HATTI ARIZASI,06/02/2024 12:50:46,06/02/2024 15:00:00,ALEMDAĞ MAH. REŞADİYE CD.,ALEMDAĞ MAH.
5644,ÇEKMEKÖY,100 MM ÇAPLI ŞEBEKE HATTI ARIZASI,19/01/2024 10:16:36,19/01/2024 13:00:00,ALEMDAĞ MH 89. SOKAK,ALEMDAĞ MAH.
5645,ÇEKMEKÖY,100 MM ÇAPLI ŞEBEKE HATTI ARIZASI,20/02/2023 07:12:46,20/02/2023 16:00:00,CUMHURİYET MAH. 23 NİSAN CAD ÜZERİ,"AYDINLAR MAH.,CUMHURİYET MAH.,EKŞİOĞLU MAH.,KİRAZLIDERE MAH.,SOĞUKPINAR MAH."
5646,ÇEKMEKÖY,100 MM ÇAPLI ŞEBEKE HATTI ARIZASI,16/01/2024 09:14:33,16/01/2024 12:00:00,EKŞİOĞLU MAH. KURAN KURSU CD,EKŞİOĞLU MAH.
5647,ÇEKMEKÖY,100 MM ÇAPLI ŞEBEKE HATTI ARIZASI,20/09/2023 14:19:13,20/09/2023 18:00:00,EKŞİOĞLU MAH. SARAY CD ÜZERİ,EKŞİOĞLU MAH.
5648,ÇEKMEKÖY,200 MM ÇAPLI ŞEBEKE HATTI ARIZASI,08/02/2024 10:48:20,08/02/2024 12:00:00,EKŞİOĞLU MAH. ŞİLEYOLU CD,"EKŞİOĞLU MAH.,SOĞUKPINAR MAH."
5649,ÇEKMEKÖY,100 MM ÇAPLI ŞEBEKE HATTI ARIZASI,05/08/2023 11:57:10,05/08/2023 14:00:00,EKŞİOĞLU MAHALLESİ 35.SOKAK,EKŞİOĞLU MAH.
5650,ÇEKMEKÖY,100 MM ÇAPLI ŞEBEKE HATTI ARIZASI,05/09/2023 16:07:36,05/09/2023 21:00:00,GÜNGÖREN MAHALLESİ SİNAN SOKAK,"GÜNGÖREN MAH.,SULTANÇİFTLİĞİ MAH.,TAŞDELEN MAH."
5651,ÇEKMEKÖY,100 MM ÇAPLI ŞEBEKE HATTI ARIZASI,30/10/2023 09:23:58,30/10/2023 13:00:00,MEHMET AKİF MAH. MUHTEŞEM SK,MEHMET AKİF MAH.
5652,ÇEKMEKÖY,ŞEBEKE HATTI BRANŞMAN BAĞLANTISI,18/07/2023 11:34:50,18/07/2023 13:00:00,MEHMET AKİF MAHALLESİ PINAR SOKAK ÜZERİ,MEHMET AKİF MAH.
5653,ÇEKMEKÖY,100 MM ÇAPLI ŞEBEKE HATTI ARIZASI,23/09/2023 13:27:09,23/09/2023 19:00:00,MERKEZ MAH HANÖZÜ SK.,MERKEZ MAH.
5654,ÇEKMEKÖY,100 MM ÇAPLI ŞEBEKE HATTI ARIZASI,25/04/2023 14:22:56,25/04/2023 18:00:00,MERKEZ MAH MURAT SK,MERKEZ MAH.
5655,ÇEKMEKÖY,ŞEBEKE HATTI DEPLASE ÇALIŞMASI,02/10/2023 14:01:34,02/10/2023 18:00:00,MERKEZ MAH NAR SK,"MERKEZ MAH.,MERKEZ MAH."
5656,ÇEKMEKÖY,100 MM ÇAPLI ŞEBEKE HATTI ARIZASI,23/10/2023 12:56:46,23/10/2023 16:00:00,MERKEZ MAH. ENGİN SK,MERKEZ MAH.
5657,ÇEKMEKÖY,100 MM ÇAPLI ŞEBEKE HATTI ARIZASI,28/02/2023 13:14:24,28/02/2023 19:00:00,MERKEZ MAH. KEÇİAĞILI CAD. ERGUVAN SK KES.,MERKEZ MAH.
5658,ÇEKMEKÖY,100 MM ÇAPLI ŞEBEKE HATTI ARIZASI,11/06/2023 11:55:33,11/06/2023 15:00:00,MERKEZ MAH. ÇAVUŞBAŞI CAD. GÖNÜL SK KES.,MERKEZ MAH.
5659,ÇEKMEKÖY,100 MM ÇAPLI ŞEBEKE HATTI ARIZASI,12/01/2024 13:14:49,12/01/2024 17:00:00,MERKEZ MH GÖZE SOKAK,MERKEZ MAH.
5660,ÇEKMEKÖY,100 MM ÇAPLI ŞEBEKE HATTI ARIZASI,23/09/2023 10:03:34,23/09/2023 15:00:00,REŞADİYE MAH. KESTANELİK SK,REŞADİYE MAH.
5661,ÇEKMEKÖY,100 MM ÇAPLI ŞEBEKE HATTI ARIZASI,21/10/2023 12:06:07,21/10/2023 17:00:00,SOĞUKPINAR MAH. KARTAL SK,SOĞUKPINAR MAH.
5662,ÇEKMEKÖY,200 MM ÇAPLI ŞEBEKE HATTI ARIZASI,27/10/2023 14:06:43,27/10/2023 18:00:00,SOĞUKPINAR MAH. KARTAL SK,"EKŞİOĞLU MAH.,SOĞUKPINAR MAH."
5663,ÇEKMEKÖY,100 MM ÇAPLI ŞEBEKE HATTI ARIZASI,17/02/2024 17:17:21,17/02/2024 19:49:00,SOĞUKPINAR İSHAK,SOĞUKPINAR MAH.
5664,ÇEKMEKÖY,100 MM ÇAPLI ŞEBEKE HATTI ARIZASI,08/11/2023 12:10:23,08/11/2023 18:00:00,SULTAN ÇİFTLİĞİ MAH DURAK SK,"GÜNGÖREN MAH.,SULTANÇİFTLİĞİ MAH."
5665,ÇEKMEKÖY,100 MM ÇAPLI ŞEBEKE HATTI ARIZASI,15/11/2023 10:24:40,15/11/2023 18:00:00,SULTAN ÇİFTLİĞİ MAH. KOVUK YUSUF SK.,SULTANÇİFTLİĞİ MAH.
5666,ÇEKMEKÖY,100 MM ÇAPLI ŞEBEKE HATTI ARIZASI,11/11/2023 13:34:20,11/11/2023 18:00:00,SULTANÇİFTLİĞİ MAH. DURAK SK,SULTANÇİFTLİĞİ MAH.
5667,ÇEKMEKÖY,ŞEBEKE HATTI BRANŞMAN BAĞLANTISI,29/08/2023 09:41:23,29/08/2023 15:00:00,ÇAMLIK MAHALLESİ ÇAMLIK SOKAK ÜZERİ,ÇAMLIK MAH.
5668,ÇEKMEKÖY,ŞEBEKE HATTI DEZENFEKTE EDİLMESİ,03/08/2023 11:43:19,03/08/2023 13:00:00,ÇAMLIK MAHALLESİ ÇAMLIK SOKAK İLE LALEZAR SOKAK KESİŞİMİ,ÇAMLIK MAH.
5669,ÇEKMEKÖY,1200 MM ÇAPLI ANA İSALE HATTI ARIZASI,03/09/2023 00:00:39,03/09/2023 04:00:00,ÇEKMEKÖY CAZİBE HATTI,"HAMİDİYE MAH.,MEHMET AKİF MAH.,MERKEZ MAH.,MİMAR SİNAN MAH.,ÇAMLIK MAH."
5670,ÇEKMEKÖY,100 MM ÇAPLI ŞEBEKE HATTI ARIZASI,15/10/2023 06:34:11,15/10/2023 12:00:00,ÇEKMEKÖY MERKEZ MAHGÜÇLÜ SK,MERKEZ MAH.
5671,ÇEKMEKÖY,100 MM ÇAPLI ŞEBEKE HATTI ARIZASI,12/07/2023 15:49:07,12/07/2023 18:00:00,ÇEKMEKÖY SULTANÇİFLİĞİ MAHALLESİ,SULTANÇİFTLİĞİ MAH.
5672,ÇEKMEKÖY,100 MM ÇAPLI ŞEBEKE HATTI ARIZASI,14/01/2024 12:00:34,14/01/2024 14:00:00,ÇEKMEKÖY TASDELEN ANADOLU CD10,"SULTANÇİFTLİĞİ MAH.,TAŞDELEN MAH."
5673,ÇEKMEKÖY,100 MM ÇAPLI ŞEBEKE HATTI ARIZASI,06/04/2023 19:06:35,06/04/2023 22:00:00,ÇEKMEKÖY ÖMERLİ MAHALLESİ,ÖMERLİ MAH.
5674,ÇEKMEKÖY,100 MM ÇAPLI ŞEBEKE HATTI ARIZASI,31/05/2023 10:16:22,31/05/2023 14:00:00,ÇEKMEKÖY ÖMERLİ MAHALLESİ,"KOÇULLU MAH.,ÖMERLİ MAH."
5675,ÇEKMEKÖY,100 MM ÇAPLI ŞEBEKE HATTI ARIZASI,20/10/2023 02:29:26,20/10/2023 11:00:00,ÇEKMEKÖY ÜSKÜDAR CADDESİ,MERKEZ MAH.
5676,ÇEKMEKÖY,100 MM ÇAPLI ŞEBEKE HATTI ARIZASI,27/09/2023 17:56:12,27/09/2023 21:00:00,ÇEKMEKÖY İLÇESI MERKEZ MAHALLESI HANÖZÜ SOKAK,MERKEZ MAH.
5677,ÇEKMEKÖY,100 MM ÇAPLI ŞEBEKE HATTI ARIZASI,15/07/2023 10:42:07,15/07/2023 14:00:00,ÇEKMEKÖY İLÇESİ EKŞİOĞLU MAHALLESİ DERE CADDESİ,EKŞİOĞLU MAH.
5678,ÇEKMEKÖY,100 MM ÇAPLI ŞEBEKE HATTI ARIZASI,13/02/2024 17:21:51,13/02/2024 20:00:00,ÖMERLİ MAH KADİROVA CD,ÖMERLİ MAH.
5679,ÇEKMEKÖY,100 MM ÇAPLI ŞEBEKE HATTI ARIZASI,16/03/2023 11:34:29,16/03/2023 14:00:00,ÖMERLİ MAH. GİZEM SK,ÖMERLİ MAH.
5680,ÜMRANİYE,150 MM ÇAPLI ŞEBEKE HATTI ARIZASI,21/11/2023 15:33:28,21/11/2023 19:00:00,ADEM YAVUZ MAH ÇAYIRÖNÜ CD İLE ESKİ ÜSKÜDAR YOLU KESİŞİMİ,"ADEM YAVUZ MAH,AŞAĞI DUDULLU MAH,CEMİL MERİÇ MAH,HUZUR MAH,IHLAMURKUYU MAH,PARSELLER MAH"
5681,ÜMRANİYE,100 MM ÇAPLI ŞEBEKE HATTI ARIZASI,22/11/2023 09:00:32,22/11/2023 14:00:00,ADEM YAVUZ MAH. ESKİ ÜSKÜDAR CAD. NO:90 ÖNÜ,"ADEM YAVUZ MAH,AŞAĞI DUDULLU MAH,HUZUR MAH,PARSELLER MAH"
5682,ÜMRANİYE,100 MM ÇAPLI ŞEBEKE HATTI ARIZASI,15/12/2023 11:47:02,15/12/2023 20:00:00,ADEM YAVUZ MH.ŞAİR AVNİ SK.NO:1,"ADEM YAVUZ MAH,AŞAĞI DUDULLU MAH,HUZUR MAH,PARSELLER MAH"
5683,ÜMRANİYE,150 MM ÇAPLI ŞEBEKE HATTI ARIZASI,05/12/2023 09:15:37,05/12/2023 14:00:00,ADEMYAVUZ MAH. ULUKENT SOK. NO:6,"ADEM YAVUZ MAH,AŞAĞI DUDULLU MAH,HUZUR MAH,PARSELLER MAH"
5684,ÜMRANİYE,100 MM ÇAPLI ŞEBEKE HATTI ARIZASI,11/12/2023 11:27:05,11/12/2023 14:00:00,ADEMYAVUZ MAH.ULUKENT SOK.NO:30,"ADEM YAVUZ MAH,AŞAĞI DUDULLU MAH,HUZUR MAH,PARSELLER MAH"
5685,ÜMRANİYE,100 MM ÇAPLI ŞEBEKE HATTI ARIZASI,12/01/2024 01:14:16,12/01/2024 03:00:00,ARMAĞAN EVLER MAH 23 NISAN CD,ARMAĞANEVLER MAH
5686,ÜMRANİYE,100 MM ÇAPLI ŞEBEKE HATTI ARIZASI,11/01/2024 09:32:44,11/01/2024 17:00:00,ARMAĞANEVLER MAH. 23 NİSAN CAD. NO:13,ARMAĞANEVLER MAH
5687,ÜMRANİYE,100 MM ÇAPLI ŞEBEKE HATTI ARIZASI,30/12/2023 10:26:54,30/12/2023 13:00:00,ARMAĞANEVLER MAH.KAPTANAOĞLU  OKUL SOK.NO:5,"ARMAĞANEVLER MAH,SİTE MAH"
5688,ÜMRANİYE,100 MM ÇAPLI ŞEBEKE HATTI ARIZASI,27/10/2023 11:01:13,27/10/2023 14:00:00,ATAKENT MAH DESTAN SK,"ATAKENT MAH,İSTİKLAL MAH"
5689,ÜMRANİYE,150 MM ÇAPLI ŞEBEKE HATTI ARIZASI,12/01/2024 13:06:03,12/01/2024 19:00:00,ATAKENT MAH. ATAKAN CAD. NO:7,"ATAKENT MAH,İSTİKLAL MAH"
5690,ÜMRANİYE,200 MM ÇAPLI ŞEBEKE HATTI ARIZASI,23/08/2023 16:08:54,23/08/2023 19:00:00,ATATÜRK MAH ALEMDAĞ CD NO:32,ATATÜRK MAH
5691,ÜMRANİYE,150 MM ÇAPLI ŞEBEKE HATTI ARIZASI,13/04/2023 09:37:06,13/04/2023 15:00:00,ATATÜRK MAH ALEMDAĞ CE ILE PAŞA ÇIKMAZI KESIŞIMI,ATATÜRK MAH
5692,ÜMRANİYE,100 MM ÇAPLI ŞEBEKE HATTI ARIZASI,29/04/2023 10:23:56,29/04/2023 14:00:00,ATATÜRK MAH. ALEMDAĞ CADDE GÜNEŞ SOKAK KESİŞİMİ,ATATÜRK MAH
5693,ÜMRANİYE,100 MM ÇAPLI ŞEBEKE HATTI ARIZASI,15/04/2023 13:43:01,15/04/2023 18:00:00,AŞAGI DUDULLU BUKET SK,"ADEM YAVUZ MAH,AŞAĞI DUDULLU MAH,HUZUR MAH,PARSELLER MAH"
5694,ÜMRANİYE,100 MM ÇAPLI ŞEBEKE HATTI ARIZASI,09/02/2024 23:12:20,10/02/2024 03:00:00,AŞAGI DUDULLU MAH SARAYBOSNA CD YENGİ SK KESİŞİMİ,AŞAĞI DUDULLU MAH
5695,ÜMRANİYE,ŞEBEKE HATTI VANA MONTAJI/DEĞİŞİMİ,16/05/2023 08:55:48,16/05/2023 14:30:00,AŞAĞI DUDULLU CAMİ CADDE GÖKHAN SOKAK KESİŞİMİ,"ADEM YAVUZ MAH,AŞAĞI DUDULLU MAH,HUZUR MAH,PARSELLER MAH"
5696,ÜMRANİYE,100 MM ÇAPLI ŞEBEKE HATTI ARIZASI,25/03/2023 16:40:16,25/03/2023 18:30:00,AŞAĞI DUDULLU MAH BARUT SK 35,AŞAĞI DUDULLU MAH
5697,ÜMRANİYE,100 MM ÇAPLI ŞEBEKE HATTI ARIZASI,09/02/2024 14:33:36,09/02/2024 19:00:00,AŞAĞI DUDULLU MAH SARAY BOSNA CD YENGİ SK KESİŞİMİ,AŞAĞI DUDULLU MAH
5698,ÜMRANİYE,500 MM ÇAPLI ANA İSALE HATTI ARIZASI,26/09/2023 18:03:50,27/09/2023 02:00:00,BULGURLU CAZİBE HATTI,"ARMAĞANEVLER MAH,ATAKENT MAH,ATATÜRK MAH,DUMLUPINAR MAH,ELMALIKENT MAH,ESENEVLER MAH,HEKİMBAŞI MAH,KAZIM KARABEKİR MAH,NAMIK KEMAL MAH,SARAY MAH,SİTE MAH,TANTAVİ MAH,TOPAĞACI MAH,YAMANEVLER MAH,İNKILAP MAH,İSTİKLAL MAH"
5699,ÜMRANİYE,150 MM ÇAPLI ŞEBEKE HATTI ARIZASI,19/12/2023 09:47:07,19/12/2023 14:00:00,CEMIL MERIÇ MAH. YÜCETEPE SOK. NO:6,"CEMİL MERİÇ MAH,IHLAMURKUYU MAH"
5700,ÜMRANİYE,150 MM ÇAPLI ŞEBEKE HATTI ARIZASI,18/12/2023 13:21:24,18/12/2023 19:00:00,CEMIL MERIÇ MAH. ÇAYIRÖNÜ CD. ÇELEBI SOK. BIRLEŞIMI,"CEMİL MERİÇ MAH,IHLAMURKUYU MAH"
5701,ÜMRANİYE,100 MM ÇAPLI ŞEBEKE HATTI ARIZASI,17/11/2023 14:38:21,17/11/2023 17:00:00,CEMILMERIÇ MAH AKKUŞ SK,CEMİL MERİÇ MAH
5702,ÜMRANİYE,100 MM ÇAPLI ŞEBEKE HATTI ARIZASI,27/02/2023 20:56:09,27/02/2023 23:30:00,CEMILMERIÇ MAH CEMALETTIN SOKAK,CEMİL MERİÇ MAH
5703,ÜMRANİYE,100 MM ÇAPLI ŞEBEKE HATTI ARIZASI,09/12/2023 09:32:42,09/12/2023 15:00:00,CEMILMERIÇ MAH ENGIN SK NO:12,CEMİL MERİÇ MAH
5704,ÜMRANİYE,100 MM ÇAPLI ŞEBEKE HATTI ARIZASI,18/07/2023 10:25:35,18/07/2023 12:00:00,CEMILMERIÇ MAH MAYISSK,"CEMİL MERİÇ MAH,IHLAMURKUYU MAH"
5705,ÜMRANİYE,100 MM ÇAPLI ŞEBEKE HATTI ARIZASI,30/03/2023 11:37:40,30/03/2023 14:30:00,CEMILMERIÇ MAH NİHAL SK 5 ÖNÜ,CEMİL MERİÇ MAH
5706,ÜMRANİYE,150 MM ÇAPLI ŞEBEKE HATTI ARIZASI,28/11/2023 13:32:39,28/11/2023 19:00:00,CEMİL MERİÇ MAH AHMET CEVDET PAŞA CD ÜZERİ,"CEMİL MERİÇ MAH,IHLAMURKUYU MAH"
5707,ÜMRANİYE,150 MM ÇAPLI ŞEBEKE HATTI ARIZASI,27/02/2023 09:27:29,27/02/2023 15:00:00,CEMİL MERİÇ MAH CEMALETTİN SK NO:11 ÖNÜ,"CEMİL MERİÇ MAH,IHLAMURKUYU MAH"
5708,ÜMRANİYE,100 MM ÇAPLI ŞEBEKE HATTI ARIZASI,20/02/2023 14:27:19,20/02/2023 17:00:00,CEMİL MERİÇ MAH YEŞİLDERE CD NO:145,"CEMİL MERİÇ MAH,IHLAMURKUYU MAH"
5709,ÜMRANİYE,100 MM ÇAPLI ŞEBEKE HATTI ARIZASI,22/08/2023 10:22:45,22/08/2023 14:00:00,CEMİL MERİÇ MAH YORDAM SK SONU,"CEMİL MERİÇ MAH,IHLAMURKUYU MAH"
5710,ÜMRANİYE,150 MM ÇAPLI ŞEBEKE HATTI ARIZASI,10/10/2023 16:24:10,10/10/2023 20:00:00,CEMİL MERİÇ MAH ÇAYIRÖNÜ CD ÜZERİ,"CEMİL MERİÇ MAH,IHLAMURKUYU MAH"
5711,ÜMRANİYE,150 MM ÇAPLI ŞEBEKE HATTI ARIZASI,30/05/2023 08:57:17,30/05/2023 14:30:00,CEMİL MERİÇ MAH. HALK CAD. SABAHATTİN SOK. KESİŞİMİ,"CEMİL MERİÇ MAH,IHLAMURKUYU MAH"
5712,ÜMRANİYE,150 MM ÇAPLI ŞEBEKE HATTI ARIZASI,29/05/2023 23:56:50,30/05/2023 14:30:00,CEMİL MERİÇ MAH. HALK CADDE SABAHATTİN SOK. KESİŞİMİ,"CEMİL MERİÇ MAH,IHLAMURKUYU MAH"
5713,ÜMRANİYE,150 MM ÇAPLI ŞEBEKE HATTI ARIZASI,09/09/2023 09:14:04,09/09/2023 17:00:00,CEMİL MERİÇ MAH. YEŞİLDERE CADDE İLE MUŞMULA CADDE KESİŞİMİ,"CEMİL MERİÇ MAH,IHLAMURKUYU MAH"
5714,ÜMRANİYE,100 MM ÇAPLI ŞEBEKE HATTI ARIZASI,31/01/2024 10:08:05,31/01/2024 12:00:00,CEMİL MERİÇ MAH. ÇAĞRI SOK. NO:3,"CEMİL MERİÇ MAH,IHLAMURKUYU MAH"
5715,ÜMRANİYE,100 MM ÇAPLI ŞEBEKE HATTI ARIZASI,22/12/2023 15:56:31,22/12/2023 19:00:00,CEMİL MERİÇ MAH.AKKUŞ SOK.NO:11,CEMİL MERİÇ MAH
5716,ÜMRANİYE,150 MM ÇAPLI ŞEBEKE HATTI ARIZASI,29/05/2023 23:58:54,30/05/2023 05:30:00,CEMİL MERİÇ MAH.HALK CAD İLE SEBAHATTIN SOKAK KESİŞİMİ,"CEMİL MERİÇ MAH,IHLAMURKUYU MAH"
5717,ÜMRANİYE,100 MM ÇAPLI ŞEBEKE HATTI ARIZASI,21/09/2023 10:37:47,21/09/2023 14:00:00,CEMİL MERİÇ MAH.HALK CAD.NO:57,"CEMİL MERİÇ MAH,IHLAMURKUYU MAH"
5718,ÜMRANİYE,100 MM ÇAPLI ŞEBEKE HATTI ARIZASI,16/08/2023 15:48:07,16/08/2023 19:00:00,CEMİL MERİÇ MUŞMULA CD NUH SK KESİŞİMİ,CEMİL MERİÇ MAH
5719,ÜMRANİYE,100 MM ÇAPLI ŞEBEKE HATTI ARIZASI,11/05/2023 13:14:12,11/05/2023 16:00:00,DUDULLU OSB 1 CD,DUDULLU OSB
5720,ÜMRANİYE,200 MM ÇAPLI ŞEBEKE HATTI ARIZASI,30/12/2023 12:11:11,30/12/2023 15:00:00,DUDULLU OSB DES 1. CADDE,DUDULLU OSB
5721,ÜMRANİYE,100 MM ÇAPLI ŞEBEKE HATTI ARIZASI,08/08/2023 15:05:58,08/08/2023 18:30:00,DUDULLU OSB İMES 501. SK ÜZERİ,DUDULLU OSB
5722,ÜMRANİYE,ANA İSALE HATTINA VANA MONTAJI / DEĞİŞİMİ,08/03/2023 21:58:43,09/03/2023 08:00:00,DUDULLU TERFI MERKEZI ÇIKIŞI,"ADEM YAVUZ MAH,ALTINŞEHİR MAH,AŞAĞI DUDULLU MAH,CEMİL MERİÇ MAH,DUDULLU OSB,ESENKENT MAH,ESENŞEHİR MAH,HUZUR MAH,IHLAMURKUYU MAH,PARSELLER MAH,TEPEÜSTÜ MAH,YUKARI DUDULLU MAH,ÇAKMAK MAH,ÇAMLIK MAH"
5723,ÜMRANİYE,TERFİ  MERKEZİ ARIZASI,14/06/2023 11:14:23,14/06/2023 12:30:00,DUDULLU TERFİ,"ADEM YAVUZ MAH,ALTINŞEHİR MAH,AŞAĞI DUDULLU MAH,CEMİL MERİÇ MAH,DUDULLU OSB,ESENKENT MAH,ESENŞEHİR MAH,FATİH SULTAN MEHMET MAH,HUZUR MAH,IHLAMURKUYU MAH,MADENLER MAH,MEHMET AKİF MAH,NECİP FAZIL MAH,PARSELLER MAH,TATLISU MAH,TEPEÜSTÜ MAH,YUKARI DUDULLU MAH,ÇAKMAK MAH,ÇAMLIK MAH,ŞERİFALİ MAH"
5724,ÜMRANİYE,ENERJİ KESİNTİSİ,06/12/2023 15:11:25,06/12/2023 18:00:00,DUDULLU TERFİ,"ADEM YAVUZ MAH,ALTINŞEHİR MAH,AŞAĞI DUDULLU MAH,CEMİL MERİÇ MAH,DUDULLU OSB,ESENKENT MAH,ESENŞEHİR MAH,FATİH SULTAN MEHMET MAH,HUZUR MAH,IHLAMURKUYU MAH,MADENLER MAH,MEHMET AKİF MAH,NECİP FAZIL MAH,PARSELLER MAH,TATLISU MAH,TEPEÜSTÜ MAH,YUKARI DUDULLU MAH,ÇAKMAK MAH,ÇAMLIK MAH,ŞERİFALİ MAH"
5725,ÜMRANİYE,100 MM ÇAPLI ŞEBEKE HATTI ARIZASI,19/07/2023 11:09:44,19/07/2023 14:00:00,DUMLUPINAR MAH YADELLER SK 2,"DUMLUPINAR MAH,HEKİMBAŞI MAH"
5726,ÜMRANİYE,100 MM ÇAPLI ŞEBEKE HATTI ARIZASI,19/07/2023 15:25:36,19/07/2023 16:30:00,DUMLUPINAR MAH YADELLER SK 2,"DUMLUPINAR MAH,HEKİMBAŞI MAH"
5727,ÜMRANİYE,100 MM ÇAPLI ŞEBEKE HATTI ARIZASI,18/01/2024 12:58:43,19/01/2024 09:00:00,ELMALIKENT MAH. SEYRANTEPE CAD. METRO İNŞAATI,"DUMLUPINAR MAH,ELMALIKENT MAH,KAZIM KARABEKİR MAH,TOPAĞACI MAH,İNKILAP MAH"
5728,ÜMRANİYE,150 MM ÇAPLI ŞEBEKE HATTI ARIZASI,11/12/2023 18:08:38,11/12/2023 23:59:00,ESENEVLER MAH TELATPAŞA CD İLE MAHİR SK KESİŞİMİ,ESENEVLER MAH
5729,ÜMRANİYE,150 MM ÇAPLI ŞEBEKE HATTI ARIZASI,25/12/2023 15:20:07,25/12/2023 19:00:00,ESENEVLER MAH. LOKMANHEKİM CAD. NO: 26,ESENEVLER MAH
5730,ÜMRANİYE,100 MM ÇAPLI ŞEBEKE HATTI ARIZASI,11/12/2023 10:42:47,11/12/2023 17:00:00,ESENEVLER MAH.YUNUS EMRE CADDE SONU,ESENEVLER MAH
5731,ÜMRANİYE,100 MM ÇAPLI ŞEBEKE HATTI ARIZASI,12/12/2023 12:43:34,12/12/2023 14:30:00,ESENŞEHİR MAH GÖLCÜK SK 33,ESENŞEHİR MAH
5732,ÜMRANİYE,100 MM ÇAPLI ŞEBEKE HATTI ARIZASI,22/09/2023 17:45:40,22/09/2023 19:00:00,ESENŞEHİR MAH. KÖMÜR SOK.,ESENŞEHİR MAH
5733,ÜMRANİYE,ENERJİ KESİNTİSİ,01/08/2023 23:10:11,02/08/2023 01:00:00,FERHATPAŞA TERFİ MERKEZİ,ESENŞEHİR MAH
5734,ÜMRANİYE,100 MM ÇAPLI ŞEBEKE HATTI ARIZASI,09/04/2023 07:35:32,09/04/2023 11:00:00,FİNANS KENT MAH. FİNANSKENT CD,FİNANSKENT MAH
5735,ÜMRANİYE,100 MM ÇAPLI ŞEBEKE HATTI ARIZASI,13/11/2023 20:49:33,14/11/2023 07:00:00,GÜLİSTAN SK,"YENİŞEHİR MAH,İSTİKLAL MAH"
5736,ÜMRANİYE,100 MM ÇAPLI ŞEBEKE HATTI ARIZASI,29/05/2023 15:50:58,29/05/2023 22:00:00,HALK CADDESİ LE SEBAHATTİN SOKAK KESİŞİMİ,"CEMİL MERİÇ MAH,IHLAMURKUYU MAH"
5737,ÜMRANİYE,150 MM ÇAPLI ŞEBEKE HATTI ARIZASI,12/06/2023 09:51:20,12/06/2023 14:00:00,HEKİMBAŞI MAH EVLİYA ÇELEBİ CD CEVVAL ÇIK.SK KESİŞİMİ,"HEKİMBAŞI MAH,İNKILAP MAH"
5738,ÜMRANİYE,ŞEBEKE HATTI DEPLASE ÇALIŞMASI,22/02/2023 11:37:26,22/02/2023 17:00:00,HEKİMBAŞI MAH GAZİ PAŞA CD ÜZERİ,HEKİMBAŞI MAH
5739,ÜMRANİYE,100 MM ÇAPLI ŞEBEKE HATTI ARIZASI,24/02/2023 13:58:19,24/02/2023 16:00:00,HEKİMBAŞI MAH KONDOL SK ÜZERİ,HEKİMBAŞI MAH
5740,ÜMRANİYE,100 MM ÇAPLI ŞEBEKE HATTI ARIZASI,24/02/2023 10:22:28,24/02/2023 15:00:00,HEKİMBAŞI MAH. BUDAK SOKAK SONU,HEKİMBAŞI MAH
5741,ÜMRANİYE,100 MM ÇAPLI ŞEBEKE HATTI ARIZASI,27/07/2023 15:53:16,27/07/2023 20:00:00,HEKİMBAŞI MAH. EVLİYA ÇELEBİ CADDE İLE ASA SOKAK KESİŞİMİ,"HEKİMBAŞI MAH,İNKILAP MAH"
5742,ÜMRANİYE,100 MM ÇAPLI ŞEBEKE HATTI ARIZASI,21/02/2023 12:10:23,21/02/2023 16:00:00,HEKİMBAŞI MAH. KONDOL SOKAK SONU,HEKİMBAŞI MAH
5743,ÜMRANİYE,100 MM ÇAPLI ŞEBEKE HATTI ARIZASI,23/02/2023 10:23:21,23/02/2023 17:00:00,HEKİMBAŞI MAH. KONDOL SOKAK SONU,"DUMLUPINAR MAH,HEKİMBAŞI MAH"
5744,ÜMRANİYE,100 MM ÇAPLI ŞEBEKE HATTI ARIZASI,20/07/2023 12:59:41,20/07/2023 16:00:00,HEKİMBAŞI MAH. YADELLER SOKAK NO 4 ÖNÜ,"DUMLUPINAR MAH,HEKİMBAŞI MAH"
5745,ÜMRANİYE,150 MM ÇAPLI ŞEBEKE HATTI ARIZASI,25/09/2023 10:47:09,25/09/2023 15:30:00,IHLAMURKUYU MAH BÜLBÜLDERE CD ATAEŞ CD KESIŞIMI,"CEMİL MERİÇ MAH,IHLAMURKUYU MAH"
5746,ÜMRANİYE,150 MM ÇAPLI ŞEBEKE HATTI ARIZASI,08/07/2023 17:03:00,08/07/2023 20:00:00,IHLAMURKUYU MAH. YEŞİLDERE CADDE NO 21 ÖNÜ,"CEMİL MERİÇ MAH,IHLAMURKUYU MAH"
5747,ÜMRANİYE,150 MM ÇAPLI ŞEBEKE HATTI ARIZASI,24/11/2023 10:41:06,24/11/2023 12:00:00,ISTIKLAL MAH. KILIÇ SOK.-OBA SOK. KESIŞIMI,İSTİKLAL MAH
5748,ÜMRANİYE,100 MM ÇAPLI ŞEBEKE HATTI ARIZASI,08/02/2024 16:36:36,08/02/2024 20:00:00,KAZIMKARABEKİR MAH. ŞEHİT HAYRETTİN YILDIRIM CADDE NO 2,"KAZIM KARABEKİR MAH,İNKILAP MAH"
5749,ÜMRANİYE,ENERJİ KESİNTİSİ,11/12/2023 19:15:20,11/12/2023 23:00:00,KÜÇÜKÇAMLICA VE BULGURLU TERFİ,"ARMAĞANEVLER MAH,ARMAĞANEVLER MAH,ATAKENT MAH,ATATÜRK MAH,DUMLUPINAR MAH,DUMLUPINAR MAH,ELMALIKENT MAH,ELMALIKENT MAH,ESENEVLER MAH,HEKİMBAŞI MAH,KAZIM KARABEKİR MAH,NAMIK KEMAL MAH,SARAY MAH,SİTE MAH,TANTAVİ MAH,TOPAĞACI MAH,YAMANEVLER MAH,İNKILAP MAH,İSTİKLAL MAH"
5750,ÜMRANİYE,100 MM ÇAPLI ŞEBEKE HATTI ARIZASI,22/05/2023 09:17:38,22/05/2023 17:30:00,MADENLER MAH FERAH SK,MADENLER MAH
5751,ÜMRANİYE,100 MM ÇAPLI ŞEBEKE HATTI ARIZASI,30/11/2023 10:13:52,30/11/2023 15:00:00,MADENLER MAH PALANDÖKEN CD ÜZERİ,MADENLER MAH
5752,ÜMRANİYE,100 MM ÇAPLI ŞEBEKE HATTI ARIZASI,22/12/2023 13:52:27,22/12/2023 17:00:00,MADENLER MAH. FESANE SOK. NO: 31-33 ÖNÜ,MADENLER MAH
5753,ÜMRANİYE,200 MM ÇAPLI ŞEBEKE HATTI ARIZASI,03/04/2023 15:01:50,03/04/2023 18:00:00,MEHMET AKIF MAH ŞANLI CD ÖZTEKIN CD KESIŞIMI,"MEHMET AKİF MAH,TATLISU MAH"
5754,ÜMRANİYE,150 MM ÇAPLI ŞEBEKE HATTI ARIZASI,28/03/2023 15:49:32,28/03/2023 19:00:00,MEHMET AKİF MAH ŞAHİN CD 27 ÖNÜ,"MEHMET AKİF MAH,TATLISU MAH"
5755,ÜMRANİYE,100 MM ÇAPLI ŞEBEKE HATTI ARIZASI,28/08/2023 11:46:53,28/08/2023 15:00:00,MEHMET AKİF MAH. MELİKŞAH SK NO:34,"MEHMET AKİF MAH,TATLISU MAH,ŞERİFALİ MAH"
5756,ÜMRANİYE,100 MM ÇAPLI ŞEBEKE HATTI ARIZASI,26/12/2023 09:27:25,26/12/2023 20:00:00,MEHMET AKİF MAH. OKAY CAD. TURGUT ÖZAL BULVARI BİRLEŞİMİ,"MEHMET AKİF MAH,TATLISU MAH,ŞERİFALİ MAH"
5757,ÜMRANİYE,100 MM ÇAPLI ŞEBEKE HATTI ARIZASI,25/12/2023 16:04:22,25/12/2023 23:59:00,MEHMET AKİF MAH. OKAY CAD. İLE TURGUT ÖZAL BULVARI KESİŞİMİ,"MEHMET AKİF MAH,TATLISU MAH,ÇAKMAK MAH,ŞERİFALİ MAH"
5758,ÜMRANİYE,100 MM ÇAPLI ŞEBEKE HATTI ARIZASI,06/09/2023 13:12:56,06/09/2023 16:30:00,MEHMET AKİF MAH. OKAY CD SARIYER SK KESİŞİMİ,"ALTINŞEHİR MAH,MEHMET AKİF MAH,ŞERİFALİ MAH"
5759,ÜMRANİYE,100 MM ÇAPLI ŞEBEKE HATTI ARIZASI,05/09/2023 16:40:22,05/09/2023 20:00:00,MEHMET AKİF MAH. ŞEFAAT  SOKAK ÜZERİ,"MEHMET AKİF MAH,TATLISU MAH,ŞERİFALİ MAH"
5760,ÜMRANİYE,200 MM ÇAPLI ŞEBEKE HATTI ARIZASI,29/04/2023 22:00:52,30/04/2023 05:00:00,MUSTAFA KEMAL MAH  3001 CADDE 3004 CADDE KESİŞİMİ,SİTE MAH
5761,ÜMRANİYE,150 MM ÇAPLI ŞEBEKE HATTI ARIZASI,19/12/2023 10:16:24,19/12/2023 17:00:00,NAMIK KEMAL MAH. KIRIŞHANE CAD. NO:49,"ESENEVLER MAH,NAMIK KEMAL MAH,YENİŞEHİR MAH"
5762,ÜMRANİYE,100 MM ÇAPLI ŞEBEKE HATTI ARIZASI,02/09/2023 19:52:36,02/09/2023 22:00:00,NECIP FAZIL MA,"AŞAĞI DUDULLU MAH,NECİP FAZIL MAH"
5763,ÜMRANİYE,100 MM ÇAPLI ŞEBEKE HATTI ARIZASI,19/09/2023 11:54:11,19/09/2023 20:00:00,NECIP FAZIL MAH HAMZA YERLI KAYA KESİŞİMI,"AŞAĞI DUDULLU MAH,NECİP FAZIL MAH"
5764,ÜMRANİYE,100 MM ÇAPLI ŞEBEKE HATTI ARIZASI,19/04/2023 10:39:46,19/04/2023 14:00:00,NECIPFAZIL MAH19 MAYIS 34 ÖNÜ,NECİP FAZIL MAH
5765,ÜMRANİYE,100 MM ÇAPLI ŞEBEKE HATTI ARIZASI,12/07/2023 13:18:26,12/07/2023 17:00:00,NECİP FAZIL MAH ULUS  CADDESİ NO:48 ÖNÜ,NECİP FAZIL MAH
5766,ÜMRANİYE,100 MM ÇAPLI ŞEBEKE HATTI ARIZASI,28/11/2023 13:00:26,28/11/2023 15:00:00,NECİP FAZIL MAH. GÜNEY SOK. NO:56,NECİP FAZIL MAH
5767,ÜMRANİYE,100 MM ÇAPLI ŞEBEKE HATTI ARIZASI,07/09/2023 09:53:33,07/09/2023 16:00:00,NECİP FAZIL MAH. MABEYN CD İLE GÜNEY SK KESİŞİMİ,NECİP FAZIL MAH
5768,ÜMRANİYE,100 MM ÇAPLI ŞEBEKE HATTI ARIZASI,15/02/2024 13:41:17,15/02/2024 16:00:00,NECİP FAZIL MAH. ÇALIŞKAN SK NO:8,NECİP FAZIL MAH
5769,ÜMRANİYE,100 MM ÇAPLI ŞEBEKE HATTI ARIZASI,29/11/2023 09:15:36,29/11/2023 11:00:00,NECİP FAZIL MAH.BAYIRGÜLÜ SOK. ORTASI,NECİP FAZIL MAH
5770,ÜMRANİYE,150 MM ÇAPLI ŞEBEKE HATTI ARIZASI,03/02/2024 12:31:10,03/02/2024 17:00:00,PARSELLER MAH. SELDA SOK.,"ADEM YAVUZ MAH,AŞAĞI DUDULLU MAH,HUZUR MAH,PARSELLER MAH"
5771,ÜMRANİYE,100 MM ÇAPLI ŞEBEKE HATTI ARIZASI,24/01/2024 09:30:58,24/01/2024 11:00:00,SARAY MAH. AHMET TEVFİK İLERİ CAD. NO:11,SARAY MAH
5772,ÜMRANİYE,100 MM ÇAPLI ŞEBEKE HATTI ARIZASI,03/06/2023 17:41:41,03/06/2023 20:30:00,SARAY MH. NAYA SK. SONU,SARAY MAH
5773,ÜMRANİYE,100 MM ÇAPLI ŞEBEKE HATTI ARIZASI,08/09/2023 08:58:48,08/09/2023 12:30:00,SITE MAH DIRILIŞ CAD NO 126,"ARMAĞANEVLER MAH,SİTE MAH"
5774,ÜMRANİYE,150 MM ÇAPLI ŞEBEKE HATTI ARIZASI,20/12/2023 14:48:24,20/12/2023 17:00:00,SITE MAH. ADAK SOK. NO:2,"ARMAĞANEVLER MAH,SİTE MAH"
5775,ÜMRANİYE,150 MM ÇAPLI ŞEBEKE HATTI ARIZASI,19/12/2023 13:05:59,19/12/2023 17:00:00,SITE MAH. ATAY CAD. METRO ŞANTIYESI IÇI,"ARMAĞANEVLER MAH,SİTE MAH"
5776,ÜMRANİYE,150 MM ÇAPLI ŞEBEKE HATTI ARIZASI,05/02/2024 09:37:59,05/02/2024 17:00:00,SİTE MAH ATAY CD METRO ŞANTİYE İÇİ,"ARMAĞANEVLER MAH,SİTE MAH"
5777,ÜMRANİYE,100 MM ÇAPLI ŞEBEKE HATTI ARIZASI,18/08/2023 14:51:18,18/08/2023 18:00:00,SİTE MAH ŞELALE CD ŞELALE EVLERİ ÖNÜ,SİTE MAH
5778,ÜMRANİYE,100 MM ÇAPLI ŞEBEKE HATTI ARIZASI,11/12/2023 09:38:38,11/12/2023 17:00:00,SİTE MAH.ATAY CAD.ÜZERİ METRO İNŞAATI,"ARMAĞANEVLER MAH,SİTE MAH"
5779,ÜMRANİYE,300 MM ÇAPLI ŞEBEKE HATTI ARIZASI,01/07/2023 18:06:14,01/07/2023 22:00:00,TANTAVİ  MAH  SU İŞ CADDESİ SİPAHİOĞLU CADDE BİRLEŞİMİ,TANTAVİ MAH
5780,ÜMRANİYE,100 MM ÇAPLI ŞEBEKE HATTI ARIZASI,14/12/2023 09:52:40,14/12/2023 15:00:00,TANTAVİ MAH.,TANTAVİ MAH
5781,ÜMRANİYE,100 MM ÇAPLI ŞEBEKE HATTI ARIZASI,15/03/2023 11:54:42,15/03/2023 16:00:00,TANTAVİ MAH. SİPAHİOĞLU CADDE İLE NATOYOLU CAD. KESİŞİMİ,TANTAVİ MAH
5782,ÜMRANİYE,100 MM ÇAPLI ŞEBEKE HATTI ARIZASI,14/12/2023 16:29:45,14/12/2023 19:00:00,TANTAVİ MAHALLESİ,TANTAVİ MAH
5783,ÜMRANİYE,100 MM ÇAPLI ŞEBEKE HATTI ARIZASI,19/08/2023 12:28:59,19/08/2023 16:00:00,TATLISU MAH SITKI SK SONU,"MEHMET AKİF MAH,TATLISU MAH"
5784,ÜMRANİYE,100 MM ÇAPLI ŞEBEKE HATTI ARIZASI,10/08/2023 17:00:40,10/08/2023 19:00:00,TATLISU MAH ŞAHİN CD 66 ÖNÜ,TATLISU MAH
5785,ÜMRANİYE,150 MM ÇAPLI ŞEBEKE HATTI ARIZASI,12/07/2023 09:36:53,12/07/2023 12:00:00,TATLISU MAH. ZÜLFİKAR SOKAK ÜZERİ,TATLISU MAH
5786,ÜMRANİYE,100 MM ÇAPLI ŞEBEKE HATTI ARIZASI,01/05/2023 10:05:03,01/05/2023 14:00:00,TOPAĞACI BAŞVEKIL CD 88,"DUMLUPINAR MAH,ELMALIKENT MAH,TOPAĞACI MAH"
5787,ÜMRANİYE,100 MM ÇAPLI ŞEBEKE HATTI ARIZASI,18/03/2023 08:51:05,18/03/2023 12:00:00,TOPAĞACI MAH. BAŞVEKİL CADDE NO 78,"DUMLUPINAR MAH,ELMALIKENT MAH,TOPAĞACI MAH"
5788,ÜMRANİYE,100 MM ÇAPLI ŞEBEKE HATTI ARIZASI,13/12/2023 14:57:18,13/12/2023 19:00:00,TOPAĞACI MAH.YEŞİLGÖLE CAD.NO:77,"DUMLUPINAR MAH,ELMALIKENT MAH,KAZIM KARABEKİR MAH,TOPAĞACI MAH"
5789,ÜMRANİYE,100 MM ÇAPLI ŞEBEKE HATTI ARIZASI,21/10/2023 10:50:03,21/10/2023 14:00:00,YAMAN EVLER MAH KARACABEY SK,YAMANEVLER MAH
5790,ÜMRANİYE,100 MM ÇAPLI ŞEBEKE HATTI ARIZASI,27/02/2023 11:08:57,27/02/2023 14:00:00,YAMANEVLER MAH KARACABEY SK ÜZERİ,YAMANEVLER MAH
5791,ÜMRANİYE,100 MM ÇAPLI ŞEBEKE HATTI ARIZASI,03/03/2023 14:57:22,03/03/2023 22:00:00,YAMANEVLER MAH. FATİH SULTAN MEHMET CADDE SONU,"ATATÜRK MAH,DUMLUPINAR MAH,ELMALIKENT MAH,KAZIM KARABEKİR MAH,TOPAĞACI MAH,YAMANEVLER MAH,İNKILAP MAH"
5792,ÜMRANİYE,100 MM ÇAPLI ŞEBEKE HATTI ARIZASI,11/10/2023 11:14:40,11/10/2023 17:00:00,YAMANEVLER MAH.RÜZGARLI SOK ÜZERİ,YAMANEVLER MAH
5793,ÜMRANİYE,100 MM ÇAPLI ŞEBEKE HATTI ARIZASI,03/12/2023 11:34:55,03/12/2023 15:00:00,YENİ SEHİR MAH 3133   SK,YENİŞEHİR MAH
5794,ÜMRANİYE,300 MM ÇAPLI ŞEBEKE HATTI ARIZASI,20/06/2023 10:33:24,20/06/2023 20:00:00,YENİŞEHİR MAH 3004 CD İLE 3010 CD KESİŞİMİ,"ATAKENT MAH,YENİŞEHİR MAH"
5795,ÜMRANİYE,100 MM ÇAPLI ŞEBEKE HATTI ARIZASI,21/09/2023 11:37:26,21/09/2023 16:30:00,YENİŞEHİR MAH 3130 SK NO:7 ÖNÜ,"ATAKENT MAH,YENİŞEHİR MAH"
5796,ÜMRANİYE,100 MM ÇAPLI ŞEBEKE HATTI ARIZASI,27/11/2023 10:19:34,27/11/2023 13:00:00,YENİŞEHİR MAH. 3004 CADDE ORTASI,YENİŞEHİR MAH
5797,ÜMRANİYE,100 MM ÇAPLI ŞEBEKE HATTI ARIZASI,26/04/2023 10:41:28,26/04/2023 14:00:00,YENİŞEHİR MAH. 3008 CADDE NO 42,"ATAKENT MAH,YENİŞEHİR MAH"
5798,ÜMRANİYE,100 MM ÇAPLI ŞEBEKE HATTI ARIZASI,10/03/2023 16:25:32,10/03/2023 19:00:00,YENİŞEHİR MAH. 3018 SOKAK İLE 3016 SOKAK KESİŞİMİ,"YENİŞEHİR MAH,İSTİKLAL MAH"
5799,ÜMRANİYE,100 MM ÇAPLI ŞEBEKE HATTI ARIZASI,17/11/2023 16:23:17,17/11/2023 19:00:00,YENİŞEHİR MAH. 3130 SOK. NO:5,YENİŞEHİR MAH
5800,ÜMRANİYE,100 MM ÇAPLI ŞEBEKE HATTI ARIZASI,05/01/2024 11:37:04,05/01/2024 15:00:00,YENİŞEHİR MAH. 3135 SOK. NO:6,YENİŞEHİR MAH
5801,ÜMRANİYE,100 MM ÇAPLI ŞEBEKE HATTI ARIZASI,21/09/2023 15:47:30,21/09/2023 19:00:00,YENİŞEHİR MAH.3008 CAD.NO:8,"ATAKENT MAH,YENİŞEHİR MAH"
5802,ÜMRANİYE,150 MM ÇAPLI ŞEBEKE HATTI ARIZASI,17/11/2023 16:00:41,17/11/2023 20:00:00,YUKARFI DUDULLU MAH. METANET SOK. ÜZERİ,YUKARI DUDULLU MAH
5803,ÜMRANİYE,100 MM ÇAPLI ŞEBEKE HATTI ARIZASI,20/11/2023 10:56:50,20/11/2023 13:30:00,YUKARI DUDULLU KASİDE SK NO:6,YUKARI DUDULLU MAH
5804,ÜMRANİYE,100 MM ÇAPLI ŞEBEKE HATTI ARIZASI,28/04/2023 09:24:29,28/04/2023 14:00:00,YUKARI DUDULLU KEREM SK ILE METANET SK KESIŞIMI,YUKARI DUDULLU MAH
5805,ÜMRANİYE,150 MM ÇAPLI ŞEBEKE HATTI ARIZASI,01/11/2023 09:47:44,01/11/2023 18:44:00,YUKARI DUDULLU MAH. METANET SK ÜZERİ,YUKARI DUDULLU MAH
5806,ÜMRANİYE,150 MM ÇAPLI ŞEBEKE HATTI ARIZASI,11/11/2023 15:18:06,11/11/2023 17:00:00,YUKARI DUDULLU MAH. METANET SK ÜZERİ,YUKARI DUDULLU MAH
5807,ÜMRANİYE,150 MM ÇAPLI ŞEBEKE HATTI ARIZASI,18/12/2023 09:55:45,18/12/2023 13:30:00,YUKARI DUDULLU MAH. METANET SK ÜZERİ,YUKARI DUDULLU MAH
5808,ÜMRANİYE,100 MM ÇAPLI ŞEBEKE HATTI ARIZASI,09/06/2023 17:46:48,09/06/2023 19:00:00,YUKARI DUDULLU MAH. TURUNÇ SOKAK İLE ÇAM SOKAK KESİŞİMİ,YUKARI DUDULLU MAH
5809,ÜMRANİYE,100 MM ÇAPLI ŞEBEKE HATTI ARIZASI,29/12/2023 15:22:44,29/12/2023 19:00:00,YUKARI DUDULLU NEVRUZ SK NO:15,YUKARI DUDULLU MAH
5810,ÜMRANİYE,100 MM ÇAPLI ŞEBEKE HATTI ARIZASI,25/04/2023 10:12:00,25/04/2023 14:00:00,YUKARI DUDULU AKARDERE SK,YUKARI DUDULLU MAH
5811,ÜMRANİYE,100 MM ÇAPLI ŞEBEKE HATTI ARIZASI,12/08/2023 19:59:51,12/08/2023 23:00:00,YUKARI DUDULU MAH KUTLUAY SK,YUKARI DUDULLU MAH
5812,ÜMRANİYE,150 MM ÇAPLI ŞEBEKE HATTI ARIZASI,17/04/2023 14:39:25,17/04/2023 18:00:00,YUKARI DUDULU NARLI SK ILE METANET SK KESIŞIMI,YUKARI DUDULLU MAH
5813,ÜMRANİYE,150 MM ÇAPLI ŞEBEKE HATTI ARIZASI,18/04/2023 09:04:39,18/04/2023 14:00:00,YUKARI DUDULU NAZLI SK ILE METANET SK KESIŞIMI,YUKARI DUDULLU MAH
5814,ÜMRANİYE,150 MM ÇAPLI ŞEBEKE HATTI ARIZASI,14/06/2023 10:18:08,14/06/2023 14:00:00,YUKARI DUDULU NAZLI SK METANET SK KESIŞIMI,YUKARI DUDULLU MAH
5815,ÜMRANİYE,100 MM ÇAPLI ŞEBEKE HATTI ARIZASI,21/02/2023 11:35:22,21/02/2023 15:30:00,ÇAKMAK MAH. VARAN CAD. İTFAİYE ÖNÜ,"ÇAKMAK MAH,ÇAMLIK MAH"
5816,ÜMRANİYE,100 MM ÇAPLI ŞEBEKE HATTI ARIZASI,08/04/2023 12:05:53,08/04/2023 15:00:00,ÇAMLIK MAH AŞKIN SK İLE DEFNE SK KESİŞİMİ,"ÇAKMAK MAH,ÇAMLIK MAH"
5817,ÜMRANİYE,250 MM ÇAPLI ŞEBEKE HATTI ARIZASI,18/01/2024 10:46:21,18/01/2024 19:00:00,ÇAMLIK MAH. İKBAL CAD. GÜLBEYAZ SOK. KESİŞİMİ,"ÇAKMAK MAH,ÇAMLIK MAH"
5818,ÜMRANİYE,1200 MM ÇAPLI ANA İSALE HATTI ARIZASI,03/09/2023 00:00:39,03/09/2023 04:00:00,ÇEKMEKÖY CAZİBE HATTI,"AŞAĞI DUDULLU MAH,MADENLER MAH,NECİP FAZIL MAH"
5819,ÜMRANİYE,ENERJİ KESİNTİSİ,12/11/2023 00:05:04,12/11/2023 07:00:00,ÖMERLİ ARITMA MERKEZİ,"ADEM YAVUZ MAH,ALTINŞEHİR MAH,ARMAĞANEVLER MAH,ARMAĞANEVLER MAH,ATAKENT MAH,ATATÜRK MAH,AŞAĞI DUDULLU MAH,CEMİL MERİÇ MAH,DUDULLU OSB,DUMLUPINAR MAH,DUMLUPINAR MAH,ELMALIKENT MAH,ELMALIKENT MAH,ESENEVLER MAH,ESENEVLER MAH,ESENKENT MAH,ESENŞEHİR MAH,FATİH SULTAN MEHMET MAH,HEKİMBAŞI MAH,HEKİMBAŞI MAH,HUZUR MAH,IHLAMURKUYU MAH,KAZIM KARABEKİR MAH,KAZIM KARABEKİR MAH,MADENLER MAH,MEHMET AKİF MAH,NAMIK KEMAL MAH,NAMIK KEMAL MAH,NECİP FAZIL MAH,PARSELLER MAH,SARAY MAH,SİTE MAH,SİTE MAH,TANTAVİ MAH,TANTAVİ MAH,TATLISU MAH,TEPEÜSTÜ MAH,TOPAĞACI MAH,TOPAĞACI MAH,YAMANEVLER MAH,YAMANEVLER MAH,YUKARI DUDULLU MAH,ÇAKMAK MAH,ÇAMLIK MAH,İNKILAP MAH,İSTİKLAL MAH,İSTİKLAL MAH,ŞERİFALİ MAH"
5820,ÜMRANİYE,ŞEBEKE HATTI VANA MONTAJI/DEĞİŞİMİ,10/09/2023 16:11:16,10/09/2023 20:30:00,ÜMRANIYE NAMIK KEMAL MAH CENGIZ TOPEL CAD MOTIF SK KESIŞIMI,"ARMAĞANEVLER MAH,ATAKENT MAH,ATATÜRK MAH,DUMLUPINAR MAH,ELMALIKENT MAH,ESENEVLER MAH,HEKİMBAŞI MAH,KAZIM KARABEKİR MAH,NAMIK KEMAL MAH,SARAY MAH,SİTE MAH,TANTAVİ MAH,TOPAĞACI MAH,YAMANEVLER MAH,İNKILAP MAH,İSTİKLAL MAH"
5821,ÜMRANİYE,900 MM ÇAPLI ANA İSALE HATTI ARIZASI,22/12/2023 13:18:11,22/12/2023 20:00:00,ÜMRANİYE-ALEMDAĞ CADDESİ.,"ARMAĞANEVLER MAH,ATAKENT MAH,ATATÜRK MAH,DUMLUPINAR MAH,ELMALIKENT MAH,HEKİMBAŞI MAH,KAZIM KARABEKİR MAH,SARAY MAH,SİTE MAH,TANTAVİ MAH,TOPAĞACI MAH"
5822,ÜMRANİYE,150 MM ÇAPLI ŞEBEKE HATTI ARIZASI,30/09/2023 13:30:54,30/09/2023 17:30:00,İNKİLAP MAH KÜÇÜKSU CD NO:149,"DUMLUPINAR MAH,ELMALIKENT MAH,HEKİMBAŞI MAH,KAZIM KARABEKİR MAH,TOPAĞACI MAH,İNKILAP MAH"
5823,ÜMRANİYE,100 MM ÇAPLI ŞEBEKE HATTI ARIZASI,19/12/2023 10:52:33,19/12/2023 15:00:00,İSTIKLAL MAH. KAZIM KARABEKIR CAD. VE REŞIT PAŞA CAD. BIRLEŞIMI,"ATAKENT MAH,İSTİKLAL MAH"
5824,ÜMRANİYE,100 MM ÇAPLI ŞEBEKE HATTI ARIZASI,22/11/2023 12:49:27,22/11/2023 15:00:00,İSTİKLAL MAH. CEVHER SOK. ORTASI,İSTİKLAL MAH
5825,ÜMRANİYE,150 MM ÇAPLI ŞEBEKE HATTI ARIZASI,03/02/2024 10:36:18,03/02/2024 19:00:00,İSTİKLAL MAH. GÜLİSTAN SOK.,"YENİŞEHİR MAH,İSTİKLAL MAH"
5826,ÜMRANİYE,100 MM ÇAPLI ŞEBEKE HATTI ARIZASI,24/05/2023 11:01:01,24/05/2023 15:00:00,ŞERIFALI MAH ENDAM SK ILE ZIYNET SK KESIŞIMI,"ALTINŞEHİR MAH,MEHMET AKİF MAH,TATLISU MAH,TEPEÜSTÜ MAH,ŞERİFALİ MAH"
5827,ÜMRANİYE,100 MM ÇAPLI ŞEBEKE HATTI ARIZASI,02/01/2024 11:03:48,02/01/2024 14:00:00,ŞERİFALİ MAH. MİRAS SOK. NO:27,ŞERİFALİ MAH
5828,ÜMRANİYE,100 MM ÇAPLI ŞEBEKE HATTI ARIZASI,27/10/2023 16:14:37,27/10/2023 19:00:00,ŞERİFALİ MAH. TEZCAN CD MÜNEVVER SK KESİŞİMİ,ŞERİFALİ MAH
5829,ÜSKÜDAR,100 MM ÇAPLI ŞEBEKE HATTI ARIZASI,23/01/2024 12:02:47,23/01/2024 14:00:00,ACIBADEM MAH,ACIBADEM MAH
5830,ÜSKÜDAR,100 MM ÇAPLI ŞEBEKE HATTI ARIZASI,22/11/2023 14:18:48,22/11/2023 18:00:00,ACIBADEM MAH TATLISU SK,ACIBADEM MAH
5831,ÜSKÜDAR,100 MM ÇAPLI ŞEBEKE HATTI ARIZASI,15/06/2023 14:31:52,15/06/2023 17:00:00,ACIBADEM MAH.ACIBADEM CAD,ACIBADEM MAH
5832,ÜSKÜDAR,100 MM ÇAPLI ŞEBEKE HATTI ARIZASI,04/10/2023 15:52:15,04/10/2023 19:00:00,ACIBADEM MAHALLESİ BAŞKENT SOKAK,ACIBADEM MAH
5833,ÜSKÜDAR,100 MM ÇAPLI ŞEBEKE HATTI ARIZASI,05/04/2023 15:35:48,05/04/2023 19:00:00,ACIBADEM MAHALLESİ CÜNEYT KOŞAL SOKAK,ACIBADEM MAH
5834,ÜSKÜDAR,100 MM ÇAPLI ŞEBEKE HATTI ARIZASI,24/04/2023 11:33:13,24/04/2023 13:30:00,ACIBADEM MAHALLESİ ÇINAR SOKAK,ACIBADEM MAH
5835,ÜSKÜDAR,100 MM ÇAPLI ŞEBEKE HATTI ARIZASI,22/11/2023 11:43:46,22/11/2023 15:00:00,ACIBADEM MH. ATIF BEY SOK,"ACIBADEM MAH,ALTUNİZADE MAH"
5836,ÜSKÜDAR,100 MM ÇAPLI ŞEBEKE HATTI ARIZASI,30/11/2023 15:48:49,30/11/2023 18:00:00,ACIBADEM MH. DOĞANCI SK,ACIBADEM MAH
5837,ÜSKÜDAR,100 MM ÇAPLI ŞEBEKE HATTI ARIZASI,14/10/2023 14:16:25,14/10/2023 16:30:00,AHMEDİYE MAH GÜNDOĞUMU CD,AHMEDİYE MAH
5838,ÜSKÜDAR,ŞEBEKE HATTI YENİLEMESİ,23/08/2023 14:32:20,23/08/2023 17:00:00,AHMEDİYE MAH İNADİYE MESCİT SK,AHMEDİYE MAH
5839,ÜSKÜDAR,100 MM ÇAPLI ŞEBEKE HATTI ARIZASI,03/05/2023 16:15:58,03/05/2023 18:30:00,AHMEDİYE MAHALLESİ DÖNMEDOLAP SOKAK,AHMEDİYE MAH
5840,ÜSKÜDAR,150 MM ÇAPLI ŞEBEKE HATTI ARIZASI,13/07/2023 08:14:08,13/07/2023 11:00:00,AHMEDİYE MAHALLESİ ŞAİR NAİLİ SOKAK,AHMEDİYE MAH
5841,ÜSKÜDAR,100 MM ÇAPLI ŞEBEKE HATTI ARIZASI,31/12/2023 17:28:32,31/12/2023 21:00:00,ALTINZADE MAHKALFA ÇEŞME SK,"ACIBADEM MAH,ALTUNİZADE MAH"
5842,ÜSKÜDAR,100 MM ÇAPLI ŞEBEKE HATTI ARIZASI,17/04/2023 16:57:17,17/04/2023 18:00:00,ALTUNIZADE MAH  TOPHANELIOĞLU CD,ALTUNİZADE MAH
5843,ÜSKÜDAR,100 MM ÇAPLI ŞEBEKE HATTI ARIZASI,20/01/2024 12:05:23,20/01/2024 12:40:00,ALTUNİZADE MAH ATIFBEY SK,"ACIBADEM MAH,ALTUNİZADE MAH"
5844,ÜSKÜDAR,100 MM ÇAPLI ŞEBEKE HATTI ARIZASI,14/12/2023 14:12:26,14/12/2023 18:00:00,ALTUNİZADE MAH. ATIF BEY SOK.,"ACIBADEM MAH,ALTUNİZADE MAH"
5845,ÜSKÜDAR,100 MM ÇAPLI ŞEBEKE HATTI ARIZASI,22/05/2023 10:32:46,22/05/2023 12:30:00,ALTUNİZADE MAHALLESİ ATIFBEY SOKAK,ALTUNİZADE MAH
5846,ÜSKÜDAR,100 MM ÇAPLI ŞEBEKE HATTI ARIZASI,24/05/2023 11:45:42,24/05/2023 15:00:00,ALTUNİZADE MAHALLESİ ATIFBEY SOKAK,ALTUNİZADE MAH
5847,ÜSKÜDAR,100 MM ÇAPLI ŞEBEKE HATTI ARIZASI,01/09/2023 11:04:59,01/09/2023 13:00:00,ALTUNİZADE MAHALLESİ GÜLLÜ BAHÇE SOKAK,"ALTUNİZADE MAH,BARBAROS MAH"
5848,ÜSKÜDAR,100 MM ÇAPLI ŞEBEKE HATTI ARIZASI,27/11/2023 09:22:59,27/11/2023 13:00:00,ALTUNİZADE MH. KALFA ÇEŞME SK,"ACIBADEM MAH,ALTUNİZADE MAH"
5849,ÜSKÜDAR,150 MM ÇAPLI ŞEBEKE HATTI ARIZASI,28/12/2023 09:48:38,28/12/2023 12:50:00,ALTUNİZADE MH. KALFA ÇEŞME SK.,"ACIBADEM MAH,ALTUNİZADE MAH"
5850,ÜSKÜDAR,150 MM ÇAPLI ŞEBEKE HATTI ARIZASI,28/12/2023 15:10:10,28/12/2023 16:30:00,ALTUNİZADE MH. KALFA ÇEŞMESİ SK.,ALTUNİZADE MAH
5851,ÜSKÜDAR,300 MM ÇAPLI ŞEBEKE HATTI ARIZASI,18/01/2024 13:25:17,18/01/2024 19:00:00,ALTUNİZADE MH. KALFA ÇEŞMESİ SK.,"ACIBADEM MAH,ALTUNİZADE MAH"
5852,ÜSKÜDAR,100 MM ÇAPLI ŞEBEKE HATTI ARIZASI,22/11/2023 13:33:57,22/11/2023 17:00:00,ALTUNİZADE MH. ORD. PROF. FAHRETTİN KERİM GÖKAY CD,ALTUNİZADE MAH
5853,ÜSKÜDAR,150 MM ÇAPLI ŞEBEKE HATTI ARIZASI,12/03/2023 13:50:15,12/03/2023 16:00:00,AZIZ MAHMUT HÜDAI MAH AZIZ MAHMUT EFENDI SK,"AZİZ MAHMUT HÜDAYİ MAH,SALACAK MAH"
5854,ÜSKÜDAR,100 MM ÇAPLI ŞEBEKE HATTI ARIZASI,27/12/2023 15:01:26,27/12/2023 16:20:00,AZİZ MAHMUT HÜDAYİ MH. AZİZ MAHMUT EFENDİ SK.,"AZİZ MAHMUT HÜDAYİ MAH,SALACAK MAH"
5855,ÜSKÜDAR,100 MM ÇAPLI ŞEBEKE HATTI ARIZASI,19/12/2023 10:47:31,19/12/2023 14:00:00,AZİZ MAHMUT HÜDAYİ MH. HAREM SAHİL YOLU CD.,"AZİZ MAHMUT HÜDAYİ MAH,SALACAK MAH,SELİMİYE MAH"
5856,ÜSKÜDAR,100 MM ÇAPLI ŞEBEKE HATTI ARIZASI,25/08/2023 16:39:16,25/08/2023 19:00:00,AZİZ MAHMUT HÜDAİ MAHALLESİ,AZİZ MAHMUT HÜDAYİ MAH
5857,ÜSKÜDAR,100 MM ÇAPLI ŞEBEKE HATTI ARIZASI,14/06/2023 09:25:37,14/06/2023 12:00:00,AZİZ MAHMUT HÜDAİ MAHALLESİ AÇIK TÜRBE SOKAK,"AZİZ MAHMUT HÜDAYİ MAH,SALACAK MAH"
5858,ÜSKÜDAR,100 MM ÇAPLI ŞEBEKE HATTI ARIZASI,23/03/2023 13:25:13,23/03/2023 15:30:00,AZİZ MAHMUT HÜDAİ MAHALLESİ HÜDAİ MAHMUT SOKAK,"AZİZ MAHMUT HÜDAYİ MAH,MİMAR SİNAN MAH"
5859,ÜSKÜDAR,100 MM ÇAPLI ŞEBEKE HATTI ARIZASI,29/04/2023 13:54:25,29/04/2023 16:00:00,BAHCELİEVLER MAH.SUBOYU SOKAK,BAHÇELİEVLER MAH
5860,ÜSKÜDAR,100 MM ÇAPLI ŞEBEKE HATTI ARIZASI,10/01/2024 14:45:29,10/01/2024 15:25:00,BAHÇELIEVLER MAH HÜRRIYET SK,BAHÇELİEVLER MAH
5861,ÜSKÜDAR,100 MM ÇAPLI ŞEBEKE HATTI ARIZASI,23/02/2023 15:44:00,23/02/2023 18:00:00,BAHÇELIEVLER MAH. GENCER SOKAK,BAHÇELİEVLER MAH
5862,ÜSKÜDAR,100 MM ÇAPLI ŞEBEKE HATTI ARIZASI,06/07/2023 16:19:49,06/07/2023 19:30:00,BAHÇELIEVLER MAH.ZAMBAK SOKAK,BAHÇELİEVLER MAH
5863,ÜSKÜDAR,100 MM ÇAPLI ŞEBEKE HATTI ARIZASI,14/11/2023 10:23:54,14/11/2023 13:00:00,BAHÇELİEVELER MAH ZÜBEYDE HANIM CD,"BAHÇELİEVLER MAH,GÜZELTEPE MAH,KİRAZLITEPE MAH,ÇENGELKÖY MAH"
5864,ÜSKÜDAR,150 MM ÇAPLI ŞEBEKE HATTI ARIZASI,02/02/2024 16:48:22,02/02/2024 19:00:00,BAHÇELİEVLER MAH,BAHÇELİEVLER MAH
5865,ÜSKÜDAR,100 MM ÇAPLI ŞEBEKE HATTI ARIZASI,25/05/2023 16:39:24,25/05/2023 19:00:00,BAHÇELİEVLER MAH   SUBOYU SOKAK İÇİ,BAHÇELİEVLER MAH
5866,ÜSKÜDAR,100 MM ÇAPLI ŞEBEKE HATTI ARIZASI,15/04/2023 14:01:06,15/04/2023 15:00:00,BAHÇELİEVLER MAH AYÇA SOKAK SONU,BAHÇELİEVLER MAH
5867,ÜSKÜDAR,100 MM ÇAPLI ŞEBEKE HATTI ARIZASI,22/09/2023 09:54:27,22/09/2023 13:00:00,BAHÇELİEVLER MAH VATAN PERVER SK,BAHÇELİEVLER MAH
5868,ÜSKÜDAR,100 MM ÇAPLI ŞEBEKE HATTI ARIZASI,05/12/2023 11:19:09,05/12/2023 16:00:00,BAHÇELİEVLER MAH ÖZEN SK,BAHÇELİEVLER MAH
5869,ÜSKÜDAR,100 MM ÇAPLI ŞEBEKE HATTI ARIZASI,18/03/2023 10:43:44,18/03/2023 14:00:00,BAHÇELİEVLER MAH.ALİBEY SOKAK,BAHÇELİEVLER MAH
5870,ÜSKÜDAR,100 MM ÇAPLI ŞEBEKE HATTI ARIZASI,16/04/2023 02:41:03,16/04/2023 04:00:00,BAHÇELİEVLER MAH.DEMİRKOL SOKAK,BAHÇELİEVLER MAH
5871,ÜSKÜDAR,100 MM ÇAPLI ŞEBEKE HATTI ARIZASI,07/06/2023 16:59:20,07/06/2023 19:00:00,BAHÇELİEVLER MAH.ÖZEN SOKAK,BAHÇELİEVLER MAH
5872,ÜSKÜDAR,100 MM ÇAPLI ŞEBEKE HATTI ARIZASI,01/08/2023 10:07:15,01/08/2023 12:00:00,BAHÇELİEVLER MAHALLESİ ATA-2 SİTESİ,BAHÇELİEVLER MAH
5873,ÜSKÜDAR,100 MM ÇAPLI ŞEBEKE HATTI ARIZASI,30/05/2023 08:56:37,30/05/2023 12:00:00,BAHÇELİEVLER MAHALLESİ BİLLUR SOKAK,BAHÇELİEVLER MAH
5874,ÜSKÜDAR,100 MM ÇAPLI ŞEBEKE HATTI ARIZASI,22/08/2023 16:20:47,22/08/2023 19:00:00,BAHÇELİEVLER MAHALLESİ DEMİRKOL SOKAK,BAHÇELİEVLER MAH
5875,ÜSKÜDAR,100 MM ÇAPLI ŞEBEKE HATTI ARIZASI,16/08/2023 10:32:46,16/08/2023 13:00:00,BAHÇELİEVLER MAHALLESİ KAYIN CADDESİ,BAHÇELİEVLER MAH
5876,ÜSKÜDAR,100 MM ÇAPLI ŞEBEKE HATTI ARIZASI,22/05/2023 15:16:09,22/05/2023 17:30:00,BAHÇELİEVLER MAHALLESİ METE SOKAK,BAHÇELİEVLER MAH
5877,ÜSKÜDAR,100 MM ÇAPLI ŞEBEKE HATTI ARIZASI,12/06/2023 12:21:37,12/06/2023 15:00:00,BAHÇELİEVLER MAHALLESİ NİLÜFER SOKAK,BAHÇELİEVLER MAH
5878,ÜSKÜDAR,100 MM ÇAPLI ŞEBEKE HATTI ARIZASI,04/05/2023 13:35:28,04/05/2023 15:00:00,BAHÇELİEVLER MAHALLESİ SUBOYU SOKAK,BAHÇELİEVLER MAH
5879,ÜSKÜDAR,100 MM ÇAPLI ŞEBEKE HATTI ARIZASI,23/05/2023 11:35:21,23/05/2023 13:30:00,BAHÇELİEVLER MAHALLESİ SUBOYU SOKAK,BAHÇELİEVLER MAH
5880,ÜSKÜDAR,100 MM ÇAPLI ŞEBEKE HATTI ARIZASI,24/05/2023 14:41:41,24/05/2023 17:30:00,BAHÇELİEVLER MAHALLESİ SUBOYU SOKAK,BAHÇELİEVLER MAH
5881,ÜSKÜDAR,300 MM ÇAPLI ŞEBEKE HATTI ARIZASI,20/07/2023 10:59:00,20/07/2023 15:00:00,BAHÇELİEVLER MAHALLESİ SÖĞÜT CADDESİ,BAHÇELİEVLER MAH
5882,ÜSKÜDAR,100 MM ÇAPLI ŞEBEKE HATTI ARIZASI,29/12/2023 12:20:52,29/12/2023 14:00:00,BARABAROS MAH BAŞKAN SK,BARBAROS MAH
5883,ÜSKÜDAR,100 MM ÇAPLI ŞEBEKE HATTI ARIZASI,08/10/2023 13:25:53,08/10/2023 16:00:00,BARBAROS MAH,"ALTUNİZADE MAH,BARBAROS MAH"
5884,ÜSKÜDAR,100 MM ÇAPLI ŞEBEKE HATTI ARIZASI,27/10/2023 09:26:56,27/10/2023 12:00:00,BARBAROS MAH. KARAYOLLARI SİTESİ SK,BARBAROS MAH
5885,ÜSKÜDAR,100 MM ÇAPLI ŞEBEKE HATTI ARIZASI,20/03/2023 11:44:12,20/03/2023 14:00:00,BARBAROS MAH.SERÇE SOKAK,"ALTUNİZADE MAH,BARBAROS MAH"
5886,ÜSKÜDAR,100 MM ÇAPLI ŞEBEKE HATTI ARIZASI,20/07/2023 13:56:47,20/07/2023 15:00:00,BARBAROS MAHALLESİ MUSTAFA PEHLİVAN SOKAK,BARBAROS MAH
5887,ÜSKÜDAR,100 MM ÇAPLI ŞEBEKE HATTI ARIZASI,15/12/2023 11:58:52,15/12/2023 14:00:00,BARBAROS MH. ALAATTİN YAVAŞÇA SK,BARBAROS MAH
5888,ÜSKÜDAR,100 MM ÇAPLI ŞEBEKE HATTI ARIZASI,18/12/2023 10:57:39,18/12/2023 15:00:00,BARBAROS MH. FERDİ ÜNER SK.,BARBAROS MAH
5889,ÜSKÜDAR,ŞEBEKE HATTI VANA MONTAJI/DEĞİŞİMİ,15/11/2023 20:18:26,15/11/2023 23:30:00,BAĞATUR SOKAK NO 8,BAHÇELİEVLER MAH
5890,ÜSKÜDAR,100 MM ÇAPLI ŞEBEKE HATTI ARIZASI,15/04/2023 11:04:53,15/04/2023 13:00:00,BEHÇELİEVLER MAH KARGI SK NO:26 ÖNÜ,BAHÇELİEVLER MAH
5891,ÜSKÜDAR,150 MM ÇAPLI ŞEBEKE HATTI ARIZASI,19/02/2024 10:56:10,19/02/2024 13:00:00,BEYLERBEYI MAH KILIÇLI SK,BEYLERBEYİ MAH
5892,ÜSKÜDAR,100 MM ÇAPLI ŞEBEKE HATTI ARIZASI,02/12/2023 11:16:33,02/12/2023 17:00:00,BEYLERBEYI MAH YALIBOYU CD,"BEYLERBEYİ MAH,ÇENGELKÖY MAH"
5893,ÜSKÜDAR,100 MM ÇAPLI ŞEBEKE HATTI ARIZASI,02/02/2024 23:57:55,03/02/2024 02:00:00,BEYLERBEYİ MAH YALI BOYU CD 52,BEYLERBEYİ MAH
5894,ÜSKÜDAR,100 MM ÇAPLI ŞEBEKE HATTI ARIZASI,10/07/2023 08:48:22,10/07/2023 11:00:00,BEYLERBEYİ MAH.BEYLERBEYİ ABDULLAHAĞA CAD,BEYLERBEYİ MAH
5895,ÜSKÜDAR,100 MM ÇAPLI ŞEBEKE HATTI ARIZASI,16/03/2023 09:12:58,16/03/2023 10:30:00,BEYLERBEYİ MAH.TAŞ OCAKLARI SOKAK,"BEYLERBEYİ MAH,KÜPLÜCE MAH"
5896,ÜSKÜDAR,150 MM ÇAPLI ŞEBEKE HATTI ARIZASI,07/08/2023 12:20:24,07/08/2023 14:00:00,BEYLERBEYİ MAHALLESİ KILIÇLI SOKAK,BEYLERBEYİ MAH
5897,ÜSKÜDAR,ANA İSALE HATTINA VANA MONTAJI / DEĞİŞİMİ,17/09/2023 21:52:38,18/09/2023 12:00:00,BEYLERBEYİ SARAYI ÖNÜ,"BEYLERBEYİ MAH,GÜZELTEPE MAH,KANDİLLİ MAH,KULELİ MAH,KÜÇÜKSU MAH,ÇENGELKÖY MAH"
5898,ÜSKÜDAR,500 MM ÇAPLI ANA İSALE HATTI ARIZASI,26/09/2023 18:03:50,27/09/2023 02:00:00,BULGURLU CAZİBE HATTI,"BAHÇELİEVLER MAH,GÜZELTEPE MAH,KANDİLLİ MAH,KULELİ MAH,KÜPLÜCE MAH,KÜÇÜKSU MAH,MEHMET AKİF ERSOY MAH,YAVUZTÜRK MAH,ÇENGELKÖY MAH"
5899,ÜSKÜDAR,100 MM ÇAPLI ŞEBEKE HATTI ARIZASI,19/12/2023 13:56:28,19/12/2023 14:30:00,BULGURLU MAH ÖMER SEYFETTİN SK,BULGURLU MAH
5900,ÜSKÜDAR,100 MM ÇAPLI ŞEBEKE HATTI ARIZASI,01/03/2023 15:23:59,01/03/2023 18:00:00,BULGURLU MAH. KİREÇ FIRINI SOKAK,BULGURLU MAH
5901,ÜSKÜDAR,100 MM ÇAPLI ŞEBEKE HATTI ARIZASI,29/07/2023 14:48:32,29/07/2023 18:00:00,BULGURLU MAHALLESİ BÜLBÜL SOKAK,BULGURLU MAH
5902,ÜSKÜDAR,100 MM ÇAPLI ŞEBEKE HATTI ARIZASI,25/04/2023 12:58:38,25/04/2023 17:00:00,BULGURLU MAHALLESİ DERE SOKAK NO 7,"BULGURLU MAH,CUMHURİYET MAH"
5903,ÜSKÜDAR,100 MM ÇAPLI ŞEBEKE HATTI ARIZASI,09/10/2023 13:32:00,09/10/2023 16:30:00,BULGURLU MAHALLESİ GÜNAYDIN ÇIKMAZI,BULGURLU MAH
5904,ÜSKÜDAR,100 MM ÇAPLI ŞEBEKE HATTI ARIZASI,09/11/2023 11:29:50,09/11/2023 13:20:00,BULGURLU MH. KARLIDERE CD.,"BULGURLU MAH,CUMHURİYET MAH"
5905,ÜSKÜDAR,100 MM ÇAPLI ŞEBEKE HATTI ARIZASI,02/11/2023 15:00:33,02/11/2023 18:00:00,BULGURLU MH. ÜNLÜ SK,"BULGURLU MAH,CUMHURİYET MAH,KÜÇÜK ÇAMLICA MAH"
5906,ÜSKÜDAR,ENERJİ KESİNTİSİ,16/08/2023 13:08:53,16/08/2023 15:00:00,BULGURLU TERFİ,"ALTUNİZADE MAH,BURHANİYE MAH,FERAH MAH,KULELİ MAH,KÜPLÜCE MAH,KÜÇÜK ÇAMLICA MAH,MEHMET AKİF ERSOY MAH,YAVUZTÜRK MAH"
5907,ÜSKÜDAR,100 MM ÇAPLI ŞEBEKE HATTI ARIZASI,23/11/2023 10:35:52,23/11/2023 16:20:00,BURHANIYE MAH ERTTÜRK SK,"BEYLERBEYİ MAH,BURHANİYE MAH,KÜPLÜCE MAH"
5908,ÜSKÜDAR,100 MM ÇAPLI ŞEBEKE HATTI ARIZASI,07/03/2023 13:08:52,07/03/2023 15:00:00,BURHANIYE MAH. ENVERIYE SOKAK,BURHANİYE MAH
5909,ÜSKÜDAR,100 MM ÇAPLI ŞEBEKE HATTI ARIZASI,21/10/2023 15:14:50,21/10/2023 17:30:00,BURHANİYE MAH ESKİ KISIKLI CD,BURHANİYE MAH
5910,ÜSKÜDAR,100 MM ÇAPLI ŞEBEKE HATTI ARIZASI,28/11/2023 11:04:18,28/11/2023 14:00:00,BURHANİYE MAH GÜRGEN SK,BURHANİYE MAH
5911,ÜSKÜDAR,100 MM ÇAPLI ŞEBEKE HATTI ARIZASI,16/12/2023 13:05:15,16/12/2023 16:00:00,BURHANİYE MAH KAĞITÇIBAŞI SK,BURHANİYE MAH
5912,ÜSKÜDAR,100 MM ÇAPLI ŞEBEKE HATTI ARIZASI,02/12/2023 11:36:05,02/12/2023 17:00:00,BURHANİYE MAH REŞATBEY SK,BURHANİYE MAH
5913,ÜSKÜDAR,100 MM ÇAPLI ŞEBEKE HATTI ARIZASI,20/02/2023 12:02:27,20/02/2023 15:00:00,BURHANİYE MAH.ENVERİYE SOKAK,BURHANİYE MAH
5914,ÜSKÜDAR,100 MM ÇAPLI ŞEBEKE HATTI ARIZASI,05/06/2023 15:17:10,05/06/2023 16:30:00,BURHANİYE MAH.ENVERİYE SOKAK,BURHANİYE MAH
5915,ÜSKÜDAR,100 MM ÇAPLI ŞEBEKE HATTI ARIZASI,22/05/2023 11:08:33,22/05/2023 14:00:00,BURHANİYE MAHALLESİ MEFKURE SOKAK,BURHANİYE MAH
5916,ÜSKÜDAR,100 MM ÇAPLI ŞEBEKE HATTI ARIZASI,14/08/2023 12:51:04,14/08/2023 15:00:00,BURHANİYE MAHALLESİ MEFKURE SOKAK,BURHANİYE MAH
5917,ÜSKÜDAR,200 MM ÇAPLI ŞEBEKE HATTI ARIZASI,21/07/2023 16:44:22,21/07/2023 20:00:00,BURHANİYE MAHALLESİ RESMİ EFENDİ SOKAK,BURHANİYE MAH
5918,ÜSKÜDAR,100 MM ÇAPLI ŞEBEKE HATTI ARIZASI,27/09/2023 14:00:19,27/09/2023 16:00:00,BURHANİYE MAHALLESİ ÇAMLICA CADDESİ,BURHANİYE MAH
5919,ÜSKÜDAR,100 MM ÇAPLI ŞEBEKE HATTI ARIZASI,22/08/2023 09:38:00,22/08/2023 15:00:00,BURHANİYE ÇAMLICA DERESİ SOKAK,"BURHANİYE MAH,KISIKLI MAH,KÜPLÜCE MAH,KİRAZLITEPE MAH,MEHMET AKİF ERSOY MAH,ÇENGELKÖY MAH"
5920,ÜSKÜDAR,100 MM ÇAPLI ŞEBEKE HATTI ARIZASI,12/09/2023 14:58:06,12/09/2023 16:00:00,CUMHURIYET  MA  KARLIDRE CD,CUMHURİYET MAH
5921,ÜSKÜDAR,150 MM ÇAPLI ŞEBEKE HATTI ARIZASI,09/05/2023 16:35:22,09/05/2023 18:30:00,CUMHURIYET MAH,CUMHURİYET MAH
5922,ÜSKÜDAR,100 MM ÇAPLI ŞEBEKE HATTI ARIZASI,30/11/2023 13:01:18,30/11/2023 13:40:00,CUMHURİYET MAH ACAR SK,CUMHURİYET MAH
5923,ÜSKÜDAR,100 MM ÇAPLI ŞEBEKE HATTI ARIZASI,05/08/2023 11:12:21,05/08/2023 13:30:00,CUMHURİYET MAH COŞKUN SK,KÜÇÜK ÇAMLICA MAH
5924,ÜSKÜDAR,100 MM ÇAPLI ŞEBEKE HATTI ARIZASI,25/11/2023 11:55:25,25/11/2023 16:00:00,CUMHURİYET MAH MEŞECİK SK,CUMHURİYET MAH
5925,ÜSKÜDAR,100 MM ÇAPLI ŞEBEKE HATTI ARIZASI,14/09/2023 10:15:25,14/09/2023 12:30:00,CUMHURİYET MAH YÜZER SK,CUMHURİYET MAH
5926,ÜSKÜDAR,100 MM ÇAPLI ŞEBEKE HATTI ARIZASI,09/02/2024 09:33:18,09/02/2024 12:00:00,CUMHURİYET MAH. BAĞLAR İÇİ SK.,CUMHURİYET MAH
5927,ÜSKÜDAR,100 MM ÇAPLI ŞEBEKE HATTI ARIZASI,11/04/2023 11:05:55,11/04/2023 14:00:00,CUMHURİYET MAH.KARLIDERE CAD,"BULGURLU MAH,CUMHURİYET MAH"
5928,ÜSKÜDAR,100 MM ÇAPLI ŞEBEKE HATTI ARIZASI,26/09/2023 10:57:35,26/09/2023 13:30:00,CUMHURİYET MAHALLESİ BOYALI SOKAK,CUMHURİYET MAH
5929,ÜSKÜDAR,100 MM ÇAPLI ŞEBEKE HATTI ARIZASI,08/09/2023 15:37:28,08/09/2023 18:00:00,CUMHURİYET MAHALLESİ HARBİYE SOKAK,CUMHURİYET MAH
5930,ÜSKÜDAR,100 MM ÇAPLI ŞEBEKE HATTI ARIZASI,16/05/2023 12:00:31,16/05/2023 14:00:00,CUMHURİYET MAHALLESİ KANİ KARACA SOKAK,"CUMHURİYET MAH,KÜÇÜK ÇAMLICA MAH"
5931,ÜSKÜDAR,100 MM ÇAPLI ŞEBEKE HATTI ARIZASI,02/08/2023 09:56:30,02/08/2023 12:00:00,CUMHURİYET MAHALLESİ SÖĞÜTLÜ ÇAYIR CADDESİ,CUMHURİYET MAH
5932,ÜSKÜDAR,100 MM ÇAPLI ŞEBEKE HATTI ARIZASI,10/10/2023 15:12:22,10/10/2023 18:00:00,CUMHURİYET MAHLESİ LİBADİYE CD,CUMHURİYET MAH
5933,ÜSKÜDAR,100 MM ÇAPLI ŞEBEKE HATTI ARIZASI,21/12/2023 16:15:49,21/12/2023 18:00:00,CUMHURİYET MH. ÖZDEN SK,CUMHURİYET MAH
5934,ÜSKÜDAR,BASINÇ DÜŞÜKLÜĞÜ,26/03/2023 21:01:14,26/03/2023 23:59:00,DEPO,"ACIBADEM MAH,ALTUNİZADE MAH,BARBAROS MAH,MURATREİS MAH,SELAMİ ALİ MAH,VALİDE-İ ATİK MAH,İCADİYE MAH"
5935,ÜSKÜDAR,ŞEBEKE HATTI VANA MONTAJI/DEĞİŞİMİ,30/04/2023 13:04:22,30/04/2023 22:00:00,ESATPAŞA MAHALLESI ADNAN MENDERES CADDESI ILE YUNUS EMRE SOKAK KÖŞE,ÜNALAN MAH
5936,ÜSKÜDAR,150 MM ÇAPLI ŞEBEKE HATTI ARIZASI,30/05/2023 22:23:53,31/05/2023 01:30:00,FERAH MAH . FERAH CAD,KISIKLI MAH
5937,ÜSKÜDAR,ŞEBEKE HATTI YENİLEMESİ,19/08/2023 13:28:14,19/08/2023 15:30:00,FERAH MAH GÖKHAN SK,FERAH MAH
5938,ÜSKÜDAR,100 MM ÇAPLI ŞEBEKE HATTI ARIZASI,14/11/2023 10:55:54,14/11/2023 13:30:00,FERAH MAH KURAL SK,FERAH MAH
5939,ÜSKÜDAR,ŞEBEKE HATTI YENİLEMESİ,12/08/2023 16:00:51,12/08/2023 18:00:00,FERAH MAH MASAL SK,FERAH MAH
5940,ÜSKÜDAR,100 MM ÇAPLI ŞEBEKE HATTI ARIZASI,02/12/2023 15:48:01,02/12/2023 19:00:00,FERAH MAH SARRAF SK,FERAH MAH
5941,ÜSKÜDAR,100 MM ÇAPLI ŞEBEKE HATTI ARIZASI,16/11/2023 09:42:26,16/11/2023 17:00:00,FERAH MAH VE YAVUZTÜRK MAH,"FERAH MAH,YAVUZTÜRK MAH"
5942,ÜSKÜDAR,100 MM ÇAPLI ŞEBEKE HATTI ARIZASI,23/04/2023 12:33:02,23/04/2023 15:30:00,FERAH MAH ŞHT. KEMAL EKŞİ SK,FERAH MAH
5943,ÜSKÜDAR,250 MM ÇAPLI ŞEBEKE HATTI ARIZASI,07/06/2023 10:41:53,07/06/2023 15:00:00,FERAH MAH. FERAH CD,"FERAH MAH,KISIKLI MAH"
5944,ÜSKÜDAR,100 MM ÇAPLI ŞEBEKE HATTI ARIZASI,31/10/2023 10:49:08,31/10/2023 13:00:00,FERAH MAH. KOSOVA SK.,"FERAH MAH,YAVUZTÜRK MAH"
5945,ÜSKÜDAR,100 MM ÇAPLI ŞEBEKE HATTI ARIZASI,22/03/2023 11:22:56,22/03/2023 13:30:00,FERAH MAH.DERECİ SOKAK,FERAH MAH
5946,ÜSKÜDAR,100 MM ÇAPLI ŞEBEKE HATTI ARIZASI,10/06/2023 14:08:50,10/06/2023 16:00:00,FERAH MAH.GÖKHAN SOKAK,FERAH MAH
5947,ÜSKÜDAR,100 MM ÇAPLI ŞEBEKE HATTI ARIZASI,06/04/2023 11:39:39,06/04/2023 14:00:00,FERAH MAH.IRMAK SOKAK 10,FERAH MAH
5948,ÜSKÜDAR,100 MM ÇAPLI ŞEBEKE HATTI ARIZASI,13/07/2023 13:55:30,13/07/2023 18:00:00,FERAH MAHALLESİ MEHMET AKİF ERSOY CADDESİ,FERAH MAH
5949,ÜSKÜDAR,150 MM ÇAPLI ŞEBEKE HATTI ARIZASI,13/07/2023 14:42:03,13/07/2023 18:00:00,FERAH MAHALLESİ MEHMET AKİF ERSOY CADDESİ,ACIBADEM MAH
5950,ÜSKÜDAR,100 MM ÇAPLI ŞEBEKE HATTI ARIZASI,04/09/2023 10:27:17,04/09/2023 13:00:00,FERAH MAHALLESİ TAŞLI BAYIR SOKAK,FERAH MAH
5951,ÜSKÜDAR,100 MM ÇAPLI ŞEBEKE HATTI ARIZASI,31/08/2023 09:39:47,31/08/2023 15:00:00,FERAH MAHALLESİ TAŞLIBAYIR SOKAK,FERAH MAH
5952,ÜSKÜDAR,100 MM ÇAPLI ŞEBEKE HATTI ARIZASI,01/06/2023 14:40:22,01/06/2023 19:00:00,FERAH MAHALLESİ TELEVİZYON SOKAK,"FERAH MAH,KISIKLI MAH"
5953,ÜSKÜDAR,100 MM ÇAPLI ŞEBEKE HATTI ARIZASI,10/11/2023 10:45:46,10/11/2023 14:00:00,FERAH MH. GÖKHAN SK.,"FERAH MAH,YAVUZTÜRK MAH"
5954,ÜSKÜDAR,100 MM ÇAPLI ŞEBEKE HATTI ARIZASI,19/05/2023 09:53:48,19/05/2023 12:00:00,GÜLTEPE MAHALLESI SIVAS SOKAK,GÜZELTEPE MAH
5955,ÜSKÜDAR,100 MM ÇAPLI ŞEBEKE HATTI ARIZASI,25/01/2024 15:41:40,25/01/2024 17:00:00,GÜZELTEPE MAH ERDEMLER SK,GÜZELTEPE MAH
5956,ÜSKÜDAR,100 MM ÇAPLI ŞEBEKE HATTI ARIZASI,25/01/2024 12:55:03,25/01/2024 15:00:00,GÜZELTEPE MAH ERDEMLİLER SK,GÜZELTEPE MAH
5957,ÜSKÜDAR,100 MM ÇAPLI ŞEBEKE HATTI ARIZASI,21/09/2023 13:43:24,21/09/2023 17:00:00,GÜZELTEPE MAH KALDIRIM CD,GÜZELTEPE MAH
5958,ÜSKÜDAR,100 MM ÇAPLI ŞEBEKE HATTI ARIZASI,20/09/2023 17:04:30,20/09/2023 19:00:00,GÜZELTEPE MAH MERTCAN SK,GÜZELTEPE MAH
5959,ÜSKÜDAR,100 MM ÇAPLI ŞEBEKE HATTI ARIZASI,11/02/2024 13:00:00,11/02/2024 15:00:00,GÜZELTEPE MAH OKUL ÖNÜ CD 32,GÜZELTEPE MAH
5960,ÜSKÜDAR,100 MM ÇAPLI ŞEBEKE HATTI ARIZASI,20/05/2023 09:42:56,20/05/2023 11:00:00,GÜZELTEPE MAH TUĞLU SK,GÜZELTEPE MAH
5961,ÜSKÜDAR,100 MM ÇAPLI ŞEBEKE HATTI ARIZASI,26/01/2024 15:03:20,26/01/2024 16:03:00,GÜZELTEPE MAH ÇAMLIKTEPE CD,GÜZELTEPE MAH
5962,ÜSKÜDAR,100 MM ÇAPLI ŞEBEKE HATTI ARIZASI,28/02/2023 15:44:35,28/02/2023 18:00:00,GÜZELTEPE MAH. SÖNMEZ SOKAK,GÜZELTEPE MAH
5963,ÜSKÜDAR,150 MM ÇAPLI ŞEBEKE HATTI ARIZASI,15/05/2023 13:44:23,15/05/2023 17:00:00,GÜZELTEPE MAH. SİSVAS SK,GÜZELTEPE MAH
5964,ÜSKÜDAR,ŞEBEKE HATTI VANA MONTAJI/DEĞİŞİMİ,31/03/2023 13:54:28,31/03/2023 18:00:00,GÜZELTEPE MAH. ÇALIKAVAK SK,"GÜZELTEPE MAH,ÇENGELKÖY MAH"
5965,ÜSKÜDAR,100 MM ÇAPLI ŞEBEKE HATTI ARIZASI,01/04/2023 11:00:13,01/04/2023 15:00:00,GÜZELTEPE MAH.KEREM SOKAK,GÜZELTEPE MAH
5966,ÜSKÜDAR,100 MM ÇAPLI ŞEBEKE HATTI ARIZASI,01/05/2023 10:12:16,01/05/2023 13:00:00,GÜZELTEPE MAH.KÜÇÜK NAMAZGAH CAD,"GÜZELTEPE MAH,MEHMET AKİF ERSOY MAH"
5967,ÜSKÜDAR,100 MM ÇAPLI ŞEBEKE HATTI ARIZASI,27/02/2023 14:07:13,27/02/2023 15:30:00,GÜZELTEPE MAH.TAN SOKAK,GÜZELTEPE MAH
5968,ÜSKÜDAR,100 MM ÇAPLI ŞEBEKE HATTI ARIZASI,26/02/2023 11:47:32,26/02/2023 15:00:00,GÜZELTEPE MAH.ÇAGDAŞ SOKAK,"GÜZELTEPE MAH,ÇENGELKÖY MAH"
5969,ÜSKÜDAR,100 MM ÇAPLI ŞEBEKE HATTI ARIZASI,13/04/2023 10:37:40,13/04/2023 13:00:00,GÜZELTEPE MAH.ÇANAKÇI SOKAK,GÜZELTEPE MAH
5970,ÜSKÜDAR,100 MM ÇAPLI ŞEBEKE HATTI ARIZASI,09/05/2023 14:37:33,09/05/2023 17:00:00,GÜZELTEPE MAHALLESİ ANITLAR SOKAK,GÜZELTEPE MAH
5971,ÜSKÜDAR,100 MM ÇAPLI ŞEBEKE HATTI ARIZASI,29/05/2023 10:42:01,29/05/2023 13:00:00,GÜZELTEPE MAHALLESİ ANITLAR SOKAK,"GÜZELTEPE MAH,ÇENGELKÖY MAH"
5972,ÜSKÜDAR,100 MM ÇAPLI ŞEBEKE HATTI ARIZASI,25/05/2023 11:06:32,25/05/2023 12:30:00,GÜZELTEPE MAHALLESİ CENGİZ TOPEL SOKAK,GÜZELTEPE MAH
5973,ÜSKÜDAR,100 MM ÇAPLI ŞEBEKE HATTI ARIZASI,04/08/2023 10:25:54,04/08/2023 13:00:00,GÜZELTEPE MAHALLESİ KARA DUMAN SOKAK,GÜZELTEPE MAH
5974,ÜSKÜDAR,100 MM ÇAPLI ŞEBEKE HATTI ARIZASI,15/05/2023 16:19:06,15/05/2023 18:30:00,GÜZELTEPE MAHALLESİ METİN HERGİN SOKAK,GÜZELTEPE MAH
5975,ÜSKÜDAR,200 MM ÇAPLI ŞEBEKE HATTI ARIZASI,22/07/2023 09:14:32,22/07/2023 10:30:00,GÜZELTEPE MAHALLESİ MOR LALE SOKAK,GÜZELTEPE MAH
5976,ÜSKÜDAR,100 MM ÇAPLI ŞEBEKE HATTI ARIZASI,27/03/2023 11:54:13,27/03/2023 14:00:00,GÜZELTEPE MAHALLESİ SARI PAPATYA SOKAK NO:9 ÖNÜ,GÜZELTEPE MAH
5977,ÜSKÜDAR,100 MM ÇAPLI ŞEBEKE HATTI ARIZASI,15/05/2023 15:33:27,15/05/2023 17:30:00,GÜZELTEPE MAHALLESİ TAŞBAYIR SOKAK,"GÜZELTEPE MAH,ÇENGELKÖY MAH"
5978,ÜSKÜDAR,100 MM ÇAPLI ŞEBEKE HATTI ARIZASI,03/08/2023 10:44:05,03/08/2023 12:00:00,GÜZELTEPE MAHALLESİ VURAL SOKAK,GÜZELTEPE MAH
5979,ÜSKÜDAR,150 MM ÇAPLI ŞEBEKE HATTI ARIZASI,12/07/2023 08:42:36,12/07/2023 11:00:00,GÜZELTEPE MAHALLESİ ÇALIKAVAK SOKAK,"GÜZELTEPE MAH,ÇENGELKÖY MAH"
5980,ÜSKÜDAR,150 MM ÇAPLI ŞEBEKE HATTI ARIZASI,25/07/2023 14:31:27,25/07/2023 16:00:00,GÜZELTEPE MAHALLESİ ŞÜKÜR ÇIKMAZI,GÜZELTEPE MAH
5981,ÜSKÜDAR,100 MM ÇAPLI ŞEBEKE HATTI ARIZASI,06/07/2023 18:43:02,07/07/2023 01:00:00,"GÜZELTEPE MAHALLESİ, SİVAS SOKAK",GÜZELTEPE MAH
5982,ÜSKÜDAR,100 MM ÇAPLI ŞEBEKE HATTI ARIZASI,14/11/2023 15:35:34,14/11/2023 18:00:00,GÜZELTEPE MAK OKUL ÖNÜ CD,GÜZELTEPE MAH
5983,ÜSKÜDAR,100 MM ÇAPLI ŞEBEKE HATTI ARIZASI,08/05/2023 15:42:41,08/05/2023 18:00:00,GÜZELTPE MAHALLESİ KÜÇÜK NAMAZGAH CADDESİ,GÜZELTEPE MAH
5984,ÜSKÜDAR,ŞEBEKE HATTI VANA MONTAJI/DEĞİŞİMİ,16/11/2023 16:41:45,16/11/2023 20:00:00,GİRESUN SK,MEHMET AKİF ERSOY MAH
5985,ÜSKÜDAR,ARIZA SEBEBİ İLE BASINÇ DÜŞÜKLÜĞÜ,19/12/2023 21:58:28,20/12/2023 08:00:00,HAREM 2200 MM İSALE HATTI,"ACIBADEM MAH,AHMEDİYE MAH,BARBAROS MAH,BEYLERBEYİ MAH,BURHANİYE MAH,KANDİLLİ MAH,KULELİ MAH,KUZGUNCUK MAH,KÜPLÜCE MAH,KÜÇÜKSU MAH,MURATREİS MAH,MİMAR SİNAN MAH,SALACAK MAH,SELAMİ ALİ MAH,SELİMİYE MAH,SULTANTEPE MAH,VALİDE-İ ATİK MAH,ZEYNEP KAMİL MAH,ÇENGELKÖY MAH,ÜNALAN MAH"
5986,ÜSKÜDAR,100 MM ÇAPLI ŞEBEKE HATTI ARIZASI,17/11/2023 10:37:12,17/11/2023 15:00:00,KIRAZLITEPE MAH KÜLTÜR SK,"KİRAZLITEPE MAH,MEHMET AKİF ERSOY MAH"
5987,ÜSKÜDAR,100 MM ÇAPLI ŞEBEKE HATTI ARIZASI,20/10/2023 17:35:14,20/10/2023 19:30:00,KIRAZLITEPE MAHALLESI BOĞAZIÇI CADDESI,KİRAZLITEPE MAH
5988,ÜSKÜDAR,100 MM ÇAPLI ŞEBEKE HATTI ARIZASI,07/10/2023 14:56:05,07/10/2023 18:00:00,KISIKLI MAH AHİ SK,KISIKLI MAH
5989,ÜSKÜDAR,100 MM ÇAPLI ŞEBEKE HATTI ARIZASI,23/12/2023 11:41:49,23/12/2023 17:00:00,KISIKLI MAH AYLAAĞABEGÜM SK,"FERAH MAH,KISIKLI MAH"
5990,ÜSKÜDAR,100 MM ÇAPLI ŞEBEKE HATTI ARIZASI,15/11/2023 12:04:45,15/11/2023 19:30:00,KISIKLI MAH BOSNA BULVARI,"FERAH MAH,KISIKLI MAH"
5991,ÜSKÜDAR,100 MM ÇAPLI ŞEBEKE HATTI ARIZASI,30/08/2023 17:20:41,30/08/2023 19:00:00,KISIKLI MAH SALKIM SK ÜSKÜDAR,KISIKLI MAH
5992,ÜSKÜDAR,100 MM ÇAPLI ŞEBEKE HATTI ARIZASI,15/03/2023 09:51:33,15/03/2023 14:00:00,KISIKLI MAH.ABDİPAŞA SOKAK,KISIKLI MAH
5993,ÜSKÜDAR,100 MM ÇAPLI ŞEBEKE HATTI ARIZASI,03/05/2023 12:20:34,03/05/2023 15:30:00,KISIKLI MAH.REŞATBEY SOKAK,"FERAH MAH,KISIKLI MAH"
5994,ÜSKÜDAR,100 MM ÇAPLI ŞEBEKE HATTI ARIZASI,05/05/2023 13:54:29,05/05/2023 15:00:00,KISIKLI MAHALLESİ HACI ARİFBEY SOKAK,KISIKLI MAH
5995,ÜSKÜDAR,150 MM ÇAPLI ŞEBEKE HATTI ARIZASI,01/08/2023 14:07:48,01/08/2023 16:00:00,KISIKLI MAHALLESİ IŞIN SOKAK,"FERAH MAH,KISIKLI MAH"
5996,ÜSKÜDAR,100 MM ÇAPLI ŞEBEKE HATTI ARIZASI,29/09/2023 08:25:39,29/09/2023 16:00:00,KISIKLI MAHALLESİ REŞAT BEY SOKAK,KISIKLI MAH
5997,ÜSKÜDAR,100 MM ÇAPLI ŞEBEKE HATTI ARIZASI,02/10/2023 14:25:30,02/10/2023 17:00:00,KISIKLI MAHALLESİ REŞATBEY SOKAK,KISIKLI MAH
5998,ÜSKÜDAR,100 MM ÇAPLI ŞEBEKE HATTI ARIZASI,13/10/2023 15:44:21,13/10/2023 18:00:00,KISIKLI MAHALLESİ REŞATBEY SOKAK,KISIKLI MAH
5999,ÜSKÜDAR,150 MM ÇAPLI ŞEBEKE HATTI ARIZASI,14/12/2023 15:46:46,14/12/2023 19:00:00,KISIKLI MH. ABDİPAŞA SK,"FERAH MAH,KISIKLI MAH"
6000,ÜSKÜDAR,100 MM ÇAPLI ŞEBEKE HATTI ARIZASI,23/02/2023 10:16:32,23/02/2023 16:00:00,KISIKLI MİNARE SOKAK,"FERAH MAH,KISIKLI MAH,KÜPLÜCE MAH,KİRAZLITEPE MAH,MEHMET AKİF ERSOY MAH"
6001,ÜSKÜDAR,100 MM ÇAPLI ŞEBEKE HATTI ARIZASI,12/08/2023 13:24:35,12/08/2023 17:00:00,KULELI MAH FEZA SK,KULELİ MAH
6002,ÜSKÜDAR,100 MM ÇAPLI ŞEBEKE HATTI ARIZASI,02/08/2023 09:32:27,02/08/2023 12:00:00,KULELİ MAHALLESİ FEZA SOKAK,KULELİ MAH
6003,ÜSKÜDAR,150 MM ÇAPLI ŞEBEKE HATTI ARIZASI,16/08/2023 09:50:25,16/08/2023 12:00:00,KULELİ MAHALLESİ HAVACI SOKAK,KULELİ MAH
6004,ÜSKÜDAR,100 MM ÇAPLI ŞEBEKE HATTI ARIZASI,28/07/2023 09:57:47,28/07/2023 12:00:00,KULELİ MAHALLESİ ŞEKİP AYHAN ÖZIŞIK CADDESİ,KULELİ MAH
6005,ÜSKÜDAR,100 MM ÇAPLI ŞEBEKE HATTI ARIZASI,15/12/2023 10:44:14,15/12/2023 13:00:00,KULELİ MH. ŞEKİP AYHAN ÖZIŞIK CD.,KULELİ MAH
6006,ÜSKÜDAR,100 MM ÇAPLI ŞEBEKE HATTI ARIZASI,06/06/2023 12:22:00,06/06/2023 14:30:00,KUZGUNCU YAKUP,"KUZGUNCUK MAH,İCADİYE MAH"
6007,ÜSKÜDAR,100 MM ÇAPLI ŞEBEKE HATTI ARIZASI,28/11/2023 13:21:48,28/11/2023 15:30:00,KUZGUNCUK MAH KUZGUNCUK DERESİ SK,KUZGUNCUK MAH
6008,ÜSKÜDAR,150 MM ÇAPLI ŞEBEKE HATTI ARIZASI,02/06/2023 09:44:05,02/06/2023 12:00:00,KUZGUNCUK MAH İCADİYE CD,KUZGUNCUK MAH
6009,ÜSKÜDAR,100 MM ÇAPLI ŞEBEKE HATTI ARIZASI,07/06/2023 21:30:49,07/06/2023 23:30:00,KUZGUNCUK MAH.NACAK SOKAK,KUZGUNCUK MAH
6010,ÜSKÜDAR,100 MM ÇAPLI ŞEBEKE HATTI ARIZASI,01/06/2023 11:22:46,01/06/2023 13:00:00,KUZGUNCUK MAHALLESİ ASKER SOKAK,KUZGUNCUK MAH
6011,ÜSKÜDAR,100 MM ÇAPLI ŞEBEKE HATTI ARIZASI,10/05/2023 11:22:10,10/05/2023 13:30:00,KUZGUNCUK MAHALLESİ İCADİYE CADDESİ NO 90,KUZGUNCUK MAH
6012,ÜSKÜDAR,100 MM ÇAPLI ŞEBEKE HATTI ARIZASI,08/06/2023 13:32:24,08/06/2023 14:32:00,KUZGUNCUK MH. BEHLÜL ARALIĞI SK,KUZGUNCUK MAH
6013,ÜSKÜDAR,100 MM ÇAPLI ŞEBEKE HATTI ARIZASI,03/11/2023 14:47:32,03/11/2023 15:40:00,KUZGUNCUK MH. PAŞALİMANI CD,KUZGUNCUK MAH
6014,ÜSKÜDAR,100 MM ÇAPLI ŞEBEKE HATTI ARIZASI,01/12/2023 12:36:03,01/12/2023 16:00:00,KUZGUNCUK MH. PERİHAN ABLA SK.,KUZGUNCUK MAH
6015,ÜSKÜDAR,100 MM ÇAPLI ŞEBEKE HATTI ARIZASI,19/12/2023 22:26:09,20/12/2023 00:30:00,KÜPLÜCE MAH BADEM SK 5 ÖNÜ,KÜPLÜCE MAH
6016,ÜSKÜDAR,100 MM ÇAPLI ŞEBEKE HATTI ARIZASI,14/11/2023 13:20:11,14/11/2023 16:00:00,KÜPLÜCE MAH ÇANKAYA SK,"KÜPLÜCE MAH,ÇENGELKÖY MAH"
6017,ÜSKÜDAR,100 MM ÇAPLI ŞEBEKE HATTI ARIZASI,13/07/2023 13:56:49,13/07/2023 18:00:00,KÜPLÜCE MAHALLESİ ALİ PAŞA SOKAK,"BURHANİYE MAH,KÜPLÜCE MAH"
6018,ÜSKÜDAR,150 MM ÇAPLI ŞEBEKE HATTI ARIZASI,01/08/2023 14:09:17,01/08/2023 17:00:00,KÜPLÜCE MAHALLESİ ALİPAŞA SOKAK,"BURHANİYE MAH,KÜPLÜCE MAH"
6019,ÜSKÜDAR,100 MM ÇAPLI ŞEBEKE HATTI ARIZASI,07/09/2023 12:14:43,07/09/2023 15:00:00,KÜPLÜCE MAHALLESİ BEYLERBEYİ MEKTEBİ SOKAK,KÜPLÜCE MAH
6020,ÜSKÜDAR,100 MM ÇAPLI ŞEBEKE HATTI ARIZASI,31/07/2023 10:57:02,31/07/2023 12:00:00,KÜPLÜCE MAHALLESİ GARİP SOKAK,KÜPLÜCE MAH
6021,ÜSKÜDAR,100 MM ÇAPLI ŞEBEKE HATTI ARIZASI,26/04/2023 15:10:01,26/04/2023 17:30:00,KÜPLÜCE MAHALLESİ HALAY SOKAK,KÜPLÜCE MAH
6022,ÜSKÜDAR,100 MM ÇAPLI ŞEBEKE HATTI ARIZASI,24/08/2023 13:23:48,24/08/2023 16:00:00,KÜPLÜCE MAHALLESİ KAYNAK SOKAK,KÜPLÜCE MAH
6023,ÜSKÜDAR,100 MM ÇAPLI ŞEBEKE HATTI ARIZASI,26/08/2023 10:40:53,26/08/2023 14:00:00,KÜPLÜCE MAHALLESİ MEHMET AĞA CADDESİ,"KÜPLÜCE MAH,KİRAZLITEPE MAH,MEHMET AKİF ERSOY MAH"
6024,ÜSKÜDAR,100 MM ÇAPLI ŞEBEKE HATTI ARIZASI,20/06/2023 13:11:46,20/06/2023 15:00:00,KÜPLÜCE MAHALLESİ ŞEHİT CENGİZ HASBAL SOKAK,"BEYLERBEYİ MAH,KÜPLÜCE MAH,KİRAZLITEPE MAH"
6025,ÜSKÜDAR,150 MM ÇAPLI ŞEBEKE HATTI ARIZASI,02/02/2024 09:23:03,02/02/2024 12:00:00,KÜPLÜCE MH. ALATURKA SK.,"BEYLERBEYİ MAH,BURHANİYE MAH,KÜPLÜCE MAH"
6026,ÜSKÜDAR,100 MM ÇAPLI ŞEBEKE HATTI ARIZASI,29/01/2024 11:38:36,29/01/2024 14:30:00,KÜPLÜCE MH. NURİ BEY SK.,KÜPLÜCE MAH
6027,ÜSKÜDAR,100 MM ÇAPLI ŞEBEKE HATTI ARIZASI,01/02/2024 14:32:48,01/02/2024 18:00:00,KÜPLÜCE MH. ZEYTİNLİK SK.,"BURHANİYE MAH,KÜPLÜCE MAH"
6028,ÜSKÜDAR,100 MM ÇAPLI ŞEBEKE HATTI ARIZASI,06/08/2023 15:42:33,06/08/2023 17:00:00,KÜÇÜK ÇAMLICA MAH ENVER SOKAK,KÜÇÜK ÇAMLICA MAH
6029,ÜSKÜDAR,100 MM ÇAPLI ŞEBEKE HATTI ARIZASI,27/10/2023 09:05:26,27/10/2023 12:00:00,KÜÇÜK ÇAMLICA MAH ZADE SK,KÜÇÜK ÇAMLICA MAH
6030,ÜSKÜDAR,100 MM ÇAPLI ŞEBEKE HATTI ARIZASI,22/10/2023 11:14:24,22/10/2023 14:00:00,KÜÇÜK ÇAMLICA MAH ŞEKER NASLAK SK,KÜÇÜK ÇAMLICA MAH
6031,ÜSKÜDAR,100 MM ÇAPLI ŞEBEKE HATTI ARIZASI,11/12/2023 13:50:53,11/12/2023 17:00:00,KÜÇÜK ÇAMLICA MAH. KIRKAĞAÇ SK.,KÜÇÜK ÇAMLICA MAH
6032,ÜSKÜDAR,100 MM ÇAPLI ŞEBEKE HATTI ARIZASI,27/09/2023 12:50:01,27/09/2023 15:30:00,KÜÇÜK ÇAMLICA MAHALLESİ ÖZGÜR ÇIKMAZI,"KÜÇÜK ÇAMLICA MAH,ÜNALAN MAH"
6033,ÜSKÜDAR,100 MM ÇAPLI ŞEBEKE HATTI ARIZASI,12/04/2023 13:37:39,12/04/2023 16:00:00,KÜÇÜK ÇAMLICA MAHALLESİ ŞEKER MASLAK SOKAK,KÜÇÜK ÇAMLICA MAH
6034,ÜSKÜDAR,100 MM ÇAPLI ŞEBEKE HATTI ARIZASI,16/02/2024 15:19:20,16/02/2024 16:00:00,KÜÇÜK ÇAMLICA MH. YÜCEL SK.,"KÜÇÜK ÇAMLICA MAH,ÜNALAN MAH"
6035,ÜSKÜDAR,ENERJİ KESİNTİSİ,13/06/2023 11:55:26,13/06/2023 14:00:00,KÜÇÜK ÇAMLICA TERFİİ,"ACIBADEM MAH,ALTUNİZADE MAH,ALTUNİZADE MAH,BARBAROS MAH,BARBAROS MAH,KISIKLI MAH,KUZGUNCUK MAH,KÜÇÜK ÇAMLICA MAH,MURATREİS MAH,MURATREİS MAH,SELAMİ ALİ MAH,VALİDE-İ ATİK MAH,ÜNALAN MAH,ÜNALAN MAH,İCADİYE MAH"
6036,ÜSKÜDAR,100 MM ÇAPLI ŞEBEKE HATTI ARIZASI,05/06/2023 15:56:58,05/06/2023 18:00:00,KÜÇÜK ÇAMLIÇA MAH.ÜÇPINARLAR CAD,KÜÇÜK ÇAMLICA MAH
6037,ÜSKÜDAR,100 MM ÇAPLI ŞEBEKE HATTI ARIZASI,06/05/2023 14:13:05,06/05/2023 18:00:00,KÜÇÜKSU MAH  METİN SOKAK N:7,"KÜÇÜKSU MAH,KÜÇÜKSU MAH"
6038,ÜSKÜDAR,ŞEBEKE HATTI YENİLEMESİ,17/08/2023 09:44:21,17/08/2023 12:00:00,KÜÇÜKSU MAH ALPARSLAN SK,KÜÇÜKSU MAH
6039,ÜSKÜDAR,100 MM ÇAPLI ŞEBEKE HATTI ARIZASI,26/01/2024 14:24:16,26/01/2024 00:00:00,KÜÇÜKSU MAH BARBAROS SK,KÜÇÜKSU MAH
6040,ÜSKÜDAR,100 MM ÇAPLI ŞEBEKE HATTI ARIZASI,26/01/2024 14:28:06,26/01/2024 18:00:00,KÜÇÜKSU MAH BARBAROS SK,KÜÇÜKSU MAH
6041,ÜSKÜDAR,100 MM ÇAPLI ŞEBEKE HATTI ARIZASI,14/02/2024 09:45:56,14/02/2024 12:00:00,KÜÇÜKSU MAH SÜMBÜL SK,"KANDİLLİ MAH,KÜÇÜKSU MAH"
6042,ÜSKÜDAR,100 MM ÇAPLI ŞEBEKE HATTI ARIZASI,17/11/2023 15:17:20,17/11/2023 21:00:00,KÜÇÜKSU MAH ÇINARLIDERE SK,KÜÇÜKSU MAH
6043,ÜSKÜDAR,100 MM ÇAPLI ŞEBEKE HATTI ARIZASI,23/01/2024 16:36:43,23/01/2024 20:00:00,KÜÇÜKSU MAH ÇINARLIDERE SOK,KÜÇÜKSU MAH
6044,ÜSKÜDAR,150 MM ÇAPLI ŞEBEKE HATTI ARIZASI,06/06/2023 12:18:29,06/06/2023 15:30:00,KÜÇÜKSU MAH. ESERLİ SK,KÜÇÜKSU MAH
6045,ÜSKÜDAR,100 MM ÇAPLI ŞEBEKE HATTI ARIZASI,02/03/2023 14:27:05,02/03/2023 16:30:00,KÜÇÜKSU MAH. MUSTAFA DÜZGÜNMAN SOKAK,KÜÇÜKSU MAH
6046,ÜSKÜDAR,100 MM ÇAPLI ŞEBEKE HATTI ARIZASI,19/05/2023 14:18:39,19/05/2023 19:30:00,KÜÇÜKSU MAHALLESI SU BOYU SOKAK,"BAHÇELİEVLER MAH,KÜÇÜKSU MAH"
6047,ÜSKÜDAR,150 MM ÇAPLI ŞEBEKE HATTI ARIZASI,25/07/2023 09:47:54,25/07/2023 12:00:00,KÜÇÜKSU MAHALLESİ MAVİ ATLAS SOKAK,KÜÇÜKSU MAH
6048,ÜSKÜDAR,100 MM ÇAPLI ŞEBEKE HATTI ARIZASI,16/05/2023 10:05:41,16/05/2023 13:00:00,KÜÇÜKSU MAHALLESİ MİLLET CADDESİ,"KÜÇÜKSU MAH,ÇENGELKÖY MAH"
6049,ÜSKÜDAR,100 MM ÇAPLI ŞEBEKE HATTI ARIZASI,24/08/2023 09:42:29,24/08/2023 12:00:00,KÜÇÜKSU MAHALLESİ RASATHANE CADDESİ,KÜÇÜKSU MAH
6050,ÜSKÜDAR,100 MM ÇAPLI ŞEBEKE HATTI ARIZASI,26/05/2023 10:02:06,26/05/2023 16:00:00,KÜÇÜKSU MAHALLESİ SUBOYU SOKAK,KÜÇÜKSU MAH
6051,ÜSKÜDAR,100 MM ÇAPLI ŞEBEKE HATTI ARIZASI,12/02/2024 10:08:19,12/02/2024 11:00:00,KÜÇÜKSU MH. METİN SK.,KÜÇÜKSU MAH
6052,ÜSKÜDAR,100 MM ÇAPLI ŞEBEKE HATTI ARIZASI,08/11/2023 13:36:26,08/11/2023 14:06:00,KÜÇÜKSU MH. ORTA SK.,KÜÇÜKSU MAH
6053,ÜSKÜDAR,100 MM ÇAPLI ŞEBEKE HATTI ARIZASI,01/12/2023 10:09:19,01/12/2023 12:30:00,KÜÇÜKSU MH. ÇINARLIDERE SK,KÜÇÜKSU MAH
6054,ÜSKÜDAR,150 MM ÇAPLI ŞEBEKE HATTI ARIZASI,22/06/2023 10:36:08,22/06/2023 16:30:00,KÜÇÜKSU YAZMALI SK,KÜÇÜKSU MAH
6055,ÜSKÜDAR,100 MM ÇAPLI ŞEBEKE HATTI ARIZASI,07/12/2023 15:07:24,07/12/2023 17:00:00,KÜÇÜKÇAMLICA MH. GÜLER SK,KÜÇÜK ÇAMLICA MAH
6056,ÜSKÜDAR,ENERJİ KESİNTİSİ,11/12/2023 19:15:20,11/12/2023 23:00:00,KÜÇÜKÇAMLICA VE BULGURLU TERFİ,"ACIBADEM MAH,ALTUNİZADE MAH,BAHÇELİEVLER MAH,BURHANİYE MAH,CUMHURİYET MAH,FERAH MAH,GÜZELTEPE MAH,KISIKLI MAH,KÜPLÜCE MAH,KÜÇÜK ÇAMLICA MAH,KÜÇÜK ÇAMLICA MAH,KİRAZLITEPE MAH,KİRAZLITEPE MAH,MEHMET AKİF ERSOY MAH,YAVUZTÜRK MAH,YAVUZTÜRK MAH,ÜNALAN MAH"
6057,ÜSKÜDAR,BASINÇ DÜŞÜKLÜĞÜ,26/12/2023 00:20:42,26/12/2023 02:00:00,KİRAZLI TEPE MAH MEHMET AKİF ERSOY CD,"KİRAZLITEPE MAH,MEHMET AKİF ERSOY MAH"
6058,ÜSKÜDAR,200 MM ÇAPLI ŞEBEKE HATTI ARIZASI,24/12/2023 15:57:06,24/12/2023 20:00:00,KİRAZLITEPE MAH MEHMET AKİFERSOY CD İLE SAGLIK SK KESİŞİMİ,"GÜZELTEPE MAH,KISIKLI MAH,KÜPLÜCE MAH,KİRAZLITEPE MAH,MEHMET AKİF ERSOY MAH"
6059,ÜSKÜDAR,150 MM ÇAPLI ŞEBEKE HATTI ARIZASI,03/01/2024 16:53:20,03/01/2024 23:00:00,KİRAZLITEPE MAH SAGLIK SK İLE  MEHMETAKIF ERSOY CD,"KİRAZLITEPE MAH,MEHMET AKİF ERSOY MAH"
6060,ÜSKÜDAR,100 MM ÇAPLI ŞEBEKE HATTI ARIZASI,17/08/2023 09:33:26,17/08/2023 12:00:00,KİRAZLITEPE MAHALLESİ FISTIKLI BAYIR SOKAK,KİRAZLITEPE MAH
6061,ÜSKÜDAR,100 MM ÇAPLI ŞEBEKE HATTI ARIZASI,06/03/2023 12:12:16,06/03/2023 15:30:00,KİRAZLITEPE MAHALLESİ MEHMET AKİF ERSOY CADDESİ,"KİRAZLITEPE MAH,MEHMET AKİF ERSOY MAH"
6062,ÜSKÜDAR,100 MM ÇAPLI ŞEBEKE HATTI ARIZASI,05/05/2023 15:29:14,05/05/2023 18:00:00,KİRAZLITEPE MAHALLESİ MEHMET AKİF ERSOY CADDESİ,"KİRAZLITEPE MAH,MEHMET AKİF ERSOY MAH"
6063,ÜSKÜDAR,150 MM ÇAPLI ŞEBEKE HATTI ARIZASI,27/12/2023 13:30:58,27/12/2023 18:00:00,KİRAZLITEPE MH. MEHMET AKİF ERSOY CD.,KİRAZLITEPE MAH
6064,ÜSKÜDAR,100 MM ÇAPLI ŞEBEKE HATTI ARIZASI,28/02/2023 12:45:32,28/02/2023 15:00:00,MAHMET AKIF ERSOY MAH.MEHMET AKIF ERSOY CAD,MEHMET AKİF ERSOY MAH
6065,ÜSKÜDAR,100 MM ÇAPLI ŞEBEKE HATTI ARIZASI,01/03/2023 11:16:33,01/03/2023 15:30:00,MEHMET AKIF ERSOY MAH.M.AKIF ERSOY CAD,MEHMET AKİF ERSOY MAH
6066,ÜSKÜDAR,100 MM ÇAPLI ŞEBEKE HATTI ARIZASI,03/12/2023 14:48:14,03/12/2023 17:00:00,MEHMET AKİF ERSOY MAH BAYIRLI SK,"KİRAZLITEPE MAH,MEHMET AKİF ERSOY MAH"
6067,ÜSKÜDAR,100 MM ÇAPLI ŞEBEKE HATTI ARIZASI,24/01/2024 10:50:52,24/01/2024 13:00:00,MEHMET AKİF ERSOY MAH DUMLUPINAR SK,MEHMET AKİF ERSOY MAH
6068,ÜSKÜDAR,100 MM ÇAPLI ŞEBEKE HATTI ARIZASI,24/11/2023 14:14:40,24/11/2023 17:00:00,MEHMET AKİF ERSOY MAH KÜLTÜR SK,MEHMET AKİF ERSOY MAH
6069,ÜSKÜDAR,100 MM ÇAPLI ŞEBEKE HATTI ARIZASI,25/12/2023 16:04:55,25/12/2023 23:59:00,MEHMET AKİF ERSOY MAH SAĞLIK SK MEHMET AKİF ERSOY CD,"KİRAZLITEPE MAH,MEHMET AKİF ERSOY MAH"
6070,ÜSKÜDAR,100 MM ÇAPLI ŞEBEKE HATTI ARIZASI,08/05/2023 11:30:21,08/05/2023 13:30:00,MEHMET AKİF ERSOY MAHALLESİ CEMAL GÜRSEL CADDESİ 68,MEHMET AKİF ERSOY MAH
6071,ÜSKÜDAR,100 MM ÇAPLI ŞEBEKE HATTI ARIZASI,01/09/2023 16:06:27,01/09/2023 18:00:00,MEHMET AKİF ERSOY MAHALLESİ MEHMET AKİF ERSOY CADDESİ,"KİRAZLITEPE MAH,MEHMET AKİF ERSOY MAH"
6072,ÜSKÜDAR,100 MM ÇAPLI ŞEBEKE HATTI ARIZASI,27/12/2023 11:42:42,27/12/2023 13:20:00,MEHMET AKİF ERSOY MH. BAYIRLI SK.,MEHMET AKİF ERSOY MAH
6073,ÜSKÜDAR,100 MM ÇAPLI ŞEBEKE HATTI ARIZASI,11/12/2023 14:46:02,11/12/2023 18:00:00,MEHMET AKİF MAH MEHMET AKİFERSOY CD,MEHMET AKİF ERSOY MAH
6074,ÜSKÜDAR,ŞEBEKE HATTI VANA MONTAJI/DEĞİŞİMİ,24/12/2023 21:53:27,24/12/2023 23:59:00,MEHMETAKIF ERSOY CADDESI ILE SAGLIK SOKAK KESISIMI,MEHMET AKİF ERSOY MAH
6075,ÜSKÜDAR,100 MM ÇAPLI ŞEBEKE HATTI ARIZASI,04/02/2024 02:07:24,04/02/2024 04:00:00,MIMAR SINAN MAH HAKIMIYE MILLI CD BALIKCILAR ÇARŞI KESIŞIMI,"MİMAR SİNAN MAH,SELAMİ ALİ MAH"
6076,ÜSKÜDAR,100 MM ÇAPLI ŞEBEKE HATTI ARIZASI,12/02/2024 14:34:43,12/02/2024 18:00:00,MURAT REİS MH. BİLGİ SK.,"MURATREİS MAH,MİMAR SİNAN MAH,VALİDE-İ ATİK MAH"
6077,ÜSKÜDAR,100 MM ÇAPLI ŞEBEKE HATTI ARIZASI,30/11/2023 14:06:00,30/11/2023 15:40:00,MURAT REİS MH.GAZİ CD.,MURATREİS MAH
6078,ÜSKÜDAR,100 MM ÇAPLI ŞEBEKE HATTI ARIZASI,21/06/2023 11:25:29,21/06/2023 14:00:00,MURATREİS MAHALLESİ ERTEKİN SOKAK,MURATREİS MAH
6079,ÜSKÜDAR,100 MM ÇAPLI ŞEBEKE HATTI ARIZASI,13/07/2023 15:14:01,13/07/2023 18:00:00,MURATREİS MAHALLESİ TAŞKIRAN MAHALLESİ,MURATREİS MAH
6080,ÜSKÜDAR,150 MM ÇAPLI ŞEBEKE HATTI ARIZASI,24/06/2023 09:59:25,24/06/2023 13:00:00,MİMAR SİNAN DOĞANCILAR CD,"AHMEDİYE MAH,MİMAR SİNAN MAH,SALACAK MAH"
6081,ÜSKÜDAR,100 MM ÇAPLI ŞEBEKE HATTI ARIZASI,12/10/2023 10:38:37,12/10/2023 15:00:00,MİMAR SİNAN MAHALLESİ İSMAİL DÜMBÜLLÜ SOKAK,MİMAR SİNAN MAH
6082,ÜSKÜDAR,100 MM ÇAPLI ŞEBEKE HATTI ARIZASI,29/11/2023 11:11:56,29/11/2023 13:00:00,MİMAR SİNAN MH. DİBEKÇİ AHMET SK,MİMAR SİNAN MAH
6083,ÜSKÜDAR,100 MM ÇAPLI ŞEBEKE HATTI ARIZASI,02/12/2023 14:06:30,02/12/2023 18:00:00,SALACAK MAH KASAP VELI SK,"AHMEDİYE MAH,AZİZ MAHMUT HÜDAYİ MAH,SALACAK MAH"
6084,ÜSKÜDAR,100 MM ÇAPLI ŞEBEKE HATTI ARIZASI,26/05/2023 13:58:33,26/05/2023 16:00:00,SALACAK MAHALLESİ TUNUSBAĞI CADDESİ,"AZİZ MAHMUT HÜDAYİ MAH,SALACAK MAH,SELİMİYE MAH"
6085,ÜSKÜDAR,100 MM ÇAPLI ŞEBEKE HATTI ARIZASI,30/01/2024 10:15:15,30/01/2024 13:00:00,SELAMİ ALİ MAH EKMEKÇİBAŞI SK,SELAMİ ALİ MAH
6086,ÜSKÜDAR,100 MM ÇAPLI ŞEBEKE HATTI ARIZASI,01/03/2023 10:01:41,01/03/2023 11:30:00,SELAMİ ALİ MAH KATİBİM AZİZ BEY SOKAK,"MİMAR SİNAN MAH,SELAMİ ALİ MAH"
6087,ÜSKÜDAR,100 MM ÇAPLI ŞEBEKE HATTI ARIZASI,27/01/2024 13:24:32,27/01/2024 15:00:00,SELAMİ ALİ MAH SELANİKLER SK,SELAMİ ALİ MAH
6088,ÜSKÜDAR,100 MM ÇAPLI ŞEBEKE HATTI ARIZASI,21/09/2023 14:45:12,21/09/2023 17:00:00,SELAMİ ALİ MAH VAHİ ÖZ SK,SELAMİ ALİ MAH
6089,ÜSKÜDAR,300 MM ÇAPLI ŞEBEKE HATTI ARIZASI,08/03/2023 22:07:34,09/03/2023 05:00:00,SELAMİ ALİ MAHALLESİ CUMHURİYET CADDESİ,"ALTUNİZADE MAH,KUZGUNCUK MAH,MURATREİS MAH,SELAMİ ALİ MAH,SULTANTEPE MAH,VALİDE-İ ATİK MAH,İCADİYE MAH"
6090,ÜSKÜDAR,100 MM ÇAPLI ŞEBEKE HATTI ARIZASI,31/05/2023 14:34:02,31/05/2023 18:00:00,SELİMİYE MAHALLESİ TIBBİYE CADDESİ,SELİMİYE MAH
6091,ÜSKÜDAR,100 MM ÇAPLI ŞEBEKE HATTI ARIZASI,13/09/2023 11:08:04,13/09/2023 14:00:00,SELİMİYE MAHALLESİ TIBBİYE CADDESİ,SELİMİYE MAH
6092,ÜSKÜDAR,100 MM ÇAPLI ŞEBEKE HATTI ARIZASI,11/12/2023 13:29:17,11/12/2023 17:00:00,SULTANTEPE MAH SELVILIK,SULTANTEPE MAH
6093,ÜSKÜDAR,100 MM ÇAPLI ŞEBEKE HATTI ARIZASI,26/12/2023 11:38:37,26/12/2023 16:00:00,VALİDE İ ATİK MH. KARTALBABA CD.,VALİDE-İ ATİK MAH
6094,ÜSKÜDAR,ŞEBEKE HATTI VANA ARIZASI,15/07/2023 09:48:43,15/07/2023 12:00:00,VALİDE İ ATİK MH. TAŞÇIMAHMUT SK,"MURATREİS MAH,VALİDE-İ ATİK MAH"
6095,ÜSKÜDAR,100 MM ÇAPLI ŞEBEKE HATTI ARIZASI,17/02/2024 12:19:37,17/02/2024 15:00:00,VALİDE-İ ATİK MAH KÜÇÜK OSMANPAŞA SK,VALİDE-İ ATİK MAH
6096,ÜSKÜDAR,150 MM ÇAPLI ŞEBEKE HATTI ARIZASI,01/08/2023 11:50:21,01/08/2023 15:00:00,VALİDE-İ ATİK MAHALLESİ MANTAR SOKAK,VALİDE-İ ATİK MAH
6097,ÜSKÜDAR,ŞEBEKE HATTI VANA MONTAJI/DEĞİŞİMİ,13/11/2023 20:38:52,14/11/2023 02:00:00,VALİDEBAĞ SİTESİ (ATIF BEY SK),"ACIBADEM MAH,ALTUNİZADE MAH"
6098,ÜSKÜDAR,150 MM ÇAPLI ŞEBEKE HATTI ARIZASI,24/04/2023 12:32:24,24/04/2023 17:00:00,VALİDEİ ATIK MAH. LOKMACIOĞLU,VALİDE-İ ATİK MAH
6099,ÜSKÜDAR,100 MM ÇAPLI ŞEBEKE HATTI ARIZASI,28/09/2023 12:04:57,28/09/2023 14:00:00,VALİDEİ ATİK MAHALLESİ HAYRETTİN ÇAVUŞ SOKAK,VALİDE-İ ATİK MAH
6100,ÜSKÜDAR,100 MM ÇAPLI ŞEBEKE HATTI ARIZASI,09/05/2023 13:42:13,09/05/2023 15:00:00,VALİDEİ ATİK MAHALLESİ KÜÇÜK OSMAN PAŞA SOKAK,VALİDE-İ ATİK MAH
6101,ÜSKÜDAR,100 MM ÇAPLI ŞEBEKE HATTI ARIZASI,17/06/2023 13:02:44,17/06/2023 18:00:00,YAVUZTÜRK MAH  FİLDİŞİ SOKAK,YAVUZTÜRK MAH
6102,ÜSKÜDAR,ŞEBEKE HATTI YENİLEMESİ,14/08/2023 13:34:38,14/08/2023 16:00:00,YAVUZTÜRK MAH BAYRAM İÇLİ SK,YAVUZTÜRK MAH
6103,ÜSKÜDAR,150 MM ÇAPLI ŞEBEKE HATTI ARIZASI,27/06/2023 12:21:09,27/06/2023 14:30:00,YAVUZTÜRK MAH KARADENIZ CD,YAVUZTÜRK MAH
6104,ÜSKÜDAR,ŞEBEKE HATTI VANA MONTAJI/DEĞİŞİMİ,26/06/2023 09:41:59,26/06/2023 13:00:00,YAVUZTÜRK MAH KARADENIZ CD BOSNA BULVARI KESİŞİMİ,YAVUZTÜRK MAH
6105,ÜSKÜDAR,100 MM ÇAPLI ŞEBEKE HATTI ARIZASI,05/12/2023 10:22:45,05/12/2023 13:00:00,YAVUZTÜRK MAH KURTULUŞ SK,YAVUZTÜRK MAH
6106,ÜSKÜDAR,150 MM ÇAPLI ŞEBEKE HATTI ARIZASI,16/11/2023 14:32:28,16/11/2023 17:00:00,YAVUZTÜRK MAH NEZIR SK,YAVUZTÜRK MAH
6107,ÜSKÜDAR,100 MM ÇAPLI ŞEBEKE HATTI ARIZASI,23/02/2023 10:20:53,23/02/2023 13:20:00,YAVUZTÜRK MAH. PERRİN SOKAK,YAVUZTÜRK MAH
6108,ÜSKÜDAR,100 MM ÇAPLI ŞEBEKE HATTI ARIZASI,16/02/2024 16:09:13,16/02/2024 18:00:00,YAVUZTÜRK MAH. TOSYA SK.,YAVUZTÜRK MAH
6109,ÜSKÜDAR,100 MM ÇAPLI ŞEBEKE HATTI ARIZASI,05/06/2023 11:56:32,05/06/2023 13:00:00,YAVUZTÜRK MAH.AKBULUT SOKAK,YAVUZTÜRK MAH
6110,ÜSKÜDAR,300 MM ÇAPLI ŞEBEKE HATTI ARIZASI,28/11/2023 21:47:32,29/11/2023 07:00:00,YAVUZTÜRK MAHALLESI BOSNA BULVARI ILE MEHMET AKIF ERSOY CD KESIŞIMINDE,"BAHÇELİEVLER MAH,GÜZELTEPE MAH,KULELİ MAH,KÜÇÜKSU MAH,KİRAZLITEPE MAH,MEHMET AKİF ERSOY MAH,YAVUZTÜRK MAH,ÇENGELKÖY MAH"
6111,ÜSKÜDAR,100 MM ÇAPLI ŞEBEKE HATTI ARIZASI,24/02/2023 14:55:31,24/02/2023 17:30:00,YAVUZTÜRK MAHALLESİ ARAS SOKAK,YAVUZTÜRK MAH
6112,ÜSKÜDAR,100 MM ÇAPLI ŞEBEKE HATTI ARIZASI,05/10/2023 15:13:50,05/10/2023 18:00:00,YAVUZTÜRK MAHALLESİ AYKUT SOKAK,YAVUZTÜRK MAH
6113,ÜSKÜDAR,100 MM ÇAPLI ŞEBEKE HATTI ARIZASI,31/07/2023 12:16:00,31/07/2023 15:00:00,YAVUZTÜRK MAHALLESİ CEREN SOKAK,YAVUZTÜRK MAH
6114,ÜSKÜDAR,100 MM ÇAPLI ŞEBEKE HATTI ARIZASI,28/08/2023 12:19:43,28/08/2023 15:00:00,YAVUZTÜRK MAHALLESİ TOK SOKAK,YAVUZTÜRK MAH
6115,ÜSKÜDAR,100 MM ÇAPLI ŞEBEKE HATTI ARIZASI,06/02/2024 15:36:54,06/02/2024 18:00:00,YAVUZTÜRK MH. ŞARK SK.,YAVUZTÜRK MAH
6116,ÜSKÜDAR,100 MM ÇAPLI ŞEBEKE HATTI ARIZASI,02/04/2023 11:39:48,02/04/2023 15:00:00,ZEYNEP KAMIL MAH.BÜYÜK SELİMPAŞA SOKAK,ZEYNEP KAMİL MAH
6117,ÜSKÜDAR,ŞEBEKE HATTI YENİLEMESİ,23/08/2023 15:09:54,23/08/2023 17:00:00,ZEYNEP KAMİL MAH KÖRBAKKAL,ZEYNEP KAMİL MAH
6118,ÜSKÜDAR,100 MM ÇAPLI ŞEBEKE HATTI ARIZASI,10/05/2023 14:20:12,10/05/2023 17:00:00,ZEYNEP KAMİL MAH.  MAHALLE CAMİ SK,ZEYNEP KAMİL MAH
6119,ÜSKÜDAR,100 MM ÇAPLI ŞEBEKE HATTI ARIZASI,15/09/2023 11:52:00,15/09/2023 15:00:00,ZEYNEP KAMİL MAHALLESİ FAHRİ ATABEY CADDESİ,ZEYNEP KAMİL MAH
6120,ÜSKÜDAR,100 MM ÇAPLI ŞEBEKE HATTI ARIZASI,28/04/2023 10:34:25,28/04/2023 13:00:00,ZEYNEP KAMİL MAHALLESİ ŞEHİT ALİ İHSAN ÇAKMAK SOKAK,"VALİDE-İ ATİK MAH,ZEYNEP KAMİL MAH"
6121,ÜSKÜDAR,300 MM ÇAPLI ŞEBEKE HATTI ARIZASI,09/11/2023 15:46:35,09/11/2023 22:00:00,ZEYNEP KAMİL MH. NUHKUYUSU CD.,"AHMEDİYE MAH,BARBAROS MAH,VALİDE-İ ATİK MAH,ZEYNEP KAMİL MAH"
6122,ÜSKÜDAR,100 MM ÇAPLI ŞEBEKE HATTI ARIZASI,15/10/2023 11:54:41,15/10/2023 16:00:00,ÇENGELKÖY CD-SHELL BENZINLIĞI ÖNÜ,ÇENGELKÖY MAH
6123,ÜSKÜDAR,ŞEBEKE HATTI YENİLEMESİ,02/09/2023 09:05:13,02/09/2023 12:00:00,ÇENGELKÖY MAH BEYAZ KÖŞK NO2,ÇENGELKÖY MAH
6124,ÜSKÜDAR,100 MM ÇAPLI ŞEBEKE HATTI ARIZASI,30/10/2023 12:53:12,30/10/2023 16:00:00,ÇENGELKÖY MAH GÜZELTEPE CD,ÇENGELKÖY MAH
6125,ÜSKÜDAR,100 MM ÇAPLI ŞEBEKE HATTI ARIZASI,22/09/2023 11:23:44,22/09/2023 14:00:00,ÇENGELKÖY MAH KALANTOR SK,ÇENGELKÖY MAH
6126,ÜSKÜDAR,100 MM ÇAPLI ŞEBEKE HATTI ARIZASI,18/10/2023 09:39:49,18/10/2023 13:00:00,ÇENGELKÖY MAH KALANTOR SK,ÇENGELKÖY MAH
6127,ÜSKÜDAR,150 MM ÇAPLI ŞEBEKE HATTI ARIZASI,14/03/2023 13:21:36,14/03/2023 15:30:00,ÇENGELKÖY MAH KALDIRIM CDİÇİ,"KÜÇÜKSU MAH,ÇENGELKÖY MAH"
6128,ÜSKÜDAR,100 MM ÇAPLI ŞEBEKE HATTI ARIZASI,04/01/2024 22:55:34,05/01/2024 01:00:00,ÇENGELKÖY MAH KARANTÖR SOKAK NO:50,ÇENGELKÖY MAH
6129,ÜSKÜDAR,100 MM ÇAPLI ŞEBEKE HATTI ARIZASI,10/10/2023 15:23:04,10/10/2023 18:00:00,ÇENGELKÖY MAH KASIM SK,ÇENGELKÖY MAH
6130,ÜSKÜDAR,100 MM ÇAPLI ŞEBEKE HATTI ARIZASI,31/10/2023 14:47:15,31/10/2023 17:00:00,ÇENGELKÖY MAH KASIM SK,ÇENGELKÖY MAH
6131,ÜSKÜDAR,100 MM ÇAPLI ŞEBEKE HATTI ARIZASI,23/09/2023 14:20:00,23/09/2023 17:00:00,ÇENGELKÖY MAH ÇENGELKÖY ÇEŞMESİ,ÇENGELKÖY MAH
6132,ÜSKÜDAR,100 MM ÇAPLI ŞEBEKE HATTI ARIZASI,15/06/2023 13:37:25,15/06/2023 15:00:00,ÇENGELKÖY MAH.ENGİN CAD,ÇENGELKÖY MAH
6133,ÜSKÜDAR,100 MM ÇAPLI ŞEBEKE HATTI ARIZASI,20/02/2023 10:48:51,20/02/2023 13:00:00,ÇENGELKÖY MAH.HZ.HAMZA CAMİİ,ÇENGELKÖY MAH
6134,ÜSKÜDAR,100 MM ÇAPLI ŞEBEKE HATTI ARIZASI,05/07/2023 13:29:01,05/07/2023 15:30:00,ÇENGELKÖY MAH.ORDU CAD,ÇENGELKÖY MAH
6135,ÜSKÜDAR,100 MM ÇAPLI ŞEBEKE HATTI ARIZASI,04/10/2023 10:32:17,04/10/2023 15:00:00,ÇENGELKÖY MAHALLESİ KEREM SOKAK,ÇENGELKÖY MAH
6136,ÜSKÜDAR,100 MM ÇAPLI ŞEBEKE HATTI ARIZASI,14/09/2023 09:13:34,14/09/2023 13:00:00,ÇENGELKÖY MAHALLESİ ÇALIKAVAK SOKAK,ÇENGELKÖY MAH
6137,ÜSKÜDAR,ENERJİ KESİNTİSİ,12/11/2023 00:05:04,12/11/2023 07:00:00,ÖMERLİ ARITMA MERKEZİ,"ACIBADEM MAH,ALTUNİZADE MAH,BAHÇELİEVLER MAH,BURHANİYE MAH,BURHANİYE MAH,CUMHURİYET MAH,FERAH MAH,FERAH MAH,GÜZELTEPE MAH,GÜZELTEPE MAH,KISIKLI MAH,KÜPLÜCE MAH,KÜPLÜCE MAH,KÜÇÜK ÇAMLICA MAH,KÜÇÜK ÇAMLICA MAH,KİRAZLITEPE MAH,KİRAZLITEPE MAH,MEHMET AKİF ERSOY MAH,MEHMET AKİF ERSOY MAH,VALİDE-İ ATİK MAH,YAVUZTÜRK MAH,YAVUZTÜRK MAH,ÜNALAN MAH"
6138,ÜSKÜDAR,ŞEBEKE HATTI VANA MONTAJI/DEĞİŞİMİ,10/09/2023 16:11:16,10/09/2023 20:30:00,ÜMRANIYE NAMIK KEMAL MAH CENGIZ TOPEL CAD MOTIF SK KESIŞIMI,"BAHÇELİEVLER MAH,BULGURLU MAH,BURHANİYE MAH,CUMHURİYET MAH,FERAH MAH,GÜZELTEPE MAH,KANDİLLİ MAH,KISIKLI MAH,KULELİ MAH,KÜPLÜCE MAH,KÜÇÜKSU MAH,KİRAZLITEPE MAH,MEHMET AKİF ERSOY MAH,YAVUZTÜRK MAH,ÇENGELKÖY MAH"
6139,ÜSKÜDAR,900 MM ÇAPLI ANA İSALE HATTI ARIZASI,22/12/2023 13:18:11,22/12/2023 20:00:00,ÜMRANİYE-ALEMDAĞ CADDESİ.,"BAHÇELİEVLER MAH,GÜZELTEPE MAH,KANDİLLİ MAH,KULELİ MAH,KÜÇÜKSU MAH,KÜÇÜKSU MAH,MEHMET AKİF ERSOY MAH,YAVUZTÜRK MAH,ÇENGELKÖY MAH"
6140,ÜSKÜDAR,100 MM ÇAPLI ŞEBEKE HATTI ARIZASI,09/02/2024 14:56:43,09/02/2024 17:00:00,ÜNALAN MAH GÖRGÜN SK,ÜNALAN MAH
6141,ÜSKÜDAR,100 MM ÇAPLI ŞEBEKE HATTI ARIZASI,01/01/2024 11:37:35,01/01/2024 16:00:00,ÜNALAN MAH İSMETPAŞA CD,ÜNALAN MAH
6142,ÜSKÜDAR,100 MM ÇAPLI ŞEBEKE HATTI ARIZASI,01/07/2023 10:38:54,01/07/2023 13:00:00,ÜNALAN MAH ŞAHLAN SK 6 ÖNÜ,ÜNALAN MAH
6143,ÜSKÜDAR,150 MM ÇAPLI ŞEBEKE HATTI ARIZASI,01/06/2023 09:41:19,01/06/2023 12:00:00,ÜNALAN MAH. BARAJYOLU ALT SK,ÜNALAN MAH
6144,ÜSKÜDAR,100 MM ÇAPLI ŞEBEKE HATTI ARIZASI,11/03/2023 12:31:27,11/03/2023 14:30:00,ÜNALAN MAH.ASIK SENLİK SOKAK 12,ÜNALAN MAH
6145,ÜSKÜDAR,100 MM ÇAPLI ŞEBEKE HATTI ARIZASI,14/07/2023 12:13:49,14/07/2023 14:00:00,ÜNALAN MAHALLESİ ANIL SOKAK,ÜNALAN MAH
6146,ÜSKÜDAR,100 MM ÇAPLI ŞEBEKE HATTI ARIZASI,14/09/2023 14:51:29,14/09/2023 17:00:00,ÜNALAN MAHALLESİ PARK SOKAK,ÜNALAN MAH
6147,ÜSKÜDAR,100 MM ÇAPLI ŞEBEKE HATTI ARIZASI,28/09/2023 09:22:35,28/09/2023 14:00:00,ÜNALAN MAHALLESİ SİBEL SOKAK,ÜNALAN MAH
6148,ÜSKÜDAR,100 MM ÇAPLI ŞEBEKE HATTI ARIZASI,04/09/2023 14:25:27,04/09/2023 18:00:00,ÜNALAN MAHALLESİ TAYLAN SOKAK,ÜNALAN MAH
6149,ÜSKÜDAR,150 MM ÇAPLI ŞEBEKE HATTI ARIZASI,11/07/2023 14:13:37,11/07/2023 19:00:00,ÜNALAN MAHALLESİ İSMET PAŞA SOKAK,ÜNALAN MAH
6150,ÜSKÜDAR,ŞEBEKE HATTI VANA ARIZASI,21/05/2023 11:11:07,21/05/2023 12:13:00,ÜNALAN MH. SİBEL SK. NO:17,ÜNALAN MAH
6151,ÜSKÜDAR,100 MM ÇAPLI ŞEBEKE HATTI ARIZASI,02/12/2023 11:52:44,02/12/2023 17:00:00,ÜNALAN MH. TAYLAN SK,ÜNALAN MAH
6152,ÜSKÜDAR,100 MM ÇAPLI ŞEBEKE HATTI ARIZASI,27/01/2024 12:28:40,27/01/2024 14:00:00,ÜNALAN MH. ÇAMDERE SK,"KÜÇÜK ÇAMLICA MAH,ÜNALAN MAH"
6153,ÜSKÜDAR,100 MM ÇAPLI ŞEBEKE HATTI ARIZASI,19/01/2024 16:39:20,19/01/2024 18:00:00,ÜNALAN MH. ÜLGEN SK,ÜNALAN MAH
6154,ÜSKÜDAR,100 MM ÇAPLI ŞEBEKE HATTI ARIZASI,02/11/2023 13:15:40,02/11/2023 15:00:00,ÜNALAN MH. ŞEHİT TİMUR AKTEMUR CD.,ÜNALAN MAH
6155,ÜSKÜDAR,100 MM ÇAPLI ŞEBEKE HATTI ARIZASI,23/09/2023 02:54:48,23/09/2023 05:00:00,ÜSKUDAR BURHANİYE MAH,"BURHANİYE MAH,BURHANİYE MAH"
6156,ÜSKÜDAR,100 MM ÇAPLI ŞEBEKE HATTI ARIZASI,03/11/2023 04:59:04,03/11/2023 12:00:00,ÜSKUDAR MAH KİRAZLI DERE MAH ORHON SEYFİ CD,"KİRAZLITEPE MAH,MEHMET AKİF ERSOY MAH"
6157,ÜSKÜDAR,100 MM ÇAPLI ŞEBEKE HATTI ARIZASI,04/02/2024 14:27:14,04/02/2024 17:00:00,ÜSKÜDAR BEYLERBEYI MAH ŞAİRASAF HAİET SK5,BEYLERBEYİ MAH
6158,ÜSKÜDAR,800 MM ÇAPLI ANA İSALE HATTI ARIZASI,11/11/2023 19:58:44,11/11/2023 03:00:00,ÜSKÜDAR BEYLERBEYİ,"BEYLERBEYİ MAH,BURHANİYE MAH,KANDİLLİ MAH,KULELİ MAH,KÜPLÜCE MAH,KÜÇÜKSU MAH,ÇENGELKÖY MAH"
6159,ÜSKÜDAR,100 MM ÇAPLI ŞEBEKE HATTI ARIZASI,09/07/2023 10:04:48,09/07/2023 15:00:00,ÜSKÜDAR BURHANİYE MAHALLESİ,BURHANİYE MAH
6160,ÜSKÜDAR,100 MM ÇAPLI ŞEBEKE HATTI ARIZASI,11/10/2023 21:38:58,11/10/2023 23:00:00,ÜSKÜDAR KISIKLI MAH HAKKI SK 16,KISIKLI MAH
6161,ÜSKÜDAR,100 MM ÇAPLI ŞEBEKE HATTI ARIZASI,09/10/2023 22:31:54,10/10/2023 01:00:00,ÜSKÜDAR KUZGUNCUK MAH TAHTALI BOSTAN SK,"KUZGUNCUK MAH,İCADİYE MAH"
6162,ÜSKÜDAR,800 MM ÇAPLI ANA İSALE HATTI ARIZASI,26/09/2023 14:19:06,26/09/2023 18:00:00,ÜSKÜDAR YALIBOYU CAD,"BEYLERBEYİ MAH,KULELİ MAH,KÜÇÜKSU MAH,ÇENGELKÖY MAH"
6163,ÜSKÜDAR,800 MM ÇAPLI ANA İSALE HATTI ARIZASI,02/08/2023 22:08:58,03/08/2023 06:00:00,ÜSKÜDAR-ELMALI HATTI,"BEYLERBEYİ MAH,KANDİLLİ MAH,KULELİ MAH,KÜÇÜKSU MAH,ÇENGELKÖY MAH"
6164,ÜSKÜDAR,800 MM ÇAPLI ANA İSALE HATTI ARIZASI,11/01/2024 21:57:41,12/01/2024 05:00:00,ÜSKÜDAR-ELMALI İSALE HATTI,"BEYLERBEYİ MAH,KANDİLLİ MAH,KULELİ MAH,KÜPLÜCE MAH,KÜÇÜKSU MAH,ÇENGELKÖY MAH"
6165,ÜSKÜDAR,100 MM ÇAPLI ŞEBEKE HATTI ARIZASI,03/07/2023 08:57:59,03/07/2023 13:00:00,İCADİYE MAHALLESİ SOFRACI SOKAK,İCADİYE MAH
6166,ÜSKÜDAR,ŞEBEKE HATTI VANA ARIZASI,09/10/2023 13:45:39,09/10/2023 17:00:00,İCADİYE MAHALLESİ TAHTALI BOSTAN SK,İCADİYE MAH
6167,ÜSKÜDAR,100 MM ÇAPLI ŞEBEKE HATTI ARIZASI,07/11/2023 14:10:15,07/11/2023 16:00:00,İCADİYE MH. ÇELİK ÇOMAK SK.,"KUZGUNCUK MAH,İCADİYE MAH"
6168,ÜSKÜDAR,100 MM ÇAPLI ŞEBEKE HATTI ARIZASI,13/09/2023 20:08:37,13/09/2023 22:30:00,İLKER SK,ÇENGELKÖY MAH
6169,ÜSKÜDAR,150 MM ÇAPLI ŞEBEKE HATTI ARIZASI,25/02/2023 10:14:12,25/02/2023 12:30:00,,ÇENGELKÖY MAH
6170,ÜSKÜDAR,100 MM ÇAPLI ŞEBEKE HATTI ARIZASI,26/03/2023 11:40:32,26/03/2023 14:30:00,,"BEYLERBEYİ MAH,BEYLERBEYİ MAH"
6171,ŞİLE,100 MM ÇAPLI ŞEBEKE HATTI ARIZASI,09/08/2023 10:20:41,09/08/2023 14:00:00,AHETLİ  AYDINTEPE CD TOKİ EVLERİ,AHMETLİ MAH
6172,ŞİLE,100 MM ÇAPLI ŞEBEKE HATTI ARIZASI,01/11/2023 19:36:06,02/11/2023 00:00:00,AHMEDIYE MAH İHTISAS SK İLE KURAL SK KESİŞİMİ,AHMETLİ MAH
6173,ŞİLE,ŞEBEKE HATTI VANA ARIZASI,05/01/2024 11:03:19,05/01/2024 14:00:00,AHMETLİ  ÜSKÜDAR CD. SAĞ VE SOL KISIM,AHMETLİ MAH
6174,ŞİLE,100 MM ÇAPLI ŞEBEKE HATTI ARIZASI,09/08/2023 13:44:53,09/08/2023 16:44:00,AHMETLİ GÖZLEM SOKAK,"AHMETLİ MAH,AHMETLİ MAH"
6175,ŞİLE,200 MM ÇAPLI ŞEBEKE HATTI ARIZASI,10/01/2024 14:29:47,10/01/2024 18:00:00,AHMETLİ KARTOPU VE PALMİYE SK,"AHMETLİ MAH,AHMETLİ MAH"
6176,ŞİLE,100 MM ÇAPLI ŞEBEKE HATTI ARIZASI,26/07/2023 19:12:02,26/07/2023 22:30:00,AHMETLİ MAHALLESİ ÜSKÜDAR CADDESİ,AHMETLİ MAH
6177,ŞİLE,200 MM ÇAPLI ŞEBEKE HATTI ARIZASI,22/07/2023 14:46:15,22/07/2023 16:46:00,AHMETLİ MH  AHMETLİ CD CAMİ ÖNÜ,"AHMETLİ MAH,ERENLER MAH,KORUCU MAH,SATMAZLI MAH"
6178,ŞİLE,100 MM ÇAPLI ŞEBEKE HATTI ARIZASI,01/11/2023 12:59:28,01/11/2023 16:30:00,AHMETLİ MH.,AHMETLİ MAH
6179,ŞİLE,100 MM ÇAPLI ŞEBEKE HATTI ARIZASI,26/07/2023 15:15:14,26/07/2023 18:00:00,AHMETLİ SEYRAN TEPE SK,"AHMETLİ MAH,MEŞRUTİYET MAH"
6180,ŞİLE,ŞEBEKE HATTI BRANŞMAN BAĞLANTISI,22/07/2023 12:58:02,22/07/2023 17:30:00,AHMETLİ TOKİ 3. ETAP,"AHMETLİ MAH,MEŞRUTİYET MAH"
6181,ŞİLE,100 MM ÇAPLI ŞEBEKE HATTI ARIZASI,14/09/2023 10:45:34,14/09/2023 14:00:00,AHMETLİ YALIN SK. NO:18  ÖNÜ,"AHMETLİ MAH,AHMETLİ MAH,AHMETLİ MAH,AHMETLİ MAH,AHMETLİ MAH,AHMETLİ MAH,AHMETLİ MAH,AHMETLİ MAH,AHMETLİ MAH,AHMETLİ MAH,AHMETLİ MAH,AHMETLİ MAH,AHMETLİ MAH,AHMETLİ MAH,AHMETLİ MAH,AHMETLİ MAH,AHMETLİ MAH,AHMETLİ MAH,AHMETLİ MAH,AHMETLİ MAH,AHMETLİ MAH,AHMETLİ MAH,AHMETLİ MAH,AHMETLİ MAH,AHMETLİ MAH,AHMETLİ MAH,AHMETLİ MAH,AHMETLİ MAH,AHMETLİ MAH,AHMETLİ MAH,AHMETLİ MAH,AHMETLİ MAH,AHMETLİ MAH,AHMETLİ MAH,AHMETLİ MAH,AHMETLİ MAH,AHMETLİ MAH,AHMETLİ MAH,AHMETLİ MAH,AHMETLİ MAH,AHMETLİ MAH,AHMETLİ MAH,AHMETLİ MAH,AHMETLİ MAH,AHMETLİ MAH,AHMETLİ MAH,AHMETLİ MAH,AHMETLİ MAH,AHMETLİ MAH,AHMETLİ MAH,AHMETLİ MAH,AHMETLİ MAH,AHMETLİ MAH,AHMETLİ MAH,AHMETLİ MAH,AHMETLİ MAH,AHMETLİ MAH,AHMETLİ MAH,AHMETLİ MAH,AHMETLİ MAH,AHMETLİ MAH,AHMETLİ MAH,AHMETLİ MAH,AHMETLİ MAH,AHMETLİ MAH,AHMETLİ MAH,AHMETLİ MAH,AHMETLİ MAH,AHMETLİ MAH,AHMETLİ MAH,AHMETLİ MAH,AHMETLİ MAH,AHMETLİ MAH,AHMETLİ MAH,AHMETLİ MAH,AHMETLİ MAH,AHMETLİ MAH,AHMETLİ MAH,AHMETLİ MAH,AHMETLİ MAH,AHMETLİ MAH,AHMETLİ MAH,AHMETLİ MAH,AHMETLİ MAH,AHMETLİ MAH,AHMETLİ MAH,AHMETLİ MAH,AHMETLİ MAH,AHMETLİ MAH,AHMETLİ MAH,AHMETLİ MAH,AHMETLİ MAH,AHMETLİ MAH,AHMETLİ MAH,AHMETLİ MAH,AHMETLİ MAH,AHMETLİ MAH,AHMETLİ MAH,AHMETLİ MAH,AHMETLİ MAH,AHMETLİ MAH,AHMETLİ MAH,AHMETLİ MAH,AHMETLİ MAH,AHMETLİ MAH,AHMETLİ MAH,AHMETLİ MAH,AHMETLİ MAH,AHMETLİ MAH,AHMETLİ MAH,AHMETLİ MAH,AHMETLİ MAH,AHMETLİ MAH,AHMETLİ MAH,AHMETLİ MAH,AHMETLİ MAH,AHMETLİ MAH,AHMETLİ MAH,AHMETLİ MAH,AHMETLİ MAH,AHMETLİ MAH,AHMETLİ MAH,AHMETLİ MAH,AHMETLİ MAH,AHMETLİ MAH,AHMETLİ MAH,AHMETLİ MAH,AHMETLİ MAH,AHMETLİ MAH,AHMETLİ MAH,AHMETLİ MAH,AHMETLİ MAH,AHMETLİ MAH,AHMETLİ MAH,AHMETLİ MAH,AHMETLİ MAH,AHMETLİ MAH,AHMETLİ MAH,AHMETLİ MAH,AHMETLİ MAH,AHMETLİ MAH,AHMETLİ MAH,AHMETLİ MAH,AHMETLİ MAH,AHMETLİ MAH,AHMETLİ MAH,AHMETLİ MAH,AHMETLİ MAH,AHMETLİ MAH,AHMETLİ MAH,AHMETLİ MAH,AHMETLİ MAH,AHMETLİ MAH,AHMETLİ MAH,AHMETLİ MAH"
6182,ŞİLE,100 MM ÇAPLI ŞEBEKE HATTI ARIZASI,31/07/2023 17:45:11,31/07/2023 21:00:00,AKDENİZ CD,"ÇAVUŞ MAH,ÇAVUŞ MAH,ÇAVUŞ MAH,ÇAVUŞ MAH,ÇAVUŞ MAH"
6183,ŞİLE,100 MM ÇAPLI ŞEBEKE HATTI ARIZASI,22/09/2023 16:21:13,22/09/2023 20:00:00,AKÇAKESE,AKÇAKESE MAH
6184,ŞİLE,100 MM ÇAPLI ŞEBEKE HATTI ARIZASI,07/08/2023 11:19:03,07/08/2023 14:30:00,AKÇAKESE GÜNEŞ TEPE,"AKÇAKESE MAH,AKÇAKESE MAH"
6185,ŞİLE,ŞEBEKE HATTI YENİLEMESİ,14/08/2023 10:45:53,14/08/2023 12:00:00,AKÇAKESE GÜNEŞ TEPE PLAJ YOLU,AKÇAKESE MAH
6186,ŞİLE,100 MM ÇAPLI ŞEBEKE HATTI ARIZASI,19/11/2023 12:50:51,19/11/2023 19:00:00,AKÇAKESE MAHALLESİ,"AKÇAKESE MAH,AKÇAKESE MAH"
6187,ŞİLE,100 MM ÇAPLI ŞEBEKE HATTI ARIZASI,15/08/2023 14:16:03,15/08/2023 16:30:00,AKÇAKESE MH.,"AKÇAKESE MAH,AKÇAKESE MAH,AKÇAKESE MAH"
6188,ŞİLE,150 MM ÇAPLI ŞEBEKE HATTI ARIZASI,07/12/2023 13:02:07,07/12/2023 17:30:00,AVCIKORU-ÜVEZLİ-YEŞİLVADİ MAHALLELERİN TAMAMI,"AVCIKORU MAH,YEŞİLVADİ MAH,ÜVEZLİ MAH"
6189,ŞİLE,200 MM ÇAPLI ŞEBEKE HATTI ARIZASI,06/02/2024 15:10:06,06/02/2024 17:00:00,AĞAÇDERE  YAZIMANAYIR ARASI,"AĞAÇDERE MAH,YAZIMANAYIR MAH"
6190,ŞİLE,ŞEBEKE HATTI VANA MONTAJI/DEĞİŞİMİ,23/05/2023 15:22:15,23/05/2023 18:00:00,AĞLAYANKAYA CD 60 ÖNÜ,BALİBEY MAH
6191,ŞİLE,ŞEBEKE HATTI VANA ARIZASI,14/02/2024 16:35:08,14/02/2024 18:30:00,AĞVA GÖÇE KOLTU KÖY,"AĞVA MERKEZ MAH,AĞVA MERKEZ MAH"
6192,ŞİLE,100 MM ÇAPLI ŞEBEKE HATTI ARIZASI,19/07/2023 16:39:05,19/07/2023 18:30:00,BALİBEY EKİN SK,"BALİBEY MAH,BALİBEY MAH"
6193,ŞİLE,ŞEBEKE HATTI VANA ARIZASI,08/02/2024 10:20:12,08/02/2024 14:00:00,BALİBEY MH,"BALİBEY MAH,BALİBEY MAH,BALİBEY MAH"
6194,ŞİLE,100 MM ÇAPLI ŞEBEKE HATTI ARIZASI,01/04/2023 12:12:36,01/04/2023 13:30:00,BIÇKIDERE AZİZ SOK.,"BIÇKIDERE MAH,ORUÇOĞLU MAH,ULUPELİT MAH"
6195,ŞİLE,ŞEBEKE HATTI VANA MONTAJI/DEĞİŞİMİ,07/12/2023 14:19:18,07/12/2023 20:00:00,BOZGOCA MH.,BOZGOCA MAH
6196,ŞİLE,100 MM ÇAPLI ŞEBEKE HATTI ARIZASI,06/11/2023 10:45:04,06/11/2023 14:00:00,DEĞİRMENÇAYI MAH. GİRİŞİ,"DEĞİRMENÇAYIRI MAH,HASANLI MAH,ÇENGİLLİ MAH"
6197,ŞİLE,ŞEBEKE HATTI BRANŞMAN BAĞLANTISI,24/04/2023 17:04:15,24/04/2023 19:00:00,GEREDELİ KÖYÜ CAMİ YANI,GEREDELİ MAH
6198,ŞİLE,150 MM ÇAPLI ŞEBEKE HATTI ARIZASI,08/05/2023 10:55:30,08/05/2023 13:30:00,GEREDELİ MH.GEREDELİ CD,GEREDELİ MAH
6199,ŞİLE,150 MM ÇAPLI ŞEBEKE HATTI ARIZASI,07/06/2023 13:40:18,07/06/2023 20:30:00,GÖKMAŞLI CD,"GÖKMAŞLI MAH,GÖKSU MAH,SOĞULLU MAH,ÇATAKLI MAH"
6200,ŞİLE,100 MM ÇAPLI ŞEBEKE HATTI ARIZASI,03/08/2023 14:23:57,03/08/2023 17:00:00,GÖKSU GÖKSU CD  KÖPRÜ YANI,GÖKSU MAH
6201,ŞİLE,ŞEBEKE HATTI DEPLASE ÇALIŞMASI,20/12/2023 14:06:14,20/12/2023 17:00:00,GÖLET SK,"ÇAVUŞ MAH,ÇAVUŞ MAH,ÇAVUŞ MAH,ÇAVUŞ MAH"
6202,ŞİLE,ŞEBEKE HATTI VANA MONTAJI/DEĞİŞİMİ,27/05/2023 10:34:45,27/05/2023 12:00:00,GÖZLEM SK,"AHMETLİ MAH,KUMBABA MAH"
6203,ŞİLE,100 MM ÇAPLI ŞEBEKE HATTI ARIZASI,08/08/2023 09:58:47,08/08/2023 13:30:00,GÖÇE MAH. BEDİR SK.,GÖÇE MAH
6204,ŞİLE,100 MM ÇAPLI ŞEBEKE HATTI ARIZASI,11/05/2023 14:04:42,11/05/2023 17:30:00,GÜNEŞTEPE,"AKÇAKESE MAH,AKÇAKESE MAH,AKÇAKESE MAH,AKÇAKESE MAH"
6205,ŞİLE,100 MM ÇAPLI ŞEBEKE HATTI ARIZASI,24/05/2023 16:47:11,24/05/2023 19:00:00,GÜNEŞTEPE /KINALITAŞ KESİŞİMİ,AKÇAKESE MAH
6206,ŞİLE,100 MM ÇAPLI ŞEBEKE HATTI ARIZASI,02/05/2023 10:38:23,02/05/2023 12:00:00,GÜNEŞTEPE CD,"AKÇAKESE MAH,AKÇAKESE MAH,AKÇAKESE MAH"
6207,ŞİLE,100 MM ÇAPLI ŞEBEKE HATTI ARIZASI,20/12/2023 11:49:27,20/12/2023 15:30:00,GÜNEŞTEPE CD,AKÇAKESE MAH
6208,ŞİLE,150 MM ÇAPLI ŞEBEKE HATTI ARIZASI,30/07/2023 13:09:54,30/07/2023 16:30:00,HACIKÖY,"GEREDELİ MAH,GÖÇE MAH,KALEM MAH"
6209,ŞİLE,ŞEBEKE HATTI VANA MONTAJI/DEĞİŞİMİ,11/12/2023 10:45:03,11/12/2023 14:00:00,HACILLI MH. TAMAMI,HACILLI MAH
6210,ŞİLE,100 MM ÇAPLI ŞEBEKE HATTI ARIZASI,30/09/2023 18:50:11,30/09/2023 23:30:00,HAVA UÇAKSAVAR ER EĞİTİM ATIŞ ALANI,"KABAKOZ MAH,ÇAYIRBAŞI MAH"
6211,ŞİLE,ŞEBEKE HATTI DEPLASE ÇALIŞMASI,06/11/2023 09:04:20,06/11/2023 23:59:00,IYIDERE CD,ÇAVUŞ MAH
6212,ŞİLE,ŞEBEKE HATTI BRANŞMAN BAĞLANTISI,10/08/2023 10:37:31,10/08/2023 15:00:00,KABAKOZ PEHLİVAN CD 44 - 46 NO ÖNÜ,KABAKOZ MAH
6213,ŞİLE,ŞEBEKE HATTI DEPLASE ÇALIŞMASI,13/12/2023 10:37:08,13/12/2023 17:00:00,KABAKOZ SÜNCELLİ MH.,KABAKOZ MAH
6214,ŞİLE,ŞEBEKE HATTI BRANŞMAN BAĞLANTISI,13/07/2023 16:17:17,13/07/2023 20:00:00,KADİM SOKAK,KÖMÜRLÜK MAH
6215,ŞİLE,100 MM ÇAPLI ŞEBEKE HATTI ARIZASI,19/11/2023 12:57:12,19/11/2023 23:30:00,KALEM MAHALLESİ-HACI MUSTAFA-KÖSELER DAHİL MAHALLE GENELİ,"GÖÇE MAH,KALEM MAH,KALEM MAH,KALEM MAH"
6216,ŞİLE,100 MM ÇAPLI ŞEBEKE HATTI ARIZASI,15/09/2023 19:08:19,15/09/2023 22:00:00,KARACAKÖY MAH ELEKTİRİK ÇALISMASI,"AKÇAKESE MAH,KABAKOZ MAH,KARACAKÖY MAH"
6217,ŞİLE,ŞEBEKE HATTI VANA MONTAJI/DEĞİŞİMİ,28/12/2023 16:51:19,28/12/2023 20:00:00,KARCAALIPASA CAD NO 57,"AKÇAKESE MAH,KABAKOZ MAH,KARACAKÖY MAH,İMRENLİ MAH"
6218,ŞİLE,ŞEBEKE HATTI VANA MONTAJI/DEĞİŞİMİ,24/05/2023 14:33:06,24/05/2023 16:00:00,KELEBEK SK / AĞLAYANKAYA CD KESİŞİMİ,BALİBEY MAH
6219,ŞİLE,ŞEBEKE HATTI DEZENFEKTE EDİLMESİ,10/07/2023 07:50:44,10/07/2023 18:00:00,KERVANSARAY MAHALLESİ BIÇKIDERE İÇME SUYU PAKET ARITMA,"AVCIKORU MAH,BIÇKIDERE MAH,KERVANSARAY MAH,KÖMÜRLÜK MAH,ORUÇOĞLU MAH,ULUPELİT MAH,YEŞİLVADİ MAH,ÜVEZLİ MAH"
6220,ŞİLE,100 MM ÇAPLI ŞEBEKE HATTI ARIZASI,21/12/2023 13:33:33,21/12/2023 15:30:00,KIBRIS CD,"ÇAVUŞ MAH,ÇAVUŞ MAH"
6221,ŞİLE,ŞEBEKE HATTI VANA ARIZASI,02/02/2024 13:48:48,02/02/2024 16:00:00,KIZILCAKÖY  BOZOKLU  NO:4,KIZILCA MAH
6222,ŞİLE,100 MM ÇAPLI ŞEBEKE HATTI ARIZASI,24/06/2023 12:07:57,24/06/2023 14:30:00,KORDON BOYU,"ÇAVUŞ MAH,ÇAVUŞ MAH"
6223,ŞİLE,ŞEBEKE HATTI DEPLASE ÇALIŞMASI,22/06/2023 08:40:52,22/06/2023 18:30:00,KORDONBOYU,"ÇAVUŞ MAH,ÇAVUŞ MAH"
6224,ŞİLE,100 MM ÇAPLI ŞEBEKE HATTI ARIZASI,10/03/2023 16:27:38,10/03/2023 20:30:00,KORDONBOYU CD 31 ÖNÜ,"HACI KASIM MAH,HACI KASIM MAH,ÇAVUŞ MAH,ÇAVUŞ MAH"
6225,ŞİLE,100 MM ÇAPLI ŞEBEKE HATTI ARIZASI,14/03/2023 09:55:45,14/03/2023 17:00:00,KORDONBOYU CD 31 ÖNÜ,"HACI KASIM MAH,ÇAVUŞ MAH,ÇAVUŞ MAH,ÇAVUŞ MAH"
6226,ŞİLE,100 MM ÇAPLI ŞEBEKE HATTI ARIZASI,19/04/2023 13:32:28,19/04/2023 15:00:00,KORKUT SK,"MEŞRUTİYET MAH,MEŞRUTİYET MAH,MEŞRUTİYET MAH,MEŞRUTİYET MAH"
6227,ŞİLE,ŞEBEKE HATTI VANA MONTAJI/DEĞİŞİMİ,07/04/2023 12:35:02,07/04/2023 15:35:00,KUMBABA,"KUMBABA MAH,KUMBABA MAH"
6228,ŞİLE,100 MM ÇAPLI ŞEBEKE HATTI ARIZASI,30/08/2023 09:22:59,30/08/2023 12:30:00,KUMBABA MH,"KUMBABA MAH,KUMBABA MAH,KUMBABA MAH,KUMBABA MAH"
6229,ŞİLE,100 MM ÇAPLI ŞEBEKE HATTI ARIZASI,02/10/2023 13:19:58,02/10/2023 19:00:00,KUMBABA MH,"KUMBABA MAH,KUMBABA MAH,KUMBABA MAH,KUMBABA MAH,MEŞRUTİYET MAH"
6230,ŞİLE,100 MM ÇAPLI ŞEBEKE HATTI ARIZASI,06/02/2024 11:18:57,06/02/2024 13:30:00,KUMBABA TURAN AZİZ BELLER CD PARK ÖNÜ,"KUMBABA MAH,KUMBABA MAH,KUMBABA MAH,KUMBABA MAH,KUMBABA MAH,KUMBABA MAH,KUMBABA MAH,KUMBABA MAH"
6231,ŞİLE,100 MM ÇAPLI ŞEBEKE HATTI ARIZASI,30/01/2024 15:41:05,30/01/2024 19:30:00,KURNA CD 22 ÖNÜ,KURNA MAH
6232,ŞİLE,100 MM ÇAPLI ŞEBEKE HATTI ARIZASI,25/07/2023 10:40:14,25/07/2023 16:00:00,KÖMÜRLÜK CD NO:24 ÖNÜ,KÖMÜRLÜK MAH
6233,ŞİLE,100 MM ÇAPLI ŞEBEKE HATTI ARIZASI,13/10/2023 15:24:37,13/10/2023 18:00:00,MEŞRUTİYET,"KIZILCA MAH,MEŞRUTİYET MAH"
6234,ŞİLE,100 MM ÇAPLI ŞEBEKE HATTI ARIZASI,19/10/2023 09:50:42,19/10/2023 13:00:00,NO-9 ÖNÜ,MEŞRUTİYET MAH
6235,ŞİLE,100 MM ÇAPLI ŞEBEKE HATTI ARIZASI,27/09/2023 09:42:18,27/09/2023 13:00:00,NURGÜL SK 18 ÖNÜ,"DARLIK MAH,ULUPELİT MAH"
6236,ŞİLE,ŞEBEKE HATTI VANA MONTAJI/DEĞİŞİMİ,25/02/2023 12:02:12,25/02/2023 16:00:00,NİLÜFER SK 2 ÖNÜ,"AHMETLİ MAH,AHMETLİ MAH,KUMBABA MAH,KUMBABA MAH,KUMBABA MAH,KUMBABA MAH,KUMBABA MAH"
6237,ŞİLE,ŞEBEKE HATTI VANA ARIZASI,04/09/2023 15:38:47,04/09/2023 17:00:00,OSMAN KÖY SEVİŞLİ MELODİ SK,"OSMANKÖY MAH,OSMANKÖY MAH"
6238,ŞİLE,200 MM ÇAPLI ŞEBEKE HATTI ARIZASI,02/11/2023 13:02:29,02/11/2023 17:30:00,OSMANKÖY MH. GENELİ - KARABEYLİ MH. SEVİŞLİ-MANŞER,"KARABEYLİ MAH,OSMANKÖY MAH,OSMANKÖY MAH"
6239,ŞİLE,ŞEBEKE HATTI BRANŞMAN BAĞLANTISI,03/05/2023 17:42:08,03/05/2023 20:00:00,OĞLAK SK ÜZERI,İMRENLİ MAH
6240,ŞİLE,100 MM ÇAPLI ŞEBEKE HATTI ARIZASI,26/12/2023 17:15:02,26/12/2023 20:00:00,PLAJLI YOL CD 19 ÖNÜ,AKÇAKESE MAH
6241,ŞİLE,ŞEBEKE HATTI YENİLEMESİ,14/09/2023 13:24:30,14/09/2023 16:00:00,SAHİLKÖY,"SAHİLKÖY MAH,SAHİLKÖY MAH"
6242,ŞİLE,100 MM ÇAPLI ŞEBEKE HATTI ARIZASI,21/04/2023 11:56:16,21/04/2023 15:30:00,SAVAŞ SOKAK,"ÇAVUŞ MAH,ÇAVUŞ MAH,ÇAVUŞ MAH"
6243,ŞİLE,ŞEBEKE HATTI BRANŞMAN BAĞLANTISI,13/04/2023 12:12:44,13/04/2023 15:30:00,SEBAT SOKAK,"MEŞRUTİYET MAH,MEŞRUTİYET MAH,MEŞRUTİYET MAH,MEŞRUTİYET MAH,MEŞRUTİYET MAH"
6244,ŞİLE,500 MM ÇAPLI ANA İSALE HATTI ARIZASI,03/02/2024 14:31:50,03/02/2024 19:00:00,SOFULAR MEVKİ,"ALACALI MAH,KARAKİRAZ MAH,KIZILCA MAH,KURNA MAH,SOFULAR MAH"
6245,ŞİLE,ŞEBEKE HATTI VANA MONTAJI/DEĞİŞİMİ,09/05/2023 15:16:01,09/05/2023 18:00:00,TAÇ CAD-7 EKİM CD,"AHMETLİ MAH,AHMETLİ MAH,AHMETLİ MAH,AHMETLİ MAH,AHMETLİ MAH,AHMETLİ MAH,AHMETLİ MAH,AHMETLİ MAH,KUMBABA MAH,KUMBABA MAH"
6246,ŞİLE,BASINÇ DÜŞÜKLÜĞÜ,16/05/2023 10:42:34,16/05/2023 12:00:00,TAŞOLUK CD,SAHİLKÖY MAH
6247,ŞİLE,ŞEBEKE HATTI DEPLASE ÇALIŞMASI,12/06/2023 10:23:07,12/06/2023 19:30:00,TAŞOLUK SK CİVARI,SAHİLKÖY MAH
6248,ŞİLE,ŞEBEKE HATTI VANA MONTAJI/DEĞİŞİMİ,14/10/2023 09:30:10,14/10/2023 15:30:00,TEKE CD-AYDINTEPE KESIŞIMI,"TEKE MAH,TEKE MAH,YAYLALI MAH"
6249,ŞİLE,BASINÇ DÜŞÜKLÜĞÜ,30/11/2023 12:40:39,30/11/2023 14:00:00,TEKE MAH,"TEKE MAH,TEKE MAH"
6250,ŞİLE,ŞEBEKE HATTI VANA MONTAJI/DEĞİŞİMİ,18/10/2023 12:30:44,18/10/2023 19:30:00,VALİDE SULTAN CD,"AVCIKORU MAH,KIZILCA MAH,YEŞİLVADİ MAH,ÜVEZLİ MAH"
6251,ŞİLE,100 MM ÇAPLI ŞEBEKE HATTI ARIZASI,21/03/2023 15:29:55,21/03/2023 18:30:00,VATAN SOKAK İÇİ,"AHMETLİ MAH,AHMETLİ MAH,AHMETLİ MAH,KUMBABA MAH,KUMBABA MAH"
6252,ŞİLE,ŞEBEKE HATTI VANA MONTAJI/DEĞİŞİMİ,18/02/2023 09:43:45,18/02/2023 12:30:00,YABANGÜLÜ SK,"AHMETLİ MAH,AHMETLİ MAH,AHMETLİ MAH,AHMETLİ MAH,AHMETLİ MAH,AHMETLİ MAH,KUMBABA MAH,KUMBABA MAH"
6253,ŞİLE,100 MM ÇAPLI ŞEBEKE HATTI ARIZASI,12/08/2023 14:52:59,12/08/2023 17:30:00,YALÇINDAĞI SK,AHMETLİ MAH
6254,ŞİLE,100 MM ÇAPLI ŞEBEKE HATTI ARIZASI,25/09/2023 10:46:46,25/09/2023 13:00:00,YAZIMANAYIR,"TEKE MAH,YAYLALI MAH,YAZIMANAYIR MAH"
6255,ŞİLE,ŞEBEKE HATTI YENİLEMESİ,06/06/2023 10:09:02,06/06/2023 13:09:00,YENİKÖY MAH,YENİKÖY MAH
6256,ŞİLE,ŞEBEKE HATTI VANA MONTAJI/DEĞİŞİMİ,29/11/2023 10:28:57,29/11/2023 13:00:00,YEŞİLVADİ CD-GÜNDEM SK KESİŞİMİ,YEŞİLVADİ MAH
6257,ŞİLE,100 MM ÇAPLI ŞEBEKE HATTI ARIZASI,16/08/2023 14:07:40,16/08/2023 16:30:00,YEŞİLVADİ MH.,"YEŞİLVADİ MAH,YEŞİLVADİ MAH"
6258,ŞİLE,ŞEBEKE HATTI VANA MONTAJI/DEĞİŞİMİ,15/05/2023 10:44:54,15/05/2023 17:00:00,ZENGİN/MAKUL KESİŞİMİ,SAHİLKÖY MAH
6259,ŞİLE,ŞEBEKE HATTI VANA MONTAJI/DEĞİŞİMİ,14/06/2023 12:03:11,14/06/2023 13:30:00,ZÜBEYDE HANIM 35 ÖNÜ,KUMBABA MAH
6260,ŞİLE,100 MM ÇAPLI ŞEBEKE HATTI ARIZASI,15/07/2023 11:22:22,15/07/2023 16:00:00,ZİRVE 15,"ÇAVUŞ MAH,ÇAVUŞ MAH,ÇAVUŞ MAH"
6261,ŞİLE,100 MM ÇAPLI ŞEBEKE HATTI ARIZASI,06/05/2023 12:34:16,06/05/2023 17:30:00,ZİRVE SK,"ÇAVUŞ MAH,ÇAVUŞ MAH,ÇAVUŞ MAH,ÇAVUŞ MAH,ÇAVUŞ MAH,ÇAVUŞ MAH,ÇAVUŞ MAH,ÇAVUŞ MAH"
6262,ŞİLE,100 MM ÇAPLI ŞEBEKE HATTI ARIZASI,01/11/2023 18:58:18,01/11/2023 23:00:00,ÇAVUS MAH GÜZEL SK HASIR SK İYIDERE DD,ÇAVUŞ MAH
6263,ŞİLE,100 MM ÇAPLI ŞEBEKE HATTI ARIZASI,25/09/2023 08:53:01,25/09/2023 20:00:00,ÇAVUŞ  MH İYİDERE CD,"ÇAVUŞ MAH,ÇAVUŞ MAH,İMRENDERE MAH"
6264,ŞİLE,100 MM ÇAPLI ŞEBEKE HATTI ARIZASI,10/08/2023 11:38:13,10/08/2023 13:30:00,ÇAVUŞ MAH KAR SOKAK,ÇAVUŞ MAH
6265,ŞİLE,100 MM ÇAPLI ŞEBEKE HATTI ARIZASI,19/04/2023 18:33:43,19/04/2023 22:00:00,ÇAVUŞ MAH. ÇAYIRLAR CAD. ÜZERI,ÇAVUŞ MAH
6266,ŞİLE,100 MM ÇAPLI ŞEBEKE HATTI ARIZASI,08/07/2023 10:07:55,08/07/2023 12:00:00,ÇAVUŞ MAHALLESİ LİMAN SOKAK DOLGU ALANI,ÇAVUŞ MAH
6267,ŞİLE,100 MM ÇAPLI ŞEBEKE HATTI ARIZASI,19/01/2024 11:47:27,19/01/2024 15:00:00,ÇAVUŞ MH,ÇAVUŞ MAH
6268,ŞİLE,100 MM ÇAPLI ŞEBEKE HATTI ARIZASI,22/11/2023 10:16:31,22/11/2023 13:00:00,ÇAVUŞ MH GÖKYÜZÜ,"ÇAVUŞ MAH,ÇAVUŞ MAH,ÇAVUŞ MAH"
6269,ŞİLE,ŞEBEKE HATTI DEPLASE ÇALIŞMASI,08/08/2023 10:07:28,08/08/2023 14:00:00,ÇAVUŞ MH HAN CD,ÇAVUŞ MAH
6270,ŞİLE,100 MM ÇAPLI ŞEBEKE HATTI ARIZASI,02/08/2023 14:07:39,02/08/2023 17:00:00,ÇAVUŞ MH HAN CD ÜZERİ,"ÇAVUŞ MAH,ÇAVUŞ MAH,ÇAVUŞ MAH,ÇAVUŞ MAH,ÇAVUŞ MAH,ÇAVUŞ MAH,ÇAVUŞ MAH,ÇAVUŞ MAH,ÇAVUŞ MAH,ÇAVUŞ MAH"
6271,ŞİLE,100 MM ÇAPLI ŞEBEKE HATTI ARIZASI,02/01/2024 16:05:05,02/01/2024 19:00:00,ÇAVUŞ MH HARİKA SOKAK,"ÇAVUŞ MAH,ÇAVUŞ MAH,ÇAVUŞ MAH"
6272,ŞİLE,100 MM ÇAPLI ŞEBEKE HATTI ARIZASI,28/10/2023 10:01:46,28/10/2023 11:00:00,ÇAVUŞ MH KIBRIS CD,"ÇAVUŞ MAH,ÇAVUŞ MAH,ÇAVUŞ MAH,ÇAVUŞ MAH,ÇAVUŞ MAH"
6273,ŞİLE,ŞEBEKE HATTI VANA ARIZASI,14/02/2024 11:36:43,14/02/2024 13:30:00,ÇAVUŞ MH YAMAÇ SK,ÇAVUŞ MAH
6274,ŞİLE,100 MM ÇAPLI ŞEBEKE HATTI ARIZASI,10/10/2023 16:38:55,10/10/2023 17:00:00,ÇAVUŞ MH ÇAĞDAŞ SK,ÇAVUŞ MAH
6275,ŞİLE,100 MM ÇAPLI ŞEBEKE HATTI ARIZASI,03/11/2023 10:24:37,03/11/2023 11:20:00,ÇAVUŞ MH İYİDERE CD,ÇAVUŞ MAH
6276,ŞİLE,100 MM ÇAPLI ŞEBEKE HATTI ARIZASI,11/09/2023 15:45:18,11/09/2023 17:30:00,ÇAVUŞ MH İYİDERE CD.,"ÇAVUŞ MAH,ÇAVUŞ MAH"
6277,ŞİLE,100 MM ÇAPLI ŞEBEKE HATTI ARIZASI,31/10/2023 13:32:35,31/10/2023 18:00:00,ÇAVUŞ MH İYİDERE CD.,"ÇAVUŞ MAH,ÇAVUŞ MAH"
6278,ŞİLE,100 MM ÇAPLI ŞEBEKE HATTI ARIZASI,24/08/2023 12:12:59,24/08/2023 15:30:00,ÇAVUŞ MH. KAHYA SK.,ÇAVUŞ MAH
6279,ŞİLE,100 MM ÇAPLI ŞEBEKE HATTI ARIZASI,04/11/2023 15:56:49,04/11/2023 20:30:00,ÇAVUŞ MH. KIBRIS CD.,"ÇAVUŞ MAH,ÇAVUŞ MAH,ÇAVUŞ MAH,İMRENDERE MAH"
6280,ŞİLE,100 MM ÇAPLI ŞEBEKE HATTI ARIZASI,07/02/2024 12:09:24,07/02/2024 14:30:00,ÇAVUŞ MH. KIBRIS CD. VE CİVARI,"ÇAVUŞ MAH,ÇAVUŞ MAH,ÇAVUŞ MAH"
6281,ŞİLE,100 MM ÇAPLI ŞEBEKE HATTI ARIZASI,13/12/2023 13:28:10,13/12/2023 17:00:00,ÇAVUŞ MH. KIBRIS CD. VE GENELİ,"ÇAVUŞ MAH,ÇAVUŞ MAH,ÇAVUŞ MAH"
6282,ŞİLE,ŞEBEKE HATTI DEPLASE ÇALIŞMASI,28/08/2023 10:32:44,28/08/2023 18:00:00,ÇAVUŞ YAĞMURSOK HAN CD.,"ÇAVUŞ MAH,ÇAVUŞ MAH,ÇAVUŞ MAH"
6283,ŞİLE,ŞEBEKE HATTI VANA MONTAJI/DEĞİŞİMİ,05/06/2023 09:49:26,05/06/2023 12:00:00,ÜSKÜDAR CD -İMRENDERE CD KESİŞİMİ 340 ÖNÜ,"ÇAVUŞ MAH,ÇAVUŞ MAH"
6284,ŞİLE,ŞEBEKE HATTI VANA MONTAJI/DEĞİŞİMİ,06/06/2023 13:00:54,06/06/2023 14:30:00,ÜSKÜDAR-IMRENDERE CD KESIŞIMI,"ÇAVUŞ MAH,ÇAVUŞ MAH"
6285,ŞİLE,100 MM ÇAPLI ŞEBEKE HATTI ARIZASI,21/08/2023 13:39:11,21/08/2023 15:39:00,İMRENDERE BOĞAZ SOKAK,"OVACIK MAH,İMRENDERE MAH"
6286,ŞİLE,150 MM ÇAPLI ŞEBEKE HATTI ARIZASI,20/07/2023 16:35:21,20/07/2023 18:30:00,İMRENDERE İMRENDERE CD NO:14 ÖNÜ,"OVACIK MAH,İMRENDERE MAH"
6287,ŞİLE,250 MM ÇAPLI ŞEBEKE HATTI ARIZASI,30/01/2024 10:55:01,30/01/2024 17:30:00,İMRENLİ CD 132 ÖNÜ,"AKÇAKESE MAH,KABAKOZ MAH,İMRENLİ MAH"
6288,ŞİLE,300 MM ÇAPLI ŞEBEKE HATTI ARIZASI,29/12/2023 10:21:32,29/12/2023 14:00:00,İMRENLİ MH İMRENLİ CD NO:130 ÖNÜ,"AKÇAKESE MAH,KABAKOZ MAH,İMRENLİ MAH"
6289,ŞİLE,300 MM ÇAPLI ŞEBEKE HATTI ARIZASI,22/09/2023 08:48:18,22/09/2023 14:00:00,İMRENLİ İMRENLİ CD MEZARLIĞI GEÇTİKTEN SONRA,"DEĞİRMENÇAYIRI MAH,KABAKOZ MAH,KARACAKÖY MAH,YAKA MAH,YAZIMANAYIR MAH,ÇENGİLLİ MAH,İMRENLİ MAH"
6290,ŞİLE,400 MM ÇAPLI ANA İSALE HATTI ARIZASI,28/11/2023 14:16:05,29/11/2023 06:00:00,İSAKÖY KABAKOZ,"AKÇAKESE MAH,BOZGOCA MAH,DEĞİRMENÇAYIRI MAH,HACILLI MAH,HASANLI MAH,KABAKOZ MAH,KARACAKÖY MAH,KURFALLI MAH,KURFALLI MAH,OSMANKÖY MAH,SORTULLU MAH,TEKE MAH,YAKA MAH,YAYLALI MAH,YAZIMANAYIR MAH,ÇENGİLLİ MAH,İMRENLİ MAH"
6291,ŞİLE,100 MM ÇAPLI ŞEBEKE HATTI ARIZASI,28/08/2023 12:38:20,28/08/2023 15:30:00,İSAKÖY MAH. BOZAHLAT MEVKİ,"GÖÇE MAH,İSAKÖY MAH,İSAKÖY MAH,İSAKÖY MAH,İSAKÖY MAH,İSAKÖY MAH,İSAKÖY MAH,İSAKÖY MAH,İSAKÖY MAH,İSAKÖY MAH,İSAKÖY MAH,İSAKÖY MAH,İSAKÖY MAH,İSAKÖY MAH,İSAKÖY MAH,İSAKÖY MAH,İSAKÖY MAH"
6292,ŞİLE,ŞEBEKE HATTI VANA MONTAJI/DEĞİŞİMİ,14/09/2023 16:18:55,14/09/2023 17:30:00,ŞENPINAR SK,ÇAVUŞ MAH
6293,ŞİLE,ŞEBEKE HATTI DEPLASE ÇALIŞMASI,15/06/2023 07:42:58,15/06/2023 17:00:00,ŞİLE BALİBEY MAHALLESİ,"BALİBEY MAH,HACI KASIM MAH,ÇAVUŞ MAH,ÇAYIRBAŞI MAH"
6294,ŞİLE,500 MM ÇAPLI ANA İSALE HATTI ARIZASI,17/09/2023 15:18:56,17/09/2023 23:00:00,ŞİLE KIZILCAKÖY,"ALACALI MAH,DOĞANCILI MAH,KARAKİRAZ MAH,KURNA MAH,SAHİLKÖY MAH"
6295,ŞİLE,500 MM ÇAPLI ANA İSALE HATTI ARIZASI,19/09/2023 11:48:16,19/09/2023 20:00:00,ŞİLE KIZILCAKÖY,"ALACALI MAH,KIZILCA MAH,SOFULAR MAH"
6296,ŞİLE,500 MM ÇAPLI ANA İSALE HATTI ARIZASI,12/02/2024 23:32:48,13/02/2024 06:00:00,ŞİLE KIZILCAKÖY MEVKİİ,"AHMETLİ MAH,ALACALI MAH,KARAKİRAZ MAH,KIZILCA MAH,KURNA MAH,SOFULAR MAH"
6297,ŞİLE,100 MM ÇAPLI ŞEBEKE HATTI ARIZASI,10/09/2023 15:36:17,10/09/2023 19:00:00,ŞİLE ORUÇOĞLU MAH NURGÜL SOK ÜZERİ,ULUPELİT MAH
6298,ŞİLE,100 MM ÇAPLI ŞEBEKE HATTI ARIZASI,24/01/2024 15:06:39,24/01/2024 17:00:00,ŞİLE ÇAVUŞ MAH HARİKA SOKAK,"ÇAVUŞ MAH,ÇAVUŞ MAH"
6299,ŞİLE,100 MM ÇAPLI ŞEBEKE HATTI ARIZASI,29/07/2023 15:29:25,29/07/2023 19:29:00,ŞİLE ÇAVUŞ MAHALLESİ,ÇAVUŞ MAH
6300,ŞİLE,500 MM ÇAPLI ANA İSALE HATTI ARIZASI,07/02/2024 12:59:30,07/02/2024 19:00:00,ŞİLE-SOFULAR,"AHMETLİ MAH,KARAKİRAZ MAH,KIZILCA MAH,SAHİLKÖY MAH,SOFULAR MAH"
6301,ŞİLE,200 MM ÇAPLI ŞEBEKE HATTI ARIZASI,20/01/2024 10:09:31,20/01/2024 16:30:00,,"AHMETLİ MAH,AHMETLİ MAH,AHMETLİ MAH,KUMBABA MAH,KUMBABA MAH"
6302,ŞİŞLİ,100 MM ÇAPLI ŞEBEKE HATTI ARIZASI,01/05/2023 10:01:51,01/05/2023 14:30:00,19 MAYIS MAH.ÇORUH SK.,"19 MAYIS MAH,HALASKARGAZİ MAH,MEŞRUTİYET MAH"
6303,ŞİŞLİ,100 MM ÇAPLI ŞEBEKE HATTI ARIZASI,28/11/2023 15:18:24,28/11/2023 19:00:00,ARDIÇ SOKAK,"KUŞTEPE MAH,MECİDİYEKÖY MAH"
6304,ŞİŞLİ,250 MM ÇAPLI ŞEBEKE HATTI ARIZASI,03/03/2023 10:30:16,03/03/2023 13:00:00,AVUKAT CADDESİ,PAŞA MAH
6305,ŞİŞLİ,100 MM ÇAPLI ŞEBEKE HATTI ARIZASI,16/12/2023 10:19:58,16/12/2023 13:00:00,BOZKURT CADDESİ NO:171,"BOZKURT MAH,DUATEPE MAH,ESKİŞEHİR MAH,FERİKÖY MAH"
6306,ŞİŞLİ,100 MM ÇAPLI ŞEBEKE HATTI ARIZASI,21/06/2023 02:17:41,21/06/2023 06:00:00,BOZKURT MAH SEYMEN SK NO6 ÖNÜ,"BOZKURT MAH,ESKİŞEHİR MAH,FERİKÖY MAH"
6307,ŞİŞLİ,100 MM ÇAPLI ŞEBEKE HATTI ARIZASI,24/08/2023 14:36:05,24/08/2023 17:00:00,BOZKURT MAH. BİLEZİKÇİ SOK.,"BOZKURT MAH,DUATEPE MAH,ESKİŞEHİR MAH,FERİKÖY MAH"
6308,ŞİŞLİ,100 MM ÇAPLI ŞEBEKE HATTI ARIZASI,15/09/2023 13:26:32,15/09/2023 16:00:00,BOZKURT MAH. EŞREFEFENDİ SOKAK,"BOZKURT MAH,DUATEPE MAH,ESKİŞEHİR MAH,FERİKÖY MAH"
6309,ŞİŞLİ,100 MM ÇAPLI ŞEBEKE HATTI ARIZASI,28/09/2023 11:47:58,28/09/2023 14:00:00,BOZKURT MAH. EŞREFEFENDİ SOKAK,"BOZKURT MAH,DUATEPE MAH,ESKİŞEHİR MAH,FERİKÖY MAH"
6310,ŞİŞLİ,100 MM ÇAPLI ŞEBEKE HATTI ARIZASI,08/10/2023 10:53:27,08/10/2023 13:00:00,BOZKURT MAH.BARUTHANE CD.NO.37,"BOZKURT MAH,DUATEPE MAH,ESKİŞEHİR MAH,FERİKÖY MAH,YAYLA MAH"
6311,ŞİŞLİ,300 MM ÇAPLI ŞEBEKE HATTI ARIZASI,17/11/2023 10:46:24,17/11/2023 12:00:00,BOZKURT MAH.EŞREF EFENDİ SK,"BOZKURT MAH,DUATEPE MAH,ESKİŞEHİR MAH,FERİKÖY MAH"
6312,ŞİŞLİ,150 MM ÇAPLI ŞEBEKE HATTI ARIZASI,15/02/2024 11:31:39,15/02/2024 17:00:00,BÜYÜKDERE CADDESİ,ESENTEPE MAH
6313,ŞİŞLİ,100 MM ÇAPLI ŞEBEKE HATTI ARIZASI,28/10/2023 11:56:59,28/10/2023 13:00:00,BİLGİÇ SOKAK,CUMHURİYET MAH
6314,ŞİŞLİ,100 MM ÇAPLI ŞEBEKE HATTI ARIZASI,01/01/2024 13:39:37,01/01/2024 16:00:00,CUMHURİYET MH.ERGENEKON CD,CUMHURİYET MAH
6315,ŞİŞLİ,900 MM ÇAPLI ANA İSALE HATTI ARIZASI,20/12/2023 12:29:10,20/12/2023 19:00:00,DOLMABAHÇE,"FERİKÖY MAH,HARBİYE MAH,PAŞA MAH,YAYLA MAH"
6316,ŞİŞLİ,100 MM ÇAPLI ŞEBEKE HATTI ARIZASI,06/10/2023 13:37:54,06/10/2023 15:00:00,DOĞANAY SOKAK,KUŞTEPE MAH
6317,ŞİŞLİ,100 MM ÇAPLI ŞEBEKE HATTI ARIZASI,04/09/2023 19:03:24,04/09/2023 21:00:00,DUATEPE MAH ŞAHMERDAN SK,"DUATEPE MAH,PAŞA MAH"
6318,ŞİŞLİ,100 MM ÇAPLI ŞEBEKE HATTI ARIZASI,02/10/2023 13:04:50,02/10/2023 15:00:00,DUATEPE MAH. ERGENEKON CAD.,"CUMHURİYET MAH,DUATEPE MAH"
6319,ŞİŞLİ,100 MM ÇAPLI ŞEBEKE HATTI ARIZASI,25/04/2023 15:45:16,25/04/2023 17:00:00,DUATEPE MAH. ŞAHADET SOK.,DUATEPE MAH
6320,ŞİŞLİ,100 MM ÇAPLI ŞEBEKE HATTI ARIZASI,07/11/2023 11:23:38,07/11/2023 13:00:00,ECZA SOKAK,ESENTEPE MAH
6321,ŞİŞLİ,100 MM ÇAPLI ŞEBEKE HATTI ARIZASI,21/10/2023 09:56:02,21/10/2023 11:00:00,ERGENEKON CADDESİ,"CUMHURİYET MAH,DUATEPE MAH"
6322,ŞİŞLİ,100 MM ÇAPLI ŞEBEKE HATTI ARIZASI,05/10/2023 16:19:30,05/10/2023 18:30:00,ERGENEKON CADDESİ NO 77 ÖNÖ,"CUMHURİYET MAH,CUMHURİYET MAH"
6323,ŞİŞLİ,100 MM ÇAPLI ŞEBEKE HATTI ARIZASI,06/10/2023 12:04:01,06/10/2023 14:00:00,ERGENEKON CADDESİ NO 77 ÖNÖ,CUMHURİYET MAH
6324,ŞİŞLİ,100 MM ÇAPLI ŞEBEKE HATTI ARIZASI,11/09/2023 07:23:52,11/09/2023 14:00:00,ERGENEKON MAH KAYA HATUN SK NO:37 ÖNÜ,"ERGENEKON MAH,İNÖNÜ MAH"
6325,ŞİŞLİ,ŞEBEKE HATTI VANA MONTAJI/DEĞİŞİMİ,30/11/2023 14:05:46,30/11/2023 17:00:00,ERGENEKON MH.HALASKARGAZİ CD.NO.45 ÖNÜ,"ERGENEKON MAH,İNÖNÜ MAH"
6326,ŞİŞLİ,100 MM ÇAPLI ŞEBEKE HATTI ARIZASI,20/10/2023 14:09:23,20/10/2023 15:23:00,ERGENOKON,"CUMHURİYET MAH,DUATEPE MAH"
6327,ŞİŞLİ,100 MM ÇAPLI ŞEBEKE HATTI ARIZASI,14/02/2024 21:32:23,14/02/2024 23:59:00,ESENTEPE MAH. VİLLA CD,ESENTEPE MAH
6328,ŞİŞLİ,ŞEBEKE HATTI YENİLEMESİ,16/04/2023 13:14:33,16/04/2023 17:16:00,ESENTEPE MAH.İRFAN BAŞBUĞ SK,ESENTEPE MAH
6329,ŞİŞLİ,100 MM ÇAPLI ŞEBEKE HATTI ARIZASI,30/10/2023 17:46:46,30/10/2023 21:00:00,ESENTEPE MH KESKİN KALEM SK NO37 ÖNÜ,ESENTEPE MAH
6330,ŞİŞLİ,100 MM ÇAPLI ŞEBEKE HATTI ARIZASI,14/02/2024 17:01:36,14/02/2024 20:00:00,ESENTEPE MH.BÜYÜKDERE CD.NO.102 ÖNÜ,ESENTEPE MAH
6331,ŞİŞLİ,150 MM ÇAPLI ŞEBEKE HATTI ARIZASI,04/01/2024 12:52:40,04/01/2024 15:00:00,ESENTEPE MH.ZİNCİRLİDERE CD. - DERİN SK KÖŞE,"ESENTEPE MAH,GÜLBAHAR MAH"
6332,ŞİŞLİ,100 MM ÇAPLI ŞEBEKE HATTI ARIZASI,17/09/2023 14:14:36,17/09/2023 17:00:00,ESKİŞEHİ MHA.ŞAHİN SK.NO.63 ÖNÜ,"BOZKURT MAH,DUATEPE MAH,ERGENEKON MAH,ESKİŞEHİR MAH,FERİKÖY MAH"
6333,ŞİŞLİ,100 MM ÇAPLI ŞEBEKE HATTI ARIZASI,16/08/2023 11:32:07,16/08/2023 14:00:00,ESKİŞEHİR MAH. DERİCİLER SOK.,"BOZKURT MAH,DUATEPE MAH,ESKİŞEHİR MAH,FERİKÖY MAH"
6334,ŞİŞLİ,100 MM ÇAPLI ŞEBEKE HATTI ARIZASI,08/10/2023 18:15:31,08/10/2023 22:00:00,FULYA MAH ESENLER SK NO 3 ÖNÜ,"19 MAYIS MAH,BOZKURT MAH,DUATEPE MAH,FERİKÖY MAH,FULYA MAH,İZZET PAŞA MAH"
6335,ŞİŞLİ,100 MM ÇAPLI ŞEBEKE HATTI ARIZASI,30/08/2023 10:15:41,30/08/2023 17:00:00,FULYA MAH. BAHÇELER SOK. NO 8,FULYA MAH
6336,ŞİŞLİ,100 MM ÇAPLI ŞEBEKE HATTI ARIZASI,12/10/2023 17:09:17,12/10/2023 19:00:00,FULYA MAH. MEHMETÇİK CD.,"19 MAYIS MAH,FULYA MAH"
6337,ŞİŞLİ,100 MM ÇAPLI ŞEBEKE HATTI ARIZASI,24/10/2023 12:03:36,24/10/2023 17:00:00,FULYA MAH. MEHMETÇİK CD.,"19 MAYIS MAH,FULYA MAH"
6338,ŞİŞLİ,100 MM ÇAPLI ŞEBEKE HATTI ARIZASI,02/09/2023 11:17:31,02/09/2023 20:00:00,FULYA MAH. VEFA DERESİ,FULYA MAH
6339,ŞİŞLİ,100 MM ÇAPLI ŞEBEKE HATTI ARIZASI,28/08/2023 21:24:14,29/08/2023 05:00:00,FULYA MAH. VEFA DERESİ CD. NO:25 ÖNÜ,"19 MAYIS MAH,BOZKURT MAH,CUMHURİYET MAH,DUATEPE MAH,FULYA MAH,GÜLBAHAR MAH,HALASKARGAZİ MAH,MECİDİYEKÖY MAH"
6340,ŞİŞLİ,100 MM ÇAPLI ŞEBEKE HATTI ARIZASI,29/08/2023 05:00:03,29/08/2023 15:00:00,FULYA MAH. VEFA DERESİ CD. NO:25 ÖNÜ,FULYA MAH
6341,ŞİŞLİ,100 MM ÇAPLI ŞEBEKE HATTI ARIZASI,04/09/2023 10:59:21,04/09/2023 15:00:00,FULYA MAH. VEFA DERESİ CD. NO:25 ÖNÜ,FULYA MAH
6342,ŞİŞLİ,100 MM ÇAPLI ŞEBEKE HATTI ARIZASI,18/08/2023 18:42:44,18/08/2023 23:00:00,FULYA MAH. VEFA DERESİ CD. NO:26 ÖNÜ,FULYA MAH
6343,ŞİŞLİ,100 MM ÇAPLI ŞEBEKE HATTI ARIZASI,08/10/2023 11:08:49,08/10/2023 17:00:00,FULYA MAH.MEHMETCİK CD,"19 MAYIS MAH,FULYA MAH"
6344,ŞİŞLİ,100 MM ÇAPLI ŞEBEKE HATTI ARIZASI,28/11/2023 10:50:21,28/11/2023 13:30:00,FULYA MAH.MEHMETÇİK CD.,"19 MAYIS MAH,FULYA MAH"
6345,ŞİŞLİ,BASINÇ DÜŞÜKLÜĞÜ,04/10/2023 11:23:31,04/10/2023 17:00:00,FULYA MAH.VEFA DERESİ SK.NO.5,FULYA MAH
6346,ŞİŞLİ,100 MM ÇAPLI ŞEBEKE HATTI ARIZASI,10/10/2023 17:50:46,10/10/2023 23:00:00,FULYA MH MEHMETÇİK CD NO:92 ÖNÜ,"19 MAYIS MAH,FULYA MAH"
6347,ŞİŞLİ,100 MM ÇAPLI ŞEBEKE HATTI ARIZASI,02/07/2023 16:58:27,02/07/2023 20:00:00,GÜLBAHAR MH.ŞEHIT ERTUĞRUL KABATAŞ CD,"GÜLBAHAR MAH,MECİDİYEKÖY MAH"
6348,ŞİŞLİ,150 MM ÇAPLI ŞEBEKE HATTI ARIZASI,21/11/2023 16:00:48,21/11/2023 23:00:00,GÜLLECİ SOKAK,"ESKİŞEHİR MAH,FERİKÖY MAH"
6349,ŞİŞLİ,100 MM ÇAPLI ŞEBEKE HATTI ARIZASI,18/05/2023 09:54:06,18/05/2023 14:00:00,GÜRSEL MAHALLESİ NAMZET SK NO:12 ÖNÜ,KAPTANPAŞA MAH
6350,ŞİŞLİ,100 MM ÇAPLI ŞEBEKE HATTI ARIZASI,03/09/2023 14:34:17,03/09/2023 18:00:00,HACI AHMET MAH. DALFES SOKAK,ESKİŞEHİR MAH
6351,ŞİŞLİ,100 MM ÇAPLI ŞEBEKE HATTI ARIZASI,05/04/2023 14:08:12,05/04/2023 15:30:00,HALASKARGAZİ MAH. DERSHANE SOKAK,HALASKARGAZİ MAH
6352,ŞİŞLİ,100 MM ÇAPLI ŞEBEKE HATTI ARIZASI,12/06/2023 13:21:17,12/06/2023 18:00:00,HALASKARGAZİ MAH. RUMELİ CAD.,HALASKARGAZİ MAH
6353,ŞİŞLİ,100 MM ÇAPLI ŞEBEKE HATTI ARIZASI,30/11/2023 15:17:45,30/11/2023 21:00:00,HALİDE EDİP ADIVAR CADDESİ,HALİDE EDİP ADIVAR MAH
6354,ŞİŞLİ,100 MM ÇAPLI ŞEBEKE HATTI ARIZASI,06/05/2023 14:42:51,06/05/2023 21:30:00,HALİDE EDİP ADIVAR MAHALLESİ AKAR CADDESİ,"HALİDE EDİP ADIVAR MAH,MERKEZ MAH"
6355,ŞİŞLİ,100 MM ÇAPLI ŞEBEKE HATTI ARIZASI,03/10/2023 13:10:04,03/10/2023 17:00:00,HALİL RIFAT PAŞA MAH. TAŞKIZAK CAD.,HALİL RIFAT PAŞA MAH
6356,ŞİŞLİ,100 MM ÇAPLI ŞEBEKE HATTI ARIZASI,25/05/2023 11:07:41,25/05/2023 13:00:00,HARBİYE MAH MİM KEMAL ÖKE CAD. NO 12,HARBİYE MAH
6357,ŞİŞLİ,100 MM ÇAPLI ŞEBEKE HATTI ARIZASI,08/05/2023 14:11:38,08/05/2023 17:00:00,HARBİYE MAH. KADIRGALAR CAD.,HARBİYE MAH
6358,ŞİŞLİ,100 MM ÇAPLI ŞEBEKE HATTI ARIZASI,02/05/2023 01:09:16,02/05/2023 04:00:00,HARBİYE MAHALLESİ MİMAR KEMAL ÖKE SOKAK NO:12 ÖNÜ,"HALASKARGAZİ MAH,HARBİYE MAH,TEŞVİKİYE MAH"
6359,ŞİŞLİ,100 MM ÇAPLI ŞEBEKE HATTI ARIZASI,02/05/2023 14:06:52,02/05/2023 21:00:00,HARBİYE MAHALLESİ MİMAR KEMAL ÖKE SOKAK NO:12 ÖNÜ,HARBİYE MAH
6360,ŞİŞLİ,150 MM ÇAPLI ŞEBEKE HATTI ARIZASI,05/12/2023 17:17:50,05/12/2023 23:59:00,HARBİYE MAHALLESİ MİMAR KEMAL ÖKE SOKAK NO:33 ÖNÜ,HARBİYE MAH
6361,ŞİŞLİ,ARIZA SEBEBİ İLE BASINÇ DÜŞÜKLÜĞÜ,19/12/2023 21:58:28,20/12/2023 08:00:00,HAREM 2200 MM İSALE HATTI,HARBİYE MAH
6362,ŞİŞLİ,ŞEBEKE HATTI VANA MONTAJI/DEĞİŞİMİ,06/01/2024 11:23:12,06/01/2024 15:00:00,HASAN CEVDET PAŞA SOKAK,TEŞVİKİYE MAH
6363,ŞİŞLİ,100 MM ÇAPLI ŞEBEKE HATTI ARIZASI,30/01/2024 14:40:36,30/01/2024 18:00:00,HÜRRİYET MAHALLESİ HUDUT DK NO:81 ÖNÜ,KUŞTEPE MAH
6364,ŞİŞLİ,ARIZA SEBEBİ İLE BASINÇ DÜŞÜKLÜĞÜ,21/12/2023 21:05:31,22/12/2023 06:00:00,K.ÇAMLICA-SALACAK 2200 MM İSALE HATTI,HARBİYE MAH
6365,ŞİŞLİ,ENERJİ KESİNTİSİ,10/12/2023 13:30:40,10/12/2023 16:00:00,KAĞITHANE,"BOZKURT MAH,ERGENEKON MAH,FERİKÖY MAH,HALİDE EDİP ADIVAR MAH,MECİDİYEKÖY MAH,MERKEZ MAH,MEŞRUTİYET MAH"
6366,ŞİŞLİ,ELEKTRİK ENERJİSİ PROBLEMİ,21/06/2023 23:56:46,22/06/2023 05:00:00,KAĞITHANE ARITMA,"19 MAYIS MAH,BOZKURT MAH,CUMHURİYET MAH,DUATEPE MAH,ERGENEKON MAH,FERİKÖY MAH,FULYA MAH,GÜLBAHAR MAH,HALASKARGAZİ MAH,HALİDE EDİP ADIVAR MAH,KUŞTEPE MAH,MECİDİYEKÖY MAH,MERKEZ MAH,MEŞRUTİYET MAH,İNÖNÜ MAH,İZZET PAŞA MAH"
6367,ŞİŞLİ,800 MM ÇAPLI ANA İSALE HATTI ARIZASI,03/09/2023 18:27:42,04/09/2023 03:00:00,KAĞITHANE BOMONTİ HATTI,"19 MAYIS MAH,BOZKURT MAH,DUATEPE MAH,ERGENEKON MAH,ESKİŞEHİR MAH,FERİKÖY MAH,MEŞRUTİYET MAH,PAŞA MAH,YAYLA MAH,İNÖNÜ MAH"
6368,ŞİŞLİ,ENERJİ KESİNTİSİ,01/05/2023 18:33:58,01/05/2023 21:00:00,KAĞITHANE ESKİ VE YENİ TERFİ,"19 MAYIS MAH,BOZKURT MAH,CUMHURİYET MAH,DUATEPE MAH,ERGENEKON MAH,FERİKÖY MAH,FULYA MAH,GÜLBAHAR MAH,HALASKARGAZİ MAH,HALİDE EDİP ADIVAR MAH,KUŞTEPE MAH,MECİDİYEKÖY MAH,MERKEZ MAH,MEŞRUTİYET MAH,İNÖNÜ MAH,İZZET PAŞA MAH"
6369,ŞİŞLİ,1600 MM ÇAPLI ANA İSALE HATTI ARIZASI,01/05/2023 20:21:58,02/05/2023 08:00:00,KEMERBURGAZ CADDESİ,"DUATEPE MAH,ESENTEPE MAH,GÜLBAHAR MAH,KUŞTEPE MAH,MECİDİYEKÖY MAH"
6370,ŞİŞLİ,100 MM ÇAPLI ŞEBEKE HATTI ARIZASI,15/12/2023 14:11:35,15/12/2023 17:00:00,KORE ŞEHİTLERİ  CADDESİ NO 2,ESENTEPE MAH
6371,ŞİŞLİ,100 MM ÇAPLI ŞEBEKE HATTI ARIZASI,12/06/2023 11:53:32,12/06/2023 14:00:00,KUŞTEPE MAH. KÖZ SOK.,KUŞTEPE MAH
6372,ŞİŞLİ,100 MM ÇAPLI ŞEBEKE HATTI ARIZASI,21/05/2023 19:36:48,21/05/2023 23:00:00,KUŞTEPE MAHALLESİ KÖZ SK,KUŞTEPE MAH
6373,ŞİŞLİ,100 MM ÇAPLI ŞEBEKE HATTI ARIZASI,05/05/2023 14:50:15,05/05/2023 19:00:00,KUŞTEPE MAHALLESİ İNÖNÜ CADDESİ,KUŞTEPE MAH
6374,ŞİŞLİ,100 MM ÇAPLI ŞEBEKE HATTI ARIZASI,01/08/2023 13:37:02,01/08/2023 16:00:00,KUŞTEPE MH.AKARCA SK,KUŞTEPE MAH
6375,ŞİŞLİ,100 MM ÇAPLI ŞEBEKE HATTI ARIZASI,20/11/2023 11:11:29,20/11/2023 13:30:00,KUŞTEPE MH.LİMAN SK.,"KUŞTEPE MAH,İZZET PAŞA MAH"
6376,ŞİŞLİ,100 MM ÇAPLI ŞEBEKE HATTI ARIZASI,16/10/2023 13:28:03,16/10/2023 16:00:00,KÖZ SOKAK,KUŞTEPE MAH
6377,ŞİŞLİ,100 MM ÇAPLI ŞEBEKE HATTI ARIZASI,17/07/2023 21:32:50,18/07/2023 17:30:00,LEVENT MAH KARAKOL SK,"ESENTEPE MAH,FULYA MAH,GÜLBAHAR MAH,HARBİYE MAH,KUŞTEPE MAH,MECİDİYEKÖY MAH,MERKEZ MAH,İZZET PAŞA MAH"
6378,ŞİŞLİ,100 MM ÇAPLI ŞEBEKE HATTI ARIZASI,09/10/2023 12:06:55,09/10/2023 18:00:00,MEHMETÇİK,"19 MAYIS MAH,FULYA MAH"
6379,ŞİŞLİ,100 MM ÇAPLI ŞEBEKE HATTI ARIZASI,04/11/2023 14:31:13,04/11/2023 20:00:00,MEHMETÇİK CADDES,"19 MAYIS MAH,FULYA MAH"
6380,ŞİŞLİ,100 MM ÇAPLI ŞEBEKE HATTI ARIZASI,07/10/2023 16:30:46,07/10/2023 22:00:00,MEHMETÇİK CADDESİ,"19 MAYIS MAH,FULYA MAH"
6381,ŞİŞLİ,100 MM ÇAPLI ŞEBEKE HATTI ARIZASI,14/10/2023 10:46:28,14/10/2023 23:00:00,MEHMETÇİK CADDESİ,"19 MAYIS MAH,FULYA MAH"
6382,ŞİŞLİ,100 MM ÇAPLI ŞEBEKE HATTI ARIZASI,10/02/2024 11:22:10,10/02/2024 13:00:00,MEHMETÇİK CADDESİ,"19 MAYIS MAH,FULYA MAH"
6383,ŞİŞLİ,100 MM ÇAPLI ŞEBEKE HATTI ARIZASI,18/12/2023 15:26:56,18/12/2023 19:00:00,MELEK SOKAK,"HALASKARGAZİ MAH,MERKEZ MAH,MEŞRUTİYET MAH,TEŞVİKİYE MAH"
6384,ŞİŞLİ,100 MM ÇAPLI ŞEBEKE HATTI ARIZASI,19/05/2023 17:59:29,19/05/2023 20:00:00,MERKEZ MAH KOCAMANSUR SK NO 137 ÖNÜ,MERKEZ MAH
6385,ŞİŞLİ,100 MM ÇAPLI ŞEBEKE HATTI ARIZASI,22/06/2023 16:58:40,22/06/2023 20:00:00,MERKEZ MAH. ABİDE-İ HÜRRİYET CAD.,"19 MAYIS MAH,CUMHURİYET MAH,HALASKARGAZİ MAH,HALİDE EDİP ADIVAR MAH,MERKEZ MAH"
6386,ŞİŞLİ,100 MM ÇAPLI ŞEBEKE HATTI ARIZASI,22/08/2023 20:39:22,22/08/2023 23:00:00,MERKEZ MAH. PERİHAN SK. NO:8 ÖNÜ,MERKEZ MAH
6387,ŞİŞLİ,100 MM ÇAPLI ŞEBEKE HATTI ARIZASI,23/08/2023 12:54:24,23/08/2023 17:00:00,MERKEZ MAH. İSKETE SOKAK,MERKEZ MAH
6388,ŞİŞLİ,100 MM ÇAPLI ŞEBEKE HATTI ARIZASI,03/10/2023 16:39:17,03/10/2023 18:00:00,MURADİYE BAYIRI SOKAK BEŞİKTAŞ,TEŞVİKİYE MAH
6389,ŞİŞLİ,100 MM ÇAPLI ŞEBEKE HATTI ARIZASI,19/06/2023 13:59:27,19/06/2023 17:00:00,MURADİYE MH GÖKNAR SK NO:11,TEŞVİKİYE MAH
6390,ŞİŞLİ,100 MM ÇAPLI ŞEBEKE HATTI ARIZASI,01/12/2023 15:08:23,01/12/2023 19:00:00,MİM KEMAL ÖKE CADDESİ,HARBİYE MAH
6391,ŞİŞLİ,700 MM  ÇAPLI ANA İSALE HATTI ARIZASI,11/07/2023 16:56:39,11/07/2023 20:00:00,NİSBETİYE CD,"ESENTEPE MAH,FULYA MAH,GÜLBAHAR MAH,MECİDİYEKÖY MAH"
6392,ŞİŞLİ,100 MM ÇAPLI ŞEBEKE HATTI ARIZASI,23/02/2023 12:48:12,23/02/2023 14:00:00,PAPA RONCALLİ SOKAK NO 90,"ERGENEKON MAH,İNÖNÜ MAH"
6393,ŞİŞLİ,100 MM ÇAPLI ŞEBEKE HATTI ARIZASI,10/05/2023 13:34:13,10/05/2023 15:00:00,PAŞA MAH GÜZELBAHÇE 1 SOKAK,PAŞA MAH
6394,ŞİŞLİ,100 MM ÇAPLI ŞEBEKE HATTI ARIZASI,25/10/2023 17:13:52,25/10/2023 20:00:00,PAŞA MAH. 2.HAKAN SK.,PAŞA MAH
6395,ŞİŞLİ,100 MM ÇAPLI ŞEBEKE HATTI ARIZASI,26/05/2023 16:20:43,26/05/2023 19:00:00,PAŞA MAH. ÇİMEN 2 SOK NO 9,"DUATEPE MAH,PAŞA MAH"
6396,ŞİŞLİ,100 MM ÇAPLI ŞEBEKE HATTI ARIZASI,07/07/2023 10:29:01,07/07/2023 12:00:00,PAŞA MAH.DARULACEZE YOLU,PAŞA MAH
6397,ŞİŞLİ,100 MM ÇAPLI ŞEBEKE HATTI ARIZASI,08/12/2023 12:53:46,08/12/2023 15:00:00,PEŞKİRAĞASI SOKAK,"BOZKURT MAH,DUATEPE MAH,ESKİŞEHİR MAH,FERİKÖY MAH"
6398,ŞİŞLİ,100 MM ÇAPLI ŞEBEKE HATTI ARIZASI,25/12/2023 12:09:48,25/12/2023 14:00:00,REMZİ BABA SOKAK,ESKİŞEHİR MAH
6399,ŞİŞLİ,150 MM ÇAPLI ŞEBEKE HATTI ARIZASI,08/02/2024 14:31:30,08/02/2024 16:00:00,SIRA CEVİZLER CADDESİ NO65,MERKEZ MAH
6400,ŞİŞLİ,100 MM ÇAPLI ŞEBEKE HATTI ARIZASI,16/03/2023 12:55:41,16/03/2023 14:00:00,SIRACEVZİLER CADDESİ,MERKEZ MAH
6401,ŞİŞLİ,100 MM ÇAPLI ŞEBEKE HATTI ARIZASI,01/06/2023 16:43:07,01/06/2023 18:30:00,TEŞVİKİYE  AV. SÜREYYA AĞAOĞLU CAD.,TEŞVİKİYE MAH
6402,ŞİŞLİ,300 MM ÇAPLI ŞEBEKE HATTI ARIZASI,07/10/2023 12:43:13,07/10/2023 16:00:00,TUZCU MURAT SOKAK,"BOZKURT MAH,DUATEPE MAH,ESKİŞEHİR MAH,FERİKÖY MAH"
6403,ŞİŞLİ,100 MM ÇAPLI ŞEBEKE HATTI ARIZASI,13/03/2023 11:22:34,13/03/2023 13:00:00,YENİYOL SOKAK,"CUMHURİYET MAH,HALİDE EDİP ADIVAR MAH,MERKEZ MAH"
6404,ŞİŞLİ,100 MM ÇAPLI ŞEBEKE HATTI ARIZASI,05/08/2023 11:44:52,05/08/2023 15:00:00,YENİŞEHİR MAH. GÜLLECİ SOK.,ESKİŞEHİR MAH
6405,ŞİŞLİ,100 MM ÇAPLI ŞEBEKE HATTI ARIZASI,11/08/2023 11:55:45,11/08/2023 17:00:00,YENİŞEHİR MAH. GÜLLECİ SOK.,ESKİŞEHİR MAH
6406,ŞİŞLİ,100 MM ÇAPLI ŞEBEKE HATTI ARIZASI,09/09/2023 11:02:06,09/09/2023 13:30:00,YENİŞEHİR MAH. HAKEM SOKAK 17,ESKİŞEHİR MAH
6407,ŞİŞLİ,100 MM ÇAPLI ŞEBEKE HATTI ARIZASI,09/10/2023 19:54:56,10/10/2023 01:00:00,ÖĞRETMEN HAŞİM ÇEKEN CD,"19 MAYIS MAH,FULYA MAH"
6408,ŞİŞLİ,100 MM ÇAPLI ŞEBEKE HATTI ARIZASI,19/05/2023 15:58:16,19/05/2023 18:00:00,İNÖNÜ MAH. YENİ NALBANT SOK.,"ERGENEKON MAH,İNÖNÜ MAH"
6409,ŞİŞLİ,100 MM ÇAPLI ŞEBEKE HATTI ARIZASI,31/08/2023 11:49:28,31/08/2023 14:00:00,İZZETPAŞA MAH. BAŞAK SOK.,İZZET PAŞA MAH
6410,ŞİŞLİ,100 MM ÇAPLI ŞEBEKE HATTI ARIZASI,06/11/2023 13:31:23,06/11/2023 17:00:00,ŞİŞLİ,"HALİDE EDİP ADIVAR MAH,MERKEZ MAH"
