ilce,mahalle,anahtar,yil,nufus,tuketim_dasimetrik,nufus_orani,ariza_sayisi,cevaplanan_ariza,sikayet_sayisi,cevaplanan_sikayet,kesinti_suresi_saat,kesinti_adet,egitim_tesisi_sayisi,sanayi_tesis_sayisi,ariza_yogunlugu,nufus_basi_tuketim,boru_stres_endeksi,sikayet_ariza_orani,ort_kesinti_suresi,komsu_ort_ariza,komsu_sayisi,ariza_trend
ADALAR,BURGAZADA,ADALAR|BURGAZADA,2022,1570,152111.90897677338,0.09855618330194602,485.0,430.0,40.0,36.0,15.266666666666666,4.0,1.0,0.0,308.9171974522293,96.88656622724419,46989.98462021343,0.08247422680412371,3.8166666666666664,315.4,0,0.0
ADALAR,HEYBELİADA,ADALAR|HEYBELİADA,2022,4424,428626.16898932826,0.27771500313873193,288.0,275.0,21.0,18.0,25.666666666666668,3.0,3.0,0.0,65.0994575045208,96.88656622724419,27903.331073446327,0.07291666666666667,8.555555555555555,315.4,0,0.0
ADALAR,KINALIADA,ADALAR|KINALIADA,2022,1940,187959.9384808537,0.12178279974890144,421.0,380.0,20.0,12.0,1.0,1.0,0.0,0.0,217.01030927835052,96.88656622724419,40789.2443816698,0.047505938242280284,1.0,315.4,0,0.0
ADALAR,MADEN,ADALAR|MADEN,2022,4213,408183.1035153798,0.26446955430006275,190.0,178.0,36.0,26.0,13.583333333333332,4.0,1.0,0.0,45.09850462853074,96.88656622724419,18408.447583176396,0.18947368421052632,3.395833333333333,193.0,1,0.0
ADALAR,NİZAM,ADALAR|NİZAM,2022,3783,366521.8800376648,0.2374764595103578,193.0,184.0,23.0,20.0,3.7666666666666666,1.0,3.0,0.0,51.01771081152524,96.88656622724419,18699.107281858127,0.11917098445595854,3.7666666666666666,190.0,1,0.0
ARNAVUTKÖY,ADNAN MENDERES,ARNAVUTKÖY|ADNAN MENDERES,2022,4677,275717.82889534504,0.014594964004081721,64.0,64.0,11.0,11.0,12.816666666666668,2.0,2.0,0.0,13.683985460765447,58.951855654339326,3772.918761877717,0.171875,6.408333333333334,153.83333333333334,6,0.0
ARNAVUTKÖY,ANADOLU,ARNAVUTKÖY|ANADOLU,2022,56864,3352238.3199283513,0.17744879904385355,529.0,529.0,273.5,270.0,59.05,14.0,5.0,0.0,9.302898142937536,58.951855654339326,31185.531641145502,0.5170132325141777,4.2178571428571425,236.5,4,0.0
ARNAVUTKÖY,ARNAVUTKÖY MERKEZ,ARNAVUTKÖY|ARNAVUTKÖY MERKEZ,2022,20131,1186759.8061775048,0.06282044480781893,293.0,293.0,104.0,104.0,25.883333333333333,7.0,0.0,0.0,14.554666931598032,58.95185565433932,17272.89370672142,0.35494880546075086,3.6976190476190474,254.75,8,0.0
ARNAVUTKÖY,ATATÜRK,ARNAVUTKÖY|ATATÜRK,2022,12963,764192.9048472006,0.040452109981807004,91.0,91.0,42.0,42.0,38.46666666666667,10.0,0.0,0.0,7.019979942914449,58.95185565433932,5364.618864544878,0.46153846153846156,3.8466666666666667,271.6,5,0.0
ARNAVUTKÖY,BAKLALI,ARNAVUTKÖY|BAKLALI,2022,671,39556.69514406168,0.002093910807513114,114.0,114.0,22.0,22.0,5.9,3.0,0.0,0.0,169.8956780923994,58.95185565433932,6720.511544594682,0.19298245614035087,1.9666666666666668,181.75,4,0.0
ARNAVUTKÖY,BALABAN,ARNAVUTKÖY|BALABAN,2022,289,17037.086284104065,0.000901848320970626,99.0,99.0,6.0,6.0,16.133333333333333,3.0,0.0,0.0,342.560553633218,58.951855654339326,5836.2337097795935,0.06060606060606061,5.377777777777777,74.125,8,0.0
ARNAVUTKÖY,BOLLUCA,ARNAVUTKÖY|BOLLUCA,2022,9368,552260.9837698508,0.029233616162120498,58.0,58.0,45.0,45.0,18.8,4.0,0.0,0.0,6.191289496157131,58.951855654339326,3419.207627951681,0.7758620689655172,4.7,143.33333333333334,6,0.0
ARNAVUTKÖY,BOYALIK,ARNAVUTKÖY|BOYALIK,2022,384,22637.512571266303,0.0011983036513934962,99.0,99.0,12.0,12.0,20.75,4.0,0.0,0.0,257.8125,58.95185565433933,5836.233709779594,0.12121212121212122,5.1875,91.0,5,0.0
ARNAVUTKÖY,BOĞAZKÖY İSTİKLAL,ARNAVUTKÖY|BOĞAZKÖY İSTİKLAL,2022,12235,721275.9539308416,0.038180325976040166,221.0,221.0,99.0,99.0,42.66666666666667,14.0,1.0,1.0,18.062934205149162,58.951855654339326,13028.360099608992,0.4479638009049774,3.047619047619048,151.0,11,0.0
ARNAVUTKÖY,DELİKLİKAYA,ARNAVUTKÖY|DELİKLİKAYA,2022,8414,496020.9134756111,0.02625658052818978,143.0,143.0,55.0,55.0,95.61666666666667,18.0,0.0,1.0,16.995483717613503,58.951855654339326,8430.115358570523,0.38461538461538464,5.312037037037038,302.4,5,0.0
ARNAVUTKÖY,DURSUNKÖY,ARNAVUTKÖY|DURSUNKÖY,2022,424,24995.58679743987,0.0013231269484136519,56.0,56.0,14.0,14.0,31.316666666666666,8.0,0.0,0.0,132.0754716981132,58.95185565433932,3301.3039166430017,0.25,3.9145833333333333,169.0,7,0.0
ARNAVUTKÖY,DURUSU,ARNAVUTKÖY|DURUSU,2022,768,45275.025142532606,0.0023966073027869923,49.0,49.0,0.0,0.0,15.900000000000002,2.0,0.0,0.0,63.80208333333333,58.95185565433933,2888.6409270626273,0.0,7.950000000000001,219.33333333333334,3,0.0
ARNAVUTKÖY,FATİH,ARNAVUTKÖY|FATİH,2022,3779,222779.06251774833,0.011792680985979223,82.0,82.0,21.0,21.0,30.133333333333333,8.0,0.0,0.0,21.698862132839373,58.95185565433933,4834.052163655825,0.25609756097560976,3.7666666666666666,227.25,4,0.0
ARNAVUTKÖY,HACIMAŞLI,ARNAVUTKÖY|HACIMAŞLI,2022,247,14561.108346621813,0.0007707838590994623,30.0,30.0,24.0,24.0,6.833333333333334,2.0,0.0,1.0,121.4574898785425,58.951855654339326,1768.5556696301799,0.8,3.416666666666667,222.0,6,0.0
ARNAVUTKÖY,HADIMKÖY,ARNAVUTKÖY|HADIMKÖY,2022,26450,1559276.5820572753,0.08253940515457805,314.0,314.0,120.0,120.0,126.01666666666667,25.0,2.0,38.0,11.871455576559546,58.95185565433933,18510.88267546255,0.3821656050955414,5.040666666666667,102.4,5,0.0
ARNAVUTKÖY,HARAÇÇI,ARNAVUTKÖY|HARAÇÇI,2022,8477,499734.88038183446,0.026453177220996528,191.0,191.0,45.0,45.0,86.55,14.0,1.0,1.0,22.531555974991154,58.951855654339326,11259.80442997881,0.2356020942408377,6.182142857142857,121.875,8,0.0
ARNAVUTKÖY,HASTANE,ARNAVUTKÖY|HASTANE,2022,4395,259093.40560082134,0.013714959760089624,224.0,224.0,236.0,236.0,79.01666666666667,13.0,2.0,4.0,50.967007963594995,58.951855654339326,13205.215666572009,1.0535714285714286,6.078205128205128,134.2,5,0.0
ARNAVUTKÖY,HİCRET,ARNAVUTKÖY|HİCRET,2022,3943,232447.16684505995,0.012304456503761862,46.0,46.0,17.0,17.0,25.683333333333334,4.0,0.0,0.0,11.666243976667513,58.951855654339326,2711.785360099609,0.3695652173913043,6.420833333333333,192.16666666666666,6,0.0
ARNAVUTKÖY,KARABURUN,ARNAVUTKÖY|KARABURUN,2022,1438,84772.76843093995,0.004487397527874602,119.0,119.0,46.0,46.0,33.6,7.0,0.0,0.0,82.75382475660639,58.951855654339326,7015.27082286638,0.3865546218487395,4.8,107.33333333333333,3,0.0
ARNAVUTKÖY,KARLIBAYIR,ARNAVUTKÖY|KARLIBAYIR,2022,13446,792666.6511282466,0.041959351293325384,186.0,186.0,46.0,46.0,19.383333333333333,6.0,1.0,0.0,13.833110218652386,58.951855654339326,10965.045151707114,0.24731182795698925,3.2305555555555556,232.5,4,0.0
ARNAVUTKÖY,MAREŞAL FEVZİ ÇAKMAK,ARNAVUTKÖY|MAREŞAL FEVZİ ÇAKMAK,2022,6072,357955.6675331484,0.018948176487659656,137.0,137.0,68.0,68.0,84.66666666666667,14.0,2.0,0.0,22.56258234519104,58.951855654339326,8076.404224644488,0.49635036496350365,6.047619047619048,193.57142857142858,7,0.0
ARNAVUTKÖY,MAVİGÖL,ARNAVUTKÖY|MAVİGÖL,2022,9756,575134.3037637345,0.03044440214321601,85.0,85.0,50.0,50.0,26.316666666666666,6.0,0.0,0.0,8.71258712587126,58.95185565433933,5010.907730618844,0.5882352941176471,4.386111111111111,52.0,2,0.0
ARNAVUTKÖY,MEHMET AKİF ERSOY,ARNAVUTKÖY|MEHMET AKİF ERSOY,2022,6777,399516.7257694576,0.021148187097639902,103.0,103.0,19.0,19.0,44.4,8.0,3.0,0.0,15.198465397668585,58.95185565433932,6072.04113239695,0.18446601941747573,5.55,162.6,5,0.0
ARNAVUTKÖY,MUSTAFA KEMALPAŞA,ARNAVUTKÖY|MUSTAFA KEMALPAŞA,2022,13564,799622.9700954586,0.04232758001953484,319.0,319.0,92.0,92.0,59.56666666666667,12.0,2.0,0.0,23.518136242996167,58.95185565433932,18805.641953734244,0.2884012539184953,4.9638888888888895,214.5,6,0.0
ARNAVUTKÖY,NENEHATUN,ARNAVUTKÖY|NENEHATUN,2022,7842,462300.452041329,0.024471607380801553,140.0,140.0,46.0,46.0,44.71666666666667,9.0,2.0,0.0,17.852588625350677,58.951855654339326,8253.259791607506,0.32857142857142857,4.968518518518518,292.0,4,0.0
ARNAVUTKÖY,SAZLIBOSNA,ARNAVUTKÖY|SAZLIBOSNA,2022,1029,60661.45946831516,0.003211079315843509,56.0,56.0,6.0,6.0,26.483333333333334,6.0,2.0,0.0,54.42176870748299,58.95185565433932,3301.3039166430017,0.10714285714285714,4.413888888888889,140.0,8,0.0
ARNAVUTKÖY,TAYAKADIN,ARNAVUTKÖY|TAYAKADIN,2022,2987,176089.19283951155,0.009321179704980137,435.0,435.0,72.0,72.0,33.95,9.0,2.0,0.0,145.63106796116503,58.95185565433932,25644.057209637605,0.16551724137931034,3.7722222222222226,116.75,8,0.0
ARNAVUTKÖY,TAŞOLUK,ARNAVUTKÖY|TAŞOLUK,2022,14142,833697.1426636667,0.0441312766614761,127.0,127.0,55.0,55.0,60.6,12.0,0.0,0.0,8.98034224296422,58.951855654339326,7486.885668101095,0.4330708661417323,5.05,187.2,5,0.0
ARNAVUTKÖY,TERKOS,ARNAVUTKÖY|TERKOS,2022,919,54176.75534633784,0.0028678152490380806,137.0,137.0,7.0,7.0,1.85,1.0,0.0,0.0,149.07508161044615,58.951855654339326,8076.404224644488,0.051094890510948905,1.85,143.0,7,0.0
ARNAVUTKÖY,YASSIÖREN,ARNAVUTKÖY|YASSIÖREN,2022,646,38082.8987527032,0.0020158962468755167,49.0,49.0,65.0,65.0,77.06666666666666,13.0,0.0,2.0,75.85139318885449,58.95185565433932,2888.640927062627,1.3265306122448979,5.928205128205128,131.33333333333334,9,0.0
ARNAVUTKÖY,YAVUZ SELİM,ARNAVUTKÖY|YAVUZ SELİM,2022,1241,73159.2528670351,0.003872642790050335,308.0,308.0,88.0,88.0,66.88333333333333,16.0,0.0,0.0,248.1869460112812,58.951855654339326,18157.17154153651,0.2857142857142857,4.180208333333333,243.75,4,0.0
ARNAVUTKÖY,YENİKÖY,ARNAVUTKÖY|YENİKÖY,2022,1518,89488.9168832871,0.004737044121914914,86.0,86.0,48.0,48.0,21.666666666666668,4.0,0.0,0.0,56.653491436100126,58.951855654339326,5069.859586273182,0.5581395348837209,5.416666666666667,206.8,5,0.0
ARNAVUTKÖY,YEŞİLBAYIR,ARNAVUTKÖY|YEŞİLBAYIR,2022,5890,347226.4298040586,0.01838023048621795,97.0,97.0,21.0,21.0,34.016666666666666,9.0,0.0,16.0,16.468590831918505,58.951855654339326,5718.329998470915,0.21649484536082475,3.7796296296296297,178.2,5,0.0
ARNAVUTKÖY,YUNUS EMRE,ARNAVUTKÖY|YUNUS EMRE,2022,19403,1143842.8552611459,0.060548660802052096,158.0,158.0,66.0,66.0,29.28333333333333,8.0,1.0,0.0,8.143070659176415,58.95185565433932,9314.393193385613,0.4177215189873418,3.6604166666666664,283.5,4,0.0
ARNAVUTKÖY,ÇİLİNGİR,ARNAVUTKÖY|ÇİLİNGİR,2022,1187,69975.85266170077,0.0037041313390731244,116.0,116.0,15.0,15.0,16.333333333333332,5.0,2.0,0.0,97.72535804549284,58.95185565433932,6838.415255903361,0.12931034482758622,3.2666666666666666,147.33333333333334,6,0.0
ARNAVUTKÖY,ÖMERLİ,ARNAVUTKÖY|ÖMERLİ,2022,7502,442256.82111885364,0.02341060935613023,127.0,127.0,53.0,53.0,97.58333333333333,20.0,1.0,39.0,16.928818981604906,58.951855654339326,7486.885668101095,0.41732283464566927,4.879166666666666,263.22222222222223,9,0.0
ARNAVUTKÖY,İMRAHOR,ARNAVUTKÖY|İMRAHOR,2022,10958,645994.4342602504,0.034195342218671695,294.0,294.0,64.0,64.0,24.05,4.0,1.0,1.0,26.829713451359737,58.95185565433933,17331.845562375765,0.21768707482993196,6.0125,173.63636363636363,11,0.0
ARNAVUTKÖY,İSLAMBEY,ARNAVUTKÖY|İSLAMBEY,2022,19657,1158816.6265973481,0.061341288738130086,404.0,404.0,162.0,162.0,56.95,12.0,1.0,0.0,20.552474945312103,58.951855654339326,23816.54968435309,0.400990099009901,4.745833333333334,252.5,8,0.0
ATAŞEHİR,ATATÜRK,ATAŞEHİR|ATATÜRK,2022,28421,1661274.2379972714,0.06814754070845053,469.0,469.0,44.0,44.0,47.166666666666664,10.0,15.0,0.0,16.50188241089335,58.45234995240391,27414.152127677433,0.09381663113006397,4.716666666666667,509.75,7,0.0
ATAŞEHİR,AŞIKVEYSEL,ATAŞEHİR|AŞIKVEYSEL,2022,14028,819969.5651323219,0.03363617399310875,457.0,457.0,68.0,68.0,25.78333333333333,7.0,2.0,0.0,32.577701739378384,58.4523499524039,26712.723928248583,0.1487964989059081,3.683333333333333,561.9166666666666,6,0.0
ATAŞEHİR,BARBAROS,ATAŞEHİR|BARBAROS,2022,31438,1837624.9778036738,0.0753816679494834,877.75,872.75,40.0,40.0,18.366666666666667,4.0,15.0,1.0,27.920033080984794,58.4523499524039,51306.55017072252,0.04557106237539162,4.591666666666667,560.6111111111111,9,0.0
ATAŞEHİR,ESATPAŞA,ATAŞEHİR|ESATPAŞA,2022,26895,1572075.951969903,0.06448851579303251,877.75,872.75,193.0,193.0,32.583333333333336,16.0,3.0,0.0,32.63617772820226,58.4523499524039,51306.55017072252,0.21988037596126458,2.0364583333333335,539.15,5,0.0
ATAŞEHİR,FERHATPAŞA,ATAŞEHİR|FERHATPAŞA,2022,27875,1629359.2549232587,0.06683834830752114,859.0,859.0,128.0,128.0,18.816666666666666,5.0,1.0,1.0,30.816143497757846,58.4523499524039,50210.56860911495,0.1490104772991851,3.763333333333333,267.4,5,0.0
ATAŞEHİR,FETİH,ATAŞEHİR|FETİH,2022,11871,693887.8462849867,0.02846414467295367,192.0,192.0,26.0,26.0,19.15,6.0,3.0,0.0,16.17386909274703,58.4523499524039,11222.85119086155,0.13541666666666666,3.1916666666666664,682.9,5,0.0
ATAŞEHİR,KAYIŞDAĞI,ATAŞEHİR|KAYIŞDAĞI,2022,43969,2570091.375057247,0.10542835288729675,877.75,872.75,273.5,270.0,26.933333333333334,6.0,8.0,2.0,19.962928426846187,58.4523499524039,51306.55017072252,0.31159213899174026,4.488888888888889,523.90625,8,0.0
ATAŞEHİR,KÜÇÜKBAKKALKÖY,ATAŞEHİR|KÜÇÜKBAKKALKÖY,2022,29885,1746848.4783275905,0.07165790275050293,877.75,872.75,163.0,163.0,23.883333333333333,7.0,45.0,2.0,29.37092186715744,58.4523499524039,51306.55017072252,0.18570207917972087,3.4119047619047618,775.5625,4,0.0
ATAŞEHİR,MEVLANA,ATAŞEHİR|MEVLANA,2022,18970,1108841.078597102,0.04548604367331573,423.0,423.0,143.0,143.0,50.516666666666666,12.0,5.0,0.0,22.298365840801267,58.45234995240391,24725.344029866854,0.3380614657210402,4.209722222222222,483.6875,4,0.0
ATAŞEHİR,MUSTAFA KEMAL,ATAŞEHİR|MUSTAFA KEMAL,2022,14647,856151.56975286,0.03512040493848474,702.0,702.0,120.0,120.0,48.56666666666666,11.0,1.0,0.0,47.927903324912954,58.45234995240391,41033.54966658754,0.17094017094017094,4.415151515151515,623.0416666666666,6,0.0
ATAŞEHİR,MİMAR SİNAN,ATAŞEHİR|MİMAR SİNAN,2022,9902,578795.1692287035,0.023742899549455583,371.0,371.0,75.0,75.0,28.116666666666667,7.0,0.0,0.0,37.46717834780852,58.45234995240391,21685.821832341848,0.20215633423180593,4.016666666666667,522.55,5,0.0
ATAŞEHİR,SEYMEN ÇAMLICA,ATAŞEHİR|SEYMEN ÇAMLICA,2022,13085,764848.999127205,0.031375059644983466,422.0,422.0,67.0,67.0,27.8,8.0,1.0,1.0,32.250668704623614,58.4523499524039,24666.891679914446,0.15876777251184834,3.475,452.85714285714283,7,0.0
ATAŞEHİR,YENİSAHRA,ATAŞEHİR|YENİSAHRA,2022,9968,582653.0243255622,0.023901153575941553,629.0,629.0,26.0,26.0,17.483333333333334,4.0,5.0,1.0,63.10192616372391,58.45234995240391,36766.52812006206,0.04133545310015898,4.370833333333334,785.9,5,0.0
ATAŞEHİR,ESENŞEHİR,ATAŞEHİR|ESENŞEHİR,2022,10845,633915.7352338203,0.02600401389758087,264.0,264.0,22.0,22.0,15.216666666666667,4.0,4.0,0.0,24.343015214384508,58.4523499524039,15431.42038743463,0.08333333333333333,3.8041666666666667,484.5357142857143,7,0.0
ATAŞEHİR,ÖRNEK,ATAŞEHİR|ÖRNEK,2022,26761,1564243.3370762807,0.06416721216350038,877.75,872.75,111.0,111.0,18.0,7.0,4.0,0.0,32.79959642763723,58.4523499524039,51306.55017072252,0.12645969809171176,2.5714285714285716,650.5357142857143,7,0.0
ATAŞEHİR,İNÖNÜ,ATAŞEHİR|İNÖNÜ,2022,25659,1499828.8474287316,0.06152484947884072,877.75,872.75,211.0,211.0,35.46666666666667,6.0,4.0,0.0,34.208270002728085,58.4523499524039,51306.55017072252,0.24038735403019082,5.911111111111111,573.7,5,0.0
ATAŞEHİR,İÇERENKÖY,ATAŞEHİR|İÇERENKÖY,2022,72832,4257201.551733481,0.17463571601554725,877.75,872.75,273.5,270.0,67.1,18.0,13.0,12.0,12.051708040421792,58.4523499524039,51306.55017072252,0.31159213899174026,3.7277777777777774,630.4791666666666,12,0.0
AVCILAR,AMBARLI,AVCILAR|AMBARLI,2022,37293,1843302.0400354953,0.08551224109347806,445.0,445.0,273.5,270.0,63.33333333333333,10.0,8.0,0.0,11.932534255758455,49.42756120546739,21995.26473643299,0.6146067415730337,6.333333333333333,508.9375,4,0.0
AVCILAR,CİHANGİR,AVCILAR|CİHANGİR,2022,64812,3203499.0968487523,0.14861285951118172,373.0,373.0,116.0,116.0,32.43333333333333,6.0,3.0,2.0,5.755107078936,49.42756120546739,18436.480329639337,0.3109919571045576,5.405555555555555,362.9583333333333,6,0.0
AVCILAR,DENİZKÖŞKLER,AVCILAR|DENİZKÖŞKLER,2022,43504,2150296.6226826534,0.0997539628490781,513.0,513.0,245.0,245.0,63.33333333333333,10.0,4.0,1.0,11.792019124678191,49.42756120546739,25356.33889840477,0.4775828460038986,6.333333333333333,376.75,4,0.0
AVCILAR,FİRUZKÖY,AVCILAR|FİRUZKÖY,2022,24302,1201188.5924152685,0.0557240898574452,464.0,464.0,158.0,158.0,43.13333333333333,8.0,0.0,2.0,19.093078758949883,49.42756120546739,22934.38839933687,0.34051724137931033,5.391666666666667,290.5,8,0.0
AVCILAR,GÜMÜŞPALA,AVCILAR|GÜMÜŞPALA,2022,37975,1877011.6367776243,0.08707605597631807,512.0,512.0,108.0,108.0,47.266666666666666,7.0,5.0,0.0,13.4825543120474,49.42756120546739,25306.911337199304,0.2109375,6.752380952380952,302.0,4,0.0
AVCILAR,SARIYER MERKEZ,AVCILAR|SARIYER MERKEZ,2022,29901,1477933.5076046805,0.06856250558914777,272.0,272.0,183.0,183.0,58.83333333333333,9.0,5.0,0.0,9.096685729574263,49.42756120546739,13444.296647887131,0.6727941176470589,6.537037037037036,397.6,5,0.0
AVCILAR,MUSTAFA KEMALPAŞA,AVCILAR|MUSTAFA KEMALPAŞA,2022,45515,2249695.4482668485,0.10436515306812684,282.0,282.0,197.0,197.0,44.349999999999994,5.0,2.0,1.0,6.195759639679227,49.42756120546739,13938.572259941804,0.6985815602836879,8.87,251.6,5,0.0
AVCILAR,TAHTAKALE,AVCILAR|TAHTAKALE,2022,52658,2602756.517957502,0.1207439356313616,385.0,385.0,98.0,98.0,25.183333333333334,6.0,16.0,2.0,7.311329712484333,49.42756120546739,19029.611064104945,0.2545454545454545,4.197222222222222,505.625,6,0.0
AVCILAR,YEŞİLKENT,AVCILAR|YEŞİLKENT,2022,76859,3798952.9266910185,0.17623643413518975,630.0,630.0,143.0,143.0,111.53333333333333,23.0,2.0,0.0,8.196827957688756,49.4275612054674,31139.36355944446,0.22698412698412698,4.84927536231884,235.33333333333334,9,0.0
AVCILAR,ÜNİVERSİTE,AVCILAR|ÜNİVERSİTE,2022,23294,1151365.6107201574,0.05341276228867289,145.0,145.0,106.0,106.0,48.766666666666666,6.0,6.0,0.0,6.224778913024813,49.42756120546739,7166.996374792771,0.7310344827586207,8.127777777777778,380.6,5,0.0
BAHÇELİEVLER,BAHÇELİEVLER,BAHÇELİEVLER|BAHÇELİEVLER,2022,59694,2736896.666454871,0.09388314227163422,465.0,465.0,130.0,130.0,11.866666666666667,4.0,29.0,2.0,7.789727610815157,45.84877318415371,21319.679530631474,0.27956989247311825,2.966666666666667,331.5833333333333,12,0.0
BAHÇELİEVLER,CUMHURİYET,BAHÇELİEVLER|CUMHURİYET,2022,40738,1867787.3219760535,0.06407028260565274,300.0,300.0,69.0,69.0,31.816666666666666,5.0,5.0,0.0,7.364131768864451,45.8487731841537,13754.63195524611,0.23,6.363333333333333,473.8333333333333,6,0.0
BAHÇELİEVLER,FEVZİ ÇAKMAK,BAHÇELİEVLER|FEVZİ ÇAKMAK,2022,25275,1158827.7422294847,0.03975100380131261,190.0,190.0,146.0,146.0,7.633333333333333,3.0,2.0,0.0,7.51730959446093,45.8487731841537,8711.266904989203,0.7684210526315789,2.5444444444444443,357.75,4,0.0
BAHÇELİEVLER,HÜRRİYET,BAHÇELİEVLER|HÜRRİYET,2022,48558,2226324.7282761354,0.07636910949887785,501.0,501.0,234.0,234.0,78.65,15.0,0.0,0.0,10.317558383788459,45.8487731841537,22970.235365261004,0.46706586826347307,5.243333333333334,492.5,4,0.0
BAHÇELİEVLER,KOCASINAN MERKEZ,BAHÇELİEVLER|KOCASINAN MERKEZ,2022,76500,3507431.148587758,0.12031461091198475,0.0,0.0,0.0,0.0,0.0,0.0,0.0,0.0,0.0,45.8487731841537,0.0,0.0,0.0,438.3333333333333,0,0.0
BAHÇELİEVLER,KOCASİNAN MERKEZ,BAHÇELİEVLER|KOCASİNAN MERKEZ,2022,72394,3319176.085893623,0.11385694042303561,802.0,802.0,111.0,111.0,64.36666666666667,9.0,15.0,1.0,11.0782661546537,45.8487731841537,36770.71609369127,0.13840399002493767,7.151851851851853,432.25,12,0.0
BAHÇELİEVLER,SOĞANLI,BAHÇELİEVLER|SOĞANLI,2022,66413,3044954.5734792,0.1044503824117339,597.0,597.0,116.0,116.0,45.166666666666664,7.0,4.0,0.0,8.989203920919097,45.8487731841537,27371.71759093976,0.19430485762144054,6.452380952380952,438.14285714285717,7,0.0
BAHÇELİEVLER,SİYAVUŞPAŞA,BAHÇELİEVLER|SİYAVUŞPAŞA,2022,63517,2912176.5263378904,0.09989572733720961,534.0,534.0,273.5,270.0,50.916666666666664,10.0,1.0,0.0,8.407198072956847,45.8487731841537,24483.244880338076,0.5121722846441947,5.091666666666667,529.3333333333334,3,0.0
BAHÇELİEVLER,YENİBOSNA MERKEZ,BAHÇELİEVLER|YENİBOSNA MERKEZ,2022,3713,170236.4948327627,0.0058395836642640446,454.0,454.0,110.0,110.0,64.51666666666667,12.0,15.0,6.0,122.27309453272287,45.8487731841537,20815.34302560578,0.2422907488986784,5.376388888888889,496.2291666666667,12,0.0
BAHÇELİEVLER,ZAFER,BAHÇELİEVLER|ZAFER,2022,85455,3918006.912451854,0.1343984977187406,556.0,556.0,253.0,253.0,53.65,8.0,6.0,0.0,6.506348370487391,45.84877318415369,25491.917890389454,0.4550359712230216,6.70625,406.6,5,0.0
BAHÇELİEVLER,ÇOBANÇEŞME,BAHÇELİEVLER|ÇOBANÇEŞME,2022,33708,1545470.4464914529,0.053013920321845515,335.0,335.0,82.0,82.0,29.650000000000002,4.0,1.0,0.0,9.938293580159012,45.8487731841537,15359.339016691489,0.24477611940298508,7.4125000000000005,243.33333333333334,3,0.0
BAHÇELİEVLER,ŞİRİNEVLER,BAHÇELİEVLER|ŞİRİNEVLER,2022,59868,2744874.3529889137,0.09415679903370854,526.0,526.0,219.0,219.0,45.86666666666667,9.0,15.0,0.0,8.785995857553283,45.8487731841537,24116.454694864846,0.41634980988593157,5.0962962962962965,473.2857142857143,7,0.0
BAKIRKÖY,ATAKÖY 1. KISIM,BAKIRKÖY|ATAKÖY 1. KISIM,2022,1446,104297.51065417462,0.0066605864632562255,26.0,26.0,5.0,5.0,31.35,5.0,0.0,0.0,17.98063623789765,72.12829229196032,1875.3355995909683,0.19230769230769232,6.2700000000000005,84.66666666666667,3,0.0
BAKIRKÖY,ATAKÖY 2-5-6. KISIM,BAKIRKÖY|ATAKÖY 2-5-6. KISIM,2022,12476,899872.5746344968,0.05746713465808068,72.0,72.0,14.0,14.0,28.95,6.0,1.0,0.0,5.771080474511061,72.1282922919603,5193.237045021142,0.19444444444444445,4.825,57.25,4,0.0
BAKIRKÖY,ATAKÖY 3-4-11. KISIM,BAKIRKÖY|ATAKÖY 3-4-11. KISIM,2022,8172,589432.4046098996,0.03764198656827792,73.0,73.0,36.0,36.0,14.6,3.0,0.0,0.0,8.932941752325013,72.1282922919603,5265.365337313103,0.4931506849315068,4.866666666666666,124.2,5,0.0
BAKIRKÖY,ATAKÖY 7-8-9-10. KISIM,BAKIRKÖY|ATAKÖY 7-8-9-10. KISIM,2022,25042,1806236.6955752703,0.11534882863960055,86.0,86.0,35.0,35.0,29.75,5.0,5.0,0.0,3.434230492772143,72.12829229196032,6203.033137108588,0.4069767441860465,5.95,324.4166666666667,12,0.0
BAKIRKÖY,BASINKÖY,BAKIRKÖY|BASINKÖY,2022,5728,413150.8582483487,0.026384397829551633,63.0,63.0,34.0,34.0,11.600000000000001,3.0,2.0,0.0,10.998603351955309,72.12829229196032,4544.082414393501,0.5396825396825397,3.866666666666667,322.0,3,0.0
BAKIRKÖY,CEVİZLİK,BAKIRKÖY|CEVİZLİK,2022,5368,387184.67302324297,0.024726160535794895,142.0,142.0,50.0,50.0,23.15,4.0,5.0,0.0,26.453055141579732,72.12829229196032,10242.217505458366,0.352112676056338,5.7875,169.25,4,0.0
BAKIRKÖY,KARTALTEPE,BAKIRKÖY|KARTALTEPE,2022,37440,2700483.263410994,0.1724566785507006,420.0,420.0,273.5,270.0,55.43333333333334,13.0,9.0,0.0,11.217948717948717,72.1282922919603,30293.88276262333,0.6511904761904762,4.264102564102564,223.83333333333334,6,0.0
BAKIRKÖY,OSMANİYE,BAKIRKÖY|OSMANİYE,2022,23626,1704103.0336898542,0.10882642861749071,242.0,231.0,85.0,85.0,39.15,5.0,0.0,0.0,10.242952679251673,72.1282922919603,17455.046734654396,0.3512396694214876,7.83,297.22222222222223,9,0.0
BAKIRKÖY,SAKIZAĞACI,BAKIRKÖY|SAKIZAĞACI,2022,8443,608979.1718210209,0.03889027075330035,91.0,91.0,46.0,46.0,24.0,5.0,0.0,0.0,10.778159422006397,72.1282922919603,6563.674598568388,0.5054945054945055,4.8,132.33333333333334,3,0.0
BAKIRKÖY,YENİMAHALLE,BAKIRKÖY|YENİMAHALLE,2022,666,48037.442666445575,0.003067738993449963,57.0,57.0,13.0,13.0,26.35,5.0,1.0,0.0,85.58558558558559,72.12829229196032,4111.312660641738,0.22807017543859648,5.2700000000000005,243.5,6,0.0
BAKIRKÖY,YEŞİLKÖY,BAKIRKÖY|YEŞİLKÖY,2022,25039,1806020.3106983942,0.1153350099954859,349.0,349.0,129.0,129.0,29.233333333333334,8.0,12.0,2.0,13.93825632014058,72.1282922919603,25172.774009894147,0.36962750716332377,3.654166666666667,203.28571428571428,7,0.0
BAKIRKÖY,YEŞİLYURT,BAKIRKÖY|YEŞİLYURT,2022,8433,608257.8888981013,0.038844208606251554,44.0,44.0,13.0,13.0,4.416666666666666,2.0,1.0,0.0,5.217597533499348,72.1282922919603,3173.6448608462533,0.29545454545454547,2.208333333333333,169.0,3,0.0
BAKIRKÖY,ZEYTİNLİK,BAKIRKÖY|ZEYTİNLİK,2022,5392,388915.75203825,0.02483670968871201,109.0,109.0,107.0,107.0,28.46666666666667,7.0,1.0,0.0,20.21513353115727,72.1282922919603,7861.983859823674,0.981651376146789,4.066666666666667,197.8,5,0.0
BAKIRKÖY,ZUHURATBABA,BAKIRKÖY|ZUHURATBABA,2022,20749,1496589.9367658845,0.09557434891155146,328.0,328.0,68.0,68.0,37.333333333333336,7.0,6.0,0.0,15.807990746542004,72.1282922919603,23658.07987176298,0.2073170731707317,5.333333333333334,279.8333333333333,6,0.0
BAKIRKÖY,ŞENLİKKÖY,BAKIRKÖY|ŞENLİKKÖY,2022,29078,2097346.4832656216,0.1339395111884955,278.0,276.0,188.0,188.0,52.666666666666664,11.0,11.0,0.0,9.56049246853291,72.12829229196029,20051.66525716496,0.6762589928057554,4.787878787878788,240.33333333333334,6,0.0
BAYRAMPAŞA,ALTINTEPSİ,BAYRAMPAŞA|ALTINTEPSİ,2022,29539,1538931.9728824636,0.10846647303117873,395.0,395.0,81.0,81.0,61.66666666666667,16.0,5.0,1.0,13.372152070144555,52.098309789852856,20578.83236699188,0.20506329113924052,3.854166666666667,255.28571428571428,7,0.0
BAYRAMPAŞA,CEVATPAŞA,BAYRAMPAŞA|CEVATPAŞA,2022,18722,975384.5558856253,0.06874671817223767,192.0,192.0,22.0,22.0,6.283333333333333,3.0,3.0,4.0,10.25531460314069,52.09830978985286,10002.87547965175,0.11458333333333333,2.0944444444444446,508.9375,4,0.0
BAYRAMPAŞA,KARTALTEPE,BAYRAMPAŞA|KARTALTEPE,2022,43660,2274612.205424976,0.16031843368229337,374.0,374.0,152.0,152.0,41.43333333333333,17.0,10.0,0.0,8.566193311956024,52.09830978985286,19484.76786140497,0.40641711229946526,2.437254901960784,358.6,5,0.0
BAYRAMPAŞA,KOCATEPE,BAYRAMPAŞA|KOCATEPE,2022,21396,1114695.4362636919,0.07856557963963236,366.0,366.0,67.0,67.0,44.25,19.0,16.0,0.0,17.106001121704992,52.09830978985286,19067.98138308615,0.1830601092896175,2.3289473684210527,327.2857142857143,7,0.0
BAYRAMPAŞA,MURATPAŞA,BAYRAMPAŞA|MURATPAŞA,2022,32692,1703197.9436498699,0.1200442105804291,333.0,333.0,95.0,95.0,22.95,9.0,4.0,0.0,10.18597822097149,52.09830978985286,17348.737160021003,0.2852852852852853,2.55,331.6666666666667,6,0.0
BAYRAMPAŞA,ORTA,BAYRAMPAŞA|ORTA,2022,15925,829665.5834034069,0.05847620376524329,199.0,199.0,67.0,67.0,63.483333333333334,17.0,2.0,2.0,12.49607535321821,52.09830978985287,10367.563648180721,0.33668341708542715,3.734313725490196,316.3333333333333,6,0.0
BAYRAMPAŞA,TERAZİDERE,BAYRAMPAŞA|TERAZİDERE,2022,15709,818412.3484887987,0.057683057139604824,356.0,356.0,89.0,89.0,61.35,16.0,2.0,0.0,22.662168183843654,52.09830978985287,18546.998285187623,0.25,3.834375,214.71428571428572,7,0.0
BAYRAMPAŞA,VATAN,BAYRAMPAŞA|VATAN,2022,10474,545677.6967389189,0.038460267393228144,190.0,190.0,44.0,44.0,60.06666666666667,15.0,1.0,0.0,18.140156578193622,52.09830978985286,9898.678860072045,0.23157894736842105,4.004444444444444,269.0,3,0.0
BAYRAMPAŞA,SEYİTNİZAM,BAYRAMPAŞA|SEYİTNİZAM,2022,18158,946001.1091641483,0.06667572420529279,289.0,289.0,82.0,82.0,59.1,15.0,7.0,1.0,15.915849763189778,52.09830978985286,15056.411529267478,0.2837370242214533,3.94,310.8333333333333,6,0.0
BAYRAMPAŞA,YILDIRIM,BAYRAMPAŞA|YILDIRIM,2022,49631,2585691.2131801876,0.18224379711603075,408.0,408.0,130.0,130.0,23.383333333333333,11.0,8.0,0.0,8.220668533779293,52.09830978985287,21256.11039425997,0.31862745098039214,2.1257575757575755,331.1111111111111,9,0.0
BAYRAMPAŞA,İSMET PAŞA,BAYRAMPAŞA|İSMET PAŞA,2022,16427,855818.934917913,0.06031953527482898,219.0,219.0,64.0,64.0,22.333333333333332,11.0,4.0,0.0,13.331709989651184,52.09830978985287,11409.529843977778,0.2922374429223744,2.0303030303030303,345.75,4,0.0
BAĞCILAR,100. YIL,BAĞCILAR|100. YIL,2022,48200,2415649.7425537715,0.0673847852983734,678.0,677.0,104.0,104.0,37.766666666666666,14.0,8.0,1.0,14.066390041493776,50.11721457580439,33979.47148239538,0.15339233038348082,2.6976190476190474,673.8,5,0.0
BAĞCILAR,15 TEMMUZ,BAĞCILAR|15 TEMMUZ,2022,74990,3758289.9210395715,0.10483786409802949,798.0,798.0,132.0,132.0,40.2,16.0,5.0,3.0,10.641418855847446,50.1172145758044,39993.53723149191,0.16541353383458646,2.5125,666.9166666666666,6,0.0
BAĞCILAR,BARBAROS,BAĞCILAR|BARBAROS,2022,27249,1365643.9799760939,0.03809477208704101,315.0,315.0,58.0,58.0,41.61666666666667,6.0,3.0,0.0,11.560057249807333,50.11721457580439,15786.922591378383,0.18412698412698414,6.936111111111111,570.75,5,0.0
BAĞCILAR,BAĞLAR,BAĞCILAR|BAĞLAR,2022,13061,654580.9395745811,0.018259599186349687,345.0,345.0,56.0,56.0,14.616666666666667,8.0,10.0,5.0,26.414516499502334,50.11721457580439,17290.439028652516,0.16231884057971013,1.8270833333333334,641.7916666666666,6,0.0
BAĞCILAR,DEMİRKAPI,BAĞCILAR|DEMİRKAPI,2022,53878,2700215.2869151887,0.07532276892750543,816.0,816.0,241.0,241.0,55.6,14.0,28.0,0.0,15.145328334385091,50.11721457580438,40895.64709385637,0.29534313725490197,3.9714285714285715,571.5,6,0.0
BAĞCILAR,FATİH,BAĞCILAR|FATİH,2022,42296,2119757.7076982222,0.059130848111618284,758.0,758.0,91.0,90.0,45.449999999999996,9.0,0.0,0.0,17.92131643654246,50.11721457580438,37988.84864845972,0.12005277044854881,5.05,607.1666666666666,6,0.0
BAĞCILAR,FEVZİ ÇAKMAK,BAĞCILAR|FEVZİ ÇAKMAK,2022,33557,1681783.369520268,0.04691351120866216,573.0,572.0,125.0,125.0,41.900000000000006,15.0,12.0,0.0,17.075423905593468,50.11721457580439,28717.163951935916,0.2181500872600349,2.793333333333334,582.0,7,0.0
BAĞCILAR,GÖZTEPE,BAĞCILAR|GÖZTEPE,2022,26174,1311767.974307104,0.03659189565144451,388.0,387.0,116.0,116.0,30.599999999999998,9.0,2.0,0.0,14.823871017039812,50.11721457580439,19445.479255412105,0.29896907216494845,3.4,684.5,6,0.0
BAĞCILAR,GÜNEŞLİ,BAĞCILAR|GÜNEŞLİ,2022,47207,2365883.348479998,0.06599654687925961,636.0,636.0,103.0,103.0,26.083333333333332,8.0,8.0,0.0,13.472578219331877,50.11721457580439,31874.54847021159,0.1619496855345912,3.2604166666666665,579.71875,8,0.0
BAĞCILAR,HÜRRİYET,BAĞCILAR|HÜRRİYET,2022,26012,1303648.9855458236,0.03636541566766159,283.0,283.0,85.0,85.0,3.716666666666667,3.0,7.0,0.0,10.87959403352299,50.11721457580438,14183.171724952641,0.3003533568904594,1.238888888888889,595.15,5,0.0
BAĞCILAR,KAZIM KARABEKİR,BAĞCILAR|KAZIM KARABEKİR,2022,27823,1394411.2611426055,0.03889723820241998,255.0,255.0,54.0,54.0,49.9,8.0,4.0,0.0,9.165079250979405,50.11721457580439,12779.88971683012,0.21176470588235294,6.2375,582.2916666666666,6,0.0
BAĞCILAR,KEMALPAŞA,BAĞCILAR|KEMALPAŞA,2022,33830,1695465.3690994624,0.04729517192207411,744.0,744.0,59.0,59.0,14.133333333333335,5.0,8.0,0.0,21.9923145137452,50.11721457580439,37287.20764439846,0.0793010752688172,2.826666666666667,689.75,4,0.0
BAĞCILAR,KİRAZLI,BAĞCILAR|KİRAZLI,2022,40496,2029546.7214617745,0.05661440384736367,877.75,872.75,151.0,151.0,24.78333333333333,7.0,7.0,0.0,21.674980244962466,50.11721457580439,43990.3850939123,0.1720307604671034,3.5404761904761903,399.42857142857144,7,0.0
BAĞCILAR,MAHMUTBEY,BAĞCILAR|MAHMUTBEY,2022,27624,1384437.9354420204,0.03861903130876072,811.0,806.0,128.0,128.0,47.43333333333334,13.0,10.0,2.0,29.358528815522735,50.11721457580439,40645.06102097736,0.15782983970406905,3.648717948717949,635.3863636363636,11,0.0
BAĞCILAR,SARIYER MERKEZ,BAĞCILAR|SARIYER MERKEZ,2022,26063,1306204.9634891897,0.03643671492181547,261.0,261.0,52.0,52.0,9.933333333333334,2.0,1.0,0.0,10.014196370333423,50.11721457580439,13080.593004284945,0.19923371647509577,4.966666666666667,426.0,9,0.0
BAĞCILAR,SANCAKTEPE,BAĞCILAR|SANCAKTEPE,2022,19006,952527.7802277382,0.026570855381346157,188.0,188.0,40.0,40.0,9.066666666666666,3.0,2.0,0.0,9.89161317478691,50.11721457580439,9422.036340251225,0.2127659574468085,3.022222222222222,424.0,4,0.0
BAĞCILAR,YAVUZ SELİM,BAĞCILAR|YAVUZ SELİM,2022,2816,141130.07624546514,0.003936837248967209,444.0,444.0,76.0,76.0,11.583333333333334,5.0,0.0,0.0,157.67045454545456,50.11721457580438,22252.043271657145,0.17117117117117117,2.316666666666667,510.19444444444446,9,0.0
BAĞCILAR,YENİGÜN,BAĞCILAR|YENİGÜN,2022,21802,1092655.5121816874,0.030479732138488317,420.0,420.0,48.0,48.0,16.5,7.0,0.0,0.0,19.264287680029355,50.1172145758044,21049.230121837845,0.11428571428571428,2.357142857142857,382.4,5,0.0
BAĞCILAR,YENİMAHALLE,BAĞCILAR|YENİMAHALLE,2022,34862,1747186.3345416924,0.04873793330024675,392.0,392.0,90.0,90.0,21.45,7.0,4.0,0.0,11.244334805805748,50.11721457580438,19645.94811371532,0.22959183673469388,3.064285714285714,716.95,5,0.0
BAĞCILAR,YILDIZTEPE,BAĞCILAR|YILDIZTEPE,2022,31273,1567315.6514291307,0.043720423042241316,584.0,584.0,99.0,99.0,38.0,12.0,3.0,0.0,18.674255747769642,50.11721457580439,29268.453312269765,0.1695205479452055,3.1666666666666665,418.1666666666667,6,0.0
BAĞCILAR,ÇINAR,BAĞCILAR|ÇINAR,2022,32878,1647753.7808232969,0.045964252511201675,418.0,418.0,77.0,77.0,7.833333333333334,3.0,4.0,0.0,12.71366871464201,50.1172145758044,20948.99569268624,0.18421052631578946,2.611111111111111,441.6,5,0.0
BAĞCILAR,İNÖNÜ,BAĞCILAR|İNÖNÜ,2022,24198,1212736.3583053146,0.03382939905912945,471.0,471.0,51.0,51.0,12.6,5.0,8.0,0.0,19.464418546987357,50.11721457580439,23605.208065203868,0.10828025477707007,2.52,537.2916666666666,6,0.0
BAŞAKŞEHİR,ALTINŞEHİR,BAŞAKŞEHİR|ALTINŞEHİR,2022,22945,1411646.8274769308,0.044499998060579735,549.0,549.0,141.0,141.0,34.78333333333333,11.0,0.0,0.0,23.92678143386359,61.52306940409374,33776.165102847466,0.2568306010928962,3.162121212121212,564.95,5,0.0
BAŞAKŞEHİR,BAHÇEŞEHİR 1. KISIM,BAŞAKŞEHİR|BAHÇEŞEHİR 1. KISIM,2022,36449,2242454.3567098123,0.07068992936631383,490.0,490.0,123.0,123.0,112.25,35.0,12.0,0.0,13.443441521029383,61.523069404093725,30146.304008005925,0.2510204081632653,3.2071428571428573,361.85714285714283,7,0.0
BAŞAKŞEHİR,BAHÇEŞEHİR 2. KISIM,BAŞAKŞEHİR|BAHÇEŞEHİR 2. KISIM,2022,60219,3704857.71644512,0.11678994914840056,696.0,696.0,211.0,211.0,145.31666666666666,41.0,15.0,0.0,11.557813978976736,61.523069404093725,42820.056305249236,0.3031609195402299,3.544308943089431,174.0,7,0.0
BAŞAKŞEHİR,BAŞAK,BAŞAKŞEHİR|BAŞAK,2022,73744,4536957.230135487,0.143020608279773,315.0,315.0,74.0,74.0,24.95,11.0,18.0,0.0,4.271533955304838,61.52306940409372,19379.76686228952,0.23492063492063492,2.268181818181818,425.0,11,0.0
BAŞAKŞEHİR,BAŞAKŞEHİR,BAŞAKŞEHİR|BAŞAKŞEHİR,2022,73618,4529205.323390572,0.14277624132594285,227.0,227.0,119.0,119.0,53.25,19.0,14.0,0.0,3.0834850172512156,61.52306940409373,13965.736754729278,0.5242290748898678,2.8026315789473686,438.5,4,0.0
BAŞAKŞEHİR,GÜVERCİNTEPE,BAŞAKŞEHİR|GÜVERCİNTEPE,2022,73768,4538433.783801187,0.14306715436621686,732.0,732.0,247.0,247.0,36.95,15.0,5.0,1.0,9.923001843617829,61.52306940409374,45034.88680379662,0.337431693989071,2.4633333333333334,548.6875,4,0.0
BAŞAKŞEHİR,KAYABAŞI,BAŞAKŞEHİR|KAYABAŞI,2022,110619,6805620.414411444,0.214536730680465,428.0,428.0,78.0,78.0,37.85,12.0,24.0,16.0,3.8691364051383577,61.52306940409373,26331.87370495212,0.1822429906542056,3.154166666666667,360.71875,8,0.0
BAŞAKŞEHİR,ZİYA GÖKALP,BAŞAKŞEHİR|ZİYA GÖKALP,2022,29461,1812531.1477140053,0.05713726053008235,340.0,340.0,90.0,90.0,31.15,7.0,6.0,4.0,11.540680900173111,61.523069404093725,20917.843597391868,0.2647058823529412,4.45,604.85,10,0.0
BAŞAKŞEHİR,İKITELLI OSB,BAŞAKŞEHİR|İKITELLI OSB,2022,23,1415.0305962941559,4.460666617534687e-05,671.0,671.0,177.0,177.0,92.6,27.0,1.0,99.0,29173.91304347826,61.52306940409373,41281.9795701469,0.2637853949329359,3.4296296296296296,423.25,4,0.0
BAŞAKŞEHİR,ŞAHİNTEPE,BAŞAKŞEHİR|ŞAHİNTEPE,2022,32924,2025585.537060382,0.0638534729198748,877.75,872.75,151.0,151.0,94.68333333333334,22.0,5.0,2.0,26.659883367756045,61.52306940409373,54001.874169443276,0.1720307604671034,4.303787878787879,444.3333333333333,6,0.0
BAŞAKŞEHİR,ŞAMLAR,BAŞAKŞEHİR|ŞAMLAR,2022,1848,113694.63225876521,0.003584048656175696,143.0,143.0,45.0,45.0,19.366666666666667,9.0,1.0,6.0,77.38095238095238,61.523069404093725,8797.798924785402,0.3146853146853147,2.151851851851852,344.25,7,0.0
BEYKOZ,ACARLAR,BEYKOZ|ACARLAR,2022,6663,371710.73414096655,0.02617344473643895,65.0,65.0,9.0,9.0,18.700000000000003,8.0,0.0,0.0,9.755365450998049,55.787293132367786,3626.174053603906,0.13846153846153847,2.3375000000000004,321.625,8,0.0
BEYKOZ,AKBABA,BEYKOZ|AKBABA,2022,2341,130598.05322287299,0.009195862843764608,150.0,150.0,19.0,19.0,7.983333333333333,1.0,0.0,0.0,64.07518154634771,55.787293132367786,8368.093969855168,0.12666666666666668,7.983333333333333,249.71875,8,0.0
BEYKOZ,ALİBAHADIR,BEYKOZ|ALİBAHADIR,2022,7780,434025.1405698214,0.03056121867769699,53.0,53.0,6.0,6.0,4.916666666666667,1.0,0.0,0.0,6.812339331619537,55.78729313236779,2956.726536015493,0.11320754716981132,4.916666666666667,88.5,6,0.0
BEYKOZ,ANADOLU HİSARI,BEYKOZ|ANADOLU HİSARI,2022,2612,145716.40966174466,0.010260398867113694,131.0,131.0,22.0,22.0,26.433333333333334,7.0,1.0,0.0,50.153139356814705,55.787293132367786,7308.13540034018,0.16793893129770993,3.776190476190476,247.75,4,0.0
BEYKOZ,ANADOLU KAVAĞI,BEYKOZ|ANADOLU KAVAĞI,2022,2619,146106.92071367125,0.010287896107569205,57.0,57.0,5.0,5.0,5.85,2.0,0.0,0.0,21.76403207331042,55.78729313236779,3179.8757085449643,0.08771929824561403,2.925,344.95,5,0.0
BEYKOZ,ANADOLUFENERİ,BEYKOZ|ANADOLUFENERİ,2022,6950,387721.68726995616,0.02730083159511492,56.0,56.0,8.0,8.0,14.833333333333334,2.0,0.0,0.0,8.057553956834532,55.78729313236779,3124.0884154125965,0.14285714285714285,7.416666666666667,85.0,4,0.0
BEYKOZ,BAKLACI,BEYKOZ|BAKLACI,2022,2886,161002.12798001344,0.011336719422086569,167.0,167.0,19.0,19.0,1.7,1.0,0.0,0.0,57.86555786555787,55.787293132367786,9316.477953105421,0.11377245508982035,1.7,367.1111111111111,9,0.0
BEYKOZ,BOZHANE,BEYKOZ|BOZHANE,2022,594,33137.652120626466,0.002333337261510541,67.0,62.0,0.0,0.0,4.916666666666667,1.0,1.0,0.0,112.79461279461279,55.787293132367786,3737.7486398686415,0.0,4.916666666666667,68.8,5,0.0
BEYKOZ,CUMHURİYET,BEYKOZ|CUMHURİYET,2022,2021,112746.1194205153,0.007938846137226943,126.0,126.0,7.0,7.0,7.583333333333334,3.0,0.0,0.0,62.345373577436916,55.787293132367786,7029.198934678341,0.05555555555555555,2.527777777777778,215.50555555555556,0,0.0
BEYKOZ,DERESEKİ,BEYKOZ|DERESEKİ,2022,1646,91825.88449587737,0.006465779684253116,131.0,131.0,21.0,21.0,30.116666666666667,4.0,0.0,0.0,79.5868772782503,55.78729313236778,7308.135400340179,0.16030534351145037,7.529166666666667,87.0,6,0.0
BEYKOZ,ELMALI,BEYKOZ|ELMALI,2022,2160,120500.55316591442,0.00848486276912924,102.0,102.0,61.0,61.0,16.366666666666667,9.0,0.0,1.0,47.22222222222222,55.787293132367786,5690.303899501514,0.5980392156862745,1.8185185185185186,223.5,6,0.0
BEYKOZ,FATİH,BEYKOZ|FATİH,2022,4207,234697.14220787128,0.01652584151376237,102.0,102.0,24.0,24.0,14.466666666666665,3.0,0.0,0.0,24.24530544330877,55.787293132367786,5690.303899501514,0.23529411764705882,4.822222222222222,241.0,4,0.0
BEYKOZ,GÖKSU,BEYKOZ|GÖKSU,2022,2639,147222.6665763186,0.010366459651727809,177.0,177.0,19.0,19.0,40.18333333333333,14.0,3.0,0.0,67.07086017430845,55.787293132367786,9874.350884429097,0.10734463276836158,2.870238095238095,300.2,5,0.0
BEYKOZ,GÖLLÜ,BEYKOZ|GÖLLÜ,2022,295,16457.2514740485,0.0011588122763394103,29.0,29.0,0.0,0.0,4.916666666666667,1.0,0.0,0.0,98.30508474576271,55.78729313236779,1617.831500838666,0.0,4.916666666666667,81.5,4,0.0
BEYKOZ,GÖRELE,BEYKOZ|GÖRELE,2022,1917,106944.24093474906,0.007530315707602202,100.0,100.0,12.0,12.0,7.2,6.0,0.0,0.0,52.164840897235266,55.78729313236779,5578.7293132367795,0.12,1.2,217.8,5,0.0
BEYKOZ,GÖZTEPE,BEYKOZ|GÖZTEPE,2022,9469,528249.8786703906,0.0371959099818911,301.0,300.0,37.0,37.0,34.266666666666666,11.0,3.0,0.0,31.787939592354,55.787293132367786,16791.975232842702,0.12292358803986711,3.1151515151515152,328.0,6,0.0
BEYKOZ,GÜMÜŞSUYU,BEYKOZ|GÜMÜŞSUYU,2022,14138,788720.7503054158,0.05553656936571723,602.0,602.0,65.0,65.0,15.516666666666667,9.0,5.0,0.0,42.580280096194656,55.78729313236779,33583.95046568541,0.1079734219269103,1.724074074074074,461.0,2,0.0
BEYKOZ,KANLICA,BEYKOZ|KANLICA,2022,3718,207417.15586614344,0.014604962859084499,140.0,140.0,15.0,15.0,30.75,9.0,2.0,0.0,37.654653039268425,55.787293132367786,7810.22103853149,0.10714285714285714,3.4166666666666665,394.6666666666667,3,0.0
BEYKOZ,KAVACIK,BEYKOZ|KAVACIK,2022,24016,1339787.6318669447,0.09433910382565178,373.0,372.0,89.0,89.0,35.36666666666667,11.0,7.0,0.0,15.531312458361093,55.787293132367786,20808.660338373185,0.2386058981233244,3.2151515151515153,333.2,5,0.0
BEYKOZ,KAYNARCA,BEYKOZ|KAYNARCA,2022,742,41394.1715042169,0.0029147074882842116,39.0,39.0,6.0,5.0,12.466666666666667,1.0,0.0,0.0,52.56064690026954,55.78729313236779,2175.704432162344,0.15384615384615385,12.466666666666667,99.2,5,0.0
BEYKOZ,KILIÇLI,BEYKOZ|KILIÇLI,2022,569,31742.96979231727,0.0022351328313122863,20.0,20.0,15.0,15.0,14.4,4.0,0.0,0.0,35.149384885764505,55.787293132367786,1115.7458626473558,0.75,3.6,82.6,5,0.0
BEYKOZ,MAHMUTŞEVKETPAŞA,BEYKOZ|MAHMUTŞEVKETPAŞA,2022,1632,91044.86239202422,0.006410785203342093,87.0,87.0,19.0,19.0,11.383333333333333,6.0,0.0,0.0,53.30882352941176,55.787293132367786,4853.494502515998,0.21839080459770116,1.8972222222222221,65.42857142857143,7,0.0
BEYKOZ,SARIYER MERKEZ,BEYKOZ|SARIYER MERKEZ,2022,5768,321781.1067874974,0.022657726135341418,282.0,282.0,51.0,51.0,23.7,10.0,3.0,0.0,48.890429958391124,55.787293132367786,15732.016663327715,0.18085106382978725,2.37,357.1666666666667,6,0.0
BEYKOZ,ORTAÇEŞME,BEYKOZ|ORTAÇEŞME,2022,7452,415726.9084224047,0.02927277655349588,403.0,403.0,53.0,53.0,20.55,6.0,0.0,0.0,54.07944176060118,55.787293132367786,22482.279132344218,0.1315136476426799,3.4250000000000003,380.15,5,0.0
BEYKOZ,PAŞABAHÇE,BEYKOZ|PAŞABAHÇE,2022,4289,239271.70024472545,0.016847952044812646,108.0,107.0,16.0,16.0,7.833333333333334,3.0,1.0,0.0,25.180694800652834,55.787293132367786,6025.027658295721,0.14814814814814814,2.611111111111111,530.3333333333334,3,0.0
BEYKOZ,PAŞAMANDIRA,BEYKOZ|PAŞAMANDIRA,2022,441,24602.196271374196,0.00173232614869722,76.0,76.0,10.0,10.0,4.916666666666667,1.0,1.0,0.0,172.3356009070295,55.78729313236779,4239.834278059952,0.13157894736842105,4.916666666666667,70.4,5,0.0
BEYKOZ,POLONEZKÖY,BEYKOZ|POLONEZKÖY,2022,322,17963.508388622427,0.0012648730609535258,19.0,19.0,5.0,5.0,6.416666666666667,5.0,0.0,0.0,59.006211180124225,55.787293132367786,1059.9585695149879,0.2631578947368421,1.2833333333333334,117.0,8,0.0
BEYKOZ,POYRAZKÖY,BEYKOZ|POYRAZKÖY,2022,841,46917.11352432131,0.0033035970318693016,106.0,106.0,3.0,3.0,1.7,1.0,0.0,0.0,126.04042806183116,55.787293132367786,5913.453072030985,0.02830188679245283,1.7,235.95,5,0.0
BEYKOZ,RÜZGARLIBAHÇE,BEYKOZ|RÜZGARLIBAHÇE,2022,7434,414722.73714602215,0.02920206936375314,414.0,414.0,25.0,25.0,41.75,15.0,3.0,0.0,55.69007263922518,55.787293132367786,23095.939356800263,0.06038647342995169,2.783333333333333,342.0,7,0.0
BEYKOZ,RİVA,BEYKOZ|RİVA,2022,2885,160946.34068688107,0.011332791244878638,142.0,142.0,109.0,109.0,32.03333333333333,7.0,0.0,0.0,49.22010398613518,55.787293132367786,7921.795624796226,0.7676056338028169,4.576190476190476,53.5,4,0.0
BEYKOZ,SOĞUKSU,BEYKOZ|SOĞUKSU,2022,11585,646295.7909384808,0.04550793295387141,272.0,272.0,93.0,93.0,50.61666666666667,9.0,0.0,0.0,23.47863616745792,55.78729313236778,15174.143732004035,0.34191176470588236,5.624074074074074,414.0,4,0.0
BEYKOZ,TOKATKÖY,BEYKOZ|TOKATKÖY,2022,14819,826711.8969285582,0.058211658044317695,877.75,872.75,100.0,100.0,91.03333333333333,28.0,0.0,0.0,59.231392131722785,55.787293132367786,48967.296546935824,0.11392765593847906,3.251190476190476,212.2,5,0.0
BEYKOZ,YALIKÖY,BEYKOZ|YALIKÖY,2022,4823,269062.1147774098,0.018945598673847375,246.0,243.0,44.0,44.0,42.3,10.0,1.0,1.0,51.005598175409496,55.787293132367786,13723.674110562475,0.17886178861788618,4.2299999999999995,271.75,4,0.0
BEYKOZ,YAVUZ SELİM,BEYKOZ|YAVUZ SELİM,2022,5439,303427.0873469484,0.02136535583393238,155.0,155.0,24.0,24.0,20.21666666666667,5.0,0.0,0.0,28.497885640742783,55.787293132367786,8647.030435517006,0.15483870967741936,4.043333333333334,177.14285714285714,7,0.0
BEYKOZ,SEYMEN MAHALLE,BEYKOZ|SEYMEN MAHALLE,2022,19404,1082496.6359404644,0.07622235054267767,706.0,706.0,77.0,77.0,67.0,23.0,0.0,0.0,36.384250669964956,55.78729313236778,39385.82895145165,0.10906515580736544,2.9130434782608696,320.2857142857143,7,0.0
BEYKOZ,ZERZAVATÇI,BEYKOZ|ZERZAVATÇI,2022,1137,63430.15229150217,0.004466337485416642,47.0,47.0,26.0,26.0,6.416666666666667,5.0,0.0,0.0,41.33685136323659,55.787293132367786,2622.002777221286,0.5531914893617021,1.2833333333333334,157.71428571428572,7,0.0
BEYKOZ,ÇAMLIBAHÇE,BEYKOZ|ÇAMLIBAHÇE,2022,6161,343705.51298851793,0.024201499778057987,345.0,345.0,31.0,31.0,19.833333333333332,4.0,1.0,0.0,55.99740301899042,55.787293132367786,19246.616130666887,0.08985507246376812,4.958333333333333,395.9375,4,0.0
BEYKOZ,ÇENGELDERE,BEYKOZ|ÇENGELDERE,2022,5123,285798.30271712015,0.020124051836226436,318.0,318.0,18.0,18.0,10.5,2.0,1.0,0.0,62.07300409916065,55.787293132367786,17740.359216092955,0.05660377358490566,5.25,88.2,5,0.0
BEYKOZ,ÇUBUKLU,BEYKOZ|ÇUBUKLU,2022,21764,1214154.6477328527,0.08549284875339297,680.0,679.0,76.0,76.0,79.36666666666666,22.0,2.0,0.0,31.244256570483365,55.78729313236779,37935.3593300101,0.11176470588235295,3.6075757575757574,234.71428571428572,7,0.0
BEYKOZ,ÇİFTLİK,BEYKOZ|ÇİFTLİK,2022,5608,312855.13988631853,0.022029217782072584,229.0,229.0,32.0,32.0,16.483333333333334,4.0,0.0,0.0,40.834522111269614,55.787293132367786,12775.290127312222,0.13973799126637554,4.120833333333334,215.50555555555556,0,0.0
BEYKOZ,ÇİĞDEM,BEYKOZ|ÇİĞDEM,2022,1109,61868.10808379587,0.004356348523594596,271.0,271.0,33.0,33.0,69.53333333333333,14.0,1.0,0.0,244.36429215509466,55.787293132367786,15118.35643887167,0.12177121771217712,4.966666666666667,425.0,4,0.0
BEYKOZ,ÖRNEKKÖY,BEYKOZ|ÖRNEKKÖY,2022,3722,207640.30503867293,0.01462067556791622,91.0,91.0,34.0,32.0,14.75,7.0,0.0,0.0,24.44922084900591,55.78729313236779,5076.6436750454695,0.37362637362637363,2.107142857142857,91.75,4,0.0
BEYKOZ,ÖĞÜMCE,BEYKOZ|ÖĞÜMCE,2022,4780,266663.261172718,0.018776687053906376,41.0,41.0,2.0,2.0,4.916666666666667,1.0,0.0,0.0,8.577405857740585,55.787293132367786,2287.2790184270793,0.04878048780487805,4.916666666666667,55.6,5,0.0
BEYKOZ,İNCİRKÖY,BEYKOZ|İNCİRKÖY,2022,16985,947547.1738532669,0.06672008987669452,640.0,640.0,67.0,64.0,77.60000000000001,20.0,0.0,3.0,37.68030615248749,55.787293132367786,35703.867604715386,0.1046875,3.8800000000000003,205.44444444444446,9,0.0
BEYKOZ,İSHAKLI,BEYKOZ|İSHAKLI,2022,1066,59469.25447910406,0.004187436903653597,154.0,154.0,9.0,9.0,26.25,7.0,0.0,0.0,144.4652908067542,55.787293132367786,8591.24314238464,0.05844155844155844,3.75,50.666666666666664,3,0.0
BEYLİKDÜZÜ,ADNAN KAHVECİ,BEYLİKDÜZÜ|ADNAN KAHVECİ,2022,113989,6256769.0669463575,0.27249235035379615,436.0,436.0,154.0,154.0,25.75,9.0,20.0,4.0,3.8249304757476597,54.889235513482504,23931.706683878372,0.3532110091743119,2.861111111111111,441.75,8,0.0
BEYLİKDÜZÜ,BARIŞ,BEYLİKDÜZÜ|BARIŞ,2022,87554,4805772.126147447,0.20929910116657105,197.0,197.0,90.0,90.0,27.5,10.0,7.0,0.0,2.250039975329511,54.889235513482504,10813.179396156052,0.45685279187817257,2.75,424.9583333333333,6,0.0
BEYLİKDÜZÜ,BÜYÜKŞEHİR,BEYLİKDÜZÜ|BÜYÜKŞEHİR,2022,21902,1202184.0362162937,0.052357047236565306,141.0,141.0,34.0,34.0,38.0,11.0,3.0,0.0,6.437768240343348,54.8892355134825,7739.382207401032,0.24113475177304963,3.4545454545454546,146.16666666666666,6,0.0
BEYLİKDÜZÜ,CUMHURİYET,BEYLİKDÜZÜ|CUMHURİYET,2022,23427,1285890.1203743545,0.056002581755593805,91.0,91.0,23.0,23.0,49.36666666666667,14.0,3.0,2.0,3.884406880949332,54.8892355134825,4994.920431726907,0.25274725274725274,3.526190476190476,190.66666666666666,6,0.0
BEYLİKDÜZÜ,DEREAĞZI,BEYLİKDÜZÜ|DEREAĞZI,2022,8965,492081.9963783707,0.021430961943010137,688.0,688.0,116.0,116.0,20.933333333333334,10.0,0.0,0.0,76.74288901282766,54.889235513482504,37763.79403327596,0.1686046511627907,2.0933333333333333,528.5,4,0.0
BEYLİKDÜZÜ,GÜRPINAR,BEYLİKDÜZÜ|GÜRPINAR,2022,20545,1127699.343624498,0.049113119143239625,716.0,716.0,186.0,186.0,28.266666666666666,9.0,3.0,0.0,34.85032854709175,54.889235513482504,39300.69262765347,0.25977653631284914,3.140740740740741,556.0,3,0.0
BEYLİKDÜZÜ,KAVAKLI,BEYLİKDÜZÜ|KAVAKLI,2022,22968,1260695.961273666,0.05490533562822719,730.0,730.0,273.5,270.0,62.6,13.0,7.0,2.0,31.783350748867992,54.8892355134825,40069.141924842224,0.37465753424657533,4.815384615384615,456.2916666666667,6,0.0
BEYLİKDÜZÜ,MARMARA,BEYLİKDÜZÜ|MARMARA,2022,32604,1789608.6346815834,0.07794033275960986,307.0,307.0,83.0,83.0,5.633333333333333,2.0,7.0,7.0,9.41602257391731,54.8892355134825,16850.995302639127,0.2703583061889251,2.8166666666666664,509.1875,4,0.0
BEYLİKDÜZÜ,SAHİL,BEYLİKDÜZÜ|SAHİL,2022,6724,369075.2195926563,0.016073819085867278,232.0,232.0,42.0,42.0,10.816666666666666,4.0,0.0,0.0,34.50327186198692,54.8892355134825,12734.30263912794,0.1810344827586207,2.7041666666666666,575.0,3,0.0
BEYLİKDÜZÜ,YAKUPLU,BEYLİKDÜZÜ|YAKUPLU,2022,79642,4371488.494764773,0.1903853509275196,877.75,872.75,273.5,270.0,67.63333333333333,15.0,4.0,7.0,11.021194846940055,54.8892355134825,48179.02647195926,0.31159213899174026,4.5088888888888885,264.8,10,0.0
BEYOĞLU,ARAP CAMİ,BEYOĞLU|ARAP CAMİ,2022,1170,79024.19918611768,0.00483862963391838,78.0,78.0,3.0,3.0,16.166666666666664,6.0,1.0,0.0,66.66666666666667,67.54205058642536,5268.279945741178,0.038461538461538464,2.694444444444444,82.75,4,0.0
BEYOĞLU,ASMALI MESCİT,BEYOĞLU|ASMALI MESCİT,2022,4590,310018.0121916924,0.018982316256141336,100.0,97.0,21.0,20.0,42.43333333333334,8.0,0.0,0.0,21.78649237472767,67.54205058642536,6754.205058642536,0.21,5.304166666666667,92.5,6,0.0
BEYOĞLU,BEDRETTİN,BEYOĞLU|BEDRETTİN,2022,6120,413357.3495889233,0.02530975500818845,36.0,36.0,11.0,11.0,5.216666666666667,1.0,2.0,1.0,5.88235294117647,67.54205058642538,2431.5138211113135,0.3055555555555556,5.216666666666667,96.5,8,0.0
BEYOĞLU,BEREKETZADE,BEYOĞLU|BEREKETZADE,2022,532,35932.370911978294,0.002200129030123571,115.0,114.0,23.0,23.0,22.6,6.0,0.0,0.0,216.1654135338346,67.54205058642536,7767.335817438917,0.2,3.766666666666667,77.16666666666667,6,0.0
BEYOĞLU,BOSTAN,BEYOĞLU|BOSTAN,2022,2269,153252.91278059917,0.009383633025094705,123.0,123.0,10.0,10.0,51.6,18.0,0.0,0.0,54.20890260026443,67.54205058642538,8307.67222213032,0.08130081300813008,2.8666666666666667,252.33333333333334,6,0.0
BEYOĞLU,BÜLBÜL,BEYOĞLU|BÜLBÜL,2022,2470,166828.86494847064,0.01021488478271658,254.0,254.0,18.0,18.0,55.4,18.0,0.0,0.0,102.83400809716599,67.54205058642536,17155.68084895204,0.07086614173228346,3.0777777777777775,250.66666666666666,6,0.0
BEYOĞLU,CAMİİKEBİR,BEYOĞLU|CAMİİKEBİR,2022,2771,187159.0221749847,0.011459694628707549,141.0,141.0,12.0,12.0,10.4,3.0,0.0,4.0,50.88415734391916,67.54205058642538,9523.429132685978,0.0851063829787234,3.466666666666667,149.0,6,0.0
BEYOĞLU,CİHANGİR,BEYOĞLU|CİHANGİR,2022,3739,252539.72714264446,0.015462936924120362,146.0,145.0,31.0,29.0,33.5,10.0,2.0,0.0,39.04787376303825,67.54205058642538,9861.139385618106,0.21232876712328766,3.35,83.66666666666667,6,0.0
BEYOĞLU,EMEKYEMEZ,BEYOĞLU|EMEKYEMEZ,2022,236,15939.923938396387,0.0009759970885510579,85.0,85.0,14.0,14.0,9.516666666666666,3.0,0.0,0.0,360.1694915254237,67.54205058642536,5741.074299846156,0.16470588235294117,3.172222222222222,76.33333333333333,3,0.0
BEYOĞLU,EVLİYA ÇELEBİ,BEYOĞLU|EVLİYA ÇELEBİ,2022,2430,164127.18292501362,0.010049461547368943,59.0,59.0,6.0,6.0,18.8,6.0,1.0,0.0,24.279835390946502,67.54205058642536,3984.9809845990962,0.1016949152542373,3.1333333333333333,89.0,6,0.0
BEYOĞLU,FETİHTEPE,BEYOĞLU|FETİHTEPE,2022,13066,882504.4329622339,0.0540354998263056,601.0,601.0,47.0,44.0,61.85,21.0,0.0,0.0,45.99724475738558,67.54205058642538,40592.77240244165,0.07820299500831947,2.9452380952380954,376.57142857142856,7,0.0
BEYOĞLU,FİRUZAĞA,BEYOĞLU|FİRUZAĞA,2022,3859,260644.7732130155,0.015959206630163272,140.0,134.0,94.0,80.0,16.066666666666666,4.0,1.0,0.0,36.27882871210158,67.54205058642536,9455.88708209955,0.6714285714285714,4.016666666666667,100.25,4,0.0
BEYOĞLU,GÜMÜŞSUYU,BEYOĞLU|GÜMÜŞSUYU,2022,3262,220322.16901291956,0.013490264842599792,82.0,79.0,49.0,48.0,23.016666666666666,8.0,1.0,0.0,25.137952176578786,67.54205058642538,5538.448148086881,0.5975609756097561,2.877083333333333,149.22222222222223,9,0.0
BEYOĞLU,HACIAHMET,BEYOĞLU|HACIAHMET,2022,16259,1098166.20048469,0.06724040958793072,559.0,559.0,109.0,107.0,68.0,19.0,1.0,0.0,34.380958238514054,67.54205058642536,37756.00627781178,0.19499105545617174,3.5789473684210527,267.7142857142857,7,0.0
BEYOĞLU,HACIMİMİ,BEYOĞLU|HACIMİMİ,2022,1289,87061.7032059023,0.0053307637590776,124.0,122.0,17.0,17.0,32.41666666666667,10.0,1.0,0.0,96.19860356865787,67.54205058642538,8375.214272716747,0.13709677419354838,3.241666666666667,105.2,5,0.0
BEYOĞLU,HALICIOĞLU,BEYOĞLU|HALICIOĞLU,2022,11956,807532.7568113017,0.04944500504540868,232.0,232.0,84.0,75.0,38.05,12.0,2.0,0.0,19.404483104717297,67.54205058642536,15669.755736050683,0.3620689655172414,3.170833333333333,501.0,4,0.0
BEYOĞLU,HÜSEYİNAĞA,BEYOĞLU|HÜSEYİNAĞA,2022,4440,299886.70460372866,0.0183619791235877,78.0,78.0,22.0,21.0,24.983333333333334,9.0,0.0,0.0,17.56756756756757,67.54205058642538,5268.279945741179,0.28205128205128205,2.775925925925926,127.85714285714286,7,0.0
BEYOĞLU,KADIMEHMET EFENDİ,BEYOĞLU|KADIMEHMET EFENDİ,2022,931,62881.64909596202,0.0038502258027162495,120.0,120.0,36.0,32.0,11.683333333333334,5.0,0.0,0.0,128.8936627282492,67.54205058642538,8105.046070371045,0.3,2.336666666666667,198.2888888888889,0,0.0
BEYOĞLU,KALYONCU KULLUĞU,BEYOĞLU|KALYONCU KULLUĞU,2022,651,43969.87493176291,0.002692263155282791,138.0,138.0,21.0,21.0,45.2,15.0,0.0,0.0,211.9815668202765,67.54205058642536,9320.8029809267,0.15217391304347827,3.0133333333333336,121.0,5,0.0
BEYOĞLU,KAMER HATUN,BEYOĞLU|KAMER HATUN,2022,433,29245.707903922183,0.0017907065226381697,77.0,77.0,8.0,8.0,69.98333333333333,21.0,0.0,0.0,177.82909930715934,67.54205058642536,5200.737895154753,0.1038961038961039,3.3325396825396827,110.75,8,0.0
BEYOĞLU,KAPTANPAŞA,BEYOĞLU|KAPTANPAŞA,2022,18197,1229062.6945211824,0.07525516534052373,387.0,387.0,59.0,58.0,23.566666666666666,7.0,2.0,2.0,21.2672418530527,67.54205058642538,26138.77357694662,0.1524547803617571,3.3666666666666667,401.5,6,0.0
BEYOĞLU,KATİPMUSTAFA ÇELEBİ,BEYOĞLU|KATİPMUSTAFA ÇELEBİ,2022,7550,509942.4819275116,0.031223635671866472,68.0,68.0,23.0,19.0,30.4,8.0,2.0,0.0,9.006622516556291,67.54205058642538,4592.8594398769255,0.3382352941176471,3.8,136.4,5,0.0
BEYOĞLU,KEMANKEŞ KARAMUSTAFAPAŞA,BEYOĞLU|KEMANKEŞ KARAMUSTAFAPAŞA,2022,512,34581.529900249785,0.0021174174124497526,80.0,80.0,33.0,33.0,5.8,3.0,0.0,0.0,156.25,67.54205058642536,5403.364046914029,0.4125,1.9333333333333333,198.2888888888889,0,0.0
BEYOĞLU,KEÇECİ PİRİ,BEYOĞLU|KEÇECİ PİRİ,2022,14028,947479.8856263751,0.05801392863641627,269.0,267.0,77.0,36.0,39.666666666666664,12.0,1.0,0.0,19.175933846592528,67.54205058642538,18168.811607748426,0.2862453531598513,3.3055555555555554,380.3333333333333,6,0.0
BEYOĞLU,KILIÇALİ PAŞA,BEYOĞLU|KILIÇALİ PAŞA,2022,2296,155076.54814643264,0.009495293708954359,46.0,46.0,18.0,15.0,25.333333333333336,8.0,0.0,0.0,20.034843205574912,67.54205058642536,3106.934326975567,0.391304347826087,3.166666666666667,111.2,5,0.0
BEYOĞLU,KOCATEPE,BEYOĞLU|KOCATEPE,2022,1419,95842.1697821376,0.00586838927395742,170.0,167.0,53.0,52.0,75.63333333333334,21.0,0.0,0.0,119.80267794221284,67.54205058642538,11482.148599692315,0.31176470588235294,3.601587301587302,219.42857142857142,7,0.0
BEYOĞLU,KULAKSIZ,BEYOĞLU|KULAKSIZ,2022,9283,626992.8555937867,0.03839059734330284,232.0,232.0,42.0,41.0,32.3,12.0,0.0,0.0,24.991920715286007,67.54205058642536,15669.755736050683,0.1810344827586207,2.6916666666666664,242.5,4,0.0
BEYOĞLU,KULOĞLU,BEYOĞLU|KULOĞLU,2022,1404,94829.03902334122,0.005806355560702056,96.0,96.0,43.0,43.0,16.1,4.0,3.0,0.0,68.37606837606839,67.54205058642538,6484.036856296836,0.4479166666666667,4.025,124.125,8,0.0
BEYOĞLU,KÜÇÜK PİYALE,BEYOĞLU|KÜÇÜK PİYALE,2022,8808,594910.3815652347,0.036426196423549655,173.0,173.0,34.0,33.0,20.883333333333333,6.0,0.0,1.0,19.64123524069028,67.54205058642538,11684.77475145159,0.19653179190751446,3.4805555555555556,283.1666666666667,6,0.0
BEYOĞLU,MÜEYYETZADE,BEYOĞLU|MÜEYYETZADE,2022,602,40660.31445302808,0.002489619691981936,95.0,95.0,14.0,14.0,21.183333333333334,8.0,3.0,0.0,157.80730897009968,67.54205058642538,6416.49480571041,0.14736842105263157,2.6479166666666667,106.75,4,0.0
BEYOĞLU,PÜRTELAŞ HASAN EFENDİ,BEYOĞLU|PÜRTELAŞ HASAN EFENDİ,2022,1855,125290.50383781905,0.007671502539246662,50.0,50.0,15.0,15.0,11.65,4.0,2.0,0.0,26.954177897574127,67.54205058642536,3377.102529321268,0.3,2.9125,108.5,4,0.0
BEYOĞLU,PİRİPAŞA,BEYOĞLU|PİRİPAŞA,2022,15698,1060275.1101057054,0.06492034871218011,447.0,447.0,65.0,52.0,47.233333333333334,17.0,4.0,0.0,28.47496496368964,67.54205058642538,30191.296612132144,0.14541387024608501,2.7784313725490195,367.3333333333333,3,0.0
BEYOĞLU,PİYALEPAŞA,BEYOĞLU|PİYALEPAŞA,2022,21265,1436281.7057203355,0.08794312749168748,474.0,473.0,91.0,86.0,19.0,5.0,4.0,0.0,22.290148130731247,67.54205058642538,32014.93197796563,0.19198312236286919,3.8,418.2857142857143,7,0.0
BEYOĞLU,SURURİ MEHMET EFENDİ,BEYOĞLU|SURURİ MEHMET EFENDİ,2022,4157,280772.30428777024,0.017191609733503168,191.0,191.0,19.0,19.0,59.28333333333334,20.0,1.0,0.0,45.946596102958864,67.54205058642536,12900.531662007244,0.09947643979057591,2.964166666666667,259.7142857142857,7,0.0
BEYOĞLU,SÜTLÜCE,BEYOĞLU|SÜTLÜCE,2022,12177,822459.5499909017,0.05035896842070437,372.0,368.0,165.0,156.0,36.35,15.0,0.0,0.0,30.54939640305494,67.54205058642538,25125.64281815024,0.4435483870967742,2.4233333333333333,408.0,2,0.0
BEYOĞLU,TOMTOM,BEYOĞLU|TOMTOM,2022,657,44375.12723528146,0.0027170766405849364,135.0,135.0,19.0,19.0,53.31666666666667,13.0,2.0,0.0,205.4794520547945,67.54205058642536,9118.176829167423,0.14074074074074075,4.101282051282052,114.0,5,0.0
BEYOĞLU,YAHYA KAHYA,BEYOĞLU|YAHYA KAHYA,2022,3175,214446.01061190056,0.013130469305718682,88.0,88.0,20.0,20.0,28.283333333333335,9.0,0.0,0.0,27.716535433070867,67.54205058642538,5943.700451605433,0.22727272727272727,3.142592592592593,119.0,6,0.0
BEYOĞLU,ESENŞEHİR,BEYOĞLU|ESENŞEHİR,2022,5726,386745.7816578717,0.023680336140014226,236.0,236.0,35.0,33.0,31.316666666666666,10.0,0.0,0.0,41.21550820817325,67.54205058642538,15939.923938396389,0.1483050847457627,3.131666666666667,261.85714285714283,7,0.0
BEYOĞLU,ÇATMA MESCİT,BEYOĞLU|ÇATMA MESCİT,2022,2136,144269.82005260457,0.008833600767563812,96.0,95.0,12.0,12.0,5.216666666666667,1.0,0.0,0.0,44.9438202247191,67.54205058642536,6484.036856296834,0.125,5.216666666666667,80.2,5,0.0
BEYOĞLU,ÇUKUR,BEYOĞLU|ÇUKUR,2022,3010,203301.57226514036,0.01244809845990968,136.0,136.0,24.0,23.0,54.9,18.0,0.0,0.0,45.182724252491695,67.54205058642538,9185.718879753851,0.17647058823529413,3.05,158.33333333333334,6,0.0
BEYOĞLU,ÖMER AVNİ,BEYOĞLU|ÖMER AVNİ,2022,2117,142986.52109146252,0.008755024730773685,160.0,159.0,26.0,24.0,16.666666666666668,5.0,0.0,0.0,75.57864903164855,67.54205058642538,10806.72809382806,0.1625,3.3333333333333335,99.0,4,0.0
BEYOĞLU,ÖRNEKTEPE,BEYOĞLU|ÖRNEKTEPE,2022,15615,1054669.1199070322,0.06457709549883377,584.0,584.0,159.0,139.0,39.083333333333336,17.0,2.0,0.0,37.39993595901377,67.54205058642538,39444.55754247242,0.2722602739726027,2.2990196078431375,465.15,5,0.0
BEYOĞLU,İSTİKLAL,BEYOĞLU|İSTİKLAL,2022,4943,333860.35604870063,0.020442176308084235,660.0,660.0,54.0,53.0,80.08333333333333,21.0,0.0,0.0,133.52215253894394,67.54205058642538,44577.75338704075,0.08181818181818182,3.8134920634920633,348.7142857142857,7,0.0
BEYOĞLU,ŞAHKULU,BEYOĞLU|ŞAHKULU,2022,1390,93883.45031513127,0.0057484574283303835,110.0,110.0,32.0,31.0,44.5,11.0,1.0,0.0,79.13669064748201,67.54205058642538,7429.625564506791,0.2909090909090909,4.045454545454546,94.85714285714286,7,0.0
BEYOĞLU,ŞEHİT MUHTAR,BEYOĞLU|ŞEHİT MUHTAR,2022,1311,88547.62831880366,0.005421746538518801,280.0,280.0,38.0,35.0,57.86666666666667,19.0,1.0,0.0,213.5774218154081,67.54205058642538,18911.774164199105,0.1357142857142857,3.0456140350877194,126.28571428571429,7,0.0
BEŞİKTAŞ,ABBASAĞA,BEŞİKTAŞ|ABBASAĞA,2022,5274,542231.9681831622,0.03389939451593413,162.0,162.0,44.0,44.0,8.283333333333333,4.0,0.0,0.0,30.716723549488055,102.81228065664811,16655.589466376994,0.2716049382716049,2.0708333333333333,231.5,4,0.0
BEŞİKTAŞ,AKAT,BEŞİKTAŞ|AKAT,2022,15038,1546091.0765146741,0.09665891064289295,349.0,349.0,16.0,16.0,29.433333333333334,13.0,4.0,0.0,23.207873387418537,102.8122806566481,35881.485949170186,0.045845272206303724,2.264102564102564,237.0,6,0.0
BEŞİKTAŞ,ARNAVUTKÖY,BEŞİKTAŞ|ARNAVUTKÖY,2022,3616,371769.2068544396,0.023242360745092495,165.0,165.0,34.0,34.0,46.6,12.0,1.0,0.0,45.63053097345133,102.81228065664811,16964.02630834694,0.20606060606060606,3.8833333333333333,146.0,3,0.0
BEŞİKTAŞ,BALMUMCU,BEŞİKTAŞ|BALMUMCU,2022,3059,314502.76652868657,0.019662163030762705,150.0,150.0,13.0,13.0,12.65,4.0,0.0,0.0,49.03563255966002,102.81228065664811,15421.842098497216,0.08666666666666667,3.1625,182.42857142857142,7,0.0
BEŞİKTAŞ,BEBEK,BEŞİKTAŞ|BEBEK,2022,5237,538427.9137988662,0.03366157168751366,221.0,221.0,28.0,28.0,49.38333333333333,14.0,1.0,0.0,42.199732671376744,102.81228065664813,22721.514025119235,0.12669683257918551,3.5273809523809523,224.0,4,0.0
BEŞİKTAŞ,CİHANNÜMA,BEŞİKTAŞ|CİHANNÜMA,2022,3652,375470.44895807886,0.0234737559295016,157.0,157.0,22.0,22.0,5.166666666666666,3.0,0.0,0.0,42.99014238773275,102.8122806566481,16141.528063093752,0.14012738853503184,1.722222222222222,163.75,4,0.0
BEŞİKTAŞ,DİKİLİTAŞ,BEŞİKTAŞ|DİKİLİTAŞ,2022,1615,166041.83326048672,0.010380645078352981,357.0,357.0,92.0,91.0,41.983333333333334,14.0,3.0,0.0,221.05263157894737,102.81228065664813,36703.984194423385,0.25770308123249297,2.998809523809524,213.0,8,0.0
BEŞİKTAŞ,ETİLER,BEŞİKTAŞ|ETİLER,2022,11258,1157460.6556325445,0.07236241627993675,207.0,207.0,21.0,21.0,24.75,9.0,1.0,0.0,18.386924853437556,102.81228065664813,21282.142095926163,0.10144927536231885,2.75,355.2,5,0.0
BEŞİKTAŞ,GAYRETTEPE,BEŞİKTAŞ|GAYRETTEPE,2022,10250,1053825.8767306432,0.06588335111648176,133.0,133.0,23.0,23.0,32.86666666666667,8.0,2.0,0.0,12.97560975609756,102.81228065664811,13674.033327334198,0.17293233082706766,4.108333333333333,307.0,5,0.0
BEŞİKTAŞ,KONAKLAR,BEŞİKTAŞ|KONAKLAR,2022,14484,1489133.0730308914,0.09309799586059726,163.0,163.0,21.0,21.0,7.583333333333333,3.0,4.0,0.0,11.253797293565313,102.81228065664811,16758.401747033644,0.12883435582822086,2.5277777777777777,332.42857142857144,7,0.0
BEŞİKTAŞ,KURUÇEŞME,BEŞİKTAŞ|KURUÇEŞME,2022,3091,317792.7595096993,0.019867847639126354,142.0,142.0,21.0,21.0,32.833333333333336,5.0,1.0,0.0,45.9398252992559,102.81228065664811,14599.343853244032,0.14788732394366197,6.566666666666667,136.25,4,0.0
BEŞİKTAŞ,KÜLTÜR,BEŞİKTAŞ|KÜLTÜR,2022,4834,496994.56469423696,0.031071231150933937,75.0,75.0,12.0,12.0,9.383333333333333,3.0,1.0,0.0,15.51510136532892,102.81228065664811,7710.921049248608,0.16,3.1277777777777778,183.85714285714286,7,0.0
BEŞİKTAŞ,LEVAZIM,BEŞİKTAŞ|LEVAZIM,2022,5961,612864.0049942795,0.03831518595174125,40.0,40.0,6.0,6.0,11.75,4.0,0.0,0.0,6.710283509478276,102.81228065664813,4112.491226265925,0.15,2.9375,155.2,5,0.0
BEŞİKTAŞ,LEVENT,BEŞİKTAŞ|LEVENT,2022,2723,279957.8402280528,0.017502474642944375,179.0,178.0,28.0,28.0,21.183333333333334,8.0,1.0,0.0,65.73632023503488,102.81228065664811,18403.398237540012,0.1564245810055866,2.6479166666666667,208.25,4,0.0
BEŞİKTAŞ,MECİDİYE,BEŞİKTAŞ|MECİDİYE,2022,10141,1042619.3381390685,0.06518273791924308,208.0,208.0,85.0,81.0,39.733333333333334,10.0,2.0,0.0,20.510797751701016,102.81228065664811,21384.954376582806,0.40865384615384615,3.9733333333333336,248.0,4,0.0
BEŞİKTAŞ,MURADİYE,BEŞİKTAŞ|MURADİYE,2022,4667,479824.9138245767,0.029997814601036135,76.0,76.0,26.0,24.0,20.96666666666667,5.0,0.0,0.0,16.284551103492607,102.8122806566481,7813.733329905255,0.34210526315789475,4.193333333333333,176.25,4,0.0
BEŞİKTAŞ,NİSBETİYE,BEŞİKTAŞ|NİSBETİYE,2022,11569,1189435.274916762,0.07436141356747097,116.0,116.0,34.0,34.0,10.483333333333334,4.0,3.0,0.0,10.026795747255598,102.81228065664811,11926.22455617118,0.29310344827586204,2.6208333333333336,155.0,7,0.0
BEŞİKTAŞ,ORTAKÖY,BEŞİKTAŞ|ORTAKÖY,2022,8432,866913.1504968568,0.054197894303821874,218.0,218.0,36.0,36.0,30.31666666666667,6.0,2.0,2.0,25.853889943074,102.8122806566481,22413.077183149286,0.1651376146788991,5.052777777777778,125.4,5,0.0
BEŞİKTAŞ,SİNANPAŞA,BEŞİKTAŞ|SİNANPAŞA,2022,2478,254768.83146717405,0.015927701860160178,81.0,81.0,40.0,40.0,6.6499999999999995,4.0,0.0,0.0,32.68765133171913,102.81228065664813,8327.794733188499,0.49382716049382713,1.6624999999999999,171.75,4,0.0
BEŞİKTAŞ,TÜRKALİ,BEŞİKTAŞ|TÜRKALİ,2022,9996,1027711.5574438546,0.0642507295375953,145.0,145.0,101.0,101.0,10.766666666666666,5.0,2.0,0.0,14.505802320928371,102.81228065664813,14907.780695213978,0.696551724137931,2.1533333333333333,180.14285714285714,7,0.0
BEŞİKTAŞ,ULUS,BEŞİKTAŞ|ULUS,2022,6750,693982.8944323747,0.0433865970767075,87.0,87.0,10.0,10.0,7.633333333333334,3.0,3.0,0.0,12.88888888888889,102.81228065664811,8944.668417128385,0.11494252873563218,2.5444444444444447,118.2,5,0.0
BEŞİKTAŞ,VİŞNEZADE,BEŞİKTAŞ|VİŞNEZADE,2022,5957,612452.7558716527,0.03828947537569579,118.0,118.0,50.0,50.0,20.96666666666667,5.0,4.0,0.0,19.808628504280676,102.8122806566481,12131.849117484475,0.423728813559322,4.193333333333333,140.85714285714286,7,0.0
BEŞİKTAŞ,YILDIZ,BEŞİKTAŞ|YILDIZ,2022,5496,565056.2944889381,0.035326331486456954,267.0,267.0,35.0,34.0,6.616666666666666,4.0,22.0,0.0,48.580786026200876,102.81228065664811,27450.878935325047,0.13108614232209737,1.6541666666666666,193.0,5,0.0
BÜYÜKÇEKMECE,19 MAYIS,BÜYÜKÇEKMECE|19 MAYIS,2022,12900,872795.2711051702,0.05012550805505257,243.0,243.0,63.0,63.0,17.65,5.0,4.0,0.0,18.837209302325583,67.65854814768761,16441.02719988809,0.25925925925925924,3.53,337.8,5,0.0
BÜYÜKÇEKMECE,AHMEDİYE,BÜYÜKÇEKMECE|AHMEDİYE,2022,1154,78077.96456243152,0.0044840958368628425,17.0,17.0,2.0,2.0,14.566666666666666,3.0,0.0,0.0,14.731369150779896,67.65854814768763,1150.1953185106897,0.11764705882352941,4.855555555555555,427.75,4,0.0
BÜYÜKÇEKMECE,ALKENT 2000,BÜYÜKÇEKMECE|ALKENT 2000,2022,6619,447831.93018954434,0.025719437040030463,84.0,84.0,16.0,16.0,37.1,12.0,4.0,0.0,12.690738782293398,67.65854814768761,5683.31804440576,0.19047619047619047,3.091666666666667,248.0,4,0.0
BÜYÜKÇEKMECE,ATATÜRK,BÜYÜKÇEKMECE|ATATÜRK,2022,27272,1845183.9250837367,0.10597076400599952,796.0,796.0,237.0,237.0,145.89291666666668,33.0,0.0,0.0,29.187444998533294,67.65854814768761,53856.20432555934,0.29773869346733667,4.420997474747475,589.0,3,0.0
BÜYÜKÇEKMECE,BAHÇELİEVLER,BÜYÜKÇEKMECE|BAHÇELİEVLER,2022,4153,280985.95045734674,0.016137305035087857,235.0,235.0,42.0,42.0,40.81666666666666,7.0,0.0,1.0,56.58560077052733,67.65854814768764,15899.758814706594,0.17872340425531916,5.830952380952381,344.2,5,0.0
BÜYÜKÇEKMECE,CELALİYE,BÜYÜKÇEKMECE|CELALİYE,2022,6943,469753.2997893951,0.02697840328885504,423.0,423.0,85.0,85.0,72.88333333333333,19.0,4.0,2.0,60.924672331845024,67.65854814768761,28619.56586647186,0.20094562647754138,3.8359649122807014,445.25,3,0.0
BÜYÜKÇEKMECE,CUMHURİYET,BÜYÜKÇEKMECE|CUMHURİYET,2022,8924,603784.8836699643,0.03467597161885962,427.0,427.0,143.0,143.0,61.38333333333333,16.0,9.0,2.0,47.848498431196774,67.65854814768761,28890.20005906261,0.33489461358313816,3.8364583333333333,356.6666666666667,9,0.0
BÜYÜKÇEKMECE,DİZDARİYE,BÜYÜKÇEKMECE|DİZDARİYE,2022,6687,452432.71146358707,0.02598366452435167,203.0,203.0,49.0,49.0,16.516666666666666,4.0,4.0,0.0,30.357409899805592,67.65854814768761,13734.685273980585,0.2413793103448276,4.129166666666666,450.6666666666667,3,0.0
BÜYÜKÇEKMECE,EKİNOBA,BÜYÜKÇEKMECE|EKİNOBA,2022,14379,972862.2638156003,0.05587245583903883,152.0,152.0,113.0,113.0,21.733333333333334,6.0,4.0,0.0,10.57097155574101,67.65854814768763,10284.09931844852,0.743421052631579,3.6222222222222222,286.3333333333333,3,0.0
BÜYÜKÇEKMECE,FATİH,BÜYÜKÇEKMECE|FATİH,2022,19323,1307366.1258577679,0.07508334822851015,796.0,796.0,204.0,204.0,122.85000000000001,25.0,7.0,0.0,41.19443150649485,67.65854814768763,53856.20432555935,0.2562814070351759,4.914000000000001,417.25,4,0.0
BÜYÜKÇEKMECE,GÜZELCE,BÜYÜKÇEKMECE|GÜZELCE,2022,11263,762038.2277874057,0.04376461993984939,373.0,373.0,68.0,68.0,24.93333333333333,7.0,0.0,0.0,33.117286690934925,67.65854814768763,25236.638459087484,0.18230563002680966,3.5619047619047612,254.6,5,0.0
BÜYÜKÇEKMECE,HÜRRİYET,BÜYÜKÇEKMECE|HÜRRİYET,2022,2296,155344.0265470908,0.00892156329413959,589.0,589.0,202.0,202.0,37.53333333333333,11.0,0.0,0.0,256.5331010452961,67.65854814768763,39850.884858988014,0.34295415959252973,3.412121212121212,231.6,5,0.0
BÜYÜKÇEKMECE,KAMİLOBA,BÜYÜKÇEKMECE|KAMİLOBA,2022,8636,584299.2218034302,0.03355689050879333,418.0,418.0,119.0,119.0,49.58333333333333,13.0,0.0,0.0,48.402037980546545,67.65854814768761,28281.27312573342,0.284688995215311,3.814102564102564,236.85714285714286,7,0.0
BÜYÜKÇEKMECE,KARAAĞAÇ,BÜYÜKÇEKMECE|KARAAĞAÇ,2022,4792,324219.76272371906,0.018620266248047437,392.0,392.0,84.0,84.0,14.55,9.0,1.0,6.0,81.80300500834726,67.65854814768761,26522.150873893544,0.21428571428571427,1.6166666666666667,136.5,6,0.0
BÜYÜKÇEKMECE,KUMBURGAZ,BÜYÜKÇEKMECE|KUMBURGAZ,2022,8506,575503.6105442309,0.03305174972994397,367.0,367.0,69.0,69.0,71.5,17.0,2.0,0.0,43.14601457794498,67.65854814768763,24830.68717020136,0.1880108991825613,4.205882352941177,294.6666666666667,3,0.0
BÜYÜKÇEKMECE,MURAT ÇESME,BÜYÜKÇEKMECE|MURAT ÇESME,2022,20410,1380910.9676943042,0.07930710227935062,342.0,342.0,273.5,270.0,29.066666666666666,5.0,0.0,0.0,16.756491915727587,67.65854814768761,23139.223466509164,0.7997076023391813,5.8133333333333335,335.85714285714283,7,0.0
BÜYÜKÇEKMECE,MİMAROBA,BÜYÜKÇEKMECE|MİMAROBA,2022,20089,1359192.5737388965,0.07805979312542256,204.0,204.0,115.0,115.0,22.549999999999997,6.0,6.0,0.0,10.154811090646621,67.65854814768761,13802.343822128272,0.5637254901960784,3.758333333333333,256.75,4,0.0
BÜYÜKÇEKMECE,MİMARSİNAN,BÜYÜKÇEKMECE|MİMARSİNAN,2022,9448,639237.9628993527,0.03671207752745246,313.0,313.0,85.0,85.0,29.366666666666667,9.0,3.0,0.0,33.12870448772227,67.65854814768763,21177.125570226228,0.2715654952076677,3.262962962962963,271.25,4,0.0
BÜYÜKÇEKMECE,PINARTEPE,BÜYÜKÇEKMECE|PINARTEPE,2022,25626,1733817.954832643,0.09957490460610677,544.0,544.0,145.0,145.0,46.666666666666664,13.0,3.0,0.0,21.228439865761334,67.65854814768763,36806.25019234207,0.2665441176470588,3.5897435897435894,593.75,4,0.0
BÜYÜKÇEKMECE,SİNANOBA,BÜYÜKÇEKMECE|SİNANOBA,2022,15961,1079898.086985242,0.062019630547805744,160.0,160.0,53.0,53.0,18.433333333333334,4.0,2.0,0.0,10.024434559238143,67.65854814768763,10825.36770363002,0.33125,4.608333333333333,288.5,2,0.0
BÜYÜKÇEKMECE,TÜRKOBA,BÜYÜKÇEKMECE|TÜRKOBA,2022,6839,462716.81078203564,0.026574290665775546,332.0,332.0,108.0,108.0,37.6,11.0,4.0,0.0,48.54510893405468,67.65854814768763,22462.637985032292,0.3253012048192771,3.4181818181818184,339.3333333333333,6,0.0
BÜYÜKÇEKMECE,ULUS,BÜYÜKÇEKMECE|ULUS,2022,8300,561565.9496258072,0.03225129588038266,388.0,388.0,80.0,80.0,14.266666666666666,3.0,0.0,2.0,46.74698795180723,67.65854814768763,26251.516681302797,0.20618556701030927,4.7555555555555555,315.25,4,0.0
BÜYÜKÇEKMECE,YENİMAHALLE,BÜYÜKÇEKMECE|YENİMAHALLE,2022,2455,166101.73570257312,0.009539389323655355,231.0,231.0,25.0,25.0,40.31666666666666,8.0,0.0,0.0,94.09368635437882,67.65854814768763,15629.124622115842,0.10822510822510822,5.039583333333333,301.0,2,0.0
BÜYÜKÇEKMECE,ÇAKMAKLI,BÜYÜKÇEKMECE|ÇAKMAKLI,2022,4379,296276.7823387241,0.017015472850625987,179.0,179.0,23.0,23.0,14.233333333333334,8.0,0.0,4.0,40.87691253710893,67.65854814768763,12110.880118436085,0.12849162011173185,1.7791666666666668,208.16666666666666,6,0.0
ESENLER,15 TEMMUZ,ESENLER|15 TEMMUZ,2022,24984,1109296.1847803995,0.054600169150379935,11.0,11.0,12.0,12.0,10.666666666666668,2.0,0.0,0.0,0.44028178033941723,44.40026355989431,488.40289915883744,1.0909090909090908,5.333333333333334,385.9642857142857,7,0.0
ESENLER,ATIŞALANI,ESENLER|ATIŞALANI,2022,34468,1530388.2843824371,0.07532655420570347,0.0,0.0,0.0,0.0,0.0,0.0,3.0,0.0,0.0,44.40026355989431,0.0,0.0,0.0,480.3333333333333,6,0.0
ESENLER,BİRLİK,ESENLER|BİRLİK,2022,27593,1225136.4724081638,0.06030189190547684,479.0,479.0,93.0,93.0,35.83333333333333,11.0,2.0,0.0,17.359475229224806,44.40026355989431,21267.726245189377,0.1941544885177453,3.2575757575757573,403.4,5,0.0
ESENLER,DAVUTPAŞA,ESENLER|DAVUTPAŞA,2022,27750,1232107.313787067,0.06064500055727838,164.0,164.0,95.0,95.0,47.266666666666666,13.0,3.0,0.0,5.90990990990991,44.400263559894306,7281.643223822666,0.5792682926829268,3.635897435897436,231.5,6,0.0
ESENLER,FATİH,ESENLER|FATİH,2022,43345,1924529.424003619,0.09472639816775609,772.0,772.0,205.0,205.0,40.016666666666666,15.0,0.0,0.0,17.810589456684742,44.40026355989431,34277.00346823841,0.2655440414507772,2.667777777777778,509.85714285714283,7,0.0
ESENLER,FEVZİ ÇAKMAK,ESENLER|FEVZİ ÇAKMAK,2022,32306,1434394.9145659455,0.07060170767579947,282.0,282.0,68.0,68.0,53.733333333333334,11.0,0.0,0.0,8.72902866340618,44.400263559894306,12520.874323890193,0.24113475177304963,4.884848484848485,345.44444444444446,9,0.0
ESENLER,HAVAALANI,ESENLER|HAVAALANI,2022,30738,1364775.3013040314,0.06717499196863506,442.0,442.0,142.0,142.0,45.416666666666664,15.0,0.0,0.0,14.379595289218557,44.40026355989431,19624.916493473287,0.3212669683257919,3.0277777777777777,362.3333333333333,0,0.0
ESENLER,KAZIM KARABEKİR,ESENLER|KAZIM KARABEKİR,2022,3548,157532.13511050504,0.007753818449629683,705.0,705.0,138.0,138.0,34.46666666666667,15.0,2.0,0.0,198.70349492671926,44.40026355989432,31302.185809725495,0.19574468085106383,2.2977777777777777,516.6,5,0.0
ESENLER,KEMER,ESENLER|KEMER,2022,18742,832149.7396395392,0.0409588684844869,280.0,280.0,37.0,37.0,24.416666666666664,4.0,0.0,0.0,14.93970760857966,44.40026355989431,12432.073796770408,0.13214285714285715,6.104166666666666,257.6666666666667,6,0.0
ESENLER,MENDERES,ESENLER|MENDERES,2022,19576,869179.5594484911,0.04278149660934348,300.0,300.0,100.0,100.0,46.0,12.0,1.0,0.0,15.324887617490806,44.40026355989431,13320.079067968294,0.3333333333333333,3.8333333333333335,446.8333333333333,6,0.0
ESENLER,MİMAR SİNAN,ESENLER|MİMAR SİNAN,2022,13816,613434.0413434998,0.030193561358535428,99.0,99.0,58.0,58.0,49.95,14.0,0.0,0.0,7.165605095541402,44.40026355989431,4395.626092429537,0.5858585858585859,3.567857142857143,274.1666666666667,6,0.0
ESENLER,NAMIK KEMAL,ESENLER|NAMIK KEMAL,2022,19308,857280.2888144394,0.04219580795531283,339.0,339.0,47.0,47.0,45.5,14.0,0.0,0.0,17.557489123679307,44.40026355989431,15051.689346804173,0.13864306784660768,3.25,180.0,5,0.0
ESENLER,NİNE HATUN,ESENLER|NİNE HATUN,2022,41727,1852689.79756371,0.0911904121893173,409.0,409.0,134.0,134.0,54.583333333333336,15.0,4.0,0.0,9.801806983487909,44.40026355989431,18159.707795996776,0.3276283618581907,3.638888888888889,338.5,6,0.0
ESENLER,ORUÇREİS,ESENLER|ORUÇREİS,2022,39531,1755186.8187861822,0.08639126187494674,729.0,729.0,220.0,220.0,40.11666666666667,12.0,3.0,1.0,18.44122334370494,44.40026355989431,32367.792135162956,0.3017832647462277,3.3430555555555554,495.625,12,0.0
ESENLER,TUNA,ESENLER|TUNA,2022,28491,1265007.909084949,0.062264385977564625,750.0,750.0,120.0,120.0,34.05,12.0,10.0,0.0,26.32410234810993,44.40026355989431,33300.19766992074,0.16,2.8375,590.3333333333334,9,0.0
ESENLER,TURGUT REİS,ESENLER|TURGUT REİS,2022,45672,2027848.837307493,0.09981183659286552,633.0,633.0,144.0,144.0,42.83333333333333,14.0,3.0,0.0,13.859695218076721,44.40026355989431,28105.3668334131,0.22748815165876776,3.0595238095238093,493.0,3,0.0
ESENLER,YAVUZ SELİM,ESENLER|YAVUZ SELİM,2022,3734,165790.58413264537,0.00816030385877036,76.0,76.0,34.0,34.0,51.449999999999996,12.0,2.0,0.0,20.353508302088912,44.40026355989431,3374.420030551968,0.4473684210526316,4.2875,272.5,6,0.0
ESENLER,ÇİFTE HAVUZLAR,ESENLER|ÇİFTE HAVUZLAR,2022,2252,99989.393536882,0.004921533018197871,52.0,52.0,17.0,17.0,42.93333333333333,12.0,4.0,0.0,23.090586145648313,44.40026355989431,2308.813705114504,0.3269230769230769,3.5777777777777775,317.25,8,0.0
ESENYURT,AKEVLER,ESENYURT|AKEVLER,2022,12238,655441.9276357603,0.01240500863120187,77.0,75.0,52.0,52.0,40.93333333333334,12.0,2.0,0.0,6.2918777578035625,53.55792838991341,4123.960486023332,0.6753246753246753,3.4111111111111114,160.2,5,0.0
ESENYURT,AKÇABURGAZ,ESENYURT|AKÇABURGAZ,2022,25609,1371564.9881372924,0.025958479002814897,178.0,178.0,179.0,179.0,63.06666666666667,17.0,4.0,38.0,6.950681401069936,53.55792838991341,9533.311253404587,1.0056179775280898,3.7098039215686276,217.14285714285714,7,0.0
ESENYURT,AKŞEMSEDDİN,ESENYURT|AKŞEMSEDDİN,2022,794,42524.995141591244,0.0008048355003410921,116.0,116.0,73.0,73.0,17.05,7.0,0.0,1.0,146.09571788413098,53.55792838991341,6212.719693229955,0.6293103448275862,2.435714285714286,290.6666666666667,6,0.0
ESENYURT,ARDIÇLI,ESENYURT|ARDIÇLI,2022,25329,1356568.7681881166,0.025674657919571187,127.0,126.0,14.0,14.0,49.71666666666667,9.0,0.0,0.0,5.014015555292353,53.55792838991341,6801.856905519003,0.11023622047244094,5.524074074074075,172.125,8,0.0
ESENYURT,ATATÜRK,ESENYURT|ATATÜRK,2022,27249,1459399.9906967503,0.02762085963324234,80.0,80.0,44.0,44.0,23.75,8.0,0.0,2.0,2.935887555506624,53.55792838991341,4284.634271193073,0.55,2.96875,172.57142857142858,7,0.0
ESENYURT,AŞIK VEYSEL,ESENYURT|AŞIK VEYSEL,2022,30517,1634427.3006749873,0.030933457133386785,65.0,65.0,17.0,17.0,35.16666666666667,8.0,10.0,4.0,2.1299603499688695,53.5579283899134,3481.265345344371,0.26153846153846155,4.395833333333334,273.3333333333333,3,0.0
ESENYURT,BALIKYOLU,ESENYURT|BALIKYOLU,2022,27897,1494105.5282934143,0.028277702711606355,170.0,170.0,106.0,106.0,50.35,8.0,1.0,0.0,6.0938452163315056,53.55792838991341,9104.847826285279,0.6235294117647059,6.29375,242.0,5,0.0
ESENYURT,BARBAROS HAYRETTİN PAŞA,ESENYURT|BARBAROS HAYRETTİN PAŞA,2022,2737,146588.050003193,0.002774351088707266,71.0,71.0,63.0,63.0,8.916666666666668,4.0,2.0,0.0,25.940811107051516,53.55792838991341,3802.612915683852,0.8873239436619719,2.229166666666667,76.0,7,0.0
ESENYURT,BATTALGAZİ,ESENYURT|BATTALGAZİ,2022,18096,969184.2721438729,0.018342951151350633,98.0,98.0,99.0,99.0,28.35,8.0,1.0,0.0,5.415561450044208,53.5579283899134,5248.676982211513,1.010204081632653,3.54375,203.83333333333334,6,0.0
ESENYURT,BAĞLARÇEŞME,ESENYURT|BAĞLARÇEŞME,2022,32878,1760877.5696035728,0.03332667705316678,230.0,230.0,140.0,140.0,34.833333333333336,7.0,0.0,0.0,6.995559340592494,53.5579283899134,12318.323529680081,0.6086956521739131,4.976190476190476,140.47727272727272,0,0.0
ESENYURT,CUMHURİYET,ESENYURT|CUMHURİYET,2022,14723,788533.379684695,0.014923920744989798,24.0,24.0,12.0,12.0,13.450000000000001,3.0,1.0,0.0,1.6301025606194388,53.55792838991341,1285.3902813579218,0.5,4.483333333333333,103.42857142857143,7,0.0
ESENYURT,ESENKENT,ESENYURT|ESENKENT,2022,9077,486145.3159952439,0.009200871330725557,72.0,72.0,8.0,8.0,35.16666666666667,8.0,4.0,0.0,7.932136168337557,53.5579283899134,3856.170844073765,0.1111111111111111,4.395833333333334,327.42857142857144,7,0.0
ESENYURT,FATİH,ESENYURT|FATİH,2022,27642,1480448.2565539863,0.028019222796509407,250.0,250.0,93.0,92.0,31.450000000000003,8.0,2.0,0.0,9.044208089139714,53.55792838991341,13389.482097478352,0.372,3.9312500000000004,180.33333333333334,6,0.0
ESENYURT,GÖKEVLER,ESENYURT|GÖKEVLER,2022,13383,716765.7556422112,0.013565634132323472,45.0,45.0,31.0,31.0,11.516666666666667,6.0,2.0,0.0,3.3624747814391394,53.557928389913414,2410.106777546104,0.6888888888888889,1.9194444444444445,154.8,5,0.0
ESENYURT,GÜZELYURT,ESENYURT|GÜZELYURT,2022,17929,960240.0981027574,0.018173672148130277,138.0,135.0,156.0,156.0,56.833333333333336,8.0,3.0,0.0,7.697027162697306,53.5579283899134,7390.994117808049,1.1304347826086956,7.104166666666667,245.35,5,0.0
ESENYURT,HÜRRİYET,ESENYURT|HÜRRİYET,2022,28515,1527204.3280383807,0.02890413638819426,105.0,105.0,75.0,75.0,21.333333333333332,6.0,1.0,0.0,3.682272488164124,53.55792838991341,5623.582480940908,0.7142857142857143,3.5555555555555554,92.57142857142857,7,0.0
ESENYURT,KOZA,ESENYURT|KOZA,2022,11489,615327.0392717151,0.011645787233524947,52.0,52.0,39.0,39.0,47.6,12.0,0.0,0.0,4.526068413264862,53.55792838991341,2785.0122762754972,0.75,3.966666666666667,243.5,6,0.0
ESENYURT,MEHMET AKİF ERSOY,ESENYURT|MEHMET AKİF ERSOY,2022,25816,1382651.4793140045,0.02616830387507007,126.0,126.0,90.0,90.0,51.483333333333334,6.0,0.0,0.0,4.8806941431670285,53.55792838991341,6748.2989771290895,0.7142857142857143,8.580555555555556,128.6,5,0.0
ESENYURT,MEHTERÇEŞME,ESENYURT|MEHTERÇEŞME,2022,33656,1802545.6378909256,0.03411529420589395,149.0,149.0,79.0,79.0,49.96666666666667,5.0,0.0,0.0,4.427145234133587,53.55792838991341,7980.131330097098,0.5302013422818792,9.993333333333334,119.4,5,0.0
ESENYURT,SARIYER MERKEZ,ESENYURT|SARIYER MERKEZ,2022,31672,1696286.7079653374,0.03210421910176709,0.0,0.0,0.0,0.0,0.0,0.0,0.0,0.0,0.0,53.55792838991341,0.0,0.0,0.0,193.0,7,0.0
ESENYURT,MEVLANA,ESENYURT|MEVLANA,2022,20705,1108916.907313157,0.02098755545914649,58.0,58.0,34.0,34.0,8.916666666666668,4.0,6.0,0.0,2.8012557353296303,53.55792838991341,3106.3598466149774,0.5862068965517241,2.229166666666667,236.10714285714286,7,0.0
ESENYURT,NAMIK KEMAL,ESENYURT|NAMIK KEMAL,2022,21373,1144693.6034776194,0.021664671472027913,156.0,154.0,112.0,112.0,8.933333333333334,2.0,0.0,0.0,7.29892855471857,53.557928389913414,8355.036828826493,0.717948717948718,4.466666666666667,303.625,6,0.0
ESENYURT,NECİP FAZIL KISAKÜREK,ESENYURT|NECİP FAZIL KISAKÜREK,2022,20394,1092260.391583894,0.020672311327400796,94.0,94.0,81.0,81.0,17.65,5.0,2.0,0.0,4.6091987839560655,53.5579283899134,5034.44526865186,0.8617021276595744,3.53,128.25,4,0.0
ESENYURT,ORHAN GAZİ,ESENYURT|ORHAN GAZİ,2022,16247,870155.6625509231,0.016468718355216277,269.0,269.0,65.0,65.0,43.06666666666667,10.0,3.0,15.0,16.556902812826984,53.55792838991341,14407.082736886707,0.241635687732342,4.306666666666667,279.5,6,0.0
ESENYURT,OSMANGAZİ,ESENYURT|OSMANGAZİ,2022,31875,1707158.9674284896,0.03230998938711878,237.0,234.0,234.0,234.0,20.4,7.0,2.0,30.0,7.435294117647059,53.5579283899134,12693.229028409476,0.9873417721518988,2.914285714285714,151.83333333333334,6,0.0
ESENYURT,PINAR,ESENYURT|PINAR,2022,36926,1977680.0637259423,0.037429918999490136,346.0,346.0,195.0,195.0,57.6,14.0,0.0,0.0,9.37009153442019,53.5579283899134,18531.043222910037,0.5635838150289018,4.114285714285715,176.42857142857142,7,0.0
ESENYURT,PİRİ REİS,ESENYURT|PİRİ REİS,2022,16143,864585.6379983721,0.016363299095725755,46.0,46.0,35.0,34.0,8.583333333333334,4.0,2.0,0.0,2.8495323050238492,53.55792838991341,2463.6647059360166,0.7608695652173914,2.1458333333333335,92.0,4,0.0
ESENYURT,SAADETDERE,ESENYURT|SAADETDERE,2022,15701,840913.0336500303,0.01591526724289104,120.0,115.0,63.0,63.0,26.7,2.0,1.0,0.0,7.6428252977517355,53.5579283899134,6426.951406789608,0.525,13.35,264.5,4,0.0
ESENYURT,SELAHADDİN EYYUBİ,ESENYURT|SELAHADDİN EYYUBİ,2022,29314,1569997.1128219215,0.029714040122164703,232.0,232.0,273.5,270.0,64.81666666666666,16.0,0.0,2.0,7.914307156989835,53.5579283899134,12425.439386459908,1.1788793103448276,4.051041666666666,174.1,10,0.0
ESENYURT,SULTANİYE,ESENYURT|SULTANİYE,2022,21343,1143086.8656259216,0.0216342620702518,119.0,119.0,68.0,68.0,13.5,3.0,2.0,0.0,5.575598556903903,53.5579283899134,6373.393478399695,0.5714285714285714,4.5,149.75,8,0.0
ESENYURT,SÜLEYMANİYE,ESENYURT|SÜLEYMANİYE,2022,34517,1848659.0142346409,0.03498804403686836,148.0,148.0,103.0,103.0,41.0,8.0,0.0,0.0,4.28774227192398,53.5579283899134,7926.573401707183,0.6959459459459459,5.125,238.6,5,0.0
ESENYURT,TALATPAŞA,ESENYURT|TALATPAŞA,2022,25183,1348749.3106431891,0.02552666549759411,221.0,221.0,84.0,84.0,29.183333333333334,6.0,0.0,0.0,8.775761426359052,53.5579283899134,11836.302174170862,0.38009049773755654,4.863888888888889,192.0,7,0.0
ESENYURT,TURGUT ÖZAL,ESENYURT|TURGUT ÖZAL,2022,21048,1127287.2767508973,0.021335236286120034,156.0,156.0,89.0,89.0,9.95,3.0,3.0,0.0,7.411630558722919,53.5579283899134,8355.03682882649,0.5705128205128205,3.3166666666666664,361.75,5,0.0
ESENYURT,YENİKENT,ESENYURT|YENİKENT,2022,23554,1261503.4452960202,0.023875434981151238,147.0,147.0,51.0,51.0,14.633333333333333,4.0,0.0,0.0,6.240978177804195,53.5579283899134,7873.015473317269,0.3469387755102041,3.658333333333333,98.0,5,0.0
ESENYURT,YEŞİLKENT,ESENYURT|YEŞİLKENT,2022,36175,1937458.0595051174,0.03666867030836147,168.0,168.0,124.0,124.0,72.03333333333333,12.0,4.0,0.0,4.644091223220457,53.5579283899134,8997.73196950545,0.7380952380952381,6.002777777777777,142.9,10,0.0
ESENYURT,YUNUS EMRE,ESENYURT|YUNUS EMRE,2022,16589,888472.4740602734,0.01681538553546395,146.0,146.0,135.0,135.0,14.433333333333334,4.0,0.0,0.0,8.801012719271807,53.5579283899134,7819.457544927356,0.9246575342465754,3.6083333333333334,268.6,5,0.0
ESENYURT,ZAFER,ESENYURT|ZAFER,2022,18220,975825.4552642221,0.01846864334535856,88.0,88.0,29.0,29.0,15.0,4.0,1.0,0.0,4.829857299670691,53.5579283899134,4713.097698312379,0.32954545454545453,3.75,237.63888888888889,9,0.0
ESENYURT,ÇINAR,ESENYURT|ÇINAR,2022,30688,1643585.7064296626,0.031106790723510625,266.0,264.0,144.0,144.0,33.85,8.0,0.0,0.0,8.667883211678832,53.55792838991341,14246.408951716967,0.5413533834586466,4.23125,168.5,4,0.0
ESENYURT,ÖRNEK,ESENYURT|ÖRNEK,2022,25296,1354801.3565512495,0.025641207577617463,96.0,96.0,95.0,95.0,50.28333333333333,15.0,0.0,0.0,3.795066413662239,53.55792838991341,5141.561125431687,0.9895833333333334,3.352222222222222,154.4,5,0.0
ESENYURT,ÜÇEVLER,ESENYURT|ÜÇEVLER,2022,29190,1563355.9297015723,0.029588347928156775,228.0,228.0,106.0,106.0,24.283333333333335,4.0,0.0,0.0,7.810894141829394,53.55792838991341,12211.207672900257,0.4649122807017544,6.070833333333334,153.66666666666666,6,0.0
ESENYURT,İNCİRTEPE,ESENYURT|İNCİRTEPE,2022,28175,1508994.6323858101,0.028559496501398326,260.0,260.0,82.0,82.0,21.5,9.0,0.0,0.0,9.228039041703637,53.55792838991341,13925.061381377485,0.3153846153846154,2.388888888888889,129.25,4,0.0
ESENYURT,İNÖNÜ,ESENYURT|İNÖNÜ,2022,29380,1573531.936095656,0.02978094080607215,167.0,167.0,85.0,85.0,15.983333333333334,6.0,0.0,0.0,5.684138869979578,53.55792838991341,8944.174041115539,0.5089820359281437,2.663888888888889,168.5,6,0.0
ESENYURT,İSTİKLAL,ESENYURT|İSTİKLAL,2022,19522,1045557.8780278894,0.019788411382441813,144.0,144.0,78.0,78.0,15.1,3.0,3.0,0.0,7.376293412560188,53.5579283899134,7712.34168814753,0.5416666666666666,5.033333333333333,118.33333333333333,6,0.0
ESENYURT,ŞEHİTLER,ESENYURT|ŞEHİTLER,2022,1733,92815.88989971993,0.0017566497759333912,96.0,96.0,36.0,35.0,11.95,1.0,0.0,0.0,55.39526832083093,53.55792838991341,5141.561125431687,0.375,11.95,126.0,4,0.0
EYÜPSULTAN,5.LEVENT,EYÜPSULTAN|5.LEVENT,2022,11927,704234.6736002765,0.030757685553145783,111.0,111.0,13.0,13.0,13.7,6.0,3.0,1.0,9.306615242726586,59.04541574581005,6554.041147784915,0.11711711711711711,2.283333333333333,644.1,10,0.0
EYÜPSULTAN,AKPINAR,EYÜPSULTAN|AKPINAR,2022,1123,66308.00188254469,0.0028960242203557238,187.0,187.0,9.0,9.0,9.766666666666666,3.0,0.0,0.0,166.51825467497775,59.045415745810054,11041.49274446648,0.0481283422459893,3.255555555555555,91.66666666666667,6,0.0
EYÜPSULTAN,AKŞEMSETTİN,EYÜPSULTAN|AKŞEMSETTİN,2022,39784,2349062.820031307,0.10259610648497962,877.75,872.75,121.0,121.0,60.35,27.0,1.0,1.0,22.06288960386085,59.045415745810054,51827.11367088478,0.13785246368555967,2.2351851851851854,566.7,5,0.0
EYÜPSULTAN,ALİBEYKÖY,EYÜPSULTAN|ALİBEYKÖY,2022,12821,757021.2752770307,0.033063158084755774,769.0,769.0,86.0,86.0,66.76666666666667,29.0,1.0,1.0,59.97972077061071,59.04541574581005,45405.92470852793,0.11183355006501951,2.3022988505747124,598.0357142857143,7,0.0
EYÜPSULTAN,AĞAÇLI,EYÜPSULTAN|AĞAÇLI,2022,1129,66662.27437701954,0.002911497190366529,88.0,88.0,6.0,6.0,15.183333333333334,7.0,1.0,0.0,77.94508414526129,59.04541574581004,5195.996585631284,0.06818181818181818,2.169047619047619,73.66666666666667,3,0.0
EYÜPSULTAN,DEFTERDAR,EYÜPSULTAN|DEFTERDAR,2022,2572,151864.80929822344,0.006632746477965201,206.0,206.0,38.0,38.0,31.2,12.0,1.0,3.0,80.09331259720062,59.04541574581005,12163.355643636869,0.18446601941747573,2.6,460.0,4,0.0
EYÜPSULTAN,DÜĞMECİLER,EYÜPSULTAN|DÜĞMECİLER,2022,18026,1064352.6642339719,0.04648595956912936,314.0,314.0,43.0,43.0,31.35,16.0,1.0,0.0,17.419283257516923,59.04541574581005,18540.260544184355,0.13694267515923567,1.959375,377.0,4,0.0
EYÜPSULTAN,EMNİYETTEPE,EYÜPSULTAN|EMNİYETTEPE,2022,11072,653750.8431376088,0.02855278732660603,522.0,522.0,54.0,54.0,9.466666666666667,4.0,1.0,0.0,47.145953757225435,59.04541574581005,30821.707019312846,0.10344827586206896,2.3666666666666667,576.4166666666666,6,0.0
EYÜPSULTAN,ESENTEPE,EYÜPSULTAN|ESENTEPE,2022,26903,1588498.8198095278,0.06937821870011579,518.0,518.0,114.0,114.0,15.533333333333333,10.0,1.0,0.0,19.254358250009293,59.045415745810054,30585.525356329606,0.22007722007722008,1.5533333333333332,607.4375,4,0.0
EYÜPSULTAN,GÖKTÜRK MERKEZ,EYÜPSULTAN|GÖKTÜRK MERKEZ,2022,37703,2226189.309864276,0.09722956471956531,461.0,461.0,96.0,96.0,40.7,13.0,1.0,2.0,12.227143728615761,59.04541574581005,27219.93665881843,0.20824295010845986,3.130769230769231,227.0,3,0.0
EYÜPSULTAN,GÜZELTEPE,EYÜPSULTAN|GÜZELTEPE,2022,30974,1828872.7073107203,0.07987662885244717,877.75,872.75,158.0,158.0,36.68333333333334,18.0,6.0,2.0,28.33828372183121,59.04541574581005,51827.11367088477,0.18000569638279693,2.037962962962963,520.4583333333334,6,0.0
EYÜPSULTAN,IŞIKLAR,EYÜPSULTAN|IŞIKLAR,2022,661,39029.01980798044,0.0017046055295237162,69.0,69.0,2.0,2.0,6.466666666666667,2.0,0.0,2.0,104.38729198184569,59.04541574581005,4074.1336864608934,0.028985507246376812,3.2333333333333334,119.0,5,0.0
EYÜPSULTAN,KARADOLAP,EYÜPSULTAN|KARADOLAP,2022,23989,1416440.4783262373,0.061863512931534685,877.75,872.75,175.0,175.0,66.8,30.0,10.0,0.0,36.58968693984743,59.04541574581005,51827.11367088477,0.19937339789233838,2.2266666666666666,688.25,6,0.0
EYÜPSULTAN,SARIYER MERKEZ,EYÜPSULTAN|SARIYER MERKEZ,2022,12012,709253.5339386703,0.030976885961632193,251.0,251.0,57.0,57.0,17.03333333333333,8.0,8.0,0.0,20.895770895770895,59.04541574581005,14820.399352198321,0.22709163346613545,2.1291666666666664,287.0,5,0.0
EYÜPSULTAN,MİMAR SİNAN,EYÜPSULTAN|MİMAR SİNAN,2022,6274,370450.93838921224,0.016179568974632064,247.0,247.0,58.0,58.0,44.266666666666666,21.0,2.0,22.0,39.368823716927004,59.04541574581005,14584.217689215082,0.23481781376518218,2.107936507936508,419.95,5,0.0
EYÜPSULTAN,MİTHATPAŞA,EYÜPSULTAN|MİTHATPAŞA,2022,819,48358.19549581843,0.002112060406474922,521.0,521.0,88.0,88.0,51.03333333333333,24.0,0.0,2.0,636.1416361416361,59.04541574581005,30762.661603567034,0.1689059500959693,2.1263888888888887,278.625,12,0.0
EYÜPSULTAN,NİŞANCI,EYÜPSULTAN|NİŞANCI,2022,1563,92287.9848107011,0.004030708687814778,418.0,418.0,34.0,34.0,34.016666666666666,14.0,0.0,0.0,267.4344209852847,59.04541574581005,24680.9837817486,0.08133971291866028,2.4297619047619046,331.6,5,0.0
EYÜPSULTAN,ODAYERİ,EYÜPSULTAN|ODAYERİ,2022,2100,123995.37306620111,0.005415539503781852,14.0,14.0,17.0,17.0,12.45,5.0,0.0,0.0,6.666666666666667,59.045415745810054,826.6358204413408,1.2142857142857142,2.4899999999999998,213.14285714285714,7,0.0
EYÜPSULTAN,PİRİNÇÇİ,EYÜPSULTAN|PİRİNÇÇİ,2022,3479,205419.00137967317,0.008971743777931935,146.0,146.0,15.0,15.0,13.433333333333334,5.0,2.0,4.0,41.966082207530896,59.045415745810054,8620.630698888268,0.10273972602739725,2.6866666666666665,255.55555555555554,9,0.0
EYÜPSULTAN,RAMİ CUMA,EYÜPSULTAN|RAMİ CUMA,2022,14874,878241.5138031786,0.03835749265678631,203.0,203.0,120.0,120.0,20.75,11.0,6.0,0.0,13.647976334543499,59.04541574581004,11986.219396399438,0.5911330049261084,1.8863636363636365,376.0,4,0.0
EYÜPSULTAN,RAMİ YENİ,EYÜPSULTAN|RAMİ YENİ,2022,14994,885326.9636926758,0.03866695205700242,303.0,303.0,125.0,125.0,37.93333333333333,14.0,4.0,2.0,20.208083233293316,59.04541574581005,17890.760970980446,0.41254125412541254,2.7095238095238092,384.2857142857143,7,0.0
EYÜPSULTAN,SAKARYA,EYÜPSULTAN|SAKARYA,2022,8793,519186.3406529078,0.022675637550835154,402.0,402.0,79.0,79.0,12.966666666666667,8.0,2.0,0.0,45.71818491982259,59.045415745810054,23736.25712981564,0.19651741293532338,1.6208333333333333,419.8333333333333,6,0.0
EYÜPSULTAN,SİLAHTARAĞA,EYÜPSULTAN|SİLAHTARAĞA,2022,10205,602558.4676859915,0.026316943160044664,190.0,190.0,42.0,42.0,10.533333333333333,6.0,0.0,0.0,18.618324350808425,59.04541574581005,11218.628991703908,0.22105263157894736,1.7555555555555555,328.5,4,0.0
EYÜPSULTAN,TOPÇULAR,EYÜPSULTAN|TOPÇULAR,2022,10486,619150.2295105641,0.027041593922217378,416.0,416.0,78.0,78.0,55.71666666666667,20.0,1.0,25.0,39.67194354377265,59.04541574581005,24562.89295025698,0.1875,2.7858333333333336,282.6363636363636,11,0.0
EYÜPSULTAN,YEŞİLPINAR,EYÜPSULTAN|YEŞİLPINAR,2022,38598,2279034.9569567763,0.09953761607951044,706.0,706.0,114.0,114.0,22.366666666666667,10.0,1.0,0.0,18.29110316596715,59.045415745810054,41686.0635165419,0.16147308781869688,2.236666666666667,596.3571428571429,7,0.0
EYÜPSULTAN,ÇIRÇIR,EYÜPSULTAN|ÇIRÇIR,2022,26081,1539963.4880664719,0.06725842180863546,877.75,872.75,150.0,150.0,65.35,28.0,4.0,0.0,33.6547678386565,59.04541574581005,51827.11367088477,0.1708914839077186,2.3339285714285714,658.875,4,0.0
EYÜPSULTAN,ÇİFTALAN,EYÜPSULTAN|ÇİFTALAN,2022,1860,109824.4732872067,0.00479662070334964,20.0,20.0,10.0,10.0,3.833333333333333,2.0,0.0,0.0,10.752688172043012,59.045415745810054,1180.908314916201,0.5,1.9166666666666665,167.5,4,0.0
EYÜPSULTAN,İHSANİYE,EYÜPSULTAN|İHSANİYE,2022,1590,93882.21103583797,0.004100337052863402,27.0,27.0,3.0,3.0,1.85,1.0,0.0,0.0,16.9811320754717,59.04541574581005,1594.2262251368713,0.1111111111111111,1.85,133.75,4,0.0
EYÜPSULTAN,İSLAMBEY,EYÜPSULTAN|İSLAMBEY,2022,15361,906996.631271388,0.039613382055996675,471.0,471.0,77.0,77.0,28.333333333333332,18.0,10.0,0.0,30.662066271727102,59.04541574581004,27810.39081627653,0.16348195329087048,1.574074074074074,320.7142857142857,7,0.0
FATİH,AKSARAY,FATİH|AKSARAY,2022,9278,739185.8395242136,0.026326019289101006,256.0,256.0,80.0,80.0,47.25,11.0,4.0,0.0,27.59215348135374,79.67081693513835,20395.729135395417,0.3125,4.295454545454546,162.0,6,0.0
FATİH,AKŞEMSETTİN,FATİH|AKŞEMSETTİN,2022,19315,1538841.8291021972,0.05480567606908665,335.0,335.0,75.0,75.0,29.45,13.0,3.0,0.0,17.344033134869274,79.67081693513835,26689.723673271346,0.22388059701492538,2.2653846153846153,264.8333333333333,6,0.0
FATİH,ALEMDAR,FATİH|ALEMDAR,2022,21,1673.0871556379052,5.958680804819154e-05,132.0,132.0,18.0,18.0,44.86666666666667,15.0,4.0,0.0,6285.714285714285,79.67081693513835,10516.547835438261,0.13636363636363635,2.991111111111111,93.4,5,0.0
FATİH,ALİ KUŞÇU,FATİH|ALİ KUŞÇU,2022,9842,784120.1802756316,0.027926350705252435,191.0,191.0,117.0,117.0,27.583333333333336,12.0,6.0,0.0,19.406624669782563,79.67081693513835,15217.126034611425,0.612565445026178,2.298611111111111,355.0,7,0.0
FATİH,ATİKALİ,FATİH|ATİKALİ,2022,13632,1086072.576459806,0.03868035082442605,204.0,204.0,71.0,71.0,23.983333333333334,10.0,5.0,0.0,14.964788732394366,79.67081693513835,16252.846654768224,0.3480392156862745,2.3983333333333334,373.0,5,0.0
FATİH,AYVANSARAY,FATİH|AYVANSARAY,2022,16223,1292499.6631387493,0.04603222795075292,556.0,556.0,193.0,193.0,64.2,27.0,7.0,0.0,34.27232940886396,79.67081693513835,44296.97421593692,0.3471223021582734,2.3777777777777778,408.0,3,0.0
FATİH,BALABANAĞA,FATİH|BALABANAĞA,2022,242,19280.337698303476,0.0006866670260791596,70.0,70.0,7.0,7.0,36.86666666666667,10.0,10.0,0.0,289.25619834710744,79.67081693513833,5576.957185459683,0.1,3.6866666666666665,70.5,6,0.0
FATİH,BALAT,FATİH|BALAT,2022,10834,863153.6306752887,0.030741118018767007,568.0,568.0,171.0,171.0,86.61666666666666,33.0,6.0,0.0,52.42754292043566,79.67081693513833,45253.024019158576,0.301056338028169,2.6247474747474744,354.0,5,0.0
FATİH,BEYAZIT,FATİH|BEYAZIT,2022,23,1832.4287895081818,6.52617421480193e-05,76.0,76.0,23.0,23.0,36.86666666666667,10.0,0.0,0.0,3304.3478260869565,79.67081693513833,6054.982087070513,0.3026315789473684,3.6866666666666665,87.14285714285714,7,0.0
FATİH,BİNBİRDİREK,FATİH|BİNBİRDİREK,2022,1359,108272.640214853,0.0038561177208329667,56.0,56.0,25.0,25.0,0.0,0.0,1.0,0.0,41.20676968359088,79.67081693513833,4461.565748367747,0.44642857142857145,0.0,117.5,6,0.0
FATİH,CANKURTARAN,FATİH|CANKURTARAN,2022,215,17129.22564105474,0.0006100554157314848,132.0,132.0,62.0,62.0,5.55,3.0,3.0,0.0,613.953488372093,79.67081693513833,10516.54783543826,0.4696969696969697,1.8499999999999999,77.5,4,0.0
FATİH,CERRAHPAŞA,FATİH|CERRAHPAŞA,2022,5690,453326.9483609371,0.016145187514009993,152.0,152.0,60.0,60.0,53.88333333333333,12.0,6.0,0.0,26.71353251318102,79.67081693513833,12109.964174141027,0.39473684210526316,4.490277777777778,362.4,5,0.0
FATİH,CİBALİ,FATİH|CİBALİ,2022,7383,588209.6414321264,0.0209490192295142,170.0,170.0,92.0,92.0,30.25,8.0,4.0,0.0,23.02587024244887,79.67081693513835,13544.038878973519,0.5411764705882353,3.78125,182.4,5,0.0
FATİH,DEMİRTAŞ,FATİH|DEMİRTAŞ,2022,1880,149781.1358380601,0.0053344380538381,66.0,66.0,24.0,24.0,12.283333333333333,3.0,0.0,0.0,35.10638297872341,79.67081693513835,5258.273917719131,0.36363636363636365,4.094444444444444,69.66666666666667,6,0.0
FATİH,DERVİŞ ALİ,FATİH|DERVİŞ ALİ,2022,17187,1369302.3306642226,0.0487675461868699,450.0,450.0,83.0,83.0,37.33333333333333,18.0,5.0,0.0,26.182579856868564,79.67081693513833,35851.86762081225,0.18444444444444444,2.074074074074074,352.2857142857143,7,0.0
FATİH,EMİN SİNAN,FATİH|EMİN SİNAN,2022,8690,692339.3991663521,0.02465758866375164,70.0,70.0,83.0,83.0,8.366666666666667,1.0,1.0,0.0,8.05523590333717,79.67081693513833,5576.957185459683,1.1857142857142857,8.366666666666667,121.6,5,0.0
FATİH,HACI KADIN,FATİH|HACI KADIN,2022,549,43739.27849739095,0.0015577694104027217,59.0,59.0,5.0,5.0,27.96666666666667,8.0,0.0,0.0,107.46812386156648,79.67081693513835,4700.578199173163,0.0847457627118644,3.4958333333333336,138.2,5,0.0
FATİH,HASEKİ SULTAN,FATİH|HASEKİ SULTAN,2022,8937,712018.0909493313,0.02535844302508037,226.0,226.0,68.0,68.0,54.516666666666666,15.0,1.0,0.0,25.28812800716124,79.67081693513833,18005.604627341265,0.3008849557522124,3.6344444444444446,296.5,6,0.0
FATİH,HIRKA-İ ŞERİF,FATİH|HIRKA-İ ŞERİF,2022,2119,168822.46108555814,0.006012592678767518,321.0,321.0,51.0,51.0,26.6,12.0,6.0,0.0,151.4865502595564,79.67081693513833,25574.332236179405,0.1588785046728972,2.216666666666667,275.8333333333333,6,0.0
FATİH,HOBYAR,FATİH|HOBYAR,2022,60,4780.249016108301,0.00017024802299483297,66.0,66.0,26.0,26.0,2.2333333333333334,1.0,3.0,0.0,1100.0,79.67081693513835,5258.273917719131,0.3939393939393939,2.2333333333333334,87.6,5,0.0
FATİH,HOCA GIYASETTİN,FATİH|HOCA GIYASETTİN,2022,4950,394370.5438289348,0.01404546189707372,44.0,44.0,7.0,7.0,20.816666666666666,4.0,0.0,0.0,8.88888888888889,79.67081693513833,3505.515945146087,0.1590909090909091,5.204166666666667,58.0,5,0.0
FATİH,HOCAPAŞA,FATİH|HOCAPAŞA,2022,127,10118.19375076257,0.00036035831533906315,55.0,55.0,38.0,38.0,13.266666666666667,4.0,1.0,0.0,433.07086614173227,79.67081693513835,4381.894931432609,0.6909090909090909,3.316666666666667,110.0,3,0.0
FATİH,KALENDERHANE,FATİH|KALENDERHANE,2022,147,11711.610089465335,0.00041710765633734076,41.0,41.0,16.0,16.0,18.53333333333333,3.0,11.0,0.0,278.9115646258503,79.67081693513833,3266.5034943406718,0.3902439024390244,6.177777777777777,161.66666666666666,6,0.0
FATİH,KARAGÜMRÜK,FATİH|KARAGÜMRÜK,2022,11096,884027.3847122949,0.03148453438584444,195.0,195.0,54.0,54.0,27.016666666666666,9.0,2.0,0.0,17.57390050468637,79.67081693513833,15535.809302351974,0.27692307692307694,3.0018518518518515,366.75,4,0.0
FATİH,KATİP KASIM,FATİH|KATİP KASIM,2022,1469,117036.43007771822,0.004168239096323494,118.0,118.0,17.0,17.0,12.083333333333334,4.0,0.0,0.0,80.32675289312458,79.67081693513833,9401.156398346324,0.1440677966101695,3.0208333333333335,135.5,4,0.0
FATİH,KEMALPAŞA,FATİH|KEMALPAŞA,2022,235,18722.64197975751,0.0006668047567297625,88.0,88.0,21.0,21.0,31.75,9.0,0.0,0.0,374.46808510638294,79.67081693513835,7011.0318902921745,0.23863636363636365,3.5277777777777777,172.57142857142858,7,0.0
FATİH,KOCA MUSTAFAPAŞA,FATİH|KOCA MUSTAFAPAŞA,2022,19091,1520995.5661087262,0.05417008344990594,683.0,683.0,135.0,135.0,61.5,19.0,11.0,0.0,35.77602011418993,79.67081693513835,54415.16796669949,0.19765739385065886,3.236842105263158,241.0,4,0.0
FATİH,KÜÇÜK AYASOFYA,FATİH|KÜÇÜK AYASOFYA,2022,1452,115682.02618982088,0.004120002156474958,146.0,146.0,18.0,18.0,10.766666666666667,3.0,4.0,0.0,100.55096418732782,79.67081693513835,11631.939272530199,0.1232876712328767,3.588888888888889,78.75,4,0.0
FATİH,MERCAN,FATİH|MERCAN,2022,44,3505.5159451460872,0.00012484855019621085,71.0,71.0,10.0,10.0,10.866666666666667,2.0,0.0,0.0,1613.6363636363635,79.67081693513835,5656.628002394823,0.14084507042253522,5.433333333333334,51.666666666666664,6,0.0
FATİH,MESİHPAŞA,FATİH|MESİHPAŞA,2022,1030,82060.94144319248,0.002922591061411299,77.0,77.0,11.0,11.0,21.8,4.0,0.0,0.0,74.75728155339806,79.67081693513833,6134.652904005652,0.14285714285714285,5.45,153.16666666666666,6,0.0
FATİH,MEVLANAKAPI,FATİH|MEVLANAKAPI,2022,16960,1351217.0552199462,0.04812344116653945,387.0,387.0,160.0,160.0,47.583333333333336,17.0,9.0,0.0,22.818396226415093,79.67081693513833,30832.606153898534,0.4134366925064599,2.7990196078431375,286.2857142857143,7,0.0
FATİH,MOLLA FENARİ,FATİH|MOLLA FENARİ,2022,990,78874.10876578695,0.002809092379414744,158.0,158.0,45.0,45.0,44.8,16.0,4.0,0.0,159.59595959595958,79.67081693513833,12587.989075751857,0.2848101265822785,2.8,74.625,8,0.0
FATİH,MOLLA GÜRANİ,FATİH|MOLLA GÜRANİ,2022,12211,972860.3455949744,0.034648310146498426,282.0,282.0,98.0,98.0,47.11666666666667,18.0,2.0,0.0,23.093931700925395,79.67081693513835,22467.170375709014,0.3475177304964539,2.6175925925925925,311.2,5,0.0
FATİH,MOLLA HÜSREV,FATİH|MOLLA HÜSREV,2022,306,24379.269982152335,0.0008682649172736482,59.0,59.0,10.0,10.0,26.516666666666666,9.0,4.0,0.0,192.81045751633988,79.67081693513835,4700.578199173163,0.1694915254237288,2.946296296296296,117.2,5,0.0
FATİH,MUHSİNE HATUN,FATİH|MUHSİNE HATUN,2022,1588,126517.2572929997,0.004505897675263246,68.0,68.0,45.0,45.0,12.600000000000001,5.0,0.0,0.0,42.821158690176325,79.67081693513835,5417.615551589408,0.6617647058823529,2.5200000000000005,107.25,4,0.0
FATİH,MİMAR HAYRETTİN,FATİH|MİMAR HAYRETTİN,2022,5500,438189.4931432609,0.015606068774526355,126.0,126.0,73.0,73.0,35.13333333333333,5.0,0.0,0.0,22.90909090909091,79.67081693513835,10038.522933827431,0.5793650793650794,7.026666666666666,88.28571428571429,7,0.0
FATİH,MİMAR KEMALETTİN,FATİH|MİMAR KEMALETTİN,2022,1910,152171.26034611423,0.005419562065335517,76.0,76.0,60.0,60.0,21.766666666666666,4.0,0.0,0.0,39.79057591623037,79.67081693513833,6054.982087070513,0.7894736842105263,5.441666666666666,92.0,8,0.0
FATİH,NİŞANCA,FATİH|NİŞANCA,2022,459,36568.9049732285,0.0013023973759104723,133.0,133.0,32.0,32.0,27.35,6.0,0.0,0.0,289.760348583878,79.67081693513835,10596.2186523734,0.24060150375939848,4.558333333333334,77.5,4,0.0
FATİH,RÜSTEMPAŞA,FATİH|RÜSTEMPAŞA,2022,42,3346.1743112758104,0.00011917361609638308,66.0,66.0,25.0,25.0,0.0,0.0,0.0,0.0,1571.4285714285713,79.67081693513835,5258.273917719131,0.3787878787878788,0.0,52.4,5,0.0
FATİH,SARAÇ İSHAK,FATİH|SARAÇ İSHAK,2022,486,38720.01703047723,0.0013790089862581471,48.0,48.0,19.0,19.0,10.683333333333334,3.0,0.0,0.0,98.76543209876543,79.67081693513833,3824.19921288664,0.3958333333333333,3.5611111111111113,100.75,4,0.0
FATİH,SEYYİD ÖMER,FATİH|SEYYİD ÖMER,2022,24445,1947553.119979457,0.06936188203514487,374.0,374.0,61.0,61.0,65.36666666666667,21.0,5.0,0.0,15.299652280629985,79.67081693513835,29796.88553374174,0.16310160427807488,3.112698412698413,288.4,5,0.0
FATİH,SULTAN AHMET,FATİH|SULTAN AHMET,2022,780,62143.23720940791,0.0022132242989328288,67.0,67.0,6.0,6.0,15.983333333333333,1.0,0.0,0.0,85.8974358974359,79.67081693513835,5337.944734654269,0.08955223880597014,15.983333333333333,111.33333333333333,3,0.0
FATİH,SURURİ,FATİH|SURURİ,2022,210,16730.871556379054,0.0005958680804819155,27.0,27.0,4.0,4.0,13.850000000000001,4.0,1.0,0.0,128.57142857142856,79.67081693513835,2151.1120572487353,0.14814814814814814,3.4625000000000004,81.0,5,0.0
FATİH,SÜLEYMANİYE,FATİH|SÜLEYMANİYE,2022,7020,559289.1348846711,0.019919018690395456,65.0,65.0,38.0,38.0,23.283333333333335,6.0,70.0,0.0,9.25925925925926,79.67081693513833,5178.603100783992,0.5846153846153846,3.880555555555556,57.375,8,0.0
FATİH,SÜMBÜL EFENDİ,FATİH|SÜMBÜL EFENDİ,2022,15846,1262463.765154202,0.044962502872935385,168.0,168.0,40.0,40.0,31.633333333333333,9.0,3.0,0.0,10.602044680045438,79.67081693513833,13384.69724510324,0.23809523809523808,3.5148148148148146,381.25,4,0.0
FATİH,SİLİVRİKAPI,FATİH|SİLİVRİKAPI,2022,1554,123808.44951720498,0.004409423795566174,273.0,273.0,104.0,104.0,36.88333333333333,9.0,5.0,0.0,175.67567567567568,79.67081693513833,21750.133023292765,0.38095238095238093,4.098148148148148,312.14285714285717,7,0.0
FATİH,TAHTAKALE,FATİH|TAHTAKALE,2022,19,1513.7455217676286,5.391187394836378e-05,32.0,32.0,14.0,14.0,8.666666666666668,2.0,0.0,0.0,1684.2105263157894,79.67081693513835,2549.466141924427,0.4375,4.333333333333334,67.0,4,0.0
FATİH,TAYA HATUN,FATİH|TAYA HATUN,2022,112,8923.131496735494,0.0003177963095903549,44.0,44.0,6.0,6.0,7.666666666666667,1.0,0.0,0.0,392.85714285714283,79.67081693513833,3505.515945146087,0.13636363636363635,7.666666666666667,83.0,4,0.0
FATİH,TOPKAPI,FATİH|TOPKAPI,2022,10609,845227.6968648827,0.030102687932536384,280.0,280.0,29.0,29.0,45.0,15.0,7.0,0.0,26.39268545574512,79.67081693513835,22307.828741838737,0.10357142857142858,3.0,312.77777777777777,9,0.0
FATİH,YAVUZ SULTAN SELİM,FATİH|YAVUZ SULTAN SELİM,2022,16635,1325324.0397160263,0.047201264375317444,369.0,369.0,178.0,178.0,68.56666666666666,24.0,5.0,0.0,22.18214607754734,79.67081693513833,29398.531449066046,0.4823848238482385,2.8569444444444443,326.5,4,0.0
FATİH,YAVUZ SİNAN,FATİH|YAVUZ SİNAN,2022,2500,199177.04233784587,0.007093667624784707,41.0,41.0,3.0,3.0,7.666666666666667,1.0,0.0,0.0,16.400000000000002,79.67081693513835,3266.503494340672,0.07317073170731707,7.666666666666667,84.75,4,0.0
FATİH,YEDİKULE,FATİH|YEDİKULE,2022,15789,1257922.5285888994,0.0448007672510903,371.0,371.0,58.0,58.0,38.266666666666666,13.0,4.0,1.0,23.4973715878143,79.67081693513835,29557.873082936327,0.15633423180592992,2.9435897435897433,349.6666666666667,3,0.0
FATİH,ZEYREK,FATİH|ZEYREK,2022,10427,830727.6081826874,0.029586268929452056,377.0,377.0,46.0,46.0,37.6,18.0,5.0,0.0,36.15613311594898,79.67081693513833,30035.89798454715,0.1220159151193634,2.088888888888889,161.0,8,0.0
FATİH,İSKENDERPAŞA,FATİH|İSKENDERPAŞA,2022,11578,922428.7184750317,0.032852193503902935,311.0,311.0,79.0,79.0,36.0,12.0,5.0,0.0,26.861288650889616,79.67081693513833,24777.624066828022,0.2540192926045016,3.0,208.11111111111111,9,0.0
FATİH,ŞEHREMİNİ,FATİH|ŞEHREMİNİ,2022,19749,1573418.963652047,0.056037136768749274,404.0,404.0,114.0,114.0,46.61666666666667,17.0,11.0,0.0,20.456731986429695,79.67081693513835,32187.010041795893,0.28217821782178215,2.742156862745098,309.8,5,0.0
FATİH,ŞEHSUVAR BEY,FATİH|ŞEHSUVAR BEY,2022,1582,126039.23239138885,0.0044888728729637626,122.0,122.0,68.0,68.0,12.183333333333334,4.0,1.0,0.0,77.11757269279393,79.67081693513833,9719.839666086877,0.5573770491803278,3.0458333333333334,102.5,4,0.0
GAZİOSMANPAŞA,BARBAROS HAYRETTİN PAŞA,GAZİOSMANPAŞA|BARBAROS HAYRETTİN PAŞA,2022,49879,2268752.940600469,0.10449649820772762,739.0,739.0,86.0,86.0,13.533333333333333,8.0,6.0,8.0,14.815854367569518,45.485132833466366,33613.513163931646,0.11637347767253045,1.6916666666666667,486.35,5,0.0
GAZİOSMANPAŞA,BAĞLARBAŞI,GAZİOSMANPAŞA|BAĞLARBAŞI,2022,28263,1285546.30927226,0.05921098115128622,421.0,421.0,113.0,113.0,22.633333333333333,11.0,2.0,0.0,14.895800162756961,45.485132833466366,19149.24092288934,0.2684085510688836,2.0575757575757576,515.5,6,0.0
GAZİOSMANPAŞA,FEVZİ ÇAKMAK,GAZİOSMANPAŞA|FEVZİ ÇAKMAK,2022,2369,107754.27968248182,0.004963054677401446,345.0,345.0,74.0,74.0,34.13333333333333,11.0,3.0,0.0,145.63106796116503,45.485132833466366,15692.370827545896,0.2144927536231884,3.103030303030303,487.8,5,0.0
GAZİOSMANPAŞA,HÜRRİYET,GAZİOSMANPAŞA|HÜRRİYET,2022,27947,1271173.0072968847,0.058548961194317524,332.0,332.0,139.0,139.0,22.583333333333332,7.0,3.0,0.0,11.879629298314667,45.48513283346637,15101.064100710835,0.4186746987951807,3.226190476190476,472.2,5,0.0
GAZİOSMANPAŞA,KARADENİZ,GAZİOSMANPAŞA|KARADENİZ,2022,73245,3331558.5543872444,0.15344826502586278,877.75,872.75,120.0,120.0,15.066666666666666,9.0,9.0,1.0,11.983753157212096,45.48513283346637,39924.57534457511,0.1367131871261749,1.674074074074074,462.85714285714283,7,0.0
GAZİOSMANPAŞA,KARAYOLLARI,GAZİOSMANPAŞA|KARAYOLLARI,2022,40503,1842284.3351538882,0.08485377948450433,732.0,732.0,110.0,110.0,15.966666666666667,8.0,5.0,0.0,18.072735352936817,45.485132833466366,33295.11723409738,0.15027322404371585,1.9958333333333333,575.3928571428571,7,0.0
GAZİOSMANPAŞA,KARLITEPE,GAZİOSMANPAŞA|KARLITEPE,2022,19407,882729.9728990818,0.04065766235725195,217.0,217.0,84.0,84.0,18.583333333333332,11.0,1.0,0.0,11.181532436749627,45.485132833466366,9870.2738248622,0.3870967741935484,1.6893939393939392,338.3333333333333,6,0.0
GAZİOSMANPAŞA,KAZIM KARABEKİR,GAZİOSMANPAŞA|KAZIM KARABEKİR,2022,44706,2033458.3484529473,0.09365906391216085,817.0,817.0,86.0,86.0,27.633333333333333,8.0,8.0,0.0,18.274951908021293,45.485132833466366,37161.353524942024,0.10526315789473684,3.4541666666666666,514.5,6,0.0
GAZİOSMANPAŞA,SARIYER MERKEZ,GAZİOSMANPAŞA|SARIYER MERKEZ,2022,30922,1406491.277476447,0.06478158578919692,439.0,439.0,72.0,72.0,15.016666666666666,8.0,8.0,1.0,14.197011836233102,45.485132833466366,19967.973313891736,0.16400911161731208,1.8770833333333332,375.0,7,0.0
GAZİOSMANPAŞA,MEVLANA,GAZİOSMANPAŞA|MEVLANA,2022,26500,1205356.0200868587,0.05551749639136273,261.0,261.0,54.0,54.0,14.916666666666668,8.0,5.0,0.0,9.849056603773585,45.485132833466366,11871.61966953472,0.20689655172413793,1.8645833333333335,639.8214285714286,7,0.0
GAZİOSMANPAŞA,PAZARİÇİ,GAZİOSMANPAŞA|PAZARİÇİ,2022,12779,581254.5124788667,0.02677200325981979,139.0,139.0,23.0,23.0,6.866666666666667,4.0,0.0,0.0,10.87722043978402,45.485132833466366,6322.433463851825,0.16546762589928057,1.7166666666666668,288.2,5,0.0
GAZİOSMANPAŞA,SARIGÖL,GAZİOSMANPAŞA|SARIGÖL,2022,25592,1164055.5194740712,0.05361523651500963,539.0,539.0,114.0,114.0,13.016666666666667,8.0,1.0,0.0,21.061269146608318,45.485132833466366,24516.48659723837,0.21150278293135436,1.6270833333333334,398.375,8,0.0
GAZİOSMANPAŞA,SEYMEN MAHALLE,GAZİOSMANPAŞA|SEYMEN MAHALLE,2022,36845,1675899.7192490683,0.07719026998263245,622.0,622.0,92.0,92.0,16.96666666666667,7.0,4.0,0.0,16.881530736870673,45.485132833466366,28291.75262241608,0.14790996784565916,2.423809523809524,640.4583333333334,6,0.0
GAZİOSMANPAŞA,SEYİTNİZAM,GAZİOSMANPAŞA|SEYİTNİZAM,2022,8088,367883.75435707596,0.01694435889861667,249.0,249.0,25.0,25.0,6.616666666666667,5.0,2.0,0.0,30.786350148367955,45.485132833466366,11325.798075533125,0.10040160642570281,1.3233333333333335,379.0,3,0.0
GAZİOSMANPAŞA,YILDIZTABYA,GAZİOSMANPAŞA|YILDIZTABYA,2022,25216,1146953.1095286878,0.05282751656621142,381.0,381.0,70.0,70.0,8.683333333333334,6.0,1.0,0.0,15.10945431472081,45.48513283346636,17329.835609550682,0.1837270341207349,1.4472222222222222,455.96875,8,0.0
GAZİOSMANPAŞA,ŞEMSİPAŞA,GAZİOSMANPAŞA|ŞEMSİPAŞA,2022,25066,1140130.3396036678,0.05251326658663767,247.0,247.0,75.0,75.0,27.866666666666667,8.0,1.0,0.0,9.85398547833719,45.48513283346636,11234.82780986619,0.30364372469635625,3.4833333333333334,386.5,6,0.0
GÜNGÖREN,ABDURRAHMAN NAFİZ GÜRMAN,GÜNGÖREN|ABDURRAHMAN NAFİZ GÜRMAN,2022,22031,1187920.3517641162,0.08303651857966131,180.0,180.0,36.0,36.0,49.78333333333333,12.0,2.0,0.0,8.17030547864373,53.920400878948584,9705.672158210746,0.2,4.148611111111111,341.1666666666667,6,0.0
GÜNGÖREN,AKINCILAR,GÜNGÖREN|AKINCILAR,2022,26500,1428890.6232921374,0.09988052028328377,145.0,145.0,61.0,60.0,6.8,3.0,0.0,0.0,5.471698113207547,53.920400878948584,7818.458127447545,0.4206896551724138,2.2666666666666666,256.0,4,0.0
GÜNGÖREN,GENÇOSMAN,GÜNGÖREN|GENÇOSMAN,2022,38500,2075935.4338395204,0.14510943512854435,414.0,414.0,161.0,157.0,66.81666666666666,18.0,10.0,0.0,10.753246753246753,53.920400878948584,22323.045963884713,0.3888888888888889,3.712037037037037,326.3,10,0.0
GÜNGÖREN,GÜNEŞTEPE,GÜNGÖREN|GÜNEŞTEPE,2022,24800,1337225.9417979247,0.09347309068020519,480.0,480.0,73.0,68.0,10.25,5.0,4.0,0.0,19.35483870967742,53.92040087894858,25881.792421895316,0.15208333333333332,2.05,345.75,4,0.0
GÜNGÖREN,GÜVEN,GÜNGÖREN|GÜVEN,2022,16218,874481.0614547881,0.06112687841336967,169.0,169.0,78.0,78.0,21.783333333333335,8.0,0.0,0.0,10.42052040942163,53.920400878948584,9112.54774854231,0.46153846153846156,2.722916666666667,310.2,5,0.0
GÜNGÖREN,HAZNEDAR,GÜNGÖREN|HAZNEDAR,2022,22400,1207816.9796884481,0.08442730771115307,153.0,153.0,183.0,183.0,19.983333333333334,7.0,3.0,0.0,6.830357142857143,53.92040087894858,8249.821334479133,1.196078431372549,2.854761904761905,327.1666666666667,6,0.0
GÜNGÖREN,MAREŞAL ÇAKMAK,GÜNGÖREN|MAREŞAL ÇAKMAK,2022,32100,1730844.8682142494,0.12098734721107204,287.0,287.0,160.0,150.0,28.0,9.0,1.0,0.0,8.940809968847352,53.92040087894858,15475.155052258242,0.5574912891986062,3.111111111111111,358.57142857142856,7,0.0
GÜNGÖREN,MEHMET NESİH ÖZMEN,GÜNGÖREN|MEHMET NESİH ÖZMEN,2022,9076,489381.5583773373,0.034208135927965413,371.0,371.0,163.0,163.0,39.11666666666667,12.0,3.0,0.0,40.87703834288232,53.92040087894858,20004.468726089923,0.4393530997304582,3.2597222222222224,267.8,5,0.0
GÜNGÖREN,SARIYER MERKEZ,GÜNGÖREN|SARIYER MERKEZ,2022,44366,2392232.5053954325,0.16721883633540255,415.0,415.0,273.5,270.0,45.833333333333336,16.0,7.0,0.0,9.354009827345266,53.92040087894858,22376.96636476366,0.6590361445783133,2.8645833333333335,304.14285714285717,7,0.0
GÜNGÖREN,SANAYİ,GÜNGÖREN|SANAYİ,2022,12585,678588.2450615679,0.04743382444396703,373.0,373.0,114.0,114.0,52.63333333333333,17.0,1.0,1.0,29.63845848232022,53.92040087894858,20112.309527847818,0.30563002680965146,3.096078431372549,314.3333333333333,6,0.0
GÜNGÖREN,TOZKOPARAN,GÜNGÖREN|TOZKOPARAN,2022,16741,902681.4311144783,0.06309810528537561,269.0,269.0,56.0,56.0,69.0,14.0,7.0,1.0,16.06833522489696,53.920400878948584,14504.58783643717,0.20817843866171004,4.928571428571429,213.75,4,0.0
KADIKÖY,19 MAYIS,KADIKÖY|19 MAYIS,2022,32752,2255734.9329913436,0.07292223290940829,424.0,424.0,82.0,82.0,53.86666666666667,13.0,9.0,0.0,12.945774303859306,68.87319653735172,29202.235331837128,0.19339622641509435,4.143589743589744,651.75,6,0.0
KADIKÖY,ACIBADEM,KADIKÖY|ACIBADEM,2022,29563,2036098.3092337288,0.0658219336681985,600.0,600.0,85.0,85.0,37.11666666666667,13.0,10.0,3.0,20.295639820045327,68.87319653735172,41323.91792241103,0.14166666666666666,2.855128205128205,458.75,5,0.0
KADIKÖY,BOSTANCI,KADIKÖY|BOSTANCI,2022,34500,2376125.2805386344,0.07681414983434862,877.75,872.75,132.0,132.0,102.26666666666667,29.0,10.0,1.0,25.442028985507246,68.87319653735172,60453.44826066047,0.15038450583879237,3.5264367816091955,506.75,5,0.0
KADIKÖY,CADDEBOSTAN,KADIKÖY|CADDEBOSTAN,2022,21058,1450331.7726835525,0.046885575861209075,515.0,515.0,66.0,66.0,29.383333333333333,8.0,8.0,0.0,24.45626365276854,68.87319653735172,35469.696216736134,0.12815533980582525,3.6729166666666666,576.75,4,0.0
KADIKÖY,CAFERAĞA,KADIKÖY|CAFERAĞA,2022,22347,1539109.3230201988,0.049755530618788076,877.75,872.75,127.0,127.0,80.38333333333333,21.0,15.0,0.0,39.27820289076834,68.87319653735172,60453.44826066047,0.14468812304186843,3.8277777777777775,404.0,2,0.0
KADIKÖY,DUMLUPINAR,KADIKÖY|DUMLUPINAR,2022,10185,701473.5067329272,0.0226768729293577,274.0,274.0,52.0,52.0,53.95,11.0,4.0,0.0,26.90230731467845,68.87319653735172,18871.25585123437,0.1897810218978102,4.904545454545455,686.4583333333334,6,0.0
KADIKÖY,ERENKÖY,KADIKÖY|ERENKÖY,2022,35200,2424336.5181147805,0.07837269780200207,439.0,439.0,119.0,119.0,25.5,7.0,7.0,0.0,12.47159090909091,68.87319653735172,30235.333279897404,0.27107061503416857,3.642857142857143,610.6666666666666,6,0.0
KADIKÖY,EĞİTİM,KADIKÖY|EĞİTİM,2022,14204,978274.8836165438,0.031625164760785154,603.0,603.0,37.0,37.0,11.883333333333333,3.0,3.0,0.0,42.45283018867924,68.87319653735172,41530.53751202308,0.06135986733001658,3.961111111111111,583.9583333333334,6,0.0
KADIKÖY,FENERBAHÇE,KADIKÖY|FENERBAHÇE,2022,21405,1474230.7718820134,0.04765817035374586,615.0,615.0,54.0,54.0,37.45,9.0,3.0,0.0,28.731604765241766,68.87319653735172,42357.0158704713,0.08780487804878048,4.161111111111111,511.0,4,0.0
KADIKÖY,FENERYOLU,KADIKÖY|FENERYOLU,2022,26542,1828032.382494389,0.05909568593922553,683.0,683.0,65.0,65.0,23.21666666666667,6.0,3.0,0.0,25.732800843945444,68.8731965373517,47040.393235011215,0.0951683748169839,3.869444444444445,586.4,5,0.0
KADIKÖY,FİKİRTEPE,KADIKÖY|FİKİRTEPE,2022,1239,85333.89050977878,0.002758629902746607,619.0,619.0,38.0,38.0,54.95,13.0,0.0,0.0,499.5964487489911,68.87319653735172,42632.50865662071,0.061389337641357025,4.226923076923077,584.9166666666666,3,0.0
KADIKÖY,GÖZTEPE,KADIKÖY|GÖZTEPE,2022,41200,2837575.6973388907,0.09173168038188878,664.0,664.0,92.0,92.0,22.566666666666666,7.0,16.0,0.0,16.116504854368934,68.87319653735172,45731.80250080154,0.13855421686746988,3.223809523809524,624.0,5,0.0
KADIKÖY,HASANPAŞA,KADIKÖY|HASANPAŞA,2022,16564,1140815.6274446938,0.036879697908873924,877.75,872.75,72.0,72.0,28.666666666666664,11.0,11.0,0.0,52.99142719149964,68.87319653735172,60453.44826066047,0.08202791227570493,2.606060606060606,494.44444444444446,9,0.0
KADIKÖY,KOZYATAĞI,KADIKÖY|KOZYATAĞI,2022,38500,2651618.0666880407,0.08572013822093975,523.0,523.0,81.0,81.0,59.43333333333334,17.0,4.0,0.0,13.584415584415584,68.8731965373517,36020.68178903494,0.15487571701720843,3.496078431372549,692.125,4,0.0
KADIKÖY,KOŞUYOLU,KADIKÖY|KOŞUYOLU,2022,6912,476051.5344661751,0.015389547932029497,384.0,384.0,27.0,27.0,12.383333333333333,4.0,4.0,0.0,55.55555555555555,68.87319653735172,26447.30747034306,0.0703125,3.095833333333333,381.8,5,0.0
KADIKÖY,MERDİVENKÖY,KADIKÖY|MERDİVENKÖY,2022,32395,2231147.201827509,0.07212737344590503,868.0,868.0,138.0,138.0,73.35,16.0,9.0,0.0,26.794258373205743,68.87319653735172,59781.93459442129,0.15898617511520738,4.584375,622.4166666666666,9,0.0
KADIKÖY,OSMANAĞA,KADIKÖY|OSMANAĞA,2022,8652,595890.896441167,0.019263652880196644,626.0,626.0,63.0,63.0,80.01666666666667,23.0,5.0,0.0,72.35321312991216,68.8731965373517,43114.621032382165,0.10063897763578275,3.4789855072463767,583.125,4,0.0
KADIKÖY,RASİMPAŞA,KADIKÖY|RASİMPAŞA,2022,13369,920765.764507855,0.02976603968508425,395.0,395.0,115.0,115.0,33.083333333333336,10.0,3.0,1.0,29.545964544842548,68.87319653735172,27204.912632253927,0.2911392405063291,3.3083333333333336,555.95,5,0.0
KADIKÖY,SAHRAYICEDİT,KADIKÖY|SAHRAYICEDİT,2022,31423,2164202.454793203,0.06996321826796338,604.0,604.0,96.0,96.0,42.71666666666667,12.0,6.0,0.0,19.221589281736307,68.87319653735172,41599.410708560434,0.15894039735099338,3.5597222222222222,685.9166666666666,6,0.0
KADIKÖY,SUADİYE,KADIKÖY|SUADİYE,2022,2712,186784.10900929786,0.0060382601261087954,589.0,589.0,77.0,77.0,36.233333333333334,10.0,7.0,0.0,217.18289085545723,68.87319653735172,40566.312760500165,0.1307300509337861,3.6233333333333335,555.75,5,0.0
KADIKÖY,ZÜHTÜPAŞA,KADIKÖY|ZÜHTÜPAŞA,2022,8414,579499.0756652774,0.018733746571194473,182.0,182.0,36.0,36.0,34.583333333333336,8.0,3.0,0.0,21.630615640599004,68.87319653735173,12534.921769798015,0.1978021978021978,4.322916666666667,713.75,6,0.0
KARTAL,ATALAR,KARTAL|ATALAR,2022,30500,1900632.4743005557,0.07396395893909008,116.0,116.0,49.0,49.0,5.133333333333333,2.0,7.0,0.0,3.80327868852459,62.315818829526414,7228.634984225064,0.4224137931034483,2.5666666666666664,184.8,5,0.0
KARTAL,CEVİZLİ,KARTAL|CEVİZLİ,2022,26485,1650434.461700007,0.06422739188530494,176.0,176.0,19.0,19.0,7.183333333333334,3.0,7.0,1.0,6.645270908061167,62.315818829526414,10967.584113996649,0.10795454545454546,2.3944444444444444,233.0,6,0.0
KARTAL,CUMHURİYET,KARTAL|CUMHURİYET,2022,23539,1466852.0594282222,0.05708320096613906,257.0,257.0,78.0,78.0,40.18333333333334,15.0,6.0,3.0,10.91805089426059,62.315818829526414,16015.165439188288,0.3035019455252918,2.6788888888888893,211.42857142857142,7,0.0
KARTAL,ESENTEPE,KARTAL|ESENTEPE,2022,30476,1899136.894648647,0.07390575779107243,134.0,134.0,48.0,48.0,8.133333333333333,3.0,15.0,19.0,4.396902480640504,62.315818829526414,8350.31972315654,0.3582089552238806,2.711111111111111,199.9,10,0.0
KARTAL,GÜMÜŞPINAR,KARTAL|GÜMÜŞPINAR,2022,2665,166071.65718068788,0.0064627524777926245,306.0,297.0,48.0,48.0,37.016666666666666,11.0,3.0,0.0,114.82176360225141,62.31581882952641,19068.64056183508,0.1568627450980392,3.3651515151515152,213.0,6,0.0
KARTAL,HÜRRİYET,KARTAL|HÜRRİYET,2022,50833,3167700.018561316,0.12327245654920543,512.0,512.0,172.0,172.0,72.53333333333333,25.0,8.0,1.0,10.072197194735702,62.315818829526414,31905.699240717524,0.3359375,2.901333333333333,286.8333333333333,6,0.0
KARTAL,KARLIKTEPE,KARTAL|KARLIKTEPE,2022,34324,2138928.1655046646,0.08323734185656811,218.0,218.0,60.0,60.0,7.833333333333333,2.0,4.0,1.0,6.351241114089267,62.315818829526414,13584.848504836758,0.27522935779816515,3.9166666666666665,129.8,5,0.0
KARTAL,KORDONBOYU,KARTAL|KORDONBOYU,2022,13439,837462.2892500055,0.03259021784204694,156.0,156.0,59.0,59.0,16.183333333333334,4.0,0.0,0.0,11.608006548106257,62.315818829526414,9721.26773740612,0.3782051282051282,4.045833333333333,172.11111111111111,9,0.0
KARTAL,ORHANTEPE,KARTAL|ORHANTEPE,2022,26500,1651369.19898245,0.06426376760281596,347.0,347.0,56.0,56.0,9.016666666666667,3.0,5.0,0.0,13.09433962264151,62.315818829526414,21623.589133845664,0.16138328530259366,3.005555555555556,183.6,5,0.0
KARTAL,ORTA,KARTAL|ORTA,2022,1866,116281.3179358963,0.004525139258371872,255.0,255.0,46.0,46.0,13.0,8.0,2.0,0.0,136.65594855305466,62.31581882952642,15890.533801529238,0.1803921568627451,1.625,242.5,6,0.0
KARTAL,PETROL İŞ,KARTAL|PETROL İŞ,2022,28400,1769769.25475855,0.06887135848754616,111.0,111.0,33.0,33.0,4.116666666666666,1.0,9.0,0.0,3.9084507042253525,62.315818829526414,6917.055890077432,0.2972972972972973,4.116666666666666,138.2,5,0.0
KARTAL,SOĞANLIK YENİ,KARTAL|SOĞANLIK YENİ,2022,29024,1808654.3257081746,0.07038458833600493,431.0,431.0,90.0,90.0,37.949999999999996,15.0,5.0,0.0,14.849779492833518,62.315818829526414,26858.117915525883,0.2088167053364269,2.53,180.4,5,0.0
KARTAL,TOPSELVİ,KARTAL|TOPSELVİ,2022,1289,80325.09047125955,0.0031258866581143313,120.0,120.0,33.0,33.0,15.0,5.0,3.0,3.0,93.09542280837859,62.315818829526414,7477.89825954317,0.275,3.0,182.5,6,0.0
KARTAL,UĞUR MUMCU,KARTAL|UĞUR MUMCU,2022,42100,2623495.9727230617,0.10209451381428498,178.0,178.0,104.0,104.0,51.5,17.0,6.0,0.0,4.228028503562945,62.31581882952641,11092.2157516557,0.5842696629213483,3.0294117647058822,183.75,4,0.0
KARTAL,YAKACIK YENİ,KARTAL|YAKACIK YENİ,2022,1906,118773.95068907733,0.004622141171734612,176.0,174.0,61.0,61.0,34.333333333333336,13.0,2.0,0.0,92.33997901364113,62.31581882952641,10967.584113996647,0.3465909090909091,2.6410256410256414,200.8181818181818,11,0.0
KARTAL,YAKACIK ÇARŞI,KARTAL|YAKACIK ÇARŞI,2022,17825,1110779.4706363082,0.04322647764227149,207.0,207.0,79.0,79.0,35.733333333333334,12.0,6.0,1.0,11.612903225806452,62.31581882952641,12899.374497711966,0.38164251207729466,2.977777777777778,351.2857142857143,7,0.0
KARTAL,YALI,KARTAL|YALI,2022,12945,806678.2747482194,0.031392244212017084,134.0,134.0,24.0,24.0,5.633333333333333,4.0,0.0,1.0,10.351487060641174,62.315818829526414,8350.31972315654,0.1791044776119403,1.4083333333333332,149.0,5,0.0
KARTAL,YUKARI,KARTAL|YUKARI,2022,7626,475220.43439396843,0.018493414782606587,67.0,67.0,8.0,8.0,4.116666666666666,1.0,1.0,0.0,8.785733018620508,62.315818829526414,4175.15986157827,0.11940298507462686,4.116666666666666,161.66666666666666,3,0.0
KARTAL,YUNUS,KARTAL|YUNUS,2022,15496,965645.9285823413,0.037578541236725896,134.0,134.0,35.0,35.0,15.0,5.0,5.0,3.0,8.647392875580795,62.315818829526414,8350.31972315654,0.26119402985074625,3.0,157.14285714285714,7,0.0
KARTAL,ÇAVUŞOĞLU,KARTAL|ÇAVUŞOĞLU,2022,15125,942526.759796587,0.03667884849028647,181.0,181.0,66.0,66.0,9.233333333333333,4.0,5.0,7.0,11.96694214876033,62.315818829526414,11279.16320814428,0.36464088397790057,2.308333333333333,152.4,5,0.0
KAĞITHANE,EMNİYET EVLERİ,KAĞITHANE|EMNİYET EVLERİ,2022,8569,499288.77317626216,0.02156499067589095,135.0,135.0,86.0,86.0,26.200000000000003,9.0,0.0,0.0,15.754463764733343,58.26686581587842,7866.026885143587,0.6370370370370371,2.9111111111111114,387.7763157894737,0,0.0
KAĞITHANE,GÜLTEPE,KAĞITHANE|GÜLTEPE,2022,14542,847316.7626945039,0.03659681344483676,200.0,200.0,164.0,164.0,34.9,10.0,1.0,0.0,13.753266400770183,58.26686581587841,11653.373163175682,0.82,3.4899999999999998,408.0,6,0.0
KAĞITHANE,GÜRSEL,KAĞITHANE|GÜRSEL,2022,28400,1654778.989170947,0.07147225291111016,611.0,611.0,154.0,154.0,60.083333333333336,16.0,4.0,0.0,21.514084507042256,58.26686581587842,35601.05501350171,0.2520458265139116,3.7552083333333335,483.55,5,0.0
KAĞITHANE,HAMİDİYE,KAĞITHANE|HAMİDİYE,2022,4056,236330.4077492029,0.010207445697445874,501.0,501.0,149.0,149.0,62.93333333333334,24.0,14.0,0.0,123.5207100591716,58.266865815878425,29191.699773755092,0.29740518962075846,2.6222222222222222,495.65625,8,0.0
KAĞITHANE,HARMANTEPE,KAĞITHANE|HARMANTEPE,2022,22101,1287756.001396729,0.055620009210860764,293.0,293.0,168.0,168.0,28.733333333333334,10.0,2.0,0.0,13.257318673363196,58.26686581587842,17072.191684052377,0.5733788395904437,2.8733333333333335,410.125,8,0.0
KAĞITHANE,HÜRRİYET,KAĞITHANE|HÜRRİYET,2022,20981,1222497.111682945,0.052801385152394444,364.0,364.0,217.0,217.0,36.416666666666664,13.0,4.0,0.0,17.34903007482961,58.26686581587841,21209.13915697974,0.5961538461538461,2.801282051282051,401.0,5,0.0
KAĞITHANE,MEHMET AKİF ERSOY,KAĞITHANE|MEHMET AKİF ERSOY,2022,12741,742378.1373601068,0.032064365293677975,243.0,243.0,134.0,134.0,42.13333333333333,15.0,1.0,0.0,19.072286319755122,58.26686581587841,14158.848393258453,0.551440329218107,2.8088888888888888,512.3928571428571,7,0.0
KAĞITHANE,SARIYER MERKEZ,KAĞITHANE|SARIYER MERKEZ,2022,32100,1870366.3926896972,0.08078377881854353,877.75,872.75,163.0,163.0,55.333333333333336,22.0,24.0,0.0,27.34423676012461,58.26686581587842,51143.74146988728,0.18570207917972087,2.515151515151515,514.075,10,0.0
KAĞITHANE,NURTEPE,KAĞITHANE|NURTEPE,2022,27121,1580255.6677924385,0.06825348490148657,342.0,342.0,155.0,155.0,33.766666666666666,13.0,4.0,0.0,12.610154492828435,58.26686581587842,19927.268109030418,0.45321637426900585,2.5974358974358975,759.1666666666666,3,0.0
KAĞITHANE,ORTABAYIR,KAĞITHANE|ORTABAYIR,2022,22715,1323531.8570076781,0.05716521918576997,251.0,251.0,169.0,169.0,43.21666666666667,14.0,2.0,0.0,11.049966982170373,58.26686581587841,14624.98331978548,0.6733067729083665,3.086904761904762,335.25,4,0.0
KAĞITHANE,SEYRANTEPE,KAĞITHANE|SEYRANTEPE,2022,23885,1391704.0900122558,0.06010967467541782,452.0,452.0,105.0,105.0,41.88333333333333,16.0,5.0,0.0,18.924010885492986,58.26686581587841,26336.62334877704,0.2323008849557522,2.6177083333333333,336.5,6,0.0
KAĞITHANE,SULTAN SELİM,KAĞITHANE|SULTAN SELİM,2022,36582,2131518.485276464,0.09206330830965605,381.0,381.0,273.5,270.0,47.7,17.0,3.0,0.0,10.414958176152206,58.266865815878404,22199.675875849673,0.7178477690288714,2.8058823529411767,340.3333333333333,6,0.0
KAĞITHANE,TALATPAŞA,KAĞITHANE|TALATPAŞA,2022,30500,1777139.4073842918,0.07675717302073451,597.0,597.0,148.0,148.0,46.13333333333333,15.0,4.0,0.0,19.57377049180328,58.26686581587842,34785.31889207941,0.24790619765494137,3.0755555555555554,370.2916666666667,6,0.0
KAĞITHANE,TELSİZLER,KAĞITHANE|TELSİZLER,2022,11798,687432.4828957336,0.029691184501594286,165.0,165.0,109.0,109.0,23.6,8.0,2.0,0.0,13.985421257840311,58.26686581587842,9614.03285961994,0.6606060606060606,2.95,355.5,4,0.0
KAĞITHANE,YAHYA KEMAL,KAĞITHANE|YAHYA KEMAL,2022,1604,93460.05276866897,0.004036672312303546,327.0,327.0,71.0,71.0,18.366666666666667,7.0,2.0,0.0,203.8653366583541,58.26686581587841,19053.26512179224,0.21712538226299694,2.623809523809524,509.9583333333333,6,0.0
KAĞITHANE,YEŞİLCE,KAĞITHANE|YEŞİLCE,2022,12252,713885.6399761423,0.030833733896722594,215.0,215.0,98.0,98.0,28.383333333333333,9.0,1.0,1.0,17.548155403199477,58.26686581587841,12527.376150413858,0.4558139534883721,3.1537037037037035,308.25,4,0.0
KAĞITHANE,ÇAĞLAYAN,KAĞITHANE|ÇAĞLAYAN,2022,31895,1858421.685197442,0.08026786995069925,536.0,536.0,179.0,179.0,25.31666666666667,7.0,2.0,0.0,16.805141871766736,58.26686581587842,31231.040077310834,0.333955223880597,3.616666666666667,473.7916666666667,6,0.0
KAĞITHANE,ÇELİKTEPE,KAĞITHANE|ÇELİKTEPE,2022,32812,1911852.4011506026,0.08257561839856854,477.0,477.0,273.5,270.0,29.616666666666667,11.0,1.0,0.0,14.537364378885774,58.26686581587842,27793.294994174004,0.5733752620545073,2.6924242424242424,249.16666666666666,6,0.0
KAĞITHANE,ŞİRİNTEPE,KAĞITHANE|ŞİRİNTEPE,2022,22703,1322832.6546178877,0.05713501964228641,400.0,400.0,90.0,90.0,32.45,13.0,0.0,0.0,17.618816896445402,58.26686581587842,23306.746326351367,0.225,2.496153846153846,363.25,4,0.0
KÜÇÜKÇEKMECE,ATAKENT,KÜÇÜKÇEKMECE|ATAKENT,2022,105200,5380618.261467419,0.13855997724033833,446.0,446.0,151.0,151.0,145.89291666666668,34.0,58.0,0.0,4.239543726235742,51.146561420792956,22811.36639367366,0.33856502242152464,4.290968137254902,595.25,6,0.0
KÜÇÜKÇEKMECE,ATATÜRK,KÜÇÜKÇEKMECE|ATATÜRK,2022,43869,2243748.502968766,0.057780300775250974,877.75,872.75,197.0,197.0,35.916666666666664,14.0,2.0,2.0,20.00843420182817,51.14656142079295,44893.89428710101,0.22443748219880377,2.5654761904761902,691.75,6,0.0
KÜÇÜKÇEKMECE,BEŞYOL,KÜÇÜKÇEKMECE|BEŞYOL,2022,3612,184741.37985190414,0.004757401499924925,104.0,104.0,134.0,134.0,24.983333333333334,7.0,7.0,0.0,28.792912513842747,51.14656142079295,5319.242387762467,1.2884615384615385,3.5690476190476192,275.0,3,0.0
KÜÇÜKÇEKMECE,CENNET,KÜÇÜKÇEKMECE|CENNET,2022,30331,1551326.354454071,0.039949264920881196,410.0,401.0,97.0,97.0,19.5,5.0,8.0,0.0,13.51752332597013,51.14656142079295,20970.09018252511,0.23658536585365852,3.9,253.2,5,0.0
KÜÇÜKÇEKMECE,CUMHURİYET,KÜÇÜKÇEKMECE|CUMHURİYET,2022,55008,2813470.050634979,0.07245158962011912,575.0,575.0,273.5,270.0,26.166666666666668,7.0,5.0,0.0,10.45302501454334,51.146561420792956,29409.27281695595,0.4756521739130435,3.738095238095238,403.1875,4,0.0
KÜÇÜKÇEKMECE,FATİH,KÜÇÜKÇEKMECE|FATİH,2022,11859,606547.0718891836,0.015619608080733578,278.0,278.0,49.0,49.0,30.133333333333333,8.0,1.0,0.0,23.442111476515727,51.14656142079295,14218.74407498044,0.17625899280575538,3.7666666666666666,468.5357142857143,7,0.0
KÜÇÜKÇEKMECE,FEVZİ ÇAKMAK,KÜÇÜKÇEKMECE|FEVZİ ÇAKMAK,2022,26954,1378604.4165360534,0.035501384282662356,269.0,269.0,99.0,99.0,23.21666666666667,7.0,1.0,1.0,9.979965867774727,51.146561420792956,13758.425022193305,0.3680297397769517,3.316666666666667,442.75,5,0.0
KÜÇÜKÇEKMECE,GÜLTEPE,KÜÇÜKÇEKMECE|GÜLTEPE,2022,30806,1575620.9711289478,0.040574892194542425,198.0,198.0,90.0,90.0,15.15,4.0,5.0,0.0,6.42731935337272,51.146561420792956,10127.019161317005,0.45454545454545453,3.7875,222.85714285714286,7,0.0
KÜÇÜKÇEKMECE,HALKALI MERKEZ,KÜÇÜKÇEKMECE|HALKALI MERKEZ,2022,78500,4015005.071532247,0.10339313891032852,877.75,872.75,257.0,257.0,98.73333333333333,28.0,12.0,1.0,11.181528662420382,51.146561420792956,44893.894287101015,0.2927940757618912,3.526190476190476,628.75,9,0.0
KÜÇÜKÇEKMECE,KANARYA,KÜÇÜKÇEKMECE|KANARYA,2022,65400,3344985.1169198593,0.08613899725777688,877.75,872.75,181.0,181.0,29.51666666666667,9.0,2.0,0.0,13.421253822629968,51.146561420792956,44893.894287101015,0.2062090572486471,3.27962962962963,387.6666666666667,6,0.0
KÜÇÜKÇEKMECE,KARTALTEPE,KÜÇÜKÇEKMECE|KARTALTEPE,2022,14994,766891.5419433695,0.019748748086897652,259.0,259.0,142.0,142.0,26.150000000000002,9.0,2.0,0.0,17.27357609710551,51.146561420792956,13246.959407985376,0.5482625482625483,2.905555555555556,326.2,5,0.0
KÜÇÜKÇEKMECE,KEMALPAŞA,KÜÇÜKÇEKMECE|KEMALPAŞA,2022,14951,764692.2398022754,0.019692112354755688,124.0,124.0,52.0,52.0,13.016666666666667,3.0,9.0,0.0,8.293759614741488,51.146561420792956,6342.1736161783265,0.41935483870967744,4.3388888888888895,272.0,5,0.0
KÜÇÜKÇEKMECE,MEHMET AKİF,KÜÇÜKÇEKMECE|MEHMET AKİF,2022,54778,2801706.341508196,0.0721486543086621,877.75,872.75,232.0,232.0,24.316666666666666,10.0,2.0,2.0,16.023768666252877,51.14656142079295,44893.89428710101,0.26431216177727146,2.4316666666666666,676.25,3,0.0
KÜÇÜKÇEKMECE,SULTAN MURAT,KÜÇÜKÇEKMECE|SULTAN MURAT,2022,15767,806427.8339216425,0.02076687415540318,128.0,128.0,77.0,77.0,17.983333333333334,4.0,2.0,0.0,8.118221602080293,51.146561420792956,6546.759861861498,0.6015625,4.495833333333334,384.39285714285717,7,0.0
KÜÇÜKÇEKMECE,SÖĞÜTLÜ ÇEŞME,KÜÇÜKÇEKMECE|SÖĞÜTLÜ ÇEŞME,2022,34623,1770847.3960721144,0.04560230125467903,578.0,578.0,116.0,116.0,12.55,3.0,6.0,1.0,16.69410507466135,51.14656142079295,29562.712501218324,0.20069204152249134,4.183333333333334,646.5833333333334,6,0.0
KÜÇÜKÇEKMECE,TEVFİKBEY,KÜÇÜKÇEKMECE|TEVFİKBEY,2022,3658,187094.12167726064,0.004817988562216328,506.0,506.0,175.0,175.0,64.0,19.0,2.0,1.0,138.32695462001092,51.146561420792956,25880.160078921235,0.3458498023715415,3.3684210526315788,422.5,6,0.0
KÜÇÜKÇEKMECE,YARIMBURGAZ,KÜÇÜKÇEKMECE|YARIMBURGAZ,2022,922,47157.1296299711,0.00121437546592768,429.0,429.0,46.0,46.0,21.849999999999998,6.0,0.0,2.0,465.29284164859,51.146561420792956,21941.87484952018,0.10722610722610723,3.641666666666666,515.9583333333334,6,0.0
KÜÇÜKÇEKMECE,SEYMEN MAHALLE,KÜÇÜKÇEKMECE|SEYMEN MAHALLE,2022,20892,1068553.9612032063,0.02751706316069533,329.0,329.0,31.0,31.0,18.15,4.0,2.0,0.0,15.747654604633354,51.14656142079295,16827.21870744088,0.09422492401215805,4.5375,341.8,5,0.0
KÜÇÜKÇEKMECE,YEŞİLOVA,KÜÇÜKÇEKMECE|YEŞİLOVA,2022,33367,1706607.3149275985,0.04394801103211378,318.0,318.0,96.0,96.0,17.78333333333333,4.0,1.0,0.0,9.530374321934847,51.146561420792956,16264.60653181216,0.3018867924528302,4.445833333333333,268.6,5,0.0
KÜÇÜKÇEKMECE,İNÖNÜ,KÜÇÜKÇEKMECE|İNÖNÜ,2022,72100,3687667.0784391714,0.09496363459152465,851.0,851.0,209.0,209.0,54.78333333333333,15.0,7.0,1.0,11.803051317614425,51.14656142079295,43525.7237690948,0.245593419506463,3.652222222222222,603.9375,4,0.0
KÜÇÜKÇEKMECE,İSTASYON,KÜÇÜKÇEKMECE|İSTASYON,2022,41647,2130100.8434917643,0.054853682244566264,498.0,498.0,223.0,223.0,41.55,11.0,5.0,1.0,11.957644007971762,51.146561420792956,25470.987587554893,0.44779116465863456,3.777272727272727,641.7,5,0.0
MALTEPE,ALTAYÇEŞME,MALTEPE|ALTAYÇEŞME,2022,32664,1971185.9320324548,0.07084344561490263,168.0,168.0,72.0,72.0,24.366666666666667,5.0,7.0,0.0,5.143277002204262,60.34735280530415,10138.355271291097,0.42857142857142855,4.873333333333333,327.0,6,0.0
MALTEPE,ALTINTEPE,MALTEPE|ALTINTEPE,2022,28500,1719899.5549511681,0.061812337742613424,357.0,348.0,55.0,55.0,21.983333333333334,7.0,4.0,0.0,12.526315789473683,60.34735280530415,21544.00495149358,0.15406162464985995,3.1404761904761904,549.875,4,0.0
MALTEPE,AYDINEVLER,MALTEPE|AYDINEVLER,2022,20761,1252871.3915909196,0.04502757697804903,187.0,187.0,41.0,41.0,19.95,10.0,3.0,2.0,9.00727325273349,60.347352805304155,11284.954974591878,0.2192513368983957,1.9949999999999999,405.94444444444446,9,0.0
MALTEPE,BAĞLARBAŞI,MALTEPE|BAĞLARBAŞI,2022,34200,2063879.465941402,0.07417480529113611,562.0,553.0,273.5,270.0,73.63333333333333,18.0,6.0,2.0,16.432748538011694,60.34735280530415,33915.21227658093,0.48665480427046265,4.09074074074074,263.6666666666667,6,0.0
MALTEPE,BAŞIBÜYÜK,MALTEPE|BAŞIBÜYÜK,2022,21951,1324684.7414292314,0.047608513185547624,449.0,448.0,141.0,141.0,38.71666666666667,18.0,9.0,0.0,20.454648990934356,60.34735280530415,27095.961409581563,0.31403118040089084,2.150925925925926,487.35714285714283,7,0.0
MALTEPE,BÜYÜKBAKKALKÖY,MALTEPE|BÜYÜKBAKKALKÖY,2022,11285,681019.8764078573,0.024475516892119034,31.0,31.0,9.0,9.0,11.683333333333334,2.0,7.0,1.0,2.7470093043863537,60.34735280530415,1870.7679369644286,0.2903225806451613,5.841666666666667,443.34375,16,0.0
MALTEPE,CEVİZLİ,MALTEPE|CEVİZLİ,2022,40606,2450464.6080121803,0.0880684837325109,339.0,339.0,121.0,121.0,35.61666666666667,7.0,10.0,6.0,8.348519923164064,60.34735280530415,20457.752600998105,0.35693215339233036,5.088095238095238,334.5,8,0.0
MALTEPE,ESENKENT,MALTEPE|ESENKENT,2022,18977,1145211.7141862568,0.041158341520757015,353.0,353.0,60.0,60.0,47.85,14.0,4.0,0.0,18.601464931232545,60.34735280530415,21302.615540272363,0.16997167138810199,3.417857142857143,317.25,4,0.0
MALTEPE,FEYZULLAH,MALTEPE|FEYZULLAH,2022,20397,1230904.9551697888,0.044238114138108284,139.0,139.0,50.0,50.0,46.766666666666666,11.0,8.0,0.0,6.814727656027847,60.347352805304155,8388.282039937278,0.3597122302158273,4.251515151515151,282.5,4,0.0
MALTEPE,FINDIKLI,MALTEPE|FINDIKLI,2022,48200,2908742.40521566,0.10453876067347254,633.0,630.0,273.5,270.0,38.18333333333334,10.0,2.0,0.0,13.132780082987551,60.347352805304155,38199.87432575753,0.4320695102685624,3.818333333333334,734.8333333333334,3,0.0
MALTEPE,GÜLENSU,MALTEPE|GÜLENSU,2022,14403,869182.9224547957,0.03123800352655653,525.0,524.0,64.0,64.0,34.81666666666667,11.0,2.0,0.0,36.45073942928557,60.34735280530415,31682.36022278468,0.1219047619047619,3.1651515151515155,365.0,4,0.0
MALTEPE,GÜLSUYU,MALTEPE|GÜLSUYU,2022,15097,911063.9853016768,0.03274318817193807,374.0,373.0,47.0,47.0,14.7,5.0,2.0,0.0,24.773133735179172,60.347352805304155,22569.909949183755,0.12566844919786097,2.94,479.75,4,0.0
MALTEPE,GİRNE,MALTEPE|GİRNE,2022,19196,1158427.7844506186,0.041633320537094995,103.0,103.0,35.0,35.0,8.116666666666667,3.0,6.0,0.0,5.365701187747447,60.347352805304155,6215.777338946328,0.33980582524271846,2.7055555555555557,413.6,5,0.0
MALTEPE,KÜÇÜKYALI MERKEZ,MALTEPE|KÜÇÜKYALI MERKEZ,2022,26086,1574221.045279164,0.056576724293116276,257.0,257.0,50.0,50.0,19.05,6.0,5.0,0.0,9.852027907689948,60.347352805304155,15509.269670963167,0.19455252918287938,3.1750000000000003,279.6666666666667,3,0.0
MALTEPE,YALI,MALTEPE|YALI,2022,131,7905.503217494844,0.00028411986822043364,131.0,131.0,28.0,28.0,46.46666666666667,10.0,6.0,1.0,1000.0,60.34735280530415,7905.503217494844,0.21374045801526717,4.6466666666666665,331.2,5,0.0
MALTEPE,ZÜMRÜTEVLER,MALTEPE|ZÜMRÜTEVLER,2022,85400,5153663.929572974,0.18522012783225217,702.0,700.0,137.0,137.0,93.58333333333333,32.0,8.0,1.0,8.220140515222482,60.34735280530415,42363.84166932351,0.19515669515669515,2.9244791666666665,318.875,8,0.0
MALTEPE,ÇINAR,MALTEPE|ÇINAR,2022,20722,1250517.8448315128,0.04494299167376967,295.0,295.0,84.0,84.0,50.766666666666666,13.0,0.0,0.0,14.236077598687386,60.34735280530416,17802.46907756473,0.2847457627118644,3.905128205128205,237.66666666666666,3,0.0
MALTEPE,İDEALTEPE,MALTEPE|İDEALTEPE,2022,2497,150687.33995484447,0.005415628327835289,269.0,262.0,110.0,110.0,51.2,16.0,5.0,0.0,107.7292751301562,60.347352805304155,16233.437904626817,0.40892193308550184,3.2,184.0,5,0.0
PENDİK,AHMET YESEVİ,PENDİK|AHMET YESEVİ,2022,30563,1606133.0184467845,0.041657239279356884,455.0,455.0,154.0,154.0,14.7,6.0,4.0,0.0,14.887282007656317,52.55154986247373,23910.955187425545,0.3384615384615385,2.4499999999999997,438.4375,4,0.0
PENDİK,BAHÇELİEVLER,PENDİK|BAHÇELİEVLER,2022,12754,670242.4669459899,0.01738364786732054,237.0,237.0,24.0,24.0,12.583333333333334,3.0,10.0,3.0,18.582405519836914,52.55154986247372,12454.717317406272,0.10126582278481013,4.194444444444445,357.7142857142857,7,0.0
PENDİK,BALLICA,PENDİK|BALLICA,2022,5530,290610.07073947974,0.00753736652864063,47.0,47.0,12.0,12.0,0.0,0.0,0.0,0.0,8.499095840867993,52.551549862473735,2469.9228435362656,0.2553191489361702,0.0,132.375,8,0.0
PENDİK,BATI,PENDİK|BATI,2022,13635,716540.3823748294,0.018584447128031645,259.0,259.0,49.0,49.0,10.983333333333334,2.0,3.0,0.0,18.995232856618994,52.551549862473735,13610.851414380697,0.1891891891891892,5.491666666666667,175.8,5,0.0
PENDİK,DOĞU,PENDİK|DOĞU,2022,16099,846027.4012359645,0.02194286866990696,302.0,302.0,89.0,89.0,41.75,12.0,7.0,0.0,18.758929126032676,52.55154986247373,15870.568058467066,0.2947019867549669,3.4791666666666665,372.8333333333333,6,0.0
PENDİK,DUMLUPINAR,PENDİK|DUMLUPINAR,2022,27048,1421414.3206801894,0.03686630919831316,417.0,417.0,157.0,157.0,38.45,13.0,1.0,1.0,15.4170363797693,52.55154986247373,21913.996292651544,0.3764988009592326,2.957692307692308,439.7142857142857,7,0.0
PENDİK,EMİRLİ,PENDİK|EMİRLİ,2022,2390,125598.2041713122,0.0032575598559586084,12.0,12.0,16.0,16.0,4.383333333333333,2.0,0.0,0.0,5.02092050209205,52.55154986247373,630.6185983496847,1.3333333333333333,2.1916666666666664,34.333333333333336,3,0.0
PENDİK,ERTUĞRUL GAZİ,PENDİK|ERTUĞRUL GAZİ,2022,12912,678545.6118242608,0.017599001196710273,367.0,367.0,64.0,64.0,20.133333333333333,7.0,2.0,0.0,28.423172242874845,52.55154986247373,19286.41879952786,0.17438692098092642,2.876190476190476,282.7142857142857,7,0.0
PENDİK,ESENLER,PENDİK|ESENLER,2022,34059,1789853.2367659928,0.04642227244104362,332.0,332.0,96.0,96.0,41.5,12.0,6.0,9.0,9.74779059866702,52.551549862473735,17447.11455434128,0.2891566265060241,3.4583333333333335,523.75,5,0.0
PENDİK,ESENYALI,PENDİK|ESENYALI,2022,14283,750593.7866857123,0.019467668377680672,441.0,441.0,246.0,246.0,22.85,10.0,6.0,0.0,30.875866414618777,52.55154986247373,23175.233489350914,0.5578231292517006,2.285,403.25,4,0.0
PENDİK,FATİH,PENDİK|FATİH,2022,21678,1139212.4979187055,0.029547021990573522,408.0,408.0,152.0,152.0,23.799999999999997,9.0,3.0,0.0,18.820924439523942,52.55154986247373,21441.03234388928,0.37254901960784315,2.644444444444444,362.0,5,0.0
PENDİK,FEVZİ ÇAKMAK,PENDİK|FEVZİ ÇAKMAK,2022,38423,2019188.2003658281,0.05237038591861825,484.0,484.0,144.0,144.0,49.6,14.0,7.0,0.0,12.59662181505869,52.55154986247373,25434.950133437284,0.2975206611570248,3.542857142857143,454.6,5,0.0
PENDİK,GÖÇBEYLİ,PENDİK|GÖÇBEYLİ,2022,1389,72994.102758976,0.0018932011045717603,191.0,191.0,31.0,31.0,24.666666666666664,6.0,6.0,2.0,137.50899928005762,52.55154986247373,10037.346023732482,0.16230366492146597,4.111111111111111,145.5,4,0.0
PENDİK,GÜLLÜ BAĞLAR,PENDİK|GÜLLÜ BAĞLAR,2022,18308,962113.774882169,0.02495372629409632,218.0,218.0,138.0,138.0,30.016666666666666,8.0,5.0,1.0,11.907362901463841,52.55154986247373,11456.237870019273,0.6330275229357798,3.752083333333333,435.75,5,0.0
PENDİK,GÜZELYALI,PENDİK|GÜZELYALI,2022,34241,1799417.6188409629,0.0466703376685685,390.0,390.0,139.0,139.0,8.716666666666667,4.0,2.0,5.0,11.389854268274876,52.55154986247373,20495.104446364752,0.3564102564102564,2.1791666666666667,511.9583333333333,6,0.0
PENDİK,HARMANDERE,PENDİK|HARMANDERE,2022,9249,486049.2846780195,0.012606347743833126,114.0,114.0,55.0,55.0,23.183333333333334,5.0,5.0,2.0,12.325656827765165,52.55154986247373,5990.876684322005,0.4824561403508772,4.636666666666667,144.0,3,0.0
PENDİK,KAVAKPINAR,PENDİK|KAVAKPINAR,2022,65400,3436871.3610057817,0.08913992241828159,877.75,872.75,167.0,167.0,23.05,7.0,8.0,6.0,13.421253822629968,52.55154986247373,46127.12289178631,0.19025918541726003,3.292857142857143,300.7142857142857,7,0.0
PENDİK,KAYNARCA,PENDİK|KAYNARCA,2022,58200,3058500.2019959707,0.07932635297773682,485.0,485.0,221.0,221.0,44.2,11.0,8.0,2.0,8.333333333333334,52.55154986247372,25487.501683299753,0.4556701030927835,4.0181818181818185,409.2,5,0.0
PENDİK,KURNA,PENDİK|KURNA,2022,1167,61327.65868950684,0.0015906160468216301,32.0,32.0,9.0,9.0,11.6,5.0,0.0,4.0,27.420736932305058,52.55154986247373,1681.6495955991593,0.28125,2.32,153.15384615384616,13,0.0
PENDİK,KURTDOĞMUŞ,PENDİK|KURTDOĞMUŞ,2022,4300,225971.66440863704,0.005860881749214233,24.0,24.0,9.0,9.0,6.1,2.0,0.0,0.0,5.5813953488372094,52.55154986247373,1261.2371966993694,0.375,3.05,112.55555555555556,9,0.0
PENDİK,KURTKÖY,PENDİK|KURTKÖY,2022,37801,1986501.1363513696,0.051522602558615634,485.0,485.0,116.0,116.0,63.31666666666667,16.0,10.0,3.0,12.83034840348139,52.551549862473735,25487.50168329976,0.23917525773195877,3.957291666666667,254.6,5,0.0
PENDİK,ORHANGAZİ,PENDİK|ORHANGAZİ,2022,28684,1507388.6562551965,0.03909617025452583,446.0,446.0,115.0,115.0,25.016666666666666,9.0,6.0,0.0,15.548737972388787,52.551549862473735,23437.991238663286,0.257847533632287,2.7796296296296297,443.15,5,0.0
PENDİK,ORTA,PENDİK|ORTA,2022,3753,197225.9666338639,0.005115323070883957,668.0,668.0,10.0,10.0,25.066666666666666,10.0,4.0,0.0,177.99094058086865,52.55154986247373,35104.43530813245,0.014970059880239521,2.506666666666667,318.0,4,0.0
PENDİK,RAMAZANOĞLU,PENDİK|RAMAZANOĞLU,2022,2589,136055.96259394448,0.003528796011329221,167.0,167.0,21.0,21.0,50.9,10.0,3.0,13.0,64.50366937041328,52.55154986247373,8776.108827033113,0.12574850299401197,5.09,341.55,5,0.0
PENDİK,SANAYİ,PENDİK|SANAYİ,2022,3117,163803.1809213306,0.004248457770302503,99.0,99.0,12.0,12.0,53.81666666666667,11.0,4.0,12.0,31.76130895091434,52.55154986247373,5202.603436384899,0.12121212121212122,4.892424242424243,331.5357142857143,14,0.0
PENDİK,SAPAN BAĞLARI,PENDİK|SAPAN BAĞLARI,2022,12298,646278.9602087019,0.016762121802752706,116.0,116.0,15.0,15.0,11.566666666666666,3.0,2.0,0.0,9.4324280370792,52.55154986247373,6095.979784046953,0.12931034482758622,3.8555555555555556,162.0,6,0.0
PENDİK,SÜLÜNTEPE,PENDİK|SÜLÜNTEPE,2022,25523,1341273.207139917,0.03478774067097555,471.0,471.0,38.0,38.0,13.3,6.0,3.0,0.0,18.453943501939428,52.55154986247373,24751.779985225126,0.08067940552016985,2.216666666666667,294.0,5,0.0
PENDİK,VELİBABA,PENDİK|VELİBABA,2022,4206,221031.8187215645,0.005732760148184898,586.0,586.0,258.0,258.0,94.98333333333333,31.0,6.0,7.0,139.3247741321921,52.55154986247373,30795.208219409604,0.4402730375426621,3.063978494623656,341.0,9,0.0
PENDİK,YAYALAR,PENDİK|YAYALAR,2022,13376,702929.5309604487,0.01823143122732316,216.0,216.0,82.0,82.0,50.06666666666666,14.0,2.0,1.0,16.148325358851675,52.551549862473735,11351.134770294328,0.37962962962962965,3.576190476190476,351.0,6,0.0
PENDİK,SEYMEN,PENDİK|SEYMEN,2022,16198,851230.0046723494,0.022077805249714453,171.0,171.0,24.0,23.0,11.566666666666666,3.0,2.0,0.0,10.556858871465614,52.55154986247373,8986.315026483007,0.14035087719298245,3.8555555555555556,206.4,5,0.0
PENDİK,ESENŞEHİR,PENDİK|ESENŞEHİR,2022,65929,3464671.1308830306,0.0898609471730105,301.0,301.0,141.0,141.0,36.3,10.0,23.0,0.0,4.565517450590787,52.55154986247373,15818.016508604593,0.4684385382059801,3.63,169.44444444444446,9,0.0
PENDİK,YEŞİLBAĞLAR,PENDİK|YEŞİLBAĞLAR,2022,6631,348469.3271380633,0.0090380248555906,118.0,118.0,29.0,29.0,12.75,4.0,1.0,2.0,17.795204343236314,52.551549862473735,6201.082883771901,0.2457627118644068,3.1875,249.0,7,0.0
PENDİK,ÇAMLIK,PENDİK|ÇAMLIK,2022,20044,1053343.2654434235,0.027319886925872113,105.0,105.0,44.0,44.0,23.083333333333332,8.0,12.0,1.0,5.238475354220714,52.551549862473735,5517.912735559742,0.41904761904761906,2.8854166666666665,368.4,5,0.0
PENDİK,ÇAMÇEŞME,PENDİK|ÇAMÇEŞME,2022,32377,1701461.529897312,0.044129713580071915,453.0,453.0,185.0,185.0,18.700000000000003,6.0,6.0,4.0,13.99141365784353,52.55154986247373,23805.852087700598,0.4083885209713024,3.116666666666667,513.75,5,0.0
PENDİK,ÇINARDERE,PENDİK|ÇINARDERE,2022,20241,1063695.9207663308,0.027588397089731462,316.0,316.0,143.0,143.0,95.71666666666667,33.0,8.0,1.0,15.611876883553183,52.55154986247373,16606.289756541697,0.4525316455696203,2.9005050505050507,423.0,6,0.0
PENDİK,ŞEYHLİ,PENDİK|ŞEYHLİ,2022,19283,1013351.5359980809,0.026282647155836756,297.0,297.0,124.0,124.0,70.41666666666667,18.0,5.0,0.0,15.40216771249287,52.55154986247373,15607.810309154696,0.4175084175084175,3.912037037037037,287.6,5,0.0
SANCAKTEPE,ABDURRAHMANGAZİ,SANCAKTEPE|ABDURRAHMANGAZİ,2022,45488,2213483.5739482893,0.10080644267697306,323.0,323.0,257.0,257.0,26.21666666666667,9.0,12.0,16.0,7.100773830460781,48.66082426020685,15717.446236046813,0.7956656346749226,2.912962962962963,255.42857142857142,7,0.0
SANCAKTEPE,AKPINAR,SANCAKTEPE|AKPINAR,2022,24014,1168541.0337846074,0.05321768190390501,212.0,212.0,35.0,35.0,0.85,1.0,0.0,1.0,8.828183559590238,48.66082426020686,10316.094743163854,0.1650943396226415,0.85,286.5,4,0.0
SANCAKTEPE,ATATÜRK,SANCAKTEPE|ATATÜRK,2022,31775,1546197.6908680727,0.07041691690249778,277.0,277.0,52.0,52.0,1.3666666666666667,1.0,4.0,1.0,8.71754523996853,48.66082426020685,13479.048320077298,0.18772563176895307,1.3666666666666667,186.5,8,0.0
SANCAKTEPE,EMEK,SANCAKTEPE|EMEK,2022,22100,1075404.2161505714,0.0489760460596444,136.0,136.0,145.0,145.0,9.033333333333333,2.0,2.0,7.0,6.153846153846154,48.66082426020685,6617.872099388132,1.0661764705882353,4.516666666666667,213.25,4,0.0
SANCAKTEPE,EYÜP SULTAN,SANCAKTEPE|EYÜP SULTAN,2022,23283,1132969.9712503962,0.05159770499577831,251.0,251.0,115.0,115.0,24.416666666666668,7.0,6.0,15.0,10.78039771507108,48.66082426020686,12213.866889311921,0.4581673306772908,3.488095238095238,280.6363636363636,11,0.0
SANCAKTEPE,FATİH,SANCAKTEPE|FATİH,2022,3715,180774.96212666846,0.00823285118151941,222.0,222.0,163.0,163.0,0.85,1.0,6.0,10.0,59.757738896366085,48.66082426020685,10802.702985765922,0.7342342342342343,0.85,168.83333333333334,6,0.0
SANCAKTEPE,HİLAL,SANCAKTEPE|HİLAL,2022,5836,283984.5703825672,0.012933221936836414,100.0,100.0,8.0,8.0,11.566666666666666,5.0,1.0,4.0,17.135023989033584,48.66082426020685,4866.0824260206855,0.08,2.3133333333333335,202.4,5,0.0
SANCAKTEPE,KEMAL TÜRKLER,SANCAKTEPE|KEMAL TÜRKLER,2022,22131,1076912.7017026378,0.049044745490768794,177.0,177.0,47.0,47.0,5.333333333333333,3.0,2.0,2.0,7.997831096651755,48.66082426020685,8612.965894056613,0.2655367231638418,1.7777777777777777,211.125,8,0.0
SANCAKTEPE,MECLİS,SANCAKTEPE|MECLİS,2022,27314,1329121.75384329,0.06053084715263019,148.0,148.0,157.0,157.0,13.966666666666665,3.0,7.0,4.0,5.418466720363184,48.66082426020685,7201.801990510614,1.0608108108108107,4.655555555555555,174.77777777777777,9,0.0
SANCAKTEPE,MERVE,SANCAKTEPE|MERVE,2022,20945,1019200.9641300325,0.04641643822259059,165.0,165.0,151.0,151.0,27.05,8.0,2.0,37.0,7.877775125328241,48.66082426020685,8029.036002934131,0.9151515151515152,3.38125,262.875,8,0.0
SANCAKTEPE,MEVLANA,SANCAKTEPE|MEVLANA,2022,21179,1030587.5970069208,0.046935008122045645,248.0,245.0,112.0,112.0,30.65,10.0,1.0,0.0,11.709712451012795,48.66082426020685,12067.884416531298,0.45161290322580644,3.065,150.5,6,0.0
SANCAKTEPE,OSMANGAZİ,SANCAKTEPE|OSMANGAZİ,2022,50733,2468709.5971930744,0.11242994320108324,508.0,506.0,273.5,270.0,22.116666666666667,8.0,8.0,5.0,10.013206394260145,48.66082426020686,24719.698724185084,0.5383858267716536,2.7645833333333334,198.125,8,0.0
SANCAKTEPE,PAŞAKÖY,SANCAKTEPE|PAŞAKÖY,2022,1693,82382.7754725302,0.0037518753836641616,68.0,68.0,71.0,71.0,19.150000000000002,4.0,0.0,18.0,40.16538688718252,48.660824260206844,3308.9360496940653,1.0441176470588236,4.7875000000000005,151.0,6,0.0
SANCAKTEPE,SAFA,SANCAKTEPE|SAFA,2022,24248,1179927.6666614956,0.053736251803360065,161.0,161.0,174.0,174.0,22.966666666666665,7.0,2.0,6.0,6.63972286374134,48.660824260206844,7834.392705893302,1.0807453416149069,3.280952380952381,212.25,4,0.0
SANCAKTEPE,SARIGAZİ,SANCAKTEPE|SARIGAZİ,2022,23759,1156132.5235982547,0.05265257368013988,192.0,192.0,96.0,96.0,6.283333333333333,2.0,7.0,1.0,8.081148196472915,48.66082426020685,9342.878257959715,0.5,3.1416666666666666,203.85714285714286,7,0.0
SANCAKTEPE,VEYSEL KARANİ,SANCAKTEPE|VEYSEL KARANİ,2022,26271,1278368.5141398942,0.058219443711896746,165.0,165.0,21.0,21.0,6.883333333333333,2.0,4.0,0.0,6.280689733927144,48.66082426020685,8029.036002934131,0.12727272727272726,3.4416666666666664,232.375,8,0.0
SANCAKTEPE,SEYİTNİZAM,SANCAKTEPE|SEYİTNİZAM,2022,24599,1197007.6159768284,0.05451410665254265,218.0,218.0,136.0,136.0,16.75,6.0,1.0,1.0,8.862148867840157,48.66082426020685,10608.059688725094,0.6238532110091743,2.7916666666666665,195.375,8,0.0
SANCAKTEPE,YUNUS EMRE,SANCAKTEPE|YUNUS EMRE,2022,27641,1345033.8433763776,0.061255515345458415,218.0,218.0,182.0,182.0,23.5,8.0,3.0,2.0,7.88683477442929,48.66082426020685,10608.059688725094,0.8348623853211009,2.9375,187.0,6,0.0
SANCAKTEPE,İNÖNÜ,SANCAKTEPE|İNÖNÜ,2022,24517,1193017.4283874913,0.05433238557666524,115.0,115.0,45.0,45.0,1.3666666666666667,1.0,2.0,0.0,4.690622833136191,48.660824260206844,5595.994789923787,0.391304347826087,1.3666666666666667,169.16666666666666,6,0.0
SARIYER,AYAZAĞA,SARIYER|AYAZAĞA,2022,36500,3074078.5130244107,0.12053524252351262,877.75,872.75,159.0,159.0,68.13333333333333,25.0,12.0,2.0,24.04794520547945,84.22132912395645,73925.27163855277,0.1811449729421817,2.725333333333333,256.3333333333333,6,0.0
SARIYER,BAHÇEKÖY KEMER,SARIYER|BAHÇEKÖY KEMER,2022,2352,198088.5660995456,0.007767092888090458,89.0,89.0,9.0,9.0,8.55,5.0,0.0,0.0,37.84013605442177,84.22132912395647,7495.698292032125,0.10112359550561797,1.7100000000000002,319.7916666666667,6,0.0
SARIYER,BAHÇEKÖY MERKEZ,SARIYER|BAHÇEKÖY MERKEZ,2022,3737,314735.1069362253,0.012340827433160732,48.0,48.0,27.0,27.0,33.666666666666664,9.0,2.0,0.0,12.844527696012845,84.22132912395647,4042.62379794991,0.5625,3.7407407407407405,250.125,8,0.0
SARIYER,BAHÇEKÖY YENİ,SARIYER|BAHÇEKÖY YENİ,2022,503,42363.3285493501,0.0016610747120363522,47.0,47.0,10.0,10.0,18.9,7.0,1.0,0.0,93.43936381709742,84.22132912395647,3958.4024688259537,0.2127659574468085,2.6999999999999997,270.6666666666667,6,0.0
SARIYER,BALTALİMANI,SARIYER|BALTALİMANI,2022,5151,433824.06631749973,0.017010329705167495,268.0,268.0,154.0,154.0,59.900000000000006,9.0,0.0,0.0,52.028732284993204,84.22132912395647,22571.316205220333,0.5746268656716418,6.655555555555556,504.3333333333333,3,0.0
SARIYER,BÜYÜKDERE,SARIYER|BÜYÜKDERE,2022,8586,723124.3318582901,0.028353851844024093,449.0,449.0,101.0,101.0,90.21666666666667,20.0,0.0,0.0,52.29443279757745,84.22132912395645,37815.37677665645,0.22494432071269488,4.510833333333333,276.25,4,0.0
SARIYER,CUMHURİYET,SARIYER|CUMHURİYET,2022,11027,928708.5962498679,0.03641485258374723,410.0,410.0,47.0,47.0,79.73333333333333,16.0,0.0,0.0,37.181463680058044,84.22132912395647,34530.74494082215,0.11463414634146342,4.983333333333333,332.25,4,0.0
SARIYER,DARÜŞŞAFAKA,SARIYER|DARÜŞŞAFAKA,2022,8725,734831.0966065201,0.028812876466236922,129.0,129.0,25.0,25.0,53.666666666666664,11.0,0.0,0.0,14.78510028653295,84.22132912395647,10864.551456990384,0.1937984496124031,4.878787878787879,410.0,5,0.0
SARIYER,DEMİRCİKÖY,SARIYER|DEMİRCİKÖY,2022,1666,140312.73432051146,0.005501690795730741,36.0,36.0,21.0,21.0,41.483333333333334,6.0,0.0,0.0,21.608643457382954,84.22132912395645,3031.9678484624324,0.5833333333333334,6.913888888888889,337.5,4,0.0
SARIYER,EMİRGAN,SARIYER|EMİRGAN,2022,829,69819.48184375992,0.002737636056218958,382.0,382.0,86.0,86.0,55.68333333333334,10.0,0.0,0.0,460.79613992762364,84.22132912395648,32172.547725351375,0.225130890052356,5.568333333333333,471.0,4,0.0
SARIYER,FATİH SULTAN MEHMET,SARIYER|FATİH SULTAN MEHMET,2022,15725,1324380.4004742154,0.05192922434745852,682.0,682.0,162.0,162.0,33.81666666666667,7.0,1.0,0.0,43.370429252782195,84.22132912395647,57438.94646253831,0.2375366568914956,4.8309523809523816,315.2857142857143,7,0.0
SARIYER,FERAHEVLER,SARIYER|FERAHEVLER,2022,15591,1313094.7423716052,0.05148671140230371,552.0,552.0,130.0,130.0,43.9,11.0,2.0,0.0,35.405041370021166,84.22132912395647,46490.17367642397,0.23550724637681159,3.9909090909090907,486.25,4,0.0
SARIYER,GARİPÇE,SARIYER|GARİPÇE,2022,3910,329305.39687466976,0.012912131459368065,57.0,57.0,24.0,24.0,27.71666666666667,5.0,0.0,0.0,14.578005115089514,84.22132912395647,4800.615760065519,0.42105263157894735,5.543333333333334,172.0,2,0.0
SARIYER,GÜMÜŞDERE,SARIYER|GÜMÜŞDERE,2022,368,30993.44911761598,0.0012152594314699355,111.0,111.0,12.0,12.0,48.0,7.0,2.0,2.0,301.6304347826087,84.22132912395647,9348.567532759167,0.10810810810810811,6.857142857142857,168.75,4,0.0
SARIYER,HUZUR,SARIYER|HUZUR,2022,8408,708132.935274226,0.027766036140758746,195.0,195.0,25.0,25.0,20.333333333333332,8.0,2.0,0.0,23.19219790675547,84.22132912395647,16423.15917917151,0.1282051282051282,2.5416666666666665,391.34375,8,0.0
SARIYER,KAZIM KARABEKİR PAŞA,SARIYER|KAZIM KARABEKİR PAŞA,2022,7943,668970.0172315862,0.02623045017436331,357.0,357.0,68.0,68.0,69.11666666666666,13.0,0.0,0.0,44.945234797935285,84.22132912395647,30067.014497252458,0.19047619047619047,5.316666666666666,216.8,5,0.0
SARIYER,KISIRKAYA,SARIYER|KISIRKAYA,2022,3530,297301.2918075663,0.011657244002958892,47.0,47.0,3.0,3.0,43.35,6.0,0.0,0.0,13.314447592067989,84.22132912395647,3958.4024688259537,0.06382978723404255,7.2250000000000005,175.0,4,0.0
SARIYER,KOCATAŞ,SARIYER|KOCATAŞ,2022,4473,376722.00517145725,0.014771346296100602,245.0,245.0,61.0,61.0,34.11666666666667,6.0,1.0,0.0,54.77308294209703,84.22132912395647,20634.225635369334,0.24897959183673468,5.686111111111111,385.6666666666667,6,0.0
SARIYER,KUMKÖY (KİLYOS),SARIYER|KUMKÖY (KİLYOS),2022,386,32509.433041847195,0.001274701468878791,279.0,279.0,15.0,15.0,51.21666666666667,8.0,3.0,0.0,722.7979274611399,84.22132912395647,23497.750825583855,0.053763440860215055,6.402083333333334,149.33333333333334,3,0.0
SARIYER,KİREÇBURNU,SARIYER|KİREÇBURNU,2022,6888,580116.515005812,0.022746486315122053,212.0,212.0,64.0,64.0,110.43333333333334,16.0,0.0,0.0,30.778164924506388,84.22132912395645,17854.921774278766,0.3018867924528302,6.902083333333334,404.0,2,0.0
SARIYER,MADEN,SARIYER|MADEN,2022,15400,1297008.4685089295,0.05085596533868752,416.0,416.0,145.0,145.0,100.78333333333333,22.0,0.0,0.0,27.01298701298701,84.22132912395647,35036.07291556589,0.3485576923076923,4.581060606060606,392.75,4,0.0
SARIYER,MASLAK,SARIYER|MASLAK,2022,1226,103255.34950597062,0.004048663214625383,328.0,328.0,24.0,24.0,31.133333333333333,4.0,1.0,1.0,267.53670473083196,84.22132912395647,27624.59595265772,0.07317073170731707,7.783333333333333,363.09375,8,0.0
SARIYER,PINAR,SARIYER|PINAR,2022,1118,94159.44596058333,0.0036920109901722497,432.0,432.0,187.0,187.0,39.13333333333333,7.0,2.0,0.0,386.4042933810375,84.22132912395647,36383.614181549194,0.43287037037037035,5.59047619047619,262.5,4,0.0
SARIYER,POLİGON,SARIYER|POLİGON,2022,6494,546933.3113309733,0.02144536616295044,204.0,204.0,107.0,107.0,42.63333333333333,10.0,1.0,0.0,31.413612565445025,84.22132912395647,17181.15114128712,0.5245098039215687,4.263333333333334,373.75,4,0.0
SARIYER,PTT EVLERİ,SARIYER|PTT EVLERİ,2022,5228,440309.1086600443,0.01726460953186093,178.0,177.0,40.0,40.0,56.25,10.0,1.0,1.0,34.04743687834736,84.22132912395645,14991.396584064249,0.2247191011235955,5.625,318.0833333333333,9,0.0
SARIYER,REŞİTPAŞA,SARIYER|REŞİTPAŞA,2022,1751,147471.54729604776,0.005782389305717003,389.0,389.0,200.0,200.0,47.083333333333336,10.0,6.0,0.0,222.15876641918902,84.22132912395647,32762.097029219065,0.5141388174807198,4.708333333333334,366.375,8,0.0
SARIYER,RUMELİFENERİ,SARIYER|RUMELİFENERİ,2022,4337,365267.90441059915,0.014322228680122583,63.0,63.0,10.0,10.0,27.71666666666667,5.0,1.0,0.0,14.526170163707633,84.22132912395645,5305.943734809256,0.15873015873015872,5.543333333333334,270.25,4,0.0
SARIYER,RUMELİHİSARI,SARIYER|RUMELİHİSARI,2022,10073,848361.4482656134,0.03326442460107788,449.0,449.0,45.0,45.0,56.68333333333334,11.0,4.0,0.0,44.57460538072073,84.22132912395647,37815.376776656456,0.10022271714922049,5.153030303030303,344.5,4,0.0
SARIYER,RUMELİKAVAĞI,SARIYER|RUMELİKAVAĞI,2022,3657,307997.4006063088,0.012076640600232485,281.0,281.0,69.0,69.0,56.016666666666666,10.0,0.0,0.0,76.83893902105551,84.22132912395647,23666.19348383177,0.24555160142348753,5.601666666666667,316.2,5,0.0
SARIYER,SARIYER MERKEZ,SARIYER|SARIYER MERKEZ,2022,11935,1005181.5630944204,0.039413373137482825,338.0,338.0,217.0,217.0,79.56666666666666,20.0,2.0,0.0,28.32006702974445,84.22132912395647,28466.809243897285,0.6420118343195266,3.978333333333333,347.75,4,0.0
SARIYER,TARABYA,SARIYER|TARABYA,2022,18200,1532828.1900560076,0.060102504491176156,398.0,395.0,84.0,84.0,145.89291666666668,24.0,0.0,0.0,21.86813186813187,84.22132912395647,33520.08899133468,0.21105527638190955,6.078871527777778,435.2,5,0.0
SARIYER,USKUMRUKÖY,SARIYER|USKUMRUKÖY,2022,9864,830759.1904787066,0.03257423650005284,301.0,301.0,71.0,71.0,68.95,15.0,3.0,0.0,30.51500405515004,84.22132912395647,25350.620066310898,0.23588039867109634,4.596666666666667,236.2,5,0.0
SARIYER,SEYMEN,SARIYER|SEYMEN,2022,3262,274729.97560234595,0.010772218112649265,120.0,120.0,55.0,55.0,71.5,11.0,0.0,0.0,36.78724708767627,84.22132912395645,10106.559494874775,0.4583333333333333,6.5,310.23026315789474,0,0.0
SARIYER,YENİKÖY,SARIYER|YENİKÖY,2022,14963,1260203.7476817605,0.04941284476381697,461.0,461.0,145.0,145.0,74.06666666666666,16.0,0.0,0.0,30.80932967987703,84.22132912395645,38826.03272614392,0.31453362255965295,4.629166666666666,498.3333333333333,3,0.0
SARIYER,ZEKERİYAKÖY,SARIYER|ZEKERİYAKÖY,2022,22558,1899864.7423782097,0.0744940822149424,707.0,707.0,205.0,205.0,140.3,29.0,6.0,1.0,31.341430977923572,84.22132912395645,59544.479690637214,0.28995756718529,4.837931034482759,179.625,8,0.0
SARIYER,ÇAMLITEPE,SARIYER|ÇAMLITEPE,2022,5796,488146.8236024516,0.019140336045651483,541.0,541.0,26.0,26.0,37.96666666666667,19.0,1.0,0.0,93.34023464458247,84.22132912395645,45563.73905606044,0.04805914972273567,1.9982456140350877,362.85714285714283,7,0.0
SARIYER,ÇAYIRBAŞI,SARIYER|ÇAYIRBAŞI,2022,4935,415632.25922672515,0.016297025256261227,165.0,165.0,25.0,25.0,79.78333333333333,16.0,1.0,0.0,33.43465045592705,84.22132912395647,13896.519305452817,0.15151515151515152,4.986458333333333,328.0,3,0.0
SARIYER,İSTİNYE,SARIYER|İSTİNYE,2022,15721,1324043.5151577196,0.05191601500581211,545.0,545.0,71.0,71.0,68.2,13.0,2.0,0.0,34.66700591565422,84.22132912395647,45900.624372556274,0.13027522935779817,5.246153846153846,379.7142857142857,7,0.0
SULTANBEYLİ,ABDURRAHMANGAZİ,SULTANBEYLİ|ABDURRAHMANGAZİ,2022,28383,1110912.674143152,0.07687661496958305,212.0,212.0,116.0,116.0,36.95,10.0,10.0,1.0,7.469259768171089,39.14007237230568,8297.695342928804,0.5471698113207547,3.6950000000000003,162.28571428571428,7,0.0
SULTANBEYLİ,ADİL,SULTANBEYLİ|ADİL,2022,32615,1276553.4604227496,0.0883391747607001,142.0,142.0,59.0,58.0,27.533333333333335,11.0,6.0,11.0,4.353824927180746,39.140072372305674,5557.890276867406,0.4154929577464789,2.5030303030303034,254.14285714285714,7,0.0
SULTANBEYLİ,AHMET YESEVİ,SULTANBEYLİ|AHMET YESEVİ,2022,29952,1172323.4476952995,0.08112632109251845,125.0,125.0,101.0,101.0,24.866666666666667,10.0,5.0,13.0,4.173344017094017,39.140072372305674,4892.509046538209,0.808,2.486666666666667,195.33333333333334,6,0.0
SULTANBEYLİ,AKŞEMSETTİN,SULTANBEYLİ|AKŞEMSETTİN,2022,13523,529291.1986906896,0.03662764557071738,119.0,119.0,56.0,56.0,59.61666666666667,18.0,3.0,16.0,8.79982252458774,39.140072372305674,4657.6686123043755,0.47058823529411764,3.312037037037037,173.4,5,0.0
SULTANBEYLİ,BATTALGAZİ,SULTANBEYLİ|BATTALGAZİ,2022,37999,1487283.6100752433,0.10292197767076018,442.0,442.0,147.0,147.0,52.2,20.0,14.0,6.0,11.631885049606568,39.140072372305674,17299.911988559106,0.332579185520362,2.6100000000000003,102.8,5,0.0
SULTANBEYLİ,FATİH,SULTANBEYLİ|FATİH,2022,20861,816501.0497586686,0.056502944187734626,166.0,166.0,30.0,30.0,15.7,4.0,7.0,0.0,7.95743252960069,39.140072372305674,6497.252013802742,0.18072289156626506,3.925,175.0,6,0.0
SULTANBEYLİ,HAMİDİYE,SULTANBEYLİ|HAMİDİYE,2022,26595,1040930.2247414695,0.07203373762872357,181.0,181.0,59.0,59.0,87.38333333333333,20.0,4.0,6.0,6.80579056213574,39.140072372305674,7084.353099387327,0.3259668508287293,4.369166666666667,148.83333333333334,6,0.0
SULTANBEYLİ,HASANPAŞA,SULTANBEYLİ|HASANPAŞA,2022,28400,1111578.0553734812,0.07692266022394245,136.0,136.0,58.0,58.0,17.516666666666666,6.0,5.0,1.0,4.788732394366197,39.140072372305674,5323.049842633572,0.4264705882352941,2.9194444444444443,256.75,4,0.0
SULTANBEYLİ,MECİDİYE,SULTANBEYLİ|MECİDİYE,2022,22055,863234.2961712017,0.05973694617038911,218.0,218.0,19.0,19.0,16.183333333333334,5.0,8.0,0.0,9.884379959192927,39.14007237230568,8532.535777162639,0.0871559633027523,3.236666666666667,150.2,5,0.0
SULTANBEYLİ,MEHMET AKİF,SULTANBEYLİ|MEHMET AKİF,2022,27066,1059365.1988288253,0.07330946202891642,226.0,222.0,160.0,160.0,36.75,9.0,12.0,4.0,8.349959358604892,39.14007237230567,8845.65635614108,0.7079646017699115,4.083333333333333,155.25,4,0.0
SULTANBEYLİ,MİMAR SİNAN,SULTANBEYLİ|MİMAR SİNAN,2022,24513,959440.594062329,0.06639454824188384,191.0,191.0,40.0,40.0,39.7,16.0,16.0,12.0,7.791783951372741,39.140072372305674,7475.753823110384,0.2094240837696335,2.48125,228.14285714285714,7,0.0
SULTANBEYLİ,NECİP FAZIL,SULTANBEYLİ|NECİP FAZIL,2022,21388,837127.8678988738,0.057930347072876094,218.0,218.0,122.0,122.0,55.016666666666666,16.0,4.0,0.0,10.19263138208341,39.140072372305674,8532.535777162637,0.5596330275229358,3.4385416666666666,203.5,6,0.0
SULTANBEYLİ,ORHANGAZİ,SULTANBEYLİ|ORHANGAZİ,2022,16139,631681.6280166412,0.04371319765331715,135.0,135.0,36.0,36.0,52.46666666666667,15.0,7.0,7.0,8.364830534729537,39.140072372305674,5283.909770261266,0.26666666666666666,3.497777777777778,191.2,5,0.0
SULTANBEYLİ,TURGUT REİS,SULTANBEYLİ|TURGUT REİS,2022,19657,769376.4026224127,0.05324185676133932,118.0,118.0,35.0,35.0,20.083333333333336,7.0,6.0,4.0,6.002950602838683,39.140072372305674,4618.528539932069,0.2966101694915254,2.8690476190476195,158.0,6,0.0
SULTANBEYLİ,YAVUZ SELİM,SULTANBEYLİ|YAVUZ SELİM,2022,20056,784993.2914989626,0.05432256596659823,137.0,137.0,16.0,16.0,6.4,1.0,3.0,2.0,6.830873554048664,39.140072372305674,5362.189915005877,0.11678832116788321,6.4,175.2,5,0.0
SULTANGAZİ,50. YIL,SULTANGAZİ|50. YIL,2022,72500,3291428.3035185514,0.1363050978106581,877.75,872.75,212.0,212.0,72.1,26.0,9.0,0.0,12.106896551724137,45.3990110830145,39848.981978115975,0.24152663058957563,2.773076923076923,566.15,5,0.0
SULTANGAZİ,75. YIL,SULTANGAZİ|75. YIL,2022,32234,1463391.7232498897,0.060602186521775916,631.0,631.0,130.0,130.0,46.55,15.0,2.0,0.0,19.5756034001365,45.39901108301451,28646.775993382154,0.20602218700475436,3.103333333333333,540.625,6,0.0
SULTANGAZİ,CEBECİ,SULTANGAZİ|CEBECİ,2022,61466,2790495.6152285696,0.11556040195903326,877.75,872.75,189.0,189.0,78.0,26.0,9.0,2.0,14.280252497315589,45.39901108301451,39848.98197811598,0.21532326972372542,3.0,584.8333333333334,9,0.0
SULTANGAZİ,CUMHURİYET,SULTANGAZİ|CUMHURİYET,2022,14075,638991.0809934292,0.026461989678413973,215.0,215.0,24.0,24.0,24.266666666666666,9.0,1.0,0.0,15.2753108348135,45.39901108301451,9760.787382848119,0.11162790697674418,2.696296296296296,672.75,7,0.0
SULTANGAZİ,ESENTEPE,SULTANGAZİ|ESENTEPE,2022,62100,2819278.5882552005,0.11675236653850854,877.75,872.75,273.0,270.0,100.28333333333333,32.0,4.0,7.0,14.134460547504027,45.3990110830145,39848.981978115975,0.31102250071204784,3.1338541666666666,638.9166666666666,6,0.0
SULTANGAZİ,ESKİ HABİPLER,SULTANGAZİ|ESKİ HABİPLER,2022,1313,59608.90155199804,0.002468532323108884,139.0,139.0,125.0,125.0,53.199999999999996,15.0,4.0,1.0,105.86443259710586,45.3990110830145,6310.462540539015,0.8992805755395683,3.5466666666666664,228.4,5,0.0
SULTANGAZİ,GAZİ,SULTANGAZİ|GAZİ,2022,35204,1598226.7861664426,0.06618599535622632,658.0,658.0,176.0,176.0,74.86666666666667,26.0,6.0,0.0,18.691057834337006,45.3990110830145,29872.549292623542,0.2674772036474164,2.87948717948718,773.65,5,0.0
SULTANGAZİ,HABİBLER,SULTANGAZİ|HABİBLER,2022,7686,348936.7991840495,0.01445022043824439,405.0,405.0,80.0,80.0,24.516666666666666,9.0,2.0,2.0,52.69320843091335,45.39901108301451,18386.599488620875,0.19753086419753085,2.724074074074074,326.625,6,0.0
SULTANGAZİ,MALKOÇOĞLU,SULTANGAZİ|MALKOÇOĞLU,2022,13492,612523.4575320317,0.02536590868498482,121.0,121.0,38.0,38.0,26.683333333333334,12.0,1.0,0.0,8.96827749777646,45.39901108301451,5493.280341044755,0.3140495867768595,2.223611111111111,506.15,5,0.0
SULTANGAZİ,SULTANÇİFTLİĞİ,SULTANGAZİ|SULTANÇİFTLİĞİ,2022,38091,1729293.7311631055,0.07161375835456246,408.0,408.0,194.0,194.0,46.55,15.0,5.0,0.0,10.711191620067734,45.39901108301451,18522.796521869917,0.47549019607843135,3.103333333333333,775.9,5,0.0
SULTANGAZİ,UĞUR MUMCU,SULTANGAZİ|UĞUR MUMCU,2022,45800,2079274.7076020641,0.08610722041004333,601.0,601.0,197.0,197.0,103.73333333333333,30.0,6.0,2.0,13.122270742358078,45.3990110830145,27284.805660891714,0.3277870216306156,3.457777777777778,767.05,5,0.0
SULTANGAZİ,YAYLA,SULTANGAZİ|YAYLA,2022,8132,369184.75812707393,0.015288731798569266,155.0,155.0,15.0,15.0,14.616666666666667,6.0,0.0,0.0,19.060501721593706,45.3990110830145,7036.846717867247,0.0967741935483871,2.4361111111111113,230.0,3,0.0
SULTANGAZİ,YUNUS EMRE,SULTANGAZİ|YUNUS EMRE,2022,53338,2421492.4531458276,0.10027919044172252,604.0,604.0,273.5,270.0,72.35,23.0,7.0,0.0,11.324009149199446,45.39901108301451,27421.002694140763,0.45281456953642385,3.145652173913043,562.4583333333334,6,0.0
SULTANGAZİ,ZÜBEYDE HANIM,SULTANGAZİ|ZÜBEYDE HANIM,2022,32264,1464753.69358238,0.06065858863121481,877.75,872.75,199.0,199.0,68.65,24.0,2.0,0.0,27.20524423506075,45.39901108301451,39848.98197811598,0.22671603531757334,2.860416666666667,559.75,5,0.0
SULTANGAZİ,İSMETPAŞA,SULTANGAZİ|İSMETPAŞA,2022,54200,2460626.400699386,0.10189981105293337,794.0,794.0,179.0,179.0,62.35,23.0,8.0,0.0,14.649446494464945,45.3990110830145,36046.81479991351,0.22544080604534006,2.7108695652173913,508.625,6,0.0
SİLİVRİ,AKÖREN,SİLİVRİ|AKÖREN,2022,1373,75219.48119562108,0.0056912624820205015,291.0,291.0,41.0,25.0,35.75,9.0,1.0,1.0,211.9446467589221,54.78476416287041,15942.366371395288,0.140893470790378,3.9722222222222223,155.875,8,0.0
SİLİVRİ,ALİBEY,SİLİVRİ|ALİBEY,2022,18072,990070.2579513943,0.07491077609255245,498.0,498.0,83.0,52.0,14.4,6.0,1.0,0.0,27.556440903054447,54.784764162870424,27282.81255310947,0.16666666666666666,2.4,285.25,4,0.0
SİLİVRİ,ALİPAŞA,SİLİVRİ|ALİPAŞA,2022,10,547.8476416287042,4.1451292658561556e-05,105.0,104.0,83.0,61.0,99.81666666666666,14.0,1.0,56.0,10500.0,54.78476416287042,5752.400237101394,0.7904761904761904,7.129761904761905,355.1875,8,0.0
SİLİVRİ,BEKİRLİ,SİLİVRİ|BEKİRLİ,2022,2070,113404.46181714175,0.008580417580322242,32.0,32.0,1.0,1.0,0.0,0.0,0.0,1.0,15.458937198067632,54.78476416287041,1753.112453211853,0.03125,0.0,94.66666666666667,6,0.0
SİLİVRİ,BEYCİLER,SİLİVRİ|BEYCİLER,2022,1399,76643.88506385572,0.005799035842932762,89.0,89.0,28.0,24.0,34.96666666666667,2.0,0.0,2.0,63.6168691922802,54.784764162870424,4875.844010495468,0.3146067415730337,17.483333333333334,336.8,5,0.0
SİLİVRİ,BÜYÜK KILIÇLI,SİLİVRİ|BÜYÜK KILIÇLI,2022,1237,67768.7532694707,0.005127524901864065,53.0,53.0,29.0,21.0,1.2166666666666668,1.0,1.0,6.0,42.84559417946645,54.78476416287042,2903.592500632132,0.5471698113207547,1.2166666666666668,197.66666666666666,6,0.0
SİLİVRİ,BÜYÜK SİNEKLİ,SİLİVRİ|BÜYÜK SİNEKLİ,2022,4050,221878.29485962517,0.01678777352671743,69.0,69.0,6.0,4.0,0.0,0.0,0.0,0.0,17.037037037037038,54.78476416287041,3780.148727238058,0.08695652173913043,0.0,94.0,4,0.0
SİLİVRİ,BÜYÜK ÇAVUŞLU,SİLİVRİ|BÜYÜK ÇAVUŞLU,2022,3238,177393.0663593744,0.013421928562842233,148.0,148.0,72.0,50.0,16.616666666666667,3.0,0.0,3.0,45.70722668313774,54.78476416287042,8108.145096104821,0.4864864864864865,5.538888888888889,438.6875,4,0.0
SİLİVRİ,CUMHURİYET,SİLİVRİ|CUMHURİYET,2022,8897,487420.0467570581,0.03687921507832222,730.0,730.0,129.0,110.0,21.2,7.0,0.0,0.0,82.05012925705293,54.78476416287042,39992.8778388954,0.17671232876712328,3.0285714285714285,322.15,5,0.0
SİLİVRİ,DANAMANDIRA,SİLİVRİ|DANAMANDIRA,2022,1086,59496.25388087727,0.004501610382719785,44.0,44.0,11.0,10.0,0.0,0.0,0.0,0.0,40.515653775322285,54.78476416287042,2410.5296231662983,0.25,0.0,39.42857142857143,7,0.0
SİLİVRİ,DEĞİRMENKÖY FEVZİPAŞA,SİLİVRİ|DEĞİRMENKÖY FEVZİPAŞA,2022,3374,184843.79428552478,0.01398566614299867,188.0,188.0,27.0,15.0,7.216666666666667,3.0,0.0,30.0,55.720213396561945,54.78476416287042,10299.535662619639,0.14361702127659576,2.4055555555555554,614.5,3,0.0
SİLİVRİ,DEĞİRMENKÖY İSMETPAŞA,SİLİVRİ|DEĞİRMENKÖY İSMETPAŞA,2022,3318,181775.84749240405,0.013753538904110725,88.0,88.0,31.0,20.0,4.983333333333333,2.0,0.0,0.0,26.52200120554551,54.78476416287042,4821.059246332597,0.3522727272727273,2.4916666666666667,532.875,2,0.0
SİLİVRİ,FATİH,SİLİVRİ|FATİH,2022,6812,373193.8134774733,0.028236620559012132,150.0,150.0,13.0,9.0,2.35,1.0,0.0,0.0,22.019964768056372,54.78476416287042,8217.714624430562,0.08666666666666667,2.35,496.3333333333333,3,0.0
SİLİVRİ,FENER,SİLİVRİ|FENER,2022,1509,82670.20912177146,0.006255000062176939,241.0,234.0,60.0,34.0,7.916666666666667,3.0,0.0,1.0,159.70841616964879,54.78476416287042,13203.128163251771,0.24896265560165975,2.638888888888889,109.875,8,0.0
SİLİVRİ,GAZİTEPE,SİLİVRİ|GAZİTEPE,2022,1298,71110.6238834058,0.00538037778708129,212.0,212.0,34.0,31.0,30.233333333333334,10.0,0.0,0.0,163.3281972265023,54.78476416287042,11614.370002528529,0.16037735849056603,3.0233333333333334,130.5,6,0.0
SİLİVRİ,GÜMÜŞYAKA,SİLİVRİ|GÜMÜŞYAKA,2022,8500,465670.49538439856,0.03523359875977732,877.75,872.75,263.0,198.0,145.89291666666668,50.0,0.0,2.0,103.26470588235294,54.78476416287042,48087.32674395951,0.29962973511819996,2.9178583333333337,532.875,2,0.0
SİLİVRİ,KADIKÖY,SİLİVRİ|KADIKÖY,2022,1454,79657.04709281359,0.00602701795255485,60.0,60.0,14.0,9.0,17.483333333333334,4.0,0.0,0.0,41.26547455295736,54.78476416287042,3287.085849772225,0.23333333333333334,4.370833333333334,187.14285714285714,7,0.0
SİLİVRİ,KAVAKLI HÜRRİYET,SİLİVRİ|KAVAKLI HÜRRİYET,2022,1761,96475.9696908148,0.00729957263717269,106.0,106.0,45.0,42.0,0.0,0.0,0.0,0.0,60.193072118114706,54.78476416287042,5807.185001264264,0.42452830188679247,0.0,318.15,5,0.0
SİLİVRİ,KAVAKLI İSTİKLAL,SİLİVRİ|KAVAKLI İSTİKLAL,2022,2038,111651.34936392991,0.008447773443814845,85.0,85.0,41.0,35.0,21.3,7.0,1.0,0.0,41.70755642787046,54.78476416287042,4656.704953843985,0.4823529411764706,3.042857142857143,385.15,5,0.0
SİLİVRİ,KURFALLI,SİLİVRİ|KURFALLI,2022,4920,269541.03968132247,0.020394035988012288,72.0,72.0,2.0,2.0,1.5833333333333335,1.0,1.0,0.0,14.634146341463415,54.78476416287042,3944.50301972667,0.027777777777777776,1.5833333333333335,128.6,5,0.0
SİLİVRİ,KÜÇÜK KILIÇLI,SİLİVRİ|KÜÇÜK KILIÇLI,2022,3210,175859.09296281403,0.01330586494339826,77.0,77.0,18.0,7.0,19.433333333333334,4.0,0.0,0.0,23.987538940809966,54.78476416287042,4218.426840541022,0.23376623376623376,4.858333333333333,269.25,4,0.0
SİLİVRİ,KÜÇÜK SİNEKLİ,SİLİVRİ|KÜÇÜK SİNEKLİ,2022,1450,79437.9080361621,0.0060104374354914255,10.0,10.0,0.0,0.0,0.0,0.0,0.0,0.0,6.896551724137931,54.78476416287042,547.8476416287042,0.0,0.0,58.125,8,0.0
SİLİVRİ,MİMAR SİNAN,SİLİVRİ|MİMAR SİNAN,2022,24466,1340364.0400087878,0.10141473261843671,877.75,872.75,273.5,270.0,145.89291666666668,36.0,2.0,6.0,35.87631815580806,54.784764162870424,48087.326743959515,0.31159213899174026,4.052581018518519,310.9375,4,0.0
SİLİVRİ,ORTAKÖY,SİLİVRİ|ORTAKÖY,2022,4131,226315.8607568177,0.01712352899725178,356.0,356.0,110.0,81.0,16.05,4.0,0.0,1.0,86.17768094892278,54.784764162870424,19503.376041981872,0.3089887640449438,4.0125,270.9375,4,0.0
SİLİVRİ,PİRİ MEHMET PAŞA,SİLİVRİ|PİRİ MEHMET PAŞA,2022,8221,450385.54618295765,0.03407710769460345,261.0,261.0,38.0,32.0,11.55,4.0,1.0,0.0,31.74796253497141,54.78476416287041,14298.823446509177,0.14559386973180077,2.8875,381.4375,4,0.0
SİLİVRİ,SAYALAR,SİLİVRİ|SAYALAR,2022,9000,493062.87746583374,0.0373061633927054,50.0,50.0,6.0,6.0,2.35,1.0,1.0,1.0,5.555555555555555,54.78476416287042,2739.2382081435208,0.12,2.35,91.42857142857143,7,0.0
SİLİVRİ,SELİMPAŞA,SİLİVRİ|SELİMPAŞA,2022,23378,1280758.2165995846,0.0969048319771852,877.75,872.75,273.5,270.0,138.38333333333333,34.0,4.0,2.0,37.54598340319959,54.78476416287042,48087.32674395951,0.31159213899174026,4.0700980392156865,290.0,6,0.0
SİLİVRİ,SEMİZKUMLAR,SİLİVRİ|SEMİZKUMLAR,2022,29821,1633736.4521009587,0.12361189983709642,877.75,872.75,163.0,107.0,53.1,8.0,1.0,2.0,29.433955937091312,54.78476416287042,48087.32674395951,0.18570207917972087,6.6375,432.4375,4,0.0
SİLİVRİ,SEYMEN,SİLİVRİ|SEYMEN,2022,1038,56866.5852010595,0.00430264417795869,678.0,678.0,273.5,251.0,131.7,29.0,1.0,5.0,653.179190751445,54.784764162870424,37144.07010242615,0.4033923303834808,4.541379310344827,75.0,7,0.0
SİLİVRİ,SEYMEN MAHALLE,SİLİVRİ|SEYMEN MAHALLE,2022,43469,2381438.913395814,0.18018462405750124,0.0,0.0,0.0,0.0,0.0,0.0,8.0,0.0,0.0,54.78476416287042,0.0,0.0,0.0,376.21875,8,0.0
SİLİVRİ,YOLÇATI,SİLİVRİ|YOLÇATI,2022,3980,218043.36136822426,0.0164976144781075,20.0,20.0,3.0,3.0,0.0,0.0,0.0,1.0,5.025125628140704,54.78476416287042,1095.6952832574084,0.15,0.0,284.3333333333333,3,0.0
SİLİVRİ,ÇANTA BALABAN,SİLİVRİ|ÇANTA BALABAN,2022,4168,228342.89703084392,0.017276898780088458,877.75,872.75,230.0,169.0,109.43333333333334,46.0,0.0,38.0,210.5926103646833,54.784764162870424,48087.326743959515,0.26203360865850184,2.378985507246377,341.4583333333333,6,0.0
SİLİVRİ,ÇANTA SANCAKTEPE,SİLİVRİ|ÇANTA SANCAKTEPE,2022,6033,330516.48219459725,0.025007564860910186,677.0,675.0,160.0,106.0,77.63333333333334,24.0,2.0,22.0,112.21614453837228,54.784764162870424,37089.285338263275,0.2363367799113737,3.2347222222222225,412.5,5,0.0
SİLİVRİ,ÇAYIRDERE,SİLİVRİ|ÇAYIRDERE,2022,1417,77630.01081878738,0.005873648169718173,111.0,111.0,24.0,24.0,31.599999999999998,3.0,1.0,2.0,78.33450952717008,54.78476416287042,6081.108822078616,0.21621621621621623,10.533333333333333,173.85714285714286,7,0.0
SİLİVRİ,ÇELTİK,SİLİVRİ|ÇELTİK,2022,1049,57469.21760685107,0.004348240599883107,70.0,70.0,52.0,51.0,23.233333333333334,4.0,1.0,3.0,66.7302192564347,54.78476416287042,3834.933491400929,0.7428571428571429,5.808333333333334,474.92857142857144,7,0.0
TUZLA,AKFIRAT,TUZLA|AKFIRAT,2022,2685,236798.51178199303,0.009564520438151215,379.0,379.0,38.0,38.0,34.31666666666667,12.0,2.0,6.0,141.15456238361264,88.19311425772553,33425.19030367798,0.10026385224274406,2.8597222222222225,195.33333333333334,3,0.0
TUZLA,ANADOLU,TUZLA|ANADOLU,2022,8400,740822.1597648944,0.029922522041143467,23.0,23.0,6.0,6.0,78.8,11.0,1.0,14.0,2.738095238095238,88.19311425772553,2028.441627927687,0.2608695652173913,7.163636363636363,139.0,4,0.0
TUZLA,AYDINLI,TUZLA|AYDINLI,2022,65200,5750191.049603705,0.2322557663193517,877.75,872.75,273.5,270.0,64.61666666666666,17.0,15.0,208.0,13.462423312883436,88.19311425772554,77411.50603971859,0.31159213899174026,3.8009803921568626,244.5,12,0.0
TUZLA,AYDINTEPE,TUZLA|AYDINTEPE,2022,27075,2387828.568527919,0.09644670050761421,369.0,369.0,107.0,107.0,29.633333333333333,13.0,5.0,2.0,13.628808864265928,88.19311425772553,32543.25916110072,0.2899728997289973,2.2794871794871794,431.67857142857144,7,0.0
TUZLA,CAMİ,TUZLA|CAMİ,2022,5713,503847.26175438595,0.020350877192982456,90.0,90.0,38.0,34.0,10.65,3.0,1.0,0.0,15.753544547523191,88.19311425772553,7937.380283195297,0.4222222222222222,3.5500000000000003,273.0,2,0.0
TUZLA,EVLİYA ÇELEBİ,TUZLA|EVLİYA ÇELEBİ,2022,13707,1208863.0171306438,0.04882714400213732,182.0,182.0,51.0,40.0,37.63333333333333,8.0,8.0,2.0,13.277887210914132,88.19311425772553,16051.146794906046,0.2802197802197802,4.704166666666667,306.75,4,0.0
TUZLA,FATİH,TUZLA|FATİH,2022,1088,95954.10831240537,0.0038756790453290586,24.0,24.0,5.0,5.0,13.649999999999999,3.0,2.0,3.0,22.058823529411764,88.19311425772553,2116.6347421854125,0.20833333333333334,4.55,116.8,5,0.0
TUZLA,MESCİT,TUZLA|MESCİT,2022,514,45331.26072847092,0.0018309733725175885,75.0,75.0,21.0,21.0,0.0,0.0,3.0,16.0,145.91439688715954,88.19311425772553,6614.483569329414,0.28,0.0,352.9166666666667,3,0.0
TUZLA,MİMAR SİNAN,TUZLA|MİMAR SİNAN,2022,27398,2416314.944433164,0.09759729272419627,333.0,333.0,125.0,125.0,66.98333333333333,17.0,2.0,0.0,12.15417183736039,88.19311425772553,29368.3070478226,0.37537537537537535,3.9401960784313728,616.375,2,0.0
TUZLA,ORHANLI,TUZLA|ORHANLI,2022,1922,169507.16560334846,0.006846558019414017,82.0,82.0,14.0,14.0,0.0,0.0,2.0,357.0,42.66389177939646,88.19311425772553,7231.835369133493,0.17073170731707318,0.0,200.125,6,0.0
TUZLA,ORTA,TUZLA|ORTA,2022,9923,875140.2727794105,0.03534776026360317,102.0,102.0,55.0,55.0,59.0,8.0,4.0,20.0,10.279149450770936,88.19311425772554,8995.697654288006,0.5392156862745098,7.375,332.6875,4,0.0
TUZLA,POSTANE,TUZLA|POSTANE,2022,21143,1864667.014751091,0.07531570041855909,344.0,344.0,81.0,76.0,25.366666666666667,6.0,14.0,2.0,16.27016033675448,88.19311425772553,30338.43130465758,0.23546511627906977,4.227777777777778,180.0,4,0.0
TUZLA,TEPEÖREN,TUZLA|TEPEÖREN,2022,6646,586131.437356844,0.02367441446255232,348.0,348.0,80.0,80.0,95.4,30.0,14.0,70.0,52.362323201925975,88.19311425772554,30691.203761688488,0.22988505747126436,3.18,212.10714285714286,7,0.0
TUZLA,YAYLA,TUZLA|YAYLA,2022,24500,2160731.2993142754,0.08727402262000178,246.0,246.0,188.0,95.0,26.7,7.0,10.0,8.0,10.040816326530612,88.19311425772553,21695.50610740048,0.7642276422764228,3.814285714285714,374.75,5,0.0
TUZLA,İSTASYON,TUZLA|İSTASYON,2022,21800,1922609.8908184166,0.0776560691067771,202.0,202.0,120.0,66.0,15.733333333333334,4.0,6.0,25.0,9.26605504587156,88.19311425772553,17815.009080060558,0.594059405940594,3.9333333333333336,382.55,5,0.0
TUZLA,İÇMELER,TUZLA|İÇMELER,2022,11013,971270.7673203313,0.03923056371894203,268.0,268.0,28.0,28.0,6.133333333333333,5.0,6.0,2.0,24.334876963588485,88.19311425772554,23635.754621070446,0.1044776119402985,1.2266666666666666,418.6875,4,0.0
TUZLA,ŞİFA,TUZLA|ŞİFA,2022,31998,2822003.270018702,0.11398343574672723,355.0,355.0,137.0,137.0,53.33333333333333,13.0,0.0,7.0,11.094443402712669,88.19311425772554,31308.555561492565,0.38591549295774646,4.102564102564102,470.9166666666667,3,0.0
ZEYTİNBURNU,BEŞTELSİZ,ZEYTİNBURNU|BEŞTELSİZ,2022,21094,1180315.3480116366,0.06989258000172296,218.0,218.0,108.0,108.0,60.28333333333333,19.0,8.0,0.0,10.33469232957239,55.955027401708385,12198.195973572429,0.4954128440366973,3.1728070175438594,290.2857142857143,7,0.0
ZEYTİNBURNU,GÖKALP,ZEYTİNBURNU|GÖKALP,2022,19511,1091738.5396347323,0.06464748878418587,277.0,277.0,163.0,163.0,113.16666666666666,30.0,1.0,0.0,14.197119573573882,55.955027401708385,15499.542590273222,0.5884476534296029,3.7722222222222217,279.5,6,0.0
ZEYTİNBURNU,KAZLIÇEŞME,ZEYTİNBURNU|KAZLIÇEŞME,2022,4844,271046.15273387544,0.01605004539339841,198.0,198.0,53.0,53.0,65.06666666666666,14.0,8.0,5.0,40.87530966143683,55.95502740170839,11079.095425538262,0.2676767676767677,4.647619047619047,274.14285714285717,14,0.0
ZEYTİNBURNU,MALTEPE,ZEYTİNBURNU|MALTEPE,2022,9601,537224.2180838021,0.03181182613997071,252.0,252.0,65.0,65.0,45.6,11.0,12.0,24.0,26.24726590980106,55.95502740170838,14100.666905230511,0.25793650793650796,4.1454545454545455,278.25,12,0.0
ZEYTİNBURNU,MERKEZEFENDİ,ZEYTİNBURNU|MERKEZEFENDİ,2022,25743,1440450.2704021789,0.08529651497982148,223.0,223.0,64.0,64.0,17.35,5.0,7.0,0.0,8.662549042458144,55.955027401708385,12477.97111058097,0.28699551569506726,3.47,306.3333333333333,6,0.0
ZEYTİNBURNU,NURİPAŞA,ZEYTİNBURNU|NURİPAŞA,2022,28362,1586996.4871672532,0.09397427486531083,325.0,325.0,146.0,146.0,66.73333333333333,23.0,1.0,0.0,11.458994429165784,55.955027401708385,18185.383905555223,0.4492307692307692,2.9014492753623187,298.5,4,0.0
ZEYTİNBURNU,SEYİTNİZAM,ZEYTİNBURNU|SEYİTNİZAM,2022,23879,1336150.0993253945,0.07912036208690351,448.0,448.0,167.0,167.0,145.89291666666668,40.0,5.0,0.0,18.761254658905315,55.955027401708385,25067.852275965357,0.37276785714285715,3.647322916666667,252.8181818181818,11,0.0
ZEYTİNBURNU,SÜMER,ZEYTİNBURNU|SÜMER,2022,42500,2378088.6645726063,0.14081893666792575,368.0,368.0,181.0,181.0,72.83333333333333,24.0,10.0,0.0,8.658823529411764,55.955027401708385,20591.450083828684,0.49184782608695654,3.034722222222222,207.5,6,0.0
ZEYTİNBURNU,TELSIZ,ZEYTİNBURNU|TELSIZ,2022,36200,2025571.9919418434,0.11994460017362146,390.0,390.0,264.0,264.0,45.36666666666667,14.0,1.0,0.0,10.773480662983426,55.955027401708385,21822.46068666627,0.676923076923077,3.2404761904761905,285.25,4,0.0
ZEYTİNBURNU,VELIEFENDI,ZEYTİNBURNU|VELIEFENDI,2022,38400,2148673.052225602,0.12723405101290233,243.0,243.0,71.0,71.0,44.11666666666667,11.0,2.0,0.0,6.328125,55.955027401708385,13597.071658615137,0.29218106995884774,4.010606060606061,263.5,6,0.0
ZEYTİNBURNU,YEŞILTEPE,ZEYTİNBURNU|YEŞILTEPE,2022,24500,1370898.1713418553,0.08117797525562778,180.0,180.0,62.0,62.0,27.333333333333332,5.0,2.0,0.0,7.346938775510203,55.95502740170838,10071.904932307509,0.34444444444444444,5.466666666666667,313.1666666666667,6,0.0
ZEYTİNBURNU,ÇIRPICI,ZEYTİNBURNU|ÇIRPICI,2022,27172,1520410.00455922,0.0900313446386089,296.0,296.0,176.0,176.0,35.71666666666667,8.0,1.0,0.0,10.89356690711026,55.95502740170838,16562.68811090568,0.5945945945945946,4.464583333333334,287.75,4,0.0
ÇATALCA,AKALAN,ÇATALCA|AKALAN,2022,782,36977.16985771331,0.007452658464294904,74.0,74.0,1.0,1.0,5.266666666666667,2.0,0.0,0.0,94.62915601023019,47.28538344976126,3499.1183752823335,0.013513513513513514,2.6333333333333333,175.6,5,0.0
ÇATALCA,ATATÜRK,ÇATALCA|ATATÜRK,2022,1210,57215.31397421113,0.011531607086696719,216.0,216.0,34.0,34.0,43.766666666666666,8.0,6.0,4.0,178.51239669421486,47.28538344976126,10213.642825148432,0.1574074074074074,5.470833333333333,128.75,4,0.0
ÇATALCA,AYDINLAR,ÇATALCA|AYDINLAR,2022,728,34423.7591514262,0.006938024759599348,60.0,60.0,5.0,5.0,1.6333333333333333,1.0,0.0,0.0,82.41758241758242,47.28538344976127,2837.123006985676,0.08333333333333333,1.6333333333333333,102.66666666666667,6,0.0
ÇATALCA,BAHŞAYİŞ,ÇATALCA|BAHŞAYİŞ,2022,3730,176374.48026760953,0.035547846639156,64.0,64.0,14.0,14.0,5.5,4.0,0.0,0.0,17.158176943699733,47.28538344976127,3026.2645407847212,0.21875,1.375,307.0,4,0.0
ÇATALCA,BAŞAK,ÇATALCA|BAŞAK,2022,3770,178265.89560559997,0.035929056790782336,68.0,68.0,2.0,2.0,25.65,7.0,0.0,0.0,18.03713527851459,47.28538344976127,3215.4060745837664,0.029411764705882353,3.664285714285714,58.0,4,0.0
ÇATALCA,BELGRAT,ÇATALCA|BELGRAT,2022,504,23831.83325867968,0.0048032479104918565,58.0,58.0,0.0,0.0,1.6333333333333333,1.0,0.0,2.0,115.07936507936508,47.28538344976127,2742.5522400861537,0.0,1.6333333333333333,105.8,5,0.0
ÇATALCA,CELEPKÖY,ÇATALCA|CELEPKÖY,2022,181,8558.654404406789,0.0017249759361091786,19.0,19.0,0.0,0.0,9.816666666666666,3.0,0.0,0.0,104.97237569060773,47.28538344976126,898.422285545464,0.0,3.272222222222222,48.5,4,0.0
ÇATALCA,DAĞYENİCE,ÇATALCA|DAĞYENİCE,2022,7340,347074.71452124766,0.06995206282343298,65.0,65.0,16.0,16.0,1.6333333333333333,1.0,0.0,0.0,8.85558583106267,47.28538344976126,3073.549924234482,0.24615384615384617,1.6333333333333333,117.16666666666667,6,0.0
ÇATALCA,ELBASAN,ÇATALCA|ELBASAN,2022,588,27803.805468459625,0.0056037892289071654,57.0,57.0,10.0,10.0,14.566666666666666,3.0,0.0,0.0,96.93877551020408,47.28538344976127,2695.2668566363923,0.17543859649122806,4.855555555555555,196.8,5,0.0
ÇATALCA,FATİH,ÇATALCA|FATİH,2022,128,6052.529081569442,0.001219872485204281,216.0,216.0,44.0,44.0,36.05,6.0,0.0,1.0,1687.5,47.28538344976126,10213.642825148432,0.2037037037037037,6.008333333333333,144.2,5,0.0
ÇATALCA,FERHATPAŞA,ÇATALCA|FERHATPAŞA,2022,24391,1153337.787723127,0.23245242020795015,655.0,655.0,253.0,253.0,89.95,25.0,6.0,0.0,26.854167520806854,47.28538344976127,30971.926159593633,0.38625954198473283,3.5980000000000003,143.42857142857142,7,0.0
ÇATALCA,GÖKÇEALİ,ÇATALCA|GÖKÇEALİ,2022,1982,93719.62999742683,0.018888963013085038,134.0,134.0,1.0,1.0,43.31666666666666,10.0,1.0,0.0,67.60847628657922,47.28538344976127,6336.24138226801,0.007462686567164179,4.331666666666666,231.0,4,0.0
ÇATALCA,GÜMÜŞPINAR,ÇATALCA|GÜMÜŞPINAR,2022,1046,49460.51108845029,0.009968645465028734,34.0,34.0,42.0,42.0,1.6333333333333333,1.0,0.0,1.0,32.504780114722756,47.28538344976127,1607.7030372918832,1.2352941176470589,1.6333333333333333,56.6,5,0.0
ÇATALCA,HALLAÇLI,ÇATALCA|HALLAÇLI,2022,1083,51210.07027609145,0.010321264855283096,189.0,189.0,13.0,13.0,1.6333333333333333,1.0,2.0,0.0,174.5152354570637,47.28538344976126,8936.937472004878,0.06878306878306878,1.6333333333333333,125.66666666666667,3,0.0
ÇATALCA,HİSARBEYLİ,ÇATALCA|HİSARBEYLİ,2022,3550,167863.11124665252,0.03383240095683748,15.0,15.0,0.0,0.0,9.816666666666666,3.0,0.0,0.0,4.225352112676056,47.28538344976128,709.2807517464191,0.0,3.272222222222222,74.0,6,0.0
ÇATALCA,KABAKÇA,ÇATALCA|KABAKÇA,2022,1599,75609.32813616827,0.015238875811262854,265.0,265.0,25.0,25.0,4.016666666666667,2.0,0.0,0.0,165.7285803627267,47.28538344976127,12530.626614186736,0.09433962264150944,2.0083333333333333,162.6,5,0.0
ÇATALCA,KALEİÇİ,ÇATALCA|KALEİÇİ,2022,7616,360125.48035338183,0.07258241286965472,454.0,454.0,79.0,79.0,79.23333333333333,21.0,2.0,4.0,59.61134453781513,47.28538344976127,21467.564086191618,0.17400881057268722,3.773015873015873,221.14285714285714,7,0.0
ÇATALCA,KALFA,ÇATALCA|KALFA,2022,147,6950.951367114906,0.0014009473072267914,83.0,83.0,4.0,4.0,3.7333333333333334,2.0,0.0,0.0,564.625850340136,47.28538344976127,3924.6868263301853,0.04819277108433735,1.8666666666666667,108.0,9,0.0
ÇATALCA,KARACAKÖY MERKEZ,ÇATALCA|KARACAKÖY MERKEZ,2022,2276,107621.53273165665,0.021690857627538623,123.0,123.0,14.0,14.0,4.916666666666666,2.0,0.0,0.0,54.04217926186291,47.28538344976127,5816.102164320636,0.11382113821138211,2.458333333333333,144.0,5,0.0
ÇATALCA,KARAMANDERE,ÇATALCA|KARAMANDERE,2022,587,27756.520085009863,0.005594258975116507,80.0,80.0,6.0,6.0,1.6333333333333333,1.0,0.0,0.0,136.2862010221465,47.28538344976126,3782.830675980901,0.075,1.6333333333333333,93.14285714285714,7,0.0
ÇATALCA,KESTANELİK,ÇATALCA|KESTANELİK,2022,2418,114336.05718152274,0.023044153665812122,242.0,242.0,80.0,80.0,30.433333333333334,16.0,0.0,0.0,100.0827129859388,47.28538344976127,11443.062794842228,0.3305785123966942,1.9020833333333333,113.4,5,0.0
ÇATALCA,KIZILCAALİ,ÇATALCA|KIZILCAALİ,2022,2030,95989.32840301537,0.019346415195036645,78.0,78.0,1.0,1.0,6.833333333333334,3.0,0.0,0.0,38.42364532019704,47.28538344976127,3688.259909081379,0.01282051282051282,2.277777777777778,102.5,4,0.0
ÇATALCA,MURATBEY MERKEZ,ÇATALCA|MURATBEY MERKEZ,2022,1756,83033.13333778078,0.01673512565639623,79.0,79.0,16.0,16.0,29.666666666666664,7.0,0.0,4.0,44.9886104783599,47.28538344976126,3735.5452925311397,0.20253164556962025,4.238095238095238,365.5,6,0.0
ÇATALCA,NAKKAŞ,ÇATALCA|NAKKAŞ,2022,953,45062.97042762249,0.009082331862497498,84.0,84.0,1.0,1.0,30.333333333333336,11.0,1.0,1.0,88.14270724029382,47.28538344976127,3971.9722097799468,0.011904761904761904,2.757575757575758,171.375,8,0.0
ÇATALCA,OKLALI,ÇATALCA|OKLALI,2022,1358,64213.5507247758,0.012942084647714168,101.0,101.0,47.0,47.0,8.266666666666667,4.0,0.0,0.0,74.37407952871871,47.28538344976127,4775.8237284258885,0.46534653465346537,2.066666666666667,132.4,5,0.0
ÇATALCA,ORMANLI,ÇATALCA|ORMANLI,2022,1251,59154.01469565134,0.011922347492113714,124.0,124.0,7.0,7.0,22.03333333333333,6.0,0.0,0.0,99.1207034372502,47.28538344976126,5863.387547770397,0.056451612903225805,3.672222222222222,76.0,5,0.0
ÇATALCA,OVAYENİCE,ÇATALCA|OVAYENİCE,2022,1125,53196.05638098143,0.010721535514490751,40.0,40.0,1.0,1.0,23.45,8.0,1.0,0.0,35.55555555555556,47.28538344976127,1891.4153379904508,0.025,2.93125,339.10714285714283,7,0.0
ÇATALCA,SUBAŞI,ÇATALCA|SUBAŞI,2022,1982,93719.62999742683,0.018888963013085038,148.0,148.0,33.0,33.0,6.916666666666666,2.0,2.0,2.0,74.67204843592332,47.28538344976127,6998.236750564668,0.22297297297297297,3.458333333333333,161.66666666666666,6,0.0
ÇATALCA,YALIKÖY,ÇATALCA|YALIKÖY,2022,1618,76507.75042171373,0.015419950633285365,242.0,242.0,10.0,10.0,6.449999999999999,3.0,1.0,4.0,149.56736711990112,47.28538344976127,11443.062794842228,0.04132231404958678,2.15,169.5,2,0.0
ÇATALCA,YAYLACIK,ÇATALCA|YAYLACIK,2022,382,18063.016477808804,0.003640556948031526,10.0,10.0,0.0,0.0,1.6333333333333333,1.0,0.0,0.0,26.17801047120419,47.28538344976127,472.8538344976127,0.0,1.6333333333333333,51.333333333333336,3,0.0
ÇATALCA,YAZLIK,ÇATALCA|YAZLIK,2022,509,24068.260175928484,0.0048508991794451485,31.0,31.0,8.0,8.0,1.6333333333333333,1.0,0.0,0.0,60.90373280943025,47.28538344976127,1465.8468869425994,0.25806451612903225,1.6333333333333333,79.66666666666667,6,0.0
ÇATALCA,ÇAKIL,ÇATALCA|ÇAKIL,2022,2603,123083.85311972858,0.024807250617083932,182.0,182.0,22.0,22.0,30.666666666666668,10.0,0.0,4.0,69.91932385708797,47.28538344976127,8605.93978785655,0.12087912087912088,3.066666666666667,283.8333333333333,6,0.0
ÇATALCA,ÇANAKÇA,ÇATALCA|ÇANAKÇA,2022,1989,94050.62768157515,0.018955674789619646,197.0,197.0,53.0,53.0,9.8,4.0,0.0,0.0,99.04474610356962,47.28538344976126,9315.22053960297,0.26903553299492383,2.45,90.83333333333333,6,0.0
ÇATALCA,ÇİFTLİKKÖY,ÇATALCA|ÇİFTLİKKÖY,2022,1834,86721.39324686218,0.01747848545206759,85.0,85.0,16.0,16.0,12.733333333333333,4.0,0.0,0.0,46.346782988004364,47.28538344976128,4019.2575932297086,0.18823529411764706,3.183333333333333,77.5,6,0.0
ÇATALCA,ÖRCÜNLÜ,ÇATALCA|ÖRCÜNLÜ,2022,443,20947.42486824424,0.004221902429261691,80.0,80.0,36.0,36.0,3.716666666666667,2.0,0.0,0.0,180.58690744920995,47.28538344976127,3782.8306759809016,0.45,1.8583333333333334,145.0,5,0.0
ÇATALCA,ÖRENCİK,ÇATALCA|ÖRENCİK,2022,9070,428878.4278893347,0.0864394018812721,49.0,49.0,3.0,3.0,16.616666666666667,4.0,0.0,0.0,5.402425578831312,47.28538344976126,2316.983789038302,0.061224489795918366,4.154166666666667,46.833333333333336,6,0.0
ÇATALCA,İHSANİYE,ÇATALCA|İHSANİYE,2022,1728,81709.14260118747,0.016468278550257794,117.0,117.0,15.0,15.0,4.016666666666667,2.0,0.0,0.0,67.70833333333333,47.28538344976127,5532.389863622068,0.1282051282051282,2.0083333333333333,116.0,8,0.0
ÇATALCA,İNCEĞİZ,ÇATALCA|İNCEĞİZ,2022,8630,408072.8591714398,0.08224609021338239,248.0,248.0,16.0,16.0,13.216666666666665,4.0,1.0,0.0,28.7369640787949,47.28538344976127,11726.775095540796,0.06451612903225806,3.3041666666666663,190.71428571428572,7,0.0
ÇATALCA,İZZETTİN,ÇATALCA|İZZETTİN,2022,12,567.4246013971352,0.00011436304548790134,124.0,124.0,32.0,32.0,4.85,2.0,0.0,0.0,10333.333333333334,47.28538344976127,5863.387547770398,0.25806451612903225,2.425,252.0,7,0.0
ÇEKMEKÖY,ALEMDAĞ,ÇEKMEKÖY|ALEMDAĞ,2022,27888,1727677.9231447147,0.11593142553085352,130.0,130.0,18.0,18.0,0.0,0.0,4.0,2.0,4.66150315547906,61.95058531069688,8053.576090390595,0.13846153846153847,0.0,161.83333333333334,6,0.0
ÇEKMEKÖY,AYDINLAR,ÇEKMEKÖY|AYDINLAR,2022,6423,397908.6094506061,0.02670064350920368,154.0,154.0,108.0,108.0,9.0,3.0,2.0,2.0,23.976335045928693,61.95058531069689,9540.39013784732,0.7012987012987013,3.0,149.16666666666666,6,0.0
ÇEKMEKÖY,CUMHURİYET,ÇEKMEKÖY|CUMHURİYET,2022,17147,1062266.6863225196,0.0712806997123331,130.0,130.0,89.0,89.0,9.0,3.0,3.0,0.0,7.58150113722517,61.95058531069689,8053.576090390596,0.6846153846153846,3.0,99.66666666666667,6,0.0
ÇEKMEKÖY,EKŞİOĞLU,ÇEKMEKÖY|EKŞİOĞLU,2022,9076,562263.5122798849,0.037729260546400835,307.0,307.0,85.0,85.0,50.85,11.0,4.0,4.0,33.82547377699427,61.95058531069688,19018.829690383944,0.2768729641693811,4.622727272727273,162.71428571428572,7,0.0
ÇEKMEKÖY,GÜNGÖREN,ÇEKMEKÖY|GÜNGÖREN,2022,10724,664358.0768719134,0.044580056203129416,94.0,94.0,77.0,77.0,5.2,2.0,0.0,0.0,8.76538604998135,61.95058531069689,5823.355019205507,0.8191489361702128,2.6,173.66666666666666,6,0.0
ÇEKMEKÖY,HAMİDİYE,ÇEKMEKÖY|HAMİDİYE,2022,30048,1861491.18741582,0.12491062372171137,269.0,269.0,54.0,54.0,13.216666666666667,3.0,5.0,0.0,8.952342917997871,61.95058531069689,16664.70744857746,0.20074349442379183,4.405555555555556,250.6,5,0.0
ÇEKMEKÖY,HÜSEYİNLİ,ÇEKMEKÖY|HÜSEYİNLİ,2022,8840,547643.1741465604,0.036748200003325626,65.0,65.0,3.0,3.0,2.216666666666667,1.0,0.0,4.0,7.352941176470588,61.95058531069687,4026.788045195297,0.046153846153846156,2.216666666666667,86.0,6,0.0
ÇEKMEKÖY,KOÇULLU,ÇEKMEKÖY|KOÇULLU,2022,1493,92492.22386887045,0.006206455045810539,47.0,47.0,20.0,20.0,5.050000000000001,2.0,0.0,0.0,31.48024112525117,61.95058531069689,2911.6775096027536,0.425531914893617,2.5250000000000004,61.25,4,0.0
ÇEKMEKÖY,KİRAZLIDERE,ÇEKMEKÖY|KİRAZLIDERE,2022,10238,634250.0924109147,0.0425597366101864,67.0,67.0,77.0,77.0,10.016666666666666,4.0,2.0,0.0,6.544246923227193,61.95058531069689,4150.689215816691,1.1492537313432836,2.5041666666666664,138.5,6,0.0
ÇEKMEKÖY,MEHMET AKİF,ÇEKMEKÖY|MEHMET AKİF,2022,32658,2023182.215076739,0.13576048820233128,583.0,583.0,128.0,126.0,16.633333333333333,5.0,4.0,0.0,17.85167493416621,61.95058531069689,36117.191236136285,0.2195540308747856,3.3266666666666667,236.2,5,0.0
ÇEKMEKÖY,SARIYER MERKEZ,ÇEKMEKÖY|SARIYER MERKEZ,2022,15221,942949.8590141174,0.06327424799215152,411.0,394.0,234.0,234.0,6.6499999999999995,5.0,22.0,12.0,27.00216805728927,61.950585310696894,25461.690562696425,0.5693430656934306,1.3299999999999998,297.075,10,0.0
ÇEKMEKÖY,MİMAR SİNAN,ÇEKMEKÖY|MİMAR SİNAN,2022,2655,164478.80399990024,0.011036931109596103,257.0,257.0,83.0,83.0,12.833333333333332,3.0,7.0,0.0,96.79849340866289,61.95058531069689,15921.3004248491,0.3229571984435798,4.277777777777778,329.2857142857143,7,0.0
ÇEKMEKÖY,NİŞANTEPE,ÇEKMEKÖY|NİŞANTEPE,2022,11958,740805.0991453134,0.04970983887327691,171.0,171.0,33.0,33.0,12.066666666666666,4.0,10.0,20.0,14.30005017561465,61.95058531069689,10593.550088129168,0.19298245614035087,3.0166666666666666,202.6,5,0.0
ÇEKMEKÖY,REŞADİYE,ÇEKMEKÖY|REŞADİYE,2022,2508,155372.0679592278,0.010425846788273832,58.0,58.0,11.0,11.0,7.3,3.0,0.0,0.0,23.125996810207337,61.950585310696894,3593.1339480204197,0.1896551724137931,2.433333333333333,150.4,5,0.0
ÇEKMEKÖY,SIRAPINAR,ÇEKMEKÖY|SIRAPINAR,2022,1446,89580.5463592677,0.006011074344435392,85.0,85.0,20.0,20.0,0.0,0.0,0.0,3.0,58.78284923928077,61.95058531069689,5265.799751409236,0.23529411764705882,0.0,88.0,3,0.0
ÇEKMEKÖY,SOĞUKPINAR,ÇEKMEKÖY|SOĞUKPINAR,2022,9414,583202.8101149005,0.03913433878182211,88.0,88.0,25.0,25.0,10.833333333333334,4.0,0.0,1.0,9.34777990227321,61.95058531069689,5451.651507341326,0.2840909090909091,2.7083333333333335,174.57142857142858,7,0.0
ÇEKMEKÖY,SULTANÇİFTLİĞİ,ÇEKMEKÖY|SULTANÇİFTLİĞİ,2022,1877,116281.24862817804,0.007802756946407489,129.0,129.0,141.0,141.0,13.483333333333334,6.0,6.0,0.0,68.72669152903569,61.95058531069688,7991.625505079897,1.0930232558139534,2.2472222222222222,183.75,8,0.0
ÇEKMEKÖY,TAŞDELEN,ÇEKMEKÖY|TAŞDELEN,2022,4469,276857.1657535044,0.018577794775436904,66.0,66.0,35.0,35.0,6.7666666666666675,2.0,4.0,2.0,14.768404564779594,61.95058531069689,4088.7386305059945,0.5303030303030303,3.3833333333333337,156.5,6,0.0
ÇEKMEKÖY,ÇAMLIK,ÇEKMEKÖY|ÇAMLIK,2022,22083,1368054.7754161195,0.09179983039292307,190.0,190.0,69.0,69.0,15.366666666666667,4.0,2.0,0.0,8.603903455146494,61.950585310696894,11770.61120903241,0.3631578947368421,3.841666666666667,219.66666666666666,6,0.0
ÇEKMEKÖY,ÇATALMEŞE,ÇEKMEKÖY|ÇATALMEŞE,2022,9077,562325.4628651956,0.03773341758260031,366.0,366.0,53.0,53.0,1.5833333333333335,1.0,2.0,6.0,40.321692189049244,61.95058531069688,22673.91422371506,0.1448087431693989,1.5833333333333335,167.6,5,0.0
ÇEKMEKÖY,ÖMERLİ,ÇEKMEKÖY|ÖMERLİ,2022,5313,329143.45975573256,0.022086333327790617,172.0,172.0,45.0,45.0,7.9,3.0,2.0,14.0,32.373423677771505,61.95058531069689,10655.500673439865,0.2616279069767442,2.6333333333333333,95.8,10,0.0
ÜMRANİYE,ADEM YAVUZ,ÜMRANİYE|ADEM YAVUZ,2022,17028,921160.6229495467,0.0244868024647862,225.0,225.0,74.0,74.0,40.233333333333334,11.0,1.0,0.0,13.213530655391121,54.09681835503563,12171.784129883017,0.3288888888888889,3.6575757575757577,481.95,5,0.0
ÜMRANİYE,ALTINŞEHİR,ÜMRANİYE|ALTINŞEHİR,2022,28984,1567942.1832023526,0.04167990854118882,341.0,341.0,132.0,132.0,26.866666666666667,8.0,1.0,0.0,11.765111785812863,54.09681835503563,18447.01505906715,0.3870967741935484,3.3583333333333334,458.35,5,0.0
ÜMRANİYE,ARMAĞANEVLER,ÜMRANİYE|ARMAĞANEVLER,2022,42500,2299114.780089014,0.06111634394840343,507.0,507.0,106.0,106.0,18.983333333333334,7.0,1.0,2.0,11.929411764705883,54.09681835503563,27427.086906003064,0.20907297830374755,2.711904761904762,261.8333333333333,6,0.0
ÜMRANİYE,ATAKENT,ÜMRANİYE|ATAKENT,2022,20318,1099139.1553376138,0.029217926502203784,255.0,255.0,109.0,109.0,20.28333333333333,7.0,9.0,0.0,12.550447878728221,54.09681835503562,13794.688680534084,0.42745098039215684,2.8976190476190475,297.25,4,0.0
ÜMRANİYE,ATATÜRK,ÜMRANİYE|ATATÜRK,2022,24751,1338950.3511054867,0.03559272068392784,466.0,466.0,158.0,158.0,11.4,4.0,4.0,0.0,18.827522120318374,54.09681835503562,25209.1173534466,0.33905579399141633,2.85,417.2857142857143,7,0.0
ÜMRANİYE,AŞAĞI DUDULLU,ÜMRANİYE|AŞAĞI DUDULLU,2022,14656,792842.9698114021,0.02107579145665413,511.0,511.0,87.0,87.0,53.5,16.0,2.0,195.0,34.86626637554585,54.09681835503563,27643.474179423207,0.17025440313111545,3.34375,347.5,10,0.0
ÜMRANİYE,CEMİL MERİÇ,ÜMRANİYE|CEMİL MERİÇ,2022,22374,1210362.213875567,0.03217451951768419,877.75,872.75,184.0,184.0,67.33333333333333,20.0,0.0,0.0,39.23080361133458,54.09681835503562,47483.48231113252,0.20962688692680148,3.3666666666666663,313.75,8,0.0
ÜMRANİYE,DUMLUPINAR,ÜMRANİYE|DUMLUPINAR,2022,12263,663389.2834878019,0.01763458178445344,387.0,387.0,12.0,12.0,22.333333333333332,9.0,2.0,0.0,31.558346244801438,54.09681835503563,20935.46870339879,0.031007751937984496,2.4814814814814814,563.4,5,0.0
ÜMRANİYE,ELMALIKENT,ÜMRANİYE|ELMALIKENT,2022,22155,1198515.0106558143,0.031859590592397125,563.0,563.0,65.0,65.0,20.3,8.0,5.0,0.0,25.411870909501243,54.09681835503563,30456.50873388506,0.11545293072824156,2.5375,419.0,7,0.0
ÜMRANİYE,ESENEVLER,ÜMRANİYE|ESENEVLER,2022,26532,1435296.7845958052,0.03815385500327152,428.0,428.0,86.0,86.0,21.25,7.0,4.0,0.0,16.131463892657923,54.09681835503562,23153.438255955247,0.20093457943925233,3.0357142857142856,359.0,6,0.0
ÜMRANİYE,ESENKENT,ÜMRANİYE|ESENKENT,2022,21413,1158375.1714363778,0.030792571128639118,262.0,262.0,103.0,103.0,33.46666666666667,9.0,2.0,5.0,12.235557838696119,54.09681835503562,14173.366409019332,0.3931297709923664,3.718518518518519,390.0,8,0.0
ÜMRANİYE,ESENŞEHİR,ÜMRANİYE|ESENŞEHİR,2022,20907,1131002.1813487299,0.03006492712774754,636.0,632.0,147.0,147.0,48.36666666666667,15.0,2.0,3.0,30.420433347682593,54.09681835503563,34405.57647380266,0.23113207547169812,3.2244444444444444,351.0,8,0.0
ÜMRANİYE,FATİH SULTAN MEHMET,ÜMRANİYE|FATİH SULTAN MEHMET,2022,4717,255174.69218070307,0.006783195162461623,74.0,58.0,10.0,10.0,1.8166666666666667,1.0,2.0,0.0,15.687937248251005,54.09681835503563,4003.1645582726364,0.13513513513513514,1.8166666666666667,482.30555555555554,9,0.0
ÜMRANİYE,FİNANSKENT,ÜMRANİYE|FİNANSKENT,2022,1488,80496.06571229301,0.0021397910540052775,19.0,19.0,0.0,0.0,5.983333333333333,2.0,4.0,0.0,12.768817204301076,54.09681835503563,1027.839548745677,0.0,2.9916666666666667,495.575,10,0.0
ÜMRANİYE,HEKİMBAŞI,ÜMRANİYE|HEKİMBAŞI,2022,7623,412380.0463204366,0.010962115056910101,407.0,407.0,15.0,15.0,14.933333333333334,7.0,0.0,0.0,53.39105339105339,54.09681835503562,22017.4050704995,0.036855036855036855,2.1333333333333333,549.4,5,0.0
ÜMRANİYE,HUZUR,ÜMRANİYE|HUZUR,2022,12207,660359.8616599198,0.01755405201360378,266.0,266.0,54.0,54.0,40.233333333333334,11.0,0.0,0.0,21.79077578438601,54.09681835503562,14389.753682439476,0.20300751879699247,3.6575757575757577,343.25,4,0.0
ÜMRANİYE,IHLAMURKUYU,ÜMRANİYE|IHLAMURKUYU,2022,16086,870201.420059103,0.023132176676565117,389.0,388.0,157.0,157.0,63.05,17.0,0.0,0.0,24.182518960586847,54.09681835503562,21043.66234010886,0.40359897172236503,3.7088235294117644,519.4375,4,0.0
ÜMRANİYE,KAZIM KARABEKİR,ÜMRANİYE|KAZIM KARABEKİR,2022,16322,882968.2691908915,0.023471552139431546,540.0,540.0,77.0,77.0,26.55,9.0,2.0,0.0,33.0841808601887,54.09681835503563,29212.28191171924,0.1425925925925926,2.95,585.0,4,0.0
ÜMRANİYE,MADENLER,ÜMRANİYE|MADENLER,2022,1585,85743.45709273146,0.002279280121369869,157.0,157.0,34.0,34.0,9.783333333333333,3.0,7.0,3.0,99.05362776025237,54.09681835503562,8493.200481740592,0.21656050955414013,3.261111111111111,354.5,6,0.0
ÜMRANİYE,MEHMET AKİF,ÜMRANİYE|MEHMET AKİF,2022,26393,1427777.3268444554,0.037953968607769686,215.0,215.0,90.0,90.0,32.8,8.0,6.0,0.0,8.146099344523169,54.09681835503563,11630.815946332661,0.4186046511627907,4.1,429.0,7,0.0
ÜMRANİYE,NAMIK KEMAL,ÜMRANİYE|NAMIK KEMAL,2022,28500,1541759.3231185153,0.04098390123598818,418.0,418.0,100.0,100.0,19.316666666666666,6.0,1.0,1.0,14.666666666666666,54.09681835503562,22612.47007240489,0.23923444976076555,3.2194444444444446,425.4,5,0.0
ÜMRANİYE,NECİP FAZIL,ÜMRANİYE|NECİP FAZIL,2022,28675,1551226.2663306466,0.04123555676989337,308.0,306.0,233.0,233.0,20.85,7.0,4.0,2.0,10.74106364428945,54.09681835503562,16661.820053350973,0.7564935064935064,2.9785714285714286,440.57142857142856,7,0.0
ÜMRANİYE,PARSELLER,ÜMRANİYE|PARSELLER,2022,16029,867117.9014128661,0.02305020887409314,226.0,226.0,60.0,60.0,40.233333333333334,11.0,1.0,0.0,14.099444756379063,54.09681835503563,12225.880948238053,0.26548672566371684,3.6575757575757577,458.15,5,0.0
ÜMRANİYE,SİTE,ÜMRANİYE|SİTE,2022,21868,1182989.2237879192,0.031446875516792615,283.0,283.0,138.0,138.0,25.03333333333333,9.0,8.0,0.0,12.94128406804463,54.09681835503563,15309.399594475084,0.4876325088339223,2.781481481481481,445.0,4,0.0
ÜMRANİYE,TANTAVİ,ÜMRANİYE|TANTAVİ,2022,11757,636016.2934001539,0.01690693778356186,103.0,103.0,66.0,66.0,14.133333333333333,6.0,1.0,0.0,8.760738283575742,54.09681835503563,5571.972290568669,0.6407766990291263,2.3555555555555556,487.6,5,0.0
ÜMRANİYE,TATLISU,ÜMRANİYE|TATLISU,2022,22779,1232271.4253093568,0.032756922324721924,209.0,209.0,68.0,68.0,35.233333333333334,9.0,0.0,2.0,9.175117432723123,54.09681835503564,11306.235036202448,0.3253588516746411,3.914814814814815,349.2,5,0.0
ÜMRANİYE,TEPEÜSTÜ,ÜMRANİYE|TEPEÜSTÜ,2022,137,7411.264114639881,0.00019701033225720633,315.0,315.0,155.0,155.0,22.766666666666666,7.0,2.0,0.0,2299.2700729927005,54.09681835503563,17040.497781836224,0.49206349206349204,3.2523809523809524,451.2916666666667,6,0.0
ÜMRANİYE,TOPAĞACI,ÜMRANİYE|TOPAĞACI,2022,14167,766389.6256357897,0.020372593993341914,656.0,656.0,33.0,33.0,20.3,8.0,2.0,0.0,46.30479282840404,54.09681835503562,35487.51284090337,0.05030487804878049,2.5375,510.4,5,0.0
ÜMRANİYE,YAMANEVLER,ÜMRANİYE|YAMANEVLER,2022,16072,869444.0646021327,0.023112044233852703,129.0,129.0,38.0,38.0,9.483333333333333,6.0,5.0,4.0,8.026381284221005,54.09681835503563,6978.489567799596,0.29457364341085274,1.5805555555555555,493.0,8,0.0
ÜMRANİYE,YUKARI DUDULLU,ÜMRANİYE|YUKARI DUDULLU,2022,21761,1177200.8642239303,0.03129300613320487,529.0,529.0,158.0,158.0,35.68333333333334,11.0,2.0,2.0,24.309544598134277,54.09681835503563,28617.216909813847,0.29867674858223064,3.243939393939394,433.59375,8,0.0
ÜMRANİYE,ÇAKMAK,ÜMRANİYE|ÇAKMAK,2022,38400,2077317.824833368,0.05522041429691039,811.0,789.0,193.0,193.0,44.766666666666666,9.0,5.0,0.0,21.119791666666664,54.09681835503562,43872.51968593389,0.2379778051787916,4.974074074074074,294.375,8,0.0
ÜMRANİYE,ÇAMLIK,ÜMRANİYE|ÇAMLIK,2022,24393,1319583.690134384,0.035077905363138935,443.0,443.0,73.0,73.0,38.13333333333333,7.0,1.0,0.0,18.16094781289714,54.09681835503562,23964.89053128078,0.16478555304740405,5.447619047619048,411.9642857142857,7,0.0
ÜMRANİYE,İNKILAP,ÜMRANİYE|İNKILAP,2022,31608,1709892.234565966,0.04545330351814436,734.0,734.0,80.0,80.0,30.033333333333335,12.0,4.0,0.0,23.22196912174133,54.09681835503562,39707.06467259615,0.10899182561307902,2.5027777777777778,375.25,8,0.0
ÜMRANİYE,İSTİKLAL,ÜMRANİYE|İSTİKLAL,2022,49416,2673248.375832441,0.07106177064833656,534.0,534.0,273.5,270.0,28.35,8.0,4.0,0.0,10.806216610004856,54.09681835503563,28887.701001589026,0.5121722846441947,3.54375,285.8333333333333,6,0.0
ÜMRANİYE,ŞERİFALİ,ÜMRANİYE|ŞERİFALİ,2022,9531,515596.77574184455,0.013705879392287837,355.0,355.0,48.0,48.0,52.1,16.0,2.0,0.0,37.246878606651975,54.09681835503562,19204.370516037645,0.1352112676056338,3.25625,390.875,8,0.0
ÜSKÜDAR,ACIBADEM,ÜSKÜDAR|ACIBADEM,2022,24800,1562636.1387192137,0.05225464023312312,323.0,323.0,38.0,38.0,12.0,5.0,6.0,0.0,13.024193548387096,63.00952172254894,20352.07551638331,0.11764705882352941,2.4,542.9583333333334,6,0.0
ÜSKÜDAR,AHMEDİYE,ÜSKÜDAR|AHMEDİYE,2022,8983,566014.533633657,0.018927557790892943,538.0,538.0,21.0,21.0,13.233333333333334,4.0,3.0,0.0,59.89090504285873,63.00952172254893,33899.12268673132,0.03903345724907063,3.3083333333333336,390.2,5,0.0
ÜSKÜDAR,ALTUNİZADE,ÜSKÜDAR|ALTUNİZADE,2022,13459,848045.1528637861,0.028358677536193713,314.0,314.0,90.0,90.0,33.666666666666664,13.0,18.0,0.0,23.33011367857939,63.00952172254893,19784.989820880364,0.28662420382165604,2.5897435897435894,416.90909090909093,11,0.0
ÜSKÜDAR,AZİZ MAHMUT HÜDAYİ,ÜSKÜDAR|AZİZ MAHMUT HÜDAYİ,2022,8664,545914.4962041639,0.01825541141047495,367.0,364.0,19.0,19.0,3.6166666666666667,2.0,5.0,0.0,42.35918744228994,63.009521722548925,23124.494472175455,0.051771117166212535,1.8083333333333333,393.0,3,0.0
ÜSKÜDAR,BAHÇELİEVLER,ÜSKÜDAR|BAHÇELİEVLER,2022,22816,1437625.2476216764,0.04807426901447327,484.0,484.0,70.0,70.0,42.7,20.0,10.0,0.0,21.213183730715286,63.00952172254893,30496.608513713683,0.1446280991735537,2.1350000000000002,514.1111111111111,9,0.0
ÜSKÜDAR,BARBAROS,ÜSKÜDAR|BARBAROS,2022,17746,1118166.9724883533,0.03739156635391141,308.0,308.0,65.0,65.0,19.35,9.0,7.0,1.0,17.356023892708215,63.009521722548925,19406.93269054507,0.21103896103896103,2.1500000000000004,386.6,5,0.0
ÜSKÜDAR,BEYLERBEYİ,ÜSKÜDAR|BEYLERBEYİ,2022,5168,325633.2082621329,0.010889192771160495,201.0,201.0,50.0,50.0,37.43333333333334,11.0,3.0,0.0,38.89318885448916,63.00952172254893,12664.913866232335,0.24875621890547264,3.4030303030303033,393.0,5,0.0
ÜSKÜDAR,BULGURLU,ÜSKÜDAR|BULGURLU,2022,26500,1669752.3256475467,0.055836611539425915,259.0,259.0,121.0,121.0,10.65,7.0,5.0,0.0,9.773584905660377,63.00952172254893,16319.466126140174,0.4671814671814672,1.5214285714285716,423.4,5,0.0
ÜSKÜDAR,BURHANİYE,ÜSKÜDAR|BURHANİYE,2022,16438,1035750.5180752594,0.03463555549000314,464.0,464.0,60.0,60.0,29.816666666666666,14.0,4.0,0.0,28.227278257695584,63.00952172254893,29236.418079262705,0.12931034482758622,2.1297619047619047,319.0,6,0.0
ÜSKÜDAR,CUMHURİYET,ÜSKÜDAR|CUMHURİYET,2022,37836,2384028.2638943614,0.0797220390266309,467.0,467.0,195.0,195.0,19.8,9.0,4.0,0.0,12.342742361771858,63.00952172254893,29425.44664443035,0.41755888650963596,2.2,486.5357142857143,7,0.0
ÜSKÜDAR,FERAH,ÜSKÜDAR|FERAH,2022,215,13547.04717034802,0.0004530140181500593,395.0,395.0,85.0,85.0,44.43333333333333,21.0,5.0,0.0,1837.2093023255813,63.00952172254893,24888.761080406828,0.21518987341772153,2.115873015873016,441.0,6,0.0
ÜSKÜDAR,GÜZELTEPE,ÜSKÜDAR|GÜZELTEPE,2022,13252,835002.1818672185,0.027922519853602727,354.0,354.0,68.0,68.0,27.266666666666666,14.0,2.0,0.0,26.712948988831876,63.00952172254893,22305.37068978232,0.192090395480226,1.9476190476190476,537.5,4,0.0
ÜSKÜDAR,KANDİLLİ,ÜSKÜDAR|KANDİLLİ,2022,1396,87961.2923246783,0.0029414305550580595,71.0,70.0,14.0,14.0,38.31666666666667,12.0,0.0,0.0,50.8595988538682,63.009521722548925,4473.676042300974,0.19718309859154928,3.193055555555556,185.66666666666666,3,0.0
ÜSKÜDAR,KISIKLI,ÜSKÜDAR|KISIKLI,2022,20403,1285583.271705166,0.04298997680146819,440.0,440.0,111.0,111.0,36.28333333333333,17.0,11.0,0.0,21.56545606038328,63.00952172254894,27724.189557921534,0.25227272727272726,2.134313725490196,377.44444444444446,9,0.0
ÜSKÜDAR,KULELİ,ÜSKÜDAR|KULELİ,2022,3849,242523.64911009083,0.008110004445858503,88.0,88.0,4.0,4.0,33.516666666666666,6.0,1.0,0.0,22.86308131982333,63.00952172254893,5544.837911584306,0.045454545454545456,5.586111111111111,284.6666666666667,3,0.0
ÜSKÜDAR,KUZGUNCUK,ÜSKÜDAR|KUZGUNCUK,2022,4151,261552.52467030063,0.008746331113213471,241.0,241.0,32.0,32.0,28.6,12.0,2.0,0.0,58.05829920501084,63.00952172254893,15185.294735134292,0.13278008298755187,2.3833333333333333,342.2,5,0.0
ÜSKÜDAR,KÜPLÜCE,ÜSKÜDAR|KÜPLÜCE,2022,1723,108565.40592795181,0.0036304332710351264,354.0,354.0,41.0,41.0,27.116666666666667,13.0,4.0,0.0,205.45560069645967,63.00952172254893,22305.37068978232,0.11581920903954802,2.085897435897436,383.0,5,0.0
ÜSKÜDAR,KÜÇÜK ÇAMLICA,ÜSKÜDAR|KÜÇÜK ÇAMLICA,2022,10791,679935.7489080256,0.02273708962724321,364.0,364.0,82.0,82.0,20.933333333333334,10.0,8.0,2.0,33.73181354832731,63.00952172254893,22935.465907007812,0.22527472527472528,2.0933333333333333,410.875,8,0.0
ÜSKÜDAR,KÜÇÜKSU,ÜSKÜDAR|KÜÇÜKSU,2022,19075,1201906.626857621,0.04019182509866224,292.0,292.0,73.0,73.0,33.63333333333333,13.0,4.0,0.0,15.307994757536044,63.00952172254893,18398.78034298429,0.25,2.5871794871794873,336.1666666666667,6,0.0
ÜSKÜDAR,KİRAZLITEPE,ÜSKÜDAR|KİRAZLITEPE,2022,906,57086.626680629335,0.0019089800020649012,415.0,415.0,51.0,51.0,77.21666666666667,31.0,2.0,0.0,458.05739514348784,63.00952172254893,26148.951514857807,0.12289156626506025,2.4908602150537633,425.8333333333333,6,0.0
ÜSKÜDAR,MEHMET AKİF ERSOY,ÜSKÜDAR|MEHMET AKİF ERSOY,2022,19762,1245194.168281012,0.04163936291479754,760.0,760.0,139.0,139.0,92.76666666666667,32.0,1.0,0.0,38.457645987248256,63.00952172254893,47887.23650913719,0.18289473684210528,2.8989583333333333,444.4,5,0.0
ÜSKÜDAR,MURATREİS,ÜSKÜDAR|MURATREİS,2022,13651,860142.9810345154,0.02876322958961144,457.0,457.0,62.0,62.0,21.2,9.0,6.0,0.0,33.477400923009306,63.00952172254893,28795.351427204863,0.13566739606126915,2.3555555555555556,406.25,4,0.0
ÜSKÜDAR,MİMAR SİNAN,ÜSKÜDAR|MİMAR SİNAN,2022,11691,736644.3184583195,0.024633427377638805,431.0,431.0,94.0,94.0,12.866666666666667,6.0,2.0,0.0,36.86596527243179,63.00952172254893,27157.10386241859,0.21809744779582366,2.1444444444444444,389.7142857142857,7,0.0
ÜSKÜDAR,SALACAK,ÜSKÜDAR|SALACAK,2022,9522,599976.6658421109,0.020063253399185417,210.0,210.0,57.0,57.0,24.416666666666664,8.0,3.0,0.0,22.05419029615627,63.009521722548925,13231.999561735274,0.2714285714285714,3.052083333333333,379.0,4,0.0
ÜSKÜDAR,SELAMİ ALİ,ÜSKÜDAR|SELAMİ ALİ,2022,13274,836388.3913451144,0.027968874776390172,256.0,256.0,43.0,43.0,22.583333333333332,9.0,10.0,0.0,19.285821907488323,63.009521722548925,16130.437560972525,0.16796875,2.509259259259259,386.8,5,0.0
ÜSKÜDAR,SELİMİYE,ÜSKÜDAR|SELİMİYE,2022,8499,535517.9251199433,0.017907749489569087,292.0,292.0,32.0,32.0,27.95,7.0,4.0,0.0,34.35698317449112,63.009521722548925,18398.780342984286,0.1095890410958904,3.992857142857143,323.2,5,0.0
ÜSKÜDAR,SULTANTEPE,ÜSKÜDAR|SULTANTEPE,2022,10874,685165.5392109972,0.022911974108668583,167.0,167.0,46.0,46.0,13.066666666666666,4.0,3.0,0.0,15.35773404450984,63.00952172254894,10522.590127665673,0.2754491017964072,3.2666666666666666,373.25,4,0.0
ÜSKÜDAR,VALİDE-İ ATİK,ÜSKÜDAR|VALİDE-İ ATİK,2022,20686,1303414.9663526472,0.043586269671870355,624.0,624.0,108.0,108.0,29.7,11.0,1.0,0.0,30.16532920816011,63.00952172254893,39317.94155487054,0.17307692307692307,2.6999999999999997,394.5,6,0.0
ÜSKÜDAR,YAVUZTÜRK,ÜSKÜDAR|YAVUZTÜRK,2022,32100,2022605.6472938205,0.0676360464307763,574.0,574.0,119.0,119.0,41.1,19.0,6.0,0.0,17.881619937694705,63.009521722548925,36167.46546874308,0.2073170731707317,2.1631578947368424,447.42857142857144,7,0.0
ÜSKÜDAR,ZEYNEP KAMİL,ÜSKÜDAR|ZEYNEP KAMİL,2022,12106,762793.2699731773,0.025507849784765665,319.0,319.0,46.0,46.0,14.416666666666666,6.0,4.0,0.0,26.35056996530646,63.00952172254893,20100.03742949311,0.14420062695924765,2.4027777777777777,400.5,6,0.0
ÜSKÜDAR,ÇENGELKÖY,ÜSKÜDAR|ÇENGELKÖY,2022,13801,869594.4092928978,0.02907928588134404,491.0,491.0,59.0,59.0,55.766666666666666,24.0,2.0,0.0,35.5771320918774,63.00952172254893,30937.675165771525,0.12016293279022404,2.323611111111111,305.6666666666667,6,0.0
ÜSKÜDAR,ÜNALAN,ÜSKÜDAR|ÜNALAN,2022,34500,2173828.499427938,0.07269294709849788,828.0,828.0,146.0,146.0,40.55,17.0,6.0,4.0,24.0,63.009521722548925,52171.883986270506,0.17632850241545894,2.385294117647059,530.4375,8,0.0
ÜSKÜDAR,İCADİYE,ÜSKÜDAR|İCADİYE,2022,15962,1005757.9857353261,0.03363260352423836,565.0,565.0,83.0,83.0,29.53333333333333,11.0,2.0,0.0,35.396566846259866,63.00952172254893,35600.37977324014,0.14690265486725665,2.6848484848484846,244.5,4,0.0
ŞİLE,AHMETLİ,ŞİLE|AHMETLİ,2022,2875,61311.572165854195,0.01443367288025825,122.0,122.0,32.0,32.0,18.216666666666665,6.0,3.0,1.0,42.434782608695656,21.325764231601458,2601.7432362553777,0.26229508196721313,3.036111111111111,118.125,8,0.0
ŞİLE,AKÇAKESE,ŞİLE|AKÇAKESE,2022,4980,106202.30587337528,0.025001631632586466,126.0,126.0,18.0,18.0,20.05,8.0,0.0,0.0,25.30120481927711,21.32576423160146,2687.046293181784,0.14285714285714285,2.50625,96.33333333333333,3,0.0
ŞİLE,ALACALI,ŞİLE|ALACALI,2022,6190,132006.48059361303,0.031076325262190806,127.0,127.0,3.0,3.0,18.28333333333333,2.0,0.0,2.0,20.516962843295637,21.325764231601458,2708.372057413385,0.023622047244094488,9.141666666666666,70.2,5,0.0
ŞİLE,AVCIKORU,ŞİLE|AVCIKORU,2022,1120,23884.855939393634,0.005622856913352779,27.0,27.0,2.0,2.0,2.8666666666666667,1.0,0.0,0.0,24.107142857142858,21.325764231601458,575.7956342532393,0.07407407407407407,2.8666666666666667,96.3,10,0.0
ŞİLE,AĞAÇDERE,ŞİLE|AĞAÇDERE,2022,1090,23245.08301244559,0.005472244674602258,7.0,7.0,0.0,0.0,0.0,0.0,0.0,0.0,6.422018348623854,21.325764231601458,149.2803496212102,0.0,0.0,20.0,5,0.0
ŞİLE,AĞVA MERKEZ,ŞİLE|AĞVA MERKEZ,2022,2600,55446.9870021638,0.01305306069171181,99.0,99.0,7.0,7.0,1.7333333333333334,2.0,0.0,1.0,38.07692307692308,21.32576423160146,2111.2506589285445,0.0707070707070707,0.8666666666666667,39.0,3,0.0
ŞİLE,BALİBEY,ŞİLE|BALİBEY,2022,368,7847.881237229338,0.001847510128673056,282.0,282.0,53.0,53.0,10.033333333333333,4.0,0.0,2.0,766.3043478260869,21.32576423160146,6013.865513311612,0.1879432624113475,2.5083333333333333,170.0,5,0.0
ŞİLE,BIÇKIDERE,ŞİLE|BIÇKIDERE,2022,3120,66536.38440259657,0.01566367283005417,83.0,83.0,2.0,2.0,0.0,0.0,0.0,0.0,26.602564102564102,21.325764231601465,1770.0384312229216,0.024096385542168676,0.0,53.5,4,0.0
ŞİLE,BOZGOCA,ŞİLE|BOZGOCA,2022,1140,24311.371224025665,0.005723265072519793,116.0,116.0,3.0,3.0,0.0,0.0,0.0,0.0,101.75438596491227,21.32576423160146,2473.7886508657693,0.02586206896551724,0.0,62.333333333333336,3,0.0
ŞİLE,BUCAKLI,ŞİLE|BUCAKLI,2022,3580,76346.23594913323,0.01797306049089549,24.0,24.0,7.0,7.0,0.8833333333333333,1.0,0.0,0.0,6.70391061452514,21.32576423160146,511.81834155843507,0.2916666666666667,0.8833333333333333,59.0,5,0.0
ŞİLE,DARLIK,ŞİLE|DARLIK,2022,1810,38599.63325919864,0.00908693840461476,12.0,12.0,4.0,4.0,0.0,0.0,0.0,0.0,6.629834254143646,21.32576423160146,255.90917077921753,0.3333333333333333,0.0,36.0,4,0.0
ŞİLE,DEĞİRMENÇAYIRI,ŞİLE|DEĞİRMENÇAYIRI,2022,5320,113453.06571211977,0.0267085703384257,63.0,63.0,6.0,6.0,2.35,1.0,0.0,0.0,11.842105263157896,21.32576423160146,1343.523146590892,0.09523809523809523,2.35,64.91935483870968,0,0.0
ŞİLE,DOĞANCILI,ŞİLE|DOĞANCILI,2022,8480,180842.48068398036,0.0425730594868139,91.0,91.0,13.0,13.0,1.0,1.0,1.0,0.0,10.731132075471697,21.325764231601458,1940.6445450757326,0.14285714285714285,1.0,89.66666666666667,3,0.0
ŞİLE,ERENLER,ŞİLE|ERENLER,2022,1440,30709.100493506103,0.007229387460025002,11.0,11.0,1.0,1.0,0.0,0.0,0.0,0.0,7.638888888888888,21.32576423160146,234.58340654761608,0.09090909090909091,0.0,23.0,5,0.0
ŞİLE,ESENCELİ,ŞİLE|ESENCELİ,2022,690,14714.777319805007,0.00346408149126198,2.0,2.0,0.0,0.0,0.0,0.0,0.0,0.0,2.898550724637681,21.32576423160146,42.65152846320292,0.0,0.0,47.2,5,0.0
ŞİLE,GEREDELİ,ŞİLE|GEREDELİ,2022,6450,137551.17929382942,0.03238163133136199,87.0,87.0,9.0,9.0,9.316666666666666,5.0,0.0,0.0,13.488372093023257,21.32576423160146,1855.341488149327,0.10344827586206896,1.8633333333333333,39.0,4,0.0
ŞİLE,GÖKMAŞLI,ŞİLE|GÖKMAŞLI,2022,1980,42225.013178570895,0.009940407757534377,10.0,10.0,1.0,1.0,2.5666666666666664,1.0,0.0,0.0,5.050505050505051,21.32576423160146,213.2576423160146,0.1,2.5666666666666664,28.75,4,0.0
ŞİLE,GÖKSU,ŞİLE|GÖKSU,2022,2910,62057.97391396025,0.014609387158800525,14.0,14.0,4.0,4.0,4.133333333333333,2.0,0.0,0.0,4.810996563573884,21.32576423160146,298.56069924242047,0.2857142857142857,2.0666666666666664,42.6,10,0.0
ŞİLE,GÖÇE,ŞİLE|GÖÇE,2022,7770,165701.18807954335,0.039008569836384906,59.0,59.0,14.0,14.0,0.0,0.0,0.0,0.0,7.5933075933075935,21.32576423160146,1258.2200896644863,0.23728813559322035,0.0,44.857142857142854,7,0.0
ŞİLE,HACI KASIM,ŞİLE|HACI KASIM,2022,103,2196.5537158549505,0.0005171020197101216,38.0,38.0,11.0,11.0,16.53333333333333,3.0,1.0,0.0,368.93203883495147,21.32576423160146,810.3790408008555,0.2894736842105263,5.51111111111111,374.0,2,0.0
ŞİLE,HACILLI,ŞİLE|HACILLI,2022,2530,53954.183505951696,0.01270163213462726,23.0,23.0,1.0,1.0,0.0,0.0,0.0,0.0,9.09090909090909,21.32576423160146,490.4925773268336,0.043478260869565216,0.0,11.333333333333334,3,0.0
ŞİLE,HASANLI,ŞİLE|HASANLI,2022,2580,55020.47171753177,0.012952652532544795,19.0,19.0,1.0,1.0,10.733333333333333,2.0,0.0,0.0,7.364341085271318,21.32576423160146,405.18952040042774,0.05263157894736842,5.366666666666666,23.0,5,0.0
ŞİLE,KABAKOZ,ŞİLE|KABAKOZ,2022,6570,140110.2710016216,0.03298408028636407,187.0,187.0,40.0,40.0,12.983333333333333,5.0,0.0,0.0,28.462709284627092,21.325764231601458,3987.9179113094724,0.21390374331550802,2.5966666666666667,114.8,5,0.0
ŞİLE,KADIKÖY,ŞİLE|KADIKÖY,2022,1930,41158.72496699082,0.009689387359616842,3.0,3.0,2.0,2.0,0.0,0.0,0.0,0.0,1.5544041450777202,21.32576423160146,63.97729269480438,0.6666666666666666,0.0,35.5,2,0.0
ŞİLE,KALEM,ŞİLE|KALEM,2022,3150,67176.1573295446,0.015814285068804692,26.0,26.0,1.0,1.0,0.0,0.0,0.0,0.0,8.253968253968255,21.32576423160146,554.469870021638,0.038461538461538464,0.0,53.666666666666664,3,0.0
ŞİLE,KARABEYLİ,ŞİLE|KARABEYLİ,2022,2230,47556.454236471254,0.011195509747122051,47.0,47.0,3.0,3.0,1.05,1.0,0.0,0.0,21.076233183856502,21.32576423160146,1002.3109188852686,0.06382978723404255,1.05,68.0,8,0.0
ŞİLE,KARACAKÖY,ŞİLE|KARACAKÖY,2022,2900,61844.71627164423,0.014559183079217016,116.0,116.0,7.0,7.0,13.466666666666667,3.0,0.0,0.0,40.0,21.32576423160146,2473.7886508657693,0.0603448275862069,4.488888888888889,57.8,5,0.0
ŞİLE,KARAKİRAZ,ŞİLE|KARAKİRAZ,2022,2740,58432.593994588,0.013755917805880907,100.0,100.0,0.0,0.0,9.833333333333332,2.0,0.0,0.0,36.4963503649635,21.32576423160146,2132.576423160146,0.0,4.916666666666666,56.2,5,0.0
ŞİLE,KARAMANDERE,ŞİLE|KARAMANDERE,2022,3280,69948.5066796528,0.016466938103390283,50.0,50.0,3.0,3.0,0.0,0.0,0.0,0.0,15.24390243902439,21.32576423160146,1066.288211580073,0.06,0.0,46.0,6,0.0
ŞİLE,KERVANSARAY,ŞİLE|KERVANSARAY,2022,3440,73360.62895670903,0.017270203376726394,71.0,71.0,2.0,2.0,0.0,0.0,0.0,0.0,20.63953488372093,21.32576423160146,1514.1292604437037,0.028169014084507043,0.0,80.25,8,0.0
ŞİLE,KIZILCA,ŞİLE|KIZILCA,2022,5970,127314.81246266072,0.029971835511353653,43.0,43.0,3.0,3.0,21.516666666666666,3.0,2.0,0.0,7.202680067001675,21.32576423160146,917.0078619588628,0.06976744186046512,7.172222222222222,65.6,5,0.0
ŞİLE,KORUCU,ŞİLE|KORUCU,2022,2300,49049.25773268336,0.0115469383042066,7.0,7.0,0.0,0.0,0.0,0.0,0.0,0.0,3.043478260869565,21.32576423160146,149.28034962121023,0.0,0.0,55.25,4,0.0
ŞİLE,KUMBABA,ŞİLE|KUMBABA,2022,3800,81037.90408008554,0.019077550241732643,206.0,206.0,41.0,41.0,45.81666666666666,17.0,0.0,0.0,54.21052631578947,21.325764231601458,4393.1074317099,0.19902912621359223,2.695098039215686,221.33333333333334,3,0.0
ŞİLE,KURFALLI,ŞİLE|KURFALLI,2022,2980,63550.77741017235,0.014960815715885072,34.0,34.0,1.0,1.0,0.0,0.0,0.0,0.0,11.409395973154362,21.325764231601458,725.0759838744495,0.029411764705882353,0.0,61.0,4,0.0
ŞİLE,KURNA,ŞİLE|KURNA,2022,2270,48409.484805735316,0.01139632606545608,52.0,52.0,4.0,4.0,19.566666666666666,3.0,0.0,0.0,22.90748898678414,21.32576423160146,1108.939740043276,0.07692307692307693,6.522222222222222,107.5,2,0.0
ŞİLE,KÖMÜRLÜK,ŞİLE|KÖMÜRLÜK,2022,2320,49475.77301731538,0.011647346463373613,47.0,47.0,0.0,0.0,0.0,0.0,0.0,0.0,20.25862068965517,21.325764231601458,1002.3109188852685,0.0,0.0,76.66666666666667,6,0.0
ŞİLE,MEŞRUTİYET,ŞİLE|MEŞRUTİYET,2022,2109,44976.03676444748,0.010588040384161617,76.0,76.0,30.0,30.0,19.583333333333332,6.0,1.0,0.0,36.03603603603604,21.32576423160146,1620.758081601711,0.39473684210526316,3.263888888888889,123.66666666666667,3,0.0
ŞİLE,ORUÇOĞLU,ŞİLE|ORUÇOĞLU,2022,3970,84663.2839994578,0.019931019594652263,85.0,85.0,0.0,0.0,0.0,0.0,0.0,0.0,21.410579345088163,21.32576423160146,1812.6899596861242,0.0,0.0,73.8,5,0.0
ŞİLE,OSMANKÖY,ŞİLE|OSMANKÖY,2022,2780,59285.624563852056,0.013956734124214934,22.0,22.0,3.0,3.0,1.05,1.0,0.0,0.0,7.913669064748201,21.325764231601458,469.16681309523204,0.13636363636363635,1.05,18.166666666666668,6,0.0
ŞİLE,OVACIK,ŞİLE|OVACIK,2022,1750,37320.087405302555,0.008785713927113718,33.0,33.0,0.0,0.0,0.0,0.0,0.0,0.0,18.857142857142858,21.32576423160146,703.7502196428483,0.0,0.0,42.666666666666664,3,0.0
ŞİLE,SAHİLKÖY,ŞİLE|SAHİLKÖY,2022,9610,204940.59426569004,0.04824612047975019,115.0,115.0,22.0,22.0,7.05,2.0,1.0,1.0,11.966701352757543,21.32576423160146,2452.462886634168,0.19130434782608696,3.525,67.5,4,0.0
ŞİLE,SATMAZLI,ŞİLE|SATMAZLI,2022,4540,96818.96961147063,0.02279265213091216,38.0,38.0,1.0,1.0,3.2333333333333334,1.0,0.0,0.0,8.370044052863436,21.32576423160146,810.3790408008555,0.02631578947368421,3.2333333333333334,45.8,5,0.0
ŞİLE,SOFULAR,ŞİLE|SOFULAR,2022,3020,64403.80797943641,0.015161632034219101,46.0,46.0,3.0,3.0,18.28333333333333,2.0,0.0,2.0,15.2317880794702,21.32576423160146,980.9851546536672,0.06521739130434782,9.141666666666666,89.25,4,0.0
ŞİLE,SORTULLU,ŞİLE|SORTULLU,2022,1250,26657.205289501824,0.00627550994793837,12.0,12.0,1.0,1.0,0.0,0.0,0.0,0.0,9.6,21.32576423160146,255.90917077921753,0.08333333333333333,0.0,16.5,4,0.0
ŞİLE,SOĞULLU,ŞİLE|SOĞULLU,2022,2050,43717.816674783,0.010291836314618927,15.0,15.0,1.0,1.0,0.0,0.0,0.0,0.0,7.317073170731708,21.32576423160146,319.8864634740219,0.06666666666666667,0.0,24.333333333333332,6,0.0
ŞİLE,TEKE,ŞİLE|TEKE,2022,4980,106202.30587337528,0.025001631632586466,36.0,36.0,5.0,5.0,0.0,0.0,2.0,0.0,7.228915662650603,21.32576423160146,767.7275123376526,0.1388888888888889,0.0,22.0,7,0.0
ŞİLE,ULUPELİT,ŞİLE|ULUPELİT,2022,2360,50328.803586579445,0.011848162781707642,12.0,12.0,4.0,4.0,0.0,0.0,0.0,0.0,5.084745762711864,21.32576423160146,255.90917077921753,0.3333333333333333,0.0,47.4,5,0.0
ŞİLE,YAKA,ŞİLE|YAKA,2022,2760,58859.10927922003,0.01385632596504792,25.0,25.0,6.0,6.0,2.35,1.0,0.0,0.0,9.057971014492754,21.32576423160146,533.1441057900365,0.24,2.35,26.0,3,0.0
ŞİLE,YAYLALI,ŞİLE|YAYLALI,2022,670,14288.262035172977,0.003363673332094966,5.0,5.0,0.0,0.0,0.0,0.0,0.0,0.0,7.462686567164179,21.325764231601458,106.62882115800728,0.0,0.0,29.6,5,0.0
ŞİLE,YAZIMANAYIR,ŞİLE|YAZIMANAYIR,2022,2040,43504.559032466976,0.010241632235035419,24.0,24.0,0.0,0.0,0.0,0.0,0.0,0.0,11.76470588235294,21.325764231601458,511.818341558435,0.0,0.0,17.8,5,0.0
ŞİLE,YENİKÖY,ŞİLE|YENİKÖY,2022,4490,95752.68139989056,0.022541631732994623,19.0,19.0,0.0,0.0,0.0,0.0,0.0,0.0,4.231625835189309,21.32576423160146,405.18952040042774,0.0,0.0,64.625,8,0.0
ŞİLE,YEŞİLVADİ,ŞİLE|YEŞİLVADİ,2022,2080,44357.58960173104,0.010442448553369447,46.0,46.0,9.0,9.0,3.2333333333333334,1.0,0.0,0.0,22.115384615384617,21.32576423160146,980.9851546536672,0.1956521739130435,3.2333333333333334,63.55555555555556,9,0.0
ŞİLE,ÇATAKLI,ŞİLE|ÇATAKLI,2022,2430,51821.60708279155,0.01219959133879219,8.0,8.0,1.0,1.0,0.0,0.0,0.0,0.0,3.292181069958848,21.32576423160146,170.6061138528117,0.125,0.0,17.333333333333332,3,0.0
ŞİLE,ÇAVUŞ,ŞİLE|ÇAVUŞ,2022,10500,223920.52443181534,0.052714283562682304,466.0,466.0,82.0,82.0,42.666666666666664,13.0,1.0,0.0,44.38095238095238,21.32576423160146,9937.806131926282,0.1759656652360515,3.282051282051282,141.4,5,0.0
ŞİLE,ÇAYIRBAŞI,ŞİLE|ÇAYIRBAŞI,2022,1132,24140.76511017285,0.0056831018088529875,100.0,100.0,17.0,17.0,10.95,4.0,1.0,0.0,88.33922261484099,21.325764231601458,2132.5764231601456,0.17,2.7375,136.75,4,0.0
ŞİLE,ÇELEBİ,ŞİLE|ÇELEBİ,2022,1730,36893.57212067053,0.008685305767946704,47.0,47.0,1.0,1.0,0.0,0.0,0.0,0.0,27.167630057803468,21.32576423160146,1002.3109188852686,0.02127659574468085,0.0,38.0,3,0.0
ŞİLE,ÇENGİLLİ,ŞİLE|ÇENGİLLİ,2022,2080,44357.58960173104,0.010442448553369447,23.0,23.0,1.0,1.0,10.733333333333333,2.0,0.0,0.0,11.057692307692308,21.32576423160146,490.4925773268336,0.043478260869565216,5.366666666666666,17.0,3,0.0
ŞİLE,ÜVEZLİ,ŞİLE|ÜVEZLİ,2022,4610,98311.77310768273,0.023144080687996706,141.0,141.0,2.0,2.0,0.0,0.0,0.0,2.0,30.585683297180044,21.32576423160146,3006.932756655806,0.014184397163120567,0.0,60.666666666666664,6,0.0
ŞİLE,İMRENDERE,ŞİLE|İMRENDERE,2022,3680,78478.81237229338,0.01847510128673056,59.0,59.0,21.0,21.0,0.0,0.0,0.0,0.0,16.032608695652176,21.32576423160146,1258.2200896644863,0.3559322033898305,0.0,153.14285714285714,7,0.0
ŞİLE,İMRENLİ,ŞİLE|İMRENLİ,2022,3280,69948.5066796528,0.016466938103390283,55.0,55.0,6.0,6.0,17.099999999999998,4.0,0.0,0.0,16.76829268292683,21.32576423160146,1172.9170327380803,0.10909090909090909,4.2749999999999995,96.33333333333333,3,0.0
ŞİLE,İSAKÖY,ŞİLE|İSAKÖY,2022,1600,34121.22277056234,0.008032652733361113,29.0,29.0,6.0,6.0,0.0,0.0,0.0,0.0,18.125,21.32576423160146,618.4471627164423,0.20689655172413793,0.0,35.0,5,0.0
ŞİLE,ŞUAYİPLİ,ŞİLE|ŞUAYİPLİ,2022,2680,57153.048140691906,0.013454693328379863,57.0,57.0,0.0,0.0,0.0,0.0,0.0,0.0,21.26865671641791,21.325764231601458,1215.568561201283,0.0,0.0,53.166666666666664,6,0.0
ŞİŞLİ,19 MAYIS,ŞİŞLİ|19 MAYIS,2022,11607,855856.5385603554,0.04200169352912653,254.0,247.0,109.0,80.0,26.666666666666668,8.0,2.0,0.0,21.88334625656931,73.73624007584694,18729.004979265123,0.42913385826771655,3.3333333333333335,314.0,4,0.0
ŞİŞLİ,BOZKURT,ŞİŞLİ|BOZKURT,2022,10292,758893.3828606167,0.03724316617573621,442.0,429.0,95.0,87.0,62.28333333333333,23.0,2.0,0.0,42.94597745821998,73.73624007584694,32591.418113524345,0.2149321266968326,2.7079710144927533,212.2,5,0.0
ŞİŞLİ,CUMHURİYET,ŞİŞLİ|CUMHURİYET,2022,8097,597042.3358941327,0.02930022508015314,188.0,188.0,129.0,90.0,36.96666666666667,11.0,3.0,0.0,23.218475978757564,73.73624007584695,13862.413134259226,0.6861702127659575,3.360606060606061,313.0,8,0.0
ŞİŞLİ,DUATEPE,ŞİŞLİ|DUATEPE,2022,7731,570054.8720263728,0.027975798455559336,284.0,280.0,140.0,120.0,62.583333333333336,24.0,1.0,0.0,36.735221834174105,73.73624007584695,20941.092181540535,0.49295774647887325,2.607638888888889,292.4,5,0.0
ŞİŞLİ,ERGENEKON,ŞİŞLİ|ERGENEKON,2022,2407,177483.1298625636,0.008710095315293147,81.0,81.0,19.0,15.0,38.733333333333334,10.0,0.0,0.0,33.65184877440797,73.73624007584695,5972.635446143603,0.2345679012345679,3.8733333333333335,278.6666666666667,6,0.0
ŞİŞLİ,ESENTEPE,ŞİŞLİ|ESENTEPE,2022,7332,540634.1122361098,0.0265319563156333,205.0,205.0,50.0,36.0,22.05,6.0,2.0,0.0,27.95962902345881,73.73624007584695,15115.929215548626,0.24390243902439024,3.6750000000000003,232.83333333333334,12,0.0
ŞİŞLİ,ESKİŞEHİR,ŞİŞLİ|ESKİŞEHİR,2022,12092,891618.6149971412,0.04375673973931231,333.0,329.0,65.0,62.0,56.61666666666667,22.0,0.0,0.0,27.538868673503142,73.73624007584694,24554.16794525703,0.19519519519519518,2.5734848484848487,220.5,6,0.0
ŞİŞLİ,FERİKÖY,ŞİŞLİ|FERİKÖY,2022,14081,1038279.9965080009,0.0509542385270639,175.0,168.0,96.0,79.0,61.93333333333334,24.0,4.0,0.0,12.428094595554292,73.73624007584695,12903.842013273217,0.5485714285714286,2.5805555555555557,348.1666666666667,6,0.0
ŞİŞLİ,FULYA,ŞİŞLİ|FULYA,2022,17422,1284632.7746014055,0.06304415479145709,329.0,328.0,67.0,61.0,24.75,9.0,1.0,0.0,18.88416944093675,73.73624007584695,24259.222984953645,0.20364741641337386,2.75,334.42857142857144,7,0.0
ŞİŞLİ,GÜLBAHAR,ŞİŞLİ|GÜLBAHAR,2022,24500,1806537.8818582501,0.0886569735042302,494.0,494.0,105.0,91.0,30.816666666666666,12.0,3.0,0.0,20.16326530612245,73.73624007584695,36425.70259746839,0.2125506072874494,2.5680555555555555,243.71428571428572,7,0.0
ŞİŞLİ,HALASKARGAZİ,ŞİŞLİ|HALASKARGAZİ,2022,1647,121443.58740491992,0.0059599198106721285,358.0,357.0,57.0,46.0,28.483333333333334,11.0,2.0,0.0,217.36490588949604,73.73624007584695,26397.573947153207,0.15921787709497207,2.5893939393939394,191.6,5,0.0
ŞİŞLİ,HALİDE EDİP ADIVAR,ŞİŞLİ|HALİDE EDİP ADIVAR,2022,17077,1259193.7717752382,0.06179571985843833,300.0,283.0,121.0,107.0,19.65,8.0,1.0,0.0,17.56748843473678,73.73624007584694,22120.87202275408,0.4033333333333333,2.45625,224.8,5,0.0
ŞİŞLİ,HALİL RIFAT PAŞA,ŞİŞLİ|HALİL RIFAT PAŞA,2022,6592,486069.29457998305,0.02385415385060757,107.0,107.0,16.0,14.0,15.3,2.0,0.0,0.0,16.231796116504853,73.73624007584694,7889.777688115622,0.14953271028037382,7.65,324.1666666666667,6,0.0
ŞİŞLİ,HARBİYE,ŞİŞLİ|HARBİYE,2022,2157,159049.06984360187,0.007805432320352023,132.0,132.0,28.0,28.0,29.516666666666666,5.0,14.0,0.0,61.1961057023644,73.73624007584695,9733.183690011798,0.21212121212121213,5.903333333333333,184.55555555555554,9,0.0
ŞİŞLİ,KAPTANPAŞA,ŞİŞLİ|KAPTANPAŞA,2022,3275,241486.18624839876,0.011851085233728732,37.0,37.0,5.0,5.0,4.55,1.0,0.0,0.0,11.297709923664122,73.73624007584695,2728.240882806337,0.13513513513513514,4.55,397.0,5,0.0
ŞİŞLİ,KUŞTEPE,ŞİŞLİ|KUŞTEPE,2022,16456,1213403.5666881374,0.05954853697900458,596.0,596.0,73.0,73.0,31.916666666666668,13.0,0.0,0.0,36.217792902284884,73.73624007584695,43946.79908520478,0.12248322147651007,2.4551282051282053,310.0,6,0.0
ŞİŞLİ,MAHMUT ŞEVKET PAŞA,ŞİŞLİ|MAHMUT ŞEVKET PAŞA,2022,18677,1377171.7558965934,0.06758556302606153,346.0,343.0,69.0,68.0,10.466666666666667,2.0,0.0,0.0,18.52545912084382,73.73624007584695,25512.739066243044,0.1994219653179191,5.233333333333333,368.6,5,0.0
ŞİŞLİ,MECİDİYEKÖY,ŞİŞLİ|MECİDİYEKÖY,2022,20006,1475167.218957394,0.07239475150716855,423.0,423.0,120.0,111.0,29.283333333333335,11.0,2.0,0.0,21.14365690292912,73.73624007584694,31190.429552083253,0.28368794326241137,2.662121212121212,397.8,5,0.0
ŞİŞLİ,SARIYER MERKEZ,ŞİŞLİ|SARIYER MERKEZ,2022,13452,991899.9015002932,0.04867810643179203,370.0,360.0,255.0,187.0,39.7,14.0,2.0,0.0,27.50520368718406,73.73624007584695,27282.408828063373,0.6891891891891891,2.835714285714286,341.25,12,0.0
ŞİŞLİ,MEŞRUTİYET,ŞİŞLİ|MEŞRUTİYET,2022,7552,556856.0850527962,0.02732805975118149,247.0,243.0,121.0,97.0,20.700000000000003,6.0,1.0,0.0,32.70656779661017,73.73624007584695,18212.851298734196,0.4898785425101215,3.4500000000000006,268.6666666666667,6,0.0
ŞİŞLİ,PAŞA,ŞİŞLİ|PAŞA,2022,19569,1442944.4820442488,0.07081340059201147,422.0,413.0,58.0,56.0,36.11666666666667,10.0,2.0,0.0,21.564719709745006,73.73624007584695,31116.693312007414,0.13744075829383887,3.611666666666667,324.25,8,0.0
ŞİŞLİ,TEŞVİKİYE,ŞİŞLİ|TEŞVİKİYE,2022,11274,831302.3706150984,0.04079668241986495,310.0,302.0,56.0,45.0,11.3,2.0,10.0,0.0,27.496895511797057,73.73624007584694,22858.23442351255,0.18064516129032257,5.65,224.0,9,0.0
ŞİŞLİ,YAYLA,ŞİŞLİ|YAYLA,2022,11657,859543.3505641478,0.042182626128114756,235.0,231.0,12.0,10.0,39.46666666666667,8.0,0.0,0.0,20.159560778931112,73.73624007584694,17328.01641782403,0.05106382978723404,4.933333333333334,420.0,5,0.0
ŞİŞLİ,İNÖNÜ,ŞİŞLİ|İNÖNÜ,2022,3608,266040.3541936558,0.01305609634299031,219.0,219.0,19.0,17.0,38.85,9.0,6.0,0.0,60.69844789356985,73.73624007584695,16148.236576610481,0.0867579908675799,4.316666666666666,172.33333333333334,6,0.0
ŞİŞLİ,İZZET PAŞA,ŞİŞLİ|İZZET PAŞA,2022,7786,574110.3652305444,0.028174824314446383,210.0,210.0,113.0,104.0,13.183333333333334,6.0,1.0,0.0,26.97148728487028,73.73624007584695,15484.61041592786,0.5380952380952381,2.1972222222222224,443.3333333333333,3,0.0
ADALAR,BURGAZADA,ADALAR|BURGAZADA,2023,1503,139393.96335596126,0.09905753641336584,314.0,271.0,12.0,12.0,0.0,0.0,1.0,0.0,208.91550232867598,92.74382126145127,29121.5598760957,0.03821656050955414,0.0,232.4,0,-0.3525773195876289
ADALAR,HEYBELİADA,ADALAR|HEYBELİADA,2023,4057,376261.6828577077,0.2673828511171159,193.0,180.0,20.0,18.0,0.0,0.0,3.0,0.0,47.57209760907074,92.74382126145125,17899.55750346009,0.10362694300518134,0.0,232.4,0,-0.3298611111111111
ADALAR,KINALIADA,ADALAR|KINALIADA,2023,1847,171297.83786990048,0.12172938772820141,283.0,262.0,35.0,33.0,32.839444444444446,5.0,0.0,0.0,153.22144017325394,92.74382126145126,26246.501416990708,0.12367491166077739,6.5678888888888896,232.4,0,-0.32779097387173395
ADALAR,MADEN,ADALAR|MADEN,2023,4013,372180.9547222039,0.2644829631582416,222.0,217.0,47.0,46.0,8.303333333333333,3.0,2.0,0.0,55.32020931971094,92.74382126145126,20589.12832004218,0.21171171171171171,2.7677777777777774,150.0,1,0.16842105263157894
ADALAR,NİZAM,ADALAR|NİZAM,2023,3753,348067.5611942266,0.2473472615830752,150.0,145.0,39.0,39.0,5.045277777777778,2.0,2.0,0.0,39.968025579536366,92.74382126145127,13911.573189217692,0.26,2.522638888888889,222.0,1,-0.22279792746113988
ARNAVUTKÖY,ADNAN MENDERES,ARNAVUTKÖY|ADNAN MENDERES,2023,4943,309094.8760267362,0.01476946428944923,106.0,106.0,130.0,130.0,145.89291666666668,12.0,2.0,0.0,21.444466922921304,62.53183816037553,6628.374844999806,1.2264150943396226,12.157743055555557,165.33333333333334,6,0.65625
ARNAVUTKÖY,ANADOLU,ARNAVUTKÖY|ANADOLU,2023,58740,3673120.173540458,0.17551250907591498,425.0,425.0,273.5,270.0,145.89291666666668,26.0,5.0,0.0,7.235274089206674,62.53183816037552,26576.0312181596,0.6435294117647059,5.611266025641026,335.0,4,-0.19659735349716445
ARNAVUTKÖY,ARNAVUTKÖY MERKEZ,ARNAVUTKÖY|ARNAVUTKÖY MERKEZ,2023,19951,1247572.703137652,0.059612701201456925,470.0,470.0,273.5,270.0,145.89291666666668,30.0,0.0,0.0,23.55771640519272,62.53183816037552,29389.963935376494,0.5819148936170213,4.863097222222223,271.875,8,0.6040955631399317
ARNAVUTKÖY,ATATÜRK,ARNAVUTKÖY|ATATÜRK,2023,13124,820667.8440167685,0.03921392865359735,179.0,179.0,41.0,41.0,45.200833333333335,8.0,0.0,0.0,13.63913441024078,62.531838160375536,11193.199030707221,0.22905027932960895,5.650104166666667,278.8,5,0.967032967032967
ARNAVUTKÖY,BAKLALI,ARNAVUTKÖY|BAKLALI,2023,818,51151.04361518718,0.0024441476408596946,94.0,94.0,18.0,18.0,20.177777777777777,4.0,0.0,0.0,114.91442542787286,62.53183816037553,5877.9927870753,0.19148936170212766,5.044444444444444,161.0,4,-0.17543859649122806
ARNAVUTKÖY,BALABAN,ARNAVUTKÖY|BALABAN,2023,340,21260.824974527677,0.001015904887398895,67.0,67.0,2.0,2.0,30.823333333333334,7.0,0.0,0.0,197.05882352941177,62.53183816037552,4189.63315674516,0.029850746268656716,4.403333333333333,62.375,8,-0.32323232323232326
ARNAVUTKÖY,BOLLUCA,ARNAVUTKÖY|BOLLUCA,2023,9756,610060.6130926237,0.02915049435724594,282.0,282.0,70.0,70.0,145.89291666666668,12.0,0.0,0.0,28.90528905289053,62.53183816037553,17633.978361225898,0.24822695035460993,12.157743055555557,181.83333333333334,6,3.8620689655172415
ARNAVUTKÖY,BOYALIK,ARNAVUTKÖY|BOYALIK,2023,402,25137.798940470962,0.0012011581315716348,69.0,69.0,8.0,8.0,21.323333333333334,4.0,0.0,0.0,171.6417910447761,62.53183816037553,4314.696833065911,0.11594202898550725,5.3308333333333335,83.2,5,-0.30303030303030304
ARNAVUTKÖY,BOĞAZKÖY İSTİKLAL,ARNAVUTKÖY|BOĞAZKÖY İSTİKLAL,2023,12696,793904.2172841277,0.037935083677695214,220.0,220.0,254.0,254.0,145.89291666666668,18.0,1.0,3.0,17.328292375551356,62.53183816037553,13757.004395282616,1.1545454545454545,8.105162037037038,208.45454545454547,11,-0.004524886877828055
ARNAVUTKÖY,DELİKLİKAYA,ARNAVUTKÖY|DELİKLİKAYA,2023,855,53464.72162712108,0.002554701996253104,126.0,126.0,86.0,86.0,145.89291666666668,6.0,0.0,1.0,147.36842105263156,62.53183816037553,7879.011608207316,0.6825396825396826,24.315486111111113,307.0,5,-0.11888111888111888
ARNAVUTKÖY,DURSUNKÖY,ARNAVUTKÖY|DURSUNKÖY,2023,441,27576.540628725605,0.0013176883980673903,73.0,73.0,2.0,2.0,145.89291666666668,4.0,0.0,0.0,165.5328798185941,62.53183816037552,4564.824185707413,0.0273972602739726,36.47322916666667,171.57142857142858,7,0.30357142857142855
ARNAVUTKÖY,DURUSU,ARNAVUTKÖY|DURUSU,2023,784,49024.96111773441,0.002342557152119805,47.0,47.0,4.0,4.0,23.368055555555557,5.0,2.0,0.0,59.94897959183673,62.53183816037553,2938.99639353765,0.0851063829787234,4.673611111111112,190.0,3,-0.04081632653061224
ARNAVUTKÖY,FATİH,ARNAVUTKÖY|FATİH,2023,3948,246875.6970571626,0.011796448516031876,76.0,76.0,93.0,93.0,145.89291666666668,15.0,0.0,0.0,19.250253292806487,62.53183816037553,4752.41970018854,1.2236842105263157,9.726194444444445,227.0,4,-0.07317073170731707
ARNAVUTKÖY,HACIMAŞLI,ARNAVUTKÖY|HACIMAŞLI,2023,274,17133.723655942893,0.0008186998210214625,48.0,48.0,35.0,35.0,145.89291666666668,11.0,0.0,0.0,175.18248175182484,62.53183816037552,3001.528231698025,0.7291666666666666,13.262992424242425,248.83333333333334,6,0.6
ARNAVUTKÖY,HADIMKÖY,ARNAVUTKÖY|HADIMKÖY,2023,27479,1718312.3808089592,0.08210603059068894,401.0,401.0,137.0,137.0,145.89291666666668,23.0,2.0,39.0,14.592961898176789,62.531838160375536,25075.26710231059,0.341645885286783,6.343170289855073,133.4,5,0.2770700636942675
ARNAVUTKÖY,HARAÇÇI,ARNAVUTKÖY|HARAÇÇI,2023,8756,547528.7749322482,0.02616253880607272,200.0,200.0,55.0,55.0,69.28722222222223,13.0,1.0,1.0,22.841480127912288,62.531838160375536,12506.367632075107,0.275,5.329786324786325,159.75,8,0.04712041884816754
ARNAVUTKÖY,HASTANE,ARNAVUTKÖY|HASTANE,2023,4411,275827.9381254164,0.013179871936225076,314.0,314.0,270.0,270.0,145.89291666666668,18.0,3.0,8.0,71.18567218317843,62.531838160375514,19634.99718235791,0.8598726114649682,8.105162037037038,156.2,5,0.4017857142857143
ARNAVUTKÖY,HİCRET,ARNAVUTKÖY|HİCRET,2023,4034,252253.43513895487,0.012053412693432772,58.0,58.0,16.0,16.0,145.89291666666668,8.0,1.0,0.0,14.377788795240455,62.53183816037553,3626.8466133017805,0.27586206896551724,18.236614583333335,286.1666666666667,6,0.2608695652173913
ARNAVUTKÖY,KARABURUN,ARNAVUTKÖY|KARABURUN,2023,1570,98174.98591178957,0.004691090215341956,127.0,127.0,21.0,21.0,25.46861111111111,6.0,0.0,0.0,80.89171974522293,62.53183816037552,7941.543446367691,0.16535433070866143,4.244768518518518,79.66666666666667,3,0.06722689075630252
ARNAVUTKÖY,KARLIBAYIR,ARNAVUTKÖY|KARLIBAYIR,2023,13844,865690.7674922389,0.04136525665044207,223.0,223.0,108.0,108.0,63.12083333333333,15.0,1.0,0.0,16.10806125397284,62.531838160375536,13944.599909763745,0.484304932735426,4.208055555555555,298.0,4,0.1989247311827957
ARNAVUTKÖY,MAREŞAL FEVZİ ÇAKMAK,ARNAVUTKÖY|MAREŞAL FEVZİ ÇAKMAK,2023,6745,421777.2483917329,0.020153760192663375,196.0,196.0,77.0,77.0,145.89291666666668,18.0,2.0,0.0,29.058561897702003,62.53183816037553,12256.240279433603,0.39285714285714285,8.105162037037038,210.0,7,0.4306569343065693
ARNAVUTKÖY,MAVİGÖL,ARNAVUTKÖY|MAVİGÖL,2023,10033,627381.9322630477,0.029978158044920922,242.0,242.0,66.0,66.0,145.89291666666668,12.0,0.0,0.0,24.12040267118509,62.53183816037553,15132.704834810878,0.2727272727272727,12.157743055555557,170.0,2,1.8470588235294119
ARNAVUTKÖY,MEHMET AKİF ERSOY,ARNAVUTKÖY|MEHMET AKİF ERSOY,2023,7045,440536.7998398456,0.02105014685801534,116.0,116.0,33.0,33.0,145.89291666666668,19.0,3.0,0.0,16.465578424414478,62.531838160375536,7253.693226603562,0.28448275862068967,7.67857456140351,189.0,5,0.1262135922330097
ARNAVUTKÖY,MUSTAFA KEMALPAŞA,ARNAVUTKÖY|MUSTAFA KEMALPAŞA,2023,13678,855310.4823576165,0.040869256028947316,368.0,368.0,206.0,206.0,145.89291666666668,26.0,3.0,0.0,26.90451820441585,62.531838160375536,23011.7164430182,0.5597826086956522,5.611266025641026,287.6666666666667,6,0.1536050156739812
ARNAVUTKÖY,NENEHATUN,ARNAVUTKÖY|NENEHATUN,2023,7967,498191.15462371183,0.02380504187619705,178.0,178.0,91.0,91.0,145.89291666666668,20.0,2.0,0.0,22.34216141584034,62.53183816037553,11130.667192546844,0.5112359550561798,7.294645833333334,332.0,4,0.2714285714285714
ARNAVUTKÖY,SAZLIBOSNA,ARNAVUTKÖY|SAZLIBOSNA,2023,1038,64908.0480104698,0.0031014978621178033,46.0,46.0,17.0,17.0,29.88277777777778,5.0,2.0,0.0,44.31599229287091,62.53183816037553,2876.4645553772743,0.3695652173913043,5.976555555555556,151.875,8,-0.17857142857142858
ARNAVUTKÖY,TAYAKADIN,ARNAVUTKÖY|TAYAKADIN,2023,3478,217485.73312178606,0.010392109406980462,398.0,398.0,79.0,79.0,53.49111111111111,11.0,2.0,0.0,114.43358251868891,62.53183816037552,24887.671587829456,0.1984924623115578,4.862828282828283,108.25,8,-0.08505747126436781
ARNAVUTKÖY,TAŞOLUK,ARNAVUTKÖY|TAŞOLUK,2023,14756,922719.8038945013,0.04409027211311205,154.0,154.0,252.0,252.0,145.89291666666668,15.0,0.0,0.0,10.436432637571158,62.53183816037553,9629.903076697832,1.6363636363636365,9.726194444444445,220.6,5,0.2125984251968504
ARNAVUTKÖY,TERKOS,ARNAVUTKÖY|TERKOS,2023,906,56653.845373300224,0.002707087729362938,104.0,104.0,8.0,8.0,30.264166666666668,7.0,0.0,0.0,114.79028697571744,62.53183816037552,6503.311168679054,0.07692307692307693,4.323452380952381,124.28571428571429,7,-0.24087591240875914
ARNAVUTKÖY,YASSIÖREN,ARNAVUTKÖY|YASSIÖREN,2023,646,40395.56745160259,0.0019302192860579006,78.0,78.0,30.0,30.0,145.89291666666668,11.0,0.0,5.0,120.74303405572756,62.53183816037553,4877.483376509291,0.38461538461538464,13.262992424242425,138.44444444444446,9,0.5918367346938775
ARNAVUTKÖY,YAVUZ SELİM,ARNAVUTKÖY|YAVUZ SELİM,2023,12938,809036.9221189385,0.03865816892107913,259.0,259.0,76.0,76.0,145.89291666666668,13.0,0.0,1.0,20.01855000772917,62.53183816037552,16195.74608353726,0.29343629343629346,11.222532051282052,292.0,4,-0.1590909090909091
ARNAVUTKÖY,YENİKÖY,ARNAVUTKÖY|YENİKÖY,2023,1529,95611.18054721419,0.004568584037743855,68.0,68.0,16.0,16.0,32.20055555555555,8.0,1.0,0.0,44.47351209941138,62.53183816037553,4252.164994905536,0.23529411764705882,4.025069444444444,193.0,5,-0.20930232558139536
ARNAVUTKÖY,YEŞİLBAYIR,ARNAVUTKÖY|YEŞİLBAYIR,2023,6360,397702.4906999884,0.019003397305461685,79.0,79.0,13.0,13.0,145.89291666666668,2.0,0.0,17.0,12.421383647798743,62.53183816037553,4940.015214669666,0.16455696202531644,72.94645833333334,201.6,5,-0.18556701030927836
ARNAVUTKÖY,YUNUS EMRE,ARNAVUTKÖY|YUNUS EMRE,2023,20019,1251824.8681325577,0.059815882178936707,186.0,186.0,206.0,206.0,145.89291666666668,15.0,1.0,0.0,9.29117338528398,62.53183816037553,11630.921897829849,1.10752688172043,9.726194444444445,323.5,4,0.17721518987341772
ARNAVUTKÖY,ÇİLİNGİR,ARNAVUTKÖY|ÇİLİNGİR,2023,1175,73474.90983844124,0.003510847772628534,115.0,115.0,22.0,22.0,77.51805555555555,12.0,2.0,0.0,97.87234042553192,62.53183816037552,7191.161388443185,0.19130434782608696,6.459837962962962,149.83333333333334,6,-0.008620689655172414
ARNAVUTKÖY,ÖMERLİ,ARNAVUTKÖY|ÖMERLİ,2023,7562,472865.76016875973,0.022594919877971895,156.0,156.0,50.0,50.0,145.89291666666668,22.0,1.0,39.0,20.629463104998678,62.53183816037553,9754.966753018582,0.32051282051282054,6.631496212121212,299.55555555555554,9,0.2283464566929134
ARNAVUTKÖY,İMRAHOR,ARNAVUTKÖY|İMRAHOR,2023,11098,693978.3399038477,0.033160330706920406,289.0,289.0,56.0,56.0,145.89291666666668,8.0,1.0,1.0,26.04072805910975,62.531838160375536,18071.70122834853,0.19377162629757785,18.236614583333335,209.8181818181818,11,-0.017006802721088437
ARNAVUTKÖY,İSLAMBEY,ARNAVUTKÖY|İSLAMBEY,2023,20538,1284278.8921377927,0.06136663110999561,505.0,505.0,271.0,270.0,145.89291666666668,22.0,1.0,0.0,24.58856753335281,62.53183816037553,31578.57827098964,0.5366336633663367,6.631496212121212,278.25,8,0.25
ATAŞEHİR,ATATÜRK,ATAŞEHİR|ATATÜRK,2023,28662,1737643.5308385359,0.06992556594037956,410.0,410.0,77.0,77.0,145.89291666666668,12.0,16.0,0.0,14.304654246040053,60.62534124759388,24856.389911513492,0.1878048780487805,12.157743055555557,511.5,7,-0.1257995735607676
ATAŞEHİR,AŞIKVEYSEL,ATAŞEHİR|AŞIKVEYSEL,2023,13767,834629.072955625,0.03358681411978248,471.0,468.0,158.0,158.0,45.58638888888889,11.0,2.0,0.0,34.21224667683592,60.62534124759389,28554.53572761672,0.3354564755838641,4.144217171717172,629.3333333333334,6,0.030634573304157548
ATAŞEHİR,BARBAROS,ATAŞEHİR|BARBAROS,2023,30812,1867988.0145208626,0.07517083726728682,877.75,872.75,90.0,90.0,53.74583333333333,10.0,17.0,1.0,28.487277684019215,60.62534124759388,53213.89328007553,0.10253489034463116,5.374583333333333,528.8333333333334,9,0.0
ATAŞEHİR,ESATPAŞA,ATAŞEHİR|ESATPAŞA,2023,26384,1599539.003476517,0.06436801799494014,877.75,872.75,273.5,270.0,145.89291666666668,7.0,4.0,0.0,33.26826864766525,60.62534124759389,53213.893280075536,0.31159213899174026,20.84184523809524,655.25,5,0.0
ATAŞEHİR,FERHATPAŞA,ATAŞEHİR|FERHATPAŞA,2023,28143,1706178.9787310346,0.06865938183867497,671.0,671.0,211.0,211.0,145.89291666666668,8.0,1.0,1.0,23.842518565895606,60.62534124759388,40679.60397713549,0.3144560357675112,18.236614583333335,267.2,5,-0.21885913853317812
ATAŞEHİR,FETİH,ATAŞEHİR|FETİH,2023,11578,701920.200964642,0.028246396010666197,172.0,164.0,45.0,45.0,145.89291666666668,2.0,3.0,0.0,14.855760925893938,60.62534124759389,10427.558694586149,0.2616279069767442,72.94645833333334,793.8,5,-0.10416666666666667
ATAŞEHİR,KAYIŞDAĞI,ATAŞEHİR|KAYIŞDAĞI,2023,43004,2607132.1750115273,0.10491518518247445,877.75,872.75,273.5,270.0,145.89291666666668,10.0,8.0,2.0,20.41089201004558,60.62534124759388,53213.89328007553,0.31159213899174026,14.589291666666668,461.46875,8,0.0
ATAŞEHİR,KÜÇÜKBAKKALKÖY,ATAŞEHİR|KÜÇÜKBAKKALKÖY,2023,29039,1760499.284488879,0.07084531816840005,679.0,679.0,122.0,122.0,145.89291666666668,12.0,43.0,2.0,23.38234787699301,60.62534124759389,41164.60670711625,0.1796759941089838,12.157743055555557,760.8125,4,-0.22643121617772716
ATAŞEHİR,MEVLANA,ATAŞEHİR|MEVLANA,2023,18594,1127267.5951577607,0.045363058163959864,470.0,470.0,108.0,108.0,145.89291666666668,6.0,5.0,0.0,25.27697106593525,60.62534124759388,28493.910386369123,0.2297872340425532,24.315486111111113,471.1875,4,0.1111111111111111
ATAŞEHİR,MUSTAFA KEMAL,ATAŞEHİR|MUSTAFA KEMAL,2023,14354,870216.1482679626,0.035018895175082276,877.75,872.75,154.0,154.0,59.041666666666664,15.0,1.0,0.0,61.15020203427616,60.62534124759389,53213.893280075536,0.17544859014525777,3.936111111111111,602.875,6,0.25035612535612534
ATAŞEHİR,MİMAR SİNAN,ATAŞEHİR|MİMAR SİNAN,2023,9614,582852.0307543676,0.023454901645063468,327.0,327.0,34.0,34.0,145.89291666666668,6.0,0.0,0.0,34.012897857291456,60.62534124759388,19824.486587963198,0.10397553516819572,24.315486111111113,477.95,5,-0.11859838274932614
ATAŞEHİR,SEYMEN ÇAMLICA,ATAŞEHİR|SEYMEN ÇAMLICA,2023,12833,778005.0042303723,0.03130817066893067,323.0,323.0,67.0,67.0,145.89291666666668,8.0,1.0,1.0,25.16948492168628,60.62534124759388,19581.985222972824,0.20743034055727555,18.236614583333335,430.14285714285717,7,-0.23459715639810427
ATAŞEHİR,YENİSAHRA,ATAŞEHİR|YENİSAHRA,2023,9487,575152.6124159232,0.023145064687613598,489.0,489.0,61.0,61.0,59.090555555555554,14.0,1.0,1.0,51.54421840413197,60.62534124759388,29645.791870073408,0.12474437627811862,4.220753968253968,833.6,5,-0.22257551669316375
ATAŞEHİR,ESENŞEHİR,ATAŞEHİR|ESENŞEHİR,2023,10674,647114.8924768171,0.026040942392282863,357.0,357.0,33.0,33.0,145.89291666666668,3.0,3.0,0.0,33.44575604272063,60.62534124759389,21643.24682539102,0.09243697478991597,48.630972222222226,482.82142857142856,7,0.3522727272727273
ATAŞEHİR,ÖRNEK,ATAŞEHİR|ÖRNEK,2023,26099,1582260.7812209527,0.06367271458648964,877.75,872.75,203.0,202.0,145.89291666666668,12.0,4.0,0.0,33.631556764627,60.62534124759388,53213.89328007553,0.2312731415551125,12.157743055555557,663.2857142857143,7,0.0
ATAŞEHİR,İNÖNÜ,ATAŞEHİR|İNÖNÜ,2023,25255,1531092.9932079837,0.06161364063304326,523.0,523.0,174.0,174.0,145.89291666666668,5.0,4.0,0.0,20.70877054048703,60.62534124759389,31707.053472491603,0.3326959847036329,29.178583333333336,603.1,5,-0.4041583594417545
ATAŞEHİR,İÇERENKÖY,ATAŞEHİR|İÇERENKÖY,2023,71594,4340410.681280237,0.17466509552492968,877.75,872.75,273.5,270.0,145.89291666666668,8.0,14.0,12.0,12.260105595440958,60.62534124759389,53213.893280075536,0.31159213899174026,18.236614583333335,648.8541666666666,12,0.0
AVCILAR,AMBARLI,AVCILAR|AMBARLI,2023,35938,1831027.611757209,0.08419627210450853,380.0,380.0,123.0,123.0,145.89291666666668,9.0,10.0,0.0,10.573765930213145,50.94962468020505,19360.85737847792,0.3236842105263158,16.210324074074077,589.6875,4,-0.14606741573033707
AVCILAR,CİHANGİR,AVCILAR|CİHANGİR,2023,61128,3114448.6574515738,0.14321191277211856,613.0,613.0,233.0,232.0,80.41777777777777,19.0,5.0,4.0,10.028137678314357,50.94962468020504,31232.11992896569,0.3800978792822186,4.232514619883041,373.125,6,0.6434316353887399
AVCILAR,DENİZKÖŞKLER,AVCILAR|DENİZKÖŞKLER,2023,40179,2047104.9700259585,0.09413217254402159,497.0,497.0,273.5,270.0,145.89291666666668,7.0,4.0,1.0,12.369645834888871,50.94962468020505,25321.96346606191,0.5503018108651911,20.84184523809524,438.75,4,-0.031189083820662766
AVCILAR,FİRUZKÖY,AVCILAR|FİRUZKÖY,2023,23919,1218664.0727258243,0.05603791620200733,571.0,571.0,167.0,167.0,9.725833333333332,4.0,10.0,2.0,23.87223546134872,50.94962468020504,29092.235692397076,0.29246935201401053,2.431458333333333,330.09375,8,0.23060344827586207
AVCILAR,GÜMÜŞPALA,AVCILAR|GÜMÜŞPALA,2023,35348,1800967.333195888,0.0828140081904994,490.0,490.0,273.5,270.0,11.155,3.0,5.0,0.0,13.862170419825734,50.94962468020505,24965.316093300473,0.5581632653061225,3.7183333333333333,376.25,4,-0.04296875
AVCILAR,SARIYER MERKEZ,AVCILAR|SARIYER MERKEZ,2023,28154,1434435.733246493,0.06595975972036099,371.0,371.0,273.5,270.0,145.89291666666668,11.0,5.0,0.0,13.177523620089508,50.94962468020505,18902.310756356073,0.7371967654986523,13.262992424242425,420.6,5,0.3639705882352941
AVCILAR,MUSTAFA KEMALPAŞA,AVCILAR|MUSTAFA KEMALPAŞA,2023,42911,2186299.3446522783,0.10053275731194182,304.0,304.0,273.5,270.0,3.4327777777777775,2.0,7.0,1.0,7.084430565589243,50.949624680205034,15488.68590278233,0.899671052631579,1.7163888888888887,331.8,5,0.07801418439716312
AVCILAR,TAHTAKALE,AVCILAR|TAHTAKALE,2023,56152,2860923.3250428736,0.13155403949057717,404.0,404.0,185.0,185.0,49.278888888888886,7.0,18.0,2.0,7.19475708790426,50.94962468020504,20583.648370802835,0.45792079207920794,7.039841269841269,554.0833333333334,6,0.04935064935064935
AVCILAR,YEŞİLKENT,AVCILAR|YEŞİLKENT,2023,76042,3874311.359932152,0.17815273313403743,877.75,872.75,267.0,267.0,145.89291666666668,14.0,10.0,0.0,11.542963099339838,50.94962468020505,44721.03306304998,0.3041868413557391,10.42092261904762,284.55555555555554,9,0.39325396825396824
AVCILAR,ÜNİVERSİTE,AVCILAR|ÜNİVERSİTE,2023,27065,1378951.5919697497,0.06340842852992719,123.0,123.0,60.0,60.0,3.4327777777777775,2.0,7.0,0.0,4.5446148161832625,50.94962468020505,6266.8038356652205,0.4878048780487805,1.7163888888888887,469.8,5,-0.15172413793103448
BAHÇELİEVLER,BAHÇELİEVLER,BAHÇELİEVLER|BAHÇELİEVLER,2023,57986,2608341.46650247,0.09061969141233632,638.0,638.0,176.0,164.0,14.35,5.0,29.0,0.0,11.002655813472217,44.98226238234177,28698.683399934052,0.27586206896551724,2.87,305.9166666666667,12,0.3720430107526882
BAHÇELİEVLER,CUMHURİYET,BAHÇELİEVLER|CUMHURİYET,2023,39241,1765148.9581454734,0.061325273526566575,313.0,313.0,126.0,111.0,9.166666666666666,3.0,5.0,0.0,7.976351265258275,44.98226238234177,14079.448125672974,0.402555910543131,3.0555555555555554,375.6666666666667,6,0.043333333333333335
BAHÇELİEVLER,FEVZİ ÇAKMAK,BAHÇELİEVLER|FEVZİ ÇAKMAK,2023,23814,1071207.596373087,0.03721617858264714,195.0,195.0,65.0,55.0,26.766666666666666,7.0,2.0,0.0,8.188460569412952,44.98226238234177,8771.541164556646,0.3333333333333333,3.8238095238095235,354.75,4,0.02631578947368421
BAHÇELİEVLER,HÜRRİYET,BAHÇELİEVLER|HÜRRİYET,2023,45625,2052315.7211943432,0.07130209741468362,439.0,439.0,208.0,187.0,27.81,11.0,0.0,0.0,9.621917808219179,44.982262382341766,19747.213185848035,0.47380410022779046,2.528181818181818,466.75,4,-0.12375249500998003
BAHÇELİEVLER,KOCASINAN MERKEZ,BAHÇELİEVLER|KOCASINAN MERKEZ,2023,74900,3369171.4524373985,0.11705264868733815,0.0,0.0,0.0,0.0,0.0,0.0,0.0,0.0,0.0,44.982262382341766,0.0,0.0,0.0,426.5,0,0.0
BAHÇELİEVLER,KOCASİNAN MERKEZ,BAHÇELİEVLER|KOCASİNAN MERKEZ,2023,70612,3176287.5113419173,0.11035142361963046,623.0,620.0,259.0,191.0,34.013888888888886,10.0,15.0,1.0,8.822862969466946,44.98226238234177,28023.949464198926,0.4157303370786517,3.4013888888888886,383.0,12,-0.2231920199501247
BAHÇELİEVLER,SOĞANLI,BAHÇELİEVLER|SOĞANLI,2023,62585,2815214.8911988596,0.09780694283173642,593.0,593.0,273.5,210.0,14.410277777777779,6.0,4.0,0.0,9.475113845170567,44.982262382341766,26674.481592728665,0.4612141652613828,2.401712962962963,415.7142857142857,7,-0.006700167504187605
BAHÇELİEVLER,SİYAVUŞPAŞA,BAHÇELİEVLER|SİYAVUŞPAŞA,2023,61139,2750170.5397939933,0.09554715471422119,423.0,423.0,273.5,249.0,26.373333333333335,10.0,1.0,0.0,6.918660756636516,44.982262382341766,19027.496987730567,0.6465721040189125,2.6373333333333333,594.6666666666666,3,-0.20786516853932585
BAHÇELİEVLER,YENİBOSNA MERKEZ,BAHÇELİEVLER|YENİBOSNA MERKEZ,2023,36071,1622555.18639345,0.05637124286783678,375.0,373.0,189.0,136.0,53.93555555555555,14.0,15.0,6.0,10.396163122730172,44.98226238234177,16868.348393378164,0.504,3.8525396825396823,505.7916666666667,12,-0.17400881057268722
BAHÇELİEVLER,ZAFER,BAHÇELİEVLER|ZAFER,2023,81768,3678109.6304793223,0.12778586085268714,613.0,613.0,206.0,159.0,37.178333333333335,11.0,6.0,0.0,7.4968202719890416,44.98226238234177,27574.126840375506,0.3360522022838499,3.379848484848485,342.0,5,0.10251798561151079
BAHÇELİEVLER,ÇOBANÇEŞME,BAHÇELİEVLER|ÇOBANÇEŞME,2023,31334,1409474.209488297,0.048968327022283764,353.0,353.0,74.0,69.0,37.350833333333334,11.0,1.0,0.0,11.265717750686155,44.98226238234177,15878.738620966646,0.2096317280453258,3.395530303030303,216.0,3,0.05373134328358209
BAHÇELİEVLER,ŞİRİNEVLER,BAHÇELİEVLER|ŞİRİNEVLER,2023,54808,2465387.836651388,0.08565315846803244,553.0,553.0,239.0,217.0,17.75583333333333,7.0,15.0,0.0,10.089767917092395,44.98226238234178,24875.191097435003,0.4321880650994575,2.5365476190476186,443.2857142857143,7,0.051330798479087454
BAKIRKÖY,ATAKÖY 1. KISIM,BAKIRKÖY|ATAKÖY 1. KISIM,2023,1393,115614.44795588739,0.007450154030463803,16.0,16.0,2.0,2.0,11.333333333333334,3.0,0.0,0.0,11.48600143575018,82.99673220092419,1327.947715214787,0.125,3.777777777777778,64.0,3,-0.38461538461538464
BAKIRKÖY,ATAKÖY 2-5-6. KISIM,BAKIRKÖY|ATAKÖY 2-5-6. KISIM,2023,11885,986416.162207984,0.06356430771863769,37.0,37.0,13.0,13.0,14.180833333333334,4.0,1.0,0.0,3.1131678586453515,82.99673220092419,3070.879091434195,0.35135135135135137,3.5452083333333335,44.75,4,-0.4861111111111111
BAKIRKÖY,ATAKÖY 3-4-11. KISIM,BAKIRKÖY|ATAKÖY 3-4-11. KISIM,2023,7675,636999.9196420931,0.0410480489474585,28.0,28.0,11.0,11.0,11.833333333333332,3.0,0.0,0.0,3.6482084690553744,82.99673220092419,2323.9085016258773,0.39285714285714285,3.944444444444444,113.4,5,-0.6164383561643836
BAKIRKÖY,ATAKÖY 7-8-9-10. KISIM,BAKIRKÖY|ATAKÖY 7-8-9-10. KISIM,2023,24196,2008188.9323335618,0.12940698271435908,78.0,78.0,27.0,27.0,16.91638888888889,5.0,5.0,0.0,3.223673334435444,82.9967322009242,6473.745111672088,0.34615384615384615,3.383277777777778,324.9166666666667,12,-0.09302325581395349
BAKIRKÖY,BASINKÖY,BAKIRKÖY|BASINKÖY,2023,5571,462374.7950913486,0.029795267841862056,39.0,39.0,12.0,12.0,0.0,0.0,2.0,0.0,7.000538502961766,82.99673220092417,3236.8725558360425,0.3076923076923077,0.0,410.6666666666667,3,-0.38095238095238093
BAKIRKÖY,CEVİZLİK,BAKIRKÖY|CEVİZLİK,2023,5108,423947.3080823207,0.02731901420503166,132.0,132.0,68.0,68.0,15.604722222222222,5.0,5.0,0.0,25.841816758026624,82.99673220092419,10955.568650521993,0.5151515151515151,3.1209444444444445,186.25,4,-0.07042253521126761
BAKIRKÖY,KARTALTEPE,BAKIRKÖY|KARTALTEPE,2023,35807,2971863.9899184923,0.1915058617148725,494.0,494.0,220.0,220.0,68.00472222222223,19.0,9.0,0.0,13.79618510347139,82.99673220092419,41000.385707256544,0.44534412955465585,3.5791959064327488,246.33333333333334,6,0.1761904761904762
BAKIRKÖY,OSMANİYE,BAKIRKÖY|OSMANİYE,2023,22718,1885519.7621405956,0.12150222488447715,224.0,224.0,68.0,68.0,14.789722222222222,5.0,0.0,0.0,9.86002288933885,82.99673220092419,18591.26801300702,0.30357142857142855,2.9579444444444443,297.22222222222223,9,-0.0743801652892562
BAKIRKÖY,SAKIZAĞACI,BAKIRKÖY|SAKIZAĞACI,2023,8040,667293.7268954305,0.043000171144959784,76.0,76.0,88.0,88.0,10.066666666666666,3.0,0.0,0.0,9.45273631840796,82.99673220092419,6307.751647270238,1.1578947368421053,3.3555555555555556,114.0,3,-0.16483516483516483
BAKIRKÖY,YENİMAHALLE,BAKIRKÖY|YENİMAHALLE,2023,6329,525286.3180996492,0.03384926407667294,48.0,48.0,14.0,14.0,7.866666666666667,2.0,1.0,0.0,7.584136514457261,82.99673220092419,3983.843145644361,0.2916666666666667,3.9333333333333336,238.16666666666666,6,-0.15789473684210525
BAKIRKÖY,YEŞİLKÖY,BAKIRKÖY|YEŞİLKÖY,2023,24941,2070021.49782325,0.13339145130925895,302.0,302.0,77.0,77.0,145.89291666666668,9.0,12.0,2.0,12.108576239926226,82.99673220092419,25065.013124679102,0.25496688741721857,16.210324074074077,193.14285714285714,7,-0.1346704871060172
BAKIRKÖY,YEŞİLYURT,BAKIRKÖY|YEŞİLYURT,2023,8262,685719.0014440356,0.04418748930344001,57.0,57.0,2.0,2.0,145.89291666666668,2.0,1.0,0.0,6.899055918663762,82.99673220092417,4730.813735452678,0.03508771929824561,72.94645833333334,139.0,3,0.29545454545454547
BAKIRKÖY,ZEYTİNLİK,BAKIRKÖY|ZEYTİNLİK,2023,5146,427101.18390595587,0.027522248844771523,127.0,127.0,89.0,89.0,16.794444444444444,6.0,1.0,0.0,24.67936261173727,82.99673220092419,10540.584989517372,0.7007874015748031,2.799074074074074,195.8,5,0.1651376146788991
BAKIRKÖY,ZUHURATBABA,BAKIRKÖY|ZUHURATBABA,2023,19625,1628810.869443137,0.1049599948656512,309.0,309.0,109.0,109.0,24.88,9.0,7.0,0.0,15.745222929936304,82.99673220092417,25645.990250085568,0.35275080906148865,2.7644444444444445,319.6666666666667,6,-0.057926829268292686
BAKIRKÖY,ŞENLİKKÖY,BAKIRKÖY|ŞENLİKKÖY,2023,280,23239.08501625877,0.0014975183980831764,231.0,231.0,263.0,263.0,145.89291666666668,10.0,11.0,0.0,825.0,82.99673220092419,19172.245138413487,1.1385281385281385,14.589291666666668,246.16666666666666,6,-0.16906474820143885
BAYRAMPAŞA,ALTINTEPSİ,BAYRAMPAŞA|ALTINTEPSİ,2023,28989,1482654.0660575985,0.10840940453173674,448.0,448.0,273.5,270.0,145.89291666666668,19.0,5.0,1.0,15.454137776397944,51.145402258015054,22913.140211590744,0.6104910714285714,7.67857456140351,315.2857142857143,7,0.1341772151898734
BAYRAMPAŞA,CEVATPAŞA,BAYRAMPAŞA|CEVATPAŞA,2023,18177,929669.9768439397,0.06797605112882055,294.0,294.0,193.0,193.0,145.89291666666668,18.0,3.0,4.0,16.174286185839247,51.14540225801506,15036.748263856427,0.6564625850340136,8.105162037037038,621.875,4,0.53125
BAYRAMPAŞA,KARTALTEPE,BAYRAMPAŞA|KARTALTEPE,2023,42654,2181555.9879133743,0.15951204735922933,510.0,510.0,273.5,270.0,145.89291666666668,24.0,10.0,0.0,11.956674637783092,51.14540225801506,26084.15515158768,0.5362745098039216,6.078871527777778,429.0,5,0.36363636363636365
BAYRAMPAŞA,KOCATEPE,BAYRAMPAŞA|KOCATEPE,2023,20707,1059067.8445567177,0.07743742590771233,348.0,348.0,253.0,253.0,145.89291666666668,17.0,16.0,0.0,16.805911044574298,51.145402258015054,17798.59998578924,0.7270114942528736,8.581936274509804,447.7142857142857,7,-0.04918032786885246
BAYRAMPAŞA,MURATPAŞA,BAYRAMPAŞA|MURATPAŞA,2023,32326,1653326.2733925947,0.12088869608792721,382.0,382.0,273.5,270.0,145.89291666666668,15.0,4.0,0.0,11.817113159685702,51.145402258015054,19537.54366256175,0.7159685863874345,9.726194444444445,361.5,6,0.14714714714714713
BAYRAMPAŞA,ORTA,BAYRAMPAŞA|ORTA,2023,15488,792139.9901721372,0.05792006821165058,245.0,245.0,186.0,186.0,145.89291666666668,14.0,2.0,2.0,15.81869834710744,51.145402258015054,12530.623553213689,0.7591836734693878,10.42092261904762,329.6666666666667,6,0.23115577889447236
BAYRAMPAŞA,TERAZİDERE,BAYRAMPAŞA|TERAZİDERE,2023,15345,784826.1976492411,0.05738529485458278,526.0,526.0,241.0,241.0,145.89291666666668,20.0,2.0,0.0,34.27826653633105,51.14540225801506,26902.481587715924,0.45817490494296575,7.294645833333334,228.85714285714286,7,0.47752808988764045
BAYRAMPAŞA,VATAN,BAYRAMPAŞA|VATAN,2023,10049,513960.1472907933,0.037579982273946065,285.0,285.0,49.0,49.0,145.89291666666668,14.0,1.0,0.0,28.36103094835307,51.145402258015054,14576.43964353429,0.17192982456140352,10.42092261904762,325.6666666666667,3,0.5
BAYRAMPAŞA,SEYİTNİZAM,BAYRAMPAŞA|SEYİTNİZAM,2023,17867,913814.9021439549,0.06681675224286937,252.0,252.0,273.5,270.0,145.89291666666668,16.0,7.0,1.0,14.104214473610568,51.14540225801505,12888.641369019791,1.0853174603174602,9.118307291666667,315.1666666666667,6,-0.12802768166089964
BAYRAMPAŞA,YILDIRIM,BAYRAMPAŞA|YILDIRIM,2023,49940,2554201.388765272,0.18675931085290742,635.0,635.0,273.5,270.0,145.89291666666668,29.0,9.0,0.0,12.715258309971967,51.14540225801506,32477.330433839565,0.43070866141732284,5.030790229885058,417.30555555555554,9,0.5563725490196079
BAYRAMPAŞA,İSMET PAŞA,BAYRAMPAŞA|İSMET PAŞA,2023,15861,811217.2252143768,0.05931496654861763,331.0,331.0,172.0,172.0,19.780277777777776,9.0,4.0,0.0,20.86879767984364,51.145402258015054,16929.128147402982,0.5196374622356495,2.1978086419753087,357.5,4,0.5114155251141552
BAĞCILAR,100. YIL,BAĞCILAR|100. YIL,2023,47500,2463675.297457594,0.06908317177567022,520.0,510.0,207.0,207.0,40.105555555555554,10.0,8.0,1.0,10.947368421052632,51.86684836752829,26970.76115111471,0.39807692307692305,4.010555555555555,586.15,5,-0.23303834808259588
BAĞCILAR,15 TEMMUZ,BAĞCILAR|15 TEMMUZ,2023,74016,3838976.648770974,0.10764757983469488,809.0,809.0,126.0,126.0,52.846666666666664,15.0,5.0,3.0,10.930069174232598,51.86684836752829,41960.28032933039,0.1557478368355995,3.523111111111111,624.5833333333334,6,0.013784461152882205
BAĞCILAR,BARBAROS,BAĞCILAR|BARBAROS,2023,26456,1372189.3404113285,0.03847714510520276,161.0,161.0,48.0,48.0,5.35,2.0,3.0,0.0,6.085576050801331,51.86684836752829,8350.562587172055,0.2981366459627329,2.675,550.0,5,-0.4888888888888889
BAĞCILAR,BAĞLAR,BAĞCILAR|BAĞLAR,2023,12960,672194.3548431667,0.01884879802553023,321.0,321.0,79.0,79.0,44.661944444444444,10.0,10.0,5.0,24.76851851851852,51.86684836752829,16649.25832597658,0.24610591900311526,4.466194444444445,623.4583333333334,6,-0.06956521739130435
BAĞCILAR,DEMİRKAPI,BAĞCILAR|DEMİRKAPI,2023,53791,2789969.640537714,0.07823269248389635,686.0,686.0,273.5,270.0,52.95,12.0,28.0,0.0,12.753062780018961,51.866848367528284,35580.6579801244,0.39868804664723034,4.4125000000000005,552.0,6,-0.15931372549019607
BAĞCILAR,FATİH,BAĞCILAR|FATİH,2023,41062,2129756.527667447,0.05971985683058043,597.0,597.0,112.0,112.0,25.913333333333334,7.0,0.0,0.0,14.538989820271786,51.8668483675283,30964.508475414394,0.18760469011725292,3.701904761904762,514.6666666666666,6,-0.21240105540897097
BAĞCILAR,FEVZİ ÇAKMAK,BAĞCILAR|FEVZİ ÇAKMAK,2023,32703,1696201.5421632777,0.04756267298062617,440.0,440.0,152.0,152.0,145.89291666666668,14.0,12.0,0.0,13.454423141607803,51.86684836752829,22821.41328171245,0.34545454545454546,10.42092261904762,569.8571428571429,7,-0.23211169284467714
BAĞCILAR,GÖZTEPE,BAĞCILAR|GÖZTEPE,2023,25233,1308756.1848578413,0.036698435229799715,329.0,329.0,272.0,270.0,40.76472222222222,9.0,2.0,0.0,13.038481353782746,51.86684836752829,17064.193112916808,0.8267477203647416,4.5294135802469135,588.9583333333334,6,-0.15206185567010308
BAĞCILAR,GÜNEŞLİ,BAĞCILAR|GÜNEŞLİ,2023,45518,2360875.2039931524,0.06620058553442014,778.0,778.0,170.0,170.0,36.729166666666664,8.0,8.0,0.0,17.092139373434684,51.866848367528284,40352.408029937,0.2185089974293059,4.591145833333333,499.5,8,0.22327044025157233
BAĞCILAR,HÜRRİYET,BAĞCILAR|HÜRRİYET,2023,25567,1326079.7122125959,0.037184199006074954,278.0,278.0,83.0,83.0,6.975833333333334,4.0,7.0,0.0,10.873391481206243,51.86684836752829,14418.983846172865,0.29856115107913667,1.7439583333333335,542.8,5,-0.0176678445229682
BAĞCILAR,KAZIM KARABEKİR,BAĞCILAR|KAZIM KARABEKİR,2023,26879,1394129.017270793,0.03909234892964715,240.0,240.0,57.0,57.0,9.784166666666668,4.0,4.0,0.0,8.92890360504483,51.86684836752829,12448.04360820679,0.2375,2.446041666666667,503.8333333333333,6,-0.058823529411764705
BAĞCILAR,KEMALPAŞA,BAĞCILAR|KEMALPAŞA,2023,32548,1688162.1806663107,0.04733724368325293,415.0,415.0,65.0,65.0,145.89291666666668,7.0,8.0,0.0,12.750399410102004,51.866848367528284,21524.742072524237,0.1566265060240964,20.84184523809524,567.25,4,-0.4422043010752688
BAĞCILAR,KİRAZLI,BAĞCILAR|KİRAZLI,2023,3934,204044.1814778563,0.005721541005589192,831.0,831.0,273.5,270.0,60.0975,17.0,7.0,0.0,211.23538383324862,51.86684836752829,43101.35099341601,0.32912154031287605,3.5351470588235294,408.42857142857144,7,-0.053261179151238965
BAĞCILAR,MAHMUTBEY,BAĞCILAR|MAHMUTBEY,2023,27816,1442728.254191167,0.04045510539183248,518.0,518.0,221.0,221.0,145.89291666666668,18.0,10.0,2.0,18.622375611159043,51.86684836752829,26867.027454379655,0.4266409266409266,8.105162037037038,645.1136363636364,11,-0.36128236744759556
BAĞCILAR,SARIYER MERKEZ,BAĞCILAR|SARIYER MERKEZ,2023,25419,1318403.4186542016,0.0369689503866476,239.0,239.0,136.0,136.0,3.783333333333333,1.0,1.0,0.0,9.402415515952633,51.86684836752829,12396.176759839262,0.5690376569037657,3.783333333333333,374.77777777777777,9,-0.0842911877394636
BAĞCILAR,SANCAKTEPE,BAĞCILAR|SANCAKTEPE,2023,18348,951652.9338474091,0.02668501127873678,316.0,315.0,273.5,270.0,145.89291666666668,3.0,2.0,0.0,17.22258556790931,51.86684836752829,16389.92408413894,0.865506329113924,48.630972222222226,446.25,4,0.6808510638297872
BAĞCILAR,YAVUZ SELİM,BAĞCILAR|YAVUZ SELİM,2023,27473,1424937.9252011047,0.039956252172483955,698.0,698.0,142.0,142.0,145.89291666666668,12.0,0.0,0.0,25.406763003676335,51.86684836752829,36203.06016053475,0.2034383954154728,12.157743055555557,450.3333333333333,9,0.5720720720720721
BAĞCILAR,YENİGÜN,BAĞCILAR|YENİGÜN,2023,21166,1097813.7125471039,0.030783461343238647,280.0,280.0,81.0,81.0,5.35,2.0,0.0,0.0,13.228763110649155,51.86684836752829,14522.717542907922,0.2892857142857143,2.675,298.4,5,-0.3333333333333333
BAĞCILAR,YENİMAHALLE,BAĞCILAR|YENİMAHALLE,2023,34138,1770630.4695706808,0.04964971195953326,392.0,392.0,219.0,219.0,62.06666666666667,15.0,4.0,0.0,11.482805085242251,51.86684836752829,20331.80456007109,0.5586734693877551,4.137777777777778,702.2,5,0.0
BAĞCILAR,YILDIZTEPE,BAĞCILAR|YILDIZTEPE,2023,30111,1561762.6711946444,0.043792913375520125,398.0,398.0,145.0,145.0,15.618055555555555,7.0,3.0,0.0,13.217760951147422,51.86684836752829,20643.00565027626,0.36432160804020103,2.2311507936507935,334.5,6,-0.3184931506849315
BAĞCILAR,ÇINAR,BAĞCILAR|ÇINAR,2023,31563,1637073.3350242954,0.045904676858010085,408.0,407.0,273.5,270.0,8.691666666666666,3.0,4.0,0.0,12.926527896587777,51.86684836752829,21161.674133951543,0.6703431372549019,2.897222222222222,436.8,5,-0.023923444976076555
BAĞCILAR,İNÖNÜ,BAĞCILAR|İNÖNÜ,2023,23376,1212439.4474393413,0.03399764680901193,312.0,312.0,31.0,31.0,10.6375,4.0,8.0,0.0,13.347022587268993,51.86684836752829,16182.456690668827,0.09935897435897435,2.659375,504.8333333333333,6,-0.3375796178343949
BAŞAKŞEHİR,ALTINŞEHİR,BAŞAKŞEHİR|ALTINŞEHİR,2023,24901,1521203.7039016837,0.048018496984983734,540.0,540.0,273.5,270.0,145.89291666666668,8.0,0.0,0.0,21.685876069234165,61.09006481272574,32988.6349988719,0.5064814814814815,18.236614583333335,600.9,5,-0.01639344262295082
BAŞAKŞEHİR,BAHÇEŞEHİR 1. KISIM,BAŞAKŞEHİR|BAHÇEŞEHİR 1. KISIM,2023,36693,2241577.7481733453,0.07075790971728076,503.0,503.0,252.0,252.0,145.89291666666668,29.0,16.0,0.0,13.708336739977652,61.090064812725736,30728.302600801046,0.5009940357852882,5.030790229885058,418.9642857142857,7,0.026530612244897958
BAŞAKŞEHİR,BAHÇEŞEHİR 2. KISIM,BAŞAKŞEHİR|BAHÇEŞEHİR 2. KISIM,2023,60171,3675850.2898465204,0.11603232729944404,734.0,734.0,272.0,270.0,145.89291666666668,25.0,15.0,0.0,12.198567416197172,61.090064812725736,44840.10757254069,0.37057220708446864,5.835716666666667,190.28571428571428,7,0.05459770114942529
BAŞAKŞEHİR,BAŞAK,BAŞAKŞEHİR|BAŞAK,2023,69985,4275388.185918611,0.13495741181053317,335.0,335.0,82.0,82.0,26.650555555555556,6.0,16.0,0.0,4.786740015717654,61.090064812725736,20465.17171226312,0.24477611940298508,4.44175925925926,434.6818181818182,11,0.06349206349206349
BAŞAKŞEHİR,BAŞAKŞEHİR,BAŞAKŞEHİR|BAŞAKŞEHİR,2023,71096,4343259.247925549,0.13709983782355742,242.0,242.0,192.0,192.0,145.89291666666668,10.0,14.0,0.0,3.4038483177675256,61.090064812725736,14783.795684679628,0.7933884297520661,14.589291666666668,482.5,4,0.06607929515418502
BAŞAKŞEHİR,GÜVERCİNTEPE,BAŞAKŞEHİR|GÜVERCİNTEPE,2023,74234,4534959.8713078825,0.14315108249400757,877.75,872.75,273.5,270.0,145.89291666666668,15.0,5.0,1.0,11.82409677506264,61.090064812725736,53621.804389370016,0.31159213899174026,9.726194444444445,566.9375,4,0.1991120218579235
BAŞAKŞEHİR,KAYABAŞI,BAŞAKŞEHİR|KAYABAŞI,2023,117163,7157495.263653386,0.22593434650221475,461.0,461.0,246.0,246.0,22.546666666666667,5.0,24.0,16.0,3.9346892790386048,61.09006481272574,28162.519878666568,0.5336225596529284,4.509333333333333,385.6875,8,0.07710280373831775
BAŞAKŞEHİR,ZİYA GÖKALP,BAŞAKŞEHİR|ZİYA GÖKALP,2023,29997,1832518.674187334,0.05784550235165484,389.0,389.0,273.5,270.0,28.439722222222223,7.0,6.0,4.0,12.967963463012968,61.09006481272574,23764.035212150313,0.7030848329048843,4.0628174603174605,599.925,10,0.14411764705882352
BAŞAKŞEHİR,İKITELLI OSB,BAŞAKŞEHİR|İKITELLI OSB,2023,21,1282.8913610672405,4.049590123628201e-05,745.0,745.0,221.0,221.0,41.759166666666665,12.0,1.0,99.0,35476.19047619047,61.090064812725736,45512.09828548067,0.2966442953020134,3.4799305555555553,371.0,4,0.11028315946348734
BAŞAKŞEHİR,ŞAHİNTEPE,BAŞAKŞEHİR|ŞAHİNTEPE,2023,32254,1970398.950469656,0.06219784754643048,877.75,872.75,238.0,238.0,67.59083333333334,21.0,5.0,2.0,27.213678923544368,61.090064812725736,53621.804389370016,0.27114782113358016,3.218611111111111,462.9583333333333,6,0.0
BAŞAKŞEHİR,ŞAMLAR,BAŞAKŞEHİR|ŞAMLAR,2023,2056,125601.17325496412,0.0039647415686569435,96.0,96.0,28.0,28.0,0.0,0.0,1.0,6.0,46.69260700389105,61.090064812725736,5864.646222021671,0.2916666666666667,0.0,352.25,7,-0.32867132867132864
BEYKOZ,ACARLAR,BEYKOZ|ACARLAR,2023,6357,376965.3525309828,0.024383508049204285,31.0,31.0,9.0,9.0,30.189999999999998,4.0,0.0,0.0,4.876514078968067,59.29925319033865,1838.2768489004982,0.2903225806451613,7.547499999999999,219.625,8,-0.5230769230769231
BEYKOZ,AKBABA,BEYKOZ|AKBABA,2023,2362,140064.8360355799,0.00905990970775846,83.0,83.0,122.0,122.0,145.89291666666668,10.0,0.0,0.0,35.13971210838273,59.29925319033866,4921.838014798109,1.4698795180722892,14.589291666666668,214.5,8,-0.44666666666666666
BEYKOZ,ALİBAHADIR,BEYKOZ|ALİBAHADIR,2023,7820,463720.15994844824,0.029995128668362042,31.0,31.0,34.0,34.0,59.66111111111111,7.0,0.0,0.0,3.9641943734015346,59.29925319033865,1838.2768489004982,1.096774193548387,8.523015873015874,102.0,6,-0.41509433962264153
BEYKOZ,ANADOLU HİSARI,BEYKOZ|ANADOLU HİSARI,2023,2499,148188.8337226563,0.009585399813585261,103.0,103.0,15.0,15.0,22.635555555555555,4.0,1.0,0.0,41.21648659463786,59.29925319033865,6107.823078604882,0.14563106796116504,5.658888888888889,190.5,4,-0.21374045801526717
BEYKOZ,ANADOLU KAVAĞI,BEYKOZ|ANADOLU KAVAĞI,2023,2517,149256.2202800824,0.009654442309241338,128.0,128.0,30.0,30.0,145.89291666666668,15.0,0.0,0.0,50.85419149781486,59.29925319033866,7590.304408363349,0.234375,9.726194444444445,288.0,5,1.2456140350877194
BEYKOZ,ANADOLUFENERİ,BEYKOZ|ANADOLUFENERİ,2023,6880,407978.8619495299,0.026389576117433613,44.0,44.0,5.0,5.0,28.119722222222222,5.0,0.0,0.0,6.395348837209302,59.299253190338646,2609.1671403749006,0.11363636363636363,5.623944444444445,91.25,4,-0.21428571428571427
BEYKOZ,BAKLACI,BEYKOZ|BAKLACI,2023,2975,176415.2782412575,0.011411190254268169,84.0,84.0,16.0,16.0,6.235277777777778,1.0,0.0,0.0,28.23529411764706,59.29925319033865,4981.137267988447,0.19047619047619047,6.235277777777778,346.6388888888889,9,-0.49700598802395207
BEYKOZ,BOZHANE,BEYKOZ|BOZHANE,2023,646,38307.31756095877,0.0024778584552125164,51.0,51.0,0.0,0.0,12.016666666666667,1.0,1.0,0.0,78.94736842105263,59.29925319033865,3024.261912707271,0.0,12.016666666666667,66.4,5,-0.23880597014925373
BEYKOZ,CUMHURİYET,BEYKOZ|CUMHURİYET,2023,1996,118361.30936791595,0.00765604562941824,120.0,120.0,5.0,5.0,12.016666666666667,1.0,0.0,0.0,60.12024048096192,59.29925319033865,7115.910382840639,0.041666666666666664,12.016666666666667,179.9111111111111,0,-0.047619047619047616
BEYKOZ,DERESEKİ,BEYKOZ|DERESEKİ,2023,1677,99444.84760019791,0.006432459178624443,97.0,97.0,152.0,152.0,145.89291666666668,10.0,0.0,0.0,57.841383422778776,59.299253190338646,5752.027559462848,1.5670103092783505,14.589291666666668,65.33333333333333,6,-0.2595419847328244
BEYKOZ,ELMALI,BEYKOZ|ELMALI,2023,2233,132415.2323740262,0.008565105155556578,80.0,80.0,21.0,21.0,31.993333333333332,5.0,0.0,1.0,35.82624272279445,59.29925319033865,4743.940255227092,0.2625,6.398666666666666,166.33333333333334,6,-0.21568627450980393
BEYKOZ,FATİH,BEYKOZ|FATİH,2023,4189,248404.57161432863,0.016067723016850204,85.0,85.0,17.0,17.0,2.8166666666666664,1.0,0.0,0.0,20.291238959178802,59.29925319033865,5040.436521178785,0.2,2.8166666666666664,124.75,4,-0.16666666666666666
BEYKOZ,GÖKSU,BEYKOZ|GÖKSU,2023,2716,161056.7716649598,0.010417745455661293,96.0,96.0,24.0,24.0,27.0625,6.0,3.0,0.0,35.34609720176731,59.29925319033865,5692.728306272511,0.25,4.510416666666667,319.8,5,-0.4576271186440678
BEYKOZ,GÖLLÜ,BEYKOZ|GÖLLÜ,2023,303,17967.673716672612,0.0011622153435439514,36.0,36.0,0.0,0.0,16.344722222222224,3.0,0.0,0.0,118.8118811881188,59.29925319033865,2134.7731148521916,0.0,5.448240740740741,105.0,4,0.2413793103448276
BEYKOZ,GÖRELE,BEYKOZ|GÖRELE,2023,2011,119250.79816577103,0.0077135810424649705,58.0,58.0,16.0,16.0,28.352777777777778,5.0,0.0,0.0,28.84137245151666,59.29925319033865,3439.356685039642,0.27586206896551724,5.670555555555556,139.6,5,-0.42
BEYKOZ,GÖZTEPE,BEYKOZ|GÖZTEPE,2023,9159,543121.8599703118,0.0351311232063335,270.0,270.0,39.0,39.0,49.27166666666667,10.0,2.0,0.0,29.47920078611202,59.29925319033865,16010.798361391437,0.14444444444444443,4.9271666666666665,251.83333333333334,6,-0.10299003322259136
BEYKOZ,GÜMÜŞSUYU,BEYKOZ|GÜMÜŞSUYU,2023,13733,814356.6440629207,0.05267558849138311,567.0,558.0,227.0,227.0,145.89291666666668,14.0,5.0,0.0,41.28740988858952,59.29925319033865,33622.676558922016,0.400352733686067,10.42092261904762,357.5,2,-0.05813953488372093
BEYKOZ,KANLICA,BEYKOZ|KANLICA,2023,3674,217865.45622130422,0.014092340502245799,94.0,94.0,14.0,14.0,21.59861111111111,4.0,2.0,0.0,25.58519324986391,59.29925319033865,5574.1297998918335,0.14893617021276595,5.399652777777778,315.3333333333333,3,-0.32857142857142857
BEYKOZ,KAVACIK,BEYKOZ|KAVACIK,2023,23477,1392168.5671495807,0.0900505928065391,302.0,302.0,110.0,110.0,27.53611111111111,9.0,7.0,0.0,12.863653788814585,59.29925319033866,17908.374463482276,0.36423841059602646,3.059567901234568,240.0,5,-0.1903485254691689
BEYKOZ,KAYNARCA,BEYKOZ|KAYNARCA,2023,835,49514.876413932776,0.003202804659601318,51.0,51.0,38.0,38.0,145.89291666666668,7.0,0.0,0.0,61.07784431137724,59.29925319033865,3024.261912707271,0.7450980392156863,20.84184523809524,64.8,5,0.3076923076923077
BEYKOZ,KILIÇLI,BEYKOZ|KILIÇLI,2023,625,37062.03324396166,0.0023973088769470943,48.0,48.0,9.0,9.0,27.566666666666666,6.0,0.0,0.0,76.8,59.29925319033866,2846.3641531362555,0.1875,4.594444444444444,71.4,5,1.4
BEYKOZ,MAHMUTŞEVKETPAŞA,BEYKOZ|MAHMUTŞEVKETPAŞA,2023,1668,98911.15432148488,0.0063979379307964055,96.0,96.0,84.0,84.0,51.769444444444446,7.0,0.0,0.0,57.55395683453238,59.29925319033865,5692.728306272511,0.875,7.395634920634921,56.142857142857146,7,0.10344827586206896
BEYKOZ,SARIYER MERKEZ,BEYKOZ|SARIYER MERKEZ,2023,5632,333973.39396798733,0.021602629751945657,299.0,295.0,98.0,98.0,145.89291666666668,19.0,3.0,0.0,53.08948863636364,59.29925319033866,17730.47670391126,0.3277591973244147,7.67857456140351,308.3333333333333,6,0.06028368794326241
BEYKOZ,ORTAÇEŞME,BEYKOZ|ORTAÇEŞME,2023,7230,428733.60056614847,0.027732069088523985,399.0,398.0,54.0,54.0,145.89291666666668,11.0,0.0,0.0,55.18672199170124,59.29925319033865,23660.402022945123,0.13533834586466165,13.262992424242425,334.0,5,-0.009925558312655087
BEYKOZ,PAŞABAHÇE,BEYKOZ|PAŞABAHÇE,2023,4223,250420.74622280014,0.016198136619756127,125.0,121.0,28.0,28.0,145.89291666666668,10.0,1.0,0.0,29.599810561212408,59.29925319033865,7412.406648792332,0.224,14.589291666666668,401.0,3,0.1574074074074074
BEYKOZ,PAŞAMANDIRA,BEYKOZ|PAŞAMANDIRA,2023,456,27040.459454794425,0.0017490765566205999,110.0,110.0,34.0,34.0,19.72527777777778,4.0,1.0,0.0,241.2280701754386,59.29925319033865,6522.917850937252,0.3090909090909091,4.931319444444445,84.4,5,0.4473684210526316
BEYKOZ,POLONEZKÖY,BEYKOZ|POLONEZKÖY,2023,386,22889.51173147072,0.0014805779624025254,7.0,7.0,15.0,15.0,14.086666666666666,3.0,0.0,0.0,18.134715025906733,59.29925319033865,415.09477233237055,2.142857142857143,4.695555555555555,91.125,8,-0.631578947368421
BEYKOZ,POYRAZKÖY,BEYKOZ|POYRAZKÖY,2023,892,52894.93384578208,0.003421439229178893,69.0,69.0,3.0,3.0,29.113055555555555,4.0,0.0,0.0,77.3542600896861,59.29925319033865,4091.648470133367,0.043478260869565216,7.278263888888889,179.8,5,-0.3490566037735849
BEYKOZ,RÜZGARLIBAHÇE,BEYKOZ|RÜZGARLIBAHÇE,2023,7137,423218.77001944697,0.02737534952763426,192.0,192.0,24.0,24.0,23.969444444444445,8.0,3.0,0.0,26.902059688944934,59.29925319033865,11385.456612545022,0.125,2.9961805555555556,292.42857142857144,7,-0.5362318840579711
BEYKOZ,RİVA,BEYKOZ|RİVA,2023,3266,193671.36091964605,0.012527377267374736,214.0,213.0,273.5,270.0,78.8975,17.0,0.0,0.0,65.523576240049,59.29925319033865,12690.040182732471,1.27803738317757,4.6410294117647055,55.25,4,0.5070422535211268
BEYKOZ,SOĞUKSU,BEYKOZ|SOĞUKSU,2023,11210,664744.6282636963,0.04299813201692308,221.0,212.0,14.0,14.0,28.301944444444445,5.0,0.0,0.0,19.714540588760038,59.29925319033865,13105.134955064843,0.06334841628959276,5.660388888888889,308.5,4,-0.1875
BEYKOZ,TOKATKÖY,BEYKOZ|TOKATKÖY,2023,13833,820286.5693819546,0.053059157911694646,593.0,593.0,255.0,243.0,145.89291666666668,22.0,0.0,0.0,42.86850285549049,59.29925319033865,35164.45714187082,0.4300168634064081,6.631496212121212,213.8,5,-0.3244090002848191
BEYKOZ,YALIKÖY,BEYKOZ|YALIKÖY,2023,4628,274436.9437648873,0.017751592772017842,305.0,285.0,144.0,144.0,145.89291666666668,20.0,1.0,1.0,65.90319792566983,59.29925319033865,18086.27222305329,0.4721311475409836,7.294645833333334,304.0,4,0.23983739837398374
BEYKOZ,YAVUZ SELİM,BEYKOZ|YAVUZ SELİM,2023,5464,324011.1194320104,0.020958233125822276,64.0,64.0,20.0,20.0,20.64,6.0,0.0,0.0,11.71303074670571,59.29925319033865,3795.152204181674,0.3125,3.44,156.71428571428572,7,-0.5870967741935483
BEYKOZ,SEYMEN MAHALLE,BEYKOZ|SEYMEN MAHALLE,2023,19236,1140680.4343693543,0.07378341369112688,734.0,734.0,168.0,168.0,58.366388888888885,15.0,0.0,0.0,38.15762112705344,59.29925319033865,43525.65184170857,0.22888283378746593,3.8910925925925923,326.0,7,0.039660056657223795
BEYKOZ,ZERZAVATÇI,BEYKOZ|ZERZAVATÇI,2023,1163,68965.03146036385,0.0044609123582231534,52.0,51.0,11.0,11.0,27.61,4.0,0.0,0.0,44.71195184866724,59.29925319033865,3083.56116589761,0.21153846153846154,6.9025,105.57142857142857,7,0.10638297872340426
BEYKOZ,ÇAMLIBAHÇE,BEYKOZ|ÇAMLIBAHÇE,2023,5992,355321.1251165092,0.022983479665067183,390.0,389.0,118.0,116.0,145.89291666666668,17.0,1.0,0.0,65.086782376502,59.29925319033865,23126.708744232074,0.30256410256410254,8.581936274509804,356.25,4,0.13043478260869565
BEYKOZ,ÇENGELDERE,BEYKOZ|ÇENGELDERE,2023,5073,300825.111434588,0.019458476692404175,192.0,192.0,22.0,22.0,2.754722222222222,1.0,1.0,0.0,37.84742755765819,59.29925319033865,11385.456612545022,0.11458333333333333,2.754722222222222,49.0,5,-0.39622641509433965
BEYKOZ,ÇUBUKLU,BEYKOZ|ÇUBUKLU,2023,21303,1263251.9907137842,0.08171179360896631,541.0,541.0,77.0,77.0,145.89291666666668,17.0,2.0,0.0,25.39548420410271,59.299253190338646,32080.895975973206,0.1423290203327172,8.581936274509804,173.0,7,-0.20441176470588235
BEYKOZ,ÇİFTLİK,BEYKOZ|ÇİFTLİK,2023,5591,331542.1245871834,0.021445366289617927,162.0,162.0,22.0,22.0,8.433333333333334,2.0,0.0,0.0,28.975138615632265,59.29925319033865,9606.479016834863,0.13580246913580246,4.216666666666667,179.9111111111111,0,-0.2925764192139738
BEYKOZ,ÇİĞDEM,BEYKOZ|ÇİĞDEM,2023,10916,647310.6478257368,0.04187043792120717,246.0,246.0,39.0,39.0,145.89291666666668,9.0,1.0,0.0,22.535727372663978,59.29925319033866,14587.61628482331,0.15853658536585366,16.210324074074077,325.75,4,-0.09225092250922509
BEYKOZ,ÖRNEKKÖY,BEYKOZ|ÖRNEKKÖY,2023,3872,229606.70835299126,0.014851807954462639,51.0,51.0,19.0,19.0,30.593333333333334,5.0,0.0,0.0,13.171487603305785,59.29925319033865,3024.261912707271,0.37254901960784315,6.118666666666667,81.25,4,-0.43956043956043955
BEYKOZ,ÖĞÜMCE,BEYKOZ|ÖĞÜMCE,2023,4810,285229.4078455289,0.018449689116984837,45.0,45.0,2.0,2.0,12.016666666666667,1.0,0.0,0.0,9.355509355509357,59.29925319033865,2668.4663935652393,0.044444444444444446,12.016666666666667,60.0,5,0.0975609756097561
BEYKOZ,İNCİRKÖY,BEYKOZ|İNCİRKÖY,2023,16688,989585.9372403714,0.06401006486158897,416.0,411.0,66.0,66.0,145.89291666666668,14.0,0.0,3.0,24.928092042186005,59.299253190338646,24668.489327180876,0.15865384615384615,10.42092261904762,186.55555555555554,9,-0.35
BEYKOZ,İSHAKLI,BEYKOZ|İSHAKLI,2023,1356,80409.7873260992,0.005201201339424416,114.0,114.0,7.0,7.0,25.796944444444446,4.0,0.0,0.0,84.070796460177,59.299253190338646,6760.114863698605,0.06140350877192982,6.449236111111111,55.0,3,-0.2597402597402597
BEYLİKDÜZÜ,ADNAN KAHVECİ,BEYLİKDÜZÜ|ADNAN KAHVECİ,2023,110619,5946728.213074139,0.2647933243328642,475.0,475.0,193.0,193.0,145.89291666666668,4.0,22.0,4.0,4.294018206637197,53.758650982870385,25535.35921686343,0.4063157894736842,36.47322916666667,437.0,8,0.08944954128440367
BEYLİKDÜZÜ,BARIŞ,BEYLİKDÜZÜ|BARIŞ,2023,83382,4482503.836253699,0.19959497888719732,313.0,313.0,71.0,71.0,145.89291666666668,6.0,7.0,0.0,3.753807776258665,53.75865098287039,16826.457757638433,0.2268370607028754,24.315486111111113,440.4583333333333,6,0.5888324873096447
BEYLİKDÜZÜ,BÜYÜKŞEHİR,BEYLİKDÜZÜ|BÜYÜKŞEHİR,2023,21257,1142747.6439428758,0.050883769473089556,125.0,125.0,25.0,25.0,145.89291666666668,5.0,5.0,0.0,5.880415863009832,53.758650982870385,6719.831372858798,0.2,29.178583333333336,195.0,6,-0.11347517730496454
BEYLİKDÜZÜ,CUMHURİYET,BEYLİKDÜZÜ|CUMHURİYET,2023,24787,1332515.6819124082,0.05933367803215274,83.0,83.0,19.0,19.0,145.89291666666668,5.0,3.0,2.0,3.3485294710937183,53.758650982870385,4461.968031578242,0.2289156626506024,29.178583333333336,207.83333333333334,6,-0.08791208791208792
BEYLİKDÜZÜ,DEREAĞZI,BEYLİKDÜZÜ|DEREAĞZI,2023,9848,529415.1948793075,0.02357356926052528,756.0,756.0,273.5,270.0,145.89291666666668,20.0,0.0,0.0,76.76685621445979,53.758650982870385,40641.54014305001,0.36177248677248675,7.294645833333334,511.25,4,0.09883720930232558
BEYLİKDÜZÜ,GÜRPINAR,BEYLİKDÜZÜ|GÜRPINAR,2023,21993,1182314.0110662682,0.05264556343894522,646.0,646.0,200.0,200.0,46.58166666666666,12.0,3.0,0.0,29.372982312553994,53.75865098287038,34728.088534934264,0.30959752321981426,3.8818055555555553,580.6666666666666,3,-0.09776536312849161
BEYLİKDÜZÜ,KAVAKLI,BEYLİKDÜZÜ|KAVAKLI,2023,25699,1381543.571608786,0.06151677055506085,666.0,666.0,273.5,270.0,55.95,16.0,7.0,2.0,25.915405268687497,53.758650982870385,35803.26155459168,0.41066066066066065,3.496875,513.2916666666666,6,-0.08767123287671233
BEYLİKDÜZÜ,MARMARA,BEYLİKDÜZÜ|MARMARA,2023,32464,1745220.8455079042,0.0777104338417641,400.0,400.0,121.0,121.0,19.29083333333333,6.0,7.0,4.0,12.32134056185313,53.758650982870385,21503.460393148154,0.3025,3.2151388888888888,528.6875,4,0.30293159609120524
BEYLİKDÜZÜ,SAHİL,BEYLİKDÜZÜ|SAHİL,2023,6887,370235.82931902836,0.016485699786478233,258.0,258.0,61.0,61.0,23.560833333333335,6.0,0.0,0.0,37.4618847103238,53.758650982870385,13869.73195358056,0.2364341085271318,3.9268055555555557,607.3333333333334,3,0.11206896551724138
BEYLİKDÜZÜ,YAKUPLU,BEYLİKDÜZÜ|YAKUPLU,2023,80820,4344774.1724355845,0.19346221239192254,877.75,872.75,273.5,270.0,49.62222222222222,12.0,4.0,7.0,10.86055431823806,53.758650982870385,47186.65590021448,0.31159213899174026,4.135185185185185,316.3,10,0.0
BEYOĞLU,ARAP CAMİ,BEYOĞLU|ARAP CAMİ,2023,970,66548.71217125893,0.004055692603587406,46.0,46.0,0.0,0.0,0.0,0.0,1.0,0.0,47.42268041237113,68.60691976418447,3155.9183091524856,0.0,0.0,50.25,4,-0.41025641025641024
BEYOĞLU,ASMALI MESCİT,BEYOĞLU|ASMALI MESCİT,2023,4220,289521.20140485844,0.017644353388802943,58.0,58.0,10.0,10.0,4.5472222222222225,2.0,0.0,0.0,13.744075829383887,68.60691976418447,3979.201346322699,0.1724137931034483,2.2736111111111112,59.833333333333336,6,-0.42
BEYOĞLU,BEDRETTİN,BEYOĞLU|BEDRETTİN,2023,6030,413699.72617803235,0.025212192164569134,45.0,45.0,3.0,3.0,13.097222222222221,3.0,2.0,1.0,7.462686567164179,68.60691976418447,3087.311389388301,0.06666666666666667,4.3657407407407405,62.5,8,0.25
BEYOĞLU,BEREKETZADE,BEYOĞLU|BEREKETZADE,2023,478,32794.10764728018,0.001998578417025547,48.0,48.0,7.0,7.0,0.0,0.0,0.0,0.0,100.418410041841,68.60691976418448,3293.132148680855,0.14583333333333334,0.0,54.666666666666664,6,-0.5826086956521739
BEYOĞLU,BOSTAN,BEYOĞLU|BOSTAN,2023,1883,129186.82991595934,0.007873061002634109,85.0,85.0,1.0,1.0,16.21111111111111,4.0,0.0,0.0,45.14073287307488,68.60691976418447,5831.58817995568,0.011764705882352941,4.052777777777777,178.0,6,-0.3089430894308943
BEYOĞLU,BÜLBÜL,BEYOĞLU|BÜLBÜL,2023,2232,153130.64491365975,0.009332274114646487,183.0,183.0,15.0,15.0,10.694444444444445,3.0,0.0,0.0,81.98924731182795,68.60691976418448,12555.06631684576,0.08196721311475409,3.564814814814815,152.16666666666666,6,-0.2795275590551181
BEYOĞLU,CAMİİKEBİR,BEYOĞLU|CAMİİKEBİR,2023,2586,177417.49451018104,0.010812392858636116,100.0,100.0,19.0,19.0,37.016666666666666,11.0,0.0,4.0,38.669760247486465,68.60691976418447,6860.691976418447,0.19,3.3651515151515152,117.5,6,-0.2907801418439716
BEYOĞLU,CİHANGİR,BEYOĞLU|CİHANGİR,2023,3319,227706.36669732825,0.013877158506501652,91.0,91.0,13.0,13.0,145.89291666666668,7.0,2.0,0.0,27.41789695691473,68.60691976418447,6243.229698540787,0.14285714285714285,20.84184523809524,58.833333333333336,6,-0.3767123287671233
BEYOĞLU,EMEKYEMEZ,BEYOĞLU|EMEKYEMEZ,2023,159,10908.500242505332,0.0006647990968766986,47.0,47.0,6.0,6.0,0.0,0.0,0.0,0.0,295.5974842767296,68.60691976418448,3224.5252289166706,0.1276595744680851,0.0,46.333333333333336,3,-0.4470588235294118
BEYOĞLU,EVLİYA ÇELEBİ,BEYOĞLU|EVLİYA ÇELEBİ,2023,2470,169459.09181753563,0.010327382196763808,54.0,54.0,9.0,9.0,5.516666666666667,1.0,1.0,0.0,21.86234817813765,68.60691976418447,3704.773667265961,0.16666666666666666,5.516666666666667,52.5,6,-0.0847457627118644
BEYOĞLU,FETİHTEPE,BEYOĞLU|FETİHTEPE,2023,12436,853195.6541873981,0.05199648785382782,180.0,180.0,34.0,34.0,7.268888888888888,4.0,0.0,0.0,14.474107430041814,68.60691976418448,12349.245557553208,0.18888888888888888,1.817222222222222,250.42857142857142,7,-0.7004991680532446
BEYOĞLU,FİRUZAĞA,BEYOĞLU|FİRUZAĞA,2023,367,25178.7395534557,0.001534473387130493,100.0,100.0,29.0,29.0,2.3408333333333333,1.0,1.0,0.0,272.47956403269757,68.60691976418447,6860.691976418447,0.29,2.3408333333333333,68.25,4,-0.2857142857142857
BEYOĞLU,GÜMÜŞSUYU,BEYOĞLU|GÜMÜŞSUYU,2023,3254,223246.91691265628,0.01360538529079734,86.0,86.0,8.0,8.0,12.016388888888889,6.0,1.0,0.0,26.42901044867855,68.60691976418447,5900.195099719865,0.09302325581395349,2.0027314814814816,91.22222222222223,9,0.04878048780487805
BEYOĞLU,HACIAHMET,BEYOĞLU|HACIAHMET,2023,15578,1068758.5960864658,0.06513358698833466,356.0,356.0,226.0,226.0,145.89291666666668,11.0,1.0,0.0,22.85274104506355,68.60691976418447,24424.06343604967,0.6348314606741573,13.262992424242425,168.85714285714286,7,-0.3631484794275492
BEYOĞLU,HACIMİMİ,BEYOĞLU|HACIMİMİ,2023,1228,84249.29747041853,0.005134423213613747,86.0,86.0,9.0,9.0,2.823888888888889,1.0,1.0,0.0,70.03257328990229,68.60691976418447,5900.195099719865,0.10465116279069768,2.823888888888889,76.8,5,-0.3064516129032258
BEYOĞLU,HALICIOĞLU,BEYOĞLU|HALICIOĞLU,2023,11786,808601.1563406782,0.049278755696784714,162.0,162.0,37.0,37.0,27.324722222222224,7.0,2.0,0.0,13.74512133039199,68.60691976418447,11114.321001797884,0.22839506172839505,3.9035317460317462,214.25,4,-0.3017241379310345
BEYOĞLU,HÜSEYİNAĞA,BEYOĞLU|HÜSEYİNAĞA,2023,5620,385570.8890747167,0.02349793034243425,48.0,48.0,8.0,8.0,145.89291666666668,3.0,0.0,0.0,8.540925266903916,68.60691976418447,3293.1321486808547,0.16666666666666666,48.630972222222226,67.71428571428571,7,-0.38461538461538464
BEYOĞLU,KADIMEHMET EFENDİ,BEYOĞLU|KADIMEHMET EFENDİ,2023,9061,621647.2999832755,0.037885186269180915,87.0,87.0,32.0,32.0,25.030555555555555,5.0,0.0,0.0,9.601589228561968,68.60691976418447,5968.802019484048,0.367816091954023,5.006111111111111,121.0,0,-0.275
BEYOĞLU,KALYONCU KULLUĞU,BEYOĞLU|KALYONCU KULLUĞU,2023,656,45006.13936530502,0.002742818915415813,80.0,80.0,8.0,8.0,11.761111111111111,4.0,0.0,0.0,121.95121951219512,68.60691976418448,5488.553581134758,0.1,2.9402777777777778,88.2,5,-0.42028985507246375
BEYOĞLU,KAMER HATUN,BEYOĞLU|KAMER HATUN,2023,396,27168.34022661705,0.00165572605259857,40.0,40.0,4.0,4.0,45.545,10.0,0.0,0.0,101.01010101010101,68.60691976418447,2744.2767905673786,0.1,4.5545,79.75,8,-0.4805194805194805
BEYOĞLU,KAPTANPAŞA,BEYOĞLU|KAPTANPAŞA,2023,17565,1205080.5456579002,0.07344148513609566,335.0,335.0,65.0,65.0,20.733333333333334,7.0,2.0,2.0,19.072018218047255,68.60691976418447,22983.318121001797,0.19402985074626866,2.961904761904762,220.83333333333334,6,-0.1343669250645995
BEYOĞLU,KATİPMUSTAFA ÇELEBİ,BEYOĞLU|KATİPMUSTAFA ÇELEBİ,2023,7950,545425.0121252665,0.03323995484383493,44.0,44.0,14.0,14.0,145.89291666666668,8.0,2.0,0.0,5.534591194968554,68.60691976418447,3018.7044696241164,0.3181818181818182,18.236614583333335,73.6,5,-0.35294117647058826
BEYOĞLU,KEMANKEŞ KARAMUSTAFAPAŞA,BEYOĞLU|KEMANKEŞ KARAMUSTAFAPAŞA,2023,475,32588.286887987622,0.0019860350378391937,39.0,39.0,6.0,6.0,6.366666666666667,3.0,0.0,0.0,82.10526315789474,68.60691976418447,2675.669870803194,0.15384615384615385,2.1222222222222222,121.0,0,-0.5125
BEYOĞLU,KEÇECİ PİRİ,BEYOĞLU|KEÇECİ PİRİ,2023,13804,947049.9204248025,0.0577162687628047,255.0,255.0,27.0,27.0,20.813055555555554,7.0,1.0,0.0,18.47290640394089,68.60691976418447,17494.76453986704,0.10588235294117647,2.9732936507936505,220.33333333333334,6,-0.05204460966542751
BEYOĞLU,KILIÇALİ PAŞA,BEYOĞLU|KILIÇALİ PAŞA,2023,2241,153748.10719153742,0.009369904252205545,45.0,45.0,8.0,8.0,7.799166666666666,4.0,0.0,0.0,20.080321285140563,68.60691976418448,3087.311389388302,0.17777777777777778,1.9497916666666666,73.8,5,-0.021739130434782608
BEYOĞLU,KOCATEPE,BEYOĞLU|KOCATEPE,2023,1319,90492.5271689593,0.005514905715599782,78.0,78.0,49.0,49.0,145.89291666666668,4.0,0.0,0.0,59.13570887035633,68.60691976418447,5351.339741606388,0.6282051282051282,36.47322916666667,156.57142857142858,7,-0.5411764705882353
BEYOĞLU,KULAKSIZ,BEYOĞLU|KULAKSIZ,2023,9005,617805.3124764811,0.03765104319103566,147.0,147.0,33.0,33.0,19.51388888888889,4.0,0.0,0.0,16.324264297612437,68.60691976418447,10085.217205335117,0.22448979591836735,4.878472222222222,204.5,4,-0.36637931034482757
BEYOĞLU,KULOĞLU,BEYOĞLU|KULOĞLU,2023,1374,94265.90775598946,0.005744867667349584,39.0,39.0,14.0,14.0,11.30638888888889,3.0,3.0,0.0,28.384279475982535,68.60691976418447,2675.669870803194,0.358974358974359,3.7687962962962964,74.125,8,-0.59375
BEYOĞLU,KÜÇÜK PİYALE,BEYOĞLU|KÜÇÜK PİYALE,2023,8634,592352.1452439688,0.03609984529832337,128.0,128.0,65.0,65.0,30.230555555555554,8.0,0.0,0.0,14.825110030113505,68.60691976418448,8781.685729815614,0.5078125,3.7788194444444443,186.66666666666666,6,-0.26011560693641617
BEYOĞLU,MÜEYYETZADE,BEYOĞLU|MÜEYYETZADE,2023,584,40066.44114228374,0.002441777814943346,61.0,61.0,20.0,20.0,3.8405555555555555,2.0,4.0,0.0,104.45205479452055,68.60691976418448,4185.022105615253,0.32786885245901637,1.9202777777777778,63.75,4,-0.35789473684210527
BEYOĞLU,PÜRTELAŞ HASAN EFENDİ,BEYOĞLU|PÜRTELAŞ HASAN EFENDİ,2023,1795,123149.42097671113,0.0075051218798344276,53.0,53.0,6.0,6.0,6.159722222222222,3.0,2.0,0.0,29.526462395543174,68.60691976418447,3636.1667475017766,0.11320754716981132,2.053240740740741,77.0,4,0.06
BEYOĞLU,PİRİPAŞA,BEYOĞLU|PİRİPAŞA,2023,15429,1058536.1650416022,0.06451059915541246,243.0,243.0,34.0,34.0,17.58222222222222,6.0,4.0,0.0,15.74956251215244,68.60691976418447,16671.481502696824,0.13991769547325103,2.9303703703703703,199.0,3,-0.4563758389261745
BEYOĞLU,PİYALEPAŞA,BEYOĞLU|PİYALEPAŞA,2023,20794,1426612.2895764518,0.08694234226700673,317.0,317.0,58.0,58.0,15.287777777777777,7.0,4.0,0.0,15.24478214869674,68.60691976418447,21748.393565246475,0.1829652996845426,2.1839682539682537,253.57142857142858,7,-0.33122362869198313
BEYOĞLU,SURURİ MEHMET EFENDİ,BEYOĞLU|SURURİ MEHMET EFENDİ,2023,3987,273535.7890998035,0.016670150938662875,159.0,159.0,47.0,47.0,55.13333333333333,15.0,1.0,0.0,39.879608728367195,68.60691976418447,10908.50024250533,0.29559748427672955,3.6755555555555555,152.57142857142858,7,-0.16753926701570682
BEYOĞLU,SÜTLÜCE,BEYOĞLU|SÜTLÜCE,2023,11843,812511.7507672367,0.049517079901325416,186.0,186.0,86.0,86.0,44.944722222222225,10.0,0.0,0.0,15.705480030397702,68.60691976418447,12760.887076138311,0.46236559139784944,4.494472222222223,205.0,2,-0.5
BEYOĞLU,TOMTOM,BEYOĞLU|TOMTOM,2023,738,50631.90678596814,0.0030856712798427895,103.0,103.0,13.0,13.0,3.873611111111111,2.0,2.0,0.0,139.56639566395665,68.60691976418447,7066.5127357110005,0.1262135922330097,1.9368055555555554,71.6,5,-0.23703703703703705
BEYOĞLU,YAHYA KAHYA,BEYOĞLU|YAHYA KAHYA,2023,3144,215700.155738596,0.013145461387297738,81.0,81.0,21.0,21.0,45.31444444444445,10.0,0.0,0.0,25.763358778625957,68.60691976418447,5557.160500898942,0.25925925925925924,4.531444444444444,86.83333333333333,6,-0.07954545454545454
BEYOĞLU,ESENŞEHİR,BEYOĞLU|ESENŞEHİR,2023,5331,365743.48926286737,0.02228958481414893,181.0,181.0,35.0,35.0,35.6725,11.0,0.0,0.0,33.95235415494278,68.60691976418447,12417.852477317389,0.19337016574585636,3.242954545454545,181.42857142857142,7,-0.2330508474576271
BEYOĞLU,ÇATMA MESCİT,BEYOĞLU|ÇATMA MESCİT,2023,2046,140369.75783752144,0.008554584605092612,49.0,49.0,14.0,14.0,36.2525,6.0,0.0,0.0,23.949169110459433,68.60691976418447,3361.739068445039,0.2857142857142857,6.042083333333333,64.0,5,-0.4895833333333333
BEYOĞLU,ÇUKUR,BEYOĞLU|ÇUKUR,2023,2390,163970.53823640087,0.009992892085127733,109.0,109.0,9.0,9.0,10.694444444444445,3.0,0.0,0.0,45.60669456066946,68.60691976418447,7478.154254296107,0.08256880733944955,3.564814814814815,90.0,6,-0.19852941176470587
BEYOĞLU,ÖMER AVNİ,BEYOĞLU|ÖMER AVNİ,2023,1985,136184.73573190617,0.008299535894970105,86.0,86.0,10.0,10.0,145.89291666666668,7.0,0.0,0.0,43.32493702770781,68.60691976418447,5900.195099719865,0.11627906976744186,20.84184523809524,86.75,4,-0.4625
BEYOĞLU,ÖRNEKTEPE,BEYOĞLU|ÖRNEKTEPE,2023,15386,1055586.0674917423,0.06433081072040808,248.0,248.0,77.0,77.0,43.47805555555556,9.0,2.0,0.0,16.11854933056025,68.60691976418447,17014.516101517747,0.31048387096774194,4.830895061728395,307.2,5,-0.5753424657534246
BEYOĞLU,İSTİKLAL,BEYOĞLU|İSTİKLAL,2023,5036,345504.447932433,0.021056152527490907,298.0,298.0,10.0,10.0,25.02166666666667,10.0,0.0,0.0,59.17394757744242,68.60691976418447,20444.862089726972,0.03355704697986577,2.5021666666666667,248.14285714285714,7,-0.5484848484848485
BEYOĞLU,ŞAHKULU,BEYOĞLU|ŞAHKULU,2023,1469,100783.56513358699,0.006142074674917423,75.0,75.0,12.0,12.0,0.0,0.0,1.0,0.0,51.05513955071477,68.60691976418447,5145.518982313835,0.16,0.0,65.0,7,-0.3181818181818182
BEYOĞLU,ŞEHİT MUHTAR,BEYOĞLU|ŞEHİT MUHTAR,2023,117,8027.0096124095835,0.0004891917882677594,104.0,104.0,21.0,21.0,15.504166666666666,5.0,1.0,0.0,888.8888888888888,68.60691976418447,7135.119655475185,0.20192307692307693,3.100833333333333,83.85714285714286,7,-0.6285714285714286
BEŞİKTAŞ,ABBASAĞA,BEŞİKTAŞ|ABBASAĞA,2023,5138,555332.2473378856,0.033381194004638806,149.0,149.0,54.0,54.0,13.241111111111111,5.0,0.0,0.0,28.999610743479952,108.0833490342323,16104.419006100612,0.3624161073825503,2.6482222222222225,207.75,4,-0.08024691358024691
BEŞİKTAŞ,AKAT,BEŞİKTAŞ|AKAT,2023,14561,1573801.6452874565,0.09460170609216537,477.0,477.0,96.0,87.0,145.89291666666668,13.0,4.0,0.0,32.758739097589455,108.0833490342323,51555.757489328804,0.20125786163522014,11.222532051282052,269.625,6,0.3667621776504298
BEŞİKTAŞ,ARNAVUTKÖY,BEŞİKTAŞ|ARNAVUTKÖY,2023,3465,374508.8044036149,0.022511840643455325,177.0,177.0,16.0,16.0,13.605833333333333,5.0,1.0,0.0,51.082251082251084,108.0833490342323,19130.752779059116,0.0903954802259887,2.7211666666666665,125.66666666666667,3,0.07272727272727272
BEŞİKTAŞ,BALMUMCU,BEŞİKTAŞ|BALMUMCU,2023,3028,327276.38087565533,0.019672684983660236,122.0,122.0,40.0,40.0,17.08861111111111,6.0,0.0,0.0,40.290620871862615,108.08334903423227,13186.168582176337,0.32786885245901637,2.8481018518518515,187.57142857142858,7,-0.18666666666666668
BEŞİKTAŞ,BEBEK,BEŞİKTAŞ|BEBEK,2023,5142,555764.5807340225,0.033407181699465306,172.0,172.0,44.0,44.0,10.8725,3.0,1.0,0.0,33.450019447685726,108.08334903423231,18590.336033887957,0.2558139534883721,3.624166666666667,164.25,4,-0.22171945701357465
BEŞİKTAŞ,CİHANNÜMA,BEŞİKTAŞ|CİHANNÜMA,2023,349,37721.08881294707,0.0022674263736120947,199.0,199.0,32.0,32.0,25.3575,6.0,0.0,0.0,570.2005730659025,108.08334903423228,21508.586457812224,0.16080402010050251,4.22625,154.0,4,0.267515923566879
BEŞİKTAŞ,DİKİLİTAŞ,BEŞİKTAŞ|DİKİLİTAŞ,2023,15149,1637354.654519585,0.09842189723166081,287.0,287.0,82.0,82.0,18.454166666666666,5.0,3.0,0.0,18.94514489405241,108.08334903423228,31019.921172824666,0.2857142857142857,3.690833333333333,191.5,8,-0.19607843137254902
BEŞİKTAŞ,ETİLER,BEŞİKTAŞ|ETİLER,2023,10541,1139306.5821698424,0.06848407279153321,195.0,195.0,47.0,42.0,3.055833333333333,1.0,1.0,0.0,18.499193624893273,108.08334903423228,21076.253061675296,0.24102564102564103,3.055833333333333,362.35,5,-0.057971014492753624
BEŞİKTAŞ,GAYRETTEPE,BEŞİKTAŞ|GAYRETTEPE,2023,10028,1083859.8241152812,0.06515115093003462,211.0,211.0,29.0,29.0,10.486666666666666,5.0,2.0,0.0,21.0410849621061,108.08334903423227,22805.586646223008,0.13744075829383887,2.0973333333333333,225.2,5,0.5864661654135338
BEŞİKTAŞ,KONAKLAR,BEŞİKTAŞ|KONAKLAR,2023,13858,1497819.0509163912,0.09003436872640805,127.0,127.0,74.0,74.0,22.479444444444447,4.0,4.0,0.0,9.164381584644248,108.0833490342323,13726.585327347502,0.5826771653543307,5.619861111111112,366.9642857142857,7,-0.22085889570552147
BEŞİKTAŞ,KURUÇEŞME,BEŞİKTAŞ|KURUÇEŞME,2023,2975,321547.96337684104,0.019328348027209116,153.0,153.0,21.0,21.0,14.675555555555556,6.0,1.0,0.0,51.42857142857143,108.08334903423228,16536.75240223754,0.13725490196078433,2.445925925925926,144.0,4,0.07746478873239436
BEŞİKTAŞ,KÜLTÜR,BEŞİKTAŞ|KÜLTÜR,2023,4679,505721.99013117293,0.03039910602329797,52.0,52.0,17.0,15.0,3.055833333333333,1.0,1.0,0.0,11.113485787561444,108.0833490342323,5620.334149780079,0.3269230769230769,3.055833333333333,208.28571428571428,7,-0.30666666666666664
BEŞİKTAŞ,LEVAZIM,BEŞİKTAŞ|LEVAZIM,2023,5667,612508.3389769944,0.03681806664544338,48.0,48.0,14.0,14.0,6.466388888888888,2.0,0.0,0.0,8.470089994706195,108.08334903423228,5188.000753643149,0.2916666666666667,3.233194444444444,158.2,5,0.2
BEŞİKTAŞ,LEVENT,BEŞİKTAŞ|LEVENT,2023,2790,301552.5438055081,0.018126417141483508,192.0,192.0,41.0,37.0,11.133055555555554,5.0,1.0,0.0,68.81720430107526,108.0833490342323,20752.0030145726,0.21354166666666666,2.2266111111111107,231.5,4,0.07262569832402235
BEŞİKTAŞ,MECİDİYE,BEŞİKTAŞ|MECİDİYE,2023,981,106029.76540258188,0.00637348215619904,208.0,208.0,73.0,73.0,35.64388888888889,10.0,2.0,0.0,212.02854230377167,108.08334903423228,22481.336599120314,0.35096153846153844,3.564388888888889,205.0,4,0.0
BEŞİKTAŞ,MURADİYE,BEŞİKTAŞ|MURADİYE,2023,4559,492751.988247065,0.02961947517850298,109.0,109.0,31.0,31.0,19.400277777777777,2.0,0.0,0.0,23.908751919280544,108.08334903423228,11781.085044731319,0.28440366972477066,9.700138888888889,150.5,4,0.4342105263157895
BEŞİKTAŞ,NİSBETİYE,BEŞİKTAŞ|NİSBETİYE,2023,11235,1214316.4263996,0.0729929378439309,174.0,174.0,115.0,105.0,9.066388888888888,4.0,3.0,0.0,15.487316421895862,108.08334903423231,18806.50273195642,0.6609195402298851,2.266597222222222,164.14285714285714,7,0.5
BEŞİKTAŞ,ORTAKÖY,BEŞİKTAŞ|ORTAKÖY,2023,8111,876664.0440166581,0.05269654818443467,237.0,237.0,54.0,54.0,145.89291666666668,3.0,2.0,2.0,29.21957835038836,108.08334903423228,25615.75372111305,0.22784810126582278,48.630972222222226,128.2,5,0.0871559633027523
BEŞİKTAŞ,SİNANPAŞA,BEŞİKTAŞ|SİNANPAŞA,2023,2145,231838.78367842827,0.013935901350710439,122.0,122.0,31.0,31.0,32.602222222222224,10.0,0.0,0.0,56.87645687645688,108.0833490342323,13186.16858217634,0.2540983606557377,3.2602222222222226,165.25,4,0.5061728395061729
BEŞİKTAŞ,TÜRKALİ,BEŞİKTAŞ|TÜRKALİ,2023,9696,1047976.1522359162,0.06299417225943515,171.0,171.0,100.0,100.0,19.97888888888889,5.0,2.0,0.0,17.636138613861384,108.08334903423228,18482.25268485372,0.5847953216374269,3.9957777777777777,171.85714285714286,7,0.1793103448275862
BEŞİKTAŞ,ULUS,BEŞİKTAŞ|ULUS,2023,6432,695192.1009881821,0.04178821328101144,110.0,110.0,32.0,30.0,3.055833333333333,1.0,3.0,0.0,17.101990049751244,108.0833490342323,11889.168393765553,0.2909090909090909,3.055833333333333,132.8,5,0.26436781609195403
BEŞİKTAŞ,VİŞNEZADE,BEŞİKTAŞ|VİŞNEZADE,2023,7959,860235.3749634548,0.051709015781027684,117.0,117.0,92.0,92.0,145.89291666666668,5.0,4.0,0.0,14.700339238597813,108.08334903423228,12645.751837005177,0.7863247863247863,29.178583333333336,126.85714285714286,7,-0.00847457627118644
BEŞİKTAŞ,YILDIZ,BEŞİKTAŞ|YILDIZ,2023,5431,587000.6686049155,0.0352847926506799,174.0,174.0,30.0,30.0,145.89291666666668,7.0,24.0,0.0,32.03829865586448,108.08334903423227,18806.502731956414,0.1724137931034483,20.84184523809524,193.0,5,-0.34831460674157305
BÜYÜKÇEKMECE,19 MAYIS,BÜYÜKÇEKMECE|19 MAYIS,2023,12610,881148.3750557676,0.04808407277053487,263.0,263.0,254.0,254.0,145.89291666666668,10.0,4.0,0.0,20.856463124504362,69.8769528196485,18377.638591567553,0.9657794676806084,14.589291666666668,321.0,5,0.0823045267489712
BÜYÜKÇEKMECE,AHMEDİYE,BÜYÜKÇEKMECE|AHMEDİYE,2023,1099,76794.7711487937,0.004190673748994276,29.0,28.0,3.0,3.0,0.0,0.0,0.0,0.0,26.387625113739762,69.87695281964851,2026.4316317698067,0.10344827586206896,0.0,465.5,4,0.7058823529411765
BÜYÜKÇEKMECE,ALKENT 2000,BÜYÜKÇEKMECE|ALKENT 2000,2023,7209,503742.952876846,0.027489141998634885,66.0,66.0,20.0,20.0,145.89291666666668,7.0,4.0,0.0,9.155222638368706,69.8769528196485,4611.878886096801,0.30303030303030304,20.84184523809524,265.0,4,-0.21428571428571427
BÜYÜKÇEKMECE,ATATÜRK,BÜYÜKÇEKMECE|ATATÜRK,2023,26628,1860683.4996816004,0.10153708879728808,670.0,670.0,273.5,270.0,145.89291666666668,16.0,0.0,0.0,25.161484152020428,69.87695281964851,46817.5583891645,0.4082089552238806,9.118307291666667,522.6666666666666,3,-0.15829145728643215
BÜYÜKÇEKMECE,BAHÇELİEVLER,BÜYÜKÇEKMECE|BAHÇELİEVLER,2023,4318,301728.68227524223,0.016465267741726373,277.0,277.0,63.0,63.0,145.89291666666668,2.0,0.0,1.0,64.15006947660954,69.87695281964851,19355.915931042637,0.22743682310469315,72.94645833333334,408.2,5,0.17872340425531916
BÜYÜKÇEKMECE,CELALİYE,BÜYÜKÇEKMECE|CELALİYE,2023,7206,503533.3220183871,0.02747770248885601,496.0,496.0,167.0,167.0,110.48194444444444,30.0,4.0,2.0,68.83152928115459,69.8769528196485,34658.96859854565,0.33669354838709675,3.6827314814814813,507.5833333333333,3,0.17257683215130024
BÜYÜKÇEKMECE,CUMHURİYET,BÜYÜKÇEKMECE|CUMHURİYET,2023,8485,592905.9446747176,0.032354746824582746,396.0,396.0,184.0,184.0,145.89291666666668,7.0,9.0,2.0,46.67059516794343,69.87695281964851,27671.27331658081,0.46464646464646464,20.84184523809524,326.1111111111111,9,-0.07259953161592506
BÜYÜKÇEKMECE,DİZDARİYE,BÜYÜKÇEKMECE|DİZDARİYE,2023,6476,452523.1464600437,0.02469408844266327,361.0,361.0,119.0,119.0,145.89291666666668,21.0,4.0,0.0,55.74428659666461,69.8769528196485,25225.579967893107,0.3296398891966759,6.947281746031747,448.6666666666667,3,0.7783251231527094
BÜYÜKÇEKMECE,EKİNOBA,BÜYÜKÇEKMECE|EKİNOBA,2023,14771,1032152.470099028,0.05632433298125064,229.0,229.0,196.0,196.0,16.22138888888889,5.0,4.0,0.0,15.50335116105883,69.8769528196485,16001.822195699506,0.8558951965065502,3.2442777777777776,366.6666666666667,3,0.506578947368421
BÜYÜKÇEKMECE,FATİH,BÜYÜKÇEKMECE|FATİH,2023,18714,1307677.295066902,0.07135966200061773,661.0,661.0,192.0,192.0,27.61138888888889,5.0,7.0,0.0,35.32114994122048,69.8769528196485,46188.66581378765,0.29046898638426627,5.522277777777778,422.5,4,-0.16959798994974876
BÜYÜKÇEKMECE,GÜZELCE,BÜYÜKÇEKMECE|GÜZELCE,2023,11540,806380.0355387437,0.04400398094940305,442.0,442.0,199.0,199.0,26.364166666666666,13.0,0.0,0.0,38.301559792027724,69.87695281964851,30885.613146284642,0.4502262443438914,2.0280128205128203,325.6,5,0.18498659517426275
BÜYÜKÇEKMECE,HÜRRİYET,BÜYÜKÇEKMECE|HÜRRİYET,2023,22809,1593823.4168633625,0.08697459284878112,701.0,701.0,236.0,236.0,49.49666666666666,13.0,0.0,2.0,30.733482397299312,69.8769528196485,48983.743926573596,0.33666191155492153,3.807435897435897,278.4,5,0.19015280135823429
BÜYÜKÇEKMECE,KAMİLOBA,BÜYÜKÇEKMECE|KAMİLOBA,2023,8901,621974.7570476913,0.033941025513919976,499.0,499.0,141.0,141.0,106.44388888888889,28.0,0.0,0.0,56.06111672845748,69.8769528196485,34868.599457004595,0.28256513026052105,3.8015674603174605,290.85714285714283,7,0.1937799043062201
BÜYÜKÇEKMECE,KARAAĞAÇ,BÜYÜKÇEKMECE|KARAAĞAÇ,2023,5231,365526.3401995813,0.019946691884430445,413.0,413.0,134.0,134.0,145.89291666666668,13.0,2.0,8.0,78.95239915886064,69.8769528196485,28859.18151451483,0.324455205811138,11.222532051282052,157.0,6,0.05357142857142857
BÜYÜKÇEKMECE,KUMBURGAZ,BÜYÜKÇEKMECE|KUMBURGAZ,2023,9502,663970.8056923001,0.036232740639621126,462.0,462.0,90.0,90.0,83.62722222222222,22.0,2.0,0.0,48.621342875184176,69.87695281964851,32283.15220267761,0.19480519480519481,3.8012373737373735,333.0,3,0.25885558583106266
BÜYÜKÇEKMECE,MURAT ÇESME,BÜYÜKÇEKMECE|MURAT ÇESME,2023,19820,1384961.2048854334,0.07557702793909606,422.0,422.0,273.5,270.0,57.46222222222222,16.0,0.0,0.0,21.291624621594348,69.87695281964851,29488.07408989167,0.6481042654028436,3.591388888888889,418.42857142857144,7,0.23391812865497075
BÜYÜKÇEKMECE,MİMAROBA,BÜYÜKÇEKMECE|MİMAROBA,2023,20118,1405784.5368256886,0.0767133525771309,256.0,256.0,115.0,115.0,12.9875,4.0,6.0,0.0,12.724922954568049,69.87695281964851,17888.499921830018,0.44921875,3.246875,337.75,4,0.2549019607843137
BÜYÜKÇEKMECE,MİMARSİNAN,BÜYÜKÇEKMECE|MİMARSİNAN,2023,9182,641610.1807900126,0.03501252626320787,422.0,422.0,195.0,195.0,19.15388888888889,6.0,3.0,0.0,45.95948595077326,69.87695281964851,29488.07408989167,0.46208530805687204,3.192314814814815,369.0,4,0.34824281150159747
BÜYÜKÇEKMECE,PINARTEPE,BÜYÜKÇEKMECE|PINARTEPE,2023,24960,1744128.7423784265,0.09517672136023397,511.0,511.0,266.0,266.0,145.89291666666668,16.0,3.0,0.0,20.47275641025641,69.8769528196485,35707.12289084038,0.5205479452054794,9.118307291666667,546.75,4,-0.06066176470588235
BÜYÜKÇEKMECE,SİNANOBA,BÜYÜKÇEKMECE|SİNANOBA,2023,1579,110335.70850222498,0.00602099531361416,258.0,258.0,97.0,97.0,17.075833333333335,5.0,2.0,0.0,163.39455351488283,69.8769528196485,18028.25382746931,0.375968992248062,3.415166666666667,349.0,2,0.6125
BÜYÜKÇEKMECE,TÜRKOBA,BÜYÜKÇEKMECE|TÜRKOBA,2023,7040,491933.7478503254,0.026844716281091634,415.0,415.0,65.0,65.0,51.5175,13.0,6.0,12.0,58.94886363636364,69.8769528196485,28998.935420154125,0.1566265060240964,3.962884615384615,400.5,6,0.25
BÜYÜKÇEKMECE,ULUS,BÜYÜKÇEKMECE|ULUS,2023,8111,566771.964320169,0.03092862127214975,464.0,464.0,120.0,120.0,34.16638888888889,8.0,0.0,4.0,57.206263099494514,69.8769528196485,32422.9061083169,0.25862068965517243,4.270798611111111,393.5,4,0.1958762886597938
BÜYÜKÇEKMECE,YENİMAHALLE,BÜYÜKÇEKMECE|YENİMAHALLE,2023,245,17119.853440813884,0.0009342266319413992,223.0,223.0,51.0,51.0,27.897777777777776,6.0,0.0,0.0,910.2040816326531,69.87695281964851,15582.560478781617,0.22869955156950672,4.649629629629629,369.5,2,-0.03463203463203463
BÜYÜKÇEKMECE,ÇAKMAKLI,BÜYÜKÇEKMECE|ÇAKMAKLI,2023,5695,397949.2463078982,0.021716002730229667,121.0,121.0,18.0,18.0,145.89291666666668,5.0,0.0,4.0,21.246707638279194,69.8769528196485,8455.111291177467,0.1487603305785124,29.178583333333336,238.33333333333334,6,-0.3240223463687151
ESENLER,15 TEMMUZ,ESENLER|15 TEMMUZ,2023,33674,1550573.4230047578,0.07677067968292255,97.0,97.0,95.0,95.0,12.902222222222223,6.0,0.0,1.0,2.8805606699530792,46.04660637301057,4466.520818182025,0.979381443298969,2.1503703703703705,468.5,7,7.818181818181818
ESENLER,ATIŞALANI,ESENLER|ATIŞALANI,2023,33452,1540351.0763899498,0.0762645595044582,0.0,0.0,0.0,0.0,0.0,0.0,3.0,0.0,0.0,46.046606373010576,0.0,0.0,0.0,601.0833333333334,6,0.0
ESENLER,BİRLİK,ESENLER|BİRLİK,2023,26216,1207157.8326748451,0.05976777747126856,631.0,631.0,127.0,127.0,48.09111111111111,11.0,2.0,0.0,24.069270674397316,46.04660637301057,29055.40862136967,0.20126782884310618,4.371919191919192,451.0,5,0.3173277661795407
ESENLER,DAVUTPAŞA,ESENLER|DAVUTPAŞA,2023,26456,1218209.0182043677,0.06031493442095976,193.0,193.0,96.0,96.0,47.71222222222222,13.0,3.0,0.0,7.295131539159359,46.046606373010576,8886.995029991042,0.49740932642487046,3.6701709401709404,223.16666666666666,6,0.17682926829268292
ESENLER,FATİH,ESENLER|FATİH,2023,41515,1911624.8635755337,0.09464675319345874,843.0,843.0,273.5,270.0,27.134444444444444,11.0,0.0,0.0,20.305913525231844,46.04660637301057,38817.28917244791,0.32443653618030843,2.466767676767677,489.0,7,0.09196891191709844
ESENLER,FEVZİ ÇAKMAK,ESENLER|FEVZİ ÇAKMAK,2023,31081,1431174.5726795418,0.0708591048056339,417.0,417.0,155.0,155.0,68.45388888888888,17.0,0.0,0.0,13.416556738843667,46.046606373010576,19201.43485754541,0.37170263788968827,4.026699346405229,393.3333333333333,9,0.4787234042553192
ESENLER,HAVAALANI,ESENLER|HAVAALANI,2023,30248,1392817.7495708237,0.0689600142260807,561.0,561.0,142.0,142.0,44.125,12.0,0.0,0.0,18.546680772282468,46.04660637301057,25832.146175258928,0.2531194295900178,3.6770833333333335,425.1388888888889,0,0.2692307692307692
ESENLER,KAZIM KARABEKİR,ESENLER|KAZIM KARABEKİR,2023,34092,1569820.9044686763,0.07772364470363471,715.0,715.0,166.0,166.0,32.01583333333333,10.0,2.0,0.0,20.972662208142673,46.04660637301057,32923.323556702555,0.23216783216783216,3.2015833333333332,585.4,5,0.014184397163120567
ESENLER,KEMER,ESENLER|KEMER,2023,18172,836758.9310103481,0.04142890037411857,411.0,411.0,103.0,103.0,35.80277777777778,7.0,0.0,0.0,22.617213295179397,46.046606373010576,18925.155219307348,0.25060827250608275,5.11468253968254,354.6666666666667,6,0.46785714285714286
ESENLER,MENDERES,ESENLER|MENDERES,2023,19252,886489.2658931996,0.04389110664772896,324.0,324.0,167.0,167.0,71.8675,20.0,1.0,0.0,16.829420319966754,46.046606373010576,14919.100464855426,0.5154320987654321,3.5933750000000004,482.6666666666667,6,0.08
ESENLER,MİMAR SİNAN,ESENLER|MİMAR SİNAN,2023,13216,608551.9498257077,0.03013010936299532,97.0,97.0,124.0,124.0,45.17027777777778,11.0,0.0,0.0,7.339588377723971,46.04660637301057,4466.520818182025,1.2783505154639174,4.106388888888889,307.6666666666667,6,-0.020202020202020204
ESENLER,NAMIK KEMAL,ESENLER|NAMIK KEMAL,2023,18788,865123.6405361226,0.042833269878325975,290.0,290.0,89.0,89.0,53.64861111111111,13.0,0.0,0.0,15.435384287843304,46.04660637301057,13353.515848173065,0.30689655172413793,4.1268162393162395,210.6,5,-0.14454277286135694
ESENLER,NİNE HATUN,ESENLER|NİNE HATUN,2023,40028,1843153.559898867,0.09125665992599702,478.0,478.0,273.5,270.0,62.45666666666666,15.0,4.0,0.0,11.941640851404017,46.04660637301057,22010.277846299054,0.5721757322175732,4.163777777777778,370.0,6,0.1687041564792176
ESENLER,ORUÇREİS,ESENLER|ORUÇREİS,2023,34657,1595837.2370694275,0.07901174335603275,877.75,872.75,273.5,270.0,77.94611111111111,26.0,3.0,1.0,25.326773811928327,46.046606373010576,40417.40874391003,0.31159213899174026,2.9979273504273505,510.6666666666667,12,0.20404663923182442
ESENLER,TUNA,ESENLER|TUNA,2023,27665,1273879.3653093374,0.06307123755502916,712.0,712.0,124.0,124.0,32.486666666666665,6.0,10.0,0.0,25.736490150009036,46.04660637301057,32785.183737583524,0.17415730337078653,5.414444444444444,591.0555555555555,9,-0.050666666666666665
ESENLER,TURGUT REİS,ESENLER|TURGUT REİS,2023,4397,202466.9282221275,0.010024371282467496,877.75,872.75,273.5,270.0,52.214444444444446,16.0,3.0,0.0,199.62474414373435,46.046606373010576,40417.40874391003,0.31159213899174026,3.263402777777778,529.9166666666666,3,0.38665086887835703
ESENLER,YAVUZ SELİM,ESENLER|YAVUZ SELİM,2023,3517,161945.91461387818,0.008018129133599769,88.0,88.0,32.0,32.0,69.63694444444444,16.0,2.0,0.0,25.02132499289167,46.04660637301057,4052.10136082493,0.36363636363636365,4.352309027777777,328.5,6,0.15789473684210525
ESENLER,ÇİFTE HAVUZLAR,ESENLER|ÇİFTE HAVUZLAR,2023,2205,101532.76705248831,0.005027004475287884,40.0,40.0,18.0,18.0,50.17027777777778,12.0,4.0,1.0,18.140589569160998,46.046606373010576,1841.864254920423,0.45,4.180856481481482,320.375,8,-0.23076923076923078
ESENYURT,AKEVLER,ESENYURT|AKEVLER,2023,11855,671509.7710128496,0.01235360380309679,97.0,97.0,41.0,41.0,145.89291666666668,4.0,2.0,0.0,8.182201602699283,56.64359097535636,5494.428324609567,0.422680412371134,36.47322916666667,215.2,5,0.2597402597402597
ESENYURT,AKÇABURGAZ,ESENYURT|AKÇABURGAZ,2023,25951,1469957.8294014728,0.02704246075868113,263.0,263.0,254.0,254.0,145.89291666666668,7.0,4.0,44.0,10.134484220261262,56.643590975356354,14897.264426518721,0.9657794676806084,20.84184523809524,247.85714285714286,7,0.47752808988764045
ESENYURT,AKŞEMSEDDİN,ESENYURT|AKŞEMSEDDİN,2023,7919,448560.596933847,0.008252061452275283,93.0,93.0,121.0,121.0,145.89291666666668,6.0,3.0,1.0,11.743907058972093,56.64359097535636,5267.853960708141,1.3010752688172043,24.315486111111113,373.4583333333333,6,-0.19827586206896552
ESENYURT,ARDIÇLI,ESENYURT|ARDIÇLI,2023,24196,1370548.3272397225,0.02521364804890172,222.0,222.0,25.0,25.0,145.89291666666668,5.0,4.0,0.0,9.175070259547033,56.64359097535636,12574.877196529113,0.11261261261261261,29.178583333333336,222.96875,8,0.7480314960629921
ESENYURT,ATATÜRK,ESENYURT|ATATÜRK,2023,27105,1535324.533387034,0.028244996295481946,100.0,97.0,85.0,85.0,22.645,6.0,0.0,2.0,3.689356207341819,56.643590975356354,5664.359097535636,0.85,3.7741666666666664,199.14285714285714,7,0.25
ESENYURT,AŞIK VEYSEL,ESENYURT|AŞIK VEYSEL,2023,31043,1758386.9946479872,0.03234862276335163,69.0,69.0,22.0,22.0,145.89291666666668,9.0,10.0,4.0,2.2227233192668234,56.643590975356354,3908.4077772995884,0.3188405797101449,16.210324074074077,297.3333333333333,3,0.06153846153846154
ESENYURT,BALIKYOLU,ESENYURT|BALIKYOLU,2023,27998,1585907.2601280273,0.029175554557495056,203.0,202.0,131.0,131.0,145.89291666666668,11.0,3.0,0.0,7.250517894135295,56.64359097535636,11498.648967997342,0.645320197044335,13.262992424242425,336.15,5,0.19411764705882353
ESENYURT,BARBAROS HAYRETTİN PAŞA,ESENYURT|BARBAROS HAYRETTİN PAŞA,2023,27467,1555829.513320113,0.028622221481202827,158.0,158.0,95.0,95.0,145.89291666666668,9.0,2.0,0.0,5.75235737430371,56.64359097535636,8949.687374106305,0.6012658227848101,16.210324074074077,92.28571428571429,7,1.2253521126760563
ESENYURT,BATTALGAZİ,ESENYURT|BATTALGAZİ,2023,18059,1022926.6094239604,0.0188185348865563,100.0,100.0,63.0,63.0,16.33555555555556,3.0,1.0,0.0,5.537405171936431,56.643590975356354,5664.359097535636,0.63,5.445185185185186,284.8333333333333,6,0.02040816326530612
ESENYURT,BAĞLARÇEŞME,ESENYURT|BAĞLARÇEŞME,2023,32580,1845448.19397711,0.03395026671487924,242.0,242.0,132.0,132.0,145.89291666666668,3.0,0.0,0.0,7.4278698588090855,56.643590975356354,13707.749016036238,0.5454545454545454,48.630972222222226,178.52272727272728,0,0.05217391304347826
ESENYURT,CUMHURİYET,ESENYURT|CUMHURİYET,2023,1434,81226.90945866102,0.0014943119235462502,42.0,42.0,25.0,25.0,145.89291666666668,4.0,1.0,0.0,29.288702928870293,56.643590975356354,2379.030820964967,0.5952380952380952,36.47322916666667,169.14285714285714,7,0.75
ESENYURT,ESENKENT,ESENYURT|ESENKENT,2023,9134,517382.559968905,0.009518162559045642,124.0,124.0,18.0,18.0,145.89291666666668,9.0,4.0,0.0,13.575651412305671,56.64359097535636,7023.805280944189,0.14516129032258066,16.210324074074077,393.82142857142856,7,0.7222222222222222
ESENYURT,FATİH,ESENYURT|FATİH,2023,2741,155260.0828634518,0.002856282414532965,210.0,210.0,150.0,150.0,145.89291666666668,2.0,7.0,0.0,76.6143743159431,56.64359097535637,11895.154104824836,0.7142857142857143,72.94645833333334,251.66666666666666,6,-0.16
ESENYURT,GÖKEVLER,ESENYURT|GÖKEVLER,2023,15311,867270.0214236813,0.0159549580623547,51.0,51.0,45.0,45.0,145.89291666666668,4.0,3.0,1.0,3.330938540918294,56.64359097535636,2888.8231397431746,0.8823529411764706,36.47322916666667,179.0,5,0.13333333333333333
ESENYURT,GÜZELYURT,ESENYURT|GÜZELYURT,2023,17491,990753.049749958,0.018226645644872707,199.0,198.0,162.0,162.0,145.89291666666668,3.0,3.0,0.0,11.377279743868275,56.643590975356354,11272.074604095915,0.8140703517587939,48.630972222222226,272.95,5,0.4420289855072464
ESENYURT,HÜRRİYET,ESENYURT|HÜRRİYET,2023,28368,1606865.3887889092,0.029561116211408667,158.0,156.0,110.0,110.0,32.695,9.0,1.0,0.0,5.56965595036661,56.64359097535636,8949.687374106305,0.6962025316455697,3.6327777777777777,141.71428571428572,7,0.5047619047619047
ESENYURT,KOZA,ESENYURT|KOZA,2023,12189,690428.7303986187,0.012701651350143128,34.0,34.0,63.0,63.0,145.89291666666668,11.0,2.0,4.0,2.7894002789400276,56.64359097535637,1925.8820931621165,1.8529411764705883,13.262992424242425,297.6666666666667,6,-0.34615384615384615
ESENYURT,MEHMET AKİF ERSOY,ESENYURT|MEHMET AKİF ERSOY,2023,25924,1468428.4524451382,0.027014325178530675,148.0,148.0,209.0,209.0,145.89291666666668,5.0,0.0,0.0,5.708995525381885,56.64359097535636,8383.251464352741,1.412162162162162,29.178583333333336,208.2,5,0.1746031746031746
ESENYURT,MEHTERÇEŞME,ESENYURT|MEHTERÇEŞME,2023,33522,1898806.456675896,0.0349318858445728,304.0,304.0,273.5,270.0,145.89291666666668,6.0,0.0,0.0,9.06867132032695,56.64359097535636,17219.651656508333,0.899671052631579,24.315486111111113,191.8,5,1.0402684563758389
ESENYURT,SARIYER MERKEZ,ESENYURT|SARIYER MERKEZ,2023,31992,1812141.7624836008,0.033337536302713834,0.0,0.0,0.0,0.0,0.0,0.0,2.0,0.0,0.0,56.64359097535636,0.0,0.0,0.0,211.85714285714286,7,0.0
ESENYURT,MEVLANA,ESENYURT|MEVLANA,2023,20600,1166857.974092341,0.0214664055962711,99.0,99.0,33.0,33.0,145.89291666666668,3.0,6.0,0.0,4.805825242718447,56.64359097535636,5607.71550656028,0.3333333333333333,48.630972222222226,286.9642857142857,7,0.7068965517241379
ESENYURT,NAMIK KEMAL,ESENYURT|NAMIK KEMAL,2023,21328,1208094.5083224003,0.02222502420180922,167.0,167.0,273.5,270.0,145.89291666666668,3.0,1.0,0.0,7.830082520630158,56.643590975356354,9459.479692884512,1.6377245508982037,48.630972222222226,339.4583333333333,6,0.07051282051282051
ESENYURT,NECİP FAZIL KISAKÜREK,ESENYURT|NECİP FAZIL KISAKÜREK,2023,20291,1149355.1044809557,0.02114440951232703,100.0,100.0,49.0,49.0,33.86972222222222,9.0,2.0,0.0,4.928293332019122,56.643590975356354,5664.359097535636,0.49,3.7633024691358026,192.5,4,0.06382978723404255
ESENYURT,ORHAN GAZİ,ESENYURT|ORHAN GAZİ,2023,1725,97710.19443248972,0.0017975509540566817,320.0,320.0,86.0,86.0,145.89291666666668,13.0,3.0,17.0,185.5072463768116,56.64359097535636,18125.949112114035,0.26875,11.222532051282052,319.5,6,0.1895910780669145
ESENYURT,OSMANGAZİ,ESENYURT|OSMANGAZİ,2023,30991,1755441.527917269,0.032294435720098914,342.0,340.0,114.0,114.0,19.304166666666667,4.0,2.0,34.0,11.035461908295957,56.64359097535636,19372.108113571874,0.3333333333333333,4.826041666666667,178.16666666666666,6,0.4430379746835443
ESENYURT,PINAR,ESENYURT|PINAR,2023,37015,2096662.5199528157,0.038571796269222074,438.0,438.0,273.5,270.0,145.89291666666668,7.0,2.0,0.0,11.83304065919222,56.64359097535636,24809.892847206087,0.6244292237442922,20.84184523809524,213.85714285714286,7,0.2658959537572254
ESENYURT,PİRİ REİS,ESENYURT|PİRİ REİS,2023,15747,891966.6270889365,0.0164092955788583,87.0,87.0,80.0,80.0,145.89291666666668,5.0,2.0,0.0,5.524861878453039,56.643590975356354,4927.992414856003,0.9195402298850575,29.178583333333336,171.5,4,0.8913043478260869
ESENYURT,SAADETDERE,ESENYURT|SAADETDERE,2023,15361,870102.2009724489,0.016007060988559238,169.0,167.0,141.0,141.0,145.89291666666668,2.0,1.0,0.0,11.001887897923313,56.643590975356354,9572.766874835224,0.834319526627219,72.94645833333334,306.25,4,0.4083333333333333
ESENYURT,SELAHADDİN EYYUBİ,ESENYURT|SELAHADDİN EYYUBİ,2023,29545,1673534.8953669036,0.03078761909426357,317.0,317.0,94.0,94.0,145.89291666666668,23.0,4.0,8.0,10.729395836859029,56.64359097535636,17956.018339187965,0.29652996845425866,6.343170289855073,212.1,10,0.36637931034482757
ESENYURT,SULTANİYE,ESENYURT|SULTANİYE,2023,21429,1213815.5110109115,0.022330272112742397,158.0,158.0,47.0,47.0,145.89291666666668,3.0,4.0,0.0,7.3731858696159405,56.64359097535637,8949.687374106306,0.2974683544303797,48.630972222222226,169.625,8,0.3277310924369748
ESENYURT,SÜLEYMANİYE,ESENYURT|SÜLEYMANİYE,2023,34454,1951598.2834649282,0.03590308438902546,176.0,176.0,73.0,73.0,145.89291666666668,6.0,0.0,0.0,5.108260289081094,56.64359097535636,9969.272011662719,0.4147727272727273,24.315486111111113,327.55,5,0.1891891891891892
ESENYURT,TALATPAŞA,ESENYURT|TALATPAŞA,2023,24420,1383236.4916182023,0.02544706915829807,342.0,341.0,129.0,129.0,145.89291666666668,2.0,0.0,0.0,14.004914004914005,56.64359097535636,19372.108113571874,0.37719298245614036,72.94645833333334,252.71428571428572,7,0.5475113122171946
ESENYURT,TURGUT ÖZAL,ESENYURT|TURGUT ÖZAL,2023,20683,1171559.3921432956,0.021552896453770638,183.0,179.0,96.0,96.0,145.89291666666668,5.0,3.0,0.0,8.847846057148383,56.64359097535636,10365.777148490213,0.5245901639344263,29.178583333333336,426.15,5,0.17307692307692307
ESENYURT,YENİKENT,ESENYURT|YENİKENT,2023,23433,1327329.2673255256,0.02441855739502042,177.0,177.0,61.0,61.0,145.89291666666668,3.0,2.0,0.0,7.55345026245039,56.64359097535636,10025.915602638075,0.3446327683615819,48.630972222222226,126.8,5,0.20408163265306123
ESENYURT,YEŞİLKENT,ESENYURT|YEŞİLKENT,2023,35687,2021439.8311375421,0.03718794254922945,328.0,328.0,172.0,172.0,145.89291666666668,23.0,4.0,0.0,9.191021940762743,56.643590975356354,18579.097839916885,0.524390243902439,6.343170289855073,189.7,10,0.9523809523809523
ESENYURT,YUNUS EMRE,ESENYURT|YUNUS EMRE,2023,16771,949969.6642477015,0.01747636350752731,265.0,265.0,83.0,83.0,145.89291666666668,11.0,2.0,0.0,15.801085206606642,56.64359097535636,15010.551608469435,0.3132075471698113,13.262992424242425,318.95,5,0.815068493150685
ESENYURT,ZAFER,ESENYURT|ZAFER,2023,17621,998116.7165767545,0.018362113253004516,143.0,143.0,63.0,63.0,145.89291666666668,9.0,2.0,0.0,8.115316951364848,56.64359097535636,8100.033509475959,0.4405594405594406,16.210324074074077,250.75,9,0.625
ESENYURT,ÇINAR,ESENYURT|ÇINAR,2023,30551,1730518.347888112,0.031835929969498945,200.0,200.0,189.0,189.0,145.89291666666668,2.0,1.0,0.0,6.546430558737848,56.64359097535636,11328.718195071273,0.945,72.94645833333334,208.25,4,-0.24812030075187969
ESENYURT,ÖRNEK,ESENYURT|ÖRNEK,2023,25321,1434272.3670869984,0.026385963888503908,78.0,78.0,220.0,220.0,145.89291666666668,4.0,2.0,0.0,3.080447059752774,56.64359097535636,4418.200096077796,2.8205128205128207,36.47322916666667,183.2,5,-0.1875
ESENYURT,ÜÇEVLER,ESENYURT|ÜÇEVLER,2023,28491,1613832.550478878,0.02968928940987184,244.0,244.0,114.0,113.0,145.89291666666668,2.0,1.0,0.0,8.564107963918431,56.643590975356354,13821.03619798695,0.4672131147540984,72.94645833333334,192.33333333333334,6,0.07017543859649122
ESENYURT,İNCİRTEPE,ESENYURT|İNCİRTEPE,2023,27768,1572879.2342036953,0.028935881096954167,217.0,217.0,212.0,212.0,145.89291666666668,7.0,2.0,0.0,7.814750792278882,56.643590975356354,12291.659241652329,0.9769585253456221,20.84184523809524,176.25,4,-0.16538461538461538
ESENYURT,İNÖNÜ,ESENYURT|İNÖNÜ,2023,29088,1647648.7742911659,0.030311398348754064,204.0,204.0,121.0,121.0,145.89291666666668,5.0,2.0,0.0,7.013201320132013,56.64359097535636,11555.292558972698,0.5931372549019608,29.178583333333336,205.0,6,0.2215568862275449
ESENYURT,İSTİKLAL,ESENYURT|İSTİKLAL,2023,1899,107566.17926220174,0.0019788691372484863,168.0,168.0,45.0,45.0,21.561666666666667,5.0,3.0,0.0,88.46761453396525,56.64359097535637,9516.12328385987,0.26785714285714285,4.312333333333333,152.66666666666666,6,0.16666666666666666
ESENYURT,ŞEHİTLER,ESENYURT|ŞEHİTLER,2023,17141,970927.7929085833,0.017861925161440917,116.0,116.0,56.0,56.0,37.80722222222222,9.0,0.0,0.0,6.767399801645179,56.643590975356354,6570.656553141337,0.4827586206896552,4.200802469135803,174.0,4,0.20833333333333334
EYÜPSULTAN,5.LEVENT,EYÜPSULTAN|5.LEVENT,2023,12079,746943.473564051,0.031697422009489024,111.0,111.0,17.0,17.0,8.765555555555556,3.0,3.0,0.0,9.189502442255153,61.8381880589495,6864.038874543395,0.15315315315315314,2.921851851851852,621.4,10,0.0
EYÜPSULTAN,AKPINAR,EYÜPSULTAN|AKPINAR,2023,1130,69877.15250661293,0.0029653188898685814,244.0,244.0,273.5,270.0,145.89291666666668,12.0,0.0,0.0,215.929203539823,61.83818805894949,15088.517886383675,1.1209016393442623,12.157743055555557,144.16666666666666,6,0.3048128342245989
EYÜPSULTAN,AKŞEMSETTİN,EYÜPSULTAN|AKŞEMSETTİN,2023,38703,2393323.3924455224,0.10156348406600328,877.75,872.75,184.0,184.0,145.89291666666668,38.0,1.0,1.0,22.679120481616412,61.8381880589495,54278.46956874292,0.20962688692680148,3.839287280701755,647.25,5,0.0
EYÜPSULTAN,ALİBEYKÖY,EYÜPSULTAN|ALİBEYKÖY,2023,13062,807730.4124259982,0.03427698702607381,777.0,777.0,76.0,76.0,145.89291666666668,38.0,2.0,1.0,59.4855305466238,61.83818805894949,48048.272121803755,0.0978120978120978,3.839287280701755,580.1785714285714,7,0.010403120936280884
EYÜPSULTAN,AĞAÇLI,EYÜPSULTAN|AĞAÇLI,2023,1093,67589.13954843179,0.0028682243775454506,155.0,155.0,26.0,26.0,145.89291666666668,8.0,1.0,0.0,141.81152790484904,61.83818805894949,9584.919149137171,0.16774193548387098,18.236614583333335,103.0,3,0.7613636363636364
EYÜPSULTAN,DEFTERDAR,EYÜPSULTAN|DEFTERDAR,2023,5270,325887.2510706638,0.013829407566024268,178.0,178.0,14.0,14.0,145.89291666666668,13.0,1.0,3.0,33.776091081593925,61.838188058949484,11007.197474493008,0.07865168539325842,11.222532051282052,445.25,4,-0.13592233009708737
EYÜPSULTAN,DÜĞMECİLER,EYÜPSULTAN|DÜĞMECİLER,2023,17772,1098988.2781836502,0.046636856027207456,334.0,334.0,38.0,38.0,74.2786111111111,21.0,1.0,0.0,18.793607922574836,61.838188058949484,20653.954811689127,0.11377245508982035,3.5370767195767194,376.5,4,0.06369426751592357
EYÜPSULTAN,EMNİYETTEPE,EYÜPSULTAN|EMNİYETTEPE,2023,10787,667048.5345918881,0.02830698660620565,484.0,484.0,73.0,73.0,31.976666666666667,10.0,1.0,0.0,44.86882358394364,61.838188058949484,29929.68302053155,0.15082644628099173,3.1976666666666667,554.2916666666666,6,-0.07279693486590039
EYÜPSULTAN,ESENTEPE,EYÜPSULTAN|ESENTEPE,2023,26170,1618305.381502708,0.06867468614854935,525.0,525.0,273.5,270.0,145.89291666666668,22.0,1.0,0.0,20.061138708444783,61.838188058949484,32465.048730948478,0.520952380952381,6.631496212121212,633.6875,4,0.013513513513513514
EYÜPSULTAN,GÖKTÜRK MERKEZ,EYÜPSULTAN|GÖKTÜRK MERKEZ,2023,38574,2385346.266185918,0.10122496536087669,411.0,411.0,95.0,95.0,22.053333333333335,9.0,1.0,2.0,10.654845232540053,61.8381880589495,25415.495292228243,0.23114355231143552,2.4503703703703703,198.33333333333334,3,-0.10845986984815618
EYÜPSULTAN,GÜZELTEPE,EYÜPSULTAN|GÜZELTEPE,2023,30642,1894845.7585023304,0.08041000125960449,877.75,872.75,188.0,188.0,44.06888888888889,14.0,6.0,2.0,28.645323412309903,61.83818805894949,54278.46956874292,0.21418399316434064,3.1477777777777782,478.6666666666667,6,0.0
EYÜPSULTAN,IŞIKLAR,EYÜPSULTAN|IŞIKLAR,2023,668,41307.909623378255,0.0017529495738338161,65.0,65.0,16.0,16.0,145.89291666666668,4.0,0.0,5.0,97.3053892215569,61.838188058949484,4019.4822238317165,0.24615384615384617,36.47322916666667,141.8,5,-0.057971014492753624
EYÜPSULTAN,KARADOLAP,EYÜPSULTAN|KARADOLAP,2023,23894,1477561.6654805392,0.06270206155267247,877.75,872.75,273.5,270.0,145.89291666666668,39.0,10.0,0.0,36.73516363940738,61.83818805894949,54278.46956874292,0.31159213899174026,3.7408440170940174,751.2083333333334,6,0.0
EYÜPSULTAN,SARIYER MERKEZ,EYÜPSULTAN|SARIYER MERKEZ,2023,11951,739028.1854925054,0.03136152748037117,309.0,309.0,82.0,82.0,72.46055555555556,18.0,8.0,0.0,25.85557693916827,61.8381880589495,19108.000110215395,0.26537216828478966,4.025586419753086,365.4,5,0.23107569721115537
EYÜPSULTAN,MİMAR SİNAN,EYÜPSULTAN|MİMAR SİNAN,2023,6622,409492.4813263635,0.017377293529831632,176.0,176.0,100.0,100.0,40.14194444444445,13.0,4.0,22.0,26.578073089700997,61.83818805894949,10883.521098375111,0.5681818181818182,3.087841880341881,366.75,5,-0.2874493927125506
EYÜPSULTAN,MİTHATPAŞA,EYÜPSULTAN|MİTHATPAŞA,2023,856,52933.488978460766,0.0022462946634756687,388.0,388.0,107.0,107.0,24.935000000000002,12.0,1.0,2.0,453.2710280373832,61.83818805894949,23993.216966872402,0.2757731958762887,2.077916666666667,272.625,12,-0.255278310940499
EYÜPSULTAN,NİŞANCI,EYÜPSULTAN|NİŞANCI,2023,15581,963500.808146492,0.04088728639207289,569.0,569.0,166.0,166.0,145.89291666666668,30.0,0.0,0.0,36.51883704511905,61.83818805894949,35185.92900554226,0.29173989455184535,4.863097222222223,302.2,5,0.361244019138756
EYÜPSULTAN,ODAYERİ,EYÜPSULTAN|ODAYERİ,2023,2160,133570.4862073309,0.005668220178863837,36.0,36.0,58.0,58.0,145.89291666666668,4.0,0.0,0.0,16.666666666666668,61.838188058949484,2226.1747701221816,1.6111111111111112,36.47322916666667,209.0,7,1.5714285714285714
EYÜPSULTAN,PİRİNÇÇİ,EYÜPSULTAN|PİRİNÇÇİ,2023,3505,216742.84914661795,0.009197736910610068,171.0,171.0,26.0,26.0,145.89291666666668,9.0,2.0,4.0,48.787446504992865,61.83818805894949,10574.330158080364,0.15204678362573099,16.210324074074077,245.44444444444446,9,0.17123287671232876
EYÜPSULTAN,RAMİ CUMA,EYÜPSULTAN|RAMİ CUMA,2023,1467,90716.6218824789,0.003849666204811689,247.0,247.0,91.0,91.0,42.37694444444445,12.0,6.0,0.0,168.3708248125426,61.838188058949484,15274.032450560522,0.3684210526315789,3.5314120370370374,312.0,4,0.21674876847290642
EYÜPSULTAN,RAMİ YENİ,EYÜPSULTAN|RAMİ YENİ,2023,15088,933014.58143343,0.03959356761976739,224.0,224.0,152.0,152.0,30.53527777777778,11.0,4.0,2.0,14.846235418875928,61.83818805894949,13851.754125204687,0.6785714285714286,2.7759343434343435,375.7142857142857,7,-0.2607260726072607
EYÜPSULTAN,SAKARYA,EYÜPSULTAN|SAKARYA,2023,9842,608611.4468761808,0.025827140277952722,308.0,308.0,70.0,70.0,145.89291666666668,22.0,3.0,0.0,31.294452347083926,61.838188058949484,19046.16192215644,0.22727272727272727,6.631496212121212,472.8333333333333,6,-0.23383084577114427
EYÜPSULTAN,SİLAHTARAĞA,EYÜPSULTAN|SİLAHTARAĞA,2023,1012,62580.24631565688,0.0026556661208380567,271.0,271.0,151.0,151.0,73.6563888888889,15.0,1.0,0.0,267.7865612648221,61.838188058949484,16758.14896397531,0.5571955719557196,4.910425925925926,327.25,4,0.4263157894736842
EYÜPSULTAN,TOPÇULAR,EYÜPSULTAN|TOPÇULAR,2023,10248,633717.7512281144,0.026892555737498425,261.0,261.0,57.0,57.0,145.89291666666668,23.0,2.0,25.0,25.468384074941454,61.83818805894949,16139.767083385817,0.21839080459770116,6.343170289855073,289.6363636363636,11,-0.37259615384615385
EYÜPSULTAN,YEŞİLPINAR,EYÜPSULTAN|YEŞİLPINAR,2023,37952,2346882.913213251,0.0995927278834446,877.75,872.75,273.5,270.0,145.89291666666668,29.0,1.0,0.0,23.12789839797639,61.83818805894949,54278.46956874292,0.31159213899174026,5.030790229885058,679.6071428571429,7,0.24327195467422097
EYÜPSULTAN,ÇIRÇIR,EYÜPSULTAN|ÇIRÇIR,2023,26389,1631847.9446876182,0.06924938069446195,877.75,872.75,215.0,215.0,145.89291666666668,46.0,4.0,0.0,33.26196521277805,61.83818805894949,54278.46956874292,0.24494446026772998,3.1715851449275365,660.875,4,0.0
EYÜPSULTAN,ÇİFTALAN,EYÜPSULTAN|ÇİFTALAN,2023,1850,114400.64790905656,0.004854725616156527,29.0,29.0,2.0,2.0,0.0,0.0,0.0,0.0,15.675675675675675,61.83818805894949,1793.3074537095351,0.06896551724137931,0.0,171.75,4,0.45
EYÜPSULTAN,İHSANİYE,EYÜPSULTAN|İHSANİYE,2023,1860,115019.02978964605,0.00488096737624386,38.0,38.0,3.0,3.0,145.89291666666668,2.0,0.0,0.0,20.43010752688172,61.83818805894949,2349.8511462400807,0.07894736842105263,72.94645833333334,202.75,4,0.4074074074074074
EYÜPSULTAN,İSLAMBEY,EYÜPSULTAN|İSLAMBEY,2023,14845,917987.9017351052,0.038955892849645214,429.0,429.0,70.0,70.0,84.11083333333333,20.0,8.0,0.0,28.898619063657797,61.83818805894949,26528.58267728933,0.16317016317016317,4.205541666666667,369.7142857142857,7,-0.08917197452229299
FATİH,AKSARAY,FATİH|AKSARAY,2023,8464,657792.773126615,0.024300890037324146,437.0,437.0,202.0,202.0,42.99611111111111,12.0,4.0,0.0,51.630434782608695,77.71653746770026,33962.126873385016,0.4622425629290618,3.5830092592592595,191.16666666666666,6,0.70703125
FATİH,AKŞEMSETTİN,FATİH|AKŞEMSETTİN,2023,18622,1447237.3607235143,0.05346540338788401,412.0,412.0,122.0,122.0,145.89291666666668,17.0,3.0,0.0,22.124369025883365,77.71653746770026,32019.21343669251,0.2961165048543689,8.581936274509804,298.3333333333333,6,0.2298507462686567
FATİH,ALEMDAR,FATİH|ALEMDAR,2023,23,1787.480361757106,6.603502727533736e-05,235.0,229.0,135.0,135.0,145.89291666666668,18.0,4.0,0.0,10217.391304347826,77.71653746770026,18263.386304909563,0.574468085106383,8.105162037037038,195.4,5,0.7803030303030303
FATİH,ALİ KUŞÇU,FATİH|ALİ KUŞÇU,2023,9482,736908.2082687339,0.027223657766293426,242.0,242.0,92.0,92.0,145.89291666666668,10.0,7.0,0.0,25.522041763341065,77.71653746770026,18807.402067183462,0.38016528925619836,14.589291666666668,328.85714285714283,7,0.2670157068062827
FATİH,ATİKALİ,FATİH|ATİKALİ,2023,13319,1035106.5625322998,0.03824002296870514,186.0,186.0,216.0,216.0,145.89291666666668,8.0,5.0,0.0,13.965012388317442,77.71653746770026,14455.27596899225,1.1612903225806452,18.236614583333335,350.4,5,-0.08823529411764706
FATİH,AYVANSARAY,FATİH|AYVANSARAY,2023,15452,1200875.9369509043,0.044364053976457075,602.0,602.0,157.0,157.0,145.89291666666668,21.0,7.0,0.0,38.959358011907845,77.71653746770025,46785.35555555555,0.260797342192691,6.947281746031747,294.6666666666667,3,0.08273381294964029
FATİH,BALABANAĞA,FATİH|BALABANAĞA,2023,250,19429.134366925064,0.000717772035601493,67.0,67.0,16.0,16.0,145.89291666666668,7.0,10.0,0.0,268.0,77.71653746770025,5207.008010335917,0.23880597014925373,20.84184523809524,129.5,6,-0.04285714285714286
FATİH,BALAT,FATİH|BALAT,2023,10817,840659.7857881137,0.0310565604364054,357.0,356.0,129.0,129.0,145.89291666666668,22.0,6.0,0.0,33.003605435887955,77.71653746770026,27744.803875968995,0.36134453781512604,6.631496212121212,340.6,5,-0.3714788732394366
FATİH,BEYAZIT,FATİH|BEYAZIT,2023,16,1243.464599483204,4.593741027849555e-05,209.0,209.0,40.0,40.0,145.89291666666668,8.0,0.0,0.0,13062.5,77.71653746770025,16242.756330749353,0.19138755980861244,18.236614583333335,135.14285714285714,7,1.75
FATİH,BİNBİRDİREK,FATİH|BİNBİRDİREK,2023,1414,109891.18397932817,0.004059718633362045,113.0,113.0,23.0,23.0,3.778888888888889,1.0,1.0,0.0,79.9151343705799,77.71653746770026,8781.96873385013,0.20353982300884957,3.778888888888889,190.0,6,1.0178571428571428
FATİH,CANKURTARAN,FATİH|CANKURTARAN,2023,200,15543.307493540053,0.0005742176284811944,198.0,198.0,27.0,27.0,1.5925,1.0,3.0,0.0,990.0,77.71653746770026,15387.874418604652,0.13636363636363635,1.5925,136.25,4,0.5
FATİH,CERRAHPAŞA,FATİH|CERRAHPAŞA,2023,5619,436689.22403100773,0.016132644272179156,149.0,149.0,67.0,67.0,50.54777777777778,10.0,6.0,0.0,26.517173874354867,77.71653746770025,11579.764082687338,0.44966442953020136,5.054777777777778,356.6,5,-0.019736842105263157
FATİH,CİBALİ,FATİH|CİBALİ,2023,7199,559481.3532299742,0.02066896353718059,234.0,234.0,63.0,63.0,145.89291666666668,13.0,4.0,0.0,32.50451451590499,77.71653746770026,18185.66976744186,0.2692307692307692,11.222532051282052,187.2,5,0.3764705882352941
FATİH,DEMİRTAŞ,FATİH|DEMİRTAŞ,2023,2740,212943.3126614987,0.007866781510192362,130.0,130.0,27.0,27.0,145.89291666666668,8.0,0.0,0.0,47.44525547445255,77.71653746770025,10103.149870801033,0.2076923076923077,18.236614583333335,113.33333333333333,6,0.9696969696969697
FATİH,DERVİŞ ALİ,FATİH|DERVİŞ ALİ,2023,1681,130641.49948320414,0.004826299167384439,349.0,349.0,115.0,115.0,145.89291666666668,12.0,4.0,0.0,207.61451516954193,77.71653746770026,27123.07157622739,0.32951289398280803,12.157743055555557,319.2857142857143,7,-0.22444444444444445
FATİH,EMİN SİNAN,FATİH|EMİN SİNAN,2023,8700,676133.8759689922,0.024978466838931956,84.0,84.0,76.0,76.0,0.0,0.0,1.0,0.0,9.655172413793103,77.71653746770026,6528.189147286822,0.9047619047619048,0.0,190.6,5,0.2
FATİH,HACI KADIN,FATİH|HACI KADIN,2023,512,39790.86718346253,0.0014699971289118575,70.0,70.0,0.0,0.0,145.89291666666668,8.0,0.0,0.0,136.71875,77.71653746770025,5440.157622739018,0.0,18.236614583333335,162.6,5,0.1864406779661017
FATİH,HASEKİ SULTAN,FATİH|HASEKİ SULTAN,2023,8653,672481.1987080104,0.024843525696238874,230.0,230.0,220.0,220.0,145.89291666666668,16.0,1.0,0.0,26.580376747948687,77.71653746770026,17874.803617571062,0.9565217391304348,9.118307291666667,377.3333333333333,6,0.017699115044247787
FATİH,HIRKA-İ ŞERİF,FATİH|HIRKA-İ ŞERİF,2023,20523,1594976.4984496124,0.05892334194659776,392.0,392.0,273.5,270.0,145.89291666666668,15.0,6.0,0.0,19.100521366271987,77.71653746770026,30464.882687338504,0.6977040816326531,9.726194444444445,295.1666666666667,6,0.22118380062305296
FATİH,HOBYAR,FATİH|HOBYAR,2023,65,5051.574935400517,0.00018662072925638816,210.0,210.0,26.0,26.0,28.9925,7.0,3.0,0.0,3230.769230769231,77.71653746770025,16320.472868217052,0.12380952380952381,4.141785714285715,194.2,5,2.1818181818181817
FATİH,HOCA GIYASETTİN,FATİH|HOCA GIYASETTİN,2023,4530,352055.9147286822,0.013006029285099053,108.0,108.0,11.0,11.0,145.89291666666668,4.0,0.0,0.0,23.841059602649008,77.71653746770026,8393.386046511629,0.10185185185185185,36.47322916666667,87.0,5,1.4545454545454546
FATİH,HOCAPAŞA,FATİH|HOCAPAŞA,2023,111,8626.535658914729,0.0003186907838070629,95.0,95.0,66.0,66.0,7.636666666666667,2.0,1.0,0.0,855.8558558558559,77.71653746770026,7383.071059431525,0.6947368421052632,3.8183333333333334,214.33333333333334,3,0.7272727272727273
FATİH,KALENDERHANE,FATİH|KALENDERHANE,2023,133,10336.299483204135,0.00038185472293999427,50.0,50.0,23.0,23.0,145.89291666666668,2.0,10.0,0.0,375.9398496240601,77.71653746770026,3885.826873385013,0.46,72.94645833333334,171.0,6,0.21951219512195122
FATİH,KARAGÜMRÜK,FATİH|KARAGÜMRÜK,2023,10850,843224.4315245479,0.031151306345104796,259.0,259.0,152.0,152.0,145.89291666666668,14.0,2.0,0.0,23.870967741935484,77.71653746770026,20128.583204134367,0.5868725868725869,10.42092261904762,331.25,4,0.3282051282051282
FATİH,KATİP KASIM,FATİH|KATİP KASIM,2023,1354,105228.19173126615,0.003887453344817686,166.0,166.0,29.0,29.0,5.2975,2.0,0.0,0.0,122.59970457902511,77.71653746770026,12900.945219638244,0.1746987951807229,2.64875,218.5,4,0.4067796610169492
FATİH,KEMALPAŞA,FATİH|KEMALPAŞA,2023,216,16786.772093023257,0.00062015503875969,170.0,170.0,65.0,65.0,145.89291666666668,9.0,0.0,0.0,787.0370370370371,77.71653746770026,13211.811369509045,0.38235294117647056,16.210324074074077,204.85714285714286,7,0.9318181818181818
FATİH,KOCA MUSTAFAPAŞA,FATİH|KOCA MUSTAFAPAŞA,2023,18589,1444672.71498708,0.05337065747918461,422.0,422.0,134.0,134.0,145.89291666666668,10.0,11.0,0.0,22.701597719081178,77.71653746770026,32796.37881136951,0.3175355450236967,14.589291666666668,211.75,4,-0.3821376281112738
FATİH,KÜÇÜK AYASOFYA,FATİH|KÜÇÜK AYASOFYA,2023,1400,108803.15245478037,0.004019523399368361,160.0,160.0,13.0,13.0,1.2333333333333334,1.0,4.0,0.0,114.28571428571428,77.71653746770026,12434.645994832043,0.08125,1.2333333333333334,120.5,4,0.0958904109589041
FATİH,MERCAN,FATİH|MERCAN,2023,57,4429.842635658914,0.00016365202411714038,102.0,102.0,21.0,21.0,145.89291666666668,3.0,0.0,0.0,1789.4736842105262,77.71653746770025,7927.086821705426,0.20588235294117646,48.630972222222226,120.16666666666667,6,0.43661971830985913
FATİH,MESİHPAŞA,FATİH|MESİHPAŞA,2023,960,74607.87596899224,0.002756244616709733,136.0,136.0,48.0,48.0,7.744722222222222,4.0,0.0,0.0,141.66666666666666,77.71653746770025,10569.449095607233,0.35294117647058826,1.9361805555555556,208.16666666666666,6,0.7662337662337663
FATİH,MEVLANAKAPI,FATİH|MEVLANAKAPI,2023,16584,1288851.057364341,0.047614125753660634,490.0,490.0,125.0,125.0,145.89291666666668,14.0,10.0,0.0,29.546550892426435,77.71653746770026,38081.10335917313,0.25510204081632654,10.42092261904762,318.2857142857143,7,0.2661498708010336
FATİH,MOLLA FENARİ,FATİH|MOLLA FENARİ,2023,1020,79270.86821705427,0.0029285099052540915,361.0,361.0,216.0,216.0,62.808055555555555,19.0,4.0,0.0,353.921568627451,77.71653746770026,28055.670025839794,0.5983379501385041,3.3056871345029237,154.75,8,1.2848101265822784
FATİH,MOLLA GÜRANİ,FATİH|MOLLA GÜRANİ,2023,11713,910293.8033591731,0.033629055412001146,351.0,351.0,107.0,107.0,31.08361111111111,12.0,2.0,0.0,29.966703662597112,77.71653746770026,27278.50465116279,0.30484330484330485,2.5903009259259258,349.2,5,0.24468085106382978
FATİH,MOLLA HÜSREV,FATİH|MOLLA HÜSREV,2023,279,21682.913953488372,0.0008010335917312661,59.0,59.0,49.0,49.0,145.89291666666668,7.0,4.0,0.0,211.46953405017922,77.71653746770026,4585.275710594316,0.8305084745762712,20.84184523809524,132.4,5,0.0
FATİH,MUHSİNE HATUN,FATİH|MUHSİNE HATUN,2023,1403,109036.30206718345,0.004028136663795578,113.0,113.0,30.0,30.0,0.0,0.0,0.0,0.0,80.54169636493229,77.71653746770025,8781.968733850128,0.26548672566371684,0.0,149.0,4,0.6617647058823529
FATİH,MİMAR HAYRETTİN,FATİH|MİMAR HAYRETTİN,2023,4880,379256.70284237724,0.014010910134941143,136.0,136.0,47.0,47.0,0.0,0.0,0.0,0.0,27.868852459016395,77.71653746770025,10569.449095607233,0.34558823529411764,0.0,164.57142857142858,7,0.07936507936507936
FATİH,MİMAR KEMALETTİN,FATİH|MİMAR KEMALETTİN,2023,1730,134449.60981912146,0.0049669824863623315,113.0,113.0,46.0,46.0,3.7875,2.0,0.0,0.0,65.3179190751445,77.71653746770026,8781.96873385013,0.40707964601769914,1.89375,145.125,8,0.4868421052631579
FATİH,NİŞANCA,FATİH|NİŞANCA,2023,4081,317161.1894056847,0.01171691070915877,188.0,188.0,35.0,35.0,3.7,1.0,0.0,0.0,46.067140406763045,77.71653746770025,14610.709043927647,0.18617021276595744,3.7,120.25,4,0.41353383458646614
FATİH,RÜSTEMPAŞA,FATİH|RÜSTEMPAŞA,2023,25,1942.9134366925066,7.17772035601493e-05,97.0,97.0,20.0,20.0,145.89291666666668,2.0,0.0,0.0,3880.0,77.71653746770026,7538.504134366925,0.20618556701030927,72.94645833333334,138.0,5,0.4696969696969697
FATİH,SARAÇ İSHAK,FATİH|SARAÇ İSHAK,2023,448,34817.00878552972,0.0012862474877978754,89.0,89.0,14.0,14.0,0.0,0.0,0.0,0.0,198.66071428571428,77.71653746770026,6916.771834625323,0.15730337078651685,0.0,137.5,4,0.8541666666666666
FATİH,SEYYİD ÖMER,FATİH|SEYYİD ÖMER,2023,23727,1843980.284496124,0.06812230835486649,546.0,546.0,135.0,135.0,145.89291666666668,9.0,5.0,0.0,23.01175875584777,77.71653746770025,42433.22945736434,0.24725274725274726,16.210324074074077,300.4,5,0.45989304812834225
FATİH,SULTAN AHMET,FATİH|SULTAN AHMET,2023,729,56655.355813953494,0.0020930232558139536,102.0,102.0,6.0,6.0,0.0,0.0,0.0,0.0,139.91769547325103,77.71653746770026,7927.086821705427,0.058823529411764705,0.0,157.0,3,0.5223880597014925
FATİH,SURURİ,FATİH|SURURİ,2023,380,29532.284237726097,0.0010910134941142693,183.0,183.0,16.0,16.0,40.813611111111115,11.0,1.0,0.0,481.57894736842104,77.71653746770025,14222.126356589146,0.08743169398907104,3.710328282828283,167.6,5,5.777777777777778
FATİH,SÜLEYMANİYE,FATİH|SÜLEYMANİYE,2023,6550,509043.32041343674,0.018805627332759117,99.0,99.0,77.0,77.0,145.89291666666668,4.0,60.0,0.0,15.114503816793892,77.71653746770026,7693.937209302326,0.7777777777777778,36.47322916666667,98.75,8,0.5230769230769231
FATİH,SÜMBÜL EFENDİ,FATİH|SÜMBÜL EFENDİ,2023,15522,1206316.0945736435,0.044565030146425495,197.0,197.0,35.0,35.0,27.933611111111112,3.0,3.0,0.0,12.691663445432289,77.71653746770026,15310.157881136953,0.17766497461928935,9.311203703703704,271.25,4,0.17261904761904762
FATİH,SİLİVRİKAPI,FATİH|SİLİVRİKAPI,2023,1508,117196.53850129199,0.004329600918748205,148.0,148.0,67.0,67.0,27.933611111111112,3.0,5.0,0.0,98.14323607427056,77.71653746770026,11502.047545219639,0.4527027027027027,9.311203703703704,332.0,7,-0.45787545787545786
FATİH,TAHTAKALE,FATİH|TAHTAKALE,2023,19,1476.614211886305,5.4550674705713464e-05,65.0,65.0,5.0,5.0,0.0,0.0,0.0,0.0,3421.0526315789475,77.71653746770026,5051.5749354005175,0.07692307692307693,0.0,107.0,4,1.03125
FATİH,TAYA HATUN,FATİH|TAYA HATUN,2023,98,7616.220671834625,0.0002813666379557852,68.0,68.0,6.0,6.0,0.0,0.0,0.0,0.0,693.8775510204082,77.71653746770026,5284.7245478036175,0.08823529411764706,0.0,213.75,4,0.5454545454545454
FATİH,TOPKAPI,FATİH|TOPKAPI,2023,10186,791620.6506459948,0.02924490381854723,323.0,323.0,40.0,40.0,145.89291666666668,13.0,8.0,0.0,31.710190457490675,77.71653746770026,25102.441602067185,0.1238390092879257,11.222532051282052,357.1111111111111,9,0.15357142857142858
FATİH,YAVUZ SULTAN SELİM,FATİH|YAVUZ SULTAN SELİM,2023,16138,1254189.4816537467,0.046333620442147574,324.0,324.0,147.0,147.0,145.89291666666668,21.0,5.0,0.0,20.076837278473167,77.71653746770025,25180.15813953488,0.4537037037037037,6.947281746031747,292.0,4,-0.12195121951219512
FATİH,YAVUZ SİNAN,FATİH|YAVUZ SİNAN,2023,2530,196622.83979328166,0.007263853000287109,77.0,77.0,9.0,9.0,145.89291666666668,3.0,0.0,0.0,30.434782608695652,77.71653746770026,5984.17338501292,0.11688311688311688,48.630972222222226,135.5,4,0.8780487804878049
FATİH,YEDİKULE,FATİH|YEDİKULE,2023,15521,1206238.3780361759,0.04456215905828309,353.0,352.0,75.0,75.0,21.98361111111111,2.0,4.0,1.0,22.743379936859736,77.71653746770026,27433.937726098193,0.21246458923512748,10.991805555555555,260.3333333333333,3,-0.04851752021563342
FATİH,ZEYREK,FATİH|ZEYREK,2023,9789,760767.1852713178,0.028105081826012058,335.0,335.0,210.0,210.0,145.89291666666668,18.0,6.0,0.0,34.2220860149147,77.71653746770026,26035.04005167959,0.6268656716417911,8.105162037037038,180.625,8,-0.11140583554376658
FATİH,İSKENDERPAŞA,FATİH|İSKENDERPAŞA,2023,10768,836851.6754521964,0.030915877117427507,296.0,296.0,89.0,89.0,145.89291666666668,11.0,5.0,0.0,27.488855869242197,77.71653746770026,23004.095090439278,0.30067567567567566,13.262992424242425,262.55555555555554,9,-0.04823151125401929
FATİH,ŞEHREMİNİ,FATİH|ŞEHREMİNİ,2023,19271,1497675.3935400518,0.055328739592305484,485.0,485.0,120.0,120.0,145.89291666666668,8.0,11.0,0.0,25.16734990400083,77.71653746770026,37692.52067183463,0.24742268041237114,18.236614583333335,388.0,5,0.2004950495049505
FATİH,ŞEHSUVAR BEY,FATİH|ŞEHSUVAR BEY,2023,1450,112688.97932816537,0.004163077806488659,183.0,183.0,58.0,58.0,1.3,1.0,1.0,0.0,126.20689655172416,77.71653746770025,14222.126356589146,0.31693989071038253,1.3,123.25,4,0.5
GAZİOSMANPAŞA,BARBAROS HAYRETTİN PAŞA,GAZİOSMANPAŞA|BARBAROS HAYRETTİN PAŞA,2023,48164,2278074.571813923,0.10460588185468896,877.75,872.75,273.5,270.0,145.89291666666668,31.0,6.0,8.0,18.22419234282867,47.29828444095015,41516.06916804399,0.31159213899174026,4.706223118279571,613.15,5,0.18775372124492556
GAZİOSMANPAŞA,BAĞLARBAŞI,GAZİOSMANPAŞA|BAĞLARBAŞI,2023,28396,1343082.0849852206,0.061672382301007966,505.0,505.0,143.0,143.0,145.89291666666668,18.0,2.0,0.0,17.784194957036203,47.298284440950155,23885.63364267983,0.28316831683168314,8.105162037037038,599.0833333333334,6,0.1995249406175772
GAZİOSMANPAŞA,FEVZİ ÇAKMAK,GAZİOSMANPAŞA|FEVZİ ÇAKMAK,2023,23155,1095191.7762302007,0.0502896186850204,504.0,504.0,67.0,67.0,145.89291666666668,22.0,3.0,0.0,21.76635715828115,47.29828444095015,23838.335358238874,0.13293650793650794,6.631496212121212,583.55,5,0.4608695652173913
GAZİOSMANPAŞA,HÜRRİYET,GAZİOSMANPAŞA|HÜRRİYET,2023,27123,1282871.3688918909,0.05890759350437523,438.0,438.0,273.5,270.0,145.89291666666668,24.0,3.0,0.0,16.148656122110385,47.29828444095015,20716.648585136165,0.6244292237442922,6.078871527777778,622.75,5,0.3192771084337349
GAZİOSMANPAŞA,KARADENİZ,GAZİOSMANPAŞA|KARADENİZ,2023,71362,3375300.174275085,0.15498889089183443,877.75,872.75,273.5,270.0,145.89291666666668,30.0,8.0,6.0,12.299963566043553,47.298284440950155,41516.069168044,0.31159213899174026,4.863097222222223,575.6071428571429,7,0.0
GAZİOSMANPAŞA,KARAYOLLARI,GAZİOSMANPAŞA|KARAYOLLARI,2023,39247,1856315.7694539705,0.08523932906633538,877.75,872.75,273.5,270.0,145.89291666666668,33.0,5.0,0.0,22.36476673376309,47.29828444095015,41516.06916804399,0.31159213899174026,4.420997474747475,629.9285714285714,7,0.1991120218579235
GAZİOSMANPAŞA,KARLITEPE,GAZİOSMANPAŞA|KARLITEPE,2023,19129,904768.8830709354,0.04154567548372944,350.0,350.0,101.0,101.0,145.89291666666668,12.0,1.0,0.0,18.296826807465102,47.29828444095015,16554.39955433255,0.2885714285714286,12.157743055555557,381.3333333333333,6,0.6129032258064516
GAZİOSMANPAŞA,KAZIM KARABEKİR,GAZİOSMANPAŞA|KAZIM KARABEKİR,2023,43578,2061164.6393677255,0.09464569220711808,877.75,872.75,200.0,200.0,145.89291666666668,26.0,8.0,0.0,20.142044150718252,47.29828444095015,41516.06916804399,0.22785531187695812,5.611266025641026,679.5833333333334,6,0.07435740514075888
GAZİOSMANPAŞA,SARIYER MERKEZ,GAZİOSMANPAŞA|SARIYER MERKEZ,2023,3013,142509.7310205828,0.006543840254716756,504.0,504.0,148.0,148.0,43.02361111111111,11.0,9.0,1.0,167.27514105542647,47.298284440950155,23838.335358238877,0.29365079365079366,3.9112373737373733,441.0,7,0.1480637813211845
GAZİOSMANPAŞA,MEVLANA,GAZİOSMANPAŞA|MEVLANA,2023,27100,1281783.508349749,0.05885764052533159,492.0,492.0,99.0,99.0,145.89291666666668,24.0,5.0,0.0,18.1549815498155,47.29828444095015,23270.755944947472,0.20121951219512196,6.078871527777778,682.7142857142857,7,0.8850574712643678
GAZİOSMANPAŞA,PAZARİÇİ,GAZİOSMANPAŞA|PAZARİÇİ,2023,12194,576755.2804729461,0.026483766367745146,208.0,208.0,53.0,53.0,38.643055555555556,8.0,0.0,0.0,17.057569296375267,47.29828444095015,9838.043163717632,0.2548076923076923,4.8303819444444445,362.0,5,0.49640287769784175
GAZİOSMANPAŞA,SARIGÖL,GAZİOSMANPAŞA|SARIGÖL,2023,25175,1190734.31080092,0.05467679336624438,555.0,555.0,150.0,150.0,145.89291666666668,15.0,1.0,0.0,22.04568023833168,47.29828444095015,26250.547864727334,0.2702702702702703,9.726194444444445,459.59375,8,0.029684601113172542
GAZİOSMANPAŞA,SEYMEN MAHALLE,GAZİOSMANPAŞA|SEYMEN MAHALLE,2023,35925,1699190.868541134,0.0780243813975106,821.0,821.0,233.0,233.0,145.89291666666668,31.0,4.0,0.0,22.853166318719556,47.29828444095015,38831.891526020074,0.2838002436053593,4.706223118279571,742.1666666666666,6,0.319935691318328
GAZİOSMANPAŞA,SEYİTNİZAM,GAZİOSMANPAŞA|SEYİTNİZAM,2023,7659,362257.5605332372,0.016634342021531905,215.0,215.0,63.0,63.0,145.89291666666668,12.0,2.0,0.0,28.071549810680246,47.29828444095015,10169.131154804281,0.2930232558139535,12.157743055555557,492.3333333333333,3,-0.13654618473895583
GAZİOSMANPAŞA,YILDIZTABYA,GAZİOSMANPAŞA|YILDIZTABYA,2023,24501,1158855.2670877196,0.05321295389340034,572.0,572.0,146.0,146.0,41.85944444444445,11.0,1.0,0.0,23.345985878127426,47.29828444095015,27054.618700223484,0.25524475524475526,3.805404040404041,489.5625,8,0.5013123359580053
GAZİOSMANPAŞA,ŞEMSİPAŞA,GAZİOSMANPAŞA|ŞEMSİPAŞA,2023,24712,1168835.2051047601,0.05367121817940938,276.0,276.0,73.0,73.0,145.89291666666668,15.0,1.0,0.0,11.168662997733895,47.29828444095015,13054.326505702242,0.2644927536231884,9.726194444444445,516.0,6,0.11740890688259109
GÜNGÖREN,ABDURRAHMAN NAFİZ GÜRMAN,GÜNGÖREN|ABDURRAHMAN NAFİZ GÜRMAN,2023,20854,1135614.8353604996,0.08211303043308776,78.0,78.0,90.0,90.0,145.89291666666668,10.0,2.0,0.0,3.740289632684377,54.455492248992975,4247.528395421452,1.1538461538461537,14.589291666666668,339.6666666666667,6,-0.5666666666666667
GÜNGÖREN,AKINCILAR,GÜNGÖREN|AKINCILAR,2023,25800,1404951.700024019,0.10158800159075786,132.0,131.0,38.0,38.0,8.5,3.0,0.0,0.0,5.116279069767441,54.45549224899298,7188.124976867073,0.2878787878787879,2.8333333333333335,204.25,4,-0.0896551724137931
GÜNGÖREN,GENÇOSMAN,GÜNGÖREN|GENÇOSMAN,2023,37400,2036635.4101123374,0.14726322711218387,346.0,346.0,177.0,177.0,48.73611111111111,12.0,10.0,0.0,9.25133689839572,54.45549224899298,18841.600318151573,0.5115606936416185,4.061342592592593,335.9,10,-0.1642512077294686
GÜNGÖREN,GÜNEŞTEPE,GÜNGÖREN|GÜNEŞTEPE,2023,24100,1312377.3632007306,0.09489421854020404,305.0,305.0,90.0,90.0,6.85,3.0,4.0,0.0,12.655601659751037,54.455492248992975,16608.925135942856,0.29508196721311475,2.283333333333333,266.5,4,-0.3645833333333333
GÜNGÖREN,GÜVEN,GÜNGÖREN|GÜVEN,2023,15659,852718.553126981,0.061657616934483614,147.0,147.0,36.0,36.0,22.443055555555556,9.0,0.0,0.0,9.387572641931158,54.455492248992975,8004.957360601968,0.24489795918367346,2.493672839506173,326.0,5,-0.1301775147928994
GÜNGÖREN,HAZNEDAR,GÜNGÖREN|HAZNEDAR,2023,21800,1187129.731028047,0.08583792382474889,123.0,123.0,36.0,36.0,22.443055555555556,9.0,3.0,0.0,5.6422018348623855,54.455492248992975,6698.025546626136,0.2926829268292683,2.493672839506173,343.3333333333333,6,-0.19607843137254902
GÜNGÖREN,MAREŞAL ÇAKMAK,GÜNGÖREN|MAREŞAL ÇAKMAK,2023,31500,1715348.005843279,0.12403186240732064,237.0,237.0,85.0,85.0,5.116666666666666,2.0,1.0,0.0,7.523809523809524,54.45549224899298,12905.951663011338,0.35864978902953587,2.558333333333333,293.7142857142857,7,-0.17421602787456447
GÜNGÖREN,MEHMET NESİH ÖZMEN,GÜNGÖREN|MEHMET NESİH ÖZMEN,2023,8526,464287.5269149142,0.03357129075824812,222.0,222.0,159.0,159.0,49.70055555555555,12.0,3.0,0.0,26.038001407459536,54.45549224899298,12089.119279276441,0.7162162162162162,4.141712962962963,307.2,5,-0.40161725067385445
GÜNGÖREN,SARIYER MERKEZ,GÜNGÖREN|SARIYER MERKEZ,2023,42649,2322472.2889273013,0.16793126666062913,310.0,310.0,102.0,102.0,18.68861111111111,7.0,7.0,0.0,7.268634669042651,54.455492248992975,16881.20259718782,0.32903225806451614,2.6698015873015875,261.85714285714283,7,-0.25301204819277107
GÜNGÖREN,SANAYİ,GÜNGÖREN|SANAYİ,2023,12116,659782.7440887989,0.04770698555324117,427.0,427.0,36.0,36.0,62.3675,18.0,3.0,1.0,35.24265434136679,54.455492248992975,23252.49519032,0.08430913348946135,3.464861111111111,283.8333333333333,6,0.1447721179624665
GÜNGÖREN,TOZKOPARAN,GÜNGÖREN|TOZKOPARAN,2023,13563,738579.8413730918,0.053404576185094914,353.0,353.0,77.0,77.0,145.89291666666668,22.0,8.0,1.0,26.026690260266903,54.45549224899298,19222.78876389452,0.21813031161473087,6.631496212121212,136.5,4,0.31226765799256506
KADIKÖY,19 MAYIS,KADIKÖY|19 MAYIS,2023,32164,2214403.0461792657,0.07360671531978094,423.0,423.0,47.0,47.0,40.68972222222222,11.0,10.0,0.0,13.15134933465987,68.84725302136755,29122.388028038473,0.1111111111111111,3.6990656565656566,791.25,6,-0.0023584905660377358
KADIKÖY,ACIBADEM,KADIKÖY|ACIBADEM,2023,28801,1982869.7342684069,0.06591055241652193,877.75,872.75,254.0,254.0,56.26638888888889,13.0,11.0,3.0,30.476372348182355,68.84725302136755,60430.676339505364,0.28937624608373685,4.3281837606837605,493.95,5,0.46291666666666664
KADIKÖY,BOSTANCI,KADIKÖY|BOSTANCI,2023,33200,2285728.8003094024,0.0759775820363365,877.75,872.75,146.0,146.0,72.6825,21.0,10.0,0.0,26.438253012048193,68.84725302136754,60430.67633950536,0.16633437767017945,3.4610714285714286,656.55,5,0.0
KADIKÖY,CADDEBOSTAN,KADIKÖY|CADDEBOSTAN,2023,2017,138864.90934409836,0.004615866956846106,445.0,445.0,69.0,69.0,56.4525,12.0,8.0,0.0,220.62469013386217,68.84725302136755,30637.02759450856,0.1550561797752809,4.704375,752.9375,4,-0.13592233009708737
KADIKÖY,CAFERAĞA,KADIKÖY|CAFERAĞA,2023,21421,1474777.0069707143,0.0490215597831435,609.0,609.0,130.0,130.0,139.685,21.0,16.0,0.0,28.43004528266654,68.84725302136755,41927.977090012835,0.2134646962233169,6.651666666666666,430.0,2,-0.3061805753346625
KADIKÖY,DUMLUPINAR,KADIKÖY|DUMLUPINAR,2023,10081,694049.1577084062,0.023070180858683984,328.0,328.0,77.0,77.0,39.74111111111111,7.0,9.0,0.0,32.53645471679397,68.84725302136755,22581.898991008555,0.2347560975609756,5.677301587301587,721.5416666666666,6,0.19708029197080293
KADIKÖY,ERENKÖY,KADIKÖY|ERENKÖY,2023,34400,2368345.5039350437,0.07872375970030047,793.0,793.0,83.0,83.0,145.89291666666668,16.0,7.0,0.0,23.05232558139535,68.84725302136755,54595.87164594447,0.10466582597730138,9.118307291666667,671.0833333333334,6,0.806378132118451
KADIKÖY,EĞİTİM,KADIKÖY|EĞİTİM,2023,13559,933499.9037167226,0.031029519121406227,778.0,778.0,77.0,77.0,19.3925,3.0,3.0,0.0,57.37886274799026,68.84725302136755,53563.16285062395,0.09897172236503857,6.464166666666666,605.0416666666666,6,0.2902155887230514
KADIKÖY,FENERBAHÇE,KADIKÖY|FENERBAHÇE,2023,20872,1436979.8650619835,0.047765183501879985,595.0,595.0,100.0,100.0,36.428333333333335,9.0,3.0,0.0,28.50709083940207,68.84725302136755,40964.11554771369,0.16806722689075632,4.047592592592593,605.125,4,-0.032520325203252036
KADIKÖY,FENERYOLU,KADIKÖY|FENERYOLU,2023,25626,1764279.705925565,0.05864462401395058,877.75,872.75,74.0,74.0,145.89291666666668,6.0,4.0,0.0,34.252321860610316,68.84725302136755,60430.676339505364,0.0843064653944745,24.315486111111113,669.7,5,0.28513909224011713
KADIKÖY,FİKİRTEPE,KADIKÖY|FİKİRTEPE,2023,12235,842346.140716432,0.02799956976549931,449.0,449.0,80.0,80.0,57.2025,14.0,0.0,0.0,36.69799754801798,68.84725302136755,30912.41660659403,0.17817371937639198,4.085892857142857,661.25,3,-0.27463651050080773
KADIKÖY,GÖZTEPE,KADIKÖY|GÖZTEPE,2023,40500,2788313.7473653858,0.09268349615878399,877.75,872.75,81.0,81.0,145.89291666666668,10.0,16.0,0.0,21.67283950617284,68.84725302136755,60430.676339505364,0.09228140131016804,14.589291666666668,717.7,5,0.32191265060240964
KADIKÖY,HASANPAŞA,KADIKÖY|HASANPAŞA,2023,1631,112289.86967785047,0.0037325131416043626,877.75,872.75,135.0,135.0,53.4425,11.0,11.0,0.0,538.1667688534642,68.84725302136755,60430.676339505364,0.15380233551694675,4.858409090909091,556.1666666666666,9,0.0
KADIKÖY,KOZYATAĞI,KADIKÖY|KOZYATAĞI,2023,37600,2588656.7136034197,0.08604690013753773,796.0,796.0,66.0,66.0,36.044444444444444,8.0,5.0,0.0,21.170212765957448,68.84725302136755,54802.41340500857,0.0829145728643216,4.5055555555555555,731.125,4,0.5219885277246654
KADIKÖY,KOŞUYOLU,KADIKÖY|KOŞUYOLU,2023,6739,463961.63811099593,0.01542207606454433,401.0,401.0,58.0,58.0,6.545,2.0,4.0,0.0,59.50437750408073,68.84725302136755,27607.748461568386,0.14463840399002495,3.2725,435.15,5,0.044270833333333336
KADIKÖY,MERDİVENKÖY,KADIKÖY|MERDİVENKÖY,2023,31214,2148998.1558089666,0.07143265800247614,877.75,872.75,131.0,131.0,145.89291666666668,16.0,9.0,0.0,28.120394694688283,68.84725302136755,60430.676339505364,0.1492452292794076,9.118307291666667,728.4444444444445,9,0.011232718894009217
KADIKÖY,OSMANAĞA,KADIKÖY|OSMANAĞA,2023,7728,532051.5713491284,0.017685384155927967,640.0,640.0,80.0,80.0,102.05805555555555,25.0,6.0,0.0,82.81573498964804,68.84725302136755,44062.241933675235,0.125,4.082322222222222,518.1875,4,0.022364217252396165
KADIKÖY,RASİMPAŞA,KADIKÖY|RASİMPAŞA,2023,12341,849643.9495366969,0.028242148792482796,366.0,366.0,95.0,95.0,30.184444444444445,8.0,3.0,1.0,29.657240093995625,68.84725302136755,25198.094605820523,0.25956284153005466,3.7730555555555556,599.9,5,-0.07341772151898734
KADIKÖY,SAHRAYICEDİT,KADIKÖY|SAHRAYICEDİT,2023,30259,2083249.0291735607,0.06924715827823814,657.0,657.0,36.0,36.0,42.85305555555556,9.0,6.0,0.0,21.71254833272745,68.84725302136755,45232.64523503848,0.0547945205479452,4.761450617283951,723.0416666666666,6,0.08774834437086093
KADIKÖY,SUADİYE,KADIKÖY|SUADİYE,2023,26428,1819495.2028487015,0.060479986086033166,746.0,746.0,97.0,97.0,76.77083333333333,20.0,7.0,0.0,28.227637354321175,68.84725302136755,51360.050753940195,0.13002680965147453,3.8385416666666665,666.95,5,0.266553480475382
KADIKÖY,ZÜHTÜPAŞA,KADIKÖY|ZÜHTÜPAŞA,2023,8155,561449.3483892523,0.018662565708021814,220.0,220.0,49.0,49.0,145.89291666666668,14.0,3.0,0.0,26.977314530962598,68.84725302136755,15146.395664700862,0.22272727272727272,10.42092261904762,729.5833333333334,6,0.2087912087912088
KARTAL,ATALAR,KARTAL|ATALAR,2023,29800,1861643.9431425352,0.07249497035734181,247.0,208.0,63.0,63.0,4.999722222222222,1.0,7.0,0.0,8.288590604026846,62.47127325981661,15430.404495174704,0.2550607287449393,4.999722222222222,269.6,5,1.1293103448275863
KARTAL,CEVİZLİ,KARTAL|CEVİZLİ,2023,25917,1619067.9890746675,0.06304872975675262,269.0,254.0,108.0,108.0,145.89291666666668,9.0,7.0,1.0,10.379287726202879,62.47127325981663,16804.772506890673,0.40148698884758366,16.210324074074077,299.5,6,0.5284090909090909
KARTAL,CUMHURİYET,KARTAL|CUMHURİYET,2023,23223,1450770.3789127215,0.05649498981907883,419.0,419.0,107.0,106.0,72.5838888888889,17.0,6.0,6.0,18.04245790810834,62.47127325981663,26175.463495863165,0.2553699284009546,4.269640522875817,332.14285714285717,7,0.6303501945525292
KARTAL,ESENTEPE,KARTAL|ESENTEPE,2023,29922,1869265.438480233,0.07279176184672423,248.0,238.0,76.0,76.0,24.98027777777778,7.0,15.0,19.0,8.288216028340353,62.47127325981663,15492.875768434524,0.3064516129032258,3.568611111111111,277.2,10,0.8507462686567164
KARTAL,GÜMÜŞPINAR,KARTAL|GÜMÜŞPINAR,2023,265,16554.887413851407,0.0006446700384126035,258.0,258.0,63.0,63.0,47.796388888888885,12.0,3.0,0.0,973.5849056603773,62.471273259816634,16117.588501032691,0.2441860465116279,3.983032407407407,206.16666666666666,6,-0.1568627450980392
KARTAL,HÜRRİYET,KARTAL|HÜRRİYET,2023,50227,3137744.6420208095,0.12218808309188615,862.0,862.0,273.5,270.0,86.97888888888889,25.0,8.0,1.0,17.16208413801342,62.47127325981662,53850.23754996192,0.31728538283062646,3.479155555555556,379.3333333333333,6,0.68359375
KARTAL,KARLIKTEPE,KARTAL|KARLIKTEPE,2023,33536,2095036.6200412102,0.08158360154039648,259.0,259.0,64.0,64.0,10.150833333333333,6.0,4.0,1.0,7.723043893129772,62.47127325981662,16180.059774292504,0.2471042471042471,1.6918055555555556,185.2,5,0.18807339449541285
KARTAL,KORDONBOYU,KARTAL|KORDONBOYU,2023,13145,821184.8870002895,0.031978066622391214,129.0,129.0,36.0,36.0,20.071666666666665,7.0,0.0,0.0,9.813617344998098,62.47127325981662,8058.794250516344,0.27906976744186046,2.867380952380952,239.77777777777777,9,-0.17307692307692307
KARTAL,ORHANTEPE,KARTAL|ORHANTEPE,2023,26100,1630500.2320812137,0.06349391699082622,494.0,494.0,107.0,107.0,145.89291666666668,13.0,5.0,0.0,18.9272030651341,62.47127325981662,30860.80899034941,0.2165991902834008,11.222532051282052,246.6,5,0.42363112391930835
KARTAL,ORTA,KARTAL|ORTA,2023,18173,1135290.4489506474,0.04420976833234808,319.0,319.0,57.0,57.0,0.0,0.0,2.0,0.0,17.553513454025204,62.47127325981662,19928.336169881502,0.1786833855799373,0.0,291.6666666666667,6,0.25098039215686274
KARTAL,PETROL İŞ,KARTAL|PETROL İŞ,2023,27900,1742948.5239488836,0.06787280781777975,208.0,208.0,50.0,50.0,4.999722222222222,1.0,9.0,0.0,7.455197132616488,62.47127325981662,12994.024838041856,0.2403846153846154,4.999722222222222,198.4,5,0.8738738738738738
KARTAL,SOĞANLIK YENİ,KARTAL|SOĞANLIK YENİ,2023,2874,179542.43934871297,0.0069916290203691405,299.0,299.0,65.0,65.0,9.440555555555555,5.0,5.0,0.0,104.03618649965206,62.47127325981662,18678.910704685168,0.21739130434782608,1.888111111111111,228.4,5,-0.3062645011600928
KARTAL,TOPSELVİ,KARTAL|TOPSELVİ,2023,12632,789137.1238180036,0.03073008273670946,309.0,309.0,54.0,54.0,33.89083333333333,12.0,3.0,4.0,24.461684610512982,62.47127325981662,19303.623437283335,0.17475728155339806,2.824236111111111,278.0,6,1.575
KARTAL,UĞUR MUMCU,KARTAL|UĞUR MUMCU,2023,41500,2592557.84028239,0.10095776073253979,106.0,106.0,65.0,65.0,39.78944444444444,9.0,6.0,0.0,2.5542168674698797,62.47127325981663,6621.954965540563,0.6132075471698113,4.421049382716049,211.0,4,-0.4044943820224719
KARTAL,YAKACIK YENİ,KARTAL|YAKACIK YENİ,2023,19176,1197949.1360302435,0.04664978360981163,248.0,248.0,81.0,80.0,48.38055555555555,11.0,2.0,0.0,12.932832707551107,62.47127325981662,15492.875768434522,0.32661290322580644,4.398232323232323,239.72727272727272,11,0.4090909090909091
KARTAL,YAKACIK ÇARŞI,KARTAL|YAKACIK ÇARŞI,2023,18073,1129043.3216246658,0.04396649661973955,217.0,217.0,110.0,110.0,43.13833333333333,9.0,6.0,1.0,12.006861063464836,62.47127325981662,13556.266297380207,0.5069124423963134,4.7931481481481475,499.7142857142857,7,0.04830917874396135
KARTAL,YALI,KARTAL|YALI,2023,1247,77901.67775499132,0.003033598256228364,239.0,238.0,61.0,61.0,17.663888888888888,5.0,0.0,1.0,191.65998396150763,62.47127325981662,14930.634309096173,0.25523012552301255,3.5327777777777776,242.2,5,0.7835820895522388
KARTAL,YUKARI,KARTAL|YUKARI,2023,7342,458664.0882735736,0.01786100913971824,109.0,109.0,13.0,13.0,0.0,0.0,1.0,0.0,14.846090983383275,62.47127325981662,6809.368785320012,0.11926605504587157,0.0,198.66666666666666,3,0.6268656716417911
KARTAL,YUNUS,KARTAL|YUNUS,2023,15093,942878.9273104123,0.03671699958400537,211.0,211.0,31.0,31.0,23.739722222222223,10.0,5.0,3.0,13.979990724176771,62.47127325981662,13181.438657821307,0.14691943127962084,2.373972222222222,222.14285714285714,7,0.5746268656716418
KARTAL,ÇAVUŞOĞLU,KARTAL|ÇAVUŞOĞLU,2023,14918,931946.4544899444,0.036291274086940446,232.0,232.0,47.0,47.0,9.171111111111111,5.0,5.0,7.0,15.551682531170398,62.47127325981662,14493.335396277456,0.2025862068965517,1.8342222222222222,231.2,5,0.281767955801105
KAĞITHANE,EMNİYET EVLERİ,KAĞITHANE|EMNİYET EVLERİ,2023,8489,461849.7514733729,0.020068130938112428,133.0,133.0,60.0,60.0,145.89291666666668,11.0,0.0,0.0,15.667334197196372,54.405672219740005,7235.9544052254205,0.45112781954887216,13.262992424242425,352.3157894736842,0,-0.014814814814814815
KAĞITHANE,GÜLTEPE,KAĞITHANE|GÜLTEPE,2023,13974,760264.8635986468,0.03303475812571364,208.0,208.0,55.0,55.0,145.89291666666668,13.0,1.0,0.0,14.884786031200802,54.405672219740005,11316.379821705921,0.2644230769230769,11.222532051282052,297.6666666666667,6,0.04
KAĞITHANE,GÜRSEL,KAĞITHANE|GÜRSEL,2023,27600,1501596.5532648242,0.06524683871974356,487.0,487.0,151.0,151.0,145.89291666666668,20.0,4.0,0.0,17.644927536231883,54.405672219740005,26495.562371013384,0.31006160164271046,7.294645833333334,460.0,5,-0.20294599018003273
KAĞITHANE,HAMİDİYE,KAĞITHANE|HAMİDİYE,2023,40304,2192766.213144401,0.09527929665799073,408.0,408.0,248.0,248.0,145.89291666666668,34.0,16.0,0.0,10.123064708217546,54.405672219740005,22197.51426565392,0.6078431372549019,4.290968137254902,465.4375,8,-0.18562874251497005
KAĞITHANE,HARMANTEPE,KAĞITHANE|HARMANTEPE,2023,21244,1155794.1006361567,0.05022115368703739,280.0,280.0,126.0,126.0,145.89291666666668,18.0,2.0,0.0,13.180192054227076,54.40567221974001,15233.588221527203,0.45,8.105162037037038,364.625,8,-0.04436860068259386
KAĞITHANE,HÜRRİYET,KAĞITHANE|HÜRRİYET,2023,20364,1107917.1090827854,0.048140819698871656,431.0,431.0,273.5,270.0,145.89291666666668,28.0,4.0,0.0,21.164800628560204,54.405672219740005,23448.844726707943,0.6345707656612529,5.21046130952381,344.2,5,0.18406593406593408
KAĞITHANE,MEHMET AKİF ERSOY,KAĞITHANE|MEHMET AKİF ERSOY,2023,12394,674303.9014914576,0.029299613010597882,193.0,193.0,127.0,127.0,90.00083333333333,22.0,1.0,0.0,15.572050992415685,54.405672219740005,10500.29473840982,0.6580310880829016,4.09094696969697,338.7142857142857,7,-0.205761316872428
KAĞITHANE,SARIYER MERKEZ,KAĞITHANE|SARIYER MERKEZ,2023,31500,1713778.6749218102,0.0744665007127508,815.0,815.0,248.0,248.0,145.89291666666668,45.0,24.0,0.0,25.873015873015873,54.405672219740005,44340.62285908811,0.3042944785276074,3.2420648148148152,431.575,10,-0.07148960410139561
KAĞITHANE,NURTEPE,KAĞITHANE|NURTEPE,2023,26556,1444797.0314674156,0.06277880612469239,277.0,277.0,263.0,263.0,74.79666666666667,18.0,4.0,2.0,10.430787769242356,54.405672219740005,15070.37120486798,0.9494584837545126,4.15537037037037,725.5833333333334,3,-0.19005847953216373
KAĞITHANE,ORTABAYIR,KAĞITHANE|ORTABAYIR,2023,22039,1199046.6100508498,0.05210054632407348,217.0,217.0,149.0,149.0,145.89291666666668,16.0,2.0,0.0,9.84618176868279,54.40567221974,11806.030871683579,0.6866359447004609,9.118307291666667,248.75,4,-0.13545816733067728
KAĞITHANE,SEYRANTEPE,KAĞITHANE|SEYRANTEPE,2023,23565,1282069.6658581733,0.055708034580824524,396.0,396.0,94.0,94.0,47.20944444444444,15.0,5.0,0.0,16.804583068109483,54.405672219740005,21544.646199017043,0.23737373737373738,3.1472962962962963,305.1666666666667,6,-0.12389380530973451
KAĞITHANE,SULTAN SELİM,KAĞITHANE|SULTAN SELİM,2023,35385,1925144.7114955003,0.0836507024673234,350.0,350.0,273.5,270.0,145.89291666666668,15.0,3.0,0.0,9.891196834817013,54.40567221974001,19041.985276909003,0.7814285714285715,9.726194444444445,296.0,6,-0.08136482939632546
KAĞITHANE,TALATPAŞA,KAĞITHANE|TALATPAŞA,2023,29800,1621289.0321482522,0.07044767369015789,506.0,506.0,204.0,204.0,145.89291666666668,20.0,4.0,0.0,16.97986577181208,54.405672219740005,27529.27014318844,0.4031620553359684,7.294645833333334,304.8333333333333,6,-0.152428810720268
KAĞITHANE,TELSİZLER,KAĞITHANE|TELSİZLER,2023,11334,616633.8889385333,0.026793756161216428,206.0,206.0,91.0,91.0,145.89291666666668,13.0,2.0,0.0,18.17540144697371,54.40567221974001,11207.568477266443,0.441747572815534,11.222532051282052,266.5,4,0.24848484848484848
KAĞITHANE,YAHYA KEMAL,KAĞITHANE|YAHYA KEMAL,2023,1668,90748.66126252632,0.0039431785139323276,307.0,307.0,99.0,99.0,145.89291666666668,17.0,2.0,0.0,184.05275779376498,54.405672219740005,16702.541371460182,0.32247557003257327,8.581936274509804,469.3333333333333,6,-0.06116207951070336
KAĞITHANE,YEŞİLCE,KAĞITHANE|YEŞİLCE,2023,11937,649440.5092870365,0.028219257746289087,214.0,214.0,69.0,69.0,145.89291666666668,6.0,1.0,1.0,17.92745245874173,54.40567221974001,11642.813855024362,0.32242990654205606,24.315486111111113,264.25,4,-0.004651162790697674
KAĞITHANE,ÇAĞLAYAN,KAĞITHANE|ÇAĞLAYAN,2023,30794,1675368.2703346738,0.07279750549042692,528.0,528.0,177.0,177.0,54.84583333333333,13.0,2.0,0.0,17.146197311164514,54.405672219740005,28726.19493202272,0.3352272727272727,4.218910256410256,457.0,6,-0.014925373134328358
KAĞITHANE,ÇELİKTEPE,KAĞITHANE|ÇELİKTEPE,2023,32076,1745116.3421203804,0.07582817386864109,349.0,349.0,185.0,185.0,19.82,7.0,1.0,0.0,10.880409028557176,54.405672219740005,18987.57960468926,0.5300859598853869,2.8314285714285714,234.83333333333334,6,-0.26834381551362685
KAĞITHANE,ŞİRİNTEPE,KAĞITHANE|ŞİRİNTEPE,2023,21986,1196163.1094232036,0.05197525348160441,389.0,389.0,144.0,144.0,145.89291666666668,14.0,0.0,0.0,17.693077412899118,54.40567221974,21163.80649347886,0.37017994858611825,10.42092261904762,333.25,4,-0.0275
KÜÇÜKÇEKMECE,ATAKENT,KÜÇÜKÇEKMECE|ATAKENT,2023,104500,5371965.824276375,0.1389797688015023,461.0,459.0,259.0,259.0,145.89291666666668,30.0,58.0,0.0,4.411483253588516,51.40637152417583,23698.337272645058,0.561822125813449,4.863097222222223,631.5833333333334,6,0.033632286995515695
KÜÇÜKÇEKMECE,ATATÜRK,KÜÇÜKÇEKMECE|ATATÜRK,2023,42447,2182046.2520866916,0.05645238513222362,877.75,872.75,248.0,248.0,65.77444444444444,20.0,2.0,4.0,20.678728767639644,51.40637152417583,45121.942605345335,0.2825405867274281,3.288722222222222,655.4166666666666,6,0.0
KÜÇÜKÇEKMECE,BEŞYOL,KÜÇÜKÇEKMECE|BEŞYOL,2023,3448,177249.16901535826,0.004585667395479234,56.0,56.0,30.0,30.0,16.827777777777776,5.0,6.0,0.0,16.241299303944317,51.40637152417583,2878.7568053538466,0.5357142857142857,3.365555555555555,256.0,3,-0.46153846153846156
KÜÇÜKÇEKMECE,CENNET,KÜÇÜKÇEKMECE|CENNET,2023,29042,1492943.8418051146,0.03862440617735149,487.0,487.0,140.0,140.0,21.081944444444446,7.0,8.0,0.0,16.768817574547207,51.40637152417584,25034.902932273635,0.2874743326488706,3.0117063492063494,302.6,5,0.1878048780487805
KÜÇÜKÇEKMECE,CUMHURİYET,KÜÇÜKÇEKMECE|CUMHURİYET,2023,53292,2739548.3512663785,0.07087569223894413,580.0,580.0,144.0,144.0,9.7,3.0,5.0,0.0,10.883434661862944,51.40637152417583,29815.695484021984,0.2482758620689655,3.233333333333333,482.6875,4,0.008695652173913044
KÜÇÜKÇEKMECE,FATİH,KÜÇÜKÇEKMECE|FATİH,2023,1088,55930.132218303304,0.0014469855354644452,514.0,510.0,71.0,71.0,18.15972222222222,6.0,1.0,0.0,472.4264705882353,51.40637152417583,26422.874963426377,0.13813229571984437,3.0266203703703702,477.39285714285717,7,0.8489208633093526
KÜÇÜKÇEKMECE,FEVZİ ÇAKMAK,KÜÇÜKÇEKMECE|FEVZİ ÇAKMAK,2023,2655,136483.91639668684,0.0035310170925166376,259.0,259.0,268.0,268.0,33.59777777777778,12.0,1.0,1.0,97.5517890772128,51.40637152417583,13314.250224761541,1.0347490347490347,2.7998148148148148,511.35,5,-0.03717472118959108
KÜÇÜKÇEKMECE,GÜLTEPE,KÜÇÜKÇEKMECE|GÜLTEPE,2023,29514,1517207.6491645253,0.03925214254935444,235.0,235.0,110.0,110.0,3.3444444444444446,2.0,5.0,0.0,7.962322965372366,51.406371524175825,12080.497308181319,0.46808510638297873,1.6722222222222223,238.28571428571428,7,0.18686868686868688
KÜÇÜKÇEKMECE,HALKALI MERKEZ,KÜÇÜKÇEKMECE|HALKALI MERKEZ,2023,79100,4066243.987562308,0.1051990403081228,877.75,872.75,273.5,270.0,145.89291666666668,19.0,13.0,0.0,11.096713021491784,51.40637152417583,45121.942605345335,0.31159213899174026,7.67857456140351,613.7222222222222,9,0.0
KÜÇÜKÇEKMECE,KANARYA,KÜÇÜKÇEKMECE|KANARYA,2023,64200,3300289.0518520884,0.08538278619192774,877.75,872.75,273.5,270.0,145.89291666666668,18.0,2.0,0.0,13.672118380062305,51.40637152417583,45121.942605345335,0.31159213899174026,8.105162037037038,467.5,6,0.0
KÜÇÜKÇEKMECE,KARTALTEPE,KÜÇÜKÇEKMECE|KARTALTEPE,2023,15193,781017.0025668035,0.020205929448815548,320.0,320.0,72.0,72.0,12.737222222222222,5.0,2.0,0.0,21.06233133679984,51.40637152417584,16450.038887736267,0.225,2.5474444444444444,369.0,5,0.23552123552123552
KÜÇÜKÇEKMECE,KEMALPAŞA,KÜÇÜKÇEKMECE|KEMALPAŞA,2023,14519,746369.1081595089,0.019309543188794374,233.0,233.0,70.0,70.0,9.151111111111112,4.0,8.0,0.0,16.047937185756595,51.40637152417583,11977.68456513297,0.30042918454935624,2.287777777777778,336.4,5,0.8790322580645161
KÜÇÜKÇEKMECE,MEHMET AKİF,KÜÇÜKÇEKMECE|MEHMET AKİF,2023,52963,2722635.6550349244,0.07043813870845901,877.75,872.75,273.5,270.0,58.48583333333333,17.0,4.0,2.0,16.572890508468177,51.40637152417583,45121.942605345335,0.31159213899174026,3.440343137254902,594.9166666666666,3,0.0
KÜÇÜKÇEKMECE,SULTAN MURAT,KÜÇÜKÇEKMECE|SULTAN MURAT,2023,15608,802350.6467493363,0.020757858674199502,168.0,168.0,116.0,116.0,25.625555555555557,10.0,2.0,0.0,10.763710917478216,51.406371524175825,8636.27041606154,0.6904761904761905,2.562555555555556,416.25,7,0.3125
KÜÇÜKÇEKMECE,SÖĞÜTLÜ ÇEŞME,KÜÇÜKÇEKMECE|SÖĞÜTLÜ ÇEŞME,2023,33808,1737946.6084893364,0.04496294759465254,578.0,578.0,222.0,222.0,27.34,8.0,8.0,1.0,17.096545196403216,51.40637152417583,29712.88274097363,0.38408304498269896,3.4175,716.375,6,0.0
KÜÇÜKÇEKMECE,TEVFİKBEY,KÜÇÜKÇEKMECE|TEVFİKBEY,2023,35463,1823024.1533618474,0.04716401474648494,700.0,700.0,273.5,270.0,145.89291666666668,20.0,2.0,1.0,19.738882779234697,51.406371524175825,35984.46006692308,0.39071428571428574,7.294645833333334,440.4583333333333,6,0.383399209486166
KÜÇÜKÇEKMECE,YARIMBURGAZ,KÜÇÜKÇEKMECE|YARIMBURGAZ,2023,8998,462554.5309745341,0.011966889566276725,399.0,399.0,89.0,89.0,8.37,3.0,0.0,2.0,44.34318737497222,51.40637152417583,20511.142238146156,0.22305764411027568,2.7899999999999996,562.9583333333334,6,-0.06993006993006994
KÜÇÜKÇEKMECE,SEYMEN MAHALLE,KÜÇÜKÇEKMECE|SEYMEN MAHALLE,2023,20389,1048124.509006421,0.02711634934061082,371.0,371.0,90.0,90.0,15.246111111111112,5.0,2.0,0.0,18.196086124871254,51.40637152417583,19071.763835469235,0.24258760107816713,3.0492222222222223,421.4,5,0.1276595744680851
KÜÇÜKÇEKMECE,YEŞİLOVA,KÜÇÜKÇEKMECE|YEŞİLOVA,2023,32673,1679600.376809397,0.043453454411975935,358.0,358.0,150.0,150.0,10.082777777777778,4.0,1.0,0.0,10.95705934563707,51.40637152417583,18403.481005654947,0.41899441340782123,2.5206944444444446,298.4,5,0.12578616352201258
KÜÇÜKÇEKMECE,İNÖNÜ,KÜÇÜKÇEKMECE|İNÖNÜ,2023,70500,3624149.1924543963,0.09376147081823841,877.75,872.75,273.5,270.0,145.89291666666668,19.0,7.0,1.0,12.450354609929079,51.40637152417583,45121.942605345335,0.31159213899174026,7.67857456140351,632.6875,4,0.031433607520564046
KÜÇÜKÇEKMECE,İSTASYON,KÜÇÜKÇEKMECE|İSTASYON,2023,42508,2185182.0407496663,0.05653351207860536,706.0,706.0,179.0,179.0,145.89291666666668,21.0,5.0,1.0,16.608638373953138,51.40637152417583,36292.89829606814,0.2535410764872521,6.947281746031747,638.7,5,0.41767068273092367
MALTEPE,ALTAYÇEŞME,MALTEPE|ALTAYÇEŞME,2023,32285,1887994.4693102282,0.06901778193929599,150.0,150.0,172.0,170.0,145.89291666666668,5.0,9.0,0.0,4.646120489391358,58.47899858479877,8771.849787719815,1.1466666666666667,29.178583333333336,406.4583333333333,6,-0.10714285714285714
MALTEPE,ALTINTEPE,MALTEPE|ALTINTEPE,2023,27900,1631564.0605158857,0.05964367712889448,494.0,494.0,182.0,182.0,25.699444444444445,13.0,4.0,1.0,17.706093189964157,58.478998584798774,28888.625300890595,0.3684210526315789,1.976880341880342,624.375,4,0.38375350140056025
MALTEPE,AYDINEVLER,MALTEPE|AYDINEVLER,2023,21292,1245134.8378675354,0.045517318044029434,369.0,368.0,259.0,258.0,18.30361111111111,10.0,3.0,2.0,17.3304527522074,58.478998584798774,21578.75047779075,0.7018970189701897,1.8303611111111109,484.1666666666667,9,0.9732620320855615
MALTEPE,BAĞLARBAŞI,MALTEPE|BAĞLARBAŞI,2023,33500,1959046.4525907591,0.07161516787878011,537.0,536.0,273.5,270.0,31.999722222222225,9.0,6.0,1.0,16.029850746268657,58.47899858479878,31403.222240036946,0.5093109869646183,3.555524691358025,325.2916666666667,6,-0.04448398576512456
MALTEPE,BAŞIBÜYÜK,MALTEPE|BAŞIBÜYÜK,2023,25616,1497998.0277482055,0.05476101911590541,533.0,533.0,58.0,58.0,25.064722222222223,11.0,10.0,0.0,20.807307932542162,58.478998584798774,31169.306245697746,0.10881801125703565,2.278611111111111,507.7857142857143,7,0.1870824053452116
MALTEPE,BÜYÜKBAKKALKÖY,MALTEPE|BÜYÜKBAKKALKÖY,2023,10219,597596.8865380586,0.021845832852335937,48.0,48.0,9.0,9.0,3.5597222222222222,2.0,7.0,1.0,4.697132791858303,58.478998584798774,2806.991932070341,0.1875,1.7798611111111111,452.46875,16,0.5483870967741935
MALTEPE,CEVİZLİ,MALTEPE|CEVİZLİ,2023,40485,2367522.257705578,0.08654746482305709,461.0,461.0,117.0,116.0,16.016666666666666,3.0,11.0,6.0,11.38693343213536,58.47899858479877,26958.81834759223,0.25379609544468545,5.338888888888889,423.46875,8,0.35988200589970504
MALTEPE,ESENKENT,MALTEPE|ESENKENT,2023,18248,1067124.766175408,0.03900995771498446,608.0,608.0,74.0,74.0,86.97472222222223,21.0,4.0,0.0,33.318719859710654,58.47899858479877,35555.23113955765,0.12171052631578948,4.14165343915344,379.75,4,0.7223796033994334
MALTEPE,FEYZULLAH,MALTEPE|FEYZULLAH,2023,20169,1179462.9224568065,0.0431166065954363,156.0,154.0,105.0,103.0,11.391666666666666,2.0,8.0,0.0,7.734642272794883,58.478998584798774,9122.723779228609,0.6730769230769231,5.695833333333333,283.25,4,0.1223021582733813
MALTEPE,FINDIKLI,MALTEPE|FINDIKLI,2023,47600,2783600.3326364215,0.10175767137402784,679.0,679.0,205.0,205.0,145.89291666666668,4.0,2.0,0.0,14.264705882352942,58.478998584798774,39707.240039078366,0.3019145802650957,36.47322916666667,644.5833333333334,3,0.07266982622432859
MALTEPE,GÜLENSU,MALTEPE|GÜLENSU,2023,13957,816191.3832480365,0.029836802927884595,583.0,583.0,57.0,57.0,15.255555555555556,6.0,2.0,0.0,41.771154259511356,58.478998584798774,34093.256174937684,0.09777015437392796,2.5425925925925927,490.1875,4,0.11047619047619048
MALTEPE,GÜLSUYU,MALTEPE|GÜLSUYU,2023,1475,86256.52291257818,0.003153205152871661,427.0,427.0,42.0,42.0,41.85194444444445,12.0,2.0,0.0,289.4915254237288,58.47899858479877,24970.532395709073,0.09836065573770492,3.4876620370370373,632.4375,4,0.14171122994652408
MALTEPE,GİRNE,MALTEPE|GİRNE,2023,19318,1129697.2946611426,0.04129736755469475,180.0,180.0,90.0,90.0,38.31583333333333,10.0,6.0,0.0,9.317734755150635,58.47899858479877,10526.219745263777,0.5,3.831583333333333,493.35,5,0.7475728155339806
MALTEPE,KÜÇÜKYALI MERKEZ,MALTEPE|KÜÇÜKYALI MERKEZ,2023,25473,1489635.530950579,0.054455318548542256,373.0,373.0,56.0,56.0,3.3,2.0,5.0,0.0,14.642955285989085,58.478998584798774,21812.666472129942,0.15013404825737264,1.65,472.0,3,0.45136186770428016
MALTEPE,YALI,MALTEPE|YALI,2023,1274,74502.24419703364,0.0027235141455989806,127.0,127.0,59.0,59.0,21.145555555555553,4.0,6.0,1.0,99.68602825745683,58.478998584798774,7426.832820269445,0.4645669291338583,5.286388888888888,393.4,5,-0.030534351145038167
MALTEPE,ZÜMRÜTEVLER,MALTEPE|ZÜMRÜTEVLER,2023,84100,4918083.780981577,0.1797861378688181,877.75,872.75,146.0,145.0,58.20611111111111,16.0,9.0,1.0,10.436979785969084,58.478998584798774,51329.94100780712,0.16633437767017945,3.6378819444444446,364.875,8,0.25035612535612534
MALTEPE,ÇINAR,MALTEPE|ÇINAR,2023,20358,1190515.4531893334,0.043520644408244935,553.0,553.0,62.0,62.0,35.221944444444446,10.0,0.0,0.0,27.163768543078888,58.478998584798774,32338.886217393723,0.11211573236889692,3.5221944444444446,353.6666666666667,3,0.8745762711864407
MALTEPE,İDEALTEPE,MALTEPE|İDEALTEPE,2023,24509,1433261.776314833,0.05239451192659766,319.0,319.0,122.0,122.0,39.35861111111111,11.0,5.0,0.0,13.015626912562732,58.47899858479877,18654.800548550807,0.3824451410658307,3.5780555555555553,271.0,5,0.18587360594795538
PENDİK,AHMET YESEVİ,PENDİK|AHMET YESEVİ,2023,30302,1603856.9958716214,0.041671594500262664,584.0,584.0,87.0,87.0,10.93,4.0,4.0,0.0,19.27265527027919,52.929080452498894,30910.582984259356,0.14897260273972604,2.7325,423.0,4,0.2835164835164835
PENDİK,BAHÇELİEVLER,PENDİK|BAHÇELİEVLER,2023,12582,665953.6902533411,0.01730288436414444,233.0,233.0,21.0,21.0,7.366666666666667,3.0,10.0,3.0,18.51851851851852,52.929080452498894,12332.475745432243,0.09012875536480687,2.4555555555555557,410.42857142857144,7,-0.016877637130801686
PENDİK,BALLICA,PENDİK|BALLICA,2023,6190,327631.00800096814,0.008512546035133848,92.0,92.0,0.0,0.0,2.973611111111111,1.0,0.0,0.0,14.862681744749596,52.929080452498894,4869.475401629898,0.0,2.973611111111111,127.25,8,0.9574468085106383
PENDİK,BATI,PENDİK|BATI,2023,1336,70713.25148453852,0.001837279725838259,257.0,257.0,100.0,100.0,5.7252777777777775,3.0,3.0,0.0,192.36526946107784,52.92908045249889,13602.773676292214,0.38910505836575876,1.9084259259259257,191.6,5,-0.007722007722007722
PENDİK,DOĞU,PENDİK|DOĞU,2023,15284,808968.065635993,0.021018700097089782,309.0,309.0,147.0,147.0,12.139444444444445,5.0,7.0,0.0,20.217220622873594,52.92908045249889,16355.085859822157,0.47572815533980584,2.427888888888889,340.8333333333333,6,0.023178807947019868
PENDİK,DUMLUPINAR,PENDİK|DUMLUPINAR,2023,268,14184.993561269705,0.00036855611266815375,622.0,622.0,167.0,167.0,145.89291666666668,11.0,1.0,1.0,2320.89552238806,52.929080452498894,32921.88804145431,0.2684887459807074,13.262992424242425,461.7142857142857,7,0.49160671462829736
PENDİK,EMİRLİ,PENDİK|EMİRLİ,2023,2450,129676.24710862228,0.003369262970287226,41.0,41.0,34.0,34.0,10.81861111111111,3.0,0.0,0.0,16.73469387755102,52.92908045249889,2170.0922985524544,0.8292682926829268,3.6062037037037036,66.66666666666667,3,2.4166666666666665
PENDİK,ERTUĞRUL GAZİ,PENDİK|ERTUĞRUL GAZİ,2023,12731,673840.1232407634,0.01750779056111293,571.0,571.0,38.0,38.0,15.950277777777778,4.0,2.0,0.0,44.851150734427776,52.929080452498894,30222.504938376867,0.06654991243432574,3.9875694444444445,383.42857142857144,7,0.555858310626703
PENDİK,ESENLER,PENDİK|ESENLER,2023,33365,1765978.7692976256,0.04588386081780951,329.0,329.0,140.0,140.0,47.608888888888885,10.0,6.0,10.0,9.86063239922074,52.929080452498894,17413.667468872136,0.425531914893617,4.760888888888888,631.75,5,-0.009036144578313253
PENDİK,ESENYALI,PENDİK|ESENYALI,2023,14052,743759.4385185144,0.019324442146316775,420.0,420.0,44.0,44.0,12.566944444444445,5.0,7.0,0.0,29.888983774551665,52.92908045249889,22230.213790049533,0.10476190476190476,2.513388888888889,573.25,4,-0.047619047619047616
PENDİK,FATİH,PENDİK|FATİH,2023,21096,1116591.8812259166,0.02901141698823646,511.0,511.0,38.0,38.0,10.303611111111111,4.0,3.0,0.0,24.222601441031475,52.92908045249889,27046.760111226933,0.07436399217221135,2.575902777777778,435.4,5,0.25245098039215685
PENDİK,FEVZİ ÇAKMAK,PENDİK|FEVZİ ÇAKMAK,2023,37995,2011040.4117926955,0.05225108022696456,649.0,649.0,105.0,105.0,72.84694444444445,19.0,8.0,0.0,17.081194894065007,52.929080452498894,34350.97321367178,0.1617873651771957,3.834049707602339,544.4,5,0.3409090909090909
PENDİK,GÖÇBEYLİ,PENDİK|GÖÇBEYLİ,2023,1446,76535.4503343134,0.001988552757157277,196.0,196.0,38.0,38.0,26.89972222222222,8.0,6.0,2.0,135.5463347164592,52.929080452498894,10374.099768689783,0.19387755102040816,3.3624652777777775,111.75,4,0.02617801047120419
PENDİK,GÜLLÜ BAĞLAR,PENDİK|GÜLLÜ BAĞLAR,2023,18633,986227.5560714118,0.025624276296066076,300.0,300.0,141.0,141.0,145.89291666666668,2.0,5.0,1.0,16.100466913540494,52.92908045249889,15878.724135749666,0.47,72.94645833333334,511.35,5,0.3761467889908257
PENDİK,GÜZELYALI,PENDİK|GÜZELYALI,2023,33881,1793290.174811115,0.04659346885563327,695.0,695.0,71.0,71.0,13.728333333333332,6.0,3.0,6.0,20.512971872140728,52.929080452498894,36785.71091448673,0.10215827338129496,2.2880555555555553,555.7916666666666,6,0.782051282051282
PENDİK,HARMANDERE,PENDİK|HARMANDERE,2023,9579,507007.6616544869,0.01317313060913524,170.0,170.0,11.0,11.0,4.968333333333334,2.0,5.0,2.0,17.747155235410794,52.929080452498894,8997.943676924811,0.06470588235294118,2.484166666666667,199.66666666666666,3,0.49122807017543857
PENDİK,KAVAKPINAR,PENDİK|KAVAKPINAR,2023,64800,3429804.413321928,0.08911356754065806,877.75,872.75,169.0,169.0,145.89291666666668,8.0,8.0,6.0,13.545524691358024,52.929080452498894,46458.5003671809,0.19253773853602962,18.236614583333335,414.57142857142856,7,0.0
PENDİK,KAYNARCA,PENDİK|KAYNARCA,2023,57500,3043422.126018686,0.07907453909857776,439.0,439.0,200.0,200.0,14.269444444444446,4.0,8.0,2.0,7.6347826086956525,52.929080452498894,23235.866318647015,0.45558086560364464,3.5673611111111114,557.2,5,-0.09484536082474226
PENDİK,KURNA,PENDİK|KURNA,2023,1151,60921.37160082623,0.0015828659913471827,50.0,50.0,22.0,22.0,3.4277777777777776,2.0,0.0,4.0,43.440486533449175,52.929080452498894,2646.4540226249446,0.44,1.7138888888888888,183.6153846153846,13,0.5625
PENDİK,KURTDOĞMUŞ,PENDİK|KURTDOĞMUŞ,2023,6770,358329.8746634175,0.009310167472997764,58.0,58.0,4.0,4.0,0.0,0.0,0.0,0.0,8.567208271787297,52.929080452498894,3069.886666244936,0.06896551724137931,0.0,110.88888888888889,9,1.4166666666666667
PENDİK,KURTKÖY,PENDİK|KURTKÖY,2023,37886,2005271.1420233732,0.052101182405021165,701.0,701.0,236.0,236.0,22.429166666666667,8.0,10.0,3.0,18.502877052209257,52.929080452498894,37103.285397201726,0.33666191155492153,2.8036458333333334,377.6,5,0.44536082474226807
PENDİK,ORHANGAZİ,PENDİK|ORHANGAZİ,2023,28121,1488418.6714047212,0.03867226285201922,688.0,688.0,108.0,108.0,16.892222222222223,6.0,6.0,0.0,24.465701788698837,52.92908045249889,36415.20735131924,0.1569767441860465,2.8153703703703705,517.95,5,0.5426008968609866
PENDİK,ORTA,PENDİK|ORTA,2023,3414,180699.8806648312,0.0046949648083920775,326.0,326.0,85.0,85.0,145.89291666666668,11.0,4.0,0.0,95.48916227299357,52.92908045249889,17254.880227514637,0.2607361963190184,13.262992424242425,404.75,4,-0.5119760479041916
PENDİK,RAMAZANOĞLU,PENDİK|RAMAZANOĞLU,2023,247,13073.482871767228,0.0003396767157799775,293.0,293.0,41.0,41.0,2.1194444444444445,1.0,3.0,13.0,1186.2348178137652,52.9290804524989,15508.220572582179,0.13993174061433447,2.1194444444444445,389.15,5,0.7544910179640718
PENDİK,SANAYİ,PENDİK|SANAYİ,2023,3003,158946.02859885417,0.0041297537550092,86.0,86.0,27.0,27.0,2.161388888888889,1.0,4.0,12.0,28.63802863802864,52.929080452498894,4551.900918914905,0.313953488372093,2.161388888888889,409.55357142857144,14,-0.13131313131313133
PENDİK,SAPAN BAĞLARI,PENDİK|SAPAN BAĞLARI,2023,12271,649492.7462326139,0.01687519424832431,141.0,141.0,11.0,11.0,1.85,1.0,2.0,0.0,11.49050607122484,52.929080452498894,7463.000343802344,0.07801418439716312,1.85,189.16666666666666,6,0.21551724137931033
PENDİK,SÜLÜNTEPE,PENDİK|SÜLÜNTEPE,2023,25426,1345774.799585237,0.03496607358470327,651.0,651.0,101.0,101.0,36.94722222222222,12.0,4.0,0.0,25.60371273499567,52.929080452498894,34456.83137457678,0.15514592933947774,3.0789351851851854,439.2,5,0.3821656050955414
PENDİK,VELİBABA,PENDİK|VELİBABA,2023,41421,2192375.4414229565,0.05696254754786416,821.0,821.0,182.0,182.0,145.89291666666668,18.0,6.0,6.0,19.820863813041694,52.92908045249889,43454.77505150159,0.22168087697929353,8.105162037037038,471.22222222222223,9,0.40102389078498296
PENDİK,YAYALAR,PENDİK|YAYALAR,2023,13275,702633.5430069228,0.018255904461454257,236.0,236.0,49.0,49.0,145.89291666666668,4.0,2.0,1.0,17.77777777777778,52.929080452498894,12491.26298678974,0.2076271186440678,36.47322916666667,513.6666666666666,6,0.09259259259259259
PENDİK,SEYMEN,PENDİK|SEYMEN,2023,16138,854169.5003424272,0.022193128903875616,168.0,168.0,24.0,24.0,4.050000000000001,2.0,2.0,0.0,10.410211922171273,52.929080452498894,8892.085516019813,0.14285714285714285,2.0250000000000004,214.2,5,-0.017543859649122806
PENDİK,ESENŞEHİR,PENDİK|ESENŞEHİR,2023,65548,3469395.3655003975,0.0901422241536274,463.0,463.0,160.0,160.0,19.959444444444443,6.0,23.0,0.0,7.063525965704522,52.929080452498894,24506.164249506986,0.34557235421166305,3.326574074074074,228.33333333333334,9,0.5382059800664452
PENDİK,YEŞİLBAĞLAR,PENDİK|YEŞİLBAĞLAR,2023,6794,359600.1725942775,0.009343172498012822,131.0,131.0,26.0,26.0,2.351111111111111,1.0,1.0,2.0,19.281719163968205,52.929080452498894,6933.709539277355,0.1984732824427481,2.351111111111111,359.57142857142856,7,0.11016949152542373
PENDİK,ÇAMLIK,PENDİK|ÇAMLIK,2023,20387,1079065.163185095,0.028036393540916603,242.0,241.0,102.0,102.0,17.171666666666667,5.0,12.0,1.0,11.87030951096287,52.929080452498894,12808.837469504733,0.4214876033057851,3.4343333333333335,531.0,5,1.3047619047619048
PENDİK,ÇAMÇEŞME,PENDİK|ÇAMÇEŞME,2023,31931,1690078.4679287423,0.043911810573159765,511.0,510.0,198.0,198.0,52.40833333333333,13.0,6.0,4.0,16.003257022955747,52.929080452498894,27046.760111226937,0.38747553816046965,4.031410256410256,597.95,5,0.1280353200883002
PENDİK,ÇINARDERE,PENDİK|ÇINARDERE,2023,20591,1089862.6955974048,0.028316936253544603,455.0,455.0,230.0,230.0,145.89291666666668,17.0,8.0,1.0,22.097032684182413,52.9290804524989,24082.731605887002,0.5054945054945055,8.581936274509804,499.1666666666667,6,0.439873417721519
PENDİK,ŞEYHLİ,PENDİK|ŞEYHLİ,2023,19298,1021425.3945723237,0.026538790530858322,446.0,446.0,86.0,86.0,16.589166666666667,7.0,5.0,0.0,23.111203233495697,52.929080452498894,23606.369881814506,0.19282511210762332,2.3698809523809525,393.4,5,0.5016835016835017
SANCAKTEPE,ABDURRAHMANGAZİ,SANCAKTEPE|ABDURRAHMANGAZİ,2023,46347,2560489.2483849893,0.11213616897728097,353.0,351.0,155.0,155.0,28.85,7.0,12.0,16.0,7.616458454700412,55.24606227770922,19501.859984031355,0.43909348441926344,4.121428571428572,287.7142857142857,7,0.09287925696594428
SANCAKTEPE,AKPINAR,SANCAKTEPE|AKPINAR,2023,24321,1343639.480656166,0.058844450896421575,218.0,218.0,39.0,39.0,16.9725,4.0,0.0,1.0,8.963447226676534,55.24606227770923,12043.641576540611,0.17889908256880735,4.243125,322.25,4,0.02830188679245283
SANCAKTEPE,ATATÜRK,SANCAKTEPE|ATATÜRK,2023,31758,1754504.4458154894,0.07683820860855048,344.0,344.0,88.0,88.0,16.640833333333333,4.0,4.0,1.0,10.831916367529441,55.24606227770922,19004.645423531972,0.2558139534883721,4.160208333333333,242.625,8,0.24187725631768953
SANCAKTEPE,EMEK,SANCAKTEPE|EMEK,2023,21800,1204364.157654061,0.05274491301928334,235.0,235.0,126.0,126.0,2.886388888888889,1.0,2.0,7.0,10.77981651376147,55.24606227770922,12982.824635261666,0.5361702127659574,2.886388888888889,277.0,4,0.7279411764705882
SANCAKTEPE,EYÜP SULTAN,SANCAKTEPE|EYÜP SULTAN,2023,23604,1304028.0540030485,0.05710967554620019,308.0,308.0,150.0,150.0,39.10027777777778,9.0,6.0,15.0,13.048635824436536,55.24606227770922,17015.78718153444,0.487012987012987,4.344475308641975,295.90909090909093,11,0.22709163346613545
SANCAKTEPE,FATİH,SANCAKTEPE|FATİH,2023,37572,2075705.0518980909,0.09090513174130797,290.0,290.0,237.0,237.0,9.566666666666666,2.0,6.0,10.0,7.718513786862557,55.24606227770922,16021.358060535675,0.8172413793103448,4.783333333333333,194.5,6,0.3063063063063063
SANCAKTEPE,HİLAL,SANCAKTEPE|HİLAL,2023,5906,326283.24381215073,0.014289516343664562,127.0,127.0,18.0,18.0,2.15,1.0,1.0,4.0,21.503555706061633,55.246062277709235,7016.249909269073,0.14173228346456693,2.15,197.0,5,0.27
SANCAKTEPE,KEMAL TÜRKLER,SANCAKTEPE|KEMAL TÜRKLER,2023,22357,1235136.214342745,0.05409256974184026,211.0,210.0,45.0,45.0,12.515,4.0,2.0,2.0,9.437759985686808,55.24606227770922,11656.919140596645,0.2132701421800948,3.12875,271.75,8,0.192090395480226
SANCAKTEPE,MECLİS,SANCAKTEPE|MECLİS,2023,27287,1507499.3013718517,0.06602066245675159,262.0,262.0,119.0,119.0,0.0,0.0,7.0,4.0,9.601641807454099,55.24606227770923,14474.468316759818,0.4541984732824427,0.0,212.44444444444446,9,0.7702702702702703
SANCAKTEPE,MERVE,SANCAKTEPE|MERVE,2023,21172,1169669.6305436597,0.05122547240570032,262.0,262.0,139.0,139.0,9.621111111111112,4.0,2.0,37.0,12.37483468732288,55.24606227770922,14474.468316759816,0.5305343511450382,2.405277777777778,286.0,8,0.5878787878787879
SANCAKTEPE,MEVLANA,SANCAKTEPE|MEVLANA,2023,21658,1196519.2168106264,0.05240134523723113,289.0,288.0,143.0,143.0,19.193333333333335,5.0,1.0,0.0,13.343799058084773,55.24606227770923,15966.111998257968,0.49480968858131485,3.838666666666667,190.33333333333334,6,0.16532258064516128
SANCAKTEPE,OSMANGAZİ,SANCAKTEPE|OSMANGAZİ,2023,512,28285.98388618712,0.0012387796085262877,452.0,452.0,250.0,250.0,18.287222222222223,5.0,9.0,5.0,882.8125,55.24606227770922,24971.220149524568,0.5530973451327433,3.6574444444444447,246.125,8,-0.11023622047244094
SANCAKTEPE,PAŞAKÖY,SANCAKTEPE|PAŞAKÖY,2023,1761,97288.31567104594,0.004260724395732017,68.0,68.0,72.0,72.0,17.936666666666667,4.0,0.0,20.0,38.614423622941516,55.24606227770922,3756.732234884227,1.0588235294117647,4.484166666666667,175.0,6,0.0
SANCAKTEPE,SAFA,SANCAKTEPE|SAFA,2023,24441,1350269.0081294912,0.05913478986716992,186.0,186.0,207.0,207.0,23.13111111111111,6.0,2.0,6.0,7.610163250276175,55.24606227770923,10275.767583653917,1.1129032258064515,3.855185185185185,263.75,4,0.15527950310559005
SANCAKTEPE,SARIGAZİ,SANCAKTEPE|SARIGAZİ,2023,23592,1303365.101255716,0.05708064164912535,208.0,208.0,57.0,57.0,1.8166666666666667,1.0,6.0,1.0,8.816547982366904,55.24606227770923,11491.18095376352,0.27403846153846156,1.8166666666666667,274.42857142857144,7,0.08333333333333333
SANCAKTEPE,VEYSEL KARANİ,SANCAKTEPE|VEYSEL KARANİ,2023,2611,144247.46860709877,0.006317292105199487,239.0,239.0,273.5,270.0,7.983333333333333,1.0,4.0,0.0,91.53581003446955,55.246062277709214,13203.808884372502,1.1443514644351465,7.983333333333333,271.25,8,0.4484848484848485
SANCAKTEPE,SEYİTNİZAM,SANCAKTEPE|SEYİTNİZAM,2023,24576,1357727.226536982,0.05946142120926182,229.0,229.0,177.0,177.0,3.9166666666666665,2.0,1.0,1.0,9.318033854166666,55.24606227770923,12651.348261595413,0.7729257641921398,1.9583333333333333,246.125,8,0.05045871559633028
SANCAKTEPE,YUNUS EMRE,SANCAKTEPE|YUNUS EMRE,2023,27833,1537663.6513754807,0.06734170477365657,275.0,275.0,256.0,256.0,24.897777777777776,7.0,3.0,2.0,9.880357848596988,55.24606227770922,15192.667126370035,0.9309090909090909,3.5568253968253964,187.83333333333334,6,0.26146788990825687
SANCAKTEPE,İNÖNÜ,SANCAKTEPE|İNÖNÜ,2023,24202,1337065.1992451185,0.058556531417096123,208.0,208.0,61.0,61.0,8.324166666666667,3.0,3.0,0.0,8.594331047020908,55.24606227770922,11491.180953763518,0.2932692307692308,2.774722222222222,222.0,6,0.808695652173913
SARIYER,AYAZAĞA,SARIYER|AYAZAĞA,2023,37100,2765514.4431615095,0.11069042781402814,877.75,872.75,273.5,270.0,87.67833333333333,23.0,14.0,2.0,23.659029649595688,74.54216827928597,65429.38820714327,0.31159213899174026,3.812101449275362,211.5,6,0.0
SARIYER,BAHÇEKÖY KEMER,SARIYER|BAHÇEKÖY KEMER,2023,2244,167272.62561871772,0.006695129919533131,49.0,49.0,9.0,9.0,2.0236111111111112,1.0,0.0,0.0,21.836007130124777,74.54216827928597,3652.5662456850127,0.1836734693877551,2.0236111111111112,291.9583333333333,6,-0.449438202247191
SARIYER,BAHÇEKÖY MERKEZ,SARIYER|BAHÇEKÖY MERKEZ,2023,3596,268053.63713231235,0.010728915860357013,51.0,49.0,38.0,38.0,2.0236111111111112,1.0,2.0,0.0,14.18242491657397,74.54216827928597,3801.6505822435847,0.7450980392156863,2.0236111111111112,240.25,8,0.0625
SARIYER,BAHÇEKÖY YENİ,SARIYER|BAHÇEKÖY YENİ,2023,4971,370549.11851633055,0.014831323899286628,52.0,52.0,46.0,46.0,10.840277777777779,3.0,1.0,0.0,10.460671897002616,74.54216827928597,3876.1927505228705,0.8846153846153846,3.613425925925926,299.6666666666667,6,0.10638297872340426
SARIYER,BALTALİMANI,SARIYER|BALTALİMANI,2023,5051,376512.49197867344,0.01507000945791526,270.0,270.0,273.5,270.0,145.89291666666668,4.0,0.0,0.0,53.45476143337953,74.54216827928597,20126.385435407214,1.012962962962963,36.47322916666667,489.9166666666667,3,0.007462686567164179
SARIYER,BÜYÜKDERE,SARIYER|BÜYÜKDERE,2023,8366,623619.7798245064,0.024960542293589204,369.0,369.0,108.0,108.0,145.89291666666668,12.0,0.0,0.0,44.10710016734401,74.54216827928596,27506.06009505652,0.2926829268292683,12.157743055555557,323.5,4,-0.17817371937639198
SARIYER,CUMHURİYET,SARIYER|CUMHURİYET,2023,1075,80132.83090023242,0.003207337194072244,398.0,396.0,120.0,120.0,23.427777777777777,7.0,0.0,0.0,370.2325581395349,74.54216827928597,29667.782975155817,0.3015075376884422,3.346825396825397,318.75,4,-0.02926829268292683
SARIYER,DARÜŞŞAFAKA,SARIYER|DARÜŞŞAFAKA,2023,8555,637708.2496292915,0.025524436925849346,131.0,128.0,34.0,34.0,24.1725,4.0,0.0,0.0,15.312682641729984,74.54216827928597,9765.024044586462,0.2595419847328244,6.043125,415.4,5,0.015503875968992248
SARIYER,DEMİRCİKÖY,SARIYER|DEMİRCİKÖY,2023,1683,125454.4692140383,0.0050213474396498484,41.0,40.0,16.0,16.0,0.0,0.0,0.0,0.0,24.3612596553773,74.54216827928597,3056.228899450725,0.3902439024390244,0.0,336.25,4,0.1388888888888889
SARIYER,EMİRGAN,SARIYER|EMİRGAN,2023,8111,604611.5269132885,0.024199732075460438,359.0,359.0,68.0,68.0,145.89291666666668,9.0,0.0,0.0,44.26088028603131,74.54216827928597,26760.638412263666,0.1894150417827298,16.210324074074077,551.6875,4,-0.060209424083769635
SARIYER,FATİH SULTAN MEHMET,SARIYER|FATİH SULTAN MEHMET,2023,15708,1170908.3793310241,0.04686590943673192,877.75,872.75,273.0,270.0,145.89291666666668,11.0,1.0,0.0,55.879169849758085,74.54216827928597,65429.38820714327,0.31102250071204784,13.262992424242425,300.85714285714283,7,0.2870234604105572
SARIYER,FERAHEVLER,SARIYER|FERAHEVLER,2023,15233,1135500.8493983631,0.045448713932374415,567.0,567.0,104.0,104.0,145.89291666666668,8.0,2.0,0.0,37.221821046412394,74.54216827928597,42265.40941435515,0.18342151675485008,18.236614583333335,532.25,4,0.02717391304347826
SARIYER,GARİPÇE,SARIYER|GARİPÇE,2023,3800,283260.2394612867,0.011337564034860026,51.0,51.0,15.0,15.0,145.89291666666668,5.0,0.0,0.0,13.421052631578949,74.54216827928597,3801.6505822435847,0.29411764705882354,29.178583333333336,178.0,2,-0.10526315789473684
SARIYER,GÜMÜŞDERE,SARIYER|GÜMÜŞDERE,2023,2673,199251.2158105314,0.00797508122767917,100.0,100.0,8.0,8.0,1.9552777777777777,1.0,2.0,2.0,37.41114852225964,74.54216827928597,7454.216827928597,0.08,1.9552777777777777,161.25,4,-0.0990990990990991
SARIYER,HUZUR,SARIYER|HUZUR,2023,8204,611543.9485632621,0.024477204037366224,163.0,163.0,23.0,23.0,34.78333333333333,9.0,2.0,0.0,19.86835689907362,74.54216827928597,12150.373429523614,0.1411042944785276,3.8648148148148147,360.21875,8,-0.1641025641025641
SARIYER,KAZIM KARABEKİR PAŞA,SARIYER|KAZIM KARABEKİR PAŞA,2023,7877,587168.6595359356,0.023501576816471692,406.0,406.0,100.0,100.0,29.540555555555557,9.0,0.0,0.0,51.542465405611274,74.54216827928597,30264.120321390106,0.24630541871921183,3.282283950617284,229.0,5,0.13725490196078433
SARIYER,KISIRKAYA,SARIYER|KISIRKAYA,2023,3670,273569.7575849795,0.0109497000020885,108.0,108.0,36.0,36.0,7.521111111111111,1.0,0.0,0.0,29.427792915531334,74.54216827928597,8050.554174162885,0.3333333333333333,7.521111111111111,142.0,4,1.297872340425532
SARIYER,KOCATAŞ,SARIYER|KOCATAŞ,2023,4479,333874.3717229219,0.013363407713720542,324.0,324.0,58.0,58.0,17.928333333333335,6.0,1.0,0.0,72.337575351641,74.54216827928597,24151.662522488656,0.17901234567901234,2.988055555555556,419.3333333333333,6,0.3224489795918367
SARIYER,KUMKÖY (KİLYOS),SARIYER|KUMKÖY (KİLYOS),2023,3973,296156.0345736032,0.011853721555394443,229.0,229.0,26.0,26.0,13.269722222222223,3.0,3.0,0.0,57.63906367983891,74.54216827928597,17070.15653595649,0.11353711790393013,4.423240740740741,132.66666666666666,3,-0.17921146953405018
SARIYER,KİREÇBURNU,SARIYER|KİREÇBURNU,2023,6598,491829.22630672884,0.019685591447896434,166.0,164.0,87.0,87.0,145.89291666666668,5.0,0.0,0.0,25.159139133070628,74.54216827928597,12373.99993436147,0.5240963855421686,29.178583333333336,386.5,2,-0.2169811320754717
SARIYER,MADEN,SARIYER|MADEN,2023,15100,1125586.7410172182,0.045051899191154314,557.0,555.0,273.5,270.0,145.89291666666668,21.0,0.0,0.0,36.88741721854304,74.54216827928597,41519.98773156229,0.4910233393177738,6.947281746031747,428.5,4,0.3389423076923077
SARIYER,MASLAK,SARIYER|MASLAK,2023,12069,899649.4289627023,0.03600870008861201,266.0,266.0,23.0,23.0,2.783333333333333,1.0,3.0,1.0,22.039937028751346,74.54216827928596,19828.216762290067,0.08646616541353383,2.783333333333333,376.96875,8,-0.18902439024390244
SARIYER,PINAR,SARIYER|PINAR,2023,10864,809826.1161861627,0.03241349886176824,538.0,538.0,208.0,208.0,145.89291666666668,17.0,2.0,0.0,49.521354933726066,74.54216827928596,40103.686534255845,0.38661710037174724,8.581936274509804,243.5,4,0.24537037037037038
SARIYER,POLİGON,SARIYER|POLİGON,2023,6317,470882.8770202495,0.018847208423213364,132.0,132.0,101.0,101.0,2.35,1.0,1.0,0.0,20.89599493430426,74.54216827928597,9839.566212865748,0.7651515151515151,2.35,432.0,4,-0.35294117647058826
SARIYER,PTT EVLERİ,SARIYER|PTT EVLERİ,2023,5192,387022.93770605273,0.015490692754998224,207.0,207.0,35.0,35.0,32.640277777777776,10.0,1.0,3.0,39.86902927580894,74.54216827928596,15430.228833812194,0.16908212560386474,3.2640277777777778,313.30555555555554,9,0.16292134831460675
SARIYER,REŞİTPAŞA,SARIYER|REŞİTPAŞA,2023,17668,1317011.0291584246,0.052713705623133406,445.0,445.0,71.0,71.0,27.513055555555553,5.0,3.0,0.0,25.186778356350462,74.54216827928597,33171.26488428226,0.15955056179775282,5.5026111111111105,384.59375,8,0.14395886889460155
SARIYER,RUMELİFENERİ,SARIYER|RUMELİFENERİ,2023,4516,336632.43194925546,0.013473799784586283,98.0,98.0,54.0,54.0,145.89291666666668,5.0,1.0,0.0,21.70062001771479,74.54216827928597,7305.1324913700255,0.5510204081632653,29.178583333333336,277.75,4,0.5555555555555556
SARIYER,RUMELİHİSARI,SARIYER|RUMELİHİSARI,2023,9644,718884.6708854339,0.028773544092681604,233.0,233.0,71.0,71.0,13.408055555555555,4.0,4.0,0.0,24.160099543757777,74.54216827928597,17368.32520907363,0.30472103004291845,3.3520138888888886,378.6875,4,-0.48106904231625836
SARIYER,RUMELİKAVAĞI,SARIYER|RUMELİKAVAĞI,2023,3659,272749.7937339074,0.010916880737777062,258.0,257.0,63.0,63.0,145.89291666666668,17.0,0.0,0.0,70.5110685979776,74.54216827928597,19231.87941605578,0.2441860465116279,8.581936274509804,367.6,5,-0.08185053380782918
SARIYER,SARIYER MERKEZ,SARIYER|SARIYER MERKEZ,2023,11734,874677.8025891415,0.035009204311854614,371.0,371.0,221.0,221.0,145.89291666666668,24.0,2.0,0.0,31.61752173171979,74.54216827928596,27655.144431615092,0.5956873315363881,6.078871527777778,377.0,4,0.09763313609467456
SARIYER,TARABYA,SARIYER|TARABYA,2023,17800,1326850.5953712903,0.053107536794870645,375.0,372.0,97.0,97.0,145.89291666666668,10.0,0.0,0.0,21.06741573033708,74.54216827928597,27953.31310473224,0.25866666666666666,14.589291666666668,454.2,5,-0.05778894472361809
SARIYER,USKUMRUKÖY,SARIYER|USKUMRUKÖY,2023,992,73945.8309330517,0.0029597009269950385,257.0,257.0,53.0,53.0,145.89291666666668,7.0,3.0,0.0,259.07258064516134,74.54216827928597,19157.337247776497,0.20622568093385213,20.84184523809524,236.4,5,-0.1461794019933555
SARIYER,SEYMEN,SARIYER|SEYMEN,2023,3284,244796.48062917512,0.009798042181705349,134.0,133.0,174.0,174.0,145.89291666666668,18.0,0.0,0.0,40.803897685749085,74.54216827928596,9988.65054942432,1.2985074626865671,8.105162037037038,320.2236842105263,0,0.11666666666666667
SARIYER,YENİKÖY,SARIYER|YENİKÖY,2023,14712,1096664.3797248553,0.04389427423180545,613.0,580.0,88.0,88.0,34.66666666666667,11.0,0.0,0.0,41.666666666666664,74.54216827928597,45694.349155202304,0.14355628058727568,3.151515151515152,518.6666666666666,3,0.3297180043383948
SARIYER,ZEKERİYAKÖY,SARIYER|ZEKERİYAKÖY,2023,22527,1679211.424827475,0.06721086974033995,761.0,760.0,227.0,227.0,145.89291666666668,26.0,6.0,1.0,33.78168420118081,74.54216827928597,56726.590060536626,0.2982917214191853,5.611266025641026,204.75,8,0.07637906647807638
SARIYER,ÇAMLITEPE,SARIYER|ÇAMLITEPE,2023,5725,426753.9133989122,0.017080935289361485,527.0,527.0,34.0,34.0,29.199166666666667,8.0,1.0,0.0,92.0524017467249,74.54216827928597,39283.72268318371,0.06451612903225806,3.6498958333333333,365.42857142857144,7,-0.025878003696857672
SARIYER,ÇAYIRBAŞI,SARIYER|ÇAYIRBAŞI,2023,4815,358920.54026476195,0.014365887059960796,193.0,193.0,29.0,29.0,145.89291666666668,8.0,1.0,0.0,40.083073727933545,74.54216827928597,14386.638477902194,0.15025906735751296,18.236614583333335,327.3333333333333,3,0.1696969696969697
SARIYER,İSTİNYE,SARIYER|İSTİNYE,2023,15584,1161665.1504643925,0.04649594682085754,614.0,614.0,88.0,88.0,145.89291666666668,4.0,2.0,0.0,39.399383983572896,74.54216827928596,45768.89132348158,0.14332247557003258,36.47322916666667,396.2857142857143,7,0.12660550458715597
SULTANBEYLİ,ABDURRAHMANGAZİ,SULTANBEYLİ|ABDURRAHMANGAZİ,2023,27696,1381178.7612895684,0.0899463167022282,289.0,287.0,71.0,71.0,145.89291666666668,14.0,10.0,1.0,10.43471981513576,49.8692504798371,14412.213388672923,0.24567474048442905,10.42092261904762,215.28571428571428,7,0.3632075471698113
SULTANBEYLİ,ADİL,SULTANBEYLİ|ADİL,2023,33963,1693709.3540467075,0.11029920400627442,163.0,163.0,175.0,175.0,24.459722222222222,4.0,6.0,11.0,4.799340458734505,49.8692504798371,8128.687828213448,1.0736196319018405,6.1149305555555555,266.2857142857143,7,0.14788732394366197
SULTANBEYLİ,AHMET YESEVİ,SULTANBEYLİ|AHMET YESEVİ,2023,29766,1484408.109782831,0.09666890753027602,147.0,146.0,133.0,133.0,9.976388888888888,2.0,5.0,13.0,4.938520459584761,49.8692504798371,7330.779820536053,0.9047619047619048,4.988194444444444,219.66666666666666,6,0.176
SULTANBEYLİ,AKŞEMSETTİN,SULTANBEYLİ|AKŞEMSETTİN,2023,13561,676276.905757071,0.04404108899476158,121.0,121.0,31.0,31.0,145.89291666666668,4.0,3.0,16.0,8.922645822579456,49.869250479837106,6034.17930806029,0.256198347107438,36.47322916666667,223.2,5,0.01680672268907563
SULTANBEYLİ,BATTALGAZİ,SULTANBEYLİ|BATTALGAZİ,2023,38294,1909693.077874882,0.12436468269046529,311.0,311.0,226.0,226.0,22.1,7.0,14.0,6.0,8.121376716979162,49.8692504798371,15509.336899229338,0.7266881028938906,3.1571428571428575,128.4,5,-0.29638009049773756
SULTANBEYLİ,FATİH,SULTANBEYLİ|FATİH,2023,2091,104276.60275333938,0.0067907910248541006,187.0,187.0,50.0,50.0,145.89291666666668,3.0,7.0,0.0,89.4308943089431,49.8692504798371,9325.549839729538,0.26737967914438504,48.630972222222226,232.0,6,0.12650602409638553
SULTANBEYLİ,HAMİDİYE,SULTANBEYLİ|HAMİDİYE,2023,26402,1316647.9511686591,0.08574388552759347,187.0,187.0,39.0,39.0,145.89291666666668,2.0,4.0,6.0,7.082796757821377,49.8692504798371,9325.549839729538,0.20855614973262032,72.94645833333334,178.5,6,0.03314917127071823
SULTANBEYLİ,HASANPAŞA,SULTANBEYLİ|HASANPAŞA,2023,27900,1391352.088387455,0.09060883289977494,202.0,202.0,31.0,31.0,145.89291666666668,12.0,5.0,1.0,7.240143369175628,49.8692504798371,10073.588596927095,0.15346534653465346,12.157743055555557,285.75,4,0.4852941176470588
SULTANBEYLİ,MECİDİYE,SULTANBEYLİ|MECİDİYE,2023,21799,1087099.791209969,0.07079505191334029,244.0,244.0,40.0,40.0,21.466666666666665,6.0,8.0,0.0,11.193173998807284,49.8692504798371,12168.097117080251,0.16393442622950818,3.5777777777777775,201.0,5,0.11926605504587157
SULTANBEYLİ,MEHMET AKİF,SULTANBEYLİ|MEHMET AKİF,2023,2743,136791.35406619316,0.008908244754268196,321.0,321.0,162.0,162.0,145.89291666666668,11.0,12.0,4.0,117.02515493984689,49.8692504798371,16008.02940402771,0.5046728971962616,13.262992424242425,201.75,4,0.42035398230088494
SULTANBEYLİ,MİMAR SİNAN,SULTANBEYLİ|MİMAR SİNAN,2023,25088,1251119.756038153,0.08147650178457182,224.0,224.0,78.0,78.0,43.219166666666666,9.0,16.0,12.0,8.928571428571429,49.8692504798371,11170.71210748351,0.3482142857142857,4.802129629629629,229.0,7,0.17277486910994763
SULTANBEYLİ,NECİP FAZIL,SULTANBEYLİ|NECİP FAZIL,2023,2212,110310.78206139966,0.0071837540635950594,269.0,269.0,115.0,115.0,12.823333333333334,4.0,4.0,0.0,121.60940325497288,49.8692504798371,13414.82837907618,0.4275092936802974,3.2058333333333335,309.8333333333333,6,0.23394495412844038
SULTANBEYLİ,ORHANGAZİ,SULTANBEYLİ|ORHANGAZİ,2023,16439,819800.6086380421,0.05338776358564159,172.0,172.0,40.0,40.0,145.89291666666668,2.0,7.0,7.0,10.462923535494859,49.8692504798371,8577.51108253198,0.23255813953488372,72.94645833333334,240.6,5,0.2740740740740741
SULTANBEYLİ,TURGUT REİS,SULTANBEYLİ|TURGUT REİS,2023,19791,986962.3362464559,0.06427381404729196,184.0,184.0,57.0,57.0,11.3,2.0,6.0,4.0,9.297155272598655,49.86925047983709,9175.942088290025,0.30978260869565216,5.65,189.33333333333334,6,0.559322033898305
SULTANBEYLİ,YAVUZ SELİM,SULTANBEYLİ|YAVUZ SELİM,2023,20172,1005962.520679274,0.06551116047506308,163.0,163.0,61.0,61.0,7.839444444444444,2.0,3.0,2.0,8.080507634344636,49.8692504798371,8128.687828213448,0.37423312883435583,3.919722222222222,212.6,5,0.1897810218978102
SULTANGAZİ,50. YIL,SULTANGAZİ|50. YIL,2023,70800,3549896.3358966983,0.14557716823621336,877.75,872.75,195.0,195.0,145.89291666666668,34.0,9.0,0.0,12.397598870056497,50.13977875560308,44010.190802730605,0.22215892908003418,4.290968137254902,610.9,5,0.0
SULTANGAZİ,75. YIL,SULTANGAZİ|75. YIL,2023,31741,1591486.7174815973,0.06526504091787638,462.0,462.0,203.0,203.0,145.89291666666668,38.0,2.0,0.0,14.555307016162061,50.13977875560308,23164.577785088622,0.4393939393939394,3.839287280701755,627.9166666666666,6,-0.26782884310618066
SULTANGAZİ,CEBECİ,SULTANGAZİ|CEBECİ,2023,59846,3000665.199407822,0.12305383065345232,877.75,872.75,181.0,181.0,145.89291666666668,38.0,10.0,2.0,14.666811482805869,50.13977875560308,44010.190802730605,0.2062090572486471,3.839287280701755,601.6944444444445,9,0.0
SULTANGAZİ,CUMHURİYET,SULTANGAZİ|CUMHURİYET,2023,1394,69894.8515853107,0.0028663075214870257,184.0,184.0,38.0,38.0,145.89291666666668,12.0,1.0,0.0,131.99426111908178,50.13977875560308,9225.719291030968,0.20652173913043478,12.157743055555557,740.1071428571429,7,-0.14418604651162792
SULTANGAZİ,ESENTEPE,SULTANGAZİ|ESENTEPE,2023,61200,3068554.459842908,0.12583789118723526,877.75,872.75,207.0,207.0,145.89291666666668,25.0,4.0,7.0,14.342320261437909,50.139778755603075,44010.1908027306,0.23583024779265166,5.835716666666667,670.5833333333334,6,0.0
SULTANGAZİ,ESKİ HABİPLER,SULTANGAZİ|ESKİ HABİPLER,2023,13292,666457.9392194761,0.027330674014064235,149.0,149.0,169.0,169.0,145.89291666666668,13.0,5.0,1.0,11.209750225699668,50.139778755603075,7470.827034584858,1.1342281879194631,11.222532051282052,260.4,5,0.07194244604316546
SULTANGAZİ,GAZİ,SULTANGAZİ|GAZİ,2023,34742,1741956.193527162,0.07143562117037464,714.0,714.0,273.5,270.0,145.89291666666668,44.0,6.0,0.0,20.551493869092166,50.139778755603075,35799.80203150059,0.38305322128851543,3.315748106060606,758.05,5,0.0851063829787234
SULTANGAZİ,HABİBLER,SULTANGAZİ|HABİBLER,2023,789,39560.28543817083,0.001622321832462886,374.0,374.0,89.0,89.0,145.89291666666668,12.0,2.0,2.0,474.01774397972116,50.13977875560308,18752.277254595552,0.23796791443850268,12.157743055555557,334.625,6,-0.07654320987654321
SULTANGAZİ,MALKOÇOĞLU,SULTANGAZİ|MALKOÇOĞLU,2023,13197,661694.6602376938,0.027135337418267055,191.0,191.0,109.0,109.0,145.89291666666668,11.0,1.0,0.0,14.472986284761689,50.139778755603075,9576.697742320188,0.5706806282722513,13.262992424242425,522.7,5,0.5785123966942148
SULTANGAZİ,SULTANÇİFTLİĞİ,SULTANGAZİ|SULTANÇİFTLİĞİ,2023,37503,1880392.1226713823,0.07711271949664844,440.0,440.0,221.0,221.0,145.89291666666668,16.0,5.0,0.0,11.732394741753993,50.13977875560308,22061.502652465355,0.5022727272727273,9.118307291666667,837.2,5,0.0784313725490196
SULTANGAZİ,UĞUR MUMCU,SULTANGAZİ|UĞUR MUMCU,2023,45100,2261304.0218776986,0.09273347863634494,675.0,675.0,273.5,270.0,145.89291666666668,30.0,6.0,2.0,14.966740576496674,50.139778755603075,33844.350660032076,0.4051851851851852,4.863097222222223,790.2,5,0.12312811980033278
SULTANGAZİ,YAYLA,SULTANGAZİ|YAYLA,2023,7922,397207.32730188756,0.01628901591479212,231.0,231.0,30.0,30.0,145.89291666666668,10.0,0.0,0.0,29.159303206261043,50.139778755603075,11582.28889254431,0.12987012987012986,14.589291666666668,231.33333333333334,3,0.49032258064516127
SULTANGAZİ,YUNUS EMRE,SULTANGAZİ|YUNUS EMRE,2023,52156,2615090.300777234,0.10724184726734383,695.0,695.0,224.0,224.0,145.89291666666668,42.0,9.0,0.0,13.325408390213973,50.139778755603075,34847.14623514414,0.32230215827338127,3.4736408730158734,601.25,6,0.15066225165562913
SULTANGAZİ,ZÜBEYDE HANIM,SULTANGAZİ|ZÜBEYDE HANIM,2023,3158,158341.4213101945,0.006493399679236748,877.75,872.75,273.5,270.0,145.89291666666668,44.0,2.0,0.0,277.9449018366055,50.139778755603075,44010.1908027306,0.31159213899174026,3.315748106060606,510.55,5,0.0
SULTANGAZİ,İSMETPAŞA,SULTANGAZİ|İSMETPAŞA,2023,53500,2682478.1634247643,0.11000534605420076,877.75,872.75,194.0,194.0,145.89291666666668,27.0,10.0,0.0,16.406542056074766,50.13977875560307,44010.19080273059,0.2210196525206494,5.403441358024692,566.0833333333334,6,0.10547858942065491
SİLİVRİ,AKÖREN,SİLİVRİ|AKÖREN,2023,1463,82120.01462367515,0.005947855641518716,420.0,420.0,157.0,150.0,38.73888888888889,11.0,1.0,1.0,287.08133971291863,56.131247179545554,23575.123815409133,0.3738095238095238,3.5217171717171714,104.375,8,0.44329896907216493
SİLİVRİ,ALİBEY,SİLİVRİ|ALİBEY,2023,17666,991614.6126738517,0.07182147488931621,544.0,544.0,273.5,260.0,9.90388888888889,5.0,1.0,0.0,30.793614853390697,56.13124717954555,30535.398465672777,0.5027573529411765,1.980777777777778,302.5,4,0.09236947791164658
SİLİVRİ,ALİPAŞA,SİLİVRİ|ALİPAŞA,2023,102,5725.387212313647,0.000414683031739514,88.0,88.0,42.0,41.0,3.0,1.0,1.0,45.0,862.7450980392157,56.13124717954556,4939.549751800009,0.4772727272727273,3.0,345.4375,8,-0.1619047619047619
SİLİVRİ,BEKİRLİ,SİLİVRİ|BEKİRLİ,2023,2270,127417.9310975684,0.009228730216163694,31.0,31.0,3.0,3.0,13.975555555555555,2.0,0.0,1.0,13.656387665198238,56.131247179545554,1740.068662565912,0.0967741935483871,6.987777777777778,123.33333333333333,6,-0.03125
SİLİVRİ,BEYCİLER,SİLİVRİ|BEYCİLER,2023,1386,77797.90859085014,0.005634810607754573,100.0,100.0,1.0,1.0,0.0,0.0,0.0,3.0,72.15007215007215,56.13124717954556,5613.124717954556,0.01,0.0,368.4,5,0.12359550561797752
SİLİVRİ,BÜYÜK KILIÇLI,SİLİVRİ|BÜYÜK KILIÇLI,2023,1259,70669.24019904785,0.005118489578039688,74.0,74.0,35.0,34.0,2.5833333333333335,2.0,1.0,6.0,58.77680698967434,56.131247179545554,4153.712291286371,0.47297297297297297,1.2916666666666667,183.83333333333334,6,0.39622641509433965
SİLİVRİ,BÜYÜK SİNEKLİ,SİLİVRİ|BÜYÜK SİNEKLİ,2023,4410,247538.80006179592,0.01792894284285546,59.0,59.0,3.0,3.0,2.216666666666667,1.0,0.0,0.0,13.378684807256235,56.13124717954556,3311.7435835931883,0.05084745762711865,2.216666666666667,80.25,4,-0.14492753623188406
SİLİVRİ,BÜYÜK ÇAVUŞLU,SİLİVRİ|BÜYÜK ÇAVUŞLU,2023,3235,181584.58462582986,0.013151956938013017,244.0,244.0,42.0,42.0,6.566111111111111,2.0,0.0,3.0,75.42503863987635,56.131247179545554,13696.024311809115,0.1721311475409836,3.2830555555555554,460.1875,4,0.6486486486486487
SİLİVRİ,CUMHURİYET,SİLİVRİ|CUMHURİYET,2023,9285,521178.63006208045,0.037748352448052816,748.0,748.0,273.5,270.0,24.26,9.0,0.0,0.0,80.56004308023694,56.131247179545554,41986.17289030008,0.36564171122994654,2.695555555555556,343.95,5,0.024657534246575342
SİLİVRİ,DANAMANDIRA,SİLİVRİ|DANAMANDIRA,2023,1118,62754.73434673193,0.0045452512694585945,91.0,91.0,10.0,10.0,8.199166666666667,4.0,0.0,0.0,81.39534883720931,56.131247179545554,5107.943493338646,0.10989010989010989,2.0497916666666667,48.57142857142857,7,1.0681818181818181
SİLİVRİ,DEĞİRMENKÖY FEVZİPAŞA,SİLİVRİ|DEĞİRMENKÖY FEVZİPAŞA,2023,3506,196796.15261148673,0.014253712836066041,255.0,255.0,69.0,66.0,145.89291666666668,14.0,0.0,30.0,72.73245864232744,56.13124717954556,14313.468030784117,0.27058823529411763,10.42092261904762,628.5,3,0.35638297872340424
SİLİVRİ,DEĞİRMENKÖY İSMETPAŞA,SİLİVRİ|DEĞİRMENKÖY İSMETPAŞA,2023,3325,186636.39687198898,0.013517853730724354,130.0,130.0,62.0,62.0,145.89291666666668,9.0,0.0,0.0,39.097744360902254,56.13124717954556,7297.062133340923,0.47692307692307695,16.210324074074077,566.375,2,0.4772727272727273
SİLİVRİ,FATİH,SİLİVRİ|FATİH,2023,6796,381467.9558321916,0.027629273369624875,165.0,165.0,273.5,270.0,18.412777777777777,4.0,0.0,0.0,24.27898763978811,56.13124717954556,9261.655784625018,1.6575757575757575,4.603194444444444,529.6666666666666,3,0.1
SİLİVRİ,FENER,SİLİVRİ|FENER,2023,1505,84477.52700521606,0.006118607478117339,171.0,171.0,14.0,10.0,8.081944444444444,2.0,0.0,6.0,113.62126245847176,56.131247179545554,9598.44326770229,0.08187134502923976,4.040972222222222,112.875,8,-0.29045643153526973
SİLİVRİ,GAZİTEPE,SİLİVRİ|GAZİTEPE,2023,1258,70613.1089518683,0.0051144240581206726,125.0,125.0,31.0,27.0,20.962500000000002,7.0,0.0,0.0,99.36406995230524,56.13124717954555,7016.405897443194,0.248,2.9946428571428574,162.0,6,-0.41037735849056606
SİLİVRİ,GÜMÜŞYAKA,SİLİVRİ|GÜMÜŞYAKA,2023,8900,499568.0998979555,0.036183127279232105,877.75,872.75,273.0,266.0,76.46555555555555,31.0,0.0,2.0,98.62359550561797,56.13124717954556,49269.20221184612,0.31102250071204784,2.4666308243727597,566.375,2,0.0
SİLİVRİ,KADIKÖY,SİLİVRİ|KADIKÖY,2023,145,8139.030841034106,0.0005895003882571523,43.0,43.0,67.0,66.0,145.89291666666668,8.0,0.0,0.0,296.551724137931,56.13124717954556,2413.643628720459,1.558139534883721,18.236614583333335,227.14285714285714,7,-0.2833333333333333
SİLİVRİ,KAVAKLI HÜRRİYET,SİLİVRİ|KAVAKLI HÜRRİYET,2023,1765,99071.6512718979,0.007175642657061198,205.0,205.0,56.0,54.0,38.42861111111111,12.0,0.0,0.0,116.14730878186968,56.131247179545554,11506.905671806839,0.2731707317073171,3.2023842592592593,335.95,5,0.9339622641509434
SİLİVRİ,KAVAKLI İSTİKLAL,SİLİVRİ|KAVAKLI İSTİKLAL,2023,1995,111981.83812319337,0.008110712238434611,133.0,133.0,30.0,30.0,145.89291666666668,13.0,1.0,0.0,66.66666666666667,56.131247179545554,7465.455874879559,0.22556390977443608,11.222532051282052,391.15,5,0.5647058823529412
SİLİVRİ,KURFALLI,SİLİVRİ|KURFALLI,2023,5520,309844.48443109146,0.022441669952961936,65.0,65.0,1.0,0.0,0.0,0.0,1.0,0.0,11.77536231884058,56.131247179545554,3648.531066670461,0.015384615384615385,0.0,138.4,5,-0.09722222222222222
SİLİVRİ,KÜÇÜK KILIÇLI,SİLİVRİ|KÜÇÜK KILIÇLI,2023,3220,180742.6159181367,0.013090974139227796,72.0,72.0,3.0,3.0,0.0,0.0,0.0,0.0,22.36024844720497,56.13124717954556,4041.44979692728,0.041666666666666664,0.0,249.75,4,-0.06493506493506493
SİLİVRİ,KÜÇÜK SİNEKLİ,SİLİVRİ|KÜÇÜK SİNEKLİ,2023,1450,81390.30841034107,0.005895003882571523,11.0,11.0,2.0,2.0,2.216666666666667,1.0,0.0,0.0,7.586206896551724,56.13124717954556,617.4437189750012,0.18181818181818182,2.216666666666667,67.25,8,0.1
SİLİVRİ,MİMAR SİNAN,SİLİVRİ|MİMAR SİNAN,2023,27684,1553937.446918539,0.11254985343800691,877.75,872.75,273.5,270.0,69.16416666666666,14.0,2.0,6.0,31.70603958965468,56.13124717954555,49269.2022118461,0.31159213899174026,4.940297619047619,315.6875,4,0.0
SİLİVRİ,ORTAKÖY,SİLİVRİ|ORTAKÖY,2023,4224,237098.38808640043,0.017172756137918698,501.0,501.0,181.0,165.0,93.9413888888889,22.0,0.0,2.0,118.60795454545455,56.131247179545554,28121.75483695232,0.36127744510978044,4.270063131313131,317.9375,4,0.40730337078651685
SİLİVRİ,PİRİ MEHMET PAŞA,SİLİVRİ|PİRİ MEHMET PAŞA,2023,8068,452866.9022445735,0.032800614706611754,297.0,297.0,170.0,166.0,1.35,1.0,1.0,0.0,36.81209717402082,56.131247179545554,16670.98041232503,0.5723905723905723,1.35,396.6875,4,0.13793103448275862
SİLİVRİ,SAYALAR,SİLİVRİ|SAYALAR,2023,9250,519214.0364107964,0.0376060592508873,26.0,26.0,2.0,2.0,0.0,0.0,1.0,1.0,2.810810810810811,56.131247179545554,1459.4124266681845,0.07692307692307693,0.0,97.42857142857143,7,-0.48
SİLİVRİ,SELİMPAŞA,SİLİVRİ|SELİMPAŞA,2023,23963,1345073.0761634503,0.09742205381935269,877.75,872.75,273.5,270.0,145.89291666666668,49.0,10.0,2.0,36.62938697158119,56.13124717954556,49269.20221184612,0.31159213899174026,2.977406462585034,371.5,6,0.0
SİLİVRİ,SEMİZKUMLAR,SİLİVRİ|SEMİZKUMLAR,2023,27901,1566117.9275565005,0.11343207126043314,877.75,872.75,141.0,139.0,8.659722222222221,2.0,1.0,2.0,31.459445897996485,56.131247179545554,49269.20221184611,0.16063799487325547,4.329861111111111,443.4375,4,0.0
SİLİVRİ,SEYMEN,SİLİVRİ|SEYMEN,2023,1045,58657.153302625105,0.004248468315370511,666.0,666.0,273.5,270.0,41.71888888888889,15.0,1.0,7.0,637.3205741626793,56.131247179545554,37383.410621577335,0.41066066066066065,2.7812592592592593,79.57142857142857,7,-0.017699115044247787
SİLİVRİ,SEYMEN MAHALLE,SİLİVRİ|SEYMEN MAHALLE,2023,45189,2536514.928796484,0.18371677962036176,0.0,0.0,0.0,0.0,0.0,0.0,12.0,0.0,0.0,56.131247179545554,0.0,0.0,0.0,372.96875,8,0.0
SİLİVRİ,YOLÇATI,SİLİVRİ|YOLÇATI,2023,4020,225647.61366177312,0.01634339007443967,30.0,30.0,3.0,3.0,2.55,1.0,0.0,1.0,7.462686567164179,56.131247179545554,1683.9374153863666,0.1,2.55,274.3333333333333,3,0.5
SİLİVRİ,ÇANTA BALABAN,SİLİVRİ|ÇANTA BALABAN,2023,4366,245069.02518589588,0.017750059966418805,877.75,872.75,263.0,257.0,129.26194444444445,50.0,0.0,40.0,201.04214383875401,56.131247179545554,49269.20221184611,0.29962973511819996,2.585238888888889,385.7916666666667,6,0.0
SİLİVRİ,ÇANTA SANCAKTEPE,SİLİVRİ|ÇANTA SANCAKTEPE,2023,6217,348967.9637152347,0.02527533733651528,739.0,739.0,253.0,251.0,64.91083333333333,26.0,2.0,22.0,118.86762103908637,56.131247179545554,41480.99166568417,0.3423545331529093,2.4965705128205125,433.7,5,0.0915805022156573
SİLİVRİ,ÇAYIRDERE,SİLİVRİ|ÇAYIRDERE,2023,1417,79537.97725341604,0.005760841725244032,124.0,124.0,31.0,28.0,145.89291666666668,4.0,1.0,2.0,87.50882145377558,56.13124717954555,6960.274650263647,0.25,36.47322916666667,179.42857142857142,7,0.11711711711711711
SİLİVRİ,ÇELTİK,SİLİVRİ|ÇELTİK,2023,1048,58825.54704416374,0.0042606648751275554,69.0,69.0,25.0,24.0,2.55,1.0,1.0,3.0,65.83969465648855,56.131247179545554,3873.056055388643,0.36231884057971014,2.55,482.64285714285717,7,-0.014285714285714285
TUZLA,AKFIRAT,TUZLA|AKFIRAT,2023,2753,252713.35304873422,0.009497754072683866,186.0,186.0,20.0,20.0,24.746944444444445,8.0,2.0,6.0,67.5626589175445,91.79562406419696,17073.986075940633,0.10752688172043011,3.0933680555555556,238.33333333333334,3,-0.5092348284960422
TUZLA,ANADOLU,TUZLA|ANADOLU,2023,8390,770165.2858986125,0.0289452076534027,35.0,35.0,10.0,10.0,145.89291666666668,7.0,1.0,14.0,4.171632896305125,91.79562406419696,3212.8468422468936,0.2857142857142857,20.84184523809524,187.75,4,0.5217391304347826
TUZLA,AYDINLI,TUZLA|AYDINLI,2023,66500,6104409.000269097,0.22942268283090342,696.0,690.0,251.0,251.0,145.89291666666668,22.0,16.0,207.0,10.466165413533835,91.79562406419696,63889.75434868108,0.36063218390804597,6.631496212121212,290.5,12,-0.2070635146681857
TUZLA,AYDINTEPE,TUZLA|AYDINTEPE,2023,26917,2470862.8129359894,0.09286271208660793,399.0,397.0,69.0,69.0,145.89291666666668,7.0,5.0,2.0,14.823345840918378,91.79562406419696,36626.454001614584,0.17293233082706766,20.84184523809524,504.42857142857144,7,0.08130081300813008
TUZLA,CAMİ,TUZLA|CAMİ,2023,5805,532873.5976926633,0.02002704772681796,112.0,112.0,31.0,31.0,17.585277777777776,5.0,1.0,1.0,19.29371231696813,91.79562406419696,10281.109895190059,0.2767857142857143,3.5170555555555554,324.5,2,0.24444444444444444
TUZLA,EVLİYA ÇELEBİ,TUZLA|EVLİYA ÇELEBİ,2023,14026,1287525.4231244265,0.048389211268966184,143.0,143.0,47.0,47.0,17.58888888888889,6.0,8.0,5.0,10.195351490089834,91.79562406419696,13126.774241180165,0.32867132867132864,2.9314814814814816,390.0,4,-0.21428571428571427
TUZLA,FATİH,TUZLA|FATİH,2023,1148,105381.3764256981,0.003960559998344017,43.0,43.0,103.0,103.0,145.89291666666668,7.0,2.0,3.0,37.45644599303136,91.79562406419694,3947.2118347604687,2.395348837209302,20.84184523809524,144.8,5,0.7916666666666666
TUZLA,MESCİT,TUZLA|MESCİT,2023,5225,479632.13573542907,0.018026067936713838,85.0,85.0,20.0,20.0,145.89291666666668,10.0,3.0,17.0,16.267942583732058,91.79562406419696,7802.628045456741,0.23529411764705882,14.589291666666668,302.6666666666667,3,0.13333333333333333
TUZLA,MİMAR SİNAN,TUZLA|MİMAR SİNAN,2023,27919,2562842.0282483147,0.09631957717227056,319.0,319.0,100.0,100.0,145.89291666666668,11.0,2.0,0.0,11.425910670152943,91.79562406419696,29282.80407647883,0.31347962382445144,13.262992424242425,510.5,2,-0.042042042042042045
TUZLA,ORHANLI,TUZLA|ORHANLI,2023,1933,177440.9413160927,0.006668782645295282,126.0,126.0,59.0,59.0,145.89291666666668,23.0,2.0,358.0,65.18365235385411,91.79562406419696,11566.248632088817,0.46825396825396826,6.343170289855073,183.33333333333334,6,0.5365853658536586
TUZLA,ORTA,TUZLA|ORTA,2023,11263,1033894.1138350504,0.0388569575447288,155.0,155.0,51.0,51.0,145.89291666666668,4.0,4.0,20.0,13.761875166474296,91.79562406419696,14228.321729950529,0.32903225806451614,36.47322916666667,321.0,4,0.5196078431372549
TUZLA,POSTANE,TUZLA|POSTANE,2023,21144,1940926.6752133805,0.07294606324476123,415.0,415.0,95.0,95.0,18.913333333333334,6.0,16.0,4.0,19.627317442300416,91.79562406419696,38095.183986641736,0.2289156626506024,3.1522222222222225,188.25,4,0.2063953488372093
TUZLA,TEPEÖREN,TUZLA|TEPEÖREN,2023,7098,651565.33960767,0.024487852672688007,427.0,427.0,88.0,88.0,145.89291666666668,28.0,14.0,70.0,60.1577909270217,91.79562406419696,39196.7314754121,0.20608899297423888,5.21046130952381,179.57142857142858,7,0.22701149425287356
TUZLA,YAYLA,TUZLA|YAYLA,2023,24800,2276531.476792084,0.08555913585272788,264.0,264.0,41.0,41.0,8.788333333333334,5.0,12.0,11.0,10.64516129032258,91.79562406419694,24234.044752947993,0.1553030303030303,1.7576666666666667,394.0,5,0.07317073170731707
TUZLA,İSTASYON,TUZLA|İSTASYON,2023,22100,2028683.2918187527,0.07624422993327767,234.0,234.0,52.0,52.0,10.832222222222223,3.0,6.0,45.0,10.588235294117647,91.79562406419696,21480.17603102209,0.2222222222222222,3.610740740740741,362.4,5,0.15841584158415842
TUZLA,İÇMELER,TUZLA|İÇMELER,2023,10958,1005896.4484954701,0.03780471817234646,482.0,477.0,53.0,53.0,4.267777777777778,3.0,6.0,2.0,43.98612885563059,91.79562406419694,44245.49079894293,0.10995850622406639,1.4225925925925926,375.5,4,0.7985074626865671
TUZLA,ŞİFA,TUZLA|ŞİFA,2023,31879,2926352.6995425345,0.10998143918746421,325.0,325.0,61.0,61.0,145.89291666666668,11.0,2.0,7.0,10.194799084036513,91.79562406419694,29833.577820864008,0.18769230769230769,13.262992424242425,416.3333333333333,3,-0.08450704225352113
ZEYTİNBURNU,BEŞTELSİZ,ZEYTİNBURNU|BEŞTELSİZ,2023,2059,122272.68321620047,0.007834646717933692,335.0,335.0,210.0,210.0,6.466666666666667,3.0,8.0,0.0,162.70033997085963,59.384498890821014,19893.80712842504,0.6268656716417911,2.1555555555555554,252.0,7,0.536697247706422
ZEYTİNBURNU,GÖKALP,ZEYTİNBURNU|GÖKALP,2023,18641,1106986.4438237946,0.07093037856678094,207.0,207.0,111.0,111.0,9.746944444444445,4.0,1.0,0.0,11.104554476691165,59.38449889082102,12292.591270399951,0.5362318840579711,2.436736111111111,270.6666666666667,6,-0.2527075812274368
ZEYTİNBURNU,KAZLIÇEŞME,ZEYTİNBURNU|KAZLIÇEŞME,2023,4779,283798.5201992336,0.0181844471418189,162.0,162.0,34.0,34.0,9.999444444444444,2.0,6.0,5.0,33.898305084745765,59.38449889082101,9620.288820313002,0.20987654320987653,4.999722222222222,265.92857142857144,14,-0.18181818181818182
ZEYTİNBURNU,MALTEPE,ZEYTİNBURNU|MALTEPE,2023,1003,59562.65238749349,0.0038164889063076707,206.0,206.0,182.0,182.0,145.89291666666668,13.0,9.0,23.0,205.38384845463608,59.38449889082102,12233.20677150913,0.883495145631068,11.222532051282052,303.6666666666667,12,-0.18253968253968253
ZEYTİNBURNU,MERKEZEFENDİ,ZEYTİNBURNU|MERKEZEFENDİ,2023,24333,1445003.011510348,0.09258885798323485,358.0,358.0,133.0,133.0,48.63138888888889,9.0,8.0,0.0,14.712530308634364,59.38449889082102,21259.650602913927,0.3715083798882682,5.403487654320988,287.3333333333333,6,0.6053811659192825
ZEYTİNBURNU,NURİPAŞA,ZEYTİNBURNU|NURİPAŞA,2023,26814,1592335.9532584748,0.10202924579634484,208.0,208.0,111.0,111.0,14.390833333333333,5.0,1.0,0.0,7.757141791601402,59.38449889082102,12351.975769290773,0.5336538461538461,2.8781666666666665,259.0,4,-0.36
ZEYTİNBURNU,SEYİTNİZAM,ZEYTİNBURNU|SEYİTNİZAM,2023,22096,1312159.8874915813,0.08407690814932631,395.0,395.0,214.0,214.0,17.746944444444445,6.0,5.0,0.0,17.876538740043447,59.38449889082102,23456.877061874304,0.5417721518987342,2.957824074074074,229.72727272727272,11,-0.11830357142857142
ZEYTİNBURNU,SÜMER,ZEYTİNBURNU|SÜMER,2023,41200,2446641.354301826,0.1567690358323789,341.0,341.0,148.0,148.0,14.390833333333333,5.0,10.0,0.0,8.276699029126213,59.38449889082102,20250.11412176997,0.4340175953079179,2.8781666666666665,171.83333333333334,6,-0.07336956521739131
ZEYTİNBURNU,TELSIZ,ZEYTİNBURNU|TELSIZ,2023,35100,2084395.9110678176,0.1335580863523422,343.0,343.0,266.0,266.0,3.3333333333333335,2.0,1.0,0.0,9.772079772079772,59.384498890821014,20368.883119551607,0.7755102040816326,1.6666666666666667,274.75,4,-0.12051282051282051
ZEYTİNBURNU,VELIEFENDI,ZEYTİNBURNU|VELIEFENDI,2023,37100,2203164.9088494596,0.14116823372284604,251.0,251.0,114.0,114.0,12.183333333333334,4.0,2.0,0.0,6.765498652291105,59.384498890821014,14905.509221596074,0.4541832669322709,3.0458333333333334,252.16666666666666,6,0.03292181069958848
ZEYTİNBURNU,YEŞILTEPE,ZEYTİNBURNU|YEŞILTEPE,2023,23600,1401474.1738233762,0.0897997389719452,138.0,138.0,116.0,116.0,2.8044444444444445,1.0,2.0,0.0,5.847457627118644,59.38449889082103,8195.060846933302,0.8405797101449275,2.8044444444444445,289.5,6,-0.23333333333333334
ZEYTİNBURNU,ÇIRPICI,ZEYTİNBURNU|ÇIRPICI,2023,26082,1548866.500070394,0.09924393185874045,268.0,268.0,164.0,164.0,18.15111111111111,6.0,1.0,0.0,10.275285637604478,59.38449889082103,15915.045702740035,0.6119402985074627,3.025185185185185,301.25,4,-0.0945945945945946
ÇATALCA,AKALAN,ÇATALCA|AKALAN,2023,846,48535.7555519215,0.009223221586263286,49.0,49.0,4.0,4.0,4.737777777777778,2.0,0.0,0.0,57.91962174940898,57.37086944671572,2811.1726028890703,0.08163265306122448,2.368888888888889,134.8,5,-0.33783783783783783
ÇATALCA,ATATÜRK,ÇATALCA|ATATÜRK,2023,1391,79802.87940038157,0.015164895066775689,239.0,239.0,33.0,33.0,34.35472222222222,6.0,6.0,4.0,171.81883537023722,57.37086944671572,13711.637797765057,0.13807531380753138,5.725787037037037,134.5,4,0.10648148148148148
ÇATALCA,AYDINLAR,ÇATALCA|AYDINLAR,2023,809,46413.03338239303,0.00881984191877896,76.0,76.0,9.0,9.0,6.8999999999999995,2.0,0.0,0.0,93.94313967861558,57.37086944671573,4360.186077950396,0.11842105263157894,3.4499999999999997,130.83333333333334,6,0.26666666666666666
ÇATALCA,BAHŞAYİŞ,ÇATALCA|BAHŞAYİŞ,2023,4290,246121.02992641047,0.046770237121831565,58.0,58.0,53.0,53.0,145.89291666666668,6.0,0.0,0.0,13.519813519813521,57.37086944671573,3327.510427909512,0.9137931034482759,24.315486111111113,298.5,4,-0.09375
ÇATALCA,BAŞAK,ÇATALCA|BAŞAK,2023,4240,243252.48645407468,0.046225129463068955,63.0,63.0,1.0,1.0,0.0,0.0,0.0,0.0,14.858490566037736,57.37086944671572,3614.3647751430904,0.015873015873015872,0.0,45.0,4,-0.07352941176470588
ÇATALCA,BELGRAT,ÇATALCA|BELGRAT,2023,594,34078.29645134914,0.006475878986099755,49.0,49.0,0.0,0.0,0.0,0.0,0.0,2.0,82.49158249158249,57.37086944671572,2811.1726028890703,0.0,0.0,87.4,5,-0.15517241379310345
ÇATALCA,CELEPKÖY,ÇATALCA|CELEPKÖY,2023,204,11703.657367130008,0.002224039247751431,30.0,30.0,0.0,0.0,0.0,0.0,0.0,0.0,147.05882352941177,57.37086944671573,1721.126083401472,0.0,0.0,37.75,4,0.5789473684210527
ÇATALCA,DAĞYENİCE,ÇATALCA|DAĞYENİCE,2023,8010,459540.66426819295,0.08732624693376942,33.0,33.0,14.0,14.0,0.0,0.0,0.0,0.0,4.119850187265918,57.37086944671572,1893.2386917416188,0.42424242424242425,0.0,142.83333333333334,6,-0.49230769230769234
ÇATALCA,ELBASAN,ÇATALCA|ELBASAN,2023,673,38610.595137639684,0.007337149086944671,38.0,38.0,18.0,18.0,11.55,1.0,0.0,0.0,56.463595839524515,57.37086944671573,2180.093038975198,0.47368421052631576,11.55,188.2,5,-0.3333333333333333
ÇATALCA,FATİH,ÇATALCA|FATİH,2023,1431,82097.7141782502,0.015600981193785772,301.0,301.0,63.0,63.0,34.35472222222222,6.0,0.0,1.0,210.34241788958772,57.37086944671572,17268.631703461433,0.20930232558139536,5.725787037037037,126.2,5,0.39351851851851855
ÇATALCA,FERHATPAŞA,ÇATALCA|FERHATPAŞA,2023,22802,1308170.565124012,0.24859089670209866,635.0,635.0,273.5,270.0,24.718055555555555,9.0,8.0,6.0,27.84843434786422,57.37086944671573,36430.50209866449,0.43070866141732284,2.7464506172839505,132.71428571428572,7,-0.030534351145038167
ÇATALCA,GÖKÇEALİ,ÇATALCA|GÖKÇEALİ,2023,207,11875.769975470157,0.0022567457072771874,137.0,136.0,44.0,44.0,15.816666666666666,4.0,1.0,0.0,661.8357487922706,57.37086944671574,7859.809114200056,0.32116788321167883,3.9541666666666666,198.25,4,0.022388059701492536
ÇATALCA,GÜMÜŞPINAR,ÇATALCA|GÜMÜŞPINAR,2023,1111,63739.03595530117,0.012112292177705097,68.0,68.0,8.0,8.0,6.327222222222222,2.0,0.0,1.0,61.206120612061206,57.37086944671573,3901.2191223766695,0.11764705882352941,3.163611111111111,68.0,5,1.0
ÇATALCA,HALLAÇLI,ÇATALCA|HALLAÇLI,2023,1121,64312.744649768334,0.012221313709457619,135.0,135.0,4.0,4.0,3.2,1.0,2.0,2.0,120.42818911685994,57.37086944671573,7745.067375306624,0.02962962962962963,3.2,129.66666666666666,3,-0.2857142857142857
ÇATALCA,HİSARBEYLİ,ÇATALCA|HİSARBEYLİ,2023,3630,208256.25609157808,0.039574816026165166,18.0,18.0,1.0,1.0,0.0,0.0,0.0,0.0,4.958677685950414,57.37086944671572,1032.675650040883,0.05555555555555555,0.0,52.333333333333336,6,0.2
ÇATALCA,KABAKÇA,ÇATALCA|KABAKÇA,2023,1656,95006.15980376126,0.0180539656582175,160.0,157.0,67.0,67.0,5.819166666666667,2.0,0.0,0.0,96.61835748792271,57.37086944671574,9179.339111474517,0.41875,2.9095833333333334,152.2,5,-0.39622641509433965
ÇATALCA,KALEİÇİ,ÇATALCA|KALEİÇİ,2023,7495,429994.66650313436,0.08171163804851458,419.0,418.0,154.0,154.0,40.544444444444444,13.0,2.0,8.0,55.90393595730487,57.37086944671572,24038.394298173887,0.36754176610978523,3.118803418803419,204.14285714285714,7,-0.07709251101321586
ÇATALCA,KALFA,ÇATALCA|KALFA,2023,172,9867.789544835105,0.0018751703461433633,52.0,52.0,11.0,11.0,1.2666666666666666,1.0,0.0,0.0,302.3255813953488,57.37086944671572,2983.2852112292176,0.21153846153846154,1.2666666666666666,89.88888888888889,9,-0.37349397590361444
ÇATALCA,KARACAKÖY MERKEZ,ÇATALCA|KARACAKÖY MERKEZ,2023,2235,128223.89321340965,0.02436631234668847,113.0,113.0,12.0,12.0,4.373055555555555,2.0,0.0,2.0,50.55928411633109,57.37086944671573,6482.9082474788775,0.10619469026548672,2.1865277777777776,119.4,5,-0.08130081300813008
ÇATALCA,KARAMANDERE,ÇATALCA|KARAMANDERE,2023,620,35569.93905696375,0.006759334968656309,122.0,122.0,2.0,2.0,4.806111111111111,2.0,0.0,2.0,196.7741935483871,57.37086944671572,6999.246072499318,0.01639344262295082,2.4030555555555555,111.85714285714286,7,0.525
ÇATALCA,KESTANELİK,ÇATALCA|KESTANELİK,2023,2446,140329.14666666667,0.02666666666666667,394.0,394.0,112.0,112.0,145.89291666666668,26.0,0.0,0.0,161.07931316434994,57.37086944671573,22604.122562005996,0.28426395939086296,5.611266025641026,113.4,5,0.628099173553719
ÇATALCA,KIZILCAALİ,ÇATALCA|KIZILCAALİ,2023,2060,118183.99106023439,0.02245843554101935,20.0,20.0,0.0,0.0,0.0,0.0,0.0,0.0,9.70873786407767,57.37086944671572,1147.4173889343144,0.0,0.0,106.0,4,-0.7435897435897436
ÇATALCA,MURATBEY MERKEZ,ÇATALCA|MURATBEY MERKEZ,2023,1673,95981.46458435542,0.018239302262196784,62.0,62.0,18.0,18.0,11.516666666666666,3.0,0.0,8.0,37.05917513448894,57.37086944671573,3556.9939056963754,0.2903225806451613,3.8388888888888886,409.5,6,-0.21518987341772153
ÇATALCA,NAKKAŞ,ÇATALCA|NAKKAŞ,2023,1002,57485.61118560916,0.010923957481602617,67.0,67.0,37.0,37.0,145.89291666666668,10.0,1.0,2.0,66.86626746506987,57.37086944671573,3843.848252929954,0.5522388059701493,14.589291666666668,171.625,8,-0.20238095238095238
ÇATALCA,OKLALI,ÇATALCA|OKLALI,2023,1406,80663.44244208232,0.01532842736440447,139.0,139.0,99.0,99.0,5.133333333333333,2.0,0.0,0.0,98.86201991465148,57.37086944671573,7974.550853093487,0.7122302158273381,2.5666666666666664,153.0,5,0.37623762376237624
ÇATALCA,ORMANLI,ÇATALCA|ORMANLI,2023,1341,76934.33592804578,0.014619787408013082,44.0,44.0,4.0,4.0,2.1333333333333333,1.0,0.0,0.0,32.811334824757644,57.37086944671572,2524.3182556554916,0.09090909090909091,2.1333333333333333,64.0,5,-0.6451612903225806
ÇATALCA,OVAYENİCE,ÇATALCA|OVAYENİCE,2023,1196,68615.55985827201,0.013038975197601527,146.0,146.0,17.0,17.0,13.96638888888889,6.0,1.0,0.0,122.07357859531773,57.37086944671573,8376.146939220496,0.11643835616438356,2.327731481481482,376.10714285714283,7,2.65
ÇATALCA,SUBAŞI,ÇATALCA|SUBAŞI,2023,2045,117323.42801853365,0.02229490324339057,170.0,170.0,125.0,125.0,6.406666666666666,3.0,4.0,2.0,83.12958435207824,57.37086944671572,9753.047805941673,0.7352941176470589,2.1355555555555554,152.0,6,0.14864864864864866
ÇATALCA,YALIKÖY,ÇATALCA|YALIKÖY,2023,1686,96727.28588716271,0.01838103025347506,81.0,81.0,11.0,11.0,13.816666666666666,4.0,1.0,4.0,48.04270462633452,57.37086944671572,4647.040425183974,0.13580246913580246,3.4541666666666666,207.0,2,-0.6652892561983471
ÇATALCA,YAYLACIK,ÇATALCA|YAYLACIK,2023,419,24038.394298173887,0.004568002180430635,6.0,6.0,0.0,0.0,0.0,0.0,0.0,0.0,14.319809069212411,57.37086944671572,344.22521668029435,0.0,0.0,64.33333333333333,3,-0.4
ÇATALCA,YAZLIK,ÇATALCA|YAZLIK,2023,569,32644.024715181247,0.006203325156718452,29.0,29.0,2.0,2.0,0.0,0.0,0.0,0.0,50.966608084358526,57.37086944671572,1663.755213954756,0.06896551724137931,0.0,75.16666666666667,6,-0.06451612903225806
ÇATALCA,ÇAKIL,ÇATALCA|ÇAKIL,2023,2640,151459.09533932953,0.028781684382665578,178.0,178.0,27.0,27.0,13.483333333333334,4.0,0.0,8.0,67.42424242424242,57.37086944671573,10212.0147615154,0.15168539325842698,3.3708333333333336,299.8333333333333,6,-0.02197802197802198
ÇATALCA,ÇANAKÇA,ÇATALCA|ÇANAKÇA,2023,2011,115372.81845734532,0.021924230035431997,206.0,206.0,60.0,60.0,1.5,1.0,0.0,0.0,102.43659870711089,57.37086944671572,11818.399106023438,0.2912621359223301,1.5,104.5,6,0.04568527918781726
ÇATALCA,ÇİFTLİKKÖY,ÇATALCA|ÇİFTLİKKÖY,2023,1932,110840.51977105478,0.02106295993458708,73.0,73.0,8.0,8.0,0.0,0.0,0.0,0.0,37.78467908902691,57.37086944671572,4188.073469610248,0.1095890410958904,0.0,51.833333333333336,6,-0.1411764705882353
ÇATALCA,ÖRCÜNLÜ,ÇATALCA|ÖRCÜNLÜ,2023,462,26505.341684382667,0.005036794766966476,73.0,73.0,33.0,33.0,4.483333333333333,2.0,0.0,1.0,158.00865800865802,57.37086944671573,4188.073469610248,0.4520547945205479,2.2416666666666667,160.6,5,-0.0875
ÇATALCA,ÖRENCİK,ÇATALCA|ÖRENCİK,2023,1034,59321.479007904054,0.011272826383210683,37.0,37.0,8.0,8.0,0.0,0.0,0.0,0.0,35.783365570599614,57.37086944671572,2122.7221695284816,0.21621621621621623,0.0,37.5,6,-0.24489795918367346
ÇATALCA,İHSANİYE,ÇATALCA|İHSANİYE,2023,1826,104759.20760970292,0.019907331698010358,85.0,85.0,25.0,25.0,14.283055555555556,6.0,0.0,0.0,46.54983570646221,57.37086944671573,4876.523902970837,0.29411764705882354,2.3805092592592594,121.875,8,-0.27350427350427353
ÇATALCA,İNCEĞİZ,ÇATALCA|İNCEĞİZ,2023,1107,63509.55247751431,0.012068683565004089,155.0,155.0,37.0,37.0,25.0475,5.0,1.0,0.0,140.01806684733515,57.37086944671573,8892.484764240939,0.23870967741935484,5.0095,180.85714285714286,7,-0.375
ÇATALCA,İZZETTİN,ÇATALCA|İZZETTİN,2023,1333,76475.36897247206,0.014532570182611065,116.0,116.0,40.0,40.0,3.9158333333333335,2.0,0.0,0.0,87.02175543885971,57.37086944671572,6655.020855819024,0.3448275862068966,1.9579166666666667,271.0,7,-0.06451612903225806
ÇEKMEKÖY,ALEMDAĞ,ÇEKMEKÖY|ALEMDAĞ,2023,27992,1553950.6916068227,0.09858663839708663,150.0,150.0,22.0,22.0,3.7,2.0,4.0,2.0,5.358673906830523,55.51410015743151,8327.115023614726,0.14666666666666667,1.85,125.83333333333333,6,0.15384615384615385
ÇEKMEKÖY,AYDINLAR,ÇEKMEKÖY|AYDINLAR,2023,6369,353569.3039026813,0.02243134824060606,208.0,208.0,58.0,58.0,8.316666666666666,1.0,2.0,2.0,32.6581880986026,55.51410015743151,11546.932832745753,0.27884615384615385,8.316666666666666,197.5,6,0.35064935064935066
ÇEKMEKÖY,CUMHURİYET,ÇEKMEKÖY|CUMHURİYET,2023,17209,955342.1496092388,0.06060936911172706,175.0,175.0,50.0,50.0,8.316666666666666,1.0,3.0,0.0,10.169097565227498,55.51410015743151,9714.967527550514,0.2857142857142857,8.316666666666666,143.16666666666666,6,0.34615384615384615
ÇEKMEKÖY,EKŞİOĞLU,ÇEKMEKÖY|EKŞİOĞLU,2023,9396,521610.48507922643,0.03309231403183145,166.0,166.0,28.0,28.0,10.363888888888889,2.0,4.0,4.0,17.667092379736058,55.51410015743151,9215.34062613363,0.1686746987951807,5.1819444444444445,187.85714285714286,7,-0.4592833876221498
ÇEKMEKÖY,GÜNGÖREN,ÇEKMEKÖY|GÜNGÖREN,2023,10580,587339.1796656253,0.03726231188343729,172.0,172.0,77.0,77.0,10.700277777777778,2.0,0.0,0.0,16.257088846880908,55.51410015743151,9548.42522707822,0.4476744186046512,5.350138888888889,158.16666666666666,6,0.8297872340425532
ÇEKMEKÖY,HAMİDİYE,ÇEKMEKÖY|HAMİDİYE,2023,29629,1644827.273564538,0.1043520830618491,172.0,172.0,54.0,54.0,3.9891666666666667,1.0,5.0,0.0,5.805123358871376,55.5141001574315,9548.425227078218,0.313953488372093,3.9891666666666667,189.0,5,-0.36059479553903345
ÇEKMEKÖY,HÜSEYİNLİ,ÇEKMEKÖY|HÜSEYİNLİ,2023,8920,495185.773404289,0.031415862192841267,66.0,66.0,15.0,15.0,14.5,2.0,0.0,4.0,7.399103139013453,55.5141001574315,3663.930610390479,0.22727272727272727,7.25,84.83333333333333,6,0.015384615384615385
ÇEKMEKÖY,KOÇULLU,ÇEKMEKÖY|KOÇULLU,2023,1591,88322.93335047353,0.005603434613095343,40.0,40.0,1.0,1.0,14.5,2.0,0.0,0.0,25.1414204902577,55.51410015743151,2220.56400629726,0.025,7.25,79.25,4,-0.14893617021276595
ÇEKMEKÖY,KİRAZLIDERE,ÇEKMEKÖY|KİRAZLIDERE,2023,10522,584119.3618564943,0.03705803834003092,99.0,99.0,36.0,36.0,8.316666666666666,1.0,3.0,0.0,9.408857631628967,55.51410015743151,5495.895915585719,0.36363636363636365,8.316666666666666,194.0,6,0.47761194029850745
ÇEKMEKÖY,MEHMET AKİF,ÇEKMEKÖY|MEHMET AKİF,2023,32116,1782890.8406560703,0.11311119172480832,270.0,270.0,81.0,81.0,3.9891666666666667,1.0,4.0,0.0,8.407024536056793,55.51410015743151,14988.807042506507,0.3,3.9891666666666667,194.6,5,-0.5368782161234992
ÇEKMEKÖY,SARIYER MERKEZ,ÇEKMEKÖY|SARIYER MERKEZ,2023,15861,880509.1425970211,0.055861770206351496,414.0,414.0,223.0,223.0,17.770555555555557,5.0,22.0,12.0,26.101759031586912,55.5141001574315,22982.837465176643,0.538647342995169,3.554111111111111,261.675,10,0.0072992700729927005
ÇEKMEKÖY,MİMAR SİNAN,ÇEKMEKÖY|MİMAR SİNAN,2023,26319,1461075.6020434399,0.09269440325710643,210.0,210.0,57.0,57.0,3.9891666666666667,1.0,7.0,0.0,7.979026558759832,55.51410015743151,11657.961033060616,0.2714285714285714,3.9891666666666667,269.14285714285717,7,-0.1828793774319066
ÇEKMEKÖY,NİŞANTEPE,ÇEKMEKÖY|NİŞANTEPE,2023,12476,692593.9135641155,0.04393994357823853,187.0,187.0,51.0,51.0,2.35,1.0,10.0,20.0,14.988778454632895,55.514100157431514,10381.136729439693,0.2727272727272727,2.35,175.2,5,0.0935672514619883
ÇEKMEKÖY,REŞADİYE,ÇEKMEKÖY|REŞADİYE,2023,2783,154495.74073813186,0.009801608125860678,72.0,72.0,19.0,19.0,0.0,0.0,0.0,0.0,25.871361839741287,55.5141001574315,3997.0152113350678,0.2638888888888889,0.0,147.6,5,0.2413793103448276
ÇEKMEKÖY,SIRAPINAR,ÇEKMEKÖY|SIRAPINAR,2023,1514,84048.3476383513,0.005332243874435166,73.0,73.0,7.0,7.0,14.5,2.0,0.0,3.0,48.21664464993395,55.51410015743151,4052.5293114925,0.0958904109589041,7.25,89.33333333333333,3,-0.1411764705882353
ÇEKMEKÖY,SOĞUKPINAR,ÇEKMEKÖY|SOĞUKPINAR,2023,9512,528050.1206974884,0.033500861118644185,130.0,130.0,18.0,18.0,8.316666666666666,1.0,0.0,1.0,13.666947014297728,55.5141001574315,7216.833020466095,0.13846153846153847,8.316666666666666,186.14285714285714,7,0.4772727272727273
ÇEKMEKÖY,SULTANÇİFTLİĞİ,ÇEKMEKÖY|SULTANÇİFTLİĞİ,2023,19646,1090630.0116928993,0.06919237989243941,154.0,154.0,177.0,177.0,17.309444444444445,4.0,6.0,0.0,7.838745800671893,55.5141001574315,8549.17142424445,1.1493506493506493,4.327361111111111,179.125,8,0.1937984496124031
ÇEKMEKÖY,TAŞDELEN,ÇEKMEKÖY|TAŞDELEN,2023,4637,257418.8824300099,0.016331317599574548,96.0,96.0,80.0,80.0,4.873333333333333,1.0,4.0,2.0,20.703040759111495,55.51410015743151,5329.353615113425,0.8333333333333334,4.873333333333333,139.83333333333334,6,0.45454545454545453
ÇEKMEKÖY,ÇAMLIK,ÇEKMEKÖY|ÇAMLIK,2023,22028,1222864.5982679012,0.07758168300268022,139.0,139.0,44.0,44.0,5.267222222222222,2.0,2.0,0.0,6.310150717268931,55.51410015743151,7716.45992188298,0.31654676258992803,2.633611111111111,185.5,6,-0.26842105263157895
ÇEKMEKÖY,ÇATALMEŞE,ÇEKMEKÖY|ÇATALMEŞE,2023,9219,511784.48935136106,0.03246892752867754,350.0,350.0,26.0,26.0,3.7,2.0,2.0,6.0,37.96507213363706,55.51410015743151,19429.93505510103,0.07428571428571429,1.85,148.0,5,-0.04371584699453552
ÇEKMEKÖY,ÖMERLİ,ÇEKMEKÖY|ÖMERLİ,2023,5614,311656.1582838205,0.01977227021867835,165.0,165.0,42.0,42.0,21.523611111111112,5.0,2.0,14.0,29.390808692554327,55.51410015743151,9159.8265259762,0.2545454545454545,4.304722222222223,103.8,10,-0.040697674418604654
ÜMRANİYE,ADEM YAVUZ,ÜMRANİYE|ADEM YAVUZ,2023,16766,968928.5259976017,0.025289419501783653,302.0,302.0,49.0,49.0,145.89291666666668,10.0,1.0,0.0,18.01264463795777,57.791275557533204,17452.965218375026,0.16225165562913907,14.589291666666668,442.35,5,0.3422222222222222
ÜMRANİYE,ALTINŞEHİR,ÜMRANİYE|ALTINŞEHİR,2023,28363,1639133.9486383141,0.042782047317731706,331.0,331.0,53.0,53.0,145.89291666666668,6.0,1.0,0.0,11.670133624792864,57.7912755575332,19128.912209543487,0.16012084592145015,24.315486111111113,425.95,5,-0.02932551319648094
ÜMRANİYE,ARMAĞANEVLER,ÜMRANİYE|ARMAĞANEVLER,2023,41800,2415675.318304888,0.06305008560029564,568.0,568.0,109.0,109.0,25.848333333333333,5.0,1.0,2.0,13.588516746411482,57.791275557533204,32825.44451667886,0.19190140845070422,5.169666666666666,229.66666666666666,6,0.1203155818540434
ÜMRANİYE,ATAKENT,ÜMRANİYE|ATAKENT,2023,19933,1151953.4956883094,0.030066443929920885,238.0,237.0,68.0,68.0,16.63888888888889,4.0,9.0,0.0,11.93999899663874,57.791275557533204,13754.323582692903,0.2857142857142857,4.159722222222222,304.75,4,-0.06666666666666667
ÜMRANİYE,ATATÜRK,ÜMRANİYE|ATATÜRK,2023,24104,1393000.9060387802,0.03635787711266809,336.0,336.0,119.0,119.0,35.79944444444445,7.0,4.0,0.0,13.939595087952208,57.7912755575332,19417.868587331155,0.3541666666666667,5.114206349206349,447.25,7,-0.27896995708154504
ÜMRANİYE,AŞAĞI DUDULLU,ÜMRANİYE|AŞAĞI DUDULLU,2023,1504,86918.07843852995,0.002268596381407767,388.0,385.0,116.0,116.0,145.89291666666668,17.0,2.0,195.0,257.97872340425533,57.79127555753321,22423.014916322885,0.29896907216494845,8.581936274509804,337.2,10,-0.24070450097847357
ÜMRANİYE,CEMİL MERİÇ,ÜMRANİYE|CEMİL MERİÇ,2023,21718,1255110.922558506,0.03275889375758901,877.75,872.75,92.0,92.0,145.89291666666668,16.0,0.0,0.0,40.415784142186205,57.7912755575332,50726.29212062476,0.10481344346340074,9.118307291666667,295.875,8,0.0
ÜMRANİYE,DUMLUPINAR,ÜMRANİYE|DUMLUPINAR,2023,12024,694882.2973037792,0.018136704049233367,590.0,590.0,65.0,65.0,42.44861111111111,9.0,2.0,0.0,49.068529607451765,57.7912755575332,34096.852578944585,0.11016949152542373,4.716512345679012,689.15,5,0.524547803617571
ÜMRANİYE,ELMALIKENT,ÜMRANİYE|ELMALIKENT,2023,21956,1268865.246141199,0.033117887067944766,471.0,471.0,62.0,62.0,36.49861111111111,8.0,5.0,0.0,21.45199489888869,57.791275557533204,27219.690787598138,0.1316348195329087,4.562326388888889,493.92857142857144,7,-0.16341030195381884
ÜMRANİYE,ESENEVLER,ÜMRANİYE|ESENEVLER,2023,26149,1511184.0645539358,0.03944250450627107,241.0,241.0,100.0,100.0,27.09861111111111,5.0,4.0,0.0,9.216413629584304,57.791275557533204,13927.697409365503,0.4149377593360996,5.419722222222222,426.7916666666667,6,-0.4369158878504673
ÜMRANİYE,ESENKENT,ÜMRANİYE|ESENKENT,2023,21439,1238987.1566779544,0.032338057061835845,330.0,330.0,85.0,85.0,145.89291666666668,5.0,2.0,5.0,15.392508978963571,57.791275557533204,19071.120933985956,0.25757575757575757,29.178583333333336,355.625,8,0.2595419847328244
ÜMRANİYE,ESENŞEHİR,ÜMRANİYE|ESENŞEHİR,2023,20732,1198128.7248587783,0.03127163575754376,520.0,520.0,67.0,67.0,145.89291666666668,11.0,2.0,3.0,25.081998842369284,57.7912755575332,30051.46328991726,0.12884615384615383,13.262992424242425,332.0,8,-0.18238993710691823
ÜMRANİYE,FATİH SULTAN MEHMET,ÜMRANİYE|FATİH SULTAN MEHMET,2023,4658,269191.76154698967,0.007026011931248256,49.0,49.0,12.0,12.0,9.725277777777778,2.0,2.0,0.0,10.51953628166595,57.791275557533204,2831.772502319127,0.24489795918367346,4.862638888888889,470.72222222222223,9,-0.33783783783783783
ÜMRANİYE,FİNANSKENT,ÜMRANİYE|FİNANSKENT,2023,8113,468860.61859826685,0.012237448432421017,24.0,24.0,2.0,2.0,4.841111111111111,2.0,4.0,0.0,2.958215210156539,57.7912755575332,1386.9906133807967,0.08333333333333333,2.4205555555555556,477.35,10,0.2631578947368421
ÜMRANİYE,HEKİMBAŞI,ÜMRANİYE|HEKİMBAŞI,2023,7355,425054.8317256567,0.01109409999019556,434.0,434.0,26.0,26.0,36.68333333333334,9.0,0.0,1.0,59.00747790618627,57.791275557533204,25081.41359196941,0.059907834101382486,4.075925925925926,649.35,5,0.06633906633906633
ÜMRANİYE,HUZUR,ÜMRANİYE|HUZUR,2023,1207,69754.06959794258,0.0018206089310898765,248.0,248.0,34.0,34.0,145.89291666666668,10.0,0.0,0.0,205.46810273405137,57.791275557533204,14332.236338268234,0.13709677419354838,14.589291666666668,333.0,4,-0.06766917293233082
ÜMRANİYE,IHLAMURKUYU,ÜMRANİYE|IHLAMURKUYU,2023,15903,919054.6551914505,0.02398769165793066,350.0,350.0,87.0,87.0,145.89291666666668,12.0,0.0,0.0,22.00842608312897,57.791275557533204,20226.946445136622,0.24857142857142858,12.157743055555557,476.9375,4,-0.10025706940874037
ÜMRANİYE,KAZIM KARABEKİR,ÜMRANİYE|KAZIM KARABEKİR,2023,1583,91483.58920757506,0.002387758026441818,546.0,546.0,36.0,36.0,28.016111111111112,5.0,2.0,0.0,344.914718888187,57.791275557533204,31554.03645441313,0.06593406593406594,5.6032222222222225,676.6875,4,0.011111111111111112
ÜMRANİYE,MADENLER,ÜMRANİYE|MADENLER,2023,15597,901370.5248708454,0.02352612883033041,138.0,138.0,46.0,46.0,21.964444444444446,4.0,7.0,3.0,8.847855356799386,57.791275557533204,7975.196026939582,0.3333333333333333,5.4911111111111115,305.8333333333333,6,-0.12101910828025478
ÜMRANİYE,MEHMET AKİF,ÜMRANİYE|MEHMET AKİF,2023,2615,151124.1855829493,0.0039444012881524665,223.0,223.0,58.0,58.0,36.323055555555555,11.0,6.0,0.0,85.2772466539197,57.7912755575332,12887.454449329904,0.2600896860986547,3.3020959595959596,411.85714285714283,7,0.037209302325581395
ÜMRANİYE,NAMIK KEMAL,ÜMRANİYE|NAMIK KEMAL,2023,27900,1612376.5880551762,0.042083669575316944,315.0,315.0,116.0,116.0,14.972222222222221,3.0,1.0,1.0,11.29032258064516,57.7912755575332,18204.25180062296,0.3682539682539683,4.9907407407407405,428.8,5,-0.24641148325358853
ÜMRANİYE,NECİP FAZIL,ÜMRANİYE|NECİP FAZIL,2023,28327,1637053.462718243,0.042727745808602266,314.0,314.0,77.0,77.0,35.78805555555556,8.0,4.0,2.0,11.08483072686836,57.791275557533204,18146.460525065428,0.24522292993630573,4.473506944444445,344.2857142857143,7,0.01948051948051948
ÜMRANİYE,PARSELLER,ÜMRANİYE|PARSELLER,2023,15821,914315.7705957327,0.02386400488713582,228.0,228.0,38.0,38.0,145.89291666666668,10.0,1.0,0.0,14.411225586246127,57.7912755575332,13176.410827117568,0.16666666666666666,14.589291666666668,445.95,5,0.008849557522123894
ÜMRANİYE,SİTE,ÜMRANİYE|SİTE,2023,21465,1240489.7298424502,0.03237727481842933,225.0,225.0,273.0,270.0,33.04833333333333,6.0,8.0,0.0,10.482180293501049,57.791275557533204,13003.03700044497,1.2133333333333334,5.508055555555555,418.0,4,-0.2049469964664311
ÜMRANİYE,TANTAVİ,ÜMRANİYE|TANTAVİ,2023,11784,681012.3911699713,0.01777469398837043,146.0,146.0,61.0,61.0,21.735,5.0,1.0,0.0,12.38968092328581,57.79127555753321,8437.526231399848,0.4178082191780822,4.3469999999999995,605.95,5,0.4174757281553398
ÜMRANİYE,TATLISU,ÜMRANİYE|TATLISU,2023,22972,1327581.1821076528,0.03465039632559788,443.0,443.0,64.0,64.0,37.41277777777778,12.0,0.0,2.0,19.284346160543272,57.791275557533204,25601.53507198721,0.14446952595936793,3.1177314814814814,329.6,5,1.1196172248803828
ÜMRANİYE,TEPEÜSTÜ,ÜMRANİYE|TEPEÜSTÜ,2023,13449,777234.8649732642,0.020286138785607085,223.0,223.0,54.0,54.0,145.89291666666668,5.0,2.0,0.0,16.581158450442413,57.79127555753321,12887.454449329905,0.242152466367713,29.178583333333336,431.4583333333333,6,-0.2920634920634921
ÜMRANİYE,TOPAĞACI,ÜMRANİYE|TOPAĞACI,2023,13826,799022.175858454,0.02085479625621262,768.0,768.0,31.0,31.0,36.49861111111111,8.0,2.0,0.0,55.54751916678721,57.7912755575332,44383.699628185495,0.040364583333333336,4.562326388888889,646.15,5,0.17073170731707318
ÜMRANİYE,YAMANEVLER,ÜMRANİYE|YAMANEVLER,2023,17889,1033828.1284487115,0.026983324911571502,84.0,84.0,37.0,37.0,36.255,7.0,5.0,4.0,4.695623008552742,57.791275557533204,4854.467146832789,0.44047619047619047,5.179285714285714,480.09375,8,-0.3488372093023256
ÜMRANİYE,YUKARI DUDULLU,ÜMRANİYE|YUKARI DUDULLU,2023,21532,1244361.745304805,0.03247833596042023,470.0,470.0,78.0,78.0,145.89291666666668,12.0,2.0,2.0,21.827976964517926,57.791275557533204,27161.899512040607,0.16595744680851063,12.157743055555557,411.46875,8,-0.11153119092627599
ÜMRANİYE,ÇAKMAK,ÜMRANİYE|ÇAKMAK,2023,37900,2190289.3436305085,0.05716742211127284,758.0,758.0,176.0,176.0,145.89291666666668,10.0,5.0,0.0,20.0,57.791275557533204,43805.786872610166,0.23218997361477572,14.589291666666668,255.5,8,-0.06535141800246609
ÜMRANİYE,ÇAMLIK,ÜMRANİYE|ÇAMLIK,2023,24097,1392596.3671098775,0.03634731848589292,322.0,322.0,64.0,64.0,145.89291666666668,7.0,1.0,0.0,13.362659252189069,57.7912755575332,18608.79072952569,0.19875776397515527,20.84184523809524,422.9642857142857,7,-0.27313769751693
ÜMRANİYE,İNKILAP,ÜMRANİYE|İNKILAP,2023,34935,2018938.2116024224,0.05269508948436192,877.75,872.75,68.0,68.0,32.160555555555554,6.0,4.0,0.0,25.125232574781737,57.791275557533204,50726.29212062477,0.07747080603816577,5.360092592592593,346.5,8,0.19584468664850135
ÜMRANİYE,İSTİKLAL,ÜMRANİYE|İSTİKLAL,2023,48047,2776697.4167127977,0.07247290580950728,543.0,543.0,169.0,169.0,18.696666666666665,5.0,4.0,0.0,11.301434012529398,57.791275557533204,31380.66262774053,0.31123388581952116,3.739333333333333,206.33333333333334,6,0.016853932584269662
ÜMRANİYE,ŞERİFALİ,ÜMRANİYE|ŞERİFALİ,2023,9502,549132.7003476805,0.014332581659665292,336.0,336.0,54.0,54.0,30.07027777777778,8.0,2.0,0.0,35.36097663649758,57.791275557533204,19417.868587331155,0.16071428571428573,3.7587847222222224,381.875,8,-0.05352112676056338
ÜSKÜDAR,ACIBADEM,ÜSKÜDAR|ACIBADEM,2023,24200,1581468.095493423,0.05232160925703315,469.0,455.0,85.0,85.0,28.192500000000003,9.0,5.0,0.0,19.380165289256198,65.34992130138112,30649.113090347742,0.1812366737739872,3.1325000000000003,629.2083333333334,6,0.4520123839009288
ÜSKÜDAR,AHMEDİYE,ÜSKÜDAR|AHMEDİYE,2023,8638,564492.6202013302,0.018675787634803816,568.0,568.0,54.0,54.0,16.565833333333334,5.0,3.0,0.0,65.75596202824728,65.34992130138113,37118.75529918448,0.09507042253521127,3.3131666666666666,434.4,5,0.055762081784386616
ÜSKÜDAR,ALTUNİZADE,ÜSKÜDAR|ALTUNİZADE,2023,12397,810142.9743732217,0.026802933469398344,356.0,356.0,151.0,151.0,145.89291666666668,12.0,18.0,0.0,28.716624989916916,65.34992130138112,23264.571983291677,0.4241573033707865,12.157743055555557,482.52272727272725,11,0.1337579617834395
ÜSKÜDAR,AZİZ MAHMUT HÜDAYİ,ÜSKÜDAR|AZİZ MAHMUT HÜDAYİ,2023,8608,562532.1225622887,0.018610926135724848,471.0,471.0,37.0,37.0,10.804166666666667,4.0,5.0,0.0,54.71654275092937,65.34992130138112,30779.812932950506,0.07855626326963906,2.701041666666667,423.0,3,0.28337874659400547
ÜSKÜDAR,BAHÇELİEVLER,ÜSKÜDAR|BAHÇELİEVLER,2023,22909,1497101.34709334,0.049530402746668284,783.0,783.0,128.0,128.0,60.245,23.0,10.0,0.0,34.17870705836135,65.34992130138112,51168.98837898141,0.16347381864623245,2.6193478260869565,641.9722222222222,9,0.6177685950413223
ÜSKÜDAR,BARBAROS,ÜSKÜDAR|BARBAROS,2023,16999,1110883.3122021775,0.03675268742811184,373.0,373.0,90.0,90.0,16.175833333333333,6.0,7.0,1.0,21.942467203953175,65.34992130138112,24375.520645415156,0.24128686327077747,2.695972222222222,392.0,5,0.21103896103896103
ÜSKÜDAR,BEYLERBEYİ,ÜSKÜDAR|BEYLERBEYİ,2023,5165,337532.3435216335,0.011166988091428768,259.0,257.0,36.0,36.0,145.89291666666668,12.0,3.0,0.0,50.14520813165537,65.34992130138112,16925.629617057708,0.138996138996139,12.157743055555557,475.4,5,0.2885572139303483
ÜSKÜDAR,BULGURLU,ÜSKÜDAR|BULGURLU,2023,26100,1705632.9459660472,0.05642950419870104,330.0,330.0,116.0,116.0,30.424166666666665,12.0,5.0,0.0,12.64367816091954,65.34992130138112,21565.474029455767,0.3515151515151515,2.535347222222222,517.15,5,0.27413127413127414
ÜSKÜDAR,BURHANİYE,ÜSKÜDAR|BURHANİYE,2023,16304,1065465.1168977178,0.03525006269944911,614.0,614.0,127.0,127.0,42.635555555555555,14.0,4.0,0.0,37.6594700686948,65.34992130138112,40124.851679048006,0.20684039087947884,3.0453968253968253,425.0,6,0.3232758620689655
ÜSKÜDAR,CUMHURİYET,ÜSKÜDAR|CUMHURİYET,2023,37696,2463430.6333768624,0.08150063564269097,877.75,872.75,104.0,104.0,49.05388888888889,19.0,5.0,0.0,23.28496392190153,65.34992130138112,57360.89342228728,0.11848476217601824,2.5817836257309943,489.64285714285717,7,0.8795503211991434
ÜSKÜDAR,FERAH,ÜSKÜDAR|FERAH,2023,21426,1400187.4138033919,0.046324082642198026,651.0,651.0,98.0,98.0,61.78861111111111,21.0,5.0,0.0,30.383646037524503,65.34992130138112,42542.79876719911,0.15053763440860216,2.942314814814815,528.625,6,0.6481012658227848
ÜSKÜDAR,GÜZELTEPE,ÜSKÜDAR|GÜZELTEPE,2023,1324,86523.2958030286,0.002862554159351731,623.0,623.0,143.0,143.0,145.89291666666668,34.0,4.0,0.0,470.5438066465257,65.34992130138112,40713.00097076043,0.22953451043338685,4.290968137254902,600.0,4,0.7598870056497176
ÜSKÜDAR,KANDİLLİ,ÜSKÜDAR|KANDİLLİ,2023,141,9214.338903494738,0.00030484904567114357,69.0,69.0,13.0,13.0,145.89291666666668,5.0,2.0,0.0,489.36170212765956,65.34992130138112,4509.144569795297,0.18840579710144928,29.178583333333336,210.33333333333334,3,-0.028169014084507043
ÜSKÜDAR,KISIKLI,ÜSKÜDAR|KISIKLI,2023,20253,1323531.956116872,0.04378799802821043,694.0,694.0,150.0,150.0,64.56138888888889,18.0,12.0,0.0,34.26652841554338,65.34992130138113,45352.84538315851,0.21613832853025935,3.5867438271604937,472.8611111111111,9,0.5772727272727273
ÜSKÜDAR,KULELİ,ÜSKÜDAR|KULELİ,2023,4142,270679.3740303206,0.008955210972836004,112.0,112.0,17.0,17.0,145.89291666666668,5.0,1.0,0.0,27.040077257363592,65.34992130138113,7319.191185754687,0.15178571428571427,29.178583333333336,394.3333333333333,3,0.2727272727272727
ÜSKÜDAR,KUZGUNCUK,ÜSKÜDAR|KUZGUNCUK,2023,3981,260158.03670079823,0.008607120927778883,255.0,255.0,28.0,28.0,145.89291666666668,14.0,2.0,0.0,64.05425772418991,65.34992130138112,16664.229931852184,0.10980392156862745,10.42092261904762,394.0,5,0.058091286307053944
ÜSKÜDAR,KÜPLÜCE,ÜSKÜDAR|KÜPLÜCE,2023,16852,1101276.8737708747,0.0364348660826249,528.0,528.0,90.0,90.0,42.955555555555556,14.0,4.0,0.0,31.331592689295036,65.34992130138113,34504.758447129236,0.17045454545454544,3.0682539682539685,501.4,5,0.4915254237288136
ÜSKÜDAR,KÜÇÜK ÇAMLICA,ÜSKÜDAR|KÜÇÜK ÇAMLICA,2023,1098,71754.21358891646,0.0023739308662901817,458.0,458.0,56.0,56.0,35.704166666666666,13.0,8.0,2.0,417.12204007285976,65.34992130138112,29930.26395603255,0.1222707423580786,2.7464743589743588,548.8125,8,0.25824175824175827
ÜSKÜDAR,KÜÇÜKSU,ÜSKÜDAR|KÜÇÜKSU,2023,18514,1209888.44297377,0.04002819313159966,423.0,423.0,53.0,53.0,145.89291666666668,16.0,4.0,0.0,22.847574808253214,65.34992130138112,27643.01671048421,0.12529550827423167,9.118307291666667,414.1666666666667,6,0.4486301369863014
ÜSKÜDAR,KİRAZLITEPE,ÜSKÜDAR|KİRAZLITEPE,2023,9355,611348.5137744204,0.02022597746279112,289.0,289.0,70.0,70.0,55.30138888888889,17.0,2.0,0.0,30.892570817744524,65.34992130138112,18886.127256099142,0.2422145328719723,3.2530228758169932,564.8333333333334,6,-0.3036144578313253
ÜSKÜDAR,MEHMET AKİF ERSOY,ÜSKÜDAR|MEHMET AKİF ERSOY,2023,1955,127759.09614420008,0.004226807689979331,637.0,637.0,103.0,103.0,72.29805555555555,23.0,1.0,0.0,325.83120204603586,65.34992130138112,41627.89986897977,0.16169544740973313,3.143393719806763,644.75,5,-0.1618421052631579
ÜSKÜDAR,MURATREİS,ÜSKÜDAR|MURATREİS,2023,13607,889216.3791478929,0.029419013932250004,344.0,344.0,180.0,180.0,145.89291666666668,4.0,6.0,0.0,25.28110531344161,65.34992130138112,22480.372927675104,0.5232558139534884,36.47322916666667,476.75,4,-0.24726477024070023
ÜSKÜDAR,MİMAR SİNAN,ÜSKÜDAR|MİMAR SİNAN,2023,11478,750086.3966972524,0.024816009547612664,508.0,508.0,63.0,63.0,13.028333333333332,5.0,2.0,0.0,44.25858163443108,65.34992130138112,33197.7600211016,0.12401574803149606,2.6056666666666666,431.14285714285717,7,0.17865429234338748
ÜSKÜDAR,SALACAK,ÜSKÜDAR|SALACAK,2023,935,61102.17641679135,0.0020215167212944626,193.0,193.0,45.0,45.0,12.2875,5.0,3.0,0.0,206.41711229946523,65.34992130138112,12612.534811166555,0.23316062176165803,2.4575,391.5,4,-0.08095238095238096
ÜSKÜDAR,SELAMİ ALİ,ÜSKÜDAR|SELAMİ ALİ,2023,13011,850267.8260522697,0.028130432150547863,367.0,367.0,55.0,55.0,145.89291666666668,5.0,10.0,0.0,28.20690185227884,65.34992130138112,23983.42111760687,0.14986376021798364,29.178583333333336,389.8,5,0.43359375
ÜSKÜDAR,SELİMİYE,ÜSKÜDAR|SELİMİYE,2023,8023,524302.4186009807,0.017346126903685,203.0,203.0,28.0,28.0,2.6166666666666667,1.0,4.0,0.0,25.302256013959866,65.34992130138112,13266.034024180366,0.13793103448275862,2.6166666666666667,331.4,5,-0.3047945205479452
ÜSKÜDAR,SULTANTEPE,ÜSKÜDAR|SULTANTEPE,2023,10573,690944.7179195025,0.02285935432539717,268.0,268.0,41.0,41.0,145.89291666666668,5.0,3.0,0.0,25.347583467322423,65.34992130138112,17513.77890877014,0.15298507462686567,29.178583333333336,400.75,4,0.6047904191616766
ÜSKÜDAR,VALİDE-İ ATİK,ÜSKÜDAR|VALİDE-İ ATİK,2023,20278,1325165.7041494064,0.0438420492774429,676.0,676.0,131.0,131.0,145.89291666666668,14.0,1.0,0.0,33.33662096853733,65.34992130138112,44176.54679973363,0.1937869822485207,10.42092261904762,412.1666666666667,6,0.08333333333333333
ÜSKÜDAR,YAVUZTÜRK,ÜSKÜDAR|YAVUZTÜRK,2023,31500,2058522.5209935051,0.06810457403291505,877.75,872.75,65.0,65.0,34.8075,12.0,6.0,0.0,27.865079365079364,65.34992130138112,57360.89342228728,0.07405297636001139,2.900625,567.4285714285714,7,0.5291811846689896
ÜSKÜDAR,ZEYNEP KAMİL,ÜSKÜDAR|ZEYNEP KAMİL,2023,11877,776161.0152965036,0.025678667485362922,324.0,324.0,113.0,113.0,21.890277777777776,8.0,4.0,0.0,27.279616064662793,65.34992130138112,21173.374501647482,0.3487654320987654,2.736284722222222,420.1666666666667,6,0.01567398119122257
ÜSKÜDAR,ÇENGELKÖY,ÜSKÜDAR|ÇENGELKÖY,2023,13623,890261.977888715,0.029453606731758786,691.0,691.0,56.0,56.0,145.89291666666668,21.0,2.0,0.0,50.72304191440946,65.34992130138112,45156.79561925435,0.08104196816208394,6.947281746031747,414.8333333333333,6,0.4073319755600815
ÜSKÜDAR,ÜNALAN,ÜSKÜDAR|ÜNALAN,2023,33800,2208827.3399866815,0.07307728896230249,877.75,872.75,256.0,256.0,44.45777777777778,12.0,6.0,4.0,25.968934911242606,65.3499213013811,57360.89342228726,0.2916547992025064,3.704814814814815,617.25,8,0.060084541062801936
ÜSKÜDAR,İCADİYE,ÜSKÜDAR|İCADİYE,2023,15762,1030045.4595523692,0.03407823161608911,473.0,473.0,188.0,188.0,145.89291666666668,8.0,2.0,0.0,30.008882121558177,65.34992130138112,30910.512775553267,0.3974630021141649,18.236614583333335,311.5,4,-0.16283185840707964
ŞİLE,AHMETLİ,ŞİLE|AHMETLİ,2023,2984,48589.313654872865,0.013501040629807257,163.0,163.0,43.0,43.0,145.89291666666668,10.0,3.0,1.0,54.62466487935657,16.28328205592254,2654.1749751153743,0.26380368098159507,14.589291666666668,140.625,8,0.3360655737704918
ŞİLE,AKÇAKESE,ŞİLE|AKÇAKESE,2023,5240,85324.39797303411,0.023708261695774138,198.0,198.0,53.0,53.0,13.731111111111112,6.0,0.0,0.0,37.786259541984734,16.28328205592254,3224.0898470726634,0.2676767676767677,2.2885185185185186,123.0,3,0.5714285714285714
ŞİLE,ALACALI,ŞİLE|ALACALI,2023,6820,111051.98362139173,0.03085693602388924,152.0,152.0,36.0,36.0,21.733333333333334,1.0,0.0,2.0,22.287390029325515,16.28328205592254,2475.0588725002262,0.23684210526315788,21.733333333333334,81.6,5,0.1968503937007874
ŞİLE,AVCIKORU,ŞİLE|AVCIKORU,2023,1540,25076.254366120713,0.006967695231200797,37.0,37.0,10.0,10.0,14.619166666666665,2.0,0.0,0.0,24.025974025974026,16.28328205592254,602.481436069134,0.2702702702702703,7.309583333333332,117.5,10,0.37037037037037035
ŞİLE,AĞAÇDERE,ŞİLE|AĞAÇDERE,2023,1240,20191.269749343952,0.0056103520043434985,14.0,14.0,0.0,0.0,0.0,0.0,0.0,0.0,11.29032258064516,16.28328205592254,227.96594878291558,0.0,0.0,27.0,5,1.0
ŞİLE,AĞVA MERKEZ,ŞİLE|AĞVA MERKEZ,2023,2800,45593.18975658312,0.012668536784001448,128.0,128.0,3.0,3.0,0.0,0.0,0.0,1.0,45.714285714285715,16.28328205592254,2084.2601031580853,0.0234375,0.0,68.66666666666667,3,0.29292929292929293
ŞİLE,BALİBEY,ŞİLE|BALİBEY,2023,395,6431.896412089403,0.0017871685820287757,272.0,272.0,48.0,48.0,11.533333333333333,5.0,0.0,2.0,688.6075949367089,16.28328205592254,4429.052719210931,0.17647058823529413,2.3066666666666666,197.2,5,-0.03546099290780142
ŞİLE,BIÇKIDERE,ŞİLE|BIÇKIDERE,2023,4320,70343.77848158538,0.019545742466745092,114.0,114.0,2.0,2.0,12.994444444444444,3.0,0.0,0.0,26.38888888888889,16.28328205592254,1856.2941543751697,0.017543859649122806,4.3314814814814815,59.0,4,0.37349397590361444
ŞİLE,BOZGOCA,ŞİLE|BOZGOCA,2023,1210,19702.771287666274,0.005474617681657769,85.0,85.0,8.0,8.0,5.678333333333334,1.0,0.0,0.0,70.24793388429752,16.28328205592254,1384.0789747534159,0.09411764705882353,5.678333333333334,67.0,3,-0.2672413793103448
ŞİLE,BUCAKLI,ŞİLE|BUCAKLI,2023,3790,61713.638991946435,0.017147769432630532,25.0,25.0,4.0,4.0,0.0,0.0,0.0,0.0,6.596306068601583,16.28328205592254,407.0820513980635,0.16,0.0,79.4,5,0.041666666666666664
ŞİLE,DARLIK,ŞİLE|DARLIK,2023,1970,32078.065650167406,0.00891322052302959,15.0,15.0,6.0,6.0,0.0,0.0,0.0,0.0,7.614213197969543,16.28328205592254,244.24923083883812,0.4,0.0,52.0,4,0.25
ŞİLE,DEĞİRMENÇAYIRI,ŞİLE|DEĞİRMENÇAYIRI,2023,6380,103887.33951678581,0.028866165957831872,72.0,72.0,12.0,12.0,3.2488888888888887,1.0,0.0,0.0,11.28526645768025,16.28328205592254,1172.396308026423,0.16666666666666666,3.2488888888888887,79.37096774193549,0,0.14285714285714285
ŞİLE,DOĞANCILI,ŞİLE|DOĞANCILI,2023,8740,142315.885168763,0.039543932675775946,127.0,127.0,19.0,19.0,0.0,0.0,1.0,0.0,14.530892448512587,16.28328205592254,2067.976821102163,0.14960629921259844,0.0,139.33333333333334,3,0.3956043956043956
ŞİLE,ERENLER,ŞİLE|ERENLER,2023,1450,23610.758981087685,0.006560492263143607,26.0,26.0,2.0,2.0,0.0,0.0,0.0,0.0,17.93103448275862,16.28328205592254,423.36533345398607,0.07692307692307693,0.0,35.2,5,1.3636363636363635
ŞİLE,ESENCELİ,ŞİLE|ESENCELİ,2023,1110,18074.44308207402,0.005022169939372003,7.0,7.0,2.0,2.0,0.0,0.0,0.0,0.0,6.306306306306306,16.28328205592254,113.98297439145779,0.2857142857142857,0.0,66.0,5,2.5
ŞİLE,GEREDELİ,ŞİLE|GEREDELİ,2023,7440,121147.61849606369,0.03366211202606099,113.0,113.0,19.0,19.0,6.891666666666667,3.0,0.0,0.0,15.188172043010752,16.283282055922538,1840.0108723192468,0.168141592920354,2.297222222222222,53.0,4,0.2988505747126437
ŞİLE,GÖKMAŞLI,ŞİLE|GÖKMAŞLI,2023,2350,38265.71283141797,0.0106325219437155,25.0,25.0,3.0,3.0,6.828333333333333,1.0,0.0,0.0,10.638297872340425,16.28328205592254,407.0820513980635,0.12,6.828333333333333,36.25,4,1.5
ŞİLE,GÖKSU,ŞİLE|GÖKSU,2023,3030,49338.3446294453,0.01370916659125871,29.0,29.0,12.0,12.0,9.429166666666667,2.0,0.0,0.0,9.57095709570957,16.28328205592254,472.2151796217537,0.41379310344827586,4.714583333333334,46.1,10,1.0714285714285714
ŞİLE,GÖÇE,ŞİLE|GÖÇE,2023,8430,137268.06773142703,0.038141344674690075,111.0,111.0,15.0,15.0,3.520277777777778,1.0,0.0,0.0,13.167259786476869,16.28328205592254,1807.4443082074022,0.13513513513513514,3.520277777777778,63.57142857142857,7,0.8813559322033898
ŞİLE,HACI KASIM,ŞİLE|HACI KASIM,2023,102,1660.8947697040992,0.00046149669713148133,35.0,35.0,4.0,4.0,12.606111111111112,3.0,1.0,0.0,343.1372549019608,16.28328205592254,569.9148719572889,0.11428571428571428,4.202037037037037,433.0,2,-0.07894736842105263
ŞİLE,HACILLI,ŞİLE|HACILLI,2023,2730,44453.360012668534,0.012351823364401411,14.0,14.0,0.0,0.0,3.2491666666666665,1.0,0.0,0.0,5.128205128205129,16.28328205592254,227.96594878291558,0.0,3.2491666666666665,15.0,3,-0.391304347826087
ŞİLE,HASANLI,ŞİLE|HASANLI,2023,2910,47384.3507827346,0.01316622930051579,17.0,17.0,3.0,3.0,3.2488888888888887,1.0,0.0,0.0,5.841924398625429,16.28328205592254,276.8157949506832,0.17647058823529413,3.2488888888888887,25.8,5,-0.10526315789473684
ŞİLE,KABAKOZ,ŞİLE|KABAKOZ,2023,7550,122938.77952221519,0.034159804542575334,192.0,192.0,19.0,19.0,4.374722222222222,1.0,0.0,0.0,25.43046357615894,16.28328205592254,3126.390154737128,0.09895833333333333,4.374722222222222,135.4,5,0.026737967914438502
ŞİLE,KADIKÖY,ŞİLE|KADIKÖY,2023,3740,60899.474889150304,0.016921545561487648,7.0,7.0,2.0,2.0,0.0,0.0,0.0,0.0,1.8716577540106951,16.28328205592254,113.98297439145779,0.2857142857142857,0.0,31.5,2,1.3333333333333333
ŞİLE,KALEM,ŞİLE|KALEM,2023,3500,56991.487195728885,0.01583567098000181,38.0,38.0,14.0,14.0,0.0,0.0,0.0,0.0,10.857142857142858,16.283282055922538,618.7647181250564,0.3684210526315789,0.0,78.0,3,0.46153846153846156
ŞİLE,KARABEYLİ,ŞİLE|KARABEYLİ,2023,2500,40708.20513980635,0.01131119355714415,87.0,87.0,1.0,1.0,4.458611111111111,1.0,0.0,0.0,34.8,16.28328205592254,1416.6455388652612,0.011494252873563218,4.458611111111111,89.375,8,0.851063829787234
ŞİLE,KARACAKÖY,ŞİLE|KARACAKÖY,2023,3360,54711.827707899734,0.015202244140801737,127.0,127.0,7.0,7.0,0.0,0.0,0.0,0.0,37.797619047619044,16.28328205592254,2067.976821102163,0.05511811023622047,0.0,67.2,5,0.09482758620689655
ŞİLE,KARAKİRAZ,ŞİLE|KARAKİRAZ,2023,3210,52269.33539951136,0.014523572527373088,89.0,89.0,11.0,11.0,0.0,0.0,0.0,0.0,27.725856697819317,16.28328205592254,1449.212102977106,0.12359550561797752,0.0,87.2,5,-0.11
ŞİLE,KARAMANDERE,ŞİLE|KARAMANDERE,2023,3720,60573.809248031845,0.016831056013030494,33.0,33.0,4.0,4.0,0.0,0.0,0.0,0.0,8.870967741935484,16.283282055922538,537.3483078454437,0.12121212121212122,0.0,57.0,6,-0.34
ŞİLE,KERVANSARAY,ŞİLE|KERVANSARAY,2023,5290,86138.56207583024,0.023934485566917022,53.0,53.0,3.0,3.0,10.154444444444444,1.0,0.0,0.0,10.018903591682419,16.28328205592254,863.0139489638947,0.05660377358490566,10.154444444444444,99.25,8,-0.2535211267605634
ŞİLE,KIZILCA,ŞİLE|KIZILCA,2023,6620,107795.32721020722,0.029952040539317708,130.0,130.0,9.0,9.0,23.900000000000002,2.0,2.0,0.0,19.637462235649547,16.28328205592254,2116.82666726993,0.06923076923076923,11.950000000000001,81.8,5,2.0232558139534884
ŞİLE,KORUCU,ŞİLE|KORUCU,2023,2470,40219.70667812868,0.01117545923445842,23.0,23.0,2.0,2.0,0.0,0.0,0.0,0.0,9.31174089068826,16.28328205592254,374.51548728621844,0.08695652173913043,0.0,73.25,4,2.2857142857142856
ŞİLE,KUMBABA,ŞİLE|KUMBABA,2023,4100,66761.45642928242,0.018550357433716406,139.0,139.0,29.0,29.0,21.999722222222225,8.0,0.0,0.0,33.90243902439025,16.28328205592254,2263.3762057732333,0.20863309352517986,2.749965277777778,275.6666666666667,3,-0.32524271844660196
ŞİLE,KURFALLI,ŞİLE|KURFALLI,2023,3360,54711.827707899734,0.015202244140801737,70.0,70.0,4.0,4.0,0.0,0.0,0.0,0.0,20.833333333333332,16.28328205592254,1139.8297439145779,0.05714285714285714,0.0,86.25,4,1.0588235294117647
ŞİLE,KURNA,ŞİLE|KURNA,2023,2730,44453.360012668534,0.012351823364401411,71.0,71.0,22.0,22.0,0.0,0.0,0.0,0.0,26.007326007326007,16.28328205592254,1156.1130259705005,0.30985915492957744,0.0,159.0,2,0.36538461538461536
ŞİLE,KÖMÜRLÜK,ŞİLE|KÖMÜRLÜK,2023,2520,41033.8707809248,0.011401683105601303,87.0,87.0,4.0,4.0,10.154444444444444,1.0,0.0,0.0,34.523809523809526,16.28328205592254,1416.6455388652612,0.04597701149425287,10.154444444444444,73.5,6,0.851063829787234
ŞİLE,MEŞRUTİYET,ŞİLE|MEŞRUTİYET,2023,242,3940.5542575332547,0.0010949235363315536,70.0,69.0,16.0,16.0,8.800555555555556,3.0,1.0,0.0,289.25619834710744,16.28328205592254,1139.8297439145779,0.22857142857142856,2.9335185185185186,144.0,3,-0.07894736842105263
ŞİLE,ORUÇOĞLU,ŞİLE|ORUÇOĞLU,2023,5240,85324.39797303411,0.023708261695774138,116.0,116.0,6.0,6.0,12.994444444444444,3.0,0.0,0.0,22.137404580152673,16.28328205592254,1888.8607184870148,0.05172413793103448,4.3314814814814815,80.4,5,0.36470588235294116
ŞİLE,OSMANKÖY,ŞİLE|OSMANKÖY,2023,3020,49175.511808886076,0.013663921817030134,52.0,52.0,1.0,1.0,5.812222222222222,2.0,0.0,0.0,17.218543046357617,16.28328205592254,846.7306669079721,0.019230769230769232,2.906111111111111,29.0,6,1.3636363636363635
ŞİLE,OVACIK,ŞİLE|OVACIK,2023,1820,29635.573341779025,0.008234548909600941,29.0,29.0,2.0,2.0,6.05,1.0,0.0,0.0,15.934065934065933,16.28328205592254,472.2151796217537,0.06896551724137931,6.05,39.333333333333336,3,-0.12121212121212122
ŞİLE,SAHİLKÖY,ŞİLE|SAHİLKÖY,2023,1098,17879.043697402947,0.00496787621029771,229.0,229.0,39.0,39.0,16.16472222222222,3.0,1.0,1.0,208.56102003642988,16.283282055922538,3728.871590806261,0.1703056768558952,5.38824074074074,81.0,4,0.991304347826087
ŞİLE,SATMAZLI,ŞİLE|SATMAZLI,2023,5460,88906.72002533707,0.024703646728802823,71.0,71.0,4.0,4.0,0.0,0.0,0.0,0.0,13.003663003663004,16.28328205592254,1156.1130259705005,0.056338028169014086,0.0,77.0,5,0.868421052631579
ŞİLE,SOFULAR,ŞİLE|SOFULAR,2023,3550,57805.65129852502,0.016061894851144693,62.0,62.0,1.0,1.0,21.733333333333334,1.0,0.0,2.0,17.464788732394364,16.28328205592254,1009.5634874671975,0.016129032258064516,21.733333333333334,116.0,4,0.34782608695652173
ŞİLE,SORTULLU,ŞİLE|SORTULLU,2023,1730,28170.077956745998,0.007827345941543752,12.0,12.0,0.0,0.0,0.0,0.0,0.0,0.0,6.936416184971098,16.28328205592254,195.3993846710705,0.0,0.0,27.25,4,0.0
ŞİLE,SOĞULLU,ŞİLE|SOĞULLU,2023,2010,32729.39693240431,0.009094199619943897,10.0,10.0,0.0,0.0,6.828333333333333,1.0,0.0,0.0,4.975124378109452,16.28328205592254,162.8328205592254,0.0,6.828333333333333,44.666666666666664,6,-0.3333333333333333
ŞİLE,TEKE,ŞİLE|TEKE,2023,5090,82881.90566464573,0.02302959008234549,42.0,42.0,5.0,5.0,1.8166666666666667,1.0,2.0,0.0,8.251473477406678,16.28328205592254,683.8978463487467,0.11904761904761904,1.8166666666666667,19.428571428571427,7,0.16666666666666666
ŞİLE,ULUPELİT,ŞİLE|ULUPELİT,2023,2240,36474.55180526649,0.010134829427201158,24.0,24.0,6.0,6.0,16.389722222222222,4.0,0.0,0.0,10.714285714285714,16.28328205592254,390.798769342141,0.25,4.0974305555555555,62.8,5,1.0
ŞİLE,YAKA,ŞİLE|YAKA,2023,4520,73600.43489276989,0.020450637951316623,19.0,19.0,6.0,6.0,0.0,0.0,0.0,0.0,4.20353982300885,16.28328205592254,309.3823590625283,0.3157894736842105,0.0,29.333333333333332,3,-0.24
ŞİLE,YAYLALI,ŞİLE|YAYLALI,2023,830,13515.12410641571,0.0037553162609718577,7.0,7.0,0.0,0.0,0.0,0.0,0.0,0.0,8.433734939759036,16.28328205592254,113.98297439145779,0.0,0.0,45.2,5,0.4
ŞİLE,YAZIMANAYIR,ŞİLE|YAZIMANAYIR,2023,2100,34194.892317437334,0.009501402588001086,25.0,25.0,0.0,0.0,0.0,0.0,0.0,0.0,11.904761904761903,16.28328205592254,407.0820513980635,0.0,0.0,26.4,5,0.041666666666666664
ŞİLE,YENİKÖY,ŞİLE|YENİKÖY,2023,4750,77345.58976563207,0.021491267758573886,20.0,20.0,2.0,2.0,2.9994444444444444,1.0,0.0,0.0,4.2105263157894735,16.28328205592254,325.6656411184508,0.1,2.9994444444444444,69.375,8,0.05263157894736842
ŞİLE,YEŞİLVADİ,ŞİLE|YEŞİLVADİ,2023,4010,65295.961044249394,0.018143154465659218,43.0,43.0,16.0,16.0,14.619166666666665,2.0,0.0,0.0,10.723192019950124,16.28328205592254,700.1811284046693,0.37209302325581395,7.309583333333332,85.66666666666667,9,-0.06521739130434782
ŞİLE,ÇATAKLI,ŞİLE|ÇATAKLI,2023,2510,40871.037960365575,0.011356438331372726,4.0,4.0,0.0,0.0,6.828333333333333,1.0,0.0,0.0,1.5936254980079683,16.28328205592254,65.13312822369016,0.0,6.828333333333333,17.666666666666668,3,-0.5
ŞİLE,ÇAVUŞ,ŞİLE|ÇAVUŞ,2023,11200,182372.75902633247,0.05067414713600579,594.0,594.0,155.0,155.0,79.70388888888888,24.0,1.0,0.0,53.035714285714285,16.28328205592254,9672.26954121799,0.2609427609427609,3.3209953703703703,134.8,5,0.27467811158798283
ŞİLE,ÇAYIRBAŞI,ŞİLE|ÇAYIRBAŞI,2023,1309,21314.816211202604,0.0059225409465206765,100.0,100.0,14.0,14.0,6.35,1.0,1.0,0.0,76.39419404125286,16.283282055922538,1628.3282055922537,0.14,6.35,137.25,4,0.0
ŞİLE,ÇELEBİ,ŞİLE|ÇELEBİ,2023,3370,54874.66052845896,0.015247488915030314,38.0,38.0,3.0,3.0,0.0,0.0,0.0,0.0,11.275964391691394,16.28328205592254,618.7647181250566,0.07894736842105263,0.0,48.333333333333336,3,-0.19148936170212766
ŞİLE,ÇENGİLLİ,ŞİLE|ÇENGİLLİ,2023,2160,35171.88924079269,0.009772871233372546,29.0,29.0,1.0,1.0,3.2488888888888887,1.0,0.0,0.0,13.425925925925926,16.28328205592254,472.2151796217537,0.034482758620689655,3.2488888888888887,16.666666666666668,3,0.2608695652173913
ŞİLE,ÜVEZLİ,ŞİLE|ÜVEZLİ,2023,5930,96559.86259162067,0.026830151117545924,139.0,139.0,35.0,35.0,14.619166666666665,2.0,0.0,0.0,23.440134907251267,16.28328205592254,2263.3762057732333,0.2517985611510791,7.309583333333332,72.33333333333333,6,-0.014184397163120567
ŞİLE,İMRENDERE,ŞİLE|İMRENDERE,2023,4290,69855.2800199077,0.01941000814405936,65.0,65.0,16.0,16.0,8.303055555555556,3.0,0.0,0.0,15.151515151515152,16.28328205592254,1058.413333634965,0.24615384615384617,2.767685185185185,173.0,7,0.1016949152542373
ŞİLE,İMRENLİ,ŞİLE|İMRENLİ,2023,4280,69692.44719934848,0.019364763369830784,90.0,90.0,17.0,17.0,3.8144444444444443,2.0,0.0,0.0,21.02803738317757,16.28328205592254,1465.4953850330287,0.18888888888888888,1.9072222222222222,137.33333333333334,3,0.6363636363636364
ŞİLE,İSAKÖY,ŞİLE|İSAKÖY,2023,3530,57479.98565740657,0.01597140530268754,61.0,61.0,4.0,4.0,0.0,0.0,0.0,0.0,17.280453257790366,16.28328205592254,993.280205411275,0.06557377049180328,0.0,52.2,5,1.103448275862069
ŞİLE,ŞUAYİPLİ,ŞİLE|ŞUAYİPLİ,2023,3080,50152.508732241426,0.013935390462401593,45.0,45.0,4.0,4.0,0.0,0.0,0.0,0.0,14.61038961038961,16.28328205592254,732.7476925165143,0.08888888888888889,0.0,66.16666666666667,6,-0.21052631578947367
ŞİŞLİ,19 MAYIS,ŞİŞLİ|19 MAYIS,2023,10886,887409.6658925505,0.04336378012978063,150.0,150.0,273.5,270.0,145.89291666666668,15.0,2.0,0.0,13.77916590115745,81.51843339082771,12227.765008624156,1.8233333333333333,9.726194444444445,257.25,4,-0.4094488188976378
ŞİŞLİ,BOZKURT,ŞİŞLİ|BOZKURT,2023,9914,808173.748636666,0.039491871780878665,248.0,248.0,105.0,105.0,145.89291666666668,11.0,2.0,0.0,25.015130119023603,81.51843339082772,20216.571480925275,0.42338709677419356,13.262992424242425,154.8,5,-0.43891402714932126
ŞİŞLİ,CUMHURİYET,ŞİŞLİ|CUMHURİYET,2023,7576,617583.6513689108,0.03017857783053629,106.0,106.0,83.0,83.0,13.061388888888889,7.0,4.0,0.0,13.99155227032735,81.51843339082772,8640.953939427738,0.7830188679245284,1.8659126984126984,206.5,8,-0.43617021276595747
ŞİŞLİ,DUATEPE,ŞİŞLİ|DUATEPE,2023,7615,620762.870271153,0.030333932177868776,184.0,184.0,97.0,97.0,145.89291666666668,15.0,1.0,0.0,24.162836506894287,81.51843339082771,14999.391743912298,0.5271739130434783,9.726194444444445,183.2,5,-0.352112676056338
ŞİŞLİ,ERGENEKON,ŞİŞLİ|ERGENEKON,2023,2254,183742.54886292567,0.008978684586857022,70.0,70.0,14.0,14.0,145.89291666666668,9.0,0.0,0.0,31.055900621118013,81.51843339082771,5706.290337357939,0.2,16.210324074074077,167.16666666666666,6,-0.13580246913580246
ŞİŞLİ,ESENTEPE,ŞİŞLİ|ESENTEPE,2023,7006,571118.144336139,0.027908014292599953,148.0,148.0,33.0,33.0,145.89291666666668,5.0,2.0,0.0,21.1247502141022,81.51843339082771,12064.728141842501,0.22297297297297297,29.178583333333336,204.91666666666666,12,-0.2780487804878049
ŞİŞLİ,ESKİŞEHİR,ŞİŞLİ|ESKİŞEHİR,2023,11534,940233.6107298069,0.045945052362381944,294.0,294.0,69.0,69.0,145.89291666666668,11.0,0.0,0.0,25.48985607768337,81.51843339082772,23966.41941690335,0.23469387755102042,13.262992424242425,141.83333333333334,6,-0.11711711711711711
ŞİŞLİ,FERİKÖY,ŞİŞLİ|FERİKÖY,2023,13589,1107753.9913479579,0.054131031433362946,120.0,119.0,98.0,98.0,145.89291666666668,12.0,4.0,0.0,8.83067186695121,81.51843339082772,9782.212006899326,0.8166666666666667,12.157743055555557,236.5,6,-0.3142857142857143
ŞİŞLİ,FULYA,ŞİŞLİ|FULYA,2023,16666,1358586.2108915346,0.06638809109341576,277.0,277.0,174.0,174.0,145.89291666666668,16.0,1.0,0.0,16.620664826593064,81.51843339082771,22580.606049259277,0.628158844765343,9.118307291666667,269.42857142857144,7,-0.1580547112462006
ŞİŞLİ,GÜLBAHAR,ŞİŞLİ|GÜLBAHAR,2023,23800,1940138.7147016998,0.09480598632085055,292.0,292.0,117.0,117.0,145.89291666666668,8.0,2.0,0.0,12.268907563025211,81.51843339082772,23803.382550121696,0.4006849315068493,18.236614583333335,224.42857142857142,7,-0.4089068825910931
ŞİŞLİ,HALASKARGAZİ,ŞİŞLİ|HALASKARGAZİ,2023,1672,136298.82062946394,0.006660319711279921,107.0,107.0,53.0,53.0,25.773888888888887,10.0,2.0,0.0,63.995215311004785,81.51843339082771,8722.472372818565,0.4953271028037383,2.5773888888888887,120.0,5,-0.7011173184357542
ŞİŞLİ,HALİDE EDİP ADIVAR,ŞİŞLİ|HALİDE EDİP ADIVAR,2023,16596,1352879.920554177,0.06610924995717797,225.0,225.0,92.0,92.0,25.235555555555557,8.0,2.0,0.0,13.557483731019524,81.51843339082772,18341.647512936237,0.4088888888888889,3.1544444444444446,184.0,5,-0.25
ŞİŞLİ,HALİL RIFAT PAŞA,ŞİŞLİ|HALİL RIFAT PAŞA,2023,6651,542179.1004823952,0.02649389138739399,77.0,77.0,13.0,13.0,3.832222222222222,1.0,0.0,0.0,11.577206435122537,81.51843339082772,6276.919371093734,0.16883116883116883,3.832222222222222,244.5,6,-0.2803738317757009
ŞİŞLİ,HARBİYE,ŞİŞLİ|HARBİYE,2023,2217,180726.36682746507,0.00883129712913133,94.0,94.0,35.0,35.0,38.55027777777778,11.0,14.0,0.0,42.39963915200722,81.51843339082772,7662.732738737806,0.3723404255319149,3.504570707070707,116.77777777777777,9,-0.2878787878787879
ŞİŞLİ,KAPTANPAŞA,ŞİŞLİ|KAPTANPAŞA,2023,3208,261511.13431777532,0.012778890929297838,29.0,29.0,11.0,11.0,2.6666666666666665,1.0,0.0,0.0,9.03990024937656,81.51843339082771,2364.034568334004,0.3793103448275862,2.6666666666666665,343.4,5,-0.21621621621621623
ŞİŞLİ,KUŞTEPE,ŞİŞLİ|KUŞTEPE,2023,15567,1268997.452595015,0.06201028525448237,355.0,355.0,114.0,114.0,145.89291666666668,13.0,0.0,0.0,22.804650864007193,81.51843339082771,28939.04385374384,0.3211267605633803,11.222532051282052,296.8333333333333,6,-0.40436241610738255
ŞİŞLİ,MAHMUT ŞEVKET PAŞA,ŞİŞLİ|MAHMUT ŞEVKET PAŞA,2023,18044,1470918.6121040953,0.07187727803249694,228.0,228.0,47.0,45.0,1.3666666666666667,1.0,0.0,0.0,12.635779206384393,81.51843339082771,18586.202813108717,0.20614035087719298,1.3666666666666667,275.8,5,-0.34104046242774566
ŞİŞLİ,MECİDİYEKÖY,ŞİŞLİ|MECİDİYEKÖY,2023,18893,1540127.762052908,0.07525922267058106,304.0,304.0,112.0,107.0,145.89291666666668,9.0,3.0,0.0,16.09061557190494,81.51843339082772,24781.603750811628,0.3684210526315789,16.210324074074077,310.8,5,-0.28132387706855794
ŞİŞLİ,SARIYER MERKEZ,ŞİŞLİ|SARIYER MERKEZ,2023,1289,105077.26064077693,0.005134660351578838,422.0,422.0,238.0,238.0,37.55222222222222,11.0,2.0,0.0,327.3855702094647,81.51843339082772,34400.7788909293,0.5639810426540285,3.4138383838383835,261.5,12,0.14054054054054055
ŞİŞLİ,MEŞRUTİYET,ŞİŞLİ|MEŞRUTİYET,2023,7103,579025.4323750493,0.028294408438529473,110.0,110.0,74.0,74.0,145.89291666666668,8.0,1.0,0.0,15.486414191186823,81.51843339082772,8967.02767299105,0.6727272727272727,18.236614583333335,183.16666666666666,6,-0.5546558704453441
ŞİŞLİ,PAŞA,ŞİŞLİ|PAŞA,2023,18955,1545181.9049231394,0.07550619624839168,286.0,286.0,52.0,52.0,145.89291666666668,7.0,4.0,0.0,15.088367185439198,81.51843339082772,23314.27194977673,0.18181818181818182,20.84184523809524,198.875,8,-0.3222748815165877
ŞİŞLİ,TEŞVİKİYE,ŞİŞLİ|TEŞVİKİYE,2023,10735,875100.3824505355,0.04276227996446767,220.0,220.0,55.0,55.0,11.188888888888888,6.0,10.0,0.0,20.493712156497438,81.51843339082772,17934.0553459821,0.25,1.8648148148148147,158.0,9,-0.2903225806451613
ŞİŞLİ,YAYLA,ŞİŞLİ|YAYLA,2023,11398,929147.1037886543,0.045403303869119935,156.0,156.0,15.0,15.0,145.89291666666668,2.0,0.0,0.0,13.686611686260747,81.51843339082772,12716.875608969125,0.09615384615384616,72.94645833333334,248.8,5,-0.33617021276595743
ŞİŞLİ,İNÖNÜ,ŞİŞLİ|İNÖNÜ,2023,308,25107.67748437494,0.0012269009994463013,154.0,154.0,17.0,16.0,145.89291666666668,8.0,6.0,0.0,500.0,81.51843339082772,12553.838742187469,0.11038961038961038,18.236614583333335,133.83333333333334,6,-0.2968036529680365
ŞİŞLİ,İZZET PAŞA,ŞİŞLİ|İZZET PAŞA,2023,7563,616523.91173483,0.03012679304809213,136.0,136.0,108.0,108.0,18.42527777777778,5.0,1.0,0.0,17.98228216316277,81.51843339082771,11086.50694115257,0.7941176470588235,3.685055555555556,402.6666666666667,3,-0.3523809523809524
