ilce,mahalle,anahtar,yil,nufus,tuketim_dasimetrik,nufus_orani,ariza_sayisi,cevaplanan_ariza,sikayet_sayisi,cevaplanan_sikayet,kesinti_suresi_saat,kesinti_adet,egitim_tesisi_sayisi,sanayi_tesis_sayisi,ariza_yogunlugu,nufus_basi_tuketim,boru_stres_endeksi,sikayet_ariza_orani,ort_kesinti_suresi,komsu_ort_ariza,komsu_sayisi,ariza_trend
ADALAR,BURGAZADA,ADALAR|BURGAZADA,2022,0.5350307132796951,152111.90897677338,0.098556183301946,0.9126219988928206,430.0,0.6613720928498814,36.0,0.5589746607448376,4.0,0.16260831227163414,0.0,0.5475326329639948,0.9412155063581142,46989.98462021343,0.05912434991984352,0.3653166267828014,0.7690777935448372,0.0,0.24623647027160875
ADALAR,HEYBELİADA,ADALAR|HEYBELİADA,2022,0.6467000090864248,428626.16898932826,0.2777150031387319,0.8359410367612548,275.0,0.55050209871912,18.0,0.6580379188778386,3.0,0.3252166245432683,0.0,0.40004795817311656,0.9412155063581142,27903.331073446327,0.05250790976037487,0.5245046962433377,0.7690777935448372,0.0,0.24623647027160875
ADALAR,KINALIADA,ADALAR|KINALIADA,2022,0.5578368204518876,187959.9384808537,0.1217827997489014,0.8917909447313213,380.0,0.5422170729953125,12.0,0.13891549469733175,1.0,0.0,0.0,0.5139567318458169,0.9412155063581142,40789.2443816698,0.03462591236372561,0.16107185858548023,0.7690777935448372,0.0,0.24623647027160875
ADALAR,MADEN,ADALAR|MADEN,2022,0.6414314149977944,408183.1035153798,0.2644695543000627,0.7748429718513588,178.0,0.6430898052058168,26.0,0.5370818384353803,4.0,0.16260831227163414,0.0,0.36564953967070546,0.9412155063581142,18408.447583176396,0.12944860704064048,0.3440715065265418,0.653136872709057,0.244650542118226,0.24623647027160875
ADALAR,NİZAM,ADALAR|NİZAM,2022,0.6298250719291084,366521.8800376648,0.2374764595103578,0.777142113254013,184.0,0.565998471340334,20.0,0.31297393420317376,1.0,0.3252166245432683,0.0,0.3771803053265841,0.9412155063581142,18699.107281858127,0.08399694666361714,0.3628917953375239,0.6494428903412209,0.244650542118226,0.24623647027160875
ARNAVUTKÖY,ADNAN MENDERES,ARNAVUTKÖY|ADNAN MENDERES,2022,0.6526956721484102,275717.82889534504,0.0145949640040817,0.6158275425252098,64.0,0.44255177548375724,11.0,0.5262588051047247,2.0,0.257728077256096,0.0,0.25645208099615885,0.6751089155944487,3772.918761877717,0.1183279956355462,0.46536060128995327,0.5996854617974541,0.686820903599663,0.24623647027160875
ARNAVUTKÖY,ANADOLU,ARNAVUTKÖY|ANADOLU,2022,0.9220467226119146,3352238.3199283513,0.1774487990438535,0.9254077740613651,529.0,1.0,270.0,0.8207255702422869,14.0,0.42033638952773006,0.0,0.22263092561910533,0.6751089155944487,31185.531641145502,0.3109133039489857,0.38390792066383533,0.7010894227775327,0.5680609671737329,0.24623647027160875
ARNAVUTKÖY,ARNAVUTKÖY MERKEZ,ARNAVUTKÖY|ARNAVUTKÖY MERKEZ,2022,0.8100742457685716,1186759.8061775048,0.0628204448078189,0.8384715491319733,293.0,0.8288514243257132,104.0,0.6596596924578093,7.0,0.0,0.0,0.2619503336298725,0.6751089155944487,17272.89370672142,0.2266242525573699,0.3595010687250374,0.7186370974009674,0.7755238700769802,0.24623647027160875
ARNAVUTKÖY,ATATÜRK,ARNAVUTKÖY|ATATÜRK,2022,0.7626124024118047,764192.9048472006,0.040452109981807,0.6670780086228785,91.0,0.6698544548109717,42.0,0.736608130361042,10.0,0.0,0.0,0.19872162050691639,0.6751089155944487,5364.618864544878,0.28311993794158374,0.36675947249753205,0.7337605517250888,0.6324124771567161,0.24623647027160875
ARNAVUTKÖY,BAKLALI,ARNAVUTKÖY|BAKLALI,2022,0.44345630443850087,39556.69514406168,0.0020939108075131,0.6999973177217712,114.0,0.5584187769777513,22.0,0.3871014121338463,3.0,0.0,0.0,0.4907156040329582,0.6751089155944487,6720.511544594682,0.13164611818655403,0.2526964313196082,0.6389771778336191,0.5680609671737329,0.24623647027160875
ARNAVUTKÖY,BALABAN,ARNAVUTKÖY|BALABAN,2022,0.3528342806094592,17037.086284104065,0.0009018483209706,0.6793789016653243,99.0,0.34655868922470867,6.0,0.5693776547950605,3.0,0.0,0.0,0.557369581826726,0.6751089155944487,5836.2337097795935,0.04389821950888257,0.4305537485528693,0.42826942553275754,0.7755238700769802,0.24623647027160875
ARNAVUTKÖY,BOLLUCA,ARNAVUTKÖY|BOLLUCA,2022,0.72759086725189,552260.9837698508,0.0292336161621204,0.601539747340635,58.0,0.681865472834328,45.0,0.5983685644504791,4.0,0.0,0.0,0.1883112823703744,0.6751089155944487,3419.207627951681,0.428448634858393,0.40444530317537214,0.5830406066201234,0.686820903599663,0.24623647027160875
ARNAVUTKÖY,BOYALIK,ARNAVUTKÖY|BOYALIK,2022,0.38339064094673475,22637.512571266303,0.0011983036513934,0.6793789016653243,99.0,0.45680705642095987,12.0,0.6171936936381185,4.0,0.0,0.0,0.5303323468752256,0.6751089155944492,5836.233709779594,0.0853563567293181,0.42351535768025916,0.4762991795729533,0.6324124771567161,0.24623647027160875
ARNAVUTKÖY,BOĞAZKÖY İSTİKLAL,ARNAVUTKÖY|BOĞAZKÖY İSTİKLAL,2022,0.7563802067848241,721275.9539308416,0.0381803259760401,0.7970313533507207,221.0,0.8201620943739552,99.0,0.7568755858097674,14.0,0.16260831227163414,0.1178156039716956,0.281363524538754,0.6751089155944487,13028.360099608992,0.2761582591723217,0.3248937797002692,0.5953078930010061,0.8770630192749421,0.24623647027160875
ARNAVUTKÖY,DELİKLİKAYA,ARNAVUTKÖY|DELİKLİKAYA,2022,0.7160104180267105,496020.9134756111,0.0262565805281897,0.7331729696376514,143.0,0.7168987767944389,55.0,0.9160365793969579,18.0,0.0,0.1178156039716956,0.27586319414801613,0.6751089155944487,8430.115358570523,0.24278284450028356,0.4281460206889133,0.7591333386625424,0.6324124771567161,0.24623647027160875
ARNAVUTKÖY,DURSUNKÖY,ARNAVUTKÖY|DURSUNKÖY,2022,0.3940496727041987,24995.58679743987,0.0013231269484136,0.5964521654542685,56.0,0.4822927351010046,14.0,0.6965509754199704,8.0,0.0,0.0,0.4668399385749619,0.6751089155944487,3301.3039166430017,0.166477249407549,0.3699931904654067,0.6218353196636488,0.733951626354678,0.24623647027160875
ARNAVUTKÖY,DURUSU,ARNAVUTKÖY|DURUSU,2022,0.45799596895294403,45275.025142532606,0.0023966073027869,0.5771221877540679,49.0,0.0,0.0,0.5666295434362066,2.0,0.0,0.0,0.39815586522582325,0.6751089155944492,2888.6409270626273,0.0,0.5092911256389829,0.6833063126375861,0.489301084236452,0.24623647027160875
ARNAVUTKÖY,FATİH,ARNAVUTKÖY|FATİH,2022,0.6297110212460663,222779.06251774833,0.0117926809859792,0.6518905833042214,82.0,0.55050209871912,21.0,0.6890747729285897,8.0,0.0,0.0,0.2980262024020153,0.6751089155944492,4834.052163655825,0.17010769206856957,0.3628917953375239,0.6916733136666231,0.5680609671737329,0.24623647027160875
ARNAVUTKÖY,HACIMAŞLI,ARNAVUTKÖY|HACIMAŞLI,2022,0.33596327408367543,14561.108346621812,0.0007707838590994,0.5065998347714329,30.0,0.5732687026608015,24.0,0.4125271136093516,2.0,0.0,0.1178156039716956,0.45890300138418266,0.6751089155944487,1768.55566963018,0.438520883238763,0.34517022049587565,0.6861577844746756,0.686820903599663,0.24623647027160875
ARNAVUTKÖY,HADIMKÖY,ARNAVUTKÖY|HADIMKÖY,2022,0.8395113837444518,1559276.582057275,0.082539405154578,0.8486497400262334,314.0,0.8541108057250867,120.0,0.9708628896996425,25.0,0.257728077256096,0.6227028546485959,0.2438769332499031,0.6751089155944492,18510.88267546255,0.24146169222544347,0.41793440438953644,0.5039876694221149,0.6324124771567161,0.24623647027160875
ARNAVUTKÖY,HARAÇÇI,ARNAVUTKÖY|HARAÇÇI,2022,0.7168147311592208,499734.88038183446,0.0264531772209965,0.7756133404638514,191.0,0.681865472834328,45.0,0.8962876718293038,14.0,0.16260831227163414,0.1178156039716956,0.30146504470912777,0.6751089155944487,11259.80442997881,0.1578340780235811,0.4581551058386868,0.544889450891453,0.7755238700769802,0.24623647027160875
ARNAVUTKÖY,HASTANE,ARNAVUTKÖY|HASTANE,2022,0.6459909684608877,259093.40560082137,0.0137149597600896,0.7990115878354371,224.0,0.9738392885373662,236.0,0.8782555170384627,13.0,0.257728077256096,0.27355936087800314,0.3770872222725384,0.6751089155944487,13205.215666572009,0.5368462197463384,0.45476763944857,0.5675461687853022,0.6324124771567161,0.24623647027160875
ARNAVUTKÖY,HİCRET,ARNAVUTKÖY|HİCRET,2022,0.6342909237983861,232447.16684505995,0.0123044565037618,0.5679940031006545,46.0,0.5147634633977843,17.0,0.6581631376856,4.0,0.0,0.0,0.24234289129208866,0.6751089155944487,2711.785360099609,0.2346291623075225,0.4657523590196171,0.652116527879774,0.686820903599663,0.24623647027160875
ARNAVUTKÖY,KARABURUN,ARNAVUTKÖY|KARABURUN,2022,0.5255666975722754,84772.76843093995,0.0044873975278746,0.7062759356514878,119.0,0.685695640581381,46.0,0.7102332681799913,7.0,0.0,0.0,0.4226431012921908,0.6751089155944487,7015.27082286638,0.2438270077143087,0.40848675411278806,0.5150349487944904,0.489301084236452,0.24623647027160875
ARNAVUTKÖY,KARLIBAYIR,ARNAVUTKÖY|KARLIBAYIR,2022,0.7665569762259801,792666.6511282466,0.0419593512933253,0.7717206277031763,186.0,0.685695640581381,46.0,0.60418767447388,6.0,0.16260831227163414,0.0,0.2574165484588437,0.6751089155944487,10965.045151707114,0.16487110348120204,0.33516591468675017,0.6970634111180507,0.5680609671737329,0.24623647027160875
ARNAVUTKÖY,MAREŞAL FEVZİ ÇAKMAK,ARNAVUTKÖY|MAREŞAL FEVZİ ÇAKMAK,2022,0.6808386480868226,357955.6675331484,0.0189481764876596,0.7268943517079348,137.0,0.7540771607483552,68.0,0.8919294447479715,14.0,0.257728077256096,0.0,0.30159081322474096,0.6751089155944487,8076.404224644488,0.3006816366920112,0.45376132220283927,0.6538340077345822,0.733951626354678,0.24623647027160875
ARNAVUTKÖY,MAVİGÖL,ARNAVUTKÖY|MAVİGÖL,2022,0.7319666579492489,575134.3037637345,0.030444402143216,0.657128716539563,85.0,0.7002421659594933,50.0,0.662864391786023,6.0,0.0,0.0,0.21699910920992418,0.6751089155944492,5010.907730618844,0.34514235787485353,0.39128284471315145,0.34558027600668323,0.3877619350384901,0.24623647027160875
ARNAVUTKÖY,MEHMET AKİF ERSOY,ARNAVUTKÖY|MEHMET AKİF ERSOY,2022,0.6926820869194362,399516.7257694576,0.0211481870976399,0.6851649473375734,103.0,0.5335277430435542,19.0,0.7646770649317599,8.0,0.3252166245432683,0.0,0.265821400220375,0.6751089155944487,6072.04113239695,0.12630109966111058,0.43674552415919293,0.6127396909475729,0.6324124771567161,0.24623647027160875
ARNAVUTKÖY,MUSTAFA KEMALPAŞA,ARNAVUTKÖY|MUSTAFA KEMALPAŞA,2022,0.7674991204887156,799622.9700954586,0.0423275800195348,0.8509730203889443,319.0,0.8072375489127069,92.0,0.8224425335015858,12.0,0.257728077256096,0.0,0.30538526627887363,0.6751089155944487,18805.641953734244,0.18905178439315395,0.4149619200278765,0.6780489296877729,0.686820903599663,0.24623647027160875
ARNAVUTKÖY,NENEHATUN,ARNAVUTKÖY|NENEHATUN,2022,0.7084194427380964,462300.452041329,0.0244716073808015,0.7300670600969674,140.0,0.685695640581381,46.0,0.7660700982376761,9.0,0.257728077256096,0.0,0.28030444505756197,0.6751089155944487,8253.259791607506,0.21195725348194955,0.4151422394065281,0.7508660094199334,0.5680609671737329,0.24623647027160875
ARNAVUTKÖY,SAZLIBOSNA,ARNAVUTKÖY|SAZLIBOSNA,2022,0.4895078221283244,60661.45946831516,0.0032110793158435,0.5964521654542685,56.0,0.34655868922470867,6.0,0.6640834508689758,6.0,0.257728077256096,0.0,0.3832307345349985,0.6751089155944487,3301.3039166430017,0.07593543656634254,0.39247820522767524,0.5775023701393924,0.7755238700769802,0.24623647027160875
ARNAVUTKÖY,TAYAKADIN,ARNAVUTKÖY|TAYAKADIN,2022,0.6043569048096508,176089.19283951155,0.0093211797049801,0.8966057160198774,435.0,0.7641133897256306,72.0,0.7122503791933764,9.0,0.257728077256096,0.0,0.47609893937075,0.6751089155944487,25644.057209637605,0.11426941615666207,0.3631624739605669,0.5347912429614005,0.7755238700769802,0.24623647027160875
ARNAVUTKÖY,TAŞOLUK,ARNAVUTKÖY|TAŞOLUK,2022,0.7719987322741289,833697.1426636667,0.0441312766614761,0.715796997378795,127.0,0.7168987767944389,55.0,0.8258329519049651,12.0,0.0,0.0,0.21959485391959022,0.6751089155944487,7486.885668101095,0.2684450303002186,0.41829317001026023,0.6459424466278432,0.6324124771567161,0.24623647027160875
ARNAVUTKÖY,TERKOS,ARNAVUTKÖY|TERKOS,2022,0.47732890296698166,54176.75534633784,0.002867815249038,0.7268943517079348,137.0,0.3703400875697301,7.0,0.209896022485247,1.0,0.0,0.0,0.47831491805964255,0.6751089155944487,8076.404224644488,0.03717766641310514,0.24337344458989185,0.5824925699879687,0.733951626354678,0.24623647027160875
ARNAVUTKÖY,YASSIÖREN,ARNAVUTKÖY|YASSIÖREN,2022,0.43936806233879966,38082.8987527032,0.0020158962468755,0.5771221877540679,49.0,0.7461604824897238,65.0,0.8733109783465128,13.0,0.0,0.18673331429495207,0.4144335802221072,0.6751089155944487,2888.640927062627,0.6299521141937704,0.4497902087187785,0.562466429527056,0.812711509291959,0.24623647027160875
ARNAVUTKÖY,YAVUZ SELİM,ARNAVUTKÖY|YAVUZ SELİM,2022,0.5096906549138202,73159.2528670351,0.0038726427900503,0.8458126284719526,308.0,0.7994078953007748,88.0,0.8452987714301943,16.0,0.0,0.0,0.526714732796218,0.6751089155944487,18157.17154153651,0.1874942587864592,0.3822251505018406,0.7082167056355526,0.5680609671737329,0.24623647027160875
ARNAVUTKÖY,YENİKÖY,ARNAVUTKÖY|YENİKÖY,2022,0.5314009755545012,89488.9168832871,0.0047370441219149,0.6588342298013938,86.0,0.6931173784494173,48.0,0.6254670621795161,4.0,0.0,0.0,0.3869989592917122,0.6751089155944487,5069.859586273182,0.3308695757219018,0.4319663825177924,0.6694247883035861,0.6324124771567161,0.24623647027160875
ARNAVUTKÖY,YEŞİLBAYIR,ARNAVUTKÖY|YEŞİLBAYIR,2022,0.6775575601768694,347226.4298040586,0.0183802304862179,0.6763984921356606,97.0,0.55050209871912,21.0,0.7126322996430261,9.0,0.0,0.4815669033537717,0.2730267553441778,0.6751089155944487,5718.329998470915,0.14620701940084227,0.36352288903337243,0.6343275391981965,0.6324124771567161,0.24623647027160875
ARNAVUTKÖY,YUNUS EMRE,ARNAVUTKÖY|YUNUS EMRE,2022,0.8061025395080378,1143842.855261146,0.060548660802052,0.7477913802250158,158.0,0.7488386673333082,66.0,0.6835270388042539,8.0,0.16260831227163414,0.0,0.21123138515918471,0.6751089155944487,9314.393193385613,0.26041108145480973,0.3576534492564837,0.7438881244735227,0.5680609671737329,0.24623647027160875
ARNAVUTKÖY,ÇİLİNGİR,ARNAVUTKÖY|ÇİLİNGİR,2022,0.5048972030636785,69975.85266170077,0.0037041313390731,0.7025409195964298,116.0,0.49378678342630683,15.0,0.5717035535734887,5.0,0.257728077256096,0.0,0.43834087396498556,0.6751089155944487,6838.415255903361,0.09072554747940594,0.3371410219880835,0.5895200735400267,0.686820903599663,0.24623647027160875
ARNAVUTKÖY,ÖMERLİ,ARNAVUTKÖY|ÖMERLİ,2022,0.7036403640850123,442256.8211188536,0.0234106093561302,0.715796997378795,127.0,0.7104218471683882,53.0,0.9200750866160076,20.0,0.16260831227163414,0.6270061727930899,0.2755089390797532,0.6751089155944487,7486.885668101095,0.2602012503481984,0.4116371226353332,0.7263617887333279,0.812711509291959,0.24623647027160875
ARNAVUTKÖY,İMRAHOR,ARNAVUTKÖY|İMRAHOR,2022,0.7444944930506259,645994.4342602504,0.0341953422186716,0.8389724842620407,294.0,0.7434414077513606,64.0,0.6455040050046698,4.0,0.16260831227163414,0.1178156039716956,0.31747799038938085,0.6751089155944492,17331.845562375765,0.1469378343147278,0.45260046489474115,0.6282130785446383,0.8770630192749421,0.24623647027160875
ARNAVUTKÖY,İSLAMBEY,ARNAVUTKÖY|İSLAMBEY,2022,0.807504948672042,1158816.626597348,0.06134128873813,0.885724964906657,404.0,0.9071762093880261,162.0,0.8135914837883321,12.0,0.16260831227163414,0.0,0.2930795673775256,0.6751089155944487,23816.54968435309,0.25155405783916235,0.40630636393287517,0.7165426000799673,0.7755238700769802,0.24623647027160875
ATAŞEHİR,ATATÜRK,ATAŞEHİR|ATATÜRK,2022,0.847261427925779,1661274.2379972714,0.0681475407084505,0.9076834539333167,469.0,0.6779511188716084,44.0,0.7765325007367729,10.0,0.6504332490865365,0.0,0.2732084912636679,0.670567660542699,27414.152127677433,0.06690100193836329,0.4051237783189845,0.8825830191676788,0.733951626354678,0.24623647027160875
ATAŞEHİR,AŞIKVEYSEL,ATAŞEHİR|AŞIKVEYSEL,2022,0.7711260042514831,819969.5651323219,0.0336361739931087,0.9038679329627234,457.0,0.7540771607483552,68.0,0.6589128119835739,7.0,0.257728077256096,0.0,0.3353995601699808,0.6705676605426986,26712.723928248583,0.10348885350305366,0.358793319228875,0.9056340961624175,0.686820903599663,0.24623647027160875
ATAŞEHİR,BARBAROS,ATAŞEHİR|BARBAROS,2022,0.8581404248532057,1837624.9778036736,0.0753816679494834,1.0,872.75,0.6613720928498814,40.0,0.5939337195945336,4.0,0.6504332490865365,0.1178156039716956,0.3211461743520387,0.6705676605426986,51306.55017072252,0.03324658112285889,0.39998626092560385,0.905083731086589,0.812711509291959,0.24623647027160875
ATAŞEHİR,ESATPAŞA,ATAŞEHİR|ESATPAŞA,2022,0.8413104595441877,1572075.951969903,0.0644885157930325,1.0,872.75,0.9381841291659658,193.0,0.7042562060692502,16.0,0.3252166245432683,0.0,0.3355656436661425,0.6705676605426986,51306.55017072252,0.14828042084146953,0.25809986661724044,0.8958485545071406,0.6324124771567161,0.24623647027160875
ATAŞEHİR,FERHATPAŞA,ATAŞEHİR|FERHATPAŞA,2022,0.8451697121499145,1629359.254923259,0.0668383483075211,0.9968181673722251,859.0,0.8655128385815755,128.0,0.5985371910446111,5.0,0.16260831227163414,0.1178156039716956,0.33025589170080927,0.6705676605426986,50210.56860911495,0.1036278029832967,0.36272923669388313,0.7300802260340593,0.6324124771567161,0.24623647027160875
ATAŞEHİR,FETİH,ATAŞEHİR|FETİH,2022,0.7531236205315242,693887.8462849867,0.0284641446729536,0.7763797071434277,192.0,0.5869751513118114,26.0,0.6018802659807386,6.0,0.3252166245432683,0.0,0.27140262199704174,0.6705676605426986,11222.85119086155,0.09474869011016503,0.33301993241538785,0.9517782922794117,0.6324124771567161,0.24623647027160875
ATAŞEHİR,KAYIŞDAĞI,ATAŞEHİR|KAYIŞDAĞI,2022,0.8943145539359437,2570091.375057247,0.1054283528872967,1.0,872.75,1.0,270.0,0.6673383451327352,6.0,0.515456154512192,0.18673331429495207,0.2904322417082498,0.6705676605426986,51306.55017072252,0.20236114352296994,0.3956752974070271,0.8890631704652198,0.7755238700769802,0.24623647027160875
ATAŞEHİR,KÜÇÜKBAKKALKÖY,ATAŞEHİR|KÜÇÜKBAKKALKÖY,2022,0.8526776142626433,1746848.4783275905,0.0716579027505029,1.0,872.75,0.9082654845630349,163.0,0.644166131576365,7.0,0.8981770874022371,0.18673331429495207,0.32581857575590045,0.6705676605426986,51306.55017072252,0.12707924533391,0.34491954347954035,0.9818960673525088,0.5680609671737329,0.24623647027160875
ATAŞEHİR,MEVLANA,ATAŞEHİR|MEVLANA,2022,0.8036689500324757,1108841.078597102,0.0454860436733157,0.8924884649624722,423.0,0.8851035509675145,143.0,0.7900078818151032,12.0,0.42033638952773006,0.0,0.30051444410389216,0.670567660542699,24725.344029866857,0.2172674068031507,0.3835453487917481,0.8701685874896433,0.5680609671737329,0.24623647027160875
ATAŞEHİR,MUSTAFA KEMAL,ATAŞEHİR|MUSTAFA KEMAL,2022,0.7757820128585584,856151.56975286,0.0351204049384847,0.9670806909011072,702.0,0.8541108057250867,120.0,0.7822745941953656,11.0,0.16260831227163414,0.0,0.37133526640456294,0.670567660542699,41033.54966658754,0.11773261494357418,0.3925323939674232,0.9300680221106936,0.686820903599663,0.24623647027160875
ATAŞEHİR,MİMAR SİNAN,ATAŞEHİR|MİMAR SİNAN,2022,0.7335683045822009,578795.1692287035,0.0237428995494555,0.8731863195902586,371.0,0.7712860074860078,75.0,0.6756534736912466,7.0,0.0,0.0,0.348375389368342,0.670567660542699,21685.821832341848,0.13736123288513993,0.3747705775259078,0.8884499520572738,0.6324124771567161,0.24623647027160875
ATAŞEHİR,SEYMEN ÇAMLICA,ATAŞEHİR|SEYMEN ÇAMLICA,2022,0.763622456561391,764848.999127205,0.0313750596449834,0.8921401170932802,422.0,0.751477173902043,67.0,0.6734618885652148,8.0,0.16260831227163414,0.1178156039716956,0.33446535562198304,0.6705676605426986,24666.891679914446,0.1099364830533864,0.3482192670535027,0.8545908131994224,0.733951626354678,0.24623647027160875
ATAŞEHİR,YENİSAHRA,ATAŞEHİR|YENİSAHRA,2022,0.7342846019130781,582653.0243255622,0.0239011535759415,0.9509064539374898,629.0,0.5869751513118114,26.0,0.5845776633353442,4.0,0.42033638952773006,0.1178156039716956,0.39711895503561623,0.670567660542699,36766.52812006206,0.030218175535056572,0.39062276595100226,0.9850305068059068,0.6324124771567161,0.24623647027160875
ATAŞEHİR,ESENŞEHİR,ATAŞEHİR|ESENŞEHİR,2022,0.7433768178383187,633915.7352338203,0.0260040138975808,0.8231510601501086,264.0,0.5584187769777513,22.0,0.5583576894151869,4.0,0.3775648087257248,0.0,0.3085437257692324,0.6705676605426986,15431.42038743463,0.059716221822872374,0.36471278693256504,0.8705830254564016,0.733951626354678,0.24623647027160875
ATAŞEHİR,ÖRNEK,ATAŞEHİR|ÖRNEK,2022,0.840771866675225,1564243.3370762807,0.0641672121635003,1.0,872.75,0.8403454726510154,111.0,0.590102951968422,7.0,0.3775648087257248,0.0,0.33602825898501454,0.6705676605426986,51306.55017072252,0.08883994841427471,0.29580867248578724,0.9402874043289163,0.733951626354678,0.24623647027160875
ATAŞEHİR,İNÖNÜ,ATAŞEHİR|İNÖNÜ,2022,0.8362374505503881,1499828.8474287316,0.0615248494788407,1.0,872.75,0.9539862459582813,211.0,0.7207639370725559,6.0,0.3775648087257248,0.0,0.3399257027657549,0.6705676605426986,51306.55017072252,0.16071782942351273,0.4492161531610096,0.9105444552445258,0.6324124771567161,0.24623647027160875
ATAŞEHİR,İÇERENKÖY,ATAŞEHİR|İÇERENKÖY,2022,0.9487346888722971,4257201.551733481,0.1746357160155472,1.0,872.75,1.0,270.0,0.8459374200988277,18.0,0.6191075580948862,0.4359695403536438,0.2452043520538096,0.6705676605426986,51306.55017072252,0.20236114352296994,0.36098816502970815,0.9328762583414192,0.9053145831190337,0.24623647027160875
AVCILAR,AMBARLI,AVCILAR|AMBARLI,2022,0.8765568262686554,1843302.0400354953,0.085512241093478,0.8999511032277561,445.0,1.0,270.0,0.8345340754359336,10.0,0.515456154512192,0.0,0.24432880099644433,0.5812061072113952,21995.26473643299,0.3574283097351123,0.4629960832693188,0.8822056589028567,0.5680609671737329,0.24623647027160875
AVCILAR,CİHANGİR,AVCILAR|CİHANGİR,2022,0.9361543502122344,3203499.0968487523,0.1486128595111817,0.8739773416144327,373.0,0.8481238239621675,116.0,0.7033590574645302,6.0,0.3252166245432683,0.18673331429495207,0.18233879052154392,0.5812061072113952,18436.480329639337,0.2020196723739482,0.4315636483240783,0.8022690187155959,0.686820903599663,0.24623647027160875
AVCILAR,DENİZKÖŞKLER,AVCILAR|DENİZKÖŞKLER,2022,0.8931680845258145,2150296.6226826534,0.0997539628490781,0.9208855731191061,513.0,0.9804771724770619,245.0,0.8345340754359336,10.0,0.3775648087257248,0.1178156039716956,0.24328603388295933,0.5812061072113952,25356.33889840477,0.2912653003095764,0.4629960832693188,0.811084766504454,0.5680609671737329,0.24623647027160875
AVCILAR,FİRUZKÖY,AVCILAR|FİRUZKÖY,2022,0.8303783959917563,1201188.5924152683,0.0557240898574452,0.9061056286891513,464.0,0.9027512380157316,158.0,0.759006036953371,8.0,0.0,0.18673331429495207,0.286387039422637,0.5812061072113952,22934.38839933687,0.21863540317836375,0.43105924705894644,0.7496494503532706,0.7755238700769802,0.24623647027160875
AVCILAR,GÜMÜŞPALA,AVCILAR|GÜMÜŞPALA,2022,0.8785110024821223,1877011.6367776245,0.087076055976318,0.9205982794468942,512.0,0.8355099918419872,108.0,0.7769481511352654,7.0,0.42033638952773006,0.0,0.2551336531024182,0.5812061072113952,25306.911337199304,0.1427909903310366,0.475909270335294,0.7588206397546402,0.5680609671737329,0.24623647027160875
AVCILAR,SARIYER MERKEZ,AVCILAR|SARIYER MERKEZ,2022,0.8527353301458779,1477933.5076046805,0.0685625055891477,0.8275387517123189,272.0,0.9287588645474815,183.0,0.8200011526486151,9.0,0.42033638952773006,0.0,0.22070110897719397,0.5812061072113952,13444.296647887131,0.3838415703188157,0.4693629903557042,0.8238191654594954,0.6324124771567161,0.24623647027160875
AVCILAR,MUSTAFA KEMALPAŞA,AVCILAR|MUSTAFA KEMALPAŞA,2022,0.8980409326225712,2249695.4482668485,0.1043651530681268,0.8328459878422164,282.0,0.9418188662603276,197.0,0.7644562244738186,5.0,0.257728077256096,0.1178156039716956,0.18837059641117457,0.5812061072113952,13938.572259941804,0.39525484165538166,0.5320284161406049,0.7156995912323083,0.6324124771567161,0.24623647027160875
AVCILAR,TAHTAKALE,AVCILAR|TAHTAKALE,2022,0.9137603782058072,2602756.517957502,0.1207439356313616,0.8786364210546842,385.0,0.8183721704037509,98.0,0.6543721161621944,6.0,0.6646554340887362,0.18673331429495207,0.20212764292811441,0.5812061072113952,19029.611064104945,0.16918525417617822,0.3829871213394003,0.8806609422023578,0.686820903599663,0.24623647027160875
AVCILAR,YEŞİLKENT,AVCILAR|YEŞİLKENT,2022,0.9545379794393967,3798952.9266910185,0.1762364341351897,0.9511404353569708,630.0,0.8851035509675145,143.0,0.9465991576811102,23.0,0.257728077256096,0.0,0.21179094882456417,0.5812061072113952,31139.36355944446,0.15261233236580965,0.41045263730664044,0.6999222166448906,0.812711509291959,0.24623647027160875
AVCILAR,ÜNİVERSİTE,AVCILAR|ÜNİVERSİTE,2022,0.8258103954870735,1151365.6107201574,0.0534127622886728,0.7352078329895194,145.0,0.8322118246974151,106.0,0.7830816262736968,6.0,0.456499245823252,0.0,0.18875475752058052,0.5812061072113952,7166.996374792771,0.40937442300079074,0.5138616984824205,0.813488287700423,0.6324124771567161,0.24623647027160875
BAHÇELİEVLER,BAHÇELİEVLER,BAHÇELİEVLER|BAHÇELİEVLER,2022,0.9272840730537952,2736896.666454871,0.0938831422716342,0.9064225466500359,465.0,0.8682528301014444,130.0,0.5119822854830227,4.0,0.797901198253455,0.18673331429495207,0.2074694400171037,0.541250533956321,21319.67953063147,0.1839203382051158,0.320199123633916,0.7809014004197988,0.9053145831190337,0.24623647027160875
BAHÇELİEVLER,CUMHURİYET,BAHÇELİEVLER|CUMHURİYET,2022,0.8860844082217499,1867787.3219760535,0.0640702826056527,0.8419428917405085,300.0,0.7566397364116862,69.0,0.6996279963849777,5.0,0.42033638952773006,0.0,0.2027321232725628,0.541250533956321,13754.63195524611,0.15444385152301932,0.46394477959470176,0.8652999631424819,0.686820903599663,0.24623647027160875
BAHÇELİEVLER,FEVZİ ÇAKMAK,BAHÇELİEVLER|FEVZİ ÇAKMAK,2022,0.8346115125010439,1158827.7422294847,0.0397510038013126,0.7748429718513588,190.0,0.8887757622200211,146.0,0.43201575466300446,3.0,0.257728077256096,0.0,0.20446435525305945,0.541250533956321,8711.266904989203,0.42531603419055536,0.29404626443169923,0.7988526185807281,0.5680609671737329,0.24623647027160875
BAHÇELİEVLER,HÜRRİYET,BAHÇELİEVLER|HÜRRİYET,2022,0.9050195379909479,2226324.7282761354,0.0763691094988778,0.9174005625387209,501.0,0.9723299919117818,234.0,0.8773350395755442,15.0,0.0,0.0,0.23159659430962176,0.541250533956321,22970.235365261004,0.2859361268582689,0.4256028286189253,0.874439437050687,0.5680609671737329,0.24623647027160875
BAHÇELİEVLER,KOCASINAN MERKEZ,BAHÇELİEVLER|KOCASINAN MERKEZ,2022,0.9540331209202637,3507431.148587758,0.1203146109119847,0.0,0.0,0.0,0.0,0.0,0.0,0.0,0.0,0.0,0.541250533956321,0.0,0.0,0.0,0.8468817741610007,0.0,0.24623647027160875
BAHÇELİEVLER,KOCASİNAN MERKEZ,BAHÇELİEVLER|KOCASİNAN MERKEZ,2022,0.9480842380760174,3319176.085893623,0.1138569404230356,0.9867012284008119,802.0,0.8403454726510154,111.0,0.8377275604069954,9.0,0.6504332490865365,0.1178156039716956,0.23780586181789223,0.541250533956321,36770.71609369127,0.0967090094467856,0.4875851062114928,0.8435768063075996,0.9053145831190337,0.24623647027160875
BAHÇELİEVLER,SOĞANLI,BAHÇELİEVLER|SOĞANLI,2022,0.9387857028859249,3044954.5734792,0.1044503824117339,0.943216100315426,597.0,0.8481238239621675,116.0,0.7680331622815918,7.0,0.3775648087257248,0.0,0.21967956799084506,0.541250533956321,27371.71759093976,0.13247264934089412,0.46673815401425495,0.8467789876295496,0.733951626354678,0.24623647027160875
BAHÇELİEVLER,SİYAVUŞPAŞA,BAHÇELİEVLER|SİYAVUŞPAŞA,2022,0.933977932202647,2912176.5263378904,0.0998957273372096,0.9267929978920079,534.0,1.0,270.0,0.7915579716203048,10.0,0.16260831227163414,0.0,0.21394970391756654,0.541250533956321,24483.244880338076,0.30852875934393625,0.4198880806747932,0.891501232481233,0.489301084236452,0.24623647027160875
BAHÇELİEVLER,YENİBOSNA MERKEZ,BAHÇELİEVLER|YENİBOSNA MERKEZ,2022,0.6278115581744124,170236.4948327627,0.005839583664264,0.9028984316374118,454.0,0.8387481889764207,110.0,0.8381869300867152,12.0,0.6504332490865365,0.3307502157051291,0.45953662278009794,0.541250533956321,20815.34302560578,0.16186178487489092,0.430503138170091,0.8762238049381389,0.9053145831190337,0.24623647027160875
BAHÇELİEVLER,ZAFER,BAHÇELİEVLER|ZAFER,2022,0.9659702094863927,3918006.912451854,0.1343984977187406,0.9327380433145763,556.0,0.9861767288220553,253.0,0.8018410158708357,8.0,0.456499245823252,0.0,0.19240406297527876,0.541250533956321,25491.917890389457,0.27979328177289325,0.47452236478796206,0.8291114509066853,0.6324124771567161,0.24623647027160875
BAHÇELİEVLER,ÇOBANÇEŞME,BAHÇELİEVLER|ÇOBANÇEŞME,2022,0.8656582115274826,1545470.4464914529,0.0530139203218455,0.8581708017535407,335.0,0.7869775537551676,82.0,0.6859390368983156,4.0,0.16260831227163414,0.0,0.22834311447171715,0.541250533956321,15359.339016691489,0.1633528766315652,0.4948988585455709,0.7078128450201909,0.489301084236452,0.24623647027160875
BAHÇELİEVLER,ŞİRİNEVLER,BAHÇELİEVLER|ŞİRİNEVLER,2022,0.9275979348804155,2744874.3529889137,0.0941567990337085,0.9245703531520603,526.0,0.9605831459060976,219.0,0.771049103540137,9.0,0.6504332490865365,0.0,0.21771782051909186,0.541250533956321,24116.45469486485,0.2596888908663585,0.4200646191407846,0.8650264467200035,0.733951626354678,0.24623647027160875
BAKIRKÖY,ATAKÖY 1. KISIM,BAKIRKÖY|ATAKÖY 1. KISIM,2022,0.5261645364466576,104297.51065417462,0.0066605864632562,0.4862191709889385,26.0,0.3191050796271805,5.0,0.6967575864643545,5.0,0.0,0.0,0.28095055665921664,0.7829445917385375,1875.3355995909685,0.13122402228016694,0.4609804696914991,0.4593933707743488,0.489301084236452,0.24623647027160875
BAKIRKÖY,ATAKÖY 2-5-6. KISIM,BAKIRKÖY|ATAKÖY 2-5-6. KISIM,2022,0.7584834752971508,899872.5746344968,0.0574671346580806,0.632951119078263,72.0,0.4822927351010046,14.0,0.681308834695173,6.0,0.16260831227163414,0.0,0.18256422991176194,0.7829445917385375,5193.237045021142,0.13255984089065018,0.4094862290798558,0.36796787339692044,0.5680609671737329,0.24623647027160875
BAKIRKÖY,ATAKÖY 3-4-11. KISIM,BAKIRKÖY|ATAKÖY 3-4-11. KISIM,2022,0.7128638180720446,589432.4046098996,0.0376419865682779,0.634958296354408,73.0,0.6430898052058168,36.0,0.5505879686520448,3.0,0.0,0.0,0.21914044324270732,0.7829445917385375,5265.365337313103,0.29908462331689184,0.4111425266949285,0.5493324699507417,0.6324124771567161,0.24623647027160875
BAKIRKÖY,ATAKÖY 7-8-9-10. KISIM,BAKIRKÖY|ATAKÖY 7-8-9-10. KISIM,2022,0.833612855382113,1806236.6955752703,0.1153488286396005,0.6588342298013938,86.0,0.638210159254361,35.0,0.6865918475579383,5.0,0.42033638952773006,0.0,0.14215944682106874,0.7829445917385375,6203.033137108588,0.2547352708364719,0.45052007882777656,0.7757380216085366,0.9053145831190337,0.24623647027160875
BAKIRKÖY,BASINKÖY,BAKIRKÖY|BASINKÖY,2022,0.674550608803544,413150.8582483487,0.0263843978295516,0.6135402834675385,63.0,0.6331930405551094,34.0,0.5077850075645091,3.0,0.257728077256096,0.0,0.23717422868268598,0.7829445917385375,4544.082414393501,0.3219794026672572,0.3677164164920568,0.773971210601226,0.489301084236452,0.24623647027160875
BAKIRKÖY,CEVİZLİK,BAKIRKÖY|CEVİZLİK,2022,0.6675521959928494,387184.67302324297,0.0247261605357948,0.7321449149263529,142.0,0.7002421659594933,50.0,0.6381710152251359,4.0,0.42033638952773006,0.0,0.31617730504698843,0.7829445917385375,10242.217505458366,0.22506100186790723,0.44502226382933713,0.6221836308766774,0.5680609671737329,0.24623647027160875
BAKIRKÖY,KARTALTEPE,BAKIRKÖY|KARTALTEPE,2022,0.876981038547381,2700483.263410994,0.1724566785507006,0.8914409439644058,420.0,1.0,270.0,0.8082764250110006,13.0,0.540173120997359,0.0,0.23890339110632622,0.7829445917385375,30293.88276262333,0.3741437391161913,0.385958389987161,0.6880984600841265,0.686820903599663,0.24623647027160875
BAKIRKÖY,OSMANİYE,BAKIRKÖY|OSMANİYE,2022,0.8273364083526227,1704103.0336898542,0.1088264286174907,0.8103652849815642,231.0,0.7933011506675484,85.0,0.7400484160135276,5.0,0.0,0.0,0.23096529917408276,0.7829445917385375,17455.046734654396,0.22457914788575067,0.5061543728823121,0.755053379994119,0.812711509291959,0.24623647027160875
BAKIRKÖY,SAKIZAĞACI,BAKIRKÖY|SAKIZAĞACI,2022,0.7163814027229031,608979.1718210209,0.0388902707533003,0.6670780086228785,91.0,0.685695640581381,46.0,0.6451035799058219,5.0,0.0,0.0,0.2354042598392416,0.7829445917385375,6563.674598568388,0.30522687373003343,0.40848675411278806,0.5642508224298903,0.489301084236452,0.24623647027160875
BAKIRKÖY,YENİMAHALLE,BAKIRKÖY|YENİMAHALLE,2022,0.44265096155593675,48037.442666445575,0.0030677389934499,0.5990178867163374,57.0,0.47000538508128537,13.0,0.6631087975422919,5.0,0.16260831227163414,0.0,0.42581697177539474,0.7829445917385375,4111.312660641738,0.1532724003593413,0.4265932513078268,0.7079744718507374,0.686820903599663,0.24623647027160875
BAKIRKÖY,YEŞİLKÖY,BAKIRKÖY|YEŞİLKÖY,2022,0.8335999366379212,1806020.3106983944,0.1153350099954859,0.8641930768662698,349.0,0.8668881036079373,129.0,0.6831958693067509,8.0,0.6017222572298446,0.18673331429495207,0.25809077208694087,0.7829445917385375,25172.774009894147,0.23466309315435668,0.35734160277048627,0.6653819577479214,0.733951626354678,0.24623647027160875
BAKIRKÖY,YEŞİLYURT,BAKIRKÖY|YEŞİLYURT,2022,0.716253621086,608257.8888981013,0.0388442086062515,0.5615788509140314,44.0,0.47000538508128537,13.0,0.3385933647370727,2.0,0.16260831227163414,0.0,0.17442449757469936,0.7829445917385375,3173.6448608462533,0.19312488547269716,0.2708945239323121,0.6218353196636488,0.489301084236452,0.24623647027160875
BAKIRKÖY,ZEYTİNLİK,BAKIRKÖY|ZEYTİNLİK,2022,0.6680331553217173,388915.75203825,0.024836709688712,0.6934395601552111,109.0,0.8338685430249649,107.0,0.6780481915724981,7.0,0.16260831227163414,0.0,0.2915737529290184,0.7829445917385375,7861.983859823674,0.5102494425361469,0.37707516737291846,0.6589300508031188,0.6324124771567161,0.24623647027160875
BAKIRKÖY,ZUHURATBABA,BAKIRKÖY|ZUHURATBABA,2022,0.8133347052253007,1496589.9367658845,0.0955743489115514,0.8550648922128566,328.0,0.7540771607483552,68.0,0.7307687870082011,7.0,0.456499245823252,0.0,0.2693471379846959,0.7829445917385375,23658.07987176298,0.14055711656400607,0.42892872394730874,0.7408134550438215,0.686820903599663,0.24623647027160875
BAKIRKÖY,ŞENLİKKÖY,BAKIRKÖY|ŞENLİKKÖY,2022,0.8497257544482417,2097346.4832656216,0.1339395111884955,0.8307459487640586,276.0,0.9335338405365201,188.0,0.7982020948439114,11.0,0.5829447017993643,0.0,0.22498804310543247,0.782944591738537,20051.66525716496,0.38538528224128726,0.4080006083881824,0.7048845556955726,0.686820903599663,0.24623647027160875
BAYRAMPAŞA,ALTINTEPSİ,BAYRAMPAŞA|ALTINTEPSİ,2022,0.8514218911533823,1538931.9728824636,0.1084664730311787,0.8824096511376874,395.0,0.7848187887064582,81.0,0.8292735977013468,16.0,0.42033638952773006,0.1178156039716956,0.2544032357035812,0.6092173914931412,20578.83236699188,0.13916310363916745,0.3671187884602791,0.7191330710864601,0.733951626354678,0.24623647027160875
BAYRAMPAŞA,CEVATPAŞA,BAYRAMPAŞA|CEVATPAŞA,2022,0.8022499738688202,975384.5558856252,0.0687467181722376,0.7763797071434277,192.0,0.5584187769777513,22.0,0.3979371696761377,3.0,0.3252166245432683,0.27355936087800314,0.23107019176052962,0.6092173914931412,10002.87547965175,0.08093247128699357,0.26249565431250615,0.8822056589028567,0.5680609671737329,0.24623647027160875
BAYRAMPAŞA,KARTALTEPE,BAYRAMPAŞA|KARTALTEPE,2022,0.8935540667675081,2274612.205424976,0.1603184336822933,0.87437126776053,374.0,0.8959005497300971,152.0,0.7511335982243579,17.0,0.5625323369257385,0.0,0.21554947218422735,0.6092173914931412,19484.76786140497,0.2544384649776895,0.2869103504651892,0.7994135484092759,0.6324124771567161,0.24623647027160875
BAYRAMPAŞA,KOCATEPE,BAYRAMPAŞA|KOCATEPE,2022,0.8166457199360702,1114695.436263692,0.0785655796396323,0.8711900069349573,366.0,0.751477173902043,67.0,0.7640138121632488,19.0,0.6646554340887362,0.0,0.27644760022683257,0.6092173914931412,19067.98138308615,0.12541503916064176,0.2794703152542429,0.7778186090900184,0.733951626354678,0.24623647027160875
BAYRAMPAŞA,MURATPAŞA,BAYRAMPAŞA|MURATPAŞA,2022,0.86235804525668,1703197.94364987,0.1200442105804291,0.8572900513520918,333.0,0.8128918630534874,95.0,0.6365043719794582,9.0,0.3775648087257248,0.0,0.2304803677553274,0.6092173914931412,17348.737160021003,0.18724528348141586,0.29441020745301133,0.7809607830426354,0.686820903599663,0.24623647027160875
BAYRAMPAŞA,ORTA,BAYRAMPAŞA|ORTA,2022,0.784802315416307,829665.5834034069,0.0584762037652432,0.7816356155765807,199.0,0.751477173902043,67.0,0.835000815007149,17.0,0.257728077256096,0.18673331429495207,0.24840002378696766,0.6092173914931412,10367.56364818072,0.21649866098667747,0.3613091950892049,0.7697759552802784,0.686820903599663,0.24623647027160875
BAYRAMPAŞA,TERAZİDERE,BAYRAMPAŞA|TERAZİDERE,2022,0.7833297713099132,818412.3484887987,0.0576830571396048,0.8671144644891422,356.0,0.8013978147281852,89.0,0.8282583065789455,16.0,0.257728077256096,0.0,0.3019933785029949,0.6092173914931412,18546.998285187623,0.166477249407549,0.3661693894704784,0.6782845027445786,0.733951626354678,0.24623647027160875
BAYRAMPAŞA,VATAN,BAYRAMPAŞA|VATAN,2022,0.7396236364278355,545677.6967389189,0.0384602673932281,0.7748429718513588,190.0,0.6779511188716084,44.0,0.824090221834037,15.0,0.16260831227163414,0.0,0.2817494051800844,0.6092173914931412,9898.678860072045,0.15540094529717918,0.37420373983766086,0.7314890012826338,0.489301084236452,0.24623647027160875
BAYRAMPAŞA,SEYİTNİZAM,BAYRAMPAŞA|SEYİTNİZAM,2022,0.7989516911791376,946001.1091641485,0.0666757242052927,0.8364506236377431,289.0,0.7869775537551676,82.0,0.8208923723287384,15.0,0.4878249368149024,0.1178156039716956,0.26995769843344136,0.6092173914931412,15056.411529267478,0.18634604079199593,0.37119187663509046,0.765631823571925,0.686820903599663,0.24623647027160875
BAYRAMPAŞA,YILDIRIM,BAYRAMPAŞA|YILDIRIM,2022,0.9073764029839085,2585691.2131801876,0.1822437971160307,0.8871748562238777,408.0,0.8682528301014444,130.0,0.6400980752196606,11.0,0.515456154512192,0.0,0.21203806100322298,0.6092173914931412,21256.11039425997,0.20635224652274828,0.2648352988637592,0.7805646175855212,0.812711509291959,0.24623647027160875
BAYRAMPAŞA,İSMET PAŞA,BAYRAMPAŞA|İSMET PAŞA,2022,0.7881488858475538,855818.934917913,0.0603195352748289,0.7956962740664675,219.0,0.7434414077513606,64.0,0.6312765325744646,11.0,0.3775648087257248,0.0,0.2541342673406935,0.6092173914931412,11409.529843977778,0.19126984627082072,0.2576283284189291,0.7907885981691064,0.5680609671737329,0.24623647027160875
BAĞCILAR,100. YIL,BAĞCILAR|100. YIL,2022,0.904221582757168,2415649.7425537715,0.0673847852983734,0.9619562884549585,677.0,0.8288514243257132,104.0,0.7330216123199607,14.0,0.515456154512192,0.1178156039716956,0.25890601179407635,0.5885789078311485,33979.47148239538,0.10646753643429899,0.30387762023492193,0.9486032478007788,0.6324124771567161,0.24623647027160875
BAĞCILAR,15 TEMMUZ,BAĞCILAR|15 TEMMUZ,2022,0.9518833558096528,3758289.921039571,0.1048378640980294,0.9859645214812819,798.0,0.8709513049975631,132.0,0.7452222332720471,16.0,0.42033638952773006,0.2356312079433912,0.23428962915130194,0.5885789078311485,39993.53723149191,0.11420302938898716,0.29194245783736167,0.9461730382190235,0.686820903599663,0.24623647027160875
BAĞCILAR,BARBAROS,BAĞCILAR|BARBAROS,2022,0.8427205028463567,1365643.979976094,0.038094772087041,0.849117332348145,315.0,0.7261928473473762,58.0,0.7519976166695339,6.0,0.3252166245432683,0.0,0.24153931525181724,0.5885789078311485,15786.922591378385,0.12608752239928364,0.48135233267414207,0.9093246419604231,0.6324124771567161,0.24623647027160875
BAĞCILAR,BAĞLAR,BAĞCILAR|BAĞLAR,2022,0.7634245034800762,654580.9395745811,0.0182595991863496,0.8624973656212566,345.0,0.7200509995434583,56.0,0.5508019704826324,8.0,0.5625323369257385,0.30454891826664765,0.31604321748407743,0.5885789078311485,17290.439028652516,0.112219286585896,0.24149735859214314,0.9370848206554186,0.686820903599663,0.24623647027160875
BAĞCILAR,DEMİRKAPI,BAĞCILAR|DEMİRKAPI,2022,0.9162301888296931,2700215.2869151887,0.0753227689275054,0.9892511110862622,816.0,0.9775575015816633,241.0,0.8088674389907806,14.0,0.7899480906653683,0.0,0.2655077722857911,0.5885789078311485,40895.64709385637,0.19306072254041606,0.3726655934728012,0.9096353595987305,0.686820903599663,0.24623647027160875
BAĞCILAR,FATİH,BAĞCILAR|FATİH,2022,0.8901314844448247,2119757.7076982222,0.0591308481116182,0.9783877471192274,758.0,0.8053121686909047,90.0,0.7692593729883228,9.0,0.0,0.0,0.2806517803109329,0.5885789078311485,37988.84864845972,0.08458452567232085,0.41829317001026023,0.9239603020269676,0.686820903599663,0.24623647027160875
BAĞCILAR,FEVZİ ÇAKMAK,BAĞCILAR|FEVZİ ÇAKMAK,2022,0.8651740781819798,1681783.369520268,0.0469135112086621,0.9371732656243683,572.0,0.861322152622493,125.0,0.7533256339319726,15.0,0.6017222572298446,0.0,0.27628626836877596,0.5885789078311485,28717.163951935916,0.14722145960305844,0.30981626799841117,0.9139431722378705,0.733951626354678,0.24623647027160875
BAĞCILAR,GÖZTEPE,BAĞCILAR|GÖZTEPE,2022,0.8383802809340151,1311767.974307104,0.0365918956514445,0.8797785577586018,387.0,0.8481238239621675,116.0,0.692056525840959,9.0,0.257728077256096,0.0,0.26358815809846425,0.5885789078311485,19445.479255412105,0.1951461668354505,0.34429166530341526,0.9523321718661981,0.686820903599663,0.24623647027160875
BAĞCILAR,GÜNEŞLİ,BAĞCILAR|GÜNEŞLİ,2022,0.90197684833916,2365883.348479998,0.0659965468792596,0.9525365838282082,636.0,0.8271471439906899,103.0,0.6611451546899837,8.0,0.515456154512192,0.0,0.25506788085314247,0.5885789078311485,31874.54847021159,0.11198230038584994,0.33680037559684767,0.9130138829967916,0.7755238700769802,0.24623647027160875
BAĞCILAR,HÜRRİYET,BAĞCILAR|HÜRRİYET,2022,0.8377108047458359,1303648.9855458236,0.0363654156676615,0.8333663596482765,283.0,0.7933011506675484,85.0,0.31086059973171776,3.0,0.4878249368149024,0.0,0.23622276813839835,0.5885789078311485,14183.17172495264,0.1959407984882363,0.18729160802065345,0.9192300613987262,0.6324124771567161,0.24623647027160875
BAĞCILAR,KAZIM KARABEKİR,BAĞCILAR|KAZIM KARABEKİR,2022,0.8449683686314655,1394411.2611426057,0.0388972382024199,0.8180537112900514,255.0,0.7136897541929441,54.0,0.787594420679228,8.0,0.3775648087257248,0.0,0.22134549646365528,0.5885789078311485,12779.88971683012,0.1433004550840752,0.459939313915354,0.9140617232149183,0.686820903599663,0.24623647027160875
BAĞCILAR,KEMALPAŞA,BAĞCILAR|KEMALPAŞA,2022,0.8660477843264704,1695465.3690994624,0.0472951719220741,0.9756411869954534,744.0,0.729186126814158,59.0,0.5445012150673605,5.0,0.515456154512192,0.0,0.29925228301125434,0.5885789078311485,37287.20764439846,0.056934163305148805,0.3118493305869658,0.9541405513898039,0.5680609671737329,0.24623647027160875
BAĞCILAR,KİRAZLI,BAĞCILAR|KİRAZLI,2022,0.885441931349427,2029546.7214617743,0.0566144038473636,1.0,872.75,0.8947327033425846,151.0,0.6512868052691241,7.0,0.4878249368149024,0.0,0.29792572442226406,0.5885789078311485,43990.3850939123,0.1184271513257625,0.35159467736829364,0.8249040309177105,0.733951626354678,0.24623647027160875
BAĞCILAR,MAHMUTBEY,BAĞCILAR|MAHMUTBEY,2022,0.8441943514490209,1384437.9354420204,0.0386190313087607,0.9883454897397959,806.0,0.8655128385815755,128.0,0.7776389918582975,13.0,0.5625323369257385,0.18673331429495207,0.32577961865146016,0.5885789078311485,40645.06102097736,0.10933236516821042,0.35706939473127436,0.9347110551122235,0.8770630192749421,0.24623647027160875
BAĞCILAR,SARIYER MERKEZ,BAĞCILAR|SARIYER MERKEZ,2022,0.8379220143856821,1306204.9634891895,0.0364367149218154,0.821471437596322,261.0,0.7070928542451279,52.0,0.4793503366655555,2.0,0.16260831227163414,0.0,0.22900317451222793,0.5885789078311485,13080.593004284943,0.1355452570178067,0.415070128445016,0.8401326053716298,0.812711509291959,0.24623647027160875
BAĞCILAR,SANCAKTEPE,BAĞCILAR|SANCAKTEPE,2022,0.8038733872303403,952527.7802277382,0.0265708553813461,0.7732900601011407,188.0,0.6613720928498814,40.0,0.4627989353655435,3.0,0.257728077256096,0.0,0.2279348974053168,0.5885789078311485,9422.036340251225,0.1439166471444094,0.3234311308329165,0.8390198064365121,0.5680609671737329,0.24623647027160875
BAĞCILAR,YAVUZ SELİM,BAĞCILAR|YAVUZ SELİM,2022,0.5980020017472574,141130.07624546514,0.0039368372489672,0.8996199577372958,444.0,0.773614092087252,76.0,0.5075197359237911,5.0,0.0,0.0,0.48363090654780694,0.5885789078311485,22252.043271657145,0.1178797802452918,0.2786114742548449,0.8827891845411004,0.812711509291959,0.24623647027160875
BAĞCILAR,YENİGÜN,BAĞCILAR|YENİGÜN,2022,0.8186726765483947,1092655.5121816874,0.0304797321384883,0.8914409439644058,420.0,0.6931173784494173,48.0,0.5736213930442006,7.0,0.0,0.0,0.2871969068553098,0.5885789078311485,21049.230121837845,0.08073323120178257,0.2814302164275109,0.814603704995629,0.6324124771567161,0.24623647027160875
BAĞCILAR,YENİMAHALLE,BAĞCILAR|YENİMAHALLE,2022,0.8692880673568065,1747186.3345416924,0.0487379333002467,0.8812877806813785,392.0,0.8033657456456684,90.0,0.6235421378587708,7.0,0.3775648087257248,0.0,0.23910930513445325,0.5885789078311485,19645.94811371532,0.15419623967386997,0.3258486639328145,0.9632949511247163,0.6324124771567161,0.24623647027160875
BAĞCILAR,YILDIZTEPE,BAĞCILAR|YILDIZTEPE,2022,0.8575729890318575,1567315.6514291307,0.0437204230422413,0.9399736565178355,584.0,0.8201620943739552,99.0,0.7342242639076241,12.0,0.3252166245432683,0.0,0.2843764292859172,0.5885789078311485,29268.453312269765,0.1168275655766466,0.3316298331257741,0.8357439790440324,0.686820903599663,0.24623647027160875
BAĞCILAR,ÇINAR,BAĞCILAR|ÇINAR,2022,0.8629698108638658,1647753.7808232969,0.0459642525112016,0.8907384414271265,418.0,0.7759121360481404,77.0,0.436605558970881,3.0,0.3775648087257248,0.0,0.2499266692792509,0.5885789078311485,20948.99569268624,0.12614015596624878,0.2983764065854925,0.8486376611165021,0.6324124771567161,0.24623647027160875
BAĞCILAR,İNÖNÜ,BAĞCILAR|İNÖNÜ,2022,0.8299159471068742,1212736.3583053146,0.0338293990591294,0.9083098890744042,471.0,0.7037004481341133,51.0,0.5230911220910046,5.0,0.515456154512192,0.0,0.2881349541055521,0.5885789078311485,23605.208065203868,0.07670148499039697,0.2924381087290249,0.8950316846123386,0.686820903599663,0.24623647027160875
BAŞAKŞEHİR,ALTINŞEHİR,BAŞAKŞEHİR|ALTINŞEHİR,2022,0.8241826150119036,1411646.8274769308,0.0444999980605797,0.9308722970766167,549.0,0.8826126581129299,141.0,0.7169728572446886,11.0,0.0,0.0,0.3069630315043265,0.6979022230811505,33776.165102847466,0.1705429515383937,0.33137619194548057,0.9069079043507756,0.6324124771567161,0.24623647027160875
BAŞAKŞEHİR,BAHÇEŞEHİR 1. KISIM,BAŞAKŞEHİR|BAHÇEŞEHİR 1. KISIM,2022,0.8740883776124105,2242454.3567098123,0.0706899293663138,0.9141319942051921,490.0,0.8584725568552566,123.0,0.9478714356525899,35.0,0.6017222572298446,0.0,0.2548755230853115,0.6979022230811505,30146.304008005925,0.1670860250387484,0.3338763213168731,0.8015507877660426,0.733951626354678,0.24623647027160875
BAŞAKŞEHİR,BAHÇEŞEHİR 2. KISIM,BAŞAKŞEHİR|BAHÇEŞEHİR 2. KISIM,2022,0.9282283033814855,3704857.71644512,0.1167899491484005,0.9658161809815372,696.0,0.9539862459582813,211.0,0.9992122497290501,41.0,0.6504332490865365,0.0,0.24152226594846682,0.6979022230811505,42820.05630524923,0.1975498509637548,0.35179075152625916,0.628706111978387,0.733951626354678,0.24623647027160875
BAŞAKŞEHİR,BAŞAK,BAŞAKŞEHİR|BAŞAK,2022,0.9500765915823218,4536957.230135487,0.143020608279773,0.849117332348145,315.0,0.7689270864314054,74.0,0.6525781286497273,11.0,0.6907483236133009,0.0,0.15866924517303194,0.6979022230811505,19379.76686228952,0.1574225005095242,0.27518937730198967,0.839576858955689,0.8770630192749421,0.24623647027160875
BAŞAKŞEHİR,BAŞAKŞEHİR,BAŞAKŞEHİR|BAŞAKŞEHİR,2022,0.9498921883078808,4529205.323390572,0.1427762413259428,0.8009655932767814,227.0,0.8526328226707347,119.0,0.8003687396790462,19.0,0.6352928859818208,0.0,0.13429401888891423,0.6979022230811505,13965.736754729278,0.31445358202938545,0.31038517658084347,0.8469716758263349,0.5680609671737329,0.24623647027160875
BAŞAKŞEHİR,GÜVERCİNTEPE,BAŞAKŞEHİR|GÜVERCİNTEPE,2022,0.9501116802909351,4538433.783801187,0.1430671543662168,0.9732455957243222,732.0,0.9819192527118332,247.0,0.7287545721111058,15.0,0.42033638952773006,0.1178156039716956,0.2282095814299433,0.6979022230811505,45034.88680379662,0.21691618629024897,0.28866674316600444,0.899997229309537,0.5680609671737329,0.24623647027160875
BAŞAKŞEHİR,KAYABAŞI,BAŞAKŞEHİR|KAYABAŞI,2022,0.9938023224180272,6805620.414411444,0.214536730680465,0.8942179719226658,428.0,0.7781809047667624,78.0,0.7334519596944716,12.0,0.7551296174514496,0.4815669033537717,0.1510900249541621,0.6979022230811505,26331.87370495212,0.12489957452114804,0.33093165261576263,0.8008059972435867,0.7755238700769802,0.24623647027160875
BAŞAKŞEHİR,ZİYA GÖKALP,BAŞAKŞEHİR|ZİYA GÖKALP,2022,0.8511367778372392,1812531.147714005,0.0571372605300823,0.8603499440939818,340.0,0.8033657456456684,90.0,0.6955147130527826,7.0,0.456499245823252,0.27355936087800314,0.24139195060322743,0.6979022230811505,20917.843597391868,0.17520313244234773,0.3940230375246219,0.9230556846398535,0.846351820920547,0.24623647027160875
BAŞAKŞEHİR,İKITELLI OSB,BAŞAKŞEHİR|İKITELLI OSB,2022,0.08412832843536273,1415.030596294156,4.460666617534687e-05,0.9604275156647971,671.0,0.9228545911573516,177.0,0.909679313213776,27.0,0.16260831227163414,0.7827499296993976,0.9813317368383698,0.6979022230811505,41281.9795701469,0.17465993594136733,0.34585125217497775,0.8386011562167309,0.5680609671737329,0.24623647027160875
BAŞAKŞEHİR,ŞAHİNTEPE,BAŞAKŞEHİR|ŞAHİNTEPE,2022,0.8631205739391545,2025585.537060382,0.0638534729198748,1.0,872.75,0.8947327033425846,151.0,0.9140911470751033,22.0,0.42033638952773006,0.18673331429495207,0.3168937222999147,0.6979022230811505,54001.87416944328,0.1184271513257625,0.38770368067785305,0.8500969427362224,0.686820903599663,0.24623647027160875
BAŞAKŞEHİR,ŞAMLAR,BAŞAKŞEHİR|ŞAMLAR,2022,0.5526005349206266,113694.6322587652,0.0035840486561756,0.7331729696376514,143.0,0.681865472834328,45.0,0.6040237376996654,9.0,0.16260831227163414,0.3307502157051291,0.41631465422538116,0.6979022230811505,8797.798924785402,0.20411851968496714,0.2667671678357413,0.7897610283322084,0.733951626354678,0.24623647027160875
BEYKOZ,ACARLAR,BEYKOZ|ACARLAR,2022,0.6908529730122456,371710.73414096655,0.0261734447364389,0.6180798802301182,65.0,0.4100810471869776,9.0,0.5973538144582373,8.0,0.0,0.0,0.2267333374128911,0.64567445337908,3626.174053603906,0.09674672293425989,0.28006656712206185,0.7736958660539266,0.7755238700769802,0.24623647027160875
BEYKOZ,AKBABA,BEYKOZ|AKBABA,2022,0.5780884281564593,130598.053222873,0.0091958628437646,0.7401754826030473,150.0,0.5335277430435542,19.0,0.43998022103985984,1.0,0.0,0.0,0.3985572807106537,0.64567445337908,8368.093969855168,0.08897701115380274,0.5101549837773559,0.7139277250113278,0.7755238700769802,0.24623647027160875
BEYKOZ,ALİBAHADIR,BEYKOZ|ALİBAHADIR,2022,0.7075636056206639,434025.1405698214,0.0305612186776969,0.588475884900195,53.0,0.34655868922470867,6.0,0.3562883241104209,1.0,0.0,0.0,0.1962178159898575,0.6456744533790806,2956.726536015493,0.08001100995018445,0.4131146254189149,0.46976913192840053,0.686820903599663,0.24623647027160875
BEYKOZ,ANADOLU HİSARI,BEYKOZ|ANADOLU HİSARI,2022,0.5898956738288841,145716.40966174466,0.0102603988671136,0.7203365941413745,131.0,0.5584187769777513,22.0,0.6637185111105292,7.0,0.16260831227163414,0.0,0.37558051964015005,0.64567445337908,7308.13540034018,0.11581794603096703,0.36335562297975615,0.7120591523005156,0.5680609671737329,0.24623647027160875
BEYKOZ,ANADOLU KAVAĞI,BEYKOZ|ANADOLU KAVAĞI,2022,0.5901841679338246,146106.92071367125,0.0102878961075692,0.5990178867163374,57.0,0.3191050796271805,5.0,0.38564385883441915,2.0,0.0,0.0,0.2982998541957613,0.6456744533790806,3179.8757085449643,0.06273058751813494,0.3177452721983906,0.7902411153495457,0.6324124771567161,0.24623647027160875
BEYKOZ,ANADOLUFENERİ,BEYKOZ|ANADOLUFENERİ,2022,0.6953998998801504,387721.68726995616,0.0273008315951149,0.5964521654542685,56.0,0.39131676754120764,8.0,0.5535633973596018,2.0,0.0,0.0,0.21033441993379584,0.6456744533790806,3124.0884154125965,0.09962169564285496,0.49501392543161016,0.4603138602333989,0.5680609671737329,0.24623647027160875
BEYKOZ,BAKLACI,BEYKOZ|BAKLACI,2022,0.6006488540369342,161002.12798001344,0.0113367194220865,0.7559140878422842,167.0,0.5335277430435542,19.0,0.19906026494295556,1.0,0.0,0.0,0.38898483888465774,0.64567445337908,9316.47795310542,0.08038950648036572,0.23080943500751055,0.8049581782824133,0.812711509291959,0.24623647027160875
BEYKOZ,BOZHANE,BEYKOZ|BOZHANE,2022,0.43033312631491133,33137.652120626466,0.0023333372615105,0.6224839462031403,62.0,0.0,0.0,0.3562883241104209,1.0,0.16260831227163414,0.0,0.45189992308043225,0.64567445337908,3737.7486398686415,0.0,0.4131146254189149,0.4108434395130601,0.6324124771567161,0.24623647027160875
BEYKOZ,CUMHURİYET,BEYKOZ|CUMHURİYET,2022,0.5622455231463157,112746.1194205153,0.0079388461372269,0.7146399306312402,126.0,0.3703400875697301,7.0,0.4308516892685634,3.0,0.0,0.0,0.39598571648360137,0.64567445337908,7029.198934678341,0.04033709344130012,0.2929510028364227,0.6791523552101721,0.0,0.24623647027160875
BEYKOZ,DERESEKİ,BEYKOZ|DERESEKİ,2022,0.5401251678813356,91825.88449587736,0.0064657796842531,0.7203365941413745,131.0,0.55050209871912,21.0,0.6889674568910575,4.0,0.0,0.0,0.4189638686603279,0.64567445337908,7308.135400340179,0.11092576788036047,0.498099387251841,0.46576296775255305,0.686820903599663,0.24623647027160875
BEYKOZ,ELMALI,BEYKOZ|ELMALI,2022,0.5694148147087389,120500.55316591442,0.0084848627691292,0.6837395714756397,102.0,0.7350258609986798,61.0,0.5720885924917368,9.0,0.0,0.1178156039716956,0.3699485727852308,0.64567445337908,5690.303899501514,0.34973347694601914,0.24079228854042714,0.6877467897854727,0.686820903599663,0.24623647027160875
BEYKOZ,FATİH,BEYKOZ|FATİH,2022,0.6412777675093005,234697.14220787128,0.0165258415137623,0.6837395714756397,102.0,0.5732687026608015,24.0,0.5488676774430674,3.0,0.0,0.0,0.30817500633357187,0.64567445337908,5690.303899501514,0.15764809908839428,0.4093753883567392,0.7055384202145406,0.5680609671737329,0.24623647027160875
BEYKOZ,GÖKSU,BEYKOZ|GÖKSU,2022,0.5910042092299279,147222.6665763186,0.0103664596517278,0.7644439347271464,177.0,0.5335277430435542,19.0,0.7451411437725379,14.0,0.3252166245432683,0.0,0.4028531199085737,0.64567445337908,9874.350884429095,0.07607139182770072,0.3144802923132941,0.7574083670294673,0.6324124771567161,0.24623647027160875
BEYKOZ,GÖLLÜ,BEYKOZ|GÖLLÜ,2022,0.3550425812094738,16457.2514740485,0.0011588122763394,0.501762507828975,29.0,0.0,0.0,0.3562883241104209,1.0,0.0,0.0,0.4388997305110947,0.6456744533790806,1617.831500838666,0.0,0.4131146254189149,0.4504656771626181,0.5680609671737329,0.24623647027160875
BEYKOZ,GÖRELE,BEYKOZ|GÖRELE,2022,0.5565513929753135,106944.24093474906,0.0075303157076022,0.6808468267523928,100.0,0.45680705642095987,12.0,0.42169519713529147,6.0,0.0,0.0,0.3792623687008203,0.6456744533790806,5578.7293132367795,0.08454937504475477,0.18321980671793497,0.6816510479874007,0.6324124771567161,0.24623647027160875
BEYKOZ,GÖZTEPE,BEYKOZ|GÖZTEPE,2022,0.7287471314206441,528249.8786703906,0.0371959099818911,0.8424321965143038,300.0,0.6478393116294312,37.0,0.7140580540220688,11.0,0.3252166245432683,0.0,0.33312770167191186,0.64567445337908,16791.975232842702,0.08649429839794957,0.32873889301009057,0.7783337706442853,0.686820903599663,0.24623647027160875
BEYKOZ,GÜMÜŞSUYU,BEYKOZ|GÜMÜŞSUYU,2022,0.7719682295058712,788720.7503054158,0.0555365693657172,0.9444444609014313,602.0,0.7461604824897238,65.0,0.5620313447354757,9.0,0.42033638952773006,0.0,0.36028754125198253,0.6456744533790806,33583.95046568541,0.07649490752967292,0.2328722061018113,0.8588057010702492,0.3877619350384901,0.24623647027160875
BEYKOZ,KANLICA,BEYKOZ|KANLICA,2022,0.627956634088618,207417.15586614344,0.0146049628590844,0.7300670600969674,140.0,0.49378678342630683,15.0,0.6930056011519589,9.0,0.257728077256096,0.0,0.34883944914447723,0.64567445337908,7810.22103853149,0.07593543656634254,0.3451702204958756,0.8220684218168453,0.489301084236452,0.24623647027160875
BEYKOZ,KAVACIK,BEYKOZ|KAVACIK,2022,0.8291018585482426,1339787.6318669447,0.0943391038256517,0.8739773416144327,372.0,0.8013978147281852,89.0,0.7202136043826608,11.0,0.4878249368149024,0.0,0.2677628421188829,0.64567445337908,20808.660338373185,0.15964556880808228,0.33431825150324157,0.7820507763600236,0.6324124771567161,0.24623647027160875
BEYKOZ,KAYNARCA,BEYKOZ|KAYNARCA,2022,0.45428699530769767,41394.1715042169,0.0029147074882842,0.544202878655175,39.0,0.34655868922470867,5.0,0.5211165968059417,1.0,0.0,0.0,0.37997035357070247,0.6456744533790806,2175.704432162344,0.10676102758467657,0.6042322274427001,0.49653634500696264,0.6324124771567161,0.24623647027160875
BEYKOZ,KILIÇLI,BEYKOZ|KILIÇLI,2022,0.42570430794829645,31742.96979231727,0.0022351328313122,0.4491439461085149,20.0,0.49378678342630683,15.0,0.5480019625103015,4.0,0.0,0.0,0.3424435826749229,0.64567445337908,1115.7458626473558,0.4175038738598527,0.3546212579433228,0.4536051368055304,0.6324124771567161,0.24623647027160875
BEYKOZ,MAHMUTŞEVKETPAŞA,BEYKOZ|MAHMUTŞEVKETPAŞA,2022,0.5392046203698726,91044.86239202422,0.006410785203342,0.6605202510563183,87.0,0.5335277430435542,19.0,0.5043087829353402,6.0,0.0,0.0,0.38129445213000374,0.64567445337908,4853.494502515998,0.14736887207037036,0.2471922049768603,0.39910906480054836,0.733951626354678,0.24623647027160875
BEYKOZ,SARIYER MERKEZ,BEYKOZ|SARIYER MERKEZ,2022,0.675300898215906,321781.1067874974,0.0226577261353414,0.8328459878422164,282.0,0.7037004481341133,51.0,0.642684081361404,10.0,0.3252166245432683,0.0,0.3731947687188524,0.64567445337908,15732.016663327717,0.12402068154463453,0.28231847325102954,0.7984668971972937,0.686820903599663,0.24623647027160875
BEYKOZ,ORTAÇEŞME,BEYKOZ|ORTAÇEŞME,2022,0.7029193470182232,415726.9084224047,0.0292727765534958,0.8853602545749057,403.0,0.7104218471683882,53.0,0.6153422929862823,6.0,0.0,0.0,0.38263933197797967,0.64567445337908,22482.279132344214,0.0921796938385444,0.3456082556333244,0.8132086112811754,0.6324124771567161,0.24623647027160875
BEYKOZ,PAŞABAHÇE,BEYKOZ|PAŞABAHÇE,2022,0.6433589012201174,239271.70024472545,0.0168479520448126,0.6920922881973645,107.0,0.5045837821888896,16.0,0.436605558970881,3.0,0.16260831227163414,0.0,0.31164769088487293,0.64567445337908,6025.027658295721,0.10306768095943511,0.2983764065854925,0.8919477489168541,0.489301084236452,0.24623647027160875
BEYKOZ,PAŞAMANDIRA,BEYKOZ|PAŞAMANDIRA,2022,0.3982790348071949,24602.196271374196,0.0017323261486972,0.6408209984347509,76.0,0.42705540286254334,10.0,0.3562883241104209,1.0,0.16260831227163414,0.0,0.4920687379745896,0.6456744533790806,4239.834278059952,0.09222274744935,0.4131146254189149,0.41621535755101885,0.6324124771567161,0.24623647027160875
BEYKOZ,POLONEZKÖY,BEYKOZ|POLONEZKÖY,2022,0.3644557999375136,17963.508388622427,0.0012648730609535,0.44194616474391857,19.0,0.3191050796271805,5.0,0.40157287383168366,5.0,0.0,0.0,0.3908167146962225,0.64567445337908,1059.958569514988,0.1742894097382516,0.19185937320606128,0.5352939488503949,0.7755238700769802,0.24623647027160875
BEYKOZ,POYRAZKÖY,BEYKOZ|POYRAZKÖY,2022,0.4677754139994237,46917.11352432131,0.0033035970318693,0.6893602609706021,106.0,0.24689339171315342,3.0,0.19906026494295556,1.0,0.0,0.0,0.4624099845616627,0.64567445337908,5913.453072030985,0.020821476814656754,0.23080943500751055,0.7005398845155769,0.6324124771567161,0.24623647027160875
BEYKOZ,RÜZGARLIBAHÇE,BEYKOZ|RÜZGARLIBAHÇE,2022,0.7026585961665947,414722.73714602215,0.0292020693637531,0.8893233202256271,414.0,0.5802537522775366,25.0,0.7526236623025574,15.0,0.3252166245432683,0.0,0.38539045795893395,0.64567445337908,23095.939356800263,0.0437437408884655,0.3092028644615681,0.7882112722552497,0.733951626354678,0.24623647027160875
BEYKOZ,RİVA,BEYKOZ|RİVA,2022,0.6006114956749585,160946.34068688107,0.0113327912448786,0.7321449149263529,142.0,0.8371364500495209,109.0,0.7009468394328073,7.0,0.0,0.0,0.3738234264828993,0.64567445337908,7921.795624796226,0.4249719491782289,0.3993422122389657,0.35219537710157495,0.5680609671737329,0.24623647027160875
BEYKOZ,SOĞUKSU,BEYKOZ|SOĞUKSU,2022,0.7504940431827608,646295.7909384808,0.0455079329538714,0.8275387517123189,272.0,0.8091423364379576,93.0,0.7903965296976678,9.0,0.0,0.0,0.30523136639042125,0.64567445337908,15174.143732004037,0.21941111093207147,0.43935873777203055,0.8333760698620984,0.5680609671737329,0.24623647027160875
BEYKOZ,TOKATKÖY,BEYKOZ|TOKATKÖY,2022,0.7770408573873148,826711.8969285582,0.0582116580443176,1.0,872.75,0.8219342078600275,100.0,0.9062964364583466,28.0,0.0,0.0,0.3911742340891556,0.64567445337908,48967.296546935824,0.08049345969231526,0.3362966022102819,0.6755055920267065,0.6324124771567161,0.24623647027160875
BEYKOZ,YALIKÖY,BEYKOZ|YALIKÖY,2022,0.6560097399517826,269062.1147774098,0.0189455986738473,0.8127739140617598,243.0,0.6779511188716084,44.0,0.7551856258931754,10.0,0.16260831227163414,0.1178156039716956,0.37715807653954614,0.64567445337908,13723.674110562475,0.12276280979727729,0.3844480752404491,0.7338909408754266,0.5680609671737329,0.24623647027160875
BEYKOZ,YAVUZ SELİM,BEYKOZ|YAVUZ SELİM,2022,0.668968865209431,303427.0873469484,0.0213653558339323,0.7449812904226298,155.0,0.5732687026608015,24.0,0.6122181035270262,5.0,0.0,0.0,0.323034569534483,0.64567445337908,8647.030435517006,0.1074025190211372,0.3760025357280571,0.6329251280870656,0.733951626354678,0.24623647027160875
BEYKOZ,SEYMEN MAHALLE,BEYKOZ|SEYMEN MAHALLE,2022,0.80610809671955,1082496.6359404644,0.0762223505426776,0.9679177158645949,706.0,0.7759121360481404,77.0,0.8456429120439156,23.0,0.0,0.0,0.3456497213772869,0.64567445337908,39385.82895145165,0.07722966518565329,0.31703631220105183,0.7727098733214148,0.733951626354678,0.24623647027160875
BEYKOZ,ZERZAVATÇI,BEYKOZ|ZERZAVATÇI,2022,0.5002604221112562,63430.15229150217,0.0044663374854166,0.5710999126413386,47.0,0.5869751513118114,26.0,0.40157287383168366,5.0,0.0,0.0,0.35752455189998894,0.64567445337908,2622.002777221286,0.32849662685548603,0.19185937320606128,0.6055533588989316,0.733951626354678,0.24623647027160875
BEYKOZ,ÇAMLIBAHÇE,BEYKOZ|ÇAMLIBAHÇE,2022,0.682407504047799,343705.51298851793,0.0242014997780579,0.8624973656212566,345.0,0.6172334792828835,31.0,0.6085640252970017,4.0,0.16260831227163414,0.0,0.38590651972510615,0.64567445337908,19246.616130666887,0.06419405483971928,0.4147453519119142,0.8228284997454289,0.5680609671737329,0.24623647027160875
BEYKOZ,ÇENGELDERE,BEYKOZ|ÇENGELDERE,2022,0.6625156276582977,285798.30271712015,0.0201240518362264,0.8505112821276298,318.0,0.5243926157728545,18.0,0.48947735222235783,2.0,0.16260831227163414,0.0,0.395574418428895,0.64567445337908,17740.359216092955,0.04107759424118843,0.4258508303197411,0.46897329770181234,0.6324124771567161,0.24623647027160875
BEYKOZ,ÇUBUKLU,BEYKOZ|ÇUBUKLU,2022,0.8184845693298795,1214154.6477328527,0.0854928487533929,0.9623901865737967,679.0,0.773614092087252,76.0,0.8791302283098671,22.0,0.257728077256096,0.0,0.33153169307564334,0.6456744533790806,37935.3593300101,0.07904341282444949,0.35500364666151374,0.6993005407933864,0.733951626354678,0.24623647027160875
BEYKOZ,ÇİFTLİK,BEYKOZ|ÇİFTLİK,2022,0.6722679006532164,312855.13988631853,0.0220292177820725,0.8022540316330277,229.0,0.6227137866331471,32.0,0.5734304328627187,4.0,0.0,0.0,0.35638525486146466,0.64567445337908,12775.290127312222,0.09758273702298803,0.37954628140042135,0.6791523552101721,0.0,0.24623647027160875
BEYKOZ,ÇİĞDEM,BEYKOZ|ÇİĞDEM,2022,0.49757400426615844,61868.10808379587,0.0043563485235945,0.8269973740256532,271.0,0.6280304780454663,33.0,0.8529735487194005,14.0,0.16260831227163414,0.0,0.5252391279012122,0.64567445337908,15118.35643887167,0.08572828679068205,0.415070128445016,0.839576858955689,0.5680609671737329,0.24623647027160875
BEYKOZ,ÖRNEKKÖY,BEYKOZ|ÖRNEKKÖY,2022,0.6280725544553459,207640.30503867293,0.0146206755679162,0.6670780086228785,91.0,0.6331930405551094,32.0,0.5525058081227566,7.0,0.0,0.0,0.3089428964328863,0.6456744533790806,5076.6436750454695,0.23683815571947356,0.2634472914617113,0.47822362103337795,0.5680609671737329,0.24623647027160875
BEYKOZ,ÖĞÜMCE,BEYKOZ|ÖĞÜMCE,2022,0.6550442152998496,266663.261172718,0.0187766870539063,0.5514006600197713,41.0,0.19565838377060382,2.0,0.3562883241104209,1.0,0.0,0.0,0.2156612841914671,0.64567445337908,2287.2790184270793,0.03553312001929306,0.4131146254189149,0.3611569134030381,0.6324124771567161,0.24623647027160875
BEYKOZ,İNCİRKÖY,BEYKOZ|İNCİRKÖY,2022,0.7917508176512581,947547.1738532668,0.0667200898766945,0.9534600626124953,640.0,0.751477173902043,64.0,0.8746754955856552,20.0,0.0,0.2356312079433912,0.3489027736767096,0.64567445337908,35703.867604715386,0.07427904282083957,0.3683521968383355,0.6678735172756523,0.812711509291959,0.24623647027160875
BEYKOZ,İSHAKLI,BEYKOZ|İSHAKLI,2022,0.4933135501393717,59469.25447910406,0.0041874369036535,0.7440325716928387,154.0,0.4100810471869776,9.0,0.6623746842844495,7.0,0.0,0.0,0.47533703676251726,0.64567445337908,8591.24314238464,0.042374103565865864,0.36207786255579544,0.3395410770144397,0.489301084236452,0.24623647027160875
BEYLİKDÜZÜ,ADNAN KAHVECİ,BEYLİKDÜZÜ|ADNAN KAHVECİ,2022,0.99703842875334,6256769.0669463575,0.2724923503537961,0.8969436892583211,436.0,0.8982135164725039,154.0,0.6586632320069821,9.0,0.714227323079348,0.27355936087800314,0.1502194918685655,0.6370221353671385,23931.706683878372,0.22566678254307668,0.31393164101423293,0.8487179770616357,0.7755238700769802,0.24623647027160875
BEYLİKDÜZÜ,BARIŞ,BEYLİKDÜZÜ|BARIŞ,2022,0.9685868822287814,4805772.126147447,0.209299101166571,0.780152937226431,197.0,0.8033657456456684,90.0,0.6713633071354898,10.0,0.4878249368149024,0.0,0.11250426721157218,0.6370221353671385,10813.179396156052,0.2807242564782399,0.3071464123538375,0.8395536745532827,0.686820903599663,0.24623647027160875
BEYLİKDÜZÜ,BÜYÜKŞEHİR,BEYLİKDÜZÜ|BÜYÜKŞEHİR,2022,0.8191661332771613,1202184.0362162937,0.0523570472365653,0.7311096457370201,141.0,0.6331930405551094,34.0,0.7342242639076241,11.0,0.3252166245432683,0.0,0.1915279928652501,0.6370221353671385,7739.382207401032,0.16116723058814378,0.34715466954654284,0.5876484561845485,0.686820903599663,0.24623647027160875
BEYLİKDÜZÜ,CUMHURİYET,BEYLİKDÜZÜ|CUMHURİYET,2022,0.8264243150500016,1285890.1203743543,0.0560025817555938,0.6670780086228785,91.0,0.565998471340334,23.0,0.7854834050288964,14.0,0.3252166245432683,0.18673331429495207,0.15138890592539808,0.6370221353671385,4994.920431726907,0.16811513040488693,0.35086239449883144,0.6502687648276783,0.686820903599663,0.24623647027160875
BEYLİKDÜZÜ,DEREAĞZI,BEYLİKDÜZÜ|DEREAĞZI,2022,0.7228497197908285,492081.9963783707,0.0214309619430101,0.9641131288325071,688.0,0.8481238239621675,116.0,0.6188759161423937,10.0,0.0,0.0,0.41553445635801145,0.6370221353671385,37763.79403327596,0.11624307254235006,0.26241220034443086,0.8911284918197154,0.5680609671737329,0.24623647027160875
BEYLİKDÜZÜ,GÜRPINAR,BEYLİKDÜZÜ|GÜRPINAR,2022,0.8122692993389831,1127699.343624498,0.0491131191432396,0.9699897338309421,716.0,0.9316391850514328,186.0,0.6766832871234277,9.0,0.3252166245432683,0.0,0.3416506569664806,0.6370221353671385,39300.69262765347,0.17228961209815066,0.3301794111175759,0.9031295967264853,0.489301084236452,0.24623647027160875
BEYLİKDÜZÜ,KAVAKLI,BEYLİKDÜZÜ|KAVAKLI,2022,0.8242906495607452,1260695.961273666,0.0549053356282271,0.9728425210089338,730.0,1.0,270.0,0.8322364581414323,13.0,0.4878249368149024,0.18673331429495207,0.33311434195445955,0.6370221353671385,40069.141924842224,0.23739799748057525,0.409102324198869,0.85637773183914,0.686820903599663,0.24623647027160875
BEYLİKDÜZÜ,MARMARA,BEYLİKDÜZÜ|MARMARA,2022,0.8620673938464617,1789608.6346815834,0.0779403327596098,0.8453344262572637,307.0,0.7891104647084658,83.0,0.37920235246600215,2.0,0.4878249368149024,0.3534468119150868,0.2236732462935841,0.6370221353671385,16850.995302639127,0.17853008819824748,0.3112412772833535,0.8823218337552313,0.5680609671737329,0.24623647027160875
BEYLİKDÜZÜ,SAHİL,BEYLİKDÜZÜ|SAHİL,2022,0.6918355669430482,369075.2195926563,0.0160738190858672,0.8041658327387794,232.0,0.6698544548109717,42.0,0.49492134843639296,4.0,0.0,0.0,0.3407221274699848,0.6370221353671385,12734.30263912794,0.12413655550536117,0.3042887427044729,0.9110800137571685,0.489301084236452,0.24623647027160875
BEYLİKDÜZÜ,YAKUPLU,BEYLİKDÜZÜ|YAKUPLU,2022,0.9583735122417024,4371488.494764773,0.1903853509275196,1.0,872.75,1.0,270.0,0.8475008620232243,15.0,0.3775648087257248,0.3534468119150868,0.2373537778941398,0.6370221353671385,48179.02647195926,0.20236114352296994,0.39652047843348875,0.7277729561555784,0.846351820920547,0.24623647027160875
BEYOĞLU,ARAP CAMİ,BEYOĞLU|ARAP CAMİ,2022,0.5033429637942521,79024.19918611768,0.0048386296339183,0.6446039045256321,78.0,0.24689339171315342,3.0,0.569767183965895,6.0,0.16260831227163414,0.0,0.4022846618306542,0.7477899797407206,5268.279945741178,0.028156341320731772,0.30367802600181537,0.4540300411400762,0.5680609671737329,0.24623647027160875
BEYOĞLU,ASMALI MESCİT,BEYOĞLU|ASMALI MESCİT,2022,0.6506713086234428,310018.0121916924,0.0189823162561413,0.6808468267523928,97.0,0.55050209871912,20.0,0.7558018068406811,8.0,0.0,0.0,0.2983939846145906,0.7477899797407206,6754.205058642536,0.14221317605562836,0.42785609230244737,0.4801325634681732,0.686820903599663,0.24623647027160875
BEYOĞLU,BEDRETTİN,BEYOĞLU|BEDRETTİN,2022,0.6816876069930511,413357.3495889233,0.0253097550081884,0.5327015824431515,36.0,0.44255177548375724,11.0,0.3662008623138289,1.0,0.257728077256096,0.1178156039716956,0.18412006374505765,0.747789979740721,2431.5138211113135,0.19891951262004676,0.42460816654765104,0.49006179483443063,0.7755238700769802,0.24623647027160875
BEYOĞLU,BEREKETZADE,BEYOĞLU|BEREKETZADE,2022,0.418466974742317,35932.370911978294,0.0022001290301235,0.7012746006275938,114.0,0.565998471340334,23.0,0.6335539740743411,6.0,0.0,0.0,0.5135860965574586,0.7477899797407206,7767.335817438917,0.136021816915607,0.3628917953375239,0.4376769548721061,0.686820903599663,0.24623647027160875
BEYOĞLU,BOSTAN,BEYOĞLU|BOSTAN,2022,0.5747212363017612,153252.91278059917,0.0093836330250947,0.7111132625939458,123.0,0.42705540286254334,10.0,0.7941786182764033,18.0,0.0,0.0,0.38286341902780796,0.747789979740721,8307.67222213032,0.05831518010663977,0.31426575691882114,0.7163867133674675,0.686820903599663,0.24623647027160875
BEYOĞLU,BÜLBÜL,BEYOĞLU|BÜLBÜL,2022,0.58387028393539,166828.86494847064,0.0102148847827165,0.8174763122983458,254.0,0.5243926157728545,18.0,0.8081580127799031,18.0,0.0,0.0,0.4431565103652551,0.7477899797407206,17155.68084895204,0.05108070938895189,0.3266188018279673,0.7148221813648717,0.686820903599663,0.24623647027160875
BEYOĞLU,CAMİİKEBİR,BEYOĞLU|CAMİİKEBİR,2022,0.5962654922293141,187159.0221749847,0.0114596946287075,0.7311096457370201,141.0,0.45680705642095987,12.0,0.48772701187991047,3.0,0.0,0.27355936087800314,0.3769349249611941,0.747789979740721,9523.429132685978,0.06093626215141172,0.3477861307275267,0.5921684333580937,0.686820903599663,0.24623647027160875
BEYOĞLU,CİHANGİR,BEYOĞLU|CİHANGİR,2022,0.628563830524949,252539.7271426445,0.0154629369241203,0.7362148352207168,145.0,0.6172334792828835,29.0,0.7096532020867573,10.0,0.257728077256096,0.0,0.3522191976046068,0.747789979740721,9861.139385618106,0.14364765327286774,0.3416358927212748,0.4566102577288725,0.686820903599663,0.24623647027160875
BEYOĞLU,EMEKYEMEZ,BEYOĞLU|EMEKYEMEZ,2022,0.3310709546087807,15939.923938396389,0.000975997088551,0.657128716539563,85.0,0.4822927351010046,14.0,0.47156331613937574,3.0,0.0,0.0,0.5621405721794788,0.7477899797407206,5741.074299846156,0.11374987957951166,0.3319394635135003,0.4351364617645251,0.489301084236452,0.24623647027160875
BEYOĞLU,EVLİYA ÇELEBİ,BEYOĞLU|EVLİYA ÇELEBİ,2022,0.5821103932093347,164127.18292501362,0.0100494615473689,0.6040192217402314,59.0,0.34655868922470867,6.0,0.5983685644504791,6.0,0.16260831227163414,0.0,0.3083054719924609,0.7477899797407206,3984.980984599096,0.07225524798472863,0.329763336572025,0.4710896129916322,0.686820903599663,0.24623647027160875
BEYOĞLU,FETİHTEPE,BEYOĞLU|FETİHTEPE,2022,0.763465773682564,882504.4329622339,0.0540354998263056,0.944199605651765,601.0,0.6894451671969107,44.0,0.8298590554668704,21.0,0.0,0.0,0.36749254050116226,0.747789979740721,40592.77240244165,0.056174741530848116,0.31894037957237614,0.8109726922965821,0.733951626354678,0.24623647027160875
BEYOĞLU,FİRUZAĞA,BEYOĞLU|FİRUZAĞA,2022,0.6319694265287892,260644.7732130155,0.0159592066301632,0.7300670600969674,134.0,0.8110269671032553,80.0,0.5685963177613435,4.0,0.16260831227163414,0.0,0.34538017516988373,0.7477899797407206,9455.88708209955,0.38323229752493854,0.3747705775259078,0.49900722391983576,0.5680609671737329,0.24623647027160875
BEYOĞLU,GÜMÜŞSUYU,BEYOĞLU|GÜMÜŞSUYU,2022,0.6138509869360742,220322.16901291956,0.0134902648425997,0.6518905833042214,79.0,0.6967153985173783,48.0,0.6370614611367841,8.0,0.16260831227163414,0.0,0.3114917311346906,0.747789979740721,5538.448148086881,0.3495101741922903,0.314890932360762,0.592519322745362,0.812711509291959,0.24623647027160875
BEYOĞLU,HACIAHMET,BEYOĞLU|HACIAHMET,2022,0.7870404408817296,1098166.20048469,0.0672404095879307,0.9335304816786335,559.0,0.8371364500495209,107.0,0.8485686967840891,19.0,0.16260831227163414,0.0,0.34039272003772436,0.7477899797407206,37756.00627781178,0.13290117808870275,0.3535553039108301,0.7303576113645023,0.733951626354678,0.24623647027160875
BEYOĞLU,HACIMİMİ,BEYOĞLU|HACIMİMİ,2022,0.5137796722214462,87061.7032059023,0.0053307637590776,0.7122982107642172,122.0,0.5147634633977843,17.0,0.7032591259265323,10.0,0.16260831227163414,0.0,0.43685323276800464,0.747789979740721,8375.214272716747,0.09585183166061154,0.335775429978122,0.5103207948903349,0.6324124771567161,0.24623647027160875
BEYOĞLU,HALICIOĞLU,BEYOĞLU|HALICIOĞLU,2022,0.753892935760146,807532.7568113017,0.0494450050454086,0.8041658327387794,232.0,0.7912181335192904,75.0,0.7344810386965006,12.0,0.257728077256096,0.0,0.28785499227999606,0.7477899797407206,15669.755736050683,0.2305344511799051,0.33186209458599747,0.8784871873959288,0.5680609671737329,0.24623647027160875
BEYOĞLU,HÜSEYİNAĞA,BEYOĞLU|HÜSEYİNAĞA,2022,0.647089217398009,299886.70460372866,0.0183619791235877,0.6446039045256321,78.0,0.5584187769777513,21.0,0.652835397870297,9.0,0.0,0.0,0.27885036771383764,0.747789979740721,5268.279945741179,0.18536571384862133,0.30874744526316245,0.5561568942164626,0.733951626354678,0.24623647027160875
BEYOĞLU,KADIMEHMET EFENDİ,BEYOĞLU|KADIMEHMET EFENDİ,2022,0.47872635117308776,62881.64909596202,0.0038502258027162,0.7075002186450978,120.0,0.6430898052058168,32.0,0.5091061243808139,5.0,0.0,0.0,0.46453001145894346,0.747789979740721,8105.046070371045,0.1957380387384794,0.2800085380116072,0.6595122288597687,0.0,0.24623647027160875
BEYOĞLU,KALYONCU KULLUĞU,BEYOĞLU|KALYONCU KULLUĞU,2022,0.44019820431969536,43969.87493176291,0.0026922631552827,0.7279595206245807,138.0,0.55050209871912,21.0,0.768177812374701,15.0,0.0,0.0,0.5117292315178616,0.7477899797407206,9320.8029809267,0.1056790049227298,0.32291702095151753,0.5431955384603352,0.6324124771567161,0.24623647027160875
BEYOĞLU,KAMER HATUN,BEYOĞLU|KAMER HATUN,2022,0.39630939263798465,29245.707903922183,0.0017907065226381,0.6427245765113734,77.0,0.39131676754120764,8.0,0.8542481126132394,21.0,0.0,0.0,0.495046885233232,0.7477899797407206,5200.737895154753,0.0737443792069475,0.34070128331235777,0.5223949155282367,0.7755238700769802,0.24623647027160875
BEYOĞLU,KAPTANPAŞA,BEYOĞLU|KAPTANPAŞA,2022,0.7991830393724917,1229062.6945211824,0.0752551653405237,0.8793988271652694,387.0,0.729186126814158,58.0,0.6415993009305271,7.0,0.257728077256096,0.18673331429495207,0.29619372900937285,0.747789979740721,26138.77357694662,0.10586084968309059,0.34252452696522595,0.8261270113725114,0.686820903599663,0.24623647027160875
BEYOĞLU,KATİPMUSTAFA ÇELEBİ,BEYOĞLU|KATİPMUSTAFA ÇELEBİ,2022,0.7043280342401792,509942.4819275116,0.0312236356718664,0.6246376377966785,68.0,0.565998471340334,19.0,0.6907840600087899,8.0,0.257728077256096,0.0,0.21984586393073444,0.747789979740721,4592.8594398769255,0.2173643209112667,0.36451115779053717,0.5713720524594055,0.6324124771567161,0.24623647027160875
BEYOĞLU,KEMANKEŞ KARAMUSTAFAPAŞA,BEYOĞLU|KEMANKEŞ KARAMUSTAFAPAŞA,2022,0.41434276614425414,34581.529900249785,0.0021174174124497,0.6482922279852514,80.0,0.6280304780454663,33.0,0.38417562739367284,3.0,0.0,0.0,0.48277256471496927,0.7477899797407206,5403.364046914029,0.2576582636255449,0.2500706681094482,0.6595122288597687,0.0,0.24623647027160875
BEYOĞLU,KEÇECİ PİRİ,BEYOĞLU|KEÇECİ PİRİ,2022,0.7711260042514831,947479.8856263752,0.0580139286364162,0.8259086218216007,267.0,0.7759121360481404,36.0,0.7426109560004168,12.0,0.16260831227163414,0.0,0.28677982593852974,0.747789979740721,18168.811607748423,0.18780235480349047,0.33924945252683864,0.813322593364551,0.686820903599663,0.24623647027160875
BEYOĞLU,KILIÇALİ PAŞA,BEYOĞLU|KILIÇALİ PAŞA,2022,0.5759962862304889,155076.54814643264,0.0094952937089543,0.5679940031006545,46.0,0.5243926157728545,15.0,0.6555169712321388,8.0,0.0,0.0,0.29075913053965685,0.7477899797407206,3106.934326975567,0.2463782948067733,0.33162983312577415,0.5233474649863116,0.6324124771567161,0.24623647027160875
BEYOĞLU,KOCATEPE,BEYOĞLU|KOCATEPE,2022,0.5241334037856022,95842.1697821376,0.0058683892739574,0.7585252224505814,167.0,0.7104218471683882,52.0,0.8695971268029624,21.0,0.0,0.0,0.4576043514454386,0.747789979740721,11482.148599692317,0.2024592958614935,0.354701429609327,0.6834087438136884,0.733951626354678,0.24623647027160875
BEYOĞLU,KULAKSIZ,BEYOĞLU|KULAKSIZ,2022,0.7266080729709944,626992.8555937867,0.0383905973433028,0.8041658327387794,232.0,0.6698544548109717,41.0,0.7025582064675815,12.0,0.0,0.0,0.31095695913674987,0.7477899797407206,15669.755736050683,0.12413655550536117,0.3035032403060172,0.7070030535327823,0.5680609671737329,0.24623647027160875
BEYOĞLU,KULOĞLU,BEYOĞLU|KULOĞLU,2022,0.5229882435287377,94829.03902334122,0.005806355560702,0.6748853993427565,96.0,0.6739487945756967,43.0,0.5689873670469782,4.0,0.3252166245432683,0.0,0.40466598533652587,0.747789979740721,6484.036856296836,0.27613397314895854,0.37515626652998035,0.5491904391438479,0.7755238700769802,0.24623647027160875
BEYOĞLU,KÜÇÜK PİYALE,BEYOĞLU|KÜÇÜK PİYALE,2022,0.7209447384935727,594910.3815652347,0.0364261964235496,0.7610909437126503,173.0,0.6331930405551094,33.0,0.618418526757171,6.0,0.0,0.1178156039716956,0.2889561223403814,0.747789979740721,11684.77475145159,0.13386246810094488,0.3485075767326798,0.7436102513610271,0.686820903599663,0.24623647027160875
BEYOĞLU,MÜEYYETZADE,BEYOĞLU|MÜEYYETZADE,2022,0.431773346865161,40660.31445302808,0.0024896196919819,0.673356626552595,95.0,0.4822927351010046,14.0,0.6211473348117998,8.0,0.3252166245432683,0.0,0.4837131977325904,0.747789979740721,6416.49480571041,0.10256085044086763,0.30073288163327516,0.513755207803173,0.5680609671737329,0.24623647027160875
BEYOĞLU,PÜRTELAŞ HASAN EFENDİ,BEYOĞLU|PÜRTELAŞ HASAN EFENDİ,2022,0.5530080087524843,125290.50383781904,0.0076715025392466,0.5800435753769402,50.0,0.49378678342630683,15.0,0.5085787222467064,4.0,0.257728077256096,0.0,0.3179039270118456,0.7477899797407206,3377.102529321268,0.1957380387384794,0.31700403529682497,0.5175738868650674,0.5680609671737329,0.24623647027160875
BEYOĞLU,PİRİPAŞA,BEYOĞLU|PİRİPAŞA,2022,0.7832542398337822,1060275.1101057054,0.0649203487121801,0.9006111725797407,447.0,0.7461604824897238,52.0,0.7768096967634012,17.0,0.3775648087257248,0.0,0.3229603730889803,0.747789979740721,30191.296612132144,0.1012888572184906,0.3089015840205475,0.8051012233910471,0.489301084236452,0.24623647027160875
BEYOĞLU,PİYALEPAŞA,BEYOĞLU|PİYALEPAŞA,2022,0.8159834871954319,1436281.7057203357,0.0879431274916874,0.9092445823007671,473.0,0.8053121686909047,86.0,0.6003827793475744,5.0,0.3775648087257248,0.0,0.3004807712660781,0.747789979740721,32014.93197796563,0.13102090371244382,0.36451115779053717,0.8358112872193569,0.733951626354678,0.24623647027160875
BEYOĞLU,SURURİ MEHMET EFENDİ,BEYOĞLU|SURURİ MEHMET EFENDİ,2022,0.6399887859801949,280772.30428777024,0.0171916097335031,0.7756133404638514,191.0,0.5335277430435542,19.0,0.8215027949654913,20.0,0.16260831227163414,0.0,0.3673896186949484,0.7477899797407206,12900.531662007244,0.07075140854258233,0.32005262100957754,0.7231938489776973,0.733951626354678,0.24623647027160875
BEYOĞLU,SÜTLÜCE,BEYOĞLU|SÜTLÜCE,2022,0.7558678420276532,822459.5499909017,0.0503589684207043,0.8735823607786002,368.0,0.9104242496117443,156.0,0.7255606767017789,15.0,0.0,0.0,0.3294522603310722,0.747789979740721,25125.64281815024,0.2738797684286862,0.2859672637676623,0.8299241777204361,0.3877619350384901,0.24623647027160875
BEYOĞLU,TOMTOM,BEYOĞLU|TOMTOM,2022,0.4411860119363683,44375.12723528146,0.0027170766405849,0.7247406601143968,135.0,0.5335277430435542,19.0,0.8006148713591107,13.0,0.257728077256096,0.0,0.5087698185740143,0.7477899797407206,9118.176829167423,0.09823883242090671,0.3786573685259209,0.5291899444612167,0.6324124771567161,0.24623647027160875
BEYOĞLU,YAHYA KAHYA,BEYOĞLU|YAHYA KAHYA,2022,0.6109368051694298,214446.01061190056,0.0131304693057186,0.66218722081589,88.0,0.5422170729953125,20.0,0.6767973848750449,9.0,0.0,0.0,0.3204721573692763,0.747789979740721,5943.700451605433,0.15278779203139697,0.33028331345403,0.5392776684698304,0.686820903599663,0.24623647027160875
BEYOĞLU,ESENŞEHİR,BEYOĞLU|ESENŞEHİR,2022,0.6745129569488443,386745.7816578717,0.0236803361400142,0.806676961521945,236.0,0.638210159254361,33.0,0.6965509754199704,10.0,0.0,0.0,0.35725058530850046,0.747789979740721,15939.923938396389,0.1031696497280813,0.32966961704197545,0.7251340432037217,0.733951626354678,0.24623647027160875
BEYOĞLU,ÇATMA MESCİT,BEYOĞLU|ÇATMA MESCİT,2022,0.5682105035137526,144269.82005260457,0.0088336007675638,0.6748853993427565,95.0,0.45680705642095987,12.0,0.3662008623138289,1.0,0.0,0.0,0.36532871547501017,0.7477899797407206,6484.036856296834,0.08787256314360421,0.42460816654765104,0.44670098642475836,0.6324124771567161,0.24623647027160875
BEYOĞLU,ÇUKUR,BEYOĞLU|ÇUKUR,2022,0.6051837809890601,203301.57226514036,0.0124480984599096,0.7258214360402142,136.0,0.5732687026608015,23.0,0.8063733821511193,18.0,0.0,0.0,0.36582376360094726,0.747789979740721,9185.718879753853,0.12124797781564231,0.32503043220147754,0.6064760534588198,0.686820903599663,0.24623647027160875
BEYOĞLU,ÖMER AVNİ,BEYOĞLU|ÖMER AVNİ,2022,0.5672474591319615,142986.52109146252,0.0087550247307736,0.7496354699125676,159.0,0.5869751513118114,24.0,0.5755210536682127,5.0,0.0,0.0,0.4140942259928815,0.747789979740721,10806.72809382806,0.11233555783909457,0.3407438472050692,0.4960627669516922,0.5680609671737329,0.24623647027160875
BEYOĞLU,ÖRNEKTEPE,BEYOĞLU|ÖRNEKTEPE,2022,0.7826826084397293,1054669.1199070322,0.0645770954988337,0.9399736565178355,584.0,0.9038678306132842,139.0,0.7397153661731871,17.0,0.257728077256096,0.0,0.34820839169361245,0.747789979740721,39444.55754247242,0.17964623820942613,0.2773717569431551,0.8609253226123328,0.6324124771567161,0.24623647027160875
BEYOĞLU,İSTİKLAL,BEYOĞLU|İSTİKLAL,2022,0.658659379660023,333860.35604870063,0.0204421763080842,0.9579926850101493,660.0,0.7136897541929441,53.0,0.8809094793680979,21.0,0.0,0.0,0.4678719926782075,0.747789979740721,44577.75338704075,0.05867205860884725,0.3651634192139696,0.7928062644460938,0.733951626354678,0.24623647027160875
BEYOĞLU,ŞAHKULU,BEYOĞLU|ŞAHKULU,2022,0.5219083426935076,93883.45031513128,0.0057484574283303,0.6947746394394643,110.0,0.6227137866331471,31.0,0.7651180171345142,11.0,0.16260831227163414,0.0,0.41842915420875226,0.747789979740721,7429.625564506791,0.19050254711504433,0.3761002525469215,0.48603392401102796,0.733951626354678,0.24623647027160875
BEYOĞLU,ŞEHİT MUHTAR,BEYOĞLU|ŞEHİT MUHTAR,2022,0.515603211476542,88547.62831880366,0.0054217465385188,0.8317997050590257,280.0,0.6524654401915636,35.0,0.8167368467489488,19.0,0.16260831227163414,0.0,0.512441768090225,0.747789979740721,18911.774164199105,0.0949442226744185,0.32477864154773006,0.5532485664668652,0.733951626354678,0.24623647027160875
BEŞİKTAŞ,ABBASAĞA,BEŞİKTAŞ|ABBASAĞA,2022,0.6656475088182551,542231.9681831622,0.0338993945159341,0.7514567924788029,162.0,0.6779511188716084,44.0,0.44656371174760906,4.0,0.0,0.0,0.32995715870757364,0.9731172803599611,16655.589466376994,0.17926184979632245,0.2607157768488914,0.696046131711843,0.5680609671737329,0.24623647027160875
BEŞİKTAŞ,AKAT,BEŞİKTAŞ|AKAT,2022,0.7786227100239351,1546091.076514674,0.0966589106428929,0.8641930768662698,349.0,0.5045837821888896,16.0,0.6845172764805035,13.0,0.3775648087257248,0.0,0.30416968902332164,0.9731172803599611,35881.485949170186,0.03344221455520384,0.274899148884286,0.7015878998020803,0.686820903599663,0.24623647027160875
BEŞİKTAŞ,ARNAVUTKÖY,BEŞİKTAŞ|ARNAVUTKÖY,2022,0.624957760104395,371769.2068544396,0.0232423607450924,0.7541472972154779,165.0,0.6331930405551094,34.0,0.7741607251822942,12.0,0.16260831227163414,0.0,0.36674483167655225,0.9731172803599611,16964.02630834694,0.13978028579471916,0.36851087050213677,0.5873798717503567,0.489301084236452,0.24623647027160875
BEŞİKTAŞ,BALMUMCU,BEŞİKTAŞ|BALMUMCU,2022,0.606924523986778,314502.76652868657,0.0196621630307627,0.7401754826030473,150.0,0.47000538508128537,13.0,0.523826582348671,4.0,0.0,0.0,0.3734721669483419,0.9731172803599611,15421.842098497216,0.06200824972282781,0.33139733928786297,0.6398556512898744,0.733951626354678,0.24623647027160875
BEŞİKTAŞ,BEBEK,BEŞİKTAŞ|BEBEK,2022,0.6648884660764961,538427.9137988662,0.0336615716875136,0.7970313533507207,221.0,0.5997017023825433,28.0,0.7855497119592952,14.0,0.16260831227163414,0.0,0.3594503983122856,0.9731172803599611,22721.514025119235,0.08899698610647103,0.3509235062865888,0.6882740997644955,0.5680609671737329,0.24623647027160875
BEŞİKTAŞ,CİHANNÜMA,BEŞİKTAŞ|CİHANNÜMA,2022,0.6260257349375378,375470.44895807886,0.0234737559295016,0.7468606184368886,157.0,0.5584187769777513,22.0,0.3645824468272942,3.0,0.0,0.0,0.36118103485478353,0.9731172803599611,16141.528063093752,0.0978375867942769,0.232714179865454,0.6143999967982027,0.5680609671737329,0.24623647027160875
BEŞİKTAŞ,DİKİLİTAŞ,BEŞİKTAŞ|DİKİLİTAŞ,2022,0.538076143784545,166041.83326048672,0.0103806450783529,0.8675271228115148,357.0,0.8072375489127069,91.0,0.7537145583608462,14.0,0.3252166245432683,0.0,0.515710354363891,0.9731172803599611,36703.984194423385,0.1710606759660487,0.3220745468857026,0.6763933299101675,0.7755238700769802,0.24623647027160875
BEŞİKTAŞ,ETİLER,BEŞİKTAŞ|ETİLER,2022,0.7474067659359132,1157460.6556325443,0.0723624162799367,0.7874216612488298,207.0,0.55050209871912,21.0,0.6510275391329627,9.0,0.16260831227163414,0.0,0.2829721530393055,0.9731172803599611,21282.142095926163,0.0720888850685217,0.3071464123538375,0.7971618200789865,0.6324124771567161,0.24623647027160875
BEŞİKTAŞ,GAYRETTEPE,BEŞİKTAŞ|GAYRETTEPE,2022,0.7372926549976845,1053825.8767306432,0.0658833511164817,0.722555060820062,133.0,0.565998471340334,23.0,0.7059399401239754,8.0,0.257728077256096,0.0,0.25173264797958445,0.9731172803599611,13674.033327334198,0.1190008240244272,0.3789783522258161,0.7627000346638475,0.6324124771567161,0.24623647027160875
BEŞİKTAŞ,KONAKLAR,BEŞİKTAŞ|KONAKLAR,2022,0.7745753212118898,1489133.0730308914,0.0930979958605972,0.7523590904234227,163.0,0.55050209871912,21.0,0.4308516892685634,3.0,0.3775648087257248,0.0,0.23918304123003914,0.9731172803599611,16758.401747033644,0.09041102933756032,0.2929510028364227,0.7815030211694508,0.733951626354678,0.24623647027160875
BEŞİKTAŞ,KURUÇEŞME,BEŞİKTAŞ|KURUÇEŞME,2022,0.6080463537221801,317792.7595096993,0.0198678476391263,0.7321449149263529,142.0,0.55050209871912,21.0,0.7057425863952727,5.0,0.16260831227163414,0.0,0.36737585150845886,0.9731172803599611,14599.343853244032,0.1028981809031253,0.47027472304704837,0.5711131493885385,0.5680609671737329,0.24623647027160875
BEŞİKTAŞ,KÜLTÜR,BEŞİKTAŞ|KÜLTÜR,2022,0.6562553522369492,496994.56469423696,0.0310712311509339,0.6388925362804685,75.0,0.45680705642095987,12.0,0.46900618166739383,3.0,0.16260831227163414,0.0,0.2676691947126345,0.9731172803599611,7710.921049248608,0.11072941191274767,0.32945079103518715,0.641694494785777,0.733951626354678,0.24623647027160875
BEŞİKTAŞ,LEVAZIM,BEŞİKTAŞ|LEVAZIM,2022,0.6788494475027703,612864.0049942795,0.0383151859517412,0.5478456626009098,40.0,0.34655868922470867,6.0,0.5101567831189879,4.0,0.0,0.0,0.19496269181302525,0.9731172803599611,4112.491226265925,0.10427002528838543,0.31848415222188775,0.6017684363538116,0.6324124771567161,0.24623647027160875
BEŞİKTAŞ,LEVENT,BEŞİKTAŞ|LEVENT,2022,0.5943818651090454,279957.8402280528,0.0175024746429443,0.7660922787365443,178.0,0.5997017023825433,28.0,0.6211473348117998,8.0,0.16260831227163414,0.0,0.4009632126387665,0.9731172803599611,18403.398237540012,0.10842632848736485,0.30073288163327516,0.6710729777517831,0.5680609671737329,0.24623647027160875
BEŞİKTAŞ,MECİDİYE,BEŞİKTAŞ|MECİDİYE,2022,0.7361398950106774,1042619.3381390685,0.065182737919243,0.7881292177805045,208.0,0.7933011506675484,81.0,0.7429392323969971,10.0,0.257728077256096,0.0,0.2928948110468749,0.9731172803599611,21384.95437658281,0.2556240306143402,0.37275460997326076,0.712297249495637,0.5680609671737329,0.24623647027160875
BEŞİKTAŞ,MURADİYE,BEŞİKTAŞ|MURADİYE,2022,0.6524649104280681,479824.9138245767,0.0299978146010361,0.6408209984347509,76.0,0.5869751513118114,24.0,0.6191802634982293,5.0,0.0,0.0,0.2720158061585758,0.9731172803599611,7813.733329905255,0.21951868133015826,0.3828131767233271,0.6317341611666922,0.5680609671737329,0.24623647027160875
BEŞİKTAŞ,NİSBETİYE,BEŞİKTAŞ|NİSBETİYE,2022,0.7503450227261352,1189435.274916762,0.0743614135674709,0.7025409195964298,116.0,0.6331930405551094,34.0,0.48918668836386286,4.0,0.3252166245432683,0.0,0.22911229988337287,0.9731172803599611,11926.22455617118,0.19176965441040825,0.29900119782082196,0.6014647518307671,0.733951626354678,0.24623647027160875
BEŞİKTAŞ,ORTAKÖY,BEŞİKTAŞ|ORTAKÖY,2022,0.7162408345903707,866913.1504968568,0.0541978943038218,0.7950241760745759,218.0,0.6430898052058168,36.0,0.690251472144728,6.0,0.257728077256096,0.18673331429495207,0.31407102270548626,0.9731172803599611,22413.07718314929,0.11402637527234144,0.4183998386243013,0.5515934639264064,0.6324124771567161,0.24623647027160875
BEŞİKTAŞ,SİNANPAŞA,BEŞİKTAŞ|SİNANPAŞA,2022,0.5842188415261841,254768.83146717405,0.0159277018601601,0.6501023765121663,81.0,0.6613720928498814,40.0,0.40778084303047646,4.0,0.0,0.0,0.3357116002218467,0.9731172803599611,8327.794733188499,0.2994225485835179,0.22755934606149805,0.62563887774559,0.5680609671737329,0.24623647027160875
BEŞİKTAŞ,TÜRKALİ,BEŞİKTAŞ|TÜRKALİ,2022,0.7345870540297552,1027711.5574438546,0.0642507295375953,0.7352078329895194,145.0,0.8236888618160699,101.0,0.4940715406812485,5.0,0.257728077256096,0.0,0.2616500065137645,0.9731172803599611,14907.780695213978,0.3943627597054304,0.2668763678244087,0.6368835027815613,0.733951626354678,0.24623647027160875
BEŞİKTAŞ,ULUS,BEŞİKTAŞ|ULUS,2022,0.6922516713002361,693982.8944323747,0.0433865970767075,0.6605202510563183,87.0,0.42705540286254334,10.0,0.43201575466300446,3.0,0.3252166245432683,0.0,0.25113851790287534,0.9731172803599611,8944.668417128385,0.0811728626197125,0.29404626443169923,0.5376922061181715,0.6324124771567161,0.24623647027160875
BEŞİKTAŞ,VİŞNEZADE,BEŞİKTAŞ|VİŞNEZADE,2022,0.678777075076722,612452.7558716527,0.0382894753756957,0.7050414074928294,118.0,0.7002421659594933,50.0,0.6191802634982293,5.0,0.3775648087257248,0.0,0.28972707016566723,0.9731172803599611,12131.849117484477,0.26356565061416,0.3828131767233271,0.5789388941595807,0.733951626354678,0.24623647027160875
BEŞİKTAŞ,YILDIZ,BEŞİKTAŞ|YILDIZ,2022,0.6700928746388198,565056.2944889381,0.0353263314864569,0.8248117747313185,267.0,0.638210159254361,34.0,0.4069056770314516,4.0,0.7355687751306029,0.0,0.372600511717665,0.9731172803599611,27450.878935325047,0.09189776835520219,0.22683088912762603,0.653136872709057,0.6324124771567161,0.24623647027160875
BÜYÜKÇEKMECE,19 MAYIS,BÜYÜKÇEKMECE|19 MAYIS,2022,0.7620870892230855,872795.2711051702,0.0501255080550525,0.8109711390324876,243.0,0.7406801751394602,63.0,0.5863767121782284,5.0,0.3775648087257248,0.0,0.2851637486348838,0.7487117304189281,16441.02719988809,0.1719832116278542,0.35105789567482426,0.7852910003529721,0.6324124771567161,0.24623647027160875
BÜYÜKÇEKMECE,AHMEDİYE,BÜYÜKÇEKMECE|AHMEDİYE,2022,0.5018593990598227,78077.96456243152,0.0044840958368628,0.4264028279038821,17.0,0.19565838377060382,2.0,0.5501592782312579,3.0,0.0,0.0,0.2630285448259696,0.7487117304189281,1150.1953185106895,0.08298038499299767,0.41070200036089727,0.8411020371435132,0.5680609671737329,0.24623647027160875
BÜYÜKÇEKMECE,ALKENT 2000,BÜYÜKÇEKMECE|ALKENT 2000,2022,0.6901386168807642,447831.93018954434,0.0257194370400304,0.655403255302033,84.0,0.5045837821888896,16.0,0.729545155760779,12.0,0.3775648087257248,0.0,0.24976693790972357,0.7487117304189281,5683.31804440576,0.13007712813479697,0.3274089337405561,0.712297249495637,0.5680609671737329,0.24623647027160875
BÜYÜKÇEKMECE,ATATÜRK,BÜYÜKÇEKMECE|ATATÜRK,2022,0.8428114810792013,1845183.925083737,0.1059707640059995,0.9855947838089032,796.0,0.974589167270175,237.0,1.0,33.0,0.0,0.0,0.32524019178180213,0.7487117304189281,53856.20432555934,0.19443917189493104,0.39278312326759923,0.9167721575078578,0.489301084236452,0.24623647027160875
BÜYÜKÇEKMECE,BAHÇELİEVLER,BÜYÜKÇEKMECE|BAHÇELİEVLER,2022,0.6398849987625929,280985.95045734674,0.0161373050350878,0.8060531751631479,235.0,0.6698544548109717,42.0,0.7481997101315838,7.0,0.0,0.1178156039716956,0.3868864941213667,0.7487117304189281,15899.758814706594,0.12267522672616583,0.44650516258312223,0.7897266991645312,0.6324124771567161,0.24623647027160875
BÜYÜKÇEKMECE,CELALİYE,BÜYÜKÇEKMECE|CELALİYE,2022,0.6952912500868135,469753.2997893951,0.026978403288855,0.8924884649624722,423.0,0.7933011506675484,85.0,0.8622730707909304,19.0,0.3775648087257248,0.18673331429495207,0.39382059682784415,0.7487117304189281,28619.56586647186,0.13660949279840728,0.36624580042635785,0.8505843310967451,0.489301084236452,0.24623647027160875
BÜYÜKÇEKMECE,CUMHURİYET,BÜYÜKÇEKMECE|CUMHURİYET,2022,0.7223554780960104,603784.8836699643,0.0346759716188596,0.893873688793115,427.0,0.8851035509675145,143.0,0.8283654218649281,16.0,0.540173120997359,0.18673331429495207,0.37118023450417326,0.7487117304189281,28890.20005906261,0.2154995922138228,0.36626950906341366,0.798135778534161,0.812711509291959,0.24623647027160875
BÜYÜKÇEKMECE,DİZDARİYE,BÜYÜKÇEKMECE|DİZDARİYE,2022,0.6912406363803731,452432.71146358707,0.0259836645243516,0.784557003199453,203.0,0.6967153985173783,49.0,0.5738121714453776,4.0,0.3775648087257248,0.0,0.3288696446531306,0.7487117304189281,13734.685273980584,0.1613142219184663,0.37992413119360374,0.8534440730641061,0.489301084236452,0.24623647027160875
BÜYÜKÇEKMECE,EKİNOBA,BÜYÜKÇEKMECE|EKİNOBA,2022,0.7737907921578591,972862.2638156004,0.0558724558390388,0.742116632373253,152.0,0.843497695400035,113.0,0.6260556461423693,6.0,0.3775648087257248,0.0,0.2337102623874683,0.7487117304189281,10284.09931844852,0.41469387244130884,0.35574115202219214,0.746236985165971,0.489301084236452,0.24623647027160875
BÜYÜKÇEKMECE,FATİH,BÜYÜKÇEKMECE|FATİH,2022,0.8056570321164062,1307366.125857768,0.0750833482285101,0.9855947838089032,796.0,0.9480064441802822,204.0,0.9658030392154335,25.0,0.4878249368149024,0.0,0.3572029184177116,0.7487117304189281,53856.20432555935,0.17021687876456734,0.41300986825649255,0.8352250648919164,0.5680609671737329,0.24623647027160875
BÜYÜKÇEKMECE,GÜZELCE,BÜYÜKÇEKMECE|GÜZELCE,2022,0.7474546436220721,762038.2277874057,0.0437646199398493,0.8739773416144327,373.0,0.7540771607483552,68.0,0.6524493700874426,7.0,0.0,0.0,0.3369212294248567,0.7487117304189281,25236.638459087484,0.12493910205302007,0.35268879298853045,0.7184980385892272,0.6324124771567161,0.24623647027160875
BÜYÜKÇEKMECE,HÜRRİYET,BÜYÜKÇEKMECE|HÜRRİYET,2022,0.5759962862304889,155344.0265470908,0.0089215632941395,0.9412291981732971,589.0,0.9462603916072518,202.0,0.7318117001785254,11.0,0.0,0.0,0.5298593326996077,0.7487117304189281,39850.884858988014,0.2199904198818469,0.3449309437577877,0.696148056348035,0.6324124771567161,0.24623647027160875
BÜYÜKÇEKMECE,KAMİLOBA,BÜYÜKÇEKMECE|KAMİLOBA,2022,0.7188183822368529,584299.2218034302,0.0335568905087933,0.8907384414271265,418.0,0.8526328226707347,119.0,0.7863436886806995,13.0,0.0,0.0,0.37225577329411763,0.7487117304189281,28281.27312573342,0.18689908165506222,0.36519289005378186,0.7014455847345732,0.733951626354678,0.24623647027160875
BÜYÜKÇEKMECE,KARAAĞAÇ,BÜYÜKÇEKMECE|KARAAĞAÇ,2022,0.6553145348333375,324219.76272371906,0.0186202662480474,0.8812877806813785,392.0,0.7912181335192904,84.0,0.5499445886603229,9.0,0.16260831227163414,0.3307502157051291,0.42155329773154443,0.7487117304189281,26522.150873893544,0.14485096723476162,0.22352427500442368,0.5715444975290798,0.686820903599663,0.24623647027160875
BÜYÜKÇEKMECE,KUMBURGAZ,BÜYÜKÇEKMECE|KUMBURGAZ,2022,0.7171829637704615,575503.6105442309,0.0330517497299439,0.8715914364453913,367.0,0.7566397364116862,69.0,0.8584851284239619,17.0,0.257728077256096,0.0,0.36151865063548927,0.7487117304189281,24830.68717020136,0.1285305632475216,0.38337400981035574,0.7530134826626725,0.489301084236452,0.24623647027160875
BÜYÜKÇEKMECE,MURAT ÇESME,BÜYÜKÇEKMECE|MURAT ÇESME,2022,0.811558418870469,1380910.9676943042,0.0793071022793506,0.8612126673366061,342.0,1.0,270.0,0.6820880019454832,5.0,0.0,0.0,0.2745870574900923,0.7487117304189281,23139.223466509164,0.4383996819559623,0.44590501775162034,0.7839278580496161,0.733951626354678,0.24623647027160875
BÜYÜKÇEKMECE,MİMAROBA,BÜYÜKÇEKMECE|MİMAROBA,2022,0.8098490422531716,1359192.5737388963,0.0780597931254225,0.7852783995223156,204.0,0.8465950940956967,115.0,0.6331289204785259,6.0,0.456499245823252,0.0,0.23021404618487415,0.7487117304189281,13802.343822128272,0.33353941024814615,0.3624851853097059,0.7204834610727512,0.5680609671737329,0.24623647027160875
BÜYÜKÇEKMECE,MİMARSİNAN,BÜYÜKÇEKMECE|MİMARSİNAN,2022,0.7285077388463974,639237.9628993527,0.0367120775274524,0.8481806609217827,313.0,0.7933011506675484,85.0,0.6840777747795808,9.0,0.3252166245432683,0.0,0.3369531678078785,0.7487117304189281,21177.125570226228,0.17923870807153072,0.3369392177447379,0.7334560311427439,0.5680609671737329,0.24623647027160875
BÜYÜKÇEKMECE,PINARTEPE,BÜYÜKÇEKMECE|PINARTEPE,2022,0.8360986803924021,1733817.954832643,0.0995749046061067,0.9295250251187702,544.0,0.8875600855822072,145.0,0.7744412188534164,13.0,0.3252166245432683,0.0,0.2960272559459458,0.7487117304189281,36806.25019234207,0.17628672667007822,0.3541025577913306,0.9186727750005367,0.5680609671737329,0.24623647027160875
BÜYÜKÇEKMECE,SİNANOBA,BÜYÜKÇEKMECE|SİNANOBA,2022,0.785045796251529,1079898.086985242,0.0620196305478057,0.7496354699125676,160.0,0.7104218471683882,53.0,0.5946224236925612,4.0,0.257728077256096,0.0,0.22909185872493498,0.7487117304189281,10825.36770363002,0.21345988137085573,0.40067786135160394,0.748017597175663,0.3877619350384901,0.24623647027160875
BÜYÜKÇEKMECE,TÜRKOBA,BÜYÜKÇEKMECE|TÜRKOBA,2022,0.6936639947857989,462716.8107820357,0.0265742906657755,0.8568476964357772,332.0,0.8355099918419872,108.0,0.7321581353474221,11.0,0.3775648087257248,0.0,0.37253180327504437,0.7487117304189281,22462.637985032292,0.21011860732166204,0.34524992468859944,0.7863613058861013,0.686820903599663,0.24623647027160875
BÜYÜKÇEKMECE,ULUS,BÜYÜKÇEKMECE|ULUS,2022,0.714539567294823,561565.9496258072,0.0322512958803826,0.8797785577586018,388.0,0.7826335350824153,80.0,0.5462592324393735,3.0,0.0,0.18673331429495207,0.36900323473696267,0.7487117304189281,26251.516681302797,0.1398575811216261,0.40669922551690946,0.7689653969232042,0.5680609671737329,0.24623647027160875
BÜYÜKÇEKMECE,YENİMAHALLE,BÜYÜKÇEKMECE|YENİMAHALLE,2022,0.5832136861440674,166101.73570257312,0.0095393893236553,0.8035313145388503,231.0,0.5802537522775366,25.0,0.7457889429476295,8.0,0.0,0.0,0.4347634639092248,0.7487117304189281,15629.124622115842,0.07666436138704356,0.4178927260517674,0.7580370828830101,0.3877619350384901,0.24623647027160875
BÜYÜKÇEKMECE,ÇAKMAKLI,BÜYÜKÇEKMECE|ÇAKMAKLI,2022,0.645597768715248,296276.7823387241,0.0170154728506259,0.7660922787365443,179.0,0.565998471340334,23.0,0.5458211717287834,8.0,0.0,0.27355936087800314,0.3564819246545062,0.7487117304189281,12110.880118436084,0.09018447851906972,0.2375249956800935,0.6709785639931908,0.686820903599663,0.24623647027160875
ESENLER,15 TEMMUZ,ESENLER|15 TEMMUZ,2022,0.8333628182978199,1109296.1847803995,0.0546001691503799,0.3665864848188257,11.0,0.45680705642095987,12.0,0.4923610378771328,2.0,0.0,0.0,0.034824007745711004,0.5242035412280236,488.40289915883744,0.550289006763279,0.42892872394730874,0.8167970400068965,0.733951626354678,0.24623647027160875
ESENLER,ATIŞALANI,ESENLER|ATIŞALANI,2022,0.8680624453579829,1530388.2843824371,0.0753265542057034,0.0,0.0,0.0,0.0,0.0,0.0,0.3252166245432683,0.0,0.0,0.5242035412280236,0.0,0.0,0.0,0.868522604305045,0.686820903599663,0.24623647027160875
ESENLER,BİRLİK,ESENLER|BİRLİK,2022,0.8440732741899294,1225136.4724081638,0.0603018919054768,0.9107893634740007,479.0,0.8091423364379576,93.0,0.7227689921307455,11.0,0.257728077256096,0.0,0.27777458660121984,0.5242035412280236,21267.726245189377,0.13237871134191073,0.33664537109642023,0.8272432580800982,0.6324124771567161,0.24623647027160875
ESENLER,DAVUTPAŞA,ESENLER|DAVUTPAŞA,2022,0.8446850774748954,1232107.313787067,0.0606450005572783,0.7532559032402674,164.0,0.8128918630534874,95.0,0.7769481511352654,13.0,0.3252166245432683,0.0,0.184501484440243,0.5242035412280236,7281.643223822666,0.3409182808300209,0.3564276446089329,0.696046131711843,0.686820903599663,0.24623647027160875
ESENLER,FATİH,ESENLER|FATİH,2022,0.8927732526881509,1924529.424003619,0.094726398167756,0.9810841061952719,772.0,0.9488730927806033,205.0,0.7443284391093612,15.0,0.0,0.0,0.2800915666231424,0.5242035412280236,34277.00346823841,0.1756974017073336,0.3019946314626253,0.8826327361553413,0.733951626354678,0.24623647027160875
ESENLER,FEVZİ ÇAKMAK,ESENLER|FEVZİ ÇAKMAK,2022,0.8610772832608877,1434394.9145659455,0.0706017076757994,0.8328459878422164,282.0,0.7540771607483552,68.0,0.8021463834376136,11.0,0.0,0.0,0.2171605517317426,0.5242035412280236,12520.874323890192,0.16116723058814378,0.4118615914407656,0.7905796393805031,0.812711509291959,0.24623647027160875
ESENLER,HAVAALANI,ESENLER|HAVAALANI,2022,0.8557123111535493,1364775.3013040314,0.067174991968635,0.8989554284422253,442.0,0.883862459283503,142.0,0.76911550170052,15.0,0.0,0.0,0.2608699240223872,0.5242035412280236,19624.916493473287,0.2078441428812019,0.32375187287363477,0.8018616412372361,0.0,0.24623647027160875
ESENLER,KAZIM KARABEKİR,ESENLER|KAZIM KARABEKİR,2022,0.6229111527810871,157532.13511050504,0.0077538184496296,0.9677089044297934,705.0,0.8788097534253907,138.0,0.7151913993343963,15.0,0.257728077256096,0.0,0.5055849096913138,0.5242035412280238,31302.185809725495,0.13337153173190755,0.27728426798708194,0.8857407968088082,0.6324124771567161,0.24623647027160875
ESENLER,KEMER,ESENLER|KEMER,2022,0.8023651021675522,832149.7396395392,0.0409588684844869,0.8317997050590257,280.0,0.6478393116294312,37.0,0.6484162618613325,4.0,0.0,0.0,0.2642843452863226,0.5242035412280236,12432.073796770408,0.09259444279605952,0.4556183978532603,0.7213249281872551,0.686820903599663,0.24623647027160875
ESENLER,MENDERES,ESENLER|MENDERES,2022,0.807059701307128,869179.5594484911,0.0427814966093434,0.8419428917405085,300.0,0.8219342078600275,100.0,0.7716184581710828,12.0,0.16260831227163414,0.0,0.26656345854811164,0.5242035412280236,13320.079067968294,0.21462650317955173,0.3661193134932114,0.8514238303466704,0.686820903599663,0.24623647027160875
ESENLER,MİMAR SİNAN,ESENLER|MİMAR SİNAN,2022,0.7694840131008733,613434.0413434998,0.0301935613585354,0.6793789016653243,99.0,0.7261928473473762,58.0,0.7877911931008307,14.0,0.0,0.0,0.2004392420084532,0.5242035412280236,4395.626092429537,0.34402509148163724,0.35299180199170405,0.7359818278626725,0.686820903599663,0.24623647027160875
ESENLER,NAMIK KEMAL,ESENLER|NAMIK KEMAL,2022,0.8055732941854795,857280.2888144394,0.0421958079553128,0.8599166831245459,339.0,0.6894451671969107,47.0,0.7694749864521561,14.0,0.0,0.0,0.2787985433326998,0.5242035412280236,15051.689346804173,0.09686567294960087,0.3362315195683194,0.6366965002173745,0.6324124771567161,0.24623647027160875
ESENLER,NİNE HATUN,ESENLER|NİNE HATUN,2022,0.8886709904929386,1852689.79756371,0.0911904121893173,0.887535113433572,409.0,0.8736095026422123,134.0,0.8052348408290093,15.0,0.3775648087257248,0.0,0.2271446037619504,0.5242035412280236,18159.707795996776,0.21142748972528227,0.3565775449045291,0.7857802177357518,0.686820903599663,0.24623647027160875
ESENLER,ORUÇREİS,ESENLER|ORUÇREİS,2022,0.8828412307846483,1755186.8187861822,0.0863912618749467,0.9726405699109252,729.0,0.9613908386098493,220.0,0.7448164572773779,12.0,0.3252166245432683,0.1178156039716956,0.2832391148358804,0.5242035412280236,32367.792135162956,0.1967607318316449,0.34126462315578593,0.8759356277138113,0.9053145831190337,0.24623647027160875
ESENLER,TUNA,ESENLER|TUNA,2022,0.8475266859487512,1265007.909084949,0.0622643859775646,0.976824550993417,750.0,0.8541108057250867,120.0,0.7128229872837701,12.0,0.5625323369257385,0.0,0.3157278980579381,0.5242035412280236,33300.19766992074,0.11072941191274767,0.312506264466019,0.9173072045472724,0.812711509291959,0.24623647027160875
ESENLER,TURGUT REİS,ESENLER|TURGUT REİS,2022,0.8984122514816077,2027848.837307493,0.0998118365928655,0.9518401611939475,633.0,0.886336053712944,144.0,0.757639063667583,14.0,0.3252166245432683,0.0,0.2575874686209371,0.5242035412280236,28105.3668334131,0.1529187362168386,0.3255762400193065,0.874679463134806,0.489301084236452,0.24623647027160875
ESENLER,YAVUZ SELİM,ESENLER|YAVUZ SELİM,2022,0.6284195697532475,165790.58413264537,0.0081603038587703,0.6408209984347509,76.0,0.6331930405551094,34.0,0.7936062827271181,12.0,0.257728077256096,0.0,0.29219430239728605,0.5242035412280236,3374.420030551968,0.2758514302580078,0.3869889534895281,0.7345418128756641,0.686820903599663,0.24623647027160875
ESENLER,ÇİFTE HAVUZLAR,ESENLER|ÇİFTE HAVUZLAR,2022,0.5739106229409523,99989.393536882,0.0049215330181978,0.585718323228703,52.0,0.5147634633977843,17.0,0.758095758195561,12.0,0.3775648087257248,0.0,0.30370610751427407,0.5242035412280236,2308.813705114504,0.21103105287306204,0.35349594062742945,0.7704596539622536,0.7755238700769802,0.24623647027160875
ESENYURT,AKEVLER,ESENYURT|AKEVLER,2022,0.7564066423095565,655441.9276357603,0.0124050086312018,0.6427245765113734,75.0,0.7070928542451279,52.0,0.7487580742209671,12.0,0.257728077256096,0.0,0.1896371448996661,0.6239364264268618,4123.960486023332,0.38496932856490224,0.3448777376736152,0.6092367837781145,0.6324124771567161,0.24623647027160875
ESENYURT,AKÇABURGAZ,ESENYURT|AKÇABURGAZ,2022,0.8360271229807557,1371564.9881372924,0.0259584790028148,0.7652704089002583,178.0,0.9248445105847618,179.0,0.8337016227528664,17.0,0.3775648087257248,0.6227028546485959,0.19789327469894138,0.6239364264268618,9533.311253404589,0.5192182903549398,0.3601030386824729,0.6809380948611373,0.733951626354678,0.24623647027160875
ESENYURT,AKŞEMSEDDİN,ESENYURT|AKŞEMSEDDİN,2022,0.4615816032228635,42524.99514159125,0.000804835500341,0.7025409195964298,116.0,0.7665365010623937,73.0,0.5798231245892695,7.0,0.0,0.1178156039716956,0.4764009278923896,0.6239364264268618,6212.719693229955,0.36419159259876727,0.2868061728795311,0.7497849323448486,0.686820903599663,0.24623647027160875
ESENYURT,ARDIÇLI,ESENYURT|ARDIÇLI,2022,0.8348416467693675,1356568.7681881166,0.0256746579195711,0.715796997378795,126.0,0.4822927351010046,14.0,0.7868712643596386,9.0,0.0,0.0,0.17124686660195745,0.6239364264268618,6801.856905519003,0.0780170103811444,0.435823912185589,0.6261528477434659,0.7755238700769802,0.24623647027160875
ESENYURT,ATATÜRK,ESENYURT|ATATÜRK,2022,0.8427205028463567,1459399.9906967503,0.0276208596332423,0.6482922279852514,80.0,0.6779511188716084,44.0,0.6430893650087266,8.0,0.0,0.18673331429495207,0.13078007112424675,0.6239364264268618,4284.634271193073,0.3269620610186464,0.32032113863887635,0.6267632671841423,0.733951626354678,0.24623647027160875
ESENYURT,AŞIK VEYSEL,ESENYURT|AŞIK VEYSEL,2022,0.8549342247740118,1634427.3006749873,0.0309334571333867,0.6180798802301182,65.0,0.5147634633977843,17.0,0.7191083845119786,8.0,0.5625323369257385,0.27355936087800314,0.10891084978175684,0.6239364264268618,3481.265345344371,0.17333231596409165,0.39170192069978643,0.7352629139423773,0.489301084236452,0.24623647027160875
ESENYURT,BALIKYOLU,ESENYURT|BALIKYOLU,2022,0.8452547829054584,1494105.5282934145,0.0282777027116063,0.7585252224505814,170.0,0.8322118246974151,106.0,0.7893584557921884,8.0,0.16260831227163414,0.0,0.18700905594652728,0.6239364264268618,9104.84782628528,0.36153982001963475,0.46173837506862336,0.7065158473225738,0.6324124771567161,0.24623647027160875
ESENYURT,BARBAROS HAYRETTİN PAŞA,ESENYURT|BARBAROS HAYRETTİN PAŞA,2022,0.5949346633722585,146588.050003193,0.0027743510887072,0.630916255726395,71.0,0.7406801751394602,63.0,0.45979018117881043,4.0,0.257728077256096,0.0,0.31437947937867294,0.6239364264268618,3802.612915683852,0.47386391530090755,0.2723985911353254,0.434112590894648,0.733951626354678,0.24623647027160875
ESENYURT,BATTALGAZİ,ESENYURT|BATTALGAZİ,2022,0.7985828821001171,969184.2721438728,0.0183429511513506,0.6778962233151745,98.0,0.8201620943739552,99.0,0.6772531274143659,8.0,0.16260831227163414,0.0,0.1774161930492618,0.6239364264268618,5248.676982211513,0.5209222926822841,0.3517621676804091,0.6660164913247705,0.686820903599663,0.24623647027160875
ESENYURT,BAĞLARÇEŞME,ESENYURT|BAĞLARÇEŞME,2022,0.8629698108638658,1760877.5696035728,0.0333266770531667,0.8028940554310637,230.0,0.8813540243519848,140.0,0.7172526981493172,7.0,0.0,0.0,0.198430533447915,0.6239364264268618,12318.32352968008,0.35469198579190286,0.41544074666011355,0.5783033268101762,0.0,0.24623647027160875
ESENYURT,CUMHURİYET,ESENYURT|CUMHURİYET,2022,0.7763400594000321,788533.379684695,0.0149239207449897,0.47486547384281136,24.0,0.45680705642095987,12.0,0.5352410659509297,3.0,0.16260831227163414,0.0,0.09230271895716576,0.6239364264268618,1285.3902813579218,0.302499066323156,0.39543997832706135,0.5063338328069242,0.733951626354678,0.24623647027160875
ESENYURT,ESENKENT,ESENYURT|ESENKENT,2022,0.7241884102269246,486145.3159952439,0.0092008713307255,0.632951119078263,72.0,0.39131676754120764,8.0,0.7191083845119786,8.0,0.3775648087257248,0.0,0.20900350514921817,0.6239364264268618,3856.170844073765,0.07860468626394478,0.39170192069978643,0.7779217310136863,0.733951626354678,0.24623647027160875
ESENYURT,FATİH,ESENYURT|FATİH,2022,0.8442645920389604,1480448.2565539863,0.0280192227965094,0.8151438486274645,250.0,0.8091423364379576,92.0,0.6973761446569371,8.0,0.257728077256096,0.0,0.22020371067368638,0.6239364264268618,13389.482097478352,0.2359543038542035,0.37077991173011665,0.6371326102535836,0.686820903599663,0.24623647027160875
ESENYURT,GÖKEVLER,ESENYURT|GÖKEVLER,2022,0.7660505760274694,716765.7556422112,0.0135656341323234,0.564821294711622,45.0,0.6172334792828835,31.0,0.5064551241491347,6.0,0.257728077256096,0.0,0.14060221301777354,0.6239364264268618,2410.106777546104,0.39098541353645894,0.24896778245302806,0.6011606777187471,0.6324124771567161,0.24623647027160875
ESENYURT,GÜZELYURT,ESENYURT|GÜZELYURT,2022,0.7975831563898461,960240.0981027574,0.0181736721481302,0.7279595206245807,135.0,0.9004968289774984,156.0,0.8131876002869904,8.0,0.3252166245432683,0.0,0.20645743086653473,0.6239364264268618,7390.994117808049,0.564260473023771,0.48622179584056,0.709761167139638,0.6324124771567161,0.24623647027160875
ESENYURT,HÜRRİYET,ESENYURT|HÜRRİYET,2022,0.8476174815567796,1527204.3280383807,0.0289041363881942,0.6879750371399594,105.0,0.7712860074860078,75.0,0.6224979309061787,6.0,0.16260831227163414,0.0,0.14735476195387273,0.6239364264268618,5623.582480940908,0.402120761966011,0.35236514729330576,0.48031356824047605,0.733951626354678,0.24623647027160875
ESENYURT,KOZA,ESENYURT|KOZA,2022,0.749596815660183,615327.0392717151,0.0116457872335249,0.585718323228703,52.0,0.656974438900131,39.0,0.7783274593690862,12.0,0.0,0.0,0.16317022924285102,0.6239364264268618,2785.0122762754972,0.4175038738598527,0.3724429029223537,0.7079744718507374,0.686820903599663,0.24623647027160875
ESENYURT,MEHMET AKİF ERSOY,ESENYURT|MEHMET AKİF ERSOY,2022,0.8368952252258512,1382651.4793140043,0.02616830387507,0.7146399306312402,126.0,0.8033657456456684,90.0,0.7937336097296871,6.0,0.0,0.0,0.16910707241730866,0.6239364264268618,6748.2989771290895,0.402120761966011,0.5251118669021597,0.5575194160279087,0.6324124771567161,0.24623647027160875
ESENYURT,MEHTERÇEŞME,ESENYURT|MEHTERÇEŞME,2022,0.8654917353681904,1802545.6378909256,0.0341152942058939,0.7391952447503807,149.0,0.7804211347567076,79.0,0.7878567409984887,5.0,0.0,0.0,0.16144607517225315,0.6239364264268618,7980.131330097098,0.31737107694699923,0.557076202876911,0.5400664403718303,0.6324124771567161,0.24623647027160875
ESENYURT,SARIYER MERKEZ,ESENYURT|SARIYER MERKEZ,2022,0.8589400662763101,1696286.7079653374,0.032104219101767,0.0,0.0,0.0,0.0,0.0,0.0,0.0,0.0,0.0,0.6239364264268618,0.0,0.0,0.0,0.653136872709057,0.733951626354678,0.24623647027160875
ESENYURT,MEVLANA,ESENYURT|MEVLANA,2022,0.8131058004657833,1108916.907313157,0.0209875554591464,0.601539747340635,58.0,0.6331930405551094,34.0,0.45979018117881043,4.0,0.456499245823252,0.0,0.12745792544337373,0.6239364264268618,3106.3598466149774,0.3441889334707965,0.2723985911353254,0.7006970254998725,0.733951626354678,0.24623647027160875
ESENYURT,NAMIK KEMAL,ESENYURT|NAMIK KEMAL,2022,0.8165297440090801,1144693.6034776194,0.0216646714720279,0.7459239470105262,154.0,0.8419285580606907,112.0,0.46012672650609526,2.0,0.0,0.0,0.2019851170631504,0.6239364264268618,8355.036828826493,0.40371319478967965,0.39473258791288246,0.7600884208439739,0.686820903599663,0.24623647027160875
ESENYURT,NECİP FAZIL KISAKÜREK,ESENYURT|NECİP FAZIL KISAKÜREK,2022,0.811473854901413,1092260.391583894,0.0206723113274007,0.6718118453793613,94.0,0.7848187887064582,81.0,0.5863767121782284,5.0,0.257728077256096,0.0,0.16459542624516849,0.6239364264268618,5034.44526865186,0.4636662969112998,0.35105789567482426,0.5568784343103783,0.5680609671737329,0.24623647027160875
ESENYURT,ORHAN GAZİ,ESENYURT|ORHAN GAZİ,2022,0.7869608285408937,870155.6625509231,0.0164687183552162,0.8259086218216007,269.0,0.7461604824897238,65.0,0.7587030698581795,10.0,0.3252166245432683,0.4712624158867824,0.2735080865724294,0.6239364264268618,14407.082736886709,0.16146828583117454,0.38782977626593484,0.7405319517591747,0.686820903599663,0.24623647027160875
ESENYURT,OSMANGAZİ,ESENYURT|OSMANGAZİ,2022,0.8596290011562664,1707158.9674284896,0.0323099893871187,0.8072981214040859,234.0,0.9723299919117818,234.0,0.6139424314487345,7.0,0.257728077256096,0.5836816305025756,0.20354078369574127,0.6239364264268618,12693.229028409476,0.5123886996555616,0.3171100711515546,0.5966038269992008,0.686820903599663,0.24623647027160875
ESENYURT,PINAR,ESENYURT|PINAR,2022,0.8754903966922662,1977680.0637259425,0.0374299189994901,0.8629231242257369,346.0,0.9400107701625707,195.0,0.8158269124035058,14.0,0.0,0.0,0.22325141243901814,0.6239364264268618,18531.043222910037,0.33347181386735547,0.37924896780502915,0.6319728337654635,0.733951626354678,0.24623647027160875
ESENYURT,PİRİ REİS,ESENYURT|PİRİ REİS,2022,0.7862683816864006,864585.6379983721,0.0163632990957257,0.5679940031006545,46.0,0.638210159254361,34.0,0.45293779761353764,4.0,0.257728077256096,0.0,0.12866252792813165,0.6239364264268618,2463.6647059360166,0.4221234210939818,0.2663230144356709,0.4788616449389798,0.5680609671737329,0.24623647027160875
ESENYURT,SAADETDERE,ESENYURT|SAADETDERE,2022,0.7832748445746042,840913.0336500303,0.015915267242891,0.7075002186450978,115.0,0.7406801751394602,63.0,0.6656572221930802,2.0,0.16260831227163414,0.0,0.2058607006858033,0.6239364264268618,6426.951406789608,0.31483082633709253,0.6189957429408032,0.7275052816631982,0.5680609671737329,0.24623647027160875
ESENYURT,SELAHADDİN EYYUBİ,ESENYURT|SELAHADDİN EYYUBİ,2022,0.850597391174675,1569997.1128219217,0.0297140401221647,0.8041658327387794,232.0,1.0,270.0,0.8391025226729635,16.0,0.0,0.18673331429495207,0.20881279074918174,0.6239364264268618,12425.439386459908,0.5810351984341834,0.37635743519024645,0.6288415165737928,0.846351820920547,0.24623647027160875
ESENYURT,SULTANİYE,ESENYURT|SULTANİYE,2022,0.8163782833669728,1143086.8656259216,0.0216342620702518,0.7062759356514878,119.0,0.7540771607483552,68.0,0.5359333384710508,3.0,0.257728077256096,0.0,0.17976800442883972,0.6239364264268618,6373.393478399695,0.33720553307821816,0.39614522187780554,0.5933506090646163,0.7755238700769802,0.24623647027160875
ESENYURT,SÜLEYMANİYE,ESENYURT|SÜLEYMANİYE,2022,0.868215631074597,1848659.0142346409,0.0349880440368683,0.7382084500740477,148.0,0.8271471439906899,103.0,0.7490764423503524,8.0,0.0,0.0,0.15896227502055574,0.6239364264268618,7926.573401707183,0.3940963226483481,0.4211561742533879,0.7031760178894247,0.6324124771567161,0.24623647027160875
ESENYURT,TALATPAŞA,ESENYURT|TALATPAŞA,2022,0.8342182971707583,1348749.3106431891,0.0255266654975941,0.7970313533507207,221.0,0.7912181335192904,84.0,0.6828641516663814,6.0,0.0,0.0,0.21761794394397216,0.6239364264268618,11836.302174170862,0.2403407654142554,0.41103247337929916,0.6519119307692612,0.733951626354678,0.24623647027160875
ESENYURT,TURGUT ÖZAL,ESENYURT|TURGUT ÖZAL,2022,0.814877478415149,1127287.2767508973,0.02133523628612,0.7459239470105262,156.0,0.8013978147281852,89.0,0.4796556112033358,3.0,0.3252166245432683,0.0,0.20327264007429469,0.6239364264268618,8355.03682882649,0.3367706426580701,0.33984836412539615,0.8014807895164383,0.6324124771567161,0.24623647027160875
ESENYURT,YENİKENT,ESENYURT|YENİKENT,2022,0.8270072947244684,1261503.4452960202,0.0238754349811512,0.7372150102656643,147.0,0.7037004481341133,51.0,0.5510157440445572,4.0,0.0,0.0,0.1889685350603562,0.6239364264268618,7873.015473317269,0.22220072554152143,0.3575495469200296,0.49368057868075643,0.6324124771567161,0.24623647027160875
ESENYURT,YEŞİLKENT,ESENYURT|YEŞİLKENT,2022,0.8732747046650662,1937458.0595051176,0.0366686703083614,0.7567896112076081,168.0,0.8599030539912025,124.0,0.8599540324458275,12.0,0.3775648087257248,0.0,0.16518734345766337,0.6239364264268618,8997.73196950545,0.412411331938836,0.4522780700355258,0.5823279116014842,0.846351820920547,0.24623647027160875
ESENYURT,YUNUS EMRE,ESENYURT|YUNUS EMRE,2022,0.7892070599177226,888472.4740602734,0.0168153855354639,0.7362148352207168,146.0,0.8749238697586197,135.0,0.5484352874257157,4.0,0.0,0.0,0.21786417934283767,0.6239364264268618,7819.457544927356,0.48847772378667836,0.3550418509479308,0.7311375916736965,0.6324124771567161,0.24623647027160875
ESENYURT,ZAFER,ESENYURT|ZAFER,2022,0.7993192431824432,975825.455264222,0.0184686433453585,0.66218722081589,88.0,0.6057394309575813,29.0,0.555661978789327,4.0,0.16260831227163414,0.0,0.1682783449826435,0.6239364264268618,4713.097698312379,0.21250401385426937,0.36207786255579544,0.7022233208912593,0.812711509291959,0.24623647027160875
ESENYURT,ÇINAR,ESENYURT|ÇINAR,2022,0.8555367642782171,1643585.7064296626,0.0311067907235106,0.8242602778122029,264.0,0.886336053712944,144.0,0.71167613038988,8.0,0.0,0.0,0.21655876755957984,0.6239364264268618,14246.408951716969,0.32278857248046094,0.3845036081769323,0.6211371579282075,0.5680609671737329,0.24623647027160875
ESENYURT,ÖRNEK,ESENYURT|ÖRNEK,2022,0.8347010675306529,1354801.3565512495,0.0256412075776174,0.6748853993427565,96.0,0.8128918630534874,95.0,0.7890980949951905,15.0,0.0,0.0,0.1496268625943694,0.6239364264268618,5141.561125431687,0.5132297147248194,0.34175457381252056,0.6005513567204345,0.6324124771567161,0.24623647027160875
ESENYURT,ÜÇEVLER,ESENYURT|ÜÇEVLER,2022,0.8501402910838606,1563355.9297015723,0.0295883479281567,0.8016112190514669,228.0,0.8322118246974151,106.0,0.6473621492652539,4.0,0.0,0.0,0.20769901768722385,0.6239364264268618,12211.207672900257,0.28484014736092517,0.45452549720683966,0.599430183649125,0.686820903599663,0.24623647027160875
ESENYURT,İNCİRTEPE,ESENYURT|İNCİRTEPE,2022,0.8463240253639247,1508994.63238581,0.0285594965013983,0.8209072867977067,260.0,0.7869775537551676,82.0,0.6239879949843781,9.0,0.0,0.0,0.2219348674797811,0.6239364264268618,13925.061381377483,0.20451525167763895,0.2836173155991822,0.5587052313130509,0.5680609671737329,0.24623647027160875
ESENYURT,İNÖNÜ,ESENYURT|İNÖNÜ,2022,0.8508398985724526,1573531.936095656,0.0297809408060721,0.7559140878422842,167.0,0.7933011506675484,85.0,0.5676153432364313,6.0,0.0,0.0,0.1813306972010251,0.6239364264268618,8944.174041115539,0.3069531362371792,0.30174811435209903,0.6211371579282075,0.686820903599663,0.24623647027160875
ESENYURT,İSTİKLAL,ESENYURT|İSTİKLAL,2022,0.8067618450982519,1045557.8780278894,0.0197884113824418,0.7341939097264867,144.0,0.7781809047667624,78.0,0.5569106600580681,3.0,0.3252166245432683,0.0,0.20287080959275522,0.6239364264268618,7712.34168814753,0.3229401941646813,0.41765212802688345,0.5379571874065987,0.686820903599663,0.24623647027160875
ESENYURT,ŞEHİTLER,ESENYURT|ŞEHİTLER,2022,0.5456760159759952,92815.88989971991,0.0017566497759333,0.6748853993427565,96.0,0.6430898052058168,35.0,0.5132761098300721,1.0,0.0,0.0,0.384892793908128,0.6239364264268618,5141.561125431687,0.23758383743536315,0.5951412199048433,0.5527159241352743,0.5680609671737329,0.24623647027160875
EYÜPSULTAN,5.LEVENT,EYÜPSULTAN|5.LEVENT,2022,0.7536310798716103,704234.6736002765,0.0307576855531457,0.6960977447572277,111.0,0.47000538508128537,13.0,0.5386787607913992,6.0,0.3252166245432683,0.1178156039716956,0.2226653561916459,0.6759553082554427,6554.041147784915,0.08262655311790981,0.2762642060989214,0.9379344806252673,0.846351820920547,0.24623647027160875
EYÜPSULTAN,AKPINAR,EYÜPSULTAN|AKPINAR,2022,0.49892557858514114,66308.00188254469,0.0028960242203557,0.7725074309231674,187.0,0.4100810471869776,9.0,0.47627174010303186,3.0,0.0,0.0,0.48881032120936624,0.6759553082554427,11041.49274446648,0.03506906918972788,0.336535082735732,0.4780105641760555,0.686820903599663,0.24623647027160875
EYÜPSULTAN,AKŞEMSETTİN,EYÜPSULTAN|AKŞEMSETTİN,2022,0.8835291621222088,2349062.820031307,0.1025961064849796,1.0,872.75,0.8555766241719459,121.0,0.8250179337207226,27.0,0.16260831227163414,0.1178156039716956,0.2995448200272852,0.6759553082554427,51827.11367088478,0.09634747837959345,0.2728312931769736,0.9076396917113415,0.6324124771567161,0.24623647027160875
EYÜPSULTAN,ALİBEYKÖY,EYÜPSULTAN|ALİBEYKÖY,2022,0.7614247259890478,757021.2752770307,0.0330631580847557,0.980510449267413,769.0,0.795360086153147,86.0,0.8449540388554253,29.0,0.16260831227163414,0.1178156039716956,0.3923528253122278,0.6759553082554427,45405.92470852793,0.07908960957944978,0.27760262673989555,0.9203746364695846,0.733951626354678,0.24623647027160875
EYÜPSULTAN,AĞAÇLI,EYÜPSULTAN|AĞAÇLI,2022,0.4994996788449511,66662.27437701954,0.0029114971903665,0.66218722081589,88.0,0.34655868922470867,6.0,0.5579453174686623,7.0,0.16260831227163414,0.0,0.4169991796304567,0.6759553082554427,5195.996585631284,0.0492082383282877,0.26803151968918454,0.4268189157954585,0.489301084236452,0.24623647027160875
EYÜPSULTAN,DEFTERDAR,EYÜPSULTAN|DEFTERDAR,2022,0.5882321636204612,151864.80929822344,0.0066327464779652,0.7867106947929912,206.0,0.6524654401915636,38.0,0.6958261547553999,12.0,0.16260831227163414,0.2356312079433912,0.41956183447037415,0.6759553082554427,12163.355643636867,0.12630109966111058,0.2976602963990238,0.8582921023041541,0.5680609671737329,0.24623647027160875
EYÜPSULTAN,DÜĞMECİLER,EYÜPSULTAN|DÜĞMECİLER,2022,0.7981649630877409,1064352.664233972,0.0464859595691293,0.8486497400262334,314.0,0.6739487945756967,43.0,0.6967575864643545,16.0,0.16260831227163414,0.0,0.2780850215156987,0.6759553082554427,18540.260544184355,0.09575071971431078,0.2521245755199364,0.8112415814210653,0.5680609671737329,0.24623647027160875
EYÜPSULTAN,EMNİYETTEPE,EYÜPSULTAN|EMNİYETTEPE,2022,0.745610441628925,653750.8431376088,0.028552787326606,0.923446345778989,522.0,0.7136897541929441,54.0,0.4706082101443905,4.0,0.16260831227163414,0.0,0.36979748852766314,0.6759553082554427,30821.70701931285,0.07344165877486204,0.2820885102717396,0.9116622606423681,0.686820903599663,0.24623647027160875
EYÜPSULTAN,ESENTEPE,EYÜPSULTAN|ESENTEPE,2022,0.8413425294063613,1588498.8198095278,0.0693782187001157,0.9223137087063129,518.0,0.8450531283081522,114.0,0.5622334755597732,10.0,0.16260831227163414,0.0,0.2871501250301114,0.6759553082554427,30585.525356329606,0.1484007970627684,0.21783066476982846,0.9240658326070473,0.5680609671737329,0.24623647027160875
EYÜPSULTAN,GÖKTÜRK MERKEZ,EYÜPSULTAN|GÖKTÜRK MERKEZ,2022,0.8777358644794047,2226189.309864276,0.0972295647195653,0.9051507693423202,461.0,0.8147374333093891,96.0,0.7476397860526963,13.0,0.16260831227163414,0.18673331429495207,0.2464788107614622,0.6759553082554427,27219.93665881843,0.141129037508255,0.32961913701939405,0.6914135594074078,0.489301084236452,0.24623647027160875
EYÜPSULTAN,GÜZELTEPE,EYÜPSULTAN|GÜZELTEPE,2022,0.8565370563651483,1828872.7073107203,0.0798766288524471,1.0,872.75,0.9027512380157316,158.0,0.7273413431943215,18.0,0.456499245823252,0.18673331429495207,0.3225167212501756,0.6759553082554427,51827.11367088477,0.12348639228064141,0.25821498612232535,0.8875010993425276,0.686820903599663,0.24623647027160875
EYÜPSULTAN,IŞIKLAR,EYÜPSULTAN|IŞIKLAR,2022,0.44183955885054593,39029.01980798044,0.0017046055295237,0.6267603399448642,69.0,0.19565838377060382,2.0,0.40291943676063785,2.0,0.0,0.18673331429495207,0.4445738067410809,0.6759553082554427,4074.1336864608934,0.021317292938866073,0.33531844345599937,0.5392776684698304,0.6324124771567161,0.24623647027160875
EYÜPSULTAN,KARADOLAP,EYÜPSULTAN|KARADOLAP,2022,0.8289805619499288,1416440.4783262373,0.0618635129315346,1.0,872.75,0.9208421862888501,175.0,0.8450525943997289,30.0,0.5625323369257385,0.0,0.34617281044631343,0.6759553082554427,51827.11367088477,0.13563214907165322,0.272218616241903,0.9536252778438065,0.686820903599663,0.24623647027160875
EYÜPSULTAN,SARIYER MERKEZ,EYÜPSULTAN|SARIYER MERKEZ,2022,0.7543967960846774,709253.5339386703,0.0309768859616321,0.8157304309273407,251.0,0.7231483982391199,57.0,0.579637985827556,8.0,0.515456154512192,0.0,0.29458795593262094,0.6759553082554427,14820.39935219832,0.15267769766173825,0.265088602121987,0.7467862918725686,0.6324124771567161,0.24623647027160875
EYÜPSULTAN,MİMAR SİNAN,EYÜPSULTAN|MİMAR SİNAN,2022,0.6843670891952852,370450.93838921224,0.016179568974632,0.8133699765052023,247.0,0.7261928473473762,58.0,0.7640876154030085,21.0,0.257728077256096,0.5329461839562417,0.3529811031721437,0.6759553082554427,14584.217689215082,0.1573603804212577,0.26350663958401266,0.8367502596018472,0.6324124771567161,0.24623647027160875
EYÜPSULTAN,MİTHATPAŞA,EYÜPSULTAN|MİTHATPAŞA,2022,0.46492041205793133,48358.19549581843,0.0021120604064749,0.9231640007089632,521.0,0.7994078953007748,88.0,0.792007831955774,24.0,0.0,0.18673331429495207,0.6163224798832814,0.6759553082554427,30762.66160356703,0.11643540144511653,0.2648822277109022,0.7397914110252634,0.9053145831190337,0.24623647027160875
EYÜPSULTAN,NİŞANCI,EYÜPSULTAN|NİŞANCI,2022,0.5345491530692869,92287.9848107011,0.0040307086878147,0.8907384414271265,418.0,0.6331930405551094,34.0,0.7126322996430261,14.0,0.0,0.0,0.5338165519627835,0.6759553082554427,24680.9837817486,0.058342019012826256,0.2864032291829236,0.7809132781346075,0.6324124771567161,0.24623647027160875
EYÜPSULTAN,ODAYERİ,EYÜPSULTAN|ODAYERİ,2022,0.5663784364231077,123995.37306620112,0.0054155395037818,0.39950579391771857,14.0,0.5147634633977843,17.0,0.520868407677873,5.0,0.0,0.0,0.1944211986955563,0.6759553082554427,826.6358204413408,0.5930610060690503,0.2904491302101613,0.6765515052499129,0.733951626354678,0.24623647027160875
EYÜPSULTAN,PİRİNÇÇİ,EYÜPSULTAN|PİRİNÇÇİ,2022,0.6207939674469616,205419.00137967317,0.0089717437779319,0.7362148352207168,146.0,0.49378678342630683,15.0,0.535009776028776,5.0,0.257728077256096,0.27355936087800314,0.3589327432448978,0.6759553082554427,8620.630698888268,0.0729624459366502,0.30318829437354045,0.7193825023851484,0.812711509291959,0.24623647027160875
EYÜPSULTAN,RAMİ CUMA,EYÜPSULTAN|RAMİ CUMA,2022,0.7774403136509335,878241.5138031786,0.0383574926567863,0.784557003199453,203.0,0.8541108057250867,120.0,0.6171936936381185,11.0,0.456499245823252,0.0,0.25621772317702185,0.6759553082554427,11986.219396399438,0.34650228259452814,0.24631963393203135,0.8106136983047268,0.5680609671737329,0.24623647027160875
EYÜPSULTAN,RAMİ YENİ,EYÜPSULTAN|RAMİ YENİ,2022,0.7783067521449921,885326.9636926758,0.0386669520570024,0.8434059641029814,303.0,0.861322152622493,125.0,0.7338813849611957,14.0,0.3775648087257248,0.18673331429495207,0.2915420271985081,0.6759553082554427,17890.760970980446,0.25768005291845775,0.30462457546376354,0.8157666346772462,0.733951626354678,0.24623647027160875
EYÜPSULTAN,SAKARYA,EYÜPSULTAN|SAKARYA,2022,0.7207609602679325,519186.3406529078,0.0226756375508351,0.8849946403752369,402.0,0.7804211347567076,79.0,0.5284228504354034,8.0,0.257728077256096,0.0,0.3669240865659881,0.6759553082554427,23736.25712981564,0.1338535025545534,0.2238940086888013,0.8366845586029636,0.686820903599663,0.24623647027160875
EYÜPSULTAN,SİLAHTARAĞA,EYÜPSULTAN|SİLAHTARAĞA,2022,0.7368182375551121,602558.4676859915,0.0263169431600446,0.7748429718513588,190.0,0.6698544548109717,42.0,0.4900574183155919,6.0,0.0,0.0,0.28410468953686696,0.6759553082554427,11218.628991703908,0.14899700473539224,0.23554233937805802,0.7786937186828026,0.5680609671737329,0.24623647027160875
EYÜPSULTAN,TOPÇULAR,EYÜPSULTAN|TOPÇULAR,2022,0.7397470997491339,619150.2295105641,0.0270415939222173,0.8900325776208936,416.0,0.7781809047667624,78.0,0.809280114196783,20.0,0.16260831227163414,0.5537851443253394,0.3536951399518437,0.6759553082554427,24562.89295025698,0.12820965658490438,0.3093563672117991,0.7431675080262428,0.8770630192749421,0.24623647027160875
EYÜPSULTAN,YEŞİLPINAR,EYÜPSULTAN|YEŞİLPINAR,2022,0.8802656908722817,2279034.9569567763,0.0995376160795104,0.9679177158645949,706.0,0.8450531283081522,114.0,0.6315626321167024,10.0,0.16260831227163414,0.0,0.2824992107635169,0.6759553082554427,41686.0635165419,0.11167622791626547,0.27293768098774013,0.9197095290343208,0.733951626354678,0.24623647027160875
EYÜPSULTAN,ÇIRÇIR,EYÜPSULTAN|ÇIRÇIR,2022,0.8379964603056318,1539963.488066472,0.0672584218086354,1.0,872.75,0.8935571483422664,150.0,0.8407199857398742,28.0,0.3775648087257248,0.0,0.3384132260364613,0.6759553082554427,51827.11367088477,0.11770159377318247,0.2798177688417553,0.9433019473265948,0.5680609671737329,0.24623647027160875
EYÜPSULTAN,ÇİFTALAN,EYÜPSULTAN|ÇİFTALAN,2022,0.5532981216817451,109824.4732872067,0.0047966207033496,0.4491439461085149,20.0,0.42705540286254334,10.0,0.3157574886066514,2.0,0.0,0.0,0.23519761687942375,0.6759553082554427,1180.908314916201,0.302499066323156,0.24874657579985737,0.61973463467736,0.5680609671737329,0.24623647027160875
EYÜPSULTAN,İHSANİYE,EYÜPSULTAN|İHSANİYE,2022,0.5363948669653389,93882.21103583796,0.0041003370528634,0.4915843169347149,27.0,0.24689339171315342,3.0,0.209896022485247,1.0,0.0,0.0,0.2757870407881939,0.6759553082554427,1594.226225136871,0.07860468626394478,0.24337344458989185,0.5667559359213428,0.5680609671737329,0.24623647027160875
EYÜPSULTAN,İSLAMBEY,EYÜPSULTAN|İSLAMBEY,2022,0.7809142127287816,906996.631271388,0.0396133820559966,0.9083098890744042,471.0,0.7759121360481404,77.0,0.677139288902187,18.0,0.5625323369257385,0.0,0.32979252759233135,0.6759553082554427,27810.39081627653,0.1129654773521539,0.21971064382026595,0.7730258374710415,0.733951626354678,0.24623647027160875
FATİH,AKSARAY,FATİH|AKSARAY,2022,0.726549981653119,739185.8395242136,0.026326019289101,0.8186288592078498,256.0,0.7826335350824153,80.0,0.7768789359056696,11.0,0.3775648087257248,0.0,0.3200578283677128,0.8362245631493358,20395.729135395417,0.20287737068030098,0.3873382809474011,0.6118688054443356,0.686820903599663,0.24623647027160875
FATİH,AKŞEMSETTİN,FATİH|AKŞEMSETTİN,2022,0.8056123799788059,1538841.8291021972,0.0548056760690866,0.8581708017535407,335.0,0.7712860074860078,75.0,0.6846270014738288,13.0,0.3252166245432683,0.0,0.2776942697995868,0.8362245631493358,26689.723673271343,0.15072287376151278,0.27499040259510255,0.727802679114776,0.686820903599663,0.24623647027160875
FATİH,ALEMDAR,FATİH|ALEMDAR,2022,0.07474546436220723,1673.0871556379052,5.958680804819154e-05,0.7214499975701577,132.0,0.5243926157728545,18.0,0.7667265917301539,15.0,0.3775648087257248,0.0,0.8348277178203665,0.8362245631493358,10516.54783543826,0.09537066137973475,0.32162674794415375,0.4824031839621315,0.6324124771567161,0.24623647027160875
FATİH,ALİ KUŞÇU,FATİH|ALİ KUŞÇU,2022,0.7329129703819753,784120.1802756316,0.0279263507052524,0.7756133404638514,191.0,0.849639543203953,117.0,0.6719484541068009,12.0,0.456499245823252,0.0,0.2878650098099104,0.8362245631493358,15217.126034611423,0.35648449974994834,0.2773429813166421,0.7970286969427649,0.733951626354678,0.24623647027160875
FATİH,ATİKALİ,FATİH|ATİKALİ,2022,0.7680383358141725,1086072.576459806,0.038680350824426,0.7852783995223156,204.0,0.7616568551109377,71.0,0.6449699268863288,10.0,0.42033638952773006,0.0,0.264434418418161,0.8362245631493358,16252.846654768224,0.22280999833539847,0.2842640244912258,0.8087200072373729,0.6324124771567161,0.24623647027160875
FATİH,AYVANSARAY,FATİH|AYVANSARAY,2022,0.7868014273133995,1292499.6631387493,0.0460322279507529,0.9327380433145763,556.0,0.9381841291659658,193.0,0.8372159116856405,27.0,0.4878249368149024,0.0,0.34009921144188804,0.8362245631493358,44296.97421593692,0.22230237199788783,0.2828541701789515,0.8299241777204361,0.489301084236452,0.24623647027160875
FATİH,BALABANAĞA,FATİH|BALABANAĞA,2022,0.3337669678010931,19280.337698303476,0.0006866670260791,0.6288529318257636,70.0,0.3703400875697301,7.0,0.7283140076441686,10.0,0.5625323369257385,0.0,0.5412767008683448,0.8362245631493358,5576.957185459683,0.0711065880278142,0.35895865368736724,0.4165470941171531,0.686820903599663,0.24623647027160875
FATİH,BALAT,FATİH|BALAT,2022,0.7432673963060843,863153.6306752887,0.030741118018767,0.9358825727540728,568.0,0.9167478465241251,171.0,0.896440221937756,33.0,0.456499245823252,0.0,0.37973285380641514,0.8362245631493358,45253.024019158576,0.1963440123697137,0.29925226361922214,0.7963619574375507,0.6324124771567161,0.24623647027160875
FATİH,BEYAZIT,FATİH|BEYAZIT,2022,0.08412832843536273,1832.4287895081816,6.52617421480193e-05,0.6408209984347509,76.0,0.565998471340334,23.0,0.7283140076441686,10.0,0.0,0.0,0.773462954788017,0.8362245631493358,6054.982087070513,0.197246743994063,0.35895865368736724,0.4661474378089708,0.733951626354678,0.24623647027160875
FATİH,BİNBİRDİREK,FATİH|BİNBİRDİREK,2022,0.5194779364850165,108272.640214853,0.0038561177208329,0.5964521654542685,56.0,0.5802537522775366,25.0,0.0,0.0,0.16260831227163414,0.0,0.35723082522365784,0.8362245631493358,4461.565748367747,0.2753668219300634,0.0,0.5362961733364716,0.686820903599663,0.24623647027160875
FATİH,CANKURTARAN,FATİH|CANKURTARAN,2022,0.3210658446615388,17129.22564105474,0.0006100554157314,0.7214499975701577,132.0,0.7378754567659163,62.0,0.3766686563265923,3.0,0.3252166245432683,0.0,0.6129392076174123,0.8362245631493358,10516.54783543826,0.28727293591219505,0.24337344458989185,0.4386855765549989,0.5680609671737329,0.24623647027160875
FATİH,CERRAHPAŞA,FATİH|CERRAHPAŞA,2022,0.6738329657680278,453326.9483609371,0.0161451875140099,0.742116632373253,152.0,0.7321299283153692,60.0,0.802694875267798,12.0,0.456499245823252,0.0,0.3170786787096387,0.8362245631493358,12109.964174141029,0.24821662303375985,0.3957340899618273,0.8019051282087942,0.6324124771567161,0.24623647027160875
FATİH,CİBALİ,FATİH|CİBALİ,2022,0.7019163595566097,588209.6414321264,0.0209490192295142,0.7585252224505814,170.0,0.8072375489127069,92.0,0.6898243804640695,8.0,0.3775648087257248,0.0,0.3034493486769916,0.8362245631493358,13544.03887897352,0.3227029372077959,0.3636016553707731,0.6398187285173389,0.6324124771567161,0.24623647027160875
FATİH,DEMİRTAŞ,FATİH|DEMİRTAŞ,2022,0.554450830795513,149781.1358380601,0.0053344380538381,0.6202983469088056,66.0,0.5732687026608015,24.0,0.5183694638885413,3.0,0.0,0.0,0.34232997098916046,0.8362245631493358,5258.273917719131,0.23139247829534176,0.3783456876052128,0.4137683314848815,0.686820903599663,0.24623647027160875
FATİH,DERVİŞ ALİ,FATİH|DERVİŞ ALİ,2022,0.7930256409478056,1369302.3306642226,0.0487675461868699,0.9015957719234587,450.0,0.7891104647084658,83.0,0.7307687870082011,18.0,0.42033638952773006,0.0,0.31523223739822465,0.8362245631493358,35851.86762081225,0.12628751020228748,0.26096088242443066,0.7952145938200627,0.733951626354678,0.24623647027160875
FATİH,EMİN SİNAN,FATİH|EMİN SİNAN,2022,0.7194904856569668,692339.3991663521,0.0246575886637516,0.6288529318257636,70.0,0.7891104647084658,83.0,0.44835472183784364,1.0,0.16260831227163414,0.0,0.21030998867378603,0.8362245631493358,5576.957185459683,0.5833718504735246,0.5198651778143553,0.5443583816977133,0.6324124771567161,0.24623647027160875
FATİH,HACI KADIN,FATİH|HACI KADIN,2022,0.4218526516982293,43739.27849739095,0.0015577694104027,0.6040192217402314,59.0,0.3191050796271805,5.0,0.6746183412564873,8.0,0.0,0.0,0.4473241414556687,0.8362245631493358,4700.578199173163,0.060688279933858995,0.34929858888056964,0.5744570296890652,0.6324124771567161,0.24623647027160875
FATİH,HASEKİ SULTAN,FATİH|HASEKİ SULTAN,2022,0.7225124342721765,712018.0909493313,0.0253584430250803,0.800317129577484,226.0,0.7540771607483552,68.0,0.8049943215138496,15.0,0.16260831227163414,0.0,0.3120385728039546,0.8362245631493358,18005.604627341265,0.19624573150705987,0.35635480098945554,0.7544786646903436,0.686820903599663,0.24623647027160875
FATİH,HIRKA-İ ŞERİF,FATİH|HIRKA-İ ŞERİF,2022,0.5673492381963972,168822.46108555814,0.0060125926787675,0.851892183823824,321.0,0.7037004481341133,51.0,0.6649324015285099,12.0,0.456499245823252,0.0,0.47983646277430914,0.8362245631493358,25574.332236179405,0.11000777281604575,0.2714973195274201,0.737413147053996,0.686820903599663,0.24623647027160875
FATİH,HOBYAR,FATİH|HOBYAR,2022,0.18471889354207152,4780.249016108301,0.0001702480229948,0.6202983469088056,66.0,0.5869751513118114,26.0,0.23518702291705543,1.0,0.3252166245432683,0.0,0.6685321466450341,0.8362245631493358,5258.273917719131,0.24778994044012298,0.27269823988298175,0.46737356786457673,0.6324124771567161,0.24623647027160875
FATİH,HOCA GIYASETTİN,FATİH|HOCA GIYASETTİN,2022,0.6588119505546711,394370.5438289348,0.0140454618970737,0.5615788509140314,44.0,0.3703400875697301,7.0,0.6178070459004906,4.0,0.0,0.0,0.2187161766326843,0.8362245631493358,3505.515945146087,0.11014450047969947,0.4241404490366323,0.371000226965795,0.6324124771567161,0.24623647027160875
FATİH,HOCAPAŞA,FATİH|HOCAPAŞA,2022,0.26464142777110355,10118.19375076257,0.000360358315339,0.5938410308459714,55.0,0.6524654401915636,38.0,0.5326820762816669,4.0,0.16260831227163414,0.0,0.5796901263271846,0.8362245631493358,4381.894931432609,0.3918772899064391,0.33984836412539615,0.520798776582003,0.489301084236452,0.24623647027160875
FATİH,KALENDERHANE,FATİH|KALENDERHANE,2022,0.2802971168472666,11711.610089465335,0.0004171076563373,0.5514006600197713,41.0,0.5045837821888896,16.0,0.5956510625391063,3.0,0.5829447017993643,0.0,0.5378127806881952,0.8362245631493358,3266.503494340672,0.24580943889309906,0.4580138311617907,0.6113835939385333,0.686820903599663,0.24623647027160875
FATİH,KARAGÜMRÜK,FATİH|KARAGÜMRÜK,2022,0.7458439137867348,884027.3847122949,0.0314845343858444,0.7786552060469168,195.0,0.7136897541929441,54.0,0.6679353449644311,9.0,0.257728077256096,0.0,0.2788829179295824,0.8362245631493358,15535.809302351974,0.18237551147038047,0.32225127448443264,0.8047255457023745,0.5680609671737329,0.24623647027160875
FATİH,KATİP KASIM,FATİH|KATİP KASIM,2022,0.5278650879364066,117036.43007771822,0.0041682390963234,0.7050414074928294,118.0,0.5147634633977843,17.0,0.515329010702638,4.0,0.0,0.0,0.41983620925718884,0.8362245631493358,9401.156398346324,0.10041158930546044,0.3233508761018104,0.569814374972862,0.5680609671737329,0.24623647027160875
FATİH,KEMALPAŞA,FATİH|KEMALPAŞA,2022,0.33061499236172903,18722.64197975751,0.0006668047567297,0.66218722081589,88.0,0.55050209871912,21.0,0.6992204462795033,9.0,0.0,0.0,0.5658465410136815,0.8362245631493358,7011.0318902921745,0.15966391899795784,0.3509438733115905,0.6267632671841423,0.733951626354678,0.24623647027160875
FATİH,KOCA MUSTAFAPAŞA,FATİH|KOCA MUSTAFAPAŞA,2022,0.8043545538028415,1520995.5661087262,0.0541700834499059,0.9630386502730942,683.0,0.8749238697586197,135.0,0.8287398751614012,19.0,0.5829447017993643,0.0,0.3440840002116864,0.8362245631493358,54415.16796669949,0.1345639669262866,0.3355109683813517,0.7055384202145406,0.5680609671737329,0.24623647027160875
FATİH,KÜÇÜK AYASOFYA,FATİH|KÜÇÜK AYASOFYA,2022,0.5266107505072013,115682.02618982088,0.0041200021564749,0.7362148352207168,146.0,0.5243926157728545,18.0,0.4940715406812485,3.0,0.3775648087257248,0.0,0.4410343839731519,0.8362245631493358,11631.9392725302,0.08673615089853212,0.35405928047085766,0.4424301368637146,0.5680609671737329,0.24623647027160875
FATİH,MERCAN,FATİH|MERCAN,2022,0.15191428712984012,3505.5159451460872,0.0001248485501962,0.630916255726395,71.0,0.42705540286254334,10.0,0.4957675679707678,2.0,0.0,0.0,0.7050792380768123,0.8362245631493358,5656.628002394823,0.09830706183195968,0.4325691781129003,0.3440848405236682,0.686820903599663,0.24623647027160875
FATİH,MESİHPAŞA,FATİH|MESİHPAŞA,2022,0.489612465426943,82060.94144319248,0.0029225910614112,0.6427245765113734,77.0,0.44255177548375724,11.0,0.6266425065772422,4.0,0.0,0.0,0.4130649137957628,0.8362245631493358,6134.652904005652,0.09962169564285496,0.4331704140798879,0.5986626954303264,0.686820903599663,0.24623647027160875
FATİH,MEVLANAKAPI,FATİH|MEVLANAKAPI,2022,0.7915919892860727,1351217.0552199462,0.0481234411665394,0.8793988271652694,387.0,0.90497746620246,160.0,0.7782587189481405,17.0,0.540173120997359,0.0,0.3026215127074102,0.8362245631493358,30832.606153898538,0.25815284206531275,0.3101643453123567,0.7461977002172091,0.733951626354678,0.24623647027160875
FATİH,MOLLA FENARİ,FATİH|MOLLA FENARİ,2022,0.48534544343350056,78874.10876578695,0.0028090923794147,0.7477913802250158,158.0,0.681865472834328,45.0,0.7664350823037729,16.0,0.3775648087257248,0.0,0.4847822488206018,0.8362245631493358,12587.989075751855,0.18696942267994765,0.3102243059814051,0.4298417413336042,0.7755238700769802,0.24623647027160875
FATİH,MOLLA GÜRANİ,FATİH|MOLLA GÜRANİ,2022,0.756168488960078,972860.3455949744,0.0346483101464984,0.8328459878422164,282.0,0.8183721704037509,98.0,0.7763243518221276,18.0,0.257728077256096,0.0,0.3037193621699498,0.8362245631493358,22467.170375709014,0.22252133340835423,0.2987931206721246,0.765910364613107,0.6324124771567161,0.24623647027160875
FATİH,MOLLA HÜSREV,FATİH|MOLLA HÜSREV,2022,0.35897729305744575,24379.269982152335,0.0008682649172736,0.6040192217402314,59.0,0.42705540286254334,10.0,0.6643263753778731,9.0,0.3775648087257248,0.0,0.502725875898203,0.8362245631493358,4700.578199173163,0.11680905145024165,0.3190027000746895,0.5356953473168788,0.6324124771567161,0.24623647027160875
FATİH,MUHSİNE HATUN,FATİH|MUHSİNE HATUN,2022,0.5362592255502667,126517.2572929997,0.0045058976752632,0.6246376377966785,68.0,0.681865472834328,45.0,0.5230911220910046,5.0,0.0,0.0,0.36081366569913237,0.8362245631493358,5417.615551589408,0.3789062414411872,0.292438108729025,0.514852551141925,0.5680609671737329,0.24623647027160875
FATİH,MİMAR HAYRETTİN,FATİH|MİMAR HAYRETTİN,2022,0.6701713142936802,438189.4931432609,0.0156060687745263,0.7146399306312402,126.0,0.7665365010623937,73.0,0.7189235871772599,5.0,0.0,0.0,0.3029842744975763,0.8362245631493358,10038.522933827431,0.3409640019573304,0.48398887953699776,0.46920095170152415,0.733951626354678,0.24623647027160875
FATİH,MİMAR KEMALETTİN,FATİH|MİMAR KEMALETTİN,2022,0.5561571149829996,152171.26034611423,0.0054195620653355,0.6408209984347509,76.0,0.7321299283153692,60.0,0.626349291169705,4.0,0.0,0.0,0.3539731454865619,0.8362245631493358,6054.982087070513,0.43414518450971007,0.43286999054533803,0.4788616449389798,0.7755238700769802,0.24623647027160875
FATİH,NİŞANCA,FATİH|NİŞANCA,2022,0.4025834386047744,36568.9049732285,0.0013023973759104,0.722555060820062,133.0,0.6227137866331471,32.0,0.6703057178986446,6.0,0.0,0.0,0.5414423462534119,0.8362245631493358,10596.2186523734,0.16084662272131098,0.39859685426557373,0.4386855765549989,0.5680609671737329,0.24623647027160875
FATİH,RÜSTEMPAŞA,FATİH|RÜSTEMPAŞA,2022,0.1470118560781398,3346.1743112758104,0.0001191736160963,0.6202983469088056,66.0,0.5802537522775366,25.0,0.0,0.0,0.0,0.0,0.7025509015839776,0.8362245631493358,5258.273917719131,0.23963625824736198,0.0,0.3473624328071036,0.6324124771567161,0.24623647027160875
FATİH,SARAÇ İSHAK,FATİH|SARAÇ İSHAK,2022,0.40873408673417777,38720.01703047723,0.0013790089862581,0.574141778224404,48.0,0.5335277430435542,19.0,0.49264713741937066,3.0,0.0,0.0,0.43934118632188424,0.8362245631493358,3824.19921288664,0.24880291343300026,0.35264836191898824,0.5001748407529891,0.5680609671737329,0.24623647027160875
FATİH,SEYYİD ÖMER,FATİH|SEYYİD ÖMER,2022,0.8310110422601642,1947553.119979457,0.0693618820351448,0.87437126776053,374.0,0.7350258609986798,61.0,0.8407703217178614,21.0,0.42033638952773006,0.0,0.2664157952532549,0.8362245631493358,29796.88553374174,0.11272154792857296,0.328600328011252,0.7479357088563782,0.6324124771567161,0.24623647027160875
FATİH,SULTAN AHMET,FATİH|SULTAN AHMET,2022,0.4596657041575237,62143.23720940791,0.0022132242989328,0.6224839462031403,67.0,0.34655868922470867,6.0,0.5676153432364313,1.0,0.0,0.0,0.4261601323846965,0.8362245631493358,5337.944734654269,0.06398672286298067,0.6581473038405657,0.5236289682709582,0.489301084236452,0.24623647027160875
FATİH,SURURİ,FATİH|SURURİ,2022,0.31854032148223305,16730.871556379054,0.0005958680804819,0.4915843169347149,27.0,0.28663435133040077,4.0,0.540713424920215,4.0,0.16260831227163414,0.0,0.4642929283472874,0.8362245631493358,2151.1120572487353,0.10306768095943511,0.34756925943636974,0.44902478678116997,0.6324124771567161,0.24623647027160875
FATİH,SÜLEYMANİYE,FATİH|SÜLEYMANİYE,2022,0.6964804190485618,559289.1348846711,0.0199190186903954,0.6180798802301182,65.0,0.6524654401915636,38.0,0.6392744602441974,6.0,1.0,0.0,0.22222577793344941,0.8362245631493358,5178.603100783992,0.3434400080326613,0.3683786499741838,0.3684759673488509,0.7755238700769802,0.24623647027160875
FATİH,SÜMBÜL EFENDİ,FATİH|SÜMBÜL EFENDİ,2022,0.7842660754952714,1262463.765154202,0.0449625028729353,0.7567896112076081,168.0,0.6613720928498814,40.0,0.6985052332506956,9.0,0.3252166245432683,0.0,0.23396624494514512,0.8362245631493358,13384.69724510324,0.15933791746572734,0.3502776254657842,0.8138916830444445,0.5680609671737329,0.24623647027160875
FATİH,SİLİVRİKAPI,FATİH|SİLİVRİKAPI,2022,0.5339268273940683,123808.44951720498,0.0044094237955661,0.8280781499514707,273.0,0.8288514243257132,104.0,0.7284021980505653,9.0,0.42033638952773006,0.0,0.49389051446319854,0.8362245631493358,21750.133023292765,0.24080654004754462,0.37851456666177946,0.766625113575955,0.733951626354678,0.24623647027160875
FATİH,TAHTAKALE,FATİH|TAHTAKALE,2022,0.06446769962807852,1513.7455217676286,5.391187394836378e-05,0.5158231663188617,32.0,0.4822927351010046,14.0,0.45467298330398326,2.0,0.0,0.0,0.709162675755326,0.8362245631493358,2549.466141924427,0.27074727469593446,0.38899457856247377,0.4046508328907856,0.5680609671737329,0.24623647027160875
FATİH,TAYA HATUN,FATİH|TAYA HATUN,2022,0.2512006208147329,8923.131496735494,0.0003177963095903,0.5615788509140314,44.0,0.34655868922470867,6.0,0.432788058876157,1.0,0.0,0.0,0.5704104816938594,0.8362245631493358,3505.515945146087,0.09537066137973475,0.5018157057905495,0.4547365267236619,0.5680609671737329,0.24623647027160875
FATİH,TOPKAPI,FATİH|TOPKAPI,2022,0.7410045149561145,845227.6968648827,0.0301026879325363,0.8317997050590257,280.0,0.6057394309575813,29.0,0.7673083416170213,15.0,0.4878249368149024,0.0,0.3159671770391129,0.8362245631493358,22307.828741838737,0.07352491913928509,0.32214371717096046,0.7671052144851104,0.812711509291959,0.24623647027160875
FATİH,YAVUZ SULTAN SELİM,FATİH|YAVUZ SULTAN SELİM,2022,0.789505645908477,1325324.0397160265,0.0472012643753174,0.8723910332758136,369.0,0.9238523301025908,178.0,0.8502078763911166,24.0,0.42033638952773006,0.0,0.30003711518566867,0.8362245631493358,29398.53144906605,0.2936859620846058,0.31368073844718225,0.7772506351517707,0.5680609671737329,0.24623647027160875
FATİH,YAVUZ SİNAN,FATİH|YAVUZ SİNAN,2022,0.5851716059719243,199177.0423378459,0.0070936676247847,0.5514006600197713,41.0,0.24689339171315342,3.0,0.432788058876157,1.0,0.0,0.0,0.27265122936129643,0.8362245631493358,3266.503494340672,0.05268455342040181,0.5018157057905495,0.4596238284860501,0.5680609671737329,0.24623647027160875
FATİH,YEDİKULE,FATİH|YEDİKULE,2022,0.7838775053676138,1257922.5285888994,0.0448007672510903,0.8731863195902586,371.0,0.7261928473473762,58.0,0.7355899434362,13.0,0.3775648087257248,0.1178156039716956,0.30530439412677796,0.8362245631493358,29557.873082936327,0.10836803842603049,0.3188432700989284,0.7934508820253825,0.489301084236452,0.24623647027160875
FATİH,ZEYREK,FATİH|ZEYREK,2022,0.7391387060975422,830727.6081826874,0.029586268929452,0.875546774012397,377.0,0.685695640581381,46.0,0.7321581353474221,18.0,0.42033638952773006,0.0,0.3450655016806949,0.8362245631493358,30035.89798454715,0.08589100953608887,0.26207808443984265,0.610410180916172,0.7755238700769802,0.24623647027160875
FATİH,İSKENDERPAŞA,FATİH|İSKENDERPAŞA,2022,0.7504288720713145,922428.7184750316,0.0328521935039029,0.8472380043338863,311.0,0.7804211347567076,79.0,0.7236737913890253,12.0,0.42033638952773006,0.0,0.317586225676812,0.8362245631493358,24777.624066828022,0.16887228997052392,0.32214371717096046,0.670915600587903,0.812711509291959,0.24623647027160875
FATİH,ŞEHREMİNİ,FATİH|ŞEHREMİNİ,2022,0.8080084418619331,1573418.963652047,0.0560371367687492,0.885724964906657,404.0,0.8450531283081522,114.0,0.7742308854124181,17.0,0.5829447017993643,0.0,0.2926546016709904,0.8362245631493358,32187.010041795893,0.18543957697373867,0.30665988493903584,0.7648450786050344,0.6324124771567161,0.24623647027160875
FATİH,ŞEHSUVAR BEY,FATİH|ŞEHSUVAR BEY,2022,0.5358512745816371,126039.23239138884,0.0044888728729637,0.7099187195972226,122.0,0.7540771607483552,68.0,0.516855003064888,4.0,0.16260831227163414,0.0,0.4159933768098296,0.8362245631493358,9719.839666086877,0.3305043997505196,0.3247912375621304,0.5042167905011566,0.5680609671737329,0.24623647027160875
GAZİOSMANPAŞA,BARBAROS HAYRETTİN PAŞA,GAZİOSMANPAŞA|BARBAROS HAYRETTİN PAŞA,2022,0.9079138881763604,2268752.940600469,0.1044964982077276,0.97464774718707,739.0,0.795360086153147,86.0,0.5363935285591342,8.0,0.456499245823252,0.37346662858990415,0.2635397890041463,0.5370210502320398,33613.513163931646,0.08212975624594691,0.2300911111847972,0.8714670612731885,0.6324124771567161,0.24623647027160875
GAZİOSMANPAŞA,BAĞLARBAŞI,GAZİOSMANPAŞA|BAĞLARBAŞI,2022,0.8466602932532591,1285546.30927226,0.0592109811512862,0.8917909447313213,421.0,0.843497695400035,113.0,0.6338368431337248,11.0,0.257728077256096,0.0,0.2640210552492911,0.5370210502320398,19149.24092288934,0.17738415874625524,0.25971037136106784,0.8852365353061823,0.686820903599663,0.24623647027160875
GAZİOSMANPAŞA,FEVZİ ÇAKMAK,GAZİOSMANPAŞA|FEVZİ ÇAKMAK,2022,0.5793700126389989,107754.27968248182,0.0049630546774014,0.8624973656212566,345.0,0.7689270864314054,74.0,0.7132989141170302,11.0,0.3252166245432683,0.0,0.47609893937075,0.5370210502320398,15692.370827545896,0.1449781609090342,0.32805341295075857,0.8721712308631272,0.6324124771567161,0.24623647027160875
GAZİOSMANPAŞA,HÜRRİYET,GAZİOSMANPAŞA|HÜRRİYET,2022,0.8454478763044085,1271173.007296885,0.0585489611943175,0.8568476964357772,332.0,0.8800864322682628,139.0,0.6334123896846287,7.0,0.3252166245432683,0.0,0.24393752759433573,0.5370210502320398,15101.064100710835,0.2609125093598027,0.3349260241593514,0.8644832356965969,0.6324124771567161,0.24623647027160875
GAZİOSMANPAŞA,KARADENİZ,GAZİOSMANPAŞA|KARADENİZ,2022,0.9493444402644685,3331558.5543872444,0.1534482650258627,1.0,872.75,0.8541108057250867,120.0,0.5564952968103156,9.0,0.540173120997359,0.1178156039716956,0.24470608274353217,0.5370210502320398,39924.57534457511,0.0956001159382934,0.22856731836981947,0.859756584799346,0.733951626354678,0.24623647027160875
GAZİOSMANPAŞA,KARAYOLLARI,GAZİOSMANPAŞA|KARAYOLLARI,2022,0.8854605692521005,1842284.335153888,0.0848537794845043,0.9732455957243222,732.0,0.8387481889764207,110.0,0.5674185708148286,8.0,0.42033638952773006,0.0,0.2814125874516337,0.5370210502320398,33295.11723409738,0.10444725643178653,0.2549698848148677,0.9112416205515363,0.733951626354678,0.24623647027160875
GAZİOSMANPAŞA,KARLITEPE,GAZİOSMANPAŞA|KARLITEPE,2022,0.8061247666359664,882729.9728990818,0.0406576623572519,0.7943490021086209,217.0,0.7912181335192904,84.0,0.5961634088649309,11.0,0.16260831227163414,0.0,0.2386184710101034,0.5370210502320398,9870.2738248622,0.24411866311076683,0.2298948187009799,0.7856638289596286,0.686820903599663,0.24623647027160875
GAZİOSMANPAŞA,KAZIM KARABEKİR,GAZİOSMANPAŞA|KAZIM KARABEKİR,2022,0.8961070403568254,2033458.348452947,0.0936590639121608,0.989431570135134,817.0,0.795360086153147,86.0,0.6722987239809359,8.0,0.515456154512192,0.0,0.2824192625214574,0.5370210502320398,37161.353524942024,0.07466771409539656,0.34713490870877356,0.8847771829573511,0.686820903599663,0.24623647027160875
GAZİOSMANPAŞA,SARIYER MERKEZ,GAZİOSMANPAŞA|SARIYER MERKEZ,2022,0.8563558738817436,1406491.277476447,0.0647815857891969,0.8979529879777238,439.0,0.7641133897256306,72.0,0.555870633358203,8.0,0.515456154512192,0.1178156039716956,0.259729976018988,0.5370210502320398,19967.973313891736,0.11330342824827767,0.2455712844956295,0.8099841475021904,0.733951626354678,0.24623647027160875
GAZİOSMANPAŞA,MEVLANA,GAZİOSMANPAŞA|MEVLANA,2022,0.8397150303353514,1205356.020086859,0.0555174963913627,0.821471437596322,261.0,0.7136897541929441,54.0,0.5546154349213458,8.0,0.42033638952773006,0.0,0.2275612155419118,0.5370210502320398,11871.61966953472,0.14029721253955607,0.24455947924713892,0.9363571909566171,0.733951626354678,0.24623647027160875
GAZİOSMANPAŞA,PAZARİÇİ,GAZİOSMANPAŞA|PAZARİÇİ,2022,0.7610709200117782,581254.5124788667,0.0267720032598197,0.7290170538561206,139.0,0.565998471340334,23.0,0.4133781242099416,4.0,0.0,0.0,0.23620369483398077,0.5370210502320398,6322.433463851825,0.11423765631780163,0.2322394553456869,0.7477718472958857,0.6324124771567161,0.24623647027160875
GAZİOSMANPAŞA,SARIGÖL,GAZİOSMANPAŞA|SARIGÖL,2022,0.8359555180532964,1164055.5194740712,0.0536152365150096,0.9281653357328572,539.0,0.8450531283081522,114.0,0.5291390371247914,8.0,0.16260831227163414,0.0,0.29530670083411537,0.5370210502320398,24516.48659723837,0.14313917796835893,0.22444750852557718,0.824279568365754,0.7755238700769802,0.24623647027160875
GAZİOSMANPAŞA,SEYMEN MAHALLE,GAZİOSMANPAŞA|SEYMEN MAHALLE,2022,0.875253599184185,1675899.7192490683,0.0771902699826324,0.949258109928092,622.0,0.8072375489127069,92.0,0.5788957157371916,7.0,0.3775648087257248,0.0,0.2752568508076862,0.5370210502320398,28291.75262241608,0.10291289786870594,0.28599958556639415,0.9365926510145639,0.686820903599663,0.24623647027160875
GAZİOSMANPAŞA,SEYİTNİZAM,GAZİOSMANPAŞA|SEYİTNİZAM,2022,0.711749783750671,367883.754357076,0.0169443588986166,0.8145549246754735,249.0,0.5802537522775366,25.0,0.4069056770314517,5.0,0.257728077256096,0.0,0.3301664679307688,0.5370210502320398,11325.798075533125,0.0713789203888007,0.1958949751503709,0.8124923797738692,0.489301084236452,0.24623647027160875
GAZİOSMANPAŞA,YILDIZTABYA,GAZİOSMANPAŞA|YILDIZTABYA,2022,0.8343595067723034,1146953.1095286878,0.0528275165662114,0.8770996857626152,381.0,0.7591659622563532,70.0,0.45501822489720184,6.0,0.16260831227163414,0.0,0.2652954508421201,0.5370210502320396,17329.835609550682,0.12583549292421378,0.20796714298854946,0.8562102969093192,0.7755238700769802,0.24623647027160875
GAZİOSMANPAŞA,ŞEMSİPAŞA,GAZİOSMANPAŞA|ŞEMSİPAŞA,2022,0.8337161496569577,1140130.3396036678,0.0525132665866376,0.8133699765052023,247.0,0.7712860074860078,75.0,0.6739252707261076,8.0,0.16260831227163414,0.0,0.22760457011539503,0.5370210502320396,11234.82780986619,0.19782620382485436,0.34865159754398833,0.8171249520783046,0.686820903599663,0.24623647027160875
GÜNGÖREN,ABDURRAHMAN NAFİZ GÜRMAN,GÜNGÖREN|ABDURRAHMAN NAFİZ GÜRMAN,2022,0.8197993752693576,1187920.3517641162,0.0830365185796613,0.7669095952539806,180.0,0.6430898052058168,36.0,0.7871345323059403,12.0,0.257728077256096,0.0,0.21151528435529635,0.6275306162480631,9705.672158210746,0.136021816915607,0.38080339872981117,0.7876347072961483,0.686820903599663,0.24623647027160875
GÜNGÖREN,AKINCILAR,GÜNGÖREN|AKINCILAR,2022,0.8397150303353514,1428890.6232921374,0.0998805202832837,0.7352078329895194,145.0,0.7350258609986798,60.0,0.4116724739547131,3.0,0.0,0.0,0.17824775866300896,0.6275306162480631,7818.458127447545,0.261971385450844,0.27508162048503065,0.7197927590653503,0.5680609671737329,0.24623647027160875
GÜNGÖREN,GENÇOSMAN,GÜNGÖREN|GENÇOSMAN,2022,0.8799915578775694,2075935.4338395204,0.1451094351285443,0.8893233202256271,414.0,0.9060802309389918,157.0,0.845101854003099,18.0,0.5625323369257385,0.0,0.235202153333779,0.6275306162480631,22323.045963884713,0.24508193567149375,0.3602131925179423,0.777105842393565,0.846351820920547,0.24623647027160875
GÜNGÖREN,GÜNEŞTEPE,GÜNGÖREN|GÜNEŞTEPE,2022,0.8325657382383349,1337225.9417979247,0.0934730906802051,0.9110963880469556,480.0,0.7665365010623937,68.0,0.4850725002870464,5.0,0.3775648087257248,0.0,0.28762247713530065,0.6275306162480631,25881.792421895316,0.10562035053419075,0.2591338948272456,0.7907885981691064,0.5680609671737329,0.24623647027160875
GÜNGÖREN,GÜVEN,GÜNGÖREN|GÜVEN,2022,0.786768189045786,874481.0614547881,0.0611268784133696,0.7576599692132895,169.0,0.7781809047667624,78.0,0.6264959524973641,8.0,0.0,0.0,0.23246103268138804,0.6275306162480631,9112.54774854231,0.28311993794158374,0.30546204008878797,0.7651499349014805,0.6324124771567161,0.24623647027160875
GÜNGÖREN,HAZNEDAR,GÜNGÖREN|HAZNEDAR,2022,0.8215904763369122,1207816.979688448,0.084427307711153,0.7430777123460074,153.0,0.9287588645474815,183.0,0.6100018268067876,7.0,0.3252166245432683,0.0,0.19643770238711483,0.6275306162480631,8249.821334479133,0.5869011054474979,0.3135492050972486,0.7777326398685862,0.686820903599663,0.24623647027160875
GÜNGÖREN,MAREŞAL ÇAKMAK,GÜNGÖREN|MAREŞAL ÇAKMAK,2022,0.8603874910809104,1730844.8682142494,0.120987347211072,0.8354296835489079,287.0,0.90497746620246,150.0,0.6748488331683826,9.0,0.16260831227163414,0.0,0.21921602277892338,0.6275306162480631,15475.155052258242,0.3305591239121108,0.3285106242573459,0.7993947151696004,0.733951626354678,0.24623647027160875
GÜNGÖREN,MEHMET NESİH ÖZMEN,GÜNGÖREN|MEHMET NESİH ÖZMEN,2022,0.7241765308646692,489381.5583773373,0.0342081359279654,0.8731863195902586,371.0,0.9082654845630349,163.0,0.7398819602769632,12.0,0.3252166245432683,0.0,0.35648221140424186,0.6275306162480631,20004.468726089923,0.27170840376732225,0.33676249515473794,0.7304332056045982,0.6324124771567161,0.24623647027160875
GÜNGÖREN,SARIYER MERKEZ,GÜNGÖREN|SARIYER MERKEZ,2022,0.895283813652644,2392232.5053954325,0.1672188363354025,0.8896783751600863,415.0,1.0,270.0,0.7709065117907546,16.0,0.4878249368149024,0.0,0.22310327518705583,0.6275306162480631,22376.96636476366,0.37768023845302373,0.3141405197443492,0.7604910183224718,0.733951626354678,0.24623647027160875
GÜNGÖREN,SANAYİ,GÜNGÖREN|SANAYİ,2022,0.7594214379815726,678588.2450615679,0.047433824443967,0.8739773416144327,373.0,0.8450531283081522,114.0,0.7980775762345609,17.0,0.16260831227163414,0.1178156039716956,0.32665571394670284,0.6275306162480631,20112.309527847818,0.19896206770631086,0.3276593556224783,0.7682773681735847,0.686820903599663,0.24623647027160875
GÜNGÖREN,TOZKOPARAN,GÜNGÖREN|TOZKOPARAN,2022,0.7901905604610643,902681.4311144784,0.0630981052853756,0.8259086218216007,269.0,0.7200509995434583,56.0,0.851452382438864,14.0,0.4878249368149024,0.1178156039716956,0.27081426723418506,0.6275306162480631,14504.58783643717,0.14108920252331536,0.4135817161723777,0.6772225753197588,0.5680609671737329,0.24623647027160875
KADIKÖY,19 MAYIS,KADIKÖY|19 MAYIS,2022,0.8625557684623322,2255734.9329913436,0.0729222329094082,0.8928359922234388,424.0,0.7869775537551676,82.0,0.8026340058078609,13.0,0.540173120997359,0.0,0.25152866045615313,0.7582301520508501,29202.235331837128,0.13190483251263332,0.3805766535856344,0.940728744822562,0.686820903599663,0.24623647027160875
KADIKÖY,ACIBADEM,KADIKÖY|ACIBADEM,2022,0.8515094668843172,2036098.3092337288,0.0658219336681985,0.9439543433275146,600.0,0.7933011506675484,85.0,0.7296328061865376,13.0,0.5625323369257385,0.2356312079433912,0.2919352785478258,0.7582301520508501,41323.91792241103,0.09884415050250181,0.3135712858243279,0.8576485348769783,0.6324124771567161,0.24623647027160875
KADIKÖY,BOSTANCI,KADIKÖY|BOSTANCI,2022,0.8681625096581734,2376125.2805386344,0.0768141498343486,1.0,872.75,0.8709513049975631,132.0,0.9293767258306875,29.0,0.5625323369257385,0.1178156039716956,0.312595747399853,0.7582301520508501,60453.44826066047,0.10451942908256777,0.3508750396356431,0.8811866926681471,0.6324124771567161,0.24623647027160875
KADIKÖY,CADDEBOSTAN,KADIKÖY|CADDEBOSTAN,2022,0.8149286966695386,1450331.7726835525,0.046885575861209,0.9214584874471322,515.0,0.7488386673333082,66.0,0.6841877405959488,8.0,0.515456154512192,0.0,0.30896930767171116,0.7582301520508501,35469.696216736134,0.08996212789002295,0.35827588955258816,0.9117990522997861,0.5680609671737329,0.24623647027160875
KADIKÖY,CAFERAĞA,KADIKÖY|CAFERAĞA,2022,0.8213350403297212,1539109.3230201988,0.049755530618788,1.0,872.75,0.8641268709960369,127.0,0.881649617368819,21.0,0.6504332490865365,0.0,0.3527665931452557,0.7582301520508501,60453.44826066047,0.10081599881883002,0.3658520592123352,0.8275946676890353,0.3877619350384901,0.24623647027160875
KADIKÖY,DUMLUPINAR,KADIKÖY|DUMLUPINAR,2022,0.7366067135352207,701473.5067329272,0.0226768729293577,0.8286155831653603,274.0,0.7070928542451279,52.0,0.8029381684027478,11.0,0.3775648087257248,0.0,0.31772664878205603,0.7582301520508501,18871.25585123437,0.12964134862787502,0.4126380755023834,0.9530083405549853,0.686820903599663,0.24623647027160875
KADIKÖY,ERENKÖY,KADIKÖY|ERENKÖY,2022,0.870328501319741,2424336.5181147805,0.078372697802002,0.8979529879777238,439.0,0.8526328226707347,119.0,0.6567814088352804,7.0,0.4878249368149024,0.0,0.2482267013605431,0.7582301520508501,30235.333279897404,0.1789482948417953,0.35677624313947254,0.9253204753166051,0.686820903599663,0.24623647027160875
KADIKÖY,EĞİTİM,KADIKÖY|EĞİTİM,2022,0.7724704251715248,978274.8836165438,0.0316251647607851,0.9446889104255602,603.0,0.6478393116294312,37.0,0.5122417194290276,3.0,0.3252166245432683,0.0,0.3600079889400492,0.7582301520508501,41530.53751202308,0.044428276010496225,0.3721828272694558,0.9147380222337287,0.686820903599663,0.24623647027160875
KADIKÖY,FENERBAHÇE,KADIKÖY|FENERBAHÇE,2022,0.816691067888839,1474230.7718820134,0.0476581703537458,0.9475911401685202,615.0,0.7136897541929441,54.0,0.7313778123812056,9.0,0.3252166245432683,0.0,0.32378786658345327,0.7582301520508501,42357.0158704713,0.06278928343843886,0.3813668903556442,0.8831624028289649,0.5680609671737329,0.24623647027160875
KADIKÖY,FENERYOLU,KADIKÖY|FENERYOLU,2022,0.8398857967631693,1828032.382494389,0.0590956859392255,0.9630386502730942,683.0,0.7461604824897238,65.0,0.6387234971609659,6.0,0.3252166245432683,0.0,0.3136396460824057,0.7582301520508501,47040.393235011215,0.06782241033419407,0.36784901425406147,0.9157253290382908,0.6324124771567161,0.24623647027160875
KADIKÖY,FİKİRTEPE,KADIKÖY|FİKİRTEPE,2022,0.5095168677516865,85333.89050977878,0.0027586299027466,0.9485459995153516,619.0,0.6524654401915636,38.0,0.8065525620426278,13.0,0.0,0.0,0.5933006356846892,0.7582301520508501,42632.50865662071,0.04444899108902166,0.38431132221510583,0.9151260221758677,0.489301084236452,0.24623647027160875
KADIKÖY,GÖZTEPE,KADIKÖY|GÖZTEPE,2022,0.8873004262033967,2837575.6973388907,0.0917316803818887,0.9588827344915634,664.0,0.8072375489127069,92.0,0.6332707051998994,7.0,0.6646554340887362,0.0,0.27108326445796044,0.7582301520508501,45731.80250080154,0.09680745430265503,0.33479507032573186,0.9304317404974185,0.6324124771567161,0.24623647027160875
KADIKÖY,HASANPAŞA,KADIKÖY|HASANPAŞA,2022,0.7890444374909371,1140815.6274446938,0.0368796979088739,1.0,872.75,0.7641133897256306,72.0,0.679403863226347,11.0,0.5829447017993643,0.0,0.3807349761441424,0.7582301520508501,60453.44826066047,0.058816681048876364,0.2980511755014613,0.8753715095762464,0.812711509291959,0.24623647027160875
KADIKÖY,KOZYATAĞI,KADIKÖY|KOZYATAĞI,2022,0.8799915578775694,2651618.0666880407,0.0857201382209397,0.9237281515075785,523.0,0.7848187887064582,81.0,0.8220008524516258,17.0,0.3775648087257248,0.0,0.25580264193932883,0.7582301520508501,36020.68178903494,0.10742642629890932,0.3493112569957966,0.9549541171814855,0.5680609671737329,0.24623647027160875
KADIKÖY,KOŞUYOLU,KADIKÖY|KOŞUYOLU,2022,0.6948087664596927,476051.5344661751,0.0153895479320294,0.8782537353561567,384.0,0.5934520809378621,27.0,0.5198725661491281,4.0,0.3775648087257248,0.0,0.38516369925840427,0.7582301520508501,26447.30747034306,0.05069489673049907,0.3276454503732979,0.8142324821510527,0.6324124771567161,0.24623647027160875
KADIKÖY,MERDİVENKÖY,KADIKÖY|MERDİVENKÖY,2022,0.861373940699055,2231147.201827509,0.072127373445905,0.998354013848181,868.0,0.8788097534253907,138.0,0.8635349493624332,16.0,0.540173120997359,0.0,0.3173563089700748,0.7582301520508501,59781.93459442129,0.11007708490159018,0.3996830372827549,0.9298305134187084,0.812711509291959,0.24623647027160875
KADIKÖY,OSMANAĞA,KADIKÖY|OSMANAĞA,2022,0.7190179610760352,595890.896441167,0.0192636528801966,0.9502022747768174,626.0,0.7406801751394602,63.0,0.8807446323957748,23.0,0.42033638952773006,0.0,0.4099868047212767,0.7582301520508501,43114.621032382165,0.07153983687543598,0.3484261341644564,0.9144001139324154,0.5680609671737329,0.24623647027160875
KADIKÖY,RASİMPAŞA,KADIKÖY|RASİMPAŞA,2022,0.7659377189677026,920765.764507855,0.0297660396850842,0.8824096511376874,395.0,0.8465950940956967,115.0,0.7072180239448346,10.0,0.3252166245432683,0.1178156039716956,0.3263671244724753,0.7582301520508501,27204.912632253927,0.19063554551001965,0.3393993251999526,0.9031083187752332,0.6324124771567161,0.24623647027160875
KADIKÖY,SAHRAYICEDİT,KADIKÖY|SAHRAYICEDİT,2022,0.8580889629855837,2164202.454793203,0.0699632182679633,0.9449329555665036,604.0,0.8147374333093891,96.0,0.757104934713648,12.0,0.456499245823252,0.0,0.2869955733979711,0.7582301520508501,41599.410708560434,0.11004761657661691,0.35257759061598715,0.952821508070456,0.686820903599663,0.24623647027160875
KADIKÖY,SUADİYE,KADIKÖY|SUADİYE,2022,0.5939455268207046,186784.10900929783,0.0060382601261087,0.9412291981732971,589.0,0.7759121360481404,77.0,0.7249336867525742,10.0,0.4878249368149024,0.0,0.5140322625132353,0.7582301520508501,40566.312760500165,0.09166285662034179,0.3557970053025014,0.9030231878637276,0.6324124771567161,0.24623647027160875
KADIKÖY,ZÜHTÜPAŞA,KADIKÖY|ZÜHTÜPAŞA,2022,0.7160104180267105,579499.0756652774,0.0187337465711944,0.7685307682062876,182.0,0.6430898052058168,36.0,0.7158495696970429,8.0,0.3252166245432683,0.0,0.29773878854426095,0.7582301520508501,12534.921769798017,0.13465416393014767,0.38854027231492066,0.9622361340349015,0.686820903599663,0.24623647027160875
KARTAL,ATALAR,KARTAL|ATALAR,2022,0.8548741387834049,1900632.4743005557,0.07396395893909,0.7025409195964298,116.0,0.6967153985173783,49.0,0.3634961964970426,2.0,0.4878249368149024,0.0,0.14979019598559862,0.7047410142556235,7228.634984225064,0.2628762424382225,0.29549862898201096,0.6429003633155924,0.6324124771567161,0.24623647027160875
KARTAL,CEVİZLİ,KARTAL|CEVİZLİ,2022,0.8396539767295736,1650434.461700007,0.0642273918853049,0.7636128043369478,176.0,0.5335277430435542,19.0,0.42128743973053595,3.0,0.4878249368149024,0.1178156039716956,0.19415444798836906,0.7047410142556235,10967.584113996649,0.07648219693866239,0.2839979505272162,0.6975704182371688,0.686820903599663,0.24623647027160875
KARTAL,CUMHURİYET,KARTAL|CUMHURİYET,2022,0.826938602773469,1466852.0594282222,0.057083200966139,0.8192017735358758,257.0,0.7781809047667624,78.0,0.745141143772538,15.0,0.456499245823252,0.2356312079433912,0.2365312630354213,0.7047410142556235,16015.165439188288,0.19774506145591728,0.3026975284643956,0.6746463986416601,0.733951626354678,0.24623647027160875
KARTAL,ESENTEPE,KARTAL|ESENTEPE,2022,0.8547892544647333,1899136.894648647,0.0739057577910724,0.7236519079103443,134.0,0.6931173784494173,48.0,0.4432989983646832,3.0,0.6504332490865365,0.5091905688213944,0.16091269051522894,0.7047410142556235,8350.31972315654,0.22841718224972488,0.3047239883301388,0.6614207119462963,0.846351820920547,0.24623647027160875
KARTAL,GÜMÜŞPINAR,KARTAL|GÜMÜŞPINAR,2022,0.5920610242017477,166071.65718068788,0.0064627524777926,0.8448546689106848,297.0,0.6931173784494173,48.0,0.7291063276999628,11.0,0.3252166245432683,0.0,0.45358532017351844,0.7047410142556235,19068.64056183508,0.10870895165378608,0.34244388231003237,0.6763933299101675,0.686820903599663,0.24623647027160875
KARTAL,HÜRRİYET,KARTAL|HÜRRİYET,2022,0.9099568530445065,3167700.018561316,0.1232724565492054,0.9205982794468942,512.0,0.9177802896237908,172.0,0.8613214202517852,25.0,0.515456154512192,0.1178156039716956,0.2295044980726613,0.7047410142556235,31905.699240717524,0.21608221972850858,0.3163398581794565,0.7466490844951846,0.686820903599663,0.24623647027160875
KARTAL,KARLIKTEPE,KARTAL|KARLIKTEPE,2022,0.8676110033767302,2138928.1655046646,0.0832373418565681,0.7950241760745759,218.0,0.7321299283153692,60.0,0.436605558970881,2.0,0.3775648087257248,0.1178156039716956,0.19041106298508123,0.7047410142556235,13584.848504836758,0.18138528303879342,0.3700916764052611,0.5597040005043131,0.6324124771567161,0.24623647027160875
KARTAL,KORDONBOYU,KARTAL|KORDONBOYU,2022,0.7665008268309262,837462.2892500055,0.0325902178420469,0.7459239470105262,156.0,0.729186126814158,59.0,0.5699616650052252,4.0,0.0,0.0,0.24190301310083018,0.7047410142556235,9721.26773740612,0.2393208684753268,0.37611769765571745,0.6261338316788072,0.812711509291959,0.24623647027160875
KARTAL,ORHANTEPE,KARTAL|ORHANTEPE,2022,0.8397150303353514,1651369.19898245,0.0642637676028159,0.8633476576239068,347.0,0.7200509995434583,56.0,0.4618010277670073,3.0,0.42033638952773006,0.0,0.25254012225886835,0.7047410142556235,21623.589133845664,0.11161854241183458,0.32246623987590317,0.6413645540256242,0.6324124771567161,0.24623647027160875
KARTAL,ORTA,KARTAL|ORTA,2022,0.55364523006331,116281.3179358963,0.0045251392583718,0.8180537112900514,255.0,0.685695640581381,46.0,0.528900592485953,8.0,0.257728077256096,0.0,0.47007007773313547,0.704741014255624,15890.533801529238,0.12373069057149551,0.22426315502792077,0.7070030535327823,0.686820903599663,0.24623647027160875
KARTAL,PETROL İŞ,KARTAL|PETROL İŞ,2022,0.8471817231150809,1769769.25475855,0.0688713584875461,0.6960977447572277,111.0,0.6280304780454663,33.0,0.32717436346889917,1.0,0.540173120997359,0.0,0.15185761430554007,0.7047410142556235,6917.055890077432,0.1941853753380265,0.3793571258575323,0.5744570296890652,0.6324124771567161,0.24623647027160875
KARTAL,SOĞANLIK YENİ,KARTAL|SOĞANLIK YENİ,2022,0.849525317753426,1808654.3257081744,0.0703845883360049,0.8952460266339644,431.0,0.8033657456456684,90.0,0.73396715970905,15.0,0.42033638952773006,0.0,0.2637443115534869,0.7047410142556235,26858.117915525883,0.14148323040020358,0.2930973363246388,0.6372197360541647,0.6324124771567161,0.24623647027160875
KARTAL,TOPSELVİ,KARTAL|TOPSELVİ,2022,0.5137796722214462,80325.09047125955,0.0031258866581143,0.7075002186450978,120.0,0.6280304780454663,33.0,0.555661978789327,5.0,0.3252166245432683,0.2356312079433912,0.4337561591921459,0.7047410142556235,7477.89825954317,0.18125108850751367,0.32214371717096046,0.6399479330655437,0.686820903599663,0.24623647027160875
KARTAL,UĞUR MUMCU,KARTAL|UĞUR MUMCU,2022,0.8896306270665387,2623495.9727230617,0.1020945138142849,0.7652704089002583,178.0,0.8288514243257132,104.0,0.7937972429086,17.0,0.456499245823252,0.0,0.15787823380698904,0.7047410142556235,11092.2157516557,0.34327722066683136,0.3238461245770595,0.6415570752798626,0.5680609671737329,0.24623647027160875
KARTAL,YAKACIK YENİ,KARTAL|YAKACIK YENİ,2022,0.5559311643277499,118773.95068907732,0.0046221411717346,0.7636128043369478,174.0,0.7350258609986798,61.0,0.7144365483655444,13.0,0.257728077256096,0.0,0.4329867441978471,0.7047410142556235,10967.584113996649,0.2220080212928358,0.3002934981908393,0.6625015327774787,0.8770630192749421,0.24623647027160875
KARTAL,YAKACIK ÇARŞI,KARTAL|YAKACIK ÇARŞI,2022,0.7969558567844451,1110779.4706363082,0.0432264776422714,0.7874216612488298,207.0,0.7804211347567076,79.0,0.7222241453194942,12.0,0.456499245823252,0.1178156039716956,0.24194007678051493,0.7047410142556235,12899.374497711966,0.24117928774185288,0.3208491312510491,0.7945427245041583,0.733951626354678,0.24623647027160875
KARTAL,YALI,KARTAL|YALI,2022,0.7624625738740956,806678.2747482194,0.031392244212017,0.7236519079103443,134.0,0.5732687026608015,24.0,0.37920235246600215,4.0,0.0,0.1178156039716956,0.23188231505331938,0.7047410142556235,8350.31972315654,0.12291638215159449,0.20424476819732118,0.5921684333580937,0.6324124771567161,0.24623647027160875
KARTAL,YUKARI,KARTAL|YUKARI,2022,0.7054079554040597,475220.4343939684,0.0184934147826065,0.6224839462031403,67.0,0.39131676754120764,8.0,0.32717436346889917,1.0,0.16260831227163414,0.0,0.2177152568128456,0.7047410142556235,4175.15986157827,0.08415158538209769,0.3793571258575323,0.6113835939385333,0.489301084236452,0.24623647027160875
KARTAL,YUNUS,KARTAL|YUNUS,2022,0.7818577174323889,965645.9285823412,0.0375785412367258,0.7236519079103443,134.0,0.638210159254361,35.0,0.555661978789327,5.0,0.42033638952773006,0.2356312079433912,0.21635625307916295,0.7047410142556235,8350.31972315654,0.1731285965359005,0.32214371717096046,0.6046984409736802,0.733951626354678,0.24623647027160875
KARTAL,ÇAVUŞOĞLU,KARTAL|ÇAVUŞOĞLU,2022,0.7792447331135789,942526.759796587,0.0366788484902864,0.7677224086272625,181.0,0.7488386673333082,66.0,0.46608985816623094,4.0,0.42033638952773006,0.3534468119150868,0.24458241609648776,0.7047410142556235,11279.16320814428,0.231941855709444,0.2780268762821019,0.5974810322113314,0.6324124771567161,0.24623647027160875
KAĞITHANE,EMNİYET EVLERİ,KAĞITHANE|EMNİYET EVLERİ,2022,0.7179786105700968,499288.77317626216,0.0215649906758909,0.7247406601143968,135.0,0.795360086153147,86.0,0.6620066167883364,9.0,0.0,0.0,0.26904268014122984,0.668871610582811,7866.026885143587,0.36772125036633363,0.31692152950096153,0.817904365176765,0.0,0.24623647027160875
KAĞITHANE,GÜLTEPE,KAĞITHANE|GÜLTEPE,2022,0.7750062453642601,847316.7626945039,0.0365968134448367,0.7823714039051184,200.0,0.9093481379635479,164.0,0.7176252125601035,10.0,0.16260831227163414,0.0,0.25690136925256224,0.668871610582811,11653.373163175682,0.4467646631907832,0.3489968837466075,0.8299241777204361,0.686820903599663,0.24623647027160875
KAĞITHANE,GÜRSEL,KAĞITHANE|GÜRSEL,2022,0.8471817231150809,1654778.989170947,0.0714722529111101,0.9466300601957659,611.0,0.8982135164725039,154.0,0.8241449121591963,16.0,0.3775648087257248,0.0,0.29724601892983077,0.668871610582811,35601.05501350171,0.1676972897360883,0.36233252293372936,0.8701013366059996,0.6324124771567161,0.24623647027160875
KAĞITHANE,HAMİDİYE,KAĞITHANE|HAMİDİYE,2022,0.6373370818285536,236330.4077492029,0.0102074456974458,0.9174005625387209,501.0,0.892373782287982,149.0,0.8332840961533045,24.0,0.6352928859818208,0.0,0.460497796203916,0.668871610582811,29191.699773755092,0.19424741987169253,0.29909031673720016,0.8759505420279778,0.7755238700769802,0.24623647027160875
KAĞITHANE,HARMANTEPE,KAĞITHANE|HARMANTEPE,2022,0.8201414448793294,1287756.001396729,0.0556200092108607,0.8384715491319733,293.0,0.9136141128419197,168.0,0.6798537235618162,10.0,0.257728077256096,0.0,0.25363752454110283,0.668871610582811,17072.191684052377,0.33813087210492293,0.31466606291205756,0.831152480284141,0.7755238700769802,0.24623647027160875
KAĞITHANE,HÜRRİYET,KAĞITHANE|HÜRRİYET,2022,0.8145336871591324,1222497.111682945,0.0528013851523944,0.8703838559996687,364.0,0.9589566876985639,217.0,0.7259180779472822,13.0,0.3775648087257248,0.0,0.2777202670802167,0.668871610582811,21209.13915697974,0.3488527608779295,0.3103026927494306,0.8258323864274143,0.6324124771567161,0.24623647027160875
KAĞITHANE,MEHMET AKİF ERSOY,KAĞITHANE|MEHMET AKİF ERSOY,2022,0.7607498064911237,742378.1373601068,0.0320643652936779,0.8109711390324876,243.0,0.8736095026422123,134.0,0.7544127259946185,15.0,0.16260831227163414,0.0,0.2862882156299391,0.668871610582811,14158.848393258451,0.32765500626350963,0.3107672444798173,0.8838063378685118,0.733951626354678,0.24623647027160875
KAĞITHANE,SARIYER MERKEZ,KAĞITHANE|SARIYER MERKEZ,2022,0.8603874910809104,1870366.3926896972,0.0807837788185435,1.0,872.75,0.9082654845630349,163.0,0.8079209782220498,22.0,0.7551296174514496,0.0,0.3192265884472643,0.668871610582811,51143.74146988728,0.12707924533391,0.2921178087863664,0.8845816883174058,0.846351820920547,0.24623647027160875
KAĞITHANE,NURTEPE,KAĞITHANE|NURTEPE,2022,0.8422127821784916,1580255.6677924383,0.0682534849014865,0.8612126673366061,342.0,0.8993588319047171,155.0,0.7111963295973848,13.0,0.3775648087257248,0.0,0.2492034526726706,0.668871610582811,19927.268109030418,0.27885971858659286,0.2974947263374358,0.976838075288282,0.489301084236452,0.24623647027160875
KAĞITHANE,ORTABAYIR,KAĞITHANE|ORTABAYIR,2022,0.8230962745435176,1323531.857007678,0.0571652191857699,0.8157304309273407,251.0,0.9146648293758671,169.0,0.7593841028932609,14.0,0.257728077256096,0.0,0.2375819607463261,0.668871610582811,14624.98331978548,0.38407017595708004,0.3271383339177123,0.7835002633517228,0.5680609671737329,0.24623647027160875
KAĞITHANE,SEYRANTEPE,KAĞITHANE|SEYRANTEPE,2022,0.828512066321234,1391704.0900122558,0.0601096746754178,0.9022485395993602,452.0,0.8305395501017045,105.0,0.7532477583936691,16.0,0.42033638952773006,0.0,0.2855804993848184,0.668871610582811,26336.62334877704,0.155838145837745,0.2988005552080332,0.7843797661708972,0.686820903599663,0.24623647027160875
KAĞITHANE,SULTAN SELİM,KAĞITHANE|SULTAN SELİM,2022,0.8744811331882807,2131518.485276464,0.092063308309656,0.8770996857626152,381.0,1.0,270.0,0.7787394075003621,17.0,0.3252166245432683,0.0,0.23241453333521897,0.668871610582811,22199.675875849673,0.4036693543610119,0.31058374545230927,0.7870567364225631,0.686820903599663,0.24623647027160875
KAĞITHANE,TALATPAŞA,KAĞITHANE|TALATPAŞA,2022,0.8548741387834049,1777139.4073842918,0.0767571730207345,0.943216100315426,597.0,0.8911825006828653,148.0,0.7721861998972311,15.0,0.3775648087257248,0.0,0.28864363697073614,0.668871610582811,34785.31889207941,0.16522652909008226,0.32649213103082253,0.8069973325825466,0.686820903599663,0.24623647027160875
KAĞITHANE,TELSİZLER,KAĞITHANE|TELSİZLER,2022,0.75245850512095,687432.4828957336,0.0296911845015942,0.7541472972154779,165.0,0.8371364500495209,109.0,0.6418710469996909,8.0,0.257728077256096,0.0,0.2583916653162608,0.668871610582811,9614.03285961994,0.3783858825698464,0.3192206903079439,0.7973613646995658,0.5680609671737329,0.24623647027160875
KAĞITHANE,YAHYA KEMAL,KAĞITHANE|YAHYA KEMAL,2022,0.5373396093977956,93460.05276866896,0.0040366723123035,0.8546158043346792,327.0,0.7616568551109377,71.0,0.5939337195945336,7.0,0.257728077256096,0.0,0.5080207206960485,0.668871610582811,19053.26512179224,0.14659361620431033,0.29919212509440724,0.8826796815146865,0.686820903599663,0.24623647027160875
KAĞITHANE,YEŞİLCE,KAĞITHANE|YEŞİLCE,2022,0.7565299224757435,713885.6399761423,0.0308337338967225,0.7929893127227079,215.0,0.8183721704037509,98.0,0.6774806106343659,9.0,0.16260831227163414,0.1178156039716956,0.2787505232860626,0.668871610582811,12527.376150413858,0.2801920774474532,0.3309057537501345,0.7636600430147311,0.5680609671737329,0.24623647027160875
KAĞITHANE,ÇAĞLAYAN,KAĞITHANE|ÇAĞLAYAN,2022,0.8596966389372984,1858421.685197442,0.0802678699506992,0.9273434658965711,536.0,0.9248445105847618,179.0,0.6553900875968133,7.0,0.257728077256096,0.0,0.27484821876203025,0.668871610582811,31231.04007731083,0.2149743952327843,0.3554616840731646,0.8652791632005781,0.686820903599663,0.24623647027160875
KAĞITHANE,ÇELİKTEPE,KAĞITHANE|ÇELİKTEPE,2022,0.8627531297914335,1911852.4011506024,0.0825756183985685,0.9101733907458858,477.0,1.0,270.0,0.6857209599504621,11.0,0.16260831227163414,0.0,0.2618440983205576,0.668871610582811,27793.294994174004,0.3381291757303866,0.30355092217170376,0.7134052182341086,0.686820903599663,0.24623647027160875
KAĞITHANE,ŞİRİNTEPE,KAĞITHANE|ŞİRİNTEPE,2022,0.8230392944044036,1322832.6546178877,0.0571350196422864,0.8842606823734845,400.0,0.8033657456456684,90.0,0.7034589391986198,13.0,0.0,0.0,0.2791134625109791,0.668871610582811,23306.746326351367,0.15140492880944878,0.2908585160400846,0.802458888859603,0.5680609671737329,0.24623647027160875
KÜÇÜKÇEKMECE,ATAKENT,KÜÇÜKÇEKMECE|ATAKENT,2022,0.9883859798871311,5380618.261467419,0.1385599772403383,0.9002815070703606,446.0,0.8947327033425846,151.0,1.0,34.0,0.9565666579531885,0.0,0.15808824106597832,0.5994002381776923,22811.36639367366,0.21754811892028633,0.38714132287453085,0.9192698174769497,0.686820903599663,0.24623647027160875
KÜÇÜKÇEKMECE,ATATÜRK,KÜÇÜKÇEKMECE|ATATÜRK,2022,0.8940690280767677,2243748.502968766,0.0577803007752509,1.0,872.75,0.9418188662603276,197.0,0.7232219023693813,14.0,0.257728077256096,0.18673331429495207,0.29063921836772955,0.5994002381776923,44893.89428710101,0.15106226324290595,0.2954210534274237,0.9548258449291556,0.686820903599663,0.24623647027160875
KÜÇÜKÇEKMECE,BEŞYOL,KÜÇÜKÇEKMECE|BEŞYOL,2022,0.6248384406888857,184741.37985190417,0.0047574014999249,0.6865766830299206,104.0,0.8736095026422123,134.0,0.652835397870297,7.0,0.4878249368149024,0.0,0.3239844864498129,0.5994002381776923,5319.242387762467,0.6176434268084388,0.353052356408101,0.7366985678639547,0.489301084236452,0.24623647027160875
KÜÇÜKÇEKMECE,CENNET,KÜÇÜKÇEKMECE|CENNET,2022,0.8542749854684983,1551326.354454071,0.0399492649208811,0.887894493036527,401.0,0.8165640743059941,97.0,0.6053314923908707,5.0,0.515456154512192,0.0,0.2553638461449583,0.5994002381776923,20970.09018252511,0.15842753968999465,0.36930261767899764,0.717196207019519,0.6324124771567161,0.24623647027160875
KÜÇÜKÇEKMECE,CUMHURİYET,KÜÇÜKÇEKMECE|CUMHURİYET,2022,0.9184684120277538,2813470.050634979,0.0724515896201191,0.9376863974601644,575.0,1.0,270.0,0.6617608623794886,7.0,0.42033638952773006,0.0,0.2327323137316371,0.5994002381776923,29409.27281695595,0.2902898365983973,0.36149473158076156,0.8271186754704373,0.5680609671737329,0.24623647027160875
KÜÇÜKÇEKMECE,FATİH,KÜÇÜKÇEKMECE|FATİH,2022,0.7530145678567007,606547.0718891836,0.0156196080807335,0.8307459487640586,278.0,0.6967153985173783,49.0,0.6890747729285897,8.0,0.16260831227163414,0.0,0.30508883802577175,0.5994002381776923,14218.74407498044,0.12111378328436245,0.3628917953375239,0.8626406526996965,0.733951626354678,0.24623647027160875
KÜÇÜKÇEKMECE,FEVZİ ÇAKMAK,KÜÇÜKÇEKMECE|FEVZİ ÇAKMAK,2022,0.8415467508769685,1378604.4165360534,0.0355013842826623,0.8259086218216007,269.0,0.8201620943739552,99.0,0.6387234971609659,7.0,0.16260831227163414,0.1178156039716956,0.2287060667769041,0.5994002381776923,13758.425022193303,0.23379225976083118,0.33984836412539615,0.8492527223258141,0.6324124771567161,0.24623647027160875
KÜÇÜKÇEKMECE,GÜLTEPE,KÜÇÜKÇEKMECE|GÜLTEPE,2022,0.8559505972132686,1575620.9711289478,0.0405748921945424,0.7808961390705891,198.0,0.8033657456456684,90.0,0.5575320952700996,4.0,0.42033638952773006,0.0,0.1913938058825876,0.5994002381776923,10127.019161317005,0.2795417320673445,0.3639052185381857,0.6870670914894258,0.733951626354678,0.24623647027160875
KÜÇÜKÇEKMECE,HALKALI MERKEZ,KÜÇÜKÇEKMECE|HALKALI MERKEZ,2022,0.9568160758705784,4015005.071532247,0.1033931389103285,1.0,872.75,0.9889595344381522,257.0,0.9223994215985282,28.0,0.6017222572298446,0.1178156039716956,0.2386184414357209,0.5994002381776923,44893.894287101015,0.1915911409515251,0.35086239449883144,0.9322263252878548,0.812711509291959,0.24623647027160875
KÜÇÜKÇEKMECE,KANARYA,KÜÇÜKÇEKMECE|KANARYA,2022,0.9371282448550889,3344985.1169198593,0.0861389972577768,1.0,872.75,0.9268124415022452,181.0,0.6850653016929262,9.0,0.257728077256096,0.0,0.2547287815297451,0.5994002381776923,44893.894287101015,0.13987211025190724,0.3378459599073509,0.8178375058314689,0.686820903599663,0.24623647027160875
KÜÇÜKÇEKMECE,KARTALTEPE,KÜÇÜKÇEKMECE|KARTALTEPE,2022,0.7783067521449921,766891.5419433695,0.0197487480868976,0.8203409703477226,259.0,0.883862459283503,142.0,0.6616378720747372,9.0,0.257728077256096,0.0,0.2773269513964597,0.5994002381776923,13246.959407985376,0.32612531216755314,0.3165912130677906,0.7770334128321725,0.6324124771567161,0.24623647027160875
KÜÇÜKÇEKMECE,KEMALPAŞA,KÜÇÜKÇEKMECE|KEMALPAŞA,2022,0.7779970780975392,764692.2398022754,0.0196921123547556,0.7122982107642172,124.0,0.7070928542451279,52.0,0.5291390371247914,3.0,0.540173120997359,0.0,0.21279170127178332,0.5994002381776923,6342.1736161783265,0.2612700965118756,0.3892365125474798,0.7341080968574619,0.6324124771567161,0.24623647027160875
KÜÇÜKÇEKMECE,MEHMET AKİF,KÜÇÜKÇEKMECE|MEHMET AKİF,2022,0.9180165946021769,2801706.341508196,0.0721486543086621,1.0,872.75,0.9708077951586415,232.0,0.647626197650357,10.0,0.257728077256096,0.18673331429495207,0.2705647139433046,0.5994002381776923,44893.89428710101,0.17497083911556433,0.28653224720087195,0.949462259957497,0.489301084236452,0.24623647027160875
KÜÇÜKÇEKMECE,SULTAN MURAT,KÜÇÜKÇEKMECE|SULTAN MURAT,2022,0.7837271556356201,806427.8339216425,0.0207668741554031,0.7169450596246193,128.0,0.7759121360481404,77.0,0.5899270742078563,4.0,0.257728077256096,0.0,0.21097161669175316,0.5994002381776923,6546.759861861498,0.3513765334225103,0.39596911154606595,0.8158325392342709,0.733951626354678,0.24623647027160875
KÜÇÜKÇEKMECE,SÖĞÜTLÜ ÇEŞME,KÜÇÜKÇEKMECE|SÖĞÜTLÜ ÇEŞME,2022,0.8685462697456262,1770847.3960721144,0.045602301254679,0.9384527641397407,578.0,0.8481238239621675,116.0,0.5223529529496641,3.0,0.456499245823252,0.1178156039716956,0.27425110516717,0.5994002381776923,29562.712501218324,0.13645194347386794,0.3823652917694963,0.938845167139875,0.686820903599663,0.24623647027160875
KÜÇÜKÇEKMECE,TEVFİKBEY,KÜÇÜKÇEKMECE|TEVFİKBEY,2022,0.6262027069314666,187094.12167726064,0.0048179885622163,0.918862668203921,506.0,0.9208421862888501,175.0,0.8366002039961355,19.0,0.257728077256096,0.1178156039716956,0.47122177434685925,0.5994002381776923,25880.160078921235,0.22159731140377437,0.3426178700360163,0.8381817652412353,0.686820903599663,0.24623647027160875
KÜÇÜKÇEKMECE,YARIMBURGAZ,KÜÇÜKÇEKMECE|YARIMBURGAZ,2022,0.47767996646998784,47157.1296299711,0.0012143754659276,0.8945614534609686,429.0,0.685695640581381,46.0,0.6270815268958511,6.0,0.0,0.18673331429495207,0.586524952152565,0.5994002381776923,21941.87484952018,0.07599153299816255,0.3567166515064731,0.8854467746552025,0.686820903599663,0.24623647027160875
KÜÇÜKÇEKMECE,SEYMEN MAHALLE,KÜÇÜKÇEKMECE|SEYMEN MAHALLE,2022,0.8140753076243704,1068553.9612032063,0.0275170631606953,0.8555126171515238,329.0,0.6172334792828835,31.0,0.591678944587562,4.0,0.257728077256096,0.0,0.26900388038114803,0.5994002381776923,16827.21870744088,0.06717943243035722,0.39772423749998415,0.7880730245185734,0.6324124771567161,0.24623647027160875
KÜÇÜKÇEKMECE,YEŞİLOVA,KÜÇÜKÇEKMECE|YEŞİLOVA,2022,0.8645617993041331,1706607.3149275985,0.0439480110321137,0.8505112821276298,318.0,0.8147374333093891,96.0,0.5878044132849582,4.0,0.16260831227163414,0.0,0.22471543305278113,0.5994002381776923,16264.60653181216,0.19682006140042613,0.39384531088375346,0.7311375916736965,0.6324124771567161,0.24623647027160875
KÜÇÜKÇEKMECE,İNÖNÜ,KÜÇÜKÇEKMECE|İNÖNÜ,2022,0.9476454230567247,3687667.0784391714,0.0949636345915246,0.9954394166445893,851.0,0.95229812018229,209.0,0.8059546716967365,15.0,0.4878249368149024,0.1178156039716956,0.24336831748657858,0.5994002381776923,43525.7237690948,0.1638425633451493,0.357244498449982,0.922698419592598,0.5680609671737329,0.24623647027160875
KÜÇÜKÇEKMECE,İSTASYON,KÜÇÜKÇEKMECE|İSTASYON,2022,0.8884640533525484,2130100.8434917643,0.0548536822445662,0.9165162926341154,498.0,0.9637921685075922,223.0,0.7516838589611405,11.0,0.42033638952773006,0.1178156039716956,0.24451394739975257,0.5994002381776923,25470.987587554893,0.27606930409897756,0.3634082721341169,0.9370510166878013,0.6324124771567161,0.24623647027160875
MALTEPE,ALTAYÇEŞME,MALTEPE|ALTAYÇEŞME,2022,0.8622656502113566,1971185.9320324548,0.0708434456149026,0.7567896112076081,168.0,0.7641133897256306,72.0,0.6480216190781457,5.0,0.4878249368149024,0.0,0.1732766807190133,0.6875983474526679,10138.355271291097,0.26609894505040393,0.41140644219360634,0.7776122305503698,0.686820903599663,0.24623647027160875
MALTEPE,ALTINTEPE,MALTEPE|ALTINTEPE,2022,0.8475607432612263,1719899.554951168,0.0618123377426134,0.8675271228115148,348.0,0.7168987767944389,55.0,0.6282475676851274,7.0,0.3775648087257248,0.0,0.2486136586933424,0.6875983474526679,21544.00495149358,0.10690033381132322,0.33016456413347306,0.9005087280620074,0.5680609671737329,0.24623647027160875
MALTEPE,AYDINEVLER,MALTEPE|AYDINEVLER,2022,0.8133970495577934,1252871.3915909196,0.045027576978049,0.7725074309231674,187.0,0.6656637688518892,41.0,0.609683205602471,10.0,0.3252166245432683,0.18673331429495207,0.21985207092115946,0.6875983474526679,11284.954974591878,0.14789561388079048,0.2549052367210837,0.8287299282682565,0.812711509291959,0.24623647027160875
MALTEPE,BAĞLARBAŞI,MALTEPE|BAĞLARBAŞI,2022,0.8672207414752795,2063879.465941402,0.0741748052911361,0.9343186861576809,553.0,1.0,270.0,0.8642972314807031,18.0,0.456499245823252,0.18673331429495207,0.27283070770675605,0.6875983474526679,33915.21227658093,0.2958318682908873,0.3781766857275033,0.726760151411656,0.686820903599663,0.24623647027160875
MALTEPE,BAŞIBÜYÜK,MALTEPE|BAŞIBÜYÜK,2022,0.8194071052450673,1324684.7414292314,0.0476085131855476,0.9012683017466936,448.0,0.8826126581129299,141.0,0.7378736325366965,18.0,0.540173120997359,0.0,0.2926453350031306,0.6875983474526679,27095.961409581563,0.20374722073814128,0.26669889177483935,0.8719563860984234,0.733951626354678,0.24623647027160875
MALTEPE,BÜYÜKBAKKALKÖY,MALTEPE|BÜYÜKBAKKALKÖY,2022,0.7476650532708083,681019.8764078573,0.024475516892119,0.5112835695562822,31.0,0.4100810471869776,9.0,0.5091061243808139,2.0,0.4878249368149024,0.1178156039716956,0.12608597235099778,0.6875983474526679,1870.7679369644288,0.19016350848406144,0.4468693591129552,0.8495696574529769,1.0,0.24623647027160875
MALTEPE,CEVİZLİ,MALTEPE|CEVİZLİ,2022,0.8857344409040083,2450464.6080121803,0.0880684837325109,0.8599166831245459,339.0,0.8555766241719459,121.0,0.7215866129177,7.0,0.5625323369257385,0.3307502157051291,0.21335245978557177,0.6875983474526679,20457.752600998105,0.22771551424994127,0.41975180216148966,0.7829709909223227,0.7755238700769802,0.24623647027160875
MALTEPE,ESENKENT,MALTEPE|ESENKENT,2022,0.8037087320759505,1145211.7141862568,0.041158341520757,0.8658695182482042,353.0,0.7321299283153692,60.0,0.7793557463622499,14.0,0.3775648087257248,0.0,0.28402262696060854,0.6875983474526679,21302.615540272363,0.11711528841974891,0.3452328475200003,0.7704596539622536,0.5680609671737329,0.24623647027160875
MALTEPE,FEYZULLAH,MALTEPE|FEYZULLAH,2022,0.8114897156977691,1230904.9551697888,0.0442381141381082,0.7290170538561206,139.0,0.7002421659594933,50.0,0.7748612246556934,11.0,0.515456154512192,0.0,0.1962469918456635,0.6875983474526679,8388.282039937278,0.22924246385449842,0.38540206817211414,0.7430535259428671,0.5680609671737329,0.24623647027160875
MALTEPE,FINDIKLI,MALTEPE|FINDIKLI,2022,0.904221582757168,2908742.40521566,0.1045387606734725,0.9518401611939475,630.0,1.0,270.0,0.7351641674203037,10.0,0.257728077256096,0.0,0.25280009633330036,0.6875983474526679,38199.87432575753,0.2679235437535354,0.365397020338908,0.9691266648420116,0.489301084236452,0.24623647027160875
MALTEPE,GÜLENSU,MALTEPE|GÜLENSU,2022,0.7739706169534464,869182.9224547957,0.0312380035265565,0.9242901531550862,524.0,0.7434414077513606,64.0,0.7171594612575205,11.0,0.257728077256096,0.0,0.34581933135423076,0.6875983474526679,31682.36022278468,0.08581709751570074,0.33154531682311195,0.8035949267513366,0.5680609671737329,0.24623647027160875
MALTEPE,GÜLSUYU,MALTEPE|GÜLSUYU,2022,0.7790449330629441,911063.9853016768,0.032743188171938,0.87437126776053,373.0,0.6894451671969107,47.0,0.5518685653114581,5.0,0.257728077256096,0.0,0.31015010479195493,0.6875983474526679,22569.909949183755,0.0883157199696064,0.31863164671849803,0.8682351759173437,0.5680609671737329,0.24623647027160875
MALTEPE,GİRNE,MALTEPE|GİRNE,2022,0.8049459870611327,1158427.7844506186,0.0416333205370949,0.6851649473375734,103.0,0.638210159254361,35.0,0.44293294767789243,3.0,0.456499245823252,0.0,0.1766714769198847,0.6875983474526679,6215.777338946328,0.21823936493555948,0.3043758570716068,0.8331475011483281,0.6324124771567161,0.24623647027160875
MALTEPE,KÜÇÜKYALI MERKEZ,MALTEPE|KÜÇÜKYALI MERKEZ,2022,0.8380171306100453,1574221.045279164,0.0565767242931162,0.8192017735358758,257.0,0.7002421659594933,50.0,0.6008831858380207,6.0,0.42033638952773006,0.0,0.22758735360471463,0.6875983474526679,15509.269670963167,0.13262734797069786,0.33209412413259254,0.7406727451923684,0.489301084236452,0.24623647027160875
MALTEPE,YALI,MALTEPE|YALI,2022,0.26795968683750243,7905.503217494844,0.0002841198682204,0.7203365941413745,131.0,0.5997017023825433,28.0,0.7735985573654314,10.0,0.456499245823252,0.1178156039716956,0.6594434207064264,0.6875983474526679,7905.503217494844,0.14451588773456858,0.4022607740758568,0.7806280485721343,0.6324124771567161,0.24623647027160875
MALTEPE,ZÜMRÜTEVLER,MALTEPE|ZÜMRÜTEVLER,2022,0.9659007839399192,5153663.929572974,0.1852201278322521,0.9670806909011072,700.0,0.8775238566049318,137.0,0.911773805578519,32.0,0.515456154512192,0.1178156039716956,0.21203259491077903,0.6875983474526679,42363.84166932351,0.1330045827784188,0.3177144344872966,0.7716668395654562,0.7755238700769802,0.24623647027160875
MALTEPE,ÇINAR,MALTEPE|ÇINAR,2022,0.8131942985509838,1250517.8448315128,0.0449429916737696,0.8394717241769207,295.0,0.7912181335192904,84.0,0.790978092013778,13.0,0.0,0.0,0.25997502802299804,0.6875983474526679,17802.46907756473,0.1869320473848433,0.36954569047480973,0.7022509092911986,0.489301084236452,0.24623647027160875
MALTEPE,İDEALTEPE,MALTEPE|İDEALTEPE,2022,0.5850421781779139,150687.33995484447,0.0054156283278352,0.8259086218216007,262.0,0.8387481889764207,110.0,0.7926487429442706,16.0,0.42033638952773006,0.0,0.4475536746424046,0.6875983474526679,16233.437904626817,0.25576600192342996,0.3334814570390108,0.6418775969484646,0.6324124771567161,0.24623647027160875
PENDİK,AHMET YESEVİ,PENDİK|AHMET YESEVİ,2022,0.8550966427312793,1606133.0184467845,0.0416572392793568,0.9032223071880379,455.0,0.8982135164725039,154.0,0.5518685653114581,6.0,0.3775648087257248,0.0,0.2639698920963033,0.6138308132647949,23910.955187425545,0.21749043949742428,0.28777039655180947,0.8469379666976696,0.5680609671737329,0.24623647027160875
PENDİK,BAHÇELİEVLER,PENDİK|BAHÇELİEVLER,2022,0.7608597687581679,670242.4669459899,0.0173836478673205,0.8072981214040859,237.0,0.5732687026608015,24.0,0.5228453676821568,3.0,0.5625323369257385,0.2356312079433912,0.28392977096648114,0.6138308132647949,12454.717317406272,0.07196461514325087,0.3828628884727108,0.7988290210160899,0.733951626354678,0.24623647027160875
PENDİK,BALLICA,PENDİK|BALLICA,2022,0.6707578000256016,290610.07073947974,0.0075373665286406,0.5710999126413386,47.0,0.45680705642095987,12.0,0.0,0.0,0.0,0.0,0.21487762220848122,0.6138308132647949,2469.9228435362656,0.1696452138051978,0.0,0.5643248814018448,0.7755238700769802,0.24623647027160875
PENDİK,BATI,PENDİK|BATI,2022,0.7680620627373159,716540.3823748294,0.0185844471280316,0.8203409703477226,259.0,0.6967153985173783,49.0,0.4977282948149159,2.0,0.3252166245432683,0.0,0.2859210956661188,0.6138308132647949,13610.851414380695,0.12927014645023366,0.43466673329771743,0.631131638136322,0.6324124771567161,0.24623647027160875
PENDİK,DOĞU,PENDİK|DOĞU,2022,0.7859740795515092,846027.4012359645,0.0219428686699069,0.8429198837487056,302.0,0.8013978147281852,89.0,0.7526236623025574,12.0,0.4878249368149024,0.0,0.2847863439523398,0.6138308132647949,15870.568058467066,0.19269135969221513,0.34843553284073453,0.8086143572521995,0.686820903599663,0.24623647027160875
PENDİK,DUMLUPINAR,PENDİK|DUMLUPINAR,2022,0.8419221486937521,1421414.3206801894,0.0368663091983131,0.890385931691761,417.0,0.9016276006233391,157.0,0.7365234787461393,13.0,0.16260831227163414,0.1178156039716956,0.26710073055589334,0.6138308132647949,21913.996292651544,0.23839662158225133,0.31967278689336254,0.8476256464664339,0.733951626354678,0.24623647027160875
PENDİK,EMİRLİ,PENDİK|EMİRLİ,2022,0.5803213034653341,125598.2041713122,0.0032575598559586,0.37839480560380406,12.0,0.5045837821888896,16.0,0.3373562454057002,2.0,0.0,0.0,0.17135639439947914,0.6138308132647949,630.6185983496847,0.6321303770394044,0.2696842213442187,0.2494746096002815,0.489301084236452,0.24623647027160875
PENDİK,ERTUĞRUL GAZİ,PENDİK|ERTUĞRUL GAZİ,2022,0.7621873463721041,678545.6118242608,0.0175990011967102,0.8715914364453913,367.0,0.7434414077513606,64.0,0.6114293866676548,7.0,0.257728077256096,0.0,0.3227925023369009,0.6138308132647949,19286.41879952786,0.11992545637702705,0.3148374117498138,0.7432326160441806,0.733951626354678,0.24623647027160875
PENDİK,ESENLER,PENDİK|ESENLER,2022,0.8667752530106357,1789853.2367659928,0.0464222724410436,0.8568476964357772,332.0,0.8147374333093891,96.0,0.7514482179048313,12.0,0.456499245823252,0.3913749648496988,0.22666608935609447,0.6138308132647949,17447.11455434128,0.18948905808889943,0.3473521855564013,0.8889926039882294,0.6324124771567161,0.24623647027160875
PENDİK,ESENYALI,PENDİK|ESENYALI,2022,0.7730684791422554,750593.7866857123,0.0194676683776806,0.8986220378956878,441.0,0.9811996721938143,246.0,0.6356658239138365,10.0,0.456499245823252,0.0,0.330434896197574,0.6138308132647949,23175.23348935091,0.3307180618110158,0.2763821343286069,0.8271553242123442,0.5680609671737329,0.24623647027160875
PENDİK,FATİH,PENDİK|FATİH,2022,0.8180576374433417,1139212.4979187057,0.0295470219905735,0.8871748562238777,408.0,0.8959005497300971,152.0,0.643493830726841,9.0,0.3252166245432683,0.0,0.28508535882472724,0.6138308132647949,21441.03234388928,0.23625278535233904,0.3005115907189154,0.8016440866209421,0.6324124771567161,0.24623647027160875
PENDİK,FEVZİ ÇAKMAK,PENDİK|FEVZİ ÇAKMAK,2022,0.8797756777111214,2019188.200365828,0.0523703859186182,0.9123181362641622,484.0,0.886336053712944,144.0,0.7864097116413699,14.0,0.4878249368149024,0.0,0.24910849841387994,0.6138308132647949,25434.950133437284,0.19431381718987825,0.35171650047546543,0.8554992727329692,0.6324124771567161,0.24623647027160875
PENDİK,GÖÇBEYLİ,PENDİK|GÖÇBEYLİ,2022,0.5218307915137794,72994.102758976,0.0018932011045717,0.7756133404638514,191.0,0.6172334792828835,31.0,0.6503779025988131,6.0,0.456499245823252,0.18673331429495207,0.4706597564334126,0.6138308132647949,10037.346023732482,0.11220954576301781,0.3791046787152594,0.5865722875353335,0.5680609671737329,0.24623647027160875
PENDİK,GÜLLÜ BAĞLAR,PENDİK|GÜLLÜ BAĞLAR,2022,0.7998387882415011,962113.774882169,0.0249537262940963,0.7950241760745759,218.0,0.8788097534253907,138.0,0.6883223510916605,8.0,0.42033638952773006,0.1178156039716956,0.2441428392156705,0.6138308132647949,11456.237870019271,0.3658917344893622,0.36217976019900155,0.8454839202337342,0.6324124771567161,0.24623647027160875
PENDİK,GÜZELYALI,PENDİK|GÜZELYALI,2022,0.8673499360421507,1799417.6188409629,0.0466703376685685,0.8805350991809929,390.0,0.8800864322682628,139.0,0.45570692899522947,4.0,0.257728077256096,0.30454891826664765,0.2402370104313728,0.6138308132647949,20495.104446364752,0.22742851501784325,0.26877233957912855,0.8836056398352098,0.686820903599663,0.24623647027160875
PENDİK,HARMANDERE,PENDİK|HARMANDERE,2022,0.7262124334890926,486049.2846780195,0.0126063477438331,0.6999973177217712,114.0,0.7168987767944389,55.0,0.6384474465728271,5.0,0.42033638952773006,0.18673331429495207,0.2471870718758368,0.6138308132647949,5990.876684322005,0.2937218533839964,0.4018488787155331,0.5841328930591903,0.489301084236452,0.24623647027160875
PENDİK,KAVAKPINAR,PENDİK|KAVAKPINAR,2022,0.9371282448550889,3436871.3610057817,0.0891399224182815,1.0,872.75,0.9125571605650425,167.0,0.6373394260846755,7.0,0.515456154512192,0.3307502157051291,0.2547287815297451,0.6138308132647949,46127.12289178631,0.12994112175486744,0.3385630866695764,0.7578127329014596,0.733951626354678,0.24623647027160875
PENDİK,KAYNARCA,PENDİK|KAYNARCA,2022,0.9245509187283572,3058500.2019959707,0.0793263529777368,0.9126219988928206,485.0,0.9621948848329973,221.0,0.7637922392326613,11.0,0.515456154512192,0.18673331429495207,0.2131972753503776,0.6138308132647949,25487.501683299753,0.28011835543339714,0.3748407504304447,0.8306185895583649,0.6324124771567161,0.24623647027160875
PENDİK,KURNA,PENDİK|KURNA,2022,0.5030663456585633,61327.65868950684,0.0015906160468216,0.5158231663188617,32.0,0.4100810471869776,9.0,0.5077850075645091,5.0,0.0,0.27355936087800314,0.319483858948069,0.6138308132647949,1681.6495955991593,0.18489928401496133,0.27884490227207065,0.598642983530626,0.931471445717889,0.24623647027160875
PENDİK,KURTDOĞMUŞ,PENDİK|KURTDOĞMUŞ,2022,0.6436350471092193,225971.66440863704,0.0058608817492142,0.47486547384281136,24.0,0.4100810471869776,9.0,0.39282787871924113,2.0,0.0,0.0,0.1798521127228558,0.6138308132647949,1261.2371966993694,0.23758383743536315,0.32503043220147754,0.5261939545571571,0.812711509291959,0.24623647027160875
PENDİK,KURTKÖY,PENDİK|KURTKÖY,2022,0.8780157846761835,1986501.1363513696,0.0515226025586156,0.9126219988928206,485.0,0.8481238239621675,116.0,0.834482148321949,16.0,0.5625323369257385,0.2356312079433912,0.2507353523243037,0.6138308132647949,25487.50168329976,0.15998843468351254,0.3720038562619962,0.7184980385892272,0.6324124771567161,0.24623647027160875
PENDİK,ORHANGAZİ,PENDİK|ORHANGAZİ,2022,0.8482546785619265,1507388.6562551963,0.0390961702545258,0.9002815070703606,446.0,0.8465950940956967,115.0,0.6530923372584422,9.0,0.456499245823252,0.0,0.2678634025745311,0.6138308132647949,23437.99123866329,0.17114635848947662,0.30897526643004564,0.8494662830906271,0.6324124771567161,0.24623647027160875
PENDİK,ORTA,PENDİK|ORTA,2022,0.6289667369853141,197225.9666338639,0.0051153230708839,0.9597674463128125,668.0,0.42705540286254334,10.0,0.6534771297516312,10.0,0.3775648087257248,0.0,0.49513322928309006,0.6138308132647949,35104.43530813245,0.0110857090872643,0.29155621935327275,0.7710175806329144,0.5680609671737329,0.24623647027160875
PENDİK,RAMAZANOĞLU,PENDİK|RAMAZANOĞLU,2022,0.588942293431794,136055.96259394448,0.0035287960113292,0.7559140878422842,167.0,0.55050209871912,21.0,0.791493623347059,10.0,0.3252166245432683,0.44856581967682463,0.39918371418827314,0.6138308132647949,8776.108827033113,0.0883687749973731,0.4198244939808383,0.7879001013783348,0.6324124771567161,0.24623647027160875
PENDİK,SANAYİ,PENDİK|SANAYİ,2022,0.6089493244346914,163803.1809213306,0.0042484577703025,0.6793789016653243,99.0,0.45680705642095987,12.0,0.8024512864255315,11.0,0.3775648087257248,0.4359695403536438,0.3330501445487984,0.6138308132647949,5202.603436384899,0.0853563567293181,0.41216054628916216,0.7808674608116776,0.955822902212223,0.24623647027160875
PENDİK,SAPAN BAĞLARI,PENDİK|SAPAN BAĞLARI,2022,0.7569339964167106,646278.9602087019,0.0167621218027527,0.7025409195964298,116.0,0.49378678342630683,15.0,0.5072541126969652,3.0,0.257728077256096,0.0,0.22382346449497562,0.6138308132647949,6095.979784046953,0.09072554747940594,0.367185267525704,0.6118688054443356,0.686820903599663,0.24623647027160875
PENDİK,SÜLÜNTEPE,PENDİK|SÜLÜNTEPE,2022,0.835664397159587,1341273.207139917,0.0347877406709755,0.9083098890744042,471.0,0.6524654401915636,38.0,0.5331497840675732,6.0,0.3252166245432683,0.0,0.28330154646213046,0.6138308132647949,24751.779985225126,0.05788631044521717,0.2714973195274201,0.7524784356232581,0.6324124771567161,0.24623647027160875
PENDİK,VELİBABA,PENDİK|VELİBABA,2022,0.6412521382968771,221031.8187215645,0.0057327601481848,0.9404771561671866,586.0,0.9896484944305255,258.0,0.914718526459695,31.0,0.456499245823252,0.3534468119150868,0.47190292642218185,0.6138308132647949,30795.208219409604,0.27218507937048275,0.3258310978308231,0.7875192258138093,0.812711509291959,0.24623647027160875
PENDİK,YAYALAR,PENDİK|YAYALAR,2022,0.7659941622617231,702929.5309604487,0.0182314312273231,0.7936707238836349,216.0,0.7869775537551676,82.0,0.7882495788151577,14.0,0.257728077256096,0.1178156039716956,0.27126054715847747,0.6138308132647949,11351.134770294328,0.2400915859970087,0.35341535190749296,0.7943504115217527,0.686820903599663,0.24623647027160875
PENDİK,SEYMEN,PENDİK|SEYMEN,2022,0.7866351334292204,851230.0046723494,0.0220778052497144,0.7593854304508193,171.0,0.5732687026608015,23.0,0.5072541126969652,3.0,0.257728077256096,0.0,0.23359377402439355,0.6138308132647949,8986.315026483007,0.09798381464551696,0.367185267525704,0.6689680911722917,0.6324124771567161,0.24623647027160875
PENDİK,ESENŞEHİR,PENDİK|ESENŞEHİR,2022,0.9379969655121815,3464671.1308830306,0.0898609471730105,0.8424321965143038,301.0,0.8826126581129299,141.0,0.7252922068755601,10.0,0.7455530140709984,0.0,0.16384920200531664,0.6138308132647949,15818.016508604593,0.28663385134653563,0.3561318433598708,0.6224541861713915,0.812711509291959,0.24623647027160875
PENDİK,YEŞİLBAĞLAR,PENDİK|YEŞİLBAĞLAR,2022,0.6903339110677335,348469.3271380633,0.0090380248555906,0.7050414074928294,118.0,0.6057394309575813,29.0,0.5252894552328388,4.0,0.16260831227163414,0.18673331429495207,0.2800134661393421,0.6138308132647949,6201.082883771901,0.16394395497130498,0.33278882591040365,0.7132472537245552,0.733951626354678,0.24623647027160875
PENDİK,ÇAMLIK,PENDİK|ÇAMLIK,2022,0.8096072297195811,1053343.2654434235,0.0273198869258721,0.6879750371399594,105.0,0.6779511188716084,44.0,0.6376170060394413,8.0,0.6017222572298446,0.1178156039716956,0.17474446973028418,0.6138308132647949,5517.912735559742,0.2611085953759189,0.3153898645365611,0.8057866407862625,0.6324124771567161,0.24623647027160875
PENDİK,ÇAMÇEŞME,PENDİK|ÇAMÇEŞME,2022,0.8613140083668316,1701461.529897312,0.0441297135800719,0.9025738434887405,453.0,0.9306842447692837,185.0,0.5973538144582373,6.0,0.456499245823252,0.27355936087800314,0.25842982658300034,0.6138308132647949,23805.8520877006,0.2554834952444268,0.32882443601551387,0.8844320835450489,0.6324124771567161,0.24623647027160875
PENDİK,ÇINARDERE,PENDİK|ÇINARDERE,2022,0.8106618451907002,1063695.9207663308,0.0275883970897314,0.8495834472826911,316.0,0.8851035509675145,143.0,0.9162439028933461,33.0,0.515456154512192,0.1178156039716956,0.26822688447972637,0.6138308132647949,16606.289756541697,0.2785081086536239,0.31629051741039804,0.8384614416604828,0.686820903599663,0.24623647027160875
PENDİK,ŞEYHLİ,PENDİK|ŞEYHLİ,2022,0.8054335863034182,1013351.5359980809,0.0262826471558367,0.8404651639853041,297.0,0.8599030539912025,124.0,0.8554678565650724,18.0,0.42033638952773006,0.0,0.26701424336618534,0.6138308132647949,15607.810309154696,0.26029893159746065,0.3698727620493553,0.7472795818275397,0.6324124771567161,0.24623647027160875
SANCAKTEPE,ABDURRAHMANGAZİ,SANCAKTEPE|ABDURRAHMANGAZİ,2022,0.8979769461893848,2213483.5739482893,0.100806442676973,0.8528056558077642,323.0,0.9889595344381522,257.0,0.6621293810771995,9.0,0.6017222572298446,0.4815669033537717,0.19967838390891715,0.5728899299788975,15717.446236046811,0.43672223195858356,0.3170315307203449,0.7192651556470318,0.733951626354678,0.24623647027160875
SANCAKTEPE,AKPINAR,SANCAKTEPE|AKPINAR,2022,0.8290928782925107,1168541.0337846074,0.053217681903905,0.7909259888220765,212.0,0.638210159254361,35.0,0.12329101204145092,1.0,0.0,0.1178156039716956,0.21812842544333388,0.5728899299788975,10316.094743163854,0.11399866511226849,0.14295534489992903,0.74637443123408,0.5680609671737329,0.24623647027160875
SANCAKTEPE,ATATÜRK,SANCAKTEPE|ATATÜRK,2022,0.8592901744124628,1546197.690868073,0.0704169169024977,0.8302162345358371,277.0,0.7070928542451279,52.0,0.17265202885484168,1.0,0.3775648087257248,0.1178156039716956,0.21704782261906552,0.5728899299788975,13479.048320077298,0.12835139772613782,0.2001892102590444,0.645059198246357,0.7755238700769802,0.24623647027160875
SANCAKTEPE,EMEK,SANCAKTEPE|EMEK,2022,0.8201365658027606,1075404.2161505714,0.0489760460596444,0.7258214360402142,136.0,0.8875600855822072,145.0,0.4621342160321165,2.0,0.257728077256096,0.3534468119150868,0.187812996362077,0.5728899299788975,6617.872099388132,0.5414115853112008,0.39684833155675403,0.6766700675222369,0.5680609671737329,0.24623647027160875
SANCAKTEPE,EYÜP SULTAN,SANCAKTEPE|EYÜP SULTAN,2022,0.8257594633485366,1132969.9712503962,0.0515977049957783,0.8157304309273407,251.0,0.8465950940956967,115.0,0.6484162618613326,7.0,0.456499245823252,0.4712624158867824,0.23542239728052217,0.5728899299788975,12213.86688931192,0.28139712843431985,0.3488982828873332,0.7414902523198657,0.8770630192749421,0.24623647027160875
SANCAKTEPE,FATİH,SANCAKTEPE|FATİH,2022,0.6278696119635745,180774.96212666848,0.0082328511815194,0.7976943893164996,222.0,0.9082654845630349,163.0,0.12329101204145092,1.0,0.456499245823252,0.40757502554853375,0.39200472732061276,0.5728899299788975,10802.702985765922,0.4107522033944794,0.14295534489992903,0.621602827503947,0.686820903599663,0.24623647027160875
SANCAKTEPE,HİLAL,SANCAKTEPE|HİLAL,2022,0.6765645304476825,283984.5703825672,0.0129332219368364,0.6808468267523928,100.0,0.39131676754120764,8.0,0.5072541126969652,5.0,0.16260831227163414,0.27355936087800314,0.2766004791774803,0.5728899299788975,4866.0824260206855,0.057417130651662214,0.2783778115186079,0.6643520594463458,0.6324124771567161,0.24623647027160875
SANCAKTEPE,KEMAL TÜRKLER,SANCAKTEPE|KEMAL TÜRKLER,2022,0.8202877146183959,1076912.7017026378,0.0490447454907687,0.7644439347271464,177.0,0.6894451671969107,47.0,0.3699271021040226,3.0,0.257728077256096,0.18673331429495207,0.20970296380209918,0.5728899299788975,8612.965894056613,0.17569308747055576,0.23740883593180712,0.6743074343321311,0.7755238700769802,0.24623647027160875
SANCAKTEPE,MECLİS,SANCAKTEPE|MECLİS,2022,0.8429774174441829,1329121.75384329,0.0605308471526301,0.7382084500740477,148.0,0.9016276006233391,157.0,0.542281782691703,3.0,0.4878249368149024,0.27355936087800314,0.1774594077314791,0.5728899299788975,7201.801990510614,0.5394716341670609,0.4026262913696352,0.6297572256202971,0.812711509291959,0.24623647027160875
SANCAKTEPE,MERVE,SANCAKTEPE|MERVE,2022,0.8143485098198131,1019200.9641300323,0.0464164382225905,0.7541472972154779,165.0,0.8947327033425846,151.0,0.6681736478406683,8.0,0.257728077256096,0.6182877495960347,0.20842081841548876,0.5728899299788975,8029.036002934131,0.4847837782443904,0.34329930405888026,0.7260501013704584,0.7755238700769802,0.24623647027160875
SANCAKTEPE,MEVLANA,SANCAKTEPE|MEVLANA,2022,0.8155465171621799,1030587.5970069208,0.0469350081220456,0.8139636403005343,245.0,0.8419285580606907,112.0,0.6923733839232504,10.0,0.16260831227163414,0.0,0.24266990063408134,0.5728899299788975,12067.884416531298,0.2780360716276656,0.3258894999880304,0.5945269178700403,0.686820903599663,0.24623647027160875
SANCAKTEPE,OSMANGAZİ,SANCAKTEPE|OSMANGAZİ,2022,0.9097445126506658,2468709.5971930744,0.1124299432010832,0.9194434770409747,506.0,1.0,270.0,0.6294068634429589,8.0,0.515456154512192,0.30454891826664765,0.22899459487029777,0.5728899299788975,24719.698724185084,0.3213508145805236,0.308048350276405,0.659317226185,0.7755238700769802,0.24623647027160875
SANCAKTEPE,PAŞAKÖY,SANCAKTEPE|PAŞAKÖY,2022,0.5431593344052777,82382.7754725302,0.0037518753836641,0.6246376377966785,68.0,0.7616568551109377,71.0,0.6018802659807386,4.0,0.0,0.5004721456243391,0.3548462023340475,0.5728899299788975,3308.9360496940653,0.5334037678802078,0.40798539993426114,0.5953078930010061,0.686820903599663,0.24623647027160875
SANCAKTEPE,SAFA,SANCAKTEPE|SAFA,2022,0.8301385258491321,1179927.6666614956,0.05373625180336,0.7505489418965078,161.0,0.9198273918855103,174.0,0.6366437895122475,7.0,0.257728077256096,0.3307502157051291,0.1940851560944286,0.5728899299788975,7834.392705893302,0.5466536501106258,0.33791777225428904,0.6755611731590545,0.5680609671737329,0.24623647027160875
SANCAKTEPE,SARIGAZİ,SANCAKTEPE|SARIGAZİ,2022,0.8279417254561039,1156132.523598255,0.0526525736801398,0.7763797071434277,192.0,0.8147374333093891,96.0,0.3979371696761377,2.0,0.4878249368149024,0.1178156039716956,0.21058273769197783,0.5728899299788975,9342.878257959715,0.302499066323156,0.3302313680929982,0.6660440412449283,0.733951626354678,0.24623647027160875
SANCAKTEPE,VEYSEL KARANİ,SANCAKTEPE|VEYSEL KARANİ,2022,0.8387791597362587,1278368.5141398942,0.0582194437118967,0.7541472972154779,165.0,0.55050209871912,21.0,0.4138022782207547,2.0,0.3775648087257248,0.0,0.18949058162774698,0.5728899299788975,8029.036002934131,0.08937822358328311,0.3464818565554778,0.696936489702535,0.7755238700769802,0.24623647027160875
SANCAKTEPE,SEYİTNİZAM,SANCAKTEPE|SEYİTNİZAM,2022,0.8316882282012376,1197007.6159768284,0.0545141066525426,0.7950241760745759,218.0,0.8762286077254519,136.0,0.5764641739748203,6.0,0.16260831227163414,0.1178156039716956,0.21845772466187763,0.5728899299788975,10608.059688725094,0.3616885994586837,0.3097141464535428,0.6560209870755986,0.7755238700769802,0.24623647027160875
SANCAKTEPE,YUNUS EMRE,SANCAKTEPE|YUNUS EMRE,2022,0.8442606909840349,1345033.8433763776,0.0612555153454584,0.7950241760745759,218.0,0.927788312085973,182.0,0.6410547008799108,8.0,0.3252166245432683,0.18673331429495207,0.20851817458915436,0.5728899299788975,10608.059688725094,0.4528323118844847,0.31848415222188775,0.6456904256175905,0.686820903599663,0.24623647027160875
SANCAKTEPE,İNÖNÜ,SANCAKTEPE|İNÖNÜ,2022,0.8313281780812202,1193017.4283874913,0.0543323855766652,0.7012746006275938,115.0,0.681865472834328,45.0,0.17265202885484168,1.0,0.257728077256096,0.0,0.16597103959659407,0.5728899299788975,5595.994789923787,0.2463782948067733,0.2001892102590444,0.6220675840015014,0.686820903599663,0.24623647027160875
SARIYER,AYAZAĞA,SARIYER|AYAZAĞA,2022,0.8742391522788285,3074078.5130244107,0.1205352425235126,1.0,872.75,0.9038678306132842,159.0,0.8489555939994261,25.0,0.6017222572298446,0.18673331429495207,0.30742587158938034,0.8660094498380454,73925.27163855277,0.12420634842301632,0.3056128350140638,0.7200999862474594,0.686820903599663,0.24623647027160875
SARIYER,BAHÇEKÖY KEMER,SARIYER|BAHÇEKÖY KEMER,2022,0.5785937257874882,198088.5660995456,0.0077670928880904,0.6638355648252878,89.0,0.4100810471869776,9.0,0.45223949483283427,5.0,0.0,0.0,0.34929636921273116,0.8660094498380458,7495.698292032125,0.07186825679702216,0.23166850279406348,0.7723451134715796,0.686820903599663,0.24623647027160875
SARIYER,BAHÇEKÖY MERKEZ,SARIYER|BAHÇEKÖY MERKEZ,2022,0.6285061493731247,314735.1069362253,0.0123408274331607,0.574141778224404,48.0,0.5934520809378621,27.0,0.7106190482708205,9.0,0.257728077256096,0.0,0.25083316084096346,0.8660094498380458,4042.62379794991,0.332954498815098,0.36162444276002015,0.7143114768345595,0.7755238700769802,0.24623647027160875
SARIYER,BAHÇEKÖY YENİ,SARIYER|BAHÇEKÖY YENİ,2022,0.4124341338271744,42363.3285493501,0.0016610747120363,0.5710999126413386,47.0,0.42705540286254334,10.0,0.5993782023304016,7.0,0.16260831227163414,0.0,0.4341044168748588,0.8660094498380458,3958.4024688259537,0.1439166471444094,0.30402720348540924,0.7329476258107972,0.686820903599663,0.24623647027160875
SARIYER,BALTALİMANI,SARIYER|BALTALİMANI,2022,0.6631032853021087,433824.06631749973,0.0170103297051674,0.8253612176534267,268.0,0.8982135164725039,154.0,0.8235424961711606,9.0,0.0,0.0,0.37901769045009326,0.8660094498380458,22571.316205220333,0.33872241837469513,0.4729886525410743,0.8800558611414991,0.489301084236452,0.24623647027160875
SARIYER,BÜYÜKDERE,SARIYER|BÜYÜKDERE,2022,0.7181923069136213,723124.3318582901,0.028353851844024,0.9012683017466936,449.0,0.8236888618160699,101.0,0.9045101177527848,20.0,0.0,0.0,0.3794947506184955,0.8660094498380454,37815.37677665645,0.1513710180122047,0.3966024850891384,0.7377696304086222,0.5680609671737329,0.24623647027160875
SARIYER,CUMHURİYET,SARIYER|CUMHURİYET,2022,0.7451713141966615,928708.596249868,0.0364148525837472,0.887894493036527,410.0,0.6894451671969107,47.0,0.8800425161042131,16.0,0.0,0.0,0.3476637862538332,0.8660094498380458,34530.74494082215,0.08096648256983499,0.4157183229283659,0.7813760453600115,0.5680609671737329,0.24623647027160875
SARIYER,DARÜŞŞAFAKA,SARIYER|DARÜŞŞAFAKA,2022,0.7199238814148051,734831.0966065201,0.0288128764662369,0.7180842564364662,129.0,0.5802537522775366,25.0,0.8019021266184665,11.0,0.0,0.0,0.2633540040900108,0.8660094498380458,10864.551456990384,0.13215624093780554,0.4116221503360073,0.8310804031244514,0.6324124771567161,0.24623647027160875
SARIYER,DEMİRCİKÖY,SARIYER|DEMİRCİKÖY,2022,0.5414267517069731,140312.73432051146,0.0055016907957307,0.5327015824431515,36.0,0.55050209871912,21.0,0.751369609276523,6.0,0.0,0.0,0.29764607023160217,0.8660094498380454,3031.9678484624324,0.3428361597644562,0.4807007302237545,0.7850810262617454,0.5680609671737329,0.24623647027160875
SARIYER,EMİRGAN,SARIYER|EMİRGAN,2022,0.46622751788927863,69819.48184375992,0.0027376360562189,0.8774853729210076,382.0,0.795360086153147,86.0,0.8091622936788085,10.0,0.0,0.0,0.5856000077691637,0.8660094498380458,32172.547725351375,0.15148463974436494,0.4373950362801014,0.8638813926195944,0.5680609671737329,0.24623647027160875
SARIYER,FATİH SULTAN MEHMET,SARIYER|FATİH SULTAN MEHMET,2022,0.7834395409193555,1324380.4004742154,0.0519292243474585,0.9628228122623076,682.0,0.9071762093880261,162.0,0.711484347891702,7.0,0.16260831227163414,0.0,0.3620026401833304,0.8660094498380458,57438.94646253831,0.15900125026929288,0.4097235670349252,0.7689921628582801,0.733951626354678,0.24623647027160875
SARIYER,FERAHEVLER,SARIYER|FERAHEVLER,2022,0.78251675107184,1313094.7423716052,0.0514867114023037,0.9316747936378341,552.0,0.8682528301014444,130.0,0.7624576325561025,11.0,0.257728077256096,0.0,0.34311625328759376,0.8660094498380458,46490.17367642397,0.15777680684246806,0.3735743845083344,0.8714184206537253,0.5680609671737329,0.24623647027160875
SARIYER,GARİPÇE,SARIYER|GARİPÇE,2022,0.6333848581099972,329305.39687466976,0.012912131459368,0.5990178867163374,57.0,0.5732687026608015,24.0,0.6728811501255253,5.0,0.0,0.0,0.2620934398437651,0.8660094498380458,4800.615760065519,0.2621619728818558,0.4365088871004462,0.6259816482143099,0.3877619350384901,0.24623647027160875
SARIYER,GÜMÜŞDERE,SARIYER|GÜMÜŞDERE,2022,0.3788134058916819,30993.44911761598,0.0012152594314699,0.6960977447572277,111.0,0.45680705642095987,12.0,0.7799701955772425,7.0,0.257728077256096,0.18673331429495207,0.5452616022717541,0.8660094498380458,9348.567532759169,0.07658559302983178,0.4790284792037222,0.6214864958511519,0.5680609671737329,0.24623647027160875
SARIYER,HUZUR,SARIYER|HUZUR,2022,0.7159335029658431,708132.935274226,0.0277660361407587,0.7786552060469168,195.0,0.5802537522775366,25.0,0.613317118319591,8.0,0.257728077256096,0.0,0.3041078613878466,0.8660094498380458,16423.15917917151,0.08999505246888656,0.2938640789487428,0.8200694090464482,0.7755238700769802,0.24623647027160875
SARIYER,KAZIM KARABEKİR PAŞA,SARIYER|KAZIM KARABEKİR PAŞA,2022,0.7097992456880483,668970.0172315862,0.0262304501743633,0.8675271228115148,357.0,0.7540771607483552,68.0,0.8517861255556284,13.0,0.0,0.0,0.3653316542707581,0.8660094498380458,30067.014497252458,0.13007712813479697,0.4283163979761176,0.6805652662544805,0.6324124771567161,0.24623647027160875
SARIYER,KISIRKAYA,SARIYER|KISIRKAYA,2022,0.6223628384941314,297301.2918075663,0.0116572440029588,0.5710999126413386,47.0,0.24689339171315342,3.0,0.7599875288524867,6.0,0.0,0.0,0.2540192290160735,0.8660094498380458,3958.4024688259537,0.04616242305144701,0.48966097552102833,0.6300566896371528,0.5680609671737329,0.24623647027160875
SARIYER,KOCATAŞ,SARIYER|KOCATAŞ,2022,0.6478875501649176,376722.0051714573,0.0147713462961006,0.8121754335084791,245.0,0.7350258609986798,61.0,0.713203819123406,6.0,0.16260831227163414,0.0,0.383833877504069,0.8660094498380458,20634.225635369337,0.16586797661367186,0.4415249165602252,0.8166146704219882,0.686820903599663,0.24623647027160875
SARIYER,KUMKÖY (KİLYOS),SARIYER|KUMKÖY (KİLYOS),2022,0.38394937230431586,32509.433041847195,0.0012747014688787,0.831273767767377,279.0,0.49378678342630683,15.0,0.792712721458877,8.0,0.3252166245432683,0.0,0.6284943407333986,0.8660094498380458,23497.750825583855,0.03906937097035415,0.46516447447712245,0.5926945728367558,0.489301084236452,0.24623647027160875
SARIYER,KİREÇBURNU,SARIYER|KİREÇBURNU,2022,0.6944337424824678,580116.515005812,0.022746486315122,0.7909259888220765,212.0,0.7434414077513606,64.0,0.9446305099286756,16.0,0.0,0.0,0.3301418855702768,0.8660094498380454,17854.921774278766,0.19682006140042613,0.48035382181971403,0.8275946676890353,0.3877619350384901,0.24623647027160875
SARIYER,MADEN,SARIYER|MADEN,2022,0.7811876297409638,1297008.4685089297,0.0508559653386875,0.8900325776208936,416.0,0.8875600855822072,145.0,0.9264771011815947,22.0,0.0,0.0,0.3181045216204817,0.8660094498380458,35036.07291556589,0.22309688720439744,0.39954507744584666,0.8209174447911902,0.5680609671737329,0.24623647027160875
SARIYER,MASLAK,SARIYER|MASLAK,2022,0.5083803725625297,103255.34950597062,0.0040486632146253,0.8550648922128566,328.0,0.5732687026608015,24.0,0.6954107915076474,4.0,0.16260831227163414,0.1178156039716956,0.5338529152764765,0.8660094498380458,27624.59595265772,0.05268455342040181,0.5049229975548643,0.8023571916263906,0.7755238700769802,0.24623647027160875
SARIYER,PINAR,SARIYER|PINAR,2022,0.4984448158148312,94159.44596058333,0.0036920109901722,0.8955871256392354,432.0,0.9325890322945344,187.0,0.73996520542678,7.0,0.257728077256096,0.0,0.5688336956030579,0.8660094498380458,36383.614181549194,0.26834064520695927,0.4381770991587703,0.725713018017398,0.5680609671737329,0.24623647027160875
SARIYER,POLİGON,SARIYER|POLİGON,2022,0.6880829901893645,546933.3113309733,0.0214453661629504,0.7852783995223156,204.0,0.8338685430249649,107.0,0.7567225405978224,10.0,0.16260831227163414,0.0,0.3320317137220446,0.8660094498380458,17181.15114128712,0.31459097599114677,0.38592443072486393,0.8091948502766078,0.5680609671737329,0.24623647027160875
SARIYER,PTT EVLERİ,SARIYER|PTT EVLERİ,2022,0.66470302336396,440309.1086600443,0.0172646095318609,0.7652704089002583,177.0,0.6613720928498814,40.0,0.8111558828620204,10.0,0.16260831227163414,0.1178156039716956,0.3394886816647142,0.8660094498380454,14991.396584064249,0.1512338350133455,0.43939121768984263,0.7710794914959572,0.812711509291959,0.24623647027160875
SARIYER,REŞİTPAŞA,SARIYER|REŞİTPAŞA,2022,0.5467896394094441,147471.54729604776,0.005782389305717,0.880157313432779,389.0,0.944497051103912,200.0,0.7761854656798385,10.0,0.456499245823252,0.0,0.5161846514409165,0.8660094498380458,32762.097029219065,0.3094983495932772,0.4047847883659318,0.8044837238097999,0.7755238700769802,0.24623647027160875
SARIYER,RUMELİFENERİ,SARIYER|RUMELİFENERİ,2022,0.6445587457073025,365267.90441059915,0.0143222286801225,0.6135402834675385,63.0,0.42705540286254334,10.0,0.6728811501255253,5.0,0.16260831227163414,0.0,0.2617753043213988,0.8660094498380454,5305.943734809256,0.10991226561567995,0.4365088871004462,0.7325838103321362,0.5680609671737329,0.24623647027160875
SARIYER,RUMELİHİSARI,SARIYER|RUMELİHİSARI,2022,0.7354144496617254,848361.4482656134,0.0332644246010778,0.9012683017466936,449.0,0.681865472834328,45.0,0.8126671226440836,11.0,0.3775648087257248,0.0,0.364558555887322,0.8660094498380458,37815.376776656456,0.07125762649267628,0.4222171954278027,0.7899325996301899,0.5680609671737329,0.24623647027160875
SARIYER,RUMELİKAVAĞI,SARIYER|RUMELİKAVAĞI,2022,0.6261732317609225,307997.4006063088,0.0120766406002324,0.8323237740082239,281.0,0.7566397364116862,69.0,0.8103373934705148,10.0,0.0,0.0,0.41565231090662935,0.8660094498380458,23666.19348383177,0.1638175157718432,0.43857133629433775,0.7696763437058716,0.6324124771567161,0.24623647027160875
SARIYER,SARIYER MERKEZ,SARIYER|SARIYER MERKEZ,2022,0.7537033795127793,1005181.5630944204,0.0394133731374828,0.8594821459795724,338.0,0.9589566876985639,217.0,0.8796283545695447,20.0,0.257728077256096,0.0,0.32245743589299714,0.8660094498380458,28466.809243897285,0.3699849999264855,0.37298811617774386,0.7921517981182445,0.5680609671737329,0.24623647027160875
SARIYER,TARABYA,SARIYER|TARABYA,2022,0.79920081484616,1532828.1900560076,0.0601025044911761,0.8835230545664706,395.0,0.7912181335192904,84.0,1.0,24.0,0.0,0.0,0.2987353533541717,0.8660094498380458,33520.08899133468,0.1428635484327881,0.4547895163258789,0.8451852452281865,0.6324124771567161,0.24623647027160875
SARIYER,USKUMRUKÖY,SARIYER|USKUMRUKÖY,2022,0.7331537222616419,830759.1904787066,0.0325742365000528,0.8424321965143038,301.0,0.7616568551109377,71.0,0.8513091793636017,15.0,0.3252166245432683,0.0,0.3293481520311962,0.8660094498380458,25350.620066310898,0.1580020988552441,0.4001939572644191,0.700789832590845,0.6324124771567161,0.24623647027160875
SARIYER,SEYMEN,SARIYER|SEYMEN,2022,0.6138509869360742,274729.97560234595,0.0107722181126492,0.7075002186450978,120.0,0.7168987767944389,55.0,0.8584851284239619,11.0,0.0,0.0,0.34667315551722583,0.8660094498380454,10106.559494874777,0.2814820569442457,0.4682182709393177,0.7651729837400695,0.0,0.24623647027160875
SARIYER,YENİKÖY,SARIYER|YENİKÖY,2022,0.7780835882592302,1260203.7476817605,0.0494128447638169,0.9051507693423202,461.0,0.8875600855822072,145.0,0.8654574952597697,16.0,0.0,0.0,0.33023544763570173,0.8660094498380454,38826.03272614392,0.20403243283181566,0.40153947736137385,0.8772247304150604,0.489301084236452,0.24623647027160875
SARIYER,ZEKERİYAKÖY,SARIYER|ZEKERİYAKÖY,2022,0.8223483938653743,1899864.7423782095,0.0744940822149424,0.9681262321594607,707.0,0.9488730927806033,205.0,0.9922202650402571,29.0,0.456499245823252,0.1178156039716956,0.3318189190416809,0.8660094498380454,59544.479690637214,0.18995243067967182,0.4100015169802783,0.6362049153792689,0.7755238700769802,0.24623647027160875
SARIYER,ÇAMLITEPE,SARIYER|ÇAMLITEPE,2022,0.6758230118939242,488146.8236024516,0.0191403360456514,0.9287107162211148,541.0,0.5869751513118114,26.0,0.7340528977618239,19.0,0.16260831227163414,0.0,0.4340041738368509,0.8660094498380454,45563.73905606044,0.03501981654111193,0.2551569227123314,0.8022031098466097,0.733951626354678,0.24623647027160875
SARIYER,ÇAYIRBAŞI,SARIYER|ÇAYIRBAŞI,2022,0.6584847481874216,415632.25922672515,0.0162970252562612,0.7541472972154779,165.0,0.5802537522775366,25.0,0.8801665978512183,16.0,0.16260831227163414,0.0,0.33780501817290476,0.8660094498380458,13896.519305452815,0.10525232232909294,0.4158396583614288,0.7783337706442853,0.489301084236452,0.24623647027160875
SARIYER,İSTİNYE,SARIYER|İSTİNYE,2022,0.7834121089907508,1324043.5151577196,0.0519160150058121,0.9297954656235754,545.0,0.7616568551109377,71.0,0.8491487628773231,13.0,0.257728077256096,0.0,0.341161313863439,0.8660094498380458,45900.624372556274,0.09136270545434584,0.42570778471866627,0.8129374986611383,0.733951626354678,0.24623647027160875
SULTANBEYLİ,ABDURRAHMANGAZİ,SULTANBEYLİ|ABDURRAHMANGAZİ,2022,0.8471171569959381,1110912.674143152,0.076876614969583,0.7909259888220765,212.0,0.8481238239621675,116.0,0.7287545721111058,10.0,0.5625323369257385,0.1178156039716956,0.2039243536355323,0.45736431162497815,8297.695342928804,0.32559857389900476,0.35937147591640156,0.6122839119213827,0.733951626354678,0.24623647027160875
SULTANBEYLİ,ADİL,SULTANBEYLİ|ADİL,2022,0.8621037681439933,1276553.4604227496,0.0883391747607001,0.7321449149263529,142.0,0.729186126814158,58.0,0.6715975709789986,11.0,0.456499245823252,0.42236452223834325,0.16014775775432505,0.45736431162497815,5557.890276867406,0.25923741212135576,0.29131512207595645,0.7180737364167363,0.733951626354678,0.24623647027160875
SULTANBEYLİ,AHMET YESEVİ,SULTANBEYLİ|AHMET YESEVİ,2022,0.8529190936336364,1172323.4476952995,0.0811263210925184,0.7134737170160842,125.0,0.8236888618160699,101.0,0.6519335070090507,10.0,0.42033638952773006,0.44856581967682463,0.15687457697302554,0.45736431162497815,4892.509046538209,0.4418293343131547,0.2902270780464822,0.655970689836617,0.686820903599663,0.24623647027160875
SULTANBEYLİ,AKŞEMSETTİN,SULTANBEYLİ|AKŞEMSETTİN,2022,0.7671726976072987,529291.1986906896,0.0366276455707173,0.7062759356514878,119.0,0.7200509995434583,56.0,0.8226079132622858,18.0,0.3252166245432683,0.4815669033537717,0.21785258753465936,0.45736431162497815,4657.6686123043755,0.28772522722319127,0.33959900518784225,0.6278920559825112,0.6324124771567161,0.24623647027160875
SULTANBEYLİ,BATTALGAZİ,SULTANBEYLİ|BATTALGAZİ,2022,0.8785791302578521,1487283.6100752433,0.1029219776707601,0.8989554284422253,442.0,0.8899831969189702,147.0,0.796451754501464,20.0,0.6352928859818208,0.3307502157051291,0.24208361714482915,0.45736431162497815,17299.911988559106,0.21420440727316464,0.2983048947918498,0.5049028278478481,0.6324124771567161,0.24623647027160875
SULTANBEYLİ,FATİH,SULTANBEYLİ|FATİH,2022,0.8139151886997917,816501.0497586686,0.0565029441877346,0.7550333374408353,166.0,0.6115791651421031,30.0,0.5642436498376021,4.0,0.4878249368149024,0.0,0.20927344452010613,0.45736431162497815,6497.252013802742,0.1239396986957476,0.3704852032928883,0.6300566896371528,0.686820903599663,0.24623647027160875
SULTANBEYLİ,HAMİDİYE,SULTANBEYLİ|HAMİDİYE,2022,0.8401009025109492,1040930.2247414696,0.0720337376287235,0.7677224086272625,181.0,0.729186126814158,59.0,0.898186252675533,20.0,0.3775648087257248,0.3307502157051291,0.19613777020711184,0.45736431162497815,7084.353099387327,0.21049322670921627,0.3905506437990863,0.5919049250065378,0.686820903599663,0.24623647027160875
SULTANBEYLİ,HASANPAŞA,SULTANBEYLİ|HASANPAŞA,2022,0.8471817231150809,1111578.0553734812,0.0769226602239424,0.7258214360402142,136.0,0.7261928473473762,58.0,0.5849387673885376,6.0,0.42033638952773006,0.1178156039716956,0.1676026338613339,0.45736431162497815,5323.049842633572,0.26500099857609977,0.31741612544136627,0.7204834610727512,0.5680609671737329,0.24623647027160875
SULTANBEYLİ,MECİDİYE,SULTANBEYLİ|MECİDİYE,2022,0.8199167785588687,863234.2961712017,0.0597369461703891,0.7950241760745759,218.0,0.5335277430435542,19.0,0.5699616650052252,5.0,0.515456154512192,0.0,0.22787148690026846,0.45736431162497815,8532.535777162639,0.06234410229487793,0.3355013459224337,0.594057094648202,0.6324124771567161,0.24623647027160875
SULTANBEYLİ,MEHMET AKİF,SULTANBEYLİ|MEHMET AKİF,2022,0.8419938845376926,1059365.1988288253,0.0733094620289164,0.800317129577484,222.0,0.90497746620246,160.0,0.7276955857881904,9.0,0.6017222572298446,0.27355936087800314,0.2133671556000943,0.45736431162497787,8845.65635614108,0.3993647392727569,0.3778383127931491,0.6018442967282189,0.5680609671737329,0.24623647027160875
SULTANBEYLİ,MİMAR SİNAN,SULTANBEYLİ|MİMAR SİNAN,2022,0.8313105838715604,959440.594062329,0.0663945482418838,0.7756133404638514,191.0,0.6613720928498814,40.0,0.742775161413374,16.0,0.6646554340887362,0.4359695403536438,0.20749176785086043,0.45736431162497815,7475.753823110384,0.14185799657039652,0.28986579011495983,0.6925986905654956,0.733951626354678,0.24623647027160875
SULTANBEYLİ,NECİP FAZIL,SULTANBEYLİ|NECİP FAZIL,2022,0.8166053946289058,837127.8678988738,0.057930347072876,0.7950241760745759,218.0,0.8570304766204851,122.0,0.8067912196418965,16.0,0.3775648087257248,0.0,0.2305371225700715,0.45736431162497815,8532.535777162637,0.33158433406884236,0.3463183063517004,0.6656304558358362,0.686820903599663,0.24623647027160875
SULTANBEYLİ,ORHANGAZİ,SULTANBEYLİ|ORHANGAZİ,2022,0.7862416601125396,631681.6280166412,0.0437131976533171,0.7247406601143968,135.0,0.6430898052058168,36.0,0.7974538200656166,15.0,0.4878249368149024,0.3534468119150868,0.2135188495325956,0.45736431162497815,5283.909770261266,0.1763589103569071,0.3493990702733239,0.6509273987709271,0.6324124771567161,0.24623647027160875
SULTANBEYLİ,TURGUT REİS,SULTANBEYLİ|TURGUT REİS,2022,0.807504948672042,769376.4026224127,0.0532418567613393,0.7050414074928294,118.0,0.638210159254361,35.0,0.6109546623352179,7.0,0.456499245823252,0.27355936087800314,0.18577813116863112,0.45736431162497815,4618.528539932069,0.19379011466936988,0.31440880251989595,0.6059796642976848,0.686820903599663,0.24623647027160875
SULTANBEYLİ,YAVUZ SELİM,SULTANBEYLİ|YAVUZ SELİM,2022,0.8096717661002003,784993.2914989626,0.0543225659665982,0.7268943517079348,137.0,0.5045837821888896,16.0,0.40112200143611443,1.0,0.3252166245432683,0.18673331429495207,0.19644399712304939,0.45736431162497815,5362.189915005877,0.08240693800501182,0.4650990620708896,0.6303258841440121,0.6324124771567161,0.24623647027160875
SULTANGAZİ,50. YIL,SULTANGAZİ|50. YIL,2022,0.9482420133435214,3291428.3035185514,0.1363050978106581,1.0,872.75,0.9548243460269571,212.0,0.8601368907571468,26.0,0.540173120997359,0.0,0.24560710850700412,0.53601452672024,39848.981978115975,0.16140275441505625,0.30857204609899996,0.9074099447562313,0.6324124771567161,0.24623647027160875
SULTANGAZİ,75. YIL,SULTANGAZİ|75. YIL,2022,0.8608366921172685,1463391.7232498897,0.0606021865217759,0.9513740462594015,631.0,0.8682528301014444,130.0,0.7739500970017902,15.0,0.257728077256096,0.0,0.2886521402270788,0.53601452672024,28646.77599338215,0.13975651985319945,0.32807057461921346,0.8964949240015956,0.686820903599663,0.24623647027160875
SULTANGAZİ,CEBECİ,SULTANGAZİ|CEBECİ,2022,0.93043847934232,2790495.6152285696,0.1155604019590332,1.0,872.75,0.934473662959832,189.0,0.8756928210965382,26.0,0.540173120997359,0.18673331429495207,0.2602513728365733,0.53601452672024,39848.98197811598,0.14548816684187119,0.32214371717096046,0.9150923082525035,0.812711509291959,0.24623647027160875
SULTANGAZİ,CUMHURİYET,SULTANGAZİ|CUMHURİYET,2022,0.7714866692954628,638991.0809934292,0.0264619896784139,0.7929893127227079,215.0,0.5732687026608015,24.0,0.6472299944993031,9.0,0.16260831227163414,0.0,0.26627314574592614,0.53601452672024,9760.78738284812,0.0789516076813276,0.3037944768043566,0.948234144578806,0.733951626354678,0.24623647027160875
SULTANGAZİ,ESENTEPE,SULTANGAZİ|ESENTEPE,2022,0.9315450430700614,2819278.5882552005,0.1167523665385085,1.0,872.75,0.9996753035820285,270.0,0.9254901686455727,32.0,0.3775648087257248,0.3534468119150868,0.2593362889575331,0.53601452672024,39848.981978115975,0.20203705381559783,0.329792616175366,0.9360223029814843,0.686820903599663,0.24623647027160875
SULTANGAZİ,ESKİ HABİPLER,SULTANGAZİ|ESKİ HABİPLER,2022,0.5157674687981176,59608.90155199804,0.0024685323231088,0.7290170538561206,139.0,0.861322152622493,125.0,0.8001839423443275,15.0,0.3775648087257248,0.1178156039716956,0.4459023796143244,0.53601452672024,6310.462540539015,0.4785754337891124,0.35191128470447974,0.6928645304139506,0.6324124771567161,0.24623647027160875
SULTANGAZİ,GAZİ,SULTANGAZİ|GAZİ,2022,0.8703407542426034,1598226.7861664426,0.0661859953562263,0.9575456384436404,658.0,0.92185123111798,176.0,0.8675820313599311,26.0,0.456499245823252,0.0,0.2844579104615016,0.53601452672024,29872.549292623546,0.1768361561717668,0.3150349650743718,0.9813116059028328,0.6324124771567161,0.24623647027160875
SULTANGAZİ,HABİBLER,SULTANGAZİ|HABİBLER,2022,0.706252950539591,348936.7991840495,0.0144502204382443,0.8860887758285395,405.0,0.7826335350824153,80.0,0.6492032237179416,9.0,0.257728077256096,0.18673331429495207,0.3802062995474288,0.53601452672024,18386.599488620875,0.13448514388079796,0.30553427209073974,0.7773410857301675,0.686820903599663,0.24623647027160875
SULTANGAZİ,MALKOÇOĞLU,SULTANGAZİ|MALKOÇOĞLU,2022,0.7669252324038521,612523.4575320317,0.0253659086849848,0.7087144251212312,121.0,0.6524654401915636,38.0,0.6655366006454714,12.0,0.16260831227163414,0.0,0.2194793988221399,0.53601452672024,5493.280341044755,0.2037576710710939,0.2719984574650296,0.8809064375508828,0.6324124771567161,0.24623647027160875
SULTANGAZİ,SULTANÇİFTLİĞİ,SULTANGAZİ|SULTANÇİFTLİĞİ,2022,0.8788398887245638,1729293.7311631057,0.0716137583545624,0.8871748562238777,408.0,0.9390997915219644,194.0,0.7739500970017902,15.0,0.42033638952773006,0.0,0.23486000291869621,0.53601452672024,18522.796521869917,0.2902079399790444,0.32807057461921346,0.9819990581717533,0.6324124771567161,0.24623647027160875
SULTANGAZİ,UĞUR MUMCU,SULTANGAZİ|UĞUR MUMCU,2022,0.8987140394779075,2079274.707602064,0.0861072204100433,0.944199605651765,601.0,0.9418188662603276,197.0,0.9322031055568577,30.0,0.456499245823252,0.18673331429495207,0.25272909162410034,0.53601452672024,27284.80566089171,0.21151664250884508,0.3473232270453528,0.979283500096204,0.6324124771567161,0.24623647027160875
SULTANGAZİ,YAYLA,SULTANGAZİ|YAYLA,2022,0.7123347606597132,369184.75812707393,0.0152887317985692,0.7449812904226298,155.0,0.49378678342630683,15.0,0.5508019704826324,6.0,0.0,0.0,0.28623215948639,0.53601452672024,7036.846717867247,0.0689155306684191,0.28683301096602026,0.6945119791856494,0.489301084236452,0.24623647027160875
SULTANGAZİ,YUNUS EMRE,SULTANGAZİ|YUNUS EMRE,2022,0.9151439655429012,2421492.4531458276,0.1002791904417225,0.9449329555665036,604.0,1.0,270.0,0.8608211273224442,23.0,0.4878249368149024,0.0,0.23972839242634975,0.53601452672024,27421.002694140763,0.2786534109220038,0.3304548764639816,0.9058620645587545,0.686820903599663,0.24623647027160875
SULTANGAZİ,ZÜBEYDE HANIM,SULTANGAZİ|ZÜBEYDE HANIM,2022,0.8609370036693991,1464753.69358238,0.0606585886312148,1.0,872.75,0.9436087902305317,199.0,0.8504478054216911,24.0,0.257728077256096,0.0,0.3187573739162347,0.53601452672024,39848.98197811598,0.1524493043017648,0.31388984272801396,0.9047200236586013,0.6324124771567161,0.24623647027160875
SULTANGAZİ,İSMETPAŞA,SULTANGAZİ|İSMETPAŞA,2022,0.9168727303545054,2460626.400699386,0.1018998110529333,0.9852241171464216,794.0,0.9248445105847618,179.0,0.8314471199989591,23.0,0.515456154512192,0.0,0.2625301786695845,0.53601452672024,36046.81479991351,0.15167334201422866,0.3047088630285025,0.8820603602176152,0.686820903599663,0.24623647027160875
SİLİVRİ,AKÖREN,SİLİVRİ|AKÖREN,2022,0.5205823270822282,75219.48119562108,0.0056912624820205,0.8374645469007759,291.0,0.6656637688518892,25.0,0.7223150560469784,9.0,0.16260831227163414,0.1178156039716956,0.5117126838878121,0.6360065935781081,15942.366371395288,0.09833871253279547,0.37270268782543936,0.6027905085149926,0.7755238700769802,0.24623647027160875
SİLİVRİ,ALİBEY,SİLİVRİ|ALİBEY,2022,0.7984397779675121,990070.2579513944,0.0749107760925524,0.9165162926341154,498.0,0.7891104647084658,52.0,0.5480019625103015,6.0,0.16260831227163414,0.0,0.3199385330312651,0.6360065935781081,27282.81255310947,0.11500480753669673,0.28437796299392915,0.7453416377141306,0.5680609671737329,0.24623647027160875
SİLİVRİ,ALİPAŞA,SİLİVRİ|ALİPAŞA,2022,0.0,547.8476416287042,4.145129265856155e-05,0.6879750371399594,104.0,0.7891104647084658,61.0,0.9245646259370298,14.0,0.16260831227163414,0.6872054599192912,0.8837968215269641,0.6360065935781081,5752.400237101394,0.4345630251785087,0.4869545530626344,0.7971535020730617,0.7755238700769802,0.24623647027160875
SİLİVRİ,BEKİRLİ,SİLİVRİ|BEKİRLİ,2022,0.5648275720494534,113404.46181714175,0.0085804175803222,0.5158231663188617,32.0,0.12344669585657671,1.0,0.0,0.0,0.0,0.1178156039716956,0.2673440360266785,0.6360065935781081,1753.112453211853,0.022957334255811417,0.0,0.48556246540146303,0.686820903599663,0.24623647027160875
SİLİVRİ,BEYCİLER,SİLİVRİ|BEYCİLER,2022,0.5226038049370204,76643.88506385572,0.0057990358429327,0.6638355648252878,89.0,0.5997017023825433,24.0,0.7179970358491371,2.0,0.0,0.18673331429495207,0.397882662948476,0.6360065935781081,4875.844010495468,0.20407392986965706,0.6778150337090484,0.7845903621312748,0.6324124771567161,0.24623647027160875
SİLİVRİ,BÜYÜK KILIÇLI,SİLİVRİ|BÜYÜK KILIÇLI,2022,0.5093428000613243,67768.7532694707,0.005127524901864,0.588475884900195,53.0,0.6057394309575813,21.0,0.15952942054506938,1.0,0.16260831227163414,0.3307502157051291,0.36086687577612986,0.6360065935781081,2903.592500632132,0.32559857389900476,0.18497360803591179,0.6587710264846329,0.686820903599663,0.24623647027160875
SİLİVRİ,BÜYÜK SİNEKLİ,SİLİVRİ|BÜYÜK SİNEKLİ,2022,0.6371774840035193,221878.29485962517,0.0167877735267174,0.6267603399448642,69.0,0.34655868922470867,4.0,0.0,0.0,0.0,0.0,0.27608334431885145,0.6360065935781081,3780.148727238058,0.06220722411916353,0.0,0.4839049360046695,0.5680609671737329,0.24623647027160875
SİLİVRİ,BÜYÜK ÇAVUŞLU,SİLİVRİ|BÜYÜK ÇAVUŞLU,2022,0.6130549089255455,177393.0663593744,0.0134219285628422,0.7382084500740477,148.0,0.7641133897256306,50.0,0.5749530437595013,3.0,0.0,0.2356312079433912,0.3669016950542322,0.6360065935781081,8108.145096104821,0.29574739585778265,0.4363509950803693,0.8470727744577726,0.5680609671737329,0.24623647027160875
SİLİVRİ,CUMHURİYET,SİLİVRİ|CUMHURİYET,2022,0.7220287603921576,487420.0467570581,0.0368792150783222,0.9728425210089338,730.0,0.8668881036079373,110.0,0.6212978513005138,7.0,0.0,0.0,0.4218377436834783,0.6360065935781081,39992.8778388954,0.12140126093667697,0.3237976570470876,0.7740812589222367,0.6324124771567161,0.24623647027160875
SİLİVRİ,DANAMANDIRA,SİLİVRİ|DANAMANDIRA,2022,0.4953161129957991,59496.25388087727,0.0045016103827197,0.5615788509140314,44.0,0.44255177548375724,10.0,0.0,0.0,0.0,0.0,0.3556549322437058,0.6360065935781081,2410.5296231662983,0.166477249407549,0.0,0.2814043332646067,0.733951626354678,0.24623647027160875
SİLİVRİ,DEĞİRMENKÖY FEVZİPAŞA,SİLİVRİ|DEĞİRMENKÖY FEVZİPAŞA,2022,0.6174902325789502,184843.7942855248,0.0139856661429986,0.7732900601011407,188.0,0.5934520809378621,15.0,0.4221021266056608,3.0,0.0,0.5836816305025756,0.3854411931712568,0.6360065935781081,10299.53566261964,0.10011757767815244,0.2847573550318492,0.9268012874044474,0.489301084236452,0.24623647027160875
SİLİVRİ,DEĞİRMENKÖY İSMETPAŞA,SİLİVRİ|DEĞİRMENKÖY İSMETPAŞA,2022,0.6156859613262763,181775.84749240405,0.0137535389041107,0.66218722081589,88.0,0.6172334792828835,20.0,0.3585338679983723,2.0,0.0,0.0,0.31641672028023876,0.6360065935781081,4821.059246332597,0.22514930801639627,0.29056007677307477,0.8930788733014328,0.3877619350384901,0.24623647027160875
SİLİVRİ,FATİH,SİLİVRİ|FATİH,2022,0.69323748832038,373193.8134774733,0.0282366205590121,0.7401754826030473,150.0,0.47000538508128537,9.0,0.24229100142300364,1.0,0.0,0.0,0.29936700144064304,0.6360065935781081,8217.714624430562,0.06200824972282781,0.28093526933601337,0.8762734552740653,0.489301084236452,0.24623647027160875
SİLİVRİ,FENER,SİLİVRİ|FENER,2022,0.5307601587483258,82670.20912177146,0.0062550000621769,0.8097569325563543,234.0,0.7321299283153692,34.0,0.4384873821425826,3.0,0.0,0.1178156039716956,0.48484906412975554,0.6360065935781081,13203.128163251771,0.16585786000323938,0.3001570863456493,0.5205317052998745,0.7755238700769802,0.24623647027160875
SİLİVRİ,GAZİTEPE,SİLİVRİ|GAZİTEPE,2022,0.5145293965213534,71110.6238834058,0.0053803777870812,0.7909259888220765,212.0,0.6331930405551094,31.0,0.6897174651799641,10.0,0.0,0.0,0.4869751251784685,0.6360065935781081,11614.370002528529,0.110972070719453,0.3234953146674933,0.5609691046625844,0.686820903599663,0.24623647027160875
SİLİVRİ,GÜMÜŞYAKA,SİLİVRİ|GÜMÜŞYAKA,2022,0.7171068808105103,465670.49538439856,0.0352335987597773,1.0,872.75,0.9930538742028772,198.0,1.0,50.0,0.0,0.18673331429495207,0.44355161454088055,0.6360065935781081,48087.32674395951,0.1955255178725961,0.3173220684261448,0.8930788733014328,0.3877619350384901,0.24623647027160875
SİLİVRİ,KADIKÖY,SİLİVRİ|KADIKÖY,2022,0.5267590791561239,79657.04709281359,0.0060270179525548,0.6064577112099748,60.0,0.4822927351010046,9.0,0.5845776633353442,4.0,0.0,0.0,0.35736349375473775,0.6360065935781081,3287.085849772225,0.1564629447571323,0.39062276595100226,0.6458704679641218,0.733951626354678,0.24623647027160875
SİLİVRİ,KAVAKLI HÜRRİYET,SİLİVRİ|KAVAKLI HÜRRİYET,2022,0.5474033855782581,96475.9696908148,0.0072995726371726,0.6893602609706021,106.0,0.681865472834328,42.0,0.0,0.0,0.0,0.0,0.39268619728641146,0.6360065935781081,5807.185001264264,0.26398447647966944,0.0,0.771129008545871,0.6324124771567161,0.24623647027160875
SİLİVRİ,KAVAKLI İSTİKLAL,SİLİVRİ|KAVAKLI İSTİKLAL,2022,0.5631483570253434,111651.34936392993,0.0084477734438148,0.657128716539563,85.0,0.6656637688518892,35.0,0.622198584031552,7.0,0.16260831227163414,0.0,0.35835668589804476,0.6360065935781081,4656.704953843985,0.2936699160040013,0.32462023338073764,0.8162977432091133,0.6324124771567161,0.24623647027160875
SİLİVRİ,KURFALLI,SİLİVRİ|KURFALLI,2022,0.6581565499709129,269541.03968132247,0.0203940359880122,0.632951119078263,72.0,0.19565838377060382,2.0,0.19020779202602556,1.0,0.16260831227163414,0.0,0.26243681305917665,0.6360065935781081,3944.50301972667,0.020441127841525256,0.22054503456093508,0.5575194160279087,0.6324124771567161,0.24623647027160875
SİLİVRİ,KÜÇÜK KILIÇLI,SİLİVRİ|KÜÇÜK KILIÇLI,2022,0.6121186619586124,175859.09296281403,0.0133058649433982,0.6427245765113734,77.0,0.5243926157728545,7.0,0.604678681731248,4.0,0.0,0.0,0.30719540294725556,0.6360065935781081,4218.426840541022,0.15672476419994516,0.4108122102617575,0.7317083680153784,0.5680609671737329,0.24623647027160875
SİLİVRİ,KÜÇÜK SİNEKLİ,SİLİVRİ|KÜÇÜK SİNEKLİ,2022,0.5264622175487804,79437.9080361621,0.0060104374354914,0.3537501093225489,10.0,0.0,0.0,0.0,0.0,0.0,0.0,0.19724120888104318,0.6360065935781081,547.8476416287042,0.0,0.0,0.37150186892618686,0.7755238700769802,0.24623647027160875
SİLİVRİ,MİMAR SİNAN,SİLİVRİ|MİMAR SİNAN,2022,0.8311036365915359,1340364.0400087878,0.1014147326184367,1.0,872.75,1.0,270.0,1.0,36.0,0.257728077256096,0.3307502157051291,0.34434396464813494,0.6360065935781081,48087.326743959515,0.20236114352296994,0.37642824362383454,0.7657109878416607,0.5680609671737329,0.24623647027160875
SİLİVRİ,ORTAKÖY,SİLİVRİ|ORTAKÖY,2022,0.6393123766019673,226315.8607568177,0.0171235289972517,0.8671144644891422,356.0,0.8387481889764207,81.0,0.5684005066121052,4.0,0.0,0.1178156039716956,0.42646746552231324,0.6360065935781081,19503.376041981872,0.2008788307907185,0.3745774927024947,0.7331838067671079,0.5680609671737329,0.24623647027160875
SİLİVRİ,PİRİ MEHMET PAŞA,SİLİVRİ|PİRİ MEHMET PAŞA,2022,0.7135083958531052,450385.54618295765,0.0340771076946034,0.821471437596322,261.0,0.6524654401915636,32.0,0.5069881369508231,4.0,0.16260831227163414,0.0,0.33301125170950513,0.6360065935781081,14298.823446509175,0.1014060889705129,0.315514430377983,0.8140079196161957,0.5680609671737329,0.24623647027160875
SİLİVRİ,SAYALAR,SİLİVRİ|SAYALAR,2022,0.7232698485436372,493062.87746583374,0.0373061633927054,0.5800435753769402,50.0,0.34655868922470867,6.0,0.24229100142300364,1.0,0.16260831227163414,0.1178156039716956,0.17947661891855415,0.6360065935781081,2739.2382081435208,0.08454937504475477,0.28093526933601337,0.4774007729011771,0.733951626354678,0.24623647027160875
SİLİVRİ,SELİMPAŞA,SİLİVRİ|SELİMPAŞA,2022,0.8261985405907257,1280758.2165995846,0.0969048319771852,1.0,872.75,1.0,270.0,0.9894831570063357,34.0,0.3775648087257248,0.18673331429495207,0.3485707319998518,0.6360065935781081,48087.32674395951,0.20236114352296994,0.3772324905571524,0.7492425391154587,0.686820903599663,0.24623647027160875
SİLİVRİ,SEMİZKUMLAR,SİLİVRİ|SEMİZKUMLAR,2022,0.8524464413232712,1633736.452100959,0.1236118998370964,1.0,872.75,0.9082654845630349,107.0,0.7998138356919554,8.0,0.16260831227163414,0.18673331429495207,0.3260164753220116,0.6360065935781081,48087.32674395951,0.12707924533391,0.47243994491515007,0.8436793630573697,0.5680609671737329,0.24623647027160875
SİLİVRİ,SEYMEN,SİLİVRİ|SEYMEN,2022,0.4904459761334113,56866.5852010595,0.0043026441779586,0.9619562884549585,678.0,1.0,251.0,0.9796354804372059,29.0,0.16260831227163414,0.30454891826664765,0.6188413516874747,0.6360065935781081,37144.07010242615,0.2528321973204148,0.3978869732296613,0.43101417111640616,0.733951626354678,0.24623647027160875
SİLİVRİ,SEYMEN MAHALLE,SİLİVRİ|SEYMEN MAHALLE,2022,0.8930812958605548,2381438.913395814,0.1801846240575012,0.0,0.0,0.0,0.0,0.0,0.0,0.515456154512192,0.0,0.0,0.6360065935781081,0.0,0.0,0.0,0.8107511899319246,0.7755238700769802,0.24623647027160875
SİLİVRİ,YOLÇATI,SİLİVRİ|YOLÇATI,2022,0.6352978438459388,218043.36136822423,0.0164976144781075,0.4491439461085149,20.0,0.24689339171315342,3.0,0.0,0.0,0.0,0.1178156039716956,0.17142303551700233,0.6360065935781081,1095.6952832574084,0.10427002528838543,0.0,0.7445813853883657,0.489301084236452,0.24623647027160875
SİLİVRİ,ÇANTA BALABAN,SİLİVRİ|ÇANTA BALABAN,2022,0.6402736868348585,228342.89703084392,0.0172768987800884,1.0,872.75,0.9692724758578557,169.0,0.9428238928693845,46.0,0.0,0.6227028546485959,0.5111047143801549,0.6360065935781081,48087.326743959515,0.17362508092493145,0.2829372422749307,0.7878366646042931,0.686820903599663,0.24623647027160875
SİLİVRİ,ÇANTA SANCAKTEPE,SİLİVRİ|ÇANTA SANCAKTEPE,2022,0.6801439134595145,330516.48219459725,0.0250075648609101,0.9617388598908289,675.0,0.90497746620246,106.0,0.874760470229838,24.0,0.257728077256096,0.5329461839562417,0.4514134690662173,0.6360065935781081,37089.285338263275,0.1582775481825889,0.3353946703130411,0.8325177982985648,0.6324124771567161,0.24623647027160875
SİLİVRİ,ÇAYIRDERE,SİLİVRİ|ÇAYIRDERE,2022,0.5239814165712038,77630.01081878738,0.0058736481697181,0.6960977447572277,111.0,0.5732687026608015,24.0,0.6983004169883087,3.0,0.16260831227163414,0.18673331429495207,0.41746886600475575,0.6360065935781081,6081.108822078616,0.14603612156602366,0.5682192569927241,0.6285125425614939,0.733951626354678,0.24623647027160875
SİLİVRİ,ÇELTİK,SİLİVRİ|ÇELTİK,2022,0.4915816343256941,57469.21760685107,0.0043482405998831,0.6288529318257636,70.0,0.7070928542451279,51.0,0.6388613799977101,4.0,0.16260831227163414,0.2356312079433912,0.402374266855805,0.6360065935781081,3834.933491400929,0.41445252197994753,0.4457344236622692,0.865846050929832,0.733951626354678,0.24623647027160875
TUZLA,AKFIRAT,TUZLA|AKFIRAT,2022,0.5928669689904235,236798.51178199303,0.0095645204381512,0.8763252732018743,379.0,0.6524654401915636,38.0,0.7143419917724706,12.0,0.257728077256096,0.3307502157051291,0.47313952283377697,0.8907341435956436,33425.19030367798,0.07128551943402943,0.3138480369220888,0.655970689836617,0.489301084236452,0.24623647027160875
TUZLA,ANADOLU,TUZLA|ANADOLU,2022,0.7158308641376168,740822.1597648944,0.0299225220411434,0.4688431987300822,23.0,0.34655868922470867,6.0,0.8777121096685317,11.0,0.16260831227163414,0.4602926751729552,0.12585862706597992,0.8907341435956436,2028.441627927687,0.17293663603191123,0.48792079419963297,0.5758153470901234,0.5680609671737329,0.24623647027160875
TUZLA,AYDINLI,TUZLA|AYDINLI,2022,0.936797974277123,5750191.049603705,0.2322557663193517,1.0,872.75,1.0,270.0,0.838492592619737,17.0,0.6504332490865365,0.9080471711728728,0.25500088310710445,0.8907341435956436,77411.50603971859,0.20236114352296994,0.3645586156834026,0.7089419251849342,0.9053145831190337,0.24623647027160875
TUZLA,AYDINTEPE,TUZLA|AYDINTEPE,2022,0.8420297345720763,2387828.568527919,0.0964467005076142,0.8723910332758136,369.0,0.8338685430249649,107.0,0.685830028086652,13.0,0.42033638952773006,0.18673331429495207,0.2560927406701336,0.8907341435956436,32543.25916110072,0.18996129829319391,0.2759918354036153,0.8432639784303837,0.733951626354678,0.24623647027160875
TUZLA,CAMİ,TUZLA|CAMİ,2022,0.6742678989218807,503847.2617543859,0.0203508771929824,0.665465694716006,90.0,0.6524654401915636,34.0,0.492074529328977,3.0,0.16260831227163414,0.0,0.2690374432049488,0.8907341435956436,7937.380283195297,0.26277575695155453,0.35208158707311943,0.7349747367180499,0.3877619350384901,0.24623647027160875
TUZLA,EVLİYA ÇELEBİ,TUZLA|EVLİYA ÇELEBİ,2022,0.768629948307736,1208863.0171306438,0.0488271440021373,0.7685307682062876,182.0,0.7037004481341133,40.0,0.7323311286212644,8.0,0.515456154512192,0.18673331429495207,0.25377512828048937,0.8907341435956436,16051.146794906046,0.18429915970752067,0.40461510776576165,0.7625075655198476,0.5680609671737329,0.24623647027160875
TUZLA,FATİH,TUZLA|FATİH,2022,0.49551433899052294,95954.10831240535,0.003875679045329,0.47486547384281136,24.0,0.3191050796271805,5.0,0.5379959230088422,3.0,0.257728077256096,0.2356312079433912,0.2995279902776862,0.8907341435956436,2116.6347421854125,0.14118484440468965,0.3982482006793762,0.5348918694701553,0.6324124771567161,0.24623647027160875
TUZLA,MESCİT,TUZLA|MESCİT,2022,0.41476235776611714,45331.26072847092,0.0018309733725175,0.6388925362804685,75.0,0.55050209871912,21.0,0.0,0.0,0.3252166245432683,0.4815669033537717,0.476283196131686,0.8907341435956436,6614.483569329414,0.18417107068760977,0.0,0.7956375335536607,0.489301084236452,0.24623647027160875
TUZLA,MİMAR SİNAN,TUZLA|MİMAR SİNAN,2022,0.8433085261045227,2416314.944433164,0.0975972927241962,0.8572900513520918,333.0,0.861322152622493,125.0,0.8455937852645784,17.0,0.257728077256096,0.0,0.24595076930741794,0.8907341435956436,29368.3070478226,0.237787482719728,0.3712010999803301,0.9275222422474602,0.3877619350384901,0.24623647027160875
TUZLA,ORHANLI,TUZLA|ORHANLI,2022,0.556832140102818,169507.16560334846,0.006846558019414,0.6518905833042214,82.0,0.4822927351010046,14.0,0.0,0.0,0.257728077256096,0.9995258797829886,0.36047049378718726,0.8907341435956436,7231.835369133493,0.11759978230819461,0.0,0.6616860227930144,0.686820903599663,0.24623647027160875
TUZLA,ORTA,TUZLA|ORTA,2022,0.7337967338930248,875140.2727794105,0.0353477602636031,0.6837395714756397,102.0,0.7168987767944389,55.0,0.8205586292119739,8.0,0.3775648087257248,0.5174835300000811,0.23127210884449842,0.8907341435956436,8995.697654288006,0.32175315414554195,0.4938606844958839,0.7816870153539529,0.5680609671737329,0.24623647027160875
TUZLA,POSTANE,TUZLA|POSTANE,2022,0.8153630724157606,1864667.014751091,0.075315700418559,0.8620703747180841,344.0,0.7848187887064582,76.0,0.6557704977622196,6.0,0.6352928859818208,0.18673331429495207,0.27193630298857197,0.8907341435956436,30338.43130465758,0.15775136637275022,0.3843493172399792,0.6366965002173745,0.5680609671737329,0.24623647027160875
TUZLA,TEPEÖREN,TUZLA|TEPEÖREN,2022,0.690577532477396,586131.437356844,0.0236744144625523,0.8637709728470935,348.0,0.7826335350824153,80.0,0.9155866413720468,30.0,0.6352928859818208,0.7245361711576395,0.3796162650448165,0.8907341435956436,30691.203761688488,0.15437413006185566,0.3323722541138599,0.6754023353324959,0.733951626354678,0.24623647027160875
TUZLA,YAYLA,TUZLA|YAYLA,2022,0.8312533828566545,2160731.2993142754,0.0872740226200017,0.8127739140617598,246.0,0.9335338405365201,95.0,0.6656572221930802,7.0,0.5625323369257385,0.37346662858990415,0.2292335880502179,0.8907341435956436,21695.50610740048,0.4235448339479308,0.3652017305769462,0.8098264981862277,0.6324124771567161,0.24623647027160875
TUZLA,İSTASYON,TUZLA|İSTASYON,2022,0.8186627843448501,1922609.8908184168,0.0776560691067771,0.783832061917283,202.0,0.8541108057250867,66.0,0.5646432764810871,4.0,0.456499245823252,0.5537851443253394,0.22228898384375276,0.8907341435956436,17815.009080060558,0.3478731606845436,0.37087806487692254,0.8146964199343476,0.6324124771567161,0.24623647027160875
TUZLA,İÇMELER,TUZLA|İÇMELER,2022,0.7450343312592046,971270.7673203312,0.039230563718942,0.8253612176534267,268.0,0.5997017023825433,28.0,0.3937665815843351,5.0,0.456499245823252,0.18673331429495207,0.3085130694304228,0.8907341435956436,23635.75462107045,0.07413728073168104,0.18601957036423522,0.8360383113031532,0.5680609671737329,0.24623647027160875
TUZLA,ŞİFA,TUZLA|ŞİFA,2022,0.8600443032437277,2822003.270018702,0.1139834357467272,0.8667006486384029,355.0,0.8775238566049318,137.0,0.8006763570768203,13.0,0.0,0.3534468119150868,0.2379336195321563,0.8907341435956436,31308.555561492565,0.24348303647531955,0.37871576218663977,0.8638395411605272,0.489301084236452,0.24623647027160875
ZEYTİNBURNU,BEŞTELSİZ,ZEYTİNBURNU|BEŞTELSİZ,2022,0.8151128812181598,1180315.3480116366,0.0698925800017229,0.7950241760745759,218.0,0.8355099918419872,108.0,0.8248000346013475,19.0,0.515456154512192,0.0,0.23174098987938388,0.6472753104762935,12198.195973572429,0.3002140584277608,0.33197203219913285,0.7494751453537655,0.733951626354678,0.24623647027160875
ZEYTİNBURNU,GÖKALP,ZEYTİNBURNU|GÖKALP,2022,0.8067010696890137,1091738.5396347323,0.0646474887841858,0.8302162345358371,277.0,0.9082654845630349,163.0,0.9494870835731735,30.0,0.16260831227163414,0.0,0.2597306527004397,0.6472753104762935,15499.542590273222,0.34524210444825415,0.3631624739605669,0.7405319517591747,0.686820903599663,0.24623647027160875
ZEYTİNBURNU,KAZLIÇEŞME,ZEYTİNBURNU|KAZLIÇEŞME,2022,0.6564781517186126,271046.15273387544,0.0160500453933984,0.7808961390705891,198.0,0.7104218471683882,53.0,0.8398623341301391,14.0,0.515456154512192,0.30454891826664765,0.35647827113646946,0.6472753104762935,11079.095425538262,0.17695361305451024,0.40229996415464236,0.7359613176962762,0.955822902212223,0.24623647027160875
ZEYTİNBURNU,MALTEPE,ZEYTİNBURNU|MALTEPE,2022,0.7302398364867807,537224.2180838021,0.0318118261399707,0.8163146901229145,252.0,0.7461604824897238,65.0,0.7699055187236404,11.0,0.6017222572298446,0.5471187217560063,0.3154591097170134,0.6472753104762935,14100.666905230511,0.1711991290600043,0.3806608865078464,0.7394733267845333,0.9053145831190337,0.24623647027160875
ZEYTİNBURNU,MERKEZEFENDİ,ZEYTİNBURNU|MERKEZEFENDİ,2022,0.836589879955374,1440450.2704021789,0.0852965149798214,0.7983544586684842,223.0,0.7434414077513606,64.0,0.5831267053574621,5.0,0.4878249368149024,0.0,0.21650608910909824,0.6472753104762935,12477.97111058097,0.1882373410138648,0.3479594821504171,0.7621864358977524,0.686820903599663,0.24623647027160875
ZEYTİNBURNU,NURİPAŞA,ZEYTİNBURNU|NURİPAŞA,2022,0.847037345438343,1586996.4871672532,0.0939742748653108,0.8537135063900593,325.0,0.8887757622200211,146.0,0.8448554348213071,23.0,0.16260831227163414,0.0,0.24076817976317003,0.6472753104762935,18185.383905555223,0.2768107714226342,0.31634676400485134,0.7560667827776881,0.5680609671737329,0.24623647027160875
ZEYTİNBURNU,SEYİTNİZAM,ZEYTİNBURNU|SEYİTNİZAM,2022,0.8284849755257734,1336150.0993253945,0.0791203620869035,0.9009401030483565,448.0,0.9125571605650425,167.0,1.0,40.0,0.42033638952773006,0.0,0.2847975773539313,0.6472753104762935,25067.852275965357,0.2363717258858135,0.35699965016635254,0.7168399175931356,0.8770630192749421,0.24623647027160875
ZEYTİNBURNU,SÜMER,ZEYTİNBURNU|SÜMER,2022,0.8906503260268033,2378088.6645726063,0.1408189366679257,0.8719917765935354,368.0,0.9268124415022452,181.0,0.862137397066713,24.0,0.5625323369257385,0.0,0.2164692799516891,0.6472753104762935,20591.450083828684,0.29843336419231126,0.3241521788668712,0.6702218969888587,0.686820903599663,0.24623647027160875
ZEYTİNBURNU,TELSIZ,ZEYTİNBURNU|TELSIZ,2022,0.8733491999571154,2025571.9919418432,0.1199446001736214,0.8805350991809929,390.0,0.9937272055755286,264.0,0.7688995009302281,14.0,0.16260831227163414,0.0,0.2353663355644425,0.6472753104762935,21822.46068666627,0.38568078838245146,0.3357102011856633,0.7453416377141306,0.5680609671737329,0.24623647027160875
ZEYTİNBURNU,VELIEFENDI,ZEYTİNBURNU|VELIEFENDI,2022,0.8797111101088649,2148673.052225602,0.1272340510129023,0.8109711390324876,243.0,0.7616568551109377,71.0,0.7634224057722895,11.0,0.257728077256096,0.0,0.1901104445267375,0.6472753104762935,13597.071658615136,0.19123729945024015,0.3744896738088876,0.7266108438553411,0.686820903599663,0.24623647027160875
ZEYTİNBURNU,YEŞILTEPE,ZEYTİNBURNU|YEŞILTEPE,2022,0.8312533828566545,1370898.1713418553,0.0811779752556277,0.7669095952539806,180.0,0.7378754567659163,62.0,0.6701878627377635,5.0,0.257728077256096,0.0,0.20253571709963958,0.6472753104762935,10071.904932307509,0.22081786231957312,0.43377009846846204,0.7673987967865885,0.686820903599663,0.24623647027160875
ZEYTİNBURNU,ÇIRPICI,ZEYTİNBURNU|ÇIRPICI,2022,0.8424153637077826,1520410.00455922,0.0900313446386089,0.8399692803114874,296.0,0.92185123111798,176.0,0.7221331933345875,8.0,0.16260831227163414,0.0,0.23633497169074114,0.6472753104762935,16562.68811090568,0.3481235985837192,0.3946440125081096,0.7474027440739127,0.5680609671737329,0.24623647027160875
ÇATALCA,AKALAN,ÇATALCA|AKALAN,2022,0.459941496918505,36977.16985771331,0.0074526584642949,0.6369385308391242,74.0,0.12344669585657671,1.0,0.3678063130511042,2.0,0.0,0.0,0.43529943461464576,0.5576446514005903,3499.1183752823335,0.01001430465041668,0.29980204033065494,0.6308633577026866,0.6324124771567161,0.24623647027160875
ÇATALCA,ATATÜRK,ÇATALCA|ATATÜRK,2022,0.5069649637494573,57215.31397421113,0.0115316070866967,0.7936707238836349,216.0,0.6331930405551094,34.0,0.7618616092311482,8.0,0.456499245823252,0.27355936087800314,0.49541090162556467,0.5576446514005903,10213.642825148432,0.10906011875588678,0.43391977806887577,0.5577935927361115,0.5680609671737329,0.24623647027160875
ÇATALCA,AYDINLAR,ÇATALCA|AYDINLAR,2022,0.45223572591418115,34423.7591514262,0.0069380247595993,0.6064577112099748,60.0,0.3191050796271805,5.0,0.1940496865818961,1.0,0.0,0.0,0.422259130011006,0.5576446514005903,2837.123006985676,0.059716221822872374,0.22499969311397694,0.5045981674745257,0.686820903599663,0.24623647027160875
ÇATALCA,BAHŞAYİŞ,ÇATALCA|BAHŞAYİŞ,2022,0.6283040220210407,176374.48026760953,0.035547846639156,0.6158275425252098,64.0,0.4822927351010046,14.0,0.3751329193458929,4.0,0.0,0.0,0.2767222628213789,0.5576446514005903,3026.2645407847212,0.1475887849664766,0.20100600397031518,0.7627000346638475,0.5680609671737329,0.24623647027160875
ÇATALCA,BAŞAK,ÇATALCA|BAŞAK,2022,0.6294539653179893,178265.89560559997,0.0359290567907823,0.6246376377966785,68.0,0.19565838377060382,2.0,0.6579126217838526,7.0,0.0,0.0,0.28123425872233637,0.5576446514005903,3215.4060745837664,0.02162628217278727,0.35784628757024745,0.371000226965795,0.5680609671737329,0.24623647027160875
ÇATALCA,BELGRAT,ÇATALCA|BELGRAT,2022,0.4126478800037273,23831.83325867968,0.0048032479104918,0.601539747340635,58.0,0.0,0.0,0.1940496865818961,1.0,0.0,0.18673331429495207,0.4537973775687396,0.5576446514005903,2742.5522400861537,0.0,0.22499969311397694,0.5116561546917034,0.6324124771567161,0.24623647027160875
ÇATALCA,CELEPKÖY,ÇATALCA|CELEPKÖY,2022,0.30259677395339507,8558.654404406789,0.0017249759361091,0.44194616474391857,19.0,0.0,0.0,0.47720029479253756,3.0,0.0,0.0,0.4451022577785333,0.5576446514005903,898.422285545464,0.0,0.33744340013303703,0.32938685679615665,0.5680609671737329,0.24623647027160875
ÇATALCA,DAĞYENİCE,ÇATALCA|DAĞYENİCE,2022,0.7012865579479899,347074.71452124766,0.0699520628234329,0.6180798802301182,65.0,0.5045837821888896,16.0,0.1940496865818961,1.0,0.0,0.0,0.2183941834355483,0.5576446514005903,3073.549924234482,0.16417815823633877,0.22499969311397694,0.5356284947602907,0.686820903599663,0.24623647027160875
ÇATALCA,ELBASAN,ÇATALCA|ELBASAN,2022,0.42924019556639076,27803.805468459625,0.0056037892289071,0.5990178867163374,57.0,0.42705540286254334,10.0,0.5501592782312579,3.0,0.0,0.0,0.4375773385082534,0.5576446514005903,2695.2668566363923,0.12059325684809583,0.41070200036089727,0.6577347596275235,0.6324124771567161,0.24623647027160875
ÇATALCA,FATİH,ÇATALCA|FATİH,2022,0.2654806141912278,6052.529081569442,0.0012198724852042,0.7936707238836349,216.0,0.6779511188716084,44.0,0.7239444365284716,6.0,0.0,0.1178156039716956,0.7093488100916506,0.5576446514005903,10213.642825148432,0.13832090808681716,0.452462350435039,0.5844595998480788,0.6324124771567161,0.24623647027160875
ÇATALCA,FERHATPAŞA,ÇATALCA|FERHATPAŞA,2022,0.8307725768211902,1153337.787723127,0.2324524202079501,0.9568725182459356,655.0,0.9861767288220553,253.0,0.9039233647033231,25.0,0.456499245823252,0.0,0.3175618261733639,0.5576446514005903,30971.926159593633,0.2436682190998231,0.35452020224631464,0.5831969560570669,0.733951626354678,0.24623647027160875
ÇATALCA,GÖKÇEALİ,ÇATALCA|GÖKÇEALİ,2022,0.5601453011944723,93719.62999742683,0.018888963013085,0.7236519079103443,134.0,0.12344669585657671,1.0,0.7598368426083183,10.0,0.16260831227163414,0.0,0.4036040152522778,0.5576446514005903,6336.24138226801,0.005546899118152896,0.3889219492224207,0.6955358500555268,0.5680609671737329,0.24623647027160875
ÇATALCA,GÜMÜŞPINAR,ÇATALCA|GÜMÜŞPINAR,2022,0.49127309359799304,49460.51108845029,0.0099686454650287,0.5245036260336077,34.0,0.6698544548109717,42.0,0.1940496865818961,1.0,0.0,0.1178156039716956,0.3351920424713518,0.5576446514005903,1607.7030372918832,0.6001059544957055,0.22499969311397694,0.36530808321510544,0.6324124771567161,0.24623647027160875
ÇATALCA,HALLAÇLI,ÇATALCA|HALLAÇLI,2022,0.4950180891006306,51210.07027609145,0.010321264855283,0.7740685592906178,189.0,0.47000538508128537,13.0,0.1940496865818961,1.0,0.257728077256096,0.0,0.4932615096669228,0.5576446514005903,8936.937472004878,0.04962805404733829,0.22499969311397694,0.5520929914828676,0.489301084236452,0.24623647027160875
ÇATALCA,HİSARBEYLİ,ÇATALCA|HİSARBEYLİ,2022,0.6229719048450962,167863.11124665252,0.0338324009568374,0.4090268556450257,15.0,0.0,0.0,0.47720029479253756,3.0,0.0,0.0,0.1578293572567308,0.5576446514005905,709.2807517464191,0.0,0.33744340013303703,0.4278747114734938,0.686820903599663,0.24623647027160875
ÇATALCA,KABAKÇA,ÇATALCA|KABAKÇA,2022,0.5370031507449184,75609.32813616827,0.0152388758112628,0.8237067114814142,265.0,0.5802537522775366,25.0,0.3232187213347848,2.0,0.0,0.0,0.4883593079888561,0.5576446514005903,12530.626614186736,0.06725763110918136,0.25593745417227315,0.6127396909475729,0.6324124771567161,0.24623647027160875
ÇATALCA,KALEİÇİ,ÇATALCA|KALEİÇİ,2022,0.7052664768863051,360125.48035338183,0.0725824128696547,0.9028984316374118,454.0,0.7804211347567076,79.0,0.8787974549742951,21.0,0.257728077256096,0.27355936087800314,0.39177446427916696,0.5576446514005903,21467.564086191614,0.11968521494907366,0.363201116609963,0.6852449756270957,0.733951626354678,0.24623647027160875
ÇATALCA,KALFA,ÇATALCA|KALFA,2022,0.2802971168472666,6950.951367114906,0.0014009473072267,0.6536573739310277,83.0,0.28663435133040077,4.0,0.31156752355217343,2.0,0.0,0.0,0.604958235035651,0.5576446514005903,3924.686826330186,0.035114928027043725,0.24472841969195397,0.5164890989861747,0.812711509291959,0.24623647027160875
ÇATALCA,KARACAKÖY MERKEZ,ÇATALCA|KARACAKÖY MERKEZ,2022,0.5750532552028719,107621.53273165664,0.0216908576275386,0.7111132625939458,123.0,0.4822927351010046,14.0,0.3562883241104209,2.0,0.0,0.0,0.3825747357509136,0.5576446514005903,5816.102164320636,0.08042211589508949,0.28833101822688434,0.5841328930591903,0.6324124771567161,0.24623647027160875
ÇATALCA,KARAMANDERE,ÇATALCA|KARAMANDERE,2022,0.42905695863060284,27756.520085009863,0.0055942589751165,0.6482922279852514,80.0,0.34655868922470867,6.0,0.1940496865818961,1.0,0.0,0.0,0.4698133504777602,0.5576446514005903,3782.830675980901,0.05395515462670542,0.22499969311397694,0.4817566517715079,0.733951626354678,0.24623647027160875
ÇATALCA,KESTANELİK,ÇATALCA|KESTANELİK,2022,0.5815767760671674,114336.05718152274,0.0230441536658121,0.8103652849815642,242.0,0.7826335350824153,80.0,0.6909966994932499,16.0,0.0,0.0,0.44059324461696464,0.5576446514005903,11443.062794842228,0.2130834736850608,0.24758177350331845,0.5279500511134897,0.6324124771567161,0.24623647027160875
ÇATALCA,KIZILCAALİ,ÇATALCA|KIZILCAALİ,2022,0.562724435454272,95989.32840301536,0.0193464151950366,0.6446039045256321,78.0,0.12344669585657671,1.0,0.4125271136093516,3.0,0.0,0.0,0.35071968980921064,0.5576446514005903,3688.259909081379,0.009504007438566369,0.27587067921129416,0.5042167905011566,0.5680609671737329,0.24623647027160875
ÇATALCA,MURATBEY MERKEZ,ÇATALCA|MURATBEY MERKEZ,2022,0.5470969491379868,83033.13333778078,0.0167351256563962,0.6464595925664314,79.0,0.5045837821888896,16.0,0.6860479864499536,7.0,0.0,0.27355936087800314,0.365421723960032,0.5576446514005903,3735.54529253114,0.13759411358741033,0.3848074820097553,0.8039185114265924,0.686820903599663,0.24623647027160875
ÇATALCA,NAKKAŞ,ÇATALCA|NAKKAŞ,2022,0.4812422320301477,45062.97042762249,0.0090823318624974,0.655403255302033,84.0,0.12344669585657671,1.0,0.6903581030040151,11.0,0.16260831227163414,0.1178156039716956,0.4285950733065476,0.5576446514005903,3971.972209779947,0.008829150319154691,0.30761538843957026,0.6251237908254353,0.7755238700769802,0.24623647027160875
ÇATALCA,OKLALI,ÇATALCA|OKLALI,2022,0.5193986169442836,64213.5507247758,0.0129420846477141,0.6823002892881965,101.0,0.6894451671969107,47.0,0.44620358102122915,4.0,0.0,0.0,0.41258087308562436,0.5576446514005903,4775.8237284258885,0.2850612726165937,0.26040026074935585,0.5643693056804515,0.6324124771567161,0.24623647027160875
ÇATALCA,ORMANLI,ÇATALCA|ORMANLI,2022,0.5105554142454957,59154.01469565134,0.0119223474921137,0.7122982107642172,124.0,0.3703400875697301,7.0,0.6286830898311024,6.0,0.0,0.0,0.43968048777147933,0.5576446514005903,5863.387547770397,0.04097014778105627,0.3582413532410721,0.434112590894648,0.6324124771567161,0.24623647027160875
ÇATALCA,OVAYENİCE,ÇATALCA|OVAYENİCE,2022,0.4991172851436572,53196.05638098143,0.0107215355144907,0.5478456626009098,40.0,0.12344669585657671,1.0,0.6406452774580447,8.0,0.16260831227163414,0.0,0.3435100729791879,0.5576446514005903,1891.4153379904508,0.01842203460741233,0.31811500588276825,0.7862037227664725,0.733951626354678,0.24623647027160875
ÇATALCA,SUBAŞI,ÇATALCA|SUBAŞI,2022,0.5601453011944723,93719.62999742683,0.018888963013085,0.7382084500740477,148.0,0.6280304780454663,33.0,0.41464790266227003,2.0,0.257728077256096,0.18673331429495207,0.41295746385614146,0.5576446514005903,6998.236750564668,0.15016939803635915,0.34735218555640124,0.6113835939385333,0.686820903599663,0.24623647027160875
ÇATALCA,YALIKÖY,ÇATALCA|YALIKÖY,2022,0.5382761467675622,76507.75042171373,0.0154199506332853,0.8103652849815642,242.0,0.42705540286254334,10.0,0.40247158697583113,3.0,0.16260831227163414,0.27355936087800314,0.4786275079281019,0.5576446514005903,11443.062794842228,0.030208762132730545,0.26663059564749747,0.6225314309945656,0.3877619350384901,0.24623647027160875
ÇATALCA,YAYLACIK,ÇATALCA|YAYLACIK,2022,0.38282899951687677,18063.016477808804,0.0036405569480315,0.3537501093225489,10.0,0.0,0.0,0.1940496865818961,1.0,0.0,0.0,0.3152161908580103,0.5576446514005903,472.8538344976127,0.0,0.22499969311397694,0.3425799101485972,0.489301084236452,0.24623647027160875
ÇATALCA,YAZLIK,ÇATALCA|YAZLIK,2022,0.4137103015114828,24068.260175928484,0.0048508991794451,0.5112835695562822,31.0,0.39131676754120764,8.0,0.1940496865818961,1.0,0.0,0.0,0.393788315287142,0.5576446514005903,1465.8468869425994,0.171275044042989,0.22499969311397694,0.445139031923539,0.686820903599663,0.24623647027160875
ÇATALCA,ÇAKIL,ÇATALCA|ÇAKIL,2022,0.5895236151132799,123083.85311972858,0.0248072506170839,0.7685307682062876,182.0,0.5584187769777513,22.0,0.6924788920569336,10.0,0.0,0.27355936087800314,0.4067659872737962,0.5576446514005903,8605.93978785655,0.08513474541188923,0.3259847562187589,0.7441656722075921,0.686820903599663,0.24623647027160875
ÇATALCA,ÇANAKÇA,ÇATALCA|ÇANAKÇA,2022,0.5605252886882709,94050.62768157516,0.0189556747896196,0.780152937226431,197.0,0.7104218471683882,53.0,0.47689125433761903,4.0,0.0,0.0,0.43960804611487964,0.5576446514005903,9315.22053960297,0.1777528468260728,0.28777039655180947,0.47586939570576603,0.686820903599663,0.24623647027160875
ÇATALCA,ÇİFTLİKKÖY,ÇATALCA|ÇİFTLİKKÖY,2022,0.5517809388195251,86721.39324686218,0.0174784854520675,0.657128716539563,85.0,0.5045837821888896,16.0,0.5250463834076475,4.0,0.0,0.0,0.3681998182815505,0.5576446514005905,4019.2575932297086,0.12867146687178785,0.3325574893341968,0.4386855765549989,0.686820903599663,0.24623647027160875
ÇATALCA,ÖRCÜNLÜ,ÇATALCA|ÖRCÜNLÜ,2022,0.39876587496035465,20947.42486824424,0.0042219024292616,0.6482922279852514,80.0,0.6430898052058168,36.0,0.31086059973171776,2.0,0.0,0.0,0.4965076363002782,0.5576446514005903,3782.8306759809016,0.2772066613202967,0.2440519197335043,0.5857619423432655,0.6324124771567161,0.24623647027160875
ÇATALCA,ÖRENCİK,ÇATALCA|ÖRENCİK,2022,0.7241052271961482,428878.4278893347,0.0864394018812721,0.5771221877540679,49.0,0.24689339171315342,3.0,0.5749530437595013,4.0,0.0,0.0,0.17722055786513696,0.5576446514005903,2316.983789038302,0.04433310992903058,0.3810540081599872,0.3212687435168632,0.686820903599663,0.24623647027160875
ÇATALCA,İHSANİYE,ÇATALCA|İHSANİYE,2022,0.545364624160525,81709.14260118747,0.0164682785502577,0.7037964612518914,117.0,0.49378678342630683,15.0,0.3232187213347848,2.0,0.0,0.0,0.4037428387067029,0.5576446514005903,5532.389863622068,0.08999505246888656,0.25593745417227315,0.533276696352569,0.7755238700769802,0.24623647027160875
ÇATALCA,İNCEĞİZ,ÇATALCA|İNCEĞİZ,2022,0.7187434448392823,408072.8591714398,0.0822460902133823,0.8139636403005343,248.0,0.5045837821888896,16.0,0.5319784616491625,4.0,0.16260831227163414,0.0,0.323805070583623,0.5576446514005903,11726.775095540796,0.04664359333232378,0.3391744799268632,0.6503276458956279,0.733951626354678,0.24623647027160875
ÇATALCA,İZZETTİN,ÇATALCA|İZZETTİN,2022,0.01801426231246418,567.4246013971352,0.0001143630454879,0.7122982107642172,124.0,0.6227137866331471,32.0,0.35401733442444905,2.0,0.0,0.0,0.8822697291211267,0.5576446514005903,5863.387547770398,0.171275044042989,0.2860803704000282,0.7160746320349408,0.733951626354678,0.24623647027160875
ÇEKMEKÖY,ALEMDAĞ,ÇEKMEKÖY|ALEMDAĞ,2022,0.8452199893440446,1727677.923144715,0.1159314255308535,0.7192147236850656,130.0,0.5243926157728545,18.0,0.0,0.0,0.3775648087257248,0.18673331429495207,0.16548135316494722,0.701600964280248,8053.576090390595,0.09674672293425989,0.0,0.6116263238499786,0.686820903599663,0.24623647027160875
ÇEKMEKÖY,AYDINLAR,ÇEKMEKÖY|AYDINLAR,2022,0.686897704060703,397908.6094506061,0.0267006435092036,0.7440325716928387,154.0,0.8355099918419872,108.0,0.4614672846502428,3.0,0.257728077256096,0.18673331429495207,0.30715259536639794,0.701600964280248,9540.39013784732,0.39644731641474346,0.32214371717096046,0.5924316490851015,0.686820903599663,0.24623647027160875
ÇEKMEKÖY,CUMHURİYET,ÇEKMEKÖY|CUMHURİYET,2022,0.7927743945369335,1062266.6863225196,0.0712806997123331,0.7192147236850656,130.0,0.8013978147281852,89.0,0.4614672846502428,3.0,0.3252166245432683,0.0,0.20518102934693952,0.701600964280248,8053.576090390596,0.38909523138871555,0.32214371717096046,0.4976376945920087,0.686820903599663,0.24623647027160875
ÇEKMEKÖY,EKŞİOĞLU,ÇEKMEKÖY|EKŞİOĞLU,2022,0.7241765308646692,562263.5122798849,0.0377292605464008,0.8453344262572637,307.0,0.7933011506675484,85.0,0.7913004544691621,11.0,0.3775648087257248,0.27355936087800314,0.33888225098045466,0.701600964280248,19018.829690383944,0.18234623204121964,0.4012735006471091,0.6129052117209278,0.733951626354678,0.24623647027160875
ÇEKMEKÖY,GÜNGÖREN,ÇEKMEKÖY|GÜNGÖREN,2022,0.7421670305259211,664358.0768719134,0.0445800562031294,0.6718118453793613,94.0,0.7759121360481404,77.0,0.36566284133217747,2.0,0.0,0.0,0.21751658511231045,0.701600964280248,5823.355019205507,0.4464157134675654,0.2976602963990238,0.6282542038571058,0.686820903599663,0.24623647027160875
ÇEKMEKÖY,HAMİDİYE,ÇEKMEKÖY|HAMİDİYE,2022,0.8532641541405072,1861491.18741582,0.1249106237217113,0.8259086218216007,269.0,0.7136897541929441,54.0,0.5319784616491626,3.0,0.42033638952773006,0.0,0.21932669651292183,0.701600964280248,16664.70744857746,0.1364839132417078,0.3921202422737965,0.7147593847721581,0.6324124771567161,0.24623647027160875
ÇEKMEKÖY,HÜSEYİNLİ,ÇEKMEKÖY|HÜSEYİNLİ,2022,0.7213357550290281,547643.1741465604,0.0367482000033256,0.6180798802301182,65.0,0.24689339171315342,3.0,0.23415129608835922,1.0,0.0,0.27355936087800314,0.20260433215683685,0.701600964280248,4026.788045195297,0.033662303541037025,0.2714973195274201,0.4630540726927287,0.686820903599663,0.24623647027160875
ÇEKMEKÖY,KOÇULLU,ÇEKMEKÖY|KOÇULLU,2022,0.5296114404474437,92492.22386887044,0.0062064550458105,0.5710999126413386,47.0,0.5422170729953125,20.0,0.360754530001608,2.0,0.0,0.0,0.332227717648098,0.701600964280248,2911.6775096027536,0.2645099039925053,0.29276795629556124,0.38370980572643715,0.5680609671737329,0.24623647027160875
ÇEKMEKÖY,KİRAZLIDERE,ÇEKMEKÖY|KİRAZLIDERE,2022,0.7371663476207089,634250.0924109147,0.0425597366101864,0.6224839462031403,67.0,0.7759121360481404,77.0,0.480872080463516,4.0,0.257728077256096,0.0,0.1928847668501388,0.701600964280248,4150.689215816691,0.5708217223928634,0.2913904918495588,0.5749673113453814,0.686820903599663,0.24623647027160875
ÇEKMEKÖY,MEHMET AKİF,ÇEKMEKÖY|MEHMET AKİF,2022,0.8622458409692281,2023182.215076739,0.1357604882023312,0.9397212608120323,583.0,0.8655128385815755,126.0,0.575142559324737,5.0,0.3775648087257248,0.0,0.280299818939314,0.701600964280248,36117.191236136285,0.14808080799732748,0.3403860679633255,0.700789832590845,0.6324124771567161,0.24623647027160875
ÇEKMEKÖY,SARIYER MERKEZ,ÇEKMEKÖY|SARIYER MERKEZ,2022,0.7799269649550966,942949.8590141174,0.0632742479921515,0.8882529992981526,394.0,0.9723299919117818,234.0,0.40778084303047646,5.0,0.7355687751306029,0.4359695403536438,0.3180676503958409,0.701600964280248,25461.690562696425,0.33621475671130435,0.19656081391998523,0.7549363395141263,0.846351820920547,0.24623647027160875
ÇEKMEKÖY,MİMAR SİNAN,ÇEKMEKÖY|MİMAR SİNAN,2022,0.5916557816700965,164478.80399990024,0.0110369311095961,0.8192017735358758,257.0,0.7891104647084658,83.0,0.5265004117588233,3.0,0.4878249368149024,0.0,0.4374405226085943,0.701600964280248,15921.3004248491,0.20879792279437545,0.38656128332773204,0.7792582492335105,0.733951626354678,0.24623647027160875
ÇEKMEKÖY,NİŞANTEPE,ÇEKMEKÖY|NİŞANTEPE,2022,0.7539109713699496,740805.0991453134,0.0497098388732769,0.7593854304508193,171.0,0.6280304780454663,33.0,0.5150735451545956,4.0,0.5625323369257385,0.5174835300000811,0.2603749619740436,0.701600964280248,10593.550088129168,0.13164611818655403,0.32310994547202854,0.664585008593167,0.6324124771567161,0.24623647027160875
ÇEKMEKÖY,REŞADİYE,ÇEKMEKÖY|REŞADİYE,2022,0.5855159892131748,155372.0679592278,0.0104258467882738,0.601539747340635,58.0,0.44255177548375724,11.0,0.4241244716703118,3.0,0.0,0.0,0.30384630669746704,0.701600964280248,3593.1339480204197,0.12956243029124476,0.2866450792359162,0.5943704135805565,0.6324124771567161,0.24623647027160875
ÇEKMEKÖY,SIRAPINAR,ÇEKMEKÖY|SIRAPINAR,2022,0.5261645364466576,89580.5463592677,0.0060110743444353,0.657128716539563,85.0,0.5422170729953125,20.0,0.0,0.0,0.0,0.2356312079433912,0.3904607554513725,0.701600964280248,5265.799751409236,0.15764809908839428,0.0,0.4684412531735651,0.489301084236452,0.24623647027160875
ÇEKMEKÖY,SOĞUKPINAR,ÇEKMEKÖY|SOĞUKPINAR,2022,0.7281190205537609,583202.8101149005,0.0391343387818221,0.66218722081589,88.0,0.5802537522775366,25.0,0.49520381880775266,4.0,0.0,0.1178156039716956,0.22304582615699556,0.701600964280248,5451.651507341326,0.1865516755977307,0.3045499878939985,0.6294788127044774,0.733951626354678,0.24623647027160875
ÇEKMEKÖY,SULTANÇİFTLİĞİ,ÇEKMEKÖY|SULTANÇİFTLİĞİ,2022,0.5542787079963766,116281.24862817804,0.0078027569464074,0.7180842564364662,129.0,0.8826126581129299,141.0,0.5357028465591556,6.0,0.456499245823252,0.0,0.40514717193248445,0.701600964280248,7991.625505079897,0.5510429780196066,0.27369428757861236,0.6415570752798626,0.7755238700769802,0.24623647027160875
ÇEKMEKÖY,TAŞDELEN,ÇEKMEKÖY|TAŞDELEN,2022,0.6477910967499321,276857.1657535044,0.0185777947754369,0.6202983469088056,66.0,0.638210159254361,35.0,0.41081417416190924,2.0,0.3775648087257248,0.18673331429495207,0.26325299385304674,0.701600964280248,4088.7386305059945,0.3174206536154321,0.34340977592766303,0.6037329580183269,0.686820903599663,0.24623647027160875
ÇEKMEKÖY,ÇAMLIK,ÇEKMEKÖY|ÇAMLIK,2022,0.8200535877073233,1368054.7754161195,0.091799830392923,0.7748429718513588,190.0,0.7566397364116862,69.0,0.5602029344278677,4.0,0.257728077256096,0.0,0.21592500007143053,0.701600964280248,11770.61120903241,0.23113065885252893,0.36651961948644785,0.6836646282580718,0.686820903599663,0.24623647027160875
ÇEKMEKÖY,ÇATALMEŞE,ÇEKMEKÖY|ÇATALMEŞE,2022,0.7241884102269246,562325.4628651956,0.0377334175826003,0.8711900069349573,366.0,0.7104218471683882,53.0,0.19020779202602556,1.0,0.257728077256096,0.3307502157051291,0.3552079419401813,0.701600964280248,22673.91422371506,0.10089460926787612,0.22054503456093508,0.6198752610462505,0.6324124771567161,0.24623647027160875
ÇEKMEKÖY,ÖMERLİ,ÇEKMEKÖY|ÖMERLİ,2022,0.6664418388845671,329143.45975573256,0.0220863333277906,0.7602406517100001,172.0,0.681865472834328,45.0,0.4381124284405038,3.0,0.257728077256096,0.4602926751729552,0.3348170909888515,0.701600964280248,10655.500673439865,0.17338521074908592,0.29980204033065494,0.4883539334416773,0.846351820920547,0.24623647027160875
ÜMRANİYE,ADEM YAVUZ,ÜMRANİYE|ADEM YAVUZ,2022,0.7920234564066836,921160.6229495468,0.0244868024647862,0.7996658028945162,225.0,0.7689270864314054,74.0,0.7453843139078948,11.0,0.16260831227163414,0.0,0.25334391986752464,0.6292713560004832,12171.784129883015,0.2121355008832606,0.3575117527308582,0.8693173747946795,0.6324124771567161,0.24623647027160875
ÜMRANİYE,ALTINŞEHİR,ÜMRANİYE|ALTINŞEHİR,2022,0.8493766055619352,1567942.1832023526,0.0416799085411888,0.8607819363618378,341.0,0.8709513049975631,132.0,0.6668594615230345,8.0,0.16260831227163414,0.0,0.24308504753059992,0.6292713560004832,18447.01505906715,0.24411866311076683,0.34208063462087246,0.8574422237005868,0.6324124771567161,0.24623647027160875
ÜMRANİYE,ARMAĞANEVLER,ÜMRANİYE|ARMAĞANEVLER,2022,0.8906503260268033,2299114.780089014,0.0611163439484034,0.919153358453753,507.0,0.8322118246974151,106.0,0.6002156991417303,7.0,0.16260831227163414,0.18673331429495207,0.24430575222607828,0.6292713560004832,27427.086906003064,0.14164137955079012,0.3047736788192853,0.7251125725086742,0.686820903599663,0.24623647027160875
ÜMRANİYE,ATAKENT,ÜMRANİYE|ATAKENT,2022,0.8110712679417869,1099139.1553376138,0.0292179265022037,0.8180537112900514,255.0,0.8371364500495209,109.0,0.6128468497534754,7.0,0.540173120997359,0.0,0.24878379854148033,0.6292713560004828,13794.688680534084,0.2655135746832694,0.316118516461328,0.7550754566241179,0.5680609671737329,0.24623647027160875
ÜMRANİYE,ATATÜRK,ÜMRANİYE|ATATÜRK,2022,0.8323524751725402,1338950.3511054867,0.0355927206839278,0.9067387852578574,466.0,0.9027512380157316,158.0,0.5045783360295092,4.0,0.3775648087257248,0.0,0.28511712558202873,0.6292713560004828,25209.1173534466,0.2178216022584903,0.3132619645518888,0.8352453036092417,0.733951626354678,0.24623647027160875
ÜMRANİYE,AŞAĞI DUDULLU,ÜMRANİYE|AŞAĞI DUDULLU,2022,0.7758482482605301,792842.9698114021,0.0210757914566541,0.9203104252013079,511.0,0.7973954904322735,87.0,0.8012901789817812,16.0,0.257728077256096,0.8971316393536493,0.3416930815171428,0.6292713560004832,27643.474179423207,0.11729555586568083,0.34130177681668655,0.7919818262659899,0.846351820920547,0.24623647027160875
ÜMRANİYE,CEMİL MERİÇ,ÜMRANİYE|CEMİL MERİÇ,2022,0.8214652437125157,1210362.213875567,0.0321745195176841,1.0,872.75,0.9297241565362176,184.0,0.846622927176714,20.0,0.0,0.0,0.35265420122803504,0.6292713560004828,47483.48231113252,0.14198308877318122,0.34252452696522595,0.7678384895494028,0.7755238700769802,0.24623647027160875
ÜMRANİYE,DUMLUPINAR,ÜMRANİYE|DUMLUPINAR,2022,0.7566266866881677,663389.2834878019,0.0176345817844534,0.8793988271652694,387.0,0.45680705642095987,12.0,0.6312765325744646,9.0,0.257728077256096,0.0,0.3324569713555138,0.6292713560004832,20935.46870339879,0.02278206008734666,0.2898812412650441,0.9062578576857919,0.6324124771567161,0.24623647027160875
ÜMRANİYE,ELMALIKENT,ÜMRANİYE|ELMALIKENT,2022,0.8204045877267632,1198515.0106558143,0.0318595905923971,0.9345804879194803,563.0,0.7461604824897238,65.0,0.6130037285836405,8.0,0.42033638952773006,0.0,0.31248682068696576,0.6292713560004832,30456.50873388506,0.08151431570659884,0.2935905326292112,0.836214735381125,0.733951626354678,0.24623647027160875
ÜMRANİYE,ESENEVLER,ÜMRANİYE|ESENEVLER,2022,0.8398451626113719,1435296.7845958052,0.0381538550032715,0.8942179719226658,428.0,0.795360086153147,86.0,0.621748723696083,7.0,0.3775648087257248,0.0,0.2711666472897377,0.6292713560004828,23153.438255955247,0.13660263009763837,0.32420930918593166,0.799677056760832,0.686820903599663,0.24623647027160875
ÜMRANİYE,ESENKENT,ÜMRANİYE|ESENKENT,2022,0.8167313611768423,1158375.1714363778,0.0307925711286391,0.8220334392438298,262.0,0.8271471439906899,103.0,0.7094594730283637,9.0,0.257728077256096,0.30454891826664765,0.24653950979585984,0.6292713560004828,14173.366409019332,0.24735649381943434,0.36053261191065267,0.8192562190577732,0.7755238700769802,0.24623647027160875
ÜMRANİYE,ESENŞEHİR,ÜMRANİYE|ESENŞEHİR,2022,0.814152699252843,1131002.18134873,0.0300649271277475,0.9525365838282082,632.0,0.8899831969189702,147.0,0.7814642991752314,15.0,0.257728077256096,0.2356312079433912,0.3290612923792168,0.6292713560004832,34405.57647380266,0.1551301942527856,0.334829998564428,0.7943504115217527,0.7755238700769802,0.24623647027160875
ÜMRANİYE,FATİH SULTAN MEHMET,ÜMRANİYE|FATİH SULTAN MEHMET,2022,0.6536138123119514,255174.69218070307,0.0067831951624616,0.6369385308391242,58.0,0.42705540286254334,10.0,0.20753819887447542,1.0,0.257728077256096,0.0,0.26866292325040386,0.6292713560004832,4003.164558272637,0.09456367969517142,0.24063955927327427,0.8694918127499554,0.812711509291959,0.24623647027160875
ÜMRANİYE,FİNANSKENT,ÜMRANİYE|FİNANSKENT,2022,0.5292499419165925,80496.06571229301,0.0021397910540052,0.44194616474391857,19.0,0.0,0.0,0.3895073557380716,2.0,0.3775648087257248,0.0,0.2503097461658433,0.6292713560004832,1027.839548745677,0.0,0.3216590922370042,0.8759117628589974,0.846351820920547,0.24623647027160875
ÜMRANİYE,HEKİMBAŞI,ÜMRANİYE|HEKİMBAŞI,2022,0.7053655313352819,412380.0463204366,0.0109621150569101,0.8868137171107094,407.0,0.49378678342630683,15.0,0.5548251813510636,7.0,0.0,0.0,0.3814388658141059,0.6292713560004828,22017.4050704995,0.027001300207650885,0.26539782049310756,0.9003042609989351,0.6324124771567161,0.24623647027160875
ÜMRANİYE,HUZUR,ÜMRANİYE|HUZUR,2022,0.7561331622076689,660359.8616599198,0.0175540520136037,0.8242602778122029,266.0,0.7136897541929441,54.0,0.7453843139078948,11.0,0.0,0.0,0.2984119257151151,0.6292713560004828,14389.753682439476,0.13788928846549955,0.3575117527308582,0.7890734985163923,0.5680609671737329,0.24623647027160875
ÜMRANİYE,IHLAMURKUYU,ÜMRANİYE|IHLAMURKUYU,2022,0.7858869727123403,870201.420059103,0.0231321766765651,0.880157313432779,388.0,0.9016276006233391,157.0,0.8336494794729308,17.0,0.0,0.0,0.3079373201680109,0.6292713560004828,21043.66234010886,0.2529420414085069,0.3600546619629045,0.8870366309308074,0.5680609671737329,0.24623647027160875
ÜMRANİYE,KAZIM KARABEKİR,ÜMRANİYE|KAZIM KARABEKİR,2022,0.7874574440947031,882968.2691908915,0.0234715521394315,0.9284382780013846,540.0,0.7759121360481404,77.0,0.6645690057892302,9.0,0.257728077256096,0.0,0.33682856382062587,0.6292713560004832,29212.28191171924,0.09944897785191378,0.3192206903079439,0.9151597313045331,0.5680609671737329,0.24623647027160875
ÜMRANİYE,MADENLER,ÜMRANİYE|MADENLER,2022,0.5360554429810899,85743.45709273146,0.0022792801213698,0.7468606184368886,157.0,0.6331930405551094,34.0,0.47658173659995495,3.0,0.4878249368149024,0.2356312079433912,0.43961651952407926,0.6292713560004828,8493.200481740592,0.14624728898737077,0.33683824986497946,0.7966955616274731,0.686820903599663,0.24623647027160875
ÜMRANİYE,MEHMET AKİF,ÜMRANİYE|MEHMET AKİF,2022,0.839278756540467,1427777.3268444554,0.0379539686077696,0.7929893127227079,215.0,0.8033657456456684,90.0,0.7055450381335383,8.0,0.456499245823252,0.0,0.2112629983200151,0.6292713560004832,11630.81594633266,0.2608756717103871,0.3785989601878961,0.841792068890862,0.733951626354678,0.24623647027160875
ÜMRANİYE,NAMIK KEMAL,ÜMRANİYE|NAMIK KEMAL,2022,0.8475607432612263,1541759.3231185153,0.0409839012359881,0.8907384414271265,418.0,0.8219342078600275,100.0,0.6035311212403278,6.0,0.16260831227163414,0.1178156039716956,0.26263515162811407,0.6292713560004828,22612.47007240489,0.16002407082471468,0.3345547964604855,0.8397993139113064,0.6324124771567161,0.24623647027160875
ÜMRANİYE,NECİP FAZIL,ÜMRANİYE|NECİP FAZIL,2022,0.8482208397444427,1551226.2663306466,0.0412355567698933,0.8458126284719526,306.0,0.9715705198187442,233.0,0.6181130195405371,7.0,0.3775648087257248,0.18673331429495207,0.23510316062178924,0.6292713560004828,16661.820053350973,0.42026704181344093,0.3208954908664862,0.8480861888480047,0.733951626354678,0.24623647027160875
ÜMRANİYE,PARSELLER,ÜMRANİYE|PARSELLER,2022,0.785504209915875,867117.9014128661,0.0230502088740931,0.800317129577484,226.0,0.7321299283153692,60.0,0.7453843139078948,11.0,0.16260831227163414,0.0,0.2591151946067705,0.6292713560004832,12225.880948238051,0.17566361254829765,0.3575117527308582,0.8573390007320258,0.6324124771567161,0.24623647027160875
ÜMRANİYE,SİTE,ÜMRANİYE|SİTE,2022,0.818998611221813,1182989.2237879192,0.0314468755167926,0.8333663596482765,283.0,0.8788097534253907,138.0,0.653220683529433,9.0,0.515456154512192,0.0,0.2514979225553406,0.6292713560004832,15309.399594475084,0.2963223527891782,0.30908909331040535,0.8504515063592755,0.5680609671737329,0.24623647027160875
ÜMRANİYE,TANTAVİ,ÜMRANİYE|TANTAVİ,2022,0.7520831401928516,636016.2934001539,0.0169069377835618,0.6851649473375734,103.0,0.7488386673333082,66.0,0.5445012150673604,6.0,0.16260831227163414,0.0,0.21747114535453607,0.6292713560004832,5571.972290568669,0.3694236002085259,0.28132031925279394,0.8720742283089546,0.6324124771567161,0.24623647027160875
ÜMRANİYE,TATLISU,ÜMRANİYE|TATLISU,2022,0.8233996611639338,1232271.4253093568,0.0327569223247219,0.788833396941177,209.0,0.7540771607483552,68.0,0.7194774687697046,9.0,0.0,0.18673331429495207,0.22143970878372674,0.6292713560004832,11306.235036202448,0.21015105787709826,0.37000413540908245,0.7931352384583927,0.6324124771567161,0.24623647027160875
ÜMRANİYE,TEPEÜSTÜ,ÜMRANİYE|TEPEÜSTÜ,2022,0.27275313868764417,7411.264114639881,0.0001970103322572,0.849117332348145,315.0,0.8993588319047171,155.0,0.6349643436901359,7.0,0.257728077256096,0.0,0.7388607359939023,0.6292713560004832,17040.497781836224,0.29854120826290165,0.3363616666294689,0.8537718339890861,0.686820903599663,0.24623647027160875
ÜMRANİYE,TOPAĞACI,ÜMRANİYE|TOPAĞACI,2022,0.7721891793420412,766389.6256357897,0.0203725939933419,0.9570972330708887,656.0,0.6280304780454663,33.0,0.6130037285836405,8.0,0.257728077256096,0.0,0.3681151291923211,0.6292713560004828,35487.51284090337,0.03661671424702353,0.2935905326292112,0.8828844754125458,0.6324124771567161,0.24623647027160875
ÜMRANİYE,YAMANEVLER,ÜMRANİYE|YAMANEVLER,2022,0.7857930865900726,869444.0646021327,0.0231120442338527,0.7180842564364662,129.0,0.6524654401915636,38.0,0.4709270848263035,6.0,0.42033638952773006,0.27355936087800314,0.21000534918249567,0.6292713560004832,6978.489567799596,0.19261739991157514,0.2202950317701639,0.874679463134806,0.7755238700769802,0.24623647027160875
ÜMRANİYE,YUKARI DUDULLU,ÜMRANİYE|YUKARI DUDULLU,2022,0.8184697047753362,1177200.8642239303,0.0312930061332048,0.9254077740613651,529.0,0.9027512380157316,158.0,0.7219511654425983,11.0,0.257728077256096,0.18673331429495207,0.30841758074313136,0.6292713560004832,28617.216909813847,0.19497825377974892,0.3358999068518821,0.8443108176770884,0.7755238700769802,0.24623647027160875
ÜMRANİYE,ÇAKMAK,ÜMRANİYE|ÇAKMAK,2022,0.8797111101088649,2077317.824833368,0.0552204142969103,0.9883454897397959,789.0,0.9381841291659658,193.0,0.7662891684310715,9.0,0.42033638952773006,0.0,0.295559569426553,0.6292713560004828,43872.51968593389,0.15926715109198322,0.4153584381241931,0.752779548182677,0.7755238700769802,0.24623647027160875
ÜMRANİYE,ÇAMLIK,ÜMRANİYE|ÇAMLIK,2022,0.8307814182847924,1319583.690134384,0.0350779053631389,0.8992880672619772,443.0,0.7665365010623937,73.0,0.73490826694463,7.0,0.16260831227163414,0.0,0.2818530331007988,0.6292713560004828,23964.89053128078,0.11380091104398922,0.43308461840913,0.832210518011185,0.733951626354678,0.24623647027160875
ÜMRANİYE,İNKILAP,ÜMRANİYE|İNKILAP,2022,0.8587219493823467,1709892.234565966,0.0454533035181443,0.9736475721421226,734.0,0.7826335350824153,80.0,0.6884300130310224,12.0,0.3775648087257248,0.0,0.30422525160520386,0.6292713560004828,39707.06467259615,0.07718033523469325,0.2912983699170905,0.8101416920329569,0.7755238700769802,0.24623647027160875
ÜMRANİYE,İSTİKLAL,ÜMRANİYE|İSTİKLAL,2022,0.9069082601005444,2673248.375832441,0.0710617706483365,0.9267929978920079,534.0,1.0,270.0,0.6772531274143659,8.0,0.3775648087257248,0.0,0.23563136537147986,0.6292713560004832,28887.701001589023,0.30852875934393625,0.3517621676804091,0.7458241681017139,0.686820903599663,0.24623647027160875
ÜMRANİYE,ŞERİFALİ,ÜMRANİYE|ŞERİFALİ,2022,0.7294508245258955,515596.77574184455,0.0137058793922878,0.8667006486384029,355.0,0.6931173784494173,48.0,0.7960746844084765,16.0,0.257728077256096,0.0,0.34782717806308167,0.6292713560004828,19204.370516037645,0.0946137152067182,0.33657300026402176,0.8197860548730588,0.7755238700769802,0.24623647027160875
ÜSKÜDAR,ACIBADEM,ÜSKÜDAR|ACIBADEM,2022,0.8325657382383349,1562636.1387192137,0.0522546402331231,0.8528056558077642,323.0,0.6524654401915636,38.0,0.5140484140432247,5.0,0.456499245823252,0.0,0.2520638893891144,0.7106554795875946,20352.07551638331,0.08298038499299767,0.28437796299392915,0.8975138433044236,0.686820903599663,0.24623647027160875
ÜSKÜDAR,AHMEDİYE,ÜSKÜDAR|AHMEDİYE,2022,0.7230659904364416,566014.533633657,0.0189275577908929,0.9278918875469531,538.0,0.55050209871912,21.0,0.5322132744414636,4.0,0.3252166245432683,0.0,0.39221370239629555,0.7106554795875946,33899.12268673132,0.028567107742471783,0.3393993251999526,0.8193774288470739,0.6324124771567161,0.24623647027160875
ÜSKÜDAR,ALTUNİZADE,ÜSKÜDAR|ALTUNİZADE,2022,0.7666611761701593,848045.1528637861,0.0283586775361937,0.8486497400262334,314.0,0.8033657456456684,90.0,0.7106190482708205,13.0,0.6907483236133009,0.0,0.3046504633734804,0.7106554795875946,19784.989820880364,0.18802206531334664,0.29699730715726197,0.8350317901092694,0.8770630192749421,0.24623647027160875
ÜSKÜDAR,AZİZ MAHMUT HÜDAYİ,ÜSKÜDAR|AZİZ MAHMUT HÜDAYİ,2022,0.7191674031751546,545914.4962041639,0.0182554114104749,0.8715914364453913,364.0,0.5335277430435542,19.0,0.30656587763134907,2.0,0.42033638952773006,0.0,0.35980206719110613,0.7106554795875946,23124.494472175455,0.03765748961734357,0.23995103263145287,0.8210678895679403,0.489301084236452,0.24623647027160875
ÜSKÜDAR,BAHÇELİEVLER,ÜSKÜDAR|BAHÇELİEVLER,2022,0.8235746679658732,1437625.2476216764,0.0480742690144732,0.9123181362641622,484.0,0.7591659622563532,70.0,0.7570285142378689,20.0,0.5625323369257385,0.0,0.29596172259401987,0.7106554795875946,30496.608513713683,0.10077687702663944,0.2655213927223466,0.8845983052425722,0.812711509291959,0.24623647027160875
ÜSKÜDAR,BARBAROS,ÜSKÜDAR|BARBAROS,2022,0.7964768996003297,1118166.9724883533,0.0373915663539114,0.8458126284719526,308.0,0.7461604824897238,65.0,0.6038596667160422,9.0,0.4878249368149024,0.1178156039716956,0.2777566415117266,0.7106554795875946,19406.93269054507,0.14285349751507365,0.26663059564749747,0.8171861121193644,0.6324124771567161,0.24623647027160875
ÜSKÜDAR,BEYLERBEYİ,ÜSKÜDAR|BEYLERBEYİ,2022,0.66345852125615,325633.2082621329,0.0108891927711604,0.7831035406636493,201.0,0.7002421659594933,50.0,0.7312909219851763,11.0,0.3252166245432683,0.0,0.3518498065897391,0.7106554795875946,12664.913866232337,0.16573453705687313,0.34445164986850074,0.8210678895679403,0.6324124771567161,0.24623647027160875
ÜSKÜDAR,BULGURLU,ÜSKÜDAR|BULGURLU,2022,0.8397150303353514,1669752.325647547,0.0558366115394259,0.8203409703477226,259.0,0.8555766241719459,121.0,0.492074529328977,7.0,0.42033638952773006,0.0,0.22689489240347852,0.7106554795875946,16319.466126140174,0.28599491065017885,0.2149087350650753,0.8386849454373567,0.6324124771567161,0.24623647027160875
ÜSKÜDAR,BURHANİYE,ÜSKÜDAR|BURHANİYE,2022,0.7882210667014619,1035750.5180752594,0.0346355554900031,0.9061056286891513,464.0,0.7321299283153692,60.0,0.6870258763043009,14.0,0.3775648087257248,0.0,0.3221548864619012,0.7106554795875946,29236.418079262705,0.09072554747940594,0.26513280137492257,0.7717594458326283,0.686820903599663,0.24623647027160875
ÜSKÜDAR,CUMHURİYET,ÜSKÜDAR|CUMHURİYET,2022,0.8781155803410156,2384028.2638943614,0.0797220390266309,0.9070543474189426,467.0,0.9400107701625707,195.0,0.608243108182309,9.0,0.3775648087257248,0.0,0.24730937552819476,0.7106554795875946,29425.44664443035,0.2603254936654225,0.2702901605965702,0.8715573673787783,0.733951626354678,0.24623647027160875
ÜSKÜDAR,FERAH,ÜSKÜDAR|FERAH,2022,0.3210658446615388,13547.04717034802,0.00045301401815,0.8824096511376874,395.0,0.7933011506675484,85.0,0.7648241568248233,21.0,0.42033638952773006,0.0,0.7174574488442023,0.7106554795875946,24888.761080406828,0.14540627391811295,0.26409928864691573,0.8483161249091853,0.686820903599663,0.24623647027160875
ÜSKÜDAR,GÜZELTEPE,ÜSKÜDAR|GÜZELTEPE,2022,0.7649899094959023,835002.1818672185,0.0279225198536027,0.8662856687471694,354.0,0.7540771607483552,68.0,0.6697157478072969,14.0,0.257728077256096,0.0,0.31707666892542835,0.7106554795875946,22305.37068978232,0.13108804223884665,0.2511996301920965,0.8951234021918649,0.5680609671737329,0.24623647027160875
ÜSKÜDAR,KANDİLLİ,ÜSKÜDAR|KANDİLLİ,2022,0.5223724821938323,87961.2923246783,0.002941430555058,0.630916255726395,70.0,0.4822927351010046,14.0,0.7358449755325063,12.0,0.0,0.0,0.3768897344287415,0.7106554795875946,4473.676042300974,0.13426845654420688,0.3330969168691673,0.6440034025683216,0.489301084236452,0.24623647027160875
ÜSKÜDAR,KISIKLI,ÜSKÜDAR|KISIKLI,2022,0.8115214302935855,1285583.271705166,0.0429899768014681,0.8982878922170298,440.0,0.8403454726510154,111.0,0.7252026369543809,17.0,0.5829447017993643,0.0,0.29746356495964443,0.7106554795875946,27724.189557921534,0.1678324804698378,0.2654705179977229,0.8115201075845042,0.812711509291959,0.24623647027160875
ÜSKÜDAR,KULELİ,ÜSKÜDAR|KULELİ,2022,0.631689698976953,242523.64911009083,0.0081100044458585,0.66218722081589,88.0,0.28663435133040077,4.0,0.709749996435561,6.0,0.16260831227163414,0.0,0.30280041703653127,0.7106554795875946,5544.837911584306,0.03316343726057121,0.4380231372023664,0.7448581230004351,0.489301084236452,0.24623647027160875
ÜSKÜDAR,KUZGUNCUK,ÜSKÜDAR|KUZGUNCUK,2022,0.6398330676704432,261552.52467030063,0.0087463311132134,0.8097569325563543,241.0,0.6227137866331471,32.0,0.6789529908307779,12.0,0.257728077256096,0.0,0.38929685810051323,0.7106554795875946,15185.294735134292,0.09301424093546157,0.28323605616729475,0.7883494394044913,0.6324124771567161,0.24623647027160875
ÜSKÜDAR,KÜPLÜCE,ÜSKÜDAR|KÜPLÜCE,2022,0.545052330542998,108565.4059279518,0.0036304332710351,0.8662856687471694,354.0,0.6656637688518892,41.0,0.6686494052042735,13.0,0.3775648087257248,0.0,0.5087587920373827,0.7106554795875946,22305.37068978232,0.08175925542329499,0.2618529279406363,0.8149743473507667,0.6324124771567161,0.24623647027160875
ÜSKÜDAR,KÜÇÜK ÇAMLICA,ÜSKÜDAR|KÜÇÜK ÇAMLICA,2022,0.7428385890491354,679935.7489080256,0.0227370896272432,0.8703838559996687,364.0,0.7869775537551676,82.0,0.6188759161423937,10.0,0.515456154512192,0.18673331429495207,0.33862519921146195,0.7106554795875946,22935.465907007812,0.1515722243577758,0.26241220034443086,0.831584483571066,0.7755238700769802,0.24623647027160875
ÜSKÜDAR,KÜÇÜKSU,ÜSKÜDAR|KÜÇÜKSU,2022,0.8042641451530146,1201906.626857621,0.0401918250986622,0.8379689072349635,292.0,0.7665365010623937,73.0,0.7104262510502736,13.0,0.3775648087257248,0.0,0.2664646361150589,0.7106554795875946,18398.78034298429,0.166477249407549,0.2968312638693056,0.7841455509958984,0.686820903599663,0.24623647027160875
ÜSKÜDAR,KİRAZLITEPE,ÜSKÜDAR|KİRAZLITEPE,2022,0.475794280635984,57086.626680629335,0.0019089800020649,0.8896783751600863,415.0,0.7037004481341133,51.0,0.8736956887680949,31.0,0.257728077256096,0.0,0.5850322409065082,0.7106554795875946,26148.951514857807,0.08647302328189489,0.29050639956668983,0.8400400714107387,0.686820903599663,0.24623647027160875
ÜSKÜDAR,MEHMET AKİF ERSOY,ÜSKÜDAR|MEHMET AKİF ERSOY,2022,0.8080793984529546,1245194.168281012,0.0416393629147975,0.9787759716960546,760.0,0.8800864322682628,139.0,0.9100358560854381,32.0,0.16260831227163414,0.0,0.3508019749108877,0.7106554795875946,47887.23650913719,0.1253107456588798,0.3161983514837563,0.850132422975464,0.6324124771567161,0.24623647027160875
ÜSKÜDAR,MURATREİS,ÜSKÜDAR|MURATREİS,2022,0.7681885182320352,860142.9810345154,0.0287632295896114,0.9038679329627234,457.0,0.7378754567659163,62.0,0.6212978513005138,9.0,0.456499245823252,0.0,0.337923445928534,0.7106554795875946,28795.351427204863,0.09491342006940436,0.28132031925279394,0.8289078330301778,0.5680609671737329,0.24623647027160875
ÜSKÜDAR,MİMAR SİNAN,ÜSKÜDAR|MİMAR SİNAN,2022,0.7514761361073063,736644.3184583195,0.0246334273776388,0.8952460266339644,431.0,0.8110269671032553,94.0,0.5269827530152412,6.0,0.257728077256096,0.0,0.3468717904423911,0.7106554795875946,27157.10386241859,0.1471892199325724,0.2662203968267575,0.8190829546218326,0.733951626354678,0.24623647027160875
ÜSKÜDAR,SALACAK,ÜSKÜDAR|SALACAK,2022,0.7293489600001493,599976.6658421109,0.0200632533991854,0.7895342308200648,210.0,0.7231483982391199,57.0,0.6484162618613325,8.0,0.3252166245432683,0.0,0.29950880940264046,0.7106554795875946,13231.999561735274,0.17915836765528154,0.32514993725507974,0.8124923797738692,0.5680609671737329,0.24623647027160875
ÜSKÜDAR,SELAMİ ALİ,ÜSKÜDAR|SELAMİ ALİ,2022,0.7651687671995128,836388.3913451144,0.0279688747763901,0.8186288592078498,256.0,0.6739487945756967,43.0,0.6334123896846287,9.0,0.5625323369257385,0.0,0.28729828516875555,0.7106554795875946,16130.437560972525,0.11583699333925507,0.29172796016257396,0.8173083848782338,0.6324124771567161,0.24623647027160875
ÜSKÜDAR,SELİMİYE,ÜSKÜDAR|SELİMİYE,2022,0.7170941950966242,535517.9251199433,0.017907749489569,0.8379689072349635,292.0,0.6227137866331471,32.0,0.6745029958171581,7.0,0.3775648087257248,0.0,0.34032801842102917,0.7106554795875946,18398.78034298429,0.07758199317077924,0.3736650684398689,0.7748501698451002,0.6324124771567161,0.24623647027160875
ÜSKÜDAR,SULTANTEPE,ÜSKÜDAR|SULTANTEPE,2022,0.7436647616963621,685165.5392109972,0.0229119741086685,0.7559140878422842,167.0,0.685695640581381,46.0,0.529852673589115,4.0,0.3252166245432683,0.0,0.2667553162117841,0.7106554795875946,10522.590127665671,0.18151383001212695,0.3371410219880835,0.8088783939708389,0.5680609671737329,0.24623647027160875
ÜSKÜDAR,VALİDE-İ ATİK,ÜSKÜDAR|VALİDE-İ ATİK,2022,0.8130068048168372,1303414.9663526472,0.0435862696718703,0.9497309476856227,624.0,0.8355099918419872,108.0,0.6862657080306304,11.0,0.16260831227163414,0.0,0.32828316244942507,0.7106554795875946,39317.94155487054,0.11909278759861308,0.30402720348540924,0.8219685584331006,0.686820903599663,0.24623647027160875
ÜSKÜDAR,YAVUZTÜRK,ÜSKÜDAR|YAVUZTÜRK,2022,0.8603874910809104,2022605.6472938205,0.0676360464307763,0.937430054643177,574.0,0.8526328226707347,119.0,0.7495530482712912,19.0,0.456499245823252,0.0,0.28045131714444765,0.7106554795875946,36167.46546874308,0.14055711656400607,0.2675992405332151,0.8517386641440042,0.733951626354678,0.24623647027160875
ÜSKÜDAR,ZEYNEP KAMİL,ÜSKÜDAR|ZEYNEP KAMİL,2022,0.7552373046195032,762793.2699731773,0.0255078497847656,0.8509730203889443,319.0,0.685695640581381,46.0,0.5482187420828735,6.0,0.3775648087257248,0.0,0.31582031177678443,0.7106554795875946,20100.03742949311,0.10049820386347706,0.2845677364398443,0.8255373948052531,0.686820903599663,0.24623647027160875
ÜSKÜDAR,ÇENGELKÖY,ÜSKÜDAR|ÇENGELKÖY,2022,0.7693668818636453,869594.4092928978,0.029079285881344,0.9144321474197354,491.0,0.729186126814158,59.0,0.8094567152027492,24.0,0.257728077256096,0.0,0.3435663949657239,0.7106554795875946,30937.675165771525,0.0846578999550688,0.2790975182965224,0.7616717218240148,0.686820903599663,0.24623647027160875
ÜSKÜDAR,ÜNALAN,ÜSKÜDAR|ÜNALAN,2022,0.8681625096581734,2173828.499427938,0.0726929470984978,0.9914021857078005,828.0,0.8887757622200211,146.0,0.746917577360148,17.0,0.456499245823252,0.27355936087800314,0.3072429913326146,0.7106554795875946,52171.883986270506,0.1211578691743541,0.28337068975831925,0.8919942127081566,0.7755238700769802,0.24623647027160875
ÜSKÜDAR,İCADİYE,ÜSKÜDAR|İCADİYE,2022,0.7850525517666928,1005757.985735326,0.0336326035242383,0.9351027017534728,565.0,0.7891104647084658,83.0,0.6851747271367052,11.0,0.257728077256096,0.0,0.3430940313415989,0.7106554795875946,35600.37977324014,0.10225793334927329,0.3030736626660734,0.7089419251849342,0.5680609671737329,0.24623647027160875
ŞİLE,AHMETLİ,ŞİLE|AHMETLİ,2022,0.6002371984898479,61311.572165854195,0.0144336728802582,0.7099187195972226,122.0,0.6227137866331471,32.0,0.5923754272878444,6.0,0.3252166245432683,0.1178156039716956,0.3599683365952996,0.13895217601114246,2601.7432362553777,0.1737796355505744,0.3242321573813788,0.5375430238593002,0.7755238700769802,0.24623647027160875
ŞİLE,AKÇAKESE,ŞİLE|AKÇAKESE,2022,0.6594633917873481,106202.30587337528,0.0250016316325864,0.7146399306312402,126.0,0.5243926157728545,18.0,0.6106375535739594,8.0,0.0,0.0,0.31208604201230594,0.13895217601114246,2687.046293181784,0.09962169564285496,0.2915286063092609,0.48965627593686384,0.489301084236452,0.24623647027160875
ŞİLE,ALACALI,ŞİLE|ALACALI,2022,0.6829138131479604,132006.48059361303,0.0310763252621908,0.715796997378795,127.0,0.24689339171315342,3.0,0.5930694979219973,2.0,0.0,0.18673331429495207,0.2929221636428128,0.13895217601114246,2708.372057413385,0.017418405847914816,0.53833804740081,0.4155504882853017,0.6324124771567161,0.24623647027160875
ŞİLE,AVCIKORU,ŞİLE|AVCIKORU,2022,0.4986373782066516,23884.85593939363,0.0056228569133527,0.4915843169347149,27.0,0.19565838377060382,2.0,0.271036688048404,1.0,0.0,0.0,0.3076511903950406,0.13895217601114246,575.7956342532393,0.0533122812610854,0.31426575691882114,0.48957508883628853,0.846351820920547,0.24623647027160875
ŞİLE,AĞAÇDERE,ŞİLE|AĞAÇDERE,2022,0.49571220126762106,23245.08301244559,0.0054722446746022,0.30677014173376926,7.0,0.0,0.0,0.0,0.0,0.0,0.0,0.19132565697713438,0.13895217601114246,149.2803496212102,0.0,0.0,0.12614908295446223,0.6324124771567161,0.24623647027160875
ŞİLE,AĞVA MERKEZ,ŞİLE|AĞVA MERKEZ,2022,0.5893993097268762,55446.9870021638,0.0130530606917118,0.6793789016653243,99.0,0.3703400875697301,7.0,0.20151934727089202,2.0,0.0,0.1178156039716956,0.3498765113871191,0.13895217601114246,2111.2506589285445,0.05096987903969687,0.1450394626510768,0.2788782801788288,0.489301084236452,0.24623647027160875
ŞİLE,BALİBEY,ŞİLE|BALİBEY,2022,0.3788134058916819,7847.881237229338,0.001847510128673,0.8328459878422164,282.0,0.7104218471683882,53.0,0.4811750475587075,4.0,0.0,0.18673331429495207,0.6340659026671335,0.13895217601114246,6013.865513311612,0.1284880870768983,0.29166663872888704,0.6232255039292096,0.6324124771567161,0.24623647027160875
ŞİLE,BIÇKIDERE,ŞİLE|BIÇKIDERE,2022,0.6090530284761165,66536.38440259657,0.0156636728300541,0.6536573739310277,83.0,0.19565838377060382,2.0,0.0,0.0,0.0,0.0,0.3166957162717751,0.1389521760111427,1770.0384312229216,0.017764041478205494,0.0,0.35219537710157495,0.5680609671737329,0.24623647027160875
ŞİLE,BOZGOCA,ŞİLE|BOZGOCA,2022,0.5005443228740046,24311.371224025665,0.0057232650725197,0.7025409195964298,116.0,0.24689339171315342,3.0,0.0,0.0,0.0,0.0,0.4421588618275261,0.13895217601114246,2473.7886508657693,0.01904923472391375,0.0,0.38779926959826777,0.489301084236452,0.24623647027160875
ŞİLE,BUCAKLI,ŞİLE|BUCAKLI,2022,0.6238791023782341,76346.23594913323,0.0179730604908954,0.47486547384281136,24.0,0.3703400875697301,7.0,0.1268699052762666,1.0,0.0,0.0,0.19488376515430134,0.13895217601114246,511.81834155843507,0.19094024410303936,0.147105054666048,0.37498394658523043,0.6324124771567161,0.24623647027160875
ŞİLE,DARLIK,ŞİLE|DARLIK,2022,0.5503612595879022,38599.63325919864,0.0090869384046147,0.37839480560380406,12.0,0.28663435133040077,4.0,0.0,0.0,0.0,0.0,0.19396152816133838,0.13895217601114246,255.90917077921753,0.21462650317955173,0.0,0.2603993882910015,0.5680609671737329,0.24623647027160875
ŞİLE,DEĞİRMENÇAYIRI,ŞİLE|DEĞİRMENÇAYIRI,2022,0.6665837936536048,113453.06571211976,0.0267085703384257,0.6135402834675385,63.0,0.34655868922470867,6.0,0.24229100142300364,1.0,0.0,0.0,0.24365903262961394,0.13895217601114246,1343.523146590892,0.06786990401563342,0.28093526933601337,0.39728511429497004,0.0,0.24623647027160875
ŞİLE,DOĞANCILI,ŞİLE|DOĞANCILI,2022,0.7168528825520704,180842.48068398036,0.0425730594868139,0.6670780086228785,91.0,0.47000538508128537,13.0,0.13891549469733175,1.0,0.16260831227163414,0.0,0.23502238656012014,0.13895217601114246,1940.6445450757328,0.09962169564285496,0.16107185858548023,0.4728388883689837,0.489301084236452,0.24623647027160875
ŞİLE,ERENLER,ŞİLE|ERENLER,2022,0.525716468305746,30709.100493506103,0.007229387460025,0.3665864848188257,11.0,0.12344669585657671,1.0,0.0,0.0,0.0,0.0,0.20581721752080415,0.13895217601114246,234.58340654761608,0.06491522888779279,0.0,0.1577994598123673,0.6324124771567161,0.24623647027160875
ŞİLE,ESENCELİ,ŞİLE|ESENCELİ,2022,0.44646290169615005,14714.777319805007,0.0034640814912619,0.16207305699631286,2.0,0.0,0.0,0.0,0.0,0.0,0.0,0.12987028222353442,0.13895217601114246,42.65152846320292,0.0,0.0,0.3230787371202844,0.6324124771567161,0.24623647027160875
ŞİLE,GEREDELİ,ŞİLE|GEREDELİ,2022,0.6873499831843926,137551.17929382942,0.0323816313313619,0.6605202510563183,87.0,0.4100810471869776,9.0,0.46771527417481373,5.0,0.0,0.0,0.25517198874500985,0.13895217601114246,1855.341488149327,0.07344165877486204,0.2444580559946633,0.2788782801788288,0.5680609671737329,0.24623647027160875
ŞİLE,GÖKMAŞLI,ŞİLE|GÖKMAŞLI,2022,0.5600364869463245,42225.013178570895,0.0099404077575343,0.3537501093225489,10.0,0.12344669585657671,1.0,0.25485108688700336,1.0,0.0,0.0,0.17182425342394414,0.13895217601114246,213.2576423160146,0.0711065880278142,0.29549862898201096,0.2087067341482806,0.5680609671737329,0.24623647027160875
ŞİLE,GÖKSU,ŞİLE|GÖKSU,2022,0.6015415938230296,62057.97391396025,0.0146093871588005,0.39950579391771857,14.0,0.28663435133040077,4.0,0.32782611264590206,2.0,0.0,0.0,0.16796904354512168,0.13895217601114246,298.56069924242047,0.1874942587864592,0.2604002607493558,0.29930461221331156,0.846351820920547,0.24623647027160875
ŞİLE,GÖÇE,ŞİLE|GÖÇE,2022,0.7074249290187786,165701.18807954335,0.0390085698363849,0.6040192217402314,59.0,0.4822927351010046,14.0,0.0,0.0,0.0,0.0,0.20531226005511763,0.13895217601114246,1258.2200896644863,0.15885141305028816,0.0,0.3112682075206747,0.733951626354678,0.24623647027160875
ŞİLE,HACI KASIM,ŞİLE|HACI KASIM,2022,0.24225065539908583,2196.5537158549505,0.0005171020197101,0.5404678626001169,38.0,0.44255177548375724,11.0,0.5740027684120038,3.0,0.16260831227163414,0.0,0.5644287050327975,0.13895217601114246,810.3790408008555,0.1896725216320934,0.43536173189365,0.8093529201309569,0.3877619350384901,0.24623647027160875
ŞİLE,HACILLI,ŞİLE|HACILLI,2022,0.5864574110800884,53954.183505951696,0.0127016321346272,0.4688431987300822,23.0,0.12344669585657671,1.0,0.0,0.0,0.0,0.0,0.22064648310397808,0.13895217601114246,490.4925773268336,0.03175179162722154,0.0,0.0,0.489301084236452,0.24623647027160875
ŞİLE,HASANLI,ŞİLE|HASANLI,2022,0.5885669249626938,55020.47171753177,0.0129526525325447,0.44194616474391857,19.0,0.12344669585657671,1.0,0.4935029936466078,2.0,0.0,0.0,0.20273451193473738,0.13895217601114246,405.18952040042774,0.038267592822644594,0.43014855652063716,0.1577994598123673,0.6324124771567161,0.24623647027160875
ŞİLE,KABAKOZ,ŞİLE|KABAKOZ,2022,0.6893374744455781,140110.2710016216,0.032984080286364,0.7725074309231674,187.0,0.6613720928498814,40.0,0.5286618638153158,5.0,0.0,0.0,0.3229206765951992,0.13895217601114246,3987.917911309472,0.1446162481846461,0.29744503230617936,0.5308331104027997,0.6324124771567161,0.24623647027160875
ŞİLE,KADIKÖY,ŞİLE|KADIKÖY,2022,0.5572798207074655,41158.72496699082,0.0096893873596168,0.20451342782251286,3.0,0.19565838377060382,2.0,0.0,0.0,0.0,0.0,0.08951519909409801,0.13895217601114246,63.97729269480438,0.3811037525871007,0.0,0.2571744985740659,0.3877619350384901,0.24623647027160875
ŞİLE,KALEM,ŞİLE|KALEM,2022,0.6100846203110784,67176.1573295446,0.0158142850688046,0.4862191709889385,26.0,0.12344669585657671,1.0,0.0,0.0,0.0,0.0,0.21238215167799315,0.13895217601114246,554.469870021638,0.028156341320731772,0.0,0.35291912037476825,0.489301084236452,0.24623647027160875
ŞİLE,KARABEYLİ,ŞİLE|KARABEYLİ,2022,0.5728524663517206,47556.454236471254,0.011195509747122,0.5710999126413386,47.0,0.24689339171315342,3.0,0.143864207740628,1.0,0.0,0.0,0.29537142236793784,0.13895217601114246,1002.3109188852686,0.04616242305144701,0.16680986793588892,0.4081111240947552,0.7755238700769802,0.24623647027160875
ŞİLE,KARACAKÖY,ŞİLE|KARACAKÖY,2022,0.6011705166820263,61844.71627164423,0.014559183079217,0.7025409195964298,116.0,0.3703400875697301,7.0,0.5354720892563993,3.0,0.0,0.0,0.3544619464623769,0.13895217601114246,2473.7886508657693,0.043714439610271646,0.3956752974070271,0.37019538497749344,0.6324124771567161,0.24623647027160875
ŞİLE,KARAKİRAZ,ŞİLE|KARAKİRAZ,2022,0.5950527523536867,58432.593994588,0.0137559178058809,0.6808468267523928,100.0,0.0,0.0,0.4775088594344044,2.0,0.0,0.0,0.34593550885207636,0.13895217601114246,2132.576423160146,0.0,0.4131146254189149,0.36365632922888974,0.6324124771567161,0.24623647027160875
ŞİLE,KARAMANDERE,ŞİLE|KARAMANDERE,2022,0.6144442122688872,69948.5066796528,0.0164669381033902,0.5800435753769402,50.0,0.24689339171315342,3.0,0.0,0.0,0.0,0.0,0.2660887658281309,0.13895217601114246,1066.288211580073,0.04347178080356629,0.0,0.31710298184839075,0.686820903599663,0.24623647027160875
ŞİLE,KERVANSARAY,ŞİLE|KERVANSARAY,2022,0.6195786499973408,73360.62895670903,0.0172702033767263,0.630916255726395,71.0,0.19565838377060382,2.0,0.0,0.0,0.0,0.0,0.2934643569440366,0.13895217601114246,1514.1292604437035,0.020725068661180412,0.0,0.44684689331629224,0.7755238700769802,0.24623647027160875
ŞİLE,KIZILCA,ŞİLE|KIZILCA,2022,0.6790121080878535,127314.81246266072,0.0299718355113536,0.5582635371450617,43.0,0.24689339171315342,3.0,0.6241363938769805,3.0,0.257728077256096,0.0,0.20087164246399367,0.13895217601114246,917.0078619588628,0.05031487066168,0.48816506188125847,0.3997199562155415,0.6324124771567161,0.24623647027160875
ŞİLE,KORUCU,ŞİLE|KORUCU,2022,0.5761839068272138,49049.25773268336,0.0115469383042066,0.30677014173376926,7.0,0.0,0.0,0.0,0.0,0.0,0.0,0.13335426028697214,0.13895217601114246,149.28034962121023,0.0,0.0,0.3596866559952957,0.5680609671737329,0.24623647027160875
ŞİLE,KUMBABA,ŞİLE|KUMBABA,2022,0.6303084461024889,81037.90408008554,0.0190775502417326,0.7867106947929912,206.0,0.6656637688518892,41.0,0.7708351778532504,17.0,0.0,0.0,0.38286622622036565,0.13895217601114246,4393.1074317099,0.13541796864740183,0.3037191329489609,0.6854481260469131,0.489301084236452,0.24623647027160875
ŞİLE,KURFALLI,ŞİLE|KURFALLI,2022,0.6041039831405631,63550.77741017235,0.014960815715885,0.5245036260336077,34.0,0.12344669585657671,1.0,0.0,0.0,0.0,0.0,0.24038743949302419,0.13895217601114246,725.0759838744495,0.02162628217278727,0.0,0.3827559785325781,0.5680609671737329,0.24623647027160875
ŞİLE,KURNA,ŞİLE|KURNA,2022,0.5747687302072919,48409.484805735316,0.011396326065456,0.585718323228703,52.0,0.28663435133040077,4.0,0.6059821835316349,3.0,0.0,0.0,0.30297787905363305,0.13895217601114246,1108.939740043276,0.055288585713824355,0.4689057790491169,0.5153993235592729,0.3877619350384901,0.24623647027160875
ŞİLE,KÖMÜRLÜK,ŞİLE|KÖMÜRLÜK,2022,0.57711714424658,49475.77301731538,0.0116473464633736,0.5710999126413386,47.0,0.0,0.0,0.0,0.0,0.0,0.0,0.29176920860677363,0.13895217601114246,1002.3109188852684,0.0,0.0,0.43615592887511856,0.686820903599663,0.24623647027160875
ŞİLE,MEŞRUTİYET,ŞİLE|MEŞRUTİYET,2022,0.5668393795124513,44976.03676444748,0.0105880403841616,0.6408209984347509,76.0,0.6115791651421031,30.0,0.6061445267525837,6.0,0.16260831227163414,0.0,0.3447564845783523,0.13895217601114246,1620.758081601711,0.24821662303375985,0.33698968523795564,0.5483206189463713,0.489301084236452,0.24623647027160875
ŞİLE,ORUÇOĞLU,ŞİLE|ORUÇOĞLU,2022,0.635026629138674,84663.2839994578,0.0199310195946522,0.657128716539563,85.0,0.0,0.0,0.0,0.0,0.0,0.0,0.2968061880686825,0.13895217601114246,1812.689959686124,0.0,0.0,0.4272417985799098,0.6324124771567161,0.24623647027160875
ŞİLE,OSMANKÖY,ŞİLE|OSMANKÖY,2022,0.5966150384373702,59285.624563852056,0.0139567341242149,0.46256458080036555,22.0,0.24689339171315342,3.0,0.143864207740628,1.0,0.0,0.0,0.20880595809916946,0.13895217601114246,469.166813095232,0.09537066137973475,0.16680986793588892,0.10449683428561529,0.686820903599663,0.24623647027160875
ŞİLE,OVACIK,ŞİLE|OVACIK,2022,0.5467280722306296,37320.087405302555,0.0087857139271137,0.5202272322918838,33.0,0.0,0.0,0.0,0.0,0.0,0.0,0.28525961446345466,0.13895217601114246,703.7502196428483,0.0,0.0,0.299666760087906,0.489301084236452,0.24623647027160875
ŞİLE,SAHİLKÖY,ŞİLE|SAHİLKÖY,2022,0.7303408633194318,204940.59426569004,0.0482461204797501,0.7012746006275938,115.0,0.5584187769777513,22.0,0.41799516536073633,2.0,0.16260831227163414,0.1178156039716956,0.2445806435668966,0.13895217601114246,2452.462886634168,0.13059594212972336,0.35080126663537015,0.4063872929488501,0.5680609671737329,0.24623647027160875
ŞİLE,SATMAZLI,ŞİLE|SATMAZLI,2022,0.6494904502314611,96818.96961147065,0.0227926521309121,0.5404678626001169,38.0,0.12344669585657671,1.0,0.2891934560319802,1.0,0.0,0.0,0.21357197317770016,0.13895217601114246,810.3790408008555,0.019379128381572224,0.33531844345599937,0.3160922095797057,0.6324124771567161,0.24623647027160875
ŞİLE,SOFULAR,ŞİLE|SOFULAR,2022,0.6055413241241895,64403.80797943641,0.0151616320342191,0.5679940031006545,46.0,0.24689339171315342,3.0,0.5930694979219973,2.0,0.0,0.18673331429495207,0.26601755437586805,0.13895217601114246,980.9851546536672,0.0471349035210633,0.53833804740081,0.47174710505764705,0.5680609671737329,0.24623647027160875
ŞİLE,SORTULLU,ŞİLE|SORTULLU,2022,0.5104692497097373,26657.205289501824,0.0062755099479383,0.37839480560380406,12.0,0.12344669585657671,1.0,0.0,0.0,0.0,0.0,0.2253444633679751,0.13895217601114246,255.90917077921753,0.059716221822872374,0.0,0.08293418143632396,0.5680609671737329,0.24623647027160875
ŞİLE,SOĞULLU,ŞİLE|SOĞULLU,2022,0.5637811309335482,43717.816674783,0.0102918363146189,0.4090268556450257,15.0,0.12344669585657671,1.0,0.0,0.0,0.0,0.0,0.20219358015900604,0.13895217601114246,319.8864634740219,0.04814925377200273,0.0,0.17061478282540463,0.686820903599663,0.24623647027160875
ŞİLE,TEKE,ŞİLE|TEKE,2022,0.6594633917873481,106202.30587337528,0.0250016316325864,0.5327015824431515,36.0,0.3191050796271805,5.0,0.0,0.0,0.257728077256096,0.0,0.201176445517752,0.13895217601114246,767.7275123376526,0.09702672087135711,0.0,0.14771173580375355,0.733951626354678,0.24623647027160875
ŞİLE,ULUPELİT,ŞİLE|ULUPELİT,2022,0.5789597334728103,50328.803586579445,0.0118481627817076,0.37839480560380406,12.0,0.28663435133040077,4.0,0.0,0.0,0.0,0.0,0.17236289880789749,0.13895217601114246,255.90917077921753,0.21462650317955173,0.0,0.3240602115570773,0.6324124771567161,0.24623647027160875
ŞİLE,YAKA,ŞİLE|YAKA,2022,0.59583672462361,58859.10927922003,0.0138563259650479,0.4806515195150605,25.0,0.34655868922470867,6.0,0.24229100142300364,1.0,0.0,0.0,0.22033441062969966,0.13895217601114246,533.1441057900365,0.16048481161109734,0.28093526933601337,0.18571707074057078,0.489301084236452,0.24623647027160875
ŞİLE,YAYLALI,ŞİLE|YAYLALI,2022,0.44329571630641845,14288.262035172977,0.0033636733320949,0.26432977090756926,5.0,0.0,0.0,0.0,0.0,0.0,0.0,0.2038502434656386,0.13895217601114246,106.62882115800728,0.0,0.0,0.21538395704612576,0.6324124771567161,0.24623647027160875
ŞİLE,YAZIMANAYIR,ŞİLE|YAZIMANAYIR,2022,0.5632540775345607,43504.559032466976,0.0102416322350354,0.47486547384281136,24.0,0.0,0.0,0.0,0.0,0.0,0.0,0.2430820123621618,0.13895217601114246,511.818341558435,0.0,0.0,0.09991849507552762,0.6324124771567161,0.24623647027160875
ŞİLE,YENİKÖY,ŞİLE|YENİKÖY,2022,0.6482965174109347,95752.68139989056,0.0225416317329946,0.44194616474391857,19.0,0.0,0.0,0.0,0.0,0.0,0.0,0.15794388927745223,0.13895217601114246,405.18952040042774,0.0,0.0,0.39622433461558876,0.7755238700769802,0.24623647027160875
ŞİLE,YEŞİLVADİ,ŞİLE|YEŞİLVADİ,2022,0.5653470090401729,44357.58960173104,0.0104424485533694,0.5679940031006545,46.0,0.4100810471869776,9.0,0.2891934560319802,1.0,0.0,0.0,0.29976183429184167,0.13895217601114246,980.9851546536672,0.13331381214697777,0.33531844345599937,0.3923298734185269,0.812711509291959,0.24623647027160875
ŞİLE,ÇATAKLI,ŞİLE|ÇATAKLI,2022,0.5821103932093347,51821.60708279155,0.0121995913387921,0.3241461139926257,8.0,0.12344669585657671,1.0,0.0,0.0,0.0,0.0,0.13905166943159272,0.13895217601114246,170.6061138528117,0.08787256314360421,0.0,0.09396062246521494,0.489301084236452,0.24623647027160875
ŞİLE,ÇAVUŞ,ŞİLE|ÇAVUŞ,2022,0.7398909618583975,223920.52443181537,0.0527142835626823,0.9067387852578574,466.0,0.7869775537551676,82.0,0.7568755858097673,13.0,0.16260831227163414,0.0,0.36415210937535586,0.13895217601114246,9937.806131926282,0.12092771402251278,0.33797741487042043,0.5798442101699016,0.6324124771567161,0.24623647027160875
ŞİLE,ÇAYIRBAŞI,ŞİLE|ÇAYIRBAŞI,2022,0.49978558686245306,24140.76511017285,0.0056831018088529,0.6808468267523928,100.0,0.5147634633977843,17.0,0.4971700418207996,4.0,0.16260831227163414,0.0,0.4288052624174143,0.13895217601114246,2132.5764231601456,0.1171333524745346,0.3063705265859182,0.5719750621121678,0.5680609671737329,0.24623647027160875
ŞİLE,ÇELEBİ,ŞİLE|ÇELEBİ,2022,0.5454892888111311,36893.57212067053,0.0086853057679467,0.5710999126413386,47.0,0.12344669585657671,1.0,0.0,0.0,0.0,0.0,0.3186299974460325,0.13895217601114246,1002.3109188852686,0.015706990559505002,0.0,0.27287730806156735,0.489301084236452,0.24623647027160875
ŞİLE,ÇENGİLLİ,ŞİLE|ÇENGİLLİ,2022,0.5653470090401729,44357.58960173104,0.0104424485533694,0.4688431987300822,23.0,0.12344669585657671,1.0,0.4935029936466078,2.0,0.0,0.0,0.23764313511773147,0.13895217601114246,490.4925773268336,0.03175179162722154,0.43014855652063716,0.08961140433416905,0.489301084236452,0.24623647027160875
ŞİLE,ÜVEZLİ,ŞİLE|ÜVEZLİ,2022,0.6511400548984404,98311.77310768272,0.0231440806879967,0.7311096457370201,141.0,0.19565838377060382,2.0,0.0,0.0,0.0,0.18673331429495207,0.3295619806015727,0.13895217601114246,3006.932756655806,0.010507983494584585,0.0,0.3814782086574631,0.686820903599663,0.24623647027160875
ŞİLE,İMRENDERE,ŞİLE|İMRENDERE,2022,0.6268491306756176,78478.81237229338,0.0184751012867305,0.6040192217402314,59.0,0.55050209871912,21.0,0.0,0.0,0.0,0.0,0.27061426615312756,0.13895217601114246,1258.2200896644863,0.227165529341408,0.0,0.5986260863117405,0.733951626354678,0.24623647027160875
ŞİLE,İMRENLİ,ŞİLE|İMRENLİ,2022,0.6144442122688872,69948.5066796528,0.0164669381033902,0.5938410308459714,55.0,0.34655868922470867,6.0,0.5803775169076695,4.0,0.0,0.0,0.27465047169663703,0.13895217601114246,1172.9170327380805,0.07724698890172928,0.38643894714611843,0.48965627593686384,0.489301084236452,0.24623647027160875
ŞİLE,İSAKÖY,ŞİLE|İSAKÖY,2022,0.5370705265114116,34121.22277056234,0.0080326527333611,0.501762507828975,29.0,0.34655868922470867,6.0,0.0,0.0,0.0,0.0,0.2816737906165547,0.13895217601114246,618.4471627164423,0.14029721253955607,0.0,0.25390512621876893,0.6324124771567161,0.24623647027160875
ŞİLE,ŞUAYİPLİ,ŞİLE|ŞUAYİPLİ,2022,0.5926660467956004,57153.048140691906,0.0134546933283798,0.5990178867163374,57.0,0.0,0.0,0.0,0.0,0.0,0.0,0.29619979374731714,0.13895217601114246,1215.568561201283,0.0,0.0,0.3507412269098906,0.686820903599663,0.24623647027160875
ŞİŞLİ,19 MAYIS,ŞİŞLİ|19 MAYIS,2022,0.7506986106354021,855856.5385603554,0.0420016935291265,0.8174763122983458,247.0,0.8371364500495209,80.0,0.6654159064561551,8.0,0.257728077256096,0.0,0.29879883631056725,0.794749906778437,18729.004979265123,0.26639260948821986,0.3407438472050692,0.7680266799029268,0.5680609671737329,0.24623647027160875
ŞİŞLİ,BOZKURT,ŞİŞLİ|BOZKURT,2022,0.7377335693826068,758893.3828606167,0.0372431661757362,0.8989554284422253,429.0,0.8128918630534874,87.0,0.8312361037169717,23.0,0.257728077256096,0.0,0.36108515705994293,0.794749906778437,32591.418113524345,0.14524801593739473,0.3045272825765141,0.6755055920267065,0.6324124771567161,0.24623647027160875
ŞİŞLİ,CUMHURİYET,ŞİŞLİ|CUMHURİYET,2022,0.7118696965568594,597042.3358941327,0.0293002250801531,0.7732900601011407,188.0,0.8668881036079373,90.0,0.7288425689051881,11.0,0.3252166245432683,0.0,0.3042114853443126,0.794749906778437,13862.413134259226,0.38978349029981035,0.3422017802861107,0.7672730203241985,0.7755238700769802,0.24623647027160875
ŞİŞLİ,DUATEPE,ŞİŞLİ|DUATEPE,2022,0.7068823797842549,570054.8720263728,0.0279757984555593,0.8338849023756743,280.0,0.8813540243519848,120.0,0.8321839322086714,24.0,0.16260831227163414,0.0,0.3465416494312867,0.794749906778437,20941.092181540535,0.2989882151634155,0.298152859120818,0.7511893733688756,0.6324124771567161,0.24623647027160875
ŞİŞLİ,ERGENEKON,ŞİŞLİ|ERGENEKON,2022,0.5810852964434852,177483.1298625636,0.0087100953152931,0.6501023765121663,81.0,0.5335277430435542,15.0,0.7379577159007588,10.0,0.0,0.0,0.33840518565389355,0.794749906778437,5972.635446143603,0.15720937252788955,0.36803452410040294,0.7398267273834919,0.686820903599663,0.24623647027160875
ŞİŞLİ,ESENTEPE,ŞİŞLİ|ESENTEPE,2022,0.7011689786415181,540634.1122361098,0.0265319563156333,0.7859962853868961,205.0,0.7002421659594933,36.0,0.6288280538123253,6.0,0.257728077256096,0.0,0.3212767711481216,0.794749906778437,15115.929215548626,0.16282905390010133,0.3583794677007742,0.6974015363363214,0.9053145831190337,0.24623647027160875
ŞİŞLİ,ESKİŞEHİR,ŞİŞLİ|ESKİŞEHİR,2022,0.7551125369402372,891618.6149971412,0.0437567397393123,0.8572900513520918,329.0,0.7461604824897238,62.0,0.8124353646589593,22.0,0.0,0.0,0.3198797794685173,0.794749906778437,24554.16794525703,0.13302861532934582,0.29594242713164526,0.68455805463744,0.686820903599663,0.24623647027160875
ŞİŞLİ,FERİKÖY,ŞİŞLİ|FERİKÖY,2022,0.7715326249367994,1038279.9965080008,0.0509542385270639,0.7627769649675746,168.0,0.8147374333093891,79.0,0.8301246083019369,24.0,0.3775648087257248,0.0,0.24791801788330164,0.794749906778437,12903.842013273215,0.3262741361246871,0.29640176875703533,0.7924348139582124,0.686820903599663,0.24623647027160875
ŞİŞLİ,FULYA,ŞİŞLİ|FULYA,2022,0.7944900073894597,1284632.7746014055,0.063044154791457,0.8555126171515238,328.0,0.751477173902043,61.0,0.6510275391329627,9.0,0.16260831227163414,0.0,0.2853894389979334,0.794749906778437,24259.222984953645,0.13828602045817143,0.3071464123538375,0.7829205223310935,0.733951626354678,0.24623647027160875
ŞİŞLİ,GÜLBAHAR,ŞİŞLİ|GÜLBAHAR,2022,0.8312533828566545,1806537.88185825,0.0886569735042302,0.9153289602365803,494.0,0.8305395501017045,91.0,0.6934259740282701,12.0,0.3252166245432683,0.0,0.29134010345021194,0.794749906778437,36425.70259746839,0.14378415891003266,0.29558910107644093,0.708182115961969,0.733951626354678,0.24623647027160875
ŞİŞLİ,HALASKARGAZİ,ŞİŞLİ|HALASKARGAZİ,2022,0.540190621546935,121443.58740491992,0.0059599198106721,0.8679386300631529,357.0,0.7231483982391199,46.0,0.6781615151238932,11.0,0.257728077256096,0.0,0.5141118570469723,0.794749906778437,26397.573947153207,0.11022621957662528,0.29697467187582377,0.6514201759501077,0.6324124771567161,0.24623647027160875
ŞİŞLİ,HALİDE EDİP ADIVAR,ŞİŞLİ|HALİDE EDİP ADIVAR,2022,0.7923332997973511,1259193.7717752382,0.0617957198584383,0.8419428917405085,283.0,0.8555766241719459,107.0,0.6067925877709671,8.0,0.16260831227163414,0.0,0.27884996091437,0.794749906778437,22120.87202275408,0.25280083336133,0.2881909895564175,0.6891153632485532,0.6324124771567161,0.24623647027160875
ŞİŞLİ,HALİL RIFAT PAŞA,ŞİŞLİ|HALİL RIFAT PAŞA,2022,0.6896979074819632,486069.29457998305,0.0238541538506075,0.6907325988114514,107.0,0.5045837821888896,14.0,0.559384922290977,2.0,0.0,0.0,0.2717240320260396,0.794749906778437,7889.777688115622,0.1039668127279677,0.5013683956012108,0.7755558575894674,0.686820903599663,0.24623647027160875
ŞİŞLİ,HARBİYE,ŞİŞLİ|HARBİYE,2022,0.5692650092980788,159049.06984360187,0.007805432320352,0.7214499975701577,132.0,0.5997017023825433,28.0,0.6850653016929262,5.0,0.6352928859818208,0.0,0.3942380686811742,0.794749906778437,9733.183690011798,0.14351991515173756,0.4489544877265798,0.6425883193334841,0.812711509291959,0.24623647027160875
ŞİŞLİ,KAPTANPAŞA,ŞİŞLİ|KAPTANPAŞA,2022,0.6142797545417784,241486.18624839876,0.0118510852337287,0.536635822369212,37.0,0.3191050796271805,5.0,0.3434668619058503,1.0,0.0,0.0,0.2395244852502724,0.794749906778437,2728.240882806337,0.09456367969517142,0.3982482006793762,0.8234621092968522,0.6324124771567161,0.24623647027160875
ŞİŞLİ,KUŞTEPE,ŞİŞLİ|KUŞTEPE,2022,0.7883390767079961,1213403.5666881374,0.0595485369790045,0.942969196066902,596.0,0.7665365010623937,73.0,0.7002377717903864,13.0,0.0,0.0,0.3452237682414059,0.794749906778437,43946.79908520478,0.08620166772033626,0.2881155545381904,0.7649975557655271,0.686820903599663,0.24623647027160875
ŞİŞLİ,MAHMUT ŞEVKET PAŞA,ŞİŞLİ|MAHMUT ŞEVKET PAŞA,2022,0.8019904849072429,1377171.7558965934,0.0675855630260615,0.8629231242257369,343.0,0.7566397364116862,68.0,0.4888956023354905,2.0,0.0,0.0,0.28365179309345945,0.794749906778437,25512.739066243044,0.1356623591902054,0.4252303290922875,0.805914936181986,0.6324124771567161,0.24623647027160875
ŞİŞLİ,MECİDİYEKÖY,ŞİŞLİ|MECİDİYEKÖY,2022,0.8094026093341534,1475167.218957394,0.0723947515071685,0.8924884649624722,423.0,0.8541108057250867,111.0,0.683527038804254,11.0,0.257728077256096,0.0,0.29566249618388385,0.794749906778437,31190.429552083253,0.18631751643738953,0.30163597460973757,0.8239380647535923,0.6324124771567161,0.24623647027160875
ŞİŞLİ,SARIYER MERKEZ,ŞİŞLİ|SARIYER MERKEZ,2022,0.7666050810196837,991899.9015002932,0.048678106431792,0.872789212340905,360.0,0.9875735668526137,187.0,0.742775161413374,14.0,0.257728077256096,0.0,0.31976711791698004,0.794749906778437,27282.408828063373,0.3911180572375174,0.31239810641351584,0.7876924269452371,0.9053145831190337,0.24623647027160875
ŞİŞLİ,MEŞRUTİYET,ŞİŞLİ|MEŞRUTİYET,2022,0.7043565922145952,556856.0850527962,0.0273280597511814,0.8133699765052023,243.0,0.8555766241719459,97.0,0.616732444423467,6.0,0.16260831227163414,0.0,0.33576518298452934,0.794749906778437,18212.851298734196,0.29744789946770944,0.34691742851357515,0.7311961961338325,0.686820903599663,0.24623647027160875
ŞİŞLİ,PAŞA,ŞİŞLİ|PAŞA,2022,0.8070211366976613,1442944.4820442488,0.0708134005920114,0.8921401170932802,413.0,0.7261928473473762,56.0,0.724304729111445,10.0,0.257728077256096,0.0,0.2974604501938271,0.794749906778437,31116.693312007417,0.0960774871025613,0.35520987522973296,0.7756165944861002,0.7755238700769802,0.24623647027160875
ŞİŞLİ,TEŞVİKİYE,ŞİŞLİ|TEŞVİKİYE,2022,0.7475598997658749,831302.3706150984,0.0407966824198649,0.8467644076059396,302.0,0.7200509995434583,45.0,0.5029555523023592,2.0,0.5625323369257385,0.0,0.3197392937246441,0.794749906778437,22858.23442351255,0.12389058223405311,0.440266463815359,0.6882740997644955,0.812711509291959,0.24623647027160875
ŞİŞLİ,YAYLA,ŞİŞLİ|YAYLA,2022,0.7511620984578682,859543.3505641478,0.0421826261281147,0.8060531751631479,231.0,0.45680705642095987,10.0,0.7416228881224519,8.0,0.0,0.0,0.29132339385668593,0.794749906778437,17328.01641782403,0.03715561955973279,0.4137682899050884,0.8367784115987699,0.6324124771567161,0.24623647027160875
ŞİŞLİ,İNÖNÜ,ŞİŞLİ|İNÖNÜ,2022,0.6247189891000839,266040.3541936558,0.0130560963429903,0.7956962740664675,219.0,0.5335277430435542,17.0,0.7385453137529407,9.0,0.456499245823252,0.0,0.39347125703396507,0.794749906778437,16148.23657661048,0.062070946012174257,0.38826726162566616,0.6264379057908269,0.686820903599663,0.24623647027160875
ŞİŞLİ,İZZET PAŞA,ŞİŞLİ|İZZET PAŞA,2022,0.7076467260595926,574110.3652305444,0.0281748243144463,0.7895342308200648,210.0,0.843497695400035,104.0,0.5315080090967411,6.0,0.16260831227163414,0.0,0.31796301215718664,0.794749906778437,15484.61041592786,0.3212098775916688,0.2700883563532246,0.8495641008382097,0.489301084236452,0.24623647027160875
ADALAR,BURGAZADA,ADALAR|BURGAZADA,2023,0.5303308221064735,139393.96335596126,0.0990575364133658,0.8486497400262334,271.0,0.45680705642095987,12.0,0.0,0.0,0.16260831227163414,0.0,0.510345149019023,0.9177438345034961,29121.5598760957,0.027980322800477183,0.0,0.6969618794232824,0.0,0.14617582977848315
ADALAR,HEYBELİADA,ADALAR|HEYBELİADA,2023,0.6373636585164921,376261.6828577077,0.2673828511171159,0.777142113254013,180.0,0.5422170729953125,18.0,0.0,0.0,0.3252166245432683,0.0,0.3706386110398143,0.9177438345034955,17899.55750346009,0.07356244797526165,0.0,0.6969618794232824,0.0,0.15335050567033942
ADALAR,KINALIADA,ADALAR|KINALIADA,2023,0.5525421984784333,171297.83786990048,0.1217293877282014,0.8333663596482765,262.0,0.638210159254361,33.0,0.7057787824638433,5.0,0.0,0.0,0.4809163023020701,0.9177438345034955,26246.501416990708,0.08699330023141431,0.47031225530645837,0.6969618794232824,0.0,0.15399859523397155
ADALAR,MADEN,ADALAR|MADEN,2023,0.6361880432866754,372180.9547222039,0.2644829631582416,0.7976943893164996,217.0,0.6894451671969107,46.0,0.44699501613638803,3.0,0.257728077256096,0.0,0.3847656700554619,0.9177438345034955,20589.12832004218,0.14326782712952546,0.3082454510994246,0.5937433609984102,0.244650542118226,0.287077334840959
ADALAR,NİZAM,ADALAR|NİZAM,2023,0.6289667369853141,348067.5611942266,0.2473472615830752,0.7401754826030473,145.0,0.656974438900131,39.0,0.36059804027911535,2.0,0.257728077256096,0.0,0.3543874790973571,0.9177438345034961,13911.573189217692,0.172421938188359,0.2926122532876533,0.6861577844746756,0.244650542118226,0.18568347093582038
ARNAVUTKÖY,ADNAN MENDERES,ARNAVUTKÖY|ADNAN MENDERES,2023,0.658659379660023,309094.8760267362,0.0147694642894492,0.6893602609706021,106.0,0.8682528301014444,130.0,1.0,12.0,0.257728077256096,0.0,0.29695041191014665,0.7065897001204041,6628.374844999806,0.5971365794528922,0.5988394212823303,0.6166670611580355,0.686820903599663,0.387728063884307
ARNAVUTKÖY,ANADOLU,ARNAVUTKÖY|ANADOLU,2023,0.9255468186736595,3673120.173540458,0.1755125090759149,0.893182702733333,425.0,1.0,270.0,1.0,26.0,0.42033638952773006,0.0,0.20125017090720754,0.7065897001204041,26576.0312181596,0.370674198734021,0.43890898671182904,0.7833239704928616,0.5680609671737329,0.193249121427347
ARNAVUTKÖY,ARNAVUTKÖY MERKEZ,ARNAVUTKÖY|ARNAVUTKÖY MERKEZ,2023,0.8091057588705567,1247572.703137652,0.0596127012014569,0.9079970040068391,470.0,1.0,270.0,1.0,30.0,0.0,0.0,0.3055392297051391,0.7065897001204041,29389.963935376494,0.3421675023191689,0.4110010986379872,0.7339995437354309,0.7755238700769802,0.3779963085043127
ARNAVUTKÖY,ATATÜRK,ARNAVUTKÖY|ATATÜRK,2023,0.7639433572995089,820667.8440167685,0.0392139286535973,0.7660922787365443,179.0,0.6656637688518892,41.0,0.7681814272897055,8.0,0.0,0.0,0.25616008927371453,0.7065897001204041,11193.19903070722,0.15386757749073834,0.4402701037864058,0.7399397043817282,0.6324124771567161,0.44166458820730004
ARNAVUTKÖY,BAKLALI,ARNAVUTKÖY|BAKLALI,2023,0.4647888258173639,51151.04361518718,0.0024441476408596,0.6718118453793613,94.0,0.5243926157728545,18.0,0.6118504218966739,4.0,0.0,0.0,0.4536616536025786,0.7065897001204041,5877.9927870753,0.13071179809620176,0.4180796857769557,0.610410180916172,0.5680609671737329,0.1992659617195226
ARNAVUTKÖY,BALABAN,ARNAVUTKÖY|BALABAN,2023,0.3703037037614007,21260.824974527677,0.0010159048873988,0.6224839462031403,67.0,0.19565838377060382,2.0,0.6934679628604586,7.0,0.0,0.0,0.5047955667429174,0.7065897001204041,4189.63315674516,0.021944361262934163,0.39202469228412457,0.3879551563107675,0.7755238700769802,0.15542241906315532
ARNAVUTKÖY,BOLLUCA,ARNAVUTKÖY|BOLLUCA,2023,0.7319666579492489,610060.6130926237,0.0291504943572459,0.8328459878422164,282.0,0.7591659622563532,70.0,1.0,12.0,0.0,0.0,0.3243438406082528,0.7065897001204041,17633.978361225898,0.16541826485126399,0.5988394212823303,0.6390852360701895,0.686820903599663,0.7634853265900516
ARNAVUTKÖY,BOYALIK,ARNAVUTKÖY|BOYALIK,2023,0.3883179660738648,25137.79894047096,0.0012011581315716,0.6267603399448642,69.0,0.39131676754120764,8.0,0.6224081737820528,4.0,0.0,0.0,0.4916859122724037,0.7065897001204041,4314.696833065911,0.0818413702761255,0.4288369778495421,0.45530020294130696,0.6324124771567161,0.1616776953856418
ARNAVUTKÖY,BOĞAZKÖY İSTİKLAL,ARNAVUTKÖY|BOĞAZKÖY İSTİKLAL,2023,0.7603682996672816,793904.2172841277,0.0379350836776952,0.7963653239844314,220.0,0.9868765172898941,254.0,1.0,18.0,0.16260831227163414,0.2356312079433912,0.2776123299784624,0.7065897001204041,13757.004395282616,0.5726563413879945,0.5132852260471427,0.6713045612951809,0.8770630192749421,0.24508554458484327
ARNAVUTKÖY,DELİKLİKAYA,ARNAVUTKÖY|DELİKLİKAYA,2023,0.4695536507033181,53464.72162712108,0.0025547019962531,0.7146399306312402,126.0,0.795360086153147,86.0,1.0,6.0,0.0,0.1178156039716956,0.47722323262809385,0.7065897001204041,7879.011608207316,0.38817541211791506,0.7509086744450439,0.7627000346638475,0.6324124771567161,0.21495893856330542
ARNAVUTKÖY,DURSUNKÖY,ARNAVUTKÖY|DURSUNKÖY,2023,0.3982790348071949,27576.540628725605,0.0013176883980673,0.634958296354408,73.0,0.19565838377060382,2.0,1.0,4.0,0.0,0.0,0.48824720563092,0.7065897001204041,4564.824185707413,0.02016486251911703,0.8420495936759295,0.6253937378563152,0.733951626354678,0.31732775310735883
ARNAVUTKÖY,DURUSU,ARNAVUTKÖY|DURUSU,2023,0.46021658612576055,49024.96111773441,0.0023425571521198,0.5710999126413386,47.0,0.28663435133040077,4.0,0.6399724639994393,5.0,0.257728077256096,0.0,0.392304694594455,0.7065897001204041,2938.99639353765,0.06093626215141172,0.40336698304269253,0.6494428903412209,0.489301084236452,0.23574484188336073
ARNAVUTKÖY,FATİH,ARNAVUTKÖY|FATİH,2023,0.6344275447602367,246875.6970571626,0.0117964485160318,0.6408209984347509,76.0,0.8091423364379576,93.0,1.0,15.0,0.0,0.0,0.2871307781063197,0.7065897001204041,4752.41970018854,0.5962209197071523,0.5513596682004701,0.6914135594074078,0.5680609671737329,0.22724804300443005
ARNAVUTKÖY,HACIMAŞLI,ARNAVUTKÖY|HACIMAŞLI,2023,0.34710718733602214,17133.723655942893,0.0008186998210214,0.574141778224404,48.0,0.638210159254361,35.0,1.0,11.0,0.0,0.0,0.4936236900299871,0.7065897001204041,3001.528231698025,0.4085689827008019,0.6175824918424769,0.7130891838702063,0.686820903599663,0.37722296479652306
ARNAVUTKÖY,HADIMKÖY,ARNAVUTKÖY|HADIMKÖY,2023,0.8436268494746537,1718312.3808089592,0.0821060305906889,0.8846281178163748,401.0,0.8775238566049318,137.0,1.0,23.0,0.257728077256096,0.6270061727930899,0.2621850398936845,0.7065897001204041,25075.26710231059,0.2192632769279833,0.46330758639970016,0.5661394837199983,0.6324124771567161,0.31155660432163873
ARNAVUTKÖY,HARAÇÇI,ARNAVUTKÖY|HARAÇÇI,2023,0.7203062969884609,547528.7749322482,0.0261625388060727,0.7823714039051184,200.0,0.7168987767944389,55.0,0.8522730282428852,13.0,0.16260831227163414,0.1178156039716956,0.3027139748796808,0.7065897001204041,12506.367632075107,0.18125108850751367,0.4287985435057688,0.6085741861606241,0.7755238700769802,0.258047321356099
ARNAVUTKÖY,HASTANE,ARNAVUTKÖY|HASTANE,2023,0.6463827396847754,275827.9381254164,0.013179871936225,0.8486497400262334,314.0,0.9977145945755345,270.0,1.0,18.0,0.3252166245432683,0.37346662858990415,0.4084553288801282,0.7065897001204041,19634.99718235791,0.46293278006124006,0.5132852260471427,0.6032810498970459,0.6324124771567161,0.33808295565470564
ARNAVUTKÖY,HİCRET,ARNAVUTKÖY|HİCRET,2023,0.6367507313881251,252253.43513895487,0.0120534126934327,0.601539747340635,58.0,0.5045837821888896,16.0,1.0,8.0,0.16260831227163414,0.0,0.26085871171798136,0.7065897001204041,3626.846613301781,0.18175534975999158,0.6870975992038014,0.7460994593496313,0.686820903599663,0.3079912581574918
ARNAVUTKÖY,KARABURUN,ARNAVUTKÖY|KARABURUN,2023,0.5350307132796951,98174.98591178955,0.0046910902153419,0.715796997378795,127.0,0.55050209871912,21.0,0.6565438820272641,6.0,0.0,0.0,0.4204969987821204,0.7065897001204041,7941.543446367691,0.11416512878217477,0.38510334026850973,0.445139031923539,0.489301084236452,0.2629927444174525
ARNAVUTKÖY,KARLIBAYIR,ARNAVUTKÖY|KARLIBAYIR,2023,0.7697023182510869,865690.7674922389,0.041365256650442,0.7983544586684842,223.0,0.8355099918419872,108.0,0.83387099477913,15.0,0.16260831227163414,0.0,0.2710361669978746,0.7065897001204041,13944.599909763743,0.2946516889944229,0.3834709958991743,0.7556707497067534,0.5680609671737329,0.29408769130353785
ARNAVUTKÖY,MAREŞAL FEVZİ ÇAKMAK,ARNAVUTKÖY|MAREŞAL FEVZİ ÇAKMAK,2023,0.6921717758303562,421777.2483917329,0.0201537601926633,0.7794059723189223,196.0,0.7759121360481404,77.0,1.0,18.0,0.257728077256096,0.0,0.3248318008134938,0.7065897001204041,12256.240279433605,0.24721048060933157,0.5132852260471427,0.6730470286204341,0.733951626354678,0.34400368982061025
ARNAVUTKÖY,MAVİGÖL,ARNAVUTKÖY|MAVİGÖL,2023,0.7349854261765288,627381.9322630477,0.0299781580449209,0.8103652849815642,242.0,0.7488386673333082,66.0,1.0,12.0,0.0,0.0,0.30770158722794544,0.7065897001204041,15132.704834810878,0.17992003642448953,0.5988394212823303,0.6232255039292096,0.3877619350384901,0.5661919220362263
ARNAVUTKÖY,MEHMET AKİF ERSOY,ARNAVUTKÖY|MEHMET AKİF ERSOY,2023,0.6968637098152345,440536.7998398456,0.0210501468580153,0.7025409195964298,116.0,0.6280304780454663,33.0,1.0,19.0,0.3252166245432683,0.0,0.27301029378153296,0.7065897001204041,7253.693226603562,0.18677930473592325,0.5021347706061096,0.6481986578892694,0.6324124771567161,0.27719051112086207
ARNAVUTKÖY,MUSTAFA KEMALPAŞA,ARNAVUTKÖY|MUSTAFA KEMALPAŞA,2023,0.7684015761909674,855310.4823576165,0.0408692560289473,0.8719917765935354,368.0,0.9497355445189588,206.0,1.0,26.0,0.3252166245432683,0.0,0.31773421166750115,0.7065897001204041,23011.7164430182,0.3316558831788797,0.43890898671182904,0.7473343285047233,0.686820903599663,0.2836318562918497
ARNAVUTKÖY,NENEHATUN,ARNAVUTKÖY|NENEHATUN,2023,0.7101245397831846,498191.15462371183,0.023805041876197,0.7652704089002583,178.0,0.8053121686909047,91.0,1.0,20.0,0.257728077256096,0.0,0.30069370050239014,0.7065897001204041,11130.667192546844,0.3080666630178355,0.4916203668631068,0.7811981648730046,0.5680609671737329,0.310318299750172
ARNAVUTKÖY,SAZLIBOSNA,ARNAVUTKÖY|SAZLIBOSNA,2023,0.4904459761334113,64908.0480104698,0.0031014978621178,0.5679940031006545,46.0,0.5147634633977843,17.0,0.6874553618906685,5.0,0.257728077256096,0.0,0.364015380015815,0.7065897001204041,2876.4645553772743,0.2346291623075225,0.45140628833841145,0.5966684380771017,0.7755238700769802,0.19838022817253786
ARNAVUTKÖY,TAYAKADIN,ARNAVUTKÖY|TAYAKADIN,2023,0.620762975950624,217485.7331217861,0.0103921094069804,0.8835230545664706,398.0,0.7804211347567076,79.0,0.8012574892299976,11.0,0.257728077256096,0.0,0.45326487720102626,0.7065897001204041,24887.671587829456,0.13508397330418886,0.410990439269009,0.517032113514194,0.7755238700769802,0.2240849870838556
ARNAVUTKÖY,TAŞOLUK,ARNAVUTKÖY|TAŞOLUK,2023,0.7765814727538183,922719.8038945012,0.044090272113112,0.7440325716928387,154.0,0.9854741798402946,252.0,1.0,15.0,0.0,0.0,0.23259393130660225,0.7065897001204041,9629.903076697832,0.7232256427951902,0.5513596682004701,0.684665039851539,0.6324124771567161,0.2971945195290908
ARNAVUTKÖY,TERKOS,ARNAVUTKÖY|TERKOS,2023,0.475794280635984,56653.845373300224,0.0027070877293629,0.6865766830299206,104.0,0.39131676754120764,8.0,0.689915213631977,7.0,0.0,0.0,0.4535593763017215,0.7065897001204041,6503.311168679054,0.055288585713824355,0.38856365831334666,0.5494946867275619,0.733951626354678,0.1803869081048065
ARNAVUTKÖY,YASSIÖREN,ARNAVUTKÖY|YASSIÖREN,2023,0.43936806233879966,40395.56745160259,0.0019302192860579,0.6446039045256321,78.0,0.6115791651421031,30.0,1.0,11.0,0.0,0.30454891826664765,0.45834448259850236,0.7065897001204041,4877.483376509291,0.24278284450028356,0.6175824918424769,0.5748728975867891,0.812711509291959,0.37567749857338695
ARNAVUTKÖY,YAVUZ SELİM,ARNAVUTKÖY|YAVUZ SELİM,2023,0.7624042509539681,809036.9221189385,0.0386581689210791,0.8203409703477226,259.0,0.773614092087252,76.0,1.0,13.0,0.0,0.1178156039716956,0.2906851677869503,0.7065897001204041,16195.74608353726,0.1919616643187229,0.5817063918507496,0.7508660094199334,0.5680609671737329,0.2038593607805813
ARNAVUTKÖY,YENİKÖY,ARNAVUTKÖY|YENİKÖY,2023,0.5321790596245709,95611.1805472142,0.0045685840377438,0.6246376377966785,68.0,0.5045837821888896,16.0,0.7019588146630091,8.0,0.16260831227163414,0.0,0.3643465932774731,0.7065897001204041,4252.164994905536,0.15764809908839428,0.3751594779170162,0.653136872709057,0.6324124771567161,0.1895965833246592
ARNAVUTKÖY,YEŞİLBAYIR,ARNAVUTKÖY|YEŞİLBAYIR,2023,0.6858349501513193,397702.4906999884,0.0190033973054616,0.6464595925664314,79.0,0.47000538508128537,13.0,1.0,2.0,0.0,0.49128223256159964,0.2478703027904189,0.7065897001204041,4940.015214669666,0.11365448229089138,1.0,0.6634179666598423,0.6324124771567161,0.19639597727263275
ARNAVUTKÖY,YUNUS EMRE,ARNAVUTKÖY|YUNUS EMRE,2023,0.8094726547479603,1251824.8681325575,0.0598158821789367,0.7717206277031763,186.0,0.9497355445189588,206.0,1.0,15.0,0.16260831227163414,0.0,0.22252224065603138,0.7065897001204041,11630.921897829849,0.5561949404730618,0.5513596682004701,0.7750694013123824,0.5680609671737329,0.28910981248636514
ARNAVUTKÖY,ÇİLİNGİR,ARNAVUTKÖY|ÇİLİNGİR,2023,0.5038024229928101,73474.90983844124,0.0035108477726285,0.7012746006275938,115.0,0.5584187769777513,22.0,0.8744664463022083,12.0,0.257728077256096,0.0,0.4384828749088367,0.7065897001204041,7191.161388443185,0.13059594212972336,0.466970559689732,0.5934815986992361,0.686820903599663,0.24404117335185602
ARNAVUTKÖY,ÖMERLİ,ARNAVUTKÖY|ÖMERLİ,2023,0.7044992687513716,472865.76016875973,0.0225949198779718,0.7459239470105262,156.0,0.7002421659594933,50.0,1.0,22.0,0.16260831227163414,0.6270061727930899,0.29341992072459505,0.7065897001204041,9754.966753018582,0.20741819111705426,0.47225720261824455,0.7569006858725252,0.812711509291959,0.30074586636178663
ARNAVUTKÖY,İMRAHOR,ARNAVUTKÖY|İMRAHOR,2023,0.7458633470019186,693978.3399038477,0.0331603307069204,0.8364506236377431,289.0,0.7200509995434583,56.0,1.0,8.0,0.16260831227163414,0.1178156039716956,0.31473282699620997,0.7065897001204041,18071.70122834853,0.13213947774011825,0.6870975992038014,0.672842696075183,0.8770630192749421,0.2418951204646469
ARNAVUTKÖY,İSLAMBEY,ARNAVUTKÖY|İSLAMBEY,2023,0.8122325538414704,1284278.892137793,0.0613666311099956,0.9185714040341709,505.0,0.9983705656151964,270.0,1.0,22.0,0.16260831227163414,0.0,0.30946410750034453,0.7065897001204041,31578.57827098964,0.32050060239192163,0.47225720261824455,0.7394733267845333,0.7755238700769802,0.3055829345591415
ATAŞEHİR,ATATÜRK,ATAŞEHİR|ATATÜRK,2023,0.8481719426983151,1737643.530838536,0.0699255659403795,0.887894493036527,410.0,0.7759121360481404,77.0,1.0,12.0,0.6646554340887362,0.0,0.26040368045928053,0.6900523291892986,24856.389911513492,0.12840117359138248,0.5988394212823303,0.8833937603268965,0.733951626354678,0.21306886088636523
ATAŞEHİR,AŞIKVEYSEL,ATAŞEHİR|AŞIKVEYSEL,2023,0.7691009124168077,834629.072955625,0.0335868141197824,0.9083098890744042,468.0,0.9027512380157316,158.0,0.769846972845519,11.0,0.257728077256096,0.0,0.33993648300879614,0.6900523291892986,28554.53572761672,0.2158135431986911,0.38060499786269775,0.9324457790651457,0.686820903599663,0.2539508258103511
ATAŞEHİR,BARBAROS,ATAŞEHİR|BARBAROS,2023,0.8559715971959571,1867988.0145208624,0.0751708372672868,1.0,872.75,0.8033657456456684,90.0,0.8021921484681385,10.0,0.678064466783826,0.1178156039716956,0.32300023772332753,0.6900523291892986,53213.89328007553,0.0728238522385276,0.4304373281893467,0.8912776584311912,0.812711509291959,0.24623647027160875
ATAŞEHİR,ESATPAŞA,ATAŞEHİR|ESATPAŞA,2023,0.8392419800116853,1599539.003476517,0.0643680179949401,1.0,872.75,1.0,270.0,1.0,7.0,0.3775648087257248,0.0,0.33734270181920417,0.6900523291892986,53213.893280075536,0.20236114352296994,0.7166123773652383,0.9419962651576518,0.6324124771567161,0.24623647027160875
ATAŞEHİR,FERHATPAŞA,ATAŞEHİR|FERHATPAŞA,2023,0.846201485679415,1706178.9787310346,0.0686593818386749,0.9604275156647971,671.0,0.9539862459582813,211.0,1.0,8.0,0.16260831227163414,0.1178156039716956,0.3066398229278508,0.6900523291892986,40679.60397713549,0.203988397683305,0.6870975992038014,0.7299035389309747,0.6324124771567161,0.18682911805183036
ATAŞEHİR,FETİH,ATAŞEHİR|FETİH,2023,0.7504288720713145,701920.200964642,0.0282463960106661,0.7602406517100001,164.0,0.681865472834328,45.0,1.0,2.0,0.3252166245432683,0.0,0.2637803260915851,0.6900523291892986,10427.558694586149,0.17338521074908592,1.0,0.9873982363369412,0.6324124771567161,0.2189522123206792
ATAŞEHİR,KAYIŞDAĞI,ATAŞEHİR|KAYIŞDAĞI,2023,0.891921568382955,2607132.1750115273,0.1049151851824744,1.0,872.75,1.0,270.0,1.0,10.0,0.515456154512192,0.18673331429495207,0.29245046412235165,0.6900523291892986,53213.89328007553,0.20236114352296994,0.6382445775183776,0.8590460679276928,0.7755238700769802,0.24623647027160875
ATAŞEHİR,KÜÇÜKBAKKALKÖY,ATAŞEHİR|KÜÇÜKBAKKALKÖY,2023,0.8495810319942748,1760499.284488879,0.0708453181684,0.9621733970358023,679.0,0.8570304766204851,122.0,1.0,12.0,0.8877489614690067,0.18673331429495207,0.3048551657016392,0.6900523291892986,41164.60670711625,0.12327791003842832,0.5988394212823303,0.9773507038718433,0.5680609671737329,0.18462404850704475
ATAŞEHİR,MEVLANA,ATAŞEHİR|MEVLANA,2023,0.8015102277566292,1127267.595157761,0.0453630581639598,0.9079970040068391,470.0,0.8355099918419872,108.0,1.0,6.0,0.42033638952773006,0.0,0.311998054111537,0.6900523291892986,28493.910386369123,0.15431478751532118,0.7509086744450439,0.8639755313927174,0.5680609671737329,0.2735985474853465
ATAŞEHİR,MUSTAFA KEMAL,ATAŞEHİR|MUSTAFA KEMAL,2023,0.773603155237775,870216.1482679626,0.0350188951750822,1.0,872.75,0.8982135164725039,154.0,0.8206977563923634,15.0,0.16260831227163414,0.0,0.39416759576003807,0.6900523291892986,53213.893280075536,0.12059959982410007,0.37100887128150684,0.9222817463512468,0.686820903599663,0.3056620475930628
ATAŞEHİR,MİMAR SİNAN,ATAŞEHİR|MİMAR SİNAN,2023,0.730385733770829,582852.0307543676,0.0234549016450634,0.8546158043346792,327.0,0.6331930405551094,34.0,1.0,6.0,0.0,0.0,0.3393945695334348,0.6900523291892986,19824.4865879632,0.07379805991603947,0.7509086744450439,0.867346050506587,0.6324124771567161,0.21503600898962646
ATAŞEHİR,SEYMEN ÇAMLICA,ATAŞEHİR|SEYMEN ÇAMLICA,2023,0.7615256005621328,778005.0042303723,0.0313081706689306,0.8528056558077642,323.0,0.751477173902043,67.0,1.0,8.0,0.16260831227163414,0.1178156039716956,0.3116068128028769,0.6900523291892986,19581.985222972824,0.1406271061972145,0.6870975992038014,0.8424212019418778,0.733951626354678,0.18223367175752575
ATAŞEHİR,YENİSAHRA,ATAŞEHİR|YENİSAHRA,2023,0.7289519029131042,575152.6124159232,0.0231450646876135,0.9138312290570662,489.0,0.7350258609986798,61.0,0.820860875901055,14.0,0.16260831227163414,0.1178156039716956,0.37814156888534073,0.6900523291892986,29645.791870073408,0.0877030245689311,0.38403689515310446,0.998979801562106,0.6324124771567161,0.18574824095249465
ATAŞEHİR,ESENŞEHİR,ATAŞEHİR|ESENŞEHİR,2023,0.7416631281568172,647114.8924768171,0.0260409423922828,0.8675271228115148,357.0,0.6280304780454663,33.0,1.0,3.0,0.3252166245432683,0.0,0.33783579710660977,0.6900523291892986,21643.24682539102,0.06595939210181789,0.9073449700788264,0.8697446754987117,0.733951626354678,0.32774116033878975
ATAŞEHİR,ÖRNEK,ATAŞEHİR|ÖRNEK,2023,0.8380708548658535,1582260.7812209527,0.0636727145864896,1.0,872.75,0.9471355576726467,202.0,1.0,12.0,0.3775648087257248,0.0,0.3383492738369031,0.6900523291892986,53213.89328007553,0.1552156740795499,0.5988394212823303,0.9448809953426112,0.733951626354678,0.24623647027160875
ATAŞEHİR,İNÖNÜ,ATAŞEHİR|İNÖNÜ,2023,0.8345261527951982,1531092.9932079837,0.0616136406330432,0.9237281515075785,523.0,0.9198273918855103,174.0,1.0,5.0,0.3775648087257248,0.0,0.2937692628370331,0.6900523291892986,31707.053472491603,0.21426979531015128,0.7917411792061718,0.922370044191226,0.6324124771567161,0.12943957659448474
ATAŞEHİR,İÇERENKÖY,ATAŞEHİR|İÇERENKÖY,2023,0.9468859768595261,4340410.681280237,0.1746650955249296,1.0,872.75,1.0,270.0,1.0,8.0,0.6352928859818208,0.4359695403536438,0.24671637601584862,0.6900523291892986,53213.893280075536,0.20236114352296994,0.6870975992038014,0.9396748741521909,0.9053145831190337,0.24623647027160875
AVCILAR,AMBARLI,AVCILAR|AMBARLI,2023,0.8725659210316727,1831027.611757209,0.0841962721045085,0.876712987627553,380.0,0.8584725568552566,123.0,1.0,9.0,0.5625323369257385,0.0,0.23373331075153297,0.5973465004561418,19360.85737847792,0.2092077936924772,0.6612325737976555,0.9170481919592482,0.5680609671737329,0.20748493308863825
AVCILAR,CİHANGİR,AVCILAR|CİHANGİR,2023,0.9298438711627958,3114448.6574515738,0.1432119127721185,0.9471113828219413,613.0,0.9715705198187442,232.0,0.8817344215081176,19.0,0.42033638952773006,0.27355936087800314,0.22912391523098183,0.5973465004561418,31232.11992896569,0.2403447557466678,0.38455977711985767,0.80879921383387,0.686820903599663,0.38535596631949437
AVCILAR,DENİZKÖŞKLER,AVCILAR|DENİZKÖŞKLER,2023,0.8845945066153789,2047104.9700259585,0.0941321725440215,0.9162203542117907,497.0,1.0,270.0,1.0,7.0,0.3775648087257248,0.1178156039716956,0.247501641990663,0.5973465004561418,25321.96346606191,0.3271073161369892,0.7166123773652383,0.8471064644212736,0.5680609671737329,0.23824196492884883
AVCILAR,FİRUZKÖY,AVCILAR|FİRUZKÖY,2023,0.8286654524059999,1218664.0727258243,0.0560379162020073,0.9366583427488658,571.0,0.9125571605650425,167.0,0.4755102160143615,4.0,0.5625323369257385,0.18673331429495207,0.3067539335177244,0.5973465004561418,29092.235692397076,0.19140372359954969,0.28651813934356213,0.7798374185817992,0.7755238700769802,0.30125251675265574
AVCILAR,GÜMÜŞPALA,AVCILAR|GÜMÜŞPALA,2023,0.8707809347769963,1800967.333195888,0.0828140081904994,0.9141319942051921,490.0,1.0,270.0,0.5005789273692508,3.0,0.42033638952773006,0.0,0.2576033666137006,0.5973465004561418,24965.316093300473,0.33088093802487933,0.3605234917327984,0.8107708250839726,0.5680609671737329,0.2351846133657603
AVCILAR,SARIYER MERKEZ,AVCILAR|SARIYER MERKEZ,2023,0.8462436244042061,1434435.733246493,0.0659597597203609,0.8731863195902586,371.0,1.0,270.0,1.0,11.0,0.42033638952773006,0.0,0.2531018092504149,0.5973465004561418,18902.310756356073,0.41202557469413065,0.6175824918424769,0.8371159750137345,0.6324124771567161,0.3302063720215128
AVCILAR,MUSTAFA KEMALPAŞA,AVCILAR|MUSTAFA KEMALPAŞA,2023,0.8916881186438379,2186299.3446522783,0.1005327573119418,0.8438904481313805,304.0,1.0,270.0,0.29841979929584245,2.0,0.4878249368149024,0.1178156039716956,0.19948561875213586,0.5973465004561418,15488.68590278233,0.4787288009383088,0.23221569364296074,0.7810557643053018,0.6324124771567161,0.26562342045459114
AVCILAR,TAHTAKALE,AVCILAR|TAHTAKALE,2023,0.9206880103319395,2860923.3250428736,0.1315540394905771,0.885724964906657,404.0,0.9306842447692837,185.0,0.7851338260455949,7.0,0.6907483236133009,0.18673331429495207,0.20077940224483595,0.5973465004561418,20583.648370802835,0.28127097913985616,0.48436998076831694,0.9023125720179749,0.686820903599663,0.2585986034283855
AVCILAR,YEŞİLKENT,AVCILAR|YEŞİLKENT,2023,0.9533855892240396,3874311.359932152,0.1781527331340374,1.0,872.75,0.9957320590464617,267.0,1.0,14.0,0.5625323369257385,0.0,0.2414093194375495,0.5973465004561418,44721.03306304998,0.19813695609225898,0.5659432574844452,0.7447659130254102,0.812711509291959,0.3363180588403225
AVCILAR,ÜNİVERSİTE,AVCILAR|ÜNİVERSİTE,2023,0.8419899004647324,1378951.5919697497,0.0634084285299271,0.7111132625939458,123.0,0.7321299283153692,60.0,0.29841979929584245,2.0,0.4878249368149024,0.0,0.16349004026676475,0.5973465004561418,6266.8038356652205,0.2964087917296802,0.23221569364296074,0.8632780174838917,0.6324124771567161,0.20591381916838752
BAHÇELİEVLER,BAHÇELİEVLER,BAHÇELİEVLER|BAHÇELİEVLER,2023,0.9241536884292113,2608341.46650247,0.0906196914123363,0.9529990458183892,638.0,0.92185123111798,164.0,0.5473502133332986,5.0,0.797901198253455,0.0,0.23720646108197077,0.5311173498461581,28698.683399934052,0.18175534975999158,0.3144659961139843,0.761864870609234,0.9053145831190337,0.3318995912541141
BAHÇELİEVLER,CUMHURİYET,BAHÇELİEVLER|CUMHURİYET,2023,0.8820472564936861,1765148.9581454734,0.0613252735265665,0.8481806609217827,313.0,0.8627300329654786,111.0,0.4647799666057534,3.0,0.42033638952773006,0.0,0.20947482997379005,0.5311173498461581,14079.448125672974,0.2523874173414553,0.32534897587248013,0.8104040337728673,0.686820903599663,0.25710963159476774
BAHÇELİEVLER,FEVZİ ÇAKMAK,BAHÇELİEVLER|FEVZİ ÇAKMAK,2023,0.8281910548406233,1071207.596373087,0.0372161785826471,0.7786552060469168,195.0,0.7461604824897238,55.0,0.6661389837118524,7.0,0.257728077256096,0.0,0.21170406733470135,0.5311173498461581,8771.541164556646,0.21462650317955173,0.36566097493908295,0.796862187812059,0.5680609671737329,0.25287137769305673
BAHÇELİEVLER,HÜRRİYET,BAHÇELİEVLER|HÜRRİYET,2023,0.898301226360771,2052315.7211943432,0.0713020974146836,0.8979529879777238,439.0,0.9514480186353977,187.0,0.6735314642282301,11.0,0.0,0.0,0.2255416240927764,0.5311173498461578,19747.213185848035,0.2893549091191664,0.2929776157802039,0.8617374899783268,0.5680609671737329,0.21362895036321203
BAHÇELİEVLER,KOCASINAN MERKEZ,BAHÇELİEVLER|KOCASINAN MERKEZ,2023,0.9517538606646806,3369171.4524373985,0.1170526486873381,0.0,0.0,0.0,0.0,0.0,0.0,0.0,0.0,0.0,0.5311173498461578,0.0,0.0,0.0,0.8404099907020727,0.0,0.24623647027160875
BAHÇELİEVLER,KOCASİNAN MERKEZ,BAHÇELİEVLER|KOCASİNAN MERKEZ,2023,0.9453966715380906,3176287.5113419173,0.1103514236196304,0.9494947182451426,620.0,0.9903347994645141,191.0,0.7126164008135145,10.0,0.6504332490865365,0.1178156039716956,0.21807673837643146,0.5311173498461581,28023.94946419893,0.25936251558348145,0.344365005235098,0.8149743473507667,0.9053145831190337,0.1855686808478188
BAHÇELİEVLER,SOĞANLI,BAHÇELİEVLER|SOĞANLI,2023,0.9323839468128797,2815214.8911988596,0.0978069428317364,0.9422259942227439,593.0,1.0,210.0,0.5481356709589837,6.0,0.3775648087257248,0.0,0.22421321697991478,0.5311173498461578,26674.481592728665,0.2829543798345558,0.2844950082688977,0.8343531611989616,0.733951626354678,0.24453118572763574
BAHÇELİEVLER,SİYAVUŞPAŞA,BAHÇELİEVLER|SİYAVUŞPAŞA,2023,0.9298632740207827,2750170.5397939933,0.0955471547142211,0.8924884649624722,423.0,1.0,249.0,0.663279704401296,10.0,0.16260831227163414,0.0,0.19750808071930104,0.5311173498461578,19027.496987730567,0.3720541044106772,0.30005772813008946,0.9190378129608128,0.489301084236452,0.19001126410170685
BAHÇELİEVLER,YENİBOSNA MERKEZ,BAHÇELİEVLER|YENİBOSNA MERKEZ,2023,0.8729642507157345,1622555.18639345,0.0563712428678367,0.8747641448344239,373.0,0.934473662959832,136.0,0.8028854799480132,14.0,0.6504332490865365,0.3307502157051291,0.23225724200469675,0.5311173498461581,16868.348393378164,0.3044858970437117,0.3670408887875348,0.8807389047843656,0.9053145831190337,0.19966961167077263
BAHÇELİEVLER,ZAFER,BAHÇELİEVLER|ZAFER,2023,0.961214320595496,3678109.6304793223,0.1277858608526871,0.9471113828219413,613.0,0.9497355445189588,159.0,0.7299567798563271,11.0,0.456499245823252,0.0,0.20423446221397668,0.5311173498461581,27574.126840375506,0.21614627248619023,0.34322495705985445,0.7882112722552497,0.6324124771567161,0.2715416860808747
BAHÇELİEVLER,ÇOBANÇEŞME,BAHÇELİEVLER|ÇOBANÇEŞME,2023,0.857783116382175,1409474.209488297,0.0489683270222837,0.8658695182482042,353.0,0.7689270864314054,69.0,0.7308602588825431,11.0,0.16260831227163414,0.0,0.2392758499590276,0.5311173498461581,15878.738620966646,0.14198607459554172,0.3440554868397486,0.6796930454438728,0.489301084236452,0.25967945675612214
BAHÇELİEVLER,ŞİRİNEVLER,BAHÇELİEVLER|ŞİRİNEVLER,2023,0.9180756347781769,2465387.836651388,0.0856531584680324,0.9319413253346465,553.0,0.9760795185273115,217.0,0.5875107812949005,7.0,0.6504332490865365,0.0,0.2296558504328478,0.5311173498461581,24875.191097435003,0.26798530381677943,0.2935279625176667,0.8495386975116955,0.733951626354678,0.2590874944462548
BAKIRKÖY,ATAKÖY 1. KISIM,BAKIRKÖY|ATAKÖY 1. KISIM,2023,0.5221406621602367,115614.4479558874,0.0074501540304638,0.4179705183806274,16.0,0.19565838377060382,2.0,0.5034979415246259,3.0,0.0,0.0,0.24097486094726786,0.8581533577703108,1327.947715214787,0.08787256314360421,0.36343283765785755,0.39395612842802885,0.489301084236452,0.13585522758290675
BAKIRKÖY,ATAKÖY 2-5-6. KISIM,BAKIRKÖY|ATAKÖY 2-5-6. KISIM,2023,0.7532507094216196,986416.162207984,0.0635643077186376,0.536635822369212,37.0,0.47000538508128537,13.0,0.5451292785680044,4.0,0.16260831227163414,0.0,0.13498533803354398,0.8581533577703108,3070.879091434195,0.22464080782996845,0.35183673815352046,0.310713761097537,0.5680609671737329,0.10147549323301336
BAKIRKÖY,ATAKÖY 3-4-11. KISIM,BAKIRKÖY|ATAKÖY 3-4-11. KISIM,2023,0.7060985296294676,636999.9196420931,0.0410480489474585,0.49676117280508103,28.0,0.44255177548375724,11.0,0.5114624079014813,3.0,0.0,0.0,0.14665781208026293,0.8581533577703108,2323.9085016258773,0.24721048060933157,0.37140084928551176,0.5279500511134897,0.6324124771567161,0.05301398891173529
BAKIRKÖY,ATAKÖY 7-8-9-10. KISIM,BAKIRKÖY|ATAKÖY 7-8-9-10. KISIM,2023,0.8299070343941851,2008188.9323335616,0.129406982714359,0.6446039045256321,78.0,0.5934520809378621,27.0,0.5783340962543281,5.0,0.42033638952773006,0.0,0.137515891187231,0.8581533577703108,6473.745111672088,0.22176583512137332,0.3434068306926284,0.7761019301822902,0.9053145831190337,0.2219525836038119
BAKIRKÖY,BASINKÖY,BAKIRKÖY|BASINKÖY,2023,0.6715542066611907,462374.7950913486,0.029795267841862,0.544202878655175,39.0,0.45680705642095987,12.0,0.0,0.0,0.257728077256096,0.0,0.1984899558232409,0.8581533577703108,3236.8725558360425,0.20013955294858607,0.0,0.8314645616166677,0.489301084236452,0.13704746065603646
BAKIRKÖY,CEVİZLİK,BAKIRKÖY|CEVİZLİK,2023,0.6621994887312983,423947.3080823207,0.0273190142050316,0.7214499975701577,132.0,0.7540771607483552,68.0,0.5630969699036719,5.0,0.42033638952773006,0.0,0.31402809970639045,0.8581533577703108,10955.568650521993,0.30999716455928655,0.32906578261171193,0.6447429530522625,0.5680609671737329,0.22797613300964023
BAKIRKÖY,KARTALTEPE,BAKIRKÖY|KARTALTEPE,2023,0.8721721376258672,2971863.9899184923,0.1915058617148725,0.9153289602365803,494.0,0.9613908386098493,220.0,0.8485824121594545,19.0,0.540173120997359,0.0,0.25717864074806895,0.8581533577703108,41000.385707256544,0.2748072670439826,0.3535679166551149,0.7107053983961762,0.686820903599663,0.28887346289069316
BAKIRKÖY,OSMANİYE,BAKIRKÖY|OSMANİYE,2023,0.8231105148751019,1885519.7621405956,0.1215022248844771,0.7990115878354371,224.0,0.7540771607483552,68.0,0.5530106218159129,5.0,0.0,0.0,0.22765764859929163,0.8581533577703108,18591.26801300702,0.19778482875928416,0.31968759073745723,0.755053379994119,0.812711509291959,0.22692724357386346
BAKIRKÖY,SAKIZAĞACI,BAKIRKÖY|SAKIZAĞACI,2023,0.7111079869750103,667293.7268954305,0.0430001711449597,0.6408209984347509,76.0,0.7994078953007748,88.0,0.48177961120057583,3.0,0.0,0.0,0.2240090923592174,0.8581533577703108,6307.751647270238,0.5738151969327647,0.3419324818765439,0.5291899444612167,0.489301084236452,0.20225075370002954
BAKIRKÖY,YENİMAHALLE,BAKIRKÖY|YENİMAHALLE,2023,0.6853081376255393,525286.3180996492,0.0338492640766729,0.574141778224404,48.0,0.4822927351010046,14.0,0.43736040993973285,2.0,0.16260831227163414,0.0,0.2052103376456688,0.8581533577703108,3983.843145644361,0.19094024410303936,0.37087806487692254,0.7027469521743263,0.686820903599663,0.2041936001797695
BAKIRKÖY,YEŞİLKÖY,BAKIRKÖY|YEŞİLKÖY,2023,0.8331770710144115,2070021.49782325,0.1333914513092589,0.8429198837487056,302.0,0.7759121360481404,77.0,1.0,9.0,0.6017222572298446,0.18673331429495207,0.24561933997927582,0.8581533577703108,25065.013124679102,0.16943583026290723,0.6612325737976555,0.6533113487845187,0.733951626354678,0.21063352258137938
BAKIRKÖY,YEŞİLYURT,BAKIRKÖY|YEŞİLYURT,2023,0.7140447914196842,685719.0014440356,0.04418748930344,0.5990178867163374,57.0,0.19565838377060382,2.0,1.0,2.0,0.16260831227163414,0.0,0.19727147379790824,0.8581533577703108,4730.813735452678,0.025728566660788377,1.0,0.5758153470901234,0.489301084236452,0.31556813111935017
BAKIRKÖY,ZEYTİNLİK,BAKIRKÖY|ZEYTİNLİK,2023,0.6629985810403004,427101.1839059558,0.0275222488447715,0.715796997378795,127.0,0.8013978147281852,89.0,0.576965362595638,6.0,0.16260831227163414,0.0,0.309802191591646,0.8581533577703108,10540.584989517372,0.3962230672638054,0.3101676768665622,0.656533410183908,0.6324124771567161,0.2863160777305522
BAKIRKÖY,ZUHURATBABA,BAKIRKÖY|ZUHURATBABA,2023,0.8073292680943162,1628810.869443137,0.1049599948656512,0.8462892856040951,309.0,0.8371364500495209,109.0,0.652036785906107,9.0,0.4878249368149024,0.0,0.2689900204595913,0.8581533577703108,25645.990250085568,0.2254130211162884,0.3080397768818899,0.7722527357875995,0.686820903599663,0.23127165699998517
BAKIRKÖY,ŞENLİKKÖY,BAKIRKÖY|ŞENLİKKÖY,2023,0.34943464986072664,23239.08501625877,0.0014975183980831,0.8035313145388503,231.0,0.9930538742028772,263.0,1.0,10.0,0.5829447017993643,0.0,0.6411016709133498,0.8581533577703108,19172.245138413487,0.5670893061179764,0.6382445775183776,0.7105456237101045,0.686820903599663,0.201062565899526
BAYRAMPAŞA,ALTINTEPSİ,BAYRAMPAŞA|ALTINTEPSİ,2023,0.8493952058053216,1482654.0660575985,0.1084094045317367,0.9009401030483565,448.0,1.0,270.0,1.0,19.0,0.42033638952773006,0.1178156039716956,0.2673161986562029,0.5993881726556801,22913.140211590744,0.3555241715944611,0.5021347706061096,0.7689921628582801,0.733951626354678,0.27907290833959747
BAYRAMPAŞA,CEVATPAŞA,BAYRAMPAŞA|CEVATPAŞA,2023,0.7990644612752514,929669.9768439396,0.0679760511288205,0.8389724842620407,294.0,0.9381841291659658,193.0,1.0,18.0,0.3252166245432683,0.27355936087800314,0.2714049401246375,0.5993881726556801,15036.748263856429,0.37652203197644674,0.5132852260471427,0.9296244798667994,0.5680609671737329,0.36403553429442626
BAYRAMPAŞA,KARTALTEPE,BAYRAMPAŞA|KARTALTEPE,2023,0.8910403536082194,2181555.9879133743,0.1595120473592293,0.9200220081904651,510.0,1.0,270.0,1.0,24.0,0.5625323369257385,0.0,0.24450680642294653,0.5993881726556801,26084.15515158768,0.3203262085502412,0.4547895163258789,0.841792068890862,0.6324124771567161,0.33013612748449706
BAYRAMPAŞA,KOCATEPE,BAYRAMPAŞA|KOCATEPE,2023,0.813116215775664,1059067.8445567177,0.0774374259077123,0.8637709728470935,348.0,0.9861767288220553,253.0,1.0,17.0,0.6646554340887362,0.0,0.2748523420803629,0.5993881726556801,17798.59998578924,0.40763854671077415,0.5251453539998778,0.8518896359566319,0.733951626354678,0.23356389159228727
BAYRAMPAŞA,MURATPAŞA,BAYRAMPAŞA|MURATPAŞA,2023,0.8611440189815338,1653326.273392595,0.1208886960879272,0.8774853729210076,382.0,1.0,270.0,1.0,15.0,0.3775648087257248,0.0,0.24347309500382863,0.5993881726556801,19537.54366256175,0.40285278605872715,0.5513596682004701,0.8013173798320534,0.686820903599663,0.282121646775049
BAYRAMPAŞA,ORTA,BAYRAMPAŞA|ORTA,2023,0.7818020355563621,792139.9901721372,0.0579200682116505,0.8121754335084791,245.0,0.9316391850514328,186.0,1.0,14.0,0.257728077256096,0.18673331429495207,0.26940792570064737,0.5993881726556801,12530.623553213689,0.4214087914409875,0.5659432574844452,0.779531477779976,0.686820903599663,0.3013764159363217
BAYRAMPAŞA,TERAZİDERE,BAYRAMPAŞA|TERAZİDERE,2023,0.7808018407912825,784826.1976492411,0.0573852948545827,0.9245703531520603,526.0,0.9775575015816633,241.0,1.0,20.0,0.257728077256096,0.0,0.34011527654231555,0.5993881726556801,26902.481587715924,0.2814010037099177,0.4916203668631068,0.6933363996509194,0.733951626354678,0.3534503206412367
BAYRAMPAŞA,VATAN,BAYRAMPAŞA|VATAN,2023,0.7351572404503023,513960.1472907933,0.037579982273946,0.8344016288376094,285.0,0.6967153985173783,49.0,1.0,14.0,0.16260831227163414,0.0,0.3225906993548877,0.5993881726556801,14576.43964353429,0.11836289795337618,0.5659432574844452,0.7766467475950166,0.489301084236452,0.3579089395530791
BAYRAMPAŞA,SEYİTNİZAM,BAYRAMPAŞA|SEYİTNİZAM,2023,0.797209628754095,913814.9021439548,0.0668167522428693,0.8163146901229145,252.0,1.0,270.0,1.0,16.0,0.4878249368149024,0.1178156039716956,0.25914534137986744,0.5993881726556799,12888.641369019791,0.5482911919527419,0.5378021930849753,0.7689029313179376,0.686820903599663,0.2124584348840287
BAYRAMPAŞA,YILDIRIM,BAYRAMPAŞA|YILDIRIM,2023,0.9080456826960593,2554201.388765272,0.1867593108529074,0.9523048080475287,635.0,1.0,270.0,1.0,29.0,0.540173120997359,0.0,0.24993773260033722,0.5993881726556801,32477.330433839565,0.2672142554904737,0.4175541581728257,0.8352565465944214,0.812711509291959,0.36890011573976544
BAYRAMPAŞA,İSMET PAŞA,BAYRAMPAŞA|İSMET PAŞA,2023,0.784368098503384,811217.2252143768,0.0593149665486176,0.8564040111267343,331.0,0.9177802896237908,172.0,0.6080529899714375,9.0,0.3775648087257248,0.0,0.2944702989003635,0.5993881726556801,16929.128147402982,0.3122027633322662,0.27013097406733444,0.7986873862716232,0.5680609671737329,0.3601568015514972
BAĞCILAR,100. YIL,BAĞCILAR|100. YIL,2023,0.9026440653861999,2463675.297457594,0.0690831717756702,0.9228811142290756,510.0,0.9505938398472666,207.0,0.7447622916837231,10.0,0.515456154512192,0.1178156039716956,0.23676577566537982,0.6068461884066312,26970.76115111471,0.2500011198308501,0.3744873315173569,0.9156244283778713,0.6324124771567161,0.18269097166053336
BAĞCILAR,15 TEMMUZ,BAĞCILAR|15 TEMMUZ,2023,0.9504735966155211,3838976.648770974,0.1076475798346948,0.9879816788179134,809.0,0.8627300329654786,126.0,0.7988731617291293,15.0,0.42033638952773006,0.2356312079433912,0.2366274676627022,0.6068461884066312,41960.28032933039,0.10798960669251886,0.3507042440824807,0.9306528613456917,0.686820903599663,0.249724290693296
BAĞCILAR,BARBAROS,BAĞCILAR|BARBAROS,2023,0.8395358416512847,1372189.3404113285,0.0384771451052027,0.7505489418965078,161.0,0.6931173784494173,48.0,0.37045381119904786,2.0,0.3252166245432683,0.0,0.18689772625989026,0.6068461884066312,8350.562587172055,0.19466791496718813,0.30245175628748433,0.9005625058813675,0.6324124771567161,0.10049601062748767
BAĞCILAR,BAĞLAR,BAĞCILAR|BAĞLAR,2023,0.7625874454410245,672194.3548431667,0.0188487980255302,0.851892183823824,321.0,0.7804211347567076,79.0,0.7658300633055153,10.0,0.5625323369257385,0.30454891826664765,0.31013301087791484,0.6068461884066312,16649.25832597658,0.16414946438450012,0.39471251378000677,0.9302262291235172,0.686820903599663,0.22820302072746917
BAĞCILAR,DEMİRKAPI,BAĞCILAR|DEMİRKAPI,2023,0.9160559239063949,2789969.640537714,0.0782326924838963,0.9636842760477797,686.0,1.0,270.0,0.7992573910162047,12.0,0.7899480906653683,0.0,0.25020046828980913,0.6068461884066312,35580.6579801244,0.25032716188200516,0.39241858301526145,0.9014212957259645,0.686820903599663,0.2037970726228188
BAĞCILAR,FATİH,BAĞCILAR|FATİH,2023,0.8869386341280163,2129756.527667447,0.0597198568305804,0.943216100315426,597.0,0.8419285580606907,112.0,0.6598832149120748,7.0,0.0,0.0,0.26185408334214666,0.6068461884066312,30964.508475414394,0.12827542592374347,0.35971297391672896,0.8848538035294785,0.686820903599663,0.18870114507494645
BAĞCILAR,FEVZİ ÇAKMAK,BAĞCILAR|FEVZİ ÇAKMAK,2023,0.8623943216617015,1696201.5421632775,0.0475626729806261,0.8982878922170298,440.0,0.8959005497300971,152.0,1.0,14.0,0.6017222572298446,0.0,0.25494806824814903,0.6068461884066312,22821.41328171245,0.22137817364492507,0.5659432574844452,0.9089542081373114,0.733951626354678,0.1829625963379413
BAĞCILAR,GÖZTEPE,BAĞCILAR|GÖZTEPE,2023,0.8344321790108071,1308756.184857841,0.0366984352297997,0.8555126171515238,329.0,0.9990241294162723,270.0,0.7479506037791819,9.0,0.257728077256096,0.0,0.25216108446340363,0.6068461884066312,17064.193112916808,0.44952557413827204,0.3973846481635323,0.9167554178109824,0.686820903599663,0.20581984396654418
BAĞCILAR,GÜNEŞLİ,BAĞCILAR|GÜNEŞLİ,2023,0.8980480398831283,2360875.2039931524,0.0662005855344201,0.9822247710588654,778.0,0.9157093833140622,170.0,0.7275849522246288,8.0,0.515456154512192,0.0,0.2763744964988067,0.6068461884066312,40352.408029937,0.14744124131037653,0.3999646152107535,0.8777778829130477,0.7755238700769802,0.29960427822576885
BAĞCILAR,HÜRRİYET,BAĞCILAR|HÜRRİYET,2023,0.8358501302389971,1326079.712212596,0.0371841990060749,0.8307459487640586,278.0,0.7891104647084658,83.0,0.41614015446945213,4.0,0.4878249368149024,0.0,0.23617291873105706,0.6068461884066312,14418.983846172863,0.19491184320040195,0.23456227518090286,0.8974448407065696,0.6324124771567161,0.24172551323927602
BAĞCILAR,KAZIM KARABEKİR,BAĞCILAR|KAZIM KARABEKİR,2023,0.8412462911931335,1394129.017270793,0.0390923489296471,0.809146061066299,240.0,0.7231483982391199,57.0,0.4765972238450694,4.0,0.3775648087257248,0.0,0.21910163085851742,0.6068461884066312,12448.04360820679,0.1589791511714184,0.28750362670525187,0.8798212208935183,0.686820903599663,0.23103598294909802
BAĞCILAR,KEMALPAŞA,BAĞCILAR|KEMALPAŞA,2023,0.8618820251357199,1688162.1806663107,0.0473372436832529,0.8896783751600863,415.0,0.7461604824897238,65.0,1.0,7.0,0.515456154512192,0.0,0.250181981909573,0.6068461884066312,21524.742072524237,0.10855658680190584,0.7166123773652383,0.9078692161903831,0.5680609671737329,0.11667666310910946
BAĞCILAR,KİRAZLI,BAĞCILAR|KİRAZLI,2023,0.6340445690277332,204044.1814778563,0.0057215410055891,0.9919350890713428,831.0,1.0,270.0,0.8241913872041831,17.0,0.4878249368149024,0.0,0.511394232929283,0.6068461884066312,43101.35099341601,0.21226610280948782,0.3513217769226635,0.8301724155554618,0.733951626354678,0.23249588080149192
BAĞCILAR,MAHMUTBEY,BAĞCILAR|MAHMUTBEY,2023,0.8449412359638523,1442728.254191167,0.0404551053918324,0.9223137087063129,518.0,0.9621948848329973,221.0,1.0,18.0,0.5625323369257385,0.18673331429495207,0.28412439838154335,0.6068461884066312,26867.027454379655,0.2650900814826879,0.5132852260471427,0.9383066234675548,0.8770630192749421,0.14339533327106488
BAĞCILAR,SARIYER MERKEZ,BAĞCILAR|SARIYER MERKEZ,2023,0.835224115819332,1318403.4186542016,0.0369689503866476,0.8085326495627443,239.0,0.8762286077254519,136.0,0.31367345566484983,1.0,0.16260831227163414,0.0,0.22354847234738118,0.6068461884066312,12396.176759839262,0.3360695534226719,0.363702887161356,0.8098440199558022,0.812711509291959,0.22428957735345179
BAĞCILAR,SANCAKTEPE,BAĞCILAR|SANCAKTEPE,2023,0.8000741201277187,951652.9338474092,0.0266850112787367,0.8495834472826911,315.0,1.0,270.0,1.0,3.0,0.257728077256096,0.0,0.27706023459926243,0.6068461884066312,16389.92408413894,0.4651892289458128,0.9073449700788264,0.8511148869708985,0.5680609671737329,0.39224532102691134
BAĞCILAR,YAVUZ SELİM,BAĞCILAR|YAVUZ SELİM,2023,0.8436033021635516,1424937.9252011047,0.0399562521724839,0.9662388897350923,698.0,0.883862459283503,142.0,1.0,12.0,0.0,0.0,0.3124683593361301,0.6068461884066312,36203.06016053475,0.13815645211907565,0.5988394212823303,0.8532690817399435,0.812711509291959,0.37191317322377493
BAĞCILAR,YENİGÜN,BAĞCILAR|YENİGÜN,2023,0.8154803092190446,1097813.712547104,0.0307834613432386,0.8317997050590257,280.0,0.7848187887064582,81.0,0.37045381119904786,2.0,0.0,0.0,0.2534461580434,0.6068461884066312,14522.717542907922,0.18956375940511477,0.30245175628748433,0.7559876290825757,0.6324124771567161,0.15226133721265164
BAĞCILAR,YENİMAHALLE,BAĞCILAR|YENİMAHALLE,2023,0.8670250795993165,1770630.4695706808,0.0496497119595332,0.8812877806813785,392.0,0.9605831459060976,219.0,0.83054876231275,15.0,0.3775648087257248,0.0,0.2409504230197132,0.6068461884066312,20331.80456007109,0.33112518569268157,0.38031393159992444,0.9583746328226714,0.6324124771567161,0.24623647027160875
BAĞCILAR,YILDIZTEPE,BAĞCILAR|YILDIZTEPE,2023,0.8534900015121085,1561762.6711946444,0.0437929133755201,0.8835230545664706,398.0,0.8875600855822072,145.0,0.5632578335997805,7.0,0.3252166245432683,0.0,0.25337232402438836,0.6068461884066312,20643.00565027626,0.23176728588656506,0.2725413292059116,0.7829709909223227,0.686820903599663,0.15689778947059396
BAĞCILAR,ÇINAR,BAĞCILAR|ÇINAR,2023,0.8585683213512213,1637073.3350242954,0.04590467685801,0.8871748562238777,407.0,1.0,270.0,0.4551906229252971,3.0,0.3775648087257248,0.0,0.25139683943978614,0.6068461884066312,21161.674133951543,0.3827476485764339,0.3160948563715445,0.8460530749859765,0.6324124771567161,0.2401172548512432
BAĞCILAR,İNÖNÜ,BAĞCILAR|İNÖNÜ,2023,0.8261893152582909,1212439.447439341,0.0339976468090119,0.8477100855497127,312.0,0.6172334792828835,31.0,0.4918593788034266,4.0,0.515456154512192,0.0,0.25423619609452497,0.6068461884066312,16182.456690668829,0.0706716976076661,0.30146165009592596,0.8802902693404084,0.686820903599663,0.15092570962896332
BAŞAKŞEHİR,ALTINŞEHİR,BAŞAKŞEHİR|ALTINŞEHİR,2023,0.8330039951233702,1521203.7039016837,0.0480184969849837,0.9284382780013846,540.0,1.0,270.0,1.0,8.0,0.0,0.0,0.2979715794131479,0.6941301251093459,32988.6349988719,0.3057158138150294,0.6870975992038014,0.9215052727125966,0.6324124771567161,0.2420524356571614
BAŞAKŞEHİR,BAHÇEŞEHİR 1. KISIM,BAŞAKŞEHİR|BAHÇEŞEHİR 1. KISIM,2023,0.8748078300849913,2241577.7481733453,0.0707579097172807,0.9179871448385971,503.0,0.9854741798402946,252.0,1.0,29.0,0.6646554340887362,0.0,0.25661024066145505,0.6941301251093459,30728.30260080105,0.3029933058209522,0.4175541581728257,0.8361945792743215,0.733951626354678,0.25292513327822497
BAŞAKŞEHİR,BAHÇEŞEHİR 2. KISIM,BAŞAKŞEHİR|BAHÇEŞEHİR 2. KISIM,2023,0.9281423163393075,3675850.28984652,0.116032327299444,0.9736475721421226,734.0,0.9990241294162723,270.0,1.0,25.0,0.6504332490865365,0.0,0.24627237381412206,0.6941301251093459,44840.10757254069,0.23517750649913108,0.4466671791192252,0.6497971889689415,0.733951626354678,0.25989290211908683
BAŞAKŞEHİR,BAŞAK,BAŞAKŞEHİR|BAŞAK,2023,0.9444348874961112,4275388.185918611,0.1349574118105331,0.8581708017535407,335.0,0.7869775537551676,82.0,0.6652991662742124,6.0,0.6646554340887362,0.0,0.16756977587714209,0.6941301251093459,20465.17171226312,0.1633528766315652,0.39367140219346763,0.8449035041947681,0.8770630192749421,0.2620782858777299
BAŞAKŞEHİR,BAŞAKŞEHİR,BAŞAKŞEHİR|BAŞAKŞEHİR,2023,0.9461332786900764,4343259.247925549,0.1370998378235574,0.8103652849815642,242.0,0.9372637346837582,192.0,1.0,10.0,0.6352928859818208,0.0,0.14150319509437306,0.6941301251093459,14783.795684679628,0.4357755094153217,0.6382445775183776,0.8695871542346302,0.5680609671737329,0.2627119607946005
BAŞAKŞEHİR,GÜVERCİNTEPE,BAŞAKŞEHİR|GÜVERCİNTEPE,2023,0.9507907326742626,4534959.8713078825,0.1431510824940075,1.0,872.75,1.0,270.0,1.0,15.0,0.42033638952773006,0.1178156039716956,0.2435250885652104,0.6941301251093459,53621.804389370016,0.20236114352296994,0.5513596682004701,0.9077388318217219,0.5680609671737329,0.2941303935454764
BAŞAKŞEHİR,KAYABAŞI,BAŞAKŞEHİR|KAYABAŞI,2023,1.0,7157495.263653386,0.2259343465022147,0.9051507693423202,461.0,0.9811996721938143,246.0,0.6331005514933695,5.0,0.7551296174514496,0.4815669033537717,0.15236649428674548,0.6941301251093459,28162.519878666568,0.31903724036851244,0.39653922536356284,0.8166274408612474,0.7755238700769802,0.2654017671349161
BAŞAKŞEHİR,ZİYA GÖKALP,BAŞAKŞEHİR|ZİYA GÖKALP,2023,0.8530809782359194,1832518.674187334,0.0578455023516548,0.880157313432779,389.0,1.0,270.0,0.6778648495203708,7.0,0.456499245823252,0.27355936087800314,0.2516804111549739,0.6941301251093459,23764.035212150313,0.39723016101593983,0.37689856030075414,0.9211210104217691,0.846351820920547,0.2814114024751018
BAŞAKŞEHİR,İKITELLI OSB,BAŞAKŞEHİR|İKITELLI OSB,2023,0.07474546436220723,1282.8913610672405,4.049590123628201e-05,0.9758390746898565,745.0,0.9621948848329973,221.0,0.752666631178346,12.0,0.16260831227163414,0.7827499296993976,1.0,0.6941301251093459,45512.09828548067,0.19380975000762526,0.3484751597453223,0.8074490887081793,0.5680609671737329,0.2734007832393535
BAŞAKŞEHİR,ŞAHİNTEPE,BAŞAKŞEHİR|ŞAHİNTEPE,2023,0.8609035768524035,1970398.950469656,0.0621978475464304,1.0,872.75,0.9753359018481216,238.0,0.847376721501484,21.0,0.42033638952773006,0.18673331429495207,0.3187859137878617,0.6941301251093459,53621.804389370016,0.17899360956115834,0.33450889773993436,0.8598082863455893,0.686820903599663,0.24623647027160875
BAŞAKŞEHİR,ŞAMLAR,BAŞAKŞEHİR|ŞAMLAR,2023,0.5640961308968705,125601.17325496412,0.0039647415686569,0.6748853993427565,96.0,0.5997017023825433,28.0,0.0,0.0,0.16260831227163414,0.3307502157051291,0.3688944605138209,0.6941301251093459,5864.646222021671,0.19094024410303936,0.0,0.7951906312524021,0.733951626354678,0.1537231019692741
BEYKOZ,ACARLAR,BEYKOZ|ACARLAR,2023,0.6857840806272543,376965.3525309828,0.0243835080492042,0.5112835695562822,31.0,0.4100810471869776,9.0,0.689439218214894,4.0,0.0,0.0,0.16903920106260115,0.6782450263094177,1838.2768489004984,0.19016350848406144,0.4985983437753153,0.6836198684169772,0.7755238700769802,0.08826003029030155
BEYKOZ,AKBABA,BEYKOZ|AKBABA,2023,0.5790510416160847,140064.8360355799,0.0090599097077584,0.6536573739310277,83.0,0.8570304766204851,122.0,1.0,10.0,0.0,0.0,0.3424180388368331,0.6782450263094177,4921.838014798109,0.6745596234039679,0.6382445775183776,0.6780489296877729,0.7755238700769802,0.11515532909779529
BEYKOZ,ALİBAHADIR,BEYKOZ|ALİBAHADIR,2023,0.7081165354862157,463720.15994844824,0.029995128668362,0.5112835695562822,31.0,0.6331930405551094,34.0,0.8227548030134716,7.0,0.0,0.0,0.15293550419853247,0.6782450263094177,1838.2768489004984,0.5523787966300898,0.5237120268582355,0.5030689638618362,0.686820903599663,0.1258084954365114
BEYKOZ,ANADOLU HİSARI,BEYKOZ|ANADOLU HİSARI,2023,0.5851284806321116,148188.8337226563,0.0095853998135852,0.6851649473375734,103.0,0.49378678342630683,15.0,0.6338556868830031,4.0,0.16260831227163414,0.0,0.3572527974410348,0.6782450263094177,6107.823078604882,0.10143031348531782,0.4405768697010306,0.6500625658257115,0.5680609671737329,0.18831353757939026
BEYKOZ,ANADOLU KAVAĞI,BEYKOZ|ANADOLU KAVAĞI,2023,0.5859021102530823,149256.2202800824,0.0096544423092413,0.7169450596246193,128.0,0.6115791651421031,30.0,1.0,15.0,0.0,0.0,0.3768797813779942,0.6782450263094177,7590.304408363349,0.157092792405043,0.5513596682004701,0.7476078723756054,0.6324124771567161,0.4849943052851955
BEYKOZ,ANADOLUFENERİ,BEYKOZ|ANADOLUFENERİ,2023,0.694308444097112,407978.8619495299,0.0263895761174336,0.5615788509140314,44.0,0.3191050796271805,5.0,0.675674504257763,5.0,0.0,0.0,0.19098205769913942,0.6782450263094177,2609.167140374901,0.08029834078163454,0.4393541902212401,0.47694239770937336,0.5680609671737329,0.18815564957082645
BEYKOZ,BAKLACI,BEYKOZ|BAKLACI,2023,0.6039229609211778,176415.2782412575,0.0114111902542681,0.655403255302033,84.0,0.5045837821888896,16.0,0.3966104616996425,1.0,0.0,0.0,0.3221810610562821,0.6782450263094177,4981.137267988447,0.13007712813479697,0.45986795310051104,0.7913954329361261,0.812711509291959,0.09762133411662027
BEYKOZ,BOZHANE,BEYKOZ|BOZHANE,2023,0.43936806233879966,38307.31756095877,0.0024778584552125,0.5829082334263169,51.0,0.0,0.0,0.5143051888321012,1.0,0.16260831227163414,0.0,0.4182033866820904,0.6782450263094177,3024.261912707271,0.0,0.5963344321368499,0.4025501479044967,0.6324124771567161,0.1809965891965366
BEYKOZ,CUMHURİYET,BEYKOZ|CUMHURİYET,2023,0.560903941886643,118361.30936791596,0.0076560456294182,0.7075002186450978,120.0,0.3191050796271805,5.0,0.5143051888321012,1.0,0.0,0.0,0.39257252511589624,0.6782450263094177,7115.910382840639,0.030455432491941957,0.5963344321368499,0.6365800685619265,0.0,0.2339718183763476
BEYKOZ,DERESEKİ,BEYKOZ|DERESEKİ,2023,0.5421359823762104,99444.84760019791,0.0064324591786244,0.6763984921356606,97.0,0.8959005497300971,152.0,1.0,10.0,0.0,0.0,0.388945632015674,0.6782450263094177,5752.027559462848,0.7033368451791074,0.6382445775183776,0.3987689991212507,0.686820903599663,0.17485075926595317
BEYKOZ,ELMALI,BEYKOZ|ELMALI,2023,0.5729973733084839,132415.2323740262,0.0085651051555565,0.6482922279852514,80.0,0.55050209871912,21.0,0.7007040130356097,5.0,0.0,0.1178156039716956,0.3442142616666428,0.6782450263094177,4743.940255227092,0.17390073846369455,0.4650571884656572,0.6180877991049274,0.686820903599663,0.18774983595044326
BEYKOZ,FATİH,BEYKOZ|FATİH,2023,0.6408155071220316,248404.57161432863,0.0160677230168502,0.657128716539563,85.0,0.5147634633977843,17.0,0.26842824304471,1.0,0.0,0.0,0.2919155511598508,0.6782450263094177,5040.436521178785,0.136021816915607,0.3112412772833535,0.550371436792971,0.5680609671737329,0.20173663371284223
BEYKOZ,GÖKSU,BEYKOZ|GÖKSU,2023,0.5941043996461483,161056.7716649598,0.0104177454556612,0.6748853993427565,96.0,0.5732687026608015,24.0,0.6682629384170182,6.0,0.3252166245432683,0.0,0.3429615822846539,0.6782450263094177,5692.728306272511,0.166477249407549,0.3965849146704987,0.7723512707039271,0.6324124771567161,0.1113963007662226
BEYKOZ,GÖLLÜ,BEYKOZ|GÖLLÜ,2023,0.357918349253819,17967.673716672612,0.0011622153435439,0.5327015824431515,36.0,0.0,0.0,0.5718351917500946,3.0,0.0,0.0,0.45681826033519124,0.6782450263094177,2134.7731148521916,0.0,0.433107023667932,0.5098739978912831,0.5680609671737329,0.3036635295385118
BEYKOZ,GÖRELE,BEYKOZ|GÖRELE,2023,0.5617108918540491,119250.79816577103,0.0077135810424649,0.601539747340635,58.0,0.5045837821888896,16.0,0.6772720942146737,5.0,0.0,0.0,0.3241396160552275,0.6782450263094177,3439.356685039642,0.18175534975999158,0.4409836491992088,0.5768290011131787,0.6324124771567161,0.12416994344167395
BEYKOZ,GÖZTEPE,BEYKOZ|GÖZTEPE,2023,0.7251580913615658,543121.8599703118,0.0351311232063335,0.8264540023098583,270.0,0.656974438900131,39.0,0.7851050360500327,10.0,0.257728077256096,0.0,0.326158271940412,0.6782450263094177,16010.798361391437,0.10065716353237768,0.4135266482957054,0.7159184371444041,0.686820903599663,0.21926998317595553
BEYKOZ,GÜMÜŞSUYU,BEYKOZ|GÜMÜŞSUYU,2023,0.7688342853472233,814356.6440629207,0.0526755884913831,0.935623073559533,558.0,0.9669443912566117,227.0,1.0,14.0,0.42033638952773006,0.0,0.35741301865655384,0.6782450263094177,33622.676558922016,0.25121457117067736,0.5659432574844452,0.7986873862716232,0.3877619350384901,0.23121576426690812
BEYKOZ,KANLICA,BEYKOZ|KANLICA,2023,0.6266732172422105,217865.45622130425,0.0140923405022457,0.6718118453793613,94.0,0.4822927351010046,14.0,0.6248644277424484,4.0,0.257728077256096,0.0,0.3131111475737507,0.6782450263094177,5574.1297998918335,0.1035795537031092,0.4313494115499171,0.7690278460706639,0.489301084236452,0.15375437276362694
BEYKOZ,KAVACIK,BEYKOZ|KAVACIK,2023,0.82665421090897,1392168.5671495807,0.0900505928065391,0.8429198837487056,302.0,0.8387481889764207,110.0,0.6716170806110707,9.0,0.4878249368149024,0.0,0.25096493372809686,0.6782450263094177,17908.374463482276,0.23172178948790484,0.32557876392839363,0.7045569457777474,0.6324124771567161,0.1950345992395587
BEYKOZ,KAYNARCA,BEYKOZ|KAYNARCA,2023,0.4670042432937515,49514.876413932776,0.0032028046596013,0.5829082334263169,51.0,0.6524654401915636,38.0,1.0,7.0,0.0,0.0,0.3940564038879998,0.6782450263094177,3024.261912707271,0.4154111530076206,0.7166123773652383,0.3968555619868222,0.6324124771567161,0.318218431292234
BEYKOZ,KILIÇLI,BEYKOZ|KILIÇLI,2023,0.43580994988328847,37062.03324396166,0.002397308876947,0.574141778224404,48.0,0.4100810471869776,9.0,0.6718315613094932,6.0,0.0,0.0,0.41560454978319233,0.6782450263094177,2846.3641531362555,0.12820965658490438,0.4001016706978336,0.4195120134445112,0.6324124771567161,0.5072987263894527
BEYKOZ,MAHMUTŞEVKETPAŞA,BEYKOZ|MAHMUTŞEVKETPAŞA,2023,0.5415560501766179,98911.15432148488,0.0063979379307964,0.6748853993427565,96.0,0.7912181335192904,84.0,0.7948231855371783,7.0,0.0,0.0,0.38847823632278167,0.6782450263094177,5692.728306272511,0.4689763157307049,0.49443252869736803,0.3634194219249974,0.733951626354678,0.2717648231622521
BEYKOZ,SARIYER MERKEZ,BEYKOZ|SARIYER MERKEZ,2023,0.6727283243838857,333973.39396798733,0.0216026297519456,0.8414519586616371,295.0,0.8183721704037509,98.0,1.0,19.0,0.3252166245432683,0.0,0.38090817983741954,0.6782450263094177,17730.47670391126,0.21150100847577574,0.5021347706061096,0.7637239055337248,0.686820903599663,0.2612912166663563
BEYKOZ,ORTAÇEŞME,BEYKOZ|ORTAÇEŞME,2023,0.6996584951562764,428733.60056614847,0.0277320690885239,0.8838923294878371,398.0,0.7136897541929441,54.0,1.0,11.0,0.0,0.0,0.3845391697866339,0.6782450263094177,23660.402022945123,0.09469722565357659,0.6175824918424769,0.782617484909276,0.6324124771567161,0.24370793256188458
BEYKOZ,PAŞABAHÇE,BEYKOZ|PAŞABAHÇE,2023,0.6416870086485386,250420.74622280017,0.0161981366197561,0.7134737170160842,121.0,0.5997017023825433,28.0,1.0,10.0,0.16260831227163414,0.0,0.32653523503206605,0.6782450263094177,7412.406648792332,0.15079565601557168,0.6382445775183776,0.8258323864274143,0.489301084236452,0.28451866472516246
BEYKOZ,PAŞAMANDIRA,BEYKOZ|PAŞAMANDIRA,2023,0.4018778641523145,27040.459454794425,0.0017490765566205,0.6947746394394643,110.0,0.6331930405551094,34.0,0.6075218463909754,4.0,0.16260831227163414,0.0,0.5240112260715853,0.6782450263094177,6522.917850937252,0.20093704580339977,0.413689403042953,0.4586543967141667,0.6324124771567161,0.3473949592813964
BEYKOZ,POLONEZKÖY,BEYKOZ|POLONEZKÖY,2023,0.38394937230431586,22889.51173147072,0.0014805779624025,0.30677014173376926,7.0,0.49378678342630683,15.0,0.5438822475040461,3.0,0.0,0.0,0.2817222647438251,0.6782450263094177,415.09477233237055,0.8543311025809259,0.40426404140985683,0.47662100682920067,0.7755238700769802,0.04702417102463626
BEYKOZ,POYRAZKÖY,BEYKOZ|POYRAZKÖY,2023,0.4741168148647744,52894.93384578208,0.0034214392291788,0.6267603399448642,69.0,0.24689339171315342,3.0,0.6823969739298128,4.0,0.0,0.0,0.41628214347154374,0.6782450263094177,4091.648470133367,0.03175179162722154,0.49116096682148674,0.6364344485181425,0.6324124771567161,0.1472954497901653
BEYKOZ,RÜZGARLIBAHÇE,BEYKOZ|RÜZGARLIBAHÇE,2023,0.6982626030637544,423218.77001944697,0.0273753495276342,0.7763797071434277,192.0,0.5732687026608015,24.0,0.6448584812429617,8.0,0.3252166245432683,0.0,0.31772580168076026,0.6782450263094177,11385.456612545022,0.08787256314360421,0.3219217228609956,0.751212453921775,0.733951626354678,0.08346028732634646
BEYKOZ,RİVA,BEYKOZ|RİVA,2023,0.613983097103611,193671.36091964605,0.0125273772673747,0.7923047395497121,213.0,1.0,270.0,0.8779568253368402,17.0,0.0,0.0,0.4006584470247437,0.6782450263094177,12690.040182732471,0.6142373156741326,0.40202866794818287,0.3596866559952957,0.5680609671737329,0.3592969963321926
BEYKOZ,SOĞUKSU,BEYKOZ|SOĞUKSU,2023,0.7469460553360033,664744.6282636963,0.042998132016923,0.7970313533507207,212.0,0.4822927351010046,14.0,0.6769247173110187,5.0,0.0,0.0,0.2892945046885112,0.6782450263094177,13105.134955064845,0.04582476543326483,0.4406292098300828,0.7638515789749009,0.5680609671737329,0.19584612627703704
BEYKOZ,TOKATKÖY,BEYKOZ|TOKATKÖY,2023,0.7696166082123678,820286.5693819546,0.0530591579116946,0.9422259942227439,593.0,0.9875735668526137,243.0,1.0,22.0,0.0,0.0,0.36091673417879094,0.6782450263094177,35164.45714187082,0.26685342463060463,0.47225720261824455,0.6772777553311388,0.6324124771567161,0.15505534025283213
BEYKOZ,YALIKÖY,BEYKOZ|YALIKÖY,2023,0.6515601914458653,274436.9437648873,0.0177515927720178,0.8443733462845094,285.0,0.886336053712944,144.0,1.0,20.0,0.16260831227163414,0.1178156039716956,0.4012015934881893,0.6782450263094177,18086.27222305329,0.2885075625887737,0.4916203668631068,0.7603800252331984,0.5680609671737329,0.3033193426723146
BEYKOZ,YAVUZ SELİM,BEYKOZ|YAVUZ SELİM,2023,0.6694632948274046,324011.1194320104,0.0209582331258222,0.6158275425252098,64.0,0.5422170729953125,20.0,0.6161775404363763,6.0,0.0,0.0,0.2426948179026102,0.6782450263094177,3795.152204181674,0.20287737068030098,0.34639464410498594,0.6040552228372599,0.733951626354678,0.06439625338517581
BEYKOZ,SEYMEN MAHALLE,BEYKOZ|SEYMEN MAHALLE,2023,0.8051704444680081,1140680.4343693545,0.0737834136911268,0.9736475721421226,734.0,0.9136141128419197,168.0,0.8184309799735174,15.0,0.0,0.0,0.35007342348348885,0.6782450263094177,43525.65184170857,0.15376592826452504,0.3688798084257666,0.7768884872771763,0.733951626354678,0.2561982205968069
BEYKOZ,ZERZAVATÇI,BEYKOZ|ZERZAVATÇI,2023,0.5026964142125272,68965.03146036385,0.0044609123582231,0.585718323228703,51.0,0.44255177548375724,11.0,0.6721353408859828,4.0,0.0,0.0,0.3648457785817252,0.6782450263094177,3083.56116589761,0.14316114885742856,0.4803660744664495,0.5111483328845723,0.733951626354678,0.27246799785325626
BEYKOZ,ÇAMLIBAHÇE,BEYKOZ|ÇAMLIBAHÇE,2023,0.6794086929609346,355321.1251165092,0.0229834796650671,0.8805350991809929,389.0,0.8511424714135982,116.0,1.0,17.0,0.16260831227163414,0.0,0.40002965299900706,0.6782450263094177,23126.708744232074,0.19720809733163686,0.5251453539998778,0.7978594925280419,0.5680609671737329,0.2781892891217549
BEYKOZ,ÇENGELDERE,BEYKOZ|ÇENGELDERE,2023,0.6614582068420086,300825.111434588,0.0194584766924041,0.7763797071434277,192.0,0.5584187769777513,22.0,0.26514886319755115,1.0,0.16260831227163414,0.0,0.3493142865442697,0.6782450263094177,11385.456612545022,0.08093247128699357,0.30743885187256315,0.3317690450670922,0.6324124771567161,0.1320547238706323
BEYKOZ,ÇUBUKLU,BEYKOZ|ÇUBUKLU,2023,0.8161760043529338,1263251.9907137842,0.0817117936089663,0.9287107162211148,541.0,0.7759121360481404,77.0,1.0,17.0,0.257728077256096,0.0,0.3124275820576545,0.6782450263094177,32080.89597597321,0.0992768588007377,0.5251453539998778,0.6273477945773286,0.733951626354678,0.191006133125482
BEYKOZ,ÇİFTLİK,BEYKOZ|ÇİFTLİK,2023,0.671940573648383,331542.1245871834,0.0214453662896179,0.7514567924788029,162.0,0.5584187769777513,22.0,0.4497760944290495,2.0,0.0,0.0,0.3245665234488325,0.6782450263094177,9606.479016834865,0.09500214840872595,0.3838548966883382,0.6365800685619265,0.0,0.16488023973299232
BEYKOZ,ÇİĞDEM,BEYKOZ|ÇİĞDEM,2023,0.7440804254133137,647310.6478257368,0.0418704379212071,0.8127739140617598,246.0,0.656974438900131,39.0,1.0,9.0,0.16260831227163414,0.0,0.30148196353500073,0.6782450263094177,14587.61628482331,0.109787621977492,0.6612325737976555,0.7767072056333016,0.5680609671737329,0.22215978366203532
BEYKOZ,ÖRNEKKÖY,BEYKOZ|ÖRNEKKÖY,2023,0.6323319909049798,229606.7083529913,0.0148518079544626,0.5829082334263169,51.0,0.5335277430435542,19.0,0.6920142402209472,5.0,0.0,0.0,0.25306116301888393,0.6782450263094177,3024.261912707271,0.23625278535233904,0.45609221005040956,0.4497463268750856,0.5680609671737329,0.11757556377471322
BEYKOZ,ÖĞÜMCE,BEYKOZ|ÖĞÜMCE,2023,0.6557187478001242,285229.4078455289,0.0184496891169848,0.564821294711622,45.0,0.19565838377060382,2.0,0.5143051888321012,1.0,0.0,0.0,0.2231170978707207,0.6782450263094177,2668.4663935652393,0.0324422632124977,0.5963344321368499,0.37890181657573524,0.6324124771567161,0.2703508110371312
BEYKOZ,İNCİRKÖY,BEYKOZ|İNCİRKÖY,2023,0.789848646964091,989585.9372403714,0.0640100648615889,0.8900325776208936,411.0,0.7488386673333082,66.0,1.0,14.0,0.0,0.2356312079433912,0.3107222721538521,0.6782450263094177,24668.489327180876,0.10986312974483935,0.5659432574844452,0.6451294176922305,0.812711509291959,0.14699571858690977
BEYKOZ,İSHAKLI,BEYKOZ|İSHAKLI,2023,0.5192398026140105,80409.7873260992,0.0052012013394244,0.6999973177217712,114.0,0.3703400875697301,7.0,0.6590146345061757,4.0,0.0,0.0,0.42413231569120985,0.6782450263094177,6760.114863698605,0.044458951962665985,0.466640071962473,0.3586308603172604,0.489301084236452,0.17479158010111842
BEYLİKDÜZÜ,ADNAN KAHVECİ,BEYLİKDÜZÜ|ADNAN KAHVECİ,2023,0.9938023224180272,5946728.213074139,0.2647933243328642,0.9095548353153423,475.0,0.9381841291659658,193.0,1.0,4.0,0.7355687751306029,0.27355936087800314,0.15907549636259674,0.6259296831930753,25535.35921686343,0.2543847148689832,0.8420495936759295,0.8461613306342671,0.7755238700769802,0.26839518204410473
BEYLİKDÜZÜ,BARIŞ,BEYLİKDÜZÜ|BARIŞ,2023,0.9633220890415394,4482503.836253699,0.1995949788871973,0.8481806609217827,313.0,0.7616568551109377,71.0,1.0,6.0,0.4878249368149024,0.0,0.14880201603053742,0.6259296831930753,16826.457757638433,0.1525229049366071,0.7509086744450439,0.8480254740599974,0.686820903599663,0.37510737539604516
BEYLİKDÜZÜ,BÜYÜKŞEHİR,BEYLİKDÜZÜ|BÜYÜKŞEHİR,2023,0.8159429134349067,1142747.6439428758,0.0508837694730895,0.7134737170160842,125.0,0.5802537522775366,25.0,1.0,5.0,0.42033638952773006,0.0,0.18409319489425024,0.6259296831930753,6719.831372858798,0.136021816915607,0.7917411792061718,0.6555679272285548,0.686820903599663,0.21643021426352216
BEYLİKDÜZÜ,CUMHURİYET,BEYLİKDÜZÜ|CUMHURİYET,2023,0.8325091993336566,1332515.6819124082,0.0593336780321527,0.6536573739310277,83.0,0.5335277430435542,19.0,1.0,5.0,0.3252166245432683,0.18673331429495207,0.1402966026480822,0.6259296831930753,4461.968031578242,0.1537858583938125,0.7917411792061718,0.6706005324332937,0.686820903599663,0.2233219992651457
BEYLİKDÜZÜ,DEREAĞZI,BEYLİKDÜZÜ|DEREAĞZI,2023,0.7329786833095203,529415.1948793075,0.0235735692605252,0.97799849820196,756.0,1.0,270.0,1.0,20.0,0.0,0.0,0.4155638780388756,0.6259296831930753,40641.54014305001,0.23037204135918918,0.4916203668631068,0.8832781098060306,0.5680609671737329,0.2706577203791137
BEYLİKDÜZÜ,GÜRPINAR,BEYLİKDÜZÜ|GÜRPINAR,2023,0.8196132249206259,1182314.0110662682,0.0526455634389452,0.9548345314435301,646.0,0.944497051103912,200.0,0.7740835205499037,12.0,0.3252166245432683,0.0,0.3258250511494084,0.6259296831930753,34728.088534934264,0.20122571073044407,0.3684381585219196,0.9134004685369848,0.489301084236452,0.22067825130173727
BEYLİKDÜZÜ,KAVAKLI,BEYLİKDÜZÜ|KAVAKLI,2023,0.8364054177350718,1381543.571608786,0.0615167705550608,0.9593257536054465,666.0,1.0,270.0,0.8101029240722557,16.0,0.4878249368149024,0.18673331429495207,0.31428942486586214,0.6259296831930753,35803.26155459168,0.2566861279659894,0.3493524236014424,0.8842209418445716,0.686820903599663,0.2233864262899729
BEYLİKDÜZÜ,MARMARA,BEYLİKDÜZÜ|MARMARA,2023,0.8616033732286054,1745220.8455079042,0.0777104338417641,0.8842606823734845,400.0,0.8555766241719459,121.0,0.6032761275243675,6.0,0.4878249368149024,0.27355936087800314,0.24715614986884024,0.6259296831930753,21503.46039314815,0.19717138114793212,0.33431755542751773,0.891212409589334,0.5680609671737329,0.3171893002747868
BEYLİKDÜZÜ,SAHİL,BEYLİKDÜZÜ|SAHİL,2023,0.6944180881439393,370235.8293190283,0.0164856997864782,0.8197724715553535,258.0,0.7350258609986798,61.0,0.6415517074620452,6.0,0.0,0.0,0.3483622531151123,0.6259296831930753,13869.73195358056,0.15833627780579843,0.37057037968370016,0.9240252494825903,0.489301084236452,0.2738272301422924
BEYLİKDÜZÜ,YAKUPLU,BEYLİKDÜZÜ|YAKUPLU,2023,0.9599568182414357,4344774.1724355845,0.1934622123919225,1.0,872.75,1.0,270.0,0.7864977084354521,12.0,0.3775648087257248,0.3534468119150868,0.23606966472557983,0.6259296831930753,47186.65590021448,0.20236114352296994,0.3801966411189214,0.7697510563110016,0.846351820920547,0.24623647027160875
BEYOĞLU,ARAP CAMİ,BEYOĞLU|ARAP CAMİ,2023,0.4831468981515647,66548.71217125893,0.0040556926035874,0.5679940031006545,46.0,0.0,0.0,0.0,0.0,0.16260831227163414,0.0,0.3703445345326758,0.7561577498434738,3155.9183091524856,0.0,0.0,0.33762182978483346,0.5680609671737329,0.12741850927488607
BEYOĞLU,ASMALI MESCİT,BEYOĞLU|ASMALI MESCİT,2023,0.6416103941438845,289521.20140485844,0.0176443533888029,0.601539747340635,58.0,0.42705540286254334,10.0,0.34336653014140067,2.0,0.0,0.0,0.25684188974050476,0.7561577498434738,3979.201346322699,0.11867093036676878,0.2755750960826873,0.37825331894052755,0.686820903599663,0.12416994344167395
BEYOĞLU,BEDRETTİN,BEYOĞLU|BEDRETTİN,2023,0.68009028648248,413699.72617803235,0.0252121921645691,0.564821294711622,45.0,0.24689339171315342,3.0,0.5302875370891208,3.0,0.257728077256096,0.1178156039716956,0.2038502434656386,0.7561577498434738,3087.311389388301,0.04814925377200273,0.3904023223755304,0.38842220225067436,0.7755238700769802,0.3055829345591415
BEYOĞLU,BEREKETZADE,BEYOĞLU|BEREKETZADE,2023,0.4069479604214305,32794.10764728018,0.0019985784170255,0.574141778224404,48.0,0.3703400875697301,7.0,0.0,0.0,0.0,0.0,0.44090971148682656,0.7561577498434738,3293.132148680855,0.10156202051975616,0.0,0.35721577708242275,0.686820903599663,0.0661117735783517
BEYOĞLU,BOSTAN,BEYOĞLU|BOSTAN,2023,0.554622679295252,129186.82991595934,0.0078730610026341,0.657128716539563,85.0,0.12344669585657671,1.0,0.5702853812689563,4.0,0.0,0.0,0.3657369363861694,0.7561577498434738,5831.58817995568,0.008725883034798708,0.37643729277088317,0.6340628538130004,0.686820903599663,0.15985600930895605
BEYOĞLU,BÜLBÜL,BEYOĞLU|BÜLBÜL,2023,0.5729490926223115,153130.64491365975,0.0093322741146464,0.7693347225341349,183.0,0.49378678342630683,15.0,0.4928376437980715,3.0,0.0,0.0,0.421767745752576,0.7561577498434738,12555.06631684576,0.05877482801387759,0.35283698008811676,0.5971202231464033,0.686820903599663,0.16884553366750443
BEYOĞLU,CAMİİKEBİR,BEYOĞLU|CAMİİKEBİR,2023,0.5888173157348637,177417.49451018104,0.0108123928586361,0.6808468267523928,100.0,0.5335277430435542,19.0,0.7291063276999628,11.0,0.0,0.27355936087800314,0.3513137177029452,0.7561577498434738,6860.691976418447,0.12977864663666144,0.34244388231003237,0.5362961733364716,0.686820903599663,0.1654282050120091
BEYOĞLU,CİHANGİR,BEYOĞLU|CİHANGİR,2023,0.6157184466136931,227706.36669732825,0.0138771585065016,0.6670780086228785,91.0,0.47000538508128537,13.0,1.0,7.0,0.257728077256096,0.0,0.31947432047839686,0.7561577498434738,6243.229698540787,0.09962169564285496,0.7166123773652383,0.37432462560986185,0.686820903599663,0.13842351573602202
BEYOĞLU,EMEKYEMEZ,BEYOĞLU|EMEKYEMEZ,2023,0.28870409271470016,10908.500242505332,0.0006647990968766,0.5710999126413386,47.0,0.34655868922470867,6.0,0.0,0.0,0.0,0.0,0.5433395723061801,0.7561577498434738,3224.5252289166706,0.08963420385501332,0.0,0.3187780823736859,0.489301084236452,0.11502138271477073
BEYOĞLU,EVLİYA ÇELEBİ,BEYOĞLU|EVLİYA ÇELEBİ,2023,0.58387028393539,169459.09181753563,0.0103273821967638,0.5911828462439547,54.0,0.4100810471869776,9.0,0.3756461403569677,1.0,0.16260831227163414,0.0,0.29871120947739077,0.7561577498434738,3704.773667265961,0.11500480753669673,0.43555992173219504,0.34780588614096786,0.686820903599663,0.22416822164707612
BEYOĞLU,FETİHTEPE,BEYOĞLU|FETİHTEPE,2023,0.7581372121409495,853195.6541873981,0.0519964878538278,0.7669095952539806,180.0,0.6331930405551094,34.0,0.42337184800301647,4.0,0.0,0.0,0.2614546998679459,0.7561577498434738,12349.245557553208,0.12908172505899632,0.24068538859431976,0.7145978313833212,0.733951626354678,0.018685675326109083
BEYOĞLU,FİRUZAĞA,BEYOĞLU|FİRUZAĞA,2023,0.3785207736611778,25178.7395534557,0.0015344733871304,0.6808468267523928,100.0,0.6057394309575813,29.0,0.24174185681529903,1.0,0.16260831227163414,0.0,0.5355938629704228,0.7561577498434738,6860.691976418447,0.1899769715423124,0.28029853876259614,0.40896836097060263,0.5680609671737329,0.16696993311969402
BEYOĞLU,GÜMÜŞSUYU,BEYOĞLU|GÜMÜŞSUYU,2023,0.6135862800568764,223246.91691265628,0.0136053852907973,0.6588342298013938,86.0,0.39131676754120764,8.0,0.5143009119470445,6.0,0.16260831227163414,0.0,0.3160936684081519,0.7561577498434738,5900.195099719865,0.06635967172939647,0.2555043378620047,0.4768710151646953,0.812711509291959,0.2584577326690646
BEYOĞLU,HACIAHMET,BEYOĞLU|HACIAHMET,2023,0.7824268050373071,1068758.5960864658,0.0651335869883346,0.8671144644891422,356.0,0.9661615507173521,226.0,1.0,11.0,0.16260831227163414,0.0,0.30275904780726104,0.7561577498434738,24424.06343604967,0.3667154150711869,0.6175824918424769,0.6216360546348365,0.733951626354678,0.14279699592625544
BEYOĞLU,HACIMİMİ,BEYOĞLU|HACIMİMİ,2023,0.5085559994918468,84249.29747041853,0.0051344232136137,0.6588342298013938,86.0,0.4100810471869776,9.0,0.26880712268041024,1.0,0.16260831227163414,0.0,0.4069182882489037,0.7561577498434738,5900.195099719865,0.0742545019581989,0.31168058642763136,0.43656249113228096,0.6324124771567161,0.16062452853283268
BEYOĞLU,HALICIOĞLU,BEYOĞLU|HALICIOĞLU,2023,0.7523487773976544,808601.1563406782,0.0492787556967847,0.7514567924788029,162.0,0.6478393116294312,37.0,0.6701269437392666,7.0,0.257728077256096,0.0,0.2568486578794249,0.7561577498434738,11114.321001797884,0.15346974317087114,0.36947004685108753,0.6777737982142665,0.5680609671737329,0.1620791068749729
BEYOĞLU,HÜSEYİNAĞA,BEYOĞLU|HÜSEYİNAĞA,2023,0.672498358252805,385570.8890747167,0.0234979303424342,0.574141778224404,48.0,0.39131676754120764,8.0,1.0,3.0,0.0,0.0,0.2152970169065863,0.7561577498434738,3293.1321486808547,0.11500480753669673,0.9073449700788264,0.40712761339810666,0.733951626354678,0.13585522758290675
BEYOĞLU,KADIMEHMET EFENDİ,BEYOĞLU|KADIMEHMET EFENDİ,2023,0.7239981832126293,621647.2999832755,0.0378851862691809,0.6605202510563183,87.0,0.6227137866331471,32.0,0.6531992981913874,5.0,0.0,0.0,0.22535877290899012,0.7561577498434738,5968.802019484048,0.23367573790346552,0.41660127477475933,0.5431955384603352,0.0,0.17021311657814184
BEYOĞLU,KALYONCU KULLUĞU,BEYOĞLU|KALYONCU KULLUĞU,2023,0.4410220044359104,45006.13936530502,0.0027428189154158,0.6482922279852514,80.0,0.39131676754120764,8.0,0.5103313586485829,4.0,0.0,0.0,0.4592870688909205,0.7561577498434738,5488.553581134758,0.0711065880278142,0.31864802921853,0.46897329770181234,0.6324124771567161,0.12407293829189228
BEYOĞLU,KAMER HATUN,BEYOĞLU|KAMER HATUN,2023,0.38670041208280814,27168.34022661705,0.0016557260525985,0.5478456626009098,40.0,0.28663435133040077,4.0,0.7696688404366104,10.0,0.0,0.0,0.44146496600574714,0.7561577498434738,2744.2767905673786,0.0711065880278142,0.39843653858373534,0.44538376683202624,0.7755238700769802,0.10344063449573651
BEYOĞLU,KAPTANPAŞA,BEYOĞLU|KAPTANPAŞA,2023,0.7953714545927885,1205080.5456579002,0.0734414851360956,0.8581708017535407,335.0,0.7461604824897238,65.0,0.617040061821241,7.0,0.257728077256096,0.18673331429495207,0.2862869407085735,0.7561577498434738,22983.318121001797,0.13230083915410046,0.3199199913822053,0.6849144843855265,0.686820903599663,0.21071708133806802
BEYOĞLU,KATİPMUSTAFA ÇELEBİ,BEYOĞLU|KATİPMUSTAFA ÇELEBİ,2023,0.7098942245397815,545425.0121252665,0.0332399548438349,0.5615788509140314,44.0,0.4822927351010046,14.0,1.0,8.0,0.257728077256096,0.0,0.17917088386549676,0.7561577498434738,3018.7044696241164,0.20610007329248248,0.6870975992038014,0.42660719113840406,0.6324124771567161,0.1460599584159793
BEYOĞLU,KEMANKEŞ KARAMUSTAFAPAŞA,BEYOĞLU|KEMANKEŞ KARAMUSTAFAPAŞA,2023,0.40627046137131473,32588.286887987622,0.0019860350378391,0.544202878655175,39.0,0.34655868922470867,6.0,0.4002172021778346,3.0,0.0,0.0,0.4219010886416341,0.7561577498434738,2675.669870803194,0.10676102758467657,0.264572322034908,0.5431955384603352,0.0,0.09208177515098688
BEYOĞLU,KEÇECİ PİRİ,BEYOĞLU|KEÇECİ PİRİ,2023,0.7693903182916212,947049.9204248023,0.0577162687628047,0.8180537112900514,255.0,0.5934520809378621,27.0,0.6177738706944336,7.0,0.16260831227163414,0.0,0.2833945422614751,0.7561577498434738,17494.76453986704,0.07508555476419522,0.32058702553128854,0.6843796385674336,0.686820903599663,0.2328145420626201
BEYOĞLU,KILIÇALİ PAŞA,BEYOĞLU|KILIÇALİ PAŞA,2023,0.5733828425688589,153748.10719153742,0.0093699042522055,0.564821294711622,45.0,0.39131676754120764,8.0,0.435828874742751,4.0,0.0,0.0,0.2909652749398763,0.7561577498434738,3087.311389388302,0.12207646706751102,0.25137084701439866,0.4272417985799098,0.6324124771567161,0.24067948618280818
BEYOĞLU,KOCATEPE,BEYOĞLU|KOCATEPE,2023,0.5162587448677207,90492.5271689593,0.0055149057155997,0.6446039045256321,78.0,0.6967153985173783,49.0,1.0,4.0,0.0,0.0,0.39102248153209174,0.7561577498434738,5351.339741606388,0.3636853467391859,0.8420495936759295,0.603840428316161,0.733951626354678,0.08164266139424335
BEYOĞLU,KULAKSIZ,BEYOĞLU|KULAKSIZ,2023,0.7233297335403249,617805.3124764811,0.0376510431910356,0.7372150102656643,147.0,0.6280304780454663,33.0,0.6054672273742525,4.0,0.0,0.0,0.2722348626019439,0.7561577498434738,10085.217205335117,0.1510941375137072,0.4116096726829526,0.6667866812398517,0.5680609671737329,0.14175916947967968
BEYOĞLU,KULOĞLU,BEYOĞLU|KULOĞLU,2023,0.5206607810040331,94265.90775598946,0.0057448676673495,0.544202878655175,39.0,0.4822927351010046,14.0,0.5030596240112771,3.0,0.3252166245432683,0.0,0.3226662485827991,0.7561577498434738,2675.669870803194,0.22883749465218764,0.3629955927455592,0.42826942553275754,0.7755238700769802,0.061840839644117254
BEYOĞLU,KÜÇÜK PİYALE,BEYOĞLU|KÜÇÜK PİYALE,2023,0.7187934088901076,592352.1452439688,0.0360998452983233,0.7169450596246193,128.0,0.7461604824897238,65.0,0.6896996404193971,8.0,0.0,0.0,0.2635956315963186,0.7561577498434738,8781.685729815614,0.306374682803143,0.3634834958504663,0.6452697942067346,0.686820903599663,0.17467952852197904
BEYOĞLU,MÜEYYETZADE,BEYOĞLU|MÜEYYETZADE,2023,0.4285053722066513,40066.44114228374,0.0024417778149433,0.6088565486826893,61.0,0.5422170729953125,20.0,0.31605673233524256,2.0,0.3775648087257248,0.0,0.44463244510048194,0.7561577498434738,4185.022105615253,0.21156262004527462,0.2490341034081302,0.3930427333176964,0.5680609671737329,0.1444794586763287
BEYOĞLU,PÜRTELAŞ HASAN EFENDİ,BEYOĞLU|PÜRTELAŞ HASAN EFENDİ,2023,0.5494643740952857,123149.42097671112,0.0075051218798344,0.588475884900195,53.0,0.34655868922470867,6.0,0.39450661569907314,3.0,0.257728077256096,0.0,0.32630616445676364,0.7561577498434738,3636.1667475017766,0.08001100995018445,0.2593806737325223,0.43717102994616724,0.5680609671737329,0.26122155582912887
BEYOĞLU,PİRİPAŞA,BEYOĞLU|PİRİPAŞA,2023,0.7813904913629955,1058536.1650416022,0.0645105991554124,0.8109711390324876,243.0,0.6331930405551094,34.0,0.585647046242645,6.0,0.3775648087257248,0.0,0.26901475355542726,0.7561577498434738,16671.481502696824,0.09770035928700137,0.31806300484774724,0.6603564888362918,0.489301084236452,0.11182705997898923
BEYOĞLU,PİYALEPAŞA,BEYOĞLU|PİYALEPAŞA,2023,0.8135683108520737,1426612.2895764518,0.0869423422670067,0.8500480941362722,317.0,0.7261928473473762,58.0,0.5592345905543549,7.0,0.3775648087257248,0.0,0.26609393492887584,0.7561577498434738,21748.393565246475,0.12535524848234167,0.26912304137084087,0.7175422883514648,0.733951626354678,0.15292342968918932
BEYOĞLU,SURURİ MEHMET EFENDİ,BEYOĞLU|SURURİ MEHMET EFENDİ,2023,0.6354872890886278,273535.7890998035,0.0166701509386628,0.7487163064776878,159.0,0.6894451671969107,47.0,0.8072081878015552,15.0,0.16260831227163414,0.0,0.35418125622144747,0.7561577498434738,10908.50024250533,0.19320719964441838,0.358407080744786,0.5977457668678309,0.733951626354678,0.2014914764396425
BEYOĞLU,SÜTLÜCE,BEYOĞLU|SÜTLÜCE,2023,0.7528689925247516,812511.7507672367,0.0495170799013254,0.7717206277031763,186.0,0.795360086153147,86.0,0.7670673627005207,10.0,0.0,0.0,0.26876321042661044,0.7561577498434738,12760.887076138311,0.28354203384797083,0.3959115532380268,0.6673626857464361,0.3877619350384901,0.09655627466145465
BEYOĞLU,TOMTOM,BEYOĞLU|TOMTOM,2023,0.45370488911271273,50631.90678596814,0.0030856712798427,0.6851649473375734,103.0,0.47000538508128537,13.0,0.3174206740465283,2.0,0.257728077256096,0.0,0.47206713861890864,0.7561577498434738,7066.5127357110005,0.08867693464431474,0.25034557358526677,0.420165877963479,0.6324124771567161,0.1815169467855913
BEYOĞLU,YAHYA KAHYA,BEYOĞLU|YAHYA KAHYA,2023,0.6098790899233867,215700.155738596,0.0131454613872977,0.6501023765121663,81.0,0.55050209871912,21.0,0.7686736512982506,10.0,0.0,0.0,0.3137486919461102,0.7561577498434738,5557.160500898942,0.1719832116278542,0.39746998101831404,0.46531362972639634,0.686820903599663,0.22555454140545295
BEYOĞLU,ESENŞEHİR,BEYOĞLU|ESENŞEHİR,2023,0.666806488563955,365743.48926286737,0.0222895848141489,0.7677224086272625,181.0,0.638210159254361,35.0,0.7218919707623781,11.0,0.0,0.0,0.3392293754691994,0.7561577498434738,12417.852477317389,0.13188854044527146,0.33584597505964514,0.6385599197033085,0.733951626354678,0.1826873066577374
BEYOĞLU,ÇATMA MESCİT,BEYOĞLU|ÇATMA MESCİT,2023,0.5635706185958016,140369.75783752144,0.0085545846050926,0.5771221877540679,49.0,0.4822927351010046,14.0,0.725036826993866,6.0,0.0,0.0,0.30704872061301103,0.7561577498434738,3361.739068445039,0.1874942587864592,0.45357872417851774,0.39395612842802885,0.6324124771567161,0.10025080115206796
BEYOĞLU,ÇUKUR,BEYOĞLU|ÇUKUR,2023,0.5803213034653341,163970.53823640087,0.0099928920851277,0.6934395601552111,109.0,0.4100810471869776,9.0,0.4928376437980715,3.0,0.0,0.0,0.3666960272378151,0.7561577498434738,7478.154254296107,0.05918953313552767,0.35283698008811676,0.4737087085664603,0.686820903599663,0.19269561444631403
BEYOĞLU,ÖMER AVNİ,BEYOĞLU|ÖMER AVNİ,2023,0.560308316963634,136184.73573190617,0.0082995358949701,0.6588342298013938,86.0,0.42705540286254334,10.0,1.0,7.0,0.0,0.0,0.3619047263523801,0.7561577498434738,5900.195099719865,0.08206666228890153,0.7166123773652383,0.4650886408743708,0.5680609671737329,0.10971478343745873
BEYOĞLU,ÖRNEKTEPE,BEYOĞLU|ÖRNEKTEPE,2023,0.7810895597880758,1055586.0674917423,0.064330810720408,0.8139636403005343,248.0,0.7759121360481404,77.0,0.7605653637866303,9.0,0.257728077256096,0.0,0.27109466482399636,0.7561577498434738,17014.516101517747,0.201730476534931,0.40972128271382735,0.7628538975305371,0.6324124771567161,0.06887520185496826
BEYOĞLU,İSTİKLAL,BEYOĞLU|İSTİKLAL,2023,0.6606689852995182,345504.447932433,0.0210561525274909,0.8409593864041697,298.0,0.42705540286254334,10.0,0.6531308497708694,10.0,0.0,0.0,0.3910831566298743,0.7561577498434738,20444.862089726972,0.024624495831446977,0.29125782469436406,0.7124331977286797,0.733951626354678,0.07894237299592699
BEYOĞLU,ŞAHKULU,BEYOĞLU|ŞAHKULU,2023,0.5278650879364066,100783.565133587,0.0061420746749174,0.6388925362804685,75.0,0.45680705642095987,12.0,0.0,0.0,0.16260831227163414,0.0,0.37724896085666654,0.7561577498434738,5145.518982313835,0.11072941191274767,0.0,0.3975749122743547,0.733951626354678,0.15699453979905917
BEYOĞLU,ŞEHİT MUHTAR,BEYOĞLU|ŞEHİT MUHTAR,2023,0.25586952799952184,8027.009612409584,0.0004891917882677,0.6865766830299206,104.0,0.55050209871912,21.0,0.5618796127191661,5.0,0.16260831227163414,0.0,0.648212901246044,0.7561577498434738,7135.119655475185,0.13721646007661858,0.32792895293584085,0.4571429000604634,0.733951626354678,0.0482204499090123
BEŞİKTAŞ,ABBASAĞA,BEŞİKTAŞ|ABBASAĞA,2023,0.6628308424713599,555332.2473378856,0.0333811940046388,0.7391952447503807,149.0,0.7136897541929441,54.0,0.5323227596642371,5.0,0.0,0.0,0.32464441871623756,1.0,16104.419006100612,0.2307245691239295,0.30075234514928395,0.6705059302616877,0.5680609671737329,0.22536779652465036
BEŞİKTAŞ,AKAT,BEŞİKTAŞ|AKAT,2023,0.7751470365407294,1573801.6452874565,0.0946017060921653,0.9101733907458858,477.0,0.8147374333093891,87.0,1.0,13.0,0.3775648087257248,0.0,0.33591280767849324,1.0,51555.7574893288,0.1368034351061551,0.5817063918507496,0.7320370379147882,0.686820903599663,0.33079265027090593
BEŞİKTAŞ,ARNAVUTKÖY,BEŞİKTAŞ|ARNAVUTKÖY,2023,0.6203592738693506,374508.8044036149,0.0225118406434553,0.7644439347271464,177.0,0.5045837821888896,16.0,0.5373908083069027,5.0,0.16260831227163414,0.0,0.37729866071231954,1.0,19130.752779059116,0.06456389641384605,0.3053527826450985,0.5520929914828676,0.489301084236452,0.2643360639850636
BEŞİKTAŞ,BALMUMCU,BEŞİKTAŞ|BALMUMCU,2023,0.6058265075254845,327276.38087565533,0.0196726849836602,0.7099187195972226,122.0,0.6613720928498814,40.0,0.5802513734650783,6.0,0.0,0.0,0.3551361422351555,1.0,13186.168582176337,0.21156262004527462,0.3131473682333036,0.646409775905123,0.733951626354678,0.19608325686153708
BEŞİKTAŞ,BEBEK,BEŞİKTAŞ|BEBEK,2023,0.6629147443707603,555764.5807340225,0.0334071816994653,0.7602406517100001,172.0,0.6779511188716084,44.0,0.49586606124105637,3.0,0.16260831227163414,0.0,0.33784761042071343,1.0,18590.336033887957,0.16993922543250578,0.3558388864545673,0.615118257159388,0.5680609671737329,0.1859974525795088
BEŞİKTAŞ,CİHANNÜMA,BEŞİKTAŞ|CİHANNÜMA,2023,0.373112876212606,37721.08881294707,0.002267426373612,0.7816356155765807,199.0,0.6227137866331471,32.0,0.6557008099318276,6.0,0.0,0.0,0.6058943740613882,1.0,21508.586457812224,0.11124633865758451,0.38428139675994405,0.5999404653054413,0.5680609671737329,0.3094574378804052
BEŞİKTAŞ,DİKİLİTAŞ,BEŞİKTAŞ|DİKİLİTAŞ,2023,0.7794156961470337,1637354.654519585,0.0984218972316608,0.8354296835489079,287.0,0.7869775537551676,82.0,0.5948371592700561,5.0,0.3252166245432683,0.0,0.28568169288949413,1.0,31019.921172824663,0.1874942587864592,0.3591651564749798,0.6512970776675112,0.7755238700769802,0.19339766740681416
BEŞİKTAŞ,ETİLER,BEŞİKTAŞ|ETİLER,2023,0.740311171613282,1139306.5821698424,0.0684840727915332,0.7786552060469168,195.0,0.6894451671969107,42.0,0.280609072687241,1.0,0.16260831227163414,0.0,0.28352330751584426,1.0,21076.253061675296,0.16110164049670075,0.3253648915994551,0.8018725137281357,0.6324124771567161,0.23126004701263714
BEŞİKTAŞ,GAYRETTEPE,BEŞİKTAŞ|GAYRETTEPE,2023,0.7349316780267025,1083859.8241152812,0.0651511509300346,0.7902317510512158,211.0,0.6057394309575813,29.0,0.48924485486994596,5.0,0.257728077256096,0.0,0.295219331862669,1.0,22805.586646223008,0.0960774871025613,0.2627124944697116,0.6895348779382654,0.6324124771567161,0.37465779561883805
BEŞİKTAŞ,KONAKLAR,BEŞİKTAŞ|KONAKLAR,2023,0.7698113053200454,1497819.0509163912,0.090034368726408,0.715796997378795,127.0,0.7689270864314054,74.0,0.6325275848755605,4.0,0.3775648087257248,0.0,0.22133894513081995,1.0,13726.585327347502,0.34252691437364974,0.439210896798492,0.8048636189516064,0.733951626354678,0.18624783344664375
BEŞİKTAŞ,KURUÇEŞME,BEŞİKTAŞ|KURUÇEŞME,2023,0.6039229609211778,321547.96337684104,0.0193283480272091,0.7430777123460074,153.0,0.55050209871912,21.0,0.5515562853915817,6.0,0.16260831227163414,0.0,0.3779312561979138,1.0,16536.75240223754,0.09595557281278298,0.28749582180718447,0.5841328930591903,0.5680609671737329,0.2654898173669858
BEŞİKTAŞ,KÜLTÜR,BEŞİKTAŞ|KÜLTÜR,2023,0.6527417652932729,505721.99013117293,0.0303991060232979,0.585718323228703,52.0,0.5147634633977843,15.0,0.280609072687241,1.0,0.16260831227163414,0.0,0.238083785508654,1.0,5620.334149780079,0.21103105287306204,0.3253648915994551,0.671113429281502,0.733951626354678,0.1605582457472344
BEŞİKTAŞ,LEVAZIM,BEŞİKTAŞ|LEVAZIM,2023,0.6733962712813418,612508.3389769944,0.0368180666454433,0.574141778224404,48.0,0.4822927351010046,14.0,0.40291198079250873,2.0,0.0,0.0,0.21458571491661704,1.0,5188.000753643149,0.19094024410303936,0.3353108193948557,0.606277622523989,0.6324124771567161,0.29433279639673926
BEŞİKTAŞ,LEVENT,BEŞİKTAŞ|LEVENT,2023,0.5970020988341391,301552.5438055081,0.0181264171414835,0.7763797071434277,192.0,0.6656637688518892,37.0,0.5002167784566145,5.0,0.16260831227163414,0.0,0.40527099650587217,1.0,20752.0030145726,0.14439368588753804,0.2722146152162121,0.696046131711843,0.5680609671737329,0.26431129407140364
BEŞİKTAŞ,MECİDİYE,BEŞİKTAŞ|MECİDİYE,2023,0.48436164117454755,106029.76540258188,0.006373482156199,0.7881292177805045,208.0,0.7665365010623937,73.0,0.721735551978765,10.0,0.257728077256096,0.0,0.5117502818577662,1.0,22481.336599120314,0.22442556875707909,0.35281529678787815,0.6673626857464361,0.5680609671737329,0.24623647027160875
BEŞİKTAŞ,MURADİYE,BEŞİKTAŞ|MURADİYE,2023,0.6499407010349181,492751.988247065,0.0296194751785029,0.6934395601552111,109.0,0.6172334792828835,31.0,0.6043542061705294,2.0,0.0,0.0,0.3068939673497634,1.0,11781.08504473132,0.18673336683408068,0.550794501065501,0.5945269178700403,0.5680609671737329,0.3447269987160614
BEŞİKTAŞ,NİSBETİYE,BEŞİKTAŞ|NİSBETİYE,2023,0.7471862543722902,1214316.4263996,0.0729929378439309,0.7619363629550135,174.0,0.8465950940956967,105.0,0.4627934051376067,4.0,0.3252166245432683,0.0,0.267508474085271,1.0,18806.50273195642,0.3785267051382272,0.275076680433125,0.6149645273489106,0.733951626354678,0.3579089395530791
BEŞİKTAŞ,ORTAKÖY,BEŞİKTAŞ|ORTAKÖY,2023,0.7120559629511923,876664.0440166581,0.0526965481844346,0.8072981214040859,237.0,0.7136897541929441,54.0,1.0,3.0,0.257728077256096,0.18673331429495207,0.32534174095506196,1.0,25615.75372111305,0.15313747776296338,0.9073449700788264,0.5567867238283628,0.6324124771567161,0.26784064149910486
BEŞİKTAŞ,SİNANPAŞA,BEŞİKTAŞ|SİNANPAŞA,2023,0.5686636978286473,231838.78367842827,0.0139359013507104,0.7099187195972226,122.0,0.6172334792828835,31.0,0.7043688961616943,10.0,0.0,0.0,0.3873673861392664,1.0,13186.16858217634,0.16891932849357713,0.3367897696954805,0.6165482810313643,0.5680609671737329,0.35912586648369127
BEŞİKTAŞ,TÜRKALİ,BEŞİKTAŞ|TÜRKALİ,2023,0.7313014872736969,1047976.1522359162,0.0629941722594351,0.7593854304508193,171.0,0.8219342078600275,100.0,0.6099593732356281,5.0,0.257728077256096,0.0,0.2792022219786221,1.0,18482.25268485372,0.34352471956842145,0.3738009608966751,0.6257858400761092,0.733951626354678,0.2895926665122764
BEŞİKTAŞ,ULUS,BEŞİKTAŞ|ULUS,2023,0.6870486746378828,695192.1009881821,0.0417882132810114,0.6947746394394643,110.0,0.6227137866331471,30.0,0.280609072687241,1.0,0.3252166245432683,0.0,0.27642645249565817,1.0,11889.168393765553,0.19050254711504433,0.3253648915994551,0.5650789641082141,0.6324124771567161,0.30876357362120344
BEŞİKTAŞ,VİŞNEZADE,BEŞİKTAŞ|VİŞNEZADE,2023,0.7100162174126853,860235.3749634548,0.0517090157810276,0.7037964612518914,117.0,0.8072375489127069,92.0,1.0,5.0,0.3775648087257248,0.0,0.2628400842742258,1.0,12645.751837005177,0.4328312122333427,0.7917411792061718,0.554310273674569,0.733951626354678,0.244078472567616
BEŞİKTAŞ,YILDIZ,BEŞİKTAŞ|YILDIZ,2023,0.6688101677403702,587000.6686049155,0.0352847926506799,0.7619363629550135,174.0,0.6115791651421031,30.0,1.0,7.0,0.7551296174514496,0.0,0.3338537643821014,1.0,18806.502731956414,0.11867093036676878,0.7166123773652383,0.653136872709057,0.6324124771567161,0.14753105101108285
BÜYÜKÇEKMECE,19 MAYIS,BÜYÜKÇEKMECE|19 MAYIS,2023,0.7596354216823096,881148.3750557676,0.0480840727705348,0.822593308052631,263.0,0.9868765172898941,254.0,1.0,10.0,0.3775648087257248,0.0,0.29441644726976535,0.7659719050088938,18377.638591567553,0.5042499086967624,0.6382445775183776,0.773236246484248,0.6324124771567161,0.2666653702158025
BÜYÜKÇEKMECE,AHMEDİYE,BÜYÜKÇEKMECE|AHMEDİYE,2023,0.49659811606043647,76794.7711487937,0.0041906737489942,0.501762507828975,28.0,0.24689339171315342,3.0,0.0,0.0,0.0,0.0,0.31594954253960744,0.7659719050088943,2026.4316317698067,0.07344165877486204,0.0,0.8611032221719288,0.5680609671737329,0.39679477197982005
BÜYÜKÇEKMECE,ALKENT 2000,BÜYÜKÇEKMECE|ALKENT 2000,2023,0.699344869407048,503742.952876846,0.0274891419986348,0.6202983469088056,66.0,0.5422170729953125,20.0,1.0,7.0,0.3775648087257248,0.0,0.2212528976711242,0.7659719050088938,4611.878886096801,0.19747506977844298,0.7166123773652383,0.7279512380277008,0.5680609671737329,0.18815564957082645
BÜYÜKÇEKMECE,ATATÜRK,BÜYÜKÇEKMECE|ATATÜRK,2023,0.840234619843451,1860683.4996816004,0.101537088797288,0.9602078205325237,670.0,1.0,270.0,1.0,16.0,0.0,0.0,0.311577626388024,0.7659719050088943,46817.5583891645,0.2553883692391947,0.5378021930849753,0.8885027644383967,0.489301084236452,0.20408277486403908
BÜYÜKÇEKMECE,BAHÇELİEVLER,BÜYÜKÇEKMECE|BAHÇELİEVLER,2023,0.6440854023795236,301728.68227524223,0.0164652677417263,0.8302162345358371,277.0,0.7406801751394602,63.0,1.0,2.0,0.0,0.1178156039716956,0.3986670610148115,0.7659719050088943,19355.915931042637,0.1528875386047976,1.0,0.8300400543973037,0.6324124771567161,0.28945745196367245
BÜYÜKÇEKMECE,CELALİYE,BÜYÜKÇEKMECE|CELALİYE,2023,0.6992999911748274,503533.3220183871,0.027477702488856,0.9159238209379656,496.0,0.9125571605650425,167.0,0.9447179178807098,30.0,0.3775648087257248,0.18673331429495207,0.4052905788547602,0.7659719050088938,34658.96859854565,0.2165043156348957,0.3587634546326419,0.8815753869792816,0.489301084236452,0.2880389700010161
BÜYÜKÇEKMECE,CUMHURİYET,BÜYÜKÇEKMECE|CUMHURİYET,2023,0.716916438227137,592905.9446747176,0.0323547468245827,0.8827817200714984,396.0,0.9297241565362176,184.0,1.0,7.0,0.540173120997359,0.18673331429495207,0.36885039658604857,0.7659719050088943,27671.27331658081,0.2847047595564272,0.7166123773652383,0.7769690124139496,0.812711509291959,0.2273994717490936
BÜYÜKÇEKMECE,DİZDARİYE,BÜYÜKÇEKMECE|DİZDARİYE,2023,0.6877837256750968,452523.1464600437,0.0246940884426632,0.8691663091652371,361.0,0.8526328226707347,119.0,1.0,21.0,0.3775648087257248,0.0,0.38548169564843343,0.7659719050088938,25225.579967893107,0.2125570025608962,0.4816791904768169,0.8523921819687263,0.489301084236452,0.4097039306661937
BÜYÜKÇEKMECE,EKİNOBA,BÜYÜKÇEKMECE|EKİNOBA,2023,0.7766910276862978,1032152.470099028,0.0563243329812506,0.8022540316330277,229.0,0.9409171127594984,196.0,0.5704050238860964,5.0,0.3775648087257248,0.0,0.26760125925944483,0.7659719050088938,16001.822195699506,0.46133560306125065,0.33591843437375996,0.8046718288210539,0.489301084236452,0.3592058103658867
BÜYÜKÇEKMECE,FATİH,BÜYÜKÇEKMECE|FATİH,2023,0.8022038881110745,1307677.295066902,0.0713596620006177,0.9582157013096991,661.0,0.9372637346837582,192.0,0.6721450697992846,5.0,0.4878249368149024,0.0,0.3428960444740422,0.7659719050088938,46188.66581378765,0.19024815434327197,0.4357599220405125,0.8381817652412353,0.5680609671737329,0.2009125394413411
BÜYÜKÇEKMECE,GÜZELCE,BÜYÜKÇEKMECE|GÜZELCE,2023,0.7500743971319601,806380.0355387437,0.044003980949403,0.8989554284422253,442.0,0.9436087902305317,199.0,0.6632125798014957,13.0,0.0,0.0,0.3504236442908313,0.7659719050088943,30885.61314628464,0.27732305955668823,0.25745263820139075,0.7765983700588118,0.6324124771567161,0.2908981889143252
BÜYÜKÇEKMECE,HÜRRİYET,BÜYÜKÇEKMECE|HÜRRİYET,2023,0.8235415803475211,1593823.4168633623,0.0869745928487811,0.966870690503999,701.0,0.9738392885373662,236.0,0.7860000182312371,13.0,0.0,0.18673331429495207,0.3300075805706155,0.7659719050088938,48983.7439265736,0.2164866578253038,0.3648708658650657,0.7396006117089984,0.6324124771567161,0.2920830667706144
BÜYÜKÇEKMECE,KAMİLOBA,BÜYÜKÇEKMECE|KAMİLOBA,2023,0.7220772255214069,621974.7570476913,0.0339410255139199,0.91681163858673,499.0,0.8826126581129299,141.0,0.9373239125264946,28.0,0.0,0.0,0.3860131579635264,0.7659719050088938,34868.599457004595,0.18566467377834353,0.3645870292827502,0.7499396741409841,0.733951626354678,0.2929130588881639
BÜYÜKÇEKMECE,KARAAĞAÇ,BÜYÜKÇEKMECE|KARAAĞAÇ,2023,0.6647648730420331,365526.3401995813,0.0199466918844304,0.8889674087042476,413.0,0.8736095026422123,134.0,1.0,13.0,0.257728077256096,0.37346662858990415,0.41820939276894525,0.7659719050088938,28859.18151451483,0.2096422153171776,0.5817063918507496,0.6044842288146698,0.686820903599663,0.25964004717732275
BÜYÜKÇEKMECE,KUMBURGAZ,BÜYÜKÇEKMECE|KUMBURGAZ,2023,0.7291222492874745,663970.8056923001,0.0362327406396211,0.9054697429888718,462.0,0.8033657456456684,90.0,0.8894828455044593,22.0,0.257728077256096,0.0,0.3726785577797023,0.7659719050088943,32283.15220267761,0.13278513290342625,0.3645710538007412,0.7819088872580242,0.489301084236452,0.3075460165236138
BÜYÜKÇEKMECE,MURAT ÇESME,BÜYÜKÇEKMECE|MURAT ÇESME,2023,0.8083954064006234,1384961.2048854334,0.075577027939096,0.8921401170932802,422.0,1.0,270.0,0.8153551559645282,16.0,0.0,0.0,0.29629819061149815,0.7659719050088943,29488.07408989167,0.3727479971280343,0.35418584394909736,0.8358920318080484,0.733951626354678,0.30199554853774135
BÜYÜKÇEKMECE,MİMAROBA,BÜYÜKÇEKMECE|MİMAROBA,2023,0.8100045901630623,1405784.5368256886,0.0767133525771309,0.8186288592078498,256.0,0.8465950940956967,115.0,0.5287215726479644,4.0,0.456499245823252,0.0,0.2500049693463861,0.7659719050088943,17888.499921830018,0.2768045839758093,0.3360605908577013,0.7852560175859079,0.5680609671737329,0.30667066272460813
BÜYÜKÇEKMECE,MİMARSİNAN,BÜYÜKÇEKMECE|MİMARSİNAN,2023,0.7254285165098396,641610.1807900126,0.0350125262632078,0.8921401170932802,422.0,0.9400107701625707,195.0,0.6019189412911298,6.0,0.3252166245432683,0.0,0.3674158223472756,0.7659719050088943,29488.07408989167,0.2833990280980793,0.33305586166769874,0.8061713188330645,0.5680609671737329,0.3268887066905436
BÜYÜKÇEKMECE,PINARTEPE,BÜYÜKÇEKMECE|PINARTEPE,2023,0.8332591848513963,1744128.7423784265,0.0951767213602339,0.9203104252013079,511.0,0.9950662790713787,266.0,1.0,16.0,0.3252166245432683,0.0,0.29272585981188837,0.7659719050088938,35707.12289084038,0.3126496241918563,0.5378021930849753,0.8991603017502997,0.5680609671737329,0.23055245875238323
BÜYÜKÇEKMECE,SİNANOBA,BÜYÜKÇEKMECE|SİNANOBA,2023,0.5356467188881182,110335.70850222498,0.0060209953136141,0.8197724715553535,258.0,0.8165640743059941,97.0,0.5801097521002089,5.0,0.257728077256096,0.0,0.48701366059757184,0.7659719050088938,18028.25382746931,0.2381094130080951,0.3450912864065178,0.7929998338629867,0.3877619350384901,0.3795790582539594
BÜYÜKÇEKMECE,TÜRKOBA,BÜYÜKÇEKMECE|TÜRKOBA,2023,0.6967871605745922,491933.7478503254,0.0268447162810916,0.8896783751600863,415.0,0.7461604824897238,65.0,0.7938640360088024,13.0,0.456499245823252,0.4359695403536438,0.39072544975343315,0.7659719050088938,28998.935420154125,0.10855658680190584,0.3722658830530451,0.8255373948052531,0.686820903599663,0.3055829345591415
BÜYÜKÇEKMECE,ULUS,BÜYÜKÇEKMECE|ULUS,2023,0.7120559629511923,566771.964320169,0.0309286212721497,0.9061056286891513,464.0,0.8541108057250867,120.0,0.7134873857997746,8.0,0.0,0.27355936087800314,0.3879097618049391,0.7659719050088938,32422.9061083169,0.17160479189129127,0.3862537912115067,0.821368492953586,0.5680609671737329,0.2933920674487104
BÜYÜKÇEKMECE,YENİMAHALLE,BÜYÜKÇEKMECE|YENİMAHALLE,2023,0.3350901121408011,17119.853440813884,0.0009342266319413,0.7983544586684842,223.0,0.7037004481341133,51.0,0.6741411496216628,6.0,0.0,0.0,0.6504722390379383,0.7659719050088943,15582.560478781616,0.15365464937225756,0.40238267706703695,0.8064914076566077,0.3877619350384901,0.23735054546022494
BÜYÜKÇEKMECE,ÇAKMAKLI,BÜYÜKÇEKMECE|ÇAKMAKLI,2023,0.6739276657923492,397949.2463078982,0.0217160027302296,0.7087144251212312,121.0,0.5243926157728545,18.0,1.0,5.0,0.0,0.27355936087800314,0.2961056667630244,0.7659719050088938,8455.111291177467,0.10346536460138815,0.7917411792061718,0.7029120693790616,0.686820903599663,0.1551759952377837
ESENLER,15 TEMMUZ,ESENLER|15 TEMMUZ,2023,0.8655493908199815,1550573.4230047578,0.0767706796829225,0.6763984921356606,97.0,0.8128918630534874,95.0,0.5274959740263161,6.0,0.0,0.1178156039716956,0.12942880223308473,0.5435377548321755,4466.520818182025,0.5093943656578572,0.26665791650716186,0.8626226231300066,0.733951626354678,1.0
ESENLER,ATIŞALANI,ESENLER|ATIŞALANI,2023,0.8648361433683904,1540351.0763899498,0.0762645595044582,0.0,0.0,0.0,0.0,0.0,0.0,0.3252166245432683,0.0,0.0,0.5435377548321757,0.0,0.0,0.0,0.9215774576303303,0.686820903599663,0.24623647027160875
ESENLER,BİRLİK,ESENLER|BİRLİK,2023,0.8385531724908287,1207157.8326748451,0.0597677774712685,0.9513740462594015,631.0,0.8641268709960369,127.0,0.7803424990080866,11.0,0.257728077256096,0.0,0.30750710214727317,0.5435377548321755,29055.40862136967,0.13680962532528315,0.39066974258600484,0.8536189352910056,0.6324124771567161,0.320294055436105
ESENLER,DAVUTPAŞA,ESENLER|DAVUTPAŞA,2023,0.8395358416512847,1218209.0182043675,0.0603149344209597,0.777142113254013,193.0,0.8147374333093891,96.0,0.7787896986949394,13.0,0.3252166245432683,0.0,0.20194143556921365,0.5435377548321757,8886.995029991042,0.30120942988337807,0.35813930830651747,0.6873945969453211,0.686820903599663,0.2890208147100236
ESENLER,FATİH,ESENLER|FATİH,2023,0.8881217364804828,1911624.8635755335,0.0946467531934587,0.9940476586425777,843.0,1.0,270.0,0.668776083323485,11.0,0.0,0.0,0.29198131580382447,0.5435377548321755,38817.28917244791,0.20963169879679805,0.2888970614403007,0.8727524140014181,0.733951626354678,0.26900351553947405
ESENLER,FEVZİ ÇAKMAK,ESENLER|FEVZİ ÇAKMAK,2023,0.8569089192294845,1431174.5726795418,0.0708591048056339,0.890385931691761,417.0,0.8993588319047171,155.0,0.8498827143561576,17.0,0.0,0.0,0.25469768773096757,0.5435377548321757,19201.43485754541,0.2357925892888288,0.3752348383179181,0.8212683341784585,0.812711509291959,0.35368861481725655
ESENLER,HAVAALANI,ESENLER|HAVAALANI,2023,0.8539795032812254,1392817.7495708235,0.0689600142260807,0.9340564189702821,561.0,0.883862459283503,142.0,0.7634594198448488,12.0,0.0,0.0,0.283755479012108,0.5435377548321755,25832.146175258928,0.1683367417223158,0.35848299970142106,0.8396541239228991,0.0,0.30983494467939554
ESENLER,KAZIM KARABEKİR,ESENLER|KAZIM KARABEKİR,2023,0.8668796813507917,1569820.9044686763,0.0777236447036347,0.9697838367227712,715.0,0.9114938980879443,166.0,0.700840639084586,10.0,0.257728077256096,0.0,0.2949225616465498,0.5435377548321755,32923.323556702555,0.1557575892213362,0.3335690431867175,0.9153214684229289,0.6324124771567161,0.24982507584889366
ESENLER,KEMER,ESENLER|KEMER,2023,0.7990347963660483,836758.9310103481,0.0414289003741185,0.8882529992981526,411.0,0.8271471439906899,103.0,0.722602668257732,7.0,0.0,0.0,0.30181186329057763,0.5435377548321757,18925.155219307348,0.1668402046541329,0.42076440805621185,0.7968066587646427,0.686820903599663,0.35151762118272595
ESENLER,MENDERES,ESENLER|MENDERES,2023,0.8052600967762238,886489.2658931996,0.0438911066477289,0.8532602794466154,324.0,0.9125571605650425,167.0,0.859498447390456,20.0,0.16260831227163414,0.0,0.27497828282655734,0.5435377548321757,14919.100464855426,0.3101353100081839,0.35428634248988095,0.8696688449946365,0.686820903599663,0.266105999067474
ESENLER,MİMAR SİNAN,ESENLER|MİMAR SİNAN,2023,0.7646965918396093,608551.9498257077,0.0301301093629953,0.6763984921356606,97.0,0.8599030539912025,124.0,0.7680488377518067,11.0,0.0,0.0,0.2024516254894232,0.5435377548321755,4466.520818182025,0.6143398590726363,0.3788898828041805,0.7632125229452581,0.686820903599663,0.2410747030653548
ESENLER,NAMIK KEMAL,ESENLER|NAMIK KEMAL,2023,0.8026294317198761,865123.6405361226,0.0428332698783259,0.8369584563390694,290.0,0.8013978147281852,89.0,0.8018359224673078,13.0,0.0,0.0,0.267207347684691,0.5435377548321755,13353.515848173063,0.19968542622584634,0.379817620366801,0.6737200789670778,0.6324124771567161,0.20790743993677097
ESENLER,NİNE HATUN,ESENLER|NİNE HATUN,2023,0.8841884900645727,1843153.559898867,0.091256659925997,0.9104816985990745,478.0,1.0,270.0,0.8317842845940009,15.0,0.3775648087257248,0.0,0.24439598986311298,0.5435377548321755,22010.277846299057,0.33756017228945867,0.3814869252625057,0.8068110648025777,0.686820903599663,0.2871429105511262
ESENLER,ORUÇREİS,ESENLER|ORUÇREİS,2023,0.8686521092785588,1595837.2370694275,0.0790117433560327,1.0,872.75,1.0,270.0,0.8755560653662177,26.0,0.3252166245432683,0.1178156039716956,0.31217879004792093,0.5435377548321757,40417.40874391003,0.20236114352296994,0.32202327664576796,0.8830080389434621,0.9053145831190337,0.2952540048017123
ESENLER,TUNA,ESENLER|TUNA,2023,0.8443542773737356,1273879.3653093374,0.0630712375550291,0.9691644155717984,712.0,0.8599030539912025,124.0,0.7036785039482666,6.0,0.5625323369257385,0.0,0.31365281797007144,0.5435377548321755,32785.183737583524,0.11977957260029201,0.4318858914980725,0.9175965181920891,0.812711509291959,0.2331751958970989
ESENLER,TURGUT REİS,ESENLER|TURGUT REİS,2023,0.6460400177729746,202466.9282221275,0.0100243712824674,1.0,872.75,1.0,270.0,0.7965061615902037,16.0,0.3252166245432683,0.0,0.506024218012375,0.5435377548321757,40417.40874391003,0.20236114352296994,0.3369631911706551,0.8917618026157884,0.489301084236452,0.3349472822739794
ESENLER,YAVUZ SELİM,ESENLER|YAVUZ SELİM,2023,0.6219650925927935,161945.91461387818,0.0080181291335997,0.66218722081589,88.0,0.6227137866331471,32.0,0.853267732255715,16.0,0.257728077256096,0.0,0.3110648797395689,0.5435377548321755,4052.10136082493,0.23139247829534176,0.3898198972996594,0.7786937186828026,0.686820903599663,0.28463219331354955
ESENLER,ÇİFTE HAVUZLAR,ESENLER|ÇİFTE HAVUZLAR,2023,0.5716372753225683,101532.76705248831,0.0050270044752878,0.5478456626009098,40.0,0.5243926157728545,18.0,0.7886557918385004,12.0,0.3775648087257248,0.1178156039716956,0.28175156444634963,0.5435377548321757,1841.864254920423,0.2772066613202967,0.3822542237864108,0.7727757339286386,0.7755238700769802,0.18335580865001647
ESENYURT,AKEVLER,ESENYURT|AKEVLER,2023,0.752978192443718,671509.7710128496,0.0123536038030967,0.6763984921356606,97.0,0.6656637688518892,41.0,1.0,4.0,0.257728077256096,0.0,0.21163902657501912,0.6537979356554219,5494.428324609567,0.26301607085108397,0.8420495936759295,0.678817603127115,0.6324124771567161,0.3077416514337398
ESENYURT,AKÇABURGAZ,ESENYURT|AKÇABURGAZ,2023,0.8374576369375801,1469957.8294014728,0.0270424607586811,0.822593308052631,263.0,0.9868765172898941,254.0,1.0,7.0,0.3775648087257248,0.6470259894679072,0.230039952884964,0.6537979356554219,14897.26442651872,0.5042499086967624,0.7166123773652383,0.7121612232435179,0.733951626354678,0.3534503206412367
ESENYURT,AKŞEMSEDDİN,ESENYURT|AKŞEMSEDDİN,2023,0.709472967343016,448560.596933847,0.0082520614522752,0.670250717011911,93.0,0.8555766241719459,121.0,1.0,6.0,0.3252166245432683,0.1178156039716956,0.24292635854464983,0.6537979356554219,5267.853960708141,0.6217442998662138,0.7509086744450439,0.8090103021148255,0.686820903599663,0.19276829224089764
ESENYURT,ARDIÇLI,ESENYURT|ARDIÇLI,2023,0.8299070343941851,1370548.3272397225,0.0252136480489017,0.7976943893164996,222.0,0.5802537522775366,25.0,1.0,5.0,0.3775648087257248,0.0,0.22143926626214538,0.6537979356554219,12574.877196529113,0.07961218742264724,0.7917411792061718,0.6871852345729342,0.7755238700769802,0.40435136344419115
ESENYURT,ATATÜRK,ESENYURT|ATATÜRK,2023,0.8421491486820583,1535324.533387034,0.0282449962954819,0.6808468267523928,97.0,0.7933011506675484,85.0,0.6339357530569166,6.0,0.0,0.18673331429495207,0.1474990578908112,0.6537979356554219,5664.359097535636,0.45896201108028833,0.36325713703990176,0.6605257324977574,0.733951626354678,0.3055829345591415
ESENYURT,AŞIK VEYSEL,ESENYURT|AŞIK VEYSEL,2023,0.8567770025723663,1758386.9946479872,0.0323486227633516,0.6267603399448642,69.0,0.5584187769777513,22.0,1.0,9.0,0.5625323369257385,0.27355936087800314,0.1116986139959701,0.6537979356554219,3908.407777299589,0.20647282098679068,0.6612325737976555,0.755141674179462,0.489301084236452,0.26159920057495545
ESENYURT,BALIKYOLU,ESENYURT|BALIKYOLU,2023,0.8456444760138591,1585907.2601280273,0.029175554557495,0.784557003199453,202.0,0.8696071783463005,131.0,1.0,11.0,0.3252166245432683,0.0,0.20142668990295148,0.6537979356554219,11498.648967997342,0.3714866551839949,0.6175824918424769,0.7841338341597008,0.6324124771567161,0.29299026566378944
ESENYURT,BARBAROS HAYRETTİN PAŞA,ESENYURT|BARBAROS HAYRETTİN PAŞA,2023,0.8435797497094306,1555829.513320113,0.0286222214812028,0.7477913802250158,158.0,0.8128918630534874,95.0,1.0,9.0,0.257728077256096,0.0,0.18229992898436223,0.6537979356554219,8949.687374106305,0.35123831972625463,0.6612325737976555,0.4795887183244687,0.733951626354678,0.481981847813776
ESENYURT,BATTALGAZİ,ESENYURT|BATTALGAZİ,2023,0.798362183862377,1022926.6094239604,0.0188185348865563,0.6808468267523928,100.0,0.7406801751394602,63.0,0.5717292458618776,3.0,0.16260831227163414,0.0,0.17921197861939522,0.6537979356554219,5664.359097535636,0.36450731604598385,0.4329968834154832,0.7449963707371114,0.686820903599663,0.2513905366218442
ESENYURT,BAĞLARÇEŞME,ESENYURT|BAĞLARÇEŞME,2023,0.8619879891284155,1845448.19397711,0.0339502667148792,0.8103652849815642,242.0,0.8709513049975631,132.0,1.0,3.0,0.0,0.0,0.20345673677108445,0.6537979356554219,13707.749016036238,0.3247710036592512,0.9073449700788264,0.6347540228567574,0.0,0.2592954924207458
ESENYURT,CUMHURİYET,ESENYURT|CUMHURİYET,2023,0.5252665306122406,81226.90945866102,0.0014943119235462,0.5548720026283065,42.0,0.5802537522775366,25.0,1.0,4.0,0.16260831227163414,0.0,0.3255598258694566,0.6537979356554219,2379.030820964967,0.34842460907585526,0.8420495936759295,0.6220344173131646,0.733951626354678,0.40470114949313013
ESENYURT,ESENKENT,ESENYURT|ESENKENT,2023,0.7248633797521518,517382.559968905,0.0095181625590456,0.7122982107642172,124.0,0.5243926157728545,18.0,1.0,9.0,0.3775648087257248,0.0,0.25574526595483654,0.6537979356554219,7023.805280944189,0.10112432353176112,0.6612325737976555,0.8215615368663706,0.733951626354678,0.399739541253176
ESENYURT,FATİH,ESENYURT|FATİH,2023,0.5950920866276097,155260.0828634518,0.0028562824145329,0.7895342308200648,210.0,0.8935571483422664,150.0,1.0,2.0,0.4878249368149024,0.0,0.41537653928339024,0.6537979356554219,11895.154104824836,0.402120761966011,1.0,0.7157621392568994,0.686820903599663,0.2036051700392268
ESENYURT,GÖKEVLER,ESENYURT|GÖKEVLER,2023,0.7805626609055049,867270.0214236813,0.0159549580623547,0.5829082334263169,51.0,0.681865472834328,45.0,1.0,4.0,0.3252166245432683,0.1178156039716956,0.13990969790859636,0.6537979356554219,2888.8231397431746,0.47189629791080107,0.8420495936759295,0.6353833348762321,0.6324124771567161,0.2788738147469226
ESENYURT,GÜZELYURT,ESENYURT|GÜZELYURT,2023,0.7949162206805458,990753.049749958,0.0182266456448727,0.7816356155765807,198.0,0.9071762093880261,162.0,1.0,3.0,0.3252166245432683,0.0,0.2401400881543289,0.6537979356554219,11272.074604095917,0.4443300132144368,0.9073449700788264,0.7349314798992762,0.6324124771567161,0.34631424543109846
ESENYURT,HÜRRİYET,ESENYURT|HÜRRİYET,2023,0.8470601547687738,1606865.3887889092,0.0295611162114086,0.7477913802250158,156.0,0.8387481889764207,110.0,0.7049214852782891,9.0,0.16260831227163414,0.0,0.17968170344151643,0.6537979356554219,8949.687374106305,0.39420918735111327,0.35627121694505287,0.5803667643681117,0.733951626354678,0.3588480063894041
ESENYURT,KOZA,ESENYURT|KOZA,2023,0.7559740484486785,690428.7303986187,0.0127016513501431,0.5245036260336077,34.0,0.7406801751394602,63.0,1.0,11.0,0.257728077256096,0.27355936087800314,0.12715976702444917,0.6537979356554219,1925.8820931621165,0.7821265680788075,0.6175824918424769,0.7554063595646583,0.686820903599663,0.14821642947233835
ESENYURT,MEHMET AKİF ERSOY,ESENYURT|MEHMET AKİF ERSOY,2023,0.8373453890106172,1468428.4524451382,0.0270143251785306,0.7382084500740477,148.0,0.95229812018229,209.0,1.0,5.0,0.0,0.0,0.1816849952172326,0.6537979356554219,8383.251464352741,0.6569185207897859,0.7917411792061718,0.6710163340096539,0.6324124771567161,0.28850710355634457
ESENYURT,MEHTERÇEŞME,ESENYURT|MEHTERÇEŞME,2023,0.8650615508726304,1898806.456675896,0.0349318858445728,0.8438904481313805,304.0,1.0,270.0,1.0,6.0,0.0,0.0,0.22043590282816694,0.6537979356554219,17219.651656508333,0.4787288009383088,0.7509086744450439,0.651666180889484,0.6324124771567161,0.4534724254029204
ESENYURT,SARIYER MERKEZ,ESENYURT|SARIYER MERKEZ,2023,0.8600240816702035,1812141.7624836008,0.0333375363027138,0.0,0.0,0.0,0.0,0.0,0.0,0.257728077256096,0.0,0.0,0.6537979356554219,0.0,0.0,0.0,0.6751241127526032,0.733951626354678,0.24623647027160875
ESENYURT,MEVLANA,ESENYURT|MEVLANA,2023,0.8125575790981041,1166857.974092341,0.0214664055962711,0.6793789016653243,99.0,0.6280304780454663,33.0,1.0,3.0,0.456499245823252,0.0,0.16788406252447163,0.6537979356554219,5607.71550656028,0.21462650317955173,0.9073449700788264,0.7467568969772853,0.733951626354678,0.39697812176935393
ESENYURT,NAMIK KEMAL,ESENYURT|NAMIK KEMAL,2023,0.8163024731952913,1208094.5083224005,0.0222250242018092,0.7559140878422842,167.0,1.0,270.0,1.0,3.0,0.16260831227163414,0.0,0.2079066636953549,0.6537979356554219,9459.479692884512,0.723610663443999,0.9073449700788264,0.7864483463685575,0.686820903599663,0.26379573375879156
ESENYURT,NECİP FAZIL KISAKÜREK,ESENYURT|NECİP FAZIL KISAKÜREK,2023,0.8109278810259453,1149355.1044809555,0.021144409512327,0.6808468267523928,100.0,0.6967153985173783,49.0,0.7117895153458826,9.0,0.257728077256096,0.0,0.16987655181999273,0.6537979356554219,5664.359097535636,0.2975087166486709,0.3627277309897877,0.6525251930462024,0.5680609671737329,0.2621610539653404
ESENYURT,ORHAN GAZİ,ESENYURT|ORHAN GAZİ,2023,0.5451773565404984,97710.19443248972,0.0017975509540566,0.851433317966915,320.0,0.795360086153147,86.0,1.0,13.0,0.3252166245432683,0.49128223256159964,0.4990595719859373,0.6537979356554219,18125.949112114035,0.17758496567744167,0.5817063918507496,0.772129509510942,0.686820903599663,0.2919543880938816
ESENYURT,OSMANGAZİ,ESENYURT|OSMANGAZİ,2023,0.8565962231322659,1755441.527917269,0.0322944357200989,0.8612126673366061,340.0,0.8450531283081522,114.0,0.6034077776963981,4.0,0.257728077256096,0.6043095765831322,0.23746699370086438,0.6537979356554219,19372.10811357187,0.21462650317955173,0.4095277807244203,0.634283445488124,0.686820903599663,0.34651866929761366
ESENYURT,PINAR,ESENYURT|PINAR,2023,0.8757499834467297,2096662.5199528155,0.038571796269222,0.8976173217258403,438.0,1.0,270.0,1.0,7.0,0.257728077256096,0.0,0.24359163514485047,0.6537979356554219,24809.892847206087,0.36195319276492477,0.7166123773652383,0.6773408024754957,0.733951626354678,0.3091005212981436
ESENYURT,PİRİ REİS,ESENYURT|PİRİ REİS,2023,0.7835902919153004,891966.6270889365,0.0164092955788583,0.6605202510563183,87.0,0.7826335350824153,80.0,1.0,5.0,0.257728077256096,0.0,0.17902866238979456,0.6537979356554219,4927.992414856003,0.48649146272069166,0.7917411792061718,0.6252956108676184,0.5680609671737329,0.4291144325488398
ESENYURT,SAADETDERE,ESENYURT|SAADETDERE,2023,0.7809142127287816,870102.2009724489,0.0160070609885592,0.7576599692132895,167.0,0.8826126581129299,141.0,1.0,2.0,0.16260831227163414,0.0,0.2372003540841692,0.6537979356554219,9572.766874835224,0.4526115530443953,1.0,0.7621221577311722,0.5680609671737329,0.33943265777744985
ESENYURT,SELAHADDİN EYYUBİ,ESENYURT|SELAHADDİN EYYUBİ,2023,0.8514437917547704,1673534.8953669036,0.0307876190942635,0.8500480941362722,317.0,0.8110269671032553,94.0,1.0,23.0,0.3775648087257248,0.37346662858990415,0.23500825860235264,0.6537979356554219,17956.018339187965,0.19374396649290146,0.46330758639970016,0.675394390646383,0.846351820920547,0.3307122879413678
ESENYURT,SULTANİYE,ESENYURT|SULTANİYE,2023,0.81681190261333,1213815.5110109115,0.0223302721127423,0.7477913802250158,158.0,0.6894451671969107,47.0,1.0,3.0,0.3775648087257248,0.0,0.20283539162882538,0.6537979356554219,8949.687374106306,0.1942837410174673,0.9073449700788264,0.6227051398611254,0.7755238700769802,0.32252422297083166
ESENYURT,SÜLEYMANİYE,ESENYURT|SÜLEYMANİYE,2023,0.8680186380115881,1951598.283464928,0.0359030843890254,0.7636128043369478,176.0,0.7665365010623937,73.0,1.0,6.0,0.0,0.0,0.1727310563839362,0.6537979356554219,9969.27201166272,0.25885770840904293,0.7509086744450439,0.7780093493875992,0.6324124771567161,0.29186230108282507
ESENYURT,TALATPAŞA,ESENYURT|TALATPAŞA,2023,0.8309007071463123,1383236.4916182023,0.025447069158298,0.8612126673366061,341.0,0.8668881036079373,129.0,1.0,2.0,0.0,0.0,0.2585157446764368,0.6537979356554219,19372.10811357187,0.2387727691525442,1.0,0.716742875324508,0.733951626354678,0.36719037085423467
ESENYURT,TURGUT ÖZAL,ESENYURT|TURGUT ÖZAL,2023,0.8129911656138756,1171559.3921432956,0.0215528964537706,0.7693347225341349,179.0,0.8147374333093891,96.0,1.0,5.0,0.3252166245432683,0.0,0.21831919501999078,0.6537979356554219,10365.777148490211,0.3146303010047098,0.7917411792061718,0.8402158550608818,0.6324124771567161,0.2881545489574298
ESENYURT,YENİKENT,ESENYURT|YENİKENT,2023,0.8264519284454231,1327329.2673255256,0.0244185573950204,0.7644439347271464,177.0,0.7350258609986798,61.0,1.0,3.0,0.257728077256096,0.0,0.20486851376380516,0.6537979356554219,10025.915602638075,0.22092235906246244,0.9073449700788264,0.5542043167046273,0.6324124771567161,0.29526196262599924
ESENYURT,YEŞİLKENT,ESENYURT|YEŞİLKENT,2023,0.8718101536982933,2021439.831137542,0.0371879425492294,0.8550648922128566,328.0,0.9177802896237908,172.0,1.0,23.0,0.3775648087257248,0.0,0.22158878878029065,0.6537979356554219,18579.097839916885,0.31453246420768566,0.46330758639970016,0.649070305924216,0.846351820920547,0.43926396271393264
ESENYURT,YUNUS EMRE,ESENYURT|YUNUS EMRE,2023,0.7903836169859194,949969.6642477016,0.0174763635075273,0.8237067114814142,265.0,0.7891104647084658,83.0,1.0,11.0,0.257728077256096,0.0,0.2693079142599643,0.6537979356554219,15010.551608469435,0.20327944802478837,0.6175824918424769,0.7717224076674133,0.6324124771567161,0.416110471077847
ESENYURT,ZAFER,ESENYURT|ZAFER,2023,0.7957146829718361,998116.7165767543,0.0183621132530045,0.7331729696376514,143.0,0.7406801751394602,63.0,1.0,9.0,0.257728077256096,0.0,0.2109412056906339,0.6537979356554219,8100.033509475959,0.27233342000484706,0.6612325737976555,0.7149006537171239,0.812711509291959,0.3819226847044397
ESENYURT,ÇINAR,ESENYURT|ÇINAR,2023,0.8550542964080317,1730518.347888112,0.0318359299694989,0.7823714039051184,200.0,0.934473662959832,189.0,1.0,2.0,0.16260831227163414,0.0,0.192912390379821,0.6537979356554219,11328.718195071271,0.49632168810543215,1.0,0.6710729777517831,0.5680609671737329,0.1782465122167938
ESENYURT,ÖRNEK,ESENYURT|ÖRNEK,2023,0.83480758377903,1434272.3670869984,0.0263859638885039,0.6446039045256321,78.0,0.9613908386098493,220.0,1.0,4.0,0.257728077256096,0.0,0.13422298099320337,0.6537979356554219,4418.200096077796,1.0,0.8420495936759295,0.6408503982105389,0.6324124771567161,0.19584612627703704
ESENYURT,ÜÇEVLER,ESENYURT|ÜÇEVLER,2023,0.8475266859487512,1613832.550478878,0.0296892894098718,0.8115745151458098,244.0,0.8450531283081522,113.0,1.0,2.0,0.16260831227163414,0.0,0.21552866254758588,0.6537979356554219,13821.03619798695,0.28601100311024,1.0,0.6523209485373885,0.686820903599663,0.26371335408418767
ESENYURT,İNCİRTEPE,ESENYURT|İNCİRTEPE,2023,0.8447549992494549,1572879.234203695,0.0289358810969541,0.7943490021086209,217.0,0.9548243460269571,212.0,1.0,7.0,0.257728077256096,0.0,0.2077407885095525,0.6537979356554219,12291.659241652327,0.5084805771212072,0.7166123773652383,0.6317341611666922,0.5680609671737329,0.2020965803553514
ESENYURT,İNÖNÜ,ESENYURT|İNÖNÜ,2023,0.849762831504983,1647648.774291166,0.030311398348754,0.7852783995223156,204.0,0.8555766241719459,121.0,1.0,5.0,0.257728077256096,0.0,0.1986409100980171,0.6537979356554219,11555.292558972698,0.3474414490460637,0.7917411792061718,0.6673626857464361,0.686820903599663,0.29921823735756503
ESENYURT,İSTİKLAL,ESENYURT|İSTİKLAL,2023,0.5555346078654266,107566.17926220174,0.0019788691372484,0.7567896112076081,168.0,0.681865472834328,45.0,0.6245365228798732,5.0,0.3252166245432683,0.0,0.42894233841059265,0.6537979356554219,9516.12328385987,0.1770597600981037,0.38807778575159374,0.5978927140131525,0.686820903599663,0.2866707475052711
ESENYURT,ŞEHİTLER,ESENYURT|ŞEHİTLER,2023,0.7927366570349685,970927.7929085832,0.0178619251614409,0.7025409195964298,116.0,0.7200509995434583,56.0,0.7332311634731977,9.0,0.0,0.0,0.1956671638820477,0.6537979356554219,6570.656553141337,0.29387406280911654,0.38314714579425757,0.628706111978387,0.5680609671737329,0.29622777580538484
EYÜPSULTAN,5.LEVENT,EYÜPSULTAN|5.LEVENT,2023,0.7549965518349475,746943.473564051,0.031697422009489,0.6960977447572277,111.0,0.5147634633977843,17.0,0.4567127664656418,3.0,0.3252166245432683,0.0,0.22157455590375957,0.7006309760606768,6864.038874543395,0.10631281219442221,0.317558812947014,0.9294436567860804,0.846351820920547,0.24623647027160875
EYÜPSULTAN,AKPINAR,EYÜPSULTAN|AKPINAR,2023,0.49959506576914015,69877.15250661293,0.0029653188898685,0.8115745151458098,244.0,1.0,270.0,1.0,12.0,0.0,0.0,0.513482219014577,0.7006309760606768,15088.517886383675,0.5609145810051539,0.5988394212823303,0.5844051799792112,0.686820903599663,0.317596256488172
EYÜPSULTAN,AKŞEMSETTİN,EYÜPSULTAN|AKŞEMSETTİN,2023,0.8805586335159964,2393323.3924455224,0.1015634840660032,1.0,872.75,0.9297241565362176,184.0,1.0,38.0,0.16260831227163414,0.1178156039716956,0.30206173759296795,0.7006309760606768,54278.46956874292,0.14198308877318122,0.3664053919120613,0.9390890521649287,0.6324124771567161,0.24623647027160875
EYÜPSULTAN,ALİBEYKÖY,EYÜPSULTAN|ALİBEYKÖY,2023,0.7634327587842535,807730.4124259982,0.0342769870260738,0.9820352716698583,777.0,0.773614092087252,76.0,1.0,38.0,0.257728077256096,0.1178156039716956,0.3915761271983205,0.7006309760606768,48048.272121803755,0.06962120645043417,0.3664053919120613,0.9132014891080183,0.733951626354678,0.24887126426028167
EYÜPSULTAN,AĞAÇLI,EYÜPSULTAN|AĞAÇLI,2023,0.496008315625127,67589.13954843179,0.0028682243775454,0.7449812904226298,155.0,0.5869751513118114,26.0,1.0,8.0,0.16260831227163414,0.0,0.47357962947317744,0.7006309760606768,9584.919149137171,0.1156920986904521,0.6870975992038014,0.5053590854243654,0.489301084236452,0.4067149866494787
EYÜPSULTAN,DEFTERDAR,EYÜPSULTAN|DEFTERDAR,2023,0.6655657072510748,325887.2510706638,0.0138294075660242,0.7652704089002583,178.0,0.4822927351010046,14.0,1.0,13.0,0.16260831227163414,0.2356312079433912,0.33874680578102023,0.7006309760606768,11007.197474493008,0.05648514490318042,0.5817063918507496,0.8505843310967451,0.5680609671737329,0.21028877252732825
EYÜPSULTAN,DÜĞMECİLER,EYÜPSULTAN|DÜĞMECİLER,2023,0.7966347660519408,1098988.2781836502,0.0466368560272074,0.8577310838302112,334.0,0.6524654401915636,38.0,0.8660225464024619,21.0,0.16260831227163414,0.0,0.2849537216309682,0.7006309760606768,20653.954811689127,0.08038950648036572,0.3514206302793639,0.8109278477712735,0.5680609671737329,0.26212784315121695
EYÜPSULTAN,EMNİYETTEPE,EYÜPSULTAN|EMNİYETTEPE,2023,0.742798613178144,667048.5345918881,0.0283069866062056,0.9123181362641622,484.0,0.7665365010623937,73.0,0.7006027484711276,10.0,0.16260831227163414,0.0,0.36517277919428465,0.7006309760606768,29929.68302053155,0.10480598400011248,0.33335232251409375,0.9024015155958177,0.686820903599663,0.22734714475740267
EYÜPSULTAN,ESENTEPE,EYÜPSULTAN|ESENTEPE,2023,0.8383638006052834,1618305.381502708,0.0686746861485493,0.9242901531550862,525.0,1.0,270.0,1.0,22.0,0.16260831227163414,0.0,0.2908783778659296,0.7006309760606768,32465.04873094848,0.31284803357945473,0.47225720261824455,0.9340774575564105,0.5680609671737329,0.24965599798646898
EYÜPSULTAN,GÖKTÜRK MERKEZ,EYÜPSULTAN|GÖKTÜRK MERKEZ,2023,0.8801986206687993,2385346.266185918,0.1012249653608766,0.8882529992981526,411.0,0.8128918630534874,95.0,0.6288570340300466,9.0,0.16260831227163414,0.18673331429495207,0.2343996513582243,0.7006309760606768,25415.495292228243,0.15513714907764253,0.2877953418120565,0.6595650833003516,0.489301084236452,0.2177908188220076
EYÜPSULTAN,GÜZELTEPE,EYÜPSULTAN|GÜZELTEPE,2023,0.8553750083653078,1894845.7585023304,0.0804100012596044,1.0,872.75,0.9335338405365201,188.0,0.7632100597029703,14.0,0.456499245823252,0.18673331429495207,0.32351046605540024,0.7006309760606768,54278.46956874292,0.1447884673817785,0.3305739930847237,0.8677004538525457,0.686820903599663,0.24623647027160875
EYÜPSULTAN,IŞIKLAR,EYÜPSULTAN|IŞIKLAR,2023,0.4429738208113801,41307.909623378255,0.0017529495738338,0.6180798802301182,65.0,0.5045837821888896,16.0,1.0,4.0,0.0,0.30454891826664765,0.43793397043020926,0.7006309760606768,4019.482223831717,0.16417815823633877,0.8420495936759295,0.5805090794356187,0.6324124771567161,0.23126004701263714
EYÜPSULTAN,KARADOLAP,EYÜPSULTAN|KARADOLAP,2023,0.8285526897576777,1477561.6654805392,0.0627020615526724,1.0,872.75,1.0,270.0,1.0,39.0,0.5625323369257385,0.0,0.34654150222880875,0.7006309760606768,54278.46956874292,0.20236114352296994,0.36162950501676155,0.9743435256675935,0.686820903599663,0.24623647027160875
EYÜPSULTAN,SARIYER MERKEZ,EYÜPSULTAN|SARIYER MERKEZ,2023,0.7538478335340653,739028.1854925054,0.0313615274803711,0.8462892856040951,309.0,0.7869775537551676,82.0,0.8611229685759417,18.0,0.515456154512192,0.0,0.3140770188348354,0.7006309760606768,19108.000110215395,0.17559607338386196,0.375183383514528,0.8038538298222035,0.6324124771567161,0.30135845410627476
EYÜPSULTAN,MİMAR SİNAN,EYÜPSULTAN|MİMAR SİNAN,2023,0.6901874735956818,409492.4813263635,0.0173772935298316,0.7636128043369478,176.0,0.8219342078600275,100.0,0.7449396294940428,13.0,0.3775648087257248,0.5329461839562417,0.31661098810281735,0.7006309760606768,10883.521098375111,0.3356625035837273,0.3271916114851308,0.8047255457023745,0.6324124771567161,0.1664424796834818
EYÜPSULTAN,MİTHATPAŞA,EYÜPSULTAN|MİTHATPAŞA,2023,0.46967955253987853,52933.488978460766,0.0022462946634756,0.8797785577586018,388.0,0.8338685430249649,107.0,0.6524622496668502,12.0,0.16260831227163414,0.18673331429495207,0.5840318015573853,0.7006309760606768,23993.2169668724,0.18170337981850995,0.2612511729951087,0.73465011798964,0.9053145831190337,0.1761214290260419
EYÜPSULTAN,NİŞANCI,EYÜPSULTAN|NİŞANCI,2023,0.782447568474507,963500.808146492,0.0408872863920728,0.9361416162869307,569.0,0.9114938980879443,166.0,1.0,30.0,0.0,0.0,0.3459927336034344,0.7006309760606768,35185.92900554226,0.19098253864057374,0.4110010986379872,0.7589770407750377,0.6324124771567161,0.32963299895300446
EYÜPSULTAN,ODAYERİ,EYÜPSULTAN|ODAYERİ,2023,0.5694148147087389,133570.4862073309,0.0056682201788638,0.5327015824431515,36.0,0.7261928473473762,58.0,1.0,4.0,0.0,0.0,0.2741029744862591,0.7006309760606768,2226.1747701221816,0.7160450821227545,0.8420495936759295,0.6719210134965251,0.733951626354678,0.5308164895477067
EYÜPSULTAN,PİRİNÇÇİ,EYÜPSULTAN|PİRİNÇÇİ,2023,0.621596635819406,216742.84914661795,0.00919773691061,0.7593854304508193,171.0,0.5869751513118114,26.0,1.0,9.0,0.257728077256096,0.27355936087800314,0.37299753707893274,0.7006309760606768,10574.330158080364,0.10559668166806546,0.6612325737976555,0.7098520194804187,0.812711509291959,0.28772821102870544
EYÜPSULTAN,RAMİ CUMA,EYÜPSULTAN|RAMİ CUMA,2023,0.5277182738759285,90716.6218824789,0.0038496662048116,0.8133699765052023,247.0,0.8053121686909047,91.0,0.755541444794019,12.0,0.456499245823252,0.0,0.48986010499571486,0.7006309760606768,15274.032450560522,0.234005631561124,0.35113031832573166,0.7665169567236049,0.5680609671737329,0.2981332324778739
EYÜPSULTAN,RAMİ YENİ,EYÜPSULTAN|RAMİ YENİ,2023,0.7789806329188003,933014.58143343,0.0395935676197673,0.7990115878354371,224.0,0.8959005497300971,152.0,0.6916456253111162,11.0,0.3775648087257248,0.18673331429495207,0.2637229660760716,0.7006309760606768,13851.754125204689,0.3864137714065059,0.3087479632918587,0.8104339972060419,0.733951626354678,0.1744972269714698
EYÜPSULTAN,SAKARYA,EYÜPSULTAN|SAKARYA,2023,0.7329129703819753,608611.4468761808,0.0258271402779527,0.8458126284719526,308.0,0.7591659622563532,70.0,1.0,22.0,0.3252166245432683,0.0,0.33168016855956617,0.7006309760606768,19046.16192215644,0.15278779203139697,0.47225720261824455,0.8648002600667211,0.686820903599663,0.18245853952728766
EYÜPSULTAN,SİLAHTARAĞA,EYÜPSULTAN|SİLAHTARAĞA,2023,0.4877131713253374,62580.24631565688,0.002655666120838,0.8269973740256532,271.0,0.8947327033425846,151.0,0.8643591329431554,15.0,0.16260831227163414,0.0,0.5339416845884682,0.7006309760606768,16758.14896397531,0.3304174588339213,0.41286939045493554,0.7777928215974387,0.5680609671737329,0.3431184741306441
EYÜPSULTAN,TOPÇULAR,EYÜPSULTAN|TOPÇULAR,2023,0.7372716140394199,633717.7512281144,0.0268925557374984,0.821471437596322,261.0,0.7231483982391199,57.0,1.0,23.0,0.257728077256096,0.5537851443253394,0.31269083658712804,0.7006309760606768,16139.767083385816,0.14736887207037036,0.46330758639970016,0.7489461642874572,0.8770630192749421,0.1397552908149044
EYÜPSULTAN,YEŞİLPINAR,EYÜPSULTAN|YEŞİLPINAR,2023,0.8784456729499689,2346882.913213251,0.0995927278834446,1.0,872.75,1.0,270.0,1.0,29.0,0.16260831227163414,0.0,0.30385382970949426,0.7006309760606768,54278.46956874292,0.20236114352296994,0.4175541581728257,0.9506342991343606,0.733951626354678,0.30408564185419096
EYÜPSULTAN,ÇIRÇIR,EYÜPSULTAN|ÇIRÇIR,2023,0.839262412964994,1631847.9446876182,0.0692493806944619,1.0,872.75,0.9573152388815416,215.0,1.0,46.0,0.3775648087257248,0.0,0.3373251426964201,0.7006309760606768,54278.46956874292,0.16345376462678132,0.33190397792078724,0.9440192567079788,0.5680609671737329,0.24623647027160875
EYÜPSULTAN,ÇİFTALAN,EYÜPSULTAN|ÇİFTALAN,2023,0.5527171132138881,114400.64790905656,0.0048547256161565,0.501762507828975,29.0,0.19565838377060382,2.0,0.0,0.0,0.0,0.0,0.268592764656591,0.7006309760606768,1793.3074537095351,0.04975539969834966,0.0,0.62563887774559,0.5680609671737329,0.34792662829828436
EYÜPSULTAN,İHSANİYE,EYÜPSULTAN|İHSANİYE,2023,0.5532981216817451,115019.02978964604,0.0048809673762438,0.5404678626001169,38.0,0.24689339171315342,3.0,1.0,2.0,0.0,0.0,0.29253608905868084,0.7006309760606768,2349.8511462400807,0.05668962743005691,1.0,0.664759570332599,0.5680609671737329,0.33924204031965527
EYÜPSULTAN,İSLAMBEY,EYÜPSULTAN|İSLAMBEY,2023,0.7772298756842023,917987.9017351052,0.0389558928496452,0.8945614534609686,429.0,0.7591659622563532,70.0,0.8906248648141707,20.0,0.515456154512192,0.0,0.32432254925201864,0.7006309760606768,26528.58267728933,0.11276552273007334,0.38335880192927635,0.8066284563668799,0.733951626354678,0.22298483566373262
FATİH,AKSARAY,FATİH|AKSARAY,2023,0.7166492523048227,657792.773126615,0.0243008900373241,0.8972808899858323,437.0,0.9462603916072518,202.0,0.7583819300431547,12.0,0.3775648087257248,0.0,0.3782980588679525,0.8229136727941366,33962.126873385016,0.2834792658207219,0.35376134993993036,0.6508862877244599,0.686820903599663,0.3970024672046416
FATİH,AKŞEMSETTİN,FATİH|AKŞEMSETTİN,2023,0.8016724814011584,1447237.3607235143,0.053465403387884,0.8886106364528371,412.0,0.8570304766204851,122.0,1.0,17.0,0.3252166245432683,0.0,0.2997989264273619,0.8229136727941366,32019.21343669251,0.1935060116596006,0.5251453539998778,0.7559348452636708,0.686820903599663,0.30108361430221386
FATİH,ALEMDAR,FATİH|ALEMDAR,2023,0.08412832843536273,1787.480361757106,6.603502727533736e-05,0.8060531751631479,229.0,0.8749238697586197,135.0,1.0,18.0,0.3775648087257248,0.0,0.881192808093847,0.8229136727941366,18263.386304909563,0.33864718472418637,0.5132852260471427,0.6560511602966708,0.6324124771567161,0.41005116682985593
FATİH,ALİ KUŞÇU,FATİH|ALİ KUŞÇU,2023,0.7288950609367922,736908.2082687339,0.0272236577662934,0.8103652849815642,242.0,0.8072375489127069,92.0,1.0,10.0,0.4878249368149024,0.0,0.31288414130567954,0.8229136727941366,18807.402067183462,0.24038119539825914,0.6382445775183776,0.7789504901712571,0.733951626354678,0.30934725932174995
FATİH,ATİKALİ,FATİH|ATİKALİ,2023,0.7655336911036609,1035106.5625322998,0.0382400229687051,0.7717206277031763,186.0,0.9581378543668118,216.0,1.0,8.0,0.42033638952773006,0.0,0.25826158138332217,0.8229136727941366,14455.27596899225,0.5749882388326687,0.6870975992038014,0.7939460456497603,0.6324124771567161,0.2232355291540656
FATİH,AYVANSARAY,FATİH|AYVANSARAY,2023,0.7815511106944156,1200875.9369509043,0.044364053976457,0.9444444609014313,602.0,0.9016276006233391,157.0,1.0,21.0,0.4878249368149024,0.0,0.35200799500992597,0.8229136727941366,46785.35555555555,0.17289390056034643,0.4816791904768169,0.7530134826626725,0.489301084236452,0.2667694916100966
FATİH,BALABANAĞA,FATİH|BALABANAĞA,2023,0.33725990185926313,19429.134366925064,0.0007177720356014,0.6224839462031403,67.0,0.5045837821888896,16.0,1.0,7.0,0.5625323369257385,0.0,0.5340174500151373,0.8229136727941366,5207.008010335917,0.15976606926780162,0.7166123773652383,0.5591597390991304,0.686820903599663,0.23521367967736057
FATİH,BALAT,FATİH|BALAT,2023,0.7430980716065367,840659.7857881137,0.0310565604364054,0.8675271228115148,356.0,0.8668881036079373,129.0,1.0,22.0,0.456499245823252,0.0,0.33660265075615453,0.8229136727941366,27744.803875968995,0.2301375503381567,0.47225720261824455,0.7872418404833664,0.6324124771567161,0.140116093412019
FATİH,BEYAZIT,FATİH|BEYAZIT,2023,0.046942485368176565,1243.464599483204,4.593741027849555e-05,0.788833396941177,209.0,0.6613720928498814,40.0,1.0,8.0,0.0,0.0,0.9046385686648747,0.8229136727941366,16242.756330749353,0.13064805182413852,0.6870975992038014,0.569193400717205,0.733951626354678,0.5540547151978706
FATİH,BİNBİRDİREK,FATİH|BİNBİRDİREK,2023,0.5237530333356119,109891.18397932815,0.004059718633362,0.698708879365525,113.0,0.565998471340334,23.0,0.3134871552142486,1.0,0.16260831227163414,0.0,0.4193518801065569,0.8229136727941366,8781.96873385013,0.1382193280615205,0.36348687267068286,0.6494428903412209,0.686820903599663,0.44989233537710555
FATİH,CANKURTARAN,FATİH|CANKURTARAN,2023,0.31330458875207295,15543.307493540053,0.0005742176284811,0.7808961390705891,198.0,0.5934520809378621,27.0,0.19091767512158764,1.0,0.3252166245432683,0.0,0.6584850752868415,0.8229136727941366,15387.874418604652,0.09537066137973475,0.22136814065021423,0.5711131493885385,0.5680609671737329,0.3579089395530791
FATİH,CERRAHPAŞA,FATİH|CERRAHPAŞA,2023,0.6724791722531522,436689.22403100773,0.0161326442721791,0.7391952447503807,149.0,0.751477173902043,67.0,0.7901288752741884,10.0,0.456499245823252,0.0,0.31639997690779403,0.8229136727941366,11579.764082687338,0.277033983505699,0.41847660971906286,0.798091594409173,0.6324124771567161,0.2411942386961491
FATİH,CİBALİ,FATİH|CİBALİ,2023,0.6991952026088872,559481.3532299742,0.0206689635371805,0.8054267400220603,234.0,0.7406801751394602,63.0,1.0,13.0,0.3775648087257248,0.0,0.3351912858147102,0.8229136727941366,18185.66976744186,0.1778676156124908,0.5817063918507496,0.6459424466278432,0.6324124771567161,0.33282554983558027
FATİH,DEMİRTAŞ,FATİH|DEMİRTAŞ,2023,0.5950527523536867,212943.3126614987,0.0078667815101923,0.7192147236850656,130.0,0.5934520809378621,27.0,1.0,8.0,0.0,0.0,0.370389023945383,0.8229136727941366,10103.149870801031,0.14078895450702725,0.6870975992038014,0.5278118839642483,0.686820903599663,0.4420996710706071
FATİH,DERVİŞ ALİ,FATİH|DERVİŞ ALİ,2023,0.5423927322850361,130641.49948320414,0.0048262991673844,0.8641930768662698,349.0,0.8465950940956967,115.0,1.0,12.0,0.3775648087257248,0.0,0.5097517380709153,0.8229136727941366,27123.07157622739,0.2124857427590713,0.5988394212823303,0.7719709815341406,0.733951626354678,0.18520368073462767
FATİH,EMİN SİNAN,FATİH|EMİN SİNAN,2023,0.7196144908578036,676133.8759689922,0.0249784668389319,0.655403255302033,84.0,0.773614092087252,76.0,0.0,0.0,0.16260831227163414,0.0,0.22583998895567758,0.8229136727941366,6528.189147286822,0.4807254482299558,0.0,0.6501863067514205,0.6324124771567161,0.29433279639673926
FATİH,HACI KADIN,FATİH|HACI KADIN,2023,0.41434276614425414,39790.86718346253,0.0014699971289118,0.6288529318257636,70.0,0.0,0.0,1.0,8.0,0.0,0.0,0.47011361421989206,0.8229136727941366,5440.157622739018,0.0,0.6870975992038014,0.6127396909475729,0.6324124771567161,0.2912320058385901
FATİH,HASEKİ SULTAN,FATİH|HASEKİ SULTAN,2023,0.7190304224975275,672481.1987080104,0.0248435256962388,0.8028940554310637,230.0,0.9613908386098493,220.0,1.0,16.0,0.16260831227163414,0.0,0.3166189609558068,0.8229136727941366,17874.803617571062,0.5007281073579265,0.5378021930849753,0.8114505067213371,0.686820903599663,0.2507098110158998
FATİH,HIRKA-İ ŞERİF,FATİH|HIRKA-İ ŞERİF,2023,0.8121537713008177,1594976.4984496124,0.0589233419465977,0.8812877806813785,392.0,1.0,270.0,1.0,15.0,0.456499245823252,0.0,0.286422388327259,0.8229136727941366,30464.882687338504,0.39486933408909186,0.5513596682004701,0.7534139768235351,0.686820903599663,0.29913414152370216
FATİH,HOBYAR,FATİH|HOBYAR,2023,0.19321422247529518,5051.574935400517,0.0001866207292563,0.7895342308200648,210.0,0.5869751513118114,26.0,0.6815930250768758,7.0,0.3252166245432683,0.0,0.7713141778768404,0.8229136727941366,16320.472868217052,0.08708266948099876,0.380495136687239,0.6545984954566717,0.6324124771567161,0.605672166307199
FATİH,HOCA GIYASETTİN,FATİH|HOCA GIYASETTİN,2023,0.6492527188504222,352055.9147286822,0.013006029285099,0.6920922881973645,108.0,0.44255177548375724,11.0,1.0,4.0,0.0,0.0,0.3066342171066317,0.8229136727941366,8393.386046511629,0.0723615159849992,0.8420495936759295,0.46576296775255305,0.6324124771567161,0.5149179652745033
FATİH,HOCAPAŞA,FATİH|HOCAPAŞA,2023,0.2502420819632056,8626.535658914729,0.000318690783807,0.673356626552595,95.0,0.7488386673333082,66.0,0.4320931191477724,2.0,0.16260831227163414,0.0,0.6446023081750063,0.8229136727941366,7383.071059431525,0.3935642425633338,0.365397020338908,0.6778655441948245,0.489301084236452,0.40064579578356524
FATİH,KALENDERHANE,FATİH|KALENDERHANE,2023,0.2695812950011921,10336.299483204137,0.0003818547229399,0.5800435753769402,50.0,0.565998471340334,23.0,1.0,2.0,0.5625323369257385,0.0,0.5662199573148228,0.8229136727941366,3885.826873385013,0.28233420380403895,1.0,0.6246075821179987,0.686820903599663,0.29875715500238337
FATİH,KARAGÜMRÜK,FATİH|KARAGÜMRÜK,2023,0.7434265182174832,843224.4315245479,0.0311513063451047,0.8203409703477226,259.0,0.8959005497300971,152.0,1.0,14.0,0.257728077256096,0.0,0.3067490683574695,0.8229136727941366,20128.583204134367,0.34450196771138053,0.5659432574844452,0.7806637210438417,0.5680609671737329,0.32262557530818614
FATİH,KATİP KASIM,FATİH|KATİP KASIM,2023,0.5190807540442272,105228.19173126615,0.0038874533448176,0.7550333374408353,166.0,0.6057394309575813,29.0,0.36878996823612625,2.0,0.0,0.0,0.45978918262876034,0.8229136727941366,12900.945219638244,0.12012355485277548,0.30078596011034653,0.6824081465844151,0.5680609671737329,0.33911276146673297
FATİH,KEMALPAŞA,FATİH|KEMALPAŞA,2023,0.3215639282757774,16786.772093023257,0.0006201550387596,0.7585252224505814,170.0,0.7461604824897238,65.0,1.0,9.0,0.0,0.0,0.6366107597159566,0.8229136727941366,13211.811369509043,0.24156280417174422,0.6612325737976555,0.6671982558142004,0.733951626354678,0.4358728072364857
FATİH,KOCA MUSTAFAPAŞA,FATİH|KOCA MUSTAFAPAŞA,2023,0.8014812281838406,1444672.71498708,0.0533706574791846,0.8921401170932802,422.0,0.8736095026422123,134.0,1.0,10.0,0.5829447017993643,0.0,0.3021523002350431,0.8229136727941366,32796.37881136951,0.20573421084397087,0.6382445775183776,0.6750047744579892,0.5680609671737329,0.13666203794812204
FATİH,KÜÇÜK AYASOFYA,FATİH|KÜÇÜK AYASOFYA,2023,0.5226808023774673,108803.15245478036,0.0040195233993683,0.7496354699125676,160.0,0.47000538508128537,13.0,0.16103064625593594,1.0,0.3775648087257248,0.0,0.4531425286640635,0.8229136727941366,12434.645994832044,0.05828012033104474,0.18671427214204644,0.5422221254379739,0.5680609671737329,0.2699487511287878
FATİH,MERCAN,FATİH|MERCAN,2023,0.17928068694144816,4429.842635658914,0.0001636520241171,0.6837395714756397,102.0,0.55050209871912,21.0,1.0,3.0,0.0,0.0,0.7149459884506123,0.8229136727941366,7927.086821705426,0.1396700124230546,0.9073449700788264,0.5415709554190467,0.686820903599663,0.34521670195507154
FATİH,MESİHPAŞA,FATİH|MESİHPAŞA,2023,0.4820305847584544,74607.87596899224,0.0027562446167097,0.7258214360402142,136.0,0.6931173784494173,48.0,0.4345849780272084,4.0,0.0,0.0,0.4734827599758767,0.8229136727941366,10569.449095607231,0.2255180031040277,0.25029611459454026,0.6709785639931908,0.686820903599663,0.4075752645767094
FATİH,MEVLANAKAPI,FATİH|MEVLANAKAPI,2023,0.7891745550461083,1288851.057364341,0.0476141257536606,0.9141319942051921,490.0,0.861322152622493,125.0,1.0,14.0,0.5625323369257385,0.0,0.32636895668096005,0.8229136727941366,38081.10335917313,0.16951617212111952,0.5659432574844452,0.771229779159005,0.733951626354678,0.30915648407008395
FATİH,MOLLA FENARİ,FATİH|MOLLA FENARİ,2023,0.48856143458451134,79270.86821705427,0.002928509905254,0.8691663091652371,361.0,0.9581378543668118,216.0,0.8328910009259278,19.0,0.3775648087257248,0.0,0.5604749128270538,0.8229136727941366,28055.67002583979,0.34987292993912716,0.3392565539400416,0.60108459820026,0.7755238700769802,0.49076429504059405
FATİH,MOLLA GÜRANİ,FATİH|MOLLA GÜRANİ,2023,0.7516788506877943,910293.8033591732,0.0336290554120011,0.865033678878831,351.0,0.8338685430249649,107.0,0.6951004383244002,12.0,0.257728077256096,0.0,0.32767288295679814,0.8229136727941366,27278.50465116279,0.19851238873838095,0.29703338281907665,0.7931352384583927,0.6324124771567161,0.30439960393918203
FATİH,MOLLA HÜSREV,FATİH|MOLLA HÜSREV,2023,0.3490502112690094,21682.913953488372,0.0008010335917312,0.6040192217402314,59.0,0.6967153985173783,49.0,1.0,7.0,0.3775648087257248,0.0,0.5114994812259127,0.8229136727941366,4585.275710594316,0.4510599094006192,0.7166123773652383,0.5643693056804515,0.6324124771567161,0.24623647027160875
FATİH,MUHSİNE HATUN,FATİH|MUHSİNE HATUN,2023,0.5229114653761426,109036.30206718344,0.0040281366637955,0.698708879365525,113.0,0.6115791651421031,30.0,0.0,0.0,0.0,0.0,0.42008814820284346,0.8229136727941366,8781.968733850128,0.17566361254829765,0.0,0.5921684333580937,0.5680609671737329,0.38874469013326707
FATİH,MİMAR HAYRETTİN,FATİH|MİMAR HAYRETTİN,2023,0.6572764397129307,379256.7028423773,0.0140109101349411,0.7258214360402142,136.0,0.6894451671969107,47.0,0.0,0.0,0.0,0.0,0.32097710335608826,0.8229136727941366,10569.449095607231,0.22145230097318302,0.0,0.6155788492594809,0.733951626354678,0.2659517623984897
FATİH,MİMAR KEMALETTİN,FATİH|MİMAR KEMALETTİN,2023,0.5454892888111311,134449.60981912146,0.0049669824863623,0.698708879365525,113.0,0.685695640581381,46.0,0.3138479551928985,2.0,0.0,0.0,0.40036290571528216,0.8229136727941366,8781.96873385013,0.25478983290872637,0.24691354134878088,0.5859647885155193,0.7755238700769802,0.35530375016291976
FATİH,NİŞANCA,FATİH|NİŞANCA,2023,0.6379995418967678,317161.1894056847,0.0117169107091587,0.7732900601011407,188.0,0.638210159254361,35.0,0.31015117352084015,1.0,0.0,0.0,0.36763439161823164,0.8229136727941366,14610.709043927647,0.12737374109729824,0.3596188176870745,0.5417339157127204,0.5680609671737329,0.34050174696347657
FATİH,RÜSTEMPAŞA,FATİH|RÜSTEMPAŞA,2023,0.09275972667467142,1942.9134366925064,7.17772035601493e-05,0.6763984921356606,97.0,0.5422170729953125,20.0,1.0,2.0,0.0,0.0,0.7887876258489039,0.8229136727941366,7538.504134366925,0.1398575811216261,1.0,0.574116230582457,0.6324124771567161,0.35188595327814365
FATİH,SARAÇ İSHAK,FATİH|SARAÇ İSHAK,2023,0.39997344537087126,34817.00878552972,0.0012862474877978,0.6638355648252878,89.0,0.4822927351010046,14.0,0.0,0.0,0.0,0.0,0.5055644600400865,0.8229136727941366,6916.771834625323,0.10899305466355533,0.0,0.5732620828552025,0.5680609671737329,0.42282733695315167
FATİH,SEYYİD ÖMER,FATİH|SEYYİD ÖMER,2023,0.8277963953656913,1843980.284496124,0.0681223083548664,0.930065411268992,546.0,0.8749238697586197,135.0,1.0,9.0,0.42033638952773006,0.0,0.3033932698431642,0.8229136727941366,42433.22945736434,0.1648357647087426,0.6612325737976555,0.7575657024071741,0.6324124771567161,0.34991967255007483
FATİH,SULTAN AHMET,FATİH|SULTAN AHMET,2023,0.4523835462399527,56655.355813953494,0.0020930232558139,0.6837395714756397,102.0,0.34655868922470867,6.0,0.0,0.0,0.0,0.0,0.4723053881432664,0.8229136727941366,7927.086821705427,0.04264329155169752,0.0,0.6044842288146698,0.489301084236452,0.36230673317120893
FATİH,SURURİ,FATİH|SURURİ,2023,0.38226441754257334,29532.284237726097,0.0010910134941142,0.7693347225341349,183.0,0.5045837821888896,16.0,0.7481850653847032,11.0,0.16260831227163414,0.0,0.5898018290309318,0.8229136727941366,14222.126356589146,0.06253329689298985,0.36012890876447307,0.6198752610462505,0.6324124771567161,0.8936894696964499
FATİH,SÜLEYMANİYE,FATİH|SÜLEYMANİYE,2023,0.6890087593281673,509043.32041343674,0.0188056273327591,0.6793789016653243,99.0,0.7759121360481404,77.0,1.0,4.0,0.964387188987466,0.0,0.2653253650447475,0.8229136727941366,7693.937209302326,0.4292530063591036,0.8420495936759295,0.49546946066490277,0.7755238700769802,0.3624413598587169
FATİH,SÜMBÜL EFENDİ,FATİH|SÜMBÜL EFENDİ,2023,0.7820384852168139,1206316.0945736435,0.0445650301464254,0.780152937226431,197.0,0.638210159254361,35.0,0.6743895080295113,3.0,0.3252166245432683,0.0,0.24977338434693394,0.8229136727941366,15310.157881136953,0.1220050093312715,0.5421905636103285,0.7334560311427439,0.5680609671737329,0.28804872783179664
FATİH,SİLİVRİKAPI,FATİH|SİLİVRİKAPI,2023,0.5306887212427227,117196.538501292,0.0043296009187482,0.7382084500740477,148.0,0.751477173902043,67.0,0.6743895080295113,3.0,0.42033638952773006,0.0,0.43874403734008194,0.8229136727941366,11502.04754521964,0.2785959624566739,0.5421905636103285,0.7811981648730046,0.733951626354678,0.1113107589149151
FATİH,TAHTAKALE,FATİH|TAHTAKALE,2023,0.06446769962807852,1476.614211886305,5.4550674705713464e-05,0.6180798802301182,65.0,0.3191050796271805,5.0,0.0,0.0,0.0,0.0,0.7767749735437259,0.8229136727941366,5051.5749354005175,0.055288585713824355,0.0,0.5143045145097705,0.5680609671737329,0.4520352518016678
FATİH,TAYA HATUN,FATİH|TAYA HATUN,2023,0.236937516226176,7616.220671834625,0.0002813666379557,0.6246376377966785,68.0,0.34655868922470867,6.0,0.0,0.0,0.0,0.0,0.624602197562595,0.8229136727941366,5284.7245478036175,0.06308441939322279,0.0,0.6772225753197588,0.5680609671737329,0.36679257932442927
FATİH,TOPKAPI,FATİH|TOPKAPI,2023,0.7366172995962673,791620.6506459948,0.0292449038185472,0.8528056558077642,323.0,0.6613720928498814,40.0,1.0,13.0,0.515456154512192,0.0,0.33290109399152423,0.8229136727941366,25102.441602067185,0.08710224351436353,0.5817063918507496,0.7984301290691175,0.812711509291959,0.28362401506191176
FATİH,YAVUZ SULTAN SELİM,FATİH|YAVUZ SULTAN SELİM,2023,0.7862349786843171,1254189.481653747,0.0463336204421475,0.8532602794466154,324.0,0.8899831969189702,147.0,1.0,21.0,0.42033638952773006,0.0,0.2909494982675904,0.8229136727941366,25180.15813953488,0.27910986259384446,0.4816791904768169,0.7508660094199334,0.5680609671737329,0.21412120194793716
FATİH,YAVUZ SİNAN,FATİH|YAVUZ SİNAN,2023,0.5864574110800884,196622.8397932817,0.0072638530002871,0.6427245765113734,77.0,0.4100810471869776,9.0,1.0,3.0,0.0,0.0,0.3291048732574123,0.8229136727941366,5984.17338501292,0.08247026224174618,0.9073449700788264,0.569814374972862,0.5680609671737329,0.4268806052493039
FATİH,YEDİKULE,FATİH|YEDİKULE,2023,0.782031538210159,1206238.378036176,0.044562159058283,0.8658695182482042,352.0,0.7712860074860078,75.0,0.6282499898688862,2.0,0.3775648087257248,0.1178156039716956,0.30232041625952566,0.8229136727941366,27433.937726098193,0.14373123210390473,0.5772778349871215,0.7237559827067532,0.489301084236452,0.23373711395222707
FATİH,ZEYREK,FATİH|ZEYREK,2023,0.732330760413671,760767.1852713178,0.028105081826012,0.8581708017535407,335.0,0.9531441832267971,210.0,1.0,18.0,0.456499245823252,0.0,0.33996315093464496,0.8229136727941366,26035.04005167959,0.3630713461798726,0.5132852260471427,0.6375135494159805,0.7755238700769802,0.21699211332184304
FATİH,İSKENDERPAŞA,FATİH|İSKENDERPAŞA,2023,0.7426085251477997,836851.6754521964,0.0309158771174275,0.8399692803114874,296.0,0.8013978147281852,89.0,1.0,11.0,0.42033638952773006,0.0,0.3197123611283391,0.8229136727941366,23004.09509043928,0.19612570021492762,0.6175824918424769,0.7257629865509048,0.812711509291959,0.23381184043105185
FATİH,ŞEHREMİNİ,FATİH|ŞEHREMİNİ,2023,0.805366462173791,1497675.3935400518,0.0553287395923054,0.9126219988928206,485.0,0.8541108057250867,120.0,1.0,8.0,0.5829447017993643,0.0,0.31159902523616395,0.8229136727941366,37692.52067183463,0.1649374047027199,0.6870975992038014,0.8180406997897439,0.6324124771567161,0.2944455962278912
FATİH,ŞEHSUVAR BEY,FATİH|ŞEHSUVAR BEY,2023,0.5264622175487804,112688.97932816535,0.0041630778064886,0.7693347225341349,183.0,0.7261928473473762,58.0,0.16692556226944685,1.0,0.16260831227163414,0.0,0.462534976921509,0.8229136727941366,14222.126356589146,0.20539684532577798,0.19354939935784254,0.5475270938067823,0.5680609671737329,0.3579089395530791
GAZİOSMANPAŞA,BARBAROS HAYRETTİN PAŞA,GAZİOSMANPAŞA|BARBAROS HAYRETTİN PAŞA,2023,0.9041410137397113,2278074.571813923,0.1046058818546889,1.0,872.75,1.0,270.0,1.0,31.0,0.456499245823252,0.37346662858990415,0.2821675673836826,0.5577896527089614,41516.06916804399,0.20236114352296994,0.4046988688372266,0.9262808387001683,0.6324124771567161,0.2915332279991409
GAZİOSMANPAŞA,BAĞLARBAŞI,GAZİOSMANPAŞA|BAĞLARBAŞI,2023,0.847166534564647,1343082.0849852206,0.0616723823010079,0.9185714040341709,505.0,0.8851035509675145,143.0,1.0,18.0,0.257728077256096,0.0,0.2799575392013,0.5577896527089614,23885.63364267983,0.18601545851112358,0.5132852260471427,0.9207887950827401,0.686820903599663,0.294224524410579
GAZİOSMANPAŞA,FEVZİ ÇAKMAK,GAZİOSMANPAŞA|FEVZİ ÇAKMAK,2023,0.8251650230586605,1095191.776230201,0.0502896186850204,0.9182795636737986,504.0,0.751477173902043,67.0,1.0,22.0,0.3252166245432683,0.0,0.29830960286248603,0.5577896527089614,23838.335358238874,0.09311725605826658,0.47225720261824455,0.9145725073574665,0.6324124771567161,0.3501159153313661
GAZİOSMANPAŞA,HÜRRİYET,GAZİOSMANPAŞA|HÜRRİYET,2023,0.8422207337259469,1282871.3688918909,0.0589075935043752,0.8976173217258403,438.0,1.0,270.0,1.0,24.0,0.3252166245432683,0.0,0.2712623882234712,0.5577896527089614,20716.648585136165,0.36195319276492477,0.4547895163258789,0.9299572143373005,0.6324124771567161,0.3207127929771716
GAZİOSMANPAŞA,KARADENİZ,GAZİOSMANPAŞA|KARADENİZ,2023,0.9465359758625894,3375300.174275085,0.1549888908918344,1.0,872.75,1.0,270.0,1.0,30.0,0.515456154512192,0.3307502157051291,0.24700285585503698,0.5577896527089614,41516.069168044,0.20236114352296994,0.4110010986379872,0.911329723292414,0.733951626354678,0.24623647027160875
GAZİOSMANPAŞA,KARAYOLLARI,GAZİOSMANPAŞA|KARAYOLLARI,2023,0.8820637429114679,1856315.7694539705,0.0852393290663353,1.0,872.75,1.0,270.0,1.0,33.0,0.42033638952773006,0.0,0.30078609308464893,0.5577896527089614,41516.06916804399,0.20236114352296994,0.39278312326759923,0.9326695022405458,0.733951626354678,0.2941303935454764
GAZİOSMANPAŞA,KARLITEPE,GAZİOSMANPAŞA|KARLITEPE,2023,0.8045689710473148,904768.8830709354,0.0415456754837294,0.8646139765927425,350.0,0.8236888618160699,101.0,1.0,12.0,0.16260831227163414,0.0,0.2825275265548029,0.5577896527089614,16554.39955433255,0.18915031827808151,0.5988394212823303,0.813943350780412,0.686820903599663,0.3796548529911019
GAZİOSMANPAŞA,KAZIM KARABEKİR,GAZİOSMANPAŞA|KAZIM KARABEKİR,2023,0.893351350919578,2061164.6393677257,0.094645692207118,1.0,872.75,0.944497051103912,200.0,1.0,26.0,0.515456154512192,0.0,0.2912443439340086,0.5577896527089614,41516.06916804399,0.15314185899957192,0.43890898671182904,0.9506260071722183,0.686820903599663,0.2647333983580243
GAZİOSMANPAŞA,SARIYER MERKEZ,GAZİOSMANPAŞA|SARIYER MERKEZ,2023,0.6052911684609367,142509.7310205828,0.0065438402547167,0.9182795636737986,504.0,0.8911825006828653,148.0,0.7585071599157559,11.0,0.540173120997359,0.1178156039716956,0.4892406169359558,0.5577896527089614,23838.335358238877,0.19208537785762483,0.36983492867357454,0.8483161249091853,0.733951626354678,0.2823363207587001
GAZİOSMANPAŞA,MEVLANA,GAZİOSMANPAŞA|MEVLANA,2023,0.8421292555112371,1281783.508349749,0.0588576405253315,0.9147316911857083,492.0,0.8201620943739552,99.0,1.0,24.0,0.42033638952773006,0.0,0.2818233074893679,0.5577896527089614,23270.755944947472,0.13677961738161276,0.4547895163258789,0.9517139187695351,0.733951626354678,0.4280631128316662
GAZİOSMANPAŞA,PAZARİÇİ,GAZİOSMANPAŞA|PAZARİÇİ,2023,0.7560182702704031,576755.2804729461,0.0264837663677451,0.7881292177805045,208.0,0.7104218471683882,53.0,0.7375018417844156,8.0,0.0,0.0,0.2761919374200035,0.5577896527089614,9838.043163717632,0.16934118572542148,0.4097008326467535,0.8016440866209421,0.6324124771567161,0.35719825011422146
GAZİOSMANPAŞA,SARIGÖL,GAZİOSMANPAŞA|SARIGÖL,2023,0.834184036674596,1190734.31080092,0.0546767933662443,0.9324729484470936,555.0,0.8935571483422664,150.0,1.0,15.0,0.16260831227163414,0.0,0.29947356902387834,0.5577896527089614,26250.547864727338,0.17847838477852143,0.5513596682004701,0.8580831344976273,0.7755238700769802,0.2537136128688098
GAZİOSMANPAŞA,SEYMEN MAHALLE,GAZİOSMANPAŞA|SEYMEN MAHALLE,2023,0.8725269074964267,1699190.868541134,0.0780243813975106,0.9901512069477835,821.0,0.9715705198187442,233.0,1.0,31.0,0.3775648087257248,0.0,0.3027607495898558,0.5577896527089614,38831.891526020074,0.18638278036038458,0.4046988688372266,0.9714771759826479,0.686820903599663,0.3208541735208428
GAZİOSMANPAŞA,SEYİTNİZAM,GAZİOSMANPAŞA|SEYİTNİZAM,2023,0.7058735219093023,362257.5605332372,0.0166343420215319,0.7929893127227079,215.0,0.7406801751394602,63.0,1.0,12.0,0.257728077256096,0.0,0.3216449489996726,0.5577896527089614,10169.13115480428,0.1917233860303111,0.5988394212823303,0.8743593743112625,0.489301084236452,0.21011686646183872
GAZİOSMANPAŞA,YILDIZTABYA,GAZİOSMANPAŞA|YILDIZTABYA,2023,0.8312577840121258,1158855.2670877196,0.0532129538934003,0.9369160288476716,572.0,0.8887757622200211,146.0,0.7531360839912771,11.0,0.16260831227163414,0.0,0.3047127119058932,0.5577896527089614,27054.618700223484,0.1696009992382818,0.3647726310014869,0.8730243538158494,0.7755238700769802,0.35816793630606797
GAZİOSMANPAŞA,ŞEMSİPAŞA,GAZİOSMANPAŞA|ŞEMSİPAŞA,2023,0.8321824332280848,1168835.20510476,0.0536712181794093,0.82968461142339,276.0,0.7665365010623937,73.0,1.0,15.0,0.16260831227163414,0.0,0.23851757709779867,0.5577896527089614,13054.326505702242,0.17507739645239168,0.5513596682004701,0.8854658780795781,0.686820903599663,0.2750999533950315
GÜNGÖREN,ABDURRAHMAN NAFİZ GÜRMAN,GÜNGÖREN|ABDURRAHMAN NAFİZ GÜRMAN,2023,0.8138789998855226,1135614.8353604996,0.0821130304330877,0.6446039045256321,78.0,0.8033657456456684,90.0,1.0,10.0,0.257728077256096,0.0,0.14853020228052716,0.6327933288327152,4247.528395421452,0.572414155216532,0.6382445775183776,0.7865933428481585,0.686820903599663,0.07215227993033058
GÜNGÖREN,AKINCILAR,GÜNGÖREN|AKINCILAR,2023,0.8368283741805768,1404951.700024019,0.1015880015907578,0.7214499975701577,131.0,0.6524654401915636,38.0,0.4511874572710903,3.0,0.0,0.0,0.17285627925361258,0.6327933288327152,7188.124976867073,0.18874918674364427,0.31225381732374613,0.6664981532214944,0.5680609671737329,0.22285545690072361
GÜNGÖREN,GENÇOSMAN,GÜNGÖREN|GENÇOSMAN,2023,0.8768657718030054,2036635.4101123377,0.1472632271121838,0.8629231242257369,346.0,0.9228545911573516,177.0,0.7829585398317983,12.0,0.5625323369257385,0.0,0.2221520411624004,0.6327933288327152,18841.600318151573,0.3082269600608307,0.37683085568506625,0.783958012077748,0.846351820920547,0.20241455062272332
GÜNGÖREN,GÜNEŞTEPE,GÜNGÖREN|GÜNEŞTEPE,2023,0.829478355564152,1312377.3632007306,0.094894218540204,0.8443733462845094,305.0,0.8033657456456684,90.0,0.4129530706141264,3.0,0.3775648087257248,0.0,0.24952165066018728,0.6327933288327152,16608.925135942856,0.1929102861631092,0.2762642060989214,0.7292840947984309,0.5680609671737329,0.1423363838957798
GÜNGÖREN,GÜVEN,GÜNGÖREN|GÜVEN,2023,0.7829860193109305,852718.553126981,0.0616576169344836,0.7372150102656643,147.0,0.6430898052058168,36.0,0.6322167405359245,9.0,0.0,0.0,0.22341217996265264,0.6327933288327152,8004.957360601968,0.16342589752764372,0.29069355334499397,0.7768884872771763,0.6324124771567161,0.21186865501396224
GÜNGÖREN,HAZNEDAR,GÜNGÖREN|HAZNEDAR,2023,0.8186627843448501,1187129.731028047,0.0858379238247488,0.7111132625939458,123.0,0.6430898052058168,36.0,0.6322167405359245,9.0,0.3252166245432683,0.0,0.18072994412689136,0.6327933288327152,6698.025546626136,0.19152699560370293,0.29069355334499397,0.7891308688997806,0.686820903599663,0.19339766740681416
GÜNGÖREN,MAREŞAL ÇAKMAK,GÜNGÖREN|MAREŞAL ÇAKMAK,2023,0.8583528737451633,1715348.005843279,0.1240318624073206,0.8072981214040859,237.0,0.7933011506675484,85.0,0.3629508554930627,2.0,0.16260831227163414,0.0,0.2045371698252475,0.6327933288327152,12905.951663011338,0.22865928982758815,0.29495505546723244,0.7522487595027557,0.733951626354678,0.1996111339158524
GÜNGÖREN,MEHMET NESİH ÖZMEN,GÜNGÖREN|MEHMET NESİH ÖZMEN,2023,0.7174361866431085,464287.5269149142,0.0335712907582481,0.7976943893164996,222.0,0.9038678306132842,159.0,0.7868075893514199,12.0,0.3252166245432683,0.0,0.31472320177021823,0.6327933288327152,12089.11927927644,0.402960440720533,0.3804918487448289,0.7628538975305371,0.6324124771567161,0.13027905758918787
GÜNGÖREN,SARIYER MERKEZ,GÜNGÖREN|SARIYER MERKEZ,2023,0.8910277125073591,2322472.2889273013,0.1679312666606291,0.8467644076059396,310.0,0.8254263969240266,102.0,0.5972379191312408,7.0,0.4878249368149024,0.0,0.20163605344430244,0.6327933288327152,16881.20259718782,0.2122159857524943,0.3021228175935185,0.7251340432037217,0.733951626354678,0.1767953449541703
GÜNGÖREN,SANAYİ,GÜNGÖREN|SANAYİ,2023,0.7553263360898549,659782.7440887989,0.0477069855532411,0.893873688793115,427.0,0.6430898052058168,36.0,0.8315024749766077,18.0,0.3252166245432683,0.1178156039716956,0.3426895382260737,0.6327933288327152,23252.49519032,0.06038791944152222,0.34769217801718233,0.7441656722075921,0.686820903599663,0.2815649349016997
GÜNGÖREN,TOZKOPARAN,GÜNGÖREN|TOZKOPARAN,2023,0.7674911706998687,738579.8413730918,0.0534045761850949,0.8658695182482042,353.0,0.7759121360481404,77.0,1.0,22.0,0.515456154512192,0.1178156039716956,0.31468326244832157,0.6327933288327152,19222.78876389452,0.14720934793555857,0.47225720261824455,0.5715444975290798,0.5680609671737329,0.3192052441458151
KADIKÖY,19 MAYIS,KADIKÖY|19 MAYIS,2023,0.8606022683058937,2214403.0461792657,0.0736067153197809,0.8924884649624722,423.0,0.6894451671969107,47.0,0.7475903843494239,11.0,0.5625323369257385,0.0,0.2529254275934317,0.7580285841384126,29122.388028038473,0.07860468626394478,0.3595726172524847,0.9866365512588988,0.686820903599663,0.2456369505809409
KADIKÖY,ACIBADEM,KADIKÖY|ACIBADEM,2023,0.848693619608765,1982869.7342684069,0.0659105524165219,1.0,872.75,0.9868765172898941,254.0,0.8112132465537946,13.0,0.5829447017993643,0.2356312079433912,0.3292310752936748,0.7580285841384126,60430.67633950536,0.18961614444502164,0.38877009919999067,0.8751348441352282,0.6324124771567161,0.35052702286093895
KADIKÖY,BOSTANCI,KADIKÖY|BOSTANCI,2023,0.8640207526344771,2285728.8003094024,0.0759775820363365,1.0,872.75,0.8887757622200211,146.0,0.8617275573264446,21.0,0.5625323369257385,0.0,0.31612582625024,0.7580285841384121,60430.67633950536,0.11479228667081343,0.34749485694742605,0.942465337405666,0.6324124771567161,0.24623647027160875
KADIKÖY,CADDEBOSTAN,KADIKÖY|CADDEBOSTAN,2023,0.5620319885997789,138864.90934409836,0.0046158669568461,0.8999511032277561,445.0,0.7566397364116862,69.0,0.8118635154412931,12.0,0.515456154512192,0.0,0.5155262241700975,0.7580285841384126,30637.02759450856,0.10754299688026342,0.40462359473903214,0.9748877720160811,0.5680609671737329,0.21028877252732825
KADIKÖY,CAFERAĞA,KADIKÖY|CAFERAĞA,2023,0.8167716394145932,1474777.0069707143,0.0490215597831435,0.9461471620426369,609.0,0.8682528301014444,130.0,0.9913460766753773,21.0,0.6646554340887362,0.0,0.3228147962552743,0.7580285841384126,41927.977090012835,0.14434636491952355,0.4728705787896677,0.8423426515723725,0.3877619350384901,0.16070805223798526
KADIKÖY,DUMLUPINAR,KADIKÖY|DUMLUPINAR,2023,0.7355000499129077,694049.1577084062,0.0230701808586839,0.8550648922128566,328.0,0.7759121360481404,77.0,0.7429774963071906,7.0,0.540173120997359,0.0,0.335282236326882,0.7580285841384126,22581.898991008555,0.1573230916797961,0.4412185373302143,0.9648060280587007,0.686820903599663,0.2936669394195089
KADIKÖY,ERENKÖY,KADIKÖY|ERENKÖY,2023,0.8678494999154139,2368345.5039350437,0.0787237597003004,0.9850384339827548,793.0,0.7891104647084658,83.0,1.0,16.0,0.4878249368149024,0.0,0.3035543930925706,0.7580285841384126,54595.87164594447,0.07426440505162298,0.5378021930849753,0.9476470836277704,0.686820903599663,0.4146035731492994
KADIKÖY,EĞİTİM,KADIKÖY|EĞİTİM,2023,0.7674593656824535,933499.9037167226,0.0310295191214062,0.9822247710588654,778.0,0.7759121360481404,77.0,0.6042777825724459,3.0,0.3252166245432683,0.0,0.3881923830697529,0.7580285841384126,53563.16285062395,0.0704088517182351,0.46710536180324636,0.9231306582281847,0.686820903599663,0.3144286781811296
KADIKÖY,FENERBAHÇE,KADIKÖY|FENERBAHÇE,2023,0.8139720323104723,1436979.8650619837,0.0477651835018799,0.9427218778965606,595.0,0.8219342078600275,100.0,0.725980557688903,9.0,0.3252166245432683,0.0,0.3230643514265085,0.7580285841384126,40964.11554771369,0.11589989402035507,0.37619870333240957,0.9231632480450671,0.5680609671737329,0.23789750396558068
KADIKÖY,FENERYOLU,KADIKÖY|FENERYOLU,2023,0.8360986803924021,1764279.705925565,0.0586446240139505,1.0,872.75,0.7689270864314054,74.0,1.0,6.0,0.3775648087257248,0.0,0.3400450536817336,0.7580285841384126,60430.67633950536,0.060386083667346255,0.7509086744450439,0.9471587163508911,0.6324124771567161,0.31332175621515673
KADIKÖY,FİKİRTEPE,KADIKÖY|FİKİRTEPE,2023,0.7563802067848241,842346.140716432,0.0279995697654993,0.9012683017466936,449.0,0.7826335350824153,80.0,0.8144628259510481,14.0,0.0,0.0,0.3464474449576167,0.7580285841384126,30912.41660659403,0.1223272311536124,0.3779552884467041,0.9441535108819517,0.489301084236452,0.17032272839058654
KADIKÖY,GÖZTEPE,KADIKÖY|GÖZTEPE,2023,0.8854525819739709,2788313.7473653858,0.0926834961587839,1.0,872.75,0.7848187887064582,81.0,1.0,10.0,0.6646554340887362,0.0,0.2979167125500626,0.7580285841384126,60430.67633950536,0.06585313923620521,0.6382445775183776,0.9635424286864166,0.6324124771567161,0.32127830417755354
KADIKÖY,HASANPAŞA,KADIKÖY|HASANPAŞA,2023,0.5391385652923006,112289.86967785048,0.0037325131416043,1.0,872.75,0.8749238697586197,135.0,0.8010786227746084,11.0,0.5829447017993643,0.0,0.600385407622639,0.7580285841384126,60430.67633950536,0.10673269496676953,0.41081521525424575,0.9032005094384016,0.812711509291959,0.24623647027160875
KADIKÖY,KOZYATAĞI,KADIKÖY|KOZYATAĞI,2023,0.877440877354113,2588656.7136034197,0.0860469001375377,0.9855947838089032,796.0,0.7488386673333082,66.0,0.7239143828888709,8.0,0.42033638952773006,0.0,0.2957768968499838,0.7580285841384126,54802.41340500857,0.05942778010474689,0.39637982822949264,0.967929120887006,0.5680609671737329,0.36222863265515115
KADIKÖY,KOŞUYOLU,KADIKÖY|KOŞUYOLU,2023,0.6920758230634458,463961.63811099593,0.0154220760645443,0.8846281178163748,401.0,0.7261928473473762,58.0,0.40501102822836854,2.0,0.3775648087257248,0.0,0.3916058643839827,0.7580285841384126,27607.748461568382,0.10078359354883917,0.33745850871674304,0.8451580742832594,0.6324124771567161,0.25734194337864397
KADIKÖY,MERDİVENKÖY,KADIKÖY|MERDİVENKÖY,2023,0.8573693608212719,2148998.1558089666,0.0714326580024761,1.0,872.75,0.8696071783463005,131.0,1.0,16.0,0.540173120997359,0.0,0.32180518646713185,0.7580285841384126,60430.67633950536,0.10378021228229509,0.5378021930849753,0.9670596974420985,0.812711509291959,0.24908070293817433
KADIKÖY,OSMANAĞA,KADIKÖY|OSMANAĞA,2023,0.7068405319430607,532051.5713491284,0.0176853841559279,0.9534600626124953,640.0,0.7826335350824153,80.0,0.9289714585525425,25.0,0.456499245823252,0.0,0.42271363148761404,0.7580285841384126,44062.241933675235,0.08787256314360421,0.3777920866458797,0.8864666517266908,0.5680609671737329,0.2518814013368417
KADIKÖY,RASİMPAŞA,KADIKÖY|RASİMPAŞA,2023,0.7573103533721658,849643.9495366969,0.0282421487924827,0.8711900069349573,366.0,0.8128918630534874,95.0,0.6894035175725667,8.0,0.3252166245432683,0.1178156039716956,0.326714207853504,0.7580285841384126,25198.094605820523,0.17216304879749406,0.363203048573761,0.9211111493464109,0.6324124771567161,0.22718254841177843
KADIKÖY,SAHRAYICEDİT,KADIKÖY|SAHRAYICEDİT,2023,0.8540187101440548,2083249.029173561,0.0692471582782381,0.9573216061241131,657.0,0.6430898052058168,36.0,0.7577292164000573,9.0,0.456499245823252,0.0,0.29808373654626397,0.7580285841384126,45232.64523503848,0.03979900867607899,0.406937113771548,0.9652975845780555,0.686820903599663,0.2679839337198693
KADIKÖY,SUADİYE,KADIKÖY|SUADİYE,2023,0.8394216572628447,1819495.2028487015,0.0604799860860331,0.9760366972968471,746.0,0.8165640743059941,97.0,0.8725500725707694,20.0,0.4878249368149024,0.0,0.32215605919192386,0.7580285841384126,51360.050753940195,0.09119871441597387,0.36636958553852117,0.9461848670311735,0.6324124771567161,0.30924542422676693
KADIKÖY,ZÜHTÜPAŞA,KADIKÖY|ZÜHTÜPAŞA,2023,0.7126392857497578,561449.3483892523,0.0186625657080218,0.7963653239844314,220.0,0.6967153985173783,49.0,1.0,14.0,0.3252166245432683,0.0,0.3179828950846408,0.7580285841384126,15146.395664700862,0.1500194975948988,0.5659432574844452,0.9674294794942417,0.686820903599663,0.2963316609516875
KARTAL,ATALAR,KARTAL|ATALAR,2023,0.8523704795897222,1861643.9431425352,0.0724949703573418,0.8133699765052023,208.0,0.7406801751394602,63.0,0.3590820659814243,1.0,0.4878249368149024,0.0,0.21273859882162516,0.7060720227095795,15430.404495174704,0.16949161510281158,0.4163539558949791,0.7320151407612958,0.6324124771567161,0.4674172266810898
KARTAL,CEVİZLİ,KARTAL|CEVİZLİ,2023,0.837316268613266,1619067.9890746677,0.0630487297567526,0.8259086218216007,254.0,0.8355099918419872,108.0,1.0,9.0,0.4878249368149024,0.1178156039716956,0.2321157946465597,0.7060720227095795,16804.772506890673,0.251818614436063,0.6612325737976555,0.7568568693019573,0.686820903599663,0.36348205984921544
KARTAL,CUMHURİYET,KARTAL|CUMHURİYET,2023,0.8254812274220128,1450770.3789127215,0.0564949898190788,0.8910901108524334,419.0,0.8338685430249649,106.0,0.8614591604211165,17.0,0.456499245823252,0.3307502157051291,0.28126094215537667,0.7060720227095795,26175.463495863165,0.1696753921719935,0.3862027281145166,0.7812998272111756,0.733951626354678,0.3829220158387896
KARTAL,ESENTEPE,KARTAL|ESENTEPE,2023,0.8528110353934856,1869265.438480233,0.0727917618467242,0.8139636403005343,238.0,0.773614092087252,76.0,0.6528118286027982,7.0,0.6504332490865365,0.5091905688213944,0.21273474957018476,0.7060720227095795,15492.875768434524,0.19943138536372088,0.35303015495423934,0.7385804132711044,0.846351820920547,0.42224377897615545
KARTAL,GÜMÜŞPINAR,KARTAL|GÜMÜŞPINAR,2023,0.343519003445921,16554.887413851407,0.0006446700384126,0.8197724715553535,258.0,0.7406801751394602,63.0,0.779135679886105,12.0,0.3252166245432683,0.0,0.6568907775537043,0.7060720227095795,16117.588501032693,0.16299913357589516,0.37320735509167535,0.6687012775773917,0.686820903599663,0.20448176104622606
KARTAL,HÜRRİYET,KARTAL|HÜRRİYET,2023,0.9086636124762678,3137744.6420208095,0.1221880830918861,0.997331894835267,862.0,1.0,270.0,0.8972670541954698,25.0,0.515456154512192,0.1178156039716956,0.2767427991973903,0.7060720227095795,53850.23754996192,0.205592543053863,0.3484349563995319,0.8127002059492286,0.686820903599663,0.39274609150375817
KARTAL,KARLIKTEPE,KARTAL|KARLIKTEPE,2023,0.8651065758882174,2095036.6200412104,0.0815836015403964,0.8203409703477226,259.0,0.7434414077513606,64.0,0.4832980673018146,6.0,0.3775648087257248,0.1178156039716956,0.20674253983259774,0.7060720227095795,16180.059774292504,0.16474693283453654,0.23010310146222343,0.6434100962815323,0.6324124771567161,0.291606532487066
KARTAL,KORDONBOYU,KARTAL|KORDONBOYU,2023,0.7641157552751002,821184.8870002895,0.0319780666223912,0.7180842564364662,129.0,0.6430898052058168,36.0,0.6108437313343137,7.0,0.0,0.0,0.22724890926606192,0.7060720227095795,8058.794250516344,0.18362868280865774,0.31430867984569405,0.7043382873325247,0.812711509291959,0.19993249957177198
KARTAL,ORHANTEPE,KARTAL|ORHANTEPE,2023,0.8380749863924825,1630500.2320812135,0.0634939169908262,0.9153289602365803,494.0,0.8338685430249649,107.0,1.0,13.0,0.42033638952773006,0.0,0.28559579100584115,0.7060720227095795,30860.80899034941,0.14627100952813527,0.5817063918507496,0.7109608140866375,0.6324124771567161,0.34257014933748636
KARTAL,ORTA,KARTAL|ORTA,2023,0.7990407300007797,1135290.4489506474,0.044209768332348,0.8509730203889443,319.0,0.7231483982391199,57.0,0.0,0.0,0.257728077256096,0.0,0.2787780922943756,0.7060720227095795,19928.336169881502,0.12264989710314983,0.0,0.7505962020626132,0.686820903599663,0.305800694000398
KARTAL,PETROL İŞ,KARTAL|PETROL İŞ,2023,0.8452663782649668,1742948.5239488836,0.0678728078177797,0.7881292177805045,208.0,0.7002421659594933,50.0,0.3590820659814243,1.0,0.540173120997359,0.0,0.2037657329444184,0.7060720227095795,12994.024838041856,0.16071618221138204,0.4163539558949791,0.6596443428689924,0.6324124771567161,0.42617471089481
KARTAL,SOĞANLIK YENİ,KARTAL|SOĞANLIK YENİ,2023,0.6001996972163821,179542.43934871297,0.0069916290203691,0.8414519586616371,299.0,0.7461604824897238,65.0,0.4701076174955686,5.0,0.42033638952773006,0.0,0.44425527583618396,0.7060720227095795,18678.910704685168,0.14675659916391826,0.24646027839526605,0.6928645304139506,0.6324124771567161,0.1606821911012425
KARTAL,TOPSELVİ,KARTAL|TOPSELVİ,2023,0.7598233767320182,789137.1238180036,0.0307300827367094,0.8462892856040951,309.0,0.7136897541929441,54.0,0.7119108141163432,12.0,0.3252166245432683,0.27355936087800314,0.3089896318448289,0.7060720227095795,19303.623437283335,0.12016069878719543,0.3117016861499459,0.7392610332299813,0.686820903599663,0.531293405576889
KARTAL,UĞUR MUMCU,KARTAL|UĞUR MUMCU,2023,0.8880827679877868,2592557.84028239,0.1009577607325397,0.6893602609706021,106.0,0.7461604824897238,65.0,0.7432151155574223,9.0,0.456499245823252,0.0,0.121043971483804,0.7060720227095795,6621.954965540563,0.35678150961255206,0.3927853483544012,0.6741677197758829,0.5680609671737329,0.12932844892805134
KARTAL,YAKACIK YENİ,KARTAL|YAKACIK YENİ,2023,0.80483358291194,1197949.1360302437,0.0466497836098116,0.8139636403005343,248.0,0.7848187887064582,80.0,0.7815206756405676,11.0,0.257728077256096,0.0,0.25144004192095837,0.7060720227095795,15492.875768434522,0.2108566391973083,0.391805212911258,0.704288564087086,0.8770630192749421,0.3395885565200399
KARTAL,YAKACIK ÇARŞI,KARTAL|YAKACIK ÇARŞI,2023,0.7984457444328227,1129043.3216246658,0.0439664966197395,0.7943490021086209,217.0,0.8387481889764207,110.0,0.75902874103307,9.0,0.456499245823252,0.1178156039716956,0.2448758101307073,0.7060720227095795,13556.266297380207,0.3059292079731367,0.40821207171256374,0.877879342173131,0.733951626354678,0.2583412517218404
KARTAL,YALI,KARTAL|YALI,2023,0.5102103422365883,77901.67775499132,0.0030335982562283,0.8085326495627443,238.0,0.7350258609986798,61.0,0.5865259064792467,5.0,0.0,0.1178156039716956,0.5021575867053165,0.7060720227095795,14930.634309096173,0.16959230401512287,0.3512003449967668,0.7067108499973426,0.6324124771567161,0.41062623074690885
KARTAL,YUKARI,KARTAL|YUKARI,2023,0.7013159327536098,458664.0882735736,0.0178610091397182,0.6934395601552111,109.0,0.47000538508128537,13.0,0.0,0.0,0.16260831227163414,0.0,0.2637220960594211,0.7060720227095795,6809.368785320012,0.08406031931132041,0.0,0.6599611163712864,0.489301084236452,0.3822714185527693
KARTAL,YUNUS,KARTAL|YUNUS,2023,0.7790163599544663,942878.9273104124,0.0367169995840053,0.7902317510512158,211.0,0.6172334792828835,31.0,0.6430061235968421,10.0,0.42033638952773006,0.2356312079433912,0.2583570689871992,0.7060720227095795,13181.438657821309,0.10226884624258269,0.2825922156183512,0.68630957809998,0.733951626354678,0.372401556680921
KARTAL,ÇAVUŞOĞLU,KARTAL|ÇAVUŞOĞLU,2023,0.7777588166732194,931946.4544899444,0.0362912740869404,0.8041658327387794,232.0,0.6894451671969107,47.0,0.4648675595683813,5.0,0.42033638952773006,0.3534468119150868,0.26788038479504406,0.7060720227095795,14493.335396277456,0.1376279628419539,0.2420834137085788,0.6957400945643407,0.6324124771567161,0.31258515381059904
KAĞITHANE,EMNİYET EVLERİ,KAĞITHANE|EMNİYET EVLERİ,2023,0.7169672558109071,461849.7514733729,0.0200681309381124,0.722555060820062,133.0,0.7321299283153692,60.0,1.0,11.0,0.0,0.0,0.2685450066711296,0.6323054891714817,7235.9544052254205,0.2777867218610936,0.6175824918424769,0.7952347709455987,0.0,0.24245706686680302
KAĞITHANE,GÜLTEPE,KAĞITHANE|GÜLTEPE,2023,0.770710128490973,760264.8635986468,0.0330347581257136,0.7881292177805045,208.0,0.7168987767944389,55.0,1.0,13.0,0.16260831227163414,0.0,0.26395489515268905,0.6323054891714817,11316.37982170592,0.17503628585893102,0.5817063918507496,0.7554063595646583,0.686820903599663,0.25628264591106525
KAĞITHANE,GÜRSEL,KAĞITHANE|GÜRSEL,2023,0.8441006261014938,1501596.5532648242,0.0652468387197435,0.9132278529437441,487.0,0.8947327033425846,151.0,1.0,20.0,0.3775648087257248,0.0,0.27924722638837773,0.6323054891714817,26495.562371013384,0.201490041149316,0.4916203668631068,0.8582921023041541,0.6324124771567161,0.19142772413412543
KAĞITHANE,HAMİDİYE,KAĞITHANE|HAMİDİYE,2023,0.8849294603255927,2192766.213144401,0.0952792966579907,0.8871748562238777,408.0,0.9826359375257713,248.0,1.0,34.0,0.6646554340887362,0.0,0.22994200884684315,0.6323054891714817,22197.51426565392,0.35429651560260633,0.38714132287453085,0.8610714641846351,0.7755238700769802,0.1963784277087113
KAĞITHANE,HARMANTEPE,KAĞITHANE|HARMANTEPE,2023,0.8158769484967304,1155794.1006361567,0.0502211536870373,0.8317997050590257,280.0,0.8627300329654786,126.0,1.0,18.0,0.257728077256096,0.0,0.2531197728349789,0.6323054891714817,15233.588221527203,0.2772066613202967,0.5132852260471427,0.8033519480136956,0.7755238700769802,0.2348198823445832
KAĞITHANE,HÜRRİYET,KAĞITHANE|HÜRRİYET,2023,0.8113151184977283,1107917.1090827854,0.0481408196988716,0.8952460266339644,431.0,1.0,270.0,1.0,28.0,0.3775648087257248,0.0,0.2957535928898392,0.6323054891714817,23448.844726707943,0.3665964375498818,0.4243760958799266,0.7897266991645312,0.6324124771567161,0.2906867006044677
KAĞITHANE,MEHMET AKİF ERSOY,KAĞITHANE|MEHMET AKİF ERSOY,2023,0.757772435194195,674303.9014914576,0.0292996130105978,0.777142113254013,193.0,0.8641268709960369,127.0,0.9040353471045351,22.0,0.16260831227163414,0.0,0.2679977736187869,0.6323054891714817,10500.29473840982,0.37722813610711375,0.37818609929142577,0.7859297765194363,0.733951626354678,0.19061761523591803
KAĞITHANE,SARIYER MERKEZ,KAĞITHANE|SARIYER MERKEZ,2023,0.8583528737451633,1713778.6749218102,0.0744665007127508,0.9890704310219659,815.0,0.9826359375257713,248.0,1.0,45.0,0.7551296174514496,0.0,0.31413898037958393,0.6323054891714817,44340.62285908811,0.19819852693449275,0.33579724130019806,0.8432072341528648,0.846351820920547,0.22769357256951633
KAĞITHANE,NURTEPE,KAĞITHANE|NURTEPE,2023,0.8399426588643248,1444797.0314674156,0.0627788061246923,0.8302162345358371,277.0,0.9930538742028772,263.0,0.8673970309467262,18.0,0.3775648087257248,0.18673331429495207,0.2325468066493561,0.6323054891714817,15070.37120486798,0.4980298964796511,0.3811082712648906,0.9661281797124581,0.489301084236452,0.19511729953373505
KAĞITHANE,ORTABAYIR,KAĞITHANE|ORTABAYIR,2023,0.8198385239032107,1199046.6100508498,0.0521005463240734,0.7943490021086209,217.0,0.892373782287982,149.0,1.0,16.0,0.257728077256096,0.0,0.22753591928456074,0.6323054891714817,11806.03087168358,0.3899895272844571,0.5378021930849753,0.7130101093948065,0.5680609671737329,0.21041663147484313
KAĞITHANE,SEYRANTEPE,KAĞITHANE|SEYRANTEPE,2023,0.8270576410261153,1282069.6658581733,0.0557080345808245,0.8827817200714984,396.0,0.8110269671032553,94.0,0.7767104122587812,15.0,0.42033638952773006,0.0,0.27484522306162573,0.6323054891714817,21544.646199017043,0.1589030270455793,0.3305470167137914,0.7612849514290101,0.686820903599663,0.21359031000878712
KAĞITHANE,SULTAN SELİM,KAĞITHANE|SULTAN SELİM,2023,0.8708937471630053,1925144.7114955003,0.0836507024673234,0.8646139765927425,350.0,1.0,270.0,1.0,15.0,0.3252166245432683,0.0,0.2279312486733612,0.6323054891714817,19041.985276909003,0.4307835115898571,0.5513596682004701,0.754079966971758,0.686820903599663,0.22507001823271838
KAĞITHANE,TALATPAŞA,KAĞITHANE|TALATPAŞA,2023,0.8523704795897222,1621289.0321482522,0.0704476736901578,0.918862668203921,506.0,0.9480064441802822,204.0,1.0,20.0,0.3775648087257248,0.0,0.2757803185501807,0.6323054891714817,27529.27014318844,0.25270977123420785,0.4916203668631068,0.7610267534320052,0.686820903599663,0.20571771042091402
KAĞITHANE,TELSİZLER,KAĞITHANE|TELSİZLER,2023,0.7481322226171423,616633.8889385333,0.0267937561612164,0.7867106947929912,206.0,0.8053121686909047,91.0,1.0,13.0,0.257728077256096,0.0,0.2819250068423964,0.6323054891714817,11207.568477266444,0.27294849081859246,0.5817063918507496,0.7292840947984309,0.5680609671737329,0.3052461865153151
KAĞITHANE,YAHYA KEMAL,KAĞITHANE|YAHYA KEMAL,2023,0.5415560501766179,90748.66126252632,0.0039431785139323,0.8453344262572637,307.0,0.8201620943739552,99.0,1.0,17.0,0.257728077256096,0.0,0.49831227826499025,0.6323054891714817,16702.541371460182,0.20852626890921247,0.5251453539998778,0.8630429561676536,0.686820903599663,0.23042076592920463
KAĞITHANE,YEŞİLCE,KAĞITHANE|YEŞİLCE,2023,0.753721446851477,649440.5092870365,0.028219257746289,0.7923047395497121,214.0,0.7566397364116862,69.0,1.0,6.0,0.16260831227163414,0.1178156039716956,0.28068272904757935,0.6323054891714817,11642.813855024362,0.20850050810025625,0.7509086744450439,0.7272819884410202,0.5680609671737329,0.2450533827937391
KAĞITHANE,ÇAĞLAYAN,KAĞITHANE|ÇAĞLAYAN,2023,0.8559085849751745,1675368.2703346738,0.0727975054904269,0.9251291616007311,528.0,0.9228545911573516,177.0,0.8061790896537863,13.0,0.257728077256096,0.0,0.2766592698181526,0.6323054891714817,28726.19493202272,0.21568548773583676,0.38395481640493384,0.8567445947104672,0.686820903599663,0.24242874078000798
KAĞITHANE,ÇELİKTEPE,KAĞITHANE|ÇELİKTEPE,2023,0.8603068392070912,1745116.3421203804,0.075828173868641,0.8641930768662698,349.0,0.9306842447692837,185.0,0.6084357201099675,7.0,0.16260831227163414,0.0,0.23622931625233864,0.6323054891714817,18987.57960468926,0.3173148197743572,0.3121383215104302,0.6994202205423629,0.686820903599663,0.17221603030924545
KAĞITHANE,ŞİRİNTEPE,KAĞITHANE|ŞİRİNTEPE,2023,0.8195788989898047,1196163.1094232036,0.0519752534816044,0.880157313432779,389.0,0.886336053712944,144.0,1.0,14.0,0.0,0.0,0.27949340599202666,0.6323054891714817,21163.80649347886,0.23496395474316722,0.5659432574844452,0.7820862353679158,0.5680609671737329,0.23919512418401573
KÜÇÜKÇEKMECE,ATAKENT,KÜÇÜKÇEKMECE|ATAKENT,2023,0.987666056205869,5371965.824276375,0.1389797688015023,0.9051507693423202,459.0,0.9903347994645141,259.0,1.0,30.0,0.9565666579531885,0.0,0.16117022045859172,0.6020978114094719,23698.337272645054,0.33263076069127717,0.4110010986379872,0.9332903454382179,0.686820903599663,0.25469853843460305
KÜÇÜKÇEKMECE,ATATÜRK,KÜÇÜKÇEKMECE|ATATÜRK,2023,0.8905157687980642,2182046.2520866916,0.0564523851322236,1.0,872.75,0.9826359375257713,248.0,0.8419979530389952,20.0,0.257728077256096,0.27355936087800314,0.2936370819186693,0.6020978114094719,45121.942605345335,0.18565039692959026,0.33833915052695795,0.9420564545276584,0.686820903599663,0.24623647027160875
KÜÇÜKÇEKMECE,BEŞYOL,KÜÇÜKÇEKMECE|BEŞYOL,2023,0.6198290649969901,177249.16901535826,0.0045856673954792,0.5964521654542685,56.0,0.6115791651421031,30.0,0.5773404332515286,5.0,0.456499245823252,0.0,0.2717766575923186,0.6020978114094719,2878.756805353846,0.3200540996771094,0.34246539028807566,0.7197927590653503,0.489301084236452,0.11004709380885401
KÜÇÜKÇEKMECE,CENNET,KÜÇÜKÇEKMECE|CENNET,2023,0.8495921713890231,1492943.8418051146,0.0386244061773514,0.9132278529437441,487.0,0.8813540243519848,140.0,0.6202292492580418,7.0,0.515456154512192,0.0,0.27465329134718197,0.6020978114094719,25034.902932273635,0.18851485332953075,0.32282279721167084,0.7592895335530792,0.6324124771567161,0.291544959615651
KÜÇÜKÇEKMECE,CUMHURİYET,KÜÇÜKÇEKMECE|CUMHURİYET,2023,0.9150509276892952,2739548.3512663785,0.0708756922389441,0.9389614724164234,580.0,0.886336053712944,144.0,0.4750269367514028,3.0,0.42033638952773006,0.0,0.2362536219093302,0.6020978114094719,29815.695484021984,0.16544749838880182,0.3353184434559993,0.8696790543602968,0.5680609671737329,0.24843988810121395
KÜÇÜKÇEKMECE,FATİH,KÜÇÜKÇEKMECE|FATİH,2023,0.49551433899052294,55930.132218303304,0.0014469855354644,0.9211723083970454,510.0,0.7616568551109377,71.0,0.591780665857709,6.0,0.16260831227163414,0.0,0.5879741526123263,0.6020978114094719,26422.874963426377,0.09653093298939361,0.32368508811340846,0.8670701677114014,0.733951626354678,0.42193202956095494
KÜÇÜKÇEKMECE,FEVZİ ÇAKMAK,KÜÇÜKÇEKMECE|FEVZİ ÇAKMAK,2023,0.5916557816700965,136483.91639668684,0.0035310170925166,0.8203409703477226,259.0,0.9963953593883337,268.0,0.7102203960456664,12.0,0.16260831227163414,0.1178156039716956,0.4381729150066772,0.6020978114094719,13314.25022476154,0.5299765866758275,0.31021298126239866,0.8833243767860354,0.6324124771567161,0.23669106107459212
KÜÇÜKÇEKMECE,GÜLTEPE,KÜÇÜKÇEKMECE|GÜLTEPE,2023,0.8513305907408802,1517207.649164525,0.0392521425493544,0.8060531751631479,235.0,0.8387481889764207,110.0,0.2943857851899001,2.0,0.42033638952773006,0.0,0.2093255427835975,0.6020978114094719,12080.49730818132,0.28645426525543943,0.22840633632555102,0.7028649047708445,0.733951626354678,0.2913302168578454
KÜÇÜKÇEKMECE,HALKALI MERKEZ,KÜÇÜKÇEKMECE|HALKALI MERKEZ,2023,0.9576371474184839,4066243.987562308,0.1051990403081228,1.0,872.75,1.0,270.0,1.0,19.0,0.6191075580948862,0.0,0.23795152988101206,0.6020978114094719,45121.942605345335,0.20236114352296994,0.5021347706061096,0.9265015799648252,0.812711509291959,0.24623647027160875
KÜÇÜKÇEKMECE,KANARYA,KÜÇÜKÇEKMECE|KANARYA,2023,0.9351312758108541,3300289.0518520884,0.0853827861919277,1.0,872.75,1.0,270.0,1.0,18.0,0.257728077256096,0.0,0.25637491015012215,0.6020978114094719,45121.942605345335,0.20236114352296994,0.5132852260471427,0.8621172375700694,0.686820903599663,0.24623647027160875
KÜÇÜKÇEKMECE,KARTALTEPE,KÜÇÜKÇEKMECE|KARTALTEPE,2023,0.7797284261364275,781017.0025668035,0.0202059294488155,0.851433317966915,320.0,0.7641133897256306,72.0,0.5251031265417706,5.0,0.257728077256096,0.0,0.2953112964010974,0.6020978114094719,16450.038887736267,0.15140492880944878,0.2942428644538736,0.8061713188330645,0.6324124771567161,0.3023544605542156
KÜÇÜKÇEKMECE,KEMALPAŞA,KÜÇÜKÇEKMECE|KEMALPAŞA,2023,0.7748355676320676,746369.1081595089,0.0193095431887943,0.8047976335076862,233.0,0.7591659622563532,70.0,0.46447308940106674,4.0,0.515456154512192,0.0,0.2707001280783214,0.6020978114094719,11977.68456513297,0.19598430198370545,0.27657854848247615,0.7843095259161789,0.6324124771567161,0.4270467283106343
KÜÇÜKÇEKMECE,MEHMET AKİF,KÜÇÜKÇEKMECE|MEHMET AKİF,2023,0.914383154290547,2722635.6550349244,0.070438138708459,1.0,872.75,1.0,270.0,0.8188338027506025,17.0,0.3775648087257248,0.18673331429495207,0.2735949662227999,0.6020978114094719,45121.942605345335,0.20236114352296994,0.3464126022853917,0.9191372712759214,0.489301084236452,0.24623647027160875
KÜÇÜKÇEKMECE,SULTAN MURAT,KÜÇÜKÇEKMECE|SULTAN MURAT,2023,0.7826342597199216,802350.6467493363,0.0207578586741995,0.7567896112076081,168.0,0.8481238239621675,116.0,0.6577287108968058,10.0,0.257728077256096,0.0,0.23528709703797224,0.6020978114094719,8636.27041606154,0.39168626327765554,0.295230624957806,0.834657678055303,0.733951626354678,0.31925529712486767
KÜÇÜKÇEKMECE,SÖĞÜTLÜ ÇEŞME,KÜÇÜKÇEKMECE|SÖĞÜTLÜ ÇEŞME,2023,0.8659776374275799,1737946.6084893364,0.0449629475946525,0.9384527641397407,578.0,0.9629953173530615,222.0,0.6702350131191839,8.0,0.515456154512192,0.1178156039716956,0.27639773788380717,0.6020978114094719,29712.88274097363,0.24249595563128457,0.3452140611849233,0.9631050431853536,0.686820903599663,0.24623647027160875
KÜÇÜKÇEKMECE,TEVFİKBEY,KÜÇÜKÇEKMECE|TEVFİKBEY,2023,0.8711311819248335,1823024.1533618472,0.0471640147464849,0.966660390747706,700.0,1.0,270.0,1.0,20.0,0.257728077256096,0.1178156039716956,0.28940660506255034,0.6020978114094719,35984.46006692308,0.24606182065241716,0.4916203668631068,0.8480254740599974,0.686820903599663,0.33427068883970257
KÜÇÜKÇEKMECE,YARIMBURGAZ,KÜÇÜKÇEKMECE|YARIMBURGAZ,2023,0.7232458852300354,462554.5309745341,0.0119668895662767,0.8838923294878371,399.0,0.8013978147281852,89.0,0.44842603039412077,3.0,0.0,0.18673331429495207,0.3640726446327062,0.6020978114094719,20511.142238146156,0.15022104847943607,0.309611980010214,0.9060723024950559,0.686820903599663,0.22810647732324144
KÜÇÜKÇEKMECE,SEYMEN MAHALLE,KÜÇÜKÇEKMECE|SEYMEN MAHALLE,2023,0.8114474150555617,1048124.509006421,0.0271163493406108,0.8731863195902586,371.0,0.8033657456456684,90.0,0.5587212468489611,5.0,0.257728077256096,0.0,0.2820279145551722,0.6020978114094719,19071.763835469235,0.16204003738677455,0.3249858012216507,0.837565313039891,0.6324124771567161,0.2775328993887723
KÜÇÜKÇEKMECE,YEŞİLOVA,KÜÇÜKÇEKMECE|YEŞİLOVA,2023,0.8622953572531851,1679600.376809397,0.0434534544119759,0.8679386300631529,358.0,0.8935571483422664,150.0,0.48207116449706083,4.0,0.16260831227163414,0.0,0.23684316741109493,0.6020978114094719,18403.481005654947,0.26108062235348867,0.292483948898745,0.7559876290825757,0.6324124771567161,0.27708925130683565
KÜÇÜKÇEKMECE,İNÖNÜ,KÜÇÜKÇEKMECE|İNÖNÜ,2023,0.9452254976993274,3624149.192454396,0.0937614708182384,1.0,872.75,1.0,270.0,1.0,19.0,0.4878249368149024,0.1178156039716956,0.24807611687101905,0.6020978114094719,45121.942605345335,0.20236114352296994,0.5021347706061096,0.9337037103808146,0.5680609671737329,0.25415025044063044
KÜÇÜKÇEKMECE,İSTASYON,KÜÇÜKÇEKMECE|İSTASYON,2023,0.8906706219752484,2185182.0407496663,0.0565335120786053,0.9679177158645949,706.0,0.9248445105847618,179.0,1.0,21.0,0.42033638952773006,0.1178156039716956,0.27378894012969496,0.6020978114094719,36292.89829606814,0.16858773029060117,0.4816791904768169,0.935942035854063,0.6324124771567161,0.3413503374724456
MALTEPE,ALTAYÇEŞME,MALTEPE|ALTAYÇEŞME,2023,0.8610071662758944,1887994.469310228,0.0690177819392959,0.7401754826030473,150.0,0.9177802896237908,170.0,1.0,5.0,0.540173120997359,0.0,0.16522165535166605,0.6708108983747861,8771.849787719815,0.569923152920241,0.7917411792061718,0.8290290552175549,0.686820903599663,0.2181474198496189
MALTEPE,ALTINTEPE,MALTEPE|ALTINTEPE,2023,0.8452663782649668,1631564.0605158857,0.0596436771288944,0.9153289602365803,494.0,0.927788312085973,182.0,0.6582841082095983,13.0,0.3775648087257248,0.1178156039716956,0.2795598438933367,0.6708108983747861,28888.625300890595,0.234005631561124,0.2534950895539027,0.9305739132925311,0.5680609671737329,0.33434445880176944
MALTEPE,AYDINEVLER,MALTEPE|AYDINEVLER,2023,0.8161203110390961,1245134.8378675354,0.0455173180440294,0.8723910332758136,368.0,0.9903347994645141,258.0,0.593280135200061,10.0,0.3252166245432683,0.18673331429495207,0.27762358016281635,0.6708108983747861,21578.75047779075,0.3967096449020391,0.24176662579678868,0.8704027976334899,0.812711509291959,0.4426812464432937
MALTEPE,BAĞLARBAŞI,MALTEPE|BAĞLARBAŞI,2023,0.8649907592719495,1959046.4525907591,0.0716151678787801,0.9276179315646832,536.0,1.0,270.0,0.7007428175563408,9.0,0.456499245823252,0.1178156039716956,0.27059880940795283,0.6708108983747861,31403.222240036943,0.3071157549083208,0.35236357291418113,0.7763744954254238,0.686820903599663,0.23478980536447447
MALTEPE,BAŞIBÜYÜK,MALTEPE|BAŞIBÜYÜK,2023,0.8360565935482318,1497998.0277482057,0.0547610191159054,0.9265169917234594,533.0,0.7261928473473762,58.0,0.6534621793979014,11.0,0.5625323369257385,0.0,0.2942015375311167,0.6708108983747861,31169.306245697742,0.07706339555874037,0.275929750746148,0.8816696880498757,0.733951626354678,0.29137924859696285
MALTEPE,BÜYÜKBAKKALKÖY,MALTEPE|BÜYÜKBAKKALKÖY,2023,0.7369660578808835,597596.8865380586,0.0218458328523359,0.574141778224404,48.0,0.4100810471869776,9.0,0.3040785078767838,2.0,0.4878249368149024,0.1178156039716956,0.16608017053773796,0.6708108983747861,2806.991932070341,0.12820965658490438,0.2375830537869809,0.8543878891786866,1.0,0.3673596446629568
MALTEPE,CEVİZLİ,MALTEPE|CEVİZLİ,2023,0.8854126367067068,2367522.257705578,0.086547464823057,0.9051507693423202,461.0,0.849639543203953,116.0,0.5680083094315541,3.0,0.5829447017993643,0.3307502157051291,0.2402145059010657,0.6708108983747861,26958.81834759223,0.16873949132393723,0.429132474571154,0.8387233389334307,0.7755238700769802,0.3293463015229488
MALTEPE,ESENKENT,MALTEPE|ESENKENT,2023,0.7994848246518513,1067124.766175408,0.0390099577149844,0.9459051189135959,608.0,0.7689270864314054,74.0,0.8972575624562327,21.0,0.3775648087257248,0.0,0.3374831246440657,0.6708108983747861,35555.23113955765,0.08568792177394634,0.3804891585755265,0.8129597326781156,0.5680609671737329,0.3997678094883497
MALTEPE,FEYZULLAH,MALTEPE|FEYZULLAH,2023,0.8102775968590074,1179462.9224568063,0.0431166065954363,0.7459239470105262,154.0,0.8305395501017045,103.0,0.5044436048007022,2.0,0.515456154512192,0.0,0.20686936880104673,0.6708108983747861,9122.723779228609,0.3839676889049733,0.4418625695519123,0.7436797501851029,0.5680609671737329,0.27626301000939246
MALTEPE,FINDIKLI,MALTEPE|FINDIKLI,2023,0.9028708428472567,2783600.3326364215,0.1017576713740278,0.9621733970358023,679.0,0.9488730927806033,205.0,1.0,4.0,0.257728077256096,0.0,0.2601542091241893,0.6708108983747861,39707.240039078366,0.19683598521278362,0.8420495936759295,0.9381120027832421,0.489301084236452,0.26432205526252595
MALTEPE,GÜLENSU,MALTEPE|GÜLENSU,2023,0.7705788720051443,816191.3832480365,0.0298368029278845,0.9397212608120323,583.0,0.7231483982391199,57.0,0.5588377200525929,6.0,0.257728077256096,0.0,0.35849871985398574,0.6708108983747861,34093.256174937684,0.06959270185622925,0.29392482331495146,0.8733261436934061,0.5680609671737329,0.27344689845506476
MALTEPE,GÜLSUYU,MALTEPE|GÜLSUYU,2023,0.5283043346160964,86256.52291257818,0.0031532051528716,0.893873688793115,427.0,0.6698544548109717,42.0,0.7531010105841583,12.0,0.257728077256096,0.0,0.541354056540575,0.6708108983747861,24970.532395709073,0.06999390401151472,0.34887585219833056,0.933610181431071,0.5680609671737329,0.2808464226824676
MALTEPE,GİRNE,MALTEPE|GİRNE,2023,0.8056291266972189,1129697.2946611426,0.0412973675546947,0.7669095952539806,180.0,0.8033657456456684,90.0,0.7358407276558795,10.0,0.456499245823252,0.0,0.2227682793900387,0.6708108983747861,10526.219745263776,0.302499066323156,0.3660351615509271,0.8748473368874281,0.6324124771567161,0.4042698202012853
MALTEPE,KÜÇÜKYALI MERKEZ,MALTEPE|KÜÇÜKYALI MERKEZ,2023,0.8354529477982077,1489635.530950579,0.0544553185485422,0.8739773416144327,373.0,0.7200509995434583,56.0,0.2923249681078947,2.0,0.42033638952773006,0.0,0.26249057873913234,0.6708108983747861,21812.666472129946,0.1043569830942579,0.22646580252997203,0.8643830345799863,0.489301084236452,0.3482015217891774
MALTEPE,YALI,MALTEPE|YALI,2023,0.5125184308172867,74502.24419703364,0.0027235141455989,0.715796997378795,127.0,0.729186126814158,59.0,0.6208057450138302,4.0,0.456499245823252,0.1178156039716956,0.4402179261673835,0.6708108983747861,7426.832820269445,0.2846642450436888,0.4271998608032375,0.8213084027674833,0.6324124771567161,0.2384112798909523
MALTEPE,ZÜMRÜTEVLER,MALTEPE|ZÜMRÜTEVLER,2023,0.9642466661981245,4918083.780981577,0.1797861378688181,1.0,872.75,0.8887757622200211,145.0,0.8178891727078281,16.0,0.540173120997359,0.1178156039716956,0.23259849779047925,0.6708108983747861,51329.94100780712,0.11479228667081343,0.356527098189855,0.8035139615113309,0.7755238700769802,0.3056620475930628
MALTEPE,ÇINAR,MALTEPE|ÇINAR,2023,0.8112833431579156,1190515.4531893334,0.0435206444082449,0.9319413253346465,553.0,0.7378754567659163,62.0,0.719414464996687,10.0,0.0,0.0,0.3186169112048826,0.6708108983747861,32338.886217393723,0.07927893348077053,0.3506571450047558,0.796139293505899,0.489301084236452,0.42629355116856654
MALTEPE,İDEALTEPE,MALTEPE|İDEALTEPE,2023,0.8312929867907831,1433261.776314833,0.0523945119265976,0.8509730203889443,319.0,0.8570304766204851,122.0,0.7410870231398986,11.0,0.42033638952773006,0.0,0.25200556598726287,0.6708108983747861,18654.800548550807,0.2416125627001009,0.3535100407804394,0.7332382766599853,0.6324124771567161,0.29110185181654674
PENDİK,AHMET YESEVİ,PENDİK|AHMET YESEVİ,2023,0.854171836704563,1603856.9958716214,0.0416715945002626,0.9399736565178355,584.0,0.7973954904322735,87.0,0.49683434208518523,4.0,0.3775648087257248,0.0,0.2872363123854742,0.6176438962959866,30910.582984259356,0.10360321056086774,0.30605944545297115,0.8384614416604828,0.5680609671737329,0.31296736474440084
PENDİK,BAHÇELİEVLER,PENDİK|BAHÇELİEVLER,2023,0.7593957313794967,665953.6902533411,0.0173028843641444,0.8047976335076862,233.0,0.55050209871912,21.0,0.4257277817837553,3.0,0.5625323369257385,0.2356312079433912,0.28361785785792226,0.6176438962959866,12332.475745432244,0.0643813794949684,0.2881442945755293,0.8313274336187371,0.733951626354678,0.24192825362513998
PENDİK,BALLICA,PENDİK|BALLICA,2023,0.6829138131479604,327631.00800096814,0.0085125460351338,0.6686728917677458,92.0,0.0,0.0,0.27650444171543154,1.0,0.0,0.0,0.2638219797729455,0.6176438962959866,4869.475401629898,0.0,0.3206055914157185,0.5550374484510112,0.7755238700769802,0.4400954386689635
PENDİK,BATI,PENDİK|BATI,2023,0.5176386609374845,70713.25148453852,0.0018372797258382,0.8192017735358758,257.0,0.8219342078600275,100.0,0.38196119090521574,3.0,0.3252166245432683,0.0,0.502506371447963,0.6176438962959864,13602.773676292214,0.24519804406712745,0.24808908767630838,0.6514201759501077,0.6324124771567161,0.24427053539313506
PENDİK,DOĞU,PENDİK|DOĞU,2023,0.7803723452963682,808968.065635993,0.0210187000970897,0.8462892856040951,309.0,0.8899831969189702,147.0,0.5161866922398527,5.0,0.4878249368149024,0.0,0.2915831426387046,0.6176438962959864,16355.085859822157,0.2903282500040812,0.28627629157584084,0.7874036880402265,0.686820903599663,0.25208565960399465
PENDİK,DUMLUPINAR,PENDİK|DUMLUPINAR,2023,0.34472837960702607,14184.993561269705,0.0003685561126681,0.949258109928092,622.0,0.9125571605650425,167.0,1.0,11.0,0.16260831227163414,0.1178156039716956,0.7397538986710642,0.6176438962959866,32921.88804145431,0.17743132642190593,0.6175824918424769,0.8591718771631793,0.733951626354678,0.35624888682411665
PENDİK,EMİRLİ,PENDİK|EMİRLİ,2023,0.5829939287605649,129676.24710862228,0.0033692629702872,0.5514006600197713,41.0,0.6331930405551094,34.0,0.49495432383499166,3.0,0.0,0.0,0.27446980968780366,0.6176438962959864,2170.0922985524544,0.45055428112329265,0.3549344384607749,0.40348608490662025,0.489301084236452,0.6314083377793464
PENDİK,ERTUĞRUL GAZİ,PENDİK|ERTUĞRUL GAZİ,2023,0.7606651437633986,673840.1232407634,0.0175077905611129,0.9366583427488658,571.0,0.6524654401915636,38.0,0.5672248893553299,4.0,0.257728077256096,0.0,0.36513599591728474,0.6176438962959866,30222.504938376867,0.04806758834642304,0.3734188379564807,0.8152387374928618,0.733951626354678,0.36880107541438023
PENDİK,ESENLER,PENDİK|ESENLER,2023,0.8645553357376876,1765978.7692976256,0.0458838608178095,0.8555126171515238,329.0,0.8813540243519848,140.0,0.7783641112885925,10.0,0.456499245823252,0.40757502554853375,0.22766300552452848,0.6176438962959866,17413.667468872136,0.2645099039925053,0.4069144563797255,0.9333527863600256,0.6324124771567161,0.24393510058407789
PENDİK,ESENYALI,PENDİK|ESENYALI,2023,0.7713103243489444,743759.4385185144,0.0193244421463167,0.8914409439644058,420.0,0.6779511188716084,44.0,0.5226034149610056,5.0,0.4878249368149024,0.0,0.32743302147387887,0.6176438962959864,22230.213790049533,0.07432929063999563,0.29200125690059714,0.9103587873086375,0.5680609671737329,0.2339718183763476
PENDİK,FATİH,PENDİK|FATİH,2023,0.8151231044747814,1116591.8812259166,0.0290114169882364,0.9203104252013079,511.0,0.6524654401915636,38.0,0.48602528496171443,4.0,0.3252166245432683,0.0,0.30808912576418124,0.6176438962959864,27046.760111226933,0.053513631911963754,0.29609960774296623,0.8452938978717631,0.6324124771567161,0.3061271325530325
PENDİK,FEVZİ ÇAKMAK,PENDİK|FEVZİ ÇAKMAK,2023,0.8785677786171485,2011040.4117926955,0.0522510802269645,0.9555169933578719,649.0,0.8305395501017045,105.0,0.862174339568618,19.0,0.515456154512192,0.0,0.2763167382076194,0.6176438962959866,34350.97321367178,0.1118780718696621,0.36615375286787855,0.8981412076791804,0.6324124771567161,0.3253331724671368
PENDİK,GÖÇBEYLİ,PENDİK|GÖÇBEYLİ,2023,0.5261645364466576,76535.4503343134,0.0019885527571572,0.7794059723189223,196.0,0.6524654401915636,38.0,0.6670970510062871,8.0,0.456499245823252,0.18673331429495207,0.4692975556111564,0.6176438962959866,10374.099768689784,0.13220567307263478,0.3423008372263186,0.5245065173585576,0.5680609671737329,0.25283689750905747
PENDİK,GÜLLÜ BAĞLAR,PENDİK|GÜLLÜ BAĞLAR,2023,0.8017361571696249,986227.5560714118,0.025624276296066,0.8419428917405085,300.0,0.8826126581129299,141.0,1.0,2.0,0.42033638952773006,0.1178156039716956,0.2709937867554261,0.6176438962959864,15878.724135749666,0.2874267457250557,1.0,0.8833243767860354,0.6324124771567161,0.33275789785752724
PENDİK,GÜZELYALI,PENDİK|GÜZELYALI,2023,0.8662102223070328,1793290.174811115,0.0465934688556332,0.9656043715351632,695.0,0.7616568551109377,71.0,0.5390646719736921,6.0,0.3252166245432683,0.3307502157051291,0.29290445783849095,0.6176438962959866,36785.71091448673,0.07256896254629279,0.27659818077003967,0.9030409259919162,0.686820903599663,0.4103578588115717
PENDİK,HARMANDERE,PENDİK|HARMANDERE,2023,0.7299924828138561,507007.6616544869,0.0131731306091352,0.7585252224505814,170.0,0.44255177548375724,11.0,0.3580308097903758,2.0,0.42033638952773006,0.18673331429495207,0.27976913897337335,0.6176438962959866,8997.943676924811,0.04677656802203299,0.29006039956597707,0.6611452607382918,0.489301084236452,0.3561738503520764
PENDİK,KAVAKPINAR,PENDİK|KAVAKPINAR,2023,0.9361343829412164,3429804.413321928,0.089113567540658,1.0,872.75,0.9146648293758671,169.0,1.0,8.0,0.515456154512192,0.3307502157051291,0.2555477733371118,0.6176438962959866,46458.5003671809,0.13136795364019413,0.6870975992038014,0.8337022147196284,0.733951626354678,0.24623647027160875
PENDİK,KAYNARCA,PENDİK|KAYNARCA,2023,0.9232460949822524,3043422.126018686,0.0790745390985777,0.8979529879777238,439.0,0.944497051103912,200.0,0.5462956943143586,4.0,0.515456154512192,0.18673331429495207,0.20577183676866592,0.6176438962959866,23235.866318647015,0.28007261837355646,0.3529665663269411,0.9036396953548065,0.6324124771567161,0.2214633684227416
PENDİK,KURNA,PENDİK|KURNA,2023,0.5015789439972796,60921.37160082623,0.0015828659913471,0.5800435753769402,50.0,0.5584187769777513,22.0,0.29819361402414185,2.0,0.0,0.27355936087800314,0.36215322971227476,0.6176438962959866,2646.4540226249446,0.272043633831214,0.23200172890898657,0.6413843069934935,0.931471445717889,0.3700785381106951
PENDİK,KURTDOĞMUŞ,PENDİK|KURTDOĞMUŞ,2023,0.6925706625423587,358329.8746634175,0.0093101674729977,0.601539747340635,58.0,0.28663435133040077,4.0,0.0,0.0,0.0,0.0,0.2155595988021768,0.6176438962959866,3069.886666244936,0.04975539969834966,0.0,0.5226893209043203,0.812711509291959,0.5096407640409528
PENDİK,KURTKÖY,PENDİK|KURTKÖY,2023,0.8782579855579031,2005271.1420233732,0.0521011824050211,0.966870690503999,701.0,0.9738392885373662,236.0,0.6320979704155214,8.0,0.5625323369257385,0.2356312079433912,0.2835413365390643,0.6176438962959866,37103.285397201726,0.2164866578253038,0.3104471490700981,0.8116175144702312,0.6324124771567161,0.34698892652154767
PENDİK,ORHANGAZİ,PENDİK|ORHANGAZİ,2023,0.8461171587978984,1488418.6714047212,0.0386722628520192,0.9641131288325071,688.0,0.8355099918419872,108.0,0.5780635854811824,6.0,0.456499245823252,0.0,0.30900469019753374,0.6176438962959864,36415.20735131924,0.1087824654238252,0.3111623389378364,0.886358200555796,0.6324124771567161,0.3662400734935747
PENDİK,ORTA,PENDİK|ORTA,2023,0.6187607616891371,180699.8806648312,0.004694964808392,0.8541653451936774,326.0,0.7933011506675484,85.0,1.0,11.0,0.3775648087257248,0.0,0.4361539964545915,0.6176438962959864,17254.880227514637,0.17285771769528097,0.6175824918424769,0.828033198318867,0.5680609671737329,0.0922702394911303
PENDİK,RAMAZANOĞLU,PENDİK|RAMAZANOĞLU,2023,0.33596327408367543,13073.482871767228,0.0003396767157799,0.8384715491319733,293.0,0.6656637688518892,41.0,0.2280004895003391,1.0,0.3252166245432683,0.44856581967682463,0.6757298765628384,0.6176438962959866,15508.22057258218,0.09770955150861686,0.26436548840166413,0.8187403848219471,0.6324124771567161,0.4054981318656134
PENDİK,SANAYİ,PENDİK|SANAYİ,2023,0.6049327935522788,158946.02859885417,0.0041297537550092,0.6588342298013938,86.0,0.5934520809378621,27.0,0.2306773075872217,1.0,0.3775648087257248,0.4359695403536438,0.3234869758472132,0.6176438962959866,4551.900918914905,0.20370310899883945,0.26746924630346497,0.8308228056271776,0.955822902212223,0.2115567955237713
PENDİK,SAPAN BAĞLARI,PENDİK|SAPAN BAĞLARI,2023,0.7566970061629545,649492.7462326139,0.0168751942483243,0.7311096457370201,141.0,0.44255177548375724,11.0,0.209896022485247,1.0,0.257728077256096,0.0,0.24100929084274197,0.6176438962959866,7463.000343802344,0.05604408400080518,0.24337344458989185,0.6484064840646288,0.686820903599663,0.2978548966762212
PENDİK,SÜLÜNTEPE,PENDİK|SÜLÜNTEPE,2023,0.8352538066321673,1345774.799585237,0.0349660735847032,0.9559702203013157,651.0,0.8236888618160699,101.0,0.7287399022216067,12.0,0.3775648087257248,0.0,0.3131776160351173,0.6176438962959866,34456.83137457678,0.10760096415986237,0.3266847488646526,0.8473488909030364,0.6324124771567161,0.334013734259117
PENDİK,VELİBABA,PENDİK|VELİBABA,2023,0.8878773012167412,2192375.4414229565,0.0569625475478641,0.9901512069477835,821.0,0.927788312085973,182.0,1.0,18.0,0.456499245823252,0.3307502157051291,0.2897831777522806,0.6176438962959864,43454.77505150159,0.14938075950303797,0.5132852260471427,0.8639929603965718,0.812711509291959,0.3379256487089342
PENDİK,YAYALAR,PENDİK|YAYALAR,2023,0.7651768900506908,702633.5430069228,0.0182559044614542,0.806676961521945,236.0,0.6967153985173783,49.0,1.0,4.0,0.257728077256096,0.1178156039716956,0.27992492524090296,0.6176438962959866,12491.26298678974,0.1407486827467606,0.8420495936759295,0.8843937081320592,0.686820903599663,0.2691539820920363
PENDİK,SEYMEN,PENDİK|SEYMEN,2023,0.7862349786843171,854169.5003424272,0.0221931289038756,0.7567896112076081,168.0,0.5732687026608015,24.0,0.32454596257834584,2.0,0.257728077256096,0.0,0.2323748375209186,0.6176438962959866,8892.085516019813,0.09962169564285496,0.25722131142478005,0.6777187335751961,0.6324124771567161,0.2417573296868617
PENDİK,ESENŞEHİR,PENDİK|ESENŞEHİR,2023,0.9373719955017248,3469395.3655003975,0.0901422241536274,0.9057880284501068,463.0,0.90497746620246,160.0,0.6097735330512777,6.0,0.7455530140709984,0.0,0.1992384848720628,0.6176438962959866,24506.164249506983,0.22144349573651947,0.34038109492664226,0.6927956375961971,0.812711509291959,0.3653878064220057
PENDİK,YEŞİLBAĞLAR,PENDİK|YEŞİLBAĞLAR,2023,0.6929522106122947,359600.1725942775,0.0093431724980128,0.7203365941413745,131.0,0.5869751513118114,26.0,0.2423574622743182,1.0,0.16260831227163414,0.18673331429495207,0.2872789786735077,0.6176438962959866,6933.709539277355,0.135072033853353,0.2810123303785395,0.800052989809998,0.733951626354678,0.27337362565977413
PENDİK,ÇAMLIK,PENDİK|ÇAMLIK,2023,0.8114368373017875,1079065.163185095,0.0280363935409166,0.8103652849815642,241.0,0.8254263969240266,102.0,0.581169480985446,5.0,0.6017222572298446,0.1178156039716956,0.24386843403304118,0.6176438962959866,12808.837469504731,0.2623902986662358,0.3460978767042984,0.8922449599123007,0.6324124771567161,0.4936727437330507
PENDİK,ÇAMÇEŞME,PENDİK|ÇAMÇEŞME,2023,0.8598182801354926,1690078.4679287423,0.0439118105731597,0.9203104252013079,510.0,0.9427160769030973,198.0,0.7972350459515537,13.0,0.456499245823252,0.27355936087800314,0.2704496380708184,0.6176438962959866,27046.760111226937,0.24432235472869712,0.3754525153865344,0.920340718716468,0.6324124771567161,0.2776218273618578
PENDİK,ÇINARDERE,PENDİK|ÇINARDERE,2023,0.8125104587518162,1089862.6955974048,0.0283169362535446,0.9032223071880379,455.0,0.9692724758578557,230.0,1.0,17.0,0.515456154512192,0.1178156039716956,0.2996860235290909,0.6176438962959866,24082.731605887,0.30522687373003343,0.5251453539998778,0.877619971023255,0.686820903599663,0.34587720536648814
PENDİK,ŞEYHLİ,PENDİK|ŞEYHLİ,2023,0.8055174327509708,1021425.3945723237,0.0265387905308583,0.9002815070703606,446.0,0.795360086153147,86.0,0.5746399507450823,7.0,0.42033638952773006,0.0,0.30378776047643863,0.6176438962959866,23606.369881814506,0.13154771358380787,0.28231026420495936,0.8213084027674833,0.6324124771567161,0.35824116044682514
SANCAKTEPE,ABDURRAHMANGAZİ,SANCAKTEPE|ABDURRAHMANGAZİ,2023,0.8999942788515355,2560489.2483849893,0.1121361689772809,0.8658695182482042,351.0,0.8993588319047171,155.0,0.6806385574974693,7.0,0.6017222572298446,0.4815669033537717,0.20556906312290593,0.6404765071773836,19501.859984031355,0.27157382619941767,0.3795732910560114,0.7473734255337293,0.733951626354678,0.2692231243788407
SANCAKTEPE,AKPINAR,SANCAKTEPE|AKPINAR,2023,0.8304626680085707,1343639.480656166,0.0588444508964215,0.7950241760745759,218.0,0.656974438900131,39.0,0.5789607742332352,4.0,0.0,0.1178156039716956,0.2194331357582608,0.640476507177384,12043.641576540613,0.12278641127446686,0.38503051022982215,0.7741545960941744,0.5680609671737329,0.2533681147976838
SANCAKTEPE,ATATÜRK,SANCAKTEPE|ATATÜRK,2023,0.8592324678404397,1754504.4458154894,0.0768382086085504,0.8620703747180841,344.0,0.7994078953007748,88.0,0.5752277828965153,4.0,0.3775648087257248,0.1178156039716956,0.2358389158709021,0.6404765071773836,19004.645423531972,0.16993922543250578,0.381326239485498,0.7071246987691254,0.7755238700769802,0.30377462434006475
SANCAKTEPE,EMEK,SANCAKTEPE|EMEK,2023,0.8186627843448501,1204364.157654061,0.0527449130192833,0.8060531751631479,235.0,0.8627300329654786,126.0,0.2720563098504755,1.0,0.257728077256096,0.3534468119150868,0.23541768799408758,0.6404765071773836,12982.824635261666,0.3202755575013166,0.31544800357223995,0.7384099524670569,0.5680609671737329,0.4007656024034753
SANCAKTEPE,EYÜP SULTAN,SANCAKTEPE|EYÜP SULTAN,2023,0.8272359523817392,1304028.0540030485,0.0571096755462001,0.8458126284719526,308.0,0.8935571483422664,150.0,0.7398000688146622,9.0,0.456499245823252,0.4712624158867824,0.25223010175283506,0.6404765071773836,17015.78718153444,0.29601159505595365,0.3894795368889743,0.7540074043696875,0.8770630192749421,0.3004639322491787
SANCAKTEPE,FATİH,SANCAKTEPE|FATİH,2023,0.8773605469834789,2075705.0518980909,0.0909051317413079,0.8369584563390694,290.0,0.974589167270175,237.0,0.47251389197032306,2.0,0.456499245823252,0.40757502554853375,0.20669295705085666,0.6404765071773836,16021.358060535676,0.4456329913854151,0.40781804121503,0.6549624971731733,0.686820903599663,0.3179190637112318
SANCAKTEPE,HİLAL,SANCAKTEPE|HİLAL,2023,0.6778500435859176,326283.24381215073,0.0142895163436645,0.715796997378795,127.0,0.5243926157728545,18.0,0.22995401816984568,1.0,0.16260831227163414,0.27355936087800314,0.2972013707297345,0.640476507177384,7016.249909269073,0.09888702842973213,0.26663059564749747,0.6579743005653563,0.6324124771567161,0.3100041789625081
SANCAKTEPE,KEMAL TÜRKLER,SANCAKTEPE|KEMAL TÜRKLER,2023,0.8213832821373366,1235136.214342745,0.0540925697418402,0.7902317510512158,210.0,0.681865472834328,45.0,0.5218346120484464,4.0,0.257728077256096,0.18673331429495207,0.22387223613501325,0.6404765071773836,11656.919140596645,0.1442267408745641,0.3295055168584844,0.7338909408754266,0.7755238700769802,0.29252664108301046
SANCAKTEPE,MECLİS,SANCAKTEPE|MECLİS,2023,0.8428707733833093,1507499.3013718517,0.0660206624567515,0.8220334392438298,262.0,0.8526328226707347,119.0,0.0,0.0,0.4878249368149024,0.27355936087800314,0.22535924629687898,0.640476507177384,14474.468316759818,0.2793637398215668,0.0,0.6757771981938225,0.812711509291959,0.40828702351363866
SANCAKTEPE,MERVE,SANCAKTEPE|MERVE,2023,0.8155108717825267,1169669.6305436597,0.0512254724057003,0.8220334392438298,262.0,0.8800864322682628,139.0,0.47354386141643645,4.0,0.257728077256096,0.6182877495960347,0.24753867976795865,0.6404765071773836,14474.468316759816,0.31753341880528385,0.2847384001338732,0.7459618536924647,0.7755238700769802,0.37492623601625324
SANCAKTEPE,MEVLANA,SANCAKTEPE|MEVLANA,2023,0.8179581082371765,1196519.2168106264,0.0524013452372311,0.8364506236377431,288.0,0.8851035509675145,143.0,0.602310798252223,5.0,0.16260831227163414,0.0,0.2542147476214592,0.640476507177384,15966.111998257968,0.2999130862829468,0.3663755887566916,0.649856187286063,0.686820903599663,0.2863589964352521
SANCAKTEPE,OSMANGAZİ,SANCAKTEPE|OSMANGAZİ,2023,0.41434276614425414,28285.98388618712,0.0012387796085262,0.9022485395993602,452.0,0.9840607126120154,250.0,0.593109911273341,5.0,0.540173120997359,0.30454891826664765,0.6475589061209037,0.6404765071773836,24971.220149524568,0.3284514045796947,0.35750520111295186,0.7105056632046044,0.7755238700769802,0.21730938990871468
SANCAKTEPE,PAŞAKÖY,SANCAKTEPE|PAŞAKÖY,2023,0.5474033855782581,97288.31567104594,0.004260724395732,0.6246376377966785,68.0,0.7641133897256306,72.0,0.5894337937664513,4.0,0.0,0.5174835300000811,0.35118047791524554,0.6404765071773836,3756.732234884227,0.538751851675495,0.3954752913841323,0.6300566896371528,0.686820903599663,0.24623647027160875
SANCAKTEPE,SAFA,SANCAKTEPE|SAFA,2023,0.8309933962266173,1350269.0081294912,0.0591347898671699,0.7717206277031763,186.0,0.9505938398472666,207.0,0.6380142013805696,6.0,0.257728077256096,0.3307502157051291,0.20549930135188293,0.640476507177384,10275.767583653917,0.558095717283764,0.36716754163442517,0.7268347699351155,0.5680609671737329,0.28402260550354413
SANCAKTEPE,SARIGAZİ,SANCAKTEPE|SARIGAZİ,2023,0.8271811187465405,1303365.101255716,0.0570806416491253,0.7881292177805045,208.0,0.7231483982391199,57.0,0.20753819887447542,1.0,0.456499245823252,0.1178156039716956,0.2180153548574142,0.640476507177384,11491.18095376352,0.18068824088018487,0.24063955927327427,0.7362073226356525,0.733951626354678,0.2669148615736572
SANCAKTEPE,VEYSEL KARANİ,SANCAKTEPE|VEYSEL KARANİ,2023,0.5898543973075134,144247.46860709877,0.0063172921051994,0.8085326495627443,239.0,1.0,270.0,0.43998022103985984,1.0,0.3775648087257248,0.0,0.4321608299503774,0.6404765071773836,13203.808884372502,0.569118091209636,0.5101549837773559,0.7334560311427439,0.7755238700769802,0.3476205937834645
SANCAKTEPE,SEYİTNİZAM,SANCAKTEPE|SEYİTNİZAM,2023,0.8315873597819189,1357727.226536982,0.0594614212092618,0.8022540316330277,229.0,0.9228545911573516,177.0,0.31918343007085737,2.0,0.16260831227163414,0.1178156039716956,0.22277104634501357,0.640476507177384,12651.348261595413,0.4272140477392366,0.2520427668334347,0.7105056632046044,0.7755238700769802,0.25887224711266327
SANCAKTEPE,YUNUS EMRE,SANCAKTEPE|YUNUS EMRE,2023,0.8450071177463903,1537663.6513754807,0.0673417047736565,0.8291510656191912,275.0,0.9882678988662807,256.0,0.6521744083632248,7.0,0.3252166245432683,0.18673331429495207,0.2278362085448977,0.6404765071773836,15192.667126370035,0.4908970859646995,0.35242991250320327,0.646738749917422,0.686820903599663,0.30812344693679566
SANCAKTEPE,İNÖNÜ,SANCAKTEPE|İNÖNÜ,2023,0.8299337703226107,1337065.1992451183,0.0585565314170961,0.7881292177805045,208.0,0.7350258609986798,61.0,0.44744330669887455,3.0,0.3252166245432683,0.0,0.21582981524817021,0.6404765071773836,11491.180953763518,0.1918652962917826,0.30867335526704986,0.6861577844746756,0.686820903599663,0.4150059298468778
SARIYER,AYAZAĞA,SARIYER|AYAZAĞA,2023,0.8759973213431212,2765514.4431615095,0.1106904278140281,1.0,872.75,1.0,270.0,0.8988540629467404,23.0,0.6352928859818208,0.18673331429495207,0.30593220178624364,0.8005716958312291,65429.38820714327,0.20236114352296994,0.3650962758099727,0.6747260845519122,0.686820903599663,0.24623647027160875
SARIYER,BAHÇEKÖY KEMER,SARIYER|BAHÇEKÖY KEMER,2023,0.5735270390388824,167272.62561871772,0.0066951299195331,0.5771221877540679,49.0,0.4100810471869776,9.0,0.22174699732548186,1.0,0.0,0.0,0.29860117208622927,0.8005716958312291,3652.5662456850127,0.12580173251084792,0.25711459382400287,0.7508323002912678,0.686820903599663,0.1142078046580244
SARIYER,BAHÇEKÖY MERKEZ,SARIYER|BAHÇEKÖY MERKEZ,2023,0.6243598383575513,268053.63713231235,0.010728915860357,0.5829082334263169,49.0,0.6524654401915636,38.0,0.22174699732548186,1.0,0.257728077256096,0.0,0.2596383135261574,0.8005716958312291,3801.6505822435847,0.4154111530076206,0.25711459382400287,0.7048026956575246,0.7755238700769802,0.2618350651332396
SARIYER,BAHÇEKÖY YENİ,SARIYER|BAHÇEKÖY YENİ,2023,0.6592683723034943,370549.11851633055,0.0148313238992866,0.585718323228703,52.0,0.685695640581381,46.0,0.49532139739446485,3.0,0.16260831227163414,0.0,0.2327960221794156,0.8005716958312291,3876.1927505228705,0.4727924595736771,0.35529850575465144,0.7569882947213556,0.686820903599663,0.27246799785325626
SARIYER,BALTALİMANI,SARIYER|BALTALİMANI,2023,0.6609896364747189,376512.49197867344,0.0150700094579152,0.8264540023098583,270.0,1.0,270.0,1.0,4.0,0.0,0.0,0.38155060109675554,0.8005716958312291,20126.385435407217,0.521945504553167,0.8420495936759295,0.8731954152544817,0.489301084236452,0.248128129331703
SARIYER,BÜYÜKDERE,SARIYER|BÜYÜKDERE,2023,0.7153935559326163,623619.7798245064,0.0249605422935892,0.8723910332758136,369.0,0.8355099918419872,108.0,1.0,12.0,0.0,0.0,0.36357436716666336,0.8005716958312291,27506.06009505652,0.19152699560370293,0.5988394212823303,0.7750694013123824,0.5680609671737329,0.19849276916795924
SARIYER,CUMHURİYET,SARIYER|CUMHURİYET,2023,0.49421930833144057,80132.83090023242,0.0032073371940722,0.8835230545664706,396.0,0.8541108057250867,120.0,0.6404630426691279,7.0,0.0,0.0,0.564763678447028,0.8005716958312291,29667.782975155817,0.19660269538690262,0.34146624309037193,0.7715741971027518,0.5680609671737329,0.23873850124593451
SARIYER,DARÜŞŞAFAKA,SARIYER|DARÜŞŞAFAKA,2023,0.7178023068112521,637708.2496292915,0.0255244369258493,0.7203365941413745,128.0,0.6331930405551094,34.0,0.6464816785120426,4.0,0.0,0.0,0.2664920702745794,0.8005716958312291,9765.024044586462,0.17215069495881655,0.4536130949830011,0.8341743290552246,0.6324124771567161,0.2501574261812315
SARIYER,DEMİRCİKÖY,SARIYER|DEMİRCİKÖY,2023,0.5425208783616309,125454.4692140383,0.0050213474396498,0.5514006600197713,40.0,0.5045837821888896,16.0,0.0,0.0,0.0,0.0,0.30861241580792703,0.8005716958312291,3056.228899450725,0.24580943889309906,0.0,0.784204126490528,0.5680609671737329,0.2801828724578259
SARIYER,EMİRGAN,SARIYER|EMİRGAN,2023,0.7120559629511923,604611.5269132885,0.0241997320754604,0.8683489926478007,359.0,0.7540771607483552,68.0,1.0,9.0,0.0,0.0,0.36389922533515795,0.8005716958312291,26760.638412263663,0.12941182478482088,0.6612325737976555,0.9012873147502576,0.5680609671737329,0.2306714901197747
SARIYER,FATİH SULTAN MEHMET,SARIYER|FATİH SULTAN MEHMET,2023,0.7833229069978218,1170908.379331024,0.0468659094367319,1.0,872.75,0.9996753035820285,270.0,1.0,11.0,0.16260831227163414,0.0,0.3857083155238611,0.8005716958312291,65429.38820714327,0.20203705381559783,0.6175824918424769,0.7579249344362468,0.733951626354678,0.313732962611243
SARIYER,FERAHEVLER,SARIYER|FERAHEVLER,2023,0.7800119412485124,1135500.8493983631,0.0454487139323744,0.935623073559533,567.0,0.8288514243257132,104.0,1.0,8.0,0.257728077256096,0.0,0.3477646229446245,0.8005716958312291,42265.40941435515,0.12564291303294345,0.6870975992038014,0.8928012280338748,0.5680609671737329,0.25308606887362733
SARIYER,GARİPÇE,SARIYER|GARİPÇE,2023,0.6303084461024889,283260.2394612867,0.01133756403486,0.5829082334263169,51.0,0.49378678342630683,15.0,1.0,5.0,0.0,0.0,0.25472744989097895,0.8005716958312291,3801.6505822435847,0.19235456584345648,0.7917411792061718,0.6340628538130004,0.3877619350384901,0.21865587993783864
SARIYER,GÜMÜŞDERE,SARIYER|GÜMÜŞDERE,2023,0.5923841252996916,199251.2158105314,0.0079750812276791,0.6808468267523928,100.0,0.39131676754120764,8.0,0.21716572341050425,1.0,0.257728077256096,0.18673331429495207,0.34823625860067703,0.8005716958312291,7454.216827928597,0.057417130651662214,0.2518026284037135,0.6107756794277825,0.5680609671737329,0.2203191788194188
SARIYER,HUZUR,SARIYER|HUZUR,2023,0.7132852030440188,611543.9485632621,0.0244772040373662,0.7523590904234227,163.0,0.565998471340334,23.0,0.7169728572446886,9.0,0.257728077256096,0.0,0.290000655365706,0.8005716958312291,12150.373429523614,0.09847656188826948,0.36762797593091,0.8004781324204101,0.7755238700769802,0.20245623471472443
SARIYER,KAZIM KARABEKİR PAŞA,SARIYER|KAZIM KARABEKİR PAŞA,2023,0.7088995938878226,587168.6595359356,0.0235015768164716,0.8864516917657004,406.0,0.8219342078600275,100.0,0.685222126280749,9.0,0.0,0.0,0.37813838438265435,0.8005716958312291,30264.120321390103,0.16426889704630696,0.33799004094235746,0.6934836663458166,0.6324124771567161,0.27979825694653215
SARIYER,KISIRKAYA,SARIYER|KISIRKAYA,2023,0.6265557819888243,273569.7575849795,0.0109497000020885,0.6920922881973645,108.0,0.6430898052058168,36.0,0.429393567864879,1.0,0.0,0.0,0.3259971442019479,0.8005716958312291,8050.554174162885,0.21462650317955173,0.49787980952980815,0.580840816001753,0.5680609671737329,0.4926705823751463
SARIYER,KOCATAŞ,SARIYER|KOCATAŞ,2023,0.6480320687178384,333874.3717229219,0.0133634077137205,0.8532602794466154,324.0,0.7261928473473762,58.0,0.5893455800693088,6.0,0.16260831227163414,0.0,0.40996645399247084,0.8005716958312291,24151.662522488656,0.12285808525805919,0.32144877381620696,0.8364027764364553,0.686820903599663,0.32139329651761345
SARIYER,KUMKÖY (KİLYOS),SARIYER|KUMKÖY (KİLYOS),2023,0.6351080651985024,296156.0345736032,0.0118537215553944,0.8022540316330277,229.0,0.5869751513118114,26.0,0.5327249949655453,3.0,0.3252166245432683,0.0,0.38861687058591754,0.8005716958312291,17070.15653595649,0.08023185047414982,0.3928792636697304,0.5648426473011888,0.489301084236452,0.19819905374921173
SARIYER,KİREÇBURNU,SARIYER|KİREÇBURNU,2023,0.6897959986749892,491829.2263067288,0.0196855914478964,0.7550333374408353,164.0,0.7973954904322735,87.0,1.0,5.0,0.0,0.0,0.31156907018255664,0.8005716958312291,12373.99993436147,0.31438863261004746,0.7917411792061718,0.8171249520783046,0.3877619350384901,0.18737431869831225
SARIYER,MADEN,SARIYER|MADEN,2023,0.7790663579269038,1125586.7410172182,0.0450518991911543,0.933002662675315,555.0,1.0,270.0,1.0,21.0,0.0,0.0,0.3469258499937003,0.8005716958312291,41519.98773156229,0.29802093466285806,0.4816791904768169,0.8415162972043587,0.5680609671737329,0.3249150730874585
SARIYER,MASLAK,SARIYER|MASLAK,2023,0.7549072475559185,899649.4289627023,0.036008700088612,0.8242602778122029,266.0,0.565998471340334,23.0,0.26667022567269694,1.0,0.3252166245432683,0.1178156039716956,0.29944977888290547,0.8005716958312291,19828.216762290067,0.06187058224176396,0.3092028644615681,0.8112219852292627,0.7755238700769802,0.19541202201274
SARIYER,PINAR,SARIYER|PINAR,2023,0.7435655575396284,809826.1161861627,0.0324134988617682,0.9278918875469531,538.0,0.9514480186353977,208.0,1.0,17.0,0.257728077256096,0.0,0.37439428598910357,0.8005716958312291,40103.686534255845,0.2438606243724786,0.5251453539998778,0.7079744718507374,0.5680609671737329,0.304553177115941
SARIYER,POLİGON,SARIYER|POLİGON,2023,0.6851035172401115,470882.8770202495,0.0188472084232133,0.7214499975701577,132.0,0.8236888618160699,101.0,0.24229100142300364,1.0,0.16260831227163414,0.0,0.29458893258052077,0.8005716958312291,9839.566212865748,0.4239354179548826,0.28093526933601337,0.8434399949111248,0.5680609671737329,0.1460599584159793
SARIYER,PTT EVLERİ,SARIYER|PTT EVLERİ,2023,0.6639580469242191,387022.93770605273,0.0154906927549982,0.7874216612488298,207.0,0.638210159254361,35.0,0.7045957413050008,10.0,0.16260831227163414,0.2356312079433912,0.35415655090452824,0.8005716958312291,15430.228833812194,0.1165478370311877,0.3369972544166866,0.7675035595453381,0.812711509291959,0.2858015011287446
SARIYER,REŞİTPAŞA,SARIYER|REŞİTPAŞA,2023,0.7960019088255863,1317011.0291584246,0.0527137056231334,0.8999511032277561,445.0,0.7616568551109377,71.0,0.6714550930991711,5.0,0.3252166245432683,0.0,0.31166986792738693,0.8005716958312291,33171.26488428226,0.11044029952988586,0.4350581739098813,0.8159560609098019,0.7755238700769802,0.2813741466585436
SARIYER,RUMELİFENERİ,SARIYER|RUMELİFENERİ,2023,0.648919011963705,336632.43194925546,0.0134737997845862,0.6778962233151745,98.0,0.7136897541929441,54.0,1.0,5.0,0.16260831227163414,0.0,0.29803359415232117,0.8005716958312291,7305.1324913700255,0.32745304787061436,0.7917411792061718,0.739048549362939,0.5680609671737329,0.3687427555995496
SARIYER,RUMELİHİSARI,SARIYER|RUMELİHİSARI,2023,0.7307216683439592,718884.6708854339,0.0287735440926816,0.8047976335076862,233.0,0.7616568551109377,71.0,0.5346584761040488,4.0,0.3775648087257248,0.0,0.3078523050236654,0.8005716958312291,17368.32520907363,0.19844247387691805,0.34174345003474693,0.8122973770991005,0.5680609671737329,0.10324788056497478
SARIYER,RUMELİKAVAĞI,SARIYER|RUMELİKAVAĞI,2023,0.626232174047585,272749.7937339074,0.010916880737777,0.8197724715553535,257.0,0.7406801751394602,63.0,1.0,17.0,0.0,0.0,0.4075591129175836,0.8005716958312291,19231.87941605578,0.16299913357589516,0.5251453539998778,0.8052727636466342,0.6324124771567161,0.22494057914596768
SARIYER,SARIYER MERKEZ,SARIYER|SARIYER MERKEZ,2023,0.7518719961295153,874677.8025891415,0.0350092043118546,0.8731863195902586,371.0,0.9621948848329973,221.0,1.0,24.0,0.257728077256096,0.0,0.33263029702772234,0.8005716958312291,27655.144431615092,0.34863467651202795,0.4547895163258789,0.8112415814210653,0.5680609671737329,0.2703681699015695
SARIYER,TARABYA,SARIYER|TARABYA,2023,0.7968045180126377,1326850.5953712903,0.0531075367948706,0.8747641448344239,372.0,0.8165640743059941,97.0,1.0,10.0,0.0,0.0,0.2953332909712564,0.8005716958312291,27953.31310473224,0.1716320445257535,0.6382445775183776,0.8552910814698592,0.6324124771567161,0.23130788520498244
SARIYER,USKUMRUKÖY,SARIYER|USKUMRUKÖY,2023,0.4855628526014268,73945.8309330517,0.002959700926995,0.8192017735358758,257.0,0.7104218471683882,53.0,1.0,7.0,0.3252166245432683,0.0,0.5307959386993091,0.8005716958312291,19157.337247776497,0.13988239212595632,0.7166123773652383,0.7009896014503838,0.6324124771567161,0.20745388372103024
SARIYER,SEYMEN,SARIYER|SEYMEN,2023,0.6145755981039215,244796.48062917512,0.0097980421817053,0.7236519079103443,133.0,0.9198273918855103,174.0,1.0,18.0,0.0,0.0,0.3563153560311578,0.8005716958312291,9988.65054942432,0.6209113010417675,0.5132852260471427,0.7726641067554533,0.0,0.2749232663263213
SARIYER,YENİKÖY,SARIYER|YENİKÖY,2023,0.7762594680304212,1096664.3797248553,0.0438942742318054,0.9471113828219413,580.0,0.7994078953007748,88.0,0.7163183715372461,11.0,0.0,0.0,0.35826525444954,0.8005716958312291,45694.349155202304,0.10007795159100949,0.3307832836590868,0.8866853057869046,0.489301084236452,0.3229488843279491
SARIYER,ZEKERİYAKÖY,SARIYER|ZEKERİYAKÖY,2023,0.8222001079842793,1679211.424827475,0.0672108697403399,0.9789697015388095,760.0,0.9669443912566117,227.0,1.0,26.0,0.456499245823252,0.1178156039716956,0.33876215605672244,0.8005716958312291,56726.590060536626,0.19475703334448322,0.43890898671182904,0.6670748584641791,0.7755238700769802,0.2652256707784158
SARIYER,ÇAMLITEPE,SARIYER|ÇAMLITEPE,2023,0.6744941260903725,426753.9133989122,0.0170809352893614,0.9248500219638874,527.0,0.6331930405551094,34.0,0.6829692550020062,8.0,0.16260831227163414,0.0,0.432692210833456,0.8005716958312291,39283.72268318371,0.04664359333232378,0.35712826672540965,0.8038723120817796,0.733951626354678,0.23961355573592016
SARIYER,ÇAYIRBAŞI,SARIYER|ÇAYIRBAŞI,2023,0.6558307608056924,358920.54026476195,0.0143658870599607,0.777142113254013,193.0,0.6057394309575813,29.0,1.0,8.0,0.16260831227163414,0.0,0.3546551512991478,0.8005716958312291,14386.638477902194,0.10443807450514243,0.6870975992038014,0.7778529880498019,0.489301084236452,0.28737280046577124
SARIYER,İSTİNYE,SARIYER|İSTİNYE,2023,0.7824683279145103,1161665.1504643925,0.0464959468208575,0.9473514565186283,614.0,0.7994078953007748,88.0,1.0,4.0,0.257728077256096,0.0,0.3530533343125269,0.8005716958312291,45768.89132348158,0.09992540193430263,0.8420495936759295,0.8230363399389463,0.733951626354678,0.27728333660743465
SULTANBEYLİ,ABDURRAHMANGAZİ,SULTANBEYLİ|ABDURRAHMANGAZİ,2023,0.8444750397089799,1381178.7612895684,0.0899463167022282,0.8364506236377431,287.0,0.7616568551109377,71.0,1.0,14.0,0.5625323369257385,0.1178156039716956,0.23257963473011067,0.5859395416213241,14412.213388672924,0.1638912693673398,0.5659432574844452,0.6789115553267248,0.733951626354678,0.33004598609890134
SULTANBEYLİ,ADİL,SULTANBEYLİ|ADİL,2023,0.8664708851902757,1693709.3540467075,0.1102992040062744,0.7523590904234227,163.0,0.9208421862888501,175.0,0.648755471549168,4.0,0.456499245823252,0.42236452223834325,0.16777739014801166,0.5859395416213241,8128.687828213448,0.5440943309336826,0.45597021861934095,0.729094144951632,0.733951626354678,0.28229500286211384
SULTANBEYLİ,AHMET YESEVİ,SULTANBEYLİ|AHMET YESEVİ,2023,0.8522473803631532,1484408.109782831,0.096668907530276,0.7372150102656643,146.0,0.8722853631898849,133.0,0.48013801356594515,2.0,0.42033638952773006,0.44856581967682463,0.17004107511930988,0.5859395416213241,7330.779820536053,0.4807254482299558,0.41590703956977865,0.6836646282580718,0.686820903599663,0.2888295157675409
SULTANBEYLİ,AKŞEMSETTİN,SULTANBEYLİ|AKŞEMSETTİN,2023,0.7674752693637396,676276.905757071,0.0440410889947615,0.7087144251212312,121.0,0.6172334792828835,31.0,1.0,4.0,0.3252166245432683,0.4815669033537717,0.21904145340248152,0.5859395416213241,6034.17930806029,0.17016755121688576,0.8420495936759295,0.6874298397879721,0.6324124771567161,0.2504853427148045
SULTANBEYLİ,BATTALGAZİ,SULTANBEYLİ|BATTALGAZİ,2023,0.8794130369937351,1909693.077874882,0.1243646826904652,0.8472380043338863,311.0,0.9661615507173521,226.0,0.6292623176773692,7.0,0.6352928859818208,0.3307502157051291,0.21100463901856678,0.5859395416213241,15509.336899229338,0.4074988312718281,0.3310980764369619,0.5571533530396086,0.6324124771567161,0.1637176642806645
SULTANBEYLİ,FATİH,SULTANBEYLİ|FATİH,2023,0.5659155145593692,104276.60275333938,0.0067907910248541,0.7725074309231674,187.0,0.7002421659594933,50.0,1.0,3.0,0.4878249368149024,0.0,0.4299645405518061,0.5859395416213241,9325.549839729538,0.17677874970092908,0.9073449700788264,0.69655531716612,0.686820903599663,0.27725977623008974
SULTANBEYLİ,HAMİDİYE,SULTANBEYLİ|HAMİDİYE,2023,0.8393155205310832,1316647.9511686591,0.0857438855275934,0.7725074309231674,187.0,0.656974438900131,39.0,1.0,2.0,0.3775648087257248,0.3307502157051291,0.1994663269334988,0.5859395416213241,9325.549839729538,0.141322404005824,1.0,0.6347240139008633,0.686820903599663,0.2545781213129965
SULTANBEYLİ,HASANPAŞA,SULTANBEYLİ|HASANPAŞA,2023,0.8452663782649668,1391352.088387455,0.0906088328997749,0.783832061917283,202.0,0.6172334792828835,31.0,1.0,12.0,0.42033638952773006,0.1178156039716956,0.20130659129776615,0.5859395416213241,10073.588596927097,0.10651476433945045,0.5988394212823303,0.745755295302214,0.5680609671737329,0.35499624741887725
SULTANBEYLİ,MECİDİYE,SULTANBEYLİ|MECİDİYE,2023,0.8186578379027601,1087099.791209969,0.0707950519133402,0.8115745151458098,244.0,0.6613720928498814,40.0,0.6236908671385484,6.0,0.515456154512192,0.0,0.23870964682510135,0.5859395416213241,12168.097117080251,0.11325555821331493,0.35349594062742945,0.6627149733482387,0.6324124771567161,0.275541730910177
SULTANBEYLİ,MEHMET AKİF,SULTANBEYLİ|MEHMET AKİF,2023,0.5951707121584457,136791.35406619316,0.0089082447542681,0.851892183823824,321.0,0.9071762093880261,162.0,1.0,11.0,0.6017222572298446,0.27355936087800314,0.4553841107196016,0.5859395416213241,16008.02940402771,0.3048196109456376,0.6175824918424769,0.6635933896883102,0.5680609671737329,0.3418998939386702
SULTANBEYLİ,MİMAR SİNAN,SULTANBEYLİ|MİMAR SİNAN,2023,0.8338107492338362,1251119.756038153,0.0814765017845718,0.7990115878354371,224.0,0.7781809047667624,78.0,0.7593954338598952,9.0,0.6646554340887362,0.4359695403536438,0.21909843746380273,0.5859395416213241,11170.71210748351,0.222906882238481,0.4085720622731196,0.6934836663458166,0.733951626354678,0.2880847430948213
SULTANBEYLİ,NECİP FAZIL,SULTANBEYLİ|NECİP FAZIL,2023,0.5719789114423789,110310.78206139966,0.007183754063595,0.8259086218216007,269.0,0.8465950940956967,115.0,0.5263554827213136,4.0,0.3775648087257248,0.0,0.4590213380106829,0.5859395416213241,13414.82837907618,0.2655440513880527,0.33380397974395337,0.7648704982777288,0.686820903599663,0.30200155675945317
SULTANBEYLİ,ORHANGAZİ,SULTANBEYLİ|ORHANGAZİ,2023,0.7882276262021033,819800.6086380421,0.0533877635856415,0.7602406517100001,172.0,0.6613720928498814,40.0,1.0,2.0,0.4878249368149024,0.3534468119150868,0.23281477314720952,0.5859395416213241,8577.51108253198,0.15599387558440983,1.0,0.7051463179947467,0.6324124771567161,0.3108994172956624
SULTANBEYLİ,TURGUT REİS,SULTANBEYLİ|TURGUT REİS,2023,0.8082375181835816,986962.336246456,0.0642738140472919,0.7701343193645571,184.0,0.7231483982391199,57.0,0.5029555523023592,2.0,0.456499245823252,0.27355936087800314,0.2225777064079339,0.5859395416213239,9175.942088290023,0.20133114319493328,0.440266463815359,0.6486141281758604,0.686820903599663,0.36946774772188773
SULTANBEYLİ,YAVUZ SELİM,SULTANBEYLİ|YAVUZ SELİM,2023,0.8102936345722607,1005962.520679274,0.065511160475063,0.7523590904234227,163.0,0.7350258609986798,61.0,0.4367441613245444,2.0,0.3252166245432683,0.18673331429495207,0.21057600461508025,0.5859395416213241,8128.687828213448,0.23716762850147866,0.3702360469889728,0.6759498765763033,0.6324124771567161,0.2919979043076058
SULTANGAZİ,50. YIL,SULTANGAZİ|50. YIL,2023,0.9456833896164573,3549896.3358966983,0.1455771682362133,1.0,872.75,0.9400107701625707,195.0,1.0,34.0,0.540173120997359,0.0,0.24770099978351717,0.5888184483984541,44010.190802730605,0.14967263863692695,0.38714132287453085,0.925410876612532,0.6324124771567161,0.24623647027160875
SULTANGAZİ,75. YIL,SULTANGAZİ|75. YIL,2023,0.8591747303708949,1591486.717481597,0.0652650409178763,0.9054697429888718,462.0,0.9471355576726467,203.0,1.0,38.0,0.257728077256096,0.0,0.2619542613945845,0.5888184483984541,23164.577785088622,0.271729571736642,0.3664053919120613,0.9319124670086636,0.686820903599663,0.17237061392686
SULTANGAZİ,CEBECİ,SULTANGAZİ|CEBECİ,2023,0.9275583016139596,3000665.199407822,0.1230538306534523,1.0,872.75,0.9268124415022452,181.0,1.0,38.0,0.5625323369257385,0.18673331429495207,0.26263603392778284,0.5888184483984541,44010.190802730605,0.13987211025190724,0.3664053919120613,0.9218179153762995,0.812711509291959,0.24623647027160875
SULTANGAZİ,CUMHURİYET,SULTANGAZİ|CUMHURİYET,2023,0.5222179908912408,69894.8515853107,0.002866307521487,0.7701343193645571,184.0,0.6524654401915636,38.0,1.0,12.0,0.16260831227163414,0.0,0.466781671273602,0.5888184483984541,9225.719291030968,0.14006548261235105,0.5988394212823303,0.9708193991484114,0.733951626354678,0.20800623727673767
SULTANGAZİ,ESENTEPE,SULTANGAZİ|ESENTEPE,2023,0.929970808373154,3068554.459842908,0.1258378911872352,1.0,872.75,0.9505938398472666,207.0,1.0,25.0,0.3775648087257248,0.3534468119150868,0.2606383031701896,0.5888184483984541,44010.1908027306,0.15797182404267057,0.4466671791192252,0.9474706814332139,0.686820903599663,0.24623647027160875
SULTANGAZİ,ESKİ HABİPLER,SULTANGAZİ|ESKİ HABİPLER,2023,0.7653148849871327,666457.9392194761,0.0273306740140642,0.7391952447503807,149.0,0.9146648293758671,169.0,1.0,13.0,0.42033638952773006,0.1178156039716956,0.23883932044524603,0.5888184483984541,7470.827034584858,0.5655876999807591,0.5817063918507496,0.7238164407450383,0.6324124771567161,0.2641446402985587
SULTANGAZİ,GAZİ,SULTANGAZİ|GAZİ,2023,0.8689162545213683,1741956.193527162,0.0714356211703746,0.9695776518477587,714.0,1.0,270.0,1.0,44.0,0.456499245823252,0.0,0.2930752223428508,0.5888184483984541,35799.80203150059,0.2419406489479333,0.3397989103191469,0.9764896341553879,0.6324124771567161,0.2673445065090379
SULTANGAZİ,HABİBLER,SULTANGAZİ|HABİBLER,2023,0.46090125452591096,39560.28543817083,0.0016223218324628,0.87437126776053,374.0,0.8013978147281852,89.0,1.0,12.0,0.257728077256096,0.18673331429495207,0.5882944409856959,0.5888184483984541,18752.277254595552,0.15926119051603888,0.5988394212823303,0.7830592851076655,0.686820903599663,0.2263529210261235
SULTANGAZİ,MALKOÇOĞLU,SULTANGAZİ|MALKOÇOĞLU,2023,0.7645414630371965,661694.6602376938,0.027135337418267,0.7756133404638514,191.0,0.8371364500495209,109.0,1.0,11.0,0.16260831227163414,0.0,0.26144778395082147,0.5888184483984541,9576.697742320188,0.3368503535929863,0.6175824918424769,0.8885178515290618,0.6324124771567161,0.37314329785122013
SULTANGAZİ,SULTANÇİFTLİĞİ,SULTANGAZİ|SULTANÇİFTLİĞİ,2023,0.8771623341902751,1880392.1226713825,0.0771127194966484,0.8982878922170298,440.0,0.9621948848329973,221.0,1.0,16.0,0.42033638952773006,0.0,0.2428400936393813,0.5888184483984541,22061.502652465355,0.3036285964323883,0.5378021930849753,1.0,0.6324124771567161,0.2657248461528122
SULTANGAZİ,UĞUR MUMCU,SULTANGAZİ|UĞUR MUMCU,2023,0.8970532194817589,2261304.0218776986,0.0927334786363449,0.961303039030121,675.0,1.0,270.0,1.0,30.0,0.456499245823252,0.18673331429495207,0.26444608740542136,0.5888184483984541,33844.350660032076,0.2537846848749246,0.4110010986379872,0.9863222033967233,0.6324124771567161,0.2764590284610383
SULTANGAZİ,YAYLA,SULTANGAZİ|YAYLA,2023,0.7095138061659864,397207.3273018875,0.0162890159147921,0.8035313145388503,231.0,0.6115791651421031,30.0,1.0,10.0,0.0,0.0,0.32515116807600875,0.5888184483984541,11582.28889254431,0.09109526575578566,0.6382445775183776,0.6958761598595882,0.489301084236452,0.35599435672772356
SULTANGAZİ,YUNUS EMRE,SULTANGAZİ|YUNUS EMRE,2023,0.9127274530968901,2615090.300777234,0.1072418472673438,0.9656043715351632,695.0,0.9645854702020092,224.0,1.0,42.0,0.540173120997359,0.0,0.25409228892535013,0.5888184483984541,34847.14623514414,0.20842843488621002,0.3481486796570503,0.9216430612116548,0.686820903599663,0.28294431263478736
SULTANGAZİ,ZÜBEYDE HANIM,SULTANGAZİ|ZÜBEYDE HANIM,2023,0.6103580528779043,158341.4213101945,0.0064933996792367,1.0,872.75,1.0,270.0,1.0,44.0,0.257728077256096,0.0,0.537482576246278,0.5888184483984541,44010.1908027306,0.20236114352296994,0.3397989103191469,0.8829539878245438,0.6324124771567161,0.24623647027160875
SULTANGAZİ,İSMETPAŞA,SULTANGAZİ|İSMETPAŞA,2023,0.9154709829321156,2682478.1634247643,0.1100053460542007,1.0,872.75,0.9390997915219644,194.0,1.0,27.0,0.5625323369257385,0.0,0.2726871100809788,0.5888184483984541,44010.19080273059,0.14897685449263834,0.4314869378531651,0.9073820815019822,0.686820903599663,0.2722514190295356
SİLİVRİ,AKÖREN,SİLİVRİ|AKÖREN,2023,0.5274240447417812,82120.01462367515,0.0059478556415187,0.8914409439644058,420.0,0.9016276006233391,150.0,0.7379857358512136,11.0,0.16260831227163414,0.1178156039716956,0.5405588083030594,0.6489520829275799,23575.123815409133,0.23693762302108595,0.35063261856483274,0.508472304049914,0.7755238700769802,0.34657153209299657
SİLİVRİ,ALİBEY,SİLİVRİ|ALİBEY,2023,0.7959897020210946,991614.6126738515,0.0718214748893162,0.9295250251187702,544.0,1.0,260.0,0.47880987927688884,5.0,0.16260831227163414,0.0,0.33018828043153114,0.6489520829275799,30535.398465672777,0.3038692310694116,0.2537991274158789,0.7592114489739469,0.5680609671737329,0.2691001602632256
SİLİVRİ,ALİPAŞA,SİLİVRİ|ALİPAŞA,2023,0.2412087640981061,5725.387212313647,0.0004146830317395,0.66218722081589,88.0,0.6698544548109717,41.0,0.2778309893946635,1.0,0.16260831227163414,0.6507617879279374,0.6453666741928159,0.6489520829275799,4939.549751800009,0.29110870011821416,0.32214371717096046,0.7905748881755355,0.7755238700769802,0.20307210640500697
SİLİVRİ,BEKİRLİ,SİLİVRİ|BEKİRLİ,2023,0.5747687302072919,127417.9310975684,0.0092287302161636,0.5112835695562822,31.0,0.24689339171315342,3.0,0.5424007749441537,2.0,0.0,0.1178156039716956,0.2562725180815652,0.6489520829275799,1740.068662565912,0.0689155306684191,0.4828602829931294,0.5476860115048656,0.686820903599663,0.2382262086116239
SİLİVRİ,BEYCİLER,SİLİVRİ|BEYCİLER,2023,0.5215978027790714,77797.90859085014,0.0056348106077545,0.6808468267523928,100.0,0.12344669585657671,1.0,0.0,0.0,0.0,0.2356312079433912,0.40972210211656385,0.6489520829275799,5613.124717954556,0.007423489056145567,0.0,0.8057866407862625,0.6324124771567161,0.2765699107555591
SİLİVRİ,BÜYÜK KILIÇLI,SİLİVRİ|BÜYÜK KILIÇLI,2023,0.5112422631329783,70669.24019904785,0.0051184895780396,0.6369385308391242,74.0,0.638210159254361,34.0,0.2557854134990745,2.0,0.16260831227163414,0.3307502157051291,0.3904511077964304,0.6489520829275799,4153.712291286371,0.2889340654481915,0.1927059226727486,0.6416639640022205,0.686820903599663,0.3369337446889089
SİLİVRİ,BÜYÜK SİNEKLİ,SİLİVRİ|BÜYÜK SİNEKLİ,2023,0.6463582956382548,247538.80006179592,0.0179289428428554,0.6040192217402314,59.0,0.24689339171315342,3.0,0.23415129608835922,1.0,0.0,0.0,0.25444661199878804,0.6489520829275799,3311.7435835931883,0.03700202085734655,0.2714973195274201,0.44684689331629224,0.5680609671737329,0.20780085287856548
SİLİVRİ,BÜYÜK ÇAVUŞLU,SİLİVRİ|BÜYÜK ÇAVUŞLU,2023,0.6129549846767605,181584.58462582983,0.013151956938013,0.8115745151458098,244.0,0.6698544548109717,42.0,0.4055710052413241,2.0,0.0,0.2356312079433912,0.4139025681473908,0.6489520829275799,13696.024311809117,0.11849104983675005,0.3380319082103513,0.858388486882024,0.5680609671737329,0.38632293229532877
SİLİVRİ,CUMHURİYET,SİLİVRİ|CUMHURİYET,2023,0.7266313007386157,521178.63006208045,0.0377483524480528,0.9764311500828042,748.0,1.0,270.0,0.6471771081827796,9.0,0.0,0.0,0.42010962193284485,0.6489520829275799,41986.17289030008,0.23248881132825033,0.30374790348591074,0.7895549787065298,0.6324124771567161,0.25245620905673294
SİLİVRİ,DANAMANDIRA,SİLİVRİ|DANAMANDIRA,2023,0.4984448158148312,62754.73434673193,0.0045452512694585,0.6670780086228785,91.0,0.42705540286254334,10.0,0.4447383975180494,4.0,0.0,0.0,0.42108221526042294,0.6489520829275799,5107.943493338646,0.07778439536807011,0.25911802150017166,0.3297286387411916,0.733951626354678,0.4578913489986576
SİLİVRİ,DEĞİRMENKÖY FEVZİPAŞA,SİLİVRİ|DEĞİRMENKÖY FEVZİPAŞA,2023,0.6216273886816606,196796.15261148673,0.014253712836066,0.8180537112900514,255.0,0.7566397364116862,66.0,1.0,14.0,0.0,0.5836816305025756,0.4104790242064716,0.6489520829275799,14313.468030784115,0.1786651084673045,0.5659432574844452,0.9321322114340027,0.489301084236452,0.32860892073530484
SİLİVRİ,DEĞİRMENKÖY İSMETPAŞA,SİLİVRİ|DEĞİRMENKÖY İSMETPAŞA,2023,0.6159131530958979,186636.39687198895,0.0135178537307243,0.7192147236850656,130.0,0.7378754567659163,62.0,1.0,9.0,0.0,0.0,0.35233798561417595,0.6489520829275799,7297.062133340923,0.29093209827228633,0.6612325737976555,0.9075039590647868,0.3877619350384901,0.35339939571536283
SİLİVRİ,FATİH,SİLİVRİ|FATİH,2023,0.6929839454302884,381467.9558321916,0.0276292733696248,0.7541472972154779,165.0,1.0,270.0,0.5944103255154723,4.0,0.0,0.0,0.30830227104022406,0.6489520829275799,9261.655784625018,0.7292043599230443,0.4004648372877902,0.8916501647750503,0.489301084236452,0.27093716385957534
SİLİVRİ,FENER,SİLİVRİ|FENER,2023,0.5304741243345584,84477.52700521606,0.0061186074781173,0.7593854304508193,171.0,0.4822927351010046,10.0,0.4421681879339741,2.0,0.0,0.3307502157051291,0.4525908066461349,0.6489520829275799,9598.44326770229,0.05870872066416988,0.3758937192561047,0.5268597982890326,0.7755238700769802,0.1655268827464676
SİLİVRİ,GAZİTEPE,SİLİVRİ|GAZİTEPE,2023,0.511156645890875,70613.1089518683,0.0051144240581206,0.7134737170160842,125.0,0.6172334792828835,27.0,0.6191422453447808,7.0,0.0,0.0,0.4399122205130921,0.6489520829275799,7016.405897443194,0.16528260624653737,0.32183228861649676,0.6118688054443356,0.686820903599663,0.1273783301739168
SİLİVRİ,GÜMÜŞYAKA,SİLİVRİ|GÜMÜŞYAKA,2023,0.7220651112810117,499568.0998979555,0.0361831272792321,1.0,872.75,0.9996753035820285,266.0,0.871761834431931,31.0,0.0,0.18673331429495207,0.4392053878551947,0.6489520829275799,49269.20221184612,0.20203705381559783,0.2888878880379069,0.9075039590647868,0.3877619350384901,0.24623647027160875
SİLİVRİ,KADIKÖY,SİLİVRİ|KADIKÖY,2023,0.2788299525719416,8139.030841034106,0.0005895003882571,0.5582635371450617,43.0,0.751477173902043,66.0,1.0,8.0,0.0,0.0,0.543646170902421,0.6489520829275799,2413.643628720459,0.7007542523113656,0.6870975992038014,0.6915620252674526,0.733951626354678,0.16769269561611203
SİLİVRİ,KAVAKLI HÜRRİYET,SİLİVRİ|KAVAKLI HÜRRİYET,2023,0.5476479092902096,99071.6512718979,0.0071756426570611,0.7859962853868961,205.0,0.7200509995434583,54.0,0.7364147900936281,12.0,0.0,0.0,0.454671517446717,0.6489520829275799,11506.90567180684,0.18017994044893956,0.3336133358901858,0.783993186929458,0.6324124771567161,0.43622761834265306
SİLİVRİ,KAVAKLI İSTİKLAL,SİLİVRİ|KAVAKLI İSTİKLAL,2023,0.5608499299091732,111981.83812319336,0.0081107122384346,0.722555060820062,133.0,0.6115791651421031,30.0,1.0,13.0,0.16260831227163414,0.0,0.4022846618306542,0.6489520829275799,7465.455874879559,0.15174828441632465,0.5817063918507496,0.81995233038869,0.6324124771567161,0.37050200380627046
SİLİVRİ,KURFALLI,SİLİVRİ|KURFALLI,2023,0.6705626589829088,309844.48443109146,0.0224416699529619,0.6180798802301182,65.0,0.12344669585657671,0.0,0.0,0.0,0.16260831227163414,0.0,0.2431616645539403,0.6489520829275799,3648.531066670461,0.011390366204941731,0.0,0.5747973394931266,0.6324124771567161,0.220824393989711
SİLİVRİ,KÜÇÜK KILIÇLI,SİLİVRİ|KÜÇÜK KILIÇLI,2023,0.6124539697871251,180742.6159181367,0.0130909741392277,0.632951119078263,72.0,0.24689339171315342,3.0,0.0,0.0,0.0,0.0,0.30076763306841126,0.6489520829275799,4041.44979692728,0.030455432491941957,0.0,0.7139572664506149,0.5680609671737329,0.22942637793020487
SİLİVRİ,KÜÇÜK SİNEKLİ,SİLİVRİ|KÜÇÜK SİNEKLİ,2023,0.5264622175487804,81390.30841034107,0.0058950038825715,0.3665864848188257,11.0,0.19565838377060382,2.0,0.23415129608835922,1.0,0.0,0.0,0.20523335626554703,0.6489520829275799,617.4437189750012,0.12463145071066518,0.2714973195274201,0.40552065308826213,0.7755238700769802,0.27093716385957534
SİLİVRİ,MİMAR SİNAN,SİLİVRİ|MİMAR SİNAN,2023,0.8444283090401913,1553937.446918539,0.1125498534380069,1.0,872.75,1.0,270.0,0.8519218476377474,14.0,0.257728077256096,0.3307502157051291,0.33288898072838874,0.6489520829275799,49269.2022118461,0.20236114352296994,0.4140408845299917,0.7692930715413397,0.5680609671737329,0.24623647027160875
SİLİVRİ,ORTAKÖY,SİLİVRİ|ORTAKÖY,2023,0.6417125347252973,237098.38808640043,0.0171727561379186,0.9174005625387209,501.0,0.9268124415022452,165.0,0.9125310573342719,22.0,0.0,0.18673331429495207,0.45665565990018964,0.6489520829275799,28121.75483695232,0.23010078077212473,0.38622136331066237,0.7709711368710704,0.5680609671737329,0.33922061750025106
SİLİVRİ,PİRİ MEHMET PAŞA,SİLİVRİ|PİRİ MEHMET PAŞA,2023,0.7114828324798815,452866.9022445735,0.0328006147066117,0.8404651639853041,297.0,0.9157093833140622,166.0,0.17123567882350837,1.0,0.16260831227163414,0.0,0.34673590608308963,0.6489520829275799,16670.98041232503,0.3376621147905339,0.19854695910159423,0.8232759293031369,0.5680609671737329,0.27995744870234807
SİLİVRİ,SAYALAR,SİLİVRİ|SAYALAR,2023,0.7262240906871757,519214.0364107964,0.0376060592508873,0.4862191709889385,26.0,0.19565838377060382,2.0,0.0,0.0,0.16260831227163414,0.1178156039716956,0.12769755452935144,0.6489520829275799,1459.4124266681845,0.055288585713824355,0.0,0.4923085011137884,0.733951626354678,0.10362276059364829
SİLİVRİ,SELİMPAŞA,SİLİVRİ|SELİMPAŞA,2023,0.8288636287241457,1345073.0761634505,0.0974220538193526,1.0,872.75,1.0,270.0,1.0,49.0,0.5625323369257385,0.18673331429495207,0.34627356638869605,0.6489520829275799,49269.20221184612,0.20236114352296994,0.3208274383976225,0.807767457779298,0.686820903599663,0.24623647027160875
SİLİVRİ,SEMİZKUMLAR,SİLİVRİ|SEMİZKUMLAR,2023,0.8452702431077451,1566117.9275565003,0.1134320712604331,1.0,872.75,0.8826126581129299,139.0,0.45452895692674433,2.0,0.16260831227163414,0.18673331429495207,0.33216658668307264,0.6489520829275799,49269.20221184611,0.11113962578995888,0.3888432418123459,0.8496196611248643,0.5680609671737329,0.24623647027160875
SİLİVRİ,SEYMEN,SİLİVRİ|SEYMEN,2023,0.49117005019716203,58657.153302625105,0.0042484683153705,0.9593257536054465,666.0,1.0,270.0,0.7524777598112984,15.0,0.16260831227163414,0.3534468119150868,0.6164989337823136,0.6489520829275799,37383.410621577335,0.2566861279659894,0.30907543702833984,0.4448590251126976,0.733951626354678,0.24171748837608656
SİLİVRİ,SEYMEN MAHALLE,SİLİVRİ|SEYMEN MAHALLE,2023,0.8972658056789722,2536514.928796484,0.1837167796203617,0.0,0.0,0.0,0.0,0.0,0.0,0.6017222572298446,0.0,0.0,0.6489520829275799,0.0,0.0,0.0,0.8087002014518746,0.7755238700769802,0.24623647027160875
SİLİVRİ,YOLÇATI,SİLİVRİ|YOLÇATI,2023,0.6363759324133258,225647.61366177312,0.0163433900744396,0.5065998347714329,30.0,0.24689339171315342,3.0,0.25391238402190935,1.0,0.0,0.1178156039716956,0.2038502434656386,0.6489520829275799,1683.9374153863666,0.0711065880278142,0.29441020745301133,0.7361253493552878,0.489301084236452,0.3579089395530791
SİLİVRİ,ÇANTA BALABAN,SİLİVRİ|ÇANTA BALABAN,2023,0.645277234847155,245069.02518589588,0.0177500599664188,1.0,872.75,0.9930538742028772,257.0,0.9759191154124861,50.0,0.0,0.6312032252338481,0.5066961974248672,0.6489520829275799,49269.20221184611,0.1955255178725961,0.296705517850154,0.8166912827389227,0.686820903599663,0.24623647027160875
SİLİVRİ,ÇANTA SANCAKTEPE,SİLİVRİ|ÇANTA SANCAKTEPE,2023,0.6833830769380056,348967.9637152347,0.0252753373365152,0.97464774718707,739.0,0.9861767288220553,251.0,0.8393890565962373,26.0,0.257728077256096,0.5329461839562417,0.45686265621574296,0.6489520829275799,41480.99166568417,0.21965723360123285,0.2908862088199838,0.8443687589305897,0.6324124771567161,0.2689097836274949
SİLİVRİ,ÇAYIRDERE,SİLİVRİ|ÇAYIRDERE,2023,0.5239814165712038,79537.97725341604,0.005760841725244,0.7122982107642172,124.0,0.6172334792828835,28.0,1.0,4.0,0.16260831227163414,0.18673331429495207,0.42791390934090145,0.6489520829275799,6960.274650263647,0.166477249407549,0.8420495936759295,0.635947011093877,0.733951626354678,0.2750305025127895
SİLİVRİ,ÇELTİK,SİLİVRİ|ÇELTİK,2023,0.49147888547488616,58825.54704416374,0.0042606648751275,0.6267603399448642,69.0,0.5802537522775366,24.0,0.25391238402190935,1.0,0.16260831227163414,0.2356312079433912,0.401110950719704,0.6489520829275799,3873.056055388643,0.23067130424726826,0.29441020745301133,0.8696571766096779,0.733951626354678,0.2425926023507066
TUZLA,AKFIRAT,TUZLA|AKFIRAT,2023,0.5955629821827358,252713.35304873425,0.0094977540726838,0.7717206277031763,186.0,0.5422170729953125,20.0,0.6510037562801407,8.0,0.257728077256096,0.3307502157051291,0.4035402513059185,0.9122258019189806,17073.986075940633,0.07619416883688733,0.3275055404471793,0.7029120693790616,0.489301084236452,0.09325494450547114
TUZLA,ANADOLU,TUZLA|ANADOLU,2023,0.7157024280686411,770165.2858986125,0.0289452076534027,0.5286595418151385,35.0,0.42705540286254334,10.0,1.0,7.0,0.16260831227163414,0.4602926751729552,0.15684300084289918,0.9122258019189806,3212.8468422468936,0.1874942587864592,0.7166123773652383,0.6466341258866736,0.5680609671737329,0.36217987348731356
TUZLA,AYDINLI,TUZLA|AYDINLI,2023,0.9389268703775747,6104409.000269097,0.2294226828309034,0.9658161809815372,690.0,0.9847688484790698,251.0,1.0,22.0,0.6646554340887362,0.9072319562404262,0.23284176406382767,0.9122258019189806,63889.75434868108,0.22974705850033753,0.47225720261824455,0.7496494503532706,0.9053145831190337,0.19024240668042733
TUZLA,AYDINTEPE,TUZLA|AYDINTEPE,2023,0.8413986287257753,2470862.81293599,0.0928627120866079,0.8838923294878371,397.0,0.7566397364116862,69.0,1.0,7.0,0.42033638952773006,0.18673331429495207,0.2635849901565805,0.9122258019189806,36626.454001614584,0.1190008240244272,0.7166123773652383,0.8801005281986015,0.733951626354678,0.2664218285005263
TUZLA,CAMİ,TUZLA|CAMİ,2023,0.6759902986975983,532873.5976926633,0.0200270477268179,0.6974090889832597,112.0,0.6172334792828835,31.0,0.5856799982639493,5.0,0.16260831227163414,0.1178156039716956,0.2873354045088533,0.9122258019189806,10281.10989519006,0.18229525172153882,0.3503929278076619,0.7757987118502745,0.3877619350384901,0.30434693801806556
TUZLA,EVLİYA ÇELEBİ,TUZLA|EVLİYA ÇELEBİ,2023,0.7711106300126827,1287525.4231244265,0.0483892112689661,0.7331729696376514,143.0,0.6894451671969107,47.0,0.5857189345779538,6.0,0.515456154512192,0.30454891826664765,0.23056031674574504,0.9122258019189806,13126.774241180165,0.21201334991376952,0.31812868843181147,0.8192562190577732,0.5680609671737329,0.18815564957082645
TUZLA,FATİH,TUZLA|FATİH,2023,0.5012977576299648,105381.3764256981,0.003960559998344,0.5582635371450617,43.0,0.8271471439906899,103.0,1.0,7.0,0.257728077256096,0.2356312079433912,0.3483487549606981,0.9122258019189801,3947.2118347604687,0.9119818680875902,0.7166123773652383,0.5854370269561123,0.6324124771567161,0.4120408791491398
TUZLA,MESCİT,TUZLA|MESCİT,2023,0.6646411381910913,479632.13573542907,0.0180260679367138,0.657128716539563,85.0,0.5422170729953125,20.0,1.0,10.0,0.3252166245432683,0.49128223256159964,0.2719240449083752,0.9122258019189806,7802.628045456741,0.15764809908839428,0.6382445775183776,0.7593415756518308,0.489301084236452,0.2788738147469226
TUZLA,MİMAR SİNAN,TUZLA|MİMAR SİNAN,2023,0.8453397866017449,2562842.0282483147,0.0963195771722705,0.8509730203889443,319.0,0.8219342078600275,100.0,1.0,11.0,0.257728077256096,0.0,0.2405143825359825,0.9122258019189806,29282.80407647883,0.20343400317246474,0.6175824918424769,0.8829308192855672,0.3877619350384901,0.2354259019503402
TUZLA,ORHANLI,TUZLA|ORHANLI,2023,0.5574472229311455,177440.9413160927,0.0066687826452952,0.7146399306312402,126.0,0.729186126814158,59.0,1.0,23.0,0.257728077256096,1.0,0.40016946171662027,0.9122258019189806,11566.248632088817,0.2865400728919293,0.46330758639970016,0.6410219074349629,0.686820903599663,0.3650731208191172
TUZLA,ORTA,TUZLA|ORTA,2023,0.7474546436220721,1033894.1138350504,0.0388569575447288,0.7449812904226298,155.0,0.7037004481341133,51.0,1.0,4.0,0.3775648087257248,0.5174835300000811,0.25695704983727086,0.9122258019189806,14228.321729950529,0.2122159857524943,0.8420495936759295,0.773236246484248,0.5680609671737329,0.36176297066457525
TUZLA,POSTANE,TUZLA|POSTANE,2023,0.8153681723193187,1940926.6752133805,0.0729460632447612,0.8896783751600863,415.0,0.8128918630534874,95.0,0.5995124372284558,6.0,0.6646554340887362,0.27355936087800314,0.2888917411389743,0.9122258019189806,38095.183986641736,0.1537858583938125,0.33082285797770167,0.6472611784688199,0.5680609671737329,0.29578780586395703
TUZLA,TEPEÖREN,TUZLA|TEPEÖREN,2023,0.6976718083683338,651565.33960767,0.024487852672688,0.893873688793115,427.0,0.7994078953007748,88.0,1.0,28.0,0.6352928859818208,0.7245361711576395,0.3926311489789314,0.9122258019189806,39196.7314754121,0.13979784538929335,0.4243760958799266,0.6361346056725748,0.733951626354678,0.3004459204451247
TUZLA,YAYLA,TUZLA|YAYLA,2023,0.8325657382383349,2276531.476792084,0.0855591358527278,0.8231510601501086,264.0,0.6656637688518892,41.0,0.45717967695369427,5.0,0.6017222572298446,0.42236452223834325,0.23432030921473604,0.9122258019189801,24234.044752947993,0.10770242139367134,0.2357203024194876,0.8216687155875331,0.6324124771567161,0.2644441895803375
TUZLA,İSTASYON,TUZLA|İSTASYON,2023,0.8201365658027606,2028683.291818753,0.0762442299332776,0.8054267400220603,234.0,0.7070928542451279,52.0,0.4951849998307632,3.0,0.456499245823252,0.6507617879279374,0.2338525670081084,0.9122258019189806,21480.17603102209,0.14971127429175896,0.35516321400357515,0.8019051282087942,0.6324124771567161,0.2847535580336027
TUZLA,İÇMELER,TUZLA|İÇMELER,2023,0.7444944930506259,1005896.44849547,0.0378047181723464,0.9117085269088804,477.0,0.7104218471683882,53.0,0.33300745797916365,3.0,0.456499245823252,0.18673331429495207,0.3633180378643868,0.9122258019189801,44245.49079894293,0.07783036912683075,0.20561657215924908,0.8102991319177307,0.5680609671737329,0.4132343703157308
TUZLA,ŞİFA,TUZLA|ŞİFA,2023,0.8596425321068787,2926352.6995425345,0.1099814391874642,0.8537135063900593,325.0,0.7350258609986798,61.0,1.0,11.0,0.257728077256096,0.3534468119150868,0.23055560687301158,0.9122258019189801,29833.577820864008,0.12833046534472436,0.6175824918424769,0.834705012201803,0.489301084236452,0.22423195585195943
ZEYTİNBURNU,BEŞTELSİZ,ZEYTİNBURNU|BEŞTELSİZ,2023,0.5642532864905316,122272.68321620049,0.0078346467179336,0.8581708017535407,335.0,0.9531441832267971,210.0,0.40291943676063785,3.0,0.515456154512192,0.0,0.48660973440412475,0.6790118160368429,19893.80712842504,0.3630713461798726,0.26704007165055765,0.7160746320349408,0.733951626354678,0.3650948528601105
ZEYTİNBURNU,GÖKALP,ZEYTİNBURNU|GÖKALP,2023,0.8017824432142303,1106986.4438237946,0.0709303785667809,0.7874216612488298,207.0,0.8403454726510154,111.0,0.475904290417366,4.0,0.16260831227163414,0.0,0.23801338367250915,0.6790118160368429,12292.591270399951,0.32030550810228164,0.2868752746677903,0.7329476258107972,0.686820903599663,0.17688580585962044
ZEYTİNBURNU,KAZLIÇEŞME,ZEYTİNBURNU|KAZLIÇEŞME,2023,0.6550216580545495,283798.5201992336,0.0181844471418189,0.7514567924788029,162.0,0.6331930405551094,34.0,0.48055853256568215,2.0,0.456499245823252,0.30454891826664765,0.33908166014162827,0.6790118160368429,9620.288820313002,0.1421370519297893,0.4163539558949791,0.7287772232065799,0.955822902212223,0.19746041323293967
ZEYTİNBURNU,MALTEPE,ZEYTİNBURNU|MALTEPE,2023,0.4867508305836776,59562.65238749349,0.0038164889063076,0.7867106947929912,206.0,0.927788312085973,182.0,1.0,13.0,0.540173120997359,0.5401801262100389,0.508725613132574,0.6790118160368429,12233.20677150913,0.47234886358718325,0.5817063918507496,0.7601208390533949,0.9053145831190337,0.1972557502421119
ZEYTİNBURNU,MERKEZEFENDİ,ZEYTİNBURNU|MERKEZEFENDİ,2023,0.8305158585279478,1445003.011510348,0.0925888579832348,0.8679386300631529,358.0,0.8722853631898849,133.0,0.782536114580407,9.0,0.515456154512192,0.0,0.2629141712717185,0.6790118160368429,21259.650602913927,0.23568692694321858,0.4314886179157152,0.7470604685807714,0.686820903599663,0.3782387839454872
ZEYTİNBURNU,NURİPAŞA,ZEYTİNBURNU|NURİPAŞA,2023,0.8409852139001454,1592335.9532584748,0.1020292457963448,0.7881292177805045,208.0,0.8403454726510154,111.0,0.5478826337212432,5.0,0.16260831227163414,0.0,0.20711492286122002,0.6790118160368429,12351.975769290771,0.31905246001718046,0.3149558541546124,0.7225435721972286,0.5680609671737329,0.14380603469715966
ZEYTİNBURNU,SEYİTNİZAM,ZEYTİNBURNU|SEYİTNİZAM,2023,0.8201170472886091,1312159.8874915813,0.0840769081493263,0.8824096511376874,395.0,0.9564888061413724,214.0,0.5874157778674542,6.0,0.42033638952773006,0.0,0.2804256272073243,0.6790118160368429,23456.877061874304,0.32299123959555465,0.31968052348320464,0.694231972374808,0.8770630192749421,0.2151163566857637
ZEYTİNBURNU,SÜMER,ZEYTİNBURNU|SÜMER,2023,0.8873004262033967,2446641.354301826,0.1567690358323789,0.8607819363618378,341.0,0.8911825006828653,148.0,0.5478826337212432,5.0,0.5625323369257385,0.0,0.21261632162780578,0.6790118160368429,20250.11412176997,0.2689377333226793,0.3149558541546124,0.6257531896541534,0.686820903599663,0.22719531883768032
ZEYTİNBURNU,TELSIZ,ZEYTİNBURNU|TELSIZ,2023,0.8700217248880817,2084395.9110678176,0.1335580863523422,0.8616421443620758,343.0,0.9950662790713787,266.0,0.29387256417882524,2.0,0.16260831227163414,0.0,0.2268815564857754,0.6790118160368429,20368.883119551607,0.4283007988340039,0.22792271997699354,0.7364837733428559,0.5680609671737329,0.21451389435237114
ZEYTİNBURNU,VELIEFENDI,ZEYTİNBURNU|VELIEFENDI,2023,0.8759973213431212,2203164.9088494596,0.141168233722846,0.8157304309273407,251.0,0.8450531283081522,114.0,0.516855003064888,4.0,0.257728077256096,0.0,0.19564379857499048,0.6790118160368429,14905.509221596074,0.27935593839320827,0.3247912375621304,0.7162307240641659,0.686820903599663,0.2545214401116044
ZEYTİNBURNU,YEŞILTEPE,ZEYTİNBURNU|YEŞILTEPE,2023,0.8272176776012415,1401474.1738233762,0.0897997389719452,0.7279595206245807,138.0,0.8481238239621675,116.0,0.26778542585901993,1.0,0.257728077256096,0.0,0.18363487439615925,0.6790118160368435,8195.060846933302,0.45515336018927977,0.310495933799134,0.7488349281159302,0.686820903599663,0.18260446950592457
ZEYTİNBURNU,ÇIRPICI,ZEYTİNBURNU|ÇIRPICI,2023,0.8380005946835013,1548866.500070394,0.0992439318587404,0.8253612176534267,268.0,0.9093481379635479,164.0,0.5916905724890071,6.0,0.16260831227163414,0.0,0.23123940551834668,0.6790118160368435,15915.045702740035,0.3561952192133117,0.3236022483455149,0.7582332150727796,0.5680609671737329,0.22153072847544214
ÇATALCA,AKALAN,ÇATALCA|AKALAN,2023,0.46841387004307067,48535.7555519215,0.0092232215862632,0.5771221877540679,49.0,0.28663435133040077,4.0,0.35013540613124733,2.0,0.0,0.0,0.3890724631481553,0.6606032286909302,2811.1726028890703,0.05854410140166646,0.2822418442077604,0.5685957309628885,0.6324124771567161,0.1508443589768977
ÇATALCA,ATATÜRK,ÇATALCA|ATATÜRK,2023,0.5219858381411578,79802.87940038157,0.0151648950667756,0.8085326495627443,239.0,0.6280304780454663,33.0,0.7145578306661786,6.0,0.456499245823252,0.27355936087800314,0.49178374659687807,0.6606032286909302,13711.637797765055,0.0964935799714833,0.44289978864938034,0.5680715308130446,0.5680609671737329,0.27249158042831045
ÇATALCA,AYDINLAR,ÇATALCA|AYDINLAR,2023,0.46359726771822335,46413.03338239303,0.0088198419187789,0.6408209984347509,76.0,0.4100810471869776,9.0,0.4142255364462955,2.0,0.0,0.0,0.4346122327608115,0.6606032286909302,4360.186077950396,0.08349686441455127,0.3469174285135751,0.561569170142099,0.686820903599663,0.3092703629340758
ÇATALCA,BAHŞAYİŞ,ÇATALCA|BAHŞAYİŞ,2023,0.6433840346337644,246121.02992641047,0.0467702371218315,0.601539747340635,58.0,0.7104218471683882,53.0,1.0,6.0,0.0,0.0,0.25537890261687407,0.6606032286909302,3327.510427909512,0.4842544160831477,0.7509086744450439,0.7560667827776881,0.5680609671737329,0.2217575255478907
ÇATALCA,BAŞAK,ÇATALCA|BAŞAK,2023,0.6421201323219021,243252.48645407468,0.0462251294630689,0.6135402834675385,63.0,0.12344669585657671,1.0,0.0,0.0,0.0,0.0,0.2637967568908195,0.6606032286909302,3614.3647751430904,0.011749132499250727,0.0,0.3120054576883534,0.5680609671737329,0.22715292819143187
ÇATALCA,BELGRAT,ÇATALCA|BELGRAT,2023,0.43033312631491133,34078.29645134914,0.0064758789860997,0.5771221877540679,49.0,0.0,0.0,0.0,0.0,0.0,0.18673331429495207,0.4223437669124581,0.6606032286909302,2811.1726028890703,0.0,0.0,0.46683791625172233,0.6324124771567161,0.20495334402483734
ÇATALCA,CELEPKÖY,ÇATALCA|CELEPKÖY,2023,0.31542948333351695,11703.657367130008,0.0022240392477514,0.5065998347714329,30.0,0.0,0.0,0.0,0.0,0.0,0.0,0.47702385001855685,0.6606032286909302,1721.126083401472,0.0,0.0,0.2713530215362416,0.5680609671737329,0.37322625594392667
ÇATALCA,DAĞYENİCE,ÇATALCA|DAĞYENİCE,2023,0.710704915570888,459540.66426819295,0.0873262469337694,0.5202272322918838,33.0,0.4822927351010046,14.0,0.0,0.0,0.0,0.0,0.15588245471672663,0.6606032286909302,1893.2386917416188,0.2638347415078395,0.0,0.5822180757617932,0.686820903599663,0.09928751241735255
ÇATALCA,ELBASAN,ÇATALCA|ELBASAN,2023,0.4437767650332276,38610.59513763968,0.0073371490869446,0.5404678626001169,38.0,0.5243926157728545,18.0,0.5069881369508231,1.0,0.0,0.0,0.38668405161131997,0.6606032286909302,2180.093038975198,0.28929421727494836,0.5878503451136441,0.647198547807123,0.6324124771567161,0.15226133721265164
ÇATALCA,FATİH,ÇATALCA|FATİH,2023,0.5250408557951043,82097.7141782502,0.0156009811937857,0.8424321965143038,301.0,0.7406801751394602,63.0,0.7145578306661786,6.0,0.0,0.1178156039716956,0.5109917846226047,0.6606032286909302,17268.631703461433,0.14178288411177395,0.44289978864938034,0.5530888994094214,0.6324124771567161,0.336372890107117
ÇATALCA,FERHATPAŞA,ÇATALCA|FERHATPAŞA,2023,0.823508482573585,1308170.565124012,0.2485908967020986,0.9523048080475287,635.0,1.0,270.0,0.6507787606250504,9.0,0.515456154512192,0.3307502157051291,0.32090957014010413,0.6606032286909302,36430.50209866449,0.2672142554904737,0.30692636234884035,0.5649270732104741,0.733951626354678,0.2384112798909523
ÇATALCA,GÖKÇEALİ,ÇATALCA|GÖKÇEALİ,2023,0.31699611976129305,11875.769975470155,0.0022567457072771,0.7268943517079348,136.0,0.6779511188716084,44.0,0.5656388706562241,4.0,0.16260831227163414,0.0,0.6200961344831262,0.6606032286909302,7859.809114200056,0.2077881922909896,0.37185732284362005,0.6594659715540561,0.5680609671737329,0.2518873811591122
ÇATALCA,GÜMÜŞPINAR,ÇATALCA|GÜMÜŞPINAR,2023,0.4977681265701829,63739.03595530117,0.012112292177705,0.6246376377966785,68.0,0.39131676754120764,8.0,0.39914121930167934,2.0,0.0,0.1178156039716956,0.39425343700996557,0.6606032286909302,3901.2191223766695,0.08298038499299767,0.3314593603922834,0.4081111240947552,0.6324124771567161,0.44701888964216574
ÇATALCA,HALLAÇLI,ÇATALCA|HALLAÇLI,2023,0.4987335306078187,64312.744649768334,0.0122213137094576,0.7247406601143968,135.0,0.28663435133040077,4.0,0.28760915770010975,1.0,0.257728077256096,0.18673331429495207,0.4580973144314004,0.6606032286909302,7745.067375306624,0.021784160597805295,0.3334814570390108,0.5594622608221533,0.489301084236452,0.16696993311969402
ÇATALCA,HİSARBEYLİ,ÇATALCA|HİSARBEYLİ,2023,0.6253743414035755,208256.25609157808,0.0395748160261651,0.43437910845795563,18.0,0.12344669585657671,1.0,0.0,0.0,0.0,0.0,0.17036451550862278,0.6606032286909302,1032.675650040883,0.04033709344130012,0.0,0.3470663356570271,0.686820903599663,0.29433279639673926
ÇATALCA,KABAKÇA,ÇATALCA|KABAKÇA,2023,0.5407779235716538,95006.15980376126,0.0180539656582175,0.7496354699125676,157.0,0.751477173902043,67.0,0.384739721505539,2.0,0.0,0.0,0.43726454954554805,0.6606032286909302,9179.339111474515,0.260952107804367,0.31683073927843214,0.5971718009374481,0.6324124771567161,0.1320547238706323
ÇATALCA,KALEİÇİ,ÇATALCA|KALEİÇİ,2023,0.7035397114508163,429994.6665031344,0.0817116380485145,0.8910901108524334,418.0,0.8982135164725039,154.0,0.746890778844991,13.0,0.257728077256096,0.37346662858990415,0.3857498671222431,0.6606032286909302,24038.394298173887,0.23352609603545774,0.3289450200935702,0.6663743907587684,0.733951626354678,0.22620695423626802
ÇATALCA,KALFA,ÇATALCA|KALFA,2023,0.2971279164707337,9867.789544835105,0.0018751703461433,0.585718323228703,52.0,0.44255177548375724,11.0,0.1639997775292734,1.0,0.0,0.0,0.5454806018391843,0.6606032286909302,2983.2852112292176,0.14316114885742856,0.1901569657999622,0.4734191230230328,0.812711509291959,0.13946514466661233
ÇATALCA,KARACAKÖY MERKEZ,ÇATALCA|KARACAKÖY MERKEZ,2023,0.5730938698793654,128223.89321340964,0.0243663123466884,0.698708879365525,113.0,0.45680705642095987,12.0,0.336973254832507,2.0,0.0,0.18673331429495207,0.37633538222223756,0.6606032286909302,6482.9082474788775,0.07529623518955308,0.2693097696746873,0.5400664403718303,0.6324124771567161,0.22508707562897212
ÇATALCA,KARAMANDERE,ÇATALCA|KARAMANDERE,2023,0.43494519055161296,35569.93905696375,0.0067593349686563,0.7099187195972226,122.0,0.19565838377060382,2.0,0.35250809485034423,2.0,0.0,0.18673331429495207,0.5046582964819332,0.6606032286909302,6999.246072499318,0.012131234681553806,0.28458670526329943,0.5247316486762383,0.733951626354678,0.3628169762650288
ÇATALCA,KESTANELİK,ÇATALCA|KESTANELİK,2023,0.5828177998349018,140329.14666666667,0.0266666666666666,0.8820366414470378,394.0,0.8419285580606907,112.0,1.0,26.0,0.0,0.0,0.48565983507333765,0.6606032286909302,22604.122562005996,0.18665221073472346,0.43890898671182904,0.5279500511134897,0.6324124771567161,0.382501835694729
ÇATALCA,KIZILCAALİ,ÇATALCA|KIZILCAALİ,2023,0.5643056208331091,118183.9910602344,0.0224584355410193,0.4491439461085149,20.0,0.0,0.0,0.0,0.0,0.0,0.0,0.22631863302487085,0.6606032286909302,1147.4173889343144,0.0,0.0,0.5120996080255676,0.5680609671737329,0.0
ÇATALCA,MURATBEY MERKEZ,ÇATALCA|MURATBEY MERKEZ,2023,0.541878619698525,95981.46458435542,0.0182393022621967,0.6112170031048277,62.0,0.5243926157728545,18.0,0.5064551241491347,3.0,0.0,0.37346662858990415,0.34735758470513306,0.6606032286909302,3556.9939056963754,0.19016350848406144,0.3663862607616354,0.8307918751060943,0.686820903599663,0.18789371116785034
ÇATALCA,NAKKAŞ,ÇATALCA|NAKKAŞ,2023,0.48664337176983813,57485.61118560916,0.0109239574816026,0.6224839462031403,67.0,0.6478393116294312,37.0,1.0,10.0,0.16260831227163414,0.18673331429495207,0.4025658036849842,0.6606032286909302,3843.848252929954,0.3280388778925799,0.6382445775183776,0.6254673064476085,0.7755238700769802,0.19159013510694145
ÇATALCA,OKLALI,ÇATALCA|OKLALI,2023,0.5231416360307967,80663.44244208232,0.0153284273644044,0.7290170538561206,139.0,0.8201620943739552,99.0,0.3634961964970426,2.0,0.0,0.0,0.43943355184052296,0.6606032286909302,7974.550853093487,0.4012256754823527,0.29549862898201096,0.5984063127792478,0.6324124771567161,0.3327768771780232
ÇATALCA,ORMANLI,ÇATALCA|ORMANLI,2023,0.5180411806686257,76934.33592804578,0.014619787408013,0.5615788509140314,44.0,0.28663435133040077,4.0,0.22889081835377245,1.0,0.0,0.0,0.33606140258218065,0.6606032286909302,2524.3182556554916,0.06491522888779279,0.26539782049310756,0.39395612842802885,0.6324124771567161,0.04158100863207306
ÇATALCA,OVAYENİCE,ÇATALCA|OVAYENİCE,2023,0.5057110553098898,68615.55985827201,0.0130389751976015,0.7362148352207168,146.0,0.5147634633977843,17.0,0.5422780630451713,6.0,0.16260831227163414,0.0,0.4593820123658866,0.6606032286909302,8376.146939220496,0.08217311224194485,0.2793854246161693,0.8106810511077787,0.733951626354678,0.6555781246711949
ÇATALCA,SUBAŞI,ÇATALCA|SUBAŞI,2023,0.5635179262366958,117323.42801853364,0.0222949032433905,0.7585252224505814,170.0,0.861322152622493,125.0,0.4013024721329584,3.0,0.3775648087257248,0.18673331429495207,0.42307037953856225,0.6606032286909302,9753.047805941673,0.4112080179769421,0.265562568866976,0.5968621657035889,0.686820903599663,0.28247324122150347
ÇATALCA,YALIKÖY,ÇATALCA|YALIKÖY,2023,0.5427128123976429,96727.28588716272,0.018381030253475,0.6501023765121663,81.0,0.44255177548375724,11.0,0.5402630591232697,4.0,0.16260831227163414,0.27355936087800314,0.37155896278882344,0.6606032286909302,4647.040425183974,0.09500214840872595,0.34713490870877356,0.6696528073089653,0.3877619350384901,0.03338961810938452
ÇATALCA,YAYLACIK,ÇATALCA|YAYLACIK,2023,0.3927735050198902,24038.394298173887,0.0045680021804306,0.287070889112202,6.0,0.0,0.0,0.0,0.0,0.0,0.0,0.2604981496466471,0.6606032286909302,344.22521668029435,0.0,0.0,0.39516853893755344,0.489301084236452,0.13081250534034203
ÇATALCA,YAZLIK,ÇATALCA|YAZLIK,2023,0.42570430794829645,32644.024715181247,0.0062033251567184,0.501762507828975,29.0,0.19565838377060382,2.0,0.0,0.0,0.0,0.0,0.37708648779152426,0.6606032286909302,1663.755213954756,0.04975539969834966,0.0,0.4315333952841951,0.686820903599663,0.22953690069735727
ÇATALCA,ÇAKIL,ÇATALCA|ÇAKIL,2023,0.5910450480528984,151459.0953393295,0.0287816843826655,0.7652704089002583,178.0,0.5934520809378621,27.0,0.5357028465591556,4.0,0.0,0.37346662858990415,0.40334735820022605,0.6606032286909302,10212.0147615154,0.10536261200253473,0.3427461555672505,0.7571196473087085,0.686820903599663,0.2406180314752336
ÇATALCA,ÇANAKÇA,ÇATALCA|ÇANAKÇA,2023,0.5617108918540491,115372.81845734532,0.0219242300354319,0.7867106947929912,206.0,0.7321299283153692,60.0,0.18363629525557926,1.0,0.0,0.0,0.44279048709654123,0.6606032286909302,11818.399106023438,0.1907065543612262,0.21292541515987054,0.5087533067358342,0.686820903599663,0.2576922115403711
ÇATALCA,ÇİFTLİKKÖY,ÇATALCA|ÇİFTLİKKÖY,2023,0.5573914510598406,110840.51977105478,0.021062959934587,0.634958296354408,73.0,0.39131676754120764,8.0,0.0,0.0,0.0,0.0,0.34915998523477143,0.6606032286909302,4188.073469610248,0.07758199317077924,0.0,0.3448337376326547,0.686820903599663,0.20883887991453579
ÇATALCA,ÖRCÜNLÜ,ÇATALCA|ÖRCÜNLÜ,2023,0.4032844264086665,26505.341684382667,0.0050367947669664,0.634958296354408,73.0,0.6280304780454663,33.0,0.34104492674773024,2.0,0.0,0.1178156039716956,0.48383414099052685,0.6606032286909302,4188.073469610248,0.2782631465022351,0.27329638068068945,0.6098242084599753,0.6324124771567161,0.22343222417890507
ÇATALCA,ÖRENCİK,ÇATALCA|ÖRENCİK,2023,0.49003002610653595,59321.479007904054,0.0112728263832106,0.536635822369212,37.0,0.39131676754120764,8.0,0.0,0.0,0.0,0.0,0.3441030630889158,0.6606032286909302,2122.7221695284816,0.14603612156602366,0.0,0.2698188690100481,0.686820903599663,0.1791998488374403
ÇATALCA,İHSANİYE,ÇATALCA|İHSANİYE,2023,0.5513097860841406,104759.20760970292,0.0199073316980103,0.657128716539563,85.0,0.5802537522775366,25.0,0.5464742616750854,6.0,0.0,0.0,0.36860829423023656,0.6606032286909302,4876.523902970837,0.19235456584345648,0.2830420092170516,0.544889450891453,0.7755238700769802,0.17066398555252502
ÇATALCA,İNCEĞİZ,ÇATALCA|İNCEĞİZ,2023,0.49737953187663514,63509.55247751431,0.012068683565004,0.7449812904226298,155.0,0.6478393116294312,37.0,0.653329713271794,5.0,0.16260831227163414,0.0,0.47237335035087835,0.6606032286909302,8892.484764240939,0.15970807599211936,0.41673235454823876,0.6378163089355587,0.733951626354678,0.13897802067819767
ÇATALCA,İZZETTİN,ÇATALCA|İZZETTİN,2023,0.5173964259181439,76475.36897247206,0.014532570182611,0.7025409195964298,116.0,0.6613720928498814,40.0,0.3191494589384254,2.0,0.0,0.0,0.42738719305532186,0.6606032286909302,6655.020855819024,0.22103044374133873,0.2520100352929048,0.7332382766599853,0.733951626354678,0.22953690069735727
ÇEKMEKÖY,ALEMDAĞ,ÇEKMEKÖY|ALEMDAĞ,2023,0.8456213652313522,1553950.691606823,0.0985866383970866,0.7401754826030473,150.0,0.5584187769777513,22.0,0.31015117352084015,2.0,0.3775648087257248,0.18673331429495207,0.17656604826796396,0.6430569475795289,8327.115023614726,0.10210440839870816,0.24337344458989185,0.5524046624519198,0.686820903599663,0.2836881482259928
ÇEKMEKÖY,AYDINLAR,ÇEKMEKÖY|AYDINLAR,2023,0.6859874149001297,353569.3039026813,0.022431348240606,0.7881292177805045,208.0,0.7261928473473762,58.0,0.4472820375893881,1.0,0.257728077256096,0.18673331429495207,0.33562808273517997,0.6430569475795289,11546.932832745752,0.18349824229872871,0.5186214055055098,0.6585720959334578,0.686820903599663,0.32739796255381853
ÇEKMEKÖY,CUMHURİYET,ÇEKMEKÖY|CUMHURİYET,2023,0.7931635773604044,955342.1496092388,0.060609369111727,0.7627769649675746,175.0,0.7002421659594933,50.0,0.4472820375893881,1.0,0.3252166245432683,0.0,0.23033621564439605,0.6430569475795289,9714.967527550514,0.1874942587864592,0.5186214055055098,0.5827667466961715,0.686820903599663,0.3264461784620395
ÇEKMEKÖY,EKŞİOĞLU,ÇEKMEKÖY|EKŞİOĞLU,2023,0.7279126598280413,521610.4850792264,0.0330923140318314,0.7550333374408353,166.0,0.5997017023825433,28.0,0.48709116875010894,2.0,0.3775648087257248,0.27355936087800314,0.2793606291725425,0.6430569475795289,9215.34062613363,0.1162877906467563,0.4233066196724143,0.646768634017293,0.733951626354678,0.11082547697005408
ÇEKMEKÖY,GÜNGÖREN,ÇEKMEKÖY|GÜNGÖREN,2023,0.7407093694354322,587339.1796656253,0.0372623118834372,0.7602406517100001,172.0,0.7759121360481404,77.0,0.4929375872014644,2.0,0.0,0.0,0.2718640308526958,0.6430569475795289,9548.42522707822,0.2760091418101517,0.4295445232184338,0.6062279888230826,0.686820903599663,0.4186510456079186
ÇEKMEKÖY,HAMİDİYE,ÇEKMEKÖY|HAMİDİYE,2023,0.8517499340620619,1644827.273564538,0.1043520830618491,0.7602406517100001,172.0,0.7136897541929441,54.0,0.3221170913526985,1.0,0.42033638952773006,0.0,0.18304292246033632,0.6430569475795289,9548.425227078218,0.20370310899883945,0.3734932427759237,0.6481986578892694,0.6324124771567161,0.14361558799505256
ÇEKMEKÖY,HÜSEYİNLİ,ÇEKMEKÖY|HÜSEYİNLİ,2023,0.722307137890891,495185.773404289,0.0314158621928412,0.6202983469088056,66.0,0.49378678342630683,15.0,0.5492991365877566,2.0,0.0,0.27355936087800314,0.2031303800766534,0.6430569475795289,3663.930610390479,0.15278779203139697,0.4903662190717724,0.45985406234369786,0.686820903599663,0.25012739707384474
ÇEKMEKÖY,KOÇULLU,ÇEKMEKÖY|KOÇULLU,2023,0.5364626237446742,88322.93335047353,0.0056034346130953,0.5478456626009098,40.0,0.12344669585657671,1.0,0.5492991365877566,2.0,0.0,0.0,0.31150439585954715,0.6430569475795289,2220.56400629726,0.01842203460741233,0.4903662190717724,0.44391155254736947,0.5680609671737329,0.20668885366194034
ÇEKMEKÖY,KİRAZLIDERE,ÇEKMEKÖY|KİRAZLIDERE,2023,0.7401166438316406,584119.3618564943,0.0370580383400309,0.6793789016653243,99.0,0.6430898052058168,36.0,0.4472820375893881,1.0,0.3252166245432683,0.0,0.22360756556537295,0.6430569475795289,5495.895915585719,0.23139247829534176,0.5186214055055098,0.6543555167190305,0.686820903599663,0.3534670409818181
ÇEKMEKÖY,MEHMET AKİF,ÇEKMEKÖY|MEHMET AKİF,2023,0.8604412255045278,1782890.8406560705,0.1131111917248083,0.8264540023098583,270.0,0.7848187887064582,81.0,0.3221170913526985,1.0,0.3775648087257248,0.0,0.21394794310424894,0.6430569475795289,14988.807042506509,0.1957380387384794,0.3734932427759237,0.6550837069624741,0.6324124771567161,0.08322311955048847
ÇEKMEKÖY,SARIYER MERKEZ,ÇEKMEKÖY|SARIYER MERKEZ,2023,0.784368098503384,880509.1425970211,0.0558617702063514,0.8893233202256271,414.0,0.9637921685075922,223.0,0.5876680317245387,5.0,0.7355687751306029,0.4359695403536438,0.31494801597754923,0.6430569475795289,22982.837465176643,0.3214776285234875,0.35229145491631375,0.7249697428943421,0.846351820920547,0.24808679254382082
ÇEKMEKÖY,MİMAR SİNAN,ÇEKMEKÖY|MİMAR SİNAN,2023,0.838975998691001,1461075.60204344,0.0926944032571064,0.7895342308200648,210.0,0.7231483982391199,57.0,0.3221170913526985,1.0,0.4878249368149024,0.0,0.20950327357931797,0.6430569475795289,11657.961033060616,0.17915836765528154,0.3734932427759237,0.7316143785602528,0.733951626354678,0.1971593586476653
ÇEKMEKÖY,NİŞANTEPE,ÇEKMEKÖY|NİŞANTEPE,2023,0.7584834752971508,692593.9135641155,0.0439399435782385,0.7725074309231674,187.0,0.7037004481341133,51.0,0.24229100142300364,1.0,0.5625323369257385,0.5174835300000811,0.2645777406987264,0.6430569475795289,10381.136729439691,0.17992003642448953,0.28093526933601337,0.6303258841440121,0.6324124771567161,0.269389021842424
ÇEKMEKÖY,REŞADİYE,ÇEKMEKÖY|REŞADİYE,2023,0.5967313025033651,154495.74073813186,0.0098016081258606,0.632951119078263,72.0,0.5335277430435542,19.0,0.0,0.0,0.0,0.0,0.31413310522956167,0.6430569475795289,3997.015211335068,0.17472102935956918,0.0,0.5899458046608794,0.6324124771567161,0.3036635295385118
ÇEKMEKÖY,SIRAPINAR,ÇEKMEKÖY|SIRAPINAR,2023,0.5311166381168153,84048.3476383513,0.0053322438744351,0.634958296354408,73.0,0.3703400875697301,7.0,0.5492991365877566,2.0,0.0,0.2356312079433912,0.3718968983162533,0.6430569475795289,4052.5293114925,0.0683141162911198,0.4903662190717724,0.4719658644066429,0.489301084236452,0.20883887991453579
ÇEKMEKÖY,SOĞUKPINAR,ÇEKMEKÖY|SOĞUKPINAR,2023,0.7292356642230072,528050.1206974884,0.0335008611186441,0.7192147236850656,130.0,0.5243926157728545,18.0,0.4472820375893881,1.0,0.0,0.1178156039716956,0.2563412615700211,0.6430569475795289,7216.833020466095,0.09674672293425989,0.5186214055055098,0.644607290125076,0.733951626354678,0.35339939571536283
ÇEKMEKÖY,SULTANÇİFTLİĞİ,ÇEKMEKÖY|SULTANÇİFTLİĞİ,2023,0.8074445907506896,1090630.0116928993,0.0691923798924394,0.7440325716928387,154.0,0.9228545911573516,177.0,0.5826832806609172,4.0,0.456499245823252,0.0,0.2080002651060966,0.6430569475795289,8549.17142424445,0.5708553640628639,0.388734218292415,0.6355478789562954,0.7755238700769802,0.2929172986275231
ÇEKMEKÖY,TAŞDELEN,ÇEKMEKÖY|TAŞDELEN,2023,0.651769647473061,257418.8824300099,0.0163313175995745,0.6748853993427565,96.0,0.7826335350824153,80.0,0.3548151113477365,1.0,0.3775648087257248,0.18673331429495207,0.2937440664712413,0.6430569475795289,5329.353615113425,0.452210340614915,0.41140644219360634,0.5772220321554272,0.686820903599663,0.34884346514539827
ÇEKMEKÖY,ÇAMLIK,ÇEKMEKÖY|ÇAMLIK,2023,0.8197846908666979,1222864.5982679012,0.0775816830026802,0.7290170538561206,139.0,0.6779511188716084,44.0,0.3678240793465196,2.0,0.257728077256096,0.0,0.18987603804240158,0.6430569475795289,7716.45992188298,0.20517410259568294,0.2998198055209551,0.6437916779112673,0.686820903599663,0.17219284073764815
ÇEKMEKÖY,ÇATALMEŞE,ÇEKMEKÖY|ÇATALMEŞE,2023,0.7258621302765489,511784.48935136106,0.0324689275286775,0.8646139765927425,350.0,0.5869751513118114,26.0,0.31015117352084015,2.0,0.257728077256096,0.3307502157051291,0.3496029093404999,0.6430569475795289,19429.93505510103,0.0534592725914079,0.24337344458989185,0.5905829710064348,0.6324124771567161,0.23498999465716394
ÇEKMEKÖY,ÖMERLİ,ÇEKMEKÖY|ÖMERLİ,2023,0.6723831910178308,311656.1582838205,0.0197722702186783,0.7541472972154779,165.0,0.6698544548109717,42.0,0.6241981943324032,5.0,0.257728077256096,0.4602926751729552,0.3258810560548673,0.6430569475795289,9159.8265259762,0.16918525417617822,0.3877446139393223,0.5071753834906442,0.846351820920547,0.23577570382188573
ÜMRANİYE,ADEM YAVUZ,ÜMRANİYE|ADEM YAVUZ,2023,0.790351464890877,968928.5259976016,0.0252894195017836,0.8429198837487056,302.0,0.6967153985173783,49.0,1.0,10.0,0.16260831227163414,0.0,0.2811113859060797,0.6644984855763203,17452.965218375026,0.11217616151445478,0.6382445775183776,0.8490389689686946,0.6324124771567161,0.3256120987672074
ÜMRANİYE,ALTINŞEHİR,ÜMRANİYE|ALTINŞEHİR,2023,0.8470411473284755,1639133.948638314,0.0427820473177317,0.8564040111267343,331.0,0.7104218471683882,53.0,1.0,6.0,0.16260831227163414,0.0,0.24237219843976318,0.6644984855763203,19128.912209543487,0.1108071299704916,0.7509086744450439,0.8401048489762808,0.6324124771567161,0.23872371743291945
ÜMRANİYE,ARMAĞANEVLER,ÜMRANİYE|ARMAĞANEVLER,2023,0.8888594747436768,2415675.318304888,0.0630500856002956,0.9358825727540728,568.0,0.8371364500495209,109.0,0.6593986007864422,5.0,0.16260831227163414,0.18673331429495207,0.2558294789784813,0.6644984855763203,32825.44451667886,0.1309697577524101,0.42284464251028225,0.694169703692508,0.686820903599663,0.27579119710807276
ÜMRANİYE,ATAKENT,ÜMRANİYE|ATAKENT,2023,0.8090084300571622,1151953.4956883094,0.0300664439299208,0.8079166768346293,237.0,0.7540771607483552,68.0,0.575205691376071,4.0,0.540173120997359,0.0,0.2443838796801083,0.6644984855763203,13754.323582692905,0.1874942587864592,0.38130434760957743,0.7609621599617016,0.5680609671737329,0.22896925768083226
ÜMRANİYE,ATATÜRK,ÜMRANİYE|ATATÜRK,2023,0.829496251247015,1393000.9060387802,0.036357877112668,0.8586092129352012,336.0,0.8526328226707347,119.0,0.7225845154819608,7.0,0.3775648087257248,0.0,0.2580993259768499,0.6644984855763203,19417.868587331155,0.2261934712304214,0.42074631058430884,0.8516442579063231,0.733951626354678,0.16901418967314316
ÜMRANİYE,AŞAĞI DUDULLU,ÜMRANİYE|AŞAĞI DUDULLU,2023,0.5304024970248745,86918.07843852995,0.0022685963814077,0.8797785577586018,385.0,0.8481238239621675,116.0,1.0,17.0,0.257728077256096,0.8971316393536493,0.5303936306149982,0.6644984855763203,22423.014916322885,0.1951461668354505,0.5251453539998778,0.7848708659957424,0.846351820920547,0.18043742753549016
ÜMRANİYE,CEMİL MERİÇ,ÜMRANİYE|CEMİL MERİÇ,2023,0.8182564206892069,1255110.922558506,0.032758893757589,1.0,872.75,0.8072375489127069,92.0,1.0,16.0,0.0,0.0,0.3554250411077613,0.6644984855763203,50726.29212062476,0.07436409432291757,0.5378021930849753,0.7539801876657961,0.7755238700769802,0.24623647027160875
ÜMRANİYE,DUMLUPINAR,ÜMRANİYE|DUMLUPINAR,2023,0.7545044605356853,694882.2973037792,0.0181367040492333,0.9414790293152352,590.0,0.7461604824897238,65.0,0.7558722900848998,9.0,0.257728077256096,0.0,0.373534902332765,0.6644984855763203,34096.852578944585,0.07797216863840283,0.4051175052192066,0.9539345763711394,0.6324124771567161,0.36272868166819394
ÜMRANİYE,ELMALIKENT,ÜMRANİYE|ELMALIKENT,2023,0.819431663971349,1268865.246141199,0.0331178870679447,0.9083098890744042,471.0,0.7378754567659163,62.0,0.7263565122430103,8.0,0.42033638952773006,0.0,0.29698242104002387,0.6644984855763203,27219.690787598134,0.09225958327993684,0.39876373224158435,0.875124582022075,0.733951626354678,0.20265031393890398
ÜMRANİYE,ESENEVLER,ÜMRANİYE|ESENEVLER,2023,0.8382772375331841,1511184.0645539358,0.039442504506271,0.8097569325563543,241.0,0.8219342078600275,100.0,0.668520665729115,5.0,0.3775648087257248,0.0,0.22182631476896564,0.6644984855763203,13927.697409365504,0.2589447299706908,0.43207701216597,0.8405716490280825,0.686820903599663,0.11847287775431062
ÜMRANİYE,ESENKENT,ÜMRANİYE|ESENKENT,2023,0.8168622104802393,1238987.1566779544,0.0323380570618358,0.8559589873984427,330.0,0.7933011506675484,85.0,1.0,5.0,0.257728077256096,0.30454891826664765,0.2669580189958038,0.6644984855763203,19071.120933985956,0.17098514526543868,0.7917411792061718,0.7974444587364595,0.7755238700769802,0.3076978128320546
ÜMRANİYE,ESENŞEHİR,ÜMRANİYE|ESENŞEHİR,2023,0.8132463223414391,1198128.7248587783,0.0312716357575437,0.9228811142290756,520.0,0.751477173902043,67.0,1.0,11.0,0.257728077256096,0.2356312079433912,0.3112871821000471,0.6644984855763203,30051.46328991726,0.09041882668910682,0.6175824918424769,0.7811981648730046,0.7755238700769802,0.1972982352444503
ÜMRANİYE,FATİH SULTAN MEHMET,ÜMRANİYE|FATİH SULTAN MEHMET,2023,0.6522568018190625,269191.76154698967,0.0070260119312482,0.5771221877540679,49.0,0.45680705642095987,12.0,0.4754998351640898,2.0,0.257728077256096,0.0,0.2332850204880585,0.6644984855763203,2831.772502319127,0.16342589752764372,0.41098293237771455,0.8637418590087996,0.812711509291959,0.1508443589768977
ÜMRANİYE,FİNANSKENT,ÜMRANİYE|FİNANSKENT,2023,0.7120825461907608,468860.61859826685,0.012237448432421,0.47486547384281136,24.0,0.19565838377060382,2.0,0.3537125821204456,2.0,0.3775648087257248,0.0,0.13132001577848104,0.6644984855763203,1386.9906133807967,0.059716221822872374,0.285778630287373,0.8670489326515582,0.846351820920547,0.3084966093072048
ÜMRANİYE,HEKİMBAŞI,ÜMRANİYE|HEKİMBAŞI,2023,0.7015066741925433,425054.8317256567,0.0110940999901955,0.8962669667227996,434.0,0.5869751513118114,26.0,0.7273413431943215,9.0,0.0,0.1178156039716956,0.390818729624898,0.6644984855763203,25081.41359196941,0.043406909320143024,0.37749944642379063,0.9398556538641397,0.6324124771567161,0.26277553491665234
ÜMRANİYE,HUZUR,ÜMRANİYE|HUZUR,2023,0.5066974938047293,69754.06959794258,0.0018206089310898,0.8139636403005343,248.0,0.6331930405551094,34.0,1.0,10.0,0.0,0.0,0.5087645719163475,0.6644984855763203,14332.236338268234,0.09585183166061154,0.6382445775183776,0.7819088872580242,0.5680609671737329,0.228704393320853
ÜMRANİYE,IHLAMURKUYU,ÜMRANİYE|IHLAMURKUYU,2023,0.7846532504829365,919054.6551914504,0.0239876916579306,0.8646139765927425,350.0,0.7973954904322735,87.0,1.0,12.0,0.0,0.0,0.2993191452320258,0.6644984855763203,20226.946445136626,0.16562412810859578,0.5988394212823303,0.8668444478644798,0.5680609671737329,0.22000719024650595
ÜMRANİYE,KAZIM KARABEKİR,ÜMRANİYE|KAZIM KARABEKİR,2023,0.535919373675005,91483.58920757506,0.0023877580264418,0.930065411268992,546.0,0.6430898052058168,36.0,0.6749601426382267,5.0,0.257728077256096,0.0,0.5580214018471205,0.6644984855763203,31554.03645441313,0.047636677664833024,0.43862608514186163,0.9496153279239481,0.5680609671737329,0.24905000826911008
ÜMRANİYE,MADENLER,ÜMRANİYE|MADENLER,2023,0.7825582393355506,901370.5248708454,0.0235261288303304,0.7279595206245807,138.0,0.685695640581381,46.0,0.6280827904737004,4.0,0.4878249368149024,0.2356312079433912,0.21831928515696106,0.6644984855763203,7975.196026939582,0.21462650317955173,0.434646845619875,0.7618005051674774,0.686820903599663,0.2143757141589688
ÜMRANİYE,MEHMET AKİF,ÜMRANİYE|MEHMET AKİF,2023,0.590019408679826,151124.1855829493,0.0039444012881524,0.7983544586684842,223.0,0.7261928473473762,58.0,0.7254160459797943,11.0,0.456499245823252,0.0,0.42547645778753035,0.6644984855763203,12887.454449329904,0.17247504004215827,0.33906265766189553,0.8321490141217739,0.733951626354678,0.2555890963090438
ÜMRANİYE,NAMIK KEMAL,ÜMRANİYE|NAMIK KEMAL,2023,0.8452663782649668,1612376.5880551762,0.0420836695753169,0.849117332348145,315.0,0.8481238239621675,116.0,0.5553137377020492,3.0,0.16260831227163414,0.1178156039716956,0.23946713012178492,0.6644984855763203,18204.25180062296,0.2339145326545283,0.41600583001311814,0.8416817987154318,0.6324124771567161,0.17875232505964853
ÜMRANİYE,NECİP FAZIL,ÜMRANİYE|NECİP FAZIL,2023,0.8469041947669391,1637053.462718243,0.0427277458086022,0.8486497400262334,314.0,0.7759121360481404,77.0,0.7225224810892461,8.0,0.3775648087257248,0.18673331429495207,0.2378577252917716,0.6644984855763203,18146.460525065428,0.16362062372994424,0.39502317330992615,0.7897855461225393,0.733951626354678,0.2511575574419097
ÜMRANİYE,PARSELLER,ÜMRANİYE|PARSELLER,2023,0.7840958223562957,914315.7705957328,0.0238640048871358,0.8016112190514669,228.0,0.6524654401915636,38.0,1.0,10.0,0.16260831227163414,0.0,0.2610660295851134,0.6644984855763203,13176.410827117568,0.11500480753669673,0.6382445775183776,0.8509558448684348,0.6324124771567161,0.24847878809392004
ÜMRANİYE,SİTE,ÜMRANİYE|SİTE,2023,0.8169929012005607,1240489.7298424502,0.0323772748184293,0.7996658028945162,225.0,0.9996753035820285,270.0,0.7070121154357433,6.0,0.515456154512192,0.0,0.23297498734692015,0.6644984855763203,13003.03700044497,0.5927400533884116,0.4352526553895803,0.8356497154763505,0.5680609671737329,0.19085208788740773
ÜMRANİYE,TANTAVİ,ÜMRANİYE|TANTAVİ,2023,0.7523304785836339,681012.3911699713,0.0177746939883704,0.7362148352207168,146.0,0.7350258609986798,61.0,0.6260703386166475,5.0,0.16260831227163414,0.0,0.24764457216340974,0.6644984855763203,8437.526231399848,0.26045670472310944,0.3895892844478109,0.9234856456937586,0.6324124771567161,0.34131038297793476
ÜMRANİYE,TATLISU,ÜMRANİYE|TATLISU,2023,0.8243094271343878,1327581.1821076528,0.0346503963255978,0.8992880672619772,443.0,0.7434414077513606,64.0,0.7311837052547258,12.0,0.0,0.18673331429495207,0.28729134111868815,0.6644984855763203,25601.53507198721,0.10067351379908382,0.32888453490259856,0.7794836855149058,0.6324124771567161,0.46592031399567513
ÜMRANİYE,TEPEÜSTÜ,ÜMRANİYE|TEPEÜSTÜ,2023,0.7665810313052553,777234.8649732642,0.020286138785607,0.7983544586684842,223.0,0.7136897541929441,54.0,1.0,5.0,0.257728077256096,0.0,0.2736398645160389,0.6644984855763203,12887.454449329904,0.1617787350364166,0.7917411792061718,0.8431432990376576,0.686820903599663,0.16503678042854159
ÜMRANİYE,TOPAĞACI,ÜMRANİYE|TOPAĞACI,2023,0.7695620299692483,799022.175858454,0.0208547962562126,0.9803187335106629,768.0,0.6172334792828835,31.0,0.7263565122430103,8.0,0.257728077256096,0.0,0.38515013505528434,0.6644984855763203,44383.699628185495,0.029522281032401624,0.39876373224158435,0.9386865071992637,0.6324124771567161,0.28761227122667216
ÜMRANİYE,YAMANEVLER,ÜMRANİYE|YAMANEVLER,2023,0.7973423189680975,1033828.1284487116,0.0269833249115715,0.655403255302033,84.0,0.6478393116294312,37.0,0.7250502761563918,7.0,0.42033638952773006,0.27355936087800314,0.16605487210656789,0.6644984855763203,4854.467146832789,0.2722903041904253,0.4232066572480535,0.8684045955363657,0.7755238700769802,0.14736512566021573
ÜMRANİYE,YUKARI DUDULLU,ÜMRANİYE|YUKARI DUDULLU,2023,0.8173289529630848,1244361.745304805,0.0324783359604202,0.9079970040068391,470.0,0.7781809047667624,78.0,1.0,12.0,0.257728077256096,0.18673331429495207,0.2985676015356936,0.6644984855763203,27161.899512040607,0.11455114106200685,0.5988394212823303,0.8319259286445879,0.7755238700769802,0.21695809520302883
ÜMRANİYE,ÇAKMAK,ÜMRANİYE|ÇAKMAK,2023,0.8782978253417177,2190289.3436305085,0.0571674221112728,0.9783877471192274,758.0,0.92185123111798,176.0,1.0,10.0,0.42033638952773006,0.0,0.29060089044712045,0.6644984855763203,43805.786872610166,0.15577099533141625,0.6382445775183776,0.7193311703356111,0.7755238700769802,0.22931650922952232
ÜMRANİYE,ÇAMLIK,ÜMRANİYE|ÇAMLIK,2023,0.8294649318527592,1392596.3671098775,0.0363473184858929,0.852349626838583,322.0,0.7434414077513606,64.0,1.0,7.0,0.16260831227163414,0.0,0.25434016980679475,0.6644984855763203,18608.79072952569,0.13524910375006355,0.7166123773652383,0.8384414757136394,0.733951626354678,0.17077441553604303
ÜMRANİYE,İNKILAP,ÜMRANİYE|İNKILAP,2023,0.8695136279337767,2018938.2116024224,0.0526950894843619,1.0,872.75,0.7540771607483552,68.0,0.7017172120542302,6.0,0.3775648087257248,0.0,0.31144527047087894,0.6644984855763203,50726.29212062477,0.055667936750969885,0.42990848479873844,0.7913007173553203,0.7755238700769802,0.29338485046366336
ÜMRANİYE,İSTİKLAL,ÜMRANİYE|İSTİKLAL,2023,0.9038787479174517,2776697.4167127977,0.0724729058095072,0.9292540879369094,543.0,0.9146648293758671,169.0,0.5973199008114345,5.0,0.3775648087257248,0.0,0.2395533859130557,0.6644984855763203,31380.66262774053,0.20215733557803853,0.36155544542615037,0.6688918893591256,0.686820903599663,0.2504972205267732
ÜMRANİYE,ŞERİFALİ,ÜMRANİYE|ŞERİFALİ,2023,0.7291222492874745,549132.7003476805,0.0143325816596652,0.8586092129352012,336.0,0.7136897541929441,54.0,0.6886684576698607,8.0,0.257728077256096,0.0,0.3430006499563603,0.6644984855763203,19417.868587331155,0.11118866369372461,0.36250722825449605,0.8142789168143048,0.7755238700769802,0.2324277618719859
ÜSKÜDAR,ACIBADEM,ÜSKÜDAR|ACIBADEM,2023,0.8299248590829754,1581468.095493423,0.0523216092570331,0.9076834539333167,455.0,0.7933011506675484,85.0,0.6761747629555098,9.0,0.42033638952773006,0.0,0.28774116780794884,0.730147044881009,30649.113090347742,0.12426426778406457,0.3297164815317195,0.9323987703575288,0.686820903599663,0.3483327685328172
ÜSKÜDAR,AHMEDİYE,ÜSKÜDAR|AHMEDİYE,2023,0.7188433498013923,564492.6202013302,0.0186757876348038,0.9358825727540728,568.0,0.7136897541929441,54.0,0.5743739119505772,5.0,0.3252166245432683,0.0,0.4009913014097279,0.730147044881009,37118.75529918448,0.06775567994825289,0.33965987345267823,0.8447501359039585,0.6324124771567161,0.2601796096908719
ÜSKÜDAR,ALTUNİZADE,ÜSKÜDAR|ALTUNİZADE,2023,0.757798531651572,810142.9743732217,0.0268029334693983,0.8671144644891422,356.0,0.8947327033425846,151.0,1.0,12.0,0.6907483236133009,0.0,0.32373976336449684,0.730147044881009,23264.571983291677,0.26379015169252945,0.5988394212823303,0.8695982955417283,0.8770630192749421,0.2789740067855969
ÜSKÜDAR,AZİZ MAHMUT HÜDAYİ,ÜSKÜDAR|AZİZ MAHMUT HÜDAYİ,2023,0.718468227980284,562532.1225622887,0.0186109261357248,0.9083098890744042,471.0,0.6478393116294312,37.0,0.4947092340804106,4.0,0.42033638952773006,0.0,0.383737065188075,0.730147044881009,30779.812932950503,0.05641914282460961,0.30409261589164216,0.8384614416604828,0.489301084236452,0.3129372687745286
ÜSKÜDAR,BAHÇELİEVLER,ÜSKÜDAR|BAHÇELİEVLER,2023,0.8240132998694989,1497101.34709334,0.0495304027466682,0.9831686338694298,783.0,0.8655128385815755,128.0,0.8246746352476649,23.0,0.5625323369257385,0.0,0.33984552330055895,0.730147044881009,51168.98837898141,0.11296026119096368,0.298905841485459,0.9371513901312342,0.812711509291959,0.3805683800718473
ÜSKÜDAR,BARBAROS,ÜSKÜDAR|BARBAROS,2023,0.7918396594588315,1110883.3122021777,0.0367526874281118,0.8739773416144327,373.0,0.8033657456456684,90.0,0.569874171891482,6.0,0.4878249368149024,0.1178156039716956,0.29904512201273187,0.730147044881009,24375.520645415156,0.16125866023572685,0.3037741021260792,0.8204655366699091,0.6324124771567161,0.2968412894675347
ÜSKÜDAR,BEYLERBEYİ,ÜSKÜDAR|BEYLERBEYİ,2023,0.6633959175326128,337532.3435216335,0.0111669880914287,0.8203409703477226,257.0,0.6430898052058168,36.0,1.0,12.0,0.3252166245432683,0.0,0.3755657190368252,0.730147044881009,16925.629617057708,0.09709697413141546,0.5988394212823303,0.8660807193361958,0.6324124771567161,0.3140673763601972
ÜSKÜDAR,BULGURLU,ÜSKÜDAR|BULGURLU,2023,0.8380749863924825,1705632.9459660472,0.056429504198701,0.8559589873984427,330.0,0.8481238239621675,116.0,0.6909382461221604,12.0,0.42033638952773006,0.0,0.24943827096401622,0.730147044881009,21565.474029455767,0.22473123319758878,0.29344907409859616,0.8859925258323176,0.6324124771567161,0.31091197358232636
ÜSKÜDAR,BURHANİYE,ÜSKÜDAR|BURHANİYE,2023,0.7873384647768982,1065465.1168977178,0.0352500626994491,0.9473514565186283,614.0,0.8641268709960369,127.0,0.7567327472488039,14.0,0.3775648087257248,0.0,0.348851343152379,0.730147044881009,40124.851679048006,0.14026249537560284,0.3247661648222919,0.839576858955689,0.686820903599663,0.32157052689373056
ÜSKÜDAR,CUMHURİYET,ÜSKÜDAR|CUMHURİYET,2023,0.8777158423476685,2463430.6333768624,0.0815006356426909,1.0,872.75,0.8288514243257132,104.0,0.7842349586359152,19.0,0.42033638952773006,0.0,0.3044731700778655,0.730147044881009,57360.89342228728,0.0835393613240577,0.29648145668040954,0.8730631769041626,0.733951626354678,0.4271342113411003
ÜSKÜDAR,FERAH,ÜSKÜDAR|FERAH,2023,0.8167968056754752,1400187.413803392,0.046324082642198,0.9559702203013157,651.0,0.8183721704037509,98.0,0.829663206220303,21.0,0.42033638952773006,0.0,0.32894947276566766,0.730147044881009,42542.79876719911,0.10461873036350598,0.31876813227470585,0.8911844403005162,0.686820903599663,0.38622157474074176
ÜSKÜDAR,GÜZELTEPE,ÜSKÜDAR|GÜZELTEPE,2023,0.5166664387777865,86523.2958030286,0.0028625541593517,0.9494947182451426,623.0,0.8851035509675145,143.0,1.0,34.0,0.3775648087257248,0.0,0.5875938205064911,0.730147044881009,40713.00097076043,0.15416145614612803,0.38714132287453085,0.9211505911865572,0.5680609671737329,0.40645381862297536
ÜSKÜDAR,KANDİLLİ,ÜSKÜDAR|KANDİLLİ,2023,0.275834345755384,9214.338903494738,0.0003048490456711,0.6267603399448642,69.0,0.47000538508128537,13.0,1.0,5.0,0.257728077256096,0.0,0.5913289168667357,0.730147044881009,4509.144569795297,0.1287785124985786,0.7917411792061718,0.6734211814018545,0.489301084236452,0.23902242127439452
ÜSKÜDAR,KISIKLI,ÜSKÜDAR|KISIKLI,2023,0.8107257536738613,1323531.956116872,0.0437879980282104,0.9653922575459863,694.0,0.8935571483422664,150.0,0.8383236867910356,18.0,0.6017222572298446,0.0,0.34008351209084875,0.730147044881009,45352.84538315851,0.14598834197046223,0.35395063090741063,0.8648141549424652,0.812711509291959,0.37290678200545263
ÜSKÜDAR,KULELİ,ÜSKÜDAR|KULELİ,2023,0.6395990677722612,270679.3740303206,0.008955210972836,0.6974090889832597,112.0,0.5147634633977843,17.0,1.0,5.0,0.16260831227163414,0.0,0.3181967832996543,0.730147044881009,7319.191185754687,0.10542759649755758,0.7917411792061718,0.8218686529573066,0.489301084236452,0.31060367091095153
ÜSKÜDAR,KUZGUNCUK,ÜSKÜDAR|KUZGUNCUK,2023,0.6353249278372313,260158.03670079823,0.0086071209277788,0.8180537112900514,255.0,0.5997017023825433,28.0,1.0,14.0,0.257728077256096,0.0,0.3985265853159169,0.730147044881009,16664.229931852184,0.07772645838779418,0.5659432574844452,0.8216687155875331,0.6324124771567161,0.26075257762581616
ÜSKÜDAR,KÜPLÜCE,ÜSKÜDAR|KÜPLÜCE,2023,0.790903149754239,1101276.8737708747,0.0364348660826249,0.9251291616007311,528.0,0.8033657456456684,90.0,0.7581971046934488,14.0,0.3775648087257248,0.0,0.33178987853736686,0.730147044881009,34504.758447129236,0.11742313864816768,0.3260754401502933,0.878675977320535,0.6324124771567161,0.35623277837064654
ÜSKÜDAR,KÜÇÜK ÇAMLICA,ÜSKÜDAR|KÜÇÜK ÇAMLICA,2023,0.49650003973647316,71754.21358891646,0.0023739308662901,0.9041896893695659,458.0,0.7200509995434583,56.0,0.7220649522481887,13.0,0.515456154512192,0.18673331429495207,0.5761169925501557,0.730147044881009,29930.26395603255,0.08606043085932615,0.3069278349476934,0.9000511232929007,0.7755238700769802,0.3074102251972752
ÜSKÜDAR,KÜÇÜKSU,ÜSKÜDAR|KÜÇÜKSU,2023,0.8010452961357793,1209888.44297377,0.0400281931315996,0.8924884649624722,423.0,0.7104218471683882,53.0,1.0,16.0,0.3775648087257248,0.0,0.3027383720790921,0.730147044881009,27643.01671048421,0.08806850654450422,0.5378021930849753,0.8334712418119065,0.686820903599663,0.34764994872672306
ÜSKÜDAR,KİRAZLITEPE,ÜSKÜDAR|KİRAZLITEPE,2023,0.7274411365106175,611348.5137744204,0.0202259774627911,0.8364506236377431,289.0,0.7591659622563532,70.0,0.8078072997354093,17.0,0.257728077256096,0.0,0.33048490344562564,0.730147044881009,18886.127256099146,0.16181601213315228,0.3363967428263248,0.9068590381022134,0.686820903599663,0.16149805476044599
ÜSKÜDAR,MEHMET AKİF ERSOY,ÜSKÜDAR|MEHMET AKİF ERSOY,2023,0.5586669624327834,127759.09614420008,0.0042268076899793,0.9527679960388863,637.0,0.8271471439906899,103.0,0.8606791503079786,23.0,0.16260831227163414,0.0,0.5526047412452333,0.730147044881009,41627.89986897977,0.11181904353236014,0.3303282481160339,0.9381731865052679,0.6324124771567161,0.2030896516016958
ÜSKÜDAR,MURATREİS,ÜSKÜDAR|MURATREİS,2023,0.7678404081664384,889216.3791478929,0.02941901393225,0.8620703747180841,344.0,0.9258311941939582,180.0,1.0,4.0,0.456499245823252,0.0,0.3120130704749304,0.730147044881009,22480.372927675104,0.3139770541729972,0.8420495936759295,0.8667514418841568,0.5680609671737329,0.17849982288695124
ÜSKÜDAR,MİMAR SİNAN,ÜSKÜDAR|MİMAR SİNAN,2023,0.7494935300048134,750086.3966972524,0.0248160095476126,0.9194434770409747,508.0,0.7406801751394602,63.0,0.5293057797346497,5.0,0.257728077256096,0.0,0.3638943775993321,0.730147044881009,33197.7600211016,0.08721956135606103,0.29802578832960813,0.8429703268489724,0.733951626354678,0.28944152781222193
ÜSKÜDAR,SALACAK,ÜSKÜDAR|SALACAK,2023,0.47918817162526184,61102.17641679135,0.0020215167212944,0.777142113254013,193.0,0.681865472834328,45.0,0.5184323187409625,5.0,0.3252166245432683,0.0,0.5092022947435367,0.730147044881009,12612.534811166555,0.1563584626486164,0.28827501688389534,0.8201637852124618,0.5680609671737329,0.22517990508365807
ÜSKÜDAR,SELAMİ ALİ,ÜSKÜDAR|SELAMİ ALİ,2023,0.7630109304074992,850267.8260522697,0.0281304321505478,0.8715914364453913,367.0,0.7168987767944389,55.0,1.0,5.0,0.5625323369257385,0.0,0.32208831801984783,0.730147044881009,23983.42111760687,0.10418163544234416,0.7917411792061718,0.8191349472527168,0.6324124771567161,0.34460154288031675
ÜSKÜDAR,SELİMİYE,ÜSKÜDAR|SELİMİYE,2023,0.7108797648564598,524302.4186009807,0.017346126903685,0.784557003199453,203.0,0.5997017023825433,28.0,0.25764109986173583,1.0,0.3775648087257248,0.0,0.31208985685465385,0.730147044881009,13266.034024180366,0.09639899303067348,0.2987336358204986,0.7807707062579408,0.6324124771567161,0.16113493675402013
ÜSKÜDAR,SULTANTEPE,ÜSKÜDAR|SULTANTEPE,2023,0.740638006220788,690944.7179195025,0.0228593543253971,0.8253612176534267,268.0,0.6656637688518892,41.0,1.0,5.0,0.3252166245432683,0.0,0.31225420777213747,0.730147044881009,17513.77890877014,0.10620406265053062,0.7917411792061718,0.8256849365080016,0.5680609671737329,0.3781273806480384
ÜSKÜDAR,VALİDE-İ ATİK,ÜSKÜDAR|VALİDE-İ ATİK,2023,0.8108587748226024,1325165.7041494064,0.0438420492774429,0.9615211103988129,676.0,0.8696071783463005,131.0,1.0,14.0,0.16260831227163414,0.0,0.3375328998851784,0.730147044881009,44176.54679973363,0.13214907446891022,0.5659432574844452,0.8323266484996469,0.686820903599663,0.2669148615736572
ÜSKÜDAR,YAVUZTÜRK,ÜSKÜDAR|YAVUZTÜRK,2023,0.8583528737451633,2058522.5209935051,0.068104574032915,1.0,872.75,0.7461604824897238,65.0,0.7171081624719531,12.0,0.456499245823252,0.0,0.32096462738841913,0.730147044881009,57360.89342228728,0.0532976265930569,0.31629766344492727,0.9079436893546027,0.733951626354678,0.3636325499304249
ÜSKÜDAR,ZEYNEP KAMİL,ÜSKÜDAR|ZEYNEP KAMİL,2023,0.7531781055402275,776161.0152965036,0.0256786674853629,0.8532602794466154,324.0,0.843497695400035,113.0,0.6274344840917335,8.0,0.3775648087257248,0.0,0.319008727114041,0.730147044881009,21173.37450164748,0.22321180499363036,0.30629495488782565,0.8368722274471398,0.686820903599663,0.2502002541440487
ÜSKÜDAR,ÇENGELKÖY,ÜSKÜDAR|ÇENGELKÖY,2023,0.7679671237048318,890261.977888715,0.0294536067317587,0.9647540795325129,691.0,0.7200509995434583,56.0,1.0,21.0,0.257728077256096,0.0,0.3766380624841764,0.730147044881009,45156.79561925435,0.058136566092792635,0.4816791904768169,0.8338515479308988,0.686820903599663,0.339226507788095
ÜSKÜDAR,ÜNALAN,ÜSKÜDAR|ÜNALAN,2023,0.8659521181467003,2208827.3399866815,0.0730772889623024,1.0,872.75,0.9882678988662807,256.0,0.7649319556415505,12.0,0.456499245823252,0.27355936087800314,0.3144790691136054,0.7301470448810085,57360.89342228726,0.19093338953608455,0.3598567500853595,0.9278579388467574,0.7755238700769802,0.2612423164094422
ÜSKÜDAR,İCADİYE,ÜSKÜDAR|İCADİYE,2023,0.7836929559871256,1030045.4595523692,0.0340782316160891,0.9089336754332015,473.0,0.9335338405365201,188.0,1.0,8.0,0.257728077256096,0.0,0.3278028035193028,0.730147044881009,30910.512775553267,0.24967344180568285,0.6870975992038014,0.7661380186128188,0.5680609671737329,0.20281241834407748
ŞİLE,AHMETLİ,ŞİLE|AHMETLİ,2023,0.6042485824391517,48589.313654872865,0.0135010406298072,0.7523590904234227,163.0,0.6739487945756967,43.0,1.0,10.0,0.3252166245432683,0.1178156039716956,0.38357953533996614,2.410420207335531e-16,2654.1749751153743,0.17467073072515676,0.6382445775183776,0.5785506944392238,0.7755238700769802,0.3243028244130833
ŞİLE,AKÇAKESE,ŞİLE|AKÇAKESE,2023,0.6649502095140628,85324.39797303411,0.0237082616957741,0.7808961390705891,198.0,0.7104218471683882,53.0,0.5391024664361163,6.0,0.0,0.0,0.3491638747035024,2.410420207335531e-16,3224.0898470726634,0.17695361305451024,0.2766308975639339,0.5470497004171779,0.489301084236452,0.3717900743945611
ŞİLE,ALACALI,ŞİLE|ALACALI,2023,0.6933640365652267,111051.98362139172,0.0308569360238892,0.742116632373253,152.0,0.6430898052058168,36.0,0.6260556461423693,1.0,0.0,0.18673331429495207,0.3004694670237964,2.410420207335531e-16,2475.0588725002262,0.15858241917874652,0.7259085584498306,0.45075280710422644,0.6324124771567161,0.293614467198242
ŞİLE,AVCIKORU,ŞİLE|AVCIKORU,2023,0.5329515696156807,25076.254366120713,0.0069676952312007,0.536635822369212,37.0,0.42705540286254334,10.0,0.5508340510571429,2.0,0.0,0.0,0.30734210910056264,2.410420207335531e-16,602.481436069134,0.17847838477852143,0.4920384700918047,0.5362961733364716,0.846351820920547,0.3315492802724478
ŞİLE,AĞAÇDERE,ŞİLE|AĞAÇDERE,2023,0.5096037963422579,20191.269749343952,0.0056103520043434,0.39950579391771857,14.0,0.0,0.0,0.0,0.0,0.0,0.0,0.23946713012178492,2.410420207335531e-16,227.9659487829156,0.0,0.0,0.19433713843266037,0.6324124771567161,0.44701888964216574
ŞİLE,AĞVA MERKEZ,ŞİLE|AĞVA MERKEZ,2023,0.5973877748917684,45593.18975658312,0.0126685367840014,0.7169450596246193,128.0,0.24689339171315342,3.0,0.0,0.0,0.0,0.1178156039716956,0.3669161197267619,2.410420207335531e-16,2084.2601031580853,0.017283888704543855,0.0,0.41039023528739227,0.489301084236452,0.31501926434590316
ŞİLE,BALİBEY,ŞİLE|BALİBEY,2023,0.3864284449505905,6431.896412089403,0.0017871685820287,0.8275387517123189,272.0,0.6931173784494173,48.0,0.5067218077484359,5.0,0.0,0.18673331429495207,0.6238755420872595,2.410420207335531e-16,4429.052719210931,0.12124797781564231,0.2779097799976347,0.6582135996647456,0.6324124771567161,0.23713565040157125
ŞİLE,BIÇKIDERE,ŞİLE|BIÇKIDERE,2023,0.6441353259502136,70343.77848158538,0.019545742466745,0.6999973177217712,114.0,0.19565838377060382,2.0,0.5288210478549018,3.0,0.0,0.0,0.3159539469033456,2.410420207335531e-16,1856.2941543751697,0.012975187819785286,0.38891387789432186,0.37498394658523043,0.5680609671737329,0.33220325121867605
ŞİLE,BOZGOCA,ŞİLE|BOZGOCA,2023,0.5069649637494573,19702.771287666274,0.0054746176816577,0.657128716539563,85.0,0.39131676754120764,8.0,0.3805573451755744,1.0,0.0,0.0,0.4072072423917822,2.410420207335531e-16,1384.078974753416,0.06710628624718787,0.44125444047361034,0.4046508328907856,0.489301084236452,0.17254689204349052
ŞİLE,BUCAKLI,ŞİLE|BUCAKLI,2023,0.6300243708308155,61713.638991946435,0.0171477694326305,0.4806515195150605,25.0,0.28663435133040077,4.0,0.0,0.0,0.0,0.0,0.19354116109632674,2.410420207335531e-16,407.0820513980635,0.11072941191274767,0.0,0.44435417776995123,0.6324124771567161,0.2566963317657612
ŞİLE,DARLIK,ŞİLE|DARLIK,2023,0.5594907625489984,32078.06565016741,0.0089132205230295,0.4090268556450257,15.0,0.34655868922470867,6.0,0.0,0.0,0.0,0.0,0.20554418763772572,2.410420207335531e-16,244.24923083883812,0.2510266244523038,0.0,0.34558027600668323,0.5680609671737329,0.3055829345591415
ŞİLE,DEĞİRMENÇAYIRI,ŞİLE|DEĞİRMENÇAYIRI,2023,0.6861734684351726,103887.3395167858,0.0288661659578318,0.632951119078263,72.0,0.45680705642095987,12.0,0.2899285309284167,1.0,0.0,0.0,0.23942785464599467,2.410420207335531e-16,1172.396308026423,0.11500480753669673,0.3361707593191543,0.4442685728555872,0.0,0.2811155505622526
ŞİLE,DOĞANCILI,ŞİLE|DOĞANCILI,2023,0.7201090905588012,142315.885168763,0.0395439326757759,0.715796997378795,127.0,0.5335277430435542,19.0,0.0,0.0,0.16260831227163414,0.0,0.26180433114804297,2.410420207335531e-16,2067.976821102163,0.10401457091347444,0.0,0.5763790233077685,0.489301084236452,0.3368049759682475
ŞİLE,ERENLER,ŞİLE|ERENLER,2023,0.5264622175487804,23610.758981087685,0.0065604922631436,0.4862191709889385,26.0,0.19565838377060382,2.0,0.0,0.0,0.0,0.0,0.2807007913454086,2.410420207335531e-16,423.36533345398607,0.055288585713824355,0.0,0.2552182915599114,0.6324124771567161,0.502145428861211
ŞİLE,ESENCELİ,ŞİLE|ESENCELİ,2023,0.4976711091000632,18074.44308207402,0.005022169939372,0.30677014173376926,7.0,0.19565838377060382,2.0,0.0,0.0,0.0,0.0,0.189825827436707,2.410420207335531e-16,113.9829743914578,0.1874942587864592,0.0,0.40113927625181284,0.6324124771567161,0.6401925862666082
ŞİLE,GEREDELİ,ŞİLE|GEREDELİ,2023,0.7027455831926327,121147.61849606367,0.0336621120260609,0.698708879365525,113.0,0.5335277430435542,19.0,0.4140140190701419,3.0,0.0,0.0,0.26576072674820883,0.0,1840.0108723192468,0.11594739072542529,0.27724511752424685,0.35001079262517065,0.5680609671737329,0.3163051915171028
ŞİLE,GÖKMAŞLI,ŞİLE|GÖKMAŞLI,2023,0.5785020294292722,38265.71283141797,0.0106325219437155,0.4806515195150605,25.0,0.24689339171315342,3.0,0.4123991497684804,1.0,0.0,0.0,0.23426403613094787,2.410420207335531e-16,407.0820513980635,0.08454937504475477,0.4781748621851674,0.261995527237235,0.5680609671737329,0.5211687143785754
ŞİLE,GÖKSU,ŞİLE|GÖKSU,2023,0.6058976856869891,49338.3446294453,0.0137091665912587,0.501762507828975,29.0,0.45680705642095987,12.0,0.46988888165222625,2.0,0.0,0.0,0.22508258020275326,2.410420207335531e-16,472.2151796217537,0.2583409427898234,0.40503907718022714,0.3176067561885373,0.846351820920547,0.4584024872124818
ŞİLE,GÖÇE,ŞİLE|GÖÇE,2023,0.716215257049747,137268.06773142703,0.03814134467469,0.6960977447572277,111.0,0.49378678342630683,15.0,0.3023372706183912,1.0,0.0,0.0,0.2530326828032157,2.410420207335531e-16,1807.4443082074024,0.09456367969517142,0.3505586342565209,0.3923881464951111,0.733951626354678,0.4274389818954807
ŞİLE,HACI KASIM,ŞİLE|HACI KASIM,2023,0.2412087640981061,1660.8947697040992,0.0004614966971314,0.5286595418151385,35.0,0.28663435133040077,4.0,0.5231811565883767,3.0,0.16260831227163414,0.0,0.5575296706917217,2.410420207335531e-16,569.9148719572889,0.08073323120178257,0.3832023010991243,0.8439867673284727,0.3877619350384901,0.2257137038248717
ŞİLE,HACILLI,ŞİLE|HACILLI,2023,0.594658618469147,44453.360012668534,0.0123518233644014,0.39950579391771857,14.0,0.0,0.0,0.2899416327945543,1.0,0.0,0.0,0.17304221561699093,2.410420207335531e-16,227.9659487829156,0.0,0.33618595087092706,0.061693793405965563,0.489301084236452,0.1336697906527287
ŞİLE,HASANLI,ŞİLE|HASANLI,2023,0.6015415938230296,47384.3507827346,0.0131662293005157,0.4264028279038821,17.0,0.24689339171315342,3.0,0.2899285309284167,1.0,0.0,0.0,0.18355771256203626,2.410420207335531e-16,276.8157949506832,0.12124797781564231,0.3361707593191543,0.1839547894789497,0.6324124771567161,0.21865587993783864
ŞİLE,KABAKOZ,ŞİLE|KABAKOZ,2023,0.7043280342401792,122938.7795222152,0.0341598045425753,0.7763797071434277,192.0,0.5335277430435542,19.0,0.3370354111532686,1.0,0.0,0.0,0.3125539894673171,2.410420207335531e-16,3126.390154737128,0.07039976230498762,0.3907909639731586,0.5696406661063023,0.6324124771567161,0.2529770141665032
ŞİLE,KADIKÖY,ŞİLE|KADIKÖY,2023,0.6285926595348157,60899.474889150304,0.0169215455614876,0.30677014173376926,7.0,0.19565838377060382,2.0,0.0,0.0,0.0,0.0,0.100689624662073,2.410420207335531e-16,113.9829743914578,0.1874942587864592,0.0,0.2296624065434291,0.3877619350384901,0.49780473362180405
ŞİLE,KALEM,ŞİLE|KALEM,2023,0.6214427398167416,56991.487195728885,0.0158356709800018,0.5404678626001169,38.0,0.4822927351010046,14.0,0.0,0.0,0.0,0.0,0.236042206298007,0.0,618.7647181250564,0.234005631561124,0.0,0.44019050693006995,0.489301084236452,0.3502502878820951
ŞİLE,KARABEYLİ,ŞİLE|KARABEYLİ,2023,0.5851716059719243,40708.20513980635,0.0113111935571441,0.6605202510563183,87.0,0.12344669585657671,1.0,0.34013930057761516,1.0,0.0,0.0,0.3415165646060606,2.410420207335531e-16,1416.6455388652612,0.00852642988706928,0.3943899090693309,0.4720751684149494,0.7755238700769802,0.42229799082984754
ŞİLE,KARACAKÖY,ŞİLE|KARACAKÖY,2023,0.6170419870550493,54711.827707899734,0.0152022441408017,0.715796997378795,127.0,0.3703400875697301,7.0,0.0,0.0,0.0,0.0,0.3491918255975872,2.410420207335531e-16,2067.976821102163,0.04002784805049369,0.0,0.40534694422170237,0.6324124771567161,0.26969276774882456
ŞİLE,KARAKİRAZ,ŞİLE|KARAKİRAZ,2023,0.6121186619586124,52269.33539951136,0.014523572527373,0.6638355648252878,89.0,0.44255177548375724,11.0,0.0,0.0,0.0,0.0,0.3205031351347136,2.410420207335531e-16,1449.212102977106,0.08694057739512243,0.0,0.46630105138389516,0.6324124771567161,0.21737344087096314
ŞİLE,KARAMANDERE,ŞİLE|KARAMANDERE,2023,0.62801460984849,60573.809248031845,0.0168310560130304,0.5202272322918838,33.0,0.28663435133040077,4.0,0.0,0.0,0.0,0.0,0.21854303963263386,0.0,537.3483078454437,0.0853563567293181,0.0,0.36694840628632697,0.686820903599663,0.15016259585176917
ŞİLE,KERVANSARAY,ŞİLE|KERVANSARAY,2023,0.6659740959640101,86138.56207583024,0.023934485566917,0.588475884900195,53.0,0.24689339171315342,3.0,0.48336295889602365,1.0,0.0,0.0,0.2290439591659963,2.410420207335531e-16,863.0139489638947,0.04107759424118843,0.5604570629820106,0.49665459182299065,0.7755238700769802,0.17664405012354495
ŞİLE,KIZILCA,ŞİLE|KIZILCA,2023,0.690154904912026,107795.32721020722,0.0299520405393177,0.7192147236850656,130.0,0.4100810471869776,9.0,0.6443003215347112,2.0,0.257728077256096,0.0,0.28893867339597457,2.410420207335531e-16,2116.82666726993,0.04994050191853711,0.5951412199048433,0.4513260256128933,0.6324124771567161,0.5874097694945365
ŞİLE,KORUCU,ŞİLE|KORUCU,2023,0.58387028393539,40219.70667812868,0.0111754592344584,0.4688431987300822,23.0,0.19565838377060382,2.0,0.0,0.0,0.0,0.0,0.2227128134346136,2.410420207335531e-16,374.5154872862184,0.06220722411916353,0.0,0.4254925232025583,0.5680609671737329,0.6172425887984149
ŞİLE,KUMBABA,ŞİLE|KUMBABA,2023,0.6385003037167482,66761.45642928242,0.0185503574337164,0.7290170538561206,139.0,0.6057394309575813,29.0,0.6283904264618932,8.0,0.0,0.0,0.33909296621597546,2.410420207335531e-16,2263.3762057732333,0.1413699007108942,0.3071442606996946,0.7372704034556969,0.489301084236452,0.15479506740067642
ŞİLE,KURFALLI,ŞİLE|KURFALLI,2023,0.6170419870550493,54711.827707899734,0.0152022441408017,0.6288529318257636,70.0,0.28663435133040077,4.0,0.0,0.0,0.0,0.0,0.29431538257046697,2.410420207335531e-16,1139.829743914578,0.0414581372204355,0.0,0.4637342044013235,0.5680609671737329,0.45641475923158975
ŞİLE,KURNA,ŞİLE|KURNA,2023,0.594658618469147,44453.360012668534,0.0123518233644014,0.630916255726395,71.0,0.5584187769777513,22.0,0.0,0.0,0.0,0.0,0.3146148490327141,2.410420207335531e-16,1156.1130259705003,0.20137474279139475,0.0,0.6074657239480284,0.3877619350384901,0.33050343723815157
ŞİLE,KÖMÜRLÜK,ŞİLE|KÖMÜRLÜK,2023,0.5860305106382836,41033.8707809248,0.0114016831056013,0.6605202510563183,87.0,0.28663435133040077,4.0,0.48336295889602365,1.0,0.0,0.0,0.34077732692609664,2.410420207335531e-16,1416.6455388652612,0.033536184954879436,0.5604570629820106,0.4262892491218349,0.686820903599663,0.42229799082984754
ŞİLE,MEŞRUTİYET,ŞİLE|MEŞRUTİYET,2023,0.3337669678010931,3940.5542575332543,0.0010949235363315,0.6288529318257636,69.0,0.5045837821888896,16.0,0.4574297665662185,3.0,0.16260831227163414,0.0,0.5412767008683448,2.410420207335531e-16,1139.829743914578,0.1535768502695604,0.31824906013696763,0.5841328930591903,0.489301084236452,0.2257137038248717
ŞİLE,ORUÇOĞLU,ŞİLE|ORUÇOĞLU,2023,0.6649502095140628,85324.39797303411,0.0237082616957741,0.7025409195964298,116.0,0.34655868922470867,6.0,0.5288210478549018,3.0,0.0,0.0,0.29985271809295005,2.410420207335531e-16,1888.8607184870148,0.037624165016795795,0.38891387789432186,0.44728407586472574,0.6324124771567161,0.3303608707995151
ŞİLE,OSMANKÖY,ŞİLE|OSMANKÖY,2023,0.6055413241241895,49175.51180888608,0.0136639218170301,0.585718323228703,52.0,0.12344669585657671,1.0,0.38453552295171056,2.0,0.0,0.0,0.2770390574116569,2.410420207335531e-16,846.7306669079721,0.014210991472635872,0.3166242658481049,0.21069022470063067,0.686820903599663,0.502145428861211
ŞİLE,OVACIK,ŞİLE|OVACIK,2023,0.5509550656630837,29635.573341779025,0.0082345489096009,0.501762507828975,29.0,0.19565838377060382,2.0,0.39141152868790785,1.0,0.0,0.0,0.2700604308015595,2.410420207335531e-16,472.2151796217537,0.04975539969834966,0.4538398148810414,0.2808453100389391,0.489301084236452,0.21432302414074209
ŞİLE,SAHİLKÖY,ŞİLE|SAHİLKÖY,2023,0.49650003973647316,17879.043697402947,0.0049678762102977,0.8022540316330277,229.0,0.656974438900131,39.0,0.5697444822130674,3.0,0.16260831227163414,0.1178156039716956,0.5101838265919898,0.0,3728.871590806261,0.11732824290769443,0.4309346595575089,0.44902478678116997,0.5680609671737329,0.44561286848258835
ŞİLE,SATMAZLI,ŞİLE|SATMAZLI,2023,0.669384338271972,88906.72002533707,0.0247036467288028,0.630916255726395,71.0,0.28663435133040077,4.0,0.0,0.0,0.0,0.0,0.25192405357304626,2.410420207335531e-16,1156.1130259705003,0.04088993118029741,0.0,0.43717102994616724,0.6324124771567161,0.4252510488620149
ŞİLE,SOFULAR,ŞİLE|SOFULAR,2023,0.6229719048450962,57805.65129852502,0.0160618948511446,0.6112170031048277,62.0,0.12344669585657671,1.0,0.6260556461423693,1.0,0.0,0.18673331429495207,0.2783205442135865,2.410420207335531e-16,1009.5634874671975,0.011937126577261623,0.7259085584498306,0.533276696352569,0.5680609671737329,0.3268004626984186
ŞİLE,SORTULLU,ŞİLE|SORTULLU,2023,0.5454892888111311,28170.077956746,0.0078273459415437,0.37839480560380406,12.0,0.0,0.0,0.0,0.0,0.0,0.0,0.19772186252384852,2.410420207335531e-16,195.3993846710705,0.0,0.0,0.19644404775260613,0.5680609671737329,0.24623647027160875
ŞİLE,SOĞULLU,ŞİLE|SOĞULLU,2023,0.561657282650477,32729.39693240431,0.0090941996199438,0.3537501093225489,10.0,0.0,0.0,0.4123991497684804,1.0,0.0,0.0,0.17062760758320142,2.410420207335531e-16,162.8328205592254,0.0,0.4781748621851674,0.3102816265424484,0.686820903599663,0.15226133721265164
ŞİLE,TEKE,ŞİLE|TEKE,2023,0.6618188945335199,82881.90566464573,0.0230295900823454,0.5548720026283065,42.0,0.3191050796271805,5.0,0.20753819887447542,1.0,0.257728077256096,0.0,0.21235641574253222,2.410420207335531e-16,683.8978463487467,0.08391470508334993,0.24063955927327427,0.11961002720585855,0.733951626354678,0.2866707475052711
ŞİLE,ULUPELİT,ŞİLE|ULUPELİT,2023,0.5733347341983245,36474.55180526649,0.0101348294272011,0.47486547384281136,24.0,0.34655868922470867,6.0,0.5723544789578536,4.0,0.0,0.0,0.23488521756293168,2.410420207335531e-16,390.798769342141,0.166477249407549,0.3784818559291782,0.3895393719754512,0.6324124771567161,0.44701888964216574
ŞİLE,YAKA,ŞİLE|YAKA,2023,0.6490144622118176,73600.43489276989,0.0204506379513166,0.44194616474391857,19.0,0.34655868922470867,6.0,0.0,0.0,0.0,0.0,0.15743008284386786,2.410420207335531e-16,309.3823590625283,0.20474484223019362,0.0,0.2133093202754588,0.489301084236452,0.18064500190642052
ŞİLE,YAYLALI,ŞİLE|YAYLALI,2023,0.46635736126530875,13515.12410641571,0.0037553162609718,0.30677014173376926,7.0,0.0,0.0,0.0,0.0,0.0,0.0,0.21421858192654622,2.410420207335531e-16,113.9829743914578,0.0,0.0,0.3130337705281864,0.6324124771567161,0.33771414013126466
ŞİLE,YAZIMANAYIR,ŞİLE|YAZIMANAYIR,2023,0.5663784364231077,34194.892317437334,0.009501402588001,0.4806515195150605,25.0,0.0,0.0,0.0,0.0,0.0,0.0,0.24412360281545997,2.410420207335531e-16,407.0820513980635,0.0,0.0,0.18920280617598687,0.6324124771567161,0.2566963317657612
ŞİLE,YENİKÖY,ŞİLE|YENİKÖY,2023,0.6543654368683491,77345.58976563207,0.0214912677585738,0.4491439461085149,20.0,0.19565838377060382,2.0,0.27780315236492187,1.0,0.0,0.0,0.1575581526362689,2.410420207335531e-16,325.6656411184508,0.0711065880278142,0.32211144026673355,0.41278801684393657,0.7755238700769802,0.25940835858501377
ŞİLE,YEŞİLVADİ,ŞİLE|YEŞİLVADİ,2023,0.6361074190505723,65295.961044249394,0.0181431544656592,0.5582635371450617,43.0,0.5045837821888896,16.0,0.5508340510571429,2.0,0.0,0.0,0.23495776039421895,2.410420207335531e-16,700.1811284046693,0.2360048855345943,0.4920384700918047,0.46214418390622725,0.812711509291959,0.22935187963704598
ŞİLE,ÇATAKLI,ŞİLE|ÇATAKLI,2023,0.5856019134494058,40871.037960365575,0.0113564383313727,0.23743273692140568,4.0,0.0,0.0,0.4123991497684804,1.0,0.0,0.0,0.09096964539627769,2.410420207335531e-16,65.13312822369016,0.0,0.4781748621851674,0.09823147202625875,0.489301084236452,0.09655627466145465
ŞİLE,ÇAVUŞ,ŞİLE|ÇAVUŞ,2023,0.7468498257108735,182372.75902633247,0.0506741471360057,0.9424741444142352,594.0,0.8993588319047171,155.0,0.8799694097851499,24.0,0.16260831227163414,0.0,0.3808132383497938,2.410420207335531e-16,9672.26954121799,0.17297994456787893,0.34008127292288615,0.5685957309628885,0.6324124771567161,0.3110319947959509
ŞİLE,ÇAYIRBAŞI,ŞİLE|ÇAYIRBAŞI,2023,0.5154387035716174,21314.816211202604,0.0059225409465206,0.6808468267523928,100.0,0.4822927351010046,14.0,0.3997632660940675,1.0,0.16260831227163414,0.0,0.41510537608151854,0.0,1628.3282055922537,0.09775422409296239,0.4635236148729645,0.5728338519567647,0.5680609671737329,0.24623647027160875
ŞİLE,ÇELEBİ,ŞİLE|ÇELEBİ,2023,0.6173623524444682,54874.66052845896,0.0152474889150303,0.5404678626001169,38.0,0.24689339171315342,3.0,0.0,0.0,0.0,0.0,0.2393555548507962,2.410420207335531e-16,618.7647181250566,0.05668962743005691,0.0,0.3285874437691998,0.489301084236452,0.19470916468755578
ŞİLE,ÇENGİLLİ,ŞİLE|ÇENGİLLİ,2023,0.5694148147087389,35171.88924079269,0.0097728712333725,0.501762507828975,29.0,0.12344669585657671,1.0,0.2899285309284167,1.0,0.0,0.0,0.25475969991728725,2.410420207335531e-16,472.2151796217537,0.025292405002859276,0.3361707593191543,0.08518088771568173,0.489301084236452,0.3079912581574918
ŞİLE,ÜVEZLİ,ŞİLE|ÜVEZLİ,2023,0.6782872866006431,96559.86259162068,0.0268301511175459,0.7290170538561206,139.0,0.638210159254361,35.0,0.5508340510571429,2.0,0.0,0.0,0.3050811188907136,2.410420207335531e-16,2263.3762057732333,0.16754993757888714,0.4920384700918047,0.4225480662344147,0.686820903599663,0.24261855122325873
ŞİLE,İMRENDERE,ŞİLE|İMRENDERE,2023,0.6433840346337644,69855.2800199077,0.0194100081440593,0.6180798802301182,65.0,0.5045837821888896,16.0,0.44698903214954605,3.0,0.0,0.0,0.2655443414439739,2.410420207335531e-16,1058.413333634965,0.16417815823633877,0.3082397403841249,0.6273477945773286,0.733951626354678,0.27134417272293815
ŞİLE,İMRENLİ,ŞİLE|İMRENLİ,2023,0.6431324365010465,69692.44719934848,0.0193647633698307,0.665465694716006,90.0,0.5147634633977843,17.0,0.3149727321461246,2.0,0.0,0.0,0.29516281171325814,2.410420207335531e-16,1465.4953850330287,0.12908172505899632,0.24799289418575637,0.572976681571097,0.489301084236452,0.38404254620342954
ŞİLE,İSAKÖY,ŞİLE|İSAKÖY,2023,0.6223628384941314,57479.98565740657,0.0159714053026875,0.6088565486826893,61.0,0.28663435133040077,4.0,0.0,0.0,0.0,0.0,0.2773628668766965,2.410420207335531e-16,993.280205411275,0.04738446180893581,0.0,0.34647302937023766,0.6324124771567161,0.46341202294965883
ŞİLE,ŞUAYİPLİ,ŞİLE|ŞUAYİPLİ,2023,0.6076620396855918,50152.508732241426,0.0139353904624015,0.564821294711622,45.0,0.28663435133040077,4.0,0.0,0.0,0.0,0.0,0.26229166192166864,2.410420207335531e-16,732.7476925165143,0.06353236566584448,0.0,0.4017281603753765,0.686820903599663,0.18924310382669354
ŞİŞLİ,19 MAYIS,ŞİŞLİ|19 MAYIS,2023,0.7437836863411857,887409.6658925505,0.0433637801297806,0.7401754826030473,150.0,1.0,270.0,1.0,15.0,0.257728077256096,0.0,0.2570687864385861,0.8485156805287948,12227.765008624156,0.7743435530950328,0.5513596682004701,0.7209428134215824,0.5680609671737329,0.12768669839554206
ŞİŞLİ,BOZKURT,ŞİŞLİ|BOZKURT,2023,0.7336988948624833,808173.748636666,0.0394918717808786,0.8139636403005343,248.0,0.8305395501017045,105.0,1.0,11.0,0.257728077256096,0.0,0.31104215324129764,0.8485156805287948,20216.571480925275,0.26338656458275717,0.6175824918424769,0.6011606777187471,0.6324124771567161,0.11779506373091829
ŞİŞLİ,CUMHURİYET,ŞİŞLİ|CUMHURİYET,2023,0.7046986992904732,617583.6513689108,0.0301785778305362,0.6893602609706021,106.0,0.7891104647084658,83.0,0.5297774651425179,7.0,0.3775648087257248,0.0,0.25843070912526306,0.8485156805287948,8640.953939427738,0.43144922370794864,0.2446672935210703,0.6690823479774988,0.7755238700769802,0.1187255620563165
ŞİŞLİ,DUATEPE,ŞİŞLİ|DUATEPE,2023,0.7052523188201435,620762.870271153,0.0303339321778687,0.7701343193645571,184.0,0.8165640743059941,97.0,1.0,15.0,0.16260831227163414,0.0,0.30786268773390774,0.8485156805287948,14999.391743912298,0.31589358220717306,0.5513596682004701,0.6408503982105389,0.6324124771567161,0.14632375290695185
ŞİŞLİ,ERGENEKON,ŞİŞLİ|ERGENEKON,2023,0.574006306097864,183742.54886292567,0.008978684586857,0.6288529318257636,70.0,0.4822927351010046,14.0,1.0,9.0,0.0,0.0,0.33097248130111806,0.8485156805287948,5706.290337357939,0.136021816915607,0.6612325737976555,0.6192652766273324,0.686820903599663,0.21032179313638455
ŞİŞLİ,ESENTEPE,ŞİŞLİ|ESENTEPE,2023,0.6962651796342585,571118.144336139,0.0279080142925999,0.7382084500740477,148.0,0.6280304780454663,33.0,1.0,5.0,0.257728077256096,0.0,0.29558096394563743,0.8485156805287948,12064.7281418425,0.15016939803635915,0.7917411792061718,0.6672667821490069,0.9053145831190337,0.1692926742698694
ŞİŞLİ,ESKİŞEHİR,ŞİŞLİ|ESKİŞEHİR,2023,0.7500183207340431,940233.6107298068,0.0459450523623819,0.8389724842620407,294.0,0.7566397364116862,69.0,1.0,11.0,0.0,0.0,0.31276823762609507,0.8485156805287948,23966.41941690335,0.1572854966537286,0.6175824918424769,0.5805644011158352,0.686820903599663,0.21543956493060415
ŞİŞLİ,FERİKÖY,ŞİŞLİ|FERİKÖY,2023,0.7676976749745019,1107753.991347958,0.0541310314333629,0.7075002186450978,119.0,0.8183721704037509,98.0,1.0,12.0,0.3775648087257248,0.0,0.21815258859362033,0.8485156805287948,9782.212006899326,0.44539701020532385,0.5988394212823303,0.7010894227775327,0.686820903599663,0.15820351730964988
ŞİŞLİ,FULYA,ŞİŞLİ|FULYA,2023,0.7897064015880978,1358586.2108915346,0.0663880910934157,0.8302162345358371,277.0,0.9198273918855103,174.0,1.0,16.0,0.16260831227163414,0.0,0.2738541091610921,0.8485156805287948,22580.606049259277,0.36366413905566647,0.5378021930849753,0.7318649343317999,0.733951626354678,0.20414891407786523
ŞİŞLİ,GÜLBAHAR,ŞİŞLİ|GÜLBAHAR,2023,0.8281276438529637,1940138.7147017,0.0948059863208505,0.8379689072349635,292.0,0.849639543203953,117.0,1.0,8.0,0.257728077256096,0.0,0.24677971432170548,0.8485156805287948,23803.382550121696,0.2513915325029332,0.6870975992038014,0.6887251479268912,0.733951626354678,0.12786657640387356
ŞİŞLİ,HALASKARGAZİ,ŞİŞLİ|HALASKARGAZİ,2023,0.5418141829408476,136298.82062946394,0.0066603197112799,0.6907325988114514,107.0,0.7104218471683882,53.0,0.658842129206991,10.0,0.257728077256096,0.0,0.3984399164148182,0.8485156805287948,8722.472372818565,0.3001712813001072,0.29619616158480583,0.5412446983299407,0.6324124771567161,0.018423120165916605
ŞİŞLİ,HALİDE EDİP ADIVAR,ŞİŞLİ|HALİDE EDİP ADIVAR,2023,0.7892525502836216,1352879.920554177,0.0661092499571779,0.7996658028945162,225.0,0.8072375489127069,92.0,0.6547714378568973,8.0,0.257728077256096,0.0,0.25562621850610534,0.8485156805287948,18341.647512936237,0.25574850410475913,0.3309471905497465,0.6418775969484646,0.6324124771567161,0.17768945009747028
ŞİŞLİ,HALİL RIFAT PAŞA,ŞİŞLİ|HALİL RIFAT PAŞA,2023,0.6906586174581051,542179.1004823952,0.0264938913873939,0.6427245765113734,77.0,0.47000538508128537,13.0,0.3157114114262433,1.0,0.0,0.0,0.24166955193199338,0.8485156805287948,6276.919371093734,0.116387670758645,0.3660658872206211,0.7089419251849342,0.686820903599663,0.16858944162293207
ŞİŞLİ,HARBİYE,ŞİŞLİ|HARBİYE,2023,0.5722222762731929,180726.36682746507,0.0088312971291313,0.6718118453793613,94.0,0.638210159254361,35.0,0.7370322605145627,11.0,0.6352928859818208,0.0,0.35989107559252687,0.8485156805287948,7662.732738737806,0.23613939459375946,0.34974976203235686,0.534847151851343,0.812711509291959,0.16631185126252965
ŞİŞLİ,KAPTANPAŞA,ŞİŞLİ|KAPTANPAŞA,2023,0.6120514750961497,261511.13431777532,0.0127788909292978,0.501762507828975,29.0,0.44255177548375724,11.0,0.26039280481019184,1.0,0.0,0.0,0.22016276436565682,0.8485156805287948,2364.034568334004,0.23991890818241107,0.30192422468383856,0.7891767552106028,0.6324124771567161,0.18759618783752
ŞİŞLİ,KUŞTEPE,ŞİŞLİ|KUŞTEPE,2023,0.7823506382111138,1268997.452595015,0.0620102852544823,0.8667006486384029,355.0,0.8450531283081522,114.0,1.0,13.0,0.0,0.0,0.30256641331820827,0.8485156805287948,28939.04385374384,0.20776497025050353,0.5817063918507496,0.7547440910762129,0.686820903599663,0.1293720953443176
ŞİŞLİ,MAHMUT ŞEVKET PAŞA,ŞİŞLİ|MAHMUT ŞEVKET PAŞA,2023,0.7982725827680949,1470918.6121040953,0.0718772780324969,0.8016112190514669,228.0,0.6894451671969107,45.0,0.17265202885484168,1.0,0.0,0.0,0.24938299432149813,0.8485156805287948,18586.202813108717,0.13982961334240074,0.2001892102590444,0.7373846052106464,0.6324124771567161,0.14983414759961655
ŞİŞLİ,MECİDİYEKÖY,ŞİŞLİ|MECİDİYEKÖY,2023,0.8032303761740647,1540127.762052908,0.075259222670581,0.8438904481313805,304.0,0.8419285580606907,107.0,1.0,9.0,0.3252166245432683,0.0,0.27093878325880694,0.8485156805287948,24781.603750811628,0.234005631561124,0.6612325737976555,0.7656064854204431,0.6324124771567161,0.16830177025062498
ŞİŞLİ,SARIYER MERKEZ,ŞİŞLİ|SARIYER MERKEZ,2023,0.5137796722214462,105077.26064077692,0.0051346603515788,0.8921401170932802,422.0,0.9753359018481216,238.0,0.7319099176248933,11.0,0.257728077256096,0.0,0.5530576153186509,0.8485156805287948,34400.7788909293,0.3336613245379246,0.3450213661519459,0.7248117783847885,0.9053145831190337,0.280571306845351
ŞİŞLİ,MEŞRUTİYET,ŞİŞLİ|MEŞRUTİYET,2023,0.6977477324091834,579025.4323750493,0.0282944084385294,0.6947746394394643,110.0,0.7689270864314054,74.0,1.0,8.0,0.16260831227163414,0.0,0.26750325063725616,0.8485156805287948,8967.02767299105,0.38381175735573003,0.6870975992038014,0.640807501506447,0.686820903599663,0.07664942362663063
ŞİŞLİ,PAŞA,ŞİŞLİ|PAŞA,2023,0.803583653344322,1545181.9049231394,0.0755061962483916,0.8349165517131119,286.0,0.7070928542451279,52.0,1.0,7.0,0.3775648087257248,0.0,0.26517042528697116,0.8485156805287948,23314.27194977673,0.12463145071066518,0.7166123773652383,0.6602083014367717,0.7755238700769802,0.1557208804053705
ŞİŞLİ,TEŞVİKİYE,ŞİŞLİ|TEŞVİKİYE,2023,0.7422775737552473,875100.3824505355,0.0427622799644676,0.7963653239844314,220.0,0.7168987767944389,55.0,0.501136912823532,6.0,0.5625323369257385,0.0,0.29281896658222967,0.8485156805287948,17934.0553459821,0.166477249407549,0.24457825647405776,0.6059796642976848,0.812711509291959,0.16556767855311755
ŞİŞLİ,YAYLA,ŞİŞLİ|YAYLA,2023,0.7487393707231216,929147.1037886544,0.0454033038691199,0.7459239470105262,156.0,0.49378678342630683,15.0,1.0,2.0,0.0,0.0,0.25646915073965565,0.8485156805287948,12716.875608969123,0.06849343476203194,1.0,0.7130575572455928,0.6324124771567161,0.15136947102684814
ŞİŞLİ,İNÖNÜ,ŞİŞLİ|İNÖNÜ,2023,0.35967752221119415,25107.67748437494,0.0012269009994463,0.7440325716928387,154.0,0.5147634633977843,16.0,1.0,8.0,0.456499245823252,0.0,0.5933775511554886,0.8485156805287948,12553.838742187469,0.07812007793600036,0.6870975992038014,0.5669024742492326,0.686820903599663,0.16358801524097175
ŞİŞLİ,İZZET PAŞA,ŞİŞLİ|İZZET PAŞA,2023,0.7045135260278866,616523.91173483,0.0301267930480921,0.7258214360402142,136.0,0.8355099918419872,108.0,0.5945393308810576,5.0,0.16260831227163414,0.0,0.2809588333794933,0.8485156805287948,11086.50694115257,0.43607880415273476,0.358878756720214,0.8268130487192028,0.489301084236452,0.14623835093771614
