ilce,mahalle,anahtar,yil,nufus,tuketim_dasimetrik,nufus_orani,ariza_sayisi,cevaplanan_ariza,sikayet_sayisi,cevaplanan_sikayet,kesinti_suresi_saat,kesinti_adet,egitim_tesisi_sayisi,sanayi_tesis_sayisi,ariza_yogunlugu,nufus_basi_tuketim,boru_stres_endeksi,sikayet_ariza_orani,ort_kesinti_suresi,komsu_ort_ariza,komsu_sayisi,ariza_trend
ADALAR,BURGAZADA,ADALAR|BURGAZADA,2022,0.013315920206908914,152111.90897677338,0.098556183301946,0.5525491313016234,430.0,0.14625228519195613,36.0,0.10464296016199094,4.0,0.014285714285714285,0.0,0.00870773308254606,0.8780307773671489,46989.98462021343,0.029240862230552944,0.05232148008099547,0.36817888278979655,0.0,0.08684998638714948
ADALAR,HEYBELİADA,ADALAR|HEYBELİADA,2022,0.037677225508523045,428626.16898932826,0.2777150031387319,0.3281116491028197,275.0,0.07678244972577697,18.0,0.17592812079636033,3.0,0.04285714285714286,0.0,0.0018350182652281033,0.8780307773671489,27903.331073446327,0.025852272727272703,0.11728541386424021,0.36817888278979655,0.0,0.08684998638714948
ADALAR,KINALIADA,ADALAR|KINALIADA,2022,0.016474183332906542,187959.9384808537,0.1217827997489014,0.47963543150099686,380.0,0.07312614259597806,12.0,0.006854342368689363,1.0,0.0,0.0,0.0061170691205978,0.8780307773671489,40789.2443816698,0.016843014467717524,0.013708684737378726,0.36817888278979655,0.0,0.08684998638714948
ADALAR,MADEN,ADALAR|MADEN,2022,0.03587616194207575,408183.1035153798,0.2644695543000627,0.21646254628311024,178.0,0.1316270566727605,26.0,0.09310481717469718,4.0,0.014285714285714285,0.0,0.001271233016374692,0.8780307773671489,18408.447583176396,0.06717703349282296,0.04655240858734859,0.2199709396189861,0.0625,0.08684998638714948
ADALAR,NİZAM,ADALAR|NİZAM,2022,0.032205748038889315,366521.8800376648,0.2374764595103578,0.21988037596126458,184.0,0.08409506398537477,20.0,0.02581802292206327,1.0,0.04285714285714286,0.0,0.001438083123546349,0.8780307773671489,18699.107281858127,0.0422515308525671,0.05163604584412654,0.21633839199225055,0.0625,0.08684998638714948
ARNAVUTKÖY,ADNAN MENDERES,ARNAVUTKÖY|ADNAN MENDERES,2022,0.039836794619002504,275717.82889534504,0.0145949640040817,0.0729136998006266,64.0,0.04021937842778794,11.0,0.08784982135870202,2.0,0.02857142857142857,0.0,0.00038572308010211334,0.46479893754868806,3772.918761877717,0.0609375,0.08784982135870202,0.17254601226993865,0.375,0.08684998638714948
ARNAVUTKÖY,ANADOLU,ARNAVUTKÖY|ANADOLU,2022,0.4852970047715381,3352238.3199283513,0.1774487990438535,0.6026772999145542,529.0,1.0,270.0,0.40474891687110687,14.0,0.07142857142857142,0.0,0.0002622293436264272,0.46479893754868806,31185.531641145502,0.18330469152775392,0.05782127383872956,0.27264288020665156,0.25,0.08684998638714948
ARNAVUTKÖY,ARNAVUTKÖY MERKEZ,ARNAVUTKÖY|ARNAVUTKÖY MERKEZ,2022,0.17174976313026555,1186759.8061775048,0.0628204448078189,0.3338080318997437,293.0,0.3802559414990859,104.0,0.17741322830957634,7.0,0.0,0.0,0.00041026577927994455,0.46479893754868806,17272.89370672142,0.125845485572448,0.0506894938027361,0.29474087826929285,0.5,0.08684998638714948
ARNAVUTKÖY,ATATÜRK,ARNAVUTKÖY|ATATÜRK,2022,0.11056481694877639,764192.9048472006,0.040452109981807,0.10367416690401594,91.0,0.15356489945155394,42.0,0.2636637031155842,10.0,0.0,0.0,0.00019787862926336032,0.46479893754868806,5364.618864544878,0.1636363636363636,0.05273274062311683,0.3151436874394576,0.3125,0.08684998638714948
ARNAVUTKÖY,BAKLALI,ARNAVUTKÖY|BAKLALI,2022,0.0056421943953633286,39556.69514406168,0.0020939108075131,0.12987752776986614,114.0,0.08043875685557587,22.0,0.040440619975267246,3.0,0.0,0.0,0.004789005691195151,0.46479893754868806,6720.511544594682,0.06842105263157892,0.02696041331684483,0.20634888601872778,0.25,0.08684998638714948
ARNAVUTKÖY,BALABAN,ARNAVUTKÖY|BALABAN,2022,0.0023815011139279403,17037.086284104065,0.0009018483209706,0.11278837937909428,99.0,0.021937842778793418,6.0,0.11058339021485507,3.0,0.0,0.0,0.00965606929704373,0.46479893754868806,5836.2337097795935,0.02148760330578512,0.0737222601432367,0.07603123990958992,0.5,0.08684998638714948
ARNAVUTKÖY,BOLLUCA,ARNAVUTKÖY|BOLLUCA,2022,0.07987844954888053,552260.9837698508,0.0292336161621204,0.06607804044431786,58.0,0.16453382084095064,45.0,0.12886163653136004,4.0,0.0,0.0,0.00017451956969033523,0.46479893754868806,3419.207627951681,0.2750783699059561,0.06443081826568002,0.1598320955763642,0.375,0.08684998638714948
ARNAVUTKÖY,BOYALIK,ARNAVUTKÖY|BOYALIK,2022,0.0031924065111435473,22637.512571266303,0.0011983036513934,0.11278837937909428,99.0,0.043875685557586835,12.0,0.1422276041503043,4.0,0.0,0.0,0.0072671979865771815,0.46479893754868823,5836.233709779594,0.04297520661157024,0.07111380207515215,0.0964643203099774,0.3125,0.08684998638714948
ARNAVUTKÖY,BOĞAZKÖY İSTİKLAL,ARNAVUTKÖY|BOĞAZKÖY İSTİKLAL,2022,0.10435072085221889,721275.9539308416,0.0381803259760401,0.25178011962403873,221.0,0.3619744058500914,99.0,0.29245194106407957,14.0,0.014285714285714285,0.002793296089385475,0.0005091565346417884,0.46479893754868806,13028.360099608992,0.1588235294117647,0.04177884872343993,0.16911527284468839,0.6875,0.08684998638714948
ARNAVUTKÖY,DELİKLİKAYA,ARNAVUTKÖY|DELİKLİKAYA,2022,0.07173525219157853,496020.9134756111,0.0262565805281897,0.16291654799202507,143.0,0.20109689213893966,55.0,0.6553893694861813,18.0,0.0,0.002793296089385475,0.0004790673262683001,0.46479893754868806,8430.115358570523,0.13636363636363635,0.07282104105402015,0.3524378430739425,0.3125,0.08684998638714948
ARNAVUTKÖY,DURSUNKÖY,ARNAVUTKÖY|DURSUNKÖY,2022,0.0035338403626027502,24995.58679743987,0.0013231269484136,0.06379948732554827,56.0,0.051188299817184646,14.0,0.21465515517945521,8.0,0.0,0.0,0.0037229327592756744,0.46479893754868806,3301.3039166430017,0.08863636363636362,0.05366378879486381,0.1909105586051017,0.4375,0.08684998638714948
ARNAVUTKÖY,DURUSU,ARNAVUTKÖY|DURUSU,2022,0.0064701714851518955,45275.025142532606,0.0023966073027869,0.05582455140985474,49.0,0.0,0.0,0.1089840436621609,2.0,0.0,0.0,0.0017984479865771812,0.46479893754868823,2888.6409270626273,0.0,0.1089840436621609,0.2518566354536649,0.1875,0.08684998638714948
ARNAVUTKÖY,FATİH,ARNAVUTKÖY|FATİH,2022,0.03217160465374339,222779.06251774833,0.0117926809859792,0.09342067786955284,82.0,0.07678244972577697,21.0,0.20654418337650615,8.0,0.0,0.0,0.0006116457782411099,0.46479893754868823,4834.052163655825,0.0907982261640798,0.05163604584412654,0.26144252502421694,0.25,0.08684998638714948
ARNAVUTKÖY,HACIMAŞLI,ARNAVUTKÖY|HACIMAŞLI,2022,0.0020229955698957774,14561.108346621812,0.0007707838590994,0.03417829678154372,30.0,0.08775137111517367,24.0,0.04683800618604399,2.0,0.0,0.002793296089385475,0.003423633942885091,0.46479893754868806,1768.55566963018,0.28363636363636363,0.04683800618604399,0.25508556667742976,0.375,0.08684998638714948
ARNAVUTKÖY,HADIMKÖY,ARNAVUTKÖY|HADIMKÖY,2022,0.22568777581453314,1559276.582057275,0.082539405154578,0.3577328396468243,314.0,0.43875685557586835,120.0,0.863761377494338,25.0,0.02857142857142857,0.10614525139664804,0.0003346316337016785,0.46479893754868823,18510.88267546255,0.1354950781702374,0.06910091019954703,0.1102680012915725,0.3125,0.08684998638714948
ARNAVUTKÖY,HARAÇÇI,ARNAVUTKÖY|HARAÇÇI,2022,0.07227301050762677,499734.88038183446,0.0264531772209965,0.21760182284249502,191.0,0.16453382084095064,45.0,0.5932433320100644,14.0,0.014285714285714285,0.002793296089385475,0.000635117685201093,0.46479893754868806,11259.80442997881,0.08353165159447881,0.0847490474300092,0.13384928963513076,0.5,0.08684998638714948
ARNAVUTKÖY,HASTANE,ARNAVUTKÖY|HASTANE,2022,0.03742968596621512,259093.40560082137,0.0137149597600896,0.2551979493021931,224.0,0.8628884826325411,236.0,0.5416072861659379,13.0,0.02857142857142857,0.0111731843575419,0.0014366539157523422,0.46479893754868806,13205.215666572009,0.373538961038961,0.08332419787168274,0.14877300613496933,0.3125,0.08684998638714948
ARNAVUTKÖY,HİCRET,ARNAVUTKÖY|HİCRET,2022,0.03357148344472613,232447.16684505995,0.0123044565037618,0.05240672173170037,46.0,0.062157221206581355,17.0,0.17604235983583852,4.0,0.0,0.0,0.0003288471456510306,0.46479893754868806,2711.785360099609,0.13102766798418972,0.08802117991791925,0.2189618986115595,0.375,0.08684998638714948
ARNAVUTKÖY,KARABURUN,ARNAVUTKÖY|KARABURUN,2022,0.012189188497093544,84772.76843093995,0.0044873975278746,0.13557391056679008,119.0,0.16819012797074953,46.0,0.23030590358796263,7.0,0.0,0.0,0.0023326581475016568,0.46479893754868806,7015.27082286638,0.13705118411000763,0.06580168673941789,0.1162415240555376,0.1875,0.08684998638714948
ARNAVUTKÖY,KARLIBAYIR,ARNAVUTKÖY|KARLIBAYIR,2022,0.11468763070514626,792666.6511282466,0.0419593512933253,0.21190544004557108,186.0,0.16819012797074953,46.0,0.1328600029130955,6.0,0.014285714285714285,0.0,0.0003899265967673827,0.46479893754868806,10965.045151707114,0.08768328445747799,0.0442866676376985,0.2677994833710042,0.25,0.08684998638714948
ARNAVUTKÖY,MAREŞAL FEVZİ ÇAKMAK,ARNAVUTKÖY|MAREŞAL FEVZİ ÇAKMAK,2022,0.051744300188642206,357955.6675331484,0.0189481764876596,0.15608088863571631,137.0,0.24862888482632542,68.0,0.5803343205490328,14.0,0.02857142857142857,0.0,0.0006359922540255193,0.46479893754868806,8076.404224644488,0.17597876575978763,0.08290490293557612,0.22066285345265,0.4375,0.08684998638714948
ARNAVUTKÖY,MAVİGÖL,ARNAVUTKÖY|MAVİGÖL,2022,0.08319035790803479,575134.3037637345,0.030444402143216,0.0968385075477072,85.0,0.18281535648994515,50.0,0.1803834433360084,6.0,0.0,0.0,0.0002455897042191899,0.46479893754868823,5010.907730618844,0.20855614973262032,0.06012781444533614,0.04924120116241524,0.125,0.08684998638714948
ARNAVUTKÖY,MEHMET AKİF ERSOY,ARNAVUTKÖY|MEHMET AKİF ERSOY,2022,0.057762071820610654,399516.7257694576,0.0211481870976399,0.11734548561663344,103.0,0.06946983546617916,19.0,0.3043328011698077,8.0,0.04285714285714286,0.0,0.0004284131185920004,0.46479893754868806,6072.04113239695,0.06540158870255956,0.07608320029245193,0.18316112366806586,0.3125,0.08684998638714948
ARNAVUTKÖY,MUSTAFA KEMALPAŞA,ARNAVUTKÖY|MUSTAFA KEMALPAŞA,2022,0.11569486056695091,799622.9700954586,0.0423275800195348,0.3634292224437482,319.0,0.33638025594149906,92.0,0.4082903270949298,12.0,0.02857142857142857,0.0,0.0006629273303394894,0.46479893754868806,18805.641953734244,0.10225135366201196,0.06804838784915497,0.2460041976105909,0.375,0.08684998638714948
ARNAVUTKÖY,NENEHATUN,ARNAVUTKÖY|NENEHATUN,2022,0.06685274811571193,462300.452041329,0.0244716073808015,0.1594987183138707,140.0,0.16819012797074953,46.0,0.30650334291989273,9.0,0.02857142857142857,0.0,0.0005032273303790124,0.46479893754868806,8253.259791607506,0.11649350649350647,0.06811185398219838,0.3398450113012593,0.25,0.08684998638714948
ARNAVUTKÖY,SAZLIBOSNA,ARNAVUTKÖY|SAZLIBOSNA,2022,0.008698027365923195,60661.45946831516,0.0032110793158435,0.06379948732554827,56.0,0.021937842778793418,6.0,0.18152583373078998,6.0,0.02857142857142857,0.0,0.0015340364333652923,0.46479893754868806,3301.3039166430017,0.037987012987012965,0.060508611243596654,0.15579593154665805,0.5,0.08684998638714948
ARNAVUTKÖY,TAYAKADIN,ARNAVUTKÖY|TAYAKADIN,2022,0.025411214394851177,176089.19283951155,0.0093211797049801,0.49558530333238393,435.0,0.263254113345521,72.0,0.2327049234170039,9.0,0.02857142857142857,0.0,0.004105036815012706,0.46479893754868806,25644.057209637605,0.058683385579937276,0.051712205203778644,0.12764368743945753,0.5,0.08684998638714948
ARNAVUTKÖY,TAŞOLUK,ARNAVUTKÖY|TAŞOLUK,2022,0.1206285797205364,833697.1426636667,0.0441312766614761,0.14468812304186843,127.0,0.20109689213893966,55.0,0.4153731475425754,12.0,0.0,0.0,0.00025313716389563574,0.46479893754868806,7486.885668101095,0.15354330708661418,0.06922885792376257,0.21294801420729736,0.3125,0.08684998638714948
ARNAVUTKÖY,TERKOS,ARNAVUTKÖY|TERKOS,2022,0.007759084274410386,54176.75534633784,0.002867815249038,0.15608088863571631,137.0,0.025594149908592323,7.0,0.012680533382075324,1.0,0.0,0.0,0.004202116394388415,0.46479893754868806,8076.404224644488,0.018115461181154608,0.025361066764150647,0.1594284791733936,0.4375,0.08684998638714948
ARNAVUTKÖY,YASSIÖREN,ARNAVUTKÖY|YASSIÖREN,2022,0.005428798238201326,38082.8987527032,0.0020158962468755,0.05582455140985474,49.0,0.2376599634369287,65.0,0.5282413185469936,13.0,0.0,0.00558659217877095,0.002138092962370395,0.46479893754868806,2888.640927062627,0.4703153988868275,0.08126789516107594,0.14530190506942203,0.5625,0.08684998638714948
ARNAVUTKÖY,YAVUZ SELİM,ARNAVUTKÖY|YAVUZ SELİM,2022,0.01050762677865697,73159.2528670351,0.0038726427900503,0.35089718029051553,308.0,0.3217550274223035,88.0,0.4584412654258402,16.0,0.0,0.0,0.006995873645955579,0.46479893754868806,18157.17154153651,0.10129870129870129,0.05730515817823002,0.2814215369712625,0.25,0.08684998638714948
ARNAVUTKÖY,YENİKÖY,ARNAVUTKÖY|YENİKÖY,2022,0.01287205620001195,89488.9168832871,0.0047370441219149,0.097977784107092,86.0,0.17550274223034734,48.0,0.14851075132160288,4.0,0.0,0.0,0.0015969440539034935,0.46479893754868806,5069.859586273182,0.1978858350951374,0.07425537566080144,0.23668065870196964,0.3125,0.08684998638714948
ARNAVUTKÖY,YEŞİLBAYIR,ARNAVUTKÖY|YEŞİLBAYIR,2022,0.05019077616450283,347226.4298040586,0.0183802304862179,0.1105098262603247,97.0,0.07678244972577697,21.0,0.23316187957491652,9.0,0.0,0.0446927374301676,0.0004642153120406559,0.46479893754868806,5718.329998470915,0.07675726335520147,0.05181375101664811,0.2020503713270907,0.3125,0.08684998638714948
ARNAVUTKÖY,YUNUS EMRE,ARNAVUTKÖY|YUNUS EMRE,2022,0.16553566703370806,1143842.855261146,0.060548660802052,0.18000569638279693,158.0,0.2413162705667276,66.0,0.20071799236312018,8.0,0.014285714285714285,0.0,0.0002295362199230936,0.46479893754868806,9314.393193385613,0.1481012658227848,0.050179498090780046,0.32955279302550855,0.25,0.08684998638714948
ARNAVUTKÖY,ÇİLİNGİR,ARNAVUTKÖY|ÇİLİNGİR,2022,0.010046691079187046,69975.85266170077,0.0037041313390731,0.13215608088863573,116.0,0.054844606946983544,15.0,0.11195425868859293,5.0,0.02857142857142857,0.0,0.002754674522087718,0.46479893754868806,6838.415255903361,0.04584639498432601,0.044781703475437175,0.16467549241201163,0.375,0.08684998638714948
ARNAVUTKÖY,ÖMERLİ,ARNAVUTKÖY|ÖMERLİ,2022,0.06395056037830871,442256.8211188536,0.0234106093561302,0.14468812304186843,127.0,0.19378427787934185,53.0,0.6688695761446036,20.0,0.014285714285714285,0.10893854748603352,0.0004771881860586618,0.46479893754868806,7486.885668101095,0.14795991410164636,0.06688695761446037,0.30499946184479604,0.5625,0.08684998638714948
ARNAVUTKÖY,İMRAHOR,ARNAVUTKÖY|İMRAHOR,2022,0.09345044514438385,645994.4342602504,0.0341953422186716,0.33494730845912846,294.0,0.2340036563071298,64.0,0.1648469339669792,4.0,0.014285714285714285,0.002793296089385475,0.0007562738019846369,0.46479893754868823,17331.845562375765,0.07717996289424858,0.0824234669834896,0.19652449584642026,0.6875,0.08684998638714948
ARNAVUTKÖY,İSLAMBEY,ARNAVUTKÖY|İSLAMBEY,2022,0.16770377199047398,1158816.626597348,0.06134128873813,0.46026772999145543,404.0,0.5923217550274223,162.0,0.3903547978968593,12.0,0.014285714285714285,0.0,0.0005793315085255761,0.46479893754868806,23816.54968435309,0.14216921692169215,0.06505913298280988,0.2920164675492412,0.5,0.08684998638714948
ATAŞEHİR,ATATÜRK,ATAŞEHİR|ATATÜRK,2022,0.24251192884518535,1661274.2379972714,0.0681475407084505,0.5343207063514668,469.0,0.16087751371115175,44.0,0.32329648172318165,10.0,0.21428571428571427,0.0,0.0004651537323875979,0.4593577029354994,27414.152127677433,0.03326226012793174,0.06465929634463632,0.6035074265418147,0.4375,0.08684998638714948
ATAŞEHİR,AŞIKVEYSEL,ATAŞEHİR|AŞIKVEYSEL,2022,0.11965549324387767,819969.5651323219,0.0336361739931087,0.5206493876388494,457.0,0.24862888482632542,68.0,0.17672779407270742,7.0,0.02857142857142857,0.0,0.0009182976329220753,0.4593577029354994,26712.723928248583,0.05275512233936741,0.050493655449344976,0.6666733936067161,0.375,0.08684998638714948
ATAŞEHİR,BARBAROS,ATAŞEHİR|BARBAROS,2022,0.26826457709149576,1837624.9778036736,0.0753816679494834,1.0,872.75,0.14625228519195613,40.0,0.125891421504928,4.0,0.21428571428571427,0.002793296089385475,0.0007870076438935311,0.4593577029354994,51306.55017072252,0.016157013024002475,0.062945710752464,0.6650925626950812,0.5625,0.08684998638714948
ATAŞEHİR,ESATPAŞA,ATAŞEHİR|ESATPAŞA,2022,0.22948622741201677,1572075.951969903,0.0644885157930325,1.0,872.75,0.7056672760511883,193.0,0.2233373221797951,16.0,0.04285714285714286,0.0,0.0009199459493855673,0.4593577029354994,51306.55017072252,0.07795758784081196,0.027917165272474388,0.639106393283823,0.3125,0.08684998638714948
ATAŞEHİR,FERHATPAŞA,ATAŞEHİR|FERHATPAŞA,2022,0.23785135677276723,1629359.254923259,0.0668383483075211,0.9786385645115352,859.0,0.4680073126142596,128.0,0.12897587557083817,5.0,0.014285714285714285,0.002793296089385475,0.0008686429710777381,0.4593577029354994,50210.56860911495,0.05283098740607471,0.051590350228335274,0.31005812076202777,0.3125,0.08684998638714948
ATAŞEHİR,FETİH,ATAŞEHİR|FETİH,2022,0.10124367280394014,693887.8462849867,0.0284641446729536,0.2187410994018798,192.0,0.09506398537477148,26.0,0.1312606563604013,6.0,0.04285714285714286,0.0,0.0004559077193928693,0.4593577029354994,11222.85119086155,0.04801136363636361,0.043753552120133765,0.8131659670649014,0.3125,0.08684998638714948
ATAŞEHİR,KAYIŞDAĞI,ATAŞEHİR|KAYIŞDAĞI,2022,0.3752272669073775,2570091.375057247,0.1054283528872967,1.0,872.75,1.0,270.0,0.18461028779670022,6.0,0.11428571428571428,0.00558659217877095,0.0005627134187433154,0.4593577029354994,51306.55017072252,0.11047357655161698,0.06153676259890006,0.620648510655473,0.5,0.08684998638714948
ATAŞEHİR,KÜÇÜKBAKKALKÖY,ATAŞEHİR|KÜÇÜKBAKKALKÖY,2022,0.2550084078085922,1746848.4783275905,0.0716579027505029,1.0,872.75,0.5959780621572212,163.0,0.16370454357219763,7.0,0.6428571428571429,0.00558659217877095,0.000827905180148062,0.4593577029354994,51306.55017072252,0.06583982807281011,0.04677272673491361,0.9253662818856958,0.25,0.08684998638714948
ATAŞEHİR,MEVLANA,ATAŞEHİR|MEVLANA,2022,0.1618396455916622,1108841.078597102,0.0454860436733157,0.4819139846197664,423.0,0.5228519195612431,143.0,0.346258528658291,12.0,0.07142857142857142,0.0,0.0006285445404789619,0.4593577029354994,24725.344029866857,0.11985815602836879,0.057709754776381836,0.5719496690345496,0.25,0.08684998638714948
ATAŞEHİR,MUSTAFA KEMAL,ATAŞEHİR|MUSTAFA KEMAL,2022,0.12493918209520882,856151.56975286,0.0351204049384847,0.7997721446881231,702.0,0.43875685557586835,120.0,0.3328925610393467,11.0,0.014285714285714285,0.0,0.001350987878957278,0.4593577029354994,41033.54966658754,0.06060606060606058,0.060525920188972133,0.7406865515014529,0.375,0.08684998638714948
ATAŞEHİR,MİMAR SİNAN,ATAŞEHİR|MİMAR SİNAN,2022,0.08443659146586088,578795.1692287035,0.0237428995494555,0.4226716035317573,371.0,0.2742230347349177,75.0,0.19272125959964928,7.0,0.0,0.0,0.001056121805777153,0.4593577029354994,21685.821832341848,0.07167360940945845,0.055063217028471216,0.6190062964158863,0.3125,0.08684998638714948
ATAŞEHİR,SEYMEN ÇAMLICA,ATAŞEHİR|SEYMEN ÇAMLICA,2022,0.11160619019572696,764848.999127205,0.0313750596449834,0.48077470806038164,422.0,0.2449725776965265,67.0,0.19055071784956432,8.0,0.014285714285714285,0.002793296089385475,0.0009090792520766389,0.4593577029354994,24666.891679914446,0.056290392072382574,0.04763767946239108,0.5346187554776511,0.4375,0.08684998638714948
ATAŞEHİR,YENİSAHRA,ATAŞEHİR|YENİSAHRA,2022,0.08499995732076857,582653.0243255622,0.0239011535759415,0.7166049558530333,629.0,0.09506398537477148,26.0,0.1198367524125857,4.0,0.07142857142857142,0.002793296089385475,0.0017787120126687278,0.4593577029354994,36766.52812006206,0.014655297008238156,0.05991837620629285,0.9378834355828221,0.3125,0.08684998638714948
ATAŞEHİR,ESENŞEHİR,ATAŞEHİR|ESENŞEHİR,2022,0.0924858945140116,633915.7352338203,0.0260040138975808,0.30076901167758474,264.0,0.08043875685557587,22.0,0.10430024304355649,4.0,0.05714285714285714,0.0,0.0006861789523517781,0.4593577029354994,15431.42038743463,0.02954545454545453,0.05215012152177823,0.5729767286313945,0.4375,0.08684998638714948
ATAŞEHİR,ÖRNEK,ATAŞEHİR|ÖRNEK,2022,0.22834242400962843,1564243.3370762807,0.0641672121635003,1.0,872.75,0.40585009140767825,111.0,0.12337816263640854,7.0,0.05714285714285714,0.0,0.0009245523825240026,0.4593577029354994,51306.55017072252,0.04483571114160687,0.035250903610402444,0.7739776973107616,0.4375,0.08684998638714948
ATAŞEHİR,İNÖNÜ,ATAŞEHİR|İNÖNÜ,2022,0.21893592140192739,1499828.8474287316,0.0615248494788407,1.0,872.75,0.7714808043875686,211.0,0.2431006760095161,6.0,0.05714285714285714,0.0,0.0009642599598084428,0.4593577029354994,51306.55017072252,0.0852282437016131,0.0810335586698387,0.6809412334517275,0.3125,0.08684998638714948
ATAŞEHİR,İÇERENKÖY,ATAŞEHİR|İÇERENKÖY,2022,0.6215973982740519,4257201.551733481,0.1746357160155472,1.0,872.75,1.0,270.0,0.45992637293905625,18.0,0.18571428571428572,0.0335195530726257,0.00033971257563605053,0.4593577029354994,51306.55017072252,0.11047357655161698,0.0511029303265618,0.7496922424927348,0.75,0.08684998638714948
AVCILAR,AMBARLI,AVCILAR|AMBARLI,2022,0.31824195709883657,1843302.0400354953,0.085512241093478,0.5069780689262319,445.0,1.0,270.0,0.434108350016993,10.0,0.11428571428571428,0.0,0.00033635331459184916,0.36104852905364526,21995.26473643299,0.21790602655771193,0.0868216700033986,0.6025236115595738,0.25,0.08684998638714948
AVCILAR,CİHANGİR,AVCILAR|CİHANGİR,2022,0.5531399110564817,3203499.0968487523,0.1486128595111817,0.42495015665052693,373.0,0.42413162705667273,116.0,0.22230917082449167,6.0,0.04285714285714286,0.00558659217877095,0.00016222449484249127,0.36104852905364526,18436.480329639337,0.11026078479161588,0.07410305694149723,0.4257648530836293,0.375,0.08684998638714948
AVCILAR,DENİZKÖŞKLER,AVCILAR|DENİZKÖŞKLER,2022,0.3712580983841643,2150296.6226826534,0.0997539628490781,0.5844488749643976,513.0,0.8957952468007313,245.0,0.434108350016993,10.0,0.05714285714285714,0.002793296089385475,0.00033239248539361347,0.36104852905364526,25356.33889840477,0.16932482721956404,0.0868216700033986,0.44246448175653863,0.25,0.08684998638714948
AVCILAR,FİRUZKÖY,AVCILAR|FİRUZKÖY,2022,0.20735277799117394,1201188.5924152683,0.0557240898574452,0.5286243235545429,464.0,0.5776965265082267,158.0,0.29565063416946785,8.0,0.0,0.00558659217877095,0.0005381941663596612,0.36104852905364526,22934.38839933687,0.12072884012539181,0.07391265854236696,0.33802873748789153,0.5,0.08684998638714948
AVCILAR,GÜMÜŞPALA,AVCILAR|GÜMÜŞPALA,2022,0.324063404266216,1877011.6367776245,0.087076055976318,0.5833095984050128,512.0,0.39488117001828155,108.0,0.32398191596005055,7.0,0.07142857142857142,0.0,0.00038004515510469186,0.36104852905364526,25306.911337199304,0.07478693181818181,0.09256626170287159,0.3519535033903778,0.25,0.08684998638714948
AVCILAR,SARIYER MERKEZ,AVCILAR|SARIYER MERKEZ,2022,0.25514498134917585,1477933.5076046805,0.0685625055891477,0.30988322415266306,272.0,0.6691042047531993,183.0,0.40326380935789086,9.0,0.07142857142857142,0.0,0.0002564166447262544,0.36104852905364526,13444.296647887131,0.23853609625668448,0.08961417985730907,0.4677106877623507,0.3125,0.08684998638714948
AVCILAR,MUSTAFA KEMALPAŞA,AVCILAR|MUSTAFA KEMALPAŞA,2022,0.38842368526627574,2249695.4482668485,0.1043651530681268,0.32127598974651095,282.0,0.720292504570384,197.0,0.30399008405137323,5.0,0.02857142857142857,0.002793296089385475,0.0001746455737359245,0.36104852905364526,13938.572259941804,0.24767891682785295,0.1215960336205493,0.2909267032612205,0.3125,0.08684998638714948
AVCILAR,TAHTAKALE,AVCILAR|TAHTAKALE,2022,0.4493952352906029,2602756.517957502,0.1207439356313616,0.4386214753631444,385.0,0.3583180987202925,98.0,0.17261518865149383,6.0,0.22857142857142856,0.00558659217877095,0.00020609117310358522,0.36104852905364526,19029.611064104945,0.0902479338842975,0.0575383962171646,0.5985126735550533,0.375,0.08684998638714948
AVCILAR,YEŞİLKENT,AVCILAR|YEŞİLKENT,2022,0.6559712512697071,3798952.9266910185,0.1762364341351897,0.7177442324124181,630.0,0.5228519195612431,143.0,0.7644876521878202,23.0,0.02857142857142857,0.0,0.0002310515263241126,0.36104852905364526,31139.36355944446,0.08047619047619044,0.06647718714676698,0.27123022279625447,0.5625,0.08684998638714948
AVCILAR,ÜNİVERSİTE,AVCILAR|ÜNİVERSİTE,2022,0.19874864493440203,1151365.6107201574,0.0534127622886728,0.16519510111079463,145.0,0.3875685557586837,106.0,0.33426342951308463,6.0,0.08571428571428572,0.0,0.00017546356667586722,0.36104852905364526,7166.996374792771,0.25918495297805644,0.11142114317102822,0.44712625121084926,0.3125,0.08684998638714948
BAHÇELİEVLER,BAHÇELİEVLER,BAHÇELİEVLER|BAHÇELİEVLER,2022,0.5094534497622767,2736896.666454871,0.0938831422716342,0.5297636001139276,465.0,0.4753199268738574,130.0,0.08133819610844711,4.0,0.4142857142857143,0.00558659217877095,0.0002195762145330447,0.32206393852868115,21319.67953063147,0.09912023460410553,0.04066909805422356,0.38777445915402003,0.75,0.08684998638714948
BAHÇELİEVLER,CUMHURİYET,BAHÇELİEVLER|CUMHURİYET,2022,0.3476479475557604,1867787.3219760535,0.0640702826056527,0.3417829678154372,300.0,0.2522851919561243,69.0,0.2180823263637999,5.0,0.07142857142857142,0.0,0.0002075795532163134,0.32206393852868104,13754.63195524611,0.08154545454545455,0.08723293054551996,0.5600177591217307,0.375,0.08684998638714948
BAHÇELİEVLER,FEVZİ ÇAKMAK,BAHÇELİEVLER|FEVZİ ÇAKMAK,2022,0.21565815642791905,1158827.7422294847,0.0397510038013126,0.21646254628311024,190.0,0.5338208409506399,146.0,0.05232148008099547,3.0,0.02857142857142857,0.0,0.00021189731742775778,0.32206393852868104,8711.266904989203,0.27244019138755976,0.03488098672066365,0.41945834678721344,0.25,0.08684998638714948
BAHÇELİEVLER,HÜRRİYET,BAHÇELİEVLER|HÜRRİYET,2022,0.4143982655160346,2226324.7282761354,0.0763691094988778,0.5707775562517802,501.0,0.8555758683729433,234.0,0.5390940272974185,15.0,0.0,0.0,0.0002908305047779298,0.32206393852868104,22970.235365261004,0.16559608056614042,0.0718792036396558,0.5826202776880852,0.25,0.08684998638714948
BAHÇELİEVLER,KOCASINAN MERKEZ,BAHÇELİEVLER|KOCASINAN MERKEZ,2022,0.6529068824528608,3507431.148587758,0.1203146109119847,0.0,0.0,0.0,0.0,0.0,0.0,0.0,0.0,0.0,0.32206393852868104,0.0,0.0,0.0,0.51703261220536,0.0,0.08684998638714948
BAHÇELİEVLER,KOCASİNAN MERKEZ,BAHÇELİEVLER|KOCASİNAN MERKEZ,2022,0.6178586976005737,3319176.085893623,0.1138569404230356,0.913699800626602,802.0,0.40585009140767825,111.0,0.44119117046463874,9.0,0.21428571428571427,0.002793296089385475,0.0003122732741580238,0.32206393852868104,36770.71609369127,0.04907050555429606,0.09804248232547527,0.5096666128511463,0.75,0.08684998638714948
BAHÇELİEVLER,SOĞANLI,BAHÇELİEVLER|SOĞANLI,2022,0.5668058009611363,3044954.5734792,0.1044503824117339,0.68014810595272,597.0,0.42413162705667273,116.0,0.3095877969858029,7.0,0.05714285714285714,0.0,0.00025338695616013564,0.32206393852868104,27371.71759093976,0.06888990406578345,0.08845365628165797,0.5168019742608055,0.4375,0.08684998638714948
BAHÇELİEVLER,SİYAVUŞPAŞA,BAHÇELİEVLER|SİYAVUŞPAŞA,2022,0.54208599011549,2912176.5263378904,0.0998957273372096,0.6083736827114782,534.0,1.0,270.0,0.34900026560576675,10.0,0.014285714285714285,0.0,0.00023698142219072993,0.32206393852868104,24483.244880338076,0.18158835546475993,0.06980005312115335,0.6272198902163384,0.1875,0.08684998638714948
BAHÇELİEVLER,YENİBOSNA MERKEZ,BAHÇELİEVLER|YENİBOSNA MERKEZ,2022,0.03160823879883571,170236.4948327627,0.005839583664264,0.517231557960695,454.0,0.40219378427787933,110.0,0.4422193218199421,12.0,0.21428571428571427,0.01675977653631285,0.0034466241411908465,0.32206393852868104,20815.34302560578,0.08590308370044052,0.07370322030332369,0.5871357361963191,0.75,0.08684998638714948
BAHÇELİEVLER,ZAFER,BAHÇELİEVLER|ZAFER,2022,0.7293453859482898,3918006.912451854,0.1343984977187406,0.6334377670179436,556.0,0.9250457038391224,253.0,0.36773546808018437,8.0,0.08571428571428572,0.0,0.00018340042386608756,0.322063938528681,25491.917890389457,0.16133093525179856,0.09193386702004609,0.47860833064255737,0.3125,0.08684998638714948
BAHÇELİEVLER,ÇOBANÇEŞME,BAHÇELİEVLER|ÇOBANÇEŞME,2022,0.2876409481618055,1545470.4464914529,0.0530139203218455,0.3816576473939049,335.0,0.29981718464351004,82.0,0.20323125123163963,4.0,0.014285714285714285,0.0,0.0002801398190380393,0.32206393852868104,15359.339016691489,0.08678426051560377,0.10161562561581981,0.2809170164675493,0.1875,0.08684998638714948
BAHÇELİEVLER,ŞİRİNEVLER,BAHÇELİEVLER|ŞİRİNEVLER,2022,0.5109386870161242,2744874.3529889137,0.0941567990337085,0.5992594702363999,526.0,0.8007312614259597,219.0,0.3143858366438855,9.0,0.21428571428571427,0.0,0.00024765894363573015,0.32206393852868104,24116.45469486485,0.14761493259592115,0.06986351925419677,0.5593546750311361,0.4375,0.08684998638714948
BAKIRKÖY,ATAKÖY 1. KISIM,BAKIRKÖY|ATAKÖY 1. KISIM,2022,0.012257475267385385,104297.51065417462,0.0066605864632562,0.02962119054400456,26.0,0.018281535648994516,5.0,0.21488363325841156,5.0,0.0,0.0,0.0005068367261689271,0.6083330009904313,1875.3355995909685,0.06818181818181818,0.08595345330336462,0.0887956086535357,0.1875,0.08684998638714948
BAKIRKÖY,ATAKÖY 2-5-6. KISIM,BAKIRKÖY|ATAKÖY 2-5-6. KISIM,2022,0.10640785980726059,899872.5746344968,0.0574671346580806,0.08202791227570493,72.0,0.051188299817184646,14.0,0.19843321157355706,6.0,0.014285714285714285,0.0,0.00016267475163051314,0.6083330009904312,5193.237045021142,0.06893939393939391,0.06614440385785236,0.05559815950920245,0.25,0.08684998638714948
BAKIRKÖY,ATAKÖY 3-4-11. KISIM,BAKIRKÖY|ATAKÖY 3-4-11. KISIM,2022,0.06966957739025036,589432.4046098996,0.0376419865682779,0.08316718883508972,73.0,0.1316270566727605,36.0,0.10007339858286471,3.0,0.0,0.0,0.00025180104268298693,0.6083330009904312,5265.365337313103,0.17484433374844333,0.06671559905524313,0.13666451404585084,0.3125,0.08684998638714948
BAKIRKÖY,ATAKÖY 7-8-9-10. KISIM,BAKIRKÖY|ATAKÖY 7-8-9-10. KISIM,2022,0.21366930424316918,1806236.6955752703,0.1153488286396005,0.097977784107092,86.0,0.12797074954296161,35.0,0.20391668546850855,5.0,0.07142857142857142,0.0,9.68038125479396e-05,0.6083330009904313,6203.033137108588,0.14429175475687103,0.08156667418740343,0.3790967064901518,0.75,0.08684998638714948
BAKIRKÖY,BASINKÖY,BAKIRKÖY|BASINKÖY,2022,0.04880796906609306,413150.8582483487,0.0263843978295516,0.07177442324124181,63.0,0.12431444241316271,34.0,0.07951037147679661,3.0,0.02857142857142857,0.0,0.0003100277454913577,0.6083330009904313,4544.082414393501,0.1913419913419913,0.05300691431786442,0.3761704875686148,0.1875,0.08684998638714948
BAKIRKÖY,CEVİZLİK,BAKIRKÖY|CEVİZLİK,2022,0.045735064402960234,387184.67302324297,0.0247261605357948,0.16177727143264028,142.0,0.18281535648994515,50.0,0.15867802583515875,4.0,0.07142857142857142,0.0,0.0007456565878834556,0.6083330009904313,10242.217505458366,0.12483994878361074,0.07933901291757937,0.19121327090732967,0.25,0.08684998638714948
BAKIRKÖY,KARTALTEPE,BAKIRKÖY|KARTALTEPE,2022,0.31949672650294914,2700483.263410994,0.1724566785507006,0.4784961549416121,420.0,1.0,270.0,0.3799590453043471,13.0,0.12857142857142856,0.0,0.00031621063500258126,0.6083330009904312,30293.88276262333,0.23087662337662337,0.05845523773913031,0.2573054568937682,0.375,0.08684998638714948
BAKIRKÖY,OSMANİYE,BAKIRKÖY|OSMANİYE,2022,0.2015825459015134,1704103.0336898542,0.1088264286174907,0.27570492737111935,231.0,0.31078610603290674,85.0,0.2683475037341886,5.0,0.0,0.0,0.0002887275251869599,0.6083330009904312,17455.046734654396,0.1245304282494365,0.10733900149367544,0.346168334947799,0.5625,0.08684998638714948
BAKIRKÖY,SAKIZAĞACI,BAKIRKÖY|SAKIZAĞACI,2022,0.07198279173388646,608979.1718210209,0.0388902707533003,0.10367416690401594,91.0,0.16819012797074953,46.0,0.16450421684854472,5.0,0.0,0.0,0.00030381388974783135,0.6083330009904312,6563.674598568388,0.1792207792207792,0.06580168673941789,0.14651275427833388,0.1875,0.08684998638714948
BAKIRKÖY,YENİMAHALLE,BAKIRKÖY|YENİMAHALLE,2022,0.005599515163930928,48037.442666445575,0.0030677389934499,0.06493876388493307,57.0,0.04753199268738574,13.0,0.18061192141496474,5.0,0.014285714285714285,0.0,0.0024124795936876476,0.6083330009904313,4111.312660641738,0.08086124401913872,0.0722447685659859,0.28111882466903454,0.375,0.08684998638714948
BAKIRKÖY,YEŞİLKÖY,BAKIRKÖY|YEŞİLKÖY,2022,0.21364369670430974,1806020.3106983944,0.1153350099954859,0.3976075192252919,349.0,0.4716636197440585,129.0,0.20037527524468574,8.0,0.17142857142857143,0.00558659217877095,0.00039289044660798954,0.6083330009904312,25172.774009894147,0.13104975253972384,0.050093818811171434,0.23242538862493656,0.4375,0.08684998638714948
BAKIRKÖY,YEŞİLYURT,BAKIRKÖY|YEŞİLYURT,2022,0.07189743327102166,608257.8888981013,0.0388442086062515,0.05012816861293079,44.0,0.04753199268738574,13.0,0.03027334546171135,2.0,0.014285714285714285,0.0,0.00014707321906508232,0.6083330009904312,3173.6448608462533,0.10475206611570245,0.03027334546171135,0.1909105586051017,0.1875,0.08684998638714948
BAKIRKÖY,ZEYTİNLİK,BAKIRKÖY|ZEYTİNLİK,2022,0.045939924713835754,388915.75203825,0.024836709688712,0.12418114497294218,109.0,0.3912248628884826,107.0,0.19512027942869056,7.0,0.014285714285714285,0.0,0.0005698225559118157,0.6083330009904312,7861.983859823674,0.34804003336113426,0.05574865126534016,0.225783015821763,0.3125,0.08684998638714948
BAKIRKÖY,ZUHURATBABA,BAKIRKÖY|ZUHURATBABA,2022,0.17702491613531024,1496589.9367658845,0.0955743489115514,0.37368271147821136,328.0,0.24862888482632542,68.0,0.2558954484310696,7.0,0.08571428571428572,0.0,0.0004455943700367545,0.6083330009904312,23658.07987176298,0.07350332594235032,0.07311298526601989,0.32511301259283176,0.375,0.08684998638714948
BAKIRKÖY,ŞENLİKKÖY,BAKIRKÖY|ŞENLİKKÖY,2022,0.24811997985540277,2097346.4832656216,0.1339395111884955,0.3167188835089718,276.0,0.6873857404021938,188.0,0.3609953647509731,11.0,0.15714285714285714,0.0,0.0002694903917304579,0.608333000990431,20051.66525716496,0.23976455199476782,0.0656355208638133,0.2772844688408137,0.375,0.08684998638714948
BAYRAMPAŞA,ALTINTEPSİ,BAYRAMPAŞA|ALTINTEPSİ,2022,0.25205500499347006,1538931.9728824636,0.1084664730311787,0.45001424095699233,395.0,0.2961608775137112,81.0,0.42268444606917743,16.0,0.07142857142857142,0.002793296089385475,0.00037693314560139024,0.39014162966125704,20578.83236699188,0.0727042577675489,0.05283555575864718,0.2953895474883528,0.4375,0.08684998638714948
BAYRAMPAŞA,CEVATPAŞA,BAYRAMPAŞA|CEVATPAŞA,2022,0.15972275571261513,975384.5558856252,0.0687467181722376,0.2187410994018798,192.0,0.08043875685557587,22.0,0.04306811788326483,3.0,0.04285714285714286,0.0111731843575419,0.00028907598210195235,0.39014162966125704,10002.87547965175,0.04062499999999999,0.02871207858884323,0.6025236115595738,0.25,0.08684998638714948
BAYRAMPAŞA,KARTALTEPE,BAYRAMPAŞA|KARTALTEPE,2022,0.3725896904048552,2274612.205424976,0.1603184336822933,0.4260894332099117,374.0,0.5557586837294333,152.0,0.2839982521426959,17.0,0.14285714285714285,0.0,0.00024146316718265303,0.39014162966125704,19484.76786140497,0.14409333981526493,0.03341155907561129,0.42048756861478853,0.3125,0.08684998638714948
BAYRAMPAŞA,KOCATEPE,BAYRAMPAŞA|KOCATEPE,2022,0.18254760868266284,1114695.436263692,0.0785655796396323,0.4169752207348334,366.0,0.2449725776965265,67.0,0.30330464981450433,19.0,0.22857142857142856,0.0,0.00048218258195410047,0.39014162966125704,19067.98138308615,0.06490312965722801,0.031926805243632034,0.38257069053000603,0.4375,0.08684998638714948
BAYRAMPAŞA,MURATPAŞA,BAYRAMPAŞA|MURATPAŞA,2022,0.2789685283347417,1703197.94364987,0.1200442105804291,0.3793790942751353,333.0,0.3473491773308958,95.0,0.1573071573614209,9.0,0.05714285714285714,0.0,0.00028712153374550514,0.39014162966125704,17348.737160021003,0.10114660114660114,0.03495714608031575,0.38787536325476274,0.375,0.08684998638714948
BAYRAMPAŞA,ORTA,BAYRAMPAŞA|ORTA,2022,0.13584799364933037,829665.5834034069,0.0584762037652432,0.22671603531757334,199.0,0.2449725776965265,67.0,0.4351365013722964,17.0,0.02857142857142857,0.00558659217877095,0.00035223836566118443,0.3901416296612572,10367.56364818072,0.1193695751484696,0.05119252957321135,0.3693090087181143,0.375,0.08684998638714948
BAYRAMPAŞA,TERAZİDERE,BAYRAMPAŞA|TERAZİDERE,2022,0.13400425085145068,818412.3484887987,0.0576830571396048,0.40558245514098545,356.0,0.32541133455210236,89.0,0.42051390431909247,16.0,0.02857142857142857,0.0,0.0006387993716251232,0.3901416296612572,18546.998285187623,0.08863636363636362,0.05256423803988656,0.24626366529821486,0.4375,0.08684998638714948
BAYRAMPAŞA,VATAN,BAYRAMPAŞA|VATAN,2022,0.08931909554172748,545677.6967389189,0.0384602673932281,0.21646254628311024,190.0,0.16087751371115175,44.0,0.41171749827927445,15.0,0.014285714285714285,0.0,0.0005113332726739144,0.39014162966125704,9898.678860072045,0.08210526315789471,0.05489566643723659,0.31199547949628675,0.1875,0.08684998638714948
BAYRAMPAŞA,SEYİTNİZAM,BAYRAMPAŞA|SEYİTNİZAM,2022,0.15490853840704036,946001.1091641485,0.0666757242052927,0.3292509256622045,289.0,0.29981718464351004,82.0,0.4050916339895414,15.0,0.1,0.002793296089385475,0.00044863469131138975,0.39014162966125704,15056.411529267478,0.1005976722239698,0.05401221786527218,0.3626493380690991,0.375,0.08684998638714948
BAYRAMPAŞA,YILDIRIM,BAYRAMPAŞA|YILDIRIM,2022,0.4235572285814277,2585691.2131801876,0.1822437971160307,0.46482483622899456,408.0,0.4753199268738574,130.0,0.16027737238785295,11.0,0.11428571428571428,0.0,0.00023172354256290625,0.3901416296612572,21256.11039425997,0.11296791443850264,0.029141340434155078,0.3872026692498116,0.5625,0.08684998638714948
BAYRAMPAŞA,İSMET PAŞA,BAYRAMPAŞA|İSMET PAŞA,2022,0.14013298848514336,855818.934917913,0.0603195352748289,0.24950156650526917,219.0,0.2340036563071298,64.0,0.1530803129007291,11.0,0.05714285714285714,0.0,0.00037579316749352336,0.3901416296612572,11409.529843977778,0.10361145703611456,0.027832784163768932,0.40492815628027123,0.25,0.08684998638714948
BAĞCILAR,100. YIL,BAĞCILAR|100. YIL,2022,0.4113424325454747,2415649.7425537715,0.0673847852983734,0.7724295072628881,677.0,0.3802559414990859,104.0,0.2588656634575016,14.0,0.11428571428571428,0.002793296089385475,0.00039650226962599906,0.36856108751942446,33979.47148239538,0.05438455349959773,0.03698080906535737,0.8021472392638036,0.3125,0.08684998638714948
BAĞCILAR,15 TEMMUZ,BAĞCILAR|15 TEMMUZ,2022,0.6400177545602759,3758289.921039571,0.1048378640980294,0.9091426943890629,798.0,0.4826325411334552,132.0,0.27554456322131243,16.0,0.07142857142857142,0.008379888268156424,0.00029995945768160586,0.36856108751942446,39993.53723149191,0.05864661654135336,0.034443070402664054,0.7938125605424603,0.375,0.08684998638714948
BAĞCILAR,BARBAROS,BAĞCILAR|BARBAROS,2022,0.2325079169974307,1365643.979976094,0.038094772087041,0.35887211620620907,315.0,0.21206581352833637,58.0,0.28525488157695567,6.0,0.04285714285714286,0.0,0.000325853962746247,0.36856108751942446,15786.922591378385,0.06528138528138527,0.0950849605256519,0.6773692282854374,0.3125,0.08684998638714948
BAĞCILAR,BAĞLAR,BAĞCILAR|BAĞLAR,2022,0.11140132988485144,654580.9395745811,0.0182595991863496,0.3930504129877528,345.0,0.20475319926873858,56.0,0.10018763762234287,8.0,0.14285714285714285,0.013966480446927373,0.0007445702637443613,0.36856108751942446,17290.439028652516,0.05754940711462449,0.02504690940558572,0.7633899741685501,0.375,0.08684998638714948
BAĞCILAR,DEMİRKAPI,BAĞCILAR|DEMİRKAPI,2022,0.4598089677601086,2700215.2869151887,0.0753227689275054,0.9296496724579891,816.0,0.8811700182815356,241.0,0.38110143569912863,14.0,0.4,0.0,0.0004269152953316603,0.3685610875194243,40895.64709385637,0.10471256684491977,0.054443062242732654,0.6782773651921213,0.375,0.08684998638714948
BAĞCILAR,FATİH,BAĞCILAR|FATİH,2022,0.3609467960700964,2119757.7076982222,0.0591308481116182,0.8635716320136713,758.0,0.3327239488117002,90.0,0.3115298606569316,9.0,0.0,0.0,0.0005051646243857607,0.3685610875194243,37988.84864845972,0.04256416406812184,0.06922885792376257,0.7214643203099773,0.375,0.08684998638714948
BAĞCILAR,FEVZİ ÇAKMAK,BAĞCILAR|FEVZİ ÇAKMAK,2022,0.286352035372547,1681783.369520268,0.0469135112086621,0.652805468527485,572.0,0.4570383912248629,125.0,0.28719694524808437,15.0,0.17142857142857143,0.0,0.0004813206738489434,0.36856108751942446,28717.163951935916,0.07734412184673964,0.03829292603307792,0.6909912818856958,0.4375,0.08684998638714948
BAĞCILAR,GÖZTEPE,BAĞCILAR|GÖZTEPE,2022,0.22333188223946462,1311767.974307104,0.0365918956514445,0.4420393050412988,387.0,0.42413162705667273,116.0,0.20974287648189452,9.0,0.02857142857142857,0.0,0.0004178540823595115,0.36856108751942446,19445.479255412105,0.10599812558575442,0.04660952810708767,0.8151033257991604,0.375,0.08684998638714948
BAĞCILAR,GÜNEŞLİ,BAĞCILAR|GÜNEŞLİ,2022,0.402866337183,2365883.348479998,0.0659965468792596,0.7245798917687268,636.0,0.376599634369287,103.0,0.17878409678331422,8.0,0.11428571428571428,0.0,0.00037976394980667036,0.36856108751942446,31874.54847021159,0.057418524871355056,0.044696024195828556,0.6882290321278656,0.5,0.08684998638714948
BAĞCILAR,HÜRRİYET,BAĞCILAR|HÜRRİYET,2022,0.22194907514105486,1303648.9855458236,0.0363654156676615,0.32241526630589573,283.0,0.31078610603290674,85.0,0.025475305803628803,3.0,0.1,0.0,0.0003066731204080306,0.3685610875194243,14183.17172495264,0.10648891744298104,0.016983537202419203,0.7069139489828866,0.3125,0.08684998638714948
BAĞCILAR,KAZIM KARABEKİR,BAĞCILAR|KAZIM KARABEKİR,2022,0.23740749276587028,1394411.2611426057,0.0388972382024199,0.29051552264312164,255.0,0.19744058500914077,54.0,0.3420316841975992,8.0,0.05714285714285714,0.0,0.0002583445157994195,0.36856108751942446,12779.88971683012,0.0750802139037433,0.0855079210493998,0.691344446238295,0.375,0.08684998638714948
BAĞCILAR,KEMALPAŞA,BAĞCILAR|KEMALPAŞA,2022,0.28868232140875605,1695465.3690994624,0.0472951719220741,0.8476217601822843,744.0,0.21572212065813529,59.0,0.09687470547747636,5.0,0.11428571428571428,0.0,0.0006199175903203345,0.36856108751942446,37287.20764439846,0.0281158357771261,0.03874988219099054,0.8214602841459476,0.25,0.08684998638714948
BAĞCILAR,KİRAZLI,BAĞCILAR|KİRAZLI,2022,0.34558227275443226,2029546.7214617743,0.0566144038473636,1.0,872.75,0.5521023765996343,151.0,0.16987345170401805,7.0,0.1,0.0,0.0006109725975090091,0.36856108751942446,43990.3850939123,0.06099272416560938,0.04853527191543373,0.46992481203007525,0.4375,0.08684998638714948
BAĞCILAR,MAHMUTBEY,BAĞCILAR|MAHMUTBEY,2022,0.23570885935486074,1384437.9354420204,0.0386190313087607,0.9239532896610653,806.0,0.4680073126142596,128.0,0.3251243063548322,13.0,0.14285714285714285,0.00558659217877095,0.0008275558458066812,0.36856108751942446,40645.06102097736,0.05595785225871537,0.05001912405458957,0.7556341180614671,0.6875,0.08684998638714948
BAĞCILAR,SARIYER MERKEZ,BAĞCILAR|SARIYER MERKEZ,2022,0.22238440330166534,1306204.9634891895,0.0364367149218154,0.29735118199943034,261.0,0.19012797074954296,52.0,0.06808646752898101,2.0,0.014285714285714285,0.0,0.0002822793607744992,0.36856108751942446,13080.593004284943,0.07063740856844301,0.06808646752898101,0.5020988052954473,0.5625,0.08684998638714948
BAĞCILAR,SANCAKTEPE,BAĞCILAR|SANCAKTEPE,2022,0.16214693605797548,952527.7802277382,0.0265708553813461,0.21418399316434064,188.0,0.14625228519195613,40.0,0.0621460374761169,3.0,0.02857142857142857,0.0,0.00027882399553090623,0.36856108751942446,9422.036340251225,0.07543520309477755,0.041430691650744596,0.4996771068776235,0.25,0.08684998638714948
BAĞCILAR,YAVUZ SELİM,BAĞCILAR|YAVUZ SELİM,2022,0.023951584679863084,141130.07624546514,0.0039368372489672,0.505838792366847,444.0,0.27787934186471663,76.0,0.07939613243731847,5.0,0.0,0.0,0.004444402074435632,0.3685610875194243,22252.043271657145,0.06068796068796065,0.03175845297492739,0.6040455817457755,0.5625,0.08684998638714948
BAĞCILAR,YENİGÜN,BAĞCILAR|YENİGÜN,2022,0.18601316227497375,1092655.5121816874,0.0304797321384883,0.4784961549416121,420.0,0.17550274223034734,48.0,0.1130966490833745,7.0,0.0,0.0,0.0005430201896384114,0.36856108751942446,21049.230121837845,0.04051948051948048,0.03231332830953557,0.4493057797868905,0.3125,0.08684998638714948
BAĞCILAR,YENİMAHALLE,BAĞCILAR|YENİMAHALLE,2022,0.2974913147764035,1747186.3345416924,0.0487379333002467,0.4465964112788379,392.0,0.3290676416819013,90.0,0.14702564380838684,7.0,0.05714285714285714,0.0,0.00031695440392204126,0.3685610875194243,19645.94811371532,0.08140074211502779,0.04200732680239624,0.85439538262835,0.3125,0.08684998638714948
BAĞCILAR,YILDIZTEPE,BAĞCILAR|YILDIZTEPE,2022,0.2668561624542265,1567315.6514291307,0.0437204230422413,0.6653375106807178,584.0,0.3619744058500914,99.0,0.2604650100101958,12.0,0.04285714285714286,0.0,0.0005263884170512247,0.36856108751942446,29268.453312269765,0.0601027397260274,0.0434108350016993,0.49261381982563773,0.375,0.08684998638714948
BAĞCILAR,ÇINAR,BAĞCILAR|ÇINAR,2022,0.280556195744027,1647753.7808232969,0.0459642525112016,0.4762176018228425,418.0,0.28153564899451555,77.0,0.05369234855473335,3.0,0.05714285714285714,0.0,0.000358371869808701,0.36856108751942446,20948.99569268624,0.06531100478468897,0.0357948990364889,0.5209880529544721,0.3125,0.08684998638714948
BAĞCILAR,İNÖNÜ,BAĞCILAR|İNÖNÜ,2022,0.20646504997738,1212736.3583053146,0.0338293990591294,0.5365992594702363,471.0,0.18647166361974407,51.0,0.08636471384548598,5.0,0.11428571428571428,0.0,0.0005486614623983014,0.36856108751942446,23605.208065203868,0.03839027214823391,0.03454588553819439,0.6368562318372618,0.375,0.08684998638714948
BAŞAKŞEHİR,ALTINŞEHİR,BAŞAKŞEHİR|ALTINŞEHİR,2022,0.1957696345804205,1411646.8274769308,0.0444999980605797,0.6254628311022501,549.0,0.5155393053016454,141.0,0.2384168753909117,11.0,0.0,0.0,0.0006744461880686381,0.49280778148953114,33776.165102847466,0.09105812220566319,0.04334852279834758,0.6703463028737487,0.3125,0.08684998638714948
BAŞAKŞEHİR,BAHÇEŞEHİR 1. KISIM,BAŞAKŞEHİR|BAHÇEŞEHİR 1. KISIM,2022,0.3110377028330474,2242454.3567098123,0.0706899293663138,0.5582455140985474,490.0,0.44972577696526506,123.0,0.7693999308853811,35.0,0.17142857142857143,0.0,0.00037894264690149944,0.49280778148953097,30146.304008005925,0.08899814471243042,0.043965710336307494,0.42443147746667276,0.4375,0.08684998638714948
BAŞAKŞEHİR,BAHÇEŞEHİR 2. KISIM,BAŞAKŞEHİR|BAHÇEŞEHİR 2. KISIM,2022,0.5139347690626788,3704857.71644512,0.1167899491484005,0.7929364853318143,696.0,0.7714808043875686,211.0,0.9960501852100426,41.0,0.21428571428571427,0.0,0.00032579072960874024,0.49280778148953097,42820.05630524923,0.10748432601880877,0.04858781391268501,0.19696480464966096,0.4375,0.08684998638714948
BAŞAKŞEHİR,BAŞAK,BAŞAKŞEHİR|BAŞAK,2022,0.6293820900873217,4536957.230135487,0.143020608279773,0.35887211620620907,315.0,0.27056672760511885,74.0,0.1710158420987996,11.0,0.2571428571428571,0.0,0.0001204056551159753,0.4928077814895308,19379.76686228952,0.08329004329004328,0.03109378947250902,0.5008879560865354,0.6875,0.08684998638714948
BAŞAKŞEHİR,BAŞAKŞEHİR,BAŞAKŞEHİR|BAŞAKŞEHİR,2022,0.6283065734552252,4529205.323390572,0.1427762413259428,0.2586157789803475,227.0,0.4351005484460695,119.0,0.3649937311327086,19.0,0.2,0.0,8.691702733191346e-05,0.49280778148953097,13965.736754729278,0.1858630356427713,0.03842039275081143,0.5172344204068453,0.25,0.08684998638714948
BAŞAKŞEHİR,GÜVERCİNTEPE,BAŞAKŞEHİR|GÜVERCİNTEPE,2022,0.6295869503981972,4538433.783801187,0.1430671543662168,0.8339504414696668,732.0,0.903107861060329,247.0,0.253267950523072,15.0,0.07142857142857142,0.002793296089385475,0.00027970877679996565,0.49280778148953114,45034.88680379662,0.1196348733233979,0.03376906006974294,0.6506548676138197,0.25,0.08684998638714948
BAŞAKŞEHİR,KAYABAŞI,BAŞAKŞEHİR|KAYABAŞI,2022,0.9441414219012744,6805620.414411444,0.214536730680465,0.4876103674166904,428.0,0.2851919561243144,78.0,0.2594368586548924,12.0,0.34285714285714286,0.0446927374301676,0.00010906290537973895,0.49280778148953097,26331.87370495212,0.06461342395921835,0.04323947644248207,0.4230530553761705,0.5,0.08684998638714948
BAŞAKŞEHİR,ZİYA GÖKALP,BAŞAKŞEHİR|ZİYA GÖKALP,2022,0.2513892089831246,1812531.147714005,0.0571372605300823,0.3873540301908288,340.0,0.3290676416819013,90.0,0.21351276478467365,7.0,0.08571428571428572,0.0111731843575419,0.0003253077837632689,0.49280778148953097,20917.843597391868,0.09385026737967914,0.061003647081335335,0.7186591863093316,0.625,0.08684998638714948
BAŞAKŞEHİR,İKITELLI OSB,BAŞAKŞEHİR|İKITELLI OSB,2022,0.00011096600172424096,1415.030596294156,4.460666617534687e-05,0.7644545713471945,671.0,0.6471663619744058,177.0,0.634712103340635,27.0,0.014285714285714285,0.276536312849162,0.8223519112926758,0.49280778148953097,41281.9795701469,0.09352391274895,0.04701571135856556,0.4987689699709396,0.25,0.08684998638714948
BAŞAKŞEHİR,ŞAHİNTEPE,BAŞAKŞEHİR|ŞAHİNTEPE,2022,0.28094884467320513,2025585.537060382,0.0638534729198748,1.0,872.75,0.5521023765996343,151.0,0.6489919832754046,22.0,0.07142857142857142,0.00558659217877095,0.0007514866452656067,0.49280778148953097,54001.87416944328,0.06099272416560938,0.05899927120685496,0.5242977074588311,0.375,0.08684998638714948
BAŞAKŞEHİR,ŞAMLAR,BAŞAKŞEHİR|ŞAMLAR,2022,0.015688885474550374,113694.6322587652,0.0035840486561756,0.16291654799202507,143.0,0.16453382084095064,45.0,0.13274576387361733,9.0,0.014285714285714285,0.01675977653631285,0.0021812080536912754,0.49280778148953097,8797.798924785402,0.11157024793388429,0.02949905863858163,0.4031118824669035,0.4375,0.08684998638714948
BEYKOZ,ACARLAR,BEYKOZ|ACARLAR,2022,0.05678898534395192,371710.73414096655,0.0261734447364389,0.07405297636001139,65.0,0.03290676416819013,9.0,0.12817620229449112,8.0,0.0,0.0,0.00027498345566571677,0.43032660407294837,3626.174053603906,0.049090909090909074,0.03204405057362278,0.37571641911527287,0.5,0.08684998638714948
BEYKOZ,AKBABA,BEYKOZ|AKBABA,2022,0.01989705769378505,130598.053222873,0.0091958628437646,0.1708914839077186,150.0,0.06946983546617916,19.0,0.05472049991003675,1.0,0.0,0.0,0.0018061460570111436,0.43032660407294837,8368.093969855168,0.04490909090909088,0.1094409998200735,0.2886487931869551,0.5,0.08684998638714948
BEYKOZ,ALİBAHADIR,BEYKOZ|ALİBAHADIR,2022,0.06632352564595016,434025.1405698214,0.0305612186776969,0.06038165764739391,53.0,0.021937842778793418,6.0,0.03370051664605604,1.0,0.0,0.0,0.00019202567243491314,0.43032660407294837,2956.726536015493,0.04013722126929673,0.06740103329211208,0.09343719728769778,0.375,0.08684998638714948
BEYKOZ,ANADOLU HİSARI,BEYKOZ|ANADOLU HİSARI,2022,0.02221027203742115,145716.40966174466,0.0102603988671136,0.1492452292794076,131.0,0.08043875685557587,22.0,0.18118311661235553,7.0,0.014285714285714285,0.0,0.0014137126530108844,0.43032660407294837,7308.13540034018,0.05954198473282441,0.051766604746387286,0.28626493380690987,0.25,0.08684998638714948
BEYKOZ,ANADOLU KAVAĞI,BEYKOZ|ANADOLU KAVAĞI,2022,0.022270022961426512,146106.92071367125,0.0102878961075692,0.06493876388493307,57.0,0.018281535648994516,5.0,0.040097902856832776,2.0,0.0,0.0,0.000613482783274522,0.43032660407294837,3179.8757085449643,0.031100478468899507,0.040097902856832776,0.40395947691314177,0.3125,0.08684998638714948
BEYKOZ,ANADOLUFENERİ,BEYKOZ|ANADOLUFENERİ,2022,0.059238773228171705,387721.68726995616,0.0273008315951149,0.06379948732554827,56.0,0.029250457038391225,8.0,0.10167274513555889,2.0,0.0,0.0,0.0002271256820047318,0.43032660407294837,3124.0884154125965,0.050649350649350625,0.10167274513555889,0.0891992250565063,0.25,0.08684998638714948
BEYKOZ,BAKLACI,BEYKOZ|BAKLACI,2022,0.02454909391991669,161002.12798001344,0.0113367194220865,0.19025918541726003,167.0,0.06946983546617916,19.0,0.011652382026771917,1.0,0.0,0.0,0.0016311096848009602,0.43032660407294837,9316.47795310542,0.04033750680457265,0.023304764053543835,0.43079324077063824,0.5625,0.08684998638714948
BEYKOZ,BOZHANE,BEYKOZ|BOZHANE,2022,0.004984934231304363,33137.652120626466,0.0023333372615105,0.07633152947878097,62.0,0.0,0.0,0.03370051664605604,1.0,0.014285714285714285,0.0,0.0031794454613246564,0.43032660407294837,3737.7486398686415,0.0,0.06740103329211208,0.06958346787213432,0.3125,0.08684998638714948
BEYKOZ,CUMHURİYET,BEYKOZ|CUMHURİYET,2022,0.017165586882111426,112746.1194205153,0.0079388461372269,0.14354884648248362,126.0,0.025594149908592323,7.0,0.05197876296256101,3.0,0.0,0.0,0.0017573863692968794,0.43032660407294837,7029.198934678341,0.019696969696969675,0.034652508641707346,0.24722177375955226,0.0,0.08684998638714948
BEYKOZ,DERESEKİ,BEYKOZ|DERESEKİ,2022,0.013964644524681399,91825.88449587736,0.0064657796842531,0.1492452292794076,131.0,0.07678244972577697,21.0,0.206429944337028,4.0,0.0,0.0,0.002243388487037928,0.4303266040729482,7308.135400340179,0.05683553088133237,0.103214972168514,0.09162092347433,0.375,0.08684998638714948
BEYKOZ,ELMALI,BEYKOZ|ELMALI,2022,0.018352069515932157,120500.55316591442,0.0084848627691292,0.11620620905724864,102.0,0.2230347349177331,61.0,0.11218273676754925,9.0,0.0,0.002793296089385475,0.001331096196868009,0.43032660407294837,5690.303899501514,0.2120320855614973,0.024929497059455387,0.2569018404907975,0.375,0.08684998638714948
BEYKOZ,FATİH,BEYKOZ|FATİH,2022,0.03582494686435687,234697.14220787128,0.0165258415137623,0.11620620905724864,102.0,0.08775137111517367,24.0,0.09915948626703944,3.0,0.0,0.0,0.0006834247171939385,0.43032660407294837,5690.303899501514,0.08342245989304811,0.0661063241780263,0.2780917016467549,0.25,0.08684998638714948
BEYKOZ,GÖKSU,BEYKOZ|GÖKSU,2022,0.022440739887156114,147222.6665763186,0.0103664596517278,0.20165195101110794,177.0,0.06946983546617916,19.0,0.2754303241818342,14.0,0.04285714285714286,0.0,0.0018905880049133927,0.43032660407294837,9874.350884429095,0.038058551617873616,0.03934718916883346,0.3497739748143365,0.3125,0.08684998638714948
BEYKOZ,GÖLLÜ,BEYKOZ|GÖLLÜ,2022,0.002432716191646821,16457.2514740485,0.0011588122763394,0.03303902022215893,29.0,0.0,0.0,0.03370051664605604,1.0,0.0,0.0,0.0027710158116255267,0.43032660407294837,1617.831500838666,0.0,0.06740103329211208,0.08496125282531483,0.25,0.08684998638714948
BEYKOZ,GÖRELE,BEYKOZ|GÖRELE,2022,0.0162778588683175,106944.24093474906,0.0075303157076022,0.11392765593847906,100.0,0.043875685557586835,12.0,0.04935126505456342,6.0,0.0,0.0,0.0014704183340160278,0.43032660407294837,5578.7293132367795,0.04254545454545454,0.01645042168485447,0.25,0.3125,0.08684998638714948
BEYKOZ,GÖZTEPE,BEYKOZ|GÖZTEPE,2022,0.08074057002381502,528249.8786703906,0.0371959099818911,0.342922244374822,300.0,0.13528336380255943,37.0,0.23487546516708885,11.0,0.04285714285714286,0.0,0.0008960358811267572,0.43032660407294837,16791.975232842702,0.04358199939595288,0.042704630030379796,0.3834355828220859,0.375,0.08684998638714948
BEYKOZ,GÜMÜŞSUYU,BEYKOZ|GÜMÜŞSUYU,2022,0.12059443633539048,788720.7503054158,0.0555365693657172,0.685844488749644,602.0,0.2376599634369287,65.0,0.1063565457541633,9.0,0.07142857142857142,0.0,0.001200249506067232,0.43032660407294837,33583.95046568541,0.03828148595590456,0.02363478794536962,0.5444785276073619,0.125,0.08684998638714948
BEYKOZ,KANLICA,BEYKOZ|KANLICA,2022,0.03165091803026811,207417.15586614344,0.0146049628590844,0.1594987183138707,140.0,0.054844606946983544,15.0,0.21077102783719792,9.0,0.02857142857142857,0.0,0.0010614063272813919,0.43032660407294837,7810.22103853149,0.037987012987012965,0.04683800618604398,0.46415886341620927,0.1875,0.08684998638714948
BEYKOZ,KAVACIK,BEYKOZ|KAVACIK,2022,0.20491152595324064,1339787.6318669447,0.0943391038256517,0.42495015665052693,372.0,0.32541133455210236,89.0,0.24241524177264717,11.0,0.1,0.0,0.0004377953847323261,0.43032660407294837,20808.660338373185,0.08459663660736046,0.04407549850411767,0.3897319987084275,0.3125,0.08684998638714948
BEYKOZ,KAYNARCA,BEYKOZ|KAYNARCA,2022,0.006248239481703413,41394.1715042169,0.0029147074882842,0.04443178581600683,39.0,0.021937842778793418,5.0,0.08545080152966074,1.0,0.0,0.0,0.0014815752817525644,0.43032660407294837,2175.704432162344,0.05454545454545452,0.17090160305932148,0.10639328382305457,0.3125,0.08684998638714948
BEYKOZ,KILIÇLI,BEYKOZ|KILIÇLI,2022,0.004771538074142361,31742.96979231727,0.0022351328313122,0.02278553118769581,20.0,0.054844606946983544,15.0,0.09870253010912684,4.0,0.0,0.0,0.0009907880303369862,0.43032660407294837,1115.7458626473558,0.2659090909090909,0.04935126505456342,0.08629318695511785,0.3125,0.08684998638714948
BEYKOZ,MAHMUTŞEVKETPAŞA,BEYKOZ|MAHMUTŞEVKETPAŞA,2022,0.013845142676670679,91044.86239202422,0.006410785203342,0.09911706066647678,87.0,0.06946983546617916,19.0,0.07802526396358059,6.0,0.0,0.0,0.0015026648243189893,0.43032660407294837,4853.494502515998,0.07742946708463948,0.026008421321193523,0.06550117625351723,0.4375,0.08684998638714948
BEYKOZ,SARIYER MERKEZ,BEYKOZ|SARIYER MERKEZ,2022,0.04914940291755226,321781.1067874974,0.0226577261353414,0.32127598974651095,282.0,0.18647166361974407,51.0,0.1624479141379379,10.0,0.04285714285714286,0.0,0.001378119502182837,0.43032660407294837,15732.016663327717,0.0641199226305609,0.032489582827587585,0.4187520180820149,0.375,0.08684998638714948
BEYKOZ,ORTAÇEŞME,BEYKOZ|ORTAÇEŞME,2022,0.0635237680639847,415726.9084224047,0.0292727765534958,0.45912845343207065,403.0,0.19378427787934185,53.0,0.14085673567656642,6.0,0.0,0.0,0.0015243869489565433,0.43032660407294837,22482.279132344214,0.04662756598240469,0.046952245225522146,0.4465813690668389,0.3125,0.08684998638714948
BEYKOZ,PAŞABAHÇE,BEYKOZ|PAŞABAHÇE,2022,0.03652488625984823,239271.70024472545,0.0168479520448126,0.1230418684135574,107.0,0.05850091407678245,16.0,0.05369234855473335,3.0,0.014285714285714285,0.0,0.000709791397065382,0.43032660407294837,6025.027658295721,0.05252525252525251,0.0357948990364889,0.6284307394252502,0.1875,0.08684998638714948
BEYKOZ,PAŞAMANDIRA,BEYKOZ|PAŞAMANDIRA,2022,0.0036789497494729116,24602.196271374196,0.0017323261486972,0.08658501851324409,76.0,0.03656307129798903,10.0,0.03370051664605604,1.0,0.014285714285714285,0.0,0.004857782038990093,0.43032660407294837,4239.834278059952,0.046650717703349255,0.06740103329211208,0.07152082660639329,0.3125,0.08684998638714948
BEYKOZ,POLONEZKÖY,BEYKOZ|POLONEZKÖY,2022,0.002663184041381783,17963.508388622427,0.0012648730609535,0.02164625462831102,19.0,0.018281535648994516,5.0,0.04398203019909008,5.0,0.0,0.0,0.0016632623285672602,0.43032660407294837,1059.958569514988,0.09330143540669855,0.017592812079636033,0.1279463997416855,0.5,0.08684998638714948
BEYKOZ,POYRAZKÖY,BEYKOZ|POYRAZKÖY,2022,0.007093288264064941,46917.11352432131,0.0033035970318693,0.12076331529478782,106.0,0.010968921389396709,3.0,0.011652382026771917,1.0,0.0,0.0,0.003552817435299939,0.43032660407294837,5913.453072030985,0.010034305317324174,0.023304764053543835,0.27197691314175004,0.3125,0.08684998638714948
BEYKOZ,RÜZGARLIBAHÇE,BEYKOZ|RÜZGARLIBAHÇE,2022,0.06337012283082806,414722.73714602215,0.0292020693637531,0.4716604955853033,414.0,0.09140767824497258,25.0,0.28616879389278094,15.0,0.04285714285714286,0.0,0.0015697872824479583,0.43032660407294837,23095.939356800263,0.0214097496706192,0.03815583918570412,0.4003874717468518,0.4375,0.08684998638714948
BEYKOZ,RİVA,BEYKOZ|RİVA,2022,0.02454055807363021,160946.34068688107,0.0113327912448786,0.16177727143264028,142.0,0.39853747714808047,109.0,0.21956743387701594,7.0,0.0,0.0,0.0013874123271259582,0.43032660407294837,7921.795624796226,0.2721510883482714,0.06273355253629026,0.051057474975783015,0.25,0.08684998638714948
BEYKOZ,SOĞUKSU,BEYKOZ|SOĞUKSU,2022,0.09880242076600684,646295.7909384808,0.0455079329538714,0.30988322415266306,272.0,0.340036563071298,93.0,0.34694396289515994,9.0,0.0,0.0,0.0006618139053914313,0.4303266040729482,15174.143732004037,0.12122326203208554,0.07709865842114666,0.48756861478850505,0.25,0.08684998638714948
BEYKOZ,TOKATKÖY,BEYKOZ|TOKATKÖY,2022,0.1264073476564834,826711.8969285582,0.0582116580443176,1.0,872.75,0.3656307129798903,100.0,0.6239736336296883,28.0,0.0,0.0,0.0016696097110955417,0.43032660407294837,48967.296546935824,0.04039253256000619,0.04456954525926345,0.2432192444300936,0.3125,0.08684998638714948
BEYKOZ,YALIKÖY,BEYKOZ|YALIKÖY,2022,0.041083028176828594,269062.1147774098,0.0189455986738473,0.2802620336086585,243.0,0.16087751371115175,44.0,0.28993868219556007,10.0,0.014285714285714285,0.002793296089385475,0.001437741693535033,0.43032660407294837,13723.674110562475,0.06341463414634144,0.05798773643911201,0.31532531482079434,0.25,0.08684998638714948
BEYKOZ,YAVUZ SELİM,BEYKOZ|YAVUZ SELİM,2022,0.046341109489300314,303427.0873469484,0.0213653558339323,0.17658786670464255,155.0,0.08775137111517367,24.0,0.1385719548870033,5.0,0.0,0.0,0.0008032961053095281,0.43032660407294837,8647.030435517006,0.05489736070381229,0.055428781954801325,0.20077033073481249,0.4375,0.08684998638714948
BEYKOZ,SEYMEN MAHALLE,BEYKOZ|SEYMEN MAHALLE,2022,0.16554420287999455,1082496.6359404644,0.0762223505426776,0.8043292509256622,706.0,0.28153564899451555,77.0,0.45924093870218735,23.0,0.0,0.0,0.0010255963276097507,0.4303266040729482,39385.82895145165,0.038668555240793184,0.039933994669755425,0.37409474606762305,0.4375,0.08684998638714948
BEYKOZ,ZERZAVATÇI,BEYKOZ|ZERZAVATÇI,2022,0.009619898764863043,63430.15229150217,0.0044663374854166,0.05354599829108516,47.0,0.09506398537477148,26.0,0.04398203019909008,5.0,0.0,0.0,0.0011651998370845215,0.43032660407294837,2622.002777221286,0.19613152804642164,0.017592812079636033,0.1772452603902394,0.4375,0.08684998638714948
BEYKOZ,ÇAMLIBAHÇE,BEYKOZ|ÇAMLIBAHÇE,2022,0.05250399050813893,343705.51298851793,0.0242014997780579,0.3930504129877528,345.0,0.113345521023766,31.0,0.1359444569790057,4.0,0.014285714285714285,0.0,0.0015784502864413408,0.43032660407294837,19246.616130666887,0.031857707509881414,0.06797222848950285,0.46569765095253474,0.25,0.08684998638714948
BEYKOZ,ÇENGELDERE,BEYKOZ|ÇENGELDERE,2022,0.04364378206277261,285798.30271712015,0.0201240518362264,0.3622899458843634,318.0,0.06581352833638025,18.0,0.07197059487123832,2.0,0.014285714285714285,0.0,0.001749708840379025,0.43032660407294837,17740.359216092955,0.02006861063464835,0.07197059487123832,0.09307394252502423,0.3125,0.08684998638714948
BEYKOZ,ÇUBUKLU,BEYKOZ|ÇUBUKLU,2022,0.18568880011608752,1214154.6477328527,0.0854928487533929,0.7747080603816576,679.0,0.27787934186471663,76.0,0.5440063059949791,22.0,0.02857142857142857,0.0,0.0008807105878928198,0.43032660407294837,37935.3593300101,0.03962566844919785,0.04945511872681629,0.27048064947645184,0.4375,0.08684998638714948
BEYKOZ,ÇİFTLİK,BEYKOZ|ÇİFTLİK,2022,0.04778366751171545,312855.13988631853,0.0220292177820725,0.26089433209911705,229.0,0.1170018281535649,32.0,0.11298241004389635,4.0,0.0,0.0,0.0011510402205861235,0.43032660407294837,12775.290127312222,0.04954346963080586,0.056491205021948175,0.24722177375955226,0.0,0.08684998638714948
BEYKOZ,ÇİĞDEM,BEYKOZ|ÇİĞDEM,2022,0.009380895068841601,61868.10808379587,0.0043563485235945,0.3087439475932783,271.0,0.1206581352833638,33.0,0.47660527270286707,14.0,0.014285714285714285,0.0,0.006888120986922131,0.43032660407294837,15118.35643887167,0.043173431734317334,0.06808646752898101,0.5008879560865354,0.25,0.08684998638714948
BEYKOZ,ÖRNEKKÖY,BEYKOZ|ÖRNEKKÖY,2022,0.03168506141541403,207640.30503867293,0.0146206755679162,0.10367416690401594,91.0,0.12431444241316271,32.0,0.10110154993816811,7.0,0.0,0.0,0.0006891726682270123,0.43032660407294837,5076.6436750454695,0.13246753246753243,0.02888615712519089,0.0973724572166613,0.25,0.08684998638714948
BEYKOZ,ÖĞÜMCE,BEYKOZ|ÖĞÜMCE,2022,0.04071598678650995,266663.261172718,0.0187766870539063,0.04671033893477642,41.0,0.007312614259597806,2.0,0.03370051664605604,1.0,0.0,0.0,0.00024177922552020442,0.43032660407294837,2287.2790184270793,0.017294900221729474,0.06740103329211208,0.0536002583144979,0.3125,0.08684998638714948
BEYKOZ,İNCİRKÖY,BEYKOZ|İNCİRKÖY,2022,0.14489599071299925,947547.1738532668,0.0667200898766945,0.729136998006266,640.0,0.2449725776965265,64.0,0.5318969678102947,20.0,0.0,0.008379888268156424,0.0010621294351707883,0.43032660407294837,35703.867604715386,0.03711647727272727,0.05318969678102946,0.23503928532988919,0.5625,0.08684998638714948
BEYKOZ,İSHAKLI,BEYKOZ|İSHAKLI,2022,0.009013853678522957,59469.25447910406,0.0041874369036535,0.17544859014525777,154.0,0.03290676416819013,9.0,0.17992648717809578,7.0,0.0,0.0,0.004072175982472267,0.43032660407294837,8591.24314238464,0.020720188902007067,0.05140756776517023,0.04762673555053277,0.1875,0.08684998638714948
BEYLİKDÜZÜ,ADNAN KAHVECİ,BEYLİKDÜZÜ|ADNAN KAHVECİ,2022,0.9729072238867122,6256769.0669463575,0.2724923503537961,0.4967245798917687,436.0,0.5630712979890311,154.0,0.1764993159937511,9.0,0.2857142857142857,0.0111731843575419,0.00010781683220228305,0.4205438484776014,23931.706683878372,0.12522935779816513,0.03922207022083358,0.5211696803358089,0.5,0.08684998638714948
BEYLİKDÜZÜ,BARIŞ,BEYLİKDÜZÜ|BARIŞ,2022,0.7472621273036115,4805772.126147447,0.209299101166571,0.22443748219880377,197.0,0.3290676416819013,90.0,0.18849441513895748,10.0,0.1,0.0,6.342394561331509e-05,0.4205438484776014,10813.179396156052,0.1619750807568066,0.0376988830277915,0.500837504036164,0.375,0.08684998638714948
BEYLİKDÜZÜ,BÜYÜKŞEHİR,BEYLİKDÜZÜ|BÜYÜKŞEHİR,2022,0.18686674690362176,1202184.0362162937,0.0523570472365653,0.16063799487325547,141.0,0.12431444241316271,34.0,0.2604650100101958,11.0,0.04285714285714286,0.0,0.0001814672926808192,0.4205438484776014,7739.382207401032,0.08549323017408121,0.04735727454730833,0.16326283500161445,0.375,0.08684998638714948
BEYLİKDÜZÜ,CUMHURİYET,BEYLİKDÜZÜ|CUMHURİYET,2022,0.19988391249050388,1285890.1203743543,0.0560025817555938,0.10367416690401594,91.0,0.08409506398537477,23.0,0.33837603493429824,14.0,0.04285714285714286,0.00558659217877095,0.00010949334832206171,0.4205438484776014,4994.920431726907,0.08961038961038958,0.04833943356204261,0.21714562479819174,0.375,0.08684998638714948
BEYLİKDÜZÜ,DEREAĞZI,BEYLİKDÜZÜ|DEREAĞZI,2022,0.07643850349542905,492081.9963783707,0.0214309619430101,0.783822272856736,688.0,0.42413162705667273,116.0,0.14348423358456402,10.0,0.0,0.0,0.0021632223748582293,0.4205438484776014,37763.79403327596,0.059778012684989425,0.0286968467169128,0.6262108492089118,0.25,0.08684998638714948
BEYLİKDÜZÜ,GÜRPINAR,BEYLİKDÜZÜ|GÜRPINAR,2022,0.1752836034928683,1127699.343624498,0.0491131191432396,0.8157220165195102,716.0,0.680073126142596,186.0,0.19374941095495266,9.0,0.04285714285714286,0.0,0.0009823582543475528,0.4205438484776014,39300.69262765347,0.09210259014728285,0.04305542465665615,0.6595092024539877,0.1875,0.08684998638714948
BEYLİKDÜZÜ,KAVAKLI,BEYLİKDÜZÜ|KAVAKLI,2022,0.19596595904500952,1260695.961273666,0.0549053356282271,0.8316718883508972,730.0,1.0,270.0,0.42908183227995417,13.0,0.1,0.00558659217877095,0.0008959065311761448,0.4205438484776014,40069.141924842224,0.13283312577833123,0.0660125895815314,0.538777445915402,0.375,0.08684998638714948
BEYLİKDÜZÜ,MARMARA,BEYLİKDÜZÜ|MARMARA,2022,0.2782173738615315,1789608.6346815834,0.0779403327596098,0.34975790373113075,307.0,0.30347349177330896,83.0,0.038612795343616745,2.0,0.1,0.019553072625698324,0.00026541808597619265,0.4205438484776014,16850.995302639127,0.09585430855789162,0.038612795343616745,0.6028263238618018,0.25,0.08684998638714948
BEYLİKDÜZÜ,SAHİL,BEYLİKDÜZÜ|SAHİL,2022,0.05730967196742721,369075.2195926563,0.0160738190858672,0.26431216177727146,232.0,0.15356489945155394,42.0,0.07414113662132328,4.0,0.0,0.0,0.0009725754484586917,0.4205438484776014,12734.30263912794,0.06418495297805642,0.03707056831066164,0.6825153374233128,0.1875,0.08684998638714948
BEYLİKDÜZÜ,YAKUPLU,BEYLİKDÜZÜ|YAKUPLU,2022,0.6797265114849812,4371488.494764773,0.1903853509275196,1.0,872.75,1.0,270.0,0.4635820222023572,15.0,0.05714285714285714,0.019553072625698324,0.0003106645527325385,0.4205438484776014,48179.02647195926,0.11047357655161698,0.06181093629364763,0.30690991281885693,0.625,0.08684998638714948
BEYOĞLU,ARAP CAMİ,BEYOĞLU|ARAP CAMİ,2022,0.009901581692316884,79024.19918611768,0.0048386296339183,0.08886357163201367,78.0,0.010968921389396709,3.0,0.11081186829381136,6.0,0.014285714285714285,0.0,0.0018791946308724834,0.5583739774679476,5268.279945741178,0.013636363636363615,0.036937289431270455,0.08647481433645464,0.25,0.08684998638714948
BEYOĞLU,ASMALI MESCİT,BEYOĞLU|ASMALI MESCİT,2022,0.039094175992078734,310018.0121916924,0.0189823162561413,0.11392765593847906,97.0,0.07678244972577697,20.0,0.29085259451138534,8.0,0.0,0.0,0.000614115892441988,0.5583739774679476,6754.205058642536,0.07445454545454544,0.07271314862784634,0.09828059412334518,0.375,0.08684998638714948
BEYOĞLU,BEDRETTİN,BEYOĞLU|BEDRETTİN,2022,0.05215402081039325,413357.3495889233,0.0253097550081884,0.04101395613785246,36.0,0.04021937842778794,11.0,0.03575681935666285,1.0,0.02857142857142857,0.002793296089385475,0.00016581129095933676,0.5583739774679477,2431.5138211113135,0.10833333333333334,0.0715136387133257,0.10312399095899258,0.5,0.08684998638714948
BEYOĞLU,BEREKETZADE,BEYOĞLU|BEREKETZADE,2022,0.004455711761542598,35932.370911978294,0.0022001290301235,0.13101680432925092,114.0,0.08409506398537477,23.0,0.15490813753237961,6.0,0.0,0.0,0.00609325326739668,0.5583739774679476,7767.335817438917,0.07090909090909091,0.051636045844126545,0.07971423958669681,0.375,0.08684998638714948
BEYOĞLU,BOSTAN,BEYOĞLU|BOSTAN,2022,0.019282476761158487,153252.91278059917,0.0093836330250947,0.14013101680432924,123.0,0.03656307129798903,10.0,0.35368406622437115,18.0,0.0,0.0,0.001528036180678595,0.5583739774679477,8307.67222213032,0.02882483370288245,0.039298229580485684,0.2918146593477559,0.375,0.08684998638714948
BEYOĞLU,BÜLBÜL,BEYOĞLU|BÜLBÜL,2022,0.02099818186474098,166828.86494847064,0.0102148847827165,0.28937624608373685,254.0,0.06581352833638025,18.0,0.3797305672253907,18.0,0.0,0.0,0.0028986767383093774,0.5583739774679476,17155.68084895204,0.02512526843235502,0.042192285247265635,0.28979657733290276,0.375,0.08684998638714948
BEYOĞLU,CAMİİKEBİR,BEYOĞLU|CAMİİKEBİR,2022,0.023567471596971482,187159.0221749847,0.0114596946287075,0.16063799487325547,141.0,0.043875685557586835,12.0,0.07128516063436938,3.0,0.0,0.0111731843575419,0.001434318529157453,0.5583739774679477,9523.429132685978,0.030174081237911023,0.04752344042291292,0.1666935744268647,0.375,0.08684998638714948
BEYOĞLU,CİHANGİR,BEYOĞLU|CİHANGİR,2022,0.031830170802284195,252539.7271426445,0.0154629369241203,0.16633437767017945,145.0,0.113345521023766,29.0,0.22962046935109368,10.0,0.02857142857142857,0.0,0.0011006783208373197,0.5583739774679477,9861.139385618106,0.07528019925280197,0.045924093870218737,0.08758475944462384,0.375,0.08684998638714948
BEYOĞLU,EMEKYEMEZ,BEYOĞLU|EMEKYEMEZ,2022,0.0019291012607444964,15939.923938396389,0.000975997088551,0.0968385075477072,85.0,0.051188299817184646,14.0,0.0652304915420271,3.0,0.0,0.0,0.01015242862017973,0.5583739774679476,5741.074299846156,0.058395721925133655,0.0434869943613514,0.07870519857927026,0.1875,0.08684998638714948
BEYOĞLU,EVLİYA ÇELEBİ,BEYOĞLU|EVLİYA ÇELEBİ,2022,0.020656748013281778,164127.18292501362,0.0100494615473689,0.06721731700370265,59.0,0.021937842778793418,6.0,0.12886163653136004,6.0,0.014285714285714285,0.0,0.0006843980445770156,0.5583739774679476,3984.980984599096,0.03605546995377504,0.04295387884378668,0.0940426218921537,0.375,0.08684998638714948
BEYOĞLU,FETİHTEPE,BEYOĞLU|FETİHTEPE,2022,0.11144400911628384,882504.4329622339,0.0540354998263056,0.6847052121902591,601.0,0.17184643510054845,44.0,0.4239410755034371,21.0,0.0,0.0,0.001296566630745097,0.5583739774679477,40592.77240244165,0.027726516412040512,0.04037534052413687,0.44224825868351864,0.4375,0.08684998638714948
BEYOĞLU,FİRUZAĞA,BEYOĞLU|FİRUZAĞA,2022,0.0328544723566618,260644.7732130155,0.0159592066301632,0.1594987183138707,134.0,0.3436928702010969,80.0,0.11012643405694243,4.0,0.014285714285714285,0.0,0.0010226247019518566,0.5583739774679476,9455.88708209955,0.23805194805194801,0.055063217028471216,0.10766467549241202,0.25,0.08684998638714948
BEYOĞLU,GÜMÜŞSUYU,BEYOĞLU|GÜMÜŞSUYU,2022,0.027758572123633196,220322.16901291956,0.0134902648425997,0.09342067786955284,79.0,0.17915904936014626,48.0,0.1577641135193335,8.0,0.014285714285714285,0.0,0.0007085865714203417,0.5583739774679477,5538.448148086881,0.21186252771618622,0.039441028379833376,0.1669626520288451,0.5625,0.08684998638714948
BEYOĞLU,HACIAHMET,BEYOĞLU|HACIAHMET,2022,0.1386989663090147,1098166.20048469,0.0672404095879307,0.6368555966960979,559.0,0.39853747714808047,107.0,0.4660952810708767,19.0,0.014285714285714285,0.0,0.0009691276818910002,0.5583739774679476,37756.00627781178,0.06913319238900632,0.049062661165355445,0.31043867337054293,0.4375,0.08684998638714948
BEYOĞLU,HACIMİMİ,BEYOĞLU|HACIMİMİ,2022,0.010917347400408013,87061.7032059023,0.0053307637590776,0.14127029336371405,122.0,0.062157221206581355,17.0,0.22219493178501357,10.0,0.014285714285714285,0.0,0.002711638489854786,0.5583739774679477,8375.214272716747,0.04860703812316712,0.04443898635700271,0.11365837907652568,0.3125,0.08684998638714948
BEYOĞLU,HALICIOĞLU,BEYOĞLU|HALICIOĞLU,2022,0.10196921973829096,807532.7568113017,0.0494450050454086,0.26431216177727146,232.0,0.3071297989031079,75.0,0.26080772712863026,12.0,0.02857142857142857,0.0,0.0005469720069786084,0.5583739774679476,15669.755736050683,0.12836990595611283,0.043467954521438375,0.592912495963836,0.25,0.08684998638714948
BEYOĞLU,HÜSEYİNAĞA,BEYOĞLU|HÜSEYİNAĞA,2022,0.03781379904910672,299886.70460372866,0.0183619791235877,0.08886357163201367,78.0,0.08043875685557587,21.0,0.17124432017775593,9.0,0.0,0.0,0.0004951931797569382,0.5583739774679477,5268.279945741179,0.09999999999999998,0.038054293372834655,0.14109276258129988,0.4375,0.08684998638714948
BEYOĞLU,KADIMEHMET EFENDİ,BEYOĞLU|KADIMEHMET EFENDİ,2022,0.007861514429848147,62881.64909596202,0.0038502258027162,0.1367131871261749,120.0,0.1316270566727605,32.0,0.0800815666741874,5.0,0.0,0.0,0.00363324418428622,0.5583739774679477,8105.046070371045,0.10636363636363635,0.03203262666967496,0.2263749865461199,0.0,0.08684998638714948
BEYOĞLU,KALYONCU KULLUĞU,BEYOĞLU|KALYONCU KULLUĞU,2022,0.005471477469633727,43969.87493176291,0.0026922631552827,0.1572201651951011,138.0,0.07678244972577697,21.0,0.30981627506475923,15.0,0.0,0.0,0.005975319333189002,0.5583739774679476,9320.8029809267,0.05395256916996045,0.04130883667530123,0.13278979657733292,0.3125,0.08684998638714948
BEYOĞLU,KAMER HATUN,BEYOĞLU|KAMER HATUN,2022,0.003610662979181071,29245.707903922183,0.0017907065226381,0.08772429507262888,77.0,0.029250457038391225,8.0,0.4796897267687773,21.0,0.0,0.0,0.005012632329463552,0.5583739774679476,5200.737895154753,0.03683589138134593,0.0456847358827407,0.12037859218598644,0.5,0.08684998638714948
BEYOĞLU,KAPTANPAŞA,BEYOĞLU|KAPTANPAŞA,2022,0.15524143641221308,1229062.6945211824,0.0752551653405237,0.440900028481914,387.0,0.21572212065813529,58.0,0.16153400182211264,7.0,0.02857142857142857,0.00558659217877095,0.000599479300555848,0.5583739774679477,26138.77357694662,0.054052149400986606,0.04615257194917505,0.4724329996771069,0.375,0.08684998638714948
BEYOĞLU,KATİPMUSTAFA ÇELEBİ,BEYOĞLU|KATİPMUSTAFA ÇELEBİ,2022,0.06436028100005975,509942.4819275116,0.0312236356718664,0.07747080603816577,68.0,0.08409506398537477,19.0,0.20837200800815664,8.0,0.02857142857142857,0.0,0.00025387795013111697,0.5583739774679477,4592.8594398769255,0.11991978609625668,0.05209300200203916,0.1514368743945754,0.3125,0.08684998638714948
BEYOĞLU,KEMANKEŞ KARAMUSTAFAPAŞA,BEYOĞLU|KEMANKEŞ KARAMUSTAFAPAŞA,2022,0.004284994835812996,34581.529900249785,0.0021174174124497,0.09114212475078325,80.0,0.1206581352833638,33.0,0.039755185738398306,3.0,0.0,0.0,0.004404362416107383,0.5583739774679476,5403.364046914029,0.14625,0.026503457158932202,0.2263749865461199,0.0,0.08684998638714948
BEYOĞLU,KEÇECİ PİRİ,BEYOĞLU|KEÇECİ PİRİ,2022,0.11965549324387767,947479.8856263752,0.0580139286364162,0.3064653944745087,267.0,0.28153564899451555,36.0,0.2718889139580114,12.0,0.014285714285714285,0.0,0.0005405296788972391,0.5583739774679477,18168.811607748423,0.10148698884758363,0.0453148189930019,0.4468033580884727,0.375,0.08684998638714948
BEYOĞLU,KILIÇALİ PAŞA,BEYOĞLU|KILIÇALİ PAŞA,2022,0.019512944610893448,155076.54814643264,0.0094952937089543,0.05240672173170037,46.0,0.06581352833638025,15.0,0.17364334000679724,8.0,0.0,0.0,0.0005647405467343264,0.5583739774679476,3106.934326975567,0.13873517786561265,0.04341083500169931,0.12092347432999678,0.3125,0.08684998638714948
BEYOĞLU,KOCATEPE,BEYOĞLU|KOCATEPE,2022,0.012027007417650422,95842.1697821376,0.0058683892739574,0.1936770150954144,167.0,0.19378427787934185,52.0,0.5184167611518722,21.0,0.0,0.0,0.0033769882372972748,0.5583739774679477,11482.148599692317,0.11053475935828874,0.049373024871606885,0.25197195442594217,0.4375,0.08684998638714948
BEYOĞLU,KULAKSIZ,BEYOĞLU|KULAKSIZ,2022,0.07915290261452972,626992.8555937867,0.0383905973433028,0.26431216177727146,232.0,0.15356489945155394,41.0,0.22139525850866643,12.0,0.0,0.0,0.0007044702483503439,0.5583739774679476,15669.755736050683,0.06418495297805642,0.0368992097514444,0.2799079754601227,0.25,0.08684998638714948
BEYOĞLU,KULOĞLU,BEYOĞLU|KULOĞLU,2022,0.011898969723353222,94829.03902334122,0.005806355560702,0.1093705497009399,96.0,0.15722120658135283,43.0,0.11035491213589876,4.0,0.04285714285714286,0.0,0.0019273791085871628,0.5583739774679477,6484.036856296836,0.1588068181818182,0.05517745606794938,0.13657370035518243,0.5,0.08684998638714948
BEYOĞLU,KÜÇÜK PİYALE,BEYOĞLU|KÜÇÜK PİYALE,2022,0.07509837562845169,594910.3815652347,0.0364261964235496,0.19709484477356878,173.0,0.12431444241316271,33.0,0.14314151646612955,6.0,0.0,0.002793296089385475,0.0005536455571201287,0.5583739774679477,11684.77475145159,0.06967945349448237,0.04771383882204318,0.329149176622538,0.375,0.08684998638714948
BEYOĞLU,MÜEYYETZADE,BEYOĞLU|MÜEYYETZADE,2022,0.005053221001596203,40660.31445302808,0.0024896196919819,0.10823127314155512,95.0,0.051188299817184646,14.0,0.14519781917673638,8.0,0.04285714285714286,0.0,0.004448259715935696,0.5583739774679477,6416.49480571041,0.05224880382775117,0.03629945479418409,0.11553519535033904,0.25,0.08684998638714948
BEYOĞLU,PÜRTELAŞ HASAN EFENDİ,BEYOĞLU|PÜRTELAŞ HASAN EFENDİ,2022,0.015748636398555733,125290.50383781904,0.0076715025392466,0.05696382796923953,50.0,0.054844606946983544,15.0,0.07985308859523109,4.0,0.02857142857142857,0.0,0.0007597821957705459,0.5583739774679476,3377.102529321268,0.10636363636363635,0.039926544297615545,0.11765418146593477,0.25,0.08684998638714948
BEYOĞLU,PİRİPAŞA,BEYOĞLU|PİRİPAŞA,2022,0.13391035654229938,1060275.1101057054,0.0649203487121801,0.5092566220450014,447.0,0.2376599634369287,52.0,0.3237534378810943,17.0,0.05714285714285714,0.0,0.0008026500191107148,0.5583739774679477,30191.296612132144,0.05155582672361195,0.03808863975071697,0.43106231837261866,0.1875,0.08684998638714948
BEYOĞLU,PİYALEPAŞA,BEYOĞLU|PİYALEPAŞA,2022,0.18142941281913394,1436281.7057203357,0.0879431274916874,0.5400170891483907,473.0,0.3327239488117002,86.0,0.1302325050050979,5.0,0.05714285714285714,0.0,0.0006283129003293372,0.5583739774679477,32014.93197796563,0.06806674338319904,0.05209300200203916,0.49275796854098436,0.4375,0.08684998638714948
BEYOĞLU,SURURİ MEHMET EFENDİ,BEYOĞLU|SURURİ MEHMET EFENDİ,2022,0.03539815455003286,280772.30428777024,0.0171916097335031,0.21760182284249502,191.0,0.06946983546617916,19.0,0.40634826342380115,20.0,0.014285714285714285,0.0,0.001295138950553203,0.5583739774679476,12900.531662007244,0.03526891956211327,0.04063482634238011,0.3007518796992481,0.4375,0.08684998638714948
BEYOĞLU,SÜTLÜCE,BEYOĞLU|SÜTLÜCE,2022,0.10385564176760305,822459.5499909017,0.0503589684207043,0.42381088009114215,368.0,0.603290676416819,156.0,0.24915534510185838,15.0,0.0,0.0,0.00086112392545524,0.5583739774679477,25125.64281815024,0.15725806451612903,0.03322071268024778,0.4803035195350339,0.125,0.08684998638714948
BEYOĞLU,TOMTOM,BEYOĞLU|TOMTOM,2022,0.005522692547352607,44375.12723528146,0.0027170766405849,0.15380233551694675,135.0,0.06946983546617916,19.0,0.36545068729062125,13.0,0.02857142857142857,0.0,0.005792038245839845,0.5583739774679476,9118.176829167423,0.04989898989898988,0.05622318266009558,0.12431385211494995,0.3125,0.08684998638714948
BEYOĞLU,YAHYA KAHYA,BEYOĞLU|YAHYA KAHYA,2022,0.027015953496709433,214446.01061190056,0.0131304693057186,0.10025633722586158,88.0,0.07312614259597806,20.0,0.19386364999443084,9.0,0.0,0.0,0.0007812714685832057,0.5583739774679477,5943.700451605433,0.08057851239669418,0.043080811109873524,0.1303680981595092,0.375,0.08684998638714948
BEYOĞLU,ESENŞEHİR,BEYOĞLU|ESENŞEHİR,2022,0.0487908973735201,386745.7816578717,0.0236803361400142,0.2688692680148106,236.0,0.12797074954296161,33.0,0.21465515517945521,10.0,0.0,0.0,0.001161779426002199,0.5583739774679477,15939.923938396389,0.05258089368258859,0.04293103103589105,0.30334655657548776,0.4375,0.08684998638714948
BEYOĞLU,ÇATMA MESCİT,BEYOĞLU|ÇATMA MESCİT,2022,0.018147209205056636,144269.82005260457,0.0088336007675638,0.1093705497009399,95.0,0.043875685557586835,12.0,0.03575681935666285,1.0,0.0,0.0,0.0012668727848578539,0.5583739774679476,6484.036856296834,0.04431818181818181,0.0715136387133257,0.08338714885372943,0.3125,0.08684998638714948
BEYOĞLU,ÇUKUR,BEYOĞLU|ÇUKUR,2022,0.02560753885944022,203301.57226514036,0.0124480984599096,0.15494161207633153,136.0,0.08775137111517367,23.0,0.37630339604104607,18.0,0.0,0.0,0.001273606992352115,0.5583739774679477,9185.718879753853,0.06256684491978609,0.04181148844900511,0.17799483371004196,0.375,0.08684998638714948
BEYOĞLU,ÖMER AVNİ,BEYOĞLU|ÖMER AVNİ,2022,0.017985028125613513,142986.52109146252,0.0087550247307736,0.1822842495015665,159.0,0.09506398537477148,24.0,0.11423903947815607,5.0,0.0,0.0,0.0021304048720330467,0.5583739774679477,10806.72809382806,0.05761363636363636,0.045695615791262426,0.10615111398127221,0.25,0.08684998638714948
BEYOĞLU,ÖRNEKTEPE,BEYOĞLU|ÖRNEKTEPE,2022,0.13320188130052155,1054669.1199070322,0.0645770954988337,0.6653375106807178,584.0,0.5813528336380256,139.0,0.26789054757627595,17.0,0.02857142857142857,0.0,0.001054226382737301,0.5583739774679477,39444.55754247242,0.09652864259028641,0.031516535008973647,0.5495035518243462,0.3125,0.08684998638714948
BEYOĞLU,İSTİKLAL,BEYOĞLU|İSTİKLAL,2022,0.0421073297312062,333860.35604870063,0.0204421763080842,0.7519225291939619,660.0,0.19744058500914077,53.0,0.5489185846925398,21.0,0.0,0.0,0.003763711682305803,0.5583739774679477,44577.75338704075,0.02900826446280991,0.05227796044690856,0.4085174592924028,0.4375,0.08684998638714948
BEYOĞLU,ŞAHKULU,BEYOĞLU|ŞAHKULU,2022,0.011779467875342502,93883.45031513128,0.0057484574283303,0.12532042153232698,110.0,0.1170018281535649,31.0,0.30501823540667666,11.0,0.014285714285714285,0.0,0.002230698662546473,0.5583739774679477,7429.625564506791,0.10314049586776858,0.055457860983032126,0.10113473868720883,0.4375,0.08684998638714948
BEYOĞLU,ŞEHİT MUHTAR,BEYOĞLU|ŞEHİT MUHTAR,2022,0.011105136018710575,88547.62831880366,0.0054217465385188,0.3189974366277414,280.0,0.13893967093235832,35.0,0.39663794506815786,19.0,0.014285714285714285,0.0,0.006020303165266537,0.5583739774679477,18911.774164199105,0.04811688311688311,0.04175136263875345,0.1391899995387241,0.4375,0.08684998638714948
BEŞİKTAŞ,ABBASAĞA,BEŞİKTAŞ|ABBASAĞA,2022,0.04493269485203111,542231.9681831622,0.0338993945159341,0.18456280262033609,162.0,0.16087751371115175,44.0,0.05677680262064356,4.0,0.0,0.0,0.0008658405295828848,0.9425809963860959,16655.589466376994,0.09629629629629628,0.02838840131032178,0.26658863416209233,0.25,0.08684998638714948
BEŞİKTAŞ,AKAT,BEŞİKTAŞ|AKAT,2022,0.12827669799322253,1546091.076514674,0.0966589106428929,0.3976075192252919,349.0,0.05850091407678245,16.0,0.20174614371842362,13.0,0.05714285714285714,0.0,0.0006541816659540796,0.9425809963860958,35881.485949170186,0.01625423287314404,0.03103786826437286,0.2732483048111075,0.375,0.08684998638714948
BEŞİKTAŞ,ARNAVUTKÖY,BEŞİKTAŞ|ARNAVUTKÖY,2022,0.030780261709047144,371769.2068544396,0.0232423607450924,0.18798063229849046,165.0,0.12431444241316271,34.0,0.31941235438092436,12.0,0.014285714285714285,0.0,0.0012862297321375544,0.9425809963860959,16964.02630834694,0.07305785123966939,0.05323539239682073,0.16306102680012916,0.1875,0.08684998638714948
BEŞİKTAŞ,BALMUMCU,BEŞİKTAŞ|BALMUMCU,2022,0.026025795327477744,314502.76652868657,0.0196621630307627,0.1708914839077186,150.0,0.04753199268738574,13.0,0.08670743096392045,4.0,0.0,0.0,0.0013822124614132356,0.9425809963860959,15421.842098497216,0.0307272727272727,0.04335371548196022,0.2071705336962037,0.4375,0.08684998638714948
BEŞİKTAŞ,BEBEK,BEŞİKTAŞ|BEBEK,2022,0.044616868539431344,538427.9137988662,0.0336615716875136,0.25178011962403873,221.0,0.10237659963436929,28.0,0.3384902739737764,14.0,0.014285714285714285,0.0,0.0011895226659045795,0.9425809963860959,22721.514025119235,0.04491978609625667,0.0483557534248252,0.25750726509525346,0.25,0.08684998638714948
BEŞİKTAŞ,CİHANNÜMA,BEŞİKTAŞ|CİHANNÜMA,2022,0.031087552175360425,375470.44895807886,0.0234737559295016,0.17886641982341214,157.0,0.08043875685557587,22.0,0.03541410223822838,3.0,0.0,0.0,0.0012118026713320643,0.9425809963860958,16141.528063093752,0.04968152866242036,0.02360940149215225,0.1845536002583145,0.25,0.08684998638714948
BEŞİKTAŞ,DİKİLİTAŞ,BEŞİKTAŞ|DİKİLİTAŞ,2022,0.013700033289800517,166041.83326048672,0.0103806450783529,0.4067217317003703,357.0,0.33638025594149906,91.0,0.2877681404454751,14.0,0.04285714285714286,0.0,0.006231013776050866,0.9425809963860959,36703.984194423385,0.09136745607333839,0.04110973434935359,0.2441879237972231,0.5,0.08684998638714948
BEŞİKTAŞ,ETİLER,BEŞİKTAŞ|ETİLER,2022,0.09601119903032786,1157460.6556325443,0.0723624162799367,0.23583024779265166,207.0,0.07678244972577697,21.0,0.16964497362506176,9.0,0.014285714285714285,0.0,0.0005182891569425352,0.9425809963860959,21282.142095926163,0.0359683794466403,0.0376988830277915,0.41637068130448823,0.3125,0.08684998638714948
BEŞİKTAŞ,GAYRETTEPE,BEŞİKTAŞ|GAYRETTEPE,2022,0.08740706597355595,1053825.8767306432,0.0658833511164817,0.15152378239817715,133.0,0.08409506398537477,23.0,0.22527938585092375,8.0,0.02857142857142857,0.0,0.00036575544278932723,0.9425809963860959,13674.033327334198,0.0613123718386876,0.05631984646273094,0.3580077494349371,0.3125,0.08684998638714948
BEŞİKTAŞ,KONAKLAR,BEŞİKTAŞ|KONAKLAR,2022,0.12354783915051258,1489133.0730308914,0.0930979958605972,0.18570207917972087,163.0,0.07678244972577697,21.0,0.05197876296256101,3.0,0.05714285714285714,0.0,0.00031722113176492825,0.9425809963860959,16758.401747033644,0.045677635248187375,0.03465250864170734,0.3887979150329813,0.4375,0.08684998638714948
BEŞİKTAŞ,KURUÇEŞME,BEŞİKTAŞ|KURUÇEŞME,2022,0.026298942408645106,317792.7595096993,0.0198678476391263,0.16177727143264028,142.0,0.07678244972577697,21.0,0.22505090777196746,5.0,0.014285714285714285,0.0,0.0012949480956837235,0.9425809963860959,14599.343853244032,0.05243277848911649,0.09002036310878699,0.15125524701323861,0.25,0.08684998638714948
BEŞİKTAŞ,KÜLTÜR,BEŞİKTAŞ|KÜLTÜR,2022,0.04117692248597987,496994.56469423696,0.0310712311509339,0.0854457419538593,75.0,0.043875685557586835,12.0,0.06431657922620186,3.0,0.014285714285714285,0.0,0.00043733842774752664,0.9425809963860959,7710.921049248608,0.05672727272727272,0.042877719484134574,0.2089003182803635,0.4375,0.08684998638714948
BEŞİKTAŞ,LEVAZIM,BEŞİKTAŞ|LEVAZIM,2022,0.050796821250842915,612864.0049942795,0.0383151859517412,0.04557106237539162,40.0,0.021937842778793418,6.0,0.08053852283210002,4.0,0.0,0.0,0.00018914893113965611,0.9425809963860959,4112.491226265925,0.05318181818181818,0.04026926141605001,0.17420083952211815,0.3125,0.08684998638714948
BEŞİKTAŞ,LEVENT,BEŞİKTAŞ|LEVENT,2022,0.023157750975220437,279957.8402280528,0.0175024746429443,0.20393050412987754,178.0,0.10237659963436929,28.0,0.14519781917673638,8.0,0.014285714285714285,0.0,0.001852970100584876,0.9425809963860959,18403.398237540012,0.05545962417470797,0.03629945479418409,0.2384363900548918,0.25,0.08684998638714948
BEŞİKTAŞ,MECİDİYE,BEŞİKTAŞ|MECİDİYE,2022,0.08647665872832962,1042619.3381390685,0.065182737919243,0.23696952435203647,208.0,0.31078610603290674,81.0,0.27234587011592404,10.0,0.02857142857142857,0.0,0.0005781567151486193,0.9425809963860959,21384.95437658281,0.1448863636363636,0.05446917402318481,0.2865676461091379,0.25,0.08684998638714948
BEŞİKTAŞ,MURADİYE,BEŞİKTAŞ|MURADİYE,2022,0.0397514361561377,479824.9138245767,0.0299978146010361,0.08658501851324409,76.0,0.09506398537477148,24.0,0.14371271166352034,5.0,0.0,0.0,0.0004590276149977782,0.9425809963860958,7813.733329905255,0.1212918660287081,0.05748508466540813,0.19968921536971262,0.25,0.08684998638714948
BEŞİKTAŞ,NİSBETİYE,BEŞİKTAŞ|NİSBETİYE,2022,0.09866584722542317,1189435.274916762,0.0743614135674709,0.13215608088863573,116.0,0.12431444241316271,34.0,0.07185635583176017,4.0,0.04285714285714286,0.0,0.0002826345109964665,0.9425809963860959,11926.22455617118,0.10391849529780561,0.035928177915880086,0.1739586696803358,0.4375,0.08684998638714948
BEŞİKTAŞ,ORTAKÖY,BEŞİKTAŞ|ORTAKÖY,2022,0.07188889742473517,866913.1504968568,0.0541978943038218,0.24836228994588436,218.0,0.1316270566727605,36.0,0.2078008128107659,6.0,0.02857142857142857,0.00558659217877095,0.0007287673675228914,0.9425809963860958,22413.07718314929,0.0585487906588824,0.06926693760358862,0.13811753309654506,0.3125,0.08684998638714948
BEŞİKTAŞ,SİNANPAŞA,BEŞİKTAŞ|SİNANPAŞA,2022,0.02106646863503282,254768.83146717405,0.0159277018601601,0.09228140131016804,81.0,0.14625228519195613,40.0,0.04558137675178427,4.0,0.0,0.0,0.0009213968831759756,0.9425809963860959,8327.794733188499,0.17508417508417504,0.022790688375892133,0.1942403939296093,0.25,0.08684998638714948
BEŞİKTAŞ,TÜRKALİ,BEŞİKTAŞ|TÜRKALİ,2022,0.08523896101679002,1027711.5574438546,0.0642507295375953,0.16519510111079463,145.0,0.3692870201096892,101.0,0.0737984195028888,5.0,0.02857142857142857,0.0,0.0004088883875697931,0.9425809963860959,14907.780695213978,0.24695924764890279,0.029519367801155525,0.20440287836154802,0.4375,0.08684998638714948
BEŞİKTAŞ,ULUS,BEŞİKTAŞ|ULUS,2022,0.05753160397087569,693982.8944323747,0.0433865970767075,0.09911706066647678,87.0,0.03656307129798903,10.0,0.05232148008099548,3.0,0.04285714285714286,0.0,0.0003633109619686801,0.9425809963860959,8944.668417128385,0.04075235109717865,0.034880986720663656,0.12939941879237973,0.3125,0.08684998638714948
BEŞİKTAŞ,VİŞNEZADE,BEŞİKTAŞ|VİŞNEZADE,2022,0.05076267786569699,612452.7558716527,0.0382894753756957,0.1344346340074053,118.0,0.18281535648994515,50.0,0.14371271166352034,5.0,0.05714285714285714,0.0,0.0005583640249528782,0.9425809963860958,12131.849117484477,0.15023112480739598,0.05748508466540813,0.1568338022971539,0.4375,0.08684998638714948
BEŞİKTAŞ,YILDIZ,BEŞİKTAŞ|YILDIZ,2022,0.04682765272762968,565056.2944889381,0.0353263314864569,0.3041868413557391,267.0,0.12797074954296161,34.0,0.045352898672827956,4.0,0.3142857142857143,0.0,0.001369391283960025,0.9425809963860959,27450.878935325047,0.04647599591419813,0.022676449336413978,0.2199709396189861,0.3125,0.08684998638714948
BÜYÜKÇEKMECE,19 MAYIS,BÜYÜKÇEKMECE|19 MAYIS,2022,0.11002705863272814,872795.2711051702,0.0501255080550525,0.27684420393050413,243.0,0.2303473491773309,63.0,0.12097914280736725,5.0,0.05714285714285714,0.0,0.0005309817387232715,0.5596430131571021,16441.02719988809,0.09191919191919189,0.0483916571229469,0.39530190506942203,0.3125,0.08684998638714948
BÜYÜKÇEKMECE,AHMEDİYE,BÜYÜKÇEKMECE|AHMEDİYE,2022,0.009765008151733203,78077.96456243152,0.0044840958368628,0.01936770150954144,17.0,0.007312614259597806,2.0,0.09984492050390839,3.0,0.0,0.0,0.00041524664720319173,0.5596430131571023,1150.1953185106895,0.041711229946524056,0.06656328033593892,0.504217791411043,0.25,0.08684998638714948
BÜYÜKÇEKMECE,ALKENT 2000,BÜYÜKÇEKMECE|ALKENT 2000,2022,0.0564134081073468,447831.93018954434,0.0257194370400304,0.09569923098832242,84.0,0.05850091407678245,16.0,0.25429610187837537,12.0,0.05714285714285714,0.0,0.00035772552272236424,0.5596430131571021,5683.31804440576,0.0675324675324675,0.0423826836463959,0.2865676461091379,0.25,0.08684998638714948
BÜYÜKÇEKMECE,ATATÜRK,BÜYÜKÇEKMECE|ATATÜRK,2022,0.23270424146201976,1845183.925083737,0.1059707640059995,0.9068641412702934,796.0,0.8665447897623401,237.0,1.0,33.0,0.0,0.0,0.0008227333489519453,0.5596430131571021,53856.20432555934,0.1055619004111466,0.0606060606060606,0.6994672263480788,0.1875,0.08684998638714948
BÜYÜKÇEKMECE,BAHÇELİEVLER,BÜYÜKÇEKMECE|BAHÇELİEVLER,2022,0.035364011164886945,280985.95045734674,0.0161373050350878,0.2677299914554258,235.0,0.15356489945155394,42.0,0.27977140768200415,7.0,0.0,0.002793296089385475,0.0015950303572900323,0.5596430131571024,15899.758814706594,0.06336557059961313,0.07993468790914406,0.40305134000645787,0.3125,0.08684998638714948
BÜYÜKÇEKMECE,CELALİYE,BÜYÜKÇEKMECE|CELALİYE,2022,0.05917902230416635,469753.2997893951,0.026978403288855,0.4819139846197664,423.0,0.31078610603290674,85.0,0.4995673196379764,19.0,0.05714285714285714,0.00558659217877095,0.0017173397570050277,0.5596430131571021,28619.56586647186,0.07124435847840101,0.05258603364610279,0.5254076525670004,0.1875,0.08684998638714948
BÜYÜKÇEKMECE,CUMHURİYET,BÜYÜKÇEKMECE|CUMHURİYET,2022,0.07608853379768338,603784.8836699643,0.0346759716188596,0.4864710908573056,427.0,0.5228519195612431,143.0,0.4207423823980488,16.0,0.12857142857142856,0.00558659217877095,0.0013487496202082313,0.5596430131571021,28890.20005906261,0.11873536299765805,0.0525927977997561,0.41814659347755895,0.5625,0.08684998638714948
BÜYÜKÇEKMECE,DİZDARİYE,BÜYÜKÇEKMECE|DİZDARİYE,2022,0.05699384565482745,452432.71146358707,0.0259836645243516,0.2312731415551125,203.0,0.17915904936014626,49.0,0.11321088812285264,4.0,0.05714285714285714,0.0,0.0008557122253636477,0.5596430131571021,13734.685273980584,0.08557993730407523,0.05660544406142632,0.5319664191152729,0.1875,0.08684998638714948
BÜYÜKÇEKMECE,EKİNOBA,BÜYÜKÇEKMECE|EKİNOBA,2022,0.12265157529043216,972862.2638156004,0.0558724558390388,0.17317003702648817,152.0,0.41316270566727603,113.0,0.14896770747951552,6.0,0.05714285714285714,0.0,0.0002979736948598138,0.5596430131571023,10284.09931844852,0.26357655502392346,0.04965590249317183,0.3329835324507588,0.1875,0.08684998638714948
BÜYÜKÇEKMECE,FATİH,BÜYÜKÇEKMECE|FATİH,2022,0.16485279933078964,1307366.125857768,0.0750833482285101,0.9068641412702934,796.0,0.7458866544789763,204.0,0.8420559599934883,25.0,0.1,0.0,0.0011611853176327408,0.5596430131571023,53856.20432555935,0.09086340794883507,0.06736447679947907,0.49150387471746854,0.25,0.08684998638714948
BÜYÜKÇEKMECE,GÜZELCE,BÜYÜKÇEKMECE|GÜZELCE,2022,0.09605387826176026,762038.2277874057,0.0437646199398493,0.42495015665052693,373.0,0.24862888482632542,68.0,0.17090160305932145,7.0,0.0,0.0,0.000933507410080045,0.5596430131571023,25236.638459087484,0.06463563246405067,0.04882902944552041,0.2945592508879561,0.3125,0.08684998638714948
BÜYÜKÇEKMECE,HÜRRİYET,BÜYÜKÇEKMECE|HÜRRİYET,2022,0.019512944610893448,155344.0265470908,0.0089215632941395,0.6710338934776418,589.0,0.7385740402193784,202.0,0.25726631690480745,11.0,0.0,0.0,0.007231134391880831,0.5596430131571023,39850.884858988014,0.12159283840098778,0.04677569398269226,0.2667097190829835,0.3125,0.08684998638714948
BÜYÜKÇEKMECE,KAMİLOBA,BÜYÜKÇEKMECE|KAMİLOBA,2022,0.07363021006717711,584299.2218034302,0.0335568905087933,0.4762176018228425,418.0,0.4351005484460695,119.0,0.33986114244751425,13.0,0.0,0.0,0.0013643527484449363,0.5596430131571021,28281.27312573342,0.10093518921270116,0.05228632960730988,0.27307532635269155,0.4375,0.08684998638714948
BÜYÜKÇEKMECE,KARAAĞAÇ,BÜYÜKÇEKMECE|KARAAĞAÇ,2022,0.04081841694194771,324219.76272371906,0.0186202662480474,0.4465964112788379,392.0,0.3071297989031079,84.0,0.09973068146443025,9.0,0.014285714285714285,0.01675977653631285,0.0023058565170138157,0.5596430131571021,26522.150873893544,0.07597402597402593,0.022162373658762276,0.1515579593154666,0.375,0.08684998638714948
BÜYÜKÇEKMECE,KUMBURGAZ,BÜYÜKÇEKMECE|KUMBURGAZ,2022,0.0725205500499347,575503.6105442309,0.0330517497299439,0.4181144972942182,367.0,0.2522851919561243,69.0,0.4900854793612895,17.0,0.02857142857142857,0.0,0.0012161963840763017,0.5596430131571023,24830.68717020136,0.06665840971018082,0.057657115218975236,0.34307394252502427,0.1875,0.08684998638714948
BÜYÜKÇEKMECE,MURAT ÇESME,BÜYÜKÇEKMECE|MURAT ÇESME,2022,0.17413126424419348,1380910.9676943042,0.0793071022793506,0.3896325833095984,342.0,1.0,270.0,0.19923288484990415,5.0,0.0,0.0,0.0004723306446044018,0.5596430131571021,23139.223466509164,0.2835326953748006,0.07969315393996167,0.3929493980349647,0.4375,0.08684998638714948
BÜYÜKÇEKMECE,MİMAROBA,BÜYÜKÇEKMECE|MİMAROBA,2022,0.1713912575862334,1359192.5737388963,0.0780597931254225,0.23241241811449728,204.0,0.42047531992687387,115.0,0.15456542041394514,6.0,0.08571428571428572,0.0,0.0002862429971860121,0.5596430131571021,13802.343822128272,0.1998663101604278,0.05152180680464838,0.29716257668711654,0.25,0.08684998638714948
BÜYÜKÇEKMECE,MİMARSİNAN,BÜYÜKÇEKMECE|MİMARSİNAN,2022,0.08056131725179894,639237.9628993527,0.0367120775274524,0.3565935630874395,313.0,0.31078610603290674,85.0,0.20128918756051098,9.0,0.04285714285714286,0.0,0.0009338292540163324,0.5596430131571023,21177.125570226228,0.096282311937264,0.04473093056900244,0.3147198902163384,0.25,0.08684998638714948
BÜYÜKÇEKMECE,PINARTEPE,BÜYÜKÇEKMECE|PINARTEPE,2022,0.21865423847447354,1733817.954832643,0.0995749046061067,0.6197664483053261,544.0,0.5301645338208409,145.0,0.31986931053883694,13.0,0.04285714285714286,0.0,0.0005983855532630712,0.5596430131571023,36806.25019234207,0.09450200534759358,0.04921066315982107,0.7052187600904101,0.25,0.08684998638714948
BÜYÜKÇEKMECE,SİNANOBA,BÜYÜKÇEKMECE|SİNANOBA,2022,0.13615528411564365,1079898.086985242,0.0620196305478057,0.1822842495015665,160.0,0.19378427787934185,53.0,0.12634837766284063,4.0,0.02857142857142857,0.0,0.00028256795401879333,0.5596430131571023,10825.36770363002,0.11744318181818181,0.0631741888314203,0.33560703907006784,0.125,0.08684998638714948
BÜYÜKÇEKMECE,TÜRKOBA,BÜYÜKÇEKMECE|TÜRKOBA,2022,0.05829129429037242,462716.8107820357,0.0265742906657755,0.3782398177157505,332.0,0.39488117001828155,108.0,0.2577232730627201,11.0,0.05714285714285714,0.0,0.0013683856209599308,0.5596430131571023,22462.637985032292,0.1153340635268346,0.04685877692049456,0.39715854052308686,0.375,0.08684998638714948
BÜYÜKÇEKMECE,ULUS,BÜYÜKÇEKMECE|ULUS,2022,0.0707621657149198,561565.9496258072,0.0322512958803826,0.4420393050412988,388.0,0.29250457038391225,80.0,0.09778861779330159,3.0,0.0,0.00558659217877095,0.0013177003315274522,0.5596430131571023,26251.516681302797,0.07310215557638235,0.06519241186220105,0.36799725540845984,0.25,0.08684998638714948
BÜYÜKÇEKMECE,YENİMAHALLE,BÜYÜKÇEKMECE|YENİMAHALLE,2022,0.020870144170443777,166101.73570257312,0.0095393893236553,0.2631728852178866,231.0,0.09140767824497258,25.0,0.2763442364976595,8.0,0.0,0.0,0.002652305252942222,0.5596430131571023,15629.124622115842,0.038370720188901995,0.06908605912441487,0.35074265418146594,0.125,0.08684998638714948
BÜYÜKÇEKMECE,ÇAKMAKLI,BÜYÜKÇEKMECE|ÇAKMAKLI,2022,0.037293112425631436,296276.7823387241,0.0170154728506259,0.20393050412987754,179.0,0.08409506398537477,23.0,0.09756013971434528,8.0,0.0,0.0111731843575419,0.001152235118495688,0.5596430131571023,12110.880118436084,0.04555611985779581,0.02439003492858632,0.2383354859541491,0.375,0.08684998638714948
ESENLER,15 TEMMUZ,ESENLER|15 TEMMUZ,2022,0.21317422515855333,1109296.1847803995,0.0546001691503799,0.012532042153232698,11.0,0.043875685557586835,12.0,0.07311298526601989,2.0,0.0,0.0,1.2410627365272162e-05,0.3062849780993642,488.40289915883744,0.38677685950413215,0.07311298526601989,0.4536215923243692,0.4375,0.08684998638714948
ESENLER,ATIŞALANI,ESENLER|ATIŞALANI,2022,0.29412819133953033,1530388.2843824371,0.0753265542057034,0.0,0.0,0.0,0.0,0.0,0.0,0.04285714285714286,0.0,0.0,0.3062849780993642,0.0,0.0,0.0,0.5678882789796578,0.375,0.08684998638714948
ESENLER,BİRLİK,ESENLER|BİRLİK,2022,0.23544424811997985,1225136.4724081638,0.0603018919054768,0.5457134719453147,479.0,0.340036563071298,93.0,0.24561393487803548,11.0,0.02857142857142857,0.0,0.0004893274896828469,0.3062849780993642,21267.726245189377,0.06883659138356424,0.04465707906873373,0.4747336131740394,0.3125,0.08684998638714948
ESENLER,DAVUTPAŞA,ESENLER|DAVUTPAŞA,2022,0.23678437598695723,1232107.313787067,0.0606450005572783,0.18684135573910568,164.0,0.3473491773308958,95.0,0.32398191596005055,13.0,0.04285714285714286,0.0,0.00016658806457464176,0.3062849780993641,7281.643223822666,0.20537694013303767,0.049843371686161625,0.26658863416209233,0.375,0.08684998638714948
ESENLER,FATİH,ESENLER|FATİH,2022,0.36990089882461397,1924529.424003619,0.094726398167756,0.8795215038450583,772.0,0.7495429616087751,205.0,0.2742879337870527,15.0,0.0,0.0,0.0005020434611951404,0.3062849780993642,34277.00346823841,0.09414743287800283,0.03657172450494036,0.6036371603856265,0.4375,0.08684998638714948
ESENLER,FEVZİ ÇAKMAK,ESENLER|FEVZİ ÇAKMAK,2022,0.2756736916681604,1434394.9145659455,0.0706017076757994,0.32127598974651095,282.0,0.24862888482632542,68.0,0.36830666327757516,11.0,0.0,0.0,0.00024605315695507354,0.3062849780993641,12520.874323890192,0.08549323017408121,0.06696484786865002,0.4045581745775482,0.5625,0.08684998638714948
ESENLER,HAVAALANI,ESENLER|HAVAALANI,2022,0.2622894846909597,1364775.3013040314,0.067174991968635,0.5035602392480775,442.0,0.5191956124314442,142.0,0.31130138257797524,15.0,0.0,0.0,0.0004053308739242815,0.3062849780993642,19624.916493473287,0.11390374331550802,0.0415068510103967,0.4250080723280594,0.0,0.08684998638714948
ESENLER,KAZIM KARABEKİR,ESENLER|KAZIM KARABEKİR,2022,0.0301998241615665,157532.13511050504,0.0077538184496296,0.8031899743662774,705.0,0.5045703839122486,138.0,0.23624633364082673,15.0,0.02857142857142857,0.0,0.005601038112028329,0.3062849780993643,31302.185809725495,0.06940038684719535,0.03149951115211023,0.6118017436228609,0.3125,0.08684998638714948
ESENLER,KEMER,ESENLER|KEMER,2022,0.15989347263834472,832149.7396395392,0.0409588684844869,0.3189974366277414,280.0,0.13528336380255943,37.0,0.1673601928354986,4.0,0.0,0.0,0.00042111927487271526,0.3062849780993642,12432.073796770408,0.04685064935064933,0.0836800964177493,0.2982725217952858,0.375,0.08684998638714948
ESENLER,MENDERES,ESENLER|MENDERES,2022,0.1670123684412691,869179.5594484911,0.0427814966093434,0.3417829678154372,300.0,0.3656307129798903,100.0,0.31529974895971075,12.0,0.014285714285714285,0.0,0.00043197669794269386,0.3062849780993642,13320.079067968294,0.11818181818181817,0.05254995815995179,0.5273248304811108,0.375,0.08684998638714948
ESENLER,MİMAR SİNAN,ESENLER|MİMAR SİNAN,2022,0.11784589383114388,613434.0413434998,0.0301935613585354,0.11278837937909428,99.0,0.21206581352833637,58.0,0.34237440131603375,14.0,0.0,0.0,0.00020198349933740864,0.3062849780993642,4395.626092429537,0.2077134986225895,0.04891062875943339,0.31825153374233134,0.375,0.08684998638714948
ESENLER,NAMIK KEMAL,ESENLER|NAMIK KEMAL,2022,0.16472476163649244,857280.2888144394,0.0421958079553128,0.38621475363144403,339.0,0.17184643510054845,47.0,0.31187257777536603,14.0,0.0,0.0,0.0004949090893923027,0.3062849780993642,15051.689346804173,0.04915526950925178,0.044553225396480864,0.20422989990313206,0.3125,0.08684998638714948
ESENLER,NİNE HATUN,ESENLER|NİNE HATUN,2022,0.3560898995330892,1852689.79756371,0.0911904121893173,0.4659641127883794,409.0,0.489945155393053,134.0,0.3741328542909611,15.0,0.05714285714285714,0.0,0.0002762925458432833,0.3062849780993642,18159.707795996776,0.11615914647699488,0.04988438057212814,0.3961494995156603,0.375,0.08684998638714948
ESENLER,ORUÇREİS,ESENLER|ORUÇREİS,2022,0.33734518108797895,1755186.8187861822,0.0863912618749467,0.8305326117915124,729.0,0.8043875685557587,220.0,0.27497336802392164,12.0,0.04285714285714286,0.002793296089385475,0.0005198197184131594,0.3062849780993642,32367.792135162956,0.10699588477366254,0.0458288946706536,0.5864041814659348,0.75,0.08684998638714948
ESENLER,TUNA,ESENLER|TUNA,2022,0.24310943808523897,1265007.909084949,0.0622643859775646,0.854457419538593,750.0,0.43875685557586835,120.0,0.2333903576538728,12.0,0.14285714285714285,0.0,0.0007420216769265886,0.3062849780993642,33300.19766992074,0.05672727272727272,0.038898392942312135,0.7010816919599613,0.5625,0.08684998638714948
ESENLER,TURGUT REİS,ESENLER|TURGUT REİS,2022,0.3897638131332531,2027848.837307493,0.0998118365928655,0.7211620620905724,633.0,0.526508226691042,144.0,0.29359433145886105,14.0,0.04285714285714286,0.0,0.00039067597259008203,0.3062849780993642,28105.3668334131,0.08065489013356308,0.04194204735126587,0.5832257022925412,0.1875,0.08684998638714948
ESENLER,YAVUZ SELİM,ESENLER|YAVUZ SELİM,2022,0.03178749157085179,165790.58413264537,0.0081603038587703,0.08658501851324409,76.0,0.12431444241316271,34.0,0.3526559148690678,12.0,0.02857142857142857,0.0,0.00057372305281056,0.3062849780993642,3374.420030551968,0.15861244019138754,0.058775985811511285,0.31623345172747824,0.375,0.08684998638714948
ESENLER,ÇİFTE HAVUZLAR,ESENLER|ÇİFTE HAVUZLAR,2022,0.019137367374288325,99989.393536882,0.0049215330181978,0.05924238108800912,52.0,0.062157221206581355,17.0,0.29427976569573,12.0,0.05714285714285714,0.0,0.0006508755826290129,0.3062849780993642,2308.813705114504,0.1159090909090909,0.049046627615955,0.37041895382628354,0.5,0.08684998638714948
ESENYURT,AKEVLER,ESENYURT|AKEVLER,2022,0.10437632839107833,655441.9276357603,0.0124050086312018,0.08772429507262888,75.0,0.19012797074954296,52.0,0.2805710809583513,12.0,0.02857142857142857,0.0,0.0001773549435085568,0.4060416028105732,4123.960486023332,0.23943329397874852,0.04676184682639188,0.1802550855666774,0.3125,0.08684998638714948
ESENYURT,AKÇABURGAZ,ESENYURT|AKÇABURGAZ,2022,0.2185091290876034,1371564.9881372924,0.0259584790028148,0.20279122757049273,178.0,0.6544789762340036,179.0,0.43228052538534256,17.0,0.05714285714285714,0.10614525139664804,0.00019592524754693781,0.4060416028105732,9533.311253404589,0.3565372829417773,0.05085653239827559,0.24920429909128644,0.4375,0.08684998638714948
ESENYURT,AKŞEMSEDDİN,ESENYURT|AKŞEMSEDDİN,2022,0.006692103488600378,42524.99514159125,0.000804835500341,0.13215608088863573,116.0,0.26691042047531993,73.0,0.11686653738615366,7.0,0.0,0.002793296089385475,0.0041181343296198,0.4060416028105732,6212.719693229955,0.22311912225705327,0.03339043925318676,0.3382305456893769,0.375,0.08684998638714948
ESENYURT,ARDIÇLI,ESENYURT|ARDIÇLI,2022,0.21611909212738897,1356568.7681881166,0.0256746579195711,0.14468812304186843,126.0,0.051188299817184646,14.0,0.3407750547633395,9.0,0.0,0.0,0.00014133466665924754,0.4060416028105732,6801.856905519003,0.0390837508947745,0.0757277899474088,0.19469446238295124,0.5,0.08684998638714948
ESENYURT,ATATÜRK,ESENYURT|ATATÜRK,2022,0.2325079169974307,1459399.9906967503,0.0276208596332423,0.09114212475078325,80.0,0.16087751371115175,44.0,0.1627906312563724,8.0,0.0,0.00558659217877095,8.275656196730081e-05,0.4060416028105732,4284.634271193073,0.195,0.0406976578140931,0.19523502006550117,0.4375,0.08684998638714948
ESENYURT,AŞIK VEYSEL,ESENYURT|AŞIK VEYSEL,2022,0.2604030626616476,1634427.3006749873,0.0309334571333867,0.07405297636001139,65.0,0.062157221206581355,17.0,0.24104437329890932,8.0,0.14285714285714285,0.0111731843575419,6.003915080449163e-05,0.40604160281057305,3481.265345344371,0.0927272727272727,0.06026109332472733,0.31724249273490474,0.1875,0.08684998638714948
ESENYURT,BALIKYOLU,ESENYURT|BALIKYOLU,2022,0.2380391453910698,1494105.5282934145,0.0282777027116063,0.1936770150954144,170.0,0.3875685557586837,106.0,0.34511613826350945,8.0,0.014285714285714285,0.0,0.000171772818178472,0.4060416028105732,9104.84782628528,0.22106951871657754,0.08627903456587736,0.27930255085566674,0.3125,0.08684998638714948
ESENYURT,BARBAROS HAYRETTİN PAŞA,ESENYURT|BARBAROS HAYRETTİN PAŞA,2022,0.02327725282323116,146588.050003193,0.0027743510887072,0.08088863571632014,71.0,0.2303473491773309,63.0,0.0611178861208135,4.0,0.02857142857142857,0.0,0.0007312174942927273,0.4060416028105732,3802.612915683852,0.3145966709346991,0.03055894306040675,0.07830158217629965,0.4375,0.08684998638714948
ESENYURT,BATTALGAZİ,ESENYURT|BATTALGAZİ,2022,0.1543793159372786,969184.2721438728,0.0183429511513506,0.11164910281970948,98.0,0.3619744058500914,99.0,0.19432060615234348,8.0,0.014285714285714285,0.0,0.00015265341000124616,0.40604160281057305,5248.676982211513,0.3581632653061224,0.04858015153808587,0.23308847271553118,0.375,0.08684998638714948
ESENYURT,BAĞLARÇEŞME,ESENYURT|BAĞLARÇEŞME,2022,0.280556195744027,1760877.5696035728,0.0333266770531667,0.26203360865850184,230.0,0.5118829981718465,140.0,0.23875959250934617,7.0,0.0,0.0,0.00019719026329186897,0.40604160281057305,12318.32352968008,0.2158102766798419,0.06821702643124176,0.1563738368509114,0.0,0.08684998638714948
ESENYURT,CUMHURİYET,ESENYURT|CUMHURİYET,2022,0.12558790641298131,788533.379684695,0.0149239207449897,0.027342637425234975,24.0,0.043875685557586835,12.0,0.09219090485887194,3.0,0.014285714285714285,0.0,4.5949199695313044e-05,0.4060416028105732,1285.3902813579218,0.17727272727272725,0.06146060323924796,0.11151344619216756,0.4375,0.08684998638714948
ESENYURT,ESENKENT,ESENYURT|ESENKENT,2022,0.07739451827951482,486145.3159952439,0.0092008713307255,0.08202791227570493,72.0,0.029250457038391225,8.0,0.24104437329890932,8.0,0.05714285714285714,0.0,0.00022359041548334054,0.40604160281057305,3856.170844073765,0.03939393939393939,0.06026109332472733,0.382743668988422,0.4375,0.08684998638714948
ESENYURT,FATİH,ESENYURT|FATİH,2022,0.23586250458801739,1480448.2565539863,0.0280192227965094,0.28481913984619767,250.0,0.340036563071298,92.0,0.21556906749528051,8.0,0.02857142857142857,0.0,0.0002549374092240725,0.4060416028105732,13389.482097478352,0.1318909090909091,0.05389226687382012,0.20463351630610271,0.375,0.08684998638714948
ESENYURT,GÖKEVLER,ESENYURT|GÖKEVLER,2022,0.11414987238909802,716765.7556422112,0.0135656341323234,0.05126744517231558,45.0,0.113345521023766,31.0,0.07893917627940585,6.0,0.02857142857142857,0.0,9.478116833586837e-05,0.4060416028105732,2410.106777546104,0.24424242424242423,0.026313058759801947,0.17371649983855345,0.3125,0.08684998638714948
ESENYURT,GÜZELYURT,ESENYURT|GÜZELYURT,2022,0.15295382960743642,960240.0981027574,0.0181736721481302,0.1572201651951011,135.0,0.5703839122486288,156.0,0.38955512462051217,8.0,0.04285714285714286,0.0,0.0002169631817673066,0.40604160281057305,7390.994117808049,0.40079051383399206,0.09738878115512804,0.2833588957055215,0.3125,0.08684998638714948
ESENYURT,HÜRRİYET,ESENYURT|HÜRRİYET,2022,0.2433142983961145,1527204.3280383807,0.0289041363881942,0.11962403873540302,105.0,0.2742230347349177,75.0,0.14622597053203976,6.0,0.014285714285714285,0.0,0.00010379560033751222,0.4060416028105732,5623.582480940908,0.2532467532467532,0.04874199017734658,0.09836708335255315,0.4375,0.08684998638714948
ESENYURT,KOZA,ESENYURT|KOZA,2022,0.09798297952250476,615327.0392717151,0.0116457872335249,0.05924238108800912,52.0,0.1425959780621572,39.0,0.3262666967496137,12.0,0.0,0.0,0.00012758045191753304,0.4060416028105732,2785.0122762754972,0.2659090909090909,0.05437778279160228,0.28111882466903454,0.375,0.08684998638714948
ESENYURT,MEHMET AKİF ERSOY,ESENYURT|MEHMET AKİF ERSOY,2022,0.22027604926890476,1382651.4793140043,0.02616830387507,0.14354884648248362,126.0,0.3290676416819013,90.0,0.3528843929480241,6.0,0.0,0.0,0.00013757661343155383,0.4060416028105732,6748.2989771290895,0.2532467532467532,0.11762813098267469,0.14199225056506296,0.3125,0.08684998638714948
ESENYURT,MEHTERÇEŞME,ESENYURT|MEHTERÇEŞME,2022,0.2871970841549085,1802545.6378909256,0.0341152942058939,0.1697522073483338,149.0,0.28884826325411334,79.0,0.34248864035551185,5.0,0.0,0.0,0.0001247920133111481,0.4060416028105732,7980.131330097098,0.18798047589993896,0.13699545614220476,0.13085243784307396,0.3125,0.08684998638714948
ESENYURT,SARIYER MERKEZ,ESENYURT|SARIYER MERKEZ,2022,0.2702619651225321,1696286.7079653374,0.032104219101767,0.0,0.0,0.0,0.0,0.0,0.0,0.0,0.0,0.0,0.4060416028105732,0.0,0.0,0.0,0.2199709396189861,0.4375,0.08684998638714948
ESENYURT,MEVLANA,ESENYURT|MEVLANA,2022,0.1766493388987051,1108916.907313157,0.0209875554591464,0.06607804044431786,58.0,0.12431444241316271,34.0,0.0611178861208135,4.0,0.08571428571428572,0.0,7.896157106298288e-05,0.4060416028105732,3106.3598466149774,0.20783699059561125,0.03055894306040675,0.2721671894460077,0.4375,0.08684998638714948
ESENYURT,NAMIK KEMAL,ESENYURT|NAMIK KEMAL,2022,0.1823512842180738,1144693.6034776194,0.0216646714720279,0.17772714326402733,154.0,0.40950639853747717,112.0,0.061232125160291646,2.0,0.0,0.0,0.00020574161026723487,0.4060416028105732,8355.036828826493,0.2545454545454545,0.061232125160291646,0.3539211333548596,0.375,0.08684998638714948
ESENYURT,NECİP FAZIL KISAKÜREK,ESENYURT|NECİP FAZIL KISAKÜREK,2022,0.17399469070360982,1092260.391583894,0.0206723113274007,0.10709199658217032,94.0,0.2961608775137112,81.0,0.12097914280736725,5.0,0.02857142857142857,0.0,0.00012992372411151326,0.40604160281057305,5034.44526865186,0.3055125725338491,0.0483916571229469,0.14156845334194382,0.25,0.08684998638714948
ESENYURT,ORHAN GAZİ,ESENYURT|ORHAN GAZİ,2022,0.13859653615357695,870155.6625509231,0.0164687183552162,0.3064653944745087,269.0,0.2376599634369287,65.0,0.29519367801155527,10.0,0.04285714285714286,0.04189944134078212,0.00046670464304612977,0.4060416028105732,14407.082736886709,0.08567083474146671,0.05903873560231105,0.32470939618986117,0.375,0.08684998638714948
ESENYURT,OSMANGAZİ,ESENYURT|OSMANGAZİ,2022,0.27199474191868755,1707158.9674284896,0.0323099893871187,0.2700085445741954,234.0,0.8555758683729433,234.0,0.139828584321263,7.0,0.02857142857142857,0.08379888268156424,0.00020958547177260168,0.40604160281057305,12693.229028409476,0.35005753739930956,0.03995102409178943,0.17012431385211496,0.375,0.08684998638714948
ESENYURT,PINAR,ESENYURT|PINAR,2022,0.31510930151169836,1977680.0637259425,0.0374299189994901,0.39418968954713757,346.0,0.7129798903107861,195.0,0.3948101204365074,14.0,0.0,0.0,0.00026412338553399194,0.40604160281057305,18531.043222910037,0.19981607987388333,0.05640144577664391,0.19990543844273256,0.4375,0.08684998638714948
ESENYURT,PİRİ REİS,ESENYURT|PİRİ REİS,2022,0.137708808139783,864585.6379983721,0.0163632990957257,0.05240672173170037,46.0,0.12797074954296161,34.0,0.05883310533125037,4.0,0.02857142857142857,0.0,8.032238712147764e-05,0.4060416028105732,2463.6647059360166,0.26976284584980237,0.029416552665625186,0.09767516951888926,0.25,0.08684998638714948
ESENYURT,SAADETDERE,ESENYURT|SAADETDERE,2022,0.13393596408115882,840913.0336500303,0.015915267242891,0.1367131871261749,115.0,0.2303473491773309,63.0,0.183010941244006,2.0,0.014285714285714285,0.0,0.00021543534396347179,0.40604160281057305,6426.951406789608,0.18613636363636363,0.183010941244006,0.30654665805618336,0.25,0.08684998638714948
ESENYURT,SELAHADDİN EYYUBİ,ESENYURT|SELAHADDİN EYYUBİ,2022,0.25013443957901205,1569997.1128219217,0.0297140401221647,0.26431216177727146,232.0,1.0,270.0,0.44427562453054886,16.0,0.0,0.00558659217877095,0.00022308785274736452,0.40604160281057305,12425.439386459908,0.41796630094043885,0.05553445306631861,0.19708588957055212,0.625,0.08684998638714948
ESENYURT,SULTANİYE,ESENYURT|SULTANİYE,2022,0.1820952088294794,1143086.8656259216,0.0216342620702518,0.13557391056679008,119.0,0.24862888482632542,68.0,0.09253362197730641,3.0,0.02857142857142857,0.0,0.00015716452308051272,0.40604160281057305,6373.393478399695,0.20259740259740258,0.06168908131820427,0.1676017113335486,0.5,0.08684998638714948
ESENYURT,SÜLEYMANİYE,ESENYURT|SÜLEYMANİYE,2022,0.2945464478075679,1848659.0142346409,0.0349880440368683,0.168612930788949,148.0,0.376599634369287,103.0,0.2810280371162639,8.0,0.0,0.0,0.00012086253383946791,0.40604160281057305,7926.573401707183,0.24674447174447173,0.07025700927906597,0.27518566354536644,0.3125,0.08684998638714948
ESENYURT,TALATPAŞA,ESENYURT|TALATPAŞA,2022,0.21487285856956287,1348749.3106431891,0.0255266654975941,0.25178011962403873,221.0,0.3071297989031079,84.0,0.2000325581262513,6.0,0.0,0.0,0.00024737045631347665,0.40604160281057305,11836.302174170862,0.13475935828877003,0.06667751937541709,0.21876009041007424,0.4375,0.08684998638714948
ESENYURT,TURGUT ÖZAL,ESENYURT|TURGUT ÖZAL,2022,0.1795771341749678,1127287.2767508973,0.02133523628612,0.17772714326402733,156.0,0.32541133455210236,89.0,0.06820070656845917,3.0,0.04285714285714286,0.0,0.00020891844527943802,0.40604160281057305,8355.03682882649,0.20227272727272724,0.04546713771230611,0.4243017436228608,0.3125,0.08684998638714948
ESENYURT,YENİKENT,ESENYURT|YENİKENT,2022,0.20096796496888683,1261503.4452960202,0.0238754349811512,0.16747365422956423,147.0,0.18647166361974407,51.0,0.10030187666182101,4.0,0.0,0.0,0.00017592019024682967,0.40604160281057305,7873.015473317269,0.12300556586270871,0.050150938330910506,0.10494026477236035,0.3125,0.08684998638714948
ESENYURT,YEŞİLKENT,ESENYURT|YEŞİLKENT,2022,0.30869888095055187,1937458.0595051176,0.0366686703083614,0.19139846197664484,168.0,0.453382084095064,124.0,0.49374112862459046,12.0,0.05714285714285714,0.0,0.0001309072693793686,0.40604160281057305,8997.73196950545,0.2616883116883117,0.08229018810409841,0.15930739425250243,0.625,0.08684998638714948
ESENYURT,YUNUS EMRE,ESENYURT|YUNUS EMRE,2022,0.14151579558355312,888472.4740602734,0.0168153855354639,0.16633437767017945,146.0,0.4936014625228519,135.0,0.09893100818808315,4.0,0.0,0.0,0.00024808223772444023,0.40604160281057305,7819.457544927356,0.32783312577833124,0.049465504094041574,0.31151113981272205,0.3125,0.08684998638714948
ESENYURT,ZAFER,ESENYURT|ZAFER,2022,0.15543776087680214,975825.455264222,0.0184686433453585,0.10025633722586158,88.0,0.10603290676416818,29.0,0.10281513553034045,4.0,0.014285714285714285,0.0,0.00013614362858132152,0.40604160281057305,4713.097698312379,0.11683884297520658,0.05140756776517023,0.2740219029168012,0.5625,0.08684998638714948
ESENYURT,ÇINAR,ESENYURT|ÇINAR,2022,0.2618626923766357,1643585.7064296626,0.0311067907235106,0.3030475647963543,264.0,0.526508226691042,144.0,0.23201948918013496,8.0,0.0,0.0,0.000244329593886249,0.4060416028105732,14246.408951716969,0.1919343814080656,0.05800487229503374,0.19030513400064578,0.25,0.08684998638714948
ESENYURT,ÖRNEK,ESENYURT|ÖRNEK,2022,0.21583740919993513,1354801.3565512495,0.0256412075776174,0.1093705497009399,96.0,0.3473491773308958,95.0,0.3446591821055968,15.0,0.0,0.0,0.00010697502642537855,0.4060416028105732,5141.561125431687,0.3508522727272727,0.04595455761407958,0.17323216015498868,0.3125,0.08684998638714948
ESENYURT,ÜÇEVLER,ESENYURT|ÜÇEVLER,2022,0.24907599463948854,1563355.9297015723,0.0295883479281567,0.25975505553973227,228.0,0.3875685557586837,106.0,0.1664462805196734,4.0,0.0,0.0,0.00022017285500458697,0.4060416028105732,12211.207672900257,0.16483253588516744,0.0832231402598367,0.17234420406845333,0.375,0.08684998638714948
ESENYURT,İNCİRTEPE,ESENYURT|İNCİRTEPE,2022,0.24041211065871126,1508994.63238581,0.0285594965013983,0.29621190544004555,260.0,0.29981718464351004,82.0,0.14736836092682132,9.0,0.0,0.0,0.00026011922130976696,0.4060416028105732,13925.061381377483,0.1118181818181818,0.03274852465040474,0.14277930255085566,0.25,0.08684998638714948
ESENYURT,İNÖNÜ,ESENYURT|İNÖNÜ,2022,0.25069780543391973,1573531.936095656,0.0297809408060721,0.19025918541726003,167.0,0.31078610603290674,85.0,0.10955523885955167,6.0,0.0,0.0,0.00016022404868398812,0.4060416028105732,8944.174041115539,0.18045726728361458,0.03651841295318389,0.19030513400064578,0.375,0.08684998638714948
ESENYURT,İSTİKLAL,ESENYURT|İSTİKLAL,2022,0.16655143274179918,1045557.8780278894,0.0197884113824418,0.16405582455140985,144.0,0.2851919561243144,78.0,0.10350056976720938,3.0,0.04285714285714286,0.0,0.00020792236464934762,0.40604160281057305,7712.34168814753,0.19204545454545452,0.06900037984480625,0.12956086535356795,0.375,0.08684998638714948
ESENYURT,ŞEHİTLER,ESENYURT|ŞEHİTLER,2022,0.014707263151605166,92815.88989971991,0.0017566497759333,0.1093705497009399,96.0,0.1316270566727605,35.0,0.0819093913058379,1.0,0.0,0.0,0.0015614773620636908,0.4060416028105732,5141.561125431687,0.13295454545454544,0.1638187826116758,0.13884404262189215,0.25,0.08684998638714948
EYÜPSULTAN,5.LEVENT,EYÜPSULTAN|5.LEVENT,2022,0.10172168019598303,704234.6736002765,0.0307576855531457,0.12645969809171176,111.0,0.04753199268738574,13.0,0.09390449045104428,6.0,0.04285714285714286,0.002793296089385475,0.00026233412093591723,0.46581810991479133,6554.041147784915,0.041523341523341514,0.03130149681701476,0.7661850177591217,0.625,0.08684998638714948
EYÜPSULTAN,AKPINAR,EYÜPSULTAN|AKPINAR,2022,0.009500396916852321,66308.00188254469,0.0028960242203557,0.21304471660495586,187.0,0.03290676416819013,9.0,0.06694407713419945,3.0,0.0,0.0,0.004693803151912125,0.46581810991479145,11041.49274446648,0.01706368497812348,0.04462938475613296,0.09727155311591866,0.375,0.08684998638714948
EYÜPSULTAN,AKŞEMSETTİN,EYÜPSULTAN|AKŞEMSETTİN,2022,0.33950475019845844,2349062.820031307,0.1025961064849796,1.0,872.75,0.4424131627056673,121.0,0.4136595619504031,27.0,0.014285714285714285,0.002793296089385475,0.0006219069552766146,0.46581810991479145,51827.11367088478,0.04887496439760749,0.030641449033363195,0.6724652889893445,0.3125,0.08684998638714948
EYÜPSULTAN,ALİBEYKÖY,EYÜPSULTAN|ALİBEYKÖY,2022,0.10935272677609621,757021.2752770307,0.0330631580847557,0.876103674166904,769.0,0.31444241316270566,86.0,0.4576415921494932,29.0,0.014285714285714285,0.002793296089385475,0.0016907035385004363,0.46581810991479133,45405.92470852793,0.03965007684123418,0.03156148911375815,0.7104081138428895,0.4375,0.08684998638714948
EYÜPSULTAN,AĞAÇLI,EYÜPSULTAN|AĞAÇLI,2022,0.009551611994571201,66662.27437701954,0.0029114971903665,0.10025633722586158,88.0,0.021937842778793418,6.0,0.10407176496460017,7.0,0.014285714285714285,0.0,0.002197109754430184,0.46581810991479133,5195.996585631284,0.024173553719008232,0.02973478998988576,0.07547626735550533,0.1875,0.08684998638714948
EYÜPSULTAN,DEFTERDAR,EYÜPSULTAN|DEFTERDAR,2022,0.02186883818596195,151864.80929822344,0.0066327464779652,0.23469097123326688,206.0,0.13893967093235832,38.0,0.21385548190310813,12.0,0.014285714285714285,0.008379888268156424,0.0022576638450217627,0.46581810991479133,12163.355643636867,0.06540158870255956,0.03564258031718469,0.5432676783984501,0.25,0.08684998638714948
EYÜPSULTAN,DÜĞMECİLER,EYÜPSULTAN|DÜĞMECİLER,2022,0.153781806697225,1064352.664233972,0.0464859595691293,0.3577328396468243,314.0,0.15722120658135283,43.0,0.21488363325841156,16.0,0.014285714285714285,0.0,0.0004910133535675912,0.46581810991479133,18540.260544184355,0.048552403011001714,0.026860454157301445,0.4427671940587666,0.25,0.08684998638714948
EYÜPSULTAN,EMNİYETTEPE,EYÜPSULTAN|EMNİYETTEPE,2022,0.09442353162104257,653750.8431376088,0.028552787326606,0.5947023639988607,522.0,0.19744058500914077,54.0,0.06488777442359266,4.0,0.014285714285714285,0.0,0.0013289463475191063,0.46581810991479133,30821.70701931285,0.03667711598746079,0.03244388721179632,0.6842307071359379,0.375,0.08684998638714948
EYÜPSULTAN,ESENTEPE,EYÜPSULTAN|ESENTEPE,2022,0.2295545141823086,1588498.8198095278,0.0693782187001157,0.5901452577613215,518.0,0.41681901279707495,114.0,0.10647078479364143,10.0,0.014285714285714285,0.0,0.0005427402996646915,0.46581810991479145,30585.525356329606,0.078027378027378,0.02129415695872829,0.7217922586373909,0.25,0.08684998638714948
EYÜPSULTAN,GÖKTÜRK MERKEZ,EYÜPSULTAN|GÖKTÜRK MERKEZ,2022,0.3217416540762934,2226189.309864276,0.0972295647195653,0.5252064938763885,461.0,0.3510054844606947,96.0,0.2789717344056571,13.0,0.014285714285714285,0.00558659217877095,0.0003446577426858134,0.46581810991479133,27219.93665881843,0.0738315914020903,0.0429187283701011,0.261139812721989,0.1875,0.08684998638714948
EYÜPSULTAN,GÜZELTEPE,EYÜPSULTAN|GÜZELTEPE,2022,0.264303944414569,1828872.7073107203,0.0798766288524471,1.0,872.75,0.5776965265082267,158.0,0.2514401258914215,18.0,0.08571428571428572,0.00558659217877095,0.0007987972592730946,0.46581810991479133,51827.11367088477,0.06382020144480981,0.0279377917657135,0.6164736034872458,0.375,0.08684998638714948
EYÜPSULTAN,IŞIKLAR,EYÜPSULTAN|IŞIKLAR,2022,0.005556835932498528,39029.01980798044,0.0017046055295237,0.07861008259755055,69.0,0.007312614259597806,2.0,0.04432474731752455,2.0,0.0,0.00558659217877095,0.0029424605793540396,0.46581810991479133,4074.1336864608934,0.01027667984189723,0.04432474731752455,0.1303680981595092,0.3125,0.08684998638714948
EYÜPSULTAN,KARADOLAP,EYÜPSULTAN|KARADOLAP,2022,0.20468105810350568,1416440.4783262373,0.0618635129315346,1.0,872.75,0.6398537477148081,175.0,0.45787007022844944,30.0,0.14285714285714285,0.0,0.0010313871486399948,0.46581810991479133,51827.11367088477,0.07068693198001084,0.030524671348563296,0.8196440103325798,0.375,0.08684998638714948
EYÜPSULTAN,SARIYER MERKEZ,EYÜPSULTAN|SARIYER MERKEZ,2022,0.10244722713033384,709253.5339386703,0.0309768859616321,0.28595841640558245,251.0,0.20840950639853748,57.0,0.11675229834667548,8.0,0.11428571428571428,0.0,0.0005890083071291125,0.46581810991479133,14820.39935219832,0.08051430641072073,0.02918807458666887,0.33379076525670004,0.3125,0.08684998638714948
EYÜPSULTAN,MİMAR SİNAN,EYÜPSULTAN|MİMAR SİNAN,2022,0.053468541138511176,370450.93838921224,0.016179568974632,0.2814013101680433,247.0,0.21206581352833637,58.0,0.3034188888539825,21.0,0.02857142857142857,0.061452513966480445,0.0011097252322892178,0.46581810991479133,14584.217689215082,0.08325358851674637,0.02889703703371262,0.4947731675815305,0.3125,0.08684998638714948
EYÜPSULTAN,MİTHATPAŞA,EYÜPSULTAN|MİTHATPAŞA,2022,0.006905499645762379,48358.19549581843,0.0021120604064749,0.593563087439476,521.0,0.3217550274223035,88.0,0.34979993888211386,24.0,0.0,0.00558659217877095,0.017931509206676993,0.46581810991479133,30762.66160356703,0.05988483685220729,0.029149994906842818,0.3236499031320633,0.75,0.08684998638714948
EYÜPSULTAN,NİŞANCI,EYÜPSULTAN|NİŞANCI,2022,0.013256169282903553,92287.9848107011,0.0040307086878147,0.4762176018228425,418.0,0.12431444241316271,34.0,0.23316187957491652,14.0,0.0,0.0,0.0075384199203905764,0.46581810991479133,24680.9837817486,0.02883862548934316,0.03330883993927379,0.3877946399741686,0.3125,0.08684998638714948
EYÜPSULTAN,ODAYERİ,EYÜPSULTAN|ODAYERİ,2022,0.017839918738743354,123995.37306620112,0.0054155395037818,0.015949871831387068,14.0,0.062157221206581355,17.0,0.08533656249018257,5.0,0.0,0.0,0.00018791946308724836,0.46581810991479145,826.6358204413408,0.43051948051948047,0.03413462499607303,0.24436090225563906,0.4375,0.08684998638714948
EYÜPSULTAN,PİRİNÇÇİ,EYÜPSULTAN|PİRİNÇÇİ,2022,0.029610850767799374,205419.00137967317,0.0089717437779319,0.16633437767017945,146.0,0.054844606946983544,15.0,0.09207666581939379,5.0,0.02857142857142857,0.0111731843575419,0.0011829365454471797,0.46581810991479145,8620.630698888268,0.03642590286425901,0.036830666327757514,0.2957162845764718,0.5625,0.08684998638714948
EYÜPSULTAN,RAMİ CUMA,EYÜPSULTAN|RAMİ CUMA,2022,0.1268768192022398,878241.5138031786,0.0383574926567863,0.2312731415551125,203.0,0.43875685557586835,120.0,0.1422276041503043,11.0,0.08571428571428572,0.0,0.00038470805775223294,0.46581810991479133,11986.219396399438,0.2095835199283475,0.02585956439096442,0.44155634484985473,0.25,0.08684998638714948
EYÜPSULTAN,RAMİ YENİ,EYÜPSULTAN|RAMİ YENİ,2022,0.12790112075661741,885326.9636926758,0.0386669520570024,0.34520079749359156,303.0,0.4570383912248629,125.0,0.26000805385228315,14.0,0.05714285714285714,0.00558659217877095,0.0005696238226834358,0.46581810991479133,17890.760970980446,0.14626462646264624,0.03714400769318331,0.4515890954379815,0.4375,0.08684998638714948
EYÜPSULTAN,SAKARYA,EYÜPSULTAN|SAKARYA,2022,0.07497033793415449,519186.3406529078,0.0226756375508351,0.45798917687268587,402.0,0.28884826325411334,79.0,0.08887797271400542,8.0,0.02857142857142857,0.0,0.0012887005145184893,0.46581810991479145,23736.25712981564,0.06967435549525099,0.02221949317850135,0.4946319018404908,0.375,0.08684998638714948
EYÜPSULTAN,SİLAHTARAĞA,EYÜPSULTAN|SİLAHTARAĞA,2022,0.08702295289066435,602558.4676859915,0.0263169431600446,0.21646254628311024,190.0,0.15356489945155394,42.0,0.07219907295019462,6.0,0.0,0.0,0.0005248118273382241,0.46581810991479133,11218.628991703908,0.07837320574162676,0.024066357650064877,0.38404100742654185,0.25,0.08684998638714948
EYÜPSULTAN,TOPÇULAR,EYÜPSULTAN|TOPÇULAR,2022,0.08942152569716524,619150.2295105641,0.0270415939222173,0.47393904870407294,416.0,0.2851919561243144,78.0,0.3819011089754757,20.0,0.014285714285714285,0.06983240223463687,0.0011182695495560075,0.46581810991479133,24562.89295025698,0.06647727272727272,0.03819011089754758,0.32850705961781196,0.6875,0.08684998638714948
EYÜPSULTAN,YEŞİLPINAR,EYÜPSULTAN|YEŞİLPINAR,2022,0.3293812365026931,2279034.9569567763,0.0995376160795104,0.8043292509256622,706.0,0.41681901279707495,114.0,0.15330879097968544,10.0,0.014285714285714285,0.0,0.0005155881429333023,0.46581810991479145,41686.0635165419,0.05724954931753795,0.030661758195937087,0.7083756169565016,0.4375,0.08684998638714948
EYÜPSULTAN,ÇIRÇIR,EYÜPSULTAN|ÇIRÇIR,2022,0.22253804853482198,1539963.488066472,0.0672584218086354,1.0,872.75,0.5484460694698354,150.0,0.44793127379384984,28.0,0.05714285714285714,0.0,0.0009486578853849483,0.46581810991479133,51827.11367088477,0.06058879884000932,0.03199509098527499,0.7840753148207943,0.25,0.08684998638714948
EYÜPSULTAN,ÇİFTALAN,EYÜPSULTAN|ÇİFTALAN,2022,0.015791315629988135,109824.4732872067,0.0047966207033496,0.02278553118769581,20.0,0.03656307129798903,10.0,0.02627497907997589,2.0,0.0,0.0,0.0003030959082052393,0.46581810991479145,1180.908314916201,0.17727272727272725,0.026274979079975887,0.18909428479173393,0.25,0.08684998638714948
EYÜPSULTAN,İHSANİYE,EYÜPSULTAN|İHSANİYE,2022,0.013486637132638516,93882.21103583796,0.0041003370528634,0.03076046710338935,27.0,0.010968921389396709,3.0,0.012680533382075324,1.0,0.0,0.0,0.0004786627833354439,0.46581810991479133,1594.226225136871,0.03939393939393939,0.025361066764150647,0.148228123990959,0.25,0.08684998638714948
EYÜPSULTAN,İSLAMBEY,EYÜPSULTAN|İSLAMBEY,2022,0.1310337763437556,906996.631271388,0.0396133820559966,0.5365992594702363,471.0,0.28153564899451555,77.0,0.1942063671128653,18.0,0.14285714285714285,0.0,0.0008642998546392875,0.46581810991479133,27810.39081627653,0.05796178343949041,0.021578485234762808,0.374613681442871,0.4375,0.08684998638714948
FATİH,AKSARAY,FATİH|AKSARAY,2022,0.07911022338309731,739185.8395242136,0.026326019289101,0.2916547992025064,256.0,0.29250457038391225,80.0,0.32386767692057244,11.0,0.05714285714285714,0.0,0.0007777654001455417,0.6904955188561335,20395.729135395417,0.11079545454545454,0.05888503216737681,0.18243461414271875,0.375,0.08684998638714948
FATİH,AKŞEMSETTİN,FATİH|AKŞEMSETTİN,2022,0.1647845125604978,1538841.8291021972,0.0548056760690866,0.3816576473939049,335.0,0.2742230347349177,75.0,0.20186038275790175,13.0,0.04285714285714286,0.0,0.0004888922091708119,0.6904955188561335,26689.723673271343,0.07937584803256442,0.031055443501215654,0.30695027445915396,0.375,0.08684998638714948
FATİH,ALEMDAR,FATİH|ALEMDAR,2022,9.389430915128081e-05,1673.0871556379052,5.958680804819154e-05,0.15038450583879237,132.0,0.06581352833638025,18.0,0.3075314942751961,15.0,0.05714285714285714,0.0,0.17718120805369128,0.6904955188561335,10516.54783543826,0.048347107438016505,0.041004199236692816,0.09937035841136585,0.3125,0.08684998638714948
FATİH,ALİ KUŞÇU,FATİH|ALİ KUŞÇU,2022,0.08392444068867208,784120.1802756316,0.0279263507052524,0.21760182284249502,191.0,0.42778793418647165,117.0,0.1890656103363483,12.0,0.08571428571428572,0.0,0.000547032373242193,0.6904955188561335,15217.126034611423,0.21718229414564494,0.031510935056058044,0.41612851146270585,0.4375,0.08684998638714948
FATİH,ATİKALİ,FATİH|ATİKALİ,2022,0.11627529811443156,1086072.576459806,0.038680350824426,0.23241241811449728,204.0,0.2595978062157221,71.0,0.16438997780906658,10.0,0.07142857142857142,0.0,0.0004218262595708479,0.6904955188561335,16252.846654768224,0.12339572192513368,0.03287799556181332,0.4379237972231192,0.3125,0.08684998638714948
FATİH,AYVANSARAY,FATİH|AYVANSARAY,2022,0.13839167584270143,1292499.6631387493,0.0460322279507529,0.6334377670179436,556.0,0.7056672760511883,193.0,0.44004878006985715,27.0,0.1,0.0,0.000966065661189454,0.6904955188561335,44296.97421593692,0.12307063440156965,0.032596205931100526,0.4803035195350339,0.1875,0.08684998638714948
FATİH,BALABANAĞA,FATİH|BALABANAĞA,2022,0.001980316338463377,19280.337698303476,0.0006866670260791,0.07974935915693535,70.0,0.025594149908592323,7.0,0.2526967553256812,10.0,0.14285714285714285,0.0,0.008153530423207055,0.6904955188561333,5576.957185459683,0.035454545454545454,0.05053935106513624,0.07164191152728447,0.375,0.08684998638714948
FATİH,BALAT,FATİH|BALAT,2022,0.09239200020486031,863153.6306752887,0.030741118018767,0.6471090857305611,568.0,0.6252285191956124,171.0,0.593700288167977,33.0,0.08571428571428572,0.0,0.0014778233574887906,0.6904955188561333,45253.024019158576,0.10673815620998718,0.03598183564654406,0.414917662253794,0.3125,0.08684998638714948
FATİH,BEYAZIT,FATİH|BEYAZIT,2022,0.00011096600172424096,1832.4287895081816,6.52617421480193e-05,0.08658501851324409,76.0,0.08409506398537477,23.0,0.2526967553256812,10.0,0.0,0.0,0.09314269039976657,0.6904955188561333,6054.982087070513,0.10729665071770333,0.05053935106513624,0.09179390193274597,0.4375,0.08684998638714948
FATİH,BİNBİRDİREK,FATİH|BİNBİRDİREK,2022,0.011514856640461618,108272.640214853,0.0038561177208329,0.06379948732554827,56.0,0.09140767824497258,25.0,0.0,0.0,0.014285714285714285,0.0,0.001161533105175045,0.6904955188561333,4461.565748367747,0.15827922077922077,0.0,0.12855182434614143,0.375,0.08684998638714948
FATİH,CANKURTARAN,FATİH|CANKURTARAN,2022,0.001749848488728415,17129.22564105474,0.0006100554157314,0.15038450583879237,132.0,0.226691042047532,62.0,0.038041600146225964,3.0,0.04285714285714286,0.0,0.017306071484314033,0.6904955188561333,10516.54783543826,0.1665289256198347,0.025361066764150647,0.08011785598966742,0.25,0.08684998638714948
FATİH,CERRAHPAŞA,FATİH|CERRAHPAŞA,2022,0.048483606907206815,453326.9483609371,0.0161451875140099,0.17317003702648817,152.0,0.21937842778793418,60.0,0.36933481463287854,12.0,0.08571428571428572,0.0,0.0007529989030561093,0.6904955188561333,12109.964174141029,0.13995215311004783,0.06155580243881309,0.42508879560865354,0.3125,0.08684998638714948
FATİH,CİBALİ,FATİH|CİBALİ,2022,0.06293479467021758,588209.6414321264,0.0209490192295142,0.1936770150954144,170.0,0.33638025594149906,92.0,0.20734385665285324,8.0,0.05714285714285714,0.0,0.000649051375961646,0.6904955188561335,13544.03887897352,0.19187165775401066,0.05183596416321331,0.2071359380045205,0.3125,0.08684998638714948
FATİH,DEMİRTAŞ,FATİH|DEMİRTAŞ,2022,0.015962032555717737,149781.1358380601,0.0053344380538381,0.07519225291939619,66.0,0.08775137111517367,24.0,0.084194172095401,3.0,0.0,0.0,0.0009895758960445525,0.6904955188561335,5258.273917719131,0.1289256198347107,0.05612944806360067,0.07063287051985793,0.375,0.08684998638714948
FATİH,DERVİŞ ALİ,FATİH|DERVİŞ ALİ,2022,0.14662023166286822,1369302.3306642226,0.0487675461868699,0.5126744517231558,450.0,0.30347349177330896,83.0,0.25589544843106954,18.0,0.07142857142857142,0.0,0.0007380324523412616,0.6904955188561333,35851.86762081225,0.06539393939393938,0.028432827603452174,0.41284192075280224,0.4375,0.08684998638714948
FATİH,EMİN SİNAN,FATİH|EMİN SİNAN,2022,0.07409114576664703,692339.3991663521,0.0246575886637516,0.07974935915693535,70.0,0.30347349177330896,83.0,0.057347997818034346,1.0,0.014285714285714285,0.0,0.00022706034089943703,0.6904955188561333,5576.957185459683,0.42038961038961026,0.11469599563606869,0.13351630610268,0.3125,0.08684998638714948
FATİH,HACI KADIN,FATİH|HACI KADIN,2022,0.004600821148412759,43739.27849739095,0.0015577694104027,0.06721731700370265,59.0,0.018281535648994516,5.0,0.19169310824434588,8.0,0.0,0.0,0.0030293028202589213,0.6904955188561335,4700.578199173163,0.030046224961479195,0.04792327706108647,0.1536164029706167,0.3125,0.08684998638714948
FATİH,HASEKİ SULTAN,FATİH|HASEKİ SULTAN,2022,0.07619949979940761,712018.0909493313,0.0253584430250803,0.2574765024209627,226.0,0.24862888482632542,68.0,0.37367589813304847,15.0,0.014285714285714285,0.0,0.0007128197156381021,0.6904955188561333,18005.604627341265,0.10667739340305712,0.049823453084406465,0.3452938327413626,0.375,0.08684998638714948
FATİH,HIRKA-İ ŞERİF,FATİH|HIRKA-İ ŞERİF,2022,0.018002099818186474,168822.46108555814,0.0060125926787675,0.3657077755625178,321.0,0.18647166361974407,51.0,0.18232550700713707,12.0,0.08571428571428572,0.0,0.0042700906784572945,0.6904955188561333,25574.332236179405,0.05632965165675445,0.030387584501189512,0.3202696157571844,0.375,0.08684998638714948
FATİH,HOBYAR,FATİH|HOBYAR,2022,0.0004267923143240037,4780.249016108301,0.0001702480229948,0.07519225291939619,66.0,0.09506398537477148,26.0,0.015308031290072912,1.0,0.04285714285714286,0.0,0.031006711409395975,0.6904955188561335,5258.273917719131,0.13966942148760328,0.030616062580145823,0.0923474329996771,0.3125,0.08684998638714948
FATİH,HOCA GIYASETTİN,FATİH|HOCA GIYASETTİN,2022,0.04216708065521156,394370.5438289348,0.0140454618970737,0.05012816861293079,44.0,0.025594149908592323,7.0,0.14268456030821688,4.0,0.0,0.0,0.0002505592841163311,0.6904955188561333,3505.515945146087,0.05640495867768595,0.07134228015410846,0.05650629641588634,0.3125,0.08684998638714948
FATİH,HOCAPAŞA,FATİH|HOCAPAŞA,2022,0.0009986940155181686,10118.19375076257,0.000360358315339,0.06266021076616349,55.0,0.13893967093235832,38.0,0.09093427542461223,4.0,0.014285714285714285,0.0,0.012207366696612588,0.6904955188561335,4381.894931432609,0.2449586776859504,0.045467137712306115,0.11947045527930256,0.1875,0.08684998638714948
FATİH,KALENDERHANE,FATİH|KALENDERHANE,2022,0.0011694109412477701,11711.610089465335,0.0004171076563373,0.04671033893477642,41.0,0.05850091407678245,16.0,0.12703381189970953,3.0,0.15714285714285714,0.0,0.007861936720997123,0.6904955188561333,3266.503494340672,0.13835920177383593,0.08468920793313968,0.18203099773974812,0.375,0.08684998638714948
FATİH,KARAGÜMRÜK,FATİH|KARAGÜMRÜK,2022,0.09462839193191809,884027.3847122949,0.0314845343858444,0.22215892908003418,195.0,0.19744058500914077,54.0,0.18518148299409096,9.0,0.02857142857142857,0.0,0.0004953716920784078,0.6904955188561333,15535.809302351974,0.09818181818181816,0.04115144066535355,0.4303559896674201,0.25,0.08684998638714948
FATİH,KATİP KASIM,FATİH|KATİP KASIM,2022,0.012453799731974427,117036.43007771822,0.0041682390963234,0.1344346340074053,118.0,0.062157221206581355,17.0,0.08282330362166315,4.0,0.0,0.0,0.0022642440412827063,0.6904955188561333,9401.156398346324,0.05107858243451464,0.041411651810831576,0.15034711010655474,0.25,0.08684998638714948
FATİH,KEMALPAŞA,FATİH|KEMALPAŞA,2022,0.0019205654144580165,18722.64197975751,0.0006668047567297,0.10025633722586158,88.0,0.07678244972577697,21.0,0.2176253702058873,9.0,0.0,0.0,0.010555476224475224,0.6904955188561335,7011.0318902921745,0.08460743801652891,0.048361193379086065,0.19523502006550117,0.4375,0.08684998638714948
FATİH,KOCA MUSTAFAPAŞA,FATİH|KOCA MUSTAFAPAŞA,2022,0.16287248299232626,1520995.5661087262,0.0541700834499059,0.778125890059812,683.0,0.4936014625228519,135.0,0.42154205567439584,19.0,0.15714285714285714,0.0,0.0010084515736885754,0.6904955188561335,54415.16796669949,0.07007853054705175,0.04437284796572588,0.2780917016467549,0.25,0.08684998638714948
FATİH,KÜÇÜK AYASOFYA,FATİH|KÜÇÜK AYASOFYA,2022,0.012308690345104265,115682.02618982088,0.0041200021564749,0.16633437767017945,146.0,0.06581352833638025,18.0,0.07379841950288882,3.0,0.05714285714285714,0.0,0.002834322480448167,0.6904955188561335,11631.9392725302,0.04371108343711083,0.04919894633525921,0.08163141750080724,0.25,0.08684998638714948
FATİH,MERCAN,FATİH|MERCAN,2022,0.0002902187737403225,3505.5159451460872,0.0001248485501962,0.08088863571632014,71.0,0.03656307129798903,10.0,0.07448385373975776,2.0,0.0,0.0,0.04548505186089079,0.6904955188561335,5656.628002394823,0.04993597951344429,0.07448385373975776,0.048837584759444615,0.375,0.08684998638714948
FATİH,MESİHPAŞA,FATİH|MESİHPAŞA,2022,0.008706563212209674,82060.94144319248,0.0029225910614112,0.08772429507262888,77.0,0.04021937842778794,11.0,0.14942466363742812,4.0,0.0,0.0,0.0021072522317065225,0.6904955188561333,6134.652904005652,0.050649350649350625,0.07471233181871406,0.1717387794639974,0.375,0.08684998638714948
FATİH,MEVLANAKAPI,FATİH|MEVLANAKAPI,2022,0.14468259455583724,1351217.0552199462,0.0481234411665394,0.440900028481914,387.0,0.5850091407678245,160.0,0.32615245771013557,17.0,0.12857142857142856,0.0,0.0006432031151070027,0.6904955188561333,30832.606153898538,0.14658210007047215,0.03837087737766301,0.3329258729646202,0.4375,0.08684998638714948
FATİH,MOLLA FENARİ,FATİH|MOLLA FENARİ,2022,0.008365129360750472,78874.10876578695,0.0028090923794147,0.18000569638279693,158.0,0.16453382084095064,45.0,0.30707453811728347,16.0,0.05714285714285714,0.0,0.004498678055725036,0.6904955188561333,12587.989075751855,0.10097813578826237,0.038384317264660434,0.07663666451404584,0.5,0.08684998638714948
FATİH,MOLLA GÜRANİ,FATİH|MOLLA GÜRANİ,2022,0.10414586054134337,972860.3455949744,0.0346483101464984,0.32127598974651095,282.0,0.3583180987202925,98.0,0.3229537646047472,18.0,0.02857142857142857,0.0,0.0006509698868717226,0.6904955188561335,22467.170375709014,0.12321083172147002,0.035883751622749684,0.36309331611236684,0.3125,0.08684998638714948
FATİH,MOLLA HÜSREV,FATİH|MOLLA HÜSREV,2022,0.0025266105007981017,24379.269982152335,0.0008682649172736,0.06721731700370265,59.0,0.03656307129798903,10.0,0.18175431180974627,9.0,0.05714285714285714,0.0,0.005434925648111594,0.6904955188561335,4700.578199173163,0.06009244992295839,0.04038984706883251,0.1281885695834679,0.3125,0.08684998638714948
FATİH,MUHSİNE HATUN,FATİH|MUHSİNE HATUN,2022,0.013469565440065554,126517.2572929997,0.0045058976752632,0.07747080603816577,68.0,0.16453382084095064,45.0,0.08636471384548598,5.0,0.0,0.0,0.001207039372474769,0.6904955188561335,5417.615551589408,0.23462566844919783,0.0345458855381944,0.11614061995479497,0.25,0.08684998638714948
FATİH,MİMAR HAYRETTİN,FATİH|MİMAR HAYRETTİN,2022,0.0468617961127756,438189.4931432609,0.0156060687745263,0.14354884648248362,126.0,0.26691042047531993,73.0,0.24081589521995297,5.0,0.0,0.0,0.0006457596095179989,0.6904955188561335,10038.522933827431,0.2054112554112554,0.09632635808798118,0.09317772960007381,0.4375,0.08684998638714948
FATİH,MİMAR KEMALETTİN,FATİH|MİMAR KEMALETTİN,2022,0.016218107944312138,152171.26034611423,0.0054195620653355,0.08658501851324409,76.0,0.21937842778793418,60.0,0.1491961855584718,4.0,0.0,0.0,0.0011216135493165608,0.6904955188561333,6054.982087070513,0.27990430622009566,0.0745980927792359,0.09767516951888926,0.5,0.08684998638714948
FATİH,NİŞANCA,FATİH|NİŞANCA,2022,0.0038325949826295527,36568.9049732285,0.0013023973759104,0.15152378239817715,133.0,0.1170018281535649,32.0,0.1874662637836541,6.0,0.0,0.0,0.00816774136947844,0.6904955188561335,10596.2186523734,0.08530416951469579,0.06248875459455137,0.08011785598966742,0.25,0.08684998638714948
FATİH,RÜSTEMPAŞA,FATİH|RÜSTEMPAŞA,2022,0.00027314708116736233,3346.1743112758104,0.0001191736160963,0.07519225291939619,66.0,0.09140767824497258,25.0,0.0,0.0,0.0,0.0,0.04429530201342281,0.6904955188561335,5258.273917719131,0.13429752066115702,0.0,0.04972554084597997,0.3125,0.08684998638714948
FATİH,SARAÇ İSHAK,FATİH|SARAÇ İSHAK,2022,0.004063062832364515,38720.01703047723,0.0013790089862581,0.05468527485046995,48.0,0.06946983546617916,19.0,0.07322722430549804,3.0,0.0,0.0,0.0027839920457370126,0.6904955188561333,3824.19921288664,0.14034090909090907,0.048818149536998694,0.10827010009686794,0.25,0.08684998638714948
FATİH,SEYYİD ÖMER,FATİH|SEYYİD ÖMER,2022,0.20857340401014057,1947553.119979457,0.0693618820351448,0.4260894332099117,374.0,0.2230347349177331,61.0,0.4480455128333281,21.0,0.07142857142857142,0.0,0.0004312653662996372,0.6904955188561335,29796.88553374174,0.05782693242586288,0.04267100122222173,0.3354859541491766,0.3125,0.08684998638714948
FATİH,SULTAN AHMET,FATİH|SULTAN AHMET,2022,0.006572601640589656,62143.23720940791,0.0022132242989328,0.07633152947878097,67.0,0.021937842778793418,6.0,0.10955523885955165,1.0,0.0,0.0,0.0024212700051626226,0.6904955188561335,5337.944734654269,0.03175033921302576,0.2191104777191033,0.121084920891185,0.1875,0.08684998638714948
FATİH,SURURİ,FATİH|SURURİ,2022,0.0017071692572960147,16730.871556379054,0.0005958680804819,0.03076046710338935,27.0,0.014625228519195612,4.0,0.09493264180634768,4.0,0.014285714285714285,0.0,0.0036241610738255033,0.6904955188561335,2151.1120572487353,0.05252525252525251,0.04746632090317385,0.0843558282208589,0.3125,0.08684998638714948
FATİH,SÜLEYMANİYE,FATİH|SÜLEYMANİYE,2022,0.05983628246822531,559289.1348846711,0.0199190186903954,0.07405297636001139,65.0,0.13893967093235832,38.0,0.15959193815098402,6.0,1.0,0.0,0.00026099925428784494,0.6904955188561333,5178.603100783992,0.20727272727272728,0.053197312716994676,0.05574951566031643,0.5,0.08684998638714948
FATİH,SÜMBÜL EFENDİ,FATİH|SÜMBÜL EFENDİ,2022,0.13517366179269844,1262463.765154202,0.0449625028729353,0.19139846197664484,168.0,0.14625228519195613,40.0,0.2168256969295402,9.0,0.04285714285714286,0.0,0.0002988495815851734,0.6904955188561333,13384.69724510324,0.08441558441558437,0.048183488206564484,0.4479133031966419,0.25,0.08684998638714948
FATİH,SİLİVRİKAPI,FATİH|SİLİVRİKAPI,2022,0.013179346666325233,123808.44951720498,0.0044094237955661,0.31102250071204784,273.0,0.3802559414990859,104.0,0.25281099436515936,9.0,0.07142857142857142,0.0,0.004951931797569382,0.6904955188561333,21750.133023292765,0.13506493506493503,0.05618022097003541,0.3642349739379123,0.4375,0.08684998638714948
FATİH,TAHTAKALE,FATİH|TAHTAKALE,2022,7.682261657832066e-05,1513.7455217676286,5.391187394836378e-05,0.0364568499003133,32.0,0.051188299817184646,14.0,0.05940430052864116,2.0,0.0,0.0,0.04747439067467326,0.6904955188561335,2549.466141924427,0.15511363636363634,0.05940430052864116,0.067403939296093,0.25,0.08684998638714948
FATİH,TAYA HATUN,FATİH|TAYA HATUN,2022,0.0008706563212209675,8923.131496735494,0.0003177963095903,0.05012816861293079,44.0,0.021937842778793418,6.0,0.05254995815995179,1.0,0.0,0.0,0.011073825503355703,0.6904955188561333,3505.515945146087,0.048347107438016505,0.10509991631990358,0.0867775266386826,0.25,0.08684998638714948
FATİH,TOPKAPI,FATİH|TOPKAPI,2022,0.09047143479040229,845227.6968648827,0.0301026879325363,0.3189974366277414,280.0,0.10603290676416818,29.0,0.3084454065910214,15.0,0.1,0.0,0.0007439548920411377,0.6904955188561335,22307.828741838737,0.03672077922077919,0.04112605421213618,0.36500376708642773,0.5625,0.08684998638714948
FATİH,YAVUZ SULTAN SELİM,FATİH|YAVUZ SULTAN SELİM,2022,0.1419084445127312,1325324.0397160265,0.0472012643753174,0.42039305041298775,369.0,0.6508226691042047,178.0,0.469979408413134,24.0,0.07142857142857142,0.0,0.0006252685471523412,0.6904955188561333,29398.53144906605,0.17102734663710273,0.0391649507010945,0.38161930900871815,0.25,0.08684998638714948
FATİH,YAVUZ SİNAN,FATİH|YAVUZ SİNAN,2022,0.021254257253335383,199177.0423378459,0.0070936676247847,0.04671033893477642,41.0,0.010968921389396709,3.0,0.05254995815995179,1.0,0.0,0.0,0.000462281879194631,0.6904955188561335,3266.503494340672,0.02594235033259421,0.10509991631990358,0.08889651275427835,0.25,0.08684998638714948
FATİH,YEDİKULE,FATİH|YEDİKULE,2022,0.13468711855436907,1257922.5285888994,0.0448007672510903,0.4226716035317573,371.0,0.21206581352833637,58.0,0.26229283464184633,13.0,0.05714285714285714,0.002793296089385475,0.0006623420179115441,0.6904955188561335,29557.873082936327,0.05542759127664787,0.040352743791053275,0.409670649015176,0.1875,0.08684998638714948
FATİH,ZEYREK,FATİH|ZEYREK,2022,0.08891791076626292,830727.6081826874,0.029586268929452,0.42950726288806607,377.0,0.16819012797074953,46.0,0.2577232730627201,18.0,0.07142857142857142,0.0,0.0010191661683690318,0.6904955188561333,30035.89798454715,0.04326018808777429,0.02863591922919112,0.1812237649338069,0.5,0.08684998638714948
FATİH,İSKENDERPAŞA,FATİH|İSKENDERPAŞA,2022,0.09874266984200149,922428.7184750316,0.0328521935039029,0.3543150099686699,311.0,0.28884826325411334,79.0,0.24675632527281707,12.0,0.07142857142857142,0.0,0.0007571638411660161,0.6904955188561333,24777.624066828022,0.09006138555977784,0.04112605421213618,0.23826821655365407,0.5625,0.08684998638714948
FATİH,ŞEHREMİNİ,FATİH|ŞEHREMİNİ,2022,0.16848906984883016,1573418.963652047,0.0560371367687492,0.46026772999145543,404.0,0.41681901279707495,114.0,0.3195265934204025,17.0,0.15714285714285714,0.0,0.0005766327137114411,0.6904955188561335,32187.010041795893,0.10004500450045001,0.03759136393181206,0.36139812721989023,0.3125,0.08684998638714948
FATİH,ŞEHSUVAR BEY,FATİH|ŞEHSUVAR BEY,2022,0.013418350362346674,126039.23239138884,0.0044888728729637,0.13899174024494446,122.0,0.24862888482632542,68.0,0.08350873785853208,4.0,0.014285714285714285,0.0,0.002173783928253252,0.6904955188561333,9719.839666086877,0.19761549925484348,0.04175436892926604,0.11038908621246368,0.25,0.08684998638714948
GAZİOSMANPAŞA,BARBAROS HAYRETTİN PAŞA,GAZİOSMANPAŞA|BARBAROS HAYRETTİN PAŞA,2022,0.42567411846047476,2268752.940600469,0.1044964982077276,0.8419253773853603,739.0,0.31444241316270566,86.0,0.0927621000562627,8.0,0.08571428571428572,0.0223463687150838,0.00041762810968987905,0.31810271755513586,33613.513163931646,0.04125968753844259,0.023190525014065683,0.5751735550532774,0.3125,0.08684998638714948
GAZİOSMANPAŞA,BAĞLARBAŞI,GAZİOSMANPAŞA|BAĞLARBAŞI,2022,0.24116326513192152,1285546.30927226,0.0592109811512862,0.47963543150099686,421.0,0.41316270566727603,113.0,0.15513661561133593,11.0,0.02857142857142857,0.0,0.0004198816153260351,0.31810271755513586,19149.24092288934,0.09516303174260418,0.02820665738387926,0.6104698094930578,0.375,0.08684998638714948
GAZİOSMANPAŞA,FEVZİ ÇAKMAK,GAZİOSMANPAŞA|FEVZİ ÇAKMAK,2022,0.020136061389806493,107754.27968248182,0.0049630546774014,0.3930504129877528,345.0,0.27056672760511885,74.0,0.2339615528512636,11.0,0.04285714285714286,0.0,0.004105036815012706,0.31810271755513586,15692.370827545896,0.07604743083003952,0.042538464154775205,0.5769292864061996,0.3125,0.08684998638714948
GAZİOSMANPAŞA,HÜRRİYET,GAZİOSMANPAŞA|HÜRRİYET,2022,0.2384659377053938,1271173.007296885,0.0585489611943175,0.3782398177157505,332.0,0.5082266910420475,139.0,0.15479389849290145,7.0,0.04285714285714286,0.0,0.0003348620339122256,0.31810271755513597,15101.064100710835,0.1484392113910186,0.04422682814082898,0.5580400387471747,0.3125,0.08684998638714948
GAZİOSMANPAŞA,KARADENİZ,GAZİOSMANPAŞA|KARADENİZ,2022,0.6251227027903682,3331558.5543872444,0.1534482650258627,1.0,872.75,0.43875685557586835,120.0,0.10327209168825308,9.0,0.12857142857142856,0.002793296089385475,0.00033779706886101214,0.31810271755513597,39924.57534457511,0.048471039072007456,0.022949353708500684,0.5467272475667696,0.4375,0.08684998638714948
GAZİOSMANPAŞA,KARAYOLLARI,GAZİOSMANPAŞA|KARAYOLLARI,2022,0.3456420236784376,1842284.335153888,0.0848537794845043,0.8339504414696668,732.0,0.40219378427787933,110.0,0.10944099982007352,8.0,0.07142857142857142,0.0,0.0005094328086062727,0.31810271755513586,33295.11723409738,0.05327868852459014,0.027360249955018373,0.6829910281839567,0.4375,0.08684998638714948
GAZİOSMANPAŞA,KARLITEPE,GAZİOSMANPAŞA|KARLITEPE,2022,0.165569810418854,882729.9728990818,0.0406576623572519,0.24722301338649957,217.0,0.3071297989031079,84.0,0.127376529018144,11.0,0.014285714285714285,0.0,0.00031518413580099624,0.31810271755513586,9870.2738248622,0.1372434017595308,0.023159368912389816,0.395947691314175,0.375,0.08684998638714948
GAZİOSMANPAŞA,KAZIM KARABEKİR,GAZİOSMANPAŞA|KAZIM KARABEKİR,2022,0.3815181856205134,2033458.348452947,0.0936590639121608,0.930788949017374,817.0,0.31444241316270566,86.0,0.18940832745478275,8.0,0.11428571428571428,0.0,0.0005151328725750969,0.31810271755513586,37161.353524942024,0.03732057416267941,0.04735208186369569,0.609258960284146,0.375,0.08684998638714948
GAZİOSMANPAŞA,SARIYER MERKEZ,GAZİOSMANPAŞA|SARIYER MERKEZ,2022,0.263860080407672,1406491.277476447,0.0647815857891969,0.5001424095699231,439.0,0.263254113345521,72.0,0.1029293745698186,8.0,0.11428571428571428,0.002793296089385475,0.00040018422625623514,0.31810271755513586,19967.973313891736,0.05814868502795607,0.02573234364245465,0.4403454956409429,0.4375,0.08684998638714948
GAZİOSMANPAŞA,MEVLANA,GAZİOSMANPAŞA|MEVLANA,2022,0.22611456812885714,1205356.020086859,0.0555174963913627,0.29735118199943034,261.0,0.19744058500914077,54.0,0.10224394033294969,8.0,0.07142857142857142,0.0,0.0002776244143345574,0.31810271755513586,11871.61966953472,0.07335423197492161,0.025560985083237422,0.761004312929563,0.4375,0.08684998638714948
GAZİOSMANPAŞA,PAZARİÇİ,GAZİOSMANPAŞA|PAZARİÇİ,2022,0.10899422123206405,581254.5124788667,0.0267720032598197,0.1583594417544859,139.0,0.08409506398537477,23.0,0.0470664842650003,4.0,0.0,0.0,0.00030660621373887844,0.31810271755513586,6322.433463851825,0.058665794637017626,0.02353324213250015,0.33524378430739427,0.3125,0.08684998638714948
GAZİOSMANPAŞA,SARIGÖL,GAZİOSMANPAŞA|SARIGÖL,2022,0.21836401970073324,1164055.5194740712,0.0536152365150096,0.6140700655084022,539.0,0.41681901279707495,114.0,0.08922068983243989,8.0,0.014285714285714285,0.0,0.0005936733584949997,0.31810271755513586,24516.48659723837,0.07498735031202561,0.02230517245810997,0.46864909589925735,0.5,0.08684998638714948
GAZİOSMANPAŞA,SEYMEN MAHALLE,GAZİOSMANPAŞA|SEYMEN MAHALLE,2022,0.3144178979624935,1675899.7192490683,0.0771902699826324,0.7086300199373398,622.0,0.33638025594149906,92.0,0.11629534218876288,7.0,0.05714285714285714,0.0,0.0004758552288245425,0.31810271755513586,28291.75262241608,0.05244080678164277,0.033227240625360824,0.7617755085566678,0.375,0.08684998638714948
GAZİOSMANPAŞA,SEYİTNİZAM,GAZİOSMANPAŞA|SEYİTNİZAM,2022,0.06895256630218603,367883.754357076,0.0169443588986166,0.2836798632868129,249.0,0.09140767824497258,25.0,0.045352898672827956,5.0,0.02857142857142857,0.0,0.0008678031585446002,0.31810271755513586,11325.798075533125,0.03559693318729463,0.018141159469131186,0.44518889247659027,0.1875,0.08684998638714948
GAZİOSMANPAŞA,YILDIZTABYA,GAZİOSMANPAŞA|YILDIZTABYA,2022,0.2151545414970167,1146953.1095286878,0.0528275165662114,0.43406436912560525,381.0,0.25594149908592323,70.0,0.05951853956811931,6.0,0.014285714285714285,0.0,0.00042590408135454637,0.3181027175551358,17329.835609550682,0.06513958482462419,0.0198395131893731,0.5383864425250242,0.5,0.08684998638714948
GAZİOSMANPAŞA,ŞEMSİPAŞA,GAZİOSMANPAŞA|ŞEMSİPAŞA,2022,0.2138741645540447,1140130.3396036678,0.0525132665866376,0.2814013101680433,247.0,0.2742230347349177,75.0,0.19100767400747692,8.0,0.014285714285714285,0.0,0.0002777633490538,0.3181027175551358,11234.82780986619,0.10765550239234446,0.04775191850186923,0.45427026154342914,0.375,0.08684998638714948
GÜNGÖREN,ABDURRAHMAN NAFİZ GÜRMAN,GÜNGÖREN|ABDURRAHMAN NAFİZ GÜRMAN,2022,0.18796787107457769,1187920.3517641162,0.0830365185796613,0.20506978068926232,180.0,0.1316270566727605,36.0,0.34123201092125216,12.0,0.02857142857142857,0.0,0.00023030391282083,0.40999010198891056,9705.672158210746,0.07090909090909091,0.05687200182020869,0.3993784307394253,0.375,0.08684998638714948
GÜNGÖREN,AKINCILAR,GÜNGÖREN|AKINCILAR,2022,0.22611456812885714,1428890.6232921374,0.0998805202832837,0.16519510111079463,145.0,0.2230347349177331,60.0,0.04660952810708767,3.0,0.0,0.0,0.0001542357857414208,0.40999010198891056,7818.458127447545,0.14915360501567398,0.03107301873805845,0.29625443978043264,0.25,0.08684998638714948
GÜNGÖREN,GENÇOSMAN,GÜNGÖREN|GENÇOSMAN,2022,0.328544723566618,2075935.4338395204,0.1451094351285443,0.4716604955853033,414.0,0.5886654478976234,157.0,0.4579843092679276,18.0,0.14285714285714285,0.0,0.0003031116534472239,0.40999010198891056,22323.045963884713,0.13787878787878788,0.050887145474214183,0.3813771391669358,0.625,0.08684998638714948
GÜNGÖREN,GÜNEŞTEPE,GÜNGÖREN|GÜNEŞTEPE,2022,0.21160362944184102,1337225.9417979247,0.0934730906802051,0.5468527485046996,480.0,0.26691042047531993,68.0,0.07025700927906597,5.0,0.05714285714285714,0.0,0.0005455726347694306,0.40999010198891056,25881.792421895316,0.05392045454545453,0.02810280371162639,0.40492815628027123,0.25,0.08684998638714948
GÜNGÖREN,GÜVEN,GÜNGÖREN|GÜVEN,2022,0.13834899661126904,874481.0614547881,0.0611268784133696,0.19253773853602962,169.0,0.2851919561243144,78.0,0.14931042459795,8.0,0.0,0.0,0.0002937327900642339,0.40999010198891056,9112.54774854231,0.1636363636363636,0.0373276061494875,0.36188246690345494,0.3125,0.08684998638714948
GÜNGÖREN,HAZNEDAR,GÜNGÖREN|HAZNEDAR,2022,0.19111759835428885,1207816.979688448,0.084427307711153,0.17430931358587298,153.0,0.6691042047531993,183.0,0.13697260833430913,7.0,0.04285714285714286,0.0,0.00019253355704697988,0.40999010198891056,8249.821334479133,0.4240641711229946,0.03913503095265975,0.3824265418146594,0.375,0.08684998638714948
GÜNGÖREN,MAREŞAL ÇAKMAK,GÜNGÖREN|MAREŞAL ÇAKMAK,2022,0.27391530733314556,1730844.8682142494,0.120987347211072,0.3269723725434349,287.0,0.5850091407678245,150.0,0.19192158632330217,9.0,0.014285714285714285,0.0,0.0002520228313366368,0.40999010198891056,15475.155052258242,0.1976560025340513,0.04264924140517826,0.4204529729231053,0.4375,0.08684998638714948
GÜNGÖREN,MEHMET NESİH ÖZMEN,GÜNGÖREN|MEHMET NESİH ÖZMEN,2022,0.07738598243322835,489381.5583773373,0.0342081359279654,0.4226716035317573,371.0,0.5959780621572212,163.0,0.26811902565523227,12.0,0.04285714285714286,0.0,0.0011522386646986963,0.40999010198891056,20004.468726089923,0.15577064444988972,0.04468650427587205,0.3105424604455925,0.3125,0.08684998638714948
GÜNGÖREN,SARIYER MERKEZ,GÜNGÖREN|SARIYER MERKEZ,2022,0.3786159978831101,2392232.5053954325,0.1672188363354025,0.4727997721446881,415.0,1.0,270.0,0.31415735856492916,16.0,0.1,0.0,0.000263670075670135,0.40999010198891056,22376.96636476366,0.23365826944140197,0.039269669820616145,0.3545481802666175,0.4375,0.08684998638714948
GÜNGÖREN,SANAYİ,GÜNGÖREN|SANAYİ,2022,0.10733826705248692,678588.2450615679,0.047433824443967,0.42495015665052693,373.0,0.41681901279707495,114.0,0.36076688667201684,17.0,0.014285714285714285,0.002793296089385475,0.0008354464807096975,0.40999010198891056,20112.309527847818,0.10835973677796731,0.042443163137884335,0.3668873103002906,0.375,0.08684998638714948
GÜNGÖREN,TOZKOPARAN,GÜNGÖREN|TOZKOPARAN,2022,0.1428132442190981,902681.4311144784,0.0630981052853756,0.3064653944745087,269.0,0.20475319926873858,56.0,0.4729496234395661,14.0,0.1,0.002793296089385475,0.00045293293922528345,0.40999010198891056,14504.58783643717,0.073808719161879,0.06756423191993802,0.245096060703907,0.25,0.08684998638714948
KADIKÖY,19 MAYIS,KADIKÖY|19 MAYIS,2022,0.27948067911193053,2255734.9329913436,0.0729222329094082,0.48305326117915126,424.0,0.29981718464351004,82.0,0.3692205755934004,13.0,0.12857142857142856,0.0,0.00036491444346449054,0.5728744674429808,29202.235331837128,0.06856775300171525,0.05680316547590775,0.7754480142072974,0.375,0.08684998638714948
KADIKÖY,ACIBADEM,KADIKÖY|ACIBADEM,2022,0.2522598653043456,2036098.3092337288,0.0658219336681985,0.6835659356308744,600.0,0.31078610603290674,85.0,0.25441034091785353,13.0,0.14285714285714285,0.008379888268156424,0.0005720918606992643,0.5728744674429808,41323.91792241103,0.050227272727272704,0.03914005244890054,0.5417541168873103,0.3125,0.08684998638714948
KADIKÖY,BOSTANCI,KADIKÖY|BOSTANCI,2022,0.2944013384206977,2376125.2805386344,0.0768141498343486,1.0,872.75,0.4826325411334552,132.0,0.7009707462379656,29.0,0.14285714285714285,0.002793296089385475,0.0007171578640210097,0.5728744674429808,60453.44826066047,0.05331814297920817,0.048342810085376935,0.5998748789150792,0.3125,0.08684998638714948
KADIKÖY,CADDEBOSTAN,KADIKÖY|CADDEBOSTAN,2022,0.17966249263783257,1450331.7726835525,0.046885575861209,0.5867274280831671,515.0,0.2413162705667276,66.0,0.20140342659998914,8.0,0.11428571428571428,0.0,0.0006893711902122676,0.5728744674429808,35469.696216736134,0.04543689320388347,0.050350856649997285,0.6846343235389085,0.25,0.08684998638714948
KADIKÖY,CAFERAĞA,KADIKÖY|CAFERAĞA,2022,0.1906651985011054,1539109.3230201988,0.049755530618788,1.0,872.75,0.4643510054844607,127.0,0.5509748874031466,21.0,0.21428571428571427,0.0,0.0011071708197397789,0.5728744674429808,60453.44826066047,0.051298516351207885,0.052473798800299676,0.47546012269938653,0.125,0.08684998638714948
KADIKÖY,DUMLUPINAR,KADIKÖY|DUMLUPINAR,2022,0.08685223596493474,701473.5067329272,0.0226768729293577,0.31216177727143263,274.0,0.19012797074954296,52.0,0.3697917707907912,11.0,0.05714285714285714,0.0,0.0007583200719573791,0.5728744674429808,18871.25585123437,0.06728599867285998,0.0672348674165075,0.8174745721666128,0.375,0.08684998638714948
KADIKÖY,ERENKÖY,KADIKÖY|ERENKÖY,2022,0.3003764308212338,2424336.5181147805,0.078372697802002,0.5001424095699231,439.0,0.4351005484460695,119.0,0.17478573040157877,7.0,0.1,0.0,0.0003515482001220257,0.5728744674429808,30235.333279897404,0.0961068544212052,0.04993878011473679,0.7257022925411688,0.375,0.08684998638714948
KADIKÖY,EĞİTİM,KADIKÖY|EĞİTİM,2022,0.12115780219029816,978274.8836165438,0.0316251647607851,0.6869837653090287,603.0,0.13528336380255943,37.0,0.08145243514792527,3.0,0.04285714285714286,0.0,0.0011966569583386096,0.5728744674429808,41530.53751202308,0.021754862053369486,0.05430162343195018,0.6933625282531481,0.375,0.08684998638714948
KADIKÖY,FENERBAHÇE,KADIKÖY|FENERBAHÇE,2022,0.18262443129924116,1474230.7718820134,0.0476581703537458,0.7006550840216462,615.0,0.19744058500914077,54.0,0.2566951217074167,9.0,0.04285714285714286,0.0,0.0008098841611678889,0.5728744674429808,42357.0158704713,0.031130820399113048,0.05704336037942593,0.6050209880529545,0.25,0.08684998638714948
KADIKÖY,FENERYOLU,KADIKÖY|FENERYOLU,2022,0.2264730736728893,1828032.382494389,0.0590956859392255,0.778125890059812,683.0,0.2376599634369287,65.0,0.1591349819930714,6.0,0.04285714285714286,0.0,0.0007253541177487978,0.5728744674429807,47040.393235011215,0.033741514707839745,0.05304499399769047,0.6963190184049078,0.3125,0.08684998638714948
KADIKÖY,FİKİRTEPE,KADIKÖY|FİKİRTEPE,2022,0.01049055508608401,85333.89050977878,0.0027586299027466,0.7052121902591855,619.0,0.13893967093235832,38.0,0.37664611315948054,13.0,0.0,0.0,0.014082584461380958,0.5728744674429808,42632.50865662071,0.021765310618299297,0.057945555870689315,0.6945229254116886,0.1875,0.08684998638714948
KADIKÖY,GÖZTEPE,KADIKÖY|GÖZTEPE,2022,0.35159150854011423,2837575.6973388907,0.0917316803818887,0.756479635431501,664.0,0.33638025594149906,92.0,0.15467965945342327,7.0,0.22857142857142856,0.0,0.00045429074086140623,0.5728744674429808,45731.80250080154,0.04912376779846656,0.044194188415263805,0.7418469486599935,0.3125,0.08684998638714948
KADIKÖY,HASANPAŞA,KADIKÖY|HASANPAŞA,2022,0.14130239942639114,1140815.6274446938,0.0368796979088739,1.0,872.75,0.263254113345521,72.0,0.19649114790242841,11.0,0.15714285714285714,0.0,0.0014937180819080437,0.5728744674429808,60453.44826066047,0.02908262344320446,0.03572566325498699,0.5849747067054138,0.5625,0.08684998638714948
KADIKÖY,KOZYATAĞI,KADIKÖY|KOZYATAĞI,2022,0.328544723566618,2651618.0666880407,0.0857201382209397,0.5958416405582455,523.0,0.2961608775137112,81.0,0.4073764147791045,17.0,0.05714285714285714,0.0,0.0003829164124466138,0.5728744674429807,36020.68178903494,0.054910481487919334,0.047926637032835825,0.8243360510171133,0.25,0.08684998638714948
KADIKÖY,KOŞUYOLU,KADIKÖY|KOŞUYOLU,2022,0.058914411069285466,476051.5344661751,0.0153895479320294,0.4374821988037596,384.0,0.09872029250457039,27.0,0.08487960633226994,4.0,0.05714285714285714,0.0,0.0015659955257270692,0.5728744674429808,26447.30747034306,0.02492897727272727,0.04243980316613497,0.4485792702615435,0.3125,0.08684998638714948
KADIKÖY,MERDİVENKÖY,KADIKÖY|MERDİVENKÖY,2022,0.27643338198765716,2231147.201827509,0.072127373445905,0.9888920535459983,868.0,0.5045703839122486,138.0,0.5027660127433647,16.0,0.12857142857142856,0.0,0.0007552743970970747,0.5728744674429808,59781.93459442129,0.056367825722664404,0.06284575159292059,0.7399297707458831,0.5625,0.08684998638714948
KADIKÖY,OSMANAĞA,KADIKÖY|OSMANAĞA,2022,0.07376678360776079,595890.896441167,0.0192636528801966,0.713187126174879,626.0,0.2303473491773309,63.0,0.5484616285346272,23.0,0.07142857142857142,0.0,0.002039486544601551,0.5728744674429807,43114.621032382165,0.035681092070868406,0.047692315524750194,0.6923534872457217,0.25,0.08684998638714948
KADIKÖY,RASİMPAŞA,KADIKÖY|RASİMPAŞA,2022,0.11403037054108729,920765.764507855,0.0297660396850842,0.45001424095699233,395.0,0.42047531992687387,115.0,0.22676449336413979,10.0,0.04285714285714286,0.002793296089385475,0.0008328392690492531,0.5728744674429808,27204.912632253927,0.10322209436133487,0.045352898672827956,0.6594486599935422,0.3125,0.08684998638714948
KADIKÖY,SAHRAYICEDİT,KADIKÖY|SAHRAYICEDİT,2022,0.26813653939719856,2164202.454793203,0.0699632182679633,0.6881230418684136,604.0,0.3510054844606947,96.0,0.292794658182514,12.0,0.08571428571428572,0.0,0.0005418166106261242,0.5728744674429808,41599.410708560434,0.056351595424443075,0.04879910969708566,0.8168186955117855,0.375,0.08684998638714948
KADIKÖY,SUADİYE,KADIKÖY|SUADİYE,2022,0.02306385666606916,186784.10900929783,0.0060382601261087,0.6710338934776418,589.0,0.28153564899451555,77.0,0.24835567182551127,10.0,0.1,0.0,0.006121933836194097,0.5728744674429808,40566.312760500165,0.046349745331069614,0.04967113436510226,0.6592064901517597,0.3125,0.08684998638714948
KADIKÖY,ZÜHTÜPAŞA,KADIKÖY|ZÜHTÜPAŞA,2022,0.07173525219157853,579499.0756652774,0.0187337465711944,0.2073483338080319,182.0,0.1316270566727605,36.0,0.23704600691717384,8.0,0.04285714285714286,0.0,0.0006097220516142002,0.572874467442981,12534.921769798017,0.07012987012987013,0.05926150172929346,0.850520665159832,0.375,0.08684998638714948
KARTAL,ATALAR,KARTAL|ATALAR,2022,0.2602579532747774,1900632.4743005557,0.07396395893909,0.13215608088863573,116.0,0.17915904936014626,49.0,0.03518562415927206,2.0,0.1,0.0,0.00010720651336780724,0.5014433898450238,7228.634984225064,0.14976489028213166,0.03518562415927206,0.21004197610590894,0.3125,0.08684998638714948
KARTAL,CEVİZLİ,KARTAL|CEVİZLİ,2022,0.22598653043455993,1650434.461700007,0.0642273918853049,0.20051267445172316,176.0,0.06946983546617916,19.0,0.04923702601508526,3.0,0.1,0.002793296089385475,0.00018731636116682486,0.5014433898450238,10967.584113996649,0.03827479338842973,0.03282468401005684,0.2684049079754601,0.375,0.08684998638714948
KARTAL,CUMHURİYET,KARTAL|CUMHURİYET,2022,0.20083992727458963,1466852.0594282222,0.057083200966139,0.2927940757618912,257.0,0.2851919561243144,78.0,0.2754303241818343,15.0,0.08571428571428572,0.008379888268156424,0.0003077571393013053,0.5014433898450238,16015.165439188288,0.10760523523169437,0.03672404322424457,0.24228516075464737,0.4375,0.08684998638714948
KARTAL,ESENTEPE,KARTAL|ESENTEPE,2022,0.2600530929639019,1899136.894648647,0.0739057577910724,0.15266305895756194,134.0,0.17550274223034734,48.0,0.055748651265340156,3.0,0.21428571428571427,0.05307262569832402,0.0001239395330113431,0.5014433898450238,8350.31972315654,0.1270013568521031,0.037165767510226766,0.22832579916047788,0.625,0.08684998638714948
KARTAL,GÜMÜŞPINAR,KARTAL|GÜMÜŞPINAR,2022,0.022662671890604592,166071.65718068788,0.0064627524777926,0.34861862717174597,297.0,0.17550274223034734,48.0,0.2537249066809846,11.0,0.04285714285714286,0.0,0.0032365866250299055,0.5014433898450236,19068.64056183508,0.05561497326203208,0.046131801214724474,0.2441879237972231,0.375,0.08684998638714948
KARTAL,HÜRRİYET,KARTAL|HÜRRİYET,2022,0.43381731581777677,3167700.018561316,0.1232724565492054,0.5833095984050128,512.0,0.6288848263254113,172.0,0.4971682998089352,25.0,0.11428571428571428,0.002793296089385475,0.0002839142833415433,0.5014433898450238,31905.699240717524,0.11910511363636363,0.03977346398471481,0.33358895705521474,0.375,0.08684998638714948
KARTAL,KARLIKTEPE,KARTAL|KARLIKTEPE,2022,0.2928990294742772,2138928.1655046646,0.0832373418565681,0.24836228994588436,218.0,0.21937842778793418,60.0,0.05369234855473334,2.0,0.05714285714285714,0.002793296089385475,0.0001790282730145968,0.5014433898450238,13584.848504836758,0.09758131776480398,0.05369234855473334,0.1434452696157572,0.3125,0.08684998638714948
KARTAL,KORDONBOYU,KARTAL|KORDONBOYU,2022,0.1146278797811409,837462.2892500055,0.0325902178420469,0.17772714326402733,156.0,0.21572212065813529,59.0,0.11092610733328953,4.0,0.0,0.0,0.0003272055537050086,0.5014433898450238,9721.26773740612,0.13409090909090907,0.055463053666644765,0.19467764503282745,0.5625,0.08684998638714948
KARTAL,ORHANTEPE,KARTAL|ORHANTEPE,2022,0.22611456812885714,1651369.19898245,0.0642637676028159,0.39532896610652235,347.0,0.20475319926873858,56.0,0.061803320357682434,3.0,0.07142857142857142,0.0,0.0003691021907053312,0.5014433898450238,21623.589133845664,0.057217710243646816,0.04120221357178829,0.2085889570552147,0.3125,0.08684998638714948
KARTAL,ORTA,KARTAL|ORTA,2022,0.015842530707707015,116281.3179358963,0.0045251392583718,0.29051552264312164,255.0,0.16819012797074953,46.0,0.08910645079296173,8.0,0.02857142857142857,0.0,0.0038520468719652995,0.5014433898450238,15890.533801529238,0.06395721925133689,0.022276612698240432,0.2799079754601227,0.375,0.08684998638714948
KARTAL,PETROL İŞ,KARTAL|PETROL İŞ,2022,0.24233267607316927,1769769.25475855,0.0688713584875461,0.12645969809171176,111.0,0.1206581352833638,33.0,0.028217042751104544,1.0,0.12857142857142856,0.0,0.0001101710936761509,0.5014433898450238,6917.055890077432,0.1054054054054054,0.05643408550220909,0.1536164029706167,0.3125,0.08684998638714948
KARTAL,SOĞANLIK YENİ,KARTAL|SOĞANLIK YENİ,2022,0.24765904415593284,1808654.3257081744,0.0703845883360049,0.4910281970948448,431.0,0.3290676416819013,90.0,0.26012229289176136,15.0,0.07142857142857142,0.0,0.00041858438838859586,0.5014433898450238,26858.117915525883,0.07403501371018771,0.034682972385568174,0.2047142395866968,0.3125,0.08684998638714948
KARTAL,TOPSELVİ,KARTAL|TOPSELVİ,2022,0.010917347400408013,80325.09047125955,0.0031258866581143,0.1367131871261749,120.0,0.1206581352833638,33.0,0.10281513553034045,5.0,0.04285714285714286,0.008379888268156424,0.002624166280504632,0.5014433898450238,7477.89825954317,0.0975,0.04112605421213618,0.20725702292541168,0.375,0.08684998638714948
KARTAL,UĞUR MUMCU,KARTAL|UĞUR MUMCU,2022,0.35927377019794626,2623495.9727230617,0.1020945138142849,0.20279122757049273,178.0,0.3802559414990859,104.0,0.3529986319875022,17.0,0.08571428571428572,0.0,0.0001191793269460696,0.5014433898450236,11092.2157516557,0.20715015321756894,0.041529250822059084,0.2087705844365515,0.25,0.08684998638714948
KARTAL,YAKACIK YENİ,KARTAL|YAKACIK YENİ,2022,0.01618396455916622,118773.95068907732,0.0046221411717346,0.20051267445172316,174.0,0.2230347349177331,61.0,0.23533242132500148,13.0,0.02857142857142857,0.0,0.002602871891659683,0.5014433898450236,10967.584113996649,0.12288223140495867,0.03620498789615408,0.22943757888866056,0.6875,0.08684998638714948
KARTAL,YAKACIK ÇARŞI,KARTAL|YAKACIK ÇARŞI,2022,0.1520661015936425,1110779.4706363082,0.0432264776422714,0.23583024779265166,207.0,0.28884826325411334,79.0,0.24492850064116659,12.0,0.08571428571428572,0.002793296089385475,0.00032734358086165843,0.5014433898450236,12899.374497711966,0.13530961791831353,0.04082141677352777,0.4116310715438904,0.4375,0.08684998638714948
KARTAL,YALI,KARTAL|YALI,2022,0.11041117171561975,806678.2747482194,0.031392244212017,0.15266305895756194,134.0,0.08775137111517367,24.0,0.038612795343616745,4.0,0.0,0.002793296089385475,0.0002917868835885432,0.5014433898450238,8350.31972315654,0.06350067842605155,0.019306397671808372,0.1666935744268647,0.3125,0.08684998638714948
KARTAL,YUKARI,KARTAL|YUKARI,2022,0.06500900531783224,475220.4343939684,0.0184934147826065,0.07633152947878097,67.0,0.029250457038391225,8.0,0.028217042751104544,1.0,0.014285714285714285,0.0,0.0002476515347530613,0.5014433898450238,4175.15986157827,0.04233378561736768,0.05643408550220909,0.18203099773974812,0.1875,0.08684998638714948
KARTAL,YUNUS,KARTAL|YUNUS,2022,0.1321861155924304,965645.9285823412,0.0375785412367258,0.15266305895756194,134.0,0.12797074954296161,35.0,0.10281513553034045,5.0,0.07142857142857142,0.008379888268156424,0.00024375201394254592,0.5014433898450238,8350.31972315654,0.09260515603799183,0.04112605421213618,0.17655334655657548,0.4375,0.08684998638714948
KARTAL,ÇAVUŞOĞLU,KARTAL|ÇAVUŞOĞLU,2022,0.12901931662014632,942526.759796587,0.0366788484902864,0.2062090572486471,181.0,0.2413162705667276,66.0,0.06328842787089844,4.0,0.07142857142857142,0.019553072625698324,0.00033732320150868045,0.5014433898450238,11279.16320814428,0.12928176795580107,0.03164421393544922,0.170810461737165,0.3125,0.08684998638714948
KAĞITHANE,EMNİYET EVLERİ,KAĞITHANE|EMNİYET EVLERİ,2022,0.07305830836598294,499288.77317626216,0.0215649906758909,0.15380233551694675,135.0,0.31444241316270566,86.0,0.17958377005966134,9.0,0.0,0.0,0.00044408555578442986,0.4573371800466728,7866.026885143587,0.22585858585858584,0.03990750445770251,0.45581568750743506,0.0,0.08684998638714948
KAĞITHANE,GÜLTEPE,KAĞITHANE|GÜLTEPE,2022,0.12404291823512842,847316.7626945039,0.0365968134448367,0.22785531187695812,200.0,0.5996343692870201,164.0,0.23921654866725878,10.0,0.014285714285714285,0.0,0.00038767596565929377,0.4573371800466728,11653.373163175682,0.29072727272727267,0.04784330973345176,0.4803035195350339,0.375,0.08684998638714948
KAĞITHANE,GÜRSEL,KAĞITHANE|GÜRSEL,2022,0.24233267607316927,1654778.989170947,0.0714722529111101,0.6960979777841071,611.0,0.5630712979890311,154.0,0.4118317373187526,16.0,0.05714285714285714,0.0,0.0006064372814065603,0.4573371800466728,35601.05501350171,0.08936170212765956,0.051478967164844076,0.5717831772683242,0.3125,0.08684998638714948
KAĞITHANE,HAMİDİYE,KAĞITHANE|HAMİDİYE,2022,0.03453603407509838,236330.4077492029,0.0102074456974458,0.5707775562517802,501.0,0.5447897623400365,149.0,0.4313666130695173,24.0,0.2,0.0,0.0034817918271712804,0.45733718004667295,29191.699773755092,0.10544365813826888,0.035947217755793105,0.5864420205037133,0.5,0.08684998638714948
KAĞITHANE,HARMANTEPE,KAĞITHANE|HARMANTEPE,2022,0.1885653803146313,1287756.001396729,0.0556200092108607,0.3338080318997437,293.0,0.6142595978062158,168.0,0.19694810406034105,10.0,0.02857142857142857,0.0,0.0003736962310612445,0.4573371800466728,17072.191684052377,0.2032888613093391,0.03938962081206821,0.4828765741039716,0.5,0.08684998638714948
KAĞITHANE,HÜRRİYET,KAĞITHANE|HÜRRİYET,2022,0.17900523247377362,1222497.111682945,0.0528013851523944,0.4146966676160638,364.0,0.793418647166362,217.0,0.24961230125977096,13.0,0.05714285714285714,0.0,0.0004890330625119757,0.4573371800466728,21209.13915697974,0.21136363636363634,0.03840189250150323,0.471827575072651,0.3125,0.08684998638714948
KAĞITHANE,MEHMET AKİF ERSOY,KAĞITHANE|MEHMET AKİF ERSOY,2022,0.1086698590731778,742378.1373601068,0.0320643652936779,0.27684420393050413,243.0,0.489945155393053,134.0,0.28879629180077854,15.0,0.014285714285714285,0.0,0.000537608070758198,0.4573371800466728,14158.848393258451,0.19551066217732885,0.0385061722401038,0.6067075280225103,0.4375,0.08684998638714948
KAĞITHANE,SARIYER MERKEZ,KAĞITHANE|SARIYER MERKEZ,2022,0.27391530733314556,1870366.3926896972,0.0807837788185435,1.0,872.75,0.5959780621572212,163.0,0.37927361106747814,22.0,0.34285714285714286,0.0,0.0007707771435739823,0.4573371800466728,51143.74146988728,0.06583982807281011,0.034479419187952554,0.6087443493703585,0.625,0.08684998638714948
KAĞITHANE,NURTEPE,KAĞITHANE|NURTEPE,2022,0.23141532867276127,1580255.6677924383,0.0682534849014865,0.3896325833095984,342.0,0.56672760511883,155.0,0.23144829398274416,13.0,0.05714285714285714,0.0,0.0003554540192609358,0.4573371800466728,19927.268109030418,0.1606858054226475,0.03560742984349911,0.9055134000645785,0.1875,0.08684998638714948
KAĞITHANE,ORTABAYIR,KAĞITHANE|ORTABAYIR,2022,0.19380638993453006,1323531.857007678,0.0571652191857699,0.28595841640558245,251.0,0.6179159049360147,169.0,0.29622182936685865,14.0,0.02857142857142857,0.0,0.0003114755793631917,0.4573371800466728,14624.98331978548,0.23871785584932992,0.04231740419526552,0.3922142395866968,0.25,0.08684998638714948
KAĞITHANE,SEYRANTEPE,KAĞITHANE|SEYRANTEPE,2022,0.20379333008971173,1391704.0900122558,0.0601096746754178,0.5149530048419254,452.0,0.38391224862888484,105.0,0.28708270620860615,16.0,0.07142857142857142,0.0,0.0005334284947588626,0.4573371800466728,26336.62334877704,0.0823612228479485,0.03588533827607577,0.3937278010978366,0.375,0.08684998638714948
KAĞITHANE,SULTAN SELİM,KAĞITHANE|SULTAN SELİM,2022,0.3121729703891492,2131518.485276464,0.092063308309656,0.43406436912560525,381.0,1.0,270.0,0.3269521309864827,17.0,0.04285714285714286,0.0,0.0002935760022808005,0.4573371800466726,22199.675875849673,0.25450966356478166,0.03846495658664502,0.3983693897319987,0.375,0.08684998638714948
KAĞITHANE,TALATPAŞA,KAĞITHANE|TALATPAŞA,2022,0.2602579532747774,1777139.4073842918,0.0767571730207345,0.68014810595272,597.0,0.5411334552102377,148.0,0.31621366127553596,15.0,0.05714285714285714,0.0,0.0005517438662119046,0.4573371800466728,34785.31889207941,0.08789401553220645,0.04216182150340479,0.43464441394898296,0.375,0.08684998638714948
KAĞITHANE,TELSİZLER,KAĞITHANE|TELSİZLER,2022,0.1006205560250271,687432.4828957336,0.0296911845015942,0.18798063229849046,165.0,0.39853747714808047,109.0,0.16176247990106898,8.0,0.02857142857142857,0.0,0.0003942199280733511,0.4573371800466728,9614.03285961994,0.23421487603305785,0.040440619975267246,0.4167339360671618,0.25,0.08684998638714948
KAĞITHANE,YAHYA KEMAL,KAĞITHANE|YAHYA KEMAL,2022,0.013606138980649236,93460.05276866896,0.0040366723123035,0.3725434349188265,327.0,0.2595978062157221,71.0,0.125891421504928,7.0,0.02857142857142857,0.0,0.005746539691040854,0.4573371800466728,19053.26512179224,0.0769808173477898,0.03596897757283656,0.6037596867936713,0.375,0.08684998638714948
KAĞITHANE,YEŞİLCE,KAĞITHANE|YEŞİLCE,2022,0.10449583023908905,713885.6399761423,0.0308337338967225,0.24494446026772998,215.0,0.3583180987202925,98.0,0.19454908423129977,9.0,0.014285714285714285,0.002793296089385475,0.0004946459912311262,0.4573371800466728,12527.376150413858,0.16160676532769555,0.04323312982917772,0.35952131094607687,0.25,0.08684998638714948
KAĞITHANE,ÇAĞLAYAN,KAĞITHANE|ÇAĞLAYAN,2022,0.2721654588444171,1858421.685197442,0.0802678699506992,0.6106522358302477,536.0,0.6544789762340036,179.0,0.17352910096731908,7.0,0.02857142857142857,0.0,0.0004737019856471161,0.4573371800466728,31231.04007731083,0.11840230664857529,0.04957974313351973,0.5599673070713594,0.375,0.08684998638714948
KAĞITHANE,ÇELİKTEPE,KAĞITHANE|ÇELİKTEPE,2022,0.27999282988911933,1911852.4011506024,0.0825756183985685,0.5434349188265452,477.0,1.0,270.0,0.2030027731526833,11.0,0.014285714285714285,0.0,0.0004097780563175856,0.4573371800466728,27793.294994174004,0.20328759291023438,0.036909595118669696,0.28798030351953496,0.375,0.08684998638714948
KAĞITHANE,ŞİRİNTEPE,KAĞITHANE|ŞİRİNTEPE,2022,0.1937039597790923,1322832.6546178877,0.0571350196422864,0.45571062375391624,400.0,0.3290676416819013,90.0,0.22242340986396986,13.0,0.0,0.0,0.0004966377917118838,0.4573371800466728,23306.746326351367,0.07977272727272727,0.03421898613291844,0.4261180174362286,0.25,0.08684998638714948
KÜÇÜKÇEKMECE,ATAKENT,KÜÇÜKÇEKMECE|ATAKENT,2022,0.8978856708748388,5380618.261467419,0.1385599772403383,0.5081173454856166,446.0,0.5521023765996343,151.0,1.0,34.0,0.8285714285714286,0.0,0.00011950391711536992,0.37977400793299865,22811.36639367366,0.12003668976763143,0.0588235294117647,0.7070350339037778,0.375,0.08684998638714948
KÜÇÜKÇEKMECE,ATATÜRK,KÜÇÜKÇEKMECE|ATATÜRK,2022,0.3743736822787295,2243748.502968766,0.0577803007752509,1.0,872.75,0.720292504570384,197.0,0.24618513007542628,14.0,0.02857142857142857,0.00558659217877095,0.0005639961318636129,0.3797740079329985,44893.89428710101,0.07957328914321221,0.03516930429648947,0.8238819825637713,0.375,0.08684998638714948
KÜÇÜKÇEKMECE,BEŞYOL,KÜÇÜKÇEKMECE|BEŞYOL,2022,0.030746118323901225,184741.37985190417,0.0047574014999249,0.11848476217601824,104.0,0.489945155393053,134.0,0.17124432017775593,7.0,0.1,0.0,0.0008116122990479164,0.3797740079329985,5319.242387762467,0.45681818181818173,0.048926948622215985,0.31926057474975783,0.1875,0.08684998638714948
KÜÇÜKÇEKMECE,CENNET,KÜÇÜKÇEKMECE|CENNET,2022,0.2588153952523623,1551326.354454071,0.0399492649208811,0.4671033893477642,401.0,0.3546617915904936,97.0,0.13365967618944258,5.0,0.11428571428571428,0.0,0.00038103085885284933,0.3797740079329985,20970.09018252511,0.08388026607538801,0.05346387047577703,0.2928640619954795,0.3125,0.08684998638714948
KÜÇÜKÇEKMECE,CUMHURİYET,KÜÇÜKÇEKMECE|CUMHURİYET,2022,0.46945447406383106,2813470.050634979,0.0724515896201191,0.6550840216462547,575.0,1.0,270.0,0.17935529198070502,7.0,0.07142857142857142,0.0,0.0002946490272555841,0.37977400793299865,29409.27281695595,0.16864031620553357,0.05124436913734429,0.47447630771714566,0.25,0.08684998638714948
KÜÇÜKÇEKMECE,FATİH,KÜÇÜKÇEKMECE|FATİH,2022,0.10114124264850238,606547.0718891836,0.0156196080807335,0.3167188835089718,278.0,0.17915904936014626,49.0,0.20654418337650615,8.0,0.014285714285714285,0.0,0.0006607843503447387,0.3797740079329985,14218.74407498044,0.06249182472204051,0.05163604584412654,0.5536031412888048,0.4375,0.08684998638714948
KÜÇÜKÇEKMECE,FEVZİ ÇAKMAK,KÜÇÜKÇEKMECE|FEVZİ ÇAKMAK,2022,0.22998984234291908,1378604.4165360534,0.0355013842826623,0.3064653944745087,269.0,0.3619744058500914,99.0,0.1591349819930714,7.0,0.014285714285714285,0.002793296089385475,0.0002813144741251937,0.37977400793299865,13758.425022193303,0.13048327137546467,0.045467137712306115,0.5223805295447207,0.3125,0.08684998638714948
KÜÇÜKÇEKMECE,GÜLTEPE,KÜÇÜKÇEKMECE|GÜLTEPE,2022,0.26286992223844036,1575620.9711289478,0.0405748921945424,0.22557675875818856,198.0,0.3290676416819013,90.0,0.10384328688564386,4.0,0.07142857142857142,0.0,0.00018117276029641226,0.37977400793299865,10127.019161317005,0.1611570247933884,0.05192164344282193,0.25612343742792565,0.4375,0.08684998638714948
KÜÇÜKÇEKMECE,HALKALI MERKEZ,KÜÇÜKÇEKMECE|HALKALI MERKEZ,2022,0.6699785750258209,4015005.071532247,0.1033931389103285,1.0,872.75,0.9396709323583181,257.0,0.6767520698685964,28.0,0.17142857142857143,0.002793296089385475,0.00031518402941050743,0.37977400793299865,44893.894287101015,0.10380880867921596,0.04833943356204261,0.7475984824023247,0.5625,0.08684998638714948
KÜÇÜKÇEKMECE,KANARYA,KÜÇÜKÇEKMECE|KANARYA,2022,0.558158988672932,3344985.1169198593,0.0861389972577768,1.0,872.75,0.6617915904936015,181.0,0.2023173389158144,9.0,0.02857142857142857,0.0,0.00037831722184594545,0.37977400793299865,44893.894287101015,0.07311048393361125,0.044959408647958755,0.45568291895382634,0.375,0.08684998638714948
KÜÇÜKÇEKMECE,KARTALTEPE,KÜÇÜKÇEKMECE|KARTALTEPE,2022,0.12790112075661741,766891.5419433695,0.0197487480868976,0.29507262888066077,259.0,0.5191956124314442,142.0,0.17924105294122686,9.0,0.02857142857142857,0.0,0.00048690617186471913,0.37977400793299865,13246.959407985376,0.19438399438399437,0.03983134509805042,0.3812560542460446,0.3125,0.08684998638714948
KÜÇÜKÇEKMECE,KEMALPAŞA,KÜÇÜKÇEKMECE|KEMALPAŞA,2022,0.12753407936629876,764692.2398022754,0.0196921123547556,0.14127029336371405,124.0,0.19012797074954296,52.0,0.08922068983243989,3.0,0.12857142857142856,0.0,0.0002337838280665386,0.37977400793299865,6342.1736161783265,0.14868035190615833,0.059480459888293265,0.3156280271230223,0.3125,0.08684998638714948
KÜÇÜKÇEKMECE,MEHMET AKİF,KÜÇÜKÇEKMECE|MEHMET AKİF,2022,0.46749122941794063,2801706.341508196,0.0721486543086621,1.0,872.75,0.8482632541133455,232.0,0.16667475859862965,10.0,0.02857142857142857,0.00558659217877095,0.00045167670065947714,0.3797740079329985,44893.89428710101,0.0937106755392144,0.03333495171972593,0.8051138198256377,0.1875,0.08684998638714948
KÜÇÜKÇEKMECE,SULTAN MURAT,KÜÇÜKÇEKMECE|SULTAN MURAT,2022,0.1344993299360665,806427.8339216425,0.0207668741554031,0.1458273996012532,128.0,0.28153564899451555,77.0,0.12326392359693039,4.0,0.02857142857142857,0.0,0.00022883577670293446,0.37977400793299865,6546.759861861498,0.21328124999999998,0.061631961798465196,0.4517188292817936,0.4375,0.08684998638714948
KÜÇÜKÇEKMECE,SÖĞÜTLÜ ÇEŞME,KÜÇÜKÇEKMECE|SÖĞÜTLÜ ÇEŞME,2022,0.29545124751393476,1770847.3960721144,0.045602301254679,0.658501851324409,578.0,0.42413162705667273,116.0,0.08602199672705152,3.0,0.08571428571428572,0.002793296089385475,0.00047057208935287037,0.3797740079329985,29562.712501218324,0.0711544510852469,0.057347997818034346,0.7691919599612528,0.375,0.08684998638714948
KÜÇÜKÇEKMECE,TEVFİKBEY,KÜÇÜKÇEKMECE|TEVFİKBEY,2022,0.031138767253079305,187094.12167726064,0.0048179885622163,0.576473939048704,506.0,0.6398537477148081,175.0,0.43867791159611924,19.0,0.02857142857142857,0.002793296089385475,0.0038991490564029927,0.37977400793299865,25880.160078921235,0.1226194753862738,0.04617662227327571,0.49786083306425577,0.375,0.08684998638714948
KÜÇÜKÇEKMECE,YARIMBURGAZ,KÜÇÜKÇEKMECE|YARIMBURGAZ,2022,0.007784691813269826,47157.1296299711,0.0012143754659276,0.4887496439760752,429.0,0.16819012797074953,46.0,0.1497673807558626,6.0,0.0,0.00558659217877095,0.013115637147141465,0.37977400793299865,21941.87484952018,0.038016528925619825,0.04992246025195419,0.6110247820471425,0.375,0.08684998638714948
KÜÇÜKÇEKMECE,SEYMEN MAHALLE,KÜÇÜKÇEKMECE|SEYMEN MAHALLE,2022,0.17824554215427688,1068553.9612032063,0.0275170631606953,0.37482198803759614,329.0,0.113345521023766,31.0,0.12440631399171194,4.0,0.02857142857142857,0.0,0.0004438936197279201,0.3797740079329985,16827.21870744088,0.03340701851340147,0.06220315699585597,0.4001453019050695,0.3125,0.08684998638714948
KÜÇÜKÇEKMECE,YEŞİLOVA,KÜÇÜKÇEKMECE|YEŞİLOVA,2022,0.2847302245781158,1706607.3149275985,0.0439480110321137,0.3622899458843634,318.0,0.3510054844606947,96.0,0.1218930551231925,4.0,0.014285714285714285,0.0,0.0002686414238397743,0.37977400793299865,16264.60653181216,0.10703259005145796,0.06094652756159625,0.31151113981272205,0.3125,0.08684998638714948
KÜÇÜKÇEKMECE,İNÖNÜ,KÜÇÜKÇEKMECE|İNÖNÜ,2022,0.6153491587923484,3687667.0784391714,0.0949636345915246,0.9695243520364568,851.0,0.7641681901279708,209.0,0.37550372276469896,15.0,0.1,0.002793296089385475,0.0003327034599596012,0.3797740079329985,43525.7237690948,0.08707403055229142,0.05006716303529319,0.7175542864061994,0.25,0.08684998638714948
KÜÇÜKÇEKMECE,İSTASYON,KÜÇÜKÇEKMECE|İSTASYON,2022,0.3554070318301708,2130100.8434917643,0.0548536822445662,0.5673597265736258,498.0,0.8153564899451554,223.0,0.28479792541904303,11.0,0.07142857142857142,0.002793296089385475,0.00033706110626497587,0.37977400793299865,25470.987587554893,0.15876232201533405,0.05178144098528055,0.7632789796577333,0.3125,0.08684998638714948
MALTEPE,ALTAYÇEŞME,MALTEPE|ALTAYÇEŞME,2022,0.2787295246387203,1971185.9320324548,0.0708434456149026,0.19139846197664484,168.0,0.263254113345521,72.0,0.16701747571706416,5.0,0.1,0.0,0.00014497827791448256,0.4800004204767403,10138.355271291097,0.15194805194805192,0.06680699028682566,0.38222473361317405,0.375,0.08684998638714948
MALTEPE,ALTINTEPE,MALTEPE|ALTINTEPE,2022,0.2431862607018173,1719899.554951168,0.0618123377426134,0.4067217317003703,348.0,0.20109689213893966,55.0,0.15068129307168784,7.0,0.05714285714285714,0.0,0.0003530907806428824,0.4800004204767403,21544.00495149358,0.05462184873949578,0.043051798020482236,0.6520927510494026,0.25,0.08684998638714948
MALTEPE,AYDINEVLER,MALTEPE|AYDINEVLER,2022,0.177127346290748,1252871.3915909196,0.045027576978049,0.21304471660495586,187.0,0.14990859232175502,41.0,0.13674413025535279,10.0,0.04285714285714286,0.00558659217877095,0.00025389629303007154,0.4800004204767403,11284.954974591878,0.0777345649003403,0.02734882605107056,0.4778145517167151,0.5625,0.08684998638714948
MALTEPE,BAĞLARBAŞI,MALTEPE|BAĞLARBAŞI,2022,0.2918405845347537,2063879.465941402,0.0741748052911361,0.6402734263742523,553.0,1.0,270.0,0.5047080764144934,18.0,0.08571428571428572,0.00558659217877095,0.0004632049923466384,0.4800004204767403,33915.21227658093,0.17254124878680036,0.056078675157165934,0.30553761704875687,0.375,0.08684998638714948
MALTEPE,BAŞIBÜYÜK,MALTEPE|BAŞIBÜYÜK,2022,0.1872850033716593,1324684.7414292314,0.0476085131855476,0.511535175163771,448.0,0.5155393053016454,141.0,0.2653772887077565,18.0,0.12857142857142856,0.0,0.0005765739984021765,0.4800004204767403,27095.961409581563,0.11133832759667946,0.02948636541197295,0.5763930531851099,0.4375,0.08684998638714948
MALTEPE,BÜYÜKBAKKALKÖY,MALTEPE|BÜYÜKBAKKALKÖY,2022,0.09624166688006282,681019.8764078573,0.024475516892119,0.03531757334092851,31.0,0.03290676416819013,9.0,0.0800815666741874,2.0,0.1,0.002793296089385475,7.743247703639387e-05,0.4800004204767403,1870.7679369644288,0.1029325513196481,0.0800815666741874,0.5230994712625121,1.0,0.08684998638714948
MALTEPE,CEVİZLİ,MALTEPE|CEVİZLİ,2022,0.34652121584594503,2450464.6080121803,0.0880684837325109,0.38621475363144403,339.0,0.4424131627056673,121.0,0.2441288273648195,7.0,0.14285714285714285,0.01675977653631285,0.000235327407230128,0.4800004204767403,20457.752600998105,0.12654867256637164,0.06975109353280556,0.3913061026800129,0.5,0.08684998638714948
MALTEPE,ESENKENT,MALTEPE|ESENKENT,2022,0.16189939651566754,1145211.7141862568,0.041158341520757,0.4021646254628311,353.0,0.21937842778793418,60.0,0.32798028234178606,14.0,0.05714285714285714,0.0,0.0005243365953770248,0.4800004204767403,21302.615540272363,0.06026268349214522,0.04685432604882658,0.37041895382628354,0.25,0.08684998638714948
MALTEPE,FEYZULLAH,MALTEPE|FEYZULLAH,2022,0.17402029824246926,1230904.9551697888,0.0442381141381082,0.1583594417544859,139.0,0.18281535648994515,50.0,0.3205547447757059,11.0,0.11428571428571428,0.0,0.0001920929943309863,0.4800004204767403,8388.282039937278,0.12753433616742968,0.058282680868310156,0.3283419438165967,0.25,0.08684998638714948
MALTEPE,FINDIKLI,MALTEPE|FINDIKLI,2022,0.4113424325454747,2908742.40521566,0.1045387606734725,0.7211620620905724,630.0,1.0,270.0,0.26172163944445553,10.0,0.02857142857142857,0.0,0.0003701857473056894,0.4800004204767403,38199.87432575753,0.1531882809133994,0.05234432788889111,0.8760494026477236,0.1875,0.08684998638714948
MALTEPE,GÜLENSU,MALTEPE|GÜLENSU,2022,0.1228564356013077,869182.9224547957,0.0312380035265565,0.5981201936770151,524.0,0.2340036563071298,64.0,0.23864535346986804,11.0,0.02857142857142857,0.0,0.0010274705074026806,0.4800004204767403,31682.36022278468,0.043220779220779215,0.043390064267248736,0.42823700355182437,0.25,0.08684998638714948
MALTEPE,GÜLSUYU,MALTEPE|GÜLSUYU,2022,0.12878031292412487,911063.9853016768,0.032743188171938,0.4260894332099117,373.0,0.17184643510054845,47.0,0.10075883281973363,5.0,0.02857142857142857,0.0,0.0006983030985755203,0.4800004204767403,22569.909949183755,0.04455517744287796,0.040303533127893455,0.5671819502744592,0.25,0.08684998638714948
MALTEPE,GİRNE,MALTEPE|GİRNE,2022,0.1637687468524067,1158427.7844506186,0.0416333205370949,0.11734548561663344,103.0,0.12797074954296161,35.0,0.055634412225862004,3.0,0.08571428571428572,0.0,0.00015124795294321666,0.4800004204767403,6215.777338946328,0.12047661076787289,0.03708960815057467,0.4870842751049403,0.3125,0.08684998638714948
MALTEPE,KÜÇÜKYALI MERKEZ,MALTEPE|KÜÇÜKYALI MERKEZ,2022,0.22258072776625437,1574221.045279164,0.0565767242931162,0.2927940757618912,257.0,0.18281535648994515,50.0,0.13057522212353237,6.0,0.07142857142857142,0.0,0.00027770816921005227,0.4800004204767403,15509.269670963167,0.06897771489211174,0.04352507404117746,0.3249112043913465,0.1875,0.08684998638714948
MALTEPE,YALI,MALTEPE|YALI,2022,0.001032837400664089,7905.503217494844,0.0002841198682204,0.1492452292794076,131.0,0.10237659963436929,28.0,0.3184984420650991,10.0,0.08571428571428572,0.002793296089385475,0.02818791946308725,0.4800004204767403,7905.503217494844,0.07578070784177651,0.06369968841301982,0.3873103002906038,0.3125,0.08684998638714948
MALTEPE,ZÜMRÜTEVLER,MALTEPE|ZÜMRÜTEVLER,2022,0.7288759144025334,5153663.929572974,0.1852201278322521,0.7997721446881231,700.0,0.5009140767824497,137.0,0.6414522066698461,32.0,0.11428571428571428,0.002793296089385475,0.00023170865881835185,0.4800004204767403,42363.84166932351,0.06919191919191917,0.04009076291686539,0.3723865837907653,0.5,0.08684998638714948
MALTEPE,ÇINAR,MALTEPE|ÇINAR,2022,0.17679444828557528,1250517.8448315128,0.0449429916737696,0.33608658501851324,295.0,0.3071297989031079,84.0,0.34797211425046337,13.0,0.0,0.0,0.00040128540882206055,0.48000042047674046,17802.46907756473,0.1009553158705701,0.05353417142314821,0.2740555376170487,0.1875,0.08684998638714948
MALTEPE,İDEALTEPE,MALTEPE|İDEALTEPE,2022,0.021228649714475942,150687.33995484447,0.0054156283278352,0.3064653944745087,262.0,0.40219378427787933,110.0,0.35094232927689545,16.0,0.07142857142857142,0.0,0.003036664131185611,0.4800004204767403,16233.437904626817,0.14498141263940517,0.04386779115961193,0.20907329673877945,0.3125,0.08684998638714948
PENDİK,AHMET YESEVİ,PENDİK|AHMET YESEVİ,2022,0.26079571159082565,1606133.0184467845,0.0416572392793568,0.5183708345200797,455.0,0.5630712979890311,154.0,0.10075883281973363,6.0,0.05714285714285714,0.0,0.0004196415062560841,0.39507888175202033,23910.955187425545,0.12,0.033586277606577876,0.5171587423312883,0.25,0.08684998638714948
PENDİK,BAHÇELİEVLER,PENDİK|BAHÇELİEVLER,2022,0.10878082507490205,670242.4669459899,0.0173836478673205,0.2700085445741954,237.0,0.08775137111517367,24.0,0.08625047480600782,3.0,0.14285714285714285,0.008379888268156424,0.0005237993502235908,0.39507888175202016,12454.717317406272,0.03590333716915994,0.05750031653733855,0.41941510217260947,0.4375,0.08684998638714948
PENDİK,BALLICA,PENDİK|BALLICA,2022,0.04711787150137001,290610.07073947974,0.0075373665286406,0.05354599829108516,47.0,0.043875685557586835,12.0,0.0,0.0,0.0,0.0,0.0002395718290714468,0.39507888175202033,2469.9228435362656,0.09052224371373306,0.0,0.1465632063287052,0.5,0.08684998638714948
PENDİK,BATI,PENDİK|BATI,2022,0.116300905653291,716540.3823748294,0.0185844471280316,0.29507262888066077,259.0,0.17915904936014626,49.0,0.07528352701610484,2.0,0.04285714285714286,0.0,0.0005354360939449649,0.39507888175202033,13610.851414380695,0.06707616707616708,0.07528352701610484,0.1991443332257023,0.3125,0.08684998638714948
PENDİK,DOĞU,PENDİK|DOĞU,2022,0.1373332309031779,846027.4012359645,0.0219428686699069,0.3440615209342068,302.0,0.32541133455210236,89.0,0.28616879389278094,12.0,0.1,0.0,0.0005287751834183708,0.39507888175202033,15870.568058467066,0.10448524984948826,0.04769479898213015,0.43772198902163384,0.375,0.08684998638714948
PENDİK,DUMLUPINAR,PENDİK|DUMLUPINAR,2022,0.23079221189384821,1421414.3206801894,0.0368663091983131,0.4750783252634577,417.0,0.5740402193784278,157.0,0.263549464076106,13.0,0.014285714285714285,0.002793296089385475,0.0004345741798324233,0.39507888175202033,21913.996292651544,0.13348593852190974,0.040546071396324004,0.5187047373033812,0.4375,0.08684998638714948
PENDİK,EMİRLİ,PENDİK|EMİRLİ,2022,0.020315314161822574,125598.2041713122,0.0032575598559586,0.013671318712617488,12.0,0.05850091407678245,16.0,0.03004486738275504,2.0,0.0,0.0,0.0001415293027435343,0.39507888175202033,630.6185983496847,0.47272727272727266,0.03004486738275504,0.027849531804972554,0.1875,0.08684998638714948
PENDİK,ERTUĞRUL GAZİ,PENDİK|ERTUĞRUL GAZİ,2022,0.1101294887881659,678545.6118242608,0.0175990011967102,0.4181144972942182,367.0,0.2340036563071298,64.0,0.1380007596896125,7.0,0.02857142857142857,0.0,0.0008011900900676131,0.39507888175202033,19286.41879952786,0.06182809016596481,0.03942878848274643,0.32860141150422073,0.4375,0.08684998638714948
PENDİK,ESENLER,PENDİK|ESENLER,2022,0.29063703020836,1789853.2367659928,0.0464222724410436,0.3782398177157505,332.0,0.3510054844606947,96.0,0.2844552083006086,12.0,0.08571428571428572,0.025139664804469275,0.000274769936338265,0.39507888175202033,17447.11455434128,0.10251916757940853,0.04740920138343477,0.6204593154665805,0.3125,0.08684998638714948
PENDİK,ESENYALI,PENDİK|ESENYALI,2022,0.12183213404693008,750593.7866857123,0.0194676683776806,0.5024209626886926,441.0,0.8994515539305301,246.0,0.15662172312455197,10.0,0.08571428571428572,0.0,0.0008703264358483146,0.39507888175202033,23175.23348935091,0.19777365491651203,0.03132434462491039,0.47455198579270264,0.25,0.08684998638714948
PENDİK,FATİH,PENDİK|FATİH,2022,0.1849547173354502,1139212.4979187057,0.0295470219905735,0.46482483622899456,408.0,0.5557586837294333,152.0,0.16313334837480684,9.0,0.04285714285714286,0.0,0.0005305227023221515,0.39507888175202033,21441.03234388928,0.13208556149732617,0.036251855194401515,0.42460445592508883,0.3125,0.08684998638714948
PENDİK,FEVZİ ÇAKMAK,PENDİK|FEVZİ ÇAKMAK,2022,0.32788746340255903,2019188.200365828,0.0523703859186182,0.5514098547422387,484.0,0.526508226691042,144.0,0.3399753814869924,14.0,0.1,0.0,0.0003550725612298423,0.39507888175202033,25434.950133437284,0.10548459804658152,0.048567911640998926,0.5367290926703262,0.3125,0.08684998638714948
PENDİK,GÖÇBEYLİ,PENDİK|GÖÇBEYLİ,2022,0.011770932029056021,72994.102758976,0.0018932011045717,0.21760182284249502,191.0,0.113345521023766,31.0,0.16907377842767096,6.0,0.08571428571428572,0.00558659217877095,0.003876092597155987,0.39507888175202033,10037.346023732482,0.05754402665397427,0.05635792614255698,0.16245560219567323,0.25,0.08684998638714948
PENDİK,GÜLLÜ BAĞLAR,PENDİK|GÜLLÜ BAĞLAR,2022,0.15618891535001236,962113.774882169,0.0249537262940963,0.24836228994588436,218.0,0.5045703839122486,138.0,0.20574451010015907,8.0,0.07142857142857142,0.002793296089385475,0.00033564378648421564,0.39507888175202033,11456.237870019271,0.22443703085904917,0.05143612752503977,0.5139045850823377,0.3125,0.08684998638714948
PENDİK,GÜZELYALI,PENDİK|GÜZELYALI,2022,0.2921905542324994,1799417.6188409629,0.0466703376685685,0.44431785816006836,390.0,0.5082266910420475,139.0,0.05974701764707562,4.0,0.02857142857142857,0.013966480446927373,0.00032105629481043275,0.39507888175202033,20495.104446364752,0.12636363636363637,0.02987350882353781,0.606181385211495,0.375,0.08684998638714948
PENDİK,HARMANDERE,PENDİK|HARMANDERE,2022,0.0788626838407894,486049.2846780195,0.0126063477438331,0.12987752776986614,114.0,0.20109689213893966,55.0,0.1589065039141151,5.0,0.07142857142857142,0.00558659217877095,0.0003474346219906959,0.39507888175202033,5990.876684322005,0.17105263157894735,0.06356260156564603,0.16063932838230544,0.1875,0.08684998638714948
PENDİK,KAVAKPINAR,PENDİK|KAVAKPINAR,2022,0.558158988672932,3436871.3610057817,0.0891399224182815,1.0,872.75,0.6106032906764168,167.0,0.15799259159828982,7.0,0.11428571428571428,0.01675977653631285,0.00037831722184594545,0.39507888175202033,46127.12289178631,0.06745552937521036,0.04514074045665424,0.350396697264634,0.4375,0.08684998638714948
PENDİK,KAYNARCA,PENDİK|KAYNARCA,2022,0.49670089541027546,3058500.2019959707,0.0793263529777368,0.5525491313016234,485.0,0.8080438756855576,221.0,0.3029619326960699,11.0,0.11428571428571428,0.00558659217877095,0.00023489932885906043,0.39507888175202016,25487.501683299753,0.16155576382380504,0.055083987762921796,0.48175653858572814,0.3125,0.08684998638714948
PENDİK,KURNA,PENDİK|KURNA,2022,0.009875974153457444,61327.65868950684,0.0015906160468216,0.0364568499003133,32.0,0.03290676416819013,9.0,0.07951037147679661,5.0,0.0,0.0111731843575419,0.000772933524266317,0.39507888175202033,1681.6495955991593,0.09971590909090908,0.031804148590718645,0.17172325575619085,0.8125,0.08684998638714948
PENDİK,KURTDOĞMUŞ,PENDİK|KURTDOĞMUŞ,2022,0.03661878056899951,225971.66440863704,0.0058608817492142,0.027342637425234975,24.0,0.03290676416819013,9.0,0.04181148844900511,2.0,0.0,0.0,0.00015732792258467304,0.39507888175202033,1261.2371966993694,0.13295454545454544,0.04181148844900511,0.12256484770207729,0.5625,0.08684998638714948
PENDİK,KURTKÖY,PENDİK|KURTKÖY,2022,0.32257816701236847,1986501.1363513696,0.0515226025586156,0.5525491313016234,485.0,0.42413162705667273,116.0,0.4339941109775149,16.0,0.14285714285714285,0.008379888268156424,0.0003616608274806835,0.39507888175202033,25487.50168329976,0.08479850046860353,0.05424926387218936,0.2945592508879561,0.3125,0.08684998638714948
PENDİK,ORHANGAZİ,PENDİK|ORHANGAZİ,2022,0.24475685641852962,1507388.6562551963,0.0390961702545258,0.5081173454856166,446.0,0.42047531992687387,115.0,0.17147279825671224,9.0,0.08571428571428572,0.0,0.0004382865737183417,0.39507888175202033,23437.99123866329,0.09141867101508357,0.038105066279269385,0.5228648692282855,0.3125,0.08684998638714948
PENDİK,ORTA,PENDİK|ORTA,2022,0.031949672650294914,197225.9666338639,0.0051153230708839,0.7610367416690401,668.0,0.03656307129798903,10.0,0.1718155153751467,10.0,0.05714285714285714,0.0,0.005017194298252673,0.39507888175202033,35104.43530813245,0.005307566684812186,0.03436310307502934,0.3713270907329674,0.25,0.08684998638714948
PENDİK,RAMAZANOĞLU,PENDİK|RAMAZANOĞLU,2022,0.022013947572832107,136055.96259394448,0.0035287960113292,0.19025918541726003,167.0,0.07678244972577697,21.0,0.3488860265662886,10.0,0.04285714285714286,0.036312849162011177,0.0018182242372868174,0.39507888175202033,8776.108827033113,0.0445835601524224,0.06977720531325772,0.39984258960284147,0.3125,0.08684998638714948
PENDİK,SANAYİ,PENDİK|SANAYİ,2022,0.026520874412093588,163803.1809213306,0.0042484577703025,0.11278837937909428,99.0,0.043875685557586835,12.0,0.36887785847496596,11.0,0.05714285714285714,0.0335195530726257,0.0008952852187506056,0.39507888175202033,5202.603436384899,0.04297520661157024,0.0670687015409029,0.38771679966788136,0.875,0.08684998638714948
PENDİK,SAPAN BAĞLARI,PENDİK|SAPAN BAĞLARI,2022,0.10488847916826714,646278.9602087019,0.0167621218027527,0.13215608088863573,116.0,0.054844606946983544,15.0,0.07928189339784031,3.0,0.02857142857142857,0.0,0.00026588052185055465,0.39507888175202033,6095.979784046953,0.04584639498432601,0.0528545955985602,0.18243461414271875,0.375,0.08684998638714948
PENDİK,SÜLÜNTEPE,PENDİK|SÜLÜNTEPE,2022,0.2177750463069661,1341273.207139917,0.0347877406709755,0.5365992594702363,471.0,0.13893967093235832,38.0,0.09116275350356853,6.0,0.04285714285714286,0.0,0.0005201782732090309,0.39507888175202033,24751.779985225126,0.028604516502605655,0.030387584501189512,0.342266709719083,0.3125,0.08684998638714948
PENDİK,VELİBABA,PENDİK|VELİBABA,2022,0.035816411018070385,221031.8187215645,0.0057327601481848,0.6676160637994873,586.0,0.943327239488117,258.0,0.6510482859860113,31.0,0.08571428571428572,0.019553072625698324,0.003927275512451052,0.39507888175202033,30795.208219409604,0.1560968042196711,0.04200311522490396,0.39917662253793995,0.5625,0.08684998638714948
PENDİK,YAYALAR,PENDİK|YAYALAR,2022,0.11409012146509266,702929.5309604487,0.0182314312273231,0.2460837368271148,216.0,0.29981718464351004,82.0,0.34317407459238075,14.0,0.02857142857142857,0.002793296089385475,0.00045518769467904055,0.39507888175202033,11351.134770294328,0.13459595959595957,0.04902486779891154,0.41128511462705847,0.375,0.08684998638714948
PENDİK,SEYMEN,PENDİK|SEYMEN,2022,0.13817827968553942,851230.0046723494,0.0220778052497144,0.1948162916547992,171.0,0.08775137111517367,23.0,0.07928189339784031,3.0,0.02857142857142857,0.0,0.0002975758876520509,0.39507888175202033,8986.315026483007,0.04976076555023921,0.0528545955985602,0.2361963190184049,0.3125,0.08684998638714948
PENDİK,ESENŞEHİR,PENDİK|ESENŞEHİR,2022,0.5626744513584799,3464671.1308830306,0.0898609471730105,0.342922244374822,301.0,0.5155393053016454,141.0,0.24881262798342388,10.0,0.32857142857142857,0.0,0.00012869243820457253,0.39507888175202033,15818.016508604593,0.16608275445484746,0.04976252559668478,0.19144871380906253,0.5625,0.08684998638714948
PENDİK,YEŞİLBAĞLAR,PENDİK|YEŞİLBAĞLAR,2022,0.056515838262784564,348469.3271380633,0.0090380248555906,0.1344346340074053,118.0,0.10603290676416818,29.0,0.08739286520078939,4.0,0.014285714285714285,0.00558659217877095,0.0005016097868563256,0.39507888175202033,6201.082883771901,0.08713405238828967,0.04369643260039469,0.2877784953180497,0.4375,0.08684998638714948
PENDİK,ÇAMLIK,PENDİK|ÇAMLIK,2022,0.17100714450334178,1053343.2654434235,0.0273198869258721,0.11962403873540302,105.0,0.16087751371115175,44.0,0.15822106967724614,8.0,0.17142857142857143,0.002793296089385475,0.00014766172139414095,0.39507888175202033,5517.912735559742,0.14857142857142855,0.039555267419311535,0.4323538908621246,0.3125,0.08684998638714948
PENDİK,ÇAMÇEŞME,PENDİK|ÇAMÇEŞME,2022,0.2762797367545005,1701461.529897312,0.0441297135800719,0.5160922814013101,453.0,0.676416819012797,185.0,0.12817620229449112,6.0,0.08571428571428572,0.0111731843575419,0.0003943888413620324,0.39507888175202033,23805.8520877006,0.1447922937989163,0.04272540076483037,0.608350823377462,0.3125,0.08684998638714948
PENDİK,ÇINARDERE,PENDİK|ÇINARDERE,2022,0.17268870622177837,1063695.9207663308,0.0275883970897314,0.36001139276559385,316.0,0.5228519195612431,143.0,0.6560748037230504,33.0,0.11428571428571428,0.002793296089385475,0.0004400663282612307,0.39507888175202033,16606.289756541697,0.16044303797468354,0.0397621093165485,0.49846625766871167,0.375,0.08684998638714948
PENDİK,ŞEYHLİ,PENDİK|ŞEYHLİ,2022,0.16451136547933046,1013351.5359980809,0.0262826471558367,0.3383651381372828,297.0,0.453382084095064,124.0,0.4826599417952094,18.0,0.07142857142857142,0.0,0.00043415506303671184,0.39507888175202033,15607.810309154696,0.1480257116620753,0.05362888242168993,0.3345172747820472,0.3125,0.08684998638714948
SANCAKTEPE,ABDURRAHMANGAZİ,SANCAKTEPE|ABDURRAHMANGAZİ,2022,0.3881932174165408,2213483.5739482893,0.100806442676973,0.3679863286812874,323.0,0.9396709323583181,257.0,0.1796980090991395,9.0,0.17142857142857143,0.0446927374301676,0.00020015604085862605,0.3526962808418688,15717.446236046811,0.282099634112018,0.03993289091091989,0.2955625259467688,0.4375,0.08684998638714948
SANCAKTEPE,AKPINAR,SANCAKTEPE|AKPINAR,2022,0.20489445426066769,1168541.0337846074,0.053217681903905,0.24152663058957563,212.0,0.12797074954296161,35.0,0.005826191013385959,1.0,0.0,0.002793296089385475,0.00024884812718308055,0.352696280841869,10316.094743163854,0.058533447684391074,0.011652382026771917,0.33318534065224414,0.25,0.08684998638714948
SANCAKTEPE,ATATÜRK,SANCAKTEPE|ATATÜRK,2022,0.2711411572900395,1546197.690868073,0.0704169169024977,0.31557960694958703,277.0,0.19012797074954296,52.0,0.009367601237208797,1.0,0.05714285714285714,0.002793296089385475,0.00024572946314005255,0.3526962808418688,13479.048320077298,0.06655726944535606,0.018735202474417595,0.2121004197610591,0.5,0.08684998638714948
SANCAKTEPE,EMEK,SANCAKTEPE|EMEK,2022,0.1885568444683448,1075404.2161505714,0.0489760460596444,0.15494161207633153,136.0,0.5301645338208409,145.0,0.06191755939716057,2.0,0.02857142857142857,0.019553072625698324,0.00017346411977284463,0.3526962808418688,6617.872099388132,0.3780080213903743,0.061917559397160586,0.24449063609945107,0.25,0.08684998638714948
SANCAKTEPE,EYÜP SULTAN,SANCAKTEPE|EYÜP SULTAN,2022,0.19865475062525073,1132969.9712503962,0.0515977049957783,0.28595841640558245,251.0,0.42047531992687387,115.0,0.16736019283549863,7.0,0.08571428571428572,0.04189944134078212,0.00030387698257247343,0.352696280841869,12213.86688931192,0.16244114451285765,0.04781719795299961,0.32608536119998827,0.6875,0.08684998638714948
SANCAKTEPE,FATİH,SANCAKTEPE|FATİH,2022,0.03162531049140867,180774.96212666848,0.0082328511815194,0.2529193961834235,222.0,0.5959780621572212,163.0,0.005826191013385959,1.0,0.08571428571428572,0.027932960893854747,0.0016844463313069637,0.3526962808418688,10802.702985765922,0.2603194103194103,0.011652382026771917,0.1907087504036164,0.375,0.08684998638714948
SANCAKTEPE,HİLAL,SANCAKTEPE|HİLAL,2022,0.049729840465032905,283984.5703825672,0.0129332219368364,0.11392765593847906,100.0,0.029250457038391225,8.0,0.07928189339784031,5.0,0.014285714285714285,0.0111731843575419,0.0004830006762009467,0.3526962808418688,4866.0824260206855,0.02836363636363636,0.031712757359136125,0.2313529221827575,0.3125,0.08684998638714948
SANCAKTEPE,KEMAL TÜRKLER,SANCAKTEPE|KEMAL TÜRKLER,2022,0.1888214557032257,1076912.7017026378,0.0490447454907687,0.20165195101110794,177.0,0.17184643510054845,47.0,0.03655649263300994,3.0,0.02857142857142857,0.00558659217877095,0.00022544221883179444,0.3526962808418688,8612.965894056613,0.09414483821263482,0.02437099508867329,0.24191758153051338,0.5,0.08684998638714948
SANCAKTEPE,MECLİS,SANCAKTEPE|MECLİS,2022,0.23306274700605192,1329121.75384329,0.0605308471526301,0.168612930788949,148.0,0.5740402193784278,157.0,0.09573231508269475,3.0,0.1,0.0111731843575419,0.00015273530352701592,0.3526962808418688,7201.801990510614,0.37610565110565103,0.06382154338846317,0.1979065762565924,0.5625,0.08684998638714948
SANCAKTEPE,MERVE,SANCAKTEPE|MERVE,2022,0.17869794200746034,1019200.9641300323,0.0464164382225905,0.18798063229849046,165.0,0.5521023765996343,151.0,0.18540996107304727,8.0,0.02857142857142857,0.10335195530726257,0.00022205809078106452,0.3526962808418688,8029.036002934131,0.3244628099173554,0.04635249026826182,0.3045790280917016,0.5,0.08684998638714948
SANCAKTEPE,MEVLANA,SANCAKTEPE|MEVLANA,2022,0.18069533003849667,1030587.5970069208,0.0469350081220456,0.2825405867274281,245.0,0.40950639853747717,112.0,0.21008559360032897,10.0,0.014285714285714285,0.0,0.00033007243150505873,0.3526962808418688,12067.884416531298,0.16011730205278588,0.0420171187200658,0.16850984824023246,0.375,0.08684998638714948
SANCAKTEPE,OSMANGAZİ,SANCAKTEPE|OSMANGAZİ,2022,0.43296373118912873,2468709.5971930744,0.1124299432010832,0.5787524921674737,506.0,1.0,270.0,0.1515952053875131,8.0,0.11428571428571428,0.013966480446927373,0.00028225145540867525,0.352696280841869,24719.698724185084,0.19088224767358625,0.03789880134687827,0.22617654181465932,0.5,0.08684998638714948
SANCAKTEPE,PAŞAKÖY,SANCAKTEPE|PAŞAKÖY,2022,0.014365829300145964,82382.7754725302,0.0037518753836641,0.07747080603816577,68.0,0.2595978062157221,71.0,0.1312606563604013,4.0,0.0,0.05027932960893855,0.0011321786907796416,0.3526962808418688,3308.9360496940653,0.37018716577540106,0.06563032818020066,0.16911527284468839,0.375,0.08684998638714948
SANCAKTEPE,SAFA,SANCAKTEPE|SAFA,2022,0.20689184229170401,1179927.6666614956,0.05373625180336,0.1834235260609513,161.0,0.6361974405850092,174.0,0.15742139640089903,7.0,0.02857142857142857,0.01675977653631285,0.00018715997334035992,0.3526962808418688,7834.392705893302,0.3831733483907397,0.0449775418288283,0.24327978689053922,0.25,0.08684998638714948
SANCAKTEPE,SARIGAZİ,SANCAKTEPE|SARIGAZİ,2022,0.20271781345761525,1156132.523598255,0.0526525736801398,0.2187410994018798,192.0,0.3510054844606947,96.0,0.04306811788326483,2.0,0.1,0.002793296089385475,0.0002277907545314513,0.3526962808418688,9342.878257959715,0.17727272727272725,0.04306811788326483,0.23311730245860052,0.4375,0.08684998638714948
SANCAKTEPE,VEYSEL KARANİ,SANCAKTEPE|VEYSEL KARANİ,2022,0.2241598593292532,1278368.5141398942,0.0582194437118967,0.18798063229849046,165.0,0.07678244972577697,21.0,0.04718072330447845,2.0,0.05714285714285714,0.0,0.0001770395763925772,0.3526962808418688,8029.036002934131,0.045123966942148735,0.04718072330447845,0.2676481272198902,0.5,0.08684998638714948
SANCAKTEPE,SEYİTNİZAM,SANCAKTEPE|SEYİTNİZAM,2022,0.2098879243382585,1197007.6159768284,0.0545141066525426,0.24836228994588436,218.0,0.49725776965265084,136.0,0.11481023467554684,6.0,0.014285714285714285,0.002793296089385475,0.0002498055385565682,0.3526962808418688,10608.059688725094,0.22118432026688908,0.038270078225182275,0.22284670649015176,0.5,0.08684998638714948
SANCAKTEPE,YUNUS EMRE,SANCAKTEPE|YUNUS EMRE,2022,0.2358539687417309,1345033.8433763776,0.0612555153454584,0.24836228994588436,218.0,0.6654478976234004,182.0,0.16107704566420003,8.0,0.04285714285714286,0.00558659217877095,0.00022231346344028872,0.3526962808418688,10608.059688725094,0.29599666388657214,0.04026926141605001,0.212705844365515,0.375,0.08684998638714948
SANCAKTEPE,İNÖNÜ,SANCAKTEPE|İNÖNÜ,2022,0.20918798494276716,1193017.4283874913,0.0543323855766652,0.13101680432925092,115.0,0.16453382084095064,45.0,0.009367601237208797,1.0,0.02857142857142857,0.0,0.00013221889865216112,0.3526962808418688,5595.994789923787,0.13873517786561265,0.018735202474417595,0.191112366806587,0.375,0.08684998638714948
SARIYER,AYAZAĞA,SARIYER|AYAZAĞA,2022,0.31147303099365786,3074078.5130244107,0.1205352425235126,1.0,872.75,0.5813528336380256,159.0,0.46700919338670194,25.0,0.17142857142857143,0.00558659217877095,0.0006778615427047899,0.740065332240837,73925.27163855277,0.06422412677040988,0.03736073547093615,0.29665805618340324,0.375,0.08684998638714948
SARIYER,BAHÇEKÖY KEMER,SARIYER|BAHÇEKÖY KEMER,2022,0.01999095200293633,198088.5660995456,0.0077670928880904,0.10139561378524636,89.0,0.03290676416819013,9.0,0.05860462725229406,5.0,0.0,0.0,0.001066634707574305,0.7400653322408371,7495.698292032125,0.035852911133809985,0.023441850900917625,0.3734965288989345,0.375,0.08684998638714948
SARIYER,BAHÇEKÖY MERKEZ,SARIYER|BAHÇEKÖY MERKEZ,2022,0.03181309910971123,314735.1069362253,0.0123408274331607,0.05468527485046995,48.0,0.09872029250457039,27.0,0.2307628597458752,9.0,0.02857142857142857,0.0,0.00036206051223660365,0.7400653322408371,4042.62379794991,0.19943181818181815,0.05128063549908339,0.28914070067807557,0.5,0.08684998638714948
SARIYER,BAHÇEKÖY YENİ,SARIYER|BAHÇEKÖY YENİ,2022,0.004208172219234676,42363.3285493501,0.0016610747120363,0.05354599829108516,47.0,0.03656307129798903,10.0,0.12954707076822897,7.0,0.014285714285714285,0.0,0.002633861261958451,0.7400653322408371,3958.4024688259537,0.07543520309477755,0.03701344879092256,0.31401356151113985,0.375,0.08684998638714948
SARIYER,BALTALİMANI,SARIYER|BALTALİMANI,2022,0.043882785758794056,433824.06631749973,0.0170103297051674,0.3053261179151239,268.0,0.5630712979890311,154.0,0.4105751078844929,9.0,0.0,0.0,0.0014665817154159157,0.7400653322408371,22571.316205220333,0.20373134328358208,0.09123891286322064,0.5969486599935422,0.1875,0.08684998638714948
SARIYER,BÜYÜKDERE,SARIYER|BÜYÜKDERE,2022,0.0732034177528531,723124.3318582901,0.028353851844024,0.511535175163771,449.0,0.3692870201096892,101.0,0.6183759206952588,20.0,0.0,0.0,0.0014740712600659416,0.740065332240837,37815.37677665645,0.07975298643450088,0.061837592069525875,0.3207741362608977,0.25,0.08684998638714948
SARIYER,CUMHURİYET,SARIYER|CUMHURİYET,2022,0.09403941853815097,928708.596249868,0.0364148525837472,0.4671033893477642,410.0,0.17184643510054845,47.0,0.5465195648634986,16.0,0.0,0.0,0.00104806810373318,0.7400653322408371,34530.74494082215,0.040643015521064293,0.06831494560793733,0.3885816919599613,0.25,0.08684998638714948
SARIYER,DARÜŞŞAFAKA,SARIYER|DARÜŞŞAFAKA,2022,0.07438990038667384,734831.0966065201,0.0288128764662369,0.146966676160638,129.0,0.09140767824497258,25.0,0.3678497071196625,11.0,0.0,0.0,0.00041676121613045905,0.7400653322408371,10864.551456990384,0.06871035940803383,0.06688176493084773,0.4827252179528576,0.3125,0.08684998638714948
SARIYER,DEMİRCİKÖY,SARIYER|DEMİRCİKÖY,2022,0.014135361450411001,140312.73432051146,0.0055016907957307,0.04101395613785246,36.0,0.07678244972577697,21.0,0.28434096926113045,6.0,0.0,0.0,0.000609102701483278,0.740065332240837,3031.9678484624324,0.20681818181818182,0.09478032308704347,0.39493865030674846,0.25,0.08684998638714948
SARIYER,EMİRGAN,SARIYER|EMİRGAN,2022,0.00699085810862718,69819.48184375992,0.0027376360562189,0.43520364568499004,382.0,0.31444241316270566,86.0,0.3816726308965194,10.0,0.0,0.0,0.01298888448118134,0.7400653322408373,32172.547725351375,0.07981913374583531,0.07633452617930388,0.5565870196964805,0.25,0.08684998638714948
SARIYER,FATİH SULTAN MEHMET,SARIYER|FATİH SULTAN MEHMET,2022,0.13414082439203434,1324380.4004742154,0.0519292243474585,0.7769866135004272,682.0,0.5923217550274223,162.0,0.23179101110117867,7.0,0.014285714285714285,0.0,0.001222522166856948,0.7400653322408371,57438.94646253831,0.08421754198880299,0.06622600317176533,0.3680405000230638,0.4375,0.08684998638714948
SARIYER,FERAHEVLER,SARIYER|FERAHEVLER,2022,0.13299702098964603,1313094.7423716052,0.0514867114023037,0.6288806607804044,552.0,0.4753199268738574,130.0,0.30090562998546305,11.0,0.02857142857142857,0.0,0.0009979944547254288,0.7400653322408371,46490.17367642397,0.08349802371541498,0.05471011454281146,0.5750524701323863,0.25,0.08684998638714948
SARIYER,GARİPÇE,SARIYER|GARİPÇE,2022,0.03328980051727228,329305.39687466976,0.012912131459368,0.06493876388493307,57.0,0.08775137111517367,24.0,0.18997952265217355,5.0,0.0,0.0,0.00041092363411661723,0.7400653322408371,4800.615760065519,0.14928229665071766,0.07599180906086941,0.19454310623183724,0.125,0.08684998638714948
SARIYER,GÜMÜŞDERE,SARIYER|GÜMÜŞDERE,2022,0.003055832970559866,30993.44911761598,0.0012152594314699,0.12645969809171176,111.0,0.043875685557586835,12.0,0.32900843369708943,7.0,0.02857142857142857,0.00558659217877095,0.008502334403268166,0.7400653322408371,9348.567532759169,0.038329238329238326,0.09400240962773984,0.19060784630287372,0.25,0.08684998638714948
SARIYER,HUZUR,SARIYER|HUZUR,2022,0.07168403711385965,708132.935274226,0.0277660361407587,0.22215892908003418,195.0,0.09140767824497258,25.0,0.1393716281633504,8.0,0.02857142857142857,0.0,0.000653739806767604,0.7400653322408371,16423.15917917151,0.04545454545454545,0.0348429070408376,0.46013531239909594,0.5,0.08684998638714948
SARIYER,KAZIM KARABEKİR PAŞA,SARIYER|KAZIM KARABEKİR PAŞA,2022,0.06771486859064642,668970.0172315862,0.0262304501743633,0.4067217317003703,357.0,0.24862888482632542,68.0,0.47374929671591315,13.0,0.0,0.0,0.0012669126587337464,0.7400653322408371,30067.014497252458,0.0675324675324675,0.07288450718706356,0.24878915079108815,0.3125,0.08684998638714948
SARIYER,KISIRKAYA,SARIYER|KISIRKAYA,2022,0.030046178928409856,297301.2918075663,0.0116572440029588,0.05354599829108516,47.0,0.010968921389396709,3.0,0.2971357416826839,6.0,0.0,0.0,0.0003753065764207084,0.7400653322408371,3958.4024688259537,0.02263056092843325,0.09904524722756129,0.1981756538585728,0.25,0.08684998638714948
SARIYER,KOCATAŞ,SARIYER|KOCATAŞ,2022,0.03809548197656057,376722.0051714573,0.0147713462961006,0.2791227570492737,245.0,0.2230347349177331,61.0,0.23384731381178545,6.0,0.014285714285714285,0.0,0.001543939250716829,0.7400653322408371,20634.225635369337,0.0882745825602968,0.07794910460392848,0.45326122053600265,0.375,0.08684998638714948
SARIYER,KUMKÖY (KİLYOS),SARIYER|KUMKÖY (KİLYOS),2022,0.0032094782037165076,32509.433041847195,0.0012747014688787,0.3178581600683566,279.0,0.054844606946983544,15.0,0.3510565683163736,8.0,0.04285714285714286,0.0,0.02037416976736099,0.7400653322408371,23497.750825583855,0.01906158357771259,0.0877641420790934,0.16709719082983532,0.1875,0.08684998638714948
SARIYER,KİREÇBURNU,SARIYER|KİREÇBURNU,2022,0.058709550758409945,580116.515005812,0.022746486315122,0.24152663058957563,212.0,0.2340036563071298,64.0,0.7569478755822621,16.0,0.0,0.0,0.000867572434113603,0.740065332240837,17854.921774278766,0.10703259005145796,0.09461848444778276,0.47546012269938653,0.125,0.08684998638714948
SARIYER,MADEN,SARIYER|MADEN,2022,0.13136667434892832,1297008.4685089297,0.0508559653386875,0.47393904870407294,416.0,0.5301645338208409,145.0,0.6908034717244096,22.0,0.0,0.0,0.0007614399023794997,0.7400653322408371,35036.07291556589,0.12357954545454544,0.06280031561130997,0.4618380690991282,0.25,0.08684998638714948
SARIYER,MASLAK,SARIYER|MASLAK,2022,0.010379589084359769,103255.34950597062,0.0040486632146253,0.37368271147821136,328.0,0.08775137111517367,24.0,0.21339852574519552,4.0,0.014285714285714285,0.002793296089385475,0.007541303086372445,0.7400653322408371,27624.59595265772,0.02594235033259421,0.10669926287259776,0.42592882224733614,0.5,0.08684998638714948
SARIYER,PINAR,SARIYER|PINAR,2022,0.009457717685419921,94159.44596058333,0.0036920109901722,0.4921674736542296,432.0,0.6837294332723949,187.0,0.2682332646947104,7.0,0.02857142857142857,0.0,0.010891933102015824,0.7400653322408371,36383.614181549194,0.15347222222222218,0.07663807562706011,0.30412495963835967,0.25,0.08684998638714948
SARIYER,POLİGON,SARIYER|POLİGON,2022,0.055346427321536794,546933.3113309733,0.0214453661629504,0.23241241811449728,204.0,0.3912248628884826,107.0,0.2922234629851232,10.0,0.014285714285714285,0.0,0.00088548438103939,0.7400653322408371,17181.15114128712,0.18596256684491977,0.058444692597024644,0.43883193412980304,0.25,0.08684998638714948
SARIYER,PTT EVLERİ,SARIYER|PTT EVLERİ,2022,0.044540045922853023,440309.1086600443,0.0172646095318609,0.20279122757049273,177.0,0.14625228519195613,40.0,0.3855567582387767,10.0,0.014285714285714285,0.002793296089385475,0.0009597264086514023,0.740065332240837,14991.396584064249,0.07967313585291112,0.07711135164775534,0.37142799483371003,0.5625,0.08684998638714948
SARIYER,REŞİTPAŞA,SARIYER|REŞİTPAŞA,2022,0.014860908384761807,147471.54729604776,0.005782389305717,0.4431785816006836,389.0,0.7312614259597806,200.0,0.32272528652579086,10.0,0.08571428571428572,0.0,0.006262193415842913,0.7400653322408371,32762.097029219065,0.18228558074316425,0.06454505730515818,0.42990192121407816,0.5,0.08684998638714948
SARIYER,RUMELİFENERİ,SARIYER|RUMELİFENERİ,2022,0.036934606881599275,365267.90441059915,0.0143222286801225,0.07177442324124181,63.0,0.03656307129798903,10.0,0.18997952265217355,5.0,0.014285714285714285,0.0,0.0004094625146816917,0.740065332240837,5305.943734809256,0.05627705627705626,0.07599180906086941,0.31350904100742655,0.25,0.08684998638714948
SARIYER,RUMELİHİSARI,SARIYER|RUMELİHİSARI,2022,0.08589622118084897,848361.4482656134,0.0332644246010778,0.511535175163771,449.0,0.16453382084095064,45.0,0.3885269732652088,11.0,0.05714285714285714,0.0,0.0012564653865706516,0.7400653322408371,37815.376776656456,0.03553350880745087,0.0706412678664016,0.40341459476913144,0.25,0.08684998638714948
SARIYER,RUMELİKAVAĞI,SARIYER|RUMELİKAVAĞI,2022,0.031130231406792826,307997.4006063088,0.0120766406002324,0.32013671318712617,281.0,0.2522851919561243,69.0,0.3839574116860825,10.0,0.0,0.0,0.002165929824754585,0.7400653322408371,23666.19348383177,0.08705920414105466,0.0767914823372165,0.36914756215692607,0.3125,0.08684998638714948
SARIYER,SARIYER MERKEZ,SARIYER|SARIYER MERKEZ,2022,0.10178996696627488,1005181.5630944204,0.0394133731374828,0.38507547707205925,338.0,0.793418647166362,217.0,0.545377174468717,20.0,0.02857142857142857,0.0,0.0007982837686236692,0.7400653322408371,28466.809243897285,0.22762237762237758,0.0545377174468717,0.4073498546980949,0.25,0.08684998638714948
SARIYER,TARABYA,SARIYER|TARABYA,2022,0.15526704395107252,1532828.1900560076,0.0601025044911761,0.4534320706351467,395.0,0.3071297989031079,84.0,1.0,24.0,0.0,0.0,0.0006164171399070729,0.7400653322408371,33520.08899133468,0.07482868889904064,0.08333333333333333,0.5132386180174362,0.3125,0.08684998638714948
SARIYER,USKUMRUKÖY,SARIYER|USKUMRUKÖY,2022,0.08411222930697464,830759.1904787066,0.0325742365000528,0.342922244374822,301.0,0.2595978062157221,71.0,0.4726069063211316,15.0,0.04285714285714286,0.0,0.0008601544767223502,0.7400653322408371,25350.620066310898,0.08363032316520687,0.06301425417615088,0.272279625443978,0.3125,0.08684998638714948
SARIYER,SEYMEN,SARIYER|SEYMEN,2022,0.027758572123633196,274729.97560234595,0.0107722181126492,0.1367131871261749,120.0,0.20109689213893966,55.0,0.4900854793612895,11.0,0.0,0.0,0.0010369559581761096,0.740065332240837,10106.559494874777,0.16249999999999998,0.08910645079296173,0.361919111024251,0.0,0.08684998638714948
SARIYER,YENİKÖY,SARIYER|YENİKÖY,2022,0.12763650952173652,1260203.7476817605,0.0494128447638169,0.5252064938763885,461.0,0.5301645338208409,145.0,0.5076782914409255,16.0,0.0,0.0,0.0008684509037280775,0.740065332240837,38826.03272614392,0.11151646618024057,0.06345978643011568,0.589683564740071,0.1875,0.08684998638714948
SARIYER,ZEKERİYAKÖY,SARIYER|ZEKERİYAKÖY,2022,0.19246626206755268,1899864.7423782095,0.0744940822149424,0.805468527485047,707.0,0.7495429616087751,205.0,0.9616642343271178,29.0,0.08571428571428572,0.002793296089385475,0.0008834497322636175,0.740065332240837,59544.479690637214,0.1028031374566028,0.06632167133290467,0.2037758314497901,0.5,0.08684998638714948
SARIYER,ÇAMLITEPE,SARIYER|ÇAMLITEPE,2022,0.0493884066135737,488146.8236024516,0.0191403360456514,0.6163486186271717,541.0,0.09506398537477148,26.0,0.2602365319312395,19.0,0.014285714285714285,0.0,0.0026310670168271572,0.740065332240837,45563.73905606044,0.01703915308351535,0.027393319150656785,0.4256423266755846,0.4375,0.08684998638714948
SARIYER,ÇAYIRBAŞI,SARIYER|ÇAYIRBAŞI,2022,0.04203904296091436,415632.25922672515,0.0162970252562612,0.18798063229849046,165.0,0.09140767824497258,25.0,0.546862281981933,16.0,0.014285714285714285,0.0,0.0009424532343281451,0.7400653322408371,13896.519305452815,0.0537190082644628,0.06835778524774162,0.3834355828220859,0.1875,0.08684998638714948
SARIYER,İSTİNYE,SARIYER|İSTİNYE,2022,0.13410668100688844,1324043.5151577196,0.0519160150058121,0.620905724864711,545.0,0.2595978062157221,71.0,0.46746614954461463,13.0,0.02857142857142857,0.0,0.0009771907707768306,0.7400653322408371,45900.624372556274,0.046188490408673864,0.07191786916070994,0.4460537847686702,0.4375,0.08684998638714948
SULTANBEYLİ,ABDURRAHMANGAZİ,SULTANBEYLİ|ABDURRAHMANGAZİ,2022,0.24218756668629912,1110912.674143152,0.076876614969583,0.24152663058957563,212.0,0.42413162705667273,116.0,0.253267950523072,10.0,0.14285714285714285,0.002793296089385475,0.00021054289279408438,0.2489844623074586,8297.695342928804,0.19399656946826757,0.05065359010461439,0.1827805710595507,0.4375,0.08684998638714948
SULTANBEYLİ,ADİL,SULTANBEYLİ|ADİL,2022,0.2783112681706828,1276553.4604227496,0.0883391747607001,0.16177727143264028,142.0,0.21572212065813529,58.0,0.18872289321791383,11.0,0.08571428571428572,0.030726256983240222,0.0001227252664037526,0.24898446230745852,5557.890276867406,0.1473111395646607,0.03431325331234797,0.2940057198210249,0.4375,0.08684998638714948
SULTANBEYLİ,AHMET YESEVİ,SULTANBEYLİ|AHMET YESEVİ,2022,0.25558030950978633,1172323.4476952995,0.0811263210925184,0.14240956992309883,125.0,0.3692870201096892,101.0,0.17044464690140884,10.0,0.07142857142857142,0.036312849162011177,0.00011763788504560317,0.24898446230745852,4892.509046538209,0.28647272727272727,0.03408892938028177,0.22279625443978046,0.375,0.08684998638714948
SULTANBEYLİ,AKŞEMSETTİN,SULTANBEYLİ|AKŞEMSETTİN,2022,0.11534489086920523,529291.1986906896,0.0366276455707173,0.13557391056679008,119.0,0.20475319926873858,56.0,0.4086330442133642,18.0,0.04285714285714286,0.0446927374301676,0.0002480486886125403,0.24898446230745852,4657.6686123043755,0.16684491978609622,0.04540367157926269,0.19623829512431384,0.3125,0.08684998638714948
SULTANBEYLİ,BATTALGAZİ,SULTANBEYLİ|BATTALGAZİ,2022,0.3242682645770915,1487283.6100752433,0.1029219776707601,0.5035602392480775,442.0,0.5374771480804388,147.0,0.3577966716455848,20.0,0.2,0.01675977653631285,0.00032787863898219857,0.24898446230745852,17299.911988559106,0.11791443850267379,0.03577966716455848,0.11075234097513723,0.3125,0.08684998638714948
SULTANBEYLİ,FATİH,SULTANBEYLİ|FATİH,2022,0.177980930919396,816501.0497586686,0.0565029441877346,0.18911990885787525,166.0,0.10968921389396709,30.0,0.107613175188423,4.0,0.1,0.0,0.0002243034672773349,0.24898446230745852,6497.252013802742,0.06407447973713032,0.0538065875942115,0.1981756538585728,0.375,0.08684998638714948
SULTANBEYLİ,HAMİDİYE,SULTANBEYLİ|HAMİDİYE,2022,0.22692547352607273,1040930.2247414696,0.0720337376287235,0.2062090572486471,181.0,0.21572212065813529,59.0,0.5989552839839721,20.0,0.05714285714285714,0.01675977653631285,0.00019184107624812153,0.24898446230745852,7084.353099387327,0.11557006529382219,0.05989552839839722,0.1664917662253794,0.375,0.08684998638714948
SULTANBEYLİ,HASANPAŞA,SULTANBEYLİ|HASANPAŞA,2022,0.24233267607316927,1111578.0553734812,0.0769226602239424,0.15494161207633153,136.0,0.21206581352833637,58.0,0.12006523049154201,6.0,0.07142857142857142,0.002793296089385475,0.00013498440306267134,0.24898446230745852,5323.049842633572,0.15120320855614972,0.04002174349718067,0.29716257668711654,0.25,0.08684998638714948
SULTANBEYLİ,MECİDİYE,SULTANBEYLİ|MECİDİYE,2022,0.1881727313854532,863234.2961712017,0.0597369461703891,0.24836228994588436,218.0,0.06946983546617916,19.0,0.11092610733328953,5.0,0.11428571428571428,0.0,0.0002786201062322839,0.2489844623074586,8532.535777162639,0.030900750625521268,0.044370442933315817,0.1681465934775589,0.3125,0.08684998638714948
SULTANBEYLİ,MEHMET AKİF,SULTANBEYLİ|MEHMET AKİF,2022,0.23094585712700486,1059365.1988288253,0.0733094620289164,0.2574765024209627,222.0,0.5850091407678245,160.0,0.2518970820493341,9.0,0.17142857142857143,0.0111731843575419,0.00023536798192040636,0.24898446230745844,8845.65635614108,0.251005631536605,0.05597712934429647,0.17426138198256375,0.25,0.08684998638714948
SULTANBEYLİ,MİMAR SİNAN,SULTANBEYLİ|MİMAR SİNAN,2022,0.20915384155762123,959440.594062329,0.0663945482418838,0.21760182284249502,191.0,0.14625228519195613,40.0,0.2721173920369678,16.0,0.22857142857142856,0.0335195530726257,0.00021963417849507058,0.24898446230745852,7475.753823110384,0.07425035697287005,0.03401467400462097,0.2625236403893168,0.4375,0.08684998638714948
SULTANBEYLİ,NECİP FAZIL,SULTANBEYLİ|NECİP FAZIL,2022,0.182479321912371,837127.8678988738,0.057930347072876,0.24836228994588436,218.0,0.4460694698354662,122.0,0.3771030693173931,16.0,0.05714285714285714,0.0,0.0002873090725151029,0.24898446230745852,8532.535777162637,0.19841534612176812,0.04713788366467414,0.23268485631256053,0.375,0.08684998638714948
SULTANBEYLİ,ORHANGAZİ,SULTANBEYLİ|ORHANGAZİ,2022,0.1376746647546371,631681.6280166412,0.0437131976533171,0.15380233551694675,135.0,0.1316270566727605,36.0,0.3596244962772353,15.0,0.1,0.019553072625698324,0.00023578716943532924,0.24898446230745852,5283.909770261266,0.09454545454545452,0.04794993283696471,0.21779141104294475,0.3125,0.08684998638714948
SULTANBEYLİ,TURGUT REİS,SULTANBEYLİ|TURGUT REİS,2022,0.16770377199047398,769376.4026224127,0.0532418567613393,0.1344346340074053,118.0,0.12797074954296161,35.0,0.13765804257117806,7.0,0.08571428571428572,0.0111731843575419,0.00016921068813370785,0.24898446230745852,4618.528539932069,0.10516178736517719,0.03933086930605088,0.17759121730707134,0.375,0.08684998638714948
SULTANBEYLİ,YAVUZ SELİM,SULTANBEYLİ|YAVUZ SELİM,2022,0.17110957465877955,784993.2914989626,0.0543225659665982,0.15608088863571631,137.0,0.05850091407678245,16.0,0.04386779115961193,1.0,0.04285714285714286,0.00558659217877095,0.00019254811360405632,0.24898446230745852,5362.189915005877,0.04140676841406767,0.08773558231922386,0.19841782370035516,0.3125,0.08684998638714948
SULTANGAZİ,50. YIL,SULTANGAZİ|50. YIL,2022,0.6187634973069405,3291428.3035185514,0.1363050978106581,1.0,872.75,0.7751371115173674,212.0,0.49419808478250304,26.0,0.12857142857142856,0.0,0.0003412682249479287,0.31716457280985794,39848.981978115975,0.08563216902721316,0.038015237290961776,0.6717993219244429,0.3125,0.08684998638714948
SULTANGAZİ,75. YIL,SULTANGAZİ|75. YIL,2022,0.27505911073553385,1463391.7232498897,0.0606021865217759,0.7188835089718029,631.0,0.4753199268738574,130.0,0.3190696372624898,15.0,0.02857142857142857,0.0,0.0005517955320843846,0.317164572809858,28646.77599338215,0.07304422993804925,0.042542618301665315,0.640892395866968,0.375,0.08684998638714948
SULTANGAZİ,CEBECİ,SULTANGAZİ|CEBECİ,2022,0.5245789693819194,2790495.6152285696,0.1155604019590332,1.0,872.75,0.6910420475319927,189.0,0.5346387047577703,26.0,0.12857142857142856,0.00558659217877095,0.0004025306073068824,0.317164572809858,39848.98197811598,0.07634188653841173,0.04112605421213618,0.6944220213109461,0.5625,0.08684998638714948
SULTANGAZİ,CUMHURİYET,SULTANGAZİ|CUMHURİYET,2022,0.12005667801934222,638991.0809934292,0.0264619896784139,0.24494446026772998,215.0,0.08775137111517367,24.0,0.1663320414801952,9.0,0.014285714285714285,0.0,0.000430579231585347,0.317164572809858,9760.78738284812,0.03957716701902745,0.036962675884487824,0.8008758475944462,0.4375,0.08684998638714948
SULTANGAZİ,ESENTEPE,SULTANGAZİ|ESENTEPE,2022,0.5299906959275478,2819278.5882552005,0.1167523665385085,1.0,872.75,0.9981718464351006,270.0,0.6873763005400649,32.0,0.05714285714285714,0.019553072625698324,0.0003984210355672277,0.31716457280985794,39848.981978115975,0.11027161388881694,0.042961018783754065,0.7599087826929285,0.375,0.08684998638714948
SULTANGAZİ,ESKİ HABİPLER,SULTANGAZİ|ESKİ HABİPLER,2022,0.011122207711283536,59608.90155199804,0.0024685323231088,0.1583594417544859,139.0,0.4570383912248629,125.0,0.36465101401427413,15.0,0.05714285714285714,0.002793296089385475,0.0029840981000526486,0.31716457280985794,6310.462540539015,0.3188358404185742,0.04862013520190322,0.2628350016144656,0.3125,0.08684998638714948
SULTANGAZİ,GAZİ,SULTANGAZİ|GAZİ,2022,0.3004105742063797,1598226.7861664426,0.0661859953562263,0.7496439760751923,658.0,0.643510054844607,176.0,0.5131617653358771,26.0,0.08571428571428572,0.0,0.0005268620329141976,0.31716457280985794,29872.549292623546,0.09483282674772035,0.03947398194891362,0.9230505327736518,0.3125,0.08684998638714948
SULTANGAZİ,HABİBLER,SULTANGAZİ|HABİBLER,2022,0.06552115609502104,348936.7991840495,0.0144502204382443,0.4614070065508402,405.0,0.29250457038391225,80.0,0.16804562707236756,9.0,0.02857142857142857,0.00558659217877095,0.0014853119155022556,0.317164572809858,18386.599488620875,0.07003367003367,0.037343472682748347,0.3817706651598321,0.375,0.08684998638714948
SULTANGAZİ,MALKOÇOĞLU,SULTANGAZİ|MALKOÇOĞLU,2022,0.11508027963432435,612523.4575320317,0.0253659086849848,0.13785246368555967,121.0,0.13893967093235832,38.0,0.1828967022045279,12.0,0.014285714285714285,0.0,0.0002527970838299405,0.317164572809858,5493.280341044755,0.11134485349361382,0.03048278370075464,0.599148369389732,0.3125,0.08684998638714948
SULTANGAZİ,SULTANÇİFTLİĞİ,SULTANGAZİ|SULTANÇİFTLİĞİ,2022,0.32505356243544764,1729293.7311631057,0.0716137583545624,0.46482483622899456,408.0,0.7093235831809872,194.0,0.3190696372624898,15.0,0.07142857142857142,0.0,0.0003019262067401643,0.317164572809858,18522.796521869917,0.16858288770053473,0.042542618301665315,0.9257749434937035,0.3125,0.08684998638714948
SULTANGAZİ,UĞUR MUMCU,SULTANGAZİ|UĞUR MUMCU,2022,0.39085640145792255,2079274.707602064,0.0861072204100433,0.6847052121902591,601.0,0.720292504570384,197.0,0.7110237817120432,30.0,0.08571428571428572,0.00558659217877095,0.00036988951085841566,0.31716457280985794,27284.80566089171,0.11621539857812735,0.04740158544746956,0.9150589279948336,0.3125,0.08684998638714948
SULTANGAZİ,YAYLA,SULTANGAZİ|YAYLA,2022,0.06932814353879116,369184.75812707393,0.0152887317985692,0.17658786670464255,155.0,0.054844606946983544,15.0,0.10018763762234287,6.0,0.0,0.0,0.0005372758874543192,0.31716457280985794,7036.846717867247,0.0343108504398827,0.033395879207447625,0.26477236034872453,0.1875,0.08684998638714948
SULTANGAZİ,YUNUS EMRE,SULTANGAZİ|YUNUS EMRE,2022,0.4551996107654093,2421492.4531458276,0.1002791904417225,0.6881230418684136,604.0,1.0,270.0,0.49591167037467543,23.0,0.1,0.0,0.00031920025789689715,0.317164572809858,27421.002694140763,0.16054334738109569,0.04312275394562395,0.6673292702615434,0.375,0.08684998638714948
SULTANGAZİ,ZÜBEYDE HANIM,SULTANGAZİ|ZÜBEYDE HANIM,2022,0.27531518612412825,1464753.69358238,0.0606585886312148,1.0,872.75,0.7276051188299817,199.0,0.47055060361052486,24.0,0.02857142857142857,0.0,0.0007668592334715112,0.317164572809858,39848.98197811598,0.08038113979441235,0.03921255030087707,0.6640498869874071,0.3125,0.08684998638714948
SULTANGAZİ,İSMETPAŞA,SULTANGAZİ|İSMETPAŞA,2022,0.46255751026435515,2460626.400699386,0.1018998110529333,0.9045855881515238,794.0,0.6544789762340036,179.0,0.42736824668778184,23.0,0.11428571428571428,0.0,0.0004129374179647837,0.31716457280985794,36046.81479991351,0.07992901305243873,0.03716245623372016,0.6021452211817888,0.375,0.08684998638714948
SİLİVRİ,AKÖREN,SİLİVRİ|AKÖREN,2022,0.01163435848847234,75219.48119562108,0.0056912624820205,0.3315294787809741,291.0,0.14990859232175502,25.0,0.24504273968064474,9.0,0.014285714285714285,0.002793296089385475,0.005974278633472972,0.4194058171661779,15942.366371395288,0.04995313964386129,0.05445394215125439,0.17501816273813367,0.5,0.08684998638714948
SİLİVRİ,ALİBEY,SİLİVRİ|ALİBEY,2022,0.15417445562640308,990070.2579513944,0.0749107760925524,0.5673597265736258,498.0,0.30347349177330896,52.0,0.09870253010912684,6.0,0.014285714285714285,0.0,0.0007767587368646221,0.4194058171661781,27282.81255310947,0.05909090909090906,0.03290084336970894,0.3316717791411043,0.25,0.08684998638714948
SİLİVRİ,ALİPAŞA,SİLİVRİ|ALİPAŞA,2022,0.0,547.8476416287042,4.145129265856155e-05,0.11962403873540302,104.0,0.30347349177330896,61.0,0.6841776074346766,14.0,0.014285714285714285,0.1564245810055866,0.2959731543624161,0.4194058171661779,5752.400237101394,0.2802597402597402,0.09773965820495381,0.4163555456893768,0.5,0.08684998638714948
SİLİVRİ,BEKİRLİ,SİLİVRİ|BEKİRLİ,2022,0.01758384335014895,113404.46181714175,0.0085804175803222,0.0364568499003133,32.0,0.003656307129798903,1.0,0.0,0.0,0.0,0.002793296089385475,0.0004357552767240541,0.4194058171661779,1753.112453211853,0.011079545454545453,0.0,0.10090410074265421,0.375,0.08684998638714948
SİLİVRİ,BEYCİLER,SİLİVRİ|BEYCİLER,2022,0.011856290491920822,76643.88506385572,0.0057990358429327,0.10139561378524636,89.0,0.10237659963436929,24.0,0.2396735048251714,2.0,0.0,0.00558659217877095,0.0017932271852857506,0.4194058171661781,4875.844010495468,0.11154239019407558,0.2396735048251714,0.3940910558605102,0.3125,0.08684998638714948
SİLİVRİ,BÜYÜK KILIÇLI,SİLİVRİ|BÜYÜK KILIÇLI,2022,0.010473483393511049,67768.7532694707,0.005127524901864,0.06038165764739391,53.0,0.10603290676416818,21.0,0.008339449881905393,1.0,0.014285714285714285,0.01675977653631285,0.0012077281580789203,0.4194058171661779,2903.592500632132,0.19399656946826757,0.016678899763810786,0.2256215692605747,0.375,0.08684998638714948
SİLİVRİ,BÜYÜK SİNEKLİ,SİLİVRİ|BÜYÜK SİNEKLİ,2022,0.03448481899737949,221878.29485962517,0.0167877735267174,0.07861008259755055,69.0,0.021937842778793418,4.0,0.0,0.0,0.0,0.0,0.0004802386278896347,0.4194058171661779,3780.148727238058,0.030830039525691688,0.0,0.10009686793671295,0.25,0.08684998638714948
SİLİVRİ,BÜYÜK ÇAVUŞLU,SİLİVRİ|BÜYÜK ÇAVUŞLU,2022,0.027553711812757675,177393.0663593744,0.0134219285628422,0.168612930788949,148.0,0.263254113345521,50.0,0.1138963223597216,3.0,0.0,0.008379888268156424,0.0012883916246253593,0.4194058171661779,8108.145096104821,0.17248157248157248,0.07593088157314773,0.5174614546335163,0.25,0.08684998638714948
SİLİVRİ,CUMHURİYET,SİLİVRİ|CUMHURİYET,2022,0.0758580659479484,487420.0467570581,0.0368792150783222,0.8316718883508972,730.0,0.4716636197440585,110.0,0.1453120582162145,7.0,0.0,0.0,0.002312822435433707,0.4194058171661779,39992.8778388954,0.0626525529265255,0.04151773091891843,0.3763521149499516,0.3125,0.08684998638714948
SİLİVRİ,DANAMANDIRA,SİLİVRİ|DANAMANDIRA,2022,0.009184570604252559,59496.25388087727,0.0045016103827197,0.05012816861293079,44.0,0.04021937842778794,10.0,0.0,0.0,0.0,0.0,0.0011420519856131116,0.4194058171661779,2410.5296231662983,0.08863636363636362,0.0,0.034019096821809126,0.4375,0.08684998638714948
SİLİVRİ,DEĞİRMENKÖY FEVZİPAŞA,SİLİVRİ|DEĞİRMENKÖY FEVZİPAŞA,2022,0.028714586907718966,184843.7942855248,0.0139856661429986,0.21418399316434064,188.0,0.09872029250457039,15.0,0.049465504094041574,3.0,0.0,0.08379888268156424,0.0015706368876883235,0.4194058171661779,10299.53566261964,0.050918762088974834,0.03297700272936104,0.7303438811753309,0.1875,0.08684998638714948
SİLİVRİ,DEĞİRMENKÖY İSMETPAŞA,SİLİVRİ|DEĞİRMENKÖY İSMETPAŞA,2022,0.028236579515676083,181775.84749240405,0.0137535389041107,0.10025633722586158,88.0,0.113345521023766,20.0,0.034157472803968664,2.0,0.0,0.0,0.0007476000339818198,0.4194058171661779,4821.059246332597,0.12489669421487604,0.034157472803968664,0.6315083144979011,0.125,0.08684998638714948
SİLİVRİ,FATİH,SİLİVRİ|FATİH,2022,0.05806082644063746,373193.8134774733,0.0282366205590121,0.1708914839077186,150.0,0.04753199268738574,9.0,0.016107704566420005,1.0,0.0,0.0,0.0006206969934619917,0.4194058171661779,8217.714624430562,0.0307272727272727,0.03221540913284001,0.5872618663222473,0.1875,0.08684998638714948
SİLİVRİ,FENER,SİLİVRİ|FENER,2022,0.01279523358343363,82670.20912177146,0.0062550000621769,0.27456565081173456,234.0,0.21937842778793418,34.0,0.05426354375212413,3.0,0.0,0.002793296089385475,0.004501847972567283,0.4194058171661779,13203.128163251771,0.08826857789513388,0.036175695834749416,0.11931909912818857,0.5,0.08684998638714948
SİLİVRİ,GAZİTEPE,SİLİVRİ|GAZİTEPE,2022,0.010994170016986334,71110.6238834058,0.0053803777870812,0.24152663058957563,212.0,0.12431444241316271,31.0,0.2072296176133751,10.0,0.0,0.0,0.004603882069471878,0.4194058171661779,11614.370002528529,0.05686106346483703,0.04144592352267502,0.14429286406199548,0.375,0.08684998638714948
SİLİVRİ,GÜMÜŞYAKA,SİLİVRİ|GÜMÜŞYAKA,2022,0.07246933497221582,465670.49538439856,0.0352335987597773,1.0,872.75,0.9616087751371115,198.0,1.0,50.0,0.0,0.00558659217877095,0.002910817212791157,0.4194058171661779,48087.32674395951,0.10623236063281633,0.04,0.6315083144979011,0.125,0.08684998638714948
SİLİVRİ,KADIKÖY,SİLİVRİ|KADIKÖY,2022,0.012325762037677225,79657.04709281359,0.0060270179525548,0.06835659356308744,60.0,0.051188299817184646,9.0,0.1198367524125857,4.0,0.0,0.0,0.0011631878733048384,0.4194058171661779,3287.085849772225,0.08272727272727272,0.05991837620629285,0.21287882282393095,0.4375,0.08684998638714948
SİLİVRİ,KAVAKLI HÜRRİYET,SİLİVRİ|KAVAKLI HÜRRİYET,2022,0.014946266847626608,96475.9696908148,0.0072995726371726,0.12076331529478782,106.0,0.16453382084095064,42.0,0.0,0.0,0.0,0.0,0.00169671746910122,0.4194058171661779,5807.185001264264,0.15051457975986277,0.0,0.37150871811430414,0.3125,0.08684998638714948
SİLİVRİ,KAVAKLI İSTİKLAL,SİLİVRİ|KAVAKLI İSTİKLAL,2022,0.017310696268981587,111651.34936392993,0.0084477734438148,0.0968385075477072,85.0,0.14990859232175502,35.0,0.14599749245308344,7.0,0.014285714285714285,0.0,0.0011756492415909794,0.4194058171661779,4656.704953843985,0.17101604278074867,0.041713569272309556,0.4526356151113981,0.3125,0.08684998638714948
SİLİVRİ,KURFALLI,SİLİVRİ|KURFALLI,2022,0.04191100526661716,269541.03968132247,0.0203940359880122,0.08202791227570493,72.0,0.007312614259597806,2.0,0.010852708750424827,1.0,0.014285714285714285,0.0,0.0004125061384842037,0.4194058171661779,3944.50301972667,0.00984848484848482,0.021705417500849655,0.14199225056506296,0.3125,0.08684998638714948
SİLİVRİ,KÜÇÜK KILIÇLI,SİLİVRİ|KÜÇÜK KILIÇLI,2022,0.027314708116736235,175859.09296281403,0.0133058649433982,0.08772429507262888,77.0,0.06581352833638025,7.0,0.13320272003153,4.0,0.0,0.0,0.0006761588157812206,0.4194058171661779,4218.426840541022,0.08288075560802831,0.06660136001576498,0.3122981917985147,0.25,0.08684998638714948
SİLİVRİ,KÜÇÜK SİNEKLİ,SİLİVRİ|KÜÇÜK SİNEKLİ,2022,0.012291618652531306,79437.9080361621,0.0060104374354914,0.011392765593847906,10.0,0.0,0.0,0.0,0.0,0.0,0.0,0.00019439944457301552,0.4194058171661779,547.8476416287042,0.0,0.0,0.05665765256700032,0.5,0.08684998638714948
SİLİVRİ,MİMAR SİNAN,SİLİVRİ|MİMAR SİNAN,2022,0.20875265678215665,1340364.0400087878,0.1014147326184367,1.0,872.75,1.0,270.0,1.0,36.0,0.02857142857142857,0.01675977653631285,0.0010112787668080125,0.4194058171661781,48087.326743959515,0.11047357655161698,0.05555555555555556,0.3627754681950275,0.25,0.08684998638714948
SİLİVRİ,ORTAKÖY,SİLİVRİ|ORTAKÖY,2022,0.03517622254658438,226315.8607568177,0.0171235289972517,0.40558245514098545,356.0,0.40219378427787933,81.0,0.11001219501746429,4.0,0.0,0.002793296089385475,0.0024291695301038637,0.4194058171661781,19503.376041981872,0.1095505617977528,0.055006097508732144,0.3143414998385535,0.25,0.08684998638714948
SİLİVRİ,PİRİ MEHMET PAŞA,SİLİVRİ|PİRİ MEHMET PAŞA,2022,0.07008783385828787,450385.54618295765,0.0340771076946034,0.29735118199943034,261.0,0.13893967093235832,32.0,0.07916765435836215,4.0,0.014285714285714285,0.0,0.0008949090110528854,0.4194058171661779,14298.823446509175,0.05161964472309297,0.039583827179181075,0.4481403374233129,0.25,0.08684998638714948
SİLİVRİ,SAYALAR,SİLİVRİ|SAYALAR,2022,0.07673725811545586,493062.87746583374,0.0373061633927054,0.05696382796923953,50.0,0.021937842778793418,6.0,0.016107704566420005,1.0,0.014285714285714285,0.002793296089385475,0.00015659955257270693,0.4194058171661779,2739.2382081435208,0.04254545454545454,0.03221540913284001,0.09698325568522535,0.4375,0.08684998638714948
SİLİVRİ,SELİMPAŞA,SİLİVRİ|SELİMPAŞA,2022,0.19946565602246635,1280758.2165995846,0.0969048319771852,1.0,872.75,1.0,270.0,0.9485267447871297,34.0,0.05714285714285714,0.00558659217877095,0.0010583431563318006,0.4194058171661779,48087.32674395951,0.11047357655161698,0.05579569086983117,0.3374233128834356,0.375,0.08684998638714948
SİLİVRİ,SEMİZKUMLAR,SİLİVRİ|SEMİZKUMLAR,2022,0.2544621136462575,1633736.452100959,0.1236118998370964,1.0,872.75,0.5959780621572212,107.0,0.36396557977740523,8.0,0.014285714285714285,0.00558659217877095,0.0008296819794347888,0.4194058171661779,48087.32674395951,0.06583982807281011,0.09099139494435131,0.5098936470778173,0.25,0.08684998638714948
SİLİVRİ,SEYMEN,SİLİVRİ|SEYMEN,2022,0.008774849982501515,56866.5852010595,0.0043026441779586,0.7724295072628881,678.0,1.0,251.0,0.9027168899563891,29.0,0.014285714285714285,0.013966480446927373,0.01841176242386624,0.4194058171661781,37144.07010242615,0.14302091713596138,0.062256337238371665,0.07709073296738779,0.4375,0.08684998638714948
SİLİVRİ,SEYMEN MAHALLE,SİLİVRİ|SEYMEN MAHALLE,2022,0.3709593437641375,2381438.913395814,0.1801846240575012,0.0,0.0,0.0,0.0,0.0,0.0,0.11428571428571428,0.0,0.0,0.4194058171661779,0.0,0.0,0.0,0.4418212181143042,0.5,0.08684998638714948
SİLİVRİ,YOLÇATI,SİLİVRİ|YOLÇATI,2022,0.03388730975732589,218043.36136822423,0.0164976144781075,0.02278553118769581,20.0,0.010968921389396709,3.0,0.0,0.0,0.0,0.002793296089385475,0.0001416478364979259,0.4194058171661779,1095.6952832574084,0.05318181818181818,0.0,0.3305618340329351,0.1875,0.08684998638714948
SİLİVRİ,ÇANTA BALABAN,SİLİVRİ|ÇANTA BALABAN,2022,0.035492048859184146,228342.89703084392,0.0172768987800884,1.0,872.75,0.8409506398537477,169.0,0.7500935332135727,46.0,0.0,0.10614525139664804,0.005936167540481006,0.4194058171661781,48087.326743959515,0.09290282488801427,0.032612762313633595,0.39973159509202455,0.375,0.08684998638714948
SİLİVRİ,ÇANTA SANCAKTEPE,SİLİVRİ|ÇANTA SANCAKTEPE,2022,0.05141140218346948,330516.48219459725,0.0250075648609101,0.7712902307035032,675.0,0.5850091407678245,106.0,0.5321254458892509,24.0,0.02857142857142857,0.061452513966480445,0.003163139644705796,0.4194058171661781,37089.285338263275,0.08379213105948703,0.04434378715743758,0.48575234097513725,0.3125,0.08684998638714948
SİLİVRİ,ÇAYIRDERE,SİLİVRİ|ÇAYIRDERE,2022,0.012009935725077463,77630.01081878738,0.0058736481697181,0.12645969809171176,111.0,0.08775137111517367,24.0,0.2165972188505839,3.0,0.014285714285714285,0.00558659217877095,0.002208086845732311,0.4194058171661779,6081.108822078616,0.07665847665847665,0.14439814590038924,0.19679182619124497,0.4375,0.08684998638714948
SİLİVRİ,ÇELTİK,SİLİVRİ|ÇELTİK,2022,0.008868744291652795,57469.21760685107,0.0043482405998831,0.07974935915693535,70.0,0.19012797074954296,51.0,0.15924922103254954,4.0,0.014285714285714285,0.008379888268156424,0.0018809860461545351,0.4194058171661779,3834.933491400929,0.2633766233766234,0.07962461051627477,0.5613439273029199,0.4375,0.08684998638714948
TUZLA,AKFIRAT,TUZLA|AKFIRAT,2022,0.022833388816334194,236798.51178199303,0.0095645204381512,0.43178581600683563,379.0,0.13893967093235832,38.0,0.23521818228552335,12.0,0.02857142857142857,0.01675977653631285,0.003978853436316598,0.783330933939227,33425.19030367798,0.03554809306788197,0.03920303038092056,0.22279625443978046,0.1875,0.08684998638714948
TUZLA,ANADOLU,TUZLA|ANADOLU,2022,0.07161575034356782,740822.1597648944,0.0299225220411434,0.026203360865850185,23.0,0.021937842778793418,6.0,0.5401221786527218,11.0,0.014285714285714285,0.03910614525139665,7.718120805369128e-05,0.783330933939227,2028.441627927687,0.09249011857707509,0.09820403248231306,0.1545850823377462,0.25,0.08684998638714948
TUZLA,AYDINLI,TUZLA|AYDINLI,2022,0.5564518194156359,5750191.049603705,0.2322557663193517,1.0,872.75,1.0,270.0,0.442904756056811,17.0,0.21428571428571427,0.5810055865921788,0.0003794777041215465,0.7833309339392271,77411.50603971859,0.11047357655161698,0.05210644188903659,0.2823296738779464,0.75,0.08684998638714948
TUZLA,AYDINTEPE,TUZLA|AYDINTEPE,2022,0.23102267974358318,2387828.568527919,0.0964467005076142,0.42039305041298775,369.0,0.3912248628884826,107.0,0.20311701219216147,13.0,0.07142857142857142,0.00558659217877095,0.00038416776664373757,0.783330933939227,32543.25916110072,0.10280857354028086,0.03124877110648638,0.5089746990174824,0.4375,0.08684998638714948
TUZLA,CAMİ,TUZLA|CAMİ,2022,0.048679931371795854,503847.2617543859,0.0203508771929824,0.10253489034463116,90.0,0.13893967093235832,34.0,0.07299874622654172,3.0,0.014285714285714285,0.0,0.00044405964496374106,0.783330933939227,7937.380283195297,0.1496969696969697,0.04866583081769448,0.31683887633193414,0.125,0.08684998638714948
TUZLA,EVLİYA ÇELEBİ,TUZLA|EVLİYA ÇELEBİ,2022,0.11691548658591756,1208863.0171306438,0.0488271440021373,0.2073483338080319,182.0,0.18647166361974407,40.0,0.2579517511416764,8.0,0.11428571428571428,0.00558659217877095,0.0003742760153412038,0.783330933939227,16051.146794906046,0.09935064935064934,0.0644879377854191,0.35770503713270907,0.25,0.08684998638714948
TUZLA,FATİH,TUZLA|FATİH,2022,0.009201642296825518,95954.10831240535,0.003875679045329,0.027342637425234975,24.0,0.018281535648994516,5.0,0.09356177333260982,3.0,0.02857142857142857,0.008379888268156424,0.0006217923410975129,0.783330933939227,2116.6347421854125,0.07386363636363634,0.06237451555507321,0.12770422989990313,0.3125,0.08684998638714948
TUZLA,MESCİT,TUZLA|MESCİT,2022,0.004302066528385957,45331.26072847092,0.0018309733725175,0.0854457419538593,75.0,0.07678244972577697,21.0,0.0,0.0,0.04285714285714286,0.0446927374301676,0.004113023267960202,0.783330933939227,6614.483569329414,0.09927272727272728,0.0,0.4136059089441395,0.1875,0.08684998638714948
TUZLA,MİMAR SİNAN,TUZLA|MİMAR SİNAN,2022,0.23377975809411625,2416314.944433164,0.0975972927241962,0.3793790942751353,333.0,0.4570383912248629,125.0,0.4591266996627092,17.0,0.02857142857142857,0.0,0.0003426008168920379,0.783330933939227,29368.3070478226,0.13308763308763305,0.05401490584267167,0.7326142234420406,0.125,0.08684998638714948
TUZLA,ORHANLI,TUZLA|ORHANLI,2022,0.0163205380997499,169507.16560334846,0.006846558019414,0.09342067786955284,82.0,0.051188299817184646,14.0,0.0,0.0,0.02857142857142857,0.9972067039106145,0.0012026063454594975,0.783330933939227,7231.835369133493,0.06053215077605319,0.0,0.22859824023248304,0.375,0.08684998638714948
TUZLA,ORTA,TUZLA|ORTA,2022,0.08461584423787696,875140.2727794105,0.0353477602636031,0.11620620905724864,102.0,0.20109689213893966,55.0,0.40440619975267245,8.0,0.05714285714285714,0.055865921787709494,0.0002897478368673687,0.7833309339392271,8995.697654288006,0.19117647058823528,0.10110154993816811,0.3891114384888602,0.25,0.08684998638714948
TUZLA,POSTANE,TUZLA|POSTANE,2022,0.18038803957218338,1864667.014751091,0.075315700418559,0.391911136428368,344.0,0.2961608775137112,76.0,0.17387181808575353,6.0,0.2,0.00558659217877095,0.0004586219692239518,0.783330933939227,30338.43130465758,0.08348308668076107,0.05795727269525117,0.20422989990313206,0.25,0.08684998638714948
TUZLA,TEPEÖREN,TUZLA|TEPEÖREN,2022,0.056643875957081764,586131.437356844,0.0236744144625523,0.39646824266590713,348.0,0.29250457038391225,80.0,0.6539042619729654,30.0,0.2,0.19553072625698323,0.0014759849493160343,0.7833309339392271,30691.203761688488,0.08150470219435733,0.043593617464864357,0.2431068084321233,0.4375,0.08684998638714948
TUZLA,YAYLA,TUZLA|YAYLA,2022,0.20904287555589698,2160731.2993142754,0.0872740226200017,0.2802620336086585,246.0,0.6873857404021938,95.0,0.183010941244006,7.0,0.14285714285714285,0.0223463687150838,0.00028302972195589645,0.783330933939227,21695.50610740048,0.2709534368070953,0.052288840355430286,0.4400427833387149,0.3125,0.08684998638714948
TUZLA,İSTASYON,TUZLA|İSTASYON,2022,0.1859960905824008,1922609.8908184168,0.0776560691067771,0.23013386499572772,202.0,0.43875685557586835,66.0,0.10784165326737932,4.0,0.08571428571428572,0.06983240223463687,0.0002611908133735608,0.783330933939227,17815.009080060558,0.2106210621062106,0.05392082663368966,0.4494874071682273,0.3125,0.08684998638714948
TUZLA,İÇMELER,TUZLA|İÇMELER,2022,0.09391991669014024,971270.7673203312,0.039230563718942,0.3053261179151239,268.0,0.10237659963436929,28.0,0.04203996652796143,5.0,0.08571428571428572,0.00558659217877095,0.0006859495519937694,0.7833309339392271,23635.75462107045,0.03704206241519674,0.01681598661118457,0.4932444704552793,0.25,0.08684998638714948
TUZLA,ŞİFA,TUZLA|ŞİFA,2022,0.2730446510119246,2822003.270018702,0.1139834357467272,0.40444317858160067,355.0,0.5009140767824497,137.0,0.36556492633009935,13.0,0.0,0.019553072625698324,0.0003127292771234444,0.7833309339392271,31308.555561492565,0.13682458386683735,0.05624075789693836,0.5564861155957379,0.1875,0.08684998638714948
ZEYTİNBURNU,BEŞTELSİZ,ZEYTİNBURNU|BEŞTELSİZ,2022,0.17996978310414585,1180315.3480116366,0.0698925800017229,0.24836228994588436,218.0,0.39488117001828155,108.0,0.41320260579249046,19.0,0.11428571428571428,0.0,0.00029131347506177206,0.4321537734298099,12198.195973572429,0.1756463719766472,0.04349501113605162,0.33776926980026756,0.4375,0.08684998638714948
ZEYTİNBURNU,GÖKALP,ZEYTİNBURNU|GÖKALP,2022,0.1664575384326479,1091738.5396347323,0.0646474887841858,0.31557960694958703,277.0,0.5959780621572212,163.0,0.7756830780566796,30.0,0.014285714285714285,0.0,0.00040018726314772023,0.4321537734298099,15499.542590273222,0.20863144076140466,0.05171220520377864,0.32470939618986117,0.375,0.08684998638714948
ZEYTİNBURNU,KAZLIÇEŞME,ZEYTİNBURNU|KAZLIÇEŞME,2022,0.041262280948844675,271046.15273387544,0.0160500453933984,0.22557675875818856,198.0,0.19378427787934185,53.0,0.44598921012272125,14.0,0.11428571428571428,0.013966480446927373,0.0011521899367653336,0.4321537734298099,11079.095425538262,0.09490358126721762,0.06371274430324589,0.318222703999262,0.875,0.08684998638714948
ZEYTİNBURNU,MALTEPE,ZEYTİNBURNU|MALTEPE,2022,0.08186730173363038,537224.2180838021,0.0318118261399707,0.28709769296496723,252.0,0.2376599634369287,65.0,0.312558012012235,11.0,0.17142857142857143,0.0670391061452514,0.0007398558175917079,0.4321537734298097,14100.666905230511,0.09145021645021643,0.05682872945677,0.32319583467872137,0.75,0.08684998638714948
ZEYTİNBURNU,MERKEZEFENDİ,ZEYTİNBURNU|MERKEZEFENDİ,2022,0.2196529324899917,1440450.2704021789,0.0852965149798214,0.2540586727428083,223.0,0.2340036563071298,64.0,0.11892284009676046,5.0,0.1,0.0,0.00024417923475385375,0.4321537734298099,12477.97111058097,0.10175295556461474,0.047569136038704184,0.3572005166289958,0.375,0.08684998638714948
ZEYTİNBURNU,NURİPAŞA,ZEYTİNBURNU|NURİPAŞA,2022,0.24200831391428304,1586996.4871672532,0.0939742748653108,0.37026488180005696,325.0,0.5338208409506399,146.0,0.45741311407053686,23.0,0.014285714285714285,0.0,0.0003230052120972906,0.4321537734298099,18185.383905555223,0.15927272727272726,0.03977505339743798,0.34771553115918635,0.25,0.08684998638714948
ZEYTİNBURNU,SEYİTNİZAM,ZEYTİNBURNU|SEYİTNİZAM,2022,0.20374211501199285,1336150.0993253945,0.0791203620869035,0.5103958986043862,448.0,0.6106032906764168,167.0,1.0,40.0,0.07142857142857142,0.0,0.0005288407353516935,0.4321537734298099,25067.852275965357,0.13216314935064932,0.05,0.2924017377520768,0.6875,0.08684998638714948
ZEYTİNBURNU,SÜMER,ZEYTİNBURNU|SÜMER,2022,0.3626881087125383,2378088.6645726063,0.1408189366679257,0.41925377385360296,368.0,0.6617915904936015,181.0,0.4992246025195419,24.0,0.14285714285714285,0.0,0.0002440742202921437,0.4321537734298099,20591.450083828684,0.17438241106719365,0.04160205020996183,0.23752825314820794,0.375,0.08684998638714948
ZEYTİNBURNU,TELSIZ,ZEYTİNBURNU|TELSIZ,2022,0.30891227710771385,2025571.9919418432,0.1199446001736214,0.44431785816006836,390.0,0.9652650822669104,264.0,0.3109586654595408,14.0,0.014285714285714285,0.0,0.00030368200526530463,0.4321537734298099,21822.46068666627,0.24,0.044422666494220116,0.3316717791411043,0.25,0.08684998638714948
ZEYTİNBURNU,VELIEFENDI,ZEYTİNBURNU|VELIEFENDI,2022,0.32769113893797003,2148673.052225602,0.1272340510129023,0.27684420393050413,243.0,0.2595978062157221,71.0,0.30239073749867906,11.0,0.02857142857142857,0.0,0.00017837667785234901,0.4321537734298099,13597.071658615136,0.1035914702581369,0.054980134090668924,0.3053358088472715,0.375,0.08684998638714948
ZEYTİNBURNU,YEŞILTEPE,ZEYTİNBURNU|YEŞILTEPE,2022,0.20904287555589698,1370898.1713418553,0.0811779752556277,0.20506978068926232,180.0,0.226691042047532,62.0,0.18735202474417592,5.0,0.02857142857142857,0.0,0.00020709491850431447,0.4321537734298097,10071.904932307509,0.12212121212121209,0.07494080989767038,0.3654746528898935,0.375,0.08684998638714948
ZEYTİNBURNU,ÇIRPICI,ZEYTİNBURNU|ÇIRPICI,2022,0.23185065683337175,1520410.00455922,0.0900313446386089,0.337225861577898,296.0,0.643510054844607,176.0,0.24481426160168845,8.0,0.014285714285714285,0.0,0.0003070669866433765,0.4321537734298097,16562.68811090568,0.2108108108108108,0.061203565400422114,0.33469890216338394,0.25,0.08684998638714948
ÇATALCA,AKALAN,ÇATALCA|AKALAN,2022,0.006589673333162616,36977.16985771331,0.0074526584642949,0.0843064653944745,74.0,0.003656307129798903,1.0,0.03609953647509732,2.0,0.0,0.0,0.0026673990284762877,0.33771327640930593,3499.1183752823335,0.004791154791154786,0.03609953647509732,0.1989021633839199,0.3125,0.08684998638714948
ÇATALCA,ATATÜRK,ÇATALCA|ATATÜRK,2022,0.010243015543776088,57215.31397421113,0.0115316070866967,0.2460837368271148,216.0,0.12431444241316271,34.0,0.2999917176696378,8.0,0.08571428571428572,0.0111731843575419,0.005031893061179211,0.33771327640930593,10213.642825148432,0.05580808080808081,0.07499792941740945,0.14217387794639974,0.25,0.08684998638714948
ÇATALCA,AYDINLAR,ÇATALCA|AYDINLAR,2022,0.0061287376336926925,34423.7591514262,0.0069380247595993,0.06835659356308744,60.0,0.018281535648994516,5.0,0.011195425868859294,1.0,0.0,0.0,0.002323180175529169,0.337713276409306,2837.123006985676,0.02954545454545453,0.022390851737718587,0.11059089441394901,0.375,0.08684998638714948
ÇATALCA,BAHŞAYİŞ,ÇATALCA|BAHŞAYİŞ,2022,0.031753348185705875,176374.48026760953,0.035547846639156,0.0729136998006266,64.0,0.051188299817184646,14.0,0.0376988830277915,4.0,0.0,0.0,0.0004836533098224086,0.337713276409306,3026.2645407847212,0.07755681818181817,0.01884944151389575,0.3580077494349371,0.25,0.08684998638714948
ÇATALCA,BAŞAK,ÇATALCA|BAŞAK,2022,0.03209478203716507,178265.89560559997,0.0359290567907823,0.07747080603816577,68.0,0.007312614259597806,2.0,0.17581388175688217,7.0,0.0,0.0,0.0005084293165755791,0.337713276409306,3215.4060745837664,0.010427807486630997,0.05023253764482347,0.05650629641588634,0.25,0.08684998638714948
ÇATALCA,BELGRAT,ÇATALCA|BELGRAT,2022,0.004216708065521156,23831.83325867968,0.0048032479104918,0.06607804044431786,58.0,0.0,0.0,0.011195425868859294,1.0,0.0,0.00558659217877095,0.003243847874720358,0.337713276409306,2742.5522400861537,0.0,0.022390851737718587,0.11438488860187278,0.3125,0.08684998638714948
ÇATALCA,CELEPKÖY,ÇATALCA|CELEPKÖY,2022,0.0014596297149880924,8558.654404406789,0.0017249759361091,0.02164625462831102,19.0,0.0,0.0,0.06728679425263391,3.0,0.0,0.0,0.0029589528718157883,0.33771327640930593,898.422285545464,0.0,0.04485786283508928,0.045003228931223764,0.25,0.08684998638714948
ÇATALCA,DAĞYENİCE,ÇATALCA|DAĞYENİCE,2022,0.06256775327989894,347074.71452124766,0.0699520628234329,0.07405297636001139,65.0,0.05850091407678245,16.0,0.011195425868859294,1.0,0.0,0.0,0.00024962054020445114,0.33771327640930593,3073.549924234482,0.08727272727272725,0.022390851737718587,0.12814820794317083,0.375,0.08684998638714948
ÇATALCA,ELBASAN,ÇATALCA|ELBASAN,2022,0.0049337191535854825,27803.805468459625,0.0056037892289071,0.06493876388493307,57.0,0.03656307129798903,10.0,0.09984492050390839,3.0,0.0,0.0,0.0027325023969319274,0.337713276409306,2695.2668566363923,0.062200956937799014,0.06656328033593892,0.22457216661285115,0.3125,0.08684998638714948
ÇATALCA,FATİH,ÇATALCA|FATİH,2022,0.0010072298618046486,6052.529081569442,0.0012198724852042,0.2460837368271148,216.0,0.16087751371115175,44.0,0.24709904239125152,6.0,0.0,0.002793296089385475,0.047567114093959736,0.33771327640930593,10213.642825148432,0.07222222222222222,0.08236634746375052,0.1608814982240878,0.3125,0.08684998638714948
ÇATALCA,FERHATPAŞA,ÇATALCA|FERHATPAŞA,2022,0.20811246831067065,1153337.787723127,0.2324524202079501,0.7462261463970379,655.0,0.9250457038391224,253.0,0.6165480960636083,25.0,0.08571428571428572,0.0,0.0007569631113247571,0.337713276409306,30971.926159593633,0.13694656488549617,0.04932384768508866,0.1599474145486415,0.4375,0.08684998638714948
ÇATALCA,GÖKÇEALİ,ÇATALCA|GÖKÇEALİ,2022,0.016832688876938704,93719.62999742683,0.018888963013085,0.15266305895756194,134.0,0.003656307129798903,1.0,0.29690726360372754,10.0,0.014285714285714285,0.0,0.0019057422845881393,0.337713276409306,6336.24138226801,0.0026458616010854533,0.05938145272074551,0.26598320955763644,0.25,0.08684998638714948
ÇATALCA,GÜMÜŞPINAR,ÇATALCA|GÜMÜŞPINAR,2022,0.008843136752793355,49460.51108845029,0.0099686454650287,0.03873540301908288,34.0,0.15356489945155394,42.0,0.011195425868859294,1.0,0.0,0.002793296089385475,0.000916242124039165,0.337713276409306,1607.7030372918832,0.43796791443850264,0.022390851737718587,0.05481110752340975,0.3125,0.08684998638714948
ÇATALCA,HALLAÇLI,ÇATALCA|HALLAÇLI,2022,0.009158963065393119,51210.07027609145,0.010321264855283,0.21532326972372542,189.0,0.04753199268738574,13.0,0.011195425868859294,1.0,0.02857142857142857,0.0,0.004919221402145421,0.33771327640930593,8936.937472004878,0.024386724386724352,0.022390851737718587,0.13844042621892155,0.1875,0.08684998638714948
ÇATALCA,HİSARBEYLİ,ÇATALCA|HİSARBEYLİ,2022,0.030216895854139458,167863.11124665252,0.0338324009568374,0.01708914839077186,15.0,0.0,0.0,0.06728679425263391,3.0,0.0,0.0,0.00011910388505529823,0.3377132764093061,709.2807517464191,0.0,0.04485786283508928,0.07587988375847594,0.375,0.08684998638714948
ÇATALCA,KABAKÇA,ÇATALCA|KABAKÇA,2022,0.013563459749216836,75609.32813616827,0.0152388758112628,0.3019082882369695,265.0,0.09140767824497258,25.0,0.027531608514235608,2.0,0.0,0.0,0.0046715438759963234,0.337713276409306,12530.626614186736,0.033447684391080604,0.027531608514235608,0.18316112366806586,0.3125,0.08684998638714948
ÇATALCA,KALEİÇİ,ÇATALCA|KALEİÇİ,2022,0.06492364685496743,360125.48035338183,0.0725824128696547,0.517231557960695,454.0,0.28884826325411334,79.0,0.543092393679154,21.0,0.02857142857142857,0.0111731843575419,0.0016803197789182788,0.337713276409306,21467.564086191614,0.06169403283940727,0.05172308511230037,0.2540476959269338,0.4375,0.08684998638714948
ÇATALCA,KALFA,ÇATALCA|KALFA,2022,0.0011694109412477701,6950.951367114906,0.0014009473072267,0.09455995442893762,83.0,0.014625228519195612,4.0,0.025589544843106958,2.0,0.0,0.0,0.01591562799616491,0.337713276409306,3924.686826330186,0.017086527929901407,0.025589544843106958,0.11704875686147885,0.5625,0.08684998638714948
ÇATALCA,KARACAKÖY MERKEZ,ÇATALCA|KARACAKÖY MERKEZ,2022,0.019342227685163846,107621.53273165664,0.0216908576275386,0.14013101680432924,123.0,0.051188299817184646,14.0,0.033700516646056035,2.0,0.0,0.0,0.0015233365966431157,0.337713276409306,5816.102164320636,0.04035476718403547,0.033700516646056035,0.16063932838230544,0.3125,0.08684998638714948
ÇATALCA,KARAMANDERE,ÇATALCA|KARAMANDERE,2022,0.004925183307299002,27756.520085009863,0.0055942589751165,0.09114212475078325,80.0,0.021937842778793418,6.0,0.011195425868859294,1.0,0.0,0.0,0.0038416244583423854,0.33771327640930593,3782.830675980901,0.02659090909090909,0.022390851737718587,0.09905899718621708,0.4375,0.08684998638714948
ÇATALCA,KESTANELİK,ÇATALCA|KESTANELİK,2022,0.020554317857844017,114336.05718152274,0.0230441536658121,0.27570492737111935,242.0,0.29250457038391225,80.0,0.20860048608711299,16.0,0.0,0.0,0.0028211234532949194,0.337713276409306,11443.062794842228,0.11720510894064613,0.026075060760889116,0.12358734258960286,0.3125,0.08684998638714948
ÇATALCA,KIZILCAALİ,ÇATALCA|KIZILCAALİ,2022,0.017242409498689746,95989.32840301536,0.0193464151950366,0.08886357163201367,78.0,0.003656307129798903,1.0,0.04683800618604399,3.0,0.0,0.0,0.0010830826197639435,0.337713276409306,3688.259909081379,0.004545454545454537,0.03122533745736266,0.11038908621246368,0.25,0.08684998638714948
ÇATALCA,MURATBEY MERKEZ,ÇATALCA|MURATBEY MERKEZ,2022,0.014903587616194208,83033.13333778078,0.0167351256563962,0.09000284819139846,79.0,0.05850091407678245,16.0,0.20334549027111776,7.0,0.0,0.0111731843575419,0.0012681353289202121,0.33771327640930593,3735.54529253114,0.07180667433831989,0.05809871150603365,0.42884242815628026,0.375,0.08684998638714948
ÇATALCA,NAKKAŞ,ÇATALCA|NAKKAŞ,2022,0.008049303048150708,45062.97042762249,0.0090823318624974,0.09569923098832242,84.0,0.003656307129798903,1.0,0.20791505185024403,11.0,0.014285714285714285,0.002793296089385475,0.0024845595329478797,0.337713276409306,3971.972209779947,0.004220779220779219,0.03780273670004437,0.19378632547626734,0.5,0.08684998638714948
ÇATALCA,OKLALI,ÇATALCA|OKLALI,2022,0.01150632079417514,64213.5507247758,0.0129420846477141,0.11506693249786386,101.0,0.17184643510054845,47.0,0.056662563581165414,4.0,0.0,0.0,0.0020964505638967693,0.337713276409306,4775.8237284258885,0.16498649864986498,0.028331281790582707,0.14659347755892801,0.3125,0.08684998638714948
ÇATALCA,ORMANLI,ÇATALCA|ORMANLI,2022,0.01059298524152177,59154.01469565134,0.0119223474921137,0.14127029336371405,124.0,0.025594149908592323,7.0,0.1510240101901223,6.0,0.0,0.0,0.0027940064056137643,0.33771327640930593,5863.387547770397,0.020014662756598234,0.050341336730040764,0.07830158217629965,0.3125,0.08684998638714948
ÇATALCA,OVAYENİCE,ÇATALCA|OVAYENİCE,2022,0.009517468609425282,53196.05638098143,0.0107215355144907,0.04557106237539162,40.0,0.003656307129798903,1.0,0.16073432854576558,8.0,0.014285714285714285,0.0,0.0010022371364653245,0.337713276409306,1891.4153379904508,0.008863636363636363,0.040183582136441395,0.3968846579639282,0.4375,0.08684998638714948
ÇATALCA,SUBAŞI,ÇATALCA|SUBAŞI,2022,0.016832688876938704,93719.62999742683,0.018888963013085,0.168612930788949,148.0,0.1206581352833638,33.0,0.04740920138343476,2.0,0.02857142857142857,0.00558659217877095,0.0021048496874555567,0.337713276409306,6998.236750564668,0.07905405405405402,0.04740920138343476,0.18203099773974812,0.375,0.08684998638714948
ÇATALCA,YALIKÖY,ÇATALCA|YALIKÖY,2022,0.013725640828659957,76507.75042171373,0.0154199506332853,0.27570492737111935,242.0,0.03656307129798903,10.0,0.04421050827804639,3.0,0.014285714285714285,0.0111731843575419,0.004215992898681777,0.337713276409306,11443.062794842228,0.014650638617580739,0.02947367218536426,0.19151598320955762,0.125,0.08684998638714948
ÇATALCA,YAYLACIK,ÇATALCA|YAYLACIK,2022,0.0031753348185705873,18063.016477808804,0.0036405569480315,0.011392765593847906,10.0,0.0,0.0,0.011195425868859294,1.0,0.0,0.0,0.0007379036508661584,0.337713276409306,472.8538344976127,0.0,0.022390851737718587,0.048433968356474004,0.1875,0.08684998638714948
ÇATALCA,YAZLIK,ÇATALCA|YAZLIK,2022,0.004259387296953556,24068.260175928484,0.0048508991794451,0.03531757334092851,31.0,0.029250457038391225,8.0,0.011195425868859294,1.0,0.0,0.0,0.0017167495154336045,0.337713276409306,1465.8468869425994,0.0914956011730205,0.022390851737718587,0.08274136260897644,0.375,0.08684998638714948
ÇATALCA,ÇAKIL,ÇATALCA|ÇAKIL,2022,0.02213344942084283,123083.85311972858,0.0248072506170839,0.2073483338080319,182.0,0.08043875685557587,22.0,0.21019983263980715,10.0,0.0,0.0111731843575419,0.001970880269797111,0.337713276409306,8605.93978785655,0.04285714285714282,0.04203996652796143,0.32995640942847915,0.375,0.08684998638714948
ÇATALCA,ÇANAKÇA,ÇATALCA|ÇANAKÇA,2022,0.016892439800944063,94050.62768157516,0.0189556747896196,0.22443748219880377,197.0,0.19378427787934185,53.0,0.06717255521315577,4.0,0.0,0.0,0.0027918653264093454,0.33771327640930593,9315.22053960297,0.09538532533456388,0.03358627760657788,0.09626251210849207,0.375,0.08684998638714948
ÇATALCA,ÇİFTLİKKÖY,ÇATALCA|ÇİFTLİKKÖY,2022,0.015569383626539653,86721.39324686218,0.0174784854520675,0.0968385075477072,85.0,0.05850091407678245,16.0,0.08727862616131123,4.0,0.0,0.0,0.0013064193862390495,0.3377132764093061,4019.2575932297086,0.06673796791443848,0.04363931308065561,0.08011785598966742,0.375,0.08684998638714948
ÇATALCA,ÖRCÜNLÜ,ÇATALCA|ÖRCÜNLÜ,2022,0.0036960214420458716,20947.42486824424,0.0042219024292616,0.09114212475078325,80.0,0.1316270566727605,36.0,0.025475305803628803,2.0,0.0,0.0,0.005090369203266322,0.337713276409306,3782.8306759809016,0.15954545454545455,0.025475305803628806,0.16185017759121728,0.3125,0.08684998638714948
ÇATALCA,ÖRENCİK,ÇATALCA|ÖRENCİK,2022,0.07733476735550947,428878.4278893347,0.0864394018812721,0.05582455140985474,49.0,0.010968921389396709,3.0,0.1138963223597216,4.0,0.0,0.0,0.00015228313712141954,0.33771327640930593,2316.983789038302,0.021706864564007396,0.0569481611798608,0.04298514691637068,0.375,0.08684998638714948
ÇATALCA,İHSANİYE,ÇATALCA|İHSANİYE,2022,0.014664583920172766,81709.14260118747,0.0164682785502577,0.1332953574480205,117.0,0.054844606946983544,15.0,0.027531608514235608,2.0,0.0,0.0,0.0019085570469798657,0.337713276409306,5532.389863622068,0.04545454545454545,0.027531608514235608,0.12673555053277366,0.5,0.08684998638714948
ÇATALCA,İNCEĞİZ,ÇATALCA|İNCEĞİZ,2022,0.07357899498945823,408072.8591714398,0.0822460902133823,0.2825405867274281,248.0,0.05850091407678245,16.0,0.09059155830617772,4.0,0.014285714285714285,0.0,0.000810035229066702,0.337713276409306,11726.775095540796,0.022873900293255107,0.04529577915308887,0.21720328428433044,0.4375,0.08684998638714948
ÇATALCA,İZZETTİN,ÇATALCA|İZZETTİN,2022,1.7071692572960146e-05,567.4246013971352,0.0001143630454879,0.14127029336371405,124.0,0.1170018281535649,32.0,0.03324356048814341,2.0,0.0,0.0,0.29127516778523493,0.337713276409306,5863.387547770398,0.0914956011730205,0.03324356048814341,0.29141104294478526,0.4375,0.08684998638714948
ÇEKMEKÖY,ALEMDAĞ,ÇEKMEKÖY|ALEMDAĞ,2022,0.23796232277449147,1727677.923144715,0.1159314255308535,0.14810595272002278,130.0,0.06581352833638025,18.0,0.0,0.0,0.05714285714285714,0.00558659217877095,0.00013139807552357081,0.49746481411134985,8053.576090390595,0.049090909090909074,0.0,0.18223280594123345,0.375,0.08684998638714948
ÇEKMEKÖY,AYDINLAR,ÇEKMEKÖY|AYDINLAR,2022,0.054740382235196706,397908.6094506061,0.0267006435092036,0.17544859014525777,154.0,0.39488117001828155,108.0,0.06168908131820427,3.0,0.02857142857142857,0.00558659217877095,0.0006758430012946343,0.49746481411135,9540.39013784732,0.248642266824085,0.04112605421213618,0.16689538262835,0.375,0.08684998638714948
ÇEKMEKÖY,CUMHURİYET,ÇEKMEKÖY|CUMHURİYET,2022,0.146278797811409,1062266.6863225196,0.0712806997123331,0.14810595272002278,130.0,0.32541133455210236,89.0,0.06168908131820427,3.0,0.04285714285714286,0.0,0.0002137067434654075,0.49746481411135,8053.576090390596,0.2427272727272727,0.04112605421213618,0.10695834678721346,0.375,0.08684998638714948
ÇEKMEKÖY,EKŞİOĞLU,ÇEKMEKÖY|EKŞİOĞLU,2022,0.07738598243322835,562263.5122798849,0.0377292605464008,0.34975790373113075,307.0,0.31078610603290674,85.0,0.34854330944785417,11.0,0.05714285714285714,0.0111731843575419,0.0009534697306266842,0.49746481411134985,19018.829690383944,0.09816405093278058,0.06337151080870075,0.18329950643479864,0.4375,0.08684998638714948
ÇEKMEKÖY,GÜNGÖREN,ÇEKMEKÖY|GÜNGÖREN,2022,0.0914530571133475,664358.0768719134,0.0445800562031294,0.10709199658217032,94.0,0.28153564899451555,77.0,0.03564258031718469,2.0,0.0,0.0,0.00024707799603974277,0.49746481411135,5823.355019205507,0.2904255319148936,0.03564258031718469,0.19656118824669033,0.375,0.08684998638714948
ÇEKMEKÖY,HAMİDİYE,ÇEKMEKÖY|HAMİDİYE,2022,0.2563997507532884,1861491.18741582,0.1249106237217113,0.3064653944745087,269.0,0.19744058500914077,54.0,0.09059155830617777,3.0,0.07142857142857142,0.0,0.0002523479211784635,0.49746481411135,16664.70744857746,0.07117269347752618,0.06039437220411851,0.28971585405230865,0.3125,0.08684998638714948
ÇEKMEKÖY,HÜSEYİNLİ,ÇEKMEKÖY|HÜSEYİNLİ,2022,0.07537152270961904,547643.1741465604,0.0367482000033256,0.07405297636001139,65.0,0.010968921389396709,3.0,0.015193792250594756,1.0,0.0,0.0111731843575419,0.00020726411369917095,0.49746481411134985,4026.788045195297,0.016363636363636344,0.030387584501189512,0.09041007426541815,0.375,0.08684998638714948
ÇEKMEKÖY,KOÇULLU,ÇEKMEKÖY|KOÇULLU,2022,0.012658660042849948,92492.22386887044,0.0062064550458105,0.05354599829108516,47.0,0.07312614259597806,20.0,0.03461442896188129,2.0,0.0,0.0,0.0008873625015171471,0.49746481411135,2911.6775096027536,0.1508704061895551,0.03461442896188129,0.06044155634484985,0.25,0.08684998638714948
ÇEKMEKÖY,KİRAZLIDERE,ÇEKMEKÖY|KİRAZLIDERE,2022,0.08730463581811819,634250.0924109147,0.0425597366101864,0.07633152947878097,67.0,0.28153564899451555,77.0,0.06865766272637179,4.0,0.02857142857142857,0.0,0.00018446870521848465,0.49746481411135,4150.689215816691,0.40746268656716417,0.034328831363185895,0.15397965773329028,0.375,0.08684998638714948
ÇEKMEKÖY,MEHMET AKİF,ÇEKMEKÖY|MEHMET AKİF,2022,0.2786783095610014,2023182.215076739,0.1357604882023312,0.6641982341213329,583.0,0.4680073126142596,126.0,0.11401056139919974,5.0,0.05714285714285714,0.0,0.0005032015753254905,0.49746481411135,36117.191236136285,0.07784188367378761,0.0456042245596799,0.272279625443978,0.3125,0.08684998638714948
ÇEKMEKÖY,SARIYER MERKEZ,ÇEKMEKÖY|SARIYER MERKEZ,2022,0.1298387578636484,942949.8590141174,0.0632742479921515,0.46824266590714897,394.0,0.8555758683729433,234.0,0.04558137675178427,5.0,0.3142857142857143,0.0335195530726257,0.0007611349385276171,0.49746481411135,25461.690562696425,0.20185799601857993,0.018232550700713706,0.34599007103648693,0.625,0.08684998638714948
ÇEKMEKÖY,MİMAR SİNAN,ÇEKMEKÖY|MİMAR SİNAN,2022,0.022577313427739793,164478.80399990024,0.0110369311095961,0.2927940757618912,257.0,0.30347349177330896,83.0,0.08796406039818015,3.0,0.1,0.0,0.0027285481363515714,0.49746481411135,15921.3004248491,0.11450300672090555,0.058642706932120106,0.3849923889478297,0.4375,0.08684998638714948
ÇEKMEKÖY,NİŞANTEPE,ÇEKMEKÖY|NİŞANTEPE,2022,0.1019862914308639,740805.0991453134,0.0497098388732769,0.1948162916547992,171.0,0.1206581352833638,33.0,0.08270906458218498,4.0,0.14285714285714285,0.055865921787709494,0.00040308866266833244,0.49746481411135,10593.550088129168,0.06842105263157892,0.04135453229109249,0.23159509202453984,0.3125,0.08684998638714948
ÇEKMEKÖY,REŞADİYE,ÇEKMEKÖY|REŞADİYE,2022,0.021322544023627224,155372.0679592278,0.0104258467882738,0.06607804044431786,58.0,0.04021937842778794,11.0,0.050036699291432354,3.0,0.0,0.0,0.0006518737355897371,0.49746481411135,3593.1339480204197,0.06724137931034482,0.033357799527621565,0.1683887633193413,0.3125,0.08684998638714948
ÇEKMEKÖY,SIRAPINAR,ÇEKMEKÖY|SIRAPINAR,2022,0.012257475267385385,89580.5463592677,0.0060110743444353,0.0968385075477072,85.0,0.07312614259597806,20.0,0.0,0.0,0.0,0.008379888268156424,0.001656966220167646,0.49746481411135,5265.799751409236,0.08342245989304811,0.0,0.09283177268324184,0.1875,0.08684998638714948
ÇEKMEKÖY,SOĞUKPINAR,ÇEKMEKÖY|SOĞUKPINAR,2022,0.0802710984780586,583202.8101149005,0.0391343387818221,0.10025633722586158,88.0,0.09140767824497258,25.0,0.07425537566080144,4.0,0.0,0.002793296089385475,0.0002634944670439429,0.49746481411135,5451.651507341326,0.10072314049586777,0.03712768783040072,0.1976567184833249,0.4375,0.08684998638714948
ÇEKMEKÖY,SULTANÇİFTLİĞİ,ÇEKMEKÖY|SULTANÇİFTLİĞİ,2022,0.015936425016858297,116281.24862817804,0.0078027569464074,0.146966676160638,129.0,0.5155393053016454,141.0,0.09241938293782825,6.0,0.08571428571428572,0.0,0.0019372624457848987,0.49746481411134985,7991.625505079897,0.38752642706131074,0.030806460979276085,0.2087705844365515,0.5,0.08684998638714948
ÇEKMEKÖY,TAŞDELEN,ÇEKMEKÖY|TAŞDELEN,2022,0.03806133859141465,276857.1657535044,0.0185777947754369,0.07519225291939619,66.0,0.12797074954296161,35.0,0.046381050028131365,2.0,0.05714285714285714,0.00558659217877095,0.00041629059847029734,0.49746481411135,4088.7386305059945,0.18801652892561982,0.046381050028131365,0.17577494349370357,0.375,0.08684998638714948
ÇEKMEKÖY,ÇAMLIK,ÇEKMEKÖY|ÇAMLIK,2022,0.18841173508147466,1368054.7754161195,0.091799830392923,0.21646254628311024,190.0,0.2522851919561243,69.0,0.1053283943988599,4.0,0.02857142857142857,0.0,0.00024252613766184749,0.49746481411135,11770.61120903241,0.128755980861244,0.05266419719942995,0.2522602518566354,0.375,0.08684998638714948
ÇEKMEKÖY,ÇATALMEŞE,ÇEKMEKÖY|ÇATALMEŞE,2022,0.07739451827951482,562325.4628651956,0.0377334175826003,0.4169752207348334,366.0,0.19378427787934185,53.0,0.010852708750424827,1.0,0.02857142857142857,0.01675977653631285,0.0011365846120403146,0.49746481411134985,22673.91422371506,0.051341281669150515,0.021705417500849655,0.1892153697126251,0.3125,0.08684998638714948
ÇEKMEKÖY,ÖMERLİ,ÇEKMEKÖY|ÖMERLİ,2022,0.04526559285720383,329143.45975573256,0.0220863333277906,0.195955568214184,172.0,0.16453382084095064,45.0,0.05414930471264597,3.0,0.02857142857142857,0.03910614525139665,0.000912539459373425,0.49746481411135,10655.500673439865,0.09275898520084566,0.03609953647509732,0.10227639651275428,0.625,0.08684998638714948
ÜMRANİYE,ADEM YAVUZ,ÜMRANİYE|ADEM YAVUZ,2022,0.1452630321033179,921160.6229495468,0.0244868024647862,0.2563372258615779,225.0,0.27056672760511885,74.0,0.27577304130026875,11.0,0.014285714285714285,0.0,0.00037246193793719935,0.41191185958554427,12171.784129883015,0.1166060606060606,0.05014055296368523,0.5698458185340652,0.3125,0.08684998638714948
ÜMRANİYE,ALTINŞEHİR,ÜMRANİYE|ALTINŞEHİR,2022,0.24731761030447363,1567942.1832023526,0.0416799085411888,0.3884933067502136,341.0,0.4826325411334552,132.0,0.18415333163878758,8.0,0.014285714285714285,0.0,0.00033163402349271166,0.41191185958554427,18447.01505906715,0.1372434017595308,0.046038332909696895,0.5412697772037456,0.3125,0.08684998638714948
ÜMRANİYE,ARMAĞANEVLER,ÜMRANİYE|ARMAĞANEVLER,2022,0.3626881087125383,2299114.780089014,0.0611163439484034,0.5776132156080889,507.0,0.3875685557586837,106.0,0.13011826596561976,7.0,0.014285714285714285,0.00558659217877095,0.000336265298065535,0.41191185958554427,27427.086906003064,0.07412587412587411,0.0371766474187485,0.3033177268324184,0.375,0.08684998638714948
ÜMRANİYE,ATAKENT,ÜMRANİYE|ATAKENT,2022,0.17334596638583732,1099139.1553376138,0.0292179265022037,0.29051552264312164,255.0,0.39853747714808047,109.0,0.1390289110449159,7.0,0.12857142857142856,0.0,0.00035377101403126526,0.41191185958554416,13794.688680534084,0.1515508021390374,0.03972254601283312,0.3462019696480465,0.25,0.08684998638714948
ÜMRANİYE,ATATÜRK,ÜMRANİYE|ATATÜRK,2022,0.2111853729738035,1338950.3511054867,0.0355927206839278,0.5309028766733125,466.0,0.5776965265082267,158.0,0.07813950300305875,4.0,0.05714285714285714,0.0,0.0005307086772170282,0.41191185958554416,25209.1173534466,0.12021069059695667,0.03906975150152937,0.4915471193320725,0.4375,0.08684998638714948
ÜMRANİYE,AŞAĞI DUDULLU,ÜMRANİYE|AŞAĞI DUDULLU,2022,0.12501600471178714,792842.9698114021,0.0210757914566541,0.582170321845628,511.0,0.3180987202925046,87.0,0.36670731672488094,16.0,0.02857142857142857,0.5446927374301676,0.0009828075085724333,0.41191185958554427,27643.474179423207,0.060362924746486364,0.04583841459061012,0.407047142395867,0.625,0.08684998638714948
ÜMRANİYE,CEMİL MERİÇ,ÜMRANİYE|CEMİL MERİÇ,2022,0.19089566635084035,1210362.213875567,0.0321745195176841,1.0,872.75,0.6727605118829981,184.0,0.4615257194917504,20.0,0.0,0.0,0.0011058347326684916,0.41191185958554416,47483.48231113252,0.0743222599104114,0.04615257194917504,0.36618098159509205,0.5,0.08684998638714948
ÜMRANİYE,DUMLUPINAR,ÜMRANİYE|DUMLUPINAR,2022,0.10458972454824034,663389.2834878019,0.0176345817844534,0.440900028481914,387.0,0.043875685557586835,12.0,0.1530803129007291,9.0,0.02857142857142857,0.0,0.000889564122336685,0.41191185958554427,20935.46870339879,0.010993657505285376,0.034017847311273136,0.6684694865999353,0.3125,0.08684998638714948
ÜMRANİYE,ELMALIKENT,ÜMRANİYE|ELMALIKENT,2022,0.18902631601410122,1198515.0106558143,0.0318595905923971,0.6414127029336372,563.0,0.2376599634369287,65.0,0.1391431500843941,8.0,0.07142857142857142,0.0,0.0007163077706033908,0.41191185958554427,30456.50873388506,0.04093331180364926,0.034785787521098524,0.4936228608330643,0.4375,0.08684998638714948
ÜMRANİYE,ESENEVLER,ÜMRANİYE|ESENEVLER,2022,0.2263877152100245,1435296.7845958052,0.0381538550032715,0.4876103674166904,428.0,0.31444241316270566,86.0,0.14565477533464896,7.0,0.05714285714285714,0.0,0.0004547124050279415,0.41191185958554416,23153.438255955247,0.07124044180118945,0.04161565009561399,0.42097190829835324,0.375,0.08684998638714948
ÜMRANİYE,ESENKENT,ÜMRANİYE|ESENKENT,2022,0.182692718069533,1158375.1714363778,0.0307925711286391,0.2984904585588152,262.0,0.376599634369287,103.0,0.22939199127213739,9.0,0.02857142857142857,0.013966480446927373,0.00034489491894311214,0.41191185958554416,14173.366409019332,0.13938237335183898,0.050975998060474974,0.45850823377462063,0.5,0.08684998638714948
ÜMRANİYE,ESENŞEHİR,ÜMRANİYE|ESENŞEHİR,2022,0.17837357984857408,1131002.18134873,0.0300649271277475,0.7245798917687268,632.0,0.5374771480804388,147.0,0.33152169256560887,15.0,0.02857142857142857,0.008379888268156424,0.0008574887252366906,0.41191185958554427,34405.57647380266,0.0819468267581475,0.04420289234208118,0.41128511462705847,0.5,0.08684998638714948
ÜMRANİYE,FATİH SULTAN MEHMET,ÜMRANİYE|FATİH SULTAN MEHMET,2022,0.0401782284704617,255174.69218070307,0.0067831951624616,0.0843064653944745,58.0,0.03656307129798903,10.0,0.012452055303119013,1.0,0.02857142857142857,0.0,0.0004422103116956659,0.41191185958554427,4003.164558272637,0.04791154791154789,0.024904110606238025,0.5702763426972339,0.5625,0.08684998638714948
ÜMRANİYE,FİNANSKENT,ÜMRANİYE|FİNANSKENT,2022,0.012615980811417548,80496.06571229301,0.0021397910540052,0.02164625462831102,19.0,0.0,0.0,0.04101181517265803,2.0,0.05714285714285714,0.0,0.0003599263909937216,0.41191185958554427,1027.839548745677,0.0,0.04101181517265803,0.5863436390054891,0.625,0.08684998638714948
ÜMRANİYE,HEKİMBAŞI,ÜMRANİYE|HEKİMBAŞI,2022,0.0649833977789728,412380.0463204366,0.0109621150569101,0.4636855596696098,407.0,0.054844606946983544,15.0,0.10235817937242783,7.0,0.0,0.0,0.0015049827130364044,0.41191185958554416,22017.4050704995,0.0130667857940585,0.02924519410640795,0.6515175976751695,0.3125,0.08684998638714948
ÜMRANİYE,HUZUR,ÜMRANİYE|HUZUR,2022,0.10411171715619745,660359.8616599198,0.0175540520136037,0.3030475647963543,266.0,0.19744058500914077,54.0,0.27577304130026875,11.0,0.0,0.0,0.0006142366328484648,0.41191185958554416,14389.753682439476,0.07197539302802457,0.05014055296368523,0.40190103325799165,0.25,0.08684998638714948
ÜMRANİYE,IHLAMURKUYU,ÜMRANİYE|IHLAMURKUYU,2022,0.13722226490145364,870201.420059103,0.0231321766765651,0.4431785816006836,388.0,0.5740402193784278,157.0,0.43216628634586435,17.0,0.0,0.0,0.0006816548968756025,0.41191185958554416,21043.66234010886,0.14309418088338394,0.050843092511278165,0.6152375282531483,0.25,0.08684998638714948
ÜMRANİYE,KAZIM KARABEKİR,ÜMRANİYE|KAZIM KARABEKİR,2022,0.13923672462506295,882968.2691908915,0.0234715521394315,0.615209342067787,540.0,0.28153564899451555,77.0,0.18198278988870262,9.0,0.02857142857142857,0.0,0.0009325742255892118,0.41191185958554427,29212.28191171924,0.050555555555555555,0.040440619975267246,0.6946238295124313,0.25,0.08684998638714948
ÜMRANİYE,MADENLER,ÜMRANİYE|MADENLER,2022,0.013443957901206114,85743.45709273146,0.0022792801213698,0.17886641982341214,157.0,0.12431444241316271,34.0,0.06705831617367759,3.0,0.1,0.008379888268156424,0.002792115681832617,0.41191185958554416,8493.200481740592,0.07678054429646786,0.04470554411578507,0.41552308685824996,0.375,0.08684998638714948
ÜMRANİYE,MEHMET AKİF,ÜMRANİYE|MEHMET AKİF,2022,0.22520123257620378,1427777.3268444554,0.0379539686077696,0.24494446026772998,215.0,0.3290676416819013,90.0,0.2248224296930111,8.0,0.08571428571428572,0.0,0.00022962159226172691,0.41191185958554427,11630.81594633266,0.14841437632135307,0.05620560742325278,0.5057313529221827,0.4375,0.08684998638714948
ÜMRANİYE,NAMIK KEMAL,ÜMRANİYE|NAMIK KEMAL,2022,0.2431862607018173,1541759.3231185153,0.0409839012359881,0.4762176018228425,418.0,0.3656307129798903,100.0,0.13240304675518286,6.0,0.014285714285714285,0.002793296089385475,0.00041342281879194634,0.41191185958554416,22612.47007240489,0.0848194867333623,0.044134348918394295,0.5013722957701001,0.3125,0.08684998638714948
ÜMRANİYE,NECİP FAZIL,ÜMRANİYE|NECİP FAZIL,2022,0.2446800338019513,1551226.2663306466,0.0412355567698933,0.35089718029051553,306.0,0.8519195612431444,233.0,0.14291303838717323,7.0,0.05714285714285714,0.00558659217877095,0.0003027682369531255,0.41191185958554416,16661.820053350973,0.26821133412042497,0.0408322966820495,0.5197426080538771,0.4375,0.08684998638714948
ÜMRANİYE,PARSELLER,ÜMRANİYE|PARSELLER,2022,0.13673572166312428,867117.9014128661,0.0230502088740931,0.2574765024209627,226.0,0.21937842778793418,60.0,0.27577304130026875,11.0,0.014285714285714285,0.0,0.0003974340132670609,0.41191185958554427,12225.880948238051,0.09412711182622685,0.05014055296368523,0.5410276073619632,0.3125,0.08684998638714948
ÜMRANİYE,SİTE,ÜMRANİYE|SİTE,2022,0.18657652812988143,1182989.2237879192,0.0314468755167926,0.32241526630589573,283.0,0.5045703839122486,138.0,0.17158703729619038,9.0,0.11428571428571428,0.0,0.0003647878730589762,0.41191185958554427,15309.399594475084,0.17288788949566333,0.038130452732486754,0.5251049402647724,0.25,0.08684998638714948
ÜMRANİYE,TANTAVİ,ÜMRANİYE|TANTAVİ,2022,0.10027058632728142,636016.2934001539,0.0169069377835618,0.11734548561663344,103.0,0.2413162705667276,66.0,0.09687470547747633,6.0,0.014285714285714285,0.0,0.00024694698517461827,0.41191185958554427,5571.972290568669,0.22718446601941747,0.032291568492492116,0.5766871165644172,0.3125,0.08684998638714948
ÜMRANİYE,TATLISU,ÜMRANİYE|TATLISU,2022,0.1943526840968648,1232271.4253093568,0.0327569223247219,0.23810880091142125,209.0,0.24862888482632542,68.0,0.2415013294568219,9.0,0.0,0.00558659217877095,0.00025862747125796726,0.41191185958554427,11306.235036202448,0.11535450195737275,0.05366696210151598,0.4091055860510171,0.3125,0.08684998638714948
ÜMRANİYE,TEPEÜSTÜ,ÜMRANİYE|TEPEÜSTÜ,2022,0.0010840524783829694,7411.264114639881,0.0001970103322572,0.35887211620620907,315.0,0.56672760511883,155.0,0.15605052792716118,7.0,0.02857142857142857,0.0,0.06481163964140499,0.41191185958554427,17040.497781836224,0.17445887445887442,0.04458586512204605,0.5327231998708428,0.375,0.08684998638714948
ÜMRANİYE,TOPAĞACI,ÜMRANİYE|TOPAĞACI,2022,0.12084197587769839,766389.6256357897,0.0203725939933419,0.7473654229564227,656.0,0.1206581352833638,33.0,0.1391431500843941,8.0,0.02857142857142857,0.0,0.0013052357710019932,0.41191185958554416,35487.51284090337,0.017835365853658504,0.034785787521098524,0.6042944785276073,0.3125,0.08684998638714948
ÜMRANİYE,YAMANEVLER,ÜMRANİYE|YAMANEVLER,2022,0.13710276305344293,869444.0646021327,0.0231120442338527,0.146966676160638,129.0,0.13893967093235832,38.0,0.06500201346307079,6.0,0.07142857142857142,0.0111731843575419,0.0002262469892196525,0.41191185958554427,6978.489567799596,0.1044397463002114,0.021667337821023598,0.5832257022925412,0.5,0.08684998638714948
ÜMRANİYE,YUKARI DUDULLU,ÜMRANİYE|YUKARI DUDULLU,2022,0.18566319257722808,1177200.8642239303,0.0312930061332048,0.6026772999145542,529.0,0.5776965265082267,158.0,0.24458578352273214,11.0,0.02857142857142857,0.00558659217877095,0.0006852354853165367,0.41191185958554427,28617.216909813847,0.10589448358824538,0.04447014245867857,0.5112936914756215,0.5,0.08684998638714948
ÜMRANİYE,ÇAKMAK,ÜMRANİYE|ÇAKMAK,2022,0.32769113893797003,2077317.824833368,0.0552204142969103,0.9239532896610653,789.0,0.7056672760511883,193.0,0.30684606003832715,9.0,0.07142857142857142,0.0,0.0005953229865771812,0.41191185958554416,43872.51968593389,0.08437394910884428,0.06818801334185048,0.34272077817242497,0.5,0.08684998638714948
ÜMRANİYE,ÇAMLIK,ÜMRANİYE|ÇAMLIK,2022,0.20812954000324363,1319583.690134384,0.0350779053631389,0.5046995158074623,443.0,0.26691042047531993,73.0,0.26137892232602106,7.0,0.014285714285714285,0.0,0.0005119193343232752,0.41191185958554416,23964.89053128078,0.058423968807715956,0.07467969209314888,0.4851036717560773,0.4375,0.08684998638714948
ÜMRANİYE,İNKILAP,ÜMRANİYE|İNKILAP,2022,0.26971567096019733,1709892.234565966,0.0454533035181443,0.8362289945884364,734.0,0.29250457038391225,80.0,0.20585874913963723,12.0,0.05714285714285714,0.0,0.0006545789953779436,0.41191185958554416,39707.06467259615,0.03864255635372801,0.03430979152327287,0.44064820794317083,0.5,0.08684998638714948
ÜMRANİYE,İSTİKLAL,ÜMRANİYE|İSTİKLAL,2022,0.42172202162983446,2673248.375832441,0.0710617706483365,0.6083736827114782,534.0,1.0,270.0,0.19432060615234348,8.0,0.05714285714285714,0.0,0.0003046047635034926,0.41191185958554427,28887.701001589023,0.18158835546475993,0.04858015153808587,0.3323781078463029,0.375,0.08684998638714948
ÜMRANİYE,ŞERİFALİ,ÜMRANİYE|ŞERİFALİ,2022,0.08126979249357677,515596.77574184455,0.0137058793922878,0.40444317858160067,355.0,0.17550274223034734,48.0,0.35711123740871586,16.0,0.02857142857142857,0.0,0.0010499120144156933,0.41191185958554416,19204.370516037645,0.047938540332906524,0.04463890467608948,0.4595677268324185,0.5,0.08684998638714948
ÜSKÜDAR,ACIBADEM,ÜSKÜDAR|ACIBADEM,2022,0.21160362944184102,1562636.1387192137,0.0522546402331231,0.3679863286812874,323.0,0.13893967093235832,38.0,0.08225210842427236,5.0,0.08571428571428572,0.0,0.00036712491881359604,0.5090000607261728,20352.07551638331,0.041711229946524056,0.03290084336970894,0.6437177106877623,0.375,0.08684998638714948
ÜSKÜDAR,AHMEDİYE,ÜSKÜDAR|AHMEDİYE,2022,0.07659214872858569,566014.533633657,0.0189275577908929,0.6129307889490174,538.0,0.07678244972577697,21.0,0.09070579734565591,4.0,0.04285714285714286,0.0,0.001688200007919508,0.5090000607261728,33899.12268673132,0.013839134842852301,0.045352898672827956,0.45875040361640296,0.3125,0.08684998638714948
ÜSKÜDAR,ALTUNİZADE,ÜSKÜDAR|ALTUNİZADE,2022,0.11479859670687051,848045.1528637861,0.0283586775361937,0.3577328396468243,314.0,0.3290676416819013,90.0,0.2307628597458752,13.0,0.2571428571428571,0.0,0.0006576273654364661,0.5090000607261728,19784.989820880364,0.10162130862767803,0.03550197842244234,0.49109108521443046,0.6875,0.08684998638714948
ÜSKÜDAR,AZİZ MAHMUT HÜDAYİ,ÜSKÜDAR|AZİZ MAHMUT HÜDAYİ,2022,0.07386921376319855,545914.4962041639,0.0182554114104749,0.4181144972942182,364.0,0.06946983546617916,19.0,0.024789871566759863,2.0,0.07142857142857142,0.0,0.0011940173641450855,0.5090000607261725,23124.494472175455,0.018355214268020795,0.024789871566759863,0.46214078140135617,0.1875,0.08684998638714948
ÜSKÜDAR,BAHÇELİEVLER,ÜSKÜDAR|BAHÇELİEVLER,2022,0.19466851040946453,1437625.2476216764,0.0480742690144732,0.5514098547422387,484.0,0.25594149908592323,70.0,0.29268041914303583,20.0,0.14285714285714285,0.0,0.0005979555145570753,0.5090000607261728,30496.608513713683,0.051277235161532674,0.02926804191430358,0.6087880744806802,0.5625,0.08684998638714948
ÜSKÜDAR,BARBAROS,ÜSKÜDAR|BARBAROS,2022,0.15139176973701057,1118166.9724883533,0.0373915663539114,0.35089718029051553,308.0,0.2376599634369287,65.0,0.1326315248341392,9.0,0.1,0.002793296089385475,0.0004892302036870773,0.5090000607261725,19406.93269054507,0.0748229043683589,0.02947367218536427,0.45439134646432033,0.3125,0.08684998638714948
ÜSKÜDAR,BEYLERBEYİ,ÜSKÜDAR|BEYLERBEYİ,2022,0.044027895145664214,325633.2082621329,0.0108891927711604,0.22899458843634293,201.0,0.18281535648994515,50.0,0.25658088266793855,11.0,0.04285714285714286,0.0,0.001096318075092983,0.5090000607261728,12664.913866232337,0.08819538670284936,0.04665106957598882,0.46214078140135617,0.3125,0.08684998638714948
ÜSKÜDAR,BULGURLU,ÜSKÜDAR|BULGURLU,2022,0.22611456812885714,1669752.325647547,0.0558366115394259,0.29507262888066077,259.0,0.4424131627056673,121.0,0.07299874622654172,7.0,0.07142857142857142,0.0,0.0002754970241863999,0.5090000607261728,16319.466126140174,0.16563706563706562,0.020856784636154778,0.49895059735227637,0.3125,0.08684998638714948
ÜSKÜDAR,BURHANİYE,ÜSKÜDAR|BURHANİYE,2022,0.14022688279429463,1035750.5180752594,0.0346355554900031,0.5286243235545429,464.0,0.21937842778793418,60.0,0.20437364162642116,14.0,0.05714285714285714,0.0,0.0007956682461900769,0.5090000607261728,29236.418079262705,0.04584639498432601,0.02919623451806017,0.3725379399418793,0.375,0.08684998638714948
ÜSKÜDAR,CUMHURİYET,ÜSKÜDAR|CUMHURİYET,2022,0.32287692163239523,2384028.2638943614,0.0797220390266309,0.5320421532326972,467.0,0.7129798903107861,195.0,0.1357159789000494,9.0,0.05714285714285714,0.0,0.00034791622764726045,0.5090000607261728,29425.44664443035,0.14804360521705273,0.0301591064222332,0.5753984270492182,0.4375,0.08684998638714948
ÜSKÜDAR,FERAH,ÜSKÜDAR|FERAH,2022,0.001749848488728415,13547.04717034802,0.00045301401815,0.45001424095699233,395.0,0.31078610603290674,85.0,0.304561279248764,21.0,0.07142857142857142,0.0,0.051787107850788196,0.5090000607261728,24888.761080406828,0.0762945914844649,0.02900583611892991,0.520261543429125,0.375,0.08684998638714948
ÜSKÜDAR,GÜZELTEPE,ÜSKÜDAR|GÜZELTEPE,2022,0.11303167652556913,835002.1818672185,0.0279225198536027,0.4033039020222159,354.0,0.24862888482632542,68.0,0.1868950685862633,14.0,0.02857142857142857,0.0,0.000752982454718751,0.5090000607261728,22305.37068978232,0.06810477657935285,0.02669929551232333,0.6371084920891185,0.25,0.08684998638714948
ÜSKÜDAR,KANDİLLİ,ÜSKÜDAR|KANDİLLİ,2022,0.011830682953061382,87961.2923246783,0.002941430555058,0.08088863571632014,70.0,0.051188299817184646,14.0,0.2626355517602808,12.0,0.0,0.0,0.0014336262764177614,0.5090000607261725,4473.676042300974,0.06991037131882198,0.043772591960046806,0.21109137875363249,0.1875,0.08684998638714948
ÜSKÜDAR,KISIKLI,ÜSKÜDAR|KISIKLI,2022,0.17407151332018814,1285583.271705166,0.0429899768014681,0.5012816861293079,440.0,0.40585009140767825,111.0,0.24869838894394572,17.0,0.15714285714285714,0.0,0.0006078853386148308,0.5090000607261728,27724.189557921534,0.08944214876033055,0.02925863399340538,0.4433053492627274,0.5625,0.08684998638714948
ÜSKÜDAR,KULELİ,ÜSKÜDAR|KULELİ,2022,0.032769113893797,242523.64911009083,0.0081100044458585,0.10025633722586158,88.0,0.014625228519195612,4.0,0.22973470839057183,6.0,0.014285714285714285,0.0,0.0006444626949211945,0.5090000607261728,5544.837911584306,0.01611570247933882,0.07657823613019062,0.33096545043590575,0.1875,0.08684998638714948
ÜSKÜDAR,KUZGUNCUK,ÜSKÜDAR|KUZGUNCUK,2022,0.03534693947231398,261552.52467030063,0.0087463311132134,0.27456565081173456,241.0,0.1170018281535649,32.0,0.1960341917445158,12.0,0.02857142857142857,0.0,0.001636542662154668,0.5090000607261728,15185.294735134292,0.04707657487740473,0.03267236529075263,0.4006296415886342,0.3125,0.08684998638714948
ÜSKÜDAR,KÜPLÜCE,ÜSKÜDAR|KÜPLÜCE,2022,0.014621904688740365,108565.4059279518,0.0036304332710351,0.4033039020222159,354.0,0.14990859232175502,41.0,0.1858669172309599,13.0,0.05714285714285714,0.0,0.005791365925672018,0.5090000607261728,22305.37068978232,0.04106317411402156,0.028594910343224603,0.45003228931223765,0.3125,0.08684998638714948
ÜSKÜDAR,KÜÇÜK ÇAMLICA,ÜSKÜDAR|KÜÇÜK ÇAMLICA,2022,0.09202495881454167,679935.7489080256,0.0227370896272432,0.4146966676160638,364.0,0.29981718464351004,82.0,0.14348423358456402,10.0,0.11428571428571428,0.00558659217877095,0.0009508296436441256,0.5090000607261728,22935.465907007812,0.07987012987012984,0.0286968467169128,0.4837847110106555,0.5,0.08684998638714948
ÜSKÜDAR,KÜÇÜKSU,ÜSKÜDAR|KÜÇÜKSU,2022,0.1627359094517426,1201906.626857621,0.0401918250986622,0.3326687553403589,292.0,0.26691042047531993,73.0,0.23053438166691892,13.0,0.05714285714285714,0.0,0.0004315005233667878,0.5090000607261728,18398.78034298429,0.08863636363636362,0.03546682794875676,0.393324184694866,0.375,0.08684998638714948
ÜSKÜDAR,KİRAZLITEPE,ÜSKÜDAR|KİRAZLITEPE,2022,0.007648118272686145,57086.626680629335,0.0019089800020649,0.4727997721446881,415.0,0.18647166361974407,51.0,0.5292694699022971,31.0,0.02857142857142857,0.0,0.012911684963776168,0.5090000607261728,26148.951514857807,0.043570646221248614,0.03414641741305142,0.5018969970939618,0.375,0.08684998638714948
ÜSKÜDAR,MEHMET AKİF ERSOY,ÜSKÜDAR|MEHMET AKİF ERSOY,2022,0.16860003585055441,1245194.168281012,0.0416393629147975,0.8658501851324409,760.0,0.5082266910420475,139.0,0.6358544937354167,32.0,0.014285714285714285,0.0,0.0010840410278284743,0.5090000607261728,47887.23650913719,0.06484449760765547,0.039740905858463536,0.5243784307394252,0.3125,0.08684998638714948
ÜSKÜDAR,MURATREİS,ÜSKÜDAR|MURATREİS,2022,0.11643747919387468,860142.9810345154,0.0287632295896114,0.5206493876388494,457.0,0.226691042047532,62.0,0.1453120582162145,9.0,0.08571428571428572,0.0,0.0009436582810512691,0.5090000607261728,28795.351427204863,0.048100258603540856,0.032291568492492116,0.4781845334194382,0.25,0.08684998638714948
ÜSKÜDAR,MİMAR SİNAN,ÜSKÜDAR|MİMAR SİNAN,2022,0.09970722047237374,736644.3184583195,0.0246334273776388,0.4910281970948448,431.0,0.3436928702010969,94.0,0.08819253847713648,6.0,0.02857142857142857,0.0,0.0010391748600282785,0.5090000607261728,27157.10386241859,0.07732545876397381,0.02939751282571216,0.45816227685778865,0.4375,0.08684998638714948
ÜSKÜDAR,SALACAK,ÜSKÜDAR|SALACAK,2022,0.08119296987699845,599976.6658421109,0.0200632533991854,0.23924807747080604,210.0,0.20840950639853748,57.0,0.1673601928354986,8.0,0.04285714285714286,0.0,0.0006216617398916533,0.5090000607261725,13231.999561735274,0.09623376623376621,0.04184004820887465,0.44518889247659027,0.25,0.08684998638714948
ÜSKÜDAR,SELAMİ ALİ,ÜSKÜDAR|SELAMİ ALİ,2022,0.11321946514387168,836388.3913451144,0.0279688747763901,0.2916547992025064,256.0,0.15722120658135283,43.0,0.15479389849290145,9.0,0.14285714285714285,0.0,0.0005436271947077245,0.5090000607261725,16130.437560972525,0.059552556818181814,0.03439864410953365,0.4546335163061027,0.3125,0.08684998638714948
ÜSKÜDAR,SELİMİYE,ÜSKÜDAR|SELİMİYE,2022,0.07246079912592934,535517.9251199433,0.017907749489569,0.3326687553403589,292.0,0.1170018281535649,32.0,0.1915788692048677,7.0,0.05714285714285714,0.0,0.0009684518747171994,0.5090000607261725,18398.78034298429,0.03885429638854296,0.05473681977281935,0.377623506619309,0.3125,0.08684998638714948
ÜSKÜDAR,SULTANTEPE,ÜSKÜDAR|SULTANTEPE,2022,0.09273343405631951,685165.5392109972,0.0229119741086685,0.19025918541726003,167.0,0.16819012797074953,46.0,0.08956340695087435,4.0,0.04285714285714286,0.0,0.0004329025703821566,0.5090000607261728,10522.590127665671,0.09765922700054436,0.044781703475437175,0.43822650952534714,0.25,0.08684998638714948
ÜSKÜDAR,VALİDE-İ ATİK,ÜSKÜDAR|VALİDE-İ ATİK,2022,0.176487157819262,1303414.9663526472,0.0435862696718703,0.7109085730561093,624.0,0.39488117001828155,108.0,0.2035739683500741,11.0,0.014285714285714285,0.0,0.0008502978702971307,0.5090000607261728,39317.94155487054,0.06136363636363633,0.03701344879092256,0.46395705521472397,0.375,0.08684998638714948
ÜSKÜDAR,YAVUZTÜRK,ÜSKÜDAR|YAVUZTÜRK,2022,0.27391530733314556,2022605.6472938205,0.0676360464307763,0.6539447450868698,574.0,0.4351005484460695,119.0,0.28171347135313285,19.0,0.08571428571428572,0.0,0.0005040456626732736,0.5090000607261725,36167.46546874308,0.07350332594235032,0.02965404961611925,0.528045574057844,0.4375,0.08684998638714948
ÜSKÜDAR,ZEYNEP KAMİL,ÜSKÜDAR|ZEYNEP KAMİL,2022,0.10324959668126296,762793.2699731773,0.0255078497847656,0.3634292224437482,319.0,0.16819012797074953,46.0,0.09881676914860499,6.0,0.05714285714285714,0.0,0.0007427677439885042,0.5090000607261728,20100.03742949311,0.05112567683100596,0.032938923049534996,0.47122215046819504,0.375,0.08684998638714948
ÜSKÜDAR,ÇENGELKÖY,ÜSKÜDAR|ÇENGELKÖY,2022,0.11771785613684668,869594.4092928978,0.029079285881344,0.5593847906579322,491.0,0.21572212065813529,59.0,0.38224382609391017,24.0,0.02857142857142857,0.0,0.001002845334133457,0.5090000607261728,30937.675165771525,0.04260322162562487,0.031853652174492514,0.35639328382305463,0.375,0.08684998638714948
ÜSKÜDAR,ÜNALAN,ÜSKÜDAR|ÜNALAN,2022,0.2944013384206977,2173828.499427938,0.0726929470984978,0.9433209911706066,828.0,0.5338208409506399,146.0,0.27794358305035366,17.0,0.08571428571428572,0.0111731843575419,0.000676510067114094,0.5090000607261725,52171.883986270506,0.06251646903820815,0.032699245064747494,0.6285568695511785,0.5,0.08684998638714948
ÜSKÜDAR,İCADİYE,ÜSKÜDAR|İCADİYE,2022,0.13616381996193014,1005757.985735326,0.0336326035242383,0.6436912560524067,565.0,0.30347349177330896,83.0,0.2024315779552925,11.0,0.02857142857142857,0.0,0.0009977555755321574,0.5090000607261728,35600.37977324014,0.05208366854384552,0.03680574144641682,0.2823296738779464,0.25,0.08684998638714948
ŞİLE,AHMETLİ,ŞİLE|AHMETLİ,2022,0.02445519961076541,61311.572165854195,0.0144336728802582,0.13899174024494446,122.0,0.1170018281535649,32.0,0.12486327014962456,6.0,0.04285714285714286,0.002793296089385475,0.0011961482346075287,0.054928959658279354,2601.7432362553777,0.09299552906110281,0.041621090049874854,0.12930860510171133,0.5,0.08684998638714948
ŞİLE,AKÇAKESE,ŞİLE|AKÇAKESE,2022,0.04242315604380596,106202.30587337528,0.0250016316325864,0.14354884648248362,126.0,0.06581352833638025,18.0,0.13742956449222174,8.0,0.0,0.0,0.0007131883237648581,0.05492895965827939,2687.046293181784,0.050649350649350625,0.034357391123055435,0.10292218275750725,0.1875,0.08684998638714948
ŞİLE,ALACALI,ŞİLE|ALACALI,2022,0.05275153005044685,132006.48059361303,0.0310763252621908,0.14468812304186843,127.0,0.010968921389396709,3.0,0.12532022630753717,2.0,0.0,0.00558659217877095,0.000578330496253971,0.054928959658279354,2708.372057413385,0.00837508947745165,0.12532022630753717,0.07127865676461091,0.3125,0.08684998638714948
ŞİLE,AVCIKORU,ŞİLE|AVCIKORU,2022,0.009474789377992881,23884.85593939363,0.0056228569133527,0.03076046710338935,27.0,0.007312614259597806,2.0,0.019649114790242842,1.0,0.0,0.0,0.000679530201342282,0.054928959658279354,575.7956342532393,0.026262626262626234,0.039298229580485684,0.1028818211172102,0.625,0.08684998638714948
ŞİLE,AĞAÇDERE,ŞİLE|AĞAÇDERE,2022,0.00921871398939848,23245.08301244559,0.0054722446746022,0.007974935915693534,7.0,0.0,0.0,0.0,0.0,0.0,0.0,0.00018102333600147777,0.054928959658279354,149.2803496212102,0.0,0.0,0.010494026477236034,0.3125,0.08684998638714948
ŞİLE,AĞVA MERKEZ,ŞİLE|AĞVA MERKEZ,2022,0.02210784188198339,55446.9870021638,0.0130530606917118,0.11278837937909428,99.0,0.025594149908592323,7.0,0.01188086010572823,2.0,0.0,0.002793296089385475,0.0010733092410944761,0.05492895965827939,2111.2506589285445,0.025068870523415974,0.01188086010572823,0.033500161446561184,0.1875,0.08684998638714948
ŞİLE,BALİBEY,ŞİLE|BALİBEY,2022,0.003055832970559866,7847.881237229338,0.001847510128673,0.32127598974651095,282.0,0.19378427787934185,53.0,0.06877190176584994,4.0,0.0,0.00558659217877095,0.021600525240735337,0.05492895965827939,6013.865513311612,0.06663442940038684,0.034385950882924975,0.19212140781401355,0.3125,0.08684998638714948
ŞİLE,BIÇKIDERE,ŞİLE|BIÇKIDERE,2022,0.02654648195095303,66536.38440259657,0.0156636728300541,0.09455995442893762,83.0,0.007312614259597806,2.0,0.0,0.0,0.0,0.0,0.000749870934434693,0.05492895965827943,1770.0384312229216,0.008543263964950684,0.0,0.051057474975783015,0.25,0.08684998638714948
ŞİLE,BOZGOCA,ŞİLE|BOZGOCA,2022,0.009645506303722483,24311.371224025665,0.0057232650725197,0.13215608088863573,116.0,0.010968921389396709,3.0,0.0,0.0,0.0,0.0,0.002868244436594843,0.05492895965827939,2473.7886508657693,0.009169278996865189,0.0,0.06175330965450436,0.1875,0.08684998638714948
ŞİLE,BUCAKLI,ŞİLE|BUCAKLI,2022,0.030472971242733862,76346.23594913323,0.0179730604908954,0.027342637425234975,24.0,0.025594149908592323,7.0,0.0060546690923422705,1.0,0.0,0.0,0.0001889692924899704,0.05492895965827939,511.81834155843507,0.10340909090909091,0.012109338184684541,0.05771714562479819,0.3125,0.08684998638714948
ŞİLE,DARLIK,ŞİLE|DARLIK,2022,0.015364523315664132,38599.63325919864,0.0090869384046147,0.013671318712617488,12.0,0.014625228519195612,4.0,0.0,0.0,0.0,0.0,0.00018688123400941822,0.05492895965827939,255.90917077921753,0.11818181818181817,0.0,0.029867613819825636,0.25,0.08684998638714948
ŞİLE,DEĞİRMENÇAYIRI,ŞİLE|DEĞİRMENÇAYIRI,2022,0.045325343781209185,113453.06571211976,0.0267085703384257,0.07177442324124181,63.0,0.021937842778793418,6.0,0.016107704566420005,1.0,0.0,0.0,0.0003338043094312964,0.05492895965827939,1343.523146590892,0.03376623376623375,0.03221540913284001,0.06488459174851834,0.0,0.08684998638714948
ŞİLE,DOĞANCILI,ŞİLE|DOĞANCILI,2022,0.07229861804648621,180842.48068398036,0.0425730594868139,0.10367416690401594,91.0,0.04753199268738574,13.0,0.006854342368689363,1.0,0.014285714285714285,0.0,0.0003024882866911485,0.054928959658279354,1940.6445450757328,0.050649350649350625,0.013708684737378726,0.09484985469809494,0.1875,0.08684998638714948
ŞİLE,ERENLER,ŞİLE|ERENLER,2022,0.012206260189666505,30709.100493506103,0.007229387460025,0.012532042153232698,11.0,0.003656307129798903,1.0,0.0,0.0,0.0,0.0,0.00021532438478747204,0.05492895965827939,234.58340654761608,0.03223140495867768,0.0,0.014126574103971584,0.3125,0.08684998638714948
ŞİLE,ESENCELİ,ŞİLE|ESENCELİ,2022,0.00580437547480645,14714.777319805007,0.0034640814912619,0.0022785531187695814,2.0,0.0,0.0,0.0,0.0,0.0,0.0,8.170411438576014e-05,0.05492895965827939,42.65152846320292,0.0,0.0,0.04342912495963836,0.3125,0.08684998638714948
ŞİLE,GEREDELİ,ŞİLE|GEREDELİ,2022,0.05497085008493167,137551.17929382942,0.0323816313313619,0.09911706066647678,87.0,0.03290676416819013,9.0,0.06385962306828924,5.0,0.0,0.0,0.0003802091462462932,0.05492895965827939,1855.341488149327,0.03667711598746079,0.025543849227315694,0.033500161446561184,0.25,0.08684998638714948
ŞİLE,GÖKMAŞLI,ŞİLE|GÖKMAŞLI,2022,0.016815617184365743,42225.013178570895,0.0099404077575343,0.011392765593847906,10.0,0.003656307129798903,1.0,0.01759281207963603,1.0,0.0,0.0,0.00014236322961155178,0.05492895965827939,213.2576423160146,0.035454545454545454,0.03518562415927206,0.02108895705521472,0.25,0.08684998638714948
ŞİLE,GÖKSU,ŞİLE|GÖKSU,2022,0.024753954230792213,62057.97391396025,0.0146093871588005,0.015949871831387068,14.0,0.014625228519195612,4.0,0.0283312817905827,2.0,0.0,0.0,0.00013561198367121016,0.05492895965827939,298.56069924242047,0.10129870129870129,0.0283312817905827,0.03785921859864385,0.625,0.08684998638714948
ŞİLE,GÖÇE,ŞİLE|GÖÇE,2022,0.06623816718308537,165701.18807954335,0.0390085698363849,0.06721731700370265,59.0,0.051188299817184646,14.0,0.0,0.0,0.0,0.0,0.0002140395428986033,0.05492895965827939,1258.2200896644863,0.08412942989214173,0.0,0.040592278241616306,0.4375,0.08684998638714948
ŞİLE,HACI KASIM,ŞİLE|HACI KASIM,2022,0.0007938337046426468,2196.5537158549505,0.0005171020197101,0.04329250925662204,38.0,0.04021937842778794,11.0,0.1133251271623308,3.0,0.014285714285714285,0.0,0.010399426598032188,0.05492895965827939,810.3790408008555,0.10263157894736842,0.0755500847748872,0.43913464643203104,0.125,0.08684998638714948
ŞİLE,HACILLI,ŞİLE|HACILLI,2022,0.021510332641929784,53954.183505951696,0.0127016321346272,0.026203360865850185,23.0,0.003656307129798903,1.0,0.0,0.0,0.0,0.0,0.00025625381330079315,0.05492895965827939,490.4925773268336,0.015415019762845844,0.0,0.0,0.1875,0.08684998638714948
ŞİLE,HASANLI,ŞİLE|HASANLI,2022,0.021937124956253787,55020.47171753177,0.0129526525325447,0.02164625462831102,19.0,0.003656307129798903,1.0,0.0735699414239325,2.0,0.0,0.0,0.00020758545341033246,0.05492895965827939,405.18952040042774,0.018660287081339703,0.0735699414239325,0.014126574103971584,0.3125,0.08684998638714948
ŞİLE,KABAKOZ,ŞİLE|KABAKOZ,2022,0.05599515163930928,140110.2710016216,0.032984080286364,0.21304471660495586,187.0,0.14625228519195613,40.0,0.08899221175348357,5.0,0.0,0.0,0.0008023045570163342,0.054928959658279354,3987.917911309472,0.075838599902771,0.035596884701393425,0.12528253148207943,0.3125,0.08684998638714948
ŞİLE,KADIKÖY,ŞİLE|KADIKÖY,2022,0.01638882487004174,41158.72496699082,0.0096893873596168,0.003417829678154372,3.0,0.007312614259597806,2.0,0.0,0.0,0.0,0.0,4.381541885453977e-05,0.05492895965827939,63.97729269480438,0.23636363636363633,0.0,0.02926218921536971,0.125,0.08684998638714948
ŞİLE,KALEM,ŞİLE|KALEM,2022,0.02680255733954743,67176.1573295446,0.0158142850688046,0.02962119054400456,26.0,0.003656307129798903,1.0,0.0,0.0,0.0,0.0,0.00023266219239373605,0.05492895965827939,554.469870021638,0.013636363636363615,0.0,0.05125928317726832,0.1875,0.08684998638714948
ŞİLE,KARABEYLİ,ŞİLE|KARABEYLİ,2022,0.018949578755985762,47556.454236471254,0.011195509747122,0.05354599829108516,47.0,0.010968921389396709,3.0,0.007197059487123832,1.0,0.0,0.0,0.0005940951635717941,0.05492895965827939,1002.3109188852686,0.02263056092843325,0.014394118974247664,0.06861478850500484,0.5,0.08684998638714948
ŞİLE,KARACAKÖY,ŞİLE|KARACAKÖY,2022,0.02466859576792741,61844.71627164423,0.014559183079217,0.13215608088863573,116.0,0.025594149908592323,7.0,0.09230514389835011,3.0,0.0,0.0,0.00112751677852349,0.05492895965827939,2473.7886508657693,0.021394984326018808,0.06153676259890006,0.05626412657410396,0.3125,0.08684998638714948
ŞİLE,KARAKİRAZ,ŞİLE|KARAKİRAZ,2022,0.0233028603620906,58432.593994588,0.0137559178058809,0.11392765593847906,100.0,0.0,0.0,0.06740103329211207,2.0,0.0,0.0,0.001028756184784206,0.05492895965827939,2132.576423160146,0.0,0.06740103329211207,0.05432676783984501,0.3125,0.08684998638714948
ŞİLE,KARAMANDERE,ŞİLE|KARAMANDERE,2022,0.02791221735678984,69948.5066796528,0.0164669381033902,0.05696382796923953,50.0,0.010968921389396709,3.0,0.0,0.0,0.0,0.0,0.0004296938942543788,0.05492895965827939,1066.288211580073,0.02127272727272727,0.0,0.041976105908944135,0.375,0.08684998638714948
ŞİLE,KERVANSARAY,ŞİLE|KERVANSARAY,2022,0.029277952762626652,73360.62895670903,0.0172702033767263,0.08088863571632014,71.0,0.007312614259597806,2.0,0.0,0.0,0.0,0.0,0.0005817855470579055,0.05492895965827939,1514.1292604437035,0.009987195902688845,0.0,0.08344769131417501,0.5,0.08684998638714948
ŞİLE,KIZILCA,ŞİLE|KIZILCA,2022,0.050873643867421235,127314.81246266072,0.0299718355113536,0.048988892053546,43.0,0.010968921389396709,3.0,0.14748259996629948,3.0,0.02857142857142857,0.0,0.0002030285656470271,0.05492895965827939,917.0078619588628,0.02473572938689217,0.0983217333108663,0.06570875040361639,0.3125,0.08684998638714948
ŞİLE,KORUCU,ŞİLE|KORUCU,2022,0.019547087996039367,49049.25773268336,0.0115469383042066,0.007974935915693534,7.0,0.0,0.0,0.0,0.0,0.0,0.0,8.578932010504814e-05,0.05492895965827939,149.28034962121023,0.0,0.0,0.05317646109137875,0.25,0.08684998638714948
ŞİLE,KUMBABA,ŞİLE|KUMBABA,2022,0.03235085742575948,81037.90408008554,0.0190775502417326,0.23469097123326688,206.0,0.14990859232175502,41.0,0.314043119525451,17.0,0.0,0.0,0.0015280819498410456,0.054928959658279354,4393.1074317099,0.07056487202118268,0.03694624935593541,0.25427833387148857,0.1875,0.08684998638714948
ŞİLE,KURFALLI,ŞİLE|KURFALLI,2022,0.02535146347084582,63550.77741017235,0.014960815715885,0.03873540301908288,34.0,0.003656307129798903,1.0,0.0,0.0,0.0,0.0,0.00032160713481374715,0.054928959658279354,725.0759838744495,0.010427807486630997,0.0,0.06013884404262189,0.25,0.08684998638714948
ŞİLE,KURNA,ŞİLE|KURNA,2022,0.019291012607444966,48409.484805735316,0.011396326065456,0.05924238108800912,52.0,0.014625228519195612,4.0,0.13411663234735519,3.0,0.0,0.0,0.0006457144546610296,0.05492895965827939,1108.939740043276,0.02727272727272726,0.08941108823157014,0.11644333225702293,0.125,0.08684998638714948
ŞİLE,KÖMÜRLÜK,ŞİLE|KÖMÜRLÜK,2022,0.01971780492176897,49475.77301731538,0.0116473464633736,0.05354599829108516,47.0,0.0,0.0,0.0,0.0,0.0,0.0,0.000571048368433233,0.054928959658279354,1002.3109188852684,0.0,0.0,0.07910881498224089,0.375,0.08684998638714948
ŞİLE,MEŞRUTİYET,ŞİLE|MEŞRUTİYET,2022,0.017916741355321675,44976.03676444748,0.0105880403841616,0.08658501851324409,76.0,0.10968921389396709,30.0,0.13423087138683337,6.0,0.014285714285714285,0.0,0.0010157808815526937,0.05492895965827939,1620.758081601711,0.13995215311004783,0.04474362379561112,0.13601872780109786,0.1875,0.08684998638714948
ŞİLE,ORUÇOĞLU,ŞİLE|ORUÇOĞLU,2022,0.03380195129446109,84663.2839994578,0.0199310195946522,0.0968385075477072,85.0,0.0,0.0,0.0,0.0,0.0,0.0,0.0006035196862373845,0.05492895965827939,1812.689959686124,0.0,0.0,0.07563771391669356,0.3125,0.08684998638714948
ŞİLE,OSMANKÖY,ŞİLE|OSMANKÖY,2022,0.023644294213549803,59285.624563852056,0.0139567341242149,0.025064084306465395,22.0,0.010968921389396709,3.0,0.007197059487123832,1.0,0.0,0.0,0.0002230698662546473,0.054928959658279354,469.166813095232,0.048347107438016505,0.014394118974247664,0.008274136260897643,0.375,0.08684998638714948
ŞİLE,OVACIK,ŞİLE|OVACIK,2022,0.014852372538475328,37320.087405302555,0.0087857139271137,0.03759612645969809,33.0,0.0,0.0,0.0,0.0,0.0,0.0,0.0005315436241610738,0.05492895965827939,703.7502196428483,0.0,0.0,0.037939941879237965,0.1875,0.08684998638714948
ŞİLE,SAHİLKÖY,ŞİLE|SAHİLKÖY,2022,0.0819441243502087,204940.59426569004,0.0482461204797501,0.13101680432925092,115.0,0.08043875685557587,22.0,0.04832311369926001,2.0,0.014285714285714285,0.002793296089385475,0.00033731641397034693,0.05492895965827939,2452.462886634168,0.06782608695652172,0.04832311369926001,0.06800936390054892,0.25,0.08684998638714948
ŞİLE,SATMAZLI,ŞİLE|SATMAZLI,2022,0.038667383677754734,96818.96961147065,0.0227926521309121,0.04329250925662204,38.0,0.003656307129798903,1.0,0.022162373658762276,1.0,0.0,0.0,0.00023593412766460695,0.05492895965827939,810.3790408008555,0.009330143540669852,0.04432474731752455,0.04173393606716176,0.3125,0.08684998638714948
ŞİLE,SOFULAR,ŞİLE|SOFULAR,2022,0.02569289732230502,64403.80797943641,0.0151616320342191,0.05240672173170037,46.0,0.010968921389396709,3.0,0.12532022630753717,2.0,0.0,0.00558659217877095,0.0004293524156629184,0.05492895965827939,980.9851546536672,0.023122529644268763,0.12532022630753717,0.09434533419438167,0.25,0.08684998638714948
ŞİLE,SORTULLU,ŞİLE|SORTULLU,2022,0.01058444939523529,26657.205289501824,0.0062755099479383,0.013671318712617488,12.0,0.003656307129798903,1.0,0.0,0.0,0.0,0.0,0.0002706040268456376,0.05492895965827939,255.90917077921753,0.02954545454545453,0.0,0.0062560542460445585,0.25,0.08684998638714948
ŞİLE,SOĞULLU,ŞİLE|SOĞULLU,2022,0.017413126424419348,43717.816674783,0.0102918363146189,0.01708914839077186,15.0,0.003656307129798903,1.0,0.0,0.0,0.0,0.0,0.00020625306924210184,0.05492895965827939,319.8864634740219,0.023636363636363608,0.0,0.01574103971585405,0.375,0.08684998638714948
ŞİLE,TEKE,ŞİLE|TEKE,2022,0.04242315604380596,106202.30587337528,0.0250016316325864,0.04101395613785246,36.0,0.018281535648994516,5.0,0.0,0.0,0.02857142857142857,0.0,0.00020376809250424518,0.05492895965827939,767.7275123376526,0.04924242424242424,0.0,0.012915724895059735,0.4375,0.08684998638714948
ŞİLE,ULUPELİT,ŞİLE|ULUPELİT,2022,0.020059238773228173,50328.803586579445,0.0118481627817076,0.013671318712617488,12.0,0.014625228519195612,4.0,0.0,0.0,0.0,0.0,0.00014332840404959618,0.05492895965827939,255.90917077921753,0.11818181818181817,0.0,0.04367129480142073,0.3125,0.08684998638714948
ŞİLE,YAKA,ŞİLE|YAKA,2022,0.0234735772878202,58859.10927922003,0.0138563259650479,0.028481913984619765,25.0,0.021937842778793418,6.0,0.016107704566420005,1.0,0.0,0.0,0.00025532535745550046,0.05492895965827939,533.1441057900365,0.08509090909090908,0.03221540913284001,0.017759121730707136,0.1875,0.08684998638714948
ŞİLE,YAYLALI,ŞİLE|YAYLALI,2022,0.005633658549076848,14288.262035172977,0.0033636733320949,0.005696382796923953,5.0,0.0,0.0,0.0,0.0,0.0,0.0,0.00021035760793348696,0.054928959658279354,106.62882115800728,0.0,0.0,0.022118178882789795,0.3125,0.08684998638714948
ŞİLE,YAZIMANAYIR,ŞİLE|YAZIMANAYIR,2022,0.01732776796155455,43504.559032466976,0.0102416322350354,0.027342637425234975,24.0,0.0,0.0,0.0,0.0,0.0,0.0,0.0003316225819186735,0.054928959658279354,511.818341558435,0.0,0.0,0.007830158217629965,0.3125,0.08684998638714948
ŞİLE,YENİKÖY,ŞİLE|YENİKÖY,2022,0.03824059136343073,95752.68139989056,0.0225416317329946,0.02164625462831102,19.0,0.0,0.0,0.0,0.0,0.0,0.0,0.00011928072824023557,0.05492895965827939,405.18952040042774,0.0,0.0,0.06452817242492735,0.5,0.08684998638714948
ŞİLE,YEŞİLVADİ,ŞİLE|YEŞİLVADİ,2022,0.017669201813013753,44357.58960173104,0.0104424485533694,0.05240672173170037,46.0,0.03290676416819013,9.0,0.022162373658762276,1.0,0.0,0.0,0.0006233866804336603,0.05492895965827939,980.9851546536672,0.06936758893280633,0.04432474731752455,0.06323323646539662,0.5625,0.08684998638714948
ŞİLE,ÇATAKLI,ŞİLE|ÇATAKLI,2022,0.020656748013281778,51821.60708279155,0.0121995913387921,0.009114212475078326,8.0,0.003656307129798903,1.0,0.0,0.0,0.0,0.0,9.279973485790042e-05,0.05492895965827939,170.6061138528117,0.04431818181818181,0.0,0.007265095253471099,0.1875,0.08684998638714948
ŞİLE,ÇAVUŞ,ŞİLE|ÇAVUŞ,2022,0.08954102754517597,223920.52443181537,0.0527142835626823,0.5309028766733125,466.0,0.29981718464351004,82.0,0.2924519410640795,13.0,0.014285714285714285,0.0,0.001251006711409396,0.05492895965827939,9937.806131926282,0.06238782676550916,0.04499260631755069,0.15749112043913463,0.3125,0.08684998638714948
ŞİLE,ÇAYIRBAŞI,ŞİLE|ÇAYIRBAŞI,2022,0.009577219533430641,24140.76511017285,0.0056831018088529,0.11392765593847906,100.0,0.062157221206581355,17.0,0.07505504893714852,4.0,0.014285714285714285,0.0,0.002490098892498874,0.054928959658279354,2132.5764231601456,0.06027272727272727,0.03752752446857426,0.15186067161769454,0.25,0.08684998638714948
ŞİLE,ÇELEBİ,ŞİLE|ÇELEBİ,2022,0.014681655612745726,36893.57212067053,0.0086853057679467,0.05354599829108516,47.0,0.003656307129798903,1.0,0.0,0.0,0.0,0.0,0.0007657989680723126,0.05492895965827939,1002.3109188852686,0.0075435203094777374,0.0,0.03228931223764934,0.1875,0.08684998638714948
ŞİLE,ÇENGİLLİ,ŞİLE|ÇENGİLLİ,2022,0.017669201813013753,44357.58960173104,0.0104424485533694,0.026203360865850185,23.0,0.003656307129798903,1.0,0.0735699414239325,2.0,0.0,0.0,0.00031169334021683017,0.05492895965827939,490.4925773268336,0.015415019762845844,0.0735699414239325,0.006861478850500483,0.1875,0.08684998638714948
ŞİLE,ÜVEZLİ,ŞİLE|ÜVEZLİ,2022,0.03926489291780834,98311.77310768272,0.0231440806879967,0.16063799487325547,141.0,0.007312614259597806,2.0,0.0,0.0,0.0,0.00558659217877095,0.000862146777504404,0.05492895965827939,3006.932756655806,0.005029013539651813,0.0,0.05973522763965127,0.375,0.08684998638714948
ŞİLE,İMRENDERE,ŞİLE|İMRENDERE,2022,0.03132655587138187,78478.81237229338,0.0184751012867305,0.06721731700370265,59.0,0.07678244972577697,21.0,0.0,0.0,0.0,0.0,0.00045192588269623587,0.05492895965827939,1258.2200896644863,0.12619414483821262,0.0,0.17170994972092807,0.4375,0.08684998638714948
ŞİLE,İMRENLİ,ŞİLE|İMRENLİ,2022,0.02791221735678984,69948.5066796528,0.0164669381033902,0.06266021076616349,55.0,0.021937842778793418,6.0,0.1172092545045881,4.0,0.0,0.0,0.00047266328367981674,0.05492895965827939,1172.9170327380805,0.03867768595041319,0.05860462725229405,0.10292218275750725,0.1875,0.08684998638714948
ŞİLE,İSAKÖY,ŞİLE|İSAKÖY,2022,0.013571995595503317,34121.22277056234,0.0080326527333611,0.03303902022215893,29.0,0.021937842778793418,6.0,0.0,0.0,0.0,0.0,0.0005109060402684564,0.05492895965827939,618.4471627164423,0.07335423197492161,0.0,0.028656764610913786,0.3125,0.08684998638714948
ŞİLE,ŞUAYİPLİ,ŞİLE|ŞUAYİPLİ,2022,0.022790709584901796,57153.048140691906,0.0134546933283798,0.06493876388493307,57.0,0.0,0.0,0.0,0.0,0.0,0.0,0.0005995191826104378,0.054928959658279354,1215.568561201283,0.0,0.0,0.05065385857281239,0.375,0.08684998638714948
ŞİŞLİ,19 MAYIS,ŞİŞLİ|19 MAYIS,2022,0.09899020938430941,855856.5385603554,0.0420016935291265,0.28937624608373685,247.0,0.39853747714808047,80.0,0.1827824631650497,8.0,0.02857142857142857,0.0,0.0006168460018630276,0.6258487592770405,18729.004979265123,0.1521474588403722,0.045695615791262426,0.36648369389732,0.25,0.08684998638714948
ŞİŞLİ,BOZKURT,ŞİŞLİ|BOZKURT,2022,0.08776557151758811,758893.3828606167,0.0372431661757362,0.5035602392480775,429.0,0.3473491773308958,87.0,0.4269112905298692,23.0,0.02857142857142857,0.0,0.0012105577538558652,0.6258487592770405,32591.418113524345,0.07620320855614973,0.0371227209156408,0.2432192444300936,0.3125,0.08684998638714948
ŞİŞLİ,CUMHURİYET,ŞİŞLİ|CUMHURİYET,2022,0.06902938891876435,597042.3358941327,0.0293002250801531,0.21418399316434064,188.0,0.4716636197440585,90.0,0.25338218956255015,11.0,0.04285714285714286,0.0,0.0006544805309448441,0.6258487592770408,13862.413134259226,0.24327852998065763,0.046069489011372755,0.36527284468840815,0.5,0.08684998638714948
ŞİŞLİ,DUATEPE,ŞİŞLİ|DUATEPE,2022,0.06590526917791265,570054.8720263728,0.0279757984555593,0.32355454286528057,280.0,0.5118829981718465,120.0,0.428967593240476,24.0,0.014285714285714285,0.0,0.001035489474520344,0.6258487592770408,20941.092181540535,0.17477592829705502,0.035747299436706334,0.34032935098482403,0.3125,0.08684998638714948
ŞİŞLİ,ERGENEKON,ŞİŞLİ|ERGENEKON,2022,0.020460423548692735,177483.1298625636,0.0087100953152931,0.09228140131016804,81.0,0.06946983546617916,15.0,0.26549152774723467,10.0,0.0,0.0,0.0009485756030370034,0.6258487592770408,5972.635446143603,0.08316498316498315,0.05309830554944694,0.3237003551824347,0.375,0.08684998638714948
ŞİŞLİ,ESENTEPE,ŞİŞLİ|ESENTEPE,2022,0.062499466509607096,540634.1122361098,0.0265319563156333,0.2335516946738821,205.0,0.18281535648994515,36.0,0.15113824922960048,6.0,0.02857142857142857,0.0,0.0007881237711310537,0.6258487592770408,15115.929215548626,0.08647450110864743,0.05037941640986682,0.26820309977397483,0.75,0.08684998638714948
ŞİŞLİ,ESKİŞEHİR,ŞİŞLİ|ESKİŞEHİR,2022,0.10313009483325224,891618.6149971412,0.0437567397393123,0.3793790942751353,329.0,0.2376599634369287,62.0,0.3880700171072961,22.0,0.0,0.0,0.0007762634122732431,0.6258487592770405,24554.16794525703,0.06920556920556917,0.03527909246429965,0.25326929286406197,0.375,0.08684998638714948
ŞİŞLİ,FERİKÖY,ŞİŞLİ|FERİKÖY,2022,0.1201078930970611,1038279.9965080008,0.0509542385270639,0.19937339789233838,168.0,0.3510054844606947,79.0,0.4245122707008279,24.0,0.05714285714285714,0.0,0.00035032212953911427,0.6258487592770408,12903.842013273215,0.1944935064935065,0.03537602255840233,0.40785437520180823,0.375,0.08684998638714948
ŞİŞLİ,FULYA,ŞİŞLİ|FULYA,2022,0.14862615554019104,1284632.7746014055,0.063044154791457,0.37482198803759614,328.0,0.2449725776965265,61.0,0.16964497362506176,9.0,0.014285714285714285,0.0,0.0005323054473284184,0.6258487592770408,24259.222984953645,0.07220226581928707,0.0376988830277915,0.39121961345080497,0.4375,0.08684998638714948
ŞİŞLİ,GÜLBAHAR,ŞİŞLİ|GÜLBAHAR,2022,0.20904287555589698,1806537.88185825,0.0886569735042302,0.5628026203360866,494.0,0.38391224862888484,91.0,0.21122798399511053,12.0,0.04285714285714286,0.0,0.000568360498561841,0.6258487592770408,36425.70259746839,0.07535885167464114,0.03520466399918509,0.2813782923566585,0.4375,0.08684998638714948
ŞİŞLİ,HALASKARGAZİ,ŞİŞLİ|HALASKARGAZİ,2022,0.01397318037096788,121443.58740491992,0.0059599198106721,0.4078610082597551,357.0,0.20840950639853748,46.0,0.19523451846816872,11.0,0.02857142857142857,0.0,0.006127064461314654,0.6258487592770408,26397.573947153207,0.05644997460639916,0.03549718517603067,0.2182757507265095,0.3125,0.08684998638714948
ŞİŞLİ,HALİDE EDİP ADIVAR,ŞİŞLİ|HALİDE EDİP ADIVAR,2022,0.1456812885713554,1259193.7717752382,0.0617957198584383,0.3417829678154372,283.0,0.4424131627056673,107.0,0.13468782754474598,8.0,0.014285714285714285,0.0,0.000495190949167077,0.6258487592770405,22120.87202275408,0.143,0.033671956886186495,0.258475944462383,0.3125,0.08684998638714948
ŞİŞLİ,HALİL RIFAT PAŞA,ŞİŞLİ|HALİL RIFAT PAŞA,2022,0.05618294025761184,486069.29457998305,0.0238541538506075,0.1219025918541726,107.0,0.05850091407678245,14.0,0.10487143824094726,2.0,0.0,0.0,0.0004575405616732912,0.6258487592770405,7889.777688115622,0.053016142735768886,0.10487143824094726,0.37879399418792387,0.375,0.08684998638714948
ŞİŞLİ,HARBİYE,ŞİŞLİ|HARBİYE,2022,0.018326461977072717,159049.06984360187,0.007805432320352,0.15038450583879237,132.0,0.10237659963436929,28.0,0.20231733891581438,5.0,0.2,0.0,0.001724990898992822,0.6258487592770408,9733.183690011798,0.07520661157024792,0.08092693556632576,0.20974599074373043,0.5625,0.08684998638714948
ŞİŞLİ,KAPTANPAŞA,ŞİŞLİ|KAPTANPAŞA,2022,0.02786953812535744,241486.18624839876,0.0118510852337287,0.04215323269723725,37.0,0.018281535648994516,5.0,0.031187257777536604,1.0,0.0,0.0,0.00031845893744556587,0.6258487592770408,2728.240882806337,0.04791154791154789,0.06237451555507321,0.46698417823700356,0.3125,0.08684998638714948
ŞİŞLİ,KUŞTEPE,ŞİŞLİ|KUŞTEPE,2022,0.14038052802745127,1213403.5666881374,0.0595485369790045,0.6790088293933352,596.0,0.26691042047531993,73.0,0.21876776060066885,13.0,0.0,0.0,0.001020904229460379,0.6258487592770408,43946.79908520478,0.04342586943258082,0.03365657855394905,0.3616402970616726,0.375,0.08684998638714948
ŞİŞLİ,MAHMUT ŞEVKET PAŞA,ŞİŞLİ|MAHMUT ŞEVKET PAŞA,2022,0.15933864262972353,1377171.7558965934,0.0675855630260615,0.39418968954713757,343.0,0.2522851919561243,68.0,0.07174211679228201,2.0,0.0,0.0,0.0005221941497150608,0.6258487592770408,25512.739066243044,0.07070415133998949,0.071742116792282,0.43259606070390705,0.3125,0.08684998638714948
ŞİŞLİ,MECİDİYEKÖY,ŞİŞLİ|MECİDİYEKÖY,2022,0.17068278234445555,1475167.218957394,0.0723947515071685,0.4819139846197664,423.0,0.43875685557586835,111.0,0.2007179923631202,11.0,0.02857142857142857,0.0,0.0005959956979349148,0.6258487592770405,31190.429552083253,0.10058027079303673,0.03649418042965822,0.4679528576041331,0.3125,0.08684998638714948
ŞİŞLİ,SARIYER MERKEZ,ŞİŞLİ|SARIYER MERKEZ,2022,0.11473884578286514,991899.9015002932,0.048678106431792,0.42153232697237253,360.0,0.9323583180987203,187.0,0.2721173920369678,14.0,0.02857142857142857,0.0,0.0007753144663501548,0.6258487592770408,27282.408828063373,0.2443488943488943,0.03887391314813825,0.3994793348401679,0.75,0.08684998638714948
ŞİŞLİ,MEŞRUTİYET,ŞİŞLİ|MEŞRUTİYET,2022,0.06437735269263271,556856.0850527962,0.0273280597511814,0.2814013101680433,243.0,0.4424131627056673,97.0,0.14188488703186986,6.0,0.014285714285714285,0.0,0.0009219300989648506,0.6258487592770408,18212.851298734196,0.17368421052631577,0.047294962343956616,0.31159186309331616,0.375,0.08684998638714948
ŞİŞLİ,PAŞA,ŞİŞLİ|PAŞA,2022,0.16695261751726376,1442944.4820442488,0.0708134005920114,0.48077470806038164,413.0,0.21206581352833637,56.0,0.24755599854916419,10.0,0.02857142857142857,0.0,0.0006078645824223426,0.6258487592770408,31116.693312007417,0.04872899612236103,0.04951119970983284,0.37889489828866646,0.5,0.08684998638714948
ŞİŞLİ,TEŞVİKİYE,ŞİŞLİ|TEŞVİKİYE,2022,0.09614777257091155,831302.3706150984,0.0407966824198649,0.3531757334092851,302.0,0.20475319926873858,45.0,0.07745406876618981,2.0,0.14285714285714285,0.0,0.0007750802761714607,0.6258487592770405,22858.23442351255,0.06404692082111434,0.07745406876618981,0.25750726509525346,0.5625,0.08684998638714948
ŞİŞLİ,YAYLA,ŞİŞLİ|YAYLA,2022,0.0994170016986334,859543.3505641478,0.0421826261281147,0.2677299914554258,231.0,0.043875685557586835,10.0,0.27051804548427355,8.0,0.0,0.0,0.0005682560756477226,0.6258487592770405,17328.01641782403,0.0181044487427466,0.06762951137106839,0.4948337100419761,0.3125,0.08684998638714948
ŞİŞLİ,İNÖNÜ,ŞİŞLİ|İNÖNÜ,2022,0.030711974938755302,266040.3541936558,0.0130560963429903,0.24950156650526917,219.0,0.06946983546617916,17.0,0.2662912010235818,9.0,0.08571428571428572,0.0,0.001710962960758345,0.6258487592770408,16148.23657661048,0.03075965130759651,0.059175822449684834,0.1949467226348079,0.375,0.08684998638714948
ŞİŞLİ,İZZET PAŞA,ŞİŞLİ|İZZET PAŞA,2022,0.06637474072366904,574110.3652305444,0.0281748243144463,0.23924807747080604,210.0,0.41316270566727603,104.0,0.09036308022722145,6.0,0.014285714285714285,0.0,0.0007602701113856052,0.6258487592770408,15484.61041592786,0.19077922077922077,0.03012102674240715,0.5230868582499193,0.1875,0.08684998638714948
ADALAR,BURGAZADA,ADALAR|BURGAZADA,2023,0.012744018505714749,139393.96335596126,0.0990575364133658,0.3577328396468243,271.0,0.043875685557586835,12.0,0.0,0.0,0.014285714285714285,0.0,0.005888893354231137,0.8329028694891322,29121.5598760957,0.013549507817023724,0.0,0.267678398450113,0.0,0.045669569805855494
ADALAR,HEYBELİADA,ADALAR|HEYBELİADA,2023,0.034544569921384854,376261.6828577077,0.2673828511171159,0.21988037596126458,180.0,0.07312614259597806,18.0,0.0,0.0,0.04285714285714286,0.0,0.0013409584560946115,0.8329028694891318,17899.55750346009,0.036740461610927914,0.0,0.267678398450113,0.0,0.04832278337417189
ADALAR,KINALIADA,ADALAR|KINALIADA,2023,0.015680349628263895,171297.83786990048,0.1217293877282014,0.32241526630589573,262.0,0.12797074954296161,33.0,0.22509279541977611,5.0,0.0,0.0,0.004318993615621923,0.832902869489132,26246.501416990708,0.04384837777063923,0.09003711816791045,0.267678398450113,0.0,0.048564571796631144
ADALAR,MADEN,ADALAR|MADEN,2023,0.034168992684779735,372180.9547222039,0.2644829631582416,0.2529193961834235,217.0,0.17184643510054845,46.0,0.05691388946801734,3.0,0.02857142857142857,0.0,0.0015593616049851408,0.832902869489132,20589.12832004218,0.07506142506142505,0.037942592978678226,0.16790442363577654,0.0625,0.10652127187011909
ADALAR,NİZAM,ADALAR|NİZAM,2023,0.031949672650294914,348067.5611942266,0.2473472615830752,0.1708914839077186,145.0,0.1425959780621572,39.0,0.03458206123402914,2.0,0.02857142857142857,0.0,0.0011266154861345823,0.8329028694891322,13911.573189217692,0.09218181818181818,0.03458206123402914,0.25508556667742976,0.0625,0.06082757667279364
ARNAVUTKÖY,ADNAN MENDERES,ARNAVUTKÖY|ADNAN MENDERES,2023,0.0421073297312062,309094.8760267362,0.0147694642894492,0.12076331529478782,106.0,0.4753199268738574,130.0,1.0,12.0,0.02857142857142857,0.0,0.0006044749065521441,0.503796539880308,6628.374844999806,0.434819897084048,0.16666666666666666,0.18647077817242494,0.375,0.1634988429077049
ARNAVUTKÖY,ANADOLU,ARNAVUTKÖY|ANADOLU,2023,0.5013102524049747,3673120.173540458,0.1755125090759149,0.48419253773853604,425.0,1.0,270.0,1.0,26.0,0.07142857142857142,0.0,0.00020394732331991967,0.503796539880308,26576.0312181596,0.22816042780748663,0.07692307692307691,0.3919115272844689,0.25,0.06388775805873034
ARNAVUTKÖY,ARNAVUTKÖY MERKEZ,ARNAVUTKÖY|ARNAVUTKÖY MERKEZ,2023,0.17021331079869914,1247572.703137652,0.0596127012014569,0.5354599829108516,470.0,1.0,270.0,1.0,30.0,0.0,0.0,0.0006640430127638217,0.503796539880308,29389.963935376494,0.20631528046421663,0.06666666666666667,0.3154766709719083,0.5,0.15740729555867974
ARNAVUTKÖY,ATATÜRK,ARNAVUTKÖY|ATATÜRK,2023,0.11193908820089968,820667.8440167685,0.0392139286535973,0.20393050412987754,179.0,0.14990859232175502,41.0,0.30982198701673314,8.0,0.0,0.0,0.0003844588223020891,0.5037965398803081,11193.19903070722,0.08120873539867951,0.07745549675418328,0.3238618017436229,0.3125,0.19979775193496951
ARNAVUTKÖY,BAKLALI,ARNAVUTKÖY|BAKLALI,2023,0.006896963799475899,51151.04361518718,0.0024441476408596,0.10709199658217032,94.0,0.06581352833638025,18.0,0.13830539712822093,4.0,0.0,0.0,0.003239198569107826,0.503796539880308,5877.9927870753,0.06789168278529978,0.06915269856411047,0.1812237649338069,0.25,0.06635906400905615
ARNAVUTKÖY,BALABAN,ARNAVUTKÖY|BALABAN,2023,0.002816829274538424,21260.824974527677,0.0010159048873988,0.07633152947878097,67.0,0.007312614259597806,2.0,0.21127367961090185,7.0,0.0,0.0,0.005554678247137782,0.503796539880308,4189.63315674516,0.01058344640434192,0.06036390846025766,0.061803761704875684,0.5,0.049097014248116896
ARNAVUTKÖY,BOLLUCA,ARNAVUTKÖY|BOLLUCA,2023,0.08319035790803479,610060.6130926237,0.0291504943572459,0.32127598974651095,282.0,0.25594149908592323,70.0,1.0,12.0,0.0,0.0,0.0008147799598801358,0.503796539880308,17633.978361225898,0.08800773694390714,0.16666666666666666,0.20644979011947048,0.375,0.5379329121173146
ARNAVUTKÖY,BOYALIK,ARNAVUTKÖY|BOYALIK,2023,0.003346051744300189,25137.79894047096,0.0012011581315716,0.07861008259755055,69.0,0.029250457038391225,8.0,0.1461574271083529,4.0,0.0,0.0,0.004838224982470199,0.503796539880308,4314.696833065911,0.04110671936758892,0.07307871355417643,0.08701969648046498,0.3125,0.051456575006806435
ARNAVUTKÖY,BOĞAZKÖY İSTİKLAL,ARNAVUTKÖY|BOĞAZKÖY İSTİKLAL,2023,0.1082857459902862,793904.2172841277,0.0379350836776952,0.25064084306465395,220.0,0.9287020109689214,254.0,1.0,18.0,0.014285714285714285,0.008379888268156424,0.0004884485099148705,0.503796539880308,13757.004395282616,0.4093388429752065,0.11111111111111112,0.23868406375671472,0.6875,0.08632148748418508
ARNAVUTKÖY,DELİKLİKAYA,ARNAVUTKÖY|DELİKLİKAYA,2023,0.007212790112075661,53464.72162712108,0.0025547019962531,0.14354884648248362,126.0,0.31444241316270566,86.0,1.0,6.0,0.0,0.002793296089385475,0.00415400918403391,0.503796539880308,7879.011608207316,0.24199134199134198,0.3333333333333333,0.3580077494349371,0.3125,0.0729648788456303
ARNAVUTKÖY,DURSUNKÖY,ARNAVUTKÖY|DURSUNKÖY,2023,0.0036789497494729116,27576.540628725605,0.0013176883980673,0.08316718883508972,73.0,0.007312614259597806,2.0,1.0,4.0,0.0,0.0,0.004666027484819432,0.503796539880308,4564.824185707413,0.00971357409713574,0.5,0.19402417085658932,0.4375,0.12230660028781455
ARNAVUTKÖY,DURUSU,ARNAVUTKÖY|DURUSU,2023,0.006606745025735577,49024.96111773441,0.0023425571521198,0.05354599829108516,47.0,0.014625228519195612,4.0,0.16017265326833133,5.0,0.02857142857142857,0.0,0.001689837008628955,0.503796539880308,2938.99639353765,0.030174081237911023,0.06406906130733253,0.21633839199225055,0.1875,0.08208271056857266
ARNAVUTKÖY,FATİH,ARNAVUTKÖY|FATİH,2023,0.03361416267615853,246875.6970571626,0.0117964485160318,0.08658501851324409,76.0,0.340036563071298,93.0,1.0,15.0,0.0,0.0,0.0005426245894616594,0.503796539880308,4752.41970018854,0.43385167464114827,0.1333333333333333,0.261139812721989,0.25,0.0783037724197008
ARNAVUTKÖY,HACIMAŞLI,ARNAVUTKÖY|HACIMAŞLI,2023,0.0022534634196307393,17133.723655942893,0.0008186998210214,0.05468527485046995,48.0,0.12797074954296161,35.0,1.0,11.0,0.0,0.0,0.00493802968696419,0.503796539880308,3001.528231698025,0.25852272727272724,0.18181818181818182,0.2875766871165644,0.375,0.15692894092022872
ARNAVUTKÖY,HADIMKÖY,ARNAVUTKÖY|HADIMKÖY,2023,0.23447116164332113,1718312.3808089592,0.0821060305906889,0.456849900313301,401.0,0.5009140767824497,137.0,1.0,23.0,0.02857142857142857,0.10893854748603352,0.0004113452347137082,0.5037965398803081,25075.26710231059,0.1211289956925867,0.08695652173913043,0.14780432676783986,0.3125,0.11921128704732939
ARNAVUTKÖY,HARAÇÇI,ARNAVUTKÖY|HARAÇÇI,2023,0.07465451162155472,547528.7749322482,0.0261625388060727,0.22785531187695812,200.0,0.20109689213893966,55.0,0.474918342886573,13.0,0.014285714285714285,0.002793296089385475,0.0006438538022632994,0.5037965398803081,12506.367632075107,0.0975,0.07306436044408815,0.17971020342266708,0.5,0.09235356920388345
ARNAVUTKÖY,HASTANE,ARNAVUTKÖY|HASTANE,2023,0.0375662595067988,275827.9381254164,0.013179871936225,0.3577328396468243,314.0,0.9872029250457038,270.0,1.0,18.0,0.04285714285714286,0.0223463687150838,0.0020065759944251638,0.5037965398803079,19634.99718235791,0.3048639258830341,0.11111111111111112,0.17541168873103,0.3125,0.13377785772626505
ARNAVUTKÖY,HİCRET,ARNAVUTKÖY|HİCRET,2023,0.034348245456795816,252253.43513895487,0.0120534126934327,0.06607804044431786,58.0,0.05850091407678245,16.0,1.0,8.0,0.014285714285714285,0.0,0.0004052799526175162,0.503796539880308,3626.846613301781,0.09780564263322881,0.25,0.33278172424927355,0.375,0.11731909705370568
ARNAVUTKÖY,KARABURUN,ARNAVUTKÖY|KARABURUN,2023,0.013315920206908914,98174.98591178955,0.0046910902153419,0.14468812304186843,127.0,0.07678244972577697,21.0,0.17457058021056157,6.0,0.0,0.0,0.0022801692814089685,0.503796539880308,7941.543446367691,0.058625626342161764,0.058190193403520524,0.08274136260897644,0.1875,0.09470197008833482
ARNAVUTKÖY,KARLIBAYIR,ARNAVUTKÖY|KARLIBAYIR,2023,0.11808489752716533,865690.7674922389,0.041365256650442,0.2540586727428083,223.0,0.39488117001828155,108.0,0.4326518022636465,15.0,0.014285714285714285,0.0,0.0004540527333334626,0.5037965398803081,13944.599909763743,0.1717081125152874,0.0576869069684862,0.3471101065547304,0.25,0.11008404837392306
ARNAVUTKÖY,MAREŞAL FEVZİ ÇAKMAK,ARNAVUTKÖY|MAREŞAL FEVZİ ÇAKMAK,2023,0.057488924739443295,421777.2483917329,0.0201537601926633,0.22329820563941896,196.0,0.28153564899451555,77.0,1.0,18.0,0.02857142857142857,0.0,0.0008191004024855599,0.503796539880308,12256.240279433605,0.13928571428571426,0.11111111111111112,0.24055537617048756,0.4375,0.13714996591819176
ARNAVUTKÖY,MAVİGÖL,ARNAVUTKÖY|MAVİGÖL,2023,0.08555478732938977,627381.9322630477,0.0299781580449209,0.27570492737111935,242.0,0.2413162705667276,66.0,1.0,12.0,0.0,0.0,0.0006799039679125999,0.503796539880308,15132.704834810878,0.09669421487603304,0.16666666666666666,0.19212140781401355,0.125,0.302583238577217
ARNAVUTKÖY,MEHMET AKİF ERSOY,ARNAVUTKÖY|MEHMET AKİF ERSOY,2023,0.060049678625387314,440536.7998398456,0.0210501468580153,0.13215608088863573,116.0,0.1206581352833638,33.0,1.0,19.0,0.04285714285714286,0.0,0.00046413039854054235,0.5037965398803081,7253.693226603562,0.10086206896551722,0.10526315789473685,0.2151275427833387,0.3125,0.10159151403973896
ARNAVUTKÖY,MUSTAFA KEMALPAŞA,ARNAVUTKÖY|MUSTAFA KEMALPAŞA,2023,0.11666794704360964,855310.4823576165,0.0408692560289473,0.41925377385360296,368.0,0.753199268738574,206.0,1.0,26.0,0.04285714285714286,0.0,0.0007583823923392388,0.5037965398803081,23011.7164430182,0.1984683794466403,0.07692307692307691,0.3345979980626413,0.375,0.10479078456959923
ARNAVUTKÖY,NENEHATUN,ARNAVUTKÖY|NENEHATUN,2023,0.06791972890152194,498191.15462371183,0.023805041876197,0.20279122757049273,178.0,0.3327239488117002,91.0,1.0,20.0,0.02857142857142857,0.0,0.000629779046621003,0.503796539880308,11130.667192546844,0.18125638406537284,0.1,0.38827897965773334,0.25,0.11855237058068531
ARNAVUTKÖY,SAZLIBOSNA,ARNAVUTKÖY|SAZLIBOSNA,2023,0.008774849982501515,64908.0480104698,0.0031014978621178,0.05240672173170037,46.0,0.062157221206581355,17.0,0.20482678981635122,5.0,0.02857142857142857,0.0,0.0012491756216782405,0.503796539880308,2876.4645553772743,0.13102766798418972,0.08193071592654048,0.17017476590248626,0.5,0.06599315468087591
ARNAVUTKÖY,TAYAKADIN,ARNAVUTKÖY|TAYAKADIN,2023,0.029602314921512895,217485.7331217861,0.0103921094069804,0.4534320706351467,398.0,0.28884826325411334,79.0,0.36664638923715925,11.0,0.02857142857142857,0.0,0.0032256446079093524,0.503796539880308,24887.671587829456,0.07037460027409775,0.06666297986130168,0.11735146916370681,0.5,0.0769154219514256
ARNAVUTKÖY,TAŞOLUK,ARNAVUTKÖY|TAŞOLUK,2023,0.12586958934043516,922719.8038945012,0.044090272113112,0.17544859014525777,154.0,0.9213893967093236,252.0,1.0,15.0,0.0,0.0,0.0002941813226697911,0.503796539880308,9629.903076697832,0.5801652892561984,0.1333333333333333,0.25339037778495316,0.3125,0.1116811120091067
ARNAVUTKÖY,TERKOS,ARNAVUTKÖY|TERKOS,2023,0.007648118272686145,56653.845373300224,0.0027070877293629,0.11848476217601824,104.0,0.029250457038391225,8.0,0.2074409598364097,7.0,0.0,0.0,0.0032356993644161963,0.503796539880308,6503.311168679054,0.02727272727272726,0.059268845667545624,0.1367683011209004,0.4375,0.0587160995308038
ARNAVUTKÖY,YASSIÖREN,ARNAVUTKÖY|YASSIÖREN,2023,0.005428798238201326,40395.56745160259,0.0019302192860579,0.08886357163201367,78.0,0.10968921389396709,30.0,1.0,11.0,0.0,0.013966480446927373,0.0034034949196916496,0.503796539880308,4877.483376509291,0.13636363636363635,0.18181818181818182,0.1539123883327952,0.5625,0.15597548575651335
ARNAVUTKÖY,YAVUZ SELİM,ARNAVUTKÖY|YAVUZ SELİM,2023,0.11035142079161439,809036.9221189385,0.0386581689210791,0.29507262888066077,259.0,0.27787934186471663,76.0,1.0,13.0,0.0,0.002793296089385475,0.0005642812753856545,0.503796539880308,16195.74608353726,0.10403650403650402,0.15384615384615383,0.3398450113012593,0.25,0.06826844541246939
ARNAVUTKÖY,YENİKÖY,ARNAVUTKÖY|YENİKÖY,2023,0.012965950509163231,95611.1805472142,0.0045685840377438,0.07747080603816577,68.0,0.05850091407678245,16.0,0.2207136322397801,8.0,0.014285714285714285,0.0,0.0012536157772988445,0.503796539880308,4252.164994905536,0.08342245989304811,0.055178408059945026,0.2199709396189861,0.3125,0.06240383945700557
ARNAVUTKÖY,YEŞİLBAYIR,ARNAVUTKÖY|YEŞİLBAYIR,2023,0.054202623919148464,397702.4906999884,0.0190033973054616,0.09000284819139846,79.0,0.04753199268738574,13.0,1.0,2.0,0.0,0.04748603351955307,0.0003501329618842599,0.503796539880308,4940.015214669666,0.058342922899884894,1.0,0.230384242815628,0.3125,0.06517608292331054
ARNAVUTKÖY,YUNUS EMRE,ARNAVUTKÖY|YUNUS EMRE,2023,0.17079374834617977,1251824.8681325575,0.0598158821789367,0.21190544004557108,186.0,0.753199268738574,206.0,1.0,15.0,0.014285714285714285,0.0,0.0002618988471019645,0.503796539880308,11630.921897829849,0.3926686217008797,0.1333333333333333,0.37798676138198256,0.25,0.10754841177666655
ARNAVUTKÖY,ÇİLİNGİR,ARNAVUTKÖY|ÇİLİNGİR,2023,0.009944260923749285,73474.90983844124,0.0035108477726285,0.13101680432925092,115.0,0.08043875685557587,22.0,0.5313352925328603,12.0,0.02857142857142857,0.0,0.002758817649578752,0.503796539880308,7191.161388443185,0.06782608695652172,0.08855588208881005,0.16770261543429124,0.375,0.08584310485650179
ARNAVUTKÖY,ÖMERLİ,ARNAVUTKÖY|ÖMERLİ,2023,0.06446271115549751,472865.76016875973,0.0225949198779718,0.17772714326402733,156.0,0.18281535648994515,50.0,1.0,22.0,0.014285714285714285,0.10893854748603352,0.0005815016445704326,0.503796539880308,9754.966753018582,0.11363636363636362,0.09090909090909091,0.34899364976859326,0.5625,0.11352045464777019
ARNAVUTKÖY,İMRAHOR,ARNAVUTKÖY|İMRAHOR,2023,0.09464546362449106,693978.3399038477,0.0331603307069204,0.3292509256622045,289.0,0.20475319926873858,56.0,1.0,8.0,0.014285714285714285,0.002793296089385475,0.000734033945290342,0.5037965398803081,18071.70122834853,0.06870084932368667,0.25,0.2403352217688672,0.6875,0.08486362146274248
ARNAVUTKÖY,İSLAMBEY,ARNAVUTKÖY|İSLAMBEY,2023,0.17522385256886294,1284278.892137793,0.0613666311099956,0.5753346624893193,505.0,0.9908592321755028,270.0,1.0,22.0,0.014285714285714285,0.0,0.0006931005613428309,0.503796539880308,31578.57827098964,0.19026102610261025,0.09090909090909091,0.32319583467872137,0.5,0.11604955077593249
ATAŞEHİR,ATATÜRK,ATAŞEHİR|ATATÜRK,2023,0.24456906780022705,1737643.530838536,0.0699255659403795,0.4671033893477642,410.0,0.28153564899451555,77.0,1.0,12.0,0.22857142857142856,0.0,0.000403218441834686,0.4830286148064395,24856.389911513492,0.06658536585365853,0.16666666666666666,0.6056264126574105,0.4375,0.07215681539407318
ATAŞEHİR,AŞIKVEYSEL,ATAŞEHİR|AŞIKVEYSEL,2023,0.11742763736310637,834629.072955625,0.0335868141197824,0.5365992594702363,468.0,0.5776965265082267,158.0,0.31246471679666116,11.0,0.02857142857142857,0.0,0.0009643720539779252,0.48302861480643966,28554.53572761672,0.11893456861609726,0.05681176669030204,0.7483048111075234,0.375,0.09042805117002005
ATAŞEHİR,BARBAROS,ATAŞEHİR|BARBAROS,2023,0.26292113731615924,1867988.0145208624,0.0751708372672868,1.0,872.75,0.3290676416819013,90.0,0.3683923425571837,10.0,0.24285714285714285,0.002793296089385475,0.0008029970890797364,0.4830286148064395,53213.89328007553,0.03635327930400557,0.07367846851143674,0.6266144656118825,0.5625,0.08684998638714948
ATAŞEHİR,ESATPAŞA,ATAŞEHİR|ESATPAŞA,2023,0.22512440995962546,1599539.003476517,0.0643680179949401,1.0,872.75,1.0,270.0,1.0,7.0,0.05714285714285714,0.0,0.0009377632773167387,0.48302861480643966,53213.893280075536,0.11047357655161698,0.2857142857142857,0.7796859864384889,0.3125,0.08684998638714948
ATAŞEHİR,FERHATPAŞA,ATAŞEHİR|FERHATPAŞA,2023,0.24013896357754388,1706178.9787310346,0.0686593818386749,0.7644545713471945,671.0,0.7714808043875686,211.0,1.0,8.0,0.014285714285714285,0.002793296089385475,0.000672070993132628,0.4830286148064395,40679.60397713549,0.11148895813575396,0.25,0.3098159509202454,0.3125,0.06128762035645702
ATAŞEHİR,FETİH,ATAŞEHİR|FETİH,2023,0.09874266984200149,701920.200964642,0.0282463960106661,0.195955568214184,164.0,0.16453382084095064,45.0,1.0,2.0,0.04285714285714286,0.0,0.0004187529925419768,0.48302861480643966,10427.558694586149,0.09275898520084566,1.0,0.9474491443332256,0.3125,0.07468350122515656
ATAŞEHİR,KAYIŞDAĞI,ATAŞEHİR|KAYIŞDAĞI,2023,0.36699017524092425,2607132.1750115273,0.1049151851824744,1.0,872.75,1.0,270.0,1.0,10.0,0.11428571428571428,0.00558659217877095,0.0005753405801489359,0.4830286148064395,53213.89328007553,0.11047357655161698,0.2,0.5450461131740394,0.5,0.08684998638714948
ATAŞEHİR,KÜÇÜKBAKKALKÖY,ATAŞEHİR|KÜÇÜKBAKKALKÖY,2023,0.24778708185023005,1760499.284488879,0.0708453181684,0.7735687838222729,679.0,0.4460694698354662,122.0,1.0,12.0,0.6142857142857143,0.00558659217877095,0.0006590997388145681,0.48302861480643966,41164.60670711625,0.06370330700227607,0.16666666666666666,0.907506256054246,0.25,0.06040321488150153
ATAŞEHİR,MEVLANA,ATAŞEHİR|MEVLANA,2023,0.15863016738794566,1127267.595157761,0.0453630581639598,0.5354599829108516,470.0,0.39488117001828155,108.0,1.0,6.0,0.07142857142857142,0.0,0.0007125052246773695,0.4830286148064395,28493.910386369123,0.08147001934235976,0.3333333333333333,0.5568140539231514,0.25,0.09982757055994193
ATAŞEHİR,MUSTAFA KEMAL,ATAŞEHİR|MUSTAFA KEMAL,2023,0.12243817913327017,870216.1482679626,0.0350188951750822,1.0,872.75,0.5630712979890311,154.0,0.40469179735136784,15.0,0.014285714285714285,0.0,0.0017236969700936905,0.48302861480643966,53213.893280075536,0.062204500142409545,0.05395890631351571,0.7162677591217307,0.375,0.11609114559699912
ATAŞEHİR,MİMAR SİNAN,ATAŞEHİR|MİMAR SİNAN,2023,0.08197826773535462,582852.0307543676,0.0234549016450634,0.3725434349188265,327.0,0.12431444241316271,34.0,1.0,6.0,0.0,0.0,0.0009587528255075445,0.4830286148064395,19824.4865879632,0.036864053377814836,0.3333333333333333,0.5650024216984179,0.3125,0.07299790193317156
ATAŞEHİR,SEYMEN ÇAMLICA,ATAŞEHİR|SEYMEN ÇAMLICA,2023,0.10945515693153397,778005.0042303723,0.0313081706689306,0.3679863286812874,323.0,0.2449725776965265,67.0,1.0,8.0,0.014285714285714285,0.002793296089385475,0.0007094754138998818,0.4830286148064395,19581.985222972824,0.07354348437939767,0.25,0.5071151805895107,0.4375,0.05944944729246211
ATAŞEHİR,YENİSAHRA,ATAŞEHİR|YENİSAHRA,2023,0.08089421525697166,575152.6124159232,0.0231450646876135,0.5571062375391627,489.0,0.2230347349177331,61.0,0.40502689853383705,14.0,0.014285714285714285,0.002793296089385475,0.0014529242771634514,0.4830286148064395,29645.791870073408,0.044227551589514774,0.057860985504833866,0.9956409428479173,0.3125,0.060853553862954754
ATAŞEHİR,ESENŞEHİR,ATAŞEHİR|ESENŞEHİR,2023,0.0910262647990235,647114.8924768171,0.0260409423922828,0.4067217317003703,357.0,0.1206581352833638,33.0,1.0,3.0,0.04285714285714286,0.0,0.000942766277714273,0.48302861480643966,21643.24682539102,0.03277310924369745,0.6666666666666666,0.5709009871304027,0.4375,0.12799482711679827
ATAŞEHİR,ÖRNEK,ATAŞEHİR|ÖRNEK,2023,0.22269169376797862,1582260.7812209527,0.0636727145864896,1.0,872.75,0.7422303473491774,202.0,1.0,12.0,0.05714285714285714,0.0,0.0009480036134995531,0.4830286148064395,53213.89328007553,0.08199684109681261,0.16666666666666666,0.7894160247243877,0.4375,0.08684998638714948
ATAŞEHİR,İNÖNÜ,ATAŞEHİR|İNÖNÜ,2023,0.21548743950218943,1531092.9932079837,0.0616136406330432,0.5958416405582455,523.0,0.6361974405850092,174.0,1.0,5.0,0.05714285714285714,0.0,0.0005837371561748022,0.48302861480643966,31707.053472491603,0.1179558491221971,0.4,0.7165402001937359,0.3125,0.0396449942280118
ATAŞEHİR,İÇERENKÖY,ATAŞEHİR|İÇERENKÖY,2023,0.6110300205713896,4340410.681280237,0.1746650955249296,1.0,872.75,1.0,270.0,1.0,8.0,0.2,0.0335195530726257,0.0003455868691332351,0.48302861480643966,53213.893280075536,0.11047357655161698,0.25,0.7719415967064901,0.75,0.08684998638714948
AVCILAR,AMBARLI,AVCILAR|AMBARLI,2023,0.30667588538065604,1831027.611757209,0.0841962721045085,0.43292509256622047,380.0,0.44972577696526506,123.0,1.0,9.0,0.14285714285714285,0.0,0.00029805246246238397,0.377628729099657,19360.85737847792,0.11476076555023923,0.22222222222222224,0.7002996851792056,0.25,0.06978956674426504
AVCILAR,CİHANGİR,AVCILAR|CİHANGİR,2023,0.5216938533370891,3114448.6574515738,0.1432119127721185,0.6983765309028767,613.0,0.8519195612431444,232.0,0.5512109814180681,19.0,0.07142857142857142,0.0111731843575419,0.00028267233724107587,0.377628729099657,31232.11992896569,0.1347619753818775,0.05802220857032297,0.43807515337423314,0.375,0.16200168025640335
AVCILAR,DENİZKÖŞKLER,AVCILAR|DENİZKÖŞKLER,2023,0.34287640948161807,2047104.9700259585,0.0941321725440215,0.5662204500142409,497.0,1.0,270.0,1.0,7.0,0.05714285714285714,0.002793296089385475,0.00034867458058076016,0.377628729099657,25321.96346606191,0.19510700567038594,0.2857142857142857,0.5175371327090733,0.25,0.08320715574215512
AVCILAR,FİRUZKÖY,AVCILAR|FİRUZKÖY,2023,0.20408354886345206,1218664.0727258243,0.0560379162020073,0.6505269154087154,571.0,0.6106032906764168,167.0,0.06666419148747796,4.0,0.14285714285714285,0.00558659217877095,0.0006729086505883532,0.377628729099657,29092.235692397076,0.10369367935042188,0.03333209574373898,0.3859707983532451,0.5,0.11378406733197519
AVCILAR,GÜMÜŞPALA,AVCILAR|GÜMÜŞPALA,2023,0.3016397360716328,1800967.333195888,0.0828140081904994,0.5582455140985474,490.0,1.0,270.0,0.07646018912272985,3.0,0.07142857142857142,0.0,0.00039074574337763816,0.377628729099657,24965.316093300473,0.19789424860853433,0.05097345941515324,0.4418590571520827,0.25,0.0818313112578274
AVCILAR,SARIYER MERKEZ,AVCILAR|SARIYER MERKEZ,2023,0.24023285788669518,1434435.733246493,0.0659597597203609,0.4226716035317573,371.0,1.0,270.0,1.0,11.0,0.07142857142857142,0.0,0.000371446974526013,0.377628729099657,18902.310756356073,0.2613697623131585,0.18181818181818182,0.49556021956732327,0.3125,0.1293611168943483
AVCILAR,MUSTAFA KEMALPAŞA,AVCILAR|MUSTAFA KEMALPAŞA,2023,0.3661963415362816,2186299.3446522783,0.1005327573119418,0.34634007405297634,304.0,1.0,270.0,0.02352943416451754,2.0,0.1,0.002793296089385475,0.00019969535822466324,0.37762872909965683,15488.68590278233,0.3189742822966507,0.02352943416451754,0.38803680981595096,0.3125,0.0959619071893229
AVCILAR,TAHTAKALE,AVCILAR|TAHTAKALE,2023,0.47921948221556426,2860923.3250428736,0.1315540394905771,0.46026772999145543,404.0,0.676416819012797,185.0,0.3377743759930466,7.0,0.2571428571428571,0.00558659217877095,0.00020280523335032143,0.377628729099657,20583.648370802835,0.16235373537353734,0.09650696456944188,0.6571884081369067,0.375,0.09261405624051962
AVCILAR,YEŞİLKENT,AVCILAR|YEŞİLKENT,2023,0.648997464853653,3874311.359932152,0.1781527331340374,1.0,872.75,0.9762340036563071,267.0,1.0,14.0,0.14285714285714285,0.0,0.00032537211420957934,0.377628729099657,44721.03306304998,0.10784806193521658,0.14285714285714285,0.3308309116349155,0.5625,0.1327813646558542
AVCILAR,ÜNİVERSİTE,AVCILAR|ÜNİVERSİTE,2023,0.23093732128071837,1378951.5919697497,0.0634084285299271,0.14013101680432924,123.0,0.21937842778793418,60.0,0.02352943416451754,2.0,0.1,0.0,0.00012810323642932687,0.377628729099657,6266.8038356652205,0.1729490022172949,0.02352943416451754,0.5551340006457863,0.3125,0.06912887144775015
BAHÇELİEVLER,BAHÇELİEVLER,BAHÇELİEVLER|BAHÇELİEVLER,2023,0.4948742243049687,2608341.46650247,0.0906196914123363,0.7268584448874964,638.0,0.643510054844607,164.0,0.09835981299069237,5.0,0.4142857142857143,0.0,0.0003101419759502236,0.31262482992741325,28698.683399934052,0.09780564263322881,0.03934392519627695,0.3566959961252826,0.75,0.1303039617786287
BAHÇELİEVLER,CUMHURİYET,BAHÇELİEVLER|CUMHURİYET,2023,0.3348697856648997,1765148.9581454734,0.0613252735265665,0.3565935630874395,313.0,0.4606946983546618,111.0,0.06283147171298582,3.0,0.07142857142857142,0.0,0.00022483674707439436,0.31262482992741325,14079.448125672974,0.1427243682834737,0.04188764780865722,0.44115272844688413,0.375,0.09191124421453853
BAHÇELİEVLER,FEVZİ ÇAKMAK,BAHÇELİEVLER|FEVZİ ÇAKMAK,2023,0.20318728500337166,1071207.596373087,0.0372161785826471,0.22215892908003418,195.0,0.2376599634369287,55.0,0.18346789740191863,7.0,0.02857142857142857,0.0,0.00023081566705727784,0.31262482992741325,8771.541164556646,0.11818181818181817,0.05241939925769103,0.4158257991604779,0.25,0.08992362474386348
BAHÇELİEVLER,HÜRRİYET,BAHÇELİEVLER|HÜRRİYET,2023,0.3893626283577885,2052315.7211943432,0.0713020974146836,0.5001424095699231,439.0,0.7605118829981719,187.0,0.19061926127325118,11.0,0.0,0.0,0.0002712218442585273,0.31262482992741314,19747.213185848035,0.16798509008076204,0.034658047504227484,0.5514409105586051,0.25,0.07239591060188365
BAHÇELİEVLER,KOCASINAN MERKEZ,BAHÇELİEVLER|KOCASINAN MERKEZ,2023,0.6392495283944927,3369171.4524373985,0.1170526486873381,0.0,0.0,0.0,0.0,0.0,0.0,0.0,0.0,0.0,0.31262482992741314,0.0,0.0,0.0,0.5027042298999032,0.0,0.08684998638714948
BAHÇELİEVLER,KOCASİNAN MERKEZ,BAHÇELİEVLER|KOCASİNAN MERKEZ,2023,0.6026478195180661,3176287.5113419173,0.1103514236196304,0.7097692964967246,620.0,0.946983546617916,191.0,0.23314283973500347,10.0,0.21428571428571427,0.002793296089385475,0.00024869815081718914,0.31262482992741325,28023.94946419893,0.1473953013278856,0.0466285679470007,0.45003228931223765,0.75,0.06078154735676464
BAHÇELİEVLER,SOĞANLI,BAHÇELİEVLER|SOĞANLI,2023,0.5341305813764906,2815214.8911988596,0.0978069428317364,0.6755909997151809,593.0,1.0,210.0,0.09877297751680505,6.0,0.05714285714285714,0.0,0.00026708374597125096,0.31262482992741314,26674.481592728665,0.16352138586539935,0.03292432583893501,0.48964435628949676,0.4375,0.08606741849733285
BAHÇELİEVLER,SİYAVUŞPAŞA,BAHÇELİEVLER|SİYAVUŞPAŞA,2023,0.5217877476462404,2750170.5397939933,0.0955471547142211,0.4819139846197664,423.0,1.0,249.0,0.18077185607023416,10.0,0.014285714285714285,0.0,0.00019502265220049241,0.31262482992741314,19027.496987730567,0.22923920051579624,0.036154371214046827,0.7063287051985792,0.1875,0.06257169689535237
BAHÇELİEVLER,YENİBOSNA MERKEZ,BAHÇELİEVLER|YENİBOSNA MERKEZ,2023,0.3078111529367579,1622555.18639345,0.0563712428678367,0.4272287097692965,373.0,0.6910420475319927,136.0,0.3696927636232434,14.0,0.21428571428571427,0.01675977653631285,0.00029304620882863574,0.31262482992741325,16868.348393378164,0.17869090909090907,0.05281325194617763,0.5987144817565386,0.75,0.06652606051301858
BAHÇELİEVLER,ZAFER,BAHÇELİEVLER|ZAFER,2023,0.6978737206900378,3678109.6304793223,0.1277858608526871,0.6983765309028767,613.0,0.753199268738574,159.0,0.2548330253639227,11.0,0.08571428571428572,0.0,0.00021131976605606696,0.31262482992741325,27574.126840375506,0.1191457808097286,0.04633327733889504,0.4003874717468518,0.3125,0.09882390847463603
BAHÇELİEVLER,ÇOBANÇEŞME,BAHÇELİEVLER|ÇOBANÇEŞME,2023,0.2673768490777018,1409474.209488297,0.0489683270222837,0.4021646254628311,353.0,0.27056672760511885,69.0,0.25601539942252166,11.0,0.014285714285714285,0.0,0.0003175571446502138,0.31262482992741325,15878.738620966646,0.07432397630697914,0.04654825444045848,0.24782047142395866,0.1875,0.0931257136587685
BAHÇELİEVLER,ŞİRİNEVLER,BAHÇELİEVLER|ŞİRİNEVLER,2023,0.46774730480653504,2465387.836651388,0.0856531584680324,0.6300199373397892,553.0,0.8738574040219378,217.0,0.12170456070805355,7.0,0.21428571428571427,0.0,0.00028440956544824206,0.3126248299274133,24875.191097435003,0.15323031398980766,0.03477273163087244,0.5230291987637806,0.4375,0.0928453342084205
BAKIRKÖY,ATAKÖY 1. KISIM,BAKIRKÖY|ATAKÖY 1. KISIM,2023,0.011805075414201942,115614.4479558874,0.0074501540304638,0.01822842495015665,16.0,0.007312614259597806,2.0,0.07768254684514612,3.0,0.0,0.0,0.0003237664834238306,0.726725506210845,1327.947715214787,0.04431818181818181,0.05178836456343075,0.06377139166935744,0.1875,0.04192757963517561
BAKIRKÖY,ATAKÖY 2-5-6. KISIM,BAKIRKÖY|ATAKÖY 2-5-6. KISIM,2023,0.10136317465195087,986416.162207984,0.0635643077186376,0.04215323269723725,37.0,0.04753199268738574,13.0,0.09720028673998908,4.0,0.014285714285714285,0.0,8.775372487456696e-05,0.726725506210845,3070.879091434195,0.12457002457002454,0.04860014336999454,0.04046254439780432,0.25,0.03007305563118251
BAKIRKÖY,ATAKÖY 3-4-11. KISIM,BAKIRKÖY|ATAKÖY 3-4-11. KISIM,2023,0.06542726178586976,636999.9196420931,0.0410480489474585,0.031899743662774135,28.0,0.04021937842778794,11.0,0.0811097180294908,3.0,0.0,0.0,0.00010283540651028573,0.726725506210845,2323.9085016258773,0.13928571428571426,0.054073145352993866,0.12358734258960286,0.3125,0.01485106049699958
BAKIRKÖY,ATAKÖY 7-8-9-10. KISIM,BAKIRKÖY|ATAKÖY 7-8-9-10. KISIM,2023,0.20644797828480704,2008188.9323335616,0.129406982714359,0.08886357163201367,78.0,0.09872029250457039,27.0,0.1159507210863371,5.0,0.07142857142857142,0.0,9.086864432636823e-05,0.7267255062108452,6473.745111672088,0.1227272727272727,0.04638028843453484,0.3797021310946077,0.75,0.07598503219597441
BAKIRKÖY,BASINKÖY,BAKIRKÖY|BASINKÖY,2023,0.047467841199115686,462374.7950913486,0.029795267841862,0.04443178581600683,39.0,0.043875685557586835,12.0,0.0,0.0,0.02857142857142857,0.0,0.00019733061551972764,0.7267255062108449,3236.8725558360425,0.10909090909090909,0.0,0.48353245075879886,0.1875,0.04235541208043252
BAKIRKÖY,CEVİZLİK,BAKIRKÖY|CEVİZLİK,2023,0.04351574436847541,423947.3080823207,0.0273190142050316,0.15038450583879237,132.0,0.24862888482632542,68.0,0.10696010867940621,5.0,0.07142857142857142,0.0,0.000728427049555113,0.726725506210845,10955.568650521993,0.18264462809917353,0.042784043471762484,0.2117977074588311,0.25,0.07862475698185849
BAKIRKÖY,KARTALTEPE,BAKIRKÖY|KARTALTEPE,2023,0.3055576895171272,2971863.9899184923,0.1915058617148725,0.5628026203360866,494.0,0.8043875685557587,220.0,0.4661276487987289,19.0,0.12857142857142856,0.0,0.00038888575459449556,0.726725506210845,41000.385707256544,0.15789473684210523,0.04906606829460304,0.28454956409428483,0.375,0.10742872700400609
BAKIRKÖY,OSMANİYE,BAKIRKÖY|OSMANİYE,2023,0.1938319974733895,1885519.7621405956,0.1215022248844771,0.2551979493021931,224.0,0.24862888482632542,68.0,0.10137381964892438,5.0,0.0,0.0,0.00027793353110888036,0.726725506210845,18591.26801300702,0.10762987012987009,0.04054952785956975,0.346168334947799,0.5625,0.07816251268470165
BAKIRKÖY,SAKIZAĞACI,BAKIRKÖY|SAKIZAĞACI,2023,0.06854284568043499,667293.7268954305,0.0430001711449597,0.08658501851324409,76.0,0.3217550274223035,88.0,0.06900037984480625,3.0,0.0,0.0,0.00026645297004908346,0.726725506210845,6307.751647270238,0.4105263157894737,0.04600025322987084,0.12431385211494995,0.1875,0.06759752635058926
BAKIRKÖY,YENİMAHALLE,BAKIRKÖY|YENİMAHALLE,2023,0.05393801268426758,525286.3180996492,0.0338492640766729,0.05468527485046995,48.0,0.051188299817184646,14.0,0.05392082663368966,2.0,0.014285714285714285,0.0,0.00021378102926658052,0.726725506210845,3983.843145644361,0.10340909090909091,0.05392082663368966,0.2746609622215046,0.375,0.06840815624686548
BAKIRKÖY,YEŞİLKÖY,BAKIRKÖY|YEŞİLKÖY,2023,0.2128071837682347,2070021.49782325,0.1333914513092589,0.3440615209342068,302.0,0.28153564899451555,77.0,1.0,9.0,0.17142857142857143,0.00558659217877095,0.00034131557186369227,0.726725506210845,25065.013124679102,0.09039735099337746,0.22222222222222224,0.22014391807740205,0.4375,0.07112070814906579
BAKIRKÖY,YEŞİLYURT,BAKIRKÖY|YEŞİLYURT,2023,0.07043780355603356,685719.0014440356,0.04418748930344,0.06493876388493307,57.0,0.007312614259597806,2.0,1.0,2.0,0.014285714285714285,0.0,0.00019447003260662953,0.7267255062108449,4730.813735452678,0.012440191387559802,1.0,0.1545850823377462,0.1875,0.12135856248298395
BAKIRKÖY,ZEYTİNLİK,BAKIRKÖY|ZEYTİNLİK,2023,0.04384010652736166,427101.1839059558,0.0275222488447715,0.14468812304186843,127.0,0.32541133455210236,89.0,0.11511487211415525,6.0,0.014285714285714285,0.0,0.0006956598856999768,0.726725506210845,10540.584989517372,0.24846098783106654,0.03837162403805175,0.2233613174039393,0.3125,0.10613777203845569
BAKIRKÖY,ZUHURATBABA,BAKIRKÖY|ZUHURATBABA,2023,0.16743062490930663,1628810.869443137,0.1049599948656512,0.3520364568499003,309.0,0.39853747714808047,109.0,0.17053603813299137,9.0,0.1,0.0,0.0004438250758773992,0.7267255062108449,25645.990250085568,0.1250661959399823,0.03789689736288697,0.37334517274782053,0.375,0.08008423366291928
BAKIRKÖY,ŞENLİKKÖY,BAKIRKÖY|ŞENLİKKÖY,2023,0.00230467849734962,23239.08501625877,0.0014975183980831,0.2631728852178866,231.0,0.9616087751371115,263.0,1.0,10.0,0.15714285714285714,0.0,0.023255033557046983,0.726725506210845,19172.245138413487,0.4036599763872491,0.2,0.2843477558927994,0.375,0.06710351838322429
BAYRAMPAŞA,ALTINTEPSİ,BAYRAMPAŞA|ALTINTEPSİ,2023,0.24736028953590602,1482654.0660575985,0.1084094045317367,0.5103958986043862,448.0,1.0,270.0,1.0,19.0,0.07142857142857142,0.002793296089385475,0.00043561999101255955,0.3797613808967005,22913.140211590744,0.21644683441558438,0.10526315789473685,0.3680405000230638,0.4375,0.1025216513249267
BAYRAMPAŞA,CEVATPAŞA,BAYRAMPAŞA|CEVATPAŞA,2023,0.1550707194864835,929669.9768439396,0.0679760511288205,0.33494730845912846,294.0,0.7056672760511883,193.0,1.0,18.0,0.04285714285714286,0.0111731843575419,0.00045591947637936136,0.37976138089670064,15036.748263856429,0.23274582560296841,0.11111111111111112,0.7392738940910558,0.25,0.14889906071331338
BAYRAMPAŞA,KARTALTEPE,BAYRAMPAŞA|KARTALTEPE,2023,0.3640026290406562,2181555.9879133743,0.1595120473592293,0.5810310452862433,510.0,1.0,270.0,1.0,24.0,0.14285714285714285,0.0,0.0003370337817361677,0.37976138089670064,26084.15515158768,0.19013368983957218,0.08333333333333333,0.5057313529221827,0.3125,0.12932208004356113
BAYRAMPAŞA,KOCATEPE,BAYRAMPAŞA|KOCATEPE,2023,0.17666641059127808,1059067.8445567177,0.0774374259077123,0.39646824266590713,348.0,0.9250457038391224,253.0,1.0,17.0,0.22857142857142856,0.0,0.00047372366702826883,0.3797613808967005,17798.59998578924,0.25775862068965516,0.1176470588235294,0.528391530974676,0.4375,0.08110580978607741
BAYRAMPAŞA,MURATPAŞA,BAYRAMPAŞA|MURATPAŞA,2023,0.27584440859389003,1653326.273392595,0.1208886960879272,0.43520364568499004,382.0,1.0,270.0,1.0,15.0,0.05714285714285714,0.0,0.0003330998340314091,0.3797613808967005,19537.54366256175,0.2538434079009995,0.1333333333333333,0.4239990313206329,0.375,0.10403651677814488
BAYRAMPAŞA,ORTA,BAYRAMPAŞA|ORTA,2023,0.13211782882213857,792139.9901721372,0.0579200682116505,0.2791227570492737,245.0,0.680073126142596,186.0,1.0,14.0,0.02857142857142857,0.00558659217877095,0.0004458961950191359,0.3797613808967005,12530.623553213689,0.269165120593692,0.14285714285714285,0.385453664836939,0.375,0.1138485785858232
BAYRAMPAŞA,TERAZİDERE,BAYRAMPAŞA|TERAZİDERE,2023,0.1308972028031719,784826.1976492411,0.0573852948545827,0.5992594702363999,526.0,0.8811700182815356,241.0,1.0,20.0,0.02857142857142857,0.0,0.0009662330164603385,0.37976138089670064,26902.481587715924,0.16244382993432419,0.1,0.2633885326813968,0.4375,0.14262443521965634
BAYRAMPAŞA,VATAN,BAYRAMPAŞA|VATAN,2023,0.08569136086997345,513960.1472907933,0.037579982273946,0.32469381942466535,285.0,0.17915904936014626,49.0,1.0,14.0,0.014285714285714285,0.0,0.0007994384562623013,0.3797613808967005,14576.43964353429,0.06095693779904305,0.14285714285714285,0.3806102680012916,0.1875,0.1452491151647155
BAYRAMPAŞA,SEYİTNİZAM,BAYRAMPAŞA|SEYİTNİZAM,2023,0.15242460713767467,913814.9021439548,0.0668167522428693,0.28709769296496723,252.0,1.0,270.0,1.0,16.0,0.1,0.002793296089385475,0.0003975684616722442,0.3797613808967005,12888.641369019791,0.38479437229437224,0.125,0.3678963513077172,0.375,0.07189657625033327
BAYRAMPAŞA,YILDIRIM,BAYRAMPAŞA|YILDIRIM,2023,0.42619480508395,2554201.388765272,0.1867593108529074,0.7234406152093421,635.0,1.0,270.0,1.0,29.0,0.12857142857142856,0.0,0.00035841667719384074,0.37976138089670064,32477.330433839565,0.15270579813886898,0.06896551724137931,0.4915711441179636,0.5625,0.15183333066414698
BAYRAMPAŞA,İSMET PAŞA,BAYRAMPAŞA|İSMET PAŞA,2023,0.13530169948699564,811217.2252143768,0.0593149665486176,0.3771005411563657,331.0,0.6288848263254113,172.0,0.1355807960366669,9.0,0.05714285714285714,0.0,0.0005882479882908946,0.3797613808967005,16929.128147402982,0.18423510024718484,0.03012906578592598,0.4191556344849855,0.25,0.1465824286071257
BAĞCILAR,100. YIL,BAĞCILAR|100. YIL,2023,0.4053673401449387,2463675.297457594,0.0690831717756702,0.5924238108800911,510.0,0.7568555758683729,207.0,0.27489720866426953,10.0,0.11428571428571428,0.002793296089385475,0.00030858353938537623,0.38762026524461385,26970.76115111471,0.1411363636363636,0.054979441732853906,0.69601630610268,0.3125,0.05963151338757594
BAĞCILAR,15 TEMMUZ,BAĞCILAR|15 TEMMUZ,2023,0.6317038402772442,3838976.648770974,0.1076475798346948,0.9216747365422956,809.0,0.4606946983546618,126.0,0.3622291463773372,15.0,0.07142857142857142,0.008379888268156424,0.00030809590960924105,0.38762026524461385,41960.28032933039,0.05521968760534891,0.048297219516978296,0.7425532773651922,0.375,0.08845998743114253
BAĞCILAR,BARBAROS,BAĞCILAR|BARBAROS,2023,0.22573899089225202,1372189.3404113285,0.0384771451052027,0.1834235260609513,161.0,0.17550274223034734,48.0,0.03667073167248809,2.0,0.04285714285714286,0.0,0.00017153972760648048,0.38762026524461385,8350.562587172055,0.1057029926595144,0.03667073167248809,0.6522441072005166,0.3125,0.029748616026862698
BAĞCILAR,BAĞLAR,BAĞCILAR|BAĞLAR,2023,0.11053920940991695,672194.3548431667,0.0188487980255302,0.3657077755625178,321.0,0.28884826325411334,79.0,0.30612825807360616,10.0,0.14285714285714285,0.013966480446927373,0.0006981730052199852,0.38762026524461385,16649.25832597658,0.0872557349192863,0.06122565161472122,0.7411910720051663,0.375,0.07872489020940117
BAĞCILAR,DEMİRKAPI,BAĞCILAR|DEMİRKAPI,2023,0.45906634913318484,2789969.640537714,0.0782326924838963,0.7815437197379664,686.0,1.0,270.0,0.3629374284221018,12.0,0.4,0.0,0.00035948230655087003,0.38762026524461385,35580.6579801244,0.14135303472038163,0.06048957140368364,0.6546658056183403,0.375,0.06824242084527797
BAĞCILAR,FATİH,BAĞCILAR|FATİH,2023,0.35041356175258,2129756.527667447,0.0597198568305804,0.68014810595272,597.0,0.40950639853747717,112.0,0.17761885858063706,7.0,0.0,0.0,0.00040982387412846647,0.387620265244614,30964.508475414394,0.06651439013248056,0.05074824530875344,0.6094607684856312,0.375,0.06204191321251062
BAĞCILAR,FEVZİ ÇAKMAK,BAĞCILAR|FEVZİ ÇAKMAK,2023,0.279062422643893,1696201.5421632775,0.0475626729806261,0.5012816861293079,440.0,0.5557586837294333,152.0,1.0,14.0,0.17142857142857143,0.0,0.00037925219593793814,0.38762026524461385,22821.41328171245,0.12247933884297518,0.14285714285714285,0.6762881129203376,0.4375,0.059739745104719175
BAĞCILAR,GÖZTEPE,BAĞCILAR|GÖZTEPE,2023,0.2152996508838869,1308756.184857841,0.0366984352297997,0.37482198803759614,329.0,0.9945155393053017,270.0,0.27941536267563055,9.0,0.02857142857142857,0.0,0.00036752766232139286,0.38762026524461385,17064.193112916808,0.29311964631113563,0.0620923028168068,0.6994167742977074,0.375,0.06908942660428147
BAĞCILAR,GÜNEŞLİ,BAĞCILAR|GÜNEŞLİ,2023,0.3884492928051352,2360875.2039931524,0.0662005855344201,0.8863571632013671,778.0,0.6215722120658135,170.0,0.2517542832499864,8.0,0.11428571428571428,0.0,0.00048179184811023945,0.38762026524461385,40352.408029937,0.07747137181584482,0.0629385708124966,0.5910962221504682,0.5,0.11292758477210034
BAĞCILAR,HÜRRİYET,BAĞCILAR|HÜRRİYET,2023,0.21815062354357123,1326079.712212596,0.0371841990060749,0.3167188835089718,278.0,0.30347349177330896,83.0,0.047814749973582225,4.0,0.1,0.0,0.0003064982833628606,0.38762026524461385,14418.983846172863,0.10585349901896661,0.023907374986791113,0.6435259928963512,0.3125,0.08478641293211181
BAĞCILAR,KAZIM KARABEKİR,BAĞCILAR|KAZIM KARABEKİR,2023,0.22934965387143308,1394129.017270793,0.0390923489296471,0.2734263742523498,240.0,0.20840950639853748,57.0,0.06706402812565151,4.0,0.05714285714285714,0.0,0.0002516872157126731,0.38762026524461385,12448.04360820679,0.08420454545454545,0.03353201406282576,0.5963432353890862,0.375,0.0799795006486123
BAĞCILAR,KEMALPAŞA,BAĞCILAR|KEMALPAŞA,2023,0.2777393664694886,1688162.1806663107,0.0473372436832529,0.4727997721446881,415.0,0.2376599634369287,65.0,1.0,7.0,0.11428571428571428,0.0,0.0003594072316941505,0.38762026524461385,21524.742072524237,0.05553121577217963,0.2857142857142857,0.673131256054246,0.25,0.03520129453817308
BAĞCILAR,KİRAZLI,BAĞCILAR|KİRAZLI,2023,0.03349466082814781,204044.1814778563,0.0057215410055891,0.946738820848761,831.0,1.0,270.0,0.411928840502309,17.0,0.1,0.0,0.005954285987245935,0.38762026524461385,43101.35099341601,0.11668854611092876,0.04846221652968342,0.48082245491028186,0.4375,0.08062917346695304
BAĞCILAR,MAHMUTBEY,BAĞCILAR|MAHMUTBEY,2023,0.2373477418418649,1442728.254191167,0.0404551053918324,0.5901452577613215,518.0,0.8080438756855576,221.0,1.0,18.0,0.14285714285714285,0.00558659217877095,0.0005249260239387114,0.38762026524461385,26867.027454379655,0.15126360126360125,0.11111111111111112,0.767412378548155,0.6875,0.04465283538387736
BAĞCILAR,SARIYER MERKEZ,BAĞCILAR|SARIYER MERKEZ,2023,0.21688731829317218,1318403.4186542016,0.0369689503866476,0.27228709769296494,239.0,0.49725776965265084,136.0,0.025932261961541424,1.0,0.014285714285714285,0.0,0.0002650345313221547,0.38762026524461385,12396.176759839262,0.20174971472042602,0.05186452392308285,0.44007641803896247,0.5625,0.07700492253192762
BAĞCILAR,SANCAKTEPE,BAĞCILAR|SANCAKTEPE,2023,0.15653034920147157,951652.9338474092,0.0266850112787367,0.36001139276559385,315.0,1.0,270.0,1.0,3.0,0.02857142857142857,0.0,0.0004854688549343564,0.38762026524461385,16389.92408413894,0.3068613348676639,0.6666666666666666,0.5266185017759122,0.25,0.16637220429702662
BAĞCILAR,YAVUZ SELİM,BAĞCILAR|YAVUZ SELİM,2023,0.23441994656560225,1424937.9252011047,0.0399562521724839,0.7952150384505838,698.0,0.5191956124314442,142.0,1.0,12.0,0.0,0.0,0.0007161637893653732,0.38762026524461385,36203.06016053475,0.07212815837457671,0.16666666666666666,0.5315628027123023,0.5625,0.15366700760112142
BAĞCILAR,YENİGÜN,BAĞCILAR|YENİGÜN,2023,0.18058436403677242,1097813.712547104,0.0307834613432386,0.3189974366277414,280.0,0.2961608775137112,81.0,0.03667073167248809,2.0,0.0,0.0,0.000372891309159238,0.38762026524461385,14522.717542907922,0.10256493506493507,0.03667073167248809,0.3475944462382951,0.3125,0.04791723386877213
BAĞCILAR,YENİMAHALLE,BAĞCILAR|YENİMAHALLE,2023,0.2913113620649919,1770630.4695706808,0.0496497119595332,0.4465964112788379,392.0,0.8007312614259597,219.0,0.4254261830166532,15.0,0.05714285714285714,0.0,0.0003236763849531373,0.38762026524461385,20331.80456007109,0.19807513914656769,0.05672349106888709,0.8365353567969003,0.3125,0.08684998638714948
BAĞCILAR,YILDIZTEPE,BAĞCILAR|YILDIZTEPE,2023,0.25693750906933666,1561762.6711946444,0.0437929133755201,0.4534320706351467,398.0,0.5301645338208409,145.0,0.10705149991098874,7.0,0.04285714285714286,0.0,0.00037258118117328306,0.38762026524461385,20643.00565027626,0.12916857012334398,0.030586142831711065,0.3913061026800129,0.375,0.04965054134390537
BAĞCILAR,ÇINAR,BAĞCILAR|ÇINAR,2023,0.2693315578773057,1637073.3350242954,0.04590467685801,0.46482483622899456,407.0,1.0,270.0,0.05957565908785838,3.0,0.05714285714285714,0.0,0.0003643719272863669,0.38762026524461385,21161.674133951543,0.23766711229946522,0.03971710605857225,0.5151759767516952,0.3125,0.08405576969922766
BAĞCILAR,İNÖNÜ,BAĞCILAR|İNÖNÜ,2023,0.19944858432989337,1212439.447439341,0.0339976468090119,0.35545428652805466,312.0,0.113345521023766,31.0,0.0729130669469331,4.0,0.11428571428571428,0.0,0.00037622479776194476,0.38762026524461385,16182.456690668829,0.035227272727272704,0.03645653347346655,0.5975540845979981,0.375,0.04742127523796477
BAŞAKŞEHİR,ALTINŞEHİR,BAŞAKŞEHİR|ALTINŞEHİR,2023,0.2124657499167755,1521203.7039016837,0.0480184969849837,0.615209342067787,540.0,1.0,270.0,1.0,8.0,0.0,0.0,0.0006112797281260637,0.48809095931694696,32988.6349988719,0.17957070707070708,0.25,0.7138763319341297,0.3125,0.08493526085345879
BAŞAKŞEHİR,BAHÇEŞEHİR 1. KISIM,BAŞAKŞEHİR|BAHÇEŞEHİR 1. KISIM,2023,0.31312044932694855,2241577.7481733453,0.0707579097172807,0.5730561093705497,503.0,0.9213893967093236,252.0,1.0,29.0,0.22857142857142856,0.0,0.00038640949199937006,0.48809095931694696,30728.30260080105,0.17762515814205673,0.06896551724137931,0.4935796162184603,0.4375,0.08994871566922441
BAŞAKŞEHİR,BAHÇEŞEHİR 2. KISIM,BAŞAKŞEHİR|BAHÇEŞEHİR 2. KISIM,2023,0.5135250484409277,3675850.28984652,0.116032327299444,0.8362289945884364,734.0,0.9945155393053017,270.0,1.0,25.0,0.21428571428571427,0.0,0.0003438522358928062,0.48809095931694696,44840.10757254069,0.1313846916026752,0.08,0.2166843489090825,0.4375,0.09322690274791817
BAŞAKŞEHİR,BAŞAK,BAŞAKŞEHİR|BAŞAK,2023,0.5972958438964431,4275388.185918611,0.1349574118105331,0.3816576473939049,335.0,0.29981718464351004,82.0,0.18267203209355415,6.0,0.22857142857142856,0.0,0.00013492824205378623,0.48809095931694696,20465.17171226312,0.08678426051560377,0.06089067736451805,0.5126111779728183,0.6875,0.09426574877160229
BAŞAKŞEHİR,BAŞAKŞEHİR,BAŞAKŞEHİR|BAŞAKŞEHİR,2023,0.6067791691207225,4343259.247925549,0.1370998378235574,0.27570492737111935,242.0,0.7020109689213894,192.0,1.0,10.0,0.2,0.0,9.594740224579603e-05,0.48809095931694696,14783.795684679628,0.2812922614575507,0.2,0.5705117855989668,0.25,0.09456793292162957
BAŞAKŞEHİR,GÜVERCİNTEPE,BAŞAKŞEHİR|GÜVERCİNTEPE,2023,0.633564654767697,4534959.8713078825,0.1431510824940075,1.0,872.75,1.0,270.0,1.0,15.0,0.07142857142857142,0.002793296089385475,0.0003332966876192154,0.48809095931694696,53621.804389370016,0.11047357655161698,0.1333333333333333,0.6727528656764611,0.25,0.11010592359843431
BAŞAKŞEHİR,KAYABAŞI,BAŞAKŞEHİR|KAYABAŞI,2023,1.0,7157495.263653386,0.2259343465022147,0.5252064938763885,461.0,0.8994515539305301,246.0,0.1545425726060495,5.0,0.34285714285714286,0.0446927374301676,0.00011091070450981303,0.48809095931694696,28162.519878666568,0.18919345296785642,0.061817029042419806,0.45328644656118827,0.5,0.0958554595164003
BAŞAKŞEHİR,ZİYA GÖKALP,BAŞAKŞEHİR|ZİYA GÖKALP,2023,0.25596442259267793,1832518.674187334,0.0578455023516548,0.4431785816006836,389.0,1.0,270.0,0.1949355929815342,7.0,0.08571428571428572,0.0111731843575419,0.00036553990969566755,0.48809095931694696,23764.035212150313,0.24927553166627717,0.05569588370900977,0.7126957539554406,0.625,0.10368267644656556
BAŞAKŞEHİR,İKITELLI OSB,BAŞAKŞEHİR|İKITELLI OSB,2023,9.389430915128081e-05,1282.8913610672405,4.049590123628201e-05,0.848761036741669,745.0,0.8080438756855576,221.0,0.2862316253644939,12.0,0.014285714285714285,0.276536312849162,1.0,0.48809095931694696,45512.09828548067,0.10517388651616838,0.047705270894082316,0.43550209880529545,0.25,0.09973086725015957
BAŞAKŞEHİR,ŞAHİNTEPE,BAŞAKŞEHİR|ŞAHİNTEPE,2023,0.27522982766126347,1970398.950469656,0.0621978475464304,1.0,872.75,0.870201096892139,238.0,0.46329071265168803,21.0,0.07142857142857142,0.00558659217877095,0.0007670969897911836,0.48809095931694696,53621.804389370016,0.09613422749281476,0.04412292501444647,0.5468497739748144,0.375,0.08684998638714948
BAŞAKŞEHİR,ŞAMLAR,BAŞAKŞEHİR|ŞAMLAR,2023,0.017464341502138228,125601.17325496412,0.0039647415686569,0.1093705497009399,96.0,0.10237659963436929,28.0,0.0,0.0,0.014285714285714285,0.01675977653631285,0.0013161674457472647,0.48809095931694696,5864.646222021671,0.10340909090909091,0.0,0.41279867613819826,0.4375,0.048461747890008185
BEYKOZ,ACARLAR,BEYKOZ|ACARLAR,2023,0.054177016380289024,376965.3525309828,0.0243835080492042,0.03531757334092851,31.0,0.03290676416819013,9.0,0.2069325961107319,4.0,0.0,0.0,0.00013745878611856298,0.46858322167215627,1838.2768489004984,0.1029325513196481,0.10346629805536593,0.2522097998062641,0.5,0.025755513204465015
BEYKOZ,AKBABA,BEYKOZ|AKBABA,2023,0.02007631046580113,140064.8360355799,0.0090599097077584,0.09455995442893762,83.0,0.4460694698354662,122.0,1.0,10.0,0.0,0.0,0.0009905153748671644,0.46858322167215627,4921.838014798109,0.5211391018619934,0.2,0.2460041976105909,0.5,0.034680098012523836
BEYKOZ,ALİBAHADIR,BEYKOZ|ALİBAHADIR,2023,0.06666495949740937,463720.15994844824,0.029995128668362,0.03531757334092851,31.0,0.12431444241316271,34.0,0.40893768165197264,7.0,0.0,0.0,0.00011174239173346609,0.46858322167215627,1838.2768489004984,0.3888563049853372,0.11683933761484934,0.10978366160800776,0.375,0.038367690798226745
BEYKOZ,ANADOLU HİSARI,BEYKOZ|ANADOLU HİSARI,2023,0.0212457214070489,148188.8337226563,0.0095853998135852,0.11734548561663344,103.0,0.054844606946983544,15.0,0.15515184748326635,4.0,0.014285714285714285,0.0,0.0011618070046810671,0.46858322167215627,6107.823078604882,0.05163283318623123,0.07757592374163318,0.21694381659670647,0.25,0.06188547332193042
BEYKOZ,ANADOLU KAVAĞI,BEYKOZ|ANADOLU KAVAĞI,2023,0.021399366640205544,149256.2202800824,0.0096544423092413,0.1458273996012532,128.0,0.10968921389396709,30.0,1.0,15.0,0.0,0.0,0.0014334738543008217,0.46858322167215627,7590.304408363349,0.0830965909090909,0.1333333333333333,0.3350016144656119,0.3125,0.23233553527161221
BEYKOZ,ANADOLUFENERİ,BEYKOZ|ANADOLUFENERİ,2023,0.0586412639881181,407978.8619495299,0.0263895761174336,0.05012816861293079,44.0,0.018281535648994516,5.0,0.1927422034235536,5.0,0.0,0.0,0.00018027157796160452,0.4685832216721561,2609.167140374901,0.04028925619834709,0.07709688136942144,0.09676703261220536,0.25,0.061821788339621195
BEYKOZ,BAKLACI,BEYKOZ|BAKLACI,2023,0.025308784239413417,176415.2782412575,0.0114111902542681,0.09569923098832242,84.0,0.05850091407678245,16.0,0.04273872865276949,1.0,0.0,0.0,0.0007958941966048165,0.46858322167215627,4981.137267988447,0.0675324675324675,0.08547745730553898,0.4060044666881929,0.5625,0.028800552991485054
BEYKOZ,BOZHANE,BEYKOZ|BOZHANE,2023,0.005428798238201326,38307.31756095877,0.0024778584552125,0.05810310452862432,51.0,0.0,0.0,0.08236634746375053,1.0,0.014285714285714285,0.0,0.0022253620628753094,0.46858322167215627,3024.261912707271,0.0,0.16473269492750106,0.06667742977074588,0.3125,0.05895786517995376
BEYKOZ,CUMHURİYET,BEYKOZ|CUMHURİYET,2023,0.016952190724949426,118361.30936791596,0.0076560456294182,0.1367131871261749,120.0,0.018281535648994516,5.0,0.08236634746375053,1.0,0.0,0.0,0.0016946644967787924,0.46858322167215627,7115.910382840639,0.014772727272727248,0.16473269492750106,0.20412226886233986,0.0,0.08128816459880986
BEYKOZ,DERESEKİ,BEYKOZ|DERESEKİ,2023,0.014229255759562283,99444.84760019791,0.0064324591786244,0.1105098262603247,97.0,0.5557586837294333,152.0,1.0,10.0,0.0,0.0,0.001630428257554838,0.4685832216721561,5752.027559462848,0.555576382380506,0.2,0.0653858572812399,0.375,0.0565359348079549
BEYKOZ,ELMALI,BEYKOZ|ELMALI,2023,0.018975186294845202,132415.2323740262,0.0085651051555565,0.09114212475078325,80.0,0.07678244972577697,21.0,0.21929326018226836,5.0,0.0,0.002793296089385475,0.0010098672445351456,0.46858322167215627,4743.940255227092,0.09306818181818181,0.08771730407290734,0.18768162738133679,0.375,0.061658205345846484
BEYKOZ,FATİH,BEYKOZ|FATİH,2023,0.035671301631200227,248404.57161432863,0.0160677230168502,0.0968385075477072,85.0,0.062157221206581355,17.0,0.019306397671808372,1.0,0.0,0.0,0.0005719678095875904,0.46858322167215627,5040.436521178785,0.07090909090909091,0.038612795343616745,0.13733048111075236,0.25,0.0673836101279608
BEYKOZ,GÖKSU,BEYKOZ|GÖKSU,2023,0.023098000051215078,161056.7716649598,0.0104177454556612,0.1093705497009399,96.0,0.08775137111517367,24.0,0.1854956403526559,6.0,0.04285714285714286,0.0,0.0009963329412578704,0.46858322167215627,5692.728306272511,0.08863636363636362,0.061831880117551974,0.37350661930900875,0.3125,0.03339993631954667
BEYKOZ,GÖLLÜ,BEYKOZ|GÖLLÜ,2023,0.0025010029619386615,17967.673716672612,0.0011622153435439,0.04101395613785246,36.0,0.0,0.0,0.11203232203223636,3.0,0.0,0.0,0.003349059738188584,0.46858322167215627,2134.7731148521916,0.0,0.07468821468815756,0.1134162092347433,0.25,0.1150426692452848
BEYKOZ,GÖRELE,BEYKOZ|GÖRELE,2023,0.017080228419246626,119250.79816577103,0.0077135810424649,0.06607804044431786,58.0,0.05850091407678245,16.0,0.19433964599225645,5.0,0.0,0.0,0.0008129782838682549,0.46858322167215627,3439.356685039642,0.09780564263322881,0.0777358583969026,0.1553115918630933,0.3125,0.037794718213994015
BEYKOZ,GÖZTEPE,BEYKOZ|GÖZTEPE,2023,0.07809445767500618,543121.8599703118,0.0351311232063335,0.3076046710338935,270.0,0.1425959780621572,39.0,0.3377248724092728,10.0,0.02857142857142857,0.0,0.000830957337595104,0.46858322167215627,16010.798361391437,0.051212121212121195,0.06754497448185455,0.2912092347433,0.375,0.07482092996120566
BEYKOZ,GÜMÜŞSUYU,BEYKOZ|GÜMÜŞSUYU,2023,0.11713741858936605,814356.6440629207,0.0526755884913831,0.6459698091711763,558.0,0.829981718464351,227.0,1.0,14.0,0.07142857142857142,0.0,0.0011638061847790335,0.46858322167215627,33622.676558922016,0.14194324194324193,0.14285714285714285,0.4191556344849855,0.125,0.08005939001766506
BEYKOZ,KANLICA,BEYKOZ|KANLICA,2023,0.03127534079366299,217865.45622130425,0.0140923405022457,0.10709199658217032,94.0,0.051188299817184646,14.0,0.14804427524373373,4.0,0.02857142857142857,0.0,0.0007211933667746874,0.46858322167215627,5574.1297998918335,0.05280464216634427,0.07402213762186687,0.36809815950920244,0.1875,0.0484734160476061
BEYKOZ,KAVACIK,BEYKOZ|KAVACIK,2023,0.20031070480482788,1392168.5671495807,0.0900505928065391,0.3440615209342068,302.0,0.40219378427787933,110.0,0.18874193305782683,9.0,0.1,0.0,0.0003625996370001427,0.46858322167215627,17908.374463482276,0.12913907284768208,0.041942651790628185,0.27688085243784305,0.3125,0.06461761028416188
BEYKOZ,KAYNARCA,BEYKOZ|KAYNARCA,2023,0.00704207318634606,49514.876413932776,0.0032028046596013,0.05810310452862432,51.0,0.13893967093235832,38.0,1.0,7.0,0.0,0.0,0.0017216573564280834,0.46858322167215627,3024.261912707271,0.2641711229946524,0.2857142857142857,0.06474007103648692,0.3125,0.12278791178872857
BEYKOZ,KILIÇLI,BEYKOZ|KILIÇLI,2023,0.005249545466185245,37062.03324396166,0.002397308876947,0.05468527485046995,48.0,0.03290676416819013,9.0,0.1889513712968701,6.0,0.0,0.0,0.002164832214765101,0.46858322167215627,2846.3641531362555,0.06647727272727272,0.06298379043229003,0.07273167581530514,0.3125,0.25036754696433433
BEYKOZ,MAHMUTŞEVKETPAŞA,BEYKOZ|MAHMUTŞEVKETPAŞA,2023,0.01415243314298396,98911.15432148488,0.0063979379307964,0.1093705497009399,96.0,0.3071297989031079,84.0,0.35484549645906577,7.0,0.0,0.0,0.0016223263000337987,0.46858322167215627,5692.728306272511,0.3102272727272727,0.10138442755973306,0.05425757645647862,0.4375,0.09893256475492176
BEYKOZ,SARIYER MERKEZ,BEYKOZ|SARIYER MERKEZ,2023,0.04798852782259097,333973.39396798733,0.0216026297519456,0.3406436912560524,295.0,0.3583180987202925,98.0,1.0,19.0,0.04285714285714286,0.0,0.001496482230018304,0.46858322167215627,17730.47670391126,0.11620553359683794,0.10526315789473685,0.3596222150468195,0.375,0.09389101609791986
BEYKOZ,ORTAÇEŞME,BEYKOZ|ORTAÇEŞME,2023,0.061628810188386125,428733.60056614847,0.0277320690885239,0.45457134719453146,398.0,0.19744058500914077,54.0,1.0,11.0,0.0,0.0,0.0015555988749338607,0.46858322167215627,23660.402022945123,0.04798359535201638,0.18181818181818182,0.39070067807555703,0.3125,0.08569069847096952
BEYKOZ,PAŞABAHÇE,BEYKOZ|PAŞABAHÇE,2023,0.03596152040494055,250420.74622280017,0.0161981366197561,0.14240956992309883,121.0,0.10237659963436929,28.0,1.0,10.0,0.014285714285714285,0.0,0.0008343570762220948,0.46858322167215627,7412.406648792332,0.07941818181818182,0.2,0.471827575072651,0.1875,0.10523489729860545
BEYKOZ,PAŞAMANDIRA,BEYKOZ|PAŞAMANDIRA,2023,0.0038069874437701126,27040.459454794425,0.0017490765566205,0.12532042153232698,110.0,0.12431444241316271,34.0,0.13520380720638903,4.0,0.014285714285714285,0.0,0.006799717414341223,0.46858322167215627,6522.917850937252,0.10958677685950412,0.06760190360319451,0.0884727155311592,0.3125,0.1391018384512875
BEYKOZ,POLONEZKÖY,BEYKOZ|POLONEZKÖY,2023,0.0032094782037165076,22889.51173147072,0.0014805779624025,0.007974935915693534,7.0,0.054844606946983544,15.0,0.0965548361669375,3.0,0.0,0.0,0.0005111798866362972,0.46858322167215627,415.09477233237055,0.7597402597402597,0.06436989077795832,0.09661567646109138,0.5,0.013082665826013449
BEYKOZ,POYRAZKÖY,BEYKOZ|POYRAZKÖY,2023,0.007528616424675424,52894.93384578208,0.0034214392291788,0.07861008259755055,69.0,0.010968921389396709,3.0,0.1995508501764517,4.0,0.0,0.0,0.0021804556535347758,0.46858322167215627,4091.648470133367,0.015415019762845844,0.09977542508822584,0.20398773006134968,0.3125,0.04608078327828263
BEYKOZ,RÜZGARLIBAHÇE,BEYKOZ|RÜZGARLIBAHÇE,2023,0.06083497648374348,423218.77001944697,0.0273753495276342,0.2187410994018798,192.0,0.08775137111517367,24.0,0.16429477860950145,8.0,0.04285714285714286,0.0,0.0007583130919031458,0.46858322167215627,11385.456612545022,0.04431818181818181,0.04107369465237536,0.34036394667650727,0.4375,0.024219036683672864
BEYKOZ,RİVA,BEYKOZ|RİVA,2023,0.02779271550877912,193671.36091964605,0.0125273772673747,0.2438051837083452,213.0,1.0,270.0,0.540790477033669,17.0,0.0,0.0,0.0018469732899879584,0.46858322167215627,12690.040182732471,0.45312234494477477,0.06362240906278459,0.05317646109137875,0.25,0.1460716381052446
BEYKOZ,SOĞUKSU,BEYKOZ|SOĞUKSU,2023,0.09560147840857681,664744.6282636963,0.042998132016923,0.25178011962403873,212.0,0.051188299817184646,14.0,0.19399121692184812,5.0,0.0,0.0,0.0005557118823677328,0.46858322167215627,13105.134955064845,0.02245989304812832,0.07759648676873925,0.3598240232483048,0.25,0.06495031309556222
BEYKOZ,TOKATKÖY,BEYKOZ|TOKATKÖY,2023,0.11799100321801405,820286.5693819546,0.0530591579116946,0.6755909997151809,593.0,0.9323583180987203,243.0,1.0,22.0,0.0,0.0,0.0012083739059936917,0.46858322167215627,35164.45714187082,0.1524605242986356,0.09090909090909091,0.2451566031643526,0.3125,0.04895958041868027
BEYKOZ,YALIKÖY,BEYKOZ|YALIKÖY,2023,0.03941853815096498,274436.9437648873,0.0177515927720178,0.3474793506123611,285.0,0.526508226691042,144.0,1.0,20.0,0.014285714285714285,0.002793296089385475,0.0018576740354886798,0.46858322167215627,18086.27222305329,0.1673919523099851,0.1,0.3543752018082015,0.25,0.11486257661378683
BEYKOZ,YAVUZ SELİM,BEYKOZ|YAVUZ SELİM,2023,0.04655450564646232,324011.1194320104,0.0209582331258222,0.0729136998006266,64.0,0.07312614259597806,20.0,0.14147362648974846,6.0,0.0,0.0,0.0003301659673568053,0.46858322167215627,3795.152204181674,0.11079545454545454,0.04715787549658282,0.17603441118132754,0.4375,0.018278106145104216
BEYKOZ,SEYMEN MAHALLE,BEYKOZ|SEYMEN MAHALLE,2023,0.16411018070386588,1140680.4343693545,0.0737834136911268,0.8362289945884364,734.0,0.6142595978062158,168.0,0.40006321226851116,15.0,0.0,0.0,0.0010755839512323789,0.46858322167215627,43525.65184170857,0.08114936834282882,0.05334176163580148,0.3810138844042622,0.4375,0.09148221189925103
BEYKOZ,ZERZAVATÇI,BEYKOZ|ZERZAVATÇI,2023,0.009841830768311525,68965.03146036385,0.0044609123582231,0.05924238108800912,51.0,0.04021937842778794,11.0,0.18924839279951333,4.0,0.0,0.0,0.0012603368977476674,0.46858322167215627,3083.56116589761,0.07499999999999998,0.09462419639975667,0.1141081230684072,0.4375,0.09927533293556777
BEYKOZ,ÇAMLIBAHÇE,BEYKOZ|ÇAMLIBAHÇE,2023,0.0510614324857238,355321.1251165092,0.0229834796650671,0.44431785816006836,389.0,0.43144424131627057,116.0,1.0,17.0,0.014285714285714285,0.0,0.001834660979740325,0.46858322167215627,23126.708744232074,0.10727272727272724,0.1176470588235294,0.4176420729738457,0.25,0.10208454172042757
BEYKOZ,ÇENGELDERE,BEYKOZ|ÇENGELDERE,2023,0.04321698974844861,300825.111434588,0.0194584766924041,0.2187410994018798,192.0,0.08043875685557587,22.0,0.018881809241747892,1.0,0.014285714285714285,0.0,0.0010668402398802982,0.46858322167215627,11385.456612545022,0.04062499999999999,0.037763618483495784,0.04560865353567969,0.3125,0.04057143150681414
BEYKOZ,ÇUBUKLU,BEYKOZ|ÇUBUKLU,2023,0.1817537749780202,1263251.9907137842,0.0817117936089663,0.6163486186271717,541.0,0.28153564899451555,77.0,1.0,17.0,0.02857142857142857,0.0,0.0007158458634713516,0.4685832216721561,32080.89597597321,0.05046210720887245,0.1176470588235294,0.1957539554407491,0.4375,0.06297504844573279
BEYKOZ,ÇİFTLİK,BEYKOZ|ÇİFTLİK,2023,0.047638558124845284,331542.1245871834,0.0214453662896179,0.18456280262033609,162.0,0.08043875685557587,22.0,0.05780495397594697,2.0,0.0,0.0,0.0008167488737292317,0.46858322167215627,9606.479016834865,0.04814814814814812,0.05780495397594697,0.20412226886233986,0.0,0.052677570421237475
BEYKOZ,ÇİĞDEM,BEYKOZ|ÇİĞDEM,2023,0.09309193960035168,647310.6478257368,0.0418704379212071,0.2802620336086585,246.0,0.1425959780621572,39.0,1.0,9.0,0.014285714285714285,0.0,0.000635235268222743,0.46858322167215627,14587.61628482331,0.05620842572062082,0.22222222222222224,0.38071117210203426,0.25,0.0760752393802185
BEYKOZ,ÖRNEKKÖY,BEYKOZ|ÖRNEKKÖY,2023,0.03296543835838604,229606.7083529913,0.0148518079544626,0.05810310452862432,51.0,0.06946983546617916,19.0,0.20969718086610328,5.0,0.0,0.0,0.0003712768317710356,0.46858322167215627,3024.261912707271,0.13208556149732617,0.08387887234644131,0.08465854052308687,0.25,0.03551009295632221
BEYKOZ,ÖĞÜMCE,BEYKOZ|ÖĞÜMCE,2023,0.04097206217510435,285229.4078455289,0.0184496891169848,0.05126744517231558,45.0,0.007312614259597806,2.0,0.08236634746375053,1.0,0.0,0.0,0.00026371234424925707,0.46858322167215627,2668.4663935652393,0.01575757575757574,0.16473269492750106,0.058927994833710036,0.3125,0.09824493834374773
BEYKOZ,İNCİRKÖY,BEYKOZ|İNCİRKÖY,2023,0.14236084436591465,989585.9372403714,0.0640100648615889,0.47393904870407294,411.0,0.2413162705667276,66.0,1.0,14.0,0.0,0.008379888268156424,0.0007026710508535653,0.4685832216721561,24668.489327180876,0.056249999999999974,0.14285714285714285,0.21216768916155412,0.5625,0.04597059624285326
BEYKOZ,İSHAKLI,BEYKOZ|İSHAKLI,2023,0.011489249101602178,80409.7873260992,0.0052012013394244,0.12987752776986614,114.0,0.025594149908592323,7.0,0.17682108928828127,4.0,0.0,0.0,0.0023697808398170698,0.4685832216721561,6760.114863698605,0.021770334928229655,0.08841054464414062,0.052873748789150785,0.1875,0.056512776632569726
BEYLİKDÜZÜ,ADNAN KAHVECİ,BEYLİKDÜZÜ|ADNAN KAHVECİ,2023,0.9441414219012744,5946728.213074139,0.2647933243328642,0.5411563657077756,475.0,0.7056672760511883,193.0,1.0,4.0,0.3142857142857143,0.0111731843575419,0.00012103943938171964,0.4082281218357108,25535.35921686343,0.14405741626794258,0.5,0.5154181465934776,0.5,0.09729753694827367
BEYLİKDÜZÜ,BARIŞ,BEYLİKDÜZÜ|BARIŞ,2023,0.7116505765964166,4482503.836253699,0.1995949788871973,0.3565935630874395,313.0,0.2595978062157221,71.0,1.0,6.0,0.1,0.0,0.0001058120312770899,0.4082281218357108,16826.457757638433,0.08042404879465583,0.3333333333333333,0.5196056667742976,0.375,0.15562459489677039
BEYLİKDÜZÜ,BÜYÜKŞEHİR,BEYLİKDÜZÜ|BÜYÜKŞEHİR,2023,0.1813611260488421,1142747.6439428758,0.0508837694730895,0.14240956992309883,125.0,0.09140767824497258,25.0,1.0,5.0,0.07142857142857142,0.0,0.00016575668875598186,0.4082281218357108,6719.831372858798,0.07090909090909091,0.4,0.2223926380368098,0.375,0.07359628340216996
BEYLİKDÜZÜ,CUMHURİYET,BEYLİKDÜZÜ|CUMHURİYET,2023,0.21149266344011677,1332515.6819124082,0.0593336780321527,0.09455995442893762,83.0,0.06946983546617916,19.0,1.0,5.0,0.04285714285714286,0.00558659217877095,9.438807905096389e-05,0.4082281218357108,4461.968031578242,0.08116100766703176,0.4,0.2379318695511786,0.375,0.07658200770098401
BEYLİKDÜZÜ,DEREAĞZI,BEYLİKDÜZÜ|DEREAĞZI,2023,0.08397565576639096,529415.1948793075,0.0235735692605252,0.8612930788949017,756.0,1.0,270.0,1.0,20.0,0.0,0.0,0.0021638979604075917,0.4082281218357108,40641.54014305001,0.12826479076479072,0.1,0.6053237003551825,0.25,0.09839400021527299
BEYLİKDÜZÜ,GÜRPINAR,BEYLİKDÜZÜ|GÜRPINAR,2023,0.18764350891569145,1182314.0110662682,0.0526455634389452,0.7359726573625748,646.0,0.7312614259597806,200.0,0.3192866914374983,12.0,0.04285714285714286,0.0,0.0008279632598169582,0.4082281218357106,34728.088534934264,0.10976639459611594,0.05321444857291639,0.6893768162738133,0.1875,0.07543116232449691
BEYLİKDÜZÜ,KAVAKLI,BEYLİKDÜZÜ|KAVAKLI,2023,0.2192773552533866,1381543.571608786,0.0615167705550608,0.7587581885502706,666.0,1.0,270.0,0.3835004555281699,16.0,0.1,0.00558659217877095,0.0007305013565670302,0.4082281218357108,35803.26155459168,0.14559787059787058,0.04793755694102124,0.6077958508233774,0.375,0.07661013914943927
BEYLİKDÜZÜ,MARMARA,BEYLİKDÜZÜ|MARMARA,2023,0.2770223553814243,1745220.8455079042,0.0777104338417641,0.45571062375391624,400.0,0.4424131627056673,121.0,0.1322259762439917,6.0,0.1,0.0111731843575419,0.00034731295543478626,0.4082281218357108,21503.46039314815,0.10724999999999998,0.044075325414663906,0.6264378834355828,0.25,0.12223186896899729
BEYLİKDÜZÜ,SAHİL,BEYLİKDÜZÜ|SAHİL,2023,0.05870101491212346,370235.8293190283,0.0164856997864782,0.293933352321276,258.0,0.2230347349177331,61.0,0.1614940181582953,6.0,0.0,0.0,0.001055972589150067,0.4082281218357108,13869.73195358056,0.08382663847780127,0.053831339386098444,0.7216661285114627,0.1875,0.09993944628556944
BEYLİKDÜZÜ,YAKUPLU,BEYLİKDÜZÜ|YAKUPLU,2023,0.6897817384104548,4344774.1724355845,0.1934622123919225,1.0,872.75,1.0,270.0,0.3401277002062966,12.0,0.05714285714285714,0.019553072625698324,0.0003061364304469789,0.4082281218357108,47186.65590021448,0.11047357655161698,0.056687950034382775,0.36926864707781726,0.625,0.08684998638714948
BEYOĞLU,ARAP CAMİ,BEYOĞLU|ARAP CAMİ,2023,0.00819441243502087,66548.71217125893,0.0040556926035874,0.05240672173170037,46.0,0.0,0.0,0.0,0.0,0.014285714285714285,0.0,0.0013367466961876427,0.5699738511152153,3155.9183091524856,0.0,0.0,0.0471222150468195,0.25,0.03893275251837736
BEYOĞLU,ASMALI MESCİT,BEYOĞLU|ASMALI MESCİT,2023,0.03593591286608111,289521.20140485844,0.0176443533888029,0.06607804044431786,58.0,0.03656307129798903,10.0,0.03116821793762358,2.0,0.0,0.0,0.00038741690257323714,0.5699738511152153,3979.201346322699,0.061128526645768025,0.03116821793762358,0.05872618663222473,0.375,0.037794718213994015
BEYOĞLU,BEDRETTİN,BEYOĞLU|BEDRETTİN,2023,0.05138579464461004,413699.72617803235,0.0252121921645691,0.05126744517231558,45.0,0.010968921389396709,3.0,0.08977284518991761,3.0,0.02857142857142857,0.002793296089385475,0.00021035760793348696,0.5699738511152153,3087.311389388301,0.023636363636363608,0.05984856345994509,0.061955117855989665,0.5,0.11604955077593249
BEYOĞLU,BEREKETZADE,BEYOĞLU|BEREKETZADE,2023,0.0039947760620726745,32794.10764728018,0.0019985784170255,0.05468527485046995,48.0,0.025594149908592323,7.0,0.0,0.0,0.0,0.0,0.002830586054870686,0.5699738511152155,3293.132148680855,0.051704545454545434,0.0,0.05247013238618017,0.375,0.01880230589850733
BEYOĞLU,BOSTAN,BEYOĞLU|BOSTAN,2023,0.015987640094577177,129186.82991595934,0.0078730610026341,0.0968385075477072,85.0,0.003656307129798903,1.0,0.11111650573241978,4.0,0.0,0.0,0.0012724233427309699,0.5699738511152153,5831.58817995568,0.004171122994652391,0.05555825286620989,0.20180820148530834,0.375,0.050765971857921685
BEYOĞLU,BÜLBÜL,BEYOĞLU|BÜLBÜL,2023,0.018966650448558723,153130.64491365975,0.0093322741146464,0.2084876103674167,183.0,0.054844606946983544,15.0,0.07330338366515014,3.0,0.0,0.0,0.0023111063000649493,0.5699738511152155,12555.06631684576,0.029061102831594597,0.048868922443433424,0.17052793025508553,0.375,0.054201654550872405
BEYOĞLU,CAMİİKEBİR,BEYOĞLU|CAMİİKEBİR,2023,0.021988340033972667,177417.49451018104,0.0108123928586361,0.11392765593847906,100.0,0.06946983546617916,19.0,0.2537249066809846,11.0,0.0,0.0111731843575419,0.0010900200875130414,0.5699738511152153,6860.691976418447,0.06736363636363636,0.046131801214724474,0.12855182434614143,0.375,0.052887372488139454
BEYOĞLU,CİHANGİR,BEYOĞLU|CİHANGİR,2023,0.028245115361962562,227706.36669732825,0.0138771585065016,0.10367416690401594,91.0,0.04753199268738574,13.0,1.0,7.0,0.02857142857142857,0.0,0.0007728534712687375,0.5699738511152153,6243.229698540787,0.050649350649350625,0.2857142857142857,0.057515337423312884,0.375,0.04285064278761343
BEYOĞLU,EMEKYEMEZ,BEYOĞLU|EMEKYEMEZ,2023,0.0012718410966855308,10908.500242505332,0.0006647990968766,0.05354599829108516,47.0,0.021937842778793418,6.0,0.0,0.0,0.0,0.0,0.008332278080283653,0.5699738511152155,3224.5252289166706,0.04526112185686653,0.0,0.04237972231191475,0.1875,0.03463429477426691
BEYOĞLU,EVLİYA ÇELEBİ,BEYOĞLU|EVLİYA ÇELEBİ,2023,0.02099818186474098,169459.09181753563,0.0103273821967638,0.0615209342067787,54.0,0.03290676416819013,9.0,0.03781312206726965,1.0,0.014285714285714285,0.0,0.0006162541097193164,0.5699738511152153,3704.773667265961,0.05909090909090906,0.0756262441345393,0.04984662576687116,0.375,0.07695182896722304
BEYOĞLU,FETİHTEPE,BEYOĞLU|FETİHTEPE,2023,0.10606642595580139,853195.6541873981,0.0519964878538278,0.20506978068926232,180.0,0.12431444241316271,34.0,0.04982345308440646,4.0,0.0,0.0,0.0004079949745380914,0.5699738511152155,12349.245557553208,0.06696969696969693,0.02491172654220323,0.2895082799022095,0.4375,0.00503290413971088
BEYOĞLU,FİRUZAĞA,BEYOĞLU|FİRUZAĞA,2023,0.003047297124273386,25178.7395534557,0.0015344733871304,0.11392765593847906,100.0,0.10603290676416818,29.0,0.016044873094707018,1.0,0.014285714285714285,0.0,0.007680632006290804,0.5699738511152153,6860.691976418447,0.10281818181818181,0.032089746189414035,0.0689175008072328,0.25,0.05347905565711175
BEYOĞLU,GÜMÜŞSUYU,BEYOĞLU|GÜMÜŞSUYU,2023,0.027690285353341358,223246.91691265628,0.0136053852907973,0.097977784107092,86.0,0.029250457038391225,8.0,0.08236444347975921,6.0,0.014285714285714285,0.0,0.0007449788180164424,0.5699738511152153,5900.195099719865,0.0329809725158562,0.027454814493253075,0.09673339791195784,0.5625,0.0925474623654486
BEYOĞLU,HACIAHMET,BEYOĞLU|HACIAHMET,2023,0.13288605498792178,1068758.5960864658,0.0651335869883346,0.40558245514098545,356.0,0.8263254113345521,226.0,1.0,11.0,0.014285714285714285,0.0,0.0006441712240890397,0.5699738511152153,24424.06343604967,0.22507660878447394,0.18181818181818182,0.19073758014668574,0.4375,0.04443487675621601
BEYOĞLU,HACIMİMİ,BEYOĞLU|HACIMİMİ,2023,0.010396660776932728,84249.29747041853,0.0051344232136137,0.097977784107092,86.0,0.03290676416819013,9.0,0.01935590125558224,1.0,0.014285714285714285,0.0,0.001974072535688521,0.5699738511152153,5900.195099719865,0.03710359408033824,0.03871180251116448,0.07927026154342913,0.3125,0.05105697197509288
BEYOĞLU,HALICIOĞLU,BEYOĞLU|HALICIOĞLU,2023,0.10051812586958934,808601.1563406782,0.0492787556967847,0.18456280262033609,162.0,0.13528336380255943,37.0,0.18729300124044557,7.0,0.02857142857142857,0.0,0.0003874463730714521,0.5699738511152153,11114.321001797884,0.08097643097643095,0.05351228606869873,0.24570148530836292,0.25,0.051609132814480325
BEYOĞLU,HÜSEYİNAĞA,BEYOĞLU|HÜSEYİNAĞA,2023,0.04788609766715321,385570.8890747167,0.0234979303424342,0.05468527485046995,48.0,0.029250457038391225,8.0,1.0,3.0,0.0,0.0,0.00024075091356373456,0.5699738511152153,3293.1321486808547,0.05909090909090906,0.6666666666666666,0.06826883158817287,0.4375,0.04192757963517561
BEYOĞLU,KADIMEHMET EFENDİ,BEYOĞLU|KADIMEHMET EFENDİ,2023,0.07725794473893115,621647.2999832755,0.0378851862691809,0.09911706066647678,87.0,0.1170018281535649,32.0,0.17156799745627738,5.0,0.0,0.0,0.0002706488238923508,0.5699738511152153,5968.802019484048,0.13040752351097176,0.06862719898251095,0.13278979657733292,0.0,0.05473046555948816
BEYOĞLU,KALYONCU KULLUĞU,BEYOĞLU|KALYONCU KULLUĞU,2023,0.005514156701066127,45006.13936530502,0.0027428189154158,0.09114212475078325,80.0,0.029250457038391225,8.0,0.08061468219175214,4.0,0.0,0.0,0.0034375511540350305,0.5699738511152155,5488.553581134758,0.035454545454545454,0.04030734109587606,0.09307394252502423,0.3125,0.03776086364658674
BEYOĞLU,KAMER HATUN,BEYOĞLU|KAMER HATUN,2023,0.003294836666581308,27168.34022661705,0.0016557260525985,0.04557106237539162,40.0,0.014625228519195612,4.0,0.31218102318195706,10.0,0.0,0.0,0.002847264592231035,0.5699738511152153,2744.2767905673786,0.035454545454545454,0.062436204636391414,0.08284226670971909,0.5,0.030726148341176936
BEYOĞLU,KAPTANPAŞA,BEYOĞLU|KAPTANPAŞA,2023,0.14984678155915768,1205080.5456579002,0.0734414851360956,0.3816576473939049,335.0,0.2376599634369287,65.0,0.14211336511082615,7.0,0.02857142857142857,0.00558659217877095,0.0005376005135288488,0.5699738511152153,22983.318121001797,0.0687924016282225,0.040603818603093186,0.2536729092670326,0.375,0.07115616366656326
BEYOĞLU,KATİPMUSTAFA ÇELEBİ,BEYOĞLU|KATİPMUSTAFA ÇELEBİ,2023,0.06777461951465177,545425.0121252665,0.0332399548438349,0.05012816861293079,44.0,0.051188299817184646,14.0,1.0,8.0,0.02857142857142857,0.0,0.00015600861086488544,0.5699738511152153,3018.7044696241164,0.1128099173553719,0.25,0.0753955440749112,0.3125,0.045627071955926406
BEYOĞLU,KEMANKEŞ KARAMUSTAFAPAŞA,BEYOĞLU|KEMANKEŞ KARAMUSTAFAPAŞA,2023,0.003969168523213234,32588.286887987622,0.0019860350378391,0.04443178581600683,39.0,0.021937842778793418,6.0,0.04363931308065562,3.0,0.0,0.0,0.002314376545390322,0.5699738511152153,2675.669870803194,0.05454545454545452,0.029092875387103742,0.13278979657733292,0.0,0.026990879390144305
BEYOĞLU,KEÇECİ PİRİ,BEYOĞLU|KEÇECİ PİRİ,2023,0.11774346367570612,947049.9204248023,0.0577162687628047,0.29051552264312164,255.0,0.09872029250457039,27.0,0.14265980851632995,7.0,0.014285714285714285,0.0,0.0005207127979634345,0.5699738511152153,17494.76453986704,0.03754010695187163,0.04075994529037999,0.2530674846625767,0.375,0.08077126666309056
BEYOĞLU,KILIÇALİ PAŞA,BEYOĞLU|KILIÇALİ PAŞA,2023,0.019043473065137043,153748.10719153742,0.0093699042522055,0.05126744517231558,45.0,0.029250457038391225,8.0,0.053458158523803125,4.0,0.0,0.0,0.0005660224791784589,0.5699738511152155,3087.311389388302,0.06303030303030299,0.02672907926190156,0.07563771391669356,0.3125,0.08431089383160313
BEYOĞLU,KOCATEPE,BEYOĞLU|KOCATEPE,2023,0.011173422789002416,90492.5271689593,0.0055149057155997,0.08886357163201367,78.0,0.17915904936014626,49.0,1.0,4.0,0.0,0.0,0.0016669125990301785,0.5699738511152153,5351.339741606388,0.22272727272727272,0.5,0.17586143272291158,0.4375,0.02364151759260743
BEYOĞLU,KULAKSIZ,BEYOĞLU|KULAKSIZ,2023,0.07677993734688826,617805.3124764811,0.0376510431910356,0.16747365422956423,147.0,0.1206581352833638,33.0,0.1337548753890077,4.0,0.0,0.0,0.00046014704731524997,0.5699738511152153,10085.217205335117,0.07959183673469385,0.06687743769450386,0.23389570552147237,0.25,0.04405752133462266
BEYOĞLU,KULOĞLU,BEYOĞLU|KULOĞLU,2023,0.01164289433475882,94265.90775598946,0.0057448676673495,0.04443178581600683,39.0,0.051188299817184646,14.0,0.07749786039798977,3.0,0.04285714285714286,0.0,0.0008000937838867561,0.5699738511152153,2675.669870803194,0.12727272727272726,0.051665240265326505,0.07603123990958992,0.5,0.01750102096378982
BEYOĞLU,KÜÇÜK PİYALE,BEYOĞLU|KÜÇÜK PİYALE,2023,0.07361313837460415,592352.1452439688,0.0360998452983233,0.1458273996012532,128.0,0.2376599634369287,65.0,0.20721057777346202,8.0,0.0,0.0,0.00041788900756024644,0.5699738511152155,8781.685729815614,0.18004261363636362,0.051802644443365506,0.21230222796254433,0.375,0.056468936734080453
BEYOĞLU,MÜEYYETZADE,BEYOĞLU|MÜEYYETZADE,2023,0.004899575768439562,40066.44114228374,0.0024417778149433,0.06949587012247223,61.0,0.07312614259597806,20.0,0.026324482663749756,2.0,0.05714285714285714,0.0,0.002944286108301922,0.5699738511152155,4185.022105615253,0.1162444113263785,0.026324482663749756,0.06346867936712948,0.25,0.045048504735839066
BEYOĞLU,PÜRTELAŞ HASAN EFENDİ,BEYOĞLU|PÜRTELAŞ HASAN EFENDİ,2023,0.015236485621366931,123149.42097671112,0.0075051218798344,0.06038165764739391,53.0,0.021937842778793418,6.0,0.042220845007135174,3.0,0.02857142857142857,0.0,0.0008322895440354453,0.5699738511152153,3636.1667475017766,0.04013722126929673,0.028147230004756787,0.0795124313852115,0.25,0.0938578818404574
BEYOĞLU,PİRİPAŞA,BEYOĞLU|PİRİPAŞA,2023,0.13161421389123626,1058536.1650416022,0.0645105991554124,0.27684420393050413,243.0,0.12431444241316271,34.0,0.12051457071348942,6.0,0.05714285714285714,0.0,0.00044394739967141113,0.5699738511152153,16671.481502696824,0.04960718294051626,0.040171523571163145,0.2272360348724572,0.1875,0.03354608361031069
BEYOĞLU,PİYALEPAŞA,BEYOĞLU|PİYALEPAŞA,2023,0.17740902921820184,1426612.2895764518,0.0869423422670067,0.36115066932497863,317.0,0.21206581352833637,58.0,0.10478766294532994,7.0,0.05714285714285714,0.0,0.00042971869143977387,0.5699738511152153,21748.393565246475,0.06486951534270145,0.029939332270094265,0.293313805987361,0.4375,0.04816364369483781
BEYOĞLU,SURURİ MEHMET EFENDİ,BEYOĞLU|SURURİ MEHMET EFENDİ,2023,0.03394706068133125,273535.7890998035,0.0166701509386628,0.1811449729421817,159.0,0.17184643510054845,47.0,0.37790274259374024,15.0,0.014285714285714285,0.0,0.001124123199054646,0.5699738511152153,10908.50024250533,0.10480274442538591,0.05038703234583203,0.17101803588726416,0.4375,0.06728169192765092
BEYOĞLU,SÜTLÜCE,BEYOĞLU|SÜTLÜCE,2023,0.10100466910791871,812511.7507672367,0.0495170799013254,0.21190544004557108,186.0,0.31444241316270566,86.0,0.30806651377675215,10.0,0.0,0.0,0.0004427048062259755,0.5699738511152153,12760.887076138311,0.1639296187683284,0.06161330275535044,0.2345011301259283,0.125,0.028450857609583453
BEYOĞLU,TOMTOM,BEYOĞLU|TOMTOM,2023,0.0062140960965574935,50631.90678596814,0.0030856712798427,0.11734548561663344,103.0,0.04753199268738574,13.0,0.026551056758714768,2.0,0.02857142857142857,0.0,0.003934086320728979,0.5699738511152153,7066.5127357110005,0.044748455428067074,0.026551056758714765,0.07297384565708749,0.3125,0.059164473485192264
BEYOĞLU,YAHYA KAHYA,BEYOĞLU|YAHYA KAHYA,2023,0.02675134226182855,215700.155738596,0.0131454613872977,0.09228140131016804,81.0,0.07678244972577697,21.0,0.3106007164691759,10.0,0.0,0.0,0.0007262154823505304,0.5699738511152153,5557.160500898942,0.09191919191919189,0.06212014329383518,0.09141911527284469,0.375,0.07755921589980944
BEYOĞLU,ESENŞEHİR,BEYOĞLU|ESENŞEHİR,2023,0.04541923809036047,365743.48926286737,0.0222895848141489,0.2062090572486471,181.0,0.12797074954296161,35.0,0.2445115281470713,11.0,0.0,0.0,0.000957046224501743,0.5699738511152153,12417.852477317389,0.0685585133098945,0.04445664148128569,0.20595968448729185,0.4375,0.05963005348235175
BEYOĞLU,ÇATMA MESCİT,BEYOĞLU|ÇATMA MESCİT,2023,0.01737898303927343,140369.75783752144,0.0085545846050926,0.05582455140985474,49.0,0.051188299817184646,14.0,0.24848704672091113,6.0,0.0,0.0,0.0006750772500934874,0.5699738511152153,3361.739068445039,0.10129870129870129,0.08282901557363705,0.06377139166935744,0.3125,0.029667506125782745
BEYOĞLU,ÇUKUR,BEYOĞLU|ÇUKUR,2023,0.020315314161822574,163970.53823640087,0.0099928920851277,0.12418114497294218,109.0,0.03290676416819013,9.0,0.07330338366515014,3.0,0.0,0.0,0.0012855578332537701,0.5699738511152153,7478.154254296107,0.029274395329441184,0.048868922443433424,0.09525347110106555,0.375,0.0636620970195865
BEYOĞLU,ÖMER AVNİ,BEYOĞLU|ÖMER AVNİ,2023,0.016858296415798144,136184.73573190617,0.0082995358949701,0.097977784107092,86.0,0.03656307129798903,10.0,1.0,7.0,0.0,0.0,0.0012212398356803546,0.5699738511152153,5900.195099719865,0.04122621564482027,0.2857142857142857,0.09131821117210204,0.25,0.0328307922679009
BEYOĞLU,ÖRNEKTEPE,BEYOĞLU|ÖRNEKTEPE,2023,0.1312471725009176,1055586.0674917423,0.064330810720408,0.2825405867274281,248.0,0.28153564899451555,77.0,0.29801347830267444,9.0,0.02857142857142857,0.0,0.00045434837039163125,0.5699738511152153,17014.516101517747,0.11008064516129029,0.06622521740059431,0.3582499192767194,0.3125,0.019650988889676247
BEYOĞLU,İSTİKLAL,BEYOĞLU|İSTİKLAL,2023,0.04290116343584885,345504.447932433,0.0210561525274909,0.3395044146966676,298.0,0.03656307129798903,10.0,0.1715070699685557,10.0,0.0,0.0,0.0016679904686258938,0.5699738511152153,20444.862089726972,0.011897498474679658,0.03430141399371114,0.2867406245675538,0.4375,0.022787911788728566
BEYOĞLU,ŞAHKULU,BEYOĞLU|ŞAHKULU,2023,0.012453799731974427,100783.565133587,0.0061420746749174,0.0854457419538593,75.0,0.043875685557586835,12.0,0.0,0.0,0.014285714285714285,0.0,0.0014391381618322286,0.5699738511152153,5145.518982313835,0.05672727272727272,0.0,0.06498224087826929,0.4375,0.04968690443778928
BEYOĞLU,ŞEHİT MUHTAR,BEYOĞLU|ŞEHİT MUHTAR,2023,0.0009133355526533678,8027.009612409584,0.0004891917882677,0.11848476217601824,104.0,0.07678244972577697,21.0,0.10627086647455466,5.0,0.014285714285714285,0.0,0.025055928411633108,0.5699738511152153,7135.119655475185,0.07159090909090908,0.04250834658982187,0.08781539738917847,0.4375,0.013433938781066475
BEŞİKTAŞ,ABBASAĞA,BEŞİKTAŞ|ABBASAĞA,2023,0.04377181975706981,555332.2473378856,0.0333811940046388,0.1697522073483338,149.0,0.19744058500914077,54.0,0.09075910889741239,5.0,0.0,0.0,0.0008174386920980927,0.9999999999999999,16104.419006100612,0.12849298352654057,0.036303643558964954,0.2378309654504359,0.25,0.07747728670679938
BEŞİKTAŞ,AKAT,BEŞİKTAŞ|AKAT,2023,0.12420509931457155,1573801.6452874565,0.0946017060921653,0.5434349188265452,477.0,0.3510054844606947,87.0,1.0,13.0,0.05714285714285714,0.0,0.000923400699395139,0.9999999999999999,51555.7574893288,0.0713550600343053,0.15384615384615383,0.31275226025185665,0.375,0.12968716967384547
BEŞİKTAŞ,ARNAVUTKÖY,BEŞİKTAŞ|ARNAVUTKÖY,2023,0.029491348919788652,374508.8044036149,0.0225118406434553,0.20165195101110794,177.0,0.05850091407678245,16.0,0.09325903987799268,5.0,0.014285714285714285,0.0,0.0014399023794996952,0.9999999999999999,19130.752779059116,0.03204930662557781,0.03730361595119708,0.13844042621892155,0.1875,0.09534440511843181
BEŞİKTAŞ,BALMUMCU,BEŞİKTAŞ|BALMUMCU,2023,0.02576118409259686,327276.38087565533,0.0196726849836602,0.13899174024494446,122.0,0.14625228519195613,40.0,0.1171311911609447,6.0,0.0,0.0,0.0011357087762538455,0.9999999999999997,13186.168582176337,0.1162444113263785,0.039043730386981564,0.2133977581991789,0.4375,0.06504764497685818
BEŞİKTAŞ,BEBEK,BEŞİKTAŞ|BEBEK,2023,0.043805963142215736,555764.5807340225,0.0334071816994653,0.195955568214184,172.0,0.16087751371115175,44.0,0.07452383740357511,3.0,0.014285714285714285,0.0,0.0009428864542300675,1.0,18590.336033887957,0.09069767441860464,0.049682558269050076,0.18515902486277042,0.25,0.06095354014189397
BEŞİKTAŞ,CİHANNÜMA,BEŞİKTAŞ|CİHANNÜMA,2023,0.0028936518911167448,37721.08881294707,0.002267426373612,0.22671603531757334,199.0,0.1170018281535649,32.0,0.17380898661404054,6.0,0.0,0.0,0.016072767831387856,0.9999999999999997,21508.586457812224,0.05701233439926906,0.05793632887134685,0.17274782047142395,0.25,0.11809538012801282
BEŞİKTAŞ,DİKİLİTAŞ,BEŞİKTAŞ|DİKİLİTAŞ,2023,0.12922417693102184,1637354.654519585,0.0984218972316608,0.3269723725434349,287.0,0.29981718464351004,82.0,0.1264911764621883,5.0,0.04285714285714286,0.0,0.0005340242184900681,0.9999999999999997,31019.921172824663,0.10129870129870129,0.05059647058487531,0.21815466580561832,0.5,0.06394836725869221
BEŞİKTAŞ,ETİLER,BEŞİKTAŞ|ETİLER,2023,0.08989099724292166,1139306.5821698424,0.0684840727915332,0.22215892908003418,195.0,0.17184643510054845,42.0,0.02094572788831991,1.0,0.014285714285714285,0.0,0.0005214537800305487,0.9999999999999997,21076.253061675296,0.08545454545454544,0.04189145577663982,0.42502825314820797,0.3125,0.08007907290569255
BEŞİKTAŞ,GAYRETTEPE,BEŞİKTAŞ|GAYRETTEPE,2023,0.08551210809795737,1083859.8241152812,0.0651511509300346,0.24038735403019082,211.0,0.10603290676416818,29.0,0.07187920363965579,5.0,0.02857142857142857,0.0,0.0005931044083278231,0.9999999999999997,22805.586646223008,0.04872899612236103,0.028751681455862314,0.2589602841459477,0.3125,0.15534821262249007
BEŞİKTAŞ,KONAKLAR,BEŞİKTAŞ|KONAKLAR,2023,0.11820439937517606,1497819.0509163912,0.090034368726408,0.14468812304186843,127.0,0.27056672760511885,74.0,0.1540818084801543,4.0,0.05714285714285714,0.0,0.000258324850036952,0.9999999999999999,13726.585327347502,0.20658554044380814,0.07704090424007715,0.4306154573550441,0.4375,0.06105405220319394
BEŞİKTAŞ,KURUÇEŞME,BEŞİKTAŞ|KURUÇEŞME,2023,0.025308784239413417,321547.96337684104,0.0193283480272091,0.17430931358587298,153.0,0.07678244972577697,21.0,0.10059128222849902,6.0,0.014285714285714285,0.0,0.0014496644295302016,0.9999999999999997,16536.75240223754,0.048663101604278065,0.03353042740949967,0.16063932838230544,0.25,0.09589773873296956
BEŞİKTAŞ,KÜLTÜR,BEŞİKTAŞ|KÜLTÜR,2023,0.03985386631157546,505721.99013117293,0.0303991060232979,0.05924238108800912,52.0,0.062157221206581355,15.0,0.02094572788831991,1.0,0.014285714285714285,0.0,0.00031326604233394676,0.9999999999999999,5620.334149780079,0.1159090909090909,0.04189145577663982,0.23847963466949582,0.4375,0.05103185407024233
BEŞİKTAŞ,LEVAZIM,BEŞİKTAŞ|LEVAZIM,2023,0.04828728244261778,612508.3389769944,0.0368180666454433,0.05468527485046995,48.0,0.051188299817184646,14.0,0.04432284333353324,2.0,0.0,0.0,0.00023875421461587933,0.9999999999999997,5188.000753643149,0.10340909090909091,0.04432284333353324,0.1778333871488537,0.3125,0.11020963789817588
BEŞİKTAŞ,LEVENT,BEŞİKTAŞ|LEVENT,2023,0.023729652676414602,301552.5438055081,0.0181264171414835,0.2187410994018798,192.0,0.14990859232175502,37.0,0.07630977438741693,5.0,0.014285714285714285,0.0,0.0019398138125135312,0.9999999999999999,20752.0030145726,0.07571022727272725,0.03052390975496677,0.26658863416209233,0.25,0.09533254140511996
BEŞİKTAŞ,MECİDİYE,BEŞİKTAŞ|MECİDİYE,2023,0.008288306744172151,106029.76540258188,0.006373482156199,0.23696952435203647,208.0,0.26691042047531993,73.0,0.24431541779596716,10.0,0.02857142857142857,0.0,0.005976643474334504,0.9999999999999997,22481.336599120314,0.12443181818181814,0.04886308355919343,0.2345011301259283,0.25,0.08684998638714948
BEŞİKTAŞ,MURADİYE,BEŞİKTAŞ|MURADİYE,2023,0.03882956475719785,492751.988247065,0.0296194751785029,0.12418114497294218,109.0,0.113345521023766,31.0,0.13297614593656495,2.0,0.0,0.0,0.0006739379735636126,0.9999999999999997,11781.08504473132,0.10083402835696412,0.13297614593656495,0.16850984824023246,0.25,0.1375650192729305
BEŞİKTAŞ,NİSBETİYE,BEŞİKTAŞ|NİSBETİYE,2023,0.09581487456573883,1214316.4263996,0.0729929378439309,0.19823412133295357,174.0,0.42047531992687387,105.0,0.06214413349212559,4.0,0.04285714285714286,0.0,0.00043655522799974916,1.0,18806.50273195642,0.23432601880877743,0.031072066746062794,0.18502929101895843,0.4375,0.1452491151647155
BEŞİKTAŞ,ORTAKÖY,BEŞİKTAŞ|ORTAKÖY,2023,0.06914889076677508,876664.0440166581,0.0526965481844346,0.2700085445741954,237.0,0.19744058500914077,54.0,1.0,3.0,0.02857142857142857,0.00558659217877095,0.000823639121286115,0.9999999999999997,25615.75372111305,0.08078250863060986,0.6666666666666666,0.14150791088149822,0.3125,0.09702965103644998
BEŞİKTAŞ,SİNANPAŞA,BEŞİKTAŞ|SİNANPAŞA,2023,0.018224031821634956,231838.78367842827,0.0139359013507104,0.13899174024494446,122.0,0.113345521023766,31.0,0.22346679309120368,10.0,0.0,0.0,0.0016032289857793216,0.9999999999999999,13186.16858217634,0.09008941877794337,0.04469335861824074,0.18636987407168226,0.25,0.14597009206320397
BEŞİKTAŞ,TÜRKALİ,BEŞİKTAŞ|TÜRKALİ,2023,0.08267820713084599,1047976.1522359162,0.0629941722594351,0.1948162916547992,171.0,0.3656307129798903,100.0,0.13694214459044826,5.0,0.02857142857142857,0.0,0.000497126054887368,0.9999999999999997,18482.25268485372,0.2073365231259968,0.054776857836179305,0.19437012777342128,0.4375,0.10779312222462144
BEŞİKTAŞ,ULUS,BEŞİKTAŞ|ULUS,2023,0.05481720485177503,695192.1009881821,0.0417882132810114,0.12532042153232698,110.0,0.1170018281535649,30.0,0.02094572788831991,1.0,0.04285714285714286,0.0,0.0004820695181809076,0.9999999999999999,11889.168393765553,0.10314049586776858,0.04189145577663982,0.14707781724249275,0.3125,0.1177276866603453
BEŞİKTAŞ,VİŞNEZADE,BEŞİKTAŞ|VİŞNEZADE,2023,0.0678514421312301,860235.3749634548,0.0517090157810276,0.1332953574480205,117.0,0.33638025594149906,92.0,1.0,5.0,0.05714285714285714,0.0,0.00041437197853765647,0.9999999999999997,12645.751837005177,0.27878787878787875,0.4,0.13988191337238803,0.4375,0.08586017064515683
BEŞİKTAŞ,YILDIZ,BEŞİKTAŞ|YILDIZ,2023,0.046272822719008476,587000.6686049155,0.0352847926506799,0.19823412133295357,174.0,0.10968921389396709,30.0,1.0,7.0,0.34285714285714286,0.0,0.0009030929822458444,0.9999999999999997,18806.502731956414,0.061128526645768025,0.2857142857142857,0.2199709396189861,0.3125,0.0461674472387327
BÜYÜKÇEKMECE,19 MAYIS,BÜYÜKÇEKMECE|19 MAYIS,2023,0.10755166320964892,881148.3750557676,0.0480840727705348,0.29962973511819996,263.0,0.9287020109689214,254.0,1.0,10.0,0.05714285714285714,0.0,0.0005879003028383779,0.5838086237604695,18377.638591567553,0.3424127203594884,0.2,0.374959638359703,0.3125,0.09646301170032907
BÜYÜKÇEKMECE,AHMEDİYE,BÜYÜKÇEKMECE|AHMEDİYE,2023,0.0092955366059768,76794.7711487937,0.0041906737489942,0.03303902022215893,28.0,0.010968921389396709,3.0,0.0,0.0,0.0,0.0,0.0007438122515282348,0.5838086237604697,2026.4316317698067,0.03667711598746079,0.0,0.5499273490474653,0.25,0.16929581524959567
BÜYÜKÇEKMECE,ALKENT 2000,BÜYÜKÇEKMECE|ALKENT 2000,2023,0.061449557416370044,503742.952876846,0.0274891419986348,0.07519225291939619,66.0,0.07312614259597806,20.0,1.0,7.0,0.05714285714285714,0.0,0.00025806667839697026,0.5838086237604695,4611.878886096801,0.1074380165289256,0.2857142857142857,0.3071520826606393,0.25,0.061821788339621195
BÜYÜKÇEKMECE,ATATÜRK,BÜYÜKÇEKMECE|ATATÜRK,2023,0.2272071564535266,1860683.4996816004,0.101537088797288,0.7633152947878098,670.0,1.0,270.0,1.0,16.0,0.0,0.0,0.000709249888848898,0.5838086237604697,46817.5583891645,0.14472862957937585,0.125,0.619147562156926,0.1875,0.0683618199902316
BÜYÜKÇEKMECE,BAHÇELİEVLER,BÜYÜKÇEKMECE|BAHÇELİEVLER,2023,0.03677242580215615,301728.68227524223,0.0164652677417263,0.31557960694958703,277.0,0.2303473491773309,63.0,1.0,2.0,0.0,0.002793296089385475,0.0018082569919581216,0.5838086237604697,19355.915931042637,0.08063669182802755,1.0,0.4805456893768163,0.3125,0.10772456858849222
BÜYÜKÇEKMECE,CELALİYE,BÜYÜKÇEKMECE|CELALİYE,2023,0.061423949877510604,503533.3220183871,0.027477702488856,0.5650811734548562,496.0,0.6106032906764168,167.0,0.75728107278074,30.0,0.05714285714285714,0.00558659217877095,0.0019402176038983174,0.5838086237604695,34658.96859854565,0.11937316715542519,0.05048540485204934,0.6008839199225057,0.1875,0.10700665967680582
BÜYÜKÇEKMECE,CUMHURİYET,BÜYÜKÇEKMECE|CUMHURİYET,2023,0.07234129727791862,592905.9446747176,0.0323547468245827,0.4511535175163771,396.0,0.6727605118829981,184.0,1.0,7.0,0.12857142857142856,0.00558659217877095,0.0013155469778883384,0.5838086237604697,27671.27331658081,0.16473829201101925,0.2857142857142857,0.3811484232052524,0.5625,0.07837048759509072
BÜYÜKÇEKMECE,DİZDARİYE,BÜYÜKÇEKMECE|DİZDARİYE,2023,0.05519278208838015,452523.1464600437,0.0246940884426632,0.4112788379379094,361.0,0.4351005484460695,119.0,1.0,21.0,0.05714285714285714,0.0,0.001571315461114036,0.5838086237604695,25225.579967893107,0.11687232435154872,0.09523809523809525,0.5295447206974492,0.1875,0.17775700458276952
BÜYÜKÇEKMECE,EKİNOBA,BÜYÜKÇEKMECE|EKİNOBA,2023,0.12599762703473236,1032152.470099028,0.0563243329812506,0.26089433209911705,229.0,0.716636197440585,196.0,0.111186953140098,5.0,0.05714285714285714,0.0,0.00043700721393588653,0.5838086237604695,16001.822195699506,0.303453751488686,0.044474781256039195,0.43025508556667746,0.1875,0.146017524753894
BÜYÜKÇEKMECE,FATİH,BÜYÜKÇEKMECE|FATİH,2023,0.1596544689423233,1307677.295066902,0.0713596620006177,0.7530618057533466,661.0,0.7020109689213894,192.0,0.18925791271946985,5.0,0.1,0.0,0.000995629729886752,0.5838086237604695,46188.66581378765,0.1029844588089671,0.07570316508778795,0.49786083306425577,0.25,0.06704123667616603
BÜYÜKÇEKMECE,GÜZELCE,BÜYÜKÇEKMECE|GÜZELCE,2023,0.09841830768311524,806380.0355387437,0.044003980949403,0.5035602392480775,442.0,0.7276051188299817,199.0,0.18070902459852112,13.0,0.0,0.0,0.0010796412827282986,0.5838086237604697,30885.61314628464,0.15962566844919784,0.027801388399772482,0.3805295447206975,0.3125,0.10845609837455995
BÜYÜKÇEKMECE,HÜRRİYET,BÜYÜKÇEKMECE|HÜRRİYET,2023,0.1946087594854592,1593823.4168633623,0.0869745928487811,0.7986328681287382,701.0,0.8628884826325411,236.0,0.3392670994422278,13.0,0.0,0.00558659217877095,0.0008663129266352827,0.5838086237604695,48983.7439265736,0.11936195046038124,0.052194938375727355,0.32337746206005813,0.3125,0.10905950225501838
BÜYÜKÇEKMECE,KAMİLOBA,BÜYÜKÇEKMECE|KAMİLOBA,2023,0.07589220933309433,621974.7570476913,0.0339410255139199,0.5684990031330105,499.0,0.5155393053016454,141.0,0.729602857499174,28.0,0.0,0.0,0.0015802462433524929,0.5838086237604695,34868.599457004595,0.10018218254691198,0.05211448982136958,0.33846118363393146,0.4375,0.10948314155931621
BÜYÜKÇEKMECE,KARAAĞAÇ,BÜYÜKÇEKMECE|KARAAĞAÇ,2023,0.044565653461712464,365526.3401995813,0.0199466918844304,0.47052121902591854,413.0,0.489945155393053,134.0,1.0,13.0,0.02857142857142857,0.0223463687150838,0.0022255038689074813,0.5838086237604695,28859.18151451483,0.11503411842394892,0.15384615384615383,0.1763803680981595,0.375,0.09310703589903155
BÜYÜKÇEKMECE,KUMBURGAZ,BÜYÜKÇEKMECE|KUMBURGAZ,2023,0.08102225295126886,663970.8056923001,0.0362327406396211,0.5263457704357732,462.0,0.3290676416819013,90.0,0.5732096124535784,22.0,0.02857142857142857,0.0,0.0013705344971528426,0.5838086237604697,32283.15220267761,0.0690672963400236,0.05210996476850713,0.3894898288666452,0.1875,0.11708386777063053
BÜYÜKÇEKMECE,MURAT ÇESME,BÜYÜKÇEKMECE|MURAT ÇESME,2023,0.16909511493517024,1384961.2048854334,0.075577027939096,0.48077470806038164,422.0,1.0,270.0,0.39386574437682126,16.0,0.0,0.0,0.000600166600071787,0.5838086237604697,29488.07408989167,0.22978242137009908,0.04923321804710266,0.4929309469994004,0.4375,0.11417121622460727
BÜYÜKÇEKMECE,MİMAROBA,BÜYÜKÇEKMECE|MİMAROBA,2023,0.1716387971285413,1405784.5368256886,0.0767133525771309,0.2916547992025064,256.0,0.42047531992687387,115.0,0.08902077151335311,4.0,0.08571428571428572,0.0,0.00035868910341735436,0.5838086237604697,17888.499921830018,0.1592684659090909,0.044510385756676554,0.39524136260897647,0.25,0.11662209125414393
BÜYÜKÇEKMECE,MİMARSİNAN,BÜYÜKÇEKMECE|MİMARSİNAN,2023,0.07829078213959523,641610.1807900126,0.0350125262632078,0.48077470806038164,422.0,0.7129798903107861,195.0,0.13128731213627956,6.0,0.04285714285714286,0.0,0.0012955022885452864,0.5838086237604697,29488.07408989167,0.16383024558380005,0.04376243737875985,0.43308040038747175,0.25,0.12752413997663636
BÜYÜKÇEKMECE,PINARTEPE,BÜYÜKÇEKMECE|PINARTEPE,2023,0.2129693648476778,1744128.7423784265,0.0951767213602339,0.582170321845628,511.0,0.9725776965265083,266.0,1.0,16.0,0.04285714285714286,0.0,0.0005770844088797109,0.5838086237604695,35707.12289084038,0.18455790784557904,0.125,0.648308847271553,0.25,0.07976479796928303
BÜYÜKÇEKMECE,SİNANOBA,BÜYÜKÇEKMECE|SİNANOBA,2023,0.013392742823487234,110335.70850222498,0.0060209953136141,0.293933352321276,258.0,0.3546617915904936,97.0,0.1170436078973448,5.0,0.02857142857142857,0.0,0.0046057525151846175,0.5838086237604695,18028.25382746931,0.13329809725158562,0.04681744315893792,0.4088634162092348,0.125,0.15838891913966788
BÜYÜKÇEKMECE,TÜRKOBA,BÜYÜKÇEKMECE|TÜRKOBA,2023,0.060006999393954916,491933.7478503254,0.0268447162810916,0.4727997721446881,415.0,0.2376599634369287,65.0,0.35311858297895427,13.0,0.08571428571428572,0.0335195530726257,0.001661645820622331,0.5838086237604695,28998.935420154125,0.05553121577217963,0.05432593584291604,0.47122215046819504,0.375,0.11604955077593249
BÜYÜKÇEKMECE,ULUS,BÜYÜKÇEKMECE|ULUS,2023,0.06914889076677508,566771.964320169,0.0309286212721497,0.5286243235545429,464.0,0.43875685557586835,120.0,0.23418812694622862,8.0,0.0,0.0111731843575419,0.0016125255370327313,0.5838086237604695,32422.9061083169,0.09169278996865202,0.058547031736557155,0.4627462060058121,0.25,0.10972799559897947
BÜYÜKÇEKMECE,YENİMAHALLE,BÜYÜKÇEKMECE|YENİMAHALLE,2023,0.002005923877322817,17119.853440813884,0.0009342266319413,0.2540586727428083,223.0,0.18647166361974407,51.0,0.19122092021450282,6.0,0.0,0.0,0.025656759348034523,0.5838086237604697,15582.560478781616,0.08108438646555237,0.06374030673816761,0.4336858249919277,0.125,0.08280502508653885
BÜYÜKÇEKMECE,ÇAKMAKLI,BÜYÜKÇEKMECE|ÇAKMAKLI,2023,0.04852628613863921,397949.2463078982,0.0217160027302296,0.13785246368555967,121.0,0.06581352833638025,18.0,1.0,5.0,0.0,0.0111731843575419,0.0005989004837635746,0.5838086237604695,8455.111291177467,0.05274229902329076,0.4,0.27486277042299,0.375,0.04900474092235809
ESENLER,15 TEMMUZ,ESENLER|15 TEMMUZ,2023,0.28735072938806516,1550573.4230047578,0.0767706796829225,0.1105098262603247,97.0,0.3473491773308958,95.0,0.08843624842802322,6.0,0.0,0.002793296089385475,8.119701217317405e-05,0.3242189825865859,4466.520818182025,0.3472352389878163,0.02947874947600774,0.5535598966742008,0.4375,1.0
ESENLER,ATIŞALANI,ESENLER|ATIŞALANI,2023,0.2854557715124666,1540351.0763899498,0.0762645595044582,0.0,0.0,0.0,0.0,0.0,0.0,0.04285714285714286,0.0,0.0,0.32421898258658594,0.0,0.0,0.0,0.7140983209557636,0.375,0.08684998638714948
ESENLER,BİRLİK,ESENLER|BİRLİK,2023,0.22369038778349679,1207157.8326748451,0.0597677774712685,0.7188835089718029,631.0,0.4643510054844607,127.0,0.3296329404462367,11.0,0.02857142857142857,0.0,0.0006784626633051593,0.3242189825865859,29055.40862136967,0.07135859386255579,0.05993326189931576,0.5323700355182435,0.3125,0.12391331655078221
ESENLER,DAVUTPAŞA,ESENLER|DAVUTPAŞA,2023,0.22573899089225202,1218209.0182043675,0.0603149344209597,0.21988037596126458,193.0,0.3510054844606947,96.0,0.32703590628209994,13.0,0.04285714285714286,0.0,0.00020563458029845176,0.32421898258658594,8886.995029991042,0.17635421573245405,0.05031321635109231,0.25649822408782685,0.375,0.1075033368084838
ESENLER,FATİH,ESENLER|FATİH,2023,0.35428030012035544,1911624.8635755335,0.0946467531934587,0.9604101395613786,843.0,1.0,270.0,0.18598877220640328,11.0,0.0,0.0,0.0005723814550736493,0.3242189825865859,38817.28917244791,0.11502749919120024,0.033816140401164235,0.5783823054568937,0.4375,0.09759179504830799
ESENLER,FEVZİ ÇAKMAK,ESENLER|FEVZİ ÇAKMAK,2023,0.26521727996722233,1431174.5726795418,0.0708591048056339,0.4750783252634577,417.0,0.56672760511883,155.0,0.46920639091266514,17.0,0.0,0.0,0.0003781848208264659,0.32421898258658594,19201.43485754541,0.131785480706344,0.055200751872078256,0.46254439780432677,0.5625,0.14276404585503186
ESENLER,HAVAALANI,ESENLER|HAVAALANI,2023,0.25810692001058444,1392817.7495708235,0.0689600142260807,0.6391341498148676,561.0,0.5191956124314442,142.0,0.30244785701841814,12.0,0.0,0.0,0.000522792343916687,0.3242189825865859,25832.146175258928,0.08974234321827904,0.050407976169736364,0.5010561295877731,0.0,0.11829567111353118
ESENLER,KAZIM KARABEKİR,ESENLER|KAZIM KARABEKİR,2023,0.29091871313581386,1569820.9044686763,0.0777236447036347,0.8145827399601253,715.0,0.6069469835466179,166.0,0.21944748288556387,10.0,0.02857142857142857,0.0,0.0005911757132496593,0.3242189825865859,32923.323556702555,0.08231404958677684,0.043889496577112774,0.695108169195996,0.3125,0.08850669926027191
ESENLER,KEMER,ESENLER|KEMER,2023,0.1550280402550511,836758.9310103481,0.0414289003741185,0.46824266590714897,411.0,0.376599634369287,103.0,0.24540449663899225,7.0,0.0,0.0,0.000637532186843983,0.32421898258658594,18925.155219307348,0.08885202388852022,0.0701155704682835,0.41572489505973526,0.375,0.14149488545758626
ESENLER,MENDERES,ESENLER|MENDERES,2023,0.16424675424444957,886489.2658931996,0.0438911066477289,0.36912560524067217,324.0,0.6106032906764168,167.0,0.4926044501817829,20.0,0.014285714285714285,0.0,0.00047438634458966695,0.32421898258658594,14919.100464855426,0.1827441077441077,0.04926044501817829,0.5707135938004521,0.375,0.09619384699156004
ESENLER,MİMAR SİNAN,ESENLER|MİMAR SİNAN,2023,0.11272438605925585,608551.9498257077,0.0301301093629953,0.1105098262603247,97.0,0.453382084095064,124.0,0.30961254877768984,11.0,0.0,0.0,0.00020688772608349452,0.3242189825865859,4466.520818182025,0.4532333645735707,0.0562931906868527,0.3588149822408783,0.375,0.08449042562845994
ESENLER,NAMIK KEMAL,ESENLER|NAMIK KEMAL,2023,0.1602861215675228,865123.6405361226,0.0428332698783259,0.33039020222158927,290.0,0.32541133455210236,89.0,0.3677259481602278,13.0,0.0,0.0,0.0004350913691875294,0.3242189825865859,13353.515848173063,0.10880877742946705,0.05657322279388121,0.24128188569583467,0.3125,0.06996764237475576
ESENLER,NİNE HATUN,ESENLER|NİNE HATUN,2023,0.34158749669235955,1843153.559898867,0.091256659925997,0.5445741953859299,478.0,1.0,270.0,0.428099376540442,15.0,0.05714285714285714,0.0,0.00033661001057648906,0.3242189825865859,22010.277846299057,0.20286230505895778,0.05707991687205893,0.4342912495963836,0.375,0.10655433790623044
ESENLER,ORUÇREİS,ESENLER|ORUÇREİS,2023,0.2957414662876751,1595837.2370694275,0.0790117433560327,1.0,872.75,1.0,270.0,0.5342693318634576,26.0,0.04285714285714286,0.002793296089385475,0.0007139090604704629,0.32421898258658594,40417.40874391003,0.11047357655161698,0.04109764091257367,0.6046173716499839,0.75,0.11068227830940722
ESENLER,TUNA,ESENLER|TUNA,2023,0.23605882905260642,1273879.3653093374,0.0630712375550291,0.8111649102819709,712.0,0.453382084095064,124.0,0.22267473575082178,6.0,0.14285714285714285,0.0,0.000725458111610993,0.3242189825865859,32785.183737583524,0.06174668028600612,0.0742249119169406,0.7019561941663975,0.5625,0.08093220800435612
ESENLER,TURGUT REİS,ESENLER|TURGUT REİS,2023,0.037446757658788084,202466.9282221275,0.0100243712824674,1.0,872.75,1.0,270.0,0.3578956788131325,16.0,0.04285714285714286,0.0,0.005627006210762982,0.32421898258658594,40417.40874391003,0.11047357655161698,0.04473695985164156,0.6279262189215369,0.1875,0.13201013415431942
ESENLER,YAVUZ SELİM,ESENLER|YAVUZ SELİM,2023,0.029935212926685616,161945.91461387818,0.0080181291335997,0.10025633722586158,88.0,0.1170018281535649,32.0,0.4773154587316229,16.0,0.02857142857142857,0.0,0.0007052990937593626,0.3242189825865859,4052.10136082493,0.1289256198347107,0.05966443234145286,0.38404100742654185,0.375,0.10529181652743348
ESENLER,ÇİFTE HAVUZLAR,ESENLER|ÇİFTE HAVUZLAR,2023,0.018736182598823762,101532.76705248831,0.0050270044752878,0.04557106237539162,40.0,0.06581352833638025,18.0,0.34388426062113664,12.0,0.05714285714285714,0.002793296089385475,0.000511345477788431,0.32421898258658594,1841.864254920423,0.15954545454545455,0.057314043436856116,0.3742028576041331,0.5,0.05989654233596516
ESENYURT,AKEVLER,ESENYURT|AKEVLER,2023,0.10110709926335647,671509.7710128496,0.0123536038030967,0.1105098262603247,97.0,0.14990859232175502,41.0,1.0,4.0,0.02857142857142857,0.0,0.00023063923980763082,0.4396544604806228,5494.428324609567,0.14985941893158386,0.5,0.24685179205682917,0.3125,0.11718719614172925
ESENYURT,AKÇABURGAZ,ESENYURT|AKÇABURGAZ,2023,0.22142838851757957,1469957.8294014728,0.0270424607586811,0.29962973511819996,263.0,0.9287020109689214,254.0,1.0,7.0,0.05714285714285714,0.12290502793296089,0.00028567002500065304,0.4396544604806228,14897.26442651872,0.3424127203594884,0.2857142857142857,0.2863946676507219,0.4375,0.14262443521965634
ESENYURT,AKŞEMSEDDİN,ESENYURT|AKŞEMSEDDİN,2023,0.0675100082797709,448560.596933847,0.0082520614522752,0.10595272002278554,93.0,0.4424131627056673,121.0,1.0,6.0,0.04285714285714286,0.002793296089385475,0.0003310363063602872,0.4396544604806228,5267.853960708141,0.4612903225806452,0.3333333333333333,0.43847876977720374,0.375,0.0636917111822526
ESENYURT,ARDIÇLI,ESENYURT|ARDIÇLI,2023,0.20644797828480704,1370548.3272397225,0.0252136480489017,0.2529193961834235,222.0,0.09140767824497258,25.0,1.0,5.0,0.05714285714285714,0.0,0.00025862614154427877,0.4396544604806228,12574.877196529113,0.039926289926289917,0.4,0.2562585768485631,0.5,0.17421876172366557
ESENYURT,ATATÜRK,ESENYURT|ATATÜRK,2023,0.23127875513217758,1535324.533387034,0.0282449962954819,0.11392765593847906,97.0,0.31078610603290674,85.0,0.15521658293897064,6.0,0.0,0.00558659217877095,0.00010399527564319221,0.4396544604806228,5664.359097535636,0.30136363636363633,0.051738860979656874,0.22740901333087316,0.4375,0.11604955077593249
ESENYURT,AŞIK VEYSEL,ESENYURT|AŞIK VEYSEL,2023,0.2648929178083361,1758386.9946479872,0.0323486227633516,0.07861008259755055,69.0,0.08043875685557587,22.0,1.0,9.0,0.14285714285714285,0.0111731843575419,6.265394591221918e-05,0.4396544604806228,3908.407777299589,0.11304347826086955,0.22222222222222224,0.34630287374878915,0.1875,0.0940375714674653
ESENYURT,BALIKYOLU,ESENYURT|BALIKYOLU,2023,0.2389012658660043,1585907.2601280273,0.029175554557495,0.2312731415551125,202.0,0.4789762340036563,131.0,1.0,11.0,0.04285714285714286,0.0,0.00020437701446555866,0.4396544604806228,11498.648967997342,0.22879534258844603,0.18181818181818182,0.3933040038747175,0.3125,0.10952258932432217
ESENYURT,BARBAROS HAYRETTİN PAŞA,ESENYURT|BARBAROS HAYRETTİN PAŞA,2023,0.23436873148788337,1555829.513320113,0.0286222214812028,0.18000569638279693,158.0,0.3473491773308958,95.0,1.0,9.0,0.02857142857142857,0.0,0.00016214698638976902,0.4396544604806228,8949.687374106305,0.21317606444188722,0.22222222222222224,0.0980211264357212,0.4375,0.2299689780392127
ESENYURT,BATTALGAZİ,ESENYURT|BATTALGAZİ,2023,0.15406348962467883,1022926.6094239604,0.0188185348865563,0.11392765593847906,100.0,0.2303473491773309,63.0,0.11196949056052338,3.0,0.014285714285714285,0.0,0.00015608793102102691,0.4396544604806228,5664.359097535636,0.22336363636363635,0.07464632704034892,0.331167258637391,0.375,0.08923362429643789
ESENYURT,BAĞLARÇEŞME,ESENYURT|BAĞLARÇEŞME,2023,0.278012513550656,1845448.19397711,0.0339502667148792,0.27570492737111935,242.0,0.4826325411334552,132.0,1.0,3.0,0.0,0.0,0.00020937619736240373,0.4396544604806228,13707.749016036238,0.19338842975206608,0.6666666666666666,0.20244114538996683,0.0,0.0929438085204607
ESENYURT,CUMHURİYET,ESENYURT|CUMHURİYET,2023,0.012155045111947625,81226.90945866102,0.0014943119235462,0.04784961549416121,42.0,0.09140767824497258,25.0,1.0,4.0,0.014285714285714285,0.0,0.0008255875993372835,0.4396544604806228,2379.030820964967,0.21103896103896103,0.5,0.19108353706351766,0.4375,0.17444867955349852
ESENYURT,ESENKENT,ESENYURT|ESENKENT,2023,0.07788106151784419,517382.559968905,0.0095181625590456,0.14127029336371405,124.0,0.06581352833638025,18.0,1.0,9.0,0.05714285714285714,0.0,0.000382669368669019,0.4396544604806228,7023.805280944189,0.05146627565982403,0.22222222222222224,0.463135407537248,0.4375,0.17120428351030043
ESENYURT,FATİH,ESENYURT|FATİH,2023,0.02331139620837708,155260.0828634518,0.0028562824145329,0.23924807747080604,210.0,0.5484460694698354,150.0,1.0,2.0,0.1,0.0,0.0021595998129326243,0.43965446048062296,11895.154104824836,0.2532467532467532,1.0,0.2910074265418146,0.375,0.06816226517832835
ESENYURT,GÖKEVLER,ESENYURT|GÖKEVLER,2023,0.1306069840294316,867270.0214236813,0.0159549580623547,0.05810310452862432,51.0,0.16453382084095064,45.0,1.0,4.0,0.04285714285714286,0.002793296089385475,9.389222732789822e-05,0.4396544604806228,2888.8231397431746,0.31283422459893045,0.5,0.2030190506942202,0.3125,0.10242308739450041
ESENYURT,GÜZELYURT,ESENYURT|GÜZELYURT,2023,0.14921512893395816,990753.049749958,0.0182266456448727,0.22671603531757334,198.0,0.5923217550274223,162.0,1.0,3.0,0.04285714285714286,0.0,0.00032070184512917287,0.4396544604806228,11272.074604095917,0.28862494289629964,0.6666666666666666,0.31677833387148857,0.3125,0.13847820168325858
ESENYURT,HÜRRİYET,ESENYURT|HÜRRİYET,2023,0.24205952899200192,1606865.3887889092,0.0295611162114086,0.18000569638279693,156.0,0.40219378427787933,110.0,0.22410272374429874,9.0,0.014285714285714285,0.0,0.0001569970133660387,0.4396544604806228,8949.687374106305,0.2468354430379747,0.049800605276510826,0.1578716730476498,0.4375,0.14580529734354947
ESENYURT,KOZA,ESENYURT|KOZA,2023,0.10395807192304081,690428.7303986187,0.0127016513501431,0.03873540301908288,34.0,0.2303473491773309,63.0,1.0,11.0,0.02857142857142857,0.0111731843575419,7.862739041307461e-05,0.43965446048062296,1925.8820931621165,0.656951871657754,0.18181818181818182,0.3467064901517598,0.375,0.046419820310373006
ESENYURT,MEHMET AKİF ERSOY,ESENYURT|MEHMET AKİF ERSOY,2023,0.2211979206678446,1468428.4524451382,0.0270143251785306,0.168612930788949,148.0,0.7641681901279708,209.0,1.0,5.0,0.0,0.0,0.00016092470608459008,0.4396544604806228,8383.251464352741,0.5006756756756756,0.4,0.23837584759444622,0.3125,0.10724333294439477
ESENYURT,MEHTERÇEŞME,ESENYURT|MEHTERÇEŞME,2023,0.28605328075252023,1898806.456675896,0.0349318858445728,0.34634007405297634,304.0,1.0,270.0,1.0,6.0,0.0,0.0,0.0002556269768145852,0.4396544604806228,17219.651656508333,0.3189742822966507,0.3333333333333333,0.2185179205682919,0.3125,0.20835152948141436
ESENYURT,SARIYER MERKEZ,ESENYURT|SARIYER MERKEZ,2023,0.2729934359342057,1812141.7624836008,0.0333375363027138,0.0,0.0,0.0,0.0,0.0,0.0,0.02857142857142857,0.0,0.0,0.4396544604806228,0.0,0.0,0.0,0.2428040961298953,0.4375,0.08684998638714948
ESENYURT,MEVLANA,ESENYURT|MEVLANA,2023,0.1757530750386247,1166857.974092341,0.0214664055962711,0.11278837937909428,99.0,0.1206581352833638,33.0,1.0,3.0,0.08571428571428572,0.0,0.00013546621489541932,0.4396544604806228,5607.71550656028,0.11818181818181817,0.6666666666666666,0.33374752064209606,0.4375,0.16941427190026007
ESENYURT,NAMIK KEMAL,ESENYURT|NAMIK KEMAL,2023,0.1819671711351822,1208094.5083224005,0.0222250242018092,0.19025918541726003,167.0,1.0,270.0,1.0,3.0,0.014285714285714285,0.0,0.0002207137354808501,0.4396544604806228,9459.479692884512,0.580647795318454,0.6666666666666666,0.39730989667420086,0.375,0.09508576095834469
ESENYURT,NECİP FAZIL KISAKÜREK,ESENYURT|NECİP FAZIL KISAKÜREK,2023,0.17311549853610236,1149355.1044809555,0.021144409512327,0.11392765593847906,100.0,0.17915904936014626,49.0,0.23215467204351745,9.0,0.02857142857142857,0.0,0.0001389183355334249,0.4396544604806228,5664.359097535636,0.1737272727272727,0.051589927120781656,0.21936551501453017,0.25,0.09430519431620046
ESENYURT,ORHAN GAZİ,ESENYURT|ORHAN GAZİ,2023,0.014638976381313326,97710.19443248972,0.0017975509540566,0.364568499003133,320.0,0.31444241316270566,86.0,1.0,13.0,0.04285714285714286,0.04748603351955307,0.005229063320688649,0.4396544604806228,18125.949112114035,0.0952840909090909,0.15384615384615383,0.3731433645463352,0.375,0.10899389395336412
ESENYURT,OSMANGAZİ,ESENYURT|OSMANGAZİ,2023,0.2644490538014391,1755441.527917269,0.0322944357200989,0.3896325833095984,340.0,0.41681901279707495,114.0,0.13231736747557427,4.0,0.02857142857142857,0.09497206703910614,0.0003110667115090135,0.4396544604806228,19372.10811357187,0.11818181818181817,0.06615868373778713,0.20201000968679364,0.375,0.13859604986094215
ESENYURT,PINAR,ESENYURT|PINAR,2023,0.3158689918311951,2096662.5199528155,0.038571796269222,0.49900313301053834,438.0,1.0,270.0,1.0,7.0,0.02857142857142857,0.0,0.00033354879710474714,0.4396544604806228,24809.892847206087,0.2213885429638854,0.2857142857142857,0.245225794547719,0.4375,0.11790617047695337
ESENYURT,PİRİ REİS,ESENYURT|PİRİ REİS,2023,0.1343286130103369,891966.6270889365,0.0164092955788583,0.09911706066647678,87.0,0.29250457038391225,80.0,1.0,5.0,0.02857142857142857,0.0,0.0001557343616745152,0.4396544604806228,4927.992414856003,0.3260188087774295,0.4,0.19393768162738131,0.25,0.19095278116454978
ESENYURT,SAADETDERE,ESENYURT|SAADETDERE,2023,0.1310337763437556,870102.2009724489,0.0160070609885592,0.19253773853602962,167.0,0.5155393053016454,141.0,1.0,2.0,0.014285714285714285,0.0,0.0003101203300085766,0.4396544604806228,9572.766874835224,0.2958041958041958,1.0,0.3570996125282532,0.25,0.1345426082221617
ESENYURT,SELAHADDİN EYYUBİ,ESENYURT|SELAHADDİN EYYUBİ,2023,0.25210622007118894,1673534.8953669036,0.0307876190942635,0.36115066932497863,317.0,0.3436928702010969,94.0,1.0,23.0,0.05714285714285714,0.0223463687150838,0.0003024393457369659,0.4396544604806228,17956.018339187965,0.10513335245196441,0.08695652173913043,0.24309815950920244,0.625,0.1296424514396763
ESENYURT,SULTANİYE,ESENYURT|SULTANİYE,2023,0.18282929161011668,1213815.5110109115,0.0223302721127423,0.18000569638279693,158.0,0.17184643510054845,47.0,1.0,3.0,0.05714285714285714,0.0,0.00020783476947910706,0.43965446048062296,8949.687374106306,0.10546605293440735,0.6666666666666666,0.1916673393606716,0.5,0.12512840693042804
ESENYURT,SÜLEYMANİYE,ESENYURT|SÜLEYMANİYE,2023,0.29400868949151965,1951598.283464928,0.0359030843890254,0.20051267445172316,176.0,0.26691042047531993,73.0,1.0,6.0,0.0,0.0,0.00014399122962510465,0.4396544604806228,9969.27201166272,0.14705578512396694,0.3333333333333333,0.38289070067807557,0.3125,0.10894695403271501
ESENYURT,TALATPAŞA,ESENYURT|TALATPAŞA,2023,0.2083600078529786,1383236.4916182023,0.025447069158298,0.3896325833095984,341.0,0.4716636197440585,129.0,1.0,2.0,0.0,0.0,0.0003947693880579787,0.4396544604806228,19372.10811357187,0.13373205741626792,1.0,0.2922759352368652,0.4375,0.1507983536458417
ESENYURT,TURGUT ÖZAL,ESENYURT|TURGUT ÖZAL,2023,0.17646155028040256,1171559.3921432956,0.0215528964537706,0.2084876103674167,179.0,0.3510054844606947,96.0,1.0,5.0,0.04285714285714286,0.0,0.00024940237208069267,0.4396544604806228,10365.777148490211,0.18599105812220565,0.4,0.502280432676784,0.3125,0.10706506942553771
ESENYURT,YENİKENT,ESENYURT|YENİKENT,2023,0.19993512756822276,1327329.2673255256,0.0244185573950204,0.20165195101110794,177.0,0.2230347349177331,61.0,1.0,3.0,0.02857142857142857,0.0,0.00021291604766638685,0.4396544604806228,10025.915602638075,0.12218798151001539,0.6666666666666666,0.13981272198902164,0.3125,0.11068636548003358
ESENYURT,YEŞİLKENT,ESENYURT|YEŞİLKENT,2023,0.3045333879627496,2021439.831137542,0.0371879425492294,0.37368271147821136,328.0,0.6288848263254113,172.0,1.0,23.0,0.05714285714285714,0.0,0.0002590757862496881,0.4396544604806228,18579.097839916885,0.185920177383592,0.08695652173913043,0.21597513722957698,0.625,0.19808642215394193
ESENYURT,YUNUS EMRE,ESENYURT|YUNUS EMRE,2023,0.1430693196076925,949969.6642477016,0.0174763635075273,0.3019082882369695,265.0,0.30347349177330896,83.0,1.0,11.0,0.02857142857142857,0.0,0.00044539971723320736,0.4396544604806228,15010.551608469435,0.11104631217838763,0.18181818181818182,0.37247739748143366,0.3125,0.18204856617523654
ESENYURT,ZAFER,ESENYURT|ZAFER,2023,0.15032478895120058,998116.7165767543,0.0183621132530045,0.16291654799202507,143.0,0.2303473491773309,63.0,1.0,9.0,0.02857142857142857,0.0,0.0002287539006424991,0.4396544604806228,8100.033509475959,0.15619834710743802,0.22222222222222224,0.28989748143364547,0.5625,0.159848897359107
ESENYURT,ÇINAR,ESENYURT|ÇINAR,2023,0.2606932814353879,1730518.347888112,0.0318359299694989,0.22785531187695812,200.0,0.6910420475319927,189.0,1.0,2.0,0.014285714285714285,0.0,0.00018453025736039574,0.4396544604806228,11328.718195071271,0.3350454545454545,1.0,0.2384363900548918,0.25,0.057869967595274616
ESENYURT,ÖRNEK,ESENYURT|ÖRNEK,2023,0.21605080535709714,1434272.3670869984,0.0263859638885039,0.08886357163201367,78.0,0.8043875685557587,220.0,1.0,4.0,0.02857142857142857,0.0,8.683139363061512e-05,0.4396544604806228,4418.200096077796,1.0,0.5,0.20810461737164995,0.3125,0.06495031309556222
ESENYURT,ÜÇEVLER,ESENYURT|ÜÇEVLER,2023,0.24310943808523897,1613832.550478878,0.0296892894098718,0.2779834804898889,244.0,0.41681901279707495,113.0,1.0,2.0,0.014285714285714285,0.0,0.00024140438556011687,0.4396544604806228,13821.03619798695,0.16564828614008942,1.0,0.21916370681304492,0.375,0.09504635533838682
ESENYURT,İNCİRTEPE,ESENYURT|İNCİRTEPE,2023,0.23693802122011387,1572879.234203695,0.0289358810969541,0.24722301338649957,217.0,0.7751371115173674,212.0,1.0,7.0,0.02857142857142857,0.0,0.0002202815659568544,0.4396544604806228,12291.659241652327,0.3463762044407205,0.2857142857142857,0.19968921536971262,0.25,0.06753335148380073
ESENYURT,İNÖNÜ,ESENYURT|İNÖNÜ,2023,0.24820533831826758,1647648.774291166,0.030311398348754,0.23241241811449728,204.0,0.4424131627056673,121.0,1.0,5.0,0.02857142857142857,0.0,0.00019768755399029837,0.4396544604806228,11555.292558972698,0.2102941176470588,0.4,0.2345011301259283,0.375,0.11272744464786735
ESENYURT,İSTİKLAL,ESENYURT|İSTİKLAL,2023,0.016124213635160856,107566.17926220174,0.0019788691372484,0.19139846197664484,168.0,0.16453382084095064,45.0,0.1477910453728905,5.0,0.04285714285714286,0.0,0.0024937179935748594,0.43965446048062296,9516.12328385987,0.09496753246753244,0.05911641814915619,0.17113335485954148,0.375,0.10631636264633815
ESENYURT,ŞEHİTLER,ESENYURT|ŞEHİTLER,2023,0.14622758273369013,970927.7929085832,0.0178619251614409,0.13215608088863573,116.0,0.20475319926873858,56.0,0.2591436451202318,9.0,0.0,0.0,0.00019075892058328695,0.4396544604806228,6570.656553141337,0.17115987460815046,0.05758747669338485,0.19696480464966096,0.25,0.11118295671113532
EYÜPSULTAN,5.LEVENT,EYÜPSULTAN|5.LEVENT,2023,0.103019128831528,746943.473564051,0.031697422009489,0.12645969809171176,111.0,0.062157221206581355,17.0,0.06008211882954488,3.0,0.04285714285714286,0.0,0.0002590329547481318,0.49624044407059664,6864.038874543395,0.054299754299754276,0.04005474588636325,0.7386987407168226,0.625,0.08684998638714948
EYÜPSULTAN,AKPINAR,EYÜPSULTAN|AKPINAR,2023,0.009560147840857682,69877.15250661293,0.0029653188898685,0.2779834804898889,244.0,1.0,270.0,1.0,12.0,0.0,0.0,0.006086594999109105,0.49624044407059664,15088.517886383675,0.39741058122205664,0.16666666666666666,0.16084113658379073,0.375,0.12245159430502395
EYÜPSULTAN,AKŞEMSETTİN,EYÜPSULTAN|AKŞEMSETTİN,2023,0.3302775003627735,2393323.3924455224,0.1015634840660032,1.0,872.75,0.6727605118829981,184.0,1.0,38.0,0.014285714285714285,0.002793296089385475,0.0006392772216294559,0.49624044407059664,54278.46956874292,0.0743222599104114,0.052631578947368425,0.769999192767194,0.3125,0.08684998638714948
EYÜPSULTAN,ALİBEYKÖY,EYÜPSULTAN|ALİBEYKÖY,2023,0.11140986573113791,807730.4124259982,0.0342769870260738,0.8852178866419823,777.0,0.27787934186471663,76.0,1.0,38.0,0.02857142857142857,0.002793296089385475,0.001676773344267248,0.49624044407059664,48048.272121803755,0.034678834678834675,0.052631578947368425,0.688785806540892,0.4375,0.08806505278564239
EYÜPSULTAN,AĞAÇLI,EYÜPSULTAN|AĞAÇLI,2023,0.00924432152825792,67589.13954843179,0.0028682243775454,0.17658786670464255,155.0,0.09506398537477148,26.0,1.0,8.0,0.014285714285714285,0.0,0.0039973719275192355,0.49624044407059664,9584.919149137171,0.059472140762463314,0.25,0.1109945108169196,0.1875,0.17577593248026138
EYÜPSULTAN,DEFTERDAR,EYÜPSULTAN|DEFTERDAR,2023,0.044898551466885185,325887.2510706638,0.0138294075660242,0.20279122757049273,178.0,0.051188299817184646,14.0,1.0,13.0,0.014285714285714285,0.008379888268156424,0.0009520777351858691,0.49624044407059664,11007.197474493008,0.027885597548518885,0.15384615384615383,0.5254076525670004,0.25,0.0709744950689762
EYÜPSULTAN,DÜĞMECİLER,EYÜPSULTAN|DÜĞMECİLER,2023,0.15161370174045904,1098988.2781836502,0.0466368560272074,0.38051837083452006,334.0,0.13893967093235832,38.0,0.5091310312262893,21.0,0.014285714285714285,0.0,0.000529752706542378,0.49624044407059664,20653.954811689127,0.04033750680457265,0.04848866964059898,0.4421617694543106,0.25,0.0942893658492598
EYÜPSULTAN,EMNİYETTEPE,EYÜPSULTAN|EMNİYETTEPE,2023,0.09199081542939574,667048.5345918881,0.0283069866062056,0.5514098547422387,484.0,0.26691042047531993,73.0,0.21917902114279023,10.0,0.014285714285714285,0.0,0.0012647587855876732,0.49624044407059664,29929.68302053155,0.053474830954169786,0.04383580422855804,0.6574406683887632,0.375,0.07834743123945788
EYÜPSULTAN,ESENTEPE,EYÜPSULTAN|ESENTEPE,2023,0.22329773885431872,1618305.381502708,0.0686746861485493,0.5981201936770151,525.0,1.0,270.0,1.0,22.0,0.014285714285714285,0.0,0.0005654817622514637,0.49624044407059664,32465.04873094848,0.1847012987012987,0.09090909090909091,0.753577050371327,0.25,0.08842834121897558
EYÜPSULTAN,GÖKTÜRK MERKEZ,EYÜPSULTAN|GÖKTÜRK MERKEZ,2023,0.32917637619181755,2385346.266185918,0.1012249653608766,0.46824266590714897,411.0,0.3473491773308958,95.0,0.1511610970374961,9.0,0.014285714285714285,0.00558659217877095,0.00030033791930649814,0.49624044407059664,25415.495292228243,0.08195089581950894,0.03359135489722136,0.22642880206651603,0.1875,0.07418206257422844
EYÜPSULTAN,GÜZELTEPE,EYÜPSULTAN|GÜZELTEPE,2023,0.2614700434474576,1894845.7585023304,0.0804100012596044,1.0,872.75,0.6873857404021938,188.0,0.30206325225217506,14.0,0.08571428571428572,0.00558659217877095,0.0008074520693402792,0.49624044407059664,54278.46956874292,0.07593796121281167,0.043151893178882156,0.5658701969648047,0.375,0.08684998638714948
EYÜPSULTAN,IŞIKLAR,EYÜPSULTAN|IŞIKLAR,2023,0.0056165868565038884,41307.909623378255,0.0017529495738338,0.07405297636001139,65.0,0.05850091407678245,16.0,1.0,4.0,0.0,0.013966480446927373,0.0027428364747016038,0.49624044407059664,4019.482223831717,0.08727272727272725,0.5,0.1579754601226994,0.3125,0.08007907290569255
EYÜPSULTAN,KARADOLAP,EYÜPSULTAN|KARADOLAP,2023,0.20387015270629005,1477561.6654805392,0.0627020615526724,1.0,872.75,1.0,270.0,1.0,39.0,0.14285714285714285,0.0,0.0010354878341309465,0.49624044407059664,54278.46956874292,0.11047357655161698,0.05128205128205129,0.8958770584436552,0.375,0.08684998638714948
EYÜPSULTAN,SARIYER MERKEZ,EYÜPSULTAN|SARIYER MERKEZ,2023,0.10192654050685855,739028.1854925054,0.0313615274803711,0.3520364568499003,309.0,0.29981718464351004,82.0,0.4966694560032139,18.0,0.11428571428571428,0.0,0.0007288149204329311,0.49624044407059664,19108.000110215395,0.09408649602824358,0.055185495111468204,0.4287213432353891,0.3125,0.1138392251847497
EYÜPSULTAN,MİMAR SİNAN,EYÜPSULTAN|MİMAR SİNAN,2023,0.05643901564620624,409492.4813263635,0.0173772935298316,0.20051267445172316,176.0,0.3656307129798903,100.0,0.2751466305671302,13.0,0.05714285714285714,0.061452513966480445,0.0007491805837365382,0.49624044407059664,10883.521098375111,0.20144628099173553,0.04233025085648157,0.4303559896674201,0.3125,0.053276398183042695
EYÜPSULTAN,MİTHATPAŞA,EYÜPSULTAN|MİTHATPAŞA,2023,0.007221325958362142,52933.488978460766,0.0022462946634756,0.4420393050412988,388.0,0.3912248628884826,107.0,0.17091302696326927,12.0,0.014285714285714285,0.00558659217877095,0.01277676723326852,0.49624044407059664,23993.2169668724,0.09777413308341143,0.028485504493878214,0.3163848078785922,0.75,0.05703392447768199
EYÜPSULTAN,NİŞANCI,EYÜPSULTAN|NİŞANCI,2023,0.13291166252678122,963500.808146492,0.0408872863920728,0.6482483622899459,569.0,0.6069469835466179,166.0,1.0,30.0,0.0,0.0,0.001029390037513423,0.49624044407059664,35185.92900554226,0.10343505352292696,0.06666666666666667,0.35219567323216017,0.3125,0.12904265837476897
EYÜPSULTAN,ODAYERİ,EYÜPSULTAN|ODAYERİ,2023,0.018352069515932157,133570.4862073309,0.0056682201788638,0.04101395613785246,36.0,0.21206581352833637,58.0,1.0,4.0,0.0,0.0,0.00046979865771812086,0.49624044407059664,2226.1747701221816,0.5712121212121212,0.5,0.2393445269615757,0.4375,0.270390105402357
EYÜPSULTAN,PİRİNÇÇİ,EYÜPSULTAN|PİRİNÇÇİ,2023,0.029832782771247856,216742.84914661795,0.00919773691061,0.1948162916547992,171.0,0.09506398537477148,26.0,1.0,9.0,0.02857142857142857,0.0111731843575419,0.0013752166128924164,0.49624044407059664,10574.330158080364,0.05390749601275913,0.22222222222222224,0.28347325368636317,0.5625,0.10684968802330222
EYÜPSULTAN,RAMİ CUMA,EYÜPSULTAN|RAMİ CUMA,2023,0.012436728039401466,90716.6218824789,0.0038496662048116,0.2814013101680433,247.0,0.3327239488117002,91.0,0.2904660857611509,12.0,0.08571428571428572,0.0,0.004746023249749523,0.49624044407059664,15274.032450560522,0.13062200956937797,0.04841101429352516,0.3640619954794963,0.25,0.11216586487200568
EYÜPSULTAN,RAMİ YENİ,EYÜPSULTAN|RAMİ YENİ,2023,0.12870349030754655,933014.58143343,0.0395935676197673,0.2551979493021931,224.0,0.5557586837294333,152.0,0.20929924821192103,11.0,0.05714285714285714,0.00558659217877095,0.0004184844883173081,0.49624044407059664,13851.754125204689,0.24058441558441557,0.03805440876580382,0.44121038793302275,0.4375,0.05639763540742858
EYÜPSULTAN,SAKARYA,EYÜPSULTAN|SAKARYA,2023,0.08392444068867208,608611.4468761808,0.0258271402779527,0.35089718029051553,308.0,0.25594149908592323,70.0,1.0,22.0,0.04285714285714286,0.0,0.0008821255024010235,0.49624044407059664,19046.16192215644,0.08057851239669418,0.09090909090909091,0.5588069099128189,0.375,0.05953895103843702
EYÜPSULTAN,SİLAHTARAĞA,EYÜPSULTAN|SİLAHTARAĞA,2023,0.008552917979053033,62580.24631565688,0.002655666120838,0.3087439475932783,271.0,0.5521023765996343,151.0,0.5048661070857716,15.0,0.014285714285714285,0.0,0.007548346022229886,0.49624044407059664,16758.14896397531,0.1975511573297551,0.06731548094476955,0.382527445915402,0.25,0.1366429277659163
EYÜPSULTAN,TOPÇULAR,EYÜPSULTAN|TOPÇULAR,2023,0.08738999428098299,633717.7512281144,0.0268925557374984,0.29735118199943034,261.0,0.20840950639853748,57.0,1.0,23.0,0.02857142857142857,0.06983240223463687,0.0007179007591594236,0.49624044407059664,16139.767083385816,0.07742946708463948,0.08695652173913043,0.33698300408019494,0.6875,0.0433314048461748
EYÜPSULTAN,YEŞİLPINAR,EYÜPSULTAN|YEŞİLPINAR,2023,0.32386707980162693,2346882.913213251,0.0995927278834446,1.0,872.75,1.0,270.0,1.0,29.0,0.014285714285714285,0.0,0.0006519273373926231,0.49624044407059664,54278.46956874292,0.11047357655161698,0.06896551724137931,0.8091788135984131,0.4375,0.11526372680512954
EYÜPSULTAN,ÇIRÇIR,EYÜPSULTAN|ÇIRÇIR,2023,0.22516708919105785,1631847.9446876182,0.0692493806944619,1.0,872.75,0.7861060329067642,215.0,1.0,46.0,0.05714285714285714,0.0,0.0009375855966017975,0.49624044407059664,54278.46956874292,0.08684394500401332,0.043478260869565216,0.786497013238618,0.25,0.08684998638714948
EYÜPSULTAN,ÇİFTALAN,EYÜPSULTAN|ÇİFTALAN,2023,0.015705957167123336,114400.64790905656,0.0048547256161565,0.03303902022215893,29.0,0.007312614259597806,2.0,0.0,0.0,0.0,0.0,0.00044186468347542175,0.49624044407059664,1793.3074537095351,0.024451410658307204,0.0,0.1942403939296093,0.25,0.1394092022869589
EYÜPSULTAN,İHSANİYE,EYÜPSULTAN|İHSANİYE,2023,0.015791315629988135,115019.02978964604,0.0048809673762438,0.04329250925662204,38.0,0.010968921389396709,3.0,1.0,2.0,0.0,0.0,0.0005758822255899546,0.49624044407059664,2349.8511462400807,0.027990430622009555,1.0,0.23177671940587663,0.25,0.13443446168738846
EYÜPSULTAN,İSLAMBEY,EYÜPSULTAN|İSLAMBEY,2023,0.12662927965993187,917987.9017351052,0.0389558928496452,0.4887496439760752,429.0,0.25594149908592323,70.0,0.5765244485824362,20.0,0.11428571428571428,0.0,0.0008145919467608239,0.49624044407059664,26528.58267728933,0.05785123966942146,0.05765244485824363,0.4339452926795517,0.4375,0.07643485514019505
FATİH,AKSARAY,FATİH|AKSARAY,2023,0.07216204450590254,657792.773126615,0.0243008900373241,0.4978638564511535,437.0,0.7385740402193784,202.0,0.2947100660777644,12.0,0.05714285714285714,0.0,0.0014553545374963526,0.6692070870306988,33962.126873385016,0.16388599958394007,0.04911834434629407,0.21775104940264767,0.375,0.16943000442417644
FATİH,AKŞEMSETTİN,FATİH|AKŞEMSETTİN,2023,0.15886917108396711,1447237.3607235143,0.053465403387884,0.46938194246653375,412.0,0.4460694698354662,122.0,1.0,17.0,0.04285714285714286,0.0,0.0006236399322732224,0.6692070870306988,32019.21343669251,0.10498676081200352,0.1176470588235294,0.347513722957701,0.375,0.11369615304907536
FATİH,ALEMDAR,FATİH|ALEMDAR,2023,0.00011096600172424096,1787.480361757106,6.603502727533736e-05,0.2677299914554258,229.0,0.4936014625228519,135.0,1.0,18.0,0.05714285714285714,0.0,0.2880070032098045,0.6692070870306988,18263.386304909563,0.20367504835589942,0.11111111111111112,0.22287697772037454,0.3125,0.17798802069153283
FATİH,ALİ KUŞÇU,FATİH|ALİ KUŞÇU,2023,0.08085153602553925,736908.2082687339,0.0272236577662934,0.27570492737111935,242.0,0.33638025594149906,92.0,1.0,10.0,0.1,0.0,0.0007194132577586072,0.6692070870306988,18807.402067183462,0.13478587528174302,0.2,0.3844734535725817,0.4375,0.11803695568197531
FATİH,ATİKALİ,FATİH|ATİKALİ,2023,0.1136035782267633,1035106.5625322998,0.0382400229687051,0.21190544004557108,186.0,0.7897623400365631,216.0,1.0,8.0,0.07142857142857142,0.0,0.0003936446445029078,0.6692070870306988,14455.27596899225,0.4117302052785924,0.25,0.4105586051017113,0.3125,0.07654425777934372
FATİH,AYVANSARAY,FATİH|AYVANSARAY,2023,0.1318105383558253,1200875.9369509043,0.044364053976457,0.685844488749644,602.0,0.5740402193784278,157.0,1.0,21.0,0.1,0.0,0.0010981832459732413,0.6692070870306986,46785.35555555555,0.09246451223195408,0.09523809523809525,0.34307394252502427,0.1875,0.09651315158055968
FATİH,BALABANAĞA,FATİH|BALABANAĞA,2023,0.0020486031087552175,19429.134366925064,0.0007177720356014,0.07633152947878097,67.0,0.05850091407678245,16.0,1.0,7.0,0.14285714285714285,0.0,0.007554362416107383,0.6692070870306986,5207.008010335917,0.0846675712347354,0.2857142857142857,0.14308201485308364,0.375,0.08184434677764382
FATİH,BALAT,FATİH|BALAT,2023,0.09224689081799015,840659.7857881137,0.0310565604364054,0.4067217317003703,356.0,0.4716636197440585,129.0,1.0,22.0,0.08571428571428572,0.0,0.0009303029720183183,0.6692070870306988,27744.803875968995,0.128113063407181,0.09090909090909091,0.39869228285437525,0.3125,0.04346190127423951
FATİH,BEYAZIT,FATİH|BEYAZIT,2023,5.121507771888044e-05,1243.464599483204,4.593741027849555e-05,0.23810880091142125,209.0,0.14625228519195613,40.0,1.0,8.0,0.0,0.0,0.36820469798657723,0.6692070870306986,16242.756330749353,0.06785558938668985,0.25,0.14991466396051478,0.4375,0.2912469371086306
FATİH,BİNBİRDİREK,FATİH|BİNBİRDİREK,2023,0.011984328186218023,109891.18397932815,0.004059718633362,0.12873825121048135,113.0,0.08409506398537477,23.0,0.025901798217680586,1.0,0.014285714285714285,0.0,0.0022526413715197023,0.6692070870306988,8781.96873385013,0.07216411906677392,0.05180359643536117,0.21633839199225055,0.375,0.2057339271129089
FATİH,CANKURTARAN,FATİH|CANKURTARAN,2023,0.001621810794431214,15543.307493540053,0.0005742176284811,0.22557675875818856,198.0,0.09872029250457039,27.0,0.010915540222137811,1.0,0.04285714285714286,0.0,0.02790604026845638,0.6692070870306988,15387.874418604652,0.048347107438016505,0.021831080444275622,0.15125524701323861,0.25,0.1452491151647155
FATİH,CERRAHPAŞA,FATİH|CERRAHPAŞA,2023,0.04787756182086673,436689.22403100773,0.0161326442721791,0.1697522073483338,149.0,0.2449725776965265,67.0,0.34647177486531694,10.0,0.08571428571428572,0.0,0.0007474639615589963,0.6692070870306986,11579.764082687338,0.1594264795607077,0.06929435497306338,0.41806587019696484,0.3125,0.08454475761961398
FATİH,CİBALİ,FATİH|CİBALİ,2023,0.06136419895350525,559481.3532299742,0.0206689635371805,0.266590714896041,234.0,0.2303473491773309,63.0,1.0,13.0,0.05714285714285714,0.0,0.0009162346373610802,0.6692070870306988,18185.66976744186,0.09545454545454544,0.15384615384615383,0.21294801420729736,0.3125,0.13082109511378742
FATİH,DEMİRTAŞ,FATİH|DEMİRTAŞ,2023,0.0233028603620906,212943.3126614987,0.0078667815101923,0.14810595272002278,130.0,0.09872029250457039,27.0,1.0,8.0,0.0,0.0,0.001337383040219468,0.6692070870306986,10103.149870801031,0.07363636363636364,0.25,0.1235066193090087,0.375,0.20010890280424723
FATİH,DERVİŞ ALİ,FATİH|DERVİŞ ALİ,2023,0.014263399144708202,130641.49948320414,0.0048262991673844,0.3976075192252919,349.0,0.42047531992687387,115.0,1.0,12.0,0.05714285714285714,0.0,0.005852221232966954,0.6692070870306988,27123.07157622739,0.11682729877572282,0.16666666666666666,0.3728838968587112,0.4375,0.06063526635810873
FATİH,EMİN SİNAN,FATİH|EMİN SİNAN,2023,0.07417650422951183,676133.8759689922,0.0249784668389319,0.09569923098832242,84.0,0.27787934186471663,76.0,0.0,0.0,0.014285714285714285,0.0,0.0002721592224022217,0.6692070870306988,6528.189147286822,0.3207792207792208,0.0,0.21706490151759766,0.3125,0.11020963789817588
FATİH,HACI KADIN,FATİH|HACI KADIN,2023,0.004284994835812996,39790.86718346253,0.0014699971289118,0.07974935915693535,70.0,0.0,0.0,1.0,8.0,0.0,0.0,0.0038538171140939602,0.6692070870306986,5440.157622739018,0.0,0.25,0.18316112366806586,0.3125,0.10862593271098765
FATİH,HASEKİ SULTAN,FATİH|HASEKİ SULTAN,2023,0.07377531945404728,672481.1987080104,0.0248435256962388,0.26203360865850184,230.0,0.8043875685557587,220.0,1.0,16.0,0.014285714285714285,0.0,0.0007492455190696946,0.6692070870306988,17874.803617571062,0.3391304347826087,0.125,0.4431708104617372,0.375,0.08891721218458544
FATİH,HIRKA-İ ŞERİF,FATİH|HIRKA-İ ŞERİF,2023,0.17509581487456574,1594976.4984496124,0.0589233419465977,0.4465964112788379,392.0,1.0,270.0,1.0,15.0,0.08571428571428572,0.0,0.000538403957975452,0.6692070870306988,30464.882687338504,0.24736781076066788,0.1333333333333333,0.34367936712948016,0.375,0.11268386889934379
FATİH,HOBYAR,FATİH|HOBYAR,2023,0.000469471545756404,5051.574935400517,0.0001866207292563,0.23924807747080604,210.0,0.09506398537477148,26.0,0.19872452112422637,7.0,0.04285714285714286,0.0,0.09106866288074343,0.6692070870306986,16320.472868217052,0.04389610389610389,0.05677843460692183,0.22142395866968032,0.3125,0.3416825483256194
FATİH,HOCA GIYASETTİN,FATİH|HOCA GIYASETTİN,2023,0.03858202521488993,352055.9147286822,0.013006029285099,0.1230418684135574,108.0,0.04021937842778794,11.0,1.0,4.0,0.0,0.0,0.0006720298679941332,0.6692070870306988,8393.386046511629,0.036111111111111094,0.5,0.09162092347433,0.3125,0.2567383610127961
FATİH,HOCAPAŞA,FATİH|HOCAPAŞA,2023,0.0008621204749344874,8626.535658914729,0.000318690783807,0.10823127314155512,95.0,0.2413162705667276,66.0,0.05234432788889111,2.0,0.014285714285714285,0.0,0.024124795936876477,0.6692070870306988,7383.071059431525,0.2463157894736842,0.05234432788889111,0.24580238940910562,0.1875,0.1717941736999728
FATİH,KALENDERHANE,FATİH|KALENDERHANE,2023,0.001049909093237049,10336.299483204137,0.0003818547229399,0.05696382796923953,50.0,0.08409506398537477,23.0,1.0,2.0,0.14285714285714285,0.0,0.010596962204168139,0.6692070870306988,3885.826873385013,0.1630909090909091,1.0,0.1933322570229254,0.375,0.11248862828949553
FATİH,KARAGÜMRÜK,FATİH|KARAGÜMRÜK,2023,0.09252857374544399,843224.4315245479,0.0311513063451047,0.29507262888066077,259.0,0.5557586837294333,152.0,1.0,14.0,0.02857142857142857,0.0,0.0006728729162156312,0.6692070870306988,20128.583204134367,0.20807300807300808,0.14285714285714285,0.38737084275104944,0.25,0.12518377348216717
FATİH,KATİP KASIM,FATİH|KATİP KASIM,2023,0.011472177409029219,105228.19173126615,0.0038874533448176,0.18911990885787525,166.0,0.10603290676416818,29.0,0.036310878698131904,2.0,0.0,0.0,0.0034558305988718493,0.6692070870306988,12900.945219638244,0.06193866374589266,0.036310878698131904,0.2508475944462383,0.25,0.13436114200279642
FATİH,KEMALPAŞA,FATİH|KEMALPAŞA,2023,0.0017583843350148952,16786.772093023257,0.0006201550387596,0.1936770150954144,170.0,0.2376599634369287,65.0,1.0,9.0,0.0,0.0,0.02218493661446682,0.6692070870306988,13211.811369509043,0.13556149732620318,0.22222222222222224,0.23432815166751236,0.4375,0.19568472638170434
FATİH,KOCA MUSTAFAPAŞA,FATİH|KOCA MUSTAFAPAŞA,2023,0.15858748815651327,1444672.71498708,0.0533706574791846,0.48077470806038164,422.0,0.489945155393053,134.0,1.0,10.0,0.15714285714285714,0.0,0.0006399108081888654,0.6692070870306988,32796.37881136951,0.11258078414476518,0.2,0.2426743622860833,0.25,0.042216977277501656
FATİH,KÜÇÜK AYASOFYA,FATİH|KÜÇÜK AYASOFYA,2023,0.011864826338207301,108803.15245478036,0.0040195233993683,0.1822842495015665,160.0,0.04753199268738574,13.0,0.008453688921383548,1.0,0.05714285714285714,0.0,0.003221476510067114,0.6692070870306988,12434.645994832044,0.02880681818181818,0.016907377842767097,0.13218437197287697,0.25,0.09804981930339501
FATİH,MERCAN,FATİH|MERCAN,2023,0.00040118477546456345,4429.842635658914,0.0001636520241171,0.11620620905724864,102.0,0.07678244972577697,21.0,1.0,3.0,0.0,0.0,0.05044154009184034,0.6692070870306986,7927.086821705426,0.07299465240641709,0.6666666666666666,0.1317807555699064,0.375,0.1378464086999536
FATİH,MESİHPAŞA,FATİH|MESİHPAŞA,2023,0.008109053972156069,74607.87596899224,0.0027562446167097,0.15494161207633153,136.0,0.17550274223034734,48.0,0.05308497766150782,4.0,0.0,0.0,0.003993288590604027,0.6692070870306986,10569.449095607231,0.12513368983957218,0.02654248883075391,0.2383354859541491,0.375,0.17634475516315978
FATİH,MEVLANAKAPI,FATİH|MEVLANAKAPI,2023,0.14147311635212073,1288851.057364341,0.0476141257536606,0.5582455140985474,490.0,0.4570383912248629,125.0,1.0,14.0,0.14285714285714285,0.0,0.0008328557969677251,0.6692070870306988,38081.10335917313,0.09044526901669757,0.14285714285714285,0.37167304764979936,0.4375,0.11793582754523371
FATİH,MOLLA FENARİ,FATİH|MOLLA FENARİ,2023,0.008621204749344873,79270.86821705427,0.002928509905254,0.4112788379379094,361.0,0.7897623400365631,216.0,0.4305079162894398,19.0,0.05714285714285714,0.0,0.009976312672720096,0.6692070870306988,28055.67002583979,0.21213800050365145,0.04531662276730945,0.17365595737810782,0.5,0.23691357046114822
FATİH,MOLLA GÜRANİ,FATİH|MOLLA GÜRANİ,2023,0.09989500909067629,910293.8033591732,0.0336290554120011,0.39988607234406154,351.0,0.3912248628884826,107.0,0.21305771261075235,12.0,0.02857142857142857,0.0,0.0008446990294154891,0.6692070870306988,27278.50465116279,0.10808080808080806,0.03550961876845872,0.4091055860510171,0.3125,0.11542828344851155
FATİH,MOLLA HÜSREV,FATİH|MOLLA HÜSREV,2023,0.0022961426510631397,21682.913953488372,0.0008010335917312,0.06721731700370265,59.0,0.17915904936014626,49.0,1.0,7.0,0.05714285714285714,0.0,0.005960886194703038,0.6692070870306988,4585.275710594316,0.29445300462249613,0.2857142857142857,0.14659347755892801,0.3125,0.08684998638714948
FATİH,MUHSİNE HATUN,FATİH|MUHSİNE HATUN,2023,0.011890433877066741,109036.30206718344,0.0040281366637955,0.12873825121048135,113.0,0.10968921389396709,30.0,0.0,0.0,0.0,0.0,0.0022703028505551386,0.6692070870306986,8781.968733850128,0.09412711182622685,0.0,0.1666935744268647,0.25,0.16414295094569273
FATİH,MİMAR HAYRETTİN,FATİH|MİMAR HAYRETTİN,2023,0.041569571415157956,379256.7028423773,0.0140109101349411,0.15494161207633153,136.0,0.17184643510054845,47.0,0.0,0.0,0.0,0.0,0.0007855649686434152,0.6692070870306986,10569.449095607231,0.12252673796791441,0.0,0.18554822639420637,0.4375,0.0961196893677155
FATİH,MİMAR KEMALETTİN,FATİH|MİMAR KEMALETTİN,2023,0.014681655612745726,134449.60981912146,0.0049669824863623,0.12873825121048135,113.0,0.16819012797074953,46.0,0.025960821721410964,2.0,0.0,0.0,0.0018411762423866237,0.6692070870306988,8781.96873385013,0.14432823813354784,0.025960821721410964,0.16200153374233128,0.5,0.1437122959863585
FATİH,NİŞANCA,FATİH|NİŞANCA,2023,0.034749430232260375,317161.1894056847,0.0117169107091587,0.21418399316434064,188.0,0.12797074954296161,35.0,0.025361066764150647,1.0,0.0,0.0,0.001298536843680569,0.6692070870306986,14610.709043927647,0.06600580270793036,0.050722133528301294,0.13188165967064902,0.25,0.13515001770694093
FATİH,RÜSTEMPAŞA,FATİH|RÜSTEMPAŞA,2023,0.0001280376942972011,1942.9134366925064,7.17772035601493e-05,0.1105098262603247,97.0,0.07312614259597806,20.0,1.0,2.0,0.0,0.0,0.10936912751677853,0.6692070870306988,7538.504134366925,0.07310215557638235,1.0,0.15337423312883436,0.3125,0.1417097740266812
FATİH,SARAÇ İSHAK,FATİH|SARAÇ İSHAK,2023,0.003738700673478272,34817.00878552972,0.0012862474877978,0.10139561378524636,89.0,0.051188299817184646,14.0,0.0,0.0,0.0,0.0,0.005599832214765101,0.6692070870306988,6916.771834625323,0.05577119509703777,0.0,0.15276880852437844,0.25,0.18661516471549142
FATİH,SEYYİD ÖMER,FATİH|SEYYİD ÖMER,2023,0.2024446663764479,1843980.284496124,0.0681223083548664,0.6220450014240957,546.0,0.4936014625228519,135.0,1.0,9.0,0.07142857142857142,0.0,0.0006486536025138297,0.6692070870306986,42433.22945736434,0.08766233766233764,0.22222222222222224,0.3500161446561188,0.3125,0.14056469307025835
FATİH,SULTAN AHMET,FATİH|SULTAN AHMET,2023,0.006137273479979172,56655.355813953494,0.0020930232558139,0.11620620905724864,102.0,0.021937842778793418,6.0,0.0,0.0,0.0,0.0,0.003943988731460768,0.6692070870306988,7927.086821705427,0.020855614973262028,0.0,0.1763803680981595,0.1875,0.1478640015278901
FATİH,SURURİ,FATİH|SURURİ,2023,0.003158263125997627,29532.284237726097,0.0010910134941142,0.2084876103674167,183.0,0.05850091407678245,16.0,0.2797504638580999,11.0,0.014285714285714285,0.0,0.013574708583539387,0.6692070870306986,14222.126356589146,0.03099850968703426,0.05086372070147271,0.1892153697126251,0.3125,0.7616843633723569
FATİH,SÜLEYMANİYE,FATİH|SÜLEYMANİYE,2023,0.05582443471357968,509043.32041343674,0.0188056273327591,0.11278837937909428,99.0,0.28153564899451555,77.0,1.0,4.0,0.8571428571428571,0.0,0.0004260464163123111,0.6692070870306988,7693.937209302326,0.27575757575757576,0.5,0.10584840167904425,0.5,0.14794445956983393
FATİH,SÜMBÜL EFENDİ,FATİH|SÜMBÜL EFENDİ,2023,0.1324080475958789,1206316.0945736435,0.0445650301464254,0.22443748219880377,197.0,0.12797074954296161,35.0,0.19146653414938086,3.0,0.04285714285714286,0.0,0.0003577515870524538,0.6692070870306988,15310.157881136953,0.06299030918320256,0.12764435609958724,0.3147198902163384,0.25,0.1070115903698806
FATİH,SİLİVRİKAPI,FATİH|SİLİVRİKAPI,2023,0.01278669773714715,117196.538501292,0.0043296009187482,0.168612930788949,148.0,0.2449725776965265,67.0,0.19146653414938086,3.0,0.07142857142857142,0.0,0.002766453634308298,0.6692070870306988,11502.04754521964,0.1605036855036855,0.12764435609958724,0.38827897965773334,0.4375,0.03337093073003774
FATİH,TAHTAKALE,FATİH|TAHTAKALE,2023,7.682261657832066e-05,1476.614211886305,5.4550674705713464e-05,0.07405297636001139,65.0,0.018281535648994516,5.0,0.0,0.0,0.0,0.0,0.09643235605793007,0.6692070870306988,5051.5749354005175,0.02727272727272726,0.0,0.115837907652567,0.25,0.20729818949087941
FATİH,TAYA HATUN,FATİH|TAYA HATUN,2023,0.0007511544732102465,7616.220671834625,0.0002813666379557,0.07747080603816577,68.0,0.021937842778793418,6.0,0.0,0.0,0.0,0.0,0.01955896452540748,0.6692070870306988,5284.7245478036175,0.031283422459893025,0.0,0.245096060703907,0.25,0.15055812687176695
FATİH,TOPKAPI,FATİH|TOPKAPI,2023,0.08686077181122122,791620.6506459948,0.0292449038185472,0.3679863286812874,323.0,0.14625228519195613,40.0,1.0,13.0,0.11428571428571428,0.0,0.000893844294774905,0.6692070870306988,25102.441602067185,0.04390655783844638,0.15384615384615383,0.4186847486815197,0.5625,0.10478686165454475
FATİH,YAVUZ SULTAN SELİM,FATİH|YAVUZ SULTAN SELİM,2023,0.13766612890835062,1254189.481653747,0.0463336204421475,0.36912560524067217,324.0,0.5374771480804388,147.0,1.0,21.0,0.07142857142857142,0.0,0.0005659242722791095,0.6692070870306986,25180.15813953488,0.16085858585858584,0.09523809523809525,0.3398450113012593,0.25,0.07260629644140167
FATİH,YAVUZ SİNAN,FATİH|YAVUZ SİNAN,2023,0.021510332641929784,196622.8397932817,0.0072638530002871,0.08772429507262888,77.0,0.03290676416819013,9.0,1.0,3.0,0.0,0.0,0.0008578932010504816,0.6692070870306988,5984.17338501292,0.041440377804014134,0.6666666666666666,0.15034711010655474,0.25,0.18940455399653372
FATİH,YEDİKULE,FATİH|YEDİKULE,2023,0.1323995117495924,1206238.378036176,0.044562159058283,0.4021646254628311,352.0,0.2742230347349177,75.0,0.15068319705567912,2.0,0.05714285714285714,0.002793296089385475,0.0006410885619785966,0.6692070870306988,27433.937726098193,0.07532835436518152,0.15068319705567915,0.3015014530190507,0.1875,0.0811832245650676
FATİH,ZEYREK,FATİH|ZEYREK,2023,0.08347204083548863,760767.1852713178,0.028105081826012,0.3816576473939049,335.0,0.7678244972577697,210.0,1.0,18.0,0.08571428571428572,0.0,0.0009646494044472601,0.6692070870306988,26035.04005167959,0.22225237449118046,0.11111111111111112,0.20498668065870196,0.5,0.07383797891416395
FATİH,İSKENDERPAŞA,FATİH|İSKENDERPAŞA,2023,0.09182863434995263,836851.6754521964,0.0309158771174275,0.337225861577898,296.0,0.32541133455210236,89.0,1.0,11.0,0.07142857142857142,0.0,0.0007748536553746124,0.6692070870306988,23004.09509043928,0.10660319410319408,0.18181818181818182,0.3041922290388548,0.5625,0.08121662991342929
FATİH,ŞEHREMİNİ,FATİH|ŞEHREMİNİ,2023,0.1644089353238927,1497675.3935400518,0.0553287395923054,0.5525491313016234,485.0,0.43875685557586835,120.0,1.0,8.0,0.15714285714285714,0.0,0.000709415232193312,0.6692070870306988,37692.52067183463,0.08772258669165883,0.25,0.45608653535679694,0.3125,0.11026745881775764
FATİH,ŞEHSUVAR BEY,FATİH|ŞEHSUVAR BEY,2023,0.012291618652531306,112688.97932816535,0.0041630778064886,0.2084876103674167,183.0,0.21206581352833637,58.0,0.008910645079296172,1.0,0.014285714285714285,0.0,0.0035575098356861847,0.6692070870306986,14222.126356589146,0.11236959761549924,0.017821290158592344,0.13551420729738456,0.25,0.1452491151647155
GAZİOSMANPAŞA,BARBAROS HAYRETTİN PAŞA,GAZİOSMANPAŞA|BARBAROS HAYRETTİN PAŞA,2023,0.4110351420791614,2278074.571813923,0.1046058818546889,1.0,872.75,1.0,270.0,1.0,31.0,0.08571428571428572,0.0223463687150838,0.0005137020660394659,0.3378538099798526,41516.06916804399,0.11047357655161698,0.06451612903225806,0.7287092347432998,0.3125,0.10877929387804876
GAZİOSMANPAŞA,BAĞLARBAŞI,GAZİOSMANPAŞA|BAĞLARBAŞI,2023,0.24229853268802334,1343082.0849852206,0.0616723823010079,0.5753346624893193,505.0,0.5228519195612431,143.0,1.0,18.0,0.02857142857142857,0.0,0.0005012994551647789,0.33785380997985265,23885.63364267983,0.10039603960396036,0.11111111111111112,0.71167662253794,0.375,0.11015415179007369
GAZİOSMANPAŞA,FEVZİ ÇAKMAK,GAZİOSMANPAŞA|FEVZİ ÇAKMAK,2023,0.1975621623005813,1095191.776230201,0.0502896186850204,0.5741953859299345,504.0,0.2449725776965265,67.0,1.0,22.0,0.04285714285714286,0.0,0.0006135483225824217,0.3378538099798526,23838.335358238874,0.047132034632034615,0.09090909090909091,0.6928680981595091,0.3125,0.1406787485647321
GAZİOSMANPAŞA,HÜRRİYET,GAZİOSMANPAŞA|HÜRRİYET,2023,0.23143240036533422,1282871.3688918909,0.0589075935043752,0.49900313301053834,438.0,1.0,270.0,1.0,24.0,0.04285714285714286,0.0,0.0004551970182071384,0.3378538099798526,20716.648585136165,0.2213885429638854,0.08333333333333333,0.7403333871488537,0.3125,0.12414099632945068
GAZİOSMANPAŞA,KARADENİZ,GAZİOSMANPAŞA|KARADENİZ,2023,0.6090497042329261,3375300.174275085,0.1549888908918344,1.0,872.75,1.0,270.0,1.0,30.0,0.11428571428571428,0.01675977653631285,0.0003467103823985431,0.33785380997985265,41516.069168044,0.11047357655161698,0.06666666666666667,0.6832504958715808,0.4375,0.08684998638714948
GAZİOSMANPAŞA,KARAYOLLARI,GAZİOSMANPAŞA|KARAYOLLARI,2023,0.3349210007426186,1856315.7694539705,0.0852393290663353,1.0,872.75,1.0,270.0,1.0,33.0,0.07142857142857142,0.0,0.0006304162435020469,0.3378538099798526,41516.06916804399,0.11047357655161698,0.0606060606060606,0.7490255546842566,0.4375,0.11010592359843431
GAZİOSMANPAŞA,KARLITEPE,GAZİOSMANPAŞA|KARLITEPE,2023,0.16319684515121252,904768.8830709354,0.0415456754837294,0.39874679578467676,350.0,0.3692870201096892,101.0,1.0,12.0,0.014285714285714285,0.0,0.0005157494804788822,0.3378538099798526,16554.39955433255,0.10231168831168831,0.16666666666666666,0.44801420729738456,0.375,0.15843601521126266
GAZİOSMANPAŞA,KAZIM KARABEKİR,GAZİOSMANPAŞA|KAZIM KARABEKİR,2023,0.37188975100936383,2061164.6393677257,0.094645692207118,1.0,872.75,0.7312614259597806,200.0,1.0,26.0,0.11428571428571428,0.0,0.0005677623183423938,0.3378538099798526,41516.06916804399,0.0807850651200124,0.07692307692307691,0.8091499838553439,0.375,0.09553480174391113
GAZİOSMANPAŞA,SARIYER MERKEZ,GAZİOSMANPAŞA|SARIYER MERKEZ,2023,0.02563314639829966,142509.7310205828,0.0065438402547167,0.5741953859299345,504.0,0.5411334552102377,148.0,0.29489856049290336,11.0,0.12857142857142856,0.002793296089385475,0.004715138204246921,0.33785380997985265,23838.335358238877,0.10411255411255409,0.05361792008961879,0.520261543429125,0.4375,0.10414357805248793
GAZİOSMANPAŞA,MEVLANA,GAZİOSMANPAŞA|MEVLANA,2023,0.23123607590074519,1281783.508349749,0.0588576405253315,0.560524067217317,492.0,0.3619744058500914,99.0,1.0,24.0,0.07142857142857142,0.0,0.0005117511577800342,0.3378538099798526,23270.755944947472,0.07134146341463413,0.08333333333333333,0.8129410950689606,0.4375,0.190223156866979
GAZİOSMANPAŞA,PAZARİÇİ,GAZİOSMANPAŞA|PAZARİÇİ,2023,0.10400075115447321,576755.2804729461,0.0264837663677451,0.23696952435203647,208.0,0.19378427787934185,53.0,0.2648727329500613,8.0,0.0,0.0,0.00048081738956225585,0.3378538099798526,9838.043163717632,0.09034090909090908,0.06621818323751534,0.42460445592508883,0.3125,0.1448289775476107
GAZİOSMANPAŞA,SARIGÖL,GAZİOSMANPAŞA|SARIGÖL,2023,0.21480457179927104,1190734.31080092,0.0546767933662443,0.6322984904585588,555.0,0.5484460694698354,150.0,1.0,15.0,0.014285714285714285,0.0,0.0006214218590670675,0.3378538099798526,26250.547864727338,0.09582309582309582,0.1333333333333333,0.5427757709073296,0.5,0.09031709607338716
GAZİOSMANPAŞA,SEYMEN MAHALLE,GAZİOSMANPAŞA|SEYMEN MAHALLE,2023,0.3065649193789318,1699190.868541134,0.0780243813975106,0.9353460552549131,821.0,0.8519195612431444,233.0,1.0,31.0,0.05714285714285714,0.0,0.000644183211668605,0.3378538099798526,38831.891526020074,0.10062008636917284,0.06451612903225806,0.884928963513077,0.375,0.12421791766282678
GAZİOSMANPAŞA,SEYİTNİZAM,GAZİOSMANPAŞA|SEYİTNİZAM,2023,0.06529068824528608,362257.5605332372,0.0166343420215319,0.24494446026772998,215.0,0.2303473491773309,63.0,1.0,12.0,0.02857142857142857,0.0,0.000791278585267497,0.3378538099798526,10169.13115480428,0.10389006342494714,0.16666666666666666,0.5824184694865999,0.1875,0.07090162993383828
GAZİOSMANPAŞA,YILDIZTABYA,GAZİOSMANPAŞA|YILDIZTABYA,2023,0.20905141140218347,1158855.2670877196,0.0532129538934003,0.6516661919681003,572.0,0.5338208409506399,146.0,0.2869189635853542,11.0,0.014285714285714285,0.0,0.0006580747697190281,0.3378538099798526,27054.618700223484,0.09049586776859501,0.052167084288246214,0.5790634081369067,0.5,0.14540239371793748
GAZİOSMANPAŞA,ŞEMSİPAŞA,GAZİOSMANPAŞA|ŞEMSİPAŞA,2023,0.21085247496863077,1168835.20510476,0.0536712181794093,0.3144403303902022,276.0,0.26691042047531993,73.0,1.0,15.0,0.014285714285714285,0.0,0.0003148213730904857,0.3378538099798526,13054.326505702242,0.09377470355731225,0.1333333333333333,0.6110752340975137,0.375,0.10056314213248886
GÜNGÖREN,ABDURRAHMAN NAFİZ GÜRMAN,GÜNGÖREN|ABDURRAHMAN NAFİZ GÜRMAN,2023,0.17792117999539064,1135614.8353604996,0.0821130304330877,0.08886357163201367,78.0,0.3290676416819013,90.0,1.0,10.0,0.02857142857142857,0.0,0.00010543098293472741,0.41581897976272336,4247.528395421452,0.40909090909090895,0.2,0.3975621569260575,0.375,0.020664307105907984
GÜNGÖREN,AKINCILAR,GÜNGÖREN|AKINCILAR,2023,0.22013947572832107,1404951.700024019,0.1015880015907578,0.15038450583879237,131.0,0.13893967093235832,38.0,0.05826191013385959,3.0,0.0,0.0,0.00014421726236928358,0.41581897976272336,7188.124976867073,0.10206611570247934,0.03884127342257306,0.23359299321924443,0.25,0.0763784184684135
GÜNGÖREN,GENÇOSMAN,GÜNGÖREN|GENÇOSMAN,2023,0.31915529265148995,2036635.4101123377,0.1472632271121838,0.39418968954713757,346.0,0.6471663619744058,177.0,0.33405399127404134,12.0,0.14285714285714285,0.0,0.00026077593941786596,0.41581897976272336,18841.600318151573,0.18137151865475565,0.05567566521234022,0.3930012915724895,0.625,0.06766573152302151
GÜNGÖREN,GÜNEŞTEPE,GÜNGÖREN|GÜNEŞTEPE,2023,0.20562853704130496,1312377.3632007306,0.094894218540204,0.3474793506123611,305.0,0.3290676416819013,90.0,0.04695224522552214,3.0,0.05714285714285714,0.0,0.00035673508034197554,0.41581897976272336,16608.925135942856,0.10461997019374066,0.03130149681701476,0.3089683564740071,0.25,0.04426728832017425
GÜNGÖREN,GÜVEN,GÜNGÖREN|GÜVEN,2023,0.13357745853712666,852718.553126981,0.0616576169344836,0.16747365422956423,147.0,0.1316270566727605,36.0,0.15383238657729364,9.0,0.0,0.0,0.00026461614158463666,0.41581897976272336,8004.957360601968,0.08682745825602965,0.034184974794954144,0.3810138844042622,0.3125,0.0716454794864814
GÜNGÖREN,HAZNEDAR,GÜNGÖREN|HAZNEDAR,2023,0.1859960905824008,1187129.731028047,0.0858379238247488,0.14013101680432924,123.0,0.1316270566727605,36.0,0.15383238657729364,9.0,0.04285714285714286,0.0,0.00015904193091558402,0.41581897976272336,6698.025546626136,0.10376940133037693,0.034184974794954144,0.40200193735873424,0.375,0.06394836725869221
GÜNGÖREN,MAREŞAL ÇAKMAK,GÜNGÖREN|MAREŞAL ÇAKMAK,2023,0.2687937995612575,1715348.005843279,0.1240318624073206,0.2700085445741954,237.0,0.31078610603290674,85.0,0.03507138511979391,2.0,0.014285714285714285,0.0,0.0002120805369127517,0.41581897976272336,12905.951663011338,0.12715765247410815,0.03507138511979391,0.34192075280225104,0.4375,0.06650185789322405
GÜNGÖREN,MEHMET NESİH ÖZMEN,GÜNGÖREN|MEHMET NESİH ÖZMEN,2023,0.0726912669756643,464287.5269149142,0.0335712907582481,0.2529193961834235,222.0,0.5813528336380256,159.0,0.34066462369184397,12.0,0.04285714285714286,0.0,0.0007339570866532218,0.41581897976272336,12089.11927927644,0.25393120393120394,0.05677743728197399,0.3582499192767194,0.3125,0.039941791304360603
GÜNGÖREN,SARIYER MERKEZ,GÜNGÖREN|SARIYER MERKEZ,2023,0.36395994980922386,2322472.2889273013,0.1679312666606291,0.3531757334092851,310.0,0.37294332723948814,102.0,0.12809813895084768,7.0,0.1,0.0,0.0002048876886575781,0.41581897976272336,16881.20259718782,0.11665689149560114,0.03659946827167077,0.30334655657548776,0.4375,0.057298620017778724
GÜNGÖREN,SANAYİ,GÜNGÖREN|SANAYİ,2023,0.10333495514412777,659782.7440887989,0.0477069855532411,0.4864710908573056,427.0,0.1316270566727605,36.0,0.42748819767923385,18.0,0.04285714285714286,0.002793296089385475,0.0009934171022398693,0.41581897976272336,23252.49519032,0.02989142005535446,0.047498688631025986,0.32995640942847915,0.375,0.10375911750773159
GÜNGÖREN,TOZKOPARAN,GÜNGÖREN|TOZKOPARAN,2023,0.11568632472066442,738579.8413730918,0.0534045761850949,0.4021646254628311,353.0,0.28153564899451555,77.0,1.0,22.0,0.11428571428571428,0.002793296089385475,0.0007336382489471208,0.41581897976272336,19222.78876389452,0.07733711048158637,0.09090909090909091,0.1515579593154666,0.25,0.12332230473150298
KADIKÖY,19 MAYIS,KADIKÖY|19 MAYIS,2023,0.27446160149548027,2214403.0461792657,0.0736067153197809,0.4819139846197664,423.0,0.17184643510054845,47.0,0.2789012869979789,11.0,0.14285714285714285,0.0,0.0003707091758763185,0.5725918585425941,29122.388028038473,0.03939393939393939,0.050709324908723444,0.9443614788505005,0.375,0.08657451879857607
KADIKÖY,ACIBADEM,KADIKÖY|ACIBADEM,2023,0.2457555504340478,1982869.7342684069,0.0659105524165219,1.0,872.75,0.9287020109689214,254.0,0.3856690932942636,13.0,0.15714285714285714,0.008379888268156424,0.0008590655292776235,0.5725918585425941,60430.67633950536,0.10259703270241577,0.059333706660655926,0.5843760090410074,0.3125,0.14091784644704602
KADIKÖY,BOSTANCI,KADIKÖY|BOSTANCI,2023,0.2833047382482736,2285728.8003094024,0.0759775820363365,1.0,872.75,0.5338208409506399,146.0,0.4981907392122647,21.0,0.14285714285714285,0.0,0.0007452393466483384,0.5725918585425939,60430.67633950536,0.05897309753760905,0.047446737067834734,0.7812600904100742,0.3125,0.08684998638714948
KADIKÖY,CADDEBOSTAN,KADIKÖY|CADDEBOSTAN,2023,0.017131443496965507,138864.90934409836,0.0046158669568461,0.5069780689262319,445.0,0.2522851919561243,69.0,0.3869447625684363,12.0,0.11428571428571428,0.0,0.006218950997061887,0.5725918585425941,30637.02759450856,0.054974463738508686,0.06449079376140604,0.8979708185340651,0.25,0.0709744950689762
KADIKÖY,CAFERAĞA,KADIKÖY|CAFERAĞA,2023,0.18276100483982485,1474777.0069707143,0.0490215597831435,0.6938194246653375,609.0,0.4753199268738574,130.0,0.9574488137703737,21.0,0.22857142857142856,0.0,0.0008013838267597281,0.5725918585425941,41927.977090012835,0.07568293775190325,0.09118560131146417,0.5069422021310946,0.125,0.05108862869083306
KADIKÖY,DUMLUPINAR,KADIKÖY|DUMLUPINAR,2023,0.08596450795114081,694049.1577084062,0.0230701808586839,0.37368271147821136,328.0,0.28153564899451555,77.0,0.2723991816676805,7.0,0.12857142857142856,0.0,0.0009171349651713737,0.5725918585425941,22581.898991008555,0.08323170731707316,0.07782833761933729,0.8599551985792702,0.375,0.10986862108779594
KADIKÖY,ERENKÖY,KADIKÖY|ERENKÖY,2023,0.2935477537920497,2368345.5039350437,0.0787237597003004,0.903446311592139,793.0,0.30347349177330896,83.0,1.0,16.0,0.1,0.0,0.0006497970969252382,0.5725918585425941,54595.87164594447,0.03710879284649773,0.125,0.7988577655795931,0.375,0.1810335471491466
KADIKÖY,EĞİTİM,KADIKÖY|EĞİTİM,2023,0.11565218133551851,933499.9037167226,0.0310295191214062,0.8863571632013671,778.0,0.28153564899451555,77.0,0.13292283438480848,3.0,0.04285714285714286,0.0,0.0016173907620238867,0.5725918585425941,53563.16285062395,0.0350899742930591,0.08861522292320564,0.7188912657410396,0.375,0.12074666146533873
KADIKÖY,FENERBAHÇE,KADIKÖY|FENERBAHÇE,2023,0.17807482522854728,1436979.8650619837,0.0477651835018799,0.6778695528339505,595.0,0.3656307129798903,100.0,0.2496922685874057,9.0,0.04285714285714286,0.0,0.0008035555807079779,0.5725918585425941,40964.11554771369,0.05958747135217723,0.055487170797201266,0.7189921698417823,0.25,0.0830516690682834
KADIKÖY,FENERYOLU,KADIKÖY|FENERYOLU,2023,0.21865423847447354,1764279.705925565,0.0586446240139505,1.0,872.75,0.27056672760511885,74.0,1.0,6.0,0.05714285714285714,0.0,0.0009655016900306264,0.5725918585425941,60430.67633950536,0.029890474094404595,0.3333333333333333,0.7971827575072651,0.3125,0.12015373552164724
KADIKÖY,FİKİRTEPE,KADIKÖY|FİKİRTEPE,2023,0.10435072085221889,842346.140716432,0.0279995697654993,0.511535175163771,449.0,0.29250457038391225,80.0,0.39208551934495334,14.0,0.0,0.0,0.0010344401993401043,0.5725918585425941,30912.41660659403,0.06317068232435712,0.05601221704927905,0.7869510816919599,0.1875,0.054772920499633414
KADIKÖY,GÖZTEPE,KADIKÖY|GÖZTEPE,2023,0.34561641613957816,2788313.7473653858,0.0926834961587839,1.0,872.75,0.2961608775137112,81.0,1.0,10.0,0.22857142857142856,0.0,0.0006109122545364156,0.5725918585425941,60430.67633950536,0.03271795137360502,0.2,0.8553035195350339,0.3125,0.12444882306246494
KADIKÖY,HASANPAŞA,KADIKÖY|HASANPAŞA,2023,0.013836606830384198,112289.86967785048,0.0037325131416043,1.0,872.75,0.4936014625228519,135.0,0.36631319203868135,11.0,0.15714285714285714,0.0,0.015169801538151341,0.5725918585425941,60430.67633950536,0.054529918956008366,0.06660239855248751,0.659711010655473,0.5625,0.08684998638714948
KADIKÖY,KOZYATAĞI,KADIKÖY|KOZYATAĞI,2023,0.3208624619087859,2588656.7136034197,0.0860469001375377,0.9068641412702934,796.0,0.2413162705667276,66.0,0.24706096271142555,8.0,0.07142857142857142,0.0,0.0005967442524632301,0.5725918585425941,54802.41340500857,0.02939698492462311,0.061765240677856374,0.8715591701646754,0.25,0.14781733688915913
KADIKÖY,KOŞUYOLU,KADIKÖY|KOŞUYOLU,2023,0.057437709661724415,463961.63811099593,0.0154220760645443,0.456849900313301,401.0,0.21206581352833637,58.0,0.044861670803071886,2.0,0.05714285714285714,0.0,0.0016773046007861683,0.5725918585425941,27607.748461568382,0.05128088868737246,0.044861670803071886,0.5131780755569906,0.3125,0.09202074258099646
KADIKÖY,MERDİVENKÖY,KADIKÖY|MERDİVENKÖY,2023,0.2663525475233242,2148998.1558089666,0.0714326580024761,1.0,872.75,0.4789762340036563,131.0,1.0,16.0,0.12857142857142856,0.0,0.0007926554209240994,0.5725918585425941,60430.67633950536,0.05291421765360814,0.125,0.8683134215907867,0.5625,0.08816194838157637
KADIKÖY,OSMANAĞA,KADIKÖY|OSMANAĞA,2023,0.0658796616390532,532051.5713491284,0.0176853841559279,0.729136998006266,640.0,0.29250457038391225,80.0,0.6995408542604973,25.0,0.08571428571428572,0.0,0.0023344032681645757,0.5725918585425941,44062.241933675235,0.04431818181818181,0.05596326834083979,0.6137239667420085,0.25,0.08946208799381376
KADIKÖY,RASİMPAŞA,KADIKÖY|RASİMPAŞA,2023,0.10525552055858578,849643.9495366969,0.0282421487924827,0.4169752207348334,366.0,0.3473491773308958,95.0,0.20689451643090584,8.0,0.04285714285714286,0.002793296089385475,0.0008359758952669908,0.5725918585425941,25198.094605820523,0.09202682563338299,0.05172362910772645,0.7126654827252179,0.3125,0.07827492444006384
KADIKÖY,SAHRAYICEDİT,KADIKÖY|SAHRAYICEDİT,2023,0.25820081431973574,2083249.029173561,0.0692471582782381,0.7485046995158074,657.0,0.1316270566727605,36.0,0.29372951432224353,9.0,0.08571428571428572,0.0,0.0006120315637413108,0.5725918585425941,45232.64523503848,0.01942714819427148,0.06527322540494301,0.861771472392638,0.375,0.09709884011301372
KADIKÖY,SUADİYE,KADIKÖY|SUADİYE,2023,0.22549998719623057,1819495.2028487015,0.0604799860860331,0.8499003133010539,746.0,0.3546617915904936,97.0,0.5262135755962563,20.0,0.1,0.0,0.0007956783683768385,0.5725918585425941,51360.050753940195,0.04610041433097732,0.05262135755962563,0.7938529221827575,0.3125,0.11798296845193
KADIKÖY,ZÜHTÜPAŞA,KADIKÖY|ZÜHTÜPAŞA,2023,0.06952446800338019,561449.3483892523,0.0186625657080218,0.25064084306465395,220.0,0.17915904936014626,49.0,1.0,14.0,0.04285714285714286,0.0,0.0007604343693291472,0.5725918585425941,15146.395664700862,0.07896694214876031,0.14285714285714285,0.8696924443009364,0.375,0.11123643576679244
KARTAL,ATALAR,KARTAL|ATALAR,2023,0.2542828608742414,1861643.9431425352,0.0724949703573418,0.2814013101680433,208.0,0.2303473491773309,63.0,0.03426980785945551,1.0,0.1,0.0,0.00023363812440881042,0.5031367919895661,15430.404495174704,0.09043062200956938,0.06853961571891103,0.3127219890216339,0.3125,0.2187514669019969
KARTAL,CEVİZLİ,KARTAL|CEVİZLİ,2023,0.22113816974383926,1619067.9890746677,0.0630487297567526,0.3064653944745087,254.0,0.39488117001828155,108.0,1.0,9.0,0.1,0.002793296089385475,0.0002925705265104168,0.5031367919895662,16804.772506890673,0.14234538695505236,0.22222222222222224,0.3489263803680982,0.375,0.14856724748162264
KARTAL,CUMHURİYET,KARTAL|CUMHURİYET,2023,0.19814259984806193,1450770.3789127215,0.0564949898190788,0.4773568783822273,419.0,0.3912248628884826,106.0,0.49751482489535226,17.0,0.08571428571428572,0.01675977653631285,0.0005085793504298995,0.5031367919895662,26175.463495863165,0.09054024734215664,0.05853115587004144,0.3884519581161493,0.4375,0.16047379076042337
KARTAL,ESENTEPE,KARTAL|ESENTEPE,2023,0.25532423412119193,1869265.438480233,0.0727917618467242,0.2825405867274281,238.0,0.27787934186471663,76.0,0.17122337635385163,7.0,0.21428571428571427,0.05307262569832402,0.00023362756589952673,0.5031367919895662,15492.875768434524,0.10865102639296187,0.04892096467252903,0.3219244430093639,0.625,0.1862156681877842
KARTAL,GÜMÜŞPINAR,KARTAL|GÜMÜŞPINAR,2023,0.0021766408030524185,16554.887413851407,0.0006446700384126,0.293933352321276,258.0,0.2303473491773309,63.0,0.3276128134314646,12.0,0.04285714285714286,0.0,0.02744333291123211,0.5031367919895663,16117.588501032693,0.0865750528541226,0.05460213557191077,0.23591378753632541,0.375,0.06852869108438367
KARTAL,HÜRRİYET,KARTAL|HÜRRİYET,2023,0.4286445929681698,3137744.6420208095,0.1221880830918861,0.9820563941896896,862.0,1.0,270.0,0.5961830832926356,25.0,0.11428571428571428,0.002793296089385475,0.00048376344550104947,0.5031367919895662,53850.23754996192,0.11249209027631299,0.047694646663410854,0.44559250887956087,0.375,0.16669254526272803
KARTAL,KARLIKTEPE,KARTAL|KARLIKTEPE,2023,0.2861727826005309,2095036.6200412104,0.0815836015403964,0.29507262888066077,259.0,0.2340036563071298,64.0,0.06957728699417093,6.0,0.05714285714285714,0.002793296089385475,0.0002176965392694298,0.5031367919895662,16180.059774292504,0.08760968760968761,0.023192428998056982,0.21052631578947364,0.3125,0.10881663115669266
KARTAL,KORDONBOYU,KARTAL|KORDONBOYU,2023,0.11211834097291576,821184.8870002895,0.0319780666223912,0.146966676160638,129.0,0.1316270566727605,36.0,0.13757807524354335,7.0,0.0,0.0,0.0002766254553623625,0.5031367919895662,8058.794250516344,0.09894291754756868,0.03930802149815524,0.27661177483586263,0.5625,0.06663490334876125
KARTAL,ORHANTEPE,KARTAL|ORHANTEPE,2023,0.2227002296142651,1630500.2320812135,0.0634939169908262,0.5628026203360866,494.0,0.3912248628884826,107.0,1.0,13.0,0.07142857142857142,0.0,0.0005335184756614982,0.5031367919895662,30860.80899034941,0.07679425837320573,0.15384615384615383,0.28487245721666127,0.3125,0.1363293635070469
KARTAL,ORTA,KARTAL|ORTA,2023,0.15503657610133756,1135290.4489506474,0.044209768332348,0.3634292224437482,319.0,0.20840950639853748,57.0,0.0,0.0,0.02857142857142857,0.0,0.0004947970235362809,0.5031367919895662,19928.336169881502,0.06335138216015958,0.0,0.33944139489828873,0.375,0.11616405887157479
KARTAL,PETROL İŞ,KARTAL|PETROL İŞ,2023,0.23806475292992924,1742948.5239488836,0.0678728078177797,0.23696952435203647,208.0,0.18281535648994515,50.0,0.03426980785945551,1.0,0.12857142857142856,0.0,0.00021014649635563254,0.5031367919895662,12994.024838041856,0.08522727272727272,0.06853961571891103,0.2265095253471101,0.3125,0.18891693217857117
KARTAL,SOĞANLIK YENİ,KARTAL|SOĞANLIK YENİ,2023,0.02444666376447893,179542.43934871297,0.0069916290203691,0.3406436912560524,299.0,0.2376599634369287,65.0,0.0647087999284102,5.0,0.07142857142857142,0.0,0.002932563646298917,0.5031367919895662,18678.910704685168,0.0770750988142292,0.025883519971364077,0.2628350016144656,0.3125,0.05107882630065892
KARTAL,TOPSELVİ,KARTAL|TOPSELVİ,2023,0.10773945182795149,789137.1238180036,0.0307300827367094,0.3520364568499003,309.0,0.19744058500914077,54.0,0.23229937482685645,12.0,0.04285714285714286,0.0111731843575419,0.0006895239957325807,0.5031367919895662,19303.623437283335,0.06195939982347747,0.03871656247114274,0.3228931223764934,0.375,0.2708072420364825
KARTAL,UĞUR MUMCU,KARTAL|UĞUR MUMCU,2023,0.35415226242605824,2592557.84028239,0.1009577607325397,0.12076331529478782,106.0,0.2376599634369287,65.0,0.2727304748821672,9.0,0.08571428571428572,0.0,7.199805935149998e-05,0.5031367919895662,6621.954965540563,0.217409948542024,0.06060677219603714,0.2417662253793994,0.25,0.03960574737608483
KARTAL,YAKACIK YENİ,KARTAL|YAKACIK YENİ,2023,0.16359802992667707,1197949.1360302437,0.0466497836098116,0.2825405867274281,248.0,0.2961608775137112,80.0,0.331616891765174,11.0,0.02857142857142857,0.0,0.0003645496467900313,0.5031367919895662,15492.875768434522,0.11579912023460408,0.06029398032094072,0.27655062083541254,0.6875,0.1346310917506126
KARTAL,YAKACIK ÇARŞI,KARTAL|YAKACIK ÇARŞI,2023,0.15418299147268957,1129043.3216246658,0.0439664966197395,0.24722301338649957,217.0,0.40219378427787933,110.0,0.2956849058813113,9.0,0.08571428571428572,0.002793296089385475,0.00033844843266142495,0.5031367919895662,13556.266297380207,0.17972350230414746,0.06570775686251362,0.5913556898380922,0.4375,0.09249241428836359
KARTAL,YALI,KARTAL|YALI,2023,0.01055884185637585,77901.67775499132,0.0030335982562283,0.27228709769296494,238.0,0.2230347349177331,61.0,0.12107434200693239,5.0,0.0,0.002793296089385475,0.005402496192203571,0.5031367919895662,14930.634309096173,0.09049068086724987,0.04842973680277295,0.2795447206974491,0.3125,0.17837100909826042
KARTAL,YUKARI,KARTAL|YUKARI,2023,0.06258482497247189,458664.0882735736,0.0178610091397182,0.12418114497294218,109.0,0.04753199268738574,13.0,0.0,0.0,0.014285714285714285,0.0,0.00041848041698127356,0.5031367919895662,6809.368785320012,0.04228523769808171,0.0,0.22683241846948654,0.1875,0.16006680455603822
KARTAL,YUNUS,KARTAL|YUNUS,2023,0.12874616953897894,942878.9273104124,0.0367169995840053,0.24038735403019082,211.0,0.113345521023766,31.0,0.1627201838486942,10.0,0.07142857142857142,0.008379888268156424,0.0003940668526278017,0.5031367919895662,13181.438657821309,0.05208961654459282,0.032544036769738834,0.25525854513584567,0.4375,0.15396540304196416
KARTAL,ÇAVUŞOĞLU,KARTAL|ÇAVUŞOĞLU,2023,0.12725239643884492,931946.4544899444,0.0362912740869404,0.26431216177727146,232.0,0.17184643510054845,47.0,0.06286193545684668,5.0,0.07142857142857142,0.019553072625698324,0.0004383695747041321,0.5031367919895662,14493.335396277456,0.07182601880877743,0.025144774182738673,0.26622537939941876,0.3125,0.11975999265959
KAĞITHANE,EMNİYET EVLERİ,KAĞITHANE|EMNİYET EVLERİ,2023,0.07237544066306453,461849.7514733729,0.0200681309381124,0.15152378239817715,133.0,0.21937842778793418,60.0,1.0,11.0,0.0,0.0,0.0004416295545518441,0.41527627831497016,7235.9544052254205,0.15994531784005464,0.18181818181818182,0.41287833727036355,0.0,0.08511964183077715
KAĞITHANE,GÜLTEPE,KAĞITHANE|GÜLTEPE,2023,0.11919455754440773,760264.8635986468,0.0330347581257136,0.23696952435203647,208.0,0.20109689213893966,55.0,1.0,13.0,0.014285714285714285,0.0,0.00041957114987277433,0.41527627831497016,11316.37982170592,0.09375,0.15384615384615383,0.3467064901517598,0.375,0.09152191668935476
KAĞITHANE,GÜRSEL,KAĞITHANE|GÜRSEL,2023,0.23550399904398522,1501596.5532648242,0.0652468387197435,0.5548276844203931,487.0,0.5521023765996343,151.0,1.0,20.0,0.05714285714285714,0.0,0.0004973737963233149,0.41527627831497016,26495.562371013384,0.10993093149150641,0.1,0.5432676783984501,0.3125,0.06314624835632072
KAĞITHANE,HAMİDİYE,KAĞITHANE|HAMİDİYE,2023,0.34394339026742804,2192766.213144401,0.0952792966579907,0.46482483622899456,408.0,0.906764168190128,248.0,1.0,34.0,0.22857142857142856,0.0,0.00028534813271485705,0.41527627831497016,22197.51426565392,0.2155080213903743,0.0588235294117647,0.5498516709719083,0.5,0.06516887270925073
KAĞITHANE,HARMANTEPE,KAĞITHANE|HARMANTEPE,2023,0.18125016004711786,1155794.1006361567,0.0502211536870373,0.3189974366277414,280.0,0.4606946983546618,126.0,1.0,18.0,0.02857142857142857,0.0,0.0003715221921325753,0.41527627831497016,15233.588221527203,0.15954545454545455,0.11111111111111112,0.4277829350984824,0.5,0.08166781113726307
KAĞITHANE,HÜRRİYET,KAĞITHANE|HÜRRİYET,2023,0.17373861531501542,1107917.1090827854,0.0481408196988716,0.4910281970948448,431.0,1.0,270.0,1.0,28.0,0.05714285714285714,0.0,0.0005965916955701535,0.41527627831497016,23448.844726707943,0.22498418055262603,0.07142857142857142,0.40305134000645787,0.3125,0.10834856676130838
KAĞITHANE,MEHMET AKİF ERSOY,KAĞITHANE|MEHMET AKİF ERSOY,2023,0.10570792041176923,674303.9014914576,0.0292996130105978,0.21988037596126458,193.0,0.4643510054844607,127.0,0.6168965251340166,22.0,0.014285714285714285,0.0,0.0004389437192493012,0.41527627831497016,10500.29473840982,0.23330193122939236,0.0560815022849106,0.39640896720328433,0.4375,0.0628174231042005
KAĞITHANE,SARIYER MERKEZ,KAĞITHANE|SARIYER MERKEZ,2023,0.2687937995612575,1713778.6749218102,0.0744665007127508,0.9285103958986044,815.0,0.906764168190128,248.0,1.0,45.0,0.34285714285714286,0.0,0.0007293064876957495,0.41527627831497016,44340.62285908811,0.1078862242052426,0.044444444444444446,0.5088492896351308,0.625,0.07850012519480025
KAĞITHANE,NURTEPE,KAĞITHANE|NURTEPE,2023,0.2265925755209,1444797.0314674156,0.0627788061246923,0.31557960694958703,277.0,0.9616087751371115,263.0,0.5126819613700687,18.0,0.05714285714285714,0.00558659217877095,0.00029402220557595905,0.41527627831497016,15070.37120486798,0.3366261896947817,0.05696466237445209,0.864849047465289,0.1875,0.06465148714421502
KAĞITHANE,ORTABAYIR,KAĞITHANE|ORTABAYIR,2023,0.18803615784486952,1199046.6100508498,0.0521005463240734,0.24722301338649957,217.0,0.5447897623400365,149.0,1.0,16.0,0.02857142857142857,0.0,0.0002775433787145485,0.41527627831497,11806.03087168358,0.24344365312107247,0.125,0.2874757830158218,0.25,0.07102870847131487
KAĞITHANE,SEYRANTEPE,KAĞITHANE|SEYRANTEPE,2023,0.20106185927803813,1282069.6658581733,0.0557080345808245,0.4511535175163771,396.0,0.3436928702010969,94.0,0.32358969525784226,15.0,0.07142857142857142,0.0,0.0004736862341346298,0.41527627831497016,21544.646199017043,0.08415977961432504,0.04314529270104563,0.3557878592185987,0.375,0.07237940580509772
KAĞITHANE,SULTAN SELİM,KAĞITHANE|SULTAN SELİM,2023,0.3019555623842326,1925144.7114955003,0.0836507024673234,0.39874679578467676,350.0,1.0,270.0,1.0,15.0,0.04285714285714286,0.0,0.0002788122597733655,0.41527627831497016,19041.985276909003,0.27705194805194805,0.1333333333333333,0.3446884081369067,0.375,0.07734671608738809
KAĞITHANE,TALATPAŞA,KAĞITHANE|TALATPAŞA,2023,0.2542828608742414,1621289.0321482522,0.0704476736901578,0.576473939048704,506.0,0.7458866544789763,204.0,1.0,20.0,0.05714285714285714,0.0,0.00047862708886987074,0.41527627831497016,27529.27014318844,0.1429392741645706,0.1,0.355384242815628,0.375,0.06904656689382113
KAĞITHANE,TELSİZLER,KAĞITHANE|TELSİZLER,2023,0.09665992334810035,616633.8889385333,0.0267937561612164,0.23469097123326688,206.0,0.3327239488117002,91.0,1.0,13.0,0.02857142857142857,0.0,0.0005123267521965744,0.41527627831497016,11207.568477266444,0.15661959399823477,0.15384615384615383,0.3089683564740071,0.25,0.11587258371903077
KAĞITHANE,YAHYA KEMAL,KAĞITHANE|YAHYA KEMAL,2023,0.01415243314298396,90748.66126252632,0.0039431785139323,0.34975790373113075,307.0,0.3619744058500914,99.0,1.0,17.0,0.02857142857142857,0.0,0.005188064313649751,0.41527627831497016,16702.541371460182,0.11433224755700322,0.1176470588235294,0.5545689376816274,0.375,0.07970636207185089
KAĞITHANE,YEŞİLCE,KAĞITHANE|YEŞİLCE,2023,0.10180703865884783,649440.5092870365,0.028219257746289,0.2438051837083452,214.0,0.2522851919561243,69.0,1.0,6.0,0.014285714285714285,0.002793296089385475,0.0005053375860853374,0.41527627831497016,11642.813855024362,0.11431605777400167,0.3333333333333333,0.3062439457539554,0.25,0.08630673867759074
KAĞITHANE,ÇAĞLAYAN,KAĞITHANE|ÇAĞLAYAN,2023,0.2627674920830026,1675368.2703346738,0.0727975054904269,0.6015380233551695,528.0,0.6471663619744058,177.0,0.37593211916274205,13.0,0.02857142857142857,0.0,0.0004833156289053085,0.41527627831497016,28726.19493202272,0.11885330578512396,0.057835710640421846,0.5396351307717145,0.375,0.08510672881169976
KAĞITHANE,ÇELİKTEPE,KAĞITHANE|ÇELİKTEPE,2023,0.27371044702227004,1745116.3421203804,0.075828173868641,0.3976075192252919,349.0,0.676416819012797,185.0,0.13585306574742317,7.0,0.014285714285714285,0.0,0.00030669609342241707,0.41527627831497016,18987.57960468926,0.18793956759572805,0.03881516164212091,0.2706247981917985,0.375,0.055507896309462054
KAĞITHANE,ŞİRİNTEPE,KAĞITHANE|ŞİRİNTEPE,2023,0.18758375799168608,1196163.1094232036,0.0519752534816044,0.4431785816006836,389.0,0.526508226691042,144.0,1.0,14.0,0.0,0.0,0.0004987310411689685,0.41527627831497,21163.80649347886,0.13124561813507826,0.14285714285714285,0.38979254116887313,0.25,0.08363803430438335
KÜÇÜKÇEKMECE,ATAKENT,KÜÇÜKÇEKMECE|ATAKENT,2023,0.8919105784743029,5371965.824276375,0.1389797688015023,0.5252064938763885,459.0,0.946983546617916,259.0,1.0,30.0,0.8285714285714286,0.0,0.0001243505346649112,0.3826041812861865,23698.337272645054,0.19919148097022282,0.06666666666666667,0.751029221827575,0.375,0.09077817890581982
KÜÇÜKÇEKMECE,ATATÜRK,KÜÇÜKÇEKMECE|ATATÜRK,2023,0.36223570885935485,2182046.2520866916,0.0564523851322236,1.0,872.75,0.906764168190128,248.0,0.45084056133256023,20.0,0.02857142857142857,0.0111731843575419,0.0005828903411012517,0.3826041812861865,45121.942605345335,0.10017348074881541,0.04508405613325602,0.779887794639974,0.375,0.08684998638714948
KÜÇÜKÇEKMECE,BEŞYOL,KÜÇÜKÇEKMECE|BEŞYOL,2023,0.02934623953291849,177249.16901535826,0.0045856673954792,0.06379948732554827,56.0,0.10968921389396709,30.0,0.11534335019311155,5.0,0.08571428571428572,0.0,0.0004578084367554774,0.3826041812861865,2878.756805353846,0.18993506493506493,0.04613734007724462,0.29625443978043264,0.1875,0.03294309828478084
KÜÇÜKÇEKMECE,CENNET,KÜÇÜKÇEKMECE|CENNET,2023,0.24781268938908949,1492943.8418051146,0.0386244061773514,0.5548276844203931,487.0,0.5118829981718465,140.0,0.14450286501991094,7.0,0.11428571428571428,0.0,0.00047267807928253874,0.3826041812861865,25034.902932273635,0.10192271793914504,0.04128653286283169,0.3526800129157249,0.3125,0.1087852689036011
KÜÇÜKÇEKMECE,CUMHURİYET,KÜÇÜKÇEKMECE|CUMHURİYET,2023,0.45480696183623126,2739548.3512663785,0.0708756922389441,0.6607804044431785,580.0,0.526508226691042,144.0,0.06648712097628683,3.0,0.07142857142857142,0.0,0.0003067813797303649,0.3826041812861865,29815.695484021984,0.08802507836990595,0.044324747317524546,0.5707388198256377,0.25,0.08786562340936802
KÜÇÜKÇEKMECE,FATİH,KÜÇÜKÇEKMECE|FATİH,2023,0.009201642296825518,55930.132218303304,0.0014469855354644,0.5855881515237824,510.0,0.2595978062157221,71.0,0.12447295343140753,6.0,0.014285714285714285,0.0,0.013316719305171735,0.3826041812861865,26422.874963426377,0.04897417757339934,0.041490984477135846,0.5643278057105956,0.4375,0.1860024640238803
KÜÇÜKÇEKMECE,FEVZİ ÇAKMAK,KÜÇÜKÇEKMECE|FEVZİ ÇAKMAK,2023,0.022577313427739793,136483.91639668684,0.0035310170925166,0.29507262888066077,259.0,0.979890310786106,268.0,0.2302906717160322,12.0,0.014285714285714285,0.002793296089385475,0.002749781973988549,0.3826041812861865,13314.25022476154,0.36686556686556687,0.0383817786193387,0.6054447852760737,0.3125,0.0825080437271074
KÜÇÜKÇEKMECE,GÜLTEPE,KÜÇÜKÇEKMECE|GÜLTEPE,2023,0.2518416088363081,1517207.649164525,0.0392521425493544,0.2677299914554258,235.0,0.40219378427787933,110.0,0.02292396725528332,2.0,0.07142857142857142,0.0,0.00022444131848700633,0.3826041812861864,12080.49730818132,0.1659574468085106,0.02292396725528332,0.2748051109368513,0.4375,0.10867592340502769
KÜÇÜKÇEKMECE,HALKALI MERKEZ,KÜÇÜKÇEKMECE|HALKALI MERKEZ,2023,0.675100082797709,4066243.987562308,0.1051990403081228,1.0,872.75,1.0,270.0,1.0,19.0,0.18571428571428572,0.0,0.000312793252954802,0.3826041812861865,45121.942605345335,0.11047357655161698,0.10526315789473685,0.7294021095683995,0.5625,0.08684998638714948
KÜÇÜKÇEKMECE,KANARYA,KÜÇÜKÇEKMECE|KANARYA,2023,0.5479159731291559,3300289.0518520884,0.0853827861919277,1.0,872.75,1.0,270.0,1.0,18.0,0.02857142857142857,0.0,0.00038538857178699114,0.3826041812861865,45121.942605345335,0.11047357655161698,0.11111111111111112,0.552349047465289,0.375,0.08684998638714948
KÜÇÜKÇEKMECE,KARTALTEPE,KÜÇÜKÇEKMECE|KARTALTEPE,2023,0.12959975416762695,781017.0025668035,0.0202059294488155,0.364568499003133,320.0,0.263254113345521,72.0,0.08730528193718946,5.0,0.02857142857142857,0.0,0.0005937032994265727,0.3826041812861865,16450.038887736267,0.07977272727272727,0.03492211277487579,0.43308040038747175,0.3125,0.11435845631326166
KÜÇÜKÇEKMECE,KEMALPAŞA,KÜÇÜKÇEKMECE|KEMALPAŞA,2023,0.12384659377053937,746369.1081595089,0.0193095431887943,0.26545143833665624,233.0,0.25594149908592323,70.0,0.06272484860947289,4.0,0.11428571428571428,0.0,0.00045235796094078996,0.3826041812861865,11977.68456513297,0.10651580179477173,0.031362424304736444,0.3936067161769454,0.3125,0.18951942246383813
KÜÇÜKÇEKMECE,MEHMET AKİF,KÜÇÜKÇEKMECE|MEHMET AKİF,2023,0.4519986684079793,2722635.6550349244,0.070438138708459,1.0,872.75,1.0,270.0,0.4008819253847713,17.0,0.05714285714285714,0.00558659217877095,0.0004671553029232641,0.3826041812861865,45121.942605345335,0.11047357655161698,0.04716257945703192,0.7066314175008072,0.1875,0.08684998638714948
KÜÇÜKÇEKMECE,SULTAN MURAT,KÜÇÜKÇEKMECE|SULTAN MURAT,2023,0.13314213037651618,802350.6467493363,0.0207578586741995,0.19139846197664484,168.0,0.42413162705667273,116.0,0.17564633116564757,10.0,0.02857142857142857,0.0,0.00030340661646582895,0.3826041812861864,8636.27041606154,0.24480519480519478,0.035129266233129515,0.4902930255085567,0.4375,0.12334944187312824
KÜÇÜKÇEKMECE,SÖĞÜTLÜ ÇEŞME,KÜÇÜKÇEKMECE|SÖĞÜTLÜ ÇEŞME,2023,0.2884945327904535,1737946.6084893364,0.0449629475946525,0.658501851324409,578.0,0.8117001828153565,222.0,0.18739772035996718,8.0,0.11428571428571428,0.002793296089385475,0.00048191603909324506,0.3826041812861865,29712.88274097363,0.13617489776659325,0.046849430089991796,0.8536991443332257,0.375,0.08684998638714948
KÜÇÜKÇEKMECE,TEVFİKBEY,KÜÇÜKÇEKMECE|TEVFİKBEY,2023,0.30262135839457804,1823024.1533618472,0.0471640147464849,0.7974935915693535,700.0,1.0,270.0,1.0,20.0,0.02857142857142857,0.002793296089385475,0.0005563980380723874,0.3826041812861864,35984.46006692308,0.138525974025974,0.1,0.5196056667742976,0.375,0.1316303460031487
KÜÇÜKÇEKMECE,YARIMBURGAZ,KÜÇÜKÇEKMECE|YARIMBURGAZ,2023,0.07672018642288289,462554.5309745341,0.0119668895662767,0.45457134719453146,399.0,0.32541133455210236,89.0,0.057370845625929964,3.0,0.0,0.00558659217877095,0.0012499421944623043,0.3826041812861865,20511.142238146156,0.07908407382091588,0.03824723041728664,0.6679346948659993,0.375,0.07868227606860878
KÜÇÜKÇEKMECE,SEYMEN MAHALLE,KÜÇÜKÇEKMECE|SEYMEN MAHALLE,2023,0.1739520114721774,1048124.509006421,0.0271163493406108,0.4226716035317573,371.0,0.3290676416819013,90.0,0.10450206534663456,5.0,0.02857142857142857,0.0,0.0005129098102312704,0.3826041812861865,19071.763835469235,0.08600833129135015,0.041800826138653824,0.4965288989344527,0.3125,0.10176040224525144
KÜÇÜKÇEKMECE,YEŞİLOVA,KÜÇÜKÇEKMECE|YEŞİLOVA,2023,0.2788063472552986,1679600.376809397,0.0434534544119759,0.4078610082597551,358.0,0.5484460694698354,150.0,0.06911081091630181,4.0,0.014285714285714285,0.0,0.0003088567063870852,0.3826041812861865,18403.481005654947,0.14855256475368203,0.03455540545815091,0.3475944462382951,0.3125,0.10154159111106546
KÜÇÜKÇEKMECE,İNÖNÜ,KÜÇÜKÇEKMECE|İNÖNÜ,2023,0.6016918047339803,3624149.192454396,0.0937614708182384,1.0,872.75,1.0,270.0,1.0,19.0,0.1,0.002793296089385475,0.00035094959303155803,0.3826041812861865,45121.942605345335,0.11047357655161698,0.10526315789473685,0.7523662011624151,0.25,0.09052137697422324
KÜÇÜKÇEKMECE,İSTASYON,KÜÇÜKÇEKMECE|İSTASYON,2023,0.3627563954828301,2185182.0407496663,0.0565335120786053,0.8043292509256622,706.0,0.6544789762340036,179.0,1.0,21.0,0.07142857142857142,0.002793296089385475,0.00046816296087653144,0.3826041812861865,36292.89829606814,0.08989183620911664,0.09523809523809525,0.7596464320309977,0.3125,0.13563319436198373
MALTEPE,ALTAYÇEŞME,MALTEPE|ALTAYÇEŞME,2023,0.27549443889614433,1887994.469310228,0.0690177819392959,0.1708914839077186,150.0,0.6288848263254113,170.0,1.0,5.0,0.12857142857142856,0.0,0.00013096447017076312,0.45964799283693447,8771.849787719815,0.40654545454545454,0.4,0.4784367936712948,0.375,0.07433588736338534
MALTEPE,ALTINTEPE,MALTEPE|ALTINTEPE,2023,0.23806475292992924,1631564.0605158857,0.0596436771288944,0.5628026203360866,494.0,0.6654478976234004,182.0,0.17615279090733404,13.0,0.05714285714285714,0.002793296089385475,0.0004990979288446273,0.45964799283693447,28888.625300890595,0.13062200956937797,0.027100429370359086,0.7423010171133354,0.25,0.13167172668141583
MALTEPE,AYDINEVLER,MALTEPE|AYDINEVLER,2023,0.18165988066886893,1245134.8378675354,0.0455173180440294,0.42039305041298775,368.0,0.946983546617916,258.0,0.12545921713890226,10.0,0.04285714285714286,0.00558659217877095,0.000488509406438061,0.45964799283693447,21578.75047779075,0.24885439763488543,0.025091843427780453,0.5725298676138199,0.5625,0.2005252958793101
MALTEPE,BAĞLARBAŞI,MALTEPE|BAĞLARBAŞI,2023,0.28586549213421764,1959046.4525907591,0.0716151678787801,0.6117915123896326,536.0,1.0,270.0,0.21933705181406835,9.0,0.08571428571428572,0.002793296089385475,0.00045184814184112996,0.4596479928369346,31403.222240036943,0.18057389537836466,0.04874156706979297,0.38015619954794966,0.375,0.08165433436067564
MALTEPE,BAŞIBÜYÜK,MALTEPE|BAŞIBÜYÜK,2023,0.21856888001160876,1497998.0277482057,0.0547610191159054,0.6072344061520935,533.0,0.21206581352833637,58.0,0.1718021874872076,11.0,0.14285714285714285,0.0,0.0005865147202461548,0.45964799283693447,31169.306245697742,0.03858093126385807,0.031236761361310473,0.601128972738595,0.4375,0.10870088535069311
MALTEPE,BÜYÜKBAKKALKÖY,MALTEPE|BÜYÜKBAKKALKÖY,2023,0.08714245473867506,597596.8865380586,0.0218458328523359,0.05468527485046995,48.0,0.03290676416819013,9.0,0.02439955484854283,2.0,0.1,0.002793296089385475,0.00013240240084432802,0.45964799283693447,2806.991932070341,0.06647727272727272,0.02439955484854283,0.5341484702938327,1.0,0.15090064375609286
MALTEPE,CEVİZLİ,MALTEPE|CEVİZLİ,2023,0.34548837844528096,2367522.257705578,0.086547464823057,0.5252064938763885,461.0,0.42778793418647165,116.0,0.10978371693850797,3.0,0.15714285714285714,0.01675977653631285,0.0003209739625165672,0.45964799283693447,26958.81834759223,0.08998225202129755,0.07318914462567197,0.49903384323538913,0.5,0.1288835776016808
MALTEPE,ESENKENT,MALTEPE|ESENKENT,2023,0.15567676457282356,1067124.766175408,0.0390099577149844,0.6926801481059527,608.0,0.27056672760511885,74.0,0.5961545235327661,21.0,0.05714285714285714,0.0,0.0009391853920186897,0.45964799283693447,35555.23113955765,0.04315191387559805,0.05677662128883487,0.44609702938327417,0.25,0.17122266535757064
MALTEPE,FEYZULLAH,MALTEPE|FEYZULLAH,2023,0.17207412528915178,1179462.9224568063,0.0431166065954363,0.17772714326402733,154.0,0.38391224862888484,103.0,0.07808238348331965,2.0,0.11428571428571428,0.0,0.00021802347346133228,0.45964799283693447,9122.723779228609,0.23863636363636365,0.07808238348331965,0.3292500807232806,0.25,0.10113466536871239
MALTEPE,FINDIKLI,MALTEPE|FINDIKLI,2023,0.4062209247735867,2783600.3326364215,0.1017576713740278,0.7735687838222729,679.0,0.7495429616087751,205.0,1.0,4.0,0.02857142857142857,0.0,0.0004020923805763917,0.45964799283693447,39707.240039078366,0.10704244209398847,0.5,0.7667702615434291,0.1875,0.09533769546698528
MALTEPE,GÜLENSU,MALTEPE|GÜLENSU,2023,0.11904944815753758,816191.3832480365,0.0298368029278845,0.6641982341213329,583.0,0.20840950639853748,57.0,0.10456680080233885,6.0,0.02857142857142857,0.0,0.0011774419321473003,0.45964799283693447,34093.256174937684,0.03466396382348352,0.03485560026744628,0.5798201888924767,0.25,0.0997534129360974
MALTEPE,GÜLSUYU,MALTEPE|GÜLSUYU,2023,0.012505014809693307,86256.52291257818,0.0031532051528716,0.4864710908573056,427.0,0.15356489945155394,42.0,0.286867556017589,12.0,0.02857142857142857,0.0,0.008160163803890341,0.45964799283693447,24970.532395709073,0.034873323397913554,0.04781125933626483,0.7520634888601873,0.25,0.10340161112089813
MALTEPE,GİRNE,MALTEPE|GİRNE,2023,0.16481012009935725,1129697.2946611426,0.0412973675546947,0.20506978068926232,180.0,0.3290676416819013,90.0,0.26262983980830684,10.0,0.08571428571428572,0.0,0.00026264755685659514,0.45964799283693447,10526.219745263776,0.17727272727272725,0.05252596796166137,0.5836494995156604,0.3125,0.1741651886371026
MALTEPE,KÜÇÜKYALI MERKEZ,MALTEPE|KÜÇÜKYALI MERKEZ,2023,0.2173482539926421,1489635.530950579,0.0544553185485422,0.42495015665052693,373.0,0.20475319926873858,56.0,0.0226193298166749,2.0,0.07142857142857142,0.0,0.000412754444303048,0.45964799283693447,21812.666472129946,0.05322934438215937,0.0226193298166749,0.5577978689053923,0.1875,0.13956826606183942
MALTEPE,YALI,MALTEPE|YALI,2023,0.010789309706110813,74502.24419703364,0.0027235141455989,0.14468812304186843,127.0,0.21572212065813529,59.0,0.1449388773539192,4.0,0.08571428571428572,0.002793296089385475,0.0028099417361162333,0.45964799283693447,7426.832820269445,0.16471009305654974,0.0724694386769596,0.4626251210849209,0.3125,0.08328362737783247
MALTEPE,ZÜMRÜTEVLER,MALTEPE|ZÜMRÜTEVLER,2023,0.7177793142301093,4918083.780981577,0.1797861378688181,1.0,872.75,0.5338208409506399,145.0,0.39896461350552964,16.0,0.12857142857142856,0.002793296089385475,0.0002941967456447662,0.45964799283693447,51329.94100780712,0.05897309753760905,0.04987057668819121,0.42808564740071037,0.5,0.11609114559699912
MALTEPE,ÇINAR,MALTEPE|ÇINAR,2023,0.17368740023729654,1190515.4531893334,0.0435206444082449,0.6300199373397892,553.0,0.226691042047532,62.0,0.24142326611317852,10.0,0.0,0.0,0.0007656901200062506,0.45964799283693447,32338.886217393723,0.03975012329442708,0.048284653222635705,0.4145140458508234,0.1875,0.18899897096079038
MALTEPE,İDEALTEPE,MALTEPE|İDEALTEPE,2023,0.2091196981724753,1433261.776314833,0.0523945119265976,0.3634292224437482,319.0,0.4460694698354662,122.0,0.2697773957116568,11.0,0.07142857142857142,0.0,0.00036688344317290926,0.45964799283693447,18654.800548550807,0.13559418637788542,0.0490504355839376,0.31441717791411045,0.3125,0.10855969968735989
PENDİK,AHMET YESEVİ,PENDİK|AHMET YESEVİ,2023,0.25856785571005436,1603856.9958716214,0.0416715945002626,0.6653375106807178,584.0,0.3180987202925046,87.0,0.07491796208977475,4.0,0.05714285714285714,0.0,0.0005432560545984738,0.3991914124118766,30910.582984259356,0.05281755915317558,0.037458981044887374,0.49846625766871167,0.25,0.11996421765003305
PENDİK,BAHÇELİEVLER,PENDİK|BAHÇELİEVLER,2023,0.10731265951362748,665953.6902533411,0.0173028843641444,0.26545143833665624,233.0,0.07678244972577697,21.0,0.05049365544934498,3.0,0.14285714285714285,0.008379888268156424,0.0005219985085756899,0.3991914124118766,12332.475745432244,0.0319547405384315,0.03366243696622999,0.48324415332810555,0.4375,0.08487870777862405
PENDİK,BALLICA,PENDİK|BALLICA,2023,0.05275153005044685,327631.00800096814,0.0085125460351338,0.10481344346340074,92.0,0.0,0.0,0.02038214862689434,1.0,0.0,0.0,0.0004189480760264987,0.3991914124118766,4869.475401629898,0.0,0.04076429725378868,0.14035760413303197,0.5,0.19867810532291422
PENDİK,BATI,PENDİK|BATI,2023,0.011318532175872576,70713.25148453852,0.0018372797258382,0.2927940757618912,257.0,0.3656307129798903,100.0,0.03924301404473791,3.0,0.04285714285714286,0.0,0.00542237672306394,0.3991914124118766,13602.773676292214,0.13795542978422354,0.0261620093631586,0.2182757507265095,0.3125,0.0859480693403917
PENDİK,DOĞU,PENDİK|DOĞU,2023,0.13037651617969664,808968.065635993,0.0210187000970897,0.3520364568499003,309.0,0.5374771480804388,147.0,0.08320790838790626,5.0,0.1,0.0,0.0005698813866850274,0.3991914124118766,16355.085859822157,0.16866725507502203,0.03328316335516251,0.39897481433645465,0.375,0.08955723076756643
PENDİK,DUMLUPINAR,PENDİK|DUMLUPINAR,2023,0.002202248341911859,14184.993561269705,0.0003685561126681,0.7086300199373398,622.0,0.6106032906764168,167.0,1.0,11.0,0.014285714285714285,0.002793296089385475,0.06542121606731444,0.3991914124118766,32921.88804145431,0.09519146448406897,0.18181818181818182,0.5453434198994419,0.4375,0.14426879405813767
PENDİK,EMİRLİ,PENDİK|EMİRLİ,2023,0.02082746493901138,129676.24710862228,0.0033692629702872,0.04671033893477642,41.0,0.12431444241316271,34.0,0.0741544645092624,3.0,0.0,0.0,0.00047171620325982743,0.3991914124118766,2170.0922985524544,0.29401330376940127,0.04943630967284161,0.06700032289312238,0.1875,0.36911244214538524
PENDİK,ERTUĞRUL GAZİ,PENDİK|ERTUĞRUL GAZİ,2023,0.10858450061031301,673840.1232407634,0.0175077905611129,0.6505269154087154,571.0,0.13893967093235832,38.0,0.10932866476458665,4.0,0.02857142857142857,0.0,0.0012642606247288367,0.3991914124118766,30222.504938376867,0.023594968953988202,0.05466433238229333,0.4505512246874856,0.4375,0.15177326851588774
PENDİK,ESENLER,PENDİK|ESENLER,2023,0.28471315288554283,1765978.7692976256,0.0458838608178095,0.37482198803759614,329.0,0.5118829981718465,140.0,0.32632762423733536,10.0,0.08571428571428572,0.027932960893854747,0.00027795071192434305,0.3991914124118766,17413.667468872136,0.1508704061895551,0.06526552484746707,0.7512310300290603,0.3125,0.08579458044538624
PENDİK,ESENYALI,PENDİK|ESENYALI,2023,0.11986035355475319,743759.4385185144,0.0193244421463167,0.4784961549416121,420.0,0.16087751371115175,44.0,0.08613813975052097,5.0,0.1,0.0,0.0008425082674705839,0.3991914124118766,22230.213790049533,0.037142857142857116,0.03445525590020839,0.6803963513077171,0.25,0.08128816459880986
PENDİK,FATİH,PENDİK|FATİH,2023,0.17998685479671883,1116591.8812259166,0.0290114169882364,0.582170321845628,511.0,0.13893967093235832,38.0,0.07062447818938739,4.0,0.04285714285714286,0.0,0.0006827847386062564,0.3991914124118766,27046.760111226933,0.02636541540651128,0.03531223909469369,0.5134807878592186,0.3125,0.11633582101503821
PENDİK,FEVZİ ÇAKMAK,PENDİK|FEVZİ ÇAKMAK,2023,0.32423412119194556,2011040.4117926955,0.0522510802269645,0.7393904870407292,649.0,0.38391224862888484,105.0,0.4993178977351158,19.0,0.11428571428571428,0.0,0.00048148334600720157,0.3991914124118766,34350.97321367178,0.057360974926460286,0.05255977870895956,0.6454633516306102,0.3125,0.1266675741900354
PENDİK,GÖÇBEYLİ,PENDİK|GÖÇBEYLİ,2023,0.012257475267385385,76535.4503343134,0.0019885527571572,0.22329820563941896,196.0,0.13893967093235832,38.0,0.18437990573375257,8.0,0.08571428571428572,0.00558659217877095,0.003820769166504219,0.3991914124118766,10374.099768689784,0.06873840445269014,0.04609497643343814,0.12158944139489829,0.25,0.08990753239644611
PENDİK,GÜLLÜ BAĞLAR,PENDİK|GÜLLÜ BAĞLAR,2023,0.1589630653931184,986227.5560714118,0.025624276296066,0.3417829678154372,300.0,0.5155393053016454,141.0,1.0,2.0,0.07142857142857142,0.002793296089385475,0.0004538386646769804,0.3991914124118766,15878.724135749666,0.1666363636363636,1.0,0.6054447852760737,0.3125,0.13078327592623584
PENDİK,GÜZELYALI,PENDİK|GÜZELYALI,2023,0.28911764956936653,1793290.174811115,0.0465934688556332,0.7917972087724295,695.0,0.2595978062157221,71.0,0.09409869681815713,6.0,0.04285714285714286,0.01675977653631285,0.0005782179990804769,0.3991914124118766,36785.71091448673,0.03621975147155001,0.03136623227271904,0.659256942202131,0.375,0.17819221344949632
PENDİK,HARMANDERE,PENDİK|HARMANDERE,2023,0.08167951311532783,507007.6616544869,0.0131731306091352,0.1936770150954144,170.0,0.04021937842778794,11.0,0.03405465766843832,2.0,0.07142857142857142,0.00558659217877095,0.0005002553824746668,0.3991914124118766,8997.943676924811,0.022941176470588208,0.03405465766843832,0.2280432676783984,0.1875,0.14422456904581082
PENDİK,KAVAKPINAR,PENDİK|KAVAKPINAR,2023,0.553037480901044,3429804.413321928,0.089113567540658,1.0,872.75,0.6179159049360147,169.0,1.0,8.0,0.11428571428571428,0.01675977653631285,0.0003818201590852598,0.3991914124118766,46458.5003671809,0.06826338002641048,0.25,0.4882605286221689,0.4375,0.08684998638714948
PENDİK,KAYNARCA,PENDİK|KAYNARCA,2023,0.4907258030097394,3043422.126018686,0.0790745390985777,0.5001424095699231,439.0,0.7312614259597806,200.0,0.09780765763321463,4.0,0.11428571428571428,0.00558659217877095,0.00021520863729209224,0.3991914124118766,23235.866318647015,0.1615241250776558,0.048903828816607306,0.660962221504682,0.3125,0.07577221350563182
PENDİK,KURNA,PENDİK|KURNA,2023,0.009739400612873763,60921.37160082623,0.0015828659913471,0.05696382796923953,50.0,0.08043875685557587,22.0,0.023495162452674096,2.0,0.0,0.0111731843575419,0.0012244969358421915,0.3991914124118766,2646.4540226249446,0.156,0.023495162452674096,0.20860758550458258,0.8125,0.15254900626191126
PENDİK,KURTDOĞMUŞ,PENDİK|KURTDOĞMUŞ,2023,0.05770232089660529,358329.8746634175,0.0093101674729977,0.06607804044431786,58.0,0.014625228519195612,4.0,0.0,0.0,0.0,0.0,0.00024149177678863524,0.3991914124118766,3069.886666244936,0.024451410658307204,0.0,0.1205467656872242,0.5625,0.25231418459025323
PENDİK,KURTKÖY,PENDİK|KURTKÖY,2023,0.32330371394671925,2005271.1420233732,0.0521011824050211,0.7986328681287382,701.0,0.8628884826325411,236.0,0.1537371873777285,8.0,0.14285714285714285,0.008379888268156424,0.0005215576081830798,0.3991914124118766,37103.285397201726,0.11936195046038124,0.03843429684443213,0.4434937035841137,0.3125,0.13886735470036293
PENDİK,ORHANGAZİ,PENDİK|ORHANGAZİ,2023,0.23995117495924134,1488418.6714047212,0.0386722628520192,0.783822272856736,688.0,0.39488117001828155,108.0,0.11578507447909378,6.0,0.08571428571428572,0.0,0.0006896372316277525,0.3991914124118766,36415.20735131924,0.055655391120507394,0.03859502482636459,0.6134363900548919,0.3125,0.15022482568836462
PENDİK,ORTA,PENDİK|ORTA,2023,0.02905602075917817,180699.8806648312,0.004694964808392,0.37140415835944174,326.0,0.31078610603290674,85.0,1.0,11.0,0.05714285714285714,0.0,0.0026916408157488117,0.3991914124118766,17254.880227514637,0.09244283324037925,0.18181818181818182,0.47636825960607043,0.25,0.027052076081977083
PENDİK,RAMAZANOĞLU,PENDİK|RAMAZANOĞLU,2023,0.0020229955698957774,13073.482871767228,0.0003396767157799,0.3338080318997437,293.0,0.14990859232175502,41.0,0.014527397853638846,1.0,0.04285714285714286,0.036312849162011177,0.03343749150884439,0.3991914124118768,15508.22057258218,0.04961216258144582,0.029054795707277693,0.45747901194704554,0.3125,0.1749732226263509
PENDİK,SANAYİ,PENDİK|SANAYİ,2023,0.02554778793543486,158946.02859885417,0.0041297537550092,0.097977784107092,86.0,0.09872029250457039,27.0,0.014814899436325538,1.0,0.05714285714285714,0.0335195530726257,0.0008072464448303376,0.3991914124118766,4551.900918914905,0.11131078224101479,0.029629798872651075,0.4821846602703077,0.875,0.0715128414556675
PENDİK,SAPAN BAĞLARI,PENDİK|SAPAN BAĞLARI,2023,0.10465801131853218,649492.7462326139,0.0168751942483243,0.16063799487325547,141.0,0.04021937842778794,11.0,0.012680533382075324,1.0,0.02857142857142857,0.0,0.00032389345972580084,0.3991914124118766,7463.000343802344,0.027659574468085094,0.025361066764150647,0.21532935098482398,0.375,0.11202202465334173
PENDİK,SÜLÜNTEPE,PENDİK|SÜLÜNTEPE,2023,0.21694706921717755,1345774.799585237,0.0349660735847032,0.7416690401594987,651.0,0.3692870201096892,101.0,0.25324891068315897,12.0,0.05714285714285714,0.0,0.0007217153925300793,0.3991914124118766,34456.83137457678,0.055006284038542096,0.0422081517805265,0.5180820148530836,0.3125,0.1314862631598114
PENDİK,VELİBABA,PENDİK|VELİBABA,2023,0.3534779305694263,2192375.4414229565,0.0569625475478641,0.9353460552549131,821.0,0.6654478976234004,182.0,1.0,18.0,0.08571428571428572,0.01675977653631285,0.0005587089128508398,0.3991914124118766,43454.77505150159,0.0785959472926586,0.11111111111111112,0.5568560972984609,0.5625,0.13368887806881508
PENDİK,YAYALAR,PENDİK|YAYALAR,2023,0.11322800099015817,702633.5430069228,0.0182559044614542,0.2688692680148106,236.0,0.17915904936014626,49.0,1.0,4.0,0.02857142857142857,0.002793296089385475,0.0005011185682326623,0.3991914124118766,12491.26298678974,0.07361325115562403,0.5,0.6082499192767193,0.375,0.09766463986447652
PENDİK,SEYMEN,PENDİK|SEYMEN,2023,0.13766612890835062,854169.5003424272,0.0221931289038756,0.19139846197664484,168.0,0.08775137111517367,24.0,0.027760086593191926,2.0,0.02857142857142857,0.0,0.0002934422152558345,0.3991914124118766,8892.085516019813,0.050649350649350625,0.027760086593191926,0.24564094284791732,0.3125,0.08480089414934015
PENDİK,ESENŞEHİR,PENDİK|ESENŞEHİR,2023,0.559422293923331,3469395.3655003975,0.0901422241536274,0.5274850469951581,463.0,0.5850091407678245,160.0,0.13680886571105708,6.0,0.32857142857142857,0.0,0.00019910610104670467,0.3991914124118766,24506.164249506983,0.12252110740231686,0.04560295523701903,0.2627542783338715,0.5625,0.1497115070646624
PENDİK,YEŞİLBAĞLAR,PENDİK|YEŞİLBAĞLAR,2023,0.05790718120748081,359600.1725942775,0.0093431724980128,0.1492452292794076,131.0,0.09506398537477148,26.0,0.016115320502385212,1.0,0.014285714285714285,0.00558659217877095,0.0005435115469038018,0.3991914124118766,6933.709539277355,0.0703678001387925,0.032230641004770424,0.42166382213201714,0.4375,0.09971759103305385
PENDİK,ÇAMLIK,PENDİK|ÇAMLIK,2023,0.17393493977960445,1079065.163185095,0.0280363935409166,0.27570492737111935,241.0,0.37294332723948814,102.0,0.11770048237434419,5.0,0.17142857142857143,0.002793296089385475,0.00033459932849694,0.3991914124118766,12808.837469504731,0.1494365138993238,0.04708019294973768,0.6292379722311914,0.3125,0.23924390338765508
PENDİK,ÇAMÇEŞME,PENDİK|ÇAMÇEŞME,2023,0.2724727493107304,1690078.4679287423,0.0439118105731597,0.582170321845628,510.0,0.7239488117001828,198.0,0.3592246596390617,13.0,0.08571428571428572,0.0111731843575419,0.00045109852011016206,0.3991914124118766,27046.760111226937,0.1373776908023483,0.05526533225216333,0.7103043267678398,0.3125,0.10180428867897653
PENDİK,ÇINARDERE,PENDİK|ÇINARDERE,2023,0.17567625242204638,1089862.6955974048,0.0283169362535446,0.5183708345200797,455.0,0.8409506398537477,230.0,1.0,17.0,0.11428571428571428,0.002793296089385475,0.0006228693776749405,0.3991914124118768,24082.731605887,0.1792207792207792,0.1176470588235294,0.5906926057474976,0.375,0.13822643512184365
PENDİK,ŞEYHLİ,PENDİK|ŞEYHLİ,2023,0.16463940317362766,1021425.3945723237,0.0265387905308583,0.5081173454856166,446.0,0.31444241316270566,86.0,0.11370782794458263,7.0,0.07142857142857142,0.0,0.0006514567354408184,0.3991914124118766,23606.369881814506,0.06836526701997553,0.03248795084130932,0.4626251210849209,0.3125,0.14544574522793963
SANCAKTEPE,ABDURRAHMANGAZİ,SANCAKTEPE|ABDURRAHMANGAZİ,2023,0.39552550937662717,2560489.2483849893,0.1121361689772809,0.4021646254628311,351.0,0.56672760511883,155.0,0.19774777733668814,7.0,0.17142857142857143,0.0446927374301676,0.0002146921175150452,0.42443084743056547,19501.859984031355,0.15567859902137518,0.05649936495333947,0.33465565754877996,0.4375,0.09769812176378713
SANCAKTEPE,AKPINAR,SANCAKTEPE|AKPINAR,2023,0.20751495907061707,1343639.480656166,0.0588444508964215,0.24836228994588436,218.0,0.1425959780621572,39.0,0.11633532585258022,4.0,0.0,0.002793296089385475,0.0002526609285371909,0.42443084743056547,12043.641576540613,0.06342785654712259,0.05816766292629011,0.37647319987084277,0.25,0.09015559745003057
SANCAKTEPE,ATATÜRK,SANCAKTEPE|ATATÜRK,2023,0.27099604790316933,1754504.4458154894,0.0768382086085504,0.391911136428368,344.0,0.3217550274223035,88.0,0.11406196896696491,4.0,0.05714285714285714,0.002793296089385475,0.0003053291861988164,0.42443084743056547,19004.645423531972,0.09069767441860464,0.057030984483482455,0.28005933161123664,0.5,0.11510082846727167
SANCAKTEPE,EMEK,SANCAKTEPE|EMEK,2023,0.1859960905824008,1204364.157654061,0.0527449130192833,0.2677299914554258,235.0,0.4606946983546618,126.0,0.019784297653625327,1.0,0.02857142857142857,0.019553072625698324,0.00030386059971676625,0.42443084743056547,12982.824635261666,0.19009671179883944,0.039568595307250654,0.3216822731675815,0.25,0.17187224740154708
SANCAKTEPE,EYÜP SULTAN,SANCAKTEPE|EYÜP SULTAN,2023,0.20139475728321085,1304028.0540030485,0.0571096755462001,0.35089718029051553,308.0,0.5484460694698354,150.0,0.2680066905997454,9.0,0.08571428571428572,0.04189944134078212,0.0003678138957223722,0.42443084743056547,17015.78718153444,0.17266824085005902,0.05955704235549898,0.3445783309360966,0.6875,0.1133738934813428
SANCAKTEPE,FATİH,SANCAKTEPE|FATİH,2023,0.3206234582127645,2075705.0518980909,0.0909051317413079,0.33039020222158927,290.0,0.8665447897623401,237.0,0.06557320866046158,2.0,0.08571428571428572,0.027932960893854747,0.00021756884499881036,0.42443084743056547,16021.358060535676,0.2897492163009404,0.06557320866046158,0.22178721343235389,0.375,0.12262602924187462
SANCAKTEPE,HİLAL,SANCAKTEPE|HİLAL,2023,0.05032734970508651,326283.24381215073,0.0142895163436645,0.14468812304186843,127.0,0.06581352833638025,18.0,0.01473683609268213,1.0,0.014285714285714285,0.0111731843575419,0.0006061404964124756,0.42443084743056564,7016.249909269073,0.05025053686471008,0.02947367218536426,0.2248143364546335,0.3125,0.11838551592703514
SANCAKTEPE,KEMAL TÜRKLER,SANCAKTEPE|KEMAL TÜRKLER,2023,0.1907505569639702,1235136.214342745,0.0540925697418402,0.24038735403019082,210.0,0.16453382084095064,45.0,0.08578209474414739,4.0,0.02857142857142857,0.00558659217877095,0.00026603081838848724,0.42443084743056547,11656.919140596645,0.07561395950021542,0.04289104737207369,0.31532531482079434,0.5,0.10928580987231609
SANCAKTEPE,MECLİS,SANCAKTEPE|MECLİS,2023,0.23283227915631696,1507499.3013718517,0.0660206624567515,0.2984904585588152,262.0,0.4351005484460695,119.0,0.0,0.0,0.1,0.0111731843575419,0.0002706503059819277,0.42443084743056547,14474.468316759818,0.16103400416377514,0.0,0.24351522979227214,0.5625,0.17681621180123766
SANCAKTEPE,MERVE,SANCAKTEPE|MERVE,2023,0.1806355791144913,1169669.6305436597,0.0512254724057003,0.2984904585588152,262.0,0.5082266910420475,139.0,0.0659463895227569,4.0,0.02857142857142857,0.10335195530726257,0.0003488208435352758,0.42443084743056547,14474.468316759816,0.18809854267869536,0.03297319476137845,0.3325799160477882,0.5,0.155513204465015
SANCAKTEPE,MEVLANA,SANCAKTEPE|MEVLANA,2023,0.18478400040972062,1196519.2168106264,0.0524013452372311,0.3292509256622045,288.0,0.5228519195612431,143.0,0.13155767786304454,5.0,0.014285714285714285,0.0,0.00037613393318091303,0.42443084743056547,15966.111998257968,0.17543252595155706,0.05262307114521781,0.2167420083952212,0.375,0.10615937574102212
SANCAKTEPE,OSMANGAZİ,SANCAKTEPE|OSMANGAZİ,2023,0.004284994835812996,28285.98388618712,0.0012387796085262,0.5149530048419254,452.0,0.9140767824497258,250.0,0.12534688208341543,5.0,0.12857142857142856,0.013966480446927373,0.024884647651006713,0.42443084743056547,24971.220149524568,0.19609814963797262,0.050138752833366176,0.28429730384242813,0.5,0.073974587916505
SANCAKTEPE,PAŞAKÖY,SANCAKTEPE|PAŞAKÖY,2023,0.014946266847626608,97288.31567104594,0.004260724395732,0.07747080603816577,68.0,0.263254113345521,72.0,0.12294405428639156,4.0,0.0,0.055865921787709494,0.0010884602631970094,0.42443084743056547,3756.732234884227,0.37540106951871655,0.06147202714319578,0.1981756538585728,0.375,0.08684998638714948
SANCAKTEPE,SAFA,SANCAKTEPE|SAFA,2023,0.20853926062499467,1350269.0081294912,0.0591347898671699,0.21190544004557108,186.0,0.7568555758683729,207.0,0.1585485549237502,6.0,0.02857142857142857,0.01675977653631285,0.00021451466879973113,0.42443084743056547,10275.767583653917,0.394574780058651,0.052849518307916725,0.3056385211494995,0.25,0.1049863617839091
SANCAKTEPE,SARIGAZİ,SANCAKTEPE|SARIGAZİ,2023,0.2012923271277731,1303365.101255716,0.0570806416491253,0.23696952435203647,208.0,0.20840950639853748,57.0,0.012452055303119013,1.0,0.08571428571428572,0.002793296089385475,0.0002485201444694027,0.42443084743056547,11491.18095376352,0.09715909090909089,0.024904110606238025,0.318568660916094,0.4375,0.09658317451674381
SANCAKTEPE,VEYSEL KARANİ,SANCAKTEPE|VEYSEL KARANİ,2023,0.02220173619113467,144247.46860709877,0.0063172921051994,0.27228709769296494,239.0,1.0,270.0,0.05472049991003675,1.0,0.05714285714285714,0.0,0.0025802040412400817,0.4244308474305653,13203.808884372502,0.40572461011791555,0.1094409998200735,0.3147198902163384,0.5,0.13923223523005718
SANCAKTEPE,SEYİTNİZAM,SANCAKTEPE|SEYİTNİZAM,2023,0.20969159987366948,1357727.226536982,0.0594614212092618,0.26089433209911705,229.0,0.6471663619744058,177.0,0.02684617427736667,2.0,0.014285714285714285,0.002793296089385475,0.0002626559878355705,0.42443084743056547,12651.348261595413,0.27403731639539497,0.02684617427736667,0.28429730384242813,0.5,0.09274347644727081
SANCAKTEPE,YUNUS EMRE,SANCAKTEPE|YUNUS EMRE,2023,0.23749285122873506,1537663.6513754807,0.0673417047736565,0.3133010538308174,275.0,0.9360146252285192,256.0,0.1706578931084347,7.0,0.04285714285714286,0.00558659217877095,0.0002785067313027339,0.42443084743056547,15192.667126370035,0.3300495867768594,0.048759398030981345,0.2137148853729416,0.375,0.11738898033505096
SANCAKTEPE,İNÖNÜ,SANCAKTEPE|İNÖNÜ,2023,0.20649919336252592,1337065.1992451183,0.0585565314170961,0.23696952435203647,208.0,0.2230347349177331,61.0,0.05705668826736504,3.0,0.04285714285714286,0.0,0.0002422563113925357,0.42443084743056547,11491.180953763518,0.10397727272727272,0.03803779217824336,0.25508556667742976,0.375,0.18130422945347366
SARIYER,AYAZAĞA,SARIYER|AYAZAĞA,2023,0.3165945387655459,2765514.4431615095,0.1106904278140281,1.0,872.75,1.0,270.0,0.6009773149827355,23.0,0.2,0.00558659217877095,0.0006668988223375966,0.6346279272010624,65429.38820714327,0.11047357655161698,0.05225889695502048,0.24237164998385533,0.375,0.08684998638714948
SARIYER,BAHÇEKÖY KEMER,SARIYER|BAHÇEKÖY KEMER,2023,0.019069080603996483,167272.62561871772,0.0066951299195331,0.05582455140985474,49.0,0.03290676416819013,9.0,0.01387052337663945,1.0,0.0,0.0,0.0006155116103793562,0.6346279272010624,3652.5662456850127,0.06512059369202226,0.0277410467532789,0.339794559250888,0.375,0.03435638748596653
SARIYER,BAHÇEKÖY MERKEZ,SARIYER|BAHÇEKÖY MERKEZ,2023,0.03060954478331754,268053.63713231235,0.010728915860357,0.05810310452862432,49.0,0.13893967093235832,38.0,0.01387052337663945,1.0,0.02857142857142857,0.0,0.000399773051339669,0.6346279272010624,3801.6505822435847,0.2641711229946524,0.0277410467532789,0.277183564740071,0.5,0.09414987748434524
SARIYER,BAHÇEKÖY YENİ,SARIYER|BAHÇEKÖY YENİ,2023,0.04234633342722764,370549.11851633055,0.0148313238992866,0.05924238108800912,52.0,0.16819012797074953,46.0,0.07430297526058402,3.0,0.014285714285714285,0.0,0.00029486457696248987,0.6346279272010624,3876.1927505228705,0.3136363636363636,0.04953531684038934,0.3491281885695835,0.375,0.09927533293556777
SARIYER,BALTALİMANI,SARIYER|BALTALİMANI,2023,0.04302920113014605,376512.49197867344,0.0150700094579152,0.3076046710338935,270.0,1.0,270.0,1.0,4.0,0.0,0.0,0.0015067785102026445,0.6346279272010624,20126.385435407217,0.35914141414141415,0.5,0.579492250565063,0.1875,0.08772161517487434
SARIYER,BÜYÜKDERE,SARIYER|BÜYÜKDERE,2023,0.07132553156982749,623619.7798245064,0.0249605422935892,0.42039305041298775,369.0,0.39488117001828155,108.0,1.0,12.0,0.0,0.0,0.001243287387267415,0.6346279272010623,27506.06009505652,0.10376940133037693,0.16666666666666666,0.37798676138198256,0.25,0.06603960642186983
SARIYER,CUMHURİYET,SARIYER|CUMHURİYET,2023,0.009090676295101277,80132.83090023242,0.0032073371940722,0.4534320706351467,396.0,0.43875685557586835,120.0,0.16058200982646137,7.0,0.0,0.0,0.010436085531449977,0.6346279272010624,29667.782975155817,0.1068981269986295,0.04588057423613182,0.3722352276396513,0.25,0.08343150080017
SARIYER,DARÜŞŞAFAKA,SARIYER|DARÜŞŞAFAKA,2023,0.07293880651797223,637708.2496292915,0.0255244369258493,0.1492452292794076,128.0,0.12431444241316271,34.0,0.16568659090714363,4.0,0.0,0.0,0.0004316326650688989,0.6346279272010624,9765.024044586462,0.09201943095072865,0.08284329545357182,0.4892638036809816,0.3125,0.08866081208567865
SARIYER,DEMİRCİKÖY,SARIYER|DEMİRCİKÖY,2023,0.014280470837281163,125454.4692140383,0.0050213474396498,0.04671033893477642,40.0,0.05850091407678245,16.0,0.0,0.0,0.0,0.0,0.000686693225185132,0.6346279272010624,3056.228899450725,0.13835920177383593,0.0,0.39342508879560867,0.25,0.10307196660314004
SARIYER,EMİRGAN,SARIYER|EMİRGAN,2023,0.06914889076677508,604611.5269132885,0.0241997320754604,0.40900028481913986,359.0,0.24862888482632542,68.0,1.0,9.0,0.0,0.0,0.0012476221288679967,0.6346279272010624,26760.638412263663,0.0671562420866042,0.22222222222222224,0.6542874152405553,0.25,0.07981763056576718
SARIYER,FATİH SULTAN MEHMET,SARIYER|FATİH SULTAN MEHMET,2023,0.1339957150051642,1170908.379331024,0.0468659094367319,1.0,872.75,0.9981718464351006,270.0,1.0,11.0,0.014285714285714285,0.0,0.0015751175393891542,0.6346279272010624,65429.38820714327,0.11027161388881694,0.18181818181818182,0.3505696757230499,0.4375,0.12037382644054699
SARIYER,FERAHEVLER,SARIYER|FERAHEVLER,2023,0.12994118801908616,1135500.8493983631,0.0454487139323744,0.6459698091711763,567.0,0.3802559414990859,104.0,1.0,8.0,0.02857142857142857,0.0,0.0010492056939257186,0.6346279272010624,42265.40941435515,0.065031265031265,0.25,0.6307515337423313,0.25,0.09002385208158241
SARIYER,GARİPÇE,SARIYER|GARİPÇE,2023,0.03235085742575948,283260.2394612867,0.01133756403486,0.05810310452862432,51.0,0.054844606946983544,15.0,1.0,5.0,0.0,0.0,0.0003783115506888026,0.6346279272010624,3801.6505822435847,0.10427807486631013,0.4,0.20180820148530834,0.125,0.07455543296029347
SARIYER,GÜMÜŞDERE,SARIYER|GÜMÜŞDERE,2023,0.022730958660896434,199251.2158105314,0.0079750812276791,0.11392765593847906,100.0,0.029250457038391225,8.0,0.013402143314779007,1.0,0.02857142857142857,0.00558659217877095,0.0010545424415670502,0.6346279272010624,7454.216827928597,0.02836363636363636,0.026804286629558013,0.18152647723603485,0.25,0.07527538428709135
SARIYER,HUZUR,SARIYER|HUZUR,2023,0.06994272447141772,611543.9485632621,0.0244772040373662,0.18570207917972087,163.0,0.08409506398537477,23.0,0.2384168753909117,9.0,0.02857142857142857,0.0,0.0005600476441349612,0.6346279272010624,12150.373429523614,0.05002788622420524,0.052981527864647035,0.4224476307717146,0.5,0.06768309283964064
SARIYER,KAZIM KARABEKİR PAŞA,SARIYER|KAZIM KARABEKİR PAŞA,2023,0.06715150273573874,587168.6595359356,0.0235015768164716,0.462546283110225,406.0,0.3656307129798903,100.0,0.2024810815390664,9.0,0.0,0.0,0.0014528748637823313,0.6346279272010624,30264.120321390103,0.08732646663681146,0.044995795897570315,0.2635615111398127,0.3125,0.10288111977706955
SARIYER,KISIRKAYA,SARIYER|KISIRKAYA,2023,0.031241197408517066,273569.7575849795,0.0109497000020885,0.1230418684135574,108.0,0.1316270566727605,36.0,0.05155227054850922,1.0,0.0,0.0,0.0008295082566794069,0.6346279272010624,8050.554174162885,0.11818181818181817,0.10310454109701844,0.15821762996448174,0.25,0.2384392142778528
SARIYER,KOCATAŞ,SARIYER|KOCATAŞ,2023,0.03814669705427945,333874.3717229219,0.0133634077137205,0.36912560524067217,324.0,0.21206581352833637,58.0,0.12288693476665248,6.0,0.014285714285714285,0.0,0.002039045748167062,0.6346279272010624,24151.662522488656,0.06346801346801345,0.040962311588884165,0.4940264772360349,0.375,0.12451146535390634
SARIYER,KUMKÖY (KİLYOS),SARIYER|KUMKÖY (KİLYOS),2023,0.03382755883332053,296156.0345736032,0.0118537215553944,0.26089433209911705,229.0,0.09506398537477148,26.0,0.09095521924851657,3.0,0.04285714285714286,0.0,0.0016247252849350567,0.6346279272010624,17070.15653595649,0.040254069075029764,0.060636812832344365,0.14691637068130448,0.1875,0.0659183990116778
SARIYER,KİREÇBURNU,SARIYER|KİREÇBURNU,2023,0.05623415533533072,491829.2263067288,0.0196855914478964,0.18911990885787525,164.0,0.3180987202925046,87.0,1.0,5.0,0.0,0.0,0.0007091837876436017,0.6346279272010624,12373.99993436147,0.18581599123767795,0.4,0.45427026154342914,0.125,0.061506968238394404
SARIYER,MADEN,SARIYER|MADEN,2023,0.1288059204629843,1125586.7410172182,0.0450518991911543,0.6345770435773284,555.0,1.0,270.0,1.0,21.0,0.0,0.0,0.0010397795457575893,0.6346279272010624,41519.98773156229,0.17409009303084708,0.09523809523809525,0.5051259283177268,0.25,0.12643785733732646
SARIYER,MASLAK,SARIYER|MASLAK,2023,0.1029337703686632,899649.4289627023,0.036008700088612,0.3030475647963543,266.0,0.08409506398537477,23.0,0.01907791959285206,1.0,0.04285714285714286,0.002793296089385475,0.0006212599699379574,0.6346279272010623,19828.216762290067,0.0306561859193438,0.03815583918570412,0.4427293550209881,0.5,0.06477226697124037
SARIYER,PINAR,SARIYER|PINAR,2023,0.09264807559345471,809826.1161861627,0.0324134988617682,0.6129307889490174,538.0,0.7605118829981719,208.0,1.0,17.0,0.02857142857142857,0.0,0.0013959039645748289,0.6346279272010623,40103.686534255845,0.1370733355863467,0.1176470588235294,0.28111882466903454,0.25,0.11550881810206612
SARIYER,POLİGON,SARIYER|POLİGON,2023,0.05383558252882982,470882.8770202495,0.0188472084232133,0.15038450583879237,132.0,0.3692870201096892,101.0,0.016107704566420005,1.0,0.014285714285714285,0.0,0.0005890146223092477,0.6346279272010624,9839.566212865748,0.27128099173553716,0.03221540913284001,0.5093639005489183,0.25,0.045627071955926406
SARIYER,PTT EVLERİ,SARIYER|PTT EVLERİ,2023,0.044232755456539735,387022.93770605273,0.0154906927549982,0.23583024779265166,207.0,0.12797074954296161,35.0,0.22372763889801212,10.0,0.014285714285714285,0.008379888268156424,0.0011238249862979702,0.6346279272010623,15430.228833812194,0.05994729907773385,0.044745527779602425,0.3656428263911312,0.5625,0.10587891598882829
SARIYER,REŞİTPAŞA,SARIYER|REŞİTPAŞA,2023,0.15072597372666513,1317011.0291584246,0.0527137056231334,0.5069780689262319,445.0,0.2595978062157221,71.0,0.1885839023865487,5.0,0.04285714285714286,0.0,0.0007099628798434359,0.6346279272010624,33171.26488428226,0.056567926455566894,0.07543356095461948,0.4519620802389409,0.5,0.10366413143364664
SARIYER,RUMELİFENERİ,SARIYER|RUMELİFENERİ,2023,0.038462523366879206,336632.43194925546,0.0134737997845862,0.11164910281970948,98.0,0.19744058500914077,54.0,1.0,5.0,0.014285714285714285,0.0,0.0006116953293584035,0.6346279272010624,7305.1324913700255,0.19536178107606675,0.4,0.3225904100742654,0.25,0.15173790725111175
SARIYER,RUMELİHİSARI,SARIYER|RUMELİHİSARI,2023,0.08223434312394902,718884.6708854339,0.0287735440926816,0.26545143833665624,233.0,0.2595978062157221,71.0,0.09190340327618525,4.0,0.05714285714285714,0.0,0.0006810229401596153,0.6346279272010624,17368.32520907363,0.10803745610612561,0.04595170163809262,0.4448105020988053,0.25,0.03066196048089442
SARIYER,RUMELİKAVAĞI,SARIYER|RUMELİKAVAĞI,2023,0.031147303099365788,272749.7937339074,0.010916880737777,0.293933352321276,257.0,0.2303473491773309,63.0,1.0,17.0,0.0,0.0,0.001987560322896013,0.6346279272010624,19231.87941605578,0.0865750528541226,0.1176470588235294,0.4313852114949952,0.3125,0.0772899866584376
SARIYER,SARIYER MERKEZ,SARIYER|SARIYER MERKEZ,2023,0.10007426186269237,874677.8025891415,0.0350092043118546,0.4226716035317573,371.0,0.8080438756855576,221.0,1.0,24.0,0.02857142857142857,0.0,0.0008912321561961283,0.6346279272010623,27655.144431615092,0.2111982357265376,0.08333333333333333,0.4427671940587666,0.25,0.09825336656265053
SARIYER,TARABYA,SARIYER|TARABYA,2023,0.1518527054364805,1326850.5953712903,0.0531075367948706,0.4272287097692965,372.0,0.3546617915904936,97.0,1.0,10.0,0.0,0.0,0.000593846617902119,0.6346279272010624,27953.31310473224,0.09170909090909088,0.2,0.5362447529867614,0.3125,0.08010033833748106
SARIYER,USKUMRUKÖY,SARIYER|USKUMRUKÖY,2023,0.008382201053323431,73945.8309330517,0.002959700926995,0.2927940757618912,257.0,0.19378427787934185,53.0,1.0,7.0,0.04285714285714286,0.0,0.007302717038319985,0.6346279272010624,19157.337247776497,0.07311637778563847,0.2857142857142857,0.2725217952857604,0.3125,0.06977648694387435
SARIYER,SEYMEN,SARIYER|SEYMEN,2023,0.02794636074193576,244796.48062917512,0.0097980421817053,0.15266305895756194,133.0,0.6361974405850092,174.0,1.0,18.0,0.0,0.0,0.0011501769817459475,0.6346279272010623,9988.65054942432,0.4603799185888738,0.11111111111111112,0.37401963700015295,0.0,0.10047644976858154
SARIYER,YENİKÖY,SARIYER|YENİKÖY,2023,0.12549401210383004,1096664.3797248553,0.0438942742318054,0.6983765309028767,580.0,0.3217550274223035,88.0,0.23761720211456464,11.0,0.0,0.0,0.0011744966442953021,0.6346279272010624,45694.349155202304,0.050897226753670435,0.04320312765719357,0.6143041653212786,0.1875,0.12536047477842946
SARIYER,ZEKERİYAKÖY,SARIYER|ZEKERİYAKÖY,2023,0.1922016508326718,1679211.424827475,0.0672108697403399,0.8669894616918257,760.0,0.829981718464351,227.0,1.0,26.0,0.08571428571428572,0.002793296089385475,0.0009522353935903316,0.6346279272010624,56726.590060536626,0.10575797395771115,0.07692307692307691,0.23419841782370035,0.5,0.0957709282654764
SARIYER,ÇAMLITEPE,SARIYER|ÇAMLITEPE,2023,0.048782361527233614,426753.9133989122,0.0170809352893614,0.6003987467957846,527.0,0.12431444241316271,34.0,0.2001410852137555,8.0,0.014285714285714285,0.0,0.0025947656868204336,0.6346279272010624,39283.72268318371,0.022873900293255107,0.050035271303438884,0.4287559389270723,0.4375,0.08382748064635125
SARIYER,ÇAYIRBAŞI,SARIYER|ÇAYIRBAŞI,2023,0.04101474140653675,358920.54026476195,0.0143658870599607,0.21988037596126458,193.0,0.10603290676416818,29.0,1.0,8.0,0.014285714285714285,0.0,0.0011298584540759792,0.6346279272010624,14386.638477902194,0.05327366933584548,0.25,0.38262835001614465,0.1875,0.10667029676014159
SARIYER,İSTİNYE,SARIYER|İSTİNYE,2023,0.13293727006564066,1161665.1504643925,0.0464959468208575,0.6995158074622615,614.0,0.3217550274223035,88.0,1.0,4.0,0.02857142857142857,0.0,0.0011105866626242025,0.6346279272010623,45768.89132348158,0.05081433224755697,0.5,0.4661192859449237,0.4375,0.10163728871981757
SULTANBEYLİ,ABDURRAHMANGAZİ,SULTANBEYLİ|ABDURRAHMANGAZİ,2023,0.2363234402874873,1381178.7612895684,0.0899463167022282,0.3292509256622045,287.0,0.2595978062157221,71.0,1.0,14.0,0.14285714285714285,0.002793296089385475,0.0002941330417689275,0.36585995554720185,14412.213388672924,0.08710286253538846,0.14285714285714285,0.24695557913187877,0.4375,0.12927199502745687
SULTANBEYLİ,ADİL,SULTANBEYLİ|ADİL,2023,0.28981758896485793,1693709.3540467075,0.1102992040062744,0.18570207917972087,163.0,0.6398537477148081,175.0,0.16765531035415054,4.0,0.08571428571428572,0.030726256983240222,0.00013528342232674447,0.36585995554720185,8128.687828213448,0.3806469604015616,0.08382765517707526,0.3087088887863831,0.4375,0.10412296813826055
SULTANBEYLİ,AHMET YESEVİ,SULTANBEYLİ|AHMET YESEVİ,2023,0.25399264210050104,1484408.109782831,0.096668907530276,0.16747365422956423,146.0,0.48628884826325414,133.0,0.0683815850476329,2.0,0.07142857142857142,0.036312849162011177,0.0001392066169815839,0.36585995554720185,7330.779820536053,0.3207792207792208,0.0683815850476329,0.2522602518566354,0.375,0.10740647971685272
SULTANBEYLİ,AKŞEMSETTİN,SULTANBEYLİ|AKŞEMSETTİN,2023,0.11566925302809147,676276.905757071,0.0440410889947615,0.13785246368555967,121.0,0.113345521023766,31.0,1.0,4.0,0.04285714285714286,0.0446927374301676,0.0002515108218445216,0.36585995554720185,6034.17930806029,0.09083395942900074,0.5,0.25653858572812394,0.3125,0.0888129823124458
SULTANBEYLİ,BATTALGAZİ,SULTANBEYLİ|BATTALGAZİ,2023,0.3267863392316031,1909693.077874882,0.1243646826904652,0.3543150099686699,311.0,0.8263254113345521,226.0,0.15148096634803496,7.0,0.2,0.01675977653631285,0.00022892471282760055,0.36585995554720185,15509.336899229338,0.25764396375328846,0.043280276099438554,0.1417500807232806,0.3125,0.05223330824298139
SULTANBEYLİ,FATİH,SULTANBEYLİ|FATİH,2023,0.01776309612216503,104276.60275333938,0.0067907910248541,0.21304471660495586,187.0,0.18281535648994515,50.0,1.0,3.0,0.1,0.0,0.0025208708462923558,0.36585995554720185,9325.549839729538,0.09479824987846376,0.6666666666666666,0.2671940587665483,0.375,0.10162566957183486
SULTANBEYLİ,HAMİDİYE,SULTANBEYLİ|HAMİDİYE,2023,0.2252780551927821,1316647.9511686591,0.0857438855275934,0.21304471660495586,187.0,0.1425959780621572,39.0,1.0,2.0,0.05714285714285714,0.01675977653631285,0.00019964930458288448,0.36585995554720185,9325.549839729538,0.07394263490520174,1.0,0.20241362608976426,0.375,0.09072175183096601
SULTANBEYLİ,HASANPAŞA,SULTANBEYLİ|HASANPAŞA,2023,0.23806475292992924,1391352.088387455,0.0906088328997749,0.23013386499572772,202.0,0.113345521023766,31.0,1.0,12.0,0.07142857142857142,0.002793296089385475,0.00020408457819152777,0.36585995554720185,10073.588596927097,0.054410441044104384,0.16666666666666666,0.33227720374556025,0.25,0.14353149373008123
SULTANBEYLİ,MECİDİYE,SULTANBEYLİ|MECİDİYE,2023,0.1859875547361143,1087099.791209969,0.0707950519133402,0.2779834804898889,244.0,0.14625228519195613,40.0,0.147139882847865,6.0,0.11428571428571428,0.0,0.000315512287214702,0.36585995554720185,12168.097117080251,0.05812220566318923,0.049046627615955,0.2296577332902809,0.3125,0.10078005380198174
SULTANBEYLİ,MEHMET AKİF,SULTANBEYLİ|MEHMET AKİF,2023,0.02332846790095004,136791.35406619316,0.0089082447542681,0.3657077755625178,321.0,0.5923217550274223,162.0,1.0,11.0,0.17142857142857143,0.0111731843575419,0.003298695642599711,0.36585995554720185,16008.02940402771,0.17892948173322,0.18181818181818182,0.23056587019696478,0.25,0.13594659907625364
SULTANBEYLİ,MİMAR SİNAN,SULTANBEYLİ|MİMAR SİNAN,2023,0.21406195317234727,1251119.756038153,0.0814765017845718,0.2551979493021931,224.0,0.2851919561243144,78.0,0.29623896522278037,9.0,0.22857142857142856,0.0335195530726257,0.0002516778523489933,0.36585995554720185,11170.71210748351,0.1234577922077922,0.06583088116061786,0.2635615111398127,0.4375,0.10702979004850736
SULTANBEYLİ,NECİP FAZIL,SULTANBEYLİ|NECİP FAZIL,2023,0.01879593352282912,110310.78206139966,0.007183754063595,0.3064653944745087,269.0,0.42047531992687387,115.0,0.08789551697449327,4.0,0.05714285714285714,0.0,0.003427916064905276,0.36585995554720185,13414.82837907618,0.15157147685028724,0.043947758487246635,0.36143848886018726,0.375,0.1141743493931666
SULTANBEYLİ,ORHANGAZİ,SULTANBEYLİ|ORHANGAZİ,2023,0.14023541864058112,819800.6086380421,0.0533877635856415,0.195955568214184,172.0,0.14625228519195613,40.0,1.0,2.0,0.1,0.019553072625698324,0.00029492804596696924,0.36585995554720185,8577.51108253198,0.08245243128964058,1.0,0.27760736196319014,0.3125,0.11886136068003753
SULTANBEYLİ,TURGUT REİS,SULTANBEYLİ|TURGUT REİS,2023,0.16884757539286233,986962.336246456,0.0642738140472919,0.20962688692680148,184.0,0.20840950639853748,57.0,0.07745406876618981,2.0,0.08571428571428572,0.0111731843575419,0.00026206746405982794,0.3658599555472017,9175.942088290023,0.10983201581027664,0.07745406876618981,0.21553115918630936,0.375,0.152177825358664
SULTANBEYLİ,YAVUZ SELİM,SULTANBEYLİ|YAVUZ SELİM,2023,0.17209973282801122,1005962.520679274,0.065511160475063,0.18570207917972087,163.0,0.2230347349177331,61.0,0.053734236202542,2.0,0.04285714285714286,0.00558659217877095,0.00022777269841776828,0.36585995554720185,8128.687828213448,0.13268265476854432,0.053734236202542,0.24370358411365836,0.3125,0.10901607906184607
SULTANGAZİ,50. YIL,SULTANGAZİ|50. YIL,2023,0.6042525586199243,3549896.3358966983,0.1455771682362133,1.0,872.75,0.7129798903107861,195.0,1.0,34.0,0.12857142857142856,0.0,0.00034946251848481404,0.3688068845056513,44010.190802730605,0.07876543849201208,0.0588235294117647,0.7259848240232483,0.3125,0.08684998638714948
SULTANGAZİ,75. YIL,SULTANGAZİ|75. YIL,2023,0.2708509385162992,1591486.717481597,0.0652650409178763,0.5263457704357732,462.0,0.7422303473491774,203.0,1.0,38.0,0.02857142857142857,0.0,0.00041028382193208495,0.3688068845056513,23164.577785088622,0.15578512396694214,0.052631578947368425,0.7465894413948982,0.375,0.05556804418934074
SULTANGAZİ,CEBECİ,SULTANGAZİ|CEBECİ,2023,0.5107508983978216,3000665.199407822,0.1230538306534523,1.0,872.75,0.6617915904936015,181.0,1.0,38.0,0.14285714285714285,0.00558659217877095,0.00041342690085761506,0.3688068845056513,44010.190802730605,0.07311048393361125,0.052631578947368425,0.7148382843612098,0.5625,0.08684998638714948
SULTANGAZİ,CUMHURİYET,SULTANGAZİ|CUMHURİYET,2023,0.01181361126048842,69894.8515853107,0.002866307521487,0.20962688692680148,184.0,0.13893967093235832,38.0,1.0,12.0,0.014285714285714285,0.0,0.0037206436020143863,0.3688068845056513,9225.719291030968,0.07322134387351775,0.16666666666666666,0.8824351907375801,0.4375,0.07000930739082811
SULTANGAZİ,ESENTEPE,SULTANGAZİ|ESENTEPE,2023,0.5223084342697156,3068554.459842908,0.1258378911872352,1.0,872.75,0.7568555758683729,207.0,1.0,25.0,0.05714285714285714,0.019553072625698324,0.00040428016844321627,0.3688068845056512,44010.1908027306,0.08361254239921284,0.08,0.7982523409751372,0.375,0.08684998638714948
SULTANGAZİ,ESKİ HABİPLER,SULTANGAZİ|ESKİ HABİPLER,2023,0.11337311037702832,666457.9392194761,0.0273306740140642,0.1697522073483338,149.0,0.6179159049360147,169.0,1.0,13.0,0.07142857142857142,0.002793296089385475,0.00031597953656334636,0.3688068845056512,7470.827034584858,0.40213544844417326,0.15384615384615383,0.3015821762996448,0.3125,0.09525273872924529
SULTANGAZİ,GAZİ,SULTANGAZİ|GAZİ,2023,0.2964670132220259,1741956.193527162,0.0714356211703746,0.8134434634007406,714.0,1.0,270.0,1.0,44.0,0.08571428571428572,0.0,0.0005793038540281015,0.3688068845056512,35799.80203150059,0.13580977845683725,0.045454545454545456,0.9041612851146269,0.3125,0.09679026362588412
SULTANGAZİ,HABİBLER,SULTANGAZİ|HABİBLER,2023,0.006649424257167977,39560.28543817083,0.0016223218324628,0.4260894332099117,374.0,0.32541133455210236,89.0,1.0,12.0,0.02857142857142857,0.00558659217877095,0.01336157399137469,0.3688068845056513,18752.277254595552,0.08437044239183274,0.16666666666666666,0.3914574588311269,0.375,0.07790987284589246
SULTANGAZİ,MALKOÇOĞLU,SULTANGAZİ|MALKOÇOĞLU,2023,0.11256220497981273,661694.6602376938,0.027135337418267,0.21760182284249502,191.0,0.39853747714808047,109.0,1.0,11.0,0.014285714285714285,0.0,0.00040796337178522886,0.3688068845056512,9576.697742320188,0.2023322227510709,0.18181818181818182,0.6191879237972232,0.3125,0.1544192262950771
SULTANGAZİ,SULTANÇİFTLİĞİ,SULTANGAZİ|SULTANÇİFTLİĞİ,2023,0.3200344848189974,1880392.1226713825,0.0771127194966484,0.5012816861293079,440.0,0.8080438756855576,221.0,1.0,16.0,0.07142857142857142,0.0,0.0003307117980897099,0.3688068845056513,22061.502652465355,0.17807851239669423,0.125,1.0,0.3125,0.09601063403853238
SULTANGAZİ,UĞUR MUMCU,SULTANGAZİ|UĞUR MUMCU,2023,0.3848813090573865,2261304.0218776986,0.0927334786363449,0.7690116775847337,675.0,1.0,270.0,1.0,30.0,0.08571428571428572,0.00558659217877095,0.0004218812779952083,0.3688068845056512,33844.350660032076,0.14365656565656565,0.06666666666666667,0.9430900871811431,0.3125,0.1012311362358679
SULTANGAZİ,YAYLA,SULTANGAZİ|YAYLA,2023,0.06753561581863034,397207.3273018875,0.0162890159147921,0.2631728852178866,231.0,0.10968921389396709,30.0,1.0,10.0,0.0,0.0,0.0008219400903778281,0.3688068845056512,11582.28889254431,0.04604486422668238,0.2,0.2663868259606071,0.1875,0.14411880944644004
SULTANGAZİ,YUNUS EMRE,SULTANGAZİ|YUNUS EMRE,2023,0.44511024045478986,2615090.300777234,0.1072418472673438,0.7917972087724295,695.0,0.8190127970749543,224.0,1.0,42.0,0.12857142857142856,0.0,0.00037561553851609856,0.3688068845056512,34847.14623514414,0.11427076520601696,0.04761904761904762,0.7143001291572489,0.375,0.10444707485985977
SULTANGAZİ,ZÜBEYDE HANIM,SULTANGAZİ|ZÜBEYDE HANIM,2023,0.02687084410983927,158341.4213101945,0.0064933996792367,1.0,872.75,1.0,270.0,1.0,44.0,0.02857142857142857,0.0,0.007834688508145927,0.3688068845056512,44010.1908027306,0.11047357655161698,0.045454545454545456,0.6044761059089442,0.3125,0.08684998638714948
SULTANGAZİ,İSMETPAŞA,SULTANGAZİ|İSMETPAŞA,2023,0.4565824178638191,2682478.1634247643,0.1100053460542007,1.0,872.75,0.7093235831809872,194.0,1.0,27.0,0.14285714285714285,0.0,0.0004624662861443894,0.3688068845056512,44010.19080273059,0.07836151316641206,0.07407407407407407,0.6717185986438489,0.375,0.09916970184085516
SİLİVRİ,AKÖREN,SİLİVRİ|AKÖREN,2023,0.012402584654255547,82120.01462367515,0.0059478556415187,0.4784961549416121,420.0,0.5740402193784278,150.0,0.2655296074270607,11.0,0.014285714285714285,0.002793296089385475,0.008092225683182942,0.434073377452308,23575.123815409133,0.13253246753246753,0.048278110441283766,0.1126594284791734,0.5,0.1386265335507647
SİLİVRİ,ALİBEY,SİLİVRİ|ALİBEY,2023,0.15070890203409218,991614.6126738515,0.0718214748893162,0.6197664483053261,544.0,1.0,260.0,0.06788464522590294,5.0,0.014285714285714285,0.0,0.0008680079354647042,0.434073377452308,30535.398465672777,0.17825033422459893,0.027153858090361176,0.35255892799483374,0.25,0.09763858045850705
SİLİVRİ,ALİPAŞA,SİLİVRİ|ALİPAŞA,2023,0.0007852978583561668,5725.387212313647,0.0004146830317395,0.10025633722586158,88.0,0.15356489945155394,41.0,0.02056302710606809,1.0,0.014285714285714285,0.12569832402234637,0.024318989340702726,0.4340733774523082,4939.549751800009,0.16921487603305785,0.04112605421213618,0.4045497659024863,0.5,0.06793979230679477
SİLİVRİ,BEKİRLİ,SİLİVRİ|BEKİRLİ,2023,0.019291012607444966,127417.9310975684,0.0092287302161636,0.03531757334092851,31.0,0.010968921389396709,3.0,0.09579324257041646,2.0,0.0,0.002793296089385475,0.00038494515566330607,0.434073377452308,1740.068662565912,0.0343108504398827,0.09579324257041646,0.1356151113981272,0.375,0.0832000408385516
SİLİVRİ,BEYCİLER,SİLİVRİ|BEYCİLER,2023,0.011745324490196581,77797.90859085014,0.0056348106077545,0.11392765593847906,100.0,0.003656307129798903,1.0,0.0,0.0,0.0,0.008379888268156424,0.002033760423022168,0.4340733774523082,5613.124717954556,0.003545454545454545,0.0,0.4323538908621246,0.3125,0.10128572608497478
SİLİVRİ,BÜYÜK KILIÇLI,SİLİVRİ|BÜYÜK KILIÇLI,2023,0.010661272011813612,70669.24019904785,0.0051184895780396,0.0843064653944745,74.0,0.12797074954296161,34.0,0.01770705111911419,2.0,0.014285714285714285,0.01675977653631285,0.001656795901722364,0.434073377452308,4153.712291286371,0.16769041769041765,0.01770705111911419,0.20887148853729418,0.375,0.1331285412674848
SİLİVRİ,BÜYÜK SİNEKLİ,SİLİVRİ|BÜYÜK SİNEKLİ,2023,0.03755772366051232,247538.80006179592,0.0179289428428554,0.06721731700370265,59.0,0.010968921389396709,3.0,0.015193792250594756,1.0,0.0,0.0,0.00037711728986896775,0.4340733774523082,3311.7435835931883,0.0180277349768875,0.030387584501189512,0.08344769131417501,0.25,0.06992270268350716
SİLİVRİ,BÜYÜK ÇAVUŞLU,SİLİVRİ|BÜYÜK ÇAVUŞLU,2023,0.027528104273898235,181584.58462582983,0.013151956938013,0.2779834804898889,244.0,0.15356489945155394,42.0,0.04500637358641088,2.0,0.0,0.008379888268156424,0.0021260749146810786,0.434073377452308,13696.024311809117,0.06102831594634873,0.04500637358641088,0.5434947126251211,0.25,0.1626110183148027
SİLİVRİ,CUMHURİYET,SİLİVRİ|CUMHURİYET,2023,0.07916997430710268,521178.63006208045,0.0377483524480528,0.8521788664198234,748.0,1.0,270.0,0.16628634586440397,9.0,0.0,0.0,0.002270820006288558,0.434073377452308,41986.17289030008,0.1296366067087992,0.03695252130320088,0.4027486277042299,0.3125,0.08972994342275548
SİLİVRİ,DANAMANDIRA,SİLİVRİ|DANAMANDIRA,2023,0.009457717685419921,62754.73434673193,0.0045452512694585,0.10367416690401594,91.0,0.03656307129798903,10.0,0.05619989547127887,4.0,0.0,0.0,0.0022943655376931487,0.434073377452308,5107.943493338646,0.038961038961038925,0.028099947735639435,0.045089718160431745,0.4375,0.21161176150285868
SİLİVRİ,DEĞİRMENKÖY FEVZİPAŞA,SİLİVRİ|DEĞİRMENKÖY FEVZİPAŞA,2023,0.029841318617534335,196796.15261148673,0.014253712836066,0.29051552264312164,255.0,0.2522851919561243,66.0,1.0,14.0,0.0,0.08379888268156424,0.00205017668656225,0.4340733774523082,14313.468030784115,0.09593582887700532,0.14285714285714285,0.7472957701000968,0.1875,0.12847489732435077
SİLİVRİ,DEĞİRMENKÖY İSMETPAŞA,SİLİVRİ|DEĞİRMENKÖY İSMETPAŞA,2023,0.028296330439681442,186636.39687198895,0.0135178537307243,0.14810595272002278,130.0,0.226691042047532,62.0,1.0,9.0,0.0,0.0,0.0011020840692334865,0.4340733774523082,7297.062133340923,0.16909090909090907,0.22222222222222224,0.6720717629964481,0.125,0.14259460931118978
SİLİVRİ,FATİH,SİLİVRİ|FATİH,2023,0.05792425290005378,381467.9558321916,0.0276292733696248,0.18798063229849046,165.0,1.0,270.0,0.1262074828474842,4.0,0.0,0.0,0.000684374148235638,0.4340733774523082,9261.655784625018,0.5876859504132231,0.0631037414237421,0.6276235066193089,0.1875,0.09852981214266268
SİLİVRİ,FENER,SİLİVRİ|FENER,2023,0.012761090198287708,84477.52700521606,0.0061186074781173,0.1948162916547992,171.0,0.051188299817184646,10.0,0.05539641422694917,2.0,0.0,0.01675977653631285,0.003202746995473701,0.434073377452308,9598.44326770229,0.02902711323763953,0.05539641422694917,0.12295164675492412,0.5,0.05292518128814847
SİLİVRİ,GAZİTEPE,SİLİVRİ|GAZİTEPE,2023,0.010652736165527131,70613.1089518683,0.0051144240581206,0.14240956992309883,125.0,0.113345521023766,27.0,0.14368415190365078,7.0,0.0,0.0,0.002800866401340148,0.434073377452308,7016.405897443194,0.08792727272727272,0.04105261482961451,0.18243461414271875,0.375,0.03891862597537359
SİLİVRİ,GÜMÜŞYAKA,SİLİVRİ|GÜMÜŞYAKA,2023,0.07588367348680784,499568.0998979555,0.0361831272792321,1.0,872.75,0.9981718464351006,266.0,0.5241210971898148,31.0,0.0,0.00558659217877095,0.002779993967272453,0.4340733774523082,49269.20221184612,0.11027161388881694,0.03381426433482676,0.6720717629964481,0.125,0.08684998638714948
SİLİVRİ,KADIKÖY,SİLİVRİ|KADIKÖY,2023,0.00115233924867481,8139.030841034106,0.0005895003882571,0.048988892053546,43.0,0.2449725776965265,66.0,1.0,8.0,0.0,0.0,0.008359176116639666,0.4340733774523082,2413.643628720459,0.552431289640592,0.25,0.26131279118040496,0.4375,0.05375714674652873
SİLİVRİ,KAVAKLI HÜRRİYET,SİLİVRİ|KAVAKLI HÜRRİYET,2023,0.014980410232772528,99071.6512718979,0.0071756426570611,0.2335516946738821,205.0,0.20475319926873858,54.0,0.2634028573087757,12.0,0.0,0.0,0.003273950985797669,0.434073377452308,11506.90567180684,0.09685144124168514,0.043900476218129286,0.3930618340329351,0.3125,0.19593515146222565
SİLİVRİ,KAVAKLI İSTİKLAL,SİLİVRİ|KAVAKLI İSTİKLAL,2023,0.016943654878662943,111981.83812319336,0.0081107122384346,0.15152378239817715,133.0,0.10968921389396709,30.0,1.0,13.0,0.014285714285714285,0.0,0.0018791946308724834,0.434073377452308,7465.455874879559,0.0799726589200273,0.15384615384615383,0.45990071036486924,0.3125,0.1528066494771064
SİLİVRİ,KURFALLI,SİLİVRİ|KURFALLI,2023,0.047032513038505204,309844.48443109146,0.0224416699529619,0.07405297636001139,65.0,0.003656307129798903,0.0,0.0,0.0,0.014285714285714285,0.0,0.0003319229646921506,0.434073377452308,3648.531066670461,0.005454545454545425,0.0,0.15385857281239912,0.3125,0.07549460023595608
SİLİVRİ,KÜÇÜK KILIÇLI,SİLİVRİ|KÜÇÜK KILIÇLI,2023,0.027400066579601035,180742.6159181367,0.0130909741392277,0.08202791227570493,72.0,0.010968921389396709,3.0,0.0,0.0,0.0,0.0,0.0006302888824044354,0.4340733774523082,4041.44979692728,0.014772727272727248,0.0,0.2886866322247336,0.25,0.07926568394850456
SİLİVRİ,KÜÇÜK SİNEKLİ,SİLİVRİ|KÜÇÜK SİNEKLİ,2023,0.012291618652531306,81390.30841034107,0.0058950038825715,0.012532042153232698,11.0,0.007312614259597806,2.0,0.015193792250594756,1.0,0.0,0.0,0.00021383938903031709,0.4340733774523082,617.4437189750012,0.06446280991735535,0.030387584501189512,0.06770665159832095,0.5,0.09852981214266268
SİLİVRİ,MİMAR SİNAN,SİLİVRİ|MİMAR SİNAN,2023,0.23622101013204955,1553937.446918539,0.1125498534380069,1.0,872.75,1.0,270.0,0.47407487797842585,14.0,0.02857142857142857,0.01675977653631285,0.0008937272904466421,0.434073377452308,49269.2022118461,0.11047357655161698,0.06772498256834655,0.36852700193735877,0.25,0.08684998638714948
SİLİVRİ,ORTAKÖY,SİLİVRİ|ORTAKÖY,2023,0.035970056251227026,237098.38808640043,0.0171727561379186,0.5707775562517802,501.0,0.6617915904936015,165.0,0.6439064420346353,22.0,0.0,0.00558659217877095,0.0033433114704087864,0.434073377452308,28121.75483695232,0.1280892759934676,0.05853694927587594,0.3712514126574104,0.25,0.13442231039134653
SİLİVRİ,PİRİ MEHMET PAŞA,SİLİVRİ|PİRİ MEHMET PAŞA,2023,0.06878184937645643,452866.9022445735,0.0328006147066117,0.3383651381372828,297.0,0.6215722120658135,166.0,0.009253362197730642,1.0,0.014285714285714285,0.0,0.0010376564304086407,0.434073377452308,16670.98041232503,0.20293847566574835,0.018506724395461284,0.46660578785921863,0.25,0.10296009087751251
SİLİVRİ,SAYALAR,SİLİVRİ|SAYALAR,2023,0.07887121968707587,519214.0364107964,0.0376060592508873,0.02962119054400456,26.0,0.007312614259597806,2.0,0.0,0.0,0.014285714285714285,0.002793296089385475,7.923090876111012e-05,0.434073377452308,1459.4124266681845,0.02727272727272726,0.0,0.10424835093869646,0.4375,0.030786822760686096
SİLİVRİ,SELİMPAŞA,SİLİVRİ|SELİMPAŞA,2023,0.2044591261000572,1345073.0761634505,0.0974220538193526,1.0,872.75,1.0,270.0,1.0,49.0,0.14285714285714285,0.00558659217877095,0.001032506209937188,0.4340733774523082,49269.20221184612,0.11047357655161698,0.04081632653061224,0.4361075234097514,0.375,0.08684998638714948
SİLİVRİ,SEMİZKUMLAR,SİLİVRİ|SEMİZKUMLAR,2023,0.23807328877621572,1566117.9275565003,0.1134320712604331,1.0,872.75,0.5155393053016454,139.0,0.05935670092885858,2.0,0.014285714285714285,0.00558659217877095,0.0008867763273260755,0.434073377452308,49269.20221184611,0.05695347090960873,0.05935670092885858,0.5232129883758476,0.25,0.08684998638714948
SİLİVRİ,SEYMEN,SİLİVRİ|SEYMEN,2023,0.008834600906506876,58657.153302625105,0.0042484683153705,0.7587581885502706,666.0,1.0,270.0,0.28595554768575504,15.0,0.014285714285714285,0.019553072625698324,0.01796474101666613,0.434073377452308,37383.410621577335,0.14559787059787058,0.03812740635810067,0.0826260436366991,0.4375,0.08478276058971353
SİLİVRİ,SEYMEN MAHALLE,SİLİVRİ|SEYMEN MAHALLE,2023,0.38564099937688323,2536514.928796484,0.1837167796203617,0.0,0.0,0.0,0.0,0.0,0.0,0.17142857142857143,0.0,0.0,0.434073377452308,0.0,0.0,0.0,0.43788595818534065,0.5,0.08684998638714948
SİLİVRİ,YOLÇATI,SİLİVRİ|YOLÇATI,2023,0.03422874360878509,225647.61366177312,0.0163433900744396,0.03417829678154372,30.0,0.010968921389396709,3.0,0.017478573040157874,1.0,0.0,0.002793296089385475,0.00021035760793348696,0.434073377452308,1683.9374153863666,0.035454545454545454,0.03495714608031575,0.3184533419438166,0.1875,0.1452491151647155
SİLİVRİ,ÇANTA BALABAN,SİLİVRİ|ÇANTA BALABAN,2023,0.0371821464239072,245069.02518589588,0.0177500599664188,1.0,872.75,0.9616087751371115,257.0,0.8860056224647263,50.0,0.0,0.11173184357541899,0.0056669597592132,0.434073377452308,49269.20221184611,0.10623236063281633,0.03544022489858905,0.4534125766871166,0.375,0.08684998638714948
SİLİVRİ,ÇANTA SANCAKTEPE,SİLİVRİ|ÇANTA SANCAKTEPE,2023,0.052981997900181814,348967.9637152347,0.0252753373365152,0.8419253773853603,739.0,0.9250457038391224,251.0,0.44492107510360046,26.0,0.02857142857142857,0.061452513966480445,0.0033506309286185417,0.434073377452308,41480.99166568417,0.12138024357239512,0.03422469808489234,0.5114223442040685,0.3125,0.09754642947196215
SİLİVRİ,ÇAYIRDERE,SİLİVRİ|ÇAYIRDERE,2023,0.012009935725077463,79537.97725341604,0.005760841725244,0.14127029336371405,124.0,0.113345521023766,28.0,1.0,4.0,0.014285714285714285,0.00558659217877095,0.0024666916114487077,0.434073377452308,6960.274650263647,0.08863636363636362,0.5,0.20353798606946813,0.4375,0.10052906159630909
SİLİVRİ,ÇELTİK,SİLİVRİ|ÇELTİK,2023,0.008860208445366316,58825.54704416374,0.0042606648751275,0.07861008259755055,69.0,0.09140767824497258,24.0,0.017478573040157874,1.0,0.014285714285714285,0.008379888268156424,0.0018558840104513552,0.434073377452308,3873.056055388643,0.1284584980237154,0.03495714608031575,0.5706847640573829,0.4375,0.08518143985064759
TUZLA,AKFIRAT,TUZLA|AKFIRAT,2023,0.02341382636381484,252713.35304873425,0.0094977540726838,0.21190544004557108,186.0,0.07312614259597806,20.0,0.16962402980115743,8.0,0.02857142857142857,0.01675977653631285,0.0019044507882797778,0.8225739315213815,17073.986075940633,0.038123167155425214,0.04240600745028936,0.27486277042299,0.1875,0.027372245732425245
TUZLA,ANADOLU,TUZLA|ANADOLU,2023,0.07153039188070301,770165.2858986125,0.0289452076534027,0.03987467957846767,35.0,0.03656307129798903,10.0,1.0,7.0,0.014285714285714285,0.03910614525139665,0.00011758965211061428,0.8225739315213815,3212.8468422468936,0.10129870129870129,0.2857142857142857,0.21361398127219888,0.25,0.14778820772026185
TUZLA,AYDINLI,TUZLA|AYDINLI,2023,0.56754841958806,6104409.000269097,0.2294226828309034,0.7929364853318143,690.0,0.9177330895795247,251.0,1.0,22.0,0.22857142857142856,0.5782122905027933,0.0002950194277640411,0.8225739315213815,63889.75434868108,0.1278605015673981,0.09090909090909091,0.33802873748789153,0.75,0.06266532867066386
TUZLA,AYDINTEPE,TUZLA|AYDINTEPE,2023,0.22967401603031934,2470862.81293599,0.0928627120866079,0.45457134719453146,397.0,0.2522851919561243,69.0,1.0,7.0,0.07142857142857142,0.00558659217877095,0.0004178392787372966,0.8225739315213815,36626.454001614584,0.0613123718386876,0.2857142857142857,0.5970639789658195,0.4375,0.09634577968431467
TUZLA,CAMİ,TUZLA|CAMİ,2023,0.04946522923015202,532873.5976926633,0.0200270477268179,0.12759897465109654,112.0,0.113345521023766,31.0,0.12053551453739375,5.0,0.014285714285714285,0.002793296089385475,0.0005438496089346721,0.8225739315213815,10281.10989519006,0.09813311688311688,0.0482142058149575,0.3791976105908944,0.125,0.11540067156729288
TUZLA,EVLİYA ÇELEBİ,TUZLA|EVLİYA ÇELEBİ,2023,0.1196384215513047,1287525.4231244265,0.0483892112689661,0.16291654799202507,143.0,0.17184643510054845,47.0,0.12056026632928069,6.0,0.11428571428571428,0.013966480446927373,0.0002873857467005188,0.8225739315213815,13126.774241180165,0.11652892561983468,0.040186755443093566,0.45850823377462063,0.25,0.061821788339621195
TUZLA,FATİH,TUZLA|FATİH,2023,0.009713793074014323,105381.3764256981,0.003960559998344,0.048988892053546,43.0,0.376599634369287,103.0,1.0,7.0,0.02857142857142857,0.008379888268156424,0.0010558192830250452,0.8225739315213814,3947.2118347604687,0.849260042283298,0.2857142857142857,0.16160800774943493,0.3125,0.17931527361829566
TUZLA,MESCİT,TUZLA|MESCİT,2023,0.04451443838399358,479632.13573542907,0.0180260679367138,0.0968385075477072,85.0,0.07312614259597806,20.0,1.0,10.0,0.04285714285714286,0.04748603351955307,0.00045855945538036675,0.8225739315213815,7802.628045456741,0.08342245989304811,0.2,0.35276073619631904,0.1875,0.10242308739450041
TUZLA,MİMAR SİNAN,TUZLA|MİMAR SİNAN,2023,0.23822693400937237,2562842.0282483147,0.0963195771722705,0.3634292224437482,319.0,0.3656307129798903,100.0,1.0,11.0,0.02857142857142857,0.0,0.0003220726497627005,0.8225739315213815,29282.80407647883,0.11114277571957822,0.18181818181818182,0.6044155634484986,0.125,0.08193954913257936
TUZLA,ORHANLI,TUZLA|ORHANLI,2023,0.01641443240890118,177440.9413160927,0.0066687826452952,0.14354884648248362,126.0,0.21572212065813529,59.0,1.0,23.0,0.02857142857142857,1.0,0.0018373915428603175,0.8225739315213815,11566.248632088817,0.16601731601731598,0.08695652173913043,0.20826606393283825,0.375,0.14952222214843985
TUZLA,ORTA,TUZLA|ORTA,2023,0.09605387826176026,1033894.1138350504,0.0388569575447288,0.17658786670464255,155.0,0.18647166361974407,51.0,1.0,4.0,0.05714285714285714,0.055865921787709494,0.0003879186288536379,0.8225739315213815,14228.321729950529,0.11665689149560114,0.5,0.374959638359703,0.25,0.14753927707756123
TUZLA,POSTANE,TUZLA|POSTANE,2023,0.18039657541846987,1940926.6752133805,0.0729460632447612,0.4727997721446881,415.0,0.3473491773308958,95.0,0.12963846199981152,6.0,0.22857142857142856,0.0111731843575419,0.0005532532433400117,0.8225739315213815,38095.183986641736,0.08116100766703176,0.043212820666603834,0.2142194058766548,0.25,0.11095660349881918
TUZLA,TEPEÖREN,TUZLA|TEPEÖREN,2023,0.06050207847857076,651565.33960767,0.024487852672688,0.4864710908573056,427.0,0.3217550274223035,88.0,1.0,28.0,0.2,0.19553072625698323,0.0016957229657281285,0.8225739315213815,39196.7314754121,0.07306791569086647,0.07142857142857142,0.20371096452788412,0.4375,0.11336453336087197
TUZLA,YAYLA,TUZLA|YAYLA,2023,0.21160362944184102,2276531.476792084,0.0855591358527278,0.30076901167758474,264.0,0.14990859232175502,41.0,0.06023824551683169,5.0,0.17142857142857143,0.030726256983240222,0.00030006494912318684,0.8225739315213814,24234.044752947993,0.055061983471074376,0.024095298206732677,0.463351630610268,0.3125,0.09539620035459816
TUZLA,İSTASYON,TUZLA|İSTASYON,2023,0.1885568444683448,2028683.291818753,0.0762442299332776,0.266590714896041,234.0,0.19012797074954296,52.0,0.07424775972483624,3.0,0.08571428571428572,0.12569832402234637,0.0002984603237268062,0.8225739315213815,21480.17603102209,0.07878787878787878,0.04949850648322415,0.42508879560865354,0.3125,0.10535268065330901
TUZLA,İÇMELER,TUZLA|İÇMELER,2023,0.09345044514438385,1005896.44849547,0.0378047181723464,0.5491313016234691,477.0,0.19378427787934185,53.0,0.02925281004237316,3.0,0.08571428571428572,0.00558659217877095,0.0012398774576754931,0.8225739315213814,44245.49079894293,0.03898528857035078,0.019501873361582107,0.4409509202453988,0.25,0.18011426667371014
TUZLA,ŞİFA,TUZLA|ŞİFA,2023,0.27202888530383346,2926352.6995425345,0.1099814391874642,0.37026488180005696,325.0,0.2230347349177331,61.0,1.0,11.0,0.02857142857142857,0.019553072625698324,0.0002873701755231769,0.8225739315213814,29833.577820864008,0.0665454545454545,0.18181818181818182,0.49039392960929934,0.1875,0.07697971110080029
ZEYTİNBURNU,BEŞTELSİZ,ZEYTİNBURNU|BEŞTELSİZ,2023,0.017489949040997668,122272.68321620049,0.0078346467179336,0.3816576473939049,335.0,0.7678244972577697,210.0,0.04432474731752455,3.0,0.11428571428571428,0.0,0.004586184079715507,0.4695118233964067,19893.80712842504,0.22225237449118046,0.02954983154501636,0.29141104294478526,0.4375,0.14953528975389466
ZEYTİNBURNU,GÖKALP,ZEYTİNBURNU|GÖKALP,2023,0.15903135216341024,1106986.4438237946,0.0709303785667809,0.23583024779265166,207.0,0.40585009140767825,111.0,0.06680889427081697,4.0,0.014285714285714285,0.0,0.0003130142872624355,0.4695118233964067,12292.591270399951,0.19011857707509883,0.03340444713540849,0.31401356151113985,0.375,0.05733418122881286
ZEYTİNBURNU,KAZLIÇEŞME,ZEYTİNBURNU|KAZLIÇEŞME,2023,0.04070745094022347,283798.5201992336,0.0181844471418189,0.18456280262033609,162.0,0.12431444241316271,34.0,0.06853961571891103,2.0,0.08571428571428572,0.013966480446927373,0.0009555226936639747,0.4695118233964065,9620.288820313002,0.07441077441077439,0.06853961571891103,0.3082764426403432,0.875,0.06561393955894365
ZEYTİNBURNU,MALTEPE,ZEYTİNBURNU|MALTEPE,2023,0.008476095362474713,59562.65238749349,0.0038164889063076,0.23469097123326688,206.0,0.6654478976234004,182.0,1.0,13.0,0.12857142857142856,0.06424581005586592,0.005789343379258198,0.4695118233964067,12233.20677150913,0.31323918799646955,0.15384615384615383,0.35397158540523094,0.75,0.06552966953184759
ZEYTİNBURNU,MERKEZEFENDİ,ZEYTİNBURNU|MERKEZEFENDİ,2023,0.20761738922605483,1445003.011510348,0.0925888579832348,0.4078610082597551,358.0,0.48628884826325414,133.0,0.3333361893093203,9.0,0.11428571428571428,0.0,0.00041471561943801565,0.4695118233964067,21259.650602913927,0.13171660741493144,0.0740747087354045,0.33419438165967064,0.375,0.15755745172321597
ZEYTİNBURNU,NURİPAŞA,ZEYTİNBURNU|NURİPAŞA,2023,0.22879482386281189,1592335.9532584748,0.1020292457963448,0.23696952435203647,208.0,0.40585009140767825,111.0,0.09863969863741384,5.0,0.014285714285714285,0.0,0.00021865768808540867,0.4695118233964067,12351.975769290771,0.18920454545454543,0.03945587945496554,0.29988698740716824,0.25,0.04480261366730194
ZEYTİNBURNU,SEYİTNİZAM,ZEYTİNBURNU|SEYİTNİZAM,2023,0.1885227010831989,1312159.8874915813,0.0840769081493263,0.45001424095699233,395.0,0.7824497257769653,214.0,0.12164363322033188,6.0,0.07142857142857142,0.0,0.0005039024342831039,0.4695118233964067,23456.877061874304,0.19208285385500573,0.04054787774011062,0.264442128746294,0.6875,0.07303233538174324
ZEYTİNBURNU,SÜMER,ZEYTİNBURNU|SÜMER,2023,0.35159150854011423,2446641.354301826,0.1567690358323789,0.3884933067502136,341.0,0.5411334552102377,148.0,0.09863969863741384,5.0,0.14285714285714285,0.0,0.00023330292565322213,0.4695118233964067,20250.11412176997,0.1538789656091709,0.03945587945496554,0.19434129803035194,0.375,0.07828054901218054
ZEYTİNBURNU,TELSIZ,ZEYTİNBURNU|TELSIZ,2023,0.2995228461925858,2084395.9110678176,0.1335580863523422,0.3907718598689832,343.0,0.9725776965265083,266.0,0.022847807895631213,2.0,0.014285714285714285,0.0,0.0002754545976022486,0.4695118233964067,20368.883119551607,0.27495361781076066,0.022847807895631213,0.3189578624475299,0.25,0.07277429893819766
ZEYTİNBURNU,VELIEFENDI,ZEYTİNBURNU|VELIEFENDI,2023,0.3165945387655459,2203164.9088494596,0.141168233722846,0.28595841640558245,251.0,0.41681901279707495,114.0,0.08350873785853208,4.0,0.02857142857142857,0.0,0.000190705331138407,0.4695118233964067,14905.509221596074,0.16102861282144149,0.04175436892926604,0.2916128511462705,0.375,0.0906951965124213
ZEYTİNBURNU,YEŞILTEPE,ZEYTİNBURNU|YEŞILTEPE,2023,0.20136061389806492,1401474.1738233762,0.0897997389719452,0.1572201651951011,138.0,0.42413162705667273,116.0,0.01922262237619106,1.0,0.02857142857142857,0.0,0.0001648276646570356,0.4695118233964068,8195.060846933302,0.2980237154150197,0.03844524475238212,0.3368178882789797,0.375,0.05959705962428534
ZEYTİNBURNU,ÇIRPICI,ZEYTİNBURNU|ÇIRPICI,2023,0.22254658438110847,1548866.500070394,0.0992439318587404,0.3053261179151239,268.0,0.5996343692870201,164.0,0.12441392992767715,6.0,0.014285714285714285,0.0,0.00028963892401301215,0.4695118233964068,15915.045702740035,0.2169606512890095,0.041471309975892386,0.35104536648369394,0.25,0.07580150256436671
ÇATALCA,AKALAN,ÇATALCA|AKALAN,2023,0.007135967495497341,48535.7555519215,0.0092232215862632,0.05582455140985474,49.0,0.014625228519195612,4.0,0.032474350955657164,2.0,0.0,0.0,0.001632633633204817,0.44757687813562524,2811.1726028890703,0.028942486085343194,0.032474350955657164,0.14949951566031644,0.3125,0.047391115591496766
ÇATALCA,ATATÜRK,ÇATALCA|ATATÜRK,2023,0.01178800372162898,79802.87940038157,0.0151648950667756,0.27228709769296494,239.0,0.1206581352833638,33.0,0.2354790280923318,6.0,0.08571428571428572,0.0111731843575419,0.004843215493657694,0.44757687813562524,13711.637797765055,0.048953974895397455,0.07849300936411059,0.1491362608976429,0.25,0.09928683788607556
ÇATALCA,AYDINLAR,ÇATALCA|AYDINLAR,2023,0.006820141182897578,46413.03338239303,0.0088198419187789,0.08658501851324409,76.0,0.03290676416819013,9.0,0.0472949623439566,2.0,0.0,0.0,0.0026480616553703723,0.44757687813562524,4360.186077950396,0.041985645933014334,0.0472949623439566,0.1446964804649661,0.375,0.11799618840185136
ÇATALCA,BAHŞAYİŞ,ÇATALCA|BAHŞAYİŞ,2023,0.036533422106134715,246121.02992641047,0.0467702371218315,0.06607804044431786,58.0,0.19378427787934185,53.0,1.0,6.0,0.0,0.0,0.00038109541465246164,0.44757687813562524,3327.510427909512,0.3239811912225706,0.3333333333333333,0.34771553115918635,0.25,0.07590014974135585
ÇATALCA,BAŞAK,ÇATALCA|BAŞAK,2023,0.03610662979181071,243252.48645407468,0.0462251294630689,0.07177442324124181,63.0,0.003656307129798903,1.0,0.0,0.0,0.0,0.0,0.0004188299354185134,0.44757687813562524,3614.3647751430904,0.005627705627705601,0.0,0.04076525670003229,0.25,0.07826187921397801
ÇATALCA,BELGRAT,ÇATALCA|BELGRAT,2023,0.004984934231304363,34078.29645134914,0.0064758789860997,0.05582455140985474,49.0,0.0,0.0,0.0,0.0,0.0,0.00558659217877095,0.0023252660836553455,0.44757687813562524,2811.1726028890703,0.0,0.0,0.09210526315789475,0.3125,0.06872611883549105
ÇATALCA,CELEPKÖY,ÇATALCA|CELEPKÖY,2023,0.0016559541795771343,11703.657367130008,0.0022240392477514,0.03417829678154372,30.0,0.0,0.0,0.0,0.0,0.0,0.0,0.004145282273983419,0.44757687813562524,1721.126083401472,0.0,0.0,0.03198659993542137,0.25,0.1544700302348575
ÇATALCA,DAĞYENİCE,ÇATALCA|DAĞYENİCE,2023,0.06828677029184059,459540.66426819295,0.0873262469337694,0.03759612645969809,33.0,0.051188299817184646,14.0,0.0,0.0,0.0,0.0,0.00011613000527863662,0.44757687813562524,1893.2386917416188,0.15041322314049585,0.0,0.1592266709719083,0.375,0.029349305744622932
ÇATALCA,ELBASAN,ÇATALCA|ELBASAN,2023,0.005659266087936288,38610.59513763968,0.0073371490869446,0.04329250925662204,38.0,0.06581352833638025,18.0,0.07916765435836215,1.0,0.0,0.0,0.0015915912921208254,0.44757687813562524,2180.093038975198,0.16794258373205737,0.1583353087167243,0.2141588634162092,0.3125,0.04791723386877213
ÇATALCA,FATİH,ÇATALCA|FATİH,2023,0.012129437573088184,82097.7141782502,0.0156009811937857,0.342922244374822,301.0,0.2303473491773309,63.0,0.2354790280923318,6.0,0.0,0.002793296089385475,0.005929115135142742,0.44757687813562524,17268.631703461433,0.07420718816067651,0.07849300936411059,0.13908621246367453,0.3125,0.1328122636657894
ÇATALCA,FERHATPAŞA,ÇATALCA|FERHATPAŞA,2023,0.19454900856145382,1308170.565124012,0.2485908967020986,0.7234406152093421,635.0,1.0,270.0,0.16942601546606195,9.0,0.11428571428571428,0.01675977653631285,0.0007849894245706694,0.44757687813562524,36430.50209866449,0.15270579813886898,0.037650225659124875,0.14697403016744315,0.4375,0.08328362737783247
ÇATALCA,GÖKÇEALİ,ÇATALCA|GÖKÇEALİ,2023,0.0016815617184365744,11875.769975470155,0.0022567457072771,0.15608088863571631,136.0,0.16087751371115175,44.0,0.1084128484647701,4.0,0.014285714285714285,0.0,0.01865577278474857,0.4475768781356254,7859.809114200056,0.1138686131386861,0.05420642423238505,0.22632789796577332,0.25,0.08946487275032407
ÇATALCA,GÜMÜŞPINAR,ÇATALCA|GÜMÜŞPINAR,2023,0.00939796676141456,63739.03595530117,0.012112292177705,0.07747080603816577,68.0,0.029250457038391225,8.0,0.043368947353890644,2.0,0.0,0.002793296089385475,0.0017252731984607858,0.44757687813562524,3901.2191223766695,0.041711229946524056,0.043368947353890644,0.06861478850500484,0.3125,0.20364824394228154
ÇATALCA,HALLAÇLI,ÇATALCA|HALLAÇLI,2023,0.009483325224279361,64312.744649768334,0.0122213137094576,0.15380233551694675,135.0,0.014625228519195612,4.0,0.021933895579805966,1.0,0.02857142857142857,0.00558659217877095,0.0033946200959114885,0.44757687813562524,7745.067375306624,0.010505050505050493,0.04386779115961193,0.14328382305456894,0.1875,0.05347905565711175
ÇATALCA,HİSARBEYLİ,ÇATALCA|HİSARBEYLİ,2023,0.030899763557057865,208256.25609157808,0.0395748160261651,0.02050697806892623,18.0,0.003656307129798903,1.0,0.0,0.0,0.0,0.0,0.00013977480725497812,0.44757687813562524,1032.675650040883,0.019696969696969675,0.0,0.04964481756538586,0.375,0.11020963789817588
ÇATALCA,KABAKÇA,ÇATALCA|KABAKÇA,2023,0.0140500029875462,95006.15980376126,0.0180539656582175,0.1822842495015665,157.0,0.2449725776965265,67.0,0.03988656063379819,2.0,0.0,0.0,0.0027234704795253387,0.4475768781356254,9179.339111474515,0.1484659090909091,0.03988656063379819,0.1705682918953826,0.3125,0.04057143150681414
ÇATALCA,KALEİÇİ,ÇATALCA|KALEİÇİ,2023,0.06389080945430335,429994.6665031344,0.0817116380485145,0.4773568783822273,418.0,0.5630712979890311,154.0,0.27790550337052766,13.0,0.02857142857142857,0.0223463687150838,0.001575815644434097,0.44757687813562524,24038.394298173887,0.1303102625298329,0.04275469282623502,0.23346325937543239,0.4375,0.07784571543025605
ÇATALCA,KALFA,ÇATALCA|KALFA,2023,0.0013828070984097719,9867.789544835105,0.0018751703461433,0.05924238108800912,52.0,0.04021937842778794,11.0,0.00868216700033986,1.0,0.0,0.0,0.008521929140003121,0.44757687813562524,2983.2852112292176,0.07499999999999998,0.01736433400067972,0.09511893230007534,0.5625,0.04322654079426884
ÇATALCA,KARACAKÖY MERKEZ,ÇATALCA|KARACAKÖY MERKEZ,2023,0.018992257987418163,128223.89321340964,0.0243663123466884,0.12873825121048135,113.0,0.043875685557586835,12.0,0.029974419975076844,2.0,0.0,0.00558659217877095,0.0014251610287824873,0.44757687813562524,6482.9082474788775,0.03765084473049073,0.029974419975076844,0.13085243784307396,0.3125,0.07735419308998429
ÇATALCA,KARAMANDERE,ÇATALCA|KARAMANDERE,2023,0.005206866234752845,35569.93905696375,0.0067593349686563,0.13899174024494446,122.0,0.007312614259597806,2.0,0.0329427310175176,2.0,0.0,0.00558659217877095,0.0055466551201558785,0.44757687813562524,6999.246072499318,0.00581222056631892,0.0329427310175176,0.12171917523871029,0.4375,0.1481690716035938
ÇATALCA,KESTANELİK,ÇATALCA|KESTANELİK,2023,0.020793321553865457,140329.14666666667,0.0266666666666666,0.44887496439760755,394.0,0.40950639853747717,112.0,1.0,26.0,0.0,0.0,0.004540490706646106,0.44757687813562524,22604.122562005996,0.10078449469312412,0.07692307692307691,0.12358734258960286,0.3125,0.16021087543004237
ÇATALCA,KIZILCAALİ,ÇATALCA|KIZILCAALİ,2023,0.01749848488728415,118183.9910602344,0.0224584355410193,0.02278553118769581,20.0,0.0,0.0,0.0,0.0,0.0,0.0,0.0002736691210008471,0.44757687813562524,1147.4173889343144,0.0,0.0,0.11462705844365516,0.25,0.0
ÇATALCA,MURATBEY MERKEZ,ÇATALCA|MURATBEY MERKEZ,2023,0.014195112374416362,95981.46458435542,0.0182393022621967,0.07063514668185703,62.0,0.06581352833638025,18.0,0.07893917627940583,3.0,0.0,0.0223463687150838,0.0010446210440594199,0.44757687813562524,3556.9939056963754,0.1029325513196481,0.052626117519603895,0.4821197933484017,0.375,0.061716184128450174
ÇATALCA,NAKKAŞ,ÇATALCA|NAKKAŞ,2023,0.008467559516188232,57485.61118560916,0.0109239574816026,0.07633152947878097,67.0,0.13528336380255943,37.0,1.0,10.0,0.014285714285714285,0.00558659217877095,0.0018848209621026408,0.44757687813562524,3843.848252929954,0.19579375848032565,0.2,0.19408903777849532,0.5,0.06321224378670609
ÇATALCA,OKLALI,ÇATALCA|OKLALI,2023,0.011916041415926183,80663.44244208232,0.0153284273644044,0.1583594417544859,139.0,0.3619744058500914,99.0,0.03518562415927206,2.0,0.0,0.0,0.002786714655312324,0.44757687813562524,7974.550853093487,0.2525179856115108,0.03518562415927206,0.1715369712625121,0.3125,0.13079388526927835
ÇATALCA,ORMANLI,ÇATALCA|ORMANLI,2023,0.011361211407304977,76934.33592804578,0.014619787408013,0.05012816861293079,44.0,0.014625228519195612,4.0,0.014622597053203975,1.0,0.0,0.0,0.0009248832635166585,0.44757687813562524,2524.3182556554916,0.03223140495867768,0.02924519410640795,0.06377139166935744,0.3125,0.011496271835451382
ÇATALCA,OVAYENİCE,ÇATALCA|OVAYENİCE,2023,0.010123513695765366,68615.55985827201,0.0130389751976015,0.16633437767017945,146.0,0.062157221206581355,17.0,0.09573041109870348,6.0,0.014285714285714285,0.0,0.0034410002020156677,0.44757687813562524,8376.146939220496,0.041282689912826874,0.03191013703290116,0.4416860786936666,0.4375,0.3963653689082494
ÇATALCA,SUBAŞI,ÇATALCA|SUBAŞI,2023,0.01737044719298695,117323.42801853364,0.0222949032433905,0.1936770150954144,170.0,0.4570383912248629,125.0,0.04391348677540319,3.0,0.05714285714285714,0.00558659217877095,0.0023432500287162996,0.44757687813562524,9753.047805941673,0.2606951871657754,0.029275657850268786,0.17032612205360023,0.375,0.10421188953723667
ÇATALCA,YALIKÖY,ÇATALCA|YALIKÖY,2023,0.014306078376140603,96727.28588716272,0.018381030253475,0.09228140131016804,81.0,0.04021937842778794,11.0,0.09470416372739138,4.0,0.014285714285714285,0.0111731843575419,0.0013542238887960067,0.44757687813562524,4647.040425183974,0.04814814814814812,0.04735208186369569,0.23692282854375202,0.125,0.009145360493032698
ÇATALCA,YAYLACIK,ÇATALCA|YAYLACIK,2023,0.0034911611311703498,24038.394298173887,0.0045680021804306,0.006835659356308744,6.0,0.0,0.0,0.0,0.0,0.0,0.0,0.00040364562476974587,0.44757687813562524,344.22521668029435,0.0,0.0,0.06417500807232805,0.1875,0.040130683365096655
ÇATALCA,YAZLIK,ÇATALCA|YAZLIK,2023,0.004771538074142361,32644.024715181247,0.0062033251567184,0.03303902022215893,29.0,0.007312614259597806,2.0,0.0,0.0,0.0,0.0,0.0014366426439886297,0.44757687813562524,1663.755213954756,0.024451410658307204,0.0,0.0772925411688731,0.375,0.07931461493197968
ÇATALCA,ÇAKIL,ÇATALCA|ÇAKIL,2023,0.022449275733442593,151459.0953393295,0.0287816843826655,0.20279122757049273,178.0,0.09872029250457039,27.0,0.09241938293782825,4.0,0.0,0.0223463687150838,0.0019005491153142162,0.44757687813562524,10212.0147615154,0.05377936670071499,0.04620969146891413,0.3493299967710688,0.375,0.08428299171560813
ÇATALCA,ÇANAKÇA,ÇATALCA|ÇANAKÇA,2023,0.017080228419246626,115372.81845734532,0.0219242300354319,0.23469097123326688,206.0,0.21937842778793418,60.0,0.010281513553034045,1.0,0.0,0.0,0.002887474594428629,0.44757687813562524,11818.399106023438,0.10326566637246247,0.02056302710606809,0.11281078463028738,0.375,0.09218594739220626
ÇATALCA,ÇİFTLİKKÖY,ÇATALCA|ÇİFTLİKKÖY,2023,0.0164058965626147,110840.51977105478,0.021062959934587,0.08316718883508972,73.0,0.029250457038391225,8.0,0.0,0.0,0.0,0.0,0.0010650714911000874,0.44757687813562524,4188.073469610248,0.03885429638854296,0.0,0.049039392960929934,0.375,0.07036082061466026
ÇATALCA,ÖRCÜNLÜ,ÇATALCA|ÖRCÜNLÜ,2023,0.003858202521488993,26505.341684382667,0.0050367947669664,0.08316718883508972,73.0,0.1206581352833638,33.0,0.03073030161962398,2.0,0.0,0.002793296089385475,0.0044539353264185485,0.44757687813562524,4188.073469610248,0.1602739726027397,0.03073030161962398,0.18073942525024214,0.3125,0.07663013885107542
ÇATALCA,ÖRENCİK,ÇATALCA|ÖRENCİK,2023,0.008740706597355595,59321.479007904054,0.0112728263832106,0.04215323269723725,37.0,0.029250457038391225,8.0,0.0,0.0,0.0,0.0,0.0010086586268222711,0.44757687813562524,2122.7221695284816,0.07665847665847665,0.0,0.03168388763319341,0.375,0.05824633147568858
ÇATALCA,İHSANİYE,ÇATALCA|İHSANİYE,2023,0.015501096856247813,104759.20760970292,0.0199073316980103,0.0968385075477072,85.0,0.09140767824497258,25.0,0.09790095284878844,6.0,0.0,0.0,0.0013121430199137,0.44757687813562524,4876.523902970837,0.10427807486631013,0.032633650949596145,0.13384928963513076,0.5,0.05490516380796807
ÇATALCA,İNCEĞİZ,ÇATALCA|İNCEĞİZ,2023,0.00936382337626864,63509.55247751431,0.012068683565004,0.17658786670464255,155.0,0.13528336380255943,37.0,0.17168414047974684,5.0,0.014285714285714285,0.0,0.0039468179916698504,0.44757687813562524,8892.484764240939,0.08463343108504397,0.06867365619189873,0.20526777065362797,0.4375,0.04305063980397496
ÇATALCA,İZZETTİN,ÇATALCA|İZZETTİN,2023,0.011292924637013136,76475.36897247206,0.014532570182611,0.13215608088863573,116.0,0.14625228519195613,40.0,0.026840462325392767,2.0,0.0,0.0,0.0024529622338470523,0.44757687813562524,6655.020855819024,0.12225705329153605,0.026840462325392767,0.31441717791411045,0.4375,0.07931461493197968
ÇEKMEKÖY,ALEMDAĞ,ÇEKMEKÖY|ALEMDAĞ,2023,0.23885005078828542,1553950.691606823,0.0985866383970866,0.1708914839077186,150.0,0.08043875685557587,22.0,0.025361066764150647,2.0,0.05714285714285714,0.00558659217877095,0.0001510498685146859,0.42735064791160016,8327.115023614726,0.05199999999999998,0.025361066764150647,0.13864223442040682,0.375,0.10481894908793901
ÇEKMEKÖY,AYDINLAR,ÇEKMEKÖY|AYDINLAR,2023,0.054279446535726784,353569.3039026813,0.022431348240606,0.23696952435203647,208.0,0.21206581352833637,58.0,0.05700528069959987,1.0,0.02857142857142857,0.00558659217877095,0.0009205663759337646,0.42735064791160016,11546.932832745752,0.09886363636363633,0.11401056139919974,0.22541976105908942,0.375,0.12780521955583216
ÇEKMEKÖY,CUMHURİYET,ÇEKMEKÖY|CUMHURİYET,2023,0.14680802028117076,955342.1496092388,0.060609369111727,0.19937339789233838,175.0,0.18281535648994515,50.0,0.05700528069959987,1.0,0.04285714285714286,0.0,0.00028664570318090937,0.42735064791160016,9714.967527550514,0.10129870129870129,0.11401056139919974,0.1596302873748789,0.375,0.12728015246392593
ÇEKMEKÖY,EKŞİOĞLU,ÇEKMEKÖY|EKŞİOĞLU,2023,0.08011745324490196,521610.4850792264,0.0330923140318314,0.18911990885787525,166.0,0.10237659963436929,28.0,0.07103764271550003,2.0,0.05714285714285714,0.0111731843575419,0.0004979985771469225,0.42735064791160016,9215.34062613363,0.05980284775465498,0.07103764271550005,0.21374371511601092,0.4375,0.033206486988864074
ÇEKMEKÖY,GÜNGÖREN,ÇEKMEKÖY|GÜNGÖREN,2023,0.09022389524809438,587339.1796656253,0.0372623118834372,0.195955568214184,172.0,0.28153564899451555,77.0,0.0733433673289675,2.0,0.0,0.0,0.000458253511120133,0.42735064791160016,9548.42522707822,0.15872093023255812,0.0733433673289675,0.17779302550855663,0.375,0.18376768946481226
ÇEKMEKÖY,HAMİDİYE,ÇEKMEKÖY|HAMİDİYE,2023,0.25282323115925326,1644827.273564538,0.1043520830618491,0.195955568214184,172.0,0.19744058500914077,54.0,0.02734311409909665,1.0,0.07142857142857142,0.0,0.0001636343497131529,0.42735064791160005,9548.425227078218,0.11131078224101479,0.0546862281981933,0.2151275427833387,0.3125,0.04473314258474127
ÇEKMEKÖY,HÜSEYİNLİ,ÇEKMEKÖY|HÜSEYİNLİ,2023,0.07605439041253745,495185.773404289,0.0314158621928412,0.07519225291939619,66.0,0.054844606946983544,15.0,0.09938796434599577,2.0,0.0,0.0111731843575419,0.0002085653233815873,0.42735064791160005,3663.930610390479,0.08057851239669418,0.09938796434599577,0.08899741685502098,0.375,0.08864688265722842
ÇEKMEKÖY,KOÇULLU,ÇEKMEKÖY|KOÇULLU,2023,0.013495172978924996,88322.93335047353,0.0056034346130953,0.04557106237539162,40.0,0.003656307129798903,1.0,0.09938796434599577,2.0,0.0,0.0,0.0007086843359669957,0.42735064791160016,2220.56400629726,0.008863636363636363,0.09938796434599577,0.08223684210526316,0.25,0.06945450121936386
ÇEKMEKÖY,KİRAZLIDERE,ÇEKMEKÖY|KİRAZLIDERE,2023,0.08972881616347853,584119.3618564943,0.0370580383400309,0.11278837937909428,99.0,0.1316270566727605,36.0,0.05700528069959987,1.0,0.04285714285714286,0.0,0.0002652161211600112,0.42735064791160016,5495.895915585719,0.1289256198347107,0.11401056139919974,0.22118178882789796,0.375,0.14263422880154092
ÇEKMEKÖY,MEHMET AKİF,ÇEKMEKÖY|MEHMET AKİF,2023,0.2740518808737292,1782890.8406560705,0.1131111917248083,0.3076046710338935,270.0,0.2961608775137112,81.0,0.02734311409909665,1.0,0.05714285714285714,0.0,0.00023697653054656736,0.42735064791160016,14988.807042506509,0.10636363636363635,0.0546862281981933,0.22190829835324505,0.3125,0.02414354622461717
ÇEKMEKÖY,SARIYER MERKEZ,ÇEKMEKÖY|SARIYER MERKEZ,2023,0.13530169948699564,880509.1425970211,0.0558617702063514,0.4716604955853033,414.0,0.8153564899451554,223.0,0.1218054718595926,5.0,0.3142857142857143,0.0335195530726257,0.0007357542814272821,0.42735064791160005,22982.837465176643,0.19097496706192355,0.04872218874383704,0.30312600904100745,0.625,0.08770252841309935
ÇEKMEKÖY,MİMAR SİNAN,ÇEKMEKÖY|MİMAR SİNAN,2023,0.22456957995100424,1461075.60204344,0.0926944032571064,0.23924807747080604,210.0,0.20840950639853748,57.0,0.02734311409909665,1.0,0.1,0.0,0.00022491215803215636,0.42735064791160016,11657.961033060616,0.09623376623376621,0.0546862281981933,0.31216845795470277,0.4375,0.06548999376033544
ÇEKMEKÖY,NİŞANTEPE,ÇEKMEKÖY|NİŞANTEPE,2023,0.10640785980726059,692593.9135641155,0.0439399435782385,0.21304471660495586,187.0,0.18647166361974407,51.0,0.016107704566420005,1.0,0.14285714285714285,0.055865921787709494,0.00042250247992924945,0.42735064791160016,10381.136729439691,0.09669421487603304,0.03221540913284001,0.19841782370035516,0.3125,0.0977784783221326
ÇEKMEKÖY,REŞADİYE,ÇEKMEKÖY|REŞADİYE,2023,0.023669901752409243,154495.74073813186,0.0098016081258606,0.08202791227570493,72.0,0.06946983546617916,19.0,0.0,0.0,0.0,0.0,0.0007292598639390161,0.42735064791160005,3997.015211335068,0.09356060606060605,0.0,0.1649983855343881,0.3125,0.1150426692452848
ÇEKMEKÖY,SIRAPINAR,ÇEKMEKÖY|SIRAPINAR,2023,0.01283791281486603,84048.3476383513,0.0053322438744351,0.08316718883508972,73.0,0.025594149908592323,7.0,0.09938796434599577,2.0,0.0,0.008379888268156424,0.0013591268961726348,0.42735064791160016,4052.5293114925,0.03399750933997509,0.09938796434599577,0.09444623829512432,0.1875,0.07036082061466026
ÇEKMEKÖY,SOĞUKPINAR,ÇEKMEKÖY|SOĞUKPINAR,2023,0.08110761141413365,528050.1206974884,0.0335008611186441,0.14810595272002278,130.0,0.06581352833638025,18.0,0.05700528069959987,1.0,0.0,0.002793296089385475,0.0003852428017453051,0.42735064791160005,7216.833020466095,0.049090909090909074,0.11401056139919974,0.2116679736150191,0.4375,0.14259460931118978
ÇEKMEKÖY,SULTANÇİFTLİĞİ,ÇEKMEKÖY|SULTANÇİFTLİĞİ,2023,0.1676098776813227,1090630.0116928993,0.0691923798924394,0.17544859014525777,154.0,0.6471663619744058,177.0,0.11864485843403028,4.0,0.08571428571428572,0.0,0.0002209579353209527,0.42735064791160005,8549.17142424445,0.4074970484061392,0.05932242921701514,0.2031704068453342,0.5,0.10948530761876422
ÇEKMEKÖY,TAŞDELEN,ÇEKMEKÖY|TAŞDELEN,2023,0.0394953607675433,257418.8824300099,0.0163313175995745,0.1093705497009399,96.0,0.29250457038391225,80.0,0.03340349514341283,1.0,0.05714285714285714,0.00558659217877095,0.0005835756455588476,0.42735064791160016,5329.353615113425,0.29545454545454547,0.06680699028682566,0.15559412334517275,0.375,0.13994010345766406
ÇEKMEKÖY,ÇAMLIK,ÇEKMEKÖY|ÇAMLIK,2023,0.18794226353571825,1222864.5982679012,0.0775816830026802,0.1583594417544859,139.0,0.16087751371115175,44.0,0.03610334444307992,2.0,0.02857142857142857,0.0,0.00017787002021831886,0.42735064791160016,7716.45992188298,0.1122302158273381,0.03610334444307992,0.21088957055214722,0.375,0.05549887514866667
ÇEKMEKÖY,ÇATALMEŞE,ÇEKMEKÖY|ÇATALMEŞE,2023,0.078606608452195,511784.48935136106,0.0324689275286775,0.39874679578467676,350.0,0.09506398537477148,26.0,0.025361066764150647,2.0,0.02857142857142857,0.01675977653631285,0.0010701563957132595,0.42735064791160016,19429.93505510103,0.026337662337662306,0.025361066764150647,0.16548272521795285,0.3125,0.08174405163064098
ÇEKMEKÖY,ÖMERLİ,ÇEKMEKÖY|ÖMERLİ,2023,0.04783488258943433,311656.1582838205,0.0197722702186783,0.18798063229849046,165.0,0.15356489945155394,42.0,0.14753019956608204,5.0,0.02857142857142857,0.03910614525139665,0.000828465748380726,0.42735064791160016,9159.8265259762,0.0902479338842975,0.05901207982643282,0.11196319018404909,0.625,0.08209656892851039
ÜMRANİYE,ADEM YAVUZ,ÜMRANİYE|ADEM YAVUZ,2023,0.14302664037626012,968928.5259976016,0.0252894195017836,0.3440615209342068,302.0,0.17915904936014626,49.0,1.0,10.0,0.014285714285714285,0.0,0.0005077389763719641,0.45215646205811627,17452.965218375026,0.057525586995785645,0.2,0.521896189861156,0.3125,0.12682094563935023
ÜMRANİYE,ALTINŞEHİR,ÜMRANİYE|ALTINŞEHİR,2023,0.2420168497605695,1639133.948638314,0.0427820473177317,0.3771005411563657,331.0,0.19378427787934185,53.0,1.0,6.0,0.014285714285714285,0.0,0.00032895678673912777,0.45215646205811627,19128.912209543487,0.056770118099423214,0.3333333333333333,0.5020382628350016,0.3125,0.08342481754389047
ÜMRANİYE,ARMAĞANEVLER,ÜMRANİYE|ARMAĞANEVLER,2023,0.35671301631200225,2415675.318304888,0.0630500856002956,0.6471090857305611,568.0,0.39853747714808047,109.0,0.17717332632667224,5.0,0.014285714285714285,0.00558659217877095,0.00038303201567065927,0.45215646205811627,32825.44451667886,0.06803777208706785,0.07086933053066889,0.2643687439457539,0.375,0.10090263670443361
ÜMRANİYE,ATAKENT,ÜMRANİYE|ATAKENT,2023,0.1700596655655425,1151953.4956883094,0.0300664439299208,0.27114782113358016,237.0,0.24862888482632542,68.0,0.1140486410790258,4.0,0.12857142857142856,0.0,0.0003365637301065954,0.45215646205811627,13754.323582692905,0.10129870129870129,0.0570243205395129,0.3552833387148854,0.25,0.079063435883474
ÜMRANİYE,ATATÜRK,ÜMRANİYE|ATATÜRK,2023,0.2056626804264509,1393000.9060387802,0.036357877112668,0.3827969239532897,336.0,0.4351005484460695,119.0,0.24538164883109662,7.0,0.05714285714285714,0.0,0.0003929281836872435,0.45215646205811627,19417.868587331155,0.12556818181818183,0.07010904252317046,0.5278293509848241,0.4375,0.05426678148979505
ÜMRANİYE,AŞAĞI DUDULLU,ÜMRANİYE|AŞAĞI DUDULLU,2023,0.01275255435200123,86918.07843852995,0.0022685963814077,0.4420393050412988,385.0,0.42413162705667273,116.0,1.0,17.0,0.02857142857142857,0.5446927374301676,0.007271883478509211,0.45215646205811644,22423.014916322885,0.10599812558575442,0.1176470588235294,0.3945753955440749,0.625,0.05873612008718619
ÜMRANİYE,CEMİL MERİÇ,ÜMRANİYE|CEMİL MERİÇ,2023,0.18529615118690942,1255110.922558506,0.032758893757589,1.0,872.75,0.33638025594149906,92.0,1.0,16.0,0.0,0.0,0.0011392368684374635,0.45215646205811627,50726.29212062476,0.0371611299552057,0.125,0.3445370519857927,0.5,0.08684998638714948
ÜMRANİYE,DUMLUPINAR,ÜMRANİYE|DUMLUPINAR,2023,0.1025496572857716,694882.2973037792,0.0181367040492333,0.6721731700370265,590.0,0.2376599634369287,65.0,0.290957313630907,9.0,0.02857142857142857,0.0,0.0013831397607469626,0.45215646205811627,34096.852578944585,0.039060092449922944,0.06465718080686822,0.8207337746206005,0.3125,0.14811625585405336
ÜMRANİYE,ELMALIKENT,ÜMRANİYE|ELMALIKENT,2023,0.18732768260309168,1268865.246141199,0.0331178870679447,0.5365992594702363,471.0,0.226691042047532,62.0,0.25017397653720524,8.0,0.07142857142857142,0.0,0.0006046871045324329,0.45215646205811627,27219.690787598134,0.04667052692530399,0.06254349413430131,0.5843500622722451,0.4375,0.06776394785238546
ÜMRANİYE,ESENEVLER,ÜMRANİYE|ESENEVLER,2023,0.22311848608230264,1511184.0645539358,0.039442504506271,0.27456565081173456,241.0,0.3656307129798903,100.0,0.18574315827152524,5.0,0.05714285714285714,0.0,0.000259791525129222,0.45215646205811627,13927.697409365504,0.14711429649188984,0.0742972633086101,0.5030573942525025,0.375,0.03581897198806141
ÜMRANİYE,ESENKENT,ÜMRANİYE|ESENKENT,2023,0.1829146500729815,1238987.1566779544,0.0323380570618358,0.3759612645969809,330.0,0.31078610603290674,85.0,1.0,5.0,0.02857142857142857,0.013966480446927373,0.00043388280343387256,0.45215646205811627,19071.120933985956,0.09132231404958675,0.4,0.41688529221827575,0.5,0.11716403796634406
ÜMRANİYE,ESENŞEHİR,ÜMRANİYE|ESENŞEHİR,2023,0.17687980674844006,1198128.7248587783,0.0312716357575437,0.5924238108800911,520.0,0.2449725776965265,67.0,1.0,11.0,0.02857142857142857,0.008379888268156424,0.0007070093633419531,0.45215646205811627,30051.46328991726,0.045681818181818164,0.18181818181818182,0.38827897965773334,0.5,0.06554715953747131
ÜMRANİYE,FATİH SULTAN MEHMET,ÜMRANİYE|FATİH SULTAN MEHMET,2023,0.03967461353955938,269191.76154698967,0.0070260119312482,0.05582455140985474,49.0,0.043875685557586835,12.0,0.06666038351949537,2.0,0.02857142857142857,0.0,0.0002965238414966241,0.45215646205811627,2831.772502319127,0.08682745825602965,0.06666038351949537,0.556250672694005,0.5625,0.047391115591496766
ÜMRANİYE,FİNANSKENT,ÜMRANİYE|FİNANSKENT,2023,0.06916596245934803,468860.61859826685,0.012237448432421,0.027342637425234975,24.0,0.007312614259597806,2.0,0.03318263300042173,2.0,0.05714285714285714,0.0,8.338593209837224e-05,0.45215646205811627,1386.9906133807967,0.02954545454545453,0.03318263300042173,0.5642759121730707,0.625,0.11758636995428949
ÜMRANİYE,HEKİMBAŞI,ÜMRANİYE|HEKİMBAŞI,2023,0.06269579097419614,425054.8317256567,0.0110940999901955,0.49444602677299915,434.0,0.09506398537477148,26.0,0.2514401258914215,9.0,0.0,0.002793296089385475,0.0016632980349394787,0.45215646205811627,25081.41359196941,0.021240050272308304,0.055875583531427,0.7725419761059089,0.3125,0.09459827374338674
ÜMRANİYE,HUZUR,ÜMRANİYE|HUZUR,2023,0.010217408004916648,69754.06959794258,0.0018206089310898,0.2825405867274281,248.0,0.12431444241316271,34.0,1.0,10.0,0.0,0.0,0.005791718332100777,0.45215646205811627,14332.236338268234,0.04860703812316712,0.2,0.3894898288666452,0.25,0.07894634489845634
ÜMRANİYE,IHLAMURKUYU,ÜMRANİYE|IHLAMURKUYU,2023,0.1356602050310278,919054.6551914504,0.0239876916579306,0.39874679578467676,350.0,0.3180987202925046,87.0,1.0,12.0,0.0,0.0,0.0006203717419405482,0.45215646205811627,20226.946445136626,0.0881298701298701,0.16666666666666666,0.5637764368743946,0.25,0.07514013537262468
ÜMRANİYE,KAZIM KARABEKİR,ÜMRANİYE|KAZIM KARABEKİR,2023,0.013426886208633155,91483.58920757506,0.0023877580264418,0.6220450014240957,546.0,0.1316270566727605,36.0,0.19203201739479772,5.0,0.02857142857142857,0.0,0.009722428317653594,0.45215646205811627,31554.03645441313,0.02337662337662336,0.0768128069579191,0.8056435663545366,0.25,0.08814774480442872
ÜMRANİYE,MADENLER,ÜMRANİYE|MADENLER,2023,0.1330482360673649,901370.5248708454,0.0235261288303304,0.1572201651951011,138.0,0.16819012797074953,46.0,0.1505518221602793,4.0,0.1,0.008379888268156424,0.0002494026342185062,0.45215646205811627,7975.196026939582,0.11818181818181817,0.07527591108013963,0.3565950920245399,0.375,0.07271516540913987
ÜMRANİYE,MEHMET AKİF,ÜMRANİYE|MEHMET AKİF,2023,0.02223587957628059,151124.1855829493,0.0039444012881524,0.2540586727428083,223.0,0.21206581352833637,58.0,0.248970658654702,11.0,0.08571428571428572,0.0,0.0024037881607145155,0.45215646205811627,12887.454449329904,0.09221361598043211,0.04526739248267309,0.48497393791226523,0.4375,0.0911959680636195
ÜMRANİYE,NAMIK KEMAL,ÜMRANİYE|NAMIK KEMAL,2023,0.23806475292992924,1612376.5880551762,0.0420836695753169,0.35887211620620907,315.0,0.42413162705667273,116.0,0.10262473713121018,3.0,0.014285714285714285,0.002793296089385475,0.00031825070361550116,0.45215646205811627,18204.25180062296,0.13056277056277057,0.06841649142080679,0.5054891830804005,0.3125,0.05806955450155474
ÜMRANİYE,NECİP FAZIL,ÜMRANİYE|NECİP FAZIL,2023,0.24170955929425622,1637053.462718243,0.0427277458086022,0.3577328396468243,314.0,0.28153564899451555,77.0,0.24530358548745324,8.0,0.05714285714285714,0.00558659217877095,0.0003124583157909202,0.45215646205811627,18146.460525065428,0.08694267515923565,0.06132589637186331,0.40315512708150747,0.4375,0.08912527711874295
ÜMRANİYE,PARSELLER,ÜMRANİYE|PARSELLER,2023,0.13496026563553642,914315.7705957328,0.0238640048871358,0.25975505553973227,228.0,0.13893967093235832,38.0,1.0,10.0,0.014285714285714285,0.0,0.0004062224661894882,0.45215646205811627,13176.410827117568,0.05909090909090906,0.2,0.5262552470132387,0.3125,0.08788359928586745
ÜMRANİYE,SİTE,ÜMRANİYE|SİTE,2023,0.18313658207642997,1240489.7298424502,0.0323772748184293,0.2563372258615779,225.0,0.9981718464351006,270.0,0.22652459138123565,6.0,0.11428571428571428,0.0,0.0002954708539107678,0.45215646205811627,13003.03700044497,0.43018181818181817,0.07550819712707854,0.49241201162415243,0.25,0.06291253430871252
ÜMRANİYE,TANTAVİ,ÜMRANİYE|TANTAVİ,2023,0.10050105417701638,681012.3911699713,0.0177746939883704,0.16633437767017945,146.0,0.2230347349177331,61.0,0.1489791313834633,5.0,0.014285714285714285,0.0,0.0003492393280389289,0.45215646205811644,8437.526231399848,0.14813200498132004,0.05959165255338532,0.7199911204391346,0.3125,0.13561042400725315
ÜMRANİYE,TATLISU,ÜMRANİYE|TATLISU,2023,0.19600010243015545,1327581.1821076528,0.0346503963255978,0.5046995158074623,443.0,0.2340036563071298,64.0,0.2564399878525821,12.0,0.0,0.00558659217877095,0.0005435855964716896,0.45215646205811627,25601.53507198721,0.05122101374923044,0.04273999797543035,0.3853729415563449,0.3125,0.21761932738189063
ÜMRANİYE,TEPEÜSTÜ,ÜMRANİYE|TEPEÜSTÜ,2023,0.1147132382440057,777234.8649732642,0.020286138785607,0.2540586727428083,223.0,0.19744058500914077,54.0,1.0,5.0,0.02857142857142857,0.0,0.0004673883590057593,0.45215646205811644,12887.454449329904,0.0858540562576437,0.4,0.5087080238940911,0.375,0.052737479418666466
ÜMRANİYE,TOPAĞACI,ÜMRANİYE|TOPAĞACI,2023,0.11793125229400869,799022.175858454,0.0208547962562126,0.8749643976075192,768.0,0.113345521023766,31.0,0.25017397653720524,8.0,0.02857142857142857,0.0,0.0015657689966476933,0.45215646205811627,44383.699628185495,0.014311079545454533,0.06254349413430131,0.7686672586373909,0.3125,0.1067911523111964
ÜMRANİYE,YAMANEVLER,ÜMRANİYE|YAMANEVLER,2023,0.15261239575597724,1033828.1284487116,0.0269833249115715,0.09569923098832242,84.0,0.13528336380255943,37.0,0.24850418257683288,7.0,0.07142857142857142,0.0111731843575419,0.00013235984319410414,0.45215646205811627,4854.467146832789,0.15616883116883112,0.07100119502195225,0.5675981796900226,0.5,0.046106408170242946
ÜMRANİYE,YUKARI DUDULLU,ÜMRANİYE|YUKARI DUDULLU,2023,0.18370848377762414,1244361.745304805,0.0324783359604202,0.5354599829108516,470.0,0.2851919561243144,78.0,1.0,12.0,0.02857142857142857,0.00558659217877095,0.000615285256717955,0.45215646205811627,27161.899512040607,0.05883945841392648,0.16666666666666666,0.4845036527284469,0.5,0.07382333762391169
ÜMRANİYE,ÇAKMAK,ÜMRANİYE|ÇAKMAK,2023,0.32342321579473,2190289.3436305085,0.0571674221112728,0.8635716320136713,758.0,0.643510054844607,176.0,1.0,10.0,0.07142857142857142,0.0,0.000563758389261745,0.45215646205811627,43805.786872610166,0.08232189973614774,0.2,0.29564901517597675,0.5,0.07921705463570436
ÜMRANİYE,ÇAMLIK,ÜMRANİYE|ÇAMLIK,2023,0.20560292950244552,1392596.3671098775,0.0363473184858929,0.3668470521219026,322.0,0.2340036563071298,64.0,1.0,7.0,0.014285714285714285,0.0,0.0003766655628133832,0.45215646205811627,18608.79072952569,0.07046866177300957,0.2857142857142857,0.4984230130541077,0.4375,0.05494797924455133
ÜMRANİYE,İNKILAP,ÜMRANİYE|İNKILAP,2023,0.29811443155531653,2018938.2116024224,0.0526950894843619,1.0,872.75,0.24862888482632542,68.0,0.22043945854503252,6.0,0.05714285714285714,0.0,0.0007082280323092839,0.45215646205811627,50726.29212062477,0.0274669221408042,0.07347981951501084,0.40583629318695513,0.5,0.10972430453912527
ÜMRANİYE,İSTİKLAL,ÜMRANİYE|İSTİKLAL,2023,0.41003644806364326,2776697.4167127977,0.0724729058095072,0.6186271717459413,543.0,0.6179159049360147,169.0,0.12815335448659546,5.0,0.05714285714285714,0.0,0.00031856391176257365,0.45215646205811627,31380.66262774053,0.1103465595178302,0.051261341794638184,0.23611559573781082,0.375,0.08881849634594383
ÜMRANİYE,ŞERİFALİ,ÜMRANİYE|ŞERİFALİ,2023,0.08102225295126886,549132.7003476805,0.0143325816596652,0.3827969239532897,336.0,0.19744058500914077,54.0,0.20611197901048048,8.0,0.02857142857142857,0.0,0.0009967523615657036,0.45215646205811627,19417.868587331155,0.05698051948051947,0.05152799475262012,0.44867008395221186,0.5,0.08059881203912833
ÜSKÜDAR,ACIBADEM,ÜSKÜDAR|ACIBADEM,2023,0.20648212166995297,1581468.095493423,0.0523216092570331,0.5343207063514668,455.0,0.31078610603290674,85.0,0.1932410472292749,9.0,0.07142857142857142,0.0,0.0005462865383548728,0.534494590914099,30649.113090347742,0.06425663888350455,0.042942454939838864,0.7481534549564094,0.375,0.13964424522011937
ÜSKÜDAR,AHMEDİYE,ÜSKÜDAR|AHMEDİYE,2023,0.07364728175975008,564492.6202013302,0.0186757876348038,0.6471090857305611,568.0,0.19744058500914077,54.0,0.11354789328931322,5.0,0.04285714285714286,0.0,0.0018535237618700579,0.5344945909140992,37118.75529918448,0.033706786171574875,0.04541915731572529,0.5122699386503068,0.3125,0.0933629003772126
ÜSKÜDAR,ALTUNİZADE,ÜSKÜDAR|ALTUNİZADE,2023,0.10573352795062867,810142.9743732217,0.0268029334693983,0.40558245514098545,356.0,0.5521023765996343,151.0,1.0,12.0,0.2571428571428571,0.0,0.0008094619124674568,0.534494590914099,23264.571983291677,0.15038304392236976,0.16666666666666666,0.5705393048991693,0.6875,0.10247268325758115
ÜSKÜDAR,AZİZ MAHMUT HÜDAYİ,ÜSKÜDAR|AZİZ MAHMUT HÜDAYİ,2023,0.07339120637115566,562532.1225622887,0.0186109261357248,0.5365992594702363,471.0,0.13528336380255943,37.0,0.07405545734171466,4.0,0.07142857142857142,0.0,0.0015423455003617675,0.534494590914099,30779.812932950503,0.027851766068326556,0.03702772867085733,0.49846625766871167,0.1875,0.11994813021748663
ÜSKÜDAR,BAHÇELİEVLER,ÜSKÜDAR|BAHÇELİEVLER,2023,0.1954623441141072,1497101.34709334,0.0495304027466682,0.8920535459982911,783.0,0.4680073126142596,128.0,0.4129398560016907,23.0,0.14285714285714285,0.0,0.0009634266419135414,0.534494590914099,51168.98837898141,0.05795889933820966,0.03590781356536441,0.7636085997201592,0.5625,0.15900428186025792
ÜSKÜDAR,BARBAROS,ÜSKÜDAR|BARBAROS,2023,0.14501549256100996,1110883.3122021777,0.0367526874281118,0.42495015665052693,373.0,0.3290676416819013,90.0,0.11087469976552436,6.0,0.1,0.002793296089385475,0.0006185124983664654,0.534494590914099,24375.520645415156,0.0855471606141847,0.036958233255174784,0.4609299321924443,0.3125,0.11149896931274553
ÜSKÜDAR,BEYLERBEYİ,ÜSKÜDAR|BEYLERBEYİ,2023,0.044002287606804774,337532.3435216335,0.0111669880914287,0.29507262888066077,257.0,0.1316270566727605,36.0,1.0,12.0,0.04285714285714286,0.0,0.0014134890882748496,0.534494590914099,16925.629617057708,0.04928044928044928,0.16666666666666666,0.5619147562156926,0.3125,0.12055296617917764
ÜSKÜDAR,BULGURLU,ÜSKÜDAR|BULGURLU,2023,0.2227002296142651,1705632.9459660472,0.056429504198701,0.3759612645969809,330.0,0.42413162705667273,116.0,0.20853765461539997,12.0,0.07142857142857142,0.0,0.0003563989817171951,0.534494590914099,21565.474029455767,0.1246280991735537,0.034756275769233326,0.6124677106877623,0.3125,0.11886804154705054
ÜSKÜDAR,BURHANİYE,ÜSKÜDAR|BURHANİYE,2023,0.1390830793919063,1065465.1168977178,0.0352500626994491,0.6995158074622615,614.0,0.4643510054844607,127.0,0.2922386948570536,14.0,0.05714285714285714,0.0,0.001061542109318914,0.534494590914099,40124.851679048006,0.07333432040272429,0.041748384979579084,0.5008879560865354,0.375,0.12460804378643786
ÜSKÜDAR,CUMHURİYET,ÜSKÜDAR|CUMHURİYET,2023,0.321681903152288,2463430.6333768624,0.0815006356426909,1.0,872.75,0.3802559414990859,104.0,0.3362321489600915,19.0,0.07142857142857142,0.0,0.0006563546877314526,0.534494590914099,57360.89342228728,0.04200823386240645,0.03539285778527279,0.5791607085197658,0.4375,0.18957993133526616
ÜSKÜDAR,FERAH,ÜSKÜDAR|FERAH,2023,0.18280368407125724,1400187.413803392,0.046324082642198,0.7416690401594987,651.0,0.3583180987202925,98.0,0.42352029504135924,21.0,0.07142857142857142,0.0,0.0008564517675006908,0.534494590914099,42542.79876719911,0.05337243401759529,0.040335266194415166,0.6263622053600257,0.375,0.1625470849545262
ÜSKÜDAR,GÜZELTEPE,ÜSKÜDAR|GÜZELTEPE,2023,0.011216102020434816,86523.2958030286,0.0028625541593517,0.7097692964967246,623.0,0.5228519195612431,143.0,1.0,34.0,0.05714285714285714,0.0,0.013263650925606765,0.534494590914099,40713.00097076043,0.08138041733547349,0.0588235294117647,0.712786567646109,0.25,0.17560346458582327
ÜSKÜDAR,KANDİLLİ,ÜSKÜDAR|KANDİLLİ,2023,0.0011181958635288897,9214.338903494738,0.0003048490456711,0.07861008259755055,69.0,0.04753199268738574,13.0,1.0,5.0,0.02857142857142857,0.0,0.013794088247893759,0.534494590914099,4509.144569795297,0.06679841897233198,0.4,0.2409589925734582,0.1875,0.08355989462503309
ÜSKÜDAR,KISIKLI,ÜSKÜDAR|KISIKLI,2023,0.17279113637721613,1323531.956116872,0.0437879980282104,0.7906579322130447,694.0,0.5484460694698354,150.0,0.4425258632425418,18.0,0.17142857142857143,0.0,0.0009659021432569275,0.5344945909140992,45352.84538315851,0.07663086193345557,0.04916954036028242,0.5588405446130664,0.5625,0.15427443506670296
ÜSKÜDAR,KULELİ,ÜSKÜDAR|KULELİ,2023,0.03527011685573566,270679.3740303206,0.008955210972836,0.12759897465109654,112.0,0.062157221206581355,17.0,1.0,5.0,0.014285714285714285,0.0,0.0007622035200062221,0.5344945909140992,7319.191185754687,0.05381493506493503,0.4,0.4637552470132386,0.1875,0.11870405662945822
ÜSKÜDAR,KUZGUNCUK,ÜSKÜDAR|KUZGUNCUK,2023,0.03389584560361237,260158.03670079823,0.0086071209277788,0.29051552264312164,255.0,0.10237659963436929,28.0,1.0,14.0,0.02857142857142857,0.0,0.0018055562579972996,0.534494590914099,16664.229931852184,0.038930481283422434,0.14285714285714285,0.463351630610268,0.3125,0.09363494740694968
ÜSKÜDAR,KÜPLÜCE,ÜSKÜDAR|KÜPLÜCE,2023,0.1437607231568974,1101276.8737708747,0.0364348660826249,0.6015380233551695,528.0,0.3290676416819013,90.0,0.29443208441503416,14.0,0.05714285714285714,0.0,0.0008831724113761018,0.5344945909140992,34504.758447129236,0.06043388429752063,0.04206172634500489,0.5933968356474008,0.3125,0.14425929942272286
ÜSKÜDAR,KÜÇÜK ÇAMLICA,ÜSKÜDAR|KÜÇÜK ÇAMLICA,2023,0.00928700075969032,71754.21358891646,0.0023739308662901,0.5217886641982341,458.0,0.20475319926873858,56.0,0.2447285823220798,13.0,0.11428571428571428,0.00558659217877095,0.011757802471852423,0.534494590914099,29930.26395603255,0.04335053592695513,0.037650551126473815,0.6508062237649338,0.5,0.1170121737777605
ÜSKÜDAR,KÜÇÜKSU,ÜSKÜDAR|KÜÇÜKSU,2023,0.15794729968502727,1209888.44297377,0.0400281931315996,0.4819139846197664,423.0,0.19378427787934185,53.0,1.0,16.0,0.05714285714285714,0.0,0.0006440255986219028,0.534494590914099,27643.01671048421,0.044422952933591206,0.125,0.48777042298999035,0.375,0.1392492046738697
ÜSKÜDAR,KİRAZLITEPE,ÜSKÜDAR|KİRAZLITEPE,2023,0.07976748354715628,611348.5137744204,0.0202259774627911,0.3292509256622045,289.0,0.25594149908592323,70.0,0.3790546529084783,17.0,0.02857142857142857,0.0,0.000870797298218302,0.534494590914099,18886.127256099146,0.08587606165460836,0.044594665048056266,0.6702050371327091,0.375,0.051388346743904564
ÜSKÜDAR,MEHMET AKİF ERSOY,ÜSKÜDAR|MEHMET AKİF ERSOY,2023,0.016602221027203743,127759.09614420008,0.0042268076899793,0.7257191683281117,637.0,0.376599634369287,103.0,0.49555562536830183,23.0,0.014285714285714285,0.0,0.009184503681834568,0.534494590914099,41627.89986897977,0.05732838589981446,0.043091793510287114,0.7669720697449144,0.3125,0.06794711049335837
ÜSKÜDAR,MURATREİS,ÜSKÜDAR|MURATREİS,2023,0.11606190195726955,889216.3791478929,0.02941901393225,0.391911136428368,344.0,0.6581352833638026,180.0,1.0,4.0,0.08571428571428572,0.0,0.0007126217605131193,0.534494590914099,22480.372927675104,0.18551797040169132,0.5,0.5635494026477236,0.25,0.057969892068265624
ÜSKÜDAR,MİMAR SİNAN,ÜSKÜDAR|MİMAR SİNAN,2023,0.09788908521335347,750086.3966972524,0.0248160095476126,0.5787524921674737,508.0,0.2303473491773309,63.0,0.08930065716007458,5.0,0.02857142857142857,0.0,0.0012475573346618159,0.534494590914099,33197.7600211016,0.043969219756621304,0.035720262864029836,0.5083260297984226,0.4375,0.1077164964376023
ÜSKÜDAR,SALACAK,ÜSKÜDAR|SALACAK,2023,0.007895657814994067,61102.17641679135,0.0020215167212944,0.21988037596126458,193.0,0.16453382084095064,45.0,0.08422273185527056,5.0,0.04285714285714286,0.0,0.005818468937300363,0.534494590914099,12612.534811166555,0.08266603862458784,0.03368909274210822,0.4603245075879884,0.25,0.07739488934697213
ÜSKÜDAR,SELAMİ ALİ,ÜSKÜDAR|SELAMİ ALİ,2023,0.11097453757052743,850267.8260522697,0.0281304321505478,0.4181144972942182,367.0,0.20109689213893966,55.0,1.0,5.0,0.14285714285714285,0.0,0.0007950938777152425,0.534494590914099,23983.42111760687,0.053133514986375995,0.4,0.45826606393283825,0.3125,0.13749298087394501
ÜSKÜDAR,SELİMİYE,ÜSKÜDAR|SELİMİYE,2023,0.06839773629356483,524302.4186009807,0.017346126903685,0.2312731415551125,203.0,0.10237659963436929,28.0,0.0179355291980705,1.0,0.05714285714285714,0.0,0.0007132179547559156,0.534494590914099,13266.034024180366,0.04890282131661441,0.035871058396141,0.3875524701323862,0.3125,0.051250517474797586
ÜSKÜDAR,SULTANTEPE,ÜSKÜDAR|SULTANTEPE,2023,0.09016414432408901,690944.7179195025,0.0228593543253971,0.3053261179151239,268.0,0.14990859232175502,41.0,1.0,5.0,0.04285714285714286,0.0,0.0007144956413607664,0.534494590914099,17513.77890877014,0.05424016282225235,0.4,0.471524862770423,0.25,0.15748845353127125
ÜSKÜDAR,VALİDE-İ ATİK,ÜSKÜDAR|VALİDE-İ ATİK,2023,0.1730045325343781,1325165.7041494064,0.0438420492774429,0.7701509541441185,676.0,0.4789762340036563,131.0,1.0,14.0,0.014285714285714285,0.0,0.000939689987032596,0.534494590914099,44176.54679973363,0.06870629370629369,0.14285714285714285,0.48534872457216666,0.375,0.09658317451674381
ÜSKÜDAR,YAVUZTÜRK,ÜSKÜDAR|YAVUZTÜRK,2023,0.2687937995612575,2058522.5209935051,0.068104574032915,1.0,872.75,0.2376599634369287,65.0,0.238582521998155,12.0,0.08571428571428572,0.0,0.0007854586129753915,0.534494590914099,57360.89342228728,0.026255146164004005,0.03976375366635917,0.673347479127266,0.4375,0.14865742668744802
ÜSKÜDAR,ZEYNEP KAMİL,ÜSKÜDAR|ZEYNEP KAMİL,2023,0.10129488788165902,776161.0152965036,0.0256786674853629,0.36912560524067217,324.0,0.41316270566727603,113.0,0.15004345843460146,8.0,0.05714285714285714,0.0,0.000768955620614656,0.534494590914099,21173.37450164748,0.12365319865319864,0.037510864608650364,0.4950355182434615,0.375,0.08868068007923618
ÜSKÜDAR,ÇENGELKÖY,ÜSKÜDAR|ÇENGELKÖY,2023,0.11619847549785324,890261.977888715,0.0294536067317587,0.7872401025348903,691.0,0.20475319926873858,56.0,1.0,21.0,0.02857142857142857,0.0,0.0014297770204061728,0.534494590914099,45156.79561925435,0.028733061439284287,0.09523809523809525,0.48857765579593154,0.375,0.13442565137905663
ÜSKÜDAR,ÜNALAN,ÜSKÜDAR|ÜNALAN,2023,0.28842624602016165,2208827.3399866815,0.0730772889623024,1.0,872.75,0.9360146252285192,256.0,0.30472882983999866,12.0,0.08571428571428572,0.0111731843575419,0.0007320102458202616,0.5344945909140989,57360.89342228726,0.1034048833536159,0.05078813830666645,0.7336737164998385,0.5,0.09386775608928452
ÜSKÜDAR,İCADİYE,ÜSKÜDAR|İCADİYE,2023,0.1344566507046341,1030045.4595523692,0.0340782316160891,0.538877812589006,473.0,0.6873857404021938,188.0,1.0,8.0,0.02857142857142857,0.0,0.0008458879524197607,0.534494590914099,30910.512775553267,0.14091870074956755,0.25,0.3634565708750404,0.25,0.0678315090507386
ŞİLE,AHMETLİ,ŞİLE|AHMETLİ,2023,0.025385606855991737,48589.313654872865,0.0135010406298072,0.18570207917972087,163.0,0.15722120658135283,43.0,1.0,10.0,0.04285714285714286,0.002793296089385475,0.0015397556543174336,3.870055650002875e-17,2654.1749751153743,0.09353039598438367,0.2,0.15655271230222795,0.5,0.1261018598278086
ŞİLE,AKÇAKESE,ŞİLE|AKÇAKESE,2023,0.044642476078290784,85324.39797303411,0.0237082616957741,0.22557675875818856,198.0,0.19378427787934185,53.0,0.09411773665807018,6.0,0.0,0.0,0.001065116040780778,3.870055650002875e-17,3224.0898470726634,0.09490358126721762,0.03137257888602339,0.1352114949951566,0.1875,0.15359184784722493
ŞİLE,ALACALI,ŞİLE|ALACALI,2023,0.0581291132109293,111051.98362139172,0.0308569360238892,0.17317003702648817,152.0,0.1316270566727605,36.0,0.14896770747951552,1.0,0.0,0.00558659217877095,0.0006282351551890414,3.870055650002875e-17,2475.0588725002262,0.08397129186602867,0.29793541495903103,0.08508233774620601,0.3125,0.10984176937044318
ŞİLE,AVCIKORU,ŞİLE|AVCIKORU,2023,0.013059844818314513,25076.254366120713,0.0069676952312007,0.04215323269723725,37.0,0.03656307129798903,10.0,0.10020477347826458,2.0,0.0,0.0,0.0006772422208663819,3.870055650002875e-17,602.481436069134,0.09582309582309582,0.10020477347826458,0.12855182434614143,0.625,0.13010860029645763
ŞİLE,AĞAÇDERE,ŞİLE|AĞAÇDERE,2023,0.01049909093237049,20191.269749343952,0.0056103520043434,0.015949871831387068,14.0,0.0,0.0,0.0,0.0,0.0,0.0,0.00031825070361550116,3.870055650002875e-17,227.9659487829156,0.0,0.0,0.018969970939618986,0.3125,0.20364824394228154
ŞİLE,AĞVA MERKEZ,ŞİLE|AĞVA MERKEZ,2023,0.023815011139279404,45593.18975658312,0.0126685367840014,0.1458273996012532,128.0,0.010968921389396709,3.0,0.0,0.0,0.0,0.002793296089385475,0.0012885906040268457,3.870055650002875e-17,2084.2601031580853,0.00830965909090909,0.0,0.06942202131094607,0.1875,0.12106361738814775
ŞİLE,BALİBEY,ŞİLE|BALİBEY,2023,0.003286300820294828,6431.896412089403,0.0017871685820287,0.30988322415266306,272.0,0.17550274223034734,48.0,0.07905341531888398,5.0,0.0,0.00558659217877095,0.019410415427746158,3.870055650002875e-17,4429.052719210931,0.06256684491978609,0.03162136612755359,0.22505650629641585,0.3125,0.08270820420434338
ŞİLE,BIÇKIDERE,ŞİLE|BIÇKIDERE,2023,0.036789497494729116,70343.77848158538,0.019545742466745,0.12987752776986614,114.0,0.007312614259597806,2.0,0.08906837111313566,3.0,0.0,0.0,0.0007438478747203581,3.870055650002875e-17,1856.2941543751697,0.006220095693779901,0.05937891407542378,0.05771714562479819,0.25,0.1304734319800301
ŞİLE,BOZGOCA,ŞİLE|BOZGOCA,2023,0.010243015543776088,19702.771287666274,0.0054746176816577,0.0968385075477072,85.0,0.029250457038391225,8.0,0.038921240750207774,1.0,0.0,0.0,0.0019801431027788564,3.870055650002875e-17,1384.078974753416,0.03336898395721924,0.07784248150041555,0.067403939296093,0.1875,0.055636658937071086
ŞİLE,BUCAKLI,ŞİLE|BUCAKLI,2023,0.03226549896289468,61713.638991946435,0.0171477694326305,0.028481913984619765,25.0,0.014625228519195612,4.0,0.0,0.0,0.0,0.0,0.0001859361442156151,3.870055650002875e-17,407.0820513980635,0.05672727272727272,0.0,0.08241846948659995,0.3125,0.09171658045194664
ŞİLE,DARLIK,ŞİLE|DARLIK,2023,0.016730258721500944,32078.06565016741,0.0089132205230295,0.01708914839077186,15.0,0.021937842778793418,6.0,0.0,0.0,0.0,0.0,0.0002146288283991415,3.870055650002875e-17,244.24923083883812,0.14181818181818182,0.0,0.04924120116241524,0.25,0.11604955077593249
ŞİLE,DEĞİRMENÇAYIRI,ŞİLE|DEĞİRMENÇAYIRI,2023,0.05437334084487806,103887.3395167858,0.0288661659578318,0.08202791227570493,72.0,0.043875685557586835,12.0,0.02226899676227522,1.0,0.0,0.0,0.0003181081820285708,3.870055650002875e-17,1172.396308026423,0.05909090909090906,0.04453799352455044,0.0823833157998896,0.0,0.10353545175216834
ŞİLE,DOĞANCILI,ŞİLE|DOĞANCILI,2023,0.07451793808097104,142315.885168763,0.0395439326757759,0.14468812304186843,127.0,0.06946983546617916,19.0,0.0,0.0,0.014285714285714285,0.0,0.00040959562606545557,3.870055650002875e-17,2067.976821102163,0.05304223335719398,0.0,0.15498869874071683,0.1875,0.13305589047489402
ŞİLE,ERENLER,ŞİLE|ERENLER,2023,0.012291618652531306,23610.758981087685,0.0065604922631436,0.02962119054400456,26.0,0.007312614259597806,2.0,0.0,0.0,0.0,0.0,0.0005054385558898403,3.870055650002875e-17,423.36533345398607,0.02727272727272726,0.0,0.02889893445269616,0.3125,0.24612033759869315
ŞİLE,ESENCELİ,ŞİLE|ESENCELİ,2023,0.00938943091512808,18074.44308207402,0.005022169939372,0.007974935915693534,7.0,0.007312614259597806,2.0,0.0,0.0,0.0,0.0,0.00017776165427172138,3.870055650002875e-17,113.9829743914578,0.10129870129870129,0.0,0.06619309008718113,0.3125,0.37884563027497964
ŞİLE,GEREDELİ,ŞİLE|GEREDELİ,2023,0.06342133790854694,121147.61849606367,0.0336621120260609,0.12873825121048135,113.0,0.06946983546617916,19.0,0.04723784282421753,3.0,0.0,0.0,0.0004281229703399004,0.0,1840.0108723192468,0.059613837489943686,0.03149189521614502,0.050452050371327085,0.25,0.12175521278293608
ŞİLE,GÖKMAŞLI,ŞİLE|GÖKMAŞLI,2023,0.01997388031036337,38265.71283141797,0.0106325219437155,0.028481913984619765,25.0,0.010968921389396709,3.0,0.04680373447420053,1.0,0.0,0.0,0.0002998714836498643,3.870055650002875e-17,407.0820513980635,0.04254545454545454,0.09360746894840107,0.030170326122053597,0.25,0.26204737271984757
ŞİLE,GÖKSU,ŞİLE|GÖKSU,2023,0.02577825578516982,49338.3446294453,0.0137091665912587,0.03303902022215893,29.0,0.043875685557586835,12.0,0.0646307365847668,2.0,0.0,0.0,0.0002697853677985248,3.870055650002875e-17,472.2151796217537,0.14670846394984322,0.0646307365847668,0.042097190829835325,0.625,0.21199097662479097
ŞİLE,GÖÇE,ŞİLE|GÖÇE,2023,0.07187182573216222,137268.06773142703,0.03814134467469,0.12645969809171176,111.0,0.054844606946983544,15.0,0.02412918912177786,1.0,0.0,0.0,0.00037115765841075734,3.870055650002875e-17,1807.4443082074024,0.04791154791154789,0.04825837824355572,0.0632524562941095,0.4375,0.1897908235543845
ŞİLE,HACI KASIM,ŞİLE|HACI KASIM,2023,0.0007852978583561668,1660.8947697040992,0.0004614966971314,0.03987467957846767,35.0,0.014625228519195612,4.0,0.08640660149329464,3.0,0.014285714285714285,0.0,0.00967232530596131,3.870055650002875e-17,569.9148719572889,0.04051948051948048,0.05760440099552976,0.5105747497578301,0.125,0.07762907131700747
ŞİLE,HACILLI,ŞİLE|HACILLI,2023,0.0232175018992258,44453.360012668534,0.0123518233644014,0.015949871831387068,14.0,0.0,0.0,0.022270900746266524,1.0,0.0,0.0,0.0001445534331440372,3.870055650002875e-17,227.9659487829156,0.0,0.04454180149253305,0.004439780432676783,0.1875,0.041146320387315194
ŞİLE,HASANLI,ŞİLE|HASANLI,2023,0.024753954230792213,47384.3507827346,0.0131662293005157,0.01936770150954144,17.0,0.010968921389396709,3.0,0.02226899676227522,1.0,0.0,0.0,0.00016467169445789803,3.870055650002875e-17,276.8157949506832,0.06256684491978609,0.04453799352455044,0.017516951888924766,0.3125,0.07455543296029347
ŞİLE,KABAKOZ,ŞİLE|KABAKOZ,2023,0.06436028100005975,122938.7795222152,0.0341598045425753,0.2187410994018798,192.0,0.06946983546617916,19.0,0.029985843879024664,1.0,0.0,0.0,0.000716831859193742,3.870055650002875e-17,3126.390154737128,0.03508522727272726,0.05997168775804933,0.15022602518566355,0.3125,0.08997293445012092
ŞİLE,KADIKÖY,ŞİLE|KADIKÖY,2023,0.03183870664857067,60899.474889150304,0.0169215455614876,0.007974935915693534,7.0,0.007312614259597806,2.0,0.0,0.0,0.0,0.0,5.275813803251624e-05,3.870055650002875e-17,113.9829743914578,0.10129870129870129,0.0,0.024418792379722307,0.125,0.24258099646065884
ŞİLE,KALEM,ŞİLE|KALEM,2023,0.029790103539815455,56991.487195728885,0.0158356709800018,0.04329250925662204,38.0,0.051188299817184646,14.0,0.0,0.0,0.0,0.0,0.0003060402684563759,0.0,618.7647181250564,0.13062200956937797,0.0,0.08072328059412336,0.1875,0.1407568744895181
ŞİLE,KARABEYLİ,ŞİLE|KARABEYLİ,2023,0.021254257253335383,40708.20513980635,0.0113111935571441,0.09911706066647678,87.0,0.003656307129798903,1.0,0.030560847044398046,1.0,0.0,0.0,0.0009809395973154362,3.870055650002875e-17,1416.6455388652612,0.0040752351097178615,0.06112169408879609,0.09449669034549564,0.5,0.1862527587744959
ŞİLE,KARACAKÖY,ŞİLE|KARACAKÖY,2023,0.028595085059708245,54711.827707899734,0.0152022441408017,0.14468812304186843,127.0,0.025594149908592323,7.0,0.0,0.0,0.0,0.0,0.001065436241610738,3.870055650002875e-17,2067.976821102163,0.01954187544738723,0.0,0.06764610913787536,0.3125,0.09792568322427406
ŞİLE,KARAKİRAZ,ŞİLE|KARAKİRAZ,2023,0.027314708116736235,52269.33539951136,0.014523572527373,0.10139561378524636,89.0,0.04021937842778794,11.0,0.0,0.0,0.0,0.0,0.0007815342156432291,3.870055650002875e-17,1449.212102977106,0.04382022471910111,0.0,0.09186309331611238,0.3125,0.07400217805608496
ŞİLE,KARAMANDERE,ŞİLE|KARAMANDERE,2023,0.03166798972284107,60573.809248031845,0.0168310560130304,0.03759612645969809,33.0,0.014625228519195612,4.0,0.0,0.0,0.0,0.0,0.0002500541242693224,0.0,537.3483078454437,0.04297520661157024,0.0,0.05529544720697449,0.375,0.04713857881840458
ŞİLE,KERVANSARAY,ŞİLE|KERVANSARAY,2023,0.045069268392614784,86138.56207583024,0.023934485566917,0.06038165764739391,53.0,0.010968921389396709,3.0,0.06960203878605788,1.0,0.0,0.0,0.00028241204755077967,3.870055650002875e-17,863.0139489638947,0.02006861063464835,0.13920407757211575,0.10645382628350017,0.5,0.057239160528101914
ŞİLE,KIZILCA,ŞİLE|KIZILCA,2023,0.056421943953633286,107795.32721020722,0.0299520405393177,0.14810595272002278,130.0,0.03290676416819013,9.0,0.1638187826116758,2.0,0.02857142857142857,0.0,0.0005535392039579067,3.870055650002875e-17,2116.82666726993,0.024545454545454537,0.1638187826116758,0.08532450758798837,0.3125,0.32316274004520734
ŞİLE,KORUCU,ŞİLE|KORUCU,2023,0.02099818186474098,40219.70667812868,0.0111754592344584,0.026203360865850185,23.0,0.007312614259597806,2.0,0.0,0.0,0.0,0.0,0.000262478602287857,3.870055650002875e-17,374.5154872862184,0.030830039525691688,0.0,0.07497174685179206,0.25,0.3538174322274513
ŞİLE,KUMBABA,ŞİLE|KUMBABA,2023,0.0349116113117035,66761.45642928242,0.0185503574337164,0.1583594417544859,139.0,0.10603290676416818,29.0,0.1507936281271747,8.0,0.0,0.0,0.0009556392208217386,3.870055650002875e-17,2263.3762057732333,0.0739699149771092,0.037698407031793675,0.3200678075556991,0.1875,0.04886220359009197
ŞİLE,KURFALLI,ŞİLE|KURFALLI,2023,0.028595085059708245,54711.827707899734,0.0152022441408017,0.07974935915693535,70.0,0.014625228519195612,4.0,0.0,0.0,0.0,0.0,0.0005872483221476511,3.870055650002875e-17,1139.829743914578,0.02025974025974024,0.0,0.09071278656764611,0.25,0.21051872968081872
ŞİLE,KURNA,ŞİLE|KURNA,2023,0.0232175018992258,44453.360012668534,0.0123518233644014,0.08088863571632014,71.0,0.08043875685557587,22.0,0.0,0.0,0.0,0.0,0.00073309241094476,3.870055650002875e-17,1156.1130259705003,0.10985915492957743,0.0,0.1788020665159832,0.125,0.12952627280152465
ŞİLE,KÖMÜRLÜK,ŞİLE|KÖMÜRLÜK,2023,0.021424974179064984,41033.8707809248,0.0114016831056013,0.09911706066647678,87.0,0.014625228519195612,4.0,0.06960203878605788,1.0,0.0,0.0,0.0009731543624161075,3.870055650002875e-17,1416.6455388652612,0.016300940438871446,0.13920407757211575,0.07527445915402002,0.375,0.1862527587744959
ŞİLE,MEŞRUTİYET,ŞİLE|MEŞRUTİYET,2023,0.001980316338463377,3940.5542575332543,0.0010949235363315,0.07974935915693535,69.0,0.05850091407678245,16.0,0.06032202081244901,3.0,0.014285714285714285,0.0,0.008153530423207055,3.870055650002875e-17,1139.829743914578,0.08103896103896101,0.040214680541632665,0.16063932838230544,0.1875,0.07762907131700747
ŞİLE,ORUÇOĞLU,ŞİLE|ORUÇOĞLU,2023,0.044642476078290784,85324.39797303411,0.0237082616957741,0.13215608088863573,116.0,0.021937842778793418,6.0,0.08906837111313566,3.0,0.0,0.0,0.0006240073774271223,3.870055650002875e-17,1888.8607184870148,0.018338557993730378,0.05937891407542378,0.0836293186955118,0.3125,0.12944699796608
ŞİLE,OSMANKÖY,ŞİLE|OSMANKÖY,2023,0.02569289732230502,49175.51180888608,0.0136639218170301,0.05924238108800912,52.0,0.003656307129798903,1.0,0.03983896103401562,2.0,0.0,0.0,0.0004853549046624295,3.870055650002875e-17,846.7306669079721,0.0068181818181818074,0.03983896103401562,0.021391669357442685,0.375,0.24612033759869315
ŞİLE,OVACIK,ŞİLE|OVACIK,2023,0.015449881778528933,29635.573341779025,0.0082345489096009,0.03303902022215893,29.0,0.007312614259597806,2.0,0.04146877133057065,1.0,0.0,0.0,0.0004491481672689726,3.870055650002875e-17,472.2151796217537,0.024451410658307204,0.0829375426611413,0.0339037778495318,0.1875,0.07269262183501227
ŞİLE,SAHİLKÖY,ŞİLE|SAHİLKÖY,2023,0.00928700075969032,17879.043697402947,0.0049678762102977,0.26089433209911705,229.0,0.1425959780621572,39.0,0.11079854040587224,3.0,0.014285714285714285,0.002793296089385475,0.0058789012359262115,0.0,3728.871590806261,0.06038110361254466,0.07386569360391483,0.0843558282208589,0.25,0.202632606920063
ŞİLE,SATMAZLI,ŞİLE|SATMAZLI,2023,0.0465203622613164,88906.72002533707,0.0247036467288028,0.08088863571632014,71.0,0.014625228519195612,4.0,0.0,0.0,0.0,0.0,0.00036654620547238,3.870055650002875e-17,1156.1130259705003,0.01997439180537769,0.0,0.0795124313852115,0.3125,0.18828005215871152
ŞİLE,SOFULAR,ŞİLE|SOFULAR,2023,0.030216895854139458,57805.65129852502,0.0160618948511446,0.07063514668185703,62.0,0.003656307129798903,1.0,0.14896770747951552,1.0,0.0,0.00558659217877095,0.000492296058228566,3.870055650002875e-17,1009.5634874671975,0.005718475073313777,0.29793541495903103,0.12673555053277366,0.25,0.12747546727589107
ŞİLE,SORTULLU,ŞİLE|SORTULLU,2023,0.014681655612745726,28170.077956746,0.0078273459415437,0.013671318712617488,12.0,0.0,0.0,0.0,0.0,0.0,0.0,0.00019552314078442025,3.870055650002875e-17,195.3993846710705,0.0,0.0,0.019272683241846948,0.25,0.08684998638714948
ŞİLE,SOĞULLU,ŞİLE|SOĞULLU,2023,0.017071692572960147,32729.39693240431,0.0090941996199438,0.011392765593847906,10.0,0.0,0.0,0.04680373447420053,1.0,0.0,0.0,0.00014023840528899127,3.870055650002875e-17,162.8328205592254,0.0,0.09360746894840107,0.040361640297061664,0.375,0.04791723386877213
ŞİLE,TEKE,ŞİLE|TEKE,2023,0.04336209913531877,82881.90566464573,0.0230295900823454,0.04784961549416121,42.0,0.018281535648994516,5.0,0.012452055303119013,1.0,0.02857142857142857,0.0,0.00023259186983293995,3.870055650002875e-17,683.8978463487467,0.04220779220779219,0.024904110606238025,0.009802112643572117,0.4375,0.10631636264633815
ŞİLE,ULUPELİT,ŞİLE|ULUPELİT,2023,0.019034937218850564,36474.55180526649,0.0101348294272011,0.027342637425234975,24.0,0.021937842778793418,6.0,0.11234076743882736,4.0,0.0,0.0,0.0003020134228187919,3.870055650002875e-17,390.798769342141,0.08863636363636362,0.05617038371941368,0.062318372618663215,0.3125,0.20364824394228154
ŞİLE,YAKA,ŞİLE|YAKA,2023,0.03849666675202513,73600.43489276989,0.0204506379513166,0.02164625462831102,19.0,0.021937842778793418,6.0,0.0,0.0,0.0,0.0,0.00011848904199085349,3.870055650002875e-17,309.3823590625283,0.11196172248803826,0.0,0.021795285760413303,0.1875,0.058818404573917786
ŞİLE,YAYLALI,ŞİLE|YAYLALI,2023,0.00699939395491366,13515.12410641571,0.0037553162609718,0.007974935915693534,7.0,0.0,0.0,0.0,0.0,0.0,0.0,0.00023772944125495272,3.870055650002875e-17,113.9829743914578,0.0,0.0,0.04100742654181466,0.3125,0.1335692894092023
ŞİLE,YAZIMANAYIR,ŞİLE|YAZIMANAYIR,2023,0.017839918738743354,34194.892317437334,0.009501402588001,0.028481913984619765,25.0,0.0,0.0,0.0,0.0,0.0,0.0,0.0003355704697986577,3.870055650002875e-17,407.0820513980635,0.0,0.0,0.018243461414271873,0.3125,0.09171658045194664
ŞİLE,YENİKÖY,ŞİLE|YENİKÖY,2023,0.04045991139791555,77345.58976563207,0.0214912677585738,0.02278553118769581,20.0,0.007312614259597806,2.0,0.020559219138085484,1.0,0.0,0.0,0.00011868597668668316,3.870055650002875e-17,325.6656411184508,0.035454545454545454,0.04111843827617097,0.07027970616725863,0.5,0.09299726310057747
ŞİLE,YEŞİLVADİ,ŞİLE|YEŞİLVADİ,2023,0.034143385145920295,65295.961044249394,0.0181431544656592,0.048988892053546,43.0,0.05850091407678245,16.0,0.10020477347826458,2.0,0.0,0.0,0.000302264473045574,3.870055650002875e-17,700.1811284046693,0.13192389006342492,0.10020477347826458,0.09000645786244754,0.5625,0.07923270872051044
ŞİLE,ÇATAKLI,ŞİLE|ÇATAKLI,2023,0.021339615716200182,40871.037960365575,0.0113564383313727,0.004557106237539163,4.0,0.0,0.0,0.04680373447420053,1.0,0.0,0.0,4.492098719217093e-05,3.870055650002875e-17,65.13312822369016,0.0,0.09360746894840107,0.007668711656441719,0.1875,0.028450857609583453
ŞİLE,ÇAVUŞ,ŞİLE|ÇAVUŞ,2023,0.09551611994571202,182372.75902633247,0.0506741471360057,0.6767302762745656,594.0,0.56672760511883,155.0,0.5463177425604204,24.0,0.014285714285714285,0.0,0.0014949664429530203,3.870055650002875e-17,9672.26954121799,0.09251606978879705,0.04552647854670171,0.14949951566031644,0.3125,0.11893191120916
ŞİLE,ÇAYIRBAŞI,ŞİLE|ÇAYIRBAŞI,2023,0.011088064326137615,21314.816211202604,0.0059225409465206,0.11392765593847906,100.0,0.051188299817184646,14.0,0.043525074041177454,1.0,0.014285714285714285,0.0,0.0021533933890822954,0.0,1628.3282055922537,0.04963636363636364,0.08705014808235491,0.15246609622215046,0.25,0.08684998638714948
ŞİLE,ÇELEBİ,ŞİLE|ÇELEBİ,2023,0.028680443522573044,54874.66052845896,0.0152474889150303,0.04329250925662204,38.0,0.010968921389396709,3.0,0.0,0.0,0.0,0.0,0.00031784597614163663,3.870055650002875e-17,618.7647181250566,0.027990430622009555,0.0,0.04480142072973846,0.1875,0.06448436259999654
ŞİLE,ÇENGİLLİ,ŞİLE|ÇENGİLLİ,2023,0.018352069515932157,35171.88924079269,0.0097728712333725,0.03303902022215893,29.0,0.003656307129798903,1.0,0.02226899676227522,1.0,0.0,0.0,0.0003784489187173751,3.870055650002875e-17,472.2151796217537,0.012225705329153585,0.04453799352455044,0.006457862447529868,0.1875,0.11731909705370568
ŞİLE,ÜVEZLİ,ŞİLE|ÜVEZLİ,2023,0.05053221001596203,96559.86259162068,0.0268301511175459,0.1583594417544859,139.0,0.12797074954296161,35.0,0.10020477347826458,2.0,0.0,0.0,0.0006607286349694988,3.870055650002875e-17,2263.3762057732333,0.08927403531720078,0.10020477347826458,0.07386180174362285,0.375,0.08519327351402704
ŞİLE,İMRENDERE,ŞİLE|İMRENDERE,2023,0.036533422106134715,69855.2800199077,0.0194100081440593,0.07405297636001139,65.0,0.05850091407678245,16.0,0.05691198548402605,3.0,0.0,0.0,0.00042708968883465535,3.870055650002875e-17,1058.413333634965,0.08727272727272725,0.037941323656017364,0.1957539554407491,0.4375,0.0987277752910612
ŞİLE,İMRENLİ,ŞİLE|İMRENLİ,2023,0.03644806364326991,69692.44719934848,0.0193647633698307,0.10253489034463116,90.0,0.062157221206581355,17.0,0.026145508168567314,2.0,0.0,0.0,0.0005927366242237973,3.870055650002875e-17,1465.4953850330287,0.06696969696969693,0.026145508168567318,0.15256700032289314,0.1875,0.16117615028586987
ŞİLE,İSAKÖY,ŞİLE|İSAKÖY,2023,0.030046178928409856,57479.98565740657,0.0159714053026875,0.06949587012247223,61.0,0.014625228519195612,4.0,0.0,0.0,0.0,0.0,0.00048710002471623857,3.870055650002875e-17,993.280205411275,0.02324888226527568,0.0,0.04948337100419761,0.3125,0.2157308223100538
ŞİLE,ŞUAYİPLİ,ŞİLE|ŞUAYİPLİ,2023,0.026205048099493825,50152.508732241426,0.0139353904624015,0.05126744517231558,45.0,0.014625228519195612,4.0,0.0,0.0,0.0,0.0,0.00041183648566198904,3.870055650002875e-17,732.7476925165143,0.03151515151515148,0.0,0.06639489828866646,0.375,0.06226087953343748
ŞİŞLİ,19 MAYIS,ŞİŞLİ|19 MAYIS,2023,0.09283586421175727,887409.6658925505,0.0433637801297806,0.1708914839077186,150.0,1.0,270.0,1.0,15.0,0.02857142857142857,0.0,0.00038840601869034424,0.7106220450832429,12227.765008624156,0.6464545454545454,0.1333333333333333,0.2977680012915725,0.25,0.03902707778189856
ŞİŞLİ,BOZKURT,ŞİŞLİ|BOZKURT,2023,0.08453902162129864,808173.748636666,0.0394918717808786,0.2825405867274281,248.0,0.38391224862888484,105.0,1.0,11.0,0.02857142857142857,0.0,0.0007051244731536855,0.7106220450832431,20216.571480925275,0.15010997067448678,0.18181818181818182,0.17371649983855345,0.3125,0.035585592799602835
ŞİŞLİ,CUMHURİYET,ŞİŞLİ|CUMHURİYET,2023,0.06458221300350823,617583.6513689108,0.0301785778305362,0.12076331529478782,106.0,0.30347349177330896,83.0,0.0895272312550396,7.0,0.05714285714285714,0.0,0.00039439274855956294,0.7106220450832431,8640.953939427738,0.27761578044596913,0.025579208930011314,0.23631740393929607,0.5,0.03590606553863444
ŞİŞLİ,DUATEPE,ŞİŞLİ|DUATEPE,2023,0.06491511100868096,620762.870271153,0.0303339321778687,0.20962688692680148,184.0,0.3546617915904936,97.0,1.0,15.0,0.014285714285714285,0.0,0.0006811000894560806,0.7106220450832429,14999.391743912298,0.18690711462450593,0.1333333333333333,0.20810461737164995,0.3125,0.04572383936069453
ŞİŞLİ,ERGENEKON,ŞİŞLİ|ERGENEKON,2023,0.019154439066861283,183742.54886292567,0.008978684586857,0.07974935915693535,70.0,0.051188299817184646,14.0,1.0,9.0,0.0,0.0,0.0008754012255617158,0.7106220450832429,5706.290337357939,0.07090909090909091,0.22222222222222224,0.1886906683887633,0.375,0.07098849462040316
ŞİŞLİ,ESENTEPE,ŞİŞLİ|ESENTEPE,2023,0.05971678062021459,571118.144336139,0.0279080142925999,0.168612930788949,148.0,0.1206581352833638,33.0,1.0,5.0,0.02857142857142857,0.0,0.000595462757712948,0.7106220450832429,12064.7281418425,0.07905405405405402,0.4,0.2344002260251856,0.75,0.054374373310844465
ŞİŞLİ,ESKİŞEHİR,ŞİŞLİ|ESKİŞEHİR,2023,0.09836709260539636,940233.6107298068,0.0459450523623819,0.33494730845912846,294.0,0.2522851919561243,69.0,1.0,11.0,0.0,0.0,0.0007185060102434239,0.7106220450832431,23966.41941690335,0.08320964749536176,0.18181818181818182,0.15801582176299644,0.375,0.07317091117798986
ŞİŞLİ,FERİKÖY,ŞİŞLİ|FERİKÖY,2023,0.11590825672411291,1107753.991347958,0.0541310314333629,0.1367131871261749,119.0,0.3583180987202925,98.0,1.0,12.0,0.05714285714285714,0.0,0.00024891826739057105,0.7106220450832431,9782.212006899326,0.2895454545454545,0.16666666666666666,0.27264288020665156,0.375,0.050141962584107976
ŞİŞLİ,FULYA,ŞİŞLİ|FULYA,2023,0.1421730557476121,1358586.2108915346,0.0663880910934157,0.31557960694958703,277.0,0.6361974405850092,174.0,1.0,16.0,0.014285714285714285,0.0,0.00046850196155497233,0.7106220450832429,22580.606049259277,0.22271086314407615,0.125,0.3125144148715347,0.4375,0.06838947151521371
ŞİŞLİ,GÜLBAHAR,ŞİŞLİ|GÜLBAHAR,2023,0.20306778315536095,1940138.7147017,0.0948059863208505,0.3326687553403589,292.0,0.42778793418647165,117.0,1.0,8.0,0.02857142857142857,0.0,0.00034583497828661675,0.7106220450832431,23803.382550121696,0.1420610211706102,0.25,0.2580262004705014,0.4375,0.039090374998208846
ŞİŞLİ,HALASKARGAZİ,ŞİŞLİ|HALASKARGAZİ,2023,0.014186576528129881,136298.82062946394,0.0066603197112799,0.1219025918541726,107.0,0.19378427787934185,53.0,0.17666305861700313,10.0,0.02857142857142857,0.0,0.001803891975209531,0.7106220450832429,8722.472372818565,0.17561597281223448,0.035332611723400624,0.13157894736842105,0.3125,0.004960705252126725
ŞİŞLİ,HALİDE EDİP ADIVAR,ŞİŞLİ|HALİDE EDİP ADIVAR,2023,0.1415755465075585,1352879.920554177,0.0661092499571779,0.2563372258615779,225.0,0.33638025594149906,92.0,0.1729731376418587,8.0,0.02857142857142857,0.0,0.000382157259532094,0.7106220450832431,18341.647512936237,0.14496969696969697,0.043243284410464676,0.20907329673877945,0.3125,0.057650421998366466
ŞİŞLİ,HALİL RIFAT PAŞA,ŞİŞLİ|HALİL RIFAT PAŞA,2023,0.05668655518851416,542179.1004823952,0.0264938913873939,0.08772429507262888,77.0,0.04753199268738574,13.0,0.026267363144010684,1.0,0.0,0.0,0.0003263373626007695,0.7106220450832431,6276.919371093734,0.059858323494687116,0.05253472628802137,0.2823296738779464,0.375,0.05410281137169189
ŞİŞLİ,HARBİYE,ŞİŞLİ|HARBİYE,2023,0.018838612754261522,180726.36682746507,0.0088312971291313,0.10709199658217032,94.0,0.12797074954296161,35.0,0.2642368022969663,11.0,0.2,0.0,0.0011951576136807404,0.7106220450832431,7662.732738737806,0.1320116054158607,0.04804305496308477,0.12767732213970506,0.5625,0.05322624557582358
ŞİŞLİ,KAPTANPAŞA,ŞİŞLİ|KAPTANPAŞA,2023,0.027297636424163274,261511.13431777532,0.0127788909292978,0.03303902022215893,29.0,0.04021937842778794,11.0,0.01827824631650497,1.0,0.0,0.0,0.0002548159801837688,0.7106220450832429,2364.034568334004,0.13448275862068965,0.03655649263300994,0.40208266063932835,0.3125,0.06159630907793174
ŞİŞLİ,KUŞTEPE,ŞİŞLİ|KUŞTEPE,2023,0.1327921606787705,1268997.452595015,0.0620102852544823,0.40444317858160067,355.0,0.41681901279707495,114.0,1.0,13.0,0.0,0.0,0.0006428156619384579,0.7106220450832429,28939.04385374384,0.11385403329065301,0.15384615384615383,0.3456974491443332,0.375,0.03962116076502394
ŞİŞLİ,MAHMUT ŞEVKET PAŞA,ŞİŞLİ|MAHMUT ŞEVKET PAŞA,2023,0.15393545193038163,1470918.6121040953,0.0718772780324969,0.25975505553973227,228.0,0.17184643510054845,45.0,0.009367601237208797,1.0,0.0,0.0,0.00035617632662291577,0.7106220450832429,18586.202813108717,0.07308612440191384,0.018735202474417595,0.32022925411688735,0.3125,0.04701705461979231
ŞİŞLİ,MECİDİYEKÖY,ŞİŞLİ|MECİDİYEKÖY,2023,0.16118238542760321,1540127.762052908,0.075259222670581,0.34634007405297634,304.0,0.40950639853747717,107.0,1.0,9.0,0.04285714285714286,0.0,0.0004535609758523541,0.7106220450832431,24781.603750811628,0.13062200956937797,0.22222222222222224,0.3626089764288021,0.3125,0.05399184773688775
ŞİŞLİ,SARIYER MERKEZ,ŞİŞLİ|SARIYER MERKEZ,2023,0.010917347400408013,105077.26064077692,0.0051346603515788,0.48077470806038164,422.0,0.870201096892139,238.0,0.257395787816216,11.0,0.02857142857142857,0.0,0.009228318086441287,0.7106220450832431,34400.7788909293,0.1999569151227919,0.04679923414840291,0.3029141104294478,0.75,0.103264876638141
ŞİŞLİ,MEŞRUTİYET,ŞİŞLİ|MEŞRUTİYET,2023,0.06054475771000316,579025.4323750493,0.0282944084385294,0.12532042153232698,110.0,0.27056672760511885,74.0,1.0,8.0,0.014285714285714285,0.0,0.0004365297959931857,0.7106220450832431,8967.02767299105,0.23851239669421487,0.25,0.20806425573135287,0.375,0.022067147176408217
ŞİŞLİ,PAŞA,ŞİŞLİ|PAŞA,2023,0.161711607897365,1545181.9049231394,0.0755061962483916,0.32583309598405014,286.0,0.19012797074954296,52.0,1.0,7.0,0.05714285714285714,0.0,0.00042530967905264855,0.7106220450832431,23314.27194977673,0.06446280991735535,0.2857142857142857,0.22708467872134322,0.5,0.049208841772225405
ŞİŞLİ,TEŞVİKİYE,ŞİŞLİ|TEŞVİKİYE,2023,0.09154695142249879,875100.3824505355,0.0427622799644676,0.25064084306465395,220.0,0.20109689213893966,55.0,0.07669247516966876,6.0,0.14285714285714285,0.0,0.000577675107767042,0.7106220450832431,17934.0553459821,0.08863636363636362,0.025564158389889586,0.17759121730707134,0.5625,0.05294081483888533
ŞİŞLİ,YAYLA,ŞİŞLİ|YAYLA,2023,0.09720621751043507,929147.1037886544,0.0454033038691199,0.17772714326402733,156.0,0.054844606946983544,15.0,1.0,2.0,0.0,0.0,0.0003857971079348668,0.7106220450832431,12716.875608969123,0.03409090909090907,1.0,0.28753632547626734,0.3125,0.04758589129414765
ŞİŞLİ,İNÖNÜ,ŞİŞLİ|İNÖNÜ,2023,0.0025436821933710616,25107.67748437494,0.0012269009994463,0.17544859014525777,154.0,0.062157221206581355,16.0,1.0,8.0,0.08571428571428572,0.0,0.014093959731543626,0.7106220450832431,12553.838742187469,0.039138134592680014,0.25,0.14832902809170168,0.375,0.05218383688448472
ŞİŞLİ,İZZET PAŞA,ŞİŞLİ|İZZET PAŞA,2023,0.06447124700178399,616523.91173483,0.0301267930480921,0.15494161207633153,136.0,0.39488117001828155,108.0,0.12629316212709282,5.0,0.014285714285714285,0.0,0.0005068831213777425,0.7106220450832429,11086.50694115257,0.2815508021390374,0.050517264850837136,0.4738456570875041,0.1875,0.04569250515343628
