{
"type": "FeatureCollection",
"name": "istanbul_districts",
"crs": { "type": "name", "properties": { "name": "urn:ogc:def:crs:OGC:1.3:CRS84" } },
"features": [
{ "type": "Feature", "properties": { "ilce": "Adalar" }, "geometry": { "type": "MultiPolygon", "coordinates": [ [ [ [ 29.1134628, 40.8181271 ], [ 29.1125519, 40.8193734 ], [ 29.1110226, 40.8203234 ], [ 29.1135318, 40.8204674 ], [ 29.1134628, 40.8181271 ] ] ], [ [ [ 29.1472632, 40.8468501 ], [ 29.1445703, 40.8473858 ], [ 29.1405469, 40.8504697 ], [ 29.1431648, 40.8556959 ], [ 29.1440553, 40.8555417 ], [ 29.1442299, 40.8537182 ], [ 29.1465122, 40.8524255 ], [ 29.1469521, 40.8503561 ], [ 29.1482181, 40.8491712 ], [ 29.1472632, 40.8468501 ] ] ], [ [ [ 29.1227932, 40.8385063 ], [ 29.1147076, 40.8381835 ], [ 29.1127282, 40.8391296 ], [ 29.1130621, 40.8401539 ], [ 29.112098, 40.8416453 ], [ 29.1099481, 40.8418163 ], [ 29.1110323, 40.8433908 ], [ 29.1140368, 40.8448992 ], [ 29.1146815, 40.8463786 ], [ 29.1128844, 40.8506891 ], [ 29.1103288, 40.8533873 ], [ 29.1119121, 40.8554162 ], [ 29.1113348, 40.8578562 ], [ 29.1127785, 40.8583111 ], [ 29.1130359, 40.8596926 ], [ 29.1080014, 40.86036 ], [ 29.1072404, 40.8609224 ], [ 29.1081275, 40.8615497 ], [ 29.1126671, 40.8614544 ], [ 29.1145492, 40.862356 ], [ 29.1154236, 40.8644908 ], [ 29.1139445, 40.8669545 ], [ 29.1151846, 40.8685012 ], [ 29.1149454, 40.8704647 ], [ 29.1155649, 40.8708345 ], [ 29.1228766, 40.8724025 ], [ 29.1234842, 40.873243 ], [ 29.1292132, 40.8751019 ], [ 29.1342776, 40.8750223 ], [ 29.1385917, 40.8718198 ], [ 29.1390508, 40.8697963 ], [ 29.1378204, 40.8691972 ], [ 29.1369613, 40.8669822 ], [ 29.130669, 40.8600404 ], [ 29.1261615, 40.8573416 ], [ 29.1251915, 40.853909 ], [ 29.1265929, 40.8462516 ], [ 29.1242938, 40.8440371 ], [ 29.1248539, 40.8430607 ], [ 29.1241553, 40.8417315 ], [ 29.1251447, 40.8399731 ], [ 29.1244621, 40.8384631 ], [ 29.1237992, 40.8376103 ], [ 29.1227932, 40.8385063 ] ] ], [ [ [ 28.9967337, 40.865194 ], [ 28.9950628, 40.8635391 ], [ 28.9935086, 40.8631537 ], [ 28.9916984, 40.8635469 ], [ 28.9901934, 40.8661954 ], [ 28.9930909, 40.8659606 ], [ 28.9938703, 40.866558 ], [ 28.9967337, 40.865194 ] ] ], [ [ [ 28.9732905, 40.8762302 ], [ 28.9745033, 40.8746775 ], [ 28.9702489, 40.8739201 ], [ 28.9691716, 40.8751753 ], [ 28.9726575, 40.8771615 ], [ 28.9735034, 40.8770393 ], [ 28.9747406, 40.8757257 ], [ 28.97399, 40.8764547 ], [ 28.9732905, 40.8762302 ] ] ], [ [ [ 29.085466, 40.877514 ], [ 29.0902898, 40.8804123 ], [ 29.09053, 40.8815283 ], [ 29.0886502, 40.8825912 ], [ 29.0888287, 40.8831549 ], [ 29.090624, 40.8832088 ], [ 29.093137, 40.88482 ], [ 29.0971943, 40.8846562 ], [ 29.098686, 40.883821 ], [ 29.1002236, 40.8812106 ], [ 29.0992652, 40.8801287 ], [ 29.104149, 40.8740088 ], [ 29.1026372, 40.8753102 ], [ 29.1015655, 40.8745734 ], [ 29.1022865, 40.87421 ], [ 29.1015312, 40.873548 ], [ 29.1026641, 40.8729184 ], [ 29.1039859, 40.8734377 ], [ 29.1000549, 40.8718346 ], [ 29.0976989, 40.869656 ], [ 29.0953857, 40.8691345 ], [ 29.0919696, 40.8694072 ], [ 29.0871631, 40.8680701 ], [ 29.0871889, 40.8692579 ], [ 29.0883712, 40.8704138 ], [ 29.0852795, 40.8716466 ], [ 29.0824741, 40.8704337 ], [ 29.0833432, 40.8674753 ], [ 29.0748621, 40.868851 ], [ 29.0761275, 40.8705973 ], [ 29.075825, 40.87204 ], [ 29.0748621, 40.8723914 ], [ 29.0760326, 40.8740419 ], [ 29.078307, 40.875718 ], [ 29.085466, 40.877514 ] ] ], [ [ [ 29.0567812, 40.8848685 ], [ 29.0552085, 40.8862592 ], [ 29.0599925, 40.8864285 ], [ 29.0608091, 40.8852679 ], [ 29.0695375, 40.8845879 ], [ 29.068797, 40.8822115 ], [ 29.0708068, 40.881223 ], [ 29.0697226, 40.8803979 ], [ 29.0724735, 40.8791251 ], [ 29.0709187, 40.8791476 ], [ 29.0685151, 40.8758266 ], [ 29.0639407, 40.8739492 ], [ 29.0562805, 40.8752222 ], [ 29.0540751, 40.8760941 ], [ 29.0531616, 40.8780134 ], [ 29.0522687, 40.8782188 ], [ 29.0540541, 40.8794126 ], [ 29.0547228, 40.8812727 ], [ 29.0570293, 40.8827844 ], [ 29.0567812, 40.8848685 ] ] ], [ [ [ 29.0772035, 40.8830297 ], [ 29.0760538, 40.8847455 ], [ 29.0772563, 40.8857067 ], [ 29.0787131, 40.8846878 ], [ 29.0778159, 40.8836832 ], [ 29.0780789, 40.8825625 ], [ 29.0764298, 40.8811756 ], [ 29.0772035, 40.8830297 ] ] ], [ [ [ 29.0553871, 40.9091775 ], [ 29.057031, 40.9056075 ], [ 29.054019, 40.9032461 ], [ 29.0455111, 40.9025649 ], [ 29.0450604, 40.9039272 ], [ 29.0458292, 40.9051961 ], [ 29.0425949, 40.9069235 ], [ 29.0391703, 40.9118411 ], [ 29.0398999, 40.9127816 ], [ 29.0433172, 40.9138911 ], [ 29.0508886, 40.9144917 ], [ 29.0505484, 40.9138668 ], [ 29.0530771, 40.9134926 ], [ 29.055971, 40.9107582 ], [ 29.0553871, 40.9091775 ] ] ] ] } },
{ "type": "Feature", "properties": { "ilce": "Çayırova" }, "geometry": { "type": "Polygon", "coordinates": [ [ [ 29.3616071, 40.8491162 ], [ 29.3629726, 40.8518765 ], [ 29.3680846, 40.855846 ], [ 29.366085, 40.8559704 ], [ 29.3644095, 40.8590876 ], [ 29.3666626, 40.8592742 ], [ 29.3672366, 40.8625442 ], [ 29.3695272, 40.8641103 ], [ 29.3711919, 40.8638663 ], [ 29.3746358, 40.8683166 ], [ 29.3793144, 40.8722799 ], [ 29.396453, 40.876355 ], [ 29.4024622, 40.8795461 ], [ 29.4069332, 40.8800688 ], [ 29.413703, 40.8791014 ], [ 29.4136368, 40.8737066 ], [ 29.4164837, 40.869995 ], [ 29.4220112, 40.8652083 ], [ 29.4211915, 40.8632943 ], [ 29.4201088, 40.8633707 ], [ 29.4200451, 40.8618194 ], [ 29.4231146, 40.8489217 ], [ 29.4238388, 40.8489656 ], [ 29.425591, 40.8462124 ], [ 29.4267207, 40.8464658 ], [ 29.4287478, 40.844919 ], [ 29.4271465, 40.84102 ], [ 29.4239107, 40.8371152 ], [ 29.4238543, 40.8358595 ], [ 29.4256959, 40.8343318 ], [ 29.4246044, 40.832587 ], [ 29.4203343, 40.8323398 ], [ 29.4152496, 40.8279763 ], [ 29.4163704, 40.8228846 ], [ 29.4155776, 40.8223925 ], [ 29.4149065, 40.8192697 ], [ 29.4112106, 40.8143604 ], [ 29.4075631, 40.8145919 ], [ 29.407487, 40.8140021 ], [ 29.3988611, 40.8166596 ], [ 29.3939263, 40.8165177 ], [ 29.394089, 40.8177482 ], [ 29.3898008, 40.8182277 ], [ 29.3878005, 40.8206481 ], [ 29.3854726, 40.8203268 ], [ 29.3844702, 40.8226983 ], [ 29.3815508, 40.8232277 ], [ 29.3796837, 40.8230248 ], [ 29.3750928, 40.8205845 ], [ 29.3727942, 40.8147636 ], [ 29.3704814, 40.8120131 ], [ 29.3682938, 40.8116231 ], [ 29.3622896, 40.8164292 ], [ 29.3642175, 40.8189761 ], [ 29.3636589, 40.8196612 ], [ 29.3643388, 40.8230032 ], [ 29.3634146, 40.8236905 ], [ 29.3641731, 40.8271147 ], [ 29.3662767, 40.8294761 ], [ 29.3663369, 40.8311551 ], [ 29.36935, 40.8334827 ], [ 29.3711445, 40.8377785 ], [ 29.3682668, 40.8399838 ], [ 29.3629752, 40.8490411 ], [ 29.3616071, 40.8491162 ] ] ] } },
{ "type": "Feature", "properties": { "ilce": "Kandıra" }, "geometry": { "type": "MultiPolygon", "coordinates": [ [ [ [ 29.8340821, 41.0163849 ], [ 29.8350048, 41.0173887 ], [ 29.8394794, 41.0184287 ], [ 29.8409454, 41.0208051 ], [ 29.8453259, 41.0202219 ], [ 29.8507333, 41.0249652 ], [ 29.8518598, 41.0268268 ], [ 29.8545742, 41.0283808 ], [ 29.857986, 41.0285589 ], [ 29.8622285, 41.0308556 ], [ 29.8626423, 41.0326056 ], [ 29.8635864, 41.033253 ], [ 29.8637715, 41.0355016 ], [ 29.8678136, 41.0375584 ], [ 29.8684617, 41.0402864 ], [ 29.8708268, 41.0410528 ], [ 29.877963, 41.0405202 ], [ 29.8804294, 41.0419671 ], [ 29.8800015, 41.0469693 ], [ 29.8813223, 41.0494249 ], [ 29.8803929, 41.0511749 ], [ 29.8816109, 41.0524389 ], [ 29.8810408, 41.054389 ], [ 29.8824692, 41.0560149 ], [ 29.8869974, 41.0581555 ], [ 29.8879516, 41.0598738 ], [ 29.8871367, 41.0631993 ], [ 29.8894398, 41.0628339 ], [ 29.8900545, 41.0634009 ], [ 29.8914465, 41.0625703 ], [ 29.8928225, 41.0639267 ], [ 29.8917828, 41.0675748 ], [ 29.8927045, 41.0707537 ], [ 29.8888534, 41.0757433 ], [ 29.8889046, 41.0776029 ], [ 29.8879838, 41.0776447 ], [ 29.8869006, 41.0804381 ], [ 29.8876083, 41.0802084 ], [ 29.8892712, 41.0823596 ], [ 29.8909982, 41.0827078 ], [ 29.8905694, 41.0833624 ], [ 29.8925543, 41.0856752 ], [ 29.8913741, 41.0868963 ], [ 29.8922324, 41.0870418 ], [ 29.8929191, 41.0896941 ], [ 29.8915028, 41.0929597 ], [ 29.9003367, 41.0908989 ], [ 29.9038088, 41.0917641 ], [ 29.9072455, 41.0906443 ], [ 29.9107692, 41.0879805 ], [ 29.9113512, 41.0882143 ], [ 29.910332, 41.0891038 ], [ 29.9115443, 41.0896375 ], [ 29.9118086, 41.0889563 ], [ 29.9128747, 41.0889987 ], [ 29.9131751, 41.0898073 ], [ 29.9151599, 41.0887723 ], [ 29.9142051, 41.0893464 ], [ 29.9146664, 41.0898801 ], [ 29.9168631, 41.0886483 ], [ 29.9278371, 41.0864483 ], [ 29.9277341, 41.0871469 ], [ 29.9289909, 41.0877125 ], [ 29.9361086, 41.0868776 ], [ 29.94109, 41.0840125 ], [ 29.9413276, 41.0850202 ], [ 29.9439347, 41.0850202 ], [ 29.9439347, 41.0836454 ], [ 29.9454582, 41.0826831 ], [ 29.9504646, 41.0820758 ], [ 29.9545133, 41.0800952 ], [ 29.9542357, 41.0821156 ], [ 29.9550497, 41.0837101 ], [ 29.9576783, 41.0840012 ], [ 29.957056, 41.0845511 ], [ 29.9578071, 41.0866213 ], [ 29.9561217, 41.0894418 ], [ 29.9585879, 41.0923244 ], [ 29.9588048, 41.0944648 ], [ 29.9571262, 41.0952417 ], [ 29.9549532, 41.0987095 ], [ 29.9489605, 41.0998582 ], [ 29.9460015, 41.0993006 ], [ 29.9435943, 41.0974652 ], [ 29.9395251, 41.0974483 ], [ 29.9358378, 41.0984051 ], [ 29.9285222, 41.0969988 ], [ 29.9265754, 41.0985802 ], [ 29.9183638, 41.0992309 ], [ 29.9150097, 41.1010461 ], [ 29.915632, 41.1029702 ], [ 29.914999, 41.1040373 ], [ 29.9166942, 41.10487 ], [ 29.9141782, 41.1049266 ], [ 29.9145913, 41.1057108 ], [ 29.9134433, 41.1055127 ], [ 29.9130249, 41.1077197 ], [ 29.9141461, 41.1089686 ], [ 29.9149132, 41.1084553 ], [ 29.9157017, 41.1099912 ], [ 29.9144465, 41.1110057 ], [ 29.9150956, 41.1119434 ], [ 29.9146771, 41.1139521 ], [ 29.9133575, 41.114239 ], [ 29.9139208, 41.1150231 ], [ 29.91207, 41.1160456 ], [ 29.9114513, 41.1183865 ], [ 29.9138725, 41.118632 ], [ 29.9144608, 41.1200708 ], [ 29.913596, 41.1208187 ], [ 29.9117048, 41.1190109 ], [ 29.9096302, 41.1194186 ], [ 29.910114, 41.1200655 ], [ 29.9095273, 41.1210487 ], [ 29.9121276, 41.1226377 ], [ 29.9145913, 41.1259019 ], [ 29.9151222, 41.135992 ], [ 29.9140978, 41.1403423 ], [ 29.9181844, 41.1415455 ], [ 29.9192667, 41.1401278 ], [ 29.9199412, 41.1422371 ], [ 29.922227, 41.1412908 ], [ 29.9226266, 41.1420631 ], [ 29.9233417, 41.1410439 ], [ 29.9236639, 41.1420552 ], [ 29.929091, 41.140751 ], [ 29.932516, 41.141434 ], [ 29.934161, 41.140237 ], [ 29.937253, 41.141056 ], [ 29.940633, 41.140713 ], [ 29.943283, 41.139234 ], [ 29.943226, 41.137952 ], [ 29.944289, 41.138952 ], [ 29.946957, 41.137857 ], [ 29.947353, 41.13913 ], [ 29.948359, 41.138848 ], [ 29.948744, 41.139865 ], [ 29.952463, 41.139512 ], [ 29.952733, 41.137965 ], [ 29.9569465, 41.1389507 ], [ 29.9595439, 41.1373352 ], [ 29.9592774, 41.1383022 ], [ 29.9614932, 41.1381433 ], [ 29.9613101, 41.1397219 ], [ 29.964322, 41.138951 ], [ 29.964029, 41.139985 ], [ 29.965554, 41.139946 ], [ 29.964391, 41.140489 ], [ 29.964747, 41.140865 ], [ 29.970501, 41.14046 ], [ 29.971501, 41.140049 ], [ 29.97211, 41.138494 ], [ 29.973823, 41.138834 ], [ 29.9735465, 41.1375059 ], [ 29.975449, 41.137252 ], [ 29.976087, 41.136337 ], [ 29.9751139, 41.1363518 ], [ 29.9752951, 41.1356719 ], [ 29.9793834, 41.1345234 ], [ 29.983503, 41.1365897 ], [ 29.9884605, 41.1344769 ], [ 29.9909923, 41.1345699 ], [ 29.9914862, 41.135706 ], [ 29.9930653, 41.1355134 ], [ 29.9939562, 41.1362043 ], [ 29.993524, 41.1382107 ], [ 29.9949883, 41.1374068 ], [ 29.9975018, 41.1402462 ], [ 29.9972994, 41.1371499 ], [ 30.0000953, 41.1376782 ], [ 30.0002465, 41.1353837 ], [ 30.0015449, 41.1352581 ], [ 30.0010538, 41.1359901 ], [ 30.0028831, 41.1367099 ], [ 30.0017879, 41.1381863 ], [ 29.9989206, 41.1388716 ], [ 30.0021835, 41.1384972 ], [ 30.0036482, 41.1366399 ], [ 30.0052034, 41.136191 ], [ 30.0084585, 41.1375796 ], [ 30.0079909, 41.1384627 ], [ 30.008621, 41.138764 ], [ 30.012422, 41.137323 ], [ 30.012714, 41.138357 ], [ 30.014824, 41.1377701 ], [ 30.0167902, 41.1386679 ], [ 30.0175502, 41.1379088 ], [ 30.0167112, 41.1370327 ], [ 30.0172463, 41.1353646 ], [ 30.0203777, 41.1346198 ], [ 30.0231141, 41.1354414 ], [ 30.0232266, 41.1370038 ], [ 30.0223227, 41.1381454 ], [ 30.0240258, 41.1384458 ], [ 30.024078, 41.1393317 ], [ 30.027928, 41.139778 ], [ 30.028992, 41.138779 ], [ 30.030641, 41.139848 ], [ 30.0341365, 41.1380975 ], [ 30.037488, 41.138612 ], [ 30.039891, 41.138033 ], [ 30.040971, 41.136648 ], [ 30.0432452, 41.1373215 ], [ 30.045397, 41.136377 ], [ 30.0454107, 41.1343124 ], [ 30.0464755, 41.1338901 ], [ 30.048664, 41.135435 ], [ 30.048404, 41.137481 ], [ 30.049455, 41.136738 ], [ 30.050111, 41.137268 ], [ 30.050145, 41.136499 ], [ 30.053548, 41.13633 ], [ 30.053467, 41.138124 ], [ 30.055152, 41.138424 ], [ 30.0593143, 41.1365601 ], [ 30.064383, 41.136991 ], [ 30.0649666, 41.135864 ], [ 30.0674169, 41.1347171 ], [ 30.069561, 41.13507 ], [ 30.073688, 41.133891 ], [ 30.0769835, 41.1351571 ], [ 30.077422, 41.138903 ], [ 30.076845, 41.139234 ], [ 30.080282, 41.138294 ], [ 30.08057, 41.139456 ], [ 30.082588, 41.139893 ], [ 30.083301, 41.139141 ], [ 30.0844717, 41.139811 ], [ 30.0856304, 41.1385384 ], [ 30.0867516, 41.1397787 ], [ 30.0879881, 41.1381728 ], [ 30.089451, 41.13827 ], [ 30.090084, 41.139313 ], [ 30.091791, 41.139099 ], [ 30.093894, 41.137612 ], [ 30.0976272, 41.1388327 ], [ 30.0984259, 41.1402566 ], [ 30.0988887, 41.1403755 ], [ 30.0986815, 41.1387748 ], [ 30.0994319, 41.1383133 ], [ 30.0984962, 41.1369054 ], [ 30.0997236, 41.135337 ], [ 30.1010933, 41.1352691 ], [ 30.1025155, 41.135868 ], [ 30.1024332, 41.1380072 ], [ 30.1041681, 41.1380051 ], [ 30.1055406, 41.1369179 ], [ 30.1062597, 41.1373469 ], [ 30.1056515, 41.1382292 ], [ 30.1065603, 41.1382321 ], [ 30.1062874, 41.1392454 ], [ 30.1066811, 41.1385693 ], [ 30.1085999, 41.1394899 ], [ 30.110354, 41.14162 ], [ 30.113073, 41.141559 ], [ 30.118766, 41.143371 ], [ 30.119484, 41.14249 ], [ 30.122169, 41.143199 ], [ 30.124244, 41.142353 ], [ 30.125584, 41.142772 ], [ 30.125222, 41.143276 ], [ 30.128325, 41.142198 ], [ 30.137844, 41.141921 ], [ 30.1403135, 41.1425241 ], [ 30.1450465, 41.140021 ], [ 30.1550959, 41.1387847 ], [ 30.1589092, 41.140528 ], [ 30.159241, 41.14181 ], [ 30.1611599, 41.1408712 ], [ 30.162983, 41.141646 ], [ 30.163278, 41.14268 ], [ 30.164985, 41.142465 ], [ 30.164624, 41.14297 ], [ 30.166937, 41.144438 ], [ 30.168617, 41.144865 ], [ 30.1692832, 41.1432685 ], [ 30.1709359, 41.1446252 ], [ 30.172375, 41.144315 ], [ 30.1733452, 41.145444 ], [ 30.1765583, 41.1458262 ], [ 30.179826, 41.148734 ], [ 30.1776958, 41.1523845 ], [ 30.178102, 41.153312 ], [ 30.1815678, 41.150793 ], [ 30.1810419, 41.1493911 ], [ 30.1824132, 41.1484663 ], [ 30.1848296, 41.1483207 ], [ 30.1875223, 41.1492913 ], [ 30.188, 41.148164 ], [ 30.1873286, 41.1464801 ], [ 30.188953, 41.145748 ], [ 30.1910056, 41.146004 ], [ 30.193121, 41.147518 ], [ 30.1938215, 41.1508841 ], [ 30.196339, 41.151704 ], [ 30.197072, 41.152941 ], [ 30.1962607, 41.1546466 ], [ 30.1954495, 41.1544164 ], [ 30.1963606, 41.155638 ], [ 30.195749, 41.1578275 ], [ 30.19217, 41.157891 ], [ 30.1909501, 41.1586309 ], [ 30.1917302, 41.1590115 ], [ 30.1912309, 41.1598055 ], [ 30.1919673, 41.1597491 ], [ 30.1914057, 41.1602706 ], [ 30.1924603, 41.161464 ], [ 30.1944697, 41.1615767 ], [ 30.1944448, 41.1607123 ], [ 30.197407, 41.162511 ], [ 30.2003134, 41.1610709 ], [ 30.2030318, 41.1621075 ], [ 30.2063944, 41.1608849 ], [ 30.2074447, 41.162154 ], [ 30.2059178, 41.1629978 ], [ 30.2059708, 41.1640211 ], [ 30.206465, 41.1632968 ], [ 30.2083096, 41.1636291 ], [ 30.2098012, 41.1625859 ], [ 30.210675, 41.1634829 ], [ 30.2119459, 41.1633035 ], [ 30.211178, 41.1620012 ], [ 30.2117782, 41.1610576 ], [ 30.2163052, 41.1603937 ], [ 30.2174726, 41.1586255 ], [ 30.2217176, 41.1594032 ], [ 30.2256858, 41.1624149 ], [ 30.2273096, 41.1654711 ], [ 30.2223674, 41.1698625 ], [ 30.224106, 41.1684939 ], [ 30.2258358, 41.1686866 ], [ 30.2257387, 41.17056 ], [ 30.2237001, 41.1711646 ], [ 30.2235942, 41.1700485 ], [ 30.2231882, 41.1716097 ], [ 30.2203729, 41.1726726 ], [ 30.2222704, 41.1734432 ], [ 30.219967, 41.1753696 ], [ 30.221935, 41.1774886 ], [ 30.2240707, 41.1782326 ], [ 30.2273361, 41.1787839 ], [ 30.2257652, 41.1776812 ], [ 30.2263918, 41.1769838 ], [ 30.2258976, 41.176459 ], [ 30.2292865, 41.1755556 ], [ 30.2316428, 41.1759741 ], [ 30.2333638, 41.1780466 ], [ 30.2325342, 41.1795943 ], [ 30.2308839, 41.179767 ], [ 30.2315016, 41.1817132 ], [ 30.2304514, 41.183015 ], [ 30.2307162, 41.1838585 ], [ 30.2283245, 41.1837722 ], [ 30.2269781, 41.1855448 ], [ 30.224638, 41.185246 ], [ 30.224573, 41.186784 ], [ 30.230662, 41.187444 ], [ 30.23029, 41.188205 ], [ 30.230952, 41.188606 ], [ 30.235365, 41.188712 ], [ 30.2388114, 41.1869871 ], [ 30.2447797, 41.1869415 ], [ 30.2559402, 41.1910974 ], [ 30.2579028, 41.1932086 ], [ 30.2576239, 41.1947451 ], [ 30.2583416, 41.1959929 ], [ 30.2599656, 41.1967502 ], [ 30.2626407, 41.200032 ], [ 30.2623471, 41.2026168 ], [ 30.2640017, 41.206588 ], [ 30.2630587, 41.2075838 ], [ 30.2652304, 41.2072979 ], [ 30.2682249, 41.2094191 ], [ 30.2707639, 41.209732 ], [ 30.2797192, 41.2041679 ], [ 30.2946282, 41.2005414 ], [ 30.30385, 41.200733 ], [ 30.303882, 41.199964 ], [ 30.306258, 41.200019 ], [ 30.306566, 41.200797 ], [ 30.310312, 41.200627 ], [ 30.311733, 41.199121 ], [ 30.316157, 41.198967 ], [ 30.316523, 41.198334 ], [ 30.317876, 41.198494 ], [ 30.317902, 41.197852 ], [ 30.321282, 41.198317 ], [ 30.321558, 41.199863 ], [ 30.322922, 41.199766 ], [ 30.324233, 41.200952 ], [ 30.328636, 41.201311 ], [ 30.329017, 41.200293 ], [ 30.330355, 41.200838 ], [ 30.330201, 41.1972218 ], [ 30.3328608, 41.194911 ], [ 30.3423028, 41.1913742 ], [ 30.3436665, 41.1915035 ], [ 30.344274, 41.192817 ], [ 30.349085, 41.1928038 ], [ 30.350632, 41.191039 ], [ 30.3494597, 41.1880918 ], [ 30.351945, 41.187988 ], [ 30.352336, 41.186714 ], [ 30.3514169, 41.1864231 ], [ 30.3523045, 41.1853448 ], [ 30.3671418, 41.1791986 ], [ 30.3622198, 41.1738249 ], [ 30.3657536, 41.1711221 ], [ 30.365706, 41.1684112 ], [ 30.3559005, 41.1649651 ], [ 30.3487509, 41.1654214 ], [ 30.3396785, 41.1621139 ], [ 30.3321701, 41.1556247 ], [ 30.3294003, 41.1510149 ], [ 30.3286171, 41.1450123 ], [ 30.3275227, 41.1449476 ], [ 30.3259469, 41.1427659 ], [ 30.3271867, 41.1386428 ], [ 30.3233694, 41.1228533 ], [ 30.3211049, 41.1210797 ], [ 30.3171265, 41.1199939 ], [ 30.3147769, 41.1184098 ], [ 30.3148949, 41.1173024 ], [ 30.3126204, 41.1168902 ], [ 30.3124273, 41.115306 ], [ 30.3087902, 41.1126628 ], [ 30.3066347, 41.1125181 ], [ 30.3066552, 41.1111755 ], [ 30.3053033, 41.1094456 ], [ 30.3057861, 41.1092596 ], [ 30.2955557, 41.1027919 ], [ 30.2956181, 41.1020632 ], [ 30.2927935, 41.0997282 ], [ 30.291506, 41.0969066 ], [ 30.2907443, 41.0968742 ], [ 30.2910125, 41.0961061 ], [ 30.2870965, 41.0946992 ], [ 30.2860727, 41.0925744 ], [ 30.2828972, 41.0908403 ], [ 30.2816357, 41.0890074 ], [ 30.271684, 41.0906466 ], [ 30.2663147, 41.0904946 ], [ 30.2625062, 41.0897973 ], [ 30.2620164, 41.0864199 ], [ 30.2577843, 41.0869657 ], [ 30.2577873, 41.0852566 ], [ 30.2440309, 41.0851657 ], [ 30.2439562, 41.0821666 ], [ 30.245651, 41.0802974 ], [ 30.2472711, 41.0734794 ], [ 30.2504468, 41.0693058 ], [ 30.2522385, 41.0681087 ], [ 30.2529048, 41.0646589 ], [ 30.2542448, 41.0626 ], [ 30.2543199, 41.0599062 ], [ 30.2554289, 41.0575496 ], [ 30.2539873, 41.0556346 ], [ 30.2661905, 41.0509854 ], [ 30.2644868, 41.0481391 ], [ 30.2573315, 41.0466946 ], [ 30.2580535, 41.044024 ], [ 30.2616477, 41.0378902 ], [ 30.2600276, 41.0386104 ], [ 30.2596736, 41.0396624 ], [ 30.2577915, 41.0399548 ], [ 30.2585513, 41.0387825 ], [ 30.2508935, 41.0374251 ], [ 30.2497288, 41.0311355 ], [ 30.246048, 41.0270372 ], [ 30.2459085, 41.0286884 ], [ 30.2435589, 41.0286884 ], [ 30.2399433, 41.0244633 ], [ 30.2368641, 41.0231602 ], [ 30.2352076, 41.0195983 ], [ 30.2308345, 41.0183439 ], [ 30.2282335, 41.0196134 ], [ 30.2269149, 41.0152916 ], [ 30.2311817, 41.010378 ], [ 30.2308559, 41.0082569 ], [ 30.2324975, 41.007596 ], [ 30.2333772, 41.0057713 ], [ 30.235008, 41.0052369 ], [ 30.2341236, 41.0035496 ], [ 30.2366871, 41.0009983 ], [ 30.2385398, 40.9962624 ], [ 30.2379048, 40.9942814 ], [ 30.2355726, 40.9928976 ], [ 30.2378726, 40.9902324 ], [ 30.2366173, 40.9808538 ], [ 30.2373469, 40.9800115 ], [ 30.2453838, 40.9767201 ], [ 30.2462465, 40.9778448 ], [ 30.2482214, 40.977863 ], [ 30.2486122, 40.9802545 ], [ 30.2510442, 40.9828782 ], [ 30.2586543, 40.9861183 ], [ 30.2586953, 40.9868532 ], [ 30.2606285, 40.9870051 ], [ 30.2610147, 40.9825952 ], [ 30.2599311, 40.9810482 ], [ 30.2605641, 40.9783429 ], [ 30.2637505, 40.9768444 ], [ 30.2641875, 40.975468 ], [ 30.2670955, 40.9756594 ], [ 30.2670336, 40.9719762 ], [ 30.2690506, 40.9698416 ], [ 30.2703595, 40.9708502 ], [ 30.2695049, 40.9727934 ], [ 30.2713412, 40.9741147 ], [ 30.2720029, 40.973567 ], [ 30.2719828, 40.9716584 ], [ 30.2768183, 40.9680635 ], [ 30.2772805, 40.9646647 ], [ 30.2765608, 40.959735 ], [ 30.2767646, 40.9588762 ], [ 30.2781132, 40.958886 ], [ 30.2774727, 40.9562632 ], [ 30.2788136, 40.9560401 ], [ 30.2790869, 40.9568212 ], [ 30.2808201, 40.9572476 ], [ 30.2838457, 40.9570127 ], [ 30.2852848, 40.9577119 ], [ 30.2841235, 40.9590862 ], [ 30.2880124, 40.9588762 ], [ 30.2880889, 40.9572314 ], [ 30.2904634, 40.9555597 ], [ 30.2854121, 40.9525724 ], [ 30.2825689, 40.9521834 ], [ 30.2822261, 40.9507855 ], [ 30.2831141, 40.9490903 ], [ 30.284637, 40.9498461 ], [ 30.2851892, 40.9488171 ], [ 30.2836043, 40.9486585 ], [ 30.2803051, 40.9448498 ], [ 30.2793664, 40.944694 ], [ 30.2796096, 40.9428621 ], [ 30.2772689, 40.9397239 ], [ 30.2773337, 40.9385348 ], [ 30.2806699, 40.9358619 ], [ 30.2850683, 40.9342695 ], [ 30.2902615, 40.9301071 ], [ 30.295304, 40.9277726 ], [ 30.2881479, 40.9287292 ], [ 30.2878797, 40.9277645 ], [ 30.2868265, 40.9274405 ], [ 30.2840978, 40.92772 ], [ 30.2843499, 40.9265972 ], [ 30.282644, 40.9253002 ], [ 30.2790316, 40.9248088 ], [ 30.2790821, 40.9240275 ], [ 30.2807665, 40.9233385 ], [ 30.2806163, 40.9215388 ], [ 30.2789962, 40.9208659 ], [ 30.2787602, 40.9200228 ], [ 30.2772474, 40.9199904 ], [ 30.276829, 40.9189648 ], [ 30.2749624, 40.9188741 ], [ 30.2745277, 40.9175623 ], [ 30.2806316, 40.9177009 ], [ 30.2819482, 40.915739 ], [ 30.2825269, 40.9118063 ], [ 30.2891387, 40.9119197 ], [ 30.2906735, 40.9106337 ], [ 30.2906048, 40.9090613 ], [ 30.2917072, 40.908077 ], [ 30.2917099, 40.9046421 ], [ 30.2955186, 40.9030284 ], [ 30.2941131, 40.902477 ], [ 30.2924287, 40.8998658 ], [ 30.2922356, 40.8993387 ], [ 30.2937484, 40.8988927 ], [ 30.2938235, 40.897514 ], [ 30.2925453, 40.8950437 ], [ 30.2908922, 40.8953284 ], [ 30.2909374, 40.8918735 ], [ 30.2831268, 40.8932644 ], [ 30.2721146, 40.8975305 ], [ 30.2708959, 40.8973599 ], [ 30.2706921, 40.8988764 ], [ 30.2691686, 40.8991846 ], [ 30.2670121, 40.901212 ], [ 30.2666473, 40.9030527 ], [ 30.2628761, 40.9058503 ], [ 30.2540624, 40.9080153 ], [ 30.2510905, 40.908368 ], [ 30.2504039, 40.9074639 ], [ 30.240419, 40.9056005 ], [ 30.2363442, 40.9028254 ], [ 30.2313069, 40.9020637 ], [ 30.2283883, 40.8995901 ], [ 30.2264512, 40.9034407 ], [ 30.2287784, 40.9070751 ], [ 30.2327549, 40.9080802 ], [ 30.2375301, 40.9116075 ], [ 30.2358234, 40.9132288 ], [ 30.2250194, 40.9189365 ], [ 30.2250657, 40.9202428 ], [ 30.2209425, 40.9230142 ], [ 30.2204603, 40.9256891 ], [ 30.2197087, 40.9261514 ], [ 30.2200649, 40.9276548 ], [ 30.2157105, 40.9327203 ], [ 30.2129387, 40.9299667 ], [ 30.2038193, 40.9280239 ], [ 30.2026284, 40.9266702 ], [ 30.1942277, 40.9280806 ], [ 30.1855521, 40.9254606 ], [ 30.1850331, 40.9266702 ], [ 30.183177, 40.9270025 ], [ 30.1831165, 40.9279179 ], [ 30.1792376, 40.931492 ], [ 30.1790035, 40.9303746 ], [ 30.1777267, 40.9301882 ], [ 30.1770615, 40.9289804 ], [ 30.1766968, 40.9268647 ], [ 30.1745617, 40.9266459 ], [ 30.1744223, 40.925511 ], [ 30.1728988, 40.9241978 ], [ 30.1733028, 40.923582 ], [ 30.1722765, 40.9225035 ], [ 30.1707372, 40.9224715 ], [ 30.169723, 40.9183852 ], [ 30.1737249, 40.9132612 ], [ 30.1723623, 40.9128153 ], [ 30.1724876, 40.9112405 ], [ 30.1758814, 40.912191 ], [ 30.1755917, 40.9110235 ], [ 30.1774371, 40.9092721 ], [ 30.1775137, 40.9069553 ], [ 30.1822684, 40.9038156 ], [ 30.1828306, 40.9012044 ], [ 30.1670945, 40.9002145 ], [ 30.1655495, 40.8946512 ], [ 30.1642003, 40.8939207 ], [ 30.1638865, 40.8944728 ], [ 30.1609361, 40.8922911 ], [ 30.1617193, 40.8916342 ], [ 30.1599812, 40.8913098 ], [ 30.1604533, 40.8897282 ], [ 30.1595932, 40.8898514 ], [ 30.1588654, 40.8888766 ], [ 30.1558828, 40.8835395 ], [ 30.1545954, 40.8835233 ], [ 30.1546168, 40.8812196 ], [ 30.1456046, 40.8812845 ], [ 30.143888, 40.8822416 ], [ 30.142622, 40.8793214 ], [ 30.1389313, 40.879224 ], [ 30.1351332, 40.8776016 ], [ 30.1295757, 40.878494 ], [ 30.1258536, 40.8765572 ], [ 30.1210987, 40.8795839 ], [ 30.1175594, 40.8800839 ], [ 30.1161003, 40.8787211 ], [ 30.113658, 40.8782719 ], [ 30.1130318, 40.8775854 ], [ 30.1141131, 40.8762969 ], [ 30.109959, 40.8744305 ], [ 30.1096874, 40.8727035 ], [ 30.0998997, 40.8732047 ], [ 30.095935, 40.8726555 ], [ 30.0928831, 40.8741458 ], [ 30.0838384, 40.875186 ], [ 30.0873685, 40.8781857 ], [ 30.0862369, 40.8786851 ], [ 30.0867141, 40.8793651 ], [ 30.0861347, 40.8811384 ], [ 30.0841606, 40.8836449 ], [ 30.0818128, 40.8831942 ], [ 30.08062, 40.8884954 ], [ 30.0797403, 40.8892983 ], [ 30.0788812, 40.8884594 ], [ 30.0787349, 40.8902968 ], [ 30.0767255, 40.8919586 ], [ 30.0714469, 40.892721 ], [ 30.0668054, 40.8955108 ], [ 30.06744, 40.8982 ], [ 30.070234, 40.9008693 ], [ 30.0651705, 40.9008551 ], [ 30.0647199, 40.9015282 ], [ 30.0654315, 40.9032595 ], [ 30.0625709, 40.9039423 ], [ 30.0645935, 40.9053194 ], [ 30.0633277, 40.9067472 ], [ 30.0477302, 40.9107172 ], [ 30.0461912, 40.9147287 ], [ 30.0423012, 40.9172753 ], [ 30.0448394, 40.9208902 ], [ 30.0458607, 40.9206679 ], [ 30.0477469, 40.922617 ], [ 30.0470281, 40.9232898 ], [ 30.0499511, 40.9269263 ], [ 30.0553643, 40.9273038 ], [ 30.0548523, 40.9287513 ], [ 30.0557819, 40.9290152 ], [ 30.0536346, 40.9308181 ], [ 30.055126, 40.9332722 ], [ 30.0571253, 40.9344496 ], [ 30.0562462, 40.9356497 ], [ 30.0570709, 40.9371692 ], [ 30.0579071, 40.9372317 ], [ 30.0586796, 40.9392497 ], [ 30.0581513, 40.9397823 ], [ 30.061474, 40.9394981 ], [ 30.0603046, 40.943018 ], [ 30.057459, 40.9437372 ], [ 30.0602552, 40.9443311 ], [ 30.0597632, 40.9456764 ], [ 30.0581109, 40.9464381 ], [ 30.0597383, 40.947073 ], [ 30.0590235, 40.9485919 ], [ 30.0537557, 40.9471454 ], [ 30.052768, 40.945725 ], [ 30.0530898, 40.9445986 ], [ 30.0515472, 40.9436455 ], [ 30.0519419, 40.9430669 ], [ 30.0511157, 40.9422484 ], [ 30.0425863, 40.9376531 ], [ 30.043165, 40.9348605 ], [ 30.0421277, 40.9351406 ], [ 30.041492, 40.9344111 ], [ 30.0371468, 40.9362753 ], [ 30.0374476, 40.9331452 ], [ 30.0356056, 40.9338061 ], [ 30.0349903, 40.9331143 ], [ 30.0336385, 40.9333331 ], [ 30.0343966, 40.9342811 ], [ 30.0339647, 40.935685 ], [ 30.0287247, 40.9335439 ], [ 30.0282419, 40.9346056 ], [ 30.0266755, 40.9345732 ], [ 30.0267248, 40.9363765 ], [ 30.0294864, 40.9378882 ], [ 30.0306666, 40.9376774 ], [ 30.0336492, 40.9396793 ], [ 30.03297, 40.9409018 ], [ 30.0302217, 40.9407491 ], [ 30.0272365, 40.9442562 ], [ 30.0246155, 40.9452712 ], [ 30.0256309, 40.9466757 ], [ 30.0256133, 40.9505142 ], [ 30.0203884, 40.9527669 ], [ 30.0131138, 40.9541196 ], [ 30.0105105, 40.9523594 ], [ 30.008444, 40.9529018 ], [ 30.0069106, 40.9521604 ], [ 30.0043166, 40.9535853 ], [ 30.0023746, 40.9529127 ], [ 30.0004869, 40.9534906 ], [ 30.0004009, 40.9514706 ], [ 29.9951872, 40.9483498 ], [ 29.9924502, 40.9443638 ], [ 29.9958134, 40.9441788 ], [ 29.9955404, 40.9424753 ], [ 29.9941718, 40.9420841 ], [ 29.9986773, 40.939321 ], [ 29.9945533, 40.936486 ], [ 29.9955627, 40.9356012 ], [ 29.9905616, 40.9353854 ], [ 29.9903234, 40.9365839 ], [ 29.9881911, 40.9335844 ], [ 29.9858308, 40.9328063 ], [ 29.9834155, 40.9359652 ], [ 29.9848759, 40.9376693 ], [ 29.9835424, 40.9377882 ], [ 29.9812578, 40.9396724 ], [ 29.9771619, 40.9401331 ], [ 29.9762177, 40.9395253 ], [ 29.9729991, 40.9404735 ], [ 29.9694908, 40.9398981 ], [ 29.9680853, 40.9460978 ], [ 29.9649152, 40.9505747 ], [ 29.9648031, 40.9538419 ], [ 29.961884, 40.9556109 ], [ 29.9565566, 40.9561855 ], [ 29.9584498, 40.9584882 ], [ 29.9573886, 40.9599538 ], [ 29.9571926, 40.9643883 ], [ 29.9558973, 40.9652604 ], [ 29.9571195, 40.9689741 ], [ 29.9520564, 40.9681364 ], [ 29.9510512, 40.9688526 ], [ 29.9501145, 40.9682012 ], [ 29.9484301, 40.970834 ], [ 29.9459672, 40.9719328 ], [ 29.9422945, 40.9707365 ], [ 29.9417567, 40.9687683 ], [ 29.9393535, 40.9677232 ], [ 29.937307, 40.9632843 ], [ 29.9322081, 40.9630001 ], [ 29.9311459, 40.9615742 ], [ 29.9260336, 40.959496 ], [ 29.9238235, 40.9610354 ], [ 29.9241274, 40.9623579 ], [ 29.9227023, 40.962992 ], [ 29.9218333, 40.9624168 ], [ 29.9197733, 40.9644503 ], [ 29.9155891, 40.9629839 ], [ 29.9134648, 40.9626679 ], [ 29.9134755, 40.9631945 ], [ 29.9110293, 40.9618902 ], [ 29.9080038, 40.961955 ], [ 29.9060082, 40.962676 ], [ 29.9047422, 40.9642477 ], [ 29.9054181, 40.9649202 ], [ 29.9025535, 40.9657708 ], [ 29.8995602, 40.9648149 ], [ 29.8961377, 40.9653009 ], [ 29.8947966, 40.9646042 ], [ 29.892329, 40.9662326 ], [ 29.8908162, 40.9659004 ], [ 29.8843467, 40.960448 ], [ 29.8826837, 40.9571342 ], [ 29.881171, 40.9567939 ], [ 29.8787677, 40.9586331 ], [ 29.8762786, 40.9585845 ], [ 29.8738217, 40.9605533 ], [ 29.8728424, 40.9604907 ], [ 29.8723197, 40.9615256 ], [ 29.8710585, 40.9613349 ], [ 29.8715472, 40.966581 ], [ 29.8755797, 40.9721049 ], [ 29.8695409, 40.9798981 ], [ 29.8600459, 40.9795984 ], [ 29.8582649, 40.9807971 ], [ 29.8555183, 40.9803922 ], [ 29.8515487, 40.9865313 ], [ 29.8485124, 40.9884912 ], [ 29.8459589, 40.9890662 ], [ 29.8484695, 40.9910665 ], [ 29.8472571, 40.9940304 ], [ 29.8492098, 40.9980873 ], [ 29.8498428, 41.0015286 ], [ 29.8487806, 41.0028079 ], [ 29.8491776, 41.0044556 ], [ 29.8439419, 41.004237 ], [ 29.8386472, 41.00886 ], [ 29.8394734, 41.0104752 ], [ 29.8379874, 41.0113657 ], [ 29.8360509, 41.0113212 ], [ 29.8359204, 41.014007 ], [ 29.8340821, 41.0163849 ] ] ], [ [ [ 30.2639258, 41.2168785 ], [ 30.2633824, 41.2155345 ], [ 30.2614728, 41.2154312 ], [ 30.2613452, 41.2127216 ], [ 30.260798, 41.211823 ], [ 30.2610145, 41.2151151 ], [ 30.2598163, 41.2151312 ], [ 30.2595123, 41.2142651 ], [ 30.2577524, 41.2156369 ], [ 30.2560563, 41.2144434 ], [ 30.2557645, 41.2116172 ], [ 30.2554545, 41.2115623 ], [ 30.2559195, 41.2150402 ], [ 30.2577706, 41.2159113 ], [ 30.2569773, 41.2165355 ], [ 30.2578527, 41.2167344 ], [ 30.2576339, 41.2172489 ], [ 30.2590564, 41.2167687 ], [ 30.2633604, 41.217729 ], [ 30.2639258, 41.2168785 ] ] ] ] } },
{ "type": "Feature", "properties": { "ilce": "Kandıra" }, "geometry": { "type": "MultiPolygon", "coordinates": [ [ [ [ 29.8340821, 41.0163849 ], [ 29.8350048, 41.0173887 ], [ 29.8394794, 41.0184287 ], [ 29.8409454, 41.0208051 ], [ 29.8453259, 41.0202219 ], [ 29.8507333, 41.0249652 ], [ 29.8518598, 41.0268268 ], [ 29.8545742, 41.0283808 ], [ 29.857986, 41.0285589 ], [ 29.8622285, 41.0308556 ], [ 29.8626423, 41.0326056 ], [ 29.8635864, 41.033253 ], [ 29.8637715, 41.0355016 ], [ 29.8678136, 41.0375584 ], [ 29.8684617, 41.0402864 ], [ 29.8708268, 41.0410528 ], [ 29.877963, 41.0405202 ], [ 29.8804294, 41.0419671 ], [ 29.8800015, 41.0469693 ], [ 29.8813223, 41.0494249 ], [ 29.8803929, 41.0511749 ], [ 29.8816109, 41.0524389 ], [ 29.8810408, 41.054389 ], [ 29.8824692, 41.0560149 ], [ 29.8869974, 41.0581555 ], [ 29.8879516, 41.0598738 ], [ 29.8871367, 41.0631993 ], [ 29.8894398, 41.0628339 ], [ 29.8900545, 41.0634009 ], [ 29.8914465, 41.0625703 ], [ 29.8928225, 41.0639267 ], [ 29.8917828, 41.0675748 ], [ 29.8927045, 41.0707537 ], [ 29.8888534, 41.0757433 ], [ 29.8889046, 41.0776029 ], [ 29.8879838, 41.0776447 ], [ 29.8869006, 41.0804381 ], [ 29.8876083, 41.0802084 ], [ 29.8892712, 41.0823596 ], [ 29.8909982, 41.0827078 ], [ 29.8905694, 41.0833624 ], [ 29.8925543, 41.0856752 ], [ 29.8913741, 41.0868963 ], [ 29.8922324, 41.0870418 ], [ 29.8929191, 41.0896941 ], [ 29.8915028, 41.0929597 ], [ 29.9003367, 41.0908989 ], [ 29.9038088, 41.0917641 ], [ 29.9072455, 41.0906443 ], [ 29.9107692, 41.0879805 ], [ 29.9113512, 41.0882143 ], [ 29.910332, 41.0891038 ], [ 29.9115443, 41.0896375 ], [ 29.9118086, 41.0889563 ], [ 29.9128747, 41.0889987 ], [ 29.9131751, 41.0898073 ], [ 29.9151599, 41.0887723 ], [ 29.9142051, 41.0893464 ], [ 29.9146664, 41.0898801 ], [ 29.9168631, 41.0886483 ], [ 29.9278371, 41.0864483 ], [ 29.9277341, 41.0871469 ], [ 29.9289909, 41.0877125 ], [ 29.9361086, 41.0868776 ], [ 29.94109, 41.0840125 ], [ 29.9413276, 41.0850202 ], [ 29.9439347, 41.0850202 ], [ 29.9439347, 41.0836454 ], [ 29.9454582, 41.0826831 ], [ 29.9504646, 41.0820758 ], [ 29.9545133, 41.0800952 ], [ 29.9542357, 41.0821156 ], [ 29.9550497, 41.0837101 ], [ 29.9576783, 41.0840012 ], [ 29.957056, 41.0845511 ], [ 29.9578071, 41.0866213 ], [ 29.9561217, 41.0894418 ], [ 29.9585879, 41.0923244 ], [ 29.9588048, 41.0944648 ], [ 29.9571262, 41.0952417 ], [ 29.9549532, 41.0987095 ], [ 29.9489605, 41.0998582 ], [ 29.9460015, 41.0993006 ], [ 29.9435943, 41.0974652 ], [ 29.9395251, 41.0974483 ], [ 29.9358378, 41.0984051 ], [ 29.9285222, 41.0969988 ], [ 29.9265754, 41.0985802 ], [ 29.9183638, 41.0992309 ], [ 29.9150097, 41.1010461 ], [ 29.915632, 41.1029702 ], [ 29.914999, 41.1040373 ], [ 29.9166942, 41.10487 ], [ 29.9141782, 41.1049266 ], [ 29.9145913, 41.1057108 ], [ 29.9134433, 41.1055127 ], [ 29.9130249, 41.1077197 ], [ 29.9141461, 41.1089686 ], [ 29.9149132, 41.1084553 ], [ 29.9157017, 41.1099912 ], [ 29.9144465, 41.1110057 ], [ 29.9150956, 41.1119434 ], [ 29.9146771, 41.1139521 ], [ 29.9133575, 41.114239 ], [ 29.9139208, 41.1150231 ], [ 29.91207, 41.1160456 ], [ 29.9114513, 41.1183865 ], [ 29.9138725, 41.118632 ], [ 29.9144608, 41.1200708 ], [ 29.913596, 41.1208187 ], [ 29.9117048, 41.1190109 ], [ 29.9096302, 41.1194186 ], [ 29.910114, 41.1200655 ], [ 29.9095273, 41.1210487 ], [ 29.9121276, 41.1226377 ], [ 29.9145913, 41.1259019 ], [ 29.9151222, 41.135992 ], [ 29.9140978, 41.1403423 ], [ 29.9181844, 41.1415455 ], [ 29.9192667, 41.1401278 ], [ 29.9199412, 41.1422371 ], [ 29.922227, 41.1412908 ], [ 29.9226266, 41.1420631 ], [ 29.9233417, 41.1410439 ], [ 29.9236639, 41.1420552 ], [ 29.929091, 41.140751 ], [ 29.932516, 41.141434 ], [ 29.934161, 41.140237 ], [ 29.937253, 41.141056 ], [ 29.940633, 41.140713 ], [ 29.943283, 41.139234 ], [ 29.943226, 41.137952 ], [ 29.944289, 41.138952 ], [ 29.946957, 41.137857 ], [ 29.947353, 41.13913 ], [ 29.948359, 41.138848 ], [ 29.948744, 41.139865 ], [ 29.952463, 41.139512 ], [ 29.952733, 41.137965 ], [ 29.9569465, 41.1389507 ], [ 29.9595439, 41.1373352 ], [ 29.9592774, 41.1383022 ], [ 29.9614932, 41.1381433 ], [ 29.9613101, 41.1397219 ], [ 29.964322, 41.138951 ], [ 29.964029, 41.139985 ], [ 29.965554, 41.139946 ], [ 29.964391, 41.140489 ], [ 29.964747, 41.140865 ], [ 29.970501, 41.14046 ], [ 29.971501, 41.140049 ], [ 29.97211, 41.138494 ], [ 29.973823, 41.138834 ], [ 29.9735465, 41.1375059 ], [ 29.975449, 41.137252 ], [ 29.976087, 41.136337 ], [ 29.9751139, 41.1363518 ], [ 29.9752951, 41.1356719 ], [ 29.9793834, 41.1345234 ], [ 29.983503, 41.1365897 ], [ 29.9884605, 41.1344769 ], [ 29.9909923, 41.1345699 ], [ 29.9914862, 41.135706 ], [ 29.9930653, 41.1355134 ], [ 29.9939562, 41.1362043 ], [ 29.993524, 41.1382107 ], [ 29.9949883, 41.1374068 ], [ 29.9975018, 41.1402462 ], [ 29.9972994, 41.1371499 ], [ 30.0000953, 41.1376782 ], [ 30.0002465, 41.1353837 ], [ 30.0015449, 41.1352581 ], [ 30.0010538, 41.1359901 ], [ 30.0028831, 41.1367099 ], [ 30.0017879, 41.1381863 ], [ 29.9989206, 41.1388716 ], [ 30.0021835, 41.1384972 ], [ 30.0036482, 41.1366399 ], [ 30.0052034, 41.136191 ], [ 30.0084585, 41.1375796 ], [ 30.0079909, 41.1384627 ], [ 30.008621, 41.138764 ], [ 30.012422, 41.137323 ], [ 30.012714, 41.138357 ], [ 30.014824, 41.1377701 ], [ 30.0167902, 41.1386679 ], [ 30.0175502, 41.1379088 ], [ 30.0167112, 41.1370327 ], [ 30.0172463, 41.1353646 ], [ 30.0203777, 41.1346198 ], [ 30.0231141, 41.1354414 ], [ 30.0232266, 41.1370038 ], [ 30.0223227, 41.1381454 ], [ 30.0240258, 41.1384458 ], [ 30.024078, 41.1393317 ], [ 30.027928, 41.139778 ], [ 30.028992, 41.138779 ], [ 30.030641, 41.139848 ], [ 30.0341365, 41.1380975 ], [ 30.037488, 41.138612 ], [ 30.039891, 41.138033 ], [ 30.040971, 41.136648 ], [ 30.0432452, 41.1373215 ], [ 30.045397, 41.136377 ], [ 30.0454107, 41.1343124 ], [ 30.0464755, 41.1338901 ], [ 30.048664, 41.135435 ], [ 30.048404, 41.137481 ], [ 30.049455, 41.136738 ], [ 30.050111, 41.137268 ], [ 30.050145, 41.136499 ], [ 30.053548, 41.13633 ], [ 30.053467, 41.138124 ], [ 30.055152, 41.138424 ], [ 30.0593143, 41.1365601 ], [ 30.064383, 41.136991 ], [ 30.0649666, 41.135864 ], [ 30.0674169, 41.1347171 ], [ 30.069561, 41.13507 ], [ 30.073688, 41.133891 ], [ 30.0769835, 41.1351571 ], [ 30.077422, 41.138903 ], [ 30.076845, 41.139234 ], [ 30.080282, 41.138294 ], [ 30.08057, 41.139456 ], [ 30.082588, 41.139893 ], [ 30.083301, 41.139141 ], [ 30.0844717, 41.139811 ], [ 30.0856304, 41.1385384 ], [ 30.0867516, 41.1397787 ], [ 30.0879881, 41.1381728 ], [ 30.089451, 41.13827 ], [ 30.090084, 41.139313 ], [ 30.091791, 41.139099 ], [ 30.093894, 41.137612 ], [ 30.0976272, 41.1388327 ], [ 30.0984259, 41.1402566 ], [ 30.0988887, 41.1403755 ], [ 30.0986815, 41.1387748 ], [ 30.0994319, 41.1383133 ], [ 30.0984962, 41.1369054 ], [ 30.0997236, 41.135337 ], [ 30.1010933, 41.1352691 ], [ 30.1025155, 41.135868 ], [ 30.1024332, 41.1380072 ], [ 30.1041681, 41.1380051 ], [ 30.1055406, 41.1369179 ], [ 30.1062597, 41.1373469 ], [ 30.1056515, 41.1382292 ], [ 30.1065603, 41.1382321 ], [ 30.1062874, 41.1392454 ], [ 30.1066811, 41.1385693 ], [ 30.1085999, 41.1394899 ], [ 30.110354, 41.14162 ], [ 30.113073, 41.141559 ], [ 30.118766, 41.143371 ], [ 30.119484, 41.14249 ], [ 30.122169, 41.143199 ], [ 30.124244, 41.142353 ], [ 30.125584, 41.142772 ], [ 30.125222, 41.143276 ], [ 30.128325, 41.142198 ], [ 30.137844, 41.141921 ], [ 30.1403135, 41.1425241 ], [ 30.1450465, 41.140021 ], [ 30.1550959, 41.1387847 ], [ 30.1589092, 41.140528 ], [ 30.159241, 41.14181 ], [ 30.1611599, 41.1408712 ], [ 30.162983, 41.141646 ], [ 30.163278, 41.14268 ], [ 30.164985, 41.142465 ], [ 30.164624, 41.14297 ], [ 30.166937, 41.144438 ], [ 30.168617, 41.144865 ], [ 30.1692832, 41.1432685 ], [ 30.1709359, 41.1446252 ], [ 30.172375, 41.144315 ], [ 30.1733452, 41.145444 ], [ 30.1765583, 41.1458262 ], [ 30.179826, 41.148734 ], [ 30.1776958, 41.1523845 ], [ 30.178102, 41.153312 ], [ 30.1815678, 41.150793 ], [ 30.1810419, 41.1493911 ], [ 30.1824132, 41.1484663 ], [ 30.1848296, 41.1483207 ], [ 30.1875223, 41.1492913 ], [ 30.188, 41.148164 ], [ 30.1873286, 41.1464801 ], [ 30.188953, 41.145748 ], [ 30.1910056, 41.146004 ], [ 30.193121, 41.147518 ], [ 30.1938215, 41.1508841 ], [ 30.196339, 41.151704 ], [ 30.197072, 41.152941 ], [ 30.1962607, 41.1546466 ], [ 30.1954495, 41.1544164 ], [ 30.1963606, 41.155638 ], [ 30.195749, 41.1578275 ], [ 30.19217, 41.157891 ], [ 30.1909501, 41.1586309 ], [ 30.1917302, 41.1590115 ], [ 30.1912309, 41.1598055 ], [ 30.1919673, 41.1597491 ], [ 30.1914057, 41.1602706 ], [ 30.1924603, 41.161464 ], [ 30.1944697, 41.1615767 ], [ 30.1944448, 41.1607123 ], [ 30.197407, 41.162511 ], [ 30.2003134, 41.1610709 ], [ 30.2030318, 41.1621075 ], [ 30.2063944, 41.1608849 ], [ 30.2074447, 41.162154 ], [ 30.2059178, 41.1629978 ], [ 30.2059708, 41.1640211 ], [ 30.206465, 41.1632968 ], [ 30.2083096, 41.1636291 ], [ 30.2098012, 41.1625859 ], [ 30.210675, 41.1634829 ], [ 30.2119459, 41.1633035 ], [ 30.211178, 41.1620012 ], [ 30.2117782, 41.1610576 ], [ 30.2163052, 41.1603937 ], [ 30.2174726, 41.1586255 ], [ 30.2217176, 41.1594032 ], [ 30.2256858, 41.1624149 ], [ 30.2273096, 41.1654711 ], [ 30.2223674, 41.1698625 ], [ 30.224106, 41.1684939 ], [ 30.2258358, 41.1686866 ], [ 30.2257387, 41.17056 ], [ 30.2237001, 41.1711646 ], [ 30.2235942, 41.1700485 ], [ 30.2231882, 41.1716097 ], [ 30.2203729, 41.1726726 ], [ 30.2222704, 41.1734432 ], [ 30.219967, 41.1753696 ], [ 30.221935, 41.1774886 ], [ 30.2240707, 41.1782326 ], [ 30.2273361, 41.1787839 ], [ 30.2257652, 41.1776812 ], [ 30.2263918, 41.1769838 ], [ 30.2258976, 41.176459 ], [ 30.2292865, 41.1755556 ], [ 30.2316428, 41.1759741 ], [ 30.2333638, 41.1780466 ], [ 30.2325342, 41.1795943 ], [ 30.2308839, 41.179767 ], [ 30.2315016, 41.1817132 ], [ 30.2304514, 41.183015 ], [ 30.2307162, 41.1838585 ], [ 30.2283245, 41.1837722 ], [ 30.2269781, 41.1855448 ], [ 30.224638, 41.185246 ], [ 30.224573, 41.186784 ], [ 30.230662, 41.187444 ], [ 30.23029, 41.188205 ], [ 30.230952, 41.188606 ], [ 30.235365, 41.188712 ], [ 30.2388114, 41.1869871 ], [ 30.2447797, 41.1869415 ], [ 30.2559402, 41.1910974 ], [ 30.2579028, 41.1932086 ], [ 30.2576239, 41.1947451 ], [ 30.2583416, 41.1959929 ], [ 30.2599656, 41.1967502 ], [ 30.2626407, 41.200032 ], [ 30.2623471, 41.2026168 ], [ 30.2640017, 41.206588 ], [ 30.2630587, 41.2075838 ], [ 30.2652304, 41.2072979 ], [ 30.2682249, 41.2094191 ], [ 30.2707639, 41.209732 ], [ 30.2797192, 41.2041679 ], [ 30.2946282, 41.2005414 ], [ 30.30385, 41.200733 ], [ 30.303882, 41.199964 ], [ 30.306258, 41.200019 ], [ 30.306566, 41.200797 ], [ 30.310312, 41.200627 ], [ 30.311733, 41.199121 ], [ 30.316157, 41.198967 ], [ 30.316523, 41.198334 ], [ 30.317876, 41.198494 ], [ 30.317902, 41.197852 ], [ 30.321282, 41.198317 ], [ 30.321558, 41.199863 ], [ 30.322922, 41.199766 ], [ 30.324233, 41.200952 ], [ 30.328636, 41.201311 ], [ 30.329017, 41.200293 ], [ 30.330355, 41.200838 ], [ 30.330201, 41.1972218 ], [ 30.3328608, 41.194911 ], [ 30.3423028, 41.1913742 ], [ 30.3436665, 41.1915035 ], [ 30.344274, 41.192817 ], [ 30.349085, 41.1928038 ], [ 30.350632, 41.191039 ], [ 30.3494597, 41.1880918 ], [ 30.351945, 41.187988 ], [ 30.352336, 41.186714 ], [ 30.3514169, 41.1864231 ], [ 30.3523045, 41.1853448 ], [ 30.3671418, 41.1791986 ], [ 30.3622198, 41.1738249 ], [ 30.3657536, 41.1711221 ], [ 30.365706, 41.1684112 ], [ 30.3559005, 41.1649651 ], [ 30.3487509, 41.1654214 ], [ 30.3396785, 41.1621139 ], [ 30.3321701, 41.1556247 ], [ 30.3294003, 41.1510149 ], [ 30.3286171, 41.1450123 ], [ 30.3275227, 41.1449476 ], [ 30.3259469, 41.1427659 ], [ 30.3271867, 41.1386428 ], [ 30.3233694, 41.1228533 ], [ 30.3211049, 41.1210797 ], [ 30.3171265, 41.1199939 ], [ 30.3147769, 41.1184098 ], [ 30.3148949, 41.1173024 ], [ 30.3126204, 41.1168902 ], [ 30.3124273, 41.115306 ], [ 30.3087902, 41.1126628 ], [ 30.3066347, 41.1125181 ], [ 30.3066552, 41.1111755 ], [ 30.3053033, 41.1094456 ], [ 30.3057861, 41.1092596 ], [ 30.2955557, 41.1027919 ], [ 30.2956181, 41.1020632 ], [ 30.2927935, 41.0997282 ], [ 30.291506, 41.0969066 ], [ 30.2907443, 41.0968742 ], [ 30.2910125, 41.0961061 ], [ 30.2870965, 41.0946992 ], [ 30.2860727, 41.0925744 ], [ 30.2828972, 41.0908403 ], [ 30.2816357, 41.0890074 ], [ 30.271684, 41.0906466 ], [ 30.2663147, 41.0904946 ], [ 30.2625062, 41.0897973 ], [ 30.2620164, 41.0864199 ], [ 30.2577843, 41.0869657 ], [ 30.2577873, 41.0852566 ], [ 30.2440309, 41.0851657 ], [ 30.2439562, 41.0821666 ], [ 30.245651, 41.0802974 ], [ 30.2472711, 41.0734794 ], [ 30.2504468, 41.0693058 ], [ 30.2522385, 41.0681087 ], [ 30.2529048, 41.0646589 ], [ 30.2542448, 41.0626 ], [ 30.2543199, 41.0599062 ], [ 30.2554289, 41.0575496 ], [ 30.2539873, 41.0556346 ], [ 30.2661905, 41.0509854 ], [ 30.2644868, 41.0481391 ], [ 30.2573315, 41.0466946 ], [ 30.2580535, 41.044024 ], [ 30.2616477, 41.0378902 ], [ 30.2600276, 41.0386104 ], [ 30.2596736, 41.0396624 ], [ 30.2577915, 41.0399548 ], [ 30.2585513, 41.0387825 ], [ 30.2508935, 41.0374251 ], [ 30.2497288, 41.0311355 ], [ 30.246048, 41.0270372 ], [ 30.2459085, 41.0286884 ], [ 30.2435589, 41.0286884 ], [ 30.2399433, 41.0244633 ], [ 30.2368641, 41.0231602 ], [ 30.2352076, 41.0195983 ], [ 30.2308345, 41.0183439 ], [ 30.2282335, 41.0196134 ], [ 30.2269149, 41.0152916 ], [ 30.2311817, 41.010378 ], [ 30.2308559, 41.0082569 ], [ 30.2324975, 41.007596 ], [ 30.2333772, 41.0057713 ], [ 30.235008, 41.0052369 ], [ 30.2341236, 41.0035496 ], [ 30.2366871, 41.0009983 ], [ 30.2385398, 40.9962624 ], [ 30.2379048, 40.9942814 ], [ 30.2355726, 40.9928976 ], [ 30.2378726, 40.9902324 ], [ 30.2366173, 40.9808538 ], [ 30.2373469, 40.9800115 ], [ 30.2453838, 40.9767201 ], [ 30.2462465, 40.9778448 ], [ 30.2482214, 40.977863 ], [ 30.2486122, 40.9802545 ], [ 30.2510442, 40.9828782 ], [ 30.2586543, 40.9861183 ], [ 30.2586953, 40.9868532 ], [ 30.2606285, 40.9870051 ], [ 30.2610147, 40.9825952 ], [ 30.2599311, 40.9810482 ], [ 30.2605641, 40.9783429 ], [ 30.2637505, 40.9768444 ], [ 30.2641875, 40.975468 ], [ 30.2670955, 40.9756594 ], [ 30.2670336, 40.9719762 ], [ 30.2690506, 40.9698416 ], [ 30.2703595, 40.9708502 ], [ 30.2695049, 40.9727934 ], [ 30.2713412, 40.9741147 ], [ 30.2720029, 40.973567 ], [ 30.2719828, 40.9716584 ], [ 30.2768183, 40.9680635 ], [ 30.2772805, 40.9646647 ], [ 30.2765608, 40.959735 ], [ 30.2767646, 40.9588762 ], [ 30.2781132, 40.958886 ], [ 30.2774727, 40.9562632 ], [ 30.2788136, 40.9560401 ], [ 30.2790869, 40.9568212 ], [ 30.2808201, 40.9572476 ], [ 30.2838457, 40.9570127 ], [ 30.2852848, 40.9577119 ], [ 30.2841235, 40.9590862 ], [ 30.2880124, 40.9588762 ], [ 30.2880889, 40.9572314 ], [ 30.2904634, 40.9555597 ], [ 30.2854121, 40.9525724 ], [ 30.2825689, 40.9521834 ], [ 30.2822261, 40.9507855 ], [ 30.2831141, 40.9490903 ], [ 30.284637, 40.9498461 ], [ 30.2851892, 40.9488171 ], [ 30.2836043, 40.9486585 ], [ 30.2803051, 40.9448498 ], [ 30.2793664, 40.944694 ], [ 30.2796096, 40.9428621 ], [ 30.2772689, 40.9397239 ], [ 30.2773337, 40.9385348 ], [ 30.2806699, 40.9358619 ], [ 30.2850683, 40.9342695 ], [ 30.2902615, 40.9301071 ], [ 30.295304, 40.9277726 ], [ 30.2881479, 40.9287292 ], [ 30.2878797, 40.9277645 ], [ 30.2868265, 40.9274405 ], [ 30.2840978, 40.92772 ], [ 30.2843499, 40.9265972 ], [ 30.282644, 40.9253002 ], [ 30.2790316, 40.9248088 ], [ 30.2790821, 40.9240275 ], [ 30.2807665, 40.9233385 ], [ 30.2806163, 40.9215388 ], [ 30.2789962, 40.9208659 ], [ 30.2787602, 40.9200228 ], [ 30.2772474, 40.9199904 ], [ 30.276829, 40.9189648 ], [ 30.2749624, 40.9188741 ], [ 30.2745277, 40.9175623 ], [ 30.2806316, 40.9177009 ], [ 30.2819482, 40.915739 ], [ 30.2825269, 40.9118063 ], [ 30.2891387, 40.9119197 ], [ 30.2906735, 40.9106337 ], [ 30.2906048, 40.9090613 ], [ 30.2917072, 40.908077 ], [ 30.2917099, 40.9046421 ], [ 30.2955186, 40.9030284 ], [ 30.2941131, 40.902477 ], [ 30.2924287, 40.8998658 ], [ 30.2922356, 40.8993387 ], [ 30.2937484, 40.8988927 ], [ 30.2938235, 40.897514 ], [ 30.2925453, 40.8950437 ], [ 30.2908922, 40.8953284 ], [ 30.2909374, 40.8918735 ], [ 30.2831268, 40.8932644 ], [ 30.2721146, 40.8975305 ], [ 30.2708959, 40.8973599 ], [ 30.2706921, 40.8988764 ], [ 30.2691686, 40.8991846 ], [ 30.2670121, 40.901212 ], [ 30.2666473, 40.9030527 ], [ 30.2628761, 40.9058503 ], [ 30.2540624, 40.9080153 ], [ 30.2510905, 40.908368 ], [ 30.2504039, 40.9074639 ], [ 30.240419, 40.9056005 ], [ 30.2363442, 40.9028254 ], [ 30.2313069, 40.9020637 ], [ 30.2283883, 40.8995901 ], [ 30.2264512, 40.9034407 ], [ 30.2287784, 40.9070751 ], [ 30.2327549, 40.9080802 ], [ 30.2375301, 40.9116075 ], [ 30.2358234, 40.9132288 ], [ 30.2250194, 40.9189365 ], [ 30.2250657, 40.9202428 ], [ 30.2209425, 40.9230142 ], [ 30.2204603, 40.9256891 ], [ 30.2197087, 40.9261514 ], [ 30.2200649, 40.9276548 ], [ 30.2157105, 40.9327203 ], [ 30.2129387, 40.9299667 ], [ 30.2038193, 40.9280239 ], [ 30.2026284, 40.9266702 ], [ 30.1942277, 40.9280806 ], [ 30.1855521, 40.9254606 ], [ 30.1850331, 40.9266702 ], [ 30.183177, 40.9270025 ], [ 30.1831165, 40.9279179 ], [ 30.1792376, 40.931492 ], [ 30.1790035, 40.9303746 ], [ 30.1777267, 40.9301882 ], [ 30.1770615, 40.9289804 ], [ 30.1766968, 40.9268647 ], [ 30.1745617, 40.9266459 ], [ 30.1744223, 40.925511 ], [ 30.1728988, 40.9241978 ], [ 30.1733028, 40.923582 ], [ 30.1722765, 40.9225035 ], [ 30.1707372, 40.9224715 ], [ 30.169723, 40.9183852 ], [ 30.1737249, 40.9132612 ], [ 30.1723623, 40.9128153 ], [ 30.1724876, 40.9112405 ], [ 30.1758814, 40.912191 ], [ 30.1755917, 40.9110235 ], [ 30.1774371, 40.9092721 ], [ 30.1775137, 40.9069553 ], [ 30.1822684, 40.9038156 ], [ 30.1828306, 40.9012044 ], [ 30.1670945, 40.9002145 ], [ 30.1655495, 40.8946512 ], [ 30.1642003, 40.8939207 ], [ 30.1638865, 40.8944728 ], [ 30.1609361, 40.8922911 ], [ 30.1617193, 40.8916342 ], [ 30.1599812, 40.8913098 ], [ 30.1604533, 40.8897282 ], [ 30.1595932, 40.8898514 ], [ 30.1588654, 40.8888766 ], [ 30.1558828, 40.8835395 ], [ 30.1545954, 40.8835233 ], [ 30.1546168, 40.8812196 ], [ 30.1456046, 40.8812845 ], [ 30.143888, 40.8822416 ], [ 30.142622, 40.8793214 ], [ 30.1389313, 40.879224 ], [ 30.1351332, 40.8776016 ], [ 30.1295757, 40.878494 ], [ 30.1258536, 40.8765572 ], [ 30.1210987, 40.8795839 ], [ 30.1175594, 40.8800839 ], [ 30.1161003, 40.8787211 ], [ 30.113658, 40.8782719 ], [ 30.1130318, 40.8775854 ], [ 30.1141131, 40.8762969 ], [ 30.109959, 40.8744305 ], [ 30.1096874, 40.8727035 ], [ 30.0998997, 40.8732047 ], [ 30.095935, 40.8726555 ], [ 30.0928831, 40.8741458 ], [ 30.0838384, 40.875186 ], [ 30.0873685, 40.8781857 ], [ 30.0862369, 40.8786851 ], [ 30.0867141, 40.8793651 ], [ 30.0861347, 40.8811384 ], [ 30.0841606, 40.8836449 ], [ 30.0818128, 40.8831942 ], [ 30.08062, 40.8884954 ], [ 30.0797403, 40.8892983 ], [ 30.0788812, 40.8884594 ], [ 30.0787349, 40.8902968 ], [ 30.0767255, 40.8919586 ], [ 30.0714469, 40.892721 ], [ 30.0668054, 40.8955108 ], [ 30.06744, 40.8982 ], [ 30.070234, 40.9008693 ], [ 30.0651705, 40.9008551 ], [ 30.0647199, 40.9015282 ], [ 30.0654315, 40.9032595 ], [ 30.0625709, 40.9039423 ], [ 30.0645935, 40.9053194 ], [ 30.0633277, 40.9067472 ], [ 30.0477302, 40.9107172 ], [ 30.0461912, 40.9147287 ], [ 30.0423012, 40.9172753 ], [ 30.0448394, 40.9208902 ], [ 30.0458607, 40.9206679 ], [ 30.0477469, 40.922617 ], [ 30.0470281, 40.9232898 ], [ 30.0499511, 40.9269263 ], [ 30.0553643, 40.9273038 ], [ 30.0548523, 40.9287513 ], [ 30.0557819, 40.9290152 ], [ 30.0536346, 40.9308181 ], [ 30.055126, 40.9332722 ], [ 30.0571253, 40.9344496 ], [ 30.0562462, 40.9356497 ], [ 30.0570709, 40.9371692 ], [ 30.0579071, 40.9372317 ], [ 30.0586796, 40.9392497 ], [ 30.0581513, 40.9397823 ], [ 30.061474, 40.9394981 ], [ 30.0603046, 40.943018 ], [ 30.057459, 40.9437372 ], [ 30.0602552, 40.9443311 ], [ 30.0597632, 40.9456764 ], [ 30.0581109, 40.9464381 ], [ 30.0597383, 40.947073 ], [ 30.0590235, 40.9485919 ], [ 30.0537557, 40.9471454 ], [ 30.052768, 40.945725 ], [ 30.0530898, 40.9445986 ], [ 30.0515472, 40.9436455 ], [ 30.0519419, 40.9430669 ], [ 30.0511157, 40.9422484 ], [ 30.0425863, 40.9376531 ], [ 30.043165, 40.9348605 ], [ 30.0421277, 40.9351406 ], [ 30.041492, 40.9344111 ], [ 30.0371468, 40.9362753 ], [ 30.0374476, 40.9331452 ], [ 30.0356056, 40.9338061 ], [ 30.0349903, 40.9331143 ], [ 30.0336385, 40.9333331 ], [ 30.0343966, 40.9342811 ], [ 30.0339647, 40.935685 ], [ 30.0287247, 40.9335439 ], [ 30.0282419, 40.9346056 ], [ 30.0266755, 40.9345732 ], [ 30.0267248, 40.9363765 ], [ 30.0294864, 40.9378882 ], [ 30.0306666, 40.9376774 ], [ 30.0336492, 40.9396793 ], [ 30.03297, 40.9409018 ], [ 30.0302217, 40.9407491 ], [ 30.0272365, 40.9442562 ], [ 30.0246155, 40.9452712 ], [ 30.0256309, 40.9466757 ], [ 30.0256133, 40.9505142 ], [ 30.0203884, 40.9527669 ], [ 30.0131138, 40.9541196 ], [ 30.0105105, 40.9523594 ], [ 30.008444, 40.9529018 ], [ 30.0069106, 40.9521604 ], [ 30.0043166, 40.9535853 ], [ 30.0023746, 40.9529127 ], [ 30.0004869, 40.9534906 ], [ 30.0004009, 40.9514706 ], [ 29.9951872, 40.9483498 ], [ 29.9924502, 40.9443638 ], [ 29.9958134, 40.9441788 ], [ 29.9955404, 40.9424753 ], [ 29.9941718, 40.9420841 ], [ 29.9986773, 40.939321 ], [ 29.9945533, 40.936486 ], [ 29.9955627, 40.9356012 ], [ 29.9905616, 40.9353854 ], [ 29.9903234, 40.9365839 ], [ 29.9881911, 40.9335844 ], [ 29.9858308, 40.9328063 ], [ 29.9834155, 40.9359652 ], [ 29.9848759, 40.9376693 ], [ 29.9835424, 40.9377882 ], [ 29.9812578, 40.9396724 ], [ 29.9771619, 40.9401331 ], [ 29.9762177, 40.9395253 ], [ 29.9729991, 40.9404735 ], [ 29.9694908, 40.9398981 ], [ 29.9680853, 40.9460978 ], [ 29.9649152, 40.9505747 ], [ 29.9648031, 40.9538419 ], [ 29.961884, 40.9556109 ], [ 29.9565566, 40.9561855 ], [ 29.9584498, 40.9584882 ], [ 29.9573886, 40.9599538 ], [ 29.9571926, 40.9643883 ], [ 29.9558973, 40.9652604 ], [ 29.9571195, 40.9689741 ], [ 29.9520564, 40.9681364 ], [ 29.9510512, 40.9688526 ], [ 29.9501145, 40.9682012 ], [ 29.9484301, 40.970834 ], [ 29.9459672, 40.9719328 ], [ 29.9422945, 40.9707365 ], [ 29.9417567, 40.9687683 ], [ 29.9393535, 40.9677232 ], [ 29.937307, 40.9632843 ], [ 29.9322081, 40.9630001 ], [ 29.9311459, 40.9615742 ], [ 29.9260336, 40.959496 ], [ 29.9238235, 40.9610354 ], [ 29.9241274, 40.9623579 ], [ 29.9227023, 40.962992 ], [ 29.9218333, 40.9624168 ], [ 29.9197733, 40.9644503 ], [ 29.9155891, 40.9629839 ], [ 29.9134648, 40.9626679 ], [ 29.9134755, 40.9631945 ], [ 29.9110293, 40.9618902 ], [ 29.9080038, 40.961955 ], [ 29.9060082, 40.962676 ], [ 29.9047422, 40.9642477 ], [ 29.9054181, 40.9649202 ], [ 29.9025535, 40.9657708 ], [ 29.8995602, 40.9648149 ], [ 29.8961377, 40.9653009 ], [ 29.8947966, 40.9646042 ], [ 29.892329, 40.9662326 ], [ 29.8908162, 40.9659004 ], [ 29.8843467, 40.960448 ], [ 29.8826837, 40.9571342 ], [ 29.881171, 40.9567939 ], [ 29.8787677, 40.9586331 ], [ 29.8762786, 40.9585845 ], [ 29.8738217, 40.9605533 ], [ 29.8728424, 40.9604907 ], [ 29.8723197, 40.9615256 ], [ 29.8710585, 40.9613349 ], [ 29.8715472, 40.966581 ], [ 29.8755797, 40.9721049 ], [ 29.8695409, 40.9798981 ], [ 29.8600459, 40.9795984 ], [ 29.8582649, 40.9807971 ], [ 29.8555183, 40.9803922 ], [ 29.8515487, 40.9865313 ], [ 29.8485124, 40.9884912 ], [ 29.8459589, 40.9890662 ], [ 29.8484695, 40.9910665 ], [ 29.8472571, 40.9940304 ], [ 29.8492098, 40.9980873 ], [ 29.8498428, 41.0015286 ], [ 29.8487806, 41.0028079 ], [ 29.8491776, 41.0044556 ], [ 29.8439419, 41.004237 ], [ 29.8386472, 41.00886 ], [ 29.8394734, 41.0104752 ], [ 29.8379874, 41.0113657 ], [ 29.8360509, 41.0113212 ], [ 29.8359204, 41.014007 ], [ 29.8340821, 41.0163849 ] ] ], [ [ [ 30.2639258, 41.2168785 ], [ 30.2633824, 41.2155345 ], [ 30.2614728, 41.2154312 ], [ 30.2613452, 41.2127216 ], [ 30.260798, 41.211823 ], [ 30.2610145, 41.2151151 ], [ 30.2598163, 41.2151312 ], [ 30.2595123, 41.2142651 ], [ 30.2577524, 41.2156369 ], [ 30.2560563, 41.2144434 ], [ 30.2557645, 41.2116172 ], [ 30.2554545, 41.2115623 ], [ 30.2559195, 41.2150402 ], [ 30.2577706, 41.2159113 ], [ 30.2569773, 41.2165355 ], [ 30.2578527, 41.2167344 ], [ 30.2576339, 41.2172489 ], [ 30.2590564, 41.2167687 ], [ 30.2633604, 41.217729 ], [ 30.2639258, 41.2168785 ] ] ] ] } },
{ "type": "Feature", "properties": { "ilce": "Körfez" }, "geometry": { "type": "Polygon", "coordinates": [ [ [ 29.595759, 40.7939831 ], [ 29.5999481, 40.7948386 ], [ 29.6061909, 40.8025296 ], [ 29.6084094, 40.8023844 ], [ 29.6088456, 40.808948 ], [ 29.6115859, 40.812125 ], [ 29.6136738, 40.8177051 ], [ 29.6134346, 40.8190712 ], [ 29.6150005, 40.8207335 ], [ 29.6195461, 40.8220996 ], [ 29.6229824, 40.8253747 ], [ 29.6257228, 40.8297852 ], [ 29.6330087, 40.8331094 ], [ 29.6401206, 40.8318093 ], [ 29.6440355, 40.8334714 ], [ 29.6500164, 40.8337511 ], [ 29.6535398, 40.8355118 ], [ 29.6628701, 40.837651 ], [ 29.6674156, 40.8415341 ], [ 29.6697863, 40.8414025 ], [ 29.6716132, 40.8436566 ], [ 29.6764297, 40.8566382 ], [ 29.681766, 40.8631771 ], [ 29.678822, 40.8641331 ], [ 29.680531, 40.8666006 ], [ 29.6800375, 40.8677365 ], [ 29.6808529, 40.8696512 ], [ 29.6801662, 40.8713712 ], [ 29.6758747, 40.873659 ], [ 29.6750808, 40.8758981 ], [ 29.677763, 40.877991 ], [ 29.6773982, 40.8789969 ], [ 29.6784067, 40.8813331 ], [ 29.6825695, 40.8821118 ], [ 29.6879339, 40.8881547 ], [ 29.6905517, 40.8891199 ], [ 29.6912599, 40.8905312 ], [ 29.6908414, 40.8918451 ], [ 29.693942, 40.8946674 ], [ 29.6949184, 40.8986737 ], [ 29.6962488, 40.8995009 ], [ 29.6971714, 40.9031581 ], [ 29.7011089, 40.9100424 ], [ 29.7028899, 40.9116964 ], [ 29.703877, 40.9106748 ], [ 29.7080183, 40.9099451 ], [ 29.7139621, 40.914826 ], [ 29.7160435, 40.9151503 ], [ 29.722116, 40.9183609 ], [ 29.7254848, 40.9211821 ], [ 29.7294116, 40.9226089 ], [ 29.7303557, 40.9260136 ], [ 29.7342074, 40.9334142 ], [ 29.7416854, 40.9378476 ], [ 29.7405374, 40.9396631 ], [ 29.7367072, 40.9394037 ], [ 29.7353983, 40.9402466 ], [ 29.7394538, 40.9444365 ], [ 29.738338, 40.9466164 ], [ 29.7310638, 40.9485937 ], [ 29.7295189, 40.950344 ], [ 29.7299051, 40.9515352 ], [ 29.7338211, 40.9516243 ], [ 29.7346258, 40.9523374 ], [ 29.7340679, 40.9557892 ], [ 29.7350979, 40.9580174 ], [ 29.733274, 40.9608288 ], [ 29.7334564, 40.9635429 ], [ 29.7354644, 40.9647834 ], [ 29.7348885, 40.9662294 ], [ 29.7366961, 40.9680254 ], [ 29.7364872, 40.9744054 ], [ 29.7370893, 40.9756203 ], [ 29.7399751, 40.9771614 ], [ 29.7391323, 40.9782593 ], [ 29.7375468, 40.9785961 ], [ 29.7383349, 40.9807079 ], [ 29.7396935, 40.9811732 ], [ 29.7370961, 40.9881293 ], [ 29.7388034, 40.9885419 ], [ 29.7397033, 40.9902103 ], [ 29.7442436, 40.9917634 ], [ 29.7473638, 40.9938012 ], [ 29.7511937, 41.0028181 ], [ 29.7487368, 41.0051779 ], [ 29.7489601, 41.006414 ], [ 29.7526597, 41.0071041 ], [ 29.7531295, 41.0103469 ], [ 29.7516404, 41.0133244 ], [ 29.7486578, 41.01521 ], [ 29.7436943, 41.0214197 ], [ 29.7458333, 41.0232347 ], [ 29.7444292, 41.0260027 ], [ 29.7423951, 41.027626 ], [ 29.7448883, 41.0294459 ], [ 29.7454734, 41.0317588 ], [ 29.7444608, 41.0332879 ], [ 29.7426057, 41.0341602 ], [ 29.746397, 41.0343493 ], [ 29.7506118, 41.0319905 ], [ 29.7536909, 41.0277333 ], [ 29.7563504, 41.026561 ], [ 29.7611368, 41.0271748 ], [ 29.7645592, 41.0268349 ], [ 29.7649673, 41.0254778 ], [ 29.7712369, 41.0252479 ], [ 29.7783629, 41.0273877 ], [ 29.7804656, 41.0254276 ], [ 29.7819955, 41.0255956 ], [ 29.7849979, 41.023886 ], [ 29.785734, 41.0215493 ], [ 29.7914994, 41.0192424 ], [ 29.7934091, 41.02006 ], [ 29.7947408, 41.0185168 ], [ 29.7932494, 41.0150851 ], [ 29.794557, 41.0129525 ], [ 29.7965624, 41.0120137 ], [ 29.7957372, 41.0104428 ], [ 29.7964561, 41.0074553 ], [ 29.7945893, 41.0049293 ], [ 29.7984311, 41.0036987 ], [ 29.7998534, 40.9997741 ], [ 29.7991062, 40.9976869 ], [ 29.7995353, 40.9968808 ], [ 29.7980761, 40.9962816 ], [ 29.7982745, 40.9954563 ], [ 29.7943747, 40.9938361 ], [ 29.7943683, 40.9905683 ], [ 29.7928297, 40.9867743 ], [ 29.7952008, 40.9844175 ], [ 29.7955441, 40.9822793 ], [ 29.7935808, 40.9795174 ], [ 29.7936237, 40.9759939 ], [ 29.7918749, 40.9746088 ], [ 29.7911775, 40.9708259 ], [ 29.7899758, 40.9689546 ], [ 29.7960055, 40.9623763 ], [ 29.7955656, 40.9606911 ], [ 29.7941065, 40.95997 ], [ 29.7953403, 40.9596459 ], [ 29.7961664, 40.9577662 ], [ 29.7971856, 40.9579444 ], [ 29.7974568, 40.9534843 ], [ 29.7989827, 40.9522118 ], [ 29.8029685, 40.9512678 ], [ 29.8032033, 40.9445095 ], [ 29.8096204, 40.9295883 ], [ 29.8083259, 40.9242418 ], [ 29.8089777, 40.92074 ], [ 29.8100388, 40.9190013 ], [ 29.8125172, 40.9178339 ], [ 29.8130429, 40.9152882 ], [ 29.8145664, 40.913845 ], [ 29.8132467, 40.9124586 ], [ 29.8137454, 40.9114018 ], [ 29.8192814, 40.9093527 ], [ 29.8252455, 40.9093776 ], [ 29.8270976, 40.9087126 ], [ 29.8269045, 40.9081045 ], [ 29.8279774, 40.9085667 ], [ 29.8301124, 40.907918 ], [ 29.8302841, 40.9085018 ], [ 29.8328161, 40.9062801 ], [ 29.8351014, 40.9065558 ], [ 29.8382556, 40.9031906 ], [ 29.8463774, 40.8987061 ], [ 29.8457444, 40.8985764 ], [ 29.8465809, 40.8976157 ], [ 29.8459589, 40.8969301 ], [ 29.8484421, 40.8965778 ], [ 29.8510764, 40.893543 ], [ 29.846813, 40.8893848 ], [ 29.8481798, 40.8887144 ], [ 29.8507333, 40.8812358 ], [ 29.8476863, 40.8802624 ], [ 29.8459594, 40.8777804 ], [ 29.844017, 40.8738537 ], [ 29.8443818, 40.8691807 ], [ 29.8431372, 40.8678501 ], [ 29.8460218, 40.8649147 ], [ 29.8492088, 40.8592511 ], [ 29.8418288, 40.8608872 ], [ 29.8399281, 40.8604961 ], [ 29.841603, 40.8589653 ], [ 29.8424292, 40.8558574 ], [ 29.8334813, 40.8520596 ], [ 29.8325066, 40.8504445 ], [ 29.8363798, 40.8472131 ], [ 29.8352248, 40.8441491 ], [ 29.8357842, 40.8410219 ], [ 29.8330793, 40.8396705 ], [ 29.8339339, 40.8374296 ], [ 29.8303747, 40.8333495 ], [ 29.8282458, 40.8324707 ], [ 29.8282904, 40.8299815 ], [ 29.8267687, 40.8285703 ], [ 29.8270111, 40.8267932 ], [ 29.8252032, 40.8260319 ], [ 29.8249679, 40.8244339 ], [ 29.8213754, 40.8249113 ], [ 29.81935, 40.8238477 ], [ 29.8191121, 40.8229519 ], [ 29.8200423, 40.8218603 ], [ 29.8183773, 40.8192615 ], [ 29.8166082, 40.8186358 ], [ 29.8172486, 40.816773 ], [ 29.8159611, 40.8155469 ], [ 29.8119163, 40.8163264 ], [ 29.8072386, 40.8141909 ], [ 29.8070991, 40.8134926 ], [ 29.8085797, 40.8124288 ], [ 29.8079359, 40.8118361 ], [ 29.8085046, 40.8109753 ], [ 29.8069811, 40.8100415 ], [ 29.8084938, 40.8084904 ], [ 29.8089874, 40.8066714 ], [ 29.8072386, 40.8051122 ], [ 29.8049855, 40.8005561 ], [ 29.8021102, 40.7988749 ], [ 29.8048675, 40.7961622 ], [ 29.803462, 40.7937174 ], [ 29.8037624, 40.7900297 ], [ 29.805007, 40.7872597 ], [ 29.8031959, 40.7840217 ], [ 29.7945898, 40.7814546 ], [ 29.7950347, 40.7804767 ], [ 29.7942009, 40.7780136 ], [ 29.7954242, 40.7772145 ], [ 29.8046136, 40.7789144 ], [ 29.8055513, 40.7787562 ], [ 29.8051642, 40.7765986 ], [ 29.8059082, 40.7754718 ], [ 29.8051386, 40.7735121 ], [ 29.8051724, 40.7678651 ], [ 29.8034783, 40.7667591 ], [ 29.8026217, 40.7635619 ], [ 29.7993656, 40.7606568 ], [ 29.7997464, 40.7560226 ], [ 29.798076, 40.7487984 ], [ 29.7956607, 40.7469105 ], [ 29.7945938, 40.7435706 ], [ 29.791287, 40.7454945 ], [ 29.7890722, 40.745657 ], [ 29.7874265, 40.7446456 ], [ 29.7852347, 40.7413353 ], [ 29.7832964, 40.7407204 ], [ 29.772972, 40.7430452 ], [ 29.7694708, 40.7429005 ], [ 29.7701699, 40.7420113 ], [ 29.765977, 40.7427484 ], [ 29.7692615, 40.7423611 ], [ 29.7692829, 40.7428935 ], [ 29.7648835, 40.7461114 ], [ 29.7638169, 40.7454102 ], [ 29.7644449, 40.7463098 ], [ 29.762627, 40.7474562 ], [ 29.7606658, 40.7461677 ], [ 29.7603085, 40.7460872 ], [ 29.7580339, 40.7463604 ], [ 29.7605978, 40.7462461 ], [ 29.7619017, 40.7474277 ], [ 29.7598507, 40.7499858 ], [ 29.7555168, 40.7500179 ], [ 29.7595381, 40.7505025 ], [ 29.7584259, 40.7543992 ], [ 29.7569217, 40.7565326 ], [ 29.7465328, 40.753225 ], [ 29.7548793, 40.7563182 ], [ 29.7516367, 40.760207 ], [ 29.7520435, 40.7607301 ], [ 29.74514, 40.7585615 ], [ 29.7420087, 40.7619582 ], [ 29.7482525, 40.7638066 ], [ 29.7481577, 40.7643632 ], [ 29.7434861, 40.76783 ], [ 29.7378078, 40.7691218 ], [ 29.7332557, 40.7710045 ], [ 29.732749, 40.7719588 ], [ 29.7246227, 40.7705177 ], [ 29.7246947, 40.7686591 ], [ 29.7243472, 40.7706673 ], [ 29.7202299, 40.7703846 ], [ 29.715186, 40.7716252 ], [ 29.7155506, 40.7727489 ], [ 29.7137933, 40.7739684 ], [ 29.7140204, 40.7748257 ], [ 29.7094558, 40.7720445 ], [ 29.712406, 40.7746257 ], [ 29.7117639, 40.7751465 ], [ 29.7067434, 40.7742779 ], [ 29.7058655, 40.7763578 ], [ 29.7025875, 40.7751175 ], [ 29.6952785, 40.7770115 ], [ 29.6893296, 40.7771043 ], [ 29.6846393, 40.7783858 ], [ 29.6786105, 40.777059 ], [ 29.6717248, 40.7773555 ], [ 29.6698755, 40.7783161 ], [ 29.6466343, 40.7773636 ], [ 29.643643, 40.7760212 ], [ 29.6374043, 40.7752318 ], [ 29.6306368, 40.7771697 ], [ 29.6249053, 40.7817251 ], [ 29.6175822, 40.7823202 ], [ 29.6192476, 40.7832274 ], [ 29.6180478, 40.78365 ], [ 29.617383, 40.7836688 ], [ 29.6176325, 40.7826579 ], [ 29.6164852, 40.7832443 ], [ 29.6153286, 40.7830466 ], [ 29.6154779, 40.7824996 ], [ 29.6108766, 40.7822753 ], [ 29.6009546, 40.7773857 ], [ 29.6019021, 40.7782758 ], [ 29.5969093, 40.7765673 ], [ 29.595849, 40.779164 ], [ 29.5964813, 40.7833848 ], [ 29.5954942, 40.7861793 ], [ 29.5969319, 40.790777 ], [ 29.595759, 40.7939831 ] ] ] } },
{ "type": "Feature", "properties": { "ilce": "Körfez" }, "geometry": { "type": "Polygon", "coordinates": [ [ [ 29.595759, 40.7939831 ], [ 29.5999481, 40.7948386 ], [ 29.6061909, 40.8025296 ], [ 29.6084094, 40.8023844 ], [ 29.6088456, 40.808948 ], [ 29.6115859, 40.812125 ], [ 29.6136738, 40.8177051 ], [ 29.6134346, 40.8190712 ], [ 29.6150005, 40.8207335 ], [ 29.6195461, 40.8220996 ], [ 29.6229824, 40.8253747 ], [ 29.6257228, 40.8297852 ], [ 29.6330087, 40.8331094 ], [ 29.6401206, 40.8318093 ], [ 29.6440355, 40.8334714 ], [ 29.6500164, 40.8337511 ], [ 29.6535398, 40.8355118 ], [ 29.6628701, 40.837651 ], [ 29.6674156, 40.8415341 ], [ 29.6697863, 40.8414025 ], [ 29.6716132, 40.8436566 ], [ 29.6764297, 40.8566382 ], [ 29.681766, 40.8631771 ], [ 29.678822, 40.8641331 ], [ 29.680531, 40.8666006 ], [ 29.6800375, 40.8677365 ], [ 29.6808529, 40.8696512 ], [ 29.6801662, 40.8713712 ], [ 29.6758747, 40.873659 ], [ 29.6750808, 40.8758981 ], [ 29.677763, 40.877991 ], [ 29.6773982, 40.8789969 ], [ 29.6784067, 40.8813331 ], [ 29.6825695, 40.8821118 ], [ 29.6879339, 40.8881547 ], [ 29.6905517, 40.8891199 ], [ 29.6912599, 40.8905312 ], [ 29.6908414, 40.8918451 ], [ 29.693942, 40.8946674 ], [ 29.6949184, 40.8986737 ], [ 29.6962488, 40.8995009 ], [ 29.6971714, 40.9031581 ], [ 29.7011089, 40.9100424 ], [ 29.7028899, 40.9116964 ], [ 29.703877, 40.9106748 ], [ 29.7080183, 40.9099451 ], [ 29.7139621, 40.914826 ], [ 29.7160435, 40.9151503 ], [ 29.722116, 40.9183609 ], [ 29.7254848, 40.9211821 ], [ 29.7294116, 40.9226089 ], [ 29.7303557, 40.9260136 ], [ 29.7342074, 40.9334142 ], [ 29.7416854, 40.9378476 ], [ 29.7405374, 40.9396631 ], [ 29.7367072, 40.9394037 ], [ 29.7353983, 40.9402466 ], [ 29.7394538, 40.9444365 ], [ 29.738338, 40.9466164 ], [ 29.7310638, 40.9485937 ], [ 29.7295189, 40.950344 ], [ 29.7299051, 40.9515352 ], [ 29.7338211, 40.9516243 ], [ 29.7346258, 40.9523374 ], [ 29.7340679, 40.9557892 ], [ 29.7350979, 40.9580174 ], [ 29.733274, 40.9608288 ], [ 29.7334564, 40.9635429 ], [ 29.7354644, 40.9647834 ], [ 29.7348885, 40.9662294 ], [ 29.7366961, 40.9680254 ], [ 29.7364872, 40.9744054 ], [ 29.7370893, 40.9756203 ], [ 29.7399751, 40.9771614 ], [ 29.7391323, 40.9782593 ], [ 29.7375468, 40.9785961 ], [ 29.7383349, 40.9807079 ], [ 29.7396935, 40.9811732 ], [ 29.7370961, 40.9881293 ], [ 29.7388034, 40.9885419 ], [ 29.7397033, 40.9902103 ], [ 29.7442436, 40.9917634 ], [ 29.7473638, 40.9938012 ], [ 29.7511937, 41.0028181 ], [ 29.7487368, 41.0051779 ], [ 29.7489601, 41.006414 ], [ 29.7526597, 41.0071041 ], [ 29.7531295, 41.0103469 ], [ 29.7516404, 41.0133244 ], [ 29.7486578, 41.01521 ], [ 29.7436943, 41.0214197 ], [ 29.7458333, 41.0232347 ], [ 29.7444292, 41.0260027 ], [ 29.7423951, 41.027626 ], [ 29.7448883, 41.0294459 ], [ 29.7454734, 41.0317588 ], [ 29.7444608, 41.0332879 ], [ 29.7426057, 41.0341602 ], [ 29.746397, 41.0343493 ], [ 29.7506118, 41.0319905 ], [ 29.7536909, 41.0277333 ], [ 29.7563504, 41.026561 ], [ 29.7611368, 41.0271748 ], [ 29.7645592, 41.0268349 ], [ 29.7649673, 41.0254778 ], [ 29.7712369, 41.0252479 ], [ 29.7783629, 41.0273877 ], [ 29.7804656, 41.0254276 ], [ 29.7819955, 41.0255956 ], [ 29.7849979, 41.023886 ], [ 29.785734, 41.0215493 ], [ 29.7914994, 41.0192424 ], [ 29.7934091, 41.02006 ], [ 29.7947408, 41.0185168 ], [ 29.7932494, 41.0150851 ], [ 29.794557, 41.0129525 ], [ 29.7965624, 41.0120137 ], [ 29.7957372, 41.0104428 ], [ 29.7964561, 41.0074553 ], [ 29.7945893, 41.0049293 ], [ 29.7984311, 41.0036987 ], [ 29.7998534, 40.9997741 ], [ 29.7991062, 40.9976869 ], [ 29.7995353, 40.9968808 ], [ 29.7980761, 40.9962816 ], [ 29.7982745, 40.9954563 ], [ 29.7943747, 40.9938361 ], [ 29.7943683, 40.9905683 ], [ 29.7928297, 40.9867743 ], [ 29.7952008, 40.9844175 ], [ 29.7955441, 40.9822793 ], [ 29.7935808, 40.9795174 ], [ 29.7936237, 40.9759939 ], [ 29.7918749, 40.9746088 ], [ 29.7911775, 40.9708259 ], [ 29.7899758, 40.9689546 ], [ 29.7960055, 40.9623763 ], [ 29.7955656, 40.9606911 ], [ 29.7941065, 40.95997 ], [ 29.7953403, 40.9596459 ], [ 29.7961664, 40.9577662 ], [ 29.7971856, 40.9579444 ], [ 29.7974568, 40.9534843 ], [ 29.7989827, 40.9522118 ], [ 29.8029685, 40.9512678 ], [ 29.8032033, 40.9445095 ], [ 29.8096204, 40.9295883 ], [ 29.8083259, 40.9242418 ], [ 29.8089777, 40.92074 ], [ 29.8100388, 40.9190013 ], [ 29.8125172, 40.9178339 ], [ 29.8130429, 40.9152882 ], [ 29.8145664, 40.913845 ], [ 29.8132467, 40.9124586 ], [ 29.8137454, 40.9114018 ], [ 29.8192814, 40.9093527 ], [ 29.8252455, 40.9093776 ], [ 29.8270976, 40.9087126 ], [ 29.8269045, 40.9081045 ], [ 29.8279774, 40.9085667 ], [ 29.8301124, 40.907918 ], [ 29.8302841, 40.9085018 ], [ 29.8328161, 40.9062801 ], [ 29.8351014, 40.9065558 ], [ 29.8382556, 40.9031906 ], [ 29.8463774, 40.8987061 ], [ 29.8457444, 40.8985764 ], [ 29.8465809, 40.8976157 ], [ 29.8459589, 40.8969301 ], [ 29.8484421, 40.8965778 ], [ 29.8510764, 40.893543 ], [ 29.846813, 40.8893848 ], [ 29.8481798, 40.8887144 ], [ 29.8507333, 40.8812358 ], [ 29.8476863, 40.8802624 ], [ 29.8459594, 40.8777804 ], [ 29.844017, 40.8738537 ], [ 29.8443818, 40.8691807 ], [ 29.8431372, 40.8678501 ], [ 29.8460218, 40.8649147 ], [ 29.8492088, 40.8592511 ], [ 29.8418288, 40.8608872 ], [ 29.8399281, 40.8604961 ], [ 29.841603, 40.8589653 ], [ 29.8424292, 40.8558574 ], [ 29.8334813, 40.8520596 ], [ 29.8325066, 40.8504445 ], [ 29.8363798, 40.8472131 ], [ 29.8352248, 40.8441491 ], [ 29.8357842, 40.8410219 ], [ 29.8330793, 40.8396705 ], [ 29.8339339, 40.8374296 ], [ 29.8303747, 40.8333495 ], [ 29.8282458, 40.8324707 ], [ 29.8282904, 40.8299815 ], [ 29.8267687, 40.8285703 ], [ 29.8270111, 40.8267932 ], [ 29.8252032, 40.8260319 ], [ 29.8249679, 40.8244339 ], [ 29.8213754, 40.8249113 ], [ 29.81935, 40.8238477 ], [ 29.8191121, 40.8229519 ], [ 29.8200423, 40.8218603 ], [ 29.8183773, 40.8192615 ], [ 29.8166082, 40.8186358 ], [ 29.8172486, 40.816773 ], [ 29.8159611, 40.8155469 ], [ 29.8119163, 40.8163264 ], [ 29.8072386, 40.8141909 ], [ 29.8070991, 40.8134926 ], [ 29.8085797, 40.8124288 ], [ 29.8079359, 40.8118361 ], [ 29.8085046, 40.8109753 ], [ 29.8069811, 40.8100415 ], [ 29.8084938, 40.8084904 ], [ 29.8089874, 40.8066714 ], [ 29.8072386, 40.8051122 ], [ 29.8049855, 40.8005561 ], [ 29.8021102, 40.7988749 ], [ 29.8048675, 40.7961622 ], [ 29.803462, 40.7937174 ], [ 29.8037624, 40.7900297 ], [ 29.805007, 40.7872597 ], [ 29.8031959, 40.7840217 ], [ 29.7945898, 40.7814546 ], [ 29.7950347, 40.7804767 ], [ 29.7942009, 40.7780136 ], [ 29.7954242, 40.7772145 ], [ 29.8046136, 40.7789144 ], [ 29.8055513, 40.7787562 ], [ 29.8051642, 40.7765986 ], [ 29.8059082, 40.7754718 ], [ 29.8051386, 40.7735121 ], [ 29.8051724, 40.7678651 ], [ 29.8034783, 40.7667591 ], [ 29.8026217, 40.7635619 ], [ 29.7993656, 40.7606568 ], [ 29.7997464, 40.7560226 ], [ 29.798076, 40.7487984 ], [ 29.7956607, 40.7469105 ], [ 29.7945938, 40.7435706 ], [ 29.791287, 40.7454945 ], [ 29.7890722, 40.745657 ], [ 29.7874265, 40.7446456 ], [ 29.7852347, 40.7413353 ], [ 29.7832964, 40.7407204 ], [ 29.772972, 40.7430452 ], [ 29.7694708, 40.7429005 ], [ 29.7701699, 40.7420113 ], [ 29.765977, 40.7427484 ], [ 29.7692615, 40.7423611 ], [ 29.7692829, 40.7428935 ], [ 29.7648835, 40.7461114 ], [ 29.7638169, 40.7454102 ], [ 29.7644449, 40.7463098 ], [ 29.762627, 40.7474562 ], [ 29.7606658, 40.7461677 ], [ 29.7603085, 40.7460872 ], [ 29.7580339, 40.7463604 ], [ 29.7605978, 40.7462461 ], [ 29.7619017, 40.7474277 ], [ 29.7598507, 40.7499858 ], [ 29.7555168, 40.7500179 ], [ 29.7595381, 40.7505025 ], [ 29.7584259, 40.7543992 ], [ 29.7569217, 40.7565326 ], [ 29.7465328, 40.753225 ], [ 29.7548793, 40.7563182 ], [ 29.7516367, 40.760207 ], [ 29.7520435, 40.7607301 ], [ 29.74514, 40.7585615 ], [ 29.7420087, 40.7619582 ], [ 29.7482525, 40.7638066 ], [ 29.7481577, 40.7643632 ], [ 29.7434861, 40.76783 ], [ 29.7378078, 40.7691218 ], [ 29.7332557, 40.7710045 ], [ 29.732749, 40.7719588 ], [ 29.7246227, 40.7705177 ], [ 29.7246947, 40.7686591 ], [ 29.7243472, 40.7706673 ], [ 29.7202299, 40.7703846 ], [ 29.715186, 40.7716252 ], [ 29.7155506, 40.7727489 ], [ 29.7137933, 40.7739684 ], [ 29.7140204, 40.7748257 ], [ 29.7094558, 40.7720445 ], [ 29.712406, 40.7746257 ], [ 29.7117639, 40.7751465 ], [ 29.7067434, 40.7742779 ], [ 29.7058655, 40.7763578 ], [ 29.7025875, 40.7751175 ], [ 29.6952785, 40.7770115 ], [ 29.6893296, 40.7771043 ], [ 29.6846393, 40.7783858 ], [ 29.6786105, 40.777059 ], [ 29.6717248, 40.7773555 ], [ 29.6698755, 40.7783161 ], [ 29.6466343, 40.7773636 ], [ 29.643643, 40.7760212 ], [ 29.6374043, 40.7752318 ], [ 29.6306368, 40.7771697 ], [ 29.6249053, 40.7817251 ], [ 29.6175822, 40.7823202 ], [ 29.6192476, 40.7832274 ], [ 29.6180478, 40.78365 ], [ 29.617383, 40.7836688 ], [ 29.6176325, 40.7826579 ], [ 29.6164852, 40.7832443 ], [ 29.6153286, 40.7830466 ], [ 29.6154779, 40.7824996 ], [ 29.6108766, 40.7822753 ], [ 29.6009546, 40.7773857 ], [ 29.6019021, 40.7782758 ], [ 29.5969093, 40.7765673 ], [ 29.595849, 40.779164 ], [ 29.5964813, 40.7833848 ], [ 29.5954942, 40.7861793 ], [ 29.5969319, 40.790777 ], [ 29.595759, 40.7939831 ] ] ] } },
{ "type": "Feature", "properties": { "ilce": "Derince" }, "geometry": { "type": "Polygon", "coordinates": [ [ [ 29.7941047, 40.9895294 ], [ 29.7943747, 40.9938361 ], [ 29.7982745, 40.9954563 ], [ 29.7980761, 40.9962816 ], [ 29.7995353, 40.9968808 ], [ 29.7991062, 40.9976869 ], [ 29.7998534, 40.9997741 ], [ 29.7984311, 41.0036987 ], [ 29.7945893, 41.0049293 ], [ 29.7964561, 41.0074553 ], [ 29.7957372, 41.0104428 ], [ 29.7965624, 41.0120137 ], [ 29.794557, 41.0129525 ], [ 29.7932494, 41.0150851 ], [ 29.7947408, 41.0185168 ], [ 29.7942568, 41.0190777 ], [ 29.8002756, 41.0207076 ], [ 29.8042774, 41.01955 ], [ 29.8086226, 41.0201895 ], [ 29.8110044, 41.0180929 ], [ 29.8115623, 41.0162877 ], [ 29.8138047, 41.0146239 ], [ 29.8192679, 41.0149915 ], [ 29.8227533, 41.0132347 ], [ 29.8243189, 41.0141587 ], [ 29.8265547, 41.0132711 ], [ 29.8287713, 41.0148873 ], [ 29.8320436, 41.0146768 ], [ 29.8347909, 41.0158392 ], [ 29.8359204, 41.014007 ], [ 29.8360509, 41.0113212 ], [ 29.8379874, 41.0113657 ], [ 29.8394734, 41.0104752 ], [ 29.8386472, 41.00886 ], [ 29.8439419, 41.004237 ], [ 29.8491776, 41.0044556 ], [ 29.8487806, 41.0028079 ], [ 29.8498428, 41.0015286 ], [ 29.8492098, 40.9980873 ], [ 29.8472571, 40.9940304 ], [ 29.8484695, 40.9910665 ], [ 29.8459589, 40.9890662 ], [ 29.8485124, 40.9884912 ], [ 29.8515487, 40.9865313 ], [ 29.8555183, 40.9803922 ], [ 29.8582649, 40.9807971 ], [ 29.8600459, 40.9795984 ], [ 29.8695409, 40.9798981 ], [ 29.8750716, 40.9731831 ], [ 29.8755797, 40.9721049 ], [ 29.8712039, 40.9655764 ], [ 29.8710585, 40.9613349 ], [ 29.8723197, 40.9615256 ], [ 29.8728424, 40.9604907 ], [ 29.8738217, 40.9605533 ], [ 29.8762786, 40.9585845 ], [ 29.8787677, 40.9586331 ], [ 29.881171, 40.9567939 ], [ 29.8826837, 40.9571342 ], [ 29.8843467, 40.960448 ], [ 29.8908162, 40.9659004 ], [ 29.892329, 40.9662326 ], [ 29.8947966, 40.9646042 ], [ 29.8961377, 40.9653009 ], [ 29.8995602, 40.9648149 ], [ 29.9025535, 40.9657708 ], [ 29.9054181, 40.9649202 ], [ 29.9047422, 40.9642477 ], [ 29.9060082, 40.962676 ], [ 29.9080038, 40.961955 ], [ 29.9110293, 40.9618902 ], [ 29.9134755, 40.9631945 ], [ 29.9134648, 40.9626679 ], [ 29.9155891, 40.9629839 ], [ 29.9197733, 40.9644503 ], [ 29.9218333, 40.9624168 ], [ 29.9227023, 40.962992 ], [ 29.9241274, 40.9623579 ], [ 29.9238235, 40.9610354 ], [ 29.9260336, 40.959496 ], [ 29.9252746, 40.9586152 ], [ 29.9265271, 40.9569114 ], [ 29.917649, 40.9534151 ], [ 29.9143881, 40.95017 ], [ 29.9149494, 40.9477465 ], [ 29.91624, 40.9474204 ], [ 29.914117, 40.9445955 ], [ 29.9130034, 40.9436099 ], [ 29.9085768, 40.9435635 ], [ 29.9084329, 40.9428724 ], [ 29.9136597, 40.9413509 ], [ 29.9164856, 40.9369593 ], [ 29.9212764, 40.9352784 ], [ 29.9242687, 40.9319147 ], [ 29.9318263, 40.9339192 ], [ 29.9352903, 40.9319329 ], [ 29.9367528, 40.9300895 ], [ 29.9349528, 40.9209259 ], [ 29.9321229, 40.9172313 ], [ 29.9289787, 40.915353 ], [ 29.9284422, 40.9138612 ], [ 29.9290752, 40.9098721 ], [ 29.9280345, 40.9077964 ], [ 29.9290076, 40.9042276 ], [ 29.932369, 40.9046826 ], [ 29.9339998, 40.9059071 ], [ 29.9415314, 40.9057692 ], [ 29.939847, 40.9055178 ], [ 29.9357271, 40.9025905 ], [ 29.9381733, 40.8988359 ], [ 29.9363494, 40.8966787 ], [ 29.9324334, 40.8957299 ], [ 29.9322667, 40.8913139 ], [ 29.9282031, 40.8872941 ], [ 29.9288943, 40.8831321 ], [ 29.9313822, 40.8795535 ], [ 29.9368867, 40.8764243 ], [ 29.9409708, 40.870698 ], [ 29.9406009, 40.8677781 ], [ 29.9372922, 40.8639328 ], [ 29.9347691, 40.8644684 ], [ 29.9323075, 40.8637438 ], [ 29.9320262, 40.8597877 ], [ 29.9326168, 40.8589414 ], [ 29.9373044, 40.8572877 ], [ 29.9330212, 40.8476319 ], [ 29.9330697, 40.8442342 ], [ 29.9311381, 40.8430151 ], [ 29.9295641, 40.8406153 ], [ 29.9303683, 40.8381133 ], [ 29.9285423, 40.836413 ], [ 29.9228606, 40.8370069 ], [ 29.9217879, 40.8365767 ], [ 29.9213759, 40.8351862 ], [ 29.9198523, 40.8346584 ], [ 29.9183464, 40.8369475 ], [ 29.9104585, 40.8392351 ], [ 29.9069833, 40.83821 ], [ 29.9040686, 40.8399379 ], [ 29.8990446, 40.8410239 ], [ 29.8887895, 40.8333456 ], [ 29.8796079, 40.8287599 ], [ 29.8715579, 40.8278147 ], [ 29.8697013, 40.8268895 ], [ 29.8689294, 40.8249733 ], [ 29.8645035, 40.8234923 ], [ 29.8630714, 40.822083 ], [ 29.864831, 40.8216608 ], [ 29.8677082, 40.8183816 ], [ 29.8691869, 40.8178285 ], [ 29.8691976, 40.815555 ], [ 29.8673249, 40.8144347 ], [ 29.867481, 40.8120959 ], [ 29.862608, 40.8117419 ], [ 29.8635006, 40.8105125 ], [ 29.8628578, 40.8086524 ], [ 29.8590214, 40.805398 ], [ 29.8595925, 40.8035955 ], [ 29.8583115, 40.7972275 ], [ 29.8596382, 40.7953093 ], [ 29.8554164, 40.7918122 ], [ 29.8573209, 40.7900259 ], [ 29.8579001, 40.7853913 ], [ 29.8587923, 40.7844434 ], [ 29.858037, 40.7833536 ], [ 29.8592596, 40.7799327 ], [ 29.8591298, 40.7757079 ], [ 29.8568575, 40.7727308 ], [ 29.8562638, 40.7695441 ], [ 29.8570542, 40.7685583 ], [ 29.8542107, 40.7669799 ], [ 29.8554921, 40.7651332 ], [ 29.8553857, 40.7630307 ], [ 29.8565992, 40.7610423 ], [ 29.8579586, 40.7604719 ], [ 29.8573265, 40.7596719 ], [ 29.8580835, 40.7574579 ], [ 29.8608481, 40.7576109 ], [ 29.8624104, 40.7543598 ], [ 29.8611961, 40.7540276 ], [ 29.8618266, 40.7527231 ], [ 29.8615854, 40.7526555 ], [ 29.8609192, 40.754109 ], [ 29.8598382, 40.7539691 ], [ 29.8607141, 40.7522606 ], [ 29.8597995, 40.7539597 ], [ 29.8549777, 40.7521728 ], [ 29.8539128, 40.7502528 ], [ 29.8557661, 40.7498684 ], [ 29.8556438, 40.7495987 ], [ 29.8471666, 40.7503768 ], [ 29.8452466, 40.7520256 ], [ 29.8432152, 40.7525597 ], [ 29.8432208, 40.7481768 ], [ 29.83782, 40.7477113 ], [ 29.8373898, 40.7504074 ], [ 29.8387489, 40.7524622 ], [ 29.8371968, 40.7520996 ], [ 29.8314865, 40.7472041 ], [ 29.8246501, 40.7470925 ], [ 29.8264049, 40.7473685 ], [ 29.8250306, 40.7482248 ], [ 29.8253883, 40.7494289 ], [ 29.8243423, 40.7489689 ], [ 29.8222249, 40.7500985 ], [ 29.8125217, 40.749484 ], [ 29.8127308, 40.748979 ], [ 29.8115157, 40.749612 ], [ 29.8081566, 40.7486997 ], [ 29.8082098, 40.7480913 ], [ 29.8080606, 40.7486303 ], [ 29.8029651, 40.7485597 ], [ 29.7972987, 40.7435858 ], [ 29.7945938, 40.7435706 ], [ 29.7956607, 40.7469105 ], [ 29.798076, 40.7487984 ], [ 29.7997464, 40.7560226 ], [ 29.7993656, 40.7606568 ], [ 29.8026217, 40.7635619 ], [ 29.8034783, 40.7667591 ], [ 29.8051724, 40.7678651 ], [ 29.8051386, 40.7735121 ], [ 29.8059082, 40.7754718 ], [ 29.8051642, 40.7765986 ], [ 29.8055513, 40.7787562 ], [ 29.8046136, 40.7789144 ], [ 29.7954242, 40.7772145 ], [ 29.7942009, 40.7780136 ], [ 29.7950347, 40.7804767 ], [ 29.7945898, 40.7814546 ], [ 29.8031959, 40.7840217 ], [ 29.805007, 40.7872597 ], [ 29.8037624, 40.7900297 ], [ 29.803462, 40.7937174 ], [ 29.8048675, 40.7961622 ], [ 29.8021102, 40.7988749 ], [ 29.8049855, 40.8005561 ], [ 29.8072386, 40.8051122 ], [ 29.8089874, 40.8066714 ], [ 29.8084938, 40.8084904 ], [ 29.8069811, 40.8100415 ], [ 29.8085046, 40.8109753 ], [ 29.8079359, 40.8118361 ], [ 29.8085797, 40.8124288 ], [ 29.8070991, 40.8134926 ], [ 29.8072386, 40.8141909 ], [ 29.8119163, 40.8163264 ], [ 29.8159611, 40.8155469 ], [ 29.8172486, 40.816773 ], [ 29.8166082, 40.8186358 ], [ 29.8183773, 40.8192615 ], [ 29.8200423, 40.8218603 ], [ 29.8191121, 40.8229519 ], [ 29.81935, 40.8238477 ], [ 29.8213754, 40.8249113 ], [ 29.8249679, 40.8244339 ], [ 29.8252032, 40.8260319 ], [ 29.8270111, 40.8267932 ], [ 29.8267687, 40.8285703 ], [ 29.8282904, 40.8299815 ], [ 29.8282458, 40.8324707 ], [ 29.8303747, 40.8333495 ], [ 29.8339339, 40.8374296 ], [ 29.8330793, 40.8396705 ], [ 29.8357842, 40.8410219 ], [ 29.8352248, 40.8441491 ], [ 29.8363798, 40.8472131 ], [ 29.8325066, 40.8504445 ], [ 29.8334813, 40.8520596 ], [ 29.8424292, 40.8558574 ], [ 29.841603, 40.8589653 ], [ 29.8399281, 40.8604961 ], [ 29.8418288, 40.8608872 ], [ 29.8492088, 40.8592511 ], [ 29.8460218, 40.8649147 ], [ 29.8431372, 40.8678501 ], [ 29.8443818, 40.8691807 ], [ 29.844017, 40.8738537 ], [ 29.8459594, 40.8777804 ], [ 29.8476863, 40.8802624 ], [ 29.8507333, 40.8812358 ], [ 29.8481798, 40.8887144 ], [ 29.846813, 40.8893848 ], [ 29.8510764, 40.893543 ], [ 29.8484421, 40.8965778 ], [ 29.8459589, 40.8969301 ], [ 29.8465809, 40.8976157 ], [ 29.8457444, 40.8985764 ], [ 29.8463774, 40.8987061 ], [ 29.8382556, 40.9031906 ], [ 29.8351014, 40.9065558 ], [ 29.8328161, 40.9062801 ], [ 29.8302841, 40.9085018 ], [ 29.8301124, 40.907918 ], [ 29.8279774, 40.9085667 ], [ 29.8269045, 40.9081045 ], [ 29.8270976, 40.9087126 ], [ 29.8252455, 40.9093776 ], [ 29.8192814, 40.9093527 ], [ 29.8137454, 40.9114018 ], [ 29.8132467, 40.9124586 ], [ 29.8145664, 40.913845 ], [ 29.8130429, 40.9152882 ], [ 29.8125172, 40.9178339 ], [ 29.8100388, 40.9190013 ], [ 29.8089777, 40.92074 ], [ 29.8083259, 40.9242418 ], [ 29.8096204, 40.9295883 ], [ 29.8032033, 40.9445095 ], [ 29.8029685, 40.9512678 ], [ 29.7989827, 40.9522118 ], [ 29.7974568, 40.9534843 ], [ 29.7971856, 40.9579444 ], [ 29.7961664, 40.9577662 ], [ 29.7953403, 40.9596459 ], [ 29.7941065, 40.95997 ], [ 29.7955656, 40.9606911 ], [ 29.7960055, 40.9623763 ], [ 29.7899758, 40.9689546 ], [ 29.7911775, 40.9708259 ], [ 29.7918749, 40.9746088 ], [ 29.7936237, 40.9759939 ], [ 29.7935808, 40.9795174 ], [ 29.7955441, 40.9822793 ], [ 29.7952008, 40.9844175 ], [ 29.7928297, 40.9867743 ], [ 29.7941047, 40.9895294 ] ] ] } },
{ "type": "Feature", "properties": { "ilce": "Gebze" }, "geometry": { "type": "Polygon", "coordinates": [ [ [ 29.3391181, 40.8097985 ], [ 29.3417451, 40.8122741 ], [ 29.3420268, 40.8138552 ], [ 29.3427362, 40.8139282 ], [ 29.3498691, 40.8244937 ], [ 29.3566619, 40.8210011 ], [ 29.3682938, 40.8116231 ], [ 29.3704814, 40.8120131 ], [ 29.3727942, 40.8147636 ], [ 29.3750928, 40.8205845 ], [ 29.3798796, 40.8230958 ], [ 29.3844702, 40.8226983 ], [ 29.3854726, 40.8203268 ], [ 29.3878005, 40.8206481 ], [ 29.3898008, 40.8182277 ], [ 29.394089, 40.8177482 ], [ 29.3939263, 40.8165177 ], [ 29.3988611, 40.8166596 ], [ 29.407487, 40.8140021 ], [ 29.4075631, 40.8145919 ], [ 29.4112106, 40.8143604 ], [ 29.4146329, 40.8188231 ], [ 29.4155776, 40.8223925 ], [ 29.4163704, 40.8228846 ], [ 29.4152496, 40.8279763 ], [ 29.4203343, 40.8323398 ], [ 29.4246044, 40.832587 ], [ 29.4256959, 40.8343318 ], [ 29.4238543, 40.8358595 ], [ 29.4239107, 40.8371152 ], [ 29.4271465, 40.84102 ], [ 29.4287478, 40.844919 ], [ 29.4267207, 40.8464658 ], [ 29.425591, 40.8462124 ], [ 29.4238388, 40.8489656 ], [ 29.4231146, 40.8489217 ], [ 29.4223596, 40.8509948 ], [ 29.4200451, 40.8618194 ], [ 29.4201088, 40.8633707 ], [ 29.4211915, 40.8632943 ], [ 29.4219285, 40.8654666 ], [ 29.4164837, 40.869995 ], [ 29.413415, 40.8744694 ], [ 29.4140375, 40.8791754 ], [ 29.4132882, 40.8811364 ], [ 29.4135547, 40.886492 ], [ 29.4154339, 40.8891208 ], [ 29.4150258, 40.8953694 ], [ 29.4157541, 40.8973032 ], [ 29.4166207, 40.898283 ], [ 29.4220078, 40.8992227 ], [ 29.4345269, 40.8992333 ], [ 29.4421303, 40.9004758 ], [ 29.4450029, 40.9024224 ], [ 29.4468593, 40.9054887 ], [ 29.4495664, 40.9061379 ], [ 29.454678, 40.9103966 ], [ 29.4564576, 40.9126028 ], [ 29.4552662, 40.9129768 ], [ 29.452107, 40.9172908 ], [ 29.450264, 40.9153664 ], [ 29.4497593, 40.9160334 ], [ 29.4478329, 40.9156253 ], [ 29.4469191, 40.9167552 ], [ 29.4437379, 40.9161315 ], [ 29.4436276, 40.9178015 ], [ 29.4417412, 40.9200553 ], [ 29.4411679, 40.9276389 ], [ 29.4421107, 40.9331183 ], [ 29.438274, 40.9339374 ], [ 29.4395214, 40.9364854 ], [ 29.4370782, 40.9381046 ], [ 29.4372225, 40.9388202 ], [ 29.4389422, 40.9397533 ], [ 29.4388309, 40.9411432 ], [ 29.4430685, 40.944275 ], [ 29.4519701, 40.9475126 ], [ 29.4549894, 40.9542659 ], [ 29.4577739, 40.954286 ], [ 29.4632713, 40.950964 ], [ 29.4699567, 40.9516608 ], [ 29.4696772, 40.9533098 ], [ 29.4756102, 40.9594596 ], [ 29.4772196, 40.9593461 ], [ 29.4790309, 40.9579604 ], [ 29.4797393, 40.9605856 ], [ 29.4790309, 40.9619014 ], [ 29.4828844, 40.9626274 ], [ 29.4844878, 40.9650425 ], [ 29.4847298, 40.9687602 ], [ 29.4812186, 40.9696018 ], [ 29.4841718, 40.9752001 ], [ 29.4894451, 40.9768514 ], [ 29.4956542, 40.981508 ], [ 29.5008109, 40.9867665 ], [ 29.5047605, 40.9870092 ], [ 29.5059007, 40.9878684 ], [ 29.5063162, 40.9894792 ], [ 29.5054282, 40.9944435 ], [ 29.5067024, 40.9952451 ], [ 29.5053575, 40.9976425 ], [ 29.5062518, 40.9994234 ], [ 29.5017457, 41.0009537 ], [ 29.4994712, 41.0037067 ], [ 29.4974386, 41.0043464 ], [ 29.4931495, 41.0081727 ], [ 29.4928193, 41.0099004 ], [ 29.49548, 41.0147011 ], [ 29.4978726, 41.0157616 ], [ 29.4996757, 41.0176734 ], [ 29.4991814, 41.0200491 ], [ 29.5008123, 41.0220674 ], [ 29.5001023, 41.026403 ], [ 29.5018537, 41.0319922 ], [ 29.5053291, 41.0336577 ], [ 29.5079255, 41.0362312 ], [ 29.5086371, 41.041655 ], [ 29.5098677, 41.0416877 ], [ 29.5115335, 41.0400558 ], [ 29.5127049, 41.0422962 ], [ 29.5175406, 41.0440465 ], [ 29.5208967, 41.0415777 ], [ 29.5224649, 41.042129 ], [ 29.5248297, 41.0375592 ], [ 29.5272179, 41.0362283 ], [ 29.5257421, 41.0342647 ], [ 29.5270863, 41.0337893 ], [ 29.5270694, 41.0322292 ], [ 29.5281986, 41.0316644 ], [ 29.530487, 41.0319213 ], [ 29.5303126, 41.0334078 ], [ 29.5319957, 41.0341101 ], [ 29.5373054, 41.0331447 ], [ 29.5367735, 41.0354627 ], [ 29.5386128, 41.0368198 ], [ 29.5424802, 41.0370316 ], [ 29.5444479, 41.0354441 ], [ 29.5454849, 41.037078 ], [ 29.5467789, 41.0370303 ], [ 29.5507902, 41.0353979 ], [ 29.5534896, 41.0388933 ], [ 29.5567856, 41.0382356 ], [ 29.5580567, 41.0392344 ], [ 29.5705148, 41.0331907 ], [ 29.5735003, 41.0327495 ], [ 29.5745194, 41.0353304 ], [ 29.5748491, 41.0344288 ], [ 29.5762833, 41.0343726 ], [ 29.5779985, 41.0325632 ], [ 29.5888435, 41.0313715 ], [ 29.5923546, 41.0302994 ], [ 29.5935998, 41.028816 ], [ 29.5973308, 41.0288959 ], [ 29.6002632, 41.026565 ], [ 29.5988095, 41.0252566 ], [ 29.5971894, 41.0205133 ], [ 29.5997223, 41.0179866 ], [ 29.6018565, 41.0124748 ], [ 29.6010625, 41.0119891 ], [ 29.6013016, 41.0109379 ], [ 29.6001291, 41.0104428 ], [ 29.6010196, 41.0076335 ], [ 29.6001076, 41.0046297 ], [ 29.5989275, 41.0033666 ], [ 29.6001573, 41.0035061 ], [ 29.6034227, 41.0070053 ], [ 29.605375, 41.0054929 ], [ 29.6090915, 41.0074019 ], [ 29.610175, 41.0063767 ], [ 29.6112442, 41.0003707 ], [ 29.6103859, 40.9924675 ], [ 29.6068668, 40.9907831 ], [ 29.6048713, 40.9861507 ], [ 29.605, 40.9839478 ], [ 29.6069312, 40.9812588 ], [ 29.6109223, 40.9799791 ], [ 29.6136477, 40.9812279 ], [ 29.6143234, 40.9799872 ], [ 29.6196556, 40.9781566 ], [ 29.6210235, 40.9762167 ], [ 29.633646, 40.9709717 ], [ 29.6419716, 40.9708745 ], [ 29.6465635, 40.9701616 ], [ 29.6494978, 40.9685617 ], [ 29.6517777, 40.9694042 ], [ 29.6553022, 40.9672655 ], [ 29.6556294, 40.9640614 ], [ 29.6601248, 40.9626679 ], [ 29.6601784, 40.9632674 ], [ 29.6623349, 40.9633566 ], [ 29.6633166, 40.9617484 ], [ 29.6651673, 40.9634335 ], [ 29.6686649, 40.964029 ], [ 29.6687937, 40.9649607 ], [ 29.6716958, 40.966427 ], [ 29.6718621, 40.9647986 ], [ 29.6731979, 40.9644948 ], [ 29.673906, 40.9650295 ], [ 29.6766905, 40.9644098 ], [ 29.6791363, 40.966022 ], [ 29.6834981, 40.9699632 ], [ 29.6829182, 40.970915 ], [ 29.6838077, 40.9770912 ], [ 29.6860134, 40.9795984 ], [ 29.6896344, 40.9796308 ], [ 29.6910721, 40.9813398 ], [ 29.6883792, 40.9839073 ], [ 29.6894038, 40.9847374 ], [ 29.6910154, 40.9845285 ], [ 29.6920094, 40.9887823 ], [ 29.7008315, 40.990049 ], [ 29.7031255, 40.9946586 ], [ 29.7062573, 40.9961338 ], [ 29.7116573, 41.0004562 ], [ 29.7116905, 41.002111 ], [ 29.7180605, 41.002897 ], [ 29.7182134, 41.0052703 ], [ 29.7194809, 41.0077415 ], [ 29.7189464, 41.0084263 ], [ 29.7142408, 41.0111673 ], [ 29.7134762, 41.0127571 ], [ 29.7100138, 41.0116086 ], [ 29.7070741, 41.0126125 ], [ 29.7051465, 41.0156243 ], [ 29.7022247, 41.0163039 ], [ 29.6971607, 41.0210152 ], [ 29.6964097, 41.0226179 ], [ 29.6961522, 41.0244148 ], [ 29.6996283, 41.0266325 ], [ 29.6998891, 41.0283644 ], [ 29.7058285, 41.0286119 ], [ 29.7044336, 41.0317702 ], [ 29.7044201, 41.0344787 ], [ 29.7072673, 41.0319743 ], [ 29.7137447, 41.0299411 ], [ 29.7181463, 41.0275067 ], [ 29.71879, 41.029352 ], [ 29.7171378, 41.029692 ], [ 29.7184038, 41.0309707 ], [ 29.7180304, 41.0317493 ], [ 29.7230435, 41.0315198 ], [ 29.7262573, 41.0345722 ], [ 29.7298193, 41.0411028 ], [ 29.7324291, 41.0421757 ], [ 29.7360076, 41.0413404 ], [ 29.7365355, 41.0404878 ], [ 29.7364282, 41.0348392 ], [ 29.7406554, 41.035956 ], [ 29.7454734, 41.0317588 ], [ 29.7448883, 41.0294459 ], [ 29.7423951, 41.027626 ], [ 29.7444292, 41.0260027 ], [ 29.7458333, 41.0232347 ], [ 29.7436943, 41.0214197 ], [ 29.7486578, 41.01521 ], [ 29.7516404, 41.0133244 ], [ 29.7531295, 41.0103469 ], [ 29.7526597, 41.0071041 ], [ 29.7489601, 41.006414 ], [ 29.7487368, 41.0051779 ], [ 29.7511937, 41.0028181 ], [ 29.7473638, 40.9938012 ], [ 29.7442436, 40.9917634 ], [ 29.7397033, 40.9902103 ], [ 29.7388034, 40.9885419 ], [ 29.7370961, 40.9881293 ], [ 29.7396935, 40.9811732 ], [ 29.7383349, 40.9807079 ], [ 29.7375468, 40.9785961 ], [ 29.7391323, 40.9782593 ], [ 29.7399751, 40.9771614 ], [ 29.7370893, 40.9756203 ], [ 29.7364872, 40.9744054 ], [ 29.7366961, 40.9680254 ], [ 29.7348885, 40.9662294 ], [ 29.7354644, 40.9647834 ], [ 29.7334564, 40.9635429 ], [ 29.733274, 40.9608288 ], [ 29.7350979, 40.9580174 ], [ 29.7340679, 40.9557892 ], [ 29.7346258, 40.9523374 ], [ 29.7338211, 40.9516243 ], [ 29.7299051, 40.9515352 ], [ 29.7295189, 40.950344 ], [ 29.7310638, 40.9485937 ], [ 29.738338, 40.9466164 ], [ 29.7394538, 40.9444365 ], [ 29.7353983, 40.9402466 ], [ 29.7367072, 40.9394037 ], [ 29.7405374, 40.9396631 ], [ 29.7416854, 40.9378476 ], [ 29.7342074, 40.9334142 ], [ 29.7303557, 40.9260136 ], [ 29.7294116, 40.9226089 ], [ 29.7254848, 40.9211821 ], [ 29.722116, 40.9183609 ], [ 29.7160435, 40.9151503 ], [ 29.7139621, 40.914826 ], [ 29.7080183, 40.9099451 ], [ 29.703877, 40.9106748 ], [ 29.7028899, 40.9116964 ], [ 29.7011089, 40.9100424 ], [ 29.6971714, 40.9031581 ], [ 29.6962488, 40.8995009 ], [ 29.6949184, 40.8986737 ], [ 29.693942, 40.8946674 ], [ 29.6908414, 40.8918451 ], [ 29.6912599, 40.8905312 ], [ 29.6905517, 40.8891199 ], [ 29.6883845, 40.8884629 ], [ 29.6872473, 40.8866623 ], [ 29.6845221, 40.8861513 ], [ 29.6831869, 40.8848635 ], [ 29.6796753, 40.8856711 ], [ 29.6771622, 40.8850563 ], [ 29.6747817, 40.8859685 ], [ 29.673629, 40.8875797 ], [ 29.6723676, 40.8861328 ], [ 29.6690597, 40.8874989 ], [ 29.6683855, 40.8885347 ], [ 29.6657321, 40.8882059 ], [ 29.6649926, 40.8874167 ], [ 29.6623015, 40.8893849 ], [ 29.6572545, 40.8902723 ], [ 29.6550886, 40.889671 ], [ 29.6524, 40.8906447 ], [ 29.6400148, 40.8910523 ], [ 29.6352124, 40.893013 ], [ 29.6313274, 40.8930735 ], [ 29.6299137, 40.8968712 ], [ 29.6182398, 40.9033508 ], [ 29.6116281, 40.9003096 ], [ 29.6101649, 40.8984191 ], [ 29.6075596, 40.8976573 ], [ 29.6029143, 40.8978617 ], [ 29.6003823, 40.8953725 ], [ 29.5944957, 40.8956984 ], [ 29.5895987, 40.9005015 ], [ 29.5894236, 40.9052003 ], [ 29.5874082, 40.9053674 ], [ 29.5854173, 40.9048473 ], [ 29.5754877, 40.8977137 ], [ 29.5744309, 40.8958744 ], [ 29.5710882, 40.8931433 ], [ 29.5714815, 40.8913225 ], [ 29.5707196, 40.8903377 ], [ 29.5674261, 40.8886469 ], [ 29.556275, 40.8868418 ], [ 29.5492197, 40.8826716 ], [ 29.5459149, 40.8787962 ], [ 29.5391126, 40.8762835 ], [ 29.5354842, 40.8761763 ], [ 29.5259485, 40.8712573 ], [ 29.5241617, 40.8698274 ], [ 29.5218198, 40.8649603 ], [ 29.5197444, 40.8633909 ], [ 29.5216799, 40.8593143 ], [ 29.5212507, 40.8568961 ], [ 29.5227039, 40.8543591 ], [ 29.5197177, 40.8530452 ], [ 29.5147378, 40.848283 ], [ 29.5158654, 40.8470625 ], [ 29.5146337, 40.8455272 ], [ 29.5175056, 40.8439887 ], [ 29.516725, 40.8414689 ], [ 29.5189748, 40.8392941 ], [ 29.5190095, 40.8366298 ], [ 29.5209524, 40.8353567 ], [ 29.5221841, 40.8293058 ], [ 29.5241444, 40.8285444 ], [ 29.5217851, 40.826838 ], [ 29.527718, 40.8206024 ], [ 29.5334132, 40.8190868 ], [ 29.5246361, 40.8154622 ], [ 29.5252151, 40.8143375 ], [ 29.5293972, 40.8131712 ], [ 29.5306763, 40.8117831 ], [ 29.5314276, 40.8068887 ], [ 29.5304528, 40.8049873 ], [ 29.5328585, 40.8027604 ], [ 29.5338634, 40.8006223 ], [ 29.5316559, 40.7956545 ], [ 29.5292973, 40.7938879 ], [ 29.5304242, 40.7895605 ], [ 29.5269585, 40.7920197 ], [ 29.5265497, 40.7956611 ], [ 29.5248775, 40.7985461 ], [ 29.5223393, 40.7999619 ], [ 29.5189918, 40.7988399 ], [ 29.5171556, 40.7998232 ], [ 29.5106702, 40.7951907 ], [ 29.5138426, 40.7906209 ], [ 29.5161359, 40.78413 ], [ 29.5116839, 40.7816652 ], [ 29.5046704, 40.7798925 ], [ 29.5040919, 40.7790343 ], [ 29.5018246, 40.7798454 ], [ 29.4966463, 40.7789846 ], [ 29.4904631, 40.7806186 ], [ 29.4837454, 40.7776399 ], [ 29.4785654, 40.7770204 ], [ 29.4755076, 40.775411 ], [ 29.4725757, 40.7753617 ], [ 29.4685772, 40.7715813 ], [ 29.465327, 40.7715289 ], [ 29.4629117, 40.7724542 ], [ 29.4596783, 40.770283 ], [ 29.4561515, 40.770639 ], [ 29.4498723, 40.7683034 ], [ 29.4448395, 40.7688826 ], [ 29.4394375, 40.7715452 ], [ 29.4378467, 40.7714276 ], [ 29.4282658, 40.7687095 ], [ 29.4281287, 40.7693042 ], [ 29.4269751, 40.7690744 ], [ 29.4262472, 40.7683321 ], [ 29.4279025, 40.7683093 ], [ 29.4249508, 40.7678669 ], [ 29.4218414, 40.7654646 ], [ 29.4145989, 40.7649281 ], [ 29.4155771, 40.7674401 ], [ 29.4146141, 40.7675051 ], [ 29.4146733, 40.7683779 ], [ 29.4162208, 40.7687239 ], [ 29.4158131, 40.7712794 ], [ 29.4216764, 40.774897 ], [ 29.4167519, 40.7798103 ], [ 29.4164846, 40.7822165 ], [ 29.3966952, 40.7883796 ], [ 29.3876314, 40.7940129 ], [ 29.381151, 40.7951809 ], [ 29.3770384, 40.7948984 ], [ 29.3763072, 40.7953339 ], [ 29.3790069, 40.7999089 ], [ 29.3683938, 40.8064944 ], [ 29.3666804, 40.8032077 ], [ 29.3563422, 40.7997583 ], [ 29.3508875, 40.8006292 ], [ 29.3479757, 40.7984938 ], [ 29.3470234, 40.7989501 ], [ 29.3481375, 40.79988 ], [ 29.3469723, 40.7997632 ], [ 29.3464095, 40.8006909 ], [ 29.3476968, 40.8005778 ], [ 29.3469614, 40.8015355 ], [ 29.3436561, 40.8015308 ], [ 29.3468627, 40.8016151 ], [ 29.3424598, 40.8085637 ], [ 29.3405995, 40.810226 ], [ 29.3391181, 40.8097985 ] ] ] } },
{ "type": "Feature", "properties": { "ilce": "Gebze" }, "geometry": { "type": "Polygon", "coordinates": [ [ [ 29.3391181, 40.8097985 ], [ 29.3417451, 40.8122741 ], [ 29.3420268, 40.8138552 ], [ 29.3427362, 40.8139282 ], [ 29.3498691, 40.8244937 ], [ 29.3566619, 40.8210011 ], [ 29.3682938, 40.8116231 ], [ 29.3704814, 40.8120131 ], [ 29.3727942, 40.8147636 ], [ 29.3750928, 40.8205845 ], [ 29.3798796, 40.8230958 ], [ 29.3844702, 40.8226983 ], [ 29.3854726, 40.8203268 ], [ 29.3878005, 40.8206481 ], [ 29.3898008, 40.8182277 ], [ 29.394089, 40.8177482 ], [ 29.3939263, 40.8165177 ], [ 29.3988611, 40.8166596 ], [ 29.407487, 40.8140021 ], [ 29.4075631, 40.8145919 ], [ 29.4112106, 40.8143604 ], [ 29.4146329, 40.8188231 ], [ 29.4155776, 40.8223925 ], [ 29.4163704, 40.8228846 ], [ 29.4152496, 40.8279763 ], [ 29.4203343, 40.8323398 ], [ 29.4246044, 40.832587 ], [ 29.4256959, 40.8343318 ], [ 29.4238543, 40.8358595 ], [ 29.4239107, 40.8371152 ], [ 29.4271465, 40.84102 ], [ 29.4287478, 40.844919 ], [ 29.4267207, 40.8464658 ], [ 29.425591, 40.8462124 ], [ 29.4238388, 40.8489656 ], [ 29.4231146, 40.8489217 ], [ 29.4223596, 40.8509948 ], [ 29.4200451, 40.8618194 ], [ 29.4201088, 40.8633707 ], [ 29.4211915, 40.8632943 ], [ 29.4219285, 40.8654666 ], [ 29.4164837, 40.869995 ], [ 29.413415, 40.8744694 ], [ 29.4140375, 40.8791754 ], [ 29.4132882, 40.8811364 ], [ 29.4135547, 40.886492 ], [ 29.4154339, 40.8891208 ], [ 29.4150258, 40.8953694 ], [ 29.4157541, 40.8973032 ], [ 29.4166207, 40.898283 ], [ 29.4220078, 40.8992227 ], [ 29.4345269, 40.8992333 ], [ 29.4421303, 40.9004758 ], [ 29.4450029, 40.9024224 ], [ 29.4468593, 40.9054887 ], [ 29.4495664, 40.9061379 ], [ 29.454678, 40.9103966 ], [ 29.4564576, 40.9126028 ], [ 29.4552662, 40.9129768 ], [ 29.452107, 40.9172908 ], [ 29.450264, 40.9153664 ], [ 29.4497593, 40.9160334 ], [ 29.4478329, 40.9156253 ], [ 29.4469191, 40.9167552 ], [ 29.4437379, 40.9161315 ], [ 29.4436276, 40.9178015 ], [ 29.4417412, 40.9200553 ], [ 29.4411679, 40.9276389 ], [ 29.4421107, 40.9331183 ], [ 29.438274, 40.9339374 ], [ 29.4395214, 40.9364854 ], [ 29.4370782, 40.9381046 ], [ 29.4372225, 40.9388202 ], [ 29.4389422, 40.9397533 ], [ 29.4388309, 40.9411432 ], [ 29.4430685, 40.944275 ], [ 29.4519701, 40.9475126 ], [ 29.4549894, 40.9542659 ], [ 29.4577739, 40.954286 ], [ 29.4632713, 40.950964 ], [ 29.4699567, 40.9516608 ], [ 29.4696772, 40.9533098 ], [ 29.4756102, 40.9594596 ], [ 29.4772196, 40.9593461 ], [ 29.4790309, 40.9579604 ], [ 29.4797393, 40.9605856 ], [ 29.4790309, 40.9619014 ], [ 29.4828844, 40.9626274 ], [ 29.4844878, 40.9650425 ], [ 29.4847298, 40.9687602 ], [ 29.4812186, 40.9696018 ], [ 29.4841718, 40.9752001 ], [ 29.4894451, 40.9768514 ], [ 29.4956542, 40.981508 ], [ 29.5008109, 40.9867665 ], [ 29.5047605, 40.9870092 ], [ 29.5059007, 40.9878684 ], [ 29.5063162, 40.9894792 ], [ 29.5054282, 40.9944435 ], [ 29.5067024, 40.9952451 ], [ 29.5053575, 40.9976425 ], [ 29.5062518, 40.9994234 ], [ 29.5017457, 41.0009537 ], [ 29.4994712, 41.0037067 ], [ 29.4974386, 41.0043464 ], [ 29.4931495, 41.0081727 ], [ 29.4928193, 41.0099004 ], [ 29.49548, 41.0147011 ], [ 29.4978726, 41.0157616 ], [ 29.4996757, 41.0176734 ], [ 29.4991814, 41.0200491 ], [ 29.5008123, 41.0220674 ], [ 29.5001023, 41.026403 ], [ 29.5018537, 41.0319922 ], [ 29.5053291, 41.0336577 ], [ 29.5079255, 41.0362312 ], [ 29.5086371, 41.041655 ], [ 29.5098677, 41.0416877 ], [ 29.5115335, 41.0400558 ], [ 29.5127049, 41.0422962 ], [ 29.5175406, 41.0440465 ], [ 29.5208967, 41.0415777 ], [ 29.5224649, 41.042129 ], [ 29.5248297, 41.0375592 ], [ 29.5272179, 41.0362283 ], [ 29.5257421, 41.0342647 ], [ 29.5270863, 41.0337893 ], [ 29.5270694, 41.0322292 ], [ 29.5281986, 41.0316644 ], [ 29.530487, 41.0319213 ], [ 29.5303126, 41.0334078 ], [ 29.5319957, 41.0341101 ], [ 29.5373054, 41.0331447 ], [ 29.5367735, 41.0354627 ], [ 29.5386128, 41.0368198 ], [ 29.5424802, 41.0370316 ], [ 29.5444479, 41.0354441 ], [ 29.5454849, 41.037078 ], [ 29.5467789, 41.0370303 ], [ 29.5507902, 41.0353979 ], [ 29.5534896, 41.0388933 ], [ 29.5567856, 41.0382356 ], [ 29.5580567, 41.0392344 ], [ 29.5705148, 41.0331907 ], [ 29.5735003, 41.0327495 ], [ 29.5745194, 41.0353304 ], [ 29.5748491, 41.0344288 ], [ 29.5762833, 41.0343726 ], [ 29.5779985, 41.0325632 ], [ 29.5888435, 41.0313715 ], [ 29.5923546, 41.0302994 ], [ 29.5935998, 41.028816 ], [ 29.5973308, 41.0288959 ], [ 29.6002632, 41.026565 ], [ 29.5988095, 41.0252566 ], [ 29.5971894, 41.0205133 ], [ 29.5997223, 41.0179866 ], [ 29.6018565, 41.0124748 ], [ 29.6010625, 41.0119891 ], [ 29.6013016, 41.0109379 ], [ 29.6001291, 41.0104428 ], [ 29.6010196, 41.0076335 ], [ 29.6001076, 41.0046297 ], [ 29.5989275, 41.0033666 ], [ 29.6001573, 41.0035061 ], [ 29.6034227, 41.0070053 ], [ 29.605375, 41.0054929 ], [ 29.6090915, 41.0074019 ], [ 29.610175, 41.0063767 ], [ 29.6112442, 41.0003707 ], [ 29.6103859, 40.9924675 ], [ 29.6068668, 40.9907831 ], [ 29.6048713, 40.9861507 ], [ 29.605, 40.9839478 ], [ 29.6069312, 40.9812588 ], [ 29.6109223, 40.9799791 ], [ 29.6136477, 40.9812279 ], [ 29.6143234, 40.9799872 ], [ 29.6196556, 40.9781566 ], [ 29.6210235, 40.9762167 ], [ 29.633646, 40.9709717 ], [ 29.6419716, 40.9708745 ], [ 29.6465635, 40.9701616 ], [ 29.6494978, 40.9685617 ], [ 29.6517777, 40.9694042 ], [ 29.6553022, 40.9672655 ], [ 29.6556294, 40.9640614 ], [ 29.6601248, 40.9626679 ], [ 29.6601784, 40.9632674 ], [ 29.6623349, 40.9633566 ], [ 29.6633166, 40.9617484 ], [ 29.6651673, 40.9634335 ], [ 29.6686649, 40.964029 ], [ 29.6687937, 40.9649607 ], [ 29.6716958, 40.966427 ], [ 29.6718621, 40.9647986 ], [ 29.6731979, 40.9644948 ], [ 29.673906, 40.9650295 ], [ 29.6766905, 40.9644098 ], [ 29.6791363, 40.966022 ], [ 29.6834981, 40.9699632 ], [ 29.6829182, 40.970915 ], [ 29.6838077, 40.9770912 ], [ 29.6860134, 40.9795984 ], [ 29.6896344, 40.9796308 ], [ 29.6910721, 40.9813398 ], [ 29.6883792, 40.9839073 ], [ 29.6894038, 40.9847374 ], [ 29.6910154, 40.9845285 ], [ 29.6920094, 40.9887823 ], [ 29.7008315, 40.990049 ], [ 29.7031255, 40.9946586 ], [ 29.7062573, 40.9961338 ], [ 29.7116573, 41.0004562 ], [ 29.7116905, 41.002111 ], [ 29.7180605, 41.002897 ], [ 29.7182134, 41.0052703 ], [ 29.7194809, 41.0077415 ], [ 29.7189464, 41.0084263 ], [ 29.7142408, 41.0111673 ], [ 29.7134762, 41.0127571 ], [ 29.7100138, 41.0116086 ], [ 29.7070741, 41.0126125 ], [ 29.7051465, 41.0156243 ], [ 29.7022247, 41.0163039 ], [ 29.6971607, 41.0210152 ], [ 29.6964097, 41.0226179 ], [ 29.6961522, 41.0244148 ], [ 29.6996283, 41.0266325 ], [ 29.6998891, 41.0283644 ], [ 29.7058285, 41.0286119 ], [ 29.7044336, 41.0317702 ], [ 29.7044201, 41.0344787 ], [ 29.7072673, 41.0319743 ], [ 29.7137447, 41.0299411 ], [ 29.7181463, 41.0275067 ], [ 29.71879, 41.029352 ], [ 29.7171378, 41.029692 ], [ 29.7184038, 41.0309707 ], [ 29.7180304, 41.0317493 ], [ 29.7230435, 41.0315198 ], [ 29.7262573, 41.0345722 ], [ 29.7298193, 41.0411028 ], [ 29.7324291, 41.0421757 ], [ 29.7360076, 41.0413404 ], [ 29.7365355, 41.0404878 ], [ 29.7364282, 41.0348392 ], [ 29.7406554, 41.035956 ], [ 29.7454734, 41.0317588 ], [ 29.7448883, 41.0294459 ], [ 29.7423951, 41.027626 ], [ 29.7444292, 41.0260027 ], [ 29.7458333, 41.0232347 ], [ 29.7436943, 41.0214197 ], [ 29.7486578, 41.01521 ], [ 29.7516404, 41.0133244 ], [ 29.7531295, 41.0103469 ], [ 29.7526597, 41.0071041 ], [ 29.7489601, 41.006414 ], [ 29.7487368, 41.0051779 ], [ 29.7511937, 41.0028181 ], [ 29.7473638, 40.9938012 ], [ 29.7442436, 40.9917634 ], [ 29.7397033, 40.9902103 ], [ 29.7388034, 40.9885419 ], [ 29.7370961, 40.9881293 ], [ 29.7396935, 40.9811732 ], [ 29.7383349, 40.9807079 ], [ 29.7375468, 40.9785961 ], [ 29.7391323, 40.9782593 ], [ 29.7399751, 40.9771614 ], [ 29.7370893, 40.9756203 ], [ 29.7364872, 40.9744054 ], [ 29.7366961, 40.9680254 ], [ 29.7348885, 40.9662294 ], [ 29.7354644, 40.9647834 ], [ 29.7334564, 40.9635429 ], [ 29.733274, 40.9608288 ], [ 29.7350979, 40.9580174 ], [ 29.7340679, 40.9557892 ], [ 29.7346258, 40.9523374 ], [ 29.7338211, 40.9516243 ], [ 29.7299051, 40.9515352 ], [ 29.7295189, 40.950344 ], [ 29.7310638, 40.9485937 ], [ 29.738338, 40.9466164 ], [ 29.7394538, 40.9444365 ], [ 29.7353983, 40.9402466 ], [ 29.7367072, 40.9394037 ], [ 29.7405374, 40.9396631 ], [ 29.7416854, 40.9378476 ], [ 29.7342074, 40.9334142 ], [ 29.7303557, 40.9260136 ], [ 29.7294116, 40.9226089 ], [ 29.7254848, 40.9211821 ], [ 29.722116, 40.9183609 ], [ 29.7160435, 40.9151503 ], [ 29.7139621, 40.914826 ], [ 29.7080183, 40.9099451 ], [ 29.703877, 40.9106748 ], [ 29.7028899, 40.9116964 ], [ 29.7011089, 40.9100424 ], [ 29.6971714, 40.9031581 ], [ 29.6962488, 40.8995009 ], [ 29.6949184, 40.8986737 ], [ 29.693942, 40.8946674 ], [ 29.6908414, 40.8918451 ], [ 29.6912599, 40.8905312 ], [ 29.6905517, 40.8891199 ], [ 29.6883845, 40.8884629 ], [ 29.6872473, 40.8866623 ], [ 29.6845221, 40.8861513 ], [ 29.6831869, 40.8848635 ], [ 29.6796753, 40.8856711 ], [ 29.6771622, 40.8850563 ], [ 29.6747817, 40.8859685 ], [ 29.673629, 40.8875797 ], [ 29.6723676, 40.8861328 ], [ 29.6690597, 40.8874989 ], [ 29.6683855, 40.8885347 ], [ 29.6657321, 40.8882059 ], [ 29.6649926, 40.8874167 ], [ 29.6623015, 40.8893849 ], [ 29.6572545, 40.8902723 ], [ 29.6550886, 40.889671 ], [ 29.6524, 40.8906447 ], [ 29.6400148, 40.8910523 ], [ 29.6352124, 40.893013 ], [ 29.6313274, 40.8930735 ], [ 29.6299137, 40.8968712 ], [ 29.6182398, 40.9033508 ], [ 29.6116281, 40.9003096 ], [ 29.6101649, 40.8984191 ], [ 29.6075596, 40.8976573 ], [ 29.6029143, 40.8978617 ], [ 29.6003823, 40.8953725 ], [ 29.5944957, 40.8956984 ], [ 29.5895987, 40.9005015 ], [ 29.5894236, 40.9052003 ], [ 29.5874082, 40.9053674 ], [ 29.5854173, 40.9048473 ], [ 29.5754877, 40.8977137 ], [ 29.5744309, 40.8958744 ], [ 29.5710882, 40.8931433 ], [ 29.5714815, 40.8913225 ], [ 29.5707196, 40.8903377 ], [ 29.5674261, 40.8886469 ], [ 29.556275, 40.8868418 ], [ 29.5492197, 40.8826716 ], [ 29.5459149, 40.8787962 ], [ 29.5391126, 40.8762835 ], [ 29.5354842, 40.8761763 ], [ 29.5259485, 40.8712573 ], [ 29.5241617, 40.8698274 ], [ 29.5218198, 40.8649603 ], [ 29.5197444, 40.8633909 ], [ 29.5216799, 40.8593143 ], [ 29.5212507, 40.8568961 ], [ 29.5227039, 40.8543591 ], [ 29.5197177, 40.8530452 ], [ 29.5147378, 40.848283 ], [ 29.5158654, 40.8470625 ], [ 29.5146337, 40.8455272 ], [ 29.5175056, 40.8439887 ], [ 29.516725, 40.8414689 ], [ 29.5189748, 40.8392941 ], [ 29.5190095, 40.8366298 ], [ 29.5209524, 40.8353567 ], [ 29.5221841, 40.8293058 ], [ 29.5241444, 40.8285444 ], [ 29.5217851, 40.826838 ], [ 29.527718, 40.8206024 ], [ 29.5334132, 40.8190868 ], [ 29.5246361, 40.8154622 ], [ 29.5252151, 40.8143375 ], [ 29.5293972, 40.8131712 ], [ 29.5306763, 40.8117831 ], [ 29.5314276, 40.8068887 ], [ 29.5304528, 40.8049873 ], [ 29.5328585, 40.8027604 ], [ 29.5338634, 40.8006223 ], [ 29.5316559, 40.7956545 ], [ 29.5292973, 40.7938879 ], [ 29.5304242, 40.7895605 ], [ 29.5269585, 40.7920197 ], [ 29.5265497, 40.7956611 ], [ 29.5248775, 40.7985461 ], [ 29.5223393, 40.7999619 ], [ 29.5189918, 40.7988399 ], [ 29.5171556, 40.7998232 ], [ 29.5106702, 40.7951907 ], [ 29.5138426, 40.7906209 ], [ 29.5161359, 40.78413 ], [ 29.5116839, 40.7816652 ], [ 29.5046704, 40.7798925 ], [ 29.5040919, 40.7790343 ], [ 29.5018246, 40.7798454 ], [ 29.4966463, 40.7789846 ], [ 29.4904631, 40.7806186 ], [ 29.4837454, 40.7776399 ], [ 29.4785654, 40.7770204 ], [ 29.4755076, 40.775411 ], [ 29.4725757, 40.7753617 ], [ 29.4685772, 40.7715813 ], [ 29.465327, 40.7715289 ], [ 29.4629117, 40.7724542 ], [ 29.4596783, 40.770283 ], [ 29.4561515, 40.770639 ], [ 29.4498723, 40.7683034 ], [ 29.4448395, 40.7688826 ], [ 29.4394375, 40.7715452 ], [ 29.4378467, 40.7714276 ], [ 29.4282658, 40.7687095 ], [ 29.4281287, 40.7693042 ], [ 29.4269751, 40.7690744 ], [ 29.4262472, 40.7683321 ], [ 29.4279025, 40.7683093 ], [ 29.4249508, 40.7678669 ], [ 29.4218414, 40.7654646 ], [ 29.4145989, 40.7649281 ], [ 29.4155771, 40.7674401 ], [ 29.4146141, 40.7675051 ], [ 29.4146733, 40.7683779 ], [ 29.4162208, 40.7687239 ], [ 29.4158131, 40.7712794 ], [ 29.4216764, 40.774897 ], [ 29.4167519, 40.7798103 ], [ 29.4164846, 40.7822165 ], [ 29.3966952, 40.7883796 ], [ 29.3876314, 40.7940129 ], [ 29.381151, 40.7951809 ], [ 29.3770384, 40.7948984 ], [ 29.3763072, 40.7953339 ], [ 29.3790069, 40.7999089 ], [ 29.3683938, 40.8064944 ], [ 29.3666804, 40.8032077 ], [ 29.3563422, 40.7997583 ], [ 29.3508875, 40.8006292 ], [ 29.3479757, 40.7984938 ], [ 29.3470234, 40.7989501 ], [ 29.3481375, 40.79988 ], [ 29.3469723, 40.7997632 ], [ 29.3464095, 40.8006909 ], [ 29.3476968, 40.8005778 ], [ 29.3469614, 40.8015355 ], [ 29.3436561, 40.8015308 ], [ 29.3468627, 40.8016151 ], [ 29.3424598, 40.8085637 ], [ 29.3405995, 40.810226 ], [ 29.3391181, 40.8097985 ] ] ] } },
{ "type": "Feature", "properties": { "ilce": "Gebze" }, "geometry": { "type": "Polygon", "coordinates": [ [ [ 29.3391181, 40.8097985 ], [ 29.3417451, 40.8122741 ], [ 29.3420268, 40.8138552 ], [ 29.3427362, 40.8139282 ], [ 29.3498691, 40.8244937 ], [ 29.3566619, 40.8210011 ], [ 29.3682938, 40.8116231 ], [ 29.3704814, 40.8120131 ], [ 29.3727942, 40.8147636 ], [ 29.3750928, 40.8205845 ], [ 29.3798796, 40.8230958 ], [ 29.3844702, 40.8226983 ], [ 29.3854726, 40.8203268 ], [ 29.3878005, 40.8206481 ], [ 29.3898008, 40.8182277 ], [ 29.394089, 40.8177482 ], [ 29.3939263, 40.8165177 ], [ 29.3988611, 40.8166596 ], [ 29.407487, 40.8140021 ], [ 29.4075631, 40.8145919 ], [ 29.4112106, 40.8143604 ], [ 29.4146329, 40.8188231 ], [ 29.4155776, 40.8223925 ], [ 29.4163704, 40.8228846 ], [ 29.4152496, 40.8279763 ], [ 29.4203343, 40.8323398 ], [ 29.4246044, 40.832587 ], [ 29.4256959, 40.8343318 ], [ 29.4238543, 40.8358595 ], [ 29.4239107, 40.8371152 ], [ 29.4271465, 40.84102 ], [ 29.4287478, 40.844919 ], [ 29.4267207, 40.8464658 ], [ 29.425591, 40.8462124 ], [ 29.4238388, 40.8489656 ], [ 29.4231146, 40.8489217 ], [ 29.4223596, 40.8509948 ], [ 29.4200451, 40.8618194 ], [ 29.4201088, 40.8633707 ], [ 29.4211915, 40.8632943 ], [ 29.4219285, 40.8654666 ], [ 29.4164837, 40.869995 ], [ 29.413415, 40.8744694 ], [ 29.4140375, 40.8791754 ], [ 29.4132882, 40.8811364 ], [ 29.4135547, 40.886492 ], [ 29.4154339, 40.8891208 ], [ 29.4150258, 40.8953694 ], [ 29.4157541, 40.8973032 ], [ 29.4166207, 40.898283 ], [ 29.4220078, 40.8992227 ], [ 29.4345269, 40.8992333 ], [ 29.4421303, 40.9004758 ], [ 29.4450029, 40.9024224 ], [ 29.4468593, 40.9054887 ], [ 29.4495664, 40.9061379 ], [ 29.454678, 40.9103966 ], [ 29.4564576, 40.9126028 ], [ 29.4552662, 40.9129768 ], [ 29.452107, 40.9172908 ], [ 29.450264, 40.9153664 ], [ 29.4497593, 40.9160334 ], [ 29.4478329, 40.9156253 ], [ 29.4469191, 40.9167552 ], [ 29.4437379, 40.9161315 ], [ 29.4436276, 40.9178015 ], [ 29.4417412, 40.9200553 ], [ 29.4411679, 40.9276389 ], [ 29.4421107, 40.9331183 ], [ 29.438274, 40.9339374 ], [ 29.4395214, 40.9364854 ], [ 29.4370782, 40.9381046 ], [ 29.4372225, 40.9388202 ], [ 29.4389422, 40.9397533 ], [ 29.4388309, 40.9411432 ], [ 29.4430685, 40.944275 ], [ 29.4519701, 40.9475126 ], [ 29.4549894, 40.9542659 ], [ 29.4577739, 40.954286 ], [ 29.4632713, 40.950964 ], [ 29.4699567, 40.9516608 ], [ 29.4696772, 40.9533098 ], [ 29.4756102, 40.9594596 ], [ 29.4772196, 40.9593461 ], [ 29.4790309, 40.9579604 ], [ 29.4797393, 40.9605856 ], [ 29.4790309, 40.9619014 ], [ 29.4828844, 40.9626274 ], [ 29.4844878, 40.9650425 ], [ 29.4847298, 40.9687602 ], [ 29.4812186, 40.9696018 ], [ 29.4841718, 40.9752001 ], [ 29.4894451, 40.9768514 ], [ 29.4956542, 40.981508 ], [ 29.5008109, 40.9867665 ], [ 29.5047605, 40.9870092 ], [ 29.5059007, 40.9878684 ], [ 29.5063162, 40.9894792 ], [ 29.5054282, 40.9944435 ], [ 29.5067024, 40.9952451 ], [ 29.5053575, 40.9976425 ], [ 29.5062518, 40.9994234 ], [ 29.5017457, 41.0009537 ], [ 29.4994712, 41.0037067 ], [ 29.4974386, 41.0043464 ], [ 29.4931495, 41.0081727 ], [ 29.4928193, 41.0099004 ], [ 29.49548, 41.0147011 ], [ 29.4978726, 41.0157616 ], [ 29.4996757, 41.0176734 ], [ 29.4991814, 41.0200491 ], [ 29.5008123, 41.0220674 ], [ 29.5001023, 41.026403 ], [ 29.5018537, 41.0319922 ], [ 29.5053291, 41.0336577 ], [ 29.5079255, 41.0362312 ], [ 29.5086371, 41.041655 ], [ 29.5098677, 41.0416877 ], [ 29.5115335, 41.0400558 ], [ 29.5127049, 41.0422962 ], [ 29.5175406, 41.0440465 ], [ 29.5208967, 41.0415777 ], [ 29.5224649, 41.042129 ], [ 29.5248297, 41.0375592 ], [ 29.5272179, 41.0362283 ], [ 29.5257421, 41.0342647 ], [ 29.5270863, 41.0337893 ], [ 29.5270694, 41.0322292 ], [ 29.5281986, 41.0316644 ], [ 29.530487, 41.0319213 ], [ 29.5303126, 41.0334078 ], [ 29.5319957, 41.0341101 ], [ 29.5373054, 41.0331447 ], [ 29.5367735, 41.0354627 ], [ 29.5386128, 41.0368198 ], [ 29.5424802, 41.0370316 ], [ 29.5444479, 41.0354441 ], [ 29.5454849, 41.037078 ], [ 29.5467789, 41.0370303 ], [ 29.5507902, 41.0353979 ], [ 29.5534896, 41.0388933 ], [ 29.5567856, 41.0382356 ], [ 29.5580567, 41.0392344 ], [ 29.5705148, 41.0331907 ], [ 29.5735003, 41.0327495 ], [ 29.5745194, 41.0353304 ], [ 29.5748491, 41.0344288 ], [ 29.5762833, 41.0343726 ], [ 29.5779985, 41.0325632 ], [ 29.5888435, 41.0313715 ], [ 29.5923546, 41.0302994 ], [ 29.5935998, 41.028816 ], [ 29.5973308, 41.0288959 ], [ 29.6002632, 41.026565 ], [ 29.5988095, 41.0252566 ], [ 29.5971894, 41.0205133 ], [ 29.5997223, 41.0179866 ], [ 29.6018565, 41.0124748 ], [ 29.6010625, 41.0119891 ], [ 29.6013016, 41.0109379 ], [ 29.6001291, 41.0104428 ], [ 29.6010196, 41.0076335 ], [ 29.6001076, 41.0046297 ], [ 29.5989275, 41.0033666 ], [ 29.6001573, 41.0035061 ], [ 29.6034227, 41.0070053 ], [ 29.605375, 41.0054929 ], [ 29.6090915, 41.0074019 ], [ 29.610175, 41.0063767 ], [ 29.6112442, 41.0003707 ], [ 29.6103859, 40.9924675 ], [ 29.6068668, 40.9907831 ], [ 29.6048713, 40.9861507 ], [ 29.605, 40.9839478 ], [ 29.6069312, 40.9812588 ], [ 29.6109223, 40.9799791 ], [ 29.6136477, 40.9812279 ], [ 29.6143234, 40.9799872 ], [ 29.6196556, 40.9781566 ], [ 29.6210235, 40.9762167 ], [ 29.633646, 40.9709717 ], [ 29.6419716, 40.9708745 ], [ 29.6465635, 40.9701616 ], [ 29.6494978, 40.9685617 ], [ 29.6517777, 40.9694042 ], [ 29.6553022, 40.9672655 ], [ 29.6556294, 40.9640614 ], [ 29.6601248, 40.9626679 ], [ 29.6601784, 40.9632674 ], [ 29.6623349, 40.9633566 ], [ 29.6633166, 40.9617484 ], [ 29.6651673, 40.9634335 ], [ 29.6686649, 40.964029 ], [ 29.6687937, 40.9649607 ], [ 29.6716958, 40.966427 ], [ 29.6718621, 40.9647986 ], [ 29.6731979, 40.9644948 ], [ 29.673906, 40.9650295 ], [ 29.6766905, 40.9644098 ], [ 29.6791363, 40.966022 ], [ 29.6834981, 40.9699632 ], [ 29.6829182, 40.970915 ], [ 29.6838077, 40.9770912 ], [ 29.6860134, 40.9795984 ], [ 29.6896344, 40.9796308 ], [ 29.6910721, 40.9813398 ], [ 29.6883792, 40.9839073 ], [ 29.6894038, 40.9847374 ], [ 29.6910154, 40.9845285 ], [ 29.6920094, 40.9887823 ], [ 29.7008315, 40.990049 ], [ 29.7031255, 40.9946586 ], [ 29.7062573, 40.9961338 ], [ 29.7116573, 41.0004562 ], [ 29.7116905, 41.002111 ], [ 29.7180605, 41.002897 ], [ 29.7182134, 41.0052703 ], [ 29.7194809, 41.0077415 ], [ 29.7189464, 41.0084263 ], [ 29.7142408, 41.0111673 ], [ 29.7134762, 41.0127571 ], [ 29.7100138, 41.0116086 ], [ 29.7070741, 41.0126125 ], [ 29.7051465, 41.0156243 ], [ 29.7022247, 41.0163039 ], [ 29.6971607, 41.0210152 ], [ 29.6964097, 41.0226179 ], [ 29.6961522, 41.0244148 ], [ 29.6996283, 41.0266325 ], [ 29.6998891, 41.0283644 ], [ 29.7058285, 41.0286119 ], [ 29.7044336, 41.0317702 ], [ 29.7044201, 41.0344787 ], [ 29.7072673, 41.0319743 ], [ 29.7137447, 41.0299411 ], [ 29.7181463, 41.0275067 ], [ 29.71879, 41.029352 ], [ 29.7171378, 41.029692 ], [ 29.7184038, 41.0309707 ], [ 29.7180304, 41.0317493 ], [ 29.7230435, 41.0315198 ], [ 29.7262573, 41.0345722 ], [ 29.7298193, 41.0411028 ], [ 29.7324291, 41.0421757 ], [ 29.7360076, 41.0413404 ], [ 29.7365355, 41.0404878 ], [ 29.7364282, 41.0348392 ], [ 29.7406554, 41.035956 ], [ 29.7454734, 41.0317588 ], [ 29.7448883, 41.0294459 ], [ 29.7423951, 41.027626 ], [ 29.7444292, 41.0260027 ], [ 29.7458333, 41.0232347 ], [ 29.7436943, 41.0214197 ], [ 29.7486578, 41.01521 ], [ 29.7516404, 41.0133244 ], [ 29.7531295, 41.0103469 ], [ 29.7526597, 41.0071041 ], [ 29.7489601, 41.006414 ], [ 29.7487368, 41.0051779 ], [ 29.7511937, 41.0028181 ], [ 29.7473638, 40.9938012 ], [ 29.7442436, 40.9917634 ], [ 29.7397033, 40.9902103 ], [ 29.7388034, 40.9885419 ], [ 29.7370961, 40.9881293 ], [ 29.7396935, 40.9811732 ], [ 29.7383349, 40.9807079 ], [ 29.7375468, 40.9785961 ], [ 29.7391323, 40.9782593 ], [ 29.7399751, 40.9771614 ], [ 29.7370893, 40.9756203 ], [ 29.7364872, 40.9744054 ], [ 29.7366961, 40.9680254 ], [ 29.7348885, 40.9662294 ], [ 29.7354644, 40.9647834 ], [ 29.7334564, 40.9635429 ], [ 29.733274, 40.9608288 ], [ 29.7350979, 40.9580174 ], [ 29.7340679, 40.9557892 ], [ 29.7346258, 40.9523374 ], [ 29.7338211, 40.9516243 ], [ 29.7299051, 40.9515352 ], [ 29.7295189, 40.950344 ], [ 29.7310638, 40.9485937 ], [ 29.738338, 40.9466164 ], [ 29.7394538, 40.9444365 ], [ 29.7353983, 40.9402466 ], [ 29.7367072, 40.9394037 ], [ 29.7405374, 40.9396631 ], [ 29.7416854, 40.9378476 ], [ 29.7342074, 40.9334142 ], [ 29.7303557, 40.9260136 ], [ 29.7294116, 40.9226089 ], [ 29.7254848, 40.9211821 ], [ 29.722116, 40.9183609 ], [ 29.7160435, 40.9151503 ], [ 29.7139621, 40.914826 ], [ 29.7080183, 40.9099451 ], [ 29.703877, 40.9106748 ], [ 29.7028899, 40.9116964 ], [ 29.7011089, 40.9100424 ], [ 29.6971714, 40.9031581 ], [ 29.6962488, 40.8995009 ], [ 29.6949184, 40.8986737 ], [ 29.693942, 40.8946674 ], [ 29.6908414, 40.8918451 ], [ 29.6912599, 40.8905312 ], [ 29.6905517, 40.8891199 ], [ 29.6883845, 40.8884629 ], [ 29.6872473, 40.8866623 ], [ 29.6845221, 40.8861513 ], [ 29.6831869, 40.8848635 ], [ 29.6796753, 40.8856711 ], [ 29.6771622, 40.8850563 ], [ 29.6747817, 40.8859685 ], [ 29.673629, 40.8875797 ], [ 29.6723676, 40.8861328 ], [ 29.6690597, 40.8874989 ], [ 29.6683855, 40.8885347 ], [ 29.6657321, 40.8882059 ], [ 29.6649926, 40.8874167 ], [ 29.6623015, 40.8893849 ], [ 29.6572545, 40.8902723 ], [ 29.6550886, 40.889671 ], [ 29.6524, 40.8906447 ], [ 29.6400148, 40.8910523 ], [ 29.6352124, 40.893013 ], [ 29.6313274, 40.8930735 ], [ 29.6299137, 40.8968712 ], [ 29.6182398, 40.9033508 ], [ 29.6116281, 40.9003096 ], [ 29.6101649, 40.8984191 ], [ 29.6075596, 40.8976573 ], [ 29.6029143, 40.8978617 ], [ 29.6003823, 40.8953725 ], [ 29.5944957, 40.8956984 ], [ 29.5895987, 40.9005015 ], [ 29.5894236, 40.9052003 ], [ 29.5874082, 40.9053674 ], [ 29.5854173, 40.9048473 ], [ 29.5754877, 40.8977137 ], [ 29.5744309, 40.8958744 ], [ 29.5710882, 40.8931433 ], [ 29.5714815, 40.8913225 ], [ 29.5707196, 40.8903377 ], [ 29.5674261, 40.8886469 ], [ 29.556275, 40.8868418 ], [ 29.5492197, 40.8826716 ], [ 29.5459149, 40.8787962 ], [ 29.5391126, 40.8762835 ], [ 29.5354842, 40.8761763 ], [ 29.5259485, 40.8712573 ], [ 29.5241617, 40.8698274 ], [ 29.5218198, 40.8649603 ], [ 29.5197444, 40.8633909 ], [ 29.5216799, 40.8593143 ], [ 29.5212507, 40.8568961 ], [ 29.5227039, 40.8543591 ], [ 29.5197177, 40.8530452 ], [ 29.5147378, 40.848283 ], [ 29.5158654, 40.8470625 ], [ 29.5146337, 40.8455272 ], [ 29.5175056, 40.8439887 ], [ 29.516725, 40.8414689 ], [ 29.5189748, 40.8392941 ], [ 29.5190095, 40.8366298 ], [ 29.5209524, 40.8353567 ], [ 29.5221841, 40.8293058 ], [ 29.5241444, 40.8285444 ], [ 29.5217851, 40.826838 ], [ 29.527718, 40.8206024 ], [ 29.5334132, 40.8190868 ], [ 29.5246361, 40.8154622 ], [ 29.5252151, 40.8143375 ], [ 29.5293972, 40.8131712 ], [ 29.5306763, 40.8117831 ], [ 29.5314276, 40.8068887 ], [ 29.5304528, 40.8049873 ], [ 29.5328585, 40.8027604 ], [ 29.5338634, 40.8006223 ], [ 29.5316559, 40.7956545 ], [ 29.5292973, 40.7938879 ], [ 29.5304242, 40.7895605 ], [ 29.5269585, 40.7920197 ], [ 29.5265497, 40.7956611 ], [ 29.5248775, 40.7985461 ], [ 29.5223393, 40.7999619 ], [ 29.5189918, 40.7988399 ], [ 29.5171556, 40.7998232 ], [ 29.5106702, 40.7951907 ], [ 29.5138426, 40.7906209 ], [ 29.5161359, 40.78413 ], [ 29.5116839, 40.7816652 ], [ 29.5046704, 40.7798925 ], [ 29.5040919, 40.7790343 ], [ 29.5018246, 40.7798454 ], [ 29.4966463, 40.7789846 ], [ 29.4904631, 40.7806186 ], [ 29.4837454, 40.7776399 ], [ 29.4785654, 40.7770204 ], [ 29.4755076, 40.775411 ], [ 29.4725757, 40.7753617 ], [ 29.4685772, 40.7715813 ], [ 29.465327, 40.7715289 ], [ 29.4629117, 40.7724542 ], [ 29.4596783, 40.770283 ], [ 29.4561515, 40.770639 ], [ 29.4498723, 40.7683034 ], [ 29.4448395, 40.7688826 ], [ 29.4394375, 40.7715452 ], [ 29.4378467, 40.7714276 ], [ 29.4282658, 40.7687095 ], [ 29.4281287, 40.7693042 ], [ 29.4269751, 40.7690744 ], [ 29.4262472, 40.7683321 ], [ 29.4279025, 40.7683093 ], [ 29.4249508, 40.7678669 ], [ 29.4218414, 40.7654646 ], [ 29.4145989, 40.7649281 ], [ 29.4155771, 40.7674401 ], [ 29.4146141, 40.7675051 ], [ 29.4146733, 40.7683779 ], [ 29.4162208, 40.7687239 ], [ 29.4158131, 40.7712794 ], [ 29.4216764, 40.774897 ], [ 29.4167519, 40.7798103 ], [ 29.4164846, 40.7822165 ], [ 29.3966952, 40.7883796 ], [ 29.3876314, 40.7940129 ], [ 29.381151, 40.7951809 ], [ 29.3770384, 40.7948984 ], [ 29.3763072, 40.7953339 ], [ 29.3790069, 40.7999089 ], [ 29.3683938, 40.8064944 ], [ 29.3666804, 40.8032077 ], [ 29.3563422, 40.7997583 ], [ 29.3508875, 40.8006292 ], [ 29.3479757, 40.7984938 ], [ 29.3470234, 40.7989501 ], [ 29.3481375, 40.79988 ], [ 29.3469723, 40.7997632 ], [ 29.3464095, 40.8006909 ], [ 29.3476968, 40.8005778 ], [ 29.3469614, 40.8015355 ], [ 29.3436561, 40.8015308 ], [ 29.3468627, 40.8016151 ], [ 29.3424598, 40.8085637 ], [ 29.3405995, 40.810226 ], [ 29.3391181, 40.8097985 ] ] ] } },
{ "type": "Feature", "properties": { "ilce": "Şile" }, "geometry": { "type": "MultiPolygon", "coordinates": [ [ [ [ 29.3227963, 41.1944092 ], [ 29.3324496, 41.2036116 ], [ 29.3316469, 41.2048512 ], [ 29.3328298, 41.2058842 ], [ 29.3297247, 41.2112078 ], [ 29.3322806, 41.21437 ], [ 29.3324799, 41.2166263 ], [ 29.3364711, 41.2146087 ], [ 29.3381019, 41.2151333 ], [ 29.338862, 41.21458 ], [ 29.339908, 41.215329 ], [ 29.3440671, 41.2138742 ], [ 29.34566, 41.214571 ], [ 29.345293, 41.213808 ], [ 29.346634, 41.2129156 ], [ 29.3493055, 41.2122376 ], [ 29.3512045, 41.213077 ], [ 29.352041, 41.212387 ], [ 29.353074, 41.21275 ], [ 29.357277, 41.2107767 ], [ 29.366633, 41.211702 ], [ 29.368653, 41.211147 ], [ 29.3721561, 41.2123611 ], [ 29.3745341, 41.2123121 ], [ 29.3748971, 41.2129471 ], [ 29.3785821, 41.211458 ], [ 29.389526, 41.214952 ], [ 29.389979, 41.213402 ], [ 29.3924028, 41.2121954 ], [ 29.3945829, 41.212415 ], [ 29.395184, 41.211625 ], [ 29.3961021, 41.2121244 ], [ 29.4039668, 41.2092776 ], [ 29.408695, 41.20929 ], [ 29.415064, 41.206846 ], [ 29.424507, 41.20485 ], [ 29.4406337, 41.1997609 ], [ 29.4480825, 41.1981735 ], [ 29.454843, 41.198047 ], [ 29.46996, 41.19336 ], [ 29.50464, 41.184909 ], [ 29.510722, 41.184007 ], [ 29.5124233, 41.1850523 ], [ 29.527598, 41.18107 ], [ 29.564, 41.173591 ], [ 29.5910158, 41.1707327 ], [ 29.5970588, 41.1712486 ], [ 29.6012656, 41.1730504 ], [ 29.6036279, 41.1752737 ], [ 29.6034584, 41.1764536 ], [ 29.6017797, 41.1778726 ], [ 29.603234, 41.1770084 ], [ 29.6033365, 41.1774874 ], [ 29.6038734, 41.1775605 ], [ 29.6039635, 41.1761894 ], [ 29.6091688, 41.1780773 ], [ 29.6088958, 41.1800105 ], [ 29.6062951, 41.1810738 ], [ 29.6016975, 41.1787706 ], [ 29.5997669, 41.1786711 ], [ 29.6073666, 41.1821487 ], [ 29.6075642, 41.1812168 ], [ 29.6101296, 41.1797365 ], [ 29.614099, 41.1809653 ], [ 29.6143386, 41.1785414 ], [ 29.6160837, 41.1783159 ], [ 29.6166529, 41.1792517 ], [ 29.6179411, 41.1787444 ], [ 29.6182182, 41.1775718 ], [ 29.6197984, 41.1785132 ], [ 29.6199632, 41.1794772 ], [ 29.6227717, 41.1786936 ], [ 29.622929, 41.179759 ], [ 29.6243445, 41.1796632 ], [ 29.6241423, 41.1787613 ], [ 29.6255203, 41.1779946 ], [ 29.6242172, 41.1771209 ], [ 29.6248821, 41.1753131 ], [ 29.628576, 41.1742121 ], [ 29.6300065, 41.1752775 ], [ 29.6294523, 41.174291 ], [ 29.6305532, 41.1738231 ], [ 29.6332644, 41.1742966 ], [ 29.6327027, 41.1726279 ], [ 29.6358632, 41.1707224 ], [ 29.6418072, 41.1695551 ], [ 29.6441241, 41.1701311 ], [ 29.6439639, 41.1716509 ], [ 29.6449479, 41.1720272 ], [ 29.6461223, 41.1710938 ], [ 29.6448865, 41.1706426 ], [ 29.6452894, 41.1695494 ], [ 29.6486, 41.1680229 ], [ 29.6600519, 41.1650923 ], [ 29.6654432, 41.1651008 ], [ 29.6662682, 41.1667056 ], [ 29.668351, 41.166599 ], [ 29.671024, 41.16551 ], [ 29.672308, 41.163684 ], [ 29.679027, 41.16186 ], [ 29.681805, 41.163335 ], [ 29.685558, 41.163761 ], [ 29.685538, 41.163248 ], [ 29.686911, 41.1636 ], [ 29.689928, 41.162632 ], [ 29.691338, 41.163882 ], [ 29.691625, 41.162592 ], [ 29.694397, 41.163939 ], [ 29.696428, 41.163763 ], [ 29.6963923, 41.1627365 ], [ 29.6970684, 41.1627229 ], [ 29.697456, 41.163996 ], [ 29.700855, 41.164044 ], [ 29.701168, 41.163396 ], [ 29.703225, 41.163861 ], [ 29.702781, 41.161304 ], [ 29.705469, 41.160599 ], [ 29.7061267, 41.1596767 ], [ 29.715908, 41.158428 ], [ 29.717568, 41.15749 ], [ 29.7242584, 41.157586 ], [ 29.7249715, 41.1566538 ], [ 29.7283512, 41.1566471 ], [ 29.7307628, 41.1553814 ], [ 29.7332976, 41.1552224 ], [ 29.734314, 41.155939 ], [ 29.7339497, 41.1564015 ], [ 29.7359028, 41.1559646 ], [ 29.7362724, 41.1569917 ], [ 29.7374185, 41.1570784 ], [ 29.7375329, 41.158205 ], [ 29.7381667, 41.1578604 ], [ 29.7395788, 41.1588237 ], [ 29.7408485, 41.1582005 ], [ 29.7419501, 41.1599437 ], [ 29.7459792, 41.1593359 ], [ 29.7486672, 41.1599651 ], [ 29.7486549, 41.158819 ], [ 29.750961, 41.1589648 ], [ 29.7521405, 41.1601178 ], [ 29.7511811, 41.1610124 ], [ 29.7524221, 41.1614498 ], [ 29.7536896, 41.1609926 ], [ 29.7530382, 41.1604492 ], [ 29.7533639, 41.158481 ], [ 29.7559956, 41.157202 ], [ 29.7586274, 41.1590311 ], [ 29.7633804, 41.158978 ], [ 29.7671387, 41.1605486 ], [ 29.7741186, 41.1585208 ], [ 29.7765919, 41.1586798 ], [ 29.7753421, 41.1571557 ], [ 29.7766622, 41.1560293 ], [ 29.7784311, 41.1567383 ], [ 29.7777182, 41.1575798 ], [ 29.7799272, 41.1584345 ], [ 29.7811329, 41.1569901 ], [ 29.7834035, 41.1575334 ], [ 29.7894583, 41.1553865 ], [ 29.7901624, 41.1544588 ], [ 29.7888951, 41.1521462 ], [ 29.7893527, 41.1517287 ], [ 29.793269, 41.1538823 ], [ 29.7956452, 41.1530408 ], [ 29.7954956, 41.153657 ], [ 29.7961644, 41.153657 ], [ 29.8061268, 41.1503968 ], [ 29.8083006, 41.1492636 ], [ 29.8089519, 41.1480637 ], [ 29.812249, 41.147772 ], [ 29.8195434, 41.1434023 ], [ 29.8459815, 41.1386417 ], [ 29.8504705, 41.139174 ], [ 29.8518154, 41.1399736 ], [ 29.8514073, 41.1409496 ], [ 29.8534369, 41.1395573 ], [ 29.8553413, 41.1393114 ], [ 29.8521111, 41.1418236 ], [ 29.8538388, 41.1413431 ], [ 29.8554063, 41.1429775 ], [ 29.8613244, 41.1436207 ], [ 29.8644192, 41.1413582 ], [ 29.8697979, 41.1425807 ], [ 29.8705884, 41.1415574 ], [ 29.8712722, 41.1423466 ], [ 29.8743451, 41.1420189 ], [ 29.8733149, 41.1405608 ], [ 29.8757039, 41.1388151 ], [ 29.8791943, 41.1394238 ], [ 29.880551, 41.141078 ], [ 29.8836165, 41.1413704 ], [ 29.884338, 41.142267 ], [ 29.888402, 41.142036 ], [ 29.889109, 41.14266 ], [ 29.893496, 41.142037 ], [ 29.895253, 41.143404 ], [ 29.896237, 41.142609 ], [ 29.897967, 41.143335 ], [ 29.901664, 41.142472 ], [ 29.905078, 41.1429 ], [ 29.906788, 41.1423307 ], [ 29.9076442, 41.1406601 ], [ 29.9081702, 41.1425949 ], [ 29.90951, 41.143301 ], [ 29.911212, 41.143387 ], [ 29.912851, 41.142062 ], [ 29.91661, 41.142608 ], [ 29.9181844, 41.1415455 ], [ 29.9140978, 41.1403423 ], [ 29.9151222, 41.135992 ], [ 29.9145913, 41.1259019 ], [ 29.9121276, 41.1226377 ], [ 29.9095273, 41.1210487 ], [ 29.910114, 41.1200655 ], [ 29.9096302, 41.1194186 ], [ 29.9117048, 41.1190109 ], [ 29.913596, 41.1208187 ], [ 29.9144608, 41.1200708 ], [ 29.9138725, 41.118632 ], [ 29.9114513, 41.1183865 ], [ 29.91207, 41.1160456 ], [ 29.9139208, 41.1150231 ], [ 29.9133575, 41.114239 ], [ 29.9146771, 41.1139521 ], [ 29.9150956, 41.1119434 ], [ 29.9144465, 41.1110057 ], [ 29.9157017, 41.1099912 ], [ 29.9149132, 41.1084553 ], [ 29.9141461, 41.1089686 ], [ 29.9130249, 41.1077197 ], [ 29.9134433, 41.1055127 ], [ 29.9145913, 41.1057108 ], [ 29.9141782, 41.1049266 ], [ 29.9166942, 41.10487 ], [ 29.914999, 41.1040373 ], [ 29.915632, 41.1029702 ], [ 29.9150097, 41.1010461 ], [ 29.9183638, 41.0992309 ], [ 29.9265754, 41.0985802 ], [ 29.9285222, 41.0969988 ], [ 29.9358378, 41.0984051 ], [ 29.9395251, 41.0974483 ], [ 29.9435943, 41.0974652 ], [ 29.9460015, 41.0993006 ], [ 29.9489605, 41.0998582 ], [ 29.9549532, 41.0987095 ], [ 29.9571262, 41.0952417 ], [ 29.9588048, 41.0944648 ], [ 29.9585879, 41.0923244 ], [ 29.9561217, 41.0894418 ], [ 29.9578071, 41.0866213 ], [ 29.957056, 41.0845511 ], [ 29.9576783, 41.0840012 ], [ 29.9550497, 41.0837101 ], [ 29.9542357, 41.0821156 ], [ 29.9545133, 41.0800952 ], [ 29.9504646, 41.0820758 ], [ 29.9454582, 41.0826831 ], [ 29.9439347, 41.0836454 ], [ 29.9439347, 41.0850202 ], [ 29.9413276, 41.0850202 ], [ 29.94109, 41.0840125 ], [ 29.9361086, 41.0868776 ], [ 29.9289909, 41.0877125 ], [ 29.9277341, 41.0871469 ], [ 29.9278371, 41.0864483 ], [ 29.9168631, 41.0886483 ], [ 29.9146664, 41.0898801 ], [ 29.9142051, 41.0893464 ], [ 29.9151599, 41.0887723 ], [ 29.9131751, 41.0898073 ], [ 29.9128747, 41.0889987 ], [ 29.9118086, 41.0889563 ], [ 29.9115443, 41.0896375 ], [ 29.910332, 41.0891038 ], [ 29.9113512, 41.0882143 ], [ 29.9107692, 41.0879805 ], [ 29.9072455, 41.0906443 ], [ 29.9038088, 41.0917641 ], [ 29.9003367, 41.0908989 ], [ 29.8915028, 41.0929597 ], [ 29.8929191, 41.0896941 ], [ 29.8922324, 41.0870418 ], [ 29.8913741, 41.0868963 ], [ 29.8925543, 41.0856752 ], [ 29.8905694, 41.0833624 ], [ 29.8909982, 41.0827078 ], [ 29.8892712, 41.0823596 ], [ 29.8876083, 41.0802084 ], [ 29.8869006, 41.0804381 ], [ 29.8879838, 41.0776447 ], [ 29.8889046, 41.0776029 ], [ 29.8888534, 41.0757433 ], [ 29.8927045, 41.0707537 ], [ 29.8917828, 41.0675748 ], [ 29.8928225, 41.0639267 ], [ 29.8914465, 41.0625703 ], [ 29.8900545, 41.0634009 ], [ 29.8894398, 41.0628339 ], [ 29.8871367, 41.0631993 ], [ 29.8879516, 41.0598738 ], [ 29.8869974, 41.0581555 ], [ 29.8824692, 41.0560149 ], [ 29.8810408, 41.054389 ], [ 29.8816109, 41.0524389 ], [ 29.8803929, 41.0511749 ], [ 29.8813223, 41.0494249 ], [ 29.8800015, 41.0469693 ], [ 29.8804294, 41.0419671 ], [ 29.877963, 41.0405202 ], [ 29.8708268, 41.0410528 ], [ 29.8684617, 41.0402864 ], [ 29.8678136, 41.0375584 ], [ 29.8637715, 41.0355016 ], [ 29.8635864, 41.033253 ], [ 29.8626423, 41.0326056 ], [ 29.8622285, 41.0308556 ], [ 29.857986, 41.0285589 ], [ 29.8545742, 41.0283808 ], [ 29.8518598, 41.0268268 ], [ 29.8507333, 41.0249652 ], [ 29.8453259, 41.0202219 ], [ 29.8409454, 41.0208051 ], [ 29.8394794, 41.0184287 ], [ 29.8350048, 41.0173887 ], [ 29.8340821, 41.0163849 ], [ 29.8347909, 41.0158392 ], [ 29.8320436, 41.0146768 ], [ 29.8287713, 41.0148873 ], [ 29.8265547, 41.0132711 ], [ 29.8243189, 41.0141587 ], [ 29.8227533, 41.0132347 ], [ 29.8192679, 41.0149915 ], [ 29.8138047, 41.0146239 ], [ 29.8115623, 41.0162877 ], [ 29.8110044, 41.0180929 ], [ 29.8086226, 41.0201895 ], [ 29.8042774, 41.01955 ], [ 29.8002756, 41.0207076 ], [ 29.7942568, 41.0190777 ], [ 29.7934091, 41.02006 ], [ 29.7914994, 41.0192424 ], [ 29.785734, 41.0215493 ], [ 29.7849979, 41.023886 ], [ 29.7819955, 41.0255956 ], [ 29.7804656, 41.0254276 ], [ 29.7783629, 41.0273877 ], [ 29.7712369, 41.0252479 ], [ 29.7649673, 41.0254778 ], [ 29.7645592, 41.0268349 ], [ 29.7611368, 41.0271748 ], [ 29.7563504, 41.026561 ], [ 29.7536909, 41.0277333 ], [ 29.7506118, 41.0319905 ], [ 29.746397, 41.0343493 ], [ 29.7426057, 41.0341602 ], [ 29.7406554, 41.035956 ], [ 29.7364282, 41.0348392 ], [ 29.7365355, 41.0404878 ], [ 29.7360076, 41.0413404 ], [ 29.7324291, 41.0421757 ], [ 29.7298193, 41.0411028 ], [ 29.7262573, 41.0345722 ], [ 29.7230435, 41.0315198 ], [ 29.7180304, 41.0317493 ], [ 29.7184038, 41.0309707 ], [ 29.7171378, 41.029692 ], [ 29.71879, 41.029352 ], [ 29.7181463, 41.0275067 ], [ 29.7137447, 41.0299411 ], [ 29.7072673, 41.0319743 ], [ 29.7044201, 41.0344787 ], [ 29.7044336, 41.0317702 ], [ 29.7058285, 41.0286119 ], [ 29.6998891, 41.0283644 ], [ 29.6996283, 41.0266325 ], [ 29.6961522, 41.0244148 ], [ 29.6964097, 41.0226179 ], [ 29.6971607, 41.0210152 ], [ 29.7022247, 41.0163039 ], [ 29.7051465, 41.0156243 ], [ 29.7070741, 41.0126125 ], [ 29.7100138, 41.0116086 ], [ 29.7134762, 41.0127571 ], [ 29.7142408, 41.0111673 ], [ 29.7189464, 41.0084263 ], [ 29.7194809, 41.0077415 ], [ 29.7182134, 41.0052703 ], [ 29.7180605, 41.002897 ], [ 29.7116905, 41.002111 ], [ 29.7116573, 41.0004562 ], [ 29.7062573, 40.9961338 ], [ 29.7031255, 40.9946586 ], [ 29.7008315, 40.990049 ], [ 29.6920094, 40.9887823 ], [ 29.6910154, 40.9845285 ], [ 29.6894038, 40.9847374 ], [ 29.6883792, 40.9839073 ], [ 29.6910721, 40.9813398 ], [ 29.6896344, 40.9796308 ], [ 29.6860134, 40.9795984 ], [ 29.6838077, 40.9770912 ], [ 29.6829182, 40.970915 ], [ 29.6834981, 40.9699632 ], [ 29.6791363, 40.966022 ], [ 29.6766905, 40.9644098 ], [ 29.673906, 40.9650295 ], [ 29.6731979, 40.9644948 ], [ 29.6718621, 40.9647986 ], [ 29.6716958, 40.966427 ], [ 29.6687937, 40.9649607 ], [ 29.6686649, 40.964029 ], [ 29.6651673, 40.9634335 ], [ 29.6638584, 40.9617767 ], [ 29.6623349, 40.9633566 ], [ 29.6601784, 40.9632674 ], [ 29.6601248, 40.9626679 ], [ 29.6556294, 40.9640614 ], [ 29.6553022, 40.9672655 ], [ 29.6517777, 40.9694042 ], [ 29.6494978, 40.9685617 ], [ 29.6465635, 40.9701616 ], [ 29.6419716, 40.9708745 ], [ 29.633646, 40.9709717 ], [ 29.6210235, 40.9762167 ], [ 29.6196556, 40.9781566 ], [ 29.6143234, 40.9799872 ], [ 29.6136477, 40.9812279 ], [ 29.6109223, 40.9799791 ], [ 29.6069312, 40.9812588 ], [ 29.605, 40.9839478 ], [ 29.6048713, 40.9861507 ], [ 29.6068668, 40.9907831 ], [ 29.6103859, 40.9924675 ], [ 29.6112442, 41.0003707 ], [ 29.610175, 41.0063767 ], [ 29.6090915, 41.0074019 ], [ 29.605375, 41.0054929 ], [ 29.6034227, 41.0070053 ], [ 29.6001573, 41.0035061 ], [ 29.5989275, 41.0033666 ], [ 29.6001076, 41.0046297 ], [ 29.6010196, 41.0076335 ], [ 29.6001291, 41.0104428 ], [ 29.6013016, 41.0109379 ], [ 29.6010625, 41.0119891 ], [ 29.6018565, 41.0124748 ], [ 29.5997223, 41.0179866 ], [ 29.5971894, 41.0205133 ], [ 29.5988095, 41.0252566 ], [ 29.6002632, 41.026565 ], [ 29.5973308, 41.0288959 ], [ 29.5935998, 41.028816 ], [ 29.5923546, 41.0302994 ], [ 29.5888435, 41.0313715 ], [ 29.5779985, 41.0325632 ], [ 29.5762833, 41.0343726 ], [ 29.5748491, 41.0344288 ], [ 29.5745194, 41.0353304 ], [ 29.5735003, 41.0327495 ], [ 29.5705148, 41.0331907 ], [ 29.5580567, 41.0392344 ], [ 29.5567856, 41.0382356 ], [ 29.5534896, 41.0388933 ], [ 29.5507902, 41.0353979 ], [ 29.5467789, 41.0370303 ], [ 29.5454849, 41.037078 ], [ 29.5444479, 41.0354441 ], [ 29.5424802, 41.0370316 ], [ 29.5386128, 41.0368198 ], [ 29.5367735, 41.0354627 ], [ 29.5373054, 41.0331447 ], [ 29.5319957, 41.0341101 ], [ 29.5303126, 41.0334078 ], [ 29.530487, 41.0319213 ], [ 29.5281986, 41.0316644 ], [ 29.5270694, 41.0322292 ], [ 29.5270863, 41.0337893 ], [ 29.5257421, 41.0342647 ], [ 29.5272179, 41.0362283 ], [ 29.5248297, 41.0375592 ], [ 29.5224649, 41.042129 ], [ 29.5208967, 41.0415777 ], [ 29.5175406, 41.0440465 ], [ 29.5127049, 41.0422962 ], [ 29.5115335, 41.0400558 ], [ 29.5098677, 41.0416877 ], [ 29.5086371, 41.041655 ], [ 29.5079255, 41.0362312 ], [ 29.5053291, 41.0336577 ], [ 29.5018537, 41.0319922 ], [ 29.4995113, 41.0333997 ], [ 29.4989039, 41.0354155 ], [ 29.4974868, 41.035782 ], [ 29.4836391, 41.0299788 ], [ 29.4836391, 41.023778 ], [ 29.4813312, 41.0204177 ], [ 29.4759055, 41.0180349 ], [ 29.4758245, 41.0163852 ], [ 29.4710467, 41.0137883 ], [ 29.4661879, 41.009022 ], [ 29.4627867, 41.0079221 ], [ 29.4578874, 41.0043471 ], [ 29.453393, 41.002422 ], [ 29.4495465, 40.9989995 ], [ 29.4453355, 40.9983272 ], [ 29.4414484, 40.9964325 ], [ 29.4398181, 40.999774 ], [ 29.434441, 41.0025853 ], [ 29.4351125, 41.0048343 ], [ 29.4376721, 41.0077781 ], [ 29.437866, 41.0096336 ], [ 29.4361768, 41.0102843 ], [ 29.4342126, 41.00825 ], [ 29.4333397, 41.009772 ], [ 29.4348188, 41.0117293 ], [ 29.4331768, 41.0144242 ], [ 29.4306726, 41.0140509 ], [ 29.4283189, 41.0153692 ], [ 29.430705, 41.0197718 ], [ 29.4300975, 41.020676 ], [ 29.4243155, 41.0215519 ], [ 29.4137748, 41.026611 ], [ 29.4116129, 41.0266636 ], [ 29.4046835, 41.0237932 ], [ 29.3990818, 41.0245329 ], [ 29.3843054, 41.0289163 ], [ 29.3794446, 41.0332883 ], [ 29.3759059, 41.0348941 ], [ 29.3766547, 41.0386753 ], [ 29.3753181, 41.0421077 ], [ 29.3782736, 41.0489577 ], [ 29.3761331, 41.0521742 ], [ 29.3760992, 41.0572311 ], [ 29.3798034, 41.0626352 ], [ 29.3820401, 41.0642814 ], [ 29.3824007, 41.0662286 ], [ 29.3849964, 41.0696685 ], [ 29.3894266, 41.0708832 ], [ 29.3903563, 41.0719736 ], [ 29.3872799, 41.0726855 ], [ 29.3878479, 41.0735411 ], [ 29.3916321, 41.0751378 ], [ 29.391493, 41.0760075 ], [ 29.3945668, 41.0774887 ], [ 29.3938133, 41.0797311 ], [ 29.3944793, 41.0813926 ], [ 29.3996307, 41.0824481 ], [ 29.3994327, 41.085906 ], [ 29.3934588, 41.0869259 ], [ 29.3920725, 41.0884931 ], [ 29.3902573, 41.0887419 ], [ 29.3901583, 41.0896374 ], [ 29.3933928, 41.0921 ], [ 29.3934588, 41.0931696 ], [ 29.3979805, 41.0933437 ], [ 29.4003898, 41.0942641 ], [ 29.4020295, 41.0963763 ], [ 29.4019873, 41.0985253 ], [ 29.4013733, 41.0999943 ], [ 29.3983963, 41.100117 ], [ 29.3915946, 41.1029344 ], [ 29.3891866, 41.1061814 ], [ 29.3860052, 41.1073088 ], [ 29.3845184, 41.1088553 ], [ 29.3824694, 41.1089508 ], [ 29.3824483, 41.1123407 ], [ 29.3804627, 41.1174491 ], [ 29.3801036, 41.1210614 ], [ 29.3783081, 41.122939 ], [ 29.3728161, 41.125835 ], [ 29.3669016, 41.1226844 ], [ 29.3617475, 41.1253735 ], [ 29.3591084, 41.1253552 ], [ 29.3647893, 41.1324697 ], [ 29.3654018, 41.1343311 ], [ 29.365085, 41.1377834 ], [ 29.3636697, 41.1413468 ], [ 29.3604379, 41.1416331 ], [ 29.3571426, 41.1432557 ], [ 29.3537418, 41.1427944 ], [ 29.3566146, 41.1469619 ], [ 29.3561499, 41.1485685 ], [ 29.3568258, 41.1497455 ], [ 29.3547135, 41.150843 ], [ 29.3538685, 41.1522585 ], [ 29.3507846, 41.1534673 ], [ 29.3454193, 41.1517337 ], [ 29.3462853, 41.1541671 ], [ 29.3450813, 41.1558211 ], [ 29.3435604, 41.155853 ], [ 29.3434548, 41.1585248 ], [ 29.3407933, 41.1613715 ], [ 29.3388077, 41.1593677 ], [ 29.3322806, 41.1591132 ], [ 29.3292811, 41.1578409 ], [ 29.3297458, 41.1612124 ], [ 29.3281827, 41.1636455 ], [ 29.326007, 41.1642021 ], [ 29.3268519, 41.1674779 ], [ 29.3260493, 41.1694178 ], [ 29.3240214, 41.1681457 ], [ 29.3227118, 41.1729318 ], [ 29.3227118, 41.1764138 ], [ 29.3243594, 41.1789258 ], [ 29.3242115, 41.1800069 ], [ 29.3210642, 41.183425 ], [ 29.3233032, 41.1894816 ], [ 29.321888, 41.19034 ], [ 29.3227963, 41.1944092 ] ] ], [ [ [ 29.7267933, 41.1578134 ], [ 29.727339, 41.1574158 ], [ 29.7269254, 41.1573429 ], [ 29.7267933, 41.1578134 ] ] ], [ [ [ 29.6105586, 41.1811821 ], [ 29.6112937, 41.1813923 ], [ 29.6114729, 41.180869 ], [ 29.6105586, 41.1811821 ] ] ], [ [ [ 29.6099326, 41.1814278 ], [ 29.6084735, 41.1811976 ], [ 29.6087605, 41.1825239 ], [ 29.6099326, 41.1814278 ] ] ], [ [ [ 29.6048672, 41.1832988 ], [ 29.6057242, 41.1835838 ], [ 29.6059334, 41.1828853 ], [ 29.6055686, 41.1827117 ], [ 29.6048672, 41.1832988 ] ] ], [ [ [ 29.6118671, 41.1831805 ], [ 29.6124588, 41.1831354 ], [ 29.6122791, 41.1829832 ], [ 29.6118671, 41.1831805 ] ] ], [ [ [ 29.7811065, 41.1571425 ], [ 29.7813793, 41.1573147 ], [ 29.7813001, 41.1571822 ], [ 29.7811065, 41.1571425 ] ] ], [ [ [ 29.7281928, 41.1571574 ], [ 29.7288617, 41.1578399 ], [ 29.7291169, 41.1579194 ], [ 29.7290729, 41.1575284 ], [ 29.7284392, 41.1570845 ], [ 29.7281928, 41.1571574 ] ] ], [ [ [ 29.7475143, 41.1602295 ], [ 29.7473338, 41.1599812 ], [ 29.747172, 41.1600327 ], [ 29.7475143, 41.1602295 ] ] ], [ [ [ 29.747701, 41.1602764 ], [ 29.7477757, 41.1601077 ], [ 29.7476637, 41.1601733 ], [ 29.747701, 41.1602764 ] ] ], [ [ [ 29.7480495, 41.1603701 ], [ 29.748286, 41.1604122 ], [ 29.7481118, 41.1602342 ], [ 29.7480495, 41.1603701 ] ] ], [ [ [ 29.7544201, 41.1607672 ], [ 29.7548514, 41.1613504 ], [ 29.7550803, 41.1613835 ], [ 29.7544201, 41.1607672 ] ] ] ] } },
{ "type": "Feature", "properties": { "ilce": "Şile" }, "geometry": { "type": "MultiPolygon", "coordinates": [ [ [ [ 29.3227963, 41.1944092 ], [ 29.3324496, 41.2036116 ], [ 29.3316469, 41.2048512 ], [ 29.3328298, 41.2058842 ], [ 29.3297247, 41.2112078 ], [ 29.3322806, 41.21437 ], [ 29.3324799, 41.2166263 ], [ 29.3364711, 41.2146087 ], [ 29.3381019, 41.2151333 ], [ 29.338862, 41.21458 ], [ 29.339908, 41.215329 ], [ 29.3440671, 41.2138742 ], [ 29.34566, 41.214571 ], [ 29.345293, 41.213808 ], [ 29.346634, 41.2129156 ], [ 29.3493055, 41.2122376 ], [ 29.3512045, 41.213077 ], [ 29.352041, 41.212387 ], [ 29.353074, 41.21275 ], [ 29.357277, 41.2107767 ], [ 29.366633, 41.211702 ], [ 29.368653, 41.211147 ], [ 29.3721561, 41.2123611 ], [ 29.3745341, 41.2123121 ], [ 29.3748971, 41.2129471 ], [ 29.3785821, 41.211458 ], [ 29.389526, 41.214952 ], [ 29.389979, 41.213402 ], [ 29.3924028, 41.2121954 ], [ 29.3945829, 41.212415 ], [ 29.395184, 41.211625 ], [ 29.3961021, 41.2121244 ], [ 29.4039668, 41.2092776 ], [ 29.408695, 41.20929 ], [ 29.415064, 41.206846 ], [ 29.424507, 41.20485 ], [ 29.4406337, 41.1997609 ], [ 29.4480825, 41.1981735 ], [ 29.454843, 41.198047 ], [ 29.46996, 41.19336 ], [ 29.50464, 41.184909 ], [ 29.510722, 41.184007 ], [ 29.5124233, 41.1850523 ], [ 29.527598, 41.18107 ], [ 29.564, 41.173591 ], [ 29.5910158, 41.1707327 ], [ 29.5970588, 41.1712486 ], [ 29.6012656, 41.1730504 ], [ 29.6036279, 41.1752737 ], [ 29.6034584, 41.1764536 ], [ 29.6017797, 41.1778726 ], [ 29.603234, 41.1770084 ], [ 29.6033365, 41.1774874 ], [ 29.6038734, 41.1775605 ], [ 29.6039635, 41.1761894 ], [ 29.6091688, 41.1780773 ], [ 29.6088958, 41.1800105 ], [ 29.6062951, 41.1810738 ], [ 29.6016975, 41.1787706 ], [ 29.5997669, 41.1786711 ], [ 29.6073666, 41.1821487 ], [ 29.6075642, 41.1812168 ], [ 29.6101296, 41.1797365 ], [ 29.614099, 41.1809653 ], [ 29.6143386, 41.1785414 ], [ 29.6160837, 41.1783159 ], [ 29.6166529, 41.1792517 ], [ 29.6179411, 41.1787444 ], [ 29.6182182, 41.1775718 ], [ 29.6197984, 41.1785132 ], [ 29.6199632, 41.1794772 ], [ 29.6227717, 41.1786936 ], [ 29.622929, 41.179759 ], [ 29.6243445, 41.1796632 ], [ 29.6241423, 41.1787613 ], [ 29.6255203, 41.1779946 ], [ 29.6242172, 41.1771209 ], [ 29.6248821, 41.1753131 ], [ 29.628576, 41.1742121 ], [ 29.6300065, 41.1752775 ], [ 29.6294523, 41.174291 ], [ 29.6305532, 41.1738231 ], [ 29.6332644, 41.1742966 ], [ 29.6327027, 41.1726279 ], [ 29.6358632, 41.1707224 ], [ 29.6418072, 41.1695551 ], [ 29.6441241, 41.1701311 ], [ 29.6439639, 41.1716509 ], [ 29.6449479, 41.1720272 ], [ 29.6461223, 41.1710938 ], [ 29.6448865, 41.1706426 ], [ 29.6452894, 41.1695494 ], [ 29.6486, 41.1680229 ], [ 29.6600519, 41.1650923 ], [ 29.6654432, 41.1651008 ], [ 29.6662682, 41.1667056 ], [ 29.668351, 41.166599 ], [ 29.671024, 41.16551 ], [ 29.672308, 41.163684 ], [ 29.679027, 41.16186 ], [ 29.681805, 41.163335 ], [ 29.685558, 41.163761 ], [ 29.685538, 41.163248 ], [ 29.686911, 41.1636 ], [ 29.689928, 41.162632 ], [ 29.691338, 41.163882 ], [ 29.691625, 41.162592 ], [ 29.694397, 41.163939 ], [ 29.696428, 41.163763 ], [ 29.6963923, 41.1627365 ], [ 29.6970684, 41.1627229 ], [ 29.697456, 41.163996 ], [ 29.700855, 41.164044 ], [ 29.701168, 41.163396 ], [ 29.703225, 41.163861 ], [ 29.702781, 41.161304 ], [ 29.705469, 41.160599 ], [ 29.7061267, 41.1596767 ], [ 29.715908, 41.158428 ], [ 29.717568, 41.15749 ], [ 29.7242584, 41.157586 ], [ 29.7249715, 41.1566538 ], [ 29.7283512, 41.1566471 ], [ 29.7307628, 41.1553814 ], [ 29.7332976, 41.1552224 ], [ 29.734314, 41.155939 ], [ 29.7339497, 41.1564015 ], [ 29.7359028, 41.1559646 ], [ 29.7362724, 41.1569917 ], [ 29.7374185, 41.1570784 ], [ 29.7375329, 41.158205 ], [ 29.7381667, 41.1578604 ], [ 29.7395788, 41.1588237 ], [ 29.7408485, 41.1582005 ], [ 29.7419501, 41.1599437 ], [ 29.7459792, 41.1593359 ], [ 29.7486672, 41.1599651 ], [ 29.7486549, 41.158819 ], [ 29.750961, 41.1589648 ], [ 29.7521405, 41.1601178 ], [ 29.7511811, 41.1610124 ], [ 29.7524221, 41.1614498 ], [ 29.7536896, 41.1609926 ], [ 29.7530382, 41.1604492 ], [ 29.7533639, 41.158481 ], [ 29.7559956, 41.157202 ], [ 29.7586274, 41.1590311 ], [ 29.7633804, 41.158978 ], [ 29.7671387, 41.1605486 ], [ 29.7741186, 41.1585208 ], [ 29.7765919, 41.1586798 ], [ 29.7753421, 41.1571557 ], [ 29.7766622, 41.1560293 ], [ 29.7784311, 41.1567383 ], [ 29.7777182, 41.1575798 ], [ 29.7799272, 41.1584345 ], [ 29.7811329, 41.1569901 ], [ 29.7834035, 41.1575334 ], [ 29.7894583, 41.1553865 ], [ 29.7901624, 41.1544588 ], [ 29.7888951, 41.1521462 ], [ 29.7893527, 41.1517287 ], [ 29.793269, 41.1538823 ], [ 29.7956452, 41.1530408 ], [ 29.7954956, 41.153657 ], [ 29.7961644, 41.153657 ], [ 29.8061268, 41.1503968 ], [ 29.8083006, 41.1492636 ], [ 29.8089519, 41.1480637 ], [ 29.812249, 41.147772 ], [ 29.8195434, 41.1434023 ], [ 29.8459815, 41.1386417 ], [ 29.8504705, 41.139174 ], [ 29.8518154, 41.1399736 ], [ 29.8514073, 41.1409496 ], [ 29.8534369, 41.1395573 ], [ 29.8553413, 41.1393114 ], [ 29.8521111, 41.1418236 ], [ 29.8538388, 41.1413431 ], [ 29.8554063, 41.1429775 ], [ 29.8613244, 41.1436207 ], [ 29.8644192, 41.1413582 ], [ 29.8697979, 41.1425807 ], [ 29.8705884, 41.1415574 ], [ 29.8712722, 41.1423466 ], [ 29.8743451, 41.1420189 ], [ 29.8733149, 41.1405608 ], [ 29.8757039, 41.1388151 ], [ 29.8791943, 41.1394238 ], [ 29.880551, 41.141078 ], [ 29.8836165, 41.1413704 ], [ 29.884338, 41.142267 ], [ 29.888402, 41.142036 ], [ 29.889109, 41.14266 ], [ 29.893496, 41.142037 ], [ 29.895253, 41.143404 ], [ 29.896237, 41.142609 ], [ 29.897967, 41.143335 ], [ 29.901664, 41.142472 ], [ 29.905078, 41.1429 ], [ 29.906788, 41.1423307 ], [ 29.9076442, 41.1406601 ], [ 29.9081702, 41.1425949 ], [ 29.90951, 41.143301 ], [ 29.911212, 41.143387 ], [ 29.912851, 41.142062 ], [ 29.91661, 41.142608 ], [ 29.9181844, 41.1415455 ], [ 29.9140978, 41.1403423 ], [ 29.9151222, 41.135992 ], [ 29.9145913, 41.1259019 ], [ 29.9121276, 41.1226377 ], [ 29.9095273, 41.1210487 ], [ 29.910114, 41.1200655 ], [ 29.9096302, 41.1194186 ], [ 29.9117048, 41.1190109 ], [ 29.913596, 41.1208187 ], [ 29.9144608, 41.1200708 ], [ 29.9138725, 41.118632 ], [ 29.9114513, 41.1183865 ], [ 29.91207, 41.1160456 ], [ 29.9139208, 41.1150231 ], [ 29.9133575, 41.114239 ], [ 29.9146771, 41.1139521 ], [ 29.9150956, 41.1119434 ], [ 29.9144465, 41.1110057 ], [ 29.9157017, 41.1099912 ], [ 29.9149132, 41.1084553 ], [ 29.9141461, 41.1089686 ], [ 29.9130249, 41.1077197 ], [ 29.9134433, 41.1055127 ], [ 29.9145913, 41.1057108 ], [ 29.9141782, 41.1049266 ], [ 29.9166942, 41.10487 ], [ 29.914999, 41.1040373 ], [ 29.915632, 41.1029702 ], [ 29.9150097, 41.1010461 ], [ 29.9183638, 41.0992309 ], [ 29.9265754, 41.0985802 ], [ 29.9285222, 41.0969988 ], [ 29.9358378, 41.0984051 ], [ 29.9395251, 41.0974483 ], [ 29.9435943, 41.0974652 ], [ 29.9460015, 41.0993006 ], [ 29.9489605, 41.0998582 ], [ 29.9549532, 41.0987095 ], [ 29.9571262, 41.0952417 ], [ 29.9588048, 41.0944648 ], [ 29.9585879, 41.0923244 ], [ 29.9561217, 41.0894418 ], [ 29.9578071, 41.0866213 ], [ 29.957056, 41.0845511 ], [ 29.9576783, 41.0840012 ], [ 29.9550497, 41.0837101 ], [ 29.9542357, 41.0821156 ], [ 29.9545133, 41.0800952 ], [ 29.9504646, 41.0820758 ], [ 29.9454582, 41.0826831 ], [ 29.9439347, 41.0836454 ], [ 29.9439347, 41.0850202 ], [ 29.9413276, 41.0850202 ], [ 29.94109, 41.0840125 ], [ 29.9361086, 41.0868776 ], [ 29.9289909, 41.0877125 ], [ 29.9277341, 41.0871469 ], [ 29.9278371, 41.0864483 ], [ 29.9168631, 41.0886483 ], [ 29.9146664, 41.0898801 ], [ 29.9142051, 41.0893464 ], [ 29.9151599, 41.0887723 ], [ 29.9131751, 41.0898073 ], [ 29.9128747, 41.0889987 ], [ 29.9118086, 41.0889563 ], [ 29.9115443, 41.0896375 ], [ 29.910332, 41.0891038 ], [ 29.9113512, 41.0882143 ], [ 29.9107692, 41.0879805 ], [ 29.9072455, 41.0906443 ], [ 29.9038088, 41.0917641 ], [ 29.9003367, 41.0908989 ], [ 29.8915028, 41.0929597 ], [ 29.8929191, 41.0896941 ], [ 29.8922324, 41.0870418 ], [ 29.8913741, 41.0868963 ], [ 29.8925543, 41.0856752 ], [ 29.8905694, 41.0833624 ], [ 29.8909982, 41.0827078 ], [ 29.8892712, 41.0823596 ], [ 29.8876083, 41.0802084 ], [ 29.8869006, 41.0804381 ], [ 29.8879838, 41.0776447 ], [ 29.8889046, 41.0776029 ], [ 29.8888534, 41.0757433 ], [ 29.8927045, 41.0707537 ], [ 29.8917828, 41.0675748 ], [ 29.8928225, 41.0639267 ], [ 29.8914465, 41.0625703 ], [ 29.8900545, 41.0634009 ], [ 29.8894398, 41.0628339 ], [ 29.8871367, 41.0631993 ], [ 29.8879516, 41.0598738 ], [ 29.8869974, 41.0581555 ], [ 29.8824692, 41.0560149 ], [ 29.8810408, 41.054389 ], [ 29.8816109, 41.0524389 ], [ 29.8803929, 41.0511749 ], [ 29.8813223, 41.0494249 ], [ 29.8800015, 41.0469693 ], [ 29.8804294, 41.0419671 ], [ 29.877963, 41.0405202 ], [ 29.8708268, 41.0410528 ], [ 29.8684617, 41.0402864 ], [ 29.8678136, 41.0375584 ], [ 29.8637715, 41.0355016 ], [ 29.8635864, 41.033253 ], [ 29.8626423, 41.0326056 ], [ 29.8622285, 41.0308556 ], [ 29.857986, 41.0285589 ], [ 29.8545742, 41.0283808 ], [ 29.8518598, 41.0268268 ], [ 29.8507333, 41.0249652 ], [ 29.8453259, 41.0202219 ], [ 29.8409454, 41.0208051 ], [ 29.8394794, 41.0184287 ], [ 29.8350048, 41.0173887 ], [ 29.8340821, 41.0163849 ], [ 29.8347909, 41.0158392 ], [ 29.8320436, 41.0146768 ], [ 29.8287713, 41.0148873 ], [ 29.8265547, 41.0132711 ], [ 29.8243189, 41.0141587 ], [ 29.8227533, 41.0132347 ], [ 29.8192679, 41.0149915 ], [ 29.8138047, 41.0146239 ], [ 29.8115623, 41.0162877 ], [ 29.8110044, 41.0180929 ], [ 29.8086226, 41.0201895 ], [ 29.8042774, 41.01955 ], [ 29.8002756, 41.0207076 ], [ 29.7942568, 41.0190777 ], [ 29.7934091, 41.02006 ], [ 29.7914994, 41.0192424 ], [ 29.785734, 41.0215493 ], [ 29.7849979, 41.023886 ], [ 29.7819955, 41.0255956 ], [ 29.7804656, 41.0254276 ], [ 29.7783629, 41.0273877 ], [ 29.7712369, 41.0252479 ], [ 29.7649673, 41.0254778 ], [ 29.7645592, 41.0268349 ], [ 29.7611368, 41.0271748 ], [ 29.7563504, 41.026561 ], [ 29.7536909, 41.0277333 ], [ 29.7506118, 41.0319905 ], [ 29.746397, 41.0343493 ], [ 29.7426057, 41.0341602 ], [ 29.7406554, 41.035956 ], [ 29.7364282, 41.0348392 ], [ 29.7365355, 41.0404878 ], [ 29.7360076, 41.0413404 ], [ 29.7324291, 41.0421757 ], [ 29.7298193, 41.0411028 ], [ 29.7262573, 41.0345722 ], [ 29.7230435, 41.0315198 ], [ 29.7180304, 41.0317493 ], [ 29.7184038, 41.0309707 ], [ 29.7171378, 41.029692 ], [ 29.71879, 41.029352 ], [ 29.7181463, 41.0275067 ], [ 29.7137447, 41.0299411 ], [ 29.7072673, 41.0319743 ], [ 29.7044201, 41.0344787 ], [ 29.7044336, 41.0317702 ], [ 29.7058285, 41.0286119 ], [ 29.6998891, 41.0283644 ], [ 29.6996283, 41.0266325 ], [ 29.6961522, 41.0244148 ], [ 29.6964097, 41.0226179 ], [ 29.6971607, 41.0210152 ], [ 29.7022247, 41.0163039 ], [ 29.7051465, 41.0156243 ], [ 29.7070741, 41.0126125 ], [ 29.7100138, 41.0116086 ], [ 29.7134762, 41.0127571 ], [ 29.7142408, 41.0111673 ], [ 29.7189464, 41.0084263 ], [ 29.7194809, 41.0077415 ], [ 29.7182134, 41.0052703 ], [ 29.7180605, 41.002897 ], [ 29.7116905, 41.002111 ], [ 29.7116573, 41.0004562 ], [ 29.7062573, 40.9961338 ], [ 29.7031255, 40.9946586 ], [ 29.7008315, 40.990049 ], [ 29.6920094, 40.9887823 ], [ 29.6910154, 40.9845285 ], [ 29.6894038, 40.9847374 ], [ 29.6883792, 40.9839073 ], [ 29.6910721, 40.9813398 ], [ 29.6896344, 40.9796308 ], [ 29.6860134, 40.9795984 ], [ 29.6838077, 40.9770912 ], [ 29.6829182, 40.970915 ], [ 29.6834981, 40.9699632 ], [ 29.6791363, 40.966022 ], [ 29.6766905, 40.9644098 ], [ 29.673906, 40.9650295 ], [ 29.6731979, 40.9644948 ], [ 29.6718621, 40.9647986 ], [ 29.6716958, 40.966427 ], [ 29.6687937, 40.9649607 ], [ 29.6686649, 40.964029 ], [ 29.6651673, 40.9634335 ], [ 29.6638584, 40.9617767 ], [ 29.6623349, 40.9633566 ], [ 29.6601784, 40.9632674 ], [ 29.6601248, 40.9626679 ], [ 29.6556294, 40.9640614 ], [ 29.6553022, 40.9672655 ], [ 29.6517777, 40.9694042 ], [ 29.6494978, 40.9685617 ], [ 29.6465635, 40.9701616 ], [ 29.6419716, 40.9708745 ], [ 29.633646, 40.9709717 ], [ 29.6210235, 40.9762167 ], [ 29.6196556, 40.9781566 ], [ 29.6143234, 40.9799872 ], [ 29.6136477, 40.9812279 ], [ 29.6109223, 40.9799791 ], [ 29.6069312, 40.9812588 ], [ 29.605, 40.9839478 ], [ 29.6048713, 40.9861507 ], [ 29.6068668, 40.9907831 ], [ 29.6103859, 40.9924675 ], [ 29.6112442, 41.0003707 ], [ 29.610175, 41.0063767 ], [ 29.6090915, 41.0074019 ], [ 29.605375, 41.0054929 ], [ 29.6034227, 41.0070053 ], [ 29.6001573, 41.0035061 ], [ 29.5989275, 41.0033666 ], [ 29.6001076, 41.0046297 ], [ 29.6010196, 41.0076335 ], [ 29.6001291, 41.0104428 ], [ 29.6013016, 41.0109379 ], [ 29.6010625, 41.0119891 ], [ 29.6018565, 41.0124748 ], [ 29.5997223, 41.0179866 ], [ 29.5971894, 41.0205133 ], [ 29.5988095, 41.0252566 ], [ 29.6002632, 41.026565 ], [ 29.5973308, 41.0288959 ], [ 29.5935998, 41.028816 ], [ 29.5923546, 41.0302994 ], [ 29.5888435, 41.0313715 ], [ 29.5779985, 41.0325632 ], [ 29.5762833, 41.0343726 ], [ 29.5748491, 41.0344288 ], [ 29.5745194, 41.0353304 ], [ 29.5735003, 41.0327495 ], [ 29.5705148, 41.0331907 ], [ 29.5580567, 41.0392344 ], [ 29.5567856, 41.0382356 ], [ 29.5534896, 41.0388933 ], [ 29.5507902, 41.0353979 ], [ 29.5467789, 41.0370303 ], [ 29.5454849, 41.037078 ], [ 29.5444479, 41.0354441 ], [ 29.5424802, 41.0370316 ], [ 29.5386128, 41.0368198 ], [ 29.5367735, 41.0354627 ], [ 29.5373054, 41.0331447 ], [ 29.5319957, 41.0341101 ], [ 29.5303126, 41.0334078 ], [ 29.530487, 41.0319213 ], [ 29.5281986, 41.0316644 ], [ 29.5270694, 41.0322292 ], [ 29.5270863, 41.0337893 ], [ 29.5257421, 41.0342647 ], [ 29.5272179, 41.0362283 ], [ 29.5248297, 41.0375592 ], [ 29.5224649, 41.042129 ], [ 29.5208967, 41.0415777 ], [ 29.5175406, 41.0440465 ], [ 29.5127049, 41.0422962 ], [ 29.5115335, 41.0400558 ], [ 29.5098677, 41.0416877 ], [ 29.5086371, 41.041655 ], [ 29.5079255, 41.0362312 ], [ 29.5053291, 41.0336577 ], [ 29.5018537, 41.0319922 ], [ 29.4995113, 41.0333997 ], [ 29.4989039, 41.0354155 ], [ 29.4974868, 41.035782 ], [ 29.4836391, 41.0299788 ], [ 29.4836391, 41.023778 ], [ 29.4813312, 41.0204177 ], [ 29.4759055, 41.0180349 ], [ 29.4758245, 41.0163852 ], [ 29.4710467, 41.0137883 ], [ 29.4661879, 41.009022 ], [ 29.4627867, 41.0079221 ], [ 29.4578874, 41.0043471 ], [ 29.453393, 41.002422 ], [ 29.4495465, 40.9989995 ], [ 29.4453355, 40.9983272 ], [ 29.4414484, 40.9964325 ], [ 29.4398181, 40.999774 ], [ 29.434441, 41.0025853 ], [ 29.4351125, 41.0048343 ], [ 29.4376721, 41.0077781 ], [ 29.437866, 41.0096336 ], [ 29.4361768, 41.0102843 ], [ 29.4342126, 41.00825 ], [ 29.4333397, 41.009772 ], [ 29.4348188, 41.0117293 ], [ 29.4331768, 41.0144242 ], [ 29.4306726, 41.0140509 ], [ 29.4283189, 41.0153692 ], [ 29.430705, 41.0197718 ], [ 29.4300975, 41.020676 ], [ 29.4243155, 41.0215519 ], [ 29.4137748, 41.026611 ], [ 29.4116129, 41.0266636 ], [ 29.4046835, 41.0237932 ], [ 29.3990818, 41.0245329 ], [ 29.3843054, 41.0289163 ], [ 29.3794446, 41.0332883 ], [ 29.3759059, 41.0348941 ], [ 29.3766547, 41.0386753 ], [ 29.3753181, 41.0421077 ], [ 29.3782736, 41.0489577 ], [ 29.3761331, 41.0521742 ], [ 29.3760992, 41.0572311 ], [ 29.3798034, 41.0626352 ], [ 29.3820401, 41.0642814 ], [ 29.3824007, 41.0662286 ], [ 29.3849964, 41.0696685 ], [ 29.3894266, 41.0708832 ], [ 29.3903563, 41.0719736 ], [ 29.3872799, 41.0726855 ], [ 29.3878479, 41.0735411 ], [ 29.3916321, 41.0751378 ], [ 29.391493, 41.0760075 ], [ 29.3945668, 41.0774887 ], [ 29.3938133, 41.0797311 ], [ 29.3944793, 41.0813926 ], [ 29.3996307, 41.0824481 ], [ 29.3994327, 41.085906 ], [ 29.3934588, 41.0869259 ], [ 29.3920725, 41.0884931 ], [ 29.3902573, 41.0887419 ], [ 29.3901583, 41.0896374 ], [ 29.3933928, 41.0921 ], [ 29.3934588, 41.0931696 ], [ 29.3979805, 41.0933437 ], [ 29.4003898, 41.0942641 ], [ 29.4020295, 41.0963763 ], [ 29.4019873, 41.0985253 ], [ 29.4013733, 41.0999943 ], [ 29.3983963, 41.100117 ], [ 29.3915946, 41.1029344 ], [ 29.3891866, 41.1061814 ], [ 29.3860052, 41.1073088 ], [ 29.3845184, 41.1088553 ], [ 29.3824694, 41.1089508 ], [ 29.3824483, 41.1123407 ], [ 29.3804627, 41.1174491 ], [ 29.3801036, 41.1210614 ], [ 29.3783081, 41.122939 ], [ 29.3728161, 41.125835 ], [ 29.3669016, 41.1226844 ], [ 29.3617475, 41.1253735 ], [ 29.3591084, 41.1253552 ], [ 29.3647893, 41.1324697 ], [ 29.3654018, 41.1343311 ], [ 29.365085, 41.1377834 ], [ 29.3636697, 41.1413468 ], [ 29.3604379, 41.1416331 ], [ 29.3571426, 41.1432557 ], [ 29.3537418, 41.1427944 ], [ 29.3566146, 41.1469619 ], [ 29.3561499, 41.1485685 ], [ 29.3568258, 41.1497455 ], [ 29.3547135, 41.150843 ], [ 29.3538685, 41.1522585 ], [ 29.3507846, 41.1534673 ], [ 29.3454193, 41.1517337 ], [ 29.3462853, 41.1541671 ], [ 29.3450813, 41.1558211 ], [ 29.3435604, 41.155853 ], [ 29.3434548, 41.1585248 ], [ 29.3407933, 41.1613715 ], [ 29.3388077, 41.1593677 ], [ 29.3322806, 41.1591132 ], [ 29.3292811, 41.1578409 ], [ 29.3297458, 41.1612124 ], [ 29.3281827, 41.1636455 ], [ 29.326007, 41.1642021 ], [ 29.3268519, 41.1674779 ], [ 29.3260493, 41.1694178 ], [ 29.3240214, 41.1681457 ], [ 29.3227118, 41.1729318 ], [ 29.3227118, 41.1764138 ], [ 29.3243594, 41.1789258 ], [ 29.3242115, 41.1800069 ], [ 29.3210642, 41.183425 ], [ 29.3233032, 41.1894816 ], [ 29.321888, 41.19034 ], [ 29.3227963, 41.1944092 ] ] ], [ [ [ 29.7267933, 41.1578134 ], [ 29.727339, 41.1574158 ], [ 29.7269254, 41.1573429 ], [ 29.7267933, 41.1578134 ] ] ], [ [ [ 29.6105586, 41.1811821 ], [ 29.6112937, 41.1813923 ], [ 29.6114729, 41.180869 ], [ 29.6105586, 41.1811821 ] ] ], [ [ [ 29.6099326, 41.1814278 ], [ 29.6084735, 41.1811976 ], [ 29.6087605, 41.1825239 ], [ 29.6099326, 41.1814278 ] ] ], [ [ [ 29.6048672, 41.1832988 ], [ 29.6057242, 41.1835838 ], [ 29.6059334, 41.1828853 ], [ 29.6055686, 41.1827117 ], [ 29.6048672, 41.1832988 ] ] ], [ [ [ 29.6118671, 41.1831805 ], [ 29.6124588, 41.1831354 ], [ 29.6122791, 41.1829832 ], [ 29.6118671, 41.1831805 ] ] ], [ [ [ 29.7811065, 41.1571425 ], [ 29.7813793, 41.1573147 ], [ 29.7813001, 41.1571822 ], [ 29.7811065, 41.1571425 ] ] ], [ [ [ 29.7281928, 41.1571574 ], [ 29.7288617, 41.1578399 ], [ 29.7291169, 41.1579194 ], [ 29.7290729, 41.1575284 ], [ 29.7284392, 41.1570845 ], [ 29.7281928, 41.1571574 ] ] ], [ [ [ 29.7475143, 41.1602295 ], [ 29.7473338, 41.1599812 ], [ 29.747172, 41.1600327 ], [ 29.7475143, 41.1602295 ] ] ], [ [ [ 29.747701, 41.1602764 ], [ 29.7477757, 41.1601077 ], [ 29.7476637, 41.1601733 ], [ 29.747701, 41.1602764 ] ] ], [ [ [ 29.7480495, 41.1603701 ], [ 29.748286, 41.1604122 ], [ 29.7481118, 41.1602342 ], [ 29.7480495, 41.1603701 ] ] ], [ [ [ 29.7544201, 41.1607672 ], [ 29.7548514, 41.1613504 ], [ 29.7550803, 41.1613835 ], [ 29.7544201, 41.1607672 ] ] ] ] } },
{ "type": "Feature", "properties": { "ilce": "Şile" }, "geometry": { "type": "MultiPolygon", "coordinates": [ [ [ [ 29.3227963, 41.1944092 ], [ 29.3324496, 41.2036116 ], [ 29.3316469, 41.2048512 ], [ 29.3328298, 41.2058842 ], [ 29.3297247, 41.2112078 ], [ 29.3322806, 41.21437 ], [ 29.3324799, 41.2166263 ], [ 29.3364711, 41.2146087 ], [ 29.3381019, 41.2151333 ], [ 29.338862, 41.21458 ], [ 29.339908, 41.215329 ], [ 29.3440671, 41.2138742 ], [ 29.34566, 41.214571 ], [ 29.345293, 41.213808 ], [ 29.346634, 41.2129156 ], [ 29.3493055, 41.2122376 ], [ 29.3512045, 41.213077 ], [ 29.352041, 41.212387 ], [ 29.353074, 41.21275 ], [ 29.357277, 41.2107767 ], [ 29.366633, 41.211702 ], [ 29.368653, 41.211147 ], [ 29.3721561, 41.2123611 ], [ 29.3745341, 41.2123121 ], [ 29.3748971, 41.2129471 ], [ 29.3785821, 41.211458 ], [ 29.389526, 41.214952 ], [ 29.389979, 41.213402 ], [ 29.3924028, 41.2121954 ], [ 29.3945829, 41.212415 ], [ 29.395184, 41.211625 ], [ 29.3961021, 41.2121244 ], [ 29.4039668, 41.2092776 ], [ 29.408695, 41.20929 ], [ 29.415064, 41.206846 ], [ 29.424507, 41.20485 ], [ 29.4406337, 41.1997609 ], [ 29.4480825, 41.1981735 ], [ 29.454843, 41.198047 ], [ 29.46996, 41.19336 ], [ 29.50464, 41.184909 ], [ 29.510722, 41.184007 ], [ 29.5124233, 41.1850523 ], [ 29.527598, 41.18107 ], [ 29.564, 41.173591 ], [ 29.5910158, 41.1707327 ], [ 29.5970588, 41.1712486 ], [ 29.6012656, 41.1730504 ], [ 29.6036279, 41.1752737 ], [ 29.6034584, 41.1764536 ], [ 29.6017797, 41.1778726 ], [ 29.603234, 41.1770084 ], [ 29.6033365, 41.1774874 ], [ 29.6038734, 41.1775605 ], [ 29.6039635, 41.1761894 ], [ 29.6091688, 41.1780773 ], [ 29.6088958, 41.1800105 ], [ 29.6062951, 41.1810738 ], [ 29.6016975, 41.1787706 ], [ 29.5997669, 41.1786711 ], [ 29.6073666, 41.1821487 ], [ 29.6075642, 41.1812168 ], [ 29.6101296, 41.1797365 ], [ 29.614099, 41.1809653 ], [ 29.6143386, 41.1785414 ], [ 29.6160837, 41.1783159 ], [ 29.6166529, 41.1792517 ], [ 29.6179411, 41.1787444 ], [ 29.6182182, 41.1775718 ], [ 29.6197984, 41.1785132 ], [ 29.6199632, 41.1794772 ], [ 29.6227717, 41.1786936 ], [ 29.622929, 41.179759 ], [ 29.6243445, 41.1796632 ], [ 29.6241423, 41.1787613 ], [ 29.6255203, 41.1779946 ], [ 29.6242172, 41.1771209 ], [ 29.6248821, 41.1753131 ], [ 29.628576, 41.1742121 ], [ 29.6300065, 41.1752775 ], [ 29.6294523, 41.174291 ], [ 29.6305532, 41.1738231 ], [ 29.6332644, 41.1742966 ], [ 29.6327027, 41.1726279 ], [ 29.6358632, 41.1707224 ], [ 29.6418072, 41.1695551 ], [ 29.6441241, 41.1701311 ], [ 29.6439639, 41.1716509 ], [ 29.6449479, 41.1720272 ], [ 29.6461223, 41.1710938 ], [ 29.6448865, 41.1706426 ], [ 29.6452894, 41.1695494 ], [ 29.6486, 41.1680229 ], [ 29.6600519, 41.1650923 ], [ 29.6654432, 41.1651008 ], [ 29.6662682, 41.1667056 ], [ 29.668351, 41.166599 ], [ 29.671024, 41.16551 ], [ 29.672308, 41.163684 ], [ 29.679027, 41.16186 ], [ 29.681805, 41.163335 ], [ 29.685558, 41.163761 ], [ 29.685538, 41.163248 ], [ 29.686911, 41.1636 ], [ 29.689928, 41.162632 ], [ 29.691338, 41.163882 ], [ 29.691625, 41.162592 ], [ 29.694397, 41.163939 ], [ 29.696428, 41.163763 ], [ 29.6963923, 41.1627365 ], [ 29.6970684, 41.1627229 ], [ 29.697456, 41.163996 ], [ 29.700855, 41.164044 ], [ 29.701168, 41.163396 ], [ 29.703225, 41.163861 ], [ 29.702781, 41.161304 ], [ 29.705469, 41.160599 ], [ 29.7061267, 41.1596767 ], [ 29.715908, 41.158428 ], [ 29.717568, 41.15749 ], [ 29.7242584, 41.157586 ], [ 29.7249715, 41.1566538 ], [ 29.7283512, 41.1566471 ], [ 29.7307628, 41.1553814 ], [ 29.7332976, 41.1552224 ], [ 29.734314, 41.155939 ], [ 29.7339497, 41.1564015 ], [ 29.7359028, 41.1559646 ], [ 29.7362724, 41.1569917 ], [ 29.7374185, 41.1570784 ], [ 29.7375329, 41.158205 ], [ 29.7381667, 41.1578604 ], [ 29.7395788, 41.1588237 ], [ 29.7408485, 41.1582005 ], [ 29.7419501, 41.1599437 ], [ 29.7459792, 41.1593359 ], [ 29.7486672, 41.1599651 ], [ 29.7486549, 41.158819 ], [ 29.750961, 41.1589648 ], [ 29.7521405, 41.1601178 ], [ 29.7511811, 41.1610124 ], [ 29.7524221, 41.1614498 ], [ 29.7536896, 41.1609926 ], [ 29.7530382, 41.1604492 ], [ 29.7533639, 41.158481 ], [ 29.7559956, 41.157202 ], [ 29.7586274, 41.1590311 ], [ 29.7633804, 41.158978 ], [ 29.7671387, 41.1605486 ], [ 29.7741186, 41.1585208 ], [ 29.7765919, 41.1586798 ], [ 29.7753421, 41.1571557 ], [ 29.7766622, 41.1560293 ], [ 29.7784311, 41.1567383 ], [ 29.7777182, 41.1575798 ], [ 29.7799272, 41.1584345 ], [ 29.7811329, 41.1569901 ], [ 29.7834035, 41.1575334 ], [ 29.7894583, 41.1553865 ], [ 29.7901624, 41.1544588 ], [ 29.7888951, 41.1521462 ], [ 29.7893527, 41.1517287 ], [ 29.793269, 41.1538823 ], [ 29.7956452, 41.1530408 ], [ 29.7954956, 41.153657 ], [ 29.7961644, 41.153657 ], [ 29.8061268, 41.1503968 ], [ 29.8083006, 41.1492636 ], [ 29.8089519, 41.1480637 ], [ 29.812249, 41.147772 ], [ 29.8195434, 41.1434023 ], [ 29.8459815, 41.1386417 ], [ 29.8504705, 41.139174 ], [ 29.8518154, 41.1399736 ], [ 29.8514073, 41.1409496 ], [ 29.8534369, 41.1395573 ], [ 29.8553413, 41.1393114 ], [ 29.8521111, 41.1418236 ], [ 29.8538388, 41.1413431 ], [ 29.8554063, 41.1429775 ], [ 29.8613244, 41.1436207 ], [ 29.8644192, 41.1413582 ], [ 29.8697979, 41.1425807 ], [ 29.8705884, 41.1415574 ], [ 29.8712722, 41.1423466 ], [ 29.8743451, 41.1420189 ], [ 29.8733149, 41.1405608 ], [ 29.8757039, 41.1388151 ], [ 29.8791943, 41.1394238 ], [ 29.880551, 41.141078 ], [ 29.8836165, 41.1413704 ], [ 29.884338, 41.142267 ], [ 29.888402, 41.142036 ], [ 29.889109, 41.14266 ], [ 29.893496, 41.142037 ], [ 29.895253, 41.143404 ], [ 29.896237, 41.142609 ], [ 29.897967, 41.143335 ], [ 29.901664, 41.142472 ], [ 29.905078, 41.1429 ], [ 29.906788, 41.1423307 ], [ 29.9076442, 41.1406601 ], [ 29.9081702, 41.1425949 ], [ 29.90951, 41.143301 ], [ 29.911212, 41.143387 ], [ 29.912851, 41.142062 ], [ 29.91661, 41.142608 ], [ 29.9181844, 41.1415455 ], [ 29.9140978, 41.1403423 ], [ 29.9151222, 41.135992 ], [ 29.9145913, 41.1259019 ], [ 29.9121276, 41.1226377 ], [ 29.9095273, 41.1210487 ], [ 29.910114, 41.1200655 ], [ 29.9096302, 41.1194186 ], [ 29.9117048, 41.1190109 ], [ 29.913596, 41.1208187 ], [ 29.9144608, 41.1200708 ], [ 29.9138725, 41.118632 ], [ 29.9114513, 41.1183865 ], [ 29.91207, 41.1160456 ], [ 29.9139208, 41.1150231 ], [ 29.9133575, 41.114239 ], [ 29.9146771, 41.1139521 ], [ 29.9150956, 41.1119434 ], [ 29.9144465, 41.1110057 ], [ 29.9157017, 41.1099912 ], [ 29.9149132, 41.1084553 ], [ 29.9141461, 41.1089686 ], [ 29.9130249, 41.1077197 ], [ 29.9134433, 41.1055127 ], [ 29.9145913, 41.1057108 ], [ 29.9141782, 41.1049266 ], [ 29.9166942, 41.10487 ], [ 29.914999, 41.1040373 ], [ 29.915632, 41.1029702 ], [ 29.9150097, 41.1010461 ], [ 29.9183638, 41.0992309 ], [ 29.9265754, 41.0985802 ], [ 29.9285222, 41.0969988 ], [ 29.9358378, 41.0984051 ], [ 29.9395251, 41.0974483 ], [ 29.9435943, 41.0974652 ], [ 29.9460015, 41.0993006 ], [ 29.9489605, 41.0998582 ], [ 29.9549532, 41.0987095 ], [ 29.9571262, 41.0952417 ], [ 29.9588048, 41.0944648 ], [ 29.9585879, 41.0923244 ], [ 29.9561217, 41.0894418 ], [ 29.9578071, 41.0866213 ], [ 29.957056, 41.0845511 ], [ 29.9576783, 41.0840012 ], [ 29.9550497, 41.0837101 ], [ 29.9542357, 41.0821156 ], [ 29.9545133, 41.0800952 ], [ 29.9504646, 41.0820758 ], [ 29.9454582, 41.0826831 ], [ 29.9439347, 41.0836454 ], [ 29.9439347, 41.0850202 ], [ 29.9413276, 41.0850202 ], [ 29.94109, 41.0840125 ], [ 29.9361086, 41.0868776 ], [ 29.9289909, 41.0877125 ], [ 29.9277341, 41.0871469 ], [ 29.9278371, 41.0864483 ], [ 29.9168631, 41.0886483 ], [ 29.9146664, 41.0898801 ], [ 29.9142051, 41.0893464 ], [ 29.9151599, 41.0887723 ], [ 29.9131751, 41.0898073 ], [ 29.9128747, 41.0889987 ], [ 29.9118086, 41.0889563 ], [ 29.9115443, 41.0896375 ], [ 29.910332, 41.0891038 ], [ 29.9113512, 41.0882143 ], [ 29.9107692, 41.0879805 ], [ 29.9072455, 41.0906443 ], [ 29.9038088, 41.0917641 ], [ 29.9003367, 41.0908989 ], [ 29.8915028, 41.0929597 ], [ 29.8929191, 41.0896941 ], [ 29.8922324, 41.0870418 ], [ 29.8913741, 41.0868963 ], [ 29.8925543, 41.0856752 ], [ 29.8905694, 41.0833624 ], [ 29.8909982, 41.0827078 ], [ 29.8892712, 41.0823596 ], [ 29.8876083, 41.0802084 ], [ 29.8869006, 41.0804381 ], [ 29.8879838, 41.0776447 ], [ 29.8889046, 41.0776029 ], [ 29.8888534, 41.0757433 ], [ 29.8927045, 41.0707537 ], [ 29.8917828, 41.0675748 ], [ 29.8928225, 41.0639267 ], [ 29.8914465, 41.0625703 ], [ 29.8900545, 41.0634009 ], [ 29.8894398, 41.0628339 ], [ 29.8871367, 41.0631993 ], [ 29.8879516, 41.0598738 ], [ 29.8869974, 41.0581555 ], [ 29.8824692, 41.0560149 ], [ 29.8810408, 41.054389 ], [ 29.8816109, 41.0524389 ], [ 29.8803929, 41.0511749 ], [ 29.8813223, 41.0494249 ], [ 29.8800015, 41.0469693 ], [ 29.8804294, 41.0419671 ], [ 29.877963, 41.0405202 ], [ 29.8708268, 41.0410528 ], [ 29.8684617, 41.0402864 ], [ 29.8678136, 41.0375584 ], [ 29.8637715, 41.0355016 ], [ 29.8635864, 41.033253 ], [ 29.8626423, 41.0326056 ], [ 29.8622285, 41.0308556 ], [ 29.857986, 41.0285589 ], [ 29.8545742, 41.0283808 ], [ 29.8518598, 41.0268268 ], [ 29.8507333, 41.0249652 ], [ 29.8453259, 41.0202219 ], [ 29.8409454, 41.0208051 ], [ 29.8394794, 41.0184287 ], [ 29.8350048, 41.0173887 ], [ 29.8340821, 41.0163849 ], [ 29.8347909, 41.0158392 ], [ 29.8320436, 41.0146768 ], [ 29.8287713, 41.0148873 ], [ 29.8265547, 41.0132711 ], [ 29.8243189, 41.0141587 ], [ 29.8227533, 41.0132347 ], [ 29.8192679, 41.0149915 ], [ 29.8138047, 41.0146239 ], [ 29.8115623, 41.0162877 ], [ 29.8110044, 41.0180929 ], [ 29.8086226, 41.0201895 ], [ 29.8042774, 41.01955 ], [ 29.8002756, 41.0207076 ], [ 29.7942568, 41.0190777 ], [ 29.7934091, 41.02006 ], [ 29.7914994, 41.0192424 ], [ 29.785734, 41.0215493 ], [ 29.7849979, 41.023886 ], [ 29.7819955, 41.0255956 ], [ 29.7804656, 41.0254276 ], [ 29.7783629, 41.0273877 ], [ 29.7712369, 41.0252479 ], [ 29.7649673, 41.0254778 ], [ 29.7645592, 41.0268349 ], [ 29.7611368, 41.0271748 ], [ 29.7563504, 41.026561 ], [ 29.7536909, 41.0277333 ], [ 29.7506118, 41.0319905 ], [ 29.746397, 41.0343493 ], [ 29.7426057, 41.0341602 ], [ 29.7406554, 41.035956 ], [ 29.7364282, 41.0348392 ], [ 29.7365355, 41.0404878 ], [ 29.7360076, 41.0413404 ], [ 29.7324291, 41.0421757 ], [ 29.7298193, 41.0411028 ], [ 29.7262573, 41.0345722 ], [ 29.7230435, 41.0315198 ], [ 29.7180304, 41.0317493 ], [ 29.7184038, 41.0309707 ], [ 29.7171378, 41.029692 ], [ 29.71879, 41.029352 ], [ 29.7181463, 41.0275067 ], [ 29.7137447, 41.0299411 ], [ 29.7072673, 41.0319743 ], [ 29.7044201, 41.0344787 ], [ 29.7044336, 41.0317702 ], [ 29.7058285, 41.0286119 ], [ 29.6998891, 41.0283644 ], [ 29.6996283, 41.0266325 ], [ 29.6961522, 41.0244148 ], [ 29.6964097, 41.0226179 ], [ 29.6971607, 41.0210152 ], [ 29.7022247, 41.0163039 ], [ 29.7051465, 41.0156243 ], [ 29.7070741, 41.0126125 ], [ 29.7100138, 41.0116086 ], [ 29.7134762, 41.0127571 ], [ 29.7142408, 41.0111673 ], [ 29.7189464, 41.0084263 ], [ 29.7194809, 41.0077415 ], [ 29.7182134, 41.0052703 ], [ 29.7180605, 41.002897 ], [ 29.7116905, 41.002111 ], [ 29.7116573, 41.0004562 ], [ 29.7062573, 40.9961338 ], [ 29.7031255, 40.9946586 ], [ 29.7008315, 40.990049 ], [ 29.6920094, 40.9887823 ], [ 29.6910154, 40.9845285 ], [ 29.6894038, 40.9847374 ], [ 29.6883792, 40.9839073 ], [ 29.6910721, 40.9813398 ], [ 29.6896344, 40.9796308 ], [ 29.6860134, 40.9795984 ], [ 29.6838077, 40.9770912 ], [ 29.6829182, 40.970915 ], [ 29.6834981, 40.9699632 ], [ 29.6791363, 40.966022 ], [ 29.6766905, 40.9644098 ], [ 29.673906, 40.9650295 ], [ 29.6731979, 40.9644948 ], [ 29.6718621, 40.9647986 ], [ 29.6716958, 40.966427 ], [ 29.6687937, 40.9649607 ], [ 29.6686649, 40.964029 ], [ 29.6651673, 40.9634335 ], [ 29.6638584, 40.9617767 ], [ 29.6623349, 40.9633566 ], [ 29.6601784, 40.9632674 ], [ 29.6601248, 40.9626679 ], [ 29.6556294, 40.9640614 ], [ 29.6553022, 40.9672655 ], [ 29.6517777, 40.9694042 ], [ 29.6494978, 40.9685617 ], [ 29.6465635, 40.9701616 ], [ 29.6419716, 40.9708745 ], [ 29.633646, 40.9709717 ], [ 29.6210235, 40.9762167 ], [ 29.6196556, 40.9781566 ], [ 29.6143234, 40.9799872 ], [ 29.6136477, 40.9812279 ], [ 29.6109223, 40.9799791 ], [ 29.6069312, 40.9812588 ], [ 29.605, 40.9839478 ], [ 29.6048713, 40.9861507 ], [ 29.6068668, 40.9907831 ], [ 29.6103859, 40.9924675 ], [ 29.6112442, 41.0003707 ], [ 29.610175, 41.0063767 ], [ 29.6090915, 41.0074019 ], [ 29.605375, 41.0054929 ], [ 29.6034227, 41.0070053 ], [ 29.6001573, 41.0035061 ], [ 29.5989275, 41.0033666 ], [ 29.6001076, 41.0046297 ], [ 29.6010196, 41.0076335 ], [ 29.6001291, 41.0104428 ], [ 29.6013016, 41.0109379 ], [ 29.6010625, 41.0119891 ], [ 29.6018565, 41.0124748 ], [ 29.5997223, 41.0179866 ], [ 29.5971894, 41.0205133 ], [ 29.5988095, 41.0252566 ], [ 29.6002632, 41.026565 ], [ 29.5973308, 41.0288959 ], [ 29.5935998, 41.028816 ], [ 29.5923546, 41.0302994 ], [ 29.5888435, 41.0313715 ], [ 29.5779985, 41.0325632 ], [ 29.5762833, 41.0343726 ], [ 29.5748491, 41.0344288 ], [ 29.5745194, 41.0353304 ], [ 29.5735003, 41.0327495 ], [ 29.5705148, 41.0331907 ], [ 29.5580567, 41.0392344 ], [ 29.5567856, 41.0382356 ], [ 29.5534896, 41.0388933 ], [ 29.5507902, 41.0353979 ], [ 29.5467789, 41.0370303 ], [ 29.5454849, 41.037078 ], [ 29.5444479, 41.0354441 ], [ 29.5424802, 41.0370316 ], [ 29.5386128, 41.0368198 ], [ 29.5367735, 41.0354627 ], [ 29.5373054, 41.0331447 ], [ 29.5319957, 41.0341101 ], [ 29.5303126, 41.0334078 ], [ 29.530487, 41.0319213 ], [ 29.5281986, 41.0316644 ], [ 29.5270694, 41.0322292 ], [ 29.5270863, 41.0337893 ], [ 29.5257421, 41.0342647 ], [ 29.5272179, 41.0362283 ], [ 29.5248297, 41.0375592 ], [ 29.5224649, 41.042129 ], [ 29.5208967, 41.0415777 ], [ 29.5175406, 41.0440465 ], [ 29.5127049, 41.0422962 ], [ 29.5115335, 41.0400558 ], [ 29.5098677, 41.0416877 ], [ 29.5086371, 41.041655 ], [ 29.5079255, 41.0362312 ], [ 29.5053291, 41.0336577 ], [ 29.5018537, 41.0319922 ], [ 29.4995113, 41.0333997 ], [ 29.4989039, 41.0354155 ], [ 29.4974868, 41.035782 ], [ 29.4836391, 41.0299788 ], [ 29.4836391, 41.023778 ], [ 29.4813312, 41.0204177 ], [ 29.4759055, 41.0180349 ], [ 29.4758245, 41.0163852 ], [ 29.4710467, 41.0137883 ], [ 29.4661879, 41.009022 ], [ 29.4627867, 41.0079221 ], [ 29.4578874, 41.0043471 ], [ 29.453393, 41.002422 ], [ 29.4495465, 40.9989995 ], [ 29.4453355, 40.9983272 ], [ 29.4414484, 40.9964325 ], [ 29.4398181, 40.999774 ], [ 29.434441, 41.0025853 ], [ 29.4351125, 41.0048343 ], [ 29.4376721, 41.0077781 ], [ 29.437866, 41.0096336 ], [ 29.4361768, 41.0102843 ], [ 29.4342126, 41.00825 ], [ 29.4333397, 41.009772 ], [ 29.4348188, 41.0117293 ], [ 29.4331768, 41.0144242 ], [ 29.4306726, 41.0140509 ], [ 29.4283189, 41.0153692 ], [ 29.430705, 41.0197718 ], [ 29.4300975, 41.020676 ], [ 29.4243155, 41.0215519 ], [ 29.4137748, 41.026611 ], [ 29.4116129, 41.0266636 ], [ 29.4046835, 41.0237932 ], [ 29.3990818, 41.0245329 ], [ 29.3843054, 41.0289163 ], [ 29.3794446, 41.0332883 ], [ 29.3759059, 41.0348941 ], [ 29.3766547, 41.0386753 ], [ 29.3753181, 41.0421077 ], [ 29.3782736, 41.0489577 ], [ 29.3761331, 41.0521742 ], [ 29.3760992, 41.0572311 ], [ 29.3798034, 41.0626352 ], [ 29.3820401, 41.0642814 ], [ 29.3824007, 41.0662286 ], [ 29.3849964, 41.0696685 ], [ 29.3894266, 41.0708832 ], [ 29.3903563, 41.0719736 ], [ 29.3872799, 41.0726855 ], [ 29.3878479, 41.0735411 ], [ 29.3916321, 41.0751378 ], [ 29.391493, 41.0760075 ], [ 29.3945668, 41.0774887 ], [ 29.3938133, 41.0797311 ], [ 29.3944793, 41.0813926 ], [ 29.3996307, 41.0824481 ], [ 29.3994327, 41.085906 ], [ 29.3934588, 41.0869259 ], [ 29.3920725, 41.0884931 ], [ 29.3902573, 41.0887419 ], [ 29.3901583, 41.0896374 ], [ 29.3933928, 41.0921 ], [ 29.3934588, 41.0931696 ], [ 29.3979805, 41.0933437 ], [ 29.4003898, 41.0942641 ], [ 29.4020295, 41.0963763 ], [ 29.4019873, 41.0985253 ], [ 29.4013733, 41.0999943 ], [ 29.3983963, 41.100117 ], [ 29.3915946, 41.1029344 ], [ 29.3891866, 41.1061814 ], [ 29.3860052, 41.1073088 ], [ 29.3845184, 41.1088553 ], [ 29.3824694, 41.1089508 ], [ 29.3824483, 41.1123407 ], [ 29.3804627, 41.1174491 ], [ 29.3801036, 41.1210614 ], [ 29.3783081, 41.122939 ], [ 29.3728161, 41.125835 ], [ 29.3669016, 41.1226844 ], [ 29.3617475, 41.1253735 ], [ 29.3591084, 41.1253552 ], [ 29.3647893, 41.1324697 ], [ 29.3654018, 41.1343311 ], [ 29.365085, 41.1377834 ], [ 29.3636697, 41.1413468 ], [ 29.3604379, 41.1416331 ], [ 29.3571426, 41.1432557 ], [ 29.3537418, 41.1427944 ], [ 29.3566146, 41.1469619 ], [ 29.3561499, 41.1485685 ], [ 29.3568258, 41.1497455 ], [ 29.3547135, 41.150843 ], [ 29.3538685, 41.1522585 ], [ 29.3507846, 41.1534673 ], [ 29.3454193, 41.1517337 ], [ 29.3462853, 41.1541671 ], [ 29.3450813, 41.1558211 ], [ 29.3435604, 41.155853 ], [ 29.3434548, 41.1585248 ], [ 29.3407933, 41.1613715 ], [ 29.3388077, 41.1593677 ], [ 29.3322806, 41.1591132 ], [ 29.3292811, 41.1578409 ], [ 29.3297458, 41.1612124 ], [ 29.3281827, 41.1636455 ], [ 29.326007, 41.1642021 ], [ 29.3268519, 41.1674779 ], [ 29.3260493, 41.1694178 ], [ 29.3240214, 41.1681457 ], [ 29.3227118, 41.1729318 ], [ 29.3227118, 41.1764138 ], [ 29.3243594, 41.1789258 ], [ 29.3242115, 41.1800069 ], [ 29.3210642, 41.183425 ], [ 29.3233032, 41.1894816 ], [ 29.321888, 41.19034 ], [ 29.3227963, 41.1944092 ] ] ], [ [ [ 29.7267933, 41.1578134 ], [ 29.727339, 41.1574158 ], [ 29.7269254, 41.1573429 ], [ 29.7267933, 41.1578134 ] ] ], [ [ [ 29.6105586, 41.1811821 ], [ 29.6112937, 41.1813923 ], [ 29.6114729, 41.180869 ], [ 29.6105586, 41.1811821 ] ] ], [ [ [ 29.6099326, 41.1814278 ], [ 29.6084735, 41.1811976 ], [ 29.6087605, 41.1825239 ], [ 29.6099326, 41.1814278 ] ] ], [ [ [ 29.6048672, 41.1832988 ], [ 29.6057242, 41.1835838 ], [ 29.6059334, 41.1828853 ], [ 29.6055686, 41.1827117 ], [ 29.6048672, 41.1832988 ] ] ], [ [ [ 29.6118671, 41.1831805 ], [ 29.6124588, 41.1831354 ], [ 29.6122791, 41.1829832 ], [ 29.6118671, 41.1831805 ] ] ], [ [ [ 29.7811065, 41.1571425 ], [ 29.7813793, 41.1573147 ], [ 29.7813001, 41.1571822 ], [ 29.7811065, 41.1571425 ] ] ], [ [ [ 29.7281928, 41.1571574 ], [ 29.7288617, 41.1578399 ], [ 29.7291169, 41.1579194 ], [ 29.7290729, 41.1575284 ], [ 29.7284392, 41.1570845 ], [ 29.7281928, 41.1571574 ] ] ], [ [ [ 29.7475143, 41.1602295 ], [ 29.7473338, 41.1599812 ], [ 29.747172, 41.1600327 ], [ 29.7475143, 41.1602295 ] ] ], [ [ [ 29.747701, 41.1602764 ], [ 29.7477757, 41.1601077 ], [ 29.7476637, 41.1601733 ], [ 29.747701, 41.1602764 ] ] ], [ [ [ 29.7480495, 41.1603701 ], [ 29.748286, 41.1604122 ], [ 29.7481118, 41.1602342 ], [ 29.7480495, 41.1603701 ] ] ], [ [ [ 29.7544201, 41.1607672 ], [ 29.7548514, 41.1613504 ], [ 29.7550803, 41.1613835 ], [ 29.7544201, 41.1607672 ] ] ] ] } },
{ "type": "Feature", "properties": { "ilce": "Şile" }, "geometry": { "type": "MultiPolygon", "coordinates": [ [ [ [ 29.3227963, 41.1944092 ], [ 29.3324496, 41.2036116 ], [ 29.3316469, 41.2048512 ], [ 29.3328298, 41.2058842 ], [ 29.3297247, 41.2112078 ], [ 29.3322806, 41.21437 ], [ 29.3324799, 41.2166263 ], [ 29.3364711, 41.2146087 ], [ 29.3381019, 41.2151333 ], [ 29.338862, 41.21458 ], [ 29.339908, 41.215329 ], [ 29.3440671, 41.2138742 ], [ 29.34566, 41.214571 ], [ 29.345293, 41.213808 ], [ 29.346634, 41.2129156 ], [ 29.3493055, 41.2122376 ], [ 29.3512045, 41.213077 ], [ 29.352041, 41.212387 ], [ 29.353074, 41.21275 ], [ 29.357277, 41.2107767 ], [ 29.366633, 41.211702 ], [ 29.368653, 41.211147 ], [ 29.3721561, 41.2123611 ], [ 29.3745341, 41.2123121 ], [ 29.3748971, 41.2129471 ], [ 29.3785821, 41.211458 ], [ 29.389526, 41.214952 ], [ 29.389979, 41.213402 ], [ 29.3924028, 41.2121954 ], [ 29.3945829, 41.212415 ], [ 29.395184, 41.211625 ], [ 29.3961021, 41.2121244 ], [ 29.4039668, 41.2092776 ], [ 29.408695, 41.20929 ], [ 29.415064, 41.206846 ], [ 29.424507, 41.20485 ], [ 29.4406337, 41.1997609 ], [ 29.4480825, 41.1981735 ], [ 29.454843, 41.198047 ], [ 29.46996, 41.19336 ], [ 29.50464, 41.184909 ], [ 29.510722, 41.184007 ], [ 29.5124233, 41.1850523 ], [ 29.527598, 41.18107 ], [ 29.564, 41.173591 ], [ 29.5910158, 41.1707327 ], [ 29.5970588, 41.1712486 ], [ 29.6012656, 41.1730504 ], [ 29.6036279, 41.1752737 ], [ 29.6034584, 41.1764536 ], [ 29.6017797, 41.1778726 ], [ 29.603234, 41.1770084 ], [ 29.6033365, 41.1774874 ], [ 29.6038734, 41.1775605 ], [ 29.6039635, 41.1761894 ], [ 29.6091688, 41.1780773 ], [ 29.6088958, 41.1800105 ], [ 29.6062951, 41.1810738 ], [ 29.6016975, 41.1787706 ], [ 29.5997669, 41.1786711 ], [ 29.6073666, 41.1821487 ], [ 29.6075642, 41.1812168 ], [ 29.6101296, 41.1797365 ], [ 29.614099, 41.1809653 ], [ 29.6143386, 41.1785414 ], [ 29.6160837, 41.1783159 ], [ 29.6166529, 41.1792517 ], [ 29.6179411, 41.1787444 ], [ 29.6182182, 41.1775718 ], [ 29.6197984, 41.1785132 ], [ 29.6199632, 41.1794772 ], [ 29.6227717, 41.1786936 ], [ 29.622929, 41.179759 ], [ 29.6243445, 41.1796632 ], [ 29.6241423, 41.1787613 ], [ 29.6255203, 41.1779946 ], [ 29.6242172, 41.1771209 ], [ 29.6248821, 41.1753131 ], [ 29.628576, 41.1742121 ], [ 29.6300065, 41.1752775 ], [ 29.6294523, 41.174291 ], [ 29.6305532, 41.1738231 ], [ 29.6332644, 41.1742966 ], [ 29.6327027, 41.1726279 ], [ 29.6358632, 41.1707224 ], [ 29.6418072, 41.1695551 ], [ 29.6441241, 41.1701311 ], [ 29.6439639, 41.1716509 ], [ 29.6449479, 41.1720272 ], [ 29.6461223, 41.1710938 ], [ 29.6448865, 41.1706426 ], [ 29.6452894, 41.1695494 ], [ 29.6486, 41.1680229 ], [ 29.6600519, 41.1650923 ], [ 29.6654432, 41.1651008 ], [ 29.6662682, 41.1667056 ], [ 29.668351, 41.166599 ], [ 29.671024, 41.16551 ], [ 29.672308, 41.163684 ], [ 29.679027, 41.16186 ], [ 29.681805, 41.163335 ], [ 29.685558, 41.163761 ], [ 29.685538, 41.163248 ], [ 29.686911, 41.1636 ], [ 29.689928, 41.162632 ], [ 29.691338, 41.163882 ], [ 29.691625, 41.162592 ], [ 29.694397, 41.163939 ], [ 29.696428, 41.163763 ], [ 29.6963923, 41.1627365 ], [ 29.6970684, 41.1627229 ], [ 29.697456, 41.163996 ], [ 29.700855, 41.164044 ], [ 29.701168, 41.163396 ], [ 29.703225, 41.163861 ], [ 29.702781, 41.161304 ], [ 29.705469, 41.160599 ], [ 29.7061267, 41.1596767 ], [ 29.715908, 41.158428 ], [ 29.717568, 41.15749 ], [ 29.7242584, 41.157586 ], [ 29.7249715, 41.1566538 ], [ 29.7283512, 41.1566471 ], [ 29.7307628, 41.1553814 ], [ 29.7332976, 41.1552224 ], [ 29.734314, 41.155939 ], [ 29.7339497, 41.1564015 ], [ 29.7359028, 41.1559646 ], [ 29.7362724, 41.1569917 ], [ 29.7374185, 41.1570784 ], [ 29.7375329, 41.158205 ], [ 29.7381667, 41.1578604 ], [ 29.7395788, 41.1588237 ], [ 29.7408485, 41.1582005 ], [ 29.7419501, 41.1599437 ], [ 29.7459792, 41.1593359 ], [ 29.7486672, 41.1599651 ], [ 29.7486549, 41.158819 ], [ 29.750961, 41.1589648 ], [ 29.7521405, 41.1601178 ], [ 29.7511811, 41.1610124 ], [ 29.7524221, 41.1614498 ], [ 29.7536896, 41.1609926 ], [ 29.7530382, 41.1604492 ], [ 29.7533639, 41.158481 ], [ 29.7559956, 41.157202 ], [ 29.7586274, 41.1590311 ], [ 29.7633804, 41.158978 ], [ 29.7671387, 41.1605486 ], [ 29.7741186, 41.1585208 ], [ 29.7765919, 41.1586798 ], [ 29.7753421, 41.1571557 ], [ 29.7766622, 41.1560293 ], [ 29.7784311, 41.1567383 ], [ 29.7777182, 41.1575798 ], [ 29.7799272, 41.1584345 ], [ 29.7811329, 41.1569901 ], [ 29.7834035, 41.1575334 ], [ 29.7894583, 41.1553865 ], [ 29.7901624, 41.1544588 ], [ 29.7888951, 41.1521462 ], [ 29.7893527, 41.1517287 ], [ 29.793269, 41.1538823 ], [ 29.7956452, 41.1530408 ], [ 29.7954956, 41.153657 ], [ 29.7961644, 41.153657 ], [ 29.8061268, 41.1503968 ], [ 29.8083006, 41.1492636 ], [ 29.8089519, 41.1480637 ], [ 29.812249, 41.147772 ], [ 29.8195434, 41.1434023 ], [ 29.8459815, 41.1386417 ], [ 29.8504705, 41.139174 ], [ 29.8518154, 41.1399736 ], [ 29.8514073, 41.1409496 ], [ 29.8534369, 41.1395573 ], [ 29.8553413, 41.1393114 ], [ 29.8521111, 41.1418236 ], [ 29.8538388, 41.1413431 ], [ 29.8554063, 41.1429775 ], [ 29.8613244, 41.1436207 ], [ 29.8644192, 41.1413582 ], [ 29.8697979, 41.1425807 ], [ 29.8705884, 41.1415574 ], [ 29.8712722, 41.1423466 ], [ 29.8743451, 41.1420189 ], [ 29.8733149, 41.1405608 ], [ 29.8757039, 41.1388151 ], [ 29.8791943, 41.1394238 ], [ 29.880551, 41.141078 ], [ 29.8836165, 41.1413704 ], [ 29.884338, 41.142267 ], [ 29.888402, 41.142036 ], [ 29.889109, 41.14266 ], [ 29.893496, 41.142037 ], [ 29.895253, 41.143404 ], [ 29.896237, 41.142609 ], [ 29.897967, 41.143335 ], [ 29.901664, 41.142472 ], [ 29.905078, 41.1429 ], [ 29.906788, 41.1423307 ], [ 29.9076442, 41.1406601 ], [ 29.9081702, 41.1425949 ], [ 29.90951, 41.143301 ], [ 29.911212, 41.143387 ], [ 29.912851, 41.142062 ], [ 29.91661, 41.142608 ], [ 29.9181844, 41.1415455 ], [ 29.9140978, 41.1403423 ], [ 29.9151222, 41.135992 ], [ 29.9145913, 41.1259019 ], [ 29.9121276, 41.1226377 ], [ 29.9095273, 41.1210487 ], [ 29.910114, 41.1200655 ], [ 29.9096302, 41.1194186 ], [ 29.9117048, 41.1190109 ], [ 29.913596, 41.1208187 ], [ 29.9144608, 41.1200708 ], [ 29.9138725, 41.118632 ], [ 29.9114513, 41.1183865 ], [ 29.91207, 41.1160456 ], [ 29.9139208, 41.1150231 ], [ 29.9133575, 41.114239 ], [ 29.9146771, 41.1139521 ], [ 29.9150956, 41.1119434 ], [ 29.9144465, 41.1110057 ], [ 29.9157017, 41.1099912 ], [ 29.9149132, 41.1084553 ], [ 29.9141461, 41.1089686 ], [ 29.9130249, 41.1077197 ], [ 29.9134433, 41.1055127 ], [ 29.9145913, 41.1057108 ], [ 29.9141782, 41.1049266 ], [ 29.9166942, 41.10487 ], [ 29.914999, 41.1040373 ], [ 29.915632, 41.1029702 ], [ 29.9150097, 41.1010461 ], [ 29.9183638, 41.0992309 ], [ 29.9265754, 41.0985802 ], [ 29.9285222, 41.0969988 ], [ 29.9358378, 41.0984051 ], [ 29.9395251, 41.0974483 ], [ 29.9435943, 41.0974652 ], [ 29.9460015, 41.0993006 ], [ 29.9489605, 41.0998582 ], [ 29.9549532, 41.0987095 ], [ 29.9571262, 41.0952417 ], [ 29.9588048, 41.0944648 ], [ 29.9585879, 41.0923244 ], [ 29.9561217, 41.0894418 ], [ 29.9578071, 41.0866213 ], [ 29.957056, 41.0845511 ], [ 29.9576783, 41.0840012 ], [ 29.9550497, 41.0837101 ], [ 29.9542357, 41.0821156 ], [ 29.9545133, 41.0800952 ], [ 29.9504646, 41.0820758 ], [ 29.9454582, 41.0826831 ], [ 29.9439347, 41.0836454 ], [ 29.9439347, 41.0850202 ], [ 29.9413276, 41.0850202 ], [ 29.94109, 41.0840125 ], [ 29.9361086, 41.0868776 ], [ 29.9289909, 41.0877125 ], [ 29.9277341, 41.0871469 ], [ 29.9278371, 41.0864483 ], [ 29.9168631, 41.0886483 ], [ 29.9146664, 41.0898801 ], [ 29.9142051, 41.0893464 ], [ 29.9151599, 41.0887723 ], [ 29.9131751, 41.0898073 ], [ 29.9128747, 41.0889987 ], [ 29.9118086, 41.0889563 ], [ 29.9115443, 41.0896375 ], [ 29.910332, 41.0891038 ], [ 29.9113512, 41.0882143 ], [ 29.9107692, 41.0879805 ], [ 29.9072455, 41.0906443 ], [ 29.9038088, 41.0917641 ], [ 29.9003367, 41.0908989 ], [ 29.8915028, 41.0929597 ], [ 29.8929191, 41.0896941 ], [ 29.8922324, 41.0870418 ], [ 29.8913741, 41.0868963 ], [ 29.8925543, 41.0856752 ], [ 29.8905694, 41.0833624 ], [ 29.8909982, 41.0827078 ], [ 29.8892712, 41.0823596 ], [ 29.8876083, 41.0802084 ], [ 29.8869006, 41.0804381 ], [ 29.8879838, 41.0776447 ], [ 29.8889046, 41.0776029 ], [ 29.8888534, 41.0757433 ], [ 29.8927045, 41.0707537 ], [ 29.8917828, 41.0675748 ], [ 29.8928225, 41.0639267 ], [ 29.8914465, 41.0625703 ], [ 29.8900545, 41.0634009 ], [ 29.8894398, 41.0628339 ], [ 29.8871367, 41.0631993 ], [ 29.8879516, 41.0598738 ], [ 29.8869974, 41.0581555 ], [ 29.8824692, 41.0560149 ], [ 29.8810408, 41.054389 ], [ 29.8816109, 41.0524389 ], [ 29.8803929, 41.0511749 ], [ 29.8813223, 41.0494249 ], [ 29.8800015, 41.0469693 ], [ 29.8804294, 41.0419671 ], [ 29.877963, 41.0405202 ], [ 29.8708268, 41.0410528 ], [ 29.8684617, 41.0402864 ], [ 29.8678136, 41.0375584 ], [ 29.8637715, 41.0355016 ], [ 29.8635864, 41.033253 ], [ 29.8626423, 41.0326056 ], [ 29.8622285, 41.0308556 ], [ 29.857986, 41.0285589 ], [ 29.8545742, 41.0283808 ], [ 29.8518598, 41.0268268 ], [ 29.8507333, 41.0249652 ], [ 29.8453259, 41.0202219 ], [ 29.8409454, 41.0208051 ], [ 29.8394794, 41.0184287 ], [ 29.8350048, 41.0173887 ], [ 29.8340821, 41.0163849 ], [ 29.8347909, 41.0158392 ], [ 29.8320436, 41.0146768 ], [ 29.8287713, 41.0148873 ], [ 29.8265547, 41.0132711 ], [ 29.8243189, 41.0141587 ], [ 29.8227533, 41.0132347 ], [ 29.8192679, 41.0149915 ], [ 29.8138047, 41.0146239 ], [ 29.8115623, 41.0162877 ], [ 29.8110044, 41.0180929 ], [ 29.8086226, 41.0201895 ], [ 29.8042774, 41.01955 ], [ 29.8002756, 41.0207076 ], [ 29.7942568, 41.0190777 ], [ 29.7934091, 41.02006 ], [ 29.7914994, 41.0192424 ], [ 29.785734, 41.0215493 ], [ 29.7849979, 41.023886 ], [ 29.7819955, 41.0255956 ], [ 29.7804656, 41.0254276 ], [ 29.7783629, 41.0273877 ], [ 29.7712369, 41.0252479 ], [ 29.7649673, 41.0254778 ], [ 29.7645592, 41.0268349 ], [ 29.7611368, 41.0271748 ], [ 29.7563504, 41.026561 ], [ 29.7536909, 41.0277333 ], [ 29.7506118, 41.0319905 ], [ 29.746397, 41.0343493 ], [ 29.7426057, 41.0341602 ], [ 29.7406554, 41.035956 ], [ 29.7364282, 41.0348392 ], [ 29.7365355, 41.0404878 ], [ 29.7360076, 41.0413404 ], [ 29.7324291, 41.0421757 ], [ 29.7298193, 41.0411028 ], [ 29.7262573, 41.0345722 ], [ 29.7230435, 41.0315198 ], [ 29.7180304, 41.0317493 ], [ 29.7184038, 41.0309707 ], [ 29.7171378, 41.029692 ], [ 29.71879, 41.029352 ], [ 29.7181463, 41.0275067 ], [ 29.7137447, 41.0299411 ], [ 29.7072673, 41.0319743 ], [ 29.7044201, 41.0344787 ], [ 29.7044336, 41.0317702 ], [ 29.7058285, 41.0286119 ], [ 29.6998891, 41.0283644 ], [ 29.6996283, 41.0266325 ], [ 29.6961522, 41.0244148 ], [ 29.6964097, 41.0226179 ], [ 29.6971607, 41.0210152 ], [ 29.7022247, 41.0163039 ], [ 29.7051465, 41.0156243 ], [ 29.7070741, 41.0126125 ], [ 29.7100138, 41.0116086 ], [ 29.7134762, 41.0127571 ], [ 29.7142408, 41.0111673 ], [ 29.7189464, 41.0084263 ], [ 29.7194809, 41.0077415 ], [ 29.7182134, 41.0052703 ], [ 29.7180605, 41.002897 ], [ 29.7116905, 41.002111 ], [ 29.7116573, 41.0004562 ], [ 29.7062573, 40.9961338 ], [ 29.7031255, 40.9946586 ], [ 29.7008315, 40.990049 ], [ 29.6920094, 40.9887823 ], [ 29.6910154, 40.9845285 ], [ 29.6894038, 40.9847374 ], [ 29.6883792, 40.9839073 ], [ 29.6910721, 40.9813398 ], [ 29.6896344, 40.9796308 ], [ 29.6860134, 40.9795984 ], [ 29.6838077, 40.9770912 ], [ 29.6829182, 40.970915 ], [ 29.6834981, 40.9699632 ], [ 29.6791363, 40.966022 ], [ 29.6766905, 40.9644098 ], [ 29.673906, 40.9650295 ], [ 29.6731979, 40.9644948 ], [ 29.6718621, 40.9647986 ], [ 29.6716958, 40.966427 ], [ 29.6687937, 40.9649607 ], [ 29.6686649, 40.964029 ], [ 29.6651673, 40.9634335 ], [ 29.6638584, 40.9617767 ], [ 29.6623349, 40.9633566 ], [ 29.6601784, 40.9632674 ], [ 29.6601248, 40.9626679 ], [ 29.6556294, 40.9640614 ], [ 29.6553022, 40.9672655 ], [ 29.6517777, 40.9694042 ], [ 29.6494978, 40.9685617 ], [ 29.6465635, 40.9701616 ], [ 29.6419716, 40.9708745 ], [ 29.633646, 40.9709717 ], [ 29.6210235, 40.9762167 ], [ 29.6196556, 40.9781566 ], [ 29.6143234, 40.9799872 ], [ 29.6136477, 40.9812279 ], [ 29.6109223, 40.9799791 ], [ 29.6069312, 40.9812588 ], [ 29.605, 40.9839478 ], [ 29.6048713, 40.9861507 ], [ 29.6068668, 40.9907831 ], [ 29.6103859, 40.9924675 ], [ 29.6112442, 41.0003707 ], [ 29.610175, 41.0063767 ], [ 29.6090915, 41.0074019 ], [ 29.605375, 41.0054929 ], [ 29.6034227, 41.0070053 ], [ 29.6001573, 41.0035061 ], [ 29.5989275, 41.0033666 ], [ 29.6001076, 41.0046297 ], [ 29.6010196, 41.0076335 ], [ 29.6001291, 41.0104428 ], [ 29.6013016, 41.0109379 ], [ 29.6010625, 41.0119891 ], [ 29.6018565, 41.0124748 ], [ 29.5997223, 41.0179866 ], [ 29.5971894, 41.0205133 ], [ 29.5988095, 41.0252566 ], [ 29.6002632, 41.026565 ], [ 29.5973308, 41.0288959 ], [ 29.5935998, 41.028816 ], [ 29.5923546, 41.0302994 ], [ 29.5888435, 41.0313715 ], [ 29.5779985, 41.0325632 ], [ 29.5762833, 41.0343726 ], [ 29.5748491, 41.0344288 ], [ 29.5745194, 41.0353304 ], [ 29.5735003, 41.0327495 ], [ 29.5705148, 41.0331907 ], [ 29.5580567, 41.0392344 ], [ 29.5567856, 41.0382356 ], [ 29.5534896, 41.0388933 ], [ 29.5507902, 41.0353979 ], [ 29.5467789, 41.0370303 ], [ 29.5454849, 41.037078 ], [ 29.5444479, 41.0354441 ], [ 29.5424802, 41.0370316 ], [ 29.5386128, 41.0368198 ], [ 29.5367735, 41.0354627 ], [ 29.5373054, 41.0331447 ], [ 29.5319957, 41.0341101 ], [ 29.5303126, 41.0334078 ], [ 29.530487, 41.0319213 ], [ 29.5281986, 41.0316644 ], [ 29.5270694, 41.0322292 ], [ 29.5270863, 41.0337893 ], [ 29.5257421, 41.0342647 ], [ 29.5272179, 41.0362283 ], [ 29.5248297, 41.0375592 ], [ 29.5224649, 41.042129 ], [ 29.5208967, 41.0415777 ], [ 29.5175406, 41.0440465 ], [ 29.5127049, 41.0422962 ], [ 29.5115335, 41.0400558 ], [ 29.5098677, 41.0416877 ], [ 29.5086371, 41.041655 ], [ 29.5079255, 41.0362312 ], [ 29.5053291, 41.0336577 ], [ 29.5018537, 41.0319922 ], [ 29.4995113, 41.0333997 ], [ 29.4989039, 41.0354155 ], [ 29.4974868, 41.035782 ], [ 29.4836391, 41.0299788 ], [ 29.4836391, 41.023778 ], [ 29.4813312, 41.0204177 ], [ 29.4759055, 41.0180349 ], [ 29.4758245, 41.0163852 ], [ 29.4710467, 41.0137883 ], [ 29.4661879, 41.009022 ], [ 29.4627867, 41.0079221 ], [ 29.4578874, 41.0043471 ], [ 29.453393, 41.002422 ], [ 29.4495465, 40.9989995 ], [ 29.4453355, 40.9983272 ], [ 29.4414484, 40.9964325 ], [ 29.4398181, 40.999774 ], [ 29.434441, 41.0025853 ], [ 29.4351125, 41.0048343 ], [ 29.4376721, 41.0077781 ], [ 29.437866, 41.0096336 ], [ 29.4361768, 41.0102843 ], [ 29.4342126, 41.00825 ], [ 29.4333397, 41.009772 ], [ 29.4348188, 41.0117293 ], [ 29.4331768, 41.0144242 ], [ 29.4306726, 41.0140509 ], [ 29.4283189, 41.0153692 ], [ 29.430705, 41.0197718 ], [ 29.4300975, 41.020676 ], [ 29.4243155, 41.0215519 ], [ 29.4137748, 41.026611 ], [ 29.4116129, 41.0266636 ], [ 29.4046835, 41.0237932 ], [ 29.3990818, 41.0245329 ], [ 29.3843054, 41.0289163 ], [ 29.3794446, 41.0332883 ], [ 29.3759059, 41.0348941 ], [ 29.3766547, 41.0386753 ], [ 29.3753181, 41.0421077 ], [ 29.3782736, 41.0489577 ], [ 29.3761331, 41.0521742 ], [ 29.3760992, 41.0572311 ], [ 29.3798034, 41.0626352 ], [ 29.3820401, 41.0642814 ], [ 29.3824007, 41.0662286 ], [ 29.3849964, 41.0696685 ], [ 29.3894266, 41.0708832 ], [ 29.3903563, 41.0719736 ], [ 29.3872799, 41.0726855 ], [ 29.3878479, 41.0735411 ], [ 29.3916321, 41.0751378 ], [ 29.391493, 41.0760075 ], [ 29.3945668, 41.0774887 ], [ 29.3938133, 41.0797311 ], [ 29.3944793, 41.0813926 ], [ 29.3996307, 41.0824481 ], [ 29.3994327, 41.085906 ], [ 29.3934588, 41.0869259 ], [ 29.3920725, 41.0884931 ], [ 29.3902573, 41.0887419 ], [ 29.3901583, 41.0896374 ], [ 29.3933928, 41.0921 ], [ 29.3934588, 41.0931696 ], [ 29.3979805, 41.0933437 ], [ 29.4003898, 41.0942641 ], [ 29.4020295, 41.0963763 ], [ 29.4019873, 41.0985253 ], [ 29.4013733, 41.0999943 ], [ 29.3983963, 41.100117 ], [ 29.3915946, 41.1029344 ], [ 29.3891866, 41.1061814 ], [ 29.3860052, 41.1073088 ], [ 29.3845184, 41.1088553 ], [ 29.3824694, 41.1089508 ], [ 29.3824483, 41.1123407 ], [ 29.3804627, 41.1174491 ], [ 29.3801036, 41.1210614 ], [ 29.3783081, 41.122939 ], [ 29.3728161, 41.125835 ], [ 29.3669016, 41.1226844 ], [ 29.3617475, 41.1253735 ], [ 29.3591084, 41.1253552 ], [ 29.3647893, 41.1324697 ], [ 29.3654018, 41.1343311 ], [ 29.365085, 41.1377834 ], [ 29.3636697, 41.1413468 ], [ 29.3604379, 41.1416331 ], [ 29.3571426, 41.1432557 ], [ 29.3537418, 41.1427944 ], [ 29.3566146, 41.1469619 ], [ 29.3561499, 41.1485685 ], [ 29.3568258, 41.1497455 ], [ 29.3547135, 41.150843 ], [ 29.3538685, 41.1522585 ], [ 29.3507846, 41.1534673 ], [ 29.3454193, 41.1517337 ], [ 29.3462853, 41.1541671 ], [ 29.3450813, 41.1558211 ], [ 29.3435604, 41.155853 ], [ 29.3434548, 41.1585248 ], [ 29.3407933, 41.1613715 ], [ 29.3388077, 41.1593677 ], [ 29.3322806, 41.1591132 ], [ 29.3292811, 41.1578409 ], [ 29.3297458, 41.1612124 ], [ 29.3281827, 41.1636455 ], [ 29.326007, 41.1642021 ], [ 29.3268519, 41.1674779 ], [ 29.3260493, 41.1694178 ], [ 29.3240214, 41.1681457 ], [ 29.3227118, 41.1729318 ], [ 29.3227118, 41.1764138 ], [ 29.3243594, 41.1789258 ], [ 29.3242115, 41.1800069 ], [ 29.3210642, 41.183425 ], [ 29.3233032, 41.1894816 ], [ 29.321888, 41.19034 ], [ 29.3227963, 41.1944092 ] ] ], [ [ [ 29.7267933, 41.1578134 ], [ 29.727339, 41.1574158 ], [ 29.7269254, 41.1573429 ], [ 29.7267933, 41.1578134 ] ] ], [ [ [ 29.6105586, 41.1811821 ], [ 29.6112937, 41.1813923 ], [ 29.6114729, 41.180869 ], [ 29.6105586, 41.1811821 ] ] ], [ [ [ 29.6099326, 41.1814278 ], [ 29.6084735, 41.1811976 ], [ 29.6087605, 41.1825239 ], [ 29.6099326, 41.1814278 ] ] ], [ [ [ 29.6048672, 41.1832988 ], [ 29.6057242, 41.1835838 ], [ 29.6059334, 41.1828853 ], [ 29.6055686, 41.1827117 ], [ 29.6048672, 41.1832988 ] ] ], [ [ [ 29.6118671, 41.1831805 ], [ 29.6124588, 41.1831354 ], [ 29.6122791, 41.1829832 ], [ 29.6118671, 41.1831805 ] ] ], [ [ [ 29.7811065, 41.1571425 ], [ 29.7813793, 41.1573147 ], [ 29.7813001, 41.1571822 ], [ 29.7811065, 41.1571425 ] ] ], [ [ [ 29.7281928, 41.1571574 ], [ 29.7288617, 41.1578399 ], [ 29.7291169, 41.1579194 ], [ 29.7290729, 41.1575284 ], [ 29.7284392, 41.1570845 ], [ 29.7281928, 41.1571574 ] ] ], [ [ [ 29.7475143, 41.1602295 ], [ 29.7473338, 41.1599812 ], [ 29.747172, 41.1600327 ], [ 29.7475143, 41.1602295 ] ] ], [ [ [ 29.747701, 41.1602764 ], [ 29.7477757, 41.1601077 ], [ 29.7476637, 41.1601733 ], [ 29.747701, 41.1602764 ] ] ], [ [ [ 29.7480495, 41.1603701 ], [ 29.748286, 41.1604122 ], [ 29.7481118, 41.1602342 ], [ 29.7480495, 41.1603701 ] ] ], [ [ [ 29.7544201, 41.1607672 ], [ 29.7548514, 41.1613504 ], [ 29.7550803, 41.1613835 ], [ 29.7544201, 41.1607672 ] ] ] ] } },
{ "type": "Feature", "properties": { "ilce": "Silivri" }, "geometry": { "type": "Polygon", "coordinates": [ [ [ 27.9757021, 41.0649176 ], [ 27.9757529, 41.0661404 ], [ 27.9799765, 41.0676367 ], [ 27.9839896, 41.0716475 ], [ 27.9810834, 41.072064 ], [ 27.9819775, 41.0749845 ], [ 27.9810104, 41.076032 ], [ 27.9759765, 41.0751618 ], [ 27.9753971, 41.0756632 ], [ 27.9746651, 41.0779069 ], [ 27.9750011, 41.0796342 ], [ 27.9784407, 41.0822078 ], [ 27.9789505, 41.0835969 ], [ 27.9788097, 41.0845467 ], [ 27.9747685, 41.0876566 ], [ 27.9751854, 41.0902676 ], [ 27.9769957, 41.092217 ], [ 27.9767218, 41.0944267 ], [ 27.9782617, 41.0970278 ], [ 27.9779506, 41.0989925 ], [ 27.9774356, 41.0994534 ], [ 27.9765022, 41.0985236 ], [ 27.9708481, 41.0998253 ], [ 27.973423, 41.1025417 ], [ 27.9756868, 41.1065596 ], [ 27.9756868, 41.1075135 ], [ 27.972873, 41.1088861 ], [ 27.9773618, 41.1114299 ], [ 27.9724038, 41.1117251 ], [ 27.974925, 41.1160658 ], [ 27.9756439, 41.1195252 ], [ 27.9758237, 41.1233733 ], [ 27.9733564, 41.1229912 ], [ 27.97839, 41.1342688 ], [ 27.9788196, 41.1384758 ], [ 27.9807079, 41.1437923 ], [ 27.978605, 41.1513704 ], [ 27.9799676, 41.1557407 ], [ 27.9824637, 41.1597397 ], [ 27.9850101, 41.1621463 ], [ 27.9921555, 41.1615768 ], [ 28.0136239, 41.1623401 ], [ 28.0126462, 41.164951 ], [ 28.0129557, 41.1669367 ], [ 28.0167889, 41.1670086 ], [ 28.0170035, 41.168107 ], [ 28.0161238, 41.1693346 ], [ 28.0169606, 41.171499 ], [ 28.0203509, 41.1722904 ], [ 28.0231833, 41.1790739 ], [ 28.02334, 41.1812963 ], [ 28.0207632, 41.1840943 ], [ 28.0183983, 41.1970466 ], [ 28.0162198, 41.200823 ], [ 28.0113119, 41.2050988 ], [ 28.0066556, 41.2134487 ], [ 27.9983085, 41.2224189 ], [ 27.9974718, 41.2304 ], [ 28.0003812, 41.240615 ], [ 28.0039147, 41.2440889 ], [ 28.0155317, 41.2522807 ], [ 28.0234011, 41.253457 ], [ 28.0301426, 41.2561208 ], [ 28.0458562, 41.2653249 ], [ 28.0511627, 41.2671077 ], [ 28.0561073, 41.2668975 ], [ 28.0562111, 41.2677203 ], [ 28.0578519, 41.2680061 ], [ 28.0572522, 41.2683419 ], [ 28.0589012, 41.2720031 ], [ 28.063118, 41.277723 ], [ 28.0653756, 41.2776846 ], [ 28.0675243, 41.2790025 ], [ 28.0718148, 41.2825662 ], [ 28.0721357, 41.2849863 ], [ 28.0767309, 41.2879246 ], [ 28.0765162, 41.2894362 ], [ 28.0754173, 41.2903821 ], [ 28.076331, 41.2919015 ], [ 28.0757018, 41.294262 ], [ 28.076262, 41.29581 ], [ 28.0750917, 41.2967023 ], [ 28.0770884, 41.2998688 ], [ 28.0788167, 41.2970434 ], [ 28.0821894, 41.2991218 ], [ 28.086573, 41.2976712 ], [ 28.086148, 41.2972333 ], [ 28.0884871, 41.2955606 ], [ 28.0892408, 41.296407 ], [ 28.0911854, 41.2958146 ], [ 28.0935067, 41.2970874 ], [ 28.0929481, 41.2984193 ], [ 28.094126, 41.2999154 ], [ 28.104059, 41.2968593 ], [ 28.1048968, 41.2981091 ], [ 28.1071797, 41.2989667 ], [ 28.1099726, 41.2970965 ], [ 28.1111262, 41.2982733 ], [ 28.1166755, 41.2981365 ], [ 28.1168213, 41.3000796 ], [ 28.119347, 41.3028164 ], [ 28.1214963, 41.3032907 ], [ 28.1237913, 41.3062827 ], [ 28.1250664, 41.3063831 ], [ 28.1248235, 41.3070124 ], [ 28.1266328, 41.3091104 ], [ 28.1284057, 41.3095208 ], [ 28.132765, 41.313753 ], [ 28.1345743, 41.3176656 ], [ 28.1361286, 41.3182402 ], [ 28.1356186, 41.3178754 ], [ 28.1381687, 41.3176565 ], [ 28.1390595, 41.318415 ], [ 28.1382051, 41.3193893 ], [ 28.1385572, 41.3204746 ], [ 28.1330686, 41.3211221 ], [ 28.131065, 41.3232834 ], [ 28.1307857, 41.325244 ], [ 28.1287457, 41.3280162 ], [ 28.1291464, 41.3289463 ], [ 28.1278835, 41.3335966 ], [ 28.1249814, 41.3333413 ], [ 28.1241313, 41.3345175 ], [ 28.13183, 41.3425588 ], [ 28.1358676, 41.3492911 ], [ 28.1348172, 41.3506722 ], [ 28.1361044, 41.3519483 ], [ 28.1362986, 41.3542089 ], [ 28.1343558, 41.3564056 ], [ 28.1337729, 41.3604979 ], [ 28.1323157, 41.3617921 ], [ 28.1323678, 41.3637851 ], [ 28.1359101, 41.3607532 ], [ 28.1439487, 41.3578183 ], [ 28.153558, 41.3590605 ], [ 28.1598382, 41.3586127 ], [ 28.1753338, 41.3549068 ], [ 28.2049434, 41.3452118 ], [ 28.2071668, 41.3421129 ], [ 28.2086883, 41.3415265 ], [ 28.2097077, 41.3378649 ], [ 28.211369, 41.3354842 ], [ 28.2132114, 41.3410511 ], [ 28.2188652, 41.346268 ], [ 28.2206368, 41.3459752 ], [ 28.2253897, 41.3430835 ], [ 28.2331979, 41.342454 ], [ 28.2404915, 41.3443846 ], [ 28.2417948, 41.345352 ], [ 28.2457555, 41.3447965 ], [ 28.2477619, 41.3436744 ], [ 28.2523298, 41.3462571 ], [ 28.2630611, 41.3471919 ], [ 28.2666421, 41.3534574 ], [ 28.2711135, 41.3558348 ], [ 28.2725247, 41.3556688 ], [ 28.2727846, 41.3539109 ], [ 28.2790527, 41.3496117 ], [ 28.2814018, 41.3463649 ], [ 28.2797688, 41.3425617 ], [ 28.2766963, 41.3393596 ], [ 28.2765002, 41.3372825 ], [ 28.2748916, 41.3354944 ], [ 28.2754659, 41.3346737 ], [ 28.2750454, 41.3334036 ], [ 28.2742143, 41.3338751 ], [ 28.2653369, 41.3244169 ], [ 28.2654081, 41.3233083 ], [ 28.2671908, 41.3179098 ], [ 28.2748389, 41.3126129 ], [ 28.2797313, 41.2975657 ], [ 28.2932925, 41.2732427 ], [ 28.2965219, 41.2755851 ], [ 28.3008146, 41.2762532 ], [ 28.3026252, 41.2755445 ], [ 28.3020594, 41.2742971 ], [ 28.3029018, 41.2736073 ], [ 28.3029144, 41.2717362 ], [ 28.3022605, 41.2701486 ], [ 28.303543, 41.268646 ], [ 28.306196, 41.2678616 ], [ 28.3059697, 41.2650641 ], [ 28.3076168, 41.2594783 ], [ 28.3110368, 41.2576068 ], [ 28.3126839, 41.2557069 ], [ 28.3138784, 41.2556502 ], [ 28.3179396, 41.2517462 ], [ 28.3188449, 41.2488157 ], [ 28.3167452, 41.2472654 ], [ 28.3152363, 41.2474166 ], [ 28.3171741, 41.2463085 ], [ 28.317392, 41.2451594 ], [ 28.3198599, 41.2437337 ], [ 28.3241849, 41.2429128 ], [ 28.3290699, 41.2392102 ], [ 28.3328997, 41.2406208 ], [ 28.3334598, 41.2394845 ], [ 28.3344498, 41.2393278 ], [ 28.339439, 41.241806 ], [ 28.3417186, 41.2411889 ], [ 28.3431833, 41.2418689 ], [ 28.3445442, 41.2410816 ], [ 28.3440989, 41.2395568 ], [ 28.3470487, 41.2388171 ], [ 28.3463765, 41.2351028 ], [ 28.3479774, 41.2330479 ], [ 28.3496472, 41.2260735 ], [ 28.3521026, 41.221975 ], [ 28.357864, 41.2183758 ], [ 28.3585595, 41.2163325 ], [ 28.3602718, 41.2155826 ], [ 28.3610666, 41.2142437 ], [ 28.3673215, 41.2122017 ], [ 28.3670065, 41.209423 ], [ 28.3684995, 41.2078149 ], [ 28.3698152, 41.2091963 ], [ 28.3739919, 41.2084839 ], [ 28.3738084, 41.2055918 ], [ 28.3755076, 41.2053491 ], [ 28.3767078, 41.2023029 ], [ 28.3774655, 41.2018057 ], [ 28.3784807, 41.2023922 ], [ 28.3782073, 41.201293 ], [ 28.3730024, 41.1976077 ], [ 28.3730865, 41.1963247 ], [ 28.3747093, 41.1956932 ], [ 28.3741558, 41.1946126 ], [ 28.369478, 41.1943744 ], [ 28.3672786, 41.1929132 ], [ 28.3684723, 41.1891035 ], [ 28.371554, 41.1890742 ], [ 28.3732974, 41.1877137 ], [ 28.3746761, 41.1850694 ], [ 28.372075, 41.1842628 ], [ 28.3723094, 41.182984 ], [ 28.3693278, 41.177689 ], [ 28.3650465, 41.1742914 ], [ 28.3698059, 41.1725173 ], [ 28.3706099, 41.1698191 ], [ 28.3707601, 41.1670449 ], [ 28.370166, 41.1663886 ], [ 28.3708161, 41.1626778 ], [ 28.374138, 41.1631084 ], [ 28.3762028, 41.1624479 ], [ 28.3777165, 41.1637714 ], [ 28.3790452, 41.1622405 ], [ 28.3839812, 41.1604263 ], [ 28.3812636, 41.1551147 ], [ 28.3829215, 41.1513413 ], [ 28.3853902, 41.1493957 ], [ 28.3819853, 41.1444403 ], [ 28.3825388, 41.1420665 ], [ 28.3857959, 41.1376223 ], [ 28.3887381, 41.1299382 ], [ 28.380524, 41.1286913 ], [ 28.3834255, 41.1276637 ], [ 28.3872101, 41.1246047 ], [ 28.3880013, 41.1201435 ], [ 28.3876377, 41.1125976 ], [ 28.3901042, 41.1072185 ], [ 28.3916869, 41.0985364 ], [ 28.3954521, 41.0948286 ], [ 28.3909839, 41.0870944 ], [ 28.3910644, 41.0834837 ], [ 28.3896549, 41.0811925 ], [ 28.391845, 41.0782764 ], [ 28.3926612, 41.078739 ], [ 28.3941677, 41.0761401 ], [ 28.393086, 41.0751256 ], [ 28.393752, 41.0744217 ], [ 28.3921979, 41.0709885 ], [ 28.3930278, 41.0683069 ], [ 28.3924408, 41.066425 ], [ 28.3943858, 41.0662524 ], [ 28.3933818, 41.064861 ], [ 28.3936286, 41.0607758 ], [ 28.3926498, 41.0592594 ], [ 28.3937073, 41.0565056 ], [ 28.3931082, 41.0564962 ], [ 28.3923404, 41.0509986 ], [ 28.3909885, 41.0480917 ], [ 28.38286, 41.050845 ], [ 28.3711731, 41.0530679 ], [ 28.3655132, 41.0522966 ], [ 28.3657589, 41.0516394 ], [ 28.3675624, 41.051499 ], [ 28.3659562, 41.0514183 ], [ 28.3648338, 41.0523797 ], [ 28.35918, 41.053694 ], [ 28.352207, 41.054172 ], [ 28.3514628, 41.0560308 ], [ 28.34062, 41.058276 ], [ 28.3384807, 41.0582486 ], [ 28.3359754, 41.0567608 ], [ 28.323656, 41.057959 ], [ 28.313134, 41.057566 ], [ 28.311798, 41.058608 ], [ 28.3061993, 41.0598738 ], [ 28.2790527, 41.0637103 ], [ 28.277285, 41.062846 ], [ 28.265082, 41.063238 ], [ 28.259981, 41.062523 ], [ 28.2541446, 41.0649901 ], [ 28.249351, 41.0684399 ], [ 28.2442995, 41.0696051 ], [ 28.2412517, 41.0713 ], [ 28.2402238, 41.0708195 ], [ 28.240387, 41.0701096 ], [ 28.2382234, 41.0729202 ], [ 28.2403053, 41.0709226 ], [ 28.2413692, 41.071488 ], [ 28.2423686, 41.0710891 ], [ 28.2430234, 41.0723072 ], [ 28.2406576, 41.0720577 ], [ 28.2430434, 41.0727666 ], [ 28.2422011, 41.0742423 ], [ 28.2399412, 41.0734851 ], [ 28.2423687, 41.0747695 ], [ 28.2408727, 41.0756187 ], [ 28.236213, 41.0774505 ], [ 28.2253736, 41.0778691 ], [ 28.2190608, 41.076825 ], [ 28.2142237, 41.0727283 ], [ 28.2137937, 41.0712476 ], [ 28.2114892, 41.0704116 ], [ 28.2063897, 41.0703954 ], [ 28.199437, 41.071898 ], [ 28.1848857, 41.0732835 ], [ 28.1667402, 41.072715 ], [ 28.1574554, 41.0708353 ], [ 28.1549556, 41.0693832 ], [ 28.1520535, 41.0701053 ], [ 28.1429747, 41.0690315 ], [ 28.1318778, 41.0664493 ], [ 28.1255259, 41.0635366 ], [ 28.1228512, 41.05965 ], [ 28.11727, 41.0614265 ], [ 28.0750236, 41.0567324 ], [ 28.0646209, 41.0531451 ], [ 28.0541231, 41.047001 ], [ 28.0449956, 41.0427353 ], [ 28.0378991, 41.0410772 ], [ 28.037485, 41.041636 ], [ 28.0305553, 41.0411826 ], [ 28.0245237, 41.0392336 ], [ 28.0169493, 41.0352017 ], [ 28.0134334, 41.0342521 ], [ 28.0132167, 41.0353853 ], [ 28.0075828, 41.0320583 ], [ 28.0057943, 41.0334206 ], [ 28.0064131, 41.0369205 ], [ 28.0053767, 41.0401005 ], [ 27.9961626, 41.039105 ], [ 27.9953149, 41.0381139 ], [ 27.9943246, 41.0411451 ], [ 27.9922982, 41.042841 ], [ 27.9859367, 41.0440022 ], [ 27.9816959, 41.0401358 ], [ 27.9806113, 41.0411918 ], [ 27.9803968, 41.0436561 ], [ 27.9765689, 41.0438713 ], [ 27.9768929, 41.0420891 ], [ 27.9741871, 41.0420719 ], [ 27.9739172, 41.043426 ], [ 27.9765272, 41.048056 ], [ 27.9781295, 41.049336 ], [ 27.9773923, 41.0516837 ], [ 27.9787849, 41.0575998 ], [ 27.9772923, 41.0609139 ], [ 27.9775137, 41.0624535 ], [ 27.9757021, 41.0649176 ] ] ] } },
{ "type": "Feature", "properties": { "ilce": "Silivri" }, "geometry": { "type": "Polygon", "coordinates": [ [ [ 27.9757021, 41.0649176 ], [ 27.9757529, 41.0661404 ], [ 27.9799765, 41.0676367 ], [ 27.9839896, 41.0716475 ], [ 27.9810834, 41.072064 ], [ 27.9819775, 41.0749845 ], [ 27.9810104, 41.076032 ], [ 27.9759765, 41.0751618 ], [ 27.9753971, 41.0756632 ], [ 27.9746651, 41.0779069 ], [ 27.9750011, 41.0796342 ], [ 27.9784407, 41.0822078 ], [ 27.9789505, 41.0835969 ], [ 27.9788097, 41.0845467 ], [ 27.9747685, 41.0876566 ], [ 27.9751854, 41.0902676 ], [ 27.9769957, 41.092217 ], [ 27.9767218, 41.0944267 ], [ 27.9782617, 41.0970278 ], [ 27.9779506, 41.0989925 ], [ 27.9774356, 41.0994534 ], [ 27.9765022, 41.0985236 ], [ 27.9708481, 41.0998253 ], [ 27.973423, 41.1025417 ], [ 27.9756868, 41.1065596 ], [ 27.9756868, 41.1075135 ], [ 27.972873, 41.1088861 ], [ 27.9773618, 41.1114299 ], [ 27.9724038, 41.1117251 ], [ 27.974925, 41.1160658 ], [ 27.9756439, 41.1195252 ], [ 27.9758237, 41.1233733 ], [ 27.9733564, 41.1229912 ], [ 27.97839, 41.1342688 ], [ 27.9788196, 41.1384758 ], [ 27.9807079, 41.1437923 ], [ 27.978605, 41.1513704 ], [ 27.9799676, 41.1557407 ], [ 27.9824637, 41.1597397 ], [ 27.9850101, 41.1621463 ], [ 27.9921555, 41.1615768 ], [ 28.0136239, 41.1623401 ], [ 28.0126462, 41.164951 ], [ 28.0129557, 41.1669367 ], [ 28.0167889, 41.1670086 ], [ 28.0170035, 41.168107 ], [ 28.0161238, 41.1693346 ], [ 28.0169606, 41.171499 ], [ 28.0203509, 41.1722904 ], [ 28.0231833, 41.1790739 ], [ 28.02334, 41.1812963 ], [ 28.0207632, 41.1840943 ], [ 28.0183983, 41.1970466 ], [ 28.0162198, 41.200823 ], [ 28.0113119, 41.2050988 ], [ 28.0066556, 41.2134487 ], [ 27.9983085, 41.2224189 ], [ 27.9974718, 41.2304 ], [ 28.0003812, 41.240615 ], [ 28.0039147, 41.2440889 ], [ 28.0155317, 41.2522807 ], [ 28.0234011, 41.253457 ], [ 28.0301426, 41.2561208 ], [ 28.0458562, 41.2653249 ], [ 28.0511627, 41.2671077 ], [ 28.0561073, 41.2668975 ], [ 28.0562111, 41.2677203 ], [ 28.0578519, 41.2680061 ], [ 28.0572522, 41.2683419 ], [ 28.0589012, 41.2720031 ], [ 28.063118, 41.277723 ], [ 28.0653756, 41.2776846 ], [ 28.0675243, 41.2790025 ], [ 28.0718148, 41.2825662 ], [ 28.0721357, 41.2849863 ], [ 28.0767309, 41.2879246 ], [ 28.0765162, 41.2894362 ], [ 28.0754173, 41.2903821 ], [ 28.076331, 41.2919015 ], [ 28.0757018, 41.294262 ], [ 28.076262, 41.29581 ], [ 28.0750917, 41.2967023 ], [ 28.0770884, 41.2998688 ], [ 28.0788167, 41.2970434 ], [ 28.0821894, 41.2991218 ], [ 28.086573, 41.2976712 ], [ 28.086148, 41.2972333 ], [ 28.0884871, 41.2955606 ], [ 28.0892408, 41.296407 ], [ 28.0911854, 41.2958146 ], [ 28.0935067, 41.2970874 ], [ 28.0929481, 41.2984193 ], [ 28.094126, 41.2999154 ], [ 28.104059, 41.2968593 ], [ 28.1048968, 41.2981091 ], [ 28.1071797, 41.2989667 ], [ 28.1099726, 41.2970965 ], [ 28.1111262, 41.2982733 ], [ 28.1166755, 41.2981365 ], [ 28.1168213, 41.3000796 ], [ 28.119347, 41.3028164 ], [ 28.1214963, 41.3032907 ], [ 28.1237913, 41.3062827 ], [ 28.1250664, 41.3063831 ], [ 28.1248235, 41.3070124 ], [ 28.1266328, 41.3091104 ], [ 28.1284057, 41.3095208 ], [ 28.132765, 41.313753 ], [ 28.1345743, 41.3176656 ], [ 28.1361286, 41.3182402 ], [ 28.1356186, 41.3178754 ], [ 28.1381687, 41.3176565 ], [ 28.1390595, 41.318415 ], [ 28.1382051, 41.3193893 ], [ 28.1385572, 41.3204746 ], [ 28.1330686, 41.3211221 ], [ 28.131065, 41.3232834 ], [ 28.1307857, 41.325244 ], [ 28.1287457, 41.3280162 ], [ 28.1291464, 41.3289463 ], [ 28.1278835, 41.3335966 ], [ 28.1249814, 41.3333413 ], [ 28.1241313, 41.3345175 ], [ 28.13183, 41.3425588 ], [ 28.1358676, 41.3492911 ], [ 28.1348172, 41.3506722 ], [ 28.1361044, 41.3519483 ], [ 28.1362986, 41.3542089 ], [ 28.1343558, 41.3564056 ], [ 28.1337729, 41.3604979 ], [ 28.1323157, 41.3617921 ], [ 28.1323678, 41.3637851 ], [ 28.1359101, 41.3607532 ], [ 28.1439487, 41.3578183 ], [ 28.153558, 41.3590605 ], [ 28.1598382, 41.3586127 ], [ 28.1753338, 41.3549068 ], [ 28.2049434, 41.3452118 ], [ 28.2071668, 41.3421129 ], [ 28.2086883, 41.3415265 ], [ 28.2097077, 41.3378649 ], [ 28.211369, 41.3354842 ], [ 28.2132114, 41.3410511 ], [ 28.2188652, 41.346268 ], [ 28.2206368, 41.3459752 ], [ 28.2253897, 41.3430835 ], [ 28.2331979, 41.342454 ], [ 28.2404915, 41.3443846 ], [ 28.2417948, 41.345352 ], [ 28.2457555, 41.3447965 ], [ 28.2477619, 41.3436744 ], [ 28.2523298, 41.3462571 ], [ 28.2630611, 41.3471919 ], [ 28.2666421, 41.3534574 ], [ 28.2711135, 41.3558348 ], [ 28.2725247, 41.3556688 ], [ 28.2727846, 41.3539109 ], [ 28.2790527, 41.3496117 ], [ 28.2814018, 41.3463649 ], [ 28.2797688, 41.3425617 ], [ 28.2766963, 41.3393596 ], [ 28.2765002, 41.3372825 ], [ 28.2748916, 41.3354944 ], [ 28.2754659, 41.3346737 ], [ 28.2750454, 41.3334036 ], [ 28.2742143, 41.3338751 ], [ 28.2653369, 41.3244169 ], [ 28.2654081, 41.3233083 ], [ 28.2671908, 41.3179098 ], [ 28.2748389, 41.3126129 ], [ 28.2797313, 41.2975657 ], [ 28.2932925, 41.2732427 ], [ 28.2965219, 41.2755851 ], [ 28.3008146, 41.2762532 ], [ 28.3026252, 41.2755445 ], [ 28.3020594, 41.2742971 ], [ 28.3029018, 41.2736073 ], [ 28.3029144, 41.2717362 ], [ 28.3022605, 41.2701486 ], [ 28.303543, 41.268646 ], [ 28.306196, 41.2678616 ], [ 28.3059697, 41.2650641 ], [ 28.3076168, 41.2594783 ], [ 28.3110368, 41.2576068 ], [ 28.3126839, 41.2557069 ], [ 28.3138784, 41.2556502 ], [ 28.3179396, 41.2517462 ], [ 28.3188449, 41.2488157 ], [ 28.3167452, 41.2472654 ], [ 28.3152363, 41.2474166 ], [ 28.3171741, 41.2463085 ], [ 28.317392, 41.2451594 ], [ 28.3198599, 41.2437337 ], [ 28.3241849, 41.2429128 ], [ 28.3290699, 41.2392102 ], [ 28.3328997, 41.2406208 ], [ 28.3334598, 41.2394845 ], [ 28.3344498, 41.2393278 ], [ 28.339439, 41.241806 ], [ 28.3417186, 41.2411889 ], [ 28.3431833, 41.2418689 ], [ 28.3445442, 41.2410816 ], [ 28.3440989, 41.2395568 ], [ 28.3470487, 41.2388171 ], [ 28.3463765, 41.2351028 ], [ 28.3479774, 41.2330479 ], [ 28.3496472, 41.2260735 ], [ 28.3521026, 41.221975 ], [ 28.357864, 41.2183758 ], [ 28.3585595, 41.2163325 ], [ 28.3602718, 41.2155826 ], [ 28.3610666, 41.2142437 ], [ 28.3673215, 41.2122017 ], [ 28.3670065, 41.209423 ], [ 28.3684995, 41.2078149 ], [ 28.3698152, 41.2091963 ], [ 28.3739919, 41.2084839 ], [ 28.3738084, 41.2055918 ], [ 28.3755076, 41.2053491 ], [ 28.3767078, 41.2023029 ], [ 28.3774655, 41.2018057 ], [ 28.3784807, 41.2023922 ], [ 28.3782073, 41.201293 ], [ 28.3730024, 41.1976077 ], [ 28.3730865, 41.1963247 ], [ 28.3747093, 41.1956932 ], [ 28.3741558, 41.1946126 ], [ 28.369478, 41.1943744 ], [ 28.3672786, 41.1929132 ], [ 28.3684723, 41.1891035 ], [ 28.371554, 41.1890742 ], [ 28.3732974, 41.1877137 ], [ 28.3746761, 41.1850694 ], [ 28.372075, 41.1842628 ], [ 28.3723094, 41.182984 ], [ 28.3693278, 41.177689 ], [ 28.3650465, 41.1742914 ], [ 28.3698059, 41.1725173 ], [ 28.3706099, 41.1698191 ], [ 28.3707601, 41.1670449 ], [ 28.370166, 41.1663886 ], [ 28.3708161, 41.1626778 ], [ 28.374138, 41.1631084 ], [ 28.3762028, 41.1624479 ], [ 28.3777165, 41.1637714 ], [ 28.3790452, 41.1622405 ], [ 28.3839812, 41.1604263 ], [ 28.3812636, 41.1551147 ], [ 28.3829215, 41.1513413 ], [ 28.3853902, 41.1493957 ], [ 28.3819853, 41.1444403 ], [ 28.3825388, 41.1420665 ], [ 28.3857959, 41.1376223 ], [ 28.3887381, 41.1299382 ], [ 28.380524, 41.1286913 ], [ 28.3834255, 41.1276637 ], [ 28.3872101, 41.1246047 ], [ 28.3880013, 41.1201435 ], [ 28.3876377, 41.1125976 ], [ 28.3901042, 41.1072185 ], [ 28.3916869, 41.0985364 ], [ 28.3954521, 41.0948286 ], [ 28.3909839, 41.0870944 ], [ 28.3910644, 41.0834837 ], [ 28.3896549, 41.0811925 ], [ 28.391845, 41.0782764 ], [ 28.3926612, 41.078739 ], [ 28.3941677, 41.0761401 ], [ 28.393086, 41.0751256 ], [ 28.393752, 41.0744217 ], [ 28.3921979, 41.0709885 ], [ 28.3930278, 41.0683069 ], [ 28.3924408, 41.066425 ], [ 28.3943858, 41.0662524 ], [ 28.3933818, 41.064861 ], [ 28.3936286, 41.0607758 ], [ 28.3926498, 41.0592594 ], [ 28.3937073, 41.0565056 ], [ 28.3931082, 41.0564962 ], [ 28.3923404, 41.0509986 ], [ 28.3909885, 41.0480917 ], [ 28.38286, 41.050845 ], [ 28.3711731, 41.0530679 ], [ 28.3655132, 41.0522966 ], [ 28.3657589, 41.0516394 ], [ 28.3675624, 41.051499 ], [ 28.3659562, 41.0514183 ], [ 28.3648338, 41.0523797 ], [ 28.35918, 41.053694 ], [ 28.352207, 41.054172 ], [ 28.3514628, 41.0560308 ], [ 28.34062, 41.058276 ], [ 28.3384807, 41.0582486 ], [ 28.3359754, 41.0567608 ], [ 28.323656, 41.057959 ], [ 28.313134, 41.057566 ], [ 28.311798, 41.058608 ], [ 28.3061993, 41.0598738 ], [ 28.2790527, 41.0637103 ], [ 28.277285, 41.062846 ], [ 28.265082, 41.063238 ], [ 28.259981, 41.062523 ], [ 28.2541446, 41.0649901 ], [ 28.249351, 41.0684399 ], [ 28.2442995, 41.0696051 ], [ 28.2412517, 41.0713 ], [ 28.2402238, 41.0708195 ], [ 28.240387, 41.0701096 ], [ 28.2382234, 41.0729202 ], [ 28.2403053, 41.0709226 ], [ 28.2413692, 41.071488 ], [ 28.2423686, 41.0710891 ], [ 28.2430234, 41.0723072 ], [ 28.2406576, 41.0720577 ], [ 28.2430434, 41.0727666 ], [ 28.2422011, 41.0742423 ], [ 28.2399412, 41.0734851 ], [ 28.2423687, 41.0747695 ], [ 28.2408727, 41.0756187 ], [ 28.236213, 41.0774505 ], [ 28.2253736, 41.0778691 ], [ 28.2190608, 41.076825 ], [ 28.2142237, 41.0727283 ], [ 28.2137937, 41.0712476 ], [ 28.2114892, 41.0704116 ], [ 28.2063897, 41.0703954 ], [ 28.199437, 41.071898 ], [ 28.1848857, 41.0732835 ], [ 28.1667402, 41.072715 ], [ 28.1574554, 41.0708353 ], [ 28.1549556, 41.0693832 ], [ 28.1520535, 41.0701053 ], [ 28.1429747, 41.0690315 ], [ 28.1318778, 41.0664493 ], [ 28.1255259, 41.0635366 ], [ 28.1228512, 41.05965 ], [ 28.11727, 41.0614265 ], [ 28.0750236, 41.0567324 ], [ 28.0646209, 41.0531451 ], [ 28.0541231, 41.047001 ], [ 28.0449956, 41.0427353 ], [ 28.0378991, 41.0410772 ], [ 28.037485, 41.041636 ], [ 28.0305553, 41.0411826 ], [ 28.0245237, 41.0392336 ], [ 28.0169493, 41.0352017 ], [ 28.0134334, 41.0342521 ], [ 28.0132167, 41.0353853 ], [ 28.0075828, 41.0320583 ], [ 28.0057943, 41.0334206 ], [ 28.0064131, 41.0369205 ], [ 28.0053767, 41.0401005 ], [ 27.9961626, 41.039105 ], [ 27.9953149, 41.0381139 ], [ 27.9943246, 41.0411451 ], [ 27.9922982, 41.042841 ], [ 27.9859367, 41.0440022 ], [ 27.9816959, 41.0401358 ], [ 27.9806113, 41.0411918 ], [ 27.9803968, 41.0436561 ], [ 27.9765689, 41.0438713 ], [ 27.9768929, 41.0420891 ], [ 27.9741871, 41.0420719 ], [ 27.9739172, 41.043426 ], [ 27.9765272, 41.048056 ], [ 27.9781295, 41.049336 ], [ 27.9773923, 41.0516837 ], [ 27.9787849, 41.0575998 ], [ 27.9772923, 41.0609139 ], [ 27.9775137, 41.0624535 ], [ 27.9757021, 41.0649176 ] ] ] } },
{ "type": "Feature", "properties": { "ilce": "Büyükçekmece" }, "geometry": { "type": "Polygon", "coordinates": [ [ [ 28.3909885, 41.0480917 ], [ 28.3923404, 41.0509986 ], [ 28.3931082, 41.0564962 ], [ 28.3937073, 41.0565056 ], [ 28.3926498, 41.0592594 ], [ 28.3936286, 41.0607758 ], [ 28.3933818, 41.064861 ], [ 28.3943858, 41.0662524 ], [ 28.3924408, 41.066425 ], [ 28.3930278, 41.0683069 ], [ 28.3921979, 41.0709885 ], [ 28.393752, 41.0744217 ], [ 28.393086, 41.0751256 ], [ 28.3941677, 41.0761401 ], [ 28.3933792, 41.0777245 ], [ 28.3960211, 41.0827882 ], [ 28.3976671, 41.0841963 ], [ 28.399122, 41.0836505 ], [ 28.402019, 41.0857275 ], [ 28.4077748, 41.0832178 ], [ 28.4122017, 41.0824798 ], [ 28.4147176, 41.0808302 ], [ 28.4166366, 41.0778428 ], [ 28.4203679, 41.0770067 ], [ 28.4222324, 41.0756545 ], [ 28.4298234, 41.0772069 ], [ 28.4323329, 41.078963 ], [ 28.4367156, 41.0784292 ], [ 28.4406799, 41.0764113 ], [ 28.4439951, 41.076379 ], [ 28.4485542, 41.0738089 ], [ 28.4520404, 41.0704956 ], [ 28.455196, 41.0700095 ], [ 28.4572023, 41.0685334 ], [ 28.4594623, 41.069148 ], [ 28.4673226, 41.0677868 ], [ 28.4717989, 41.068232 ], [ 28.4758437, 41.0625596 ], [ 28.4816909, 41.0563142 ], [ 28.483032, 41.0565488 ], [ 28.4836972, 41.0557883 ], [ 28.4855085, 41.0570684 ], [ 28.4899528, 41.0566859 ], [ 28.5011202, 41.0588076 ], [ 28.5040712, 41.0606909 ], [ 28.5036742, 41.0614476 ], [ 28.5073103, 41.0651917 ], [ 28.5106645, 41.0670619 ], [ 28.5151595, 41.0675668 ], [ 28.5166413, 41.0706314 ], [ 28.5209906, 41.0689904 ], [ 28.5257861, 41.0718825 ], [ 28.5155901, 41.0855302 ], [ 28.5116416, 41.0963344 ], [ 28.5080856, 41.1026769 ], [ 28.5207646, 41.107293 ], [ 28.5219232, 41.1071258 ], [ 28.5229862, 41.1082249 ], [ 28.5246169, 41.1067051 ], [ 28.5374628, 41.1015737 ], [ 28.5465481, 41.093082 ], [ 28.5535132, 41.093384 ], [ 28.5593318, 41.1040858 ], [ 28.5624499, 41.1155572 ], [ 28.5662555, 41.1147159 ], [ 28.568367, 41.1177635 ], [ 28.5704613, 41.1177955 ], [ 28.5722767, 41.1192642 ], [ 28.5767705, 41.1239613 ], [ 28.5778664, 41.1263424 ], [ 28.5813028, 41.1281688 ], [ 28.5850096, 41.128096 ], [ 28.586536, 41.1269775 ], [ 28.5862434, 41.1280839 ], [ 28.5875416, 41.1282375 ], [ 28.5898054, 41.1261201 ], [ 28.5916722, 41.1296274 ], [ 28.5929275, 41.1290416 ], [ 28.5951079, 41.1243072 ], [ 28.5946387, 41.1225116 ], [ 28.5969776, 41.121671 ], [ 28.5974389, 41.1202324 ], [ 28.6007488, 41.1207456 ], [ 28.6002059, 41.1201921 ], [ 28.603404, 41.1189771 ], [ 28.6026746, 41.1145785 ], [ 28.6038011, 41.1126426 ], [ 28.6062606, 41.112499 ], [ 28.6077601, 41.1112118 ], [ 28.6073969, 41.1137489 ], [ 28.6084896, 41.1158829 ], [ 28.6108071, 41.1185391 ], [ 28.6127436, 41.1193918 ], [ 28.6157125, 41.1139977 ], [ 28.6201893, 41.1089573 ], [ 28.6216915, 41.1082087 ], [ 28.6216599, 41.1067305 ], [ 28.6252212, 41.0996555 ], [ 28.6279973, 41.0977835 ], [ 28.6311164, 41.0920828 ], [ 28.6334395, 41.0901955 ], [ 28.6328204, 41.0897319 ], [ 28.6340208, 41.088634 ], [ 28.6309601, 41.08571 ], [ 28.6292936, 41.0864671 ], [ 28.628515, 41.0855094 ], [ 28.6292885, 41.0839929 ], [ 28.6258752, 41.0799909 ], [ 28.6205441, 41.0682123 ], [ 28.6280848, 41.052893 ], [ 28.6276988, 41.0437759 ], [ 28.6233609, 41.0348983 ], [ 28.625819, 41.0295851 ], [ 28.6254869, 41.0250306 ], [ 28.6266226, 41.0222542 ], [ 28.6332242, 41.0185797 ], [ 28.6317723, 41.0164075 ], [ 28.6263988, 41.0166879 ], [ 28.6259346, 41.0097734 ], [ 28.620179, 41.0041171 ], [ 28.6176467, 40.9993991 ], [ 28.6147778, 40.9963249 ], [ 28.614032, 40.9927931 ], [ 28.6127072, 40.9916686 ], [ 28.609364, 40.9930647 ], [ 28.6048177, 40.9975549 ], [ 28.6026424, 40.9963666 ], [ 28.6017144, 40.9980185 ], [ 28.5971958, 40.9970129 ], [ 28.5975813, 41.0040657 ], [ 28.5998595, 41.0083547 ], [ 28.5989018, 41.0105456 ], [ 28.5958948, 41.0138486 ], [ 28.5868065, 41.0170785 ], [ 28.5833501, 41.0174829 ], [ 28.582616, 41.0167078 ], [ 28.5831565, 41.0162479 ], [ 28.5820091, 41.0157036 ], [ 28.5822501, 41.0172919 ], [ 28.5781021, 41.0179268 ], [ 28.5774464, 41.0169269 ], [ 28.5776287, 41.0180186 ], [ 28.5748874, 41.0182852 ], [ 28.5751141, 41.0167106 ], [ 28.5830754, 41.0151469 ], [ 28.5810061, 41.014762 ], [ 28.5745731, 41.0165591 ], [ 28.5727487, 41.0183112 ], [ 28.567502, 41.0181592 ], [ 28.5652461, 41.0166259 ], [ 28.5655814, 41.0162223 ], [ 28.5654129, 41.0154426 ], [ 28.5643851, 41.0168141 ], [ 28.5630485, 41.0162331 ], [ 28.5632677, 41.0154299 ], [ 28.5642829, 41.0153222 ], [ 28.5631831, 41.0153113 ], [ 28.5629224, 41.0137166 ], [ 28.564329, 41.0136101 ], [ 28.5662006, 41.0152677 ], [ 28.5653656, 41.0139892 ], [ 28.5643762, 41.0134425 ], [ 28.5617144, 41.0131822 ], [ 28.5571424, 41.0099637 ], [ 28.5536441, 41.0089579 ], [ 28.5520316, 41.0072684 ], [ 28.5509295, 41.0029444 ], [ 28.5469891, 40.999487 ], [ 28.5474107, 40.9986781 ], [ 28.5438432, 40.9882674 ], [ 28.5441673, 40.9860872 ], [ 28.5414947, 40.984499 ], [ 28.5376517, 40.9877045 ], [ 28.5337625, 40.9894848 ], [ 28.5174461, 40.9967456 ], [ 28.5144151, 40.9975556 ], [ 28.5119467, 40.9971027 ], [ 28.5110884, 40.9975148 ], [ 28.512988, 40.9976975 ], [ 28.5117842, 40.9983711 ], [ 28.5100268, 40.9980505 ], [ 28.5103991, 40.9985375 ], [ 28.5090371, 41.0005359 ], [ 28.5091476, 40.9995582 ], [ 28.508028, 41.0000752 ], [ 28.5091229, 40.9985983 ], [ 28.5075581, 40.9997776 ], [ 28.5101008, 40.9969375 ], [ 28.507387, 40.9995938 ], [ 28.5076439, 41.0002007 ], [ 28.5091465, 41.0009056 ], [ 28.5084201, 41.0021276 ], [ 28.4977283, 41.0073299 ], [ 28.4825701, 41.0129886 ], [ 28.4802392, 41.0161966 ], [ 28.475391, 41.01825 ], [ 28.4751357, 41.0194549 ], [ 28.4734476, 41.020875 ], [ 28.46577, 41.0246338 ], [ 28.450588, 41.031015 ], [ 28.4292414, 41.0386136 ], [ 28.397379, 41.047846 ], [ 28.393666, 41.048661 ], [ 28.3909885, 41.0480917 ] ] ] } },
{ "type": "Feature", "properties": { "ilce": "Büyükçekmece" }, "geometry": { "type": "Polygon", "coordinates": [ [ [ 28.3909885, 41.0480917 ], [ 28.3923404, 41.0509986 ], [ 28.3931082, 41.0564962 ], [ 28.3937073, 41.0565056 ], [ 28.3926498, 41.0592594 ], [ 28.3936286, 41.0607758 ], [ 28.3933818, 41.064861 ], [ 28.3943858, 41.0662524 ], [ 28.3924408, 41.066425 ], [ 28.3930278, 41.0683069 ], [ 28.3921979, 41.0709885 ], [ 28.393752, 41.0744217 ], [ 28.393086, 41.0751256 ], [ 28.3941677, 41.0761401 ], [ 28.3933792, 41.0777245 ], [ 28.3960211, 41.0827882 ], [ 28.3976671, 41.0841963 ], [ 28.399122, 41.0836505 ], [ 28.402019, 41.0857275 ], [ 28.4077748, 41.0832178 ], [ 28.4122017, 41.0824798 ], [ 28.4147176, 41.0808302 ], [ 28.4166366, 41.0778428 ], [ 28.4203679, 41.0770067 ], [ 28.4222324, 41.0756545 ], [ 28.4298234, 41.0772069 ], [ 28.4323329, 41.078963 ], [ 28.4367156, 41.0784292 ], [ 28.4406799, 41.0764113 ], [ 28.4439951, 41.076379 ], [ 28.4485542, 41.0738089 ], [ 28.4520404, 41.0704956 ], [ 28.455196, 41.0700095 ], [ 28.4572023, 41.0685334 ], [ 28.4594623, 41.069148 ], [ 28.4673226, 41.0677868 ], [ 28.4717989, 41.068232 ], [ 28.4758437, 41.0625596 ], [ 28.4816909, 41.0563142 ], [ 28.483032, 41.0565488 ], [ 28.4836972, 41.0557883 ], [ 28.4855085, 41.0570684 ], [ 28.4899528, 41.0566859 ], [ 28.5011202, 41.0588076 ], [ 28.5040712, 41.0606909 ], [ 28.5036742, 41.0614476 ], [ 28.5073103, 41.0651917 ], [ 28.5106645, 41.0670619 ], [ 28.5151595, 41.0675668 ], [ 28.5166413, 41.0706314 ], [ 28.5209906, 41.0689904 ], [ 28.5257861, 41.0718825 ], [ 28.5155901, 41.0855302 ], [ 28.5116416, 41.0963344 ], [ 28.5080856, 41.1026769 ], [ 28.5207646, 41.107293 ], [ 28.5219232, 41.1071258 ], [ 28.5229862, 41.1082249 ], [ 28.5246169, 41.1067051 ], [ 28.5374628, 41.1015737 ], [ 28.5465481, 41.093082 ], [ 28.5535132, 41.093384 ], [ 28.5593318, 41.1040858 ], [ 28.5624499, 41.1155572 ], [ 28.5662555, 41.1147159 ], [ 28.568367, 41.1177635 ], [ 28.5704613, 41.1177955 ], [ 28.5722767, 41.1192642 ], [ 28.5767705, 41.1239613 ], [ 28.5778664, 41.1263424 ], [ 28.5813028, 41.1281688 ], [ 28.5850096, 41.128096 ], [ 28.586536, 41.1269775 ], [ 28.5862434, 41.1280839 ], [ 28.5875416, 41.1282375 ], [ 28.5898054, 41.1261201 ], [ 28.5916722, 41.1296274 ], [ 28.5929275, 41.1290416 ], [ 28.5951079, 41.1243072 ], [ 28.5946387, 41.1225116 ], [ 28.5969776, 41.121671 ], [ 28.5974389, 41.1202324 ], [ 28.6007488, 41.1207456 ], [ 28.6002059, 41.1201921 ], [ 28.603404, 41.1189771 ], [ 28.6026746, 41.1145785 ], [ 28.6038011, 41.1126426 ], [ 28.6062606, 41.112499 ], [ 28.6077601, 41.1112118 ], [ 28.6073969, 41.1137489 ], [ 28.6084896, 41.1158829 ], [ 28.6108071, 41.1185391 ], [ 28.6127436, 41.1193918 ], [ 28.6157125, 41.1139977 ], [ 28.6201893, 41.1089573 ], [ 28.6216915, 41.1082087 ], [ 28.6216599, 41.1067305 ], [ 28.6252212, 41.0996555 ], [ 28.6279973, 41.0977835 ], [ 28.6311164, 41.0920828 ], [ 28.6334395, 41.0901955 ], [ 28.6328204, 41.0897319 ], [ 28.6340208, 41.088634 ], [ 28.6309601, 41.08571 ], [ 28.6292936, 41.0864671 ], [ 28.628515, 41.0855094 ], [ 28.6292885, 41.0839929 ], [ 28.6258752, 41.0799909 ], [ 28.6205441, 41.0682123 ], [ 28.6280848, 41.052893 ], [ 28.6276988, 41.0437759 ], [ 28.6233609, 41.0348983 ], [ 28.625819, 41.0295851 ], [ 28.6254869, 41.0250306 ], [ 28.6266226, 41.0222542 ], [ 28.6332242, 41.0185797 ], [ 28.6317723, 41.0164075 ], [ 28.6263988, 41.0166879 ], [ 28.6259346, 41.0097734 ], [ 28.620179, 41.0041171 ], [ 28.6176467, 40.9993991 ], [ 28.6147778, 40.9963249 ], [ 28.614032, 40.9927931 ], [ 28.6127072, 40.9916686 ], [ 28.609364, 40.9930647 ], [ 28.6048177, 40.9975549 ], [ 28.6026424, 40.9963666 ], [ 28.6017144, 40.9980185 ], [ 28.5971958, 40.9970129 ], [ 28.5975813, 41.0040657 ], [ 28.5998595, 41.0083547 ], [ 28.5989018, 41.0105456 ], [ 28.5958948, 41.0138486 ], [ 28.5868065, 41.0170785 ], [ 28.5833501, 41.0174829 ], [ 28.582616, 41.0167078 ], [ 28.5831565, 41.0162479 ], [ 28.5820091, 41.0157036 ], [ 28.5822501, 41.0172919 ], [ 28.5781021, 41.0179268 ], [ 28.5774464, 41.0169269 ], [ 28.5776287, 41.0180186 ], [ 28.5748874, 41.0182852 ], [ 28.5751141, 41.0167106 ], [ 28.5830754, 41.0151469 ], [ 28.5810061, 41.014762 ], [ 28.5745731, 41.0165591 ], [ 28.5727487, 41.0183112 ], [ 28.567502, 41.0181592 ], [ 28.5652461, 41.0166259 ], [ 28.5655814, 41.0162223 ], [ 28.5654129, 41.0154426 ], [ 28.5643851, 41.0168141 ], [ 28.5630485, 41.0162331 ], [ 28.5632677, 41.0154299 ], [ 28.5642829, 41.0153222 ], [ 28.5631831, 41.0153113 ], [ 28.5629224, 41.0137166 ], [ 28.564329, 41.0136101 ], [ 28.5662006, 41.0152677 ], [ 28.5653656, 41.0139892 ], [ 28.5643762, 41.0134425 ], [ 28.5617144, 41.0131822 ], [ 28.5571424, 41.0099637 ], [ 28.5536441, 41.0089579 ], [ 28.5520316, 41.0072684 ], [ 28.5509295, 41.0029444 ], [ 28.5469891, 40.999487 ], [ 28.5474107, 40.9986781 ], [ 28.5438432, 40.9882674 ], [ 28.5441673, 40.9860872 ], [ 28.5414947, 40.984499 ], [ 28.5376517, 40.9877045 ], [ 28.5337625, 40.9894848 ], [ 28.5174461, 40.9967456 ], [ 28.5144151, 40.9975556 ], [ 28.5119467, 40.9971027 ], [ 28.5110884, 40.9975148 ], [ 28.512988, 40.9976975 ], [ 28.5117842, 40.9983711 ], [ 28.5100268, 40.9980505 ], [ 28.5103991, 40.9985375 ], [ 28.5090371, 41.0005359 ], [ 28.5091476, 40.9995582 ], [ 28.508028, 41.0000752 ], [ 28.5091229, 40.9985983 ], [ 28.5075581, 40.9997776 ], [ 28.5101008, 40.9969375 ], [ 28.507387, 40.9995938 ], [ 28.5076439, 41.0002007 ], [ 28.5091465, 41.0009056 ], [ 28.5084201, 41.0021276 ], [ 28.4977283, 41.0073299 ], [ 28.4825701, 41.0129886 ], [ 28.4802392, 41.0161966 ], [ 28.475391, 41.01825 ], [ 28.4751357, 41.0194549 ], [ 28.4734476, 41.020875 ], [ 28.46577, 41.0246338 ], [ 28.450588, 41.031015 ], [ 28.4292414, 41.0386136 ], [ 28.397379, 41.047846 ], [ 28.393666, 41.048661 ], [ 28.3909885, 41.0480917 ] ] ] } },
{ "type": "Feature", "properties": { "ilce": "Büyükçekmece" }, "geometry": { "type": "Polygon", "coordinates": [ [ [ 28.3909885, 41.0480917 ], [ 28.3923404, 41.0509986 ], [ 28.3931082, 41.0564962 ], [ 28.3937073, 41.0565056 ], [ 28.3926498, 41.0592594 ], [ 28.3936286, 41.0607758 ], [ 28.3933818, 41.064861 ], [ 28.3943858, 41.0662524 ], [ 28.3924408, 41.066425 ], [ 28.3930278, 41.0683069 ], [ 28.3921979, 41.0709885 ], [ 28.393752, 41.0744217 ], [ 28.393086, 41.0751256 ], [ 28.3941677, 41.0761401 ], [ 28.3933792, 41.0777245 ], [ 28.3960211, 41.0827882 ], [ 28.3976671, 41.0841963 ], [ 28.399122, 41.0836505 ], [ 28.402019, 41.0857275 ], [ 28.4077748, 41.0832178 ], [ 28.4122017, 41.0824798 ], [ 28.4147176, 41.0808302 ], [ 28.4166366, 41.0778428 ], [ 28.4203679, 41.0770067 ], [ 28.4222324, 41.0756545 ], [ 28.4298234, 41.0772069 ], [ 28.4323329, 41.078963 ], [ 28.4367156, 41.0784292 ], [ 28.4406799, 41.0764113 ], [ 28.4439951, 41.076379 ], [ 28.4485542, 41.0738089 ], [ 28.4520404, 41.0704956 ], [ 28.455196, 41.0700095 ], [ 28.4572023, 41.0685334 ], [ 28.4594623, 41.069148 ], [ 28.4673226, 41.0677868 ], [ 28.4717989, 41.068232 ], [ 28.4758437, 41.0625596 ], [ 28.4816909, 41.0563142 ], [ 28.483032, 41.0565488 ], [ 28.4836972, 41.0557883 ], [ 28.4855085, 41.0570684 ], [ 28.4899528, 41.0566859 ], [ 28.5011202, 41.0588076 ], [ 28.5040712, 41.0606909 ], [ 28.5036742, 41.0614476 ], [ 28.5073103, 41.0651917 ], [ 28.5106645, 41.0670619 ], [ 28.5151595, 41.0675668 ], [ 28.5166413, 41.0706314 ], [ 28.5209906, 41.0689904 ], [ 28.5257861, 41.0718825 ], [ 28.5155901, 41.0855302 ], [ 28.5116416, 41.0963344 ], [ 28.5080856, 41.1026769 ], [ 28.5207646, 41.107293 ], [ 28.5219232, 41.1071258 ], [ 28.5229862, 41.1082249 ], [ 28.5246169, 41.1067051 ], [ 28.5374628, 41.1015737 ], [ 28.5465481, 41.093082 ], [ 28.5535132, 41.093384 ], [ 28.5593318, 41.1040858 ], [ 28.5624499, 41.1155572 ], [ 28.5662555, 41.1147159 ], [ 28.568367, 41.1177635 ], [ 28.5704613, 41.1177955 ], [ 28.5722767, 41.1192642 ], [ 28.5767705, 41.1239613 ], [ 28.5778664, 41.1263424 ], [ 28.5813028, 41.1281688 ], [ 28.5850096, 41.128096 ], [ 28.586536, 41.1269775 ], [ 28.5862434, 41.1280839 ], [ 28.5875416, 41.1282375 ], [ 28.5898054, 41.1261201 ], [ 28.5916722, 41.1296274 ], [ 28.5929275, 41.1290416 ], [ 28.5951079, 41.1243072 ], [ 28.5946387, 41.1225116 ], [ 28.5969776, 41.121671 ], [ 28.5974389, 41.1202324 ], [ 28.6007488, 41.1207456 ], [ 28.6002059, 41.1201921 ], [ 28.603404, 41.1189771 ], [ 28.6026746, 41.1145785 ], [ 28.6038011, 41.1126426 ], [ 28.6062606, 41.112499 ], [ 28.6077601, 41.1112118 ], [ 28.6073969, 41.1137489 ], [ 28.6084896, 41.1158829 ], [ 28.6108071, 41.1185391 ], [ 28.6127436, 41.1193918 ], [ 28.6157125, 41.1139977 ], [ 28.6201893, 41.1089573 ], [ 28.6216915, 41.1082087 ], [ 28.6216599, 41.1067305 ], [ 28.6252212, 41.0996555 ], [ 28.6279973, 41.0977835 ], [ 28.6311164, 41.0920828 ], [ 28.6334395, 41.0901955 ], [ 28.6328204, 41.0897319 ], [ 28.6340208, 41.088634 ], [ 28.6309601, 41.08571 ], [ 28.6292936, 41.0864671 ], [ 28.628515, 41.0855094 ], [ 28.6292885, 41.0839929 ], [ 28.6258752, 41.0799909 ], [ 28.6205441, 41.0682123 ], [ 28.6280848, 41.052893 ], [ 28.6276988, 41.0437759 ], [ 28.6233609, 41.0348983 ], [ 28.625819, 41.0295851 ], [ 28.6254869, 41.0250306 ], [ 28.6266226, 41.0222542 ], [ 28.6332242, 41.0185797 ], [ 28.6317723, 41.0164075 ], [ 28.6263988, 41.0166879 ], [ 28.6259346, 41.0097734 ], [ 28.620179, 41.0041171 ], [ 28.6176467, 40.9993991 ], [ 28.6147778, 40.9963249 ], [ 28.614032, 40.9927931 ], [ 28.6127072, 40.9916686 ], [ 28.609364, 40.9930647 ], [ 28.6048177, 40.9975549 ], [ 28.6026424, 40.9963666 ], [ 28.6017144, 40.9980185 ], [ 28.5971958, 40.9970129 ], [ 28.5975813, 41.0040657 ], [ 28.5998595, 41.0083547 ], [ 28.5989018, 41.0105456 ], [ 28.5958948, 41.0138486 ], [ 28.5868065, 41.0170785 ], [ 28.5833501, 41.0174829 ], [ 28.582616, 41.0167078 ], [ 28.5831565, 41.0162479 ], [ 28.5820091, 41.0157036 ], [ 28.5822501, 41.0172919 ], [ 28.5781021, 41.0179268 ], [ 28.5774464, 41.0169269 ], [ 28.5776287, 41.0180186 ], [ 28.5748874, 41.0182852 ], [ 28.5751141, 41.0167106 ], [ 28.5830754, 41.0151469 ], [ 28.5810061, 41.014762 ], [ 28.5745731, 41.0165591 ], [ 28.5727487, 41.0183112 ], [ 28.567502, 41.0181592 ], [ 28.5652461, 41.0166259 ], [ 28.5655814, 41.0162223 ], [ 28.5654129, 41.0154426 ], [ 28.5643851, 41.0168141 ], [ 28.5630485, 41.0162331 ], [ 28.5632677, 41.0154299 ], [ 28.5642829, 41.0153222 ], [ 28.5631831, 41.0153113 ], [ 28.5629224, 41.0137166 ], [ 28.564329, 41.0136101 ], [ 28.5662006, 41.0152677 ], [ 28.5653656, 41.0139892 ], [ 28.5643762, 41.0134425 ], [ 28.5617144, 41.0131822 ], [ 28.5571424, 41.0099637 ], [ 28.5536441, 41.0089579 ], [ 28.5520316, 41.0072684 ], [ 28.5509295, 41.0029444 ], [ 28.5469891, 40.999487 ], [ 28.5474107, 40.9986781 ], [ 28.5438432, 40.9882674 ], [ 28.5441673, 40.9860872 ], [ 28.5414947, 40.984499 ], [ 28.5376517, 40.9877045 ], [ 28.5337625, 40.9894848 ], [ 28.5174461, 40.9967456 ], [ 28.5144151, 40.9975556 ], [ 28.5119467, 40.9971027 ], [ 28.5110884, 40.9975148 ], [ 28.512988, 40.9976975 ], [ 28.5117842, 40.9983711 ], [ 28.5100268, 40.9980505 ], [ 28.5103991, 40.9985375 ], [ 28.5090371, 41.0005359 ], [ 28.5091476, 40.9995582 ], [ 28.508028, 41.0000752 ], [ 28.5091229, 40.9985983 ], [ 28.5075581, 40.9997776 ], [ 28.5101008, 40.9969375 ], [ 28.507387, 40.9995938 ], [ 28.5076439, 41.0002007 ], [ 28.5091465, 41.0009056 ], [ 28.5084201, 41.0021276 ], [ 28.4977283, 41.0073299 ], [ 28.4825701, 41.0129886 ], [ 28.4802392, 41.0161966 ], [ 28.475391, 41.01825 ], [ 28.4751357, 41.0194549 ], [ 28.4734476, 41.020875 ], [ 28.46577, 41.0246338 ], [ 28.450588, 41.031015 ], [ 28.4292414, 41.0386136 ], [ 28.397379, 41.047846 ], [ 28.393666, 41.048661 ], [ 28.3909885, 41.0480917 ] ] ] } },
{ "type": "Feature", "properties": { "ilce": "Büyükçekmece" }, "geometry": { "type": "Polygon", "coordinates": [ [ [ 28.3909885, 41.0480917 ], [ 28.3923404, 41.0509986 ], [ 28.3931082, 41.0564962 ], [ 28.3937073, 41.0565056 ], [ 28.3926498, 41.0592594 ], [ 28.3936286, 41.0607758 ], [ 28.3933818, 41.064861 ], [ 28.3943858, 41.0662524 ], [ 28.3924408, 41.066425 ], [ 28.3930278, 41.0683069 ], [ 28.3921979, 41.0709885 ], [ 28.393752, 41.0744217 ], [ 28.393086, 41.0751256 ], [ 28.3941677, 41.0761401 ], [ 28.3933792, 41.0777245 ], [ 28.3960211, 41.0827882 ], [ 28.3976671, 41.0841963 ], [ 28.399122, 41.0836505 ], [ 28.402019, 41.0857275 ], [ 28.4077748, 41.0832178 ], [ 28.4122017, 41.0824798 ], [ 28.4147176, 41.0808302 ], [ 28.4166366, 41.0778428 ], [ 28.4203679, 41.0770067 ], [ 28.4222324, 41.0756545 ], [ 28.4298234, 41.0772069 ], [ 28.4323329, 41.078963 ], [ 28.4367156, 41.0784292 ], [ 28.4406799, 41.0764113 ], [ 28.4439951, 41.076379 ], [ 28.4485542, 41.0738089 ], [ 28.4520404, 41.0704956 ], [ 28.455196, 41.0700095 ], [ 28.4572023, 41.0685334 ], [ 28.4594623, 41.069148 ], [ 28.4673226, 41.0677868 ], [ 28.4717989, 41.068232 ], [ 28.4758437, 41.0625596 ], [ 28.4816909, 41.0563142 ], [ 28.483032, 41.0565488 ], [ 28.4836972, 41.0557883 ], [ 28.4855085, 41.0570684 ], [ 28.4899528, 41.0566859 ], [ 28.5011202, 41.0588076 ], [ 28.5040712, 41.0606909 ], [ 28.5036742, 41.0614476 ], [ 28.5073103, 41.0651917 ], [ 28.5106645, 41.0670619 ], [ 28.5151595, 41.0675668 ], [ 28.5166413, 41.0706314 ], [ 28.5209906, 41.0689904 ], [ 28.5257861, 41.0718825 ], [ 28.5155901, 41.0855302 ], [ 28.5116416, 41.0963344 ], [ 28.5080856, 41.1026769 ], [ 28.5207646, 41.107293 ], [ 28.5219232, 41.1071258 ], [ 28.5229862, 41.1082249 ], [ 28.5246169, 41.1067051 ], [ 28.5374628, 41.1015737 ], [ 28.5465481, 41.093082 ], [ 28.5535132, 41.093384 ], [ 28.5593318, 41.1040858 ], [ 28.5624499, 41.1155572 ], [ 28.5662555, 41.1147159 ], [ 28.568367, 41.1177635 ], [ 28.5704613, 41.1177955 ], [ 28.5722767, 41.1192642 ], [ 28.5767705, 41.1239613 ], [ 28.5778664, 41.1263424 ], [ 28.5813028, 41.1281688 ], [ 28.5850096, 41.128096 ], [ 28.586536, 41.1269775 ], [ 28.5862434, 41.1280839 ], [ 28.5875416, 41.1282375 ], [ 28.5898054, 41.1261201 ], [ 28.5916722, 41.1296274 ], [ 28.5929275, 41.1290416 ], [ 28.5951079, 41.1243072 ], [ 28.5946387, 41.1225116 ], [ 28.5969776, 41.121671 ], [ 28.5974389, 41.1202324 ], [ 28.6007488, 41.1207456 ], [ 28.6002059, 41.1201921 ], [ 28.603404, 41.1189771 ], [ 28.6026746, 41.1145785 ], [ 28.6038011, 41.1126426 ], [ 28.6062606, 41.112499 ], [ 28.6077601, 41.1112118 ], [ 28.6073969, 41.1137489 ], [ 28.6084896, 41.1158829 ], [ 28.6108071, 41.1185391 ], [ 28.6127436, 41.1193918 ], [ 28.6157125, 41.1139977 ], [ 28.6201893, 41.1089573 ], [ 28.6216915, 41.1082087 ], [ 28.6216599, 41.1067305 ], [ 28.6252212, 41.0996555 ], [ 28.6279973, 41.0977835 ], [ 28.6311164, 41.0920828 ], [ 28.6334395, 41.0901955 ], [ 28.6328204, 41.0897319 ], [ 28.6340208, 41.088634 ], [ 28.6309601, 41.08571 ], [ 28.6292936, 41.0864671 ], [ 28.628515, 41.0855094 ], [ 28.6292885, 41.0839929 ], [ 28.6258752, 41.0799909 ], [ 28.6205441, 41.0682123 ], [ 28.6280848, 41.052893 ], [ 28.6276988, 41.0437759 ], [ 28.6233609, 41.0348983 ], [ 28.625819, 41.0295851 ], [ 28.6254869, 41.0250306 ], [ 28.6266226, 41.0222542 ], [ 28.6332242, 41.0185797 ], [ 28.6317723, 41.0164075 ], [ 28.6263988, 41.0166879 ], [ 28.6259346, 41.0097734 ], [ 28.620179, 41.0041171 ], [ 28.6176467, 40.9993991 ], [ 28.6147778, 40.9963249 ], [ 28.614032, 40.9927931 ], [ 28.6127072, 40.9916686 ], [ 28.609364, 40.9930647 ], [ 28.6048177, 40.9975549 ], [ 28.6026424, 40.9963666 ], [ 28.6017144, 40.9980185 ], [ 28.5971958, 40.9970129 ], [ 28.5975813, 41.0040657 ], [ 28.5998595, 41.0083547 ], [ 28.5989018, 41.0105456 ], [ 28.5958948, 41.0138486 ], [ 28.5868065, 41.0170785 ], [ 28.5833501, 41.0174829 ], [ 28.582616, 41.0167078 ], [ 28.5831565, 41.0162479 ], [ 28.5820091, 41.0157036 ], [ 28.5822501, 41.0172919 ], [ 28.5781021, 41.0179268 ], [ 28.5774464, 41.0169269 ], [ 28.5776287, 41.0180186 ], [ 28.5748874, 41.0182852 ], [ 28.5751141, 41.0167106 ], [ 28.5830754, 41.0151469 ], [ 28.5810061, 41.014762 ], [ 28.5745731, 41.0165591 ], [ 28.5727487, 41.0183112 ], [ 28.567502, 41.0181592 ], [ 28.5652461, 41.0166259 ], [ 28.5655814, 41.0162223 ], [ 28.5654129, 41.0154426 ], [ 28.5643851, 41.0168141 ], [ 28.5630485, 41.0162331 ], [ 28.5632677, 41.0154299 ], [ 28.5642829, 41.0153222 ], [ 28.5631831, 41.0153113 ], [ 28.5629224, 41.0137166 ], [ 28.564329, 41.0136101 ], [ 28.5662006, 41.0152677 ], [ 28.5653656, 41.0139892 ], [ 28.5643762, 41.0134425 ], [ 28.5617144, 41.0131822 ], [ 28.5571424, 41.0099637 ], [ 28.5536441, 41.0089579 ], [ 28.5520316, 41.0072684 ], [ 28.5509295, 41.0029444 ], [ 28.5469891, 40.999487 ], [ 28.5474107, 40.9986781 ], [ 28.5438432, 40.9882674 ], [ 28.5441673, 40.9860872 ], [ 28.5414947, 40.984499 ], [ 28.5376517, 40.9877045 ], [ 28.5337625, 40.9894848 ], [ 28.5174461, 40.9967456 ], [ 28.5144151, 40.9975556 ], [ 28.5119467, 40.9971027 ], [ 28.5110884, 40.9975148 ], [ 28.512988, 40.9976975 ], [ 28.5117842, 40.9983711 ], [ 28.5100268, 40.9980505 ], [ 28.5103991, 40.9985375 ], [ 28.5090371, 41.0005359 ], [ 28.5091476, 40.9995582 ], [ 28.508028, 41.0000752 ], [ 28.5091229, 40.9985983 ], [ 28.5075581, 40.9997776 ], [ 28.5101008, 40.9969375 ], [ 28.507387, 40.9995938 ], [ 28.5076439, 41.0002007 ], [ 28.5091465, 41.0009056 ], [ 28.5084201, 41.0021276 ], [ 28.4977283, 41.0073299 ], [ 28.4825701, 41.0129886 ], [ 28.4802392, 41.0161966 ], [ 28.475391, 41.01825 ], [ 28.4751357, 41.0194549 ], [ 28.4734476, 41.020875 ], [ 28.46577, 41.0246338 ], [ 28.450588, 41.031015 ], [ 28.4292414, 41.0386136 ], [ 28.397379, 41.047846 ], [ 28.393666, 41.048661 ], [ 28.3909885, 41.0480917 ] ] ] } },
{ "type": "Feature", "properties": { "ilce": "Çatalca" }, "geometry": { "type": "Polygon", "coordinates": [ [ [ 28.0711841, 41.4934067 ], [ 28.0709481, 41.4947567 ], [ 28.0739472, 41.4983823 ], [ 28.0752611, 41.5017638 ], [ 28.0776214, 41.5033226 ], [ 28.0772996, 41.5049618 ], [ 28.0754757, 41.5065848 ], [ 28.0761886, 41.5076325 ], [ 28.0789104, 41.5089587 ], [ 28.0924272, 41.5092361 ], [ 28.0956582, 41.5120456 ], [ 28.0973759, 41.5151332 ], [ 28.1022967, 41.5167105 ], [ 28.1028919, 41.5155354 ], [ 28.1046152, 41.5157436 ], [ 28.105613, 41.5181054 ], [ 28.1095835, 41.520317 ], [ 28.1198002, 41.5294475 ], [ 28.1207943, 41.5315033 ], [ 28.1202432, 41.5337083 ], [ 28.1211376, 41.5347801 ], [ 28.1202793, 41.5352459 ], [ 28.121438, 41.5369886 ], [ 28.117876, 41.539719 ], [ 28.1165671, 41.5398957 ], [ 28.1168461, 41.5411324 ], [ 28.1159019, 41.5417587 ], [ 28.1165007, 41.5425226 ], [ 28.1187166, 41.5416818 ], [ 28.1213426, 41.5428488 ], [ 28.1206012, 41.5441678 ], [ 28.1217277, 41.54477 ], [ 28.1213844, 41.5456131 ], [ 28.1224251, 41.5471709 ], [ 28.120687, 41.5476446 ], [ 28.1215874, 41.5488333 ], [ 28.1197858, 41.54856 ], [ 28.1188631, 41.5496921 ], [ 28.1209016, 41.5519884 ], [ 28.1246567, 41.5523899 ], [ 28.1236625, 41.5535608 ], [ 28.1247411, 41.5540716 ], [ 28.124876, 41.5556822 ], [ 28.1237603, 41.5570432 ], [ 28.1233907, 41.5601454 ], [ 28.1223849, 41.5607585 ], [ 28.1189925, 41.560325 ], [ 28.1179902, 41.5625885 ], [ 28.12294, 41.5644562 ], [ 28.1241366, 41.5663536 ], [ 28.1231071, 41.5670807 ], [ 28.1242481, 41.5681813 ], [ 28.1255901, 41.5681086 ], [ 28.1287336, 41.5719775 ], [ 28.1283367, 41.5731574 ], [ 28.1307185, 41.5728765 ], [ 28.1305253, 41.5739038 ], [ 28.1334677, 41.5749333 ], [ 28.1329476, 41.5764275 ], [ 28.1349349, 41.5782378 ], [ 28.1363618, 41.5784465 ], [ 28.1368983, 41.5805733 ], [ 28.1380892, 41.5814962 ], [ 28.1458783, 41.5833019 ], [ 28.1535816, 41.5793053 ], [ 28.1552553, 41.5794818 ], [ 28.15581, 41.580509 ], [ 28.1567815, 41.579534 ], [ 28.1651419, 41.5787114 ], [ 28.167041, 41.577699 ], [ 28.1671965, 41.5768373 ], [ 28.1657213, 41.5750756 ], [ 28.1675881, 41.5738396 ], [ 28.171078, 41.574065 ], [ 28.172083, 41.5729 ], [ 28.1769651, 41.5728805 ], [ 28.1752646, 41.5722183 ], [ 28.176158, 41.571446 ], [ 28.1792128, 41.5723587 ], [ 28.18231, 41.571383 ], [ 28.1823459, 41.5684721 ], [ 28.186509, 41.567361 ], [ 28.181521, 41.565615 ], [ 28.1808919, 41.5642475 ], [ 28.1827855, 41.5611368 ], [ 28.1859934, 41.5604745 ], [ 28.1882679, 41.5585598 ], [ 28.188386, 41.557843 ], [ 28.1857896, 41.5573837 ], [ 28.1860846, 41.5541522 ], [ 28.1882679, 41.5535701 ], [ 28.188126, 41.552969 ], [ 28.1930134, 41.5524765 ], [ 28.1929869, 41.5501371 ], [ 28.1919962, 41.5486925 ], [ 28.1925174, 41.5481903 ], [ 28.195569, 41.548912 ], [ 28.1994635, 41.5484476 ], [ 28.1990551, 41.5453919 ], [ 28.2058257, 41.5396949 ], [ 28.2060456, 41.5384533 ], [ 28.2077754, 41.5386525 ], [ 28.2140295, 41.5330348 ], [ 28.2174289, 41.5316639 ], [ 28.2190151, 41.5300995 ], [ 28.2214103, 41.5296878 ], [ 28.2218627, 41.5289108 ], [ 28.219097, 41.528001 ], [ 28.2204801, 41.5246505 ], [ 28.224226, 41.5231208 ], [ 28.2259878, 41.5246006 ], [ 28.2281523, 41.5243814 ], [ 28.2291716, 41.5250336 ], [ 28.2295713, 41.5238066 ], [ 28.2316956, 41.5240416 ], [ 28.2322508, 41.5236242 ], [ 28.2313228, 41.5220676 ], [ 28.2317626, 41.5210675 ], [ 28.2364726, 41.5186918 ], [ 28.2373926, 41.5168421 ], [ 28.2439694, 41.5159464 ], [ 28.2439479, 41.5148338 ], [ 28.247101, 41.5143784 ], [ 28.2478018, 41.5123391 ], [ 28.2468072, 41.5112627 ], [ 28.2494252, 41.5105256 ], [ 28.2503567, 41.5115486 ], [ 28.2527429, 41.5105577 ], [ 28.2525364, 41.5097423 ], [ 28.2563129, 41.5075248 ], [ 28.2599641, 41.5072705 ], [ 28.2618114, 41.5049858 ], [ 28.2609585, 41.504335 ], [ 28.2619335, 41.5023343 ], [ 28.2684892, 41.499989 ], [ 28.2722855, 41.4962233 ], [ 28.2767299, 41.4951163 ], [ 28.2783139, 41.495524 ], [ 28.2795489, 41.4940274 ], [ 28.2905057, 41.4889464 ], [ 28.4018683, 41.4432057 ], [ 28.4344357, 41.4305006 ], [ 28.4685105, 41.4183087 ], [ 28.4881014, 41.4099529 ], [ 28.4919557, 41.408084 ], [ 28.4911108, 41.4060059 ], [ 28.4901435, 41.4055197 ], [ 28.490664, 41.4023313 ], [ 28.4892653, 41.3943481 ], [ 28.4904349, 41.3934231 ], [ 28.4913939, 41.390082 ], [ 28.4955893, 41.3876916 ], [ 28.5196667, 41.3831754 ], [ 28.5342134, 41.3711307 ], [ 28.5653133, 41.3660487 ], [ 28.5730883, 41.3536243 ], [ 28.5572727, 41.3093727 ], [ 28.5579821, 41.3060196 ], [ 28.5561239, 41.3017914 ], [ 28.5567164, 41.2950744 ], [ 28.551869, 41.2869604 ], [ 28.5527577, 41.2836012 ], [ 28.5517074, 41.2809096 ], [ 28.5521922, 41.2788656 ], [ 28.5517074, 41.2781573 ], [ 28.5432851, 41.2765083 ], [ 28.5447671, 41.2718726 ], [ 28.5447013, 41.2709123 ], [ 28.5435787, 41.2708851 ], [ 28.5450821, 41.269369 ], [ 28.5455274, 41.2651787 ], [ 28.549246, 41.2604594 ], [ 28.5528363, 41.2601924 ], [ 28.5557413, 41.2616947 ], [ 28.5586155, 41.2611926 ], [ 28.5598397, 41.2618964 ], [ 28.5622948, 41.2617812 ], [ 28.5659301, 41.2601912 ], [ 28.5681544, 41.2606076 ], [ 28.5746133, 41.2584979 ], [ 28.5748996, 41.2570601 ], [ 28.5737979, 41.2558877 ], [ 28.5754502, 41.2537664 ], [ 28.5741413, 41.2530566 ], [ 28.5750502, 41.2505444 ], [ 28.5744718, 41.2490705 ], [ 28.5766591, 41.2481308 ], [ 28.576864, 41.2472828 ], [ 28.5753965, 41.2458049 ], [ 28.5750317, 41.2437478 ], [ 28.5753322, 41.2419488 ], [ 28.5769951, 41.2403031 ], [ 28.5772351, 41.2371544 ], [ 28.5740212, 41.2345663 ], [ 28.5771561, 41.232824 ], [ 28.5792248, 41.2293888 ], [ 28.581002, 41.2302403 ], [ 28.5808147, 41.2289109 ], [ 28.582992, 41.2225454 ], [ 28.5821023, 41.2177731 ], [ 28.5832963, 41.2147351 ], [ 28.5824886, 41.2140835 ], [ 28.5857195, 41.210156 ], [ 28.5857312, 41.2050745 ], [ 28.5950843, 41.1900742 ], [ 28.595096, 41.1850264 ], [ 28.5942649, 41.182216 ], [ 28.5940308, 41.172154 ], [ 28.591315, 41.1656596 ], [ 28.5858248, 41.1634917 ], [ 28.5798782, 41.1518139 ], [ 28.5758864, 41.1477415 ], [ 28.5722868, 41.1454364 ], [ 28.5677859, 41.1402 ], [ 28.5707709, 41.1364929 ], [ 28.5728897, 41.1297392 ], [ 28.5743178, 41.1278347 ], [ 28.5663811, 41.122059 ], [ 28.5625533, 41.1179936 ], [ 28.5593318, 41.1040858 ], [ 28.5535132, 41.093384 ], [ 28.5465481, 41.093082 ], [ 28.5374628, 41.1015737 ], [ 28.5246169, 41.1067051 ], [ 28.5229862, 41.1082249 ], [ 28.5219232, 41.1071258 ], [ 28.5207646, 41.107293 ], [ 28.5080856, 41.1026769 ], [ 28.5116416, 41.0963344 ], [ 28.5155901, 41.0855302 ], [ 28.5257861, 41.0718825 ], [ 28.5209906, 41.0689904 ], [ 28.5166413, 41.0706314 ], [ 28.5151595, 41.0675668 ], [ 28.5106645, 41.0670619 ], [ 28.5073103, 41.0651917 ], [ 28.5036742, 41.0614476 ], [ 28.5040712, 41.0606909 ], [ 28.5011202, 41.0588076 ], [ 28.4899528, 41.0566859 ], [ 28.4855085, 41.0570684 ], [ 28.4836972, 41.0557883 ], [ 28.4805038, 41.0571457 ], [ 28.4717989, 41.068232 ], [ 28.4673226, 41.0677868 ], [ 28.4594623, 41.069148 ], [ 28.4572023, 41.0685334 ], [ 28.455196, 41.0700095 ], [ 28.4520404, 41.0704956 ], [ 28.4485542, 41.0738089 ], [ 28.4439951, 41.076379 ], [ 28.4406799, 41.0764113 ], [ 28.4367156, 41.0784292 ], [ 28.4323329, 41.078963 ], [ 28.4298234, 41.0772069 ], [ 28.4222324, 41.0756545 ], [ 28.4203679, 41.0770067 ], [ 28.4166366, 41.0778428 ], [ 28.4147176, 41.0808302 ], [ 28.4122017, 41.0824798 ], [ 28.4077748, 41.0832178 ], [ 28.402019, 41.0857275 ], [ 28.399122, 41.0836505 ], [ 28.3976671, 41.0841963 ], [ 28.3960211, 41.0827882 ], [ 28.3933792, 41.0777245 ], [ 28.3926612, 41.078739 ], [ 28.391845, 41.0782764 ], [ 28.3896549, 41.0811925 ], [ 28.3910644, 41.0834837 ], [ 28.3909839, 41.0870944 ], [ 28.3954521, 41.0948286 ], [ 28.3916869, 41.0985364 ], [ 28.3901042, 41.1072185 ], [ 28.3876377, 41.1125976 ], [ 28.3880013, 41.1201435 ], [ 28.3872101, 41.1246047 ], [ 28.3834255, 41.1276637 ], [ 28.380524, 41.1286913 ], [ 28.3887381, 41.1299382 ], [ 28.3857959, 41.1376223 ], [ 28.3825388, 41.1420665 ], [ 28.3819853, 41.1444403 ], [ 28.3853902, 41.1493957 ], [ 28.3829215, 41.1513413 ], [ 28.3812636, 41.1551147 ], [ 28.3839812, 41.1604263 ], [ 28.3790452, 41.1622405 ], [ 28.3777165, 41.1637714 ], [ 28.3762028, 41.1624479 ], [ 28.374138, 41.1631084 ], [ 28.3708161, 41.1626778 ], [ 28.370166, 41.1663886 ], [ 28.3707601, 41.1670449 ], [ 28.3706099, 41.1698191 ], [ 28.3698059, 41.1725173 ], [ 28.3650465, 41.1742914 ], [ 28.3693278, 41.177689 ], [ 28.3723094, 41.182984 ], [ 28.372075, 41.1842628 ], [ 28.3746761, 41.1850694 ], [ 28.3732974, 41.1877137 ], [ 28.371554, 41.1890742 ], [ 28.3684723, 41.1891035 ], [ 28.3672786, 41.1929132 ], [ 28.369478, 41.1943744 ], [ 28.3741558, 41.1946126 ], [ 28.3747093, 41.1956932 ], [ 28.3730865, 41.1963247 ], [ 28.3730024, 41.1976077 ], [ 28.3782073, 41.201293 ], [ 28.3784807, 41.2023922 ], [ 28.3774655, 41.2018057 ], [ 28.3767078, 41.2023029 ], [ 28.3755076, 41.2053491 ], [ 28.3738084, 41.2055918 ], [ 28.3739919, 41.2084839 ], [ 28.3698152, 41.2091963 ], [ 28.3684995, 41.2078149 ], [ 28.3670065, 41.209423 ], [ 28.3673215, 41.2122017 ], [ 28.3610666, 41.2142437 ], [ 28.3602718, 41.2155826 ], [ 28.3585595, 41.2163325 ], [ 28.357864, 41.2183758 ], [ 28.3521026, 41.221975 ], [ 28.3496472, 41.2260735 ], [ 28.3479774, 41.2330479 ], [ 28.3463765, 41.2351028 ], [ 28.3470487, 41.2388171 ], [ 28.3440989, 41.2395568 ], [ 28.3445442, 41.2410816 ], [ 28.3431833, 41.2418689 ], [ 28.3417186, 41.2411889 ], [ 28.339439, 41.241806 ], [ 28.3344498, 41.2393278 ], [ 28.3334598, 41.2394845 ], [ 28.3328997, 41.2406208 ], [ 28.3290699, 41.2392102 ], [ 28.3241849, 41.2429128 ], [ 28.3198599, 41.2437337 ], [ 28.317392, 41.2451594 ], [ 28.3171741, 41.2463085 ], [ 28.3152363, 41.2474166 ], [ 28.3167452, 41.2472654 ], [ 28.3188449, 41.2488157 ], [ 28.3179396, 41.2517462 ], [ 28.3138784, 41.2556502 ], [ 28.3126839, 41.2557069 ], [ 28.3110368, 41.2576068 ], [ 28.3076168, 41.2594783 ], [ 28.3059697, 41.2650641 ], [ 28.306196, 41.2678616 ], [ 28.303543, 41.268646 ], [ 28.3022605, 41.2701486 ], [ 28.3029144, 41.2717362 ], [ 28.3029018, 41.2736073 ], [ 28.3020594, 41.2742971 ], [ 28.3026252, 41.2755445 ], [ 28.3008146, 41.2762532 ], [ 28.2965219, 41.2755851 ], [ 28.2932925, 41.2732427 ], [ 28.2797313, 41.2975657 ], [ 28.2748389, 41.3126129 ], [ 28.2671908, 41.3179098 ], [ 28.2654081, 41.3233083 ], [ 28.2653369, 41.3244169 ], [ 28.2742143, 41.3338751 ], [ 28.2750454, 41.3334036 ], [ 28.2754659, 41.3346737 ], [ 28.2748916, 41.3354944 ], [ 28.2765002, 41.3372825 ], [ 28.2766963, 41.3393596 ], [ 28.2797688, 41.3425617 ], [ 28.2814018, 41.3463649 ], [ 28.2790527, 41.3496117 ], [ 28.2727846, 41.3539109 ], [ 28.2725247, 41.3556688 ], [ 28.2711135, 41.3558348 ], [ 28.2666421, 41.3534574 ], [ 28.2630611, 41.3471919 ], [ 28.2523298, 41.3462571 ], [ 28.2477619, 41.3436744 ], [ 28.2457555, 41.3447965 ], [ 28.2417948, 41.345352 ], [ 28.2404915, 41.3443846 ], [ 28.2331979, 41.342454 ], [ 28.2253897, 41.3430835 ], [ 28.2206368, 41.3459752 ], [ 28.2188652, 41.346268 ], [ 28.2132114, 41.3410511 ], [ 28.211369, 41.3354842 ], [ 28.2097077, 41.3378649 ], [ 28.2086883, 41.3415265 ], [ 28.2071668, 41.3421129 ], [ 28.2049434, 41.3452118 ], [ 28.1753338, 41.3549068 ], [ 28.1598382, 41.3586127 ], [ 28.153558, 41.3590605 ], [ 28.1439487, 41.3578183 ], [ 28.1359101, 41.3607532 ], [ 28.1323678, 41.3637851 ], [ 28.1323157, 41.3617921 ], [ 28.1337729, 41.3604979 ], [ 28.1343558, 41.3564056 ], [ 28.1362986, 41.3542089 ], [ 28.1361044, 41.3519483 ], [ 28.1348172, 41.3506722 ], [ 28.1358676, 41.3492911 ], [ 28.13183, 41.3425588 ], [ 28.1241313, 41.3345175 ], [ 28.1249814, 41.3333413 ], [ 28.1278835, 41.3335966 ], [ 28.1291464, 41.3289463 ], [ 28.1287457, 41.3280162 ], [ 28.1307857, 41.325244 ], [ 28.131065, 41.3232834 ], [ 28.1330686, 41.3211221 ], [ 28.1385572, 41.3204746 ], [ 28.1382051, 41.3193893 ], [ 28.1390595, 41.318415 ], [ 28.1381687, 41.3176565 ], [ 28.1356186, 41.3178754 ], [ 28.1361286, 41.3182402 ], [ 28.1345743, 41.3176656 ], [ 28.132765, 41.313753 ], [ 28.1284057, 41.3095208 ], [ 28.1266328, 41.3091104 ], [ 28.1248235, 41.3070124 ], [ 28.1250664, 41.3063831 ], [ 28.1237913, 41.3062827 ], [ 28.1214963, 41.3032907 ], [ 28.119347, 41.3028164 ], [ 28.1168213, 41.3000796 ], [ 28.1166755, 41.2981365 ], [ 28.1111262, 41.2982733 ], [ 28.1099726, 41.2970965 ], [ 28.1071797, 41.2989667 ], [ 28.1048968, 41.2981091 ], [ 28.104059, 41.2968593 ], [ 28.094126, 41.2999154 ], [ 28.0929481, 41.2984193 ], [ 28.0935067, 41.2970874 ], [ 28.0911854, 41.2958146 ], [ 28.0892408, 41.296407 ], [ 28.088133, 41.295613 ], [ 28.086148, 41.2972333 ], [ 28.086573, 41.2976712 ], [ 28.0821894, 41.2991218 ], [ 28.0788167, 41.2970434 ], [ 28.0770884, 41.2998688 ], [ 28.0783645, 41.3010962 ], [ 28.0764326, 41.3021638 ], [ 28.0781802, 41.3119094 ], [ 28.0778702, 41.321122 ], [ 28.0789411, 41.3212754 ], [ 28.0804324, 41.3244661 ], [ 28.0795005, 41.325843 ], [ 28.0820263, 41.3305444 ], [ 28.082119, 41.3330359 ], [ 28.0850459, 41.3381136 ], [ 28.0866122, 41.3393138 ], [ 28.0897665, 41.3462732 ], [ 28.0890057, 41.35033 ], [ 28.0877387, 41.3524185 ], [ 28.0890302, 41.3555044 ], [ 28.0885863, 41.3588209 ], [ 28.0893576, 41.3695754 ], [ 28.0921247, 41.3750215 ], [ 28.0948293, 41.3773964 ], [ 28.0988078, 41.3860364 ], [ 28.0989144, 41.394076 ], [ 28.1017631, 41.4041086 ], [ 28.1101298, 41.4039901 ], [ 28.1133068, 41.4070568 ], [ 28.1182394, 41.4079681 ], [ 28.1217715, 41.4096812 ], [ 28.1205261, 41.4133484 ], [ 28.1161602, 41.4176233 ], [ 28.1112403, 41.4265362 ], [ 28.1110816, 41.4319092 ], [ 28.1137776, 41.4388739 ], [ 28.1136382, 41.447608 ], [ 28.112391, 41.4491531 ], [ 28.1118889, 41.4541597 ], [ 28.1127262, 41.4596296 ], [ 28.1116855, 41.4654104 ], [ 28.1064498, 41.4692291 ], [ 28.1063318, 41.4733933 ], [ 28.1049049, 41.4740766 ], [ 28.1049293, 41.4756726 ], [ 28.1027643, 41.4752341 ], [ 28.0996426, 41.4764944 ], [ 28.0987143, 41.4781199 ], [ 28.0967188, 41.4782566 ], [ 28.093586, 41.4800571 ], [ 28.0903995, 41.4830471 ], [ 28.0894875, 41.4854985 ], [ 28.0853471, 41.4900769 ], [ 28.0813229, 41.49106 ], [ 28.0786008, 41.4931414 ], [ 28.0711841, 41.4934067 ] ] ] } },
{ "type": "Feature", "properties": { "ilce": "Çatalca" }, "geometry": { "type": "Polygon", "coordinates": [ [ [ 28.0711841, 41.4934067 ], [ 28.0709481, 41.4947567 ], [ 28.0739472, 41.4983823 ], [ 28.0752611, 41.5017638 ], [ 28.0776214, 41.5033226 ], [ 28.0772996, 41.5049618 ], [ 28.0754757, 41.5065848 ], [ 28.0761886, 41.5076325 ], [ 28.0789104, 41.5089587 ], [ 28.0924272, 41.5092361 ], [ 28.0956582, 41.5120456 ], [ 28.0973759, 41.5151332 ], [ 28.1022967, 41.5167105 ], [ 28.1028919, 41.5155354 ], [ 28.1046152, 41.5157436 ], [ 28.105613, 41.5181054 ], [ 28.1095835, 41.520317 ], [ 28.1198002, 41.5294475 ], [ 28.1207943, 41.5315033 ], [ 28.1202432, 41.5337083 ], [ 28.1211376, 41.5347801 ], [ 28.1202793, 41.5352459 ], [ 28.121438, 41.5369886 ], [ 28.117876, 41.539719 ], [ 28.1165671, 41.5398957 ], [ 28.1168461, 41.5411324 ], [ 28.1159019, 41.5417587 ], [ 28.1165007, 41.5425226 ], [ 28.1187166, 41.5416818 ], [ 28.1213426, 41.5428488 ], [ 28.1206012, 41.5441678 ], [ 28.1217277, 41.54477 ], [ 28.1213844, 41.5456131 ], [ 28.1224251, 41.5471709 ], [ 28.120687, 41.5476446 ], [ 28.1215874, 41.5488333 ], [ 28.1197858, 41.54856 ], [ 28.1188631, 41.5496921 ], [ 28.1209016, 41.5519884 ], [ 28.1246567, 41.5523899 ], [ 28.1236625, 41.5535608 ], [ 28.1247411, 41.5540716 ], [ 28.124876, 41.5556822 ], [ 28.1237603, 41.5570432 ], [ 28.1233907, 41.5601454 ], [ 28.1223849, 41.5607585 ], [ 28.1189925, 41.560325 ], [ 28.1179902, 41.5625885 ], [ 28.12294, 41.5644562 ], [ 28.1241366, 41.5663536 ], [ 28.1231071, 41.5670807 ], [ 28.1242481, 41.5681813 ], [ 28.1255901, 41.5681086 ], [ 28.1287336, 41.5719775 ], [ 28.1283367, 41.5731574 ], [ 28.1307185, 41.5728765 ], [ 28.1305253, 41.5739038 ], [ 28.1334677, 41.5749333 ], [ 28.1329476, 41.5764275 ], [ 28.1349349, 41.5782378 ], [ 28.1363618, 41.5784465 ], [ 28.1368983, 41.5805733 ], [ 28.1380892, 41.5814962 ], [ 28.1458783, 41.5833019 ], [ 28.1535816, 41.5793053 ], [ 28.1552553, 41.5794818 ], [ 28.15581, 41.580509 ], [ 28.1567815, 41.579534 ], [ 28.1651419, 41.5787114 ], [ 28.167041, 41.577699 ], [ 28.1671965, 41.5768373 ], [ 28.1657213, 41.5750756 ], [ 28.1675881, 41.5738396 ], [ 28.171078, 41.574065 ], [ 28.172083, 41.5729 ], [ 28.1769651, 41.5728805 ], [ 28.1752646, 41.5722183 ], [ 28.176158, 41.571446 ], [ 28.1792128, 41.5723587 ], [ 28.18231, 41.571383 ], [ 28.1823459, 41.5684721 ], [ 28.186509, 41.567361 ], [ 28.181521, 41.565615 ], [ 28.1808919, 41.5642475 ], [ 28.1827855, 41.5611368 ], [ 28.1859934, 41.5604745 ], [ 28.1882679, 41.5585598 ], [ 28.188386, 41.557843 ], [ 28.1857896, 41.5573837 ], [ 28.1860846, 41.5541522 ], [ 28.1882679, 41.5535701 ], [ 28.188126, 41.552969 ], [ 28.1930134, 41.5524765 ], [ 28.1929869, 41.5501371 ], [ 28.1919962, 41.5486925 ], [ 28.1925174, 41.5481903 ], [ 28.195569, 41.548912 ], [ 28.1994635, 41.5484476 ], [ 28.1990551, 41.5453919 ], [ 28.2058257, 41.5396949 ], [ 28.2060456, 41.5384533 ], [ 28.2077754, 41.5386525 ], [ 28.2140295, 41.5330348 ], [ 28.2174289, 41.5316639 ], [ 28.2190151, 41.5300995 ], [ 28.2214103, 41.5296878 ], [ 28.2218627, 41.5289108 ], [ 28.219097, 41.528001 ], [ 28.2204801, 41.5246505 ], [ 28.224226, 41.5231208 ], [ 28.2259878, 41.5246006 ], [ 28.2281523, 41.5243814 ], [ 28.2291716, 41.5250336 ], [ 28.2295713, 41.5238066 ], [ 28.2316956, 41.5240416 ], [ 28.2322508, 41.5236242 ], [ 28.2313228, 41.5220676 ], [ 28.2317626, 41.5210675 ], [ 28.2364726, 41.5186918 ], [ 28.2373926, 41.5168421 ], [ 28.2439694, 41.5159464 ], [ 28.2439479, 41.5148338 ], [ 28.247101, 41.5143784 ], [ 28.2478018, 41.5123391 ], [ 28.2468072, 41.5112627 ], [ 28.2494252, 41.5105256 ], [ 28.2503567, 41.5115486 ], [ 28.2527429, 41.5105577 ], [ 28.2525364, 41.5097423 ], [ 28.2563129, 41.5075248 ], [ 28.2599641, 41.5072705 ], [ 28.2618114, 41.5049858 ], [ 28.2609585, 41.504335 ], [ 28.2619335, 41.5023343 ], [ 28.2684892, 41.499989 ], [ 28.2722855, 41.4962233 ], [ 28.2767299, 41.4951163 ], [ 28.2783139, 41.495524 ], [ 28.2795489, 41.4940274 ], [ 28.2905057, 41.4889464 ], [ 28.4018683, 41.4432057 ], [ 28.4344357, 41.4305006 ], [ 28.4685105, 41.4183087 ], [ 28.4881014, 41.4099529 ], [ 28.4919557, 41.408084 ], [ 28.4911108, 41.4060059 ], [ 28.4901435, 41.4055197 ], [ 28.490664, 41.4023313 ], [ 28.4892653, 41.3943481 ], [ 28.4904349, 41.3934231 ], [ 28.4913939, 41.390082 ], [ 28.4955893, 41.3876916 ], [ 28.5196667, 41.3831754 ], [ 28.5342134, 41.3711307 ], [ 28.5653133, 41.3660487 ], [ 28.5730883, 41.3536243 ], [ 28.5572727, 41.3093727 ], [ 28.5579821, 41.3060196 ], [ 28.5561239, 41.3017914 ], [ 28.5567164, 41.2950744 ], [ 28.551869, 41.2869604 ], [ 28.5527577, 41.2836012 ], [ 28.5517074, 41.2809096 ], [ 28.5521922, 41.2788656 ], [ 28.5517074, 41.2781573 ], [ 28.5432851, 41.2765083 ], [ 28.5447671, 41.2718726 ], [ 28.5447013, 41.2709123 ], [ 28.5435787, 41.2708851 ], [ 28.5450821, 41.269369 ], [ 28.5455274, 41.2651787 ], [ 28.549246, 41.2604594 ], [ 28.5528363, 41.2601924 ], [ 28.5557413, 41.2616947 ], [ 28.5586155, 41.2611926 ], [ 28.5598397, 41.2618964 ], [ 28.5622948, 41.2617812 ], [ 28.5659301, 41.2601912 ], [ 28.5681544, 41.2606076 ], [ 28.5746133, 41.2584979 ], [ 28.5748996, 41.2570601 ], [ 28.5737979, 41.2558877 ], [ 28.5754502, 41.2537664 ], [ 28.5741413, 41.2530566 ], [ 28.5750502, 41.2505444 ], [ 28.5744718, 41.2490705 ], [ 28.5766591, 41.2481308 ], [ 28.576864, 41.2472828 ], [ 28.5753965, 41.2458049 ], [ 28.5750317, 41.2437478 ], [ 28.5753322, 41.2419488 ], [ 28.5769951, 41.2403031 ], [ 28.5772351, 41.2371544 ], [ 28.5740212, 41.2345663 ], [ 28.5771561, 41.232824 ], [ 28.5792248, 41.2293888 ], [ 28.581002, 41.2302403 ], [ 28.5808147, 41.2289109 ], [ 28.582992, 41.2225454 ], [ 28.5821023, 41.2177731 ], [ 28.5832963, 41.2147351 ], [ 28.5824886, 41.2140835 ], [ 28.5857195, 41.210156 ], [ 28.5857312, 41.2050745 ], [ 28.5950843, 41.1900742 ], [ 28.595096, 41.1850264 ], [ 28.5942649, 41.182216 ], [ 28.5940308, 41.172154 ], [ 28.591315, 41.1656596 ], [ 28.5858248, 41.1634917 ], [ 28.5798782, 41.1518139 ], [ 28.5758864, 41.1477415 ], [ 28.5722868, 41.1454364 ], [ 28.5677859, 41.1402 ], [ 28.5707709, 41.1364929 ], [ 28.5728897, 41.1297392 ], [ 28.5743178, 41.1278347 ], [ 28.5663811, 41.122059 ], [ 28.5625533, 41.1179936 ], [ 28.5593318, 41.1040858 ], [ 28.5535132, 41.093384 ], [ 28.5465481, 41.093082 ], [ 28.5374628, 41.1015737 ], [ 28.5246169, 41.1067051 ], [ 28.5229862, 41.1082249 ], [ 28.5219232, 41.1071258 ], [ 28.5207646, 41.107293 ], [ 28.5080856, 41.1026769 ], [ 28.5116416, 41.0963344 ], [ 28.5155901, 41.0855302 ], [ 28.5257861, 41.0718825 ], [ 28.5209906, 41.0689904 ], [ 28.5166413, 41.0706314 ], [ 28.5151595, 41.0675668 ], [ 28.5106645, 41.0670619 ], [ 28.5073103, 41.0651917 ], [ 28.5036742, 41.0614476 ], [ 28.5040712, 41.0606909 ], [ 28.5011202, 41.0588076 ], [ 28.4899528, 41.0566859 ], [ 28.4855085, 41.0570684 ], [ 28.4836972, 41.0557883 ], [ 28.4805038, 41.0571457 ], [ 28.4717989, 41.068232 ], [ 28.4673226, 41.0677868 ], [ 28.4594623, 41.069148 ], [ 28.4572023, 41.0685334 ], [ 28.455196, 41.0700095 ], [ 28.4520404, 41.0704956 ], [ 28.4485542, 41.0738089 ], [ 28.4439951, 41.076379 ], [ 28.4406799, 41.0764113 ], [ 28.4367156, 41.0784292 ], [ 28.4323329, 41.078963 ], [ 28.4298234, 41.0772069 ], [ 28.4222324, 41.0756545 ], [ 28.4203679, 41.0770067 ], [ 28.4166366, 41.0778428 ], [ 28.4147176, 41.0808302 ], [ 28.4122017, 41.0824798 ], [ 28.4077748, 41.0832178 ], [ 28.402019, 41.0857275 ], [ 28.399122, 41.0836505 ], [ 28.3976671, 41.0841963 ], [ 28.3960211, 41.0827882 ], [ 28.3933792, 41.0777245 ], [ 28.3926612, 41.078739 ], [ 28.391845, 41.0782764 ], [ 28.3896549, 41.0811925 ], [ 28.3910644, 41.0834837 ], [ 28.3909839, 41.0870944 ], [ 28.3954521, 41.0948286 ], [ 28.3916869, 41.0985364 ], [ 28.3901042, 41.1072185 ], [ 28.3876377, 41.1125976 ], [ 28.3880013, 41.1201435 ], [ 28.3872101, 41.1246047 ], [ 28.3834255, 41.1276637 ], [ 28.380524, 41.1286913 ], [ 28.3887381, 41.1299382 ], [ 28.3857959, 41.1376223 ], [ 28.3825388, 41.1420665 ], [ 28.3819853, 41.1444403 ], [ 28.3853902, 41.1493957 ], [ 28.3829215, 41.1513413 ], [ 28.3812636, 41.1551147 ], [ 28.3839812, 41.1604263 ], [ 28.3790452, 41.1622405 ], [ 28.3777165, 41.1637714 ], [ 28.3762028, 41.1624479 ], [ 28.374138, 41.1631084 ], [ 28.3708161, 41.1626778 ], [ 28.370166, 41.1663886 ], [ 28.3707601, 41.1670449 ], [ 28.3706099, 41.1698191 ], [ 28.3698059, 41.1725173 ], [ 28.3650465, 41.1742914 ], [ 28.3693278, 41.177689 ], [ 28.3723094, 41.182984 ], [ 28.372075, 41.1842628 ], [ 28.3746761, 41.1850694 ], [ 28.3732974, 41.1877137 ], [ 28.371554, 41.1890742 ], [ 28.3684723, 41.1891035 ], [ 28.3672786, 41.1929132 ], [ 28.369478, 41.1943744 ], [ 28.3741558, 41.1946126 ], [ 28.3747093, 41.1956932 ], [ 28.3730865, 41.1963247 ], [ 28.3730024, 41.1976077 ], [ 28.3782073, 41.201293 ], [ 28.3784807, 41.2023922 ], [ 28.3774655, 41.2018057 ], [ 28.3767078, 41.2023029 ], [ 28.3755076, 41.2053491 ], [ 28.3738084, 41.2055918 ], [ 28.3739919, 41.2084839 ], [ 28.3698152, 41.2091963 ], [ 28.3684995, 41.2078149 ], [ 28.3670065, 41.209423 ], [ 28.3673215, 41.2122017 ], [ 28.3610666, 41.2142437 ], [ 28.3602718, 41.2155826 ], [ 28.3585595, 41.2163325 ], [ 28.357864, 41.2183758 ], [ 28.3521026, 41.221975 ], [ 28.3496472, 41.2260735 ], [ 28.3479774, 41.2330479 ], [ 28.3463765, 41.2351028 ], [ 28.3470487, 41.2388171 ], [ 28.3440989, 41.2395568 ], [ 28.3445442, 41.2410816 ], [ 28.3431833, 41.2418689 ], [ 28.3417186, 41.2411889 ], [ 28.339439, 41.241806 ], [ 28.3344498, 41.2393278 ], [ 28.3334598, 41.2394845 ], [ 28.3328997, 41.2406208 ], [ 28.3290699, 41.2392102 ], [ 28.3241849, 41.2429128 ], [ 28.3198599, 41.2437337 ], [ 28.317392, 41.2451594 ], [ 28.3171741, 41.2463085 ], [ 28.3152363, 41.2474166 ], [ 28.3167452, 41.2472654 ], [ 28.3188449, 41.2488157 ], [ 28.3179396, 41.2517462 ], [ 28.3138784, 41.2556502 ], [ 28.3126839, 41.2557069 ], [ 28.3110368, 41.2576068 ], [ 28.3076168, 41.2594783 ], [ 28.3059697, 41.2650641 ], [ 28.306196, 41.2678616 ], [ 28.303543, 41.268646 ], [ 28.3022605, 41.2701486 ], [ 28.3029144, 41.2717362 ], [ 28.3029018, 41.2736073 ], [ 28.3020594, 41.2742971 ], [ 28.3026252, 41.2755445 ], [ 28.3008146, 41.2762532 ], [ 28.2965219, 41.2755851 ], [ 28.2932925, 41.2732427 ], [ 28.2797313, 41.2975657 ], [ 28.2748389, 41.3126129 ], [ 28.2671908, 41.3179098 ], [ 28.2654081, 41.3233083 ], [ 28.2653369, 41.3244169 ], [ 28.2742143, 41.3338751 ], [ 28.2750454, 41.3334036 ], [ 28.2754659, 41.3346737 ], [ 28.2748916, 41.3354944 ], [ 28.2765002, 41.3372825 ], [ 28.2766963, 41.3393596 ], [ 28.2797688, 41.3425617 ], [ 28.2814018, 41.3463649 ], [ 28.2790527, 41.3496117 ], [ 28.2727846, 41.3539109 ], [ 28.2725247, 41.3556688 ], [ 28.2711135, 41.3558348 ], [ 28.2666421, 41.3534574 ], [ 28.2630611, 41.3471919 ], [ 28.2523298, 41.3462571 ], [ 28.2477619, 41.3436744 ], [ 28.2457555, 41.3447965 ], [ 28.2417948, 41.345352 ], [ 28.2404915, 41.3443846 ], [ 28.2331979, 41.342454 ], [ 28.2253897, 41.3430835 ], [ 28.2206368, 41.3459752 ], [ 28.2188652, 41.346268 ], [ 28.2132114, 41.3410511 ], [ 28.211369, 41.3354842 ], [ 28.2097077, 41.3378649 ], [ 28.2086883, 41.3415265 ], [ 28.2071668, 41.3421129 ], [ 28.2049434, 41.3452118 ], [ 28.1753338, 41.3549068 ], [ 28.1598382, 41.3586127 ], [ 28.153558, 41.3590605 ], [ 28.1439487, 41.3578183 ], [ 28.1359101, 41.3607532 ], [ 28.1323678, 41.3637851 ], [ 28.1323157, 41.3617921 ], [ 28.1337729, 41.3604979 ], [ 28.1343558, 41.3564056 ], [ 28.1362986, 41.3542089 ], [ 28.1361044, 41.3519483 ], [ 28.1348172, 41.3506722 ], [ 28.1358676, 41.3492911 ], [ 28.13183, 41.3425588 ], [ 28.1241313, 41.3345175 ], [ 28.1249814, 41.3333413 ], [ 28.1278835, 41.3335966 ], [ 28.1291464, 41.3289463 ], [ 28.1287457, 41.3280162 ], [ 28.1307857, 41.325244 ], [ 28.131065, 41.3232834 ], [ 28.1330686, 41.3211221 ], [ 28.1385572, 41.3204746 ], [ 28.1382051, 41.3193893 ], [ 28.1390595, 41.318415 ], [ 28.1381687, 41.3176565 ], [ 28.1356186, 41.3178754 ], [ 28.1361286, 41.3182402 ], [ 28.1345743, 41.3176656 ], [ 28.132765, 41.313753 ], [ 28.1284057, 41.3095208 ], [ 28.1266328, 41.3091104 ], [ 28.1248235, 41.3070124 ], [ 28.1250664, 41.3063831 ], [ 28.1237913, 41.3062827 ], [ 28.1214963, 41.3032907 ], [ 28.119347, 41.3028164 ], [ 28.1168213, 41.3000796 ], [ 28.1166755, 41.2981365 ], [ 28.1111262, 41.2982733 ], [ 28.1099726, 41.2970965 ], [ 28.1071797, 41.2989667 ], [ 28.1048968, 41.2981091 ], [ 28.104059, 41.2968593 ], [ 28.094126, 41.2999154 ], [ 28.0929481, 41.2984193 ], [ 28.0935067, 41.2970874 ], [ 28.0911854, 41.2958146 ], [ 28.0892408, 41.296407 ], [ 28.088133, 41.295613 ], [ 28.086148, 41.2972333 ], [ 28.086573, 41.2976712 ], [ 28.0821894, 41.2991218 ], [ 28.0788167, 41.2970434 ], [ 28.0770884, 41.2998688 ], [ 28.0783645, 41.3010962 ], [ 28.0764326, 41.3021638 ], [ 28.0781802, 41.3119094 ], [ 28.0778702, 41.321122 ], [ 28.0789411, 41.3212754 ], [ 28.0804324, 41.3244661 ], [ 28.0795005, 41.325843 ], [ 28.0820263, 41.3305444 ], [ 28.082119, 41.3330359 ], [ 28.0850459, 41.3381136 ], [ 28.0866122, 41.3393138 ], [ 28.0897665, 41.3462732 ], [ 28.0890057, 41.35033 ], [ 28.0877387, 41.3524185 ], [ 28.0890302, 41.3555044 ], [ 28.0885863, 41.3588209 ], [ 28.0893576, 41.3695754 ], [ 28.0921247, 41.3750215 ], [ 28.0948293, 41.3773964 ], [ 28.0988078, 41.3860364 ], [ 28.0989144, 41.394076 ], [ 28.1017631, 41.4041086 ], [ 28.1101298, 41.4039901 ], [ 28.1133068, 41.4070568 ], [ 28.1182394, 41.4079681 ], [ 28.1217715, 41.4096812 ], [ 28.1205261, 41.4133484 ], [ 28.1161602, 41.4176233 ], [ 28.1112403, 41.4265362 ], [ 28.1110816, 41.4319092 ], [ 28.1137776, 41.4388739 ], [ 28.1136382, 41.447608 ], [ 28.112391, 41.4491531 ], [ 28.1118889, 41.4541597 ], [ 28.1127262, 41.4596296 ], [ 28.1116855, 41.4654104 ], [ 28.1064498, 41.4692291 ], [ 28.1063318, 41.4733933 ], [ 28.1049049, 41.4740766 ], [ 28.1049293, 41.4756726 ], [ 28.1027643, 41.4752341 ], [ 28.0996426, 41.4764944 ], [ 28.0987143, 41.4781199 ], [ 28.0967188, 41.4782566 ], [ 28.093586, 41.4800571 ], [ 28.0903995, 41.4830471 ], [ 28.0894875, 41.4854985 ], [ 28.0853471, 41.4900769 ], [ 28.0813229, 41.49106 ], [ 28.0786008, 41.4931414 ], [ 28.0711841, 41.4934067 ] ] ] } },
{ "type": "Feature", "properties": { "ilce": "Çatalca" }, "geometry": { "type": "Polygon", "coordinates": [ [ [ 28.0711841, 41.4934067 ], [ 28.0709481, 41.4947567 ], [ 28.0739472, 41.4983823 ], [ 28.0752611, 41.5017638 ], [ 28.0776214, 41.5033226 ], [ 28.0772996, 41.5049618 ], [ 28.0754757, 41.5065848 ], [ 28.0761886, 41.5076325 ], [ 28.0789104, 41.5089587 ], [ 28.0924272, 41.5092361 ], [ 28.0956582, 41.5120456 ], [ 28.0973759, 41.5151332 ], [ 28.1022967, 41.5167105 ], [ 28.1028919, 41.5155354 ], [ 28.1046152, 41.5157436 ], [ 28.105613, 41.5181054 ], [ 28.1095835, 41.520317 ], [ 28.1198002, 41.5294475 ], [ 28.1207943, 41.5315033 ], [ 28.1202432, 41.5337083 ], [ 28.1211376, 41.5347801 ], [ 28.1202793, 41.5352459 ], [ 28.121438, 41.5369886 ], [ 28.117876, 41.539719 ], [ 28.1165671, 41.5398957 ], [ 28.1168461, 41.5411324 ], [ 28.1159019, 41.5417587 ], [ 28.1165007, 41.5425226 ], [ 28.1187166, 41.5416818 ], [ 28.1213426, 41.5428488 ], [ 28.1206012, 41.5441678 ], [ 28.1217277, 41.54477 ], [ 28.1213844, 41.5456131 ], [ 28.1224251, 41.5471709 ], [ 28.120687, 41.5476446 ], [ 28.1215874, 41.5488333 ], [ 28.1197858, 41.54856 ], [ 28.1188631, 41.5496921 ], [ 28.1209016, 41.5519884 ], [ 28.1246567, 41.5523899 ], [ 28.1236625, 41.5535608 ], [ 28.1247411, 41.5540716 ], [ 28.124876, 41.5556822 ], [ 28.1237603, 41.5570432 ], [ 28.1233907, 41.5601454 ], [ 28.1223849, 41.5607585 ], [ 28.1189925, 41.560325 ], [ 28.1179902, 41.5625885 ], [ 28.12294, 41.5644562 ], [ 28.1241366, 41.5663536 ], [ 28.1231071, 41.5670807 ], [ 28.1242481, 41.5681813 ], [ 28.1255901, 41.5681086 ], [ 28.1287336, 41.5719775 ], [ 28.1283367, 41.5731574 ], [ 28.1307185, 41.5728765 ], [ 28.1305253, 41.5739038 ], [ 28.1334677, 41.5749333 ], [ 28.1329476, 41.5764275 ], [ 28.1349349, 41.5782378 ], [ 28.1363618, 41.5784465 ], [ 28.1368983, 41.5805733 ], [ 28.1380892, 41.5814962 ], [ 28.1458783, 41.5833019 ], [ 28.1535816, 41.5793053 ], [ 28.1552553, 41.5794818 ], [ 28.15581, 41.580509 ], [ 28.1567815, 41.579534 ], [ 28.1651419, 41.5787114 ], [ 28.167041, 41.577699 ], [ 28.1671965, 41.5768373 ], [ 28.1657213, 41.5750756 ], [ 28.1675881, 41.5738396 ], [ 28.171078, 41.574065 ], [ 28.172083, 41.5729 ], [ 28.1769651, 41.5728805 ], [ 28.1752646, 41.5722183 ], [ 28.176158, 41.571446 ], [ 28.1792128, 41.5723587 ], [ 28.18231, 41.571383 ], [ 28.1823459, 41.5684721 ], [ 28.186509, 41.567361 ], [ 28.181521, 41.565615 ], [ 28.1808919, 41.5642475 ], [ 28.1827855, 41.5611368 ], [ 28.1859934, 41.5604745 ], [ 28.1882679, 41.5585598 ], [ 28.188386, 41.557843 ], [ 28.1857896, 41.5573837 ], [ 28.1860846, 41.5541522 ], [ 28.1882679, 41.5535701 ], [ 28.188126, 41.552969 ], [ 28.1930134, 41.5524765 ], [ 28.1929869, 41.5501371 ], [ 28.1919962, 41.5486925 ], [ 28.1925174, 41.5481903 ], [ 28.195569, 41.548912 ], [ 28.1994635, 41.5484476 ], [ 28.1990551, 41.5453919 ], [ 28.2058257, 41.5396949 ], [ 28.2060456, 41.5384533 ], [ 28.2077754, 41.5386525 ], [ 28.2140295, 41.5330348 ], [ 28.2174289, 41.5316639 ], [ 28.2190151, 41.5300995 ], [ 28.2214103, 41.5296878 ], [ 28.2218627, 41.5289108 ], [ 28.219097, 41.528001 ], [ 28.2204801, 41.5246505 ], [ 28.224226, 41.5231208 ], [ 28.2259878, 41.5246006 ], [ 28.2281523, 41.5243814 ], [ 28.2291716, 41.5250336 ], [ 28.2295713, 41.5238066 ], [ 28.2316956, 41.5240416 ], [ 28.2322508, 41.5236242 ], [ 28.2313228, 41.5220676 ], [ 28.2317626, 41.5210675 ], [ 28.2364726, 41.5186918 ], [ 28.2373926, 41.5168421 ], [ 28.2439694, 41.5159464 ], [ 28.2439479, 41.5148338 ], [ 28.247101, 41.5143784 ], [ 28.2478018, 41.5123391 ], [ 28.2468072, 41.5112627 ], [ 28.2494252, 41.5105256 ], [ 28.2503567, 41.5115486 ], [ 28.2527429, 41.5105577 ], [ 28.2525364, 41.5097423 ], [ 28.2563129, 41.5075248 ], [ 28.2599641, 41.5072705 ], [ 28.2618114, 41.5049858 ], [ 28.2609585, 41.504335 ], [ 28.2619335, 41.5023343 ], [ 28.2684892, 41.499989 ], [ 28.2722855, 41.4962233 ], [ 28.2767299, 41.4951163 ], [ 28.2783139, 41.495524 ], [ 28.2795489, 41.4940274 ], [ 28.2905057, 41.4889464 ], [ 28.4018683, 41.4432057 ], [ 28.4344357, 41.4305006 ], [ 28.4685105, 41.4183087 ], [ 28.4881014, 41.4099529 ], [ 28.4919557, 41.408084 ], [ 28.4911108, 41.4060059 ], [ 28.4901435, 41.4055197 ], [ 28.490664, 41.4023313 ], [ 28.4892653, 41.3943481 ], [ 28.4904349, 41.3934231 ], [ 28.4913939, 41.390082 ], [ 28.4955893, 41.3876916 ], [ 28.5196667, 41.3831754 ], [ 28.5342134, 41.3711307 ], [ 28.5653133, 41.3660487 ], [ 28.5730883, 41.3536243 ], [ 28.5572727, 41.3093727 ], [ 28.5579821, 41.3060196 ], [ 28.5561239, 41.3017914 ], [ 28.5567164, 41.2950744 ], [ 28.551869, 41.2869604 ], [ 28.5527577, 41.2836012 ], [ 28.5517074, 41.2809096 ], [ 28.5521922, 41.2788656 ], [ 28.5517074, 41.2781573 ], [ 28.5432851, 41.2765083 ], [ 28.5447671, 41.2718726 ], [ 28.5447013, 41.2709123 ], [ 28.5435787, 41.2708851 ], [ 28.5450821, 41.269369 ], [ 28.5455274, 41.2651787 ], [ 28.549246, 41.2604594 ], [ 28.5528363, 41.2601924 ], [ 28.5557413, 41.2616947 ], [ 28.5586155, 41.2611926 ], [ 28.5598397, 41.2618964 ], [ 28.5622948, 41.2617812 ], [ 28.5659301, 41.2601912 ], [ 28.5681544, 41.2606076 ], [ 28.5746133, 41.2584979 ], [ 28.5748996, 41.2570601 ], [ 28.5737979, 41.2558877 ], [ 28.5754502, 41.2537664 ], [ 28.5741413, 41.2530566 ], [ 28.5750502, 41.2505444 ], [ 28.5744718, 41.2490705 ], [ 28.5766591, 41.2481308 ], [ 28.576864, 41.2472828 ], [ 28.5753965, 41.2458049 ], [ 28.5750317, 41.2437478 ], [ 28.5753322, 41.2419488 ], [ 28.5769951, 41.2403031 ], [ 28.5772351, 41.2371544 ], [ 28.5740212, 41.2345663 ], [ 28.5771561, 41.232824 ], [ 28.5792248, 41.2293888 ], [ 28.581002, 41.2302403 ], [ 28.5808147, 41.2289109 ], [ 28.582992, 41.2225454 ], [ 28.5821023, 41.2177731 ], [ 28.5832963, 41.2147351 ], [ 28.5824886, 41.2140835 ], [ 28.5857195, 41.210156 ], [ 28.5857312, 41.2050745 ], [ 28.5950843, 41.1900742 ], [ 28.595096, 41.1850264 ], [ 28.5942649, 41.182216 ], [ 28.5940308, 41.172154 ], [ 28.591315, 41.1656596 ], [ 28.5858248, 41.1634917 ], [ 28.5798782, 41.1518139 ], [ 28.5758864, 41.1477415 ], [ 28.5722868, 41.1454364 ], [ 28.5677859, 41.1402 ], [ 28.5707709, 41.1364929 ], [ 28.5728897, 41.1297392 ], [ 28.5743178, 41.1278347 ], [ 28.5663811, 41.122059 ], [ 28.5625533, 41.1179936 ], [ 28.5593318, 41.1040858 ], [ 28.5535132, 41.093384 ], [ 28.5465481, 41.093082 ], [ 28.5374628, 41.1015737 ], [ 28.5246169, 41.1067051 ], [ 28.5229862, 41.1082249 ], [ 28.5219232, 41.1071258 ], [ 28.5207646, 41.107293 ], [ 28.5080856, 41.1026769 ], [ 28.5116416, 41.0963344 ], [ 28.5155901, 41.0855302 ], [ 28.5257861, 41.0718825 ], [ 28.5209906, 41.0689904 ], [ 28.5166413, 41.0706314 ], [ 28.5151595, 41.0675668 ], [ 28.5106645, 41.0670619 ], [ 28.5073103, 41.0651917 ], [ 28.5036742, 41.0614476 ], [ 28.5040712, 41.0606909 ], [ 28.5011202, 41.0588076 ], [ 28.4899528, 41.0566859 ], [ 28.4855085, 41.0570684 ], [ 28.4836972, 41.0557883 ], [ 28.4805038, 41.0571457 ], [ 28.4717989, 41.068232 ], [ 28.4673226, 41.0677868 ], [ 28.4594623, 41.069148 ], [ 28.4572023, 41.0685334 ], [ 28.455196, 41.0700095 ], [ 28.4520404, 41.0704956 ], [ 28.4485542, 41.0738089 ], [ 28.4439951, 41.076379 ], [ 28.4406799, 41.0764113 ], [ 28.4367156, 41.0784292 ], [ 28.4323329, 41.078963 ], [ 28.4298234, 41.0772069 ], [ 28.4222324, 41.0756545 ], [ 28.4203679, 41.0770067 ], [ 28.4166366, 41.0778428 ], [ 28.4147176, 41.0808302 ], [ 28.4122017, 41.0824798 ], [ 28.4077748, 41.0832178 ], [ 28.402019, 41.0857275 ], [ 28.399122, 41.0836505 ], [ 28.3976671, 41.0841963 ], [ 28.3960211, 41.0827882 ], [ 28.3933792, 41.0777245 ], [ 28.3926612, 41.078739 ], [ 28.391845, 41.0782764 ], [ 28.3896549, 41.0811925 ], [ 28.3910644, 41.0834837 ], [ 28.3909839, 41.0870944 ], [ 28.3954521, 41.0948286 ], [ 28.3916869, 41.0985364 ], [ 28.3901042, 41.1072185 ], [ 28.3876377, 41.1125976 ], [ 28.3880013, 41.1201435 ], [ 28.3872101, 41.1246047 ], [ 28.3834255, 41.1276637 ], [ 28.380524, 41.1286913 ], [ 28.3887381, 41.1299382 ], [ 28.3857959, 41.1376223 ], [ 28.3825388, 41.1420665 ], [ 28.3819853, 41.1444403 ], [ 28.3853902, 41.1493957 ], [ 28.3829215, 41.1513413 ], [ 28.3812636, 41.1551147 ], [ 28.3839812, 41.1604263 ], [ 28.3790452, 41.1622405 ], [ 28.3777165, 41.1637714 ], [ 28.3762028, 41.1624479 ], [ 28.374138, 41.1631084 ], [ 28.3708161, 41.1626778 ], [ 28.370166, 41.1663886 ], [ 28.3707601, 41.1670449 ], [ 28.3706099, 41.1698191 ], [ 28.3698059, 41.1725173 ], [ 28.3650465, 41.1742914 ], [ 28.3693278, 41.177689 ], [ 28.3723094, 41.182984 ], [ 28.372075, 41.1842628 ], [ 28.3746761, 41.1850694 ], [ 28.3732974, 41.1877137 ], [ 28.371554, 41.1890742 ], [ 28.3684723, 41.1891035 ], [ 28.3672786, 41.1929132 ], [ 28.369478, 41.1943744 ], [ 28.3741558, 41.1946126 ], [ 28.3747093, 41.1956932 ], [ 28.3730865, 41.1963247 ], [ 28.3730024, 41.1976077 ], [ 28.3782073, 41.201293 ], [ 28.3784807, 41.2023922 ], [ 28.3774655, 41.2018057 ], [ 28.3767078, 41.2023029 ], [ 28.3755076, 41.2053491 ], [ 28.3738084, 41.2055918 ], [ 28.3739919, 41.2084839 ], [ 28.3698152, 41.2091963 ], [ 28.3684995, 41.2078149 ], [ 28.3670065, 41.209423 ], [ 28.3673215, 41.2122017 ], [ 28.3610666, 41.2142437 ], [ 28.3602718, 41.2155826 ], [ 28.3585595, 41.2163325 ], [ 28.357864, 41.2183758 ], [ 28.3521026, 41.221975 ], [ 28.3496472, 41.2260735 ], [ 28.3479774, 41.2330479 ], [ 28.3463765, 41.2351028 ], [ 28.3470487, 41.2388171 ], [ 28.3440989, 41.2395568 ], [ 28.3445442, 41.2410816 ], [ 28.3431833, 41.2418689 ], [ 28.3417186, 41.2411889 ], [ 28.339439, 41.241806 ], [ 28.3344498, 41.2393278 ], [ 28.3334598, 41.2394845 ], [ 28.3328997, 41.2406208 ], [ 28.3290699, 41.2392102 ], [ 28.3241849, 41.2429128 ], [ 28.3198599, 41.2437337 ], [ 28.317392, 41.2451594 ], [ 28.3171741, 41.2463085 ], [ 28.3152363, 41.2474166 ], [ 28.3167452, 41.2472654 ], [ 28.3188449, 41.2488157 ], [ 28.3179396, 41.2517462 ], [ 28.3138784, 41.2556502 ], [ 28.3126839, 41.2557069 ], [ 28.3110368, 41.2576068 ], [ 28.3076168, 41.2594783 ], [ 28.3059697, 41.2650641 ], [ 28.306196, 41.2678616 ], [ 28.303543, 41.268646 ], [ 28.3022605, 41.2701486 ], [ 28.3029144, 41.2717362 ], [ 28.3029018, 41.2736073 ], [ 28.3020594, 41.2742971 ], [ 28.3026252, 41.2755445 ], [ 28.3008146, 41.2762532 ], [ 28.2965219, 41.2755851 ], [ 28.2932925, 41.2732427 ], [ 28.2797313, 41.2975657 ], [ 28.2748389, 41.3126129 ], [ 28.2671908, 41.3179098 ], [ 28.2654081, 41.3233083 ], [ 28.2653369, 41.3244169 ], [ 28.2742143, 41.3338751 ], [ 28.2750454, 41.3334036 ], [ 28.2754659, 41.3346737 ], [ 28.2748916, 41.3354944 ], [ 28.2765002, 41.3372825 ], [ 28.2766963, 41.3393596 ], [ 28.2797688, 41.3425617 ], [ 28.2814018, 41.3463649 ], [ 28.2790527, 41.3496117 ], [ 28.2727846, 41.3539109 ], [ 28.2725247, 41.3556688 ], [ 28.2711135, 41.3558348 ], [ 28.2666421, 41.3534574 ], [ 28.2630611, 41.3471919 ], [ 28.2523298, 41.3462571 ], [ 28.2477619, 41.3436744 ], [ 28.2457555, 41.3447965 ], [ 28.2417948, 41.345352 ], [ 28.2404915, 41.3443846 ], [ 28.2331979, 41.342454 ], [ 28.2253897, 41.3430835 ], [ 28.2206368, 41.3459752 ], [ 28.2188652, 41.346268 ], [ 28.2132114, 41.3410511 ], [ 28.211369, 41.3354842 ], [ 28.2097077, 41.3378649 ], [ 28.2086883, 41.3415265 ], [ 28.2071668, 41.3421129 ], [ 28.2049434, 41.3452118 ], [ 28.1753338, 41.3549068 ], [ 28.1598382, 41.3586127 ], [ 28.153558, 41.3590605 ], [ 28.1439487, 41.3578183 ], [ 28.1359101, 41.3607532 ], [ 28.1323678, 41.3637851 ], [ 28.1323157, 41.3617921 ], [ 28.1337729, 41.3604979 ], [ 28.1343558, 41.3564056 ], [ 28.1362986, 41.3542089 ], [ 28.1361044, 41.3519483 ], [ 28.1348172, 41.3506722 ], [ 28.1358676, 41.3492911 ], [ 28.13183, 41.3425588 ], [ 28.1241313, 41.3345175 ], [ 28.1249814, 41.3333413 ], [ 28.1278835, 41.3335966 ], [ 28.1291464, 41.3289463 ], [ 28.1287457, 41.3280162 ], [ 28.1307857, 41.325244 ], [ 28.131065, 41.3232834 ], [ 28.1330686, 41.3211221 ], [ 28.1385572, 41.3204746 ], [ 28.1382051, 41.3193893 ], [ 28.1390595, 41.318415 ], [ 28.1381687, 41.3176565 ], [ 28.1356186, 41.3178754 ], [ 28.1361286, 41.3182402 ], [ 28.1345743, 41.3176656 ], [ 28.132765, 41.313753 ], [ 28.1284057, 41.3095208 ], [ 28.1266328, 41.3091104 ], [ 28.1248235, 41.3070124 ], [ 28.1250664, 41.3063831 ], [ 28.1237913, 41.3062827 ], [ 28.1214963, 41.3032907 ], [ 28.119347, 41.3028164 ], [ 28.1168213, 41.3000796 ], [ 28.1166755, 41.2981365 ], [ 28.1111262, 41.2982733 ], [ 28.1099726, 41.2970965 ], [ 28.1071797, 41.2989667 ], [ 28.1048968, 41.2981091 ], [ 28.104059, 41.2968593 ], [ 28.094126, 41.2999154 ], [ 28.0929481, 41.2984193 ], [ 28.0935067, 41.2970874 ], [ 28.0911854, 41.2958146 ], [ 28.0892408, 41.296407 ], [ 28.088133, 41.295613 ], [ 28.086148, 41.2972333 ], [ 28.086573, 41.2976712 ], [ 28.0821894, 41.2991218 ], [ 28.0788167, 41.2970434 ], [ 28.0770884, 41.2998688 ], [ 28.0783645, 41.3010962 ], [ 28.0764326, 41.3021638 ], [ 28.0781802, 41.3119094 ], [ 28.0778702, 41.321122 ], [ 28.0789411, 41.3212754 ], [ 28.0804324, 41.3244661 ], [ 28.0795005, 41.325843 ], [ 28.0820263, 41.3305444 ], [ 28.082119, 41.3330359 ], [ 28.0850459, 41.3381136 ], [ 28.0866122, 41.3393138 ], [ 28.0897665, 41.3462732 ], [ 28.0890057, 41.35033 ], [ 28.0877387, 41.3524185 ], [ 28.0890302, 41.3555044 ], [ 28.0885863, 41.3588209 ], [ 28.0893576, 41.3695754 ], [ 28.0921247, 41.3750215 ], [ 28.0948293, 41.3773964 ], [ 28.0988078, 41.3860364 ], [ 28.0989144, 41.394076 ], [ 28.1017631, 41.4041086 ], [ 28.1101298, 41.4039901 ], [ 28.1133068, 41.4070568 ], [ 28.1182394, 41.4079681 ], [ 28.1217715, 41.4096812 ], [ 28.1205261, 41.4133484 ], [ 28.1161602, 41.4176233 ], [ 28.1112403, 41.4265362 ], [ 28.1110816, 41.4319092 ], [ 28.1137776, 41.4388739 ], [ 28.1136382, 41.447608 ], [ 28.112391, 41.4491531 ], [ 28.1118889, 41.4541597 ], [ 28.1127262, 41.4596296 ], [ 28.1116855, 41.4654104 ], [ 28.1064498, 41.4692291 ], [ 28.1063318, 41.4733933 ], [ 28.1049049, 41.4740766 ], [ 28.1049293, 41.4756726 ], [ 28.1027643, 41.4752341 ], [ 28.0996426, 41.4764944 ], [ 28.0987143, 41.4781199 ], [ 28.0967188, 41.4782566 ], [ 28.093586, 41.4800571 ], [ 28.0903995, 41.4830471 ], [ 28.0894875, 41.4854985 ], [ 28.0853471, 41.4900769 ], [ 28.0813229, 41.49106 ], [ 28.0786008, 41.4931414 ], [ 28.0711841, 41.4934067 ] ] ] } },
{ "type": "Feature", "properties": { "ilce": "Çatalca" }, "geometry": { "type": "Polygon", "coordinates": [ [ [ 28.0711841, 41.4934067 ], [ 28.0709481, 41.4947567 ], [ 28.0739472, 41.4983823 ], [ 28.0752611, 41.5017638 ], [ 28.0776214, 41.5033226 ], [ 28.0772996, 41.5049618 ], [ 28.0754757, 41.5065848 ], [ 28.0761886, 41.5076325 ], [ 28.0789104, 41.5089587 ], [ 28.0924272, 41.5092361 ], [ 28.0956582, 41.5120456 ], [ 28.0973759, 41.5151332 ], [ 28.1022967, 41.5167105 ], [ 28.1028919, 41.5155354 ], [ 28.1046152, 41.5157436 ], [ 28.105613, 41.5181054 ], [ 28.1095835, 41.520317 ], [ 28.1198002, 41.5294475 ], [ 28.1207943, 41.5315033 ], [ 28.1202432, 41.5337083 ], [ 28.1211376, 41.5347801 ], [ 28.1202793, 41.5352459 ], [ 28.121438, 41.5369886 ], [ 28.117876, 41.539719 ], [ 28.1165671, 41.5398957 ], [ 28.1168461, 41.5411324 ], [ 28.1159019, 41.5417587 ], [ 28.1165007, 41.5425226 ], [ 28.1187166, 41.5416818 ], [ 28.1213426, 41.5428488 ], [ 28.1206012, 41.5441678 ], [ 28.1217277, 41.54477 ], [ 28.1213844, 41.5456131 ], [ 28.1224251, 41.5471709 ], [ 28.120687, 41.5476446 ], [ 28.1215874, 41.5488333 ], [ 28.1197858, 41.54856 ], [ 28.1188631, 41.5496921 ], [ 28.1209016, 41.5519884 ], [ 28.1246567, 41.5523899 ], [ 28.1236625, 41.5535608 ], [ 28.1247411, 41.5540716 ], [ 28.124876, 41.5556822 ], [ 28.1237603, 41.5570432 ], [ 28.1233907, 41.5601454 ], [ 28.1223849, 41.5607585 ], [ 28.1189925, 41.560325 ], [ 28.1179902, 41.5625885 ], [ 28.12294, 41.5644562 ], [ 28.1241366, 41.5663536 ], [ 28.1231071, 41.5670807 ], [ 28.1242481, 41.5681813 ], [ 28.1255901, 41.5681086 ], [ 28.1287336, 41.5719775 ], [ 28.1283367, 41.5731574 ], [ 28.1307185, 41.5728765 ], [ 28.1305253, 41.5739038 ], [ 28.1334677, 41.5749333 ], [ 28.1329476, 41.5764275 ], [ 28.1349349, 41.5782378 ], [ 28.1363618, 41.5784465 ], [ 28.1368983, 41.5805733 ], [ 28.1380892, 41.5814962 ], [ 28.1458783, 41.5833019 ], [ 28.1535816, 41.5793053 ], [ 28.1552553, 41.5794818 ], [ 28.15581, 41.580509 ], [ 28.1567815, 41.579534 ], [ 28.1651419, 41.5787114 ], [ 28.167041, 41.577699 ], [ 28.1671965, 41.5768373 ], [ 28.1657213, 41.5750756 ], [ 28.1675881, 41.5738396 ], [ 28.171078, 41.574065 ], [ 28.172083, 41.5729 ], [ 28.1769651, 41.5728805 ], [ 28.1752646, 41.5722183 ], [ 28.176158, 41.571446 ], [ 28.1792128, 41.5723587 ], [ 28.18231, 41.571383 ], [ 28.1823459, 41.5684721 ], [ 28.186509, 41.567361 ], [ 28.181521, 41.565615 ], [ 28.1808919, 41.5642475 ], [ 28.1827855, 41.5611368 ], [ 28.1859934, 41.5604745 ], [ 28.1882679, 41.5585598 ], [ 28.188386, 41.557843 ], [ 28.1857896, 41.5573837 ], [ 28.1860846, 41.5541522 ], [ 28.1882679, 41.5535701 ], [ 28.188126, 41.552969 ], [ 28.1930134, 41.5524765 ], [ 28.1929869, 41.5501371 ], [ 28.1919962, 41.5486925 ], [ 28.1925174, 41.5481903 ], [ 28.195569, 41.548912 ], [ 28.1994635, 41.5484476 ], [ 28.1990551, 41.5453919 ], [ 28.2058257, 41.5396949 ], [ 28.2060456, 41.5384533 ], [ 28.2077754, 41.5386525 ], [ 28.2140295, 41.5330348 ], [ 28.2174289, 41.5316639 ], [ 28.2190151, 41.5300995 ], [ 28.2214103, 41.5296878 ], [ 28.2218627, 41.5289108 ], [ 28.219097, 41.528001 ], [ 28.2204801, 41.5246505 ], [ 28.224226, 41.5231208 ], [ 28.2259878, 41.5246006 ], [ 28.2281523, 41.5243814 ], [ 28.2291716, 41.5250336 ], [ 28.2295713, 41.5238066 ], [ 28.2316956, 41.5240416 ], [ 28.2322508, 41.5236242 ], [ 28.2313228, 41.5220676 ], [ 28.2317626, 41.5210675 ], [ 28.2364726, 41.5186918 ], [ 28.2373926, 41.5168421 ], [ 28.2439694, 41.5159464 ], [ 28.2439479, 41.5148338 ], [ 28.247101, 41.5143784 ], [ 28.2478018, 41.5123391 ], [ 28.2468072, 41.5112627 ], [ 28.2494252, 41.5105256 ], [ 28.2503567, 41.5115486 ], [ 28.2527429, 41.5105577 ], [ 28.2525364, 41.5097423 ], [ 28.2563129, 41.5075248 ], [ 28.2599641, 41.5072705 ], [ 28.2618114, 41.5049858 ], [ 28.2609585, 41.504335 ], [ 28.2619335, 41.5023343 ], [ 28.2684892, 41.499989 ], [ 28.2722855, 41.4962233 ], [ 28.2767299, 41.4951163 ], [ 28.2783139, 41.495524 ], [ 28.2795489, 41.4940274 ], [ 28.2905057, 41.4889464 ], [ 28.4018683, 41.4432057 ], [ 28.4344357, 41.4305006 ], [ 28.4685105, 41.4183087 ], [ 28.4881014, 41.4099529 ], [ 28.4919557, 41.408084 ], [ 28.4911108, 41.4060059 ], [ 28.4901435, 41.4055197 ], [ 28.490664, 41.4023313 ], [ 28.4892653, 41.3943481 ], [ 28.4904349, 41.3934231 ], [ 28.4913939, 41.390082 ], [ 28.4955893, 41.3876916 ], [ 28.5196667, 41.3831754 ], [ 28.5342134, 41.3711307 ], [ 28.5653133, 41.3660487 ], [ 28.5730883, 41.3536243 ], [ 28.5572727, 41.3093727 ], [ 28.5579821, 41.3060196 ], [ 28.5561239, 41.3017914 ], [ 28.5567164, 41.2950744 ], [ 28.551869, 41.2869604 ], [ 28.5527577, 41.2836012 ], [ 28.5517074, 41.2809096 ], [ 28.5521922, 41.2788656 ], [ 28.5517074, 41.2781573 ], [ 28.5432851, 41.2765083 ], [ 28.5447671, 41.2718726 ], [ 28.5447013, 41.2709123 ], [ 28.5435787, 41.2708851 ], [ 28.5450821, 41.269369 ], [ 28.5455274, 41.2651787 ], [ 28.549246, 41.2604594 ], [ 28.5528363, 41.2601924 ], [ 28.5557413, 41.2616947 ], [ 28.5586155, 41.2611926 ], [ 28.5598397, 41.2618964 ], [ 28.5622948, 41.2617812 ], [ 28.5659301, 41.2601912 ], [ 28.5681544, 41.2606076 ], [ 28.5746133, 41.2584979 ], [ 28.5748996, 41.2570601 ], [ 28.5737979, 41.2558877 ], [ 28.5754502, 41.2537664 ], [ 28.5741413, 41.2530566 ], [ 28.5750502, 41.2505444 ], [ 28.5744718, 41.2490705 ], [ 28.5766591, 41.2481308 ], [ 28.576864, 41.2472828 ], [ 28.5753965, 41.2458049 ], [ 28.5750317, 41.2437478 ], [ 28.5753322, 41.2419488 ], [ 28.5769951, 41.2403031 ], [ 28.5772351, 41.2371544 ], [ 28.5740212, 41.2345663 ], [ 28.5771561, 41.232824 ], [ 28.5792248, 41.2293888 ], [ 28.581002, 41.2302403 ], [ 28.5808147, 41.2289109 ], [ 28.582992, 41.2225454 ], [ 28.5821023, 41.2177731 ], [ 28.5832963, 41.2147351 ], [ 28.5824886, 41.2140835 ], [ 28.5857195, 41.210156 ], [ 28.5857312, 41.2050745 ], [ 28.5950843, 41.1900742 ], [ 28.595096, 41.1850264 ], [ 28.5942649, 41.182216 ], [ 28.5940308, 41.172154 ], [ 28.591315, 41.1656596 ], [ 28.5858248, 41.1634917 ], [ 28.5798782, 41.1518139 ], [ 28.5758864, 41.1477415 ], [ 28.5722868, 41.1454364 ], [ 28.5677859, 41.1402 ], [ 28.5707709, 41.1364929 ], [ 28.5728897, 41.1297392 ], [ 28.5743178, 41.1278347 ], [ 28.5663811, 41.122059 ], [ 28.5625533, 41.1179936 ], [ 28.5593318, 41.1040858 ], [ 28.5535132, 41.093384 ], [ 28.5465481, 41.093082 ], [ 28.5374628, 41.1015737 ], [ 28.5246169, 41.1067051 ], [ 28.5229862, 41.1082249 ], [ 28.5219232, 41.1071258 ], [ 28.5207646, 41.107293 ], [ 28.5080856, 41.1026769 ], [ 28.5116416, 41.0963344 ], [ 28.5155901, 41.0855302 ], [ 28.5257861, 41.0718825 ], [ 28.5209906, 41.0689904 ], [ 28.5166413, 41.0706314 ], [ 28.5151595, 41.0675668 ], [ 28.5106645, 41.0670619 ], [ 28.5073103, 41.0651917 ], [ 28.5036742, 41.0614476 ], [ 28.5040712, 41.0606909 ], [ 28.5011202, 41.0588076 ], [ 28.4899528, 41.0566859 ], [ 28.4855085, 41.0570684 ], [ 28.4836972, 41.0557883 ], [ 28.4805038, 41.0571457 ], [ 28.4717989, 41.068232 ], [ 28.4673226, 41.0677868 ], [ 28.4594623, 41.069148 ], [ 28.4572023, 41.0685334 ], [ 28.455196, 41.0700095 ], [ 28.4520404, 41.0704956 ], [ 28.4485542, 41.0738089 ], [ 28.4439951, 41.076379 ], [ 28.4406799, 41.0764113 ], [ 28.4367156, 41.0784292 ], [ 28.4323329, 41.078963 ], [ 28.4298234, 41.0772069 ], [ 28.4222324, 41.0756545 ], [ 28.4203679, 41.0770067 ], [ 28.4166366, 41.0778428 ], [ 28.4147176, 41.0808302 ], [ 28.4122017, 41.0824798 ], [ 28.4077748, 41.0832178 ], [ 28.402019, 41.0857275 ], [ 28.399122, 41.0836505 ], [ 28.3976671, 41.0841963 ], [ 28.3960211, 41.0827882 ], [ 28.3933792, 41.0777245 ], [ 28.3926612, 41.078739 ], [ 28.391845, 41.0782764 ], [ 28.3896549, 41.0811925 ], [ 28.3910644, 41.0834837 ], [ 28.3909839, 41.0870944 ], [ 28.3954521, 41.0948286 ], [ 28.3916869, 41.0985364 ], [ 28.3901042, 41.1072185 ], [ 28.3876377, 41.1125976 ], [ 28.3880013, 41.1201435 ], [ 28.3872101, 41.1246047 ], [ 28.3834255, 41.1276637 ], [ 28.380524, 41.1286913 ], [ 28.3887381, 41.1299382 ], [ 28.3857959, 41.1376223 ], [ 28.3825388, 41.1420665 ], [ 28.3819853, 41.1444403 ], [ 28.3853902, 41.1493957 ], [ 28.3829215, 41.1513413 ], [ 28.3812636, 41.1551147 ], [ 28.3839812, 41.1604263 ], [ 28.3790452, 41.1622405 ], [ 28.3777165, 41.1637714 ], [ 28.3762028, 41.1624479 ], [ 28.374138, 41.1631084 ], [ 28.3708161, 41.1626778 ], [ 28.370166, 41.1663886 ], [ 28.3707601, 41.1670449 ], [ 28.3706099, 41.1698191 ], [ 28.3698059, 41.1725173 ], [ 28.3650465, 41.1742914 ], [ 28.3693278, 41.177689 ], [ 28.3723094, 41.182984 ], [ 28.372075, 41.1842628 ], [ 28.3746761, 41.1850694 ], [ 28.3732974, 41.1877137 ], [ 28.371554, 41.1890742 ], [ 28.3684723, 41.1891035 ], [ 28.3672786, 41.1929132 ], [ 28.369478, 41.1943744 ], [ 28.3741558, 41.1946126 ], [ 28.3747093, 41.1956932 ], [ 28.3730865, 41.1963247 ], [ 28.3730024, 41.1976077 ], [ 28.3782073, 41.201293 ], [ 28.3784807, 41.2023922 ], [ 28.3774655, 41.2018057 ], [ 28.3767078, 41.2023029 ], [ 28.3755076, 41.2053491 ], [ 28.3738084, 41.2055918 ], [ 28.3739919, 41.2084839 ], [ 28.3698152, 41.2091963 ], [ 28.3684995, 41.2078149 ], [ 28.3670065, 41.209423 ], [ 28.3673215, 41.2122017 ], [ 28.3610666, 41.2142437 ], [ 28.3602718, 41.2155826 ], [ 28.3585595, 41.2163325 ], [ 28.357864, 41.2183758 ], [ 28.3521026, 41.221975 ], [ 28.3496472, 41.2260735 ], [ 28.3479774, 41.2330479 ], [ 28.3463765, 41.2351028 ], [ 28.3470487, 41.2388171 ], [ 28.3440989, 41.2395568 ], [ 28.3445442, 41.2410816 ], [ 28.3431833, 41.2418689 ], [ 28.3417186, 41.2411889 ], [ 28.339439, 41.241806 ], [ 28.3344498, 41.2393278 ], [ 28.3334598, 41.2394845 ], [ 28.3328997, 41.2406208 ], [ 28.3290699, 41.2392102 ], [ 28.3241849, 41.2429128 ], [ 28.3198599, 41.2437337 ], [ 28.317392, 41.2451594 ], [ 28.3171741, 41.2463085 ], [ 28.3152363, 41.2474166 ], [ 28.3167452, 41.2472654 ], [ 28.3188449, 41.2488157 ], [ 28.3179396, 41.2517462 ], [ 28.3138784, 41.2556502 ], [ 28.3126839, 41.2557069 ], [ 28.3110368, 41.2576068 ], [ 28.3076168, 41.2594783 ], [ 28.3059697, 41.2650641 ], [ 28.306196, 41.2678616 ], [ 28.303543, 41.268646 ], [ 28.3022605, 41.2701486 ], [ 28.3029144, 41.2717362 ], [ 28.3029018, 41.2736073 ], [ 28.3020594, 41.2742971 ], [ 28.3026252, 41.2755445 ], [ 28.3008146, 41.2762532 ], [ 28.2965219, 41.2755851 ], [ 28.2932925, 41.2732427 ], [ 28.2797313, 41.2975657 ], [ 28.2748389, 41.3126129 ], [ 28.2671908, 41.3179098 ], [ 28.2654081, 41.3233083 ], [ 28.2653369, 41.3244169 ], [ 28.2742143, 41.3338751 ], [ 28.2750454, 41.3334036 ], [ 28.2754659, 41.3346737 ], [ 28.2748916, 41.3354944 ], [ 28.2765002, 41.3372825 ], [ 28.2766963, 41.3393596 ], [ 28.2797688, 41.3425617 ], [ 28.2814018, 41.3463649 ], [ 28.2790527, 41.3496117 ], [ 28.2727846, 41.3539109 ], [ 28.2725247, 41.3556688 ], [ 28.2711135, 41.3558348 ], [ 28.2666421, 41.3534574 ], [ 28.2630611, 41.3471919 ], [ 28.2523298, 41.3462571 ], [ 28.2477619, 41.3436744 ], [ 28.2457555, 41.3447965 ], [ 28.2417948, 41.345352 ], [ 28.2404915, 41.3443846 ], [ 28.2331979, 41.342454 ], [ 28.2253897, 41.3430835 ], [ 28.2206368, 41.3459752 ], [ 28.2188652, 41.346268 ], [ 28.2132114, 41.3410511 ], [ 28.211369, 41.3354842 ], [ 28.2097077, 41.3378649 ], [ 28.2086883, 41.3415265 ], [ 28.2071668, 41.3421129 ], [ 28.2049434, 41.3452118 ], [ 28.1753338, 41.3549068 ], [ 28.1598382, 41.3586127 ], [ 28.153558, 41.3590605 ], [ 28.1439487, 41.3578183 ], [ 28.1359101, 41.3607532 ], [ 28.1323678, 41.3637851 ], [ 28.1323157, 41.3617921 ], [ 28.1337729, 41.3604979 ], [ 28.1343558, 41.3564056 ], [ 28.1362986, 41.3542089 ], [ 28.1361044, 41.3519483 ], [ 28.1348172, 41.3506722 ], [ 28.1358676, 41.3492911 ], [ 28.13183, 41.3425588 ], [ 28.1241313, 41.3345175 ], [ 28.1249814, 41.3333413 ], [ 28.1278835, 41.3335966 ], [ 28.1291464, 41.3289463 ], [ 28.1287457, 41.3280162 ], [ 28.1307857, 41.325244 ], [ 28.131065, 41.3232834 ], [ 28.1330686, 41.3211221 ], [ 28.1385572, 41.3204746 ], [ 28.1382051, 41.3193893 ], [ 28.1390595, 41.318415 ], [ 28.1381687, 41.3176565 ], [ 28.1356186, 41.3178754 ], [ 28.1361286, 41.3182402 ], [ 28.1345743, 41.3176656 ], [ 28.132765, 41.313753 ], [ 28.1284057, 41.3095208 ], [ 28.1266328, 41.3091104 ], [ 28.1248235, 41.3070124 ], [ 28.1250664, 41.3063831 ], [ 28.1237913, 41.3062827 ], [ 28.1214963, 41.3032907 ], [ 28.119347, 41.3028164 ], [ 28.1168213, 41.3000796 ], [ 28.1166755, 41.2981365 ], [ 28.1111262, 41.2982733 ], [ 28.1099726, 41.2970965 ], [ 28.1071797, 41.2989667 ], [ 28.1048968, 41.2981091 ], [ 28.104059, 41.2968593 ], [ 28.094126, 41.2999154 ], [ 28.0929481, 41.2984193 ], [ 28.0935067, 41.2970874 ], [ 28.0911854, 41.2958146 ], [ 28.0892408, 41.296407 ], [ 28.088133, 41.295613 ], [ 28.086148, 41.2972333 ], [ 28.086573, 41.2976712 ], [ 28.0821894, 41.2991218 ], [ 28.0788167, 41.2970434 ], [ 28.0770884, 41.2998688 ], [ 28.0783645, 41.3010962 ], [ 28.0764326, 41.3021638 ], [ 28.0781802, 41.3119094 ], [ 28.0778702, 41.321122 ], [ 28.0789411, 41.3212754 ], [ 28.0804324, 41.3244661 ], [ 28.0795005, 41.325843 ], [ 28.0820263, 41.3305444 ], [ 28.082119, 41.3330359 ], [ 28.0850459, 41.3381136 ], [ 28.0866122, 41.3393138 ], [ 28.0897665, 41.3462732 ], [ 28.0890057, 41.35033 ], [ 28.0877387, 41.3524185 ], [ 28.0890302, 41.3555044 ], [ 28.0885863, 41.3588209 ], [ 28.0893576, 41.3695754 ], [ 28.0921247, 41.3750215 ], [ 28.0948293, 41.3773964 ], [ 28.0988078, 41.3860364 ], [ 28.0989144, 41.394076 ], [ 28.1017631, 41.4041086 ], [ 28.1101298, 41.4039901 ], [ 28.1133068, 41.4070568 ], [ 28.1182394, 41.4079681 ], [ 28.1217715, 41.4096812 ], [ 28.1205261, 41.4133484 ], [ 28.1161602, 41.4176233 ], [ 28.1112403, 41.4265362 ], [ 28.1110816, 41.4319092 ], [ 28.1137776, 41.4388739 ], [ 28.1136382, 41.447608 ], [ 28.112391, 41.4491531 ], [ 28.1118889, 41.4541597 ], [ 28.1127262, 41.4596296 ], [ 28.1116855, 41.4654104 ], [ 28.1064498, 41.4692291 ], [ 28.1063318, 41.4733933 ], [ 28.1049049, 41.4740766 ], [ 28.1049293, 41.4756726 ], [ 28.1027643, 41.4752341 ], [ 28.0996426, 41.4764944 ], [ 28.0987143, 41.4781199 ], [ 28.0967188, 41.4782566 ], [ 28.093586, 41.4800571 ], [ 28.0903995, 41.4830471 ], [ 28.0894875, 41.4854985 ], [ 28.0853471, 41.4900769 ], [ 28.0813229, 41.49106 ], [ 28.0786008, 41.4931414 ], [ 28.0711841, 41.4934067 ] ] ] } },
{ "type": "Feature", "properties": { "ilce": "Çatalca" }, "geometry": { "type": "Polygon", "coordinates": [ [ [ 28.0711841, 41.4934067 ], [ 28.0709481, 41.4947567 ], [ 28.0739472, 41.4983823 ], [ 28.0752611, 41.5017638 ], [ 28.0776214, 41.5033226 ], [ 28.0772996, 41.5049618 ], [ 28.0754757, 41.5065848 ], [ 28.0761886, 41.5076325 ], [ 28.0789104, 41.5089587 ], [ 28.0924272, 41.5092361 ], [ 28.0956582, 41.5120456 ], [ 28.0973759, 41.5151332 ], [ 28.1022967, 41.5167105 ], [ 28.1028919, 41.5155354 ], [ 28.1046152, 41.5157436 ], [ 28.105613, 41.5181054 ], [ 28.1095835, 41.520317 ], [ 28.1198002, 41.5294475 ], [ 28.1207943, 41.5315033 ], [ 28.1202432, 41.5337083 ], [ 28.1211376, 41.5347801 ], [ 28.1202793, 41.5352459 ], [ 28.121438, 41.5369886 ], [ 28.117876, 41.539719 ], [ 28.1165671, 41.5398957 ], [ 28.1168461, 41.5411324 ], [ 28.1159019, 41.5417587 ], [ 28.1165007, 41.5425226 ], [ 28.1187166, 41.5416818 ], [ 28.1213426, 41.5428488 ], [ 28.1206012, 41.5441678 ], [ 28.1217277, 41.54477 ], [ 28.1213844, 41.5456131 ], [ 28.1224251, 41.5471709 ], [ 28.120687, 41.5476446 ], [ 28.1215874, 41.5488333 ], [ 28.1197858, 41.54856 ], [ 28.1188631, 41.5496921 ], [ 28.1209016, 41.5519884 ], [ 28.1246567, 41.5523899 ], [ 28.1236625, 41.5535608 ], [ 28.1247411, 41.5540716 ], [ 28.124876, 41.5556822 ], [ 28.1237603, 41.5570432 ], [ 28.1233907, 41.5601454 ], [ 28.1223849, 41.5607585 ], [ 28.1189925, 41.560325 ], [ 28.1179902, 41.5625885 ], [ 28.12294, 41.5644562 ], [ 28.1241366, 41.5663536 ], [ 28.1231071, 41.5670807 ], [ 28.1242481, 41.5681813 ], [ 28.1255901, 41.5681086 ], [ 28.1287336, 41.5719775 ], [ 28.1283367, 41.5731574 ], [ 28.1307185, 41.5728765 ], [ 28.1305253, 41.5739038 ], [ 28.1334677, 41.5749333 ], [ 28.1329476, 41.5764275 ], [ 28.1349349, 41.5782378 ], [ 28.1363618, 41.5784465 ], [ 28.1368983, 41.5805733 ], [ 28.1380892, 41.5814962 ], [ 28.1458783, 41.5833019 ], [ 28.1535816, 41.5793053 ], [ 28.1552553, 41.5794818 ], [ 28.15581, 41.580509 ], [ 28.1567815, 41.579534 ], [ 28.1651419, 41.5787114 ], [ 28.167041, 41.577699 ], [ 28.1671965, 41.5768373 ], [ 28.1657213, 41.5750756 ], [ 28.1675881, 41.5738396 ], [ 28.171078, 41.574065 ], [ 28.172083, 41.5729 ], [ 28.1769651, 41.5728805 ], [ 28.1752646, 41.5722183 ], [ 28.176158, 41.571446 ], [ 28.1792128, 41.5723587 ], [ 28.18231, 41.571383 ], [ 28.1823459, 41.5684721 ], [ 28.186509, 41.567361 ], [ 28.181521, 41.565615 ], [ 28.1808919, 41.5642475 ], [ 28.1827855, 41.5611368 ], [ 28.1859934, 41.5604745 ], [ 28.1882679, 41.5585598 ], [ 28.188386, 41.557843 ], [ 28.1857896, 41.5573837 ], [ 28.1860846, 41.5541522 ], [ 28.1882679, 41.5535701 ], [ 28.188126, 41.552969 ], [ 28.1930134, 41.5524765 ], [ 28.1929869, 41.5501371 ], [ 28.1919962, 41.5486925 ], [ 28.1925174, 41.5481903 ], [ 28.195569, 41.548912 ], [ 28.1994635, 41.5484476 ], [ 28.1990551, 41.5453919 ], [ 28.2058257, 41.5396949 ], [ 28.2060456, 41.5384533 ], [ 28.2077754, 41.5386525 ], [ 28.2140295, 41.5330348 ], [ 28.2174289, 41.5316639 ], [ 28.2190151, 41.5300995 ], [ 28.2214103, 41.5296878 ], [ 28.2218627, 41.5289108 ], [ 28.219097, 41.528001 ], [ 28.2204801, 41.5246505 ], [ 28.224226, 41.5231208 ], [ 28.2259878, 41.5246006 ], [ 28.2281523, 41.5243814 ], [ 28.2291716, 41.5250336 ], [ 28.2295713, 41.5238066 ], [ 28.2316956, 41.5240416 ], [ 28.2322508, 41.5236242 ], [ 28.2313228, 41.5220676 ], [ 28.2317626, 41.5210675 ], [ 28.2364726, 41.5186918 ], [ 28.2373926, 41.5168421 ], [ 28.2439694, 41.5159464 ], [ 28.2439479, 41.5148338 ], [ 28.247101, 41.5143784 ], [ 28.2478018, 41.5123391 ], [ 28.2468072, 41.5112627 ], [ 28.2494252, 41.5105256 ], [ 28.2503567, 41.5115486 ], [ 28.2527429, 41.5105577 ], [ 28.2525364, 41.5097423 ], [ 28.2563129, 41.5075248 ], [ 28.2599641, 41.5072705 ], [ 28.2618114, 41.5049858 ], [ 28.2609585, 41.504335 ], [ 28.2619335, 41.5023343 ], [ 28.2684892, 41.499989 ], [ 28.2722855, 41.4962233 ], [ 28.2767299, 41.4951163 ], [ 28.2783139, 41.495524 ], [ 28.2795489, 41.4940274 ], [ 28.2905057, 41.4889464 ], [ 28.4018683, 41.4432057 ], [ 28.4344357, 41.4305006 ], [ 28.4685105, 41.4183087 ], [ 28.4881014, 41.4099529 ], [ 28.4919557, 41.408084 ], [ 28.4911108, 41.4060059 ], [ 28.4901435, 41.4055197 ], [ 28.490664, 41.4023313 ], [ 28.4892653, 41.3943481 ], [ 28.4904349, 41.3934231 ], [ 28.4913939, 41.390082 ], [ 28.4955893, 41.3876916 ], [ 28.5196667, 41.3831754 ], [ 28.5342134, 41.3711307 ], [ 28.5653133, 41.3660487 ], [ 28.5730883, 41.3536243 ], [ 28.5572727, 41.3093727 ], [ 28.5579821, 41.3060196 ], [ 28.5561239, 41.3017914 ], [ 28.5567164, 41.2950744 ], [ 28.551869, 41.2869604 ], [ 28.5527577, 41.2836012 ], [ 28.5517074, 41.2809096 ], [ 28.5521922, 41.2788656 ], [ 28.5517074, 41.2781573 ], [ 28.5432851, 41.2765083 ], [ 28.5447671, 41.2718726 ], [ 28.5447013, 41.2709123 ], [ 28.5435787, 41.2708851 ], [ 28.5450821, 41.269369 ], [ 28.5455274, 41.2651787 ], [ 28.549246, 41.2604594 ], [ 28.5528363, 41.2601924 ], [ 28.5557413, 41.2616947 ], [ 28.5586155, 41.2611926 ], [ 28.5598397, 41.2618964 ], [ 28.5622948, 41.2617812 ], [ 28.5659301, 41.2601912 ], [ 28.5681544, 41.2606076 ], [ 28.5746133, 41.2584979 ], [ 28.5748996, 41.2570601 ], [ 28.5737979, 41.2558877 ], [ 28.5754502, 41.2537664 ], [ 28.5741413, 41.2530566 ], [ 28.5750502, 41.2505444 ], [ 28.5744718, 41.2490705 ], [ 28.5766591, 41.2481308 ], [ 28.576864, 41.2472828 ], [ 28.5753965, 41.2458049 ], [ 28.5750317, 41.2437478 ], [ 28.5753322, 41.2419488 ], [ 28.5769951, 41.2403031 ], [ 28.5772351, 41.2371544 ], [ 28.5740212, 41.2345663 ], [ 28.5771561, 41.232824 ], [ 28.5792248, 41.2293888 ], [ 28.581002, 41.2302403 ], [ 28.5808147, 41.2289109 ], [ 28.582992, 41.2225454 ], [ 28.5821023, 41.2177731 ], [ 28.5832963, 41.2147351 ], [ 28.5824886, 41.2140835 ], [ 28.5857195, 41.210156 ], [ 28.5857312, 41.2050745 ], [ 28.5950843, 41.1900742 ], [ 28.595096, 41.1850264 ], [ 28.5942649, 41.182216 ], [ 28.5940308, 41.172154 ], [ 28.591315, 41.1656596 ], [ 28.5858248, 41.1634917 ], [ 28.5798782, 41.1518139 ], [ 28.5758864, 41.1477415 ], [ 28.5722868, 41.1454364 ], [ 28.5677859, 41.1402 ], [ 28.5707709, 41.1364929 ], [ 28.5728897, 41.1297392 ], [ 28.5743178, 41.1278347 ], [ 28.5663811, 41.122059 ], [ 28.5625533, 41.1179936 ], [ 28.5593318, 41.1040858 ], [ 28.5535132, 41.093384 ], [ 28.5465481, 41.093082 ], [ 28.5374628, 41.1015737 ], [ 28.5246169, 41.1067051 ], [ 28.5229862, 41.1082249 ], [ 28.5219232, 41.1071258 ], [ 28.5207646, 41.107293 ], [ 28.5080856, 41.1026769 ], [ 28.5116416, 41.0963344 ], [ 28.5155901, 41.0855302 ], [ 28.5257861, 41.0718825 ], [ 28.5209906, 41.0689904 ], [ 28.5166413, 41.0706314 ], [ 28.5151595, 41.0675668 ], [ 28.5106645, 41.0670619 ], [ 28.5073103, 41.0651917 ], [ 28.5036742, 41.0614476 ], [ 28.5040712, 41.0606909 ], [ 28.5011202, 41.0588076 ], [ 28.4899528, 41.0566859 ], [ 28.4855085, 41.0570684 ], [ 28.4836972, 41.0557883 ], [ 28.4805038, 41.0571457 ], [ 28.4717989, 41.068232 ], [ 28.4673226, 41.0677868 ], [ 28.4594623, 41.069148 ], [ 28.4572023, 41.0685334 ], [ 28.455196, 41.0700095 ], [ 28.4520404, 41.0704956 ], [ 28.4485542, 41.0738089 ], [ 28.4439951, 41.076379 ], [ 28.4406799, 41.0764113 ], [ 28.4367156, 41.0784292 ], [ 28.4323329, 41.078963 ], [ 28.4298234, 41.0772069 ], [ 28.4222324, 41.0756545 ], [ 28.4203679, 41.0770067 ], [ 28.4166366, 41.0778428 ], [ 28.4147176, 41.0808302 ], [ 28.4122017, 41.0824798 ], [ 28.4077748, 41.0832178 ], [ 28.402019, 41.0857275 ], [ 28.399122, 41.0836505 ], [ 28.3976671, 41.0841963 ], [ 28.3960211, 41.0827882 ], [ 28.3933792, 41.0777245 ], [ 28.3926612, 41.078739 ], [ 28.391845, 41.0782764 ], [ 28.3896549, 41.0811925 ], [ 28.3910644, 41.0834837 ], [ 28.3909839, 41.0870944 ], [ 28.3954521, 41.0948286 ], [ 28.3916869, 41.0985364 ], [ 28.3901042, 41.1072185 ], [ 28.3876377, 41.1125976 ], [ 28.3880013, 41.1201435 ], [ 28.3872101, 41.1246047 ], [ 28.3834255, 41.1276637 ], [ 28.380524, 41.1286913 ], [ 28.3887381, 41.1299382 ], [ 28.3857959, 41.1376223 ], [ 28.3825388, 41.1420665 ], [ 28.3819853, 41.1444403 ], [ 28.3853902, 41.1493957 ], [ 28.3829215, 41.1513413 ], [ 28.3812636, 41.1551147 ], [ 28.3839812, 41.1604263 ], [ 28.3790452, 41.1622405 ], [ 28.3777165, 41.1637714 ], [ 28.3762028, 41.1624479 ], [ 28.374138, 41.1631084 ], [ 28.3708161, 41.1626778 ], [ 28.370166, 41.1663886 ], [ 28.3707601, 41.1670449 ], [ 28.3706099, 41.1698191 ], [ 28.3698059, 41.1725173 ], [ 28.3650465, 41.1742914 ], [ 28.3693278, 41.177689 ], [ 28.3723094, 41.182984 ], [ 28.372075, 41.1842628 ], [ 28.3746761, 41.1850694 ], [ 28.3732974, 41.1877137 ], [ 28.371554, 41.1890742 ], [ 28.3684723, 41.1891035 ], [ 28.3672786, 41.1929132 ], [ 28.369478, 41.1943744 ], [ 28.3741558, 41.1946126 ], [ 28.3747093, 41.1956932 ], [ 28.3730865, 41.1963247 ], [ 28.3730024, 41.1976077 ], [ 28.3782073, 41.201293 ], [ 28.3784807, 41.2023922 ], [ 28.3774655, 41.2018057 ], [ 28.3767078, 41.2023029 ], [ 28.3755076, 41.2053491 ], [ 28.3738084, 41.2055918 ], [ 28.3739919, 41.2084839 ], [ 28.3698152, 41.2091963 ], [ 28.3684995, 41.2078149 ], [ 28.3670065, 41.209423 ], [ 28.3673215, 41.2122017 ], [ 28.3610666, 41.2142437 ], [ 28.3602718, 41.2155826 ], [ 28.3585595, 41.2163325 ], [ 28.357864, 41.2183758 ], [ 28.3521026, 41.221975 ], [ 28.3496472, 41.2260735 ], [ 28.3479774, 41.2330479 ], [ 28.3463765, 41.2351028 ], [ 28.3470487, 41.2388171 ], [ 28.3440989, 41.2395568 ], [ 28.3445442, 41.2410816 ], [ 28.3431833, 41.2418689 ], [ 28.3417186, 41.2411889 ], [ 28.339439, 41.241806 ], [ 28.3344498, 41.2393278 ], [ 28.3334598, 41.2394845 ], [ 28.3328997, 41.2406208 ], [ 28.3290699, 41.2392102 ], [ 28.3241849, 41.2429128 ], [ 28.3198599, 41.2437337 ], [ 28.317392, 41.2451594 ], [ 28.3171741, 41.2463085 ], [ 28.3152363, 41.2474166 ], [ 28.3167452, 41.2472654 ], [ 28.3188449, 41.2488157 ], [ 28.3179396, 41.2517462 ], [ 28.3138784, 41.2556502 ], [ 28.3126839, 41.2557069 ], [ 28.3110368, 41.2576068 ], [ 28.3076168, 41.2594783 ], [ 28.3059697, 41.2650641 ], [ 28.306196, 41.2678616 ], [ 28.303543, 41.268646 ], [ 28.3022605, 41.2701486 ], [ 28.3029144, 41.2717362 ], [ 28.3029018, 41.2736073 ], [ 28.3020594, 41.2742971 ], [ 28.3026252, 41.2755445 ], [ 28.3008146, 41.2762532 ], [ 28.2965219, 41.2755851 ], [ 28.2932925, 41.2732427 ], [ 28.2797313, 41.2975657 ], [ 28.2748389, 41.3126129 ], [ 28.2671908, 41.3179098 ], [ 28.2654081, 41.3233083 ], [ 28.2653369, 41.3244169 ], [ 28.2742143, 41.3338751 ], [ 28.2750454, 41.3334036 ], [ 28.2754659, 41.3346737 ], [ 28.2748916, 41.3354944 ], [ 28.2765002, 41.3372825 ], [ 28.2766963, 41.3393596 ], [ 28.2797688, 41.3425617 ], [ 28.2814018, 41.3463649 ], [ 28.2790527, 41.3496117 ], [ 28.2727846, 41.3539109 ], [ 28.2725247, 41.3556688 ], [ 28.2711135, 41.3558348 ], [ 28.2666421, 41.3534574 ], [ 28.2630611, 41.3471919 ], [ 28.2523298, 41.3462571 ], [ 28.2477619, 41.3436744 ], [ 28.2457555, 41.3447965 ], [ 28.2417948, 41.345352 ], [ 28.2404915, 41.3443846 ], [ 28.2331979, 41.342454 ], [ 28.2253897, 41.3430835 ], [ 28.2206368, 41.3459752 ], [ 28.2188652, 41.346268 ], [ 28.2132114, 41.3410511 ], [ 28.211369, 41.3354842 ], [ 28.2097077, 41.3378649 ], [ 28.2086883, 41.3415265 ], [ 28.2071668, 41.3421129 ], [ 28.2049434, 41.3452118 ], [ 28.1753338, 41.3549068 ], [ 28.1598382, 41.3586127 ], [ 28.153558, 41.3590605 ], [ 28.1439487, 41.3578183 ], [ 28.1359101, 41.3607532 ], [ 28.1323678, 41.3637851 ], [ 28.1323157, 41.3617921 ], [ 28.1337729, 41.3604979 ], [ 28.1343558, 41.3564056 ], [ 28.1362986, 41.3542089 ], [ 28.1361044, 41.3519483 ], [ 28.1348172, 41.3506722 ], [ 28.1358676, 41.3492911 ], [ 28.13183, 41.3425588 ], [ 28.1241313, 41.3345175 ], [ 28.1249814, 41.3333413 ], [ 28.1278835, 41.3335966 ], [ 28.1291464, 41.3289463 ], [ 28.1287457, 41.3280162 ], [ 28.1307857, 41.325244 ], [ 28.131065, 41.3232834 ], [ 28.1330686, 41.3211221 ], [ 28.1385572, 41.3204746 ], [ 28.1382051, 41.3193893 ], [ 28.1390595, 41.318415 ], [ 28.1381687, 41.3176565 ], [ 28.1356186, 41.3178754 ], [ 28.1361286, 41.3182402 ], [ 28.1345743, 41.3176656 ], [ 28.132765, 41.313753 ], [ 28.1284057, 41.3095208 ], [ 28.1266328, 41.3091104 ], [ 28.1248235, 41.3070124 ], [ 28.1250664, 41.3063831 ], [ 28.1237913, 41.3062827 ], [ 28.1214963, 41.3032907 ], [ 28.119347, 41.3028164 ], [ 28.1168213, 41.3000796 ], [ 28.1166755, 41.2981365 ], [ 28.1111262, 41.2982733 ], [ 28.1099726, 41.2970965 ], [ 28.1071797, 41.2989667 ], [ 28.1048968, 41.2981091 ], [ 28.104059, 41.2968593 ], [ 28.094126, 41.2999154 ], [ 28.0929481, 41.2984193 ], [ 28.0935067, 41.2970874 ], [ 28.0911854, 41.2958146 ], [ 28.0892408, 41.296407 ], [ 28.088133, 41.295613 ], [ 28.086148, 41.2972333 ], [ 28.086573, 41.2976712 ], [ 28.0821894, 41.2991218 ], [ 28.0788167, 41.2970434 ], [ 28.0770884, 41.2998688 ], [ 28.0783645, 41.3010962 ], [ 28.0764326, 41.3021638 ], [ 28.0781802, 41.3119094 ], [ 28.0778702, 41.321122 ], [ 28.0789411, 41.3212754 ], [ 28.0804324, 41.3244661 ], [ 28.0795005, 41.325843 ], [ 28.0820263, 41.3305444 ], [ 28.082119, 41.3330359 ], [ 28.0850459, 41.3381136 ], [ 28.0866122, 41.3393138 ], [ 28.0897665, 41.3462732 ], [ 28.0890057, 41.35033 ], [ 28.0877387, 41.3524185 ], [ 28.0890302, 41.3555044 ], [ 28.0885863, 41.3588209 ], [ 28.0893576, 41.3695754 ], [ 28.0921247, 41.3750215 ], [ 28.0948293, 41.3773964 ], [ 28.0988078, 41.3860364 ], [ 28.0989144, 41.394076 ], [ 28.1017631, 41.4041086 ], [ 28.1101298, 41.4039901 ], [ 28.1133068, 41.4070568 ], [ 28.1182394, 41.4079681 ], [ 28.1217715, 41.4096812 ], [ 28.1205261, 41.4133484 ], [ 28.1161602, 41.4176233 ], [ 28.1112403, 41.4265362 ], [ 28.1110816, 41.4319092 ], [ 28.1137776, 41.4388739 ], [ 28.1136382, 41.447608 ], [ 28.112391, 41.4491531 ], [ 28.1118889, 41.4541597 ], [ 28.1127262, 41.4596296 ], [ 28.1116855, 41.4654104 ], [ 28.1064498, 41.4692291 ], [ 28.1063318, 41.4733933 ], [ 28.1049049, 41.4740766 ], [ 28.1049293, 41.4756726 ], [ 28.1027643, 41.4752341 ], [ 28.0996426, 41.4764944 ], [ 28.0987143, 41.4781199 ], [ 28.0967188, 41.4782566 ], [ 28.093586, 41.4800571 ], [ 28.0903995, 41.4830471 ], [ 28.0894875, 41.4854985 ], [ 28.0853471, 41.4900769 ], [ 28.0813229, 41.49106 ], [ 28.0786008, 41.4931414 ], [ 28.0711841, 41.4934067 ] ] ] } },
{ "type": "Feature", "properties": { "ilce": "Tuzla" }, "geometry": { "type": "Polygon", "coordinates": [ [ [ 29.2667864, 40.8351315 ], [ 29.2694294, 40.8364939 ], [ 29.2685188, 40.8378846 ], [ 29.2662015, 40.8379245 ], [ 29.268309, 40.8383748 ], [ 29.2664085, 40.8385417 ], [ 29.265198, 40.8389333 ], [ 29.2666972, 40.8398989 ], [ 29.2646742, 40.8390861 ], [ 29.2627038, 40.8399621 ], [ 29.2660044, 40.844544 ], [ 29.2652772, 40.8448985 ], [ 29.2657934, 40.845724 ], [ 29.2668201, 40.8456865 ], [ 29.267038, 40.8464701 ], [ 29.2662797, 40.8467292 ], [ 29.26776, 40.8496677 ], [ 29.2708301, 40.8492056 ], [ 29.2712694, 40.8506284 ], [ 29.2703853, 40.8454408 ], [ 29.2674499, 40.8422982 ], [ 29.269722, 40.84079 ], [ 29.271124, 40.837296 ], [ 29.2732699, 40.8356702 ], [ 29.2783213, 40.8339168 ], [ 29.2798979, 40.8353741 ], [ 29.2822243, 40.8342689 ], [ 29.2802702, 40.8356843 ], [ 29.2842481, 40.8397082 ], [ 29.2832261, 40.8415175 ], [ 29.2857919, 40.8440253 ], [ 29.2869936, 40.84435 ], [ 29.2893968, 40.842967 ], [ 29.29125, 40.8450182 ], [ 29.2911, 40.848069 ], [ 29.287262, 40.854434 ], [ 29.2879872, 40.8557318 ], [ 29.2876996, 40.8573893 ], [ 29.2911989, 40.8554998 ], [ 29.2931994, 40.8576803 ], [ 29.2947277, 40.8575599 ], [ 29.2942058, 40.8584732 ], [ 29.2947361, 40.859443 ], [ 29.296331, 40.859239 ], [ 29.2981333, 40.8638248 ], [ 29.3039069, 40.8638361 ], [ 29.3049495, 40.8612397 ], [ 29.3060118, 40.8611361 ], [ 29.3121245, 40.8621545 ], [ 29.3151799, 40.863746 ], [ 29.3149214, 40.8659036 ], [ 29.312143, 40.8685643 ], [ 29.3126717, 40.8721282 ], [ 29.312002, 40.8743358 ], [ 29.3072724, 40.8755461 ], [ 29.3065501, 40.8767795 ], [ 29.3100322, 40.8768208 ], [ 29.3145673, 40.8788226 ], [ 29.3247064, 40.8861673 ], [ 29.3279254, 40.8903159 ], [ 29.3291482, 40.8961337 ], [ 29.3266359, 40.8982228 ], [ 29.326598, 40.8999699 ], [ 29.3293263, 40.9016025 ], [ 29.3279394, 40.9089799 ], [ 29.3348207, 40.9117977 ], [ 29.3358211, 40.9138595 ], [ 29.3351239, 40.9160816 ], [ 29.3385797, 40.9263433 ], [ 29.3366223, 40.9310924 ], [ 29.34253, 40.9331775 ], [ 29.3556702, 40.9351111 ], [ 29.3647191, 40.9396835 ], [ 29.3727896, 40.9422114 ], [ 29.3732493, 40.9452886 ], [ 29.3761846, 40.948218 ], [ 29.3822645, 40.948062 ], [ 29.3845965, 40.9513496 ], [ 29.3899074, 40.9524948 ], [ 29.3900811, 40.954592 ], [ 29.3912277, 40.9540341 ], [ 29.3910926, 40.9531322 ], [ 29.3958813, 40.9542212 ], [ 29.399029, 40.9591567 ], [ 29.3999806, 40.9645165 ], [ 29.4067032, 40.9600886 ], [ 29.4133865, 40.9695295 ], [ 29.4182377, 40.9728727 ], [ 29.4463607, 40.9754561 ], [ 29.4521727, 40.9788737 ], [ 29.4535786, 40.9806318 ], [ 29.455322, 40.9766581 ], [ 29.4549551, 40.9736187 ], [ 29.4563809, 40.9707317 ], [ 29.454689, 40.9680878 ], [ 29.4554382, 40.9658563 ], [ 29.4545666, 40.9638684 ], [ 29.4550825, 40.9625924 ], [ 29.4533954, 40.9596743 ], [ 29.456816, 40.954383 ], [ 29.4549894, 40.9542659 ], [ 29.4519701, 40.9475126 ], [ 29.4430685, 40.944275 ], [ 29.4388309, 40.9411432 ], [ 29.4389422, 40.9397533 ], [ 29.4370782, 40.9381046 ], [ 29.4395214, 40.9364854 ], [ 29.438274, 40.9339374 ], [ 29.4419688, 40.9336088 ], [ 29.4411679, 40.9276389 ], [ 29.4417412, 40.9200553 ], [ 29.4436276, 40.9178015 ], [ 29.4437379, 40.9161315 ], [ 29.4469191, 40.9167552 ], [ 29.4478329, 40.9156253 ], [ 29.4497593, 40.9160334 ], [ 29.450264, 40.9153664 ], [ 29.452107, 40.9172908 ], [ 29.4552662, 40.9129768 ], [ 29.4564576, 40.9126028 ], [ 29.4495664, 40.9061379 ], [ 29.4468593, 40.9054887 ], [ 29.4450029, 40.9024224 ], [ 29.4421303, 40.9004758 ], [ 29.4345269, 40.8992333 ], [ 29.4220078, 40.8992227 ], [ 29.4162583, 40.8980087 ], [ 29.4150258, 40.8953694 ], [ 29.4154339, 40.8891208 ], [ 29.4135547, 40.886492 ], [ 29.4132882, 40.8811364 ], [ 29.4140375, 40.8791754 ], [ 29.4035705, 40.8797887 ], [ 29.396453, 40.876355 ], [ 29.3793144, 40.8722799 ], [ 29.3746358, 40.8683166 ], [ 29.3711919, 40.8638663 ], [ 29.3695272, 40.8641103 ], [ 29.3672366, 40.8625442 ], [ 29.3666626, 40.8592742 ], [ 29.3644095, 40.8590876 ], [ 29.366085, 40.8559704 ], [ 29.3680846, 40.855846 ], [ 29.3629726, 40.8518765 ], [ 29.3616071, 40.8491162 ], [ 29.3629752, 40.8490411 ], [ 29.3682668, 40.8399838 ], [ 29.3711445, 40.8377785 ], [ 29.36935, 40.8334827 ], [ 29.3663369, 40.8311551 ], [ 29.3662767, 40.8294761 ], [ 29.3641731, 40.8271147 ], [ 29.3634146, 40.8236905 ], [ 29.3643388, 40.8230032 ], [ 29.3636589, 40.8196612 ], [ 29.3642175, 40.8189761 ], [ 29.3622896, 40.8164292 ], [ 29.3566619, 40.8210011 ], [ 29.3498691, 40.8244937 ], [ 29.3427362, 40.8139282 ], [ 29.3420268, 40.8138552 ], [ 29.3417451, 40.8122741 ], [ 29.3391181, 40.8097985 ], [ 29.3350119, 40.8114288 ], [ 29.3333761, 40.8136426 ], [ 29.32599, 40.8169478 ], [ 29.3260199, 40.8179902 ], [ 29.3252196, 40.8180913 ], [ 29.3249289, 40.8171101 ], [ 29.3250576, 40.8183726 ], [ 29.3241555, 40.8184826 ], [ 29.3243976, 40.8164271 ], [ 29.3237395, 40.815692 ], [ 29.322637, 40.8151379 ], [ 29.324177, 40.8165826 ], [ 29.3222331, 40.8170534 ], [ 29.3221438, 40.8151418 ], [ 29.3206489, 40.8143757 ], [ 29.3219465, 40.8152401 ], [ 29.3215827, 40.8172923 ], [ 29.3205144, 40.8177253 ], [ 29.32138, 40.8162323 ], [ 29.3211305, 40.8153897 ], [ 29.3203759, 40.816916 ], [ 29.3207091, 40.8153304 ], [ 29.3200596, 40.817541 ], [ 29.3182076, 40.8172064 ], [ 29.3187733, 40.8148396 ], [ 29.320566, 40.8137479 ], [ 29.317781, 40.8137135 ], [ 29.315915, 40.8160857 ], [ 29.3143908, 40.813668 ], [ 29.3179228, 40.8129302 ], [ 29.3127462, 40.8131183 ], [ 29.309284, 40.8114063 ], [ 29.3018297, 40.8147292 ], [ 29.3020597, 40.8153915 ], [ 29.2971466, 40.8163298 ], [ 29.2939425, 40.8156226 ], [ 29.2932621, 40.814064 ], [ 29.2949166, 40.8139268 ], [ 29.2936726, 40.8138459 ], [ 29.2939425, 40.8131177 ], [ 29.2952657, 40.8131511 ], [ 29.2949982, 40.8126809 ], [ 29.2969798, 40.8124329 ], [ 29.2964419, 40.8121933 ], [ 29.2973987, 40.8117144 ], [ 29.287894, 40.8138894 ], [ 29.284905, 40.8123437 ], [ 29.27735, 40.8142081 ], [ 29.2709398, 40.8116159 ], [ 29.2678871, 40.8120662 ], [ 29.2651925, 40.8114717 ], [ 29.2640545, 40.8097399 ], [ 29.2646822, 40.8094354 ], [ 29.2620772, 40.809947 ], [ 29.2616819, 40.8088111 ], [ 29.2643287, 40.8082309 ], [ 29.2651639, 40.8095016 ], [ 29.265518, 40.8095056 ], [ 29.2638856, 40.8074085 ], [ 29.263601, 40.8050142 ], [ 29.2571419, 40.8027042 ], [ 29.2570596, 40.8051099 ], [ 29.2586727, 40.8079769 ], [ 29.2545791, 40.8145617 ], [ 29.2578911, 40.8143254 ], [ 29.2633542, 40.8186155 ], [ 29.2660688, 40.818945 ], [ 29.2644132, 40.8186867 ], [ 29.2619533, 40.816441 ], [ 29.2641648, 40.8149561 ], [ 29.2673703, 40.8150613 ], [ 29.2691869, 40.8172026 ], [ 29.2696504, 40.8196695 ], [ 29.2754089, 40.8204272 ], [ 29.2760409, 40.8232346 ], [ 29.2784865, 40.8244491 ], [ 29.2795637, 40.8260119 ], [ 29.2794055, 40.8287917 ], [ 29.2776769, 40.8317446 ], [ 29.2716835, 40.8318091 ], [ 29.2673451, 40.8339973 ], [ 29.2652942, 40.8367592 ], [ 29.2641047, 40.8372414 ], [ 29.2657227, 40.8372186 ], [ 29.2667864, 40.8351315 ] ] ] } },
{ "type": "Feature", "properties": { "ilce": "Tuzla" }, "geometry": { "type": "Polygon", "coordinates": [ [ [ 29.2667864, 40.8351315 ], [ 29.2694294, 40.8364939 ], [ 29.2685188, 40.8378846 ], [ 29.2662015, 40.8379245 ], [ 29.268309, 40.8383748 ], [ 29.2664085, 40.8385417 ], [ 29.265198, 40.8389333 ], [ 29.2666972, 40.8398989 ], [ 29.2646742, 40.8390861 ], [ 29.2627038, 40.8399621 ], [ 29.2660044, 40.844544 ], [ 29.2652772, 40.8448985 ], [ 29.2657934, 40.845724 ], [ 29.2668201, 40.8456865 ], [ 29.267038, 40.8464701 ], [ 29.2662797, 40.8467292 ], [ 29.26776, 40.8496677 ], [ 29.2708301, 40.8492056 ], [ 29.2712694, 40.8506284 ], [ 29.2703853, 40.8454408 ], [ 29.2674499, 40.8422982 ], [ 29.269722, 40.84079 ], [ 29.271124, 40.837296 ], [ 29.2732699, 40.8356702 ], [ 29.2783213, 40.8339168 ], [ 29.2798979, 40.8353741 ], [ 29.2822243, 40.8342689 ], [ 29.2802702, 40.8356843 ], [ 29.2842481, 40.8397082 ], [ 29.2832261, 40.8415175 ], [ 29.2857919, 40.8440253 ], [ 29.2869936, 40.84435 ], [ 29.2893968, 40.842967 ], [ 29.29125, 40.8450182 ], [ 29.2911, 40.848069 ], [ 29.287262, 40.854434 ], [ 29.2879872, 40.8557318 ], [ 29.2876996, 40.8573893 ], [ 29.2911989, 40.8554998 ], [ 29.2931994, 40.8576803 ], [ 29.2947277, 40.8575599 ], [ 29.2942058, 40.8584732 ], [ 29.2947361, 40.859443 ], [ 29.296331, 40.859239 ], [ 29.2981333, 40.8638248 ], [ 29.3039069, 40.8638361 ], [ 29.3049495, 40.8612397 ], [ 29.3060118, 40.8611361 ], [ 29.3121245, 40.8621545 ], [ 29.3151799, 40.863746 ], [ 29.3149214, 40.8659036 ], [ 29.312143, 40.8685643 ], [ 29.3126717, 40.8721282 ], [ 29.312002, 40.8743358 ], [ 29.3072724, 40.8755461 ], [ 29.3065501, 40.8767795 ], [ 29.3100322, 40.8768208 ], [ 29.3145673, 40.8788226 ], [ 29.3247064, 40.8861673 ], [ 29.3279254, 40.8903159 ], [ 29.3291482, 40.8961337 ], [ 29.3266359, 40.8982228 ], [ 29.326598, 40.8999699 ], [ 29.3293263, 40.9016025 ], [ 29.3279394, 40.9089799 ], [ 29.3348207, 40.9117977 ], [ 29.3358211, 40.9138595 ], [ 29.3351239, 40.9160816 ], [ 29.3385797, 40.9263433 ], [ 29.3366223, 40.9310924 ], [ 29.34253, 40.9331775 ], [ 29.3556702, 40.9351111 ], [ 29.3647191, 40.9396835 ], [ 29.3727896, 40.9422114 ], [ 29.3732493, 40.9452886 ], [ 29.3761846, 40.948218 ], [ 29.3822645, 40.948062 ], [ 29.3845965, 40.9513496 ], [ 29.3899074, 40.9524948 ], [ 29.3900811, 40.954592 ], [ 29.3912277, 40.9540341 ], [ 29.3910926, 40.9531322 ], [ 29.3958813, 40.9542212 ], [ 29.399029, 40.9591567 ], [ 29.3999806, 40.9645165 ], [ 29.4067032, 40.9600886 ], [ 29.4133865, 40.9695295 ], [ 29.4182377, 40.9728727 ], [ 29.4463607, 40.9754561 ], [ 29.4521727, 40.9788737 ], [ 29.4535786, 40.9806318 ], [ 29.455322, 40.9766581 ], [ 29.4549551, 40.9736187 ], [ 29.4563809, 40.9707317 ], [ 29.454689, 40.9680878 ], [ 29.4554382, 40.9658563 ], [ 29.4545666, 40.9638684 ], [ 29.4550825, 40.9625924 ], [ 29.4533954, 40.9596743 ], [ 29.456816, 40.954383 ], [ 29.4549894, 40.9542659 ], [ 29.4519701, 40.9475126 ], [ 29.4430685, 40.944275 ], [ 29.4388309, 40.9411432 ], [ 29.4389422, 40.9397533 ], [ 29.4370782, 40.9381046 ], [ 29.4395214, 40.9364854 ], [ 29.438274, 40.9339374 ], [ 29.4419688, 40.9336088 ], [ 29.4411679, 40.9276389 ], [ 29.4417412, 40.9200553 ], [ 29.4436276, 40.9178015 ], [ 29.4437379, 40.9161315 ], [ 29.4469191, 40.9167552 ], [ 29.4478329, 40.9156253 ], [ 29.4497593, 40.9160334 ], [ 29.450264, 40.9153664 ], [ 29.452107, 40.9172908 ], [ 29.4552662, 40.9129768 ], [ 29.4564576, 40.9126028 ], [ 29.4495664, 40.9061379 ], [ 29.4468593, 40.9054887 ], [ 29.4450029, 40.9024224 ], [ 29.4421303, 40.9004758 ], [ 29.4345269, 40.8992333 ], [ 29.4220078, 40.8992227 ], [ 29.4162583, 40.8980087 ], [ 29.4150258, 40.8953694 ], [ 29.4154339, 40.8891208 ], [ 29.4135547, 40.886492 ], [ 29.4132882, 40.8811364 ], [ 29.4140375, 40.8791754 ], [ 29.4035705, 40.8797887 ], [ 29.396453, 40.876355 ], [ 29.3793144, 40.8722799 ], [ 29.3746358, 40.8683166 ], [ 29.3711919, 40.8638663 ], [ 29.3695272, 40.8641103 ], [ 29.3672366, 40.8625442 ], [ 29.3666626, 40.8592742 ], [ 29.3644095, 40.8590876 ], [ 29.366085, 40.8559704 ], [ 29.3680846, 40.855846 ], [ 29.3629726, 40.8518765 ], [ 29.3616071, 40.8491162 ], [ 29.3629752, 40.8490411 ], [ 29.3682668, 40.8399838 ], [ 29.3711445, 40.8377785 ], [ 29.36935, 40.8334827 ], [ 29.3663369, 40.8311551 ], [ 29.3662767, 40.8294761 ], [ 29.3641731, 40.8271147 ], [ 29.3634146, 40.8236905 ], [ 29.3643388, 40.8230032 ], [ 29.3636589, 40.8196612 ], [ 29.3642175, 40.8189761 ], [ 29.3622896, 40.8164292 ], [ 29.3566619, 40.8210011 ], [ 29.3498691, 40.8244937 ], [ 29.3427362, 40.8139282 ], [ 29.3420268, 40.8138552 ], [ 29.3417451, 40.8122741 ], [ 29.3391181, 40.8097985 ], [ 29.3350119, 40.8114288 ], [ 29.3333761, 40.8136426 ], [ 29.32599, 40.8169478 ], [ 29.3260199, 40.8179902 ], [ 29.3252196, 40.8180913 ], [ 29.3249289, 40.8171101 ], [ 29.3250576, 40.8183726 ], [ 29.3241555, 40.8184826 ], [ 29.3243976, 40.8164271 ], [ 29.3237395, 40.815692 ], [ 29.322637, 40.8151379 ], [ 29.324177, 40.8165826 ], [ 29.3222331, 40.8170534 ], [ 29.3221438, 40.8151418 ], [ 29.3206489, 40.8143757 ], [ 29.3219465, 40.8152401 ], [ 29.3215827, 40.8172923 ], [ 29.3205144, 40.8177253 ], [ 29.32138, 40.8162323 ], [ 29.3211305, 40.8153897 ], [ 29.3203759, 40.816916 ], [ 29.3207091, 40.8153304 ], [ 29.3200596, 40.817541 ], [ 29.3182076, 40.8172064 ], [ 29.3187733, 40.8148396 ], [ 29.320566, 40.8137479 ], [ 29.317781, 40.8137135 ], [ 29.315915, 40.8160857 ], [ 29.3143908, 40.813668 ], [ 29.3179228, 40.8129302 ], [ 29.3127462, 40.8131183 ], [ 29.309284, 40.8114063 ], [ 29.3018297, 40.8147292 ], [ 29.3020597, 40.8153915 ], [ 29.2971466, 40.8163298 ], [ 29.2939425, 40.8156226 ], [ 29.2932621, 40.814064 ], [ 29.2949166, 40.8139268 ], [ 29.2936726, 40.8138459 ], [ 29.2939425, 40.8131177 ], [ 29.2952657, 40.8131511 ], [ 29.2949982, 40.8126809 ], [ 29.2969798, 40.8124329 ], [ 29.2964419, 40.8121933 ], [ 29.2973987, 40.8117144 ], [ 29.287894, 40.8138894 ], [ 29.284905, 40.8123437 ], [ 29.27735, 40.8142081 ], [ 29.2709398, 40.8116159 ], [ 29.2678871, 40.8120662 ], [ 29.2651925, 40.8114717 ], [ 29.2640545, 40.8097399 ], [ 29.2646822, 40.8094354 ], [ 29.2620772, 40.809947 ], [ 29.2616819, 40.8088111 ], [ 29.2643287, 40.8082309 ], [ 29.2651639, 40.8095016 ], [ 29.265518, 40.8095056 ], [ 29.2638856, 40.8074085 ], [ 29.263601, 40.8050142 ], [ 29.2571419, 40.8027042 ], [ 29.2570596, 40.8051099 ], [ 29.2586727, 40.8079769 ], [ 29.2545791, 40.8145617 ], [ 29.2578911, 40.8143254 ], [ 29.2633542, 40.8186155 ], [ 29.2660688, 40.818945 ], [ 29.2644132, 40.8186867 ], [ 29.2619533, 40.816441 ], [ 29.2641648, 40.8149561 ], [ 29.2673703, 40.8150613 ], [ 29.2691869, 40.8172026 ], [ 29.2696504, 40.8196695 ], [ 29.2754089, 40.8204272 ], [ 29.2760409, 40.8232346 ], [ 29.2784865, 40.8244491 ], [ 29.2795637, 40.8260119 ], [ 29.2794055, 40.8287917 ], [ 29.2776769, 40.8317446 ], [ 29.2716835, 40.8318091 ], [ 29.2673451, 40.8339973 ], [ 29.2652942, 40.8367592 ], [ 29.2641047, 40.8372414 ], [ 29.2657227, 40.8372186 ], [ 29.2667864, 40.8351315 ] ] ] } },
{ "type": "Feature", "properties": { "ilce": "Pendik" }, "geometry": { "type": "Polygon", "coordinates": [ [ [ 29.2154413, 40.8781452 ], [ 29.2179029, 40.8807444 ], [ 29.2189055, 40.8847345 ], [ 29.2174068, 40.8866583 ], [ 29.2187573, 40.8866813 ], [ 29.2187487, 40.890044 ], [ 29.2232245, 40.8896182 ], [ 29.223129, 40.8940084 ], [ 29.2245486, 40.8973843 ], [ 29.2322942, 40.8923614 ], [ 29.2335118, 40.8943197 ], [ 29.2370991, 40.8962469 ], [ 29.2369498, 40.8978222 ], [ 29.2376929, 40.8987584 ], [ 29.2431113, 40.8983368 ], [ 29.2466612, 40.9008528 ], [ 29.2469004, 40.9046317 ], [ 29.2454553, 40.9062247 ], [ 29.2458599, 40.9115987 ], [ 29.2435189, 40.9138857 ], [ 29.245137, 40.9149492 ], [ 29.243682, 40.9164032 ], [ 29.2429909, 40.9195255 ], [ 29.2495887, 40.9222921 ], [ 29.2508694, 40.9259703 ], [ 29.2529156, 40.9289999 ], [ 29.2551524, 40.9306471 ], [ 29.2551653, 40.9320913 ], [ 29.2735697, 40.9317408 ], [ 29.2779169, 40.9326307 ], [ 29.28027, 40.9346357 ], [ 29.2963886, 40.9385013 ], [ 29.302526, 40.9422488 ], [ 29.3099644, 40.9492854 ], [ 29.3096973, 40.9513828 ], [ 29.3119449, 40.9555785 ], [ 29.3117751, 40.9590355 ], [ 29.3108029, 40.9600343 ], [ 29.3053442, 40.9586556 ], [ 29.3027668, 40.9589668 ], [ 29.2998286, 40.9641386 ], [ 29.2964192, 40.9675376 ], [ 29.2935757, 40.9688849 ], [ 29.2930944, 40.9702746 ], [ 29.2905177, 40.972498 ], [ 29.2889887, 40.9757474 ], [ 29.2902062, 40.9760894 ], [ 29.2893285, 40.97703 ], [ 29.2900364, 40.9791249 ], [ 29.2892152, 40.9801082 ], [ 29.2875031, 40.989246 ], [ 29.2877619, 40.9968283 ], [ 29.2862174, 41.0009144 ], [ 29.287747, 41.0063106 ], [ 29.2886712, 41.0075226 ], [ 29.2910594, 41.0083066 ], [ 29.291974, 41.0105917 ], [ 29.2941666, 41.0119157 ], [ 29.2933651, 41.0135714 ], [ 29.2948815, 41.0151029 ], [ 29.2984345, 41.0158447 ], [ 29.3093219, 41.0155121 ], [ 29.3154446, 41.0170975 ], [ 29.3358696, 41.0169638 ], [ 29.3425625, 41.0158953 ], [ 29.34492, 41.0166672 ], [ 29.3490474, 41.0217585 ], [ 29.3555799, 41.0257346 ], [ 29.3643724, 41.0265401 ], [ 29.3643262, 41.0290568 ], [ 29.3609131, 41.0324736 ], [ 29.3592498, 41.0357691 ], [ 29.3617955, 41.0415897 ], [ 29.3654059, 41.04389 ], [ 29.363873, 41.0465308 ], [ 29.3609736, 41.0479138 ], [ 29.35929, 41.0496822 ], [ 29.3587143, 41.0515833 ], [ 29.3601615, 41.0550103 ], [ 29.3652716, 41.0605633 ], [ 29.36988, 41.0575972 ], [ 29.3760992, 41.0572311 ], [ 29.3761331, 41.0521742 ], [ 29.3782736, 41.0489577 ], [ 29.3753181, 41.0421077 ], [ 29.3766547, 41.0386753 ], [ 29.3759059, 41.0348941 ], [ 29.3794446, 41.0332883 ], [ 29.3843054, 41.0289163 ], [ 29.3990818, 41.0245329 ], [ 29.4046835, 41.0237932 ], [ 29.4116129, 41.0266636 ], [ 29.4137748, 41.026611 ], [ 29.4243155, 41.0215519 ], [ 29.4300975, 41.020676 ], [ 29.430705, 41.0197718 ], [ 29.4283189, 41.0153692 ], [ 29.4306726, 41.0140509 ], [ 29.4331768, 41.0144242 ], [ 29.4348188, 41.0117293 ], [ 29.4333397, 41.009772 ], [ 29.4342126, 41.00825 ], [ 29.4361768, 41.0102843 ], [ 29.437866, 41.0096336 ], [ 29.4376721, 41.0077781 ], [ 29.4351125, 41.0048343 ], [ 29.434441, 41.0025853 ], [ 29.4398181, 40.999774 ], [ 29.4414484, 40.9964325 ], [ 29.4453355, 40.9983272 ], [ 29.4495465, 40.9989995 ], [ 29.453393, 41.002422 ], [ 29.4578874, 41.0043471 ], [ 29.4627867, 41.0079221 ], [ 29.4661879, 41.009022 ], [ 29.4710467, 41.0137883 ], [ 29.4758245, 41.0163852 ], [ 29.4759055, 41.0180349 ], [ 29.4813312, 41.0204177 ], [ 29.4836391, 41.023778 ], [ 29.4836391, 41.0299788 ], [ 29.4974868, 41.035782 ], [ 29.4989039, 41.0354155 ], [ 29.4995113, 41.0333997 ], [ 29.5018537, 41.0319922 ], [ 29.5001023, 41.026403 ], [ 29.5008123, 41.0220674 ], [ 29.4991814, 41.0200491 ], [ 29.4996757, 41.0176734 ], [ 29.4978726, 41.0157616 ], [ 29.49548, 41.0147011 ], [ 29.4936669, 41.0123696 ], [ 29.4928408, 41.0090827 ], [ 29.5017457, 41.0009537 ], [ 29.5062518, 40.9994234 ], [ 29.5053575, 40.9976425 ], [ 29.5067024, 40.9952451 ], [ 29.5054282, 40.9944435 ], [ 29.5063269, 40.989212 ], [ 29.5047605, 40.9870092 ], [ 29.5008109, 40.9867665 ], [ 29.4956542, 40.981508 ], [ 29.4894451, 40.9768514 ], [ 29.4841718, 40.9752001 ], [ 29.4812186, 40.9696018 ], [ 29.4847298, 40.9687602 ], [ 29.4844878, 40.9650425 ], [ 29.4828844, 40.9626274 ], [ 29.4790309, 40.9619014 ], [ 29.4797393, 40.9605856 ], [ 29.4790309, 40.9579604 ], [ 29.4772196, 40.9593461 ], [ 29.4756102, 40.9594596 ], [ 29.4696772, 40.9533098 ], [ 29.4699567, 40.9516608 ], [ 29.4632713, 40.950964 ], [ 29.4603496, 40.9531648 ], [ 29.4560074, 40.9547812 ], [ 29.4544688, 40.9588313 ], [ 29.4533954, 40.9596743 ], [ 29.4550825, 40.9625924 ], [ 29.4545666, 40.9638684 ], [ 29.4554382, 40.9658563 ], [ 29.454689, 40.9680878 ], [ 29.4563809, 40.9707317 ], [ 29.4549551, 40.9736187 ], [ 29.455322, 40.9766581 ], [ 29.4535786, 40.9806318 ], [ 29.4521727, 40.9788737 ], [ 29.4463607, 40.9754561 ], [ 29.4182377, 40.9728727 ], [ 29.4133865, 40.9695295 ], [ 29.4067032, 40.9600886 ], [ 29.3999806, 40.9645165 ], [ 29.399029, 40.9591567 ], [ 29.3958813, 40.9542212 ], [ 29.3910926, 40.9531322 ], [ 29.3912277, 40.9540341 ], [ 29.3900811, 40.954592 ], [ 29.3899074, 40.9524948 ], [ 29.3845965, 40.9513496 ], [ 29.3822645, 40.948062 ], [ 29.3761846, 40.948218 ], [ 29.3732493, 40.9452886 ], [ 29.3727896, 40.9422114 ], [ 29.3647191, 40.9396835 ], [ 29.3556702, 40.9351111 ], [ 29.34253, 40.9331775 ], [ 29.3366223, 40.9310924 ], [ 29.3385797, 40.9263433 ], [ 29.3351239, 40.9160816 ], [ 29.3358211, 40.9138595 ], [ 29.3348207, 40.9117977 ], [ 29.3279394, 40.9089799 ], [ 29.3293263, 40.9016025 ], [ 29.326598, 40.8999699 ], [ 29.3266359, 40.8982228 ], [ 29.3291482, 40.8961337 ], [ 29.3279254, 40.8903159 ], [ 29.3247064, 40.8861673 ], [ 29.3145673, 40.8788226 ], [ 29.3100322, 40.8768208 ], [ 29.3065501, 40.8767795 ], [ 29.3072724, 40.8755461 ], [ 29.312002, 40.8743358 ], [ 29.3126717, 40.8721282 ], [ 29.312143, 40.8685643 ], [ 29.3149214, 40.8659036 ], [ 29.3151799, 40.863746 ], [ 29.3121245, 40.8621545 ], [ 29.3060118, 40.8611361 ], [ 29.3049495, 40.8612397 ], [ 29.3039069, 40.8638361 ], [ 29.2981333, 40.8638248 ], [ 29.296331, 40.859239 ], [ 29.2947361, 40.859443 ], [ 29.2942058, 40.8584732 ], [ 29.2947277, 40.8575599 ], [ 29.2931994, 40.8576803 ], [ 29.2911989, 40.8554998 ], [ 29.2876996, 40.8573893 ], [ 29.2879872, 40.8557318 ], [ 29.287262, 40.854434 ], [ 29.2863816, 40.8549877 ], [ 29.2842606, 40.8539417 ], [ 29.2780844, 40.8560952 ], [ 29.2749528, 40.8556048 ], [ 29.2717328, 40.8578036 ], [ 29.2714747, 40.8568978 ], [ 29.2698993, 40.8567363 ], [ 29.2700032, 40.8558036 ], [ 29.2697887, 40.8567251 ], [ 29.2690838, 40.8567224 ], [ 29.2690326, 40.8540738 ], [ 29.268432, 40.8558381 ], [ 29.2677339, 40.8558442 ], [ 29.2676038, 40.8540033 ], [ 29.2652768, 40.8538339 ], [ 29.2604118, 40.8550431 ], [ 29.258271, 40.856931 ], [ 29.2545238, 40.8575035 ], [ 29.252917, 40.858576 ], [ 29.2524295, 40.8592108 ], [ 29.2551246, 40.8575814 ], [ 29.2592703, 40.8570556 ], [ 29.2650608, 40.8599773 ], [ 29.2589082, 40.8645065 ], [ 29.2566315, 40.8644421 ], [ 29.2556912, 40.8629006 ], [ 29.256955, 40.8619092 ], [ 29.2561522, 40.8609641 ], [ 29.2567895, 40.8597953 ], [ 29.2560516, 40.8594834 ], [ 29.2545313, 40.8625 ], [ 29.257163, 40.8657152 ], [ 29.2562404, 40.8658902 ], [ 29.2570894, 40.8659798 ], [ 29.2585419, 40.8671392 ], [ 29.2569548, 40.8661442 ], [ 29.2563952, 40.8661773 ], [ 29.2574097, 40.8670417 ], [ 29.2401526, 40.8744013 ], [ 29.2371889, 40.8750705 ], [ 29.2361764, 40.874582 ], [ 29.2363917, 40.8738198 ], [ 29.2360381, 40.8745582 ], [ 29.234631, 40.8744355 ], [ 29.2342553, 40.8740426 ], [ 29.235314, 40.8736542 ], [ 29.2357009, 40.8720228 ], [ 29.2336061, 40.8707458 ], [ 29.2351947, 40.8692589 ], [ 29.2396447, 40.8681829 ], [ 29.2395857, 40.8676982 ], [ 29.2350192, 40.8689647 ], [ 29.2334607, 40.8703065 ], [ 29.2271253, 40.8710551 ], [ 29.2224112, 40.8755295 ], [ 29.2154413, 40.8781452 ] ] ] } },
{ "type": "Feature", "properties": { "ilce": "Pendik" }, "geometry": { "type": "Polygon", "coordinates": [ [ [ 29.2154413, 40.8781452 ], [ 29.2179029, 40.8807444 ], [ 29.2189055, 40.8847345 ], [ 29.2174068, 40.8866583 ], [ 29.2187573, 40.8866813 ], [ 29.2187487, 40.890044 ], [ 29.2232245, 40.8896182 ], [ 29.223129, 40.8940084 ], [ 29.2245486, 40.8973843 ], [ 29.2322942, 40.8923614 ], [ 29.2335118, 40.8943197 ], [ 29.2370991, 40.8962469 ], [ 29.2369498, 40.8978222 ], [ 29.2376929, 40.8987584 ], [ 29.2431113, 40.8983368 ], [ 29.2466612, 40.9008528 ], [ 29.2469004, 40.9046317 ], [ 29.2454553, 40.9062247 ], [ 29.2458599, 40.9115987 ], [ 29.2435189, 40.9138857 ], [ 29.245137, 40.9149492 ], [ 29.243682, 40.9164032 ], [ 29.2429909, 40.9195255 ], [ 29.2495887, 40.9222921 ], [ 29.2508694, 40.9259703 ], [ 29.2529156, 40.9289999 ], [ 29.2551524, 40.9306471 ], [ 29.2551653, 40.9320913 ], [ 29.2735697, 40.9317408 ], [ 29.2779169, 40.9326307 ], [ 29.28027, 40.9346357 ], [ 29.2963886, 40.9385013 ], [ 29.302526, 40.9422488 ], [ 29.3099644, 40.9492854 ], [ 29.3096973, 40.9513828 ], [ 29.3119449, 40.9555785 ], [ 29.3117751, 40.9590355 ], [ 29.3108029, 40.9600343 ], [ 29.3053442, 40.9586556 ], [ 29.3027668, 40.9589668 ], [ 29.2998286, 40.9641386 ], [ 29.2964192, 40.9675376 ], [ 29.2935757, 40.9688849 ], [ 29.2930944, 40.9702746 ], [ 29.2905177, 40.972498 ], [ 29.2889887, 40.9757474 ], [ 29.2902062, 40.9760894 ], [ 29.2893285, 40.97703 ], [ 29.2900364, 40.9791249 ], [ 29.2892152, 40.9801082 ], [ 29.2875031, 40.989246 ], [ 29.2877619, 40.9968283 ], [ 29.2862174, 41.0009144 ], [ 29.287747, 41.0063106 ], [ 29.2886712, 41.0075226 ], [ 29.2910594, 41.0083066 ], [ 29.291974, 41.0105917 ], [ 29.2941666, 41.0119157 ], [ 29.2933651, 41.0135714 ], [ 29.2948815, 41.0151029 ], [ 29.2984345, 41.0158447 ], [ 29.3093219, 41.0155121 ], [ 29.3154446, 41.0170975 ], [ 29.3358696, 41.0169638 ], [ 29.3425625, 41.0158953 ], [ 29.34492, 41.0166672 ], [ 29.3490474, 41.0217585 ], [ 29.3555799, 41.0257346 ], [ 29.3643724, 41.0265401 ], [ 29.3643262, 41.0290568 ], [ 29.3609131, 41.0324736 ], [ 29.3592498, 41.0357691 ], [ 29.3617955, 41.0415897 ], [ 29.3654059, 41.04389 ], [ 29.363873, 41.0465308 ], [ 29.3609736, 41.0479138 ], [ 29.35929, 41.0496822 ], [ 29.3587143, 41.0515833 ], [ 29.3601615, 41.0550103 ], [ 29.3652716, 41.0605633 ], [ 29.36988, 41.0575972 ], [ 29.3760992, 41.0572311 ], [ 29.3761331, 41.0521742 ], [ 29.3782736, 41.0489577 ], [ 29.3753181, 41.0421077 ], [ 29.3766547, 41.0386753 ], [ 29.3759059, 41.0348941 ], [ 29.3794446, 41.0332883 ], [ 29.3843054, 41.0289163 ], [ 29.3990818, 41.0245329 ], [ 29.4046835, 41.0237932 ], [ 29.4116129, 41.0266636 ], [ 29.4137748, 41.026611 ], [ 29.4243155, 41.0215519 ], [ 29.4300975, 41.020676 ], [ 29.430705, 41.0197718 ], [ 29.4283189, 41.0153692 ], [ 29.4306726, 41.0140509 ], [ 29.4331768, 41.0144242 ], [ 29.4348188, 41.0117293 ], [ 29.4333397, 41.009772 ], [ 29.4342126, 41.00825 ], [ 29.4361768, 41.0102843 ], [ 29.437866, 41.0096336 ], [ 29.4376721, 41.0077781 ], [ 29.4351125, 41.0048343 ], [ 29.434441, 41.0025853 ], [ 29.4398181, 40.999774 ], [ 29.4414484, 40.9964325 ], [ 29.4453355, 40.9983272 ], [ 29.4495465, 40.9989995 ], [ 29.453393, 41.002422 ], [ 29.4578874, 41.0043471 ], [ 29.4627867, 41.0079221 ], [ 29.4661879, 41.009022 ], [ 29.4710467, 41.0137883 ], [ 29.4758245, 41.0163852 ], [ 29.4759055, 41.0180349 ], [ 29.4813312, 41.0204177 ], [ 29.4836391, 41.023778 ], [ 29.4836391, 41.0299788 ], [ 29.4974868, 41.035782 ], [ 29.4989039, 41.0354155 ], [ 29.4995113, 41.0333997 ], [ 29.5018537, 41.0319922 ], [ 29.5001023, 41.026403 ], [ 29.5008123, 41.0220674 ], [ 29.4991814, 41.0200491 ], [ 29.4996757, 41.0176734 ], [ 29.4978726, 41.0157616 ], [ 29.49548, 41.0147011 ], [ 29.4936669, 41.0123696 ], [ 29.4928408, 41.0090827 ], [ 29.5017457, 41.0009537 ], [ 29.5062518, 40.9994234 ], [ 29.5053575, 40.9976425 ], [ 29.5067024, 40.9952451 ], [ 29.5054282, 40.9944435 ], [ 29.5063269, 40.989212 ], [ 29.5047605, 40.9870092 ], [ 29.5008109, 40.9867665 ], [ 29.4956542, 40.981508 ], [ 29.4894451, 40.9768514 ], [ 29.4841718, 40.9752001 ], [ 29.4812186, 40.9696018 ], [ 29.4847298, 40.9687602 ], [ 29.4844878, 40.9650425 ], [ 29.4828844, 40.9626274 ], [ 29.4790309, 40.9619014 ], [ 29.4797393, 40.9605856 ], [ 29.4790309, 40.9579604 ], [ 29.4772196, 40.9593461 ], [ 29.4756102, 40.9594596 ], [ 29.4696772, 40.9533098 ], [ 29.4699567, 40.9516608 ], [ 29.4632713, 40.950964 ], [ 29.4603496, 40.9531648 ], [ 29.4560074, 40.9547812 ], [ 29.4544688, 40.9588313 ], [ 29.4533954, 40.9596743 ], [ 29.4550825, 40.9625924 ], [ 29.4545666, 40.9638684 ], [ 29.4554382, 40.9658563 ], [ 29.454689, 40.9680878 ], [ 29.4563809, 40.9707317 ], [ 29.4549551, 40.9736187 ], [ 29.455322, 40.9766581 ], [ 29.4535786, 40.9806318 ], [ 29.4521727, 40.9788737 ], [ 29.4463607, 40.9754561 ], [ 29.4182377, 40.9728727 ], [ 29.4133865, 40.9695295 ], [ 29.4067032, 40.9600886 ], [ 29.3999806, 40.9645165 ], [ 29.399029, 40.9591567 ], [ 29.3958813, 40.9542212 ], [ 29.3910926, 40.9531322 ], [ 29.3912277, 40.9540341 ], [ 29.3900811, 40.954592 ], [ 29.3899074, 40.9524948 ], [ 29.3845965, 40.9513496 ], [ 29.3822645, 40.948062 ], [ 29.3761846, 40.948218 ], [ 29.3732493, 40.9452886 ], [ 29.3727896, 40.9422114 ], [ 29.3647191, 40.9396835 ], [ 29.3556702, 40.9351111 ], [ 29.34253, 40.9331775 ], [ 29.3366223, 40.9310924 ], [ 29.3385797, 40.9263433 ], [ 29.3351239, 40.9160816 ], [ 29.3358211, 40.9138595 ], [ 29.3348207, 40.9117977 ], [ 29.3279394, 40.9089799 ], [ 29.3293263, 40.9016025 ], [ 29.326598, 40.8999699 ], [ 29.3266359, 40.8982228 ], [ 29.3291482, 40.8961337 ], [ 29.3279254, 40.8903159 ], [ 29.3247064, 40.8861673 ], [ 29.3145673, 40.8788226 ], [ 29.3100322, 40.8768208 ], [ 29.3065501, 40.8767795 ], [ 29.3072724, 40.8755461 ], [ 29.312002, 40.8743358 ], [ 29.3126717, 40.8721282 ], [ 29.312143, 40.8685643 ], [ 29.3149214, 40.8659036 ], [ 29.3151799, 40.863746 ], [ 29.3121245, 40.8621545 ], [ 29.3060118, 40.8611361 ], [ 29.3049495, 40.8612397 ], [ 29.3039069, 40.8638361 ], [ 29.2981333, 40.8638248 ], [ 29.296331, 40.859239 ], [ 29.2947361, 40.859443 ], [ 29.2942058, 40.8584732 ], [ 29.2947277, 40.8575599 ], [ 29.2931994, 40.8576803 ], [ 29.2911989, 40.8554998 ], [ 29.2876996, 40.8573893 ], [ 29.2879872, 40.8557318 ], [ 29.287262, 40.854434 ], [ 29.2863816, 40.8549877 ], [ 29.2842606, 40.8539417 ], [ 29.2780844, 40.8560952 ], [ 29.2749528, 40.8556048 ], [ 29.2717328, 40.8578036 ], [ 29.2714747, 40.8568978 ], [ 29.2698993, 40.8567363 ], [ 29.2700032, 40.8558036 ], [ 29.2697887, 40.8567251 ], [ 29.2690838, 40.8567224 ], [ 29.2690326, 40.8540738 ], [ 29.268432, 40.8558381 ], [ 29.2677339, 40.8558442 ], [ 29.2676038, 40.8540033 ], [ 29.2652768, 40.8538339 ], [ 29.2604118, 40.8550431 ], [ 29.258271, 40.856931 ], [ 29.2545238, 40.8575035 ], [ 29.252917, 40.858576 ], [ 29.2524295, 40.8592108 ], [ 29.2551246, 40.8575814 ], [ 29.2592703, 40.8570556 ], [ 29.2650608, 40.8599773 ], [ 29.2589082, 40.8645065 ], [ 29.2566315, 40.8644421 ], [ 29.2556912, 40.8629006 ], [ 29.256955, 40.8619092 ], [ 29.2561522, 40.8609641 ], [ 29.2567895, 40.8597953 ], [ 29.2560516, 40.8594834 ], [ 29.2545313, 40.8625 ], [ 29.257163, 40.8657152 ], [ 29.2562404, 40.8658902 ], [ 29.2570894, 40.8659798 ], [ 29.2585419, 40.8671392 ], [ 29.2569548, 40.8661442 ], [ 29.2563952, 40.8661773 ], [ 29.2574097, 40.8670417 ], [ 29.2401526, 40.8744013 ], [ 29.2371889, 40.8750705 ], [ 29.2361764, 40.874582 ], [ 29.2363917, 40.8738198 ], [ 29.2360381, 40.8745582 ], [ 29.234631, 40.8744355 ], [ 29.2342553, 40.8740426 ], [ 29.235314, 40.8736542 ], [ 29.2357009, 40.8720228 ], [ 29.2336061, 40.8707458 ], [ 29.2351947, 40.8692589 ], [ 29.2396447, 40.8681829 ], [ 29.2395857, 40.8676982 ], [ 29.2350192, 40.8689647 ], [ 29.2334607, 40.8703065 ], [ 29.2271253, 40.8710551 ], [ 29.2224112, 40.8755295 ], [ 29.2154413, 40.8781452 ] ] ] } },
{ "type": "Feature", "properties": { "ilce": "Pendik" }, "geometry": { "type": "Polygon", "coordinates": [ [ [ 29.2154413, 40.8781452 ], [ 29.2179029, 40.8807444 ], [ 29.2189055, 40.8847345 ], [ 29.2174068, 40.8866583 ], [ 29.2187573, 40.8866813 ], [ 29.2187487, 40.890044 ], [ 29.2232245, 40.8896182 ], [ 29.223129, 40.8940084 ], [ 29.2245486, 40.8973843 ], [ 29.2322942, 40.8923614 ], [ 29.2335118, 40.8943197 ], [ 29.2370991, 40.8962469 ], [ 29.2369498, 40.8978222 ], [ 29.2376929, 40.8987584 ], [ 29.2431113, 40.8983368 ], [ 29.2466612, 40.9008528 ], [ 29.2469004, 40.9046317 ], [ 29.2454553, 40.9062247 ], [ 29.2458599, 40.9115987 ], [ 29.2435189, 40.9138857 ], [ 29.245137, 40.9149492 ], [ 29.243682, 40.9164032 ], [ 29.2429909, 40.9195255 ], [ 29.2495887, 40.9222921 ], [ 29.2508694, 40.9259703 ], [ 29.2529156, 40.9289999 ], [ 29.2551524, 40.9306471 ], [ 29.2551653, 40.9320913 ], [ 29.2735697, 40.9317408 ], [ 29.2779169, 40.9326307 ], [ 29.28027, 40.9346357 ], [ 29.2963886, 40.9385013 ], [ 29.302526, 40.9422488 ], [ 29.3099644, 40.9492854 ], [ 29.3096973, 40.9513828 ], [ 29.3119449, 40.9555785 ], [ 29.3117751, 40.9590355 ], [ 29.3108029, 40.9600343 ], [ 29.3053442, 40.9586556 ], [ 29.3027668, 40.9589668 ], [ 29.2998286, 40.9641386 ], [ 29.2964192, 40.9675376 ], [ 29.2935757, 40.9688849 ], [ 29.2930944, 40.9702746 ], [ 29.2905177, 40.972498 ], [ 29.2889887, 40.9757474 ], [ 29.2902062, 40.9760894 ], [ 29.2893285, 40.97703 ], [ 29.2900364, 40.9791249 ], [ 29.2892152, 40.9801082 ], [ 29.2875031, 40.989246 ], [ 29.2877619, 40.9968283 ], [ 29.2862174, 41.0009144 ], [ 29.287747, 41.0063106 ], [ 29.2886712, 41.0075226 ], [ 29.2910594, 41.0083066 ], [ 29.291974, 41.0105917 ], [ 29.2941666, 41.0119157 ], [ 29.2933651, 41.0135714 ], [ 29.2948815, 41.0151029 ], [ 29.2984345, 41.0158447 ], [ 29.3093219, 41.0155121 ], [ 29.3154446, 41.0170975 ], [ 29.3358696, 41.0169638 ], [ 29.3425625, 41.0158953 ], [ 29.34492, 41.0166672 ], [ 29.3490474, 41.0217585 ], [ 29.3555799, 41.0257346 ], [ 29.3643724, 41.0265401 ], [ 29.3643262, 41.0290568 ], [ 29.3609131, 41.0324736 ], [ 29.3592498, 41.0357691 ], [ 29.3617955, 41.0415897 ], [ 29.3654059, 41.04389 ], [ 29.363873, 41.0465308 ], [ 29.3609736, 41.0479138 ], [ 29.35929, 41.0496822 ], [ 29.3587143, 41.0515833 ], [ 29.3601615, 41.0550103 ], [ 29.3652716, 41.0605633 ], [ 29.36988, 41.0575972 ], [ 29.3760992, 41.0572311 ], [ 29.3761331, 41.0521742 ], [ 29.3782736, 41.0489577 ], [ 29.3753181, 41.0421077 ], [ 29.3766547, 41.0386753 ], [ 29.3759059, 41.0348941 ], [ 29.3794446, 41.0332883 ], [ 29.3843054, 41.0289163 ], [ 29.3990818, 41.0245329 ], [ 29.4046835, 41.0237932 ], [ 29.4116129, 41.0266636 ], [ 29.4137748, 41.026611 ], [ 29.4243155, 41.0215519 ], [ 29.4300975, 41.020676 ], [ 29.430705, 41.0197718 ], [ 29.4283189, 41.0153692 ], [ 29.4306726, 41.0140509 ], [ 29.4331768, 41.0144242 ], [ 29.4348188, 41.0117293 ], [ 29.4333397, 41.009772 ], [ 29.4342126, 41.00825 ], [ 29.4361768, 41.0102843 ], [ 29.437866, 41.0096336 ], [ 29.4376721, 41.0077781 ], [ 29.4351125, 41.0048343 ], [ 29.434441, 41.0025853 ], [ 29.4398181, 40.999774 ], [ 29.4414484, 40.9964325 ], [ 29.4453355, 40.9983272 ], [ 29.4495465, 40.9989995 ], [ 29.453393, 41.002422 ], [ 29.4578874, 41.0043471 ], [ 29.4627867, 41.0079221 ], [ 29.4661879, 41.009022 ], [ 29.4710467, 41.0137883 ], [ 29.4758245, 41.0163852 ], [ 29.4759055, 41.0180349 ], [ 29.4813312, 41.0204177 ], [ 29.4836391, 41.023778 ], [ 29.4836391, 41.0299788 ], [ 29.4974868, 41.035782 ], [ 29.4989039, 41.0354155 ], [ 29.4995113, 41.0333997 ], [ 29.5018537, 41.0319922 ], [ 29.5001023, 41.026403 ], [ 29.5008123, 41.0220674 ], [ 29.4991814, 41.0200491 ], [ 29.4996757, 41.0176734 ], [ 29.4978726, 41.0157616 ], [ 29.49548, 41.0147011 ], [ 29.4936669, 41.0123696 ], [ 29.4928408, 41.0090827 ], [ 29.5017457, 41.0009537 ], [ 29.5062518, 40.9994234 ], [ 29.5053575, 40.9976425 ], [ 29.5067024, 40.9952451 ], [ 29.5054282, 40.9944435 ], [ 29.5063269, 40.989212 ], [ 29.5047605, 40.9870092 ], [ 29.5008109, 40.9867665 ], [ 29.4956542, 40.981508 ], [ 29.4894451, 40.9768514 ], [ 29.4841718, 40.9752001 ], [ 29.4812186, 40.9696018 ], [ 29.4847298, 40.9687602 ], [ 29.4844878, 40.9650425 ], [ 29.4828844, 40.9626274 ], [ 29.4790309, 40.9619014 ], [ 29.4797393, 40.9605856 ], [ 29.4790309, 40.9579604 ], [ 29.4772196, 40.9593461 ], [ 29.4756102, 40.9594596 ], [ 29.4696772, 40.9533098 ], [ 29.4699567, 40.9516608 ], [ 29.4632713, 40.950964 ], [ 29.4603496, 40.9531648 ], [ 29.4560074, 40.9547812 ], [ 29.4544688, 40.9588313 ], [ 29.4533954, 40.9596743 ], [ 29.4550825, 40.9625924 ], [ 29.4545666, 40.9638684 ], [ 29.4554382, 40.9658563 ], [ 29.454689, 40.9680878 ], [ 29.4563809, 40.9707317 ], [ 29.4549551, 40.9736187 ], [ 29.455322, 40.9766581 ], [ 29.4535786, 40.9806318 ], [ 29.4521727, 40.9788737 ], [ 29.4463607, 40.9754561 ], [ 29.4182377, 40.9728727 ], [ 29.4133865, 40.9695295 ], [ 29.4067032, 40.9600886 ], [ 29.3999806, 40.9645165 ], [ 29.399029, 40.9591567 ], [ 29.3958813, 40.9542212 ], [ 29.3910926, 40.9531322 ], [ 29.3912277, 40.9540341 ], [ 29.3900811, 40.954592 ], [ 29.3899074, 40.9524948 ], [ 29.3845965, 40.9513496 ], [ 29.3822645, 40.948062 ], [ 29.3761846, 40.948218 ], [ 29.3732493, 40.9452886 ], [ 29.3727896, 40.9422114 ], [ 29.3647191, 40.9396835 ], [ 29.3556702, 40.9351111 ], [ 29.34253, 40.9331775 ], [ 29.3366223, 40.9310924 ], [ 29.3385797, 40.9263433 ], [ 29.3351239, 40.9160816 ], [ 29.3358211, 40.9138595 ], [ 29.3348207, 40.9117977 ], [ 29.3279394, 40.9089799 ], [ 29.3293263, 40.9016025 ], [ 29.326598, 40.8999699 ], [ 29.3266359, 40.8982228 ], [ 29.3291482, 40.8961337 ], [ 29.3279254, 40.8903159 ], [ 29.3247064, 40.8861673 ], [ 29.3145673, 40.8788226 ], [ 29.3100322, 40.8768208 ], [ 29.3065501, 40.8767795 ], [ 29.3072724, 40.8755461 ], [ 29.312002, 40.8743358 ], [ 29.3126717, 40.8721282 ], [ 29.312143, 40.8685643 ], [ 29.3149214, 40.8659036 ], [ 29.3151799, 40.863746 ], [ 29.3121245, 40.8621545 ], [ 29.3060118, 40.8611361 ], [ 29.3049495, 40.8612397 ], [ 29.3039069, 40.8638361 ], [ 29.2981333, 40.8638248 ], [ 29.296331, 40.859239 ], [ 29.2947361, 40.859443 ], [ 29.2942058, 40.8584732 ], [ 29.2947277, 40.8575599 ], [ 29.2931994, 40.8576803 ], [ 29.2911989, 40.8554998 ], [ 29.2876996, 40.8573893 ], [ 29.2879872, 40.8557318 ], [ 29.287262, 40.854434 ], [ 29.2863816, 40.8549877 ], [ 29.2842606, 40.8539417 ], [ 29.2780844, 40.8560952 ], [ 29.2749528, 40.8556048 ], [ 29.2717328, 40.8578036 ], [ 29.2714747, 40.8568978 ], [ 29.2698993, 40.8567363 ], [ 29.2700032, 40.8558036 ], [ 29.2697887, 40.8567251 ], [ 29.2690838, 40.8567224 ], [ 29.2690326, 40.8540738 ], [ 29.268432, 40.8558381 ], [ 29.2677339, 40.8558442 ], [ 29.2676038, 40.8540033 ], [ 29.2652768, 40.8538339 ], [ 29.2604118, 40.8550431 ], [ 29.258271, 40.856931 ], [ 29.2545238, 40.8575035 ], [ 29.252917, 40.858576 ], [ 29.2524295, 40.8592108 ], [ 29.2551246, 40.8575814 ], [ 29.2592703, 40.8570556 ], [ 29.2650608, 40.8599773 ], [ 29.2589082, 40.8645065 ], [ 29.2566315, 40.8644421 ], [ 29.2556912, 40.8629006 ], [ 29.256955, 40.8619092 ], [ 29.2561522, 40.8609641 ], [ 29.2567895, 40.8597953 ], [ 29.2560516, 40.8594834 ], [ 29.2545313, 40.8625 ], [ 29.257163, 40.8657152 ], [ 29.2562404, 40.8658902 ], [ 29.2570894, 40.8659798 ], [ 29.2585419, 40.8671392 ], [ 29.2569548, 40.8661442 ], [ 29.2563952, 40.8661773 ], [ 29.2574097, 40.8670417 ], [ 29.2401526, 40.8744013 ], [ 29.2371889, 40.8750705 ], [ 29.2361764, 40.874582 ], [ 29.2363917, 40.8738198 ], [ 29.2360381, 40.8745582 ], [ 29.234631, 40.8744355 ], [ 29.2342553, 40.8740426 ], [ 29.235314, 40.8736542 ], [ 29.2357009, 40.8720228 ], [ 29.2336061, 40.8707458 ], [ 29.2351947, 40.8692589 ], [ 29.2396447, 40.8681829 ], [ 29.2395857, 40.8676982 ], [ 29.2350192, 40.8689647 ], [ 29.2334607, 40.8703065 ], [ 29.2271253, 40.8710551 ], [ 29.2224112, 40.8755295 ], [ 29.2154413, 40.8781452 ] ] ] } },
{ "type": "Feature", "properties": { "ilce": "Sultanbeyli" }, "geometry": { "type": "Polygon", "coordinates": [ [ [ 29.2498894, 40.9465262 ], [ 29.2464301, 40.951948 ], [ 29.2493673, 40.9524083 ], [ 29.2497883, 40.9554107 ], [ 29.2491251, 40.9581154 ], [ 29.2476418, 40.9598349 ], [ 29.2482803, 40.9611223 ], [ 29.2470479, 40.9618672 ], [ 29.2468604, 40.9636225 ], [ 29.2451109, 40.9654827 ], [ 29.2449499, 40.9691547 ], [ 29.2519743, 40.9763681 ], [ 29.2518076, 40.9795785 ], [ 29.2544697, 40.9857739 ], [ 29.2545267, 40.990334 ], [ 29.257812, 40.9945373 ], [ 29.2595035, 40.9993722 ], [ 29.2595878, 41.0029456 ], [ 29.2624509, 41.0048762 ], [ 29.2710815, 41.0031807 ], [ 29.2868823, 41.0023819 ], [ 29.2862174, 41.0009144 ], [ 29.2877619, 40.9968283 ], [ 29.2875031, 40.989246 ], [ 29.2892152, 40.9801082 ], [ 29.2900364, 40.9791249 ], [ 29.2893285, 40.97703 ], [ 29.2902062, 40.9760894 ], [ 29.2889887, 40.9757474 ], [ 29.2905177, 40.972498 ], [ 29.2930944, 40.9702746 ], [ 29.2935757, 40.9688849 ], [ 29.2964192, 40.9675376 ], [ 29.2998286, 40.9641386 ], [ 29.3004182, 40.9623104 ], [ 29.3035236, 40.9584416 ], [ 29.3108029, 40.9600343 ], [ 29.3117751, 40.9590355 ], [ 29.3119449, 40.9555785 ], [ 29.3096973, 40.9513828 ], [ 29.3099644, 40.9492854 ], [ 29.302526, 40.9422488 ], [ 29.2956735, 40.9382302 ], [ 29.28027, 40.9346357 ], [ 29.2779169, 40.9326307 ], [ 29.2735697, 40.9317408 ], [ 29.2551653, 40.9320913 ], [ 29.2522777, 40.9348136 ], [ 29.2523114, 40.9391318 ], [ 29.2504902, 40.9408625 ], [ 29.2498894, 40.9465262 ] ] ] } },
{ "type": "Feature", "properties": { "ilce": "Kartal" }, "geometry": { "type": "Polygon", "coordinates": [ [ [ 29.138277, 40.906671 ], [ 29.1399288, 40.9082039 ], [ 29.1388647, 40.9104162 ], [ 29.1394917, 40.9116258 ], [ 29.1428545, 40.9135508 ], [ 29.1474681, 40.9141181 ], [ 29.1493974, 40.9129187 ], [ 29.1510471, 40.9096826 ], [ 29.1593539, 40.9131961 ], [ 29.1569975, 40.9137575 ], [ 29.1718313, 40.9192657 ], [ 29.1780172, 40.9199305 ], [ 29.1833156, 40.9216739 ], [ 29.1940263, 40.921174 ], [ 29.1983641, 40.9223915 ], [ 29.1991279, 40.9236139 ], [ 29.1998407, 40.9213249 ], [ 29.2037844, 40.9224953 ], [ 29.2032372, 40.923146 ], [ 29.2057187, 40.92377 ], [ 29.2059266, 40.9275434 ], [ 29.207466, 40.9327927 ], [ 29.2115148, 40.9405245 ], [ 29.2211252, 40.9518211 ], [ 29.2252557, 40.9529265 ], [ 29.2273535, 40.9524229 ], [ 29.2287525, 40.9508839 ], [ 29.2287462, 40.949436 ], [ 29.2299405, 40.9492832 ], [ 29.2310691, 40.9498539 ], [ 29.2320742, 40.9491375 ], [ 29.2356134, 40.9499073 ], [ 29.2425078, 40.9498646 ], [ 29.2465976, 40.9512968 ], [ 29.2498894, 40.9465262 ], [ 29.2504902, 40.9408625 ], [ 29.2523114, 40.9391318 ], [ 29.2522777, 40.9348136 ], [ 29.2551653, 40.9320913 ], [ 29.2551524, 40.9306471 ], [ 29.2529156, 40.9289999 ], [ 29.2508694, 40.9259703 ], [ 29.2495887, 40.9222921 ], [ 29.2429909, 40.9195255 ], [ 29.243682, 40.9164032 ], [ 29.245137, 40.9149492 ], [ 29.2435189, 40.9138857 ], [ 29.2458599, 40.9115987 ], [ 29.2454553, 40.9062247 ], [ 29.2469004, 40.9046317 ], [ 29.2466612, 40.9008528 ], [ 29.2431113, 40.8983368 ], [ 29.2376929, 40.8987584 ], [ 29.2369498, 40.8978222 ], [ 29.2370991, 40.8962469 ], [ 29.2335118, 40.8943197 ], [ 29.2322942, 40.8923614 ], [ 29.2245486, 40.8973843 ], [ 29.223129, 40.8940084 ], [ 29.2232245, 40.8896182 ], [ 29.2187487, 40.890044 ], [ 29.2187573, 40.8866813 ], [ 29.2174068, 40.8866583 ], [ 29.2189055, 40.8847345 ], [ 29.2179029, 40.8807444 ], [ 29.2154413, 40.8781452 ], [ 29.2060614, 40.8820323 ], [ 29.2067917, 40.8813255 ], [ 29.2056813, 40.881135 ], [ 29.2056971, 40.8825223 ], [ 29.203694, 40.883273 ], [ 29.2015356, 40.8826781 ], [ 29.198073, 40.8833874 ], [ 29.1911668, 40.8862551 ], [ 29.19081, 40.8858989 ], [ 29.1925626, 40.884815 ], [ 29.1912752, 40.8852238 ], [ 29.1883241, 40.8869955 ], [ 29.1845117, 40.8853341 ], [ 29.1793876, 40.8856849 ], [ 29.174152, 40.8904212 ], [ 29.1636799, 40.8963935 ], [ 29.1546956, 40.9006568 ], [ 29.1518551, 40.9008337 ], [ 29.1517659, 40.901531 ], [ 29.1475867, 40.901431 ], [ 29.1481306, 40.9004413 ], [ 29.1441637, 40.9016536 ], [ 29.138277, 40.906671 ] ] ] } },
{ "type": "Feature", "properties": { "ilce": "Sancaktepe" }, "geometry": { "type": "Polygon", "coordinates": [ [ [ 29.1863042, 41.007504 ], [ 29.1856762, 41.0090429 ], [ 29.1946641, 41.011395 ], [ 29.1939648, 41.0133184 ], [ 29.1907382, 41.0140145 ], [ 29.1997453, 41.014242 ], [ 29.2051927, 41.0130298 ], [ 29.2137273, 41.0160293 ], [ 29.2370544, 41.0166322 ], [ 29.2368024, 41.0186988 ], [ 29.2393914, 41.0223771 ], [ 29.2395928, 41.0214718 ], [ 29.2459919, 41.0218164 ], [ 29.246127, 41.0246278 ], [ 29.2462005, 41.0236089 ], [ 29.2491102, 41.0235113 ], [ 29.2498648, 41.0249247 ], [ 29.2514705, 41.0253591 ], [ 29.2500653, 41.0281515 ], [ 29.2593789, 41.0278618 ], [ 29.2653091, 41.0298205 ], [ 29.2722683, 41.0364328 ], [ 29.2744952, 41.0423455 ], [ 29.2814968, 41.0448877 ], [ 29.2831705, 41.0466795 ], [ 29.2848177, 41.0505088 ], [ 29.2902669, 41.0527344 ], [ 29.300071, 41.0478353 ], [ 29.3025299, 41.0495171 ], [ 29.3120848, 41.0486392 ], [ 29.3190691, 41.0507241 ], [ 29.3220762, 41.0508521 ], [ 29.3264656, 41.0504132 ], [ 29.3298123, 41.0485112 ], [ 29.3362388, 41.0486941 ], [ 29.3386396, 41.048054 ], [ 29.3399734, 41.0487672 ], [ 29.3465712, 41.0479526 ], [ 29.3485809, 41.0413682 ], [ 29.3603205, 41.0384623 ], [ 29.3592498, 41.0357691 ], [ 29.3595119, 41.0343444 ], [ 29.3643262, 41.0290568 ], [ 29.3643724, 41.0265401 ], [ 29.3555799, 41.0257346 ], [ 29.3490474, 41.0217585 ], [ 29.34492, 41.0166672 ], [ 29.3425625, 41.0158953 ], [ 29.3358696, 41.0169638 ], [ 29.3154446, 41.0170975 ], [ 29.3093219, 41.0155121 ], [ 29.2984345, 41.0158447 ], [ 29.2948815, 41.0151029 ], [ 29.2933651, 41.0135714 ], [ 29.2941666, 41.0119157 ], [ 29.291974, 41.0105917 ], [ 29.2910594, 41.0083066 ], [ 29.2886712, 41.0075226 ], [ 29.287747, 41.0063106 ], [ 29.2867737, 41.0023896 ], [ 29.2710815, 41.0031807 ], [ 29.262111, 41.0047937 ], [ 29.2595878, 41.0029456 ], [ 29.2595035, 40.9993722 ], [ 29.257812, 40.9945373 ], [ 29.2545267, 40.990334 ], [ 29.2544697, 40.9857739 ], [ 29.2518076, 40.9795785 ], [ 29.2519743, 40.9763681 ], [ 29.2449499, 40.9691547 ], [ 29.2453395, 40.9648785 ], [ 29.2468604, 40.9636225 ], [ 29.2470479, 40.9618672 ], [ 29.2482803, 40.9611223 ], [ 29.2476418, 40.9598349 ], [ 29.2491829, 40.9579711 ], [ 29.2497883, 40.9554107 ], [ 29.2493673, 40.9524083 ], [ 29.2464301, 40.951948 ], [ 29.2465976, 40.9512968 ], [ 29.2425078, 40.9498646 ], [ 29.2356134, 40.9499073 ], [ 29.2320742, 40.9491375 ], [ 29.2310691, 40.9498539 ], [ 29.2287462, 40.949436 ], [ 29.2281991, 40.9516983 ], [ 29.2252557, 40.9529265 ], [ 29.2211252, 40.9518211 ], [ 29.2162998, 40.9460384 ], [ 29.2145618, 40.9531286 ], [ 29.2099861, 40.9586713 ], [ 29.2069683, 40.9609341 ], [ 29.2092686, 40.9666308 ], [ 29.2133474, 40.9717078 ], [ 29.214046, 40.9741909 ], [ 29.2122764, 40.9759283 ], [ 29.2052489, 40.9736449 ], [ 29.2060965, 40.9751677 ], [ 29.2048144, 40.97616 ], [ 29.2032319, 40.9753905 ], [ 29.2025936, 40.9761883 ], [ 29.1994033, 40.9743479 ], [ 29.1991514, 40.9797398 ], [ 29.1979611, 40.9812459 ], [ 29.2035055, 40.9831703 ], [ 29.1991111, 40.9849163 ], [ 29.1926187, 40.9889727 ], [ 29.1933435, 40.9895923 ], [ 29.1927911, 40.9924674 ], [ 29.1912982, 40.992665 ], [ 29.1929421, 40.9967049 ], [ 29.1894103, 41.0059354 ], [ 29.18777, 41.0067124 ], [ 29.1877713, 41.0074443 ], [ 29.1863042, 41.007504 ] ] ] } },
{ "type": "Feature", "properties": { "ilce": "Sancaktepe" }, "geometry": { "type": "Polygon", "coordinates": [ [ [ 29.1863042, 41.007504 ], [ 29.1856762, 41.0090429 ], [ 29.1946641, 41.011395 ], [ 29.1939648, 41.0133184 ], [ 29.1907382, 41.0140145 ], [ 29.1997453, 41.014242 ], [ 29.2051927, 41.0130298 ], [ 29.2137273, 41.0160293 ], [ 29.2370544, 41.0166322 ], [ 29.2368024, 41.0186988 ], [ 29.2393914, 41.0223771 ], [ 29.2395928, 41.0214718 ], [ 29.2459919, 41.0218164 ], [ 29.246127, 41.0246278 ], [ 29.2462005, 41.0236089 ], [ 29.2491102, 41.0235113 ], [ 29.2498648, 41.0249247 ], [ 29.2514705, 41.0253591 ], [ 29.2500653, 41.0281515 ], [ 29.2593789, 41.0278618 ], [ 29.2653091, 41.0298205 ], [ 29.2722683, 41.0364328 ], [ 29.2744952, 41.0423455 ], [ 29.2814968, 41.0448877 ], [ 29.2831705, 41.0466795 ], [ 29.2848177, 41.0505088 ], [ 29.2902669, 41.0527344 ], [ 29.300071, 41.0478353 ], [ 29.3025299, 41.0495171 ], [ 29.3120848, 41.0486392 ], [ 29.3190691, 41.0507241 ], [ 29.3220762, 41.0508521 ], [ 29.3264656, 41.0504132 ], [ 29.3298123, 41.0485112 ], [ 29.3362388, 41.0486941 ], [ 29.3386396, 41.048054 ], [ 29.3399734, 41.0487672 ], [ 29.3465712, 41.0479526 ], [ 29.3485809, 41.0413682 ], [ 29.3603205, 41.0384623 ], [ 29.3592498, 41.0357691 ], [ 29.3595119, 41.0343444 ], [ 29.3643262, 41.0290568 ], [ 29.3643724, 41.0265401 ], [ 29.3555799, 41.0257346 ], [ 29.3490474, 41.0217585 ], [ 29.34492, 41.0166672 ], [ 29.3425625, 41.0158953 ], [ 29.3358696, 41.0169638 ], [ 29.3154446, 41.0170975 ], [ 29.3093219, 41.0155121 ], [ 29.2984345, 41.0158447 ], [ 29.2948815, 41.0151029 ], [ 29.2933651, 41.0135714 ], [ 29.2941666, 41.0119157 ], [ 29.291974, 41.0105917 ], [ 29.2910594, 41.0083066 ], [ 29.2886712, 41.0075226 ], [ 29.287747, 41.0063106 ], [ 29.2867737, 41.0023896 ], [ 29.2710815, 41.0031807 ], [ 29.262111, 41.0047937 ], [ 29.2595878, 41.0029456 ], [ 29.2595035, 40.9993722 ], [ 29.257812, 40.9945373 ], [ 29.2545267, 40.990334 ], [ 29.2544697, 40.9857739 ], [ 29.2518076, 40.9795785 ], [ 29.2519743, 40.9763681 ], [ 29.2449499, 40.9691547 ], [ 29.2453395, 40.9648785 ], [ 29.2468604, 40.9636225 ], [ 29.2470479, 40.9618672 ], [ 29.2482803, 40.9611223 ], [ 29.2476418, 40.9598349 ], [ 29.2491829, 40.9579711 ], [ 29.2497883, 40.9554107 ], [ 29.2493673, 40.9524083 ], [ 29.2464301, 40.951948 ], [ 29.2465976, 40.9512968 ], [ 29.2425078, 40.9498646 ], [ 29.2356134, 40.9499073 ], [ 29.2320742, 40.9491375 ], [ 29.2310691, 40.9498539 ], [ 29.2287462, 40.949436 ], [ 29.2281991, 40.9516983 ], [ 29.2252557, 40.9529265 ], [ 29.2211252, 40.9518211 ], [ 29.2162998, 40.9460384 ], [ 29.2145618, 40.9531286 ], [ 29.2099861, 40.9586713 ], [ 29.2069683, 40.9609341 ], [ 29.2092686, 40.9666308 ], [ 29.2133474, 40.9717078 ], [ 29.214046, 40.9741909 ], [ 29.2122764, 40.9759283 ], [ 29.2052489, 40.9736449 ], [ 29.2060965, 40.9751677 ], [ 29.2048144, 40.97616 ], [ 29.2032319, 40.9753905 ], [ 29.2025936, 40.9761883 ], [ 29.1994033, 40.9743479 ], [ 29.1991514, 40.9797398 ], [ 29.1979611, 40.9812459 ], [ 29.2035055, 40.9831703 ], [ 29.1991111, 40.9849163 ], [ 29.1926187, 40.9889727 ], [ 29.1933435, 40.9895923 ], [ 29.1927911, 40.9924674 ], [ 29.1912982, 40.992665 ], [ 29.1929421, 40.9967049 ], [ 29.1894103, 41.0059354 ], [ 29.18777, 41.0067124 ], [ 29.1877713, 41.0074443 ], [ 29.1863042, 41.007504 ] ] ] } },
{ "type": "Feature", "properties": { "ilce": "Çekmeköy" }, "geometry": { "type": "Polygon", "coordinates": [ [ [ 29.1390596, 41.042288 ], [ 29.1417231, 41.0437973 ], [ 29.1414656, 41.0457516 ], [ 29.1426527, 41.0477187 ], [ 29.1478714, 41.0477496 ], [ 29.1484057, 41.0496991 ], [ 29.1520217, 41.0493534 ], [ 29.1588786, 41.0512216 ], [ 29.1616108, 41.0527346 ], [ 29.1672933, 41.0540253 ], [ 29.1683922, 41.0562585 ], [ 29.1705243, 41.054707 ], [ 29.1713883, 41.0558495 ], [ 29.1713601, 41.0542523 ], [ 29.1786817, 41.0543342 ], [ 29.1831633, 41.0557867 ], [ 29.1865003, 41.055139 ], [ 29.1933421, 41.055457 ], [ 29.1986481, 41.0536899 ], [ 29.2021606, 41.0549039 ], [ 29.2029249, 41.0558236 ], [ 29.2018842, 41.0561792 ], [ 29.2082263, 41.0566575 ], [ 29.2104217, 41.0590486 ], [ 29.2054092, 41.0649312 ], [ 29.2056434, 41.0672542 ], [ 29.2026856, 41.0719463 ], [ 29.2026732, 41.0740089 ], [ 29.2045726, 41.0767214 ], [ 29.2041823, 41.0798718 ], [ 29.2061012, 41.0825931 ], [ 29.2065077, 41.0859516 ], [ 29.2087031, 41.0879985 ], [ 29.2083453, 41.0906949 ], [ 29.2100506, 41.0899912 ], [ 29.2110545, 41.0903477 ], [ 29.2113777, 41.0916043 ], [ 29.2128214, 41.090991 ], [ 29.2143416, 41.0923746 ], [ 29.2139854, 41.092779 ], [ 29.2163506, 41.0925698 ], [ 29.2178721, 41.0943396 ], [ 29.2224033, 41.0967698 ], [ 29.2228167, 41.0985021 ], [ 29.221411, 41.1006954 ], [ 29.2219568, 41.1043715 ], [ 29.229845, 41.1069135 ], [ 29.2322099, 41.1099662 ], [ 29.2338801, 41.1102154 ], [ 29.2336652, 41.1074991 ], [ 29.2349881, 41.1078729 ], [ 29.2342936, 41.105007 ], [ 29.237386, 41.1038232 ], [ 29.2382625, 41.1031004 ], [ 29.2380641, 41.1023029 ], [ 29.2410408, 41.1029883 ], [ 29.2424464, 41.1042842 ], [ 29.2439844, 41.1038979 ], [ 29.2440009, 41.1024898 ], [ 29.2472753, 41.1034867 ], [ 29.2486314, 41.1045708 ], [ 29.2501197, 41.1078729 ], [ 29.249111, 41.1084835 ], [ 29.2489621, 41.1110129 ], [ 29.2524956, 41.111609 ], [ 29.2536944, 41.1129088 ], [ 29.2533277, 41.1138575 ], [ 29.2516742, 41.114506 ], [ 29.252849, 41.116029 ], [ 29.2567439, 41.1159253 ], [ 29.2572096, 41.1167945 ], [ 29.2590406, 41.1170257 ], [ 29.2587337, 41.1180303 ], [ 29.2597285, 41.1187639 ], [ 29.2607234, 41.1172649 ], [ 29.2627555, 41.1162124 ], [ 29.2659624, 41.1171533 ], [ 29.2681321, 41.11874 ], [ 29.2739532, 41.1199519 ], [ 29.2756996, 41.1217618 ], [ 29.2785466, 41.120534 ], [ 29.2809386, 41.1206217 ], [ 29.2822377, 41.1230315 ], [ 29.2820658, 41.1256923 ], [ 29.2835269, 41.1263094 ], [ 29.2850954, 41.128393 ], [ 29.284037, 41.1317013 ], [ 29.2852012, 41.1325384 ], [ 29.2903212, 41.1308942 ], [ 29.2919881, 41.1294592 ], [ 29.298603, 41.128662 ], [ 29.3029689, 41.1259714 ], [ 29.3086577, 41.1264996 ], [ 29.312071, 41.1256724 ], [ 29.3141084, 41.1279246 ], [ 29.3197178, 41.129818 ], [ 29.3220198, 41.127825 ], [ 29.3278277, 41.1258717 ], [ 29.3329741, 41.1263102 ], [ 29.3349762, 41.1273821 ], [ 29.3379791, 41.127023 ], [ 29.341411, 41.1292131 ], [ 29.3464159, 41.1296081 ], [ 29.3508012, 41.12889 ], [ 29.3499016, 41.1265662 ], [ 29.3526347, 41.1249979 ], [ 29.3617475, 41.1253735 ], [ 29.3669016, 41.1226844 ], [ 29.3728161, 41.125835 ], [ 29.3783081, 41.122939 ], [ 29.3801036, 41.1210614 ], [ 29.3804627, 41.1174491 ], [ 29.3824483, 41.1123407 ], [ 29.3824694, 41.1089508 ], [ 29.3845184, 41.1088553 ], [ 29.3860052, 41.1073088 ], [ 29.3891866, 41.1061814 ], [ 29.3915946, 41.1029344 ], [ 29.3983963, 41.100117 ], [ 29.4013733, 41.0999943 ], [ 29.4019873, 41.0985253 ], [ 29.4020295, 41.0963763 ], [ 29.4003898, 41.0942641 ], [ 29.3979805, 41.0933437 ], [ 29.3934588, 41.0931696 ], [ 29.3933928, 41.0921 ], [ 29.3901583, 41.0896374 ], [ 29.3902573, 41.0887419 ], [ 29.3920725, 41.0884931 ], [ 29.3934588, 41.0869259 ], [ 29.3994327, 41.085906 ], [ 29.3996307, 41.0824481 ], [ 29.3944793, 41.0813926 ], [ 29.3938133, 41.0797311 ], [ 29.3945668, 41.0774887 ], [ 29.3872799, 41.0726855 ], [ 29.3903563, 41.0719736 ], [ 29.3894266, 41.0708832 ], [ 29.3849964, 41.0696685 ], [ 29.3824007, 41.0662286 ], [ 29.3820401, 41.0642814 ], [ 29.3798034, 41.0626352 ], [ 29.3760992, 41.0572311 ], [ 29.36988, 41.0575972 ], [ 29.3652716, 41.0605633 ], [ 29.3601615, 41.0550103 ], [ 29.3587143, 41.0515833 ], [ 29.35929, 41.0496822 ], [ 29.3609736, 41.0479138 ], [ 29.363873, 41.0465308 ], [ 29.3654059, 41.04389 ], [ 29.3617955, 41.0415897 ], [ 29.3603205, 41.0384623 ], [ 29.3485809, 41.0413682 ], [ 29.3465712, 41.0479526 ], [ 29.3399734, 41.0487672 ], [ 29.3386396, 41.048054 ], [ 29.3362388, 41.0486941 ], [ 29.3298123, 41.0485112 ], [ 29.3264656, 41.0504132 ], [ 29.3220762, 41.0508521 ], [ 29.3190691, 41.0507241 ], [ 29.3120848, 41.0486392 ], [ 29.3025299, 41.0495171 ], [ 29.300071, 41.0478353 ], [ 29.2902669, 41.0527344 ], [ 29.2848177, 41.0505088 ], [ 29.2831705, 41.0466795 ], [ 29.2814968, 41.0448877 ], [ 29.2744952, 41.0423455 ], [ 29.2722683, 41.0364328 ], [ 29.2684676, 41.0322313 ], [ 29.2642062, 41.029216 ], [ 29.2590924, 41.0278342 ], [ 29.2500653, 41.0281515 ], [ 29.2514705, 41.0253591 ], [ 29.2498648, 41.0249247 ], [ 29.2491102, 41.0235113 ], [ 29.2462005, 41.0236089 ], [ 29.246127, 41.0246278 ], [ 29.2459919, 41.0218164 ], [ 29.2395928, 41.0214718 ], [ 29.2393914, 41.0223771 ], [ 29.2368024, 41.0186988 ], [ 29.2370544, 41.0166322 ], [ 29.2137273, 41.0160293 ], [ 29.2051927, 41.0130298 ], [ 29.1997453, 41.014242 ], [ 29.1942889, 41.0136897 ], [ 29.1840831, 41.0148105 ], [ 29.1794235, 41.021732 ], [ 29.1705249, 41.0305018 ], [ 29.1653906, 41.0321999 ], [ 29.1612352, 41.0349835 ], [ 29.1541195, 41.0367286 ], [ 29.1471103, 41.0368616 ], [ 29.1422066, 41.0349461 ], [ 29.1398732, 41.0349368 ], [ 29.139925, 41.0387213 ], [ 29.1382482, 41.0405366 ], [ 29.1390596, 41.042288 ] ] ] } },
{ "type": "Feature", "properties": { "ilce": "Çekmeköy" }, "geometry": { "type": "Polygon", "coordinates": [ [ [ 29.1390596, 41.042288 ], [ 29.1417231, 41.0437973 ], [ 29.1414656, 41.0457516 ], [ 29.1426527, 41.0477187 ], [ 29.1478714, 41.0477496 ], [ 29.1484057, 41.0496991 ], [ 29.1520217, 41.0493534 ], [ 29.1588786, 41.0512216 ], [ 29.1616108, 41.0527346 ], [ 29.1672933, 41.0540253 ], [ 29.1683922, 41.0562585 ], [ 29.1705243, 41.054707 ], [ 29.1713883, 41.0558495 ], [ 29.1713601, 41.0542523 ], [ 29.1786817, 41.0543342 ], [ 29.1831633, 41.0557867 ], [ 29.1865003, 41.055139 ], [ 29.1933421, 41.055457 ], [ 29.1986481, 41.0536899 ], [ 29.2021606, 41.0549039 ], [ 29.2029249, 41.0558236 ], [ 29.2018842, 41.0561792 ], [ 29.2082263, 41.0566575 ], [ 29.2104217, 41.0590486 ], [ 29.2054092, 41.0649312 ], [ 29.2056434, 41.0672542 ], [ 29.2026856, 41.0719463 ], [ 29.2026732, 41.0740089 ], [ 29.2045726, 41.0767214 ], [ 29.2041823, 41.0798718 ], [ 29.2061012, 41.0825931 ], [ 29.2065077, 41.0859516 ], [ 29.2087031, 41.0879985 ], [ 29.2083453, 41.0906949 ], [ 29.2100506, 41.0899912 ], [ 29.2110545, 41.0903477 ], [ 29.2113777, 41.0916043 ], [ 29.2128214, 41.090991 ], [ 29.2143416, 41.0923746 ], [ 29.2139854, 41.092779 ], [ 29.2163506, 41.0925698 ], [ 29.2178721, 41.0943396 ], [ 29.2224033, 41.0967698 ], [ 29.2228167, 41.0985021 ], [ 29.221411, 41.1006954 ], [ 29.2219568, 41.1043715 ], [ 29.229845, 41.1069135 ], [ 29.2322099, 41.1099662 ], [ 29.2338801, 41.1102154 ], [ 29.2336652, 41.1074991 ], [ 29.2349881, 41.1078729 ], [ 29.2342936, 41.105007 ], [ 29.237386, 41.1038232 ], [ 29.2382625, 41.1031004 ], [ 29.2380641, 41.1023029 ], [ 29.2410408, 41.1029883 ], [ 29.2424464, 41.1042842 ], [ 29.2439844, 41.1038979 ], [ 29.2440009, 41.1024898 ], [ 29.2472753, 41.1034867 ], [ 29.2486314, 41.1045708 ], [ 29.2501197, 41.1078729 ], [ 29.249111, 41.1084835 ], [ 29.2489621, 41.1110129 ], [ 29.2524956, 41.111609 ], [ 29.2536944, 41.1129088 ], [ 29.2533277, 41.1138575 ], [ 29.2516742, 41.114506 ], [ 29.252849, 41.116029 ], [ 29.2567439, 41.1159253 ], [ 29.2572096, 41.1167945 ], [ 29.2590406, 41.1170257 ], [ 29.2587337, 41.1180303 ], [ 29.2597285, 41.1187639 ], [ 29.2607234, 41.1172649 ], [ 29.2627555, 41.1162124 ], [ 29.2659624, 41.1171533 ], [ 29.2681321, 41.11874 ], [ 29.2739532, 41.1199519 ], [ 29.2756996, 41.1217618 ], [ 29.2785466, 41.120534 ], [ 29.2809386, 41.1206217 ], [ 29.2822377, 41.1230315 ], [ 29.2820658, 41.1256923 ], [ 29.2835269, 41.1263094 ], [ 29.2850954, 41.128393 ], [ 29.284037, 41.1317013 ], [ 29.2852012, 41.1325384 ], [ 29.2903212, 41.1308942 ], [ 29.2919881, 41.1294592 ], [ 29.298603, 41.128662 ], [ 29.3029689, 41.1259714 ], [ 29.3086577, 41.1264996 ], [ 29.312071, 41.1256724 ], [ 29.3141084, 41.1279246 ], [ 29.3197178, 41.129818 ], [ 29.3220198, 41.127825 ], [ 29.3278277, 41.1258717 ], [ 29.3329741, 41.1263102 ], [ 29.3349762, 41.1273821 ], [ 29.3379791, 41.127023 ], [ 29.341411, 41.1292131 ], [ 29.3464159, 41.1296081 ], [ 29.3508012, 41.12889 ], [ 29.3499016, 41.1265662 ], [ 29.3526347, 41.1249979 ], [ 29.3617475, 41.1253735 ], [ 29.3669016, 41.1226844 ], [ 29.3728161, 41.125835 ], [ 29.3783081, 41.122939 ], [ 29.3801036, 41.1210614 ], [ 29.3804627, 41.1174491 ], [ 29.3824483, 41.1123407 ], [ 29.3824694, 41.1089508 ], [ 29.3845184, 41.1088553 ], [ 29.3860052, 41.1073088 ], [ 29.3891866, 41.1061814 ], [ 29.3915946, 41.1029344 ], [ 29.3983963, 41.100117 ], [ 29.4013733, 41.0999943 ], [ 29.4019873, 41.0985253 ], [ 29.4020295, 41.0963763 ], [ 29.4003898, 41.0942641 ], [ 29.3979805, 41.0933437 ], [ 29.3934588, 41.0931696 ], [ 29.3933928, 41.0921 ], [ 29.3901583, 41.0896374 ], [ 29.3902573, 41.0887419 ], [ 29.3920725, 41.0884931 ], [ 29.3934588, 41.0869259 ], [ 29.3994327, 41.085906 ], [ 29.3996307, 41.0824481 ], [ 29.3944793, 41.0813926 ], [ 29.3938133, 41.0797311 ], [ 29.3945668, 41.0774887 ], [ 29.3872799, 41.0726855 ], [ 29.3903563, 41.0719736 ], [ 29.3894266, 41.0708832 ], [ 29.3849964, 41.0696685 ], [ 29.3824007, 41.0662286 ], [ 29.3820401, 41.0642814 ], [ 29.3798034, 41.0626352 ], [ 29.3760992, 41.0572311 ], [ 29.36988, 41.0575972 ], [ 29.3652716, 41.0605633 ], [ 29.3601615, 41.0550103 ], [ 29.3587143, 41.0515833 ], [ 29.35929, 41.0496822 ], [ 29.3609736, 41.0479138 ], [ 29.363873, 41.0465308 ], [ 29.3654059, 41.04389 ], [ 29.3617955, 41.0415897 ], [ 29.3603205, 41.0384623 ], [ 29.3485809, 41.0413682 ], [ 29.3465712, 41.0479526 ], [ 29.3399734, 41.0487672 ], [ 29.3386396, 41.048054 ], [ 29.3362388, 41.0486941 ], [ 29.3298123, 41.0485112 ], [ 29.3264656, 41.0504132 ], [ 29.3220762, 41.0508521 ], [ 29.3190691, 41.0507241 ], [ 29.3120848, 41.0486392 ], [ 29.3025299, 41.0495171 ], [ 29.300071, 41.0478353 ], [ 29.2902669, 41.0527344 ], [ 29.2848177, 41.0505088 ], [ 29.2831705, 41.0466795 ], [ 29.2814968, 41.0448877 ], [ 29.2744952, 41.0423455 ], [ 29.2722683, 41.0364328 ], [ 29.2684676, 41.0322313 ], [ 29.2642062, 41.029216 ], [ 29.2590924, 41.0278342 ], [ 29.2500653, 41.0281515 ], [ 29.2514705, 41.0253591 ], [ 29.2498648, 41.0249247 ], [ 29.2491102, 41.0235113 ], [ 29.2462005, 41.0236089 ], [ 29.246127, 41.0246278 ], [ 29.2459919, 41.0218164 ], [ 29.2395928, 41.0214718 ], [ 29.2393914, 41.0223771 ], [ 29.2368024, 41.0186988 ], [ 29.2370544, 41.0166322 ], [ 29.2137273, 41.0160293 ], [ 29.2051927, 41.0130298 ], [ 29.1997453, 41.014242 ], [ 29.1942889, 41.0136897 ], [ 29.1840831, 41.0148105 ], [ 29.1794235, 41.021732 ], [ 29.1705249, 41.0305018 ], [ 29.1653906, 41.0321999 ], [ 29.1612352, 41.0349835 ], [ 29.1541195, 41.0367286 ], [ 29.1471103, 41.0368616 ], [ 29.1422066, 41.0349461 ], [ 29.1398732, 41.0349368 ], [ 29.139925, 41.0387213 ], [ 29.1382482, 41.0405366 ], [ 29.1390596, 41.042288 ] ] ] } },
{ "type": "Feature", "properties": { "ilce": "Maltepe" }, "geometry": { "type": "Polygon", "coordinates": [ [ [ 29.0948141, 40.952004 ], [ 29.1011504, 40.9562626 ], [ 29.109348, 40.9580192 ], [ 29.1157999, 40.9606628 ], [ 29.1200519, 40.9661295 ], [ 29.1224607, 40.9677677 ], [ 29.1233188, 40.9706066 ], [ 29.1262307, 40.9727992 ], [ 29.1343781, 40.9731177 ], [ 29.1374444, 40.9741048 ], [ 29.1496003, 40.9724462 ], [ 29.1538801, 40.9741862 ], [ 29.157476, 40.9791139 ], [ 29.1609791, 40.9795498 ], [ 29.1623212, 40.9807697 ], [ 29.1651764, 40.9794402 ], [ 29.1716205, 40.9782221 ], [ 29.1734453, 40.976102 ], [ 29.1778557, 40.9771897 ], [ 29.1793429, 40.9762266 ], [ 29.17959, 40.9745058 ], [ 29.1843671, 40.975313 ], [ 29.1888352, 40.9781584 ], [ 29.1979611, 40.9812459 ], [ 29.1991514, 40.9797398 ], [ 29.1994033, 40.9743479 ], [ 29.2025936, 40.9761883 ], [ 29.2032319, 40.9753905 ], [ 29.2048144, 40.97616 ], [ 29.2060965, 40.9751677 ], [ 29.2052489, 40.9736449 ], [ 29.2122764, 40.9759283 ], [ 29.214046, 40.9741909 ], [ 29.2133474, 40.9717078 ], [ 29.2092686, 40.9666308 ], [ 29.2069683, 40.9609341 ], [ 29.2099861, 40.9586713 ], [ 29.2145618, 40.9531286 ], [ 29.2162998, 40.9460384 ], [ 29.2091567, 40.9366612 ], [ 29.2059266, 40.9275434 ], [ 29.2057187, 40.92377 ], [ 29.2032372, 40.923146 ], [ 29.2037844, 40.9224953 ], [ 29.1998407, 40.9213249 ], [ 29.1991279, 40.9236139 ], [ 29.1983641, 40.9223915 ], [ 29.1940263, 40.921174 ], [ 29.1833156, 40.9216739 ], [ 29.1780172, 40.9199305 ], [ 29.1718313, 40.9192657 ], [ 29.1569975, 40.9137575 ], [ 29.1593539, 40.9131961 ], [ 29.1510471, 40.9096826 ], [ 29.1493974, 40.9129187 ], [ 29.1474681, 40.9141181 ], [ 29.1428545, 40.9135508 ], [ 29.1394917, 40.9116258 ], [ 29.1388647, 40.9104162 ], [ 29.1399288, 40.9082039 ], [ 29.138277, 40.906671 ], [ 29.1342859, 40.9106745 ], [ 29.1336302, 40.9104449 ], [ 29.1327996, 40.9120591 ], [ 29.1319394, 40.9120982 ], [ 29.1326367, 40.9122906 ], [ 29.1307241, 40.9153903 ], [ 29.12771, 40.9178881 ], [ 29.12795, 40.9190219 ], [ 29.1226092, 40.918932 ], [ 29.1192871, 40.9224474 ], [ 29.1226858, 40.9242771 ], [ 29.1192281, 40.9225383 ], [ 29.1136835, 40.9288022 ], [ 29.1132306, 40.9298262 ], [ 29.11447, 40.9322651 ], [ 29.1164309, 40.9333549 ], [ 29.1143405, 40.9324597 ], [ 29.112425, 40.9301087 ], [ 29.1132407, 40.9315643 ], [ 29.1066666, 40.9390534 ], [ 29.1076105, 40.9421695 ], [ 29.1070357, 40.9427992 ], [ 29.1033822, 40.9440354 ], [ 29.1054874, 40.942607 ], [ 29.1031176, 40.9439792 ], [ 29.1019277, 40.939234 ], [ 29.1028249, 40.9442668 ], [ 29.099541, 40.94824 ], [ 29.0948141, 40.952004 ] ] ] } },
{ "type": "Feature", "properties": { "ilce": "Kadıköy" }, "geometry": { "type": "Polygon", "coordinates": [ [ [ 29.0148671, 40.9926026 ], [ 29.0185131, 40.9910594 ], [ 29.0230084, 40.99212 ], [ 29.0233472, 40.9925303 ], [ 29.0224512, 40.9929666 ], [ 29.0239891, 40.9933048 ], [ 29.0236782, 40.9949202 ], [ 29.022862, 40.9947729 ], [ 29.0228425, 40.995706 ], [ 29.0211621, 40.9962299 ], [ 29.0184425, 40.9955813 ], [ 29.017624, 40.9962372 ], [ 29.0190723, 40.9970434 ], [ 29.0179107, 40.9973926 ], [ 29.0185342, 40.9975533 ], [ 29.0157894, 41.0002533 ], [ 29.0176451, 41.0012922 ], [ 29.0201199, 40.9989566 ], [ 29.0218033, 40.9985299 ], [ 29.0281249, 41.0028268 ], [ 29.0275472, 41.0043099 ], [ 29.0328155, 41.0081795 ], [ 29.035714, 41.0117161 ], [ 29.0381491, 41.0120548 ], [ 29.0436899, 41.0097013 ], [ 29.0471574, 41.0101508 ], [ 29.0464697, 41.0073419 ], [ 29.0479048, 41.0054812 ], [ 29.0479982, 41.0035044 ], [ 29.0472018, 41.0016009 ], [ 29.0542092, 40.9996924 ], [ 29.0843092, 40.9883971 ], [ 29.0926035, 40.9835982 ], [ 29.0970859, 40.9786864 ], [ 29.1038393, 40.9667737 ], [ 29.1112349, 40.9590646 ], [ 29.1042403, 40.9565518 ], [ 29.1011504, 40.9562626 ], [ 29.0941831, 40.9514506 ], [ 29.0944196, 40.9521472 ], [ 29.0935774, 40.9524198 ], [ 29.0905122, 40.9513392 ], [ 29.0946589, 40.9502569 ], [ 29.0944763, 40.9499656 ], [ 29.0888455, 40.9515854 ], [ 29.0894779, 40.9523013 ], [ 29.0875117, 40.9545127 ], [ 29.083894, 40.954404 ], [ 29.0836507, 40.9536472 ], [ 29.0844242, 40.95306 ], [ 29.0815646, 40.953331 ], [ 29.0778114, 40.9552999 ], [ 29.0782353, 40.9558312 ], [ 29.076706, 40.9568537 ], [ 29.0753225, 40.9570413 ], [ 29.0752141, 40.956401 ], [ 29.0723719, 40.9576264 ], [ 29.0704035, 40.9587437 ], [ 29.0712909, 40.9587942 ], [ 29.0710701, 40.9599682 ], [ 29.068267, 40.9626946 ], [ 29.0671799, 40.9627152 ], [ 29.0674849, 40.962154 ], [ 29.0657234, 40.9629642 ], [ 29.0624433, 40.9620412 ], [ 29.057713, 40.9631233 ], [ 29.0584951, 40.9630977 ], [ 29.0583477, 40.9640059 ], [ 29.0567208, 40.9645704 ], [ 29.0565208, 40.9637108 ], [ 29.0534501, 40.9663079 ], [ 29.0540114, 40.9665874 ], [ 29.0534466, 40.9673862 ], [ 29.0520568, 40.9680625 ], [ 29.051541, 40.967454 ], [ 29.0508945, 40.9683 ], [ 29.0505594, 40.9677554 ], [ 29.0508514, 40.9683141 ], [ 29.0487679, 40.969206 ], [ 29.0454261, 40.9695669 ], [ 29.0443951, 40.9671213 ], [ 29.0418457, 40.9656429 ], [ 29.0402426, 40.9661495 ], [ 29.0396885, 40.9681345 ], [ 29.0375274, 40.9688528 ], [ 29.0365256, 40.968731 ], [ 29.034466, 40.9664457 ], [ 29.032391, 40.967449 ], [ 29.0322368, 40.9667588 ], [ 29.0315445, 40.9684186 ], [ 29.0324164, 40.9695587 ], [ 29.0319969, 40.9701317 ], [ 29.0320765, 40.9703904 ], [ 29.0324375, 40.9698835 ], [ 29.033546, 40.9705417 ], [ 29.0329831, 40.9715318 ], [ 29.0337629, 40.9710735 ], [ 29.0337657, 40.9738713 ], [ 29.0345924, 40.9740358 ], [ 29.033896, 40.9736798 ], [ 29.033996, 40.9710165 ], [ 29.035054, 40.9710942 ], [ 29.0366283, 40.9695724 ], [ 29.038324, 40.9709452 ], [ 29.0377573, 40.9736087 ], [ 29.0371256, 40.9743046 ], [ 29.0353249, 40.9738154 ], [ 29.0358016, 40.9742279 ], [ 29.0347199, 40.9764304 ], [ 29.0355714, 40.9770651 ], [ 29.0350984, 40.9761533 ], [ 29.036229, 40.9742246 ], [ 29.0396387, 40.9753867 ], [ 29.0395989, 40.9761837 ], [ 29.0379648, 40.9759205 ], [ 29.0394047, 40.9762895 ], [ 29.0387687, 40.9777421 ], [ 29.0360862, 40.9769565 ], [ 29.0381972, 40.9778611 ], [ 29.0380801, 40.9787691 ], [ 29.0346369, 40.9817575 ], [ 29.0337421, 40.9813257 ], [ 29.034514, 40.9821044 ], [ 29.0336679, 40.9822215 ], [ 29.0322192, 40.9807316 ], [ 29.0294809, 40.9796896 ], [ 29.0248498, 40.9797499 ], [ 29.0251353, 40.9795047 ], [ 29.0252439, 40.9789727 ], [ 29.025084, 40.9788579 ], [ 29.0248158, 40.9797303 ], [ 29.0239128, 40.9786492 ], [ 29.0222146, 40.9782847 ], [ 29.0198493, 40.9811495 ], [ 29.020198, 40.9852743 ], [ 29.0148671, 40.9926026 ] ] ] } },
{ "type": "Feature", "properties": { "ilce": "Ataşehir" }, "geometry": { "type": "Polygon", "coordinates": [ [ [ 29.0726392, 41.0056665 ], [ 29.08346, 41.0088827 ], [ 29.0904171, 41.0093909 ], [ 29.0975132, 41.0070267 ], [ 29.1092378, 40.998475 ], [ 29.1141017, 40.9963609 ], [ 29.1206268, 40.9956919 ], [ 29.13624, 40.996993 ], [ 29.1508561, 40.9947584 ], [ 29.1646425, 40.9942589 ], [ 29.1773346, 40.9908445 ], [ 29.1903888, 40.9897624 ], [ 29.2035055, 40.9831703 ], [ 29.1888352, 40.9781584 ], [ 29.1843671, 40.975313 ], [ 29.17959, 40.9745058 ], [ 29.1793429, 40.9762266 ], [ 29.1778557, 40.9771897 ], [ 29.1734453, 40.976102 ], [ 29.1716205, 40.9782221 ], [ 29.1651764, 40.9794402 ], [ 29.1623212, 40.9807697 ], [ 29.1609791, 40.9795498 ], [ 29.157476, 40.9791139 ], [ 29.1538801, 40.9741862 ], [ 29.1496003, 40.9724462 ], [ 29.1374444, 40.9741048 ], [ 29.1343781, 40.9731177 ], [ 29.1262307, 40.9727992 ], [ 29.1233188, 40.9706066 ], [ 29.1226298, 40.9679956 ], [ 29.1200519, 40.9661295 ], [ 29.1165948, 40.9613755 ], [ 29.1144848, 40.959907 ], [ 29.1112349, 40.9590646 ], [ 29.1038393, 40.9667737 ], [ 29.0970859, 40.9786864 ], [ 29.0926035, 40.9835982 ], [ 29.086569, 40.9874224 ], [ 29.073352, 40.992524 ], [ 29.0740329, 40.9967136 ], [ 29.0723182, 41.0025163 ], [ 29.0726392, 41.0056665 ] ] ] } },
{ "type": "Feature", "properties": { "ilce": "Üsküdar" }, "geometry": { "type": "Polygon", "coordinates": [ [ [ 29.0063631, 41.0221357 ], [ 29.0095189, 41.0259551 ], [ 29.013168, 41.0261531 ], [ 29.017537, 41.0299596 ], [ 29.0224209, 41.0321275 ], [ 29.0315999, 41.0384123 ], [ 29.0410224, 41.0436345 ], [ 29.0521167, 41.0482385 ], [ 29.052588, 41.0494417 ], [ 29.0513584, 41.0510521 ], [ 29.0516367, 41.0541265 ], [ 29.0532776, 41.0574639 ], [ 29.0524193, 41.0615024 ], [ 29.0569597, 41.0664207 ], [ 29.0571431, 41.0685778 ], [ 29.0553524, 41.0732449 ], [ 29.055917, 41.0743206 ], [ 29.063693, 41.0763721 ], [ 29.0642506, 41.0778919 ], [ 29.0708497, 41.0742678 ], [ 29.0735315, 41.0705515 ], [ 29.0769362, 41.068006 ], [ 29.077698, 41.0661455 ], [ 29.0834486, 41.0642688 ], [ 29.0854227, 41.0616317 ], [ 29.0854549, 41.0600866 ], [ 29.0831482, 41.0575059 ], [ 29.0830935, 41.0562519 ], [ 29.0868473, 41.0549962 ], [ 29.0887098, 41.052452 ], [ 29.088366, 41.0503373 ], [ 29.0898922, 41.0456044 ], [ 29.0896554, 41.0436625 ], [ 29.0916708, 41.0402719 ], [ 29.0902704, 41.0390481 ], [ 29.0903888, 41.037179 ], [ 29.0879541, 41.0353091 ], [ 29.0869393, 41.0317482 ], [ 29.0803543, 41.02943 ], [ 29.0813916, 41.0270281 ], [ 29.0845963, 41.0247094 ], [ 29.0830935, 41.0241339 ], [ 29.0832266, 41.0211155 ], [ 29.0844505, 41.0183737 ], [ 29.0854902, 41.018105 ], [ 29.0881341, 41.0119357 ], [ 29.0891316, 41.0119404 ], [ 29.0894421, 41.0094753 ], [ 29.08346, 41.0088827 ], [ 29.0726392, 41.0056665 ], [ 29.0723182, 41.0025163 ], [ 29.0740329, 40.9967136 ], [ 29.073352, 40.992524 ], [ 29.0472018, 41.0016009 ], [ 29.0479982, 41.0035044 ], [ 29.0479048, 41.0054812 ], [ 29.0464697, 41.0073419 ], [ 29.0471574, 41.0101508 ], [ 29.0456422, 41.0095902 ], [ 29.0418212, 41.0100199 ], [ 29.0372254, 41.012286 ], [ 29.0352309, 41.0113895 ], [ 29.0328155, 41.0081795 ], [ 29.0279177, 41.0047044 ], [ 29.0274453, 41.0039698 ], [ 29.0281249, 41.0028268 ], [ 29.0218033, 40.9985299 ], [ 29.0201199, 40.9989566 ], [ 29.0176451, 41.0012922 ], [ 29.0157894, 41.0002533 ], [ 29.0115514, 41.0008972 ], [ 29.0103433, 41.0026696 ], [ 29.0133872, 41.0025344 ], [ 29.01244, 41.0044517 ], [ 29.0083587, 41.0048587 ], [ 29.0066612, 41.0073035 ], [ 29.0103569, 41.0072237 ], [ 29.0091757, 41.0090004 ], [ 29.0074105, 41.0095001 ], [ 29.0068601, 41.0109525 ], [ 29.008087, 41.0095183 ], [ 29.009829, 41.0092283 ], [ 29.0100515, 41.0104624 ], [ 29.008896, 41.0109117 ], [ 29.0098988, 41.0107643 ], [ 29.0110146, 41.0123251 ], [ 29.0100349, 41.0130004 ], [ 29.0094428, 41.0138767 ], [ 29.0111505, 41.0129903 ], [ 29.0105654, 41.0156236 ], [ 29.0081785, 41.0179347 ], [ 29.0086212, 41.0192273 ], [ 29.0063631, 41.0221357 ] ] ] } },
{ "type": "Feature", "properties": { "ilce": "Üsküdar" }, "geometry": { "type": "Polygon", "coordinates": [ [ [ 29.0063631, 41.0221357 ], [ 29.0095189, 41.0259551 ], [ 29.013168, 41.0261531 ], [ 29.017537, 41.0299596 ], [ 29.0224209, 41.0321275 ], [ 29.0315999, 41.0384123 ], [ 29.0410224, 41.0436345 ], [ 29.0521167, 41.0482385 ], [ 29.052588, 41.0494417 ], [ 29.0513584, 41.0510521 ], [ 29.0516367, 41.0541265 ], [ 29.0532776, 41.0574639 ], [ 29.0524193, 41.0615024 ], [ 29.0569597, 41.0664207 ], [ 29.0571431, 41.0685778 ], [ 29.0553524, 41.0732449 ], [ 29.055917, 41.0743206 ], [ 29.063693, 41.0763721 ], [ 29.0642506, 41.0778919 ], [ 29.0708497, 41.0742678 ], [ 29.0735315, 41.0705515 ], [ 29.0769362, 41.068006 ], [ 29.077698, 41.0661455 ], [ 29.0834486, 41.0642688 ], [ 29.0854227, 41.0616317 ], [ 29.0854549, 41.0600866 ], [ 29.0831482, 41.0575059 ], [ 29.0830935, 41.0562519 ], [ 29.0868473, 41.0549962 ], [ 29.0887098, 41.052452 ], [ 29.088366, 41.0503373 ], [ 29.0898922, 41.0456044 ], [ 29.0896554, 41.0436625 ], [ 29.0916708, 41.0402719 ], [ 29.0902704, 41.0390481 ], [ 29.0903888, 41.037179 ], [ 29.0879541, 41.0353091 ], [ 29.0869393, 41.0317482 ], [ 29.0803543, 41.02943 ], [ 29.0813916, 41.0270281 ], [ 29.0845963, 41.0247094 ], [ 29.0830935, 41.0241339 ], [ 29.0832266, 41.0211155 ], [ 29.0844505, 41.0183737 ], [ 29.0854902, 41.018105 ], [ 29.0881341, 41.0119357 ], [ 29.0891316, 41.0119404 ], [ 29.0894421, 41.0094753 ], [ 29.08346, 41.0088827 ], [ 29.0726392, 41.0056665 ], [ 29.0723182, 41.0025163 ], [ 29.0740329, 40.9967136 ], [ 29.073352, 40.992524 ], [ 29.0472018, 41.0016009 ], [ 29.0479982, 41.0035044 ], [ 29.0479048, 41.0054812 ], [ 29.0464697, 41.0073419 ], [ 29.0471574, 41.0101508 ], [ 29.0456422, 41.0095902 ], [ 29.0418212, 41.0100199 ], [ 29.0372254, 41.012286 ], [ 29.0352309, 41.0113895 ], [ 29.0328155, 41.0081795 ], [ 29.0279177, 41.0047044 ], [ 29.0274453, 41.0039698 ], [ 29.0281249, 41.0028268 ], [ 29.0218033, 40.9985299 ], [ 29.0201199, 40.9989566 ], [ 29.0176451, 41.0012922 ], [ 29.0157894, 41.0002533 ], [ 29.0115514, 41.0008972 ], [ 29.0103433, 41.0026696 ], [ 29.0133872, 41.0025344 ], [ 29.01244, 41.0044517 ], [ 29.0083587, 41.0048587 ], [ 29.0066612, 41.0073035 ], [ 29.0103569, 41.0072237 ], [ 29.0091757, 41.0090004 ], [ 29.0074105, 41.0095001 ], [ 29.0068601, 41.0109525 ], [ 29.008087, 41.0095183 ], [ 29.009829, 41.0092283 ], [ 29.0100515, 41.0104624 ], [ 29.008896, 41.0109117 ], [ 29.0098988, 41.0107643 ], [ 29.0110146, 41.0123251 ], [ 29.0100349, 41.0130004 ], [ 29.0094428, 41.0138767 ], [ 29.0111505, 41.0129903 ], [ 29.0105654, 41.0156236 ], [ 29.0081785, 41.0179347 ], [ 29.0086212, 41.0192273 ], [ 29.0063631, 41.0221357 ] ] ] } },
{ "type": "Feature", "properties": { "ilce": "Ümraniye" }, "geometry": { "type": "Polygon", "coordinates": [ [ [ 29.0803543, 41.02943 ], [ 29.0869393, 41.0317482 ], [ 29.0879541, 41.0353091 ], [ 29.0903888, 41.037179 ], [ 29.0902704, 41.0390481 ], [ 29.0916883, 41.0404203 ], [ 29.0896554, 41.0436625 ], [ 29.0898922, 41.0456044 ], [ 29.088366, 41.0503373 ], [ 29.0887098, 41.052452 ], [ 29.0868473, 41.0549962 ], [ 29.0830935, 41.0562519 ], [ 29.0831482, 41.0575059 ], [ 29.0854978, 41.0602807 ], [ 29.0854227, 41.0616317 ], [ 29.0836032, 41.0637433 ], [ 29.0898779, 41.065437 ], [ 29.0925996, 41.0654058 ], [ 29.0979706, 41.0642397 ], [ 29.0956627, 41.063783 ], [ 29.0964418, 41.0611991 ], [ 29.1003692, 41.060312 ], [ 29.1081923, 41.061108 ], [ 29.1135602, 41.0589836 ], [ 29.1192545, 41.0538958 ], [ 29.119824, 41.0521752 ], [ 29.1225878, 41.0518645 ], [ 29.1253001, 41.0499098 ], [ 29.1310164, 41.0517933 ], [ 29.1326028, 41.0534082 ], [ 29.1338215, 41.0531464 ], [ 29.1347877, 41.0519542 ], [ 29.1343192, 41.0487526 ], [ 29.1382718, 41.0449547 ], [ 29.1390596, 41.042288 ], [ 29.1382482, 41.0405366 ], [ 29.139925, 41.0387213 ], [ 29.1398732, 41.0349368 ], [ 29.1422066, 41.0349461 ], [ 29.147802, 41.0368948 ], [ 29.1541195, 41.0367286 ], [ 29.162128, 41.034642 ], [ 29.1653906, 41.0321999 ], [ 29.1709218, 41.0302291 ], [ 29.1797745, 41.0213176 ], [ 29.183448, 41.0151473 ], [ 29.1939648, 41.0133184 ], [ 29.1946641, 41.011395 ], [ 29.1856762, 41.0090429 ], [ 29.1863042, 41.007504 ], [ 29.1877713, 41.0074443 ], [ 29.18777, 41.0067124 ], [ 29.1894103, 41.0059354 ], [ 29.1930684, 40.9961907 ], [ 29.1912982, 40.992665 ], [ 29.1927911, 40.9924674 ], [ 29.1933435, 40.9895923 ], [ 29.1926187, 40.9889727 ], [ 29.1877742, 40.9902621 ], [ 29.1773346, 40.9908445 ], [ 29.1641375, 40.9943285 ], [ 29.1508561, 40.9947584 ], [ 29.1373802, 40.9969011 ], [ 29.1206268, 40.9956919 ], [ 29.1130144, 40.9967249 ], [ 29.1071303, 40.9998463 ], [ 29.0975132, 41.0070267 ], [ 29.0894421, 41.0094753 ], [ 29.0891316, 41.0119404 ], [ 29.0881341, 41.0119357 ], [ 29.0854902, 41.018105 ], [ 29.0844505, 41.0183737 ], [ 29.0832266, 41.0211155 ], [ 29.0830935, 41.0241339 ], [ 29.0845963, 41.0247094 ], [ 29.0813916, 41.0270281 ], [ 29.0803543, 41.02943 ] ] ] } },
{ "type": "Feature", "properties": { "ilce": "Ümraniye" }, "geometry": { "type": "Polygon", "coordinates": [ [ [ 29.0803543, 41.02943 ], [ 29.0869393, 41.0317482 ], [ 29.0879541, 41.0353091 ], [ 29.0903888, 41.037179 ], [ 29.0902704, 41.0390481 ], [ 29.0916883, 41.0404203 ], [ 29.0896554, 41.0436625 ], [ 29.0898922, 41.0456044 ], [ 29.088366, 41.0503373 ], [ 29.0887098, 41.052452 ], [ 29.0868473, 41.0549962 ], [ 29.0830935, 41.0562519 ], [ 29.0831482, 41.0575059 ], [ 29.0854978, 41.0602807 ], [ 29.0854227, 41.0616317 ], [ 29.0836032, 41.0637433 ], [ 29.0898779, 41.065437 ], [ 29.0925996, 41.0654058 ], [ 29.0979706, 41.0642397 ], [ 29.0956627, 41.063783 ], [ 29.0964418, 41.0611991 ], [ 29.1003692, 41.060312 ], [ 29.1081923, 41.061108 ], [ 29.1135602, 41.0589836 ], [ 29.1192545, 41.0538958 ], [ 29.119824, 41.0521752 ], [ 29.1225878, 41.0518645 ], [ 29.1253001, 41.0499098 ], [ 29.1310164, 41.0517933 ], [ 29.1326028, 41.0534082 ], [ 29.1338215, 41.0531464 ], [ 29.1347877, 41.0519542 ], [ 29.1343192, 41.0487526 ], [ 29.1382718, 41.0449547 ], [ 29.1390596, 41.042288 ], [ 29.1382482, 41.0405366 ], [ 29.139925, 41.0387213 ], [ 29.1398732, 41.0349368 ], [ 29.1422066, 41.0349461 ], [ 29.147802, 41.0368948 ], [ 29.1541195, 41.0367286 ], [ 29.162128, 41.034642 ], [ 29.1653906, 41.0321999 ], [ 29.1709218, 41.0302291 ], [ 29.1797745, 41.0213176 ], [ 29.183448, 41.0151473 ], [ 29.1939648, 41.0133184 ], [ 29.1946641, 41.011395 ], [ 29.1856762, 41.0090429 ], [ 29.1863042, 41.007504 ], [ 29.1877713, 41.0074443 ], [ 29.18777, 41.0067124 ], [ 29.1894103, 41.0059354 ], [ 29.1930684, 40.9961907 ], [ 29.1912982, 40.992665 ], [ 29.1927911, 40.9924674 ], [ 29.1933435, 40.9895923 ], [ 29.1926187, 40.9889727 ], [ 29.1877742, 40.9902621 ], [ 29.1773346, 40.9908445 ], [ 29.1641375, 40.9943285 ], [ 29.1508561, 40.9947584 ], [ 29.1373802, 40.9969011 ], [ 29.1206268, 40.9956919 ], [ 29.1130144, 40.9967249 ], [ 29.1071303, 40.9998463 ], [ 29.0975132, 41.0070267 ], [ 29.0894421, 41.0094753 ], [ 29.0891316, 41.0119404 ], [ 29.0881341, 41.0119357 ], [ 29.0854902, 41.018105 ], [ 29.0844505, 41.0183737 ], [ 29.0832266, 41.0211155 ], [ 29.0830935, 41.0241339 ], [ 29.0845963, 41.0247094 ], [ 29.0813916, 41.0270281 ], [ 29.0803543, 41.02943 ] ] ] } },
{ "type": "Feature", "properties": { "ilce": "Beykoz" }, "geometry": { "type": "Polygon", "coordinates": [ [ [ 29.0642506, 41.0778919 ], [ 29.0652049, 41.0805191 ], [ 29.0662404, 41.0811042 ], [ 29.0669161, 41.0851068 ], [ 29.0657059, 41.0884255 ], [ 29.066281, 41.0915823 ], [ 29.0655869, 41.0930172 ], [ 29.0674665, 41.0944014 ], [ 29.0650719, 41.0956239 ], [ 29.0644024, 41.0976938 ], [ 29.066174, 41.1027446 ], [ 29.0732839, 41.1070073 ], [ 29.0778621, 41.1077056 ], [ 29.0816962, 41.1072331 ], [ 29.0826789, 41.110112 ], [ 29.087773, 41.115046 ], [ 29.0961273, 41.1177349 ], [ 29.0977997, 41.1229641 ], [ 29.0970571, 41.1237088 ], [ 29.097715, 41.1246541 ], [ 29.0973008, 41.1261726 ], [ 29.0929073, 41.1301426 ], [ 29.0913667, 41.1344033 ], [ 29.0900552, 41.1343901 ], [ 29.0854602, 41.1369102 ], [ 29.0803528, 41.1368472 ], [ 29.0781771, 41.1389197 ], [ 29.0834657, 41.1404397 ], [ 29.078978, 41.139605 ], [ 29.073194, 41.1412406 ], [ 29.0711649, 41.1431569 ], [ 29.0718564, 41.1432454 ], [ 29.0725574, 41.1457495 ], [ 29.0739135, 41.1469369 ], [ 29.0728524, 41.1478235 ], [ 29.0740828, 41.1471057 ], [ 29.0749293, 41.148919 ], [ 29.0752266, 41.1483242 ], [ 29.0755981, 41.1487671 ], [ 29.0753796, 41.1495946 ], [ 29.075682, 41.1489689 ], [ 29.0779089, 41.1544962 ], [ 29.0768757, 41.1573876 ], [ 29.0724157, 41.1611886 ], [ 29.0734935, 41.1645956 ], [ 29.0757768, 41.1667079 ], [ 29.0813717, 41.1673459 ], [ 29.0866851, 41.1700517 ], [ 29.0883944, 41.1731014 ], [ 29.0866847, 41.1775061 ], [ 29.0871223, 41.1786616 ], [ 29.0941561, 41.18056 ], [ 29.1000656, 41.180677 ], [ 29.1017526, 41.1816548 ], [ 29.1066779, 41.180741 ], [ 29.1074794, 41.1831271 ], [ 29.1087632, 41.1839652 ], [ 29.1106616, 41.18401 ], [ 29.1125844, 41.1829603 ], [ 29.1126681, 41.1846153 ], [ 29.114561, 41.184907 ], [ 29.1156772, 41.1866008 ], [ 29.1177498, 41.1867292 ], [ 29.1186179, 41.1877689 ], [ 29.1178981, 41.1884389 ], [ 29.119708, 41.191743 ], [ 29.1189992, 41.1943995 ], [ 29.1201455, 41.1967124 ], [ 29.1180879, 41.1990063 ], [ 29.1180584, 41.2002838 ], [ 29.1264591, 41.2030607 ], [ 29.1268496, 41.2022232 ], [ 29.131043, 41.2031409 ], [ 29.131594, 41.205758 ], [ 29.1297348, 41.207401 ], [ 29.126993, 41.2055165 ], [ 29.1277152, 41.2045418 ], [ 29.1265493, 41.2054597 ], [ 29.1253889, 41.2048244 ], [ 29.1300433, 41.2084203 ], [ 29.1328959, 41.2081284 ], [ 29.1331877, 41.2093 ], [ 29.1350582, 41.2089591 ], [ 29.136951, 41.209907 ], [ 29.1376342, 41.2113313 ], [ 29.1415582, 41.2123665 ], [ 29.1416323, 41.2129846 ], [ 29.1466078, 41.2118446 ], [ 29.149902, 41.2130388 ], [ 29.1522083, 41.214742 ], [ 29.1522995, 41.2160515 ], [ 29.1507315, 41.2180763 ], [ 29.1535254, 41.2183719 ], [ 29.1540356, 41.2196045 ], [ 29.1548248, 41.2186946 ], [ 29.1555787, 41.2191625 ], [ 29.160195, 41.2179635 ], [ 29.1607547, 41.2171043 ], [ 29.162021, 41.2174759 ], [ 29.1627541, 41.2180501 ], [ 29.1620949, 41.2197637 ], [ 29.1631888, 41.2198237 ], [ 29.1633368, 41.2220638 ], [ 29.1640663, 41.2221223 ], [ 29.1654468, 41.224459 ], [ 29.1723463, 41.2244282 ], [ 29.174235, 41.222044 ], [ 29.175782, 41.221546 ], [ 29.1769865, 41.2225641 ], [ 29.17971, 41.2213585 ], [ 29.1823684, 41.2217703 ], [ 29.1823201, 41.221049 ], [ 29.1975679, 41.220317 ], [ 29.2007128, 41.2219137 ], [ 29.2008331, 41.2225794 ], [ 29.199438, 41.223362 ], [ 29.2000788, 41.2240472 ], [ 29.2019443, 41.2234154 ], [ 29.2014144, 41.2220356 ], [ 29.2041751, 41.2214633 ], [ 29.2105921, 41.222134 ], [ 29.2141563, 41.2234775 ], [ 29.2139095, 41.2245319 ], [ 29.2147264, 41.2239434 ], [ 29.2152126, 41.2242405 ], [ 29.2146721, 41.2247342 ], [ 29.2168493, 41.2260131 ], [ 29.2138824, 41.2299832 ], [ 29.2150599, 41.2313093 ], [ 29.2180142, 41.2306966 ], [ 29.2186259, 41.231344 ], [ 29.2185982, 41.2294713 ], [ 29.2194959, 41.2289465 ], [ 29.2228959, 41.229143 ], [ 29.2239472, 41.230581 ], [ 29.2289027, 41.2281535 ], [ 29.231279, 41.2290066 ], [ 29.2327976, 41.2286806 ], [ 29.2324687, 41.2298112 ], [ 29.2341072, 41.2301233 ], [ 29.2357427, 41.2285303 ], [ 29.2378392, 41.2293418 ], [ 29.2413709, 41.2278775 ], [ 29.2440548, 41.2289998 ], [ 29.245632, 41.231968 ], [ 29.250067, 41.232395 ], [ 29.2516963, 41.2341099 ], [ 29.25489, 41.234225 ], [ 29.2563501, 41.2353335 ], [ 29.2574045, 41.2339728 ], [ 29.2566596, 41.2316781 ], [ 29.257508, 41.2306136 ], [ 29.2654311, 41.2312144 ], [ 29.2654604, 41.230243 ], [ 29.2675171, 41.2298521 ], [ 29.2676521, 41.2280226 ], [ 29.2707237, 41.2296151 ], [ 29.2720559, 41.2279109 ], [ 29.277793, 41.22787 ], [ 29.282791, 41.224947 ], [ 29.2899337, 41.2225992 ], [ 29.295595, 41.221612 ], [ 29.2971113, 41.2222442 ], [ 29.302711, 41.220957 ], [ 29.304424, 41.221308 ], [ 29.30643, 41.220369 ], [ 29.309846, 41.220814 ], [ 29.313189, 41.219206 ], [ 29.3155863, 41.2193148 ], [ 29.3189659, 41.2166314 ], [ 29.3256607, 41.2164417 ], [ 29.3273129, 41.217047 ], [ 29.328032, 41.215956 ], [ 29.3295874, 41.2165789 ], [ 29.3311002, 41.2153119 ], [ 29.3324799, 41.2166263 ], [ 29.3322806, 41.21437 ], [ 29.3297247, 41.2112078 ], [ 29.3328298, 41.2058842 ], [ 29.3316469, 41.2048512 ], [ 29.3324496, 41.2036116 ], [ 29.3260493, 41.1969682 ], [ 29.3233455, 41.1954105 ], [ 29.321888, 41.19034 ], [ 29.3233032, 41.1894816 ], [ 29.3210642, 41.183425 ], [ 29.3242115, 41.1800069 ], [ 29.3243594, 41.1789258 ], [ 29.3227118, 41.1764138 ], [ 29.3227118, 41.1729318 ], [ 29.3240214, 41.1681457 ], [ 29.3260493, 41.1694178 ], [ 29.3271265, 41.1667305 ], [ 29.326007, 41.1642021 ], [ 29.3289009, 41.1630412 ], [ 29.3297458, 41.1612124 ], [ 29.3292811, 41.1578409 ], [ 29.3322806, 41.1591132 ], [ 29.3388077, 41.1593677 ], [ 29.3407933, 41.1613715 ], [ 29.3434548, 41.1585248 ], [ 29.3435604, 41.155853 ], [ 29.3450813, 41.1558211 ], [ 29.3462853, 41.1541671 ], [ 29.3454193, 41.1517337 ], [ 29.3507846, 41.1534673 ], [ 29.3538685, 41.1522585 ], [ 29.3547135, 41.150843 ], [ 29.3568258, 41.1497455 ], [ 29.3561499, 41.1485685 ], [ 29.3566146, 41.1469619 ], [ 29.3537418, 41.1427944 ], [ 29.3571426, 41.1432557 ], [ 29.3604379, 41.1416331 ], [ 29.3636697, 41.1413468 ], [ 29.365085, 41.1377834 ], [ 29.3654018, 41.1343311 ], [ 29.3647893, 41.1324697 ], [ 29.3591084, 41.1253552 ], [ 29.3526347, 41.1249979 ], [ 29.3499016, 41.1265662 ], [ 29.3508012, 41.12889 ], [ 29.3464159, 41.1296081 ], [ 29.341411, 41.1292131 ], [ 29.3379791, 41.127023 ], [ 29.3349762, 41.1273821 ], [ 29.3329741, 41.1263102 ], [ 29.3278277, 41.1258717 ], [ 29.3220198, 41.127825 ], [ 29.3197178, 41.129818 ], [ 29.3141084, 41.1279246 ], [ 29.312071, 41.1256724 ], [ 29.3086577, 41.1264996 ], [ 29.3029689, 41.1259714 ], [ 29.298603, 41.128662 ], [ 29.2919881, 41.1294592 ], [ 29.2903212, 41.1308942 ], [ 29.2852012, 41.1325384 ], [ 29.284037, 41.1317013 ], [ 29.2850954, 41.128393 ], [ 29.2835269, 41.1263094 ], [ 29.2820658, 41.1256923 ], [ 29.2822377, 41.1230315 ], [ 29.2809386, 41.1206217 ], [ 29.2785466, 41.120534 ], [ 29.2756996, 41.1217618 ], [ 29.2739532, 41.1199519 ], [ 29.2681321, 41.11874 ], [ 29.2659624, 41.1171533 ], [ 29.2627555, 41.1162124 ], [ 29.2607234, 41.1172649 ], [ 29.2597285, 41.1187639 ], [ 29.2587337, 41.1180303 ], [ 29.2590406, 41.1170257 ], [ 29.2572096, 41.1167945 ], [ 29.2567439, 41.1159253 ], [ 29.252849, 41.116029 ], [ 29.2516742, 41.114506 ], [ 29.2533277, 41.1138575 ], [ 29.2536944, 41.1129088 ], [ 29.2524956, 41.111609 ], [ 29.2489621, 41.1110129 ], [ 29.249111, 41.1084835 ], [ 29.2501197, 41.1078729 ], [ 29.2486314, 41.1045708 ], [ 29.2472753, 41.1034867 ], [ 29.2440009, 41.1024898 ], [ 29.2439844, 41.1038979 ], [ 29.2424464, 41.1042842 ], [ 29.2410408, 41.1029883 ], [ 29.2380641, 41.1023029 ], [ 29.2382625, 41.1031004 ], [ 29.237386, 41.1038232 ], [ 29.2342936, 41.105007 ], [ 29.2349881, 41.1078729 ], [ 29.2336652, 41.1074991 ], [ 29.2338801, 41.1102154 ], [ 29.2322099, 41.1099662 ], [ 29.229845, 41.1069135 ], [ 29.2219568, 41.1043715 ], [ 29.221411, 41.1006954 ], [ 29.2228167, 41.0985021 ], [ 29.2224033, 41.0967698 ], [ 29.2178721, 41.0943396 ], [ 29.2163506, 41.0925698 ], [ 29.2139854, 41.092779 ], [ 29.2143416, 41.0923746 ], [ 29.2128214, 41.090991 ], [ 29.2113777, 41.0916043 ], [ 29.2110545, 41.0903477 ], [ 29.2100506, 41.0899912 ], [ 29.2083453, 41.0906949 ], [ 29.2088332, 41.0883539 ], [ 29.2065077, 41.0859516 ], [ 29.2067842, 41.0843949 ], [ 29.2041823, 41.0798718 ], [ 29.2045726, 41.0767214 ], [ 29.2027718, 41.0742318 ], [ 29.2026486, 41.072448 ], [ 29.2056434, 41.0672542 ], [ 29.2054092, 41.0649312 ], [ 29.2104217, 41.0590486 ], [ 29.2082263, 41.0566575 ], [ 29.2018842, 41.0561792 ], [ 29.2029249, 41.0558236 ], [ 29.2021606, 41.0549039 ], [ 29.1986481, 41.0536899 ], [ 29.1933421, 41.055457 ], [ 29.1865003, 41.055139 ], [ 29.1831633, 41.0557867 ], [ 29.1786817, 41.0543342 ], [ 29.1713601, 41.0542523 ], [ 29.1713883, 41.0558495 ], [ 29.1705243, 41.054707 ], [ 29.1683922, 41.0562585 ], [ 29.1672933, 41.0540253 ], [ 29.1616108, 41.0527346 ], [ 29.1588786, 41.0512216 ], [ 29.1520217, 41.0493534 ], [ 29.1484057, 41.0496991 ], [ 29.1478714, 41.0477496 ], [ 29.1426527, 41.0477187 ], [ 29.1414656, 41.0457516 ], [ 29.1417231, 41.0437973 ], [ 29.1390596, 41.042288 ], [ 29.1375984, 41.0462133 ], [ 29.1343192, 41.0487526 ], [ 29.1347877, 41.0519542 ], [ 29.1338215, 41.0531464 ], [ 29.1326028, 41.0534082 ], [ 29.1310164, 41.0517933 ], [ 29.1253001, 41.0499098 ], [ 29.1225878, 41.0518645 ], [ 29.119824, 41.0521752 ], [ 29.1192545, 41.0538958 ], [ 29.1135602, 41.0589836 ], [ 29.1081923, 41.061108 ], [ 29.1003692, 41.060312 ], [ 29.0964418, 41.0611991 ], [ 29.0956627, 41.063783 ], [ 29.0979706, 41.0642397 ], [ 29.0925996, 41.0654058 ], [ 29.0898779, 41.065437 ], [ 29.0836032, 41.0637433 ], [ 29.0828935, 41.0645499 ], [ 29.0795648, 41.0650292 ], [ 29.0735315, 41.0705515 ], [ 29.0717139, 41.0735978 ], [ 29.0642506, 41.0778919 ] ] ] } },
{ "type": "Feature", "properties": { "ilce": "Beykoz" }, "geometry": { "type": "Polygon", "coordinates": [ [ [ 29.0642506, 41.0778919 ], [ 29.0652049, 41.0805191 ], [ 29.0662404, 41.0811042 ], [ 29.0669161, 41.0851068 ], [ 29.0657059, 41.0884255 ], [ 29.066281, 41.0915823 ], [ 29.0655869, 41.0930172 ], [ 29.0674665, 41.0944014 ], [ 29.0650719, 41.0956239 ], [ 29.0644024, 41.0976938 ], [ 29.066174, 41.1027446 ], [ 29.0732839, 41.1070073 ], [ 29.0778621, 41.1077056 ], [ 29.0816962, 41.1072331 ], [ 29.0826789, 41.110112 ], [ 29.087773, 41.115046 ], [ 29.0961273, 41.1177349 ], [ 29.0977997, 41.1229641 ], [ 29.0970571, 41.1237088 ], [ 29.097715, 41.1246541 ], [ 29.0973008, 41.1261726 ], [ 29.0929073, 41.1301426 ], [ 29.0913667, 41.1344033 ], [ 29.0900552, 41.1343901 ], [ 29.0854602, 41.1369102 ], [ 29.0803528, 41.1368472 ], [ 29.0781771, 41.1389197 ], [ 29.0834657, 41.1404397 ], [ 29.078978, 41.139605 ], [ 29.073194, 41.1412406 ], [ 29.0711649, 41.1431569 ], [ 29.0718564, 41.1432454 ], [ 29.0725574, 41.1457495 ], [ 29.0739135, 41.1469369 ], [ 29.0728524, 41.1478235 ], [ 29.0740828, 41.1471057 ], [ 29.0749293, 41.148919 ], [ 29.0752266, 41.1483242 ], [ 29.0755981, 41.1487671 ], [ 29.0753796, 41.1495946 ], [ 29.075682, 41.1489689 ], [ 29.0779089, 41.1544962 ], [ 29.0768757, 41.1573876 ], [ 29.0724157, 41.1611886 ], [ 29.0734935, 41.1645956 ], [ 29.0757768, 41.1667079 ], [ 29.0813717, 41.1673459 ], [ 29.0866851, 41.1700517 ], [ 29.0883944, 41.1731014 ], [ 29.0866847, 41.1775061 ], [ 29.0871223, 41.1786616 ], [ 29.0941561, 41.18056 ], [ 29.1000656, 41.180677 ], [ 29.1017526, 41.1816548 ], [ 29.1066779, 41.180741 ], [ 29.1074794, 41.1831271 ], [ 29.1087632, 41.1839652 ], [ 29.1106616, 41.18401 ], [ 29.1125844, 41.1829603 ], [ 29.1126681, 41.1846153 ], [ 29.114561, 41.184907 ], [ 29.1156772, 41.1866008 ], [ 29.1177498, 41.1867292 ], [ 29.1186179, 41.1877689 ], [ 29.1178981, 41.1884389 ], [ 29.119708, 41.191743 ], [ 29.1189992, 41.1943995 ], [ 29.1201455, 41.1967124 ], [ 29.1180879, 41.1990063 ], [ 29.1180584, 41.2002838 ], [ 29.1264591, 41.2030607 ], [ 29.1268496, 41.2022232 ], [ 29.131043, 41.2031409 ], [ 29.131594, 41.205758 ], [ 29.1297348, 41.207401 ], [ 29.126993, 41.2055165 ], [ 29.1277152, 41.2045418 ], [ 29.1265493, 41.2054597 ], [ 29.1253889, 41.2048244 ], [ 29.1300433, 41.2084203 ], [ 29.1328959, 41.2081284 ], [ 29.1331877, 41.2093 ], [ 29.1350582, 41.2089591 ], [ 29.136951, 41.209907 ], [ 29.1376342, 41.2113313 ], [ 29.1415582, 41.2123665 ], [ 29.1416323, 41.2129846 ], [ 29.1466078, 41.2118446 ], [ 29.149902, 41.2130388 ], [ 29.1522083, 41.214742 ], [ 29.1522995, 41.2160515 ], [ 29.1507315, 41.2180763 ], [ 29.1535254, 41.2183719 ], [ 29.1540356, 41.2196045 ], [ 29.1548248, 41.2186946 ], [ 29.1555787, 41.2191625 ], [ 29.160195, 41.2179635 ], [ 29.1607547, 41.2171043 ], [ 29.162021, 41.2174759 ], [ 29.1627541, 41.2180501 ], [ 29.1620949, 41.2197637 ], [ 29.1631888, 41.2198237 ], [ 29.1633368, 41.2220638 ], [ 29.1640663, 41.2221223 ], [ 29.1654468, 41.224459 ], [ 29.1723463, 41.2244282 ], [ 29.174235, 41.222044 ], [ 29.175782, 41.221546 ], [ 29.1769865, 41.2225641 ], [ 29.17971, 41.2213585 ], [ 29.1823684, 41.2217703 ], [ 29.1823201, 41.221049 ], [ 29.1975679, 41.220317 ], [ 29.2007128, 41.2219137 ], [ 29.2008331, 41.2225794 ], [ 29.199438, 41.223362 ], [ 29.2000788, 41.2240472 ], [ 29.2019443, 41.2234154 ], [ 29.2014144, 41.2220356 ], [ 29.2041751, 41.2214633 ], [ 29.2105921, 41.222134 ], [ 29.2141563, 41.2234775 ], [ 29.2139095, 41.2245319 ], [ 29.2147264, 41.2239434 ], [ 29.2152126, 41.2242405 ], [ 29.2146721, 41.2247342 ], [ 29.2168493, 41.2260131 ], [ 29.2138824, 41.2299832 ], [ 29.2150599, 41.2313093 ], [ 29.2180142, 41.2306966 ], [ 29.2186259, 41.231344 ], [ 29.2185982, 41.2294713 ], [ 29.2194959, 41.2289465 ], [ 29.2228959, 41.229143 ], [ 29.2239472, 41.230581 ], [ 29.2289027, 41.2281535 ], [ 29.231279, 41.2290066 ], [ 29.2327976, 41.2286806 ], [ 29.2324687, 41.2298112 ], [ 29.2341072, 41.2301233 ], [ 29.2357427, 41.2285303 ], [ 29.2378392, 41.2293418 ], [ 29.2413709, 41.2278775 ], [ 29.2440548, 41.2289998 ], [ 29.245632, 41.231968 ], [ 29.250067, 41.232395 ], [ 29.2516963, 41.2341099 ], [ 29.25489, 41.234225 ], [ 29.2563501, 41.2353335 ], [ 29.2574045, 41.2339728 ], [ 29.2566596, 41.2316781 ], [ 29.257508, 41.2306136 ], [ 29.2654311, 41.2312144 ], [ 29.2654604, 41.230243 ], [ 29.2675171, 41.2298521 ], [ 29.2676521, 41.2280226 ], [ 29.2707237, 41.2296151 ], [ 29.2720559, 41.2279109 ], [ 29.277793, 41.22787 ], [ 29.282791, 41.224947 ], [ 29.2899337, 41.2225992 ], [ 29.295595, 41.221612 ], [ 29.2971113, 41.2222442 ], [ 29.302711, 41.220957 ], [ 29.304424, 41.221308 ], [ 29.30643, 41.220369 ], [ 29.309846, 41.220814 ], [ 29.313189, 41.219206 ], [ 29.3155863, 41.2193148 ], [ 29.3189659, 41.2166314 ], [ 29.3256607, 41.2164417 ], [ 29.3273129, 41.217047 ], [ 29.328032, 41.215956 ], [ 29.3295874, 41.2165789 ], [ 29.3311002, 41.2153119 ], [ 29.3324799, 41.2166263 ], [ 29.3322806, 41.21437 ], [ 29.3297247, 41.2112078 ], [ 29.3328298, 41.2058842 ], [ 29.3316469, 41.2048512 ], [ 29.3324496, 41.2036116 ], [ 29.3260493, 41.1969682 ], [ 29.3233455, 41.1954105 ], [ 29.321888, 41.19034 ], [ 29.3233032, 41.1894816 ], [ 29.3210642, 41.183425 ], [ 29.3242115, 41.1800069 ], [ 29.3243594, 41.1789258 ], [ 29.3227118, 41.1764138 ], [ 29.3227118, 41.1729318 ], [ 29.3240214, 41.1681457 ], [ 29.3260493, 41.1694178 ], [ 29.3271265, 41.1667305 ], [ 29.326007, 41.1642021 ], [ 29.3289009, 41.1630412 ], [ 29.3297458, 41.1612124 ], [ 29.3292811, 41.1578409 ], [ 29.3322806, 41.1591132 ], [ 29.3388077, 41.1593677 ], [ 29.3407933, 41.1613715 ], [ 29.3434548, 41.1585248 ], [ 29.3435604, 41.155853 ], [ 29.3450813, 41.1558211 ], [ 29.3462853, 41.1541671 ], [ 29.3454193, 41.1517337 ], [ 29.3507846, 41.1534673 ], [ 29.3538685, 41.1522585 ], [ 29.3547135, 41.150843 ], [ 29.3568258, 41.1497455 ], [ 29.3561499, 41.1485685 ], [ 29.3566146, 41.1469619 ], [ 29.3537418, 41.1427944 ], [ 29.3571426, 41.1432557 ], [ 29.3604379, 41.1416331 ], [ 29.3636697, 41.1413468 ], [ 29.365085, 41.1377834 ], [ 29.3654018, 41.1343311 ], [ 29.3647893, 41.1324697 ], [ 29.3591084, 41.1253552 ], [ 29.3526347, 41.1249979 ], [ 29.3499016, 41.1265662 ], [ 29.3508012, 41.12889 ], [ 29.3464159, 41.1296081 ], [ 29.341411, 41.1292131 ], [ 29.3379791, 41.127023 ], [ 29.3349762, 41.1273821 ], [ 29.3329741, 41.1263102 ], [ 29.3278277, 41.1258717 ], [ 29.3220198, 41.127825 ], [ 29.3197178, 41.129818 ], [ 29.3141084, 41.1279246 ], [ 29.312071, 41.1256724 ], [ 29.3086577, 41.1264996 ], [ 29.3029689, 41.1259714 ], [ 29.298603, 41.128662 ], [ 29.2919881, 41.1294592 ], [ 29.2903212, 41.1308942 ], [ 29.2852012, 41.1325384 ], [ 29.284037, 41.1317013 ], [ 29.2850954, 41.128393 ], [ 29.2835269, 41.1263094 ], [ 29.2820658, 41.1256923 ], [ 29.2822377, 41.1230315 ], [ 29.2809386, 41.1206217 ], [ 29.2785466, 41.120534 ], [ 29.2756996, 41.1217618 ], [ 29.2739532, 41.1199519 ], [ 29.2681321, 41.11874 ], [ 29.2659624, 41.1171533 ], [ 29.2627555, 41.1162124 ], [ 29.2607234, 41.1172649 ], [ 29.2597285, 41.1187639 ], [ 29.2587337, 41.1180303 ], [ 29.2590406, 41.1170257 ], [ 29.2572096, 41.1167945 ], [ 29.2567439, 41.1159253 ], [ 29.252849, 41.116029 ], [ 29.2516742, 41.114506 ], [ 29.2533277, 41.1138575 ], [ 29.2536944, 41.1129088 ], [ 29.2524956, 41.111609 ], [ 29.2489621, 41.1110129 ], [ 29.249111, 41.1084835 ], [ 29.2501197, 41.1078729 ], [ 29.2486314, 41.1045708 ], [ 29.2472753, 41.1034867 ], [ 29.2440009, 41.1024898 ], [ 29.2439844, 41.1038979 ], [ 29.2424464, 41.1042842 ], [ 29.2410408, 41.1029883 ], [ 29.2380641, 41.1023029 ], [ 29.2382625, 41.1031004 ], [ 29.237386, 41.1038232 ], [ 29.2342936, 41.105007 ], [ 29.2349881, 41.1078729 ], [ 29.2336652, 41.1074991 ], [ 29.2338801, 41.1102154 ], [ 29.2322099, 41.1099662 ], [ 29.229845, 41.1069135 ], [ 29.2219568, 41.1043715 ], [ 29.221411, 41.1006954 ], [ 29.2228167, 41.0985021 ], [ 29.2224033, 41.0967698 ], [ 29.2178721, 41.0943396 ], [ 29.2163506, 41.0925698 ], [ 29.2139854, 41.092779 ], [ 29.2143416, 41.0923746 ], [ 29.2128214, 41.090991 ], [ 29.2113777, 41.0916043 ], [ 29.2110545, 41.0903477 ], [ 29.2100506, 41.0899912 ], [ 29.2083453, 41.0906949 ], [ 29.2088332, 41.0883539 ], [ 29.2065077, 41.0859516 ], [ 29.2067842, 41.0843949 ], [ 29.2041823, 41.0798718 ], [ 29.2045726, 41.0767214 ], [ 29.2027718, 41.0742318 ], [ 29.2026486, 41.072448 ], [ 29.2056434, 41.0672542 ], [ 29.2054092, 41.0649312 ], [ 29.2104217, 41.0590486 ], [ 29.2082263, 41.0566575 ], [ 29.2018842, 41.0561792 ], [ 29.2029249, 41.0558236 ], [ 29.2021606, 41.0549039 ], [ 29.1986481, 41.0536899 ], [ 29.1933421, 41.055457 ], [ 29.1865003, 41.055139 ], [ 29.1831633, 41.0557867 ], [ 29.1786817, 41.0543342 ], [ 29.1713601, 41.0542523 ], [ 29.1713883, 41.0558495 ], [ 29.1705243, 41.054707 ], [ 29.1683922, 41.0562585 ], [ 29.1672933, 41.0540253 ], [ 29.1616108, 41.0527346 ], [ 29.1588786, 41.0512216 ], [ 29.1520217, 41.0493534 ], [ 29.1484057, 41.0496991 ], [ 29.1478714, 41.0477496 ], [ 29.1426527, 41.0477187 ], [ 29.1414656, 41.0457516 ], [ 29.1417231, 41.0437973 ], [ 29.1390596, 41.042288 ], [ 29.1375984, 41.0462133 ], [ 29.1343192, 41.0487526 ], [ 29.1347877, 41.0519542 ], [ 29.1338215, 41.0531464 ], [ 29.1326028, 41.0534082 ], [ 29.1310164, 41.0517933 ], [ 29.1253001, 41.0499098 ], [ 29.1225878, 41.0518645 ], [ 29.119824, 41.0521752 ], [ 29.1192545, 41.0538958 ], [ 29.1135602, 41.0589836 ], [ 29.1081923, 41.061108 ], [ 29.1003692, 41.060312 ], [ 29.0964418, 41.0611991 ], [ 29.0956627, 41.063783 ], [ 29.0979706, 41.0642397 ], [ 29.0925996, 41.0654058 ], [ 29.0898779, 41.065437 ], [ 29.0836032, 41.0637433 ], [ 29.0828935, 41.0645499 ], [ 29.0795648, 41.0650292 ], [ 29.0735315, 41.0705515 ], [ 29.0717139, 41.0735978 ], [ 29.0642506, 41.0778919 ] ] ] } },
{ "type": "Feature", "properties": { "ilce": "Beyoğlu" }, "geometry": { "type": "Polygon", "coordinates": [ [ [ 28.946775, 41.0430692 ], [ 28.9413291, 41.0457219 ], [ 28.9390119, 41.0493344 ], [ 28.9393575, 41.0514597 ], [ 28.941098, 41.0530621 ], [ 28.9477059, 41.0555208 ], [ 28.948475, 41.0575596 ], [ 28.9472832, 41.0619975 ], [ 28.9484396, 41.064434 ], [ 28.9495803, 41.0625692 ], [ 28.954913, 41.0587776 ], [ 28.9555373, 41.0536726 ], [ 28.9619994, 41.0532024 ], [ 28.9627058, 41.0509209 ], [ 28.9680092, 41.047699 ], [ 28.9680675, 41.0455653 ], [ 28.9709159, 41.0446708 ], [ 28.9738377, 41.0460203 ], [ 28.9759079, 41.0456743 ], [ 28.9820165, 41.0409452 ], [ 28.9830816, 41.0417906 ], [ 28.9897549, 41.040241 ], [ 28.9910747, 41.0392677 ], [ 28.9931925, 41.0390912 ], [ 28.9957843, 41.0367733 ], [ 28.993798, 41.0349976 ], [ 28.9945071, 41.0337763 ], [ 28.9937081, 41.0332088 ], [ 28.9943811, 41.0326149 ], [ 28.9936273, 41.0331197 ], [ 28.9927717, 41.031829 ], [ 28.992701, 41.0327008 ], [ 28.9921124, 41.0326102 ], [ 28.9881191, 41.0289306 ], [ 28.9885635, 41.0281199 ], [ 28.9824798, 41.0252857 ], [ 28.9767643, 41.0218411 ], [ 28.9766872, 41.0210793 ], [ 28.9764467, 41.0217812 ], [ 28.9699042, 41.0223576 ], [ 28.9671736, 41.024888 ], [ 28.9667224, 41.0276759 ], [ 28.9660719, 41.0279948 ], [ 28.9672885, 41.0289049 ], [ 28.9656802, 41.0311348 ], [ 28.9648315, 41.0307071 ], [ 28.960882, 41.0338777 ], [ 28.9557359, 41.0338387 ], [ 28.9524144, 41.0348895 ], [ 28.9535579, 41.0356999 ], [ 28.952651, 41.0353629 ], [ 28.9530572, 41.0358577 ], [ 28.9522839, 41.0357494 ], [ 28.9507788, 41.0374956 ], [ 28.9486038, 41.0408832 ], [ 28.9490976, 41.0413772 ], [ 28.9483294, 41.041106 ], [ 28.946775, 41.0430692 ] ] ] } },
{ "type": "Feature", "properties": { "ilce": "Beyoğlu" }, "geometry": { "type": "Polygon", "coordinates": [ [ [ 28.946775, 41.0430692 ], [ 28.9413291, 41.0457219 ], [ 28.9390119, 41.0493344 ], [ 28.9393575, 41.0514597 ], [ 28.941098, 41.0530621 ], [ 28.9477059, 41.0555208 ], [ 28.948475, 41.0575596 ], [ 28.9472832, 41.0619975 ], [ 28.9484396, 41.064434 ], [ 28.9495803, 41.0625692 ], [ 28.954913, 41.0587776 ], [ 28.9555373, 41.0536726 ], [ 28.9619994, 41.0532024 ], [ 28.9627058, 41.0509209 ], [ 28.9680092, 41.047699 ], [ 28.9680675, 41.0455653 ], [ 28.9709159, 41.0446708 ], [ 28.9738377, 41.0460203 ], [ 28.9759079, 41.0456743 ], [ 28.9820165, 41.0409452 ], [ 28.9830816, 41.0417906 ], [ 28.9897549, 41.040241 ], [ 28.9910747, 41.0392677 ], [ 28.9931925, 41.0390912 ], [ 28.9957843, 41.0367733 ], [ 28.993798, 41.0349976 ], [ 28.9945071, 41.0337763 ], [ 28.9937081, 41.0332088 ], [ 28.9943811, 41.0326149 ], [ 28.9936273, 41.0331197 ], [ 28.9927717, 41.031829 ], [ 28.992701, 41.0327008 ], [ 28.9921124, 41.0326102 ], [ 28.9881191, 41.0289306 ], [ 28.9885635, 41.0281199 ], [ 28.9824798, 41.0252857 ], [ 28.9767643, 41.0218411 ], [ 28.9766872, 41.0210793 ], [ 28.9764467, 41.0217812 ], [ 28.9699042, 41.0223576 ], [ 28.9671736, 41.024888 ], [ 28.9667224, 41.0276759 ], [ 28.9660719, 41.0279948 ], [ 28.9672885, 41.0289049 ], [ 28.9656802, 41.0311348 ], [ 28.9648315, 41.0307071 ], [ 28.960882, 41.0338777 ], [ 28.9557359, 41.0338387 ], [ 28.9524144, 41.0348895 ], [ 28.9535579, 41.0356999 ], [ 28.952651, 41.0353629 ], [ 28.9530572, 41.0358577 ], [ 28.9522839, 41.0357494 ], [ 28.9507788, 41.0374956 ], [ 28.9486038, 41.0408832 ], [ 28.9490976, 41.0413772 ], [ 28.9483294, 41.041106 ], [ 28.946775, 41.0430692 ] ] ] } },
{ "type": "Feature", "properties": { "ilce": "Beyoğlu" }, "geometry": { "type": "Polygon", "coordinates": [ [ [ 28.946775, 41.0430692 ], [ 28.9413291, 41.0457219 ], [ 28.9390119, 41.0493344 ], [ 28.9393575, 41.0514597 ], [ 28.941098, 41.0530621 ], [ 28.9477059, 41.0555208 ], [ 28.948475, 41.0575596 ], [ 28.9472832, 41.0619975 ], [ 28.9484396, 41.064434 ], [ 28.9495803, 41.0625692 ], [ 28.954913, 41.0587776 ], [ 28.9555373, 41.0536726 ], [ 28.9619994, 41.0532024 ], [ 28.9627058, 41.0509209 ], [ 28.9680092, 41.047699 ], [ 28.9680675, 41.0455653 ], [ 28.9709159, 41.0446708 ], [ 28.9738377, 41.0460203 ], [ 28.9759079, 41.0456743 ], [ 28.9820165, 41.0409452 ], [ 28.9830816, 41.0417906 ], [ 28.9897549, 41.040241 ], [ 28.9910747, 41.0392677 ], [ 28.9931925, 41.0390912 ], [ 28.9957843, 41.0367733 ], [ 28.993798, 41.0349976 ], [ 28.9945071, 41.0337763 ], [ 28.9937081, 41.0332088 ], [ 28.9943811, 41.0326149 ], [ 28.9936273, 41.0331197 ], [ 28.9927717, 41.031829 ], [ 28.992701, 41.0327008 ], [ 28.9921124, 41.0326102 ], [ 28.9881191, 41.0289306 ], [ 28.9885635, 41.0281199 ], [ 28.9824798, 41.0252857 ], [ 28.9767643, 41.0218411 ], [ 28.9766872, 41.0210793 ], [ 28.9764467, 41.0217812 ], [ 28.9699042, 41.0223576 ], [ 28.9671736, 41.024888 ], [ 28.9667224, 41.0276759 ], [ 28.9660719, 41.0279948 ], [ 28.9672885, 41.0289049 ], [ 28.9656802, 41.0311348 ], [ 28.9648315, 41.0307071 ], [ 28.960882, 41.0338777 ], [ 28.9557359, 41.0338387 ], [ 28.9524144, 41.0348895 ], [ 28.9535579, 41.0356999 ], [ 28.952651, 41.0353629 ], [ 28.9530572, 41.0358577 ], [ 28.9522839, 41.0357494 ], [ 28.9507788, 41.0374956 ], [ 28.9486038, 41.0408832 ], [ 28.9490976, 41.0413772 ], [ 28.9483294, 41.041106 ], [ 28.946775, 41.0430692 ] ] ] } },
{ "type": "Feature", "properties": { "ilce": "Beyoğlu" }, "geometry": { "type": "Polygon", "coordinates": [ [ [ 28.946775, 41.0430692 ], [ 28.9413291, 41.0457219 ], [ 28.9390119, 41.0493344 ], [ 28.9393575, 41.0514597 ], [ 28.941098, 41.0530621 ], [ 28.9477059, 41.0555208 ], [ 28.948475, 41.0575596 ], [ 28.9472832, 41.0619975 ], [ 28.9484396, 41.064434 ], [ 28.9495803, 41.0625692 ], [ 28.954913, 41.0587776 ], [ 28.9555373, 41.0536726 ], [ 28.9619994, 41.0532024 ], [ 28.9627058, 41.0509209 ], [ 28.9680092, 41.047699 ], [ 28.9680675, 41.0455653 ], [ 28.9709159, 41.0446708 ], [ 28.9738377, 41.0460203 ], [ 28.9759079, 41.0456743 ], [ 28.9820165, 41.0409452 ], [ 28.9830816, 41.0417906 ], [ 28.9897549, 41.040241 ], [ 28.9910747, 41.0392677 ], [ 28.9931925, 41.0390912 ], [ 28.9957843, 41.0367733 ], [ 28.993798, 41.0349976 ], [ 28.9945071, 41.0337763 ], [ 28.9937081, 41.0332088 ], [ 28.9943811, 41.0326149 ], [ 28.9936273, 41.0331197 ], [ 28.9927717, 41.031829 ], [ 28.992701, 41.0327008 ], [ 28.9921124, 41.0326102 ], [ 28.9881191, 41.0289306 ], [ 28.9885635, 41.0281199 ], [ 28.9824798, 41.0252857 ], [ 28.9767643, 41.0218411 ], [ 28.9766872, 41.0210793 ], [ 28.9764467, 41.0217812 ], [ 28.9699042, 41.0223576 ], [ 28.9671736, 41.024888 ], [ 28.9667224, 41.0276759 ], [ 28.9660719, 41.0279948 ], [ 28.9672885, 41.0289049 ], [ 28.9656802, 41.0311348 ], [ 28.9648315, 41.0307071 ], [ 28.960882, 41.0338777 ], [ 28.9557359, 41.0338387 ], [ 28.9524144, 41.0348895 ], [ 28.9535579, 41.0356999 ], [ 28.952651, 41.0353629 ], [ 28.9530572, 41.0358577 ], [ 28.9522839, 41.0357494 ], [ 28.9507788, 41.0374956 ], [ 28.9486038, 41.0408832 ], [ 28.9490976, 41.0413772 ], [ 28.9483294, 41.041106 ], [ 28.946775, 41.0430692 ] ] ] } },
{ "type": "Feature", "properties": { "ilce": "Beşiktaş" }, "geometry": { "type": "Polygon", "coordinates": [ [ [ 28.9957843, 41.0367733 ], [ 28.9919114, 41.0393428 ], [ 28.9932232, 41.0406729 ], [ 28.993113, 41.042086 ], [ 28.9955509, 41.0430721 ], [ 28.9952509, 41.0439911 ], [ 28.9959801, 41.0443141 ], [ 28.9951301, 41.0454643 ], [ 28.9959457, 41.0456115 ], [ 28.9982304, 41.0497948 ], [ 29.0008202, 41.0491714 ], [ 29.00027, 41.0520433 ], [ 29.0014493, 41.0522366 ], [ 28.9987099, 41.0555261 ], [ 29.0010525, 41.0577396 ], [ 29.0017204, 41.0631974 ], [ 29.0031966, 41.066595 ], [ 29.0073766, 41.0664389 ], [ 29.0116901, 41.0627445 ], [ 29.0158942, 41.0718339 ], [ 29.0138843, 41.0772336 ], [ 29.0067881, 41.0871857 ], [ 29.0051969, 41.0927339 ], [ 29.0054713, 41.0948075 ], [ 29.007539, 41.0984019 ], [ 29.0134575, 41.1060718 ], [ 29.0144458, 41.1066686 ], [ 29.018467, 41.1014915 ], [ 29.0231261, 41.0990947 ], [ 29.0260551, 41.0987147 ], [ 29.0311191, 41.0999436 ], [ 29.0330532, 41.0991837 ], [ 29.0305111, 41.0980223 ], [ 29.028317, 41.0953461 ], [ 29.0261096, 41.0955947 ], [ 29.0233028, 41.0941902 ], [ 29.0326802, 41.0919151 ], [ 29.0420286, 41.0908168 ], [ 29.0426169, 41.0878828 ], [ 29.0418496, 41.0869288 ], [ 29.0418699, 41.084786 ], [ 29.0462184, 41.0853271 ], [ 29.0483449, 41.084036 ], [ 29.0551191, 41.0839033 ], [ 29.0543863, 41.082634 ], [ 29.0546675, 41.080969 ], [ 29.0465763, 41.0790933 ], [ 29.0444714, 41.0778666 ], [ 29.0440724, 41.0750007 ], [ 29.046376, 41.0678914 ], [ 29.0422707, 41.0667627 ], [ 29.0407865, 41.0628895 ], [ 29.036586, 41.059498 ], [ 29.0358577, 41.0557805 ], [ 29.0327995, 41.0497522 ], [ 29.0285837, 41.048358 ], [ 29.0275564, 41.0470943 ], [ 29.024892, 41.0472568 ], [ 29.0180127, 41.0445989 ], [ 29.0169074, 41.0434987 ], [ 29.0100562, 41.041298 ], [ 29.0074739, 41.0412477 ], [ 29.0055722, 41.0398899 ], [ 28.9957843, 41.0367733 ] ] ] } },
{ "type": "Feature", "properties": { "ilce": "Beşiktaş" }, "geometry": { "type": "Polygon", "coordinates": [ [ [ 28.9957843, 41.0367733 ], [ 28.9919114, 41.0393428 ], [ 28.9932232, 41.0406729 ], [ 28.993113, 41.042086 ], [ 28.9955509, 41.0430721 ], [ 28.9952509, 41.0439911 ], [ 28.9959801, 41.0443141 ], [ 28.9951301, 41.0454643 ], [ 28.9959457, 41.0456115 ], [ 28.9982304, 41.0497948 ], [ 29.0008202, 41.0491714 ], [ 29.00027, 41.0520433 ], [ 29.0014493, 41.0522366 ], [ 28.9987099, 41.0555261 ], [ 29.0010525, 41.0577396 ], [ 29.0017204, 41.0631974 ], [ 29.0031966, 41.066595 ], [ 29.0073766, 41.0664389 ], [ 29.0116901, 41.0627445 ], [ 29.0158942, 41.0718339 ], [ 29.0138843, 41.0772336 ], [ 29.0067881, 41.0871857 ], [ 29.0051969, 41.0927339 ], [ 29.0054713, 41.0948075 ], [ 29.007539, 41.0984019 ], [ 29.0134575, 41.1060718 ], [ 29.0144458, 41.1066686 ], [ 29.018467, 41.1014915 ], [ 29.0231261, 41.0990947 ], [ 29.0260551, 41.0987147 ], [ 29.0311191, 41.0999436 ], [ 29.0330532, 41.0991837 ], [ 29.0305111, 41.0980223 ], [ 29.028317, 41.0953461 ], [ 29.0261096, 41.0955947 ], [ 29.0233028, 41.0941902 ], [ 29.0326802, 41.0919151 ], [ 29.0420286, 41.0908168 ], [ 29.0426169, 41.0878828 ], [ 29.0418496, 41.0869288 ], [ 29.0418699, 41.084786 ], [ 29.0462184, 41.0853271 ], [ 29.0483449, 41.084036 ], [ 29.0551191, 41.0839033 ], [ 29.0543863, 41.082634 ], [ 29.0546675, 41.080969 ], [ 29.0465763, 41.0790933 ], [ 29.0444714, 41.0778666 ], [ 29.0440724, 41.0750007 ], [ 29.046376, 41.0678914 ], [ 29.0422707, 41.0667627 ], [ 29.0407865, 41.0628895 ], [ 29.036586, 41.059498 ], [ 29.0358577, 41.0557805 ], [ 29.0327995, 41.0497522 ], [ 29.0285837, 41.048358 ], [ 29.0275564, 41.0470943 ], [ 29.024892, 41.0472568 ], [ 29.0180127, 41.0445989 ], [ 29.0169074, 41.0434987 ], [ 29.0100562, 41.041298 ], [ 29.0074739, 41.0412477 ], [ 29.0055722, 41.0398899 ], [ 28.9957843, 41.0367733 ] ] ] } },
{ "type": "Feature", "properties": { "ilce": "Kâğıthane" }, "geometry": { "type": "Polygon", "coordinates": [ [ [ 28.9480788, 41.0647209 ], [ 28.9513046, 41.0651843 ], [ 28.9554013, 41.0681293 ], [ 28.9568664, 41.0739921 ], [ 28.9636248, 41.0803378 ], [ 28.9629005, 41.0832735 ], [ 28.963995, 41.085469 ], [ 28.9680676, 41.0861086 ], [ 28.968023, 41.0904843 ], [ 28.967278, 41.0919178 ], [ 28.9601465, 41.0967665 ], [ 28.9588651, 41.0987825 ], [ 28.9540976, 41.1006095 ], [ 28.9538742, 41.1048578 ], [ 28.9601541, 41.1067132 ], [ 28.9610338, 41.106309 ], [ 28.9599191, 41.1053805 ], [ 28.9605019, 41.1049612 ], [ 28.9639395, 41.1044248 ], [ 28.9696276, 41.1020971 ], [ 28.973726, 41.1028328 ], [ 28.978377, 41.1022962 ], [ 28.9839934, 41.1039776 ], [ 28.985531, 41.0988636 ], [ 28.9878666, 41.0986125 ], [ 28.9913911, 41.099797 ], [ 28.9971708, 41.0995903 ], [ 28.9997302, 41.101108 ], [ 29.002281, 41.1003411 ], [ 29.004212, 41.0985963 ], [ 29.0042174, 41.0935107 ], [ 29.0070558, 41.0846336 ], [ 29.0052258, 41.084435 ], [ 29.0052259, 41.0834433 ], [ 29.0076693, 41.0793599 ], [ 29.0070712, 41.0758795 ], [ 29.0008751, 41.0747014 ], [ 28.9982173, 41.0760474 ], [ 28.9919409, 41.0767671 ], [ 28.9892722, 41.078131 ], [ 28.9895725, 41.0753761 ], [ 28.9887674, 41.0724504 ], [ 28.9847169, 41.070862 ], [ 28.9827069, 41.0691136 ], [ 28.979879, 41.0708345 ], [ 28.9786399, 41.0694461 ], [ 28.9784413, 41.0674293 ], [ 28.974618, 41.067229 ], [ 28.9749008, 41.0663685 ], [ 28.9693824, 41.0638625 ], [ 28.9633715, 41.0565104 ], [ 28.9619324, 41.0535554 ], [ 28.9607026, 41.0529715 ], [ 28.9555373, 41.0536726 ], [ 28.954913, 41.0587776 ], [ 28.9495803, 41.0625692 ], [ 28.9480788, 41.0647209 ] ] ] } },
{ "type": "Feature", "properties": { "ilce": "Kâğıthane" }, "geometry": { "type": "Polygon", "coordinates": [ [ [ 28.9480788, 41.0647209 ], [ 28.9513046, 41.0651843 ], [ 28.9554013, 41.0681293 ], [ 28.9568664, 41.0739921 ], [ 28.9636248, 41.0803378 ], [ 28.9629005, 41.0832735 ], [ 28.963995, 41.085469 ], [ 28.9680676, 41.0861086 ], [ 28.968023, 41.0904843 ], [ 28.967278, 41.0919178 ], [ 28.9601465, 41.0967665 ], [ 28.9588651, 41.0987825 ], [ 28.9540976, 41.1006095 ], [ 28.9538742, 41.1048578 ], [ 28.9601541, 41.1067132 ], [ 28.9610338, 41.106309 ], [ 28.9599191, 41.1053805 ], [ 28.9605019, 41.1049612 ], [ 28.9639395, 41.1044248 ], [ 28.9696276, 41.1020971 ], [ 28.973726, 41.1028328 ], [ 28.978377, 41.1022962 ], [ 28.9839934, 41.1039776 ], [ 28.985531, 41.0988636 ], [ 28.9878666, 41.0986125 ], [ 28.9913911, 41.099797 ], [ 28.9971708, 41.0995903 ], [ 28.9997302, 41.101108 ], [ 29.002281, 41.1003411 ], [ 29.004212, 41.0985963 ], [ 29.0042174, 41.0935107 ], [ 29.0070558, 41.0846336 ], [ 29.0052258, 41.084435 ], [ 29.0052259, 41.0834433 ], [ 29.0076693, 41.0793599 ], [ 29.0070712, 41.0758795 ], [ 29.0008751, 41.0747014 ], [ 28.9982173, 41.0760474 ], [ 28.9919409, 41.0767671 ], [ 28.9892722, 41.078131 ], [ 28.9895725, 41.0753761 ], [ 28.9887674, 41.0724504 ], [ 28.9847169, 41.070862 ], [ 28.9827069, 41.0691136 ], [ 28.979879, 41.0708345 ], [ 28.9786399, 41.0694461 ], [ 28.9784413, 41.0674293 ], [ 28.974618, 41.067229 ], [ 28.9749008, 41.0663685 ], [ 28.9693824, 41.0638625 ], [ 28.9633715, 41.0565104 ], [ 28.9619324, 41.0535554 ], [ 28.9607026, 41.0529715 ], [ 28.9555373, 41.0536726 ], [ 28.954913, 41.0587776 ], [ 28.9495803, 41.0625692 ], [ 28.9480788, 41.0647209 ] ] ] } },
{ "type": "Feature", "properties": { "ilce": "Sarıyer" }, "geometry": { "type": "Polygon", "coordinates": [ [ [ 28.9327097, 41.2312991 ], [ 28.9357153, 41.2372021 ], [ 28.9366793, 41.2424329 ], [ 28.9407257, 41.2484065 ], [ 28.9403044, 41.2511937 ], [ 28.9432534, 41.2563245 ], [ 28.9467078, 41.2570846 ], [ 28.9484772, 41.2587948 ], [ 28.9492882, 41.2617809 ], [ 28.9543176, 41.2621786 ], [ 28.9572734, 41.2598519 ], [ 28.9628848, 41.2584361 ], [ 28.9647832, 41.2562793 ], [ 28.964807, 41.255218 ], [ 28.9688015, 41.2539197 ], [ 28.9746391, 41.252503 ], [ 28.9786668, 41.2530568 ], [ 28.9970069, 41.2480164 ], [ 29.0164965, 41.2453653 ], [ 29.0241409, 41.2450666 ], [ 29.0331396, 41.2461746 ], [ 29.0344493, 41.2473523 ], [ 29.033665, 41.2494724 ], [ 29.0370126, 41.2501741 ], [ 29.0385659, 41.2519328 ], [ 29.0389587, 41.2544206 ], [ 29.0381353, 41.2565652 ], [ 29.0402777, 41.2558665 ], [ 29.0419024, 41.2564917 ], [ 29.0412473, 41.2555559 ], [ 29.0430786, 41.2536041 ], [ 29.047525, 41.2549913 ], [ 29.047466, 41.256423 ], [ 29.0495152, 41.2570239 ], [ 29.0505022, 41.256548 ], [ 29.0502072, 41.2558826 ], [ 29.0538282, 41.2557334 ], [ 29.0544176, 41.2548069 ], [ 29.0604311, 41.2552264 ], [ 29.0609676, 41.2539842 ], [ 29.0621263, 41.2536535 ], [ 29.0621476, 41.2516655 ], [ 29.0645631, 41.2506727 ], [ 29.0659929, 41.2511184 ], [ 29.0674454, 41.2535514 ], [ 29.0674511, 41.2522522 ], [ 29.0697156, 41.2519289 ], [ 29.0707185, 41.2527132 ], [ 29.0721832, 41.2516658 ], [ 29.0710433, 41.2499153 ], [ 29.0710425, 41.2484588 ], [ 29.0720417, 41.2479125 ], [ 29.0738087, 41.2497589 ], [ 29.0753716, 41.2496861 ], [ 29.0764573, 41.2530022 ], [ 29.0781525, 41.2539358 ], [ 29.0793434, 41.2527884 ], [ 29.0790564, 41.2521996 ], [ 29.0802042, 41.251711 ], [ 29.0790851, 41.2503972 ], [ 29.0796924, 41.248828 ], [ 29.0844798, 41.249929 ], [ 29.083077, 41.2494248 ], [ 29.0848503, 41.2474261 ], [ 29.0842232, 41.2462899 ], [ 29.0846954, 41.2455969 ], [ 29.087633, 41.2464491 ], [ 29.0890932, 41.2478922 ], [ 29.0910266, 41.2474081 ], [ 29.0921586, 41.2447956 ], [ 29.0912718, 41.2444917 ], [ 29.0913378, 41.2437694 ], [ 29.0921538, 41.2435187 ], [ 29.0928966, 41.2452402 ], [ 29.095383, 41.2449176 ], [ 29.0964589, 41.2439176 ], [ 29.0960973, 41.2433559 ], [ 29.0972337, 41.2435381 ], [ 29.0978196, 41.2428072 ], [ 29.0972829, 41.2425857 ], [ 29.0984612, 41.24226 ], [ 29.0974722, 41.2411259 ], [ 29.0977209, 41.2401907 ], [ 29.1009736, 41.2420525 ], [ 29.1009733, 41.2411816 ], [ 29.1014011, 41.2417802 ], [ 29.1011756, 41.2411515 ], [ 29.1033116, 41.2412268 ], [ 29.1025833, 41.2408802 ], [ 29.103239, 41.2403996 ], [ 29.1052472, 41.2404206 ], [ 29.1050744, 41.2387415 ], [ 29.1070209, 41.2396657 ], [ 29.1066556, 41.2384051 ], [ 29.1055244, 41.2378162 ], [ 29.1059563, 41.2370901 ], [ 29.1097301, 41.2384435 ], [ 29.1121806, 41.2377734 ], [ 29.109505, 41.2362962 ], [ 29.1091726, 41.2353701 ], [ 29.1127168, 41.2352516 ], [ 29.1162318, 41.2339606 ], [ 29.1149467, 41.2316558 ], [ 29.1147566, 41.2287553 ], [ 29.1138802, 41.231842 ], [ 29.115308, 41.2334396 ], [ 29.1133322, 41.234073 ], [ 29.112661, 41.2324377 ], [ 29.1133377, 41.2319798 ], [ 29.1121015, 41.2313667 ], [ 29.1128736, 41.2309598 ], [ 29.112355, 41.2303849 ], [ 29.1139531, 41.2296367 ], [ 29.1100081, 41.2260955 ], [ 29.1101567, 41.2254137 ], [ 29.1080843, 41.2242561 ], [ 29.1097166, 41.22291 ], [ 29.1076646, 41.2225351 ], [ 29.106375, 41.2211217 ], [ 29.1060556, 41.2184812 ], [ 29.1071492, 41.2175137 ], [ 29.106774, 41.2168432 ], [ 29.1081613, 41.2168552 ], [ 29.1078332, 41.2157726 ], [ 29.1095659, 41.2157222 ], [ 29.1092805, 41.2150808 ], [ 29.1117815, 41.2141634 ], [ 29.1094649, 41.2136178 ], [ 29.1110275, 41.2128468 ], [ 29.1103526, 41.2127766 ], [ 29.1091006, 41.2102192 ], [ 29.1048583, 41.2073384 ], [ 29.1053432, 41.2064101 ], [ 29.1033507, 41.2051349 ], [ 29.1020352, 41.2061066 ], [ 29.1001675, 41.2060705 ], [ 29.0986455, 41.2050555 ], [ 29.0978292, 41.2028664 ], [ 29.091431, 41.2003617 ], [ 29.0815707, 41.1884702 ], [ 29.0815523, 41.1875721 ], [ 29.0772246, 41.1855276 ], [ 29.0741686, 41.1796944 ], [ 29.0738494, 41.1808707 ], [ 29.0738725, 41.1772741 ], [ 29.0727073, 41.1750224 ], [ 29.0677959, 41.1725072 ], [ 29.0604421, 41.1706402 ], [ 29.0581564, 41.1688852 ], [ 29.0570347, 41.1657578 ], [ 29.051774, 41.1647553 ], [ 29.0463832, 41.1607592 ], [ 29.0385895, 41.1581964 ], [ 29.0363909, 41.1567372 ], [ 29.0361651, 41.1557183 ], [ 29.0382222, 41.1557243 ], [ 29.0365558, 41.1554235 ], [ 29.03682, 41.1546532 ], [ 29.04142, 41.1529212 ], [ 29.0445203, 41.149686 ], [ 29.0524003, 41.1469566 ], [ 29.0556272, 41.1438724 ], [ 29.055556, 41.1426682 ], [ 29.0579745, 41.1396613 ], [ 29.0542289, 41.1385837 ], [ 29.0610878, 41.1357071 ], [ 29.0639734, 41.1306145 ], [ 29.0701664, 41.1273616 ], [ 29.0716977, 41.1245372 ], [ 29.0718838, 41.1232815 ], [ 29.070327, 41.1202092 ], [ 29.0644658, 41.1166723 ], [ 29.0617587, 41.1131254 ], [ 29.0571567, 41.1149429 ], [ 29.0543508, 41.1137722 ], [ 29.0576907, 41.1134941 ], [ 29.0585887, 41.1126083 ], [ 29.0585844, 41.1102438 ], [ 29.0593579, 41.1093226 ], [ 29.0547118, 41.0997085 ], [ 29.053534, 41.0989294 ], [ 29.0546405, 41.0974811 ], [ 29.0540054, 41.0948485 ], [ 29.057102, 41.090318 ], [ 29.0570176, 41.0835623 ], [ 29.0558382, 41.0816432 ], [ 29.0546498, 41.081221 ], [ 29.0543863, 41.082634 ], [ 29.0551191, 41.0839033 ], [ 29.0545611, 41.0841081 ], [ 29.048497, 41.0840124 ], [ 29.0462184, 41.0853271 ], [ 29.0418699, 41.084786 ], [ 29.0418496, 41.0869288 ], [ 29.0426169, 41.0878828 ], [ 29.0420286, 41.0908168 ], [ 29.0326802, 41.0919151 ], [ 29.0233028, 41.0941902 ], [ 29.0261096, 41.0955947 ], [ 29.028317, 41.0953461 ], [ 29.0305111, 41.0980223 ], [ 29.0330532, 41.0991837 ], [ 29.0311191, 41.0999436 ], [ 29.0260551, 41.0987147 ], [ 29.0231261, 41.0990947 ], [ 29.018467, 41.1014915 ], [ 29.0144458, 41.1066686 ], [ 29.0120699, 41.1048573 ], [ 29.0045648, 41.0933824 ], [ 29.004212, 41.0985963 ], [ 29.0011596, 41.1008696 ], [ 28.9991641, 41.1010905 ], [ 28.9971708, 41.0995903 ], [ 28.9913911, 41.099797 ], [ 28.9869118, 41.0986691 ], [ 28.985531, 41.0988636 ], [ 28.9839934, 41.1039776 ], [ 28.978377, 41.1022962 ], [ 28.973726, 41.1028328 ], [ 28.9696276, 41.1020971 ], [ 28.9599191, 41.1053805 ], [ 28.9610338, 41.106309 ], [ 28.9601541, 41.1067132 ], [ 28.9621157, 41.1110466 ], [ 28.9587593, 41.1134711 ], [ 28.9598249, 41.1140657 ], [ 28.9602935, 41.1183532 ], [ 28.962053, 41.118919 ], [ 28.9599502, 41.1249159 ], [ 28.9598928, 41.1274049 ], [ 28.9650592, 41.1315027 ], [ 28.9650839, 41.1326255 ], [ 28.965894, 41.1328841 ], [ 28.964113, 41.1345002 ], [ 28.9678795, 41.136709 ], [ 28.9693573, 41.1403542 ], [ 28.9737368, 41.1439458 ], [ 28.9763209, 41.147212 ], [ 28.9754319, 41.1490276 ], [ 28.9755943, 41.1520643 ], [ 28.973383, 41.1558946 ], [ 28.9713979, 41.1574772 ], [ 28.96807, 41.1581365 ], [ 28.9593123, 41.1566859 ], [ 28.9570353, 41.1580046 ], [ 28.9578527, 41.1604223 ], [ 28.9520143, 41.1604662 ], [ 28.9537074, 41.1787933 ], [ 28.9540577, 41.1936445 ], [ 28.9501994, 41.1952831 ], [ 28.9480441, 41.1992238 ], [ 28.9477696, 41.2034057 ], [ 28.947869, 41.2050663 ], [ 28.9534025, 41.2146467 ], [ 28.9537442, 41.2165994 ], [ 28.9531236, 41.2178035 ], [ 28.9538488, 41.2192808 ], [ 28.9532614, 41.2208004 ], [ 28.9499938, 41.2204639 ], [ 28.9470449, 41.2219215 ], [ 28.9417368, 41.2214779 ], [ 28.9405572, 41.2223018 ], [ 28.938535, 41.222175 ], [ 28.9382823, 41.2234425 ], [ 28.9371027, 41.2223018 ], [ 28.9363444, 41.2231256 ], [ 28.9370184, 41.2253436 ], [ 28.9353333, 41.2242663 ], [ 28.9349121, 41.2249634 ], [ 28.9356704, 41.2266744 ], [ 28.9351648, 41.2295893 ], [ 28.9327097, 41.2312991 ] ] ] } },
{ "type": "Feature", "properties": { "ilce": "Sarıyer" }, "geometry": { "type": "Polygon", "coordinates": [ [ [ 28.9327097, 41.2312991 ], [ 28.9357153, 41.2372021 ], [ 28.9366793, 41.2424329 ], [ 28.9407257, 41.2484065 ], [ 28.9403044, 41.2511937 ], [ 28.9432534, 41.2563245 ], [ 28.9467078, 41.2570846 ], [ 28.9484772, 41.2587948 ], [ 28.9492882, 41.2617809 ], [ 28.9543176, 41.2621786 ], [ 28.9572734, 41.2598519 ], [ 28.9628848, 41.2584361 ], [ 28.9647832, 41.2562793 ], [ 28.964807, 41.255218 ], [ 28.9688015, 41.2539197 ], [ 28.9746391, 41.252503 ], [ 28.9786668, 41.2530568 ], [ 28.9970069, 41.2480164 ], [ 29.0164965, 41.2453653 ], [ 29.0241409, 41.2450666 ], [ 29.0331396, 41.2461746 ], [ 29.0344493, 41.2473523 ], [ 29.033665, 41.2494724 ], [ 29.0370126, 41.2501741 ], [ 29.0385659, 41.2519328 ], [ 29.0389587, 41.2544206 ], [ 29.0381353, 41.2565652 ], [ 29.0402777, 41.2558665 ], [ 29.0419024, 41.2564917 ], [ 29.0412473, 41.2555559 ], [ 29.0430786, 41.2536041 ], [ 29.047525, 41.2549913 ], [ 29.047466, 41.256423 ], [ 29.0495152, 41.2570239 ], [ 29.0505022, 41.256548 ], [ 29.0502072, 41.2558826 ], [ 29.0538282, 41.2557334 ], [ 29.0544176, 41.2548069 ], [ 29.0604311, 41.2552264 ], [ 29.0609676, 41.2539842 ], [ 29.0621263, 41.2536535 ], [ 29.0621476, 41.2516655 ], [ 29.0645631, 41.2506727 ], [ 29.0659929, 41.2511184 ], [ 29.0674454, 41.2535514 ], [ 29.0674511, 41.2522522 ], [ 29.0697156, 41.2519289 ], [ 29.0707185, 41.2527132 ], [ 29.0721832, 41.2516658 ], [ 29.0710433, 41.2499153 ], [ 29.0710425, 41.2484588 ], [ 29.0720417, 41.2479125 ], [ 29.0738087, 41.2497589 ], [ 29.0753716, 41.2496861 ], [ 29.0764573, 41.2530022 ], [ 29.0781525, 41.2539358 ], [ 29.0793434, 41.2527884 ], [ 29.0790564, 41.2521996 ], [ 29.0802042, 41.251711 ], [ 29.0790851, 41.2503972 ], [ 29.0796924, 41.248828 ], [ 29.0844798, 41.249929 ], [ 29.083077, 41.2494248 ], [ 29.0848503, 41.2474261 ], [ 29.0842232, 41.2462899 ], [ 29.0846954, 41.2455969 ], [ 29.087633, 41.2464491 ], [ 29.0890932, 41.2478922 ], [ 29.0910266, 41.2474081 ], [ 29.0921586, 41.2447956 ], [ 29.0912718, 41.2444917 ], [ 29.0913378, 41.2437694 ], [ 29.0921538, 41.2435187 ], [ 29.0928966, 41.2452402 ], [ 29.095383, 41.2449176 ], [ 29.0964589, 41.2439176 ], [ 29.0960973, 41.2433559 ], [ 29.0972337, 41.2435381 ], [ 29.0978196, 41.2428072 ], [ 29.0972829, 41.2425857 ], [ 29.0984612, 41.24226 ], [ 29.0974722, 41.2411259 ], [ 29.0977209, 41.2401907 ], [ 29.1009736, 41.2420525 ], [ 29.1009733, 41.2411816 ], [ 29.1014011, 41.2417802 ], [ 29.1011756, 41.2411515 ], [ 29.1033116, 41.2412268 ], [ 29.1025833, 41.2408802 ], [ 29.103239, 41.2403996 ], [ 29.1052472, 41.2404206 ], [ 29.1050744, 41.2387415 ], [ 29.1070209, 41.2396657 ], [ 29.1066556, 41.2384051 ], [ 29.1055244, 41.2378162 ], [ 29.1059563, 41.2370901 ], [ 29.1097301, 41.2384435 ], [ 29.1121806, 41.2377734 ], [ 29.109505, 41.2362962 ], [ 29.1091726, 41.2353701 ], [ 29.1127168, 41.2352516 ], [ 29.1162318, 41.2339606 ], [ 29.1149467, 41.2316558 ], [ 29.1147566, 41.2287553 ], [ 29.1138802, 41.231842 ], [ 29.115308, 41.2334396 ], [ 29.1133322, 41.234073 ], [ 29.112661, 41.2324377 ], [ 29.1133377, 41.2319798 ], [ 29.1121015, 41.2313667 ], [ 29.1128736, 41.2309598 ], [ 29.112355, 41.2303849 ], [ 29.1139531, 41.2296367 ], [ 29.1100081, 41.2260955 ], [ 29.1101567, 41.2254137 ], [ 29.1080843, 41.2242561 ], [ 29.1097166, 41.22291 ], [ 29.1076646, 41.2225351 ], [ 29.106375, 41.2211217 ], [ 29.1060556, 41.2184812 ], [ 29.1071492, 41.2175137 ], [ 29.106774, 41.2168432 ], [ 29.1081613, 41.2168552 ], [ 29.1078332, 41.2157726 ], [ 29.1095659, 41.2157222 ], [ 29.1092805, 41.2150808 ], [ 29.1117815, 41.2141634 ], [ 29.1094649, 41.2136178 ], [ 29.1110275, 41.2128468 ], [ 29.1103526, 41.2127766 ], [ 29.1091006, 41.2102192 ], [ 29.1048583, 41.2073384 ], [ 29.1053432, 41.2064101 ], [ 29.1033507, 41.2051349 ], [ 29.1020352, 41.2061066 ], [ 29.1001675, 41.2060705 ], [ 29.0986455, 41.2050555 ], [ 29.0978292, 41.2028664 ], [ 29.091431, 41.2003617 ], [ 29.0815707, 41.1884702 ], [ 29.0815523, 41.1875721 ], [ 29.0772246, 41.1855276 ], [ 29.0741686, 41.1796944 ], [ 29.0738494, 41.1808707 ], [ 29.0738725, 41.1772741 ], [ 29.0727073, 41.1750224 ], [ 29.0677959, 41.1725072 ], [ 29.0604421, 41.1706402 ], [ 29.0581564, 41.1688852 ], [ 29.0570347, 41.1657578 ], [ 29.051774, 41.1647553 ], [ 29.0463832, 41.1607592 ], [ 29.0385895, 41.1581964 ], [ 29.0363909, 41.1567372 ], [ 29.0361651, 41.1557183 ], [ 29.0382222, 41.1557243 ], [ 29.0365558, 41.1554235 ], [ 29.03682, 41.1546532 ], [ 29.04142, 41.1529212 ], [ 29.0445203, 41.149686 ], [ 29.0524003, 41.1469566 ], [ 29.0556272, 41.1438724 ], [ 29.055556, 41.1426682 ], [ 29.0579745, 41.1396613 ], [ 29.0542289, 41.1385837 ], [ 29.0610878, 41.1357071 ], [ 29.0639734, 41.1306145 ], [ 29.0701664, 41.1273616 ], [ 29.0716977, 41.1245372 ], [ 29.0718838, 41.1232815 ], [ 29.070327, 41.1202092 ], [ 29.0644658, 41.1166723 ], [ 29.0617587, 41.1131254 ], [ 29.0571567, 41.1149429 ], [ 29.0543508, 41.1137722 ], [ 29.0576907, 41.1134941 ], [ 29.0585887, 41.1126083 ], [ 29.0585844, 41.1102438 ], [ 29.0593579, 41.1093226 ], [ 29.0547118, 41.0997085 ], [ 29.053534, 41.0989294 ], [ 29.0546405, 41.0974811 ], [ 29.0540054, 41.0948485 ], [ 29.057102, 41.090318 ], [ 29.0570176, 41.0835623 ], [ 29.0558382, 41.0816432 ], [ 29.0546498, 41.081221 ], [ 29.0543863, 41.082634 ], [ 29.0551191, 41.0839033 ], [ 29.0545611, 41.0841081 ], [ 29.048497, 41.0840124 ], [ 29.0462184, 41.0853271 ], [ 29.0418699, 41.084786 ], [ 29.0418496, 41.0869288 ], [ 29.0426169, 41.0878828 ], [ 29.0420286, 41.0908168 ], [ 29.0326802, 41.0919151 ], [ 29.0233028, 41.0941902 ], [ 29.0261096, 41.0955947 ], [ 29.028317, 41.0953461 ], [ 29.0305111, 41.0980223 ], [ 29.0330532, 41.0991837 ], [ 29.0311191, 41.0999436 ], [ 29.0260551, 41.0987147 ], [ 29.0231261, 41.0990947 ], [ 29.018467, 41.1014915 ], [ 29.0144458, 41.1066686 ], [ 29.0120699, 41.1048573 ], [ 29.0045648, 41.0933824 ], [ 29.004212, 41.0985963 ], [ 29.0011596, 41.1008696 ], [ 28.9991641, 41.1010905 ], [ 28.9971708, 41.0995903 ], [ 28.9913911, 41.099797 ], [ 28.9869118, 41.0986691 ], [ 28.985531, 41.0988636 ], [ 28.9839934, 41.1039776 ], [ 28.978377, 41.1022962 ], [ 28.973726, 41.1028328 ], [ 28.9696276, 41.1020971 ], [ 28.9599191, 41.1053805 ], [ 28.9610338, 41.106309 ], [ 28.9601541, 41.1067132 ], [ 28.9621157, 41.1110466 ], [ 28.9587593, 41.1134711 ], [ 28.9598249, 41.1140657 ], [ 28.9602935, 41.1183532 ], [ 28.962053, 41.118919 ], [ 28.9599502, 41.1249159 ], [ 28.9598928, 41.1274049 ], [ 28.9650592, 41.1315027 ], [ 28.9650839, 41.1326255 ], [ 28.965894, 41.1328841 ], [ 28.964113, 41.1345002 ], [ 28.9678795, 41.136709 ], [ 28.9693573, 41.1403542 ], [ 28.9737368, 41.1439458 ], [ 28.9763209, 41.147212 ], [ 28.9754319, 41.1490276 ], [ 28.9755943, 41.1520643 ], [ 28.973383, 41.1558946 ], [ 28.9713979, 41.1574772 ], [ 28.96807, 41.1581365 ], [ 28.9593123, 41.1566859 ], [ 28.9570353, 41.1580046 ], [ 28.9578527, 41.1604223 ], [ 28.9520143, 41.1604662 ], [ 28.9537074, 41.1787933 ], [ 28.9540577, 41.1936445 ], [ 28.9501994, 41.1952831 ], [ 28.9480441, 41.1992238 ], [ 28.9477696, 41.2034057 ], [ 28.947869, 41.2050663 ], [ 28.9534025, 41.2146467 ], [ 28.9537442, 41.2165994 ], [ 28.9531236, 41.2178035 ], [ 28.9538488, 41.2192808 ], [ 28.9532614, 41.2208004 ], [ 28.9499938, 41.2204639 ], [ 28.9470449, 41.2219215 ], [ 28.9417368, 41.2214779 ], [ 28.9405572, 41.2223018 ], [ 28.938535, 41.222175 ], [ 28.9382823, 41.2234425 ], [ 28.9371027, 41.2223018 ], [ 28.9363444, 41.2231256 ], [ 28.9370184, 41.2253436 ], [ 28.9353333, 41.2242663 ], [ 28.9349121, 41.2249634 ], [ 28.9356704, 41.2266744 ], [ 28.9351648, 41.2295893 ], [ 28.9327097, 41.2312991 ] ] ] } },
{ "type": "Feature", "properties": { "ilce": "Şişli" }, "geometry": { "type": "Polygon", "coordinates": [ [ [ 28.9617094, 41.0533744 ], [ 28.9633715, 41.0565104 ], [ 28.9693824, 41.0638625 ], [ 28.9749008, 41.0663685 ], [ 28.974618, 41.067229 ], [ 28.9784413, 41.0674293 ], [ 28.9786399, 41.0694461 ], [ 28.979879, 41.0708345 ], [ 28.9827069, 41.0691136 ], [ 28.9847169, 41.070862 ], [ 28.9887674, 41.0724504 ], [ 28.9895725, 41.0753761 ], [ 28.9892722, 41.078131 ], [ 28.9919409, 41.0767671 ], [ 28.9982173, 41.0760474 ], [ 29.0008751, 41.0747014 ], [ 29.0071196, 41.075922 ], [ 29.0075433, 41.0798485 ], [ 29.005242, 41.0831966 ], [ 29.0052258, 41.084435 ], [ 29.0070558, 41.0846336 ], [ 29.0045023, 41.0925549 ], [ 29.0046143, 41.093746 ], [ 29.0052191, 41.0937086 ], [ 29.0067881, 41.0871857 ], [ 29.0138843, 41.0772336 ], [ 29.0159976, 41.072246 ], [ 29.0116901, 41.0627445 ], [ 29.0073766, 41.0664389 ], [ 29.0031966, 41.066595 ], [ 29.0017204, 41.0631974 ], [ 29.0010525, 41.0577396 ], [ 28.9987099, 41.0555261 ], [ 29.0014493, 41.0522366 ], [ 29.00027, 41.0520433 ], [ 29.0008202, 41.0491714 ], [ 28.9982304, 41.0497948 ], [ 28.9959457, 41.0456115 ], [ 28.9951301, 41.0454643 ], [ 28.9959801, 41.0443141 ], [ 28.9952509, 41.0439911 ], [ 28.9955509, 41.0430721 ], [ 28.993113, 41.042086 ], [ 28.9932232, 41.0406729 ], [ 28.9919114, 41.0393428 ], [ 28.9928759, 41.0391941 ], [ 28.9910747, 41.0392677 ], [ 28.9897549, 41.040241 ], [ 28.9830816, 41.0417906 ], [ 28.9820165, 41.0409452 ], [ 28.9759079, 41.0456743 ], [ 28.9738377, 41.0460203 ], [ 28.9709159, 41.0446708 ], [ 28.9680675, 41.0455653 ], [ 28.9680092, 41.047699 ], [ 28.9627058, 41.0509209 ], [ 28.9617094, 41.0533744 ] ] ] } },
{ "type": "Feature", "properties": { "ilce": "Şişli" }, "geometry": { "type": "Polygon", "coordinates": [ [ [ 28.9617094, 41.0533744 ], [ 28.9633715, 41.0565104 ], [ 28.9693824, 41.0638625 ], [ 28.9749008, 41.0663685 ], [ 28.974618, 41.067229 ], [ 28.9784413, 41.0674293 ], [ 28.9786399, 41.0694461 ], [ 28.979879, 41.0708345 ], [ 28.9827069, 41.0691136 ], [ 28.9847169, 41.070862 ], [ 28.9887674, 41.0724504 ], [ 28.9895725, 41.0753761 ], [ 28.9892722, 41.078131 ], [ 28.9919409, 41.0767671 ], [ 28.9982173, 41.0760474 ], [ 29.0008751, 41.0747014 ], [ 29.0071196, 41.075922 ], [ 29.0075433, 41.0798485 ], [ 29.005242, 41.0831966 ], [ 29.0052258, 41.084435 ], [ 29.0070558, 41.0846336 ], [ 29.0045023, 41.0925549 ], [ 29.0046143, 41.093746 ], [ 29.0052191, 41.0937086 ], [ 29.0067881, 41.0871857 ], [ 29.0138843, 41.0772336 ], [ 29.0159976, 41.072246 ], [ 29.0116901, 41.0627445 ], [ 29.0073766, 41.0664389 ], [ 29.0031966, 41.066595 ], [ 29.0017204, 41.0631974 ], [ 29.0010525, 41.0577396 ], [ 28.9987099, 41.0555261 ], [ 29.0014493, 41.0522366 ], [ 29.00027, 41.0520433 ], [ 29.0008202, 41.0491714 ], [ 28.9982304, 41.0497948 ], [ 28.9959457, 41.0456115 ], [ 28.9951301, 41.0454643 ], [ 28.9959801, 41.0443141 ], [ 28.9952509, 41.0439911 ], [ 28.9955509, 41.0430721 ], [ 28.993113, 41.042086 ], [ 28.9932232, 41.0406729 ], [ 28.9919114, 41.0393428 ], [ 28.9928759, 41.0391941 ], [ 28.9910747, 41.0392677 ], [ 28.9897549, 41.040241 ], [ 28.9830816, 41.0417906 ], [ 28.9820165, 41.0409452 ], [ 28.9759079, 41.0456743 ], [ 28.9738377, 41.0460203 ], [ 28.9709159, 41.0446708 ], [ 28.9680675, 41.0455653 ], [ 28.9680092, 41.047699 ], [ 28.9627058, 41.0509209 ], [ 28.9617094, 41.0533744 ] ] ] } },
{ "type": "Feature", "properties": { "ilce": "Şişli" }, "geometry": { "type": "Polygon", "coordinates": [ [ [ 28.9617094, 41.0533744 ], [ 28.9633715, 41.0565104 ], [ 28.9693824, 41.0638625 ], [ 28.9749008, 41.0663685 ], [ 28.974618, 41.067229 ], [ 28.9784413, 41.0674293 ], [ 28.9786399, 41.0694461 ], [ 28.979879, 41.0708345 ], [ 28.9827069, 41.0691136 ], [ 28.9847169, 41.070862 ], [ 28.9887674, 41.0724504 ], [ 28.9895725, 41.0753761 ], [ 28.9892722, 41.078131 ], [ 28.9919409, 41.0767671 ], [ 28.9982173, 41.0760474 ], [ 29.0008751, 41.0747014 ], [ 29.0071196, 41.075922 ], [ 29.0075433, 41.0798485 ], [ 29.005242, 41.0831966 ], [ 29.0052258, 41.084435 ], [ 29.0070558, 41.0846336 ], [ 29.0045023, 41.0925549 ], [ 29.0046143, 41.093746 ], [ 29.0052191, 41.0937086 ], [ 29.0067881, 41.0871857 ], [ 29.0138843, 41.0772336 ], [ 29.0159976, 41.072246 ], [ 29.0116901, 41.0627445 ], [ 29.0073766, 41.0664389 ], [ 29.0031966, 41.066595 ], [ 29.0017204, 41.0631974 ], [ 29.0010525, 41.0577396 ], [ 28.9987099, 41.0555261 ], [ 29.0014493, 41.0522366 ], [ 29.00027, 41.0520433 ], [ 29.0008202, 41.0491714 ], [ 28.9982304, 41.0497948 ], [ 28.9959457, 41.0456115 ], [ 28.9951301, 41.0454643 ], [ 28.9959801, 41.0443141 ], [ 28.9952509, 41.0439911 ], [ 28.9955509, 41.0430721 ], [ 28.993113, 41.042086 ], [ 28.9932232, 41.0406729 ], [ 28.9919114, 41.0393428 ], [ 28.9928759, 41.0391941 ], [ 28.9910747, 41.0392677 ], [ 28.9897549, 41.040241 ], [ 28.9830816, 41.0417906 ], [ 28.9820165, 41.0409452 ], [ 28.9759079, 41.0456743 ], [ 28.9738377, 41.0460203 ], [ 28.9709159, 41.0446708 ], [ 28.9680675, 41.0455653 ], [ 28.9680092, 41.047699 ], [ 28.9627058, 41.0509209 ], [ 28.9617094, 41.0533744 ] ] ] } },
{ "type": "Feature", "properties": { "ilce": "Arnavutköy" }, "geometry": { "type": "Polygon", "coordinates": [ [ [ 28.4913939, 41.390082 ], [ 28.4904349, 41.3934231 ], [ 28.4892653, 41.3943481 ], [ 28.490664, 41.4023313 ], [ 28.4901435, 41.4055197 ], [ 28.4911108, 41.4060059 ], [ 28.4919557, 41.408084 ], [ 28.53847, 41.3898834 ], [ 28.5548025, 41.3861708 ], [ 28.5632622, 41.3828061 ], [ 28.5645604, 41.3812001 ], [ 28.567881, 41.3800489 ], [ 28.5787815, 41.3736768 ], [ 28.6307621, 41.3527927 ], [ 28.6442542, 41.349213 ], [ 28.6578557, 41.3478498 ], [ 28.6726373, 41.3429083 ], [ 28.6771318, 41.3431993 ], [ 28.678939, 41.34444 ], [ 28.678996, 41.3455898 ], [ 28.6800241, 41.3464081 ], [ 28.6793134, 41.3476082 ], [ 28.683106, 41.3484116 ], [ 28.6844613, 41.3478675 ], [ 28.6850996, 41.3458933 ], [ 28.6878857, 41.3451427 ], [ 28.6868387, 41.3441488 ], [ 28.6869349, 41.3431238 ], [ 28.6862417, 41.3449482 ], [ 28.6838432, 41.344666 ], [ 28.6839384, 41.3432862 ], [ 28.6856727, 41.3433699 ], [ 28.6854721, 41.3421423 ], [ 28.6862673, 41.3414002 ], [ 28.7089216, 41.3323889 ], [ 28.7260052, 41.3267543 ], [ 28.7306459, 41.3258496 ], [ 28.7353045, 41.3273485 ], [ 28.742128, 41.3259788 ], [ 28.7519771, 41.3279688 ], [ 28.7563518, 41.3265549 ], [ 28.760182, 41.3242687 ], [ 28.7680462, 41.3231568 ], [ 28.7707445, 41.3216037 ], [ 28.7754035, 41.3165776 ], [ 28.7851614, 41.3126975 ], [ 28.7818569, 41.3132415 ], [ 28.7804233, 41.3114585 ], [ 28.7807786, 41.308648 ], [ 28.784582, 41.3072013 ], [ 28.7877899, 41.3068024 ], [ 28.7896407, 41.3083457 ], [ 28.7897995, 41.311561 ], [ 28.7883317, 41.314001 ], [ 28.788844, 41.3141924 ], [ 28.7903287, 41.311529 ], [ 28.7900215, 41.3081262 ], [ 28.7895897, 41.3068326 ], [ 28.7865474, 41.3040952 ], [ 28.7858367, 41.3022265 ], [ 28.7847113, 41.2980439 ], [ 28.7851259, 41.2953296 ], [ 28.7829345, 41.289411 ], [ 28.7834676, 41.2878089 ], [ 28.7818092, 41.28456 ], [ 28.7812762, 41.2796197 ], [ 28.7774856, 41.2761034 ], [ 28.7777225, 41.2728539 ], [ 28.7762418, 41.2720972 ], [ 28.7769526, 41.2710734 ], [ 28.7763011, 41.2701831 ], [ 28.7700822, 41.2703166 ], [ 28.770023, 41.2693818 ], [ 28.7748204, 41.2583853 ], [ 28.7790801, 41.2577939 ], [ 28.7876244, 41.2475805 ], [ 28.7867959, 41.2431968 ], [ 28.7883075, 41.2405438 ], [ 28.788779, 41.2369346 ], [ 28.7941909, 41.2336038 ], [ 28.7950703, 41.2311546 ], [ 28.7974552, 41.229087 ], [ 28.7976933, 41.2270366 ], [ 28.7960223, 41.2258318 ], [ 28.7965333, 41.2231037 ], [ 28.7999742, 41.2216446 ], [ 28.8056279, 41.2214069 ], [ 28.8088621, 41.2200181 ], [ 28.8109036, 41.2181054 ], [ 28.8108411, 41.2161442 ], [ 28.8146722, 41.2131237 ], [ 28.8151941, 41.2113276 ], [ 28.8179675, 41.2107369 ], [ 28.8207871, 41.207241 ], [ 28.8192382, 41.2029988 ], [ 28.8160451, 41.2010509 ], [ 28.8191492, 41.1966376 ], [ 28.818157, 41.1944948 ], [ 28.8192958, 41.1922448 ], [ 28.8180941, 41.1910082 ], [ 28.8187607, 41.1891063 ], [ 28.8178816, 41.1867962 ], [ 28.8196403, 41.1835118 ], [ 28.8214361, 41.1825197 ], [ 28.8197615, 41.1789753 ], [ 28.8198151, 41.1753677 ], [ 28.8142348, 41.1755728 ], [ 28.8137165, 41.1745391 ], [ 28.8144946, 41.1736162 ], [ 28.8137721, 41.1638961 ], [ 28.8162581, 41.1597111 ], [ 28.8147315, 41.1543169 ], [ 28.8163474, 41.1529024 ], [ 28.81725, 41.1429454 ], [ 28.8151483, 41.1411764 ], [ 28.8151854, 41.1363266 ], [ 28.8083221, 41.1369698 ], [ 28.7898287, 41.148761 ], [ 28.7814599, 41.1493693 ], [ 28.7718678, 41.1398785 ], [ 28.7636661, 41.1368678 ], [ 28.7588704, 41.1324477 ], [ 28.7557268, 41.1314619 ], [ 28.7521326, 41.1322376 ], [ 28.75018, 41.1316962 ], [ 28.7470043, 41.1340558 ], [ 28.7406367, 41.1326619 ], [ 28.7379384, 41.1341245 ], [ 28.7380329, 41.1361179 ], [ 28.7358488, 41.1363656 ], [ 28.7338656, 41.1310063 ], [ 28.7335186, 41.1253426 ], [ 28.7271563, 41.1143623 ], [ 28.7217194, 41.1118349 ], [ 28.7167452, 41.1117477 ], [ 28.6893294, 41.1253774 ], [ 28.6837213, 41.1236765 ], [ 28.6817965, 41.1222822 ], [ 28.6771323, 41.116928 ], [ 28.6770583, 41.1158125 ], [ 28.6738748, 41.1134699 ], [ 28.6737539, 41.1118255 ], [ 28.6780636, 41.1102436 ], [ 28.6682482, 41.106832 ], [ 28.6597343, 41.1008071 ], [ 28.6589939, 41.0993008 ], [ 28.6573652, 41.0987429 ], [ 28.6561066, 41.1001376 ], [ 28.652701, 41.0997471 ], [ 28.6480369, 41.1014765 ], [ 28.6456678, 41.1014765 ], [ 28.6430789, 41.1035755 ], [ 28.6395951, 41.0981109 ], [ 28.6385392, 41.0981109 ], [ 28.6392409, 41.0960262 ], [ 28.635948, 41.094939 ], [ 28.6340208, 41.088634 ], [ 28.6328204, 41.0897319 ], [ 28.6334395, 41.0901955 ], [ 28.6311164, 41.0920828 ], [ 28.6279973, 41.0977835 ], [ 28.6252212, 41.0996555 ], [ 28.6216599, 41.1067305 ], [ 28.6216915, 41.1082087 ], [ 28.6201893, 41.1089573 ], [ 28.6157125, 41.1139977 ], [ 28.6127436, 41.1193918 ], [ 28.6108071, 41.1185391 ], [ 28.6084896, 41.1158829 ], [ 28.6073969, 41.1137489 ], [ 28.6077601, 41.1112118 ], [ 28.6062606, 41.112499 ], [ 28.6038011, 41.1126426 ], [ 28.6024761, 41.1152413 ], [ 28.603404, 41.1189771 ], [ 28.6002059, 41.1201921 ], [ 28.6007488, 41.1207456 ], [ 28.5974389, 41.1202324 ], [ 28.5969776, 41.121671 ], [ 28.5946387, 41.1225116 ], [ 28.5951079, 41.1243072 ], [ 28.5939542, 41.1273443 ], [ 28.5916722, 41.1296274 ], [ 28.5898054, 41.1261201 ], [ 28.5869944, 41.1283425 ], [ 28.5862434, 41.1280839 ], [ 28.586536, 41.1269775 ], [ 28.5850096, 41.128096 ], [ 28.5801933, 41.1276729 ], [ 28.5778664, 41.1263424 ], [ 28.5767705, 41.1239613 ], [ 28.5722767, 41.1192642 ], [ 28.5704613, 41.1177955 ], [ 28.5686803, 41.1179814 ], [ 28.5673538, 41.1169304 ], [ 28.5662555, 41.1147159 ], [ 28.5624499, 41.1155572 ], [ 28.5623426, 41.1176144 ], [ 28.5637824, 41.1194928 ], [ 28.5743178, 41.1278347 ], [ 28.5728897, 41.1297392 ], [ 28.5707709, 41.1364929 ], [ 28.5677859, 41.1402 ], [ 28.5722868, 41.1454364 ], [ 28.5758864, 41.1477415 ], [ 28.5798782, 41.1518139 ], [ 28.5858248, 41.1634917 ], [ 28.591315, 41.1656596 ], [ 28.5940308, 41.172154 ], [ 28.5942649, 41.182216 ], [ 28.595096, 41.1850264 ], [ 28.5950843, 41.1900742 ], [ 28.5857312, 41.2050745 ], [ 28.5857195, 41.210156 ], [ 28.5824886, 41.2140835 ], [ 28.5832963, 41.2147351 ], [ 28.5821023, 41.2177731 ], [ 28.582992, 41.2225454 ], [ 28.5808147, 41.2289109 ], [ 28.581002, 41.2302403 ], [ 28.5792248, 41.2293888 ], [ 28.5771561, 41.232824 ], [ 28.5740212, 41.2345663 ], [ 28.5772351, 41.2371544 ], [ 28.5769951, 41.2403031 ], [ 28.5753322, 41.2419488 ], [ 28.5750317, 41.2437478 ], [ 28.5753965, 41.2458049 ], [ 28.576864, 41.2472828 ], [ 28.5766591, 41.2481308 ], [ 28.5744718, 41.2490705 ], [ 28.5750502, 41.2505444 ], [ 28.5741413, 41.2530566 ], [ 28.5754502, 41.2537664 ], [ 28.5737979, 41.2558877 ], [ 28.5748996, 41.2570601 ], [ 28.5746133, 41.2584979 ], [ 28.5681544, 41.2606076 ], [ 28.5659301, 41.2601912 ], [ 28.5622948, 41.2617812 ], [ 28.5598397, 41.2618964 ], [ 28.5586155, 41.2611926 ], [ 28.5557413, 41.2616947 ], [ 28.5528363, 41.2601924 ], [ 28.549246, 41.2604594 ], [ 28.5455274, 41.2651787 ], [ 28.5450821, 41.269369 ], [ 28.5435787, 41.2708851 ], [ 28.5447013, 41.2709123 ], [ 28.5447671, 41.2718726 ], [ 28.5432851, 41.2765083 ], [ 28.5517074, 41.2781573 ], [ 28.5521922, 41.2788656 ], [ 28.5517074, 41.2809096 ], [ 28.5527577, 41.2836012 ], [ 28.551869, 41.2869604 ], [ 28.5567164, 41.2950744 ], [ 28.5561239, 41.3017914 ], [ 28.5579821, 41.3060196 ], [ 28.5572727, 41.3093727 ], [ 28.5730883, 41.3536243 ], [ 28.5653133, 41.3660487 ], [ 28.5342134, 41.3711307 ], [ 28.5196667, 41.3831754 ], [ 28.4955893, 41.3876916 ], [ 28.4913939, 41.390082 ] ] ] } },
{ "type": "Feature", "properties": { "ilce": "Arnavutköy" }, "geometry": { "type": "Polygon", "coordinates": [ [ [ 28.4913939, 41.390082 ], [ 28.4904349, 41.3934231 ], [ 28.4892653, 41.3943481 ], [ 28.490664, 41.4023313 ], [ 28.4901435, 41.4055197 ], [ 28.4911108, 41.4060059 ], [ 28.4919557, 41.408084 ], [ 28.53847, 41.3898834 ], [ 28.5548025, 41.3861708 ], [ 28.5632622, 41.3828061 ], [ 28.5645604, 41.3812001 ], [ 28.567881, 41.3800489 ], [ 28.5787815, 41.3736768 ], [ 28.6307621, 41.3527927 ], [ 28.6442542, 41.349213 ], [ 28.6578557, 41.3478498 ], [ 28.6726373, 41.3429083 ], [ 28.6771318, 41.3431993 ], [ 28.678939, 41.34444 ], [ 28.678996, 41.3455898 ], [ 28.6800241, 41.3464081 ], [ 28.6793134, 41.3476082 ], [ 28.683106, 41.3484116 ], [ 28.6844613, 41.3478675 ], [ 28.6850996, 41.3458933 ], [ 28.6878857, 41.3451427 ], [ 28.6868387, 41.3441488 ], [ 28.6869349, 41.3431238 ], [ 28.6862417, 41.3449482 ], [ 28.6838432, 41.344666 ], [ 28.6839384, 41.3432862 ], [ 28.6856727, 41.3433699 ], [ 28.6854721, 41.3421423 ], [ 28.6862673, 41.3414002 ], [ 28.7089216, 41.3323889 ], [ 28.7260052, 41.3267543 ], [ 28.7306459, 41.3258496 ], [ 28.7353045, 41.3273485 ], [ 28.742128, 41.3259788 ], [ 28.7519771, 41.3279688 ], [ 28.7563518, 41.3265549 ], [ 28.760182, 41.3242687 ], [ 28.7680462, 41.3231568 ], [ 28.7707445, 41.3216037 ], [ 28.7754035, 41.3165776 ], [ 28.7851614, 41.3126975 ], [ 28.7818569, 41.3132415 ], [ 28.7804233, 41.3114585 ], [ 28.7807786, 41.308648 ], [ 28.784582, 41.3072013 ], [ 28.7877899, 41.3068024 ], [ 28.7896407, 41.3083457 ], [ 28.7897995, 41.311561 ], [ 28.7883317, 41.314001 ], [ 28.788844, 41.3141924 ], [ 28.7903287, 41.311529 ], [ 28.7900215, 41.3081262 ], [ 28.7895897, 41.3068326 ], [ 28.7865474, 41.3040952 ], [ 28.7858367, 41.3022265 ], [ 28.7847113, 41.2980439 ], [ 28.7851259, 41.2953296 ], [ 28.7829345, 41.289411 ], [ 28.7834676, 41.2878089 ], [ 28.7818092, 41.28456 ], [ 28.7812762, 41.2796197 ], [ 28.7774856, 41.2761034 ], [ 28.7777225, 41.2728539 ], [ 28.7762418, 41.2720972 ], [ 28.7769526, 41.2710734 ], [ 28.7763011, 41.2701831 ], [ 28.7700822, 41.2703166 ], [ 28.770023, 41.2693818 ], [ 28.7748204, 41.2583853 ], [ 28.7790801, 41.2577939 ], [ 28.7876244, 41.2475805 ], [ 28.7867959, 41.2431968 ], [ 28.7883075, 41.2405438 ], [ 28.788779, 41.2369346 ], [ 28.7941909, 41.2336038 ], [ 28.7950703, 41.2311546 ], [ 28.7974552, 41.229087 ], [ 28.7976933, 41.2270366 ], [ 28.7960223, 41.2258318 ], [ 28.7965333, 41.2231037 ], [ 28.7999742, 41.2216446 ], [ 28.8056279, 41.2214069 ], [ 28.8088621, 41.2200181 ], [ 28.8109036, 41.2181054 ], [ 28.8108411, 41.2161442 ], [ 28.8146722, 41.2131237 ], [ 28.8151941, 41.2113276 ], [ 28.8179675, 41.2107369 ], [ 28.8207871, 41.207241 ], [ 28.8192382, 41.2029988 ], [ 28.8160451, 41.2010509 ], [ 28.8191492, 41.1966376 ], [ 28.818157, 41.1944948 ], [ 28.8192958, 41.1922448 ], [ 28.8180941, 41.1910082 ], [ 28.8187607, 41.1891063 ], [ 28.8178816, 41.1867962 ], [ 28.8196403, 41.1835118 ], [ 28.8214361, 41.1825197 ], [ 28.8197615, 41.1789753 ], [ 28.8198151, 41.1753677 ], [ 28.8142348, 41.1755728 ], [ 28.8137165, 41.1745391 ], [ 28.8144946, 41.1736162 ], [ 28.8137721, 41.1638961 ], [ 28.8162581, 41.1597111 ], [ 28.8147315, 41.1543169 ], [ 28.8163474, 41.1529024 ], [ 28.81725, 41.1429454 ], [ 28.8151483, 41.1411764 ], [ 28.8151854, 41.1363266 ], [ 28.8083221, 41.1369698 ], [ 28.7898287, 41.148761 ], [ 28.7814599, 41.1493693 ], [ 28.7718678, 41.1398785 ], [ 28.7636661, 41.1368678 ], [ 28.7588704, 41.1324477 ], [ 28.7557268, 41.1314619 ], [ 28.7521326, 41.1322376 ], [ 28.75018, 41.1316962 ], [ 28.7470043, 41.1340558 ], [ 28.7406367, 41.1326619 ], [ 28.7379384, 41.1341245 ], [ 28.7380329, 41.1361179 ], [ 28.7358488, 41.1363656 ], [ 28.7338656, 41.1310063 ], [ 28.7335186, 41.1253426 ], [ 28.7271563, 41.1143623 ], [ 28.7217194, 41.1118349 ], [ 28.7167452, 41.1117477 ], [ 28.6893294, 41.1253774 ], [ 28.6837213, 41.1236765 ], [ 28.6817965, 41.1222822 ], [ 28.6771323, 41.116928 ], [ 28.6770583, 41.1158125 ], [ 28.6738748, 41.1134699 ], [ 28.6737539, 41.1118255 ], [ 28.6780636, 41.1102436 ], [ 28.6682482, 41.106832 ], [ 28.6597343, 41.1008071 ], [ 28.6589939, 41.0993008 ], [ 28.6573652, 41.0987429 ], [ 28.6561066, 41.1001376 ], [ 28.652701, 41.0997471 ], [ 28.6480369, 41.1014765 ], [ 28.6456678, 41.1014765 ], [ 28.6430789, 41.1035755 ], [ 28.6395951, 41.0981109 ], [ 28.6385392, 41.0981109 ], [ 28.6392409, 41.0960262 ], [ 28.635948, 41.094939 ], [ 28.6340208, 41.088634 ], [ 28.6328204, 41.0897319 ], [ 28.6334395, 41.0901955 ], [ 28.6311164, 41.0920828 ], [ 28.6279973, 41.0977835 ], [ 28.6252212, 41.0996555 ], [ 28.6216599, 41.1067305 ], [ 28.6216915, 41.1082087 ], [ 28.6201893, 41.1089573 ], [ 28.6157125, 41.1139977 ], [ 28.6127436, 41.1193918 ], [ 28.6108071, 41.1185391 ], [ 28.6084896, 41.1158829 ], [ 28.6073969, 41.1137489 ], [ 28.6077601, 41.1112118 ], [ 28.6062606, 41.112499 ], [ 28.6038011, 41.1126426 ], [ 28.6024761, 41.1152413 ], [ 28.603404, 41.1189771 ], [ 28.6002059, 41.1201921 ], [ 28.6007488, 41.1207456 ], [ 28.5974389, 41.1202324 ], [ 28.5969776, 41.121671 ], [ 28.5946387, 41.1225116 ], [ 28.5951079, 41.1243072 ], [ 28.5939542, 41.1273443 ], [ 28.5916722, 41.1296274 ], [ 28.5898054, 41.1261201 ], [ 28.5869944, 41.1283425 ], [ 28.5862434, 41.1280839 ], [ 28.586536, 41.1269775 ], [ 28.5850096, 41.128096 ], [ 28.5801933, 41.1276729 ], [ 28.5778664, 41.1263424 ], [ 28.5767705, 41.1239613 ], [ 28.5722767, 41.1192642 ], [ 28.5704613, 41.1177955 ], [ 28.5686803, 41.1179814 ], [ 28.5673538, 41.1169304 ], [ 28.5662555, 41.1147159 ], [ 28.5624499, 41.1155572 ], [ 28.5623426, 41.1176144 ], [ 28.5637824, 41.1194928 ], [ 28.5743178, 41.1278347 ], [ 28.5728897, 41.1297392 ], [ 28.5707709, 41.1364929 ], [ 28.5677859, 41.1402 ], [ 28.5722868, 41.1454364 ], [ 28.5758864, 41.1477415 ], [ 28.5798782, 41.1518139 ], [ 28.5858248, 41.1634917 ], [ 28.591315, 41.1656596 ], [ 28.5940308, 41.172154 ], [ 28.5942649, 41.182216 ], [ 28.595096, 41.1850264 ], [ 28.5950843, 41.1900742 ], [ 28.5857312, 41.2050745 ], [ 28.5857195, 41.210156 ], [ 28.5824886, 41.2140835 ], [ 28.5832963, 41.2147351 ], [ 28.5821023, 41.2177731 ], [ 28.582992, 41.2225454 ], [ 28.5808147, 41.2289109 ], [ 28.581002, 41.2302403 ], [ 28.5792248, 41.2293888 ], [ 28.5771561, 41.232824 ], [ 28.5740212, 41.2345663 ], [ 28.5772351, 41.2371544 ], [ 28.5769951, 41.2403031 ], [ 28.5753322, 41.2419488 ], [ 28.5750317, 41.2437478 ], [ 28.5753965, 41.2458049 ], [ 28.576864, 41.2472828 ], [ 28.5766591, 41.2481308 ], [ 28.5744718, 41.2490705 ], [ 28.5750502, 41.2505444 ], [ 28.5741413, 41.2530566 ], [ 28.5754502, 41.2537664 ], [ 28.5737979, 41.2558877 ], [ 28.5748996, 41.2570601 ], [ 28.5746133, 41.2584979 ], [ 28.5681544, 41.2606076 ], [ 28.5659301, 41.2601912 ], [ 28.5622948, 41.2617812 ], [ 28.5598397, 41.2618964 ], [ 28.5586155, 41.2611926 ], [ 28.5557413, 41.2616947 ], [ 28.5528363, 41.2601924 ], [ 28.549246, 41.2604594 ], [ 28.5455274, 41.2651787 ], [ 28.5450821, 41.269369 ], [ 28.5435787, 41.2708851 ], [ 28.5447013, 41.2709123 ], [ 28.5447671, 41.2718726 ], [ 28.5432851, 41.2765083 ], [ 28.5517074, 41.2781573 ], [ 28.5521922, 41.2788656 ], [ 28.5517074, 41.2809096 ], [ 28.5527577, 41.2836012 ], [ 28.551869, 41.2869604 ], [ 28.5567164, 41.2950744 ], [ 28.5561239, 41.3017914 ], [ 28.5579821, 41.3060196 ], [ 28.5572727, 41.3093727 ], [ 28.5730883, 41.3536243 ], [ 28.5653133, 41.3660487 ], [ 28.5342134, 41.3711307 ], [ 28.5196667, 41.3831754 ], [ 28.4955893, 41.3876916 ], [ 28.4913939, 41.390082 ] ] ] } },
{ "type": "Feature", "properties": { "ilce": "Avcılar" }, "geometry": { "type": "Polygon", "coordinates": [ [ [ 28.6822602, 41.0549898 ], [ 28.6939839, 41.0584725 ], [ 28.7002237, 41.059046 ], [ 28.7010686, 41.0599517 ], [ 28.6993195, 41.0645083 ], [ 28.7003167, 41.0659134 ], [ 28.7000597, 41.0717772 ], [ 28.6985682, 41.0759975 ], [ 28.6971074, 41.0769277 ], [ 28.6938643, 41.0821736 ], [ 28.6922443, 41.0901065 ], [ 28.6909783, 41.0922816 ], [ 28.6925447, 41.0961061 ], [ 28.6924803, 41.1004235 ], [ 28.6913405, 41.1042056 ], [ 28.6893034, 41.1060842 ], [ 28.6977928, 41.1011469 ], [ 28.706193, 41.0903167 ], [ 28.7058055, 41.0879637 ], [ 28.7087345, 41.0863706 ], [ 28.7108159, 41.0838233 ], [ 28.7137404, 41.0825559 ], [ 28.7261152, 41.0715261 ], [ 28.7291354, 41.0667619 ], [ 28.7328798, 41.065132 ], [ 28.7319571, 41.0641208 ], [ 28.7359321, 41.0621875 ], [ 28.742852, 41.0636251 ], [ 28.7448048, 41.0618194 ], [ 28.7452733, 41.0591214 ], [ 28.7421656, 41.0568563 ], [ 28.7405723, 41.052506 ], [ 28.7397863, 41.044572 ], [ 28.7566005, 40.9831476 ], [ 28.7567678, 40.9799843 ], [ 28.7523402, 40.9797615 ], [ 28.7492384, 40.9765568 ], [ 28.7444539, 40.9747205 ], [ 28.7416499, 40.9705038 ], [ 28.7387279, 40.970703 ], [ 28.7380251, 40.9698537 ], [ 28.7347352, 40.9714929 ], [ 28.7274591, 40.9715148 ], [ 28.7246432, 40.9705769 ], [ 28.7256391, 40.9695144 ], [ 28.7250377, 40.968936 ], [ 28.7198326, 40.9693117 ], [ 28.7190926, 40.9695811 ], [ 28.7193659, 40.9707602 ], [ 28.7178018, 40.9705751 ], [ 28.7172551, 40.9712943 ], [ 28.7167, 40.9705857 ], [ 28.7168603, 40.9713918 ], [ 28.7146849, 40.971504 ], [ 28.7150154, 40.9705889 ], [ 28.7169272, 40.9701642 ], [ 28.7179598, 40.9692289 ], [ 28.7146294, 40.9704398 ], [ 28.7138354, 40.9722058 ], [ 28.7121725, 40.9726918 ], [ 28.709803, 40.9723778 ], [ 28.6988888, 40.9742182 ], [ 28.6986977, 40.9761603 ], [ 28.7000855, 40.9770312 ], [ 28.7000602, 40.9792122 ], [ 28.6947119, 40.9858267 ], [ 28.6878508, 40.9899972 ], [ 28.6847503, 40.997834 ], [ 28.6843106, 41.0011432 ], [ 28.6877277, 41.0022889 ], [ 28.6921102, 40.9998282 ], [ 28.6988191, 41.0002717 ], [ 28.6992035, 41.0057341 ], [ 28.7018986, 41.0094053 ], [ 28.6967452, 41.0124465 ], [ 28.7002285, 41.0155129 ], [ 28.7018636, 41.0287628 ], [ 28.6972203, 41.0292482 ], [ 28.6963456, 41.0314249 ], [ 28.6910747, 41.0317452 ], [ 28.6906028, 41.0363283 ], [ 28.6923892, 41.037039 ], [ 28.6970449, 41.0414101 ], [ 28.690617, 41.0430708 ], [ 28.6897495, 41.0474064 ], [ 28.6822602, 41.0549898 ] ] ] } },
{ "type": "Feature", "properties": { "ilce": "Avcılar" }, "geometry": { "type": "Polygon", "coordinates": [ [ [ 28.6822602, 41.0549898 ], [ 28.6939839, 41.0584725 ], [ 28.7002237, 41.059046 ], [ 28.7010686, 41.0599517 ], [ 28.6993195, 41.0645083 ], [ 28.7003167, 41.0659134 ], [ 28.7000597, 41.0717772 ], [ 28.6985682, 41.0759975 ], [ 28.6971074, 41.0769277 ], [ 28.6938643, 41.0821736 ], [ 28.6922443, 41.0901065 ], [ 28.6909783, 41.0922816 ], [ 28.6925447, 41.0961061 ], [ 28.6924803, 41.1004235 ], [ 28.6913405, 41.1042056 ], [ 28.6893034, 41.1060842 ], [ 28.6977928, 41.1011469 ], [ 28.706193, 41.0903167 ], [ 28.7058055, 41.0879637 ], [ 28.7087345, 41.0863706 ], [ 28.7108159, 41.0838233 ], [ 28.7137404, 41.0825559 ], [ 28.7261152, 41.0715261 ], [ 28.7291354, 41.0667619 ], [ 28.7328798, 41.065132 ], [ 28.7319571, 41.0641208 ], [ 28.7359321, 41.0621875 ], [ 28.742852, 41.0636251 ], [ 28.7448048, 41.0618194 ], [ 28.7452733, 41.0591214 ], [ 28.7421656, 41.0568563 ], [ 28.7405723, 41.052506 ], [ 28.7397863, 41.044572 ], [ 28.7566005, 40.9831476 ], [ 28.7567678, 40.9799843 ], [ 28.7523402, 40.9797615 ], [ 28.7492384, 40.9765568 ], [ 28.7444539, 40.9747205 ], [ 28.7416499, 40.9705038 ], [ 28.7387279, 40.970703 ], [ 28.7380251, 40.9698537 ], [ 28.7347352, 40.9714929 ], [ 28.7274591, 40.9715148 ], [ 28.7246432, 40.9705769 ], [ 28.7256391, 40.9695144 ], [ 28.7250377, 40.968936 ], [ 28.7198326, 40.9693117 ], [ 28.7190926, 40.9695811 ], [ 28.7193659, 40.9707602 ], [ 28.7178018, 40.9705751 ], [ 28.7172551, 40.9712943 ], [ 28.7167, 40.9705857 ], [ 28.7168603, 40.9713918 ], [ 28.7146849, 40.971504 ], [ 28.7150154, 40.9705889 ], [ 28.7169272, 40.9701642 ], [ 28.7179598, 40.9692289 ], [ 28.7146294, 40.9704398 ], [ 28.7138354, 40.9722058 ], [ 28.7121725, 40.9726918 ], [ 28.709803, 40.9723778 ], [ 28.6988888, 40.9742182 ], [ 28.6986977, 40.9761603 ], [ 28.7000855, 40.9770312 ], [ 28.7000602, 40.9792122 ], [ 28.6947119, 40.9858267 ], [ 28.6878508, 40.9899972 ], [ 28.6847503, 40.997834 ], [ 28.6843106, 41.0011432 ], [ 28.6877277, 41.0022889 ], [ 28.6921102, 40.9998282 ], [ 28.6988191, 41.0002717 ], [ 28.6992035, 41.0057341 ], [ 28.7018986, 41.0094053 ], [ 28.6967452, 41.0124465 ], [ 28.7002285, 41.0155129 ], [ 28.7018636, 41.0287628 ], [ 28.6972203, 41.0292482 ], [ 28.6963456, 41.0314249 ], [ 28.6910747, 41.0317452 ], [ 28.6906028, 41.0363283 ], [ 28.6923892, 41.037039 ], [ 28.6970449, 41.0414101 ], [ 28.690617, 41.0430708 ], [ 28.6897495, 41.0474064 ], [ 28.6822602, 41.0549898 ] ] ] } },
{ "type": "Feature", "properties": { "ilce": "Bahçelievler" }, "geometry": { "type": "Polygon", "coordinates": [ [ [ 28.8061208, 41.015537 ], [ 28.8064171, 41.0203853 ], [ 28.8085127, 41.0247242 ], [ 28.8079025, 41.0262786 ], [ 28.8083935, 41.027953 ], [ 28.8109631, 41.0271706 ], [ 28.8153903, 41.0234229 ], [ 28.8228604, 41.0197781 ], [ 28.8271045, 41.0203317 ], [ 28.8281856, 41.0221209 ], [ 28.8379871, 41.0236683 ], [ 28.8393177, 41.0220604 ], [ 28.8443264, 41.0214024 ], [ 28.8475377, 41.0242509 ], [ 28.8484567, 41.0214301 ], [ 28.8545948, 41.0211241 ], [ 28.8553828, 41.0199506 ], [ 28.8584705, 41.0191368 ], [ 28.858435, 41.0202588 ], [ 28.8614904, 41.0157138 ], [ 28.8668962, 41.0108614 ], [ 28.8705938, 41.0062744 ], [ 28.8746724, 41.0081175 ], [ 28.8794126, 41.0163942 ], [ 28.8809852, 41.0165466 ], [ 28.8802794, 41.0145636 ], [ 28.8815524, 41.0062641 ], [ 28.8857606, 41.0016974 ], [ 28.8512528, 40.9918542 ], [ 28.8195788, 40.9933541 ], [ 28.818879, 40.9935292 ], [ 28.8193482, 40.9944115 ], [ 28.8162106, 40.995445 ], [ 28.8141053, 40.9986402 ], [ 28.8117338, 41.0005848 ], [ 28.8118544, 41.0023993 ], [ 28.8094068, 41.0074172 ], [ 28.8082437, 41.0150551 ], [ 28.8061208, 41.015537 ] ] ] } },
{ "type": "Feature", "properties": { "ilce": "Bakırköy" }, "geometry": { "type": "Polygon", "coordinates": [ [ [ 28.773436, 40.9865223 ], [ 28.7769953, 40.9860099 ], [ 28.7785325, 40.9842507 ], [ 28.7885011, 40.9866443 ], [ 28.7923865, 40.9891783 ], [ 28.7945518, 40.9881167 ], [ 28.7984168, 40.9890176 ], [ 28.7980727, 40.9940897 ], [ 28.7969098, 40.9974745 ], [ 28.8031143, 41.0005109 ], [ 28.806196, 41.0006487 ], [ 28.8103968, 40.9995644 ], [ 28.8152088, 40.9950399 ], [ 28.8195788, 40.9933541 ], [ 28.8497333, 40.9917085 ], [ 28.8558686, 40.9927827 ], [ 28.8893626, 41.0027814 ], [ 28.8959518, 41.0066949 ], [ 28.8918508, 40.9998184 ], [ 28.8920313, 40.9979011 ], [ 28.8942051, 40.9955698 ], [ 28.8916562, 40.9906024 ], [ 28.8909676, 40.9837039 ], [ 28.8899236, 40.9824451 ], [ 28.8910323, 40.980025 ], [ 28.8909251, 40.9778954 ], [ 28.8906689, 40.9799187 ], [ 28.8893064, 40.9797162 ], [ 28.877952, 40.9737014 ], [ 28.8780339, 40.9744956 ], [ 28.8768248, 40.9742093 ], [ 28.8768858, 40.9734662 ], [ 28.8784192, 40.9732831 ], [ 28.8779579, 40.9727522 ], [ 28.8784905, 40.9723512 ], [ 28.8774955, 40.9715951 ], [ 28.8762532, 40.9725688 ], [ 28.8730365, 40.9701712 ], [ 28.8743754, 40.9691816 ], [ 28.8796786, 40.972385 ], [ 28.8753294, 40.9688394 ], [ 28.872948, 40.968697 ], [ 28.8727673, 40.9698351 ], [ 28.8662014, 40.969507 ], [ 28.866253, 40.9679242 ], [ 28.8670857, 40.9674479 ], [ 28.8752883, 40.9673694 ], [ 28.8670238, 40.9672726 ], [ 28.8663055, 40.9675607 ], [ 28.8658679, 40.968232 ], [ 28.8657074, 40.9736455 ], [ 28.8515572, 40.9742676 ], [ 28.8496443, 40.9731122 ], [ 28.8493893, 40.9720121 ], [ 28.8519273, 40.9700999 ], [ 28.8491003, 40.9719671 ], [ 28.851407, 40.969551 ], [ 28.8489141, 40.9714694 ], [ 28.8465636, 40.970359 ], [ 28.845071, 40.9678004 ], [ 28.8462502, 40.9668623 ], [ 28.844709, 40.9659695 ], [ 28.8388671, 40.9570331 ], [ 28.8377405, 40.9566847 ], [ 28.8379766, 40.9575273 ], [ 28.8356806, 40.9576083 ], [ 28.8347961, 40.9568335 ], [ 28.8356915, 40.9561542 ], [ 28.8345871, 40.9567119 ], [ 28.8300143, 40.9546665 ], [ 28.8290383, 40.9548679 ], [ 28.8297559, 40.9553333 ], [ 28.828802, 40.9560098 ], [ 28.8277613, 40.9558495 ], [ 28.8279493, 40.9552557 ], [ 28.8261853, 40.9557853 ], [ 28.8271724, 40.9564011 ], [ 28.8255309, 40.9571789 ], [ 28.8243185, 40.9568711 ], [ 28.8245588, 40.9559661 ], [ 28.8239323, 40.9572357 ], [ 28.8226555, 40.9569845 ], [ 28.8221513, 40.9552424 ], [ 28.825327, 40.9552424 ], [ 28.8235782, 40.9545213 ], [ 28.8160561, 40.9549825 ], [ 28.8152836, 40.9559954 ], [ 28.8141893, 40.9553715 ], [ 28.8126014, 40.955809 ], [ 28.813213, 40.9564815 ], [ 28.8117968, 40.9570568 ], [ 28.8105629, 40.9568866 ], [ 28.81052, 40.9560926 ], [ 28.8092218, 40.9568299 ], [ 28.8090641, 40.9584194 ], [ 28.8052054, 40.9612862 ], [ 28.7986201, 40.9637742 ], [ 28.7939053, 40.9680015 ], [ 28.7749882, 40.9768682 ], [ 28.7757386, 40.9824936 ], [ 28.773436, 40.9865223 ] ] ] } },
{ "type": "Feature", "properties": { "ilce": "Bayrampaşa" }, "geometry": { "type": "Polygon", "coordinates": [ [ [ 28.878924, 41.0771924 ], [ 28.8944145, 41.0693669 ], [ 28.9004301, 41.0650109 ], [ 28.9031032, 41.0600168 ], [ 28.9097078, 41.0552017 ], [ 28.9120442, 41.0495809 ], [ 28.9146221, 41.0478506 ], [ 28.9184437, 41.0424641 ], [ 28.9157893, 41.0429654 ], [ 28.9166249, 41.0393657 ], [ 28.9178932, 41.0383011 ], [ 28.9209184, 41.0315492 ], [ 28.9240058, 41.0286909 ], [ 28.9217699, 41.0243395 ], [ 28.9205966, 41.0243676 ], [ 28.9153078, 41.0304027 ], [ 28.911998, 41.0325469 ], [ 28.9111286, 41.0316748 ], [ 28.9088474, 41.0316602 ], [ 28.908383, 41.0305589 ], [ 28.8991171, 41.0276765 ], [ 28.898473, 41.0300428 ], [ 28.8950098, 41.0354158 ], [ 28.8899158, 41.03723 ], [ 28.8878624, 41.0387369 ], [ 28.8847305, 41.0443546 ], [ 28.8857371, 41.0594624 ], [ 28.8846966, 41.0622465 ], [ 28.8784523, 41.071029 ], [ 28.878924, 41.0771924 ] ] ] } },
{ "type": "Feature", "properties": { "ilce": "Bayrampaşa" }, "geometry": { "type": "Polygon", "coordinates": [ [ [ 28.878924, 41.0771924 ], [ 28.8944145, 41.0693669 ], [ 28.9004301, 41.0650109 ], [ 28.9031032, 41.0600168 ], [ 28.9097078, 41.0552017 ], [ 28.9120442, 41.0495809 ], [ 28.9146221, 41.0478506 ], [ 28.9184437, 41.0424641 ], [ 28.9157893, 41.0429654 ], [ 28.9166249, 41.0393657 ], [ 28.9178932, 41.0383011 ], [ 28.9209184, 41.0315492 ], [ 28.9240058, 41.0286909 ], [ 28.9217699, 41.0243395 ], [ 28.9205966, 41.0243676 ], [ 28.9153078, 41.0304027 ], [ 28.911998, 41.0325469 ], [ 28.9111286, 41.0316748 ], [ 28.9088474, 41.0316602 ], [ 28.908383, 41.0305589 ], [ 28.8991171, 41.0276765 ], [ 28.898473, 41.0300428 ], [ 28.8950098, 41.0354158 ], [ 28.8899158, 41.03723 ], [ 28.8878624, 41.0387369 ], [ 28.8847305, 41.0443546 ], [ 28.8857371, 41.0594624 ], [ 28.8846966, 41.0622465 ], [ 28.8784523, 41.071029 ], [ 28.878924, 41.0771924 ] ] ] } },
{ "type": "Feature", "properties": { "ilce": "Bağcılar" }, "geometry": { "type": "Polygon", "coordinates": [ [ [ 28.8079769, 41.0457908 ], [ 28.8081393, 41.0488397 ], [ 28.8116515, 41.0615387 ], [ 28.8137786, 41.065182 ], [ 28.8134417, 41.0686882 ], [ 28.8140805, 41.0699758 ], [ 28.8197836, 41.0707463 ], [ 28.8289758, 41.069672 ], [ 28.8329658, 41.068044 ], [ 28.8337984, 41.068887 ], [ 28.8402027, 41.0656866 ], [ 28.8435579, 41.0650669 ], [ 28.8472559, 41.0662364 ], [ 28.8534861, 41.072057 ], [ 28.8576717, 41.0721687 ], [ 28.8602661, 41.0714138 ], [ 28.8573451, 41.0673129 ], [ 28.8563007, 41.0669774 ], [ 28.8549333, 41.0622472 ], [ 28.8553792, 41.0562552 ], [ 28.854723, 41.0543095 ], [ 28.8568143, 41.054039 ], [ 28.8598474, 41.048597 ], [ 28.8593461, 41.0427262 ], [ 28.8601607, 41.0427498 ], [ 28.8611078, 41.040265 ], [ 28.8712227, 41.0384466 ], [ 28.8726936, 41.027948 ], [ 28.8721722, 41.0272396 ], [ 28.8687162, 41.0292219 ], [ 28.8630936, 41.029813 ], [ 28.8590939, 41.0287282 ], [ 28.8593693, 41.0258184 ], [ 28.8625572, 41.0213359 ], [ 28.8621704, 41.020468 ], [ 28.8630768, 41.0190498 ], [ 28.8601491, 41.0175556 ], [ 28.858435, 41.0202588 ], [ 28.8584705, 41.0191368 ], [ 28.8553828, 41.0199506 ], [ 28.8545948, 41.0211241 ], [ 28.8484567, 41.0214301 ], [ 28.8475377, 41.0242509 ], [ 28.8443264, 41.0214024 ], [ 28.8393177, 41.0220604 ], [ 28.8379871, 41.0236683 ], [ 28.8281856, 41.0221209 ], [ 28.8271045, 41.0203317 ], [ 28.8224765, 41.0198726 ], [ 28.8153903, 41.0234229 ], [ 28.8109631, 41.0271706 ], [ 28.8107671, 41.03698 ], [ 28.8079769, 41.0457908 ] ] ] } },
{ "type": "Feature", "properties": { "ilce": "Bağcılar" }, "geometry": { "type": "Polygon", "coordinates": [ [ [ 28.8079769, 41.0457908 ], [ 28.8081393, 41.0488397 ], [ 28.8116515, 41.0615387 ], [ 28.8137786, 41.065182 ], [ 28.8134417, 41.0686882 ], [ 28.8140805, 41.0699758 ], [ 28.8197836, 41.0707463 ], [ 28.8289758, 41.069672 ], [ 28.8329658, 41.068044 ], [ 28.8337984, 41.068887 ], [ 28.8402027, 41.0656866 ], [ 28.8435579, 41.0650669 ], [ 28.8472559, 41.0662364 ], [ 28.8534861, 41.072057 ], [ 28.8576717, 41.0721687 ], [ 28.8602661, 41.0714138 ], [ 28.8573451, 41.0673129 ], [ 28.8563007, 41.0669774 ], [ 28.8549333, 41.0622472 ], [ 28.8553792, 41.0562552 ], [ 28.854723, 41.0543095 ], [ 28.8568143, 41.054039 ], [ 28.8598474, 41.048597 ], [ 28.8593461, 41.0427262 ], [ 28.8601607, 41.0427498 ], [ 28.8611078, 41.040265 ], [ 28.8712227, 41.0384466 ], [ 28.8726936, 41.027948 ], [ 28.8721722, 41.0272396 ], [ 28.8687162, 41.0292219 ], [ 28.8630936, 41.029813 ], [ 28.8590939, 41.0287282 ], [ 28.8593693, 41.0258184 ], [ 28.8625572, 41.0213359 ], [ 28.8621704, 41.020468 ], [ 28.8630768, 41.0190498 ], [ 28.8601491, 41.0175556 ], [ 28.858435, 41.0202588 ], [ 28.8584705, 41.0191368 ], [ 28.8553828, 41.0199506 ], [ 28.8545948, 41.0211241 ], [ 28.8484567, 41.0214301 ], [ 28.8475377, 41.0242509 ], [ 28.8443264, 41.0214024 ], [ 28.8393177, 41.0220604 ], [ 28.8379871, 41.0236683 ], [ 28.8281856, 41.0221209 ], [ 28.8271045, 41.0203317 ], [ 28.8224765, 41.0198726 ], [ 28.8153903, 41.0234229 ], [ 28.8109631, 41.0271706 ], [ 28.8107671, 41.03698 ], [ 28.8079769, 41.0457908 ] ] ] } },
{ "type": "Feature", "properties": { "ilce": "Başakşehir" }, "geometry": { "type": "Polygon", "coordinates": [ [ [ 28.6395951, 41.0981109 ], [ 28.6430789, 41.1035755 ], [ 28.6456678, 41.1014765 ], [ 28.6480369, 41.1014765 ], [ 28.652701, 41.0997471 ], [ 28.6561066, 41.1001376 ], [ 28.6573652, 41.0987429 ], [ 28.6589939, 41.0993008 ], [ 28.6597343, 41.1008071 ], [ 28.6682482, 41.106832 ], [ 28.6780636, 41.1102436 ], [ 28.6737539, 41.1118255 ], [ 28.6738748, 41.1134699 ], [ 28.6770583, 41.1158125 ], [ 28.6771323, 41.116928 ], [ 28.6817965, 41.1222822 ], [ 28.6837213, 41.1236765 ], [ 28.6893294, 41.1253774 ], [ 28.7167452, 41.1117477 ], [ 28.7217194, 41.1118349 ], [ 28.7271563, 41.1143623 ], [ 28.7335186, 41.1253426 ], [ 28.7338656, 41.1310063 ], [ 28.7358488, 41.1363656 ], [ 28.7380329, 41.1361179 ], [ 28.7379384, 41.1341245 ], [ 28.7406367, 41.1326619 ], [ 28.7470043, 41.1340558 ], [ 28.75018, 41.1316962 ], [ 28.7521326, 41.1322376 ], [ 28.7557268, 41.1314619 ], [ 28.7588704, 41.1324477 ], [ 28.7636661, 41.1368678 ], [ 28.7718678, 41.1398785 ], [ 28.7805136, 41.1487482 ], [ 28.7826991, 41.1494234 ], [ 28.7898287, 41.148761 ], [ 28.808953, 41.1367051 ], [ 28.81998, 41.1363906 ], [ 28.823457, 41.1355526 ], [ 28.8277787, 41.1305552 ], [ 28.845005, 41.1192999 ], [ 28.8457566, 41.1174262 ], [ 28.8450761, 41.1128866 ], [ 28.8476584, 41.1111308 ], [ 28.8498493, 41.1074275 ], [ 28.8506046, 41.1021421 ], [ 28.8490414, 41.0977431 ], [ 28.8461444, 41.0934124 ], [ 28.8430211, 41.083191 ], [ 28.8393696, 41.077348 ], [ 28.8373345, 41.0723141 ], [ 28.8329658, 41.068044 ], [ 28.8289758, 41.069672 ], [ 28.8197836, 41.0707463 ], [ 28.8140805, 41.0699758 ], [ 28.8134417, 41.0686882 ], [ 28.8137786, 41.065182 ], [ 28.8116321, 41.0612891 ], [ 28.8050655, 41.0616206 ], [ 28.7969525, 41.0636072 ], [ 28.7910315, 41.0641013 ], [ 28.777552, 41.0623085 ], [ 28.7654271, 41.0623707 ], [ 28.7533102, 41.0609756 ], [ 28.7446352, 41.0620872 ], [ 28.742852, 41.0636251 ], [ 28.7359321, 41.0621875 ], [ 28.7319571, 41.0641208 ], [ 28.7328798, 41.065132 ], [ 28.7291354, 41.0667619 ], [ 28.7261152, 41.0715261 ], [ 28.7137404, 41.0825559 ], [ 28.7108159, 41.0838233 ], [ 28.7087345, 41.0863706 ], [ 28.7058055, 41.0879637 ], [ 28.706193, 41.0903167 ], [ 28.6977928, 41.1011469 ], [ 28.6893034, 41.1060842 ], [ 28.6913405, 41.1042056 ], [ 28.6924803, 41.1004235 ], [ 28.6925447, 41.0961061 ], [ 28.6909783, 41.0922816 ], [ 28.6922443, 41.0901065 ], [ 28.6938643, 41.0821736 ], [ 28.6971074, 41.0769277 ], [ 28.6985682, 41.0759975 ], [ 28.7000597, 41.0717772 ], [ 28.7003167, 41.0659134 ], [ 28.6993195, 41.0645083 ], [ 28.7010686, 41.0599517 ], [ 28.7002237, 41.059046 ], [ 28.6915591, 41.0578521 ], [ 28.6909366, 41.0588628 ], [ 28.6859752, 41.0613954 ], [ 28.6726351, 41.0645715 ], [ 28.6554499, 41.075935 ], [ 28.6528862, 41.0804257 ], [ 28.6515214, 41.0861906 ], [ 28.6458793, 41.0916954 ], [ 28.6444108, 41.0951847 ], [ 28.6395951, 41.0981109 ] ] ] } },
{ "type": "Feature", "properties": { "ilce": "Beylikdüzü" }, "geometry": { "type": "Polygon", "coordinates": [ [ [ 28.5991382, 40.9688347 ], [ 28.5948498, 40.9737825 ], [ 28.5989035, 40.981152 ], [ 28.596117, 40.9879472 ], [ 28.5972337, 40.9923709 ], [ 28.5971958, 40.9970129 ], [ 28.6017144, 40.9980185 ], [ 28.6026424, 40.9963666 ], [ 28.6048177, 40.9975549 ], [ 28.609364, 40.9930647 ], [ 28.6127072, 40.9916686 ], [ 28.614032, 40.9927931 ], [ 28.6147778, 40.9963249 ], [ 28.6176467, 40.9993991 ], [ 28.620179, 41.0041171 ], [ 28.6259346, 41.0097734 ], [ 28.6263988, 41.0166879 ], [ 28.6317723, 41.0164075 ], [ 28.6332242, 41.0185797 ], [ 28.6649598, 41.0066369 ], [ 28.6807859, 41.0057106 ], [ 28.6855159, 41.004106 ], [ 28.6877277, 41.0022889 ], [ 28.6843106, 41.0011432 ], [ 28.6843921, 40.9989818 ], [ 28.6878508, 40.9899972 ], [ 28.6947119, 40.9858267 ], [ 28.7001162, 40.9788389 ], [ 28.7000855, 40.9770312 ], [ 28.6986977, 40.9761603 ], [ 28.6988888, 40.9742182 ], [ 28.6995082, 40.974181 ], [ 28.6996388, 40.9729984 ], [ 28.6994849, 40.9735239 ], [ 28.6968175, 40.9732914 ], [ 28.6952507, 40.9724557 ], [ 28.6952292, 40.9709004 ], [ 28.6950254, 40.9722775 ], [ 28.6908519, 40.9720021 ], [ 28.687025, 40.970163 ], [ 28.6868523, 40.9685819 ], [ 28.6847543, 40.9687607 ], [ 28.6845885, 40.9623507 ], [ 28.6837407, 40.966814 ], [ 28.6819192, 40.9667223 ], [ 28.6819245, 40.962927 ], [ 28.6815021, 40.9665907 ], [ 28.6799975, 40.9664911 ], [ 28.6798761, 40.9633137 ], [ 28.679554, 40.9666226 ], [ 28.6785826, 40.9679023 ], [ 28.6779438, 40.967695 ], [ 28.6784136, 40.9628016 ], [ 28.6778126, 40.9659101 ], [ 28.6761383, 40.965947 ], [ 28.6765657, 40.9613176 ], [ 28.6758802, 40.9648256 ], [ 28.6743881, 40.9645933 ], [ 28.6746777, 40.9614121 ], [ 28.6726392, 40.9613278 ], [ 28.67239, 40.9640085 ], [ 28.670832, 40.9637867 ], [ 28.670897, 40.9620502 ], [ 28.6706043, 40.9634888 ], [ 28.6690567, 40.9632161 ], [ 28.6691674, 40.9595555 ], [ 28.6726871, 40.9578129 ], [ 28.6718844, 40.9571644 ], [ 28.6669044, 40.9579003 ], [ 28.6665049, 40.9608773 ], [ 28.663313, 40.9608463 ], [ 28.6576909, 40.9616977 ], [ 28.6648271, 40.9612005 ], [ 28.664881, 40.9626618 ], [ 28.6583614, 40.9636343 ], [ 28.6555085, 40.962897 ], [ 28.6555128, 40.9635643 ], [ 28.6541712, 40.9632912 ], [ 28.6575415, 40.96057 ], [ 28.6562546, 40.9607964 ], [ 28.6549103, 40.9622536 ], [ 28.6521354, 40.9628109 ], [ 28.629852, 40.9612683 ], [ 28.625512, 40.961676 ], [ 28.620747, 40.960717 ], [ 28.6154652, 40.9618205 ], [ 28.6064579, 40.9653331 ], [ 28.6019233, 40.9641514 ], [ 28.6022793, 40.9647681 ], [ 28.5981499, 40.9666225 ], [ 28.5972481, 40.9655105 ], [ 28.600309, 40.9641053 ], [ 28.5971182, 40.9653477 ], [ 28.5963766, 40.9642065 ], [ 28.6004286, 40.9623866 ], [ 28.6019964, 40.9631571 ], [ 28.6002579, 40.9620733 ], [ 28.5959456, 40.9641644 ], [ 28.5982252, 40.9677482 ], [ 28.5972967, 40.9687905 ], [ 28.5974002, 40.9697303 ], [ 28.5986457, 40.9678572 ], [ 28.5991382, 40.9688347 ] ] ] } },
{ "type": "Feature", "properties": { "ilce": "Esenler" }, "geometry": { "type": "Polygon", "coordinates": [ [ [ 28.8337984, 41.068887 ], [ 28.8373345, 41.0723141 ], [ 28.8393696, 41.077348 ], [ 28.8431809, 41.0835267 ], [ 28.8461444, 41.0934124 ], [ 28.8490414, 41.0977431 ], [ 28.8505372, 41.1015807 ], [ 28.8501527, 41.1079173 ], [ 28.8631601, 41.0907742 ], [ 28.870353, 41.0858254 ], [ 28.878924, 41.0771924 ], [ 28.8784523, 41.071029 ], [ 28.8846966, 41.0622465 ], [ 28.8857371, 41.0594624 ], [ 28.8848833, 41.0437672 ], [ 28.8884455, 41.0381376 ], [ 28.8947653, 41.0356167 ], [ 28.8962625, 41.0340322 ], [ 28.8989312, 41.0289305 ], [ 28.8993789, 41.0236968 ], [ 28.9006289, 41.020689 ], [ 28.8985146, 41.0190267 ], [ 28.8929855, 41.0188504 ], [ 28.8897888, 41.0173966 ], [ 28.8867534, 41.0174142 ], [ 28.887326, 41.0207747 ], [ 28.8854227, 41.0226141 ], [ 28.8861744, 41.0226418 ], [ 28.8869303, 41.0249647 ], [ 28.8904785, 41.0298557 ], [ 28.8854573, 41.0339974 ], [ 28.8764859, 41.0318455 ], [ 28.8744317, 41.0367972 ], [ 28.8725399, 41.0384821 ], [ 28.8687968, 41.0385033 ], [ 28.8611078, 41.040265 ], [ 28.8601607, 41.0427498 ], [ 28.8593461, 41.0427262 ], [ 28.8598474, 41.048597 ], [ 28.8568143, 41.054039 ], [ 28.854723, 41.0543095 ], [ 28.8553792, 41.0562552 ], [ 28.8549333, 41.0622472 ], [ 28.8563007, 41.0669774 ], [ 28.8573451, 41.0673129 ], [ 28.8602661, 41.0714138 ], [ 28.855946, 41.0724184 ], [ 28.8537199, 41.0721505 ], [ 28.8472559, 41.0662364 ], [ 28.8440283, 41.0650953 ], [ 28.8407388, 41.0654777 ], [ 28.8337984, 41.068887 ] ] ] } },
{ "type": "Feature", "properties": { "ilce": "Esenler" }, "geometry": { "type": "Polygon", "coordinates": [ [ [ 28.8337984, 41.068887 ], [ 28.8373345, 41.0723141 ], [ 28.8393696, 41.077348 ], [ 28.8431809, 41.0835267 ], [ 28.8461444, 41.0934124 ], [ 28.8490414, 41.0977431 ], [ 28.8505372, 41.1015807 ], [ 28.8501527, 41.1079173 ], [ 28.8631601, 41.0907742 ], [ 28.870353, 41.0858254 ], [ 28.878924, 41.0771924 ], [ 28.8784523, 41.071029 ], [ 28.8846966, 41.0622465 ], [ 28.8857371, 41.0594624 ], [ 28.8848833, 41.0437672 ], [ 28.8884455, 41.0381376 ], [ 28.8947653, 41.0356167 ], [ 28.8962625, 41.0340322 ], [ 28.8989312, 41.0289305 ], [ 28.8993789, 41.0236968 ], [ 28.9006289, 41.020689 ], [ 28.8985146, 41.0190267 ], [ 28.8929855, 41.0188504 ], [ 28.8897888, 41.0173966 ], [ 28.8867534, 41.0174142 ], [ 28.887326, 41.0207747 ], [ 28.8854227, 41.0226141 ], [ 28.8861744, 41.0226418 ], [ 28.8869303, 41.0249647 ], [ 28.8904785, 41.0298557 ], [ 28.8854573, 41.0339974 ], [ 28.8764859, 41.0318455 ], [ 28.8744317, 41.0367972 ], [ 28.8725399, 41.0384821 ], [ 28.8687968, 41.0385033 ], [ 28.8611078, 41.040265 ], [ 28.8601607, 41.0427498 ], [ 28.8593461, 41.0427262 ], [ 28.8598474, 41.048597 ], [ 28.8568143, 41.054039 ], [ 28.854723, 41.0543095 ], [ 28.8553792, 41.0562552 ], [ 28.8549333, 41.0622472 ], [ 28.8563007, 41.0669774 ], [ 28.8573451, 41.0673129 ], [ 28.8602661, 41.0714138 ], [ 28.855946, 41.0724184 ], [ 28.8537199, 41.0721505 ], [ 28.8472559, 41.0662364 ], [ 28.8440283, 41.0650953 ], [ 28.8407388, 41.0654777 ], [ 28.8337984, 41.068887 ] ] ] } },
{ "type": "Feature", "properties": { "ilce": "Esenyurt" }, "geometry": { "type": "Polygon", "coordinates": [ [ [ 28.6208597, 41.0668343 ], [ 28.620645, 41.0691212 ], [ 28.6226369, 41.0734513 ], [ 28.6262144, 41.0805629 ], [ 28.6292885, 41.0839929 ], [ 28.628476, 41.0854477 ], [ 28.6292936, 41.0864671 ], [ 28.6309601, 41.08571 ], [ 28.6337203, 41.0882836 ], [ 28.635948, 41.094939 ], [ 28.6392409, 41.0960262 ], [ 28.6385392, 41.0981109 ], [ 28.6395951, 41.0981109 ], [ 28.6444108, 41.0951847 ], [ 28.6458793, 41.0916954 ], [ 28.6515214, 41.0861906 ], [ 28.6528862, 41.0804257 ], [ 28.6554499, 41.075935 ], [ 28.6726351, 41.0645715 ], [ 28.6826998, 41.0625262 ], [ 28.6911405, 41.0587187 ], [ 28.6915591, 41.0578521 ], [ 28.6822602, 41.0549898 ], [ 28.6897495, 41.0474064 ], [ 28.690617, 41.0430708 ], [ 28.6970449, 41.0414101 ], [ 28.6923892, 41.037039 ], [ 28.6906028, 41.0363283 ], [ 28.6910747, 41.0317452 ], [ 28.6963456, 41.0314249 ], [ 28.6972203, 41.0292482 ], [ 28.7018636, 41.0287628 ], [ 28.7002285, 41.0155129 ], [ 28.6967452, 41.0124465 ], [ 28.7018986, 41.0094053 ], [ 28.6992035, 41.0057341 ], [ 28.6988191, 41.0002717 ], [ 28.6910984, 41.0001071 ], [ 28.6855159, 41.004106 ], [ 28.681824, 41.0055512 ], [ 28.6649598, 41.0066369 ], [ 28.6312103, 41.0193703 ], [ 28.6266226, 41.0222542 ], [ 28.6254869, 41.0250306 ], [ 28.625819, 41.0295851 ], [ 28.6233609, 41.0348983 ], [ 28.6276988, 41.0437759 ], [ 28.6280848, 41.052893 ], [ 28.6208597, 41.0668343 ] ] ] } },
{ "type": "Feature", "properties": { "ilce": "Esenyurt" }, "geometry": { "type": "Polygon", "coordinates": [ [ [ 28.6208597, 41.0668343 ], [ 28.620645, 41.0691212 ], [ 28.6226369, 41.0734513 ], [ 28.6262144, 41.0805629 ], [ 28.6292885, 41.0839929 ], [ 28.628476, 41.0854477 ], [ 28.6292936, 41.0864671 ], [ 28.6309601, 41.08571 ], [ 28.6337203, 41.0882836 ], [ 28.635948, 41.094939 ], [ 28.6392409, 41.0960262 ], [ 28.6385392, 41.0981109 ], [ 28.6395951, 41.0981109 ], [ 28.6444108, 41.0951847 ], [ 28.6458793, 41.0916954 ], [ 28.6515214, 41.0861906 ], [ 28.6528862, 41.0804257 ], [ 28.6554499, 41.075935 ], [ 28.6726351, 41.0645715 ], [ 28.6826998, 41.0625262 ], [ 28.6911405, 41.0587187 ], [ 28.6915591, 41.0578521 ], [ 28.6822602, 41.0549898 ], [ 28.6897495, 41.0474064 ], [ 28.690617, 41.0430708 ], [ 28.6970449, 41.0414101 ], [ 28.6923892, 41.037039 ], [ 28.6906028, 41.0363283 ], [ 28.6910747, 41.0317452 ], [ 28.6963456, 41.0314249 ], [ 28.6972203, 41.0292482 ], [ 28.7018636, 41.0287628 ], [ 28.7002285, 41.0155129 ], [ 28.6967452, 41.0124465 ], [ 28.7018986, 41.0094053 ], [ 28.6992035, 41.0057341 ], [ 28.6988191, 41.0002717 ], [ 28.6910984, 41.0001071 ], [ 28.6855159, 41.004106 ], [ 28.681824, 41.0055512 ], [ 28.6649598, 41.0066369 ], [ 28.6312103, 41.0193703 ], [ 28.6266226, 41.0222542 ], [ 28.6254869, 41.0250306 ], [ 28.625819, 41.0295851 ], [ 28.6233609, 41.0348983 ], [ 28.6276988, 41.0437759 ], [ 28.6280848, 41.052893 ], [ 28.6208597, 41.0668343 ] ] ] } },
{ "type": "Feature", "properties": { "ilce": "Eyüpsultan" }, "geometry": { "type": "Polygon", "coordinates": [ [ [ 28.7876244, 41.2475805 ], [ 28.7790801, 41.2577939 ], [ 28.7748204, 41.2583853 ], [ 28.770023, 41.2693818 ], [ 28.7700822, 41.2703166 ], [ 28.7763011, 41.2701831 ], [ 28.7769526, 41.2710734 ], [ 28.7762418, 41.2720972 ], [ 28.7777225, 41.2728539 ], [ 28.7774856, 41.2761034 ], [ 28.7812762, 41.2796197 ], [ 28.7818092, 41.28456 ], [ 28.7834676, 41.2878089 ], [ 28.7829345, 41.289411 ], [ 28.7851259, 41.2953296 ], [ 28.7847113, 41.2980439 ], [ 28.7858367, 41.3022265 ], [ 28.7873766, 41.305163 ], [ 28.7888602, 41.3061113 ], [ 28.7910274, 41.3041689 ], [ 28.7955201, 41.3026537 ], [ 28.8010561, 41.3032562 ], [ 28.8062677, 41.3027625 ], [ 28.8103527, 41.3002216 ], [ 28.8166022, 41.2979203 ], [ 28.8217736, 41.2931081 ], [ 28.8362971, 41.2870275 ], [ 28.8449371, 41.2870419 ], [ 28.8505429, 41.2837869 ], [ 28.8567817, 41.2815859 ], [ 28.8868353, 41.2741681 ], [ 28.8913232, 41.2748473 ], [ 28.8960761, 41.2741619 ], [ 28.9004265, 41.2746396 ], [ 28.907844, 41.2710588 ], [ 28.90976, 41.2713584 ], [ 28.9111088, 41.2701849 ], [ 28.9154645, 41.2709107 ], [ 28.9157524, 41.2719854 ], [ 28.9216159, 41.2715379 ], [ 28.9422015, 41.2634904 ], [ 28.9431855, 41.2624758 ], [ 28.9492882, 41.2617809 ], [ 28.9484772, 41.2587948 ], [ 28.9467078, 41.2570846 ], [ 28.9432534, 41.2563245 ], [ 28.9403044, 41.2511937 ], [ 28.9407257, 41.2484065 ], [ 28.9366793, 41.2424329 ], [ 28.9357153, 41.2372021 ], [ 28.9327097, 41.2312991 ], [ 28.9351648, 41.2295893 ], [ 28.9356704, 41.2266744 ], [ 28.9349121, 41.2249634 ], [ 28.9353333, 41.2242663 ], [ 28.9370184, 41.2253436 ], [ 28.9363444, 41.2231256 ], [ 28.9371027, 41.2223018 ], [ 28.9382823, 41.2234425 ], [ 28.938535, 41.222175 ], [ 28.9405572, 41.2223018 ], [ 28.9417368, 41.2214779 ], [ 28.9470449, 41.2219215 ], [ 28.9499938, 41.2204639 ], [ 28.9532614, 41.2208004 ], [ 28.9538488, 41.2192808 ], [ 28.9531236, 41.2178035 ], [ 28.9537442, 41.2165994 ], [ 28.9534025, 41.2146467 ], [ 28.947869, 41.2050663 ], [ 28.9477696, 41.2034057 ], [ 28.9480441, 41.1992238 ], [ 28.9501994, 41.1952831 ], [ 28.9540577, 41.1936445 ], [ 28.9537074, 41.1787933 ], [ 28.9520143, 41.1604662 ], [ 28.9578527, 41.1604223 ], [ 28.9570353, 41.1580046 ], [ 28.9593123, 41.1566859 ], [ 28.96807, 41.1581365 ], [ 28.9713979, 41.1574772 ], [ 28.9749184, 41.1534652 ], [ 28.9756612, 41.1515184 ], [ 28.9754319, 41.1490276 ], [ 28.9763653, 41.1475814 ], [ 28.9741444, 41.1443578 ], [ 28.9693573, 41.1403542 ], [ 28.9678795, 41.136709 ], [ 28.964113, 41.1345002 ], [ 28.965894, 41.1328841 ], [ 28.9650839, 41.1326255 ], [ 28.9650592, 41.1315027 ], [ 28.9598928, 41.1274049 ], [ 28.9599502, 41.1249159 ], [ 28.962053, 41.118919 ], [ 28.9602935, 41.1183532 ], [ 28.9598249, 41.1140657 ], [ 28.9587593, 41.1134711 ], [ 28.9621157, 41.1110466 ], [ 28.9601541, 41.1067132 ], [ 28.9538742, 41.1048578 ], [ 28.9540976, 41.1006095 ], [ 28.9588651, 41.0987825 ], [ 28.9601465, 41.0967665 ], [ 28.967278, 41.0919178 ], [ 28.968023, 41.0904843 ], [ 28.9680676, 41.0861086 ], [ 28.963995, 41.085469 ], [ 28.9629005, 41.0832735 ], [ 28.9636248, 41.0803378 ], [ 28.9568664, 41.0739921 ], [ 28.9554013, 41.0681293 ], [ 28.9513046, 41.0651843 ], [ 28.9476211, 41.0645895 ], [ 28.9469897, 41.063406 ], [ 28.9458233, 41.0635549 ], [ 28.9452704, 41.0647903 ], [ 28.943802, 41.0647797 ], [ 28.9460941, 41.0602538 ], [ 28.9466348, 41.0569381 ], [ 28.939218, 41.0553195 ], [ 28.9357548, 41.0523045 ], [ 28.9350613, 41.049855 ], [ 28.9379053, 41.047261 ], [ 28.9396832, 41.0425494 ], [ 28.944566, 41.0407646 ], [ 28.9393804, 41.0378873 ], [ 28.9391074, 41.0349707 ], [ 28.9403179, 41.0345293 ], [ 28.9400293, 41.033317 ], [ 28.9361332, 41.0313447 ], [ 28.934935, 41.0293353 ], [ 28.9295982, 41.0243851 ], [ 28.9209184, 41.0315492 ], [ 28.9178932, 41.0383011 ], [ 28.9166249, 41.0393657 ], [ 28.9157605, 41.0428273 ], [ 28.9184437, 41.0424641 ], [ 28.9109746, 41.0515837 ], [ 28.9147176, 41.0527725 ], [ 28.9165013, 41.0554291 ], [ 28.9224208, 41.0533739 ], [ 28.9238852, 41.0558611 ], [ 28.9243528, 41.0545427 ], [ 28.9252967, 41.055504 ], [ 28.9257118, 41.0546092 ], [ 28.9271365, 41.054328 ], [ 28.9271717, 41.0561967 ], [ 28.930201, 41.0552516 ], [ 28.9306819, 41.0561403 ], [ 28.9323575, 41.0565692 ], [ 28.9318795, 41.0574831 ], [ 28.9330317, 41.0578041 ], [ 28.9335386, 41.0568377 ], [ 28.9356488, 41.0567081 ], [ 28.93825, 41.057807 ], [ 28.9392181, 41.0594309 ], [ 28.9366067, 41.059273 ], [ 28.9368227, 41.0610957 ], [ 28.9353826, 41.0614196 ], [ 28.9353728, 41.0625518 ], [ 28.934316, 41.0629396 ], [ 28.935153, 41.064618 ], [ 28.9364792, 41.0641236 ], [ 28.9360508, 41.0658453 ], [ 28.9338636, 41.065805 ], [ 28.9323516, 41.0691499 ], [ 28.9272659, 41.0700341 ], [ 28.9242569, 41.0674167 ], [ 28.921553, 41.0668003 ], [ 28.9177516, 41.0685607 ], [ 28.9167711, 41.070331 ], [ 28.9163056, 41.0728274 ], [ 28.9175552, 41.0749555 ], [ 28.9157302, 41.0791013 ], [ 28.9161551, 41.0817814 ], [ 28.9186938, 41.0860124 ], [ 28.9194674, 41.089225 ], [ 28.9224243, 41.0932092 ], [ 28.9170104, 41.097254 ], [ 28.9190626, 41.1017252 ], [ 28.9208656, 41.1020305 ], [ 28.9208525, 41.1031638 ], [ 28.919561, 41.1040363 ], [ 28.9216741, 41.1067692 ], [ 28.9206256, 41.1076527 ], [ 28.9216437, 41.1091666 ], [ 28.9184712, 41.1146742 ], [ 28.911098, 41.114531 ], [ 28.9100381, 41.1154184 ], [ 28.910427, 41.1176064 ], [ 28.9078735, 41.1198702 ], [ 28.9070878, 41.1224923 ], [ 28.9016221, 41.1211919 ], [ 28.9016751, 41.1221596 ], [ 28.9046675, 41.1223295 ], [ 28.9065442, 41.1246916 ], [ 28.901259, 41.1284812 ], [ 28.8992472, 41.1331901 ], [ 28.8899911, 41.1372791 ], [ 28.888199, 41.1390438 ], [ 28.8851157, 41.1451388 ], [ 28.883079, 41.1469093 ], [ 28.8812995, 41.1470038 ], [ 28.8799549, 41.1460885 ], [ 28.8778933, 41.1428355 ], [ 28.8748743, 41.1423255 ], [ 28.8739426, 41.143734 ], [ 28.8757577, 41.1473687 ], [ 28.8757787, 41.1503433 ], [ 28.8723612, 41.1524051 ], [ 28.8661051, 41.1520167 ], [ 28.8657188, 41.1530022 ], [ 28.8669401, 41.1571531 ], [ 28.8623071, 41.158681 ], [ 28.8613912, 41.1598111 ], [ 28.854652, 41.1568999 ], [ 28.8534524, 41.1555529 ], [ 28.848262, 41.1541987 ], [ 28.8485098, 41.1532325 ], [ 28.8456657, 41.1518293 ], [ 28.8429528, 41.1512366 ], [ 28.8409547, 41.1477413 ], [ 28.8335663, 41.1427334 ], [ 28.8326794, 41.1414896 ], [ 28.8332648, 41.1336412 ], [ 28.8286894, 41.1355944 ], [ 28.8238482, 41.1352322 ], [ 28.8202998, 41.13636 ], [ 28.8151854, 41.1363266 ], [ 28.8151483, 41.1411764 ], [ 28.81725, 41.1429454 ], [ 28.8163474, 41.1529024 ], [ 28.8147315, 41.1543169 ], [ 28.8162581, 41.1597111 ], [ 28.8137721, 41.1638961 ], [ 28.8144946, 41.1736162 ], [ 28.8137165, 41.1745391 ], [ 28.8142348, 41.1755728 ], [ 28.8198151, 41.1753677 ], [ 28.8197615, 41.1789753 ], [ 28.8214361, 41.1825197 ], [ 28.8196403, 41.1835118 ], [ 28.8178816, 41.1867962 ], [ 28.8187607, 41.1891063 ], [ 28.8180941, 41.1910082 ], [ 28.8192958, 41.1922448 ], [ 28.818157, 41.1944948 ], [ 28.8191492, 41.1966376 ], [ 28.8160451, 41.2010509 ], [ 28.8192382, 41.2029988 ], [ 28.8207871, 41.207241 ], [ 28.8179675, 41.2107369 ], [ 28.8151941, 41.2113276 ], [ 28.8146722, 41.2131237 ], [ 28.8108411, 41.2161442 ], [ 28.8109036, 41.2181054 ], [ 28.8088621, 41.2200181 ], [ 28.8056279, 41.2214069 ], [ 28.7999742, 41.2216446 ], [ 28.7965333, 41.2231037 ], [ 28.7960223, 41.2258318 ], [ 28.7976933, 41.2270366 ], [ 28.7974552, 41.229087 ], [ 28.7950703, 41.2311546 ], [ 28.7941909, 41.2336038 ], [ 28.788779, 41.2369346 ], [ 28.7883075, 41.2405438 ], [ 28.7867959, 41.2431968 ], [ 28.7876244, 41.2475805 ] ] ] } },
{ "type": "Feature", "properties": { "ilce": "Eyüpsultan" }, "geometry": { "type": "Polygon", "coordinates": [ [ [ 28.7876244, 41.2475805 ], [ 28.7790801, 41.2577939 ], [ 28.7748204, 41.2583853 ], [ 28.770023, 41.2693818 ], [ 28.7700822, 41.2703166 ], [ 28.7763011, 41.2701831 ], [ 28.7769526, 41.2710734 ], [ 28.7762418, 41.2720972 ], [ 28.7777225, 41.2728539 ], [ 28.7774856, 41.2761034 ], [ 28.7812762, 41.2796197 ], [ 28.7818092, 41.28456 ], [ 28.7834676, 41.2878089 ], [ 28.7829345, 41.289411 ], [ 28.7851259, 41.2953296 ], [ 28.7847113, 41.2980439 ], [ 28.7858367, 41.3022265 ], [ 28.7873766, 41.305163 ], [ 28.7888602, 41.3061113 ], [ 28.7910274, 41.3041689 ], [ 28.7955201, 41.3026537 ], [ 28.8010561, 41.3032562 ], [ 28.8062677, 41.3027625 ], [ 28.8103527, 41.3002216 ], [ 28.8166022, 41.2979203 ], [ 28.8217736, 41.2931081 ], [ 28.8362971, 41.2870275 ], [ 28.8449371, 41.2870419 ], [ 28.8505429, 41.2837869 ], [ 28.8567817, 41.2815859 ], [ 28.8868353, 41.2741681 ], [ 28.8913232, 41.2748473 ], [ 28.8960761, 41.2741619 ], [ 28.9004265, 41.2746396 ], [ 28.907844, 41.2710588 ], [ 28.90976, 41.2713584 ], [ 28.9111088, 41.2701849 ], [ 28.9154645, 41.2709107 ], [ 28.9157524, 41.2719854 ], [ 28.9216159, 41.2715379 ], [ 28.9422015, 41.2634904 ], [ 28.9431855, 41.2624758 ], [ 28.9492882, 41.2617809 ], [ 28.9484772, 41.2587948 ], [ 28.9467078, 41.2570846 ], [ 28.9432534, 41.2563245 ], [ 28.9403044, 41.2511937 ], [ 28.9407257, 41.2484065 ], [ 28.9366793, 41.2424329 ], [ 28.9357153, 41.2372021 ], [ 28.9327097, 41.2312991 ], [ 28.9351648, 41.2295893 ], [ 28.9356704, 41.2266744 ], [ 28.9349121, 41.2249634 ], [ 28.9353333, 41.2242663 ], [ 28.9370184, 41.2253436 ], [ 28.9363444, 41.2231256 ], [ 28.9371027, 41.2223018 ], [ 28.9382823, 41.2234425 ], [ 28.938535, 41.222175 ], [ 28.9405572, 41.2223018 ], [ 28.9417368, 41.2214779 ], [ 28.9470449, 41.2219215 ], [ 28.9499938, 41.2204639 ], [ 28.9532614, 41.2208004 ], [ 28.9538488, 41.2192808 ], [ 28.9531236, 41.2178035 ], [ 28.9537442, 41.2165994 ], [ 28.9534025, 41.2146467 ], [ 28.947869, 41.2050663 ], [ 28.9477696, 41.2034057 ], [ 28.9480441, 41.1992238 ], [ 28.9501994, 41.1952831 ], [ 28.9540577, 41.1936445 ], [ 28.9537074, 41.1787933 ], [ 28.9520143, 41.1604662 ], [ 28.9578527, 41.1604223 ], [ 28.9570353, 41.1580046 ], [ 28.9593123, 41.1566859 ], [ 28.96807, 41.1581365 ], [ 28.9713979, 41.1574772 ], [ 28.9749184, 41.1534652 ], [ 28.9756612, 41.1515184 ], [ 28.9754319, 41.1490276 ], [ 28.9763653, 41.1475814 ], [ 28.9741444, 41.1443578 ], [ 28.9693573, 41.1403542 ], [ 28.9678795, 41.136709 ], [ 28.964113, 41.1345002 ], [ 28.965894, 41.1328841 ], [ 28.9650839, 41.1326255 ], [ 28.9650592, 41.1315027 ], [ 28.9598928, 41.1274049 ], [ 28.9599502, 41.1249159 ], [ 28.962053, 41.118919 ], [ 28.9602935, 41.1183532 ], [ 28.9598249, 41.1140657 ], [ 28.9587593, 41.1134711 ], [ 28.9621157, 41.1110466 ], [ 28.9601541, 41.1067132 ], [ 28.9538742, 41.1048578 ], [ 28.9540976, 41.1006095 ], [ 28.9588651, 41.0987825 ], [ 28.9601465, 41.0967665 ], [ 28.967278, 41.0919178 ], [ 28.968023, 41.0904843 ], [ 28.9680676, 41.0861086 ], [ 28.963995, 41.085469 ], [ 28.9629005, 41.0832735 ], [ 28.9636248, 41.0803378 ], [ 28.9568664, 41.0739921 ], [ 28.9554013, 41.0681293 ], [ 28.9513046, 41.0651843 ], [ 28.9476211, 41.0645895 ], [ 28.9469897, 41.063406 ], [ 28.9458233, 41.0635549 ], [ 28.9452704, 41.0647903 ], [ 28.943802, 41.0647797 ], [ 28.9460941, 41.0602538 ], [ 28.9466348, 41.0569381 ], [ 28.939218, 41.0553195 ], [ 28.9357548, 41.0523045 ], [ 28.9350613, 41.049855 ], [ 28.9379053, 41.047261 ], [ 28.9396832, 41.0425494 ], [ 28.944566, 41.0407646 ], [ 28.9393804, 41.0378873 ], [ 28.9391074, 41.0349707 ], [ 28.9403179, 41.0345293 ], [ 28.9400293, 41.033317 ], [ 28.9361332, 41.0313447 ], [ 28.934935, 41.0293353 ], [ 28.9295982, 41.0243851 ], [ 28.9209184, 41.0315492 ], [ 28.9178932, 41.0383011 ], [ 28.9166249, 41.0393657 ], [ 28.9157605, 41.0428273 ], [ 28.9184437, 41.0424641 ], [ 28.9109746, 41.0515837 ], [ 28.9147176, 41.0527725 ], [ 28.9165013, 41.0554291 ], [ 28.9224208, 41.0533739 ], [ 28.9238852, 41.0558611 ], [ 28.9243528, 41.0545427 ], [ 28.9252967, 41.055504 ], [ 28.9257118, 41.0546092 ], [ 28.9271365, 41.054328 ], [ 28.9271717, 41.0561967 ], [ 28.930201, 41.0552516 ], [ 28.9306819, 41.0561403 ], [ 28.9323575, 41.0565692 ], [ 28.9318795, 41.0574831 ], [ 28.9330317, 41.0578041 ], [ 28.9335386, 41.0568377 ], [ 28.9356488, 41.0567081 ], [ 28.93825, 41.057807 ], [ 28.9392181, 41.0594309 ], [ 28.9366067, 41.059273 ], [ 28.9368227, 41.0610957 ], [ 28.9353826, 41.0614196 ], [ 28.9353728, 41.0625518 ], [ 28.934316, 41.0629396 ], [ 28.935153, 41.064618 ], [ 28.9364792, 41.0641236 ], [ 28.9360508, 41.0658453 ], [ 28.9338636, 41.065805 ], [ 28.9323516, 41.0691499 ], [ 28.9272659, 41.0700341 ], [ 28.9242569, 41.0674167 ], [ 28.921553, 41.0668003 ], [ 28.9177516, 41.0685607 ], [ 28.9167711, 41.070331 ], [ 28.9163056, 41.0728274 ], [ 28.9175552, 41.0749555 ], [ 28.9157302, 41.0791013 ], [ 28.9161551, 41.0817814 ], [ 28.9186938, 41.0860124 ], [ 28.9194674, 41.089225 ], [ 28.9224243, 41.0932092 ], [ 28.9170104, 41.097254 ], [ 28.9190626, 41.1017252 ], [ 28.9208656, 41.1020305 ], [ 28.9208525, 41.1031638 ], [ 28.919561, 41.1040363 ], [ 28.9216741, 41.1067692 ], [ 28.9206256, 41.1076527 ], [ 28.9216437, 41.1091666 ], [ 28.9184712, 41.1146742 ], [ 28.911098, 41.114531 ], [ 28.9100381, 41.1154184 ], [ 28.910427, 41.1176064 ], [ 28.9078735, 41.1198702 ], [ 28.9070878, 41.1224923 ], [ 28.9016221, 41.1211919 ], [ 28.9016751, 41.1221596 ], [ 28.9046675, 41.1223295 ], [ 28.9065442, 41.1246916 ], [ 28.901259, 41.1284812 ], [ 28.8992472, 41.1331901 ], [ 28.8899911, 41.1372791 ], [ 28.888199, 41.1390438 ], [ 28.8851157, 41.1451388 ], [ 28.883079, 41.1469093 ], [ 28.8812995, 41.1470038 ], [ 28.8799549, 41.1460885 ], [ 28.8778933, 41.1428355 ], [ 28.8748743, 41.1423255 ], [ 28.8739426, 41.143734 ], [ 28.8757577, 41.1473687 ], [ 28.8757787, 41.1503433 ], [ 28.8723612, 41.1524051 ], [ 28.8661051, 41.1520167 ], [ 28.8657188, 41.1530022 ], [ 28.8669401, 41.1571531 ], [ 28.8623071, 41.158681 ], [ 28.8613912, 41.1598111 ], [ 28.854652, 41.1568999 ], [ 28.8534524, 41.1555529 ], [ 28.848262, 41.1541987 ], [ 28.8485098, 41.1532325 ], [ 28.8456657, 41.1518293 ], [ 28.8429528, 41.1512366 ], [ 28.8409547, 41.1477413 ], [ 28.8335663, 41.1427334 ], [ 28.8326794, 41.1414896 ], [ 28.8332648, 41.1336412 ], [ 28.8286894, 41.1355944 ], [ 28.8238482, 41.1352322 ], [ 28.8202998, 41.13636 ], [ 28.8151854, 41.1363266 ], [ 28.8151483, 41.1411764 ], [ 28.81725, 41.1429454 ], [ 28.8163474, 41.1529024 ], [ 28.8147315, 41.1543169 ], [ 28.8162581, 41.1597111 ], [ 28.8137721, 41.1638961 ], [ 28.8144946, 41.1736162 ], [ 28.8137165, 41.1745391 ], [ 28.8142348, 41.1755728 ], [ 28.8198151, 41.1753677 ], [ 28.8197615, 41.1789753 ], [ 28.8214361, 41.1825197 ], [ 28.8196403, 41.1835118 ], [ 28.8178816, 41.1867962 ], [ 28.8187607, 41.1891063 ], [ 28.8180941, 41.1910082 ], [ 28.8192958, 41.1922448 ], [ 28.818157, 41.1944948 ], [ 28.8191492, 41.1966376 ], [ 28.8160451, 41.2010509 ], [ 28.8192382, 41.2029988 ], [ 28.8207871, 41.207241 ], [ 28.8179675, 41.2107369 ], [ 28.8151941, 41.2113276 ], [ 28.8146722, 41.2131237 ], [ 28.8108411, 41.2161442 ], [ 28.8109036, 41.2181054 ], [ 28.8088621, 41.2200181 ], [ 28.8056279, 41.2214069 ], [ 28.7999742, 41.2216446 ], [ 28.7965333, 41.2231037 ], [ 28.7960223, 41.2258318 ], [ 28.7976933, 41.2270366 ], [ 28.7974552, 41.229087 ], [ 28.7950703, 41.2311546 ], [ 28.7941909, 41.2336038 ], [ 28.788779, 41.2369346 ], [ 28.7883075, 41.2405438 ], [ 28.7867959, 41.2431968 ], [ 28.7876244, 41.2475805 ] ] ] } },
{ "type": "Feature", "properties": { "ilce": "Eyüpsultan" }, "geometry": { "type": "Polygon", "coordinates": [ [ [ 28.7876244, 41.2475805 ], [ 28.7790801, 41.2577939 ], [ 28.7748204, 41.2583853 ], [ 28.770023, 41.2693818 ], [ 28.7700822, 41.2703166 ], [ 28.7763011, 41.2701831 ], [ 28.7769526, 41.2710734 ], [ 28.7762418, 41.2720972 ], [ 28.7777225, 41.2728539 ], [ 28.7774856, 41.2761034 ], [ 28.7812762, 41.2796197 ], [ 28.7818092, 41.28456 ], [ 28.7834676, 41.2878089 ], [ 28.7829345, 41.289411 ], [ 28.7851259, 41.2953296 ], [ 28.7847113, 41.2980439 ], [ 28.7858367, 41.3022265 ], [ 28.7873766, 41.305163 ], [ 28.7888602, 41.3061113 ], [ 28.7910274, 41.3041689 ], [ 28.7955201, 41.3026537 ], [ 28.8010561, 41.3032562 ], [ 28.8062677, 41.3027625 ], [ 28.8103527, 41.3002216 ], [ 28.8166022, 41.2979203 ], [ 28.8217736, 41.2931081 ], [ 28.8362971, 41.2870275 ], [ 28.8449371, 41.2870419 ], [ 28.8505429, 41.2837869 ], [ 28.8567817, 41.2815859 ], [ 28.8868353, 41.2741681 ], [ 28.8913232, 41.2748473 ], [ 28.8960761, 41.2741619 ], [ 28.9004265, 41.2746396 ], [ 28.907844, 41.2710588 ], [ 28.90976, 41.2713584 ], [ 28.9111088, 41.2701849 ], [ 28.9154645, 41.2709107 ], [ 28.9157524, 41.2719854 ], [ 28.9216159, 41.2715379 ], [ 28.9422015, 41.2634904 ], [ 28.9431855, 41.2624758 ], [ 28.9492882, 41.2617809 ], [ 28.9484772, 41.2587948 ], [ 28.9467078, 41.2570846 ], [ 28.9432534, 41.2563245 ], [ 28.9403044, 41.2511937 ], [ 28.9407257, 41.2484065 ], [ 28.9366793, 41.2424329 ], [ 28.9357153, 41.2372021 ], [ 28.9327097, 41.2312991 ], [ 28.9351648, 41.2295893 ], [ 28.9356704, 41.2266744 ], [ 28.9349121, 41.2249634 ], [ 28.9353333, 41.2242663 ], [ 28.9370184, 41.2253436 ], [ 28.9363444, 41.2231256 ], [ 28.9371027, 41.2223018 ], [ 28.9382823, 41.2234425 ], [ 28.938535, 41.222175 ], [ 28.9405572, 41.2223018 ], [ 28.9417368, 41.2214779 ], [ 28.9470449, 41.2219215 ], [ 28.9499938, 41.2204639 ], [ 28.9532614, 41.2208004 ], [ 28.9538488, 41.2192808 ], [ 28.9531236, 41.2178035 ], [ 28.9537442, 41.2165994 ], [ 28.9534025, 41.2146467 ], [ 28.947869, 41.2050663 ], [ 28.9477696, 41.2034057 ], [ 28.9480441, 41.1992238 ], [ 28.9501994, 41.1952831 ], [ 28.9540577, 41.1936445 ], [ 28.9537074, 41.1787933 ], [ 28.9520143, 41.1604662 ], [ 28.9578527, 41.1604223 ], [ 28.9570353, 41.1580046 ], [ 28.9593123, 41.1566859 ], [ 28.96807, 41.1581365 ], [ 28.9713979, 41.1574772 ], [ 28.9749184, 41.1534652 ], [ 28.9756612, 41.1515184 ], [ 28.9754319, 41.1490276 ], [ 28.9763653, 41.1475814 ], [ 28.9741444, 41.1443578 ], [ 28.9693573, 41.1403542 ], [ 28.9678795, 41.136709 ], [ 28.964113, 41.1345002 ], [ 28.965894, 41.1328841 ], [ 28.9650839, 41.1326255 ], [ 28.9650592, 41.1315027 ], [ 28.9598928, 41.1274049 ], [ 28.9599502, 41.1249159 ], [ 28.962053, 41.118919 ], [ 28.9602935, 41.1183532 ], [ 28.9598249, 41.1140657 ], [ 28.9587593, 41.1134711 ], [ 28.9621157, 41.1110466 ], [ 28.9601541, 41.1067132 ], [ 28.9538742, 41.1048578 ], [ 28.9540976, 41.1006095 ], [ 28.9588651, 41.0987825 ], [ 28.9601465, 41.0967665 ], [ 28.967278, 41.0919178 ], [ 28.968023, 41.0904843 ], [ 28.9680676, 41.0861086 ], [ 28.963995, 41.085469 ], [ 28.9629005, 41.0832735 ], [ 28.9636248, 41.0803378 ], [ 28.9568664, 41.0739921 ], [ 28.9554013, 41.0681293 ], [ 28.9513046, 41.0651843 ], [ 28.9476211, 41.0645895 ], [ 28.9469897, 41.063406 ], [ 28.9458233, 41.0635549 ], [ 28.9452704, 41.0647903 ], [ 28.943802, 41.0647797 ], [ 28.9460941, 41.0602538 ], [ 28.9466348, 41.0569381 ], [ 28.939218, 41.0553195 ], [ 28.9357548, 41.0523045 ], [ 28.9350613, 41.049855 ], [ 28.9379053, 41.047261 ], [ 28.9396832, 41.0425494 ], [ 28.944566, 41.0407646 ], [ 28.9393804, 41.0378873 ], [ 28.9391074, 41.0349707 ], [ 28.9403179, 41.0345293 ], [ 28.9400293, 41.033317 ], [ 28.9361332, 41.0313447 ], [ 28.934935, 41.0293353 ], [ 28.9295982, 41.0243851 ], [ 28.9209184, 41.0315492 ], [ 28.9178932, 41.0383011 ], [ 28.9166249, 41.0393657 ], [ 28.9157605, 41.0428273 ], [ 28.9184437, 41.0424641 ], [ 28.9109746, 41.0515837 ], [ 28.9147176, 41.0527725 ], [ 28.9165013, 41.0554291 ], [ 28.9224208, 41.0533739 ], [ 28.9238852, 41.0558611 ], [ 28.9243528, 41.0545427 ], [ 28.9252967, 41.055504 ], [ 28.9257118, 41.0546092 ], [ 28.9271365, 41.054328 ], [ 28.9271717, 41.0561967 ], [ 28.930201, 41.0552516 ], [ 28.9306819, 41.0561403 ], [ 28.9323575, 41.0565692 ], [ 28.9318795, 41.0574831 ], [ 28.9330317, 41.0578041 ], [ 28.9335386, 41.0568377 ], [ 28.9356488, 41.0567081 ], [ 28.93825, 41.057807 ], [ 28.9392181, 41.0594309 ], [ 28.9366067, 41.059273 ], [ 28.9368227, 41.0610957 ], [ 28.9353826, 41.0614196 ], [ 28.9353728, 41.0625518 ], [ 28.934316, 41.0629396 ], [ 28.935153, 41.064618 ], [ 28.9364792, 41.0641236 ], [ 28.9360508, 41.0658453 ], [ 28.9338636, 41.065805 ], [ 28.9323516, 41.0691499 ], [ 28.9272659, 41.0700341 ], [ 28.9242569, 41.0674167 ], [ 28.921553, 41.0668003 ], [ 28.9177516, 41.0685607 ], [ 28.9167711, 41.070331 ], [ 28.9163056, 41.0728274 ], [ 28.9175552, 41.0749555 ], [ 28.9157302, 41.0791013 ], [ 28.9161551, 41.0817814 ], [ 28.9186938, 41.0860124 ], [ 28.9194674, 41.089225 ], [ 28.9224243, 41.0932092 ], [ 28.9170104, 41.097254 ], [ 28.9190626, 41.1017252 ], [ 28.9208656, 41.1020305 ], [ 28.9208525, 41.1031638 ], [ 28.919561, 41.1040363 ], [ 28.9216741, 41.1067692 ], [ 28.9206256, 41.1076527 ], [ 28.9216437, 41.1091666 ], [ 28.9184712, 41.1146742 ], [ 28.911098, 41.114531 ], [ 28.9100381, 41.1154184 ], [ 28.910427, 41.1176064 ], [ 28.9078735, 41.1198702 ], [ 28.9070878, 41.1224923 ], [ 28.9016221, 41.1211919 ], [ 28.9016751, 41.1221596 ], [ 28.9046675, 41.1223295 ], [ 28.9065442, 41.1246916 ], [ 28.901259, 41.1284812 ], [ 28.8992472, 41.1331901 ], [ 28.8899911, 41.1372791 ], [ 28.888199, 41.1390438 ], [ 28.8851157, 41.1451388 ], [ 28.883079, 41.1469093 ], [ 28.8812995, 41.1470038 ], [ 28.8799549, 41.1460885 ], [ 28.8778933, 41.1428355 ], [ 28.8748743, 41.1423255 ], [ 28.8739426, 41.143734 ], [ 28.8757577, 41.1473687 ], [ 28.8757787, 41.1503433 ], [ 28.8723612, 41.1524051 ], [ 28.8661051, 41.1520167 ], [ 28.8657188, 41.1530022 ], [ 28.8669401, 41.1571531 ], [ 28.8623071, 41.158681 ], [ 28.8613912, 41.1598111 ], [ 28.854652, 41.1568999 ], [ 28.8534524, 41.1555529 ], [ 28.848262, 41.1541987 ], [ 28.8485098, 41.1532325 ], [ 28.8456657, 41.1518293 ], [ 28.8429528, 41.1512366 ], [ 28.8409547, 41.1477413 ], [ 28.8335663, 41.1427334 ], [ 28.8326794, 41.1414896 ], [ 28.8332648, 41.1336412 ], [ 28.8286894, 41.1355944 ], [ 28.8238482, 41.1352322 ], [ 28.8202998, 41.13636 ], [ 28.8151854, 41.1363266 ], [ 28.8151483, 41.1411764 ], [ 28.81725, 41.1429454 ], [ 28.8163474, 41.1529024 ], [ 28.8147315, 41.1543169 ], [ 28.8162581, 41.1597111 ], [ 28.8137721, 41.1638961 ], [ 28.8144946, 41.1736162 ], [ 28.8137165, 41.1745391 ], [ 28.8142348, 41.1755728 ], [ 28.8198151, 41.1753677 ], [ 28.8197615, 41.1789753 ], [ 28.8214361, 41.1825197 ], [ 28.8196403, 41.1835118 ], [ 28.8178816, 41.1867962 ], [ 28.8187607, 41.1891063 ], [ 28.8180941, 41.1910082 ], [ 28.8192958, 41.1922448 ], [ 28.818157, 41.1944948 ], [ 28.8191492, 41.1966376 ], [ 28.8160451, 41.2010509 ], [ 28.8192382, 41.2029988 ], [ 28.8207871, 41.207241 ], [ 28.8179675, 41.2107369 ], [ 28.8151941, 41.2113276 ], [ 28.8146722, 41.2131237 ], [ 28.8108411, 41.2161442 ], [ 28.8109036, 41.2181054 ], [ 28.8088621, 41.2200181 ], [ 28.8056279, 41.2214069 ], [ 28.7999742, 41.2216446 ], [ 28.7965333, 41.2231037 ], [ 28.7960223, 41.2258318 ], [ 28.7976933, 41.2270366 ], [ 28.7974552, 41.229087 ], [ 28.7950703, 41.2311546 ], [ 28.7941909, 41.2336038 ], [ 28.788779, 41.2369346 ], [ 28.7883075, 41.2405438 ], [ 28.7867959, 41.2431968 ], [ 28.7876244, 41.2475805 ] ] ] } },
{ "type": "Feature", "properties": { "ilce": "Fatih" }, "geometry": { "type": "Polygon", "coordinates": [ [ [ 28.9199245, 40.987921 ], [ 28.9204674, 40.9905214 ], [ 28.9226152, 40.9926551 ], [ 28.9214328, 40.9947385 ], [ 28.9202768, 41.000779 ], [ 28.9223285, 41.0082642 ], [ 28.9217529, 41.0133155 ], [ 28.9229188, 41.0173312 ], [ 28.9252078, 41.0208116 ], [ 28.934935, 41.0293353 ], [ 28.9361332, 41.0313447 ], [ 28.9400293, 41.033317 ], [ 28.9403179, 41.0345293 ], [ 28.9391074, 41.0349707 ], [ 28.9391852, 41.0373909 ], [ 28.9417027, 41.0397306 ], [ 28.9433461, 41.0395188 ], [ 28.9448171, 41.04086 ], [ 28.946942, 41.0368212 ], [ 28.9492422, 41.0352998 ], [ 28.9505876, 41.031463 ], [ 28.9524403, 41.0310105 ], [ 28.9532249, 41.0291903 ], [ 28.9574603, 41.02841 ], [ 28.9597327, 41.0262888 ], [ 28.9604146, 41.0245878 ], [ 28.963103, 41.0228715 ], [ 28.9637936, 41.0212595 ], [ 28.9659721, 41.0204267 ], [ 28.9662921, 41.0194711 ], [ 28.9696293, 41.0196342 ], [ 28.9713607, 41.0183204 ], [ 28.9732003, 41.0183532 ], [ 28.9769008, 41.0166667 ], [ 28.9817812, 41.0166992 ], [ 28.9853311, 41.0177639 ], [ 28.9868537, 41.0170306 ], [ 28.9881084, 41.0124523 ], [ 28.9863188, 41.0067466 ], [ 28.9813953, 41.0025894 ], [ 28.9776073, 41.0017655 ], [ 28.9786765, 41.0012079 ], [ 28.9730812, 41.000984 ], [ 28.964943, 41.0023348 ], [ 28.9608645, 41.0020846 ], [ 28.9618234, 41.0011515 ], [ 28.9654464, 41.0009026 ], [ 28.9621977, 41.0009448 ], [ 28.9585377, 41.0018411 ], [ 28.9581975, 41.0010632 ], [ 28.9584351, 41.0018663 ], [ 28.9570334, 41.0022321 ], [ 28.9562205, 41.0014236 ], [ 28.9554778, 41.0023818 ], [ 28.9541165, 41.0022146 ], [ 28.9542622, 41.001627 ], [ 28.9537443, 41.0021298 ], [ 28.9528696, 41.0012236 ], [ 28.9537328, 40.9992127 ], [ 28.9610514, 40.9982554 ], [ 28.9534297, 40.9983668 ], [ 28.9503847, 40.9968297 ], [ 28.9461377, 40.9962017 ], [ 28.9428347, 40.9966772 ], [ 28.9394387, 40.9982607 ], [ 28.937978, 41.0003645 ], [ 28.9389455, 41.0012049 ], [ 28.9387601, 41.0017218 ], [ 28.9350211, 40.9998484 ], [ 28.932315, 40.9952446 ], [ 28.9279473, 40.9917755 ], [ 28.9292796, 40.9911011 ], [ 28.9301473, 40.9927495 ], [ 28.929591, 40.9909443 ], [ 28.9278438, 40.9913796 ], [ 28.9238398, 40.9877495 ], [ 28.9199245, 40.987921 ] ] ] } },
{ "type": "Feature", "properties": { "ilce": "Fatih" }, "geometry": { "type": "Polygon", "coordinates": [ [ [ 28.9199245, 40.987921 ], [ 28.9204674, 40.9905214 ], [ 28.9226152, 40.9926551 ], [ 28.9214328, 40.9947385 ], [ 28.9202768, 41.000779 ], [ 28.9223285, 41.0082642 ], [ 28.9217529, 41.0133155 ], [ 28.9229188, 41.0173312 ], [ 28.9252078, 41.0208116 ], [ 28.934935, 41.0293353 ], [ 28.9361332, 41.0313447 ], [ 28.9400293, 41.033317 ], [ 28.9403179, 41.0345293 ], [ 28.9391074, 41.0349707 ], [ 28.9391852, 41.0373909 ], [ 28.9417027, 41.0397306 ], [ 28.9433461, 41.0395188 ], [ 28.9448171, 41.04086 ], [ 28.946942, 41.0368212 ], [ 28.9492422, 41.0352998 ], [ 28.9505876, 41.031463 ], [ 28.9524403, 41.0310105 ], [ 28.9532249, 41.0291903 ], [ 28.9574603, 41.02841 ], [ 28.9597327, 41.0262888 ], [ 28.9604146, 41.0245878 ], [ 28.963103, 41.0228715 ], [ 28.9637936, 41.0212595 ], [ 28.9659721, 41.0204267 ], [ 28.9662921, 41.0194711 ], [ 28.9696293, 41.0196342 ], [ 28.9713607, 41.0183204 ], [ 28.9732003, 41.0183532 ], [ 28.9769008, 41.0166667 ], [ 28.9817812, 41.0166992 ], [ 28.9853311, 41.0177639 ], [ 28.9868537, 41.0170306 ], [ 28.9881084, 41.0124523 ], [ 28.9863188, 41.0067466 ], [ 28.9813953, 41.0025894 ], [ 28.9776073, 41.0017655 ], [ 28.9786765, 41.0012079 ], [ 28.9730812, 41.000984 ], [ 28.964943, 41.0023348 ], [ 28.9608645, 41.0020846 ], [ 28.9618234, 41.0011515 ], [ 28.9654464, 41.0009026 ], [ 28.9621977, 41.0009448 ], [ 28.9585377, 41.0018411 ], [ 28.9581975, 41.0010632 ], [ 28.9584351, 41.0018663 ], [ 28.9570334, 41.0022321 ], [ 28.9562205, 41.0014236 ], [ 28.9554778, 41.0023818 ], [ 28.9541165, 41.0022146 ], [ 28.9542622, 41.001627 ], [ 28.9537443, 41.0021298 ], [ 28.9528696, 41.0012236 ], [ 28.9537328, 40.9992127 ], [ 28.9610514, 40.9982554 ], [ 28.9534297, 40.9983668 ], [ 28.9503847, 40.9968297 ], [ 28.9461377, 40.9962017 ], [ 28.9428347, 40.9966772 ], [ 28.9394387, 40.9982607 ], [ 28.937978, 41.0003645 ], [ 28.9389455, 41.0012049 ], [ 28.9387601, 41.0017218 ], [ 28.9350211, 40.9998484 ], [ 28.932315, 40.9952446 ], [ 28.9279473, 40.9917755 ], [ 28.9292796, 40.9911011 ], [ 28.9301473, 40.9927495 ], [ 28.929591, 40.9909443 ], [ 28.9278438, 40.9913796 ], [ 28.9238398, 40.9877495 ], [ 28.9199245, 40.987921 ] ] ] } },
{ "type": "Feature", "properties": { "ilce": "Gaziosmanpaşa" }, "geometry": { "type": "Polygon", "coordinates": [ [ [ 28.8743627, 41.0815985 ], [ 28.8800618, 41.0865375 ], [ 28.8879515, 41.0899661 ], [ 28.8955369, 41.0911748 ], [ 28.9082185, 41.0908839 ], [ 28.9211832, 41.0942843 ], [ 28.9224243, 41.0932092 ], [ 28.9194674, 41.089225 ], [ 28.9186938, 41.0860124 ], [ 28.9161551, 41.0817814 ], [ 28.9157302, 41.0791013 ], [ 28.9175552, 41.0749555 ], [ 28.9163056, 41.0728274 ], [ 28.9172655, 41.0692735 ], [ 28.921553, 41.0668003 ], [ 28.9242569, 41.0674167 ], [ 28.9272659, 41.0700341 ], [ 28.9323516, 41.0691499 ], [ 28.9338636, 41.065805 ], [ 28.9360508, 41.0658453 ], [ 28.9364792, 41.0641236 ], [ 28.935153, 41.064618 ], [ 28.934316, 41.0629396 ], [ 28.9353728, 41.0625518 ], [ 28.9353826, 41.0614196 ], [ 28.9368227, 41.0610957 ], [ 28.9366067, 41.059273 ], [ 28.9392181, 41.0594309 ], [ 28.93825, 41.057807 ], [ 28.9356488, 41.0567081 ], [ 28.9335386, 41.0568377 ], [ 28.9330317, 41.0578041 ], [ 28.9318795, 41.0574831 ], [ 28.9323575, 41.0565692 ], [ 28.9306819, 41.0561403 ], [ 28.930201, 41.0552516 ], [ 28.9271717, 41.0561967 ], [ 28.9271365, 41.054328 ], [ 28.9257118, 41.0546092 ], [ 28.9252967, 41.055504 ], [ 28.9243528, 41.0545427 ], [ 28.9238852, 41.0558611 ], [ 28.9224208, 41.0533739 ], [ 28.9165013, 41.0554291 ], [ 28.9147176, 41.0527725 ], [ 28.9109746, 41.0515837 ], [ 28.9097078, 41.0552017 ], [ 28.9031032, 41.0600168 ], [ 28.900337, 41.0650984 ], [ 28.8939479, 41.0696593 ], [ 28.8804099, 41.0760589 ], [ 28.8743627, 41.0815985 ] ] ] } },
{ "type": "Feature", "properties": { "ilce": "Güngören" }, "geometry": { "type": "Polygon", "coordinates": [ [ [ 28.8590211, 41.0276192 ], [ 28.8599337, 41.0292347 ], [ 28.8630936, 41.029813 ], [ 28.8687162, 41.0292219 ], [ 28.8721722, 41.0272396 ], [ 28.8727421, 41.0286774 ], [ 28.8712227, 41.0384466 ], [ 28.8725399, 41.0384821 ], [ 28.8744317, 41.0367972 ], [ 28.8764859, 41.0318455 ], [ 28.8854573, 41.0339974 ], [ 28.8904785, 41.0298557 ], [ 28.8869303, 41.0249647 ], [ 28.8861744, 41.0226418 ], [ 28.8854227, 41.0226141 ], [ 28.887326, 41.0207747 ], [ 28.8867534, 41.0174142 ], [ 28.8897888, 41.0173966 ], [ 28.8929855, 41.0188504 ], [ 28.8985146, 41.0190267 ], [ 28.9006289, 41.020689 ], [ 28.9006543, 41.0172839 ], [ 28.9025818, 41.0170093 ], [ 28.9022344, 41.0145715 ], [ 28.9008401, 41.0143155 ], [ 28.8991622, 41.0102108 ], [ 28.8975661, 41.0083756 ], [ 28.8982272, 41.0081961 ], [ 28.8914969, 41.0037191 ], [ 28.8857606, 41.0016974 ], [ 28.8815524, 41.0062641 ], [ 28.8802794, 41.0145636 ], [ 28.8809852, 41.0165466 ], [ 28.8794126, 41.0163942 ], [ 28.8746724, 41.0081175 ], [ 28.8705938, 41.0062744 ], [ 28.8601491, 41.0175556 ], [ 28.8630768, 41.0190498 ], [ 28.8621704, 41.020468 ], [ 28.8625572, 41.0213359 ], [ 28.8602641, 41.0240397 ], [ 28.8590211, 41.0276192 ] ] ] } },
{ "type": "Feature", "properties": { "ilce": "Sultangazi" }, "geometry": { "type": "Polygon", "coordinates": [ [ [ 28.8238482, 41.1352322 ], [ 28.8286894, 41.1355944 ], [ 28.8332648, 41.1336412 ], [ 28.8326794, 41.1414896 ], [ 28.8335663, 41.1427334 ], [ 28.8409547, 41.1477413 ], [ 28.8429528, 41.1512366 ], [ 28.8456657, 41.1518293 ], [ 28.8485098, 41.1532325 ], [ 28.848262, 41.1541987 ], [ 28.8534524, 41.1555529 ], [ 28.854652, 41.1568999 ], [ 28.8613912, 41.1598111 ], [ 28.8623071, 41.158681 ], [ 28.8669401, 41.1571531 ], [ 28.8657188, 41.1530022 ], [ 28.8661051, 41.1520167 ], [ 28.8723612, 41.1524051 ], [ 28.8757787, 41.1503433 ], [ 28.8757577, 41.1473687 ], [ 28.8739426, 41.143734 ], [ 28.8748743, 41.1423255 ], [ 28.8778933, 41.1428355 ], [ 28.8799549, 41.1460885 ], [ 28.8812995, 41.1470038 ], [ 28.883079, 41.1469093 ], [ 28.8851157, 41.1451388 ], [ 28.888199, 41.1390438 ], [ 28.8899911, 41.1372791 ], [ 28.8992472, 41.1331901 ], [ 28.901259, 41.1284812 ], [ 28.9065442, 41.1246916 ], [ 28.9046675, 41.1223295 ], [ 28.9016751, 41.1221596 ], [ 28.9016221, 41.1211919 ], [ 28.9070878, 41.1224923 ], [ 28.9078735, 41.1198702 ], [ 28.910427, 41.1176064 ], [ 28.9100381, 41.1154184 ], [ 28.911098, 41.114531 ], [ 28.9184712, 41.1146742 ], [ 28.9216437, 41.1091666 ], [ 28.9206256, 41.1076527 ], [ 28.9216741, 41.1067692 ], [ 28.919561, 41.1040363 ], [ 28.9208525, 41.1031638 ], [ 28.9208656, 41.1020305 ], [ 28.9190626, 41.1017252 ], [ 28.9170104, 41.097254 ], [ 28.9211832, 41.0942843 ], [ 28.9082185, 41.0908839 ], [ 28.8955369, 41.0911748 ], [ 28.8879515, 41.0899661 ], [ 28.8800618, 41.0865375 ], [ 28.8743627, 41.0815985 ], [ 28.870353, 41.0858254 ], [ 28.8631601, 41.0907742 ], [ 28.8501527, 41.1079173 ], [ 28.8501464, 41.1059498 ], [ 28.8476584, 41.1111308 ], [ 28.8450761, 41.1128866 ], [ 28.8457566, 41.1174262 ], [ 28.845005, 41.1192999 ], [ 28.8277787, 41.1305552 ], [ 28.8238482, 41.1352322 ] ] ] } },
{ "type": "Feature", "properties": { "ilce": "Zeytinburnu" }, "geometry": { "type": "Polygon", "coordinates": [ [ [ 28.8899143, 40.9822063 ], [ 28.8909676, 40.9837039 ], [ 28.8916562, 40.9906024 ], [ 28.8942051, 40.9955698 ], [ 28.8920313, 40.9979011 ], [ 28.8918508, 40.9998184 ], [ 28.8959518, 41.0066949 ], [ 28.8982272, 41.0081961 ], [ 28.8975661, 41.0083756 ], [ 28.8991622, 41.0102108 ], [ 28.9008401, 41.0143155 ], [ 28.9022344, 41.0145715 ], [ 28.9025818, 41.0170093 ], [ 28.9006543, 41.0172839 ], [ 28.900845, 41.0198111 ], [ 28.8993789, 41.0236968 ], [ 28.8991171, 41.0276765 ], [ 28.908383, 41.0305589 ], [ 28.9088474, 41.0316602 ], [ 28.9111286, 41.0316748 ], [ 28.911998, 41.0325469 ], [ 28.9153078, 41.0304027 ], [ 28.9205966, 41.0243676 ], [ 28.9217699, 41.0243395 ], [ 28.9240058, 41.0286909 ], [ 28.929299, 41.0245906 ], [ 28.9252078, 41.0208116 ], [ 28.922184, 41.0155277 ], [ 28.9223285, 41.0082642 ], [ 28.9202768, 41.000779 ], [ 28.9214328, 40.9947385 ], [ 28.9226152, 40.9926551 ], [ 28.9204674, 40.9905214 ], [ 28.9199245, 40.987921 ], [ 28.9173961, 40.9878814 ], [ 28.9117847, 40.9857914 ], [ 28.9083973, 40.9813698 ], [ 28.9025029, 40.9791191 ], [ 28.8999304, 40.9789504 ], [ 28.8970522, 40.9799132 ], [ 28.8964513, 40.9790222 ], [ 28.8964191, 40.9800509 ], [ 28.895829, 40.9791194 ], [ 28.8962475, 40.9800995 ], [ 28.8952389, 40.9793138 ], [ 28.8952068, 40.9803262 ], [ 28.8946274, 40.9794515 ], [ 28.895057, 40.9804106 ], [ 28.8944294, 40.9805767 ], [ 28.8932814, 40.9791836 ], [ 28.8941317, 40.9808156 ], [ 28.8929116, 40.9803375 ], [ 28.8931232, 40.9810445 ], [ 28.892128, 40.9812125 ], [ 28.8911893, 40.9809412 ], [ 28.8913262, 40.9803014 ], [ 28.8931152, 40.9801484 ], [ 28.8916437, 40.9797602 ], [ 28.8916917, 40.9778498 ], [ 28.8899143, 40.9822063 ] ] ] } },
{ "type": "Feature", "properties": { "ilce": "Marmaraereğlisi" }, "geometry": { "type": "MultiPolygon", "coordinates": [ [ [ [ 27.8968634, 40.9609227 ], [ 27.896737, 40.9608326 ], [ 27.8967183, 40.9608785 ], [ 27.8968634, 40.9609227 ] ] ], [ [ [ 27.7292835, 41.011533 ], [ 27.7309899, 41.0137794 ], [ 27.731668, 41.016929 ], [ 27.7308655, 41.0199547 ], [ 27.7298409, 41.0205295 ], [ 27.730349, 41.0236148 ], [ 27.7316274, 41.0262102 ], [ 27.734758, 41.0281465 ], [ 27.7346785, 41.0300614 ], [ 27.7364498, 41.0337305 ], [ 27.7364914, 41.0356122 ], [ 27.7385283, 41.0385873 ], [ 27.7379999, 41.0398294 ], [ 27.7390623, 41.0410785 ], [ 27.7389657, 41.0423409 ], [ 27.742989, 41.0453915 ], [ 27.7463364, 41.0466376 ], [ 27.7512717, 41.0534826 ], [ 27.7548551, 41.0548256 ], [ 27.7561211, 41.0570747 ], [ 27.7565687, 41.0599628 ], [ 27.7558207, 41.0607152 ], [ 27.7575159, 41.0621066 ], [ 27.7578378, 41.0640157 ], [ 27.7611851, 41.0657144 ], [ 27.7636796, 41.0687565 ], [ 27.7648915, 41.0736251 ], [ 27.7674508, 41.0727839 ], [ 27.7756691, 41.0735118 ], [ 27.778126, 41.070882 ], [ 27.7716964, 41.0637154 ], [ 27.7815807, 41.0591619 ], [ 27.7832346, 41.0565863 ], [ 27.7860439, 41.0582599 ], [ 27.7849281, 41.060788 ], [ 27.7874708, 41.0621875 ], [ 27.7897346, 41.0616697 ], [ 27.7913761, 41.0630207 ], [ 27.7928996, 41.0628346 ], [ 27.7928889, 41.0636597 ], [ 27.7959466, 41.0656416 ], [ 27.7971375, 41.0675425 ], [ 27.7995385, 41.0669813 ], [ 27.8148293, 41.0719265 ], [ 27.8229177, 41.0713521 ], [ 27.8289527, 41.0732145 ], [ 27.8332883, 41.075732 ], [ 27.8426915, 41.0868943 ], [ 27.8456392, 41.0856981 ], [ 27.8421892, 41.0769314 ], [ 27.8425647, 41.0732531 ], [ 27.8517274, 41.069541 ], [ 27.8649443, 41.058783 ], [ 27.8706944, 41.057463 ], [ 27.8754043, 41.0581102 ], [ 27.8776681, 41.0573012 ], [ 27.8799319, 41.054502 ], [ 27.8787517, 41.0525279 ], [ 27.8794491, 41.0481102 ], [ 27.8843491, 41.0458008 ], [ 27.8868778, 41.0403673 ], [ 27.894929, 41.0372686 ], [ 27.9118838, 41.0354687 ], [ 27.9143121, 41.0378565 ], [ 27.9138521, 41.0388732 ], [ 27.8929134, 41.0404862 ], [ 27.8928709, 41.0426079 ], [ 27.8960037, 41.0445338 ], [ 27.8950596, 41.0468641 ], [ 27.8987074, 41.0501168 ], [ 27.8992438, 41.0515084 ], [ 27.8983426, 41.0524632 ], [ 27.8992867, 41.0538062 ], [ 27.9016685, 41.0548903 ], [ 27.9038381, 41.0583335 ], [ 27.9031371, 41.0596911 ], [ 27.9053593, 41.0601165 ], [ 27.9042542, 41.0610064 ], [ 27.9052384, 41.0625968 ], [ 27.9028522, 41.0658272 ], [ 27.9031219, 41.0676223 ], [ 27.9007382, 41.0672626 ], [ 27.9015261, 41.0682963 ], [ 27.8979453, 41.0685966 ], [ 27.8962178, 41.0719127 ], [ 27.8971195, 41.0724603 ], [ 27.8884796, 41.0818418 ], [ 27.886908, 41.085661 ], [ 27.8768185, 41.0918421 ], [ 27.8720033, 41.0965104 ], [ 27.8700507, 41.097141 ], [ 27.8676796, 41.0998576 ], [ 27.8631608, 41.102657 ], [ 27.8649847, 41.1092368 ], [ 27.8675616, 41.1142309 ], [ 27.8716385, 41.118927 ], [ 27.877593, 41.1158637 ], [ 27.8795957, 41.1140214 ], [ 27.8866374, 41.1122425 ], [ 27.8915083, 41.1097527 ], [ 27.9014081, 41.1014415 ], [ 27.9062712, 41.0994614 ], [ 27.9097152, 41.0961465 ], [ 27.9117731, 41.0955902 ], [ 27.9125566, 41.0883565 ], [ 27.9143247, 41.0873384 ], [ 27.9148481, 41.0852046 ], [ 27.9165775, 41.0853045 ], [ 27.9188561, 41.0838153 ], [ 27.9191351, 41.0824 ], [ 27.92616, 41.0744736 ], [ 27.9286945, 41.0700985 ], [ 27.9288662, 41.0675021 ], [ 27.9414157, 41.0636714 ], [ 27.9460537, 41.0659732 ], [ 27.9484068, 41.0656065 ], [ 27.9489738, 41.0633226 ], [ 27.9572378, 41.0647453 ], [ 27.9568754, 41.0656191 ], [ 27.9617715, 41.0665476 ], [ 27.9655701, 41.065576 ], [ 27.9735088, 41.0665476 ], [ 27.9757529, 41.0661404 ], [ 27.9753475, 41.0656144 ], [ 27.9775137, 41.0624535 ], [ 27.9772923, 41.0609139 ], [ 27.9787849, 41.0575998 ], [ 27.9773923, 41.0516837 ], [ 27.9781295, 41.049336 ], [ 27.9765272, 41.048056 ], [ 27.9739172, 41.043426 ], [ 27.9741871, 41.0420719 ], [ 27.9768929, 41.0420891 ], [ 27.9765689, 41.0438713 ], [ 27.9803968, 41.0436561 ], [ 27.9806113, 41.0411918 ], [ 27.9816959, 41.0401358 ], [ 27.9859367, 41.0440022 ], [ 27.9907823, 41.0432148 ], [ 27.9943246, 41.0411451 ], [ 27.9953149, 41.0381139 ], [ 27.9961626, 41.039105 ], [ 28.0053767, 41.0401005 ], [ 28.0064131, 41.0369205 ], [ 28.0057943, 41.0334206 ], [ 28.0075828, 41.0320583 ], [ 28.0132167, 41.0353853 ], [ 28.0134334, 41.0342521 ], [ 28.0027689, 41.0276626 ], [ 27.9961429, 41.0214739 ], [ 27.9938327, 41.0209682 ], [ 27.9914273, 41.0191444 ], [ 27.9873548, 41.0138412 ], [ 27.9840851, 41.0077897 ], [ 27.982749, 41.0032242 ], [ 27.9832337, 40.998904 ], [ 27.984085, 40.9986786 ], [ 27.9833172, 40.9976754 ], [ 27.983354, 40.992948 ], [ 27.9847409, 40.9926489 ], [ 27.9830775, 40.9920989 ], [ 27.9829909, 40.990895 ], [ 27.9785991, 40.9843912 ], [ 27.9790985, 40.9834884 ], [ 27.978158, 40.9823314 ], [ 27.9788938, 40.9835173 ], [ 27.9784021, 40.9843483 ], [ 27.9763903, 40.9824936 ], [ 27.9713431, 40.98193 ], [ 27.967122, 40.983457 ], [ 27.962335, 40.980417 ], [ 27.9600707, 40.9804209 ], [ 27.9583261, 40.9789957 ], [ 27.9615068, 40.9779887 ], [ 27.9585716, 40.9783146 ], [ 27.9571996, 40.977525 ], [ 27.9563634, 40.9745028 ], [ 27.9573454, 40.97396 ], [ 27.9560772, 40.9724711 ], [ 27.9570393, 40.9706106 ], [ 27.9599365, 40.9695072 ], [ 27.9595345, 40.9707952 ], [ 27.9605949, 40.9707691 ], [ 27.9604336, 40.9692202 ], [ 27.9614984, 40.9688224 ], [ 27.966611, 40.9706242 ], [ 27.9677137, 40.9698108 ], [ 27.9666888, 40.9679958 ], [ 27.9633724, 40.9658102 ], [ 27.9552915, 40.9640733 ], [ 27.950258, 40.965113 ], [ 27.94484, 40.965157 ], [ 27.944146, 40.964008 ], [ 27.943144, 40.965043 ], [ 27.9362429, 40.9645167 ], [ 27.9358292, 40.9639399 ], [ 27.9367331, 40.9619307 ], [ 27.9350942, 40.9641201 ], [ 27.9326988, 40.9641256 ], [ 27.9326006, 40.9629003 ], [ 27.9306104, 40.961514 ], [ 27.9323421, 40.9630094 ], [ 27.9324706, 40.9649943 ], [ 27.9310924, 40.9653414 ], [ 27.92998, 40.968231 ], [ 27.923573, 40.970208 ], [ 27.903231, 40.968828 ], [ 27.895134, 40.9661291 ], [ 27.889293, 40.965086 ], [ 27.8820599, 40.9664634 ], [ 27.8778487, 40.9659904 ], [ 27.8775007, 40.9669036 ], [ 27.873507, 40.9683358 ], [ 27.8718191, 40.968119 ], [ 27.864641, 40.9699453 ], [ 27.8622918, 40.9743205 ], [ 27.8579849, 40.9769809 ], [ 27.8585852, 40.9778809 ], [ 27.8581937, 40.9797464 ], [ 27.855714, 40.9827941 ], [ 27.8521853, 40.9860098 ], [ 27.8443471, 40.9906329 ], [ 27.8239082, 40.9976068 ], [ 27.8086606, 41.0001004 ], [ 27.8022633, 41.0018871 ], [ 27.7988233, 41.0040844 ], [ 27.7775508, 41.0108534 ], [ 27.7661955, 41.0127246 ], [ 27.7642329, 41.0125255 ], [ 27.76412, 41.0102395 ], [ 27.7634867, 41.010244 ], [ 27.7639235, 41.0120723 ], [ 27.7622218, 41.012038 ], [ 27.7612317, 41.0114754 ], [ 27.7612543, 41.0105269 ], [ 27.7629154, 41.0103063 ], [ 27.7627389, 41.0051737 ], [ 27.7626677, 41.0102526 ], [ 27.761058, 41.010331 ], [ 27.7609591, 41.0133194 ], [ 27.7541321, 41.0138981 ], [ 27.7366808, 41.0127936 ], [ 27.7292835, 41.011533 ] ] ] ] } },
{ "type": "Feature", "properties": { "ilce": "Marmaraereğlisi" }, "geometry": { "type": "MultiPolygon", "coordinates": [ [ [ [ 27.8968634, 40.9609227 ], [ 27.896737, 40.9608326 ], [ 27.8967183, 40.9608785 ], [ 27.8968634, 40.9609227 ] ] ], [ [ [ 27.7292835, 41.011533 ], [ 27.7309899, 41.0137794 ], [ 27.731668, 41.016929 ], [ 27.7308655, 41.0199547 ], [ 27.7298409, 41.0205295 ], [ 27.730349, 41.0236148 ], [ 27.7316274, 41.0262102 ], [ 27.734758, 41.0281465 ], [ 27.7346785, 41.0300614 ], [ 27.7364498, 41.0337305 ], [ 27.7364914, 41.0356122 ], [ 27.7385283, 41.0385873 ], [ 27.7379999, 41.0398294 ], [ 27.7390623, 41.0410785 ], [ 27.7389657, 41.0423409 ], [ 27.742989, 41.0453915 ], [ 27.7463364, 41.0466376 ], [ 27.7512717, 41.0534826 ], [ 27.7548551, 41.0548256 ], [ 27.7561211, 41.0570747 ], [ 27.7565687, 41.0599628 ], [ 27.7558207, 41.0607152 ], [ 27.7575159, 41.0621066 ], [ 27.7578378, 41.0640157 ], [ 27.7611851, 41.0657144 ], [ 27.7636796, 41.0687565 ], [ 27.7648915, 41.0736251 ], [ 27.7674508, 41.0727839 ], [ 27.7756691, 41.0735118 ], [ 27.778126, 41.070882 ], [ 27.7716964, 41.0637154 ], [ 27.7815807, 41.0591619 ], [ 27.7832346, 41.0565863 ], [ 27.7860439, 41.0582599 ], [ 27.7849281, 41.060788 ], [ 27.7874708, 41.0621875 ], [ 27.7897346, 41.0616697 ], [ 27.7913761, 41.0630207 ], [ 27.7928996, 41.0628346 ], [ 27.7928889, 41.0636597 ], [ 27.7959466, 41.0656416 ], [ 27.7971375, 41.0675425 ], [ 27.7995385, 41.0669813 ], [ 27.8148293, 41.0719265 ], [ 27.8229177, 41.0713521 ], [ 27.8289527, 41.0732145 ], [ 27.8332883, 41.075732 ], [ 27.8426915, 41.0868943 ], [ 27.8456392, 41.0856981 ], [ 27.8421892, 41.0769314 ], [ 27.8425647, 41.0732531 ], [ 27.8517274, 41.069541 ], [ 27.8649443, 41.058783 ], [ 27.8706944, 41.057463 ], [ 27.8754043, 41.0581102 ], [ 27.8776681, 41.0573012 ], [ 27.8799319, 41.054502 ], [ 27.8787517, 41.0525279 ], [ 27.8794491, 41.0481102 ], [ 27.8843491, 41.0458008 ], [ 27.8868778, 41.0403673 ], [ 27.894929, 41.0372686 ], [ 27.9118838, 41.0354687 ], [ 27.9143121, 41.0378565 ], [ 27.9138521, 41.0388732 ], [ 27.8929134, 41.0404862 ], [ 27.8928709, 41.0426079 ], [ 27.8960037, 41.0445338 ], [ 27.8950596, 41.0468641 ], [ 27.8987074, 41.0501168 ], [ 27.8992438, 41.0515084 ], [ 27.8983426, 41.0524632 ], [ 27.8992867, 41.0538062 ], [ 27.9016685, 41.0548903 ], [ 27.9038381, 41.0583335 ], [ 27.9031371, 41.0596911 ], [ 27.9053593, 41.0601165 ], [ 27.9042542, 41.0610064 ], [ 27.9052384, 41.0625968 ], [ 27.9028522, 41.0658272 ], [ 27.9031219, 41.0676223 ], [ 27.9007382, 41.0672626 ], [ 27.9015261, 41.0682963 ], [ 27.8979453, 41.0685966 ], [ 27.8962178, 41.0719127 ], [ 27.8971195, 41.0724603 ], [ 27.8884796, 41.0818418 ], [ 27.886908, 41.085661 ], [ 27.8768185, 41.0918421 ], [ 27.8720033, 41.0965104 ], [ 27.8700507, 41.097141 ], [ 27.8676796, 41.0998576 ], [ 27.8631608, 41.102657 ], [ 27.8649847, 41.1092368 ], [ 27.8675616, 41.1142309 ], [ 27.8716385, 41.118927 ], [ 27.877593, 41.1158637 ], [ 27.8795957, 41.1140214 ], [ 27.8866374, 41.1122425 ], [ 27.8915083, 41.1097527 ], [ 27.9014081, 41.1014415 ], [ 27.9062712, 41.0994614 ], [ 27.9097152, 41.0961465 ], [ 27.9117731, 41.0955902 ], [ 27.9125566, 41.0883565 ], [ 27.9143247, 41.0873384 ], [ 27.9148481, 41.0852046 ], [ 27.9165775, 41.0853045 ], [ 27.9188561, 41.0838153 ], [ 27.9191351, 41.0824 ], [ 27.92616, 41.0744736 ], [ 27.9286945, 41.0700985 ], [ 27.9288662, 41.0675021 ], [ 27.9414157, 41.0636714 ], [ 27.9460537, 41.0659732 ], [ 27.9484068, 41.0656065 ], [ 27.9489738, 41.0633226 ], [ 27.9572378, 41.0647453 ], [ 27.9568754, 41.0656191 ], [ 27.9617715, 41.0665476 ], [ 27.9655701, 41.065576 ], [ 27.9735088, 41.0665476 ], [ 27.9757529, 41.0661404 ], [ 27.9753475, 41.0656144 ], [ 27.9775137, 41.0624535 ], [ 27.9772923, 41.0609139 ], [ 27.9787849, 41.0575998 ], [ 27.9773923, 41.0516837 ], [ 27.9781295, 41.049336 ], [ 27.9765272, 41.048056 ], [ 27.9739172, 41.043426 ], [ 27.9741871, 41.0420719 ], [ 27.9768929, 41.0420891 ], [ 27.9765689, 41.0438713 ], [ 27.9803968, 41.0436561 ], [ 27.9806113, 41.0411918 ], [ 27.9816959, 41.0401358 ], [ 27.9859367, 41.0440022 ], [ 27.9907823, 41.0432148 ], [ 27.9943246, 41.0411451 ], [ 27.9953149, 41.0381139 ], [ 27.9961626, 41.039105 ], [ 28.0053767, 41.0401005 ], [ 28.0064131, 41.0369205 ], [ 28.0057943, 41.0334206 ], [ 28.0075828, 41.0320583 ], [ 28.0132167, 41.0353853 ], [ 28.0134334, 41.0342521 ], [ 28.0027689, 41.0276626 ], [ 27.9961429, 41.0214739 ], [ 27.9938327, 41.0209682 ], [ 27.9914273, 41.0191444 ], [ 27.9873548, 41.0138412 ], [ 27.9840851, 41.0077897 ], [ 27.982749, 41.0032242 ], [ 27.9832337, 40.998904 ], [ 27.984085, 40.9986786 ], [ 27.9833172, 40.9976754 ], [ 27.983354, 40.992948 ], [ 27.9847409, 40.9926489 ], [ 27.9830775, 40.9920989 ], [ 27.9829909, 40.990895 ], [ 27.9785991, 40.9843912 ], [ 27.9790985, 40.9834884 ], [ 27.978158, 40.9823314 ], [ 27.9788938, 40.9835173 ], [ 27.9784021, 40.9843483 ], [ 27.9763903, 40.9824936 ], [ 27.9713431, 40.98193 ], [ 27.967122, 40.983457 ], [ 27.962335, 40.980417 ], [ 27.9600707, 40.9804209 ], [ 27.9583261, 40.9789957 ], [ 27.9615068, 40.9779887 ], [ 27.9585716, 40.9783146 ], [ 27.9571996, 40.977525 ], [ 27.9563634, 40.9745028 ], [ 27.9573454, 40.97396 ], [ 27.9560772, 40.9724711 ], [ 27.9570393, 40.9706106 ], [ 27.9599365, 40.9695072 ], [ 27.9595345, 40.9707952 ], [ 27.9605949, 40.9707691 ], [ 27.9604336, 40.9692202 ], [ 27.9614984, 40.9688224 ], [ 27.966611, 40.9706242 ], [ 27.9677137, 40.9698108 ], [ 27.9666888, 40.9679958 ], [ 27.9633724, 40.9658102 ], [ 27.9552915, 40.9640733 ], [ 27.950258, 40.965113 ], [ 27.94484, 40.965157 ], [ 27.944146, 40.964008 ], [ 27.943144, 40.965043 ], [ 27.9362429, 40.9645167 ], [ 27.9358292, 40.9639399 ], [ 27.9367331, 40.9619307 ], [ 27.9350942, 40.9641201 ], [ 27.9326988, 40.9641256 ], [ 27.9326006, 40.9629003 ], [ 27.9306104, 40.961514 ], [ 27.9323421, 40.9630094 ], [ 27.9324706, 40.9649943 ], [ 27.9310924, 40.9653414 ], [ 27.92998, 40.968231 ], [ 27.923573, 40.970208 ], [ 27.903231, 40.968828 ], [ 27.895134, 40.9661291 ], [ 27.889293, 40.965086 ], [ 27.8820599, 40.9664634 ], [ 27.8778487, 40.9659904 ], [ 27.8775007, 40.9669036 ], [ 27.873507, 40.9683358 ], [ 27.8718191, 40.968119 ], [ 27.864641, 40.9699453 ], [ 27.8622918, 40.9743205 ], [ 27.8579849, 40.9769809 ], [ 27.8585852, 40.9778809 ], [ 27.8581937, 40.9797464 ], [ 27.855714, 40.9827941 ], [ 27.8521853, 40.9860098 ], [ 27.8443471, 40.9906329 ], [ 27.8239082, 40.9976068 ], [ 27.8086606, 41.0001004 ], [ 27.8022633, 41.0018871 ], [ 27.7988233, 41.0040844 ], [ 27.7775508, 41.0108534 ], [ 27.7661955, 41.0127246 ], [ 27.7642329, 41.0125255 ], [ 27.76412, 41.0102395 ], [ 27.7634867, 41.010244 ], [ 27.7639235, 41.0120723 ], [ 27.7622218, 41.012038 ], [ 27.7612317, 41.0114754 ], [ 27.7612543, 41.0105269 ], [ 27.7629154, 41.0103063 ], [ 27.7627389, 41.0051737 ], [ 27.7626677, 41.0102526 ], [ 27.761058, 41.010331 ], [ 27.7609591, 41.0133194 ], [ 27.7541321, 41.0138981 ], [ 27.7366808, 41.0127936 ], [ 27.7292835, 41.011533 ] ] ] ] } },
{ "type": "Feature", "properties": { "ilce": "Saray" }, "geometry": { "type": "Polygon", "coordinates": [ [ [ 27.6152594, 41.4251494 ], [ 27.6195381, 41.4331557 ], [ 27.6244236, 41.4313049 ], [ 27.6231694, 41.4296479 ], [ 27.6261949, 41.429117 ], [ 27.6293707, 41.4272186 ], [ 27.6324177, 41.4314176 ], [ 27.6362371, 41.4286826 ], [ 27.6379967, 41.4306132 ], [ 27.642889, 41.4287952 ], [ 27.6428074, 41.4277548 ], [ 27.6468755, 41.4267725 ], [ 27.6478457, 41.4270738 ], [ 27.648232, 41.4289561 ], [ 27.6519549, 41.4272749 ], [ 27.6526522, 41.4297284 ], [ 27.6540041, 41.430565 ], [ 27.6546049, 41.4331873 ], [ 27.6559138, 41.4338147 ], [ 27.6549268, 41.4350695 ], [ 27.6594543, 41.4425173 ], [ 27.6641858, 41.4483157 ], [ 27.6682627, 41.451661 ], [ 27.6711058, 41.4568797 ], [ 27.6821136, 41.4528029 ], [ 27.6838624, 41.4534703 ], [ 27.6916623, 41.453406 ], [ 27.6915192, 41.4544541 ], [ 27.6926815, 41.4550062 ], [ 27.6951384, 41.4539447 ], [ 27.6996767, 41.4565018 ], [ 27.7011788, 41.4580617 ], [ 27.7003255, 41.4584931 ], [ 27.7007925, 41.4588416 ], [ 27.701962, 41.4584637 ], [ 27.7024448, 41.4599512 ], [ 27.7063501, 41.4637863 ], [ 27.707541, 41.4633602 ], [ 27.7087533, 41.4643572 ], [ 27.7110439, 41.4634929 ], [ 27.711299, 41.4640248 ], [ 27.7150297, 41.4635049 ], [ 27.7154911, 41.4643893 ], [ 27.7186024, 41.4633763 ], [ 27.7178728, 41.4626768 ], [ 27.7211315, 41.4608484 ], [ 27.7264666, 41.4636336 ], [ 27.7360368, 41.4620015 ], [ 27.7415299, 41.4597622 ], [ 27.748948, 41.4607208 ], [ 27.748214, 41.4596859 ], [ 27.7488041, 41.4590024 ], [ 27.7506494, 41.46291 ], [ 27.7529025, 41.4636818 ], [ 27.7568936, 41.4624035 ], [ 27.764039, 41.4628135 ], [ 27.7653399, 41.4652848 ], [ 27.7662492, 41.4650968 ], [ 27.7670852, 41.4661423 ], [ 27.7684271, 41.4707727 ], [ 27.7701759, 41.4705636 ], [ 27.7788556, 41.4808689 ], [ 27.7767849, 41.481745 ], [ 27.77789, 41.4845662 ], [ 27.7798211, 41.4843251 ], [ 27.7803469, 41.4888901 ], [ 27.7964938, 41.4899912 ], [ 27.8019547, 41.4924584 ], [ 27.8109777, 41.4991523 ], [ 27.818402, 41.5030896 ], [ 27.8222966, 41.5073239 ], [ 27.8320706, 41.5133094 ], [ 27.8393125, 41.504568 ], [ 27.8409446, 41.5013161 ], [ 27.8426016, 41.5010139 ], [ 27.8494298, 41.5040779 ], [ 27.8548157, 41.5015951 ], [ 27.8555238, 41.4987907 ], [ 27.8567442, 41.4977161 ], [ 27.8547084, 41.494371 ], [ 27.855851, 41.4923097 ], [ 27.8541613, 41.4887294 ], [ 27.8559852, 41.4876484 ], [ 27.8557107, 41.4861786 ], [ 27.8609472, 41.4855387 ], [ 27.8620952, 41.4862821 ], [ 27.8619162, 41.4851222 ], [ 27.8653471, 41.4837848 ], [ 27.8662634, 41.4848113 ], [ 27.8659469, 41.4855909 ], [ 27.8713113, 41.4838147 ], [ 27.870689, 41.4826774 ], [ 27.873441, 41.4818897 ], [ 27.8738701, 41.4847028 ], [ 27.8766167, 41.4825247 ], [ 27.8772364, 41.4830935 ], [ 27.8788054, 41.4823077 ], [ 27.8768742, 41.4849359 ], [ 27.8789663, 41.4847993 ], [ 27.880404, 41.4868407 ], [ 27.8838485, 41.4846975 ], [ 27.882641, 41.4832601 ], [ 27.8835797, 41.4824805 ], [ 27.8864926, 41.4837022 ], [ 27.8997925, 41.491814 ], [ 27.9026878, 41.498638 ], [ 27.9050725, 41.4978165 ], [ 27.9060244, 41.495938 ], [ 27.909506, 41.4979992 ], [ 27.9110348, 41.497959 ], [ 27.9118717, 41.5018924 ], [ 27.9139852, 41.5046966 ], [ 27.913835, 41.5062393 ], [ 27.9158735, 41.5081274 ], [ 27.9172468, 41.5128916 ], [ 27.9219675, 41.5179768 ], [ 27.9291344, 41.5235516 ], [ 27.9335838, 41.5296546 ], [ 27.9362154, 41.5355912 ], [ 27.9361939, 41.5367798 ], [ 27.9351318, 41.5377033 ], [ 27.9486823, 41.5491622 ], [ 27.9476204, 41.5499713 ], [ 27.9483819, 41.5527994 ], [ 27.9519975, 41.558026 ], [ 27.9539823, 41.5657486 ], [ 27.9566538, 41.5689033 ], [ 27.9567611, 41.5702437 ], [ 27.9550767, 41.5720417 ], [ 27.9542398, 41.5774754 ], [ 27.9558921, 41.5795059 ], [ 27.9575336, 41.5799232 ], [ 27.959218, 41.5833741 ], [ 27.9624367, 41.5840402 ], [ 27.9656231, 41.5861748 ], [ 27.9650366, 41.5889437 ], [ 27.9626995, 41.5913185 ], [ 27.9628926, 41.5928791 ], [ 27.966283, 41.5934167 ], [ 27.9654085, 41.5918801 ], [ 27.9667014, 41.589533 ], [ 27.9759979, 41.5926584 ], [ 27.9793023, 41.5925341 ], [ 27.9821348, 41.5904679 ], [ 27.9884148, 41.5890524 ], [ 27.9868448, 41.587234 ], [ 27.9879659, 41.5823589 ], [ 27.987188, 41.5820179 ], [ 27.986834, 41.5796544 ], [ 27.9888028, 41.5732095 ], [ 27.9917639, 41.5732858 ], [ 27.9950845, 41.5697943 ], [ 27.998271, 41.5687106 ], [ 27.9989791, 41.5649379 ], [ 28.0008244, 41.5628026 ], [ 28.0063176, 41.5614379 ], [ 28.0062532, 41.5605387 ], [ 28.0093466, 41.5593806 ], [ 28.0097395, 41.561176 ], [ 28.0144286, 41.5615503 ], [ 28.0149221, 41.5626902 ], [ 28.0142355, 41.5641351 ], [ 28.0121326, 41.5646489 ], [ 28.0121434, 41.5672016 ], [ 28.0130875, 41.5680524 ], [ 28.0112851, 41.5696096 ], [ 28.0138037, 41.5721676 ], [ 28.0132377, 41.5735346 ], [ 28.0154524, 41.5761828 ], [ 28.0153191, 41.5778045 ], [ 28.0124545, 41.578583 ], [ 28.013742, 41.5835747 ], [ 28.0110168, 41.5847544 ], [ 28.0151566, 41.5884383 ], [ 28.0192244, 41.5887266 ], [ 28.0197796, 41.5914693 ], [ 28.0226332, 41.5918802 ], [ 28.024224, 41.5936373 ], [ 28.0270596, 41.5933851 ], [ 28.0266971, 41.5952411 ], [ 28.0276288, 41.5958297 ], [ 28.0328637, 41.5943601 ], [ 28.0359828, 41.5950575 ], [ 28.0358628, 41.5938469 ], [ 28.0376243, 41.5949934 ], [ 28.0382631, 41.5956373 ], [ 28.0379999, 41.5972881 ], [ 28.0356548, 41.5991787 ], [ 28.039831, 41.6027689 ], [ 28.0433225, 41.6032197 ], [ 28.043611, 41.6040033 ], [ 28.042278, 41.6079673 ], [ 28.0410269, 41.6093553 ], [ 28.0460761, 41.6093358 ], [ 28.046422, 41.6116402 ], [ 28.0501127, 41.6133408 ], [ 28.0477953, 41.6148006 ], [ 28.0491686, 41.6163247 ], [ 28.0521726, 41.6159396 ], [ 28.0541682, 41.614576 ], [ 28.0550909, 41.6105573 ], [ 28.0565393, 41.6101642 ], [ 28.0572903, 41.6055676 ], [ 28.0585778, 41.6050462 ], [ 28.0594414, 41.6032451 ], [ 28.0601817, 41.6039134 ], [ 28.0597687, 41.6009546 ], [ 28.0607686, 41.5987651 ], [ 28.0674505, 41.5952742 ], [ 28.0695963, 41.5900747 ], [ 28.0688882, 41.5883735 ], [ 28.0671501, 41.5869933 ], [ 28.0698537, 41.5866884 ], [ 28.070755, 41.5844896 ], [ 28.0785012, 41.5840883 ], [ 28.0795526, 41.5825636 ], [ 28.0819559, 41.5831093 ], [ 28.0908394, 41.580782 ], [ 28.0937362, 41.5821784 ], [ 28.0955386, 41.5821463 ], [ 28.0962252, 41.583334 ], [ 28.098312, 41.5834527 ], [ 28.097856, 41.585918 ], [ 28.1028986, 41.5884859 ], [ 28.1020832, 41.5902191 ], [ 28.1024909, 41.5910697 ], [ 28.1060743, 41.5942472 ], [ 28.1078338, 41.5940706 ], [ 28.1099367, 41.5911339 ], [ 28.1116962, 41.5917919 ], [ 28.1118035, 41.5946002 ], [ 28.1137562, 41.593862 ], [ 28.1182194, 41.5952581 ], [ 28.1203222, 41.5944237 ], [ 28.1203222, 41.5959803 ], [ 28.1214165, 41.5965098 ], [ 28.1239271, 41.5948409 ], [ 28.126266, 41.59659 ], [ 28.1261947, 41.5934732 ], [ 28.1299996, 41.592161 ], [ 28.1308579, 41.5924177 ], [ 28.1307936, 41.593188 ], [ 28.1290984, 41.5948088 ], [ 28.1327033, 41.5968949 ], [ 28.1327677, 41.5954186 ], [ 28.134795, 41.5935225 ], [ 28.1410109, 41.5908111 ], [ 28.143825, 41.5907192 ], [ 28.143872, 41.5887868 ], [ 28.1472484, 41.5841202 ], [ 28.1533349, 41.5800788 ], [ 28.155456, 41.57987 ], [ 28.1545257, 41.5793053 ], [ 28.1521654, 41.5797868 ], [ 28.1463718, 41.5832858 ], [ 28.1417584, 41.5820018 ], [ 28.1397462, 41.5822387 ], [ 28.1368983, 41.5805733 ], [ 28.1363618, 41.5784465 ], [ 28.1336247, 41.5772632 ], [ 28.1327677, 41.5758301 ], [ 28.1334677, 41.5749333 ], [ 28.1305253, 41.5739038 ], [ 28.1307185, 41.5728765 ], [ 28.1283367, 41.5731574 ], [ 28.1287336, 41.5719775 ], [ 28.1255901, 41.5681086 ], [ 28.1242481, 41.5681813 ], [ 28.1231071, 41.5670807 ], [ 28.1241366, 41.5663536 ], [ 28.12294, 41.5644562 ], [ 28.1179902, 41.5625885 ], [ 28.1189925, 41.560325 ], [ 28.1223849, 41.5607585 ], [ 28.1233907, 41.5601454 ], [ 28.1237603, 41.5570432 ], [ 28.124876, 41.5556822 ], [ 28.1247411, 41.5540716 ], [ 28.1236625, 41.5535608 ], [ 28.1246567, 41.5523899 ], [ 28.1209016, 41.5519884 ], [ 28.1188631, 41.5496921 ], [ 28.1197858, 41.54856 ], [ 28.1215874, 41.5488333 ], [ 28.120687, 41.5476446 ], [ 28.1224251, 41.5471709 ], [ 28.1213844, 41.5456131 ], [ 28.1217277, 41.54477 ], [ 28.1206012, 41.5441678 ], [ 28.1213426, 41.5428488 ], [ 28.1187166, 41.5416818 ], [ 28.1165007, 41.5425226 ], [ 28.1159019, 41.5417587 ], [ 28.1168461, 41.5411324 ], [ 28.1165671, 41.5398957 ], [ 28.117876, 41.539719 ], [ 28.121438, 41.5369886 ], [ 28.1202793, 41.5352459 ], [ 28.1211376, 41.5347801 ], [ 28.1202432, 41.5337083 ], [ 28.1207943, 41.5315033 ], [ 28.1198002, 41.5294475 ], [ 28.1095835, 41.520317 ], [ 28.105613, 41.5181054 ], [ 28.1046152, 41.5157436 ], [ 28.1028919, 41.5155354 ], [ 28.1022967, 41.5167105 ], [ 28.0973759, 41.5151332 ], [ 28.0956582, 41.5120456 ], [ 28.0924272, 41.5092361 ], [ 28.0789104, 41.5089587 ], [ 28.0761886, 41.5076325 ], [ 28.0754757, 41.5065848 ], [ 28.0772996, 41.5049618 ], [ 28.0776214, 41.5033226 ], [ 28.0752611, 41.5017638 ], [ 28.0739472, 41.4983823 ], [ 28.0709481, 41.4947567 ], [ 28.0711841, 41.4934067 ], [ 28.0786008, 41.4931414 ], [ 28.0813229, 41.49106 ], [ 28.0853471, 41.4900769 ], [ 28.0894875, 41.4854985 ], [ 28.0903995, 41.4830471 ], [ 28.093586, 41.4800571 ], [ 28.0967188, 41.4782566 ], [ 28.0987143, 41.4781199 ], [ 28.0996426, 41.4764944 ], [ 28.1027643, 41.4752341 ], [ 28.1049293, 41.4756726 ], [ 28.1049049, 41.4740766 ], [ 28.1063318, 41.4733933 ], [ 28.1064498, 41.4692291 ], [ 28.1116855, 41.4654104 ], [ 28.1127262, 41.4596296 ], [ 28.1118889, 41.4541597 ], [ 28.112391, 41.4491531 ], [ 28.1136382, 41.447608 ], [ 28.1137776, 41.4388739 ], [ 28.1110816, 41.4319092 ], [ 28.1112403, 41.4265362 ], [ 28.1161602, 41.4176233 ], [ 28.1205261, 41.4133484 ], [ 28.1217715, 41.4096812 ], [ 28.1182394, 41.4079681 ], [ 28.1133068, 41.4070568 ], [ 28.1101298, 41.4039901 ], [ 28.1017631, 41.4041086 ], [ 28.0989144, 41.394076 ], [ 28.0943262, 41.394067 ], [ 28.0899596, 41.3960469 ], [ 28.0835759, 41.3957974 ], [ 28.0813014, 41.3978416 ], [ 28.08025, 41.3969724 ], [ 28.0778253, 41.397399 ], [ 28.0742204, 41.3999019 ], [ 28.0713343, 41.4041591 ], [ 28.0704331, 41.4046097 ], [ 28.0681371, 41.4039498 ], [ 28.0673647, 41.4047546 ], [ 28.0666566, 41.4044166 ], [ 28.067193, 41.4037889 ], [ 28.0650473, 41.4026703 ], [ 28.0628049, 41.4026381 ], [ 28.0626655, 41.4015195 ], [ 28.0609596, 41.4016804 ], [ 28.0595648, 41.4028795 ], [ 28.056196, 41.4007469 ], [ 28.0526447, 41.4008193 ], [ 28.0525803, 41.3990086 ], [ 28.0511212, 41.3986384 ], [ 28.0516278, 41.3973196 ], [ 28.0492437, 41.3951455 ], [ 28.0502522, 41.3943728 ], [ 28.0492544, 41.3931494 ], [ 28.0431712, 41.3907348 ], [ 28.034844, 41.3795223 ], [ 28.0256295, 41.3833937 ], [ 28.0193853, 41.38151 ], [ 28.011961, 41.3822506 ], [ 28.0033564, 41.3784831 ], [ 28.0003953, 41.3785797 ], [ 27.9987645, 41.3800127 ], [ 27.9945159, 41.3783221 ], [ 27.9801607, 41.3777103 ], [ 27.977221, 41.376245 ], [ 27.9781008, 41.3745141 ], [ 27.9771244, 41.3742243 ], [ 27.9776931, 41.3725657 ], [ 27.9759335, 41.3738459 ], [ 27.971524, 41.3745463 ], [ 27.9684019, 41.3728556 ], [ 27.9665029, 41.3703919 ], [ 27.9675436, 41.3697397 ], [ 27.967962, 41.3654964 ], [ 27.9652476, 41.3656977 ], [ 27.9632413, 41.3647395 ], [ 27.9651403, 41.3632337 ], [ 27.9617125, 41.3633907 ], [ 27.9612028, 41.360822 ], [ 27.9577535, 41.356868 ], [ 27.9589069, 41.3517903 ], [ 27.9575229, 41.3512184 ], [ 27.9646468, 41.3413437 ], [ 27.9520941, 41.3346254 ], [ 27.9471373, 41.3309357 ], [ 27.9393166, 41.3275193 ], [ 27.9342842, 41.323604 ], [ 27.9291129, 41.3244178 ], [ 27.9217207, 41.3273827 ], [ 27.9152942, 41.3330545 ], [ 27.9062068, 41.3381377 ], [ 27.9075587, 41.3393218 ], [ 27.905812, 41.3403758 ], [ 27.9092753, 41.3440421 ], [ 27.9084492, 41.3447992 ], [ 27.9094469, 41.344622 ], [ 27.9143071, 41.3534493 ], [ 27.9148221, 41.3572747 ], [ 27.9121613, 41.3601576 ], [ 27.9106915, 41.3605361 ], [ 27.9105198, 41.3628069 ], [ 27.9090285, 41.3632417 ], [ 27.9053163, 41.3673966 ], [ 27.9035604, 41.3679462 ], [ 27.9061103, 41.3850761 ], [ 27.8956711, 41.38766 ], [ 27.8856826, 41.3878451 ], [ 27.8818846, 41.3886179 ], [ 27.8758228, 41.3869838 ], [ 27.8711021, 41.3874829 ], [ 27.8667033, 41.3856235 ], [ 27.8627443, 41.3881108 ], [ 27.861135, 41.3874507 ], [ 27.859579, 41.3845923 ], [ 27.8581309, 41.3870321 ], [ 27.856425, 41.3869999 ], [ 27.8507602, 41.3899379 ], [ 27.8469086, 41.3931494 ], [ 27.8472519, 41.3936887 ], [ 27.8420055, 41.392095 ], [ 27.8342807, 41.3937048 ], [ 27.8295815, 41.3844885 ], [ 27.8302359, 41.3841826 ], [ 27.8272104, 41.3796424 ], [ 27.8247857, 41.3775412 ], [ 27.8140998, 41.3698685 ], [ 27.807641, 41.3683629 ], [ 27.8035641, 41.3655688 ], [ 27.7989077, 41.3653031 ], [ 27.7972233, 41.3644496 ], [ 27.7974915, 41.3635397 ], [ 27.795335, 41.3635075 ], [ 27.7943265, 41.3620178 ], [ 27.7915742, 41.3611365 ], [ 27.7915692, 41.3602381 ], [ 27.7905118, 41.3608026 ], [ 27.7870738, 41.3579511 ], [ 27.7860009, 41.3584102 ], [ 27.7818167, 41.3546251 ], [ 27.7831793, 41.352652 ], [ 27.7819884, 41.3528373 ], [ 27.7826214, 41.3503809 ], [ 27.7835655, 41.3505097 ], [ 27.7850461, 41.3468531 ], [ 27.7911362, 41.3416875 ], [ 27.7733087, 41.3274794 ], [ 27.7705192, 41.3264804 ], [ 27.7678478, 41.3235395 ], [ 27.7654123, 41.3225323 ], [ 27.7663457, 41.32192 ], [ 27.7652943, 41.3216702 ], [ 27.7658844, 41.3213721 ], [ 27.7642107, 41.3198492 ], [ 27.7622366, 41.3197767 ], [ 27.7619361, 41.3181087 ], [ 27.7601874, 41.3175527 ], [ 27.7580416, 41.3145147 ], [ 27.7569151, 41.3144019 ], [ 27.7567112, 41.313306 ], [ 27.7551663, 41.3129917 ], [ 27.7553701, 41.3118876 ], [ 27.7543294, 41.3120649 ], [ 27.7548551, 41.3110415 ], [ 27.7518511, 41.3098891 ], [ 27.7519047, 41.309067 ], [ 27.7507675, 41.3096312 ], [ 27.7509498, 41.3079549 ], [ 27.7491689, 41.3077776 ], [ 27.7468514, 41.3054726 ], [ 27.7472591, 41.3025389 ], [ 27.7451455, 41.3030386 ], [ 27.7443623, 41.3017732 ], [ 27.7452314, 41.300943 ], [ 27.7441083, 41.3002942 ], [ 27.7449417, 41.299605 ], [ 27.744534, 41.2988393 ], [ 27.7419698, 41.2981219 ], [ 27.7421415, 41.2964614 ], [ 27.7399206, 41.2948977 ], [ 27.7408969, 41.2942367 ], [ 27.7395558, 41.2937611 ], [ 27.7397811, 41.2916088 ], [ 27.7379465, 41.2913266 ], [ 27.7371311, 41.2889566 ], [ 27.7353609, 41.2881746 ], [ 27.735393, 41.2870137 ], [ 27.7335584, 41.2872717 ], [ 27.7331936, 41.2862881 ], [ 27.7320135, 41.2860946 ], [ 27.7310371, 41.2833374 ], [ 27.7288699, 41.2820958 ], [ 27.7299428, 41.2802737 ], [ 27.7277673, 41.2778182 ], [ 27.7241492, 41.2833858 ], [ 27.7204263, 41.2921408 ], [ 27.71739, 41.2970096 ], [ 27.7164459, 41.3020069 ], [ 27.710588, 41.3109851 ], [ 27.7072835, 41.3194302 ], [ 27.6983249, 41.328986 ], [ 27.6982713, 41.3308471 ], [ 27.699548, 41.3330786 ], [ 27.6977885, 41.3368407 ], [ 27.6986682, 41.3383229 ], [ 27.6982713, 41.3394588 ], [ 27.6953208, 41.3403771 ], [ 27.6923919, 41.3399582 ], [ 27.688787, 41.3379363 ], [ 27.6867056, 41.3382585 ], [ 27.6860297, 41.3372193 ], [ 27.6834547, 41.3366957 ], [ 27.6806438, 41.3348026 ], [ 27.6792812, 41.3316688 ], [ 27.676599, 41.329405 ], [ 27.6764917, 41.3279145 ], [ 27.6748502, 41.3260533 ], [ 27.6694375, 41.3260211 ], [ 27.6662135, 41.3229433 ], [ 27.6640034, 41.3225565 ], [ 27.6622546, 41.3232656 ], [ 27.6599021, 41.3214543 ], [ 27.6587677, 41.3238135 ], [ 27.6600766, 41.3284382 ], [ 27.6590788, 41.3304523 ], [ 27.6608383, 41.3315117 ], [ 27.656976, 41.3346173 ], [ 27.6589072, 41.3356888 ], [ 27.6546264, 41.3416175 ], [ 27.6572442, 41.3428983 ], [ 27.6562447, 41.344015 ], [ 27.6588642, 41.3457013 ], [ 27.6538861, 41.3491164 ], [ 27.6436172, 41.354598 ], [ 27.6428032, 41.3543513 ], [ 27.6414196, 41.3567613 ], [ 27.6453261, 41.3666964 ], [ 27.6490688, 41.371189 ], [ 27.6475882, 41.3718009 ], [ 27.6480818, 41.3731535 ], [ 27.6470732, 41.3735077 ], [ 27.6507425, 41.3759552 ], [ 27.6494324, 41.3768736 ], [ 27.6508659, 41.3779437 ], [ 27.6493048, 41.3790466 ], [ 27.6544118, 41.3830395 ], [ 27.6523089, 41.3842792 ], [ 27.6554555, 41.3867179 ], [ 27.6534891, 41.3880142 ], [ 27.6563859, 41.390606 ], [ 27.6548087, 41.3917248 ], [ 27.6579952, 41.3945337 ], [ 27.6539222, 41.3963411 ], [ 27.6449168, 41.3887789 ], [ 27.643361, 41.3898736 ], [ 27.6473307, 41.3929724 ], [ 27.6448631, 41.3940831 ], [ 27.6420307, 41.3928436 ], [ 27.636162, 41.3946867 ], [ 27.6336891, 41.3962489 ], [ 27.631495, 41.3963286 ], [ 27.6281521, 41.3945285 ], [ 27.6273943, 41.3998513 ], [ 27.6288986, 41.4019863 ], [ 27.6273107, 41.4036279 ], [ 27.6291192, 41.4068081 ], [ 27.6278043, 41.4074262 ], [ 27.6296496, 41.4103874 ], [ 27.6267528, 41.4120771 ], [ 27.6306563, 41.4203571 ], [ 27.6226973, 41.4228583 ], [ 27.6176762, 41.4233812 ], [ 27.6152594, 41.4251494 ] ] ] } },
{ "type": "Feature", "properties": { "ilce": "Çerkezköy" }, "geometry": { "type": "Polygon", "coordinates": [ [ [ 27.8960252, 41.2611947 ], [ 27.9050589, 41.2622674 ], [ 27.9071724, 41.2613963 ], [ 27.907833, 41.2602396 ], [ 27.9117651, 41.2591213 ], [ 27.913084, 41.2570169 ], [ 27.9155098, 41.2566213 ], [ 27.9182404, 41.2547427 ], [ 27.9231906, 41.2584284 ], [ 27.9276442, 41.2567703 ], [ 27.9286408, 41.2572508 ], [ 27.9297674, 41.2608399 ], [ 27.9316511, 41.2612935 ], [ 27.9349764, 41.2654022 ], [ 27.9388788, 41.2649717 ], [ 27.9429959, 41.2674378 ], [ 27.9503757, 41.2657673 ], [ 27.9515147, 41.2732266 ], [ 27.9563589, 41.2785403 ], [ 27.9568307, 41.2779929 ], [ 27.9585314, 41.2786128 ], [ 27.9572367, 41.2797044 ], [ 27.9598725, 41.2840146 ], [ 27.9609239, 41.2836357 ], [ 27.9613705, 41.2842027 ], [ 27.9575068, 41.2850909 ], [ 27.9578576, 41.2856971 ], [ 27.9651217, 41.293154 ], [ 27.9735088, 41.3051663 ], [ 27.9794105, 41.3093358 ], [ 27.9804826, 41.3153528 ], [ 27.9814803, 41.3177058 ], [ 27.9829502, 41.3188097 ], [ 27.9852735, 41.3181251 ], [ 27.9880292, 41.3131125 ], [ 27.9939485, 41.3099679 ], [ 27.9949042, 41.311908 ], [ 27.9994431, 41.3116136 ], [ 27.9988743, 41.3120596 ], [ 27.9998562, 41.3133966 ], [ 27.9993305, 41.3139829 ], [ 27.9997972, 41.3149116 ], [ 28.0023844, 41.313459 ], [ 28.0035395, 41.3141488 ], [ 28.0091003, 41.3095813 ], [ 28.0127978, 41.316377 ], [ 28.0183282, 41.323838 ], [ 28.0200266, 41.3240187 ], [ 28.0204035, 41.3252291 ], [ 28.0248565, 41.3271858 ], [ 28.0263337, 41.3286881 ], [ 28.0290882, 41.3274976 ], [ 28.0278423, 41.3258995 ], [ 28.0270318, 41.3221533 ], [ 28.0297143, 41.3190449 ], [ 28.033493, 41.3206613 ], [ 28.0476988, 41.3235494 ], [ 28.0531435, 41.3231485 ], [ 28.0560069, 41.3237896 ], [ 28.0600497, 41.3284807 ], [ 28.0617815, 41.3292857 ], [ 28.0630342, 41.3293359 ], [ 28.0642474, 41.327005 ], [ 28.0730509, 41.3262301 ], [ 28.0826552, 41.3371207 ], [ 28.0850459, 41.3381136 ], [ 28.082119, 41.3330359 ], [ 28.0820263, 41.3305444 ], [ 28.0798834, 41.3270069 ], [ 28.0795784, 41.325529 ], [ 28.080497, 41.3248533 ], [ 28.0793545, 41.3231961 ], [ 28.0798265, 41.3230219 ], [ 28.07864, 41.320941 ], [ 28.0778702, 41.321122 ], [ 28.0781802, 41.3119094 ], [ 28.0764326, 41.3021638 ], [ 28.0783645, 41.3010962 ], [ 28.0750917, 41.2967023 ], [ 28.076262, 41.29581 ], [ 28.0757018, 41.294262 ], [ 28.076331, 41.2919015 ], [ 28.0754173, 41.2903821 ], [ 28.0765162, 41.2894362 ], [ 28.0767309, 41.2879246 ], [ 28.0721357, 41.2849863 ], [ 28.0718148, 41.2825662 ], [ 28.0675243, 41.2790025 ], [ 28.0653756, 41.2776846 ], [ 28.063118, 41.277723 ], [ 28.0589012, 41.2720031 ], [ 28.0572522, 41.2683419 ], [ 28.0578519, 41.2680061 ], [ 28.0562111, 41.2677203 ], [ 28.0561073, 41.2668975 ], [ 28.0511627, 41.2671077 ], [ 28.0458562, 41.2653249 ], [ 28.0301426, 41.2561208 ], [ 28.0234011, 41.253457 ], [ 28.0155317, 41.2522807 ], [ 28.0039147, 41.2440889 ], [ 28.0003812, 41.240615 ], [ 27.9988287, 41.236309 ], [ 27.9974718, 41.2304 ], [ 27.9982633, 41.2226434 ], [ 27.9941708, 41.2258017 ], [ 27.9914475, 41.2221687 ], [ 27.9873383, 41.20951 ], [ 27.977575, 41.1998711 ], [ 27.9743905, 41.1954343 ], [ 27.9712343, 41.1966834 ], [ 27.9655802, 41.19565 ], [ 27.9581559, 41.187423 ], [ 27.947073, 41.1896514 ], [ 27.9283024, 41.1955958 ], [ 27.9259157, 41.1974987 ], [ 27.9074322, 41.2209012 ], [ 27.9101229, 41.2216482 ], [ 27.9107129, 41.2223987 ], [ 27.9099405, 41.2221163 ], [ 27.9101765, 41.223593 ], [ 27.9047815, 41.2315887 ], [ 27.901454, 41.2391817 ], [ 27.8906361, 41.2535074 ], [ 27.8930855, 41.256162 ], [ 27.8963685, 41.2572105 ], [ 27.8968103, 41.2579152 ], [ 27.8960252, 41.2611947 ] ] ] } },
{ "type": "Feature", "properties": { "ilce": "Çorlu" }, "geometry": { "type": "Polygon", "coordinates": [ [ [ 27.6185345, 41.1411745 ], [ 27.6131195, 41.1422613 ], [ 27.6132774, 41.1451415 ], [ 27.6186418, 41.1484136 ], [ 27.6193178, 41.1498839 ], [ 27.6209164, 41.1505706 ], [ 27.6234376, 41.1536162 ], [ 27.6245212, 41.1537616 ], [ 27.6251221, 41.1557973 ], [ 27.6275946, 41.1576847 ], [ 27.6374602, 41.1608377 ], [ 27.6406653, 41.1629414 ], [ 27.6585746, 41.1855175 ], [ 27.6571369, 41.1875199 ], [ 27.6573729, 41.1881497 ], [ 27.6582956, 41.1877944 ], [ 27.6608077, 41.1947799 ], [ 27.6700115, 41.1945601 ], [ 27.6963186, 41.1901843 ], [ 27.7074981, 41.1861473 ], [ 27.7076697, 41.185356 ], [ 27.7109313, 41.1840641 ], [ 27.7241501, 41.179873 ], [ 27.730624, 41.176239 ], [ 27.732389, 41.1760537 ], [ 27.73741, 41.1723712 ], [ 27.7433347, 41.1714994 ], [ 27.7438473, 41.1723066 ], [ 27.74683, 41.1717413 ], [ 27.7518511, 41.172452 ], [ 27.7674499, 41.1758917 ], [ 27.7696783, 41.1767994 ], [ 27.7698226, 41.1793951 ], [ 27.7713595, 41.1804385 ], [ 27.7771147, 41.17978 ], [ 27.7760199, 41.1780034 ], [ 27.7840631, 41.1777501 ], [ 27.7931575, 41.184121 ], [ 27.8080004, 41.1895505 ], [ 27.8124633, 41.1941478 ], [ 27.8175437, 41.1968044 ], [ 27.8198842, 41.2003486 ], [ 27.8190458, 41.196861 ], [ 27.8232729, 41.1937367 ], [ 27.826674, 41.1964654 ], [ 27.8278327, 41.1877864 ], [ 27.8296137, 41.1868498 ], [ 27.8323066, 41.1813833 ], [ 27.8353081, 41.1790407 ], [ 27.8489953, 41.1853722 ], [ 27.8546655, 41.1863249 ], [ 27.8610438, 41.1910756 ], [ 27.868351, 41.1938309 ], [ 27.8814876, 41.1921058 ], [ 27.8906822, 41.1883192 ], [ 27.8946519, 41.1853278 ], [ 27.8973341, 41.1810361 ], [ 27.897892, 41.181343 ], [ 27.8987718, 41.1776042 ], [ 27.9007244, 41.1747455 ], [ 27.9017758, 41.1699161 ], [ 27.909801, 41.1688662 ], [ 27.9156375, 41.1708206 ], [ 27.9186791, 41.1707983 ], [ 27.9274607, 41.1771358 ], [ 27.928834, 41.1767321 ], [ 27.9353034, 41.1701745 ], [ 27.9410005, 41.1687369 ], [ 27.9410746, 41.1697701 ], [ 27.9471964, 41.1703892 ], [ 27.9473734, 41.1717736 ], [ 27.9489827, 41.17309 ], [ 27.9504204, 41.171927 ], [ 27.9499054, 41.1708852 ], [ 27.9547441, 41.1712648 ], [ 27.9588425, 41.18601 ], [ 27.9571795, 41.1867206 ], [ 27.957517, 41.1875867 ], [ 27.9581559, 41.187423 ], [ 27.9655802, 41.19565 ], [ 27.9712343, 41.1966834 ], [ 27.9743905, 41.1954343 ], [ 27.977575, 41.1998711 ], [ 27.9873383, 41.20951 ], [ 27.9914475, 41.2221687 ], [ 27.9941708, 41.2258017 ], [ 27.9973868, 41.2236493 ], [ 28.0066556, 41.2134487 ], [ 28.0113119, 41.2050988 ], [ 28.0162198, 41.200823 ], [ 28.0184627, 41.1968811 ], [ 28.0207632, 41.1840943 ], [ 28.02334, 41.1812963 ], [ 28.0214882, 41.1739379 ], [ 28.0203509, 41.1722904 ], [ 28.0169606, 41.171499 ], [ 28.0161238, 41.1693346 ], [ 28.0170035, 41.168107 ], [ 28.0167889, 41.1670086 ], [ 28.0129557, 41.1669367 ], [ 28.0126462, 41.164951 ], [ 28.0136239, 41.1623401 ], [ 27.9921555, 41.1615768 ], [ 27.9850101, 41.1621463 ], [ 27.9824637, 41.1597397 ], [ 27.9799676, 41.1557407 ], [ 27.978605, 41.1513704 ], [ 27.9807079, 41.1437923 ], [ 27.9788196, 41.1384758 ], [ 27.97839, 41.1342688 ], [ 27.9733564, 41.1229912 ], [ 27.9758237, 41.1233733 ], [ 27.9756439, 41.1195252 ], [ 27.974925, 41.1160658 ], [ 27.9724038, 41.1117251 ], [ 27.9773618, 41.1114299 ], [ 27.972873, 41.1088861 ], [ 27.9756868, 41.1075135 ], [ 27.9756868, 41.1065596 ], [ 27.973423, 41.1025417 ], [ 27.9708481, 41.0998253 ], [ 27.9765022, 41.0985236 ], [ 27.9774356, 41.0994534 ], [ 27.9779506, 41.0989925 ], [ 27.9782617, 41.0970278 ], [ 27.9767218, 41.0944267 ], [ 27.9769957, 41.092217 ], [ 27.9751854, 41.0902676 ], [ 27.9747685, 41.0876566 ], [ 27.9788097, 41.0845467 ], [ 27.9789505, 41.0835969 ], [ 27.9784407, 41.0822078 ], [ 27.9750011, 41.0796342 ], [ 27.9746651, 41.0779069 ], [ 27.9756062, 41.0752479 ], [ 27.981652, 41.0756551 ], [ 27.9810834, 41.072064 ], [ 27.9823065, 41.0714493 ], [ 27.9839906, 41.0718535 ], [ 27.9799765, 41.0676367 ], [ 27.9757529, 41.0661404 ], [ 27.9735088, 41.0665476 ], [ 27.9655701, 41.065576 ], [ 27.9629841, 41.0664976 ], [ 27.9599458, 41.0663039 ], [ 27.9568754, 41.0656191 ], [ 27.9572378, 41.0647453 ], [ 27.9489738, 41.0633226 ], [ 27.9484068, 41.0656065 ], [ 27.9460537, 41.0659732 ], [ 27.9414157, 41.0636714 ], [ 27.9288662, 41.0675021 ], [ 27.9286945, 41.0700985 ], [ 27.92616, 41.0744736 ], [ 27.9191351, 41.0824 ], [ 27.9188561, 41.0838153 ], [ 27.9165775, 41.0853045 ], [ 27.9148481, 41.0852046 ], [ 27.9143247, 41.0873384 ], [ 27.9125566, 41.0883565 ], [ 27.9117731, 41.0955902 ], [ 27.9097152, 41.0961465 ], [ 27.9062712, 41.0994614 ], [ 27.9014081, 41.1014415 ], [ 27.8915083, 41.1097527 ], [ 27.8866374, 41.1122425 ], [ 27.8795957, 41.1140214 ], [ 27.877593, 41.1158637 ], [ 27.8716385, 41.118927 ], [ 27.8675616, 41.1142309 ], [ 27.8649847, 41.1092368 ], [ 27.8631608, 41.102657 ], [ 27.8676796, 41.0998576 ], [ 27.8700507, 41.097141 ], [ 27.8720033, 41.0965104 ], [ 27.8768185, 41.0918421 ], [ 27.886908, 41.085661 ], [ 27.8884796, 41.0818418 ], [ 27.8971195, 41.0724603 ], [ 27.8962178, 41.0719127 ], [ 27.8979453, 41.0685966 ], [ 27.9015261, 41.0682963 ], [ 27.9007382, 41.0672626 ], [ 27.9031219, 41.0676223 ], [ 27.9028522, 41.0658272 ], [ 27.9052384, 41.0625968 ], [ 27.9042542, 41.0610064 ], [ 27.9053593, 41.0601165 ], [ 27.9031371, 41.0596911 ], [ 27.9038381, 41.0583335 ], [ 27.9016685, 41.0548903 ], [ 27.8992867, 41.0538062 ], [ 27.8983426, 41.0524632 ], [ 27.8992438, 41.0515084 ], [ 27.8987074, 41.0501168 ], [ 27.8950596, 41.0468641 ], [ 27.8960037, 41.0445338 ], [ 27.8928709, 41.0426079 ], [ 27.8929134, 41.0404862 ], [ 27.9138521, 41.0388732 ], [ 27.9143121, 41.0378565 ], [ 27.9118838, 41.0354687 ], [ 27.894929, 41.0372686 ], [ 27.8868778, 41.0403673 ], [ 27.8843491, 41.0458008 ], [ 27.8794491, 41.0481102 ], [ 27.8787517, 41.0525279 ], [ 27.8799319, 41.054502 ], [ 27.8776681, 41.0573012 ], [ 27.8754043, 41.0581102 ], [ 27.8706944, 41.057463 ], [ 27.8649443, 41.058783 ], [ 27.8517274, 41.069541 ], [ 27.8425647, 41.0732531 ], [ 27.8421892, 41.0769314 ], [ 27.8456392, 41.0856981 ], [ 27.8426915, 41.0868943 ], [ 27.8332883, 41.075732 ], [ 27.8289527, 41.0732145 ], [ 27.8229177, 41.0713521 ], [ 27.8148293, 41.0719265 ], [ 27.7995385, 41.0669813 ], [ 27.7971375, 41.0675425 ], [ 27.7959466, 41.0656416 ], [ 27.7928889, 41.0636597 ], [ 27.7928996, 41.0628346 ], [ 27.7913761, 41.0630207 ], [ 27.7897346, 41.0616697 ], [ 27.7874708, 41.0621875 ], [ 27.7849281, 41.060788 ], [ 27.7860439, 41.0582599 ], [ 27.7832346, 41.0565863 ], [ 27.7815807, 41.0591619 ], [ 27.7716964, 41.0637154 ], [ 27.778126, 41.070882 ], [ 27.7756691, 41.0735118 ], [ 27.7674508, 41.0727839 ], [ 27.7648915, 41.0736251 ], [ 27.7636796, 41.0687565 ], [ 27.7611851, 41.0657144 ], [ 27.7578378, 41.0640157 ], [ 27.7575159, 41.0621066 ], [ 27.7558207, 41.0607152 ], [ 27.7565687, 41.0599628 ], [ 27.7561211, 41.0570747 ], [ 27.7548551, 41.0548256 ], [ 27.7512717, 41.0534826 ], [ 27.7463364, 41.0466376 ], [ 27.742989, 41.0453915 ], [ 27.7387833, 41.0420253 ], [ 27.7391589, 41.0413456 ], [ 27.7379999, 41.0398294 ], [ 27.7385283, 41.0385873 ], [ 27.7364914, 41.0356122 ], [ 27.7364498, 41.0337305 ], [ 27.7346785, 41.0300614 ], [ 27.734758, 41.0281465 ], [ 27.7316274, 41.0262102 ], [ 27.730349, 41.0236148 ], [ 27.7298409, 41.0205295 ], [ 27.7308655, 41.0199547 ], [ 27.731668, 41.016929 ], [ 27.7309899, 41.0137794 ], [ 27.7294063, 41.0126124 ], [ 27.7292835, 41.011533 ], [ 27.721109, 41.0095335 ], [ 27.7067022, 41.0040652 ], [ 27.6982499, 41.0026245 ], [ 27.6974588, 41.0040816 ], [ 27.6984536, 41.0041925 ], [ 27.6978099, 41.0079573 ], [ 27.7032441, 41.0092648 ], [ 27.7027452, 41.0129767 ], [ 27.7060389, 41.0250138 ], [ 27.7056956, 41.0292549 ], [ 27.7086353, 41.0383029 ], [ 27.7057258, 41.0469514 ], [ 27.7006541, 41.0452973 ], [ 27.7000093, 41.0461197 ], [ 27.7039039, 41.0494372 ], [ 27.7063393, 41.0531913 ], [ 27.7026164, 41.0533693 ], [ 27.7067256, 41.0585228 ], [ 27.7061891, 41.0596473 ], [ 27.7016186, 41.0630854 ], [ 27.7025628, 41.0642017 ], [ 27.6923704, 41.0688367 ], [ 27.6902919, 41.0688935 ], [ 27.6887655, 41.0631744 ], [ 27.6841414, 41.0519615 ], [ 27.6823497, 41.053078 ], [ 27.6812982, 41.0557883 ], [ 27.6798606, 41.0557479 ], [ 27.6785409, 41.0567592 ], [ 27.6771033, 41.0553919 ], [ 27.6752901, 41.0565003 ], [ 27.6745391, 41.0559016 ], [ 27.6743352, 41.056921 ], [ 27.6735306, 41.0561605 ], [ 27.669003, 41.0566297 ], [ 27.6656556, 41.0552706 ], [ 27.6624799, 41.0561039 ], [ 27.6614714, 41.0553757 ], [ 27.654444, 41.0549227 ], [ 27.6521963, 41.0563385 ], [ 27.6478305, 41.0563456 ], [ 27.6467407, 41.0573012 ], [ 27.6415801, 41.0587412 ], [ 27.630701, 41.0678337 ], [ 27.6307869, 41.0684808 ], [ 27.6251006, 41.0704059 ], [ 27.6235257, 41.0753352 ], [ 27.6240277, 41.0773778 ], [ 27.6290273, 41.0782836 ], [ 27.6313126, 41.0855114 ], [ 27.6323318, 41.0849151 ], [ 27.6332974, 41.0876645 ], [ 27.6355505, 41.0874381 ], [ 27.6373851, 41.0858086 ], [ 27.6384902, 41.0879637 ], [ 27.6390159, 41.0936239 ], [ 27.636323, 41.097707 ], [ 27.6322245, 41.100084 ], [ 27.6342738, 41.101709 ], [ 27.637428, 41.1008035 ], [ 27.642653, 41.1007712 ], [ 27.63834, 41.1055006 ], [ 27.6388335, 41.1068587 ], [ 27.6374676, 41.1081545 ], [ 27.6382971, 41.1106905 ], [ 27.6350463, 41.1108279 ], [ 27.636162, 41.1148614 ], [ 27.6351213, 41.1192746 ], [ 27.6294994, 41.1254978 ], [ 27.6272464, 41.1262737 ], [ 27.6210558, 41.1342174 ], [ 27.6203692, 41.1374496 ], [ 27.6214742, 41.1413522 ], [ 27.6185345, 41.1411745 ] ] ] } },
{ "type": "Feature", "properties": { "ilce": "Vize" }, "geometry": { "type": "Polygon", "coordinates": [ [ [ 27.5879359, 41.5773871 ], [ 27.5917125, 41.5795059 ], [ 27.5966263, 41.5843772 ], [ 27.5957036, 41.5845217 ], [ 27.5973022, 41.5859581 ], [ 27.5966585, 41.5878038 ], [ 27.5989544, 41.5892 ], [ 27.6007247, 41.5890235 ], [ 27.6020229, 41.5901309 ], [ 27.6004672, 41.5909573 ], [ 27.600832, 41.5913425 ], [ 27.6023769, 41.5903716 ], [ 27.6040721, 41.5912623 ], [ 27.6029026, 41.5919924 ], [ 27.6038575, 41.5928109 ], [ 27.6018083, 41.5936775 ], [ 27.6063609, 41.6014799 ], [ 27.6082349, 41.6010188 ], [ 27.6088464, 41.6017569 ], [ 27.6106703, 41.6006498 ], [ 27.6111317, 41.601099 ], [ 27.6104987, 41.601444 ], [ 27.6127839, 41.6023907 ], [ 27.6123762, 41.6036663 ], [ 27.6149619, 41.6050061 ], [ 27.615906, 41.604637 ], [ 27.6185775, 41.6063939 ], [ 27.6199615, 41.6148488 ], [ 27.6220107, 41.616453 ], [ 27.6225257, 41.6174556 ], [ 27.6215601, 41.6186106 ], [ 27.622515, 41.6188352 ], [ 27.6225901, 41.6204313 ], [ 27.623502, 41.6205355 ], [ 27.6232231, 41.62153 ], [ 27.6215815, 41.6215942 ], [ 27.6221287, 41.6224925 ], [ 27.6212275, 41.6237115 ], [ 27.6216996, 41.6268072 ], [ 27.6242423, 41.631699 ], [ 27.6262915, 41.6335915 ], [ 27.6258087, 41.6346901 ], [ 27.6273966, 41.6364541 ], [ 27.6264954, 41.6370154 ], [ 27.6277077, 41.6392285 ], [ 27.6266563, 41.6413773 ], [ 27.6265919, 41.6499077 ], [ 27.6320207, 41.6547898 ], [ 27.6332867, 41.6586214 ], [ 27.6361835, 41.6614349 ], [ 27.636175, 41.6630797 ], [ 27.6391017, 41.6629578 ], [ 27.6431894, 41.6658271 ], [ 27.6499842, 41.6664088 ], [ 27.6504207, 41.6680312 ], [ 27.6580489, 41.6758609 ], [ 27.6635849, 41.6790823 ], [ 27.6646685, 41.6806128 ], [ 27.6656663, 41.6873353 ], [ 27.6647973, 41.692543 ], [ 27.6650333, 41.6972215 ], [ 27.6634991, 41.700562 ], [ 27.6584029, 41.7050237 ], [ 27.6573837, 41.7080353 ], [ 27.6576626, 41.709437 ], [ 27.6592827, 41.7097734 ], [ 27.6614714, 41.717598 ], [ 27.6630485, 41.7172456 ], [ 27.6660311, 41.7245489 ], [ 27.6680374, 41.7245249 ], [ 27.6700544, 41.7294173 ], [ 27.6741099, 41.7330123 ], [ 27.6785087, 41.7331804 ], [ 27.6821029, 41.7300178 ], [ 27.6904499, 41.740714 ], [ 27.6930678, 41.7491592 ], [ 27.7165746, 41.7528092 ], [ 27.7214777, 41.7559386 ], [ 27.7230978, 41.7586438 ], [ 27.725544, 41.7593801 ], [ 27.7280331, 41.7625573 ], [ 27.7346849, 41.7636856 ], [ 27.73314, 41.7660304 ], [ 27.7337086, 41.7671987 ], [ 27.7351141, 41.7673988 ], [ 27.7354038, 41.7686391 ], [ 27.7444804, 41.7670467 ], [ 27.7454245, 41.7694793 ], [ 27.7434182, 41.7725039 ], [ 27.7436972, 41.7745123 ], [ 27.7420235, 41.7764486 ], [ 27.7440297, 41.7775847 ], [ 27.7442551, 41.781073 ], [ 27.7461219, 41.7778007 ], [ 27.7458215, 41.7765526 ], [ 27.7495336, 41.7757125 ], [ 27.7583923, 41.7762922 ], [ 27.7601659, 41.7774407 ], [ 27.7643502, 41.7778407 ], [ 27.7686417, 41.7765446 ], [ 27.7708304, 41.7770486 ], [ 27.7760124, 41.7759765 ], [ 27.7823853, 41.7722399 ], [ 27.7817202, 41.7705755 ], [ 27.7839196, 41.7698474 ], [ 27.7830934, 41.7670387 ], [ 27.7854967, 41.7662864 ], [ 27.7861297, 41.7650141 ], [ 27.789799, 41.7642458 ], [ 27.7939725, 41.7606126 ], [ 27.7975559, 41.7616449 ], [ 27.8002274, 41.7593241 ], [ 27.8039181, 41.7611328 ], [ 27.8051841, 41.7634456 ], [ 27.8083384, 41.7622211 ], [ 27.8169644, 41.7641978 ], [ 27.8211801, 41.7622596 ], [ 27.822715, 41.7632295 ], [ 27.8217494, 41.7645579 ], [ 27.8233373, 41.7650061 ], [ 27.8297623, 41.7637781 ], [ 27.8353751, 41.7606126 ], [ 27.8353643, 41.7594441 ], [ 27.8376281, 41.7583397 ], [ 27.8360081, 41.7559226 ], [ 27.8372526, 41.7537536 ], [ 27.8368449, 41.7483108 ], [ 27.8395271, 41.7481827 ], [ 27.8474235, 41.7499277 ], [ 27.8487968, 41.7510242 ], [ 27.8523481, 41.7518967 ], [ 27.8561783, 41.754514 ], [ 27.8619075, 41.7610527 ], [ 27.8657377, 41.7588759 ], [ 27.8708768, 41.7652701 ], [ 27.868098, 41.7688311 ], [ 27.8692138, 41.7708556 ], [ 27.873044, 41.7710956 ], [ 27.8728616, 41.772752 ], [ 27.8753185, 41.7748883 ], [ 27.8812623, 41.7736961 ], [ 27.8799856, 41.7720718 ], [ 27.8821421, 41.7719038 ], [ 27.8840518, 41.7706956 ], [ 27.8840947, 41.77308 ], [ 27.8850174, 41.7746723 ], [ 27.8864658, 41.7742002 ], [ 27.8892016, 41.7753364 ], [ 27.8908646, 41.7740802 ], [ 27.8916585, 41.7719758 ], [ 27.8924417, 41.7718718 ], [ 27.8944909, 41.7738002 ], [ 27.8963578, 41.7737842 ], [ 27.8972804, 41.7760965 ], [ 27.8964329, 41.7774007 ], [ 27.9008746, 41.7781848 ], [ 27.9031384, 41.7757845 ], [ 27.9055309, 41.7770406 ], [ 27.907784, 41.7756244 ], [ 27.9096186, 41.7755284 ], [ 27.9093075, 41.7749203 ], [ 27.9101872, 41.7746003 ], [ 27.9119468, 41.7707596 ], [ 27.9106808, 41.7687751 ], [ 27.9135883, 41.7689031 ], [ 27.9143822, 41.7667106 ], [ 27.9131484, 41.764918 ], [ 27.913363, 41.7626213 ], [ 27.91067, 41.7601644 ], [ 27.9074514, 41.7585958 ], [ 27.907784, 41.7569151 ], [ 27.9039109, 41.7558186 ], [ 27.9041147, 41.7528252 ], [ 27.9020119, 41.7529532 ], [ 27.9027414, 41.7513364 ], [ 27.9008531, 41.7484949 ], [ 27.9016042, 41.7476464 ], [ 27.9007351, 41.7473182 ], [ 27.9019153, 41.7468379 ], [ 27.9054451, 41.7483108 ], [ 27.9061639, 41.7404819 ], [ 27.9080951, 41.7379921 ], [ 27.9117429, 41.7383283 ], [ 27.9145861, 41.7367512 ], [ 27.917912, 41.7367111 ], [ 27.922461, 41.737888 ], [ 27.9214954, 41.7391049 ], [ 27.9221606, 41.7425953 ], [ 27.9233086, 41.7429555 ], [ 27.9238343, 41.7446686 ], [ 27.922579, 41.7479666 ], [ 27.9235554, 41.7535855 ], [ 27.9291773, 41.7583317 ], [ 27.9263878, 41.7589239 ], [ 27.9258728, 41.7657343 ], [ 27.9295528, 41.7709676 ], [ 27.9311943, 41.7705355 ], [ 27.9325461, 41.7690232 ], [ 27.9310441, 41.7673027 ], [ 27.9313445, 41.7649741 ], [ 27.9366875, 41.7632215 ], [ 27.9393589, 41.7657983 ], [ 27.9448521, 41.7661744 ], [ 27.9468262, 41.7685591 ], [ 27.9536605, 41.7686951 ], [ 27.9559564, 41.7703675 ], [ 27.9572546, 41.772864 ], [ 27.9600119, 41.7725439 ], [ 27.9617822, 41.7737041 ], [ 27.9602373, 41.7801449 ], [ 27.9629838, 41.782441 ], [ 27.965666, 41.781025 ], [ 27.9752147, 41.7835851 ], [ 27.9800749, 41.7840411 ], [ 27.9823816, 41.7852651 ], [ 27.9885828, 41.7849691 ], [ 27.9930675, 41.7862011 ], [ 27.9989759, 41.784776 ], [ 27.999419, 41.786785 ], [ 28.0021031, 41.7879906 ], [ 28.0049447, 41.7877259 ], [ 28.014949, 41.776417 ], [ 28.017688, 41.776136 ], [ 28.0162954, 41.7747923 ], [ 28.0232692, 41.7672467 ], [ 28.0267882, 41.7650941 ], [ 28.0290198, 41.7652061 ], [ 28.0284512, 41.7641978 ], [ 28.0304038, 41.7614409 ], [ 28.0319542, 41.7611247 ], [ 28.0330807, 41.7619731 ], [ 28.0343091, 41.7601604 ], [ 28.0359185, 41.7595161 ], [ 28.0352211, 41.7584157 ], [ 28.0378926, 41.7561907 ], [ 28.037909, 41.754136 ], [ 28.0394483, 41.7542379 ], [ 28.0418676, 41.7527491 ], [ 28.0419052, 41.7510483 ], [ 28.0405372, 41.750544 ], [ 28.041429, 41.749227 ], [ 28.0398399, 41.7484628 ], [ 28.0432516, 41.7455251 ], [ 28.0429619, 41.7419388 ], [ 28.0443084, 41.740698 ], [ 28.0437612, 41.739257 ], [ 28.040756, 41.73935 ], [ 28.0398613, 41.7383323 ], [ 28.0393302, 41.7362028 ], [ 28.0405372, 41.7324838 ], [ 28.0418622, 41.7306023 ], [ 28.045572, 41.729937 ], [ 28.0449071, 41.7261741 ], [ 28.048026, 41.7223788 ], [ 28.0520546, 41.7193879 ], [ 28.0553913, 41.7183508 ], [ 28.057838, 41.715193 ], [ 28.0609167, 41.7140342 ], [ 28.062729, 41.710527 ], [ 28.0626494, 41.7068539 ], [ 28.0643713, 41.7031573 ], [ 28.067866, 41.700083 ], [ 28.069912, 41.69955 ], [ 28.072599, 41.696317 ], [ 28.0784744, 41.6921544 ], [ 28.0822831, 41.6903999 ], [ 28.0856359, 41.6905 ], [ 28.0879587, 41.6895586 ], [ 28.08957, 41.687173 ], [ 28.0911881, 41.6872672 ], [ 28.091594, 41.685357 ], [ 28.0931193, 41.6842225 ], [ 28.0931139, 41.6823676 ], [ 28.0947876, 41.6822714 ], [ 28.0959195, 41.6809813 ], [ 28.0976897, 41.6810094 ], [ 28.099578, 41.6797233 ], [ 28.100022, 41.677576 ], [ 28.0989504, 41.6769908 ], [ 28.1003612, 41.6760252 ], [ 28.1003076, 41.6734568 ], [ 28.1018043, 41.6726914 ], [ 28.1013858, 41.6710926 ], [ 28.105192, 41.669568 ], [ 28.105161, 41.667772 ], [ 28.1036496, 41.6665925 ], [ 28.0989236, 41.6657991 ], [ 28.0972016, 41.663615 ], [ 28.0931407, 41.6638033 ], [ 28.0903566, 41.6629698 ], [ 28.0881303, 41.6564972 ], [ 28.0888492, 41.6502965 ], [ 28.0904826, 41.6459814 ], [ 28.0938636, 41.6412059 ], [ 28.0934586, 41.640461 ], [ 28.0946669, 41.6380979 ], [ 28.0986258, 41.6372059 ], [ 28.0979312, 41.6362204 ], [ 28.0987714, 41.6358361 ], [ 28.0980379, 41.6353079 ], [ 28.1000643, 41.6334829 ], [ 28.0989836, 41.6332613 ], [ 28.1017828, 41.6327194 ], [ 28.1028298, 41.6312567 ], [ 28.1014259, 41.6324436 ], [ 28.0982165, 41.6329908 ], [ 28.0969258, 41.6326353 ], [ 28.0970161, 41.6311426 ], [ 28.0993414, 41.6315267 ], [ 28.0999305, 41.6307912 ], [ 28.101184, 41.6317656 ], [ 28.1008393, 41.6309083 ], [ 28.1015413, 41.6308146 ], [ 28.1004507, 41.6300229 ], [ 28.1008707, 41.628819 ], [ 28.1038791, 41.6257925 ], [ 28.1096739, 41.6230619 ], [ 28.1096148, 41.6220574 ], [ 28.1112912, 41.6209606 ], [ 28.1112134, 41.6195209 ], [ 28.1140566, 41.6178546 ], [ 28.1140324, 41.6163367 ], [ 28.1145206, 41.6171468 ], [ 28.1182891, 41.6163146 ], [ 28.1189704, 41.6146422 ], [ 28.1205792, 41.6140796 ], [ 28.1199762, 41.6116884 ], [ 28.1211349, 41.6106796 ], [ 28.1252065, 41.6109022 ], [ 28.1264698, 41.6098113 ], [ 28.1268078, 41.6074007 ], [ 28.1289536, 41.6065664 ], [ 28.1284922, 41.6045488 ], [ 28.129195, 41.6036302 ], [ 28.1319576, 41.6031368 ], [ 28.131941, 41.603721 ], [ 28.1339264, 41.603911 ], [ 28.1352997, 41.6032411 ], [ 28.136011, 41.601756 ], [ 28.1373274, 41.6016326 ], [ 28.1402725, 41.5983271 ], [ 28.143126, 41.597963 ], [ 28.1429225, 41.5950174 ], [ 28.1462806, 41.5930195 ], [ 28.1467995, 41.5916776 ], [ 28.1428819, 41.5905392 ], [ 28.1410109, 41.5908111 ], [ 28.134795, 41.5935225 ], [ 28.1327677, 41.5954186 ], [ 28.1327033, 41.5968949 ], [ 28.1290984, 41.5948088 ], [ 28.1308579, 41.5924177 ], [ 28.1278109, 41.592514 ], [ 28.1258583, 41.5941669 ], [ 28.126266, 41.59659 ], [ 28.1239271, 41.5948409 ], [ 28.1214165, 41.5965098 ], [ 28.1203222, 41.5959803 ], [ 28.1203222, 41.5944237 ], [ 28.1182194, 41.5952581 ], [ 28.1137562, 41.593862 ], [ 28.1118035, 41.5946002 ], [ 28.1116962, 41.5917919 ], [ 28.1099367, 41.5911339 ], [ 28.1078338, 41.5940706 ], [ 28.1055379, 41.5940225 ], [ 28.1020832, 41.5902191 ], [ 28.1028986, 41.5884859 ], [ 28.097856, 41.585918 ], [ 28.098312, 41.5834527 ], [ 28.0962252, 41.583334 ], [ 28.0955386, 41.5821463 ], [ 28.0937362, 41.5821784 ], [ 28.0926204, 41.5811993 ], [ 28.0908394, 41.580782 ], [ 28.0819559, 41.5831093 ], [ 28.0795526, 41.5825636 ], [ 28.0785012, 41.5840883 ], [ 28.0754113, 41.5846019 ], [ 28.070755, 41.5844896 ], [ 28.0698537, 41.5866884 ], [ 28.0671501, 41.5869933 ], [ 28.0688882, 41.5883735 ], [ 28.0695963, 41.5900747 ], [ 28.0674505, 41.5952742 ], [ 28.0607686, 41.5987651 ], [ 28.0597687, 41.6009546 ], [ 28.0601817, 41.6039134 ], [ 28.0594414, 41.6032451 ], [ 28.0585778, 41.6050462 ], [ 28.0572903, 41.6055676 ], [ 28.0565393, 41.6101642 ], [ 28.0550909, 41.6105573 ], [ 28.0541682, 41.614576 ], [ 28.0521726, 41.6159396 ], [ 28.0491686, 41.6163247 ], [ 28.0477953, 41.6148006 ], [ 28.0501127, 41.6133408 ], [ 28.046422, 41.6116402 ], [ 28.0460761, 41.6093358 ], [ 28.0410269, 41.6093553 ], [ 28.042278, 41.6079673 ], [ 28.043611, 41.6040033 ], [ 28.0433225, 41.6032197 ], [ 28.039831, 41.6027689 ], [ 28.0356548, 41.5991787 ], [ 28.0379999, 41.5972881 ], [ 28.0382631, 41.5956373 ], [ 28.0376243, 41.5949934 ], [ 28.0358628, 41.5938469 ], [ 28.0359828, 41.5950575 ], [ 28.0328637, 41.5943601 ], [ 28.0276288, 41.5958297 ], [ 28.0266971, 41.5952411 ], [ 28.0270596, 41.5933851 ], [ 28.024224, 41.5936373 ], [ 28.0226332, 41.5918802 ], [ 28.0197796, 41.5914693 ], [ 28.0192244, 41.5887266 ], [ 28.0151566, 41.5884383 ], [ 28.0110168, 41.5847544 ], [ 28.013742, 41.5835747 ], [ 28.0124545, 41.578583 ], [ 28.0153191, 41.5778045 ], [ 28.0154524, 41.5761828 ], [ 28.0132377, 41.5735346 ], [ 28.0138037, 41.5721676 ], [ 28.0112851, 41.5696096 ], [ 28.0130875, 41.5680524 ], [ 28.0121434, 41.5672016 ], [ 28.0121326, 41.5646489 ], [ 28.0142355, 41.5641351 ], [ 28.0149221, 41.5626902 ], [ 28.0144286, 41.5615503 ], [ 28.0097395, 41.561176 ], [ 28.0093466, 41.5593806 ], [ 28.0062532, 41.5605387 ], [ 28.0063176, 41.5614379 ], [ 28.0008244, 41.5628026 ], [ 27.9989791, 41.5649379 ], [ 27.998271, 41.5687106 ], [ 27.9950845, 41.5697943 ], [ 27.9917639, 41.5732858 ], [ 27.9888028, 41.5732095 ], [ 27.986834, 41.5796544 ], [ 27.987188, 41.5820179 ], [ 27.9879659, 41.5823589 ], [ 27.9868448, 41.587234 ], [ 27.9884148, 41.5890524 ], [ 27.9821348, 41.5904679 ], [ 27.9793023, 41.5925341 ], [ 27.9759979, 41.5926584 ], [ 27.9667014, 41.589533 ], [ 27.9654085, 41.5918801 ], [ 27.966283, 41.5934167 ], [ 27.9628926, 41.5928791 ], [ 27.9626995, 41.5913185 ], [ 27.9650366, 41.5889437 ], [ 27.9656231, 41.5861748 ], [ 27.9624367, 41.5840402 ], [ 27.959218, 41.5833741 ], [ 27.9575336, 41.5799232 ], [ 27.9558921, 41.5795059 ], [ 27.9542398, 41.5774754 ], [ 27.9550767, 41.5720417 ], [ 27.9567611, 41.5702437 ], [ 27.9566538, 41.5689033 ], [ 27.9539823, 41.5657486 ], [ 27.9519975, 41.558026 ], [ 27.9483819, 41.5527994 ], [ 27.9476204, 41.5499713 ], [ 27.9486823, 41.5491622 ], [ 27.9351318, 41.5377033 ], [ 27.9361939, 41.5367798 ], [ 27.9362154, 41.5355912 ], [ 27.9335838, 41.5296546 ], [ 27.9291344, 41.5235516 ], [ 27.9219675, 41.5179768 ], [ 27.9172468, 41.5128916 ], [ 27.9158735, 41.5081274 ], [ 27.913835, 41.5062393 ], [ 27.9139852, 41.5046966 ], [ 27.9118717, 41.5018924 ], [ 27.9110348, 41.497959 ], [ 27.909506, 41.4979992 ], [ 27.9060244, 41.495938 ], [ 27.9050725, 41.4978165 ], [ 27.9026878, 41.498638 ], [ 27.8997925, 41.491814 ], [ 27.8864926, 41.4837022 ], [ 27.8835797, 41.4824805 ], [ 27.882641, 41.4832601 ], [ 27.8838485, 41.4846975 ], [ 27.880404, 41.4868407 ], [ 27.8789663, 41.4847993 ], [ 27.8768742, 41.4849359 ], [ 27.8788054, 41.4823077 ], [ 27.8772364, 41.4830935 ], [ 27.8766167, 41.4825247 ], [ 27.8738701, 41.4847028 ], [ 27.873441, 41.4818897 ], [ 27.870689, 41.4826774 ], [ 27.8713113, 41.4838147 ], [ 27.8659469, 41.4855909 ], [ 27.8662634, 41.4848113 ], [ 27.8653471, 41.4837848 ], [ 27.8619162, 41.4851222 ], [ 27.8620952, 41.4862821 ], [ 27.8609472, 41.4855387 ], [ 27.8557107, 41.4861786 ], [ 27.8559852, 41.4876484 ], [ 27.8541613, 41.4887294 ], [ 27.855851, 41.4923097 ], [ 27.8547084, 41.494371 ], [ 27.8567442, 41.4977161 ], [ 27.8555238, 41.4987907 ], [ 27.8548157, 41.5015951 ], [ 27.8494298, 41.5040779 ], [ 27.8426016, 41.5010139 ], [ 27.8409446, 41.5013161 ], [ 27.8393125, 41.504568 ], [ 27.8320706, 41.5133094 ], [ 27.8222966, 41.5073239 ], [ 27.818402, 41.5030896 ], [ 27.8109777, 41.4991523 ], [ 27.8019547, 41.4924584 ], [ 27.7964938, 41.4899912 ], [ 27.7803469, 41.4888901 ], [ 27.7798211, 41.4843251 ], [ 27.77789, 41.4845662 ], [ 27.7767849, 41.481745 ], [ 27.7788556, 41.4808689 ], [ 27.7701759, 41.4705636 ], [ 27.7684271, 41.4707727 ], [ 27.7670852, 41.4661423 ], [ 27.7662492, 41.4650968 ], [ 27.7653399, 41.4652848 ], [ 27.764039, 41.4628135 ], [ 27.7568936, 41.4624035 ], [ 27.7529025, 41.4636818 ], [ 27.7506494, 41.46291 ], [ 27.7488041, 41.4590024 ], [ 27.748214, 41.4596859 ], [ 27.748948, 41.4607208 ], [ 27.7415299, 41.4597622 ], [ 27.7360368, 41.4620015 ], [ 27.7264666, 41.4636336 ], [ 27.7211315, 41.4608484 ], [ 27.7178728, 41.4626768 ], [ 27.7186024, 41.4633763 ], [ 27.7154911, 41.4643893 ], [ 27.7150297, 41.4635049 ], [ 27.711299, 41.4640248 ], [ 27.7110439, 41.4634929 ], [ 27.7087533, 41.4643572 ], [ 27.707541, 41.4633602 ], [ 27.7063501, 41.4637863 ], [ 27.7024448, 41.4599512 ], [ 27.701962, 41.4584637 ], [ 27.7007925, 41.4588416 ], [ 27.7003255, 41.4584931 ], [ 27.7011788, 41.4580617 ], [ 27.6996767, 41.4565018 ], [ 27.6951384, 41.4539447 ], [ 27.6926815, 41.4550062 ], [ 27.6915192, 41.4544541 ], [ 27.6916623, 41.453406 ], [ 27.6838624, 41.4534703 ], [ 27.6821136, 41.4528029 ], [ 27.6711058, 41.4568797 ], [ 27.6682627, 41.451661 ], [ 27.6641858, 41.4483157 ], [ 27.6594543, 41.4425173 ], [ 27.6549268, 41.4350695 ], [ 27.6559138, 41.4338147 ], [ 27.6546049, 41.4331873 ], [ 27.6540041, 41.430565 ], [ 27.6526522, 41.4297284 ], [ 27.6519549, 41.4272749 ], [ 27.648232, 41.4289561 ], [ 27.6478457, 41.4270738 ], [ 27.6468755, 41.4267725 ], [ 27.6428074, 41.4277548 ], [ 27.642889, 41.4287952 ], [ 27.6379967, 41.4306132 ], [ 27.6362371, 41.4286826 ], [ 27.6324177, 41.4314176 ], [ 27.6293707, 41.4272186 ], [ 27.6261949, 41.429117 ], [ 27.6231694, 41.4296479 ], [ 27.6244236, 41.4313049 ], [ 27.6191354, 41.4330987 ], [ 27.6199293, 41.4347799 ], [ 27.6187062, 41.4351901 ], [ 27.6192105, 41.4392439 ], [ 27.6211953, 41.4450185 ], [ 27.6177943, 41.445493 ], [ 27.6185131, 41.4480262 ], [ 27.6178479, 41.4486132 ], [ 27.6198006, 41.4544835 ], [ 27.6192319, 41.4561238 ], [ 27.6210451, 41.4601522 ], [ 27.618792, 41.4664716 ], [ 27.6192748, 41.4705154 ], [ 27.6182127, 41.4707727 ], [ 27.6190495, 41.474358 ], [ 27.6201761, 41.4737872 ], [ 27.6210558, 41.4759174 ], [ 27.6195109, 41.4778627 ], [ 27.6200473, 41.4787871 ], [ 27.6221931, 41.4794382 ], [ 27.6222038, 41.4804108 ], [ 27.62362, 41.4808368 ], [ 27.6232231, 41.4812949 ], [ 27.6261091, 41.4821308 ], [ 27.6274502, 41.4843572 ], [ 27.6293814, 41.4848877 ], [ 27.6299822, 41.486246 ], [ 27.6294565, 41.4868005 ], [ 27.6311409, 41.4899429 ], [ 27.6367628, 41.494596 ], [ 27.6373637, 41.4966532 ], [ 27.640872, 41.4981238 ], [ 27.6412582, 41.4995782 ], [ 27.6423526, 41.5006067 ], [ 27.6433182, 41.5004701 ], [ 27.6452279, 41.5044636 ], [ 27.6492619, 41.506882 ], [ 27.6496267, 41.5091959 ], [ 27.6511931, 41.5094852 ], [ 27.6471871, 41.5122916 ], [ 27.6479561, 41.513134 ], [ 27.6475144, 41.5152939 ], [ 27.6486416, 41.5186587 ], [ 27.6507425, 41.5204751 ], [ 27.6510751, 41.5223708 ], [ 27.6502168, 41.5226038 ], [ 27.6509356, 41.5242986 ], [ 27.6501739, 41.524885 ], [ 27.652148, 41.5272545 ], [ 27.6501202, 41.5258971 ], [ 27.649498, 41.5265075 ], [ 27.6515257, 41.5301861 ], [ 27.6495623, 41.5295837 ], [ 27.6503885, 41.531672 ], [ 27.6492298, 41.5312142 ], [ 27.6501846, 41.5336878 ], [ 27.6513755, 41.5340412 ], [ 27.6531243, 41.5366192 ], [ 27.654165, 41.5398636 ], [ 27.6564395, 41.5412448 ], [ 27.6531029, 41.5407549 ], [ 27.6521587, 41.5430998 ], [ 27.6569545, 41.5494352 ], [ 27.6577055, 41.5519804 ], [ 27.6447558, 41.5523337 ], [ 27.6351643, 41.5539716 ], [ 27.6273966, 41.5569341 ], [ 27.6231372, 41.5603942 ], [ 27.611314, 41.5651867 ], [ 27.6102253, 41.5662597 ], [ 27.6035142, 41.5673942 ], [ 27.6039433, 41.5677394 ], [ 27.6012719, 41.5699949 ], [ 27.5930536, 41.5737834 ], [ 27.5879359, 41.5773871 ] ] ] } },
{ "type": "Feature", "properties": { "ilce": "Kapaklı" }, "geometry": { "type": "Polygon", "coordinates": [ [ [ 27.7818167, 41.3546251 ], [ 27.7860009, 41.3584102 ], [ 27.7870738, 41.3579511 ], [ 27.7905118, 41.3608026 ], [ 27.7915692, 41.3602381 ], [ 27.7915742, 41.3611365 ], [ 27.7943265, 41.3620178 ], [ 27.795335, 41.3635075 ], [ 27.7974915, 41.3635397 ], [ 27.7972233, 41.3644496 ], [ 27.7989077, 41.3653031 ], [ 27.8035641, 41.3655688 ], [ 27.807641, 41.3683629 ], [ 27.8140998, 41.3698685 ], [ 27.8247857, 41.3775412 ], [ 27.8272104, 41.3796424 ], [ 27.8302359, 41.3841826 ], [ 27.8295815, 41.3844885 ], [ 27.8342807, 41.3937048 ], [ 27.8420055, 41.392095 ], [ 27.8472519, 41.3936887 ], [ 27.8469086, 41.3931494 ], [ 27.8507602, 41.3899379 ], [ 27.856425, 41.3869999 ], [ 27.8581309, 41.3870321 ], [ 27.859579, 41.3845923 ], [ 27.861135, 41.3874507 ], [ 27.8627443, 41.3881108 ], [ 27.8667033, 41.3856235 ], [ 27.8711021, 41.3874829 ], [ 27.8758228, 41.3869838 ], [ 27.8818846, 41.3886179 ], [ 27.8856826, 41.3878451 ], [ 27.8956711, 41.38766 ], [ 27.9061103, 41.3850761 ], [ 27.9035604, 41.3679462 ], [ 27.9053163, 41.3673966 ], [ 27.9090285, 41.3632417 ], [ 27.9105198, 41.3628069 ], [ 27.9106915, 41.3605361 ], [ 27.9121613, 41.3601576 ], [ 27.9148221, 41.3572747 ], [ 27.9143071, 41.3534493 ], [ 27.9094469, 41.344622 ], [ 27.9084492, 41.3447992 ], [ 27.9092753, 41.3440421 ], [ 27.905812, 41.3403758 ], [ 27.9075587, 41.3393218 ], [ 27.9062068, 41.3381377 ], [ 27.9152942, 41.3330545 ], [ 27.9217207, 41.3273827 ], [ 27.9285228, 41.3246071 ], [ 27.9335761, 41.3234751 ], [ 27.9393166, 41.3275193 ], [ 27.9471373, 41.3309357 ], [ 27.9520941, 41.3346254 ], [ 27.9646468, 41.3413437 ], [ 27.9575229, 41.3512184 ], [ 27.9589069, 41.3517903 ], [ 27.9577535, 41.356868 ], [ 27.9612028, 41.360822 ], [ 27.9617125, 41.3633907 ], [ 27.9651403, 41.3632337 ], [ 27.9632413, 41.3647395 ], [ 27.9652476, 41.3656977 ], [ 27.967962, 41.3654964 ], [ 27.9675436, 41.3697397 ], [ 27.9665029, 41.3703919 ], [ 27.9684019, 41.3728556 ], [ 27.971524, 41.3745463 ], [ 27.9759335, 41.3738459 ], [ 27.9776931, 41.3725657 ], [ 27.9771244, 41.3742243 ], [ 27.9781008, 41.3745141 ], [ 27.977221, 41.376245 ], [ 27.9801607, 41.3777103 ], [ 27.9945159, 41.3783221 ], [ 27.9987645, 41.3800127 ], [ 28.0003953, 41.3785797 ], [ 28.0033564, 41.3784831 ], [ 28.011961, 41.3822506 ], [ 28.0193853, 41.38151 ], [ 28.0256295, 41.3833937 ], [ 28.034844, 41.3795223 ], [ 28.0431712, 41.3907348 ], [ 28.0492544, 41.3931494 ], [ 28.0502522, 41.3943728 ], [ 28.0492437, 41.3951455 ], [ 28.0516278, 41.3973196 ], [ 28.0511212, 41.3986384 ], [ 28.0525803, 41.3990086 ], [ 28.0526447, 41.4008193 ], [ 28.056196, 41.4007469 ], [ 28.0595648, 41.4028795 ], [ 28.0609596, 41.4016804 ], [ 28.0626655, 41.4015195 ], [ 28.0628049, 41.4026381 ], [ 28.0650473, 41.4026703 ], [ 28.067193, 41.4037889 ], [ 28.0666566, 41.4044166 ], [ 28.0673647, 41.4047546 ], [ 28.0681371, 41.4039498 ], [ 28.0704331, 41.4046097 ], [ 28.0713343, 41.4041591 ], [ 28.0742204, 41.3999019 ], [ 28.0778253, 41.397399 ], [ 28.08025, 41.3969724 ], [ 28.0813014, 41.3978416 ], [ 28.0835759, 41.3957974 ], [ 28.0899596, 41.3960469 ], [ 28.0943262, 41.394067 ], [ 28.0989144, 41.394076 ], [ 28.0988078, 41.3860364 ], [ 28.0948293, 41.3773964 ], [ 28.0921247, 41.3750215 ], [ 28.0893576, 41.3695754 ], [ 28.0885863, 41.3588209 ], [ 28.0890302, 41.3555044 ], [ 28.0877387, 41.3524185 ], [ 28.0890057, 41.35033 ], [ 28.0897665, 41.3462732 ], [ 28.0866122, 41.3393138 ], [ 28.0826552, 41.3371207 ], [ 28.0735275, 41.326429 ], [ 28.0642474, 41.327005 ], [ 28.0630342, 41.3293359 ], [ 28.0617815, 41.3292857 ], [ 28.0600497, 41.3284807 ], [ 28.0560069, 41.3237896 ], [ 28.0531435, 41.3231485 ], [ 28.0476988, 41.3235494 ], [ 28.033493, 41.3206613 ], [ 28.0297143, 41.3190449 ], [ 28.0270318, 41.3221533 ], [ 28.0278423, 41.3258995 ], [ 28.0290882, 41.3274976 ], [ 28.0263337, 41.3286881 ], [ 28.0248565, 41.3271858 ], [ 28.0204035, 41.3252291 ], [ 28.0200266, 41.3240187 ], [ 28.0183282, 41.323838 ], [ 28.0127978, 41.316377 ], [ 28.0091003, 41.3095813 ], [ 28.0035395, 41.3141488 ], [ 28.0023844, 41.313459 ], [ 27.9997972, 41.3149116 ], [ 27.9993305, 41.3139829 ], [ 27.9998562, 41.3133966 ], [ 27.9988743, 41.3120596 ], [ 27.9994431, 41.3116136 ], [ 27.9949042, 41.311908 ], [ 27.9939485, 41.3099679 ], [ 27.9880292, 41.3131125 ], [ 27.9852735, 41.3181251 ], [ 27.9829502, 41.3188097 ], [ 27.9814803, 41.3177058 ], [ 27.9804826, 41.3153528 ], [ 27.9794105, 41.3093358 ], [ 27.9735088, 41.3051663 ], [ 27.9651217, 41.293154 ], [ 27.9578576, 41.2856971 ], [ 27.9575068, 41.2850909 ], [ 27.9613705, 41.2842027 ], [ 27.9609239, 41.2836357 ], [ 27.9598725, 41.2840146 ], [ 27.9572367, 41.2797044 ], [ 27.9585314, 41.2786128 ], [ 27.9568307, 41.2779929 ], [ 27.9563589, 41.2785403 ], [ 27.9515147, 41.2732266 ], [ 27.9503757, 41.2657673 ], [ 27.9429959, 41.2674378 ], [ 27.9388788, 41.2649717 ], [ 27.9349764, 41.2654022 ], [ 27.9316511, 41.2612935 ], [ 27.9297674, 41.2608399 ], [ 27.9286408, 41.2572508 ], [ 27.9276442, 41.2567703 ], [ 27.9231906, 41.2584284 ], [ 27.9182404, 41.2547427 ], [ 27.9155098, 41.2566213 ], [ 27.913084, 41.2570169 ], [ 27.9117651, 41.2591213 ], [ 27.907833, 41.2602396 ], [ 27.9071724, 41.2613963 ], [ 27.9050589, 41.2622674 ], [ 27.9022507, 41.2616082 ], [ 27.9017096, 41.2623071 ], [ 27.9026019, 41.2633884 ], [ 27.9049086, 41.2639368 ], [ 27.9078376, 41.268985 ], [ 27.9101121, 41.2707591 ], [ 27.9094423, 41.271422 ], [ 27.9071402, 41.2718719 ], [ 27.9038679, 41.2742022 ], [ 27.9025846, 41.273418 ], [ 27.9013359, 41.2751215 ], [ 27.8998446, 41.2741781 ], [ 27.8985357, 41.2754924 ], [ 27.897141, 41.2742909 ], [ 27.8952849, 41.2751457 ], [ 27.8956497, 41.2757988 ], [ 27.893182, 41.2752263 ], [ 27.8917551, 41.2755972 ], [ 27.8919796, 41.2763401 ], [ 27.890237, 41.2765607 ], [ 27.8908056, 41.2760245 ], [ 27.8900868, 41.2752505 ], [ 27.8884077, 41.2754762 ], [ 27.8894102, 41.2762293 ], [ 27.8879839, 41.2762261 ], [ 27.8857255, 41.2785966 ], [ 27.8851676, 41.2781854 ], [ 27.8807044, 41.2795884 ], [ 27.8729152, 41.2851918 ], [ 27.8721857, 41.2848692 ], [ 27.8705549, 41.2877151 ], [ 27.8649974, 41.2911009 ], [ 27.8624414, 41.2892724 ], [ 27.8636026, 41.2936402 ], [ 27.8664694, 41.2993564 ], [ 27.86165, 41.3049407 ], [ 27.8643751, 41.3061174 ], [ 27.8693104, 41.31084 ], [ 27.8692674, 41.3125888 ], [ 27.8593111, 41.3164004 ], [ 27.8564572, 41.3194302 ], [ 27.8522837, 41.3208403 ], [ 27.8523213, 41.3214124 ], [ 27.8500843, 41.3212673 ], [ 27.8502023, 41.3206549 ], [ 27.8488312, 41.3204632 ], [ 27.8486895, 41.3193979 ], [ 27.8450739, 41.3179959 ], [ 27.8418016, 41.318705 ], [ 27.8410828, 41.3173835 ], [ 27.8384864, 41.3175366 ], [ 27.8381071, 41.3165331 ], [ 27.8364801, 41.3177219 ], [ 27.8376603, 41.318705 ], [ 27.8369951, 41.3194785 ], [ 27.8375745, 41.3206227 ], [ 27.8352678, 41.3216219 ], [ 27.8344417, 41.3208161 ], [ 27.8324032, 41.3211545 ], [ 27.8317702, 41.3197122 ], [ 27.8296137, 41.3216299 ], [ 27.8271997, 41.3213318 ], [ 27.8267813, 41.3205905 ], [ 27.824068, 41.321422 ], [ 27.822243, 41.3224679 ], [ 27.8239918, 41.3241519 ], [ 27.8235197, 41.3253363 ], [ 27.8149474, 41.3289699 ], [ 27.8133595, 41.329276 ], [ 27.81057, 41.3283495 ], [ 27.8085961, 41.3263056 ], [ 27.8092933, 41.3284784 ], [ 27.8081238, 41.3290907 ], [ 27.8075766, 41.3316607 ], [ 27.8064716, 41.3329256 ], [ 27.8040576, 41.341827 ], [ 27.8026628, 41.3400871 ], [ 27.8030276, 41.3395151 ], [ 27.8019977, 41.3401596 ], [ 27.7990307, 41.3381347 ], [ 27.7927172, 41.3403609 ], [ 27.7850461, 41.3468531 ], [ 27.7835655, 41.3505097 ], [ 27.7826214, 41.3503809 ], [ 27.7819884, 41.3528373 ], [ 27.7831793, 41.352652 ], [ 27.7818167, 41.3546251 ] ] ] } },
{ "type": "Feature", "properties": { "ilce": "Kapaklı" }, "geometry": { "type": "Polygon", "coordinates": [ [ [ 27.7818167, 41.3546251 ], [ 27.7860009, 41.3584102 ], [ 27.7870738, 41.3579511 ], [ 27.7905118, 41.3608026 ], [ 27.7915692, 41.3602381 ], [ 27.7915742, 41.3611365 ], [ 27.7943265, 41.3620178 ], [ 27.795335, 41.3635075 ], [ 27.7974915, 41.3635397 ], [ 27.7972233, 41.3644496 ], [ 27.7989077, 41.3653031 ], [ 27.8035641, 41.3655688 ], [ 27.807641, 41.3683629 ], [ 27.8140998, 41.3698685 ], [ 27.8247857, 41.3775412 ], [ 27.8272104, 41.3796424 ], [ 27.8302359, 41.3841826 ], [ 27.8295815, 41.3844885 ], [ 27.8342807, 41.3937048 ], [ 27.8420055, 41.392095 ], [ 27.8472519, 41.3936887 ], [ 27.8469086, 41.3931494 ], [ 27.8507602, 41.3899379 ], [ 27.856425, 41.3869999 ], [ 27.8581309, 41.3870321 ], [ 27.859579, 41.3845923 ], [ 27.861135, 41.3874507 ], [ 27.8627443, 41.3881108 ], [ 27.8667033, 41.3856235 ], [ 27.8711021, 41.3874829 ], [ 27.8758228, 41.3869838 ], [ 27.8818846, 41.3886179 ], [ 27.8856826, 41.3878451 ], [ 27.8956711, 41.38766 ], [ 27.9061103, 41.3850761 ], [ 27.9035604, 41.3679462 ], [ 27.9053163, 41.3673966 ], [ 27.9090285, 41.3632417 ], [ 27.9105198, 41.3628069 ], [ 27.9106915, 41.3605361 ], [ 27.9121613, 41.3601576 ], [ 27.9148221, 41.3572747 ], [ 27.9143071, 41.3534493 ], [ 27.9094469, 41.344622 ], [ 27.9084492, 41.3447992 ], [ 27.9092753, 41.3440421 ], [ 27.905812, 41.3403758 ], [ 27.9075587, 41.3393218 ], [ 27.9062068, 41.3381377 ], [ 27.9152942, 41.3330545 ], [ 27.9217207, 41.3273827 ], [ 27.9285228, 41.3246071 ], [ 27.9335761, 41.3234751 ], [ 27.9393166, 41.3275193 ], [ 27.9471373, 41.3309357 ], [ 27.9520941, 41.3346254 ], [ 27.9646468, 41.3413437 ], [ 27.9575229, 41.3512184 ], [ 27.9589069, 41.3517903 ], [ 27.9577535, 41.356868 ], [ 27.9612028, 41.360822 ], [ 27.9617125, 41.3633907 ], [ 27.9651403, 41.3632337 ], [ 27.9632413, 41.3647395 ], [ 27.9652476, 41.3656977 ], [ 27.967962, 41.3654964 ], [ 27.9675436, 41.3697397 ], [ 27.9665029, 41.3703919 ], [ 27.9684019, 41.3728556 ], [ 27.971524, 41.3745463 ], [ 27.9759335, 41.3738459 ], [ 27.9776931, 41.3725657 ], [ 27.9771244, 41.3742243 ], [ 27.9781008, 41.3745141 ], [ 27.977221, 41.376245 ], [ 27.9801607, 41.3777103 ], [ 27.9945159, 41.3783221 ], [ 27.9987645, 41.3800127 ], [ 28.0003953, 41.3785797 ], [ 28.0033564, 41.3784831 ], [ 28.011961, 41.3822506 ], [ 28.0193853, 41.38151 ], [ 28.0256295, 41.3833937 ], [ 28.034844, 41.3795223 ], [ 28.0431712, 41.3907348 ], [ 28.0492544, 41.3931494 ], [ 28.0502522, 41.3943728 ], [ 28.0492437, 41.3951455 ], [ 28.0516278, 41.3973196 ], [ 28.0511212, 41.3986384 ], [ 28.0525803, 41.3990086 ], [ 28.0526447, 41.4008193 ], [ 28.056196, 41.4007469 ], [ 28.0595648, 41.4028795 ], [ 28.0609596, 41.4016804 ], [ 28.0626655, 41.4015195 ], [ 28.0628049, 41.4026381 ], [ 28.0650473, 41.4026703 ], [ 28.067193, 41.4037889 ], [ 28.0666566, 41.4044166 ], [ 28.0673647, 41.4047546 ], [ 28.0681371, 41.4039498 ], [ 28.0704331, 41.4046097 ], [ 28.0713343, 41.4041591 ], [ 28.0742204, 41.3999019 ], [ 28.0778253, 41.397399 ], [ 28.08025, 41.3969724 ], [ 28.0813014, 41.3978416 ], [ 28.0835759, 41.3957974 ], [ 28.0899596, 41.3960469 ], [ 28.0943262, 41.394067 ], [ 28.0989144, 41.394076 ], [ 28.0988078, 41.3860364 ], [ 28.0948293, 41.3773964 ], [ 28.0921247, 41.3750215 ], [ 28.0893576, 41.3695754 ], [ 28.0885863, 41.3588209 ], [ 28.0890302, 41.3555044 ], [ 28.0877387, 41.3524185 ], [ 28.0890057, 41.35033 ], [ 28.0897665, 41.3462732 ], [ 28.0866122, 41.3393138 ], [ 28.0826552, 41.3371207 ], [ 28.0735275, 41.326429 ], [ 28.0642474, 41.327005 ], [ 28.0630342, 41.3293359 ], [ 28.0617815, 41.3292857 ], [ 28.0600497, 41.3284807 ], [ 28.0560069, 41.3237896 ], [ 28.0531435, 41.3231485 ], [ 28.0476988, 41.3235494 ], [ 28.033493, 41.3206613 ], [ 28.0297143, 41.3190449 ], [ 28.0270318, 41.3221533 ], [ 28.0278423, 41.3258995 ], [ 28.0290882, 41.3274976 ], [ 28.0263337, 41.3286881 ], [ 28.0248565, 41.3271858 ], [ 28.0204035, 41.3252291 ], [ 28.0200266, 41.3240187 ], [ 28.0183282, 41.323838 ], [ 28.0127978, 41.316377 ], [ 28.0091003, 41.3095813 ], [ 28.0035395, 41.3141488 ], [ 28.0023844, 41.313459 ], [ 27.9997972, 41.3149116 ], [ 27.9993305, 41.3139829 ], [ 27.9998562, 41.3133966 ], [ 27.9988743, 41.3120596 ], [ 27.9994431, 41.3116136 ], [ 27.9949042, 41.311908 ], [ 27.9939485, 41.3099679 ], [ 27.9880292, 41.3131125 ], [ 27.9852735, 41.3181251 ], [ 27.9829502, 41.3188097 ], [ 27.9814803, 41.3177058 ], [ 27.9804826, 41.3153528 ], [ 27.9794105, 41.3093358 ], [ 27.9735088, 41.3051663 ], [ 27.9651217, 41.293154 ], [ 27.9578576, 41.2856971 ], [ 27.9575068, 41.2850909 ], [ 27.9613705, 41.2842027 ], [ 27.9609239, 41.2836357 ], [ 27.9598725, 41.2840146 ], [ 27.9572367, 41.2797044 ], [ 27.9585314, 41.2786128 ], [ 27.9568307, 41.2779929 ], [ 27.9563589, 41.2785403 ], [ 27.9515147, 41.2732266 ], [ 27.9503757, 41.2657673 ], [ 27.9429959, 41.2674378 ], [ 27.9388788, 41.2649717 ], [ 27.9349764, 41.2654022 ], [ 27.9316511, 41.2612935 ], [ 27.9297674, 41.2608399 ], [ 27.9286408, 41.2572508 ], [ 27.9276442, 41.2567703 ], [ 27.9231906, 41.2584284 ], [ 27.9182404, 41.2547427 ], [ 27.9155098, 41.2566213 ], [ 27.913084, 41.2570169 ], [ 27.9117651, 41.2591213 ], [ 27.907833, 41.2602396 ], [ 27.9071724, 41.2613963 ], [ 27.9050589, 41.2622674 ], [ 27.9022507, 41.2616082 ], [ 27.9017096, 41.2623071 ], [ 27.9026019, 41.2633884 ], [ 27.9049086, 41.2639368 ], [ 27.9078376, 41.268985 ], [ 27.9101121, 41.2707591 ], [ 27.9094423, 41.271422 ], [ 27.9071402, 41.2718719 ], [ 27.9038679, 41.2742022 ], [ 27.9025846, 41.273418 ], [ 27.9013359, 41.2751215 ], [ 27.8998446, 41.2741781 ], [ 27.8985357, 41.2754924 ], [ 27.897141, 41.2742909 ], [ 27.8952849, 41.2751457 ], [ 27.8956497, 41.2757988 ], [ 27.893182, 41.2752263 ], [ 27.8917551, 41.2755972 ], [ 27.8919796, 41.2763401 ], [ 27.890237, 41.2765607 ], [ 27.8908056, 41.2760245 ], [ 27.8900868, 41.2752505 ], [ 27.8884077, 41.2754762 ], [ 27.8894102, 41.2762293 ], [ 27.8879839, 41.2762261 ], [ 27.8857255, 41.2785966 ], [ 27.8851676, 41.2781854 ], [ 27.8807044, 41.2795884 ], [ 27.8729152, 41.2851918 ], [ 27.8721857, 41.2848692 ], [ 27.8705549, 41.2877151 ], [ 27.8649974, 41.2911009 ], [ 27.8624414, 41.2892724 ], [ 27.8636026, 41.2936402 ], [ 27.8664694, 41.2993564 ], [ 27.86165, 41.3049407 ], [ 27.8643751, 41.3061174 ], [ 27.8693104, 41.31084 ], [ 27.8692674, 41.3125888 ], [ 27.8593111, 41.3164004 ], [ 27.8564572, 41.3194302 ], [ 27.8522837, 41.3208403 ], [ 27.8523213, 41.3214124 ], [ 27.8500843, 41.3212673 ], [ 27.8502023, 41.3206549 ], [ 27.8488312, 41.3204632 ], [ 27.8486895, 41.3193979 ], [ 27.8450739, 41.3179959 ], [ 27.8418016, 41.318705 ], [ 27.8410828, 41.3173835 ], [ 27.8384864, 41.3175366 ], [ 27.8381071, 41.3165331 ], [ 27.8364801, 41.3177219 ], [ 27.8376603, 41.318705 ], [ 27.8369951, 41.3194785 ], [ 27.8375745, 41.3206227 ], [ 27.8352678, 41.3216219 ], [ 27.8344417, 41.3208161 ], [ 27.8324032, 41.3211545 ], [ 27.8317702, 41.3197122 ], [ 27.8296137, 41.3216299 ], [ 27.8271997, 41.3213318 ], [ 27.8267813, 41.3205905 ], [ 27.824068, 41.321422 ], [ 27.822243, 41.3224679 ], [ 27.8239918, 41.3241519 ], [ 27.8235197, 41.3253363 ], [ 27.8149474, 41.3289699 ], [ 27.8133595, 41.329276 ], [ 27.81057, 41.3283495 ], [ 27.8085961, 41.3263056 ], [ 27.8092933, 41.3284784 ], [ 27.8081238, 41.3290907 ], [ 27.8075766, 41.3316607 ], [ 27.8064716, 41.3329256 ], [ 27.8040576, 41.341827 ], [ 27.8026628, 41.3400871 ], [ 27.8030276, 41.3395151 ], [ 27.8019977, 41.3401596 ], [ 27.7990307, 41.3381347 ], [ 27.7927172, 41.3403609 ], [ 27.7850461, 41.3468531 ], [ 27.7835655, 41.3505097 ], [ 27.7826214, 41.3503809 ], [ 27.7819884, 41.3528373 ], [ 27.7831793, 41.352652 ], [ 27.7818167, 41.3546251 ] ] ] } },
{ "type": "Feature", "properties": { "ilce": "Küçükçekmece" }, "geometry": { "type": "Polygon", "coordinates": [ [ [ 28.7401805, 41.0501781 ], [ 28.7421656, 41.0568563 ], [ 28.7452733, 41.0591214 ], [ 28.7446352, 41.0620872 ], [ 28.7559249, 41.0610294 ], [ 28.7648943, 41.0623398 ], [ 28.7793987, 41.0624676 ], [ 28.7910315, 41.0641013 ], [ 28.7969525, 41.0636072 ], [ 28.8050655, 41.0616206 ], [ 28.8116321, 41.0612891 ], [ 28.8079531, 41.0471405 ], [ 28.8107671, 41.03698 ], [ 28.8109631, 41.0271706 ], [ 28.8083935, 41.027953 ], [ 28.8079025, 41.0262786 ], [ 28.8085127, 41.0247242 ], [ 28.8064171, 41.0203853 ], [ 28.8067995, 41.0191413 ], [ 28.8059569, 41.0161334 ], [ 28.8082437, 41.0150551 ], [ 28.8094068, 41.0074172 ], [ 28.8118544, 41.0023993 ], [ 28.8117338, 41.0005848 ], [ 28.8141053, 40.9986402 ], [ 28.8162106, 40.995445 ], [ 28.8193482, 40.9944115 ], [ 28.818879, 40.9935292 ], [ 28.8152088, 40.9950399 ], [ 28.8103968, 40.9995644 ], [ 28.806196, 41.0006487 ], [ 28.8031143, 41.0005109 ], [ 28.7969098, 40.9974745 ], [ 28.7980727, 40.9940897 ], [ 28.7984168, 40.9890176 ], [ 28.7945518, 40.9881167 ], [ 28.7923865, 40.9891783 ], [ 28.7885011, 40.9866443 ], [ 28.7785325, 40.9842507 ], [ 28.7769953, 40.9860099 ], [ 28.773436, 40.9865223 ], [ 28.7752893, 40.9840442 ], [ 28.7757386, 40.9824936 ], [ 28.7757065, 40.9815488 ], [ 28.77484, 40.9790775 ], [ 28.77519, 40.9773627 ], [ 28.7728431, 40.9806553 ], [ 28.7756661, 40.9819856 ], [ 28.7752159, 40.9838491 ], [ 28.7729421, 40.9861361 ], [ 28.7717828, 40.9891872 ], [ 28.7701632, 40.9898091 ], [ 28.7700351, 40.988923 ], [ 28.7714043, 40.9885641 ], [ 28.7699962, 40.9881067 ], [ 28.7719021, 40.987963 ], [ 28.7728097, 40.9856719 ], [ 28.7753451, 40.9824219 ], [ 28.7741633, 40.9817423 ], [ 28.7693385, 40.9818867 ], [ 28.770814, 40.9809451 ], [ 28.7724195, 40.981272 ], [ 28.7725503, 40.9792641 ], [ 28.774716, 40.9770526 ], [ 28.7682876, 40.9799345 ], [ 28.7670833, 40.9820637 ], [ 28.7676398, 40.9826883 ], [ 28.7685454, 40.9821476 ], [ 28.7693551, 40.9820125 ], [ 28.7672749, 40.9829717 ], [ 28.7675753, 40.9846402 ], [ 28.7662556, 40.9834658 ], [ 28.7664809, 40.9815463 ], [ 28.7640991, 40.9815382 ], [ 28.7622742, 40.9801891 ], [ 28.7567678, 40.9799843 ], [ 28.7566005, 40.9831476 ], [ 28.7397863, 41.044572 ], [ 28.7401805, 41.0501781 ] ] ] } },
{ "type": "Feature", "properties": { "ilce": "Küçükçekmece" }, "geometry": { "type": "Polygon", "coordinates": [ [ [ 28.7401805, 41.0501781 ], [ 28.7421656, 41.0568563 ], [ 28.7452733, 41.0591214 ], [ 28.7446352, 41.0620872 ], [ 28.7559249, 41.0610294 ], [ 28.7648943, 41.0623398 ], [ 28.7793987, 41.0624676 ], [ 28.7910315, 41.0641013 ], [ 28.7969525, 41.0636072 ], [ 28.8050655, 41.0616206 ], [ 28.8116321, 41.0612891 ], [ 28.8079531, 41.0471405 ], [ 28.8107671, 41.03698 ], [ 28.8109631, 41.0271706 ], [ 28.8083935, 41.027953 ], [ 28.8079025, 41.0262786 ], [ 28.8085127, 41.0247242 ], [ 28.8064171, 41.0203853 ], [ 28.8067995, 41.0191413 ], [ 28.8059569, 41.0161334 ], [ 28.8082437, 41.0150551 ], [ 28.8094068, 41.0074172 ], [ 28.8118544, 41.0023993 ], [ 28.8117338, 41.0005848 ], [ 28.8141053, 40.9986402 ], [ 28.8162106, 40.995445 ], [ 28.8193482, 40.9944115 ], [ 28.818879, 40.9935292 ], [ 28.8152088, 40.9950399 ], [ 28.8103968, 40.9995644 ], [ 28.806196, 41.0006487 ], [ 28.8031143, 41.0005109 ], [ 28.7969098, 40.9974745 ], [ 28.7980727, 40.9940897 ], [ 28.7984168, 40.9890176 ], [ 28.7945518, 40.9881167 ], [ 28.7923865, 40.9891783 ], [ 28.7885011, 40.9866443 ], [ 28.7785325, 40.9842507 ], [ 28.7769953, 40.9860099 ], [ 28.773436, 40.9865223 ], [ 28.7752893, 40.9840442 ], [ 28.7757386, 40.9824936 ], [ 28.7757065, 40.9815488 ], [ 28.77484, 40.9790775 ], [ 28.77519, 40.9773627 ], [ 28.7728431, 40.9806553 ], [ 28.7756661, 40.9819856 ], [ 28.7752159, 40.9838491 ], [ 28.7729421, 40.9861361 ], [ 28.7717828, 40.9891872 ], [ 28.7701632, 40.9898091 ], [ 28.7700351, 40.988923 ], [ 28.7714043, 40.9885641 ], [ 28.7699962, 40.9881067 ], [ 28.7719021, 40.987963 ], [ 28.7728097, 40.9856719 ], [ 28.7753451, 40.9824219 ], [ 28.7741633, 40.9817423 ], [ 28.7693385, 40.9818867 ], [ 28.770814, 40.9809451 ], [ 28.7724195, 40.981272 ], [ 28.7725503, 40.9792641 ], [ 28.774716, 40.9770526 ], [ 28.7682876, 40.9799345 ], [ 28.7670833, 40.9820637 ], [ 28.7676398, 40.9826883 ], [ 28.7685454, 40.9821476 ], [ 28.7693551, 40.9820125 ], [ 28.7672749, 40.9829717 ], [ 28.7675753, 40.9846402 ], [ 28.7662556, 40.9834658 ], [ 28.7664809, 40.9815463 ], [ 28.7640991, 40.9815382 ], [ 28.7622742, 40.9801891 ], [ 28.7567678, 40.9799843 ], [ 28.7566005, 40.9831476 ], [ 28.7397863, 41.044572 ], [ 28.7401805, 41.0501781 ] ] ] } },
{ "type": "Feature", "properties": { "ilce": null }, "geometry": { "type": "Polygon", "coordinates": [ [ [ 29.6109265, 41.1816722 ], [ 29.6111086, 41.1808304 ], [ 29.6114729, 41.180869 ], [ 29.6109265, 41.1816722 ] ] ] } },
{ "type": "Feature", "properties": { "ilce": null }, "geometry": { "type": "Polygon", "coordinates": [ [ [ 29.6109265, 41.1816722 ], [ 29.6111086, 41.1808304 ], [ 29.6114729, 41.180869 ], [ 29.6109265, 41.1816722 ] ] ] } },
{ "type": "Feature", "properties": { "ilce": null }, "geometry": { "type": "Polygon", "coordinates": [ [ [ 29.6109265, 41.1816722 ], [ 29.6111086, 41.1808304 ], [ 29.6114729, 41.180869 ], [ 29.6109265, 41.1816722 ] ] ] } },
{ "type": "Feature", "properties": { "ilce": null }, "geometry": { "type": "Polygon", "coordinates": [ [ [ 29.6109265, 41.1816722 ], [ 29.6111086, 41.1808304 ], [ 29.6114729, 41.180869 ], [ 29.6109265, 41.1816722 ] ] ] } },
{ "type": "Feature", "properties": { "ilce": "Ocaklı Ada" }, "geometry": { "type": "Polygon", "coordinates": [ [ [ 29.6085191, 41.1811007 ], [ 29.6099326, 41.1814278 ], [ 29.6086585, 41.1824855 ], [ 29.6085191, 41.1811007 ] ] ] } },
{ "type": "Feature", "properties": { "ilce": "Ocaklı Ada" }, "geometry": { "type": "Polygon", "coordinates": [ [ [ 29.6085191, 41.1811007 ], [ 29.6099326, 41.1814278 ], [ 29.6086585, 41.1824855 ], [ 29.6085191, 41.1811007 ] ] ] } },
{ "type": "Feature", "properties": { "ilce": "Ocaklı Ada" }, "geometry": { "type": "Polygon", "coordinates": [ [ [ 29.6085191, 41.1811007 ], [ 29.6099326, 41.1814278 ], [ 29.6086585, 41.1824855 ], [ 29.6085191, 41.1811007 ] ] ] } },
{ "type": "Feature", "properties": { "ilce": "Ocaklı Ada" }, "geometry": { "type": "Polygon", "coordinates": [ [ [ 29.6085191, 41.1811007 ], [ 29.6099326, 41.1814278 ], [ 29.6086585, 41.1824855 ], [ 29.6085191, 41.1811007 ] ] ] } },
{ "type": "Feature", "properties": { "ilce": null }, "geometry": { "type": "Polygon", "coordinates": [ [ [ 29.6048015, 41.1835636 ], [ 29.6058315, 41.1827925 ], [ 29.6058328, 41.1835289 ], [ 29.6048015, 41.1835636 ] ] ] } },
{ "type": "Feature", "properties": { "ilce": null }, "geometry": { "type": "Polygon", "coordinates": [ [ [ 29.6048015, 41.1835636 ], [ 29.6058315, 41.1827925 ], [ 29.6058328, 41.1835289 ], [ 29.6048015, 41.1835636 ] ] ] } },
{ "type": "Feature", "properties": { "ilce": null }, "geometry": { "type": "Polygon", "coordinates": [ [ [ 29.6048015, 41.1835636 ], [ 29.6058315, 41.1827925 ], [ 29.6058328, 41.1835289 ], [ 29.6048015, 41.1835636 ] ] ] } },
{ "type": "Feature", "properties": { "ilce": null }, "geometry": { "type": "Polygon", "coordinates": [ [ [ 29.6048015, 41.1835636 ], [ 29.6058315, 41.1827925 ], [ 29.6058328, 41.1835289 ], [ 29.6048015, 41.1835636 ] ] ] } },
{ "type": "Feature", "properties": { "ilce": null }, "geometry": { "type": "Polygon", "coordinates": [ [ [ 29.7545257, 41.1611516 ], [ 29.7549042, 41.1610058 ], [ 29.7550803, 41.1613835 ], [ 29.7545257, 41.1611516 ] ] ] } },
{ "type": "Feature", "properties": { "ilce": null }, "geometry": { "type": "Polygon", "coordinates": [ [ [ 29.7545257, 41.1611516 ], [ 29.7549042, 41.1610058 ], [ 29.7550803, 41.1613835 ], [ 29.7545257, 41.1611516 ] ] ] } },
{ "type": "Feature", "properties": { "ilce": null }, "geometry": { "type": "Polygon", "coordinates": [ [ [ 29.7545257, 41.1611516 ], [ 29.7549042, 41.1610058 ], [ 29.7550803, 41.1613835 ], [ 29.7545257, 41.1611516 ] ] ] } },
{ "type": "Feature", "properties": { "ilce": null }, "geometry": { "type": "Polygon", "coordinates": [ [ [ 29.7545257, 41.1611516 ], [ 29.7549042, 41.1610058 ], [ 29.7550803, 41.1613835 ], [ 29.7545257, 41.1611516 ] ] ] } },
{ "type": "Feature", "properties": { "ilce": null }, "geometry": { "type": "Polygon", "coordinates": [ [ [ 29.7286328, 41.1575218 ], [ 29.7284392, 41.1570845 ], [ 29.7291169, 41.1579194 ], [ 29.7286328, 41.1575218 ] ] ] } },
{ "type": "Feature", "properties": { "ilce": null }, "geometry": { "type": "Polygon", "coordinates": [ [ [ 29.7286328, 41.1575218 ], [ 29.7284392, 41.1570845 ], [ 29.7291169, 41.1579194 ], [ 29.7286328, 41.1575218 ] ] ] } },
{ "type": "Feature", "properties": { "ilce": null }, "geometry": { "type": "Polygon", "coordinates": [ [ [ 29.7286328, 41.1575218 ], [ 29.7284392, 41.1570845 ], [ 29.7291169, 41.1579194 ], [ 29.7286328, 41.1575218 ] ] ] } },
{ "type": "Feature", "properties": { "ilce": null }, "geometry": { "type": "Polygon", "coordinates": [ [ [ 29.7286328, 41.1575218 ], [ 29.7284392, 41.1570845 ], [ 29.7291169, 41.1579194 ], [ 29.7286328, 41.1575218 ] ] ] } },
{ "type": "Feature", "properties": { "ilce": null }, "geometry": { "type": "Polygon", "coordinates": [ [ [ 29.747701, 41.1602764 ], [ 29.7479002, 41.1602248 ], [ 29.7478939, 41.1603185 ], [ 29.747701, 41.1602764 ] ] ] } },
{ "type": "Feature", "properties": { "ilce": null }, "geometry": { "type": "Polygon", "coordinates": [ [ [ 29.747701, 41.1602764 ], [ 29.7479002, 41.1602248 ], [ 29.7478939, 41.1603185 ], [ 29.747701, 41.1602764 ] ] ] } },
{ "type": "Feature", "properties": { "ilce": null }, "geometry": { "type": "Polygon", "coordinates": [ [ [ 29.747701, 41.1602764 ], [ 29.7479002, 41.1602248 ], [ 29.7478939, 41.1603185 ], [ 29.747701, 41.1602764 ] ] ] } },
{ "type": "Feature", "properties": { "ilce": null }, "geometry": { "type": "Polygon", "coordinates": [ [ [ 29.747701, 41.1602764 ], [ 29.7479002, 41.1602248 ], [ 29.7478939, 41.1603185 ], [ 29.747701, 41.1602764 ] ] ] } },
{ "type": "Feature", "properties": { "ilce": null }, "geometry": { "type": "Polygon", "coordinates": [ [ [ 29.747172, 41.1600327 ], [ 29.7475765, 41.1600514 ], [ 29.7475143, 41.1602295 ], [ 29.747172, 41.1600327 ] ] ] } },
{ "type": "Feature", "properties": { "ilce": null }, "geometry": { "type": "Polygon", "coordinates": [ [ [ 29.747172, 41.1600327 ], [ 29.7475765, 41.1600514 ], [ 29.7475143, 41.1602295 ], [ 29.747172, 41.1600327 ] ] ] } },
{ "type": "Feature", "properties": { "ilce": null }, "geometry": { "type": "Polygon", "coordinates": [ [ [ 29.747172, 41.1600327 ], [ 29.7475765, 41.1600514 ], [ 29.7475143, 41.1602295 ], [ 29.747172, 41.1600327 ] ] ] } },
{ "type": "Feature", "properties": { "ilce": null }, "geometry": { "type": "Polygon", "coordinates": [ [ [ 29.747172, 41.1600327 ], [ 29.7475765, 41.1600514 ], [ 29.7475143, 41.1602295 ], [ 29.747172, 41.1600327 ] ] ] } },
{ "type": "Feature", "properties": { "ilce": null }, "geometry": { "type": "Polygon", "coordinates": [ [ [ 29.7810273, 41.1573479 ], [ 29.7813001, 41.1571822 ], [ 29.7813793, 41.1573147 ], [ 29.7810273, 41.1573479 ] ] ] } },
{ "type": "Feature", "properties": { "ilce": null }, "geometry": { "type": "Polygon", "coordinates": [ [ [ 29.7810273, 41.1573479 ], [ 29.7813001, 41.1571822 ], [ 29.7813793, 41.1573147 ], [ 29.7810273, 41.1573479 ] ] ] } },
{ "type": "Feature", "properties": { "ilce": null }, "geometry": { "type": "Polygon", "coordinates": [ [ [ 29.7810273, 41.1573479 ], [ 29.7813001, 41.1571822 ], [ 29.7813793, 41.1573147 ], [ 29.7810273, 41.1573479 ] ] ] } },
{ "type": "Feature", "properties": { "ilce": null }, "geometry": { "type": "Polygon", "coordinates": [ [ [ 29.7810273, 41.1573479 ], [ 29.7813001, 41.1571822 ], [ 29.7813793, 41.1573147 ], [ 29.7810273, 41.1573479 ] ] ] } },
{ "type": "Feature", "properties": { "ilce": null }, "geometry": { "type": "Polygon", "coordinates": [ [ [ 29.7480495, 41.1603701 ], [ 29.748286, 41.1604122 ], [ 29.7482114, 41.1605481 ], [ 29.7480495, 41.1603701 ] ] ] } },
{ "type": "Feature", "properties": { "ilce": null }, "geometry": { "type": "Polygon", "coordinates": [ [ [ 29.7480495, 41.1603701 ], [ 29.748286, 41.1604122 ], [ 29.7482114, 41.1605481 ], [ 29.7480495, 41.1603701 ] ] ] } },
{ "type": "Feature", "properties": { "ilce": null }, "geometry": { "type": "Polygon", "coordinates": [ [ [ 29.7480495, 41.1603701 ], [ 29.748286, 41.1604122 ], [ 29.7482114, 41.1605481 ], [ 29.7480495, 41.1603701 ] ] ] } },
{ "type": "Feature", "properties": { "ilce": null }, "geometry": { "type": "Polygon", "coordinates": [ [ [ 29.7480495, 41.1603701 ], [ 29.748286, 41.1604122 ], [ 29.7482114, 41.1605481 ], [ 29.7480495, 41.1603701 ] ] ] } },
{ "type": "Feature", "properties": { "ilce": null }, "geometry": { "type": "Polygon", "coordinates": [ [ [ 29.7267933, 41.1578134 ], [ 29.727339, 41.1574158 ], [ 29.7272686, 41.1578333 ], [ 29.7267933, 41.1578134 ] ] ] } },
{ "type": "Feature", "properties": { "ilce": null }, "geometry": { "type": "Polygon", "coordinates": [ [ [ 29.7267933, 41.1578134 ], [ 29.727339, 41.1574158 ], [ 29.7272686, 41.1578333 ], [ 29.7267933, 41.1578134 ] ] ] } },
{ "type": "Feature", "properties": { "ilce": null }, "geometry": { "type": "Polygon", "coordinates": [ [ [ 29.7267933, 41.1578134 ], [ 29.727339, 41.1574158 ], [ 29.7272686, 41.1578333 ], [ 29.7267933, 41.1578134 ] ] ] } },
{ "type": "Feature", "properties": { "ilce": null }, "geometry": { "type": "Polygon", "coordinates": [ [ [ 29.7267933, 41.1578134 ], [ 29.727339, 41.1574158 ], [ 29.7272686, 41.1578333 ], [ 29.7267933, 41.1578134 ] ] ] } },
{ "type": "Feature", "properties": { "ilce": null }, "geometry": { "type": "Polygon", "coordinates": [ [ [ 29.6121293, 41.1835131 ], [ 29.6122791, 41.1829832 ], [ 29.6124588, 41.1831354 ], [ 29.6121293, 41.1835131 ] ] ] } },
{ "type": "Feature", "properties": { "ilce": null }, "geometry": { "type": "Polygon", "coordinates": [ [ [ 29.6121293, 41.1835131 ], [ 29.6122791, 41.1829832 ], [ 29.6124588, 41.1831354 ], [ 29.6121293, 41.1835131 ] ] ] } },
{ "type": "Feature", "properties": { "ilce": null }, "geometry": { "type": "Polygon", "coordinates": [ [ [ 29.6121293, 41.1835131 ], [ 29.6122791, 41.1829832 ], [ 29.6124588, 41.1831354 ], [ 29.6121293, 41.1835131 ] ] ] } },
{ "type": "Feature", "properties": { "ilce": null }, "geometry": { "type": "Polygon", "coordinates": [ [ [ 29.6121293, 41.1835131 ], [ 29.6122791, 41.1829832 ], [ 29.6124588, 41.1831354 ], [ 29.6121293, 41.1835131 ] ] ] } },
{ "type": "Feature", "properties": { "ilce": "Zeytinburnu Belediyesi" }, "geometry": { "type": "Polygon", "coordinates": [ [ [ 28.9087738, 40.9962029 ], [ 28.9092186, 40.9966114 ], [ 28.9092645, 40.9962371 ], [ 28.9087738, 40.9962029 ] ] ] } }
]
}
