anahtar,ilce,mahalle,nufus,tuketim_dasimetrik,nufus_orani,ariza_sayisi,cevaplanan_ariza,sikayet_sayisi,cevaplanan_sikayet,kesinti_suresi_saat,kesinti_adet,egitim_tesisi_sayisi,sanayi_tesis_sayisi,ariza_yogunlugu,nufus_basi_tuketim,boru_stres_endeksi,sikayet_ariza_orani,ort_kesinti_suresi,komsu_ort_ariza,komsu_sayisi,ariza_trend,S11_PoF_Skor,S11_CoF_Skor,S11_Risk_Skoru_Surekli,S11_PoF_Seviye,S11_CoF_Seviye,S11_Risk_Carpimi_Kategorik,S11_Risk_Seviyesi
ADALAR|BURGAZADA,ADALAR,BURGAZADA,1529.8,144481.1416042861,0.09885699516879788,382.4,334.6,23.2,21.6,6.1066666666666665,1.6,1.0,0.0,248.91618037809732,94.40091924776846,36268.92977374279,0.055919627027381937,1.5266666666666666,265.6,0.0,-0.21154639175257733,0.5893434968487076,0.3315204218341987,0.1953794046805253,3,1,3,Düşük Risk (Yeşil Bölge)
ADALAR|HEYBELİADA,ADALAR,HEYBELİADA,4203.8,397207.477310356,0.2715157119257623,231.0,218.0,20.4,18.0,10.266666666666667,1.2000000000000002,3.0,0.0,54.58304156725076,94.40091924776843,21901.06693145459,0.09134283246977543,3.4222222222222225,265.6,0.0,-0.19791666666666666,0.5415477251190944,0.38638186076013054,0.20924421772193139,2,1,2,Düşük Risk (Yeşil Bölge)
ADALAR|KINALIADA,ADALAR,KINALIADA,1884.2,177962.67811428176,0.1217507525364814,338.2,309.2,29.0,24.6,20.103666666666665,3.4,0.0,0.0,178.73698781529257,94.40091924776844,32063.598602862345,0.09320732229337846,4.3407333333333336,265.6,0.0,-0.19667458432304033,0.606863627575006,0.3890481806319906,0.236099190199786,3,1,3,Düşük Risk (Yeşil Bölge)
ADALAR|MADEN,ADALAR,MADEN,4093.0,386581.81423947425,0.26447759961497,209.2,201.39999999999998,42.6,38.0,10.415333333333333,3.4,1.6,0.0,51.23152744323886,94.40091924776844,19716.856025295867,0.20281650071123752,3.019,167.2,1.0,0.10105263157894732,0.545288171081053,0.4677454065728165,0.25505603728165466,2,1,2,Düşük Risk (Yeşil Bölge)
ADALAR|NİZAM,ADALAR,NİZAM,3765.0,355449.2887316019,0.24339894075398824,167.2,160.60000000000002,32.6,31.4,4.533833333333334,1.6,2.4000000000000004,0.0,44.38789967233191,94.40091924776846,15826.586826273866,0.2036683937823834,3.02025,209.2,1.0,-0.13367875647668387,0.5335412696249071,0.43108172291300895,0.2299998897550992,2,1,2,Düşük Risk (Yeşil Bölge)
ARNAVUTKÖY|ADNAN MENDERES,ARNAVUTKÖY,ADNAN MENDERES,4836.6,295744.05717417976,0.014699664175302201,89.19999999999999,89.19999999999999,82.4,82.4,92.66241666666667,7.999999999999999,2.0,0.0,18.34027433805896,61.09984515796104,5486.19241175097,0.8045990566037735,9.857979166666668,160.73333333333335,6.0,0.39375,0.5092832811281727,0.5891690537562243,0.30005394883615066,1,2,2,Düşük Risk (Yeşil Bölge)
ARNAVUTKÖY|ANADOLU,ARNAVUTKÖY,ANADOLU,57989.600000000006,3544767.432095615,0.17628702506309035,466.6,466.6,273.5,270.0,111.15575000000001,21.2,5.0,0.0,8.062323710699019,61.09984515796104,28419.83138735396,0.5929229400644946,5.053902472527472,295.6,4.0,-0.11795841209829863,0.5555175197442659,0.7614053168504835,0.4229739931368775,2,3,6,Orta Risk (Sarı Bölge)
ARNAVUTKÖY|ARNAVUTKÖY MERKEZ,ARNAVUTKÖY,ARNAVUTKÖY MERKEZ,20023.0,1223247.5443535931,0.0608957986440017,399.2,399.2,205.7,203.6,97.88908333333335,20.8,0.0,0.0,19.956496615754844,61.09984515796104,24543.135843914464,0.4911284583545131,4.396905952380953,265.025,8.0,0.362457337883959,0.571049418853618,0.6675239139094972,0.38118914310891094,2,3,6,Orta Risk (Sarı Bölge)
ARNAVUTKÖY|ATATÜRK,ARNAVUTKÖY,ATATÜRK,13059.6,798077.8683489414,0.03970920118488118,143.79999999999998,143.79999999999998,41.4,41.4,42.50716666666667,8.8,0.0,0.0,10.991472623310248,61.09984515796105,8861.766964242282,0.32204555221314995,4.928729166666667,275.92,5.0,0.5802197802197802,0.5195414342563649,0.5548085967234466,0.28824605407946063,1,2,2,Düşük Risk (Yeşil Bölge)
ARNAVUTKÖY|BAKLALI,ARNAVUTKÖY,BAKLALI,759.2,46513.30422673698,0.002304052907521,102.0,102.0,19.6,19.6,14.466666666666665,3.6,0.0,0.0,136.90692649368347,61.09984515796104,6215.000290083053,0.19208659947741688,3.813333333333333,169.3,4.0,-0.1052631578947368,0.5246164091196922,0.3905339231664171,0.2048805044109915,2,1,2,Düşük Risk (Yeşil Bölge)
ARNAVUTKÖY|BALABAN,ARNAVUTKÖY,BALABAN,319.6,19571.32949835823,0.00097028226082752,79.8,79.8,3.6000000000000005,3.6000000000000005,24.947333333333336,5.4,0.0,0.0,255.25951557093424,61.09984515796104,4848.2733779589325,0.04215287200361826,4.793111111111111,67.075,8.0,-0.1939393939393939,0.500631121799347,0.3245269848632183,0.16246830848623267,1,1,1,Düşük Risk (Yeşil Bölge)
ARNAVUTKÖY|BOLLUCA,ARNAVUTKÖY,BOLLUCA,9600.8,586940.7613635145,0.029183743079195697,192.39999999999998,192.39999999999998,60.0,60.0,95.05575,8.799999999999999,0.0,0.0,19.81968923019717,61.09984515796104,11948.070067916211,0.4592809977989728,9.174645833333335,166.43333333333337,6.0,2.317241379310345,0.5506005732919754,0.5857701862752718,0.32252540038051186,2,2,4,Orta Risk (Sarı Bölge)
ARNAVUTKÖY|BOYALIK,ARNAVUTKÖY,BOYALIK,394.8,24137.684392789095,0.00120001633950032,81.0,81.0,9.600000000000001,9.600000000000001,21.094,4.0,0.0,0.0,206.11007462686567,61.09984515796105,4923.311583751384,0.1180500658761528,5.2735,86.32,5.0,-0.1818181818181818,0.5089396592741706,0.36247739552178015,0.18447912217144358,1,1,1,Düşük Risk (Yeşil Bölge)
ARNAVUTKÖY|BOĞAZKÖY İSTİKLAL,ARNAVUTKÖY,BOĞAZKÖY İSTİKLAL,12511.599999999999,764852.9119428133,0.03803318059703316,220.4,220.4,192.0,192.0,104.60241666666667,16.4,1.0,2.1999999999999997,17.622149107390477,61.09984515796104,13465.546677013168,0.8719127930892635,6.082144841269842,185.4727272727273,11.0,-0.0027149321266968,0.5298473646942706,0.7072693766186439,0.37474481533034804,2,3,6,Orta Risk (Sarı Bölge)
ARNAVUTKÖY|DELİKLİKAYA,ARNAVUTKÖY,DELİKLİKAYA,3878.6000000000004,230487.19836651708,0.01203545340902774,132.8,132.8,73.6,73.6,125.78241666666668,10.8,0.0,1.0,95.21924611862433,61.09984515796104,8099.453108352599,0.5633699633699634,16.714106481481483,305.15999999999997,5.0,-0.07132867132867128,0.5806941580002084,0.5904580654928733,0.342875549175816,3,2,6,Orta Risk (Sarı Bölge)
ARNAVUTKÖY|DURSUNKÖY,ARNAVUTKÖY,DURSUNKÖY,434.2,26544.15909621131,0.00131986381820582,66.2,66.2,6.800000000000001,6.800000000000001,100.06241666666668,5.6,0.0,0.0,152.14991657040173,61.09984515796104,4059.4160780816483,0.11643835616438357,23.449770833333336,170.54285714285714,7.0,0.18214285714285708,0.5609564316588922,0.394654800127736,0.22138414841670812,2,1,2,Düşük Risk (Yeşil Bölge)
ARNAVUTKÖY|DURUSU,ARNAVUTKÖY,DURUSU,777.6,47524.98672765369,0.00236417721238664,47.8,47.8,2.4,2.4,20.380833333333335,3.8,1.2,0.0,61.490221088435376,61.09984515796105,2918.8542069476407,0.05106382978723404,5.984166666666667,201.73333333333335,3.0,-0.024489795918367318,0.49571669105819316,0.32244235852609543,0.1598400590255556,1,1,1,Düşük Risk (Yeşil Bölge)
ARNAVUTKÖY|FATİH,ARNAVUTKÖY,FATİH,3880.3999999999996,237237.0432413969,0.01179494150401076,78.4,78.4,64.2,64.2,99.58908333333335,12.2,0.0,0.0,20.22969682881964,61.09984515796105,4785.072685575455,0.8366495507060333,7.342383333333332,227.1,4.0,-0.0439024390243902,0.49975459440250025,0.5678901183748419,0.283805695773607,1,2,2,Düşük Risk (Yeşil Bölge)
ARNAVUTKÖY|HACIMAŞLI,ARNAVUTKÖY,HACIMAŞLI,263.20000000000005,16104.67753221446,0.0007995334362526001,40.8,40.8,30.6,30.6,90.26908333333334,7.3999999999999995,0.0,0.4,153.6924850025119,61.09984515796104,2508.339206870887,0.7575000000000001,9.324462121212122,238.10000000000002,6.0,0.36,0.5328941910224123,0.4592725952629497,0.2447436981114134,2,1,2,Düşük Risk (Yeşil Bölge)
ARNAVUTKÖY|HADIMKÖY,ARNAVUTKÖY,HADIMKÖY,27067.399999999998,1654698.0613082857,0.08227938041624454,366.2,366.2,130.2,130.2,137.94241666666667,23.799999999999997,2.0,38.6,13.50435936952989,61.099845157961056,22449.513331571376,0.3578537732102864,5.82216884057971,121.00000000000001,5.0,0.1662420382165605,0.5359947644442742,0.7485900602744198,0.40124035302211264,2,3,6,Orta Risk (Sarı Bölge)
ARNAVUTKÖY|HARAÇÇI,ARNAVUTKÖY,HARAÇÇI,8644.4,528411.2171120828,0.026278794172042222,196.4,196.4,51.0,51.0,76.19233333333332,13.4,1.0,1.0,22.717510466743832,61.099845157961056,12007.74235123659,0.2592408376963351,5.6707289377289385,144.6,8.0,0.028272251308900497,0.5230324407429635,0.6059187315530042,0.3169151530560483,2,2,4,Orta Risk (Sarı Bölge)
ARNAVUTKÖY|HASTANE,ARNAVUTKÖY,HASTANE,4404.6,269134.1251155784,0.01339390706577084,278.0,278.0,256.4,256.4,119.14241666666668,16.0,2.5999999999999996,6.4,63.09820649534505,61.09984515796104,17063.08457604355,0.9373521383075524,7.2943792735042745,147.39999999999998,5.0,0.24107142857142858,0.5742794640989045,0.7214559802585057,0.41431735371380446,2,3,6,Orta Risk (Sarı Bölge)
ARNAVUTKÖY|HİCRET,ARNAVUTKÖY,HİCRET,3997.6000000000004,244330.9278213969,0.012153830217564339,53.2,53.2,16.4,16.4,97.80908333333335,6.4,0.6,0.0,13.293170867811277,61.09984515796104,3260.8221120209123,0.31334332833583206,13.510302083333334,248.56666666666666,6.0,0.15652173913043477,0.4988882028798862,0.5170595519218286,0.2579549106401603,1,1,1,Düşük Risk (Yeşil Bölge)
ARNAVUTKÖY|KARABURUN,ARNAVUTKÖY,KARABURUN,1517.2,92814.09891944972,0.00460961314035498,123.80000000000001,123.80000000000001,31.0,31.0,28.721166666666665,6.4,0.0,0.0,81.63656174977632,61.09984515796104,7571.034396967167,0.2538344471646926,4.466861111111111,90.73333333333333,3.0,0.0403361344537815,0.5093974402160324,0.45564722874953356,0.23210553196654135,1,1,1,Düşük Risk (Yeşil Bölge)
ARNAVUTKÖY|KARLIBAYIR,ARNAVUTKÖY,KARLIBAYIR,13684.8,836481.120946642,0.04160289450759532,208.2,208.2,83.2,83.2,45.62583333333333,11.4,1.0,0.0,15.198080839844657,61.099845157961056,12752.778006541092,0.38950769082405123,3.817055555555555,271.79999999999995,4.0,0.1193548387096774,0.5293584640376732,0.5960622829471927,0.31553061457171483,2,2,4,Orta Risk (Sarı Bölge)
ARNAVUTKÖY|MAREŞAL FEVZİ ÇAKMAK,ARNAVUTKÖY,MAREŞAL FEVZİ ÇAKMAK,6475.8,396248.6160482991,0.019671526710661823,172.4,172.4,73.4,73.4,121.40241666666668,16.4,2.0,0.0,26.460170076697615,61.09984515796104,10584.305857517958,0.43425443169968714,7.282144841269842,203.42857142857144,7.0,0.2583941605839416,0.5448194208987855,0.6363308383014418,0.34668539882343025,2,3,6,Orta Risk (Sarı Bölge)
ARNAVUTKÖY|MAVİGÖL,ARNAVUTKÖY,MAVİGÖL,9922.2,606482.8808633224,0.030164655684238942,179.2,179.2,59.6,59.6,98.06241666666668,9.6,0.0,0.0,17.957276453059556,61.09984515796105,11083.985993134065,0.39893048128342246,9.049090277777779,122.8,2.0,1.1082352941176472,0.5252948202473811,0.5754323720624807,0.3022716444470849,2,2,4,Orta Risk (Sarı Bölge)
ARNAVUTKÖY|MEHMET AKİF ERSOY,ARNAVUTKÖY,MEHMET AKİF ERSOY,6937.8,424128.77021169045,0.02108936295386514,110.8,110.8,27.400000000000002,27.400000000000002,105.29575000000001,14.600000000000001,3.0,0.0,15.95873321371612,61.09984515796105,6781.032388920918,0.24447606293940405,6.827144736842106,178.44,5.0,0.07572815533980583,0.5038907235617409,0.5780527242715274,0.29127540549001546,1,2,2,Düşük Risk (Yeşil Bölge)
ARNAVUTKÖY|MUSTAFA KEMALPAŞA,ARNAVUTKÖY,MUSTAFA KEMALPAŞA,13632.4,833035.4774527533,0.0414525856251823,348.4,348.4,160.4,160.4,111.36241666666668,20.4,2.5999999999999996,0.0,25.54996541984798,61.09984515796105,21329.286647304616,0.45123006678478944,5.352315170940171,258.4,6.0,0.09216300940438871,0.5711837294678274,0.6843758005261025,0.3909043221020291,2,3,6,Orta Risk (Sarı Bölge)
ARNAVUTKÖY|NENEHATUN,ARNAVUTKÖY,NENEHATUN,7917.0,483834.87359075865,0.024071668078038802,162.8,162.8,73.0,73.0,105.42241666666668,15.6,2.0,0.0,20.546332299644476,61.09984515796104,9979.704232171109,0.4381701444622793,6.364194907407407,316.0,4.0,0.16285714285714284,0.5461738092920108,0.6210620814906151,0.33920784285455446,2,2,4,Orta Risk (Sarı Bölge)
ARNAVUTKÖY|SAZLIBOSNA,ARNAVUTKÖY,SAZLIBOSNA,1034.4,63209.412593607936,0.00314533044360808,50.0,50.0,12.6,12.6,28.523,5.4,2.0,0.0,48.358302858715746,61.09984515796104,3046.4002998835654,0.2645962732919254,5.3514888888888885,147.125,8.0,-0.1071428571428571,0.47571626258464006,0.4465390048316131,0.2124258664767595,1,1,1,Düşük Risk (Yeşil Bölge)
ARNAVUTKÖY|TAYAKADIN,ARNAVUTKÖY,TAYAKADIN,3281.5999999999995,200927.1170088763,0.00996373752618028,412.79999999999995,412.79999999999995,76.2,76.2,45.67466666666667,10.2,2.0,0.0,126.91257669567936,61.09984515796104,25190.225836552716,0.18530237393865878,4.426585858585859,111.65,8.0,-0.05103448275862068,0.5776201413787819,0.5735776468633188,0.33131000147289924,3,2,6,Orta Risk (Sarı Bölge)
ARNAVUTKÖY|TAŞOLUK,ARNAVUTKÖY,TAŞOLUK,14510.400000000001,887110.7394021674,0.04410667393245764,143.2,143.2,173.2,173.2,111.77575000000002,13.8,0.0,0.0,9.853996479728384,61.09984515796104,8772.696113259137,1.1550465282748748,7.855716666666666,207.23999999999998,5.0,0.12755905511811025,0.5141474376991936,0.6687772966520108,0.3438501334650248,1,3,3,Düşük Risk (Yeşil Bölge)
ARNAVUTKÖY|TERKOS,ARNAVUTKÖY,TERKOS,911.2,55663.00936251527,0.00277137873723294,117.2,117.2,7.6,7.6,18.8985,4.6000000000000005,0.0,0.0,128.5042048296089,61.09984515796104,7132.548391065227,0.0665918023582257,3.334071428571429,131.77142857142857,7.0,-0.14452554744525545,0.5160262779425675,0.3544757402921884,0.1829187968839142,1,1,1,Düşük Risk (Yeşil Bölge)
ARNAVUTKÖY|YASSIÖREN,ARNAVUTKÖY,YASSIÖREN,646.0,39470.49997204283,0.0019644900703849402,66.4,66.4,44.0,44.0,118.36241666666668,11.8,0.0,3.8,102.78637770897834,61.09984515796104,4081.946396730625,0.7613814756671899,10.329077505827506,135.60000000000002,9.0,0.3551020408163265,0.5306247571412406,0.5551247451379817,0.2945629330719346,2,2,4,Orta Risk (Sarı Bölge)
ARNAVUTKÖY|YAVUZ SELİM,ARNAVUTKÖY,YAVUZ SELİM,8259.199999999999,514685.85441817716,0.02474395846866758,278.6,278.6,80.80000000000001,80.80000000000001,114.28908333333334,14.2,0.0,0.6,111.28590840915,61.09984515796104,16980.31626673696,0.2903474903474903,8.405602564102564,272.7,4.0,-0.09545454545454544,0.587572055782694,0.5963069346887934,0.35037329149257096,3,2,6,Orta Risk (Sarı Bölge)
ARNAVUTKÖY|YENİKÖY,ARNAVUTKÖY,YENİKÖY,1524.6,93162.27508164335,0.00463596807141224,75.19999999999999,75.19999999999999,28.800000000000004,28.800000000000004,27.987,6.4,0.6,0.0,49.34550383408688,61.09984515796104,4579.242831452594,0.3644322845417236,4.581708333333333,198.52,5.0,-0.12558139534883717,0.4994020322318359,0.4695013752823929,0.23446994095166884,1,1,1,Düşük Risk (Yeşil Bölge)
ARNAVUTKÖY|YEŞİLBAYIR,ARNAVUTKÖY,YEŞİLBAYIR,6172.0,377512.06634161645,0.01875413057776412,86.2,86.2,16.2,16.2,101.14241666666668,4.8,0.0,16.6,14.040266521446647,61.09984515796104,5251.341128190166,0.1853321153595197,45.279726851851855,192.24,5.0,-0.11134020618556698,0.527925496127221,0.5526721968734861,0.2917697437301563,2,2,4,Orta Risk (Sarı Bölge)
ARNAVUTKÖY|YUNUS EMRE,ARNAVUTKÖY,YUNUS EMRE,19772.6,1208632.062983993,0.060108993628182825,174.8,174.8,150.0,150.0,99.24908333333335,12.2,1.0,0.0,8.831932294840954,61.09984515796104,10704.310416052154,0.8316047366271947,7.299883333333332,307.5,4.0,0.10632911392405062,0.5305131807834013,0.6693730910449661,0.3551112476610822,2,3,6,Orta Risk (Sarı Bölge)
ARNAVUTKÖY|ÇİLİNGİR,ARNAVUTKÖY,ÇİLİNGİR,1179.8,72075.28696774505,0.00358816119920634,115.4,115.4,19.2,19.2,53.04416666666666,9.2,2.0,0.0,97.81354747351628,61.09984515796104,7050.062935427255,0.16650674662668663,5.182569444444444,148.83333333333334,6.0,-0.0051724137931034395,0.530373015611533,0.47801303429119135,0.2535252144986383,2,1,2,Düşük Risk (Yeşil Bölge)
ARNAVUTKÖY|ÖMERLİ,ARNAVUTKÖY,ÖMERLİ,7538.0,460622.1845487973,0.02292119566923516,144.4,144.4,51.2,51.2,126.56908333333334,21.2,1.0,39.0,19.149205455641173,61.09984515796104,8847.734319051586,0.35923682616596,5.9305643939393935,285.02222222222224,9.0,0.13700787401574804,0.5332240569183763,0.6687775428131248,0.3566082745547175,2,3,6,Orta Risk (Sarı Bölge)
ARNAVUTKÖY|İMRAHOR,ARNAVUTKÖY,İMRAHOR,11042.0,674784.7776464088,0.03357433531162088,291.0,291.0,59.2,59.2,97.15575000000001,6.4,1.0,1.0,26.356322216009744,61.099845157961056,17775.758961959422,0.20333780571051946,13.346968750000002,195.34545454545452,11.0,-0.01020408163265304,0.5765020079903237,0.6195244103969222,0.357157066592847,3,2,6,Orta Risk (Sarı Bölge)
ARNAVUTKÖY|İSLAMBEY,ARNAVUTKÖY,İSLAMBEY,20185.6,1234093.9859216148,0.06135649416124936,464.6,464.6,227.39999999999998,226.8,110.31575000000001,18.0,1.0,0.0,22.974130498136525,61.09984515796104,28473.766836335017,0.4823762376237624,5.877231060606061,267.95,8.0,0.15,0.5866684110646883,0.703687466078543,0.41283120761043557,3,3,9,Kritik Risk (Kırmızı Bölge)
ATAŞEHİR|ATATÜRK,ATAŞEHİR,ATATÜRK,28565.600000000002,1707095.81370203,0.0692143558476079,433.6,433.6,63.8,63.8,106.40241666666668,11.2,15.6,0.0,15.183545511981372,59.75614472951789,25879.494797979067,0.15020957928129386,9.1813125,510.79999999999995,7.0,-0.07547974413646055,0.6025343321584411,0.6881167812222806,0.41461398522078297,3,3,9,Kritik Risk (Kırmızı Bölge)
ATAŞEHİR|AŞIKVEYSEL,ATAŞEHİR,AŞIKVEYSEL,13871.4,828765.2698263038,0.03360655806911292,465.4,463.6,122.0,122.0,37.665166666666664,9.4,2.0,0.0,33.558428701852904,59.756144729517885,27817.811007869466,0.2607924849126817,3.959863636363637,602.3666666666667,6.0,0.0183807439824945,0.6097300067502389,0.6204685103830363,0.3783182690241594,3,2,6,Orta Risk (Sarı Bölge)
ATAŞEHİR|BARBAROS,ATAŞEHİR,BARBAROS,31062.4,1855842.799833987,0.07525516954016544,877.75,872.75,70.0,70.0,39.594166666666666,7.6,16.2,1.0,28.260379842805445,59.756144729517885,52450.95603633432,0.0797493591569353,5.061416666666666,541.5444444444445,9.0,0.0,0.6365597715239768,0.6653811363985747,0.42355486416224075,3,3,9,Kritik Risk (Kırmızı Bölge)
ATAŞEHİR|ESATPAŞA,ATAŞEHİR,ESATPAŞA,26588.4,1588553.7828738713,0.06441621711417705,877.75,872.75,241.3,239.2,100.56908333333334,10.600000000000001,3.6,0.0,33.01543227988006,59.756144729517885,52450.95603633433,0.2749074337795499,13.319690476190477,608.81,5.0,0.0,0.6614062228477117,0.710110449532944,0.46967147023027506,3,3,9,Kritik Risk (Kırmızı Bölge)
ATAŞEHİR|FERHATPAŞA,ATAŞEHİR,FERHATPAŞA,28035.8,1675451.0892079244,0.06793096842621338,746.2,746.2,177.8,177.8,95.06241666666668,6.8,1.0,1.0,26.631968538640507,59.756144729517885,44491.989829927275,0.24827781238018073,12.447302083333334,267.28,5.0,-0.13131548311990685,0.6341454198300415,0.5760577353838403,0.36530437445132835,3,2,6,Orta Risk (Sarı Bölge)
ATAŞEHİR|FETİH,ATAŞEHİR,FETİH,11695.2,698707.2590927798,0.028333495475581102,180.0,175.2,37.4,37.4,95.19575,3.6000000000000005,3.0,0.0,15.383004192635173,59.756144729517885,10745.67569309631,0.21114341085271315,45.04454166666667,749.44,5.0,-0.06249999999999996,0.6197874946899026,0.6777551846913382,0.4200641879329367,3,3,9,Kritik Risk (Kırmızı Bölge)
ATAŞEHİR|KAYIŞDAĞI,ATAŞEHİR,KAYIŞDAĞI,43390.0,2592315.8550298153,0.10512045226440334,877.75,872.75,273.5,270.0,98.30908333333335,8.4,8.0,2.0,20.231706576765824,59.756144729517885,52450.95603633432,0.3115921389917402,10.549130555555555,486.44374999999997,8.0,0.0,0.609769442667104,0.591081878685348,0.3604236677365894,3,2,6,Orta Risk (Sarı Bölge)
ATAŞEHİR|KÜÇÜKBAKKALKÖY,ATAŞEHİR,KÜÇÜKBAKKALKÖY,29377.399999999998,1755038.9620243637,0.07117035200124117,758.5,756.5,138.4,138.4,97.08908333333333,10.0,43.8,2.0,25.777777473058784,59.756144729517885,45221.38409255876,0.1820864281372786,8.659407738095238,766.7125000000001,4.0,-0.13585872970663626,0.6434878300653527,0.7660325124069287,0.49293259916824494,3,3,9,Kritik Risk (Kırmızı Bölge)
ATAŞEHİR|MEVLANA,ATAŞEHİR,MEVLANA,18744.4,1119896.9885334973,0.04541225236770216,451.20000000000005,451.20000000000005,122.0,122.0,107.74241666666667,8.4,5.0,0.0,24.085528975881658,59.75614472951789,26986.48384376822,0.273096926713948,16.273180555555555,476.1875,4.0,0.06666666666666667,0.6480072166188988,0.7448889524783673,0.48269341678567396,3,3,9,Kritik Risk (Kırmızı Bölge)
ATAŞEHİR|MUSTAFA KEMAL,ATAŞEHİR,MUSTAFA KEMAL,14471.2,864590.3168619216,0.0350594990804432,807.45,804.45,140.39999999999998,140.39999999999998,54.85166666666666,13.4,1.0,0.0,55.86128255053087,59.75614472951789,48341.75583468034,0.17364522246322298,4.127727272727272,610.9416666666666,6.0,0.15021367521367515,0.6283299384926475,0.6806323093625911,0.4276616570779055,3,3,9,Kritik Risk (Kırmızı Bölge)
ATAŞEHİR|MİMAR SİNAN,ATAŞEHİR,MİMAR SİNAN,9729.2,581229.286144102,0.02357010080682024,344.6,344.6,50.4,50.4,98.78241666666668,6.4,0.0,0.0,35.39461005349828,59.75614472951789,20569.020685714662,0.14324785479363977,16.195958333333333,495.78999999999996,5.0,-0.07115902964959565,0.6503626342172107,0.633791053735798,0.41219401925091537,3,2,6,Orta Risk (Sarı Bölge)
ATAŞEHİR|SEYMEN ÇAMLICA,ATAŞEHİR,SEYMEN ÇAMLICA,12933.8,772742.6021891054,0.03133492625935172,362.6,362.6,67.0,67.0,98.65575000000001,8.0,1.0,1.0,28.001958434861216,59.756144729517885,21615.94780574947,0.1879653133391046,12.331968750000001,439.22857142857146,7.0,-0.1407582938388625,0.6226606269553352,0.5676407821461048,0.35344756529651045,3,2,6,Orta Risk (Sarı Bölge)
ATAŞEHİR|YENİSAHRA,ATAŞEHİR,YENİSAHRA,9679.4,578152.7771797788,0.023447500242944702,545.0,545.0,47.0,47.0,42.44766666666666,10.0,2.6,1.0,56.167301507968745,59.75614472951789,32494.08637006887,0.09138080700693473,4.280785714285714,814.52,5.0,-0.1335453100158982,0.6054710887003564,0.6237055511495977,0.3776356790830027,3,2,6,Orta Risk (Sarı Bölge)
ATAŞEHİR|ESENŞEHİR,ATAŞEHİR,ESENŞEHİR,10742.4,641835.2295796184,0.026026170994402,319.8,319.8,28.6,28.6,93.62241666666668,3.4,3.4,0.0,29.804659711386183,59.756144729517885,19158.516250208464,0.08879551820728286,30.700250000000004,483.50714285714287,7.0,0.21136363636363636,0.6371495019634639,0.5691376205240661,0.3626257514655796,3,2,6,Orta Risk (Sarı Bölge)
ATAŞEHİR|ÖRNEK,ATAŞEHİR,ÖRNEK,26363.800000000003,1575053.803563084,0.06387051361729387,877.75,872.75,166.2,165.6,94.73575000000001,10.0,4.0,0.0,33.29877262983109,59.756144729517885,52450.95603633432,0.1893477641697522,8.323217261904762,658.1857142857143,7.0,0.0,0.6561923891928577,0.6865615710281201,0.450516477620944,3,3,9,Kritik Risk (Kırmızı Bölge)
ATAŞEHİR|İNÖNÜ,ATAŞEHİR,İNÖNÜ,25416.6,1518587.3348962828,0.0615781241713622,664.9000000000001,662.9000000000001,188.8,188.8,101.72241666666667,5.4,4.0,0.0,26.108570325383454,59.756144729517885,39546.85215178397,0.29577253243425605,19.871594444444444,591.34,5.0,-0.2424950156650527,0.6519134300766588,0.7027130516760707,0.4581080758777836,3,3,9,Kritik Risk (Kırmızı Bölge)
ATAŞEHİR|İÇERENKÖY,ATAŞEHİR,İÇERENKÖY,72089.20000000001,4307127.029461535,0.17465334372117663,877.75,872.75,273.5,270.0,114.37575000000001,12.0,13.600000000000001,12.0,12.176746573433292,59.756144729517885,52450.95603633433,0.3115921389917402,12.433079861111112,641.5041666666666,12.0,0.0,0.644305849725759,0.8317718069376205,0.5359154408468736,3,3,9,Kritik Risk (Kırmızı Bölge)
AVCILAR|AMBARLI,AVCILAR,AMBARLI,36480.0,1835937.3830685236,0.0847226597000963,406.0,406.0,183.2,181.8,112.86908333333334,9.399999999999999,9.2,0.0,11.117273260431269,50.34079929030999,20414.620321659946,0.440053222945003,12.259527777777778,557.3875,4.0,-0.08764044943820219,0.5998957922752113,0.7356421351071655,0.441308621471141,3,3,9,Kritik Risk (Kırmızı Bölge)
AVCILAR|CİHANGİR,AVCILAR,CİHANGİR,62601.6,3150068.833210445,0.14537229146774377,517.0,517.0,186.2,185.6,61.22399999999999,13.8,4.2,3.2,8.318925438563014,50.34079929030998,26113.864089235147,0.3524555104111542,4.701730994152047,369.05833333333334,6.0,0.38605898123324395,0.5719073993946451,0.7331440707235987,0.41929051886913704,2,3,6,Orta Risk (Sarı Bölge)
AVCILAR|DENİZKÖŞKLER,AVCILAR,DENİZKÖŞKLER,41509.0,2088381.6310886363,0.09638088866604413,503.4,503.4,262.1,260.0,112.86908333333334,8.2,4.0,1.0,12.1385951508046,50.34079929030999,25335.713638999056,0.5212142249206742,15.038440476190477,413.95000000000005,4.0,-0.01871345029239762,0.6077478228310305,0.7542951409628856,0.458421229692219,3,3,9,Kritik Risk (Kırmızı Bölge)
AVCILAR|FİRUZKÖY,AVCILAR,FİRUZKÖY,24072.2,1211673.880601602,0.05591238566418247,528.2,528.2,163.4,163.4,23.088833333333334,5.6,6.0,2.0,21.960572780389185,50.34079929030998,26629.09677517299,0.31168850776013035,3.615541666666666,314.25625,8.0,0.1383620689655172,0.5762666201393677,0.6539056107675629,0.37682397620719243,2,3,6,Orta Risk (Sarı Bölge)
AVCILAR|GÜMÜŞPALA,AVCILAR,GÜMÜŞPALA,36398.8,1831385.0546285827,0.08451882730482685,498.8,498.8,207.3,205.2,25.599666666666664,4.6,5.0,0.0,13.710323976714399,50.34079929030999,25101.954190860008,0.41927295918367347,4.9319523809523815,346.55,4.0,-0.02578125,0.5721747586824864,0.6625763974618654,0.37910949032645397,2,3,6,Orta Risk (Sarı Bölge)
AVCILAR|SARIYER MERKEZ,AVCILAR,SARIYER MERKEZ,28852.8,1451834.842989768,0.06700085806787562,331.4,331.4,237.3,235.2,111.06908333333334,10.2,5.0,0.0,11.54518846388341,50.34079929030999,16719.105112968497,0.711435706358015,10.572610269360268,411.40000000000003,5.0,0.21838235294117644,0.5219911945124226,0.6765043082387412,0.35312929195034065,2,3,6,Orta Risk (Sarı Bölge)
AVCILAR|MUSTAFA KEMALPAŞA,AVCILAR,MUSTAFA KEMALPAŞA,43952.6,2211657.7860981068,0.1020657156144158,295.20000000000005,295.20000000000005,242.9,240.8,19.799666666666663,3.2,5.0,1.0,6.728962195225236,50.340799290309974,14868.64044564612,0.8192352556924225,4.577833333333333,299.72,5.0,0.04680851063829786,0.5842337196730446,0.7423929562585452,0.43373099829399775,3,3,9,Kritik Risk (Kırmızı Bölge)
AVCILAR|TAHTAKALE,AVCILAR,TAHTAKALE,54754.399999999994,2757656.602208725,0.12722999794689088,396.4,396.4,150.2,150.2,39.64066666666667,6.6000000000000005,17.2,2.0,7.241386137736289,50.34079929030998,19962.03344812368,0.3765706570657065,5.902793650793651,534.7,6.0,0.029610389610389577,0.5707267445770485,0.7313463168893201,0.4173989025966562,2,3,6,Orta Risk (Sarı Bölge)
AVCILAR|YEŞİLKENT,AVCILAR,YEŞİLKENT,76368.8,3844167.9866356985,0.17738621353449832,778.65,775.65,217.39999999999998,217.39999999999998,132.14908333333335,17.6,6.8,0.0,10.204509042679405,50.34079929030999,39288.365261607774,0.27330575560709425,8.192263716356107,264.8666666666667,9.0,0.2359523809523809,0.5956867211231001,0.7693512691282588,0.4582923348989082,3,3,9,Kritik Risk (Kırmızı Bölge)
AVCILAR|ÜNİVERSİTE,AVCILAR,ÜNİVERSİTE,25556.6,1287917.1994699128,0.05941016203342539,131.8,131.8,78.4,78.4,21.566333333333333,3.6000000000000005,6.6000000000000005,0.0,5.216680454919883,50.34079929030999,6626.88085131624,0.5850967199327166,4.280944444444445,434.12,5.0,-0.09103448275862064,0.4896085473089924,0.6034388453491897,0.2954488164612325,1,2,2,Düşük Risk (Yeşil Bölge)
BAHÇELİEVLER|BAHÇELİEVLER,BAHÇELİEVLER,BAHÇELİEVLER,58669.2,2659763.5464834305,0.09192507175605547,568.8,568.8,157.6,150.39999999999998,13.356666666666666,4.6,29.0,0.8,9.717484532409392,45.32886670306655,25747.08185221302,0.2773451983685576,2.908666666666667,316.18333333333334,12.0,0.2232258064516129,0.5560962219182553,0.7069098458846388,0.3931098945332637,2,3,6,Orta Risk (Sarı Bölge)
BAHÇELİEVLER|CUMHURİYET,BAHÇELİEVLER,CUMHURİYET,39839.8,1806204.3036777053,0.06242327715820098,307.79999999999995,307.79999999999995,103.19999999999999,94.19999999999999,18.226666666666667,3.8,5.0,0.0,7.731463466700745,45.328866703066545,13949.521657502228,0.3335335463258786,4.378666666666667,414.93333333333334,6.0,0.025999999999999978,0.5394071261114806,0.6290322270894487,0.33930446584582374,2,2,4,Orta Risk (Sarı Bölge)
BAHÇELİEVLER|FEVZİ ÇAKMAK,BAHÇELİEVLER,FEVZİ ÇAKMAK,24398.4,1106255.654715646,0.0382301086701133,193.0,193.0,97.4,91.4,19.113333333333333,5.4,2.0,0.0,7.920000179432143,45.328866703066545,8747.43146072967,0.5073684210526316,3.3120634920634915,355.95,4.0,0.01578947368421052,0.5073224296114266,0.5980884146652943,0.3034236676504435,1,2,2,Düşük Risk (Yeşil Bölge)
BAHÇELİEVLER|HÜRRİYET,BAHÇELİEVLER,HÜRRİYET,46798.2,2121919.32402706,0.07332890224836128,463.79999999999995,463.79999999999995,218.4,205.8,48.146,12.6,0.0,0.0,9.900174038446892,45.32886670306654,21036.42205761322,0.47110880744206346,3.6142424242424243,477.05,4.0,-0.07425149700598799,0.5600631308511281,0.6647700847068526,0.3723132149370895,2,3,6,Orta Risk (Sarı Bölge)
BAHÇELİEVLER|KOCASINAN MERKEZ,BAHÇELİEVLER,KOCASINAN MERKEZ,75540.0,3424475.3308975426,0.11835743357719675,0.0,0.0,0.0,0.0,0.0,0.0,0.0,0.0,0.0,45.32886670306654,0.0,0.0,0.0,431.23333333333335,0.0,0.0,0.1778319838145186,0.23816639119172844,0.04235360182356976,1,1,1,Düşük Risk (Yeşil Bölge)
BAHÇELİEVLER|KOCASİNAN MERKEZ,BAHÇELİEVLER,KOCASİNAN MERKEZ,71324.8,3233442.9411625997,0.11175363034099248,694.6,692.8,199.8,159.0,46.155,9.6,15.0,1.0,9.725024243541649,45.328866703066545,31522.656115995866,0.3047997982571661,4.901574074074075,402.7,12.0,-0.1339152119700748,0.5777576609505951,0.7550702449546325,0.43624761857838135,3,3,9,Kritik Risk (Kırmızı Bölge)
BAHÇELİEVLER|SOĞANLI,BAHÇELİEVLER,SOĞANLI,64116.2,2907110.7641109955,0.1004643186637354,594.6,594.6,210.5,172.4,26.712833333333336,6.4,4.0,0.0,9.28074987546998,45.32886670306654,26953.375992013105,0.3544504422054059,4.021980158730159,424.6857142857143,7.0,-0.00402010050251256,0.569173775223786,0.6858148585292493,0.39034783213365953,2,3,6,Orta Risk (Sarı Bölge)
BAHÇELİEVLER|SİYAVUŞPAŞA,BAHÇELİEVLER,SİYAVUŞPAŞA,62090.200000000004,2814972.9344115523,0.0972865837634165,467.4,467.4,273.5,257.4,36.190666666666665,10.0,1.0,0.0,7.5140756831646485,45.32886670306654,21209.79614477357,0.5928121762690255,3.619066666666667,568.5333333333333,3.0,-0.12471910112359547,0.5592948892589584,0.6907864496670266,0.3863533308681087,2,3,6,Orta Risk (Sarı Bölge)
BAHÇELİEVLER|YENİBOSNA MERKEZ,BAHÇELİEVLER,YENİBOSNA MERKEZ,23127.8,1041627.709769175,0.03615857918640762,406.6,405.4,157.39999999999998,125.6,58.16799999999999,13.200000000000001,15.0,6.0,55.14693568672726,45.328866703066545,18447.14624626921,0.39931629955947134,4.462079365079365,501.9666666666667,12.0,-0.1044052863436123,0.5858895711389868,0.7352624827404657,0.4307826206873981,3,3,9,Kritik Risk (Kırmızı Bölge)
BAHÇELİEVLER|ZAFER,BAHÇELİEVLER,ZAFER,83242.79999999999,3774068.543268335,0.1304309155991085,590.2,590.2,224.8,196.6,43.766999999999996,9.8,6.0,0.0,7.100631511388381,45.32886670306654,26741.243260381085,0.3836457098595186,4.71040909090909,367.84000000000003,5.0,0.06151079136690642,0.5652319704655892,0.7277821722246611,0.41136575127627195,2,3,6,Orta Risk (Sarı Bölge)
BAHÇELİEVLER|ÇOBANÇEŞME,BAHÇELİEVLER,ÇOBANÇEŞME,32283.6,1463872.7042895595,0.050586564342108425,345.79999999999995,345.79999999999995,77.2,74.2,34.2705,8.2,1.0,0.0,10.7347480824753,45.328866703066545,15670.978779256584,0.22368948458838947,5.002318181818182,226.93333333333334,3.0,0.0322388059701492,0.534051525946342,0.603111642085755,0.3220926927719015,2,2,4,Orta Risk (Sarı Bölge)
BAHÇELİEVLER|ŞİRİNEVLER,BAHÇELİEVLER,ŞİRİNEVLER,56832.0,2577182.4431863986,0.08905461469430284,542.2,542.2,231.0,217.8,29.000166666666665,7.800000000000001,15.0,0.0,9.568259093276751,45.32886670306655,24571.69653640694,0.4258527630140471,3.5604470899470897,455.2857142857142,7.0,0.030798479087452438,0.5670527435617606,0.725394181044024,0.41133676052475027,2,3,6,Orta Risk (Sarı Bölge)
BAKIRKÖY|ATAKÖY 1. KISIM,BAKIRKÖY,ATAKÖY 1. KISIM,1414.1999999999998,111087.67303520229,0.00713432700358076,20.0,20.0,3.2,3.2,19.34,3.8,0.0,0.0,14.083855356609167,78.64935623733864,1546.9028689652596,0.15192307692307694,4.774666666666667,72.26666666666667,3.0,-0.23076923076923073,0.3806139810445968,0.340187152884812,0.12947998655971518,1,1,1,Düşük Risk (Yeşil Bölge)
BAKIRKÖY|ATAKÖY 2-5-6. KISIM,BAKIRKÖY,ATAKÖY 2-5-6. KISIM,12121.400000000001,951798.7271785892,0.06112543849441479,51.0,51.0,13.4,13.4,20.0885,4.800000000000001,1.0,0.0,4.176332904991636,78.64935623733864,3919.8222728689734,0.28858858858858855,4.057125,49.75,4.0,-0.29166666666666663,0.3746710780659845,0.48529672447867256,0.1818266469423153,1,1,1,Düşük Risk (Yeşil Bölge)
BAKIRKÖY|ATAKÖY 3-4-11. KISIM,BAKIRKÖY,ATAKÖY 3-4-11. KISIM,7873.8,617972.9136292157,0.03968562399578626,46.0,46.0,21.0,21.0,12.939999999999998,3.0,0.0,0.0,5.76210178236323,78.64935623733864,3500.4912359007676,0.43297455968688836,4.313333333333333,117.72000000000001,5.0,-0.3698630136986301,0.40252859435185256,0.4636932680314119,0.18664979939110105,1,1,1,Düşük Risk (Yeşil Bölge)
BAKIRKÖY|ATAKÖY 7-8-9-10. KISIM,BAKIRKÖY,ATAKÖY 7-8-9-10. KISIM,24534.4,1927408.037630245,0.1237837210844556,81.19999999999999,81.19999999999999,30.2,30.2,22.049833333333332,5.0,5.0,0.0,3.307896197770124,78.64935623733865,6365.460321846687,0.3704830053667263,4.4099666666666675,324.7166666666667,12.0,-0.055813953488372044,0.4688335196508671,0.5887597288858526,0.2760302959222446,1,2,2,Düşük Risk (Yeşil Bölge)
BAKIRKÖY|BASINKÖY,BAKIRKÖY,BASINKÖY,5633.8,442685.22035414865,0.02843091983693784,48.6,48.6,20.8,20.8,4.64,1.2000000000000002,2.0,0.0,8.599764442559184,78.64935623733862,3759.756499259026,0.4004884004884005,1.5466666666666669,375.20000000000005,3.0,-0.2285714285714285,0.42788113560499447,0.4083105014393046,0.17470836103529438,1,1,1,Düşük Risk (Yeşil Bölge)
BAKIRKÖY|CEVİZLİK,BAKIRKÖY,CEVİZLİK,5212.0,409242.25405868964,0.026281872737336877,136.0,136.0,60.8,60.8,18.622833333333332,4.6,5.0,0.0,26.086312111447867,78.64935623733864,10670.228192496543,0.44993597951344433,4.187566666666667,179.45,4.0,-0.042253521126760556,0.5130469940658895,0.5576045274988849,0.2860773267108335,1,2,2,Düşük Risk (Yeşil Bölge)
BAKIRKÖY|KARTALTEPE,BAKIRKÖY,KARTALTEPE,36460.2,2863311.699315493,0.18388618844920374,464.4,464.4,241.4,240.0,62.97616666666667,16.6,9.0,0.0,12.764890549262319,78.64935623733864,36717.78452940326,0.5276826682089839,3.8531585695006747,237.33333333333337,6.0,0.10571428571428572,0.5630126298522355,0.7396008409409298,0.41640461449907784,2,3,6,Orta Risk (Sarı Bölge)
BAKIRKÖY|OSMANİYE,BAKIRKÖY,OSMANİYE,23081.199999999997,1812953.070760299,0.11643190637768253,231.20000000000002,226.8,74.8,74.8,24.533833333333334,5.0,0.0,0.0,10.013194805303979,78.64935623733864,18136.77950166597,0.3226387249114521,4.906766666666667,297.22222222222223,9.0,-0.04462809917355372,0.5355788357470724,0.5794378095578163,0.31033462743080914,2,2,4,Orta Risk (Sarı Bölge)
BAKIRKÖY|SAKIZAĞACI,BAKIRKÖY,SAKIZAĞACI,8201.2,643967.9048656666,0.041356210988295936,82.0,82.0,71.2,71.2,15.64,3.8,0.0,0.0,9.982905559847335,78.64935623733864,6410.120827789498,0.8969346443030655,3.933333333333333,121.33333333333333,3.0,-0.09890109890109888,0.45269220015451267,0.5333185713557707,0.24142915745030527,1,2,2,Düşük Risk (Yeşil Bölge)
BAKIRKÖY|YENİMAHALLE,BAKIRKÖY,YENİMAHALLE,4063.7999999999997,334386.7679263677,0.021536654043383698,51.599999999999994,51.599999999999994,13.600000000000001,13.600000000000001,15.260000000000002,3.2,1.0,0.0,38.78471614290859,78.64935623733864,4034.830951643312,0.2662280701754386,4.468,240.29999999999998,6.0,-0.09473684210526312,0.4767957966243998,0.43485071243839085,0.20733499184975038,1,1,1,Düşük Risk (Yeşil Bölge)
BAKIRKÖY|YEŞİLKÖY,BAKIRKÖY,YEŞİLKÖY,24980.199999999997,1964421.0229733079,0.12616887478374972,320.79999999999995,320.79999999999995,97.8,97.8,99.22908333333334,8.6,12.0,2.0,12.840448272011967,78.64935623733864,25108.117478765118,0.3008311353156606,11.187861111111111,197.2,7.0,-0.08080229226361031,0.5616440559014322,0.7115631982921874,0.3996452407190192,2,3,6,Orta Risk (Sarı Bölge)
BAKIRKÖY|YEŞİLYURT,BAKIRKÖY,YEŞİLYURT,8330.4,654734.5564256619,0.0420501770245646,51.8,51.8,6.4,6.4,89.30241666666667,2.0,1.0,0.0,6.226472564597996,78.64935623733862,4107.946185610108,0.13923444976076552,44.65120833333334,151.0,3.0,0.17727272727272725,0.4878200636455548,0.44938282810621216,0.21921795980799183,1,1,1,Düşük Risk (Yeşil Bölge)
BAKIRKÖY|ZEYTİNLİK,BAKIRKÖY,ZEYTİNLİK,5244.4,411827.01115887344,0.026448033182347702,119.80000000000001,119.80000000000001,96.2,96.2,21.463333333333335,6.4,1.0,0.0,22.89367097950527,78.64935623733864,9469.144537639893,0.8131329914035974,3.306111111111111,196.60000000000002,5.0,0.09908256880733946,0.5052792377461393,0.5721391363383087,0.28909002669375505,1,2,2,Düşük Risk (Yeşil Bölge)
BAKIRKÖY|ZUHURATBABA,BAKIRKÖY,ZUHURATBABA,20074.6,1575922.496372236,0.10120573648401128,316.6,316.6,92.6,92.6,29.861333333333334,8.2,6.6000000000000005,0.0,15.770330056578583,78.64935623733862,24850.82609875653,0.29457731470518583,3.7920000000000007,303.73333333333335,6.0,-0.03475609756097556,0.5547631830201536,0.6353904189608137,0.35249121128321,2,2,4,Orta Risk (Sarı Bölge)
BAKIRKÖY|ŞENLİKKÖY,BAKIRKÖY,ŞENLİKKÖY,11799.2,852882.0443160039,0.05447431551424806,249.8,249.0,233.0,233.0,108.60241666666667,10.4,11.0,0.0,498.8241969874132,78.64935623733862,19524.01318591408,0.9536204802391852,10.668726515151516,243.83333333333331,6.0,-0.10143884892086327,0.6144701387045304,0.6907994598151602,0.42447563988963616,3,3,9,Kritik Risk (Kırmızı Bölge)
BAYRAMPAŞA|ALTINTEPSİ,BAYRAMPAŞA,ALTINTEPSİ,29209.0,1505165.2287875446,0.10843223193151351,426.8,426.8,196.5,194.4,112.20241666666668,17.8,5.0,1.0,14.621343493896589,51.526565270750176,21979.417073751196,0.448319959312839,6.148811403508772,291.2857142857143,7.0,0.08050632911392404,0.5699324919593881,0.7343602873699966,0.4185357885767945,2,3,6,Orta Risk (Sarı Bölge)
BAYRAMPAŞA|CEVATPAŞA,BAYRAMPAŞA,CEVATPAŞA,18395.0,947955.8084606138,0.06828431794618733,253.20000000000002,253.20000000000002,124.6,124.6,90.04908333333334,12.0,3.0,4.0,13.806697552759823,51.52656527075018,13023.199150174558,0.43971088435374145,5.700875000000001,576.7,4.0,0.31875,0.568399908422367,0.6493786314472312,0.3691067546460482,2,3,6,Orta Risk (Sarı Bölge)
BAYRAMPAŞA|KARTALTEPE,BAYRAMPAŞA,KARTALTEPE,43056.399999999994,2218778.474918015,0.15983460188845489,455.6,455.6,224.9,222.8,104.10908333333334,21.2,10.0,0.0,10.600482107452265,51.52656527075018,23444.400235514597,0.48433155080213897,4.62222487745098,400.84000000000003,5.0,0.21818181818181814,0.5704548778588541,0.7511440378778372,0.4284937803820081,2,3,6,Orta Risk (Sarı Bölge)
BAYRAMPAŞA|KOCATEPE,BAYRAMPAŞA,KOCATEPE,20982.6,1081318.8812395073,0.0778886874004803,355.2,355.2,178.6,178.6,105.23575000000001,17.8,16.0,0.0,16.925947075426574,51.52656527075018,18306.352544708003,0.5094309402675711,6.080740712074303,399.54285714285714,7.0,-0.02950819672131144,0.5702939571520858,0.7316229008314871,0.41724011925827675,2,3,6,Orta Risk (Sarı Bölge)
BAYRAMPAŞA|MURATPAŞA,BAYRAMPAŞA,MURATPAŞA,32472.4,1673274.9414955052,0.12055090188492797,362.4,362.4,202.1,200.0,96.71575000000001,12.6,4.0,0.0,11.164659184200017,51.52656527075018,18662.021061545453,0.5436952659465748,6.855716666666666,349.5666666666667,6.0,0.08828828828828826,0.5635971186937058,0.7118771544411052,0.4012119131068811,2,3,6,Orta Risk (Sarı Bölge)
BAYRAMPAŞA|ORTA,BAYRAMPAŞA,ORTA,15662.8,807150.227464645,0.05814252243308758,226.60000000000002,226.60000000000002,138.4,138.4,112.92908333333334,15.200000000000001,2.0,2.0,14.489649149551749,51.52656527075018,11665.399591200501,0.5901835709158034,7.746279061624651,324.33333333333337,6.0,0.1386934673366834,0.5522949151070535,0.6962578470209135,0.3845396685130353,2,3,6,Orta Risk (Sarı Bölge)
BAYRAMPAŞA|TERAZİDERE,BAYRAMPAŞA,TERAZİDERE,15490.6,798260.6579850642,0.05750439976859154,458.0,458.0,180.2,180.2,112.07575000000001,18.4,2.0,0.0,29.631827195336093,51.52656527075018,23560.288266704603,0.37490494296577936,5.9105375,223.20000000000002,7.0,0.28651685393258425,0.5517541312311004,0.7346404649762439,0.4053409115201791,2,3,6,Orta Risk (Sarı Bölge)
BAYRAMPAŞA|VATAN,BAYRAMPAŞA,VATAN,10219.0,526647.1670700435,0.03793209632165884,247.0,247.0,47.0,47.0,111.56241666666668,14.4,1.0,0.0,24.27268120028929,51.52656527075018,12705.335330149392,0.19578947368421049,7.854331349206349,303.0,3.0,0.3,0.5822288422157523,0.6874379186686388,0.4002461834816481,3,3,9,Kritik Risk (Kırmızı Bölge)
BAYRAMPAŞA|SEYİTNİZAM,BAYRAMPAŞA,SEYİTNİZAM,17983.4,926689.3849520322,0.06676034102783866,266.8,266.8,196.9,194.8,111.17575000000001,15.6,7.0,1.0,14.828868589442251,51.52656527075017,13755.749433118866,0.7646852858790574,7.046984375000001,313.43333333333334,6.0,-0.07681660899653975,0.5684016483521258,0.5925139427431683,0.3367859017268339,2,2,4,Orta Risk (Sarı Bölge)
BAYRAMPAŞA|YILDIRIM,BAYRAMPAŞA,YILDIRIM,49816.4,2566797.3185312385,0.18495310535815673,544.2,544.2,216.1,214.0,96.88908333333335,21.799999999999997,8.6,0.0,10.917422399494898,51.52656527075018,27988.842418007727,0.3858761772425505,3.868777168234065,382.8277777777778,9.0,0.3338235294117647,0.574196731366586,0.7456426922686812,0.4281455966680579,2,3,6,Orta Risk (Sarı Bölge)
BAYRAMPAŞA|İSMET PAŞA,BAYRAMPAŞA,İSMET PAŞA,16087.400000000001,829057.9090957914,0.05971679403910212,286.2,286.2,128.8,128.8,20.801499999999997,9.8,4.0,0.0,17.85396260376666,51.52656527075018,14721.288826032898,0.42867745451033945,2.1308063973063973,352.8,4.0,0.3068493150684931,0.5399437743991878,0.6165773699682945,0.33291711234980537,2,2,4,Orta Risk (Sarı Bölge)
BAĞCILAR|100. YIL,BAĞCILAR,100. YIL,47780.0,2444465.075496065,0.06840381718475147,583.2,576.8,165.79999999999998,165.79999999999998,39.17,11.600000000000001,8.0,1.0,12.19497706922909,51.166994850838734,29774.24528362698,0.3002030859995461,3.485380952380952,621.21,5.0,-0.13982300884955748,0.585005614097074,0.7053788161607984,0.4126505675192149,3,3,9,Kritik Risk (Kırmızı Bölge)
BAĞCILAR|15 TEMMUZ,BAĞCILAR,15 TEMMUZ,74405.6,3806701.9576784126,0.10652369354002864,804.6,804.6,128.4,128.4,47.788,15.4,5.0,3.0,10.814609046878537,51.166994850838734,41173.583090194996,0.1596141156351943,3.1188666666666665,641.5166666666667,6.0,0.008270676691729319,0.5994944771427163,0.7127049976593358,0.4272627099287844,3,3,9,Kritik Risk (Kırmızı Bölge)
BAĞCILAR|BARBAROS,BAĞCILAR,BARBAROS,26773.199999999997,1369571.1962372349,0.03832419589793802,222.6,222.6,52.0,52.0,19.85666666666667,3.6000000000000005,3.0,0.0,8.275368530403732,51.166994850838734,11325.106588854587,0.2525327812284334,4.379444444444444,558.3,5.0,-0.29333333333333333,0.5267495652179202,0.5672523740798917,0.29879994141541594,2,2,4,Orta Risk (Sarı Bölge)
BAĞCILAR|BAĞLAR,BAĞCILAR,BAĞLAR,13000.400000000001,665148.9887357324,0.018613118489857958,330.6,330.6,69.8,69.8,32.64383333333333,9.2,10.0,5.0,25.426917710912047,51.166994850838734,16905.730607046957,0.21259108763375317,3.41055,630.7916666666666,6.0,-0.04173913043478258,0.5784425718224393,0.6407572124297286,0.3706412498716293,3,3,9,Kritik Risk (Kırmızı Bölge)
BAĞCILAR|DEMİRKAPI,BAĞCILAR,DEMİRKAPI,53825.8,2754067.899088704,0.07706872306133994,738.0,738.0,260.5,258.4,54.010000000000005,12.8,28.0,0.0,13.709969001765412,51.166994850838734,37706.65362561719,0.3573500828902989,4.236071428571429,559.8,6.0,-0.0955882352941176,0.6016920437390598,0.7666627349449977,0.4612948678476328,3,3,9,Kritik Risk (Kırmızı Bölge)
BAĞCILAR|FATİH,BAĞCILAR,FATİH,41555.600000000006,2125756.9996797573,0.05948425334299552,661.4,661.4,103.6,103.2,33.72800000000001,7.800000000000001,0.0,0.0,15.891920466780055,51.166994850838734,33774.24454463253,0.16058392224977125,4.241142857142857,551.6666666666666,6.0,-0.12744063324538252,0.5982234278600745,0.6116981595579992,0.36593216982648513,3,2,6,Orta Risk (Sarı Bölge)
BAĞCILAR|FEVZİ ÇAKMAK,BAĞCILAR,FEVZİ ÇAKMAK,33044.6,1690434.2731060737,0.0473030082718405,493.20000000000005,492.8,141.2,141.2,104.29575000000001,14.4,12.0,0.0,14.902823447202069,51.166994850838734,25179.713549801836,0.2945327621767412,7.3698869047619056,574.7142857142858,7.0,-0.13926701570680625,0.5969939662681871,0.7269497957064657,0.4339846418166513,3,3,9,Kritik Risk (Kırmızı Bölge)
BAĞCILAR|GÖZTEPE,BAĞCILAR,GÖZTEPE,25609.4,1309960.900637546,0.03665581939845762,352.6,352.20000000000005,209.6,208.4,36.69883333333333,9.0,2.0,0.0,13.752637219085573,51.166994850838734,18016.707569914928,0.6156362610848244,4.077648148148148,627.175,6.0,-0.0912371134020618,0.5719943259232253,0.6732454709652516,0.3850925893456334,2,3,6,Orta Risk (Sarı Bölge)
BAĞCILAR|GÜNEŞLİ,BAĞCILAR,GÜNEŞLİ,46193.6,2362878.4617878906,0.0661189700723559,721.1999999999999,721.1999999999999,143.2,143.2,32.47083333333333,8.0,8.0,0.0,15.644314911793561,51.166994850838734,36961.264206046835,0.19588527267142003,4.058854166666666,531.5875,8.0,0.13396226415094337,0.6058561710701088,0.6848276648556255,0.414907066872313,3,3,9,Kritik Risk (Kırmızı Bölge)
BAĞCILAR|HÜRRİYET,BAĞCILAR,HÜRRİYET,25745.0,1317107.4215458871,0.03685668567070954,280.0,280.0,83.8,83.8,5.6721666666666675,3.6,7.0,0.0,10.875872502132943,51.166994850838734,14324.658997684774,0.29927803340366577,1.5419305555555556,563.74,5.0,-0.01060070671378092,0.5311883425679002,0.5757267086097431,0.30581931611848184,2,2,4,Orta Risk (Sarı Bölge)
BAĞCILAR|KAZIM KARABEKİR,BAĞCILAR,KAZIM KARABEKİR,27256.6,1394241.914819518,0.03901430463875622,246.0,246.0,55.8,55.8,25.8305,5.6,4.0,0.0,9.02337386341866,51.166994850838734,12580.782051656122,0.22720588235294115,3.962625,535.2166666666666,6.0,-0.035294117647058816,0.5400004107302209,0.5935112993571348,0.32049634542587985,2,2,4,Orta Risk (Sarı Bölge)
BAĞCILAR|KEMALPAŞA,BAĞCILAR,KEMALPAŞA,33060.8,1691083.4560395712,0.04732041497878138,546.6,546.6,62.6,62.6,93.18908333333334,6.2,8.0,0.0,16.447165451559282,51.166994850838734,27829.728301273928,0.12569633372198472,13.63577380952381,616.25,4.0,-0.2653225806451613,0.6136613343006763,0.6503920614913983,0.39912046027337894,3,3,9,Kritik Risk (Kırmızı Bölge)
BAĞCILAR|KİRAZLI,BAĞCILAR,KİRAZLI,18558.800000000003,934245.1974714235,0.0260786861422989,849.7,847.7,224.5,222.4,45.97183333333333,13.0,7.0,0.0,135.41122239793415,51.166994850838734,43456.96463361452,0.2662852283745669,3.5372787114845936,404.8285714285714,7.0,-0.03195670749074334,0.6357505987024278,0.671841271263737,0.427123490438921,3,3,9,Kritik Risk (Kırmızı Bölge)
BAĞCILAR|MAHMUTBEY,BAĞCILAR,MAHMUTBEY,27739.199999999997,1419412.1266915083,0.03972067575860372,635.2,633.2,183.8,183.8,106.50908333333334,16.0,10.0,2.0,22.91683689290452,51.166994850838734,32378.240881018733,0.3191164918661835,6.322584401709403,641.2227272727273,11.0,-0.2167694204685573,0.6163947840211721,0.7534923959181509,0.4644487826435641,3,3,9,Kritik Risk (Kırmızı Bölge)
BAĞCILAR|SARIYER MERKEZ,BAĞCILAR,SARIYER MERKEZ,25676.6,1313524.0365881966,0.03675605620071472,247.8,247.8,102.39999999999999,102.39999999999999,6.243333333333334,1.4,1.0,0.0,9.647127857704948,51.166994850838734,12669.943257617535,0.4211160807322977,4.256666666666667,395.26666666666665,9.0,-0.05057471264367816,0.6014419379053842,0.6513030506764874,0.39172096896255526,3,3,9,Kritik Risk (Kırmızı Bölge)
BAĞCILAR|SANCAKTEPE,BAĞCILAR,SANCAKTEPE,18611.2,952002.8723995409,0.02663934891978046,264.8,264.2,180.1,178.0,91.16241666666667,3.0,2.0,0.0,14.290196610660349,51.166994850838734,13602.768986583853,0.6044101804470778,30.387472222222225,437.35,4.0,0.4085106382978723,0.5347602206666189,0.5620148321398372,0.3005431756530121,2,2,4,Orta Risk (Sarı Bölge)
BAĞCILAR|YAVUZ SELİM,BAĞCILAR,YAVUZ SELİM,17610.2,911414.7856188489,0.025548486203077217,596.4000000000001,596.4000000000001,115.60000000000001,115.60000000000001,92.16908333333335,9.2,0.0,0.0,78.31223962038763,51.166994850838734,30622.653404983706,0.1905315057177521,8.2213125,474.27777777777777,9.0,0.34324324324324323,0.6396257574488664,0.6066218327748797,0.388010949273652,3,2,6,Orta Risk (Sarı Bölge)
BAĞCILAR|YENİGÜN,BAĞCILAR,YENİGÜN,21420.4,1095750.4324009374,0.030661969661338478,336.0,336.0,67.80000000000001,67.80000000000001,9.81,4.0,0.0,0.0,15.642972938401236,51.166994850838734,17133.32257447989,0.21928571428571425,2.5478571428571426,332.0,5.0,-0.19999999999999998,0.5334171573995333,0.5234108712025289,0.27919633906886626,2,2,4,Orta Risk (Sarı Bölge)
BAĞCILAR|YENİMAHALLE,BAĞCILAR,YENİMAHALLE,34427.6,1761252.8155590855,0.049285000495818604,392.0,392.0,167.4,167.4,45.82,11.8,4.0,0.0,11.387416973467651,51.166994850838734,20057.46198152878,0.42704081632653057,3.7083809523809528,708.1,5.0,0.0,0.5768710267082842,0.6785576948726606,0.39144027412199833,3,3,9,Kritik Risk (Kırmızı Bölge)
BAĞCILAR|YILDIZTEPE,BAĞCILAR,YILDIZTEPE,30575.8,1563983.8632884389,0.04376391724220858,472.4,472.4,126.6,126.6,24.570833333333333,9.0,3.0,0.0,15.400358869796309,51.166994850838734,24093.184715073665,0.28640118400220277,2.6053571428571427,367.9666666666667,6.0,-0.1910958904109589,0.5525533076660063,0.6351280080270041,0.3509420816266429,2,2,4,Orta Risk (Sarı Bölge)
BAĞCILAR|ÇINAR,BAĞCILAR,ÇINAR,32089.0,1641345.513343896,0.04592850711928664,412.0,411.4,194.9,192.8,8.348333333333333,3.0,4.0,0.0,12.84138422380947,51.166994850838734,21076.60275744542,0.4758900928792569,2.7827777777777776,438.72,5.0,-0.014354066985645899,0.5569298957305036,0.6212091927002634,0.345969970917388,2,2,4,Orta Risk (Sarı Bölge)
BAĞCILAR|İNÖNÜ,BAĞCILAR,İNÖNÜ,23704.800000000003,1212558.2117857304,0.033930347709058895,375.6,375.6,39.0,39.0,11.4225,4.4,8.0,0.0,15.793980971156339,51.166994850838734,19151.557240482845,0.10292748652621259,2.603625,517.8166666666666,6.0,-0.20254777070063693,0.5550217524597866,0.5617479874394219,0.3117823524293861,2,2,4,Orta Risk (Sarı Bölge)
BAŞAKŞEHİR|ALTINŞEHİR,BAŞAKŞEHİR,ALTINŞEHİR,24118.6,1477380.9533317825,0.0466110974152221,543.6,543.6,220.5,218.4,101.44908333333333,9.2,0.0,0.0,22.582238215085937,61.26326664927294,33303.64704046213,0.40662112932604744,12.206817234848486,586.52,5.0,-0.009836065573770479,0.6324414631672968,0.672223845841706,0.4251422326400759,3,3,9,Kritik Risk (Kırmızı Bölge)
BAŞAKŞEHİR|BAHÇEŞEHİR 1. KISIM,BAŞAKŞEHİR,BAHÇEŞEHİR 1. KISIM,36595.4,2241928.391587932,0.07073071757689395,497.8,497.8,200.39999999999998,200.39999999999998,132.43575,31.4,14.4,0.0,13.602378652398343,61.26326664927293,30495.503163683,0.40100458473647904,4.301331280788178,396.1214285714285,7.0,0.015918367346938737,0.5796825417209994,0.7661780349855837,0.444140030731244,3,3,9,Kritik Risk (Kırmızı Bölge)
BAŞAKŞEHİR|BAHÇEŞEHİR 2. KISIM,BAŞAKŞEHİR,BAHÇEŞEHİR 2. KISIM,60190.2,3687453.26048596,0.1163353760390266,718.8,718.8,247.6,246.4,145.66241666666667,31.400000000000002,15.0,0.0,11.942266041308997,61.26326664927293,44032.0870656241,0.3436076920667731,4.9191535772357735,183.77142857142857,7.0,0.03275862068965512,0.5699841734614582,0.7943831591019739,0.4527858283524407,2,3,6,Orta Risk (Sarı Bölge)
BAŞAKŞEHİR|BAŞAK,BAŞAKŞEHİR,BAŞAK,71488.6,4380015.803605361,0.13818269039822906,327.0,327.0,78.8,78.8,25.970333333333333,8.0,16.8,0.0,4.580657591552527,61.26326664927292,20031.00977227368,0.24083392561004496,3.5723282828282827,430.8090909090909,11.0,0.03809523809523804,0.5360810350251227,0.6862854450203439,0.3679046116891829,2,3,6,Orta Risk (Sarı Bölge)
BAŞAKŞEHİR|BAŞAKŞEHİR,BAŞAKŞEHİR,BAŞAKŞEHİR,72104.8,4417637.678111558,0.13937039922451155,236.0,236.0,162.79999999999998,162.79999999999998,108.83575,13.600000000000001,14.0,0.0,3.2757029975610017,61.263266649272936,14456.572112699487,0.6857246878071868,9.874627631578948,464.9,4.0,0.039647577092510995,0.5421768953185879,0.7658311609273954,0.41521596116984516,2,3,6,Orta Risk (Sarı Bölge)
BAŞAKŞEHİR|GÜVERCİNTEPE,BAŞAKŞEHİR,GÜVERCİNTEPE,74047.6,4536349.436305204,0.1431175112428912,819.45,816.45,262.9,260.8,102.31575000000001,15.0,5.0,1.0,11.063658802484715,61.263266649272936,50187.03735514065,0.32192796099067256,6.82105,559.6375,4.0,0.1194672131147541,0.6210571269037207,0.7585568258435917,0.47110712285162715,3,3,9,Kritik Risk (Kırmızı Bölge)
BAŞAKŞEHİR|KAYABAŞI,BAŞAKŞEHİR,KAYABAŞI,114545.40000000001,7016745.32395661,0.2213753001735148,447.79999999999995,447.79999999999995,178.8,178.8,28.668,7.800000000000001,24.0,16.0,3.908468129478506,61.263266649272936,27430.261409180788,0.39307073205343923,3.9672666666666667,375.7,8.0,0.04626168224299062,0.5458420437564221,0.7787377562016786,0.42506780839541464,2,3,6,Orta Risk (Sarı Bölge)
BAŞAKŞEHİR|ZİYA GÖKALP,BAŞAKŞEHİR,ZİYA GÖKALP,29782.600000000002,1824523.6635980024,0.0575622056230258,369.4,369.4,200.1,198.0,29.523833333333332,7.0,6.0,4.0,12.397050437877025,61.263266649272936,22625.558566246935,0.5277332526841071,4.2176904761904765,601.895,10.0,0.08647058823529409,0.5809241423119164,0.711838977039994,0.41352444720115045,3,3,9,Kritik Risk (Kırmızı Bölge)
BAŞAKŞEHİR|İKITELLI OSB,BAŞAKŞEHİR,İKITELLI OSB,21.8,1335.7470551580068,4.214020721190795e-05,715.4000000000001,715.4000000000001,203.39999999999998,203.39999999999998,62.0955,18.0,1.0,99.0,32955.27950310559,61.263266649272936,43820.05079934716,0.28350073515438245,3.4598101851851846,391.9,4.0,0.06616989567809238,0.7751712898922334,0.5396480468055362,0.41831967253007185,3,2,6,Orta Risk (Sarı Bölge)
BAŞAKŞEHİR|ŞAHİNTEPE,BAŞAKŞEHİR,ŞAHİNTEPE,32522.0,1992473.5851059463,0.06286009769580816,877.75,872.75,203.2,203.2,78.42783333333333,21.4,5.0,2.0,26.99216070122904,61.263266649272936,53773.83230139932,0.23150099686698938,3.652681818181818,455.5083333333333,6.0,0.0,0.6206694385127767,0.7281807889944814,0.45195956144099547,3,3,9,Kritik Risk (Kırmızı Bölge)
BAŞAKŞEHİR|ŞAMLAR,BAŞAKŞEHİR,ŞAMLAR,1972.8,120838.55685648455,0.0038124644036643804,114.8,114.8,34.8,34.8,7.746666666666667,3.6,1.0,6.0,58.96794515471558,61.26326664927293,7037.907303127164,0.3008741258741259,0.8607407407407408,349.05,7.0,-0.19720279720279715,0.49523940446454284,0.4394914133881952,0.21765346583365,1,1,1,Düşük Risk (Yeşil Bölge)
BEYKOZ|ACARLAR,BEYKOZ,ACARLAR,6479.4,374863.5051749763,0.02509948272409808,44.599999999999994,44.599999999999994,9.0,9.0,25.594,5.6,0.0,0.0,6.828054627780059,57.894469167150305,2553.435730781862,0.22957816377171214,5.4635,260.425,8.0,-0.31384615384615383,0.4322611276214364,0.45446615163684223,0.19644805117231615,1,1,1,Düşük Risk (Yeşil Bölge)
BEYKOZ|AKBABA,BEYKOZ,AKBABA,2353.6000000000004,136278.12291049716,0.00911429096216088,109.8,109.8,80.8,80.8,90.72908333333334,6.4,0.0,0.0,46.71389988356872,57.894469167150305,6300.340396820933,0.9325943775100402,11.946908333333333,228.58749999999998,8.0,-0.26799999999999996,0.5396288157060117,0.5513713165377977,0.29753585055755627,2,2,4,Orta Risk (Sarı Bölge)
BEYKOZ|ALİBAHADIR,BEYKOZ,ALİBAHADIR,7804.0,451842.15219699754,0.03022156467209596,39.8,39.8,22.799999999999997,22.799999999999997,37.763333333333335,4.6000000000000005,0.0,0.0,5.103452356688735,57.89446916715031,2285.656723746496,0.7033475349969567,7.080476190476191,96.6,6.0,-0.24905660377358488,0.4012523789364843,0.4936235710982384,0.19806763220229096,1,1,1,Düşük Risk (Yeşil Bölge)
BEYKOZ|ANADOLU HİSARI,BEYKOZ,ANADOLU HİSARI,2544.2,147199.86409829164,0.00985539943499656,114.2,114.2,17.8,17.8,24.15466666666667,5.2,1.0,0.0,44.7911476995086,57.894469167150305,6587.948007299001,0.15455421329578295,4.905809523809523,213.4,4.0,-0.12824427480916026,0.5180076000346133,0.45799575324532954,0.23724528096465813,1,1,1,Düşük Risk (Yeşil Bölge)
BEYKOZ|ANADOLU KAVAĞI,BEYKOZ,ANADOLU KAVAĞI,2557.8,147996.50045351795,0.00990782382857246,99.6,99.6,20.0,20.0,89.87575000000001,9.8,0.0,0.0,39.21812772801308,57.89446916715031,5826.1329284359945,0.1757127192982456,7.0057166666666655,310.78,5.0,0.7473684210526316,0.5428904286542304,0.4613776023614873,0.2504774843174889,2,1,2,Düşük Risk (Yeşil Bölge)
BEYKOZ|ANADOLUFENERİ,BEYKOZ,ANADOLUFENERİ,6908.0,399875.9920777004,0.02675407830850612,48.8,48.8,6.2,6.2,22.805166666666665,3.8,0.0,0.0,7.060230885059394,57.894469167150305,2815.135650389979,0.12532467532467528,6.341033333333334,88.75,4.0,-0.1285714285714285,0.41652520136292215,0.4206146937499946,0.17519662001042033,1,1,1,Düşük Risk (Yeşil Bölge)
BEYKOZ|BAKLACI,BEYKOZ,BAKLACI,2939.4,170250.01813675987,0.01138140192139546,117.19999999999999,117.19999999999999,17.2,17.2,4.421166666666666,1.0,0.0,0.0,40.08739961681138,57.894469167150305,6715.2735420352365,0.15979469632164237,4.421166666666666,354.8277777777778,9.0,-0.2982035928143712,0.5196352597977666,0.39156146880166215,0.20346914556754678,1,1,1,Düşük Risk (Yeşil Bölge)
BEYKOZ|BOZHANE,BEYKOZ,BOZHANE,625.2,36239.45138482585,0.0024200499777317,57.4,55.4,0.0,0.0,9.176666666666666,1.0,1.0,0.0,92.4862661704767,57.894469167150305,3309.6566035718192,0.0,9.176666666666666,67.36,5.0,-0.14328358208955222,0.480849245990631,0.24703966565599608,0.1187888369604633,1,1,1,Düşük Risk (Yeşil Bölge)
BEYKOZ|CUMHURİYET,BEYKOZ,CUMHURİYET,2006.0,116115.2333889557,0.0077691658325416794,122.4,122.4,5.800000000000001,5.800000000000001,10.243333333333334,1.8000000000000003,0.0,0.0,61.01029371955191,57.894469167150305,7081.22580357572,0.04722222222222216,8.221111111111112,194.1488888888889,0.0,-0.02857142857142856,0.5380283957636058,0.32385323888103335,0.1742422385780102,2,1,2,Düşük Risk (Yeşil Bölge)
BEYKOZ|DERESEKİ,BEYKOZ,DERESEKİ,1664.6,96397.26235846968,0.00644578738087588,110.6,110.6,99.60000000000001,99.60000000000001,99.58241666666667,7.6,0.0,0.0,66.53958096496739,57.8944691671503,6374.470695813781,1.0043283229715905,11.765241666666666,74.0,6.0,-0.15572519083969463,0.5131946589712836,0.5668727172054321,0.2909160507863666,1,2,2,Düşük Risk (Yeşil Bölge)
BEYKOZ|ELMALI,BEYKOZ,ELMALI,2203.8,127649.3606907815,0.00853300820098558,88.80000000000001,88.80000000000001,37.0,37.0,25.742666666666665,6.6,0.0,1.0,40.384634522565555,57.894469167150305,5122.485712936861,0.3967156862745098,4.566607407407407,189.2,6.0,-0.12941176470588234,0.49493902854860317,0.4896832192061771,0.242363336810458,1,1,1,Düşük Risk (Yeşil Bölge)
BEYKOZ|FATİH,BEYKOZ,FATİH,4196.200000000001,242921.59985174568,0.01625097041561504,91.80000000000001,91.80000000000001,19.8,19.8,7.476666666666665,1.8000000000000003,0.0,0.0,21.87286555283079,57.894469167150305,5300.383472507877,0.21411764705882352,3.618888888888889,171.25,4.0,-0.09999999999999996,0.4745912203331779,0.4094424073994104,0.19431777178384038,1,1,1,Düşük Risk (Yeşil Bölge)
BEYKOZ|GÖKSU,BEYKOZ,GÖKSU,2685.2,155523.1296295033,0.010397231134087841,128.39999999999998,128.39999999999998,22.0,22.0,32.310833333333335,9.2,3.0,0.0,48.036002390783764,57.894469167150305,7365.377337535145,0.1929378531073446,3.854345238095238,311.96,5.0,-0.2745762711864407,0.524253846340475,0.5006263344436912,0.26245528141143815,2,1,2,Düşük Risk (Yeşil Bölge)
BEYKOZ|GÖLLÜ,BEYKOZ,GÖLLÜ,299.79999999999995,17363.50481962297,0.0011608541166621,33.2,33.2,0.0,0.0,11.7735,2.1999999999999997,0.0,0.0,110.60916261117637,57.89446916715031,1927.9964692467815,0.0,5.235611111111112,95.6,4.0,0.14482758620689656,0.4665237184158929,0.2147183478065519,0.10017120203082958,1,1,1,Düşük Risk (Yeşil Bölge)
BEYKOZ|GÖRELE,BEYKOZ,GÖRELE,1973.4,114328.17527336224,0.00764027490851982,74.8,74.8,14.4,14.4,19.891666666666662,5.4,0.0,0.0,38.1707598298041,57.89446916715031,4295.105736318497,0.21351724137931033,3.8823333333333334,170.88,5.0,-0.252,0.4705818380946315,0.4179100441716609,0.19666087674450883,1,1,1,Düşük Risk (Yeşil Bölge)
BEYKOZ|GÖZTEPE,BEYKOZ,GÖZTEPE,9283.0,537173.0674503433,0.035957037916556536,282.4,282.0,38.2,38.2,43.269666666666666,10.4,2.4000000000000004,0.0,30.402696308608814,57.894469167150305,16323.269109971941,0.13583610188261347,4.202360606060606,282.30000000000007,6.0,-0.06179401993355478,0.5564310101229022,0.5657786085126135,0.3148167626406036,2,2,4,Orta Risk (Sarı Bölge)
BEYKOZ|GÜMÜŞSUYU,BEYKOZ,GÜMÜŞSUYU,13895.0,804102.2865599187,0.05381998084111674,581.0,575.6,162.2,162.2,93.74241666666667,12.0,5.0,0.0,41.804557971631574,57.89446916715031,33607.18612162737,0.2834010089824043,6.942183201058201,398.9,2.0,-0.03488372093023254,0.6166868723646818,0.6512567853736696,0.40162151007836516,3,3,9,Kritik Risk (Kırmızı Bölge)
BEYKOZ|KANLICA,BEYKOZ,KANLICA,3691.6000000000004,213686.13607923992,0.01429738944498118,112.4,112.4,14.4,14.4,25.259166666666665,6.0,2.0,0.0,30.412977165625716,57.894469167150305,6468.566295347697,0.13221884498480238,4.606458333333333,347.06666666666666,3.0,-0.1971428571428571,0.520788629188593,0.4656578094410457,0.24250929224976525,2,1,2,Düşük Risk (Yeşil Bölge)
BEYKOZ|KAVACIK,BEYKOZ,KAVACIK,23692.6,1371216.1930365264,0.09176599721418413,330.4,330.0,101.6,101.6,30.668333333333333,9.8,7.0,0.0,13.930717256633187,57.894469167150305,19068.488813438642,0.3139854056069456,3.121801346801347,277.28,5.0,-0.11420911528150132,0.5355306145070523,0.6456769739588372,0.3457797866372301,2,3,6,Orta Risk (Sarı Bölge)
BEYKOZ|KAYNARCA,BEYKOZ,KAYNARCA,797.8,46266.594450046425,0.00308756579107446,46.2,46.2,25.200000000000003,24.8,92.52241666666667,4.6000000000000005,0.0,0.0,57.67096534693415,57.89446916715031,2684.8389204893,0.5085972850678733,17.491773809523814,78.56,5.0,0.18461538461538463,0.49579495682955593,0.4617515497770401,0.22893408968768814,1,1,1,Düşük Risk (Yeşil Bölge)
BEYKOZ|KILIÇLI,BEYKOZ,KILIÇLI,602.6,34934.4078633039,0.00233243845869308,36.8,36.8,11.399999999999999,11.399999999999999,22.299999999999997,5.199999999999999,0.0,0.0,60.1397539543058,57.894469167150305,2154.1168369406955,0.41250000000000003,4.196666666666666,75.88,5.0,0.84,0.44963487185722356,0.3919882409584412,0.1762515824928872,1,1,1,Düşük Risk (Yeşil Bölge)
BEYKOZ|MAHMUTŞEVKETPAŞA,BEYKOZ,MAHMUTŞEVKETPAŞA,1653.6,95764.63754970062,0.00640307683981464,92.4,92.4,58.0,58.0,35.615,6.6000000000000005,0.0,0.0,55.85590351248413,57.894469167150305,5357.034784769906,0.6123563218390805,5.1962698412698405,59.85714285714286,7.0,0.06206896551724134,0.47254392246999294,0.5034337637914115,0.2378945654458255,1,1,1,Düşük Risk (Yeşil Bölge)
BEYKOZ|SARIYER MERKEZ,BEYKOZ,SARIYER MERKEZ,5686.4,329096.47909579135,0.022024668305303922,292.20000000000005,289.8,79.2,79.2,97.01575000000001,15.4,3.0,0.0,51.40986516517464,57.894469167150305,16931.092687677843,0.2689959439265637,5.555144736842106,327.8666666666667,6.0,0.03617021276595744,0.6145684430665617,0.560742679022712,0.34461475520796087,3,2,6,Orta Risk (Sarı Bölge)
BEYKOZ|ORTAÇEŞME,BEYKOZ,ORTAÇEŞME,7318.8,423530.923708651,0.02834835207451266,400.6,400.0,53.6,53.6,95.75575,9.0,0.0,0.0,54.743809899261215,57.894469167150305,23189.15286670476,0.13380846657586892,9.327795454545456,352.46000000000004,5.0,-0.005955334987593,0.5549891926263764,0.5058762177717377,0.28075583367002166,2,1,2,Düşük Risk (Yeşil Bölge)
BEYKOZ|PAŞABAHÇE,BEYKOZ,PAŞABAHÇE,4249.4,245961.12783157028,0.0164580627897787,118.2,115.4,23.200000000000003,23.200000000000003,90.66908333333335,7.2,1.0,0.0,27.832164256988577,57.894469167150305,6857.4550525936875,0.19365925925925925,9.798019444444444,452.73333333333335,3.0,0.09444444444444444,0.5219912498004194,0.39810281490616195,0.20780618590193253,2,1,2,Düşük Risk (Yeşil Bölge)
BEYKOZ|PAŞAMANDIRA,BEYKOZ,PAŞAMANDIRA,450.0,26065.154181426333,0.00174237639345118,96.4,96.4,24.4,24.4,13.801833333333335,2.8,1.0,0.0,213.67108246807493,57.89446916715031,5609.684421786333,0.23808612440191385,4.925458333333333,78.80000000000001,5.0,0.26842105263157895,0.35843277905665394,0.37694641420800196,0.13510995080001473,1,1,1,Düşük Risk (Yeşil Bölge)
BEYKOZ|POLONEZKÖY,BEYKOZ,POLONEZKÖY,360.4,20919.110394331405,0.0013942960018229,11.8,11.8,11.0,11.0,11.018666666666666,3.8,0.0,0.0,34.48331348759373,57.894469167150305,673.0402912054176,1.3909774436090223,3.3306666666666667,101.475,8.0,-0.3789473684210526,0.5135359846905359,0.3109680700819504,0.15969329407684996,1,1,1,Düşük Risk (Yeşil Bölge)
BEYKOZ|POYRAZKÖY,BEYKOZ,POYRAZKÖY,871.5999999999999,50503.80571719777,0.003374302350255,83.80000000000001,83.80000000000001,3.0,3.0,18.14783333333333,2.8,0.0,0.0,96.82872727854412,57.894469167150305,4820.370310892415,0.03740771123872024,5.0469583333333325,202.26,5.0,-0.20943396226415092,0.5432099017816673,0.5307485576054257,0.28830787184760487,2,2,4,Orta Risk (Sarı Bölge)
BEYKOZ|RÜZGARLIBAHÇE,BEYKOZ,RÜZGARLIBAHÇE,7255.8,419820.3568700771,0.028106037462081762,280.8,280.8,24.4,24.4,31.081666666666663,10.8,3.0,0.0,38.417264869057036,57.894469167150305,16069.649710247118,0.09915458937198064,2.9110416666666667,312.25714285714287,7.0,-0.32173913043478264,0.5062681055751176,0.6134030555270257,0.31054640287565594,1,2,2,Düşük Risk (Yeşil Bölge)
BEYKOZ|RİVA,BEYKOZ,RİVA,3113.6,180581.35282654007,0.012049542858376259,185.20000000000002,184.6,207.7,205.6,60.15183333333333,13.0,0.0,0.0,59.002187338483466,57.894469167150305,10782.742359557973,1.0738646834276686,4.615093837535014,54.55,4.0,0.30422535211267604,0.5834207496948531,0.612198264435602,0.35716917039890683,3,2,6,Orta Risk (Sarı Bölge)
BEYKOZ|SOĞUKSU,BEYKOZ,SOĞUKSU,11360.0,657365.0933336101,0.04400205239170236,241.4,236.0,45.6,45.6,37.227833333333336,6.6,0.0,0.0,21.22017882023919,57.894469167150305,13932.73846584052,0.17477375565610853,5.645862962962964,350.70000000000005,4.0,-0.11249999999999999,0.6054687841977353,0.6272010383636358,0.37975065014558773,3,2,6,Orta Risk (Sarı Bölge)
BEYKOZ|TOKATKÖY,BEYKOZ,TOKATKÖY,14227.4,822856.700400596,0.0551201579647438,706.9000000000001,704.9000000000001,193.0,185.79999999999998,123.94908333333333,24.4,0.0,0.0,49.41365856598341,57.894469167150305,40685.59290389682,0.30358118041923643,5.279373917748918,213.16,5.0,-0.19464540017089146,0.5563160318457738,0.5212833445937405,0.28999828173168285,2,1,2,Düşük Risk (Yeşil Bölge)
BEYKOZ|YALIKÖY,BEYKOZ,YALIKÖY,4706.0,272287.0121698963,0.0182291951327496,281.4,268.2,104.0,104.0,104.45575000000001,16.0,1.0,1.0,59.9441580255657,57.894469167150305,16341.232978056963,0.3548234039717446,6.0687875,291.1,4.0,0.14390243902439023,0.5994355094483903,0.6610620322648552,0.3962640560876717,3,3,9,Kritik Risk (Kırmızı Bölge)
BEYKOZ|YAVUZ SELİM,BEYKOZ,YAVUZ SELİM,5454.0,315777.50659798563,0.02112108220906624,100.4,100.4,21.6,21.6,20.470666666666666,5.6,0.0,0.0,18.42697270432054,57.894469167150305,5735.903496715808,0.24943548387096773,3.681333333333334,164.8857142857143,7.0,-0.352258064516129,0.5885059541794931,0.6141391769342526,0.36142456232070086,3,2,6,Orta Risk (Sarı Bölge)
BEYKOZ|SEYMEN MAHALLE,BEYKOZ,SEYMEN MAHALLE,19303.2,1117406.9149977984,0.07475898843174712,722.8,722.8,131.6,131.6,61.819833333333335,18.200000000000003,0.0,0.0,37.44827294421805,57.894469167150305,41869.722685605804,0.1809557625954257,3.4998729468599032,323.7142857142857,7.0,0.023796033994334217,0.46200461386864167,0.47712026651385653,0.2204317644996377,1,1,1,Düşük Risk (Yeşil Bölge)
BEYKOZ|ZERZAVATÇI,BEYKOZ,ZERZAVATÇI,1152.6,66751.07979281918,0.0044630824091005,50.0,49.4,17.0,17.0,19.132666666666665,4.4,0.0,0.0,43.361911654494975,57.894469167150305,2898.9378104270804,0.34819967266775775,4.654833333333333,126.42857142857142,7.0,0.06382978723404252,0.4609800488022002,0.4152011117313016,0.1913994287486232,1,1,1,Düşük Risk (Yeşil Bölge)
BEYKOZ|ÇAMLIBAHÇE,BEYKOZ,ÇAMLIBAHÇE,6059.6,350674.88026531273,0.02347068771026342,372.0,371.4,83.2,82.0,95.46908333333334,11.799999999999999,1.0,0.0,61.45103063349737,57.894469167150305,21574.671698806,0.21748049052396873,7.132495098039215,372.125,4.0,0.07826086956521736,0.6137176249514783,0.5829759482222994,0.35778261434682557,3,2,6,Orta Risk (Sarı Bölge)
BEYKOZ|ÇENGELDERE,BEYKOZ,ÇENGELDERE,5093.0,294814.38794760086,0.01972470674993302,242.39999999999998,242.39999999999998,20.4,20.4,5.852833333333333,1.4,1.0,0.0,47.53765817425918,57.894469167150305,13927.417653964196,0.09139150943396222,3.7528333333333332,64.68,5.0,-0.23773584905660375,0.49601602647149107,0.4250792151953802,0.21084610325683237,1,1,1,Düşük Risk (Yeşil Bölge)
BEYKOZ|ÇUBUKLU,BEYKOZ,ÇUBUKLU,21487.4,1243613.0535214117,0.08322421566673693,596.5999999999999,596.2,76.6,76.6,119.28241666666668,19.0,2.0,0.0,27.734993150654972,57.894469167150305,34422.681317587965,0.13010329455257147,6.592192067736185,197.6857142857143,7.0,-0.12264705882352937,0.5842253591993687,0.6572067381387227,0.3839568426573407,3,3,9,Kritik Risk (Kırmızı Bölge)
BEYKOZ|ÇİFTLİK,BEYKOZ,ÇİFTLİK,5597.8,324067.33070683747,0.02167890688659974,188.8,188.8,26.0,26.0,11.653333333333332,2.8,0.0,0.0,33.7188920138872,57.894469167150305,10874.003461025808,0.13737667798803166,4.178333333333333,194.1488888888889,0.0,-0.17554585152838428,0.5242203885664867,0.4206220441528701,0.22049865142544747,2,1,2,Düşük Risk (Yeşil Bölge)
BEYKOZ|ÇİĞDEM,BEYKOZ,ÇİĞDEM,6993.2,413133.6319289604,0.02686480216216206,256.0,256.0,36.6,36.6,115.34908333333334,11.0,1.0,0.0,111.26715328563624,57.894469167150305,14799.912346442654,0.143830438304383,11.712861111111112,365.45,4.0,-0.05535055350553499,0.6044184818148456,0.562631913514775,0.34006512698718183,3,2,6,Orta Risk (Sarı Bölge)
BEYKOZ|ÖRNEKKÖY,BEYKOZ,ÖRNEKKÖY,3812.0,220820.14702726394,0.01475935499984404,67.0,67.0,25.0,24.200000000000003,24.256,5.800000000000001,0.0,0.0,17.682580901585837,57.89446916715031,3845.2146176425504,0.3729799612152553,4.514057142857142,85.45,4.0,-0.2637362637362637,0.4300168627148149,0.47320482677328995,0.20348605503055758,1,1,1,Düşük Risk (Yeşil Bölge)
BEYKOZ|ÖĞÜMCE,BEYKOZ,ÖĞÜMCE,4798.0,277802.94917640457,0.0185804882917534,43.400000000000006,43.400000000000006,2.0,2.0,9.176666666666666,1.0,0.0,0.0,9.044267956401848,57.894469167150305,2515.9914435099754,0.04617886178861784,9.176666666666666,58.24,5.0,0.058536585365853655,0.4164285073936254,0.33697464450464126,0.1403258482405653,1,1,1,Düşük Risk (Yeşil Bölge)
BEYKOZ|İNCİRKÖY,BEYKOZ,İNCİRKÖY,16806.8,972770.4318855295,0.06509407486763115,505.6,502.6,66.4,65.2,118.57575000000001,16.4,0.0,3.0,30.0289776863066,57.894469167150305,29082.64063819468,0.13706730769230765,7.804553571428572,194.11111111111111,9.0,-0.21,0.5792198150716921,0.6412800726951284,0.3714421251156335,3,3,9,Kritik Risk (Kırmızı Bölge)
BEYKOZ|İSHAKLI,BEYKOZ,İSHAKLI,1240.0,72033.57418730114,0.00479569556511604,130.0,130.0,7.800000000000001,7.800000000000001,25.978166666666667,5.2,0.0,0.0,108.22859419880788,57.894469167150305,7492.566175173019,0.06021872863978124,5.369541666666667,53.266666666666666,3.0,-0.1558441558441558,0.4964062905761783,0.3833669792377919,0.19030578009282703,1,1,1,Düşük Risk (Yeşil Bölge)
BEYLİKDÜZÜ|ADNAN KAHVECİ,BEYLİKDÜZÜ,ADNAN KAHVECİ,111967.0,6070744.554623026,0.26787293474123697,459.4,459.4,177.4,177.4,97.83575,6.0,21.2,4.0,4.106383114281382,54.210884795115234,24893.898203669407,0.3850738773539353,23.028381944444448,438.9,8.0,0.05366972477064216,0.5894058499181216,0.8023832105615447,0.4729293581810584,3,3,9,Kritik Risk (Kırmızı Bölge)
BEYLİKDÜZÜ|BARIŞ,BEYLİKDÜZÜ,BARIŞ,85050.79999999999,4611811.152211199,0.20347662779894676,266.6,266.6,78.6,78.6,98.53575000000001,7.6,7.0,0.0,3.1523006558870033,54.210884795115234,14421.14641304548,0.3188433531729943,15.689291666666668,434.2583333333333,6.0,0.3532994923857868,0.5564419136764734,0.7070409490313574,0.39342721872663844,2,3,6,Orta Risk (Sarı Bölge)
BEYLİKDÜZÜ|BÜYÜKŞEHİR,BEYLİKDÜZÜ,BÜYÜKŞEHİR,21515.0,1166522.200852243,0.051473080578479824,131.4,131.4,28.6,28.6,102.73575000000001,7.4,4.2,0.0,6.103356813943238,54.210884795115234,7127.6517066756915,0.21645390070921983,18.888968181818182,175.46666666666667,6.0,-0.0680851063829787,0.5036248170648017,0.6161988506530047,0.31033303343566054,1,2,2,Düşük Risk (Yeşil Bölge)
BEYLİKDÜZÜ|CUMHURİYET,BEYLİKDÜZÜ,CUMHURİYET,24243.0,1313865.4572971866,0.058001239521529135,86.19999999999999,86.19999999999999,20.6,20.6,107.28241666666668,8.600000000000001,3.0,2.0,3.5628804350359635,54.210884795115234,4675.148991637708,0.2384482986892625,18.91762619047619,200.96666666666667,6.0,-0.05274725274725274,0.4803368049091331,0.61995409487971,0.29778676912485347,1,2,2,Düşük Risk (Yeşil Bölge)
BEYLİKDÜZÜ|DEREAĞZI,BEYLİKDÜZÜ,DEREAĞZI,9494.8,514481.9154789328,0.022716526333519158,728.8,728.8,210.5,208.4,95.90908333333334,16.0,0.0,0.0,76.75726933380693,54.210884795115234,39490.44169914039,0.2845053525286083,5.214120833333333,518.15,4.0,0.059302325581395296,0.6461818921447035,0.6278877102900775,0.40572966868964766,3,2,6,Orta Risk (Sarı Bölge)
BEYLİKDÜZÜ|GÜRPINAR,BEYLİKDÜZÜ,GÜRPINAR,21413.8,1160468.14408956,0.05123258572066296,674.0,674.0,194.4,194.4,39.25566666666666,10.799999999999999,3.0,0.0,31.563920806369094,54.21088479511523,36557.13017202195,0.2896691284570282,3.58537962962963,570.8,3.0,-0.05865921787709496,0.6152803110866565,0.6562943809341613,0.4038050108655954,3,3,9,Kritik Risk (Kırmızı Bölge)
BEYLİKDÜZÜ|KAVAKLI,BEYLİKDÜZÜ,KAVAKLI,24606.6,1333204.527474738,0.058872196584327324,691.5999999999999,691.5999999999999,273.5,270.0,58.61,14.8,7.0,2.0,28.262583460759696,54.210884795115234,37509.613702691895,0.39625941009502647,4.024278846153846,490.4916666666667,6.0,-0.05260273972602738,0.6115959699391971,0.7371713104654178,0.4508510026354462,3,3,9,Kritik Risk (Kırmızı Bölge)
BEYLİKDÜZÜ|MARMARA,BEYLİKDÜZÜ,MARMARA,32520.0,1762975.9611773759,0.07780239340890238,362.8,362.8,105.8,105.8,13.827833333333333,4.3999999999999995,7.0,5.2,11.159213366678802,54.210884795115234,19642.47435694454,0.28964332247557,3.0557499999999997,520.8875,4.0,0.1817589576547231,0.5623584346321016,0.6403308387871477,0.36009544814700095,2,3,6,Orta Risk (Sarı Bölge)
BEYLİKDÜZÜ|SAHİL,BEYLİKDÜZÜ,SAHİL,6821.8,369771.5854284795,0.0163209475062338,247.6,247.6,53.400000000000006,53.400000000000006,18.463166666666666,5.199999999999999,0.0,0.0,36.27843957098905,54.210884795115234,13415.560227799511,0.21427425821972734,3.4377500000000003,594.4000000000001,3.0,0.06724137931034478,0.577618653358084,0.5017565087509679,0.28982391889838777,3,1,3,Düşük Risk (Yeşil Bölge)
BEYLİKDÜZÜ|YAKUPLU,BEYLİKDÜZÜ,YAKUPLU,80348.8,4355459.90136726,0.19223146780616135,877.75,872.75,273.5,270.0,56.82666666666666,13.2,4.0,7.0,10.924810529718858,54.210884795115234,47583.60412891239,0.3115921389917402,4.284666666666666,295.70000000000005,10.0,0.0,0.586240706572584,0.7745257648529125,0.45405853164604243,3,3,9,Kritik Risk (Kırmızı Bölge)
BEYOĞLU|ARAP CAMİ,BEYOĞLU,ARAP CAMİ,1050.0,71538.90697720242,0.00436886741571976,58.8,58.8,1.2000000000000002,1.2000000000000002,6.466666666666666,2.4000000000000004,1.0,0.0,55.12027491408935,68.18097209308083,4000.8629637879626,0.015384615384615361,1.0777777777777777,63.25,4.0,-0.2461538461538461,0.4063550856307851,0.23852930213357743,0.09692759499394127,1,1,1,Düşük Risk (Yeşil Bölge)
BEYOĞLU|ASMALI MESCİT,BEYOĞLU,ASMALI MESCİT,4368.0,297719.925719592,0.01817953853573826,74.8,73.6,14.4,14.0,19.701666666666668,4.4,0.0,0.0,16.9610424475214,68.18097209308083,5089.202831250634,0.18744827586206897,3.485833333333334,72.9,6.0,-0.252,0.4266085198599462,0.42539253163438806,0.18147607828002163,1,1,1,Düşük Risk (Yeşil Bölge)
BEYOĞLU|BEDRETTİN,BEYOĞLU,BEDRETTİN,6066.0,413562.7755423887,0.02525121730201682,41.4,41.4,6.2,6.2,9.944999999999999,2.1999999999999997,2.0,1.0,6.830553116769096,68.18097209308083,2824.992362077506,0.16222222222222218,4.706111111111111,76.1,8.0,0.15,0.4053809377094365,0.42596832797180634,0.17267944022773166,1,1,1,Düşük Risk (Yeşil Bölge)
BEYOĞLU|BEREKETZADE,BEYOĞLU,BEREKETZADE,499.6,34049.41295315942,0.0020791986622647,74.8,74.4,13.400000000000002,13.400000000000002,9.040000000000001,2.4000000000000004,0.0,0.0,146.71721143863846,68.18097209308084,5082.813616184079,0.16749999999999998,1.5066666666666668,63.66666666666667,6.0,-0.3495652173913043,0.43663378080015375,0.3081393306483364,0.1345440409542118,1,1,1,Düşük Risk (Yeşil Bölge)
BEYOĞLU|BOSTAN,BEYOĞLU,BOSTAN,2037.4,138813.2630618153,0.008477289811618341,100.2,100.2,4.6,4.6,30.366666666666667,9.6,0.0,0.0,48.768000763950695,68.18097209308083,6822.0217968255365,0.039579148732663744,3.578333333333333,207.73333333333335,6.0,-0.18536585365853658,0.5066291557183482,0.3701969627140224,0.187552574669302,1,1,1,Düşük Risk (Yeşil Bölge)
BEYOĞLU|BÜLBÜL,BEYOĞLU,BÜLBÜL,2327.2,158609.9329275841,0.00968531838187444,211.4,211.4,16.2,16.2,28.576666666666668,9.0,0.0,0.0,90.32715162596318,68.18097209308084,14395.312129688273,0.07752678456176576,3.37,191.56666666666666,6.0,-0.16771653543307086,0.549761550635068,0.4328696774757347,0.23797510511196168,2,1,2,Düşük Risk (Yeşil Bölge)
BEYOĞLU|CAMİİKEBİR,BEYOĞLU,CAMİİKEBİR,2660.0,181314.1055761025,0.01107131356666466,116.4,116.4,16.200000000000003,16.200000000000003,26.369999999999997,7.8,0.0,4.0,43.55551908605955,68.18097209308083,7925.786838925459,0.14804255319148935,3.4057575757575758,130.1,6.0,-0.17446808510638295,0.49357569851046035,0.46355264650538114,0.228798321295266,1,1,1,Düşük Risk (Yeşil Bölge)
BEYOĞLU|CİHANGİR,BEYOĞLU,CİHANGİR,3487.0,237639.71087545477,0.01451146987354908,113.0,112.6,20.2,19.400000000000002,100.93575000000001,8.2,2.0,0.0,32.069887679364136,68.18097209308083,7690.393573371714,0.17064579256360074,13.845107142857144,68.76666666666667,6.0,-0.22602739726027396,0.4934373907507365,0.5325306603162036,0.2627705395211943,1,2,2,Düşük Risk (Yeşil Bölge)
BEYOĞLU|EMEKYEMEZ,BEYOĞLU,EMEKYEMEZ,189.8,12921.069720861755,0.00078927829354636,62.2,62.2,9.2,9.2,3.8066666666666666,1.2000000000000002,0.0,0.0,321.4262871762072,68.18097209308084,4231.144857288465,0.14247809762202748,1.268888888888889,58.33333333333333,3.0,-0.26823529411764707,0.4484742801182459,0.2457655389549994,0.11021952316071608,1,1,1,Düşük Risk (Yeşil Bölge)
BEYOĞLU|EVLİYA ÇELEBİ,BEYOĞLU,EVLİYA ÇELEBİ,2454.0,167326.32826052682,0.01021621393700584,56.0,56.0,7.8,7.8,10.83,3.0000000000000004,1.0,0.0,22.82934306326119,68.18097209308083,3816.8565941992147,0.1406779661016949,4.5633333333333335,67.1,6.0,-0.05084745762711864,0.5310367132306254,0.5145015735269725,0.2732192245577484,2,1,2,Düşük Risk (Yeşil Bölge)
BEYOĞLU|FETİHTEPE,BEYOĞLU,FETİHTEPE,12688.0,864919.1656973325,0.05281209264281892,348.4,348.4,39.2,38.0,29.101333333333336,10.8,0.0,0.0,27.083362360979322,68.18097209308084,23646.656295508586,0.14461453133666102,2.2684285714285712,300.8857142857143,7.0,-0.4202995008319468,0.4340266314358059,0.3923618551778942,0.1702954943067649,1,1,1,Düşük Risk (Yeşil Bölge)
BEYOĞLU|FİRUZAĞA,BEYOĞLU,FİRUZAĞA,1763.8000000000002,119365.15301727962,0.00730436668434352,116.0,113.6,55.0,49.4,7.831166666666666,2.2,1.0,0.0,177.99926990445914,68.18097209308083,7898.770018690888,0.44257142857142856,3.0111666666666665,81.05,4.0,-0.1714285714285714,0.5296965443849111,0.5148758847231435,0.27272797692497297,2,1,2,Düşük Risk (Yeşil Bölge)
BEYOĞLU|GÜMÜŞSUYU,BEYOĞLU,GÜMÜŞSUYU,3257.2,222077.0177527616,0.013559337111518261,84.4,83.2,24.400000000000002,24.000000000000004,16.4165,6.8,1.0,0.0,25.912587139838642,68.18097209308083,5755.496319066671,0.29483834373227447,2.3524722222222225,114.42222222222225,9.0,0.0292682926829268,0.49700644894051565,0.42980881501608714,0.21361775287447646,1,1,1,Düşük Risk (Yeşil Bölge)
BEYOĞLU|HACIAHMET,BEYOĞLU,HACIAHMET,15850.4,1080521.6378457556,0.06597631602817304,437.20000000000005,437.20000000000005,179.2,178.4,114.73575000000001,14.2,1.0,0.0,27.46402792244375,68.18097209308083,29756.840572754514,0.4588952985869631,9.389374401913877,208.4,7.0,-0.2178890876565295,0.45873610667534664,0.46394291979142604,0.21282736874471142,1,1,1,Düşük Risk (Yeşil Bölge)
BEYOĞLU|HACIMİMİ,BEYOĞLU,HACIMİMİ,1252.4,85374.25976461204,0.00521295943179926,101.2,100.4,12.2,12.2,14.661000000000001,4.6,1.0,0.0,80.49898540140452,68.18097209308083,6890.202768918618,0.11762940735183788,2.991,88.16,5.0,-0.18387096774193548,0.5801796453403796,0.6846731311634219,0.3972334144124813,3,3,9,Kritik Risk (Kırmızı Bölge)
BEYOĞLU|HALICIOĞLU,BEYOĞLU,HALICIOĞLU,11854.0,808173.7965289276,0.04934525543623426,190.0,190.0,55.8,52.2,31.614833333333333,9.0,2.0,0.0,16.008866040122115,68.18097209308083,12936.494895499003,0.2818646232439336,3.610452380952381,328.95,4.0,-0.1810344827586207,0.4840241262555454,0.3828514508132592,0.1853093389655557,1,1,1,Düşük Risk (Yeşil Bölge)
BEYOĞLU|HÜSEYİNAĞA,BEYOĞLU,HÜSEYİNAĞA,5148.0,351297.2152863215,0.021443549854895598,60.0,60.0,13.600000000000001,13.2,97.52908333333335,5.4,0.0,0.0,12.151582187169378,68.18097209308083,4083.1912675049844,0.21282051282051279,30.288953703703704,91.77142857142857,7.0,-0.23076923076923073,0.5231625607730302,0.5707895865569488,0.29861574176571254,2,2,4,Orta Risk (Sarı Bölge)
BEYOĞLU|KADIMEHMET EFENDİ,BEYOĞLU,KADIMEHMET EFENDİ,5808.999999999999,398141.0396283501,0.02427120208259502,100.19999999999999,100.19999999999999,33.6,32.0,19.691666666666666,5.0,0.0,0.0,57.31841862843687,68.18097209308083,6823.299639838847,0.3406896551724138,3.9383333333333335,151.91555555555556,0.0,-0.165,0.46671567536849917,0.4990679233583383,0.23292282290494123,1,1,1,Düşük Risk (Yeşil Bölge)
BEYOĞLU|KALYONCU KULLUĞU,BEYOĞLU,KALYONCU KULLUĞU,654.0,44591.63359188818,0.0027225966113625603,103.2,103.2,13.2,13.2,25.13666666666667,8.4,0.0,0.0,157.96335843542766,68.18097209308084,7021.453341051534,0.12086956521739128,2.9695,101.32000000000001,5.0,-0.2521739130434782,0.48450622560890444,0.4485958629248115,0.2173474883694699,1,1,1,Düşük Risk (Yeşil Bölge)
BEYOĞLU|KAMER HATUN,BEYOĞLU,KAMER HATUN,410.8,27999.2872975391,0.00170971824061434,54.8,54.8,5.6,5.6,55.32033333333334,14.4,0.0,0.0,131.73770032892435,68.18097209308083,3726.861232402328,0.10155844155844157,4.065715873015873,92.15,8.0,-0.2883116883116883,0.5019007671837578,0.3841809468210957,0.19282071194689038,1,1,1,Düşük Risk (Yeşil Bölge)
BEYOĞLU|KAPTANPAŞA,BEYOĞLU,KAPTANPAŞA,17817.8,1214673.405203213,0.07416695721786684,355.8,355.8,62.6,62.2,21.866666666666667,7.0,2.0,2.0,19.950107672049434,68.18097209308083,24245.500303379726,0.177399822592464,3.123809523809524,293.1,6.0,-0.08062015503875969,0.4728896302622952,0.3842904532101647,0.18172697033188465,1,1,1,Düşük Risk (Yeşil Bölge)
BEYOĞLU|KATİPMUSTAFA ÇELEBİ,BEYOĞLU,KATİPMUSTAFA ÇELEBİ,7790.0,531232.0000461645,0.0324334271750475,53.6,53.6,17.6,16.0,99.69575,8.0,2.0,0.0,6.9234037236036485,68.18097209308083,3648.3664577252403,0.3262032085561497,12.46196875,98.72,5.0,-0.2117647058823529,0.5532482284833201,0.5930127157588206,0.32808323446165016,2,2,4,Orta Risk (Sarı Bölge)
BEYOĞLU|KEMANKEŞ KARAMUSTAFAPAŞA,BEYOĞLU,KEMANKEŞ KARAMUSTAFAPAŞA,489.8,33385.58409289249,0.00203858798768334,55.4,55.4,16.8,16.8,6.140000000000001,3.0,0.0,0.0,111.76315789473685,68.18097209308083,3766.747541247528,0.2573076923076923,2.0466666666666664,151.91555555555556,0.0,-0.30749999999999994,0.43754094082476175,0.5532592549521176,0.24207357493175624,1,2,2,Düşük Risk (Yeşil Bölge)
BEYOĞLU|KEÇECİ PİRİ,BEYOĞLU,KEÇECİ PİRİ,13893.6,947221.9065054315,0.057835332712249304,260.6,259.8,47.0,30.6,28.354499999999994,9.0,1.0,0.0,18.754117381001546,68.18097209308083,17764.383367019593,0.17802755302864637,3.1061984126984123,284.33333333333337,6.0,-0.0312267657992565,0.4676029839566708,0.3076202060012812,0.14384412625156487,1,1,1,Düşük Risk (Yeşil Bölge)
BEYOĞLU|KILIÇALİ PAŞA,BEYOĞLU,KILIÇALİ PAŞA,2263.0,154279.48357349553,0.00942006003490502,45.400000000000006,45.400000000000006,12.0,10.8,14.812833333333334,5.6,0.0,0.0,20.062130053314306,68.18097209308084,3095.1605644232077,0.2631884057971014,2.436541666666667,88.75999999999999,5.0,-0.013043478260869561,0.5386060525309841,0.5516858505194907,0.2971413381855015,2,2,4,Orta Risk (Sarı Bölge)
BEYOĞLU|KOCATEPE,BEYOĞLU,KOCATEPE,1359.0,92632.38421423062,0.00565629913894278,114.8,113.6,50.6,50.2,117.78908333333334,10.8,0.0,0.0,83.40249649909893,68.18097209308083,7803.663284840759,0.5016289592760181,23.324572420634922,181.71428571428572,7.0,-0.3247058823529411,0.416852353777282,0.4031310821138065,0.168046140459923,1,1,1,Düşük Risk (Yeşil Bölge)
BEYOĞLU|KULAKSIZ,BEYOĞLU,KULAKSIZ,9116.2,621480.3297234033,0.03794686485194248,181.0,181.0,36.6,36.2,24.628333333333334,7.200000000000001,0.0,0.0,19.791326864681864,68.18097209308083,12319.032617621342,0.20710767065446864,4.00375,219.7,4.0,-0.2198275862068965,0.5562707998523477,0.5526106429123024,0.30740116433974657,2,2,4,Orta Risk (Sarı Bölge)
BEYOĞLU|KULOĞLU,BEYOĞLU,KULOĞLU,1386.0,94491.16026293018,0.005769462824690499,61.800000000000004,61.800000000000004,25.6,25.6,13.223833333333335,3.4,3.0,0.0,44.38099503601688,68.18097209308083,4199.016665000651,0.3945512820512821,3.871277777777778,94.125,8.0,-0.35625,0.5148111176335838,0.5094358340067946,0.26226323106763477,1,1,1,Düşük Risk (Yeşil Bölge)
BEYOĞLU|KÜÇÜK PİYALE,BEYOĞLU,KÜÇÜK PİYALE,8703.6,593375.4397724752,0.03623038574841382,146.0,146.0,52.6,52.2,26.49166666666666,7.2,0.0,0.4,16.751560114344215,68.18097209308084,9942.921338470005,0.38330021676300574,3.6595138888888883,225.26666666666665,6.0,-0.15606936416184966,0.44568439716524294,0.46466365745304916,0.20709334205655916,1,1,1,Düşük Risk (Yeşil Bölge)
BEYOĞLU|MÜEYYETZADE,BEYOĞLU,MÜEYYETZADE,591.2,40303.99046658147,0.00246091456575874,74.6,74.6,17.6,17.6,10.777666666666669,4.4,3.6,0.0,125.7941564647522,68.18097209308084,5077.611185653316,0.25566867989646236,2.211333333333333,80.95,4.0,-0.21473684210526311,0.5031016093545077,0.5421213308943801,0.2727421140383702,1,2,2,Düşük Risk (Yeşil Bölge)
BEYOĞLU|PÜRTELAŞ HASAN EFENDİ,BEYOĞLU,PÜRTELAŞ HASAN EFENDİ,1819.0,124005.85412115429,0.00757167414359928,51.8,51.8,9.6,9.6,8.355833333333333,3.4,2.0,0.0,28.497548596355557,68.18097209308083,3532.5410602295733,0.18792452830188677,2.3969444444444443,89.6,4.0,0.036,0.4682781195806007,0.40045650536029087,0.18752501930393575,1,1,1,Düşük Risk (Yeşil Bölge)
BEYOĞLU|PİRİPAŞA,BEYOĞLU,PİRİPAŞA,15536.6,1059231.7430672436,0.06467449897811947,324.6,324.6,46.4,41.2,29.442666666666668,10.4,4.0,0.0,20.83972349276732,68.18097209308083,22079.407546470953,0.14211616538238458,2.8695947712418297,266.3333333333333,3.0,-0.2738255033557047,0.4321948186084933,0.3901270139663849,0.16861087403547484,1,1,1,Düşük Risk (Yeşil Bölge)
BEYOĞLU|PİYALEPAŞA,BEYOĞLU,PİYALEPAŞA,20982.4,1430480.0560340052,0.08734265635687898,379.8,379.4,71.19999999999999,69.19999999999999,16.772666666666666,6.2,4.0,0.0,18.062928541510544,68.18097209308083,25855.008930334137,0.1865724287558732,2.830380952380952,319.45714285714286,7.0,-0.19873417721518985,0.5357939334536103,0.5667124614868226,0.3036410988772023,2,2,4,Orta Risk (Sarı Bölge)
BEYOĞLU|SURURİ MEHMET EFENDİ,BEYOĞLU,SURURİ MEHMET EFENDİ,4055.0,276430.3951749902,0.016878734456598918,171.8,171.8,35.8,35.8,56.79333333333334,17.0,1.0,0.0,42.306403678203864,68.18097209308083,11705.312810306095,0.21714906648226806,3.391,195.42857142857144,7.0,-0.10052356020942407,0.5495647972444957,0.5916200804633929,0.3251335695656367,2,2,4,Orta Risk (Sarı Bölge)
BEYOĞLU|SÜTLÜCE,BEYOĞLU,SÜTLÜCE,11976.6,816490.8704567027,0.04985383530907696,260.4,258.8,117.6,114.0,41.50683333333333,12.0,0.0,0.0,21.643046579460595,68.18097209308083,17706.789372943083,0.4548387096774193,3.6660166666666667,286.20000000000005,2.0,-0.3,0.5259367102960915,0.5417308818477868,0.2849161578648256,2,2,4,Orta Risk (Sarı Bölge)
BEYOĞLU|TOMTOM,BEYOĞLU,TOMTOM,705.6,48129.19496569347,0.00293823342413958,115.8,115.8,15.4,15.4,23.650833333333335,6.4,2.0,0.0,165.9316182202918,68.18097209308083,7887.1783730935695,0.1320244516361021,2.802596153846154,88.56,5.0,-0.1422222222222222,0.5329308392556604,0.5879220043153719,0.31332176717666116,2,2,4,Orta Risk (Sarı Bölge)
BEYOĞLU|YAHYA KAHYA,BEYOĞLU,YAHYA KAHYA,3156.3999999999996,215198.4976879178,0.01313946455466606,83.80000000000001,83.80000000000001,20.6,20.6,38.502,9.6,0.0,0.0,26.544629440403924,68.18097209308083,5711.776481181538,0.2464646464646464,3.975903703703704,99.69999999999999,6.0,-0.0477272727272727,0.5051834995114624,0.4020361373676962,0.20310202280548378,1,1,1,Düşük Risk (Yeşil Bölge)
BEYOĞLU|ESENŞEHİR,BEYOĞLU,ESENŞEHİR,5489.0,374144.4062208691,0.02284588534449502,203.0,203.0,35.0,34.2,33.930166666666665,10.6,0.0,0.0,36.857615776234965,68.18097209308083,13826.681061748988,0.17534413334581886,3.1984393939393936,213.6,7.0,-0.13983050847457626,0.4664378610667066,0.48159959330387603,0.22463628419125573,1,1,1,Düşük Risk (Yeşil Bölge)
BEYOĞLU|ÇATMA MESCİT,BEYOĞLU,ÇATMA MESCİT,2082.0,141929.7827235547,0.00866619107008108,67.80000000000001,67.4,13.200000000000001,13.200000000000001,23.838166666666663,3.9999999999999996,0.0,0.0,32.3470295561633,68.18097209308083,4610.658183585757,0.22142857142857142,5.711916666666667,70.48,5.0,-0.29374999999999996,0.44952014623935643,0.41763756176725036,0.18773649784066265,1,1,1,Düşük Risk (Yeşil Bölge)
BEYOĞLU|ÇUKUR,BEYOĞLU,ÇUKUR,2638.0,179702.95184789668,0.01097497463504046,119.8,119.8,15.0,14.600000000000001,28.37666666666667,9.0,0.0,0.0,45.437106437398356,68.18097209308083,8161.1801044792055,0.12012951969778735,3.358888888888889,117.33333333333334,6.0,-0.11911764705882347,0.49283570248482234,0.4302779377412044,0.2120563297104071,1,1,1,Düşük Risk (Yeşil Bölge)
BEYOĞLU|ÖMER AVNİ,BEYOĞLU,ÖMER AVNİ,2037.8000000000002,138905.4498757287,0.008481731429291501,115.6,115.2,16.4,15.600000000000001,94.20241666666668,6.2,0.0,0.0,56.22642182928411,68.18097209308083,7862.808297363143,0.13476744186046508,13.838440476190478,91.65,4.0,-0.2775,0.5148759157041052,0.464563747106076,0.23919268469417124,1,1,1,Düşük Risk (Yeşil Bölge)
BEYOĞLU|ÖRNEKTEPE,BEYOĞLU,ÖRNEKTEPE,15477.6,1055219.2884578584,0.06442932463177828,382.4,382.4,109.8,101.8,41.72016666666667,12.2,2.0,0.0,24.631103981941656,68.18097209308083,25986.532677899617,0.2951944321696862,3.818144880174292,370.38,5.0,-0.34520547945205476,0.5602474269368003,0.6235465774967609,0.34934036561780846,2,2,4,Orta Risk (Sarı Bölge)
BEYOĞLU|İSTİKLAL,BEYOĞLU,İSTİKLAL,4998.8,340846.81117894,0.02081056203972822,442.79999999999995,442.79999999999995,27.6,27.200000000000003,47.04633333333333,14.4,0.0,0.0,88.91322956204303,68.18097209308083,30098.018608652485,0.05286150091519214,3.026696825396825,288.37142857142857,7.0,-0.32909090909090905,0.5838183908346867,0.48861665971526047,0.285263392009983,3,1,3,Düşük Risk (Yeşil Bölge)
BEYOĞLU|ŞAHKULU,BEYOĞLU,ŞAHKULU,1437.4,98023.51920620471,0.00598462777628256,89.0,89.0,20.0,19.6,17.8,4.4,1.0,0.0,62.28775998942167,68.18097209308083,6059.1616151910175,0.21236363636363637,1.6181818181818184,76.94285714285715,7.0,-0.1909090909090909,0.4412233287996907,0.3863155951214855,0.17045145284673538,1,1,1,Düşük Risk (Yeşil Bölge)
BEYOĞLU|ŞEHİT MUHTAR,BEYOĞLU,ŞEHİT MUHTAR,594.6,40235.25709496722,0.00246221368836814,174.4,174.4,27.8,26.6,32.44916666666667,10.600000000000001,1.0,0.0,618.7643020594965,68.18097209308083,11845.781458964753,0.17543956043956044,3.0787456140350873,100.82857142857142,7.0,-0.3771428571428571,0.5455971966944647,0.43190705254382167,0.23564727710047798,2,1,2,Düşük Risk (Yeşil Bölge)
BEŞİKTAŞ|ABBASAĞA,BEŞİKTAŞ,ABBASAĞA,5192.4,550092.1356759962,0.03358847420915692,154.2,154.2,50.0,50.0,11.258,4.6,0.0,0.0,29.686455865883193,105.97492168319863,16324.887190211166,0.3260916397381721,2.417266666666667,217.25,4.0,-0.048148148148148134,0.522575169340892,0.4835545924243378,0.25269362302171433,2,1,2,Düşük Risk (Yeşil Bölge)
BEŞİKTAŞ|AKAT,BEŞİKTAŞ,AKAT,14751.800000000001,1562717.4177783434,0.09542458791245634,425.79999999999995,425.79999999999995,63.99999999999999,58.599999999999994,99.30908333333335,13.0,4.0,0.0,28.93839281352109,105.97492168319863,45286.048873265354,0.13909282586365354,7.639160256410256,256.57500000000005,6.0,0.22005730659025788,0.6043237646467161,0.6203443541518003,0.37488883547835167,3,2,6,Orta Risk (Sarı Bölge)
BEŞİKTAŞ|ARNAVUTKÖY,BEŞİKTAŞ,ARNAVUTKÖY,3525.4,373412.9653839448,0.022804048684110144,172.2,172.2,23.200000000000003,23.200000000000003,26.8035,7.800000000000001,1.0,0.0,48.90156303873118,105.97492168319863,18264.062190774246,0.13666153055983563,3.1860333333333335,133.8,3.0,0.04363636363636362,0.5310623986550809,0.468327710576718,0.24871123733551437,2,1,2,Düşük Risk (Yeşil Bölge)
BEŞİKTAŞ|BALMUMCU,BEŞİKTAŞ,BALMUMCU,3040.4,322166.9351368678,0.0196684762025012,133.2,133.2,29.2,29.2,15.313166666666666,5.199999999999999,0.0,0.0,43.78862554698158,105.97492168319862,14080.437988704689,0.23138797814207643,2.973861111111111,185.5142857142857,7.0,-0.11199999999999995,0.5229361877068517,0.4566285147186889,0.2387875746852332,2,1,2,Düşük Risk (Yeşil Bölge)
BEŞİKTAŞ|BEBEK,BEŞİKTAŞ,BEBEK,5180.0,548829.91395996,0.03350893769468462,191.60000000000002,191.60000000000002,37.6,37.6,26.276833333333336,7.4,1.0,0.0,36.94990473716213,105.97492168319863,20242.80723038047,0.20416710512469746,3.585452380952381,188.15,4.0,-0.13303167420814474,0.5393189119653772,0.5042300433029261,0.2719407983343891,2,1,2,Düşük Risk (Yeşil Bölge)
BEŞİKTAŞ|CİHANNÜMA,BEŞİKTAŞ,CİHANNÜMA,1670.2000000000003,172820.8328709998,0.01074995819596784,182.2,182.2,28.0,28.0,17.281166666666667,4.8,0.0,0.0,359.3164007946346,105.9749216831986,19361.763099924836,0.1525333674743142,3.2246388888888893,157.89999999999998,4.0,0.16050955414012738,0.5746060134874896,0.41148399056893975,0.23644117543474225,2,1,2,Düşük Risk (Yeşil Bölge)
BEŞİKTAŞ|DİKİLİTAŞ,BEŞİKTAŞ,DİKİLİTAŞ,9735.4,1048829.5260159457,0.06320539637033763,315.0,315.0,86.0,85.6,27.865833333333335,8.600000000000001,3.0,0.0,99.78813956801041,105.97492168319862,33293.546381464155,0.27450980392156854,3.414023809523809,200.1,8.0,-0.11764705882352938,0.5706692252890472,0.5851302942905863,0.33391585173596106,2,2,4,Orta Risk (Sarı Bölge)
BEŞİKTAŞ|ETİLER,BEŞİKTAŞ,ETİLER,10827.8,1146568.211554923,0.0700354101868946,199.8,199.8,36.6,33.6,11.7335,4.2,1.0,0.0,18.454286116310985,105.97492168319862,21158.608675375643,0.18519509476031212,2.9335,359.49,5.0,-0.03478260869565216,0.5463715155338862,0.48667584190791746,0.26590581731695884,2,1,2,Düşük Risk (Yeşil Bölge)
BEŞİKTAŞ|GAYRETTEPE,BEŞİKTAŞ,GAYRETTEPE,10116.8,1071846.245161426,0.06544403100461343,179.8,179.8,26.6,26.6,19.43866666666667,6.2,2.0,0.0,17.814894879702685,105.97492168319862,19152.965318667484,0.15163738730713033,2.9017333333333335,257.91999999999996,5.0,0.3518796992481203,0.5343987259502767,0.5113750658901929,0.2732781836944579,2,1,2,Düşük Risk (Yeşil Bölge)
BEŞİKTAŞ|KONAKLAR,BEŞİKTAŞ,KONAKLAR,14108.4,1494344.6597621914,0.09125981958008368,141.4,141.4,52.8,52.8,16.521,3.6,4.0,0.0,10.000147868212673,105.97492168319863,14939.31189522196,0.4011400415438867,4.383027777777778,353.15,7.0,-0.13251533742331284,0.5231663185543443,0.5650616474978223,0.2956212218776883,2,2,4,Orta Risk (Sarı Bölge)
BEŞİKTAŞ|KURUÇEŞME,BEŞİKTAŞ,KURUÇEŞME,3021.4,320045.88182998437,0.019544147871975982,148.6,148.6,21.0,21.0,21.93866666666667,5.6,1.0,0.0,49.23307297684522,105.97492168319862,15761.788982640137,0.14150787075393534,4.094222222222222,140.89999999999998,4.0,0.04647887323943658,0.5312097017381683,0.4632399280580607,0.24607754401693296,2,1,2,Düşük Risk (Yeşil Bölge)
BEŞİKTAŞ|KÜLTÜR,BEŞİKTAŞ,KÜLTÜR,4741.0,502231.0199563985,0.0306679560743523,61.2,61.2,15.0,13.8,5.586833333333333,1.8000000000000003,1.0,0.0,12.874132018668433,105.97492168319863,6456.568909567492,0.2601538461538462,3.084611111111111,198.51428571428573,7.0,-0.18399999999999994,0.4614729550238259,0.4225477487244328,0.19499435824252906,1,1,1,Düşük Risk (Yeşil Bölge)
BEŞİKTAŞ|LEVAZIM,BEŞİKTAŞ,LEVAZIM,5784.6,612650.6053839084,0.03741691436796246,44.8,44.8,10.8,10.8,8.579833333333333,2.8,0.0,0.0,7.766167400615027,105.97492168319862,4757.79694269226,0.23500000000000001,3.1149166666666663,157.0,5.0,0.12,0.4377010133004029,0.4076158197929582,0.1784138573606522,1,1,1,Düşük Risk (Yeşil Bölge)
BEŞİKTAŞ|LEVENT,BEŞİKTAŞ,LEVENT,2763.2,292914.66237452603,0.01787684014206782,186.8,186.39999999999998,35.8,33.4,15.153166666666667,6.2,1.0,0.0,67.58485067465912,105.97492168319863,19812.561103759566,0.19069483240223462,2.395133333333333,222.20000000000002,4.0,0.043575418994413376,0.5531886923229359,0.4722903886925738,0.261265702517536,2,1,2,Düşük Risk (Yeşil Bölge)
BEŞİKTAŞ|MECİDİYE,BEŞİKTAŞ,MECİDİYE,4645.0,480665.5944971765,0.029897184461416603,208.0,208.0,77.8,76.19999999999999,37.27966666666667,10.0,2.0,0.0,135.4214444829434,105.97492168319862,22042.783710105312,0.37403846153846143,3.727966666666667,222.2,4.0,0.0,0.573495911348086,0.5573814335618705,0.3196559732090676,2,2,4,Orta Risk (Sarı Bölge)
BEŞİKTAŞ|MURADİYE,BEŞİKTAŞ,MURADİYE,4602.200000000001,487581.1584780697,0.02977081094751618,95.8,95.8,29.0,28.2,20.026833333333336,3.2,0.0,0.0,20.859071592965368,105.9749216831986,10194.144358800895,0.3074843070980202,7.497416666666666,160.8,4.0,0.26052631578947366,0.5189005086770573,0.47846943188494245,0.24827803159151926,1,1,1,Düşük Risk (Yeşil Bölge)
BEŞİKTAŞ|NİSBETİYE,BEŞİKTAŞ,NİSBETİYE,11368.6,1204363.9658064647,0.0735403281333469,150.8,150.8,82.6,76.6,9.633166666666668,4.0,3.0,0.0,13.303108152039755,105.97492168319863,16054.391461642324,0.5137931034482759,2.408291666666667,160.48571428571427,7.0,0.3,0.4994089632553288,0.5625780679953021,0.28095652968771967,1,2,2,Düşük Risk (Yeşil Bölge)
BEŞİKTAŞ|ORTAKÖY,BEŞİKTAŞ,ORTAKÖY,8239.4,872763.6866087376,0.053297086632189475,229.39999999999998,229.39999999999998,46.8,46.8,99.66241666666667,4.2,2.0,2.0,27.873302987462615,105.9749216831986,24334.683105927546,0.20276390663105326,31.199694444444447,127.07999999999998,5.0,0.05229357798165138,0.5862786199081919,0.6069716486235291,0.3558545004784026,3,2,6,Orta Risk (Sarı Bölge)
BEŞİKTAŞ|SİNANPAŞA,BEŞİKTAŞ,SİNANPAŞA,2278.2,241010.80279392656,0.014732621554490281,105.6,105.6,34.599999999999994,34.599999999999994,22.221333333333334,7.6,0.0,0.0,47.20093465856178,105.97492168319863,11242.819042581203,0.34998988059097347,2.6211333333333338,167.85,4.0,0.3037037037037037,0.515325597052961,0.463471896501933,0.23883893178212676,1,1,1,Düşük Risk (Yeşil Bölge)
BEŞİKTAŞ|TÜRKALİ,BEŞİKTAŞ,TÜRKALİ,9816.0,1039870.3143190916,0.06349679517069917,160.6,160.6,100.4,100.4,16.294,5.0,2.0,0.0,16.38400409668818,105.97492168319862,17052.463888997823,0.6294978826376285,3.2588,175.17142857142858,7.0,0.10758620689655173,0.5138354201207684,0.5894743784343857,0.3028928148932614,1,2,2,Düşük Risk (Yeşil Bölge)
BEŞİKTAŞ|ULUS,BEŞİKTAŞ,ULUS,6559.2,694708.4183658592,0.04242756679928984,100.80000000000001,100.80000000000001,23.2,22.0,4.886833333333334,1.8000000000000003,3.0,0.0,15.4167495854063,105.97492168319863,10711.368403110686,0.22052246603970738,2.851277777777778,126.96000000000001,5.0,0.15862068965517237,0.4787815589725162,0.4510456591467882,0.2159523438540854,1,1,1,Düşük Risk (Yeşil Bölge)
BEŞİKTAŞ|VİŞNEZADE,BEŞİKTAŞ,VİŞNEZADE,7158.2,761122.327326734,0.04634119961889484,117.4,117.4,75.19999999999999,75.19999999999999,95.92241666666668,5.0,4.0,0.0,16.743654944870958,105.9749216831986,12440.190749196896,0.6412863972186006,19.184483333333333,132.45714285714286,7.0,-0.005084745762711841,0.5324933193665422,0.635037221453592,0.33815307797312916,2,2,4,Orta Risk (Sarı Bölge)
BEŞİKTAŞ|YILDIZ,BEŞİKTAŞ,YILDIZ,5457.0,578222.9189585245,0.035301408184990696,211.2,211.2,32.0,31.6,90.18241666666667,5.800000000000001,23.2,0.0,38.65529360399904,105.97492168319862,22264.25321330387,0.1558827327909079,13.16677380952381,193.0,5.0,-0.2089887640449438,0.5677032398243584,0.5893496259837021,0.3345756920602216,2,2,4,Orta Risk (Sarı Bölge)
BÜYÜKÇEKMECE|19 MAYIS,BÜYÜKÇEKMECE,19 MAYIS,12726.0,877807.1334755287,0.04890064688434188,255.0,255.0,177.60000000000002,177.60000000000002,94.59575000000001,8.0,4.0,0.0,20.048761595632847,68.98959095086414,17602.994034895768,0.6831713843120688,10.165575,327.72,5.0,0.04938271604938271,0.5770791547916873,0.6745347850775956,0.3892599636501713,3,3,9,Kritik Risk (Kırmızı Bölge)
BÜYÜKÇEKMECE|AHMEDİYE,BÜYÜKÇEKMECE,AHMEDİYE,1121.0,77308.04851424883,0.00430804258414164,24.2,23.6,2.5999999999999996,2.5999999999999996,5.826666666666667,1.2000000000000002,0.0,0.0,21.725122728555814,68.98959095086416,1675.9371064661598,0.1091277890466531,1.942222222222222,450.40000000000003,4.0,0.4235294117647059,0.4393989457552566,0.2590992955146165,0.11384795729505219,1,1,1,Düşük Risk (Yeşil Bölge)
BÜYÜKÇEKMECE|ALKENT 2000,BÜYÜKÇEKMECE,ALKENT 2000,6973.0,481378.5438019253,0.02678126001519304,73.2,73.2,18.4,18.4,102.37575000000001,9.0,4.0,0.0,10.569429095938583,68.98959095086414,5040.454549420385,0.25800865800865797,13.74177380952381,258.2,4.0,-0.1285714285714285,0.49995200744476537,0.5621657854779099,0.28105591296644433,1,2,2,Düşük Risk (Yeşil Bölge)
BÜYÜKÇEKMECE|ATATÜRK,BÜYÜKÇEKMECE,ATATÜRK,26885.6,1854483.669842455,0.10331055888077259,720.4000000000001,720.4000000000001,258.9,256.8,145.89291666666668,22.8,0.0,0.0,26.771868490625575,68.98959095086414,49633.01676372244,0.364020850521263,7.23938336489899,549.2,3.0,-0.09497487437185925,0.6373580249742894,0.6984109203443822,0.4451378048111712,3,3,9,Kritik Risk (Kırmızı Bölge)
BÜYÜKÇEKMECE|BAHÇELİEVLER,BÜYÜKÇEKMECE,BAHÇELİEVLER,4252.0,293431.58954808407,0.0163340826590709,260.2,260.2,54.599999999999994,54.599999999999994,103.86241666666668,4.0,0.0,1.0,61.12428199417666,68.98959095086416,17973.45308450822,0.2079514555649435,46.100255952380955,382.6,5.0,0.10723404255319145,0.6487018260883334,0.5694468139410362,0.3694011880637336,3,2,6,Orta Risk (Sarı Bölge)
BÜYÜKÇEKMECE|CELALİYE,BÜYÜKÇEKMECE,CELALİYE,7100.799999999999,490021.31312679034,0.0272779828088556,466.79999999999995,466.79999999999995,134.2,134.2,95.4425,25.6,4.0,2.0,65.66878650143076,68.98959095086414,32243.207505716135,0.2823943796232745,3.74402485380117,482.65,3.0,0.10354609929078012,0.6218660424813589,0.6630642559283886,0.4123371447450339,3,3,9,Kritik Risk (Kırmızı Bölge)
BÜYÜKÇEKMECE|CUMHURİYET,BÜYÜKÇEKMECE,CUMHURİYET,8660.6,597257.5202728163,0.03328323674229346,408.4,408.4,167.6,167.6,112.08908333333335,10.600000000000001,9.0,2.0,47.14175647324477,68.98959095086414,28158.84401357353,0.412745724221134,14.039690476190477,338.33333333333337,9.0,-0.043559718969554996,0.6243445964168048,0.7215943670613371,0.45052354387955024,3,3,9,Kritik Risk (Kırmızı Bölge)
BÜYÜKÇEKMECE|DİZDARİYE,BÜYÜKÇEKMECE,DİZDARİYE,6560.4,452486.9724614611,0.02520991887533856,297.8,297.8,91.0,91.0,94.14241666666668,14.2,4.0,0.0,45.589535917921,68.98959095086414,20629.222090328098,0.2943356576559366,5.820035714285714,449.4666666666667,3.0,0.46699507389162564,0.607759597031298,0.6114287868629498,0.3716017131171617,3,2,6,Orta Risk (Sarı Bölge)
BÜYÜKÇEKMECE|EKİNOBA,BÜYÜKÇEKMECE,EKİNOBA,14614.2,1008436.387585657,0.056143582124365876,198.20000000000002,198.20000000000002,162.8,162.8,18.426166666666667,5.4,4.0,0.0,13.530399318931703,68.98959095086414,13714.733044799112,0.8109055389565617,3.3954555555555554,334.5333333333333,3.0,0.3039473684210526,0.5350979478166848,0.6311121832217041,0.3377068340840415,2,2,4,Orta Risk (Sarı Bölge)
BÜYÜKÇEKMECE|FATİH,BÜYÜKÇEKMECE,FATİH,18957.6,1307552.8273832484,0.07284913649177466,715.0,715.0,196.8,196.8,65.70683333333334,13.0,7.0,0.0,37.67046256733023,68.98959095086414,49255.681218496335,0.2767939546446301,5.278966666666667,420.4,4.0,-0.10175879396984921,0.6273113495859437,0.6841501796900448,0.4291751725408279,3,3,9,Kritik Risk (Kırmızı Bölge)
BÜYÜKÇEKMECE|GÜZELCE,BÜYÜKÇEKMECE,GÜZELCE,11429.2,788643.3124382085,0.043908236545581514,414.4,414.4,146.6,146.6,25.79183333333333,10.6,0.0,0.0,36.227850551590606,68.98959095086416,28626.02327140578,0.34305799861705866,2.641569597069597,297.20000000000005,5.0,0.11099195710455761,0.5755374702418957,0.5827536049412927,0.3353965355622567,2,2,4,Orta Risk (Sarı Bölge)
BÜYÜKÇEKMECE|HÜRRİYET,BÜYÜKÇEKMECE,HÜRRİYET,14603.8,1018431.6607368537,0.05575338102692447,656.2,656.2,222.4,222.4,44.71133333333333,12.2,0.0,1.2,121.05332985649804,68.98959095086414,45330.600299539365,0.33917881076996476,3.649310023310023,259.68,5.0,0.11409168081494052,0.6166663059908303,0.6305337306478858,0.3888289064812489,3,2,6,Orta Risk (Sarı Bölge)
BÜYÜKÇEKMECE|KAMİLOBA,BÜYÜKÇEKMECE,KAMİLOBA,8795.0,606904.5429499869,0.03378737151186926,466.6,466.6,132.2,132.2,83.69966666666666,22.0,0.0,0.0,52.997485229293105,68.98959095086414,32233.668924496127,0.283414676242437,3.806581501831502,269.25714285714287,7.0,0.11626794258373206,0.5967256048390442,0.6229636395363107,0.37173835459503735,3,2,6,Orta Risk (Sarı Bölge)
BÜYÜKÇEKMECE|KARAAĞAÇ,BÜYÜKÇEKMECE,KARAAĞAÇ,5055.4,349003.7092092364,0.0194161216298772,404.6,404.6,114.0,114.0,93.35575,11.4,1.6,7.2,80.0926414986553,68.98959095086414,27924.369258266313,0.2803874092009685,7.380185897435897,148.8,6.0,0.0321428571428571,0.5884979415490732,0.637085257787714,0.3749233627993303,3,3,9,Kritik Risk (Kırmızı Bölge)
BÜYÜKÇEKMECE|KUMBURGAZ,BÜYÜKÇEKMECE,KUMBURGAZ,9103.6,628583.9276330725,0.03496034427575022,424.0,424.0,81.6,81.6,78.77633333333333,20.0,2.0,0.0,46.431211556288496,68.98959095086416,29302.166189687112,0.1920874765561414,3.9630953654188947,317.66666666666663,3.0,0.15531335149863756,0.5972512306465453,0.6120859142829449,0.36556906556690466,3,2,6,Orta Risk (Sarı Bölge)
BÜYÜKÇEKMECE|MURAT ÇESME,BÜYÜKÇEKMECE,MURAT ÇESME,20056.0,1383341.1100089815,0.07706905767519784,390.0,390.0,273.5,270.0,46.104,11.6,0.0,0.0,19.477571539247645,68.98959095086414,26948.53384053867,0.7087456001773786,4.480166666666667,385.4,7.0,0.14035087719298242,0.5826537403459087,0.6694530000104008,0.3900592944418496,3,3,9,Kritik Risk (Kırmızı Bölge)
BÜYÜKÇEKMECE|MİMAROBA,BÜYÜKÇEKMECE,MİMAROBA,20106.4,1387147.7515909718,0.07725192879644754,235.2,235.2,115.0,115.0,16.8125,4.800000000000001,6.0,0.0,11.696878208999475,68.98959095086414,16254.037481949319,0.49502144607843135,3.451458333333333,305.35,4.0,0.15294117647058822,0.5342084564963947,0.6232491375846826,0.3329449598018224,2,2,4,Orta Risk (Sarı Bölge)
BÜYÜKÇEKMECE|MİMARSİNAN,BÜYÜKÇEKMECE,MİMARSİNAN,9288.4,640661.2936337485,0.03569234676890564,378.4,378.4,151.0,151.0,23.239,7.199999999999999,3.0,0.0,40.82717336555286,68.98959095086416,26163.694682025496,0.3858773829171903,3.220574074074074,329.9,4.0,0.20894568690095844,0.5853449246695435,0.6067994307086939,0.3551869670577023,3,2,6,Orta Risk (Sarı Bölge)
BÜYÜKÇEKMECE|PINARTEPE,BÜYÜKÇEKMECE,PINARTEPE,25226.4,1740004.4273601132,0.09693599465858302,524.2,524.2,217.6,217.6,106.20241666666668,14.8,3.0,0.0,20.77502979245838,68.98959095086414,36146.77381144105,0.4189464141821112,6.906881810897437,565.55,4.0,-0.03639705882352938,0.6180396267142053,0.7075620170699841,0.43730136490708316,3,3,9,Kritik Risk (Kırmızı Bölge)
BÜYÜKÇEKMECE|SİNANOBA,BÜYÜKÇEKMECE,SİNANOBA,7331.8,498160.65989543183,0.02842044940729074,218.79999999999998,218.79999999999998,79.4,79.4,17.618833333333335,4.6,2.0,0.0,102.04650593262495,68.98959095086414,15147.099377933595,0.3580813953488372,3.892433333333334,324.8,2.0,0.3675,0.5754040586322398,0.5306997239707966,0.3053667750878057,2,2,4,Orta Risk (Sarı Bölge)
BÜYÜKÇEKMECE|TÜRKOBA,BÜYÜKÇEKMECE,TÜRKOBA,6959.6,480246.97302300954,0.02673654603496516,381.8,381.8,82.2,82.2,45.9505,12.2,5.199999999999999,7.199999999999999,54.78736175544005,68.98959095086414,26384.416446105388,0.22409638554216865,3.7450034965034966,376.0333333333333,6.0,0.15,0.6006626243764153,0.6313987081373448,0.37925760505765577,3,2,6,Orta Risk (Sarı Bölge)
BÜYÜKÇEKMECE|ULUS,BÜYÜKÇEKMECE,ULUS,8186.599999999999,564689.5584424243,0.03145769111544286,433.6,433.6,104.0,104.0,26.2065,6.0,0.0,3.2,53.022553040419595,68.98959095086414,29954.35033751126,0.23764664059722712,4.464701388888889,362.2,4.0,0.11752577319587629,0.6083914853772142,0.5725943276993976,0.3483615135476038,3,2,6,Orta Risk (Sarı Bölge)
BÜYÜKÇEKMECE|YENİMAHALLE,BÜYÜKÇEKMECE,YENİMAHALLE,1129.0,76712.60634551759,0.004376291708626899,226.2,226.2,40.599999999999994,40.599999999999994,32.865333333333325,6.8,0.0,0.0,583.7599235213435,68.98959095086416,15601.186136115306,0.1805097742317473,4.80561111111111,342.1,2.0,-0.02077922077922076,0.6225730820099403,0.44071357541820394,0.2743764089317315,3,1,3,Düşük Risk (Yeşil Bölge)
BÜYÜKÇEKMECE|ÇAKMAKLI,BÜYÜKÇEKMECE,ÇAKMAKLI,5168.6,357280.26072022854,0.01983579077838812,144.2,144.2,20.0,20.0,93.22908333333334,6.2,0.0,4.0,29.098789597811084,68.98959095086414,9917.418822080914,0.14065284639180015,18.218816666666665,226.26666666666668,6.0,-0.19441340782122904,0.545706128686956,0.527669864740657,0.28795267911239364,2,2,4,Orta Risk (Sarı Bölge)
ESENLER|15 TEMMUZ,ESENLER,15 TEMMUZ,30198.0,1374062.5277150145,0.06790247546990547,62.599999999999994,62.599999999999994,61.8,61.8,12.008000000000003,4.3999999999999995,0.0,0.6,1.9044491141076143,45.388069247764065,2875.2736505727503,1.0239925023430176,3.4235555555555557,435.48571428571427,7.0,4.6909090909090905,0.46165728455719934,0.5626269613216041,0.25974083518240015,1,2,2,Düşük Risk (Yeşil Bölge)
ESENLER|ATIŞALANI,ESENLER,ATIŞALANI,33858.4,1536365.9595869447,0.07588935738495628,0.0,0.0,0.0,0.0,0.0,0.0,3.0,0.0,0.0,45.388069247764065,0.0,0.0,0.0,552.7833333333333,6.0,0.0,0.18646717794171905,0.28339437367536685,0.05284374910380665,1,1,1,Düşük Risk (Yeşil Bölge)
ESENLER|BİRLİK,ESENLER,BİRLİK,26766.8,1214349.2885681726,0.059981423244951815,570.2,570.2,113.4,113.4,43.188,11.0,2.0,0.0,21.385352496328313,45.388069247764065,25940.33567089755,0.19842249271296178,3.926181818181818,431.96,5.0,0.19039665970772443,0.5921221802918637,0.6390322266019294,0.3783851552922987,3,3,9,Kritik Risk (Kırmızı Bölge)
ESENLER|DAVUTPAŞA,ESENLER,DAVUTPAŞA,26973.6,1223768.3364374472,0.060446960875487135,181.4,181.4,95.6,95.6,47.534,13.0,3.0,0.0,6.74104288745958,45.388069247764065,8244.854307523692,0.530152912928093,3.6564615384615387,226.5,6.0,0.10609756097560973,0.4902450417688643,0.6585685167838059,0.32285995001833595,1,3,3,Düşük Risk (Yeşil Bölge)
ESENLER|FATİH,ESENLER,FATİH,42247.0,1916786.687746768,0.09467861118317762,814.5999999999999,814.5999999999999,246.1,244.0,32.287333333333336,12.6,0.0,0.0,19.307783897813003,45.388069247764065,37001.17489076411,0.3008795382884959,2.547171717171717,497.3428571428571,7.0,0.05518134715025904,0.5968709933915757,0.6576039400615197,0.3925047169627334,3,3,9,Kritik Risk (Kırmızı Bölge)
ESENLER|FEVZİ ÇAKMAK,ESENLER,FEVZİ ÇAKMAK,31571.0,1432462.7094341032,0.0707561459537001,363.0,363.0,120.2,120.2,62.56566666666666,14.6,0.0,0.0,11.541545508668673,45.388069247764065,16529.210644083323,0.3194754834430328,4.369959001782531,374.17777777777775,9.0,0.2872340425531915,0.5578244331217778,0.6461647901399994,0.36044650776309767,2,3,6,Orta Risk (Sarı Bölge)
ESENLER|HAVAALANI,ESENLER,HAVAALANI,30444.0,1381600.7702641068,0.0682460053231024,513.4,513.4,142.0,142.0,44.641666666666666,13.2,0.0,0.0,16.879846579056903,45.388069247764065,23349.254302544672,0.2803784450843274,3.417361111111111,400.01666666666665,0.0,0.16153846153846152,0.5752540320157675,0.6006679210988489,0.34553664351464175,2,2,4,Orta Risk (Sarı Bölge)
ESENLER|KAZIM KARABEKİR,ESENLER,KAZIM KARABEKİR,21874.4,1004905.3967254078,0.049735714202032655,711.0,711.0,154.8,154.8,32.99616666666667,12.0,2.0,0.0,92.06499529557333,45.388069247764065,32274.868457911733,0.21759857164112478,2.840061111111111,557.88,5.0,0.008510638297872299,0.6192938511217332,0.6259139693925954,0.387624672576031,3,2,6,Orta Risk (Sarı Bölge)
ESENLER|KEMER,ESENLER,KEMER,18400.0,834915.2544620245,0.04124088761826586,358.6,358.6,76.6,76.6,31.24833333333333,5.800000000000001,0.0,0.0,19.546211020539502,45.388069247764065,16327.922650292572,0.20322210636079246,5.51047619047619,315.8666666666667,6.0,0.2807142857142857,0.5693304336306308,0.57147433174679,0.3253577291021749,2,2,4,Orta Risk (Sarı Bölge)
ESENLER|MENDERES,ESENLER,MENDERES,19381.6,879565.3833153162,0.043447262632374695,314.4,314.4,140.2,140.2,61.5205,16.8,1.0,0.0,16.227607238976375,45.388069247764065,14279.491906100573,0.44259259259259254,3.6893583333333337,468.33333333333337,6.0,0.048,0.5583376633164845,0.6550783713749645,0.36575492716266594,2,3,6,Orta Risk (Sarı Bölge)
ESENLER|MİMAR SİNAN,ESENLER,MİMAR SİNAN,13456.0,610504.7864328246,0.03015549016121134,97.8,97.8,97.6,97.6,47.082166666666666,12.2,0.0,0.0,7.269995064850944,45.388069247764065,4438.16292788103,1.0013537436217848,3.8909761904761906,294.26666666666665,6.0,-0.01212121212121212,0.47292064358154007,0.6182228107202498,0.29237032952260916,1,2,2,Düşük Risk (Yeşil Bölge)
ESENLER|NAMIK KEMAL,ESENLER,NAMIK KEMAL,18996.0,861986.2998474494,0.042578285109120664,309.6,309.6,72.2,72.2,50.38916666666667,13.4,0.0,0.0,16.284226222177704,45.388069247764065,14032.785247625507,0.23959515817312577,3.7760897435897434,198.35999999999999,5.0,-0.08672566371681413,0.5241116634057387,0.5906038933196077,0.30954238894164504,2,2,4,Orta Risk (Sarı Bölge)
ESENLER|NİNE HATUN,ESENLER,NİNE HATUN,40707.6,1846968.054964804,0.09123016083132512,450.40000000000003,450.40000000000003,217.7,215.6,59.30733333333333,15.0,4.0,0.0,11.085707304237571,45.388069247764065,20470.049826178143,0.4743567840738202,3.953822222222222,357.4,6.0,0.10122249388753056,0.559121299993256,0.7152842472418226,0.39993065818254536,2,3,6,Orta Risk (Sarı Bölge)
ESENLER|ORUÇREİS,ESENLER,ORUÇREİS,36606.600000000006,1659577.0697561293,0.08196355076359829,818.25,815.25,252.1,250.0,62.81433333333333,20.4,3.0,1.0,22.57255362463897,45.388069247764065,37197.5621004112,0.3076685892935352,3.1359786324786323,504.65,12.0,0.12242798353909463,0.6077073344037865,0.7305941762046348,0.443987439352249,3,3,9,Kritik Risk (Kırmızı Bölge)
ESENLER|TUNA,ESENLER,TUNA,27995.4,1270330.7828195821,0.0627484969240433,727.2,727.2,122.39999999999999,122.39999999999999,33.111999999999995,8.4,10.0,0.0,25.971535029249395,45.388069247764065,32991.189310518406,0.1684943820224719,4.383666666666667,590.7666666666667,9.0,-0.030399999999999962,0.6161616524705664,0.6722895830685591,0.41423906044227154,3,3,9,Kritik Risk (Kırmızı Bölge)
ESENLER|TURGUT REİS,ESENLER,TURGUT REİS,20907.0,932619.6918562737,0.04593935740662664,779.85,776.85,221.7,219.6,48.462,15.2,3.0,0.0,125.31872457347129,45.388069247764065,35492.59197971126,0.2779505440585512,3.1818511904761904,515.15,3.0,0.23199052132701417,0.6352202897540793,0.6513403069778181,0.41374457852696056,3,3,9,Kritik Risk (Kırmızı Bölge)
ESENLER|YAVUZ SELİM,ESENLER,YAVUZ SELİM,3603.8,163483.78242138505,0.00807499902366794,83.2,83.2,32.8,32.8,62.36216666666667,14.4,2.0,0.0,23.154198316570564,45.388069247764065,3781.0288287157455,0.3971291866028708,4.326385416666666,306.1,6.0,0.09473684210526312,0.4981470470592304,0.5562999004448034,0.27711915268592263,1,2,2,Düşük Risk (Yeşil Bölge)
ESENLER|ÇİFTE HAVUZLAR,ESENLER,ÇİFTE HAVUZLAR,2223.8,100915.41764624578,0.0049848158924518,44.8,44.8,17.6,17.6,47.275499999999994,12.0,4.0,0.6,20.120588199755925,45.388069247764065,2028.6440349980555,0.40076923076923077,3.939625,319.125,8.0,-0.1384615384615384,0.4605628061431145,0.528297620597413,0.243314234621075,1,2,2,Düşük Risk (Yeşil Bölge)
ESENYURT|AKEVLER,ESENYURT,AKEVLER,12008.2,665082.6336620139,0.012374165734338739,89.0,88.19999999999999,45.4,45.4,103.90908333333334,7.200000000000001,2.0,0.0,7.426072064740995,55.40932594117918,4946.2411891750735,0.5237381175525506,23.248381944444446,193.2,5.0,0.1558441558441558,0.5041197897364695,0.6182661375464952,0.3116801952611183,1,2,2,Düşük Risk (Yeşil Bölge)
ESENYURT|AKÇABURGAZ,ESENYURT,AKÇABURGAZ,25814.199999999997,1430600.6928958006,0.026608868056334584,229.0,229.0,224.0,224.0,112.76241666666668,11.0,4.0,41.6,8.860963092584733,55.409325941179176,12751.683157273068,0.981714871619601,13.989028711484595,235.57142857142856,7.0,0.28651685393258425,0.5483958016350864,0.7975878256396256,0.437393815016028,2,3,6,Orta Risk (Sarı Bölge)
ESENYURT|AKŞEMSEDDİN,ESENYURT,AKŞEMSEDDİN,5069.0,286146.3562169447,0.005273171071501519,102.2,102.2,101.8,101.8,94.35575,6.4,1.7999999999999998,1.0,65.48463138903566,55.40932594117918,5645.800253716867,1.0323692992213571,15.563577380952383,340.3416666666667,6.0,-0.1189655172413793,0.5451254831320211,0.6235450152803729,0.3399102777092768,2,2,4,Orta Risk (Sarı Bölge)
ESENYURT|ARDIÇLI,ESENYURT,ARDIÇLI,24649.2,1364956.5036190802,0.025398051997169463,184.0,183.6,20.6,20.6,107.42241666666668,6.6,2.4,0.0,7.510648377845161,55.40932594117918,10265.669080125068,0.11166205575654392,19.716779629629627,202.63125000000002,8.0,0.44881889763779526,0.5428463964135214,0.5931455275263822,0.3219869121664937,2,2,4,Orta Risk (Sarı Bölge)
ESENYURT|ATATÜRK,ESENYURT,ATATÜRK,27162.6,1504954.7163109207,0.027995341630586063,92.0,90.19999999999999,68.6,68.6,23.087,6.8,0.0,2.0,3.387968746607741,55.409325941179176,5112.4691669986105,0.73,3.452,188.5142857142857,7.0,0.15,0.4447929860600903,0.60497173527699,0.2690871846158069,1,2,2,Düşük Risk (Yeşil Bölge)
ESENYURT|AŞIK VEYSEL,ESENYURT,AŞIK VEYSEL,30832.6,1708803.1170587873,0.031782556511365634,67.4,67.4,20.0,20.0,101.60241666666667,8.6,10.0,4.0,2.1856181315476415,55.409325941179176,3737.550804517502,0.2959197324414715,11.484527777777778,287.7333333333333,3.0,0.0369230769230769,0.46736197373529287,0.642906006613732,0.30046982017726903,1,3,3,Düşük Risk (Yeşil Bölge)
ESENYURT|BALIKYOLU,ESENYURT,BALIKYOLU,27957.6,1549186.567394182,0.02881641381913952,189.8,189.2,121.0,121.0,107.67575000000001,9.8,2.1999999999999997,0.0,6.787848823013779,55.40932594117918,10541.128511312518,0.6366038829324834,10.475295454545455,298.49,5.0,0.1164705882352941,0.5369294603826261,0.6915465936772612,0.37131173937257506,2,3,6,Orta Risk (Sarı Bölge)
ESENYURT|BARBAROS HAYRETTİN PAŞA,ESENYURT,BARBAROS HAYRETTİN PAŞA,17575.0,992132.927993345,0.01828307332420456,123.2,123.2,82.2,82.2,91.10241666666667,7.0,2.0,0.0,13.827738867402832,55.40932594117918,6890.857590737323,0.7156890711356748,10.617861111111113,85.77142857142857,7.0,0.7352112676056338,0.4850209599038723,0.6293060283601861,0.30522661394855094,1,2,2,Düşük Risk (Yeşil Bölge)
ESENYURT|BATTALGAZİ,ESENYURT,BATTALGAZİ,18073.8,1001429.6745119253,0.01862830139247402,99.2,99.2,77.4,77.4,21.141333333333336,5.0,1.0,0.0,5.488667683179542,55.409325941179176,5498.086251405986,0.7820816326530612,4.684611111111112,252.43333333333334,6.0,0.012244897959183659,0.47263506173150627,0.5960156190704393,0.281697878912299,1,2,2,Düşük Risk (Yeşil Bölge)
ESENYURT|BAĞLARÇEŞME,ESENYURT,BAĞLARÇEŞME,32699.2,1811619.9442276952,0.0337008308501942,237.2,237.2,135.2,135.2,101.46908333333334,4.6,0.0,0.0,7.254945651522449,55.409325941179176,13151.978821493776,0.5707509881422925,31.169059523809526,163.30454545454546,0.0,0.03130434782608692,0.5484880105355923,0.6353252512482891,0.3484682831001994,2,2,4,Orta Risk (Sarı Bölge)
ESENYURT|CUMHURİYET,ESENYURT,CUMHURİYET,6749.6,364149.49754907464,0.0068661554521236,34.8,34.8,19.8,19.8,92.91575,3.6,1.0,0.0,18.225262781569953,55.409325941179176,1941.574605122149,0.5571428571428572,23.677270833333335,142.85714285714286,7.0,0.44999999999999996,0.46702324714607724,0.5280242592747718,0.24659960413840612,1,2,2,Düşük Risk (Yeşil Bölge)
ESENYURT|ESENKENT,ESENYURT,ESENKENT,9111.2,504887.6623794406,0.00939124606771756,103.19999999999999,103.19999999999999,14.0,14.0,101.60241666666667,8.6,4.0,0.0,11.318245314718427,55.409325941179176,5756.751506196019,0.1315412186379928,11.484527777777778,367.26428571428573,7.0,0.4333333333333333,0.5329853395819234,0.5573698028605533,0.2970699336503417,2,2,4,Orta Risk (Sarı Bölge)
ESENYURT|FATİH,ESENYURT,FATİH,12701.400000000001,685335.3523396656,0.012921458567323501,226.0,226.0,127.2,126.80000000000001,100.11575,4.4,5.0,0.0,49.58630782522174,55.40932594117918,12492.885301886243,0.5773714285714285,45.340375,223.13333333333333,6.0,-0.096,0.5933120548063454,0.6618436266553396,0.3926798020913633,3,3,9,Kritik Risk (Kırmızı Bölge)
ESENYURT|GÖKEVLER,ESENYURT,GÖKEVLER,14539.800000000001,807068.3151110932,0.01499922849034218,48.599999999999994,48.599999999999994,39.4,39.4,92.14241666666668,4.800000000000001,2.5999999999999996,0.6,3.3435530371266324,55.40932594117918,2697.3365948643464,0.8049673202614379,22.65171527777778,169.32,5.0,0.07999999999999997,0.4503999388440791,0.6160741650265327,0.2774797662513674,1,2,2,Düşük Risk (Yeşil Bölge)
ESENYURT|GÜZELYURT,ESENYURT,GÜZELYURT,17666.2,978547.8690910777,0.0182054562461757,174.6,172.8,159.60000000000002,159.60000000000002,110.26908333333334,5.0,3.0,0.0,9.905178711399888,55.409325941179176,9719.64240958077,0.9406161240987546,32.020250000000004,261.90999999999997,5.0,0.26521739130434785,0.5670011480003082,0.7087803111818141,0.4018792501201043,2,3,6,Orta Risk (Sarı Bölge)
ESENYURT|HÜRRİYET,ESENYURT,HÜRRİYET,28426.8,1575000.9644886977,0.02929832428212284,136.8,135.6,96.0,96.0,28.150333333333336,7.8,1.0,0.0,4.814702565485616,55.40932594117918,7619.2454168401455,0.7034358047016276,3.6018888888888885,122.05714285714285,7.0,0.3028571428571428,0.4565783316515529,0.6299265929206393,0.28761083285865247,1,2,2,Düşük Risk (Yeşil Bölge)
ESENYURT|KOZA,ESENYURT,KOZA,11909.0,660388.0539478572,0.01227930570349582,41.2,41.2,53.4,53.4,106.57575000000001,11.4,1.2,2.4,3.484067532669961,55.40932594117918,2269.5341664074685,1.411764705882353,9.54446212121212,276.0,6.0,-0.20769230769230765,0.4393169897418783,0.6548964592086579,0.2877071410521624,1,3,3,Düşük Risk (Yeşil Bölge)
ESENYURT|MEHMET AKİF ERSOY,ESENYURT,MEHMET AKİF ERSOY,25880.800000000003,1434117.6631926848,0.02667591665714636,139.2,139.2,161.39999999999998,161.39999999999998,108.12908333333334,5.4,0.0,0.0,5.377674972495942,55.40932594117918,7729.270469463281,1.133011583011583,20.93937222222222,176.35999999999999,5.0,0.10476190476190475,0.5186563740010665,0.6864418953105181,0.356027464384173,1,3,3,Düşük Risk (Yeşil Bölge)
ESENYURT|MEHTERÇEŞME,ESENYURT,MEHTERÇEŞME,33575.600000000006,1860302.1291619078,0.03460524918910124,242.0,242.0,195.7,193.6,107.52241666666667,5.6,0.0,0.0,7.2120608858496045,55.40932594117918,13523.843525943837,0.7518831684916991,18.586625,162.84,5.0,0.6241610738255033,0.5510244694834159,0.6879926825750243,0.3791008029243749,2,3,6,Orta Risk (Sarı Bölge)
ESENYURT|SARIYER MERKEZ,ESENYURT,SARIYER MERKEZ,31864.0,1765799.7406762955,0.03284420942233508,0.0,0.0,0.0,0.0,0.0,0.0,1.2,0.0,0.0,55.40932594117918,0.0,0.0,0.0,204.31428571428575,7.0,0.0,0.5054170916520301,0.6185004163387122,0.3126006816114817,1,2,2,Düşük Risk (Yeşil Bölge)
ESENYURT|MEVLANA,ESENYURT,MEVLANA,20642.0,1143681.5473806674,0.02127486554142122,82.6,82.6,33.400000000000006,33.400000000000006,91.10241666666667,3.4,6.0,0.0,4.00399743976292,55.40932594117918,4607.173242582159,0.43448275862068964,30.07025,266.62142857142857,7.0,0.4241379310344827,0.5564604491537603,0.6808945005417986,0.3788908595978145,2,3,6,Orta Risk (Sarı Bölge)
ESENYURT|NAMIK KEMAL,ESENYURT,NAMIK KEMAL,21346.0,1182734.146384488,0.02200088310989668,162.60000000000002,161.8,208.9,206.8,91.10908333333334,2.5999999999999996,0.6,0.0,7.617620934265522,55.409325941179176,9017.702547261304,1.2698142177184093,30.96525,325.125,6.0,0.042307692307692296,0.44863160726780565,0.5977545136051067,0.2681715681902444,1,2,2,Düşük Risk (Yeşil Bölge)
ESENYURT|NECİP FAZIL KISAKÜREK,ESENYURT,NECİP FAZIL KISAKÜREK,20332.2,1126517.2193221308,0.02095557023835648,97.6,97.6,61.8,61.8,27.381833333333333,7.3999999999999995,2.0,0.0,4.800655512793899,55.409325941179176,5412.393565982125,0.6386808510638298,3.6699814814814813,166.8,4.0,0.038297872340425504,0.6035830998065261,0.6525933257631322,0.39389430247716145,3,3,9,Kritik Risk (Kırmızı Bölge)
ESENYURT|ORHAN GAZİ,ESENYURT,ORHAN GAZİ,7533.8,406688.3816798631,0.00766601791452044,299.6,299.6,77.6,77.6,104.76241666666668,11.8,3.0,16.2,117.92710895121775,55.40932594117918,16638.402562023104,0.2579042750929368,8.456185897435898,303.5,6.0,0.11375464684014869,0.5193672719288785,0.6911273513438966,0.35894892702291115,1,3,3,Düşük Risk (Yeşil Bölge)
ESENYURT|OSMANGAZİ,ESENYURT,OSMANGAZİ,31344.6,1736128.503721757,0.03230065718690682,300.0,297.6,162.0,162.0,19.7425,5.2,2.0,32.4,9.595394792036398,55.409325941179176,16700.556479506915,0.5949367088607596,4.061339285714285,167.63333333333333,6.0,0.26582278481012656,0.5706030303002174,0.7248792780322861,0.4136183126470563,2,3,6,Orta Risk (Sarı Bölge)
ESENYURT|PINAR,ESENYURT,PINAR,36979.4,2049069.5374620664,0.038115045361329244,401.20000000000005,401.20000000000005,242.1,240.0,110.57575000000001,9.8,1.2,0.0,10.847861009283408,55.409325941179176,22298.352997487666,0.6000910602581361,14.15082142857143,198.8857142857143,7.0,0.15953757225433524,0.4667068597446129,0.6200444052620134,0.2893789772820504,1,2,2,Düşük Risk (Yeşil Bölge)
ESENYURT|PİRİ REİS,ESENYURT,PİRİ REİS,15905.4,881014.2314527107,0.01639089698560526,70.6,70.6,62.0,61.6,90.96908333333334,4.6,2.0,0.0,4.454730049081363,55.409325941179176,3942.2613312880085,0.856071964017991,18.365483333333334,139.7,4.0,0.5347826086956521,0.5791340844247663,0.6476659383242628,0.3750854202045291,3,3,9,Kritik Risk (Kırmızı Bölge)
ESENYURT|SAADETDERE,ESENYURT,SAADETDERE,15497.0,858426.5340434815,0.01597034349029192,149.39999999999998,146.2,109.8,109.8,98.21575000000001,2.0,1.0,0.0,9.658262857854682,55.409325941179176,8314.440687616978,0.7105917159763313,49.10787500000001,289.55,4.0,0.245,0.15666569613563847,0.2670588848312612,0.04183896610129684,1,1,1,Düşük Risk (Yeşil Bölge)
ESENYURT|SELAHADDİN EYYUBİ,ESENYURT,SELAHADDİN EYYUBİ,29452.6,1632119.7823489108,0.030358187505423975,283.0,283.0,165.8,164.4,113.46241666666667,20.2,2.4,5.6,9.603360364911351,55.409325941179176,15743.786758096743,0.6494697052104862,5.42631884057971,196.89999999999998,10.0,0.2198275862068965,0.5302210524639898,0.734838130708192,0.38962664705476846,2,3,6,Orta Risk (Sarı Bölge)
ESENYURT|SULTANİYE,ESENYURT,SULTANİYE,21394.6,1185524.0528569156,0.0220518680957461,142.4,142.4,55.400000000000006,55.400000000000006,92.93575000000001,3.0,3.2,0.0,6.654150944531125,55.409325941179176,7919.169815823661,0.4070524412296564,30.978583333333336,161.675,8.0,0.19663865546218487,0.5261255084443444,0.635199649127313,0.3341947383607767,2,2,4,Orta Risk (Sarı Bölge)
ESENYURT|SÜLEYMANİYE,ESENYURT,SÜLEYMANİYE,34479.2,1910422.575772813,0.03553706824816256,164.8,164.8,85.0,85.0,103.93575000000001,6.8,0.0,0.0,4.780053082218249,55.409325941179176,9152.192567680504,0.5272420147420147,16.63929166666667,291.97,5.0,0.11351351351351352,0.5323576218967226,0.6481730084008235,0.3450598413299068,2,3,6,Orta Risk (Sarı Bölge)
ESENYURT|TALATPAŞA,ESENYURT,TALATPAŞA,24725.2,1369441.619228197,0.02547890769401644,293.6,293.0,111.0,111.0,99.20908333333334,3.6000000000000005,0.0,0.0,11.913252973492023,55.409325941179176,16357.785737811468,0.3783519885687068,45.71343055555556,228.42857142857144,7.0,0.32850678733031674,0.5934582693069759,0.6452966758691928,0.38295664845087574,3,3,9,Kritik Risk (Kırmızı Bölge)
ESENYURT|TURGUT ÖZAL,ESENYURT,TURGUT ÖZAL,20829.0,1153850.5459863362,0.021465832386710362,172.2,169.8,93.19999999999999,93.19999999999999,91.51575000000001,4.2,3.0,0.0,8.273359857778196,55.409325941179176,9561.481020624724,0.542959226565784,18.833816666666667,400.39,5.0,0.1038461538461538,0.5556535476068903,0.6509456049978765,0.36170023471618357,2,3,6,Orta Risk (Sarı Bölge)
ESENYURT|YENİKENT,ESENYURT,YENİKENT,23481.4,1300998.9385137237,0.02420130842947272,165.0,165.0,57.0,57.0,93.38908333333335,3.4,1.2,0.0,7.028461428591912,55.409325941179176,9164.755550909753,0.34555517122103074,30.64191666666667,115.28,5.0,0.12244897959183672,0.5179639265665547,0.6139583701150257,0.31800828813318077,1,2,2,Düşük Risk (Yeşil Bölge)
ESENYURT|YEŞİLKENT,ESENYURT,YEŞİLKENT,35882.2,1987847.1224845722,0.036980233652882194,264.0,264.0,152.8,152.8,116.34908333333334,18.6,4.0,0.0,7.372249653745828,55.409325941179176,14746.55149175231,0.6098722415795587,6.207013285024155,170.98,10.0,0.5714285714285714,0.5249718189853103,0.7353846176692156,0.3860562003916251,2,3,6,Orta Risk (Sarı Bölge)
ESENYURT|YUNUS EMRE,ESENYURT,YUNUS EMRE,16698.2,925370.7881727304,0.01721197231870194,217.4,217.4,103.8,103.8,93.30908333333335,8.2,1.2,0.0,13.001056211672706,55.409325941179176,12134.113983052604,0.557787542000517,9.401128787878788,298.81,5.0,0.48904109589041095,0.5559125545533418,0.6365114497921189,0.35384470605638796,2,3,6,Orta Risk (Sarı Bölge)
ESENYURT|ZAFER,ESENYURT,ZAFER,17860.6,989200.2120517414,0.0184047252899461,121.0,121.0,49.4,49.4,93.53575000000001,7.0,1.6,0.0,6.801133090687186,55.409325941179176,6745.259185010527,0.3961538461538462,11.226194444444445,245.50555555555553,9.0,0.375,0.5124701643590275,0.6154097630527952,0.31537914241981607,1,2,2,Düşük Risk (Yeşil Bölge)
ESENYURT|ÇINAR,ESENYURT,ÇINAR,30605.8,1695745.2913047322,0.03154427427110358,226.4,225.60000000000002,171.0,171.0,101.07575000000001,4.4,0.6,0.0,7.395011619914242,55.40932594117918,12495.79449772955,0.7835413533834585,45.460375000000006,192.35,4.0,-0.14887218045112777,0.5537027514593575,0.6875937041603518,0.3807225258797183,2,3,6,Orta Risk (Sarı Bölge)
ESENYURT|ÖRNEK,ESENYURT,ÖRNEK,25311.0,1402483.962872699,0.0260880613641493,85.2,85.2,170.0,170.0,107.64908333333334,8.4,1.2,0.0,3.36629480131656,55.40932594117918,4707.5445078193525,2.0881410256410255,23.22482638888889,171.68,5.0,-0.11249999999999999,0.47580333223160787,0.7207716445218576,0.34294555024155576,1,3,3,Düşük Risk (Yeşil Bölge)
ESENYURT|ÜÇEVLER,ESENYURT,ÜÇEVLER,28770.6,1593641.9021679559,0.029648912817185756,237.60000000000002,237.60000000000002,110.8,110.2,97.24908333333335,2.8,0.6,0.0,8.262822435082816,55.409325941179176,13177.104787952274,0.4662927811331608,46.19620833333334,176.86666666666667,6.0,0.042105263157894715,0.5650871130371203,0.6579966858309007,0.37182544758417674,2,3,6,Orta Risk (Sarı Bölge)
ESENYURT|İNCİRTEPE,ESENYURT,İNCİRTEPE,27930.8,1547325.3934765412,0.02878532725873178,234.2,234.2,160.0,160.0,96.13575,7.800000000000001,1.2,0.0,8.380066092048784,55.409325941179176,12945.02009754239,0.7123289613612194,13.4606626984127,157.45,4.0,-0.09923076923076918,0.5208047613326806,0.6741354435822383,0.3510929488007484,2,3,6,Orta Risk (Sarı Bölge)
ESENYURT|İNÖNÜ,ESENYURT,İNÖNÜ,29204.8,1618002.039012962,0.030099215331681244,189.2,189.2,106.6,106.6,93.92908333333334,5.4,1.2,0.0,6.4815763400710384,55.40932594117918,10510.845151829835,0.559475167312434,18.572705555555554,190.4,6.0,0.13293413173652693,0.5265766925229672,0.6586162092243786,0.3468119450953879,2,3,6,Orta Risk (Sarı Bölge)
ESENYURT|İSTİKLAL,ESENYURT,İSTİKLAL,8948.2,482762.8587684769,0.009102686035325758,158.4,158.4,58.2,58.2,18.977,4.2,3.0,0.0,56.031086085403224,55.409325941179176,8794.610645574934,0.3773809523809524,4.6007333333333325,138.93333333333334,6.0,0.09999999999999996,0.5141701050696289,0.5469430656367362,0.2812217735255456,1,2,2,Düşük Risk (Yeşil Bölge)
ESENYURT|ŞEHİTLER,ESENYURT,ŞEHİTLER,10977.800000000001,619683.0317050378,0.01141981500723786,108.0,108.0,48.0,47.6,27.464333333333332,5.8,0.0,0.0,26.218547209319482,55.409325941179176,5999.018382057477,0.43965517241379315,7.300481481481482,154.8,4.0,0.12499999999999997,0.4949369812209405,0.5222426654529945,0.2584772083040826,1,2,2,Düşük Risk (Yeşil Bölge)
EYÜPSULTAN|5.LEVENT,EYÜPSULTAN,5.LEVENT,12018.2,729859.9535785412,0.031321527426951684,111.0,111.0,15.399999999999999,15.399999999999999,10.739333333333335,4.2,3.0,0.4,9.236347562443726,60.72107913369372,6740.039783840002,0.1387387387387387,2.666444444444444,630.48,10.0,0.0,0.5085758683854167,0.49611551604630394,0.25231237939272816,1,1,1,Düşük Risk (Yeşil Bölge)
EYÜPSULTAN|AKPINAR,EYÜPSULTAN,AKPINAR,1127.2,68449.49225698563,0.0029376010220633795,221.2,221.2,167.7,165.6,91.44241666666667,8.399999999999999,0.0,0.0,196.1648239938849,60.72107913369372,13469.707829616798,0.6917923205049531,8.596868055555555,123.16666666666666,6.0,0.18288770053475936,0.5834956919854788,0.5328230531703374,0.3108999561154416,3,2,6,Orta Risk (Sarı Bölge)
EYÜPSULTAN|AKŞEMSETTİN,EYÜPSULTAN,AKŞEMSETTİN,39135.4,2375619.163479836,0.10197653303359376,877.75,872.75,158.8,158.8,111.67575000000001,33.6,1.0,1.0,22.43262813051419,60.72107913369372,53297.927209599664,0.18091711763030466,3.197646442495127,615.03,5.0,0.0,0.6227481841759918,0.6974221543607424,0.43431838023226055,3,3,9,Kritik Risk (Kırmızı Bölge)
EYÜPSULTAN|ALİBEYKÖY,EYÜPSULTAN,ALİBEYKÖY,12965.6,787446.7575664112,0.03379145544954656,773.8,773.8,80.0,80.0,114.24241666666667,34.400000000000006,1.6,1.0,59.683206636218564,60.72107913369371,46991.33315649342,0.10342067871326649,3.2244919086509376,587.3214285714286,7.0,0.00624187256176848,0.6387623296214213,0.6470612784542228,0.41331836963323454,3,3,9,Kritik Risk (Kırmızı Bölge)
EYÜPSULTAN|AĞAÇLI,EYÜPSULTAN,AĞAÇLI,1107.4,67218.39347986689,0.00288553350267384,128.2,128.2,18.0,18.0,93.60908333333334,7.6,1.0,0.0,116.26495040101395,60.721079133693706,7829.3501237348155,0.12791788856304978,11.809587797619049,91.26666666666667,3.0,0.4568181818181818,0.5440984823603783,0.4586517665021768,0.249551730085741,2,1,2,Düşük Risk (Yeşil Bölge)
EYÜPSULTAN|DEFTERDAR,EYÜPSULTAN,DEFTERDAR,4190.8,256278.27436168765,0.0109507431308006,189.2,189.2,23.6,23.6,100.01575000000001,12.600000000000001,1.0,3.0,52.3029796878366,60.72107913369371,11469.66074215055,0.12097741900294533,7.773519230769231,451.15,4.0,-0.08155339805825237,0.5801902908882941,0.5413378022122124,0.3140789369343333,3,2,6,Orta Risk (Sarı Bölge)
EYÜPSULTAN|DÜĞMECİLER,EYÜPSULTAN,DÜĞMECİLER,17873.6,1085134.0326037789,0.046576497443976156,326.0,326.0,40.0,40.0,57.10716666666666,19.0,1.0,0.0,18.243878056551672,60.72107913369371,19808.47710468722,0.12304054311758642,2.905996031746031,376.70000000000005,4.0,0.0382165605095541,0.5553096215766851,0.5749609781983392,0.3192813632246804,2,2,4,Orta Risk (Sarı Bölge)
EYÜPSULTAN|EMNİYETTEPE,EYÜPSULTAN,EMNİYETTEPE,10901.0,661729.4580101764,0.028405306894365757,499.2,499.2,65.4,65.4,22.97266666666667,7.6,1.0,0.0,45.77967565325636,60.72107913369371,30286.49262004407,0.1318751781134226,2.865266666666667,563.1416666666667,6.0,-0.04367816091954018,0.607657706380913,0.5511113675272015,0.3348870695520276,3,2,6,Orta Risk (Sarı Bölge)
EYÜPSULTAN|ESENTEPE,EYÜPSULTAN,ESENTEPE,26463.2,1606382.756825436,0.06895609916917586,522.2,522.2,209.7,207.6,93.74908333333335,17.2,1.0,0.0,19.738426525070587,60.72107913369372,31713.23938110093,0.40060231660231654,4.600231060606061,623.1875,4.0,0.0081081081081081,0.6038474051908868,0.6713315332209704,0.40538180435830257,3,3,9,Kritik Risk (Kırmızı Bölge)
EYÜPSULTAN|GÖKTÜRK MERKEZ,EYÜPSULTAN,GÖKTÜRK MERKEZ,38225.6,2321683.4836572614,0.09962680510435208,431.0,431.0,95.4,95.4,29.512,10.6,1.0,2.0,11.283764630970335,60.72107913369372,26137.27183886432,0.22198331143024522,2.7225299145299147,209.8,3.0,-0.06507592190889366,0.5322908044074646,0.6246168531991181,0.33247780723581777,2,2,4,Orta Risk (Sarı Bölge)
EYÜPSULTAN|GÜZELTEPE,EYÜPSULTAN,GÜZELTEPE,30774.800000000003,1868456.5380256865,0.08019665229674147,877.75,872.75,176.0,176.0,41.11466666666667,15.600000000000001,6.0,2.0,28.522507536118425,60.72107913369371,53297.92720959966,0.2005126744517231,2.7038518518518524,495.3833333333333,6.0,0.0,0.616527589859663,0.6985060409130616,0.43064824590654505,3,3,9,Kritik Risk (Kırmızı Bölge)
EYÜPSULTAN|IŞIKLAR,EYÜPSULTAN,IŞIKLAR,665.2,40396.35369721913,0.0017336119561097599,66.6,66.6,10.4,10.4,90.12241666666668,3.2,0.0,3.8,100.1381503256724,60.72107913369371,4041.3428088833875,0.15928651059085838,23.177270833333335,132.68,5.0,-0.03478260869565216,0.5353822398475853,0.41782379449329426,0.22369543895743704,2,1,2,Düşük Risk (Yeşil Bölge)
EYÜPSULTAN|KARADOLAP,EYÜPSULTAN,KARADOLAP,23932.0,1453113.1906188184,0.062366642104217274,877.75,872.75,234.1,232.0,114.25575,35.4,10.0,0.0,36.6769729595834,60.72107913369371,53297.92720959966,0.26670464255197945,3.1351730769230772,726.0250000000001,6.0,0.0,0.6395483952597772,0.7397605329140359,0.47311266170168925,3,3,9,Kritik Risk (Kırmızı Bölge)
EYÜPSULTAN|SARIYER MERKEZ,EYÜPSULTAN,SARIYER MERKEZ,11975.4,727118.3248709714,0.031207670872875497,285.8,285.8,72.0,72.0,50.28966666666667,14.0,8.0,0.0,23.87165452180932,60.72107913369372,17392.959807008563,0.2500599543573279,3.267018518518518,334.03999999999996,5.0,0.1386454183266932,0.5401064616307413,0.6441172566345826,0.34789189235620455,2,3,6,Orta Risk (Sarı Bölge)
EYÜPSULTAN|MİMAR SİNAN,EYÜPSULTAN,MİMAR SİNAN,6482.8,393875.86415150296,0.01689820370775176,204.4,204.4,83.2,83.2,41.79183333333334,16.2,3.2,22.0,31.694373340591405,60.72107913369371,12363.799734711101,0.4348362164151638,2.6958797313797316,388.03,5.0,-0.17246963562753034,0.623243153215713,0.5444737678157676,0.339339547896739,3,2,6,Orta Risk (Sarı Bölge)
EYÜPSULTAN|MİTHATPAŞA,EYÜPSULTAN,MİTHATPAŞA,841.2,51103.37158540383,0.00219260096067532,441.2,441.2,99.4,99.4,35.37433333333333,16.8,0.6,2.0,526.4192712790843,60.72107913369371,26700.99482155025,0.2330262975641609,2.0973055555555558,275.025,12.0,-0.15316698656429942,0.614177166320894,0.5891514903313484,0.36184339286543915,3,2,6,Orta Risk (Sarı Bölge)
EYÜPSULTAN|NİŞANCI,EYÜPSULTAN,NİŞANCI,9973.800000000001,615015.6788121756,0.02614465531036956,508.6,508.6,113.19999999999999,113.19999999999999,101.14241666666668,23.6,0.0,0.0,128.88507062118532,60.72107913369371,30983.950916024794,0.20757982189857124,3.889763095238096,313.96000000000004,5.0,0.21674641148325358,0.47489842255616926,0.5475019948415594,0.26000783369661246,1,2,2,Düşük Risk (Yeşil Bölge)
EYÜPSULTAN|ODAYERİ,EYÜPSULTAN,ODAYERİ,2136.0,129740.44095087898,0.005567147908831,27.2,27.2,41.599999999999994,41.599999999999994,92.51575000000001,4.4,0.0,0.0,12.666666666666668,60.72107913369372,1666.3591902498454,1.4523809523809523,22.8799375,210.65714285714284,7.0,0.9428571428571428,0.563281110714027,0.5503157664160443,0.30998247615027047,2,2,4,Orta Risk (Sarı Bölge)
EYÜPSULTAN|PİRİNÇÇİ,EYÜPSULTAN,PİRİNÇÇİ,3494.6000000000004,212213.31003984006,0.00910733965753876,161.0,161.0,21.6,21.6,92.90908333333334,7.3999999999999995,2.0,4.0,46.05890078600808,60.72107913369372,9792.850374403526,0.13232396058639742,10.800861111111113,249.48888888888888,9.0,0.10273972602739721,0.5659339671170419,0.5967334205681847,0.337711712013475,2,2,4,Orta Risk (Sarı Bölge)
EYÜPSULTAN|RAMİ CUMA,EYÜPSULTAN,RAMİ CUMA,6829.8,405726.57865075883,0.017652796785601478,229.39999999999998,229.39999999999998,102.6,102.6,33.72616666666667,11.6,6.0,0.0,106.48168542134296,60.721079133693706,13958.907228896089,0.4575058335493908,2.8733926767676774,337.6,4.0,0.13004926108374382,0.5365506260633512,0.6697402009230053,0.3593495241050332,2,3,6,Orta Risk (Sarı Bölge)
EYÜPSULTAN|RAMİ YENİ,EYÜPSULTAN,RAMİ YENİ,15050.4,913939.5343371283,0.03922292139466134,255.60000000000002,255.60000000000002,141.2,141.2,33.4945,12.2,4.0,2.0,16.99097454464288,60.72107913369371,15467.356863514991,0.5721593587930222,2.7493701298701296,379.1428571428571,7.0,-0.15643564356435644,0.584194956219097,0.6105320285127148,0.3566697316673419,3,2,6,Orta Risk (Sarı Bölge)
EYÜPSULTAN|SAKARYA,EYÜPSULTAN,SAKARYA,9422.4,572841.4043868716,0.024566539187105663,345.6,345.6,73.6,73.6,92.72241666666667,16.4,2.5999999999999996,0.0,37.06394537617939,60.72107913369372,20922.20000522012,0.21497060153776565,4.627231060606061,451.6333333333333,6.0,-0.14029850746268652,0.5560849158826545,0.6234003725467879,0.3466635437288961,2,2,4,Orta Risk (Sarı Bölge)
EYÜPSULTAN|SİLAHTARAĞA,EYÜPSULTAN,SİLAHTARAĞA,4689.2,278571.53486379073,0.012120176936520642,238.6,238.6,107.39999999999999,107.39999999999999,48.40716666666667,11.4,0.6,0.0,168.11926649921665,60.72107913369371,14542.340975066749,0.4227383958050106,3.648477777777778,327.75,4.0,0.2557894736842105,0.583330770862735,0.547170836353823,0.319181585763883,3,2,6,Orta Risk (Sarı Bölge)
EYÜPSULTAN|TOPÇULAR,EYÜPSULTAN,TOPÇULAR,10343.2,627890.7425410943,0.026952171011385962,323.0,323.0,65.4,65.4,109.82241666666667,21.799999999999997,1.6,25.0,31.14980786247393,60.72107913369371,19509.01743013428,0.20603448275862066,4.920235507246377,286.83636363636367,11.0,-0.22355769230769226,0.5619689893479132,0.6755015540764514,0.3796109256472881,2,3,6,Orta Risk (Sarı Bölge)
EYÜPSULTAN|YEŞİLPINAR,EYÜPSULTAN,YEŞİLPINAR,38210.4,2319743.730710661,0.09957068316187093,809.05,806.05,209.7,207.6,96.48241666666668,21.4,1.0,0.0,21.193180305172696,60.72107913369372,49241.50714786251,0.2515445185225228,3.9131408045977016,646.3071428571429,7.0,0.14596317280453255,0.6273065479645425,0.6894082583843923,0.43247031470536057,3,3,9,Kritik Risk (Kırmızı Bölge)
EYÜPSULTAN|ÇIRÇIR,EYÜPSULTAN,ÇIRÇIR,26265.800000000003,1595094.1620391598,0.0684529971401313,877.75,872.75,189.0,189.0,113.67575000000001,38.8,4.0,0.0,33.41908626312943,60.72107913369371,53297.92720959966,0.2153232697237254,2.8365225155279505,660.075,4.0,0.0,0.6318220505688891,0.7062198394721931,0.4462052671277527,3,3,9,Kritik Risk (Kırmızı Bölge)
EYÜPSULTAN|ÇİFTALAN,EYÜPSULTAN,ÇİFTALAN,1854.0,112570.17806031661,0.00483148365103374,25.4,25.4,5.2,5.2,1.5333333333333332,0.8,0.0,0.0,13.706480674222611,60.72107913369372,1548.3477981922015,0.2413793103448276,0.7666666666666666,170.05,4.0,0.27,0.381702664910095,0.2745150250937004,0.10478311663612705,1,1,1,Düşük Risk (Yeşil Bölge)
EYÜPSULTAN|İHSANİYE,EYÜPSULTAN,İHSANİYE,1752.0,106564.3022881228,0.00456871524689164,33.6,33.6,3.0,3.0,88.27575,1.6,0.0,0.0,19.05051734631771,60.72107913369371,2047.601177798797,0.09181286549707601,44.507875000000006,175.14999999999998,4.0,0.2444444444444444,0.49091159157538916,0.3681341786020432,0.18072133553082761,1,1,1,Düşük Risk (Yeşil Bölge)
EYÜPSULTAN|İSLAMBEY,EYÜPSULTAN,İSLAMBEY,15051.400000000001,913591.3935496183,0.03921888853218576,445.79999999999995,445.79999999999995,72.8,72.8,61.79983333333333,19.2,8.8,0.0,29.60399794688552,60.721079133693706,27041.30593288421,0.16329487921844604,3.15295462962963,350.11428571428576,7.0,-0.05350318471337574,0.5760755099806887,0.6452135668446692,0.371691734566502,2,3,6,Orta Risk (Sarı Bölge)
FATİH|AKSARAY,FATİH,AKSARAY,8789.6,690349.9996856544,0.02511094173803486,364.6,364.6,153.2,153.2,44.69766666666667,11.6,4.0,0.0,42.015122262106715,78.4982492546755,28535.56777818918,0.4023455377574371,3.867987373737374,179.49999999999997,6.0,0.42421875,0.573948735832609,0.643195166334071,0.36916105261108473,2,3,6,Orta Risk (Sarı Bölge)
FATİH|AKŞEMSETTİN,FATİH,AKŞEMSETTİN,18899.199999999997,1483879.1480749876,0.05400151246036504,381.2,381.2,103.2,103.2,99.31575000000001,15.399999999999999,3.0,0.0,20.21223466947773,78.4982492546755,29887.417531324045,0.2672221417185915,6.055315610859728,284.9333333333333,6.0,0.13791044776119402,0.5804608566681185,0.6604756431569698,0.38338025763532124,3,3,9,Kritik Risk (Kırmızı Bölge)
FATİH|ALEMDAR,FATİH,ALEMDAR,22.2,1741.7230793094257,6.345573958447902e-05,193.8,190.20000000000002,88.2,88.2,105.48241666666668,16.799999999999997,4.0,0.0,8644.72049689441,78.4982492546755,15164.650917121042,0.3992263056092843,6.059541666666667,154.6,5.0,0.46818181818181814,0.6766717651866863,0.4713804300884726,0.3189698277024261,3,1,3,Düşük Risk (Yeşil Bölge)
FATİH|ALİ KUŞÇU,FATİH,ALİ KUŞÇU,9626.0,755792.997071493,0.027504734941877,221.6,221.6,102.0,102.0,98.56908333333334,10.8,6.6000000000000005,0.0,23.075874925917663,78.4982492546755,17371.291654154647,0.4731253515641902,9.673019444444444,339.3142857142857,7.0,0.16020942408376962,0.5764905269337983,0.6667356427238452,0.3843667819994142,3,3,9,Kritik Risk (Kırmızı Bölge)
FATİH|ATİKALİ,FATİH,ATİKALİ,13444.2,1055492.9681033022,0.03841615411099346,193.2,193.2,158.0,158.0,97.12908333333334,8.8,5.0,0.0,14.36492292594821,78.4982492546755,15174.304243302638,0.8359898798228969,11.901302083333334,359.44,5.0,-0.05294117647058819,0.5618542619260196,0.6871602938589603,0.38608393973099286,2,3,6,Orta Risk (Sarı Bölge)
FATİH|AYVANSARAY,FATİH,AYVANSARAY,15760.4,1237525.4274260423,0.045031323566175355,583.6,583.6,171.4,171.4,113.21575000000001,23.4,7.0,0.0,37.08454657069029,78.49824925467549,45790.0030197081,0.295327326178924,5.119480158730159,340.0,3.0,0.049640287769784124,0.6138962597664828,0.6986861934132393,0.428920840886869,3,3,9,Kritik Risk (Kırmızı Bölge)
FATİH|BALABANAĞA,FATİH,BALABANAĞA,246.8,19369.615699476428,0.00070533003179248,68.19999999999999,68.19999999999999,12.4,12.4,102.28241666666668,8.2,10.0,0.0,276.50247933884293,78.49824925467547,5354.987680385424,0.18328358208955223,13.97977380952381,105.9,6.0,-0.02571428571428568,0.5484637661131432,0.47424781700242225,0.26010774378408524,2,1,2,Düşük Risk (Yeşil Bölge)
FATİH|BALAT,FATİH,BALAT,10823.8,849657.3237429836,0.030930383469350037,441.4,440.8,145.8,145.8,122.18241666666668,26.4,6.0,0.0,40.77318042970704,78.4982492546755,34748.091933244825,0.3372292579003432,5.028796717171717,345.96000000000004,5.0,-0.22288732394366198,0.5956845668355738,0.6916486262209283,0.41200441231283336,3,3,9,Kritik Risk (Kırmızı Bölge)
FATİH|BEYAZIT,FATİH,BEYAZIT,18.8,1479.050275493195,5.366714302630505e-05,155.79999999999998,155.79999999999998,33.2,33.2,102.28241666666668,8.8,0.0,0.0,9159.239130434782,78.49824925467547,12167.646633277818,0.2358851674641148,12.416635416666669,115.94285714285712,7.0,1.05,0.6790078106923332,0.39723269564799335,0.2697241030073579,3,1,3,Düşük Risk (Yeşil Bölge)
FATİH|BİNBİRDİREK,FATİH,BİNBİRDİREK,1392.0,109243.7664735381,0.00397827826835036,90.2,90.2,23.799999999999997,23.799999999999997,2.267333333333333,0.6,1.0,0.0,64.43178849578429,78.4982492546755,7053.807539657177,0.3006953223767383,2.267333333333333,161.0,6.0,0.6107142857142857,0.49756407213021714,0.37517171240312924,0.18667196497136768,1,1,1,Düşük Risk (Yeşil Bölge)
FATİH|CANKURTARAN,FATİH,CANKURTARAN,206.0,16177.674752545929,0.00058855274338122,171.6,171.6,41.0,41.0,3.1755000000000004,1.8000000000000003,3.0,0.0,839.5813953488372,78.4982492546755,13439.343785338095,0.26969696969696966,1.6955,112.75,4.0,0.3,0.5721847407989334,0.36792516491345734,0.21052116511941144,2,1,2,Düşük Risk (Yeşil Bölge)
FATİH|CERRAHPAŞA,FATİH,CERRAHPAŞA,5647.4,443344.31376297947,0.01613766156891142,150.2,150.2,64.19999999999999,64.19999999999999,51.882000000000005,10.8,6.0,0.0,26.59571732988533,78.49824925467547,11791.844119268815,0.42769339456022604,4.828977777777778,358.92,5.0,-0.01184210526315786,0.5483595103882144,0.6090768375782911,0.3339930764432337,2,2,4,Orta Risk (Sarı Bölge)
FATİH|CİBALİ,FATİH,CİBALİ,7272.6,570972.668510835,0.02078098581411398,208.4,208.4,74.6,74.6,99.63575,11.0,4.0,0.0,28.713056806522538,78.4982492546755,16329.017412054523,0.3780090497737556,8.246019230769232,185.28,5.0,0.22588235294117645,0.5585479793821164,0.6279658747742605,0.35074907047608633,2,2,4,Orta Risk (Sarı Bölge)
FATİH|DEMİRTAŞ,FATİH,DEMİRTAŞ,2396.0,187678.44193212324,0.0068538441276506205,104.4,104.4,25.8,25.8,92.44908333333333,6.0,0.0,0.0,42.50970647616089,78.49824925467549,8165.199489568271,0.2700699300699301,12.579746527777779,95.86666666666666,6.0,0.5818181818181818,0.5283418377355337,0.49925040611199495,0.2637748770554229,2,1,2,Düşük Risk (Yeşil Bölge)
FATİH|DERVİŞ ALİ,FATİH,DERVİŞ ALİ,7883.4,626105.8319556115,0.022402797975178603,389.4,389.4,102.2,102.2,102.46908333333334,14.399999999999999,4.4,0.0,135.0417410444726,78.4982492546755,30614.58999406133,0.2714855141674625,8.124275462962963,332.48571428571427,7.0,-0.13466666666666663,0.6208492768471082,0.6336486643873248,0.3934003150600066,3,2,6,Orta Risk (Sarı Bölge)
FATİH|EMİN SİNAN,FATİH,EMİN SİNAN,8696.0,682616.0852479362,0.02485011556885978,78.4,78.4,78.80000000000001,78.80000000000001,3.346666666666667,0.4,1.0,0.0,9.01519780961073,78.4982492546755,6147.6963625559665,1.017142857142857,3.346666666666667,163.0,5.0,0.12,0.4396334442040193,0.4951190959492452,0.21767091344334696,1,1,1,Düşük Risk (Yeşil Bölge)
FATİH|HACI KADIN,FATİH,HACI KADIN,526.8,41370.23170903389,0.0015051060415081602,65.6,65.6,2.0,2.0,98.72241666666667,8.0,0.0,0.0,125.0184995446266,78.49824925467549,5144.3258533126755,0.03389830508474576,12.340302083333334,152.83999999999997,5.0,0.11186440677966102,0.5420712644518082,0.343536551050682,0.18622129261345635,2,1,2,Düşük Risk (Yeşil Bölge)
FATİH|HASEKİ SULTAN,FATİH,HASEKİ SULTAN,8766.6,688295.9556045388,0.0250494926277754,228.4,228.4,159.2,159.2,109.34241666666668,15.6,1.0,0.0,26.063477251633707,78.4982492546755,17927.124021479143,0.6942670257791459,6.924762152777778,345.0,6.0,0.01061946902654862,0.5736423867926412,0.6612490317876447,0.3793204728589876,2,3,6,Orta Risk (Sarı Bölge)
FATİH|HIRKA-İ ŞERİF,FATİH,HIRKA-İ ŞERİF,13161.4,1024514.8835039907,0.03775904223946562,363.6,363.6,184.5,182.4,98.17575000000001,13.8,6.0,0.0,72.05493292358575,78.4982492546755,28508.662506874865,0.4821738508487507,6.722383333333332,287.43333333333334,6.0,0.13271028037383173,0.5989795319041695,0.6717783258833541,0.40238146718097806,3,3,9,Kritik Risk (Kırmızı Bölge)
FATİH|HOBYAR,FATİH,HOBYAR,63.0,4943.04456768363,0.0001800716467517,152.4,152.4,26.0,26.0,18.288833333333333,4.6000000000000005,3.0,0.0,2378.4615384615386,78.49824925467549,11895.593288017883,0.23186147186147188,3.378404761904762,151.55999999999997,5.0,1.3090909090909089,0.6242667301166104,0.36954181215873183,0.23069265871769817,3,1,3,Düşük Risk (Yeşil Bölge)
FATİH|HOCA GIYASETTİN,FATİH,HOCA GIYASETTİN,4698.0,368981.76636878325,0.01342180232988888,82.4,82.4,9.4,9.4,95.86241666666668,4.0,0.0,0.0,17.86019131714496,78.4982492546755,6438.2380059654115,0.12474747474747472,23.96560416666667,75.4,5.0,0.8727272727272727,0.507400833477327,0.4738542951772437,0.2404340643197448,1,1,1,Düşük Risk (Yeşil Bölge)
FATİH|HOCAPAŞA,FATİH,HOCAPAŞA,117.4,9223.198895653866,0.0003353577964198,79.0,79.0,54.800000000000004,54.800000000000004,9.888666666666667,2.8,1.0,0.0,686.7418599702064,78.4982492546755,6182.600608231959,0.6932057416267943,3.6176666666666675,172.60000000000002,3.0,0.43636363636363634,0.567957042595122,0.4042666873350362,0.22960611215853402,2,1,2,Düşük Risk (Yeşil Bölge)
FATİH|KALENDERHANE,FATİH,KALENDERHANE,138.6,10886.423725708617,0.00039595589629886003,46.400000000000006,46.400000000000006,20.2,20.2,94.94908333333333,2.4000000000000004,10.4,0.0,337.1285356247762,78.4982492546755,3638.0975217672767,0.4320975609756098,46.23898611111112,167.26666666666665,6.0,0.1317073170731707,0.5888555118907222,0.4816286141742515,0.283609664140798,3,1,3,Düşük Risk (Yeşil Bölge)
FATİH|KARAGÜMRÜK,FATİH,KARAGÜMRÜK,10948.400000000001,859545.6127996467,0.031284597561400576,233.4,233.4,112.80000000000001,112.80000000000001,98.34241666666668,12.0,2.0,0.0,21.35214084703584,78.4982492546755,18291.47364342141,0.4628927828927829,7.453294312169312,345.45000000000005,4.0,0.19692307692307692,0.5744327834897194,0.6390387076366043,0.3670847835853676,2,3,6,Orta Risk (Sarı Bölge)
FATİH|KATİP KASIM,FATİH,KATİP KASIM,1400.0,109951.48706984697,0.00399976764541992,146.8,146.8,24.2,24.2,8.011833333333334,2.8,0.0,0.0,105.6905239046649,78.4982492546755,11501.029691121475,0.16244639575250153,2.7975833333333338,185.3,4.0,0.2440677966101695,0.5451484785712108,0.3947267620912927,0.21518469380540853,2,1,2,Düşük Risk (Yeşil Bölge)
FATİH|KEMALPAŞA,FATİH,KEMALPAŞA,223.6,17561.12004771696,0.00063881492594764,137.2,137.2,47.4,47.4,100.23575000000001,9.0,0.0,0.0,622.0094562647754,78.4982492546755,10731.499577822295,0.3248663101604277,11.137305555555557,191.94285714285718,7.0,0.5590909090909091,0.6237082063844483,0.47552181525016035,0.2965868584863545,3,1,3,Düşük Risk (Yeşil Bölge)
FATİH|KOCA MUSTAFAPAŞA,FATİH,KOCA MUSTAFAPAŞA,18789.8,1475201.8554357383,0.05369042786747312,526.4,526.4,134.39999999999998,134.39999999999998,112.13575,13.600000000000001,11.0,0.0,27.93136667712468,78.4982492546755,41443.8944735015,0.2695842845544815,10.048311842105264,223.45,4.0,-0.22928257686676426,0.5959975916941759,0.7045967884609721,0.41993798903819,3,3,9,Kritik Risk (Kırmızı Bölge)
FATİH|KÜÇÜK AYASOFYA,FATİH,KÜÇÜK AYASOFYA,1420.8000000000002,111554.70194879657,0.00405971490221094,154.4,154.4,15.0,15.0,5.046666666666668,1.8000000000000003,4.0,0.0,108.7918142463597,78.4982492546755,12113.563305911306,0.09806506849315069,2.1755555555555555,103.8,4.0,0.05753424657534246,0.5162069086553515,0.3838885720623525,0.1981659330524241,1,1,1,Düşük Risk (Yeşil Bölge)
FATİH|MERCAN,FATİH,MERCAN,51.8,4060.1119594537836,0.00014813063454874,89.6,89.6,16.6,16.6,91.88241666666667,2.5999999999999996,0.0,0.0,1719.138755980861,78.49824925467549,7018.903293981184,0.1798674399337199,31.351916666666668,92.76666666666668,6.0,0.2619718309859154,0.6255089324160378,0.3699855757190313,0.23142928247734437,3,1,3,Düşük Risk (Yeşil Bölge)
FATİH|MESİHPAŞA,FATİH,MESİHPAŞA,988.0,77589.10215867234,0.0028227831945903,112.39999999999999,112.39999999999999,33.199999999999996,33.199999999999996,13.366833333333334,4.0,0.0,0.0,114.9029126213592,78.49824925467547,8795.5306189666,0.26890756302521,3.3417083333333335,186.16666666666663,6.0,0.4597402597402597,0.5406442968203475,0.4183724252500474,0.2261906656583353,2,1,2,Düşük Risk (Yeşil Bölge)
FATİH|MEVLANAKAPI,FATİH,MEVLANAKAPI,16734.4,1313797.4565065831,0.04781785191881212,448.8,448.8,139.0,139.0,106.56908333333334,15.200000000000001,9.6,0.0,26.8552890260219,78.4982492546755,35181.70447706329,0.3184359014923799,7.372161414565827,305.48571428571427,7.0,0.15968992248062014,0.6028271583212167,0.705896554395083,0.42553361395472605,3,3,9,Kritik Risk (Kırmızı Bölge)
FATİH|MOLLA FENARİ,FATİH,MOLLA FENARİ,1008.0,79112.16443654735,0.00288074289491828,279.8,279.8,147.6,147.6,55.60483333333333,17.8,4.0,0.0,276.19132501485444,78.4982492546755,21868.597645804617,0.47292682071601383,3.103412280701754,122.69999999999999,8.0,0.7708860759493671,0.5884762475745013,0.5914501929337979,0.3480543901648962,3,2,6,Orta Risk (Sarı Bölge)
FATİH|MOLLA GÜRANİ,FATİH,MOLLA GÜRANİ,11912.2,935320.4202534937,0.03403675730580002,323.4,323.4,103.4,103.4,37.496833333333335,14.399999999999999,2.0,0.0,27.217594877928427,78.4982492546755,25353.97094098128,0.32191307510456446,2.6012175925925924,334.0,5.0,0.1468085106382978,0.5666931709258825,0.6127657249838864,0.3472501517258158,2,2,4,Orta Risk (Sarı Bölge)
FATİH|MOLLA HÜSREV,FATİH,MOLLA HÜSREV,289.8,22761.456364953956,0.00082792612194816,59.0,59.0,33.4,33.4,98.14241666666668,7.800000000000001,4.0,0.0,204.00590343664345,78.4982492546755,4631.396706025855,0.5661016949152542,13.683625661375663,126.32,5.0,0.0,0.5408090590873544,0.5002064954560279,0.2705162041569575,2,1,2,Düşük Risk (Yeşil Bölge)
FATİH|MUHSİNE HATUN,FATİH,MUHSİNE HATUN,1477.0,116028.68415750994,0.00421924106838258,95.0,95.0,36.0,36.0,5.04,2.0,0.0,0.0,65.4534812950299,78.49824925467549,7436.22746094584,0.42399791775117124,1.0080000000000002,132.3,4.0,0.39705882352941174,0.4761373438818923,0.3802236490295451,0.18103867833000845,1,1,1,Düşük Risk (Yeşil Bölge)
FATİH|MİMAR HAYRETTİN,FATİH,MİMAR HAYRETTİN,5128.0,402829.8189627307,0.01464897359077518,132.0,132.0,57.400000000000006,57.400000000000006,14.053333333333335,2.0,0.0,0.0,25.884947839046202,78.49824925467549,10357.078630895312,0.43909897292250233,2.8106666666666666,134.05714285714288,7.0,0.04761904761904758,0.4746615954254074,0.4587384795596773,0.21774553859082207,1,1,1,Düşük Risk (Yeşil Bölge)
FATİH|MİMAR KEMALETTİN,FATİH,MİMAR KEMALETTİN,1802.0,141538.27002991855,0.00514801431795158,98.2,98.2,51.599999999999994,51.599999999999994,10.979166666666668,2.8,0.0,0.0,55.10698181157885,78.4982492546755,7691.174075138283,0.56003726129483,3.3129166666666667,123.875,8.0,0.29210526315789476,0.5003604015882095,0.4629095733077253,0.23162161999928013,1,1,1,Düşük Risk (Yeşil Bölge)
FATİH|NİŞANCA,FATİH,NİŞANCA,2632.2,204924.27563270222,0.007551105375859379,166.0,166.0,33.8,33.8,13.160000000000002,3.0000000000000004,0.0,0.0,143.54442367760905,78.49824925467549,13004.912887305947,0.2079427291633338,4.043333333333334,103.14999999999999,4.0,0.24812030075187963,0.5382383684153883,0.4230602268718237,0.2277072462529344,2,1,2,Düşük Risk (Yeşil Bölge)
FATİH|RÜSTEMPAŞA,FATİH,RÜSTEMPAŞA,31.8,2504.217786525828,9.073576857460957e-05,84.6,84.6,22.0,22.0,87.53575000000001,1.2,0.0,0.0,2956.5714285714284,78.4982492546755,6626.412047707807,0.27522649172133706,43.767875000000004,103.75999999999999,5.0,0.2818181818181818,0.6196474884244201,0.33217753828193547,0.20583297730740796,3,1,3,Düşük Risk (Yeşil Bölge)
FATİH|SARAÇ İSHAK,FATİH,SARAÇ İSHAK,463.20000000000005,36378.212083508726,0.00132335208718192,72.6,72.6,16.0,16.0,4.273333333333333,1.2000000000000002,0.0,0.0,158.70260141093473,78.4982492546755,5679.74278592985,0.2527153558052434,1.4244444444444446,122.80000000000001,4.0,0.5125,0.4875501827858328,0.3059251192727842,0.14915384782022365,1,1,1,Düşük Risk (Yeşil Bölge)
FATİH|SEYYİD ÖMER,FATİH,SEYYİD ÖMER,24014.199999999997,1885409.4186894572,0.06861813782697776,477.19999999999993,477.19999999999993,105.4,105.4,113.68241666666668,13.8,5.0,0.0,19.926916165760655,78.49824925467549,37378.691887915295,0.21359229006287825,10.971273809523812,295.59999999999997,5.0,0.2759358288770053,0.6090274438426544,0.683006924102336,0.41596996111287954,3,3,9,Kritik Risk (Kırmızı Bölge)
FATİH|SULTAN AHMET,FATİH,SULTAN AHMET,749.4,58850.50837213526,0.00214110367306146,88.0,88.0,6.0,6.0,6.3933333333333335,0.4,0.0,0.0,118.30959164292497,78.4982492546755,6891.429986884963,0.07111501316944685,6.3933333333333335,138.73333333333335,3.0,0.3134328358208955,0.509542939037911,0.2739207028139943,0.13957435997517284,1,1,1,Düşük Risk (Yeşil Bölge)
FATİH|SURURİ,FATİH,SURURİ,312.0,24411.719165187278,0.0008929553286612799,120.6,120.6,11.2,11.2,30.028166666666667,8.2,1.0,0.0,340.37593984962405,78.49824925467549,9393.72063685298,0.11171827565270184,3.61119696969697,132.95999999999998,5.0,3.4666666666666663,0.5732486817731582,0.37997772770213345,0.21782173150840808,2,1,2,Düşük Risk (Yeşil Bölge)
FATİH|SÜLEYMANİYE,FATİH,SÜLEYMANİYE,6738.0,529141.6462019305,0.019250983875813622,85.4,85.4,61.4,61.4,96.84908333333334,4.800000000000001,64.0,0.0,12.772405993780039,78.4982492546755,6687.803565894992,0.7005128205128206,23.436159722222225,82.2,8.0,0.31384615384615383,0.4960750042566847,0.6900590483850884,0.3423210453649965,1,3,3,Düşük Risk (Yeşil Bölge)
FATİH|SÜMBÜL EFENDİ,FATİH,SÜMBÜL EFENDİ,15651.599999999999,1228775.162805867,0.04472401923702936,185.39999999999998,185.39999999999998,37.0,37.0,29.4135,5.4,3.0,0.0,11.855815939277548,78.4982492546755,14539.97362672347,0.20183708000966877,6.992648148148148,315.25,4.0,0.10357142857142855,0.5453075501581983,0.5649186560227558,0.3080544083544309,2,2,4,Orta Risk (Sarı Bölge)
FATİH|SİLİVRİKAPI,FATİH,SİLİVRİKAPI,1526.4,119841.3029076572,0.00436153006947536,198.0,198.0,81.8,81.8,31.5135,5.4,5.0,0.0,129.15621191483262,78.4982492546755,15601.281736448891,0.424002574002574,7.225981481481481,324.0571428571429,7.0,-0.2747252747252747,0.5932009282251713,0.5649764600662981,0.3351445605366995,3,2,6,Orta Risk (Sarı Bölge)
FATİH|TAHTAKALE,FATİH,TAHTAKALE,19.0,1491.4667358388344,5.429515440277359e-05,51.8,51.8,8.600000000000001,8.600000000000001,3.4666666666666672,0.8,0.0,0.0,2726.315789473684,78.4982492546755,4050.731418010081,0.22115384615384615,1.7333333333333336,91.0,4.0,0.61875,0.5328752783656263,0.18689189167566927,0.09959006880095074,2,1,2,Düşük Risk (Yeşil Bölge)
FATİH|TAYA HATUN,FATİH,TAYA HATUN,103.6,8138.985001794972,0.00029593850660954,58.4,58.4,6.0,6.0,3.066666666666667,0.4,0.0,0.0,573.4693877551019,78.4982492546755,4573.041106740606,0.10748663101604272,3.066666666666667,161.45,4.0,0.3272727272727272,0.5221676954636331,0.21564637902350398,0.11260357276978021,2,1,2,Düşük Risk (Yeşil Bölge)
FATİH|TOPKAPI,FATİH,TOPKAPI,10355.2,813063.46913355,0.02958801746414284,305.79999999999995,305.79999999999995,35.6,35.6,105.53575000000001,13.8,7.6,0.0,29.583188456792453,78.4982492546755,23984.596457975807,0.11573197700132681,7.933519230769231,339.37777777777774,9.0,0.0921428571428571,0.5926988883986627,0.6225504049590825,0.3689849329913855,3,2,6,Orta Risk (Sarı Bölge)
FATİH|YAVUZ SULTAN SELİM,FATİH,YAVUZ SULTAN SELİM,16336.8,1282643.3048786586,0.046680678015415464,342.0,342.0,159.4,159.4,114.96241666666667,22.200000000000003,5.0,0.0,20.918960798102837,78.49824925467547,26867.50746334735,0.4651761517615176,5.3111468253968255,305.79999999999995,4.0,-0.07317073170731705,0.57241349333339,0.7011676625316594,0.4013578311221547,2,3,6,Orta Risk (Sarı Bölge)
FATİH|YAVUZ SİNAN,FATİH,YAVUZ SİNAN,2518.0,197644.52081110736,0.00719577885008614,62.599999999999994,62.599999999999994,6.6,6.6,90.60241666666667,2.1999999999999997,0.0,0.0,24.820869565217393,78.4982492546755,4897.105428744021,0.09939816281279687,32.245250000000006,115.19999999999999,4.0,0.526829268292683,0.5259942665830425,0.42065228008727146,0.22126068755098893,2,1,2,Düşük Risk (Yeşil Bölge)
FATİH|YEDİKULE,FATİH,YEDİKULE,15628.2,1226912.0382572655,0.04465760233540592,360.2,359.6,68.2,68.2,28.49683333333333,6.4,4.0,1.0,23.04497659724156,78.4982492546755,28283.511868833448,0.19001244626344838,7.772519230769231,296.06666666666666,3.0,-0.02911051212938004,0.5856336533018306,0.59895966161151,0.35077093480997684,3,2,6,Orta Risk (Sarı Bölge)
FATİH|ZEYREK,FATİH,ZEYREK,10044.2,788751.3544358658,0.028697556667387998,351.8,351.8,144.4,144.4,102.57575000000001,18.0,5.6,0.0,34.99570485532841,78.4982492546755,27635.383224826615,0.42492576903282,5.698652777777778,172.775,8.0,-0.0668435013262599,0.5652394527754189,0.6745108756826748,0.38126015826194365,2,3,6,Orta Risk (Sarı Bölge)
FATİH|İSKENDERPAŞA,FATİH,İSKENDERPAŞA,11092.0,871082.4926613304,0.031690403672017656,302.0,302.0,85.0,85.0,101.93575000000001,11.4,5.0,0.0,27.237828981901167,78.4982492546755,23713.50668099478,0.282013122447206,9.157795454545454,240.77777777777777,9.0,-0.02893890675241152,0.5783532305175406,0.6582147729208946,0.3806806402931688,3,3,9,Kritik Risk (Kırmızı Bölge)
FATİH|ŞEHREMİNİ,FATİH,ŞEHREMİNİ,19462.2,1527972.8215848499,0.05561209846288292,452.6,452.6,117.6,117.6,106.18241666666668,11.600000000000001,11.0,0.0,23.283102736972374,78.4982492546755,35490.31641981914,0.2613248953761355,12.03883149509804,356.72,5.0,0.12029702970297029,0.615245110295442,0.6982009912253848,0.42956474585484883,3,3,9,Kritik Risk (Kırmızı Bölge)
FATİH|ŞEHSUVAR BEY,FATİH,ŞEHSUVAR BEY,1502.8000000000002,118029.08055345475,0.00429339583307864,158.6,158.6,62.0,62.0,5.653333333333334,2.2,1.0,0.0,106.57116700815206,78.49824925467547,12421.211680388238,0.4131147540983606,1.9983333333333335,114.95,4.0,0.3,0.5238233433264937,0.4408152412674947,0.23090931347001406,2,1,2,Düşük Risk (Yeşil Bölge)
GAZİOSMANPAŞA|BARBAROS HAYRETTİN PAŞA,GAZİOSMANPAŞA,BARBAROS HAYRETTİN PAŞA,48850.0,2274345.9193285415,0.10456212839590438,822.25,819.25,198.5,196.4,92.94908333333333,21.799999999999997,6.0,8.0,16.86085715272501,46.57302379795664,38355.04676639906,0.23350467446405626,3.500400537634409,562.4300000000001,5.0,0.1126522327469553,0.6063340707729825,0.7368067117088427,0.44675101288327795,3,3,9,Kritik Risk (Kırmızı Bölge)
GAZİOSMANPAŞA|BAĞLARBAŞI,GAZİOSMANPAŞA,BAĞLARBAŞI,28342.8,1320067.7747000363,0.06068782184111922,471.4,471.4,131.0,131.0,96.58908333333333,15.2,2.0,0.0,16.628837039324505,46.57302379795664,21991.076554763633,0.2772644105265633,5.686127525252526,565.65,6.0,0.11971496437054631,0.5934940196621665,0.6724565177538067,0.3990989217697298,3,3,9,Kritik Risk (Kırmızı Bölge)
GAZİOSMANPAŞA|FEVZİ ÇAKMAK,GAZİOSMANPAŞA,FEVZİ ÇAKMAK,14840.6,700216.7776111132,0.0321589930819728,440.4,440.4,69.8,69.8,101.18908333333334,17.6,3.0,0.0,71.3122414794347,46.57302379795664,20579.94954596168,0.1655590062111801,5.2201098484848485,545.25,5.0,0.27652173913043476,0.6163050165455856,0.6205025521525712,0.38241883567096846,3,2,6,Orta Risk (Sarı Bölge)
GAZİOSMANPAŞA|HÜRRİYET,GAZİOSMANPAŞA,HÜRRİYET,27452.6,1278192.0242538885,0.05876414058035213,395.6,395.6,219.7,217.6,96.56908333333334,17.2,3.0,0.0,14.441045392592098,46.57302379795664,18470.414791366034,0.5421274137646477,4.937799107142857,562.53,5.0,0.19156626506024094,0.5826340508023461,0.7062094027612935,0.41146164504551797,3,3,9,Kritik Risk (Kırmızı Bölge)
GAZİOSMANPAŞA|KARADENİZ,GAZİOSMANPAŞA,KARADENİZ,72115.2,3357803.526319949,0.15437264054544572,877.75,872.75,212.1,210.0,93.56241666666668,21.6,8.4,3.9999999999999996,12.173479402510969,46.573023797956644,40879.47163865644,0.24164055824551406,3.5874879629629635,530.5071428571428,7.0,0.0,0.5979280024295653,0.7568995011067065,0.45257140673666757,3,3,9,Kritik Risk (Kırmızı Bölge)
GAZİOSMANPAŞA|KARAYOLLARI,GAZİOSMANPAŞA,KARAYOLLARI,39749.4,1850703.1957339374,0.0850851092336029,819.45,816.45,208.1,206.0,93.92241666666668,23.0,5.0,0.0,20.64795418143258,46.57302379795664,38227.688394465345,0.24706457301253043,3.450931818181818,608.1142857142856,7.0,0.1194672131147541,0.6142834638219993,0.7102788344033203,0.4363125426767238,3,3,9,Kritik Risk (Kırmızı Bölge)
GAZİOSMANPAŞA|KARLITEPE,GAZİOSMANPAŞA,KARLITEPE,19240.2,895953.3190021939,0.041190470233138404,296.8,296.8,94.19999999999999,94.19999999999999,94.96908333333334,11.6,1.0,0.0,15.450709059178914,46.57302379795664,13880.74926254441,0.3279815668202765,7.97040340909091,364.1333333333333,6.0,0.36774193548387096,0.5653802010454824,0.6370475499961554,0.36017407189235834,2,3,6,Orta Risk (Sarı Bölge)
GAZİOSMANPAŞA|KAZIM KARABEKİR,GAZİOSMANPAŞA,KAZIM KARABEKİR,44029.2,2050082.1230018141,0.09425104088913512,853.45,850.45,154.4,154.4,98.58908333333335,18.8,8.0,0.0,19.39520725363947,46.57302379795664,39774.1829108032,0.1788184502840696,4.748426282051282,613.55,6.0,0.04461444308445527,0.6228408145062503,0.713017185576851,0.4440962046216401,3,3,9,Kritik Risk (Kırmızı Bölge)
GAZİOSMANPAŞA|SARIYER MERKEZ,GAZİOSMANPAŞA,SARIYER MERKEZ,14176.6,648102.3496029285,0.029838938468508783,478.0,478.0,117.6,117.6,31.820833333333333,9.8,8.6,1.0,106.04388936774912,46.57302379795664,22290.19054050002,0.24179412083740093,3.0975757575757576,414.59999999999997,7.0,0.0888382687927107,0.5887055601400691,0.6574577018809583,0.38704900465423214,3,3,9,Kritik Risk (Kırmızı Bölge)
GAZİOSMANPAŞA|MEVLANA,GAZİOSMANPAŞA,MEVLANA,26860.0,1251212.513044593,0.05752158287174398,399.6,399.6,81.0,81.0,93.50241666666668,17.599999999999998,5.0,0.0,14.832611571398733,46.57302379795664,18711.101434782373,0.2034903280067283,4.3931562500000005,665.5571428571428,7.0,0.5310344827586206,0.5209716510558381,0.5161750357371571,0.26891256060179297,2,1,2,Düşük Risk (Yeşil Bölge)
GAZİOSMANPAŞA|PAZARİÇİ,GAZİOSMANPAŞA,PAZARİÇİ,12428.0,578554.9732753143,0.02659906112457494,180.4,180.4,41.0,41.0,25.932499999999994,6.4,0.0,0.0,14.585429753738769,46.57302379795664,8431.79928377131,0.21907166574432757,3.5848958333333334,332.48,5.0,0.297841726618705,0.5959965394706241,0.6561341792334817,0.39105370025155334,3,3,9,Kritik Risk (Kırmızı Bölge)
GAZİOSMANPAŞA|SARIGÖL,GAZİOSMANPAŞA,SARIGÖL,25341.800000000003,1180062.7942701806,0.05425217062575042,548.6,548.6,135.6,135.6,92.74241666666667,12.2,1.0,0.0,21.65191580164234,46.57302379795664,25556.92335773175,0.24676327533470388,6.486549999999999,435.10625,8.0,0.0178107606679035,0.5996344395455163,0.6324000315276255,0.37920883847363457,3,2,6,Orta Risk (Sarı Bölge)
GAZİOSMANPAŞA|SEYMEN MAHALLE,GAZİOSMANPAŞA,SEYMEN MAHALLE,36293.0,1689874.4088243078,0.07769073683155932,741.4,741.4,176.6,176.6,94.32241666666667,21.4,4.0,0.0,20.464512085980004,46.57302379795664,34615.83596457848,0.22944413330147925,3.7932576804915517,701.4833333333333,6.0,0.1919614147909968,0.61886418599789,0.6939825501339556,0.42948094598539027,3,3,9,Kritik Risk (Kırmızı Bölge)
GAZİOSMANPAŞA|SEYİTNİZAM,GAZİOSMANPAŞA,SEYİTNİZAM,7830.6,364508.0380627727,0.016758348772365782,228.60000000000002,228.60000000000002,47.8,47.8,90.18241666666667,9.2,2.0,0.0,29.15746994575533,46.57302379795664,10631.797923095819,0.2159745960586532,7.823979166666668,447.0,3.0,-0.08192771084337348,0.5647697706775341,0.559024716244243,0.3157202607963347,2,2,4,Orta Risk (Sarı Bölge)
GAZİOSMANPAŞA|YILDIZTABYA,GAZİOSMANPAŞA,YILDIZTABYA,24787.0,1154094.4040641068,0.05305877896252474,495.6,495.6,115.6,115.6,28.589000000000002,9.0,1.0,0.0,20.05137325276478,46.57302379795663,23164.705463954364,0.22663766679514707,2.862131313131313,476.125,8.0,0.30078740157480316,0.5801993199567611,0.6098190274093153,0.3538165849995782,3,2,6,Orta Risk (Sarı Bölge)
GAZİOSMANPAŞA|ŞEMSİPAŞA,GAZİOSMANPAŞA,ŞEMSİPAŞA,24853.6,1157353.258904323,0.05320803754230062,264.4,264.4,73.8,73.8,98.68241666666668,12.2,1.0,0.0,10.642791989975214,46.57302379795663,12326.527027367822,0.28015314205245556,7.229049999999999,464.2,6.0,0.0704453441295546,0.5585761795560615,0.6377163382811999,0.3562131558775936,2,3,6,Orta Risk (Sarı Bölge)
GÜNGÖREN|ABDURRAHMAN NAFİZ GÜRMAN,GÜNGÖREN,ABDURRAHMAN NAFİZ GÜRMAN,21324.8,1156537.0419219462,0.08248242569171713,118.8,118.8,68.4,68.4,107.44908333333333,10.8,2.0,0.0,5.512295971068118,54.24145570097522,6430.785900537169,0.7723076923076921,10.413019444444444,340.26666666666665,6.0,-0.33999999999999997,0.49554362001387287,0.6598102507599954,0.32696476018386933,1,3,3,Düşük Risk (Yeşil Bölge)
GÜNGÖREN|AKINCILAR,GÜNGÖREN,AKINCILAR,26080.0,1414527.2693312664,0.10090500906776817,137.2,136.6,47.2,46.8,7.82,3.0,0.0,0.0,5.258446687143484,54.24145570097522,7440.258237099262,0.3410031347962382,2.6066666666666665,224.95,4.0,-0.05379310344827586,0.4643744958126585,0.5116101670726754,0.2375787133870036,1,1,1,Düşük Risk (Yeşil Bölge)
GÜNGÖREN|GENÇOSMAN,GÜNGÖREN,GENÇOSMAN,37840.0,2052355.4196032109,0.146401710318728,373.20000000000005,373.20000000000005,170.60000000000002,169.0,55.968333333333334,14.399999999999999,10.0,0.0,9.852100840336133,54.24145570097522,20234.17857644483,0.46249197174052664,3.9216203703703703,332.06,10.0,-0.09855072463768116,0.5451268665269599,0.7285070576857314,0.39712876959899795,2,3,6,Orta Risk (Sarı Bölge)
GÜNGÖREN|GÜNEŞTEPE,GÜNGÖREN,GÜNEŞTEPE,24380.0,1322316.7946396084,0.09432576739620444,375.0,375.0,83.2,81.2,8.21,3.8,4.0,0.0,15.33529647972159,54.24145570097522,20318.07205032384,0.23788251366120214,2.19,298.20000000000005,4.0,-0.21874999999999997,0.5309280149045011,0.5704161386732719,0.3028499081752909,2,2,4,Orta Risk (Sarı Bölge)
GÜNGÖREN|GÜVEN,GÜNGÖREN,GÜVEN,15882.6,861423.5564581038,0.061445321526038,155.8,155.8,52.8,52.8,22.179166666666667,8.6,0.0,0.0,9.800751748927347,54.24145570097522,8447.993515778104,0.3315541601255887,2.585370370370371,319.68,5.0,-0.07810650887573964,0.4947909208730072,0.5428038379392283,0.2685744108273533,1,2,2,Düşük Risk (Yeşil Bölge)
GÜNGÖREN|HAZNEDAR,GÜNGÖREN,HAZNEDAR,22040.0,1195404.6304922071,0.08527367737931048,135.0,135.0,94.8,94.8,21.45916666666667,8.2,3.0,0.0,6.117463958060289,54.24145570097522,7318.743861767335,0.6540411286465806,2.638108465608466,336.8666666666667,6.0,-0.11764705882352938,0.479571814351372,0.6103040499320888,0.2926846205319222,1,2,2,Düşük Risk (Yeşil Bölge)
GÜNGÖREN|MAREŞAL ÇAKMAK,GÜNGÖREN,MAREŞAL ÇAKMAK,31740.0,1721546.750791667,0.12281405632882117,257.0,257.0,115.0,111.0,14.270000000000001,4.8,1.0,0.0,8.090609701824656,54.24145570097522,13933.6330187101,0.438186389097164,2.7794444444444446,319.65714285714284,7.0,-0.10452961672473864,0.5134506043789578,0.5936443668900772,0.3048070589658739,1,2,2,Düşük Risk (Yeşil Bölge)
GÜNGÖREN|MEHMET NESİH ÖZMEN,GÜNGÖREN,MEHMET NESİH ÖZMEN,8746.0,474325.13949988346,0.033826028826135016,281.6,281.6,160.6,160.6,45.467,12.0,3.0,0.0,31.97361618162865,54.24145570097522,15255.259058001833,0.605470969621913,3.7889166666666663,291.44,5.0,-0.24097035040431264,0.5473575235002592,0.6487217318034669,0.355082720560745,2,3,6,Orta Risk (Sarı Bölge)
GÜNGÖREN|SARIYER MERKEZ,GÜNGÖREN,SARIYER MERKEZ,43335.8,2350376.375514554,0.16764629453053848,352.0,352.0,170.6,169.2,29.5465,10.600000000000001,7.0,0.0,8.102784732363698,54.24145570097522,19079.508104218155,0.46103381267003496,2.747714285714286,278.7714285714286,7.0,-0.1518072289156626,0.5721447241479765,0.6117272348927819,0.3499965100615351,2,2,4,Orta Risk (Sarı Bölge)
GÜNGÖREN|SANAYİ,GÜNGÖREN,SANAYİ,12303.599999999999,667304.9444779065,0.04759772110953146,405.4,405.4,67.2,67.2,58.47383333333333,17.6,2.1999999999999997,1.0,33.00097599774816,54.24145570097522,21996.420925331127,0.17283749081753735,3.3173480392156858,296.0333333333333,6.0,0.08686327077747989,0.5206573353774485,0.6853057620964951,0.3568094720119728,2,3,6,Orta Risk (Sarı Bölge)
GÜNGÖREN|TOZKOPARAN,GÜNGÖREN,TOZKOPARAN,14834.2,804220.4772696465,0.05728198782520718,319.4,319.4,68.6,68.6,115.13575,18.8,7.6,1.0,22.043348246118924,54.24145570097522,17335.50839291158,0.21414956243352246,5.950326298701299,167.39999999999998,4.0,0.187360594795539,0.549176060146279,0.6690527963114589,0.36742777870817783,2,3,6,Orta Risk (Sarı Bölge)
KADIKÖY|19 MAYIS,KADIKÖY,19 MAYIS,32399.199999999997,2230935.800904097,0.07333292235563182,423.4,423.4,61.0,61.0,45.960499999999996,11.8,9.6,0.0,13.069119322339645,68.85763042776122,29154.326949557933,0.14402515723270437,3.8768752913752915,735.45,6.0,-0.0014150943396226202,0.5938102084260941,0.6480766565025916,0.3848345344738901,3,3,9,Kritik Risk (Kırmızı Bölge)
KADIKÖY|ACIBADEM,KADIKÖY,ACIBADEM,29105.8,2004161.1642545357,0.06587510491719253,766.65,763.65,186.4,186.4,48.6065,13.0,10.6,3.0,26.404079336927545,68.85763042776122,52787.97297266763,0.23029241431690872,3.7389615384615382,479.87,5.0,0.27774999999999994,0.6246638852380737,0.7142134067304231,0.44614332153734665,3,3,9,Kritik Risk (Kırmızı Bölge)
KADIKÖY|BOSTANCI,KADIKÖY,BOSTANCI,33720.0,2321887.3924010955,0.07631220915554135,877.75,872.75,140.4,140.4,84.51616666666668,24.200000000000003,10.0,0.4,26.039763401431816,68.85763042776121,60439.78510796741,0.15995442893762454,3.4872175697865355,596.63,5.0,0.0,0.6312276776998573,0.7139800805713667,0.45068398818302086,3,3,9,Kritik Risk (Kırmızı Bölge)
KADIKÖY|CADDEBOSTAN,KADIKÖY,CADDEBOSTAN,9633.400000000001,663451.65467988,0.02152375051859126,473.0,473.0,67.8,67.8,45.62483333333333,10.399999999999999,8.0,0.0,142.1573195414247,68.85763042776122,32570.09504339959,0.14429584378749863,4.291791666666667,682.4625,4.0,-0.08155339805825237,0.6415248467141137,0.5933205455124331,0.38062987201219795,3,2,6,Orta Risk (Sarı Bölge)
KADIKÖY|CAFERAĞA,KADIKÖY,CAFERAĞA,21791.4,1500509.933390508,0.0493151481174013,716.5,714.5,128.8,128.8,115.96433333333331,21.0,15.6,0.0,32.76930832590726,68.85763042776122,49338.165558271896,0.1859540669507375,5.52211111111111,419.6,2.0,-0.18370834520079748,0.6213787647774701,0.7049635082047896,0.4380493539414841,3,3,9,Kritik Risk (Kırmızı Bölge)
KADIKÖY|DUMLUPINAR,KADIKÖY,DUMLUPINAR,10122.599999999999,697018.8973182146,0.02291285768695342,306.4,306.4,67.0,67.0,45.42466666666667,8.600000000000001,7.0,0.0,30.28279575594776,68.85763042776122,21097.64173509888,0.21676606729570944,5.368199134199134,707.5083333333333,6.0,0.11824817518248174,0.6092664824950441,0.6165656901022605,0.3756528092357337,3,2,6,Orta Risk (Sarı Bölge)
KADIKÖY|ERENKÖY,KADIKÖY,ERENKÖY,34720.0,2390741.9096069383,0.07858333494098105,651.4,651.4,97.4,97.4,97.73575000000001,12.4,7.0,0.0,18.820031712473575,68.85763042776122,44851.65629952564,0.17122774160004817,6.928127232142858,646.9166666666667,6.0,0.4838268792710706,0.6386644775506661,0.6846358359286637,0.4372525884658436,3,3,9,Kritik Risk (Kırmızı Bölge)
KADIKÖY|EĞİTİM,KADIKÖY,EĞİTİM,13817.0,951409.8956766512,0.03126777737715776,708.0,708.0,61.0,61.0,16.38883333333333,3.0,3.0,0.0,51.40844972426586,68.85763042776122,48750.1127151836,0.08392698035102969,5.462944444444444,596.6083333333333,6.0,0.17412935323383086,0.6533499172360522,0.5580932415374701,0.36463017316850616,3,2,6,Orta Risk (Sarı Bölge)
KADIKÖY|FENERBAHÇE,KADIKÖY,FENERBAHÇE,21085.199999999997,1451880.2277899955,0.04772237824262626,603.0,603.0,81.6,81.6,36.837,9.0,3.0,0.0,28.59689640973795,68.85763042776122,41521.27567681674,0.13596228735396593,4.093,567.475,4.0,-0.0195121951219512,0.619082417042943,0.6116025164450628,0.3786323641503558,3,2,6,Orta Risk (Sarı Bölge)
KADIKÖY|FENERYOLU,KADIKÖY,FENERYOLU,25992.4,1789780.7765530946,0.0588250487840605,799.8499999999999,796.8499999999999,70.4,70.4,96.82241666666667,6.0,3.6,0.0,30.844513453944366,68.85763042776121,55074.5630977077,0.08865122916347826,16.137069444444446,636.38,5.0,0.17108345534407024,0.6743301112113903,0.6421747930882338,0.4330377996403402,3,3,9,Kritik Risk (Kırmızı Bölge)
KADIKÖY|FİKİRTEPE,KADIKÖY,FİKİRTEPE,7836.6,539541.2406337707,0.01790319382039822,517.0,517.0,63.2,63.2,56.301500000000004,13.600000000000001,0.0,0.0,221.85737802840723,68.85763042776122,35600.4534266047,0.13145996668237794,4.142304945054946,630.7166666666667,3.0,-0.1647819063004846,0.6422813102508648,0.5401574058227139,0.34693300635352076,3,2,6,Orta Risk (Sarı Bölge)
KADIKÖY|GÖZTEPE,KADIKÖY,GÖZTEPE,40780.0,2808018.527354788,0.09230276984802582,792.25,789.25,85.4,85.4,96.56241666666668,8.8,16.0,0.0,19.450305645451277,68.85763042776122,54551.126804023836,0.11079052753308871,10.043098809523809,680.22,5.0,0.19314759036144574,0.6539678183018004,0.6942187673647711,0.45399673271770447,3,3,9,Kritik Risk (Kırmızı Bölge)
KADIKÖY|HASANPAŞA,KADIKÖY,HASANPAŞA,7604.200000000001,523700.17278458783,0.016991387048512142,877.75,872.75,109.8,109.8,43.53216666666667,11.0,11.0,0.0,344.09663218867837,68.85763042776122,60439.78510796741,0.12509256622044998,3.9574696969696967,531.4777777777778,9.0,0.0,0.679327192677141,0.6229665776728627,0.42319813634219194,3,2,6,Orta Risk (Sarı Bölge)
KADIKÖY|KOZYATAĞI,KADIKÖY,KOZYATAĞI,37960.0,2613841.254837268,0.08591619537089851,686.8,686.8,72.0,72.0,45.400000000000006,11.600000000000001,4.6,0.0,18.135893893340704,68.85763042776121,47289.72075861912,0.11169903052547632,4.101764705882353,715.5250000000001,4.0,0.31319311663479926,0.6287336031944071,0.6372824912844588,0.4006809169979861,3,3,9,Kritik Risk (Kırmızı Bölge)
KADIKÖY|KOŞUYOLU,KADIKÖY,KOŞUYOLU,6808.2,468797.59665306757,0.01540906481153834,394.20000000000005,394.20000000000005,45.599999999999994,45.599999999999994,8.880333333333333,2.8,4.0,0.0,57.92484872467066,68.85763042776122,27143.572065078253,0.11490804239401493,3.201833333333333,413.80999999999995,5.0,0.02656249999999998,0.6000243634333378,0.5067869867486268,0.30408453912014416,3,1,3,Düşük Risk (Yeşil Bölge)
KADIKÖY|MERDİVENKÖY,KADIKÖY,MERDİVENKÖY,31686.399999999998,2181857.7742163837,0.07171054417984765,873.85,870.85,133.8,133.8,116.87575000000001,16.0,9.0,0.0,27.589940166095268,68.85763042776122,60171.17964147173,0.15314160761372747,7.304734375000001,686.0333333333333,9.0,0.006739631336405519,0.6577170352707076,0.7242414610940099,0.4763459466108777,3,3,9,Kritik Risk (Kırmızı Bölge)
KADIKÖY|OSMANAĞA,KADIKÖY,OSMANAĞA,8097.6,557587.3013859438,0.01831669164563538,634.4,634.4,73.2,73.2,93.2415,24.200000000000003,5.6,0.0,78.63072624575369,68.85763042776121,43683.193573158,0.11525559105431307,3.8409875362318844,544.1624999999999,4.0,0.01341853035143766,0.642473474234325,0.6296272910670726,0.40451883316460874,3,2,6,Orta Risk (Sarı Bölge)
KADIKÖY|RASİMPAŞA,KADIKÖY,RASİMPAŞA,12752.2,878092.6755251602,0.028851705149523302,377.6,377.6,103.0,103.0,31.344,8.8,3.0,1.0,29.612729874334395,68.85763042776122,26000.821816393884,0.27219340112056445,3.5871666666666666,582.32,5.0,-0.04405063291139238,0.595871811742155,0.6222256557481562,0.3707667288031043,3,2,6,Orta Risk (Sarı Bölge)
KADIKÖY|SAHRAYICEDİT,KADIKÖY,SAHRAYICEDİT,30724.6,2115630.3994214176,0.06953358227412818,635.8,635.8,60.0,60.0,42.798500000000004,10.2,6.0,0.0,20.716164712330993,68.85763042776122,43779.35142444726,0.09645287126916444,4.280759259259259,708.1916666666666,6.0,0.05264900662251654,0.6247809857639343,0.6280886790679256,0.39241786405522594,3,2,6,Orta Risk (Sarı Bölge)
KADIKÖY|SUADİYE,KADIKÖY,SUADİYE,16941.6,1166410.7653129399,0.03870329570206334,683.2,683.2,89.0,89.0,60.555833333333325,16.0,7.0,0.0,103.8097387547756,68.85763042776122,47042.555556564184,0.13030810616439914,3.7524583333333332,622.47,5.0,0.1599320882852292,0.6483295015752262,0.6348843532010751,0.41161425626876286,3,2,6,Orta Risk (Sarı Bölge)
KADIKÖY|ZÜHTÜPAŞA,KADIKÖY,ZÜHTÜPAŞA,8258.6,568669.2392996624,0.01869103805329084,204.8,204.8,43.8,43.8,101.36908333333335,11.600000000000001,3.0,0.0,24.83863497481716,68.85763042776122,14101.806106739725,0.21275724275724273,7.981720238095239,723.25,6.0,0.12527472527472527,0.5976257133612805,0.6015150336624265,0.3594808510900423,3,2,6,Orta Risk (Sarı Bölge)
KARTAL|ATALAR,KARTAL,ATALAR,30080.0,1877239.3556057434,0.07308256579004108,194.6,171.2,57.4,57.4,5.053166666666666,1.4,7.0,0.0,6.494465837825943,62.409091487700536,12149.696690794848,0.3220019544883429,4.0264999999999995,235.68,5.0,0.6775862068965518,0.5104299471593621,0.5611683957389044,0.28643715458451297,1,2,2,Düşük Risk (Yeşil Bölge)
KARTAL|CEVİZLİ,KARTAL,CEVİZLİ,26144.199999999997,1631614.5781248035,0.06352019460817351,231.8,222.8,72.39999999999999,72.39999999999999,90.40908333333334,6.6,7.0,1.0,8.885680998946196,62.409091487700536,14469.897149733064,0.2840740114903683,10.683972222222224,272.9,6.0,0.3170454545454546,0.5479874178171881,0.6472117767238499,0.35466391030777694,2,3,6,Orta Risk (Sarı Bölge)
KARTAL|CUMHURİYET,KARTAL,CUMHURİYET,23349.4,1457203.051118922,0.05673027427790288,354.2,354.2,95.4,94.8,59.623666666666665,16.2,6.0,4.8,15.192695102569239,62.409091487700536,22111.344273193212,0.2746227352506895,3.633339869281046,283.8571428571429,7.0,0.3782101167315175,0.556360326737859,0.6908277501734901,0.38434915280610293,2,3,6,Orta Risk (Sarı Bölge)
KARTAL|ESENTEPE,KARTAL,ESENTEPE,30143.600000000002,1881214.0209475984,0.07323736022446348,202.39999999999998,196.39999999999998,64.80000000000001,64.80000000000001,18.2415,5.4,15.0,19.0,6.731690609260413,62.409091487700536,12635.85335032333,0.32715454983148773,3.2256111111111108,246.28,10.0,0.5104477611940298,0.5080278653630886,0.6754237324636972,0.343134077019102,1,3,3,Düşük Risk (Yeşil Bölge)
KARTAL|GÜMÜŞPINAR,KARTAL,GÜMÜŞPINAR,1225.0,76361.595320586,0.0029719030141646,277.2,273.6,57.0,57.0,43.4845,11.6,3.0,0.0,630.0796488371269,62.40909148770054,17298.009325353647,0.2092567259461924,3.7358800505050502,208.89999999999998,6.0,-0.09411764705882353,0.605131108913119,0.5197250267460568,0.3145017817647418,3,1,3,Düşük Risk (Yeşil Bölge)
KARTAL|HÜRRİYET,KARTAL,HÜRRİYET,50469.399999999994,3149726.792637012,0.12262183247481383,722.0,722.0,232.89999999999998,230.8,81.20066666666668,25.0,8.0,1.0,14.326129360702332,62.409091487700536,45072.42222626416,0.32474622969837585,3.248026666666666,342.3333333333333,6.0,0.41015625,0.5914261107302067,0.7556481141714675,0.4469100252450462,3,3,9,Kritik Risk (Kırmızı Bölge)
KARTAL|KARLIKTEPE,KARTAL,KARLIKTEPE,33851.2,2112593.238226592,0.08224509766686508,242.60000000000002,242.60000000000002,62.4,62.4,9.223833333333332,4.3999999999999995,4.0,1.0,7.1743227815135695,62.409091487700536,15141.975266510206,0.2583542913818143,2.58175,163.04,5.0,0.11284403669724767,0.49014352320293764,0.5849810156613156,0.28672465602307007,1,2,2,Düşük Risk (Yeşil Bölge)
KARTAL|KORDONBOYU,KARTAL,KORDONBOYU,13262.6,827695.847900176,0.03222292711025348,139.8,139.8,45.2,45.2,18.516333333333332,5.800000000000001,0.0,0.0,10.531373026241361,62.409091487700536,8723.783645272255,0.3187239117471675,3.3387619047619044,212.7111111111111,9.0,-0.1038461538461538,0.485979386057501,0.5345966748570523,0.2598029638354118,1,2,2,Düşük Risk (Yeşil Bölge)
KARTAL|ORHANTEPE,KARTAL,ORHANTEPE,26260.0,1638847.8188417081,0.06380185723562208,435.2,435.2,86.60000000000001,86.60000000000001,91.14241666666668,9.0,5.0,0.0,16.594057688137063,62.409091487700536,27165.921047747914,0.1945128282910779,7.935741452991453,221.39999999999998,5.0,0.254178674351585,0.5763048575401862,0.6466351790201806,0.372658994725698,2,3,6,Orta Risk (Sarı Bölge)
KARTAL|ORTA,KARTAL,ORTA,11650.199999999999,727686.7965447468,0.02833591670275752,293.4,293.4,52.599999999999994,52.599999999999994,5.2,3.2,2.0,0.0,65.19448749363698,62.40909148770054,18313.215222540595,0.17936689409306042,0.65,272.0,6.0,0.1505882352941176,0.5270694227588515,0.46330411161925716,0.24419343067296437,2,1,2,Düşük Risk (Yeşil Bölge)
KARTAL|PETROL İŞ,KARTAL,PETROL İŞ,28100.0,1753676.81627275,0.06827222808568625,169.2,169.2,43.2,43.2,4.6465,1.0,9.0,0.0,6.036498561260033,62.409091487700536,10563.237258856087,0.26314968814968814,4.6465,174.32,5.0,0.5243243243243243,0.495911228596081,0.5464365048649211,0.2709839984773114,1,2,2,Düşük Risk (Yeşil Bölge)
KARTAL|SOĞANLIK YENİ,KARTAL,SOĞANLIK YENİ,13334.0,831187.1938924976,0.03234881274662342,351.8,351.8,75.0,75.0,20.844333333333335,9.0,5.0,0.0,68.36162369692464,62.409091487700536,21950.593589021453,0.21396146474326636,2.1448666666666667,209.2,5.0,-0.18375870069605568,0.5470292266648431,0.5661529905987166,0.3097022326212041,2,2,4,Orta Risk (Sarı Bölge)
KARTAL|TOPSELVİ,KARTAL,TOPSELVİ,8094.8,505612.310479306,0.01968840430527136,233.4,233.4,45.6,45.6,26.3345,9.2,3.0,3.6,51.91517988965923,62.409091487700536,14573.33336618727,0.2148543689320388,2.894541666666667,239.79999999999998,6.0,0.945,0.556272346212349,0.5627457761004581,0.313039913192491,2,2,4,Orta Risk (Sarı Bölge)
KARTAL|UĞUR MUMCU,KARTAL,UĞUR MUMCU,41740.0,2604933.0932586584,0.10141246196523779,134.8,134.8,80.6,80.6,44.47366666666667,12.2,6.0,0.0,3.223741521907106,62.409091487700536,8410.059279986617,0.6016323934704261,3.8643943355119825,200.1,4.0,-0.24269662921348312,0.45669782998209707,0.6683238445338407,0.3052220495238975,1,3,3,Düşük Risk (Yeşil Bölge)
KARTAL|YAKACIK YENİ,KARTAL,YAKACIK YENİ,12268.0,766279.0618937771,0.029838726634580797,219.2,218.39999999999998,73.0,72.4,42.76166666666666,11.8,2.0,0.0,44.69569122998712,62.409091487700536,13682.759106659372,0.3346041055718475,3.6953496503496504,224.16363636363633,11.0,0.24545454545454545,0.541079567438875,0.6031791253533575,0.32636790023435364,2,2,4,Orta Risk (Sarı Bölge)
KARTAL|YAKACIK ÇARŞI,KARTAL,YAKACIK ÇARŞI,17973.8,1121737.7812293228,0.04367048902875226,213.0,213.0,97.6,97.6,40.17633333333333,10.2,6.0,1.0,11.84927792840148,62.409091487700536,13293.509577512912,0.45680447026870585,4.067,440.34285714285716,7.0,0.028985507246376777,0.5416974524026684,0.6635529707244681,0.35944495377566676,2,3,6,Orta Risk (Sarı Bölge)
KARTAL|YALI,KARTAL,YALI,5926.2,369412.31655228254,0.014377056638543781,197.0,196.39999999999998,46.2,46.2,12.851666666666667,4.6,0.0,1.0,119.13658520116104,62.409091487700536,12298.50847472032,0.2247798663585836,2.683,204.92,5.0,0.4701492537313433,0.5436467886465381,0.47268826275802106,0.25697545607930916,2,1,2,Düşük Risk (Yeşil Bölge)
KARTAL|YUKARI,KARTAL,YUKARI,7455.6,465286.6267217315,0.01811397139687352,92.19999999999999,92.19999999999999,11.0,11.0,1.6466666666666665,0.4,1.0,0.0,12.421947797478168,62.409091487700536,5755.685215823315,0.11932082705737362,1.6466666666666665,183.86666666666665,3.0,0.3761194029850746,0.4477507030141226,0.3581572822880332,0.1603651749340944,1,1,1,Düşük Risk (Yeşil Bölge)
KARTAL|YUNUS,KARTAL,YUNUS,15254.2,951985.727819184,0.0370616162450935,180.2,180.2,32.599999999999994,32.599999999999994,20.243833333333335,8.0,5.0,3.0,11.846951584738383,62.409091487700536,11248.991083955401,0.19262927070807095,2.6243833333333333,196.1428571428571,7.0,0.3447761194029851,0.499751353895904,0.5797825658402166,0.2897471222438894,1,2,2,Düşük Risk (Yeşil Bölge)
KARTAL|ÇAVUŞOĞLU,KARTAL,ÇAVUŞOĞLU,15000.8,936178.5766126015,0.0364463038482788,211.6,211.6,54.6,54.6,9.196,4.6,5.0,7.0,14.117786378206372,62.409091487700536,13207.666521024184,0.26740807772909125,2.0238666666666667,199.68,5.0,0.16906077348066298,0.502332977517226,0.5801649875897548,0.291436005667206,1,2,2,Düşük Risk (Yeşil Bölge)
KAĞITHANE|EMNİYET EVLERİ,KAĞITHANE,EMNİYET EVLERİ,8521.0,476825.36015452864,0.0206668748332238,133.8,133.8,70.4,70.4,98.01575000000001,10.2,0.0,0.0,15.70218602421116,55.95014965819537,7487.983397192687,0.5254915065441381,9.1222398989899,366.5,0.0,-0.00888888888888888,0.5362013962173947,0.563622213962756,0.30221501806596895,2,2,4,Orta Risk (Sarı Bölge)
KAĞITHANE|GÜLTEPE,KAĞITHANE,GÜLTEPE,14201.2,795085.6232369896,0.034459580253362834,204.8,204.8,98.60000000000001,98.60000000000001,101.49575000000002,11.8,1.0,0.0,14.432178179028554,55.950149658195365,11451.177158293824,0.48665384615384616,8.129519230769231,341.8,6.0,0.024,0.5496796246350028,0.6394496021129645,0.3514924172624562,2,3,6,Orta Risk (Sarı Bölge)
KAĞITHANE|GÜRSEL,KAĞITHANE,GÜRSEL,27920.0,1562869.5276272735,0.06773700439629014,536.6,536.6,152.2,152.2,111.56908333333334,18.4,4.0,0.0,19.19259032455603,55.95014965819537,30137.759428008714,0.2868552915911909,5.878870833333333,469.42,5.0,-0.12176759410801961,0.5987081795477552,0.7038313269193959,0.4213895724485925,3,3,9,Kritik Risk (Kırmızı Bölge)
KAĞITHANE|HAMİDİYE,KAĞITHANE,HAMİDİYE,25804.8,1410191.890986322,0.06125055627377274,445.2,445.2,208.39999999999998,208.39999999999998,112.70908333333334,30.0,15.2,0.0,55.48212284859917,55.95014965819537,24995.18846889439,0.48366795820124453,3.62346977124183,477.525,8.0,-0.111377245508982,0.5871409862937859,0.7441552401817852,0.4369240416760225,3,3,9,Kritik Risk (Kırmızı Bölge)
KAĞITHANE|HARMANTEPE,KAĞITHANE,HARMANTEPE,21586.8,1208578.8609403856,0.05238069589656666,285.2,285.2,142.8,142.8,99.02908333333335,14.799999999999999,2.0,0.0,13.211042701881524,55.95014965819537,15969.029606537273,0.49935153583617753,6.012430555555556,382.82500000000005,8.0,-0.02662116040955628,0.5572039580814059,0.6852142463002504,0.38180409017226685,2,3,6,Orta Risk (Sarı Bölge)
KAĞITHANE|HÜRRİYET,KAĞITHANE,HÜRRİYET,20610.8,1153749.1101228492,0.05000504588028072,404.19999999999993,404.19999999999993,250.9,248.8,102.10241666666667,22.0,4.0,0.0,19.638492407067965,55.950149658195365,22552.96249881666,0.6192039978582902,4.246789606227106,366.91999999999996,5.0,0.1104395604395604,0.5748000271941163,0.7216617839082968,0.4148112130154435,2,3,6,Orta Risk (Sarı Bölge)
KAĞITHANE|MEHMET AKİF ERSOY,KAĞITHANE,MEHMET AKİF ERSOY,12532.8,701533.5958389172,0.030405513923829838,213.0,213.0,129.8,129.8,70.85383333333333,19.2,1.0,0.0,16.97214512335146,55.950149658195365,11963.716200349274,0.6153947845369838,3.578123737373737,408.1857142857143,7.0,-0.12345679012345678,0.5361085610511301,0.6535344210107564,0.3503653980454601,2,3,6,Orta Risk (Sarı Bölge)
KAĞITHANE|SARIYER MERKEZ,KAĞITHANE,SARIYER MERKEZ,31740.0,1776413.7620289652,0.07699341195506787,840.1,838.1,214.0,214.0,109.66908333333335,35.8,24.0,0.0,26.46150422785937,55.95014965819537,47061.87030340778,0.25685751878845275,2.9512994949494953,464.57500000000005,10.0,-0.042893762460837356,0.5642011509167074,0.7100000533929218,0.4005828472752102,2,3,6,Orta Risk (Sarı Bölge)
KAĞITHANE|NURTEPE,KAĞITHANE,NURTEPE,26782.0,1498980.4859974247,0.06496867763540998,303.0,303.0,219.79999999999998,219.79999999999998,58.38466666666667,16.0,4.0,1.2,11.302534458676789,55.95014965819537,17013.129966532957,0.7509616399603098,3.5321965811965814,739.0166666666667,3.0,-0.11403508771929821,0.5327915327036513,0.69266806570912,0.3690476803840355,2,3,6,Orta Risk (Sarı Bölge)
KAĞITHANE|ORTABAYIR,KAĞITHANE,ORTABAYIR,22309.4,1248840.708833581,0.054126415468752,230.6,230.6,157.0,157.0,104.82241666666667,15.2,2.0,0.0,10.327695854077822,55.950149658195365,12933.61185092434,0.6813042759836231,6.705746279761906,283.35,4.0,-0.08127490039840632,0.6096462261544559,0.7673604073045692,0.46781837641357676,3,3,9,Kritik Risk (Kırmızı Bölge)
KAĞITHANE|SEYRANTEPE,KAĞITHANE,SEYRANTEPE,23693.0,1325923.435519806,0.05746869061866182,418.4,418.4,98.4,98.4,45.079,15.4,5.0,0.0,17.652354195062884,55.950149658195365,23461.437058921045,0.23534459640654326,2.935461111111111,317.7,6.0,-0.07433628318584069,0.5552225384762987,0.652495002356374,0.3622799315514045,2,3,6,Orta Risk (Sarı Bölge)
KAĞITHANE|SULTAN SELİM,KAĞITHANE,SULTAN SELİM,35863.8,2007694.2210078856,0.08701574480425645,362.4,362.4,273.5,270.0,106.61575,15.8,3.0,0.0,10.10070137135109,55.950149658195365,20305.06151648527,0.7559962504686915,6.958069607843136,313.73333333333335,6.0,-0.04881889763779524,0.5573618715823545,0.7466396850365001,0.41614849224960343,2,3,6,Orta Risk (Sarı Bölge)
KAĞITHANE|TALATPAŞA,KAĞITHANE,TALATPAŞA,30080.0,1683629.1822426682,0.07297147342238847,542.4,542.4,181.6,181.6,105.98908333333334,18.0,4.0,0.0,18.01742765980856,55.95014965819537,30431.68964274483,0.3410597122635575,5.607009722222222,331.01666666666665,6.0,-0.0914572864321608,0.5840993507604396,0.7137747777628208,0.4169153842804407,3,3,9,Kritik Risk (Kırmızı Bölge)
KAĞITHANE|TELSİZLER,KAĞITHANE,TELSİZLER,11519.599999999999,644953.3265214134,0.02795272749736752,189.6,189.6,98.2,98.2,96.97575,11.0,2.0,0.0,16.499409371320347,55.95014965819537,10570.154230207841,0.5292909679317447,7.91351923076923,302.1,4.0,0.14909090909090902,0.545728412274042,0.6395603353838624,0.349026246382489,2,3,6,Orta Risk (Sarı Bölge)
KAĞITHANE|YAHYA KEMAL,KAĞITHANE,YAHYA KEMAL,1642.4,91833.21786498337,0.00398057603328078,315.0,315.0,87.8,87.8,94.88241666666667,13.0,2.0,0.0,191.97778933960063,55.950149658195365,17642.830871593003,0.2803354949247427,6.198685574229692,485.5833333333333,6.0,-0.03669724770642198,0.6321335650208629,0.5746486431545224,0.36325469543166994,3,2,6,Orta Risk (Sarı Bölge)
KAĞITHANE|YEŞİLCE,KAĞITHANE,YEŞİLCE,12063.0,675218.5615626788,0.029265048206462398,214.4,214.4,80.6,80.6,98.88908333333335,7.199999999999999,1.0,1.0,17.775733636524826,55.95014965819537,11996.63877318016,0.37578352532058246,15.85077314814815,281.85,4.0,-0.0027906976744185596,0.5633613984623433,0.6289343630404983,0.3543173423035183,2,2,4,Orta Risk (Sarı Bölge)
KAĞITHANE|ÇAĞLAYAN,KAĞITHANE,ÇAĞLAYAN,31234.399999999998,1748589.636279781,0.07578565127453582,531.2,531.2,177.8,177.8,43.034166666666664,10.6,2.0,0.0,17.009775135405405,55.95014965819537,29728.132990137965,0.3347184531886024,3.97801282051282,463.7166666666667,6.0,-0.00895522388059698,0.5884373553259221,0.6696332155953003,0.39403719842329155,3,3,9,Kritik Risk (Kırmızı Bölge)
KAĞITHANE|ÇELİKTEPE,KAĞITHANE,ÇELİKTEPE,32370.4,1811810.765732469,0.078527151680612,400.20000000000005,400.20000000000005,220.4,219.0,23.738666666666667,8.600000000000001,1.0,0.0,12.343191168688616,55.95014965819537,22509.86576048316,0.5474016807530351,2.7758268398268395,240.56666666666666,6.0,-0.16100628930817606,0.5309810227206613,0.656190654542953,0.34842478484895734,2,3,6,Orta Risk (Sarı Bölge)
KAĞITHANE|ŞİRİNTEPE,KAĞITHANE,ŞİRİNTEPE,22272.800000000003,1246830.9275010773,0.0540391599458772,393.4,393.4,122.39999999999999,122.39999999999999,100.51575000000001,13.600000000000001,0.0,0.0,17.66337320631763,55.95014965819537,22020.982426627863,0.31210796915167094,7.25101510989011,345.25,4.0,-0.0165,0.5778444172520198,0.6373153345108734,0.3682691080762117,3,3,9,Kritik Risk (Kırmızı Bölge)
KÜÇÜKÇEKMECE|ATAKENT,KÜÇÜKÇEKMECE,ATAKENT,104780.0,5375426.7991527915,0.1388118521770367,455.0,453.79999999999995,215.8,215.8,145.89291666666668,31.6,58.0,0.0,4.342707442647407,51.302447482822686,23343.5489210565,0.47251928445667923,4.634245588235295,617.05,6.0,0.020179372197309357,0.5654984851161732,0.8350715469276327,0.47223169475119564,2,3,6,Orta Risk (Sarı Bölge)
KÜÇÜKÇEKMECE|ATATÜRK,KÜÇÜKÇEKMECE,ATATÜRK,43015.8,2206727.152439521,0.05698355138943452,877.75,872.75,227.6,227.6,53.83133333333333,17.6,2.0,3.2,20.410610941315056,51.30244748282268,45030.723278047604,0.25929934491597834,2.999423809523809,669.9499999999999,6.0,0.0,0.6180344886138824,0.7147062802635343,0.4417131304318036,3,3,9,Kritik Risk (Kırmızı Bölge)
KÜÇÜKÇEKMECE|BEŞYOL,KÜÇÜKÇEKMECE,BEŞYOL,3513.6,180246.0533499766,0.004654361037257479,75.2,75.2,71.6,71.6,20.09,5.800000000000001,6.4,0.0,21.26194458790369,51.30244748282268,3854.9510383172947,0.8368131868131867,3.4469523809523808,263.6,3.0,-0.2769230769230769,0.47040705147255313,0.5581680072446698,0.2625661665142758,1,2,2,Düşük Risk (Yeşil Bölge)
KÜÇÜKÇEKMECE|CENNET,KÜÇÜKÇEKMECE,CENNET,29557.600000000002,1516296.846864697,0.03915434967476328,456.2,452.6,122.80000000000001,122.80000000000001,20.44916666666667,6.2,8.0,0.0,15.468299875116376,51.302447482822686,23408.977832374225,0.2671187459307858,3.3670238095238094,282.84000000000003,5.0,0.11268292682926828,0.5576358657552102,0.6450996989010502,0.35973072909511256,2,3,6,Orta Risk (Sarı Bölge)
KÜÇÜKÇEKMECE|CUMHURİYET,KÜÇÜKÇEKMECE,CUMHURİYET,53978.399999999994,2769117.0310138185,0.07150605119141411,578.0,578.0,195.8,194.39999999999998,16.28666666666667,4.6,5.0,0.0,10.711270802935102,51.302447482822686,29653.12641719557,0.33922638680659667,3.4352380952380948,450.88750000000005,4.0,0.0052173913043478,0.574820077819053,0.6575125874821832,0.37795143670351544,2,3,6,Orta Risk (Sarı Bölge)
KÜÇÜKÇEKMECE|FATİH,KÜÇÜKÇEKMECE,FATİH,5396.400000000001,276176.9080866554,0.00711603455357204,419.59999999999997,417.2,62.2,62.2,22.949166666666667,6.8,1.0,0.0,292.83272694354747,51.30244748282268,21541.222608048003,0.1533829745542087,3.322638888888889,473.85,7.0,0.5093525179856115,0.6301217756544072,0.5200922351522533,0.32772144271820736,3,1,3,Düşük Risk (Yeşil Bölge)
KÜÇÜKÇEKMECE|FEVZİ ÇAKMAK,KÜÇÜKÇEKMECE,FEVZİ ÇAKMAK,12374.6,633332.1164524335,0.01631916396857488,263.0,263.0,200.39999999999998,200.39999999999998,29.44533333333333,10.0,1.0,1.0,62.523059793437575,51.302447482822686,13491.920143734245,0.7680613167602016,3.006555555555556,483.91,5.0,-0.0223048327137546,0.5682332422024836,0.6268147862986369,0.35617699827893134,2,2,4,Orta Risk (Sarı Bölge)
KÜÇÜKÇEKMECE|GÜLTEPE,KÜÇÜKÇEKMECE,GÜLTEPE,30030.8,1540572.977950294,0.0397812424074296,220.2,220.2,102.0,102.0,8.066666666666666,2.8,5.0,0.0,7.348321520572508,51.302447482822686,11299.106049435595,0.46266924564796896,2.5183333333333335,232.11428571428573,7.0,0.11212121212121208,0.49358828145214106,0.5979617809970058,0.29514692785637364,1,2,2,Düşük Risk (Yeşil Bölge)
KÜÇÜKÇEKMECE|HALKALI MERKEZ,KÜÇÜKÇEKMECE,HALKALI MERKEZ,78860.0,4045748.421150284,0.10447667974900508,877.75,872.75,266.9,264.8,127.02908333333335,22.6,12.600000000000001,0.4,11.130639277863223,51.302447482822686,45030.723278047604,0.3040729136998006,6.017620927318296,619.7333333333333,9.0,0.0,0.6197917544973081,0.8014998254127145,0.4967629830218324,3,3,9,Kritik Risk (Kırmızı Bölge)
KÜÇÜKÇEKMECE|KANARYA,KÜÇÜKÇEKMECE,KANARYA,64680.0,3318167.4778791964,0.08568527061826733,877.75,872.75,236.5,234.4,99.34241666666668,14.399999999999999,2.0,0.0,13.571772557089371,51.302447482822686,45030.723278047604,0.26943890629450296,6.174949074074075,435.5666666666667,6.0,0.0,0.61173093047837,0.7239984241634065,0.4428922296783543,3,3,9,Kritik Risk (Kırmızı Bölge)
KÜÇÜKÇEKMECE|KARTALTEPE,KÜÇÜKÇEKMECE,KARTALTEPE,15113.4,775366.8183174299,0.02002305690404834,295.6,295.6,100.0,100.0,18.102333333333334,6.6,2.0,0.0,19.546829240922108,51.302447482822686,15168.807095835911,0.35430501930501934,2.6906888888888894,351.88,5.0,0.1413127413127413,0.5464247228753595,0.5866205458072835,0.320543969175737,2,2,4,Orta Risk (Sarı Bölge)
KÜÇÜKÇEKMECE|KEMALPAŞA,KÜÇÜKÇEKMECE,KEMALPAŞA,14691.8,753698.3608166155,0.019462570855178822,189.39999999999998,189.39999999999998,62.8,62.8,10.697333333333333,3.6,8.4,0.0,12.946266157350552,51.302447482822686,9723.480185551112,0.34799944621348466,3.1082222222222224,310.64,5.0,0.5274193548387096,0.520627353537532,0.576378937769751,0.3000786410058393,2,2,4,Orta Risk (Sarı Bölge)
KÜÇÜKÇEKMECE|MEHMET AKİF,KÜÇÜKÇEKMECE,MEHMET AKİF,53689.0,2754263.9296242334,0.07112234494854024,877.75,872.75,256.9,254.8,44.81816666666666,14.2,3.2,2.0,16.353241771582056,51.30244748282268,45030.723278047604,0.29268014810595266,3.036872549019608,627.45,3.0,0.0,0.6108294615107696,0.7118751467541715,0.43483431255475063,3,3,9,Kritik Risk (Kırmızı Bölge)
KÜÇÜKÇEKMECE|SULTAN MURAT,KÜÇÜKÇEKMECE,SULTAN MURAT,15671.599999999999,803981.5216182588,0.020761464866680943,152.0,152.0,100.39999999999999,100.39999999999999,22.56866666666667,7.6,2.0,0.0,9.705515191319048,51.302447482822686,7800.466194381523,0.6549107142857142,3.335866666666667,403.50714285714287,7.0,0.1875,0.5613694346905009,0.5658138552465302,0.31763060405979754,2,2,4,Orta Risk (Sarı Bölge)
KÜÇÜKÇEKMECE|SÖĞÜTLÜ ÇEŞME,KÜÇÜKÇEKMECE,SÖĞÜTLÜ ÇEŞME,34134.0,1751106.9235224477,0.045218689058663095,578.0,578.0,179.6,179.6,21.424,6.0,7.2,1.0,16.93556914770647,51.30244748282268,29652.814645071507,0.31072664359861585,3.7238333333333333,688.4583333333334,6.0,0.0,0.5120995254593892,0.61545900800177,0.3151762659374128,1,2,2,Düşük Risk (Yeşil Bölge)
KÜÇÜKÇEKMECE|TEVFİKBEY,KÜÇÜKÇEKMECE,TEVFİKBEY,22741.0,1168652.1406880126,0.03022560427277746,622.4,622.4,234.1,232.0,113.13575,19.6,2.0,1.0,67.17411151554519,51.302447482822686,31942.74007172234,0.372768492377188,5.724155921052631,433.275,6.0,0.2300395256916996,0.6021165335020964,0.6751885075533135,0.40654216362845513,3,3,9,Kritik Risk (Kırmızı Bölge)
KÜÇÜKÇEKMECE|YARIMBURGAZ,KÜÇÜKÇEKMECE,YARIMBURGAZ,5767.6,296395.5704367089,0.00766588392613706,411.0,411.0,71.8,71.8,13.762,4.2,0.0,2.0,212.72304908441936,51.302447482822686,21083.435282695766,0.17672502935660825,3.1306666666666665,544.1583333333334,6.0,-0.04195804195804193,0.626168301759925,0.7083806053404832,0.443565480645718,3,3,9,Kritik Risk (Kırmızı Bölge)
KÜÇÜKÇEKMECE|SEYMEN MAHALLE,KÜÇÜKÇEKMECE,SEYMEN MAHALLE,20590.2,1056296.2898851351,0.0272766348686446,354.2,354.2,66.4,66.4,16.407666666666668,4.6,2.0,0.0,17.216713516776096,51.30244748282268,18173.945784257892,0.18324253025176346,3.6445333333333334,389.55999999999995,5.0,0.07659574468085105,0.617239563184561,0.5067285187814967,0.31277288958585064,3,1,3,Düşük Risk (Yeşil Bölge)
KÜÇÜKÇEKMECE|YEŞİLOVA,KÜÇÜKÇEKMECE,YEŞİLOVA,32950.6,1690403.1520566777,0.043651277060031024,342.0,342.0,128.4,128.4,13.163,4.0,1.0,0.0,10.38638533615618,51.302447482822686,17547.93121611783,0.3721513650258248,3.29075,286.48,5.0,0.07547169811320749,0.5346754948505037,0.6005384948461715,0.3210932169086534,2,2,4,Orta Risk (Sarı Bölge)
KÜÇÜKÇEKMECE|İNÖNÜ,KÜÇÜKÇEKMECE,İNÖNÜ,71140.0,3649556.3468483062,0.09424233632755287,867.05,864.05,247.7,245.60000000000002,109.44908333333333,17.4,7.0,1.0,12.191433293003218,51.30244748282268,44483.45507084512,0.2851926511976293,6.068033625730994,621.1875,4.0,0.018860164512338396,0.6221724305911794,0.765952102874081,0.4765542815615921,3,3,9,Kritik Risk (Kırmızı Bölge)
KÜÇÜKÇEKMECE|İSTASYON,KÜÇÜKÇEKMECE,İSTASYON,42163.6,2163149.5618465054,0.05586158014498966,622.8,622.8,196.6,196.6,104.15575000000001,17.0,5.0,1.0,14.748240627560588,51.302447482822686,31964.134012662842,0.33124111175580506,5.679278138528138,639.9000000000001,5.0,0.2506024096385542,0.6157217655952937,0.7355777371022278,0.4529112230211745,3,3,9,Kritik Risk (Kırmızı Bölge)
MALTEPE|ALTAYÇEŞME,MALTEPE,ALTAYÇEŞME,32436.6,1921271.0543991188,0.06974804740953859,157.2,157.2,132.0,130.8,97.28241666666668,5.0,8.2,0.0,4.84498309451652,59.226340273000915,9318.451981148328,0.8594285714285714,19.45648333333333,374.67499999999995,6.0,-0.06428571428571425,0.540182295953025,0.7189497247013854,0.38836391296398964,2,3,6,Orta Risk (Sarı Bölge)
MALTEPE|ALTINTEPE,MALTEPE,ALTINTEPE,28140.0,1666898.2582899984,0.060511141374382,439.2,435.6,131.2,131.2,24.213,10.6,4.0,0.6,15.634182229767967,59.22634027300093,25950.777161131788,0.2826772814388913,2.4423186813186817,594.575,4.0,0.2302521008403361,0.5798508380604762,0.6362941780523542,0.3689557123966595,3,2,6,Orta Risk (Sarı Bölge)
MALTEPE|AYDINEVLER,MALTEPE,AYDINEVLER,21079.6,1248229.4593568891,0.04532142161763724,296.2,295.59999999999997,171.8,171.2,18.96216666666667,10.0,3.0,2.0,14.001180952417835,59.22634027300093,17461.2322765112,0.5088387461414721,1.8962166666666664,452.8777777777778,9.0,0.5839572192513369,0.5487600073228093,0.6477414064257835,0.35545457893349974,2,3,6,Orta Risk (Sarı Bölge)
MALTEPE|BAĞLARBAŞI,MALTEPE,BAĞLARBAŞI,33780.0,2000979.6579310163,0.07263902284372249,547.0,542.8,273.5,270.0,48.653166666666664,12.6,6.0,1.4,16.19100986296587,59.22634027300093,32408.018254654537,0.500248513886956,3.7696111111111112,300.6416666666667,6.0,-0.0266903914590747,0.5726581396143768,0.7325073434922201,0.4194762925781241,2,3,6,Orta Risk (Sarı Bölge)
MALTEPE|BAŞIBÜYÜK,MALTEPE,BAŞIBÜYÜK,24150.0,1428672.7132206159,0.05190001674376228,499.40000000000003,499.0,91.2,91.2,30.5255,13.8,9.6,0.0,20.66624435589904,59.22634027300093,29539.968311251272,0.19090327891457767,2.2275370370370373,499.6142857142857,7.0,0.11224944320712694,0.5820317926408234,0.6429827757681325,0.3742364176174987,3,3,9,Kritik Risk (Kırmızı Bölge)
MALTEPE|BÜYÜKBAKKALKÖY,MALTEPE,BÜYÜKBAKKALKÖY,10645.4,630966.0824859781,0.022897706468249138,41.199999999999996,41.199999999999996,9.0,9.0,6.809166666666667,2.0,7.0,1.0,3.917083396869523,59.22634027300093,2432.5023340279763,0.22862903225806452,3.4045833333333335,448.81875,16.0,0.3290322580645161,0.44405122849471174,0.4839667125149825,0.21490601324282496,1,1,1,Düşük Risk (Yeşil Bölge)
MALTEPE|CEVİZLİ,MALTEPE,CEVİZLİ,40533.4,2400699.1978282193,0.08715587238683856,412.19999999999993,412.19999999999993,118.60000000000001,118.0,23.85666666666667,4.6,10.6,6.0,10.17156802854684,59.226340273000915,24358.392048954578,0.2950505186237433,5.238571428571428,387.88125,8.0,0.21592920353982298,0.5732414839232597,0.6964541390392512,0.3992364041473566,2,3,6,Orta Risk (Sarı Bölge)
MALTEPE|ESENKENT,MALTEPE,ESENKENT,18539.6,1098359.5453797476,0.03986931123729344,506.0,506.0,68.4,68.4,71.32483333333334,18.2,4.0,0.0,27.43181788831941,59.226340273000915,29854.184899843534,0.14101498434471438,3.852134920634921,354.75,4.0,0.43342776203966005,0.5952557665691277,0.6319026699268663,0.37614370818439524,3,2,6,Orta Risk (Sarı Bölge)
MALTEPE|FEYZULLAH,MALTEPE,FEYZULLAH,20260.2,1200039.7355419993,0.04356520961250506,149.2,148.0,83.0,81.8,25.541666666666664,5.6000000000000005,8.0,0.0,7.366676426088068,59.22634027300093,8828.947083512077,0.5477310459324848,5.11810606060606,282.95,4.0,0.07338129496402877,0.5071111391643076,0.6223119864902135,0.31558134038465535,1,2,2,Düşük Risk (Yeşil Bölge)
MALTEPE|FINDIKLI,MALTEPE,FINDIKLI,47840.0,2833657.161668117,0.10287010709380567,660.6,659.4,232.4,231.0,102.80908333333335,6.4,2.0,0.0,13.811935562606784,59.22634027300093,39104.29375375003,0.3539765522664824,23.411270833333337,680.6833333333334,3.0,0.04360189573459709,0.65158621263077,0.7130037145549883,0.46458338995855547,3,3,9,Kritik Risk (Kırmızı Bölge)
MALTEPE|GÜLENSU,MALTEPE,GÜLENSU,14135.4,837387.9989307402,0.030397283167353302,559.8,559.4000000000001,59.8,59.8,23.080000000000005,8.0,2.0,0.0,39.642988327421044,59.22634027300093,33128.89779407648,0.1074239973862615,2.7916161616161617,440.1125,4.0,0.06628571428571424,0.6017149547019813,0.5597352046067308,0.33680104328504323,3,2,6,Orta Risk (Sarı Bölge)
MALTEPE|GÜLSUYU,MALTEPE,GÜLSUYU,6923.8,416179.50786821765,0.01498919836049816,405.79999999999995,405.4,44.0,44.0,30.99116666666667,9.2,2.0,0.0,183.60416874830892,59.22634027300092,24010.283417098944,0.1092837731217673,3.2685972222222226,571.3625,4.0,0.08502673796791439,0.625252225531212,0.5206828751469902,0.3255581264816458,3,1,3,Düşük Risk (Yeşil Bölge)
MALTEPE|GİRNE,MALTEPE,GİRNE,19269.2,1141189.490576933,0.041431748747654776,149.2,149.2,68.0,68.0,26.236166666666662,7.2,6.0,0.0,7.736921328189361,59.22634027300092,8802.042782736797,0.43592233009708736,3.3811722222222222,461.45000000000005,5.0,0.44854368932038835,0.5192586787026061,0.6054865800598487,0.3144041615340368,1,2,2,Düşük Risk (Yeşil Bölge)
MALTEPE|KÜÇÜKYALI MERKEZ,MALTEPE,KÜÇÜKYALI MERKEZ,25718.2,1523469.7366820131,0.0553038808463718,326.6,326.6,53.6,53.6,9.600000000000001,3.6000000000000005,5.0,0.0,12.726584334669429,59.22634027300093,19291.307751663233,0.16790144062757528,2.2600000000000002,395.06666666666666,3.0,0.2708171206225681,0.54491270800415,0.5448964249959267,0.29692098652631066,2,2,4,Orta Risk (Sarı Bölge)
MALTEPE|YALI,MALTEPE,YALI,816.8,47863.54780521812,0.0017477564346475,128.60000000000002,128.60000000000002,46.6,46.6,31.274,6.4,6.0,1.0,459.8116169544741,59.22634027300093,7618.300979159605,0.3642363406864218,5.0305,368.52,5.0,-0.01832061068702286,0.5886303844057609,0.5121045364639149,0.3014402901546882,3,1,3,Düşük Risk (Yeşil Bölge)
MALTEPE|ZÜMRÜTEVLER,MALTEPE,ZÜMRÜTEVLER,84620.0,5012315.840418136,0.18195973385419173,807.45,803.65,142.4,141.8,72.357,22.4,8.6,1.0,9.550244077670444,59.22634027300093,47743.501272413676,0.17786330466478567,3.352520833333333,346.475,8.0,0.15021367521367515,0.5839747644507995,0.7431599131083116,0.43398663520670294,3,3,9,Kritik Risk (Kırmızı Bölge)
MALTEPE|ÇINAR,MALTEPE,ÇINAR,20503.6,1214516.4098462053,0.04408958331445478,449.8,449.8,70.8,70.8,41.43983333333334,11.2,0.0,0.0,21.99269216532229,59.22634027300093,26524.319361462123,0.18116774450608392,3.6753679487179487,307.26666666666665,3.0,0.5247457627118643,0.5790989261776938,0.5754519131010976,0.3332435849437451,3,2,6,Orta Risk (Sarı Bölge)
MALTEPE|İDEALTEPE,MALTEPE,İDEALTEPE,15704.199999999999,920232.0017708376,0.03360295848709264,299.0,296.20000000000005,117.2,117.2,44.09516666666667,13.0,5.0,0.0,50.90108619960012,59.22634027300092,17686.25549098121,0.3930358578736991,3.426833333333333,236.2,5.0,0.11152416356877318,0.5523611362799727,0.6389333369373223,0.35292194399785404,2,3,6,Orta Risk (Sarı Bölge)
PENDİK|AHMET YESEVİ,PENDİK,AHMET YESEVİ,30406.4,1604767.4049016866,0.04166585241190028,532.4,532.4,113.8,113.8,12.437999999999999,4.800000000000001,4.0,0.0,17.51850596523004,52.778068216488826,28110.731865525835,0.22476817702845103,2.6195,429.17499999999995,4.0,0.1701098901098901,0.5775871865881098,0.6034363176467861,0.3485370849946961,3,2,6,Orta Risk (Sarı Bölge)
PENDİK|BAHÇELİEVLER,PENDİK,BAHÇELİEVLER,12650.8,667669.2009304005,0.01733518976541484,234.6,234.6,22.200000000000003,22.200000000000003,9.453333333333333,3.0,10.0,3.0,18.544073319045875,52.778068216488826,12381.372374221855,0.09458358233280811,3.1511111111111116,389.34285714285716,7.0,-0.010126582278480959,0.5395000616645704,0.5393328236938914,0.2909700916405813,2,2,4,Orta Risk (Sarı Bölge)
PENDİK|BALLICA,PENDİK,BALLICA,5926.0,312822.63309637277,0.00812247423253652,74.0,74.0,4.800000000000001,4.800000000000001,1.7841666666666665,0.6,0.0,0.0,12.317247383196953,52.77806821648883,3909.6543783924453,0.10212765957446808,1.7841666666666665,129.3,8.0,0.574468085106383,0.4296826539792389,0.29190035011309656,0.12542451713406436,1,1,1,Düşük Risk (Yeşil Bölge)
PENDİK|BATI,PENDİK,BATI,6255.6,329044.10384065483,0.00853614668671556,257.8,257.8,79.6,79.6,7.8285,2.5999999999999996,3.0,0.0,123.0172548192943,52.778068216488826,13606.004771527605,0.3091387106951309,3.341722222222222,185.28,5.0,-0.00463320463320462,0.5500806610630383,0.5111274512025039,0.2811613262449392,2,1,2,Düşük Risk (Yeşil Bölge)
PENDİK|DOĞU,PENDİK,DOĞU,15610.0,823791.7998759816,0.021388367526216583,306.20000000000005,306.20000000000005,123.80000000000001,123.80000000000001,23.983666666666664,7.800000000000001,7.0,0.0,19.633904024137223,52.77806821648882,16161.278739280122,0.4033176879058702,2.8484,353.6333333333333,6.0,0.013907284768211878,0.547533286361923,0.632155500246284,0.3461261785416133,2,2,4,Orta Risk (Sarı Bölge)
PENDİK|DUMLUPINAR,PENDİK,DUMLUPINAR,10980.0,577076.7244088376,0.014967657346926101,540.0,540.0,163.0,163.0,102.91575,11.8,1.0,1.0,1398.7041279847435,52.778068216488826,28518.731341933202,0.3116927679721175,9.140872377622378,452.9142857142857,7.0,0.29496402877697836,0.6803620538329005,0.6183805662338666,0.42072267209322545,3,2,6,Orta Risk (Sarı Bölge)
PENDİK|EMİRLİ,PENDİK,EMİRLİ,2426.0,128045.02993369824,0.00332458172455576,29.4,29.4,26.799999999999997,26.799999999999997,8.244499999999999,2.5999999999999996,0.0,0.0,12.049184527367432,52.77806821648882,1554.3028184713464,1.0308943089430893,3.040388888888889,53.733333333333334,3.0,1.45,0.38091287556066994,0.43838955703153276,0.16698822678464945,1,1,1,Düşük Risk (Yeşil Bölge)
PENDİK|ERTUĞRUL GAZİ,PENDİK,ERTUĞRUL GAZİ,12803.4,675722.3186741624,0.01754427481535182,489.4,489.4,48.400000000000006,48.400000000000006,17.6235,5.2,2.0,0.0,38.2799593378066,52.778068216488826,25848.07048283726,0.10968471585296599,3.543017857142857,343.1428571428571,7.0,0.3335149863760218,0.5934859636375087,0.5473609411940928,0.32485103564210993,3,2,6,Orta Risk (Sarı Bölge)
PENDİK|ESENLER,PENDİK,ESENLER,33642.6,1775528.5562849725,0.04609922546710314,330.20000000000005,330.20000000000005,122.4,122.4,45.165333333333336,10.8,6.0,9.6,9.815495678999252,52.77806821648883,17427.046303059793,0.37098179953857985,4.239866666666666,588.55,5.0,-0.0054216867469879205,0.5637262916431962,0.7093304815683263,0.39986824192399517,2,3,6,Orta Risk (Sarı Bölge)
PENDİK|ESENYALI,PENDİK,ESENYALI,14144.4,746493.1777853935,0.01938173263886226,428.4,428.4,124.80000000000001,124.80000000000001,16.680166666666665,7.0,6.6000000000000005,0.0,30.283736830578512,52.77806821648882,22608.221669770086,0.2859863945578231,2.4220333333333333,505.25,4.0,-0.02857142857142856,0.5795708098608235,0.5946961576632166,0.34466853371799044,3,2,6,Orta Risk (Sarı Bölge)
PENDİK|FATİH,PENDİK,FATİH,21328.800000000003,1125640.1279030321,0.029225658989171243,469.79999999999995,469.79999999999995,83.60000000000001,83.60000000000001,15.702166666666667,6.0,3.0,0.0,22.06193064042846,52.77806821648882,24804.469004291874,0.19363800314646404,2.6033194444444443,406.03999999999996,5.0,0.15147058823529408,0.5246841296833682,0.7221268336646717,0.37888848924235463,2,3,6,Orta Risk (Sarı Bölge)
PENDİK|FEVZİ ÇAKMAK,PENDİK,FEVZİ ÇAKMAK,38166.2,2014299.5272219484,0.05229880250362598,583.0,583.0,120.6,120.6,63.54816666666667,17.0,7.6,0.0,15.28736566246248,52.778068216488826,30784.563981577983,0.21608068356912735,3.7175726817042607,508.48,5.0,0.20454545454545453,0.5747165400941395,0.5743415779131793,0.3300836044904711,2,2,4,Orta Risk (Sarı Bölge)
PENDİK|GÖÇBEYLİ,PENDİK,GÖÇBEYLİ,1423.2,75118.91130417844,0.001950412096123,194.0,194.0,35.2,35.2,26.0065,7.2,6.0,2.0,136.33140054189857,52.778068216488826,10239.398270706864,0.1812479965808312,3.661923611111111,125.25,4.0,0.01570680628272246,0.5942244708834568,0.6915516266307842,0.41093689942327155,3,3,9,Kritik Risk (Kırmızı Bölge)
PENDİK|GÜLLÜ BAĞLAR,PENDİK,GÜLLÜ BAĞLAR,18503.0,976582.0435957147,0.025356056295278116,267.2,267.2,139.8,139.8,99.54241666666667,4.4,5.0,1.0,14.423225308709831,52.77806821648882,14109.729629457508,0.5352110091743119,45.268708333333336,481.11,5.0,0.22568807339449543,0.5426061705613406,0.5204689455390821,0.2824096614350603,2,1,2,Düşük Risk (Yeşil Bölge)
PENDİK|GÜZELYALI,PENDİK,GÜZELYALI,34025.0,1795741.1524230542,0.04662421638080732,573.0,573.0,98.2,98.2,11.723666666666665,5.199999999999999,2.5999999999999996,5.6,16.863724830594386,52.778068216488826,30269.46832723794,0.2038590665928795,2.2445,538.2583333333333,6.0,0.46923076923076923,0.6145958541503203,0.7009793675609042,0.4308190131478452,3,3,9,Kritik Risk (Kırmızı Bölge)
PENDİK|HARMANDERE,PENDİK,HARMANDERE,9447.0,498624.3108639,0.012946417463014361,147.6,147.6,28.6,28.6,12.254333333333335,3.2,5.0,2.0,15.578555872352542,52.778068216488826,7795.116879883688,0.23180598555211557,3.3451666666666666,177.39999999999998,3.0,0.2947368421052631,0.5880194303641297,0.6192686497288443,0.36414199865591884,3,2,6,Orta Risk (Sarı Bölge)
PENDİK|KAVAKPINAR,PENDİK,KAVAKPINAR,65040.0,3432631.192395469,0.0891241094917074,877.75,872.75,168.2,168.2,96.75575,7.6,8.0,6.0,13.4958163438668,52.778068216488826,46325.94937702306,0.19162631728852175,12.259111607142858,369.0285714285714,7.0,0.0,0.4940115349213389,0.5058584387335355,0.249899903771666,1,1,1,Düşük Risk (Yeşil Bölge)
PENDİK|KAYNARCA,PENDİK,KAYNARCA,57780.0,3049453.3564096,0.07917526465024133,457.4,457.4,208.4,208.4,26.24166666666667,6.800000000000001,8.0,2.0,7.914202898550725,52.778068216488826,24136.52046450811,0.4556165605993001,3.747689393939394,498.0,5.0,-0.056907216494845314,0.6218891567622484,0.7574345959637376,0.47104036218644313,3,3,9,Kritik Risk (Kırmızı Bölge)
PENDİK|KURNA,PENDİK,KURNA,1157.4,61083.886436298475,0.0015859660135369,42.8,42.8,16.8,16.8,6.696666666666666,3.2,0.0,4.0,37.03258669299153,52.778068216488826,2260.5322518146304,0.3765,1.9563333333333333,171.43076923076922,13.0,0.33749999999999997,0.5626969987745565,0.7132061831018718,0.40131897873888006,2,3,6,Orta Risk (Sarı Bölge)
PENDİK|KURTDOĞMUŞ,PENDİK,KURTDOĞMUŞ,5782.0,305386.59056150535,0.0079304531834843,44.4,44.4,6.0,6.0,2.44,0.8,0.0,0.0,7.372883102607261,52.778068216488826,2346.426878426709,0.1913793103448276,1.22,111.55555555555556,9.0,0.85,0.44669211450882723,0.4117817654483311,0.18393966752429297,1,1,1,Düşük Risk (Yeşil Bölge)
PENDİK|KURTKÖY,PENDİK,KURTKÖY,37852.0,1997763.1397545717,0.0518697504664589,614.5999999999999,614.5999999999999,188.0,188.0,38.784166666666664,11.2,10.0,3.0,16.23386559271811,52.77806821648883,32456.97191164094,0.29766725002573635,3.2651041666666667,328.4,5.0,0.2672164948453608,0.38492950236946766,0.3330562415081917,0.12820317330479347,1,1,1,Düşük Risk (Yeşil Bölge)
PENDİK|ORHANGAZİ,PENDİK,ORHANGAZİ,28346.199999999997,1496006.6653449112,0.03884182581302184,591.2,591.2,110.8,110.8,20.142000000000003,7.199999999999999,6.0,0.0,20.89891626217482,52.778068216488826,31224.320906256857,0.19732505996454272,2.801074074074074,488.03000000000003,5.0,0.3255605381165919,0.5790467608371839,0.7133353502794261,0.4130545239699596,3,3,9,Kritik Risk (Kırmızı Bölge)
PENDİK|ORTA,PENDİK,ORTA,3549.6000000000004,187310.3150524443,0.00486310811338876,462.79999999999995,462.79999999999995,55.0,55.0,97.56241666666668,10.6,4.0,0.0,128.48987359614358,52.77806821648882,24394.70225976176,0.16242974174350683,8.960462121212121,370.05,4.0,-0.3071856287425149,0.5946243257256992,0.6299755771258294,0.37459880277210456,3,2,6,Orta Risk (Sarı Bölge)
PENDİK|RAMAZANOĞLU,PENDİK,RAMAZANOĞLU,1183.8000000000002,62266.474760638135,0.0016153244339996201,242.59999999999997,242.59999999999997,33.0,33.0,21.631666666666668,4.6,3.0,13.0,737.5423584364245,52.77806821648883,12815.375874362553,0.1342584455662054,3.307666666666667,370.11,5.0,0.4526946107784431,0.6239097245370969,0.5634196244473233,0.3515229826877241,3,2,6,Orta Risk (Sarı Bölge)
PENDİK|SANAYİ,PENDİK,SANAYİ,3048.6000000000004,160888.88952784476,0.00417723536112652,91.2,91.2,21.0,21.0,22.823500000000003,5.0,4.0,12.0,29.88734076318292,52.778068216488826,4812.181925902903,0.2368569415081043,3.2538030303030303,378.3464285714286,14.0,-0.07878787878787878,0.6178407064767344,0.46147372301282846,0.2851172510466948,3,1,3,Düşük Risk (Yeşil Bölge)
PENDİK|SAPAN BAĞLARI,PENDİK,SAPAN BAĞLARI,12281.8,648207.231823049,0.01682996527009566,131.0,131.0,12.6,12.6,5.736666666666667,1.8000000000000003,2.0,0.0,10.667274857566584,52.778068216488826,6916.192119900188,0.09853264856933233,2.652222222222222,178.29999999999995,6.0,0.1293103448275862,0.5057204551923259,0.5095814468614427,0.2577057612643328,1,1,1,Düşük Risk (Yeşil Bölge)
PENDİK|SÜLÜNTEPE,PENDİK,SÜLÜNTEPE,25464.8,1343974.162607109,0.03489474041921212,579.0,579.0,75.8,75.8,27.488333333333333,9.6,3.6,0.0,22.74380504177317,52.778068216488826,30574.81081883612,0.12535931981175455,2.734027777777778,381.12,5.0,0.22929936305732485,0.4719685103828664,0.4357352667083452,0.2056533247496187,1,1,1,Düşük Risk (Yeşil Bölge)
PENDİK|VELİBABA,PENDİK,VELİBABA,26535.0,1403837.9923423997,0.03647063258799238,727.0,727.0,212.4,212.4,125.52908333333335,23.2,6.0,6.4,67.62242794070185,52.77806821648882,38390.94831866479,0.309117741204641,6.088688620071685,419.1333333333333,9.0,0.24061433447098973,0.48703862202017406,0.48376286994644846,0.23561120156324294,1,1,1,Düşük Risk (Yeşil Bölge)
PENDİK|YAYALAR,PENDİK,YAYALAR,13315.400000000001,702751.9381883332,0.01824611516780176,228.0,228.0,62.2,62.2,107.56241666666668,8.0,2.0,1.0,17.125996810207337,52.77806821648883,12035.211700191574,0.2764281230382925,23.314413690476194,448.6,6.0,0.055555555555555504,0.5841764123033655,0.6011783895446396,0.3511942347585027,3,2,6,Orta Risk (Sarı Bölge)
PENDİK|SEYMEN,PENDİK,SEYMEN,16162.0,852993.7020743961,0.022146999442211122,169.2,169.2,24.0,23.6,7.056666666666667,2.4000000000000004,2.0,0.0,10.46887070188901,52.778068216488826,8929.777320205092,0.14185463659147862,2.7572222222222225,211.07999999999998,5.0,-0.010526315789473679,0.6334292323819117,0.7559843698884762,0.4788625991111807,3,3,9,Kritik Risk (Kırmızı Bölge)
PENDİK|ESENŞEHİR,PENDİK,ESENŞEHİR,65700.4,3467505.6716534505,0.09002971336138063,398.20000000000005,398.20000000000005,152.4,152.4,26.495666666666665,7.6,23.0,0.0,6.064322559659027,52.778068216488826,21030.905153146028,0.3947188278093898,3.4479444444444445,204.77777777777783,9.0,0.3229235880398671,0.590607607301005,0.6398140914987206,0.37787906969752566,3,3,9,Kritik Risk (Kırmızı Bölge)
PENDİK|YEŞİLBAĞLAR,PENDİK,YEŞİLBAĞLAR,6728.799999999999,355147.8344117918,0.00922111344104392,125.8,125.8,27.200000000000003,27.200000000000003,6.510666666666667,2.2,1.0,2.0,18.687113235675447,52.77806821648883,6640.658877075173,0.21738905421141158,2.6856666666666666,315.34285714285716,7.0,0.06610169491525422,0.5024746023592395,0.4708630242322235,0.23659671086675543,1,1,1,Düşük Risk (Yeşil Bölge)
PENDİK|ÇAMLIK,PENDİK,ÇAMLIK,20249.8,1068776.4040884264,0.0277497908948988,187.2,186.6,78.8,78.8,19.53633333333333,6.2,12.0,1.0,9.217575848266007,52.77806821648883,9892.467575926736,0.42051160960251865,3.2147666666666668,465.9599999999999,5.0,0.7828571428571428,0.5314746700353474,0.6345845493074633,0.33726561395271376,2,2,4,Orta Risk (Sarı Bölge)
PENDİK|ÇAMÇEŞME,PENDİK,ÇAMÇEŞME,32109.4,1694631.69271617,0.043998971775924586,487.79999999999995,487.20000000000005,192.8,192.8,38.925,10.2,6.0,4.0,15.19851967691086,52.778068216488826,25750.3969018164,0.3958407312848027,3.6655128205128205,564.27,5.0,0.07682119205298012,0.5871046499734623,0.7096068636160959,0.4166134892820944,3,3,9,Kritik Risk (Kırmızı Bölge)
PENDİK|ÇINARDERE,PENDİK,ÇINARDERE,20451.0,1079395.9856649751,0.02802552058801932,399.4,399.4,195.2,195.2,125.82241666666668,23.4,8.0,1.0,19.50297036393072,52.77806821648883,21092.154866148878,0.4843093615245514,6.3093637849079025,468.70000000000005,6.0,0.2639240506329114,0.5932476420284698,0.7460731567266407,0.44260614100881657,3,3,9,Kritik Risk (Kırmızı Bölge)
PENDİK|ŞEYHLİ,PENDİK,ŞEYHLİ,19292.0,1018195.8511426265,0.02643633318084966,386.4,386.4,101.2,101.2,38.12016666666667,11.4,5.0,0.0,20.027589025094567,52.778068216488826,20406.94605275058,0.282698434267941,2.9867433862433863,351.08,5.0,0.301010101010101,0.5636807616109686,0.630527151345553,0.3554160248868558,2,2,4,Orta Risk (Sarı Bölge)
SANCAKTEPE|ABDURRAHMANGAZİ,SANCAKTEPE,ABDURRAHMANGAZİ,46003.4,2421686.9786103093,0.10760427845715774,341.0,339.8,195.8,195.8,27.796666666666667,7.800000000000001,12.0,16.0,7.410184605004559,52.611967070708275,17988.094484837537,0.581722344521527,3.638042328042328,274.8,7.0,0.05572755417956652,0.5292743356045495,0.7522730745662999,0.3981588317342701,2,3,6,Orta Risk (Sarı Bölge)
SANCAKTEPE|AKPINAR,SANCAKTEPE,AKPINAR,24198.2,1273600.1019075424,0.0565937432994149,215.6,215.6,37.4,37.4,10.5235,2.8,0.0,1.0,8.909341759842015,52.61196707070828,11352.62284318991,0.17337718539034097,2.885875,307.95,4.0,0.01698113207547168,0.5061533689109704,0.4953617322353901,0.25072900960051675,1,1,1,Düşük Risk (Yeşil Bölge)
SANCAKTEPE|ATATÜRK,SANCAKTEPE,ATATÜRK,31764.8,1671181.7438365226,0.07426969192612931,317.20000000000005,317.20000000000005,73.6,73.6,10.531166666666666,2.8,4.0,1.0,9.986167916505076,52.611967070708275,16794.406582150103,0.22857862480060448,3.0427916666666666,220.175,8.0,0.1451263537906137,0.5193027542755053,0.5849630628915645,0.3037729297090251,1,2,2,Düşük Risk (Yeşil Bölge)
SANCAKTEPE|EMEK,SANCAKTEPE,EMEK,21920.0,1152780.1810526652,0.05123736623542774,195.4,195.4,133.6,133.6,5.345166666666666,1.4,2.0,7.0,8.929428369795342,52.611967070708275,10436.843620912252,0.7481727158948686,3.5385,251.5,4.0,0.4367647058823529,0.5101079054477616,0.6036587810409446,0.3079311164019452,1,2,2,Düşük Risk (Yeşil Bölge)
SANCAKTEPE|EYÜP SULTAN,SANCAKTEPE,EYÜP SULTAN,23475.6,1235604.8209019876,0.05490488732603138,285.2,285.2,136.0,136.0,33.22683333333333,8.2,6.0,15.0,12.141340580690354,52.611967070708275,15095.019064645432,0.47547472447870853,4.001923280423281,289.8,11.0,0.13625498007968123,0.5383972052136357,0.7135194054652162,0.38415685376816733,2,3,6,Orta Risk (Sarı Bölge)
SANCAKTEPE|FATİH,SANCAKTEPE,FATİH,24029.2,1317733.015989522,0.0578362195173925,262.8,262.8,207.39999999999998,207.39999999999998,6.079999999999999,1.6,6.0,10.0,28.53420383066397,52.611967070708275,13933.896030627775,0.7840385212799006,3.2099999999999995,184.23333333333335,6.0,0.18378378378378377,0.5177007003963108,0.6407855339298878,0.3317351197193269,1,3,3,Düşük Risk (Yeşil Bölge)
SANCAKTEPE|HİLAL,SANCAKTEPE,HİLAL,5878.0,309363.7744403173,0.01374699858093326,116.2,116.2,14.0,14.0,5.916666666666667,2.6,1.0,4.0,19.756143019250413,52.61196707070828,6156.182915969717,0.11703937007874014,2.215333333333333,199.16,5.0,0.162,0.48168536854624683,0.4308264787063783,0.2075228111751636,1,1,1,Düşük Risk (Yeşil Bölge)
SANCAKTEPE|KEMAL TÜRKLER,SANCAKTEPE,KEMAL TÜRKLER,22266.6,1171846.8092867022,0.052073440041411595,197.39999999999998,196.8,45.8,45.8,9.642333333333333,3.6,2.0,2.0,8.861788430072787,52.611967070708275,10439.337841980632,0.2341767745735936,2.5883611111111113,247.5,8.0,0.1152542372881356,0.4970079276595709,0.5591395189803776,0.2778967736010068,1,2,2,Düşük Risk (Yeşil Bölge)
SANCAKTEPE|MECLİS,SANCAKTEPE,MECLİS,27297.8,1436148.282360427,0.06382473633510294,216.39999999999998,216.39999999999998,134.2,134.2,5.586666666666666,1.2000000000000002,7.0,4.0,7.928371772617734,52.61196707070828,11565.401786260136,0.69684340829379,1.862222222222222,197.3777777777778,9.0,0.46216216216216216,0.4758825936838769,0.610309884675707,0.29043585087038326,1,2,2,Düşük Risk (Yeşil Bölge)
SANCAKTEPE|MERVE,SANCAKTEPE,MERVE,21081.199999999997,1109482.1639782088,0.04930185873245638,223.2,223.2,143.8,143.8,16.592666666666666,5.6,2.0,37.0,10.576010862525024,52.611967070708275,11896.295391229542,0.6843812167476291,2.7956666666666665,276.75,8.0,0.3527272727272727,0.5163776924933591,0.6764492426988903,0.3493032990337332,1,3,3,Düşük Risk (Yeşil Bölge)
SANCAKTEPE|MEVLANA,SANCAKTEPE,MEVLANA,21466.4,1130146.5688891443,0.0502148103911569,272.6,270.79999999999995,130.6,130.6,23.776,7.0,1.0,0.0,12.690164415255982,52.61196707070828,14406.820965567298,0.4775309744391114,3.5292000000000003,174.40000000000003,6.0,0.09919354838709672,0.515024888624696,0.6198571589437225,0.31924186424821116,1,2,2,Düşük Risk (Yeşil Bölge)
SANCAKTEPE|OSMANGAZİ,SANCAKTEPE,OSMANGAZİ,20600.4,1004455.4292089421,0.045715245045549004,474.4,473.6,259.4,258.0,19.819000000000003,6.2,8.6,5.0,533.692782557704,52.611967070708275,24870.611579388773,0.5472127377883074,3.3003,226.92499999999998,8.0,-0.06614173228346454,0.6004942781745181,0.6612222337128566,0.3970601679463443,3,3,9,Kritik Risk (Kırmızı Bölge)
SANCAKTEPE|PAŞAKÖY,SANCAKTEPE,PAŞAKÖY,1733.8,91326.09959163965,0.00405718479090484,68.0,68.0,71.6,71.6,18.422,4.0,0.0,19.2,39.23480892863792,52.611967070708275,3577.6137608081626,1.0529411764705883,4.6055,165.4,6.0,0.0,0.4833441999697871,0.5588498583286207,0.270116837677076,1,2,2,Düşük Risk (Yeşil Bölge)
SANCAKTEPE|SAFA,SANCAKTEPE,SAFA,24363.800000000003,1282132.471542293,0.05697537464164594,176.0,176.0,193.8,193.8,23.06533333333333,6.4,2.0,6.0,7.22198709566224,52.61196707070828,9299.217632549671,1.1000400721298336,3.6254920634920635,243.15,4.0,0.09316770186335399,0.49604085054841374,0.6891100801809174,0.34182675029442783,1,3,3,Düşük Risk (Yeşil Bölge)
SANCAKTEPE|SARIGAZİ,SANCAKTEPE,SARIGAZİ,23658.8,1244472.0701927317,0.05530941446153109,201.60000000000002,201.60000000000002,72.6,72.6,3.6033333333333335,1.4,6.4,1.0,8.52238806800931,52.61196707070828,10631.859875441998,0.3644230769230769,2.3466666666666667,246.20000000000005,7.0,0.04999999999999998,0.4930185893077743,0.5626415626949033,0.27739274952576287,1,2,2,Düşük Risk (Yeşil Bölge)
SANCAKTEPE|VEYSEL KARANİ,SANCAKTEPE,VEYSEL KARANİ,12075.000000000002,597895.8868202169,0.02707815274787832,209.4,209.4,172.5,170.4,7.543333333333333,1.4,4.0,0.0,57.43376191425259,52.61196707070827,11133.899731797153,0.7375199695701787,6.166666666666667,255.7,8.0,0.2690909090909091,0.4956974104085295,0.6109096655986871,0.3028263392308099,1,2,2,Düşük Risk (Yeşil Bölge)
SANCAKTEPE|SEYİTNİZAM,SANCAKTEPE,SEYİTNİZAM,24585.199999999997,1293439.3823129204,0.05748249538657413,224.60000000000002,224.60000000000002,160.60000000000002,160.60000000000002,9.05,3.6000000000000005,1.0,1.0,9.135679859636062,52.61196707070828,11834.032832447287,0.7132967429189536,2.2916666666666665,225.825,8.0,0.030275229357798118,0.555715615613544,0.5662463186916665,0.3146719215806425,2,2,4,Orta Risk (Sarı Bölge)
SANCAKTEPE|YUNUS EMRE,SANCAKTEPE,YUNUS EMRE,27756.2,1460611.7281758394,0.06490722900237726,252.2,252.2,226.39999999999998,226.39999999999998,24.338666666666665,7.4,3.0,2.0,9.082948618929908,52.611967070708275,13358.82415131206,0.8924904086738948,3.309095238095238,187.5,6.0,0.15688073394495408,0.5064619554112502,0.6968398129940705,0.35292285429738685,1,3,3,Düşük Risk (Yeşil Bölge)
SANCAKTEPE|İNÖNÜ,SANCAKTEPE,İNÖNÜ,24328.0,1279446.0909020675,0.056866873080923745,170.8,170.8,54.6,54.6,5.541166666666666,2.1999999999999997,2.5999999999999996,0.0,7.032847761467021,52.611967070708275,9133.106488227626,0.33248327759197327,2.2115,200.86666666666667,6.0,0.4852173913043478,0.47927990617165145,0.5326887693436683,0.25530702338972583,1,2,2,Düşük Risk (Yeşil Bölge)
SARIYER|AYAZAĞA,SARIYER,AYAZAĞA,36860.0,2888940.07110667,0.1146283536978219,877.75,872.75,227.7,225.6,79.86033333333333,23.799999999999997,13.200000000000001,2.0,23.814595871949194,78.41383261715416,68827.74157970707,0.2594132725719168,3.37739420289855,229.43333333333334,6.0,0.0,0.5977201860339942,0.7584323511197341,0.45333032600548706,3,3,9,Kritik Risk (Kırmızı Bölge)
SARIYER|BAHÇEKÖY KEMER,SARIYER,BAHÇEKÖY KEMER,2287.2,179599.0018110489,0.00712391510695602,65.0,65.0,9.0,9.0,4.634166666666667,2.6,0.0,0.0,28.237658699843575,78.41383261715417,5189.819064223858,0.15065351983490022,1.8981666666666668,303.0916666666667,6.0,-0.2696629213483146,0.47225737871733076,0.35083451863276555,0.1656841901330664,1,1,1,Düşük Risk (Yeşil Bölge)
SARIYER|BAHÇEKÖY MERKEZ,SARIYER,BAHÇEKÖY MERKEZ,3652.4,286726.22505387757,0.01137368048947848,49.8,48.6,33.6,33.6,14.680833333333334,4.2,2.0,0.0,13.647266028349518,78.41383261715417,3898.039868526115,0.6720588235294118,2.7104629629629633,244.20000000000002,8.0,0.0375,0.45587517233625424,0.4884977739767908,0.22269400689754607,1,1,1,Düşük Risk (Yeşil Bölge)
SARIYER|BAHÇEKÖY YENİ,SARIYER,BAHÇEKÖY YENİ,3183.7999999999997,239274.80252953837,0.00956322422438648,50.0,50.0,31.599999999999998,31.599999999999998,14.064166666666669,4.6,1.0,0.0,43.65214866504054,78.41383261715417,3909.076637844104,0.6158756137479542,3.2480555555555553,288.0666666666667,6.0,0.06382978723404252,0.4821503130668959,0.4675712053047555,0.2254396030187537,1,1,1,Düşük Risk (Yeşil Bölge)
SARIYER|BALTALİMANI,SARIYER,BALTALİMANI,5091.0,399437.12171420397,0.015846137556816083,269.2,269.2,225.7,223.6,111.49575000000002,6.0,0.0,0.0,52.884349774025,78.41383261715417,21104.35774333246,0.8376285240464346,24.546159722222225,495.68333333333334,3.0,0.00447761194029846,0.644568633810864,0.6470345184599091,0.4170581555921739,3,3,9,Kritik Risk (Kırmızı Bölge)
SARIYER|BÜYÜKDERE,SARIYER,BÜYÜKDERE,8454.0,663421.6006380199,0.02631786611376312,401.0,401.0,105.2,105.2,123.62241666666668,15.2,0.0,0.0,47.38203321943739,78.41383261715416,31629.786767696492,0.2655874843826389,9.098979166666668,304.6,4.0,-0.10690423162583514,0.6124786981321281,0.6198700291377665,0.37965718845742347,3,2,6,Orta Risk (Sarı Bölge)
SARIYER|CUMHURİYET,SARIYER,CUMHURİYET,5055.8,419563.13704008673,0.0164903433499422,402.79999999999995,401.6,90.8,90.8,45.95,10.600000000000001,0.0,0.0,237.01212035574414,78.41383261715417,31612.96776142235,0.22675818114965068,4.001428571428572,324.15,4.0,-0.01756097560975608,0.6225728298507873,0.5318975547333606,0.3311449658410624,3,2,6,Orta Risk (Sarı Bölge)
SARIYER|DARÜŞŞAFAKA,SARIYER,DARÜŞŞAFAKA,8623.0,676557.388420183,0.02683981274200434,130.2,128.4,30.4,30.4,35.97016666666667,6.800000000000001,0.0,0.0,15.101649699651169,78.41383261715417,10204.835009548031,0.23324457068465587,5.577390151515152,413.24,5.0,0.00930232558139532,0.5387991742925151,0.5169483648174755,0.27853135211552166,2,1,2,Düşük Risk (Yeşil Bölge)
SARIYER|DEMİRCİKÖY,SARIYER,DEMİRCİKÖY,1676.2,131397.77525662756,0.00521348478208216,39.0,38.4,18.0,18.0,16.593333333333334,2.4000000000000004,0.0,0.0,23.260213176179562,78.41383261715416,3046.524479055408,0.467479674796748,2.7655555555555558,336.75,4.0,0.08333333333333333,0.45375582589439545,0.3746946101329108,0.17001986227903745,1,1,1,Düşük Risk (Yeşil Bölge)
SARIYER|EMİRGAN,SARIYER,EMİRGAN,5198.2,390694.70888547704,0.0156148936677638,368.20000000000005,368.20000000000005,75.19999999999999,75.19999999999999,109.80908333333335,9.399999999999999,0.0,0.0,210.8749841426683,78.41383261715418,28925.40213749875,0.20370138109058028,11.95352777777778,519.4125,4.0,-0.03612565445026176,0.6584764117973575,0.5688916273659708,0.3746017174895038,3,2,6,Orta Risk (Sarı Bölge)
SARIYER|FATİH SULTAN MEHMET,SARIYER,FATİH SULTAN MEHMET,15714.8,1232297.1877883007,0.04889123540102254,799.45,796.45,228.59999999999997,226.8,101.06241666666668,9.4,1.0,0.0,50.87567361096772,78.41383261715417,62233.21150930128,0.2816281631838269,9.890176406926408,306.62857142857143,7.0,0.1722140762463343,0.6541246374163033,0.6793260582617444,0.4443639115479101,3,3,9,Kritik Risk (Kırmızı Bölge)
SARIYER|FERAHEVLER,SARIYER,FERAHEVLER,15376.2,1206538.4065876598,0.04786391292034612,561.0,561.0,114.4,114.4,105.09575000000001,9.2,2.0,0.0,36.4951091758559,78.41383261715417,43955.31511918268,0.20425580860363463,12.538332386363637,513.8499999999999,4.0,0.01630434782608692,0.6499518728238032,0.6512736825812195,0.42329654971451874,3,3,9,Kritik Risk (Kırmızı Bölge)
SARIYER|GARİPÇE,SARIYER,GARİPÇE,3844.0,301678.30242663994,0.011967391004663201,53.4,53.4,18.6,18.6,98.62241666666668,5.0,0.0,0.0,13.883833624983174,78.41383261715417,4201.236653372358,0.34489164086687296,19.724483333333332,175.6,2.0,-0.06315789473684208,0.4976020364601642,0.49791765627448287,0.24776483975165473,1,1,1,Düşük Risk (Yeşil Bölge)
SARIYER|GÜMÜŞDERE,SARIYER,GÜMÜŞDERE,1751.0,131948.10913336521,0.00527115250919542,104.4,104.4,9.600000000000001,9.600000000000001,20.37316666666667,3.4000000000000004,2.0,2.0,143.09886302639927,78.41383261715417,8211.957109860827,0.09124324324324325,3.9160238095238094,164.25,4.0,-0.059459459459459456,0.5209146528234293,0.3932451199329365,0.20484714512437344,2,1,2,Düşük Risk (Yeşil Bölge)
SARIYER|HUZUR,SARIYER,HUZUR,8285.6,650179.5432476477,0.025792736878723202,175.8,175.8,23.799999999999997,23.799999999999997,29.00333333333333,8.6,2.0,0.0,21.197893302146362,78.41383261715417,13859.487729382774,0.13594462796916784,3.335555555555555,372.66875000000005,8.0,-0.09846153846153846,0.5380738772422626,0.5278182673148155,0.2840052215733758,2,2,4,Orta Risk (Sarı Bölge)
SARIYER|KAZIM KARABEKİR PAŞA,SARIYER,KAZIM KARABEKİR PAŞA,7903.4,619889.2026141959,0.02459312615962828,386.4,386.4,87.2,87.2,45.370999999999995,10.6,0.0,0.0,48.90357316254088,78.41383261715417,30185.277991735045,0.22397372742200325,4.096037037037037,224.12,5.0,0.08235294117647057,0.5842587099488072,0.5685443332255131,0.33217697867904306,3,2,6,Orta Risk (Sarı Bölge)
SARIYER|KISIRKAYA,SARIYER,KISIRKAYA,3614.0,283062.37127401424,0.011232717602436621,83.6,83.6,22.799999999999997,22.799999999999997,21.852666666666664,3.0000000000000004,0.0,0.0,22.982454786145997,78.41383261715417,6413.693492028113,0.22553191489361699,7.402666666666667,155.2,4.0,0.7787234042553192,0.512425045756788,0.4284086008895774,0.21952729691344325,1,1,1,Düşük Risk (Yeşil Bölge)
SARIYER|KOCATAŞ,SARIYER,KOCATAŞ,4476.6,351013.4251023361,0.01392658314667254,292.4,292.4,59.2,59.2,24.403666666666666,6.0,1.0,0.0,65.31177838782341,78.41383261715417,22744.687767640928,0.20699924414210125,4.067277777777778,405.8666666666667,6.0,0.19346938775510203,0.601091669385977,0.5326090729974993,0.32014687681818454,3,2,6,Orta Risk (Sarı Bölge)
SARIYER|KUMKÖY (KİLYOS),SARIYER,KUMKÖY (KİLYOS),2538.2,190697.3939609008,0.007622113520788119,249.0,249.0,21.6,21.6,28.448500000000003,5.0,3.0,0.0,323.7026091923593,78.41383261715417,19641.194251807436,0.08962764708644406,5.214777777777778,139.33333333333334,3.0,-0.10752688172043005,0.578045799220988,0.45988051193541846,0.26583199806786606,3,1,3,Düşük Risk (Yeşil Bölge)
SARIYER|KİREÇBURNU,SARIYER,KİREÇBURNU,6714.0,527144.141786362,0.02090994939478664,184.4,183.2,77.8,77.8,131.70908333333335,9.4,0.0,0.0,27.40674944964493,78.41383261715416,14566.36867032839,0.4352125483064333,20.267983333333333,393.5,2.0,-0.13018867924528302,0.5962707874729994,0.6005400602245248,0.3580844946191599,3,2,6,Orta Risk (Sarı Bölge)
SARIYER|MADEN,SARIYER,MADEN,15220.0,1194155.4320139028,0.04737352565016758,500.6,499.4,222.1,220.0,127.84908333333334,21.4,0.0,0.0,32.937645136320626,78.41383261715417,38926.42180516373,0.4340370805137412,6.0007932900432905,414.2,4.0,0.20336538461538461,0.6215907665505047,0.6750195337721301,0.41958590943398266,3,3,9,Kritik Risk (Kırmızı Bölge)
SARIYER|MASLAK,SARIYER,MASLAK,7731.799999999999,581091.7971800097,0.023224685339017316,290.8,290.8,23.4,23.4,14.123333333333333,2.2,2.1999999999999997,1.0,120.23864410958359,78.41383261715416,22946.76843843713,0.08114799193104708,4.783333333333333,371.41875000000005,8.0,-0.11341463414634144,0.5914639632581993,0.4722265594930779,0.27930499243355966,3,1,3,Düşük Risk (Yeşil Bölge)
SARIYER|PINAR,SARIYER,PINAR,6965.599999999999,523559.448095931,0.0209249037131298,495.6,495.6,199.6,199.6,103.18908333333334,13.0,2.0,0.0,184.27453031265065,78.41383261715416,38615.657593173186,0.4051184083711964,7.385352240896358,251.1,4.0,0.14722222222222217,0.6378076879604752,0.6484841780450682,0.41360819427787404,3,3,9,Kritik Risk (Kırmızı Bölge)
SARIYER|POLİGON,SARIYER,POLİGON,6387.8,501303.050744539,0.01988647151910814,160.8,160.8,103.4,103.4,18.463333333333335,4.6,1.0,0.0,25.103041986760566,78.41383261715417,12776.200184234296,0.6688948306595366,3.1153333333333335,408.7,4.0,-0.2117647058823529,0.5343372455944404,0.5394044480661537,0.28822388704105795,2,2,4,Orta Risk (Sarı Bölge)
SARIYER|PTT EVLERİ,SARIYER,PTT EVLERİ,5206.4,408337.4060876494,0.01620025946574328,195.39999999999998,195.0,37.0,37.0,42.08416666666666,10.0,1.0,2.1999999999999997,37.54039231682431,78.41383261715416,15254.695933913017,0.19133691581175702,4.2084166666666665,315.21666666666664,9.0,0.09775280898876401,0.561008903452988,0.5584830626695549,0.3133139705853134,2,2,4,Orta Risk (Sarı Bölge)
SARIYER|REŞİTPAŞA,SARIYER,REŞİTPAŞA,11301.199999999999,849195.2364134738,0.03394117909616683,422.6,422.6,122.6,122.6,35.341166666666666,7.0,4.2,0.0,103.9755735814859,78.41383261715417,33007.597742256985,0.3013858640709396,5.1849,377.30625,8.0,0.08637532133676089,0.6191956608725193,0.6153005392463439,0.3809914240338574,3,2,6,Orta Risk (Sarı Bölge)
SARIYER|RUMELİFENERİ,SARIYER,RUMELİFENERİ,4444.4,348086.6209337929,0.01381317134280072,84.0,84.0,36.4,36.4,98.62241666666668,5.0,1.0,0.0,18.830840076111926,78.41383261715416,6505.456988745718,0.39410430839002264,19.724483333333332,274.75,4.0,0.3333333333333333,0.5477567252035341,0.5468776728241789,0.299555923153102,2,2,4,Orta Risk (Sarı Bölge)
SARIYER|RUMELİHİSARI,SARIYER,RUMELİHİSARI,9815.6,770675.3818375057,0.03056989629604008,319.4,319.4,60.6,60.6,30.71816666666667,6.800000000000001,4.0,0.0,32.32590187854296,78.41383261715417,25547.145836106763,0.22292170488543922,4.072420454545455,365.01250000000005,4.0,-0.28864142538975496,0.5696238052452551,0.5712464843877371,0.32539559616991703,2,2,4,Orta Risk (Sarı Bölge)
SARIYER|RUMELİKAVAĞI,SARIYER,RUMELİKAVAĞI,3658.2000000000003,286848.83648286795,0.01138078468275916,267.2,266.6,65.4,65.4,109.94241666666667,14.2,0.0,0.0,73.04221676720876,78.41383261715417,21005.60504316618,0.24473226847637172,7.389828431372549,347.04,5.0,-0.04911032028469746,0.6070527206087697,0.5711986185825939,0.3467476754185346,3,2,6,Orta Risk (Sarı Bölge)
SARIYER|SARIYER MERKEZ,SARIYER,SARIYER MERKEZ,11814.4,926879.306791253,0.03677087184210588,357.8,357.8,219.4,219.4,119.36241666666668,22.4,2.0,0.0,30.298539850929657,78.41383261715416,27979.81035652797,0.6142171326496435,5.23865625,365.29999999999995,4.0,0.058579881656804694,0.5937117657188938,0.6979243997268179,0.4143659277001081,3,3,9,Kritik Risk (Kırmızı Bölge)
SARIYER|TARABYA,SARIYER,TARABYA,17960.0,1409241.633245177,0.0559055238733928,384.20000000000005,381.2,91.8,91.8,145.89291666666668,15.600000000000001,0.0,0.0,21.387702185454994,78.41383261715417,30180.023459373213,0.23962211055276375,11.185123611111111,446.6,5.0,-0.0346733668341708,0.5606930985128081,0.5858740073835762,0.3284955125380132,2,2,4,Orta Risk (Sarı Bölge)
SARIYER|USKUMRUKÖY,SARIYER,USKUMRUKÖY,4540.8,376671.1747513137,0.01480551515621812,274.6,274.6,60.2,60.2,115.11575,10.2,3.0,0.0,167.64955000915683,78.41383261715417,21634.650375190256,0.2180875680287498,14.34377380952381,236.32,5.0,-0.08770764119601329,0.6151358083963246,0.6438765327683754,0.39607151149189723,3,3,9,Kritik Risk (Kırmızı Bölge)
SARIYER|SEYMEN,SARIYER,SEYMEN,3275.2,256769.87861844344,0.010187712554082861,128.39999999999998,127.8,126.39999999999999,126.39999999999999,116.13575,15.2,0.0,0.0,39.19723744651996,78.41383261715416,10035.814127604503,0.9624378109452736,7.463097222222222,316.2263157894737,0.0,0.06999999999999995,0.6183796260167358,0.591424902601218,0.3657251100875256,3,2,6,Orta Risk (Sarı Bölge)
SARIYER|YENİKÖY,SARIYER,YENİKÖY,14812.4,1162080.1269076173,0.04610170244461,552.2,532.4,110.8,110.8,50.42666666666666,13.0,0.0,0.0,37.32373187195081,78.41383261715416,42947.02258357895,0.21194721737622652,3.7425757575757577,510.5333333333333,3.0,0.1978308026030369,0.6227232314189933,0.5924905123870101,0.36895760645873404,3,2,6,Orta Risk (Sarı Bölge)
SARIYER|ZEKERİYAKÖY,SARIYER,ZEKERİYAKÖY,22539.4,1767472.7518477687,0.07012415473018091,739.4,738.8,218.2,218.2,143.65575,27.200000000000003,6.0,1.0,32.80558291187791,78.41383261715416,57853.74591257686,0.29495805972562716,5.301932029177719,194.7,8.0,0.045827439886845775,0.605797180385478,0.7522212746173609,0.45569352718916756,3,3,9,Kritik Risk (Kırmızı Bölge)
SARIYER|ÇAMLITEPE,SARIYER,ÇAMLITEPE,5753.4,451311.0774803279,0.0179046955918774,532.6,532.6,30.799999999999997,30.799999999999997,32.70616666666667,12.4,1.0,0.0,92.56753490586793,78.41383261715416,41795.7292323344,0.05793333730844903,2.9892357456140353,364.4,7.0,-0.015526802218114559,0.6197178049816379,0.5190114320665885,0.32164062544068267,3,1,3,Düşük Risk (Yeşil Bölge)
SARIYER|ÇAYIRBAŞI,SARIYER,ÇAYIRBAŞI,4863.0,381605.2278495472,0.0151383423384809,181.8,181.8,27.4,27.4,119.44908333333333,11.2,1.0,0.0,37.42370441913094,78.41383261715417,14190.590808922443,0.15076150102056834,12.936552083333334,327.6,3.0,0.10181818181818182,0.5892871558674178,0.5515820562325009,0.32504022114475256,3,2,6,Orta Risk (Sarı Bölge)
SARIYER|İSTİNYE,SARIYER,İSTİNYE,15638.8,1226616.4963417235,0.04866397409483934,586.4,586.4,81.2,81.2,114.81575000000001,7.6,2.0,0.0,37.506432756405424,78.41383261715416,45821.58454311146,0.13810357708513873,23.98239903846154,389.65714285714284,7.0,0.07596330275229353,0.6611730994885403,0.6489456425999535,0.42906540191739373,3,3,9,Kritik Risk (Kırmızı Bölge)
SULTANBEYLİ|ABDURRAHMANGAZİ,SULTANBEYLİ,ABDURRAHMANGAZİ,27970.8,1273072.3264310018,0.08471843600917012,258.20000000000005,257.0,89.0,89.0,102.31575000000001,12.4,10.0,1.0,9.248535796349891,45.57757923682453,11966.406170375276,0.3662727688189593,7.730553571428572,194.08571428571426,7.0,0.21792452830188677,0.5274655583677228,0.7071205047983306,0.3729817118967174,2,3,6,Orta Risk (Sarı Bölge)
SULTANBEYLİ|ADİL,SULTANBEYLİ,ADİL,33423.8,1526846.9965971243,0.10151519230804468,154.6,154.6,128.6,128.2,25.689166666666672,6.800000000000001,6.0,11.0,4.621134246113002,45.577579236824526,7100.36880767503,0.8103689622396958,4.670170454545454,261.42857142857144,7.0,0.08873239436619715,0.48519516605969226,0.7050516895996433,0.34208767161596554,1,3,3,Düşük Risk (Yeşil Bölge)
SULTANBEYLİ|AHMET YESEVİ,SULTANBEYLİ,AHMET YESEVİ,29840.4,1359574.2449478183,0.09045187295517296,138.2,137.6,120.2,120.2,15.932500000000001,5.2,5.0,13.0,4.632449882588464,45.577579236824526,6355.471510936915,0.8660571428571429,3.9875833333333333,209.93333333333334,6.0,0.10559999999999999,0.4691471852704972,0.6809335891598924,0.3194580767105007,1,3,3,Düşük Risk (Yeşil Bölge)
SULTANBEYLİ|AKŞEMSETTİN,SULTANBEYLİ,AKŞEMSETTİN,13545.8,617482.6229305184,0.04107571162514382,120.19999999999999,120.19999999999999,41.0,41.0,111.38241666666667,9.6,3.0,16.0,8.87351650338277,45.57757923682453,5483.575029757924,0.3419543023821099,23.208752314814816,203.27999999999997,5.0,0.010084033613445358,0.5142698501007025,0.6601082971668749,0.33947379503423875,1,3,3,Düşük Risk (Yeşil Bölge)
SULTANBEYLİ|BATTALGAZİ,SULTANBEYLİ,BATTALGAZİ,38176.0,1740729.2907550265,0.11578760068258316,363.4,363.4,194.4,194.4,34.14,12.2,14.0,6.0,9.525580050030126,45.577579236824526,16225.566934961245,0.5690445359444791,2.9382857142857146,118.16000000000001,5.0,-0.17782805429864249,0.49076963292055115,0.7376426433852404,0.3620126093207195,1,3,3,Düşük Risk (Yeşil Bölge)
SULTANBEYLİ|FATİH,SULTANBEYLİ,FATİH,9599.0,389166.3815554711,0.0266756522900063,178.60000000000002,178.60000000000002,42.0,42.0,93.81575000000001,3.4,7.0,0.0,56.841509597206134,45.577579236824526,8194.23070935882,0.232716964113137,30.748583333333336,209.2,6.0,0.0759036144578313,0.5726714208875087,0.5916311373614204,0.3388102440740574,2,2,4,Orta Risk (Sarı Bölge)
SULTANBEYLİ|HAMİDİYE,SULTANBEYLİ,HAMİDİYE,26479.199999999997,1206360.8605977832,0.08025982636804545,184.60000000000002,184.60000000000002,47.0,47.0,122.48908333333334,9.2,4.0,6.0,6.971994279547123,45.577579236824526,8429.071143592653,0.2555204301710639,45.51554166666667,166.63333333333333,6.0,0.01988950276243092,0.5386338666123762,0.683613991686304,0.36821764761231474,2,3,6,Orta Risk (Sarı Bölge)
SULTANBEYLİ|HASANPAŞA,SULTANBEYLİ,HASANPAŞA,28100.0,1279442.4751818655,0.0851343638294419,175.6,175.6,41.8,41.8,94.54241666666667,9.6,5.0,1.0,6.259578979251855,45.577579236824526,8173.373095209687,0.2626674432149097,8.462423611111111,274.15,4.0,0.29117647058823526,0.5163068013713272,0.6352631207610893,0.3279906699093252,1,2,2,Düşük Risk (Yeşil Bölge)
SULTANBEYLİ|MECİDİYE,SULTANBEYLİ,MECİDİYE,21901.4,997553.5931944621,0.06637180961615977,233.60000000000002,233.60000000000002,31.6,31.6,19.35333333333333,5.6,8.0,0.0,10.669656382961541,45.57757923682453,10713.872581113206,0.13322304105880578,3.4413333333333336,180.68,5.0,0.0715596330275229,0.5004198334076495,0.5674573866484531,0.2839669308925591,1,2,2,Düşük Risk (Yeşil Bölge)
SULTANBEYLİ|MEHMET AKİF,SULTANBEYLİ,MEHMET AKİF,12472.2,505820.89197124605,0.03466873166412742,283.0,281.4,161.2,161.2,102.23575000000001,10.2,12.0,4.0,73.5550767073501,45.577579236824526,13143.080184873057,0.5859895790257216,9.591128787878787,183.15,4.0,0.2522123893805309,0.5701986916429128,0.7127094794803066,0.40638601272117225,2,3,6,Orta Risk (Sarı Bölge)
SULTANBEYLİ|MİMAR SİNAN,SULTANBEYLİ,MİMAR SİNAN,24858.0,1134448.0912478236,0.07544372036749661,210.8,210.8,62.8,62.8,41.8115,11.8,16.0,12.0,8.473856437691953,45.577579236824526,9692.728793734259,0.29269820493642484,3.8737777777777778,228.65714285714284,7.0,0.10366492146596856,0.5025025293649218,0.6929912816613777,0.34822987186268123,1,3,3,Düşük Risk (Yeşil Bölge)
SULTANBEYLİ|NECİP FAZIL,SULTANBEYLİ,NECİP FAZIL,9882.400000000001,401037.6163963893,0.0274823912673074,248.60000000000002,248.60000000000002,117.80000000000001,117.80000000000001,29.700666666666667,8.8,4.0,0.0,77.04269450581708,45.577579236824526,11461.911338310763,0.48035878721735276,3.298916666666667,267.29999999999995,6.0,0.14036697247706417,0.5502660194662212,0.6003903810183412,0.3303744250887705,2,2,4,Orta Risk (Sarı Bölge)
SULTANBEYLİ|ORHANGAZİ,SULTANBEYLİ,ORHANGAZİ,16319.0,744553.0163894817,0.049517937212711735,157.2,157.2,38.4,38.4,108.52241666666667,7.2,7.0,7.0,9.623686335188731,45.577579236824526,7260.070557623695,0.24620155038759683,45.166986111111115,220.83999999999997,5.0,0.16444444444444445,0.5487979505387942,0.6643380647519542,0.36458736840078126,2,3,6,Orta Risk (Sarı Bölge)
SULTANBEYLİ|TURGUT REİS,SULTANBEYLİ,TURGUT REİS,19737.4,899927.9627968387,0.059861031132910865,157.6,157.6,48.199999999999996,48.199999999999996,14.813333333333336,4.0,6.0,4.0,7.979473404694668,45.57757923682452,7352.9766689468415,0.3045136330140014,4.537619047619048,176.8,6.0,0.33559322033898303,0.48715917290639443,0.5992681873766242,0.29193899451151045,1,2,2,Düşük Risk (Yeşil Bölge)
SULTANBEYLİ|YAVUZ SELİM,SULTANBEYLİ,YAVUZ SELİM,20125.6,917574.8290071494,0.06103572267167708,152.6,152.6,43.0,43.0,7.2636666666666665,1.6,3.0,2.0,7.580654002226248,45.577579236824526,7022.088662930419,0.27125520576776674,4.911833333333334,197.64,5.0,0.11386861313868613,0.4878597943299641,0.5390719247553457,0.26299151834020085,1,2,2,Düşük Risk (Yeşil Bölge)
SULTANGAZİ|50. YIL,SULTANGAZİ,50. YIL,71480.0,3446509.1229454395,0.14186834006599122,877.75,872.75,201.8,201.8,116.37575000000001,30.799999999999997,9.0,0.0,12.281317942723552,48.243471686567645,42345.707272884756,0.22990600968385072,3.68381165158371,593.0,5.0,0.0,0.6058129692368968,0.758415175068418,0.4594577491225192,3,3,9,Kritik Risk (Kırmızı Bölge)
SULTANGAZİ|75. YIL,SULTANGAZİ,75. YIL,31938.199999999997,1540248.719788914,0.06339989915943614,529.6,529.6,173.8,173.8,106.15575000000001,28.8,2.0,0.0,16.563425569751836,48.24347168656765,25357.457068406035,0.34604523843826535,3.544905701754386,593.0,6.0,-0.16069730586370837,0.5842068693739688,0.7012111806629672,0.40965238862513653,3,3,9,Kritik Risk (Kırmızı Bölge)
SULTANGAZİ|CEBECİ,SULTANGAZİ,CEBECİ,60494.0,2916597.3657361213,0.12005645917568467,877.75,872.75,184.2,184.2,118.73575000000001,33.2,9.6,2.0,14.512187888609756,48.24347168656765,42345.707272884756,0.20985474223867842,3.503572368421053,594.95,9.0,0.0,0.6086032925677044,0.7755836543511543,0.4720227656998049,3,3,9,Kritik Risk (Kırmızı Bölge)
SULTANGAZİ|CUMHURİYET,SULTANGAZİ,CUMHURİYET,6466.4,297533.3433485581,0.01230458038425776,196.39999999999998,196.39999999999998,32.400000000000006,32.400000000000006,97.24241666666667,10.799999999999999,1.0,0.0,85.30668100537447,48.24347168656765,9439.746527757829,0.16856420626895846,8.373164351851852,713.1642857142858,7.0,-0.08651162790697674,0.5975331484335616,0.5435082592476846,0.32476420134791345,3,2,6,Orta Risk (Sarı Bölge)
SULTANGAZİ|ESENTEPE,SULTANGAZİ,ESENTEPE,61560.0,2968844.111207825,0.12220368132774452,877.75,872.75,233.39999999999998,232.2,127.64908333333334,27.8,4.0,7.0,14.259176375864357,48.243471686567645,42345.70727288475,0.26590714896041007,4.754971666666667,657.9166666666667,6.0,0.0,0.6194591679839316,0.7819110705123095,0.48436198117698054,3,3,9,Kritik Risk (Kırmızı Bölge)
SULTANGAZİ|ESKİ HABİPLER,SULTANGAZİ,ESKİ HABİPLER,8500.4,423718.3241524848,0.01738581733768204,145.0,145.0,151.39999999999998,151.39999999999998,108.81575000000001,13.8,4.6,1.0,49.07162317426214,48.243471686567645,7006.68123696652,1.0402491429675051,8.152185897435897,247.6,5.0,0.043165467625899234,0.5352199116018854,0.6922440781256085,0.3705028143013169,2,3,6,Orta Risk (Sarı Bölge)
SULTANGAZİ|GAZİ,SULTANGAZİ,GAZİ,34926.8,1684464.4305828742,0.06933577084471527,691.5999999999999,691.5999999999999,234.5,232.4,117.48241666666668,36.8,6.0,0.0,19.807319455190104,48.243471686567645,33428.90093594977,0.3368228142320758,3.1412437354312357,764.29,5.0,0.05106382978723404,0.6123582647925166,0.7413466672918418,0.4539697587925474,3,3,9,Kritik Risk (Kırmızı Bölge)
SULTANGAZİ|HABİBLER,SULTANGAZİ,HABİBLER,3547.8,163310.8909365223,0.0067534812747754,386.4,386.4,85.4,85.4,97.34241666666668,10.799999999999999,2.0,2.0,305.48792976019797,48.24347168656765,18606.006148205684,0.2217930943421139,8.384275462962963,331.425,6.0,-0.04592592592592592,0.6311411605020615,0.5956768389272753,0.37595617140476006,3,2,6,Orta Risk (Sarı Bölge)
SULTANGAZİ|MALKOÇOĞLU,SULTANGAZİ,MALKOÇOĞLU,13315.0,642026.1791554289,0.02642756592495412,163.0,163.0,80.6,80.6,98.20908333333334,11.4,1.0,0.0,12.271102769967598,48.243471686567645,7943.330781810015,0.4680282116740946,8.8472398989899,516.08,5.0,0.3471074380165289,0.5511674650455674,0.6231680670000821,0.34346996378578154,2,2,4,Orta Risk (Sarı Bölge)
SULTANGAZİ|SULTANÇİFTLİĞİ,SULTANGAZİ,SULTANÇİFTLİĞİ,37738.2,1819952.7660680718,0.074913135039814,427.20000000000005,427.20000000000005,210.2,210.2,106.15575000000001,15.6,5.0,0.0,11.32391349307949,48.24347168656765,20646.02020022718,0.49155971479500893,6.712317708333334,812.6800000000001,5.0,0.047058823529411764,0.5992489865952048,0.7341460448184693,0.4399362733703455,3,3,9,Kritik Risk (Kırmızı Bölge)
SULTANGAZİ|UĞUR MUMCU,SULTANGAZİ,UĞUR MUMCU,45380.0,2188492.2961674444,0.09008297534582427,645.4,645.4,242.9,240.8,129.02908333333335,30.0,6.0,2.0,14.228952642841236,48.243471686567645,31220.53266037593,0.3742259197633574,4.300969444444445,780.94,5.0,0.07387687188019962,0.6114556672933592,0.7719781582793878,0.47203041990662153,3,3,9,Kritik Risk (Kırmızı Bölge)
SULTANGAZİ|YAYLA,SULTANGAZİ,YAYLA,8006.0,385998.2996319621,0.01588890226830294,200.6,200.6,24.0,24.0,93.38241666666667,8.4,0.0,0.0,25.119782612394104,48.243471686567645,9764.112022673486,0.11663175534143272,9.728019444444444,230.8,3.0,0.2941935483870967,0.5499748126017522,0.5130609479757073,0.28217059871621697,2,1,2,Düşük Risk (Yeşil Bölge)
SULTANGAZİ|YUNUS EMRE,SULTANGAZİ,YUNUS EMRE,52628.8,2537651.1617246717,0.10445678453709528,658.6,658.6,243.8,242.4,116.47575,34.4,8.2,0.0,12.524848693808162,48.243471686567645,31876.68881874279,0.37450712277859827,3.3424453933747413,585.7333333333333,6.0,0.09039735099337746,0.592958658820605,0.7647977449183783,0.45349344509582473,3,3,9,Kritik Risk (Kırmızı Bölge)
SULTANGAZİ|ZÜBEYDE HANIM,SULTANGAZİ,ZÜBEYDE HANIM,14800.4,680906.3302190687,0.028159475260027943,877.75,872.75,243.7,241.60000000000002,114.99575000000002,36.0,2.0,0.0,177.6490387959876,48.243471686567645,42345.70727288475,0.27764169752207346,3.1336155303030306,530.23,5.0,0.0,0.6486709676582136,0.6802052918872736,0.4412294248947554,3,3,9,Kritik Risk (Kırmızı Bölge)
SULTANGAZİ|İSMETPAŞA,SULTANGAZİ,İSMETPAŞA,53780.0,2593737.4583346127,0.10676313205369374,844.25,841.25,188.0,188.0,112.47575,25.4,9.2,0.0,15.703703831430836,48.24347168656764,40824.84040160376,0.22278811393052564,4.326412640901771,543.1,6.0,0.06328715365239293,0.6116567315124011,0.7480882229030598,0.4575731973038061,3,3,9,Kritik Risk (Kırmızı Bölge)
SİLİVRİ|AKÖREN,SİLİVRİ,AKÖREN,1427.0,79359.80125245353,0.00584521837771942,368.4,368.4,110.60000000000001,100.0,37.54333333333334,10.2,1.0,1.0,257.02666253132,55.592653972875496,20522.020837803597,0.2806431026018655,3.701919191919192,124.975,8.0,0.2659793814432989,0.5918916850875131,0.5564929863506357,0.3293835714304602,3,2,6,Orta Risk (Sarı Bölge)
SİLİVRİ|ALİBEY,SİLİVRİ,ALİBEY,17828.4,990996.8707848687,0.07305719537061067,525.6,525.6,197.3,176.8,11.702333333333335,5.4,1.0,0.0,29.498745273256198,55.592653972875496,29234.364100647454,0.3683210784313726,2.1484666666666667,295.6,4.0,0.0554216867469879,0.569956845708944,0.5900973439866056,0.33633002083983143,2,2,4,Orta Risk (Sarı Bölge)
SİLİVRİ|ALİPAŞA,SİLİVRİ,ALİPAŞA,65.19999999999999,3654.3713840396695,0.0002653903361071246,94.8,94.4,58.400000000000006,49.0,41.72666666666667,6.2,1.0,49.400000000000006,4717.64705882353,55.592653972875496,5264.689945920563,0.6025541125541125,4.6519047619047615,349.3375,8.0,-0.09714285714285714,0.6183490248291549,0.4555339134884642,0.28167895118220043,3,1,3,Düşük Risk (Yeşil Bölge)
SİLİVRİ|BEKİRLİ,SİLİVRİ,BEKİRLİ,2190.0,121812.54338539776,0.008969405161827041,31.4,31.4,2.1999999999999997,2.1999999999999997,8.385333333333334,1.2,0.0,1.0,14.377407478345997,55.592653972875496,1745.2861788242885,0.07056451612903225,4.192666666666667,111.86666666666666,6.0,-0.01875,0.3973197439091555,0.30446838921692343,0.1209713024321011,1,1,1,Düşük Risk (Yeşil Bölge)
SİLİVRİ|BEYCİLER,SİLİVRİ,BEYCİLER,1391.2,77336.29918005237,0.0057005007018257805,95.6,95.6,11.8,10.200000000000001,13.986666666666668,0.8,0.0,2.5999999999999996,68.73679096695537,55.5926539728755,5318.212434970921,0.1318426966292135,6.993333333333334,355.76,5.0,0.07415730337078649,0.5223567474435679,0.3213592328685001,0.16786416364214982,2,1,2,Düşük Risk (Yeşil Bölge)
SİLİVRİ|BÜYÜK KILIÇLI,SİLİVRİ,BÜYÜK KILIÇLI,1250.2,69509.045427217,0.00512210370756936,65.6,65.6,32.6,28.799999999999997,2.0366666666666666,1.6,1.0,6.0,52.404321865591186,55.592653972875496,3653.664375024675,0.5026517083120856,1.2616666666666667,189.36666666666667,6.0,0.23773584905660375,0.4678925412097116,0.42569657420503904,0.19918025188906427,1,1,1,Düşük Risk (Yeşil Bölge)
SİLİVRİ|BÜYÜK SİNEKLİ,SİLİVRİ,BÜYÜK SİNEKLİ,4266.0,237274.59798092762,0.0174724751164002,63.0,63.0,4.2,3.4,1.33,0.6,0.0,0.0,14.842025699168559,55.592653972875496,3499.1056410511364,0.06529108327192332,1.33,85.75,4.0,-0.0869565217391304,0.3979015065975108,0.29215846146616886,0.11625029198259938,1,1,1,Düşük Risk (Yeşil Bölge)
SİLİVRİ|BÜYÜK ÇAVUŞLU,SİLİVRİ,BÜYÜK ÇAVUŞLU,3236.2,179907.97731924767,0.01325994558794468,205.60000000000002,205.60000000000002,54.0,45.2,10.586333333333334,2.4000000000000004,0.0,3.0,63.537913857180904,55.592653972875496,11460.872625527398,0.29787328311918476,4.185388888888888,451.58750000000003,4.0,0.3891891891891892,0.5833447723012392,0.4853141060893158,0.2831054467112514,3,1,3,Düşük Risk (Yeşil Bölge)
SİLİVRİ|CUMHURİYET,SİLİVRİ,CUMHURİYET,9129.8,507675.1967400715,0.03740069750016056,740.8,740.8,215.7,206.0,23.036,8.2,0.0,0.0,81.15607755096335,55.592653972875496,41188.85486973821,0.2900699582448172,2.828761904761905,335.22999999999996,5.0,0.014794520547945179,0.6191544472633882,0.5900358518366258,0.36532332170948845,3,2,6,Orta Risk (Sarı Bölge)
SİLİVRİ|DANAMANDIRA,SİLİVRİ,DANAMANDIRA,1105.2,61451.342160390064,0.0045277949147629806,72.2,72.2,10.4,10.0,4.9195,2.4,0.0,0.0,65.0434708124545,55.592653972875496,4028.9779452697067,0.1659340659340659,1.229875,44.91428571428571,7.0,0.6409090909090908,0.42558342270300836,0.330606318258332,0.14070056849162102,1,1,1,Düşük Risk (Yeşil Bölge)
SİLİVRİ|DEĞİRMENKÖY FEVZİPAŞA,SİLİVRİ,DEĞİRMENKÖY FEVZİPAŞA,3453.2,192015.20928110194,0.01414649415883904,228.2,228.2,52.2,45.6,90.42241666666668,9.600000000000001,0.0,30.0,65.92756054402125,55.592653972875496,12707.895083518326,0.2197997496871088,7.214775793650794,622.9,3.0,0.2138297872340425,0.6094354473556528,0.5630692816267797,0.34315437954044253,3,2,6,Orta Risk (Sarı Bölge)
SİLİVRİ|DEĞİRMENKÖY İSMETPAŞA,SİLİVRİ,DEĞİRMENKÖY İSMETPAŞA,3322.2,184692.17712015501,0.01361212780007886,113.2,113.2,49.599999999999994,45.199999999999996,89.52908333333335,6.199999999999999,0.0,0.0,34.06744709875956,55.592653972875496,6306.660978537592,0.4270629370629371,10.722861111111111,552.975,2.0,0.2863636363636364,0.5688602285066346,0.5129543704838776,0.29179934040693556,2,1,2,Düşük Risk (Yeşil Bölge)
SİLİVRİ|FATİH,SİLİVRİ,FATİH,6802.4,378158.2988903043,0.02787221224537972,159.0,159.0,169.29999999999998,165.6,11.987666666666666,2.8,0.0,0.0,23.375378491095415,55.592653972875496,8844.079320547236,1.0292121212121212,3.7019166666666665,516.3333333333333,3.0,0.06,0.5447668688753383,0.5178122666512364,0.2820869671688358,2,1,2,Düşük Risk (Yeşil Bölge)
SİLİVRİ|FENER,SİLİVRİ,FENER,1506.6,83754.59985183823,0.00617316451174114,199.0,196.2,32.4,19.6,8.015833333333333,2.4000000000000004,0.0,3.9999999999999996,132.05612394294258,55.592653972875496,11040.317225922083,0.1487078692582077,3.480138888888889,111.675,8.0,-0.1742738589211618,0.5326926470106415,0.4318753002779628,0.2300567968835836,2,1,2,Düşük Risk (Yeşil Bölge)
SİLİVRİ|GAZİTEPE,SİLİVRİ,GAZİTEPE,1274.0,70812.11492448329,0.005220805549704839,159.8,159.8,32.2,28.6,24.670833333333334,8.2,0.0,0.0,124.94972086198408,55.592653972875496,8855.591539477327,0.2129509433962264,3.006119047619048,149.4,6.0,-0.2462264150943396,0.5248025499223236,0.4578953617619633,0.24030465345028315,2,1,2,Düşük Risk (Yeşil Bölge)
SİLİVRİ|GÜMÜŞYAKA,SİLİVRİ,GÜMÜŞYAKA,8740.0,486009.0580925327,0.03580331587145018,877.75,872.75,269.0,238.8,104.2365,38.599999999999994,0.0,2.0,100.48003965631196,55.592653972875496,48796.452024691476,0.3064653944745086,2.6471218279569895,552.975,2.0,0.0,0.6473476337618148,0.6621755905188351,0.42865780165720035,3,3,9,Kritik Risk (Kırmızı Bölge)
SİLİVRİ|KADIKÖY,SİLİVRİ,KADIKÖY,668.6,36746.2373417459,0.00276450741397618,49.8,49.8,45.8,43.2,94.52908333333335,6.4,0.0,0.0,194.43722430394152,55.592653972875496,2763.0205171411653,1.0282170542635658,12.690302083333334,211.1428571428571,7.0,-0.16999999999999998,0.5289143121866859,0.49272768583164905,0.2606107250469841,2,1,2,Düşük Risk (Yeşil Bölge)
SİLİVRİ|KAVAKLI HÜRRİYET,SİLİVRİ,KAVAKLI HÜRRİYET,1763.4,98033.37863946466,0.0072252146491057,165.4,165.4,51.6,49.2,23.057166666666664,7.199999999999999,0.0,0.0,93.76561411636769,55.592653972875496,9227.017403589809,0.3337137597791072,1.9214305555555555,328.83,5.0,0.560377358490566,0.5467360478690955,0.4480312436756662,0.24495483148910943,2,1,2,Düşük Risk (Yeşil Bölge)
SİLİVRİ|KAVAKLI İSTİKLAL,SİLİVRİ,KAVAKLI İSTİKLAL,2012.2,111849.64261948798,0.008245536720586678,113.8,113.8,34.400000000000006,32.0,96.05575,10.6,1.0,0.0,56.683022571148186,55.592653972875496,6341.955506465329,0.3282795223352498,7.950662087912088,388.75,5.0,0.3388235294117647,0.5639663617923321,0.5309991042465357,0.29946563293690603,2,2,4,Orta Risk (Sarı Bölge)
SİLİVRİ|KURFALLI,SİLİVRİ,KURFALLI,5280.0,293723.1065311839,0.021622616366982022,67.8,67.8,1.4,0.8,0.6333333333333335,0.4,1.0,0.0,12.918875927889715,55.592653972875496,3766.9198478929447,0.02034188034188026,0.6333333333333335,134.48000000000002,5.0,-0.05833333333333331,0.4036296881191701,0.268631722007326,0.10842773817273259,1,1,1,Düşük Risk (Yeşil Bölge)
SİLİVRİ|KÜÇÜK KILIÇLI,SİLİVRİ,KÜÇÜK KILIÇLI,3216.0,178789.20673600765,0.013176930460895901,74.0,74.0,9.0,4.6,7.773333333333335,1.6,0.0,0.0,23.011164644646968,55.592653972875496,4112.240614372777,0.11850649350649345,1.9433333333333334,257.55,4.0,-0.03896103896103894,0.45550396039368907,0.32499799645763494,0.14803787450646685,1,1,1,Düşük Risk (Yeşil Bölge)
SİLİVRİ|KÜÇÜK SİNEKLİ,SİLİVRİ,KÜÇÜK SİNEKLİ,1450.0,80609.34826066947,0.0059411773037394595,10.6,10.6,1.2,1.2,1.33,0.6,0.0,0.0,7.310344827586207,55.592653972875496,589.6052880364824,0.10909090909090907,1.33,63.6,8.0,0.06,0.3004608173868418,0.23307318191708573,0.07002935874975966,1,1,1,Düşük Risk (Yeşil Bölge)
SİLİVRİ|MİMAR SİNAN,SİLİVRİ,MİMAR SİNAN,26396.799999999996,1468508.0841546385,0.10809580511017881,877.75,872.75,273.5,270.0,99.85566666666666,22.8,2.0,6.0,33.37415101611603,55.592653972875496,48796.45202469147,0.3115921389917402,4.585210978835979,313.7875,4.0,0.0,0.6162084948949718,0.7368063851190265,0.45402635360320026,3,3,9,Kritik Risk (Kırmızı Bölge)
SİLİVRİ|ORTAKÖY,SİLİVRİ,ORTAKÖY,4186.8,232785.37715456734,0.017153065281651843,443.0,443.0,152.6,131.4,62.78483333333334,14.799999999999999,0.0,1.6,105.63584510684186,55.5926539728755,24674.40331896414,0.3403619726838457,4.167037878787879,299.1375,4.0,0.24438202247191007,0.6133353257377276,0.5944857572275593,0.3646191155556047,3,2,6,Orta Risk (Sarı Bölge)
SİLİVRİ|PİRİ MEHMET PAŞA,SİLİVRİ,PİRİ MEHMET PAŞA,8129.200000000001,451874.35981992714,0.03331121190180838,282.6,282.6,117.2,112.39999999999999,5.43,2.2,1.0,0.0,34.786443318401055,55.592653972875496,15722.117625998688,0.40167189132706366,1.965,390.5875,4.0,0.08275862068965516,0.5537428141607986,0.5034686072866722,0.27879212344053983,2,1,2,Düşük Risk (Yeşil Bölge)
SİLİVRİ|SAYALAR,SİLİVRİ,SAYALAR,9150.0,508753.57283281133,0.03748610090761454,35.6,35.6,3.6000000000000005,3.6000000000000005,0.9400000000000001,0.4,1.0,1.0,3.908708708708709,55.592653972875496,1971.342739258319,0.09415384615384614,0.9400000000000001,95.02857142857144,7.0,-0.288,0.332290421334845,0.33172166902320854,0.11022793316561996,1,1,1,Düşük Risk (Yeşil Bölge)
SİLİVRİ|SELİMPAŞA,SİLİVRİ,SELİMPAŞA,23729.0,1319347.132337904,0.09721516508248565,877.75,872.75,273.5,270.0,142.88908333333333,43.0,7.6,2.0,36.99602554422855,55.592653972875496,48796.452024691476,0.3115921389917402,3.414483093237295,338.9,6.0,0.0,0.6127724919811195,0.7684075738629619,0.4708590238931733,3,3,9,Kritik Risk (Kırmızı Bölge)
SİLİVRİ|SEMİZKUMLAR,SİLİVRİ,SEMİZKUMLAR,28669.0,1593165.337374284,0.11750400269109842,877.75,872.75,149.8,126.19999999999999,26.435833333333335,4.4,1.0,2.0,30.649249913634417,55.592653972875496,48796.45202469147,0.17066362859584155,5.252916666666667,439.0375,4.0,0.0,0.6296677966639126,0.6216108373402716,0.3914083263304586,3,2,6,Orta Risk (Sarı Bölge)
SİLİVRİ|SEYMEN,SİLİVRİ,SEYMEN,1042.2,57940.92606199886,0.004270138660405739,670.8,670.8,273.5,262.4,77.71133333333333,20.6,1.0,6.2,643.6640207981857,55.5926539728755,37287.67441391686,0.4077533285497887,3.4853072796934867,77.74285714285713,7.0,-0.01061946902654862,0.6166017382259462,0.6389178185561452,0.3939578375052488,3,3,9,Kritik Risk (Kırmızı Bölge)
SİLİVRİ|SEYMEN MAHALLE,SİLİVRİ,SEYMEN MAHALLE,44501.0,2474484.522636216,0.1823039173952175,0.0,0.0,0.0,0.0,0.0,0.0,10.399999999999999,0.0,0.0,55.592653972875496,0.0,0.0,0.0,374.26875,8.0,0.0,0.17824043091313463,0.3193957755560287,0.05692924066694139,1,1,1,Düşük Risk (Yeşil Bölge)
SİLİVRİ|YOLÇATI,SİLİVRİ,YOLÇATI,4004.0,222605.91274435358,0.016405079835906757,26.0,26.0,3.0,3.0,1.5299999999999998,0.6,0.0,1.0,6.487662191554788,55.592653972875496,1448.6405625347834,0.12,1.5299999999999998,278.3333333333333,3.0,0.3,0.39374085664291325,0.2909753481923114,0.11456888285921066,1,1,1,Düşük Risk (Yeşil Bölge)
SİLİVRİ|ÇANTA BALABAN,SİLİVRİ,ÇANTA BALABAN,4286.8,238378.5739238751,0.01756079549188664,877.75,872.75,249.79999999999998,221.8,121.33050000000001,48.400000000000006,0.0,39.2,204.8623304491257,55.5926539728755,48796.452024691476,0.28459128453432064,2.5027375362318844,368.05833333333334,6.0,0.0,0.6483793889040663,0.6968793532623353,0.4518422092080939,3,3,9,Kritik Risk (Kırmızı Bölge)
SİLİVRİ|ÇANTA SANCAKTEPE,SİLİVRİ,ÇANTA SANCAKTEPE,6143.4,341587.3711069797,0.02516822834627316,714.2,713.4,215.79999999999998,193.0,69.99983333333333,25.200000000000003,2.0,22.0,116.20703043880073,55.5926539728755,39724.30913471581,0.2999474318562951,2.791831196581197,425.21999999999997,5.0,0.054948301329394385,0.6349364384217068,0.6933401347004511,0.44022691574153083,3,3,9,Kritik Risk (Kırmızı Bölge)
SİLİVRİ|ÇAYIRDERE,SİLİVRİ,ÇAYIRDERE,1417.0,78774.79067956458,0.00580596430303364,118.8,118.8,28.2,26.400000000000002,100.17575000000001,3.6,1.0,2.0,83.83909668313339,55.592653972875496,6608.608318989634,0.23648648648648649,26.097270833333333,177.2,7.0,0.07027027027027026,0.5810429660335942,0.5357494132278375,0.3112934281126604,3,2,6,Orta Risk (Sarı Bölge)
SİLİVRİ|ÇELTİK,SİLİVRİ,ÇELTİK,1048.4,58283.01526923867,0.00429569516502974,69.4,69.4,35.8,34.8,10.823333333333334,2.2,1.0,3.0,66.19590449646701,55.592653972875496,3857.8070297935574,0.5145341614906832,3.8533333333333335,479.55714285714294,7.0,-0.00857142857142852,0.5287378846551677,0.455307515576584,0.24073833265356284,2,1,2,Düşük Risk (Yeşil Bölge)
TUZLA|AKFIRAT,TUZLA,AKFIRAT,2725.8,246347.41654203774,0.009524460618870759,263.2,263.2,27.200000000000003,27.200000000000003,28.574833333333334,9.600000000000001,2.0,6.0,96.99942030397176,90.35462014160838,23614.46776703557,0.10462166992935565,2.999909722222222,221.13333333333338,3.0,-0.3055408970976253,0.563466656650621,0.512362088119465,0.2886989527872058,2,1,2,Düşük Risk (Yeşil Bölge)
TUZLA|ANADOLU,TUZLA,ANADOLU,8394.0,758428.0354451253,0.029336133408498978,30.200000000000003,30.200000000000003,8.4,8.4,119.05575,8.600000000000001,1.0,14.0,3.5982178330211703,90.35462014160838,2739.0847565192107,0.27577639751552796,15.370561688311689,168.25,4.0,0.31304347826086953,0.4508102761270105,0.5620738770270041,0.25338867970632306,1,2,2,Düşük Risk (Yeşil Bölge)
TUZLA|AYDINLI,TUZLA,AYDINLI,65980.0,5962721.8200029405,0.23055591622628271,768.7,763.1,260.0,258.6,113.38241666666667,20.0,15.6,207.39999999999998,11.664668573273676,90.3546201416084,69298.45502509607,0.3410161659415236,5.4992898841354725,272.1,12.0,-0.12423810880091142,0.5951003568576702,0.868396079683255,0.5167828169133069,3,3,9,Kritik Risk (Kırmızı Bölge)
TUZLA|AYDINTEPE,TUZLA,AYDINTEPE,26980.199999999997,2437649.1151727615,0.09429630745501041,387.0,385.79999999999995,84.2,84.2,99.38908333333335,9.4,5.0,2.0,14.3455310502574,90.35462014160838,34993.17606540904,0.2197485583878395,13.416902014652015,475.3285714285714,7.0,0.048780487804877995,0.6108103016725726,0.6861488211525941,0.41910676844049605,3,3,9,Kritik Risk (Kırmızı Bölge)
TUZLA|CAMİ,TUZLA,CAMİ,5768.200000000001,521263.0633173523,0.0201565795132837,103.2,103.2,33.8,32.2,14.811166666666665,4.2,1.0,0.6,17.877645209190156,90.35462014160838,9343.618050392155,0.33496031746031746,3.5302333333333333,303.9,2.0,0.14666666666666664,0.5152659333978453,0.49262266148308625,0.25383167548201324,1,1,1,Düşük Risk (Yeşil Bölge)
TUZLA|EVLİYA ÇELEBİ,TUZLA,EVLİYA ÇELEBİ,13898.400000000001,1256060.4607269135,0.04856438436223458,158.6,158.6,48.6,44.2,25.60666666666667,6.8,8.0,3.8,11.428365778419554,90.35462014160838,14296.523262670518,0.30929070929070923,3.6405555555555558,356.7,4.0,-0.1285714285714285,0.5228686438452378,0.6097965867770119,0.31884351434955105,2,2,4,Orta Risk (Sarı Bölge)
TUZLA|FATİH,TUZLA,FATİH,1124.0,101610.46918038098,0.003926607617138,35.400000000000006,35.400000000000006,63.8,63.8,92.99575000000002,5.4,2.0,3.0,31.29739700758352,90.35462014160836,3214.9809977304462,1.5205426356589145,14.325107142857144,133.60000000000002,5.0,0.475,0.49260262490631024,0.5622686932675027,0.27697503420621283,1,2,2,Düşük Risk (Yeşil Bölge)
TUZLA|MESCİT,TUZLA,MESCİT,3340.6,305911.78573264583,0.01154803011103528,81.0,81.0,20.4,20.4,87.53575000000001,6.0,3.0,16.6,68.12652430510306,90.35462014160838,7327.37025500581,0.2531764705882353,8.753575,322.76666666666665,3.0,0.07999999999999997,0.5286515501039029,0.5053115922038768,0.2671337565040507,2,1,2,Düşük Risk (Yeşil Bölge)
TUZLA|MİMAR SİNAN,TUZLA,MİMAR SİNAN,27710.6,2504231.1947222543,0.09683066339304078,324.6,324.6,110.0,110.0,114.32908333333334,13.4,2.0,0.0,11.717215137035923,90.35462014160838,29317.005265016338,0.3382379244448209,9.533873885918004,552.85,2.0,-0.025225225225225197,0.5988482525359585,0.6685648519900637,0.4003688933212114,3,3,9,Kritik Risk (Kırmızı Bölge)
TUZLA|ORHANLI,TUZLA,ORHANLI,1928.6,174267.431030995,0.00673989279494272,108.4,108.4,41.0,41.0,87.53575000000001,13.799999999999999,2.0,357.6,56.17574812407105,90.35462014160838,9832.483326906688,0.34924506387921017,3.8059021739130436,190.05,6.0,0.32195121951219513,0.5189606449485358,0.5723336480069167,0.2970186390954177,1,2,2,Düşük Risk (Yeşil Bölge)
TUZLA|ORTA,TUZLA,ORTA,10727.0,970392.5774127945,0.037453278632278514,133.8,133.8,52.599999999999994,52.599999999999994,111.13575,5.6,4.0,20.0,12.368784880192951,90.3546201416084,12135.272099685519,0.4131056293485136,24.8339375,325.675,4.0,0.31176470588235294,0.576461430798818,0.6738678765180777,0.38845884026697225,3,3,9,Kritik Risk (Kırmızı Bölge)
TUZLA|POSTANE,TUZLA,POSTANE,21143.6,1910422.8110284647,0.07389391811428032,386.6,386.6,89.4,87.4,21.49466666666667,6.0,15.2,3.2,18.284454600082043,90.35462014160838,34992.48291384807,0.23153544410198934,3.5824444444444445,184.95,4.0,0.12383720930232558,0.556186440384501,0.6523367732403784,0.3628208678404775,2,3,6,Orta Risk (Sarı Bölge)
TUZLA|TEPEÖREN,TUZLA,TEPEÖREN,6917.200000000001,625391.7787073395,0.02416247738863372,395.4,395.4,84.8,84.8,125.69575,28.8,14.0,70.0,57.03960383698342,90.3546201416084,35794.520389922654,0.215607418773049,4.398276785714286,192.5857142857143,7.0,0.1362068965517241,0.5903761890492938,0.7335137423727206,0.43304904783729226,3,3,9,Kritik Risk (Kırmızı Bölge)
TUZLA|YAYLA,TUZLA,YAYLA,24680.0,2230211.4058009605,0.08624509055963736,256.8,256.8,99.8,62.599999999999994,15.953,5.800000000000001,11.2,9.8,10.403423304805793,90.35462014160836,23218.62929472899,0.39887287509238734,2.5803142857142856,386.29999999999995,5.0,0.0439024390243902,0.5403357381632521,0.6481597264127904,0.35022386421894663,2,3,6,Orta Risk (Sarı Bölge)
TUZLA|İSTASYON,TUZLA,İSTASYON,21980.0,1986253.9314186187,0.0768089656026774,221.20000000000002,221.20000000000002,79.2,57.6,12.792666666666669,3.4,6.0,37.0,10.059363194819213,90.35462014160838,20014.109250637477,0.3709570957095709,3.7397777777777783,370.46,5.0,0.09504950495049504,0.5437301931797887,0.6432119950108894,0.34973378230282814,2,3,6,Orta Risk (Sarı Bölge)
TUZLA|İÇMELER,TUZLA,İÇMELER,10980.0,992046.1760254144,0.03837505639098464,396.4,393.4,43.0,43.0,5.013999999999999,3.8,6.0,2.0,36.12562809881375,90.35462014160838,36001.59632779394,0.10776614851055918,1.3442222222222222,392.775,4.0,0.47910447761194025,0.5810807578109719,0.5185096333296952,0.30129597066750846,3,1,3,Düşük Risk (Yeşil Bölge)
TUZLA|ŞİFA,TUZLA,ŞİFA,31926.6,2884612.9277330013,0.1115822378111694,337.0,337.0,91.4,91.4,108.86908333333334,11.8,1.2,7.0,10.554656811506975,90.35462014160838,30423.56891711543,0.26698158179848314,9.598821095571095,438.16666666666663,3.0,-0.05070422535211266,0.5897932386272656,0.6774230718830281,0.3995395474867221,3,3,9,Kritik Risk (Kırmızı Bölge)
ZEYTİNBURNU|BEŞTELSİZ,ZEYTİNBURNU,BEŞTELSİZ,9673.0,545489.749134375,0.03265782003144932,288.2,288.2,169.2,169.2,27.993333333333332,9.4,8.0,0.0,101.75408091434473,58.012710295175964,16815.562666483995,0.5742845405997535,2.5624561403508768,267.3142857142857,7.0,0.3220183486238532,0.5644773692511145,0.6189044298874835,0.3493575444007475,2,2,4,Orta Risk (Sarı Bölge)
ZEYTİNBURNU|GÖKALP,ZEYTİNBURNU,GÖKALP,18989.0,1100887.2821481698,0.06841722265374287,235.0,235.0,131.8,131.8,51.11483333333333,14.4,1.0,0.0,12.341580515444251,58.012710295175964,13575.371798349259,0.5571181918066238,2.9709305555555554,274.20000000000005,6.0,-0.15162454873646208,0.5148211144293402,0.6246048110129231,0.3215597448836005,1,2,2,Düşük Risk (Yeşil Bölge)
ZEYTİNBURNU|KAZLIÇEŞME,ZEYTİNBURNU,KAZLIÇEŞME,4805.0,278697.57321309036,0.0173306864424507,176.4,176.4,41.6,41.6,32.02633333333333,6.800000000000001,6.8,5.0,36.68910691542219,58.012710295175964,10203.811462403106,0.23299663299663298,4.858880952380952,269.2142857142857,14.0,-0.10909090909090907,0.5418502627952136,0.585865932166845,0.31745160930736777,2,2,4,Orta Risk (Sarı Bölge)
ZEYTİNBURNU|MALTEPE,ZEYTİNBURNU,MALTEPE,4442.2,250627.27866601697,0.015014623799772841,224.4,224.4,135.2,135.2,105.77575000000002,12.2,10.2,23.4,133.72921543670208,58.012710295175964,12980.190824997684,0.633271690553244,8.391701048951049,293.5,12.0,-0.1095238095238095,0.5903936089140136,0.7112270245395922,0.41990388977510557,3,3,9,Kritik Risk (Kırmızı Bölge)
ZEYTİNBURNU|MERKEZEFENDİ,ZEYTİNBURNU,MERKEZEFENDİ,24897.0,1443181.9150670804,0.08967192078186943,304.0,304.0,105.4,105.4,36.118833333333335,7.3999999999999995,7.6,0.0,12.292537802163874,58.012710295175964,17746.978805980743,0.3377032342109878,4.630092592592593,294.9333333333333,6.0,0.3632286995515695,0.551657042459052,0.6539286906099084,0.36074436744098254,2,3,6,Orta Risk (Sarı Bölge)
ZEYTİNBURNU|NURİPAŞA,ZEYTİNBURNU,NURİPAŞA,27433.2,1590200.166821986,0.0988072574239312,254.8,254.8,125.0,125.0,35.32783333333333,12.200000000000001,1.0,0.0,9.237882846627155,58.012710295175964,14685.339023796552,0.49988461538461537,2.8874797101449277,274.8,4.0,-0.216,0.5089663791347411,0.6249300490871696,0.3180683842963927,1,2,2,Düşük Risk (Yeşil Bölge)
ZEYTİNBURNU|SEYİTNİZAM,ZEYTİNBURNU,SEYİTNİZAM,22809.2,1321755.9722251066,0.08209428972435717,416.20000000000005,416.20000000000005,195.2,195.2,69.00533333333334,19.6,5.0,0.0,18.230425107588196,58.012710295175964,24101.267147510727,0.47417043399638337,3.233623611111111,238.96363636363634,11.0,-0.07098214285714284,0.54924495098251,0.6971558152720095,0.3829093115862467,2,3,6,Orta Risk (Sarı Bölge)
ZEYTİNBURNU|SÜMER,ZEYTİNBURNU,SÜMER,41720.0,2419220.278410138,0.15038899616659762,351.8,351.8,161.2,161.2,37.76783333333333,12.600000000000001,10.0,0.0,8.429548829240433,58.012710295175964,20386.648506593454,0.45714968761953334,2.9407888888888887,186.10000000000002,6.0,-0.04402173913043478,0.5142424351015839,0.6934814214672247,0.35661757487301343,1,3,3,Düşük Risk (Yeşil Bölge)
ZEYTİNBURNU|TELSIZ,ZEYTİNBURNU,TELSIZ,35540.0,2060866.3434174277,0.1281126918808539,361.79999999999995,361.79999999999995,265.2,265.2,20.14666666666667,6.800000000000001,1.0,0.0,10.172640128441234,58.012710295175964,20950.31414639747,0.7360753532182104,2.2961904761904766,278.95,4.0,-0.0723076923076923,0.5260245128116152,0.6366990841346476,0.33491932553952963,2,3,6,Orta Risk (Sarı Bölge)
ZEYTİNBURNU|VELIEFENDI,ZEYTİNBURNU,VELIEFENDI,37620.0,2181368.1661999165,0.13559456063886852,247.8,247.8,96.8,96.8,24.956666666666667,6.800000000000001,2.0,0.0,6.590549191374663,58.012710295175964,14382.134196403698,0.3893823881429016,3.431742424242424,256.7,6.0,0.019753086419753037,0.5107002420041543,0.6225922035019552,0.3179579889983482,1,2,2,Düşük Risk (Yeşil Bölge)
ZEYTİNBURNU|YEŞILTEPE,ZEYTİNBURNU,YEŞILTEPE,23960.0,1389243.772830768,0.0863510334854182,154.8,154.8,94.39999999999999,94.39999999999999,12.616,2.6,2.0,0.0,6.447250086475267,58.01271029517597,8945.798481082984,0.6421256038647343,3.8693333333333335,298.9666666666667,6.0,-0.13999999999999999,0.4923921669717998,0.5793765834973624,0.2852804914409842,1,2,2,Düşük Risk (Yeşil Bölge)
ZEYTİNBURNU|ÇIRPICI,ZEYTİNBURNU,ÇIRPICI,26518.0,1537483.9018659245,0.0955588969706878,279.2,279.2,168.8,168.8,25.177333333333337,6.8,1.0,0.0,10.522598145406791,58.01271029517597,16174.102666006294,0.6050020169423154,3.6009444444444445,295.85,4.0,-0.05675675675675676,0.5300259011244113,0.6366740330982348,0.33745372811540514,2,3,6,Orta Risk (Sarı Bölge)
ÇATALCA|AKALAN,ÇATALCA,AKALAN,820.4,43912.321274238224,0.008514996337475881,59.0,59.0,2.8,2.8,4.949333333333334,2.0,0.0,0.0,72.60343545373746,53.33667504793394,3086.3509118463753,0.054384997242140035,2.474666666666667,151.12,5.0,-0.20270270270270266,0.46449184631569185,0.27739668291028435,0.1288484974068465,1,1,1,Düşük Risk (Yeşil Bölge)
ÇATALCA|ATATÜRK,ÇATALCA,ATATÜRK,1318.6,70767.8532299134,0.01371157987474404,229.8,229.8,33.400000000000006,33.400000000000006,38.1195,6.8,6.0,4.0,174.49625989982826,53.33667504793394,12312.439808718405,0.14580815124748175,5.623805555555556,132.2,4.0,0.06388888888888884,0.5717451804646385,0.5362582517721028,0.3066030709350925,2,2,4,Orta Risk (Sarı Bölge)
ÇATALCA|AYDINLAR,ÇATALCA,AYDINLAR,776.5999999999999,41617.32369000629,0.008067115055107061,69.6,69.6,7.3999999999999995,7.3999999999999995,4.793333333333333,1.6,0.0,0.0,89.33291677420232,53.33667504793395,3750.960849564508,0.10438596491228067,2.723333333333333,119.56666666666668,6.0,0.15999999999999995,0.4804567889686439,0.3129368347864582,0.1503526267915127,1,1,1,Düşük Risk (Yeşil Bölge)
ÇATALCA|BAHŞAYİŞ,ÇATALCA,BAHŞAYİŞ,4066.0,218222.4100628901,0.0422812809287613,60.4,60.4,37.4,37.4,89.73575000000001,5.199999999999999,0.0,0.0,14.975158889368005,53.33667504793395,3207.0120730595954,0.6357758620689656,15.139291666666669,301.9,4.0,-0.056249999999999994,0.4957315749995816,0.5170154113434391,0.2563008641643396,1,1,1,Düşük Risk (Yeşil Bölge)
ÇATALCA|BAŞAK,ÇATALCA,BAŞAK,4052.0,217257.85011468478,0.04210670039415426,65.0,65.0,1.4,1.4,10.26,2.8000000000000003,0.0,0.0,16.129948451028476,53.33667504793394,3454.7812949193603,0.0212885154061624,1.4657142857142857,50.2,4.0,-0.04411764705882348,0.3793476134208192,0.2794813167028325,0.10602057048692763,1,1,1,Düşük Risk (Yeşil Bölge)
ÇATALCA|BELGRAT,ÇATALCA,BELGRAT,558.0,29979.711174281354,0.00580682655585654,52.6,52.6,0.0,0.0,0.6533333333333333,0.4,0.0,2.0,95.52669552669553,53.33667504793394,2783.7244577679035,0.0,0.6533333333333333,94.76,5.0,-0.09310344827586203,0.4241304789424412,0.16789802087559308,0.07121066800745328,1,1,1,Düşük Risk (Yeşil Bölge)
ÇATALCA|CELEPKÖY,ÇATALCA,CELEPKÖY,194.8,10445.65618204072,0.00202441392309448,25.6,25.6,0.0,0.0,3.9266666666666667,1.2000000000000002,0.0,0.0,130.22424439389016,53.336675047933944,1392.0445642590687,0.0,1.308888888888889,42.05,4.0,0.3473684210526316,0.38793092471901797,0.14415317183745668,0.05592147325208407,1,1,1,Düşük Risk (Yeşil Bölge)
ÇATALCA|DAĞYENİCE,ÇATALCA,DAĞYENİCE,7742.0,414554.28436941485,0.08037657328963481,45.8,45.8,14.8,14.8,0.6533333333333333,0.4,0.0,0.0,6.01414444478462,53.33667504793394,2365.363184738764,0.35300699300699295,0.6533333333333333,132.56666666666666,6.0,-0.29538461538461536,0.3578472915268798,0.3650797492949534,0.13064279947651136,1,1,1,Düşük Risk (Yeşil Bölge)
ÇATALCA|ELBASAN,ÇATALCA,ELBASAN,639.0,34287.879269967656,0.0066438051437296,45.6,45.6,14.799999999999999,14.799999999999999,12.756666666666668,1.8000000000000003,0.0,0.0,72.65366770779634,53.33667504793395,2386.1625660396758,0.35438596491228064,8.872222222222224,191.64,5.0,-0.19999999999999998,0.4961434381610422,0.3828538778315354,0.1899504392606256,1,1,1,Düşük Risk (Yeşil Bölge)
ÇATALCA|FATİH,ÇATALCA,FATİH,909.8000000000001,51679.640139577896,0.009848537710353098,267.0,267.0,55.4,55.4,35.03283333333333,6.0,0.0,1.0,801.2054507337526,53.33667504793394,14446.636152136232,0.20706287683031865,5.838805555555556,133.4,5.0,0.23611111111111108,0.6073190519894769,0.47873756128338435,0.29074644187037907,3,1,3,Düşük Risk (Yeşil Bölge)
ÇATALCA|FERHATPAŞA,ÇATALCA,FERHATPAŞA,23437.6,1246237.454163658,0.2421355061044392,643.0,643.0,265.3,263.2,50.810833333333335,15.399999999999999,7.2,3.5999999999999996,27.450727617041274,53.33667504793395,34247.07172303615,0.4129290136442868,3.0870703703703706,137.0,7.0,-0.01832061068702286,0.5559871499680218,0.7254351630422708,0.40333262878645937,2,3,6,Orta Risk (Sarı Bölge)
ÇATALCA|GÖKÇEALİ,ÇATALCA,GÖKÇEALİ,917.0,44613.313984252825,0.00890963262960026,135.8,135.2,26.799999999999997,26.799999999999997,26.816666666666663,6.4,1.0,0.0,424.144839789994,53.33667504793395,7250.382021427237,0.1956858045538729,4.105166666666666,211.35,4.0,0.0134328358208955,0.5648742899759848,0.39981119422483236,0.22584306446220273,2,1,2,Düşük Risk (Yeşil Bölge)
ÇATALCA|GÜMÜŞPINAR,ÇATALCA,GÜMÜŞPINAR,1085.0,58027.62600856082,0.01125483349263448,54.4,54.4,21.6,21.6,4.449666666666666,1.6,0.0,1.0,49.72558441312583,53.33667504793395,2983.812688342755,0.5647058823529412,2.5515,63.44,5.0,0.6,0.4376538219877774,0.3742304252715154,0.16378337592419004,1,1,1,Düşük Risk (Yeşil Bölge)
ÇATALCA|HALLAÇLI,ÇATALCA,HALLAÇLI,1105.8000000000002,59071.674900297585,0.01146129416778776,156.60000000000002,156.60000000000002,7.6,7.6,2.5733333333333333,1.0,2.0,1.2,142.06300765294145,53.336675047933944,8221.815413985925,0.04529100529100524,2.5733333333333333,128.06666666666666,3.0,-0.1714285714285714,0.519211434436969,0.3258501848415125,0.1691851418831132,1,1,1,Düşük Risk (Yeşil Bölge)
ÇATALCA|HİSARBEYLİ,ÇATALCA,HİSARBEYLİ,3598.0,192098.99815360783,0.03727784999843402,16.799999999999997,16.799999999999997,0.6,0.6,3.9266666666666667,1.2000000000000002,0.0,0.0,4.665347456640671,53.336675047933944,903.3176907230975,0.0333333333333333,1.308888888888889,61.0,6.0,0.12,0.30424454864073425,0.24883157276145323,0.07570564954237236,1,1,1,Düşük Risk (Yeşil Bölge)
ÇATALCA|KABAKÇA,ÇATALCA,KABAKÇA,1633.1999999999998,87247.42713672406,0.01692792971943562,202.0,200.2,50.199999999999996,50.199999999999996,5.098166666666667,2.0,0.0,0.0,124.2624466378443,53.33667504793395,10519.854112559404,0.28898584905660374,2.5490833333333334,156.36,5.0,-0.23773584905660375,0.5313293926512116,0.4220540452674238,0.22424971953792724,2,1,2,Düşük Risk (Yeşil Bölge)
ÇATALCA|KALEİÇİ,ÇATALCA,KALEİÇİ,7543.4,402046.99204323336,0.07805994797697058,433.0,432.4,124.0,124.0,56.02000000000001,16.2,2.0,6.4,57.38689938950897,53.33667504793394,23010.062213380977,0.290128583894946,3.3804884004884004,210.94285714285712,7.0,-0.04625550660792948,0.5726623367108946,0.6510724040279602,0.37284464425863134,2,3,6,Orta Risk (Sarı Bölge)
ÇATALCA|KALFA,ÇATALCA,KALFA,162.0,8701.054273747026,0.0016854811305766601,64.4,64.4,8.2,8.2,2.2533333333333334,1.4,0.0,0.0,407.2456889732637,53.33667504793394,3359.845857269605,0.1462001853568118,1.5066666666666666,97.13333333333333,9.0,-0.22409638554216862,0.4807693533266907,0.25988203749999417,0.12494331911009497,1,1,1,Düşük Risk (Yeşil Bölge)
ÇATALCA|KARACAKÖY MERKEZ,ÇATALCA,KARACAKÖY MERKEZ,2251.4,119982.94902070845,0.02329613045902848,117.0,117.0,12.8,12.8,4.5905,2.0,0.0,1.2,51.95244217454382,53.33667504793395,6216.185814215581,0.10924526944384486,2.29525,129.24,5.0,-0.048780487804877995,0.48532633752418836,0.37515767855118815,0.1820739021253249,1,1,1,Düşük Risk (Yeşil Bölge)
ÇATALCA|KARAMANDERE,ÇATALCA,KARAMANDERE,606.8,32444.571468182192,0.006293304571240379,105.2,105.2,3.6000000000000005,3.6000000000000005,3.537,1.6,0.0,1.2,172.57899653789087,53.33667504793394,5712.679913891951,0.03983606557377048,2.0951666666666666,104.37142857142857,7.0,0.315,0.5060940162289895,0.2776580838325213,0.14052109478524616,1,1,1,Düşük Risk (Yeşil Bölge)
ÇATALCA|KESTANELİK,ÇATALCA,KESTANELİK,2434.8,129931.91087260909,0.0252176614663248,333.2,333.2,99.2,99.2,99.70908333333334,22.0,0.0,0.0,136.68067309298547,53.33667504793395,18139.698655140488,0.3027897805931954,4.127592948717949,113.4,5.0,0.3768595041322314,0.5702385111035265,0.570839074730633,0.32551442405411085,2,2,4,Orta Risk (Sarı Bölge)
ÇATALCA|KIZILCAALİ,ÇATALCA,KIZILCAALİ,2048.0,109306.1259973468,0.021213627402626223,43.2,43.2,0.4,0.4,2.733333333333334,1.2000000000000002,0.0,0.0,21.194700846525418,53.33667504793394,2163.7543969931403,0.00512820512820512,0.9111111111111113,104.6,4.0,-0.4461538461538462,0.3609328043819124,0.21493428591176586,0.07757683457195741,1,1,1,Düşük Risk (Yeşil Bölge)
ÇATALCA|MURATBEY MERKEZ,ÇATALCA,MURATBEY MERKEZ,1706.2,90802.13208572556,0.0176376316198765,68.8,68.8,17.2,17.2,18.776666666666667,4.6,0.0,6.4,40.23094927203732,53.336675047933944,3628.414460430281,0.25520620661494486,3.9985714285714287,391.9,6.0,-0.1291139240506329,0.5074036849725656,0.4536280577044597,0.23017254808619048,1,1,1,Düşük Risk (Yeşil Bölge)
ÇATALCA|NAKKAŞ,ÇATALCA,NAKKAŞ,982.4,52516.55488241449,0.01018730723396052,73.8,73.8,22.599999999999998,22.599999999999998,99.66908333333335,10.4,1.0,1.6,75.37684337515945,53.33667504793395,3895.0978356699516,0.33610518834399433,9.856605303030303,171.52499999999998,8.0,-0.12142857142857137,0.5159541559550712,0.48766511576357313,0.25161284319252647,1,1,1,Düşük Risk (Yeşil Bölge)
ÇATALCA|OKLALI,ÇATALCA,OKLALI,1386.8000000000002,74083.48575515971,0.014373890277728282,123.8,123.8,78.2,78.2,6.386666666666667,2.8,0.0,0.0,89.06684376027837,53.33667504793395,6695.060003226447,0.613476743357789,2.3666666666666667,144.76,5.0,0.2257425742574257,0.5109969045679134,0.45814958589753496,0.2341130202227117,1,1,1,Düşük Risk (Yeşil Bölge)
ÇATALCA|ORMANLI,ÇATALCA,ORMANLI,1305.0,69822.207435088,0.01354081144165328,76.0,76.0,5.2,5.2,10.093333333333332,3.0000000000000004,0.0,0.0,59.335082269754665,53.33667504793394,3859.945972501454,0.07712609970674486,2.7488888888888887,68.8,5.0,-0.3870967741935484,0.4311356388892806,0.3220466529793101,0.1388457894843893,1,1,1,Düşük Risk (Yeşil Bölge)
ÇATALCA|OVAYENİCE,ÇATALCA,OVAYENİCE,1167.6,62447.75846735578,0.01211199932435718,103.6,103.6,10.6,10.6,17.759833333333333,6.8,1.0,0.0,87.46636937941287,53.33667504793395,5782.254298728478,0.07986301369863011,2.5691388888888893,361.3071428571428,7.0,1.5899999999999999,0.5460387017186256,0.38857806589630517,0.212178662618353,2,1,2,Düşük Risk (Yeşil Bölge)
ÇATALCA|SUBAŞI,ÇATALCA,SUBAŞI,2019.8000000000002,107881.90881009091,0.0209325271512683,161.2,161.2,88.2,88.2,6.610666666666666,2.5999999999999996,3.2,2.0,79.74656998561628,53.33667504793394,8651.123383790871,0.5303656597774244,2.6646666666666663,155.86666666666667,6.0,0.08918918918918915,0.52278707342033,0.5175899204592249,0.2705893197487396,2,1,2,Düşük Risk (Yeşil Bölge)
ÇATALCA|YALIKÖY,ÇATALCA,YALIKÖY,1658.8,88639.47170098312,0.017196598405399117,145.4,145.4,10.6,10.6,10.87,3.6,1.0,4.0,88.65256962376117,53.33667504793394,7365.449373047275,0.09801040710131613,2.9324999999999997,192.0,2.0,-0.39917355371900826,0.5055432990073988,0.4037217496202905,0.2040988251840807,1,1,1,Düşük Risk (Yeşil Bölge)
ÇATALCA|YAYLACIK,ÇATALCA,YAYLACIK,404.2,21648.243170027854,0.00419702408747096,7.6,7.6,0.0,0.0,0.6533333333333333,0.4,0.0,0.0,19.063089630009124,53.33667504793394,395.67666380722164,0.0,0.6533333333333333,59.133333333333326,3.0,-0.24,0.28300825841185917,0.1371879548430455,0.03882532417521509,1,1,1,Düşük Risk (Yeşil Bölge)
ÇATALCA|YAZLIK,ÇATALCA,YAZLIK,545.0,29213.71889948014,0.00566235476580908,29.799999999999997,29.799999999999997,4.4,4.4,0.6533333333333333,0.4,0.0,0.0,54.94145797438722,53.33667504793394,1584.5918831498934,0.14460511679644047,0.6533333333333333,76.96666666666667,6.0,-0.03870967741935479,0.3812520762726862,0.2304575587901733,0.08786242278148822,1,1,1,Düşük Risk (Yeşil Bölge)
ÇATALCA|ÇAKIL,ÇATALCA,ÇAKIL,2625.2,140108.99845148914,0.027191910876432857,179.6,179.6,25.0,25.0,20.35666666666667,6.4,0.0,6.4,68.42227499738064,53.33667504793395,9569.584772051861,0.13936288430670446,3.2491666666666665,293.4333333333333,6.0,-0.01318681318681314,0.54960554679675,0.47998180698540455,0.2638006634807054,2,1,2,Düşük Risk (Yeşil Bölge)
ÇATALCA|ÇANAKÇA,ÇATALCA,ÇANAKÇA,2002.1999999999998,106843.94214703726,0.02073680793710698,202.4,202.4,57.2,57.2,4.82,2.2,0.0,0.0,101.07985766569438,53.33667504793394,10817.12767945525,0.2823714947513676,1.88,99.03333333333333,6.0,0.02741116751269032,0.5126571091039736,0.4286862925630424,0.21976907545786956,1,1,1,Düşük Risk (Yeşil Bölge)
ÇATALCA|ÇİFTLİKKÖY,ÇATALCA,ÇİFTLİKKÖY,1892.8000000000002,101192.86916137775,0.0196291701415792,77.8,77.8,11.2,11.2,5.093333333333334,1.6,0.0,0.0,41.2095206486179,53.336675047933944,4120.547119058032,0.14104754230459304,1.2733333333333334,62.1,6.0,-0.08470588235294117,0.4130023207766786,0.33114870552917647,0.13676518390574283,1,1,1,Düşük Risk (Yeşil Bölge)
ÇATALCA|ÖRCÜNLÜ,ÇATALCA,ÖRCÜNLÜ,454.4,24282.174957927295,0.00471083783188448,75.8,75.8,34.2,34.2,4.176666666666667,2.0,0.0,0.6,167.0399577848788,53.33667504793395,4025.9763521585096,0.4512328767123288,2.0883333333333334,154.36,5.0,-0.0525,0.4978095123782348,0.3814016543915415,0.1898653715929053,1,1,1,Düşük Risk (Yeşil Bölge)
ÇATALCA|ÖRENCİK,ÇATALCA,ÖRENCİK,4248.4,207144.2585604763,0.041339456582435194,41.8,41.8,6.0,6.0,6.646666666666667,1.6,0.0,0.0,23.63098957389229,53.33667504793394,2200.42681733241,0.15421952564809704,1.6616666666666668,41.233333333333334,6.0,-0.14693877551020404,0.35318212874816324,0.31701401380262084,0.11196368423780924,1,1,1,Düşük Risk (Yeşil Bölge)
ÇATALCA|İHSANİYE,ÇATALCA,İHSANİYE,1786.8,95539.18160629674,0.01853171043890926,97.80000000000001,97.80000000000001,21.0,21.0,10.1765,4.3999999999999995,0.0,0.0,55.013234757210654,53.33667504793395,5138.87028723133,0.22775263951734537,2.231638888888889,119.525,8.0,-0.16410256410256407,0.47133124060656556,0.4144590273591308,0.19534748754576964,1,1,1,Düşük Risk (Yeşil Bölge)
ÇATALCA|İNCEĞİZ,ÇATALCA,İNCEĞİZ,4116.2,201334.8751550845,0.04013964622435532,192.2,192.2,28.6,28.6,20.315166666666663,4.6,1.0,0.0,95.50562573991904,53.33667504793395,10026.200896760882,0.16903225806451608,4.327366666666666,184.8,7.0,-0.22499999999999998,0.5384474159263187,0.4760455641031469,0.2563255038545262,2,1,2,Düşük Risk (Yeşil Bölge)
ÇATALCA|İZZETTİN,ÇATALCA,İZZETTİN,804.5999999999999,46112.19122404209,0.00876528732776176,119.19999999999999,119.19999999999999,36.8,36.8,4.2895,2.0,0.0,0.0,4185.546386596649,53.33667504793394,6338.367532599574,0.31012235817575085,2.14475,263.4,7.0,-0.03870967741935479,0.5676625136527781,0.3582839657244057,0.20338437658460193,2,1,2,Düşük Risk (Yeşil Bölge)
ÇEKMEKÖY|ALEMDAĞ,ÇEKMEKÖY,ALEMDAĞ,27950.4,1623441.5842219796,0.10552455325059337,142.0,142.0,20.4,20.4,2.22,1.2,4.0,2.0,5.079805606289938,58.08869421873766,8217.699450325073,0.14338461538461533,1.11,140.23333333333332,6.0,0.09230769230769227,0.4310824807496222,0.478818907256613,0.20641044237000403,1,1,1,Düşük Risk (Yeşil Bölge)
ÇEKMEKÖY|AYDINLAR,ÇEKMEKÖY,AYDINLAR,6390.6,371305.02612185123,0.02413906634804504,186.4,186.4,78.0,78.0,8.59,1.8000000000000003,2.0,2.0,29.18544687753304,58.08869421873766,10744.31575478638,0.4478271728271728,6.1899999999999995,178.16666666666666,6.0,0.21038961038961035,0.5358456411325033,0.5485190052954892,0.2939215180659244,2,2,4,Orta Risk (Sarı Bölge)
ÇEKMEKÖY|CUMHURİYET,ÇEKMEKÖY,CUMHURİYET,17184.2,998111.9642945512,0.06487790135196944,157.0,157.0,65.6,65.6,8.59,1.8000000000000003,3.0,0.0,9.134058994026567,58.08869421873766,9050.410952686547,0.4452747252747252,6.1899999999999995,125.76666666666667,6.0,0.20769230769230765,0.4897459314532316,0.5596514426894679,0.2740870170890983,1,2,2,Düşük Risk (Yeşil Bölge)
ÇEKMEKÖY|EKŞİOĞLU,ÇEKMEKÖY,EKŞİOĞLU,9268.0,537871.6959594898,0.03494709263765916,222.4,222.4,50.8,50.8,26.558333333333337,5.6000000000000005,4.0,4.0,24.130444938639343,58.08869421873766,13136.736251833756,0.21195400494486089,4.9582575757575755,177.8,7.0,-0.2755700325732899,0.5201186620803632,0.5789734918572201,0.3011349179647734,1,2,2,Düşük Risk (Yeşil Bölge)
ÇEKMEKÖY|GÜNGÖREN,ÇEKMEKÖY,GÜNGÖREN,10637.6,618146.7385481405,0.04018940961131408,140.8,140.8,77.0,77.0,8.500166666666667,2.0,0.0,0.0,13.260407728121086,58.08869421873766,8058.3971439291345,0.5962642256308759,4.250083333333333,164.36666666666667,6.0,0.49787234042553186,0.4970586472518933,0.5261397493637933,0.2615223120842173,1,2,2,Düşük Risk (Yeşil Bölge)
ÇEKMEKÖY|HAMİDİYE,ÇEKMEKÖY,HAMİDİYE,29796.6,1731492.839105051,0.11257549932579398,210.8,210.8,54.0,54.0,7.6801666666666675,1.8000000000000003,5.0,0.0,7.064011182521974,58.08869421873766,12394.938115677916,0.2686694907927725,4.155722222222222,213.64,5.0,-0.21635687732342004,0.49549663043291764,0.5587550149251808,0.27686122713292166,1,2,2,Düşük Risk (Yeşil Bölge)
ÇEKMEKÖY|HÜSEYİNLİ,ÇEKMEKÖY,HÜSEYİNLİ,8888.0,516168.73370119755,0.03354879731703496,65.6,65.6,10.2,10.2,9.586666666666666,1.6,0.0,4.0,7.380638353996307,58.08869421873765,3809.0735843124066,0.15482517482517477,5.236666666666666,85.3,6.0,0.00923076923076918,0.4243270175072679,0.4274704287640884,0.18138725211001866,1,1,1,Düşük Risk (Yeşil Bölge)
ÇEKMEKÖY|KOÇULLU,ÇEKMEKÖY,KOÇULLU,1551.8,89990.6495578323,0.005844642786181381,42.8,42.8,8.6,8.6,10.719999999999999,2.0,0.0,0.0,27.67694874425509,58.08869421873766,2497.0094076194573,0.18521276595744685,5.359999999999999,72.05,4.0,-0.08936170212765954,0.4273408228394805,0.33752855919911073,0.14423973221997227,1,1,1,Düşük Risk (Yeşil Bölge)
ÇEKMEKÖY|KİRAZLIDERE,ÇEKMEKÖY,KİRAZLIDERE,10408.4,604171.6540782625,0.039258717648093105,86.2,86.2,52.4,52.4,8.996666666666666,2.2,2.5999999999999996,0.0,8.263013348268256,58.08869421873766,4957.813235678108,0.6778833107191315,5.991666666666666,171.8,6.0,0.28656716417910444,0.47174648753862425,0.540797084728539,0.25511912519181607,1,2,2,Düşük Risk (Yeşil Bölge)
ÇEKMEKÖY|MEHMET AKİF,ÇEKMEKÖY,MEHMET AKİF,32332.8,1879007.390424338,0.12217091031581745,395.20000000000005,395.20000000000005,99.80000000000001,99.0,9.046833333333332,2.6,4.0,0.0,12.18488469530056,58.08869421873766,23440.160719958418,0.26782161234991425,3.724166666666666,211.24,5.0,-0.3221269296740995,0.5248594982793776,0.5859746907763805,0.3075543822053045,2,2,4,Orta Risk (Sarı Bölge)
ÇEKMEKÖY|SARIYER MERKEZ,ÇEKMEKÖY,SARIYER MERKEZ,15605.0,905485.4291638596,0.05882676132067144,412.79999999999995,406.0,227.39999999999998,227.39999999999998,13.322333333333335,5.0,22.0,12.0,26.461922641867858,58.08869421873766,23974.378704184557,0.5509256320744736,2.6644666666666668,275.835,10.0,0.00437956204379562,0.5400015235863195,0.5520204363593926,0.29809187668485687,2,2,4,Orta Risk (Sarı Bölge)
ÇEKMEKÖY|MİMAR SİNAN,ÇEKMEKÖY,MİMAR SİNAN,16853.4,942436.8828260241,0.06003141439810228,228.8,228.8,67.4,67.4,7.526833333333332,1.8000000000000003,7.0,0.0,43.506813298721056,58.08869421873766,13363.29678977601,0.29204002223457476,4.104611111111111,293.20000000000005,7.0,-0.10972762645914395,0.4965134754139964,0.5683178100288274,0.28217745099708447,1,2,2,Düşük Risk (Yeşil Bölge)
ÇEKMEKÖY|NİŞANTEPE,ÇEKMEKÖY,NİŞANTEPE,12268.8,711878.3877965948,0.04624790169625386,180.60000000000002,180.60000000000002,43.8,43.8,6.236666666666667,2.2,10.0,20.0,14.713287143025598,58.088694218737665,10466.10207291548,0.24082934609250395,2.6166666666666667,186.16,5.0,0.05614035087719298,0.43096961785377785,0.3488622461744486,0.1503490289174127,1,1,1,Düşük Risk (Yeşil Bölge)
ÇEKMEKÖY|REŞADİYE,ÇEKMEKÖY,REŞADİYE,2673.0,154846.27162657023,0.010051303590825879,66.4,66.4,15.8,15.8,2.92,1.2000000000000002,0.0,0.0,24.773215827927707,58.08869421873766,3835.462706009209,0.23419540229885055,0.9733333333333333,148.72,5.0,0.14482758620689656,0.5578192560780978,0.7142604723609992,0.3984282453384033,2,3,6,Orta Risk (Sarı Bölge)
ÇEKMEKÖY|SIRAPINAR,ÇEKMEKÖY,SIRAPINAR,1486.8,86261.22712671786,0.00560377606243518,77.8,77.8,12.2,12.2,8.7,1.2,0.0,3.0,52.44312648567268,58.08869421873766,4537.837487459194,0.15165189363416598,4.35,88.8,3.0,-0.08470588235294117,0.45839843164331484,0.3585714566937056,0.16436859338045343,1,1,1,Düşük Risk (Yeşil Bölge)
ÇEKMEKÖY|SOĞUKPINAR,ÇEKMEKÖY,SOĞUKPINAR,9472.8,550111.1964644532,0.0357542521839153,113.2,113.2,20.799999999999997,20.799999999999997,9.323333333333334,2.2,0.0,1.0,11.93928016948792,58.08869421873766,6510.7604152161875,0.1967132867132867,6.073333333333332,181.5142857142857,7.0,0.2863636363636364,0.4947863495218595,0.4675813082133008,0.23135284859551455,1,1,1,Düşük Risk (Yeşil Bölge)
ÇEKMEKÖY|SULTANÇİFTLİĞİ,ÇEKMEKÖY,SULTANÇİFTLİĞİ,12538.4,700890.5064670108,0.044636530714026595,144.0,144.0,162.60000000000002,162.60000000000002,15.779000000000002,4.800000000000001,6.0,0.0,32.19392409201741,58.08869421873766,8326.153056578629,1.126819691935971,3.495305555555556,180.975,8.0,0.11627906976744186,0.4996594256016488,0.6398434820625428,0.319703826722329,1,3,3,Düşük Risk (Yeşil Bölge)
ÇEKMEKÖY|TAŞDELEN,ÇEKMEKÖY,TAŞDELEN,4569.8,265194.1957594077,0.01722990846991946,84.0,84.0,62.0,62.0,5.6306666666666665,1.4,4.0,2.0,18.329186281378735,58.08869421873766,4833.107621270453,0.7121212121212122,4.277333333333333,146.5,6.0,0.27272727272727265,0.4762110040274951,0.5341203540816423,0.25435399008874005,1,2,2,Düşük Risk (Yeşil Bölge)
ÇEKMEKÖY|ÇAMLIK,ÇEKMEKÖY,ÇAMLIK,22050.0,1280940.6691271886,0.08326894195877732,159.39999999999998,159.39999999999998,54.0,54.0,9.307,2.8,2.0,0.0,7.227651812419956,58.08869421873766,9338.120436742753,0.3351912154486936,3.1168333333333336,199.16666666666666,6.0,-0.16105263157894734,0.47571897737145324,0.5464876518109409,0.25997454686562765,1,2,2,Düşük Risk (Yeşil Bölge)
ÇEKMEKÖY|ÇATALMEŞE,ÇEKMEKÖY,ÇATALMEŞE,9162.2,532000.8787568948,0.03457472355024662,356.4,356.4,36.800000000000004,36.800000000000004,2.8533333333333335,1.6,2.0,6.0,38.90772015580193,58.08869421873766,20727.52672254664,0.10249492583918808,1.7433333333333336,155.84,5.0,-0.026229508196721298,0.5308884285573672,0.4817451695105636,0.25575293600656557,2,1,2,Düşük Risk (Yeşil Bölge)
ÇEKMEKÖY|ÖMERLİ,ÇEKMEKÖY,ÖMERLİ,5493.6,318651.0788725853,0.020697895462323222,167.8,167.8,43.2,43.2,16.074166666666667,4.2,2.0,14.0,30.5838546866412,58.08869421873766,9758.096184961665,0.2573784355179704,3.636166666666667,100.6,10.0,-0.02441860465116276,0.4944911461593065,0.5629935350031858,0.278395318404005,1,2,2,Düşük Risk (Yeşil Bölge)
ÜMRANİYE|ADEM YAVUZ,ÜMRANİYE,ADEM YAVUZ,16870.800000000003,949821.3647783797,0.024968372686984642,271.2,271.2,59.0,59.0,103.62908333333334,10.4,1.0,0.0,16.092999044931112,56.31349267653417,15340.492782978221,0.22890654893303897,10.216605303030303,458.19000000000005,5.0,0.2053333333333333,0.5845584085543382,0.6173184768010164,0.36085870636999023,3,2,6,Orta Risk (Sarı Bölge)
ÜMRANİYE|ALTINŞEHİR,ÜMRANİYE,ALTINŞEHİR,28611.4,1610657.2424639293,0.04234119180711454,335.0,335.0,84.6,84.6,98.28241666666668,6.8,1.0,0.0,11.708124889200864,56.31349267653417,18856.153349352953,0.2509112172302894,15.932625000000002,438.91,5.0,-0.017595307917888537,0.5899667410366027,0.6383716742631835,0.3766180562351301,3,3,9,Kritik Risk (Kırmızı Bölge)
ÜMRANİYE|ARMAĞANEVLER,ÜMRANİYE,ARMAĞANEVLER,42080.0,2369051.1030185386,0.06227658893953872,543.6,543.6,107.8,107.8,23.102333333333334,5.800000000000001,1.0,2.0,12.924874753729242,56.31349267653417,30666.10147240854,0.1987700363919215,4.186561904761904,242.5333333333333,6.0,0.07218934911242604,0.5628040417421402,0.633337921820879,0.3564451421893583,2,2,4,Orta Risk (Sarı Bölge)
ÜMRANİYE|ATAKENT,ÜMRANİYE,ATAKENT,20087.0,1130827.7595480313,0.02972703695883396,244.79999999999998,244.2,84.4,84.4,18.096666666666664,5.2,9.0,0.0,12.184178549474531,56.31349267653417,13770.469621829376,0.34240896358543416,3.6548809523809522,301.75,4.0,-0.03999999999999996,0.5283110290167592,0.6150655407839504,0.3249459087643183,2,2,4,Orta Risk (Sarı Bölge)
ÜMRANİYE|ATATÜRK,ÜMRANİYE,ATATÜRK,24362.800000000003,1371380.684065463,0.036051814541171914,388.0,388.0,134.6,134.6,26.03966666666667,5.800000000000001,4.0,0.0,15.894765900898676,56.31349267653417,21734.36809377733,0.34812231759656653,4.208523809523809,435.2642857142857,7.0,-0.16738197424892698,0.5665212031463863,0.6429593339919075,0.3642500954672947,2,3,6,Orta Risk (Sarı Bölge)
ÜMRANİYE|AŞAĞI DUDULLU,ÜMRANİYE,AŞAĞI DUDULLU,6764.8,369288.0349876788,0.00979147441150626,437.2,435.4,104.4,104.4,108.93575000000001,16.6,2.0,195.0,168.73374059277154,56.31349267653418,24511.198621563017,0.24748320455141518,6.486661764705882,341.32,10.0,-0.1444227005870841,0.6216203062995288,0.699547880827136,0.4348531679509506,3,3,9,Kritik Risk (Kırmızı Bölge)
ÜMRANİYE|CEMİL MERİÇ,ÜMRANİYE,CEMİL MERİÇ,21980.4,1237211.4390853303,0.03252514406162704,877.75,872.75,128.8,128.8,114.46908333333334,17.6,0.0,0.0,39.94179192984555,56.31349267653417,49429.168196827864,0.146738820848761,6.817651041666667,303.025,8.0,0.0,0.6286054002618751,0.6525478815903581,0.4101951222971457,3,3,9,Kritik Risk (Kırmızı Bölge)
ÜMRANİYE|DUMLUPINAR,ÜMRANİYE,DUMLUPINAR,12119.599999999999,682285.0917773882,0.01793585514332134,508.8,508.8,43.8,43.8,34.4025,9.0,2.0,0.0,42.06445626239164,56.31349267653417,28832.299028726266,0.07850479569044798,3.8225,638.8499999999999,5.0,0.3147286821705426,0.6224866117004774,0.5489560735295733,0.3417178061838222,3,2,6,Orta Risk (Sarı Bölge)
ÜMRANİYE|ELMALIKENT,ÜMRANİYE,ELMALIKENT,22035.6,1240725.1519470452,0.03261456847772566,507.79999999999995,507.79999999999995,63.199999999999996,63.199999999999996,30.019166666666667,8.0,5.0,0.0,23.035945303133712,56.31349267653417,28514.417966112902,0.12516206401104182,3.7523958333333334,463.95714285714286,7.0,-0.09804618117229129,0.588408607507278,0.6113441784961401,0.35972017677659457,3,2,6,Orta Risk (Sarı Bölge)
ÜMRANİYE|ESENEVLER,ÜMRANİYE,ESENEVLER,26302.2,1480829.1525706835,0.038927044705071204,315.8,315.8,94.4,94.4,24.759166666666665,5.800000000000001,4.0,0.0,11.982433734813753,56.31349267653417,17617.9937480014,0.32933648737736065,4.466119047619047,399.67499999999995,6.0,-0.26214953271028035,0.5449027910628751,0.6293126978226725,0.342914245494882,2,2,4,Orta Risk (Sarı Bölge)
ÜMRANİYE|ESENKENT,ÜMRANİYE,ESENKENT,21428.6,1206742.3625813238,0.031719862688557116,302.8,302.8,92.2,92.2,100.92241666666668,6.6,2.0,5.0,14.129728522856592,56.31349267653417,17112.019123999307,0.3117973629424011,18.994557407407406,369.375,8.0,0.15572519083969463,0.592060030810965,0.6856893851500735,0.4059692784987042,3,3,9,Kritik Risk (Kırmızı Bölge)
ÜMRANİYE|ESENŞEHİR,ÜMRANİYE,ESENŞEHİR,20802.0,1171278.107454759,0.03078895230562522,566.4,564.8,99.0,99.0,106.88241666666667,12.6,2.0,3.0,27.21737264449461,56.31349267653417,31793.10856347142,0.16976052249637152,9.247573232323232,339.6,8.0,-0.10943396226415092,0.6078710154959421,0.6791799920126727,0.4128538314492692,3,3,9,Kritik Risk (Kırmızı Bölge)
ÜMRANİYE|FATİH SULTAN MEHMET,ÜMRANİYE,FATİH SULTAN MEHMET,4681.6,263584.93380047503,0.00692888522373356,59.0,52.6,11.2,11.2,6.561833333333333,1.6,2.0,0.0,12.586896668299971,56.31349267653417,3300.3293247005313,0.20099282956425807,3.6442500000000004,475.35555555555555,9.0,-0.20270270270270266,0.4749272784776338,0.424009590300935,0.20137372077003957,1,1,1,Düşük Risk (Yeşil Bölge)
ÜMRANİYE|FİNANSKENT,ÜMRANİYE,FİNANSKENT,5463.0,313514.7974438773,0.00819838548105468,22.0,22.0,1.2,1.2,5.298,2.0,4.0,0.0,6.882456007814354,56.31349267653417,1243.330187526749,0.04999999999999998,2.649,484.64000000000004,10.0,0.15789473684210525,0.4197266710711925,0.3452743852345237,0.14492086832063913,1,1,1,Düşük Risk (Yeşil Bölge)
ÜMRANİYE|HEKİMBAŞI,ÜMRANİYE,HEKİMBAŞI,7462.200000000001,419984.9175635687,0.01104130601688134,423.2,423.2,21.6,21.6,27.983333333333334,8.2,0.0,0.6,56.760908100133115,56.31349267653417,23855.810183381443,0.05068671520284416,3.298888888888889,609.37,5.0,0.03980343980343978,0.6111528525971335,0.48470938043895323,0.2962315205358555,3,1,3,Düşük Risk (Yeşil Bölge)
ÜMRANİYE|HUZUR,ÜMRANİYE,HUZUR,5607.0,305996.3864227335,0.00811398616409536,255.2,255.2,42.0,42.0,103.62908333333334,10.4,0.0,0.0,131.9971719541852,56.31349267653417,14355.243275936731,0.16346107203492594,10.216605303030303,337.1,4.0,-0.04060150375939848,0.6042815979526501,0.533886342272135,0.32261769203330126,3,2,6,Orta Risk (Sarı Bölge)
ÜMRANİYE|IHLAMURKUYU,ÜMRANİYE,IHLAMURKUYU,15976.2,899513.3611385114,0.0236454856653844,365.6,365.20000000000005,115.0,115.0,112.75575,14.0,0.0,0.0,22.87806323411212,56.31349267653417,20553.632803125518,0.3105824458318031,8.77817524509804,493.9375,4.0,-0.060154241645244175,0.5992482949100217,0.6351923657273698,0.3806379421019893,3,2,6,Orta Risk (Sarı Bölge)
ÜMRANİYE|KAZIM KARABEKİR,ÜMRANİYE,KAZIM KARABEKİR,7478.6,408077.46120090166,0.010821275671637681,543.5999999999999,543.5999999999999,52.4,52.4,27.429666666666666,6.6,2.0,0.0,220.18250367698766,56.31349267653417,30617.334637335574,0.09659747659747658,4.541933333333334,640.0125,4.0,0.006666666666666659,0.6525278275146971,0.5263102403522061,0.34343207773576306,3,2,6,Orta Risk (Sarı Bölge)
ÜMRANİYE|MADENLER,ÜMRANİYE,MADENLER,9992.199999999999,575119.6977595998,0.015027389346746158,145.6,145.6,41.2,41.2,17.092000000000002,3.6,7.0,3.0,44.93016431818057,56.31349267653417,8182.397808859987,0.28662420382165604,4.599111111111111,325.29999999999995,6.0,-0.07261146496815281,0.5282902062589139,0.5657426768481323,0.29887631544156984,2,2,4,Orta Risk (Sarı Bölge)
ÜMRANİYE|MEHMET AKİF,ÜMRANİYE,MEHMET AKİF,12126.2,661785.4420875517,0.01754822821599928,219.79999999999998,219.79999999999998,70.8,70.8,34.91383333333333,9.8,6.0,0.0,54.42478773016109,56.31349267653417,12384.799048131004,0.3234956721243091,3.621257575757576,418.71428571428567,7.0,0.02232558139534878,0.5601479870691451,0.6020857935806728,0.33725714531714274,2,2,4,Orta Risk (Sarı Bölge)
ÜMRANİYE|NAMIK KEMAL,ÜMRANİYE,NAMIK KEMAL,28140.0,1584129.682080512,0.04164376223958538,356.20000000000005,356.20000000000005,109.6,109.6,16.709999999999997,4.2,1.0,1.0,12.640860215053763,56.31349267653417,19967.539109335732,0.3166461608566872,4.282222222222222,427.43999999999994,5.0,-0.1478468899521531,0.55866143068462,0.6074899514269847,0.33938120539072963,2,2,4,Orta Risk (Sarı Bölge)
ÜMRANİYE|NECİP FAZIL,ÜMRANİYE,NECİP FAZIL,28466.2,1602722.5841632043,0.04213087019311863,311.6,310.8,139.4,139.4,29.812833333333337,7.6,4.0,2.0,10.947323893836796,56.31349267653417,17552.60433637965,0.449731160559186,3.875532738095238,382.79999999999995,7.0,0.01168831168831164,0.5476544229537705,0.6695855955738698,0.3667015129621644,2,3,6,Orta Risk (Sarı Bölge)
ÜMRANİYE|PARSELLER,ÜMRANİYE,PARSELLER,15904.2,895436.6229225862,0.023538486481918718,227.2,227.2,46.8,46.8,103.62908333333334,10.4,1.0,0.0,14.286513254299301,56.31349267653417,12796.198875565762,0.2061946902654867,10.216605303030303,450.83,5.0,0.00530973451327428,0.5695971498833913,0.6045085864708277,0.34432636793382104,2,2,4,Orta Risk (Sarı Bölge)
ÜMRANİYE|SİTE,ÜMRANİYE,SİTE,21626.2,1217489.527420638,0.03200511509777462,248.2,248.2,219.0,217.2,29.84233333333333,7.199999999999999,8.0,0.0,11.465821803318482,56.31349267653417,13925.582038057015,0.9230530035335689,4.417425925925926,428.79999999999995,4.0,-0.12296819787985866,0.5418144631659009,0.6925209476470687,0.3752178654805375,2,3,6,Orta Risk (Sarı Bölge)
ÜMRANİYE|TANTAVİ,ÜMRANİYE,TANTAVİ,11773.2,663013.9520620443,0.01742759150644696,128.8,128.8,63.0,63.0,18.694333333333333,5.4,1.0,0.0,10.938103867401784,56.31349267653418,7291.304655067376,0.5069956111184998,3.550422222222222,558.61,5.0,0.25048543689320385,0.5238611444234887,0.5610486670185582,0.2939115967816147,2,2,4,Orta Risk (Sarı Bölge)
ÜMRANİYE|TATLISU,ÜMRANİYE,TATLISU,22894.8,1289457.2793883344,0.03389300672524744,349.40000000000003,349.40000000000003,65.6,65.6,36.541,10.799999999999999,0.0,2.0,15.240654669415212,56.313492676534175,19883.415057673305,0.2168252562454772,3.436564814814815,337.44000000000005,5.0,0.6717703349282297,0.561636093393801,0.5948823557577869,0.33410740231670477,2,2,4,Orta Risk (Sarı Bölge)
ÜMRANİYE|TEPEÜSTÜ,ÜMRANİYE,TEPEÜSTÜ,8124.2,469305.42462981446,0.012250487404267079,259.79999999999995,259.79999999999995,94.4,94.4,96.64241666666668,5.800000000000001,2.0,0.0,929.6567242673457,56.31349267653418,14548.671782332432,0.3421168766460246,18.80810238095238,439.39166666666665,6.0,-0.17523809523809525,0.6313495961218347,0.5853166759876605,0.36953944698818425,3,2,6,Orta Risk (Sarı Bölge)
ÜMRANİYE|TOPAĞACI,ÜMRANİYE,TOPAĞACI,13962.400000000001,785969.1557693882,0.02066191535106432,723.2,723.2,31.799999999999997,31.799999999999997,30.019166666666667,8.0,2.0,0.0,51.85042863143394,56.31349267653417,40825.22491327264,0.04434070121951214,3.7523958333333334,591.85,5.0,0.10243902439024385,0.6364786719818964,0.543903007268146,0.34618266375298934,3,2,6,Orta Risk (Sarı Bölge)
ÜMRANİYE|YAMANEVLER,ÜMRANİYE,YAMANEVLER,17162.2,968074.50291008,0.02543481264048398,102.0,102.0,37.4,37.4,25.546333333333333,6.6000000000000005,5.0,4.0,6.027926318820047,56.31349267653417,5704.076115219512,0.3821151716500553,3.7397936507936507,485.25625,8.0,-0.20930232558139536,0.4832066929436491,0.6048073584930485,0.29224696356540997,1,2,2,Düşük Risk (Yeşil Bölge)
ÜMRANİYE|YUKARI DUDULLU,ÜMRANİYE,YUKARI DUDULLU,21623.6,1217497.392872455,0.032004204029534036,493.6,493.6,110.0,110.0,101.80908333333335,11.6,2.0,2.0,22.82060401796447,56.31349267653417,27744.026471149904,0.21904516751799857,8.59222159090909,420.31875,8.0,-0.06691871455576553,0.6050841430887682,0.6789628715774838,0.41082966733755116,3,3,9,Kritik Risk (Kırmızı Bölge)
ÜMRANİYE|ÇAKMAK,ÜMRANİYE,ÇAKMAK,38100.0,2145100.736111652,0.0563886189855278,779.2,770.4000000000001,182.8,182.8,105.44241666666667,9.6,5.0,0.0,20.447916666666664,56.31349267653417,43832.479997939656,0.23450510624038207,10.743204629629629,271.04999999999995,8.0,-0.039210850801479596,0.616256271297166,0.7249267103620406,0.44674063149143173,3,3,9,Kritik Risk (Kırmızı Bölge)
ÜMRANİYE|ÇAMLIK,ÜMRANİYE,ÇAMLIK,24215.4,1363391.2963196803,0.0358395532367913,370.4,370.4,67.6,67.6,102.78908333333334,7.0,1.0,0.0,15.281974676472299,56.31349267653417,20751.230650227724,0.18516887960405473,14.684154761904763,418.5642857142857,7.0,-0.163882618510158,0.5961626900761254,0.6362857046425386,0.3793297973366789,3,2,6,Orta Risk (Sarı Bölge)
ÜMRANİYE|İNKILAP,ÜMRANİYE,İNKILAP,33604.2,1895319.8207878398,0.04979837509787486,820.25,817.25,72.8,72.8,31.30966666666667,8.4,4.0,0.0,24.363927193565573,56.31349267653417,46318.601141413325,0.09007921386813103,4.2171666666666665,358.0,8.0,0.11750681198910078,0.6099451878250585,0.6279864103443189,0.3830372890090498,3,2,6,Orta Risk (Sarı Bölge)
ÜMRANİYE|İSTİKLAL,ÜMRANİYE,İSTİKLAL,48594.600000000006,2735317.800360655,0.07190845174503893,539.4000000000001,539.4000000000001,210.8,209.39999999999998,22.558,6.2,4.0,0.0,11.103347051519581,56.31349267653417,30383.47797727993,0.39160924534939057,3.6611000000000002,238.13333333333333,6.0,0.010112359550561759,0.5539721540071632,0.6785579403030371,0.3759022038083375,2,3,6,Orta Risk (Sarı Bölge)
ÜMRANİYE|ŞERİFALİ,ÜMRANİYE,ŞERİFALİ,9513.6,535718.3305053462,0.01408190075271424,343.6,343.6,51.6,51.6,38.88216666666667,11.2,2.0,0.0,36.11533742455934,56.31349267653417,19332.469358813752,0.15051307847082493,3.5577708333333335,385.475,8.0,-0.03211267605633798,0.5763943540396065,0.5768729196230387,0.3325062938690632,2,2,4,Orta Risk (Sarı Bölge)
ÜSKÜDAR|ACIBADEM,ÜSKÜDAR,ACIBADEM,24440.0,1573935.3127837393,0.0522948216474691,410.6,402.20000000000005,66.2,66.2,21.715500000000002,7.3999999999999995,5.4,0.0,16.837776592908558,64.41376146984824,26530.29806076197,0.15580082779380408,2.8395,594.7083333333334,6.0,0.2712074303405573,0.5854580914239815,0.5996156123949993,0.35104981202079816,3,2,6,Orta Risk (Sarı Bölge)
ÜSKÜDAR|AHMEDİYE,ÜSKÜDAR,AHMEDİYE,8776.0,565101.385574261,0.01877649569723944,556.0,556.0,40.8,40.8,15.232833333333335,4.6,3.0,0.0,63.409939234091866,64.41376146984825,35830.90225420322,0.07265563642075495,3.311233333333333,416.72,5.0,0.03345724907063196,0.6168772174678738,0.5215266097908714,0.32171788388324635,3,1,3,Düşük Risk (Yeşil Bölge)
ÜSKÜDAR|ALTUNİZADE,ÜSKÜDAR,ALTUNİZADE,12821.8,825303.8457694475,0.027425231096116456,339.2,339.2,126.6,126.6,101.00241666666668,12.399999999999999,18.0,0.0,26.562020465381906,64.41376146984824,21872.739118327154,0.36914406355113427,8.33054326923077,456.2772727272727,11.0,0.08025477707006369,0.5997311437595556,0.7110036888173089,0.4264110555116678,3,3,9,Kritik Risk (Kırmızı Bölge)
ÜSKÜDAR|AZİZ MAHMUT HÜDAYİ,ÜSKÜDAR,AZİZ MAHMUT HÜDAYİ,8630.400000000001,555885.0720190387,0.01846872024562484,429.4,428.19999999999993,29.8,29.8,7.929166666666666,3.2,5.0,0.0,49.7736006274736,64.41376146984824,27717.685548640482,0.0678422048282684,2.343958333333333,411.0,3.0,0.17002724795640325,0.5928617352913346,0.4840287307360002,0.2869621132350072,3,1,3,Düşük Risk (Yeşil Bölge)
ÜSKÜDAR|BAHÇELİEVLER,ÜSKÜDAR,BAHÇELİEVLER,22871.8,1473310.9073046746,0.0489479492537902,663.4,663.4,104.8,104.8,53.227000000000004,21.799999999999997,10.0,0.0,28.992497727302922,64.41376146984824,42900.03643287432,0.15593553085716094,2.4256086956521736,590.8277777777778,9.0,0.37066115702479335,0.6160749464794375,0.6756811138425712,0.4162702060477288,3,3,9,Kritik Risk (Kırmızı Bölge)
ÜSKÜDAR|BARBAROS,ÜSKÜDAR,BARBAROS,17297.8,1113796.7763166479,0.03700823899843164,347.0,347.0,80.0,80.0,17.4455,7.199999999999999,7.0,1.0,20.10788987945519,64.41376146984824,22388.08546346712,0.2291877023780508,2.4775833333333335,389.84000000000003,5.0,0.12662337662337658,0.5614338964350638,0.6108393504563258,0.34294591662255847,2,2,4,Orta Risk (Sarı Bölge)
ÜSKÜDAR|BEYLERBEYİ,ÜSKÜDAR,BEYLERBEYİ,5166.200000000001,332772.68941783323,0.01105586996332138,235.8,234.6,41.599999999999994,41.599999999999994,102.50908333333334,11.6,3.0,0.0,45.644400420788884,64.41376146984824,15221.34331672756,0.18290017095987243,8.655857954545455,442.43999999999994,5.0,0.17313432835820897,0.5997386454092377,0.5837071271544174,0.350071721755308,3,2,6,Orta Risk (Sarı Bölge)
ÜSKÜDAR|BULGURLU,ÜSKÜDAR,BULGURLU,26260.0,1691280.697838647,0.056192347134990966,301.6,301.6,118.0,118.0,22.514499999999998,10.0,5.0,0.0,11.495640858815875,64.41376146984824,19467.07086812953,0.39778167778167783,2.129779761904762,479.65,5.0,0.16447876447876444,0.546605827046311,0.6358383709880173,0.34755295864168434,2,2,4,Orta Risk (Sarı Bölge)
ÜSKÜDAR|BURHANİYE,ÜSKÜDAR,BURHANİYE,16357.6,1053579.2773687346,0.0350042598156707,554.0,554.0,100.2,100.2,37.507999999999996,14.0,4.0,0.0,33.886593344295115,64.41376146984824,35769.47823913389,0.17582837245872174,2.679142857142857,382.6,6.0,0.1939655172413793,0.5960647460702397,0.6260537658295782,0.37316857895552485,3,2,6,Orta Risk (Sarı Bölge)
ÜSKÜDAR|CUMHURİYET,ÜSKÜDAR,CUMHURİYET,37752.0,2431669.685583862,0.08078919699626691,713.45,710.45,140.4,140.4,37.352333333333334,15.0,4.6,0.0,18.90807529784966,64.41376146984824,46186.71471114451,0.2381144119094653,2.4290701754385964,488.4000000000001,7.0,0.5277301927194861,0.6046133358854173,0.6683834927789295,0.4041135732198153,3,3,9,Kritik Risk (Kırmızı Bölge)
ÜSKÜDAR|FERAH,ÜSKÜDAR,FERAH,12941.6,845531.2671501744,0.0279756551925788,548.5999999999999,548.5999999999999,92.8,92.8,54.8465,21.0,5.0,0.0,753.1139085527471,64.41376146984824,35481.1836924822,0.17639853001224987,2.6117380952380955,493.57500000000005,6.0,0.3888607594936709,0.6438328941686566,0.6022976097149455,0.3877790132136374,3,2,6,Orta Risk (Sarı Bölge)
ÜSKÜDAR|GÜZELTEPE,ÜSKÜDAR,GÜZELTEPE,6095.2,385914.8502287045,0.0128865404370521,515.4,515.4,113.0,113.0,98.44241666666667,26.0,3.2,0.0,293.0114635834482,64.41376146984824,33349.948858369185,0.21455686445212246,3.3536285014005602,575.0,4.0,0.45593220338983054,0.6515899325772632,0.6072607716241036,0.3956850052393665,3,2,6,Orta Risk (Sarı Bölge)
ÜSKÜDAR|KANDİLLİ,ÜSKÜDAR,KANDİLLİ,643.0,40713.12027196817,0.00135948164942586,69.8,69.4,13.4,13.4,102.86241666666668,7.800000000000001,1.2,0.0,313.9608608181429,64.41376146984824,4494.957158797568,0.1919167176974892,18.78437222222222,200.46666666666667,3.0,-0.0169014084507042,0.5657140794966093,0.440307032552951,0.2490878876165763,2,1,2,Düşük Risk (Yeşil Bölge)
ÜSKÜDAR|KISIKLI,ÜSKÜDAR,KISIKLI,20313.0,1308352.4823521895,0.04346878953751348,592.4,592.4,134.4,134.4,53.250166666666665,17.6,11.6,0.0,29.186099473479338,64.41376146984825,38301.38305306372,0.23059208802724646,3.0057717864923745,434.69444444444446,9.0,0.3463636363636364,0.604973691664709,0.690331697754432,0.4176325156636649,3,3,9,Kritik Risk (Kırmızı Bölge)
ÜSKÜDAR|KULELİ,ÜSKÜDAR,KULELİ,4024.8,259417.0840622287,0.008617128362045,102.4,102.4,11.799999999999999,11.799999999999999,100.94241666666667,5.4,1.0,0.0,25.369278882347487,64.41376146984825,6609.4498760865345,0.10925324675324667,19.741594444444445,350.46666666666664,3.0,0.1636363636363636,0.5638066222240796,0.4878492051562665,0.27505261251385665,2,1,2,Düşük Risk (Yeşil Bölge)
ÜSKÜDAR|KUZGUNCUK,ÜSKÜDAR,KUZGUNCUK,4049.0,260715.83188859918,0.008662805001952639,249.4,249.4,29.6,29.6,98.97575,13.200000000000001,2.0,0.0,61.65587431651828,64.41376146984824,16072.655853165028,0.11899438613619716,7.205886904761905,373.28,5.0,0.03485477178423234,0.5939215152637913,0.5490872608117131,0.32611473795333723,3,2,6,Orta Risk (Sarı Bölge)
ÜSKÜDAR|KÜPLÜCE,ÜSKÜDAR,KÜPLÜCE,10800.4,704192.2866337055,0.02331309295798898,458.4,458.4,70.4,70.4,36.62,13.600000000000001,4.0,0.0,100.9811958921609,64.41376146984825,29625.00334419047,0.14860041088854642,2.675311355311355,454.03999999999996,5.0,0.29491525423728815,0.6115001008632792,0.5812856849345142,0.3554562549678357,3,2,6,Orta Risk (Sarı Bölge)
ÜSKÜDAR|KÜÇÜK ÇAMLICA,ÜSKÜDAR,KÜÇÜK ÇAMLICA,4975.200000000001,315026.8277165601,0.01051919437067134,420.4,420.4,66.4,66.4,29.795833333333334,11.8,8.0,2.0,263.7659494630468,64.41376146984824,27132.34473642266,0.16347233552473722,2.4852179487179487,493.6375,8.0,0.15494505494505492,0.6261597761476179,0.5847411722103679,0.36614140149553964,3,2,6,Orta Risk (Sarı Bölge)
ÜSKÜDAR|KÜÇÜKSU,ÜSKÜDAR,KÜÇÜKSU,18738.4,1206695.7165273102,0.04009364591842464,370.6,370.6,61.0,61.0,100.98908333333334,14.8,4.0,0.0,19.83174278796635,64.41376146984824,23945.32216348424,0.17517730496453898,6.505856169871795,382.9666666666667,6.0,0.2691780821917808,0.5883606066900917,0.6410920025120239,0.3771932795421402,3,3,9,Kritik Risk (Kırmızı Bölge)
ÜSKÜDAR|KİRAZLITEPE,ÜSKÜDAR,KİRAZLITEPE,5975.4,389643.7589369039,0.012899178478500618,339.4,339.4,62.400000000000006,62.400000000000006,64.0675,22.6,2.0,0.0,201.75850054804187,64.41376146984824,21791.256959602608,0.19448534622920746,2.9481578115117015,509.23333333333335,6.0,-0.18216867469879516,0.6007811484583863,0.5771044388288303,0.3467134675400172,3,2,6,Orta Risk (Sarı Bölge)
ÜSKÜDAR|MEHMET AKİF ERSOY,ÜSKÜDAR,MEHMET AKİF ERSOY,9077.8,574733.1249989249,0.01919182977990658,686.2,686.2,117.4,117.4,80.4855,26.6,1.0,0.0,210.8817796225208,64.41376146984824,44131.63452504274,0.17017516318268194,3.0456195652173914,564.6099999999999,5.0,-0.09710526315789474,0.6492195989970186,0.6088596213512422,0.39528359921913003,3,2,6,Orta Risk (Sarı Bölge)
ÜSKÜDAR|MURATREİS,ÜSKÜDAR,MURATREİS,13624.6,877587.019902542,0.02915670019519456,389.20000000000005,389.20000000000005,132.8,132.8,96.01575000000001,6.0,6.0,0.0,28.559623557268687,64.41376146984824,25006.36432748701,0.36822044679660065,22.826159722222226,448.55,4.0,-0.14835886214442012,0.6213138760285244,0.6642585509361169,0.4127130549672098,3,3,9,Kritik Risk (Kırmızı Bölge)
ÜSKÜDAR|MİMAR SİNAN,ÜSKÜDAR,MİMAR SİNAN,11563.2,744709.5654016793,0.02474297667962308,477.20000000000005,477.20000000000005,75.4,75.4,12.963666666666667,5.4,2.0,0.0,41.30153508963136,64.41376146984824,30781.497557628398,0.16164842793722706,2.4211777777777774,414.5714285714286,7.0,0.10719257540603243,0.5933420076183575,0.5557065886804845,0.3297240629744275,3,2,6,Orta Risk (Sarı Bölge)
ÜSKÜDAR|SALACAK,ÜSKÜDAR,SALACAK,4369.8,276651.9721869192,0.0092382113924508,199.8,199.8,49.8,49.8,17.139166666666664,6.2,3.0,0.0,132.67194349814164,64.41376146984824,12860.320711394043,0.24846780162842336,2.695333333333333,386.5,4.0,-0.048571428571428536,0.5684567185003997,0.5060011622292907,0.287639760238251,2,1,2,Düşük Risk (Yeşil Bölge)
ÜSKÜDAR|SELAMİ ALİ,ÜSKÜDAR,SELAMİ ALİ,13116.2,844716.0521694076,0.028065809200884723,322.6,322.6,50.2,50.2,96.56908333333334,6.6,10.0,0.0,24.63846987436263,64.41376146984824,20842.227694953133,0.15710575613079014,18.510853703703702,388.6,5.0,0.26015625,0.610329102290579,0.6320641254850693,0.38576713029738224,3,2,6,Orta Risk (Sarı Bölge)
ÜSKÜDAR|SELİMİYE,ÜSKÜDAR,SELİMİYE,8213.400000000001,528788.6212085658,0.017570775938038602,238.60000000000002,238.60000000000002,29.6,29.6,12.75,3.4000000000000004,4.0,0.0,28.924146878172365,64.41376146984824,15319.132551701936,0.12659423712801132,3.1671428571428573,328.12,5.0,-0.18287671232876712,0.5443241908528436,0.49104334815408696,0.26728677315764454,2,1,2,Düşük Risk (Yeşil Bölge)
ÜSKÜDAR|SULTANTEPE,ÜSKÜDAR,SULTANTEPE,10693.400000000001,688633.0464361004,0.02288040223870566,227.59999999999997,227.59999999999997,43.0,43.0,92.76241666666667,4.6,3.0,0.0,21.35164369819739,64.41376146984824,14717.30339632835,0.20197068549468225,18.813816666666668,389.75,4.0,0.362874251497006,0.5957725104654297,0.5867371890604804,0.3495618881099919,3,2,6,Orta Risk (Sarı Bölge)
ÜSKÜDAR|VALİDE-İ ATİK,ÜSKÜDAR,VALİDE-İ ATİK,20441.199999999997,1316465.4090307027,0.043739737435213866,655.2,655.2,121.8,121.8,99.41575,12.8,1.0,0.0,32.06810426438644,64.41376146984824,42233.1047017884,0.1855029585798816,7.332553571428572,405.1,6.0,0.04999999999999998,0.6258856735189251,0.6513095648712701,0.40764532567877293,3,3,9,Kritik Risk (Kırmızı Bölge)
ÜSKÜDAR|YAVUZTÜRK,ÜSKÜDAR,YAVUZTÜRK,31740.0,2044155.7715136313,0.06791716299205952,756.25,753.25,86.6,86.6,37.3245,14.8,6.0,0.0,23.8716955941255,64.41376146984824,48883.5222408696,0.12735861508429946,2.6056381578947367,519.4285714285714,7.0,0.3175087108013937,0.6138083611573517,0.6465178636494949,0.39683807034564866,3,3,9,Kritik Risk (Kırmızı Bölge)
ÜSKÜDAR|ZEYNEP KAMİL,ÜSKÜDAR,ZEYNEP KAMİL,11968.6,770813.917167173,0.02561034040512398,322.0,322.0,86.2,86.2,18.90083333333333,7.2,4.0,0.0,26.90799762492026,64.41376146984824,20744.03967278573,0.2669395100429583,2.6028819444444444,412.3,6.0,0.0094043887147335,0.5656073022743908,0.5870306736892311,0.3320288356976842,2,2,4,Orta Risk (Sarı Bölge)
ÜSKÜDAR|ÇENGELKÖY,ÜSKÜDAR,ÇENGELKÖY,13694.2,881994.9504503881,0.02930387839159282,611.0,611.0,57.2,57.2,109.84241666666668,22.200000000000003,2.0,0.0,44.66467798539664,64.41376146984824,39469.14743786122,0.09669035401333993,5.0978134920634925,371.16666666666663,6.0,0.24439918533604887,0.6214044319556782,0.6227405664514758,0.3869737479515366,3,2,6,Orta Risk (Sarı Bölge)
ÜSKÜDAR|ÜNALAN,ÜSKÜDAR,ÜNALAN,34080.0,2194827.803763184,0.07292355221678055,857.85,854.85,212.0,212.0,42.894666666666666,14.0,6.0,4.0,25.181360946745567,64.41376146984823,55285.28964788056,0.24552428048768743,3.1770065359477124,582.525,8.0,0.036050724637681136,0.6249221566707303,0.7230945602593765,0.45187781207416283,3,3,9,Kritik Risk (Kırmızı Bölge)
ÜSKÜDAR|İCADİYE,ÜSKÜDAR,İCADİYE,15842.0,1020330.470025552,0.03389998037934878,509.8,509.8,146.0,146.0,99.34908333333334,9.2,2.0,0.0,32.163956011438856,64.41376146984824,32786.45957462802,0.2972388632154016,12.015908143939395,284.70000000000005,4.0,-0.09769911504424775,0.6089480751746958,0.6573396620709138,0.400285721954068,3,3,9,Kritik Risk (Kırmızı Bölge)
ŞİLE|AHMETLİ,ŞİLE,AHMETLİ,2940.3999999999996,53678.2170592654,0.0138740935299876,146.6,146.6,38.6,38.6,94.82241666666667,8.4,3.0,1.0,49.748711971092206,18.300274926194106,2633.2022795713756,0.26320024137584225,9.968019444444444,131.625,8.0,0.20163934426229507,0.5074534037349048,0.5743398440093385,0.2914507087431131,1,2,2,Düşük Risk (Yeşil Bölge)
ŞİLE|AKÇAKESE,ŞİLE,AKÇAKESE,5136.0,93675.56113317059,0.02422560967049902,169.2,169.2,39.0,39.0,16.25866666666667,6.8,0.0,0.0,32.79223765290168,18.30027492619411,3009.2724255163116,0.21774891774891775,2.3756111111111116,112.33333333333333,3.0,0.3428571428571428,0.46583953566303915,0.4729212229547506,0.22030540290643763,1,1,1,Düşük Risk (Yeşil Bölge)
ŞİLE|ALACALI,ŞİLE,ALACALI,6568.0,119433.78241028023,0.03094469171920984,142.0,142.0,22.799999999999997,22.799999999999997,20.35333333333333,1.4,0.0,2.0,21.579219154913563,18.300274926194106,2568.3841464654897,0.15155408205553245,16.696666666666665,77.03999999999999,5.0,0.11811023622047244,0.4872174753345052,0.469728500093293,0.2288599339081181,1,1,1,Düşük Risk (Yeşil Bölge)
ŞİLE|AVCIKORU,ŞİLE,AVCIKORU,1372.0,24599.69499542988,0.0064297599040614994,33.0,33.0,6.8,6.8,9.918166666666664,1.6,0.0,0.0,24.058441558441558,18.300274926194106,591.8071153427761,0.1917917917917918,5.532416666666665,109.02000000000001,10.0,0.22222222222222218,0.40575302926449786,0.35252007032222427,0.1430360864097763,1,1,1,Düşük Risk (Yeşil Bölge)
ŞİLE|AĞAÇDERE,ŞİLE,AĞAÇDERE,1180.0,21412.795054584607,0.005555109072446919,11.200000000000001,11.200000000000001,0.0,0.0,0.0,0.0,0.0,0.0,9.343000887836638,18.300274926194106,196.49170911823342,0.0,0.0,24.2,5.0,0.6,0.2282850182750471,0.1576324134359366,0.03598511838196256,1,1,1,Düşük Risk (Yeşil Bölge)
ŞİLE|AĞVA MERKEZ,ŞİLE,AĞVA MERKEZ,2720.0,49534.70865481539,0.01282234634708556,116.4,116.4,4.6,4.6,0.6933333333333334,0.8,0.0,1.0,42.65934065934066,18.30027492619411,2095.056325466269,0.04234532828282828,0.3466666666666667,56.800000000000004,3.0,0.17575757575757572,0.3945004919674977,0.27478104497033085,0.10840125742413863,1,1,1,Düşük Risk (Yeşil Bölge)
ŞİLE|BALİBEY,ŞİLE,BALİBEY,384.20000000000005,6998.2903421453775,0.0018113052006864198,276.0,276.0,50.0,50.0,10.933333333333332,4.6,0.0,2.0,719.68629609246,18.30027492619411,5062.977836851203,0.18105965790571546,2.3873333333333333,186.32,5.0,-0.02127659574468084,0.5718876895133672,0.4254053900583592,0.2432841056270078,2,1,2,Düşük Risk (Yeşil Bölge)
ŞİLE|BIÇKIDERE,ŞİLE,BIÇKIDERE,3840.0,68820.82084998986,0.017992914612068638,101.6,101.6,2.0,2.0,7.796666666666666,1.7999999999999998,0.0,0.0,26.474358974358974,18.300274926194113,1821.7918651142704,0.02016487000634112,2.598888888888889,56.8,4.0,0.22409638554216862,0.40594428995778353,0.2993441228338902,0.1215170373968391,1,1,1,Düşük Risk (Yeşil Bölge)
ŞİLE|BOZGOCA,ŞİLE,BOZGOCA,1182.0,21546.211262210032,0.0055740766380025005,97.4,97.4,6.0,6.0,3.407,0.6,0.0,0.0,82.85051471654342,18.30027492619411,1819.9628451983574,0.06681541582150098,3.407,65.13333333333333,3.0,-0.16034482758620688,0.43026579850260116,0.28296980937985855,0.12175223098495368,1,1,1,Düşük Risk (Yeşil Bölge)
ŞİLE|BUCAKLI,ŞİLE,BUCAKLI,3706.0,67566.67777482115,0.01747788585593646,24.6,24.6,5.2,5.2,0.35333333333333333,0.4,0.0,0.0,6.639347886971006,18.30027492619411,448.9765674622122,0.21266666666666667,0.35333333333333333,71.24000000000001,5.0,0.02499999999999996,0.29136817936513254,0.2886879057341365,0.08411446949848836,1,1,1,Düşük Risk (Yeşil Bölge)
ŞİLE|DARLIK,ŞİLE,DARLIK,1906.0,34686.6926937799,0.00898270767566358,13.8,13.8,5.199999999999999,5.199999999999999,0.0,0.0,0.0,0.0,7.220461620439185,18.30027492619411,248.9132068149899,0.3733333333333333,0.0,45.6,4.0,0.15,0.246949658193051,0.26456268753259715,0.06533366525680982,1,1,1,Düşük Risk (Yeşil Bölge)
ŞİLE|DEĞİRMENÇAYIRI,ŞİLE,DEĞİRMENÇAYIRI,5956.0,107713.62999491938,0.02800312771006936,68.4,68.4,9.6,9.6,2.889333333333333,1.0,0.0,0.0,11.508001979871308,18.30027492619411,1240.8470434522105,0.13809523809523805,2.889333333333333,73.59032258064516,0.0,0.08571428571428567,0.3882643151884606,0.3336665900704805,0.12955083009498392,1,1,1,Düşük Risk (Yeşil Bölge)
ŞİLE|DOĞANCILI,ŞİLE,DOĞANCILI,8636.0,157726.52337484993,0.0407555834001911,112.6,112.6,16.6,16.6,0.4,0.4,1.0,0.0,13.01098829929623,18.300274926194106,2017.043910691591,0.14690663667041615,0.4,119.46666666666667,3.0,0.23736263736263735,0.39441126669529597,0.3657284962748273,0.14424743948232047,1,1,1,Düşük Risk (Yeşil Bölge)
ŞİLE|ERENLER,ŞİLE,ERENLER,1446.0,26450.095586055053,0.00682805034189616,20.0,20.0,1.6,1.6,0.0,0.0,0.0,0.0,13.814176245210726,18.30027492619411,347.8525626914381,0.0825174825174825,0.0,30.32,5.0,0.8181818181818181,0.26939151130205363,0.20899477748081455,0.056301418959793036,1,1,1,Düşük Risk (Yeşil Bölge)
ŞİLE|ESENCELİ,ŞİLE,ESENCELİ,942.0,16730.576777166414,0.00439893456012796,5.0,5.0,1.2,1.2,0.0,0.0,0.0,0.0,4.943204073638856,18.30027492619411,85.45039602015584,0.1714285714285714,0.0,58.480000000000004,5.0,1.5,0.2226556112864594,0.18814109682708213,0.04189067092213892,1,1,1,Düşük Risk (Yeşil Bölge)
ŞİLE|GEREDELİ,ŞİLE,GEREDELİ,7044.0,127709.04281516996,0.033149919748181295,102.6,102.6,15.0,15.0,7.861666666666666,3.8,0.0,0.0,14.508252063015753,18.300274926194106,1846.1431186512787,0.14226426609703996,2.123666666666667,47.4,4.0,0.1793103448275862,0.38987136220525553,0.4176122114098178,0.1628150417358948,1,1,1,Düşük Risk (Yeşil Bölge)
ŞİLE|GÖKMAŞLI,ŞİLE,GÖKMAŞLI,2202.0,39849.432970279144,0.01035567626924302,19.0,19.0,2.1999999999999997,2.1999999999999997,5.123666666666666,1.0,0.0,0.0,8.403180743606274,18.30027492619411,329.55228776524393,0.112,5.123666666666666,33.25,4.0,0.8999999999999999,0.32205559942308876,0.29597872295017696,0.09532160503619956,1,1,1,Düşük Risk (Yeşil Bölge)
ŞİLE|GÖKSU,ŞİLE,GÖKSU,2982.0,54426.196343251286,0.01406925481827542,23.0,23.0,8.799999999999999,8.799999999999999,7.310833333333333,2.0,0.0,0.0,7.666972882855295,18.30027492619411,402.7533874700204,0.3625615763546797,3.6554166666666665,44.7,10.0,0.6428571428571428,0.3275703070090518,0.3892538105306954,0.12750799021998319,1,1,1,Düşük Risk (Yeşil Bölge)
ŞİLE|GÖÇE,ŞİLE,GÖÇE,8166.0,148641.31587067357,0.03848823473936796,90.19999999999999,90.19999999999999,14.600000000000001,14.600000000000001,2.1121666666666665,0.6,0.0,0.0,10.937678909209158,18.30027492619411,1587.754620790236,0.17599633531836917,2.1121666666666665,56.08571428571428,7.0,0.5288135593220339,0.3800821730548263,0.3818696403879325,0.14514184274231043,1,1,1,Düşük Risk (Yeşil Bölge)
ŞİLE|HACI KASIM,ŞİLE,HACI KASIM,102.4,1875.1583481644398,0.00048373882616288,36.2,36.2,6.800000000000001,6.800000000000001,14.177,3.0,1.0,0.0,353.45516847515705,18.30027492619411,666.1005394947156,0.18436090225563906,4.725666666666666,409.4,2.0,-0.04736842105263156,0.5113884019863165,0.30070922496138724,0.1537792100155476,1,1,1,Düşük Risk (Yeşil Bölge)
ŞİLE|HACILLI,ŞİLE,HACILLI,2650.0,48253.6894099818,0.01249174687249172,17.6,17.6,0.4,0.4,1.9494999999999998,0.6,0.0,0.0,6.713286713286713,18.30027492619411,332.97660020048284,0.01739130434782608,1.9494999999999998,13.533333333333335,3.0,-0.23478260869565218,0.23265107416091688,0.22033630377676988,0.0512614777503116,1,1,1,Düşük Risk (Yeşil Bölge)
ŞİLE|HASANLI,ŞİLE,HASANLI,2778.0,50438.79915665346,0.013080798593327302,17.8,17.8,2.1999999999999997,2.1999999999999997,6.242666666666667,1.4,0.0,0.0,6.450891073283785,18.30027492619411,328.165285130581,0.1269349845201238,4.096,24.68,5.0,-0.06315789473684208,0.2854291923689153,0.31052280464062,0.08863227334070262,1,1,1,Düşük Risk (Yeşil Bölge)
ŞİLE|KABAKOZ,ŞİLE,KABAKOZ,7158.0,129807.37611397775,0.03368951484009078,190.0,190.0,27.4,27.4,7.8181666666666665,2.6,0.0,0.0,26.6433618595462,18.300274926194106,3471.0012573660656,0.14493649732620317,3.6635,127.16,5.0,0.0160427807486631,0.47556706352698214,0.44211319058953885,0.21025447179521198,1,1,1,Düşük Risk (Yeşil Bölge)
ŞİLE|KADIKÖY,ŞİLE,KADIKÖY,3016.0,53003.1749202865,0.01402868228073928,5.4,5.4,2.0,2.0,0.0,0.0,0.0,0.0,1.744756310437505,18.30027492619411,93.98070171279643,0.4380952380952381,0.0,33.1,2.0,0.7999999999999999,0.18241207331124876,0.23686523763701448,0.043207079092729445,1,1,1,Düşük Risk (Yeşil Bölge)
ŞİLE|KALEM,ŞİLE,KALEM,3360.0,61065.35524925517,0.01582711661552292,33.2,33.2,8.8,8.8,0.0,0.0,0.0,0.0,9.815873015873017,18.300274926194106,593.0467788836891,0.23643724696356272,0.0,68.26666666666667,3.0,0.2769230769230769,0.3067108743493993,0.27399512114879776,0.08403728317501735,1,1,1,Düşük Risk (Yeşil Bölge)
ŞİLE|KARABEYLİ,ŞİLE,KARABEYLİ,2392.0,43447.504778472314,0.01126492003313526,71.0,71.0,1.8000000000000003,1.8000000000000003,3.095166666666666,1.0,0.0,0.0,29.3104932735426,18.30027492619411,1250.911690873264,0.03242846661775492,3.095166666666666,80.825,8.0,0.5106382978723404,0.41863375991110263,0.28102003517387303,0.11764447393518877,1,1,1,Düşük Risk (Yeşil Bölge)
ŞİLE|KARACAKÖY,ŞİLE,KARACAKÖY,3176.0,57564.98313339753,0.01494501971616782,122.60000000000001,122.60000000000001,7.0,7.0,5.386666666666668,1.2000000000000002,0.0,0.0,38.678571428571416,18.30027492619411,2230.3015530076054,0.05720879717621501,1.7955555555555556,63.44,5.0,0.0568965517241379,0.4122168726846715,0.32262193654444865,0.13299020574182516,1,1,1,Düşük Risk (Yeşil Bölge)
ŞİLE|KARAKİRAZ,ŞİLE,KARAKİRAZ,3022.0,54734.638837542014,0.01421651063877616,93.4,93.4,6.6,6.6,3.933333333333333,0.8,0.0,0.0,31.23405416467699,18.30027492619411,1722.557831050322,0.07415730337078649,1.9666666666666666,74.80000000000001,5.0,-0.066,0.39810530272101746,0.2911786777149074,0.1159197756375988,1,1,1,Düşük Risk (Yeşil Bölge)
ŞİLE|KARAMANDERE,ŞİLE,KARAMANDERE,3544.0,64323.688220680226,0.01668540884917432,39.8,39.8,3.6,3.6,0.0,0.0,0.0,0.0,11.420141620771046,18.300274926194106,748.9242693392955,0.09672727272727272,0.0,52.599999999999994,6.0,-0.20400000000000001,0.2963262569443463,0.262474326600152,0.07777803474541091,1,1,1,Düşük Risk (Yeşil Bölge)
ŞİLE|KERVANSARAY,ŞİLE,KERVANSARAY,4550.0,81027.38882818175,0.02126877269084072,60.2,60.2,2.5999999999999996,2.5999999999999996,6.092666666666666,0.6,0.0,0.0,14.267156108497826,18.30027492619411,1123.4600735558183,0.04522986978474616,6.092666666666666,91.65,8.0,-0.15211267605633802,0.3905166474084331,0.31753913598038386,0.12400431880403007,1,1,1,Düşük Risk (Yeşil Bölge)
ŞİLE|KIZILCA,ŞİLE,KIZILCA,6360.0,115603.12131118862,0.02995995852813206,95.2,95.2,6.6,6.6,22.946666666666665,2.4000000000000004,2.0,0.0,14.663549368190397,18.30027492619411,1636.899145145503,0.06944543828264757,10.038888888888888,75.32,5.0,1.213953488372093,0.45520648165967836,0.44577264193182603,0.20291859595392614,1,1,1,Düşük Risk (Yeşil Bölge)
ŞİLE|KORUCU,ŞİLE,KORUCU,2402.0,43751.52709995055,0.01132405086235768,16.599999999999998,16.599999999999998,1.2,1.2,0.0,0.0,0.0,0.0,6.8044358387607815,18.30027492619411,284.42143222021514,0.052173913043478244,0.0,66.05,4.0,1.3714285714285712,0.2774851249302964,0.20556344261031198,0.05704079755382424,1,1,1,Düşük Risk (Yeşil Bölge)
ŞİLE|KUMBABA,ŞİLE,KUMBABA,3980.0,72472.03548960367,0.01876123455692288,165.8,165.8,33.8,33.8,31.5265,11.600000000000001,0.0,0.0,42.02567394094994,18.300274926194106,3115.2686961479003,0.20479150660054476,2.728018382352941,253.93333333333337,3.0,-0.19514563106796115,0.490042482312559,0.48750114026408187,0.23889626890521368,1,1,1,Düşük Risk (Yeşil Bölge)
ŞİLE|KURFALLI,ŞİLE,KURFALLI,3208.0,58247.40758880878,0.015105672770835021,55.6,55.6,2.8,2.8,0.0,0.0,0.0,0.0,17.063758389261743,18.300274926194106,973.9282398985267,0.04605042016806718,0.0,76.15,4.0,0.6352941176470588,0.3490348391805992,0.23905634468031445,0.08343899282059544,1,1,1,Düşük Risk (Yeşil Bölge)
ŞİLE|KURNA,ŞİLE,KURNA,2546.0,46035.809929895244,0.011969624444823239,63.400000000000006,63.400000000000006,14.799999999999999,14.799999999999999,7.826666666666665,1.2000000000000002,0.0,0.0,24.767391199109262,18.30027492619411,1137.2437115996106,0.2166847237269772,2.608888888888889,138.39999999999998,2.0,0.21923076923076917,0.40753006995566815,0.336974408502485,0.1373272042702876,1,1,1,Düşük Risk (Yeşil Bölge)
ŞİLE|KÖMÜRLÜK,ŞİLE,KÖMÜRLÜK,2440.0,44410.63167548104,0.01149994844871022,71.0,71.0,2.4,2.4,6.092666666666666,0.6,0.0,0.0,28.817733990147786,18.300274926194106,1250.911690873264,0.02758620689655168,6.092666666666666,74.76666666666668,6.0,0.5106382978723404,0.420662060209421,0.28236456373557156,0.1187800591111399,1,1,1,Düşük Risk (Yeşil Bölge)
ŞİLE|MEŞRUTİYET,ŞİLE,MEŞRUTİYET,988.8,20354.747260298944,0.00489217027546354,72.4,71.8,21.6,21.6,13.113666666666667,4.2,1.0,0.0,187.96813342267887,18.30027492619411,1332.2010789894312,0.2950375939849623,3.0656666666666665,135.86666666666667,3.0,-0.04736842105263156,0.4662635197281877,0.4011037796873586,0.18702006009330738,1,1,1,Düşük Risk (Yeşil Bölge)
ŞİLE|ORUÇOĞLU,ŞİLE,ORUÇOĞLU,4732.0,85059.95238360358,0.02219736485532534,103.6,103.6,3.5999999999999996,3.5999999999999996,7.796666666666666,1.7999999999999998,0.0,0.0,21.84667448612687,18.30027492619411,1858.3924149666586,0.031034482758620637,2.598888888888889,77.76,5.0,0.21882352941176467,0.4133138163650826,0.31188836225581257,0.12890776928380526,1,1,1,Düşük Risk (Yeşil Bölge)
ŞİLE|OSMANKÖY,ŞİLE,OSMANKÖY,2924.0,53219.556910872474,0.013781046739904022,40.0,40.0,1.8000000000000003,1.8000000000000003,3.9073333333333333,1.6,0.0,0.0,13.49659345371385,18.300274926194106,695.7051253828761,0.06608391608391605,2.163666666666667,24.666666666666664,6.0,0.8181818181818181,0.3298674366443122,0.28896073072608924,0.0953187355354824,1,1,1,Düşük Risk (Yeşil Bölge)
ŞİLE|OVACIK,ŞİLE,OVACIK,1792.0,32709.378967188437,0.00845501491660602,30.6,30.6,1.2,1.2,3.63,0.6,0.0,0.0,17.103296703296703,18.30027492619411,564.8291956301915,0.04137931034482758,3.63,40.66666666666667,3.0,-0.07272727272727272,0.3313690959784253,0.24018898907981834,0.07959120817535127,1,1,1,Düşük Risk (Yeşil Bölge)
ŞİLE|SAHİLKÖY,ŞİLE,SAHİLKÖY,4502.8,92703.66392471778,0.02227917391807866,183.4,183.4,32.2,32.2,12.518833333333331,2.5999999999999996,1.0,1.0,129.92329256296094,18.300274926194106,3218.308109137424,0.17870514524397188,4.642944444444444,75.6,4.0,0.5947826086956521,0.4935372543003212,0.4663796874049771,0.2301757503832945,1,1,1,Düşük Risk (Yeşil Bölge)
ŞİLE|SATMAZLI,ŞİLE,SATMAZLI,5092.0,92071.6198597905,0.02393924888964652,57.800000000000004,57.800000000000004,2.8,2.8,1.2933333333333334,0.4,0.0,0.0,11.150215423343177,18.30027492619411,1017.8194319026423,0.04432913269088208,1.2933333333333334,64.52,5.0,0.5210526315789473,0.3541404720365975,0.2777126110938104,0.09834927518327803,1,1,1,Düşük Risk (Yeşil Bölge)
ŞİLE|SOFULAR,ŞİLE,SOFULAR,3338.0,60444.91397088958,0.0157017897243744,55.599999999999994,55.599999999999994,1.8000000000000003,1.8000000000000003,20.35333333333333,1.4,0.0,2.0,16.5715884712247,18.30027492619411,998.1321543417855,0.03576437587657782,16.696666666666665,105.3,4.0,0.208695652173913,0.45269649017328795,0.36494134917694687,0.16520766789150818,1,1,1,Düşük Risk (Yeşil Bölge)
ŞİLE|SORTULLU,ŞİLE,SORTULLU,1538.0,27564.928889848332,0.00720661154410154,12.0,12.0,0.4,0.4,0.0,0.0,0.0,0.0,8.001849710982658,18.30027492619411,219.60329911432933,0.03333333333333332,0.0,22.95,4.0,0.0,0.2157698731278137,0.17529009044802812,0.037822320576534015,1,1,1,Düşük Risk (Yeşil Bölge)
ŞİLE|SOĞULLU,ŞİLE,SOĞULLU,2026.0,37124.76482935579,0.00957325429781384,12.0,12.0,0.4,0.4,4.0969999999999995,0.6,0.0,0.0,5.911903895158355,18.30027492619411,225.65427772514403,0.02666666666666664,4.0969999999999995,36.53333333333333,6.0,-0.19999999999999998,0.2615338950276987,0.2381484973344009,0.06228390410285939,1,1,1,Düşük Risk (Yeşil Bölge)
ŞİLE|TEKE,ŞİLE,TEKE,5046.0,92210.06574813757,0.0238184067024418,39.6,39.6,5.0,5.0,1.09,0.6,2.0,0.0,7.842450351504248,18.30027492619411,717.4297127443091,0.12698412698412695,1.09,20.457142857142856,7.0,0.09999999999999996,0.286886171392179,0.33861158197173713,0.09714298034092064,1,1,1,Düşük Risk (Yeşil Bölge)
ŞİLE|ULUPELİT,ŞİLE,ULUPELİT,2288.0,42016.252517791676,0.0108201627690037,19.2,19.2,5.199999999999999,5.199999999999999,9.833833333333333,2.4,0.0,0.0,8.462469733656174,18.30027492619411,336.8429299169716,0.2833333333333333,2.458458333333333,56.64,5.0,0.6,0.3113673933938504,0.3378481698906989,0.10519490402174964,1,1,1,Düşük Risk (Yeşil Bölge)
ŞİLE|YAKA,ŞİLE,YAKA,3816.0,67703.90464734993,0.01781291315680912,21.4,21.4,6.0,6.0,0.9400000000000001,0.4,0.0,0.0,6.145312299602411,18.30027492619411,398.8870577535316,0.2854736842105263,0.9400000000000001,28.0,3.0,-0.144,0.2535406271601215,0.30051670652475254,0.07619319424437994,1,1,1,Düşük Risk (Yeşil Bölge)
ŞİLE|YAYLALI,ŞİLE,YAYLALI,766.0,13824.379277918615,0.00359865908942104,6.2,6.2,0.0,0.0,0.0,0.0,0.0,0.0,8.045315590721094,18.300274926194106,111.04131309807758,0.0,0.0,38.96,5.0,0.24,0.21344343716579992,0.14590379967827397,0.03114220849888113,1,1,1,Düşük Risk (Yeşil Bölge)
ŞİLE|YAZIMANAYIR,ŞİLE,YAZIMANAYIR,2076.0,37918.75900344919,0.00979749444681476,24.6,24.6,0.0,0.0,0.0,0.0,0.0,0.0,11.848739495798318,18.300274926194106,448.97656746221213,0.0,0.0,22.96,5.0,0.02499999999999996,0.25548151652978673,0.17290279707475803,0.044173468808901155,1,1,1,Düşük Risk (Yeşil Bölge)
ŞİLE|YENİKÖY,ŞİLE,YENİKÖY,4646.0,84708.42641933546,0.021911413348342117,19.6,19.6,1.2,1.2,1.7996666666666665,0.6,0.0,0.0,4.218966123549408,18.30027492619411,357.4751928312416,0.06,1.7996666666666665,67.475,8.0,0.03157894736842104,0.29141497695507207,0.2674322733217443,0.07793376976709865,1,1,1,Düşük Risk (Yeşil Bölge)
ŞİLE|YEŞİLVADİ,ŞİLE,YEŞİLVADİ,3238.0,56920.612467242056,0.01506287210074328,44.2,44.2,13.2,13.2,10.06483333333333,1.6,0.0,0.0,15.280069058123921,18.30027492619411,812.5027389042684,0.30151668351870575,5.679083333333333,76.82222222222222,9.0,-0.03913043478260868,0.38979151752811103,0.4121626158152162,0.16065749148696892,1,1,1,Düşük Risk (Yeşil Bölge)
ŞİLE|ÇATAKLI,ŞİLE,ÇATAKLI,2478.0,45251.26560933597,0.01169369953434046,5.6,5.6,0.4,0.4,4.0969999999999995,0.6,0.0,0.0,2.2730477267883202,18.30027492619411,107.32232247533878,0.05,4.0969999999999995,17.53333333333333,3.0,-0.3,0.1851221263152847,0.23480937987606315,0.04346841168143024,1,1,1,Düşük Risk (Yeşil Bölge)
ŞİLE|ÇAVUŞ,ŞİLE,ÇAVUŞ,10920.0,198991.86518852564,0.05149020170667634,542.8,542.8,125.80000000000001,125.80000000000001,64.889,19.599999999999998,1.0,0.0,49.57380952380952,18.30027492619411,9778.484177501305,0.22695192266007713,3.305417735042735,137.44,5.0,0.16480686695278965,0.5401318467864932,0.6242971149921749,0.3372027536642031,2,2,4,Orta Risk (Sarı Bölge)
ŞİLE|ÇAYIRBAŞI,ŞİLE,ÇAYIRBAŞI,1238.2,22445.195770790702,0.00582676529145352,100.0,100.0,15.200000000000001,15.200000000000001,8.19,2.2,1.0,0.0,81.17220547068811,18.300274926194106,1830.0274926194104,0.15200000000000002,4.904999999999999,137.05,4.0,0.0,0.4827759785636316,0.3909091069709106,0.1887215266473167,1,1,1,Düşük Risk (Yeşil Bölge)
ŞİLE|ÇELEBİ,ŞİLE,ÇELEBİ,2714.0,47682.22516534358,0.01262261565619686,41.6,41.6,2.1999999999999997,2.1999999999999997,0.0,0.0,0.0,0.0,17.632630658136225,18.30027492619411,772.1831984291414,0.05587905935050388,0.0,44.2,3.0,-0.11489361702127655,0.30383909839246687,0.22381777438996517,0.06800459077485557,1,1,1,Düşük Risk (Yeşil Bölge)
ŞİLE|ÇENGİLLİ,ŞİLE,ÇENGİLLİ,2128.0,38846.16938516803,0.01004070216137126,26.6,26.6,1.0,1.0,6.242666666666667,1.4,0.0,0.0,12.478632478632479,18.30027492619411,479.5261387037857,0.038080959520239835,4.096,16.8,3.0,0.15652173913043477,0.3087719274611519,0.2734966456651158,0.08444808643617749,1,1,1,Düşük Risk (Yeşil Bölge)
ŞİLE|ÜVEZLİ,ŞİLE,ÜVEZLİ,5402.0,97260.6267980455,0.025355722945726217,139.8,139.8,21.8,21.8,8.771499999999998,1.2,0.0,0.8,26.298354263222777,18.30027492619411,2560.7988261262626,0.15675289555589567,4.385749999999999,67.66666666666666,6.0,-0.008510638297872299,0.4300616892695987,0.39590237902559544,0.17026244590960052,1,1,1,Düşük Risk (Yeşil Bölge)
ŞİLE|İMRENDERE,ŞİLE,İMRENDERE,4046.0,73304.69296086197,0.019036045401127778,62.6,62.6,18.0,18.0,4.981833333333333,1.7999999999999998,0.0,0.0,15.503952569169963,18.30027492619411,1138.3360360467736,0.29006518904823986,1.660611111111111,165.05714285714285,7.0,0.061016949152542375,0.39965935890185655,0.3935226781060369,0.15727502124520037,1,1,1,Düşük Risk (Yeşil Bölge)
ŞİLE|İMRENLİ,ŞİLE,İMRENLİ,3880.0,69794.8709914702,0.0182056332632545,76.0,76.0,12.6,12.6,9.128666666666666,2.8,0.0,0.0,19.324139503077273,18.30027492619411,1348.4640441150495,0.15696969696969687,2.8543333333333334,120.93333333333334,3.0,0.3818181818181818,0.42490824798343874,0.3860610066978816,0.16404050597071948,1,1,1,Düşük Risk (Yeşil Bölge)
ŞİLE|İSAKÖY,ŞİLE,İSAKÖY,2758.0,48136.48050266888,0.01279590427495694,48.2,48.2,4.800000000000001,4.800000000000001,0.0,0.0,0.0,0.0,17.61827195467422,18.30027492619411,843.346988333342,0.1221028829847371,0.0,45.32,5.0,0.6620689655172414,0.32642759272003524,0.26225159325221054,0.08560615627231292,1,1,1,Düşük Risk (Yeşil Bölge)
ŞİLE|ŞUAYİPLİ,ŞİLE,ŞUAYİPLİ,2920.0,52952.72449562162,0.013743111608792819,49.8,49.8,2.4,2.4,0.0,0.0,0.0,0.0,17.27369645280093,18.300274926194106,925.8760399904219,0.053333333333333274,0.0,60.96666666666667,6.0,-0.12631578947368416,0.3236968047261006,0.23042046786990758,0.0745863691929822,1,1,1,Düşük Risk (Yeşil Bölge)
ŞİŞLİ|19 MAYIS,ŞİŞLİ,19 MAYIS,11174.4,874788.4149596725,0.04281894548951896,191.60000000000002,188.8,207.7,194.0,98.20241666666668,12.2,2.0,0.0,17.020838043322193,78.4055560648354,14828.260996880543,1.2656535433070863,7.169049999999999,279.95,4.0,-0.24566929133858267,0.5396635301796886,0.6877416099161204,0.37114906505879586,2,3,6,Orta Risk (Sarı Bölge)
ŞİŞLİ|BOZKURT,ŞİŞLİ,BOZKURT,10065.2,788461.6023262462,0.038592389538821645,325.6,320.4,101.0,97.80000000000001,112.44908333333333,15.8,2.0,0.0,32.187469054702156,78.40555606483541,25166.510133964905,0.34000510874324913,9.040983860342555,177.76,5.0,-0.2633484162895927,0.5639094342822074,0.6487198100277637,0.36581922108041726,2,3,6,Orta Risk (Sarı Bölge)
ŞİŞLİ|CUMHURİYET,ŞİŞLİ,CUMHURİYET,7784.4,609367.1251789996,0.029827236730382962,138.8,138.8,101.4,85.8,22.6235,8.600000000000001,3.6,0.0,17.682321753699433,78.40555606483542,10729.537617360333,0.7442794058611,2.4637900432900435,249.1,8.0,-0.26170212765957446,0.49319482594723163,0.6073014080790894,0.2995179122550752,1,2,2,Düşük Risk (Yeşil Bölge)
ŞİŞLİ|DUATEPE,ŞİŞLİ,DUATEPE,7661.4,600479.670973241,0.029390678688944943,224.0,222.39999999999998,114.19999999999999,106.19999999999999,112.56908333333334,18.6,1.0,0.0,29.191790637806214,78.4055560648354,17376.071918963593,0.5134874464176362,6.878772222222221,226.88,5.0,-0.21126760563380279,0.5497627263370025,0.6431914695215144,0.3536026958408508,2,3,6,Orta Risk (Sarı Bölge)
ŞİŞLİ|ERGENEKON,ŞİŞLİ,ERGENEKON,2315.2,181238.78126278083,0.00887124887823144,74.4,74.4,16.0,14.4,103.02908333333335,9.399999999999999,0.0,0.0,32.094279882433995,78.4055560648354,5812.828380872204,0.21382716049382716,11.275527777777778,211.76666666666668,6.0,-0.08148148148148145,0.520227920248417,0.4933986013218144,0.2566797282191254,2,1,2,Düşük Risk (Yeşil Bölge)
ŞİŞLİ|ESENTEPE,ŞİŞLİ,ESENTEPE,7136.4,558924.5314961274,0.02735759110181326,170.8,170.8,39.8,34.2,96.35575,5.4,2.0,0.0,23.858701737844843,78.4055560648354,13285.20857132495,0.23134475939353982,18.977149999999998,216.08333333333331,12.0,-0.16682926829268294,0.5596769615490947,0.590996572525337,0.3307671659969098,2,2,4,Orta Risk (Sarı Bölge)
ŞİŞLİ|ESKİŞEHİR,ŞİŞLİ,ESKİŞEHİR,11757.2,920787.6124367407,0.04506972731315406,309.6,308.0,67.4,66.2,110.18241666666668,15.4,0.0,0.0,26.30946111601128,78.40555606483541,24201.51882824482,0.21889440460869028,8.987189393939394,173.3,6.0,-0.07027027027027026,0.5635826174507106,0.6057926769562336,0.3414142225114669,2,2,4,Orta Risk (Sarı Bölge)
ŞİŞLİ|FERİKÖY,ŞİŞLİ,FERİKÖY,13785.8,1079964.3934119751,0.0528603142708433,142.0,138.6,97.2,90.4,112.30908333333335,16.8,4.0,0.0,10.269640958392444,78.40555606483542,11030.864009448882,0.7094285714285714,8.326868055555556,281.1666666666667,6.0,-0.18857142857142856,0.5194138945587782,0.6828873275881822,0.35470116636741383,1,3,3,Düşük Risk (Yeşil Bölge)
ŞİŞLİ|FULYA,ŞİŞLİ,FULYA,16968.4,1329004.8363754828,0.06505051657263222,297.79999999999995,297.4,131.2,128.79999999999998,97.43575000000001,13.2,1.0,0.0,17.526066672330536,78.4055560648354,23252.052823537022,0.4583542734245553,6.570984375,295.42857142857144,7.0,-0.09483282674772035,0.5648404163041651,0.6552133052388927,0.37009095609916415,2,3,6,Orta Risk (Sarı Bölge)
ŞİŞLİ|GÜLBAHAR,ŞİŞLİ,GÜLBAHAR,24080.0,1886698.3815643198,0.09234638119420238,372.8,372.8,112.2,106.6,99.86241666666668,9.600000000000001,2.4000000000000004,0.0,15.426650660264109,78.40555606483542,28852.310569060377,0.32543120181908936,11.969190972222224,232.14285714285717,7.0,-0.24534412955465584,0.5697470882345563,0.6730727810260695,0.38348125715953824,2,3,6,Orta Risk (Sarı Bölge)
ŞİŞLİ|HALASKARGAZİ,ŞİŞLİ,HALASKARGAZİ,1662.0,130356.72733964633,0.00638015975103678,207.40000000000003,207.0,54.599999999999994,50.2,26.857666666666667,10.4,2.0,0.0,125.3430915424013,78.4055560648354,15792.513002552423,0.3608834125202318,2.582190909090909,148.64,5.0,-0.4206703910614525,0.5242403593946946,0.5205702427559367,0.2729039311525556,2,1,2,Düşük Risk (Yeşil Bölge)
ŞİŞLİ|HALİDE EDİP ADIVAR,ŞİŞLİ,HALİDE EDİP ADIVAR,16788.4,1315405.4610426014,0.06438383791768207,255.0,248.2,103.6,98.0,23.001333333333335,8.0,1.6,0.0,15.161485612506425,78.40555606483541,19853.337316863373,0.4066666666666667,2.875166666666667,200.32,5.0,-0.15,0.519255826808509,0.602788988331468,0.3130016945271211,1,2,2,Düşük Risk (Yeşil Bölge)
ŞİŞLİ|HALİL RIFAT PAŞA,ŞİŞLİ,HALİL RIFAT PAŞA,6627.4,519735.17812143033,0.025437996372679343,89.0,89.0,14.2,13.4,8.419333333333334,1.4,0.0,0.0,13.439042307675463,78.40555606483541,6922.062697902489,0.1611117854108508,5.359333333333334,276.3666666666667,6.0,-0.16822429906542055,0.4966826237894378,0.41830433061065053,0.20776449247018233,1,1,1,Düşük Risk (Yeşil Bölge)
ŞİŞLİ|HARBİYE,ŞİŞLİ,HARBİYE,2193.0,172055.4480339198,0.00842095120561958,109.2,109.2,32.2,32.2,34.93683333333333,8.6,14.0,0.0,49.918225772150095,78.40555606483542,8490.913119247403,0.30825274016763377,4.464075757575758,143.88888888888886,9.0,-0.17272727272727273,0.5071925291948859,0.5598119081543436,0.2839324175702167,1,2,2,Düşük Risk (Yeşil Bölge)
ŞİŞLİ|KAPTANPAŞA,ŞİŞLİ,KAPTANPAŞA,3234.8,253501.1550900247,0.01240776865107016,32.2,32.2,8.6,8.6,3.42,1.0,0.0,0.0,9.943024119091586,78.4055560648354,2509.717094122937,0.28164026095060574,3.42,364.84000000000003,5.0,-0.1297297297297297,0.44564781869501824,0.35459845756653485,0.15802602912714425,1,1,1,Düşük Risk (Yeşil Bölge)
ŞİŞLİ|KUŞTEPE,ŞİŞLİ,KUŞTEPE,15922.599999999999,1246759.898232264,0.06102558594429118,451.4,451.4,97.6,97.6,100.30241666666667,13.0,0.0,0.0,28.169907679318268,78.4055560648354,34942.145946328215,0.24166934492863218,7.715570512820513,302.1,6.0,-0.2426174496644295,0.5914993422694181,0.6210979651248335,0.367379037856213,3,2,6,Orta Risk (Sarı Bölge)
ŞİŞLİ|MAHMUT ŞEVKET PAŞA,ŞİŞLİ,MAHMUT ŞEVKET PAŞA,18297.2,1433419.8696210945,0.07016059202992274,275.2,274.0,55.8,54.2,5.006666666666668,1.4,0.0,0.0,14.991651172168163,78.4055560648354,21356.81731436245,0.20345299665348338,2.913333333333333,312.92,5.0,-0.20462427745664735,0.5320537583209256,0.48014258995160636,0.25546166951369526,2,1,2,Düşük Risk (Yeşil Bölge)
ŞİŞLİ|MECİDİYEKÖY,ŞİŞLİ,MECİDİYEKÖY,19338.2,1514143.5448147026,0.07411343420521599,351.6,351.6,115.2,108.60000000000001,99.24908333333335,9.8,2.5999999999999996,0.0,18.11183210431461,78.40555606483541,27345.13407132028,0.33452780888391187,10.79104292929293,345.6,5.0,-0.16879432624113472,0.5864539548351176,0.6642952161519675,0.38957855669037067,3,3,9,Kritik Risk (Kırmızı Bölge)
ŞİŞLİ|SARIYER MERKEZ,ŞİŞLİ,SARIYER MERKEZ,6154.2,459806.31698458345,0.02255203878366408,401.2,397.2,244.79999999999998,217.59999999999997,38.41133333333333,12.2,2.0,0.0,207.43342360055243,78.40555606483542,31553.43086578293,0.6140643012680927,3.1825887445887444,293.4,12.0,0.0843243243243243,0.5363630074964307,0.6203836514198029,0.3327508410771428,2,2,4,Orta Risk (Sarı Bölge)
ŞİŞLİ|MEŞRUTİYET,ŞİŞLİ,MEŞRUTİYET,7282.6,570157.6934461481,0.0279078689635902,164.8,163.2,92.80000000000001,83.2,95.81575000000001,7.2,1.0,0.0,22.374475633356163,78.40555606483542,12665.357123288308,0.5995877806404122,12.321968750000002,217.36666666666667,6.0,-0.3327935222672065,0.5791700316337322,0.6375311485581928,0.3692389354779381,3,3,9,Kritik Risk (Kırmızı Bölge)
ŞİŞLİ|PAŞA,ŞİŞLİ,PAŞA,19200.6,1504286.935771583,0.07362907798583952,340.4,336.8,54.400000000000006,53.6,101.98241666666668,8.2,3.2,0.0,17.678908195161522,78.40555606483542,26435.240494669004,0.1640672124084446,13.94977380952381,249.025,8.0,-0.1933649289099526,0.6105799014300439,0.6420400220405267,0.392016733371648,3,3,9,Kritik Risk (Kırmızı Bölge)
ŞİŞLİ|TEŞVİKİYE,ŞİŞLİ,TEŞVİKİYE,10950.6,857581.1777163607,0.04197604094662652,256.0,252.8,55.400000000000006,51.0,11.233333333333334,4.3999999999999995,10.0,0.0,23.294985498617287,78.40555606483541,19903.72697699428,0.222258064516129,3.378888888888889,184.4,9.0,-0.17419354838709677,0.5262508963494413,0.5733602061712411,0.3017313224287161,2,2,4,Orta Risk (Sarı Bölge)
ŞİŞLİ|YAYLA,ŞİŞLİ,YAYLA,11501.6,901305.6024988517,0.04411503277271782,187.6,186.0,13.8,13.0,103.32241666666667,4.4,0.0,0.0,16.275791323328896,78.40555606483541,14561.331932511086,0.07811783960720126,45.74120833333334,317.28,5.0,-0.20170212765957443,0.5880854813443319,0.5220433751256068,0.30700612954336215,3,1,3,Düşük Risk (Yeşil Bölge)
ŞİŞLİ|İNÖNÜ,ŞİŞLİ,İNÖNÜ,1628.0,121480.74816808729,0.005958579136863901,180.0,180.0,17.8,16.4,103.07575000000001,8.4,6.0,0.0,324.2793791574279,78.40555606483542,13991.597875956671,0.10093696258079814,12.668635416666667,149.23333333333335,6.0,-0.1780821917808219,0.5925206991019246,0.5110844456799071,0.3028281130543782,3,1,3,Düşük Risk (Yeşil Bölge)
ŞİŞLİ|İZZET PAŞA,ŞİŞLİ,İZZET PAŞA,7652.200000000001,599558.4931331158,0.029346005554633778,165.6,165.6,110.0,106.4,16.3285,5.4,1.0,0.0,21.577964211845774,78.4055560648354,12845.748331062685,0.6917086834733893,3.0899222222222225,418.93333333333334,3.0,-0.21142857142857144,0.5331977307478825,0.5680184020458776,0.3028661229939003,2,2,4,Orta Risk (Sarı Bölge)
