ilce,mahalle,anahtar,yil,S1_Skor,S1_Risk_Seviyesi,S2_Skor,S2_Risk_Seviyesi,S3_Skor,S3_Risk_Seviyesi,S4_Skor,S4_Risk_Seviyesi,S5_Skor,S5_Risk_Seviyesi,S6_Skor,S6_Risk_Seviyesi,S7_Skor,S7_Risk_Seviyesi,S8_Skor,S8_Risk_Seviyesi,S9_Skor,S9_Risk_Seviyesi
ADALAR,BURGAZADA,ADALAR|BURGAZADA,2022,0.1700393851068514,Düşük Risk,0.04953943859646856,Düşük Risk,0.18132808954662966,Orta Risk,0.001079374882244171,Düşük Risk,0.0482424164651506,Düşük Risk,0.04953943859646856,Düşük Risk,0.47568088280079374,Orta Risk,0.46513723717751976,Orta Risk,0.055564597644845413,Düşük Risk
ADALAR,HEYBELİADA,ADALAR|HEYBELİADA,2022,0.14059283610974135,Düşük Risk,0.04834196059820089,Düşük Risk,0.17774596499801393,Orta Risk,0.0007973409161691509,Düşük Risk,0.041288605960846846,Düşük Risk,0.04834196059820089,Düşük Risk,0.49926666106555606,Orta Risk,0.4930308186210685,Yüksek Risk,0.054400278475259134,Düşük Risk
ADALAR,KINALIADA,ADALAR|KINALIADA,2022,0.11152241274764982,Düşük Risk,0.033808144719687766,Düşük Risk,0.14922007941917295,Orta Risk,0.0003240448090591407,Düşük Risk,0.040107616434344705,Düşük Risk,0.033808144719687766,Düşük Risk,0.40044095301816807,Orta Risk,0.3554781110374749,Orta Risk,0.04026891200416677,Düşük Risk
ADALAR,MADEN,ADALAR|MADEN,2022,0.10835680839406274,Düşük Risk,0.03660444624066604,Düşük Risk,0.15719155782950406,Orta Risk,0.0006130990490468162,Düşük Risk,0.03109512170617825,Düşük Risk,0.03660444624066604,Düşük Risk,0.47078514589361775,Orta Risk,0.44955937191540774,Orta Risk,0.04048519363378203,Düşük Risk
ADALAR,NİZAM,ADALAR|NİZAM,2022,0.0768506143988696,Düşük Risk,0.032762471916198126,Düşük Risk,0.1451186240152836,Orta Risk,0.0006309028042322336,Düşük Risk,0.02875142088363204,Düşük Risk,0.032762471916198126,Düşük Risk,0.45028091784722857,Orta Risk,0.42849660311217613,Orta Risk,0.03667662565507796,Düşük Risk
ARNAVUTKÖY,ADNAN MENDERES,ARNAVUTKÖY|ADNAN MENDERES,2022,0.06008874218513603,Düşük Risk,0.026717116665386797,Düşük Risk,0.09648220527081547,Düşük Risk,0.0004253766659727314,Düşük Risk,0.021489647810240653,Düşük Risk,0.026717116665386797,Düşük Risk,0.45241834914190493,Orta Risk,0.40144343736503324,Orta Risk,0.03229384104835507,Düşük Risk
ARNAVUTKÖY,ANADOLU,ARNAVUTKÖY|ANADOLU,2022,0.6050898328844567,Yüksek Risk,0.13381661230740446,Yüksek Risk,0.3237630318779497,Yüksek Risk,0.0006338437415517468,Düşük Risk,0.11842099856577125,Orta Risk,0.13381661230740446,Orta Risk,0.5699497331683692,Yüksek Risk,0.5649081912451531,Yüksek Risk,0.13748870360960688,Yüksek Risk
ARNAVUTKÖY,ARNAVUTKÖY MERKEZ,ARNAVUTKÖY|ARNAVUTKÖY MERKEZ,2022,0.252424309254602,Orta Risk,0.05982030345539818,Düşük Risk,0.17158810010736733,Orta Risk,0.00023258251965419454,Düşük Risk,0.05272841736973353,Düşük Risk,0.05982030345539818,Düşük Risk,0.5031645999234892,Orta Risk,0.45797979444628845,Orta Risk,0.06788534465261006,Düşük Risk
ARNAVUTKÖY,ATATÜRK,ARNAVUTKÖY|ATATÜRK,2022,0.16456808253998806,Düşük Risk,0.044731386709555475,Düşük Risk,0.14063095248829108,Orta Risk,0.00017311839808780173,Düşük Risk,0.04021588727044622,Düşük Risk,0.044731386709555475,Düşük Risk,0.4870506953693822,Orta Risk,0.43589034767881235,Orta Risk,0.05219916110375576,Düşük Risk
ARNAVUTKÖY,BAKLALI,ARNAVUTKÖY|BAKLALI,2022,0.0562769681051518,Düşük Risk,0.0213456944297456,Düşük Risk,0.0875524859628766,Düşük Risk,0.0003256224989058947,Düşük Risk,0.01802513337081199,Düşük Risk,0.0213456944297456,Düşük Risk,0.40663827749776393,Orta Risk,0.3522424962608663,Orta Risk,0.026800281795261234,Düşük Risk
ARNAVUTKÖY,BALABAN,ARNAVUTKÖY|BALABAN,2022,0.058994501389671446,Düşük Risk,0.024791726194694167,Düşük Risk,0.09045536552101248,Düşük Risk,0.00039373610499722874,Düşük Risk,0.02216861355256443,Düşük Risk,0.024791726194694167,Düşük Risk,0.41976715510101775,Orta Risk,0.360835364272101,Orta Risk,0.029432720901464874,Düşük Risk
ARNAVUTKÖY,BOLLUCA,ARNAVUTKÖY|BOLLUCA,2022,0.11186099076142102,Düşük Risk,0.039194075414147676,Düşük Risk,0.12886724694790105,Düşük Risk,0.00016007753061311348,Düşük Risk,0.033036553488801135,Düşük Risk,0.039194075414147676,Düşük Risk,0.4698179318996169,Orta Risk,0.4259340274047072,Orta Risk,0.04416987572674006,Düşük Risk
ARNAVUTKÖY,BOYALIK,ARNAVUTKÖY|BOYALIK,2022,0.07374398607372744,Düşük Risk,0.027319564523716037,Düşük Risk,0.09820528630762046,Düşük Risk,0.0003905798314677218,Düşük Risk,0.02437357347977995,Düşük Risk,0.027319564523716037,Düşük Risk,0.4303871962845918,Orta Risk,0.3816691284034699,Orta Risk,0.030876082894114136,Düşük Risk
ARNAVUTKÖY,BOĞAZKÖY İSTİKLAL,ARNAVUTKÖY|BOĞAZKÖY İSTİKLAL,2022,0.24770374374413015,Orta Risk,0.0615409157475387,Orta Risk,0.17681268768133085,Orta Risk,0.006277914138742264,Düşük Risk,0.054217546793507675,Düşük Risk,0.0615409157475387,Düşük Risk,0.5301172636725796,Yüksek Risk,0.49300846421770106,Yüksek Risk,0.06845941071257045,Düşük Risk
ARNAVUTKÖY,DELİKLİKAYA,ARNAVUTKÖY|DELİKLİKAYA,2022,0.29082305271452535,Orta Risk,0.06956485234332971,Orta Risk,0.19819061786534498,Orta Risk,0.0027524704304926176,Düşük Risk,0.07827754831361786,Düşük Risk,0.06956485234332971,Orta Risk,0.5243457191448692,Yüksek Risk,0.48457564594423996,Orta Risk,0.07709423617484348,Orta Risk
ARNAVUTKÖY,DURSUNKÖY,ARNAVUTKÖY|DURSUNKÖY,2022,0.08796143061525181,Düşük Risk,0.029230983906389858,Düşük Risk,0.10646109051406631,Düşük Risk,0.0003243173620976356,Düşük Risk,0.029523776577897537,Düşük Risk,0.029230983906389858,Düşük Risk,0.45080523219421587,Orta Risk,0.3860624509290117,Orta Risk,0.03558204990371547,Düşük Risk
ARNAVUTKÖY,DURUSU,ARNAVUTKÖY|DURUSU,2022,0.04410437179871498,Düşük Risk,0.021115643770889127,Düşük Risk,0.08538261830509404,Düşük Risk,0.00011560841968547697,Düşük Risk,0.022420918435513134,Düşük Risk,0.021115643770889127,Düşük Risk,0.3956334812495824,Orta Risk,0.31883167564326287,Düşük Risk,0.027015881925086506,Düşük Risk
ARNAVUTKÖY,FATİH,ARNAVUTKÖY|FATİH,2022,0.10524085655139688,Düşük Risk,0.03142744544862466,Düşük Risk,0.11229666245600049,Düşük Risk,0.0002145351505196237,Düşük Risk,0.02969905957921517,Düşük Risk,0.03142744544862466,Düşük Risk,0.45785714377736003,Orta Risk,0.40306200945924037,Orta Risk,0.03770972764125196,Düşük Risk
ARNAVUTKÖY,HACIMAŞLI,ARNAVUTKÖY|HACIMAŞLI,2022,0.04141165704767989,Düşük Risk,0.027108307753268078,Düşük Risk,0.10095562859121976,Düşük Risk,0.003291717721532521,Düşük Risk,0.025161836036420304,Düşük Risk,0.027108307753268078,Düşük Risk,0.4309776158411661,Orta Risk,0.3763727471031194,Orta Risk,0.034332468755778785,Düşük Risk
ARNAVUTKÖY,HADIMKÖY,ARNAVUTKÖY|HADIMKÖY,2022,0.4880992109657051,Yüksek Risk,0.14001731207332244,Yüksek Risk,0.2891026087368447,Yüksek Risk,0.020612777331402137,Orta Risk,0.12880428964612528,Orta Risk,0.14001731207332244,Orta Risk,0.5907700117711919,Yüksek Risk,0.5961172109324979,Yüksek Risk,0.1407304916165361,Yüksek Risk
ARNAVUTKÖY,HARAÇÇI,ARNAVUTKÖY|HARAÇÇI,2022,0.2739828248883335,Orta Risk,0.06676661088673394,Orta Risk,0.18895841046646505,Orta Risk,0.006743189573296414,Düşük Risk,0.07219038293138047,Düşük Risk,0.06676661088673394,Düşük Risk,0.5310795493099607,Yüksek Risk,0.4975463242241585,Yüksek Risk,0.07140689693116672,Orta Risk
ARNAVUTKÖY,HASTANE,ARNAVUTKÖY|HASTANE,2022,0.42133498291859794,Orta Risk,0.10737377922280908,Orta Risk,0.2797378847803048,Yüksek Risk,0.01531413631167845,Orta Risk,0.10242687621430147,Orta Risk,0.10737377922280908,Orta Risk,0.583149260238223,Yüksek Risk,0.5812173479030355,Yüksek Risk,0.10976446479332125,Orta Risk
ARNAVUTKÖY,HİCRET,ARNAVUTKÖY|HİCRET,2022,0.08571754902611453,Düşük Risk,0.03126637057600891,Düşük Risk,0.11068067825418076,Düşük Risk,0.00017887851459755537,Düşük Risk,0.02843819474426566,Düşük Risk,0.03126637057600891,Düşük Risk,0.4597538773153684,Orta Risk,0.401027639404358,Orta Risk,0.037649646462823226,Düşük Risk
ARNAVUTKÖY,KARABURUN,ARNAVUTKÖY|KARABURUN,2022,0.13588527873698003,Düşük Risk,0.04002435769482433,Düşük Risk,0.1315806110128062,Düşük Risk,0.0003342188502066535,Düşük Risk,0.036434121027710736,Düşük Risk,0.04002435769482433,Düşük Risk,0.465531040467085,Orta Risk,0.4345312363892452,Orta Risk,0.04267641455385436,Düşük Risk
ARNAVUTKÖY,KARLIBAYIR,ARNAVUTKÖY|KARLIBAYIR,2022,0.1504520665595967,Düşük Risk,0.040438653928752934,Düşük Risk,0.12809873894758628,Düşük Risk,0.00046592063114668964,Düşük Risk,0.03275411132866558,Düşük Risk,0.040438653928752934,Düşük Risk,0.47902151707327456,Orta Risk,0.43773307497800934,Orta Risk,0.046599125857834024,Düşük Risk
ARNAVUTKÖY,MAREŞAL FEVZİ ÇAKMAK,ARNAVUTKÖY|MAREŞAL FEVZİ ÇAKMAK,2022,0.27304239402590735,Orta Risk,0.06978947679464216,Orta Risk,0.1982273669048879,Orta Risk,0.0006397272316906018,Düşük Risk,0.07257967792855144,Düşük Risk,0.06978947679464216,Düşük Risk,0.5434790809835625,Yüksek Risk,0.5084243088462763,Yüksek Risk,0.07561519703434398,Orta Risk
ARNAVUTKÖY,MAVİGÖL,ARNAVUTKÖY|MAVİGÖL,2022,0.1379170438504287,Düşük Risk,0.041678651668864114,Düşük Risk,0.13435560414684977,Düşük Risk,0.00018233369544562596,Düşük Risk,0.035149841824836096,Düşük Risk,0.041678651668864114,Düşük Risk,0.4511566623089189,Orta Risk,0.43482197487524676,Orta Risk,0.04246382643946866,Düşük Risk
ARNAVUTKÖY,MEHMET AKİF ERSOY,ARNAVUTKÖY|MEHMET AKİF ERSOY,2022,0.14397112234389176,Düşük Risk,0.04297334998322161,Düşük Risk,0.1333096623936458,Düşük Risk,0.0005136050936471305,Düşük Risk,0.04095395258722124,Düşük Risk,0.04297334998322161,Düşük Risk,0.49904232184576736,Orta Risk,0.4562502932660123,Orta Risk,0.047838196898774984,Düşük Risk
ARNAVUTKÖY,MUSTAFA KEMALPAŞA,ARNAVUTKÖY|MUSTAFA KEMALPAŞA,2022,0.2993261633026775,Orta Risk,0.07141214918225444,Orta Risk,0.1979631161738967,Orta Risk,0.0006717025710565392,Düşük Risk,0.06437984408346334,Düşük Risk,0.07141214918225444,Düşük Risk,0.538782711251956,Yüksek Risk,0.508532432249557,Yüksek Risk,0.07722706216414757,Orta Risk
ARNAVUTKÖY,NENEHATUN,ARNAVUTKÖY|NENEHATUN,2022,0.17831502250428993,Düşük Risk,0.049293803719211375,Düşük Risk,0.1493416994360152,Orta Risk,0.0005586233193431941,Düşük Risk,0.04417485227838461,Düşük Risk,0.049293803719211375,Düşük Risk,0.5147219186693105,Yüksek Risk,0.47496286074619987,Orta Risk,0.056656509309822974,Düşük Risk
ARNAVUTKÖY,SAZLIBOSNA,ARNAVUTKÖY|SAZLIBOSNA,2022,0.07274992585131113,Düşük Risk,0.02698521948320491,Düşük Risk,0.09918876331961363,Düşük Risk,0.0005830104238607269,Düşük Risk,0.026173701096504264,Düşük Risk,0.02698521948320491,Düşük Risk,0.45530405256063783,Orta Risk,0.3931125763064517,Orta Risk,0.03316799541442885,Düşük Risk
ARNAVUTKÖY,TAYAKADIN,ARNAVUTKÖY|TAYAKADIN,2022,0.22856095098960336,Orta Risk,0.056892476730880936,Düşük Risk,0.16507181328416548,Orta Risk,0.0010188406984866284,Düşük Risk,0.0523606089524914,Düşük Risk,0.056892476730880936,Düşük Risk,0.5129284585628135,Orta Risk,0.4806445743007248,Orta Risk,0.0616815087639489,Düşük Risk
ARNAVUTKÖY,TAŞOLUK,ARNAVUTKÖY|TAŞOLUK,2022,0.23085088812723023,Orta Risk,0.05779930792796582,Düşük Risk,0.17010286800685304,Orta Risk,0.0001998497616535819,Düşük Risk,0.056142264581798204,Düşük Risk,0.05779930792796582,Düşük Risk,0.5023076193181574,Yüksek Risk,0.46224726657130993,Orta Risk,0.06285205227179802,Düşük Risk
ARNAVUTKÖY,TERKOS,ARNAVUTKÖY|TERKOS,2022,0.04047941143476194,Düşük Risk,0.016521482994029932,Düşük Risk,0.07616535429184317,Düşük Risk,0.00027267600187739333,Düşük Risk,0.016375449209089173,Düşük Risk,0.016521482994029932,Düşük Risk,0.3766056330464922,Düşük Risk,0.30501764278990673,Düşük Risk,0.022591988339467742,Düşük Risk
ARNAVUTKÖY,YASSIÖREN,ARNAVUTKÖY|YASSIÖREN,2022,0.22357739012280053,Orta Risk,0.06957640692384688,Orta Risk,0.1997204902905751,Orta Risk,0.004731706007852443,Düşük Risk,0.07197221678389952,Düşük Risk,0.06957640692384688,Düşük Risk,0.5298865582630201,Yüksek Risk,0.49699828357788534,Yüksek Risk,0.0748439753328013,Orta Risk
ARNAVUTKÖY,YAVUZ SELİM,ARNAVUTKÖY|YAVUZ SELİM,2022,0.27823251524672177,Orta Risk,0.06629352751365349,Orta Risk,0.18975912223829972,Orta Risk,0.0005045758117056227,Düşük Risk,0.06615947027742426,Düşük Risk,0.06629352751365349,Düşük Risk,0.507956955764657,Yüksek Risk,0.4731586487042194,Orta Risk,0.07201173886829029,Orta Risk
ARNAVUTKÖY,YENİKÖY,ARNAVUTKÖY|YENİKÖY,2022,0.10688779195894675,Düşük Risk,0.03686569553116056,Düşük Risk,0.12452077546558526,Düşük Risk,0.0002940348991778462,Düşük Risk,0.03173294578677242,Düşük Risk,0.03686569553116056,Düşük Risk,0.4732752049198991,Orta Risk,0.4279348014238503,Orta Risk,0.04297490618517618,Düşük Risk
ARNAVUTKÖY,YEŞİLBAYIR,ARNAVUTKÖY|YEŞİLBAYIR,2022,0.12134657202214524,Düşük Risk,0.0476036999092639,Düşük Risk,0.12151696196026839,Düşük Risk,0.005360855943763588,Düşük Risk,0.04398977708290216,Düşük Risk,0.0476036999092639,Düşük Risk,0.49083073123750215,Orta Risk,0.4527235789629979,Orta Risk,0.05271982613284566,Düşük Risk
ARNAVUTKÖY,YUNUS EMRE,ARNAVUTKÖY|YUNUS EMRE,2022,0.19650521556776418,Düşük Risk,0.05125495990466372,Düşük Risk,0.1516446314924358,Orta Risk,0.0004274393651416354,Düşük Risk,0.042508459958201995,Düşük Risk,0.05125495990466372,Düşük Risk,0.5014648861715322,Orta Risk,0.46266962080063123,Orta Risk,0.058356583186066055,Düşük Risk
ARNAVUTKÖY,ÇİLİNGİR,ARNAVUTKÖY|ÇİLİNGİR,2022,0.07292858589285929,Düşük Risk,0.02666076180590752,Düşük Risk,0.09778628880731852,Düşük Risk,0.0007224221389804239,Düşük Risk,0.02187604508853354,Düşük Risk,0.02666076180590752,Düşük Risk,0.454092716576347,Orta Risk,0.4048114668005996,Orta Risk,0.03208092324413788,Düşük Risk
ARNAVUTKÖY,ÖMERLİ,ARNAVUTKÖY|ÖMERLİ,2022,0.287504846753496,Orta Risk,0.10260903832158699,Orta Risk,0.20892348659485918,Orta Risk,0.018853843614979618,Orta Risk,0.10619309798318172,Orta Risk,0.10260903832158699,Orta Risk,0.5777291637170878,Yüksek Risk,0.546799726171849,Yüksek Risk,0.11017033412250507,Orta Risk
ARNAVUTKÖY,İMRAHOR,ARNAVUTKÖY|İMRAHOR,2022,0.1918337612783061,Düşük Risk,0.05116391809000123,Düşük Risk,0.14976106269243933,Orta Risk,0.0069025713475110335,Düşük Risk,0.04225783085738694,Düşük Risk,0.05116391809000123,Düşük Risk,0.5187491514269756,Orta Risk,0.4777217106944956,Orta Risk,0.05892042551589149,Düşük Risk
ARNAVUTKÖY,İSLAMBEY,ARNAVUTKÖY|İSLAMBEY,2022,0.3872999851561643,Orta Risk,0.0876232822921612,Orta Risk,0.23475637071431985,Orta Risk,0.0006434571768595062,Düşük Risk,0.07963087760867923,Orta Risk,0.0876232822921612,Düşük Risk,0.5459182296025764,Yüksek Risk,0.5162575413926889,Yüksek Risk,0.09486370857637677,Orta Risk
ATAŞEHİR,ATATÜRK,ATAŞEHİR|ATATÜRK,2022,0.300122862694385,Orta Risk,0.08493686076983319,Orta Risk,0.205540776800873,Orta Risk,0.0006930271523896693,Düşük Risk,0.07248364595312634,Düşük Risk,0.08493686076983319,Düşük Risk,0.5675013561401354,Yüksek Risk,0.5296239610372726,Yüksek Risk,0.09803471756171742,Orta Risk
ATAŞEHİR,AŞIKVEYSEL,ATAŞEHİR|AŞIKVEYSEL,2022,0.24015441742893673,Orta Risk,0.057744419931266874,Düşük Risk,0.16425756698603244,Orta Risk,0.0006821938538125585,Düşük Risk,0.05157441421443686,Düşük Risk,0.057744419931266874,Düşük Risk,0.522112550618766,Yüksek Risk,0.4750211011542827,Orta Risk,0.07238929515464167,Orta Risk
ATAŞEHİR,BARBAROS,ATAŞEHİR|BARBAROS,2022,0.33082321592737934,Orta Risk,0.09095300248166255,Orta Risk,0.21343449836024078,Orta Risk,0.008732386631393014,Orta Risk,0.08660120526271559,Orta Risk,0.09095300248166255,Düşük Risk,0.5618384203833096,Yüksek Risk,0.5227498481622537,Yüksek Risk,0.106071545709469,Orta Risk
ATAŞEHİR,ESATPAŞA,ATAŞEHİR|ESATPAŞA,2022,0.48111215828347637,Yüksek Risk,0.10321088213458893,Orta Risk,0.26327547888049685,Yüksek Risk,0.0007740385778297467,Düşük Risk,0.09911190207850233,Orta Risk,0.10321088213458893,Düşük Risk,0.5432818004589866,Yüksek Risk,0.5136779197883252,Yüksek Risk,0.11556793106624641,Orta Risk
ATAŞEHİR,FERHATPAŞA,ATAŞEHİR|FERHATPAŞA,2022,0.3954613094534561,Orta Risk,0.08634131668395065,Orta Risk,0.22288943395843003,Orta Risk,0.007663285197211028,Orta Risk,0.08532316071179252,Orta Risk,0.08634131668395065,Düşük Risk,0.5175910612976595,Orta Risk,0.4919471050839349,Yüksek Risk,0.09255471701219409,Orta Risk
ATAŞEHİR,FETİH,ATAŞEHİR|FETİH,2022,0.13003340285241888,Düşük Risk,0.03775215765030092,Düşük Risk,0.11909908451088477,Düşük Risk,0.0005102105395498184,Düşük Risk,0.03011501253035033,Düşük Risk,0.03775215765030092,Düşük Risk,0.4984166615479644,Orta Risk,0.4390921051294153,Orta Risk,0.055418755636498465,Düşük Risk
ATAŞEHİR,KAYIŞDAĞI,ATAŞEHİR|KAYIŞDAĞI,2022,0.5812407323242756,Yüksek Risk,0.13270511252042008,Yüksek Risk,0.3147384120053492,Yüksek Risk,0.01107821602441792,Orta Risk,0.12019244045053434,Orta Risk,0.13270511252042008,Düşük Risk,0.5928634954828359,Yüksek Risk,0.572656160079148,Yüksek Risk,0.14529961188097554,Yüksek Risk
ATAŞEHİR,KÜÇÜKBAKKALKÖY,ATAŞEHİR|KÜÇÜKBAKKALKÖY,2022,0.4448439366391029,Orta Risk,0.15031118012080819,Yüksek Risk,0.3137049456483378,Yüksek Risk,0.013308510187634619,Orta Risk,0.13942669615720538,Orta Risk,0.15031118012080819,Düşük Risk,0.6003996572741748,Yüksek Risk,0.5903518279188222,Yüksek Risk,0.16664013047060816,Yüksek Risk
ATAŞEHİR,MEVLANA,ATAŞEHİR|MEVLANA,2022,0.36011044776173,Orta Risk,0.08624345233174195,Orta Risk,0.2261162006273309,Orta Risk,0.0007383006344996813,Düşük Risk,0.07458861132172827,Düşük Risk,0.08624345233174195,Düşük Risk,0.5601571728410714,Yüksek Risk,0.5344955876615535,Yüksek Risk,0.09724612281851333,Orta Risk
ATAŞEHİR,MUSTAFA KEMAL,ATAŞEHİR|MUSTAFA KEMAL,2022,0.38361798709729045,Orta Risk,0.08423948200970574,Orta Risk,0.225520614375312,Orta Risk,0.0007944360447230778,Düşük Risk,0.07965095409663252,Orta Risk,0.08423948200970574,Düşük Risk,0.5415039667884712,Yüksek Risk,0.5030948294378076,Yüksek Risk,0.09963766281861329,Orta Risk
ATAŞEHİR,MİMAR SİNAN,ATAŞEHİR|MİMAR SİNAN,2022,0.2229924265299253,Orta Risk,0.05303446315523333,Düşük Risk,0.15774510161613645,Orta Risk,0.00029546533009333875,Düşük Risk,0.047980114848391923,Düşük Risk,0.05303446315523333,Düşük Risk,0.5004334989811811,Orta Risk,0.45049179097094794,Orta Risk,0.06637710196131805,Düşük Risk
ATAŞEHİR,SEYMEN ÇAMLICA,ATAŞEHİR|SEYMEN ÇAMLICA,2022,0.2337823222281476,Orta Risk,0.05611948687853861,Düşük Risk,0.1607700295859093,Orta Risk,0.007213015020893836,Düşük Risk,0.049800303914555616,Düşük Risk,0.05611948687853861,Düşük Risk,0.5211726807853294,Orta Risk,0.47497281970995064,Orta Risk,0.06863129818391227,Düşük Risk
ATAŞEHİR,YENİSAHRA,ATAŞEHİR|YENİSAHRA,2022,0.21279011977976842,Düşük Risk,0.05681738964280725,Düşük Risk,0.15556212809420558,Orta Risk,0.009247947118030272,Orta Risk,0.05692026725146983,Düşük Risk,0.05681738964280725,Düşük Risk,0.5254375080173933,Orta Risk,0.4789713663309112,Orta Risk,0.07646170918937496,Orta Risk
ATAŞEHİR,ESENŞEHİR,ATAŞEHİR|ESENŞEHİR,2022,0.13107788517849206,Düşük Risk,0.03917914597008964,Düşük Risk,0.12038380947831019,Düşük Risk,0.0005824187300940357,Düşük Risk,0.03240401621278735,Düşük Risk,0.03917914597008964,Düşük Risk,0.4994588904443496,Orta Risk,0.4418638233477627,Orta Risk,0.05293067927037801,Düşük Risk
ATAŞEHİR,ÖRNEK,ATAŞEHİR|ÖRNEK,2022,0.3802422052753075,Orta Risk,0.08506328578460391,Orta Risk,0.2187266347213237,Orta Risk,0.0007481419914720653,Düşük Risk,0.08397627792164944,Orta Risk,0.08506328578460391,Düşük Risk,0.5352052531704944,Yüksek Risk,0.49344112553662856,Yüksek Risk,0.10158249129422316,Orta Risk
ATAŞEHİR,İNÖNÜ,ATAŞEHİR|İNÖNÜ,2022,0.49952223003316537,Yüksek Risk,0.11143439814898679,Orta Risk,0.2793078419263864,Yüksek Risk,0.0008682369046562555,Düşük Risk,0.10346871905292263,Orta Risk,0.11143439814898679,Düşük Risk,0.5656654549963596,Yüksek Risk,0.543274960646013,Yüksek Risk,0.12440422028067455,Orta Risk
ATAŞEHİR,İÇERENKÖY,ATAŞEHİR|İÇERENKÖY,2022,0.7327689661543645,Yüksek Risk,0.1748433225055712,Yüksek Risk,0.3799667732728551,Yüksek Risk,0.01824187567572525,Orta Risk,0.14131125551828858,Orta Risk,0.1748433225055712,Orta Risk,0.6425926429633937,Yüksek Risk,0.6282231149033507,Yüksek Risk,0.19076354627314765,Yüksek Risk
AVCILAR,AMBARLI,AVCILAR|AMBARLI,2022,0.5484803700269136,Yüksek Risk,0.12882549211544295,Yüksek Risk,0.3060575131343455,Yüksek Risk,0.0007152481560920644,Düşük Risk,0.1133175427490526,Orta Risk,0.12882549211544295,Orta Risk,0.5867179311940408,Yüksek Risk,0.5744429024297819,Yüksek Risk,0.13926329110314056,Yüksek Risk
AVCILAR,CİHANGİR,AVCILAR|CİHANGİR,2022,0.40179791200720727,Orta Risk,0.09283311053029067,Orta Risk,0.21435982793107877,Orta Risk,0.006758785789731765,Düşük Risk,0.08259131606424722,Orta Risk,0.09283311053029067,Düşük Risk,0.550835889799218,Yüksek Risk,0.5209668052719949,Yüksek Risk,0.10166636410474832,Orta Risk
AVCILAR,DENİZKÖŞKLER,AVCILAR|DENİZKÖŞKLER,2022,0.5530552486231872,Yüksek Risk,0.12408965262343805,Yüksek Risk,0.295369412225277,Yüksek Risk,0.007593799283521964,Orta Risk,0.10899653888640676,Orta Risk,0.12408965262343805,Orta Risk,0.5773466024981119,Yüksek Risk,0.565690470422113,Yüksek Risk,0.13144290616858545,Yüksek Risk
AVCILAR,FİRUZKÖY,AVCILAR|FİRUZKÖY,2022,0.3797658548849341,Orta Risk,0.08549963705620017,Orta Risk,0.21581980990485983,Orta Risk,0.003873428127073064,Düşük Risk,0.07688603462573211,Düşük Risk,0.08549963705620017,Düşük Risk,0.5327591123699222,Yüksek Risk,0.5004299459434609,Yüksek Risk,0.09372328222120573,Orta Risk
AVCILAR,GÜMÜŞPALA,AVCILAR|GÜMÜŞPALA,2022,0.38810296288634527,Orta Risk,0.09111744114131214,Orta Risk,0.21959124346720316,Orta Risk,0.0006576433097262378,Düşük Risk,0.07667182921504087,Düşük Risk,0.09111744114131214,Düşük Risk,0.5483959457451295,Yüksek Risk,0.5261417108344137,Yüksek Risk,0.09756529389248311,Orta Risk
AVCILAR,SARIYER MERKEZ,AVCILAR|SARIYER MERKEZ,2022,0.4069181977071782,Orta Risk,0.09961078730824217,Orta Risk,0.24527596252750858,Orta Risk,0.000603881125101014,Düşük Risk,0.08607661112794769,Orta Risk,0.09961078730824217,Düşük Risk,0.5710501401042962,Yüksek Risk,0.5484980833911729,Yüksek Risk,0.10862408282564263,Orta Risk
AVCILAR,MUSTAFA KEMALPAŞA,AVCILAR|MUSTAFA KEMALPAŞA,2022,0.4300586963207624,Orta Risk,0.10337200856751615,Orta Risk,0.2486176215425861,Orta Risk,0.0057893013081805065,Düşük Risk,0.08997561430860974,Orta Risk,0.10337200856751615,Düşük Risk,0.5600970018281274,Yüksek Risk,0.5445277661229995,Yüksek Risk,0.10872945801205558,Orta Risk
AVCILAR,TAHTAKALE,AVCILAR|TAHTAKALE,2022,0.3443656305957219,Orta Risk,0.09638291418228848,Orta Risk,0.21092243266005106,Orta Risk,0.007958568145271272,Orta Risk,0.08090641738525402,Orta Risk,0.09638291418228848,Düşük Risk,0.5721371513095669,Yüksek Risk,0.5413238676474499,Yüksek Risk,0.10858847855790657,Orta Risk
AVCILAR,YEŞİLKENT,AVCILAR|YEŞİLKENT,2022,0.6675921012639808,Yüksek Risk,0.13797554425778827,Yüksek Risk,0.32022128456510174,Yüksek Risk,0.0005682106690372144,Düşük Risk,0.12550081555181494,Orta Risk,0.13797554425778827,Orta Risk,0.5595003890116358,Yüksek Risk,0.5351400843489047,Yüksek Risk,0.14387907776093872,Yüksek Risk
AVCILAR,ÜNİVERSİTE,AVCILAR|ÜNİVERSİTE,2022,0.27730745334338447,Orta Risk,0.078705546534929,Orta Risk,0.19723186566018386,Orta Risk,0.0005177495539087278,Düşük Risk,0.0641630103534594,Düşük Risk,0.078705546534929,Düşük Risk,0.5628891265618897,Yüksek Risk,0.5329188817899584,Yüksek Risk,0.08788416612470758,Orta Risk
BAHÇELİEVLER,BAHÇELİEVLER,BAHÇELİEVLER|BAHÇELİEVLER,2022,0.379059303396684,Orta Risk,0.11757335511770833,Orta Risk,0.23785980536961226,Orta Risk,0.008240767174837044,Orta Risk,0.10620273275456099,Orta Risk,0.11757335511770833,Düşük Risk,0.5672300043479733,Yüksek Risk,0.536537650651145,Yüksek Risk,0.12780827168399897,Orta Risk
BAHÇELİEVLER,CUMHURİYET,BAHÇELİEVLER|CUMHURİYET,2022,0.28582369067476365,Orta Risk,0.07150565193495943,Orta Risk,0.17071542850903157,Orta Risk,0.0005150950459381197,Düşük Risk,0.05993554075270455,Düşük Risk,0.07150565193495943,Düşük Risk,0.536772706643991,Yüksek Risk,0.4943424834286735,Yüksek Risk,0.08362669566471646,Orta Risk
BAHÇELİEVLER,FEVZİ ÇAKMAK,BAHÇELİEVLER|FEVZİ ÇAKMAK,2022,0.2432081468019591,Orta Risk,0.06270255302095676,Orta Risk,0.16345116539820392,Orta Risk,0.00043145423049289637,Düşük Risk,0.060303715708254976,Düşük Risk,0.06270255302095676,Düşük Risk,0.4859869246251986,Orta Risk,0.4505197121451927,Orta Risk,0.07129344235296203,Orta Risk
BAHÇELİEVLER,HÜRRİYET,BAHÇELİEVLER|HÜRRİYET,2022,0.5842650838828333,Yüksek Risk,0.12268479319980627,Yüksek Risk,0.29476294774342593,Yüksek Risk,0.00025261338497547836,Düşük Risk,0.11204782495044885,Orta Risk,0.12268479319980627,Orta Risk,0.5350943893748515,Yüksek Risk,0.509289492566204,Yüksek Risk,0.13289276168177439,Yüksek Risk
BAHÇELİEVLER,KOCASINAN MERKEZ,BAHÇELİEVLER|KOCASINAN MERKEZ,2022,0.18683044602079557,Düşük Risk,0.03883531502175372,Düşük Risk,0.09227577701367048,Düşük Risk,2.56450886496554e-06,Düşük Risk,0.07119345340840297,Düşük Risk,0.03883531502175372,Düşük Risk,0.29362281732586865,Düşük Risk,0.14856819299437402,Düşük Risk,0.04814743745489483,Düşük Risk
BAHÇELİEVLER,KOCASİNAN MERKEZ,BAHÇELİEVLER|KOCASİNAN MERKEZ,2022,0.5695056839072312,Yüksek Risk,0.1370755270477696,Yüksek Risk,0.29433319518983003,Yüksek Risk,0.008137586245265276,Orta Risk,0.11462809589009149,Orta Risk,0.1370755270477696,Düşük Risk,0.6001844633219029,Yüksek Risk,0.5732404547359516,Yüksek Risk,0.14921930380444612,Yüksek Risk
BAHÇELİEVLER,SOĞANLI,BAHÇELİEVLER|SOĞANLI,2022,0.4779215478881742,Yüksek Risk,0.10572941894407195,Orta Risk,0.24067895603065073,Orta Risk,0.0005861963225589347,Düşük Risk,0.0935007238628371,Orta Risk,0.10572941894407195,Düşük Risk,0.5530990953058763,Yüksek Risk,0.5195023684632681,Yüksek Risk,0.11650955399730324,Orta Risk
BAHÇELİEVLER,SİYAVUŞPAŞA,BAHÇELİEVLER|SİYAVUŞPAŞA,2022,0.6059710953987495,Yüksek Risk,0.12831097526449037,Yüksek Risk,0.3005389200074351,Yüksek Risk,0.0005384236466341619,Düşük Risk,0.1182893111889375,Orta Risk,0.12831097526449037,Düşük Risk,0.541036516815898,Yüksek Risk,0.5218621400520325,Yüksek Risk,0.13878418719654798,Yüksek Risk
BAHÇELİEVLER,YENİBOSNA MERKEZ,BAHÇELİEVLER|YENİBOSNA MERKEZ,2022,0.32890299063962314,Orta Risk,0.09717246012104587,Orta Risk,0.21960760460814438,Orta Risk,0.024718445497575105,Orta Risk,0.08277270304297783,Orta Risk,0.09717246012104587,Düşük Risk,0.6129790100089321,Yüksek Risk,0.5756712052265118,Yüksek Risk,0.11197757582143389,Orta Risk
BAHÇELİEVLER,ZAFER,BAHÇELİEVLER|ZAFER,2022,0.6518583616651955,Yüksek Risk,0.14369448440488772,Yüksek Risk,0.3206232751151733,Yüksek Risk,0.0005978217488245433,Düşük Risk,0.1259890025599355,Orta Risk,0.14369448440488772,Orta Risk,0.5740055907049766,Yüksek Risk,0.5588743530940293,Yüksek Risk,0.151706018095934,Yüksek Risk
BAHÇELİEVLER,ÇOBANÇEŞME,BAHÇELİEVLER|ÇOBANÇEŞME,2022,0.2828270623261932,Orta Risk,0.06714514579882343,Orta Risk,0.16738157418697464,Orta Risk,0.0004966050711647707,Düşük Risk,0.05750668266047318,Düşük Risk,0.06714514579882343,Düşük Risk,0.5005726005790981,Yüksek Risk,0.47244203546412733,Orta Risk,0.07235464196170115,Orta Risk
BAHÇELİEVLER,ŞİRİNEVLER,BAHÇELİEVLER|ŞİRİNEVLER,2022,0.5379380893653407,Yüksek Risk,0.13169773642692773,Yüksek Risk,0.2915361063242491,Yüksek Risk,0.0006707235715142342,Düşük Risk,0.11054990944105027,Orta Risk,0.13169773642692773,Düşük Risk,0.5859935836094718,Yüksek Risk,0.5645794708908342,Yüksek Risk,0.1426137035522262,Yüksek Risk
BAKIRKÖY,ATAKÖY 1. KISIM,BAKIRKÖY|ATAKÖY 1. KISIM,2022,0.07648757988147756,Düşük Risk,0.028945447160756588,Düşük Risk,0.11842969452680084,Düşük Risk,0.0001784754511261003,Düşük Risk,0.031071836685453567,Düşük Risk,0.028945447160756588,Düşük Risk,0.42800644975509033,Orta Risk,0.376939084448064,Orta Risk,0.03135288036226125,Düşük Risk
BAKIRKÖY,ATAKÖY 2-5-6. KISIM,BAKIRKÖY|ATAKÖY 2-5-6. KISIM,2022,0.11594796886094384,Düşük Risk,0.03619092886739969,Düşük Risk,0.1307595424678211,Düşük Risk,0.0003397877866558177,Düşük Risk,0.03196967285941362,Düşük Risk,0.03619092886739969,Düşük Risk,0.4602481934910773,Orta Risk,0.42738962516483403,Orta Risk,0.038205771391919545,Düşük Risk
BAKIRKÖY,ATAKÖY 3-4-11. KISIM,BAKIRKÖY|ATAKÖY 3-4-11. KISIM,2022,0.09577631001556089,Düşük Risk,0.03464820175895904,Düşük Risk,0.13021851512322766,Düşük Risk,0.00017343323787810295,Düşük Risk,0.028091156520198418,Düşük Risk,0.03464820175895904,Düşük Risk,0.46252670355937775,Orta Risk,0.42138648328699996,Orta Risk,0.038809431995608254,Düşük Risk
BAKIRKÖY,ATAKÖY 7-8-9-10. KISIM,BAKIRKÖY|ATAKÖY 7-8-9-10. KISIM,2022,0.1693772765666577,Düşük Risk,0.054375200881396246,Düşük Risk,0.16303653714345817,Orta Risk,0.00037566668414051435,Düşük Risk,0.04332625189349215,Düşük Risk,0.054375200881396246,Düşük Risk,0.5449069243512238,Yüksek Risk,0.49155610072196376,Yüksek Risk,0.06618576809330766,Düşük Risk
BAKIRKÖY,BASINKÖY,BAKIRKÖY|BASINKÖY,2022,0.07994299922048342,Düşük Risk,0.033831739633003434,Düşük Risk,0.12733251302758117,Düşük Risk,0.00042319039240472074,Düşük Risk,0.026630484932160452,Düşük Risk,0.033831739633003434,Düşük Risk,0.47837471471649523,Orta Risk,0.43720063758364675,Orta Risk,0.04187740154736528,Düşük Risk
BAKIRKÖY,CEVİZLİK,BAKIRKÖY|CEVİZLİK,2022,0.1326501532657468,Düşük Risk,0.04698003891511554,Düşük Risk,0.15228783988708894,Orta Risk,0.000657014672534353,Düşük Risk,0.036407388155730885,Düşük Risk,0.04698003891511554,Düşük Risk,0.5199283986613815,Orta Risk,0.49289319534475906,Yüksek Risk,0.051420713548671455,Düşük Risk
BAKIRKÖY,KARTALTEPE,BAKIRKÖY|KARTALTEPE,2022,0.5277099774928764,Yüksek Risk,0.12734934253241584,Yüksek Risk,0.32390521466955413,Yüksek Risk,0.0006902392193176636,Düşük Risk,0.1113824834737497,Orta Risk,0.12734934253241584,Düşük Risk,0.5932489414554392,Yüksek Risk,0.5885338781123715,Yüksek Risk,0.13184237270920393,Yüksek Risk
BAKIRKÖY,OSMANİYE,BAKIRKÖY|OSMANİYE,2022,0.26065134438001875,Orta Risk,0.06629455675843365,Orta Risk,0.19573420217314444,Orta Risk,0.00022277892332020849,Düşük Risk,0.05547353060193288,Düşük Risk,0.06629455675843365,Düşük Risk,0.5293985429047314,Yüksek Risk,0.488362134623761,Orta Risk,0.0756885278921403,Orta Risk
BAKIRKÖY,SAKIZAĞACI,BAKIRKÖY|SAKIZAĞACI,2022,0.12781331814246535,Düşük Risk,0.04071012165736248,Düşük Risk,0.14439582688895186,Orta Risk,0.00019264251213827518,Düşük Risk,0.033730440975983655,Düşük Risk,0.04071012165736248,Düşük Risk,0.4735426585870117,Orta Risk,0.4421715180001294,Orta Risk,0.04395135641723253,Düşük Risk
BAKIRKÖY,YENİMAHALLE,BAKIRKÖY|YENİMAHALLE,2022,0.07787352109192114,Düşük Risk,0.030560705838270627,Düşük Risk,0.12038586601954453,Düşük Risk,0.0006636098179728126,Düşük Risk,0.02829221337029342,Düşük Risk,0.030560705838270627,Düşük Risk,0.4750523312084409,Orta Risk,0.41606155971759035,Orta Risk,0.03821229171935205,Düşük Risk
BAKIRKÖY,YEŞİLKÖY,BAKIRKÖY|YEŞİLKÖY,2022,0.3044857981183162,Orta Risk,0.08749419730890594,Orta Risk,0.2276788579350515,Orta Risk,0.009339967803947998,Orta Risk,0.07020065004410805,Düşük Risk,0.08749419730890594,Düşük Risk,0.582435535278002,Yüksek Risk,0.5643388586584408,Yüksek Risk,0.09306598038931914,Orta Risk
BAKIRKÖY,YEŞİLYURT,BAKIRKÖY|YEŞİLYURT,2022,0.049898085734296924,Düşük Risk,0.022783657755677963,Düşük Risk,0.10248317782049846,Düşük Risk,0.00027529059725561847,Düşük Risk,0.019255872455780393,Düşük Risk,0.022783657755677963,Düşük Risk,0.4117637559010797,Orta Risk,0.36294319538224845,Orta Risk,0.027413264615596233,Düşük Risk
BAKIRKÖY,ZEYTİNLİK,BAKIRKÖY|ZEYTİNLİK,2022,0.18601936888014106,Düşük Risk,0.057596403791822834,Düşük Risk,0.18486582931093534,Orta Risk,0.0005520281730352317,Düşük Risk,0.05169233499938561,Düşük Risk,0.057596403791822834,Düşük Risk,0.5221300463959275,Orta Risk,0.49477073304369495,Yüksek Risk,0.06291262950737767,Düşük Risk
BAKIRKÖY,ZUHURATBABA,BAKIRKÖY|ZUHURATBABA,2022,0.25307687097320775,Orta Risk,0.0685034531799311,Orta Risk,0.19491650372921046,Orta Risk,0.0006407864023674946,Düşük Risk,0.054774701563324535,Düşük Risk,0.0685034531799311,Düşük Risk,0.5540737594403801,Yüksek Risk,0.5238354591757778,Yüksek Risk,0.07598825287875144,Orta Risk
BAKIRKÖY,ŞENLİKKÖY,BAKIRKÖY|ŞENLİKKÖY,2022,0.39805086928388717,Orta Risk,0.10637803615489791,Orta Risk,0.2758988553607242,Yüksek Risk,0.0006432877842950315,Düşük Risk,0.08841803886514807,Orta Risk,0.10637803615489791,Düşük Risk,0.5921447721037802,Yüksek Risk,0.580494443708391,Yüksek Risk,0.11185316369057276,Orta Risk
BAYRAMPAŞA,ALTINTEPSİ,BAYRAMPAŞA|ALTINTEPSİ,2022,0.3488268615955378,Orta Risk,0.082401817400552,Orta Risk,0.2059399725347103,Orta Risk,0.00701555919653263,Düşük Risk,0.07115085066067532,Düşük Risk,0.082401817400552,Düşük Risk,0.5565898272474766,Yüksek Risk,0.5254529712797025,Yüksek Risk,0.0893795988356616,Orta Risk
BAYRAMPAŞA,CEVATPAŞA,BAYRAMPAŞA|CEVATPAŞA,2022,0.11734168554004665,Düşük Risk,0.03686503753967176,Düşük Risk,0.10207223989774407,Düşük Risk,0.007085167562987657,Düşük Risk,0.02968889217494545,Düşük Risk,0.03686503753967176,Düşük Risk,0.4692661876759041,Orta Risk,0.42096875793346317,Orta Risk,0.04984927242276823,Düşük Risk
BAYRAMPAŞA,KARTALTEPE,BAYRAMPAŞA|KARTALTEPE,2022,0.39972164177725666,Orta Risk,0.098152832965785,Orta Risk,0.23392903552639185,Orta Risk,0.0005844841071328314,Düşük Risk,0.08258424970942164,Orta Risk,0.098152832965785,Düşük Risk,0.5579943834030534,Yüksek Risk,0.5326981372173656,Yüksek Risk,0.1062577593940684,Orta Risk
BAYRAMPAŞA,KOCATEPE,BAYRAMPAŞA|KOCATEPE,2022,0.27563575508902666,Orta Risk,0.07985346921883264,Orta Risk,0.19133391563095808,Orta Risk,0.0006817140109105664,Düşük Risk,0.06847856215894405,Düşük Risk,0.07985346921883264,Düşük Risk,0.5539456907947006,Yüksek Risk,0.5175273143033722,Yüksek Risk,0.08865333702945763,Orta Risk
BAYRAMPAŞA,MURATPAŞA,BAYRAMPAŞA|MURATPAŞA,2022,0.27768964821595943,Orta Risk,0.06684022547817764,Orta Risk,0.17209287511708923,Orta Risk,0.0005256842424502569,Düşük Risk,0.057112871621576924,Düşük Risk,0.06684022547817764,Düşük Risk,0.520880408547649,Yüksek Risk,0.48142587199955944,Orta Risk,0.07563201396152582,Orta Risk
BAYRAMPAŞA,ORTA,BAYRAMPAŞA|ORTA,2022,0.26638561787116743,Orta Risk,0.06561448765240256,Orta Risk,0.17547562844202308,Orta Risk,0.007473791128976374,Orta Risk,0.06052521311854925,Düşük Risk,0.06561448765240256,Düşük Risk,0.5417436741100038,Yüksek Risk,0.5035072064404176,Yüksek Risk,0.07406720834948284,Orta Risk
BAYRAMPAŞA,TERAZİDERE,BAYRAMPAŞA|TERAZİDERE,2022,0.31324598879662446,Orta Risk,0.0718261142190186,Orta Risk,0.19217720047839856,Orta Risk,0.0006569121620847166,Düşük Risk,0.06590941493423737,Düşük Risk,0.0718261142190186,Düşük Risk,0.5322814532366754,Yüksek Risk,0.49700144629935916,Yüksek Risk,0.07810977443252337,Orta Risk
BAYRAMPAŞA,VATAN,BAYRAMPAŞA|VATAN,2022,0.22436019004535657,Orta Risk,0.05395530237728972,Düşük Risk,0.1545419549893997,Orta Risk,0.0005362531328343198,Düşük Risk,0.05405901167440382,Düşük Risk,0.05395530237728972,Düşük Risk,0.49996869714364056,Yüksek Risk,0.46137346798083817,Orta Risk,0.060154417479763356,Düşük Risk
BAYRAMPAŞA,SEYİTNİZAM,BAYRAMPAŞA|SEYİTNİZAM,2022,0.29470107335068035,Orta Risk,0.07575679913183489,Orta Risk,0.19275457486316577,Orta Risk,0.0074190254441584514,Orta Risk,0.064705693308478,Düşük Risk,0.07575679913183489,Düşük Risk,0.5619419864462485,Yüksek Risk,0.529616940161345,Yüksek Risk,0.08379487685077816,Orta Risk
BAYRAMPAŞA,YILDIRIM,BAYRAMPAŞA|YILDIRIM,2022,0.3658735581295212,Orta Risk,0.08814377731316486,Orta Risk,0.21033314027041922,Orta Risk,0.0005414049165109498,Düşük Risk,0.07674341064360744,Düşük Risk,0.08814377731316486,Düşük Risk,0.5436513419093533,Yüksek Risk,0.505920728273954,Yüksek Risk,0.0977571357044732,Orta Risk
BAYRAMPAŞA,İSMET PAŞA,BAYRAMPAŞA|İSMET PAŞA,2022,0.1861511132605895,Düşük Risk,0.04945969113166068,Düşük Risk,0.13851435069005508,Düşük Risk,0.0005254796978005854,Düşük Risk,0.04006266514710563,Düşük Risk,0.04945969113166068,Düşük Risk,0.5023937814169583,Orta Risk,0.4612975028738994,Orta Risk,0.05812536243986399,Düşük Risk
BAĞCILAR,100. YIL,BAĞCILAR|100. YIL,2022,0.4249230711229919,Orta Risk,0.0984449613330352,Orta Risk,0.22917464803654147,Orta Risk,0.007392020917575258,Orta Risk,0.08555086518792485,Orta Risk,0.0984449613330352,Düşük Risk,0.5597530493001404,Yüksek Risk,0.5271501879936581,Yüksek Risk,0.11420956916766359,Orta Risk
BAĞCILAR,15 TEMMUZ,BAĞCILAR|15 TEMMUZ,2022,0.5444783673776736,Yüksek Risk,0.11868491926202987,Orta Risk,0.2663361635476625,Yüksek Risk,0.009495461613222803,Orta Risk,0.10666585554874135,Orta Risk,0.11868491926202987,Düşük Risk,0.5669637063126015,Yüksek Risk,0.5368266253507432,Yüksek Risk,0.13419662007830427,Yüksek Risk
BAĞCILAR,BARBAROS,BAĞCILAR|BARBAROS,2022,0.2662205276312463,Orta Risk,0.06589774832279734,Orta Risk,0.1688059072117055,Orta Risk,0.0005591735548269383,Düşük Risk,0.05530869569274057,Düşük Risk,0.06589774832279734,Düşük Risk,0.5353521207624345,Yüksek Risk,0.49199973685709,Yüksek Risk,0.08005674178072904,Orta Risk
BAĞCILAR,BAĞLAR,BAĞCILAR|BAĞLAR,2022,0.1815944786673884,Düşük Risk,0.05847103668583972,Düşük Risk,0.1413238286223401,Orta Risk,0.012321064987229385,Orta Risk,0.047923838549664775,Düşük Risk,0.05847103668583972,Düşük Risk,0.5378812702229926,Yüksek Risk,0.49396533802785747,Yüksek Risk,0.07503888532430987,Orta Risk
BAĞCILAR,DEMİRKAPI,BAĞCILAR|DEMİRKAPI,2022,0.6222588115494685,Yüksek Risk,0.16149695893089416,Yüksek Risk,0.3495427578118259,Yüksek Risk,0.0008359059724624151,Düşük Risk,0.1341911849286016,Orta Risk,0.16149695893089416,Orta Risk,0.6003323591958213,Yüksek Risk,0.5890235445204659,Yüksek Risk,0.17350199962897894,Yüksek Risk
BAĞCILAR,FATİH,BAĞCILAR|FATİH,2022,0.43134274459743416,Orta Risk,0.09067783529619287,Orta Risk,0.2232735631689392,Orta Risk,0.00026849596039925583,Düşük Risk,0.08521294677496165,Orta Risk,0.09067783529619287,Düşük Risk,0.518846446039443,Yüksek Risk,0.4731079491190728,Orta Risk,0.10551154843968626,Orta Risk
BAĞCILAR,FEVZİ ÇAKMAK,BAĞCILAR|FEVZİ ÇAKMAK,2022,0.3939006112389446,Orta Risk,0.0975489106057742,Orta Risk,0.22993337953972048,Orta Risk,0.0007202218451546832,Düşük Risk,0.08216486034397835,Orta Risk,0.0975489106057742,Düşük Risk,0.5665657378381505,Yüksek Risk,0.5318444004311416,Yüksek Risk,0.11205513563029769,Orta Risk
BAĞCILAR,GÖZTEPE,BAĞCILAR|GÖZTEPE,2022,0.3068399242038854,Orta Risk,0.0705235911455496,Orta Risk,0.1831035197191926,Orta Risk,0.0005770184242921818,Düşük Risk,0.061835574937910316,Düşük Risk,0.0705235911455496,Düşük Risk,0.5306066424670637,Yüksek Risk,0.48452886162062225,Orta Risk,0.08779664998172892,Orta Risk
BAĞCILAR,GÜNEŞLİ,BAĞCILAR|GÜNEŞLİ,2022,0.38933763982839914,Orta Risk,0.0915417628039617,Orta Risk,0.21485600271383323,Orta Risk,0.000638519658281859,Düşük Risk,0.08055987772817981,Orta Risk,0.0915417628039617,Düşük Risk,0.5503034895056766,Yüksek Risk,0.5092806508228679,Yüksek Risk,0.10663383112205323,Orta Risk
BAĞCILAR,HÜRRİYET,BAĞCILAR|HÜRRİYET,2022,0.2035148216688969,Düşük Risk,0.055530823129171646,Düşük Risk,0.1432328450492733,Orta Risk,0.00047646592906836773,Düşük Risk,0.04920345975387279,Düşük Risk,0.055530823129171646,Düşük Risk,0.4834965625069559,Orta Risk,0.43327305637114566,Orta Risk,0.07057045355928238,Orta Risk
BAĞCILAR,KAZIM KARABEKİR,BAĞCILAR|KAZIM KARABEKİR,2022,0.26840094308783274,Orta Risk,0.06721799766895697,Orta Risk,0.17144573836813462,Orta Risk,0.0005327725360727353,Düşük Risk,0.057369968822449824,Düşük Risk,0.06721799766895697,Düşük Risk,0.5433993776217386,Yüksek Risk,0.4968262783313361,Yüksek Risk,0.08209620045426061,Orta Risk
BAĞCILAR,KEMALPAŞA,BAĞCILAR|KEMALPAŞA,2022,0.31682507621780387,Orta Risk,0.07681207141912977,Orta Risk,0.1844761242057616,Orta Risk,0.0006705230289871365,Düşük Risk,0.07386106416518323,Düşük Risk,0.07681207141912977,Düşük Risk,0.5189655193282867,Yüksek Risk,0.47890105376063985,Orta Risk,0.09308871925923046,Orta Risk
BAĞCILAR,KİRAZLI,BAĞCILAR|KİRAZLI,2022,0.46216908950995506,Orta Risk,0.10430203908666144,Orta Risk,0.24672744303619634,Orta Risk,0.0007487199507141039,Düşük Risk,0.09567833471054986,Orta Risk,0.10430203908666144,Düşük Risk,0.5493913073574269,Yüksek Risk,0.5190957448128846,Yüksek Risk,0.1141799089073258,Orta Risk
BAĞCILAR,MAHMUTBEY,BAĞCILAR|MAHMUTBEY,2022,0.442607342860569,Orta Risk,0.10603745478442703,Orta Risk,0.248867220127307,Orta Risk,0.011897033129235688,Orta Risk,0.09197998385672393,Orta Risk,0.10603745478442703,Düşük Risk,0.5912279544636908,Yüksek Risk,0.5556604381335181,Yüksek Risk,0.12350732965436127,Orta Risk
BAĞCILAR,SARIYER MERKEZ,BAĞCILAR|SARIYER MERKEZ,2022,0.18298804625505,Düşük Risk,0.04642284155325849,Düşük Risk,0.12732890408399164,Düşük Risk,0.00043601518620489107,Düşük Risk,0.040397347383032634,Düşük Risk,0.04642284155325849,Düşük Risk,0.4866211100735925,Orta Risk,0.42724263744591173,Orta Risk,0.059499807708598515,Düşük Risk
BAĞCILAR,SANCAKTEPE,BAĞCILAR|SANCAKTEPE,2022,0.1384318773368542,Düşük Risk,0.03783349790448748,Düşük Risk,0.1102949126287238,Düşük Risk,0.0004282268308283571,Düşük Risk,0.031144022464308144,Düşük Risk,0.03783349790448748,Düşük Risk,0.466595474591611,Orta Risk,0.4159225489466714,Orta Risk,0.048724667914048364,Düşük Risk
BAĞCILAR,YAVUZ SELİM,BAĞCILAR|YAVUZ SELİM,2022,0.1883613478451444,Düşük Risk,0.04489372587198361,Düşük Risk,0.13162793807380874,Düşük Risk,0.0003960610904528237,Düşük Risk,0.04644003323679383,Düşük Risk,0.04489372587198361,Düşük Risk,0.4751170421225444,Orta Risk,0.4089863950988486,Orta Risk,0.060061205679707456,Düşük Risk
BAĞCILAR,YENİGÜN,BAĞCILAR|YENİGÜN,2022,0.21538307473983737,Düşük Risk,0.048110236224001686,Düşük Risk,0.13463653286393765,Düşük Risk,0.00022740227643524346,Düşük Risk,0.04600669634163581,Düşük Risk,0.048110236224001686,Düşük Risk,0.46670377900469207,Orta Risk,0.41014679996420433,Orta Risk,0.058179844923574406,Düşük Risk
BAĞCILAR,YENİMAHALLE,BAĞCILAR|YENİMAHALLE,2022,0.2878817983818812,Orta Risk,0.06833826929972188,Orta Risk,0.17208541623201076,Orta Risk,0.0005456855369240524,Düşük Risk,0.05914114657163092,Düşük Risk,0.06833826929972188,Düşük Risk,0.5254544617080049,Yüksek Risk,0.4799424044379177,Orta Risk,0.0859862444914615,Orta Risk
BAĞCILAR,YILDIZTEPE,BAĞCILAR|YILDIZTEPE,2022,0.3601877170508163,Orta Risk,0.08004940390598206,Orta Risk,0.2009299188113145,Orta Risk,0.000645186845374399,Düşük Risk,0.071472921620636,Düşük Risk,0.08004940390598206,Düşük Risk,0.5329823303004729,Yüksek Risk,0.4945573877948636,Yüksek Risk,0.0905796810389158,Orta Risk
BAĞCILAR,ÇINAR,BAĞCILAR|ÇINAR,2022,0.24969128757132536,Orta Risk,0.06034028357863784,Düşük Risk,0.15388367862951538,Orta Risk,0.0005231363805515447,Düşük Risk,0.05498518754714033,Düşük Risk,0.06034028357863784,Düşük Risk,0.4925285886791813,Orta Risk,0.4486115539330162,Orta Risk,0.07151137515287138,Orta Risk
BAĞCILAR,İNÖNÜ,BAĞCILAR|İNÖNÜ,2022,0.22656290395016368,Orta Risk,0.060051332280615974,Düşük Risk,0.1508614179546274,Orta Risk,0.0006183141832496186,Düşük Risk,0.05365792588967872,Düşük Risk,0.060051332280615974,Düşük Risk,0.512309877147173,Orta Risk,0.46442247649734264,Orta Risk,0.07403328324563406,Orta Risk
BAŞAKŞEHİR,ALTINŞEHİR,BAŞAKŞEHİR|ALTINŞEHİR,2022,0.3625165293244798,Orta Risk,0.0791156300249392,Orta Risk,0.21668031786145972,Orta Risk,0.0002817577560738428,Düşük Risk,0.0735148840754318,Düşük Risk,0.0791156300249392,Düşük Risk,0.5182291778706293,Yüksek Risk,0.4773896818725659,Orta Risk,0.09276751825765345,Orta Risk
BAŞAKŞEHİR,BAHÇEŞEHİR 1. KISIM,BAŞAKŞEHİR|BAHÇEŞEHİR 1. KISIM,2022,0.5239086354839397,Yüksek Risk,0.12371996131370842,Yüksek Risk,0.30239729956336314,Yüksek Risk,0.0007164227597839437,Düşük Risk,0.10991282187889419,Orta Risk,0.12371996131370842,Orta Risk,0.5903676627550983,Yüksek Risk,0.5705260064377687,Yüksek Risk,0.13214614987124715,Yüksek Risk
BAŞAKŞEHİR,BAHÇEŞEHİR 2. KISIM,BAŞAKŞEHİR|BAHÇEŞEHİR 2. KISIM,2022,0.7677888029159601,Yüksek Risk,0.17365027936854555,Yüksek Risk,0.4056995134059339,Yüksek Risk,0.0007618082585505678,Düşük Risk,0.14799119097352506,Orta Risk,0.17365027936854555,Orta Risk,0.6011139130902428,Yüksek Risk,0.6039585853361791,Yüksek Risk,0.17612392854266695,Yüksek Risk
BAŞAKŞEHİR,BAŞAK,BAŞAKŞEHİR|BAŞAK,2022,0.3600425176971744,Orta Risk,0.09948741445817536,Orta Risk,0.22411627980627782,Orta Risk,0.0004687953601087014,Düşük Risk,0.09108320464391712,Orta Risk,0.09948741445817536,Düşük Risk,0.5617850939186371,Yüksek Risk,0.5204070357398706,Yüksek Risk,0.11202066111432973,Orta Risk
BAŞAKŞEHİR,BAŞAKŞEHİR,BAŞAKŞEHİR|BAŞAKŞEHİR,2022,0.4375779929619486,Orta Risk,0.11274250016908909,Orta Risk,0.2615957490555775,Yüksek Risk,0.0004544014237074202,Düşük Risk,0.0971505807714339,Orta Risk,0.11274250016908909,Düşük Risk,0.5738205053323079,Yüksek Risk,0.5529832805607249,Yüksek Risk,0.12191213534628936,Orta Risk
BAŞAKŞEHİR,GÜVERCİNTEPE,BAŞAKŞEHİR|GÜVERCİNTEPE,2022,0.6209750065573669,Yüksek Risk,0.13438588934815593,Yüksek Risk,0.31849501883785364,Yüksek Risk,0.006939743479174305,Düşük Risk,0.12065930198832851,Orta Risk,0.13438588934815593,Düşük Risk,0.569256531499835,Yüksek Risk,0.5535934365980597,Yüksek Risk,0.14563670352281444,Yüksek Risk
BAŞAKŞEHİR,KAYABAŞI,BAŞAKŞEHİR|KAYABAŞI,2022,0.5030749685167087,Yüksek Risk,0.1472752150792601,Yüksek Risk,0.2853475975141424,Yüksek Risk,0.013184937476173563,Orta Risk,0.12965624280020904,Orta Risk,0.1472752150792601,Düşük Risk,0.6118031356028137,Yüksek Risk,0.5928603467282703,Yüksek Risk,0.1554964495894456,Yüksek Risk
BAŞAKŞEHİR,ZİYA GÖKALP,BAŞAKŞEHİR|ZİYA GÖKALP,2022,0.2834569371516065,Orta Risk,0.07624019193551781,Orta Risk,0.19342207824993266,Orta Risk,0.010211259137249133,Orta Risk,0.059718946396370334,Düşük Risk,0.07624019193551781,Düşük Risk,0.5825646306361677,Yüksek Risk,0.5409835820996638,Yüksek Risk,0.09331732376734983,Orta Risk
BAŞAKŞEHİR,İKITELLI OSB,BAŞAKŞEHİR|İKITELLI OSB,2022,0.47972805631647225,Yüksek Risk,0.4410257873150688,Yüksek Risk,0.3614333858627844,Yüksek Risk,0.19198076604189657,Yüksek Risk,0.5131896258627145,Yüksek Risk,0.4410257873150688,Yüksek Risk,0.5839575786911534,Yüksek Risk,0.5882345957685502,Yüksek Risk,0.44073409461593654,Yüksek Risk
BAŞAKŞEHİR,ŞAHİNTEPE,BAŞAKŞEHİR|ŞAHİNTEPE,2022,0.5846847367788018,Yüksek Risk,0.12834350231704264,Yüksek Risk,0.31628952193704046,Yüksek Risk,0.01170991333021952,Orta Risk,0.11390238391869013,Orta Risk,0.12834350231704264,Orta Risk,0.5944982297022002,Yüksek Risk,0.5784457869678001,Yüksek Risk,0.13817303734515285,Yüksek Risk
BAŞAKŞEHİR,ŞAMLAR,BAŞAKŞEHİR|ŞAMLAR,2022,0.11229110700562019,Düşük Risk,0.03913262612151411,Düşük Risk,0.12127753199091726,Düşük Risk,0.013567430674248156,Orta Risk,0.030867150080780333,Düşük Risk,0.03913262612151411,Düşük Risk,0.5052777134443638,Orta Risk,0.4575906338845593,Orta Risk,0.04947276142747285,Düşük Risk
BEYKOZ,ACARLAR,BEYKOZ|ACARLAR,2022,0.07528119041842017,Düşük Risk,0.022837019759366948,Düşük Risk,0.08897390069723983,Düşük Risk,0.00015300808398259648,Düşük Risk,0.02072624522481447,Düşük Risk,0.022837019759366948,Düşük Risk,0.43917882791189433,Orta Risk,0.3566449071914958,Orta Risk,0.03355299550690781,Düşük Risk
BEYKOZ,AKBABA,BEYKOZ|AKBABA,2022,0.06943407439230613,Düşük Risk,0.026938060924142856,Düşük Risk,0.09487269849080206,Düşük Risk,0.00028272568310899976,Düşük Risk,0.023701762020483595,Düşük Risk,0.026938060924142856,Düşük Risk,0.44616648461258707,Orta Risk,0.3831767266121862,Orta Risk,0.03579123599448267,Düşük Risk
BEYKOZ,ALİBAHADIR,BEYKOZ|ALİBAHADIR,2022,0.04510959608262693,Düşük Risk,0.019125043557159254,Düşük Risk,0.07806477303328882,Düşük Risk,0.00013037017650465279,Düşük Risk,0.01674181358973883,Düşük Risk,0.019125043557159254,Düşük Risk,0.38746581186602935,Orta Risk,0.3275751005928445,Düşük Risk,0.02332265333297029,Düşük Risk
BEYKOZ,ANADOLU HİSARI,BEYKOZ|ANADOLU HİSARI,2022,0.10597122606862225,Düşük Risk,0.03169383713497828,Düşük Risk,0.1080633907115255,Düşük Risk,0.0006160978918662158,Düşük Risk,0.02814290510540491,Düşük Risk,0.03169383713497828,Düşük Risk,0.46760386186933667,Orta Risk,0.4182385805118971,Orta Risk,0.03846743980370578,Düşük Risk
BEYKOZ,ANADOLU KAVAĞI,BEYKOZ|ANADOLU KAVAĞI,2022,0.034349901858231634,Düşük Risk,0.01525400609971586,Düşük Risk,0.071893347791156,Düşük Risk,0.00016961614721429776,Düşük Risk,0.013491350090486185,Düşük Risk,0.01525400609971586,Düşük Risk,0.39596502337779776,Orta Risk,0.3160695935345951,Düşük Risk,0.025322387707520964,Düşük Risk
BEYKOZ,ANADOLUFENERİ,BEYKOZ|ANADOLUFENERİ,2022,0.06544519674237345,Düşük Risk,0.02540339866228141,Düşük Risk,0.09166573802720193,Düşük Risk,0.00015205582573451498,Düşük Risk,0.02252567632455559,Düşük Risk,0.02540339866228141,Düşük Risk,0.416138880170207,Orta Risk,0.368371093816803,Orta Risk,0.0283920193339259,Düşük Risk
BEYKOZ,BAKLACI,BEYKOZ|BAKLACI,2022,0.061620758324086075,Düşük Risk,0.019887106248142265,Düşük Risk,0.08203709807065802,Düşük Risk,0.00023107738602342912,Düşük Risk,0.018877080270575844,Düşük Risk,0.019887106248142265,Düşük Risk,0.4096000049447362,Orta Risk,0.32529601243576056,Düşük Risk,0.032266290249123315,Düşük Risk
BEYKOZ,BOZHANE,BEYKOZ|BOZHANE,2022,0.02526116870408433,Düşük Risk,0.016299082948167648,Düşük Risk,0.07064263645772363,Düşük Risk,0.0002834514251148976,Düşük Risk,0.01532893296157921,Düşük Risk,0.016299082948167648,Düşük Risk,0.3609898520371524,Düşük Risk,0.30121278894251396,Düşük Risk,0.019620712183079144,Düşük Risk
BEYKOZ,CUMHURİYET,BEYKOZ|CUMHURİYET,2022,0.052452307359162946,Düşük Risk,0.018273181128725124,Düşük Risk,0.07823484034009225,Düşük Risk,0.0002391364009503093,Düşük Risk,0.01658774905358006,Düşük Risk,0.018273181128725124,Düşük Risk,0.3740073280935688,Orta Risk,0.33611640065195963,Düşük Risk,0.022734019633211918,Düşük Risk
BEYKOZ,DERESEKİ,BEYKOZ|DERESEKİ,2022,0.11017482589393976,Düşük Risk,0.03464687771556013,Düşük Risk,0.1137500660282687,Düşük Risk,0.0003202191557216687,Düşük Risk,0.032327561792532156,Düşük Risk,0.03464687771556013,Düşük Risk,0.4586793013390392,Orta Risk,0.4149326525149117,Orta Risk,0.038378189285749736,Düşük Risk
BEYKOZ,ELMALI,BEYKOZ|ELMALI,2022,0.11236305821979253,Düşük Risk,0.03566268158508923,Düşük Risk,0.11910704761429483,Düşük Risk,0.002997942198973882,Düşük Risk,0.031576110835784155,Düşük Risk,0.03566268158508923,Düşük Risk,0.4672328583201977,Orta Risk,0.41898748197857916,Orta Risk,0.04268645726567449,Düşük Risk
BEYKOZ,FATİH,BEYKOZ|FATİH,2022,0.08143777451945569,Düşük Risk,0.027336679391236633,Düşük Risk,0.09844569239943711,Düşük Risk,0.00021998262152574726,Düşük Risk,0.022274554378785363,Düşük Risk,0.027336679391236633,Düşük Risk,0.44441716296033634,Orta Risk,0.39150626660405574,Orta Risk,0.034066729057117974,Düşük Risk
BEYKOZ,GÖKSU,BEYKOZ|GÖKSU,2022,0.14072766831203823,Düşük Risk,0.03929558132771729,Düşük Risk,0.12338446144238417,Düşük Risk,0.0007373659125052803,Düşük Risk,0.03823959226924463,Düşük Risk,0.03929558132771729,Düşük Risk,0.49369683756898153,Orta Risk,0.4414268787147437,Orta Risk,0.04760961932691157,Düşük Risk
BEYKOZ,GÖLLÜ,BEYKOZ|GÖLLÜ,2022,0.01663805720004517,Düşük Risk,0.013344334440615623,Düşük Risk,0.06563644624190243,Düşük Risk,0.00011202336690982203,Düşük Risk,0.014192431203119629,Düşük Risk,0.013344334440615623,Düşük Risk,0.33932655651401533,Düşük Risk,0.26741802330693293,Düşük Risk,0.016581733884467115,Düşük Risk
BEYKOZ,GÖRELE,BEYKOZ|GÖRELE,2022,0.05036144027494361,Düşük Risk,0.017382333049961306,Düşük Risk,0.07748786600923914,Düşük Risk,0.00022364954324194573,Düşük Risk,0.015221062283050733,Düşük Risk,0.017382333049961306,Düşük Risk,0.40051722614752716,Orta Risk,0.3322605743928919,Düşük Risk,0.0242986423140563,Düşük Risk
BEYKOZ,GÖZTEPE,BEYKOZ|GÖZTEPE,2022,0.18684233699422262,Düşük Risk,0.04795865488104502,Düşük Risk,0.14073175046753075,Orta Risk,0.0006577254734769954,Düşük Risk,0.042072566275752905,Düşük Risk,0.04795865488104502,Düşük Risk,0.5111357256678891,Yüksek Risk,0.46346250679568857,Orta Risk,0.05718408666776329,Düşük Risk
BEYKOZ,GÜMÜŞSUYU,BEYKOZ|GÜMÜŞSUYU,2022,0.24722710167000986,Orta Risk,0.06037638728567361,Düşük Risk,0.163909541689862,Orta Risk,0.0007409931526861399,Düşük Risk,0.058299922990228285,Düşük Risk,0.06037638728567361,Düşük Risk,0.497608632195151,Orta Risk,0.46674468747006104,Orta Risk,0.07059342491015544,Orta Risk
BEYKOZ,KANLICA,BEYKOZ|KANLICA,2022,0.11317861233338068,Düşük Risk,0.0331547036505785,Düşük Risk,0.11015024105784242,Düşük Risk,0.0005935552406925301,Düşük Risk,0.030666431196059905,Düşük Risk,0.0331547036505785,Düşük Risk,0.4750565546705274,Orta Risk,0.42280006007519144,Orta Risk,0.04298685205864395,Düşük Risk
BEYKOZ,KAVACIK,BEYKOZ|KAVACIK,2022,0.28465053591239114,Orta Risk,0.07230907668608791,Orta Risk,0.18711628334983865,Orta Risk,0.0006395332293356386,Düşük Risk,0.05953853203905854,Düşük Risk,0.07230907668608791,Düşük Risk,0.5423979308058349,Yüksek Risk,0.5103044708867807,Yüksek Risk,0.08051173327460028,Orta Risk
BEYKOZ,KAYNARCA,BEYKOZ|KAYNARCA,2022,0.0402418383144143,Düşük Risk,0.025561136418480367,Düşük Risk,0.09042483442778144,Düşük Risk,0.0002406863256475831,Düşük Risk,0.027247865287021156,Düşük Risk,0.025561136418480367,Düşük Risk,0.4134660519414241,Orta Risk,0.3595192634554564,Orta Risk,0.029365825440303597,Düşük Risk
BEYKOZ,KILIÇLI,BEYKOZ|KILIÇLI,2022,0.0475792614630568,Düşük Risk,0.025889779073415928,Düşük Risk,0.0983442826694536,Düşük Risk,0.0002091709859872934,Düşük Risk,0.02501313962950074,Düşük Risk,0.025889779073415928,Düşük Risk,0.41310756181295183,Orta Risk,0.3659146905487673,Orta Risk,0.029281544854021405,Düşük Risk
BEYKOZ,MAHMUTŞEVKETPAŞA,BEYKOZ|MAHMUTŞEVKETPAŞA,2022,0.06147577903533684,Düşük Risk,0.02117087067874704,Düşük Risk,0.08631952405068212,Düşük Risk,0.00024385834045446254,Düşük Risk,0.017803468839704815,Düşük Risk,0.02117087067874704,Düşük Risk,0.4114074849449089,Orta Risk,0.3596406662571874,Orta Risk,0.02522557632286917,Düşük Risk
BEYKOZ,SARIYER MERKEZ,BEYKOZ|SARIYER MERKEZ,2022,0.16468275592554563,Düşük Risk,0.04399660017249496,Düşük Risk,0.13305368318950672,Düşük Risk,0.0007221609252895452,Düşük Risk,0.03756675249924419,Düşük Risk,0.04399660017249496,Düşük Risk,0.5046436233508603,Orta Risk,0.45600253364797017,Orta Risk,0.054041271712797455,Düşük Risk
BEYKOZ,ORTAÇEŞME,BEYKOZ|ORTAÇEŞME,2022,0.18930847190182476,Düşük Risk,0.04530530978569275,Düşük Risk,0.1376835442551287,Düşük Risk,0.0003088088725429037,Düşük Risk,0.043019421567475215,Düşük Risk,0.04530530978569275,Düşük Risk,0.4796535463925361,Orta Risk,0.42787632091188105,Orta Risk,0.0553978534135022,Düşük Risk
BEYKOZ,PAŞABAHÇE,BEYKOZ|PAŞABAHÇE,2022,0.06256387281914835,Düşük Risk,0.02217172666735126,Düşük Risk,0.08612271629566196,Düşük Risk,0.00045611388990600415,Düşük Risk,0.017475488908675896,Düşük Risk,0.02217172666735126,Düşük Risk,0.4346587957637058,Orta Risk,0.3732026105306976,Orta Risk,0.03560831983385207,Düşük Risk
BEYKOZ,PAŞAMANDIRA,BEYKOZ|PAŞAMANDIRA,2022,0.03543039082430098,Düşük Risk,0.020196432359986284,Düşük Risk,0.07888894067947459,Düşük Risk,0.0007151155217891822,Düşük Risk,0.016499414852768776,Düşük Risk,0.020196432359986284,Düşük Risk,0.3940008368581547,Orta Risk,0.3543257069596218,Orta Risk,0.02344906452557298,Düşük Risk
BEYKOZ,POLONEZKÖY,BEYKOZ|POLONEZKÖY,2022,0.021989728345507477,Düşük Risk,0.013848238937006388,Düşük Risk,0.07036022123147448,Düşük Risk,0.00019629606293259394,Düşük Risk,0.013189663009879159,Düşük Risk,0.013848238937006388,Düşük Risk,0.36989237003903747,Düşük Risk,0.2910143207376229,Düşük Risk,0.019835271414202285,Düşük Risk
BEYKOZ,POYRAZKÖY,BEYKOZ|POYRAZKÖY,2022,0.03007800521771353,Düşük Risk,0.013644602563415334,Düşük Risk,0.06717318620391854,Düşük Risk,0.00023888336771405084,Düşük Risk,0.013826645996404003,Düşük Risk,0.013644602563415334,Düşük Risk,0.3606251571077156,Düşük Risk,0.28037313906550054,Düşük Risk,0.02110594095725996,Düşük Risk
BEYKOZ,RÜZGARLIBAHÇE,BEYKOZ|RÜZGARLIBAHÇE,2022,0.21003038583503178,Düşük Risk,0.05149245517565823,Düşük Risk,0.14884708362662366,Orta Risk,0.0007527493774040949,Düşük Risk,0.049952092697481534,Düşük Risk,0.05149245517565823,Düşük Risk,0.5123592511324006,Yüksek Risk,0.46116071937796926,Orta Risk,0.061435604935242395,Düşük Risk
BEYKOZ,RİVA,BEYKOZ|RİVA,2022,0.19567999028099586,Düşük Risk,0.054618833777701756,Düşük Risk,0.16349562126619693,Orta Risk,0.000313582238986824,Düşük Risk,0.05106429644471639,Düşük Risk,0.054618833777701756,Düşük Risk,0.4794123476074651,Orta Risk,0.4637388541686378,Orta Risk,0.056032172351101014,Düşük Risk
BEYKOZ,SOĞUKSU,BEYKOZ|SOĞUKSU,2022,0.26754257868652687,Orta Risk,0.06386609660621055,Orta Risk,0.1804714018113388,Orta Risk,0.00027614415597191114,Düşük Risk,0.05816462115879652,Düşük Risk,0.06386609660621055,Düşük Risk,0.5137993479193209,Yüksek Risk,0.474642916452178,Orta Risk,0.07379314271255151,Orta Risk
BEYKOZ,TOKATKÖY,BEYKOZ|TOKATKÖY,2022,0.48886390873726515,Yüksek Risk,0.10076516904321603,Orta Risk,0.2629938093726224,Yüksek Risk,0.00037452342116665735,Düşük Risk,0.10242108996366302,Orta Risk,0.10076516904321603,Orta Risk,0.5192094303141267,Yüksek Risk,0.49066495153576717,Yüksek Risk,0.1052363319919791,Orta Risk
BEYKOZ,YALIKÖY,BEYKOZ|YALIKÖY,2022,0.18634779609298807,Düşük Risk,0.04803033097732554,Düşük Risk,0.14301481154850465,Orta Risk,0.00789166305675275,Orta Risk,0.044080911695158105,Düşük Risk,0.04803033097732554,Düşük Risk,0.5061201808478187,Orta Risk,0.46839596304758,Orta Risk,0.0549354074890826,Düşük Risk
BEYKOZ,YAVUZ SELİM,BEYKOZ|YAVUZ SELİM,2022,0.1070549433319927,Düşük Risk,0.03056514224303417,Düşük Risk,0.10559201391250471,Düşük Risk,0.0002363539038721424,Düşük Risk,0.026150361361436468,Düşük Risk,0.03056514224303417,Düşük Risk,0.45731561837109097,Orta Risk,0.4002613781322503,Orta Risk,0.037077353364997435,Düşük Risk
BEYKOZ,SEYMEN MAHALLE,BEYKOZ|SEYMEN MAHALLE,2022,0.3959574993264826,Orta Risk,0.08292603181193232,Orta Risk,0.220774737839918,Orta Risk,0.00031277326700637867,Düşük Risk,0.08212033570411287,Orta Risk,0.08292603181193232,Düşük Risk,0.5160090476829226,Yüksek Risk,0.47257929232186635,Orta Risk,0.09147053187973475,Orta Risk
BEYKOZ,ZERZAVATÇI,BEYKOZ|ZERZAVATÇI,2022,0.04801067680411471,Düşük Risk,0.02181237520682365,Düşük Risk,0.08932899439664765,Düşük Risk,0.00021384803006341724,Düşük Risk,0.020049422643794473,Düşük Risk,0.02181237520682365,Düşük Risk,0.41150612083135724,Orta Risk,0.3491227018716845,Orta Risk,0.028094322587704477,Düşük Risk
BEYKOZ,ÇAMLIBAHÇE,BEYKOZ|ÇAMLIBAHÇE,2022,0.1535806168744062,Düşük Risk,0.040741182959211614,Düşük Risk,0.12545286487244675,Düşük Risk,0.0006872568057333466,Düşük Risk,0.03709506437563438,Düşük Risk,0.040741182959211614,Düşük Risk,0.48388139113807016,Orta Risk,0.4368512538691426,Orta Risk,0.05086917000749187,Düşük Risk
BEYKOZ,ÇENGELDERE,BEYKOZ|ÇENGELDERE,2022,0.11533324185402352,Düşük Risk,0.03354944510807151,Düşük Risk,0.10865288415699398,Düşük Risk,0.0006532387831097351,Düşük Risk,0.03174689398751525,Düşük Risk,0.03354944510807151,Düşük Risk,0.44298777738646045,Orta Risk,0.4091216682265406,Orta Risk,0.03686533992282779,Düşük Risk
BEYKOZ,ÇUBUKLU,BEYKOZ|ÇUBUKLU,2022,0.4204017372131955,Orta Risk,0.09050512267315683,Orta Risk,0.23508491961643643,Orta Risk,0.0007385801253637001,Düşük Risk,0.08729401487674797,Orta Risk,0.09050512267315683,Düşük Risk,0.5402681211840324,Yüksek Risk,0.5086720473687255,Yüksek Risk,0.09675808446976797,Orta Risk
BEYKOZ,ÇİFTLİK,BEYKOZ|ÇİFTLİK,2022,0.12224544785026269,Düşük Risk,0.03339648361315131,Düşük Risk,0.11132788646889065,Düşük Risk,0.00026793446172983227,Düşük Risk,0.02898665966925885,Düşük Risk,0.03339648361315131,Düşük Risk,0.42913368636736826,Orta Risk,0.4067030138510862,Orta Risk,0.03743854949976695,Düşük Risk
BEYKOZ,ÇİĞDEM,BEYKOZ|ÇİĞDEM,2022,0.22786618221893096,Orta Risk,0.056578647435836765,Düşük Risk,0.1623528686359138,Orta Risk,0.0010636073132885653,Düşük Risk,0.061055453894704244,Düşük Risk,0.056578647435836765,Düşük Risk,0.5109349761143728,Yüksek Risk,0.46386096842087865,Orta Risk,0.0669750805611702,Düşük Risk
BEYKOZ,ÖRNEKKÖY,BEYKOZ|ÖRNEKKÖY,2022,0.08721354479021368,Düşük Risk,0.0276432964765029,Düşük Risk,0.10137732283123574,Düşük Risk,0.00021379499466714951,Düşük Risk,0.023174446882021877,Düşük Risk,0.0276432964765029,Düşük Risk,0.4284402782008208,Orta Risk,0.38758715890233825,Orta Risk,0.03073409825053145,Düşük Risk
BEYKOZ,ÖĞÜMCE,BEYKOZ|ÖĞÜMCE,2022,0.03182005935124626,Düşük Risk,0.01593921828955722,Düşük Risk,0.07167625567243505,Düşük Risk,0.00012536902791062787,Düşük Risk,0.015065650910338175,Düşük Risk,0.01593921828955722,Düşük Risk,0.36140814532547855,Düşük Risk,0.3028060025516508,Düşük Risk,0.018949700155417085,Düşük Risk
BEYKOZ,İNCİRKÖY,BEYKOZ|İNCİRKÖY,2022,0.38905044474701833,Orta Risk,0.08499386306865354,Orta Risk,0.22125627261803144,Orta Risk,0.0050414115880999125,Düşük Risk,0.0833155171907956,Orta Risk,0.08499386306865354,Düşük Risk,0.5319847843937368,Yüksek Risk,0.49852253972648636,Yüksek Risk,0.09163739111725766,Orta Risk
BEYKOZ,İSHAKLI,BEYKOZ|İSHAKLI,2022,0.0953267579587555,Düşük Risk,0.0280523645344936,Düşük Risk,0.09935291827677199,Düşük Risk,0.00033519028726089565,Düşük Risk,0.027616580010415708,Düşük Risk,0.0280523645344936,Düşük Risk,0.41558600530545664,Orta Risk,0.37974841646188884,Orta Risk,0.029657420453272267,Düşük Risk
BEYLİKDÜZÜ,ADNAN KAHVECİ,BEYLİKDÜZÜ|ADNAN KAHVECİ,2022,0.5544776905003828,Yüksek Risk,0.14264257391173973,Yüksek Risk,0.2933375488051443,Yüksek Risk,0.008677721564980829,Orta Risk,0.12891329774984217,Orta Risk,0.14264257391173973,Düşük Risk,0.5941981825537461,Yüksek Risk,0.5717683288233048,Yüksek Risk,0.15296331038336622,Yüksek Risk
BEYLİKDÜZÜ,BARIŞ,BEYLİKDÜZÜ|BARIŞ,2022,0.3882868100584283,Orta Risk,0.09344935537221787,Orta Risk,0.21364069583494966,Orta Risk,0.00036951675922043946,Düşük Risk,0.09199795264070443,Orta Risk,0.09344935537221787,Düşük Risk,0.541725916156544,Yüksek Risk,0.5035245296581671,Yüksek Risk,0.10377379915564833,Orta Risk
BEYLİKDÜZÜ,BÜYÜKŞEHİR,BEYLİKDÜZÜ|BÜYÜKŞEHİR,2022,0.1889069778421995,Düşük Risk,0.04964770986560177,Düşük Risk,0.14066861797683713,Orta Risk,0.0004220038113711656,Düşük Risk,0.04277782280551471,Düşük Risk,0.04964770986560177,Düşük Risk,0.5012722468554902,Yüksek Risk,0.46059782158764895,Orta Risk,0.05440296885614833,Düşük Risk
BEYLİKDÜZÜ,CUMHURİYET,BEYLİKDÜZÜ|CUMHURİYET,2022,0.1956358626442542,Düşük Risk,0.05277814517216395,Düşük Risk,0.14446670625520533,Orta Risk,0.004992188242181569,Düşük Risk,0.04866833004664686,Düşük Risk,0.05277814517216395,Düşük Risk,0.5147686784498545,Yüksek Risk,0.4715749996662962,Orta Risk,0.05852925808667682,Düşük Risk
BEYLİKDÜZÜ,DEREAĞZI,BEYLİKDÜZÜ|DEREAĞZI,2022,0.3076168730739077,Orta Risk,0.06670070579115814,Orta Risk,0.1851062779818882,Orta Risk,0.0003582803312099281,Düşük Risk,0.06990372450232434,Düşük Risk,0.06670070579115814,Düşük Risk,0.4909044148575115,Orta Risk,0.4449285106843814,Orta Risk,0.07933466524740003,Orta Risk
BEYLİKDÜZÜ,GÜRPINAR,BEYLİKDÜZÜ|GÜRPINAR,2022,0.4172260939656399,Orta Risk,0.09233825857823151,Orta Risk,0.2371498775777962,Orta Risk,0.0007905743948117345,Düşük Risk,0.0883319291109755,Orta Risk,0.09233825857823151,Düşük Risk,0.5355962991873974,Yüksek Risk,0.5106964132850766,Yüksek Risk,0.10445628650629218,Orta Risk
BEYLİKDÜZÜ,KAVAKLI,BEYLİKDÜZÜ|KAVAKLI,2022,0.5712074358035991,Yüksek Risk,0.13031124735171326,Yüksek Risk,0.31626019093663305,Yüksek Risk,0.012830688139444124,Orta Risk,0.11718066194263406,Orta Risk,0.13031124735171326,Orta Risk,0.6015333816016282,Yüksek Risk,0.5869363780637871,Yüksek Risk,0.14037720101929074,Yüksek Risk
BEYLİKDÜZÜ,MARMARA,BEYLİKDÜZÜ|MARMARA,2022,0.2267328248245861,Orta Risk,0.06736622123708727,Orta Risk,0.15958505435601547,Orta Risk,0.010176554472886052,Orta Risk,0.05520522599761331,Düşük Risk,0.06736622123708727,Düşük Risk,0.5220551923699475,Orta Risk,0.49277024344685794,Yüksek Risk,0.07951194312936173,Orta Risk
BEYLİKDÜZÜ,SAHİL,BEYLİKDÜZÜ|SAHİL,2022,0.1228365568062276,Düşük Risk,0.03260037802384201,Düşük Risk,0.10917812212699195,Düşük Risk,0.0002494785635228416,Düşük Risk,0.02867048371559423,Düşük Risk,0.03260037802384201,Düşük Risk,0.4534210739976118,Orta Risk,0.3955511087744089,Orta Risk,0.04683478791891307,Düşük Risk
BEYLİKDÜZÜ,YAKUPLU,BEYLİKDÜZÜ|YAKUPLU,2022,0.7504786171395078,Yüksek Risk,0.16312559502163929,Yüksek Risk,0.36647199240673933,Yüksek Risk,0.013828371465878238,Orta Risk,0.13923849347573947,Orta Risk,0.16312559502163929,Orta Risk,0.6040772106827688,Yüksek Risk,0.5942983456717713,Yüksek Risk,0.16952453325866929,Yüksek Risk
BEYOĞLU,ARAP CAMİ,BEYOĞLU|ARAP CAMİ,2022,0.05424974858464585,Düşük Risk,0.021132845626961272,Düşük Risk,0.09519749404299636,Düşük Risk,0.0005286891629150305,Düşük Risk,0.02004540702009047,Düşük Risk,0.021132845626961272,Düşük Risk,0.4110666903474962,Orta Risk,0.3612712051943251,Orta Risk,0.024184985238666894,Düşük Risk
BEYOĞLU,ASMALI MESCİT,BEYOĞLU|ASMALI MESCİT,2022,0.13577347917418087,Düşük Risk,0.038872303191981976,Düşük Risk,0.13650388965021384,Düşük Risk,0.00022646645220873181,Düşük Risk,0.03917514600181128,Düşük Risk,0.038872303191981976,Düşük Risk,0.4731219293400035,Orta Risk,0.427937152323712,Orta Risk,0.04262040715019552,Düşük Risk
BEYOĞLU,BEDRETTİN,BEYOĞLU|BEDRETTİN,2022,0.0424659717910042,Düşük Risk,0.025668202760037905,Düşük Risk,0.10093922981957157,Düşük Risk,0.0035376496830476587,Düşük Risk,0.02024444018953059,Düşük Risk,0.025668202760037905,Düşük Risk,0.43968365429489753,Orta Risk,0.39283051566133326,Orta Risk,0.03082923688621846,Düşük Risk
BEYOĞLU,BEREKETZADE,BEYOĞLU|BEREKETZADE,2022,0.09070174922186382,Düşük Risk,0.030742654495769982,Düşük Risk,0.11594058302139744,Düşük Risk,0.0003904070997126566,Düşük Risk,0.02688996288551095,Düşük Risk,0.030742654495769982,Düşük Risk,0.4489304814515773,Orta Risk,0.4043203491382778,Orta Risk,0.03434286378163963,Düşük Risk
BEYOĞLU,BOSTAN,BEYOĞLU|BOSTAN,2022,0.14383268926341336,Düşük Risk,0.03710858484541912,Düşük Risk,0.13400457478660902,Düşük Risk,0.00026578470533682944,Düşük Risk,0.044145876572853036,Düşük Risk,0.03710858484541912,Düşük Risk,0.47060031831927573,Orta Risk,0.40413850061529577,Orta Risk,0.04479374203518893,Düşük Risk
BEYOĞLU,BÜLBÜL,BEYOĞLU|BÜLBÜL,2022,0.18613767843696633,Düşük Risk,0.04547102379442988,Düşük Risk,0.15170083754358096,Orta Risk,0.0003436495974248283,Düşük Risk,0.05035260493964738,Düşük Risk,0.04547102379442988,Düşük Risk,0.48596408494029797,Orta Risk,0.4295023479530173,Orta Risk,0.05288407594805027,Düşük Risk
BEYOĞLU,CAMİİKEBİR,BEYOĞLU|CAMİİKEBİR,2022,0.06741870214758368,Düşük Risk,0.026828237203613173,Düşük Risk,0.1016349341885173,Düşük Risk,0.004277204022939759,Düşük Risk,0.0220893108288725,Düşük Risk,0.026828237203613173,Düşük Risk,0.44554254606959,Orta Risk,0.3987654292795431,Orta Risk,0.03228430562767493,Düşük Risk
BEYOĞLU,CİHANGİR,BEYOĞLU|CİHANGİR,2022,0.1339015027853571,Düşük Risk,0.039468634115087345,Düşük Risk,0.1361319153034752,Düşük Risk,0.0006384502844191697,Düşük Risk,0.03495433108665878,Düşük Risk,0.039468634115087345,Düşük Risk,0.489272615430148,Orta Risk,0.45473172090778546,Orta Risk,0.042985339636695555,Düşük Risk
BEYOĞLU,EMEKYEMEZ,BEYOĞLU|EMEKYEMEZ,2022,0.049548116903451525,Düşük Risk,0.023427798764439244,Düşük Risk,0.0965459617612915,Düşük Risk,0.0003969961329583807,Düşük Risk,0.019604863318443633,Düşük Risk,0.023427798764439244,Düşük Risk,0.40252493883752033,Orta Risk,0.36266931129119,Orta Risk,0.02578529634301025,Düşük Risk
BEYOĞLU,EVLİYA ÇELEBİ,BEYOĞLU|EVLİYA ÇELEBİ,2022,0.061295313408403815,Düşük Risk,0.0231658179439022,Düşük Risk,0.10025405628661052,Düşük Risk,0.00043155112901192404,Düşük Risk,0.021504292377424412,Düşük Risk,0.0231658179439022,Düşük Risk,0.432468692038933,Orta Risk,0.3782547914306682,Orta Risk,0.027263699781712353,Düşük Risk
BEYOĞLU,FETİHTEPE,BEYOĞLU|FETİHTEPE,2022,0.32225765485769164,Orta Risk,0.07028366078818513,Orta Risk,0.20487060051528583,Orta Risk,0.00031669689537397585,Düşük Risk,0.07135884183154613,Düşük Risk,0.07028366078818513,Düşük Risk,0.5154759650797435,Yüksek Risk,0.467637449002508,Orta Risk,0.08054747985875471,Orta Risk
BEYOĞLU,FİRUZAĞA,BEYOĞLU|FİRUZAĞA,2022,0.1524233769901458,Düşük Risk,0.047424639523534456,Düşük Risk,0.1561534567910515,Orta Risk,0.0006226566469914918,Düşük Risk,0.04230252275160155,Düşük Risk,0.047424639523534456,Düşük Risk,0.487781282311499,Orta Risk,0.4674892108703387,Orta Risk,0.0501744617666401,Düşük Risk
BEYOĞLU,GÜMÜŞSUYU,BEYOĞLU|GÜMÜŞSUYU,2022,0.11390751421569281,Düşük Risk,0.03834503913089204,Düşük Risk,0.13638442270069553,Düşük Risk,0.000523158440169465,Düşük Risk,0.032638628310348805,Düşük Risk,0.03834503913089204,Düşük Risk,0.4935879648685504,Orta Risk,0.446345003492935,Orta Risk,0.04491259873942774,Düşük Risk
BEYOĞLU,HACIAHMET,BEYOĞLU|HACIAHMET,2022,0.3875158508537791,Orta Risk,0.08541637540037839,Orta Risk,0.23823073531481692,Orta Risk,0.0007206004438042577,Düşük Risk,0.07971948233492368,Orta Risk,0.08541637540037839,Düşük Risk,0.5425759237895836,Yüksek Risk,0.5120672420482809,Yüksek Risk,0.0926130279777049,Orta Risk
BEYOĞLU,HACIMİMİ,BEYOĞLU|HACIMİMİ,2022,0.1090193010417833,Düşük Risk,0.03316920169474497,Düşük Risk,0.12260169922525607,Düşük Risk,0.000714388401465372,Düşük Risk,0.031876484426949986,Düşük Risk,0.03316920169474497,Düşük Risk,0.4662456114250577,Orta Risk,0.4233054990418606,Orta Risk,0.036909179277637885,Düşük Risk
BEYOĞLU,HALICIOĞLU,BEYOĞLU|HALICIOĞLU,2022,0.2269833570969919,Orta Risk,0.058161371823996576,Düşük Risk,0.1770889616953219,Orta Risk,0.000593126856563818,Düşük Risk,0.04965183953136105,Düşük Risk,0.058161371823996576,Düşük Risk,0.5309073580953654,Yüksek Risk,0.4925341981883383,Yüksek Risk,0.07036280637200854,Orta Risk
BEYOĞLU,HÜSEYİNAĞA,BEYOĞLU|HÜSEYİNAĞA,2022,0.09650272490012737,Düşük Risk,0.03016709560845749,Düşük Risk,0.11781824771079126,Düşük Risk,0.00019791214078050594,Düşük Risk,0.027229848227574967,Düşük Risk,0.03016709560845749,Düşük Risk,0.4584011679795287,Orta Risk,0.40243806599533877,Orta Risk,0.03549137089531625,Düşük Risk
BEYOĞLU,KADIMEHMET EFENDİ,BEYOĞLU|KADIMEHMET EFENDİ,2022,0.08196811172310853,Düşük Risk,0.02825699590390685,Düşük Risk,0.11243977442057437,Düşük Risk,0.00033218165792265654,Düşük Risk,0.023925185042656935,Düşük Risk,0.02825699590390685,Düşük Risk,0.4183340076348312,Orta Risk,0.3943447487976975,Orta Risk,0.03202255265142643,Düşük Risk
BEYOĞLU,KALYONCU KULLUĞU,BEYOĞLU|KALYONCU KULLUĞU,2022,0.13962632498314292,Düşük Risk,0.03862662215947021,Düşük Risk,0.13508204077156322,Düşük Risk,0.00039923421517649456,Düşük Risk,0.040851934328454714,Düşük Risk,0.03862662215947021,Düşük Risk,0.46602684458925486,Orta Risk,0.41751190076552896,Orta Risk,0.0425998423459959,Düşük Risk
BEYOĞLU,KAMER HATUN,BEYOĞLU|KAMER HATUN,2022,0.16514407740218534,Düşük Risk,0.04280830712473219,Düşük Risk,0.14611355144139979,Orta Risk,0.0003538233845599653,Düşük Risk,0.05673165011247181,Düşük Risk,0.04280830712473219,Düşük Risk,0.465484140993081,Orta Risk,0.4005456032948844,Orta Risk,0.047841377510718035,Düşük Risk
BEYOĞLU,KAPTANPAŞA,BEYOĞLU|KAPTANPAŞA,2022,0.22352009501462258,Orta Risk,0.057042178006285756,Düşük Risk,0.16687540203146173,Orta Risk,0.008307666375735953,Orta Risk,0.04772736967021885,Düşük Risk,0.057042178006285756,Düşük Risk,0.5309275171810389,Orta Risk,0.4921966674835177,Yüksek Risk,0.06780409323784196,Düşük Risk
BEYOĞLU,KATİPMUSTAFA ÇELEBİ,BEYOĞLU|KATİPMUSTAFA ÇELEBİ,2022,0.11381650180557476,Düşük Risk,0.03727587366826653,Düşük Risk,0.13046131921800355,Düşük Risk,0.0004125134472500237,Düşük Risk,0.0320627188323669,Düşük Risk,0.03727587366826653,Düşük Risk,0.48566206124708333,Orta Risk,0.4437337729114817,Orta Risk,0.04166112775238118,Düşük Risk
BEYOĞLU,KEMANKEŞ KARAMUSTAFAPAŞA,BEYOĞLU|KEMANKEŞ KARAMUSTAFAPAŞA,2022,0.058165846876369824,Düşük Risk,0.024988190653749118,Düşük Risk,0.10502554289093477,Düşük Risk,0.0003221934278482971,Düşük Risk,0.021707405268425302,Düşük Risk,0.024988190653749118,Düşük Risk,0.39704572010410977,Orta Risk,0.37004747170481916,Orta Risk,0.02884426242821663,Düşük Risk
BEYOĞLU,KEÇECİ PİRİ,BEYOĞLU|KEÇECİ PİRİ,2022,0.23691922200022908,Orta Risk,0.058045411707976925,Düşük Risk,0.176909120964386,Orta Risk,0.0005608791886026136,Düşük Risk,0.050350614447794484,Düşük Risk,0.058045411707976925,Düşük Risk,0.5246408379087067,Yüksek Risk,0.4818124076636038,Orta Risk,0.06826463204466622,Düşük Risk
BEYOĞLU,KILIÇALİ PAŞA,BEYOĞLU|KILIÇALİ PAŞA,2022,0.08185597050910633,Düşük Risk,0.029031079876044974,Düşük Risk,0.11605449413014168,Düşük Risk,0.0001975106505393608,Düşük Risk,0.027264206721986522,Düşük Risk,0.029031079876044974,Düşük Risk,0.4467549910970708,Orta Risk,0.39582643299678566,Orta Risk,0.0330316044432143,Düşük Risk
BEYOĞLU,KOCATEPE,BEYOĞLU|KOCATEPE,2022,0.23729798853032114,Orta Risk,0.05831196951718853,Düşük Risk,0.18281879186634578,Orta Risk,0.0003896617881556178,Düşük Risk,0.06458041315500836,Düşük Risk,0.05831196951718853,Düşük Risk,0.5104293710254598,Yüksek Risk,0.46344240862468,Orta Risk,0.06508452681470596,Düşük Risk
BEYOĞLU,KULAKSIZ,BEYOĞLU|KULAKSIZ,2022,0.1724257773825947,Düşük Risk,0.043152230023334424,Düşük Risk,0.1453133620056294,Orta Risk,0.00024457927478581447,Düşük Risk,0.03863013931898317,Düşük Risk,0.043152230023334424,Düşük Risk,0.4811676043407089,Orta Risk,0.4355414788155183,Orta Risk,0.04948082836199098,Düşük Risk
BEYOĞLU,KULOĞLU,BEYOĞLU|KULOĞLU,2022,0.09311985423615132,Düşük Risk,0.036595302883099284,Düşük Risk,0.12842624002306832,Düşük Risk,0.0007423250558328429,Düşük Risk,0.028919536155096414,Düşük Risk,0.036595302883099284,Düşük Risk,0.49421325051616327,Orta Risk,0.45409273941904144,Orta Risk,0.0421257841862374,Düşük Risk
BEYOĞLU,KÜÇÜK PİYALE,BEYOĞLU|KÜÇÜK PİYALE,2022,0.12904104164874075,Düşük Risk,0.03673572032061362,Düşük Risk,0.12851815275003436,Düşük Risk,0.002497952128466786,Düşük Risk,0.030168623678749444,Düşük Risk,0.03673572032061362,Düşük Risk,0.48308716289618087,Orta Risk,0.43173081144169373,Orta Risk,0.04518127507315371,Düşük Risk
BEYOĞLU,MÜEYYETZADE,BEYOĞLU|MÜEYYETZADE,2022,0.0760545304653581,Düşük Risk,0.029622180450385897,Düşük Risk,0.11121971172894445,Düşük Risk,0.0008339319980189042,Düşük Risk,0.025216858667031307,Düşük Risk,0.029622180450385897,Düşük Risk,0.4567535162923308,Orta Risk,0.4179105558478132,Orta Risk,0.03302308608244739,Düşük Risk
BEYOĞLU,PÜRTELAŞ HASAN EFENDİ,BEYOĞLU|PÜRTELAŞ HASAN EFENDİ,2022,0.0514038992797374,Düşük Risk,0.024620136601833275,Düşük Risk,0.1029346063426916,Düşük Risk,0.00048446288945322273,Düşük Risk,0.01998168149855149,Düşük Risk,0.024620136601833275,Düşük Risk,0.43737229801794913,Orta Risk,0.3972826382349531,Orta Risk,0.02820212329305372,Düşük Risk
BEYOĞLU,PİRİPAŞA,BEYOĞLU|PİRİPAŞA,2022,0.2828258434151173,Orta Risk,0.06829920772544978,Orta Risk,0.1953451236208819,Orta Risk,0.0007084814476752086,Düşük Risk,0.06017886977078473,Düşük Risk,0.06829920772544978,Düşük Risk,0.533976599189933,Yüksek Risk,0.5060116605451632,Yüksek Risk,0.07649325601428748,Orta Risk
BEYOĞLU,PİYALEPAŞA,BEYOĞLU|PİYALEPAŞA,2022,0.2676272183999222,Orta Risk,0.06681922470973767,Orta Risk,0.1886728613417807,Orta Risk,0.0006645551624834403,Düşük Risk,0.05768222169896824,Düşük Risk,0.06681922470973767,Düşük Risk,0.5371717376400447,Yüksek Risk,0.49869535569057877,Yüksek Risk,0.07819374615433942,Orta Risk
BEYOĞLU,SURURİ MEHMET EFENDİ,BEYOĞLU|SURURİ MEHMET EFENDİ,2022,0.1858741228345709,Düşük Risk,0.04637486682183112,Düşük Risk,0.15352597514923216,Orta Risk,0.0006280205616324139,Düşük Risk,0.05137229193146426,Düşük Risk,0.04637486682183112,Düşük Risk,0.5025597070283258,Orta Risk,0.44716732754620575,Orta Risk,0.054457986917534854,Düşük Risk
BEYOĞLU,SÜTLÜCE,BEYOĞLU|SÜTLÜCE,2022,0.3234284706565249,Orta Risk,0.0740432100546751,Orta Risk,0.21632324592586333,Orta Risk,0.00029320718910989953,Düşük Risk,0.07092497683933721,Düşük Risk,0.0740432100546751,Düşük Risk,0.5080758296578948,Yüksek Risk,0.48232978277365046,Orta Risk,0.08259249157155754,Orta Risk
BEYOĞLU,TOMTOM,BEYOĞLU|TOMTOM,2022,0.15365705582930145,Düşük Risk,0.044433709409662785,Düşük Risk,0.145663375958874,Orta Risk,0.0009723241965053143,Düşük Risk,0.046752640630951976,Düşük Risk,0.044433709409662785,Düşük Risk,0.49223853679228974,Orta Risk,0.4530251900203672,Orta Risk,0.04807584135181121,Düşük Risk
BEYOĞLU,YAHYA KAHYA,BEYOĞLU|YAHYA KAHYA,2022,0.10041238862801272,Düşük Risk,0.030679855459986936,Düşük Risk,0.11898068510903141,Düşük Risk,0.00022548161330215272,Düşük Risk,0.0289017503404437,Düşük Risk,0.030679855459986936,Düşük Risk,0.45735468979820776,Orta Risk,0.4047574342424814,Orta Risk,0.03529946994080839,Düşük Risk
BEYOĞLU,ESENŞEHİR,BEYOĞLU|ESENŞEHİR,2022,0.15651324838527583,Düşük Risk,0.04033989941084504,Düşük Risk,0.13939193033832878,Düşük Risk,0.0002765062017174193,Düşük Risk,0.036878756935947034,Düşük Risk,0.04033989941084504,Düşük Risk,0.4869022728705837,Orta Risk,0.4316500483100264,Orta Risk,0.04864225970229481,Düşük Risk
BEYOĞLU,ÇATMA MESCİT,BEYOĞLU|ÇATMA MESCİT,2022,0.04606452164142896,Düşük Risk,0.021339889490350566,Düşük Risk,0.09524209582974903,Düşük Risk,0.0002320245950343063,Düşük Risk,0.0189559424989675,Düşük Risk,0.021339889490350566,Düşük Risk,0.406706322093972,Orta Risk,0.36021057076323054,Orta Risk,0.024799260192154032,Düşük Risk
BEYOĞLU,ÇUKUR,BEYOĞLU|ÇUKUR,2022,0.16714295698122003,Düşük Risk,0.04260103744315977,Düşük Risk,0.14677341835998847,Orta Risk,0.00027466555362678553,Düşük Risk,0.04746588724638201,Düşük Risk,0.04260103744315977,Düşük Risk,0.4815300222279614,Orta Risk,0.4292948503606294,Orta Risk,0.04784739734187183,Düşük Risk
BEYOĞLU,ÖMER AVNİ,BEYOĞLU|ÖMER AVNİ,2022,0.09455256008400469,Düşük Risk,0.02943874287721444,Düşük Risk,0.11471155946565596,Düşük Risk,0.00029957671526742306,Düşük Risk,0.025411881711544102,Düşük Risk,0.02943874287721444,Düşük Risk,0.44319075443936834,Orta Risk,0.403444339044284,Orta Risk,0.032656196201001936,Düşük Risk
BEYOĞLU,ÖRNEKTEPE,BEYOĞLU|ÖRNEKTEPE,2022,0.37616926138735063,Orta Risk,0.08432673806360472,Orta Risk,0.23489587052757058,Orta Risk,0.0007605125073421762,Düşük Risk,0.07858090888497499,Düşük Risk,0.08432673806360472,Düşük Risk,0.5425273007058805,Yüksek Risk,0.5119501725676059,Yüksek Risk,0.09540652482822526,Orta Risk
BEYOĞLU,İSTİKLAL,BEYOĞLU|İSTİKLAL,2022,0.3575254027763181,Orta Risk,0.0783981526327704,Orta Risk,0.22472584654838376,Orta Risk,0.0004355085107341916,Düşük Risk,0.08313192794646015,Orta Risk,0.0783981526327704,Düşük Risk,0.5238787274708265,Yüksek Risk,0.4812159957894035,Orta Risk,0.08775960503781767,Orta Risk
BEYOĞLU,ŞAHKULU,BEYOĞLU|ŞAHKULU,2022,0.14374444969042885,Düşük Risk,0.04191147111048351,Düşük Risk,0.1433937200519361,Orta Risk,0.0007308390336547767,Düşük Risk,0.04124956510536554,Düşük Risk,0.04191147111048351,Düşük Risk,0.4926007549806176,Orta Risk,0.4521895100744936,Orta Risk,0.04610775758648368,Düşük Risk
BEYOĞLU,ŞEHİT MUHTAR,BEYOĞLU|ŞEHİT MUHTAR,2022,0.21103032392017942,Düşük Risk,0.05299768609854635,Düşük Risk,0.16644759242203472,Orta Risk,0.001001788799279252,Düşük Risk,0.05421254722857617,Düşük Risk,0.05299768609854635,Düşük Risk,0.5049477795220457,Orta Risk,0.4654724406875994,Orta Risk,0.057651542050678406,Düşük Risk
BEŞİKTAŞ,ABBASAĞA,BEŞİKTAŞ|ABBASAĞA,2022,0.10137968871518158,Düşük Risk,0.03440858016716308,Düşük Risk,0.15981676931659475,Orta Risk,0.00023281372557424853,Düşük Risk,0.03091654985803229,Düşük Risk,0.03440858016716308,Düşük Risk,0.46624598895840524,Orta Risk,0.42024769348293395,Orta Risk,0.04071170149349478,Düşük Risk
BEŞİKTAŞ,AKAT,BEŞİKTAŞ|AKAT,2022,0.18244981406631355,Düşük Risk,0.051944883352110074,Düşük Risk,0.19083698056922632,Orta Risk,0.0005766672115561916,Düşük Risk,0.04600179125412184,Düşük Risk,0.051944883352110074,Düşük Risk,0.5199507518079032,Orta Risk,0.4805293712908729,Orta Risk,0.058846206077816904,Düşük Risk
BEŞİKTAŞ,ARNAVUTKÖY,BEŞİKTAŞ|ARNAVUTKÖY,2022,0.1665764226601966,Düşük Risk,0.04871512912536407,Düşük Risk,0.19175612033701595,Orta Risk,0.0006559079220767815,Düşük Risk,0.046527770596929155,Düşük Risk,0.04871512912536407,Düşük Risk,0.5094218568142014,Orta Risk,0.4835431019193551,Orta Risk,0.052067165469880834,Düşük Risk
BEŞİKTAŞ,BALMUMCU,BEŞİKTAŞ|BALMUMCU,2022,0.07539782775302473,Düşük Risk,0.02858147579288578,Düşük Risk,0.14580675559642292,Orta Risk,0.0002502678595877937,Düşük Risk,0.027379421887023806,Düşük Risk,0.02858147579288578,Düşük Risk,0.4631453805175944,Orta Risk,0.4040832891033483,Orta Risk,0.03527719963487287,Düşük Risk
BEŞİKTAŞ,BEBEK,BEŞİKTAŞ|BEBEK,2022,0.1825779914553101,Düşük Risk,0.050462258278203935,Düşük Risk,0.19508511329793154,Orta Risk,0.0006420461974795378,Düşük Risk,0.049068521291810406,Düşük Risk,0.050462258278203935,Düşük Risk,0.5163711869069177,Orta Risk,0.48165930827825676,Orta Risk,0.05613839424514082,Düşük Risk
BEŞİKTAŞ,CİHANNÜMA,BEŞİKTAŞ|CİHANNÜMA,2022,0.07101014910312475,Düşük Risk,0.02707848295599146,Düşük Risk,0.14301093385418534,Orta Risk,0.00023143396514425804,Düşük Risk,0.02652283620724498,Düşük Risk,0.02707848295599146,Düşük Risk,0.43815697279638405,Orta Risk,0.38653244872435755,Orta Risk,0.03193644593270574,Düşük Risk
BEŞİKTAŞ,DİKİLİTAŞ,BEŞİKTAŞ|DİKİLİTAŞ,2022,0.24256175813850311,Orta Risk,0.06665854097246834,Orta Risk,0.2281036114112685,Orta Risk,0.0011879239234149656,Düşük Risk,0.058388930703951694,Düşük Risk,0.06665854097246834,Düşük Risk,0.553825790591006,Yüksek Risk,0.5263701075614643,Yüksek Risk,0.07351858855599604,Orta Risk
BEŞİKTAŞ,ETİLER,BEŞİKTAŞ|ETİLER,2022,0.13861189063634066,Düşük Risk,0.041117636411003654,Düşük Risk,0.1714784059645459,Orta Risk,0.0004798724585868388,Düşük Risk,0.03608395094403606,Düşük Risk,0.041117636411003654,Düşük Risk,0.5029697342312451,Orta Risk,0.45385618047553417,Orta Risk,0.05071918828237945,Düşük Risk
BEŞİKTAŞ,GAYRETTEPE,BEŞİKTAŞ|GAYRETTEPE,2022,0.13888825852080186,Düşük Risk,0.04431886721365523,Düşük Risk,0.17802655673832854,Orta Risk,0.00047676576020784094,Düşük Risk,0.03843566529590376,Düşük Risk,0.04431886721365523,Düşük Risk,0.5197955237822522,Orta Risk,0.47625777437664474,Orta Risk,0.05265922909284697,Düşük Risk
BEŞİKTAŞ,KONAKLAR,BEŞİKTAŞ|KONAKLAR,2022,0.1027218813668201,Düşük Risk,0.03816256897636303,Düşük Risk,0.15976700328958468,Orta Risk,0.00043863285394441664,Düşük Risk,0.032060073085685106,Düşük Risk,0.03816256897636303,Düşük Risk,0.4973204177355787,Orta Risk,0.4453147880052678,Orta Risk,0.048241989551682365,Düşük Risk
BEŞİKTAŞ,KURUÇEŞME,BEŞİKTAŞ|KURUÇEŞME,2022,0.12146944572471771,Düşük Risk,0.041969082245994466,Düşük Risk,0.17424598494962545,Orta Risk,0.000636841343431024,Düşük Risk,0.03816437000102424,Düşük Risk,0.041969082245994466,Düşük Risk,0.5021817311991643,Orta Risk,0.47036406688249766,Orta Risk,0.045745732492060154,Düşük Risk
BEŞİKTAŞ,KÜLTÜR,BEŞİKTAŞ|KÜLTÜR,2022,0.05669820633138195,Düşük Risk,0.02682970329455422,Düşük Risk,0.140920761960552,Orta Risk,0.0003979390736518325,Düşük Risk,0.024854531561441566,Düşük Risk,0.02682970329455422,Düşük Risk,0.46441733158893944,Orta Risk,0.40625388075865687,Orta Risk,0.03360868709161409,Düşük Risk
BEŞİKTAŞ,LEVAZIM,BEŞİKTAŞ|LEVAZIM,2022,0.05175145241278815,Düşük Risk,0.024332532947403583,Düşük Risk,0.13646456626608677,Düşük Risk,0.00013090139429205048,Düşük Risk,0.024654817996631502,Düşük Risk,0.024332532947403583,Düşük Risk,0.4370640890996438,Orta Risk,0.3707292681673785,Orta Risk,0.029533536948970047,Düşük Risk
BEŞİKTAŞ,LEVENT,BEŞİKTAŞ|LEVENT,2022,0.11082541469865437,Düşük Risk,0.03689073374752246,Düşük Risk,0.1642073776632271,Orta Risk,0.000666401546438244,Düşük Risk,0.032709695805004796,Düşük Risk,0.03689073374752246,Düşük Risk,0.4912342805769583,Orta Risk,0.45158171070659775,Orta Risk,0.042559527478452,Düşük Risk
BEŞİKTAŞ,MECİDİYE,BEŞİKTAŞ|MECİDİYE,2022,0.22182839320137387,Orta Risk,0.06236916954851589,Orta Risk,0.2203510100488242,Orta Risk,0.0006117310495243226,Düşük Risk,0.052440502801406295,Düşük Risk,0.06236916954851589,Düşük Risk,0.5441267006975643,Yüksek Risk,0.5224420523924875,Yüksek Risk,0.06829943695206533,Düşük Risk
BEŞİKTAŞ,MURADİYE,BEŞİKTAŞ|MURADİYE,2022,0.09200830891756688,Düşük Risk,0.03515723865332063,Düşük Risk,0.1615778002873762,Orta Risk,0.00020060627877242163,Düşük Risk,0.031135771601045196,Düşük Risk,0.03515723865332063,Düşük Risk,0.4790079816340196,Orta Risk,0.435563030651673,Orta Risk,0.04009557995477105,Düşük Risk
BEŞİKTAŞ,NİSBETİYE,BEŞİKTAŞ|NİSBETİYE,2022,0.10296560985731784,Düşük Risk,0.03890839059612905,Düşük Risk,0.16449116527082605,Orta Risk,0.0004315528137812171,Düşük Risk,0.03132861179213437,Düşük Risk,0.03890839059612905,Düşük Risk,0.4982468062334189,Orta Risk,0.45803846685493965,Orta Risk,0.04465091027754817,Düşük Risk
BEŞİKTAŞ,ORTAKÖY,BEŞİKTAŞ|ORTAKÖY,2022,0.1582341309958037,Düşük Risk,0.0504630239970674,Düşük Risk,0.18819235546654328,Orta Risk,0.008519173902118881,Orta Risk,0.04093624761792722,Düşük Risk,0.0504630239970674,Düşük Risk,0.5317874010162847,Orta Risk,0.5109901508362695,Yüksek Risk,0.05421552507110951,Düşük Risk
BEŞİKTAŞ,SİNANPAŞA,BEŞİKTAŞ|SİNANPAŞA,2022,0.07096183213597945,Düşük Risk,0.030921431516317918,Düşük Risk,0.15376994999548488,Orta Risk,0.0002202156620353516,Düşük Risk,0.029028192116880125,Düşük Risk,0.030921431516317918,Düşük Risk,0.45201239755868705,Orta Risk,0.40599219006503046,Orta Risk,0.03586759458705677,Düşük Risk
BEŞİKTAŞ,TÜRKALİ,BEŞİKTAŞ|TÜRKALİ,2022,0.16383153378742082,Düşük Risk,0.05320757041243377,Düşük Risk,0.20059416173670463,Orta Risk,0.0004982400776451488,Düşük Risk,0.04686384193807651,Düşük Risk,0.05320757041243377,Düşük Risk,0.5171456235702963,Orta Risk,0.487186011991695,Orta Risk,0.0591657802139631,Düşük Risk
BEŞİKTAŞ,ULUS,BEŞİKTAŞ|ULUS,2022,0.05860556091583388,Düşük Risk,0.028598707201582946,Düşük Risk,0.14199787278710418,Orta Risk,0.00040472400652202795,Düşük Risk,0.02575898600409839,Düşük Risk,0.028598707201582946,Düşük Risk,0.45847818958472847,Orta Risk,0.4137073991659526,Orta Risk,0.03278149119115055,Düşük Risk
BEŞİKTAŞ,VİŞNEZADE,BEŞİKTAŞ|VİŞNEZADE,2022,0.12469941337676599,Düşük Risk,0.047087993811381845,Düşük Risk,0.1836832288396013,Orta Risk,0.0005801897084321802,Düşük Risk,0.037246087283949576,Düşük Risk,0.047087993811381845,Düşük Risk,0.5308269985292868,Orta Risk,0.5004722815294989,Yüksek Risk,0.05225996694378552,Düşük Risk
BEŞİKTAŞ,YILDIZ,BEŞİKTAŞ|YILDIZ,2022,0.11256253184602522,Düşük Risk,0.06161357571343794,Orta Risk,0.1940519546667022,Orta Risk,0.0007614341764925385,Düşük Risk,0.06458066702400639,Düşük Risk,0.06161357571343794,Düşük Risk,0.5175308917040811,Orta Risk,0.49041584433775726,Yüksek Risk,0.06670179563438353,Düşük Risk
BÜYÜKÇEKMECE,19 MAYIS,BÜYÜKÇEKMECE|19 MAYIS,2022,0.17220603151056085,Düşük Risk,0.049566925727923254,Düşük Risk,0.15331131442603355,Orta Risk,0.0005914335333679582,Düşük Risk,0.039311548857962536,Düşük Risk,0.049566925727923254,Düşük Risk,0.5181719416380058,Orta Risk,0.47949561442640903,Orta Risk,0.058511227809812175,Düşük Risk
BÜYÜKÇEKMECE,AHMEDİYE,BÜYÜKÇEKMECE|AHMEDİYE,2022,0.03744559357555876,Düşük Risk,0.01909201242116566,Düşük Risk,0.09189107673336418,Düşük Risk,0.00014568729559108837,Düşük Risk,0.019593525370578256,Düşük Risk,0.01909201242116566,Düşük Risk,0.4135847067852562,Orta Risk,0.32473226562666635,Düşük Risk,0.030593369601508488,Düşük Risk
BÜYÜKÇEKMECE,ALKENT 2000,BÜYÜKÇEKMECE|ALKENT 2000,2022,0.12231029832907998,Düşük Risk,0.03907217841770889,Düşük Risk,0.1327037503284261,Düşük Risk,0.00046925205134554866,Düşük Risk,0.03606086316763577,Düşük Risk,0.03907217841770889,Düşük Risk,0.4959338992655432,Orta Risk,0.448333858692029,Orta Risk,0.04564755240260299,Düşük Risk
BÜYÜKÇEKMECE,ATATÜRK,BÜYÜKÇEKMECE|ATATÜRK,2022,0.7317985014716807,Yüksek Risk,0.15013289569639432,Yüksek Risk,0.3866826811255324,Yüksek Risk,0.0003481778910358171,Düşük Risk,0.1429449840507581,Orta Risk,0.15013289569639432,Orta Risk,0.5552808183385474,Yüksek Risk,0.5443871350814141,Yüksek Risk,0.16145333867990397,Yüksek Risk
BÜYÜKÇEKMECE,BAHÇELİEVLER,BÜYÜKÇEKMECE|BAHÇELİEVLER,2022,0.17769946014843738,Düşük Risk,0.04794629364339933,Düşük Risk,0.15438735105416673,Orta Risk,0.0036251750931160336,Düşük Risk,0.04372444533564907,Düşük Risk,0.04794629364339933,Düşük Risk,0.5087833374168165,Orta Risk,0.4651478061119371,Orta Risk,0.057091162698526945,Düşük Risk
BÜYÜKÇEKMECE,CELALİYE,BÜYÜKÇEKMECE|CELALİYE,2022,0.32554783416586625,Orta Risk,0.07979050176509053,Orta Risk,0.22161924305279165,Orta Risk,0.012784184601072647,Orta Risk,0.07385037762456456,Düşük Risk,0.07979050176509053,Düşük Risk,0.5665867994285816,Yüksek Risk,0.5452101937199185,Yüksek Risk,0.08956180384084504,Orta Risk
BÜYÜKÇEKMECE,CUMHURİYET,BÜYÜKÇEKMECE|CUMHURİYET,2022,0.35832497304375494,Orta Risk,0.09340700946612941,Orta Risk,0.2465803155960362,Orta Risk,0.013283765418975045,Orta Risk,0.08024631574150808,Orta Risk,0.09340700946612941,Düşük Risk,0.6019500960773391,Yüksek Risk,0.575149846294215,Yüksek Risk,0.10349630795415592,Orta Risk
BÜYÜKÇEKMECE,DİZDARİYE,BÜYÜKÇEKMECE|DİZDARİYE,2022,0.1342929682360541,Düşük Risk,0.04292251615708162,Düşük Risk,0.13970098459677507,Düşük Risk,0.0006529753414574865,Düşük Risk,0.03357611563451718,Düşük Risk,0.04292251615708162,Düşük Risk,0.5086130252482252,Orta Risk,0.4707287758521634,Orta Risk,0.05384648269898818,Düşük Risk
BÜYÜKÇEKMECE,EKİNOBA,BÜYÜKÇEKMECE|EKİNOBA,2022,0.2085227258272903,Düşük Risk,0.06180036382957742,Orta Risk,0.18295591182555387,Orta Risk,0.0005266893875634562,Düşük Risk,0.05184632684173666,Düşük Risk,0.06180036382957742,Düşük Risk,0.5295931503371477,Yüksek Risk,0.5072807967641448,Yüksek Risk,0.06820390734949078,Düşük Risk
BÜYÜKÇEKMECE,FATİH,BÜYÜKÇEKMECE|FATİH,2022,0.6372749364839007,Yüksek Risk,0.1411600844314862,Yüksek Risk,0.35861287691937327,Yüksek Risk,0.001004674010778668,Düşük Risk,0.12844349402529467,Orta Risk,0.1411600844314862,Orta Risk,0.5948003718556151,Yüksek Risk,0.5902456986689923,Yüksek Risk,0.14902587894692532,Yüksek Risk
BÜYÜKÇEKMECE,GÜZELCE,BÜYÜKÇEKMECE|GÜZELCE,2022,0.21423883300288943,Düşük Risk,0.05178144480046848,Düşük Risk,0.16317433882643748,Orta Risk,0.0002808389604979605,Düşük Risk,0.04642761257589264,Düşük Risk,0.05178144480046848,Düşük Risk,0.4927872329875447,Orta Risk,0.45144699995950155,Orta Risk,0.058640445565781,Düşük Risk
BÜYÜKÇEKMECE,HÜRRİYET,BÜYÜKÇEKMECE|HÜRRİYET,2022,0.3788450771731033,Orta Risk,0.08605520537425669,Orta Risk,0.24200427802672617,Orta Risk,0.0005385908346492522,Düşük Risk,0.08681975590906645,Orta Risk,0.08605520537425669,Düşük Risk,0.5184874247233959,Yüksek Risk,0.4930549153445986,Yüksek Risk,0.09140563301791568,Orta Risk
BÜYÜKÇEKMECE,KAMİLOBA,BÜYÜKÇEKMECE|KAMİLOBA,2022,0.31113119871282957,Orta Risk,0.07132378940541059,Orta Risk,0.20983220723002918,Orta Risk,0.0003388513456171992,Düşük Risk,0.06667844677003262,Düşük Risk,0.07132378940541059,Düşük Risk,0.5219124445826786,Yüksek Risk,0.4867166877360811,Orta Risk,0.07816002154601062,Orta Risk
BÜYÜKÇEKMECE,KARAAĞAÇ,BÜYÜKÇEKMECE|KARAAĞAÇ,2022,0.19531074489509395,Düşük Risk,0.05371813747572137,Düşük Risk,0.15852230197709488,Orta Risk,0.014776675565549815,Orta Risk,0.04800846151511952,Düşük Risk,0.05371813747572137,Düşük Risk,0.5023695379130547,Orta Risk,0.4779846126263902,Orta Risk,0.058125526133028106,Düşük Risk
BÜYÜKÇEKMECE,KUMBURGAZ,BÜYÜKÇEKMECE|KUMBURGAZ,2022,0.3010656918761742,Orta Risk,0.07109587718521128,Orta Risk,0.20712307155887,Orta Risk,0.0007745579889054824,Düşük Risk,0.06881100631270234,Düşük Risk,0.07109587718521128,Düşük Risk,0.5348868097885607,Yüksek Risk,0.5095165705459033,Yüksek Risk,0.07744474515595445,Orta Risk
BÜYÜKÇEKMECE,MURAT ÇESME,BÜYÜKÇEKMECE|MURAT ÇESME,2022,0.416722422323369,Orta Risk,0.09823535385764812,Orta Risk,0.26878648702595714,Yüksek Risk,0.00027147042214480897,Düşük Risk,0.09902923943220668,Orta Risk,0.09823535385764812,Düşük Risk,0.5393177749203252,Yüksek Risk,0.5148201657120255,Yüksek Risk,0.10673473153563864,Orta Risk
BÜYÜKÇEKMECE,MİMAROBA,BÜYÜKÇEKMECE|MİMAROBA,2022,0.23665252570051654,Orta Risk,0.06756794992278847,Orta Risk,0.19104168374575603,Orta Risk,0.0005517307739659736,Düşük Risk,0.05525297327914828,Düşük Risk,0.06756794992278847,Düşük Risk,0.5402490019179652,Yüksek Risk,0.5173307412038041,Yüksek Risk,0.07356711869940001,Orta Risk
BÜYÜKÇEKMECE,MİMARSİNAN,BÜYÜKÇEKMECE|MİMARSİNAN,2022,0.22103185623151955,Orta Risk,0.057466792624262054,Düşük Risk,0.1741071439073642,Orta Risk,0.0007075926751752893,Düşük Risk,0.04869906702911553,Düşük Risk,0.057466792624262054,Düşük Risk,0.52448163942275,Yüksek Risk,0.49476547497389556,Yüksek Risk,0.06409840494741248,Düşük Risk
BÜYÜKÇEKMECE,PINARTEPE,BÜYÜKÇEKMECE|PINARTEPE,2022,0.395468385634952,Orta Risk,0.09005874142725269,Orta Risk,0.24319443679339933,Orta Risk,0.0006997652081556699,Düşük Risk,0.07898884972343963,Düşük Risk,0.09005874142725269,Düşük Risk,0.5561674019662052,Yüksek Risk,0.5296665502309666,Yüksek Risk,0.10363322003679362,Orta Risk
BÜYÜKÇEKMECE,SİNANOBA,BÜYÜKÇEKMECE|SİNANOBA,2022,0.1553498007618468,Düşük Risk,0.04564468937262202,Düşük Risk,0.14567494276543064,Orta Risk,0.0004664249857914425,Düşük Risk,0.035578223141492143,Düşük Risk,0.04564468937262202,Düşük Risk,0.4943191300545071,Orta Risk,0.4659098538003551,Orta Risk,0.05207330298391202,Düşük Risk
BÜYÜKÇEKMECE,TÜRKOBA,BÜYÜKÇEKMECE|TÜRKOBA,2022,0.25516415685686367,Orta Risk,0.06591815756001497,Orta Risk,0.1933358992310109,Orta Risk,0.00083053523606506,Düşük Risk,0.05730514316240203,Düşük Risk,0.06591815756001497,Düşük Risk,0.5482128414264599,Yüksek Risk,0.5147788345418096,Yüksek Risk,0.07492198318707134,Orta Risk
BÜYÜKÇEKMECE,ULUS,BÜYÜKÇEKMECE|ULUS,2022,0.1990073724312808,Düşük Risk,0.05206714802534146,Düşük Risk,0.16023622952544844,Orta Risk,0.00429431863622785,Düşük Risk,0.04670069841497457,Düşük Risk,0.05206714802534146,Düşük Risk,0.4968054777935175,Orta Risk,0.4643635918125525,Orta Risk,0.05991865356549825,Düşük Risk
BÜYÜKÇEKMECE,YENİMAHALLE,BÜYÜKÇEKMECE|YENİMAHALLE,2022,0.15696743742716976,Düşük Risk,0.042084550571208815,Düşük Risk,0.14274670966883074,Orta Risk,0.0003472753392933871,Düşük Risk,0.04115681361324704,Düşük Risk,0.042084550571208815,Düşük Risk,0.4773884443882739,Orta Risk,0.4367379945920248,Orta Risk,0.04891582993905641,Düşük Risk
BÜYÜKÇEKMECE,ÇAKMAKLI,BÜYÜKÇEKMECE|ÇAKMAKLI,2022,0.09651311084143038,Düşük Risk,0.031210404230194794,Düşük Risk,0.11256066644324036,Düşük Risk,0.0042015781077844525,Düşük Risk,0.025742918565183105,Düşük Risk,0.031210404230194794,Düşük Risk,0.4632002321873987,Orta Risk,0.4141773224552268,Orta Risk,0.037984456790246736,Düşük Risk
ESENLER,15 TEMMUZ,ESENLER|15 TEMMUZ,2022,0.09521130852205957,Düşük Risk,0.038518618572098,Düşük Risk,0.10810551747779026,Düşük Risk,6.678639202952116e-05,Düşük Risk,0.03846834582357151,Düşük Risk,0.038518618572098,Düşük Risk,0.4396398016716789,Orta Risk,0.3647346660508445,Orta Risk,0.04989052630815727,Düşük Risk
ESENLER,ATIŞALANI,ESENLER|ATIŞALANI,2022,0.08416529623460024,Düşük Risk,0.023231893215122527,Düşük Risk,0.06639614889042786,Düşük Risk,6.123045725508787e-06,Düşük Risk,0.03471427960021794,Düşük Risk,0.023231893215122527,Düşük Risk,0.3333875688931274,Düşük Risk,0.17560710556259057,Düşük Risk,0.036847787489595246,Düşük Risk
ESENLER,BİRLİK,ESENLER|BİRLİK,2022,0.31981510773740357,Orta Risk,0.07101637703579369,Orta Risk,0.17774193119704146,Orta Risk,0.000600110339302386,Düşük Risk,0.06331291998988468,Düşük Risk,0.07101637703579369,Düşük Risk,0.5161765488885495,Yüksek Risk,0.47543694882218046,Orta Risk,0.08096256236678369,Orta Risk
ESENLER,DAVUTPAŞA,ESENLER|DAVUTPAŞA,2022,0.2795709147472389,Orta Risk,0.06932094250890465,Orta Risk,0.1752111968706646,Orta Risk,0.00045561277680393133,Düşük Risk,0.05974470611592578,Düşük Risk,0.06932094250890465,Düşük Risk,0.5267131589005146,Yüksek Risk,0.4907510537166578,Yüksek Risk,0.07560731577877305,Orta Risk
ESENLER,FATİH,ESENLER|FATİH,2022,0.5247309694117362,Yüksek Risk,0.10701858734249228,Orta Risk,0.257455923391297,Yüksek Risk,0.0002718185680011838,Düşük Risk,0.10195782392452457,Orta Risk,0.10701858734249228,Düşük Risk,0.5172122843140703,Yüksek Risk,0.47356829182267385,Orta Risk,0.1195075953317653,Orta Risk
ESENLER,FEVZİ ÇAKMAK,ESENLER|FEVZİ ÇAKMAK,2022,0.30483499649682744,Orta Risk,0.06763411051746172,Orta Risk,0.17136269980000068,Orta Risk,0.0002080330041434269,Düşük Risk,0.06206925049460423,Düşük Risk,0.06763411051746172,Düşük Risk,0.5081608839544889,Yüksek Risk,0.4529349352146112,Orta Risk,0.07816407539808015,Orta Risk
ESENLER,HAVAALANI,ESENLER|HAVAALANI,2022,0.38164505290525275,Orta Risk,0.08129126727943975,Orta Risk,0.20404102802126023,Orta Risk,0.00024631263832236865,Düşük Risk,0.0747400195169355,Düşük Risk,0.08129126727943975,Düşük Risk,0.4792392294813168,Yüksek Risk,0.46441124489076613,Orta Risk,0.08757893295429993,Orta Risk
ESENLER,KAZIM KARABEKİR,ESENLER|KAZIM KARABEKİR,2022,0.344299524123581,Orta Risk,0.07634816952471561,Orta Risk,0.1951577024235422,Orta Risk,0.0011501120052320227,Düşük Risk,0.07736897009677096,Düşük Risk,0.07634816952471561,Düşük Risk,0.5190015918538671,Yüksek Risk,0.4780257741579523,Orta Risk,0.08890049512911018,Orta Risk
ESENLER,KEMER,ESENLER|KEMER,2022,0.18525967892558556,Düşük Risk,0.04524591706942484,Düşük Risk,0.12247680438387357,Düşük Risk,0.00022113644166271246,Düşük Risk,0.03950963715497072,Düşük Risk,0.04524591706942484,Düşük Risk,0.47256175768033937,Orta Risk,0.4192495950437919,Orta Risk,0.05283548933656312,Düşük Risk
ESENLER,MENDERES,ESENLER|MENDERES,2022,0.28963493464962486,Orta Risk,0.06622304235139499,Orta Risk,0.17205210207925714,Orta Risk,0.0005497304301180161,Düşük Risk,0.059115126641340374,Düşük Risk,0.06622304235139499,Düşük Risk,0.5193692837695487,Yüksek Risk,0.47328688028337595,Orta Risk,0.07783354401354889,Orta Risk
ESENLER,MİMAR SİNAN,ESENLER|MİMAR SİNAN,2022,0.2053565038395847,Düşük Risk,0.05186290309386576,Düşük Risk,0.14392877384764263,Orta Risk,0.00018013646512956275,Düşük Risk,0.049411561105123285,Düşük Risk,0.05186290309386576,Düşük Risk,0.4899423282573125,Yüksek Risk,0.4368542475120066,Orta Risk,0.05967063763073542,Düşük Risk
ESENLER,NAMIK KEMAL,ESENLER|NAMIK KEMAL,2022,0.25010215661798274,Orta Risk,0.0549611887600669,Düşük Risk,0.14679206414735566,Orta Risk,0.0002358904352206167,Düşük Risk,0.05196650980619912,Düşük Risk,0.0549611887600669,Düşük Risk,0.4772832274999251,Orta Risk,0.43111397220486297,Orta Risk,0.05991737007444378,Düşük Risk
ESENLER,NİNE HATUN,ESENLER|NİNE HATUN,2022,0.4131851643786708,Orta Risk,0.09261238699501789,Orta Risk,0.22130335467316609,Orta Risk,0.0005780691672538376,Düşük Risk,0.08048242539925396,Orta Risk,0.09261238699501789,Düşük Risk,0.5450225549058919,Yüksek Risk,0.5127101650088737,Yüksek Risk,0.10085676239526326,Orta Risk
ESENLER,ORUÇREİS,ESENLER|ORUÇREİS,2022,0.5196958913016451,Yüksek Risk,0.11159943882980511,Orta Risk,0.26391487253011425,Yüksek Risk,0.007856437114507812,Orta Risk,0.10265795877199664,Orta Risk,0.11159943882980511,Düşük Risk,0.5631864591432248,Yüksek Risk,0.5260383013271905,Yüksek Risk,0.1259903661319356,Orta Risk
ESENLER,TUNA,ESENLER|TUNA,2022,0.3981177011354002,Orta Risk,0.09471040871982273,Orta Risk,0.2208752493177916,Orta Risk,0.0007915595833839389,Düşük Risk,0.08423497710197016,Orta Risk,0.09471040871982273,Düşük Risk,0.5570429209259644,Yüksek Risk,0.5160383447974091,Yüksek Risk,0.11044795037830085,Orta Risk
ESENLER,TURGUT REİS,ESENLER|TURGUT REİS,2022,0.45431701843267075,Orta Risk,0.09745311892122543,Orta Risk,0.23095159372282517,Orta Risk,0.0006194855199364273,Düşük Risk,0.08744618723888525,Orta Risk,0.09745311892122543,Düşük Risk,0.5299085345773927,Yüksek Risk,0.5019513754248308,Yüksek Risk,0.10789693248168855,Orta Risk
ESENLER,YAVUZ SELİM,ESENLER|YAVUZ SELİM,2022,0.15816289697187794,Düşük Risk,0.04469384146535561,Düşük Risk,0.1276002745765518,Düşük Risk,0.0005425330560435796,Düşük Risk,0.04555754917673284,Düşük Risk,0.04469384146535561,Düşük Risk,0.4997450725157056,Yüksek Risk,0.44656255225725155,Orta Risk,0.05265954681511832,Düşük Risk
ESENLER,ÇİFTE HAVUZLAR,ESENLER|ÇİFTE HAVUZLAR,2022,0.11763218855045672,Düşük Risk,0.03765003162044886,Düşük Risk,0.10928585883476369,Düşük Risk,0.0005406598591171612,Düşük Risk,0.038414058739519155,Düşük Risk,0.03765003162044886,Düşük Risk,0.4929948006371336,Orta Risk,0.42670761654956313,Orta Risk,0.04784939762944827,Düşük Risk
ESENYURT,AKEVLER,ESENYURT|AKEVLER,2022,0.1735390068282909,Düşük Risk,0.050277977344394216,Düşük Risk,0.14703764105041575,Orta Risk,0.00040592564615871574,Düşük Risk,0.044017683981264065,Düşük Risk,0.050277977344394216,Düşük Risk,0.5037466004988789,Yüksek Risk,0.46703824425272333,Orta Risk,0.05488217104444236,Düşük Risk
ESENYURT,AKÇABURGAZ,ESENYURT|AKÇABURGAZ,2022,0.38198106497180556,Orta Risk,0.12795918638986364,Yüksek Risk,0.2553127396387781,Yüksek Risk,0.017982108119886674,Orta Risk,0.10991605161239502,Orta Risk,0.12795918638986364,Düşük Risk,0.6103644030036898,Yüksek Risk,0.599610854469252,Yüksek Risk,0.13274756984858532,Yüksek Risk
ESENYURT,AKŞEMSEDDİN,ESENYURT|AKŞEMSEDDİN,2022,0.123721214265776,Düşük Risk,0.039272639769020415,Düşük Risk,0.12375580199920737,Düşük Risk,0.004166543800214474,Düşük Risk,0.03522886621463446,Düşük Risk,0.039272639769020415,Düşük Risk,0.4755380221549008,Orta Risk,0.4267359180527443,Orta Risk,0.047830395943004186,Düşük Risk
ESENYURT,ARDIÇLI,ESENYURT|ARDIÇLI,2022,0.2006588010711839,Düşük Risk,0.048304094409329916,Düşük Risk,0.13762780825770402,Düşük Risk,0.00015428507449106416,Düşük Risk,0.04919156153480818,Düşük Risk,0.048304094409329916,Düşük Risk,0.47697734451344426,Orta Risk,0.4156136325029616,Orta Risk,0.0546780335956805,Düşük Risk
ESENYURT,ATATÜRK,ESENYURT|ATATÜRK,2022,0.16922406126539058,Düşük Risk,0.04691164811816092,Düşük Risk,0.1324010035868458,Düşük Risk,0.0018492727643838896,Düşük Risk,0.040089925991973745,Düşük Risk,0.04691164811816092,Düşük Risk,0.4811721087274578,Orta Risk,0.4352699137590485,Orta Risk,0.05286000774774543,Düşük Risk
ESENYURT,AŞIK VEYSEL,ESENYURT|AŞIK VEYSEL,2022,0.17370310786645818,Düşük Risk,0.05964772724252365,Düşük Risk,0.14351798108226804,Orta Risk,0.005610242639076089,Düşük Risk,0.050895961806163605,Düşük Risk,0.05964772724252365,Düşük Risk,0.5249001202920337,Yüksek Risk,0.4905387807123314,Yüksek Risk,0.06579463157721757,Düşük Risk
ESENYURT,BALIKYOLU,ESENYURT|BALIKYOLU,2022,0.29693721246531635,Orta Risk,0.07391497336399439,Orta Risk,0.1954597033553814,Orta Risk,0.00043984026413816337,Düşük Risk,0.06389049935460081,Düşük Risk,0.07391497336399439,Düşük Risk,0.5299785040544844,Yüksek Risk,0.5002183579612984,Yüksek Risk,0.07985456825989402,Orta Risk
ESENYURT,BARBAROS HAYRETTİN PAŞA,ESENYURT|BARBAROS HAYRETTİN PAŞA,2022,0.0940392421088822,Düşük Risk,0.03702833509616681,Düşük Risk,0.11982307967256027,Düşük Risk,0.0005269746712419808,Düşük Risk,0.03365596007105994,Düşük Risk,0.03702833509616681,Düşük Risk,0.45871171412015727,Orta Risk,0.42727786160997283,Orta Risk,0.04090110656784092,Düşük Risk
ESENYURT,BATTALGAZİ,ESENYURT|BATTALGAZİ,2022,0.2075905118966164,Düşük Risk,0.05928030344092337,Düşük Risk,0.16734713135071974,Orta Risk,0.0003850161818546079,Düşük Risk,0.0516097019968275,Düşük Risk,0.05928030344092337,Düşük Risk,0.5104057738943529,Orta Risk,0.47550357619674205,Orta Risk,0.06517166932467724,Düşük Risk
ESENYURT,BAĞLARÇEŞME,ESENYURT|BAĞLARÇEŞME,2022,0.3197539655872724,Orta Risk,0.07564781958007685,Orta Risk,0.19910199451519411,Orta Risk,0.00020139320237550753,Düşük Risk,0.06735894306146539,Düşük Risk,0.07564781958007685,Düşük Risk,0.47642615145500883,Orta Risk,0.4782782339035384,Orta Risk,0.07669473330275074,Orta Risk
ESENYURT,CUMHURİYET,ESENYURT|CUMHURİYET,2022,0.07846336713543585,Düşük Risk,0.030257231530527107,Düşük Risk,0.09945828115642007,Düşük Risk,0.0002183901152821501,Düşük Risk,0.025382250689435688,Düşük Risk,0.030257231530527107,Düşük Risk,0.43692083745589383,Orta Risk,0.38367841665531294,Orta Risk,0.03498474478114583,Düşük Risk
ESENYURT,ESENKENT,ESENYURT|ESENKENT,2022,0.1149825996645762,Düşük Risk,0.03631463114873357,Düşük Risk,0.11129184562750563,Düşük Risk,0.0003978315251122016,Düşük Risk,0.034138612577105654,Düşük Risk,0.03631463114873357,Düşük Risk,0.4881666072710584,Orta Risk,0.42214017783817587,Orta Risk,0.046323588728577315,Düşük Risk
ESENYURT,FATİH,ESENYURT|FATİH,2022,0.26352776574241576,Orta Risk,0.0640759594019013,Orta Risk,0.17142834402134033,Orta Risk,0.0004939137536296385,Düşük Risk,0.05402305798207042,Düşük Risk,0.0640759594019013,Düşük Risk,0.5162769794033294,Yüksek Risk,0.48363756291629806,Orta Risk,0.06926285385776082,Orta Risk
ESENYURT,GÖKEVLER,ESENYURT|GÖKEVLER,2022,0.09213182317058033,Düşük Risk,0.03397028018836983,Düşük Risk,0.10912048441437255,Düşük Risk,0.00029084253720181074,Düşük Risk,0.02788616218022056,Düşük Risk,0.03397028018836983,Düşük Risk,0.45258162068452074,Orta Risk,0.4085054021664626,Orta Risk,0.0388946789601401,Düşük Risk
ESENYURT,GÜZELYURT,ESENYURT|GÜZELYURT,2022,0.32239022835484477,Orta Risk,0.08753228334622105,Orta Risk,0.22915234348112848,Orta Risk,0.0005294886479870924,Düşük Risk,0.07697059866985458,Düşük Risk,0.08753228334622105,Düşük Risk,0.5613433889793253,Yüksek Risk,0.5420645834453992,Yüksek Risk,0.09317630177967018,Orta Risk
ESENYURT,HÜRRİYET,ESENYURT|HÜRRİYET,2022,0.19952188229228232,Düşük Risk,0.05443263554656874,Düşük Risk,0.15142450509405442,Orta Risk,0.0003379426509160653,Düşük Risk,0.04645478462568919,Düşük Risk,0.05443263554656874,Düşük Risk,0.4887388729201807,Orta Risk,0.45654565565777583,Orta Risk,0.058226600200034236,Düşük Risk
ESENYURT,KOZA,ESENYURT|KOZA,2022,0.16869004601569365,Düşük Risk,0.04823361838107676,Düşük Risk,0.14517629393526923,Orta Risk,0.00015112427111336983,Düşük Risk,0.046515875136691115,Düşük Risk,0.04823361838107676,Düşük Risk,0.48929890343362903,Orta Risk,0.43605545722570316,Orta Risk,0.05539583153033718,Düşük Risk
ESENYURT,MEHMET AKİF ERSOY,ESENYURT|MEHMET AKİF ERSOY,2022,0.27112380773980027,Orta Risk,0.07086465613341944,Orta Risk,0.18939018207858344,Orta Risk,0.00018171688079354737,Düşük Risk,0.061646204726747096,Düşük Risk,0.07086465613341944,Düşük Risk,0.5102870239191595,Yüksek Risk,0.48428819526053885,Orta Risk,0.07413007010633701,Orta Risk
ESENYURT,MEHTERÇEŞME,ESENYURT|MEHTERÇEŞME,2022,0.28245004733813117,Orta Risk,0.07210436570715506,Orta Risk,0.18796287290371144,Orta Risk,0.00017857531582023814,Düşük Risk,0.06251479966571563,Düşük Risk,0.07210436570715506,Düşük Risk,0.5075532195688254,Yüksek Risk,0.48122801828385775,Orta Risk,0.07511164594855733,Orta Risk
ESENYURT,SARIYER MERKEZ,ESENYURT|SARIYER MERKEZ,2022,0.07733593387253798,Düşük Risk,0.019314460529093743,Düşük Risk,0.07071892253186526,Düşük Risk,2.4526287454481e-06,Düşük Risk,0.03178163661668171,Düşük Risk,0.019314460529093743,Düşük Risk,0.3122545743473073,Düşük Risk,0.15000546777046384,Düşük Risk,0.026523960949613734,Düşük Risk
ESENYURT,MEVLANA,ESENYURT|MEVLANA,2022,0.1100733657550918,Düşük Risk,0.04130511666818102,Düşük Risk,0.1178904941622619,Düşük Risk,0.0003101966633782554,Düşük Risk,0.03388615370535496,Düşük Risk,0.04130511666818102,Düşük Risk,0.48030214780103914,Orta Risk,0.4301882680847058,Orta Risk,0.048954337462311426,Düşük Risk
ESENYURT,NAMIK KEMAL,ESENYURT|NAMIK KEMAL,2022,0.19974767678846317,Düşük Risk,0.05410683480923796,Düşük Risk,0.15350065057805412,Orta Risk,0.00018059851362855315,Düşük Risk,0.049814772023025866,Düşük Risk,0.05410683480923796,Düşük Risk,0.47951190008623684,Orta Risk,0.43465610287937917,Orta Risk,0.062569057182708,Düşük Risk
ESENYURT,NECİP FAZIL KISAKÜREK,ESENYURT|NECİP FAZIL KISAKÜREK,2022,0.17517489328327712,Düşük Risk,0.05277402252973339,Düşük Risk,0.1495645189291246,Orta Risk,0.00037539107602607984,Düşük Risk,0.04424358515936092,Düşük Risk,0.05277402252973339,Düşük Risk,0.49017224650876967,Orta Risk,0.4655319047590445,Orta Risk,0.056056864530788175,Düşük Risk
ESENYURT,ORHAN GAZİ,ESENYURT|ORHAN GAZİ,2022,0.2387898157259273,Orta Risk,0.07241636140660664,Orta Risk,0.1673293575332676,Orta Risk,0.015427675733613498,Orta Risk,0.0580560508533175,Düşük Risk,0.07241636140660664,Düşük Risk,0.5608764548083377,Yüksek Risk,0.5318053176147698,Yüksek Risk,0.0797847016160304,Orta Risk
ESENYURT,OSMANGAZİ,ESENYURT|OSMANGAZİ,2022,0.3711731012209142,Orta Risk,0.11578551309398141,Orta Risk,0.24034710910773321,Orta Risk,0.015397154323705654,Orta Risk,0.10470248853796069,Orta Risk,0.11578551309398141,Düşük Risk,0.5636770086775177,Yüksek Risk,0.5595229898229209,Yüksek Risk,0.1188472309058871,Orta Risk
ESENYURT,PINAR,ESENYURT|PINAR,2022,0.4473675396770091,Orta Risk,0.09817442995105187,Orta Risk,0.2504570314807423,Orta Risk,0.0002311537232141968,Düşük Risk,0.08999718585492734,Orta Risk,0.09817442995105187,Düşük Risk,0.525530247163853,Yüksek Risk,0.49911386358324433,Yüksek Risk,0.10279712626627897,Orta Risk
ESENYURT,PİRİ REİS,ESENYURT|PİRİ REİS,2022,0.09663292377766676,Düşük Risk,0.0358107569613412,Düşük Risk,0.11231317955812994,Düşük Risk,0.0002793124878713828,Düşük Risk,0.030137488167131448,Düşük Risk,0.0358107569613412,Düşük Risk,0.44011671607241537,Orta Risk,0.4089111519379818,Orta Risk,0.03868147890398313,Düşük Risk
ESENYURT,SAADETDERE,ESENYURT|SAADETDERE,2022,0.17175663132867725,Düşük Risk,0.055574228525885706,Düşük Risk,0.15231118796462703,Orta Risk,0.0004447562785137303,Düşük Risk,0.04527752851776014,Düşük Risk,0.055574228525885706,Düşük Risk,0.5119420939362814,Orta Risk,0.47917073807367405,Orta Risk,0.06209404188378057,Düşük Risk
ESENYURT,SELAHADDİN EYYUBİ,ESENYURT|SELAHADDİN EYYUBİ,2022,0.4877424775373246,Yüksek Risk,0.11427700709469246,Orta Risk,0.28952210374063897,Yüksek Risk,0.0031221508090148124,Düşük Risk,0.10871752846667686,Orta Risk,0.11427700709469246,Orta Risk,0.5539849352980081,Yüksek Risk,0.5375595546858689,Yüksek Risk,0.11982215959050263,Orta Risk
ESENYURT,SULTANİYE,ESENYURT|SULTANİYE,2022,0.1630379577447153,Düşük Risk,0.04807928721507257,Düşük Risk,0.13687172972093872,Düşük Risk,0.00039408107700405007,Düşük Risk,0.039110196544978645,Düşük Risk,0.04807928721507257,Düşük Risk,0.4935378438823856,Orta Risk,0.45426259136976554,Orta Risk,0.05391514189637166,Düşük Risk
ESENYURT,SÜLEYMANİYE,ESENYURT|SÜLEYMANİYE,2022,0.28707335486458885,Orta Risk,0.0706534758622071,Orta Risk,0.18748016238836085,Orta Risk,0.00017140284603718876,Düşük Risk,0.06188274483785847,Düşük Risk,0.0706534758622071,Düşük Risk,0.5085503404334858,Yüksek Risk,0.4734140083562018,Orta Risk,0.07660067270595212,Orta Risk
ESENYURT,TALATPAŞA,ESENYURT|TALATPAŞA,2022,0.239119278434898,Orta Risk,0.05797579274664647,Düşük Risk,0.16021569113258283,Orta Risk,0.00020251152640371424,Düşük Risk,0.04965463042424798,Düşük Risk,0.05797579274664647,Düşük Risk,0.4959710472749632,Orta Risk,0.4535421849485437,Orta Risk,0.06409041279223263,Düşük Risk
ESENYURT,TURGUT ÖZAL,ESENYURT|TURGUT ÖZAL,2022,0.18105554027533644,Düşük Risk,0.051645845612353226,Düşük Risk,0.1444833439921696,Orta Risk,0.0004384490915540482,Düşük Risk,0.043640963978181485,Düşük Risk,0.051645845612353226,Düşük Risk,0.49857200630378756,Orta Risk,0.4580036281797757,Orta Risk,0.06111520531881779,Düşük Risk
ESENYURT,YENİKENT,ESENYURT|YENİKENT,2022,0.16179536722643623,Düşük Risk,0.04214999602058596,Düşük Risk,0.12472651390185044,Düşük Risk,0.0001653247984400512,Düşük Risk,0.03595769903639001,Düşük Risk,0.04214999602058596,Düşük Risk,0.45205441883398706,Orta Risk,0.4134402497850735,Orta Risk,0.045466138316574305,Düşük Risk
ESENYURT,YEŞİLKENT,ESENYURT|YEŞİLKENT,2022,0.3760958715542721,Orta Risk,0.0933511115743475,Orta Risk,0.2347706537357045,Orta Risk,0.00047535925953966234,Düşük Risk,0.0811581616406683,Orta Risk,0.0933511115743475,Düşük Risk,0.5644097090703144,Yüksek Risk,0.5396901544689138,Yüksek Risk,0.0987167211798663,Orta Risk
ESENYURT,YUNUS EMRE,ESENYURT|YUNUS EMRE,2022,0.21702998610876162,Düşük Risk,0.058933427022047145,Düşük Risk,0.16763779429516135,Orta Risk,0.00019390044139947602,Düşük Risk,0.056144858179187955,Düşük Risk,0.058933427022047145,Düşük Risk,0.48809891757284224,Orta Risk,0.4505385960669689,Orta Risk,0.06593495900776554,Düşük Risk
ESENYURT,ZAFER,ESENYURT|ZAFER,2022,0.11817001749803162,Düşük Risk,0.03512240169369183,Düşük Risk,0.10929926657880656,Düşük Risk,0.000328203215762665,Düşük Risk,0.028413827526329077,Düşük Risk,0.03512240169369183,Düşük Risk,0.4727454968607095,Orta Risk,0.4122904017129806,Orta Risk,0.043930082172721846,Düşük Risk
ESENYURT,ÇINAR,ESENYURT|ÇINAR,2022,0.3233679042654146,Orta Risk,0.07493505181709524,Orta Risk,0.198354219272378,Orta Risk,0.00021235781430021953,Düşük Risk,0.06743153856878345,Düşük Risk,0.07493505181709524,Düşük Risk,0.5006049926293665,Yüksek Risk,0.47468153479818287,Orta Risk,0.0785833916553004,Orta Risk
ESENYURT,ÖRNEK,ESENYURT|ÖRNEK,2022,0.2655385435888138,Orta Risk,0.06843274635271708,Orta Risk,0.18785735450970092,Orta Risk,0.00015878964890385863,Düşük Risk,0.06175138570719219,Düşük Risk,0.06843274635271708,Düşük Risk,0.5026729660906377,Yüksek Risk,0.47060959913184575,Orta Risk,0.0723931296850385,Orta Risk
ESENYURT,ÜÇEVLER,ESENYURT|ÜÇEVLER,2022,0.2595575274396473,Orta Risk,0.0637662344268691,Orta Risk,0.17153301408418145,Orta Risk,0.00020121428243032873,Düşük Risk,0.05524463980952336,Düşük Risk,0.0637662344268691,Düşük Risk,0.4954106512606251,Orta Risk,0.4619537979902846,Orta Risk,0.06831299378184769,Düşük Risk
ESENYURT,İNCİRTEPE,ESENYURT|İNCİRTEPE,2022,0.23729342128719424,Orta Risk,0.054783564672453045,Düşük Risk,0.15269250903956663,Orta Risk,0.00019431444144323292,Düşük Risk,0.04869813612937509,Düşük Risk,0.054783564672453045,Düşük Risk,0.4678553425195684,Orta Risk,0.432835738165306,Orta Risk,0.05803508802250142,Düşük Risk
ESENYURT,İNÖNÜ,ESENYURT|İNÖNÜ,2022,0.21239332439537933,Düşük Risk,0.0525392622541283,Düşük Risk,0.14767934696163437,Orta Risk,0.00016650354205928125,Düşük Risk,0.04693791049264666,Düşük Risk,0.0525392622541283,Düşük Risk,0.472200051424452,Orta Risk,0.42877375934984163,Orta Risk,0.057757748487211505,Düşük Risk
ESENYURT,İSTİKLAL,ESENYURT|İSTİKLAL,2022,0.1756840016422142,Düşük Risk,0.05179442281370091,Düşük Risk,0.14442520432684658,Orta Risk,0.0004533000589694583,Düşük Risk,0.04158892919902488,Düşük Risk,0.05179442281370091,Düşük Risk,0.4991190476613825,Orta Risk,0.47086119789725767,Orta Risk,0.055813145446806336,Düşük Risk
ESENYURT,ŞEHİTLER,ESENYURT|ŞEHİTLER,2022,0.07948006658528789,Düşük Risk,0.03469380709564031,Düşük Risk,0.10963269716305729,Düşük Risk,0.00029230929458404995,Düşük Risk,0.030827432255132823,Düşük Risk,0.03469380709564031,Düşük Risk,0.4493394128292589,Orta Risk,0.41361607093658564,Orta Risk,0.03842256523344039,Düşük Risk
EYÜPSULTAN,5.LEVENT,EYÜPSULTAN|5.LEVENT,2022,0.09107602793159816,Düşük Risk,0.030373584663343486,Düşük Risk,0.1017003728128254,Düşük Risk,0.004433771469713316,Düşük Risk,0.02367438909048911,Düşük Risk,0.030373584663343486,Düşük Risk,0.48949657527157087,Orta Risk,0.41425486219772906,Orta Risk,0.049675610564552754,Düşük Risk
EYÜPSULTAN,AKPINAR,EYÜPSULTAN|AKPINAR,2022,0.06906810235332342,Düşük Risk,0.023179546813960852,Düşük Risk,0.09036499445897968,Düşük Risk,0.00033016955401629405,Düşük Risk,0.021635452427713187,Düşük Risk,0.023179546813960852,Düşük Risk,0.41154291786594194,Orta Risk,0.3590838445368991,Orta Risk,0.027341919647448892,Düşük Risk
EYÜPSULTAN,AKŞEMSETTİN,EYÜPSULTAN|AKŞEMSETTİN,2022,0.5061585565091421,Yüksek Risk,0.10549931157481396,Orta Risk,0.26551766742338495,Yüksek Risk,0.007238049940322617,Düşük Risk,0.09816482752961661,Orta Risk,0.10549931157481396,Düşük Risk,0.5439762966367006,Yüksek Risk,0.5127412829507312,Yüksek Risk,0.11846319275564661,Orta Risk
EYÜPSULTAN,ALİBEYKÖY,EYÜPSULTAN|ALİBEYKÖY,2022,0.4002991453224859,Orta Risk,0.08588774455072781,Orta Risk,0.229775095926311,Orta Risk,0.009107147235734083,Orta Risk,0.08521818970582595,Orta Risk,0.08588774455072781,Düşük Risk,0.5444026027256339,Yüksek Risk,0.5034035846517735,Yüksek Risk,0.10110696946305667,Orta Risk
EYÜPSULTAN,AĞAÇLI,EYÜPSULTAN|AĞAÇLI,2022,0.05684503290913179,Düşük Risk,0.02064873568188562,Düşük Risk,0.08622610554791124,Düşük Risk,0.0005729658728910887,Düşük Risk,0.01858103248236341,Düşük Risk,0.02064873568188562,Düşük Risk,0.40215281138153586,Orta Risk,0.36226090766262553,Orta Risk,0.023018315899978298,Düşük Risk
EYÜPSULTAN,DEFTERDAR,EYÜPSULTAN|DEFTERDAR,2022,0.14494502635133738,Düşük Risk,0.04131153537887441,Düşük Risk,0.12826664528045645,Düşük Risk,0.011582467031711332,Orta Risk,0.035663397735515516,Düşük Risk,0.04131153537887441,Düşük Risk,0.5045241397258046,Orta Risk,0.4593473230144648,Orta Risk,0.052982157207184445,Düşük Risk
EYÜPSULTAN,DÜĞMECİLER,EYÜPSULTAN|DÜĞMECİLER,2022,0.20976368384985505,Düşük Risk,0.04918351039212745,Düşük Risk,0.14689101644712285,Orta Risk,0.0005035854174626185,Düşük Risk,0.043711484031050414,Düşük Risk,0.04918351039212745,Düşük Risk,0.4922367319065684,Orta Risk,0.4445937457729597,Orta Risk,0.058617038153640416,Düşük Risk
EYÜPSULTAN,EMNİYETTEPE,EYÜPSULTAN|EMNİYETTEPE,2022,0.20137612477887076,Düşük Risk,0.04785291506683685,Düşük Risk,0.1438474249143221,Orta Risk,0.0006440759577689497,Düşük Risk,0.04910169699304313,Düşük Risk,0.04785291506683685,Düşük Risk,0.48392047197518906,Orta Risk,0.4280330731309644,Orta Risk,0.06312442844478933,Düşük Risk
EYÜPSULTAN,ESENTEPE,EYÜPSULTAN|ESENTEPE,2022,0.3034931965872554,Orta Risk,0.0672371979204889,Orta Risk,0.1846548228181609,Orta Risk,0.0005424671158843655,Düşük Risk,0.06383737979656708,Düşük Risk,0.0672371979204889,Düşük Risk,0.4996305495280205,Orta Risk,0.45499836914034963,Orta Risk,0.08177658918227756,Orta Risk
EYÜPSULTAN,GÖKTÜRK MERKEZ,EYÜPSULTAN|GÖKTÜRK MERKEZ,2022,0.35319026784418783,Orta Risk,0.07935588761085934,Orta Risk,0.20535860012254242,Orta Risk,0.007292067589400906,Düşük Risk,0.06922826552791403,Düşük Risk,0.07935588761085934,Düşük Risk,0.5220107721225252,Yüksek Risk,0.5028250019117154,Yüksek Risk,0.08382992574464176,Orta Risk
EYÜPSULTAN,GÜZELTEPE,EYÜPSULTAN|GÜZELTEPE,2022,0.4689887636703134,Yüksek Risk,0.10591132067035626,Orta Risk,0.2613152199313241,Yüksek Risk,0.010976172812491093,Orta Risk,0.09595866202805214,Orta Risk,0.10591132067035626,Düşük Risk,0.5695374452086722,Yüksek Risk,0.5437004097161985,Yüksek Risk,0.11821388399903453,Orta Risk
EYÜPSULTAN,IŞIKLAR,EYÜPSULTAN|IŞIKLAR,2022,0.030701791588542166,Düşük Risk,0.016968386225734912,Düşük Risk,0.07433104893288844,Düşük Risk,0.0033758436747557013,Düşük Risk,0.014997207031763734,Düşük Risk,0.016968386225734912,Düşük Risk,0.38287978664949196,Düşük Risk,0.32487253747542977,Düşük Risk,0.021492681588235807,Düşük Risk
EYÜPSULTAN,KARADOLAP,EYÜPSULTAN|KARADOLAP,2022,0.5274275997073814,Yüksek Risk,0.12042805430573415,Orta Risk,0.2965628471097627,Yüksek Risk,0.0009174206053412687,Düşük Risk,0.10672314307369055,Orta Risk,0.12042805430573415,Orta Risk,0.5816551727210646,Yüksek Risk,0.5571973422786403,Yüksek Risk,0.13641045599318957,Yüksek Risk
EYÜPSULTAN,SARIYER MERKEZ,EYÜPSULTAN|SARIYER MERKEZ,2022,0.16525052376297933,Düşük Risk,0.05065401708465129,Düşük Risk,0.14370894137218668,Orta Risk,0.0006183548341681822,Düşük Risk,0.04113997611993815,Düşük Risk,0.05065401708465129,Düşük Risk,0.5128207424706793,Orta Risk,0.4742367566599352,Orta Risk,0.058332421489178096,Düşük Risk
EYÜPSULTAN,MİMAR SİNAN,EYÜPSULTAN|MİMAR SİNAN,2022,0.20621005346671725,Düşük Risk,0.06995115485238254,Orta Risk,0.1606869940634748,Orta Risk,0.019776408033788814,Orta Risk,0.06213157090728177,Düşük Risk,0.06995115485238254,Düşük Risk,0.5512832007300366,Yüksek Risk,0.5179733797713328,Yüksek Risk,0.08032944338532612,Orta Risk
EYÜPSULTAN,MİTHATPAŞA,EYÜPSULTAN|MİTHATPAŞA,2022,0.2894684142787203,Orta Risk,0.07040130019776393,Orta Risk,0.18847708069315308,Orta Risk,0.008720310871839953,Orta Risk,0.06696342143252006,Düşük Risk,0.07040130019776393,Düşük Risk,0.5219269266391542,Orta Risk,0.47448549218910757,Orta Risk,0.08065413647113681,Orta Risk
EYÜPSULTAN,NİŞANCI,EYÜPSULTAN|NİŞANCI,2022,0.1887266363795545,Düşük Risk,0.04599932671407331,Düşük Risk,0.14132278726506062,Orta Risk,0.00045329257516104026,Düşük Risk,0.04646590793222754,Düşük Risk,0.04599932671407331,Düşük Risk,0.4786697952291285,Orta Risk,0.4246689609709033,Orta Risk,0.05489159215065625,Düşük Risk
EYÜPSULTAN,ODAYERİ,EYÜPSULTAN|ODAYERİ,2022,0.04787351630211986,Düşük Risk,0.030348603755415204,Düşük Risk,0.11323411074215654,Düşük Risk,0.00013152998085604558,Düşük Risk,0.03324417928775016,Düşük Risk,0.030348603755415204,Düşük Risk,0.4378231008238302,Orta Risk,0.3726864809680899,Orta Risk,0.03774257154978814,Düşük Risk
EYÜPSULTAN,PİRİNÇÇİ,EYÜPSULTAN|PİRİNÇÇİ,2022,0.07890782844554849,Düşük Risk,0.02991511800440871,Düşük Risk,0.09877843703307458,Düşük Risk,0.00995146906941636,Orta Risk,0.02293862194598448,Düşük Risk,0.02991511800440871,Düşük Risk,0.4817043007142229,Orta Risk,0.4268635635807317,Orta Risk,0.03930284412877617,Düşük Risk
EYÜPSULTAN,RAMİ CUMA,EYÜPSULTAN|RAMİ CUMA,2022,0.22441255512300576,Orta Risk,0.06305866797869503,Orta Risk,0.17554679531323542,Orta Risk,0.0005677981348936826,Düşük Risk,0.05397394807512757,Düşük Risk,0.06305866797869503,Düşük Risk,0.5284219138382759,Yüksek Risk,0.49655505812304834,Yüksek Risk,0.07208365826213273,Orta Risk
EYÜPSULTAN,RAMİ YENİ,EYÜPSULTAN|RAMİ YENİ,2022,0.2844772230065663,Orta Risk,0.072248755940544,Orta Risk,0.1948555086035138,Orta Risk,0.00918529576319891,Orta Risk,0.06138635624932449,Düşük Risk,0.072248755940544,Düşük Risk,0.5608976749917287,Yüksek Risk,0.5268118437930482,Yüksek Risk,0.08264582342459495,Orta Risk
EYÜPSULTAN,SAKARYA,EYÜPSULTAN|SAKARYA,2022,0.19962954449663955,Düşük Risk,0.04914869187276333,Düşük Risk,0.14794769236055835,Orta Risk,0.0006835262347004729,Düşük Risk,0.045996829513007105,Düşük Risk,0.04914869187276333,Düşük Risk,0.49551473724411,Orta Risk,0.4468952231269716,Orta Risk,0.06057517130046371,Düşük Risk
EYÜPSULTAN,SİLAHTARAĞA,EYÜPSULTAN|SİLAHTARAĞA,2022,0.12204388047434461,Düşük Risk,0.03241597665024407,Düşük Risk,0.11254302359931387,Düşük Risk,0.000205053822379747,Düşük Risk,0.02771820393369937,Düşük Risk,0.03241597665024407,Düşük Risk,0.4480962497353688,Orta Risk,0.3917903963701509,Orta Risk,0.04113396255926265,Düşük Risk
EYÜPSULTAN,TOPÇULAR,EYÜPSULTAN|TOPÇULAR,2022,0.29204568642725864,Orta Risk,0.08731824398653802,Orta Risk,0.19445627042368652,Orta Risk,0.02106587936109527,Orta Risk,0.07771544465386748,Düşük Risk,0.08731824398653802,Düşük Risk,0.5652953005889981,Yüksek Risk,0.5331786623283157,Yüksek Risk,0.0967252266025825,Orta Risk
EYÜPSULTAN,YEŞİLPINAR,EYÜPSULTAN|YEŞİLPINAR,2022,0.3848923418710063,Orta Risk,0.08230672070231801,Orta Risk,0.21393313388184215,Orta Risk,0.0005684928226126155,Düşük Risk,0.07868836654829815,Düşük Risk,0.08230672070231801,Düşük Risk,0.5195956133478129,Yüksek Risk,0.4728659349472814,Orta Risk,0.09758427207174097,Orta Risk
EYÜPSULTAN,ÇIRÇIR,EYÜPSULTAN|ÇIRÇIR,2022,0.5079283285794424,Yüksek Risk,0.1092036460649546,Orta Risk,0.2771266143196331,Yüksek Risk,0.000822022074032781,Düşük Risk,0.10053202070813085,Orta Risk,0.1092036460649546,Düşük Risk,0.5586034067686793,Yüksek Risk,0.5329553134346477,Yüksek Risk,0.12383226692205555,Orta Risk
EYÜPSULTAN,ÇİFTALAN,EYÜPSULTAN|ÇİFTALAN,2022,0.025079456531507695,Düşük Risk,0.017584828570713404,Düşük Risk,0.0823941906642246,Düşük Risk,0.00013420892164827948,Düşük Risk,0.01718414887531858,Düşük Risk,0.017584828570713404,Düşük Risk,0.3767951360090268,Orta Risk,0.31505965506440486,Düşük Risk,0.02279690115561731,Düşük Risk
EYÜPSULTAN,İHSANİYE,EYÜPSULTAN|İHSANİYE,2022,0.015801376376046613,Düşük Risk,0.011464432308582339,Düşük Risk,0.06738716337164076,Düşük Risk,0.00013414153320512526,Düşük Risk,0.011792284156105762,Düşük Risk,0.011464432308582339,Düşük Risk,0.3408432573360242,Düşük Risk,0.2688950810161072,Düşük Risk,0.01602495648996101,Düşük Risk
EYÜPSULTAN,İSLAMBEY,EYÜPSULTAN|İSLAMBEY,2022,0.2592685952793895,Orta Risk,0.06949241029685846,Orta Risk,0.18285926958823703,Orta Risk,0.0007430808756163323,Düşük Risk,0.0597980514099282,Düşük Risk,0.06949241029685846,Düşük Risk,0.5390863651450429,Yüksek Risk,0.5013773437965406,Yüksek Risk,0.07841932050255389,Orta Risk
FATİH,AKSARAY,FATİH|AKSARAY,2022,0.2405170375862326,Orta Risk,0.06496070232833497,Orta Risk,0.20184548913505193,Orta Risk,0.0007129918439460903,Düşük Risk,0.055136374717060954,Düşük Risk,0.06496070232833497,Düşük Risk,0.5488012956326076,Yüksek Risk,0.5245924907069333,Yüksek Risk,0.06967710856741009,Orta Risk
FATİH,AKŞEMSETTİN,FATİH|AKŞEMSETTİN,2022,0.24119650378491106,Orta Risk,0.0610305130567691,Düşük Risk,0.19066551403781218,Orta Risk,0.0005842253729873993,Düşük Risk,0.0507716802182917,Düşük Risk,0.0610305130567691,Düşük Risk,0.530864300071537,Yüksek Risk,0.49653808851793946,Yüksek Risk,0.06835734235377308,Düşük Risk
FATİH,ALEMDAR,FATİH|ALEMDAR,2022,0.13356677436246753,Düşük Risk,0.09648207038791752,Orta Risk,0.16494207283795542,Orta Risk,0.0023189823897921693,Düşük Risk,0.12205657883929179,Orta Risk,0.09648207038791752,Düşük Risk,0.4932225990069235,Orta Risk,0.4575421213172495,Orta Risk,0.09818182472352982,Orta Risk
FATİH,ALİ KUŞÇU,FATİH|ALİ KUŞÇU,2022,0.2208121357767896,Orta Risk,0.06534021862039643,Orta Risk,0.20194520301873017,Orta Risk,0.000637985233298802,Düşük Risk,0.05501210750868666,Düşük Risk,0.06534021862039643,Düşük Risk,0.5564663408927633,Yüksek Risk,0.5227235491005305,Yüksek Risk,0.07521616302822993,Orta Risk
FATİH,ATİKALİ,FATİH|ATİKALİ,2022,0.1856087061005616,Düşük Risk,0.05462439651629607,Düşük Risk,0.17612414917405186,Orta Risk,0.0005651293574431912,Düşük Risk,0.04326877490737861,Düşük Risk,0.05462439651629607,Düşük Risk,0.5349324563058659,Yüksek Risk,0.4981307774448631,Yüksek Risk,0.06428495368740769,Düşük Risk
FATİH,AYVANSARAY,FATİH|AYVANSARAY,2022,0.4519971209536923,Orta Risk,0.1067998649651684,Orta Risk,0.2929535081727235,Yüksek Risk,0.0008647416435482084,Düşük Risk,0.09460288705579906,Orta Risk,0.1067998649651684,Düşük Risk,0.5751992756909171,Yüksek Risk,0.5664875540201384,Yüksek Risk,0.11491709386581175,Orta Risk
FATİH,BALABANAĞA,FATİH|BALABANAĞA,2022,0.09554936796420607,Düşük Risk,0.04467281943885903,Düşük Risk,0.14617496911535718,Orta Risk,0.0010606339013848076,Düşük Risk,0.04325011897508754,Düşük Risk,0.04467281943885903,Düşük Risk,0.4913802333235646,Orta Risk,0.4523670759833276,Orta Risk,0.047725116856658756,Düşük Risk
FATİH,BALAT,FATİH|BALAT,2022,0.46746637535034946,Orta Risk,0.10830652193473976,Orta Risk,0.2995372047594387,Yüksek Risk,0.0009653312256601049,Düşük Risk,0.09903570668749741,Orta Risk,0.10830652193473976,Orta Risk,0.5817370110284581,Yüksek Risk,0.5676359564146589,Yüksek Risk,0.11601838435094819,Orta Risk
FATİH,BEYAZIT,FATİH|BEYAZIT,2022,0.11013841911120084,Düşük Risk,0.06371983465136656,Orta Risk,0.14843522370001774,Orta Risk,0.0007656926664209179,Düşük Risk,0.07102624928596302,Düşük Risk,0.06371983465136656,Düşük Risk,0.467823556286772,Orta Risk,0.41756370619420297,Orta Risk,0.06712457248197022,Düşük Risk
FATİH,BİNBİRDİREK,FATİH|BİNBİRDİREK,2022,0.03661044338666414,Düşük Risk,0.02127453643271956,Düşük Risk,0.10952039423557118,Düşük Risk,0.00014798369056272346,Düşük Risk,0.021316241957014523,Düşük Risk,0.02127453643271956,Düşük Risk,0.38504170542729493,Düşük Risk,0.3147200941616727,Düşük Risk,0.02611809937900135,Düşük Risk
FATİH,CANKURTARAN,FATİH|CANKURTARAN,2022,0.09289014230408871,Düşük Risk,0.04104074881460423,Düşük Risk,0.1415912061801074,Orta Risk,0.0012238662710185215,Düşük Risk,0.034047026921417645,Düşük Risk,0.04104074881460423,Düşük Risk,0.4569271371597932,Orta Risk,0.43460854591842546,Orta Risk,0.04341391247850493,Düşük Risk
FATİH,CERRAHPAŞA,FATİH|CERRAHPAŞA,2022,0.20618623538468972,Düşük Risk,0.0621045682215147,Orta Risk,0.1947159845214672,Orta Risk,0.0007028447196982386,Düşük Risk,0.05460559723803156,Düşük Risk,0.0621045682215147,Düşük Risk,0.5600232167815601,Yüksek Risk,0.5257568875176003,Yüksek Risk,0.07130013245330863,Orta Risk
FATİH,CİBALİ,FATİH|CİBALİ,2022,0.1941396577100335,Düşük Risk,0.05842761878730724,Düşük Risk,0.18830255667166423,Orta Risk,0.0006511719951341238,Düşük Risk,0.048173494809868586,Düşük Risk,0.05842761878730724,Düşük Risk,0.5396925894908523,Yüksek Risk,0.5152718851758595,Yüksek Risk,0.06334619677537705,Düşük Risk
FATİH,DEMİRTAŞ,FATİH|DEMİRTAŞ,2022,0.06387210663518232,Düşük Risk,0.027655000712481143,Düşük Risk,0.1230745539693342,Düşük Risk,0.00023264576072520412,Düşük Risk,0.023778085705882655,Düşük Risk,0.027655000712481143,Düşük Risk,0.44412758791859214,Orta Risk,0.4018794879380384,Orta Risk,0.031158258715519853,Düşük Risk
FATİH,DERVİŞ ALİ,FATİH|DERVİŞ ALİ,2022,0.28272690721378557,Orta Risk,0.07067550551305476,Orta Risk,0.21078105498518498,Orta Risk,0.0006997430251495791,Düşük Risk,0.060041686467293055,Düşük Risk,0.07067550551305476,Düşük Risk,0.5507670189303595,Yüksek Risk,0.5163657066636298,Yüksek Risk,0.08033768330409582,Orta Risk
FATİH,EMİN SİNAN,FATİH|EMİN SİNAN,2022,0.12460966963567552,Düşük Risk,0.052899059296162926,Düşük Risk,0.17736555526385828,Orta Risk,0.0004093565806451452,Düşük Risk,0.04668564218708492,Düşük Risk,0.052899059296162926,Düşük Risk,0.49972111359040605,Orta Risk,0.4797567484021665,Orta Risk,0.056491663807355194,Düşük Risk
FATİH,HACI KADIN,FATİH|HACI KADIN,2022,0.07432561631713701,Düşük Risk,0.026568934989954707,Düşük Risk,0.1199370059348464,Düşük Risk,0.0002827836190029804,Düşük Risk,0.028406349484543424,Düşük Risk,0.026568934989954707,Düşük Risk,0.43896563402619215,Orta Risk,0.37499373151916393,Orta Risk,0.03129445816339432,Düşük Risk
FATİH,HASEKİ SULTAN,FATİH|HASEKİ SULTAN,2022,0.23770386134926194,Orta Risk,0.06004827531434988,Düşük Risk,0.19509524135055362,Orta Risk,0.0006058326687219537,Düşük Risk,0.055339971253976876,Düşük Risk,0.06004827531434988,Düşük Risk,0.533521152204802,Yüksek Risk,0.4957647779458939,Yüksek Risk,0.06817264829201462,Düşük Risk
FATİH,HIRKA-İ ŞERİF,FATİH|HIRKA-İ ŞERİF,2022,0.16972062135937324,Düşük Risk,0.051788316965468706,Düşük Risk,0.1691229927407421,Orta Risk,0.0010377967608616713,Düşük Risk,0.04402448036624653,Düşük Risk,0.051788316965468706,Düşük Risk,0.5300218901739078,Orta Risk,0.49225584503815306,Yüksek Risk,0.05963866130582988,Düşük Risk
FATİH,HOBYAR,FATİH|HOBYAR,2022,0.04088732937235503,Düşük Risk,0.03507019325909501,Düşük Risk,0.11866913802200352,Düşük Risk,0.0012234337268082788,Düşük Risk,0.030778689711116972,Düşük Risk,0.03507019325909501,Düşük Risk,0.4240671412747593,Orta Risk,0.3856961052271932,Orta Risk,0.03832938170565141,Düşük Risk
FATİH,HOCA GIYASETTİN,FATİH|HOCA GIYASETTİN,2022,0.06927057694585027,Düşük Risk,0.02707542595977424,Düşük Risk,0.12028147833821712,Düşük Risk,0.0001524657674560133,Düşük Risk,0.025643128072722336,Düşük Risk,0.02707542595977424,Düşük Risk,0.43361863211289675,Orta Risk,0.38433620120372963,Orta Risk,0.029835924110496834,Düşük Risk
FATİH,HOCAPAŞA,FATİH|HOCAPAŞA,2022,0.07143228511513755,Düşük Risk,0.036780482523145475,Düşük Risk,0.13758896126173456,Düşük Risk,0.001015593178157362,Düşük Risk,0.030410649769333706,Düşük Risk,0.036780482523145475,Düşük Risk,0.4583574107468929,Orta Risk,0.4299145679601026,Orta Risk,0.03958723523713933,Düşük Risk
FATİH,KALENDERHANE,FATİH|KALENDERHANE,2022,0.06011592300126156,Düşük Risk,0.044626221419937294,Düşük Risk,0.1437512949663364,Orta Risk,0.001087738141155554,Düşük Risk,0.039319159118249805,Düşük Risk,0.044626221419937294,Düşük Risk,0.507483058772757,Orta Risk,0.464647238119256,Orta Risk,0.04989759179782746,Düşük Risk
FATİH,KARAGÜMRÜK,FATİH|KARAGÜMRÜK,2022,0.16891916508597826,Düşük Risk,0.04758606554130246,Düşük Risk,0.16402268568633124,Orta Risk,0.0005428833708086487,Düşük Risk,0.0386756239728224,Düşük Risk,0.04758606554130246,Düşük Risk,0.5166621752134872,Orta Risk,0.47758823235657333,Orta Risk,0.05681447893037766,Düşük Risk
FATİH,KATİP KASIM,FATİH|KATİP KASIM,2022,0.06719390479286311,Düşük Risk,0.02526654180082165,Düşük Risk,0.11679650208237462,Düşük Risk,0.0002834648660714552,Düşük Risk,0.02246229171297206,Düşük Risk,0.02526654180082165,Düşük Risk,0.4373117644010504,Orta Risk,0.3890561197433754,Orta Risk,0.029487449625600813,Düşük Risk
FATİH,KEMALPAŞA,FATİH|KEMALPAŞA,2022,0.10109203154638356,Düşük Risk,0.03564319319084922,Düşük Risk,0.13649756763033485,Düşük Risk,0.0004465085288362187,Düşük Risk,0.033206973578189296,Düşük Risk,0.03564319319084922,Düşük Risk,0.4730639632520235,Orta Risk,0.4153697806033571,Orta Risk,0.04190358257545139,Düşük Risk
FATİH,KOCA MUSTAFAPAŞA,FATİH|KOCA MUSTAFAPAŞA,2022,0.42962731522680236,Orta Risk,0.10659235546286738,Orta Risk,0.28450466674074204,Yüksek Risk,0.0009098769970662272,Düşük Risk,0.09100662868814766,Orta Risk,0.10659235546286738,Düşük Risk,0.5781897906345094,Yüksek Risk,0.5715711971074997,Yüksek Risk,0.11112777158334124,Orta Risk
FATİH,KÜÇÜK AYASOFYA,FATİH|KÜÇÜK AYASOFYA,2022,0.07117934305169492,Düşük Risk,0.03133106793968768,Düşük Risk,0.12487308347519244,Düşük Risk,0.0007829338975255926,Düşük Risk,0.02567584363161069,Düşük Risk,0.03133106793968768,Düşük Risk,0.46202526055718507,Orta Risk,0.4345410708091338,Orta Risk,0.03400350639640641,Düşük Risk
FATİH,MERCAN,FATİH|MERCAN,2022,0.04542522410054653,Düşük Risk,0.036612689141884994,Düşük Risk,0.11434415381228036,Düşük Risk,0.0005805816554081627,Düşük Risk,0.037230198207446094,Düşük Risk,0.036612689141884994,Düşük Risk,0.420931363347421,Orta Risk,0.372271405334163,Orta Risk,0.039430023492538296,Düşük Risk
FATİH,MESİHPAŞA,FATİH|MESİHPAŞA,2022,0.07200318826727799,Düşük Risk,0.028186025551567642,Düşük Risk,0.12277606904482502,Düşük Risk,0.000281782995350325,Düşük Risk,0.026569949494037164,Düşük Risk,0.028186025551567642,Düşük Risk,0.4564304330252093,Orta Risk,0.3989269778319255,Orta Risk,0.033705857245384885,Düşük Risk
FATİH,MEVLANAKAPI,FATİH|MEVLANAKAPI,2022,0.3565511756731219,Orta Risk,0.09248959396961594,Orta Risk,0.2573931027570629,Yüksek Risk,0.0007647234102878868,Düşük Risk,0.07840790692334706,Düşük Risk,0.09248959396961594,Düşük Risk,0.5805627057319789,Yüksek Risk,0.5605140769430268,Yüksek Risk,0.09994216647195278,Orta Risk
FATİH,MOLLA FENARİ,FATİH|MOLLA FENARİ,2022,0.16461812930850156,Düşük Risk,0.050385331085234165,Düşük Risk,0.16987321703446584,Orta Risk,0.0010099254446969306,Düşük Risk,0.0454551817752879,Düşük Risk,0.050385331085234165,Düşük Risk,0.520583251667013,Orta Risk,0.49059561343015534,Yüksek Risk,0.054329788045967456,Düşük Risk
FATİH,MOLLA GÜRANİ,FATİH|MOLLA GÜRANİ,2022,0.26842483934849976,Orta Risk,0.0666242524684606,Orta Risk,0.2082688299071624,Orta Risk,0.0006354033387760288,Düşük Risk,0.05842325416488715,Düşük Risk,0.0666242524684606,Düşük Risk,0.5407157981608722,Yüksek Risk,0.5099983931643572,Yüksek Risk,0.07444913795216689,Orta Risk
FATİH,MOLLA HÜSREV,FATİH|MOLLA HÜSREV,2022,0.07514375784737169,Düşük Risk,0.032842767300978966,Düşük Risk,0.12844744275664574,Düşük Risk,0.0008716603390815218,Düşük Risk,0.029768067232935486,Düşük Risk,0.032842767300978966,Düşük Risk,0.47246989529879574,Orta Risk,0.4266204133760489,Orta Risk,0.03688370423355021,Düşük Risk
FATİH,MUHSİNE HATUN,FATİH|MUHSİNE HATUN,2022,0.08242764305483537,Düşük Risk,0.03318973849428303,Düşük Risk,0.13749186948281455,Düşük Risk,0.0002497988903423576,Düşük Risk,0.029633560065122265,Düşük Risk,0.03318973849428303,Düşük Risk,0.4530598125040194,Orta Risk,0.41694402436456157,Orta Risk,0.03650401981084387,Düşük Risk
FATİH,MİMAR HAYRETTİN,FATİH|MİMAR HAYRETTİN,2022,0.17377274848372545,Düşük Risk,0.0529608410536237,Düşük Risk,0.17971901073936525,Orta Risk,0.00025785354789284616,Düşük Risk,0.0456906906070873,Düşük Risk,0.0529608410536237,Düşük Risk,0.5083254817217301,Orta Risk,0.48094441688850464,Orta Risk,0.05669130329686475,Düşük Risk
FATİH,MİMAR KEMALETTİN,FATİH|MİMAR KEMALETTİN,2022,0.11637825675961876,Düşük Risk,0.04343448464768256,Düşük Risk,0.15987777774884757,Orta Risk,0.000272640066974346,Düşük Risk,0.03794328482062442,Düşük Risk,0.04343448464768256,Düşük Risk,0.49169603654704463,Orta Risk,0.4564249974584746,Orta Risk,0.0479940905179686,Düşük Risk
FATİH,NİŞANCA,FATİH|NİŞANCA,2022,0.11165062785146379,Düşük Risk,0.037777810523498316,Düşük Risk,0.1419669586083867,Orta Risk,0.00044573811684237366,Düşük Risk,0.032884919370210805,Düşük Risk,0.037777810523498316,Düşük Risk,0.4651266937350805,Orta Risk,0.43249598239399,Orta Risk,0.040241326755002915,Düşük Risk
FATİH,RÜSTEMPAŞA,FATİH|RÜSTEMPAŞA,2022,0.03547065850053545,Düşük Risk,0.0324112630682463,Düşük Risk,0.10898322553593037,Düşük Risk,0.00016477927862177814,Düşük Risk,0.03592316140728668,Düşük Risk,0.0324112630682463,Düşük Risk,0.3612059763039296,Düşük Risk,0.2897549701662251,Düşük Risk,0.034887779508631485,Düşük Risk
FATİH,SARAÇ İSHAK,FATİH|SARAÇ İSHAK,2022,0.049164001461945,Düşük Risk,0.025377241835780405,Düşük Risk,0.11756710828990762,Düşük Risk,0.00028755841326471936,Düşük Risk,0.022448009631584952,Düşük Risk,0.025377241835780405,Düşük Risk,0.42910717293963274,Orta Risk,0.38479954117919557,Orta Risk,0.02874973206772461,Düşük Risk
FATİH,SEYYİD ÖMER,FATİH|SEYYİD ÖMER,2022,0.32213962796508677,Orta Risk,0.07856854751428291,Orta Risk,0.2269774329120922,Orta Risk,0.0006239101462628916,Düşük Risk,0.06928503431015343,Düşük Risk,0.07856854751428291,Düşük Risk,0.5553894281957242,Yüksek Risk,0.5285128201448909,Yüksek Risk,0.08550804047480391,Orta Risk
FATİH,SULTAN AHMET,FATİH|SULTAN AHMET,2022,0.05324463437247303,Düşük Risk,0.03323656777046342,Düşük Risk,0.1276522899115477,Düşük Risk,0.0002909465924007304,Düşük Risk,0.03572829069526807,Düşük Risk,0.03323656777046342,Düşük Risk,0.4412610783766308,Orta Risk,0.3979925408553087,Orta Risk,0.03617388902367237,Düşük Risk
FATİH,SURURİ,FATİH|SURURİ,2022,0.03750585076290003,Düşük Risk,0.021809187792557597,Düşük Risk,0.10731991260267053,Düşük Risk,0.0006071803464529778,Düşük Risk,0.020774974775233393,Düşük Risk,0.021809187792557597,Düşük Risk,0.4154875871856438,Orta Risk,0.3597620132951027,Orta Risk,0.025275024711282068,Düşük Risk
FATİH,SÜLEYMANİYE,FATİH|SÜLEYMANİYE,2022,0.11055262839781674,Düşük Risk,0.12405898764601034,Yüksek Risk,0.2577103409239768,Yüksek Risk,0.0005772579922605581,Düşük Risk,0.1627676023020681,Orta Risk,0.12405898764601034,Düşük Risk,0.5584934421974915,Yüksek Risk,0.5468580635257638,Yüksek Risk,0.12554374498336085,Orta Risk
FATİH,SÜMBÜL EFENDİ,FATİH|SÜMBÜL EFENDİ,2022,0.17208349894602115,Düşük Risk,0.049339867284103896,Düşük Risk,0.16502392086341616,Orta Risk,0.00048793291696747613,Düşük Risk,0.03996406634542101,Düşük Risk,0.049339867284103896,Düşük Risk,0.5230863212818787,Yüksek Risk,0.4829452543594446,Orta Risk,0.05887245384110163,Düşük Risk
FATİH,SİLİVRİKAPI,FATİH|SİLİVRİKAPI,2022,0.22508551917622713,Orta Risk,0.06520521284541009,Orta Risk,0.20128118293443076,Orta Risk,0.001174561479137557,Düşük Risk,0.05554519910722887,Düşük Risk,0.06520521284541009,Düşük Risk,0.559611941865315,Yüksek Risk,0.5271386449580562,Yüksek Risk,0.07404232349287337,Orta Risk
FATİH,TAHTAKALE,FATİH|TAHTAKALE,2022,0.03629499797637331,Düşük Risk,0.03793235867991392,Düşük Risk,0.11752918294350319,Düşük Risk,0.0005469214924547459,Düşük Risk,0.03855343703516105,Düşük Risk,0.03793235867991392,Düşük Risk,0.4120681355150481,Orta Risk,0.36662965840404843,Orta Risk,0.04013616521188217,Düşük Risk
FATİH,TAYA HATUN,FATİH|TAYA HATUN,2022,0.030058426060181265,Düşük Risk,0.024980759040998224,Düşük Risk,0.10828627503522233,Düşük Risk,0.00038309727692808555,Düşük Risk,0.023555796744364914,Düşük Risk,0.024980759040998224,Düşük Risk,0.40672822059363756,Orta Risk,0.3559118247023854,Orta Risk,0.027932429470956758,Düşük Risk
FATİH,TOPKAPI,FATİH|TOPKAPI,2022,0.1999787264988497,Düşük Risk,0.05760243152458253,Düşük Risk,0.18052091139656085,Orta Risk,0.000670966698616415,Düşük Risk,0.050472987157969516,Düşük Risk,0.05760243152458253,Düşük Risk,0.5475004343824232,Yüksek Risk,0.5022475358791851,Yüksek Risk,0.06761550749272804,Düşük Risk
FATİH,YAVUZ SULTAN SELİM,FATİH|YAVUZ SULTAN SELİM,2022,0.40996119658471863,Orta Risk,0.09836148620069257,Orta Risk,0.27700628248252673,Yüksek Risk,0.0007415358493557581,Düşük Risk,0.0876190298419483,Orta Risk,0.09836148620069257,Düşük Risk,0.5740348649121768,Yüksek Risk,0.5609765473680037,Yüksek Risk,0.10520475107685502,Orta Risk
FATİH,YAVUZ SİNAN,FATİH|YAVUZ SİNAN,2022,0.03266603804983498,Düşük Risk,0.021471967707572575,Düşük Risk,0.10602884035575846,Düşük Risk,0.00016145969451597742,Düşük Risk,0.022152339008919296,Düşük Risk,0.021471967707572575,Düşük Risk,0.4033737984268193,Orta Risk,0.34764947614325026,Orta Risk,0.024563370207899657,Düşük Risk
FATİH,YEDİKULE,FATİH|YEDİKULE,2022,0.24310239540061235,Orta Risk,0.06333588453380275,Orta Risk,0.19362100714384392,Orta Risk,0.007440118852391645,Orta Risk,0.052800131604856436,Düşük Risk,0.06333588453380275,Düşük Risk,0.5419265844378325,Yüksek Risk,0.517506499151404,Yüksek Risk,0.07123759858300688,Orta Risk
FATİH,ZEYREK,FATİH|ZEYREK,2022,0.21949850276079344,Düşük Risk,0.05830029368488114,Düşük Risk,0.184503174290679,Orta Risk,0.0007200730976348431,Düşük Risk,0.05055548687117061,Düşük Risk,0.05830029368488114,Düşük Risk,0.5328184766240095,Yüksek Risk,0.4985601665407194,Yüksek Risk,0.06412679822687263,Düşük Risk
FATİH,İSKENDERPAŞA,FATİH|İSKENDERPAŞA,2022,0.23399647097319232,Orta Risk,0.0631908998589201,Orta Risk,0.19574121946230175,Orta Risk,0.0007021596384005068,Düşük Risk,0.052139428001778135,Düşük Risk,0.0631908998589201,Düşük Risk,0.5503235869420958,Yüksek Risk,0.5167558643372002,Yüksek Risk,0.0705030351843485,Orta Risk
FATİH,ŞEHREMİNİ,FATİH|ŞEHREMİNİ,2022,0.3250458501245921,Orta Risk,0.08752011396574313,Orta Risk,0.2418286636357974,Orta Risk,0.0007373078391630473,Düşük Risk,0.07187695859465017,Düşük Risk,0.08752011396574313,Düşük Risk,0.57290824530002,Yüksek Risk,0.5534855038369573,Yüksek Risk,0.09473232412015617,Orta Risk
FATİH,ŞEHSUVAR BEY,FATİH|ŞEHSUVAR BEY,2022,0.11273775773583225,Düşük Risk,0.03962735588197539,Düşük Risk,0.14981192133182303,Orta Risk,0.0007091551866363873,Düşük Risk,0.0344204451132042,Düşük Risk,0.03962735588197539,Düşük Risk,0.47598739411096924,Orta Risk,0.45104249979935324,Orta Risk,0.042647824263211155,Düşük Risk
GAZİOSMANPAŞA,BARBAROS HAYRETTİN PAŞA,GAZİOSMANPAŞA|BARBAROS HAYRETTİN PAŞA,2022,0.3771952865695962,Orta Risk,0.09129673817496174,Orta Risk,0.19760591809962008,Orta Risk,0.012526175431459724,Orta Risk,0.0835958227865237,Orta Risk,0.09129673817496174,Düşük Risk,0.5321314826847215,Yüksek Risk,0.5016451787823002,Yüksek Risk,0.1026992474657262,Orta Risk
GAZİOSMANPAŞA,BAĞLARBAŞI,GAZİOSMANPAŞA|BAĞLARBAŞI,2022,0.3001232843541233,Orta Risk,0.06725809340912894,Orta Risk,0.17078852113211618,Orta Risk,0.0005512224557245846,Düşük Risk,0.06094910347860332,Düşük Risk,0.06725809340912894,Düşük Risk,0.5102980767903781,Yüksek Risk,0.4624684536272107,Orta Risk,0.08051036619351883,Orta Risk
GAZİOSMANPAŞA,FEVZİ ÇAKMAK,GAZİOSMANPAŞA|FEVZİ ÇAKMAK,2022,0.21046256633286642,Düşük Risk,0.05321948316658443,Düşük Risk,0.14389720144749102,Orta Risk,0.0010271159406437206,Düşük Risk,0.04813523529278547,Düşük Risk,0.05321948316658443,Düşük Risk,0.5146427894250638,Yüksek Risk,0.4679166526310527,Orta Risk,0.06571164641854524,Düşük Risk
GAZİOSMANPAŞA,HÜRRİYET,GAZİOSMANPAŞA|HÜRRİYET,2022,0.30331615472181156,Orta Risk,0.07174956523844905,Orta Risk,0.18027245319043833,Orta Risk,0.0005554572482547908,Düşük Risk,0.06396850330013042,Düşük Risk,0.07174956523844905,Düşük Risk,0.5223024462406919,Yüksek Risk,0.48370822487180754,Orta Risk,0.0833491239990243,Orta Risk
GAZİOSMANPAŞA,KARADENİZ,GAZİOSMANPAŞA|KARADENİZ,2022,0.49567033422091367,Yüksek Risk,0.11123459563519969,Orta Risk,0.2430462544238366,Orta Risk,0.006773673292432129,Düşük Risk,0.10538408895418673,Orta Risk,0.11123459563519969,Düşük Risk,0.5358177159314979,Yüksek Risk,0.5007785952480571,Yüksek Risk,0.12246350590188092,Orta Risk
GAZİOSMANPAŞA,KARAYOLLARI,GAZİOSMANPAŞA|KARAYOLLARI,2022,0.37856544647694934,Orta Risk,0.08417102905531891,Orta Risk,0.1995897187120929,Orta Risk,0.0006311234351461566,Düşük Risk,0.08002866802213562,Orta Risk,0.08417102905531891,Düşük Risk,0.5209220078479302,Yüksek Risk,0.4753084425240859,Orta Risk,0.09888696515345118,Orta Risk
GAZİOSMANPAŞA,KARLITEPE,GAZİOSMANPAŞA|KARLITEPE,2022,0.20279672094323736,Düşük Risk,0.048908617260602465,Düşük Risk,0.13415476113764685,Düşük Risk,0.0004446292281184724,Düşük Risk,0.042891272149188635,Düşük Risk,0.048908617260602465,Düşük Risk,0.4832893514897407,Orta Risk,0.4317054262437949,Orta Risk,0.058359119791441684,Düşük Risk
GAZİOSMANPAŞA,KAZIM KARABEKİR,GAZİOSMANPAŞA|KAZIM KARABEKİR,2022,0.4092051803272141,Orta Risk,0.09429067207745126,Orta Risk,0.21646275455088626,Orta Risk,0.0006939378608454829,Düşük Risk,0.0866344649040493,Orta Risk,0.09429067207745126,Düşük Risk,0.5409468541288506,Yüksek Risk,0.5040174814218878,Yüksek Risk,0.10677007111022285,Orta Risk
GAZİOSMANPAŞA,SARIYER MERKEZ,GAZİOSMANPAŞA|SARIYER MERKEZ,2022,0.2594297530700472,Orta Risk,0.06653653002626876,Orta Risk,0.15829028855774294,Orta Risk,0.006527229839701746,Düşük Risk,0.057726514640510575,Düşük Risk,0.06653653002626876,Düşük Risk,0.5200198036847189,Yüksek Risk,0.4777730070805599,Orta Risk,0.0768658815766848,Orta Risk
GAZİOSMANPAŞA,MEVLANA,GAZİOSMANPAŞA|MEVLANA,2022,0.19584313109556062,Düşük Risk,0.05061178057586661,Düşük Risk,0.1295571766796417,Düşük Risk,0.0004798629530086907,Düşük Risk,0.04276313206687863,Düşük Risk,0.05061178057586661,Düşük Risk,0.5031063021401005,Orta Risk,0.4438304035925178,Orta Risk,0.06782432430039825,Düşük Risk
GAZİOSMANPAŞA,PAZARİÇİ,GAZİOSMANPAŞA|PAZARİÇİ,2022,0.09386139016328936,Düşük Risk,0.024925578816265892,Düşük Risk,0.08166811186729231,Düşük Risk,0.0001630946035859807,Düşük Risk,0.02142507491215352,Düşük Risk,0.024925578816265892,Düşük Risk,0.4151501371356375,Orta Risk,0.3478854075804637,Orta Risk,0.03334560993945712,Düşük Risk
GAZİOSMANPAŞA,SARIGÖL,GAZİOSMANPAŞA|SARIGÖL,2022,0.29957590182365457,Orta Risk,0.06497448307476733,Orta Risk,0.16689389723920947,Orta Risk,0.0005503422741483476,Düşük Risk,0.06370442450198706,Düşük Risk,0.06497448307476733,Düşük Risk,0.4895787925994579,Orta Risk,0.43621057422179704,Orta Risk,0.0763907220860161,Orta Risk
GAZİOSMANPAŞA,SEYMEN MAHALLE,GAZİOSMANPAŞA|SEYMEN MAHALLE,2022,0.333187921578016,Orta Risk,0.07483118764576963,Orta Risk,0.18084025213257127,Orta Risk,0.000604191355500953,Düşük Risk,0.07006805385228644,Düşük Risk,0.07483118764576963,Düşük Risk,0.5161838907210116,Yüksek Risk,0.468799817186877,Orta Risk,0.09091357906953258,Orta Risk
GAZİOSMANPAŞA,SEYİTNİZAM,GAZİOSMANPAŞA|SEYİTNİZAM,2022,0.10648133772322335,Düşük Risk,0.02882245512296763,Düşük Risk,0.0890616491652396,Düşük Risk,0.0005225619383312514,Düşük Risk,0.02602508875714509,Düşük Risk,0.02882245512296763,Düşük Risk,0.4310538615258996,Orta Risk,0.3787561466946448,Orta Risk,0.03839344785136453,Düşük Risk
GAZİOSMANPAŞA,YILDIZTABYA,GAZİOSMANPAŞA|YILDIZTABYA,2022,0.21893461553555413,Düşük Risk,0.04944304057533181,Düşük Risk,0.13174119422596697,Düşük Risk,0.0004640371094831816,Düşük Risk,0.04711805497129634,Düşük Risk,0.04944304057533181,Düşük Risk,0.47137941172441733,Orta Risk,0.4086080831328879,Orta Risk,0.06269041874854066,Düşük Risk
GAZİOSMANPAŞA,ŞEMSİPAŞA,GAZİOSMANPAŞA|ŞEMSİPAŞA,2022,0.23377146506881089,Orta Risk,0.055261754848202414,Düşük Risk,0.14560363355573122,Orta Risk,0.00045995359971041423,Düşük Risk,0.04743571489649142,Düşük Risk,0.055261754848202414,Düşük Risk,0.5006656489683402,Orta Risk,0.45091578142198807,Orta Risk,0.06570807073187067,Düşük Risk
GÜNGÖREN,ABDURRAHMAN NAFİZ GÜRMAN,GÜNGÖREN|ABDURRAHMAN NAFİZ GÜRMAN,2022,0.22282802386219913,Orta Risk,0.0547774645444865,Düşük Risk,0.1524339912039472,Orta Risk,0.0004525038274275019,Düşük Risk,0.050174044611015274,Düşük Risk,0.0547774645444865,Düşük Risk,0.5154459700966043,Yüksek Risk,0.4655351362809717,Orta Risk,0.06413438104803267,Düşük Risk
GÜNGÖREN,AKINCILAR,GÜNGÖREN|AKINCILAR,2022,0.1614469544543603,Düşük Risk,0.041756233737565616,Düşük Risk,0.12393405030508753,Düşük Risk,0.0001507264221650394,Düşük Risk,0.03807314949047729,Düşük Risk,0.041756233737565616,Düşük Risk,0.44366803718275205,Orta Risk,0.3938609927011077,Orta Risk,0.048451898211862174,Düşük Risk
GÜNGÖREN,GENÇOSMAN,GÜNGÖREN|GENÇOSMAN,2022,0.4544388125716645,Orta Risk,0.10945830905477383,Orta Risk,0.2633696151552303,Yüksek Risk,0.0006596459212482909,Düşük Risk,0.09192440167730133,Orta Risk,0.10945830905477383,Düşük Risk,0.5836496484414581,Yüksek Risk,0.556044402548412,Yüksek Risk,0.11883941517788658,Orta Risk
GÜNGÖREN,GÜNEŞTEPE,GÜNGÖREN|GÜNEŞTEPE,2022,0.2442438533479923,Orta Risk,0.05896460230831322,Düşük Risk,0.1571011379612264,Orta Risk,0.0005848520801314921,Düşük Risk,0.054114979787841744,Düşük Risk,0.05896460230831322,Düşük Risk,0.49183245910830864,Orta Risk,0.4543820963505848,Orta Risk,0.0673670773642311,Düşük Risk
GÜNGÖREN,GÜVEN,GÜNGÖREN|GÜVEN,2022,0.18628886713439974,Düşük Risk,0.047276760510818194,Düşük Risk,0.1405512282443474,Orta Risk,0.00019672250978509473,Düşük Risk,0.040766400181682136,Düşük Risk,0.047276760510818194,Düşük Risk,0.48120259928621,Orta Risk,0.4323173632561895,Orta Risk,0.055613062073985475,Düşük Risk
GÜNGÖREN,HAZNEDAR,GÜNGÖREN|HAZNEDAR,2022,0.28550690263658285,Orta Risk,0.07779057220908006,Orta Risk,0.20710663208883323,Orta Risk,0.00046642023116945245,Düşük Risk,0.07347311485103356,Düşük Risk,0.07779057220908006,Düşük Risk,0.5351733183430346,Yüksek Risk,0.5056439240789967,Yüksek Risk,0.0861696694542432,Orta Risk
GÜNGÖREN,MAREŞAL ÇAKMAK,GÜNGÖREN|MAREŞAL ÇAKMAK,2022,0.3332550074390638,Orta Risk,0.07726180464614313,Orta Risk,0.20283022334604373,Orta Risk,0.00047724801051982177,Düşük Risk,0.07057391640362351,Düşük Risk,0.07726180464614313,Düşük Risk,0.5250795002445313,Yüksek Risk,0.48650796194645013,Orta Risk,0.08689451474936259,Orta Risk
GÜNGÖREN,MEHMET NESİH ÖZMEN,GÜNGÖREN|MEHMET NESİH ÖZMEN,2022,0.31949295891098217,Orta Risk,0.0762187734059828,Orta Risk,0.20529632513599994,Orta Risk,0.0008018599161560427,Düşük Risk,0.07100699122393289,Düşük Risk,0.0762187734059828,Düşük Risk,0.5377839537798211,Yüksek Risk,0.5108084049822036,Yüksek Risk,0.08272220323466427,Orta Risk
GÜNGÖREN,SARIYER MERKEZ,GÜNGÖREN|SARIYER MERKEZ,2022,0.5242222705673902,Yüksek Risk,0.1210885228421236,Yüksek Risk,0.29297762986937026,Yüksek Risk,0.0006196530703866458,Düşük Risk,0.10963851592597622,Orta Risk,0.1210885228421236,Düşük Risk,0.5729630697452807,Yüksek Risk,0.5541223508070595,Yüksek Risk,0.12818358023238324,Orta Risk
GÜNGÖREN,SANAYİ,GÜNGÖREN|SANAYİ,2022,0.31324612360561366,Orta Risk,0.07171497374850391,Orta Risk,0.1945435128647685,Orta Risk,0.007496467470657142,Orta Risk,0.06565581992942807,Düşük Risk,0.07171497374850391,Düşük Risk,0.5336907531284875,Yüksek Risk,0.49899772658970115,Yüksek Risk,0.07995011524166032,Orta Risk
GÜNGÖREN,TOZKOPARAN,GÜNGÖREN|TOZKOPARAN,2022,0.2845060185087416,Orta Risk,0.0740600659367352,Orta Risk,0.19054584546040512,Orta Risk,0.007363568459287417,Orta Risk,0.06658042418258145,Düşük Risk,0.0740600659367352,Düşük Risk,0.5521362111024045,Yüksek Risk,0.5279382717767868,Yüksek Risk,0.07883341704146309,Orta Risk
KADIKÖY,19 MAYIS,KADIKÖY|19 MAYIS,2022,0.34783047960645674,Orta Risk,0.08824396094953536,Orta Risk,0.23016457461220355,Orta Risk,0.0006510315671934797,Düşük Risk,0.07274371691115257,Düşük Risk,0.08824396094953536,Düşük Risk,0.5763229328144304,Yüksek Risk,0.5431319427792118,Yüksek Risk,0.10422963405524258,Orta Risk
KADIKÖY,ACIBADEM,KADIKÖY|ACIBADEM,2022,0.3454092540385618,Orta Risk,0.08995109353189183,Orta Risk,0.22804804293719605,Orta Risk,0.011402303047608834,Orta Risk,0.07436100529152044,Düşük Risk,0.08995109353189183,Düşük Risk,0.5787597997582536,Yüksek Risk,0.5548301475427326,Yüksek Risk,0.10071944800636445,Orta Risk
KADIKÖY,BOSTANCI,KADIKÖY|BOSTANCI,2022,0.587352380607331,Yüksek Risk,0.13400164065998427,Yüksek Risk,0.3317072651312674,Yüksek Risk,0.009768005578642866,Orta Risk,0.11706760948208568,Orta Risk,0.13400164065998427,Orta Risk,0.6011257975707827,Yüksek Risk,0.5892285189905084,Yüksek Risk,0.14471789190104897,Yüksek Risk
KADIKÖY,CADDEBOSTAN,KADIKÖY|CADDEBOSTAN,2022,0.27490004692587533,Orta Risk,0.07240408864624213,Orta Risk,0.1977496546029633,Orta Risk,0.0007236871576994259,Düşük Risk,0.06113815241455602,Düşük Risk,0.07240408864624213,Düşük Risk,0.5498666692689401,Yüksek Risk,0.5176817152487093,Yüksek Risk,0.08605388074716812,Orta Risk
KADIKÖY,CAFERAĞA,KADIKÖY|CAFERAĞA,2022,0.5091856397026916,Yüksek Risk,0.125028457419392,Yüksek Risk,0.3097363367533224,Yüksek Risk,0.000988560629515735,Düşük Risk,0.10844940456676737,Orta Risk,0.125028457419392,Orta Risk,0.5814326780074114,Yüksek Risk,0.5813095537595581,Yüksek Risk,0.13206862247839404,Yüksek Risk
KADIKÖY,DUMLUPINAR,KADIKÖY|DUMLUPINAR,2022,0.23570111362474003,Orta Risk,0.06198895937911587,Orta Risk,0.18384937985590247,Orta Risk,0.000697627329506473,Düşük Risk,0.055043931748743315,Düşük Risk,0.06198895937911587,Düşük Risk,0.5551972744596688,Yüksek Risk,0.5097312967963754,Yüksek Risk,0.07954598664853653,Orta Risk
KADIKÖY,ERENKÖY,KADIKÖY|ERENKÖY,2022,0.3317930591744536,Orta Risk,0.08325470905444297,Orta Risk,0.2200323140116511,Orta Risk,0.0006193741837876981,Düşük Risk,0.06939697971534904,Düşük Risk,0.08325470905444297,Düşük Risk,0.5608542825003086,Yüksek Risk,0.5271958792928255,Yüksek Risk,0.09837911606476644,Orta Risk
KADIKÖY,EĞİTİM,KADIKÖY|EĞİTİM,2022,0.2159803781908191,Düşük Risk,0.054970056071163204,Düşük Risk,0.16445859694156328,Orta Risk,0.0007071126526858179,Düşük Risk,0.055098186660441056,Düşük Risk,0.054970056071163204,Düşük Risk,0.511178357400064,Orta Risk,0.4634001844208766,Orta Risk,0.07022795561192835,Orta Risk
KADIKÖY,FENERBAHÇE,KADIKÖY|FENERBAHÇE,2022,0.3023828481453376,Orta Risk,0.07140477833144256,Orta Risk,0.2007704412008044,Orta Risk,0.0007043103679861281,Düşük Risk,0.06516954590893631,Düşük Risk,0.07140477833144256,Düşük Risk,0.5365887777865201,Yüksek Risk,0.5025212958440968,Yüksek Risk,0.08348276245571096,Orta Risk
KADIKÖY,FENERYOLU,KADIKÖY|FENERYOLU,2022,0.30988192179348606,Orta Risk,0.07260722368724026,Orta Risk,0.2012270620524616,Orta Risk,0.0006773634246653743,Düşük Risk,0.06793863374674614,Düşük Risk,0.07260722368724026,Düşük Risk,0.5332418118923921,Yüksek Risk,0.4951109628982001,Yüksek Risk,0.08696114065300153,Orta Risk
KADIKÖY,FİKİRTEPE,KADIKÖY|FİKİRTEPE,2022,0.2753826063497784,Orta Risk,0.06657070752258507,Orta Risk,0.19243714774823553,Orta Risk,0.000583841339349794,Düşük Risk,0.06858220711102904,Düşük Risk,0.06657070752258507,Düşük Risk,0.50615585757858,Orta Risk,0.4630985267459489,Orta Risk,0.0801056997984943,Orta Risk
KADIKÖY,GÖZTEPE,KADIKÖY|GÖZTEPE,2022,0.3638458128884871,Orta Risk,0.0984066005564224,Orta Risk,0.2401130789378441,Orta Risk,0.0007019845776335958,Düşük Risk,0.08469561242692679,Orta Risk,0.0984066005564224,Düşük Risk,0.5651142991968341,Yüksek Risk,0.5376549847817315,Yüksek Risk,0.1129608017896813,Orta Risk
KADIKÖY,HASANPAŞA,KADIKÖY|HASANPAŞA,2022,0.34302663316887194,Orta Risk,0.08756737504209669,Orta Risk,0.22884675696553086,Orta Risk,0.0009183125520783948,Düşük Risk,0.0832938039375386,Orta Risk,0.08756737504209669,Düşük Risk,0.5629532657321864,Yüksek Risk,0.5262798992246802,Yüksek Risk,0.1011700526173901,Orta Risk
KADIKÖY,KOZYATAĞI,KADIKÖY|KOZYATAĞI,2022,0.3927954214704632,Orta Risk,0.08951248028607844,Orta Risk,0.23722054530070805,Orta Risk,0.0006182129929646975,Düşük Risk,0.0779810248297833,Düşük Risk,0.08951248028607844,Düşük Risk,0.5576018986480704,Yüksek Risk,0.5264402345897303,Yüksek Risk,0.1054952226468969,Orta Risk
KADIKÖY,KOŞUYOLU,KADIKÖY|KOŞUYOLU,2022,0.14501700158395597,Düşük Risk,0.04245542605355293,Düşük Risk,0.1383374320496941,Düşük Risk,0.0007295619851657978,Düşük Risk,0.03884904026782246,Düşük Risk,0.04245542605355293,Düşük Risk,0.496547243732277,Orta Risk,0.45115111086169646,Orta Risk,0.05266702356714969,Düşük Risk
KADIKÖY,MERDİVENKÖY,KADIKÖY|MERDİVENKÖY,2022,0.5270556985101462,Yüksek Risk,0.12171787338346325,Yüksek Risk,0.30565026150525626,Yüksek Risk,0.0008684812831495452,Düşük Risk,0.10498688191029357,Orta Risk,0.12171787338346325,Orta Risk,0.5976121892963888,Yüksek Risk,0.5730774853745555,Yüksek Risk,0.1374880444862941,Yüksek Risk
KADIKÖY,OSMANAĞA,KADIKÖY|OSMANAĞA,2022,0.367194581253156,Orta Risk,0.08585529354962136,Orta Risk,0.23717308484218166,Orta Risk,0.0009727358315576654,Düşük Risk,0.08347813659140024,Orta Risk,0.08585529354962136,Düşük Risk,0.5608318629498374,Yüksek Risk,0.531049027797042,Yüksek Risk,0.09928769694691969,Orta Risk
KADIKÖY,RASİMPAŞA,KADIKÖY|RASİMPAŞA,2022,0.2811593579430663,Orta Risk,0.06987786016550175,Orta Risk,0.2007185971661847,Orta Risk,0.008114799905530358,Orta Risk,0.06014159436045948,Düşük Risk,0.06987786016550175,Düşük Risk,0.5542173029565558,Yüksek Risk,0.5211973306878861,Yüksek Risk,0.0835666072090879,Orta Risk
KADIKÖY,SAHRAYICEDİT,KADIKÖY|SAHRAYICEDİT,2022,0.3716211454755576,Orta Risk,0.0881670613316795,Orta Risk,0.23323225858579302,Orta Risk,0.000702089295225456,Düşük Risk,0.07527433797825864,Düşük Risk,0.0881670613316795,Düşük Risk,0.5662281943807637,Yüksek Risk,0.5322525446649912,Yüksek Risk,0.1049860255126534,Orta Risk
KADIKÖY,SUADİYE,KADIKÖY|SUADİYE,2022,0.2688188256028565,Orta Risk,0.07171487174989323,Orta Risk,0.20049655253622284,Orta Risk,0.0012881918170453352,Düşük Risk,0.0649545276613374,Düşük Risk,0.07171487174989323,Düşük Risk,0.5549997653072488,Yüksek Risk,0.5205810510939402,Yüksek Risk,0.08534788558908343,Orta Risk
KADIKÖY,ZÜHTÜPAŞA,KADIKÖY|ZÜHTÜPAŞA,2022,0.15932001409552476,Düşük Risk,0.0460922605705155,Düşük Risk,0.1493020170394228,Orta Risk,0.0005925628748515477,Düşük Risk,0.03866777797613242,Düşük Risk,0.0460922605705155,Düşük Risk,0.5315342437327376,Yüksek Risk,0.47643476785111377,Orta Risk,0.06475339196418094,Düşük Risk
KARTAL,ATALAR,KARTAL|ATALAR,2022,0.15142319589620293,Düşük Risk,0.0496542057054576,Düşük Risk,0.13972520108330372,Düşük Risk,0.00035586319625564074,Düşük Risk,0.042544267354151476,Düşük Risk,0.0496542057054576,Düşük Risk,0.48022685378661206,Orta Risk,0.44476714560839875,Orta Risk,0.05487410839874018,Düşük Risk
KARTAL,CEVİZLİ,KARTAL|CEVİZLİ,2022,0.13219341185953792,Düşük Risk,0.04325509562918856,Düşük Risk,0.12370173594992305,Düşük Risk,0.004476428806093783,Düşük Risk,0.03762319506975691,Düşük Risk,0.04325509562918856,Düşük Risk,0.4813152583972233,Orta Risk,0.4367782178730457,Orta Risk,0.05029973665396955,Düşük Risk
KARTAL,CUMHURİYET,KARTAL|CUMHURİYET,2022,0.25956747010004966,Orta Risk,0.06993934183306832,Orta Risk,0.1852657575982284,Orta Risk,0.008823274755945102,Orta Risk,0.05561380668676313,Düşük Risk,0.06993934183306832,Düşük Risk,0.5586053374147386,Yüksek Risk,0.5294185119960998,Yüksek Risk,0.07619531728731646,Orta Risk
KARTAL,ESENTEPE,KARTAL|ESENTEPE,2022,0.16028786375531454,Düşük Risk,0.07671578581578475,Orta Risk,0.15942830555202367,Orta Risk,0.01134734826735499,Orta Risk,0.06485855345984176,Düşük Risk,0.07671578581578475,Düşük Risk,0.5514508671184141,Orta Risk,0.5203080298461279,Yüksek Risk,0.08392865775354615,Orta Risk
KARTAL,GÜMÜŞPINAR,KARTAL|GÜMÜŞPINAR,2022,0.18635034340663945,Düşük Risk,0.049918351961933186,Düşük Risk,0.15238775713480876,Orta Risk,0.0009423551030025699,Düşük Risk,0.04455823363854429,Düşük Risk,0.049918351961933186,Düşük Risk,0.5162904388801229,Yüksek Risk,0.4772921283635252,Orta Risk,0.056291950062487675,Düşük Risk
KARTAL,HÜRRİYET,KARTAL|HÜRRİYET,2022,0.5259911258386324,Yüksek Risk,0.12082351571442575,Yüksek Risk,0.2939457016561376,Yüksek Risk,0.0072528850002884756,Düşük Risk,0.10186569651622283,Orta Risk,0.12082351571442575,Orta Risk,0.5860433245987576,Yüksek Risk,0.5711974000610933,Yüksek Risk,0.12702983070159804,Orta Risk
KARTAL,KARLIKTEPE,KARTAL|KARLIKTEPE,2022,0.1969371140890142,Düşük Risk,0.054830758304056454,Düşük Risk,0.15079685594539657,Orta Risk,0.004826998120478643,Düşük Risk,0.04655923351968473,Düşük Risk,0.054830758304056454,Düşük Risk,0.49274664419826764,Orta Risk,0.46844862903469,Orta Risk,0.058569351804101555,Düşük Risk
KARTAL,KORDONBOYU,KARTAL|KORDONBOYU,2022,0.14902406020870157,Düşük Risk,0.0414841446481413,Düşük Risk,0.134863735901593,Düşük Risk,0.00019918688636630085,Düşük Risk,0.03412940715756233,Düşük Risk,0.0414841446481413,Düşük Risk,0.48057904887108743,Orta Risk,0.43010722159186104,Orta Risk,0.04852159144013897,Düşük Risk
KARTAL,ORHANTEPE,KARTAL|ORHANTEPE,2022,0.20353829454686925,Düşük Risk,0.0544200769596373,Düşük Risk,0.15271341720092554,Orta Risk,0.0005293462042002076,Düşük Risk,0.0466438645034306,Düşük Risk,0.0544200769596373,Düşük Risk,0.49296301330914793,Orta Risk,0.4611518323826846,Orta Risk,0.05947881801950247,Düşük Risk
KARTAL,ORTA,KARTAL|ORTA,2022,0.12362179186513811,Düşük Risk,0.035979337408424,Düşük Risk,0.12199015892100738,Düşük Risk,0.0008471230167408253,Düşük Risk,0.03138820951572346,Düşük Risk,0.035979337408424,Düşük Risk,0.4761034269178575,Orta Risk,0.42831306288831805,Orta Risk,0.04345655169825523,Düşük Risk
KARTAL,PETROL İŞ,KARTAL|PETROL İŞ,2022,0.12932664122457244,Düşük Risk,0.047907170378484944,Düşük Risk,0.1326584624796514,Düşük Risk,0.00036068055185260376,Düşük Risk,0.04160617980813802,Düşük Risk,0.047907170378484944,Düşük Risk,0.47341157019344815,Orta Risk,0.44068750126243283,Orta Risk,0.05204182600142704,Düşük Risk
KARTAL,SOĞANLIK YENİ,KARTAL|SOĞANLIK YENİ,2022,0.31500846951823397,Orta Risk,0.07531277955313946,Orta Risk,0.2010244321662367,Orta Risk,0.0006138483776649853,Düşük Risk,0.06354840526431554,Düşük Risk,0.07531277955313946,Düşük Risk,0.533261979086171,Yüksek Risk,0.508732902778597,Yüksek Risk,0.07971514472541508,Orta Risk
KARTAL,TOPSELVİ,KARTAL|TOPSELVİ,2022,0.0869312431207489,Düşük Risk,0.03480321085220645,Düşük Risk,0.11390173074859464,Düşük Risk,0.012314675526621086,Orta Risk,0.025946892552472945,Düşük Risk,0.03480321085220645,Düşük Risk,0.49366304628244206,Orta Risk,0.45549856397092325,Orta Risk,0.04085339173444476,Düşük Risk
KARTAL,UĞUR MUMCU,KARTAL|UĞUR MUMCU,2022,0.3338755520609127,Orta Risk,0.08462317013532775,Orta Risk,0.21892715937636878,Orta Risk,0.00044843906849464883,Düşük Risk,0.07136217043269384,Düşük Risk,0.08462317013532775,Düşük Risk,0.5473158704829163,Yüksek Risk,0.5284925831396312,Yüksek Risk,0.08837422253567781,Orta Risk
KARTAL,YAKACIK YENİ,KARTAL|YAKACIK YENİ,2022,0.1633573234660421,Düşük Risk,0.04573890834518665,Düşük Risk,0.1461489065253221,Orta Risk,0.0008339176429997709,Düşük Risk,0.04032898135139641,Düşük Risk,0.04573890834518665,Düşük Risk,0.516618786991476,Orta Risk,0.46667365191896726,Orta Risk,0.054306880778833944,Düşük Risk
KARTAL,YAKACIK ÇARŞI,KARTAL|YAKACIK ÇARŞI,2022,0.22711579281636274,Orta Risk,0.06333587033206418,Orta Risk,0.17560767749214118,Orta Risk,0.00633823265683727,Düşük Risk,0.0505395965636516,Düşük Risk,0.06333587033206418,Düşük Risk,0.5549851829225226,Yüksek Risk,0.5166384863749683,Yüksek Risk,0.07317696000101644,Orta Risk
KARTAL,YALI,KARTAL|YALI,2022,0.09160765965373172,Düşük Risk,0.02712567944214194,Düşük Risk,0.10100158001845072,Düşük Risk,0.0017894259873390405,Düşük Risk,0.0229016845871106,Düşük Risk,0.02712567944214194,Düşük Risk,0.42219614887459184,Orta Risk,0.37078103539126783,Orta Risk,0.032098514234037825,Düşük Risk
KARTAL,YUKARI,KARTAL|YUKARI,2022,0.04776217571487691,Düşük Risk,0.020971876618442197,Düşük Risk,0.08764689062261087,Düşük Risk,0.0003205018225149701,Düşük Risk,0.01742250108975211,Düşük Risk,0.020971876618442197,Düşük Risk,0.4014673385699729,Orta Risk,0.3535879341027181,Orta Risk,0.025473257022883278,Düşük Risk
KARTAL,YUNUS,KARTAL|YUNUS,2022,0.12627510050149707,Düşük Risk,0.04368185270356807,Düşük Risk,0.12819061098754492,Düşük Risk,0.007088779381250677,Düşük Risk,0.03215759471550836,Düşük Risk,0.04368185270356807,Düşük Risk,0.5099295521875717,Orta Risk,0.47405601697006705,Orta Risk,0.04934432118395217,Düşük Risk
KARTAL,ÇAVUŞOĞLU,KARTAL|ÇAVUŞOĞLU,2022,0.15038596195125592,Düşük Risk,0.05218774724791042,Düşük Risk,0.1414550778055256,Orta Risk,0.01019701500185199,Orta Risk,0.039491171334360746,Düşük Risk,0.05218774724791042,Düşük Risk,0.5116086708368115,Orta Risk,0.4899192815496292,Yüksek Risk,0.056549310231711544,Düşük Risk
KAĞITHANE,EMNİYET EVLERİ,KAĞITHANE|EMNİYET EVLERİ,2022,0.17639254888314784,Düşük Risk,0.048109783306376545,Düşük Risk,0.14982017397521155,Orta Risk,0.00022087453381798992,Düşük Risk,0.0427598176565503,Düşük Risk,0.048109783306376545,Düşük Risk,0.46607952836315036,Orta Risk,0.4456977604187723,Orta Risk,0.055935206019867595,Düşük Risk
KAĞITHANE,GÜLTEPE,KAĞITHANE|GÜLTEPE,2022,0.2896873641911002,Orta Risk,0.07296837830653173,Orta Risk,0.20424366446983508,Orta Risk,0.0005338236081717124,Düşük Risk,0.06809284670046598,Düşük Risk,0.07296837830653173,Düşük Risk,0.5353538396277391,Yüksek Risk,0.5001685829519262,Yüksek Risk,0.08344741167721648,Orta Risk
KAĞITHANE,GÜRSEL,KAĞITHANE|GÜRSEL,2022,0.45103217486549435,Orta Risk,0.10055641755499402,Orta Risk,0.25633061082010905,Yüksek Risk,0.00073833476316562,Düşük Risk,0.08856998963008819,Orta Risk,0.10055641755499402,Düşük Risk,0.562523808719597,Yüksek Risk,0.5366505618194269,Yüksek Risk,0.11163440648420439,Orta Risk
KAĞITHANE,HAMİDİYE,KAĞITHANE|HAMİDİYE,2022,0.3701358192806082,Orta Risk,0.0981579973889665,Orta Risk,0.2466667433408223,Orta Risk,0.0012425527221805997,Düşük Risk,0.0873627766039835,Orta Risk,0.0981579973889665,Düşük Risk,0.5846883935729014,Yüksek Risk,0.5536896132180151,Yüksek Risk,0.11102189668678664,Orta Risk
KAĞITHANE,HARMANTEPE,KAĞITHANE|HARMANTEPE,2022,0.31849644353537,Orta Risk,0.07623634184200685,Orta Risk,0.20706204562828695,Orta Risk,0.0005612677836805016,Düşük Risk,0.06993471771285459,Düşük Risk,0.07623634184200685,Düşük Risk,0.5403413294266157,Yüksek Risk,0.5016692855902146,Yüksek Risk,0.08762657227932079,Orta Risk
KAĞITHANE,HÜRRİYET,KAĞITHANE|HÜRRİYET,2022,0.3885081572919977,Orta Risk,0.0919465663071462,Orta Risk,0.2414205478844349,Orta Risk,0.0006658368522493795,Düşük Risk,0.08592171338496038,Orta Risk,0.0919465663071462,Düşük Risk,0.5545453384929717,Yüksek Risk,0.5295864598847668,Yüksek Risk,0.10125479907039181,Orta Risk
KAĞITHANE,MEHMET AKİF ERSOY,KAĞITHANE|MEHMET AKİF ERSOY,2022,0.2827908331557727,Orta Risk,0.06811406765335704,Orta Risk,0.1932918874636867,Orta Risk,0.0005757382676567082,Düşük Risk,0.06238907609194277,Düşük Risk,0.06811406765335704,Düşük Risk,0.53496564469156,Yüksek Risk,0.4910360180965468,Yüksek Risk,0.0817420488484741,Orta Risk
KAĞITHANE,SARIYER MERKEZ,KAĞITHANE|SARIYER MERKEZ,2022,0.5136988694770774,Yüksek Risk,0.13492398606433315,Yüksek Risk,0.3084015696793988,Yüksek Risk,0.0009103509762358046,Düşük Risk,0.11517981961242418,Orta Risk,0.13492398606433315,Düşük Risk,0.5962649854776505,Yüksek Risk,0.573450460950025,Yüksek Risk,0.14816787646594093,Yüksek Risk
KAĞITHANE,NURTEPE,KAĞITHANE|NURTEPE,2022,0.33981375325432395,Orta Risk,0.08105196709715139,Orta Risk,0.21362102453925846,Orta Risk,0.0005909600265730351,Düşük Risk,0.07097676487834748,Düşük Risk,0.08105196709715139,Düşük Risk,0.5446137253636226,Yüksek Risk,0.5142360884411716,Yüksek Risk,0.09842488985840625,Orta Risk
KAĞITHANE,ORTABAYIR,KAĞITHANE|ORTABAYIR,2022,0.34135742362703486,Orta Risk,0.08178427241947064,Orta Risk,0.22040462723966603,Orta Risk,0.000545933299184343,Düşük Risk,0.07392436940706881,Düşük Risk,0.08178427241947064,Düşük Risk,0.5395104543039375,Yüksek Risk,0.5145070070139677,Yüksek Risk,0.08929942800178792,Orta Risk
KAĞITHANE,SEYRANTEPE,KAĞITHANE|SEYRANTEPE,2022,0.32776319306261126,Orta Risk,0.07761045421591597,Orta Risk,0.20441219173114997,Orta Risk,0.0006668542230136343,Düşük Risk,0.06631999148137634,Düşük Risk,0.07761045421591597,Düşük Risk,0.5453307479778581,Yüksek Risk,0.5121783246966106,Yüksek Risk,0.0862215880729358,Orta Risk
KAĞITHANE,SULTAN SELİM,KAĞITHANE|SULTAN SELİM,2022,0.5019131748131753,Yüksek Risk,0.1131512085635106,Orta Risk,0.2869221330877251,Yüksek Risk,0.0005906710084478839,Düşük Risk,0.10629592085601738,Orta Risk,0.1131512085635106,Düşük Risk,0.5618213541530277,Yüksek Risk,0.5415178751058651,Yüksek Risk,0.12087145154401799,Orta Risk
KAĞITHANE,TALATPAŞA,KAĞITHANE|TALATPAŞA,2022,0.41990789862762357,Orta Risk,0.09411517502929316,Orta Risk,0.2407583950480382,Orta Risk,0.0006985273422727192,Düşük Risk,0.08279140363822193,Orta Risk,0.09411517502929316,Düşük Risk,0.5535269566289606,Yüksek Risk,0.5251064375661467,Yüksek Risk,0.10309132320618537,Orta Risk
KAĞITHANE,TELSİZLER,KAĞITHANE|TELSİZLER,2022,0.2052149039362572,Düşük Risk,0.056205710244234666,Düşük Risk,0.16480490202918166,Orta Risk,0.0005284842677640799,Düşük Risk,0.04905956455898404,Düşük Risk,0.056205710244234666,Düşük Risk,0.5157548084199827,Yüksek Risk,0.48106811913538894,Orta Risk,0.06492176571168759,Düşük Risk
KAĞITHANE,YAHYA KEMAL,KAĞITHANE|YAHYA KEMAL,2022,0.17044685141057686,Düşük Risk,0.046101609891180256,Düşük Risk,0.1398413570993499,Orta Risk,0.0010316305915887693,Düşük Risk,0.04129352440866607,Düşük Risk,0.046101609891180256,Düşük Risk,0.5049674088676299,Orta Risk,0.454092450529394,Orta Risk,0.05980490704573742,Düşük Risk
KAĞITHANE,YEŞİLCE,KAĞITHANE|YEŞİLCE,2022,0.21681763506448604,Düşük Risk,0.05589009534294928,Düşük Risk,0.1626772167678404,Orta Risk,0.0060921859941401755,Düşük Risk,0.04800301445642092,Düşük Risk,0.05589009534294928,Düşük Risk,0.5146904829805957,Orta Risk,0.4822042138279174,Orta Risk,0.06346545457185797,Düşük Risk
KAĞITHANE,ÇAĞLAYAN,KAĞITHANE|ÇAĞLAYAN,2022,0.3955395043624018,Orta Risk,0.08854449382569676,Orta Risk,0.22966406559728447,Orta Risk,0.0006241886360151037,Düşük Risk,0.08173108496116495,Orta Risk,0.08854449382569676,Düşük Risk,0.5385915728449278,Yüksek Risk,0.5052065398225772,Yüksek Risk,0.10019270897919476,Orta Risk
KAĞITHANE,ÇELİKTEPE,KAĞITHANE|ÇELİKTEPE,2022,0.4761645944852919,Yüksek Risk,0.10421901535805259,Orta Risk,0.2688531709652575,Yüksek Risk,0.0005759232057823302,Düşük Risk,0.10329700405378095,Orta Risk,0.10421901535805259,Düşük Risk,0.5322549052034948,Yüksek Risk,0.5090914746713188,Yüksek Risk,0.10996881307802284,Orta Risk
KAĞITHANE,ŞİRİNTEPE,KAĞITHANE|ŞİRİNTEPE,2022,0.28203501701936196,Orta Risk,0.06278354366999114,Orta Risk,0.17683726269516123,Orta Risk,0.00024270776803725044,Düşük Risk,0.05654419336700848,Düşük Risk,0.06278354366999114,Düşük Risk,0.49575695239723877,Orta Risk,0.4531746149103082,Orta Risk,0.07150598708469974,Orta Risk
KÜÇÜKÇEKMECE,ATAKENT,KÜÇÜKÇEKMECE|ATAKENT,2022,0.7748517346235988,Yüksek Risk,0.2273827920289906,Yüksek Risk,0.4505874543663469,Yüksek Risk,0.0006364689633796797,Düşük Risk,0.194031488407116,Orta Risk,0.2273827920289906,Orta Risk,0.6199966575535412,Yüksek Risk,0.6201498473736035,Yüksek Risk,0.23814117626535222,Yüksek Risk
KÜÇÜKÇEKMECE,ATATÜRK,KÜÇÜKÇEKMECE|ATATÜRK,2022,0.532765789095864,Yüksek Risk,0.11288961136684837,Orta Risk,0.2704622215389368,Yüksek Risk,0.00939979248841778,Orta Risk,0.10489729357902486,Orta Risk,0.11288961136684837,Düşük Risk,0.5545795110514751,Yüksek Risk,0.5236117995067304,Yüksek Risk,0.1291659001043155,Orta Risk
KÜÇÜKÇEKMECE,BEŞYOL,KÜÇÜKÇEKMECE|BEŞYOL,2022,0.19702479886703844,Düşük Risk,0.0677503166863121,Orta Risk,0.18258396348714223,Orta Risk,0.0007097130292973579,Düşük Risk,0.061675264879062316,Düşük Risk,0.0677503166863121,Düşük Risk,0.5356442307058187,Yüksek Risk,0.515597485856061,Yüksek Risk,0.0737134003061182,Orta Risk
KÜÇÜKÇEKMECE,CENNET,KÜÇÜKÇEKMECE|CENNET,2022,0.2826910446014588,Orta Risk,0.07319669096201792,Orta Risk,0.18026923528035316,Orta Risk,0.0006181436446014946,Düşük Risk,0.061292687108796165,Düşük Risk,0.07319669096201792,Düşük Risk,0.5288448009777547,Yüksek Risk,0.5004076880099242,Yüksek Risk,0.07942863434915856,Orta Risk
KÜÇÜKÇEKMECE,CUMHURİYET,KÜÇÜKÇEKMECE|CUMHURİYET,2022,0.5437747134311209,Yüksek Risk,0.12066121580170297,Orta Risk,0.2857122102529388,Yüksek Risk,0.0006213469495640927,Düşük Risk,0.11255720475762915,Orta Risk,0.12066121580170297,Düşük Risk,0.5508465922783267,Yüksek Risk,0.5332346101184366,Yüksek Risk,0.12875254135234282,Orta Risk
KÜÇÜKÇEKMECE,FATİH,KÜÇÜKÇEKMECE|FATİH,2022,0.18997286159717824,Düşük Risk,0.0466651043543568,Düşük Risk,0.13494733622149668,Düşük Risk,0.0005653460036853146,Düşük Risk,0.04044239853388328,Düşük Risk,0.0466651043543568,Düşük Risk,0.5039776513499084,Orta Risk,0.44756011428780273,Orta Risk,0.05982012038870902,Düşük Risk
KÜÇÜKÇEKMECE,FEVZİ ÇAKMAK,KÜÇÜKÇEKMECE|FEVZİ ÇAKMAK,2022,0.2543885783939188,Orta Risk,0.061171063083179086,Düşük Risk,0.16228886378332102,Orta Risk,0.005293589793159046,Düşük Risk,0.05263040757318655,Düşük Risk,0.061171063083179086,Düşük Risk,0.5134898094774482,Orta Risk,0.47270866144446566,Orta Risk,0.0723471255989137,Orta Risk
KÜÇÜKÇEKMECE,GÜLTEPE,KÜÇÜKÇEKMECE|GÜLTEPE,2022,0.22497094585173477,Orta Risk,0.06108439439186317,Düşük Risk,0.15741700446421011,Orta Risk,0.00046195421159150657,Düşük Risk,0.05082761490032834,Düşük Risk,0.06108439439186317,Düşük Risk,0.5158367277113295,Orta Risk,0.479128416376592,Orta Risk,0.06786358748142135,Düşük Risk
KÜÇÜKÇEKMECE,HALKALI MERKEZ,KÜÇÜKÇEKMECE|HALKALI MERKEZ,2022,0.7961164384364158,Yüksek Risk,0.17481166996051412,Yüksek Risk,0.3920079875584091,Yüksek Risk,0.00840964900587275,Orta Risk,0.1456859404501071,Orta Risk,0.17481166996051412,Orta Risk,0.6115956272018895,Yüksek Risk,0.5962832272506494,Yüksek Risk,0.1892657134388062,Yüksek Risk
KÜÇÜKÇEKMECE,KANARYA,KÜÇÜKÇEKMECE|KANARYA,2022,0.5585676936169697,Yüksek Risk,0.1163354213178051,Orta Risk,0.27338931536182526,Yüksek Risk,0.0006064432886887533,Düşük Risk,0.1091343736173138,Orta Risk,0.1163354213178051,Düşük Risk,0.5343154310424985,Yüksek Risk,0.5041546484651378,Yüksek Risk,0.1251189546979011,Orta Risk
KÜÇÜKÇEKMECE,KARTALTEPE,KÜÇÜKÇEKMECE|KARTALTEPE,2022,0.26631255572105156,Orta Risk,0.06550542778314183,Orta Risk,0.17797386016368985,Orta Risk,0.0005850734959551952,Düşük Risk,0.059939495722719435,Düşük Risk,0.06550542778314183,Düşük Risk,0.519438495404587,Yüksek Risk,0.484750543169242,Orta Risk,0.07372619439250841,Orta Risk
KÜÇÜKÇEKMECE,KEMALPAŞA,KÜÇÜKÇEKMECE|KEMALPAŞA,2022,0.13361094345222113,Düşük Risk,0.049063209876338415,Düşük Risk,0.1300580324070054,Düşük Risk,0.0004845582901062738,Düşük Risk,0.03889765253057223,Düşük Risk,0.049063209876338415,Düşük Risk,0.5084581787868334,Orta Risk,0.4698796667501539,Orta Risk,0.056420764362359044,Düşük Risk
KÜÇÜKÇEKMECE,MEHMET AKİF,KÜÇÜKÇEKMECE|MEHMET AKİF,2022,0.566368188846674,Yüksek Risk,0.11944525933704617,Orta Risk,0.28174055811397136,Yüksek Risk,0.008773169169514903,Orta Risk,0.11319246362950122,Orta Risk,0.11944525933704617,Düşük Risk,0.5397436791507808,Yüksek Risk,0.5182584293557011,Yüksek Risk,0.1337379630848814,Yüksek Risk
KÜÇÜKÇEKMECE,SULTAN MURAT,KÜÇÜKÇEKMECE|SULTAN MURAT,2022,0.16813820159851584,Düşük Risk,0.049117930389961914,Düşük Risk,0.13918688696737758,Düşük Risk,0.00044609440993005693,Düşük Risk,0.04002867563037941,Düşük Risk,0.049117930389961914,Düşük Risk,0.5104711167423631,Orta Risk,0.4623229180382007,Orta Risk,0.06015810966881637,Düşük Risk
KÜÇÜKÇEKMECE,SÖĞÜTLÜ ÇEŞME,KÜÇÜKÇEKMECE|SÖĞÜTLÜ ÇEŞME,2022,0.33052834342357373,Orta Risk,0.08037471906731534,Orta Risk,0.1948249673435914,Orta Risk,0.007289032583616064,Düşük Risk,0.07152001640366738,Düşük Risk,0.08037471906731534,Düşük Risk,0.5402618749023972,Yüksek Risk,0.5029771060182054,Yüksek Risk,0.0964526079729091,Orta Risk
KÜÇÜKÇEKMECE,TEVFİKBEY,KÜÇÜKÇEKMECE|TEVFİKBEY,2022,0.3949053435589064,Orta Risk,0.08946436761653853,Orta Risk,0.23288064514582574,Orta Risk,0.0125822728568148,Orta Risk,0.08622357949042575,Orta Risk,0.08946436761653853,Düşük Risk,0.5557631849805527,Yüksek Risk,0.5252049413829102,Yüksek Risk,0.0998393548203131,Orta Risk
KÜÇÜKÇEKMECE,YARIMBURGAZ,KÜÇÜKÇEKMECE|YARIMBURGAZ,2022,0.17530997186855918,Düşük Risk,0.04738377877928896,Düşük Risk,0.1292821314948243,Düşük Risk,0.007469132559354632,Orta Risk,0.044580649754272325,Düşük Risk,0.04738377877928896,Düşük Risk,0.48914201005287183,Orta Risk,0.4355615464550914,Orta Risk,0.06119753206784359,Düşük Risk
KÜÇÜKÇEKMECE,SEYMEN MAHALLE,KÜÇÜKÇEKMECE|SEYMEN MAHALLE,2022,0.18284268105916504,Düşük Risk,0.046229985202377706,Düşük Risk,0.1281966011651576,Düşük Risk,0.000519905077497787,Düşük Risk,0.04015905693812711,Düşük Risk,0.046229985202377706,Düşük Risk,0.4879736716020938,Orta Risk,0.44052514298639023,Orta Risk,0.055363995748243855,Düşük Risk
KÜÇÜKÇEKMECE,YEŞİLOVA,KÜÇÜKÇEKMECE|YEŞİLOVA,2022,0.26666733528349396,Orta Risk,0.06282227046743107,Orta Risk,0.16424747097922063,Orta Risk,0.00046771972582135946,Düşük Risk,0.0554977879209857,Düşük Risk,0.06282227046743107,Düşük Risk,0.49772206512683825,Orta Risk,0.46048390430545966,Orta Risk,0.06971611822533005,Orta Risk
KÜÇÜKÇEKMECE,İNÖNÜ,KÜÇÜKÇEKMECE|İNÖNÜ,2022,0.6446336285708852,Yüksek Risk,0.14007734963048118,Yüksek Risk,0.31874530772460163,Yüksek Risk,0.007764177170540369,Orta Risk,0.1213656145532075,Orta Risk,0.14007734963048118,Düşük Risk,0.5783272944209658,Yüksek Risk,0.5624030531848976,Yüksek Risk,0.15251461337614983,Yüksek Risk
KÜÇÜKÇEKMECE,İSTASYON,KÜÇÜKÇEKMECE|İSTASYON,2022,0.482378034385639,Yüksek Risk,0.10981807537180185,Orta Risk,0.26424779963846035,Yüksek Risk,0.007288124257424282,Düşük Risk,0.09750853540902593,Orta Risk,0.10981807537180185,Düşük Risk,0.5729801019390552,Yüksek Risk,0.5480361648076366,Yüksek Risk,0.1244868688460605,Orta Risk
MALTEPE,ALTAYÇEŞME,MALTEPE|ALTAYÇEŞME,2022,0.22625855161735728,Orta Risk,0.06542731112815202,Orta Risk,0.17253742837764643,Orta Risk,0.00045753114869002867,Düşük Risk,0.05220897993017674,Düşük Risk,0.06542731112815202,Düşük Risk,0.5419054619603921,Yüksek Risk,0.5051951161372805,Yüksek Risk,0.07414469946956727,Orta Risk
MALTEPE,ALTINTEPE,MALTEPE|ALTINTEPE,2022,0.2357909867999157,Orta Risk,0.05900894638798809,Düşük Risk,0.16222525432622362,Orta Risk,0.0005405343175820943,Düşük Risk,0.04980011718647195,Düşük Risk,0.05900894638798809,Düşük Risk,0.5189951107594797,Yüksek Risk,0.477069474033384,Orta Risk,0.07237587777749607,Orta Risk
MALTEPE,AYDINEVLER,MALTEPE|AYDINEVLER,2022,0.16533335947301347,Düşük Risk,0.04609874654290875,Düşük Risk,0.1346613961315649,Düşük Risk,0.0061801987748782445,Düşük Risk,0.03629096584632803,Düşük Risk,0.04609874654290875,Düşük Risk,0.5186533786270382,Orta Risk,0.4647439666414037,Orta Risk,0.05869680191841557,Düşük Risk
MALTEPE,BAĞLARBAŞI,MALTEPE|BAĞLARBAŞI,2022,0.5860054439385847,Yüksek Risk,0.13296096566995985,Yüksek Risk,0.3268014279238285,Yüksek Risk,0.010545615119804636,Orta Risk,0.11745149213924207,Orta Risk,0.13296096566995985,Orta Risk,0.5987577193246976,Yüksek Risk,0.5911800799599285,Yüksek Risk,0.13826761978366137,Yüksek Risk
MALTEPE,BAŞIBÜYÜK,MALTEPE|BAŞIBÜYÜK,2022,0.34725292672341673,Orta Risk,0.0868992205705158,Orta Risk,0.224071759608022,Orta Risk,0.0007195898289669026,Düşük Risk,0.07385424149394619,Düşük Risk,0.0868992205705158,Düşük Risk,0.5645944366094396,Yüksek Risk,0.5310803431332998,Yüksek Risk,0.09939799458740903,Orta Risk
MALTEPE,BÜYÜKBAKKALKÖY,MALTEPE|BÜYÜKBAKKALKÖY,2022,0.06535381760502217,Düşük Risk,0.03557843030633984,Düşük Risk,0.10878708173847745,Düşük Risk,0.0033341086969851394,Düşük Risk,0.02898327435216561,Düşük Risk,0.03557843030633984,Düşük Risk,0.5057547569638162,Orta Risk,0.4281296428234214,Orta Risk,0.05270258117082277,Düşük Risk
MALTEPE,CEVİZLİ,MALTEPE|CEVİZLİ,2022,0.3463702343036773,Orta Risk,0.09598212975808498,Orta Risk,0.2256030071954089,Orta Risk,0.011547304151066147,Orta Risk,0.07494213884921604,Düşük Risk,0.09598212975808498,Düşük Risk,0.5989519497138918,Yüksek Risk,0.5731717548551873,Yüksek Risk,0.10498588296607844,Orta Risk
MALTEPE,ESENKENT,MALTEPE|ESENKENT,2022,0.2682179066041334,Orta Risk,0.06551607827165604,Orta Risk,0.18127639365727957,Orta Risk,0.0006310308887722865,Düşük Risk,0.05663184838172304,Düşük Risk,0.06551607827165604,Düşük Risk,0.5322460965444087,Yüksek Risk,0.4995422021722648,Yüksek Risk,0.07304382885489466,Orta Risk
MALTEPE,FEYZULLAH,MALTEPE|FEYZULLAH,2022,0.21637843858582484,Düşük Risk,0.06351448520028685,Orta Risk,0.17221428751751566,Orta Risk,0.0004916277928141374,Düşük Risk,0.052933358992517957,Düşük Risk,0.06351448520028685,Düşük Risk,0.5410630075009702,Yüksek Risk,0.508151338121024,Yüksek Risk,0.07025230875614467,Orta Risk
MALTEPE,FINDIKLI,MALTEPE|FINDIKLI,2022,0.5634341939254248,Yüksek Risk,0.12127980250140613,Yüksek Risk,0.30188248222371306,Yüksek Risk,0.0006272703292617638,Düşük Risk,0.1131083497437455,Orta Risk,0.12127980250140613,Düşük Risk,0.553414069602225,Yüksek Risk,0.5345326383854452,Yüksek Risk,0.13694684493500303,Yüksek Risk
MALTEPE,GÜLENSU,MALTEPE|GÜLENSU,2022,0.26994799489687565,Orta Risk,0.06278746836242716,Orta Risk,0.17763421356384312,Orta Risk,0.0007094614624248999,Düşük Risk,0.05776855637667445,Düşük Risk,0.06278746836242716,Düşük Risk,0.5174730853933004,Yüksek Risk,0.4817440391195609,Orta Risk,0.07155237479615106,Orta Risk
MALTEPE,GÜLSUYU,MALTEPE|GÜLSUYU,2022,0.18495283166500975,Düşük Risk,0.046712801964645445,Düşük Risk,0.14069389526370524,Orta Risk,0.0005850605352962663,Düşük Risk,0.04129210029105394,Düşük Risk,0.046712801964645445,Düşük Risk,0.49335902458312114,Orta Risk,0.4476709478393269,Orta Risk,0.058714311727948346,Düşük Risk
MALTEPE,GİRNE,MALTEPE|GİRNE,2022,0.11498778992921091,Düşük Risk,0.04062870781768814,Düşük Risk,0.12218554134650086,Düşük Risk,0.00038160196503839037,Düşük Risk,0.03241950959361469,Düşük Risk,0.04062870781768814,Düşük Risk,0.4881151840603558,Orta Risk,0.4376873569507298,Orta Risk,0.05166447670208785,Düşük Risk
MALTEPE,KÜÇÜKYALI MERKEZ,MALTEPE|KÜÇÜKYALI MERKEZ,2022,0.19886991466210385,Düşük Risk,0.053822749049571746,Düşük Risk,0.15037618710192707,Orta Risk,0.0005016199644824464,Düşük Risk,0.043730986070455904,Düşük Risk,0.053822749049571746,Düşük Risk,0.5044629117803591,Orta Risk,0.47290454358490164,Orta Risk,0.06028501924982965,Düşük Risk
MALTEPE,YALI,MALTEPE|YALI,2022,0.14552904727612154,Düşük Risk,0.05607996625345069,Düşük Risk,0.14452323832269398,Orta Risk,0.01853013431687347,Orta Risk,0.04881940215794465,Düşük Risk,0.05607996625345069,Düşük Risk,0.5289802959497295,Yüksek Risk,0.48473906254355764,Orta Risk,0.06468336252731463,Düşük Risk
MALTEPE,ZÜMRÜTEVLER,MALTEPE|ZÜMRÜTEVLER,2022,0.6619936250923529,Yüksek Risk,0.1443350074489331,Yüksek Risk,0.3330175934117169,Yüksek Risk,0.006985536529552534,Düşük Risk,0.12528604424001574,Orta Risk,0.1443350074489331,Orta Risk,0.5897112576286014,Yüksek Risk,0.5720334321448772,Yüksek Risk,0.15161973827822764,Yüksek Risk
MALTEPE,ÇINAR,MALTEPE|ÇINAR,2022,0.28713371831793727,Orta Risk,0.06582042491797,Orta Risk,0.18688450948367336,Orta Risk,0.00023708089908837027,Düşük Risk,0.05918632191445379,Düşük Risk,0.06582042491797,Düşük Risk,0.5018096012334138,Yüksek Risk,0.4706883108670953,Orta Risk,0.07092875212954686,Orta Risk
MALTEPE,İDEALTEPE,MALTEPE|İDEALTEPE,2022,0.26064346076619743,Orta Risk,0.06861655300319963,Orta Risk,0.19298385784134936,Orta Risk,0.001038839743685932,Düşük Risk,0.06178960336170214,Düşük Risk,0.06861655300319963,Düşük Risk,0.5426641351427439,Yüksek Risk,0.5176367107764362,Yüksek Risk,0.07329191645577457,Orta Risk
PENDİK,AHMET YESEVİ,PENDİK|AHMET YESEVİ,2022,0.33236075331916787,Orta Risk,0.07762341717016477,Orta Risk,0.19776282833265268,Orta Risk,0.0005950755860177861,Düşük Risk,0.07144239921011047,Düşük Risk,0.07762341717016477,Düşük Risk,0.5184257534613591,Yüksek Risk,0.4865635489579311,Orta Risk,0.0877639987793935,Orta Risk
PENDİK,BAHÇELİEVLER,PENDİK|BAHÇELİEVLER,2022,0.12655511650622692,Düşük Risk,0.04806585998006054,Düşük Risk,0.12199849457502801,Düşük Risk,0.00925127369379112,Orta Risk,0.039332773288933844,Düşük Risk,0.04806585998006054,Düşük Risk,0.5209495274333524,Orta Risk,0.47597746519815365,Orta Risk,0.05848617051070546,Düşük Risk
PENDİK,BALLICA,PENDİK|BALLICA,2022,0.03365330040807818,Düşük Risk,0.014026809741448801,Düşük Risk,0.06723635697170037,Düşük Risk,4.060973542263342e-05,Düşük Risk,0.01340263660723317,Düşük Risk,0.014026809741448801,Düşük Risk,0.347821591899735,Düşük Risk,0.25162261108256984,Düşük Risk,0.020382920251239955,Düşük Risk
PENDİK,BATI,PENDİK|BATI,2022,0.15173276706912758,Düşük Risk,0.04373906190143145,Düşük Risk,0.12494980582125384,Düşük Risk,0.0005682768603450609,Düşük Risk,0.035233002052955056,Düşük Risk,0.04373906190143145,Düşük Risk,0.48320016115503217,Orta Risk,0.4489781358781068,Orta Risk,0.04890381805074602,Düşük Risk
PENDİK,DOĞU,PENDİK|DOĞU,2022,0.26344305513082245,Orta Risk,0.06888774747673408,Orta Risk,0.17949381878721146,Orta Risk,0.0006720901099590016,Düşük Risk,0.05721336283994907,Düşük Risk,0.06888774747673408,Düşük Risk,0.5477468152987047,Yüksek Risk,0.5104893879436304,Yüksek Risk,0.0786242874084225,Orta Risk
PENDİK,DUMLUPINAR,PENDİK|DUMLUPINAR,2022,0.366395817878737,Orta Risk,0.08201313087708877,Orta Risk,0.2118846134596804,Orta Risk,0.006408244762327302,Düşük Risk,0.07408695160711236,Düşük Risk,0.08201313087708877,Düşük Risk,0.5384623273539949,Yüksek Risk,0.5013338397465821,Yüksek Risk,0.09348821072126241,Orta Risk
PENDİK,EMİRLİ,PENDİK|EMİRLİ,2022,0.03102604438129932,Düşük Risk,0.02755990053208713,Düşük Risk,0.10080120635107098,Düşük Risk,0.0001129823626917615,Düşük Risk,0.03395265874638005,Düşük Risk,0.02755990053208713,Düşük Risk,0.36750864760986435,Düşük Risk,0.33976373447671915,Orta Risk,0.02878125722311357,Düşük Risk
PENDİK,ERTUĞRUL GAZİ,PENDİK|ERTUĞRUL GAZİ,2022,0.20386779642008293,Düşük Risk,0.049889426955988414,Düşük Risk,0.1418685482856924,Orta Risk,0.0006283532987780312,Düşük Risk,0.04378446589291433,Düşük Risk,0.049889426955988414,Düşük Risk,0.5005197345665829,Orta Risk,0.45438542425892176,Orta Risk,0.05843474065378523,Düşük Risk
PENDİK,ESENLER,PENDİK|ESENLER,2022,0.3191095362508146,Orta Risk,0.08555143898207333,Orta Risk,0.19732841377015908,Orta Risk,0.012547666267721812,Orta Risk,0.06730313602460762,Düşük Risk,0.08555143898207333,Düşük Risk,0.5768905744081523,Yüksek Risk,0.5475499004886487,Yüksek Risk,0.09802285674656866,Orta Risk
PENDİK,ESENYALI,PENDİK|ESENYALI,2022,0.3859263640574254,Orta Risk,0.09251534188987598,Orta Risk,0.2366724256350518,Orta Risk,0.0007831673084270345,Düşük Risk,0.09207948142243547,Orta Risk,0.09251534188987598,Düşük Risk,0.5430746739095496,Yüksek Risk,0.5203086393379384,Yüksek Risk,0.10138756268806132,Orta Risk
PENDİK,FATİH,PENDİK|FATİH,2022,0.31751947320617585,Orta Risk,0.07422353610194571,Orta Risk,0.19476316450952613,Orta Risk,0.000631468250826512,Düşük Risk,0.06773993712636102,Düşük Risk,0.07422353610194571,Düşük Risk,0.5257019700081926,Yüksek Risk,0.4926040803460958,Yüksek Risk,0.08307378873086291,Orta Risk
PENDİK,FEVZİ ÇAKMAK,PENDİK|FEVZİ ÇAKMAK,2022,0.419313475296453,Orta Risk,0.09793612609857455,Orta Risk,0.23817876376442654,Orta Risk,0.0006533045549900477,Düşük Risk,0.08285932936579767,Orta Risk,0.09793612609857455,Düşük Risk,0.5616042521964808,Yüksek Risk,0.5343656339750045,Yüksek Risk,0.10838241486481576,Orta Risk
PENDİK,GÖÇBEYLİ,PENDİK|GÖÇBEYLİ,2022,0.11968858796449713,Düşük Risk,0.042694787368443204,Düşük Risk,0.11908431744565279,Düşük Risk,0.013620480837107185,Orta Risk,0.03419141483737008,Düşük Risk,0.042694787368443204,Düşük Risk,0.5027412431646457,Orta Risk,0.4752187987539668,Orta Risk,0.04667636425922625,Düşük Risk
PENDİK,GÜLLÜ BAĞLAR,PENDİK|GÜLLÜ BAĞLAR,2022,0.27022211911636634,Orta Risk,0.07255104064448878,Orta Risk,0.18894078689260752,Orta Risk,0.00658712913881283,Düşük Risk,0.061640853631086845,Düşük Risk,0.07255104064448878,Düşük Risk,0.5545744745062381,Yüksek Risk,0.5233717927059851,Yüksek Risk,0.0832416984980466,Orta Risk
PENDİK,GÜZELYALI,PENDİK|GÜZELYALI,2022,0.30276294381876245,Orta Risk,0.07387537880500329,Orta Risk,0.18203509849048505,Orta Risk,0.009190039919472379,Orta Risk,0.06698334906498714,Düşük Risk,0.07387537880500329,Düşük Risk,0.5196107109654569,Orta Risk,0.48357628543216735,Orta Risk,0.0868582582898815,Orta Risk
PENDİK,HARMANDERE,PENDİK|HARMANDERE,2022,0.14071797702692698,Düşük Risk,0.048360918466849784,Düşük Risk,0.1336418784901521,Düşük Risk,0.007381616862510935,Orta Risk,0.036514842428312835,Düşük Risk,0.048360918466849784,Düşük Risk,0.5113927224547755,Orta Risk,0.49197053703418275,Yüksek Risk,0.05167410973382009,Düşük Risk
PENDİK,KAVAKPINAR,PENDİK|KAVAKPINAR,2022,0.5333793407946129,Yüksek Risk,0.12409688914579464,Yüksek Risk,0.27453063821113144,Yüksek Risk,0.013097278106418303,Orta Risk,0.10915420211006144,Orta Risk,0.12409688914579464,Düşük Risk,0.5740745417960745,Yüksek Risk,0.5562520038925985,Yüksek Risk,0.1310252374361091,Yüksek Risk
PENDİK,KAYNARCA,PENDİK|KAYNARCA,2022,0.5237205341911886,Yüksek Risk,0.12245891595379169,Yüksek Risk,0.28334696501937645,Yüksek Risk,0.008600293505834874,Orta Risk,0.10492127076866374,Orta Risk,0.12245891595379169,Düşük Risk,0.5859531432460452,Yüksek Risk,0.5697930886598345,Yüksek Risk,0.13112172366780045,Yüksek Risk
PENDİK,KURNA,PENDİK|KURNA,2022,0.04067971867935093,Düşük Risk,0.021200020362178596,Düşük Risk,0.07722578500784001,Düşük Risk,0.0032165428550664666,Düşük Risk,0.01750220298700336,Düşük Risk,0.021200020362178596,Düşük Risk,0.42973115461272526,Orta Risk,0.35731939274889407,Orta Risk,0.030237967569945935,Düşük Risk
PENDİK,KURTDOĞMUŞ,PENDİK|KURTDOĞMUŞ,2022,0.035575323639757676,Düşük Risk,0.01832995487112816,Düşük Risk,0.07632826033979942,Düşük Risk,0.00012001906755287149,Düşük Risk,0.015790062529045124,Düşük Risk,0.01832995487112816,Düşük Risk,0.39507726111252217,Orta Risk,0.32439340881216977,Düşük Risk,0.02455976485218846,Düşük Risk
PENDİK,KURTKÖY,PENDİK|KURTKÖY,2022,0.4213867682724054,Orta Risk,0.10425237959690431,Orta Risk,0.24395611742649675,Orta Risk,0.010745940277522018,Orta Risk,0.08558311448110119,Orta Risk,0.10425237959690431,Düşük Risk,0.5822882600378204,Yüksek Risk,0.5660035678475672,Yüksek Risk,0.10965843113042845,Orta Risk
PENDİK,ORHANGAZİ,PENDİK|ORHANGAZİ,2022,0.31288688328253744,Orta Risk,0.07582366285782459,Orta Risk,0.19153058147163415,Orta Risk,0.0006315885220927195,Düşük Risk,0.06495163391419269,Düşük Risk,0.07582366285782459,Düşük Risk,0.5359364987473415,Yüksek Risk,0.5011168185476444,Yüksek Risk,0.08660371744765069,Orta Risk
PENDİK,ORTA,PENDİK|ORTA,2022,0.20713044819910537,Düşük Risk,0.052129687211207185,Düşük Risk,0.14334145963016592,Orta Risk,0.000960037006525974,Düşük Risk,0.05898960877588203,Düşük Risk,0.052129687211207185,Düşük Risk,0.48155320487816206,Orta Risk,0.43712725863779794,Orta Risk,0.060046359385991684,Düşük Risk
PENDİK,RAMAZANOĞLU,PENDİK|RAMAZANOĞLU,2022,0.16188214635005613,Düşük Risk,0.056062284922078584,Düşük Risk,0.13591645049900378,Düşük Risk,0.019045985727745532,Orta Risk,0.051779845233594815,Düşük Risk,0.056062284922078584,Düşük Risk,0.5379347675400795,Yüksek Risk,0.49766270388898964,Yüksek Risk,0.06491795197481802,Düşük Risk
PENDİK,SANAYİ,PENDİK|SANAYİ,2022,0.1471254912247018,Düşük Risk,0.05317858308632709,Düşük Risk,0.13061361315125425,Düşük Risk,0.014805925636832435,Orta Risk,0.051669304215208406,Düşük Risk,0.05317858308632709,Düşük Risk,0.5454542036519873,Yüksek Risk,0.48434631523797095,Orta Risk,0.06614546270868057,Düşük Risk
PENDİK,SAPAN BAĞLARI,PENDİK|SAPAN BAĞLARI,2022,0.09045184095002266,Düşük Risk,0.028943642746224203,Düşük Risk,0.09411594072543103,Düşük Risk,0.0003936900320182199,Düşük Risk,0.022702357652066338,Düşük Risk,0.028943642746224203,Düşük Risk,0.44866295239840026,Orta Risk,0.3980372469045252,Orta Risk,0.034657381303736676,Düşük Risk
PENDİK,SÜLÜNTEPE,PENDİK|SÜLÜNTEPE,2022,0.21993573968337685,Düşük Risk,0.05239252448120075,Düşük Risk,0.14132613236449096,Orta Risk,0.0005460322725766283,Düşük Risk,0.049680814143180575,Düşük Risk,0.05239252448120075,Düşük Risk,0.48288701544363627,Orta Risk,0.43878583542399696,Orta Risk,0.06019307543718657,Düşük Risk
PENDİK,VELİBABA,PENDİK|VELİBABA,2022,0.5473543052740416,Yüksek Risk,0.12882869009144327,Yüksek Risk,0.31097928337056,Yüksek Risk,0.026485341457979917,Orta Risk,0.11966098690285391,Orta Risk,0.12882869009144327,Orta Risk,0.6112749320037755,Yüksek Risk,0.5929772191791998,Yüksek Risk,0.1375560245942622,Yüksek Risk
PENDİK,YAYALAR,PENDİK|YAYALAR,2022,0.24963523001653692,Orta Risk,0.06207415555190837,Orta Risk,0.17008726263565416,Orta Risk,0.006483887311875142,Düşük Risk,0.05474037270351418,Düşük Risk,0.06207415555190837,Düşük Risk,0.5369018616465124,Yüksek Risk,0.4972488805586917,Yüksek Risk,0.07146823502870582,Orta Risk
PENDİK,SEYMEN,PENDİK|SEYMEN,2022,0.11920777856627982,Düşük Risk,0.034431051243713096,Düşük Risk,0.10514580355775698,Düşük Risk,0.0004290085989147739,Düşük Risk,0.02769152165915411,Düşük Risk,0.034431051243713096,Düşük Risk,0.4604921491359649,Orta Risk,0.4141160266234391,Orta Risk,0.04059794787248428,Düşük Risk
PENDİK,ESENŞEHİR,PENDİK|ESENŞEHİR,2022,0.4190557460265254,Orta Risk,0.11939480001111388,Orta Risk,0.2586799063017093,Yüksek Risk,0.0005349858501227285,Düşük Risk,0.10210829314031489,Orta Risk,0.11939480001111388,Düşük Risk,0.574463219048524,Yüksek Risk,0.555720068041392,Yüksek Risk,0.12420998647002408,Orta Risk
PENDİK,YEŞİLBAĞLAR,PENDİK|YEŞİLBAĞLAR,2022,0.09155551794095089,Düşük Risk,0.0304470373523021,Düşük Risk,0.09806291204516931,Düşük Risk,0.006371900527875266,Düşük Risk,0.022669748450067553,Düşük Risk,0.0304470373523021,Düşük Risk,0.47088915439182777,Orta Risk,0.4198368485734735,Orta Risk,0.03871056482721662,Düşük Risk
PENDİK,ÇAMLIK,PENDİK|ÇAMLIK,2022,0.15547325308168938,Düşük Risk,0.05653500259579106,Düşük Risk,0.14260229902132446,Orta Risk,0.004918274346496929,Düşük Risk,0.04654353255161354,Düşük Risk,0.05653500259579106,Düşük Risk,0.5325478692970748,Yüksek Risk,0.4909905024365496,Yüksek Risk,0.06603075128330788,Düşük Risk
PENDİK,ÇAMÇEŞME,PENDİK|ÇAMÇEŞME,2022,0.3713335205965822,Orta Risk,0.09209394428244029,Orta Risk,0.22122740441929906,Orta Risk,0.010921301086334963,Orta Risk,0.0812198358397434,Orta Risk,0.09209394428244029,Düşük Risk,0.5621977114109957,Yüksek Risk,0.5370296579995375,Yüksek Risk,0.1041409296194793,Orta Risk
PENDİK,ÇINARDERE,PENDİK|ÇINARDERE,2022,0.4321733210520386,Orta Risk,0.1036315272582958,Orta Risk,0.25782448536902125,Yüksek Risk,0.007886314004540653,Orta Risk,0.09463518126712973,Orta Risk,0.1036315272582958,Orta Risk,0.5853022454723433,Yüksek Risk,0.5593872927774858,Yüksek Risk,0.11362638131051367,Orta Risk
PENDİK,ŞEYHLİ,PENDİK|ŞEYHLİ,2022,0.35836897358838715,Orta Risk,0.08584078707740025,Orta Risk,0.2211095313605756,Orta Risk,0.0006595288482762734,Düşük Risk,0.07651344776504256,Düşük Risk,0.08584078707740025,Düşük Risk,0.5564542198602592,Yüksek Risk,0.5302150032943377,Yüksek Risk,0.09255944635188768,Orta Risk
SANCAKTEPE,ABDURRAHMANGAZİ,SANCAKTEPE|ABDURRAHMANGAZİ,2022,0.45396945133421474,Orta Risk,0.12876328686975233,Yüksek Risk,0.2717540285571317,Yüksek Risk,0.01518508307545535,Orta Risk,0.10912078406310852,Orta Risk,0.12876328686975233,Düşük Risk,0.6018934791073569,Yüksek Risk,0.5905952351796109,Yüksek Risk,0.13446076879059424,Yüksek Risk
SANCAKTEPE,AKPINAR,SANCAKTEPE|AKPINAR,2022,0.1347366410147957,Düşük Risk,0.03297683633760373,Düşük Risk,0.0975357020374513,Düşük Risk,0.0015786699434178,Düşük Risk,0.03267385485742608,Düşük Risk,0.03297683633760373,Düşük Risk,0.39691181314398877,Düşük Risk,0.33206845534147283,Düşük Risk,0.040657571029277376,Düşük Risk
SANCAKTEPE,ATATÜRK,SANCAKTEPE|ATATÜRK,2022,0.18298145500307966,Düşük Risk,0.047549053918135416,Düşük Risk,0.12288143556081016,Düşük Risk,0.004445779149093709,Düşük Risk,0.044092326254062265,Düşük Risk,0.047549053918135416,Düşük Risk,0.4469472496736423,Orta Risk,0.39938990295071597,Orta Risk,0.05429359666730965,Düşük Risk
SANCAKTEPE,EMEK,SANCAKTEPE|EMEK,2022,0.22619387747520062,Orta Risk,0.07086929114544517,Orta Risk,0.1738279272354789,Orta Risk,0.00863265891756809,Orta Risk,0.06268657386273253,Düşük Risk,0.07086929114544517,Düşük Risk,0.5183513393847239,Orta Risk,0.503997847478141,Yüksek Risk,0.07571883322882635,Orta Risk
SANCAKTEPE,EYÜP SULTAN,SANCAKTEPE|EYÜP SULTAN,2022,0.2579818193216249,Orta Risk,0.08080244760000037,Orta Risk,0.17666019276237804,Orta Risk,0.014583061604742835,Orta Risk,0.06339672034811472,Düşük Risk,0.08080244760000037,Düşük Risk,0.5755513397853428,Yüksek Risk,0.5419429164993248,Yüksek Risk,0.09034120285828667,Orta Risk
SANCAKTEPE,FATİH,SANCAKTEPE|FATİH,2022,0.19825433483016516,Düşük Risk,0.06669297405748262,Orta Risk,0.16075501775401463,Orta Risk,0.015495461333335995,Orta Risk,0.0652813568701357,Düşük Risk,0.06669297405748262,Düşük Risk,0.4768671913778553,Orta Risk,0.4569587985375022,Orta Risk,0.07152764506986847,Orta Risk
SANCAKTEPE,HİLAL,SANCAKTEPE|HİLAL,2022,0.0652733092744665,Düşük Risk,0.024199175915028678,Düşük Risk,0.07699246785030489,Düşük Risk,0.006823928648658379,Düşük Risk,0.018589841045470467,Düşük Risk,0.024199175915028678,Düşük Risk,0.43201515528250717,Orta Risk,0.3817686990177893,Orta Risk,0.030552092102358677,Düşük Risk
SANCAKTEPE,KEMAL TÜRKLER,SANCAKTEPE|KEMAL TÜRKLER,2022,0.14232026843844386,Düşük Risk,0.03961236785102362,Düşük Risk,0.10935781471551237,Düşük Risk,0.00537116507290868,Düşük Risk,0.03321876746587441,Düşük Risk,0.03961236785102362,Düşük Risk,0.46293369447704535,Orta Risk,0.4154976288435643,Orta Risk,0.047175726409374064,Düşük Risk
SANCAKTEPE,MECLİS,SANCAKTEPE|MECLİS,2022,0.2617821918466152,Orta Risk,0.08110156678883344,Orta Risk,0.1945239018326989,Orta Risk,0.00813331513693155,Orta Risk,0.0691500779299657,Düşük Risk,0.08110156678883344,Düşük Risk,0.5586713467708696,Yüksek Risk,0.5363714987320745,Yüksek Risk,0.08710685638571943,Orta Risk
SANCAKTEPE,MERVE,SANCAKTEPE|MERVE,2022,0.270945700848516,Orta Risk,0.1021466637080864,Orta Risk,0.1958552046821719,Orta Risk,0.016166914604508427,Orta Risk,0.09295681204447558,Orta Risk,0.1021466637080864,Düşük Risk,0.5712857218037819,Yüksek Risk,0.5493729656946218,Yüksek Risk,0.10923731886103293,Orta Risk
SANCAKTEPE,MEVLANA,SANCAKTEPE|MEVLANA,2022,0.26219213199937097,Orta Risk,0.06223462951158944,Orta Risk,0.16691252538737383,Orta Risk,0.0004947538560333431,Düşük Risk,0.054848632268219316,Düşük Risk,0.06223462951158944,Düşük Risk,0.5013637265361982,Yüksek Risk,0.46828068478907653,Orta Risk,0.06674676535716825,Düşük Risk
SANCAKTEPE,OSMANGAZİ,SANCAKTEPE|OSMANGAZİ,2022,0.5112464458477285,Yüksek Risk,0.12213483570533828,Yüksek Risk,0.27696045020029725,Yüksek Risk,0.011413820786250044,Orta Risk,0.11087770963625218,Orta Risk,0.12213483570533828,Düşük Risk,0.573330523324693,Yüksek Risk,0.5594881256681372,Yüksek Risk,0.12709685456137376,Orta Risk
SANCAKTEPE,PAŞAKÖY,SANCAKTEPE|PAŞAKÖY,2022,0.11844887756418668,Düşük Risk,0.058036866973488255,Düşük Risk,0.13463191893653156,Düşük Risk,0.007360108890340107,Orta Risk,0.05203223615964915,Düşük Risk,0.058036866973488255,Düşük Risk,0.50193649962323,Orta Risk,0.4767400114894635,Orta Risk,0.06267740452926954,Düşük Risk
SANCAKTEPE,SAFA,SANCAKTEPE|SAFA,2022,0.2898944776487815,Orta Risk,0.08098088296631788,Orta Risk,0.19934334225524347,Orta Risk,0.00886450981724202,Orta Risk,0.07232472056526036,Düşük Risk,0.08098088296631788,Düşük Risk,0.5393004043444445,Yüksek Risk,0.5256503517425801,Yüksek Risk,0.0855261027911404,Orta Risk
SANCAKTEPE,SARIGAZİ,SANCAKTEPE|SARIGAZİ,2022,0.19382933954217768,Düşük Risk,0.0582825806823438,Düşük Risk,0.14721446967273466,Orta Risk,0.0053795064180381024,Düşük Risk,0.04902544016727516,Düşük Risk,0.0582825806823438,Düşük Risk,0.5044044625252008,Orta Risk,0.4720177043376034,Orta Risk,0.06467715056027783,Düşük Risk
SANCAKTEPE,VEYSEL KARANİ,SANCAKTEPE|VEYSEL KARANİ,2022,0.13051547337653074,Düşük Risk,0.038007214499875645,Düşük Risk,0.10376818294257309,Düşük Risk,0.0003798644681027329,Düşük Risk,0.0335815951478816,Düşük Risk,0.038007214499875645,Düşük Risk,0.46189493833286005,Orta Risk,0.4062241090959646,Orta Risk,0.04613196266501721,Düşük Risk
SANCAKTEPE,SEYİTNİZAM,SANCAKTEPE|SEYİTNİZAM,2022,0.25709036497261983,Orta Risk,0.06382354508793331,Orta Risk,0.16807066817267005,Orta Risk,0.005049486581320274,Düşük Risk,0.05839233221580621,Düşük Risk,0.06382354508793331,Düşük Risk,0.506357149906785,Orta Risk,0.47076462153909093,Orta Risk,0.07033333748228494,Orta Risk
SANCAKTEPE,YUNUS EMRE,SANCAKTEPE|YUNUS EMRE,2022,0.3180359986671032,Orta Risk,0.08096784955266617,Orta Risk,0.20316127846231513,Orta Risk,0.006954246884527398,Düşük Risk,0.07389344126650965,Düşük Risk,0.08096784955266617,Düşük Risk,0.5381772179663761,Yüksek Risk,0.5172444410745247,Yüksek Risk,0.08584917610832975,Orta Risk
SANCAKTEPE,İNÖNÜ,SANCAKTEPE|İNÖNÜ,2022,0.12553372622351167,Düşük Risk,0.035817962842192096,Düşük Risk,0.10390093276758561,Düşük Risk,0.00029822483248999484,Düşük Risk,0.03272795530807566,Düşük Risk,0.035817962842192096,Düşük Risk,0.41861212102344375,Orta Risk,0.366698048703465,Orta Risk,0.04151568890162347,Düşük Risk
SARIYER,AYAZAĞA,SARIYER|AYAZAĞA,2022,0.5467983294402301,Yüksek Risk,0.13111537810121351,Yüksek Risk,0.3342453807713216,Yüksek Risk,0.011828368971461715,Orta Risk,0.10954920701280531,Orta Risk,0.13111537810121351,Orta Risk,0.6049892431099352,Yüksek Risk,0.6017987515373731,Yüksek Risk,0.1362947418782412,Yüksek Risk
SARIYER,BAHÇEKÖY KEMER,SARIYER|BAHÇEKÖY KEMER,2022,0.04926049833208918,Düşük Risk,0.020455907313268157,Düşük Risk,0.11112279615501498,Düşük Risk,0.00020786900807043924,Düşük Risk,0.020016408214175805,Düşük Risk,0.020455907313268157,Düşük Risk,0.43404927126736587,Orta Risk,0.35792095839952975,Orta Risk,0.03024322387921854,Düşük Risk
SARIYER,BAHÇEKÖY MERKEZ,SARIYER|BAHÇEKÖY MERKEZ,2022,0.11040831319477534,Düşük Risk,0.0410202177277038,Düşük Risk,0.15678671243137943,Orta Risk,0.0004517237190074913,Düşük Risk,0.036662815094457034,Düşük Risk,0.0410202177277038,Düşük Risk,0.5161541849070105,Orta Risk,0.4633374251886949,Orta Risk,0.04949333279556592,Düşük Risk
SARIYER,BAHÇEKÖY YENİ,SARIYER|BAHÇEKÖY YENİ,2022,0.057767231416928105,Düşük Risk,0.025857944131756093,Düşük Risk,0.122149652737175,Düşük Risk,0.0006209033188447106,Düşük Risk,0.024187935695205384,Düşük Risk,0.025857944131756093,Düşük Risk,0.46149098889144924,Orta Risk,0.39546101528826444,Orta Risk,0.034300626986474354,Düşük Risk
SARIYER,BALTALİMANI,SARIYER|BALTALİMANI,2022,0.3226327362587361,Orta Risk,0.08106159354974204,Orta Risk,0.24919460777523608,Orta Risk,0.00036035376528449685,Düşük Risk,0.0756517353569386,Düşük Risk,0.08106159354974204,Düşük Risk,0.5437647404692563,Yüksek Risk,0.5231628093886646,Yüksek Risk,0.09223499993357412,Orta Risk
SARIYER,BÜYÜKDERE,SARIYER|BÜYÜKDERE,2022,0.3838058754176998,Orta Risk,0.08666160552048308,Orta Risk,0.2611439138672501,Yüksek Risk,0.0003588867468261631,Düşük Risk,0.08602067717185605,Orta Risk,0.08666160552048308,Orta Risk,0.5359539971614488,Yüksek Risk,0.5136381454190925,Yüksek Risk,0.0926064307295604,Orta Risk
SARIYER,CUMHURİYET,SARIYER|CUMHURİYET,2022,0.31368203921468146,Orta Risk,0.0726367286252841,Orta Risk,0.22720367916005885,Orta Risk,0.00030862486858525533,Düşük Risk,0.07396595473066633,Düşük Risk,0.0726367286252841,Düşük Risk,0.5249483774780365,Yüksek Risk,0.4918471666691996,Yüksek Risk,0.08033220470908085,Orta Risk
SARIYER,DARÜŞŞAFAKA,SARIYER|DARÜŞŞAFAKA,2022,0.17802751166810005,Düşük Risk,0.047993127736565507,Düşük Risk,0.17229150528868314,Orta Risk,0.00021305527618723148,Düşük Risk,0.04878233819834504,Düşük Risk,0.047993127736565507,Düşük Risk,0.5071188285243184,Orta Risk,0.45351300398916816,Orta Risk,0.05873739569637623,Düşük Risk
SARIYER,DEMİRCİKÖY,SARIYER|DEMİRCİKÖY,2022,0.11342189771664918,Düşük Risk,0.04217168730782172,Düşük Risk,0.16090313505592718,Orta Risk,0.00021745563044466424,Düşük Risk,0.04176765055693225,Düşük Risk,0.04217168730782172,Düşük Risk,0.49422714709521876,Orta Risk,0.44172168438340687,Orta Risk,0.050838472338542114,Düşük Risk
SARIYER,EMİRGAN,SARIYER|EMİRGAN,2022,0.2682676624456038,Orta Risk,0.06962442782861113,Orta Risk,0.2157851324661852,Orta Risk,0.0006046822073814044,Düşük Risk,0.06403859500777187,Düşük Risk,0.06962442782861113,Düşük Risk,0.5284508914499135,Yüksek Risk,0.49460935116617977,Yüksek Risk,0.0807786435085341,Orta Risk
SARIYER,FATİH SULTAN MEHMET,SARIYER|FATİH SULTAN MEHMET,2022,0.3887705592147439,Orta Risk,0.08914839549264453,Orta Risk,0.26054827704711236,Yüksek Risk,0.0007836775831224607,Düşük Risk,0.08301427541300661,Orta Risk,0.08914839549264453,Düşük Risk,0.5496125645491384,Yüksek Risk,0.5254541031653777,Yüksek Risk,0.09739896144858406,Orta Risk
SARIYER,FERAHEVLER,SARIYER|FERAHEVLER,2022,0.35402743276916593,Orta Risk,0.08309031711890244,Orta Risk,0.24677749714770478,Orta Risk,0.0007692151934339757,Düşük Risk,0.07388226598797251,Düşük Risk,0.08309031711890244,Düşük Risk,0.5542689124362022,Yüksek Risk,0.5311613396949559,Yüksek Risk,0.09424263679142568,Orta Risk
SARIYER,GARİPÇE,SARIYER|GARİPÇE,2022,0.09809509322890862,Düşük Risk,0.036248085589532096,Düşük Risk,0.14655853342930628,Orta Risk,0.00019663642224723675,Düşük Risk,0.03253651473980428,Düşük Risk,0.036248085589532096,Düşük Risk,0.46871296076686186,Orta Risk,0.4328354019544173,Orta Risk,0.0401028377472171,Düşük Risk
SARIYER,GÜMÜŞDERE,SARIYER|GÜMÜŞDERE,2022,0.1311693148900193,Düşük Risk,0.04665606171128528,Düşük Risk,0.15957137020389928,Orta Risk,0.014734581659340908,Orta Risk,0.04517356604572875,Düşük Risk,0.04665606171128528,Düşük Risk,0.5111264487402889,Orta Risk,0.4763633904042747,Orta Risk,0.05109354411127325,Düşük Risk
SARIYER,HUZUR,SARIYER|HUZUR,2022,0.12371777882799401,Düşük Risk,0.03765519594013545,Düşük Risk,0.14585386900517583,Orta Risk,0.0005358765725477975,Düşük Risk,0.031341749459034056,Düşük Risk,0.03765519594013545,Düşük Risk,0.5065922642354469,Orta Risk,0.44908510412007635,Orta Risk,0.04965687414322735,Düşük Risk
SARIYER,KAZIM KARABEKİR PAŞA,SARIYER|KAZIM KARABEKİR PAŞA,2022,0.2919381848559645,Orta Risk,0.06979923874585335,Orta Risk,0.2216606489178657,Orta Risk,0.00032938304472098607,Düşük Risk,0.06768489549481163,Düşük Risk,0.06979923874585335,Düşük Risk,0.525968840634596,Yüksek Risk,0.49686998888873946,Yüksek Risk,0.07523976819048014,Orta Risk
SARIYER,KISIRKAYA,SARIYER|KISIRKAYA,2022,0.10841276710051247,Düşük Risk,0.03556932777065866,Düşük Risk,0.1438121593783385,Orta Risk,0.00016911883461059857,Düşük Risk,0.04042426771538385,Düşük Risk,0.03556932777065866,Düşük Risk,0.458238240559636,Orta Risk,0.3951481482337028,Orta Risk,0.04046584974209279,Düşük Risk
SARIYER,KOCATAŞ,SARIYER|KOCATAŞ,2022,0.18352190137594085,Düşük Risk,0.051904049958643825,Düşük Risk,0.1795538644738995,Orta Risk,0.0007375824890646831,Düşük Risk,0.0444701719027941,Düşük Risk,0.051904049958643825,Düşük Risk,0.5316485417062862,Orta Risk,0.4910483466376483,Yüksek Risk,0.062423070313335674,Düşük Risk
SARIYER,KUMKÖY (KİLYOS),SARIYER|KUMKÖY (KİLYOS),2022,0.1751988397406031,Düşük Risk,0.057034120752591795,Düşük Risk,0.1774797782391099,Orta Risk,0.0014604278341137425,Düşük Risk,0.052991525436344424,Düşük Risk,0.057034120752591795,Düşük Risk,0.5098517406059438,Orta Risk,0.48387479129498945,Orta Risk,0.060236888558269905,Düşük Risk
SARIYER,KİREÇBURNU,SARIYER|KİREÇBURNU,2022,0.33912354532905153,Orta Risk,0.08107888904969139,Orta Risk,0.24953725001986202,Orta Risk,0.00030156701730705025,Düşük Risk,0.09011819826880149,Orta Risk,0.08107888904969139,Orta Risk,0.5323416708614369,Yüksek Risk,0.5090663470805785,Yüksek Risk,0.08933604198680005,Orta Risk
SARIYER,MADEN,SARIYER|MADEN,2022,0.4530752505745914,Orta Risk,0.10079172525405648,Orta Risk,0.29270497492181397,Yüksek Risk,0.0003124607589926731,Düşük Risk,0.09750875652934946,Orta Risk,0.10079172525405648,Orta Risk,0.5483553344207074,Yüksek Risk,0.5290716346699607,Yüksek Risk,0.1091793382396527,Orta Risk
SARIYER,MASLAK,SARIYER|MASLAK,2022,0.1547198575400487,Düşük Risk,0.04906701133781766,Düşük Risk,0.16624351675601684,Orta Risk,0.0120163150871286,Orta Risk,0.04350162295331067,Düşük Risk,0.04906701133781766,Düşük Risk,0.5284989287474774,Orta Risk,0.4826081856102577,Orta Risk,0.06006546124951424,Düşük Risk
SARIYER,PINAR,SARIYER|PINAR,2022,0.3335754024840285,Orta Risk,0.0859440445194745,Orta Risk,0.2524773714872106,Orta Risk,0.001458482330088812,Düşük Risk,0.07988722553582182,Orta Risk,0.0859440445194745,Düşük Risk,0.5540090212281712,Yüksek Risk,0.5402547066462117,Yüksek Risk,0.09157424749337649,Orta Risk
SARIYER,POLİGON,SARIYER|POLİGON,2022,0.23702172007775082,Orta Risk,0.06354806903813881,Orta Risk,0.20828004808354447,Orta Risk,0.0006572255971425409,Düşük Risk,0.056378287924096916,Düşük Risk,0.06354806903813881,Düşük Risk,0.539374796977166,Yüksek Risk,0.5108195584927965,Yüksek Risk,0.0725047724977006,Orta Risk
SARIYER,PTT EVLERİ,SARIYER|PTT EVLERİ,2022,0.19788525684306815,Düşük Risk,0.05492454880727237,Düşük Risk,0.1857760126295423,Orta Risk,0.007216502018244417,Düşük Risk,0.05250414685055361,Düşük Risk,0.05492454880727237,Düşük Risk,0.5451819496749625,Yüksek Risk,0.5005492829257043,Yüksek Risk,0.0651408434004785,Düşük Risk
SARIYER,REŞİTPAŞA,SARIYER|REŞİTPAŞA,2022,0.3535035711436568,Orta Risk,0.09327516644491302,Orta Risk,0.26838717728237194,Yüksek Risk,0.0013891531368181043,Düşük Risk,0.08496647759771853,Orta Risk,0.09327516644491302,Düşük Risk,0.5894391383345269,Yüksek Risk,0.5671268200865788,Yüksek Risk,0.10312928999844687,Orta Risk
SARIYER,RUMELİFENERİ,SARIYER|RUMELİFENERİ,2022,0.08824126926081867,Düşük Risk,0.0326751543080396,Düşük Risk,0.13627295586116878,Düşük Risk,0.00041934015115658506,Düşük Risk,0.03055322775827419,Düşük Risk,0.0326751543080396,Düşük Risk,0.47951028288352665,Orta Risk,0.42551107791589954,Orta Risk,0.03996893413713371,Düşük Risk
SARIYER,RUMELİHİSARI,SARIYER|RUMELİHİSARI,2022,0.27121841775600986,Orta Risk,0.06967260183235385,Orta Risk,0.21454376657968066,Orta Risk,0.0008136503620653522,Düşük Risk,0.06317594144605108,Düşük Risk,0.06967260183235385,Düşük Risk,0.5516289291002561,Yüksek Risk,0.5251046414888072,Yüksek Risk,0.07774815809940233,Orta Risk
SARIYER,RUMELİKAVAĞI,SARIYER|RUMELİKAVAĞI,2022,0.2401243237453601,Orta Risk,0.0612984993324072,Düşük Risk,0.20294985101264362,Orta Risk,0.00037014335161858155,Düşük Risk,0.057911763264666745,Düşük Risk,0.0612984993324072,Düşük Risk,0.5251261931962642,Yüksek Risk,0.48957359394623856,Orta Risk,0.06939249128564201,Orta Risk
SARIYER,SARIYER MERKEZ,SARIYER|SARIYER MERKEZ,2022,0.44805986988980806,Orta Risk,0.10511123093116528,Orta Risk,0.3025640630063464,Yüksek Risk,0.0007593516977345117,Düşük Risk,0.09888401620672559,Orta Risk,0.10511123093116528,Orta Risk,0.5736283864272048,Yüksek Risk,0.563521098468057,Yüksek Risk,0.11228453366106822,Orta Risk
SARIYER,TARABYA,SARIYER|TARABYA,2022,0.49426724402936756,Yüksek Risk,0.10814902747810912,Orta Risk,0.30864264488571386,Yüksek Risk,0.0002942885256183059,Düşük Risk,0.11706667185715981,Orta Risk,0.10814902747810912,Orta Risk,0.552495131134028,Yüksek Risk,0.5275229096823146,Yüksek Risk,0.11784057769376785,Orta Risk
SARIYER,USKUMRUKÖY,SARIYER|USKUMRUKÖY,2022,0.28726469471188376,Orta Risk,0.07236746623957413,Orta Risk,0.2242303664844293,Orta Risk,0.0007322531988311667,Düşük Risk,0.06688719958720438,Düşük Risk,0.07236746623957413,Düşük Risk,0.554680145966103,Yüksek Risk,0.5303380544366305,Yüksek Risk,0.07820881770080457,Orta Risk
SARIYER,SEYMEN,SARIYER|SEYMEN,2022,0.2248108179465222,Orta Risk,0.06127255887110941,Düşük Risk,0.20482591722525417,Orta Risk,0.00029409009968000334,Düşük Risk,0.06330748467919646,Düşük Risk,0.06127255887110941,Düşük Risk,0.4994887277730068,Yüksek Risk,0.4890236606431837,Orta Risk,0.06684705877243283,Düşük Risk
SARIYER,YENİKÖY,SARIYER|YENİKÖY,2022,0.4074585361886849,Orta Risk,0.09199038777634452,Orta Risk,0.2713557189112915,Yüksek Risk,0.00031975202132266767,Düşük Risk,0.08525223241711563,Orta Risk,0.09199038777634452,Düşük Risk,0.5418807025391956,Yüksek Risk,0.5214912809718133,Yüksek Risk,0.1027152096976912,Orta Risk
SARIYER,ZEKERİYAKÖY,SARIYER|ZEKERİYAKÖY,2022,0.6627604121207803,Yüksek Risk,0.1476151125326884,Yüksek Risk,0.3887047244649436,Yüksek Risk,0.010484410746564725,Orta Risk,0.1346943794006241,Orta Risk,0.1476151125326884,Orta Risk,0.6114591290177885,Yüksek Risk,0.6136637181518088,Yüksek Risk,0.15142152477520232,Yüksek Risk
SARIYER,ÇAMLITEPE,SARIYER|ÇAMLITEPE,2022,0.22564319530849247,Orta Risk,0.05464532312622648,Düşük Risk,0.18494499985270235,Orta Risk,0.0007798628003851136,Düşük Risk,0.056102001244726606,Düşük Risk,0.05464532312622648,Düşük Risk,0.5129719046980814,Orta Risk,0.4637513534244908,Orta Risk,0.06500855333744486,Düşük Risk
SARIYER,ÇAYIRBAŞI,SARIYER|ÇAYIRBAŞI,2022,0.22893329157647738,Orta Risk,0.058470254987141,Düşük Risk,0.19671070877408903,Orta Risk,0.0006175984725336936,Düşük Risk,0.06637392855721116,Düşük Risk,0.058470254987141,Düşük Risk,0.5205409941061059,Yüksek Risk,0.48285369144096213,Orta Risk,0.06597962287206499,Düşük Risk
SARIYER,İSTİNYE,SARIYER|İSTİNYE,2022,0.35073772407518844,Orta Risk,0.08236164424716497,Orta Risk,0.2444851709613393,Orta Risk,0.0007609597026991239,Düşük Risk,0.07566677674743279,Düşük Risk,0.08236164424716497,Düşük Risk,0.5612071469230695,Yüksek Risk,0.5312275500157104,Yüksek Risk,0.0923674725601644,Orta Risk
SULTANBEYLİ,ABDURRAHMANGAZİ,SULTANBEYLİ|ABDURRAHMANGAZİ,2022,0.28848940922601085,Orta Risk,0.07951171457513506,Orta Risk,0.18255403139603082,Orta Risk,0.006151063329479717,Düşük Risk,0.06508501112395378,Düşük Risk,0.07951171457513506,Düşük Risk,0.5472289223752105,Yüksek Risk,0.5211904403752943,Yüksek Risk,0.08430714300271921,Orta Risk
SULTANBEYLİ,ADİL,SULTANBEYLİ|ADİL,2022,0.21585105156402853,Düşük Risk,0.06709670892807935,Orta Risk,0.14047646329880056,Orta Risk,0.009530562569353385,Orta Risk,0.052946959949596493,Düşük Risk,0.06709670892807935,Düşük Risk,0.5361827757866559,Yüksek Risk,0.49959162148917835,Yüksek Risk,0.07447049536564762,Orta Risk
SULTANBEYLİ,AHMET YESEVİ,SULTANBEYLİ|AHMET YESEVİ,2022,0.23686511003499033,Orta Risk,0.07590821170299819,Orta Risk,0.16066093861843223,Orta Risk,0.010044503058991563,Orta Risk,0.060340027149794466,Düşük Risk,0.07590821170299819,Düşük Risk,0.5415572690064074,Yüksek Risk,0.5172294133920575,Yüksek Risk,0.08113236479320453,Orta Risk
SULTANBEYLİ,AKŞEMSETTİN,SULTANBEYLİ|AKŞEMSETTİN,2022,0.22656097278086024,Orta Risk,0.07104483025573931,Orta Risk,0.15229367031813698,Orta Risk,0.01261109118381082,Orta Risk,0.06278584387622661,Düşük Risk,0.07104483025573931,Düşük Risk,0.5377944062056548,Yüksek Risk,0.5109546673952401,Yüksek Risk,0.07539509052305893,Orta Risk
SULTANBEYLİ,BATTALGAZİ,SULTANBEYLİ|BATTALGAZİ,2022,0.41740133151605496,Orta Risk,0.10935239469157144,Orta Risk,0.23402693010924264,Orta Risk,0.012956957285137663,Orta Risk,0.08880562589035922,Orta Risk,0.10935239469157144,Düşük Risk,0.5649345223102364,Yüksek Risk,0.5603051700119324,Yüksek Risk,0.11092443344616673,Orta Risk
SULTANBEYLİ,FATİH,SULTANBEYLİ|FATİH,2022,0.14310125687977987,Düşük Risk,0.043988795680861774,Düşük Risk,0.10694073840190313,Düşük Risk,0.0004572323414810364,Düşük Risk,0.03587382439597581,Düşük Risk,0.043988795680861774,Düşük Risk,0.47970888404458867,Orta Risk,0.43626121470220464,Orta Risk,0.04960217250878791,Düşük Risk
SULTANBEYLİ,HAMİDİYE,SULTANBEYLİ|HAMİDİYE,2022,0.32998396866553736,Orta Risk,0.08224109578528938,Orta Risk,0.18891366106996202,Orta Risk,0.009578870874439496,Orta Risk,0.07824896760179455,Düşük Risk,0.08224109578528938,Düşük Risk,0.5477259839964045,Yüksek Risk,0.5215255313615379,Yüksek Risk,0.0861586970321054,Orta Risk
SULTANBEYLİ,HASANPAŞA,SULTANBEYLİ|HASANPAŞA,2022,0.1832353113515813,Düşük Risk,0.05175004580908468,Düşük Risk,0.12444246530404757,Düşük Risk,0.004533167153289426,Düşük Risk,0.042278397491124046,Düşük Risk,0.05175004580908468,Düşük Risk,0.4935720410160752,Orta Risk,0.45775115975932507,Orta Risk,0.058187221107205145,Düşük Risk
SULTANBEYLİ,MECİDİYE,SULTANBEYLİ|MECİDİYE,2022,0.14825241024725733,Düşük Risk,0.044540230009606,Düşük Risk,0.10641240598175468,Düşük Risk,0.0004742839466395352,Düşük Risk,0.03845716639201459,Düşük Risk,0.044540230009606,Düşük Risk,0.4689782161711301,Orta Risk,0.4283179525216792,Orta Risk,0.049060038275864644,Düşük Risk
SULTANBEYLİ,MEHMET AKİF,SULTANBEYLİ|MEHMET AKİF,2022,0.325940762828603,Orta Risk,0.09364755184119991,Orta Risk,0.20828483825134214,Orta Risk,0.010157054260276584,Orta Risk,0.07702657251497863,Düşük Risk,0.09364755184119991,Düşük Risk,0.563437713432342,Yüksek Risk,0.5542673692145756,Yüksek Risk,0.09645540363988939,Orta Risk
SULTANBEYLİ,MİMAR SİNAN,SULTANBEYLİ|MİMAR SİNAN,2022,0.21430331361628094,Düşük Risk,0.07757986090591039,Orta Risk,0.15294469687019058,Orta Risk,0.012419773477099941,Orta Risk,0.06481876942371156,Düşük Risk,0.07757986090591039,Düşük Risk,0.554599108809451,Yüksek Risk,0.5206618021797622,Yüksek Risk,0.08403086929388924,Orta Risk
SULTANBEYLİ,NECİP FAZIL,SULTANBEYLİ|NECİP FAZIL,2022,0.31430040718866864,Orta Risk,0.07606731513325406,Orta Risk,0.18702980263150037,Orta Risk,0.0005569288278682989,Düşük Risk,0.06722219185750301,Düşük Risk,0.07606731513325406,Düşük Risk,0.5314704806311222,Yüksek Risk,0.49992260294961993,Yüksek Risk,0.08148573047569935,Orta Risk
SULTANBEYLİ,ORHANGAZİ,SULTANBEYLİ|ORHANGAZİ,2022,0.20450295010771763,Düşük Risk,0.06200179232039145,Orta Risk,0.13995931677727497,Orta Risk,0.010088504797205642,Orta Risk,0.05325095179736602,Düşük Risk,0.06200179232039145,Düşük Risk,0.533323782773521,Yüksek Risk,0.5005441256933021,Yüksek Risk,0.06703547427848774,Düşük Risk
SULTANBEYLİ,TURGUT REİS,SULTANBEYLİ|TURGUT REİS,2022,0.14336996624423445,Düşük Risk,0.04661475814225609,Düşük Risk,0.10915043574346964,Düşük Risk,0.007157539662089843,Düşük Risk,0.035673779042216365,Düşük Risk,0.04661475814225609,Düşük Risk,0.4971167777415976,Orta Risk,0.4610100608597285,Orta Risk,0.051741866998401664,Düşük Risk
SULTANBEYLİ,YAVUZ SELİM,SULTANBEYLİ|YAVUZ SELİM,2022,0.10420747068267878,Düşük Risk,0.03495724955408869,Düşük Risk,0.08612955080357408,Düşük Risk,0.005292155174468422,Düşük Risk,0.028621414937863198,Düşük Risk,0.03495724955408869,Düşük Risk,0.44508730436128413,Orta Risk,0.4060544452807071,Orta Risk,0.04035058293877607,Düşük Risk
SULTANGAZİ,50. YIL,SULTANGAZİ|50. YIL,2022,0.6887020772703251,Yüksek Risk,0.14843272996275236,Yüksek Risk,0.3326229862213053,Yüksek Risk,0.0007053542381757881,Düşük Risk,0.12762321358809628,Orta Risk,0.14843272996275236,Orta Risk,0.5728016079195253,Yüksek Risk,0.5531402214666241,Yüksek Risk,0.16019438134514064,Yüksek Risk
SULTANGAZİ,75. YIL,SULTANGAZİ|75. YIL,2022,0.41643333885055844,Orta Risk,0.08913448692964959,Orta Risk,0.21867384363643239,Orta Risk,0.0006520743613840697,Düşük Risk,0.08103969924944066,Orta Risk,0.08913448692964959,Düşük Risk,0.5345553886786608,Yüksek Risk,0.494383049584882,Yüksek Risk,0.10239219818696561,Orta Risk
SULTANGAZİ,CEBECİ,SULTANGAZİ|CEBECİ,2022,0.6537039436433836,Yüksek Risk,0.14354325405491802,Yüksek Risk,0.3217181679201355,Yüksek Risk,0.010284940051978417,Orta Risk,0.12224262906667506,Orta Risk,0.14354325405491802,Orta Risk,0.5947972886711469,Yüksek Risk,0.5700011783220731,Yüksek Risk,0.15779479043418407,Yüksek Risk
SULTANGAZİ,CUMHURİYET,SULTANGAZİ|CUMHURİYET,2022,0.14878122489195864,Düşük Risk,0.03663457141193179,Düşük Risk,0.10625303339196589,Düşük Risk,0.00045712660441653334,Düşük Risk,0.032078530818535386,Düşük Risk,0.03663457141193179,Düşük Risk,0.4811162046226288,Orta Risk,0.409070634260594,Orta Risk,0.0550351947272483,Düşük Risk
SULTANGAZİ,ESENTEPE,SULTANGAZİ|ESENTEPE,2022,0.7730632459428295,Yüksek Risk,0.1651085997597346,Yüksek Risk,0.37025016302591957,Yüksek Risk,0.014671749536198871,Orta Risk,0.14197053619502253,Orta Risk,0.1651085997597346,Orta Risk,0.5992391407898581,Yüksek Risk,0.5860197881633986,Yüksek Risk,0.17865365602869476,Yüksek Risk
SULTANGAZİ,ESKİ HABİPLER,SULTANGAZİ|ESKİ HABİPLER,2022,0.24779485408356178,Orta Risk,0.07000158161317996,Orta Risk,0.18370878124417073,Orta Risk,0.011213430126205404,Orta Risk,0.06497247133405852,Düşük Risk,0.07000158161317996,Düşük Risk,0.5446987293293519,Yüksek Risk,0.5170860455234734,Yüksek Risk,0.07571869759904723,Orta Risk
SULTANGAZİ,GAZİ,SULTANGAZİ|GAZİ,2022,0.5263179959011162,Yüksek Risk,0.11497658704957857,Orta Risk,0.27351646221376386,Yüksek Risk,0.0007418236374472544,Düşük Risk,0.10156388882544368,Orta Risk,0.11497658704957857,Orta Risk,0.5665133380167701,Yüksek Risk,0.5366400300202945,Yüksek Risk,0.13271244435227356,Yüksek Risk
SULTANGAZİ,HABİBLER,SULTANGAZİ|HABİBLER,2022,0.22171615563189978,Orta Risk,0.054462002683341434,Düşük Risk,0.14391045389324217,Orta Risk,0.01056735115851576,Orta Risk,0.04879626702583616,Düşük Risk,0.054462002683341434,Düşük Risk,0.5127276696717274,Orta Risk,0.4728603192684877,Orta Risk,0.06347390397958676,Düşük Risk
SULTANGAZİ,MALKOÇOĞLU,SULTANGAZİ|MALKOÇOĞLU,2022,0.14485116001641624,Düşük Risk,0.037727223986678216,Düşük Risk,0.11042418606851774,Düşük Risk,0.0003975835441045729,Düşük Risk,0.031996853527674,Düşük Risk,0.037727223986678216,Düşük Risk,0.47864949258064976,Orta Risk,0.4165100146353097,Orta Risk,0.05109477111174952,Düşük Risk
SULTANGAZİ,SULTANÇİFTLİĞİ,SULTANGAZİ|SULTANÇİFTLİĞİ,2022,0.4399320806560001,Orta Risk,0.10014347010230928,Orta Risk,0.24043339415701787,Orta Risk,0.0006085365989543272,Düşük Risk,0.08865945456617756,Orta Risk,0.10014347010230928,Düşük Risk,0.5581095879102057,Yüksek Risk,0.5245041275356185,Yüksek Risk,0.11834479966232175,Orta Risk
SULTANGAZİ,UĞUR MUMCU,SULTANGAZİ|UĞUR MUMCU,2022,0.6168078576392795,Yüksek Risk,0.13465791986447148,Yüksek Risk,0.31282768297561353,Yüksek Risk,0.009787283183285879,Orta Risk,0.11817942975562247,Orta Risk,0.13465791986447148,Orta Risk,0.5906546207896693,Yüksek Risk,0.5694828020670313,Yüksek Risk,0.15168823405584156,Yüksek Risk
SULTANGAZİ,YAYLA,SULTANGAZİ|YAYLA,2022,0.09452950729700062,Düşük Risk,0.024954075847723137,Düşük Risk,0.08271743013614868,Düşük Risk,0.00019524588827845218,Düşük Risk,0.021677909593740132,Düşük Risk,0.024954075847723137,Düşük Risk,0.41707893364341725,Orta Risk,0.36089038586191846,Orta Risk,0.031007510315563227,Düşük Risk
SULTANGAZİ,YUNUS EMRE,SULTANGAZİ|YUNUS EMRE,2022,0.6388856317208752,Yüksek Risk,0.13941125737585564,Yüksek Risk,0.3232324652436802,Yüksek Risk,0.0006832666465669328,Düşük Risk,0.12280098689844487,Orta Risk,0.13941125737585564,Orta Risk,0.5778168283908741,Yüksek Risk,0.5564672065992569,Yüksek Risk,0.1518079096141155,Yüksek Risk
SULTANGAZİ,ZÜBEYDE HANIM,SULTANGAZİ|ZÜBEYDE HANIM,2022,0.5721883281179347,Yüksek Risk,0.1182200245731796,Orta Risk,0.28568729455692776,Yüksek Risk,0.0007582675114182432,Düşük Risk,0.10992152536824942,Orta Risk,0.1182200245731796,Orta Risk,0.5470343171681344,Yüksek Risk,0.5174735062692354,Yüksek Risk,0.13066259171953765,Yüksek Risk
SULTANGAZİ,İSMETPAŞA,SULTANGAZİ|İSMETPAŞA,2022,0.578316468059151,Yüksek Risk,0.12644811569474457,Yüksek Risk,0.28965319485698127,Yüksek Risk,0.0007129741870798367,Düşük Risk,0.10962411677485137,Orta Risk,0.12644811569474457,Düşük Risk,0.5661674907474457,Yüksek Risk,0.5399602073007652,Yüksek Risk,0.13789413804690193,Yüksek Risk
SİLİVRİ,AKÖREN,SİLİVRİ|AKÖREN,2022,0.17145221542112102,Düşük Risk,0.04589795700448427,Düşük Risk,0.1351193751992348,Düşük Risk,0.011250246921432885,Orta Risk,0.04175193710953442,Düşük Risk,0.04589795700448427,Düşük Risk,0.5007953063709365,Orta Risk,0.4589237510700725,Orta Risk,0.05194321486259795,Düşük Risk
SİLİVRİ,ALİBEY,SİLİVRİ|ALİBEY,2022,0.2485945465698596,Orta Risk,0.056738045200472376,Düşük Risk,0.1587249464607227,Orta Risk,0.0005919480973359309,Düşük Risk,0.05412686340676097,Düşük Risk,0.056738045200472376,Düşük Risk,0.4833590933035311,Orta Risk,0.4453744217648568,Orta Risk,0.06373041051058556,Düşük Risk
SİLİVRİ,ALİPAŞA,SİLİVRİ|ALİPAŞA,2022,0.29516187919733805,Orta Risk,0.21558698191900386,Yüksek Risk,0.248765698042214,Orta Risk,0.09027389000751898,Orta Risk,0.2361111533539261,Orta Risk,0.21558698191900386,Orta Risk,0.5828354855071046,Yüksek Risk,0.5617111206939442,Yüksek Risk,0.22178206882136242,Yüksek Risk
SİLİVRİ,BEKİRLİ,SİLİVRİ|BEKİRLİ,2022,0.012545566083074161,Düşük Risk,0.008732000270015673,Düşük Risk,0.05609430780120881,Düşük Risk,0.00043361917154598656,Düşük Risk,0.010233143669153002,Düşük Risk,0.008732000270015673,Düşük Risk,0.3086517124684197,Düşük Risk,0.20983524451447574,Düşük Risk,0.013367413715443845,Düşük Risk
SİLİVRİ,BEYCİLER,SİLİVRİ|BEYCİLER,2022,0.11670341606958341,Düşük Risk,0.04761007871578897,Düşük Risk,0.13433256686769893,Düşük Risk,0.004491516546197744,Düşük Risk,0.04547266979457359,Düşük Risk,0.04761007871578897,Düşük Risk,0.5039785850507777,Orta Risk,0.458342709370717,Orta Risk,0.05658424029134701,Düşük Risk
SİLİVRİ,BÜYÜK KILIÇLI,SİLİVRİ|BÜYÜK KILIÇLI,2022,0.0416131774727652,Düşük Risk,0.026742958111931506,Düşük Risk,0.08804079867205208,Düşük Risk,0.00883775813621137,Orta Risk,0.0228898507728256,Düşük Risk,0.026742958111931506,Düşük Risk,0.4140681583558952,Orta Risk,0.3681333511177159,Orta Risk,0.03338528655259311,Düşük Risk
SİLİVRİ,BÜYÜK SİNEKLİ,SİLİVRİ|BÜYÜK SİNEKLİ,2022,0.029403688118699943,Düşük Risk,0.011659080667346094,Düşük Risk,0.06376964610647837,Düşük Risk,4.701583382700176e-05,Düşük Risk,0.012108254233149209,Düşük Risk,0.011659080667346094,Düşük Risk,0.32203365277536916,Düşük Risk,0.23980184810362729,Düşük Risk,0.015247229263412198,Düşük Risk
SİLİVRİ,BÜYÜK ÇAVUŞLU,SİLİVRİ|BÜYÜK ÇAVUŞLU,2022,0.13459582947162346,Düşük Risk,0.04331964936706282,Düşük Risk,0.12940906827693546,Düşük Risk,0.004613234081111272,Düşük Risk,0.0360543718376154,Düşük Risk,0.04331964936706282,Düşük Risk,0.49485189513554306,Orta Risk,0.4548522453077197,Orta Risk,0.05441620296775647,Düşük Risk
SİLİVRİ,CUMHURİYET,SİLİVRİ|CUMHURİYET,2022,0.32798800445749254,Orta Risk,0.07142221661349105,Orta Risk,0.19515735029558193,Orta Risk,0.0003775025303485077,Düşük Risk,0.07470096046008143,Düşük Risk,0.07142221661349105,Düşük Risk,0.49421247047406835,Orta Risk,0.45465511483610954,Orta Risk,0.07938062099697839,Orta Risk
SİLİVRİ,DANAMANDIRA,SİLİVRİ|DANAMANDIRA,2022,0.021308146352036247,Düşük Risk,0.012197343090302383,Düşük Risk,0.06614030837500481,Düşük Risk,5.989551994428768e-05,Düşük Risk,0.012478056954942288,Düşük Risk,0.012197343090302383,Düşük Risk,0.3237822355736926,Düşük Risk,0.24728935352009365,Düşük Risk,0.01586803691300784,Düşük Risk
SİLİVRİ,DEĞİRMENKÖY FEVZİPAŞA,SİLİVRİ|DEĞİRMENKÖY FEVZİPAŞA,2022,0.08524227373619106,Düşük Risk,0.05070836686388416,Düşük Risk,0.1004597509681025,Düşük Risk,0.008365015343476268,Orta Risk,0.05912493038760236,Düşük Risk,0.05070836686388416,Düşük Risk,0.46688909688161334,Orta Risk,0.4228955107176191,Orta Risk,0.06540226051726825,Düşük Risk
SİLİVRİ,DEĞİRMENKÖY İSMETPAŞA,SİLİVRİ|DEĞİRMENKÖY İSMETPAŞA,2022,0.06329907991109923,Düşük Risk,0.023186778486475927,Düşük Risk,0.08968634660336727,Düşük Risk,0.00020596390917936038,Düşük Risk,0.01942990518265922,Düşük Risk,0.023186778486475927,Düşük Risk,0.41889264797897247,Orta Risk,0.36044917868543347,Orta Risk,0.03618209733453117,Düşük Risk
SİLİVRİ,FATİH,SİLİVRİ|FATİH,2022,0.06378631962205397,Düşük Risk,0.0201180577654078,Düşük Risk,0.08047463421232548,Düşük Risk,0.00018107170007017359,Düşük Risk,0.018292803398082005,Düşük Risk,0.0201180577654078,Düşük Risk,0.39863736639335245,Orta Risk,0.326939819892815,Düşük Risk,0.03278441092564276,Düşük Risk
SİLİVRİ,FENER,SİLİVRİ|FENER,2022,0.12173024798024636,Düşük Risk,0.03503843741611347,Düşük Risk,0.11276641934234724,Düşük Risk,0.004216875249199589,Düşük Risk,0.031917134109749314,Düşük Risk,0.03503843741611347,Düşük Risk,0.4485403671233513,Orta Risk,0.4057393695945948,Orta Risk,0.04026537394767612,Düşük Risk
SİLİVRİ,GAZİTEPE,SİLİVRİ|GAZİTEPE,2022,0.13765994098003773,Düşük Risk,0.03651173059783233,Düşük Risk,0.11813434594620853,Düşük Risk,0.0003871743112750564,Düşük Risk,0.03409073037711175,Düşük Risk,0.03651173059783233,Düşük Risk,0.4613887746076767,Orta Risk,0.4129205435044323,Orta Risk,0.04124961408654421,Düşük Risk
SİLİVRİ,GÜMÜŞYAKA,SİLİVRİ|GÜMÜŞYAKA,2022,0.7254782121722252,Yüksek Risk,0.14860063320933836,Yüksek Risk,0.3737579232341611,Yüksek Risk,0.006615675774069824,Düşük Risk,0.14722594502021982,Orta Risk,0.14860063320933836,Orta Risk,0.5497045394788636,Yüksek Risk,0.5428503348111073,Yüksek Risk,0.15812317299252396,Yüksek Risk
SİLİVRİ,KADIKÖY,SİLİVRİ|KADIKÖY,2022,0.06340182470455459,Düşük Risk,0.023605682345876802,Düşük Risk,0.09009344156228209,Düşük Risk,0.00023576345781659242,Düşük Risk,0.020827400093780046,Düşük Risk,0.023605682345876802,Düşük Risk,0.43738179374060393,Orta Risk,0.37220611791957775,Orta Risk,0.030553871598902545,Düşük Risk
SİLİVRİ,KAVAKLI HÜRRİYET,SİLİVRİ|KAVAKLI HÜRRİYET,2022,0.06532477101688461,Düşük Risk,0.02253290699407946,Düşük Risk,0.08963614578580598,Düşük Risk,7.745912535374333e-05,Düşük Risk,0.022692205416699262,Düşük Risk,0.02253290699407946,Düşük Risk,0.38107620801697567,Düşük Risk,0.2960021796390252,Düşük Risk,0.031747776691924044,Düşük Risk
SİLİVRİ,KAVAKLI İSTİKLAL,SİLİVRİ|KAVAKLI İSTİKLAL,2022,0.10113901702460594,Düşük Risk,0.03352829449516966,Düşük Risk,0.11298203506301858,Düşük Risk,0.000586368444791739,Düşük Risk,0.028345357777051904,Düşük Risk,0.03352829449516966,Düşük Risk,0.47980013777268316,Orta Risk,0.42501861772371835,Orta Risk,0.04406858361290565,Düşük Risk
SİLİVRİ,KURFALLI,SİLİVRİ|KURFALLI,2022,0.031876473348803426,Düşük Risk,0.014013570338102643,Düşük Risk,0.06660962526842383,Düşük Risk,0.00029427355481547195,Düşük Risk,0.012897987226940381,Düşük Risk,0.014013570338102643,Düşük Risk,0.3550149417635774,Düşük Risk,0.28696178323384686,Düşük Risk,0.018853222348766265,Düşük Risk
SİLİVRİ,KÜÇÜK KILIÇLI,SİLİVRİ|KÜÇÜK KILIÇLI,2022,0.07862513006712774,Düşük Risk,0.026712556875755758,Düşük Risk,0.0966427011776126,Düşük Risk,0.00021480319112437914,Düşük Risk,0.023079937027126643,Düşük Risk,0.026712556875755758,Düşük Risk,0.4451885621327621,Orta Risk,0.38730635222547877,Orta Risk,0.034147117645187915,Düşük Risk
SİLİVRİ,KÜÇÜK SİNEKLİ,SİLİVRİ|KÜÇÜK SİNEKLİ,2022,0.005594318129681664,Düşük Risk,0.0061568715713120736,Düşük Risk,0.05228705935210268,Düşük Risk,1.4596508068423686e-05,Düşük Risk,0.009581148975303242,Düşük Risk,0.0061568715713120736,Düşük Risk,0.2884538368233282,Düşük Risk,0.16441510105121349,Düşük Risk,0.010924648784494697,Düşük Risk
SİLİVRİ,MİMAR SİNAN,SİLİVRİ|MİMAR SİNAN,2022,0.7735831892431732,Yüksek Risk,0.16393929717403627,Yüksek Risk,0.3946439590326747,Yüksek Risk,0.017409150043218996,Orta Risk,0.1511463302444144,Orta Risk,0.16393929717403627,Orta Risk,0.5919294833956937,Yüksek Risk,0.5940140941466198,Yüksek Risk,0.16858809215110426,Yüksek Risk
SİLİVRİ,ORTAKÖY,SİLİVRİ|ORTAKÖY,2022,0.21179614606140634,Düşük Risk,0.053021009315920464,Düşük Risk,0.15391164008599334,Orta Risk,0.004112941230864137,Düşük Risk,0.05077878758329199,Düşük Risk,0.053021009315920464,Düşük Risk,0.48657220376793553,Orta Risk,0.45292883149139274,Orta Risk,0.05976812575145336,Düşük Risk
SİLİVRİ,PİRİ MEHMET PAŞA,SİLİVRİ|PİRİ MEHMET PAŞA,2022,0.13052642775103412,Düşük Risk,0.03497680320930163,Düşük Risk,0.11249110299775726,Düşük Risk,0.000557757068820582,Düşük Risk,0.03023144044699272,Düşük Risk,0.03497680320930163,Düşük Risk,0.4651307401599764,Orta Risk,0.41494581899591193,Orta Risk,0.04491167221488369,Düşük Risk
SİLİVRİ,SAYALAR,SİLİVRİ|SAYALAR,2022,0.042288602768525245,Düşük Risk,0.01842603889740521,Düşük Risk,0.07364160180615721,Düşük Risk,0.0029012938252356746,Düşük Risk,0.01515760853018342,Düşük Risk,0.01842603889740521,Düşük Risk,0.38287272759774316,Düşük Risk,0.3269856759328712,Düşük Risk,0.023189244221035462,Düşük Risk
SİLİVRİ,SELİMPAŞA,SİLİVRİ|SELİMPAŞA,2022,0.7557764707034685,Yüksek Risk,0.15968575207987476,Yüksek Risk,0.3893059629410772,Yüksek Risk,0.013324582413914177,Orta Risk,0.14732873677375313,Orta Risk,0.15968575207987476,Orta Risk,0.5970828678793454,Yüksek Risk,0.5925177135569853,Yüksek Risk,0.16489298472580544,Yüksek Risk
SİLİVRİ,SEMİZKUMLAR,SİLİVRİ|SEMİZKUMLAR,2022,0.5036269577598714,Yüksek Risk,0.10979112893534558,Orta Risk,0.2706492692845386,Yüksek Risk,0.010459726888531912,Orta Risk,0.0998046679138372,Orta Risk,0.10979112893534558,Düşük Risk,0.5559696233812387,Yüksek Risk,0.5386520860128694,Yüksek Risk,0.11889500869783778,Orta Risk
SİLİVRİ,SEYMEN,SİLİVRİ|SEYMEN,2022,0.6462384731719952,Yüksek Risk,0.14499280172824794,Yüksek Risk,0.35163478841166224,Yüksek Risk,0.03216756862758151,Orta Risk,0.13958705316268155,Orta Risk,0.14499280172824794,Orta Risk,0.5687352732853864,Yüksek Risk,0.5734340582403137,Yüksek Risk,0.14585165066767267,Yüksek Risk
SİLİVRİ,SEYMEN MAHALLE,SİLİVRİ|SEYMEN MAHALLE,2022,0.10615066484008046,Düşük Risk,0.03460163719489881,Düşük Risk,0.09288091564239448,Düşük Risk,6.764125704214955e-06,Düşük Risk,0.04708002909019252,Düşük Risk,0.03460163719489881,Düşük Risk,0.3618846306983292,Düşük Risk,0.2108678938927333,Düşük Risk,0.04631992904388054,Düşük Risk
SİLİVRİ,YOLÇATI,SİLİVRİ|YOLÇATI,2022,0.016453088929397213,Düşük Risk,0.010709067530065395,Düşük Risk,0.06046195201274479,Düşük Risk,0.00034503652086815986,Düşük Risk,0.011182345229337642,Düşük Risk,0.010709067530065395,Düşük Risk,0.3225411880508367,Düşük Risk,0.22313896316782672,Düşük Risk,0.018478703961268658,Düşük Risk
SİLİVRİ,ÇANTA BALABAN,SİLİVRİ|ÇANTA BALABAN,2022,0.6127236409460403,Yüksek Risk,0.15839352993976186,Yüksek Risk,0.3332898911670929,Yüksek Risk,0.0187806203753051,Orta Risk,0.14525504429489627,Orta Risk,0.15839352993976186,Orta Risk,0.5725747507308322,Yüksek Risk,0.5665076047957939,Yüksek Risk,0.16488835551456543,Yüksek Risk
SİLİVRİ,ÇANTA SANCAKTEPE,SİLİVRİ|ÇANTA SANCAKTEPE,2022,0.45071635326950904,Orta Risk,0.11660998932700009,Orta Risk,0.2619166726688922,Yüksek Risk,0.031243989146550268,Orta Risk,0.1042236311854097,Orta Risk,0.11660998932700009,Orta Risk,0.5862926843814622,Yüksek Risk,0.5713240392057377,Yüksek Risk,0.12551503511236609,Orta Risk
SİLİVRİ,ÇAYIRDERE,SİLİVRİ|ÇAYIRDERE,2022,0.11105581559272709,Düşük Risk,0.040830121592585006,Düşük Risk,0.12095803780883073,Düşük Risk,0.010359000627499603,Orta Risk,0.035981214801189834,Düşük Risk,0.040830121592585006,Düşük Risk,0.5019871879547583,Orta Risk,0.4592235022440318,Orta Risk,0.04697815922267277,Düşük Risk
SİLİVRİ,ÇELTİK,SİLİVRİ|ÇELTİK,2022,0.10904885890790147,Düşük Risk,0.04309618913567128,Düşük Risk,0.12886644183592197,Düşük Risk,0.011020072387429747,Orta Risk,0.035418515824062274,Düşük Risk,0.04309618913567128,Düşük Risk,0.5204790550702096,Orta Risk,0.4701540134673796,Orta Risk,0.056505547419768945,Düşük Risk
TUZLA,AKFIRAT,TUZLA|AKFIRAT,2022,0.1874413101845163,Düşük Risk,0.05606957714726717,Düşük Risk,0.18106427557046015,Orta Risk,0.01846551510545188,Orta Risk,0.048447707383628566,Düşük Risk,0.05606957714726717,Düşük Risk,0.5298789794061443,Orta Risk,0.5126300054545575,Yüksek Risk,0.060418081134988144,Düşük Risk
TUZLA,ANADOLU,TUZLA|ANADOLU,2022,0.18943909629901481,Düşük Risk,0.06635154874732374,Orta Risk,0.19342089875751417,Orta Risk,0.006809224098322152,Düşük Risk,0.0705782843495578,Düşük Risk,0.06635154874732374,Düşük Risk,0.5194236328820563,Orta Risk,0.48494006352507274,Orta Risk,0.06951993337743426,Orta Risk
TUZLA,AYDINLI,TUZLA|AYDINLI,2022,0.7091177687142053,Yüksek Risk,0.3436178876013869,Yüksek Risk,0.46192943075654125,Yüksek Risk,0.045635713975336896,Orta Risk,0.35335577240579813,Yüksek Risk,0.3436178876013869,Yüksek Risk,0.6788955530215419,Yüksek Risk,0.698582807399409,Yüksek Risk,0.3454750572496843,Yüksek Risk
TUZLA,AYDINTEPE,TUZLA|AYDINTEPE,2022,0.2953379609462564,Orta Risk,0.0769415439832951,Orta Risk,0.2268787861888483,Orta Risk,0.008300026314017493,Orta Risk,0.06227448357359549,Düşük Risk,0.0769415439832951,Düşük Risk,0.5715155689893896,Yüksek Risk,0.5425833819440227,Yüksek Risk,0.08836157659893637,Orta Risk
TUZLA,CAMİ,TUZLA|CAMİ,2022,0.08706737737340689,Düşük Risk,0.0341738538092236,Düşük Risk,0.14420136009498116,Orta Risk,0.00044624912107835336,Düşük Risk,0.027893461065809918,Düşük Risk,0.0341738538092236,Düşük Risk,0.47238579215458065,Orta Risk,0.4382895240529602,Orta Risk,0.040543037614932095,Düşük Risk
TUZLA,EVLİYA ÇELEBİ,TUZLA|EVLİYA ÇELEBİ,2022,0.19141162123242506,Düşük Risk,0.06323468049679314,Orta Risk,0.19569100381647264,Orta Risk,0.008271936536333293,Orta Risk,0.04920932878440158,Düşük Risk,0.06323468049679314,Düşük Risk,0.5688731801073967,Yüksek Risk,0.5443601881267768,Yüksek Risk,0.07057017407184274,Orta Risk
TUZLA,FATİH,TUZLA|FATİH,2022,0.039491187178579884,Düşük Risk,0.02760111865883267,Düşük Risk,0.12339449095839523,Düşük Risk,0.006691786611128859,Düşük Risk,0.024141420363996646,Düşük Risk,0.02760111865883267,Düşük Risk,0.4562588454654708,Orta Risk,0.41066189110049767,Orta Risk,0.03177746907066476,Düşük Risk
TUZLA,MESCİT,TUZLA|MESCİT,2022,0.035023451049713716,Düşük Risk,0.037071624195733684,Düşük Risk,0.12204359854505423,Düşük Risk,0.005947583619420744,Düşük Risk,0.037091441869382034,Düşük Risk,0.037071624195733684,Düşük Risk,0.42640480653198415,Orta Risk,0.3757929932969628,Orta Risk,0.045779671874273044,Düşük Risk
TUZLA,MİMAR SİNAN,TUZLA|MİMAR SİNAN,2022,0.3796088543656568,Orta Risk,0.08962914483770586,Orta Risk,0.2638174148553789,Yüksek Risk,0.0005807593472341423,Düşük Risk,0.07807899996690171,Düşük Risk,0.08962914483770586,Düşük Risk,0.5579562238765907,Yüksek Risk,0.5427721726088257,Yüksek Risk,0.10281591584234664,Orta Risk
TUZLA,ORHANLI,TUZLA|ORHANLI,2022,0.033844981847203616,Düşük Risk,0.32461755750619914,Yüksek Risk,0.2040911814010282,Orta Risk,0.010566526619300144,Orta Risk,0.47279537367771896,Yüksek Risk,0.32461755750619914,Yüksek Risk,0.45196837715711474,Düşük Risk,0.4082175893890891,Orta Risk,0.32307137648650847,Yüksek Risk
TUZLA,ORTA,TUZLA|ORTA,2022,0.212125445196243,Düşük Risk,0.08275642629976011,Orta Risk,0.21630551830979214,Orta Risk,0.015156423817516885,Orta Risk,0.06880232049204217,Düşük Risk,0.08275642629976011,Düşük Risk,0.601436036980957,Yüksek Risk,0.5818108995357545,Yüksek Risk,0.09018232527678871,Orta Risk
TUZLA,POSTANE,TUZLA|POSTANE,2022,0.24449759047940586,Orta Risk,0.0795679761836459,Orta Risk,0.22234200461342238,Orta Risk,0.009533039789030171,Orta Risk,0.06293810508224382,Düşük Risk,0.0795679761836459,Düşük Risk,0.5728513377349735,Yüksek Risk,0.5637558080131865,Yüksek Risk,0.08336778464032328,Orta Risk
TUZLA,TEPEÖREN,TUZLA|TEPEÖREN,2022,0.35033103461473636,Orta Risk,0.15667430711803618,Yüksek Risk,0.291161732079902,Yüksek Risk,0.04022035867564388,Orta Risk,0.1537272952283423,Orta Risk,0.15667430711803618,Orta Risk,0.6435181982908299,Yüksek Risk,0.6392821775083849,Yüksek Risk,0.1605450507604116,Yüksek Risk
TUZLA,YAYLA,TUZLA|YAYLA,2022,0.32783927110809397,Orta Risk,0.10087141800083363,Orta Risk,0.2676309829459533,Yüksek Risk,0.013043624257585854,Orta Risk,0.08190519085355452,Orta Risk,0.10087141800083363,Düşük Risk,0.6142022087425111,Yüksek Risk,0.6034581497747578,Yüksek Risk,0.10929394124116801,Orta Risk
TUZLA,İSTASYON,TUZLA|İSTASYON,2022,0.23100171475405668,Orta Risk,0.09063970066939911,Orta Risk,0.2199562796520502,Orta Risk,0.01612319448261636,Orta Risk,0.07323018213616722,Düşük Risk,0.09063970066939911,Düşük Risk,0.5934845279442899,Yüksek Risk,0.5779392500872246,Yüksek Risk,0.09953529395718905,Orta Risk
TUZLA,İÇMELER,TUZLA|İÇMELER,2022,0.1191992220479561,Düşük Risk,0.04247118163898931,Düşük Risk,0.15128870770705588,Orta Risk,0.007653248525890234,Orta Risk,0.03572134346265597,Düşük Risk,0.04247118163898931,Düşük Risk,0.497842942442015,Orta Risk,0.4582791517773747,Orta Risk,0.05310469611310012,Düşük Risk
TUZLA,ŞİFA,TUZLA|ŞİFA,2022,0.3782859785282364,Orta Risk,0.09316168291459134,Orta Risk,0.26031021879404925,Yüksek Risk,0.004832075692576752,Düşük Risk,0.07767723137519959,Düşük Risk,0.09316168291459134,Düşük Risk,0.5568121703097678,Yüksek Risk,0.5455165820565832,Yüksek Risk,0.1031871144557078,Orta Risk
ZEYTİNBURNU,BEŞTELSİZ,ZEYTİNBURNU|BEŞTELSİZ,2022,0.3120638246737194,Orta Risk,0.08147163817025647,Orta Risk,0.21050928705775462,Orta Risk,0.0005909200185761512,Düşük Risk,0.06948887353306585,Düşük Risk,0.08147163817025647,Düşük Risk,0.5640953977425007,Yüksek Risk,0.5321595703037004,Yüksek Risk,0.08932661070161961,Orta Risk
ZEYTİNBURNU,GÖKALP,ZEYTİNBURNU|GÖKALP,2022,0.47483916139637466,Yüksek Risk,0.10480850101191642,Orta Risk,0.2750704608890927,Yüksek Risk,0.0005866836754791882,Düşük Risk,0.10450033097643902,Orta Risk,0.10480850101191642,Orta Risk,0.55274477790807,Yüksek Risk,0.5276902396366909,Yüksek Risk,0.11127988494377235,Orta Risk
ZEYTİNBURNU,KAZLIÇEŞME,ZEYTİNBURNU|KAZLIÇEŞME,2022,0.23016311296038472,Orta Risk,0.06945623087019419,Orta Risk,0.17810743237029864,Orta Risk,0.015040253658346946,Orta Risk,0.06237706211699003,Düşük Risk,0.06945623087019419,Düşük Risk,0.58645040738431,Yüksek Risk,0.5414565422174713,Yüksek Risk,0.08057619555010126,Orta Risk
ZEYTİNBURNU,MALTEPE,ZEYTİNBURNU|MALTEPE,2022,0.22413620327847983,Orta Risk,0.08877948819385542,Orta Risk,0.18321722914753466,Orta Risk,0.022509225754593475,Orta Risk,0.07314223918253675,Düşük Risk,0.08877948819385542,Düşük Risk,0.606518139541515,Yüksek Risk,0.5709976005375448,Yüksek Risk,0.09851429976140501,Orta Risk
ZEYTİNBURNU,MERKEZEFENDİ,ZEYTİNBURNU|MERKEZEFENDİ,2022,0.19968372998900813,Düşük Risk,0.0572164192748183,Düşük Risk,0.15194198478178925,Orta Risk,0.0005047948842325488,Düşük Risk,0.045829448929652086,Düşük Risk,0.0572164192748183,Düşük Risk,0.5215581784767759,Yüksek Risk,0.48162363052313223,Orta Risk,0.06565842030050564,Düşük Risk
ZEYTİNBURNU,NURİPAŞA,ZEYTİNBURNU|NURİPAŞA,2022,0.3980120327074889,Orta Risk,0.08816355490375213,Orta Risk,0.23200737648505534,Orta Risk,0.0005310967096603443,Düşük Risk,0.0804699917119401,Orta Risk,0.08816355490375213,Düşük Risk,0.5322429419356282,Yüksek Risk,0.5055447525744761,Yüksek Risk,0.0946080590082338,Orta Risk
ZEYTİNBURNU,SEYİTNİZAM,ZEYTİNBURNU|SEYİTNİZAM,2022,0.5905144914345193,Yüksek Risk,0.12873235725841578,Yüksek Risk,0.3234125406884397,Yüksek Risk,0.0007527356596105907,Düşük Risk,0.12643823831935438,Orta Risk,0.12873235725841578,Orta Risk,0.5850730357057246,Yüksek Risk,0.5626315097367806,Yüksek Risk,0.13626718268344007,Yüksek Risk
ZEYTİNBURNU,SÜMER,ZEYTİNBURNU|SÜMER,2022,0.4841392834112981,Yüksek Risk,0.11577686997064958,Orta Risk,0.2796054532008399,Yüksek Risk,0.0006211260169739172,Düşük Risk,0.09818045751165544,Orta Risk,0.11577686997064958,Orta Risk,0.5756919155806294,Yüksek Risk,0.5614716308588065,Yüksek Risk,0.12019301249045289,Orta Risk
ZEYTİNBURNU,TELSIZ,ZEYTİNBURNU|TELSIZ,2022,0.4899024808847624,Yüksek Risk,0.10812483284379903,Orta Risk,0.2752603121169917,Yüksek Risk,0.0005446347776114402,Düşük Risk,0.10317846502888596,Orta Risk,0.10812483284379903,Düşük Risk,0.5382200016511445,Yüksek Risk,0.5207558099983424,Yüksek Risk,0.11369426955696421,Orta Risk
ZEYTİNBURNU,VELIEFENDI,ZEYTİNBURNU|VELIEFENDI,2022,0.294821574401467,Orta Risk,0.0693126993352649,Orta Risk,0.181986196563701,Orta Risk,0.00045026782778866966,Düşük Risk,0.06046257672302859,Düşük Risk,0.0693126993352649,Düşük Risk,0.5254769977092592,Yüksek Risk,0.48721249386814497,Orta Risk,0.0763777547314542,Orta Risk
ZEYTİNBURNU,YEŞILTEPE,ZEYTİNBURNU|YEŞILTEPE,2022,0.20612118197027396,Düşük Risk,0.05465048154786922,Düşük Risk,0.15214469251518264,Orta Risk,0.0004521698909239197,Düşük Risk,0.04426468606531951,Düşük Risk,0.05465048154786922,Düşük Risk,0.5172854374898422,Yüksek Risk,0.4745394866822413,Orta Risk,0.06332976714614343,Düşük Risk
ZEYTİNBURNU,ÇIRPICI,ZEYTİNBURNU|ÇIRPICI,2022,0.3525321983802288,Orta Risk,0.0826761203787792,Orta Risk,0.21852492856984326,Orta Risk,0.0005252248569799769,Düşük Risk,0.07522465167235465,Düşük Risk,0.0826761203787792,Düşük Risk,0.5286346526390552,Yüksek Risk,0.5047077513766254,Yüksek Risk,0.08901106273665961,Orta Risk
ÇATALCA,AKALAN,ÇATALCA|AKALAN,2022,0.028747723004372224,Düşük Risk,0.012807558034553242,Düşük Risk,0.05750633846556063,Düşük Risk,0.00021835090687685586,Düşük Risk,0.011961169764287377,Düşük Risk,0.012807558034553242,Düşük Risk,0.356813170038509,Düşük Risk,0.2796543409197639,Düşük Risk,0.018823959312571456,Düşük Risk
ÇATALCA,ATATÜRK,ÇATALCA|ATATÜRK,2022,0.16557687067747662,Düşük Risk,0.05382571441423598,Düşük Risk,0.13535132158060323,Düşük Risk,0.019137401126641616,Orta Risk,0.04620488516449656,Düşük Risk,0.05382571441423598,Düşük Risk,0.5235051596459549,Yüksek Risk,0.5004033422693698,Yüksek Risk,0.057091597826496844,Düşük Risk
ÇATALCA,AYDINLAR,ÇATALCA|AYDINLAR,2022,0.021847796980201478,Düşük Risk,0.011346010030394971,Düşük Risk,0.055107656991188796,Düşük Risk,0.00021429236320776263,Düşük Risk,0.01025230008076855,Düşük Risk,0.011346010030394971,Düşük Risk,0.33854251183112277,Düşük Risk,0.26985433099640765,Düşük Risk,0.016103653565543913,Düşük Risk
ÇATALCA,BAHŞAYİŞ,ÇATALCA|BAHŞAYİŞ,2022,0.04561767339573003,Düşük Risk,0.016508958880649006,Düşük Risk,0.06769655391582903,Düşük Risk,0.00016474300585393026,Düşük Risk,0.01337652416206166,Düşük Risk,0.016508958880649006,Düşük Risk,0.39020016093221893,Orta Risk,0.3197494205401221,Düşük Risk,0.025144395224890103,Düşük Risk
ÇATALCA,BAŞAK,ÇATALCA|BAŞAK,2022,0.07678687392579696,Düşük Risk,0.022147611549450455,Düşük Risk,0.07942218611023362,Düşük Risk,0.00016706523986745566,Düşük Risk,0.023932456139323554,Düşük Risk,0.022147611549450455,Düşük Risk,0.3905611377893443,Orta Risk,0.3338563490569767,Düşük Risk,0.024569566317252798,Düşük Risk
ÇATALCA,BELGRAT,ÇATALCA|BELGRAT,2022,0.016548462934580052,Düşük Risk,0.011410859603158217,Düşük Risk,0.051135043534747474,Düşük Risk,0.0015184207333541714,Düşük Risk,0.010603598418928172,Düşük Risk,0.011410859603158217,Düşük Risk,0.3211091077350659,Düşük Risk,0.24795372556191755,Düşük Risk,0.015767933733752515,Düşük Risk
ÇATALCA,CELEPKÖY,ÇATALCA|CELEPKÖY,2022,0.024167421178497964,Düşük Risk,0.012441256100353347,Düşük Risk,0.05668436774204268,Düşük Risk,0.0001107557452861823,Düşük Risk,0.012856626191085824,Düşük Risk,0.012441256100353347,Düşük Risk,0.3273759542345578,Düşük Risk,0.25776763120568147,Düşük Risk,0.014900881731716735,Düşük Risk
ÇATALCA,DAĞYENİCE,ÇATALCA|DAĞYENİCE,2022,0.048577390559855035,Düşük Risk,0.01751881405940578,Düşük Risk,0.06865742850811835,Düşük Risk,0.00013309593833191546,Düşük Risk,0.01473020543167921,Düşük Risk,0.01751881405940578,Düşük Risk,0.36845497522434656,Düşük Risk,0.3040740380807777,Düşük Risk,0.02245826614286587,Düşük Risk
ÇATALCA,ELBASAN,ÇATALCA|ELBASAN,2022,0.05131018114184348,Düşük Risk,0.020764435358104606,Düşük Risk,0.07528815603473595,Düşük Risk,0.00028334034588073994,Düşük Risk,0.018260298666490298,Düşük Risk,0.020764435358104606,Düşük Risk,0.4130662938227735,Orta Risk,0.3497171682032663,Orta Risk,0.027076231985937754,Düşük Risk
ÇATALCA,FATİH,ÇATALCA|FATİH,2022,0.15604064112554045,Düşük Risk,0.05628478766272729,Düşük Risk,0.1262505323205415,Düşük Risk,0.008509488664376045,Orta Risk,0.05073599782094282,Düşük Risk,0.05628478766272729,Düşük Risk,0.474117986802153,Orta Risk,0.43500130982752133,Orta Risk,0.06033342252562351,Düşük Risk
ÇATALCA,FERHATPAŞA,ÇATALCA|FERHATPAŞA,2022,0.5964981343690996,Yüksek Risk,0.13028085557289668,Yüksek Risk,0.31513024723257194,Yüksek Risk,0.0008571780120587368,Düşük Risk,0.11884257818883778,Orta Risk,0.13028085557289668,Orta Risk,0.5684277099061508,Yüksek Risk,0.5587445787719902,Yüksek Risk,0.13321172663726263,Yüksek Risk
ÇATALCA,GÖKÇEALİ,ÇATALCA|GÖKÇEALİ,2022,0.1209000771189667,Düşük Risk,0.0323400691816592,Düşük Risk,0.10118505172170994,Düşük Risk,0.0005441565794789425,Düşük Risk,0.03783137804533587,Düşük Risk,0.0323400691816592,Düşük Risk,0.43660597105648874,Orta Risk,0.36970207335841593,Orta Risk,0.03868830538059031,Düşük Risk
ÇATALCA,GÜMÜŞPINAR,ÇATALCA|GÜMÜŞPINAR,2022,0.04931646866306574,Düşük Risk,0.029882931387001356,Düşük Risk,0.09960706865740718,Düşük Risk,0.0021760994655567146,Düşük Risk,0.0340300270849808,Düşük Risk,0.029882931387001356,Düşük Risk,0.38286844758788086,Düşük Risk,0.35084784411671327,Orta Risk,0.03253163080150574,Düşük Risk
ÇATALCA,HALLAÇLI,ÇATALCA|HALLAÇLI,2022,0.056447715293810825,Düşük Risk,0.020871740497969672,Düşük Risk,0.07216133619591038,Düşük Risk,0.000716374713184454,Düşük Risk,0.019452741183304794,Düşük Risk,0.020871740497969672,Düşük Risk,0.37317130516320063,Düşük Risk,0.33384590636742373,Düşük Risk,0.024500133125206366,Düşük Risk
ÇATALCA,HİSARBEYLİ,ÇATALCA|HİSARBEYLİ,2022,0.03156554318211018,Düşük Risk,0.012940426112840958,Düşük Risk,0.05846423736781344,Düşük Risk,4.793841738691638e-05,Düşük Risk,0.013118210523677665,Düşük Risk,0.012940426112840958,Düşük Risk,0.3479844137251456,Düşük Risk,0.2611626472080835,Düşük Risk,0.016956554460350468,Düşük Risk
ÇATALCA,KABAKÇA,ÇATALCA|KABAKÇA,2022,0.0887098979163031,Düşük Risk,0.02496490361326146,Düşük Risk,0.08366357048126462,Düşük Risk,0.0003346996297401528,Düşük Risk,0.02553785706974736,Düşük Risk,0.02496490361326146,Düşük Risk,0.39983145753822075,Orta Risk,0.34497448056676044,Orta Risk,0.030328414378057188,Düşük Risk
ÇATALCA,KALEİÇİ,ÇATALCA|KALEİÇİ,2022,0.3412363485146004,Orta Risk,0.07932491161406434,Orta Risk,0.20024231031492415,Orta Risk,0.014758556577049522,Orta Risk,0.07710700278238973,Düşük Risk,0.07932491161406434,Düşük Risk,0.5494869210630997,Yüksek Risk,0.5196399916192151,Yüksek Risk,0.0855573117982093,Orta Risk
ÇATALCA,KALFA,ÇATALCA|KALFA,2022,0.02857490362429666,Düşük Risk,0.016604385563184963,Düşük Risk,0.05842831308610568,Düşük Risk,0.00036920968133708344,Düşük Risk,0.01566537690446113,Düşük Risk,0.016604385563184963,Düşük Risk,0.3619721941532318,Düşük Risk,0.28423650010652884,Düşük Risk,0.022771155955999507,Düşük Risk
ÇATALCA,KARACAKÖY MERKEZ,ÇATALCA|KARACAKÖY MERKEZ,2022,0.053144034766149574,Düşük Risk,0.01797735658615141,Düşük Risk,0.06976062128846484,Düşük Risk,0.0002360131356756083,Düşük Risk,0.01540019479122325,Düşük Risk,0.01797735658615141,Düşük Risk,0.38808362791208867,Orta Risk,0.33083266838406394,Düşük Risk,0.023081880085411916,Düşük Risk
ÇATALCA,KARAMANDERE,ÇATALCA|KARAMANDERE,2022,0.02652485641593541,Düşük Risk,0.01259203691746137,Düşük Risk,0.05694506595481294,Düşük Risk,0.0002510382385559275,Düşük Risk,0.011365893329634832,Düşük Risk,0.01259203691746137,Düşük Risk,0.34564506560644936,Düşük Risk,0.2767722991436919,Düşük Risk,0.017558491871349904,Düşük Risk
ÇATALCA,KESTANELİK,ÇATALCA|KESTANELİK,2022,0.18692870746694853,Düşük Risk,0.04525212497863271,Düşük Risk,0.13316517172693032,Düşük Risk,0.0003561087112011717,Düşük Risk,0.042952458421778035,Düşük Risk,0.04525212497863271,Düşük Risk,0.46360261470713265,Orta Risk,0.424035779137791,Orta Risk,0.048856998530581154,Düşük Risk
ÇATALCA,KIZILCAALİ,ÇATALCA|KIZILCAALİ,2022,0.03578730889696503,Düşük Risk,0.013314949035894766,Düşük Risk,0.05948700039102868,Düşük Risk,0.0001748868562922835,Düşük Risk,0.012417132935834492,Düşük Risk,0.013314949035894766,Düşük Risk,0.3512692610705354,Düşük Risk,0.2860283872610865,Düşük Risk,0.017064022528928784,Düşük Risk
ÇATALCA,MURATBEY MERKEZ,ÇATALCA|MURATBEY MERKEZ,2022,0.09439825919444274,Düşük Risk,0.03152305596479779,Düşük Risk,0.0945971478791533,Düşük Risk,0.004376947900004373,Düşük Risk,0.02900211409606228,Düşük Risk,0.03152305596479779,Düşük Risk,0.4692084178571114,Orta Risk,0.4075228095254537,Orta Risk,0.0421158492109458,Düşük Risk
ÇATALCA,NAKKAŞ,ÇATALCA|NAKKAŞ,2022,0.08180991781392055,Düşük Risk,0.024794198425312098,Düşük Risk,0.08288754215601075,Düşük Risk,0.006114552698649995,Düşük Risk,0.027148016915846514,Düşük Risk,0.024794198425312098,Düşük Risk,0.42823835363848906,Orta Risk,0.3539503767351129,Orta Risk,0.0318008946337165,Düşük Risk
ÇATALCA,OKLALI,ÇATALCA|OKLALI,2022,0.08171312265636077,Düşük Risk,0.027104805834062336,Düşük Risk,0.09214125220196835,Düşük Risk,0.0002826254051078754,Düşük Risk,0.024068620296815377,Düşük Risk,0.027104805834062336,Düşük Risk,0.4197293283100863,Orta Risk,0.3729194657942169,Orta Risk,0.031674395683551335,Düşük Risk
ÇATALCA,ORMANLI,ÇATALCA|ORMANLI,2022,0.07930639910911233,Düşük Risk,0.023635341397151132,Düşük Risk,0.08198494221497107,Düşük Risk,0.0002911731353327576,Düşük Risk,0.023136891938577056,Düşük Risk,0.023635341397151132,Düşük Risk,0.40937410283174935,Orta Risk,0.35761758122680715,Orta Risk,0.026928977694709182,Düşük Risk
ÇATALCA,OVAYENİCE,ÇATALCA|OVAYENİCE,2022,0.059205135278350335,Düşük Risk,0.019571260515410294,Düşük Risk,0.0733744932882301,Düşük Risk,0.00040735968060527433,Düşük Risk,0.021513461918903156,Düşük Risk,0.019571260515410294,Düşük Risk,0.4175413501639695,Orta Risk,0.3259578226799179,Düşük Risk,0.03032795220653548,Düşük Risk
ÇATALCA,SUBAŞI,ÇATALCA|SUBAŞI,2022,0.07813300436135312,Düşük Risk,0.02905403409969589,Düşük Risk,0.0887933963468313,Düşük Risk,0.00967900777654238,Orta Risk,0.02211381582745745,Düşük Risk,0.02905403409969589,Düşük Risk,0.4516954380143495,Orta Risk,0.4135550838646974,Orta Risk,0.03475660696505816,Düşük Risk
ÇATALCA,YALIKÖY,ÇATALCA|YALIKÖY,2022,0.07587752123883962,Düşük Risk,0.026596625946048776,Düşük Risk,0.0795218088472932,Düşük Risk,0.012218371589507403,Orta Risk,0.02428817733489838,Düşük Risk,0.026596625946048776,Düşük Risk,0.40665086205246304,Orta Risk,0.37923301125035347,Orta Risk,0.030657815655733868,Düşük Risk
ÇATALCA,YAYLACIK,ÇATALCA|YAYLACIK,2022,0.006280632349305101,Düşük Risk,0.007017254997712621,Düşük Risk,0.04632087334605623,Düşük Risk,6.382096408399267e-05,Düşük Risk,0.008423918519478614,Düşük Risk,0.007017254997712621,Düşük Risk,0.27012141443126625,Düşük Risk,0.20037483425473293,Düşük Risk,0.009221002533269552,Düşük Risk
ÇATALCA,YAZLIK,ÇATALCA|YAZLIK,2022,0.017891510297346185,Düşük Risk,0.012394641881170424,Düşük Risk,0.0585085634231023,Düşük Risk,0.0001981093495695549,Düşük Risk,0.011196771865786563,Düşük Risk,0.012394641881170424,Düşük Risk,0.3356806001705307,Düşük Risk,0.2740488467218277,Düşük Risk,0.0165637345020356,Düşük Risk
ÇATALCA,ÇAKIL,ÇATALCA|ÇAKIL,2022,0.1250821827746286,Düşük Risk,0.03552424253304443,Düşük Risk,0.10316947050187697,Düşük Risk,0.005161119080175295,Düşük Risk,0.03234316829931929,Düşük Risk,0.03552424253304443,Düşük Risk,0.47312600398905164,Orta Risk,0.41920402441353816,Orta Risk,0.04401956156510426,Düşük Risk
ÇATALCA,ÇANAKÇA,ÇATALCA|ÇANAKÇA,2022,0.11149142464003609,Düşük Risk,0.03097612691786988,Düşük Risk,0.09937603121691947,Düşük Risk,0.00032493268057726116,Düşük Risk,0.028016035915724907,Düşük Risk,0.03097612691786988,Düşük Risk,0.4288394952924766,Orta Risk,0.38578299718249554,Orta Risk,0.0349023358960351,Düşük Risk
ÇATALCA,ÇİFTLİKKÖY,ÇATALCA|ÇİFTLİKKÖY,2022,0.0616750685266519,Düşük Risk,0.02096115165798016,Düşük Risk,0.0770923621200528,Düşük Risk,0.00024046395901887425,Düşük Risk,0.01744561094270472,Düşük Risk,0.02096115165798016,Düşük Risk,0.4071523380322551,Orta Risk,0.35660783010746533,Orta Risk,0.02484032506681115,Düşük Risk
ÇATALCA,ÖRCÜNLÜ,ÇATALCA|ÖRCÜNLÜ,2022,0.05639663873758983,Düşük Risk,0.022965543838617593,Düşük Risk,0.08098872597450402,Düşük Risk,0.0003259081889040773,Düşük Risk,0.020237800078736667,Düşük Risk,0.022965543838617593,Düşük Risk,0.39381978347878505,Orta Risk,0.3417599982607444,Orta Risk,0.027956268354840892,Düşük Risk
ÇATALCA,ÖRENCİK,ÇATALCA|ÖRENCİK,2022,0.06843022134738447,Düşük Risk,0.02126180153720917,Düşük Risk,0.07528164672321264,Düşük Risk,0.00012250038691282933,Düşük Risk,0.019846471406640843,Düşük Risk,0.02126180153720917,Düşük Risk,0.3887081470394578,Orta Risk,0.32931583443779233,Düşük Risk,0.02438663149401367,Düşük Risk
ÇATALCA,İHSANİYE,ÇATALCA|İHSANİYE,2022,0.04961106021066052,Düşük Risk,0.01721466306594928,Düşük Risk,0.06826276060266373,Düşük Risk,0.00024474001640686915,Düşük Risk,0.014809697263902024,Düşük Risk,0.01721466306594928,Düşük Risk,0.3880995661985958,Orta Risk,0.3237484978058193,Düşük Risk,0.023084150712019316,Düşük Risk
ÇATALCA,İNCEĞİZ,ÇATALCA|İNCEĞİZ,2022,0.11310557224061113,Düşük Risk,0.030311910623141244,Düşük Risk,0.09415101495602247,Düşük Risk,0.0005146576924926037,Düşük Risk,0.027104291259922118,Düşük Risk,0.030311910623141244,Düşük Risk,0.4472706200758209,Orta Risk,0.3915457801696338,Orta Risk,0.0371612817147674,Düşük Risk
ÇATALCA,İZZETTİN,ÇATALCA|İZZETTİN,2022,0.06329978105270628,Düşük Risk,0.11105098512013185,Orta Risk,0.09916985296373682,Düşük Risk,0.0008779079932140213,Düşük Risk,0.18383912597161786,Orta Risk,0.11105098512013185,Düşük Risk,0.4142175542074165,Orta Risk,0.3420152588081089,Orta Risk,0.11715552471013546,Orta Risk
ÇEKMEKÖY,ALEMDAĞ,ÇEKMEKÖY|ALEMDAĞ,2022,0.11070744064164413,Düşük Risk,0.034669055892145244,Düşük Risk,0.10663355611991872,Düşük Risk,0.0013610035644216157,Düşük Risk,0.033639073276737035,Düşük Risk,0.034669055892145244,Düşük Risk,0.4050378672655444,Düşük Risk,0.3429057778573458,Orta Risk,0.040220200142897046,Düşük Risk
ÇEKMEKÖY,AYDINLAR,ÇEKMEKÖY|AYDINLAR,2022,0.15948123725707458,Düşük Risk,0.05040094726407683,Düşük Risk,0.15287232933069522,Orta Risk,0.008016771553797293,Orta Risk,0.04535733724309953,Düşük Risk,0.05040094726407683,Düşük Risk,0.5020026649906629,Orta Risk,0.47722942110357985,Orta Risk,0.05520832874422771,Düşük Risk
ÇEKMEKÖY,CUMHURİYET,ÇEKMEKÖY|CUMHURİYET,2022,0.16421037991626752,Düşük Risk,0.05046586814086423,Düşük Risk,0.15157608757164248,Orta Risk,0.00043233858591050717,Düşük Risk,0.04268695940577088,Düşük Risk,0.05046586814086423,Düşük Risk,0.4883374476633994,Orta Risk,0.46290370116268076,Orta Risk,0.05406728109850261,Düşük Risk
ÇEKMEKÖY,EKŞİOĞLU,ÇEKMEKÖY|EKŞİOĞLU,2022,0.26221574057872477,Orta Risk,0.070367287895866,Orta Risk,0.1904007243983318,Orta Risk,0.01323183500004686,Orta Risk,0.05906255513877762,Düşük Risk,0.070367287895866,Düşük Risk,0.5646116738634486,Yüksek Risk,0.5409188194056722,Yüksek Risk,0.07542635628189333,Orta Risk
ÇEKMEKÖY,GÜNGÖREN,ÇEKMEKÖY|GÜNGÖREN,2022,0.12297040105857712,Düşük Risk,0.040304719743644656,Düşük Risk,0.13468231977368053,Düşük Risk,0.00016815152073264338,Düşük Risk,0.03734698240369528,Düşük Risk,0.040304719743644656,Düşük Risk,0.4521042353517623,Orta Risk,0.4072599434809543,Orta Risk,0.04598767509588725,Düşük Risk
ÇEKMEKÖY,HAMİDİYE,ÇEKMEKÖY|HAMİDİYE,2022,0.2027414862967843,Düşük Risk,0.05584164727144625,Düşük Risk,0.15417430189922235,Orta Risk,0.0004940746511714757,Düşük Risk,0.04604234238396614,Düşük Risk,0.05584164727144625,Düşük Risk,0.509153063371068,Orta Risk,0.474292629269033,Orta Risk,0.06249091204912345,Düşük Risk
ÇEKMEKÖY,HÜSEYİNLİ,ÇEKMEKÖY|HÜSEYİNLİ,2022,0.04214231816478039,Düşük Risk,0.019605213513928414,Düşük Risk,0.07906839419956477,Düşük Risk,0.0020088243810643955,Düşük Risk,0.017475124160423305,Düşük Risk,0.019605213513928414,Düşük Risk,0.37634316271981333,Düşük Risk,0.3185648157719434,Düşük Risk,0.023728710409360896,Düşük Risk
ÇEKMEKÖY,KOÇULLU,ÇEKMEKÖY|KOÇULLU,2022,0.040919068539815244,Düşük Risk,0.02072059545314608,Düşük Risk,0.09156238279300821,Düşük Risk,0.00020165948385261268,Düşük Risk,0.018258658909948437,Düşük Risk,0.02072059545314608,Düşük Risk,0.3898023417767759,Orta Risk,0.3509511675352086,Orta Risk,0.023261126807631087,Düşük Risk
ÇEKMEKÖY,KİRAZLIDERE,ÇEKMEKÖY|KİRAZLIDERE,2022,0.12589204255630237,Düşük Risk,0.04692010401663343,Düşük Risk,0.14865956268638877,Orta Risk,0.00038141511552047125,Düşük Risk,0.042244931312237013,Düşük Risk,0.04692010401663343,Düşük Risk,0.4859932100235512,Orta Risk,0.4541758310556582,Orta Risk,0.051564387350498904,Düşük Risk
ÇEKMEKÖY,MEHMET AKİF,ÇEKMEKÖY|MEHMET AKİF,2022,0.34541295410601286,Orta Risk,0.08054017868928573,Orta Risk,0.2109888020484053,Orta Risk,0.0006409848315228778,Düşük Risk,0.07277440797607701,Düşük Risk,0.08054017868928573,Düşük Risk,0.5247516678313131,Yüksek Risk,0.5000585207696905,Yüksek Risk,0.08615522321846884,Orta Risk
ÇEKMEKÖY,SARIYER MERKEZ,ÇEKMEKÖY|SARIYER MERKEZ,2022,0.338897447417437,Orta Risk,0.11390451385316794,Orta Risk,0.2542531796915002,Orta Risk,0.01836451382710527,Orta Risk,0.10387813993888426,Orta Risk,0.11390451385316794,Düşük Risk,0.5784001564267529,Yüksek Risk,0.5616012453587852,Yüksek Risk,0.12245155478215833,Orta Risk
ÇEKMEKÖY,MİMAR SİNAN,ÇEKMEKÖY|MİMAR SİNAN,2022,0.1577204233587473,Düşük Risk,0.05194295869185976,Düşük Risk,0.15156560048358836,Orta Risk,0.0009592297832875389,Düşük Risk,0.0437634544529116,Düşük Risk,0.05194295869185976,Düşük Risk,0.5274405835191504,Orta Risk,0.4875900404545895,Orta Risk,0.06156433735666526,Düşük Risk
ÇEKMEKÖY,NİŞANTEPE,ÇEKMEKÖY|NİŞANTEPE,2022,0.11766626568061168,Düşük Risk,0.06196173199614945,Orta Risk,0.13542738659396958,Düşük Risk,0.015229653027137097,Orta Risk,0.05251085106496605,Düşük Risk,0.06196173199614945,Düşük Risk,0.5346694393013308,Orta Risk,0.509312156094852,Yüksek Risk,0.0672738474373755,Düşük Risk
ÇEKMEKÖY,REŞADİYE,ÇEKMEKÖY|REŞADİYE,2022,0.04241574915449815,Düşük Risk,0.018184780968328002,Düşük Risk,0.0850388153636342,Düşük Risk,0.00018346170786457034,Düşük Risk,0.015614510453781032,Düşük Risk,0.018184780968328002,Düşük Risk,0.40345040195163656,Orta Risk,0.3424063844890863,Orta Risk,0.023439251545274306,Düşük Risk
ÇEKMEKÖY,SIRAPINAR,ÇEKMEKÖY|SIRAPINAR,2022,0.03850959644089397,Düşük Risk,0.01875480210696992,Düşük Risk,0.08222624415107545,Düşük Risk,0.0011329049261314136,Düşük Risk,0.01700470817131034,Düşük Risk,0.01875480210696992,Düşük Risk,0.3517028700607362,Düşük Risk,0.297853233447489,Düşük Risk,0.02152550885604426,Düşük Risk
ÇEKMEKÖY,SOĞUKPINAR,ÇEKMEKÖY|SOĞUKPINAR,2022,0.08478601398027887,Düşük Risk,0.028108049003802305,Düşük Risk,0.10403594958176215,Düşük Risk,0.001844906356551083,Düşük Risk,0.022060950360903164,Düşük Risk,0.028108049003802305,Düşük Risk,0.4486325552050495,Orta Risk,0.393501241545462,Orta Risk,0.03462574406907598,Düşük Risk
ÇEKMEKÖY,SULTANÇİFTLİĞİ,ÇEKMEKÖY|SULTANÇİFTLİĞİ,2022,0.18085194356284606,Düşük Risk,0.06173047146155334,Orta Risk,0.17998298535070265,Orta Risk,0.0008369277034074941,Düşük Risk,0.05895759095138652,Düşük Risk,0.06173047146155334,Düşük Risk,0.5282430531793165,Orta Risk,0.49805717587076537,Yüksek Risk,0.06801542452898378,Düşük Risk
ÇEKMEKÖY,TAŞDELEN,ÇEKMEKÖY|TAŞDELEN,2022,0.06860792941225902,Düşük Risk,0.03424982927843155,Düşük Risk,0.11332343480074225,Düşük Risk,0.006530560784183424,Düşük Risk,0.02596704386221931,Düşük Risk,0.03424982927843155,Düşük Risk,0.47882424460899176,Orta Risk,0.4439055835502723,Orta Risk,0.03968283983481595,Düşük Risk
ÇEKMEKÖY,ÇAMLIK,ÇEKMEKÖY|ÇAMLIK,2022,0.1842255187887672,Düşük Risk,0.0500712499454295,Düşük Risk,0.1487212960841974,Orta Risk,0.0004517677001276044,Düşük Risk,0.04075420009954098,Düşük Risk,0.0500712499454295,Düşük Risk,0.5013381179454701,Orta Risk,0.4627567795182145,Orta Risk,0.0566027921054034,Düşük Risk
ÇEKMEKÖY,ÇATALMEŞE,ÇEKMEKÖY|ÇATALMEŞE,2022,0.14733070465967812,Düşük Risk,0.04419730138913289,Düşük Risk,0.128568446116703,Düşük Risk,0.011119798983013322,Orta Risk,0.0399743328215984,Düşük Risk,0.04419730138913289,Düşük Risk,0.4534621161303295,Orta Risk,0.42426581840895056,Orta Risk,0.049149889829610535,Düşük Risk
ÇEKMEKÖY,ÖMERLİ,ÇEKMEKÖY|ÖMERLİ,2022,0.10364605099837232,Düşük Risk,0.045046558028060624,Düşük Risk,0.1190522346472031,Düşük Risk,0.014544418062515368,Orta Risk,0.03729889895985665,Düşük Risk,0.045046558028060624,Düşük Risk,0.4947727035124527,Orta Risk,0.4651184877082624,Orta Risk,0.05060396067471901,Düşük Risk
ÜMRANİYE,ADEM YAVUZ,ÜMRANİYE|ADEM YAVUZ,2022,0.23364891570050383,Orta Risk,0.05666551039267481,Düşük Risk,0.16020625280071515,Orta Risk,0.0005055027866745197,Düşük Risk,0.0491619523665727,Düşük Risk,0.05666551039267481,Düşük Risk,0.5163466438892712,Yüksek Risk,0.4695990663047883,Orta Risk,0.06891994014527135,Orta Risk
ÜMRANİYE,ALTINŞEHİR,ÜMRANİYE|ALTINŞEHİR,2022,0.31028776124505236,Orta Risk,0.07131945035930343,Orta Risk,0.1893900935641356,Orta Risk,0.0005105505020956905,Düşük Risk,0.06375336666336656,Düşük Risk,0.07131945035930343,Düşük Risk,0.5185987019740586,Yüksek Risk,0.4792988412564706,Orta Risk,0.0825939946741239,Orta Risk
ÜMRANİYE,ARMAĞANEVLER,ÜMRANİYE|ARMAĞANEVLER,2022,0.33932573439044567,Orta Risk,0.07586882521987703,Orta Risk,0.19036302362278987,Orta Risk,0.006967488809839647,Düşük Risk,0.06941787372215248,Düşük Risk,0.07586882521987703,Düşük Risk,0.5123253317659096,Orta Risk,0.47969148353382074,Orta Risk,0.08271179338862314,Orta Risk
ÜMRANİYE,ATAKENT,ÜMRANİYE|ATAKENT,2022,0.2380280813950561,Orta Risk,0.06772101009196019,Orta Risk,0.17467204485000037,Orta Risk,0.0005927748056420369,Düşük Risk,0.05600184170523365,Düşük Risk,0.06772101009196019,Düşük Risk,0.5313113000244556,Yüksek Risk,0.5035717943379928,Yüksek Risk,0.07470117122479633,Orta Risk
ÜMRANİYE,ATATÜRK,ÜMRANİYE|ATATÜRK,2022,0.3172617043641339,Orta Risk,0.075370046491894,Orta Risk,0.1956778172090855,Orta Risk,0.0006313536991721015,Düşük Risk,0.07063692924755689,Düşük Risk,0.075370046491894,Düşük Risk,0.5232778987445031,Orta Risk,0.4850238412899376,Orta Risk,0.08648346426433257,Orta Risk
ÜMRANİYE,AŞAĞI DUDULLU,ÜMRANİYE|AŞAĞI DUDULLU,2022,0.3252975873244958,Orta Risk,0.23955498737957584,Yüksek Risk,0.2465239908368193,Orta Risk,0.041656617394571036,Orta Risk,0.31937807896954035,Yüksek Risk,0.23955498737957584,Yüksek Risk,0.5957771554491659,Yüksek Risk,0.5778345030356529,Yüksek Risk,0.2458493701476619,Yüksek Risk
ÜMRANİYE,CEMİL MERİÇ,ÜMRANİYE|CEMİL MERİÇ,2022,0.5323650175637428,Yüksek Risk,0.10967927102329458,Orta Risk,0.2795370955867733,Yüksek Risk,0.0003478908565713951,Düşük Risk,0.10512428063023267,Orta Risk,0.10967927102329458,Orta Risk,0.5319380373229972,Yüksek Risk,0.49861070137959923,Yüksek Risk,0.1177989641268701,Orta Risk
ÜMRANİYE,DUMLUPINAR,ÜMRANİYE|DUMLUPINAR,2022,0.16577213359796894,Düşük Risk,0.04104023723210535,Düşük Risk,0.12267079237440172,Düşük Risk,0.0005681678221429332,Düşük Risk,0.03992958693814287,Düşük Risk,0.04104023723210535,Düşük Risk,0.48052752313974056,Orta Risk,0.4195938170207241,Orta Risk,0.055708747810085446,Düşük Risk
ÜMRANİYE,ELMALIKENT,ÜMRANİYE|ELMALIKENT,2022,0.2683580192704713,Orta Risk,0.06475445613089859,Orta Risk,0.16969154396966563,Orta Risk,0.0006724083400805872,Düşük Risk,0.05896454982287862,Düşük Risk,0.06475445613089859,Düşük Risk,0.5224497500562447,Yüksek Risk,0.4779411920807358,Orta Risk,0.07620352836289629,Orta Risk
ÜMRANİYE,ESENEVLER,ÜMRANİYE|ESENEVLER,2022,0.27113986028879056,Orta Risk,0.06536110592843776,Orta Risk,0.17163167878579078,Orta Risk,0.0005991737052715041,Düşük Risk,0.05630174921808277,Düşük Risk,0.06536110592843776,Düşük Risk,0.5221144538405312,Yüksek Risk,0.4826082066773437,Orta Risk,0.07485878139676298,Orta Risk
ÜMRANİYE,ESENKENT,ÜMRANİYE|ESENKENT,2022,0.2635474457060112,Orta Risk,0.06849214738673995,Orta Risk,0.17599940640911188,Orta Risk,0.009966028001981896,Orta Risk,0.05567417896697714,Düşük Risk,0.06849214738673995,Düşük Risk,0.5534768608956402,Yüksek Risk,0.5157984388767436,Yüksek Risk,0.07960724435251501,Orta Risk
ÜMRANİYE,ESENŞEHİR,ÜMRANİYE|ESENŞEHİR,2022,0.408215024482395,Orta Risk,0.09162009009154712,Orta Risk,0.23146554851495846,Orta Risk,0.011739771777353046,Orta Risk,0.0824186496210737,Orta Risk,0.09162009009154712,Düşük Risk,0.5603681694354441,Yüksek Risk,0.5306621310167444,Yüksek Risk,0.10114602086851099,Orta Risk
ÜMRANİYE,FATİH SULTAN MEHMET,ÜMRANİYE|FATİH SULTAN MEHMET,2022,0.039205623575495493,Düşük Risk,0.017945855976466366,Düşük Risk,0.07396114251387474,Düşük Risk,0.0003655439709879275,Düşük Risk,0.014470426579131715,Düşük Risk,0.017945855976466366,Düşük Risk,0.4167073522096475,Orta Risk,0.33118383099660387,Düşük Risk,0.03318109304968791,Düşük Risk
ÜMRANİYE,FİNANSKENT,ÜMRANİYE|FİNANSKENT,2022,0.019626773418340085,Düşük Risk,0.016205945167870512,Düşük Risk,0.06802971302481158,Düşük Risk,0.00016058430339368322,Düşük Risk,0.015976553974305974,Düşük Risk,0.016205945167870512,Düşük Risk,0.40826633801403234,Düşük Risk,0.2988921102484589,Düşük Risk,0.03228716020017429,Düşük Risk
ÜMRANİYE,HEKİMBAŞI,ÜMRANİYE|HEKİMBAŞI,2022,0.14626672746578467,Düşük Risk,0.03491999473965566,Düşük Risk,0.11224927840313238,Düşük Risk,0.00026679082523263574,Düşük Risk,0.037709546529113055,Düşük Risk,0.03491999473965566,Düşük Risk,0.45211542890615236,Orta Risk,0.382734913290834,Orta Risk,0.04941740465297167,Düşük Risk
ÜMRANİYE,HUZUR,ÜMRANİYE|HUZUR,2022,0.21304212601518716,Düşük Risk,0.05025989107898089,Düşük Risk,0.1476826192002119,Orta Risk,0.0002494693268934169,Düşük Risk,0.04574985005644069,Düşük Risk,0.05025989107898089,Düşük Risk,0.4895965605792,Orta Risk,0.4421492091816924,Orta Risk,0.05884258769920256,Düşük Risk
ÜMRANİYE,IHLAMURKUYU,ÜMRANİYE|IHLAMURKUYU,2022,0.3834309276539181,Orta Risk,0.08430747027214729,Orta Risk,0.2258850631257135,Orta Risk,0.00029107665143512435,Düşük Risk,0.07968633479366309,Orta Risk,0.08430747027214729,Düşük Risk,0.5249597038016882,Yüksek Risk,0.4897087247335288,Orta Risk,0.09623342810485358,Orta Risk
ÜMRANİYE,KAZIM KARABEKİR,ÜMRANİYE|KAZIM KARABEKİR,2022,0.27234997533320104,Orta Risk,0.06255532044869717,Orta Risk,0.17052166488433332,Orta Risk,0.0006885066180536347,Düşük Risk,0.05795705543522618,Düşük Risk,0.06255532044869717,Düşük Risk,0.5145481742197474,Yüksek Risk,0.47242782523593563,Orta Risk,0.07667852553108796,Orta Risk
ÜMRANİYE,MADENLER,ÜMRANİYE|MADENLER,2022,0.0856829985778657,Düşük Risk,0.03816162869129499,Düşük Risk,0.10810767539698957,Düşük Risk,0.013413119370106846,Orta Risk,0.029832637831736505,Düşük Risk,0.03816162869129499,Düşük Risk,0.5036131980061155,Orta Risk,0.4591205475090105,Orta Risk,0.04830300266639162,Düşük Risk
ÜMRANİYE,MEHMET AKİF,ÜMRANİYE|MEHMET AKİF,2022,0.2533286541744392,Orta Risk,0.06779392507517226,Orta Risk,0.17617547818073917,Orta Risk,0.0005253374903620382,Düşük Risk,0.054636531269397076,Düşük Risk,0.06779392507517226,Düşük Risk,0.5481174771006857,Yüksek Risk,0.5066880027771863,Yüksek Risk,0.07940209956332708,Orta Risk
ÜMRANİYE,NAMIK KEMAL,ÜMRANİYE|NAMIK KEMAL,2022,0.2821126145973642,Orta Risk,0.06516505773762618,Orta Risk,0.17257213961820222,Orta Risk,0.005922337779403917,Düşük Risk,0.05802149239251518,Düşük Risk,0.06516505773762618,Düşük Risk,0.5115887194508725,Orta Risk,0.47283898443406525,Orta Risk,0.07580845637364422,Orta Risk
ÜMRANİYE,NECİP FAZIL,ÜMRANİYE|NECİP FAZIL,2022,0.3781444394258519,Orta Risk,0.09316347615096704,Orta Risk,0.23434304323300123,Orta Risk,0.007976329622005698,Orta Risk,0.08848187216271028,Orta Risk,0.09316347615096704,Düşük Risk,0.5622151440303409,Yüksek Risk,0.5343291731578032,Yüksek Risk,0.10435064820471104,Orta Risk
ÜMRANİYE,PARSELLER,ÜMRANİYE|PARSELLER,2022,0.21927349424567888,Düşük Risk,0.05328145435037169,Düşük Risk,0.15252415543627892,Orta Risk,0.0005059374058256668,Düşük Risk,0.0465143735819179,Düşük Risk,0.05328145435037169,Düşük Risk,0.5114308857647761,Yüksek Risk,0.462826650069028,Orta Risk,0.06505061542361923,Düşük Risk
ÜMRANİYE,SİTE,ÜMRANİYE|SİTE,2022,0.2823654381152474,Orta Risk,0.07533428490406366,Orta Risk,0.19329532821602652,Orta Risk,0.0006110714699281704,Düşük Risk,0.06398636357136106,Düşük Risk,0.07533428490406366,Düşük Risk,0.5435703327082879,Yüksek Risk,0.5141379910163635,Yüksek Risk,0.08569789771268244,Orta Risk
ÜMRANİYE,TANTAVİ,ÜMRANİYE|TANTAVİ,2022,0.1358433371554425,Düşük Risk,0.04082270124488939,Düşük Risk,0.1268265599399512,Düşük Risk,0.0003970070266216357,Düşük Risk,0.03436646989516074,Düşük Risk,0.04082270124488939,Düşük Risk,0.4849889159562355,Orta Risk,0.4318716828377305,Orta Risk,0.05365327291429378,Düşük Risk
ÜMRANİYE,TATLISU,ÜMRANİYE|TATLISU,2022,0.22908197711494643,Orta Risk,0.05644545982768113,Düşük Risk,0.155240954605743,Orta Risk,0.002798843349814101,Düşük Risk,0.04769711048884377,Düşük Risk,0.05644545982768113,Düşük Risk,0.5064711531825258,Orta Risk,0.46460813992544586,Orta Risk,0.06547661568304901,Düşük Risk
ÜMRANİYE,TEPEÜSTÜ,ÜMRANİYE|TEPEÜSTÜ,2022,0.2461055091705905,Orta Risk,0.08162452683939705,Orta Risk,0.18127675117493275,Orta Risk,0.0020727506182668253,Düşük Risk,0.07597679504350492,Düşük Risk,0.08162452683939705,Düşük Risk,0.5201531491481225,Orta Risk,0.479452240759986,Orta Risk,0.09291700933342172,Orta Risk
ÜMRANİYE,TOPAĞACI,ÜMRANİYE|TOPAĞACI,2022,0.24040803767536434,Orta Risk,0.05532832450950464,Düşük Risk,0.1534016656232812,Orta Risk,0.0006941548912385674,Düşük Risk,0.05863981707650161,Düşük Risk,0.05532832450950464,Düşük Risk,0.49582802915679475,Orta Risk,0.4458821184929301,Orta Risk,0.06831187582172331,Düşük Risk
ÜMRANİYE,YAMANEVLER,ÜMRANİYE|YAMANEVLER,2022,0.11811668098428907,Düşük Risk,0.04125038960211176,Düşük Risk,0.11375666510775433,Düşük Risk,0.007130021306615666,Düşük Risk,0.03094599121477881,Düşük Risk,0.04125038960211176,Düşük Risk,0.505420410822212,Orta Risk,0.4504535356699835,Orta Risk,0.055625474310175484,Düşük Risk
ÜMRANİYE,YUKARI DUDULLU,ÜMRANİYE|YUKARI DUDULLU,2022,0.37203113840841556,Orta Risk,0.08475668563573541,Orta Risk,0.21749048395100856,Orta Risk,0.009590599479985067,Orta Risk,0.07643762495550689,Düşük Risk,0.08475668563573541,Düşük Risk,0.5542523163691331,Yüksek Risk,0.5198500002432538,Yüksek Risk,0.09648189988730371,Orta Risk
ÜMRANİYE,ÇAKMAK,ÜMRANİYE|ÇAKMAK,2022,0.5199270298310452,Yüksek Risk,0.11502308719827072,Orta Risk,0.2789367962216025,Yüksek Risk,0.0007743586395976286,Düşük Risk,0.10218916144689436,Orta Risk,0.11502308719827072,Düşük Risk,0.5665647530648961,Yüksek Risk,0.5438138775738793,Yüksek Risk,0.12252347758312929,Orta Risk
ÜMRANİYE,ÇAMLIK,ÜMRANİYE|ÇAMLIK,2022,0.2918142368749329,Orta Risk,0.06722107642651798,Orta Risk,0.17922157167654174,Orta Risk,0.0005812724632604185,Düşük Risk,0.05897151149418498,Düşük Risk,0.06722107642651798,Düşük Risk,0.5247602464691049,Yüksek Risk,0.4802395571321221,Orta Risk,0.07843069098323181,Orta Risk
ÜMRANİYE,İNKILAP,ÜMRANİYE|İNKILAP,2022,0.35961059466531115,Orta Risk,0.08039617124241397,Orta Risk,0.20318191711520056,Orta Risk,0.0006784465533281923,Düşük Risk,0.07525716535032696,Düşük Risk,0.08039617124241397,Düşük Risk,0.5329140660239716,Yüksek Risk,0.4916994170920983,Yüksek Risk,0.09082282061779166,Orta Risk
ÜMRANİYE,İSTİKLAL,ÜMRANİYE|İSTİKLAL,2022,0.5260045642366507,Yüksek Risk,0.11670823066562774,Orta Risk,0.28309423952126644,Yüksek Risk,0.0006134106160134419,Düşük Risk,0.10969071780522374,Orta Risk,0.11670823066562774,Düşük Risk,0.5523145807736572,Yüksek Risk,0.5327652482465343,Yüksek Risk,0.12300417349058959,Orta Risk
ÜMRANİYE,ŞERİFALİ,ÜMRANİYE|ŞERİFALİ,2022,0.243726316967551,Orta Risk,0.05744296359667464,Düşük Risk,0.162429863085514,Orta Risk,0.0006983874782200694,Düşük Risk,0.05454737668762817,Düşük Risk,0.05744296359667464,Düşük Risk,0.5252262947049815,Yüksek Risk,0.4739436022215925,Orta Risk,0.06888530442625192,Orta Risk
ÜSKÜDAR,ACIBADEM,ÜSKÜDAR|ACIBADEM,2022,0.1848069235152902,Düşük Risk,0.051219528100258836,Düşük Risk,0.1457268835079044,Orta Risk,0.0005201729148151057,Düşük Risk,0.04363423487671595,Düşük Risk,0.051219528100258836,Düşük Risk,0.5092227712710761,Orta Risk,0.4581484390796057,Orta Risk,0.06558388781805219,Düşük Risk
ÜSKÜDAR,AHMEDİYE,ÜSKÜDAR|AHMEDİYE,2022,0.1785726557395228,Düşük Risk,0.04669033390582053,Düşük Risk,0.14204032431254834,Orta Risk,0.0007301114984206823,Düşük Risk,0.04842020365740372,Düşük Risk,0.04669033390582053,Düşük Risk,0.4896958858401884,Orta Risk,0.44317732124180587,Orta Risk,0.056989008617017556,Düşük Risk
ÜSKÜDAR,ALTUNİZADE,ÜSKÜDAR|ALTUNİZADE,2022,0.244047884841175,Orta Risk,0.07908694839824626,Orta Risk,0.20021618162139812,Orta Risk,0.000751649482897593,Düşük Risk,0.06812250898268936,Düşük Risk,0.07908694839824626,Düşük Risk,0.5733759645546501,Yüksek Risk,0.5329214389527737,Yüksek Risk,0.09198827026931031,Orta Risk
ÜSKÜDAR,AZİZ MAHMUT HÜDAYİ,ÜSKÜDAR|AZİZ MAHMUT HÜDAYİ,2022,0.12114132462763015,Düşük Risk,0.03714856879794388,Düşük Risk,0.11945606100066028,Düşük Risk,0.0006083110284943701,Düşük Risk,0.03642898387773605,Düşük Risk,0.03714856879794388,Düşük Risk,0.4517194015455473,Orta Risk,0.40640543121021877,Orta Risk,0.04682958039681709,Düşük Risk
ÜSKÜDAR,BAHÇELİEVLER,ÜSKÜDAR|BAHÇELİEVLER,2022,0.3030885930728239,Orta Risk,0.07827928778818985,Orta Risk,0.20427372070495886,Orta Risk,0.0007016536845801533,Düşük Risk,0.06628289944094647,Düşük Risk,0.07827928778818985,Düşük Risk,0.5614090283700316,Yüksek Risk,0.5189141294582238,Yüksek Risk,0.09261758241453016,Orta Risk
ÜSKÜDAR,BARBAROS,ÜSKÜDAR|BARBAROS,2022,0.20270760077010372,Düşük Risk,0.05750612093704774,Düşük Risk,0.16055566538677377,Orta Risk,0.006791239398685772,Düşük Risk,0.04620294079967116,Düşük Risk,0.05750612093704774,Düşük Risk,0.5318565647058309,Yüksek Risk,0.4952598942898976,Yüksek Risk,0.06741772445767974,Düşük Risk
ÜSKÜDAR,BEYLERBEYİ,ÜSKÜDAR|BEYLERBEYİ,2022,0.17323028188233214,Düşük Risk,0.047961807832371,Düşük Risk,0.14970978285590109,Orta Risk,0.000701298414996054,Düşük Risk,0.041495084082339935,Düşük Risk,0.047961807832371,Düşük Risk,0.5226514640816717,Yüksek Risk,0.4777930915168309,Orta Risk,0.05829338944014372,Düşük Risk
ÜSKÜDAR,BULGURLU,ÜSKÜDAR|BULGURLU,2022,0.24493352451666955,Orta Risk,0.06435199572987935,Orta Risk,0.17875640867260745,Orta Risk,0.0004957417337298569,Düşük Risk,0.05656022987698022,Düşük Risk,0.06435199572987935,Düşük Risk,0.515366612489086,Orta Risk,0.47785478838239864,Orta Risk,0.07496925513622572,Orta Risk
ÜSKÜDAR,BURHANİYE,ÜSKÜDAR|BURHANİYE,2022,0.24869254295471238,Orta Risk,0.06069747369436555,Düşük Risk,0.17300225390901752,Orta Risk,0.0006745628785955694,Düşük Risk,0.05340635037883813,Düşük Risk,0.06069747369436555,Düşük Risk,0.5240557619640602,Yüksek Risk,0.4842581307603335,Orta Risk,0.06935122038563331,Orta Risk
ÜSKÜDAR,CUMHURİYET,ÜSKÜDAR|CUMHURİYET,2022,0.3984678945452814,Orta Risk,0.09175444421191775,Orta Risk,0.2382665618004809,Orta Risk,0.0005854796678693355,Düşük Risk,0.08469428097832027,Orta Risk,0.09175444421191775,Düşük Risk,0.5453519431478391,Yüksek Risk,0.5115252583514671,Yüksek Risk,0.10409879176560795,Orta Risk
ÜSKÜDAR,FERAH,ÜSKÜDAR|FERAH,2022,0.24590590305081292,Orta Risk,0.07812475056652016,Orta Risk,0.18613518712551363,Orta Risk,0.00207539077147206,Düşük Risk,0.06763636409220464,Düşük Risk,0.07812475056652016,Düşük Risk,0.5386874617764333,Yüksek Risk,0.4978212616110933,Yüksek Risk,0.08926378168648369,Orta Risk
ÜSKÜDAR,GÜZELTEPE,ÜSKÜDAR|GÜZELTEPE,2022,0.2198577429920506,Düşük Risk,0.05342239464979344,Düşük Risk,0.16065851158018837,Orta Risk,0.0006168642320598475,Düşük Risk,0.04649951609973609,Düşük Risk,0.05342239464979344,Düşük Risk,0.5119741208030069,Orta Risk,0.46769611046817566,Orta Risk,0.06664297804270582,Düşük Risk
ÜSKÜDAR,KANDİLLİ,ÜSKÜDAR|KANDİLLİ,2022,0.10757239633519759,Düşük Risk,0.03141139090667274,Düşük Risk,0.11689567457694056,Düşük Risk,0.0002574643420049961,Düşük Risk,0.034206643808079445,Düşük Risk,0.03141139090667274,Düşük Risk,0.44863215023780934,Orta Risk,0.3954900939365083,Orta Risk,0.036207535782493444,Düşük Risk
ÜSKÜDAR,KISIKLI,ÜSKÜDAR|KISIKLI,2022,0.31067294760023567,Orta Risk,0.0821321080797583,Orta Risk,0.21328529041307787,Orta Risk,0.0007253288937556353,Düşük Risk,0.06859092813178806,Düşük Risk,0.0821321080797583,Düşük Risk,0.5644522312885318,Yüksek Risk,0.528806431498151,Yüksek Risk,0.09303906925024008,Orta Risk
ÜSKÜDAR,KULELİ,ÜSKÜDAR|KULELİ,2022,0.09873823058313887,Düşük Risk,0.03108867906495873,Düşük Risk,0.11247212813739631,Düşük Risk,0.0004505103142330948,Düşük Risk,0.031943195492308264,Düşük Risk,0.03108867906495873,Düşük Risk,0.45595398991580927,Orta Risk,0.39819845813918553,Orta Risk,0.038302101665315516,Düşük Risk
ÜSKÜDAR,KUZGUNCUK,ÜSKÜDAR|KUZGUNCUK,2022,0.14562230126727232,Düşük Risk,0.039581173592899366,Düşük Risk,0.1314488503258558,Düşük Risk,0.0007060522859231183,Düşük Risk,0.035040033028361756,Düşük Risk,0.039581173592899366,Düşük Risk,0.4960424186009596,Orta Risk,0.44626074121895387,Orta Risk,0.04890902408628717,Düşük Risk
ÜSKÜDAR,KÜPLÜCE,ÜSKÜDAR|KÜPLÜCE,2022,0.16797633219681707,Düşük Risk,0.04702655864741981,Düşük Risk,0.14392525655356347,Orta Risk,0.0010652747899622015,Düşük Risk,0.042000254124495026,Düşük Risk,0.04702655864741981,Düşük Risk,0.5099010807871831,Orta Risk,0.46438017354118183,Orta Risk,0.05714077098902913,Düşük Risk
ÜSKÜDAR,KÜÇÜK ÇAMLICA,ÜSKÜDAR|KÜÇÜK ÇAMLICA,2022,0.2152903503439476,Düşük Risk,0.06218017226721585,Orta Risk,0.17053915868744426,Orta Risk,0.010361827316746676,Orta Risk,0.05125116197511931,Düşük Risk,0.06218017226721585,Düşük Risk,0.5526093726241312,Yüksek Risk,0.5128576059232003,Yüksek Risk,0.07397787083391907,Orta Risk
ÜSKÜDAR,KÜÇÜKSU,ÜSKÜDAR|KÜÇÜKSU,2022,0.23838337908548007,Orta Risk,0.06042119580027615,Düşük Risk,0.17266980701315565,Orta Risk,0.0005816432975220329,Düşük Risk,0.04987213576398703,Düşük Risk,0.06042119580027615,Düşük Risk,0.53212194580323,Yüksek Risk,0.4924400798590285,Yüksek Risk,0.06950020084412943,Orta Risk
ÜSKÜDAR,KİRAZLITEPE,ÜSKÜDAR|KİRAZLITEPE,2022,0.2883920572104398,Orta Risk,0.06962470596167761,Orta Risk,0.19531372992041765,Orta Risk,0.0013533558167647104,Düşük Risk,0.07197977454470952,Düşük Risk,0.06962470596167761,Düşük Risk,0.5318803405081294,Yüksek Risk,0.4866410969287106,Orta Risk,0.08063015332428451,Orta Risk
ÜSKÜDAR,MEHMET AKİF ERSOY,ÜSKÜDAR|MEHMET AKİF ERSOY,2022,0.5138038325637059,Yüksek Risk,0.10773337459526436,Orta Risk,0.2844386754798977,Yüksek Risk,0.0007705307710155389,Düşük Risk,0.10334237965936004,Orta Risk,0.10773337459526436,Orta Risk,0.5488635649311824,Yüksek Risk,0.5218921986114022,Yüksek Risk,0.11766023995647981,Orta Risk
ÜSKÜDAR,MURATREİS,ÜSKÜDAR|MURATREİS,2022,0.22478337837013093,Orta Risk,0.05900472838722959,Düşük Risk,0.16717670994278286,Orta Risk,0.0007217270100995036,Düşük Risk,0.05136980107861956,Düşük Risk,0.05900472838722959,Düşük Risk,0.5218528854703314,Yüksek Risk,0.486222664011169,Orta Risk,0.06887785667452485,Orta Risk
ÜSKÜDAR,MİMAR SİNAN,ÜSKÜDAR|MİMAR SİNAN,2022,0.2255401399955404,Orta Risk,0.0550313224229874,Düşük Risk,0.16402629931138452,Orta Risk,0.0006700538308662177,Düşük Risk,0.051290548478297796,Düşük Risk,0.0550313224229874,Düşük Risk,0.5065286937147699,Orta Risk,0.4608252633268243,Orta Risk,0.06603720931087136,Düşük Risk
ÜSKÜDAR,SALACAK,ÜSKÜDAR|SALACAK,2022,0.1655472165277637,Düşük Risk,0.046339364443414285,Düşük Risk,0.14455832288499373,Orta Risk,0.0005959579172167451,Düşük Risk,0.03736053128155213,Düşük Risk,0.046339364443414285,Düşük Risk,0.5113527370610786,Orta Risk,0.4705935968652362,Orta Risk,0.0559003015474994,Düşük Risk
ÜSKÜDAR,SELAMİ ALİ,ÜSKÜDAR|SELAMİ ALİ,2022,0.16842464367704935,Düşük Risk,0.05377951006157968,Düşük Risk,0.1514244040351506,Orta Risk,0.0006214305196592337,Düşük Risk,0.04426048957515864,Düşük Risk,0.05377951006157968,Düşük Risk,0.5270752905064936,Yüksek Risk,0.4855054393307919,Orta Risk,0.06379917083703684,Düşük Risk
ÜSKÜDAR,SELİMİYE,ÜSKÜDAR|SELİMİYE,2022,0.16552419438472596,Düşük Risk,0.04664654544803936,Düşük Risk,0.14280772649845722,Orta Risk,0.000683123062701867,Düşük Risk,0.039254120033682414,Düşük Risk,0.04664654544803936,Düşük Risk,0.5142938864701019,Orta Risk,0.4716244952446187,Orta Risk,0.05531654489916296,Düşük Risk
ÜSKÜDAR,SULTANTEPE,ÜSKÜDAR|SULTANTEPE,2022,0.12748070660080368,Düşük Risk,0.03942455280182532,Düşük Risk,0.1279162834513255,Düşük Risk,0.0005122486449864193,Düşük Risk,0.03044812317415492,Düşük Risk,0.03942455280182532,Düşük Risk,0.49252255820236,Orta Risk,0.44898290358583287,Orta Risk,0.049037086438765684,Düşük Risk
ÜSKÜDAR,VALİDE-İ ATİK,ÜSKÜDAR|VALİDE-İ ATİK,2022,0.3336991466220163,Orta Risk,0.07385257482177111,Orta Risk,0.20476294665040493,Orta Risk,0.0006572479515453654,Düşük Risk,0.06929260406206447,Düşük Risk,0.07385257482177111,Düşük Risk,0.5217891152041138,Yüksek Risk,0.48297387826093374,Orta Risk,0.08397871407578797,Orta Risk
ÜSKÜDAR,YAVUZTÜRK,ÜSKÜDAR|YAVUZTÜRK,2022,0.3837315172198599,Orta Risk,0.08910091558217635,Orta Risk,0.2308511278032601,Orta Risk,0.0006749099466476437,Düşük Risk,0.07668026921422613,Düşük Risk,0.08910091558217635,Düşük Risk,0.5568400654409466,Yüksek Risk,0.5230338444149543,Yüksek Risk,0.1005673937302573,Orta Risk
ÜSKÜDAR,ZEYNEP KAMİL,ÜSKÜDAR|ZEYNEP KAMİL,2022,0.16478446531160468,Düşük Risk,0.04546407614161765,Düşük Risk,0.13949687293146124,Düşük Risk,0.0006160211916289751,Düşük Risk,0.0381843326609014,Düşük Risk,0.04546407614161765,Düşük Risk,0.5047827373821631,Orta Risk,0.45684041877258036,Orta Risk,0.05652226873991997,Düşük Risk
ÜSKÜDAR,ÇENGELKÖY,ÜSKÜDAR|ÇENGELKÖY,2022,0.29934165641628435,Orta Risk,0.06780664989052924,Orta Risk,0.19323083479860323,Orta Risk,0.0007030732976458336,Düşük Risk,0.06429294177810951,Düşük Risk,0.06780664989052924,Düşük Risk,0.5276340308805448,Yüksek Risk,0.48827209620462514,Orta Risk,0.07593918377892146,Orta Risk
ÜSKÜDAR,ÜNALAN,ÜSKÜDAR|ÜNALAN,2022,0.4646598588672415,Orta Risk,0.10747506805450566,Orta Risk,0.2640974945697486,Yüksek Risk,0.013093637071048107,Orta Risk,0.09393122779162247,Orta Risk,0.10747506805450566,Düşük Risk,0.5853323175826861,Yüksek Risk,0.5582237491272384,Yüksek Risk,0.12092708496421986,Orta Risk
ÜSKÜDAR,İCADİYE,ÜSKÜDAR|İCADİYE,2022,0.2878857711000762,Orta Risk,0.0662846854586308,Orta Risk,0.18775977822596313,Orta Risk,0.0007077599422873425,Düşük Risk,0.061238142943518495,Düşük Risk,0.0662846854586308,Düşük Risk,0.5137475136957275,Yüksek Risk,0.4847742864528582,Orta Risk,0.07202138666720383,Orta Risk
ŞİLE,AHMETLİ,ŞİLE|AHMETLİ,2022,0.09684221809828844,Düşük Risk,0.02980482828841989,Düşük Risk,0.06766477673173735,Düşük Risk,0.007111271439656179,Düşük Risk,0.02428775788238489,Düşük Risk,0.02980482828841989,Düşük Risk,0.4386210459953153,Orta Risk,0.38830911020489867,Orta Risk,0.03537738149190691,Düşük Risk
ŞİLE,AKÇAKESE,ŞİLE|AKÇAKESE,2022,0.09436999720325012,Düşük Risk,0.022868301610559607,Düşük Risk,0.05669729446796955,Düşük Risk,0.00021061842582244708,Düşük Risk,0.021664070377552812,Düşük Risk,0.022868301610559607,Düşük Risk,0.3803583527418266,Orta Risk,0.32644507231731396,Düşük Risk,0.02572782564272707,Düşük Risk
ŞİLE,ALACALI,ŞİLE|ALACALI,2022,0.08095887345333198,Düşük Risk,0.026390697647361024,Düşük Risk,0.056625919362729975,Düşük Risk,0.0026278960238917556,Düşük Risk,0.0257828569327276,Düşük Risk,0.026390697647361024,Düşük Risk,0.38519469211762986,Düşük Risk,0.3315163746867605,Düşük Risk,0.029466941841393198,Düşük Risk
ŞİLE,AVCIKORU,ŞİLE|AVCIKORU,2022,0.015836961676150098,Düşük Risk,0.007771882362434383,Düşük Risk,0.022807178049510737,Düşük Risk,0.0001464842641520215,Düşük Risk,0.006959740402982526,Düşük Risk,0.007771882362434383,Düşük Risk,0.3099445958823662,Düşük Risk,0.2168402196496027,Düşük Risk,0.014373604754775594,Düşük Risk
ŞİLE,AĞAÇDERE,ŞİLE|AĞAÇDERE,2022,0.0040918860992422606,Düşük Risk,0.0021329415576603243,Düşük Risk,0.01172515908461386,Düşük Risk,1.3606842142387485e-05,Düşük Risk,0.0023833999458051543,Düşük Risk,0.0021329415576603243,Düşük Risk,0.19896615120000707,Düşük Risk,0.10342576935671507,Düşük Risk,0.004659696940753353,Düşük Risk
ŞİLE,AĞVA MERKEZ,ŞİLE|AĞVA MERKEZ,2022,0.036457189750762,Düşük Risk,0.010830022252901535,Düşük Risk,0.02820547807272635,Düşük Risk,0.001986134118043405,Düşük Risk,0.009843739801173557,Düşük Risk,0.010830022252901535,Düşük Risk,0.2838126015615804,Düşük Risk,0.2436948441295845,Düşük Risk,0.012628163057394382,Düşük Risk
ŞİLE,BALİBEY,ŞİLE|BALİBEY,2022,0.1256576878909575,Düşük Risk,0.03736859495230985,Düşük Risk,0.07417402915169258,Düşük Risk,0.007684967524969822,Orta Risk,0.034788714647007085,Düşük Risk,0.03736859495230985,Düşük Risk,0.40861638665161504,Orta Risk,0.35684416237211675,Orta Risk,0.0425686580944334,Düşük Risk
ŞİLE,BIÇKIDERE,ŞİLE|BIÇKIDERE,2022,0.026570554277677506,Düşük Risk,0.006765289395769283,Düşük Risk,0.020989267650484148,Düşük Risk,4.794858729702315e-05,Düşük Risk,0.00793187780655229,Düşük Risk,0.006765289395769283,Düşük Risk,0.25309968467886257,Düşük Risk,0.1685614791278662,Düşük Risk,0.009503719104247813,Düşük Risk
ŞİLE,BOZGOCA,ŞİLE|BOZGOCA,2022,0.029455934104024337,Düşük Risk,0.007977284495971217,Düşük Risk,0.022982673415769445,Düşük Risk,7.096502723285232e-05,Düşük Risk,0.010229304405640731,Düşük Risk,0.007977284495971217,Düşük Risk,0.2533931030366521,Düşük Risk,0.17756671125254653,Düşük Risk,0.010422041800481714,Düşük Risk
ŞİLE,BUCAKLI,ŞİLE|BUCAKLI,2022,0.02155829007658221,Düşük Risk,0.009438216848197015,Düşük Risk,0.02770030733921617,Düşük Risk,0.00010062004698787127,Düşük Risk,0.008972522084832298,Düşük Risk,0.009438216848197015,Düşük Risk,0.2782202114807521,Düşük Risk,0.2112200706401823,Düşük Risk,0.012711425766348627,Düşük Risk
ŞİLE,DARLIK,ŞİLE|DARLIK,2022,0.010358479923628598,Düşük Risk,0.007064391694922756,Düşük Risk,0.023499917555920423,Düşük Risk,3.18579986797529e-05,Düşük Risk,0.008747615581866887,Düşük Risk,0.007064391694922756,Düşük Risk,0.23111243662982828,Düşük Risk,0.1599703428407292,Düşük Risk,0.009368822135942971,Düşük Risk
ŞİLE,DEĞİRMENÇAYIRI,ŞİLE|DEĞİRMENÇAYIRI,2022,0.036000193506578564,Düşük Risk,0.01121357269841918,Düşük Risk,0.029633611167696066,Düşük Risk,0.00013603522623711526,Düşük Risk,0.009582882668487698,Düşük Risk,0.01121357269841918,Düşük Risk,0.2733213199007505,Düşük Risk,0.24460742372326896,Düşük Risk,0.012206632841656925,Düşük Risk
ŞİLE,DOĞANCILI,ŞİLE|DOĞANCILI,2022,0.05288251282818031,Düşük Risk,0.01494788953978101,Düşük Risk,0.036654173984641415,Düşük Risk,0.00029466428812445624,Düşük Risk,0.013213589217672898,Düşük Risk,0.01494788953978101,Düşük Risk,0.3125392110508503,Düşük Risk,0.2596888348004418,Düşük Risk,0.0178645562776078,Düşük Risk
ŞİLE,ERENLER,ŞİLE|ERENLER,2022,0.006644956342208008,Düşük Risk,0.0036451054743464138,Düşük Risk,0.015231708760644416,Düşük Risk,2.957955469198089e-05,Düşük Risk,0.0034848835123392373,Düşük Risk,0.0036451054743464138,Düşük Risk,0.21293118596825458,Düşük Risk,0.12919084233842335,Düşük Risk,0.006202968251621944,Düşük Risk
ŞİLE,ESENCELİ,ŞİLE|ESENCELİ,2022,0.0020763421831353087,Düşük Risk,0.0017270376652119052,Düşük Risk,0.01102268019553709,Düşük Risk,9.969516915507398e-06,Düşük Risk,0.0021592661176237185,Düşük Risk,0.0017270376652119052,Düşük Risk,0.19748486671561624,Düşük Risk,0.08450471993860303,Düşük Risk,0.004926718539827875,Düşük Risk
ŞİLE,GEREDELİ,ŞİLE|GEREDELİ,2022,0.06040125876514016,Düşük Risk,0.015444906815189691,Düşük Risk,0.03937826190643235,Düşük Risk,0.00015691991772444602,Düşük Risk,0.013486728468494776,Düşük Risk,0.015444906815189691,Düşük Risk,0.3344147151362312,Düşük Risk,0.28340672673772804,Düşük Risk,0.01759025620332907,Düşük Risk
ŞİLE,GÖKMAŞLI,ŞİLE|GÖKMAŞLI,2022,0.012934012990194364,Düşük Risk,0.007100429031573825,Düşük Risk,0.02159615940816189,Düşük Risk,8.719998694218458e-05,Düşük Risk,0.006480972210433153,Düşük Risk,0.007100429031573825,Düşük Risk,0.24940502637047,Düşük Risk,0.192089100537821,Düşük Risk,0.009227493124260267,Düşük Risk
ŞİLE,GÖKSU,ŞİLE|GÖKSU,2022,0.021798944898392045,Düşük Risk,0.01041569544211605,Düşük Risk,0.02963125894428164,Düşük Risk,9.873803113749893e-05,Düşük Risk,0.00950554264077379,Düşük Risk,0.01041569544211605,Düşük Risk,0.3097592631178154,Düşük Risk,0.2306833545200938,Düşük Risk,0.015637866288991418,Düşük Risk
ŞİLE,GÖÇE,ŞİLE|GÖÇE,2022,0.04335178378144312,Düşük Risk,0.012130267387012743,Düşük Risk,0.03264814293181783,Düşük Risk,3.9622935885928306e-05,Düşük Risk,0.01198595346883685,Düşük Risk,0.012130267387012743,Düşük Risk,0.29422395794628636,Düşük Risk,0.20593256416958686,Düşük Risk,0.015934877711443432,Düşük Risk
ŞİLE,HACI KASIM,ŞİLE|HACI KASIM,2022,0.05101390397645138,Düşük Risk,0.023251572492748576,Düşük Risk,0.05061958565927581,Düşük Risk,0.0008839217258515592,Düşük Risk,0.020411624729986214,Düşük Risk,0.023251572492748576,Düşük Risk,0.3875896670995934,Orta Risk,0.32370821791957194,Düşük Risk,0.03238019533631025,Düşük Risk
ŞİLE,HACILLI,ŞİLE|HACILLI,2022,0.01179979289503781,Düşük Risk,0.004081880713502549,Düşük Risk,0.01566373921309359,Düşük Risk,3.221340704760242e-05,Düşük Risk,0.003923431459683883,Düşük Risk,0.004081880713502549,Düşük Risk,0.2057838359406889,Düşük Risk,0.14004101000378508,Düşük Risk,0.005393843052627618,Düşük Risk
ŞİLE,HASANLI,ŞİLE|HASANLI,2022,0.03274366025102575,Düşük Risk,0.012678382686684466,Düşük Risk,0.032612684906675064,Düşük Risk,0.00011264450425706047,Düşük Risk,0.013752812070722629,Düşük Risk,0.012678382686684466,Düşük Risk,0.3093873303533299,Düşük Risk,0.24516738774251812,Düşük Risk,0.014986109017237313,Düşük Risk
ŞİLE,KABAKOZ,ŞİLE|KABAKOZ,2022,0.11574982069409337,Düşük Risk,0.027755472632608892,Düşük Risk,0.06704508265122025,Düşük Risk,0.00023069924380791546,Düşük Risk,0.0251464993383144,Düşük Risk,0.027755472632608892,Düşük Risk,0.3985635451655251,Orta Risk,0.3414980072471496,Orta Risk,0.03187889553069115,Düşük Risk
ŞİLE,KADIKÖY,ŞİLE|KADIKÖY,2022,0.007047523260289774,Düşük Risk,0.010166920536549598,Düşük Risk,0.031400373918070504,Düşük Risk,1.9414619256933933e-05,Düşük Risk,0.016410829961517586,Düşük Risk,0.010166920536549598,Düşük Risk,0.2046930299014909,Düşük Risk,0.14416028191587543,Düşük Risk,0.011423282310889666,Düşük Risk
ŞİLE,KALEM,ŞİLE|KALEM,2022,0.013937287233823486,Düşük Risk,0.0044158499194367415,Düşük Risk,0.01619980902997104,Düşük Risk,3.164619827216265e-05,Düşük Risk,0.004425777579028314,Düşük Risk,0.0044158499194367415,Düşük Risk,0.22563153446943984,Düşük Risk,0.14236764941204144,Düşük Risk,0.0067483940629462415,Düşük Risk
ŞİLE,KARABEYLİ,ŞİLE|KARABEYLİ,2022,0.019904851192547295,Düşük Risk,0.006826711677794389,Düşük Risk,0.02121378974339485,Düşük Risk,0.00013380608611287094,Düşük Risk,0.00572704713859928,Düşük Risk,0.006826711677794389,Düşük Risk,0.28708628592780316,Düşük Risk,0.20116217903672715,Düşük Risk,0.011816166646027504,Düşük Risk
ŞİLE,KARACAKÖY,ŞİLE|KARACAKÖY,2022,0.06439081811065146,Düşük Risk,0.01818712170486506,Düşük Risk,0.04479578156687004,Düşük Risk,0.00022260031004101818,Düşük Risk,0.017349968825946242,Düşük Risk,0.01818712170486506,Düşük Risk,0.3605117268146935,Düşük Risk,0.30402389572157335,Düşük Risk,0.021188876584187104,Düşük Risk
ŞİLE,KARAKİRAZ,ŞİLE|KARAKİRAZ,2022,0.04727562648763669,Düşük Risk,0.014656734973987114,Düşük Risk,0.03631816768453676,Düşük Risk,9.866714131238255e-05,Düşük Risk,0.015076089498968732,Düşük Risk,0.014656734973987114,Düşük Risk,0.3273121976901759,Düşük Risk,0.2536666515060707,Düşük Risk,0.017717325522852607,Düşük Risk
ŞİLE,KARAMANDERE,ŞİLE|KARAMANDERE,2022,0.020974455672679457,Düşük Risk,0.006029902469729039,Düşük Risk,0.019684483211140327,Düşük Risk,4.1708357513358335e-05,Düşük Risk,0.005958190469251546,Düşük Risk,0.006029902469729039,Düşük Risk,0.25912360818238794,Düşük Risk,0.16738400059604663,Düşük Risk,0.009556239907754106,Düşük Risk
ŞİLE,KERVANSARAY,ŞİLE|KERVANSARAY,2022,0.024859709473956337,Düşük Risk,0.006440822312884509,Düşük Risk,0.02030143990419612,Düşük Risk,4.4552549834291544e-05,Düşük Risk,0.007216429370844828,Düşük Risk,0.006440822312884509,Düşük Risk,0.27704847355234324,Düşük Risk,0.1663489513300793,Düşük Risk,0.011738964642706403,Düşük Risk
ŞİLE,KIZILCA,ŞİLE|KIZILCA,2022,0.06949695895336591,Düşük Risk,0.023709456408937103,Düşük Risk,0.05349678223907218,Düşük Risk,0.00032448858581336006,Düşük Risk,0.02356452555353206,Düşük Risk,0.023709456408937103,Düşük Risk,0.3838345009835866,Düşük Risk,0.3259533143138311,Düşük Risk,0.026748042913598793,Düşük Risk
ŞİLE,KORUCU,ŞİLE|KORUCU,2022,0.0070473683803922525,Düşük Risk,0.002653666118483039,Düşük Risk,0.012549555360035665,Düşük Risk,1.1264048014522143e-05,Düşük Risk,0.003105984970082769,Düşük Risk,0.002653666118483039,Düşük Risk,0.21187176118971818,Düşük Risk,0.10587457859524081,Düşük Risk,0.005548520647576091,Düşük Risk
ŞİLE,KUMBABA,ŞİLE|KUMBABA,2022,0.1800330336232884,Düşük Risk,0.03986291770764829,Düşük Risk,0.09633116971592641,Düşük Risk,0.00029424063737532063,Düşük Risk,0.043006361402202015,Düşük Risk,0.03986291770764829,Düşük Risk,0.4330583290166046,Orta Risk,0.37398885498854356,Orta Risk,0.045292686835040105,Düşük Risk
ŞİLE,KURFALLI,ŞİLE|KURFALLI,2022,0.01518369415436197,Düşük Risk,0.004573204492406943,Düşük Risk,0.016508954724291928,Düşük Risk,3.488100412797327e-05,Düşük Risk,0.0046481870404794425,Düşük Risk,0.004573204492406943,Düşük Risk,0.2381302778870215,Düşük Risk,0.14614361837994402,Düşük Risk,0.007554784370749276,Düşük Risk
ŞİLE,KURNA,ŞİLE|KURNA,2022,0.05926246490865223,Düşük Risk,0.019017113783321177,Düşük Risk,0.04653406586240457,Düşük Risk,0.00018489936640723027,Düşük Risk,0.02063679631601405,Düşük Risk,0.019017113783321177,Düşük Risk,0.35603557984968204,Düşük Risk,0.29849731073722874,Düşük Risk,0.02177993001092699,Düşük Risk
ŞİLE,KÖMÜRLÜK,ŞİLE|KÖMÜRLÜK,2022,0.015404419168704914,Düşük Risk,0.004359374898119012,Düşük Risk,0.015963930999884975,Düşük Risk,2.1535886089750737e-05,Düşük Risk,0.005007345166459006,Düşük Risk,0.004359374898119012,Düşük Risk,0.2514269509928062,Düşük Risk,0.13648044262004821,Düşük Risk,0.008677988459820329,Düşük Risk
ŞİLE,MEŞRUTİYET,ŞİLE|MEŞRUTİYET,2022,0.08643908261643726,Düşük Risk,0.02620305567444238,Düşük Risk,0.06434138618059525,Düşük Risk,0.0005367798073892859,Düşük Risk,0.023200010082871626,Düşük Risk,0.02620305567444238,Düşük Risk,0.40242298312349906,Orta Risk,0.35847399710545264,Orta Risk,0.02963516786632345,Düşük Risk
ŞİLE,ORUÇOĞLU,ŞİLE|ORUÇOĞLU,2022,0.027327412128804955,Düşük Risk,0.0065889006102805405,Düşük Risk,0.020297975048601282,Düşük Risk,2.3002624157134395e-05,Düşük Risk,0.008372650466063147,Düşük Risk,0.0065889006102805405,Düşük Risk,0.2567985503110844,Düşük Risk,0.1478456660639167,Düşük Risk,0.010301043586486336,Düşük Risk
ŞİLE,OSMANKÖY,ŞİLE|OSMANKÖY,2022,0.016055627328485665,Düşük Risk,0.006814317579891927,Düşük Risk,0.02149454678824275,Düşük Risk,9.994314644722613e-05,Düşük Risk,0.005648122988855365,Düşük Risk,0.006814317579891927,Düşük Risk,0.2553250746768031,Düşük Risk,0.19293391485670855,Düşük Risk,0.009641841441759943,Düşük Risk
ŞİLE,OVACIK,ŞİLE|OVACIK,2022,0.011104297240491817,Düşük Risk,0.0035466857221757263,Düşük Risk,0.01439129082195249,Düşük Risk,2.0501580116583496e-05,Düşük Risk,0.0038653872739278982,Düşük Risk,0.0035466857221757263,Düşük Risk,0.2157171759447656,Düşük Risk,0.12982466609752966,Düşük Risk,0.005635703986245102,Düşük Risk
ŞİLE,SAHİLKÖY,ŞİLE|SAHİLKÖY,2022,0.0806385209115831,Düşük Risk,0.023694897425520417,Düşük Risk,0.053373262491992576,Düşük Risk,0.004349496769067557,Düşük Risk,0.01869427214580429,Düşük Risk,0.023694897425520417,Düşük Risk,0.37731848021712616,Düşük Risk,0.3419834947636665,Orta Risk,0.026305110483001097,Düşük Risk
ŞİLE,SATMAZLI,ŞİLE|SATMAZLI,2022,0.026347553570565046,Düşük Risk,0.009367075410647475,Düşük Risk,0.02516607996038711,Düşük Risk,0.00010970576936372629,Düşük Risk,0.008820217847754596,Düşük Risk,0.009367075410647475,Düşük Risk,0.28833229936519794,Düşük Risk,0.22037513728753563,Düşük Risk,0.012321142053922587,Düşük Risk
ŞİLE,SOFULAR,ŞİLE|SOFULAR,2022,0.05639189370711546,Düşük Risk,0.02224103296188633,Düşük Risk,0.048786330522816855,Düşük Risk,0.002302111595857457,Düşük Risk,0.023344697391128894,Düşük Risk,0.02224103296188633,Düşük Risk,0.3722939963639121,Düşük Risk,0.31485184927306975,Düşük Risk,0.025420609694803035,Düşük Risk
ŞİLE,SORTULLU,ŞİLE|SORTULLU,2022,0.006388577343685163,Düşük Risk,0.00352894598701642,Düşük Risk,0.014976882988399842,Düşük Risk,3.15013236876247e-05,Düşük Risk,0.00332144948505416,Düşük Risk,0.00352894598701642,Düşük Risk,0.20224918349574705,Düşük Risk,0.1297815570662671,Düşük Risk,0.005456904550885748,Düşük Risk
ŞİLE,SOĞULLU,ŞİLE|SOĞULLU,2022,0.008965730203633641,Düşük Risk,0.0038006369769849235,Düşük Risk,0.015307194714171739,Düşük Risk,2.9767348726765494e-05,Düşük Risk,0.0035558505283257774,Düşük Risk,0.0038006369769849235,Düşük Risk,0.22580635152771739,Düşük Risk,0.1338119690589786,Düşük Risk,0.006861625870617602,Düşük Risk
ŞİLE,TEKE,ŞİLE|TEKE,2022,0.02395363358557006,Düşük Risk,0.009851763546994692,Düşük Risk,0.02577474855172845,Düşük Risk,8.47599449398689e-05,Düşük Risk,0.008936190996012247,Düşük Risk,0.009851763546994692,Düşük Risk,0.27615155623028315,Düşük Risk,0.20311236883118602,Düşük Risk,0.01316342842676517,Düşük Risk
ŞİLE,ULUPELİT,ŞİLE|ULUPELİT,2022,0.011701880960514943,Düşük Risk,0.007301002857381909,Düşük Risk,0.023874624757514222,Düşük Risk,2.978353541211053e-05,Düşük Risk,0.008871859962562697,Düşük Risk,0.007301002857381909,Düşük Risk,0.24374798660028907,Düşük Risk,0.16077141580970014,Düşük Risk,0.010351202886823705,Düşük Risk
ŞİLE,YAKA,ŞİLE|YAKA,2022,0.021854482467266574,Düşük Risk,0.010190320910149092,Düşük Risk,0.028729085093204553,Düşük Risk,0.0001207048584099821,Düşük Risk,0.00880096381895626,Düşük Risk,0.010190320910149092,Düşük Risk,0.2712601145310461,Düşük Risk,0.23479919691986115,Düşük Risk,0.011689928514965144,Düşük Risk
ŞİLE,YAYLALI,ŞİLE|YAYLALI,2022,0.0026506062244532067,Düşük Risk,0.0018737140851817543,Düşük Risk,0.011270399475680985,Düşük Risk,1.3723661298562894e-05,Düşük Risk,0.0021914013542778574,Düşük Risk,0.0018737140851817543,Düşük Risk,0.19643430367193473,Düşük Risk,0.0969425376360142,Düşük Risk,0.004641183780976752,Düşük Risk
ŞİLE,YAZIMANAYIR,ŞİLE|YAZIMANAYIR,2022,0.009943291004690612,Düşük Risk,0.0032687522162702523,Düşük Risk,0.013819013150668963,Düşük Risk,1.76792442412365e-05,Düşük Risk,0.003509243067124798,Düşük Risk,0.0032687522162702523,Düşük Risk,0.21723742803672275,Düşük Risk,0.12487380564933043,Düşük Risk,0.005710537670011111,Düşük Risk
ŞİLE,YENİKÖY,ŞİLE|YENİKÖY,2022,0.014889007006994807,Düşük Risk,0.004123755804268276,Düşük Risk,0.015066022606206497,Düşük Risk,1.3358372055584e-05,Düşük Risk,0.005124070350237304,Düşük Risk,0.004123755804268276,Düşük Risk,0.2518574697708705,Düşük Risk,0.12337157457387388,Düşük Risk,0.009105954560542917,Düşük Risk
ŞİLE,YEŞİLVADİ,ŞİLE|YEŞİLVADİ,2022,0.028939396602067676,Düşük Risk,0.011881031307774034,Düşük Risk,0.031954675422978585,Düşük Risk,0.000167846237595258,Düşük Risk,0.009951457937214664,Düşük Risk,0.011881031307774034,Düşük Risk,0.33121981530205036,Düşük Risk,0.26033631271874813,Düşük Risk,0.01709740806654677,Düşük Risk
ŞİLE,ÇATAKLI,ŞİLE|ÇATAKLI,2022,0.008439963220489686,Düşük Risk,0.004326230586919086,Düşük Risk,0.01660616736905492,Düşük Risk,2.347858228980193e-05,Düşük Risk,0.0044548874533008485,Düşük Risk,0.004326230586919086,Düşük Risk,0.1959705027200751,Düşük Risk,0.1277710175661168,Düşük Risk,0.005777386843082517,Düşük Risk
ŞİLE,ÇAVUŞ,ŞİLE|ÇAVUŞ,2022,0.2796085504108107,Orta Risk,0.059780448541568915,Düşük Risk,0.13724307472923788,Düşük Risk,0.0007054711450347708,Düşük Risk,0.05850472911928087,Düşük Risk,0.059780448541568915,Düşük Risk,0.4647247906330455,Yüksek Risk,0.421322779178073,Orta Risk,0.06366417190609994,Düşük Risk
ŞİLE,ÇAYIRBAŞI,ŞİLE|ÇAYIRBAŞI,2022,0.06034578125822576,Düşük Risk,0.018812317265246247,Düşük Risk,0.046103002842140875,Düşük Risk,0.0006287983336765089,Düşük Risk,0.015529767238827829,Düşük Risk,0.018812317265246247,Düşük Risk,0.3770687344741972,Düşük Risk,0.3241513983045727,Düşük Risk,0.023242354494625826,Düşük Risk
ŞİLE,ÇELEBİ,ŞİLE|ÇELEBİ,2022,0.014830674928113206,Düşük Risk,0.004552980900792393,Düşük Risk,0.016547546988401284,Düşük Risk,4.4309769374972754e-05,Düşük Risk,0.004825080169477071,Düşük Risk,0.004552980900792393,Düşük Risk,0.22432600018248125,Düşük Risk,0.14983585679400102,Düşük Risk,0.006500609771835604,Düşük Risk
ŞİLE,ÇENGİLLİ,ŞİLE|ÇENGİLLİ,2022,0.03235320656528074,Düşük Risk,0.012534551753910732,Düşük Risk,0.03235664810909036,Düşük Risk,0.00012625317636389514,Düşük Risk,0.013696749272120761,Düşük Risk,0.012534551753910732,Düşük Risk,0.29685177057781725,Düşük Risk,0.24719549594541987,Düşük Risk,0.013750306158471573,Düşük Risk
ŞİLE,ÜVEZLİ,ŞİLE|ÜVEZLİ,2022,0.04225683958416899,Düşük Risk,0.011315592795783891,Düşük Risk,0.027140631436619624,Düşük Risk,0.0007150060877077741,Düşük Risk,0.013334602573395051,Düşük Risk,0.011315592795783891,Düşük Risk,0.28160598232427186,Düşük Risk,0.19523835966966183,Düşük Risk,0.015052357898881007,Düşük Risk
ŞİLE,İMRENDERE,ŞİLE|İMRENDERE,2022,0.03943327599089282,Düşük Risk,0.012813787069047669,Düşük Risk,0.03583368445447614,Düşük Risk,4.9434215244506803e-05,Düşük Risk,0.013035448891757643,Düşük Risk,0.012813787069047669,Düşük Risk,0.31736366841511204,Düşük Risk,0.21645398107699193,Düşük Risk,0.0192337026415046,Düşük Risk
ŞİLE,İMRENLİ,ŞİLE|İMRENLİ,2022,0.059111215934409905,Düşük Risk,0.017368449868570685,Düşük Risk,0.04382827220226915,Düşük Risk,0.0001707658254448487,Düşük Risk,0.017316548824563235,Düşük Risk,0.017368449868570685,Düşük Risk,0.35626106157061516,Düşük Risk,0.2966536615318736,Düşük Risk,0.020380267840125248,Düşük Risk
ŞİLE,İSAKÖY,ŞİLE|İSAKÖY,2022,0.015111247294689392,Düşük Risk,0.006621924167173723,Düşük Risk,0.02202293181861305,Düşük Risk,4.457786801314197e-05,Düşük Risk,0.006534826301042526,Düşük Risk,0.006621924167173723,Düşük Risk,0.24984494132712268,Düşük Risk,0.17444068580350883,Düşük Risk,0.009389277387518834,Düşük Risk
ŞİLE,ŞUAYİPLİ,ŞİLE|ŞUAYİPLİ,2022,0.018360786171409724,Düşük Risk,0.004918510301412877,Düşük Risk,0.017054885984696386,Düşük Risk,2.21757328574824e-05,Düşük Risk,0.005840774084710193,Düşük Risk,0.004918510301412877,Düşük Risk,0.24894296940513727,Düşük Risk,0.14010184744477341,Düşük Risk,0.008649964034748645,Düşük Risk
ŞİŞLİ,19 MAYIS,ŞİŞLİ|19 MAYIS,2022,0.2294205677483458,Orta Risk,0.06022575360446365,Düşük Risk,0.18749082880224704,Orta Risk,0.0006175442910974781,Düşük Risk,0.05178544539919421,Düşük Risk,0.06022575360446365,Düşük Risk,0.5276858196737855,Yüksek Risk,0.4986306432383299,Yüksek Risk,0.06782093448539947,Düşük Risk
ŞİŞLİ,BOZKURT,ŞİŞLİ|BOZKURT,2022,0.32496432295755623,Orta Risk,0.07523963644602072,Orta Risk,0.22222288620552616,Orta Risk,0.0007741102349841742,Düşük Risk,0.06987605185952926,Düşük Risk,0.07523963644602072,Düşük Risk,0.539047068204869,Yüksek Risk,0.5139059300755977,Yüksek Risk,0.08041761552302631,Orta Risk
ŞİŞLİ,CUMHURİYET,ŞİŞLİ|CUMHURİYET,2022,0.24526425894211112,Orta Risk,0.06733517259210571,Orta Risk,0.20515766265769964,Orta Risk,0.0006586055818522317,Düşük Risk,0.059336831257663175,Düşük Risk,0.06733517259210571,Düşük Risk,0.5555862547363563,Yüksek Risk,0.5213352249083115,Yüksek Risk,0.07660915220988394,Orta Risk
ŞİŞLİ,DUATEPE,ŞİŞLİ|DUATEPE,2022,0.32552790666688797,Orta Risk,0.07711969630253956,Orta Risk,0.23055375657631044,Orta Risk,0.0007029563811855566,Düşük Risk,0.07314933004192391,Düşük Risk,0.07711969630253956,Düşük Risk,0.5412915835010638,Yüksek Risk,0.5138611016196313,Yüksek Risk,0.08419661548871518,Orta Risk
ŞİŞLİ,ERGENEKON,ŞİŞLİ|ERGENEKON,2022,0.11729620479393843,Düşük Risk,0.03527692973621538,Düşük Risk,0.13549214805474966,Düşük Risk,0.00024244619034125434,Düşük Risk,0.036147152963699955,Düşük Risk,0.03527692973621538,Düşük Risk,0.48065903990571013,Orta Risk,0.4191034831306961,Orta Risk,0.043653409132379487,Düşük Risk
ŞİŞLİ,ESENTEPE,ŞİŞLİ|ESENTEPE,2022,0.14831367981411747,Düşük Risk,0.04338284231676103,Düşük Risk,0.14922415768806754,Orta Risk,0.0006096744330844261,Düşük Risk,0.03505691135433076,Düşük Risk,0.04338284231676103,Düşük Risk,0.5194155985769797,Orta Risk,0.46848746854544615,Orta Risk,0.05326987526933704,Düşük Risk
ŞİŞLİ,ESKİŞEHİR,ŞİŞLİ|ESKİŞEHİR,2022,0.2692688271422377,Orta Risk,0.061952689594602664,Orta Risk,0.19391966720859616,Orta Risk,0.0002722312999095383,Düşük Risk,0.05902712309519974,Düşük Risk,0.061952689594602664,Düşük Risk,0.5101884062138253,Yüksek Risk,0.4697684085310706,Orta Risk,0.06817550034942274,Düşük Risk
ŞİŞLİ,FERİKÖY,ŞİŞLİ|FERİKÖY,2022,0.27892319783754016,Orta Risk,0.07250668583953941,Orta Risk,0.21468075111568938,Orta Risk,0.0005671133653098878,Düşük Risk,0.06463506921806646,Düşük Risk,0.07250668583953941,Düşük Risk,0.5585661743681719,Yüksek Risk,0.525450980597189,Yüksek Risk,0.08154295717442914,Orta Risk
ŞİŞLİ,FULYA,ŞİŞLİ|FULYA,2022,0.2189062616902266,Düşük Risk,0.05397247847968871,Düşük Risk,0.17146297824953569,Orta Risk,0.0005391388315902079,Düşük Risk,0.046112690485877995,Düşük Risk,0.05397247847968871,Düşük Risk,0.5144627973281128,Orta Risk,0.46929889775251304,Orta Risk,0.06366276727545368,Düşük Risk
ŞİŞLİ,GÜLBAHAR,ŞİŞLİ|GÜLBAHAR,2022,0.31566396978630795,Orta Risk,0.07438601455543022,Orta Risk,0.21320106237333025,Orta Risk,0.0006423648094757928,Düşük Risk,0.0645767592762005,Düşük Risk,0.07438601455543022,Düşük Risk,0.5385195163074402,Yüksek Risk,0.5080207477691608,Yüksek Risk,0.08130426352961816,Orta Risk
ŞİŞLİ,HALASKARGAZİ,ŞİŞLİ|HALASKARGAZİ,2022,0.1852562605992741,Düşük Risk,0.0500219581381578,Düşük Risk,0.16312493461579966,Orta Risk,0.0010642897357031097,Düşük Risk,0.04472023982280115,Düşük Risk,0.0500219581381578,Düşük Risk,0.5074171347454716,Orta Risk,0.4734957063969837,Orta Risk,0.055397099010005016,Düşük Risk
ŞİŞLİ,HALİDE EDİP ADIVAR,ŞİŞLİ|HALİDE EDİP ADIVAR,2022,0.24858917904076266,Orta Risk,0.061488542519407954,Orta Risk,0.18986402027006452,Orta Risk,0.0005400254554398183,Düşük Risk,0.055067525818105784,Düşük Risk,0.061488542519407954,Düşük Risk,0.5104446125657263,Orta Risk,0.47982341985847465,Orta Risk,0.06735381321031583,Düşük Risk
ŞİŞLİ,HALİL RIFAT PAŞA,ŞİŞLİ|HALİL RIFAT PAŞA,2022,0.08304400476275889,Düşük Risk,0.03103283001057207,Düşük Risk,0.12117683971636085,Düşük Risk,0.00020009528203564594,Düşük Risk,0.02646114585201065,Düşük Risk,0.03103283001057207,Düşük Risk,0.4701736219823821,Orta Risk,0.4090068797716587,Orta Risk,0.040633694971581424,Düşük Risk
ŞİŞLİ,HARBİYE,ŞİŞLİ|HARBİYE,2022,0.11649179185852263,Düşük Risk,0.05398312845389373,Düşük Risk,0.15900717044470358,Orta Risk,0.0008599324128854231,Düşük Risk,0.04873201455654255,Düşük Risk,0.05398312845389373,Düşük Risk,0.545623989579871,Yüksek Risk,0.5042587832287249,Yüksek Risk,0.06097720352491029,Düşük Risk
ŞİŞLİ,KAPTANPAŞA,ŞİŞLİ|KAPTANPAŞA,2022,0.029175597964573835,Düşük Risk,0.01813697434759824,Düşük Risk,0.09452663511181843,Düşük Risk,0.0001426067103632512,Düşük Risk,0.01761433042672461,Düşük Risk,0.01813697434759824,Düşük Risk,0.41252080429000876,Orta Risk,0.33077058051069774,Düşük Risk,0.029391728838766458,Düşük Risk
ŞİŞLİ,KUŞTEPE,ŞİŞLİ|KUŞTEPE,2022,0.2916656016818863,Orta Risk,0.06527500036978873,Orta Risk,0.19775353382819807,Orta Risk,0.00029393860989227323,Düşük Risk,0.06258530190236403,Düşük Risk,0.06527500036978873,Düşük Risk,0.5058759181020495,Orta Risk,0.46347922862240015,Orta Risk,0.073583052662897,Orta Risk
ŞİŞLİ,MAHMUT ŞEVKET PAŞA,ŞİŞLİ|MAHMUT ŞEVKET PAŞA,2022,0.198423317595778,Düşük Risk,0.05101840391063363,Düşük Risk,0.16342479574073832,Orta Risk,0.0002360516432594137,Düşük Risk,0.04494380873286054,Düşük Risk,0.05101840391063363,Düşük Risk,0.48795754789056006,Orta Risk,0.44336652004771526,Orta Risk,0.06067177560634152,Düşük Risk
ŞİŞLİ,MECİDİYEKÖY,ŞİŞLİ|MECİDİYEKÖY,2022,0.2998572648175727,Orta Risk,0.07111273141793965,Orta Risk,0.20899830571015715,Orta Risk,0.0006286492052896468,Düşük Risk,0.06243764266880594,Düşük Risk,0.07111273141793965,Düşük Risk,0.5348957127765468,Yüksek Risk,0.5025563956938975,Yüksek Risk,0.08092001921579853,Orta Risk
ŞİŞLİ,SARIYER MERKEZ,ŞİŞLİ|SARIYER MERKEZ,2022,0.4109476101071848,Orta Risk,0.09657476586078725,Orta Risk,0.2721465562758258,Yüksek Risk,0.0007214475241193288,Düşük Risk,0.09543705586686294,Orta Risk,0.09657476586078725,Düşük Risk,0.5677876294418058,Yüksek Risk,0.5381834107419301,Yüksek Risk,0.10762630292754324,Orta Risk
ŞİŞLİ,MEŞRUTİYET,ŞİŞLİ|MEŞRUTİYET,2022,0.21643373605398564,Düşük Risk,0.05746526092676156,Düşük Risk,0.1836236007196211,Orta Risk,0.0006414399017067894,Düşük Risk,0.052296556085167166,Düşük Risk,0.05746526092676156,Düşük Risk,0.5194431717935765,Orta Risk,0.4853023354533507,Orta Risk,0.06498406631523024,Düşük Risk
ŞİŞLİ,PAŞA,ŞİŞLİ|PAŞA,2022,0.25859094275082806,Orta Risk,0.06259914504251311,Orta Risk,0.18845516032403806,Orta Risk,0.0006163558499942567,Düşük Risk,0.054270340041174696,Düşük Risk,0.06259914504251311,Düşük Risk,0.5343698039301179,Yüksek Risk,0.4927772905018009,Yüksek Risk,0.07227794307301416,Orta Risk
ŞİŞLİ,TEŞVİKİYE,ŞİŞLİ|TEŞVİKİYE,2022,0.16326919619019695,Düşük Risk,0.05693114429490928,Düşük Risk,0.16693426659778784,Orta Risk,0.000712179083962403,Düşük Risk,0.04654555985438631,Düşük Risk,0.05693114429490928,Düşük Risk,0.5365249118250338,Orta Risk,0.5008985201991449,Yüksek Risk,0.06480313968654944,Düşük Risk
ŞİŞLİ,YAYLA,ŞİŞLİ|YAYLA,2022,0.16728419369924397,Düşük Risk,0.04330350869617067,Düşük Risk,0.14909918764879543,Orta Risk,0.00022146812926891266,Düşük Risk,0.041812069605448775,Düşük Risk,0.04330350869617067,Düşük Risk,0.48813403255320004,Orta Risk,0.4286613149507838,Orta Risk,0.05442090163716366,Düşük Risk
ŞİŞLİ,İNÖNÜ,ŞİŞLİ|İNÖNÜ,2022,0.14912834751501491,Düşük Risk,0.047489954717366,Düşük Risk,0.15399978314865187,Orta Risk,0.0007933870837115798,Düşük Risk,0.04257971581223214,Düşük Risk,0.047489954717366,Düşük Risk,0.5206517474142615,Orta Risk,0.48207177231510234,Orta Risk,0.052941511357682075,Düşük Risk
ŞİŞLİ,İZZET PAŞA,ŞİŞLİ|İZZET PAŞA,2022,0.18721782138029108,Düşük Risk,0.05144499668493141,Düşük Risk,0.17051746285957714,Orta Risk,0.0005709388576538307,Düşük Risk,0.04774489447850622,Düşük Risk,0.05144499668493141,Düşük Risk,0.4994175760408636,Orta Risk,0.4643471298701331,Orta Risk,0.06195457534493226,Düşük Risk
ADALAR,BURGAZADA,ADALAR|BURGAZADA,2023,0.07927439621285487,Düşük Risk,0.02717459809377458,Düşük Risk,0.12888909821413444,Düşük Risk,0.00023238019182552497,Düşük Risk,0.032169577982689775,Düşük Risk,0.02717459809377458,Düşük Risk,0.374260335467573,Düşük Risk,0.3164635975972963,Düşük Risk,0.03179993723572643,Düşük Risk
ADALAR,HEYBELİADA,ADALAR|HEYBELİADA,2023,0.06731922711718982,Düşük Risk,0.026750954821848597,Düşük Risk,0.12828753457026082,Düşük Risk,0.00017707066118835836,Düşük Risk,0.026773336225599662,Düşük Risk,0.026750954821848597,Düşük Risk,0.3893124851483389,Orta Risk,0.3408187438707922,Orta Risk,0.03138802488052387,Düşük Risk
ADALAR,KINALIADA,ADALAR|KINALIADA,2023,0.15987267099586724,Düşük Risk,0.04710051023617666,Düşük Risk,0.1745592380051286,Orta Risk,0.00040993483498538637,Düşük Risk,0.04283598378885012,Düşük Risk,0.04710051023617666,Düşük Risk,0.47538715594660125,Orta Risk,0.46048727803709166,Orta Risk,0.05117408984016135,Düşük Risk
ADALAR,MADEN,ADALAR|MADEN,2023,0.11340435873667962,Düşük Risk,0.0382751651988282,Düşük Risk,0.15655924816532113,Orta Risk,0.0006788724812913687,Düşük Risk,0.03261110924055791,Düşük Risk,0.0382751651988282,Düşük Risk,0.46586027723741896,Orta Risk,0.4526162809253408,Orta Risk,0.04106360207360231,Düşük Risk
ADALAR,NİZAM,ADALAR|NİZAM,2023,0.08430312899769338,Düşük Risk,0.03266328009548404,Düşük Risk,0.14306851977421886,Orta Risk,0.0005802603866944735,Düşük Risk,0.027996619775969248,Düşük Risk,0.03266328009548404,Düşük Risk,0.4526895161533492,Orta Risk,0.4266747507618548,Orta Risk,0.037358634379070325,Düşük Risk
ARNAVUTKÖY,ADNAN MENDERES,ARNAVUTKÖY|ADNAN MENDERES,2023,0.4411350348374274,Orta Risk,0.11562393889904277,Orta Risk,0.3102133786531971,Yüksek Risk,0.0007083604220863242,Düşük Risk,0.12035418711968898,Orta Risk,0.11562393889904277,Orta Risk,0.5839421667738613,Yüksek Risk,0.578030065318794,Yüksek Risk,0.1190185410155322,Orta Risk
ARNAVUTKÖY,ANADOLU,ARNAVUTKÖY|ANADOLU,2023,0.7632606198110833,Yüksek Risk,0.16606892002225956,Yüksek Risk,0.40276375577011003,Yüksek Risk,0.0006272236743623615,Düşük Risk,0.14831345593797754,Orta Risk,0.16606892002225956,Orta Risk,0.5955315268732266,Yüksek Risk,0.5958240580091767,Yüksek Risk,0.17124410538264784,Yüksek Risk
ARNAVUTKÖY,ARNAVUTKÖY MERKEZ,ARNAVUTKÖY|ARNAVUTKÖY MERKEZ,2023,0.6778633758695441,Yüksek Risk,0.14366911966560836,Yüksek Risk,0.3739971564784399,Yüksek Risk,0.00032691993560360344,Düşük Risk,0.14095623645240926,Orta Risk,0.14366911966560836,Orta Risk,0.5635507263664237,Yüksek Risk,0.5526731497682406,Yüksek Risk,0.1498289351772151,Yüksek Risk
ARNAVUTKÖY,ATATÜRK,ARNAVUTKÖY|ATATÜRK,2023,0.1959569776870448,Düşük Risk,0.050934161591622465,Düşük Risk,0.15971848535324543,Orta Risk,0.0002213566996642625,Düşük Risk,0.04579996630508562,Düşük Risk,0.050934161591622465,Düşük Risk,0.5018352384811564,Orta Risk,0.4613823493266656,Orta Risk,0.05840532983592002,Düşük Risk
ARNAVUTKÖY,BAKLALI,ARNAVUTKÖY|BAKLALI,2023,0.07781532387292554,Düşük Risk,0.027725461913038082,Düşük Risk,0.1045978836896366,Düşük Risk,0.0003253181829301213,Düşük Risk,0.024470441631841956,Düşük Risk,0.027725461913038082,Düşük Risk,0.4435816359271888,Orta Risk,0.3927915526088789,Orta Risk,0.03249861130496674,Düşük Risk
ARNAVUTKÖY,BALABAN,ARNAVUTKÖY|BALABAN,2023,0.07863749648542578,Düşük Risk,0.026069563987737132,Düşük Risk,0.0993659644080545,Düşük Risk,0.0003136296384627138,Düşük Risk,0.02900590016502988,Düşük Risk,0.026069563987737132,Düşük Risk,0.4191428361038542,Orta Risk,0.3483024575284331,Orta Risk,0.03038933612886406,Düşük Risk
ARNAVUTKÖY,BOLLUCA,ARNAVUTKÖY|BOLLUCA,2023,0.43740557309334427,Orta Risk,0.10474548690151828,Orta Risk,0.29377586591100585,Yüksek Risk,0.0003231577965700276,Düşük Risk,0.11488550425604105,Orta Risk,0.10474548690151828,Orta Risk,0.5485172420114666,Yüksek Risk,0.5413963636196659,Yüksek Risk,0.1088427096518303,Orta Risk
ARNAVUTKÖY,BOYALIK,ARNAVUTKÖY|BOYALIK,2023,0.0652439636563972,Düşük Risk,0.025143794239315006,Düşük Risk,0.09708748271590069,Düşük Risk,0.0003343887697386149,Düşük Risk,0.023927893334710307,Düşük Risk,0.025143794239315006,Düşük Risk,0.4234361003412247,Orta Risk,0.36887549605413,Orta Risk,0.02857081276297517,Düşük Risk
ARNAVUTKÖY,BOĞAZKÖY İSTİKLAL,ARNAVUTKÖY|BOĞAZKÖY İSTİKLAL,2023,0.5913029514570789,Yüksek Risk,0.13991996686681796,Yüksek Risk,0.35986780985577144,Yüksek Risk,0.01062186759334497,Orta Risk,0.1367567458573946,Orta Risk,0.13991996686681796,Orta Risk,0.6055296056536125,Yüksek Risk,0.5987100969196203,Yüksek Risk,0.14606578105289092,Yüksek Risk
ARNAVUTKÖY,DELİKLİKAYA,ARNAVUTKÖY|DELİKLİKAYA,2023,0.3971402188781099,Orta Risk,0.11045777291423502,Orta Risk,0.28670486255540617,Yüksek Risk,0.0055226797767716565,Düşük Risk,0.11982035279947714,Orta Risk,0.11045777291423502,Orta Risk,0.5625462684086407,Yüksek Risk,0.5422148877091424,Yüksek Risk,0.11696671188087919,Orta Risk
ARNAVUTKÖY,DURSUNKÖY,ARNAVUTKÖY|DURSUNKÖY,2023,0.31226250953897017,Orta Risk,0.09743550027065358,Orta Risk,0.2507169789700237,Orta Risk,0.00037775942023936623,Düşük Risk,0.1233224632107537,Orta Risk,0.09743550027065358,Orta Risk,0.49978915168943316,Orta Risk,0.4434883442264471,Orta Risk,0.10196049978135817,Orta Risk
ARNAVUTKÖY,DURUSU,ARNAVUTKÖY|DURUSU,2023,0.062262929572020294,Düşük Risk,0.025414438238156322,Düşük Risk,0.09850957735151408,Düşük Risk,0.0005721082078899551,Düşük Risk,0.02452042706245056,Düşük Risk,0.025414438238156322,Düşük Risk,0.4367366150264775,Orta Risk,0.38298946987830645,Orta Risk,0.030482057681204905,Düşük Risk
ARNAVUTKÖY,FATİH,ARNAVUTKÖY|FATİH,2023,0.40038127882739943,Orta Risk,0.10271531129829188,Orta Risk,0.28215431385370926,Yüksek Risk,0.000268424034481932,Düşük Risk,0.11619159753191355,Orta Risk,0.10271531129829188,Orta Risk,0.5442912837271343,Yüksek Risk,0.524433964717886,Yüksek Risk,0.10701751135059537,Orta Risk
ARNAVUTKÖY,HACIMAŞLI,ARNAVUTKÖY|HACIMAŞLI,2023,0.335284815998527,Orta Risk,0.09009187991336558,Orta Risk,0.2505334775896307,Orta Risk,0.000437505596967874,Düşük Risk,0.11231127280958811,Orta Risk,0.09009187991336558,Orta Risk,0.5306390737495871,Yüksek Risk,0.4923192073164738,Yüksek Risk,0.09622475693994936,Orta Risk
ARNAVUTKÖY,HADIMKÖY,ARNAVUTKÖY|HADIMKÖY,2023,0.563524766347402,Yüksek Risk,0.15627688770242612,Yüksek Risk,0.32821909178873876,Yüksek Risk,0.02301393527559749,Orta Risk,0.14267195599418758,Orta Risk,0.15627688770242612,Orta Risk,0.6065074372549024,Yüksek Risk,0.6165335509946015,Yüksek Risk,0.15729395778026115,Yüksek Risk
ARNAVUTKÖY,HARAÇÇI,ARNAVUTKÖY|HARAÇÇI,2023,0.25038269350252473,Orta Risk,0.06253658965512698,Orta Risk,0.18271270590213454,Orta Risk,0.0067510652917818995,Düşük Risk,0.0618783018844437,Düşük Risk,0.06253658965512698,Düşük Risk,0.5342664294800855,Yüksek Risk,0.4992458048512334,Yüksek Risk,0.06821538046231046,Düşük Risk
ARNAVUTKÖY,HASTANE,ARNAVUTKÖY|HASTANE,2023,0.6044684554126373,Yüksek Risk,0.14663933213334202,Yüksek Risk,0.36680995650937515,Yüksek Risk,0.023240404473652863,Orta Risk,0.14043484814993093,Orta Risk,0.14663933213334202,Orta Risk,0.6210226903958946,Yüksek Risk,0.6302350804405744,Yüksek Risk,0.14847791984126835,Yüksek Risk
ARNAVUTKÖY,HİCRET,ARNAVUTKÖY|HİCRET,2023,0.33006602884868824,Orta Risk,0.08775386462518928,Orta Risk,0.24016345660905863,Orta Risk,0.000508494275225817,Düşük Risk,0.11271685776121801,Orta Risk,0.08775386462518928,Orta Risk,0.5364101994425261,Yüksek Risk,0.491122823672949,Yüksek Risk,0.09485967876905903,Orta Risk
ARNAVUTKÖY,KARABURUN,ARNAVUTKÖY|KARABURUN,2023,0.09978176035464707,Düşük Risk,0.030781433617917714,Düşük Risk,0.11329288335692007,Düşük Risk,0.00030757180274667905,Düşük Risk,0.027993875163290438,Düşük Risk,0.030781433617917714,Düşük Risk,0.44076382953144444,Orta Risk,0.4065167618341597,Orta Risk,0.03301639392112501,Düşük Risk
ARNAVUTKÖY,KARLIBAYIR,ARNAVUTKÖY|KARLIBAYIR,2023,0.301118024818402,Orta Risk,0.07262153415756546,Orta Risk,0.20763719718911156,Orta Risk,0.0005678748852789517,Düşük Risk,0.06687125528700408,Düşük Risk,0.07262153415756546,Düşük Risk,0.5346619234232713,Yüksek Risk,0.5074282957842454,Yüksek Risk,0.07948424207869191,Orta Risk
ARNAVUTKÖY,MAREŞAL FEVZİ ÇAKMAK,ARNAVUTKÖY|MAREŞAL FEVZİ ÇAKMAK,2023,0.41825994422316987,Orta Risk,0.09831294614423984,Orta Risk,0.2687085513863801,Yüksek Risk,0.0007409297480384998,Düşük Risk,0.11323791611273655,Orta Risk,0.09831294614423984,Orta Risk,0.5654889711368485,Yüksek Risk,0.5413194960157024,Yüksek Risk,0.10374848838299346,Orta Risk
ARNAVUTKÖY,MAVİGÖL,ARNAVUTKÖY|MAVİGÖL,2023,0.4263045241054047,Orta Risk,0.10087717248768226,Orta Risk,0.27798889642179697,Yüksek Risk,0.00030307700333016336,Düşük Risk,0.11399487473062594,Orta Risk,0.10087717248768226,Orta Risk,0.5310877486295279,Yüksek Risk,0.5290303694871138,Yüksek Risk,0.10289365608450897,Orta Risk
ARNAVUTKÖY,MEHMET AKİF ERSOY,ARNAVUTKÖY|MEHMET AKİF ERSOY,2023,0.3642125263870738,Orta Risk,0.08746784586108738,Orta Risk,0.241655439782834,Orta Risk,0.0006007216183963022,Düşük Risk,0.11047326299117269,Orta Risk,0.08746784586108738,Orta Risk,0.5467686570844789,Yüksek Risk,0.5152921327994897,Yüksek Risk,0.09174283999549829,Orta Risk
ARNAVUTKÖY,MUSTAFA KEMALPAŞA,ARNAVUTKÖY|MUSTAFA KEMALPAŞA,2023,0.5828086552438221,Yüksek Risk,0.12961088233445128,Yüksek Risk,0.3380307804838198,Yüksek Risk,0.0008183449914064808,Düşük Risk,0.12917707739788595,Orta Risk,0.12961088233445128,Orta Risk,0.5866083743635869,Yüksek Risk,0.5754515618504062,Yüksek Risk,0.13559414251148827,Yüksek Risk
ARNAVUTKÖY,NENEHATUN,ARNAVUTKÖY|NENEHATUN,2023,0.42964906880212417,Orta Risk,0.10085382981855712,Orta Risk,0.27459858826760225,Yüksek Risk,0.0006924737380327512,Düşük Risk,0.11415177144644148,Orta Risk,0.10085382981855712,Orta Risk,0.5651946824322527,Yüksek Risk,0.5440450295818176,Yüksek Risk,0.10776187707882014,Orta Risk
ARNAVUTKÖY,SAZLIBOSNA,ARNAVUTKÖY|SAZLIBOSNA,2023,0.08709356913015558,Düşük Risk,0.03409167851059218,Düşük Risk,0.1182956130225005,Düşük Risk,0.0006066809184783812,Düşük Risk,0.031116041669103395,Düşük Risk,0.03409167851059218,Düşük Risk,0.48474937397850804,Orta Risk,0.42975871529073667,Orta Risk,0.04036655202247982,Düşük Risk
ARNAVUTKÖY,TAYAKADIN,ARNAVUTKÖY|TAYAKADIN,2023,0.2675673273622236,Orta Risk,0.0655049011167724,Orta Risk,0.18862058585802421,Orta Risk,0.000999740888271656,Düşük Risk,0.060914417798199866,Düşük Risk,0.0655049011167724,Düşük Risk,0.529651405283689,Yüksek Risk,0.5015376828575024,Yüksek Risk,0.06984867354209928,Orta Risk
ARNAVUTKÖY,TAŞOLUK,ARNAVUTKÖY|TAŞOLUK,2023,0.5808913518587777,Yüksek Risk,0.14118848489648572,Yüksek Risk,0.36960899475520603,Yüksek Risk,0.00025837361375749947,Düşük Risk,0.13785603066535304,Orta Risk,0.14118848489648572,Orta Risk,0.5692537894737468,Yüksek Risk,0.5715229441697778,Yüksek Risk,0.1447446479918362,Yüksek Risk
ARNAVUTKÖY,TERKOS,ARNAVUTKÖY|TERKOS,2023,0.0917811975906391,Düşük Risk,0.028345370008362476,Düşük Risk,0.10617094588887631,Düşük Risk,0.00031107835415053833,Düşük Risk,0.029337884811524172,Düşük Risk,0.028345370008362476,Düşük Risk,0.4450749080702705,Orta Risk,0.38131702858829325,Orta Risk,0.03363320887348837,Düşük Risk
ARNAVUTKÖY,YASSIÖREN,ARNAVUTKÖY|YASSIÖREN,2023,0.3380878000406359,Orta Risk,0.09050987916930323,Orta Risk,0.24289762732591214,Orta Risk,0.007474547224456834,Orta Risk,0.11230173389965684,Orta Risk,0.09050987916930323,Orta Risk,0.5449160868956532,Yüksek Risk,0.5146851756916547,Yüksek Risk,0.09537077789177037,Orta Risk
ARNAVUTKÖY,YAVUZ SELİM,ARNAVUTKÖY|YAVUZ SELİM,2023,0.44560469595901286,Orta Risk,0.10269067639733598,Orta Risk,0.27302933392796214,Yüksek Risk,0.0032561191665410744,Düşük Risk,0.11480278303876644,Orta Risk,0.10269067639733598,Orta Risk,0.5476505794698401,Yüksek Risk,0.5253530339635845,Yüksek Risk,0.10857479302362723,Orta Risk
ARNAVUTKÖY,YENİKÖY,ARNAVUTKÖY|YENİKÖY,2023,0.09667070883027436,Düşük Risk,0.03142954988373437,Düşük Risk,0.11398608370183698,Düşük Risk,0.0005699781526354456,Düşük Risk,0.030676891503113802,Düşük Risk,0.03142954988373437,Düşük Risk,0.46841332977606753,Orta Risk,0.4135201796482504,Orta Risk,0.03735358218941621,Düşük Risk
ARNAVUTKÖY,YEŞİLBAYIR,ARNAVUTKÖY|YEŞİLBAYIR,2023,0.3375071228081848,Orta Risk,0.14769508141603885,Yüksek Risk,0.3146411658269422,Yüksek Risk,0.006305764858475003,Düşük Risk,0.1614894778453006,Orta Risk,0.14769508141603885,Orta Risk,0.5590165869040249,Yüksek Risk,0.5417645552922407,Yüksek Risk,0.1506088662674988,Yüksek Risk
ARNAVUTKÖY,YUNUS EMRE,ARNAVUTKÖY|YUNUS EMRE,2023,0.5604945386465505,Yüksek Risk,0.13259890283731707,Yüksek Risk,0.3450288317985053,Yüksek Risk,0.0005661296568635045,Düşük Risk,0.1297662402373958,Orta Risk,0.13259890283731707,Orta Risk,0.5797011000844219,Yüksek Risk,0.5761170833916783,Yüksek Risk,0.1384211346432403,Yüksek Risk
ARNAVUTKÖY,ÇİLİNGİR,ARNAVUTKÖY|ÇİLİNGİR,2023,0.202192199234705,Düşük Risk,0.054558670950468714,Düşük Risk,0.16557172080455335,Orta Risk,0.0008458836218226244,Düşük Risk,0.063635744122679,Düşük Risk,0.054558670950468714,Düşük Risk,0.513095146600999,Yüksek Risk,0.4704602970192644,Orta Risk,0.059267140549000334,Düşük Risk
ARNAVUTKÖY,ÖMERLİ,ARNAVUTKÖY|ÖMERLİ,2023,0.38852862093133217,Orta Risk,0.12249020359329309,Yüksek Risk,0.2589097832264716,Yüksek Risk,0.020875076920733513,Orta Risk,0.13212362600504524,Orta Risk,0.12249020359329309,Orta Risk,0.5929818203363388,Yüksek Risk,0.5678289089643459,Yüksek Risk,0.13038484841814055,Yüksek Risk
ARNAVUTKÖY,İMRAHOR,ARNAVUTKÖY|İMRAHOR,2023,0.42999438493720316,Orta Risk,0.1061034636806796,Orta Risk,0.2759718321035109,Yüksek Risk,0.008021161555833744,Orta Risk,0.11633263890438418,Orta Risk,0.1061034636806796,Orta Risk,0.5739800661341629,Yüksek Risk,0.5469823047306613,Yüksek Risk,0.11321884831045273,Orta Risk
ARNAVUTKÖY,İSLAMBEY,ARNAVUTKÖY|İSLAMBEY,2023,0.6843984292946141,Yüksek Risk,0.1467676687444155,Yüksek Risk,0.37706678166447427,Yüksek Risk,0.0007650533798109912,Düşük Risk,0.14141111473426443,Orta Risk,0.1467676687444155,Orta Risk,0.5813885311973231,Yüksek Risk,0.5725289423728803,Yüksek Risk,0.15299676632328207,Yüksek Risk
ATAŞEHİR,ATATÜRK,ATAŞEHİR|ATATÜRK,2023,0.5162421234215363,Yüksek Risk,0.13393997678492509,Yüksek Risk,0.31806628261065156,Yüksek Risk,0.0007847139959717177,Düşük Risk,0.1252451408147967,Orta Risk,0.13393997678492509,Orta Risk,0.6122463503071754,Yüksek Risk,0.593059060598179,Yüksek Risk,0.14572348186274045,Yüksek Risk
ATAŞEHİR,AŞIKVEYSEL,ATAŞEHİR|AŞIKVEYSEL,2023,0.3604361498313088,Orta Risk,0.08292630891142933,Orta Risk,0.22576526214285886,Orta Risk,0.000767427556427681,Düşük Risk,0.07575963718533478,Düşük Risk,0.08292630891142933,Düşük Risk,0.554226614124456,Yüksek Risk,0.5190152889805595,Yüksek Risk,0.09851390759334087,Orta Risk
ATAŞEHİR,BARBAROS,ATAŞEHİR|BARBAROS,2023,0.4440331898289192,Orta Risk,0.116037153471106,Orta Risk,0.2720975224136217,Yüksek Risk,0.01011208165891943,Orta Risk,0.09948177344000643,Orta Risk,0.116037153471106,Düşük Risk,0.6023955125673425,Yüksek Risk,0.5760306540129241,Yüksek Risk,0.12968805473309342,Yüksek Risk
ATAŞEHİR,ESATPAŞA,ATAŞEHİR|ESATPAŞA,2023,0.7782679950408968,Yüksek Risk,0.177186118037035,Yüksek Risk,0.42761654277611827,Yüksek Risk,0.0010286607850589571,Düşük Risk,0.15403961803434024,Orta Risk,0.177186118037035,Orta Risk,0.6148529892114214,Yüksek Risk,0.6168697421070981,Yüksek Risk,0.19031907967560904,Yüksek Risk
ATAŞEHİR,FERHATPAŞA,ATAŞEHİR|FERHATPAŞA,2023,0.685411509762855,Yüksek Risk,0.1545759643984394,Yüksek Risk,0.37847995590455275,Yüksek Risk,0.00905923331184362,Orta Risk,0.1397017080693018,Orta Risk,0.1545759643984394,Orta Risk,0.588462735060376,Yüksek Risk,0.5890046162755754,Yüksek Risk,0.158895044220916,Yüksek Risk
ATAŞEHİR,FETİH,ATAŞEHİR|FETİH,2023,0.3973243775351172,Orta Risk,0.14897280023085416,Yüksek Risk,0.3394320253973838,Yüksek Risk,0.00070291939442709,Düşük Risk,0.15820948932428552,Orta Risk,0.14897280023085416,Orta Risk,0.5942640968603734,Yüksek Risk,0.5729119806990433,Yüksek Risk,0.16625746624084925,Yüksek Risk
ATAŞEHİR,KAYIŞDAĞI,ATAŞEHİR|KAYIŞDAĞI,2023,0.8188631318282629,Yüksek Risk,0.18586107496392296,Yüksek Risk,0.4372265764775308,Yüksek Risk,0.013165165147735107,Orta Risk,0.15609232291116118,Orta Risk,0.18586107496392296,Orta Risk,0.6419312622496413,Yüksek Risk,0.6425763685494199,Yüksek Risk,0.1954647590041478,Yüksek Risk
ATAŞEHİR,KÜÇÜKBAKKALKÖY,ATAŞEHİR|KÜÇÜKBAKKALKÖY,2023,0.6120667487477258,Yüksek Risk,0.18639915943442512,Yüksek Risk,0.4002317325825331,Yüksek Risk,0.014384528148565279,Orta Risk,0.16084925339699244,Orta Risk,0.18639915943442512,Orta Risk,0.6468606818495259,Yüksek Risk,0.6501529427715423,Yüksek Risk,0.20136999507925193,Yüksek Risk
ATAŞEHİR,MEVLANA,ATAŞEHİR|MEVLANA,2023,0.5310009759532494,Yüksek Risk,0.13448287004030784,Yüksek Risk,0.3299221352581534,Yüksek Risk,0.0008894291929804341,Düşük Risk,0.1265087934883161,Orta Risk,0.13448287004030784,Orta Risk,0.600625484841009,Yüksek Risk,0.5939496198478352,Yüksek Risk,0.143845680803674,Yüksek Risk
ATAŞEHİR,MUSTAFA KEMAL,ATAŞEHİR|MUSTAFA KEMAL,2023,0.47002808840287497,Yüksek Risk,0.10057550895438327,Orta Risk,0.2659471931988543,Yüksek Risk,0.0008781262183103895,Düşük Risk,0.09688784332458138,Orta Risk,0.10057550895438327,Düşük Risk,0.5504833168563888,Yüksek Risk,0.519717874762105,Yüksek Risk,0.11503074801886037,Orta Risk
ATAŞEHİR,MİMAR SİNAN,ATAŞEHİR|MİMAR SİNAN,2023,0.4151805433568905,Orta Risk,0.1052299827416707,Orta Risk,0.27095782559373754,Yüksek Risk,0.00032988661704274296,Düşük Risk,0.11849899849611822,Orta Risk,0.1052299827416707,Orta Risk,0.5442143227454262,Yüksek Risk,0.5096150304174007,Yüksek Risk,0.1160423286366839,Orta Risk
ATAŞEHİR,SEYMEN ÇAMLICA,ATAŞEHİR|SEYMEN ÇAMLICA,2023,0.45083512002578413,Orta Risk,0.10969656098182401,Orta Risk,0.28102057403631747,Yüksek Risk,0.008082261776721675,Orta Risk,0.11746194561171831,Orta Risk,0.10969656098182401,Orta Risk,0.5767439390870976,Yüksek Risk,0.548359614771916,Yüksek Risk,0.12017223020879816,Orta Risk
ATAŞEHİR,YENİSAHRA,ATAŞEHİR|YENİSAHRA,2023,0.2968291596276984,Orta Risk,0.06829827155994689,Orta Risk,0.19113347863633637,Orta Risk,0.00856510317259432,Orta Risk,0.06556814463454816,Düşük Risk,0.06829827155994689,Düşük Risk,0.5410580418404056,Yüksek Risk,0.49534525574616783,Yüksek Risk,0.0887850619279557,Orta Risk
ATAŞEHİR,ESENŞEHİR,ATAŞEHİR|ESENŞEHİR,2023,0.4231334347283227,Orta Risk,0.1316057443910215,Yüksek Risk,0.3143885161876022,Yüksek Risk,0.0008614531892070942,Düşük Risk,0.1364980884029905,Orta Risk,0.1316057443910215,Orta Risk,0.5883971133604072,Yüksek Risk,0.5673593577133222,Yüksek Risk,0.14275623112898622,Yüksek Risk
ATAŞEHİR,ÖRNEK,ATAŞEHİR|ÖRNEK,2023,0.7164230814120662,Yüksek Risk,0.15731114748029418,Yüksek Risk,0.386525455074801,Yüksek Risk,0.0009749271987589313,Düşük Risk,0.14235278677032087,Orta Risk,0.15731114748029418,Orta Risk,0.6069788893727854,Yüksek Risk,0.5958358803129324,Yüksek Risk,0.1721399349171597,Yüksek Risk
ATAŞEHİR,İNÖNÜ,ATAŞEHİR|İNÖNÜ,2023,0.6155248221061237,Yüksek Risk,0.15377195952704495,Yüksek Risk,0.3689391686149434,Yüksek Risk,0.0008679709214650056,Düşük Risk,0.13682055212059965,Orta Risk,0.15377195952704495,Orta Risk,0.6091894458023899,Yüksek Risk,0.6021498689851953,Yüksek Risk,0.166284635638094,Yüksek Risk
ATAŞEHİR,İÇERENKÖY,ATAŞEHİR|İÇERENKÖY,2023,0.8886955602729556,Yüksek Risk,0.21779908414253907,Yüksek Risk,0.4738804996466194,Yüksek Risk,0.0212631465311992,Orta Risk,0.16850390679719587,Orta Risk,0.21779908414253907,Orta Risk,0.6839557930775418,Yüksek Risk,0.6849432987459405,Yüksek Risk,0.23297684189777376,Yüksek Risk
AVCILAR,AMBARLI,AVCILAR|AMBARLI,2023,0.5676814477195086,Yüksek Risk,0.14005611336312146,Yüksek Risk,0.32619078743923746,Yüksek Risk,0.0007311439639020023,Düşük Risk,0.12725937026389428,Orta Risk,0.14005611336312146,Orta Risk,0.6037814953679908,Yüksek Risk,0.5918211766669201,Yüksek Risk,0.15214730991457123,Yüksek Risk
AVCILAR,CİHANGİR,AVCILAR|CİHANGİR,2023,0.6409296769550428,Yüksek Risk,0.14213227497911268,Yüksek Risk,0.32897028258029737,Yüksek Risk,0.011341770959725246,Orta Risk,0.12085012848063502,Orta Risk,0.14213227497911268,Orta Risk,0.5995178383318946,Yüksek Risk,0.5907911052894175,Yüksek Risk,0.14984772867962903,Yüksek Risk
AVCILAR,DENİZKÖŞKLER,AVCILAR|DENİZKÖŞKLER,2023,0.7328792583519085,Yüksek Risk,0.17099029336296453,Yüksek Risk,0.40018266484804,Yüksek Risk,0.00872830814782671,Orta Risk,0.1484695770568018,Orta Risk,0.17099029336296453,Orta Risk,0.6140146473011706,Yüksek Risk,0.6182450166121745,Yüksek Risk,0.17855309657219828,Yüksek Risk
AVCILAR,FİRUZKÖY,AVCILAR|FİRUZKÖY,2023,0.3414674291223988,Orta Risk,0.08796287506329721,Orta Risk,0.21152094393008625,Orta Risk,0.010120537047717848,Orta Risk,0.07994025670854749,Orta Risk,0.08796287506329721,Düşük Risk,0.5453113717895866,Yüksek Risk,0.5177542160101872,Yüksek Risk,0.09708149642449218,Orta Risk
AVCILAR,GÜMÜŞPALA,AVCILAR|GÜMÜŞPALA,2023,0.4478159838939323,Orta Risk,0.1036771104416833,Orta Risk,0.2533998300591066,Orta Risk,0.0006310527722482149,Düşük Risk,0.10302749030117016,Orta Risk,0.1036771104416833,Düşük Risk,0.5310036624299636,Yüksek Risk,0.5106317373982502,Yüksek Risk,0.11158343523828818,Orta Risk
AVCILAR,SARIYER MERKEZ,AVCILAR|SARIYER MERKEZ,2023,0.6773367970901152,Yüksek Risk,0.1570273317063504,Yüksek Risk,0.3797699260855595,Yüksek Risk,0.0007678217846362428,Düşük Risk,0.1428900998275764,Orta Risk,0.1570273317063504,Orta Risk,0.6085309981169444,Yüksek Risk,0.6075867709311493,Yüksek Risk,0.16501024504208833,Yüksek Risk
AVCILAR,MUSTAFA KEMALPAŞA,AVCILAR|MUSTAFA KEMALPAŞA,2023,0.41207765260341433,Orta Risk,0.10252373469445561,Orta Risk,0.24693443580171143,Orta Risk,0.005390786435994861,Düşük Risk,0.10276429556414547,Orta Risk,0.10252373469445561,Düşük Risk,0.515395793208312,Orta Risk,0.49531079552450286,Yüksek Risk,0.10985567331950971,Orta Risk
AVCILAR,TAHTAKALE,AVCILAR|TAHTAKALE,2023,0.4809149200594317,Yüksek Risk,0.12920486164544592,Yüksek Risk,0.2843574594378533,Yüksek Risk,0.009037667971275592,Orta Risk,0.10436813559305198,Orta Risk,0.12920486164544592,Düşük Risk,0.6135241054287702,Yüksek Risk,0.5953465744253418,Yüksek Risk,0.14168039865827933,Yüksek Risk
AVCILAR,YEŞİLKENT,AVCILAR|YEŞİLKENT,2023,0.8939221793560951,Yüksek Risk,0.19614731112656747,Yüksek Risk,0.44484582466224987,Yüksek Risk,0.0008124982292749461,Düşük Risk,0.16243763345075932,Orta Risk,0.19614731112656747,Orta Risk,0.6156258996730932,Yüksek Risk,0.6182087116548698,Yüksek Risk,0.20163744961737845,Yüksek Risk
AVCILAR,ÜNİVERSİTE,AVCILAR|ÜNİVERSİTE,2023,0.15059736288344372,Düşük Risk,0.04809094986099485,Düşük Risk,0.12676916506518116,Düşük Risk,0.00036001485879353745,Düşük Risk,0.041726531188618236,Düşük Risk,0.04809094986099485,Düşük Risk,0.474366716661394,Orta Risk,0.4229593188555756,Orta Risk,0.060287244738374275,Düşük Risk
BAHÇELİEVLER,BAHÇELİEVLER,BAHÇELİEVLER|BAHÇELİEVLER,2023,0.45572857273250644,Orta Risk,0.1303203226857327,Yüksek Risk,0.2712950102538561,Yüksek Risk,0.0006784239731520999,Düşük Risk,0.11585655798420566,Orta Risk,0.1303203226857327,Düşük Risk,0.5629444348087053,Yüksek Risk,0.5371504421187666,Yüksek Risk,0.1395778837899818,Yüksek Risk
BAHÇELİEVLER,CUMHURİYET,BAHÇELİEVLER|CUMHURİYET,2023,0.2886145265177572,Orta Risk,0.07108440400847518,Orta Risk,0.171578118779148,Orta Risk,0.0004921748497157103,Düşük Risk,0.06429136122498401,Düşük Risk,0.07108440400847518,Düşük Risk,0.507533658864029,Orta Risk,0.4685005056283449,Orta Risk,0.08082904290767778,Orta Risk
BAHÇELİEVLER,FEVZİ ÇAKMAK,BAHÇELİEVLER|FEVZİ ÇAKMAK,2023,0.20902009792918141,Düşük Risk,0.05246099470005261,Düşük Risk,0.13801355653828457,Düşük Risk,0.00045628396042414547,Düşük Risk,0.04355250088024272,Düşük Risk,0.05246099470005261,Düşük Risk,0.4986279211454819,Yüksek Risk,0.45637523628733234,Orta Risk,0.06126249840141538,Düşük Risk
BAHÇELİEVLER,HÜRRİYET,BAHÇELİEVLER|HÜRRİYET,2023,0.4391115460641693,Orta Risk,0.09318019659039048,Orta Risk,0.22678662862806429,Orta Risk,0.00021992077102722465,Düşük Risk,0.09004224177669187,Orta Risk,0.09318019659039048,Düşük Risk,0.5019030374277467,Yüksek Risk,0.4622987296644254,Orta Risk,0.10357875158873014,Orta Risk
BAHÇELİEVLER,KOCASINAN MERKEZ,BAHÇELİEVLER|KOCASINAN MERKEZ,2023,0.18292237027712616,Düşük Risk,0.03801095941659142,Düşük Risk,0.09013942826043919,Düşük Risk,2.560840907562504e-06,Düşük Risk,0.06979939996143797,Düşük Risk,0.03801095941659142,Düşük Risk,0.29178310651913314,Düşük Risk,0.14727102461990613,Düşük Risk,0.047058042959418594,Düşük Risk
BAHÇELİEVLER,KOCASİNAN MERKEZ,BAHÇELİEVLER|KOCASİNAN MERKEZ,2023,0.5951117133925663,Yüksek Risk,0.14140953862309805,Yüksek Risk,0.3071783767693833,Yüksek Risk,0.007418690102064205,Orta Risk,0.1226306319481934,Orta Risk,0.14140953862309805,Düşük Risk,0.5886581676730501,Yüksek Risk,0.5624382418670726,Yüksek Risk,0.15223521504334842,Yüksek Risk
BAHÇELİEVLER,SOĞANLI,BAHÇELİEVLER|SOĞANLI,2023,0.5423041949120198,Yüksek Risk,0.11714903279714506,Orta Risk,0.27065275631590824,Yüksek Risk,0.000559468774780028,Düşük Risk,0.11426525288993629,Orta Risk,0.11714903279714506,Düşük Risk,0.5308246021896253,Yüksek Risk,0.4986333407946958,Yüksek Risk,0.12706733966513226,Orta Risk
BAHÇELİEVLER,SİYAVUŞPAŞA,BAHÇELİEVLER|SİYAVUŞPAŞA,2023,0.5275957244190761,Yüksek Risk,0.11281055413227087,Orta Risk,0.26569484390743714,Yüksek Risk,0.00046673315729169203,Düşük Risk,0.11080201846371257,Orta Risk,0.11281055413227087,Düşük Risk,0.5198721131797133,Yüksek Risk,0.4901592768213291,Yüksek Risk,0.1253023246207293,Orta Risk
BAHÇELİEVLER,YENİBOSNA MERKEZ,BAHÇELİEVLER|YENİBOSNA MERKEZ,2023,0.43870610012103034,Orta Risk,0.11801042912994367,Orta Risk,0.2585956641620314,Yüksek Risk,0.013132967816255977,Orta Risk,0.09613067074451066,Orta Risk,0.11801042912994367,Düşük Risk,0.615479604128833,Yüksek Risk,0.5843079471851242,Yüksek Risk,0.13247115384268457,Yüksek Risk
BAHÇELİEVLER,ZAFER,BAHÇELİEVLER|ZAFER,2023,0.5806974056911026,Yüksek Risk,0.12626282086568685,Yüksek Risk,0.2819680409702502,Yüksek Risk,0.0005764596640850092,Düşük Risk,0.11389782267988884,Orta Risk,0.12626282086568685,Düşük Risk,0.5504052481791514,Yüksek Risk,0.529155505487201,Yüksek Risk,0.13318554322350257,Yüksek Risk
BAHÇELİEVLER,ÇOBANÇEŞME,BAHÇELİEVLER|ÇOBANÇEŞME,2023,0.28936331469209964,Orta Risk,0.0644839339988429,Orta Risk,0.16391508565428947,Orta Risk,0.0004921960264661658,Düşük Risk,0.05718895158276219,Düşük Risk,0.0644839339988429,Düşük Risk,0.49138327333054954,Yüksek Risk,0.4598936070469418,Orta Risk,0.0691021912438547,Orta Risk
BAHÇELİEVLER,ŞİRİNEVLER,BAHÇELİEVLER|ŞİRİNEVLER,2023,0.4918254832392323,Yüksek Risk,0.1210603911013915,Yüksek Risk,0.26889685343111575,Yüksek Risk,0.0006375173553130892,Düşük Risk,0.10860366291352698,Orta Risk,0.1210603911013915,Düşük Risk,0.5567313106013908,Yüksek Risk,0.5302848218718531,Yüksek Risk,0.13154111170594784,Yüksek Risk
BAKIRKÖY,ATAKÖY 1. KISIM,BAKIRKÖY|ATAKÖY 1. KISIM,2023,0.03129899181175773,Düşük Risk,0.01840259794580902,Düşük Risk,0.10390842184524657,Düşük Risk,0.0001318435165453764,Düşük Risk,0.02001756629360748,Düşük Risk,0.01840259794580902,Düşük Risk,0.3835985862791562,Orta Risk,0.3202624407970808,Düşük Risk,0.02059921702187226,Düşük Risk
BAKIRKÖY,ATAKÖY 2-5-6. KISIM,BAKIRKÖY|ATAKÖY 2-5-6. KISIM,2023,0.07657326557693284,Düşük Risk,0.03023378572663496,Düşük Risk,0.1265928156097838,Düşük Risk,0.0002607923051266833,Düşük Risk,0.0258178002620182,Düşük Risk,0.03023378572663496,Düşük Risk,0.43754915302960157,Orta Risk,0.3999873504649649,Orta Risk,0.032109501300228334,Düşük Risk
BAKIRKÖY,ATAKÖY 3-4-11. KISIM,BAKIRKÖY|ATAKÖY 3-4-11. KISIM,2023,0.05795042198785057,Düşük Risk,0.02622825435804386,Düşük Risk,0.11945878560543102,Düşük Risk,0.00011524921836393057,Düşük Risk,0.023709693091154935,Düşük Risk,0.02622825435804386,Düşük Risk,0.432152486068071,Orta Risk,0.37021492254834504,Orta Risk,0.030359909418861172,Düşük Risk
BAKIRKÖY,ATAKÖY 7-8-9-10. KISIM,BAKIRKÖY|ATAKÖY 7-8-9-10. KISIM,2023,0.1328208812606599,Düşük Risk,0.045797969856833834,Düşük Risk,0.1544807076115595,Orta Risk,0.00033763179179581096,Düşük Risk,0.03710900738655357,Düşük Risk,0.045797969856833834,Düşük Risk,0.523909217750621,Orta Risk,0.46479311408258156,Orta Risk,0.05785820868575864,Düşük Risk
BAKIRKÖY,BASINKÖY,BAKIRKÖY|BASINKÖY,2023,0.03209180488070633,Düşük Risk,0.019779028043111078,Düşük Risk,0.10543109837080546,Düşük Risk,9.210423641397413e-05,Düşük Risk,0.019902364363740682,Düşük Risk,0.019779028043111078,Düşük Risk,0.3887491627879112,Düşük Risk,0.30075962700850156,Düşük Risk,0.030370783247499325,Düşük Risk
BAKIRKÖY,CEVİZLİK,BAKIRKÖY|CEVİZLİK,2023,0.13032926329099392,Düşük Risk,0.04723665636525628,Düşük Risk,0.16482876144499772,Orta Risk,0.0006274833576645469,Düşük Risk,0.037927106502805355,Düşük Risk,0.04723665636525628,Düşük Risk,0.516450243459905,Orta Risk,0.4897271689698209,Orta Risk,0.052083778737080956,Düşük Risk
BAKIRKÖY,KARTALTEPE,BAKIRKÖY|KARTALTEPE,2023,0.5180482823167848,Yüksek Risk,0.12405412092289594,Yüksek Risk,0.32735007184498555,Yüksek Risk,0.0007249700845053819,Düşük Risk,0.10474195173791623,Orta Risk,0.12405412092289594,Orta Risk,0.5956737351766616,Yüksek Risk,0.591752167656358,Yüksek Risk,0.1291857479863805,Orta Risk
BAKIRKÖY,OSMANİYE,BAKIRKÖY|OSMANİYE,2023,0.19080726638973616,Düşük Risk,0.04970654223943602,Düşük Risk,0.1698578138261197,Orta Risk,0.00019283226236836094,Düşük Risk,0.04249478371079191,Düşük Risk,0.04970654223943602,Düşük Risk,0.4978047157078593,Orta Risk,0.4449137787991588,Orta Risk,0.059559844678097995,Düşük Risk
BAKIRKÖY,SAKIZAĞACI,BAKIRKÖY|SAKIZAĞACI,2023,0.1320344800191358,Düşük Risk,0.048657130866955355,Düşük Risk,0.1746263475162931,Orta Risk,0.00018061207772167819,Düşük Risk,0.0456127846176522,Düşük Risk,0.048657130866955355,Düşük Risk,0.47235290051586004,Orta Risk,0.45006415011266615,Orta Risk,0.05123231934707512,Düşük Risk
BAKIRKÖY,YENİMAHALLE,BAKIRKÖY|YENİMAHALLE,2023,0.05341689622535076,Düşük Risk,0.02595346923065723,Düşük Risk,0.11920650306037128,Düşük Risk,0.0003272970003535147,Düşük Risk,0.02197463364279,Düşük Risk,0.02595346923065723,Düşük Risk,0.454369526392399,Orta Risk,0.3937254466453294,Orta Risk,0.03360288973253403,Düşük Risk
BAKIRKÖY,YEŞİLKÖY,BAKIRKÖY|YEŞİLKÖY,2023,0.48472126519806974,Yüksek Risk,0.13159833300988102,Yüksek Risk,0.3348207681157427,Yüksek Risk,0.010305662315202756,Orta Risk,0.12263922458118218,Orta Risk,0.13159833300988102,Orta Risk,0.6298284106282294,Yüksek Risk,0.6256702873667276,Yüksek Risk,0.13570210608289723,Yüksek Risk
BAKIRKÖY,YEŞİLYURT,BAKIRKÖY|YEŞİLYURT,2023,0.3280423923468874,Orta Risk,0.13390712716450406,Yüksek Risk,0.3307886974072767,Yüksek Risk,0.0003939989756366093,Düşük Risk,0.15681169902687075,Orta Risk,0.13390712716450406,Orta Risk,0.5222824037967648,Yüksek Risk,0.4967884644885911,Yüksek Risk,0.1347298631383709,Yüksek Risk
BAKIRKÖY,ZEYTİNLİK,BAKIRKÖY|ZEYTİNLİK,2023,0.14999813714093804,Düşük Risk,0.048052200863824356,Düşük Risk,0.17329744229610947,Orta Risk,0.0005501928761384658,Düşük Risk,0.04222491814331157,Düşük Risk,0.048052200863824356,Düşük Risk,0.5056793945586604,Orta Risk,0.47524516175349274,Orta Risk,0.05358405747524334,Düşük Risk
BAKIRKÖY,ZUHURATBABA,BAKIRKÖY|ZUHURATBABA,2023,0.25682441003704115,Orta Risk,0.07101553277794061,Orta Risk,0.21170904575765565,Orta Risk,0.0006296429831118951,Düşük Risk,0.05781510237398472,Düşük Risk,0.07101553277794061,Düşük Risk,0.5549240935877892,Yüksek Risk,0.5265485480678253,Yüksek Risk,0.0793997844901539,Orta Risk
BAKIRKÖY,ŞENLİKKÖY,BAKIRKÖY|ŞENLİKKÖY,2023,0.5710672668515988,Yüksek Risk,0.1603730729715913,Yüksek Risk,0.40422436786514604,Yüksek Risk,0.0023095481392120514,Düşük Risk,0.1433626619797673,Orta Risk,0.1603730729715913,Orta Risk,0.635286322942198,Yüksek Risk,0.6431444119521188,Yüksek Risk,0.16449495369988415,Yüksek Risk
BAYRAMPAŞA,ALTINTEPSİ,BAYRAMPAŞA|ALTINTEPSİ,2023,0.6953696088137624,Yüksek Risk,0.15482043362692596,Yüksek Risk,0.37475483289539935,Yüksek Risk,0.008811215581010915,Orta Risk,0.14287783089674633,Orta Risk,0.15482043362692596,Orta Risk,0.6097589357526295,Yüksek Risk,0.6033895261627339,Yüksek Risk,0.16125250449168096,Yüksek Risk
BAYRAMPAŞA,CEVATPAŞA,BAYRAMPAŞA|CEVATPAŞA,2023,0.5671518430502236,Yüksek Risk,0.13236014032016152,Yüksek Risk,0.3256864805517098,Yüksek Risk,0.012482390260736073,Orta Risk,0.12806417643082735,Orta Risk,0.13236014032016152,Orta Risk,0.608950044731033,Yüksek Risk,0.5995731764441742,Yüksek Risk,0.14544745774698242,Yüksek Risk
BAYRAMPAŞA,KARTALTEPE,BAYRAMPAŞA|KARTALTEPE,2023,0.74162472796639,Yüksek Risk,0.16668310462188707,Yüksek Risk,0.394025389577927,Yüksek Risk,0.0007704032773449849,Düşük Risk,0.14715434634467917,Orta Risk,0.16668310462188707,Orta Risk,0.6077149973512287,Yüksek Risk,0.6063758204232643,Yüksek Risk,0.17460298840069804,Yüksek Risk
BAYRAMPAŞA,KOCATEPE,BAYRAMPAŞA|KOCATEPE,2023,0.636589078999131,Yüksek Risk,0.15839831097750667,Yüksek Risk,0.3733752819084319,Yüksek Risk,0.0008665234154206684,Düşük Risk,0.14200147010765343,Orta Risk,0.15839831097750667,Orta Risk,0.6246892085030827,Yüksek Risk,0.6169998409671452,Yüksek Risk,0.16795285636585747,Yüksek Risk
BAYRAMPAŞA,MURATPAŞA,BAYRAMPAŞA|MURATPAŞA,2023,0.6898118595481503,Yüksek Risk,0.15463975225089832,Yüksek Risk,0.37549781799703763,Yüksek Risk,0.000718396514137035,Düşük Risk,0.14263242621333364,Orta Risk,0.15463975225089832,Orta Risk,0.5999641222027651,Yüksek Risk,0.594179234066171,Yüksek Risk,0.16172606928743483,Yüksek Risk
BAYRAMPAŞA,ORTA,BAYRAMPAŞA|ORTA,2023,0.5443347776184565,Yüksek Risk,0.12802422594601878,Yüksek Risk,0.3192800697284639,Yüksek Risk,0.009704796394532634,Orta Risk,0.1265071986644056,Orta Risk,0.12802422594601878,Orta Risk,0.5974138593603785,Yüksek Risk,0.585624311110413,Yüksek Risk,0.13507314221892205,Yüksek Risk
BAYRAMPAŞA,TERAZİDERE,BAYRAMPAŞA|TERAZİDERE,2023,0.6500553251792722,Yüksek Risk,0.14032337078986046,Yüksek Risk,0.3519014580342677,Yüksek Risk,0.0008821617013730165,Düşük Risk,0.136699873900925,Orta Risk,0.14032337078986046,Orta Risk,0.5786155410874979,Yüksek Risk,0.570355303653388,Yüksek Risk,0.14505435285752122,Yüksek Risk
BAYRAMPAŞA,VATAN,BAYRAMPAŞA|VATAN,2023,0.4205298219644036,Orta Risk,0.0957983460519985,Orta Risk,0.25004542437074495,Orta Risk,0.000693735501261806,Düşük Risk,0.11295281816009352,Orta Risk,0.0957983460519985,Orta Risk,0.5383658154076749,Yüksek Risk,0.5140024822026694,Yüksek Risk,0.10221731616972798,Orta Risk
BAYRAMPAŞA,SEYİTNİZAM,BAYRAMPAŞA|SEYİTNİZAM,2023,0.6274934180771482,Yüksek Risk,0.1509519536100152,Yüksek Risk,0.36751923142559706,Yüksek Risk,0.008648141750079167,Orta Risk,0.14114028128514758,Orta Risk,0.1509519536100152,Orta Risk,0.6202471213468126,Yüksek Risk,0.615289009353097,Yüksek Risk,0.1570132515023255,Yüksek Risk
BAYRAMPAŞA,YILDIRIM,BAYRAMPAŞA|YILDIRIM,2023,0.7853842523888647,Yüksek Risk,0.17171520611940017,Yüksek Risk,0.40470555596618474,Yüksek Risk,0.0007768518950566344,Düşük Risk,0.1503047580595885,Orta Risk,0.17171520611940017,Orta Risk,0.6094686744695301,Yüksek Risk,0.6020510448591626,Yüksek Risk,0.18111125034236822,Yüksek Risk
BAYRAMPAŞA,İSMET PAŞA,BAYRAMPAŞA|İSMET PAŞA,2023,0.29655600140619387,Orta Risk,0.07319891290857093,Orta Risk,0.1946517931523853,Orta Risk,0.0006514882243947105,Düşük Risk,0.06886115546584215,Düşük Risk,0.07319891290857093,Düşük Risk,0.5244195738267621,Yüksek Risk,0.4987404444197105,Yüksek Risk,0.08149307055378431,Orta Risk
BAĞCILAR,100. YIL,BAĞCILAR|100. YIL,2023,0.4844521292536531,Yüksek Risk,0.11334925889203315,Orta Risk,0.26590925016212846,Yüksek Risk,0.007385327626764335,Orta Risk,0.09765355941584541,Orta Risk,0.11334925889203315,Düşük Risk,0.5783662858774596,Yüksek Risk,0.5540049058959173,Yüksek Risk,0.1265689246778297,Orta Risk
BAĞCILAR,15 TEMMUZ,BAĞCILAR|15 TEMMUZ,2023,0.5646922932280904,Yüksek Risk,0.12341870741668523,Yüksek Risk,0.2789534944235009,Yüksek Risk,0.009891748619523674,Orta Risk,0.10885767411277411,Orta Risk,0.12341870741668523,Düşük Risk,0.5773986320717222,Yüksek Risk,0.5507717843821652,Yüksek Risk,0.13776949742181127,Yüksek Risk
BAĞCILAR,BARBAROS,BAĞCILAR|BARBAROS,2023,0.15046198642386582,Düşük Risk,0.04162998392608297,Düşük Risk,0.11555835204619946,Düşük Risk,0.0003764299623804809,Düşük Risk,0.0362971448055864,Düşük Risk,0.04162998392608297,Düşük Risk,0.4698373474126546,Orta Risk,0.4095339825370172,Orta Risk,0.05595618653428815,Düşük Risk
BAĞCILAR,BAĞLAR,BAĞCILAR|BAĞLAR,2023,0.25692302864605665,Orta Risk,0.07581715184152826,Orta Risk,0.18255057500923166,Orta Risk,0.01392789610581125,Orta Risk,0.06066814971962853,Düşük Risk,0.07581715184152826,Düşük Risk,0.5850113839289872,Yüksek Risk,0.54765802772091,Yüksek Risk,0.09145868775336935,Orta Risk
BAĞCILAR,DEMİRKAPI,BAĞCILAR|DEMİRKAPI,2023,0.6178879218490685,Yüksek Risk,0.16224254062051588,Yüksek Risk,0.3531410096152511,Yüksek Risk,0.0008019262364558492,Düşük Risk,0.13558252492337705,Orta Risk,0.16224254062051588,Orta Risk,0.6041182804764071,Yüksek Risk,0.5935183244529493,Yüksek Risk,0.17375256542288722,Yüksek Risk
BAĞCILAR,FATİH,BAĞCILAR|FATİH,2023,0.37369097551600067,Orta Risk,0.07950198969444591,Orta Risk,0.2002013991847593,Orta Risk,0.00024210770377134066,Düşük Risk,0.0746702074107974,Düşük Risk,0.07950198969444591,Düşük Risk,0.5046428230834059,Orta Risk,0.4551457989930469,Orta Risk,0.09239494997646933,Orta Risk
BAĞCILAR,FEVZİ ÇAKMAK,BAĞCILAR|FEVZİ ÇAKMAK,2023,0.5973955088442571,Yüksek Risk,0.14334783792978714,Yüksek Risk,0.33641262007425643,Yüksek Risk,0.0007861129350304643,Düşük Risk,0.12972494136626336,Orta Risk,0.14334783792978714,Orta Risk,0.6115218060813824,Yüksek Risk,0.593495794871456,Yüksek Risk,0.1562904698618881,Yüksek Risk
BAĞCILAR,GÖZTEPE,BAĞCILAR|GÖZTEPE,2023,0.4481003378448923,Orta Risk,0.10377410391753522,Orta Risk,0.26326410223821095,Yüksek Risk,0.0006097146933398921,Düşük Risk,0.10117885887494166,Orta Risk,0.10377410391753522,Düşük Risk,0.5593043168078036,Yüksek Risk,0.5299935491711704,Yüksek Risk,0.11780222577302221,Orta Risk
BAĞCILAR,GÜNEŞLİ,BAĞCILAR|GÜNEŞLİ,2023,0.49429536356984616,Yüksek Risk,0.1133141192187658,Orta Risk,0.26740178825743555,Yüksek Risk,0.0007440446213306485,Düşük Risk,0.09846492230755902,Orta Risk,0.1133141192187658,Düşük Risk,0.5721260146245758,Yüksek Risk,0.5443185526465841,Yüksek Risk,0.12585184280212924,Orta Risk
BAĞCILAR,HÜRRİYET,BAĞCILAR|HÜRRİYET,2023,0.20622942540538097,Düşük Risk,0.056627392449420375,Düşük Risk,0.14730637710265337,Orta Risk,0.0005025426383969249,Düşük Risk,0.048778527604685186,Düşük Risk,0.056627392449420375,Düşük Risk,0.4990283076084512,Orta Risk,0.45270341795054575,Orta Risk,0.07036315639286744,Orta Risk
BAĞCILAR,KAZIM KARABEKİR,BAĞCILAR|KAZIM KARABEKİR,2023,0.18465523662851022,Düşük Risk,0.04879666399358583,Düşük Risk,0.1319625975838511,Düşük Risk,0.0004567290192405324,Düşük Risk,0.04143993489098439,Düşük Risk,0.04879666399358583,Düşük Risk,0.494310138478816,Orta Risk,0.4412125191812664,Orta Risk,0.06227633267237265,Düşük Risk
BAĞCILAR,KEMALPAŞA,BAĞCILAR|KEMALPAŞA,2023,0.5163640830855265,Yüksek Risk,0.1299710208330678,Yüksek Risk,0.302737370260048,Yüksek Risk,0.0007275794575394533,Düşük Risk,0.12404365019278156,Orta Risk,0.1299710208330678,Orta Risk,0.5902261827274422,Yüksek Risk,0.5703312313596344,Yüksek Risk,0.1417956492212375,Yüksek Risk
BAĞCILAR,KİRAZLI,BAĞCILAR|KİRAZLI,2023,0.5406458529092794,Yüksek Risk,0.12247324608964233,Yüksek Risk,0.3023154225338836,Yüksek Risk,0.0014668374285409097,Düşük Risk,0.11794772541836016,Orta Risk,0.12247324608964233,Orta Risk,0.5775063684586741,Yüksek Risk,0.5553379271536564,Yüksek Risk,0.13206688527948726,Yüksek Risk
BAĞCILAR,MAHMUTBEY,BAĞCILAR|MAHMUTBEY,2023,0.6615075192878045,Yüksek Risk,0.15338531911150768,Yüksek Risk,0.36148427221801355,Yüksek Risk,0.011977374599600394,Orta Risk,0.13768609419802308,Orta Risk,0.15338531911150768,Orta Risk,0.6329346038229229,Yüksek Risk,0.6118927627999861,Yüksek Risk,0.16978073769084345,Yüksek Risk
BAĞCILAR,SARIYER MERKEZ,BAĞCILAR|SARIYER MERKEZ,2023,0.23729715240507987,Orta Risk,0.05979607919930986,Düşük Risk,0.16168956509845367,Orta Risk,0.0004280972279957663,Düşük Risk,0.05770361425875047,Düşük Risk,0.05979607919930986,Düşük Risk,0.4838967887534547,Orta Risk,0.4331595734467506,Orta Risk,0.07125666621875681,Orta Risk
BAĞCILAR,SANCAKTEPE,BAĞCILAR|SANCAKTEPE,2023,0.6419614030940157,Yüksek Risk,0.17905680532389898,Yüksek Risk,0.4188320532376266,Yüksek Risk,0.0008192334396137995,Düşük Risk,0.15814810785402927,Orta Risk,0.17905680532389898,Orta Risk,0.6097010165216845,Yüksek Risk,0.6232689620404103,Yüksek Risk,0.18657869247678896,Yüksek Risk
BAĞCILAR,YAVUZ SELİM,BAĞCILAR|YAVUZ SELİM,2023,0.6295352883360573,Yüksek Risk,0.13545704892664884,Yüksek Risk,0.3349889497901094,Yüksek Risk,0.00034227533644771107,Düşük Risk,0.13040180045344643,Orta Risk,0.13545704892664884,Orta Risk,0.5622234691916377,Yüksek Risk,0.5396272014942651,Yüksek Risk,0.14666055788722987,Yüksek Risk
BAĞCILAR,YENİGÜN,BAĞCILAR|YENİGÜN,2023,0.19088064229112173,Düşük Risk,0.04560375574647193,Düşük Risk,0.13039895543344637,Düşük Risk,0.00019828519492025957,Düşük Risk,0.04294161358970464,Düşük Risk,0.04560375574647193,Düşük Risk,0.4491435093059083,Orta Risk,0.39408226166560856,Orta Risk,0.05369932887379111,Düşük Risk
BAĞCILAR,YENİMAHALLE,BAĞCILAR|YENİMAHALLE,2023,0.4799394487283164,Yüksek Risk,0.10892493447620824,Orta Risk,0.2696828884275805,Yüksek Risk,0.0006343000765779698,Düşük Risk,0.09736644145780571,Orta Risk,0.10892493447620824,Düşük Risk,0.5714630152617314,Yüksek Risk,0.5447163850551474,Yüksek Risk,0.12509022386101376,Orta Risk
BAĞCILAR,YILDIZTEPE,BAĞCILAR|YILDIZTEPE,2023,0.31346332008521416,Orta Risk,0.07257331868104203,Orta Risk,0.1862340622598817,Orta Risk,0.0005523289975109143,Düşük Risk,0.06699490458676598,Düşük Risk,0.07257331868104203,Düşük Risk,0.5130692836673284,Orta Risk,0.47322753081293073,Orta Risk,0.08127528024275239,Orta Risk
BAĞCILAR,ÇINAR,BAĞCILAR|ÇINAR,2023,0.416569802779892,Orta Risk,0.09731211126122469,Orta Risk,0.24333925838238818,Orta Risk,0.0005849413578295416,Düşük Risk,0.09995409434210302,Orta Risk,0.09731211126122469,Düşük Risk,0.5248332086220665,Orta Risk,0.497514970677867,Yüksek Risk,0.10734266437952869,Orta Risk
BAĞCILAR,İNÖNÜ,BAĞCILAR|İNÖNÜ,2023,0.17022387283673898,Düşük Risk,0.04938376334294169,Düşük Risk,0.12762746086590673,Düşük Risk,0.0005229269448015664,Düşük Risk,0.04310852262842393,Düşük Risk,0.04938376334294169,Düşük Risk,0.49768017418739297,Orta Risk,0.441912815733116,Orta Risk,0.06287150159911747,Düşük Risk
BAŞAKŞEHİR,ALTINŞEHİR,BAŞAKŞEHİR|ALTINŞEHİR,2023,0.7044933349241758,Yüksek Risk,0.1584567186755902,Yüksek Risk,0.3941941691910402,Yüksek Risk,0.0003484202197643829,Düşük Risk,0.14537162239831158,Orta Risk,0.1584567186755902,Orta Risk,0.5780003889718967,Yüksek Risk,0.5722013860516358,Yüksek Risk,0.17078615250894577,Yüksek Risk
BAŞAKŞEHİR,BAHÇEŞEHİR 1. KISIM,BAŞAKŞEHİR|BAHÇEŞEHİR 1. KISIM,2023,0.7069625564690591,Yüksek Risk,0.16705793617290796,Yüksek Risk,0.3981510294677016,Yüksek Risk,0.0008145336279084965,Düşük Risk,0.1455260148451105,Orta Risk,0.16705793617290796,Orta Risk,0.6207779409355211,Yüksek Risk,0.6169549268611528,Yüksek Risk,0.17567329959845193,Yüksek Risk
BAŞAKŞEHİR,BAHÇEŞEHİR 2. KISIM,BAŞAKŞEHİR|BAHÇEŞEHİR 2. KISIM,2023,0.8296357107952151,Yüksek Risk,0.1879046962466432,Yüksek Risk,0.43733498194186243,Yüksek Risk,0.0008153925612120105,Düşük Risk,0.1570919377261403,Orta Risk,0.1879046962466432,Orta Risk,0.613784403169085,Yüksek Risk,0.6223828582728284,Yüksek Risk,0.19037981014144378,Yüksek Risk
BAŞAKŞEHİR,BAŞAK,BAŞAKŞEHİR|BAŞAK,2023,0.365384515148325,Orta Risk,0.10003373565554474,Orta Risk,0.22774266160078455,Orta Risk,0.0005059752090875025,Düşük Risk,0.0882039795408597,Orta Risk,0.10003373565554474,Düşük Risk,0.5724816481960275,Yüksek Risk,0.5346217209615755,Yüksek Risk,0.11278738090079513,Orta Risk
BAŞAKŞEHİR,BAŞAKŞEHİR,BAŞAKŞEHİR|BAŞAKŞEHİR,2023,0.6847409872408912,Yüksek Risk,0.17193580001614098,Yüksek Risk,0.39546650651208537,Yüksek Risk,0.0005685343278243834,Düşük Risk,0.14452006187005398,Orta Risk,0.17193580001614098,Orta Risk,0.6274091840238313,Yüksek Risk,0.6316234086657572,Yüksek Risk,0.1805367140207656,Yüksek Risk
BAŞAKŞEHİR,GÜVERCİNTEPE,BAŞAKŞEHİR|GÜVERCİNTEPE,2023,0.8951438852500101,Yüksek Risk,0.19153876320483926,Yüksek Risk,0.44871638880556775,Yüksek Risk,0.008697000194856641,Orta Risk,0.16157332312652092,Orta Risk,0.19153876320483926,Orta Risk,0.6152516490394315,Yüksek Risk,0.6212056704423911,Yüksek Risk,0.20165094463501945,Yüksek Risk
BAŞAKŞEHİR,KAYABAŞI,BAŞAKŞEHİR|KAYABAŞI,2023,0.6407578141229725,Yüksek Risk,0.1780660210776811,Yüksek Risk,0.3541973190702902,Yüksek Risk,0.014432797101652853,Orta Risk,0.14993364853990215,Orta Risk,0.1780660210776811,Düşük Risk,0.6317767916107283,Yüksek Risk,0.6246343846194765,Yüksek Risk,0.18604204800009003,Yüksek Risk
BAŞAKŞEHİR,ZİYA GÖKALP,BAŞAKŞEHİR|ZİYA GÖKALP,2023,0.44863651138593985,Orta Risk,0.11171481143783926,Orta Risk,0.2770965048248687,Yüksek Risk,0.01142608226468312,Orta Risk,0.10286707213746035,Orta Risk,0.11171481143783926,Düşük Risk,0.6048546005886836,Yüksek Risk,0.5785683106429629,Yüksek Risk,0.12768982250166666,Orta Risk
BAŞAKŞEHİR,İKITELLI OSB,BAŞAKŞEHİR|İKITELLI OSB,2023,0.4306949314045694,Orta Risk,0.4872993410950207,Yüksek Risk,0.35219691073772386,Yüksek Risk,0.19726053843222702,Yüksek Risk,0.5599226215911299,Yüksek Risk,0.4872993410950207,Yüksek Risk,0.5719456382722258,Yüksek Risk,0.5761720505034119,Yüksek Risk,0.4844552388684415,Yüksek Risk
BAŞAKŞEHİR,ŞAHİNTEPE,BAŞAKŞEHİR|ŞAHİNTEPE,2023,0.6038542142421961,Yüksek Risk,0.13205525404118598,Yüksek Risk,0.3252706767273359,Yüksek Risk,0.01174583846429639,Orta Risk,0.1176014322428157,Orta Risk,0.13205525404118598,Orta Risk,0.5920738267416238,Yüksek Risk,0.577066444613135,Yüksek Risk,0.14223509308729587,Yüksek Risk
BAŞAKŞEHİR,ŞAMLAR,BAŞAKŞEHİR|ŞAMLAR,2023,0.04922317479367606,Düşük Risk,0.024636246788089542,Düşük Risk,0.08755628505777137,Düşük Risk,0.003077538011210503,Düşük Risk,0.02146969226878493,Düşük Risk,0.024636246788089542,Düşük Risk,0.4065182279244055,Düşük Risk,0.33056098834253117,Düşük Risk,0.03557240832988101,Düşük Risk
BEYKOZ,ACARLAR,BEYKOZ|ACARLAR,2023,0.09065079927443608,Düşük Risk,0.031708759972594924,Düşük Risk,0.10875938151768047,Düşük Risk,0.00013472129740395314,Düşük Risk,0.03126522342575662,Düşük Risk,0.031708759972594924,Düşük Risk,0.4585303799043216,Orta Risk,0.3813527300310237,Orta Risk,0.03969775061720256,Düşük Risk
BEYKOZ,AKBABA,BEYKOZ|AKBABA,2023,0.4231147357254575,Orta Risk,0.11330312415445733,Orta Risk,0.3002038619510682,Yüksek Risk,0.00032679893823840683,Düşük Risk,0.12107171102552342,Orta Risk,0.11330312415445733,Orta Risk,0.5593762226029161,Yüksek Risk,0.5359081918973858,Yüksek Risk,0.11890804743287409,Orta Risk
BEYKOZ,ALİBAHADIR,BEYKOZ|ALİBAHADIR,2023,0.17536085310661056,Düşük Risk,0.05752104001510155,Düşük Risk,0.17023785072607336,Orta Risk,0.00014843252437904785,Düşük Risk,0.05784428671507554,Düşük Risk,0.05752104001510155,Düşük Risk,0.4960992851377017,Orta Risk,0.45562496118993645,Orta Risk,0.06098385361911317,Düşük Risk
BEYKOZ,ANADOLU HİSARI,BEYKOZ|ANADOLU HİSARI,2023,0.08614663727443472,Düşük Risk,0.029467327651027803,Düşük Risk,0.1044712985563986,Düşük Risk,0.0005699744388184727,Düşük Risk,0.025878576807464655,Düşük Risk,0.029467327651027803,Düşük Risk,0.4594673090587595,Orta Risk,0.41066374414878576,Orta Risk,0.034909880976215855,Düşük Risk
BEYKOZ,ANADOLU KAVAĞI,BEYKOZ|ANADOLU KAVAĞI,2023,0.35304305591528534,Orta Risk,0.08398168255086369,Orta Risk,0.2378427754399724,Orta Risk,0.00032775825526757725,Düşük Risk,0.11035679136375023,Orta Risk,0.08398168255086369,Orta Risk,0.5241290048583056,Yüksek Risk,0.4869724572932816,Orta Risk,0.09076155213222223,Orta Risk
BEYKOZ,ANADOLUFENERİ,BEYKOZ|ANADOLUFENERİ,2023,0.08698257050367189,Düşük Risk,0.027704445447661163,Düşük Risk,0.10105234616105224,Düşük Risk,0.00013866223913501993,Düşük Risk,0.028043136921088715,Düşük Risk,0.027704445447661163,Düşük Risk,0.42406265816911126,Orta Risk,0.3664227681971135,Orta Risk,0.030781390631135146,Düşük Risk
BEYKOZ,BAKLACI,BEYKOZ|BAKLACI,2023,0.05114565747151137,Düşük Risk,0.02233045411088521,Düşük Risk,0.08766650020048487,Düşük Risk,0.00021106564257064304,Düşük Risk,0.01933467938413992,Düşük Risk,0.02233045411088521,Düşük Risk,0.4391717531883891,Orta Risk,0.3593705477589244,Orta Risk,0.03414395918877764,Düşük Risk
BEYKOZ,BOZHANE,BEYKOZ|BOZHANE,2023,0.036387867919460366,Düşük Risk,0.02432480653962235,Düşük Risk,0.08819675519866846,Düşük Risk,0.0002799270776364294,Düşük Risk,0.026682968444202232,Düşük Risk,0.02432480653962235,Düşük Risk,0.3964508576866379,Orta Risk,0.3360276792100617,Düşük Risk,0.027365815005221963,Düşük Risk
BEYKOZ,CUMHURİYET,BEYKOZ|CUMHURİYET,2023,0.05835374500422978,Düşük Risk,0.027690086100980206,Düşük Risk,0.09750056309844056,Düşük Risk,0.00026051490992913637,Düşük Risk,0.02812072449224732,Düşük Risk,0.027690086100980206,Düşük Risk,0.403355571986222,Orta Risk,0.37344379737606015,Orta Risk,0.031024270513480622,Düşük Risk
BEYKOZ,DERESEKİ,BEYKOZ|DERESEKİ,2023,0.4503702214388211,Orta Risk,0.11986030550834233,Orta Risk,0.31613937675612747,Yüksek Risk,0.0003823114301698233,Düşük Risk,0.12462468429799052,Orta Risk,0.11986030550834233,Orta Risk,0.5481187849580256,Yüksek Risk,0.5471385722964559,Yüksek Risk,0.12070493194984559,Orta Risk
BEYKOZ,ELMALI,BEYKOZ|ELMALI,2023,0.1048014821810122,Düşük Risk,0.034476252864434356,Düşük Risk,0.11597165524821385,Düşük Risk,0.0028470709052922927,Düşük Risk,0.03223508906024441,Düşük Risk,0.034476252864434356,Düşük Risk,0.4731130512434353,Orta Risk,0.4218030941306976,Orta Risk,0.0401422060129837,Düşük Risk
BEYKOZ,FATİH,BEYKOZ|FATİH,2023,0.04828954361786314,Düşük Risk,0.019234693722296636,Düşük Risk,0.08338215956708285,Düşük Risk,0.00017895238573057085,Düşük Risk,0.016317038754911823,Düşük Risk,0.019234693722296636,Düşük Risk,0.38837002752964045,Orta Risk,0.33543208490792276,Düşük Risk,0.023361114913153187,Düşük Risk
BEYKOZ,GÖKSU,BEYKOZ|GÖKSU,2023,0.10195952353988831,Düşük Risk,0.03475160082899265,Düşük Risk,0.11446990831494835,Düşük Risk,0.000615516676455622,Düşük Risk,0.029643276229242704,Düşük Risk,0.03475160082899265,Düşük Risk,0.49284395717400054,Orta Risk,0.43717304903570536,Orta Risk,0.043668267158010476,Düşük Risk
BEYKOZ,GÖLLÜ,BEYKOZ|GÖLLÜ,2023,0.04116556903796894,Düşük Risk,0.019182018130794586,Düşük Risk,0.08286429018727373,Düşük Risk,0.0001292346289152621,Düşük Risk,0.019992339676084728,Düşük Risk,0.019182018130794586,Düşük Risk,0.3809820365670584,Orta Risk,0.3078340505020062,Düşük Risk,0.022829445941111654,Düşük Risk
BEYKOZ,GÖRELE,BEYKOZ|GÖRELE,2023,0.08800877049854323,Düşük Risk,0.029754608763011597,Düşük Risk,0.10671717300979068,Düşük Risk,0.00022506359322190347,Düşük Risk,0.02878611302906462,Düşük Risk,0.029754608763011597,Düşük Risk,0.449252393646688,Orta Risk,0.3923681711303164,Orta Risk,0.03442597622286201,Düşük Risk
BEYKOZ,GÖZTEPE,BEYKOZ|GÖZTEPE,2023,0.21165088520009712,Düşük Risk,0.053421209199429665,Düşük Risk,0.15723995365257878,Orta Risk,0.000652615833422593,Düşük Risk,0.049502009466353185,Düşük Risk,0.053421209199429665,Düşük Risk,0.519158989164583,Yüksek Risk,0.476163762258072,Orta Risk,0.06064249744867346,Düşük Risk
BEYKOZ,GÜMÜŞSUYU,BEYKOZ|GÜMÜŞSUYU,2023,0.6424908220466706,Yüksek Risk,0.14504853310942378,Yüksek Risk,0.3629840451457747,Yüksek Risk,0.0010199406550053163,Düşük Risk,0.1364712584327419,Orta Risk,0.14504853310942378,Orta Risk,0.5895496847983439,Yüksek Risk,0.595841202314581,Yüksek Risk,0.1504031404123534,Yüksek Risk
BEYKOZ,KANLICA,BEYKOZ|KANLICA,2023,0.08418807875326943,Düşük Risk,0.029888362077428975,Düşük Risk,0.10382086200211445,Düşük Risk,0.0005259590467574918,Düşük Risk,0.025355543363464645,Düşük Risk,0.029888362077428975,Düşük Risk,0.4670963019172469,Orta Risk,0.4155829672635803,Orta Risk,0.03788104041008592,Düşük Risk
BEYKOZ,KAVACIK,BEYKOZ|KAVACIK,2023,0.2710047501878583,Orta Risk,0.07123048636376247,Orta Risk,0.1881006595869945,Orta Risk,0.0006009815407531663,Düşük Risk,0.05865053463066075,Düşük Risk,0.07123048636376247,Düşük Risk,0.5383187759569604,Yüksek Risk,0.5100008353725944,Yüksek Risk,0.07719576282403061,Orta Risk
BEYKOZ,KAYNARCA,BEYKOZ|KAYNARCA,2023,0.339880276113924,Orta Risk,0.0959855116196091,Orta Risk,0.2573660580428125,Yüksek Risk,0.00034652184655163627,Düşük Risk,0.11523543207880446,Orta Risk,0.0959855116196091,Orta Risk,0.5199601674595827,Yüksek Risk,0.5015758598480513,Yüksek Risk,0.09700327279763002,Orta Risk
BEYKOZ,KILIÇLI,BEYKOZ|KILIÇLI,2023,0.07488900201722697,Düşük Risk,0.02764808347745131,Düşük Risk,0.10833756423838173,Düşük Risk,0.00027413578937604213,Düşük Risk,0.02708063970110586,Düşük Risk,0.02764808347745131,Düşük Risk,0.42977455511976365,Orta Risk,0.38689378641817196,Orta Risk,0.030718701981835173,Düşük Risk
BEYKOZ,MAHMUTŞEVKETPAŞA,BEYKOZ|MAHMUTŞEVKETPAŞA,2023,0.2012830500107143,Düşük Risk,0.0598656720462705,Düşük Risk,0.17872208065391887,Orta Risk,0.00033189722302996553,Düşük Risk,0.05653266542702462,Düşük Risk,0.0598656720462705,Düşük Risk,0.5030226684571685,Orta Risk,0.4811632494781437,Orta Risk,0.06262300658813136,Düşük Risk
BEYKOZ,SARIYER MERKEZ,BEYKOZ|SARIYER MERKEZ,2023,0.45514953611349956,Orta Risk,0.10477568347202704,Orta Risk,0.27774702891030045,Yüksek Risk,0.0009260823721831469,Düşük Risk,0.11578854404208867,Orta Risk,0.10477568347202704,Orta Risk,0.5735431792253021,Yüksek Risk,0.5488756539579529,Yüksek Risk,0.11194939551062753,Orta Risk
BEYKOZ,ORTAÇEŞME,BEYKOZ|ORTAÇEŞME,2023,0.4416594440112808,Orta Risk,0.10116620003785824,Orta Risk,0.26774127284420984,Yüksek Risk,0.00037680837897219267,Düşük Risk,0.11561357026024657,Orta Risk,0.10116620003785824,Orta Risk,0.539764619715657,Yüksek Risk,0.5092089051462593,Yüksek Risk,0.10858924825251251,Orta Risk
BEYKOZ,PAŞABAHÇE,BEYKOZ|PAŞABAHÇE,2023,0.3548522093090863,Orta Risk,0.0883163898321866,Orta Risk,0.2395697579327044,Orta Risk,0.000655390385399184,Düşük Risk,0.11177237303577724,Orta Risk,0.0883163898321866,Orta Risk,0.5372139286073413,Yüksek Risk,0.5025747210037191,Yüksek Risk,0.09677514960780445,Orta Risk
BEYKOZ,PAŞAMANDIRA,BEYKOZ|PAŞAMANDIRA,2023,0.09321930374910814,Düşük Risk,0.03441567075319135,Düşük Risk,0.11608303643187322,Düşük Risk,0.0009469566219542406,Düşük Risk,0.027383184958582506,Düşük Risk,0.03441567075319135,Düşük Risk,0.46250466919971217,Orta Risk,0.4323413702467666,Orta Risk,0.03761513790344402,Düşük Risk
BEYKOZ,POLONEZKÖY,BEYKOZ|POLONEZKÖY,2023,0.04380001698570586,Düşük Risk,0.04145754266456371,Düşük Risk,0.13787237478037595,Düşük Risk,0.00016657703906358342,Düşük Risk,0.053275257439560735,Düşük Risk,0.04145754266456371,Düşük Risk,0.4391606806918262,Orta Risk,0.38040649935505844,Orta Risk,0.04605060530481271,Düşük Risk
BEYKOZ,POYRAZKÖY,BEYKOZ|POYRAZKÖY,2023,0.07781837501130683,Düşük Risk,0.027109565924426024,Düşük Risk,0.0988350898028116,Düşük Risk,0.0002622990137466788,Düşük Risk,0.029358757587835942,Düşük Risk,0.027109565924426024,Düşük Risk,0.43261562472198734,Orta Risk,0.361874816105794,Orta Risk,0.032832108756766704,Düşük Risk
BEYKOZ,RÜZGARLIBAHÇE,BEYKOZ|RÜZGARLIBAHÇE,2023,0.1264580244285423,Düşük Risk,0.036447246103988765,Düşük Risk,0.11675330472488894,Düşük Risk,0.0005760173876979866,Düşük Risk,0.030640154288361983,Düşük Risk,0.036447246103988765,Düşük Risk,0.49257148713104487,Orta Risk,0.43314302356839285,Orta Risk,0.045601097583876773,Düşük Risk
BEYKOZ,RİVA,BEYKOZ|RİVA,2023,0.44878585067144905,Orta Risk,0.10860021672447637,Orta Risk,0.2957670605614605,Yüksek Risk,0.0003913125909505522,Düşük Risk,0.11054352839998798,Orta Risk,0.10860021672447637,Orta Risk,0.5275754438970114,Yüksek Risk,0.5356253099973025,Yüksek Risk,0.10856135261656005,Orta Risk
BEYKOZ,SOĞUKSU,BEYKOZ|SOĞUKSU,2023,0.14249641338972613,Düşük Risk,0.03764518338054519,Düşük Risk,0.12132148328268164,Düşük Risk,0.00021872225522124596,Düşük Risk,0.03449625316366752,Düşük Risk,0.03764518338054519,Düşük Risk,0.46641815622718796,Orta Risk,0.40974331404767517,Orta Risk,0.04573183599270143,Düşük Risk
BEYKOZ,TOKATKÖY,BEYKOZ|TOKATKÖY,2023,0.6724214499944545,Yüksek Risk,0.1413286017313674,Yüksek Risk,0.36205378671270355,Yüksek Risk,0.00038715678436040393,Düşük Risk,0.13971626075048865,Orta Risk,0.1413286017313674,Orta Risk,0.5516586564574114,Yüksek Risk,0.5405011091147622,Yüksek Risk,0.14471546346698363,Yüksek Risk
BEYKOZ,YALIKÖY,BEYKOZ|YALIKÖY,2023,0.4938419482953478,Yüksek Risk,0.1119788026758272,Orta Risk,0.2966959613381949,Yüksek Risk,0.010366777220844722,Orta Risk,0.12013348382831598,Orta Risk,0.1119788026758272,Orta Risk,0.5691259189511877,Yüksek Risk,0.5559449435691604,Yüksek Risk,0.11789764614427742,Orta Risk
BEYKOZ,YAVUZ SELİM,BEYKOZ|YAVUZ SELİM,2023,0.08559941609990435,Düşük Risk,0.027485706682078764,Düşük Risk,0.10114583985450522,Düşük Risk,0.00017310848750404134,Düşük Risk,0.02411313392634437,Düşük Risk,0.027485706682078764,Düşük Risk,0.44768381913434124,Orta Risk,0.38154482809688917,Orta Risk,0.03358622969033833,Düşük Risk
BEYKOZ,SEYMEN MAHALLE,BEYKOZ|SEYMEN MAHALLE,2023,0.46287578213203967,Orta Risk,0.09802381904634304,Orta Risk,0.25889769868427714,Yüksek Risk,0.0003406963309151708,Düşük Risk,0.09290552733482112,Orta Risk,0.09802381904634304,Düşük Risk,0.5314116742646553,Yüksek Risk,0.4992699635680167,Yüksek Risk,0.10628926264700779,Orta Risk
BEYKOZ,ZERZAVATÇI,BEYKOZ|ZERZAVATÇI,2023,0.07885604701755371,Düşük Risk,0.029053138628658392,Düşük Risk,0.10606506162764148,Düşük Risk,0.00024788141727929524,Düşük Risk,0.028574889532197216,Düşük Risk,0.029053138628658392,Düşük Risk,0.44711567760880544,Orta Risk,0.3904909981182126,Orta Risk,0.033866122485551986,Düşük Risk
BEYKOZ,ÇAMLIBAHÇE,BEYKOZ|ÇAMLIBAHÇE,2023,0.4922771815930034,Yüksek Risk,0.1099074626517064,Orta Risk,0.2910527695630401,Yüksek Risk,0.0009210539910288634,Düşük Risk,0.11875143788255685,Orta Risk,0.1099074626517064,Orta Risk,0.5599341884608067,Yüksek Risk,0.5411313079509726,Yüksek Risk,0.11715473187889343,Orta Risk
BEYKOZ,ÇENGELDERE,BEYKOZ|ÇENGELDERE,2023,0.07688502177138787,Düşük Risk,0.024684526696628906,Düşük Risk,0.09262263040336029,Düşük Risk,0.0005043841179722451,Düşük Risk,0.022076378664147023,Düşük Risk,0.024684526696628906,Düşük Risk,0.3998971426256263,Orta Risk,0.36367779964789365,Orta Risk,0.02729229002106731,Düşük Risk
BEYKOZ,ÇUBUKLU,BEYKOZ|ÇUBUKLU,2023,0.5254767720289644,Yüksek Risk,0.11481758659988384,Orta Risk,0.2937915875378494,Yüksek Risk,0.0007543421237282698,Düşük Risk,0.12000573036504872,Orta Risk,0.11481758659988384,Orta Risk,0.5607619430218646,Yüksek Risk,0.5401913204963273,Yüksek Risk,0.11889601892245313,Orta Risk
BEYKOZ,ÇİFTLİK,BEYKOZ|ÇİFTLİK,2023,0.08337468293221931,Düşük Risk,0.02619199462844598,Düşük Risk,0.09716288375132807,Düşük Risk,0.00022513178902056787,Düşük Risk,0.02217890259621742,Düşük Risk,0.02619199462844598,Düşük Risk,0.4044908077254116,Orta Risk,0.3776126490921583,Orta Risk,0.029567662023146188,Düşük Risk
BEYKOZ,ÇİĞDEM,BEYKOZ|ÇİĞDEM,2023,0.40587342876366184,Orta Risk,0.09815345140170549,Orta Risk,0.25743932500353967,Yüksek Risk,0.0006533455096795023,Düşük Risk,0.11408158124002836,Orta Risk,0.09815345140170549,Orta Risk,0.5473901967352531,Yüksek Risk,0.5182880246233167,Yüksek Risk,0.10498423186407967,Orta Risk
BEYKOZ,ÖRNEKKÖY,BEYKOZ|ÖRNEKKÖY,2023,0.09822240805304155,Düşük Risk,0.032975977276946664,Düşük Risk,0.11373277355731881,Düşük Risk,0.0001869284873983857,Düşük Risk,0.03130755673888376,Düşük Risk,0.032975977276946664,Düşük Risk,0.44689208977586337,Orta Risk,0.4021586725737201,Orta Risk,0.0356636839919741,Düşük Risk
BEYKOZ,ÖĞÜMCE,BEYKOZ|ÖĞÜMCE,2023,0.04704712244590521,Düşük Risk,0.025321030624675576,Düşük Risk,0.09281008482328015,Düşük Risk,0.00014336929638237805,Düşük Risk,0.026883189406502302,Düşük Risk,0.025321030624675576,Düşük Risk,0.4025965331350326,Orta Risk,0.3479466863194919,Orta Risk,0.028178762320206555,Düşük Risk
BEYKOZ,İNCİRKÖY,BEYKOZ|İNCİRKÖY,2023,0.4787003459623277,Yüksek Risk,0.10783731675512342,Orta Risk,0.27569145319594673,Yüksek Risk,0.004849969261427264,Düşük Risk,0.11695825722672516,Orta Risk,0.10783731675512342,Orta Risk,0.5546481071973556,Yüksek Risk,0.5283864084976344,Yüksek Risk,0.11338879290581892,Orta Risk
BEYKOZ,İSHAKLI,BEYKOZ|İSHAKLI,2023,0.08507822177148723,Düşük Risk,0.028100116983689253,Düşük Risk,0.10138200484908823,Düşük Risk,0.0002902490382978656,Düşük Risk,0.027810043626934254,Düşük Risk,0.028100116983689253,Düşük Risk,0.42023226934475993,Orta Risk,0.3811179476287336,Orta Risk,0.02980926623871069,Düşük Risk
BEYLİKDÜZÜ,ADNAN KAHVECİ,BEYLİKDÜZÜ|ADNAN KAHVECİ,2023,0.8305404085182666,Yüksek Risk,0.22591604841674395,Yüksek Risk,0.4668028558207498,Yüksek Risk,0.011885174194112743,Orta Risk,0.1744162345781947,Orta Risk,0.22591604841674395,Orta Risk,0.6702682842904041,Yüksek Risk,0.6792927344733282,Yüksek Risk,0.23381534453406552,Yüksek Risk
BEYLİKDÜZÜ,BARIŞ,BEYLİKDÜZÜ|BARIŞ,2023,0.6245467771000336,Yüksek Risk,0.15383753850003387,Yüksek Risk,0.34477487565398773,Yüksek Risk,0.0005346303847394654,Düşük Risk,0.1396325244668317,Orta Risk,0.15383753850003387,Orta Risk,0.6008388677525911,Yüksek Risk,0.5888856898996588,Yüksek Risk,0.16286686365493494,Yüksek Risk
BEYLİKDÜZÜ,BÜYÜKŞEHİR,BEYLİKDÜZÜ|BÜYÜKŞEHİR,2023,0.3938564846254676,Orta Risk,0.11163023757054032,Orta Risk,0.26753671171598353,Yüksek Risk,0.0005135549367523967,Düşük Risk,0.12092536528789499,Orta Risk,0.11163023757054032,Orta Risk,0.5652718380974084,Yüksek Risk,0.5381424315071445,Yüksek Risk,0.11585711909473156,Orta Risk
BEYLİKDÜZÜ,CUMHURİYET,BEYLİKDÜZÜ|CUMHURİYET,2023,0.38855091476202736,Orta Risk,0.11023373628409697,Orta Risk,0.26247546933239435,Yüksek Risk,0.005703576430330088,Düşük Risk,0.12100671678736084,Orta Risk,0.11023373628409697,Orta Risk,0.5653215251018521,Yüksek Risk,0.5356900591144104,Yüksek Risk,0.11481148013875396,Orta Risk
BEYLİKDÜZÜ,DEREAĞZI,BEYLİKDÜZÜ|DEREAĞZI,2023,0.7125899489624568,Yüksek Risk,0.14870908285060527,Yüksek Risk,0.3749504504742175,Yüksek Risk,0.0004627401331532375,Düşük Risk,0.14585199764452872,Orta Risk,0.14870908285060527,Orta Risk,0.5572141446039252,Yüksek Risk,0.5443676552267547,Yüksek Risk,0.15865254965885572,Yüksek Risk
BEYLİKDÜZÜ,GÜRPINAR,BEYLİKDÜZÜ|GÜRPINAR,2023,0.45531377655266786,Orta Risk,0.10035436731921692,Orta Risk,0.2544590694227664,Orta Risk,0.0007868187726029852,Düşük Risk,0.09276722105140452,Orta Risk,0.10035436731921692,Düşük Risk,0.5493812396271434,Yüksek Risk,0.5267676554080901,Yüksek Risk,0.11285048294875095,Orta Risk
BEYLİKDÜZÜ,KAVAKLI,BEYLİKDÜZÜ|KAVAKLI,2023,0.551169739815305,Yüksek Risk,0.12558903162199553,Yüksek Risk,0.304105904377872,Yüksek Risk,0.011787264093102916,Orta Risk,0.1137962181210622,Orta Risk,0.12558903162199553,Orta Risk,0.5944939836755417,Yüksek Risk,0.5758839001039024,Yüksek Risk,0.13717236701016328,Yüksek Risk
BEYLİKDÜZÜ,MARMARA,BEYLİKDÜZÜ|MARMARA,2023,0.30621860073055573,Orta Risk,0.08051169587380687,Orta Risk,0.19505843115626662,Orta Risk,0.01037379303439841,Orta Risk,0.06616787818145864,Düşük Risk,0.08051169587380687,Düşük Risk,0.5567622598967936,Yüksek Risk,0.5321787147905508,Yüksek Risk,0.09276778262219755,Orta Risk
BEYLİKDÜZÜ,SAHİL,BEYLİKDÜZÜ|SAHİL,2023,0.17082388979680296,Düşük Risk,0.04322154597971105,Düşük Risk,0.13264508022256633,Düşük Risk,0.00028190779320966177,Düşük Risk,0.03791701598381853,Düşük Risk,0.04322154597971105,Düşük Risk,0.48285596475117765,Orta Risk,0.4328865629426228,Orta Risk,0.05794841261707466,Düşük Risk
BEYLİKDÜZÜ,YAKUPLU,BEYLİKDÜZÜ|YAKUPLU,2023,0.7170217767086042,Yüksek Risk,0.1564487880376998,Yüksek Risk,0.3492630655720988,Yüksek Risk,0.01346762550781695,Orta Risk,0.13600657285843387,Orta Risk,0.1564487880376998,Orta Risk,0.5978183028680901,Yüksek Risk,0.5835007394063827,Yüksek Risk,0.16428543495057701,Yüksek Risk
BEYOĞLU,ARAP CAMİ,BEYOĞLU|ARAP CAMİ,2023,0.011899275263945932,Düşük Risk,0.010037389258479888,Düşük Risk,0.07079365729423012,Düşük Risk,6.16300579429343e-05,Düşük Risk,0.013513094787964376,Düşük Risk,0.010037389258479888,Düşük Risk,0.3063601773943051,Düşük Risk,0.21395831544733768,Düşük Risk,0.012606150989367904,Düşük Risk
BEYOĞLU,ASMALI MESCİT,BEYOĞLU|ASMALI MESCİT,2023,0.04017679990231744,Düşük Risk,0.017673935847796057,Düşük Risk,0.08816225019017199,Düşük Risk,0.00015385649077753624,Düşük Risk,0.016118914736771038,Düşük Risk,0.017673935847796057,Düşük Risk,0.38802606579684495,Orta Risk,0.3294049444428603,Düşük Risk,0.02121436267572801,Düşük Risk
BEYOĞLU,BEDRETTİN,BEYOĞLU|BEDRETTİN,2023,0.05307421441558674,Düşük Risk,0.0246006891799583,Düşük Risk,0.10054359275113911,Düşük Risk,0.003595091744249786,Düşük Risk,0.020550793927836156,Düşük Risk,0.0246006891799583,Düşük Risk,0.4354896083170134,Orta Risk,0.3861750946302736,Orta Risk,0.028964176113086923,Düşük Risk
BEYOĞLU,BEREKETZADE,BEYOĞLU|BEREKETZADE,2023,0.017184462794048054,Düşük Risk,0.01173197217437797,Düşük Risk,0.0748871425633162,Düşük Risk,7.256341409988911e-05,Düşük Risk,0.014042257681998127,Düşük Risk,0.01173197217437797,Düşük Risk,0.3285893800262485,Düşük Risk,0.2386091573313665,Düşük Risk,0.015311247401676826,Düşük Risk
BEYOĞLU,BOSTAN,BEYOĞLU|BOSTAN,2023,0.05580016106384042,Düşük Risk,0.02068265110302872,Düşük Risk,0.09453046999738318,Düşük Risk,0.0001991818159024949,Düşük Risk,0.020923492370303012,Düşük Risk,0.02068265110302872,Düşük Risk,0.4152761232286978,Orta Risk,0.33549953352260453,Düşük Risk,0.027014368026466097,Düşük Risk
BEYOĞLU,BÜLBÜL,BEYOĞLU|BÜLBÜL,2023,0.07802184348115525,Düşük Risk,0.02554354383180796,Düşük Risk,0.1049184456235057,Düşük Risk,0.00028855009737545974,Düşük Risk,0.02327414993571231,Düşük Risk,0.02554354383180796,Düşük Risk,0.4369324190784154,Orta Risk,0.37944361624386286,Orta Risk,0.03111222062390754,Düşük Risk
BEYOĞLU,CAMİİKEBİR,BEYOĞLU|CAMİİKEBİR,2023,0.11821675097627936,Düşük Risk,0.03710004025075995,Düşük Risk,0.12692923066870032,Düşük Risk,0.004317266068854702,Düşük Risk,0.0354769069279828,Düşük Risk,0.03710004025075995,Düşük Risk,0.47852917681194235,Orta Risk,0.43398664976700274,Orta Risk,0.04150538623551262,Düşük Risk
BEYOĞLU,CİHANGİR,BEYOĞLU|CİHANGİR,2023,0.3325717963003282,Orta Risk,0.09032798052113811,Orta Risk,0.2463131202379383,Orta Risk,0.0006426989887304138,Düşük Risk,0.11406378116269637,Orta Risk,0.09032798052113811,Orta Risk,0.5265212744450045,Yüksek Risk,0.49867075948406714,Yüksek Risk,0.09183224994828082,Orta Risk
BEYOĞLU,EMEKYEMEZ,BEYOĞLU|EMEKYEMEZ,2023,0.015330226506729681,Düşük Risk,0.013019617070096067,Düşük Risk,0.0748695348069415,Düşük Risk,9.470600190811331e-05,Düşük Risk,0.014834768157891826,Düşük Risk,0.013019617070096067,Düşük Risk,0.31089296019550156,Düşük Risk,0.23502284779836988,Düşük Risk,0.014935522460114963,Düşük Risk
BEYOĞLU,EVLİYA ÇELEBİ,BEYOĞLU|EVLİYA ÇELEBİ,2023,0.036159842325315224,Düşük Risk,0.021279662200111557,Düşük Risk,0.09495717491652536,Düşük Risk,0.0004173583782147045,Düşük Risk,0.018506440267185346,Düşük Risk,0.021279662200111557,Düşük Risk,0.4100147720920978,Orta Risk,0.3680268308107588,Orta Risk,0.024541848791114,Düşük Risk
BEYOĞLU,FETİHTEPE,BEYOĞLU|FETİHTEPE,2023,0.11189185748457925,Düşük Risk,0.030540658222910914,Düşük Risk,0.11380584501389127,Düşük Risk,0.00018113249262447867,Düşük Risk,0.026906817955695158,Düşük Risk,0.030540658222910914,Düşük Risk,0.44572968520996287,Orta Risk,0.3751978497153509,Orta Risk,0.038836345688924793,Düşük Risk
BEYOĞLU,FİRUZAĞA,BEYOĞLU|FİRUZAĞA,2023,0.051518099160226836,Düşük Risk,0.024784204330482312,Düşük Risk,0.1005253758512634,Düşük Risk,0.0008100172545159755,Düşük Risk,0.02084303254042935,Düşük Risk,0.024784204330482312,Düşük Risk,0.40042642977183396,Orta Risk,0.364843728017399,Orta Risk,0.027382498889275266,Düşük Risk
BEYOĞLU,GÜMÜŞSUYU,BEYOĞLU|GÜMÜŞSUYU,2023,0.05696601539560076,Düşük Risk,0.02147800009049112,Düşük Risk,0.09753534342601285,Düşük Risk,0.00043704293444667835,Düşük Risk,0.018691905686643157,Düşük Risk,0.02147800009049112,Düşük Risk,0.43241973910734083,Orta Risk,0.37264087410442004,Orta Risk,0.027101669711187836,Düşük Risk
BEYOĞLU,HACIAHMET,BEYOĞLU|HACIAHMET,2023,0.6023042090347019,Yüksek Risk,0.13833431724176465,Yüksek Risk,0.3596197175506692,Yüksek Risk,0.0007533019306604743,Düşük Risk,0.13345910089622653,Orta Risk,0.13833431724176465,Orta Risk,0.5821720673873846,Yüksek Risk,0.5780502426654059,Yüksek Risk,0.14166077630026414,Yüksek Risk
BEYOĞLU,HACIMİMİ,BEYOĞLU|HACIMİMİ,2023,0.03434056594961411,Düşük Risk,0.018123744027384144,Düşük Risk,0.08774413241022874,Düşük Risk,0.0005310615110502778,Düşük Risk,0.016413350502582268,Düşük Risk,0.018123744027384144,Düşük Risk,0.3900191318266428,Orta Risk,0.3416871443046255,Orta Risk,0.021589460853971693,Düşük Risk
BEYOĞLU,HALICIOĞLU,BEYOĞLU|HALICIOĞLU,2023,0.14962660655607207,Düşük Risk,0.04264624633484984,Düşük Risk,0.14041496189801414,Orta Risk,0.0004956121382239816,Düşük Risk,0.034696331717889016,Düşük Risk,0.04264624633484984,Düşük Risk,0.49761188932442796,Orta Risk,0.4574716907731079,Orta Risk,0.0483016268363565,Düşük Risk
BEYOĞLU,HÜSEYİNAĞA,BEYOĞLU|HÜSEYİNAĞA,2023,0.3249239894501303,Orta Risk,0.11042240857597965,Orta Risk,0.2779969033750701,Yüksek Risk,0.00019444984226233433,Düşük Risk,0.13318371724580208,Orta Risk,0.11042240857597965,Orta Risk,0.5118033286988485,Yüksek Risk,0.472792999160439,Orta Risk,0.11206129357488943,Orta Risk
BEYOĞLU,KADIMEHMET EFENDİ,BEYOĞLU|KADIMEHMET EFENDİ,2023,0.11842793031853611,Düşük Risk,0.036903908549787805,Düşük Risk,0.13070185943931,Düşük Risk,0.00018156021239514335,Düşük Risk,0.031079860999549278,Düşük Risk,0.036903908549787805,Düşük Risk,0.44104684937935773,Orta Risk,0.4245440204190992,Orta Risk,0.038549845170236074,Düşük Risk
BEYOĞLU,KALYONCU KULLUĞU,BEYOĞLU|KALYONCU KULLUĞU,2023,0.04885907065483111,Düşük Risk,0.019987985557415985,Düşük Risk,0.0923735531463229,Düşük Risk,0.00028780502232499106,Düşük Risk,0.01848372536777699,Düşük Risk,0.019987985557415985,Düşük Risk,0.407727130363122,Orta Risk,0.34946969193255006,Orta Risk,0.02367940469458995,Düşük Risk
BEYOĞLU,KAMER HATUN,BEYOĞLU|KAMER HATUN,2023,0.1045992632137052,Düşük Risk,0.03150721221946212,Düşük Risk,0.1194313431794933,Düşük Risk,0.00027652669382232357,Düşük Risk,0.039291075705661364,Düşük Risk,0.03150721221946212,Düşük Risk,0.4399638153046888,Orta Risk,0.366483414109015,Orta Risk,0.03609908899462863,Düşük Risk
BEYOĞLU,KAPTANPAŞA,BEYOĞLU|KAPTANPAŞA,2023,0.21066415956010856,Düşük Risk,0.05473480975867703,Düşük Risk,0.16289207693956856,Orta Risk,0.007942057902131008,Orta Risk,0.045068427340937404,Düşük Risk,0.05473480975867703,Düşük Risk,0.5202726221100664,Orta Risk,0.487147678267843,Orta Risk,0.06116559649634613,Düşük Risk
BEYOĞLU,KATİPMUSTAFA ÇELEBİ,BEYOĞLU|KATİPMUSTAFA ÇELEBİ,2023,0.3349884569070154,Orta Risk,0.0903528006695448,Orta Risk,0.24734730818800424,Orta Risk,0.0004097015824962606,Düşük Risk,0.11309691337090186,Orta Risk,0.0903528006695448,Orta Risk,0.52607971019816,Yüksek Risk,0.49582526150998557,Yüksek Risk,0.09174060954575054,Orta Risk
BEYOĞLU,KEMANKEŞ KARAMUSTAFAPAŞA,BEYOĞLU|KEMANKEŞ KARAMUSTAFAPAŞA,2023,0.027284030736532825,Düşük Risk,0.015436545208143911,Düşük Risk,0.08297176031773702,Düşük Risk,0.00023094457501290656,Düşük Risk,0.015242430410629584,Düşük Risk,0.015436545208143911,Düşük Risk,0.3542824815454829,Orta Risk,0.3131420578571352,Düşük Risk,0.01767692500359509,Düşük Risk
BEYOĞLU,KEÇECİ PİRİ,BEYOĞLU|KEÇECİ PİRİ,2023,0.15206253429014338,Düşük Risk,0.03998793300646765,Düşük Risk,0.1351828285116221,Düşük Risk,0.0004902796128865156,Düşük Risk,0.03425997914818995,Düşük Risk,0.03998793300646765,Düşük Risk,0.483752851957209,Orta Risk,0.43508386406263244,Orta Risk,0.04681490558340622,Düşük Risk
BEYOĞLU,KILIÇALİ PAŞA,BEYOĞLU|KILIÇALİ PAŞA,2023,0.03746832652332285,Düşük Risk,0.01740994593193208,Düşük Risk,0.08991158340526269,Düşük Risk,0.00016877141103095175,Düşük Risk,0.016084244852651267,Düşük Risk,0.01740994593193208,Düşük Risk,0.39172543587332026,Orta Risk,0.33563577833631214,Düşük Risk,0.020822448172781487,Düşük Risk
BEYOĞLU,KOCATEPE,BEYOĞLU|KOCATEPE,2023,0.356211449508158,Orta Risk,0.1112973655830217,Orta Risk,0.2885207074070019,Yüksek Risk,0.00036707875896404706,Düşük Risk,0.125029240092727,Orta Risk,0.1112973655830217,Orta Risk,0.5478036810888025,Yüksek Risk,0.519685065666163,Yüksek Risk,0.11507362211870978,Orta Risk
BEYOĞLU,KULAKSIZ,BEYOĞLU|KULAKSIZ,2023,0.12049192824527082,Düşük Risk,0.03552666473527268,Düşük Risk,0.1264324295165636,Düşük Risk,0.0002108560401683884,Düşük Risk,0.02932583719467872,Düşük Risk,0.03552666473527268,Düşük Risk,0.4674481160383467,Orta Risk,0.4192662570897828,Orta Risk,0.041142005229594526,Düşük Risk
BEYOĞLU,KULOĞLU,BEYOĞLU|KULOĞLU,2023,0.04638374705329385,Düşük Risk,0.0258414991829678,Düşük Risk,0.1032037911160229,Düşük Risk,0.000499059680108142,Düşük Risk,0.02149929605615819,Düşük Risk,0.0258414991829678,Düşük Risk,0.44800220206056734,Orta Risk,0.396807618676122,Orta Risk,0.030453425094551578,Düşük Risk
BEYOĞLU,KÜÇÜK PİYALE,BEYOĞLU|KÜÇÜK PİYALE,2023,0.165013764319465,Düşük Risk,0.04616284304155728,Düşük Risk,0.15336162095328304,Orta Risk,0.00021714658397323415,Düşük Risk,0.039873981803827,Düşük Risk,0.04616284304155728,Düşük Risk,0.4935657698289949,Orta Risk,0.4491647245831386,Orta Risk,0.051999830600682986,Düşük Risk
BEYOĞLU,MÜEYYETZADE,BEYOĞLU|MÜEYYETZADE,2023,0.03916682739028206,Düşük Risk,0.02468377707109275,Düşük Risk,0.09978093523682892,Düşük Risk,0.0006844553937064415,Düşük Risk,0.020788021329256175,Düşük Risk,0.02468377707109275,Düşük Risk,0.4139479271187703,Orta Risk,0.38149901987363805,Orta Risk,0.02717538244106672,Düşük Risk
BEYOĞLU,PÜRTELAŞ HASAN EFENDİ,BEYOĞLU|PÜRTELAŞ HASAN EFENDİ,2023,0.03299859015768628,Düşük Risk,0.0185492705576224,Düşük Risk,0.09002677771111528,Düşük Risk,0.0004387702660531059,Düşük Risk,0.016224572159871446,Düşük Risk,0.0185492705576224,Düşük Risk,0.3978435425759628,Orta Risk,0.35476806708022085,Orta Risk,0.021533072363777463,Düşük Risk
BEYOĞLU,PİRİPAŞA,BEYOĞLU|PİRİPAŞA,2023,0.1530931023102139,Düşük Risk,0.0437645175740525,Düşük Risk,0.1382932541399799,Düşük Risk,0.0005285107574652404,Düşük Risk,0.035397965353229144,Düşük Risk,0.0437645175740525,Düşük Risk,0.4885915853890944,Orta Risk,0.45360842913272537,Orta Risk,0.048542953312361685,Düşük Risk
BEYOĞLU,PİYALEPAŞA,BEYOĞLU|PİYALEPAŞA,2023,0.19775552010150238,Düşük Risk,0.052045494722863926,Düşük Risk,0.15615438804803006,Orta Risk,0.0005413777419193569,Düşük Risk,0.043501067338085446,Düşük Risk,0.052045494722863926,Düşük Risk,0.5089389433445634,Orta Risk,0.4644011035617459,Orta Risk,0.05982215665201124,Düşük Risk
BEYOĞLU,SURURİ MEHMET EFENDİ,BEYOĞLU|SURURİ MEHMET EFENDİ,2023,0.1947264983339602,Düşük Risk,0.050744655464925896,Düşük Risk,0.1643628817718646,Orta Risk,0.000647130836716488,Düşük Risk,0.05054532985169498,Düşük Risk,0.050744655464925896,Düşük Risk,0.5124065903285601,Yüksek Risk,0.47039557070199944,Orta Risk,0.056100343331497285,Düşük Risk
BEYOĞLU,SÜTLÜCE,BEYOĞLU|SÜTLÜCE,2023,0.23279649268678607,Orta Risk,0.05864753824570013,Düşük Risk,0.17990851941566255,Orta Risk,0.0002360253386721962,Düşük Risk,0.05260765195278665,Düşük Risk,0.05864753824570013,Düşük Risk,0.4971618938889048,Orta Risk,0.46906962004801855,Orta Risk,0.0626848177109329,Düşük Risk
BEYOĞLU,TOMTOM,BEYOĞLU|TOMTOM,2023,0.0422617622936112,Düşük Risk,0.020979201162841576,Düşük Risk,0.09279659400869276,Düşük Risk,0.0006945258513159981,Düşük Risk,0.017907279158923206,Düşük Risk,0.020979201162841576,Düşük Risk,0.40469500554587845,Orta Risk,0.36283082923013615,Orta Risk,0.024239350047006347,Düşük Risk
BEYOĞLU,YAHYA KAHYA,BEYOĞLU|YAHYA KAHYA,2023,0.13410728170816658,Düşük Risk,0.03852783120514623,Düşük Risk,0.13763210148845006,Düşük Risk,0.00023198479075435018,Düşük Risk,0.04060576043201045,Düşük Risk,0.03852783120514623,Düşük Risk,0.470905801481573,Orta Risk,0.4243271730363058,Orta Risk,0.042147622577529645,Düşük Risk
BEYOĞLU,ESENŞEHİR,BEYOĞLU|ESENŞEHİR,2023,0.1529117738464916,Düşük Risk,0.04009399086849895,Düşük Risk,0.13971230781215369,Düşük Risk,0.00026093307723315946,Düşük Risk,0.037429463797204784,Düşük Risk,0.04009399086849895,Düşük Risk,0.4843439085330072,Orta Risk,0.4308461408703546,Orta Risk,0.046446600111469435,Düşük Risk
BEYOĞLU,ÇATMA MESCİT,BEYOĞLU|ÇATMA MESCİT,2023,0.10042645903690199,Düşük Risk,0.03342397792305245,Düşük Risk,0.12382429487736475,Düşük Risk,0.0002141701333934926,Düşük Risk,0.0345900100111956,Düşük Risk,0.03342397792305245,Düşük Risk,0.4509124939697003,Orta Risk,0.40254883184052875,Orta Risk,0.03615464125573266,Düşük Risk
BEYOĞLU,ÇUKUR,BEYOĞLU|ÇUKUR,2023,0.057833444114718253,Düşük Risk,0.021557028283037426,Düşük Risk,0.09694350427678214,Düşük Risk,0.00023247380902938843,Düşük Risk,0.019447355645393294,Düşük Risk,0.021557028283037426,Düşük Risk,0.41902191369762143,Orta Risk,0.36315606958684526,Orta Risk,0.025723785080547158,Düşük Risk
BEYOĞLU,ÖMER AVNİ,BEYOĞLU|ÖMER AVNİ,2023,0.3256728370991951,Orta Risk,0.08634906437126406,Orta Risk,0.23947655133154713,Orta Risk,0.0002925302468765327,Düşük Risk,0.11377893284797705,Orta Risk,0.08634906437126406,Orta Risk,0.4994857704623274,Yüksek Risk,0.46088079658127223,Orta Risk,0.0876926375165647,Orta Risk
BEYOĞLU,ÖRNEKTEPE,BEYOĞLU|ÖRNEKTEPE,2023,0.24356318455388437,Orta Risk,0.06160007135316173,Orta Risk,0.1817485986776053,Orta Risk,0.0005760358791462956,Düşük Risk,0.05254704979049468,Düşük Risk,0.06160007135316173,Düşük Risk,0.532756669250714,Yüksek Risk,0.49368307729403627,Yüksek Risk,0.06946677245974162,Orta Risk
BEYOĞLU,İSTİKLAL,BEYOĞLU|İSTİKLAL,2023,0.1333226085356828,Düşük Risk,0.03390795582891944,Düşük Risk,0.12304385678254481,Düşük Risk,0.0002689905909785355,Düşük Risk,0.034682847850202425,Düşük Risk,0.03390795582891944,Düşük Risk,0.46016956419472466,Orta Risk,0.39034820898505596,Orta Risk,0.042054797112393454,Düşük Risk
BEYOĞLU,ŞAHKULU,BEYOĞLU|ŞAHKULU,2023,0.029549855550239028,Düşük Risk,0.01525408853960448,Düşük Risk,0.08315415184927355,Düşük Risk,0.00014923353675083643,Düşük Risk,0.015511609543572663,Düşük Risk,0.01525408853960448,Düşük Risk,0.3572553762131578,Düşük Risk,0.2808473112867428,Düşük Risk,0.019462207435168348,Düşük Risk
BEYOĞLU,ŞEHİT MUHTAR,BEYOĞLU|ŞEHİT MUHTAR,2023,0.0713540585462302,Düşük Risk,0.03316056128309741,Düşük Risk,0.10724163748956662,Düşük Risk,0.0011918277779471745,Düşük Risk,0.02804120028254248,Düşük Risk,0.03316056128309741,Düşük Risk,0.44629658438645353,Orta Risk,0.3940390371608825,Orta Risk,0.03733157177939471,Düşük Risk
BEŞİKTAŞ,ABBASAĞA,BEŞİKTAŞ|ABBASAĞA,2023,0.11702234478636689,Düşük Risk,0.03933474207477089,Düşük Risk,0.17604157934831402,Orta Risk,0.0002415788039668422,Düşük Risk,0.034612396881302056,Düşük Risk,0.03933474207477089,Düşük Risk,0.48306158978188396,Orta Risk,0.44366124565220083,Orta Risk,0.04492369652045358,Düşük Risk
BEŞİKTAŞ,AKAT,BEŞİKTAŞ|AKAT,2023,0.5121958132254917,Yüksek Risk,0.12381982326047146,Yüksek Risk,0.3611626648240141,Yüksek Risk,0.0008896882258574531,Düşük Risk,0.12128485335024605,Orta Risk,0.12381982326047146,Orta Risk,0.6043829145978872,Yüksek Risk,0.605370832781078,Yüksek Risk,0.12952454715641235,Yüksek Risk
BEŞİKTAŞ,ARNAVUTKÖY,BEŞİKTAŞ|ARNAVUTKÖY,2023,0.08652783392085034,Düşük Risk,0.032220200471134774,Düşük Risk,0.158164187945808,Orta Risk,0.0005859036161872416,Düşük Risk,0.029795020128199234,Düşük Risk,0.032220200471134774,Düşük Risk,0.465815271312137,Orta Risk,0.4319476360207386,Orta Risk,0.0355343479593443,Düşük Risk
BEŞİKTAŞ,BALMUMCU,BEŞİKTAŞ|BALMUMCU,2023,0.10187914917064314,Düşük Risk,0.03628830674300194,Düşük Risk,0.16917172717802828,Orta Risk,0.000258349459225677,Düşük Risk,0.0323554897454163,Düşük Risk,0.03628830674300194,Düşük Risk,0.48803764330293786,Orta Risk,0.4381401134724829,Orta Risk,0.042895732826973926,Düşük Risk
BEŞİKTAŞ,BEBEK,BEŞİKTAŞ|BEBEK,2023,0.10835749819041746,Düşük Risk,0.038475601699671735,Düşük Risk,0.17117621827304366,Orta Risk,0.0005679667515706596,Düşük Risk,0.0330094031001722,Düşük Risk,0.038475601699671735,Düşük Risk,0.48781197461536496,Orta Risk,0.45432781774734937,Orta Risk,0.04303013549075823,Düşük Risk
BEŞİKTAŞ,CİHANNÜMA,BEŞİKTAŞ|CİHANNÜMA,2023,0.12107096877266676,Düşük Risk,0.044235763256921974,Düşük Risk,0.17909799661782097,Orta Risk,0.0005404806078975208,Düşük Risk,0.038258684931792526,Düşük Risk,0.044235763256921974,Düşük Risk,0.48719983284134155,Orta Risk,0.4528625418276486,Orta Risk,0.04838144648104915,Düşük Risk
BEŞİKTAŞ,DİKİLİTAŞ,BEŞİKTAŞ|DİKİLİTAŞ,2023,0.20494041630987522,Düşük Risk,0.0591955387377323,Düşük Risk,0.21312474974958523,Orta Risk,0.0006001424286143851,Düşük Risk,0.04842572001959582,Düşük Risk,0.0591955387377323,Düşük Risk,0.5393174555346226,Orta Risk,0.5098863531074702,Yüksek Risk,0.06573921729181739,Düşük Risk
BEŞİKTAŞ,ETİLER,BEŞİKTAŞ|ETİLER,2023,0.11315539010213399,Düşük Risk,0.03874885944416554,Düşük Risk,0.1706797013047077,Orta Risk,0.00045710105064595565,Düşük Risk,0.034181083930117616,Düşük Risk,0.03874885944416554,Düşük Risk,0.47759988521299274,Orta Risk,0.4296848818733234,Orta Risk,0.04858993984727307,Düşük Risk
BEŞİKTAŞ,GAYRETTEPE,BEŞİKTAŞ|GAYRETTEPE,2023,0.11460354997837392,Düşük Risk,0.03892257218861803,Düşük Risk,0.17264032329619308,Orta Risk,0.000510047426075888,Düşük Risk,0.033110297215917496,Düşük Risk,0.03892257218861803,Düşük Risk,0.49301402408756495,Orta Risk,0.45577119917731906,Orta Risk,0.045422437763587314,Düşük Risk
BEŞİKTAŞ,KONAKLAR,BEŞİKTAŞ|KONAKLAR,2023,0.1697356891654339,Düşük Risk,0.05876445791122063,Düşük Risk,0.21173278036342366,Orta Risk,0.0005028949446925996,Düşük Risk,0.045793238152815406,Düşük Risk,0.05876445791122063,Düşük Risk,0.5587551417820178,Yüksek Risk,0.5245555640108985,Yüksek Risk,0.06911354016383679,Orta Risk
BEŞİKTAŞ,KURUÇEŞME,BEŞİKTAŞ|KURUÇEŞME,2023,0.08684083050222227,Düşük Risk,0.03257887571226672,Düşük Risk,0.15962492588852945,Orta Risk,0.0005928686624431489,Düşük Risk,0.02956982738617684,Düşük Risk,0.03257887571226672,Düşük Risk,0.4748366284037632,Orta Risk,0.43645206011672855,Orta Risk,0.03680407777178006,Düşük Risk
BEŞİKTAŞ,KÜLTÜR,BEŞİKTAŞ|KÜLTÜR,2023,0.04311460246625138,Düşük Risk,0.026364622008219575,Düşük Risk,0.14418999024396592,Orta Risk,0.0003439409069251591,Düşük Risk,0.025670715520275802,Düşük Risk,0.026364622008219575,Düşük Risk,0.4505385087964691,Orta Risk,0.3875370902033214,Orta Risk,0.03375075028622121,Düşük Risk
BEŞİKTAŞ,LEVAZIM,BEŞİKTAŞ|LEVAZIM,2023,0.04897512256692906,Düşük Risk,0.026475709343095195,Düşük Risk,0.14708976108308924,Orta Risk,0.0001460789521432486,Düşük Risk,0.025745102560541765,Düşük Risk,0.026475709343095195,Düşük Risk,0.4435410963495709,Orta Risk,0.38753156914174386,Orta Risk,0.03169034765397962,Düşük Risk
BEŞİKTAŞ,LEVENT,BEŞİKTAŞ|LEVENT,2023,0.10469027443680134,Düşük Risk,0.03672108429182267,Düşük Risk,0.16902504921332215,Orta Risk,0.000666332263865459,Düşük Risk,0.03255966625256016,Düşük Risk,0.03672108429182267,Düşük Risk,0.48601360938315424,Orta Risk,0.4477113606233455,Orta Risk,0.04296017109876822,Düşük Risk
BEŞİKTAŞ,MECİDİYE,BEŞİKTAŞ|MECİDİYE,2023,0.18079664028182646,Düşük Risk,0.0559867584864202,Düşük Risk,0.2103532231190994,Orta Risk,0.0010850078102799157,Düşük Risk,0.04805003900021603,Düşük Risk,0.0559867584864202,Düşük Risk,0.533481242366819,Orta Risk,0.5103250652470724,Yüksek Risk,0.061047711000004126,Düşük Risk
BEŞİKTAŞ,MURADİYE,BEŞİKTAŞ|MURADİYE,2023,0.09977566566163233,Düşük Risk,0.04177612259794793,Düşük Risk,0.17958286843824847,Orta Risk,0.0002411963850395316,Düşük Risk,0.03585062397595225,Düşük Risk,0.04177612259794793,Düşük Risk,0.4944467577826418,Orta Risk,0.4649910461468204,Orta Risk,0.04590477124170636,Düşük Risk
BEŞİKTAŞ,NİSBETİYE,BEŞİKTAŞ|NİSBETİYE,2023,0.1815943133898082,Düşük Risk,0.05853558289129979,Düşük Risk,0.21763112389749198,Orta Risk,0.0005344965988824911,Düşük Risk,0.05146935303799432,Düşük Risk,0.05853558289129979,Düşük Risk,0.5254301005446737,Orta Risk,0.5044091171334708,Yüksek Risk,0.06395703014362629,Düşük Risk
BEŞİKTAŞ,ORTAKÖY,BEŞİKTAŞ|ORTAKÖY,2023,0.41016311885949575,Orta Risk,0.1362043352913869,Yüksek Risk,0.3684877057935794,Yüksek Risk,0.011456318995646312,Orta Risk,0.13689495371528573,Orta Risk,0.1362043352913869,Orta Risk,0.6037988652205719,Yüksek Risk,0.6163133633175133,Yüksek Risk,0.13765072670381054,Yüksek Risk
BEŞİKTAŞ,SİNANPAŞA,BEŞİKTAŞ|SİNANPAŞA,2023,0.12321205802554672,Düşük Risk,0.04062547278311501,Düşük Risk,0.18164471063695167,Orta Risk,0.0002911587960471518,Düşük Risk,0.037868853426934156,Düşük Risk,0.04062547278311501,Düşük Risk,0.491923216583115,Orta Risk,0.45620494795953415,Orta Risk,0.04514480213714207,Düşük Risk
BEŞİKTAŞ,TÜRKALİ,BEŞİKTAŞ|TÜRKALİ,2023,0.18621573403661817,Düşük Risk,0.05849300265020033,Düşük Risk,0.21722205500724545,Orta Risk,0.0005692986916865634,Düşük Risk,0.049011138572332726,Düşük Risk,0.05849300265020033,Düşük Risk,0.5396047380086186,Orta Risk,0.5167264795428537,Yüksek Risk,0.06410329195907788,Düşük Risk
BEŞİKTAŞ,ULUS,BEŞİKTAŞ|ULUS,2023,0.07245365807140416,Düşük Risk,0.034495475989255876,Düşük Risk,0.1614457275337253,Orta Risk,0.00046466427474982694,Düşük Risk,0.02950172199162918,Düşük Risk,0.034495475989255876,Düşük Risk,0.46942462348380815,Orta Risk,0.4359096640435567,Orta Risk,0.038870144764115426,Düşük Risk
BEŞİKTAŞ,VİŞNEZADE,BEŞİKTAŞ|VİŞNEZADE,2023,0.41782688235497906,Orta Risk,0.1277438241116307,Yüksek Risk,0.3636531383853708,Yüksek Risk,0.0007072986137360719,Düşük Risk,0.12470089992452142,Orta Risk,0.1277438241116307,Orta Risk,0.6126171121591353,Yüksek Risk,0.6191479714449187,Yüksek Risk,0.13034181908555578,Yüksek Risk
BEŞİKTAŞ,YILDIZ,BEŞİKTAŞ|YILDIZ,2023,0.36971506868118753,Orta Risk,0.12896950894839163,Yüksek Risk,0.344086365528552,Yüksek Risk,0.0009198090614309218,Düşük Risk,0.12880556426912979,Orta Risk,0.12896950894839163,Orta Risk,0.6117318691231309,Yüksek Risk,0.6091840332065414,Yüksek Risk,0.1321926057906311,Yüksek Risk
BÜYÜKÇEKMECE,19 MAYIS,BÜYÜKÇEKMECE|19 MAYIS,2023,0.6000242072154872,Yüksek Risk,0.14702985316513145,Yüksek Risk,0.38030224476899116,Yüksek Risk,0.0008328503287088781,Düşük Risk,0.13797286295847344,Orta Risk,0.14702985316513145,Orta Risk,0.6154601491928332,Yüksek Risk,0.6183953805418271,Yüksek Risk,0.15286666455113918,Yüksek Risk
BÜYÜKÇEKMECE,AHMEDİYE,BÜYÜKÇEKMECE|AHMEDİYE,2023,0.011285455007793788,Düşük Risk,0.010954534091798685,Düşük Risk,0.07991393295325967,Düşük Risk,4.7960035536698396e-05,Düşük Risk,0.013814990383835556,Düşük Risk,0.010954534091798685,Düşük Risk,0.3482577610400924,Düşük Risk,0.23439979722765955,Düşük Risk,0.02359955484962725,Düşük Risk
BÜYÜKÇEKMECE,ALKENT 2000,BÜYÜKÇEKMECE|ALKENT 2000,2023,0.342952191380381,Orta Risk,0.09666207028488114,Orta Risk,0.25960399095053904,Yüksek Risk,0.0005251003208667092,Düşük Risk,0.11477702794350725,Orta Risk,0.09666207028488114,Orta Risk,0.5590167941717111,Yüksek Risk,0.5271105290883568,Yüksek Risk,0.10205630190042891,Orta Risk
BÜYÜKÇEKMECE,ATATÜRK,BÜYÜKÇEKMECE|ATATÜRK,2023,0.7357132636649286,Yüksek Risk,0.15619622204577768,Yüksek Risk,0.400738624400502,Yüksek Risk,0.00035067332257984133,Düşük Risk,0.14589816079853407,Orta Risk,0.15619622204577768,Orta Risk,0.5660021672924564,Yüksek Risk,0.5631304951860157,Yüksek Risk,0.1657350981683011,Yüksek Risk
BÜYÜKÇEKMECE,BAHÇELİEVLER,BÜYÜKÇEKMECE|BAHÇELİEVLER,2023,0.4170129648501536,Orta Risk,0.1511855048154634,Yüksek Risk,0.3575088921827191,Yüksek Risk,0.004905194639857933,Düşük Risk,0.15917448200954068,Orta Risk,0.1511855048154634,Orta Risk,0.5775365404668995,Yüksek Risk,0.570291579801832,Yüksek Risk,0.15902853069781647,Yüksek Risk
BÜYÜKÇEKMECE,CELALİYE,BÜYÜKÇEKMECE|CELALİYE,2023,0.48832450344648504,Yüksek Risk,0.11198387816786523,Orta Risk,0.30000406590177026,Yüksek Risk,0.01432540722700748,Orta Risk,0.10732054615143362,Orta Risk,0.11198387816786523,Orta Risk,0.5902677480113995,Yüksek Risk,0.5807596312793231,Yüksek Risk,0.12238009109341574,Orta Risk
BÜYÜKÇEKMECE,CUMHURİYET,BÜYÜKÇEKMECE|CUMHURİYET,2023,0.5568583556198365,Yüksek Risk,0.14659956469661575,Yüksek Risk,0.36421557366034313,Yüksek Risk,0.015613949477970311,Orta Risk,0.13247663966677428,Orta Risk,0.14659956469661575,Orta Risk,0.6496061560111268,Yüksek Risk,0.6423479826833631,Yüksek Risk,0.15447261655794062,Yüksek Risk
BÜYÜKÇEKMECE,DİZDARİYE,BÜYÜKÇEKMECE|DİZDARİYE,2023,0.4883032883102501,Yüksek Risk,0.11349501001910751,Orta Risk,0.30898940380972406,Yüksek Risk,0.0009871121619713474,Düşük Risk,0.11879022248036797,Orta Risk,0.11349501001910751,Orta Risk,0.5847296859977346,Yüksek Risk,0.576869274256517,Yüksek Risk,0.12241613177112781,Orta Risk
BÜYÜKÇEKMECE,EKİNOBA,BÜYÜKÇEKMECE|EKİNOBA,2023,0.28634490869538176,Orta Risk,0.07803523892139247,Orta Risk,0.22447216702568723,Orta Risk,0.0006083961607594915,Düşük Risk,0.07441806607873527,Düşük Risk,0.07803523892139247,Düşük Risk,0.5404120831294473,Yüksek Risk,0.5263748183999357,Yüksek Risk,0.08594347332774285,Orta Risk
BÜYÜKÇEKMECE,FATİH,BÜYÜKÇEKMECE|FATİH,2023,0.4052122626670892,Orta Risk,0.09889497824281823,Orta Risk,0.2603319092699638,Yüksek Risk,0.0008817642658138666,Düşük Risk,0.08894395796935499,Orta Risk,0.09889497824281823,Düşük Risk,0.5676999061620498,Yüksek Risk,0.5509151550957528,Yüksek Risk,0.10805883203383791,Orta Risk
BÜYÜKÇEKMECE,GÜZELCE,BÜYÜKÇEKMECE|GÜZELCE,2023,0.34575749934770494,Orta Risk,0.07845118271784399,Orta Risk,0.22924213147060485,Orta Risk,0.00030984950429202297,Düşük Risk,0.07911033593604218,Düşük Risk,0.07845118271784399,Düşük Risk,0.5133712715006574,Orta Risk,0.48212388792012967,Orta Risk,0.08629887819642502,Orta Risk
BÜYÜKÇEKMECE,HÜRRİYET,BÜYÜKÇEKMECE|HÜRRİYET,2023,0.5058360684199715,Yüksek Risk,0.11014312088521541,Orta Risk,0.293338001585773,Yüksek Risk,0.004580104310033206,Düşük Risk,0.10353572635797542,Orta Risk,0.11014312088521541,Düşük Risk,0.5466112940331127,Yüksek Risk,0.5340950208687839,Yüksek Risk,0.11596502959595592,Orta Risk
BÜYÜKÇEKMECE,KAMİLOBA,BÜYÜKÇEKMECE|KAMİLOBA,2023,0.46239036302500164,Orta Risk,0.09995680432262885,Orta Risk,0.2798814757492744,Yüksek Risk,0.00037612086044299135,Düşük Risk,0.10083343564733262,Orta Risk,0.09995680432262885,Orta Risk,0.5438293351297439,Yüksek Risk,0.5167925807812561,Yüksek Risk,0.10731381333200189,Orta Risk
BÜYÜKÇEKMECE,KARAAĞAÇ,BÜYÜKÇEKMECE|KARAAĞAÇ,2023,0.5090733570144748,Yüksek Risk,0.12482791531627016,Yüksek Risk,0.31865134672663653,Yüksek Risk,0.022609505890746194,Orta Risk,0.1233075945176762,Orta Risk,0.12482791531627016,Orta Risk,0.60544048102452,Yüksek Risk,0.6045095559620878,Yüksek Risk,0.12776493186902543,Orta Risk
BÜYÜKÇEKMECE,KUMBURGAZ,BÜYÜKÇEKMECE|KUMBURGAZ,2023,0.36590945500189764,Orta Risk,0.08345314964223226,Orta Risk,0.23844877263952813,Orta Risk,0.0008296858358911092,Düşük Risk,0.08116869760536875,Orta Risk,0.08345314964223226,Orta Risk,0.5457810744435692,Yüksek Risk,0.5260683508393779,Yüksek Risk,0.090392360760847,Orta Risk
BÜYÜKÇEKMECE,MURAT ÇESME,BÜYÜKÇEKMECE|MURAT ÇESME,2023,0.48918061997383544,Yüksek Risk,0.10862757385697377,Orta Risk,0.2973066950453178,Yüksek Risk,0.0002948928096456074,Düşük Risk,0.10596106135361628,Orta Risk,0.10862757385697377,Düşük Risk,0.5496176629633851,Yüksek Risk,0.5260959171622427,Yüksek Risk,0.11884787420957538,Orta Risk
BÜYÜKÇEKMECE,MİMAROBA,BÜYÜKÇEKMECE|MİMAROBA,2023,0.22823340401859277,Orta Risk,0.06479674311776971,Orta Risk,0.18710195401009064,Orta Risk,0.0005706299205298001,Düşük Risk,0.05423163262716758,Düşük Risk,0.06479674311776971,Düşük Risk,0.5304802498797063,Orta Risk,0.5053091241417197,Yüksek Risk,0.07284310949900125,Orta Risk
BÜYÜKÇEKMECE,MİMARSİNAN,BÜYÜKÇEKMECE|MİMARSİNAN,2023,0.3178290058656586,Orta Risk,0.07828770396226017,Orta Risk,0.2255806643282799,Orta Risk,0.0008158014545470041,Düşük Risk,0.07663723765213648,Düşük Risk,0.07828770396226017,Düşük Risk,0.5386915710376468,Yüksek Risk,0.5181136379367367,Yüksek Risk,0.08672070702501661,Orta Risk
BÜYÜKÇEKMECE,PINARTEPE,BÜYÜKÇEKMECE|PINARTEPE,2023,0.6921088101579762,Yüksek Risk,0.15307502073829882,Yüksek Risk,0.39179936505051643,Yüksek Risk,0.0008162239482736827,Düşük Risk,0.14196054514969905,Orta Risk,0.15307502073829882,Orta Risk,0.6012416247239916,Yüksek Risk,0.599481794876052,Yüksek Risk,0.16376118956963118,Yüksek Risk
BÜYÜKÇEKMECE,SİNANOBA,BÜYÜKÇEKMECE|SİNANOBA,2023,0.17600144600285222,Düşük Risk,0.051172744377105533,Düşük Risk,0.16565018971467585,Orta Risk,0.0010053546229329762,Düşük Risk,0.04507491339945326,Düşük Risk,0.051172744377105533,Düşük Risk,0.5043022584268364,Orta Risk,0.4829825314975723,Orta Risk,0.058920047429772866,Düşük Risk
BÜYÜKÇEKMECE,TÜRKOBA,BÜYÜKÇEKMECE|TÜRKOBA,2023,0.2636742405700879,Orta Risk,0.07934858694719824,Orta Risk,0.20304841615128574,Orta Risk,0.021902619162128417,Orta Risk,0.06513120375949043,Düşük Risk,0.07934858694719824,Düşük Risk,0.5923111689231757,Yüksek Risk,0.5660424463112324,Yüksek Risk,0.08946849868323856,Orta Risk
BÜYÜKÇEKMECE,ULUS,BÜYÜKÇEKMECE|ULUS,2023,0.28916975102985876,Orta Risk,0.0712712072729288,Orta Risk,0.20464475767191323,Orta Risk,0.006080144273847131,Düşük Risk,0.06384311558957424,Düşük Risk,0.0712712072729288,Düşük Risk,0.5328291024333478,Yüksek Risk,0.5094428870786024,Yüksek Risk,0.08049450475616204,Orta Risk
BÜYÜKÇEKMECE,YENİMAHALLE,BÜYÜKÇEKMECE|YENİMAHALLE,2023,0.1474062301290167,Düşük Risk,0.048655173249572414,Düşük Risk,0.14616370490697805,Orta Risk,0.0006363921110922288,Düşük Risk,0.04118850371760338,Düşük Risk,0.048655173249572414,Düşük Risk,0.4799464757804282,Orta Risk,0.4407766607828456,Orta Risk,0.05697088624982462,Düşük Risk
BÜYÜKÇEKMECE,ÇAKMAKLI,BÜYÜKÇEKMECE|ÇAKMAKLI,2023,0.3489432321102467,Orta Risk,0.10171252344914586,Orta Risk,0.2636851137918785,Yüksek Risk,0.004600737244539467,Düşük Risk,0.11953511008955969,Orta Risk,0.10171252344914586,Orta Risk,0.5489919306474131,Yüksek Risk,0.5170681357534642,Yüksek Risk,0.10726818824764692,Orta Risk
ESENLER,15 TEMMUZ,ESENLER|15 TEMMUZ,2023,0.21080027508618276,Düşük Risk,0.06500423463497565,Orta Risk,0.19517641563053778,Orta Risk,0.0015412128415298893,Düşük Risk,0.0558444808061506,Düşük Risk,0.06500423463497565,Düşük Risk,0.4986333361209979,Orta Risk,0.4694958760708298,Orta Risk,0.0776505611894159,Orta Risk
ESENLER,ATIŞALANI,ESENLER|ATIŞALANI,2023,0.08168366813737019,Düşük Risk,0.02295396520491399,Düşük Risk,0.06766957835849796,Düşük Risk,6.116862705028465e-06,Düşük Risk,0.033887927056838164,Düşük Risk,0.02295396520491399,Düşük Risk,0.3392402915053844,Düşük Risk,0.17747262677560333,Düşük Risk,0.03951500247843282,Düşük Risk
ESENLER,BİRLİK,ESENLER|BİRLİK,2023,0.40224092600418004,Orta Risk,0.0879607688652396,Orta Risk,0.21903372276018743,Orta Risk,0.0007046617004750778,Düşük Risk,0.07950166221488908,Orta Risk,0.0879607688652396,Düşük Risk,0.5366580027612678,Yüksek Risk,0.5048804652438156,Yüksek Risk,0.09859570473532756,Orta Risk
ESENLER,DAVUTPAŞA,ESENLER|DAVUTPAŞA,2023,0.28419988986465994,Orta Risk,0.06966278011805122,Orta Risk,0.17830152398861,Orta Risk,0.00048712552531502264,Düşük Risk,0.05982572181387026,Düşük Risk,0.06966278011805122,Düşük Risk,0.528672853764691,Yüksek Risk,0.4950421938033098,Yüksek Risk,0.07573696535375404,Orta Risk
ESENLER,FATİH,ESENLER|FATİH,2023,0.568434677856372,Yüksek Risk,0.11594505498563548,Orta Risk,0.2804672686376949,Yüksek Risk,0.0002816865881183523,Düşük Risk,0.11585430187374351,Orta Risk,0.11594505498563548,Düşük Risk,0.5151407588350849,Yüksek Risk,0.4750260051497681,Orta Risk,0.1276794990337103,Orta Risk
ESENLER,FEVZİ ÇAKMAK,ESENLER|FEVZİ ÇAKMAK,2023,0.4350393166154808,Orta Risk,0.09331759217546014,Orta Risk,0.23530779163991888,Orta Risk,0.00025406176349828367,Düşük Risk,0.08568326160425567,Orta Risk,0.09331759217546014,Düşük Risk,0.5305850190263094,Yüksek Risk,0.4904870254644865,Yüksek Risk,0.1043013450685025,Orta Risk
ESENLER,HAVAALANI,ESENLER|HAVAALANI,2023,0.4025593952032306,Orta Risk,0.08546534496208089,Orta Risk,0.21509710282664318,Orta Risk,0.0002700488381842655,Düşük Risk,0.07867432706804538,Düşük Risk,0.08546534496208089,Düşük Risk,0.48524883989812145,Yüksek Risk,0.47337832568707666,Orta Risk,0.09316527897992931,Orta Risk
ESENLER,KAZIM KARABEKİR,ESENLER|KAZIM KARABEKİR,2023,0.4403236700802666,Orta Risk,0.09406017076932471,Orta Risk,0.2293573109468342,Orta Risk,0.0006685403178896132,Düşük Risk,0.08801020050741505,Orta Risk,0.09406017076932471,Düşük Risk,0.5307822631714966,Yüksek Risk,0.49440425774865754,Yüksek Risk,0.10779571707090721,Orta Risk
ESENLER,KEMER,ESENLER|KEMER,2023,0.2912918761070129,Orta Risk,0.0661953556711444,Orta Risk,0.17501063818938786,Orta Risk,0.00027545034000927806,Düşük Risk,0.059363986176185726,Düşük Risk,0.0661953556711444,Düşük Risk,0.505389434232272,Yüksek Risk,0.46381367656440065,Orta Risk,0.07556451467426732,Orta Risk
ESENLER,MENDERES,ESENLER|MENDERES,2023,0.40412450719399573,Orta Risk,0.08966315273863291,Orta Risk,0.22964810986110634,Orta Risk,0.0006008997900689294,Düşük Risk,0.08469330115349498,Orta Risk,0.08966315273863291,Düşük Risk,0.5413467294014143,Yüksek Risk,0.5049345228786641,Yüksek Risk,0.1014962909225863,Orta Risk
ESENLER,MİMAR SİNAN,ESENLER|MİMAR SİNAN,2023,0.25107901331728294,Orta Risk,0.0688196595851513,Orta Risk,0.18607448836982576,Orta Risk,0.00019249634117517165,Düşük Risk,0.06433873954614922,Düşük Risk,0.0688196595851513,Düşük Risk,0.5129423713183606,Yüksek Risk,0.4734959381873368,Orta Risk,0.07697279604107699,Orta Risk
ESENLER,NAMIK KEMAL,ESENLER|NAMIK KEMAL,2023,0.2915219022434433,Orta Risk,0.06534355521773881,Orta Risk,0.17257496235837097,Orta Risk,0.00024300282176888352,Düşük Risk,0.06036017525073467,Düşük Risk,0.06534355521773881,Düşük Risk,0.49759619320037163,Yüksek Risk,0.4569164919428698,Orta Risk,0.07075663956889247,Orta Risk
ESENLER,NİNE HATUN,ESENLER|NİNE HATUN,2023,0.5602464853261091,Yüksek Risk,0.12357291846495028,Yüksek Risk,0.29639926042860565,Yüksek Risk,0.0006592203089964234,Düşük Risk,0.11273076197156383,Orta Risk,0.12357291846495028,Orta Risk,0.5676756897167666,Yüksek Risk,0.5484539491837592,Yüksek Risk,0.13172627013600496,Yüksek Risk
ESENLER,ORUÇREİS,ESENLER|ORUÇREİS,2023,0.6614047902132287,Yüksek Risk,0.13824338992957097,Yüksek Risk,0.33025905294459035,Yüksek Risk,0.009037944621379398,Orta Risk,0.1268016592743496,Orta Risk,0.13824338992957097,Orta Risk,0.5807808594303621,Yüksek Risk,0.5531237528390475,Yüksek Risk,0.15226244533854344,Yüksek Risk
ESENLER,TUNA,ESENLER|TUNA,2023,0.3885230595119636,Orta Risk,0.0954252325567704,Orta Risk,0.22283465991668855,Orta Risk,0.0008170756819666056,Düşük Risk,0.08280897271967097,Orta Risk,0.0954252325567704,Düşük Risk,0.5667735146719018,Yüksek Risk,0.5286291294205022,Yüksek Risk,0.11116054961881831,Orta Risk
ESENLER,TURGUT REİS,ESENLER|TURGUT REİS,2023,0.5355843211543324,Yüksek Risk,0.11589954098266719,Orta Risk,0.287918150262112,Yüksek Risk,0.0013348994407122617,Düşük Risk,0.11664127808943445,Orta Risk,0.11589954098266719,Düşük Risk,0.5479616485608136,Yüksek Risk,0.5309331803359773,Yüksek Risk,0.12673062296611565,Orta Risk
ESENLER,YAVUZ SELİM,ESENLER|YAVUZ SELİM,2023,0.1950794799375095,Düşük Risk,0.05106062537162789,Düşük Risk,0.14465650788346462,Orta Risk,0.0005853794665320351,Düşük Risk,0.057726156281006066,Düşük Risk,0.05106062537162789,Düşük Risk,0.5104315420121439,Yüksek Risk,0.45646582524887724,Orta Risk,0.06021232521994042,Düşük Risk
ESENLER,ÇİFTE HAVUZLAR,ESENLER|ÇİFTE HAVUZLAR,2023,0.1304915149174849,Düşük Risk,0.04271262696368245,Düşük Risk,0.12026155282796028,Düşük Risk,0.005778920161799821,Düşük Risk,0.04424836145772349,Düşük Risk,0.04271262696368245,Düşük Risk,0.5089891236510548,Yüksek Risk,0.4451741481550907,Orta Risk,0.052847827790610334,Düşük Risk
ESENYURT,AKEVLER,ESENYURT|AKEVLER,2023,0.3789536536858505,Orta Risk,0.11468537464480152,Orta Risk,0.28196696440083185,Yüksek Risk,0.000538730086959148,Düşük Risk,0.124888159371424,Orta Risk,0.11468537464480152,Orta Risk,0.5657613877065633,Yüksek Risk,0.5458990670313799,Yüksek Risk,0.11884405944455033,Orta Risk
ESENYURT,AKÇABURGAZ,ESENYURT|AKÇABURGAZ,2023,0.6326102312756706,Yüksek Risk,0.19485708498535853,Yüksek Risk,0.3958513272083193,Yüksek Risk,0.025472491542253672,Orta Risk,0.163438105101358,Orta Risk,0.19485708498535853,Orta Risk,0.6692372280023292,Yüksek Risk,0.6798170236272295,Yüksek Risk,0.1985402053020321,Yüksek Risk
ESENYURT,AKŞEMSEDDİN,ESENYURT|AKŞEMSEDDİN,2023,0.43789766256318213,Orta Risk,0.12677706802312713,Yüksek Risk,0.31632023123744857,Yüksek Risk,0.0072629383167509545,Düşük Risk,0.1248462981098455,Orta Risk,0.12677706802312713,Orta Risk,0.6107618829711463,Yüksek Risk,0.5955913534510187,Yüksek Risk,0.1349258247991728,Yüksek Risk
ESENYURT,ARDIÇLI,ESENYURT|ARDIÇLI,2023,0.4211825158727986,Orta Risk,0.11572920697917699,Orta Risk,0.28219035572358414,Yüksek Risk,0.0005872475752936122,Düşük Risk,0.12185933375176576,Orta Risk,0.11572920697917699,Orta Risk,0.5740354100559313,Yüksek Risk,0.55137285436095,Yüksek Risk,0.12147296728103314,Orta Risk
ESENYURT,ATATÜRK,ESENYURT|ATATÜRK,2023,0.2063590028809268,Düşük Risk,0.05850713667420521,Düşük Risk,0.16320221086280182,Orta Risk,0.0021183721430796535,Düşük Risk,0.04942274958866832,Düşük Risk,0.05850713667420521,Düşük Risk,0.5050684845428925,Orta Risk,0.47053643846199145,Orta Risk,0.06478080553646122,Düşük Risk
ESENYURT,AŞIK VEYSEL,ESENYURT|AŞIK VEYSEL,2023,0.40352569704490293,Orta Risk,0.11363201324114669,Orta Risk,0.2672914225280693,Yüksek Risk,0.006816930052396763,Düşük Risk,0.11850304235815283,Orta Risk,0.11363201324114669,Orta Risk,0.5864374162069588,Yüksek Risk,0.5664772716333711,Yüksek Risk,0.11886790321270035,Orta Risk
ESENYURT,BALIKYOLU,ESENYURT|BALIKYOLU,2023,0.5184627070619283,Yüksek Risk,0.12438202796819708,Yüksek Risk,0.3116174954639202,Yüksek Risk,0.0005773208496643835,Düşük Risk,0.1218998737533854,Orta Risk,0.12438202796819708,Orta Risk,0.5876183729230543,Yüksek Risk,0.5745476755563398,Yüksek Risk,0.1312145194247336,Yüksek Risk
ESENYURT,BARBAROS HAYRETTİN PAŞA,ESENYURT|BARBAROS HAYRETTİN PAŞA,2023,0.47659407676688215,Yüksek Risk,0.1184282788011426,Orta Risk,0.3010867174299959,Yüksek Risk,0.0005157054218791113,Düşük Risk,0.11914874464381538,Orta Risk,0.1184282788011426,Orta Risk,0.5710476450996371,Yüksek Risk,0.5692512912627801,Yüksek Risk,0.12044321818470782,Orta Risk
ESENYURT,BATTALGAZİ,ESENYURT|BATTALGAZİ,2023,0.15245366471946395,Düşük Risk,0.04672401165041414,Düşük Risk,0.13884532200145208,Düşük Risk,0.0003737032962392996,Düşük Risk,0.03776731553798802,Düşük Risk,0.04672401165041414,Düşük Risk,0.49718741104899217,Orta Risk,0.4531025711211438,Orta Risk,0.054933529558940965,Düşük Risk
ESENYURT,BAĞLARÇEŞME,ESENYURT|BAĞLARÇEŞME,2023,0.5386223125082268,Yüksek Risk,0.15357349677778095,Yüksek Risk,0.3586702302337173,Yüksek Risk,0.00025507475592196466,Düşük Risk,0.1429484024206389,Orta Risk,0.15357349677778095,Orta Risk,0.537697829529297,Yüksek Risk,0.565882802544016,Yüksek Risk,0.15338812508705518,Yüksek Risk
ESENYURT,CUMHURİYET,ESENYURT|CUMHURİYET,2023,0.3281983540375961,Orta Risk,0.10664146041590461,Orta Risk,0.27028628746064437,Yüksek Risk,0.0006483442769648137,Düşük Risk,0.12403223265634186,Orta Risk,0.10664146041590461,Orta Risk,0.5486880885275018,Yüksek Risk,0.5187815943725242,Yüksek Risk,0.1108524627056613,Orta Risk
ESENYURT,ESENKENT,ESENYURT|ESENKENT,2023,0.3579662673999099,Orta Risk,0.09320255564251022,Orta Risk,0.24389699471411735,Orta Risk,0.0005905747534355184,Düşük Risk,0.1127873553705922,Orta Risk,0.09320255564251022,Orta Risk,0.5618498993848111,Yüksek Risk,0.5215950163465716,Yüksek Risk,0.10325137311530988,Orta Risk
ESENYURT,FATİH,ESENYURT|FATİH,2023,0.4747050389808735,Yüksek Risk,0.17341730199165284,Yüksek Risk,0.39035788305526503,Yüksek Risk,0.0012710981507090093,Düşük Risk,0.16474873522796868,Orta Risk,0.17341730199165284,Orta Risk,0.6233785148611689,Yüksek Risk,0.6262897387439527,Yüksek Risk,0.17731177755586325,Yüksek Risk
ESENYURT,GÖKEVLER,ESENYURT|GÖKEVLER,2023,0.38131010223397765,Orta Risk,0.12222036277484857,Yüksek Risk,0.2959527193366091,Yüksek Risk,0.00487333407181903,Düşük Risk,0.12652163872876962,Orta Risk,0.12222036277484857,Orta Risk,0.5846076985346358,Yüksek Risk,0.5712966197824542,Yüksek Risk,0.12528977364350688,Orta Risk
ESENYURT,GÜZELYURT,ESENYURT|GÜZELYURT,2023,0.5188561615650453,Yüksek Risk,0.15702475013918324,Yüksek Risk,0.3705914684321694,Yüksek Risk,0.0007145217355327678,Düşük Risk,0.1442116926623776,Orta Risk,0.15702475013918324,Orta Risk,0.6084702641041407,Yüksek Risk,0.6142997661271904,Yüksek Risk,0.16141590015833693,Yüksek Risk
ESENYURT,HÜRRİYET,ESENYURT|HÜRRİYET,2023,0.2634488556726207,Orta Risk,0.06706650797534525,Orta Risk,0.1854809241674169,Orta Risk,0.000407294847608329,Düşük Risk,0.057532902819096544,Düşük Risk,0.06706650797534525,Düşük Risk,0.5169747976783234,Yüksek Risk,0.4896201890984033,Orta Risk,0.07170611643358524,Orta Risk
ESENYURT,KOZA,ESENYURT|KOZA,2023,0.38576594092445277,Orta Risk,0.11492017048492027,Orta Risk,0.29091170369554886,Yüksek Risk,0.006428824234832385,Düşük Risk,0.12002982481531937,Orta Risk,0.11492017048492027,Orta Risk,0.5941190083762311,Yüksek Risk,0.5726572150844559,Yüksek Risk,0.12155349143950855,Orta Risk
ESENYURT,MEHMET AKİF ERSOY,ESENYURT|MEHMET AKİF ERSOY,2023,0.5696270669082486,Yüksek Risk,0.1525305586733379,Yüksek Risk,0.3736418050284854,Yüksek Risk,0.00023312518048169888,Düşük Risk,0.1388270792915317,Orta Risk,0.1525305586733379,Orta Risk,0.5747460731071309,Yüksek Risk,0.5816211200254454,Yüksek Risk,0.1554710025930141,Yüksek Risk
ESENYURT,MEHTERÇEŞME,ESENYURT|MEHTERÇEŞME,2023,0.6765321564755854,Yüksek Risk,0.16337278241319966,Yüksek Risk,0.4004478466095963,Yüksek Risk,0.00027697245372753206,Düşük Risk,0.14625843000429659,Orta Risk,0.16337278241319966,Orta Risk,0.575436647262688,Yüksek Risk,0.5893652406340018,Yüksek Risk,0.16561404154790194,Yüksek Risk
ESENYURT,SARIYER MERKEZ,ESENYURT|SARIYER MERKEZ,2023,0.07811754902127185,Düşük Risk,0.022251412332677658,Düşük Risk,0.07778099461795825,Düşük Risk,5.912557434781473e-06,Düşük Risk,0.032701625008190766,Düşük Risk,0.022251412332677658,Düşük Risk,0.3300027617124395,Düşük Risk,0.18176928046121077,Düşük Risk,0.02983831867570295,Düşük Risk
ESENYURT,MEVLANA,ESENYURT|MEVLANA,2023,0.3937902706453284,Orta Risk,0.13219657344150912,Yüksek Risk,0.3082110378683754,Yüksek Risk,0.0005200433387882935,Düşük Risk,0.1359217520493637,Orta Risk,0.13219657344150912,Orta Risk,0.5922177731978611,Yüksek Risk,0.5730554974081054,Yüksek Risk,0.13856614509326162,Yüksek Risk
ESENYURT,NAMIK KEMAL,ESENYURT|NAMIK KEMAL,2023,0.6182921497569499,Yüksek Risk,0.18198045521515513,Yüksek Risk,0.43054349229384226,Yüksek Risk,0.0006074139040182307,Düşük Risk,0.1596300583535779,Orta Risk,0.18198045521515513,Orta Risk,0.6087094006130563,Yüksek Risk,0.6215384501342159,Yüksek Risk,0.18777349240487895,Yüksek Risk
ESENYURT,NECİP FAZIL KISAKÜREK,ESENYURT|NECİP FAZIL KISAKÜREK,2023,0.18113442071066668,Düşük Risk,0.0502997464526594,Düşük Risk,0.1463876565118194,Orta Risk,0.0003842980202378938,Düşük Risk,0.04180627376450108,Düşük Risk,0.0502997464526594,Düşük Risk,0.501053827615127,Orta Risk,0.4659107414960679,Orta Risk,0.05521409193542257,Düşük Risk
ESENYURT,ORHAN GAZİ,ESENYURT|ORHAN GAZİ,2023,0.4395600042950867,Orta Risk,0.11975269591588222,Orta Risk,0.2777208784790256,Yüksek Risk,0.0348971487273442,Orta Risk,0.12133727308516586,Orta Risk,0.11975269591588222,Orta Risk,0.6112484813382684,Yüksek Risk,0.5946903054581215,Yüksek Risk,0.12678333415327103,Orta Risk
ESENYURT,OSMANGAZİ,ESENYURT|OSMANGAZİ,2023,0.2845292254896648,Orta Risk,0.0981543536810669,Orta Risk,0.19374307650992467,Orta Risk,0.017674033314396917,Orta Risk,0.0860141926998019,Orta Risk,0.0981543536810669,Düşük Risk,0.5573722986144669,Yüksek Risk,0.5469756461055036,Yüksek Risk,0.10234489071995118,Orta Risk
ESENYURT,PINAR,ESENYURT|PINAR,2023,0.7128964438025649,Yüksek Risk,0.1657391355302176,Yüksek Risk,0.40026753538110627,Yüksek Risk,0.0007176098695669537,Düşük Risk,0.14672488399933714,Orta Risk,0.1657391355302176,Orta Risk,0.5992225941714131,Yüksek Risk,0.6043062837114228,Yüksek Risk,0.16940144075160182,Yüksek Risk
ESENYURT,PİRİ REİS,ESENYURT|PİRİ REİS,2023,0.4202099868775157,Orta Risk,0.12232429465092064,Yüksek Risk,0.30616468375979927,Yüksek Risk,0.0005049179945942483,Düşük Risk,0.12333587492494773,Orta Risk,0.12232429465092064,Orta Risk,0.5771633034083805,Yüksek Risk,0.5757426841746556,Yüksek Risk,0.12473338017109653,Orta Risk
ESENYURT,SAADETDERE,ESENYURT|SAADETDERE,2023,0.48920785336253386,Yüksek Risk,0.17013518125114202,Yüksek Risk,0.3892769134887012,Yüksek Risk,0.0006484231772894399,Düşük Risk,0.16356932921142028,Orta Risk,0.17013518125114202,Orta Risk,0.5922935371358418,Yüksek Risk,0.6003340816913582,Yüksek Risk,0.17449837743978716,Yüksek Risk
ESENYURT,SELAHADDİN EYYUBİ,ESENYURT|SELAHADDİN EYYUBİ,2023,0.5138274258191157,Yüksek Risk,0.12189561119859713,Yüksek Risk,0.2936231041639908,Yüksek Risk,0.013337140584802126,Orta Risk,0.12008977720545053,Orta Risk,0.12189561119859713,Orta Risk,0.6061168254098167,Yüksek Risk,0.5887506534344239,Yüksek Risk,0.12815421429778495,Orta Risk
ESENYURT,SULTANİYE,ESENYURT|SULTANİYE,2023,0.4202127588146637,Orta Risk,0.1339028676816188,Yüksek Risk,0.31268817461147885,Yüksek Risk,0.0005887919905543355,Düşük Risk,0.1362001330111565,Orta Risk,0.1339028676816188,Orta Risk,0.5865580803665165,Yüksek Risk,0.5732153065088206,Yüksek Risk,0.13784571274115448,Yüksek Risk
ESENYURT,SÜLEYMANİYE,ESENYURT|SÜLEYMANİYE,2023,0.47831695378120076,Yüksek Risk,0.12010573709212484,Orta Risk,0.29577064436999084,Yüksek Risk,0.00020887068020528288,Düşük Risk,0.12213397320121346,Orta Risk,0.12010573709212484,Orta Risk,0.5523599524853904,Yüksek Risk,0.5306983926840342,Yüksek Risk,0.12684743193322268,Orta Risk
ESENYURT,TALATPAŞA,ESENYURT|TALATPAŞA,2023,0.5368595497496458,Yüksek Risk,0.17278857266017097,Yüksek Risk,0.3919454004543274,Yüksek Risk,0.00031423504723908233,Düşük Risk,0.1640714462131097,Orta Risk,0.17278857266017097,Orta Risk,0.5765626688361081,Yüksek Risk,0.578425085470019,Yüksek Risk,0.17720094047642582,Yüksek Risk
ESENYURT,TURGUT ÖZAL,ESENYURT|TURGUT ÖZAL,2023,0.4660838192045582,Orta Risk,0.12693133660578518,Yüksek Risk,0.3100117817810329,Yüksek Risk,0.0006194965846425507,Düşük Risk,0.12459497252450989,Orta Risk,0.12693133660578518,Orta Risk,0.5935023251643268,Yüksek Risk,0.5790007931684146,Yüksek Risk,0.1358826377994165,Yüksek Risk
ESENYURT,YENİKENT,ESENYURT|YENİKENT,2023,0.44119704026673934,Orta Risk,0.13577164039252224,Yüksek Risk,0.31842075522376795,Yüksek Risk,0.0005724412708752048,Düşük Risk,0.13679704404038726,Orta Risk,0.13577164039252224,Orta Risk,0.571077663855137,Yüksek Risk,0.5676258344320122,Yüksek Risk,0.13719595600949283,Yüksek Risk
ESENYURT,YEŞİLKENT,ESENYURT|YEŞİLKENT,2023,0.598768284347681,Yüksek Risk,0.13402895743456908,Yüksek Risk,0.33606556002452354,Yüksek Risk,0.0006324366575299681,Düşük Risk,0.12755133734903193,Orta Risk,0.13402895743456908,Orta Risk,0.5910348023199455,Yüksek Risk,0.5813735488484224,Yüksek Risk,0.13940666375181343,Yüksek Risk
ESENYURT,YUNUS EMRE,ESENYURT|YUNUS EMRE,2023,0.4622847207178731,Orta Risk,0.10965396945778103,Orta Risk,0.28369944444244594,Yüksek Risk,0.0006695948150854033,Düşük Risk,0.1163067535764439,Orta Risk,0.10965396945778103,Orta Risk,0.5717681777478839,Yüksek Risk,0.5547906931413389,Yüksek Risk,0.11647587005354591,Orta Risk
ESENYURT,ZAFER,ESENYURT|ZAFER,2023,0.4216737026423437,Orta Risk,0.10580426060902429,Orta Risk,0.2729295723096476,Yüksek Risk,0.0005408564491093693,Düşük Risk,0.11526245590293792,Orta Risk,0.10580426060902429,Orta Risk,0.5743028373059647,Yüksek Risk,0.5475826016528438,Yüksek Risk,0.11297367113487525,Orta Risk
ESENYURT,ÇINAR,ESENYURT|ÇINAR,2023,0.5743822194457169,Yüksek Risk,0.1865376901443379,Yüksek Risk,0.41976478928187244,Yüksek Risk,0.0005821186491115314,Düşük Risk,0.16911883863418314,Orta Risk,0.1865376901443379,Orta Risk,0.5913526763212674,Yüksek Risk,0.6058172073172231,Yüksek Risk,0.18806267680989394,Yüksek Risk
ESENYURT,ÖRNEK,ESENYURT|ÖRNEK,2023,0.5631558067284488,Yüksek Risk,0.1755482727006837,Yüksek Risk,0.42202938821022074,Yüksek Risk,0.00046963691104468896,Düşük Risk,0.1520887159356893,Orta Risk,0.1755482727006837,Orta Risk,0.6063662580656163,Yüksek Risk,0.6280728564698932,Yüksek Risk,0.1772431762920212,Yüksek Risk
ESENYURT,ÜÇEVLER,ESENYURT|ÜÇEVLER,2023,0.5134376900099328,Yüksek Risk,0.17013818543452341,Yüksek Risk,0.3821064810521087,Yüksek Risk,0.0006090573772110714,Düşük Risk,0.1629714482426027,Orta Risk,0.17013818543452341,Orta Risk,0.5846762659493819,Yüksek Risk,0.5873209413649252,Yüksek Risk,0.17268007833737847,Yüksek Risk
ESENYURT,İNCİRTEPE,ESENYURT|İNCİRTEPE,2023,0.5910648449991032,Yüksek Risk,0.1465688283642293,Yüksek Risk,0.3593654725575148,Yüksek Risk,0.0006061704258491043,Düşük Risk,0.1347650312378964,Orta Risk,0.1465688283642293,Orta Risk,0.5871580766668762,Yüksek Risk,0.5932434176144042,Yüksek Risk,0.1484221210704757,Yüksek Risk
ESENYURT,İNÖNÜ,ESENYURT|İNÖNÜ,2023,0.5126592017594772,Yüksek Risk,0.13518502437300603,Yüksek Risk,0.32765173494183397,Yüksek Risk,0.0005777273297513828,Düşük Risk,0.12789094664431513,Orta Risk,0.13518502437300603,Orta Risk,0.5870566550659638,Yüksek Risk,0.5817151247224988,Yüksek Risk,0.13900292764482916,Yüksek Risk
ESENYURT,İSTİKLAL,ESENYURT|İSTİKLAL,2023,0.12203631757938191,Düşük Risk,0.039317508259742166,Düşük Risk,0.12379372932785343,Düşük Risk,0.0008370065474307853,Düşük Risk,0.03155383475775576,Düşük Risk,0.039317508259742166,Düşük Risk,0.49453861315582115,Orta Risk,0.4576898443997293,Orta Risk,0.04451693969342395,Düşük Risk
ESENYURT,ŞEHİTLER,ESENYURT|ŞEHİTLER,2023,0.1907783819114964,Düşük Risk,0.050104566798639213,Düşük Risk,0.14985234971033898,Orta Risk,0.00017877108444561742,Düşük Risk,0.04356095038623608,Düşük Risk,0.050104566798639213,Düşük Risk,0.48520744305130376,Orta Risk,0.4481331072630967,Orta Risk,0.05457427327147223,Düşük Risk
EYÜPSULTAN,5.LEVENT,EYÜPSULTAN|5.LEVENT,2023,0.0849623801103162,Düşük Risk,0.0296481999527275,Düşük Risk,0.10386869448714009,Düşük Risk,0.00039563100508649624,Düşük Risk,0.02309643705603319,Düşük Risk,0.0296481999527275,Düşük Risk,0.4816925416153937,Orta Risk,0.40604549879770335,Orta Risk,0.04841809644532717,Düşük Risk
EYÜPSULTAN,AKPINAR,EYÜPSULTAN|AKPINAR,2023,0.584950863282723,Yüksek Risk,0.14001996734314096,Yüksek Risk,0.3649759079573843,Yüksek Risk,0.000586751979279881,Düşük Risk,0.13993834723561133,Orta Risk,0.14001996734314096,Orta Risk,0.5653067408976312,Yüksek Risk,0.5675309420276193,Yüksek Risk,0.14222411512837793,Yüksek Risk
EYÜPSULTAN,AKŞEMSETTİN,EYÜPSULTAN|AKŞEMSETTİN,2023,0.7307291329749809,Yüksek Risk,0.14980913853472722,Yüksek Risk,0.3729135639937633,Yüksek Risk,0.008175531107521311,Orta Risk,0.14058790524142803,Orta Risk,0.14980913853472722,Orta Risk,0.5752442418905175,Yüksek Risk,0.5589511867783798,Yüksek Risk,0.16350557042421515,Yüksek Risk
EYÜPSULTAN,ALİBEYKÖY,EYÜPSULTAN|ALİBEYKÖY,2023,0.5534987597767899,Yüksek Risk,0.11710962260737567,Orta Risk,0.30447348561038934,Yüksek Risk,0.01030992420229163,Orta Risk,0.12492795766217953,Orta Risk,0.11710962260737567,Orta Risk,0.5734515348209657,Yüksek Risk,0.5431289145230105,Yüksek Risk,0.1310298913718379,Yüksek Risk
EYÜPSULTAN,AĞAÇLI,EYÜPSULTAN|AĞAÇLI,2023,0.35170346863689783,Orta Risk,0.09210003856553069,Orta Risk,0.24940983491085963,Orta Risk,0.0010030488565570509,Düşük Risk,0.1134454520122907,Orta Risk,0.09210003856553069,Orta Risk,0.5263485525240174,Yüksek Risk,0.5127679046795389,Yüksek Risk,0.0932046753647874,Orta Risk
EYÜPSULTAN,DEFTERDAR,EYÜPSULTAN|DEFTERDAR,2023,0.35627489950545044,Orta Risk,0.08663350870134509,Orta Risk,0.2328538382904141,Orta Risk,0.010174493687489891,Orta Risk,0.1112829649862089,Orta Risk,0.08663350870134509,Orta Risk,0.5440677890502922,Yüksek Risk,0.5043935324501103,Yüksek Risk,0.0966903214187494,Orta Risk
EYÜPSULTAN,DÜĞMECİLER,EYÜPSULTAN|DÜĞMECİLER,2023,0.2955612969596719,Orta Risk,0.0666369549421816,Orta Risk,0.1902363525081522,Orta Risk,0.0005560127994484101,Düşük Risk,0.06782741978214975,Düşük Risk,0.0666369549421816,Düşük Risk,0.518821092476739,Yüksek Risk,0.47778037730967804,Orta Risk,0.07557502382039583,Orta Risk
EYÜPSULTAN,EMNİYETTEPE,EYÜPSULTAN|EMNİYETTEPE,2023,0.25467688041148007,Orta Risk,0.05924232084799615,Düşük Risk,0.17322091831920072,Orta Risk,0.0007056969902840182,Düşük Risk,0.054936193479926045,Düşük Risk,0.05924232084799615,Düşük Risk,0.519727736556359,Yüksek Risk,0.4716133332120135,Orta Risk,0.07366022740496589,Orta Risk
EYÜPSULTAN,ESENTEPE,EYÜPSULTAN|ESENTEPE,2023,0.7044773525578047,Yüksek Risk,0.14997233652029,Yüksek Risk,0.38090497581455307,Yüksek Risk,0.0007265566991853578,Düşük Risk,0.14276225351548716,Orta Risk,0.14997233652029,Orta Risk,0.5792407193596827,Yüksek Risk,0.569874742327967,Yüksek Risk,0.16285932143190077,Yüksek Risk
EYÜPSULTAN,GÖKTÜRK MERKEZ,EYÜPSULTAN|GÖKTÜRK MERKEZ,2023,0.30644883843014786,Orta Risk,0.07051786883538261,Orta Risk,0.18706298323649337,Orta Risk,0.006651916428134162,Düşük Risk,0.06244001453349116,Düşük Risk,0.07051786883538261,Düşük Risk,0.5044689327085954,Orta Risk,0.48341026205184706,Orta Risk,0.07453927167801128,Orta Risk
EYÜPSULTAN,GÜZELTEPE,EYÜPSULTAN|GÜZELTEPE,2023,0.5090976220601893,Yüksek Risk,0.11503159255959494,Orta Risk,0.28490442100074426,Yüksek Risk,0.01158405329046375,Orta Risk,0.10262167622107139,Orta Risk,0.11503159255959494,Düşük Risk,0.5833733069195762,Yüksek Risk,0.5632069186113245,Yüksek Risk,0.1260649578677094,Orta Risk
EYÜPSULTAN,IŞIKLAR,EYÜPSULTAN|IŞIKLAR,2023,0.32329834947520913,Orta Risk,0.10519052720807762,Orta Risk,0.2598497929504843,Yüksek Risk,0.00707037695363393,Düşük Risk,0.12438509424520135,Orta Risk,0.10519052720807762,Orta Risk,0.5358436692860933,Yüksek Risk,0.5089142857281725,Yüksek Risk,0.10782655102921601,Orta Risk
EYÜPSULTAN,KARADOLAP,EYÜPSULTAN|KARADOLAP,2023,0.7721860521648114,Yüksek Risk,0.16887113897694925,Yüksek Risk,0.4133127012069886,Yüksek Risk,0.001025019791882834,Düşük Risk,0.1518122029018602,Orta Risk,0.16887113897694925,Orta Risk,0.610911219058522,Yüksek Risk,0.6026112623443605,Yüksek Risk,0.1850436922737203,Yüksek Risk
EYÜPSULTAN,SARIYER MERKEZ,EYÜPSULTAN|SARIYER MERKEZ,2023,0.3106467878750743,Orta Risk,0.0803697755775197,Orta Risk,0.2161054541603629,Orta Risk,0.0007672660523861201,Düşük Risk,0.07217584567622966,Düşük Risk,0.0803697755775197,Düşük Risk,0.5674094912658092,Yüksek Risk,0.5395584599302969,Yüksek Risk,0.08913254615637908,Orta Risk
EYÜPSULTAN,MİMAR SİNAN,EYÜPSULTAN|MİMAR SİNAN,2023,0.22042118864881283,Düşük Risk,0.07955837494448859,Orta Risk,0.18264308349212766,Orta Risk,0.019708582647798595,Orta Risk,0.06677586661195023,Düşük Risk,0.07955837494448859,Düşük Risk,0.579928499590166,Yüksek Risk,0.5520594663086629,Yüksek Risk,0.08837645467862623,Orta Risk
EYÜPSULTAN,MİTHATPAŞA,EYÜPSULTAN|MİTHATPAŞA,2023,0.22576516888255077,Orta Risk,0.059391363352610686,Düşük Risk,0.16710167234152495,Orta Risk,0.017340377002161678,Orta Risk,0.05431684023670664,Düşük Risk,0.059391363352610686,Düşük Risk,0.5239931111259943,Orta Risk,0.4766521999963975,Orta Risk,0.06980311077189139,Orta Risk
EYÜPSULTAN,NİŞANCI,EYÜPSULTAN|NİŞANCI,2023,0.5945111794396158,Yüksek Risk,0.12466703432056109,Yüksek Risk,0.3282387089296533,Yüksek Risk,0.0003551304094236596,Düşük Risk,0.12716626582745214,Orta Risk,0.12466703432056109,Orta Risk,0.548175035648279,Yüksek Risk,0.5312183367422882,Yüksek Risk,0.13066574289254687,Yüksek Risk
EYÜPSULTAN,ODAYERİ,EYÜPSULTAN|ODAYERİ,2023,0.35734825019630895,Orta Risk,0.12361394296485713,Yüksek Risk,0.32067881032094225,Yüksek Risk,0.0002629059283337412,Düşük Risk,0.12892821488518938,Orta Risk,0.12361394296485713,Orta Risk,0.5650209672030873,Yüksek Risk,0.5548509083643622,Yüksek Risk,0.12832455991193817,Orta Risk
EYÜPSULTAN,PİRİNÇÇİ,EYÜPSULTAN|PİRİNÇÇİ,2023,0.3609181727570862,Orta Risk,0.09512878323361243,Orta Risk,0.24816537144503975,Orta Risk,0.013908598398910062,Orta Risk,0.11344304429014651,Orta Risk,0.09512878323361243,Orta Risk,0.576709512159802,Yüksek Risk,0.5433576266450924,Yüksek Risk,0.10246473706762893,Orta Risk
EYÜPSULTAN,RAMİ CUMA,EYÜPSULTAN|RAMİ CUMA,2023,0.21927939215046344,Düşük Risk,0.06288146941819356,Orta Risk,0.1793777354133978,Orta Risk,0.0011583963286741238,Düşük Risk,0.0541622165015019,Düşük Risk,0.06288146941819356,Düşük Risk,0.5433484467804663,Yüksek Risk,0.514777547865321,Yüksek Risk,0.07035445869130756,Orta Risk
EYÜPSULTAN,RAMİ YENİ,EYÜPSULTAN|RAMİ YENİ,2023,0.27679257249569533,Orta Risk,0.0738804982507541,Orta Risk,0.20122534999518701,Orta Risk,0.008360996012467602,Orta Risk,0.06464284648531982,Düşük Risk,0.0738804982507541,Düşük Risk,0.5628510503671358,Yüksek Risk,0.529426932094073,Yüksek Risk,0.0840238674579191,Orta Risk
EYÜPSULTAN,SAKARYA,EYÜPSULTAN|SAKARYA,2023,0.4430159620615524,Orta Risk,0.10027981080200812,Orta Risk,0.2678101902402609,Yüksek Risk,0.0007801003582575483,Düşük Risk,0.11396579503504166,Orta Risk,0.10027981080200812,Orta Risk,0.5698676997823025,Yüksek Risk,0.5353669911491256,Yüksek Risk,0.11157975546032642,Orta Risk
EYÜPSULTAN,SİLAHTARAĞA,EYÜPSULTAN|SİLAHTARAĞA,2023,0.3382950998834977,Orta Risk,0.08331393520663888,Orta Risk,0.23260379027022884,Orta Risk,0.0012317619275872434,Düşük Risk,0.08056817214561199,Orta Risk,0.08331393520663888,Düşük Risk,0.544832778675282,Yüksek Risk,0.5228110918460919,Yüksek Risk,0.09059212011250675,Orta Risk
EYÜPSULTAN,TOPÇULAR,EYÜPSULTAN|TOPÇULAR,2023,0.4229698384992034,Orta Risk,0.11612922453752687,Orta Risk,0.2626162877079466,Yüksek Risk,0.020968357089486158,Orta Risk,0.12249529397985956,Orta Risk,0.11612922453752687,Orta Risk,0.5990779008017525,Yüksek Risk,0.5691237188458339,Yüksek Risk,0.12490870193639013,Orta Risk
EYÜPSULTAN,YEŞİLPINAR,EYÜPSULTAN|YEŞİLPINAR,2023,0.8065233826676267,Yüksek Risk,0.1654889572159587,Yüksek Risk,0.411969492936608,Yüksek Risk,0.0007636385832160384,Düşük Risk,0.1518383195490753,Orta Risk,0.1654889572159587,Orta Risk,0.5821588991498722,Yüksek Risk,0.5680993716852223,Yüksek Risk,0.1804883427993344,Yüksek Risk
EYÜPSULTAN,ÇIRÇIR,EYÜPSULTAN|ÇIRÇIR,2023,0.7275397244192429,Yüksek Risk,0.1519489356801616,Yüksek Risk,0.3807596186395858,Yüksek Risk,0.0008978390823590404,Düşük Risk,0.14248758315755503,Orta Risk,0.1519489356801616,Orta Risk,0.5835811068946488,Yüksek Risk,0.5719759653941471,Yüksek Risk,0.16544256917130945,Yüksek Risk
EYÜPSULTAN,ÇİFTALAN,EYÜPSULTAN|ÇİFTALAN,2023,0.012252449370092231,Düşük Risk,0.009494672307660216,Düşük Risk,0.06794337743148765,Düşük Risk,4.05856327183033e-05,Düşük Risk,0.011826040853398749,Düşük Risk,0.009494672307660216,Düşük Risk,0.3193911815216142,Düşük Risk,0.21881790874451032,Düşük Risk,0.015034154202481621,Düşük Risk
EYÜPSULTAN,İHSANİYE,EYÜPSULTAN|İHSANİYE,2023,0.30932616804269614,Orta Risk,0.12756088497135812,Yüksek Risk,0.3001739541937744,Yüksek Risk,0.0002302153296341948,Düşük Risk,0.1562279854724962,Orta Risk,0.12756088497135812,Orta Risk,0.5060005230200424,Yüksek Risk,0.4598574627291198,Orta Risk,0.1305851752623897,Yüksek Risk
EYÜPSULTAN,İSLAMBEY,EYÜPSULTAN|İSLAMBEY,2023,0.35573414477643617,Orta Risk,0.08746646423245122,Orta Risk,0.22961122806876205,Orta Risk,0.0008002092939100651,Düşük Risk,0.08115199919241896,Orta Risk,0.08746646423245122,Düşük Risk,0.5715568471098413,Yüksek Risk,0.5386269551527096,Yüksek Risk,0.0970876704202541,Orta Risk
FATİH,AKSARAY,FATİH|AKSARAY,2023,0.3733597165485506,Orta Risk,0.09147385832528535,Orta Risk,0.2639905852163642,Yüksek Risk,0.0009146635973568393,Düşük Risk,0.08444691474747482,Orta Risk,0.09147385832528535,Düşük Risk,0.5670739233659821,Yüksek Risk,0.5572738421218447,Yüksek Risk,0.09616562886280121,Orta Risk
FATİH,AKŞEMSETTİN,FATİH|AKŞEMSETTİN,2023,0.5311654991669734,Yüksek Risk,0.12130512857780207,Yüksek Risk,0.3286094925964893,Yüksek Risk,0.0007758837632849351,Düşük Risk,0.12107630855261779,Orta Risk,0.12130512857780207,Orta Risk,0.590390880726196,Yüksek Risk,0.5798832571944738,Yüksek Risk,0.12777786429708535,Orta Risk
FATİH,ALEMDAR,FATİH|ALEMDAR,2023,0.4602484398639675,Orta Risk,0.20146740702622373,Yüksek Risk,0.3377574635777486,Yüksek Risk,0.0036234628081615212,Düşük Risk,0.21455852733692696,Orta Risk,0.20146740702622373,Orta Risk,0.5806390297373349,Yüksek Risk,0.579784203961105,Yüksek Risk,0.2027413809768492,Yüksek Risk
FATİH,ALİ KUŞÇU,FATİH|ALİ KUŞÇU,2023,0.44751000645822436,Orta Risk,0.11680136858308612,Orta Risk,0.313784521331561,Yüksek Risk,0.0008503793312133266,Düşük Risk,0.1181396841470373,Orta Risk,0.11680136858308612,Orta Risk,0.6115221849320662,Yüksek Risk,0.5973647212988727,Yüksek Risk,0.12461635625172186,Orta Risk
FATİH,ATİKALİ,FATİH|ATİKALİ,2023,0.5528030583687986,Yüksek Risk,0.1454466040268543,Yüksek Risk,0.3803512611171075,Yüksek Risk,0.0007525458366172111,Düşük Risk,0.13397669565952527,Orta Risk,0.1454466040268543,Orta Risk,0.6253939215211943,Yüksek Risk,0.6289096982146555,Yüksek Risk,0.1520424609494502,Yüksek Risk
FATİH,AYVANSARAY,FATİH|AYVANSARAY,2023,0.5932441274930564,Yüksek Risk,0.13594950455378804,Yüksek Risk,0.35792027164722556,Yüksek Risk,0.000988950046960785,Düşük Risk,0.1287683292834141,Orta Risk,0.13594950455378804,Orta Risk,0.5965028775311954,Yüksek Risk,0.6008493925540193,Yüksek Risk,0.14050253968051135,Yüksek Risk
FATİH,BALABANAĞA,FATİH|BALABANAĞA,2023,0.32269277467925134,Orta Risk,0.10281070480757035,Orta Risk,0.2719309973738508,Yüksek Risk,0.001326933873558608,Düşük Risk,0.11713514639345955,Orta Risk,0.10281070480757035,Orta Risk,0.5675715327191032,Yüksek Risk,0.5419686476998976,Yüksek Risk,0.10568840631472033,Orta Risk
FATİH,BALAT,FATİH|BALAT,2023,0.5067491532270052,Yüksek Risk,0.11897791001243076,Orta Risk,0.3216503774492123,Yüksek Risk,0.0008865597069458524,Düşük Risk,0.12053160965053011,Orta Risk,0.11897791001243076,Orta Risk,0.5954672647920218,Yüksek Risk,0.5811976443828513,Yüksek Risk,0.12606829822787446,Orta Risk
FATİH,BEYAZIT,FATİH|BEYAZIT,2023,0.37243193659639734,Orta Risk,0.2103795053007191,Yüksek Risk,0.3076890449477738,Yüksek Risk,0.0014151064869200528,Düşük Risk,0.25024014692060487,Orta Risk,0.2103795053007191,Orta Risk,0.5367841007920897,Yüksek Risk,0.5215994982506912,Yüksek Risk,0.21089083646444107,Yüksek Risk
FATİH,BİNBİRDİREK,FATİH|BİNBİRDİREK,2023,0.05447247619205853,Düşük Risk,0.02625097499351745,Düşük Risk,0.1190529439978188,Düşük Risk,0.0006283136702490608,Düşük Risk,0.021797810289189288,Düşük Risk,0.02625097499351745,Düşük Risk,0.44539815911900876,Orta Risk,0.4007782278340718,Orta Risk,0.03272042214647521,Düşük Risk
FATİH,CANKURTARAN,FATİH|CANKURTARAN,2023,0.06822093874606075,Düşük Risk,0.036028417752474104,Düşük Risk,0.12194597307264443,Düşük Risk,0.0012333004254256148,Düşük Risk,0.03177319272911684,Düşük Risk,0.036028417752474104,Düşük Risk,0.4258611635960636,Orta Risk,0.3890175642544086,Orta Risk,0.0399695682870454,Düşük Risk
FATİH,CERRAHPAŞA,FATİH|CERRAHPAŞA,2023,0.20473232992579443,Düşük Risk,0.062698755167115,Orta Risk,0.1939357169722451,Orta Risk,0.0007090293902994352,Düşük Risk,0.053827675720919343,Düşük Risk,0.062698755167115,Düşük Risk,0.5617971674313001,Yüksek Risk,0.528588456854455,Yüksek Risk,0.07173677126982489,Orta Risk
FATİH,CİBALİ,FATİH|CİBALİ,2023,0.4151186289064678,Orta Risk,0.10312923298853845,Orta Risk,0.28875100384599595,Yüksek Risk,0.000823327511713508,Düşük Risk,0.11409063841797959,Orta Risk,0.10312923298853845,Orta Risk,0.5796893735074256,Yüksek Risk,0.567679872456133,Yüksek Risk,0.10692676661334494,Orta Risk
FATİH,DEMİRTAŞ,FATİH|DEMİRTAŞ,2023,0.35140107789447594,Orta Risk,0.09243459074756466,Orta Risk,0.26840536397910575,Yüksek Risk,0.00033333675138171883,Düşük Risk,0.11348483603971134,Orta Risk,0.09243459074756466,Orta Risk,0.5329723153197649,Yüksek Risk,0.5116180794466524,Yüksek Risk,0.09520633121575715,Orta Risk
FATİH,DERVİŞ ALİ,FATİH|DERVİŞ ALİ,2023,0.47062937910394026,Yüksek Risk,0.11586514337420098,Orta Risk,0.3141513890019607,Yüksek Risk,0.0014131601455927556,Düşük Risk,0.11962721377234345,Orta Risk,0.11586514337420098,Orta Risk,0.5974800391353926,Yüksek Risk,0.5795742905052889,Yüksek Risk,0.12347321452476655,Orta Risk
FATİH,EMİN SİNAN,FATİH|EMİN SİNAN,2023,0.10459221648135425,Düşük Risk,0.038812461557472665,Düşük Risk,0.14785723387735983,Orta Risk,0.00011393659319817716,Düşük Risk,0.0383473786678439,Düşük Risk,0.038812461557472665,Düşük Risk,0.4203729056857065,Orta Risk,0.3632703189867548,Orta Risk,0.044473672911697085,Düşük Risk
FATİH,HACI KADIN,FATİH|HACI KADIN,2023,0.310078098032209,Orta Risk,0.08238385763264869,Orta Risk,0.24137144380263253,Orta Risk,0.00017330290604882268,Düşük Risk,0.11273875586513649,Orta Risk,0.08238385763264869,Orta Risk,0.48106155503144055,Orta Risk,0.41715005847336195,Orta Risk,0.08615740577420888,Orta Risk
FATİH,HASEKİ SULTAN,FATİH|HASEKİ SULTAN,2023,0.5540145870665366,Yüksek Risk,0.13085260100277066,Yüksek Risk,0.3584462179953244,Yüksek Risk,0.0007506825610385739,Düşük Risk,0.13075424250711923,Orta Risk,0.13085260100277066,Orta Risk,0.5917641135683163,Yüksek Risk,0.5840068199288395,Yüksek Risk,0.13898276991255623,Yüksek Risk
FATİH,HIRKA-İ ŞERİF,FATİH|HIRKA-İ ŞERİF,2023,0.6630595232569482,Yüksek Risk,0.1550085783583535,Yüksek Risk,0.4031302475888705,Yüksek Risk,0.0008474150300402494,Düşük Risk,0.14199238212223234,Orta Risk,0.1550085783583535,Orta Risk,0.621564723642662,Yüksek Risk,0.6269858893900216,Yüksek Risk,0.16047101239800923,Yüksek Risk
FATİH,HOBYAR,FATİH|HOBYAR,2023,0.12479084362685436,Düşük Risk,0.06983498133966774,Orta Risk,0.16441646587468534,Orta Risk,0.002081161436530959,Düşük Risk,0.06997162340370149,Düşük Risk,0.06983498133966774,Düşük Risk,0.5070166838600663,Orta Risk,0.4790349512156865,Orta Risk,0.07472473800761277,Orta Risk
FATİH,HOCA GIYASETTİN,FATİH|HOCA GIYASETTİN,2023,0.33732598868168984,Orta Risk,0.10456757165662493,Orta Risk,0.28659626000465005,Yüksek Risk,0.0002705426270991904,Düşük Risk,0.12378655537241218,Orta Risk,0.10456757165662493,Orta Risk,0.5244969349301006,Yüksek Risk,0.5076720678317873,Yüksek Risk,0.1058877432124151,Orta Risk
FATİH,HOCAPAŞA,FATİH|HOCAPAŞA,2023,0.09262994012639325,Düşük Risk,0.045401762800039755,Düşük Risk,0.15003909727882575,Orta Risk,0.001278255076346427,Düşük Risk,0.03781680025484201,Düşük Risk,0.045401762800039755,Düşük Risk,0.4710880457716786,Orta Risk,0.4449212241296116,Orta Risk,0.050507871456899445,Düşük Risk
FATİH,KALENDERHANE,FATİH|KALENDERHANE,2023,0.32494752253705544,Orta Risk,0.151686540499827,Yüksek Risk,0.35260564185254606,Yüksek Risk,0.001584271182012117,Düşük Risk,0.1597485778778182,Orta Risk,0.151686540499827,Orta Risk,0.5947518730499877,Yüksek Risk,0.5832596065705598,Yüksek Risk,0.1542204004200117,Yüksek Risk
FATİH,KARAGÜMRÜK,FATİH|KARAGÜMRÜK,2023,0.5064239175448888,Yüksek Risk,0.1204527640941474,Orta Risk,0.33144128610647816,Yüksek Risk,0.0007671479499650109,Düşük Risk,0.12191345110485505,Orta Risk,0.1204527640941474,Orta Risk,0.5889239961505047,Yüksek Risk,0.5843324620924351,Yüksek Risk,0.1267998610020485,Orta Risk
FATİH,KATİP KASIM,FATİH|KATİP KASIM,2023,0.07360196371198266,Düşük Risk,0.027046746754189457,Düşük Risk,0.11968661273974601,Düşük Risk,0.00031885690301684593,Düşük Risk,0.02402795567837772,Düşük Risk,0.027046746754189457,Düşük Risk,0.4358715164301343,Orta Risk,0.3875543572653733,Orta Risk,0.03323747443915982,Düşük Risk
FATİH,KEMALPAŞA,FATİH|KEMALPAŞA,2023,0.38650391846603654,Orta Risk,0.1056076524202781,Orta Risk,0.2877756333907052,Yüksek Risk,0.0007346859959722776,Düşük Risk,0.11629687938787744,Orta Risk,0.1056076524202781,Orta Risk,0.5516131676194139,Yüksek Risk,0.5318945446631798,Yüksek Risk,0.11071609154658496,Orta Risk
FATİH,KOCA MUSTAFAPAŞA,FATİH|KOCA MUSTAFAPAŞA,2023,0.543570249343776,Yüksek Risk,0.13818844155812016,Yüksek Risk,0.3518465664191956,Yüksek Risk,0.0009023169789526795,Düşük Risk,0.12656056929780063,Orta Risk,0.13818844155812016,Orta Risk,0.6103663370130176,Yüksek Risk,0.6144824728063523,Yüksek Risk,0.14113738907443105,Yüksek Risk
FATİH,KÜÇÜK AYASOFYA,FATİH|KÜÇÜK AYASOFYA,2023,0.05039163021456294,Düşük Risk,0.02496178310664457,Düşük Risk,0.10940517775751325,Düşük Risk,0.0006593339118634899,Düşük Risk,0.023271110002383615,Düşük Risk,0.02496178310664457,Düşük Risk,0.4108174092396497,Orta Risk,0.3675531467897784,Orta Risk,0.028826229617620214,Düşük Risk
FATİH,MERCAN,FATİH|MERCAN,2023,0.3338278313534303,Orta Risk,0.12989168032245332,Yüksek Risk,0.30393789387635456,Yüksek Risk,0.0008571706386084212,Düşük Risk,0.13926069459885748,Orta Risk,0.12989168032245332,Orta Risk,0.5336880209748263,Yüksek Risk,0.5121613108672923,Yüksek Risk,0.13179244558098074,Yüksek Risk
FATİH,MESİHPAŞA,FATİH|MESİHPAŞA,2023,0.0878250937900025,Düşük Risk,0.03162410357672976,Düşük Risk,0.13243894215453078,Düşük Risk,0.0003411588166172978,Düşük Risk,0.027490473873087423,Düşük Risk,0.03162410357672976,Düşük Risk,0.4555034449646806,Orta Risk,0.40772507883978837,Orta Risk,0.038386700572857195,Düşük Risk
FATİH,MEVLANAKAPI,FATİH|MEVLANAKAPI,2023,0.5449906534490915,Yüksek Risk,0.13365943546307707,Yüksek Risk,0.3475329179616191,Yüksek Risk,0.0009485409148667453,Düşük Risk,0.12514287652798778,Orta Risk,0.13365943546307707,Orta Risk,0.617454796611722,Yüksek Risk,0.6117948922357391,Yüksek Risk,0.14075044613161297,Yüksek Risk
FATİH,MOLLA FENARİ,FATİH|MOLLA FENARİ,2023,0.3915018530610953,Orta Risk,0.09936773016213928,Orta Risk,0.2829519856006858,Yüksek Risk,0.0015157391774171926,Düşük Risk,0.09262229083942775,Orta Risk,0.09936773016213928,Düşük Risk,0.5762063664990748,Yüksek Risk,0.5689597954557213,Yüksek Risk,0.10390501288249085,Orta Risk
FATİH,MOLLA GÜRANİ,FATİH|MOLLA GÜRANİ,2023,0.2570025320657543,Orta Risk,0.06408152417041299,Orta Risk,0.20063752251706224,Orta Risk,0.0006774312111937717,Düşük Risk,0.055807984379621985,Düşük Risk,0.06408152417041299,Düşük Risk,0.5346666653026683,Yüksek Risk,0.5040305392468609,Yüksek Risk,0.07290123317689773,Orta Risk
FATİH,MOLLA HÜSREV,FATİH|MOLLA HÜSREV,2023,0.34972480535005235,Orta Risk,0.10673374137608295,Orta Risk,0.2910634351818857,Yüksek Risk,0.001249270770446673,Düşük Risk,0.1170651287246761,Orta Risk,0.10673374137608295,Orta Risk,0.5769001104598103,Yüksek Risk,0.5631028198187533,Yüksek Risk,0.10909836191879745,Orta Risk
FATİH,MUHSİNE HATUN,FATİH|MUHSİNE HATUN,2023,0.05289389369320836,Düşük Risk,0.021833001255850693,Düşük Risk,0.11120058595955479,Düşük Risk,8.203779898821667e-05,Düşük Risk,0.021577383257657214,Düşük Risk,0.021833001255850693,Düşük Risk,0.3793910237074076,Düşük Risk,0.31003066545140406,Düşük Risk,0.02647739594476704,Düşük Risk
FATİH,MİMAR HAYRETTİN,FATİH|MİMAR HAYRETTİN,2023,0.0809089434306105,Düşük Risk,0.026904626694868244,Düşük Risk,0.12070566995806575,Düşük Risk,6.509639343242003e-05,Düşük Risk,0.026383110371351173,Düşük Risk,0.026904626694868244,Düşük Risk,0.40007404283177844,Düşük Risk,0.3215092770253021,Düşük Risk,0.033212378356239,Düşük Risk
FATİH,MİMAR KEMALETTİN,FATİH|MİMAR KEMALETTİN,2023,0.07521094237904678,Düşük Risk,0.028902921467343686,Düşük Risk,0.1264030271792055,Düşük Risk,0.0002647328731875702,Düşük Risk,0.026104080518598926,Düşük Risk,0.028902921467343686,Düşük Risk,0.44049535721215427,Orta Risk,0.38854632370019926,Orta Risk,0.03515726942135182,Düşük Risk
FATİH,NİŞANCA,FATİH|NİŞANCA,2023,0.08681378485443116,Düşük Risk,0.02987843357832364,Düşük Risk,0.12590783767220887,Düşük Risk,0.00025396027238657425,Düşük Risk,0.026417050010182044,Düşük Risk,0.02987843357832364,Düşük Risk,0.43170747740027293,Orta Risk,0.3943045291500227,Orta Risk,0.033600653645094306,Düşük Risk
FATİH,RÜSTEMPAŞA,FATİH|RÜSTEMPAŞA,2023,0.3318437861684809,Orta Risk,0.16866278097909518,Yüksek Risk,0.34081852577324645,Yüksek Risk,0.0010475207650367238,Düşük Risk,0.1742798734876605,Orta Risk,0.16866278097909518,Orta Risk,0.5354930054393662,Yüksek Risk,0.5185617115965785,Yüksek Risk,0.16944878155898363,Yüksek Risk
FATİH,SARAÇ İSHAK,FATİH|SARAÇ İSHAK,2023,0.031698602040613595,Düşük Risk,0.017890019889880617,Düşük Risk,0.10078485852275718,Düşük Risk,9.628321403365461e-05,Düşük Risk,0.018349495817173867,Düşük Risk,0.017890019889880617,Düşük Risk,0.362043400805848,Düşük Risk,0.28653427363034584,Düşük Risk,0.02236384105669455,Düşük Risk
FATİH,SEYYİD ÖMER,FATİH|SEYYİD ÖMER,2023,0.5827428357742228,Yüksek Risk,0.13959357801134648,Yüksek Risk,0.3619254667414178,Yüksek Risk,0.0008737222530831038,Düşük Risk,0.12795421249196925,Orta Risk,0.13959357801134648,Orta Risk,0.6084484048446507,Yüksek Risk,0.6114468934089633,Yüksek Risk,0.14513517429528958,Yüksek Risk
FATİH,SULTAN AHMET,FATİH|SULTAN AHMET,2023,0.028146253272497496,Düşük Risk,0.015269679228463262,Düşük Risk,0.09422712963957976,Düşük Risk,8.303089447537121e-05,Düşük Risk,0.01762638866383106,Düşük Risk,0.015269679228463262,Düşük Risk,0.3491756709035156,Düşük Risk,0.2675728865985502,Düşük Risk,0.019815432112842965,Düşük Risk
FATİH,SURURİ,FATİH|SURURİ,2023,0.13512557927333113,Düşük Risk,0.04820671895501507,Düşük Risk,0.180037286302001,Orta Risk,0.0011427421965179855,Düşük Risk,0.04294490446584851,Düşük Risk,0.04820671895501507,Düşük Risk,0.49726341034767146,Orta Risk,0.47283088411423924,Orta Risk,0.05304828440352836,Düşük Risk
FATİH,SÜLEYMANİYE,FATİH|SÜLEYMANİYE,2023,0.39763626287623194,Orta Risk,0.19580354803060052,Yüksek Risk,0.42015449176741754,Yüksek Risk,0.0008908765887739815,Düşük Risk,0.1821251292176964,Orta Risk,0.19580354803060052,Orta Risk,0.6477219772107866,Yüksek Risk,0.6684466753984808,Yüksek Risk,0.1963081752989826,Yüksek Risk
FATİH,SÜMBÜL EFENDİ,FATİH|SÜMBÜL EFENDİ,2023,0.16551524417707456,Düşük Risk,0.052387764287124355,Düşük Risk,0.16697312148586224,Orta Risk,0.0005393808663083713,Düşük Risk,0.041152134602094936,Düşük Risk,0.052387764287124355,Düşük Risk,0.5277263047076871,Orta Risk,0.4969460968509518,Yüksek Risk,0.0591600177166188,Düşük Risk
FATİH,SİLİVRİKAPI,FATİH|SİLİVRİKAPI,2023,0.14886331902771607,Düşük Risk,0.054946909840604546,Düşük Risk,0.1726900544203964,Orta Risk,0.0009726039042131107,Düşük Risk,0.044049647882904386,Düşük Risk,0.054946909840604546,Düşük Risk,0.5538164636085993,Yüksek Risk,0.512504200494485,Yüksek Risk,0.06455113700433468,Düşük Risk
FATİH,TAHTAKALE,FATİH|TAHTAKALE,2023,0.017859601117954798,Düşük Risk,0.04266835127136776,Düşük Risk,0.1001492744613109,Düşük Risk,0.00017467218107629354,Düşük Risk,0.06555183253727785,Düşük Risk,0.04266835127136776,Düşük Risk,0.3436041235122556,Düşük Risk,0.2552973170045194,Düşük Risk,0.045714082882039785,Düşük Risk
FATİH,TAYA HATUN,FATİH|TAYA HATUN,2023,0.0195430360357986,Düşük Risk,0.01885125180575718,Düşük Risk,0.09297543181168079,Düşük Risk,0.00012171573004093754,Düşük Risk,0.020931185483260017,Düşük Risk,0.01885125180575718,Düşük Risk,0.3528448044519394,Düşük Risk,0.25828846320264065,Düşük Risk,0.025153365536703817,Düşük Risk
FATİH,TOPKAPI,FATİH|TOPKAPI,2023,0.4209510125904189,Orta Risk,0.10723440841336873,Orta Risk,0.2904953721014667,Yüksek Risk,0.0008521877916762714,Düşük Risk,0.11555971247206566,Orta Risk,0.10723440841336873,Orta Risk,0.5977061938977998,Yüksek Risk,0.5713683263206969,Yüksek Risk,0.11695163042914697,Orta Risk
FATİH,YAVUZ SULTAN SELİM,FATİH|YAVUZ SULTAN SELİM,2023,0.5285041391707492,Yüksek Risk,0.12325783646422862,Yüksek Risk,0.33222871451373737,Yüksek Risk,0.0007779651795944364,Düşük Risk,0.12225184637681792,Orta Risk,0.12325783646422862,Orta Risk,0.5933793372520884,Yüksek Risk,0.5873708693285384,Yüksek Risk,0.12857243704253646,Orta Risk
FATİH,YAVUZ SİNAN,FATİH|YAVUZ SİNAN,2023,0.32426732174515477,Orta Risk,0.11222351381288168,Orta Risk,0.2956259332303183,Yüksek Risk,0.0002826287665796424,Düşük Risk,0.13337196313923863,Orta Risk,0.11222351381288168,Orta Risk,0.5238338202279677,Yüksek Risk,0.5001075286745471,Yüksek Risk,0.11403653494431858,Orta Risk
FATİH,YEDİKULE,FATİH|YEDİKULE,2023,0.22060607905677218,Orta Risk,0.06642044446608397,Orta Risk,0.19376871810627397,Orta Risk,0.00789802155422379,Orta Risk,0.05212425053401724,Düşük Risk,0.06642044446608397,Düşük Risk,0.5486766777623361,Yüksek Risk,0.533850005970326,Yüksek Risk,0.0720635616275746,Orta Risk
FATİH,ZEYREK,FATİH|ZEYREK,2023,0.5699247585296598,Yüksek Risk,0.13527494980718557,Yüksek Risk,0.3607733525824223,Yüksek Risk,0.0009413187444748663,Düşük Risk,0.13045228553904717,Orta Risk,0.13527494980718557,Orta Risk,0.6103078005551447,Yüksek Risk,0.607279250189013,Yüksek Risk,0.1394473946703173,Yüksek Risk
FATİH,İSKENDERPAŞA,FATİH|İSKENDERPAŞA,2023,0.4592651160535872,Orta Risk,0.11420501588770676,Orta Risk,0.3090403495277726,Yüksek Risk,0.0008415706248137922,Düşük Risk,0.1175146712640434,Orta Risk,0.11420501588770676,Orta Risk,0.6019148257067101,Yüksek Risk,0.5837411123912197,Yüksek Risk,0.12142899486150349,Orta Risk
FATİH,ŞEHREMİNİ,FATİH|ŞEHREMİNİ,2023,0.5461784597214948,Yüksek Risk,0.14162555657942394,Yüksek Risk,0.358767793840706,Yüksek Risk,0.0009466343858782528,Düşük Risk,0.12771179734324517,Orta Risk,0.14162555657942394,Orta Risk,0.6236659785922151,Yüksek Risk,0.6245068405303009,Yüksek Risk,0.14924190371635332,Yüksek Risk
FATİH,ŞEHSUVAR BEY,FATİH|ŞEHSUVAR BEY,2023,0.09445660148545544,Düşük Risk,0.032725151967116554,Düşük Risk,0.13284679443723682,Düşük Risk,0.0006844391082394455,Düşük Risk,0.030378552769972724,Düşük Risk,0.032725151967116554,Düşük Risk,0.4254553563742446,Orta Risk,0.3903189943553554,Orta Risk,0.03644152487594386,Düşük Risk
GAZİOSMANPAŞA,BARBAROS HAYRETTİN PAŞA,GAZİOSMANPAŞA|BARBAROS HAYRETTİN PAŞA,2023,0.8314666761015966,Yüksek Risk,0.1810754394775272,Yüksek Risk,0.41072763081266617,Yüksek Risk,0.01772650192997889,Orta Risk,0.15620609437010124,Orta Risk,0.1810754394775272,Orta Risk,0.620288810239108,Yüksek Risk,0.6179193615679446,Yüksek Risk,0.1930765502818775,Yüksek Risk
GAZİOSMANPAŞA,BAĞLARBAŞI,GAZİOSMANPAŞA|BAĞLARBAŞI,2023,0.5925700539852544,Yüksek Risk,0.12748805895180604,Yüksek Risk,0.31190936844452566,Yüksek Risk,0.0007176654753440254,Düşük Risk,0.12546264336788998,Orta Risk,0.12748805895180604,Orta Risk,0.5735365129885788,Yüksek Risk,0.5485884084157567,Yüksek Risk,0.14110583593389558,Yüksek Risk
GAZİOSMANPAŞA,FEVZİ ÇAKMAK,GAZİOSMANPAŞA|FEVZİ ÇAKMAK,2023,0.5136416979499949,Yüksek Risk,0.11135577851930285,Orta Risk,0.2763013343985177,Yüksek Risk,0.0007307902378332344,Düşük Risk,0.11852920965603776,Orta Risk,0.11135577851930285,Orta Risk,0.5627850235234051,Yüksek Risk,0.5329976341711384,Yüksek Risk,0.12456739550338924,Orta Risk
GAZİOSMANPAŞA,HÜRRİYET,GAZİOSMANPAŞA|HÜRRİYET,2023,0.6887347655173288,Yüksek Risk,0.1488315466706616,Yüksek Risk,0.3638950451365618,Yüksek Risk,0.0007428604984913331,Düşük Risk,0.1416876518377797,Orta Risk,0.1488315466706616,Orta Risk,0.587591920486805,Yüksek Risk,0.5747524286541947,Yüksek Risk,0.16195904487714707,Yüksek Risk
GAZİOSMANPAŞA,KARADENİZ,GAZİOSMANPAŞA|KARADENİZ,2023,0.8881288892901235,Yüksek Risk,0.19225561696919122,Yüksek Risk,0.42839846508580615,Yüksek Risk,0.01505276828061062,Orta Risk,0.1618390995759436,Orta Risk,0.19225561696919122,Orta Risk,0.6255870178782619,Yüksek Risk,0.6198040451957955,Yüksek Risk,0.20398384385439247,Yüksek Risk
GAZİOSMANPAŞA,KARAYOLLARI,GAZİOSMANPAŞA|KARAYOLLARI,2023,0.8096864814726591,Yüksek Risk,0.1687704938380696,Yüksek Risk,0.40064815333773995,Yüksek Risk,0.0008582515595830411,Düşük Risk,0.15246294612737774,Orta Risk,0.1687704938380696,Orta Risk,0.5924843086235653,Yüksek Risk,0.5778908903958018,Yüksek Risk,0.182470496977661,Yüksek Risk
GAZİOSMANPAŞA,KARLITEPE,GAZİOSMANPAŞA|KARLITEPE,2023,0.5013116284262839,Yüksek Risk,0.11324096889112889,Orta Risk,0.2831454723675545,Yüksek Risk,0.0006689595159286509,Düşük Risk,0.11843679011671324,Orta Risk,0.11324096889112889,Orta Risk,0.5613128284339136,Yüksek Risk,0.5376046127088491,Yüksek Risk,0.12195612037720738,Orta Risk
GAZİOSMANPAŞA,KAZIM KARABEKİR,GAZİOSMANPAŞA|KAZIM KARABEKİR,2023,0.7565142902946557,Yüksek Risk,0.16247372348254227,Yüksek Risk,0.3790494283613186,Yüksek Risk,0.0008612047198163364,Düşük Risk,0.14466124885234785,Orta Risk,0.16247372348254227,Orta Risk,0.5967341031575782,Yüksek Risk,0.5821254160789161,Yüksek Risk,0.17708102605852544,Yüksek Risk
GAZİOSMANPAŞA,SARIYER MERKEZ,GAZİOSMANPAŞA|SARIYER MERKEZ,2023,0.32717973275944756,Orta Risk,0.08526869517406056,Orta Risk,0.20984317911872347,Orta Risk,0.01465352035793412,Orta Risk,0.07609272998562186,Düşük Risk,0.08526869517406056,Düşük Risk,0.572080821133771,Yüksek Risk,0.5401849423252136,Yüksek Risk,0.09668490380496053,Orta Risk
GAZİOSMANPAŞA,MEVLANA,GAZİOSMANPAŞA|MEVLANA,2023,0.5485405653293888,Yüksek Risk,0.12099229632324177,Yüksek Risk,0.2968993054462718,Yüksek Risk,0.0007477299194487454,Düşük Risk,0.12133232787375808,Orta Risk,0.12099229632324177,Orta Risk,0.5831316778503023,Yüksek Risk,0.5561530674098308,Yüksek Risk,0.13729940556006406,Yüksek Risk
GAZİOSMANPAŞA,PAZARİÇİ,GAZİOSMANPAŞA|PAZARİÇİ,2023,0.1968880264622958,Düşük Risk,0.04854544701810799,Düşük Risk,0.13880082658670817,Düşük Risk,0.00023495070411115216,Düşük Risk,0.04307388136331999,Düşük Risk,0.04854544701810799,Düşük Risk,0.49072822376291914,Orta Risk,0.44196812678794944,Orta Risk,0.05810674014883632,Düşük Risk
GAZİOSMANPAŞA,SARIGÖL,GAZİOSMANPAŞA|SARIGÖL,2023,0.6011593696348805,Yüksek Risk,0.1289758863179782,Yüksek Risk,0.3158661958329315,Yüksek Risk,0.0007278288461243541,Düşük Risk,0.1269192039522259,Orta Risk,0.1289758863179782,Orta Risk,0.5683141297602279,Yüksek Risk,0.5415166006892876,Yüksek Risk,0.14010914019141746,Yüksek Risk
GAZİOSMANPAŞA,SEYMEN MAHALLE,GAZİOSMANPAŞA|SEYMEN MAHALLE,2023,0.7546570537443154,Yüksek Risk,0.1573610155673928,Yüksek Risk,0.3769897743351621,Yüksek Risk,0.0008374711421221367,Düşük Risk,0.14466958460360224,Orta Risk,0.1573610155673928,Orta Risk,0.5870618547947137,Yüksek Risk,0.570142334364969,Yüksek Risk,0.17363233679097842,Yüksek Risk
GAZİOSMANPAŞA,SEYİTNİZAM,GAZİOSMANPAŞA|SEYİTNİZAM,2023,0.41229580575805225,Orta Risk,0.09727169772440464,Orta Risk,0.2468454463215645,Orta Risk,0.0007384480173172549,Düşük Risk,0.11328050365798453,Orta Risk,0.09727169772440464,Orta Risk,0.5511315711280048,Yüksek Risk,0.5206887928450123,Yüksek Risk,0.10770431714931786,Orta Risk
GAZİOSMANPAŞA,YILDIZTABYA,GAZİOSMANPAŞA|YILDIZTABYA,2023,0.38970591651834763,Orta Risk,0.08484644513000113,Orta Risk,0.21623385791554128,Orta Risk,0.0006527810835318371,Düşük Risk,0.07769610865029479,Düşük Risk,0.08484644513000113,Düşük Risk,0.5346416910810812,Yüksek Risk,0.49500474282061474,Yüksek Risk,0.0979307079521168,Orta Risk
GAZİOSMANPAŞA,ŞEMSİPAŞA,GAZİOSMANPAŞA|ŞEMSİPAŞA,2023,0.47529215720072565,Yüksek Risk,0.10547413264042975,Orta Risk,0.2632169986145863,Yüksek Risk,0.0005578292090847067,Düşük Risk,0.1155996054220023,Orta Risk,0.10547413264042975,Orta Risk,0.553651013397083,Yüksek Risk,0.5171655481696307,Yüksek Risk,0.11768034548425954,Orta Risk
GÜNGÖREN,ABDURRAHMAN NAFİZ GÜRMAN,GÜNGÖREN|ABDURRAHMAN NAFİZ GÜRMAN,2023,0.439488318076363,Orta Risk,0.11429344779280168,Orta Risk,0.2880851653756186,Yüksek Risk,0.0004305998252866204,Düşük Risk,0.11851246066455783,Orta Risk,0.11429344779280168,Orta Risk,0.5757841838581021,Yüksek Risk,0.5482793460466613,Yüksek Risk,0.12196584374779768,Orta Risk
GÜNGÖREN,AKINCILAR,GÜNGÖREN|AKINCILAR,2023,0.14051719922929193,Düşük Risk,0.03681358968098927,Düşük Risk,0.11234057900149579,Düşük Risk,0.00014583637176470866,Düşük Risk,0.03331837907646019,Düşük Risk,0.03681358968098927,Düşük Risk,0.4371216387918019,Orta Risk,0.3861970259678617,Orta Risk,0.0423872128402922,Düşük Risk
GÜNGÖREN,GENÇOSMAN,GÜNGÖREN|GENÇOSMAN,2023,0.41503155699358185,Orta Risk,0.10368818197639972,Orta Risk,0.25033670746826464,Orta Risk,0.0006245109615323208,Düşük Risk,0.08699593902685765,Orta Risk,0.10368818197639972,Düşük Risk,0.5814001936129896,Yüksek Risk,0.5515889669459937,Yüksek Risk,0.1134626022730691,Orta Risk
GÜNGÖREN,GÜNEŞTEPE,GÜNGÖREN|GÜNEŞTEPE,2023,0.2140719081742361,Düşük Risk,0.054795725537956766,Düşük Risk,0.1481091815739514,Orta Risk,0.0005091429536906759,Düşük Risk,0.0484576699032112,Düşük Risk,0.054795725537956766,Düşük Risk,0.4820823107729367,Orta Risk,0.4449393297454185,Orta Risk,0.06138574944132471,Düşük Risk
GÜNGÖREN,GÜVEN,GÜNGÖREN|GÜVEN,2023,0.14525577862335776,Düşük Risk,0.03691498874768197,Düşük Risk,0.1164835677559217,Düşük Risk,0.00017827264194384621,Düşük Risk,0.03144028752538841,Düşük Risk,0.03691498874768197,Düşük Risk,0.4649289256816939,Orta Risk,0.4045390780948459,Orta Risk,0.045922575104585056,Düşük Risk
GÜNGÖREN,HAZNEDAR,GÜNGÖREN|HAZNEDAR,2023,0.15527054193211884,Düşük Risk,0.04288925889294489,Düşük Risk,0.12434968326332986,Düşük Risk,0.00038615677268289956,Düşük Risk,0.035079690652959614,Düşük Risk,0.04288925889294489,Düşük Risk,0.49486001652653294,Orta Risk,0.43964448994574373,Orta Risk,0.05262807420614723,Düşük Risk
GÜNGÖREN,MAREŞAL ÇAKMAK,GÜNGÖREN|MAREŞAL ÇAKMAK,2023,0.2101893386049582,Düşük Risk,0.05150471346621483,Düşük Risk,0.14255887234854694,Orta Risk,0.0003867958321264998,Düşük Risk,0.047886953284692974,Düşük Risk,0.05150471346621483,Düşük Risk,0.46928911012426633,Orta Risk,0.41769719172822656,Orta Risk,0.06027289250356145,Düşük Risk
GÜNGÖREN,MEHMET NESİH ÖZMEN,GÜNGÖREN|MEHMET NESİH ÖZMEN,2023,0.3050831615231445,Orta Risk,0.07694405205321855,Orta Risk,0.20758927371925712,Orta Risk,0.000708318340325119,Düşük Risk,0.07132092559283462,Düşük Risk,0.07694405205321855,Düşük Risk,0.547541801090832,Yüksek Risk,0.5170094794518569,Yüksek Risk,0.08438586983997168,Orta Risk
GÜNGÖREN,SARIYER MERKEZ,GÜNGÖREN|SARIYER MERKEZ,2023,0.29470780615213177,Orta Risk,0.07425708167236882,Orta Risk,0.18327734048627187,Orta Risk,0.0005011065304795857,Düşük Risk,0.06389150498002523,Düşük Risk,0.07425708167236882,Düşük Risk,0.5284029994049039,Yüksek Risk,0.4911265593786542,Yüksek Risk,0.08162025641085502,Orta Risk
GÜNGÖREN,SANAYİ,GÜNGÖREN|SANAYİ,2023,0.27529958269853083,Orta Risk,0.06517086630034387,Orta Risk,0.17688865379463262,Orta Risk,0.008090354698436667,Orta Risk,0.0630976756450716,Düşük Risk,0.06517086630034387,Düşük Risk,0.5337433833597119,Yüksek Risk,0.49600724037253563,Yüksek Risk,0.0728452539082747,Orta Risk
GÜNGÖREN,TOZKOPARAN,GÜNGÖREN|TOZKOPARAN,2023,0.4675229163638346,Orta Risk,0.11138949382295403,Orta Risk,0.2790176817157309,Yüksek Risk,0.009329398778851227,Orta Risk,0.11684753019247482,Orta Risk,0.11138949382295403,Orta Risk,0.576839544665254,Yüksek Risk,0.570970203408947,Yüksek Risk,0.11324993611299916,Orta Risk
KADIKÖY,19 MAYIS,KADIKÖY|19 MAYIS,2023,0.2892468989162184,Orta Risk,0.07724754861060872,Orta Risk,0.20321122040062864,Orta Risk,0.0006181033540937148,Düşük Risk,0.06453063848835605,Düşük Risk,0.07724754861060872,Düşük Risk,0.5634011427569016,Yüksek Risk,0.5218299336599338,Yüksek Risk,0.0969312907934926,Orta Risk
KADIKÖY,ACIBADEM,KADIKÖY|ACIBADEM,2023,0.5864528175183134,Yüksek Risk,0.1395315379840955,Yüksek Risk,0.34254260459831226,Yüksek Risk,0.014926433599634843,Orta Risk,0.11982891572974937,Orta Risk,0.1395315379840955,Orta Risk,0.6184224252391993,Yüksek Risk,0.6142239525450487,Yüksek Risk,0.1497832817596595,Yüksek Risk
KADIKÖY,BOSTANCI,KADIKÖY|BOSTANCI,2023,0.5366393817483259,Yüksek Risk,0.12383729722183677,Yüksek Risk,0.30966127581370484,Yüksek Risk,0.0008618971176702112,Düşük Risk,0.10675990792623449,Orta Risk,0.12383729722183677,Orta Risk,0.589434791453779,Yüksek Risk,0.5717063676394534,Yüksek Risk,0.13847914193044472,Yüksek Risk
KADIKÖY,CADDEBOSTAN,KADIKÖY|CADDEBOSTAN,2023,0.2710613804323829,Orta Risk,0.07444844181790618,Orta Risk,0.2059200920784425,Orta Risk,0.0013279955983144405,Düşük Risk,0.06628324316157129,Düşük Risk,0.07444844181790618,Düşük Risk,0.5665897399156931,Yüksek Risk,0.5318154680808814,Yüksek Risk,0.0923276821764512,Orta Risk
KADIKÖY,CAFERAĞA,KADIKÖY|CAFERAĞA,2023,0.5733355931021644,Yüksek Risk,0.140988332314615,Yüksek Risk,0.34633166758457146,Yüksek Risk,0.0009543228406583617,Düşük Risk,0.12786169588286722,Orta Risk,0.140988332314615,Orta Risk,0.5981790774729857,Yüksek Risk,0.6010959004721091,Yüksek Risk,0.1482190533705516,Yüksek Risk
KADIKÖY,DUMLUPINAR,KADIKÖY|DUMLUPINAR,2023,0.23968326062729584,Orta Risk,0.07026344075363442,Orta Risk,0.19637814531908587,Orta Risk,0.0008123700884609283,Düşük Risk,0.05703491100072513,Düşük Risk,0.07026344075363442,Düşük Risk,0.5745553742158307,Yüksek Risk,0.5374214047465377,Yüksek Risk,0.0884448041951878,Orta Risk
KADIKÖY,ERENKÖY,KADIKÖY|ERENKÖY,2023,0.6150126256791124,Yüksek Risk,0.13970523359009288,Yüksek Risk,0.3511549065422928,Yüksek Risk,0.0008542846572082216,Düşük Risk,0.13058231145236024,Orta Risk,0.13970523359009288,Orta Risk,0.6054131745154897,Yüksek Risk,0.5938569517451325,Yüksek Risk,0.15473623144679696,Yüksek Risk
KADIKÖY,EĞİTİM,KADIKÖY|EĞİTİM,2023,0.30059604354306435,Orta Risk,0.07371644366706219,Orta Risk,0.20682282575343056,Orta Risk,0.0008699102334878432,Düşük Risk,0.07191008715712073,Düşük Risk,0.07371644366706219,Düşük Risk,0.5428540382341354,Yüksek Risk,0.5079967018214498,Yüksek Risk,0.08896813293219713,Orta Risk
KADIKÖY,FENERBAHÇE,KADIKÖY|FENERBAHÇE,2023,0.33476434239128905,Orta Risk,0.07820352801533947,Orta Risk,0.21710694558851823,Orta Risk,0.0007325805808365476,Düşük Risk,0.06922019894566721,Düşük Risk,0.07820352801533947,Düşük Risk,0.5468200467563546,Yüksek Risk,0.5156456555541806,Yüksek Risk,0.09238300007064909,Orta Risk
KADIKÖY,FENERYOLU,KADIKÖY|FENERYOLU,2023,0.6033784855250016,Yüksek Risk,0.14626361552671835,Yüksek Risk,0.36141724811581216,Yüksek Risk,0.0009517713938386906,Düşük Risk,0.13542304024515026,Orta Risk,0.14626361552671835,Orta Risk,0.6033062839391545,Yüksek Risk,0.5958980158488631,Yüksek Risk,0.16060435895302153,Yüksek Risk
KADIKÖY,FİKİRTEPE,KADIKÖY|FİKİRTEPE,2023,0.30790408416241105,Orta Risk,0.06950729552986429,Orta Risk,0.2041516037004952,Orta Risk,0.00031012730063712657,Düşük Risk,0.06560485166830711,Düşük Risk,0.06950729552986429,Düşük Risk,0.5192506551366561,Yüksek Risk,0.47855004146270624,Orta Risk,0.08481790888981733,Orta Risk
KADIKÖY,GÖZTEPE,KADIKÖY|GÖZTEPE,2023,0.645780445486293,Yüksek Risk,0.16049966374507346,Yüksek Risk,0.38022186342317355,Yüksek Risk,0.0009300746458188336,Düşük Risk,0.1396280902174211,Orta Risk,0.16049966374507346,Orta Risk,0.6224714794652776,Yüksek Risk,0.61975797746449,Yüksek Risk,0.17561388391772545,Yüksek Risk
KADIKÖY,HASANPAŞA,KADIKÖY|HASANPAŞA,2023,0.41117643677814125,Orta Risk,0.10722379851177796,Orta Risk,0.2707039011362826,Yüksek Risk,0.0018746475119416869,Düşük Risk,0.09659371036073784,Orta Risk,0.10722379851177796,Düşük Risk,0.5922171665623033,Yüksek Risk,0.563895544550946,Yüksek Risk,0.12178367579737798,Orta Risk
KADIKÖY,KOZYATAĞI,KADIKÖY|KOZYATAĞI,2023,0.38710735659259315,Orta Risk,0.09032238343047198,Orta Risk,0.23690251167001491,Orta Risk,0.0007062506022142539,Düşük Risk,0.08198135568250671,Orta Risk,0.09032238343047198,Düşük Risk,0.5557512566872022,Yüksek Risk,0.5284360476899013,Yüksek Risk,0.10723143977683519,Orta Risk
KADIKÖY,KOŞUYOLU,KADIKÖY|KOŞUYOLU,2023,0.16323576297945172,Düşük Risk,0.04691397097146716,Düşük Risk,0.14872195478670486,Orta Risk,0.0007647491209276194,Düşük Risk,0.04281985164703143,Düşük Risk,0.04691397097146716,Düşük Risk,0.4978297388399109,Orta Risk,0.456056159519578,Orta Risk,0.05829993746661251,Düşük Risk
KADIKÖY,MERDİVENKÖY,KADIKÖY|MERDİVENKÖY,2023,0.6664668853832904,Yüksek Risk,0.15147379091125007,Yüksek Risk,0.37405008111856025,Yüksek Risk,0.000950160228217083,Düşük Risk,0.13665450918124344,Orta Risk,0.15147379091125007,Orta Risk,0.6186269074791285,Yüksek Risk,0.6035500718951625,Yüksek Risk,0.1689993083651012,Yüksek Risk
KADIKÖY,OSMANAĞA,KADIKÖY|OSMANAĞA,2023,0.4270551533336173,Orta Risk,0.09912582718876004,Orta Risk,0.26712860915917164,Yüksek Risk,0.0010676779787910614,Düşük Risk,0.09740571658517516,Orta Risk,0.09912582718876004,Orta Risk,0.5731921970239925,Yüksek Risk,0.5503293784676597,Yüksek Risk,0.11061104816095242,Orta Risk
KADIKÖY,RASİMPAŞA,KADIKÖY|RASİMPAŞA,2023,0.2494298162295125,Orta Risk,0.06393788833222694,Orta Risk,0.18668758016897577,Orta Risk,0.007990163818778706,Orta Risk,0.05385619746102124,Düşük Risk,0.06393788833222694,Düşük Risk,0.5504891607758329,Yüksek Risk,0.5138251796600397,Yüksek Risk,0.07886027421888817,Orta Risk
KADIKÖY,SAHRAYICEDİT,KADIKÖY|SAHRAYICEDİT,2023,0.3280200037002011,Orta Risk,0.08001457364857761,Orta Risk,0.21350009672422224,Orta Risk,0.0006885933947804343,Düşük Risk,0.07213191219153095,Düşük Risk,0.08001457364857761,Düşük Risk,0.5567789703781244,Yüksek Risk,0.5168639289331105,Yüksek Risk,0.09796241284723632,Orta Risk
KADIKÖY,SUADİYE,KADIKÖY|SUADİYE,2023,0.4584802156733846,Orta Risk,0.10581737757453497,Orta Risk,0.2753599384141029,Yüksek Risk,0.0008266470015581153,Düşük Risk,0.0938934500158127,Orta Risk,0.10581737757453497,Orta Risk,0.580410285977371,Yüksek Risk,0.5572552622211373,Yüksek Risk,0.12121120134097714,Orta Risk
KADIKÖY,ZÜHTÜPAŞA,KADIKÖY|ZÜHTÜPAŞA,2023,0.40240281256037014,Orta Risk,0.0971163120767301,Orta Risk,0.2673358242137059,Yüksek Risk,0.0007431812305282263,Düşük Risk,0.11266386006704712,Orta Risk,0.0971163120767301,Orta Risk,0.5795945723796907,Yüksek Risk,0.5438348791147144,Yüksek Risk,0.1147497317247996,Orta Risk
KARTAL,ATALAR,KARTAL|ATALAR,2023,0.18879625263097788,Düşük Risk,0.05800968679801887,Düşük Risk,0.1609006216723563,Orta Risk,0.00048379124630536214,Düşük Risk,0.04755815055945723,Düşük Risk,0.05800968679801887,Düşük Risk,0.5034876564365762,Orta Risk,0.47704371411207713,Orta Risk,0.06506112434529576,Düşük Risk
KARTAL,CEVİZLİ,KARTAL|CEVİZLİ,2023,0.5071390459189344,Yüksek Risk,0.12881627292398298,Yüksek Risk,0.3197339286862988,Yüksek Risk,0.007825354295074916,Orta Risk,0.12196063546784147,Orta Risk,0.12881627292398298,Orta Risk,0.6168564249035664,Yüksek Risk,0.6085133958901802,Yüksek Risk,0.13510940202885618,Yüksek Risk
KARTAL,CUMHURİYET,KARTAL|CUMHURİYET,2023,0.3829595010083219,Orta Risk,0.09700972180074152,Orta Risk,0.24421992856369515,Orta Risk,0.013948984715401923,Orta Risk,0.0808197261438772,Orta Risk,0.09700972180074152,Düşük Risk,0.6003449262435985,Yüksek Risk,0.5806262119634565,Yüksek Risk,0.10545268165631475,Orta Risk
KARTAL,ESENTEPE,KARTAL|ESENTEPE,2023,0.2408847707620047,Orta Risk,0.09278245825605766,Orta Risk,0.19925104495073936,Orta Risk,0.015555009687836956,Orta Risk,0.07203097591516582,Düşük Risk,0.09278245825605766,Düşük Risk,0.6025161388560162,Yüksek Risk,0.5776710266292161,Yüksek Risk,0.10143088776519493,Orta Risk
KARTAL,GÜMÜŞPINAR,KARTAL|GÜMÜŞPINAR,2023,0.20527491150140248,Düşük Risk,0.062300604281775335,Orta Risk,0.1662963269497018,Orta Risk,0.0016812005995797239,Düşük Risk,0.05409000305140121,Düşük Risk,0.062300604281775335,Düşük Risk,0.5240105740134244,Yüksek Risk,0.48646733856337704,Orta Risk,0.0681650986244727,Düşük Risk
KARTAL,HÜRRİYET,KARTAL|HÜRRİYET,2023,0.71438589511778,Yüksek Risk,0.15694939181104203,Yüksek Risk,0.37886764842420384,Yüksek Risk,0.00910137017414285,Orta Risk,0.13409379186362158,Orta Risk,0.15694939181104203,Orta Risk,0.6054322347556652,Yüksek Risk,0.603128252759486,Yüksek Risk,0.16440557950324616,Yüksek Risk
KARTAL,KARLIKTEPE,KARTAL|KARLIKTEPE,2023,0.2116728637492307,Düşük Risk,0.05556481172496522,Düşük Risk,0.15474288085567744,Orta Risk,0.004962952993391806,Düşük Risk,0.04773363881870054,Düşük Risk,0.05556481172496522,Düşük Risk,0.495547311785514,Orta Risk,0.46560227290648437,Orta Risk,0.06063077713888111,Düşük Risk
KARTAL,KORDONBOYU,KARTAL|KORDONBOYU,2023,0.1305926762225283,Düşük Risk,0.03574855432220241,Düşük Risk,0.12193442743315967,Düşük Risk,0.00017970973802828918,Düşük Risk,0.02967279182501518,Düşük Risk,0.03574855432220241,Düşük Risk,0.47427933756556456,Orta Risk,0.4104991241139155,Orta Risk,0.044590928361111434,Düşük Risk
KARTAL,ORHANTEPE,KARTAL|ORHANTEPE,2023,0.5534522975007622,Yüksek Risk,0.1277345817862278,Yüksek Risk,0.3223831433753165,Yüksek Risk,0.0007910996281029518,Düşük Risk,0.12305127035779541,Orta Risk,0.1277345817862278,Orta Risk,0.5891391176068013,Yüksek Risk,0.5830461028173488,Yüksek Risk,0.13229578467459646,Yüksek Risk
KARTAL,ORTA,KARTAL|ORTA,2023,0.16006132639228698,Düşük Risk,0.040580697089493994,Düşük Risk,0.13022628500163078,Düşük Risk,0.00014797224890500873,Düşük Risk,0.039061820255092514,Düşük Risk,0.040580697089493994,Düşük Risk,0.4205497032321412,Orta Risk,0.3524580837080546,Orta Risk,0.049126559115532875,Düşük Risk
KARTAL,PETROL İŞ,KARTAL|PETROL İŞ,2023,0.16477925487136863,Düşük Risk,0.05555427551075094,Düşük Risk,0.15262959737482157,Orta Risk,0.0004677122810366594,Düşük Risk,0.04568929829730506,Düşük Risk,0.05555427551075094,Düşük Risk,0.4982225059333089,Orta Risk,0.47280406338858755,Orta Risk,0.060941644898936415,Düşük Risk
KARTAL,SOĞANLIK YENİ,KARTAL|SOĞANLIK YENİ,2023,0.14452217871239903,Düşük Risk,0.04360699444835443,Düşük Risk,0.13484689055928273,Düşük Risk,0.0008739662863379897,Düşük Risk,0.03854799469579951,Düşük Risk,0.04360699444835443,Düşük Risk,0.48778351684342836,Orta Risk,0.44839640425051364,Orta Risk,0.050054991164540034,Düşük Risk
KARTAL,TOPSELVİ,KARTAL|TOPSELVİ,2023,0.21021667610742517,Düşük Risk,0.05833532149039215,Düşük Risk,0.16895708731643536,Orta Risk,0.011000379380298558,Orta Risk,0.0463131890007507,Düşük Risk,0.05833532149039215,Düşük Risk,0.54423035141446,Yüksek Risk,0.5182341633211487,Yüksek Risk,0.06605708346511376,Düşük Risk
KARTAL,UĞUR MUMCU,KARTAL|UĞUR MUMCU,2023,0.26000434586106347,Orta Risk,0.07198782722075205,Orta Risk,0.18771919145974536,Orta Risk,0.0003712408978528546,Düşük Risk,0.06059199279396165,Düşük Risk,0.07198782722075205,Düşük Risk,0.5367856946560386,Yüksek Risk,0.50729064218663,Yüksek Risk,0.07675166138338656,Orta Risk
KARTAL,YAKACIK YENİ,KARTAL|YAKACIK YENİ,2023,0.2661797813649456,Orta Risk,0.06590208357178862,Orta Risk,0.18851948476629604,Orta Risk,0.0005551235222690583,Düşük Risk,0.05633606591778001,Düşük Risk,0.06590208357178862,Düşük Risk,0.5442208893370939,Yüksek Risk,0.5048545956601558,Yüksek Risk,0.07485825565661565,Orta Risk
KARTAL,YAKACIK ÇARŞI,KARTAL|YAKACIK ÇARŞI,2023,0.2716249629657096,Orta Risk,0.07466441960295157,Orta Risk,0.20148068229709665,Orta Risk,0.0068455459358124585,Düşük Risk,0.060600468974360895,Düşük Risk,0.07466441960295157,Düşük Risk,0.5784244847576923,Yüksek Risk,0.5429602446461818,Yüksek Risk,0.0878025903334878,Orta Risk
KARTAL,YALI,KARTAL|YALI,2023,0.14120550831897077,Düşük Risk,0.04143201210329673,Düşük Risk,0.1367847810141845,Düşük Risk,0.004743694889829778,Düşük Risk,0.03534788225566357,Düşük Risk,0.04143201210329673,Düşük Risk,0.48257286799831983,Orta Risk,0.4461991788601109,Orta Risk,0.048275943515356426,Düşük Risk
KARTAL,YUKARI,KARTAL|YUKARI,2023,0.05182426463202116,Düşük Risk,0.018894469688655366,Düşük Risk,0.08739056419071997,Düşük Risk,0.00011282781807703921,Düşük Risk,0.017348420639583577,Düşük Risk,0.018894469688655366,Düşük Risk,0.36512311103750117,Düşük Risk,0.29597152326625903,Düşük Risk,0.024353461926207746,Düşük Risk
KARTAL,YUNUS,KARTAL|YUNUS,2023,0.15544541375632642,Düşük Risk,0.04792884724760196,Düşük Risk,0.1402068142014538,Orta Risk,0.008267646780744268,Orta Risk,0.03670994172961563,Düşük Risk,0.04792884724760196,Düşük Risk,0.524353978745742,Orta Risk,0.4878067884502708,Orta Risk,0.05505494851791963,Düşük Risk
KARTAL,ÇAVUŞOĞLU,KARTAL|ÇAVUŞOĞLU,2023,0.14386797225521056,Düşük Risk,0.04907113152771962,Düşük Risk,0.13499614603800997,Düşük Risk,0.010643164412296112,Orta Risk,0.037276515299112876,Düşük Risk,0.04907113152771962,Düşük Risk,0.5082986385196187,Orta Risk,0.4802014524013212,Orta Risk,0.055435937976771835,Düşük Risk
KAĞITHANE,EMNİYET EVLERİ,KAĞITHANE|EMNİYET EVLERİ,2023,0.3946892343053122,Orta Risk,0.09509128980917267,Orta Risk,0.2513757237034494,Orta Risk,0.0002587632006000915,Düşük Risk,0.1129682389563841,Orta Risk,0.09509128980917267,Orta Risk,0.5104731377129483,Yüksek Risk,0.5019000550051778,Yüksek Risk,0.10075313160290257,Orta Risk
KAĞITHANE,GÜLTEPE,KAĞITHANE|GÜLTEPE,2023,0.419327687717491,Orta Risk,0.09708929778074915,Orta Risk,0.25341694368759077,Orta Risk,0.0005842825029716843,Düşük Risk,0.11297426042745544,Orta Risk,0.09708929778074915,Orta Risk,0.5496223266401529,Yüksek Risk,0.5160591434961361,Yüksek Risk,0.1042163654714715,Orta Risk
KAĞITHANE,GÜRSEL,KAĞITHANE|GÜRSEL,2023,0.5938259658931874,Yüksek Risk,0.13016228354934992,Yüksek Risk,0.3218250827854932,Yüksek Risk,0.0007545912303143979,Düşük Risk,0.12610552704302413,Orta Risk,0.13016228354934992,Orta Risk,0.5830188096437016,Yüksek Risk,0.5641987090543203,Yüksek Risk,0.1398475762660402,Yüksek Risk
KAĞITHANE,HAMİDİYE,KAĞITHANE|HAMİDİYE,2023,0.6925811855299051,Yüksek Risk,0.16395874471655986,Yüksek Risk,0.3838475327547365,Yüksek Risk,0.0007336959413097114,Düşük Risk,0.1441951637015157,Orta Risk,0.16395874471655986,Orta Risk,0.6159513254927496,Yüksek Risk,0.6047306923945639,Yüksek Risk,0.17426546293087866,Yüksek Risk
KAĞITHANE,HARMANTEPE,KAĞITHANE|HARMANTEPE,2023,0.5136222335744518,Yüksek Risk,0.11518302705382673,Orta Risk,0.29336923272146537,Yüksek Risk,0.0006370201746759103,Düşük Risk,0.11935787321000388,Orta Risk,0.11518302705382673,Orta Risk,0.5756126748868812,Yüksek Risk,0.5479060105334316,Yüksek Risk,0.12438793812325148,Orta Risk
KAĞITHANE,HÜRRİYET,KAĞITHANE|HÜRRİYET,2023,0.6707716530753999,Yüksek Risk,0.14678107780898786,Yüksek Risk,0.3670585747000159,Yüksek Risk,0.0008080202999893856,Düşük Risk,0.14093408785691938,Orta Risk,0.14678107780898786,Orta Risk,0.5900801466578438,Yüksek Risk,0.5835660746897346,Yüksek Risk,0.1531891569768288,Yüksek Risk
KAĞITHANE,MEHMET AKİF ERSOY,KAĞITHANE|MEHMET AKİF ERSOY,2023,0.36205053790038066,Orta Risk,0.08450281455098863,Orta Risk,0.22803239857979904,Orta Risk,0.0005715817007295333,Düşük Risk,0.08445528018052739,Orta Risk,0.08450281455098863,Orta Risk,0.5467211551874472,Yüksek Risk,0.5094931978551254,Yüksek Risk,0.0934519586542161,Orta Risk
KAĞITHANE,SARIYER MERKEZ,KAĞITHANE|SARIYER MERKEZ,2023,0.7556129321377978,Yüksek Risk,0.18140320571551966,Yüksek Risk,0.4153987846594759,Yüksek Risk,0.0009869762513689817,Düşük Risk,0.15538227142889405,Orta Risk,0.18140320571551966,Orta Risk,0.617467590760663,Yüksek Risk,0.610014980204767,Yüksek Risk,0.19135310941549405,Yüksek Risk
KAĞITHANE,NURTEPE,KAĞITHANE|NURTEPE,2023,0.5013782366885992,Yüksek Risk,0.11913258449974638,Orta Risk,0.29630403879453504,Yüksek Risk,0.0086773233848167,Orta Risk,0.10918043890820268,Orta Risk,0.11913258449974638,Orta Risk,0.590648665744231,Yüksek Risk,0.5771306838132692,Yüksek Risk,0.13463406276718365,Yüksek Risk
KAĞITHANE,ORTABAYIR,KAĞITHANE|ORTABAYIR,2023,0.5224278938265852,Yüksek Risk,0.12024274382855035,Orta Risk,0.3048134776224986,Yüksek Risk,0.0005942235854077809,Düşük Risk,0.12182994739344576,Orta Risk,0.12024274382855035,Orta Risk,0.5692499889022234,Yüksek Risk,0.5569062317200164,Yüksek Risk,0.12458870493471251,Orta Risk
KAĞITHANE,SEYRANTEPE,KAĞITHANE|SEYRANTEPE,2023,0.31655361903057455,Orta Risk,0.0754605969232335,Orta Risk,0.19560537766473604,Orta Risk,0.0006468074430309416,Düşük Risk,0.06430678322710093,Düşük Risk,0.0754605969232335,Düşük Risk,0.543365516277936,Yüksek Risk,0.5086968410027956,Yüksek Risk,0.08336902543946573,Orta Risk
KAĞITHANE,SULTAN SELİM,KAĞITHANE|SULTAN SELİM,2023,0.6906370519873648,Yüksek Risk,0.15442577600982624,Yüksek Risk,0.37773092598391256,Yüksek Risk,0.0006655087636966062,Düşük Risk,0.14273306490937707,Orta Risk,0.15442577600982624,Orta Risk,0.5950965076124614,Yüksek Risk,0.590138679993706,Yüksek Risk,0.15992462040529812,Yüksek Risk
KAĞITHANE,TALATPAŞA,KAĞITHANE|TALATPAŞA,2023,0.6491159755294312,Yüksek Risk,0.14155092272523007,Yüksek Risk,0.34792097456340065,Yüksek Risk,0.0007667233384716316,Düşük Risk,0.1332021933415703,Orta Risk,0.14155092272523007,Orta Risk,0.5873861820907083,Yüksek Risk,0.575324671882588,Yüksek Risk,0.14762116463873853,Yüksek Risk
KAĞITHANE,TELSİZLER,KAĞITHANE|TELSİZLER,2023,0.4436888655842702,Orta Risk,0.10508871957258133,Orta Risk,0.2728449887887128,Yüksek Risk,0.0006789039453309254,Düşük Risk,0.11525884123752174,Orta Risk,0.10508871957258133,Orta Risk,0.5630907128009035,Yüksek Risk,0.5452176363554107,Yüksek Risk,0.11028610262953711,Orta Risk
KAĞITHANE,YAHYA KEMAL,KAĞITHANE|YAHYA KEMAL,2023,0.4479962771167483,Orta Risk,0.10340864987883447,Orta Risk,0.2692837699614314,Yüksek Risk,0.001237158520796674,Düşük Risk,0.11598880886032376,Orta Risk,0.10340864987883447,Orta Risk,0.5674796486687421,Yüksek Risk,0.5349894046200334,Yüksek Risk,0.11453681185918488,Orta Risk
KAĞITHANE,YEŞİLCE,KAĞITHANE|YEŞİLCE,2023,0.42774147042096866,Orta Risk,0.1113911598742654,Orta Risk,0.27744591918687317,Yüksek Risk,0.007405026738440614,Orta Risk,0.11907310569012963,Orta Risk,0.1113911598742654,Orta Risk,0.5660450793483487,Yüksek Risk,0.5502056403462275,Yüksek Risk,0.11635928983269943,Orta Risk
KAĞITHANE,ÇAĞLAYAN,KAĞITHANE|ÇAĞLAYAN,2023,0.44902365881002754,Orta Risk,0.09858857166732252,Orta Risk,0.2501089272622824,Orta Risk,0.0006590057205114535,Düşük Risk,0.0882669274147137,Orta Risk,0.09858857166732252,Düşük Risk,0.5531707946693045,Yüksek Risk,0.5230865475197903,Yüksek Risk,0.10955017518662066,Orta Risk
KAĞITHANE,ÇELİKTEPE,KAĞITHANE|ÇELİKTEPE,2023,0.35125639182177626,Orta Risk,0.07986309805013073,Orta Risk,0.20803493313917493,Orta Risk,0.0004983740884116316,Düşük Risk,0.07645989776862222,Düşük Risk,0.07986309805013073,Düşük Risk,0.5112725060421338,Orta Risk,0.4779182442283317,Orta Risk,0.08593864214166516,Orta Risk
KAĞITHANE,ŞİRİNTEPE,KAĞITHANE|ŞİRİNTEPE,2023,0.5536869046866666,Yüksek Risk,0.12133889969345475,Yüksek Risk,0.3077781238038539,Yüksek Risk,0.00029817519866721763,Düşük Risk,0.12297664215379832,Orta Risk,0.12133889969345475,Orta Risk,0.5479574842161266,Yüksek Risk,0.529816997302895,Yüksek Risk,0.12771011238282456,Orta Risk
KÜÇÜKÇEKMECE,ATAKENT,KÜÇÜKÇEKMECE|ATAKENT,2023,0.8699322649340409,Yüksek Risk,0.24815856202828712,Yüksek Risk,0.49984347418637676,Yüksek Risk,0.0006766455416351957,Düşük Risk,0.20215336931101535,Orta Risk,0.24815856202828712,Orta Risk,0.632945925995175,Yüksek Risk,0.6427825925428818,Yüksek Risk,0.25922552318842884,Yüksek Risk
KÜÇÜKÇEKMECE,ATATÜRK,KÜÇÜKÇEKMECE|ATATÜRK,2023,0.6337604499006144,Yüksek Risk,0.13470943780055944,Yüksek Risk,0.3190341737744201,Yüksek Risk,0.012518481074082231,Orta Risk,0.1209103658540365,Orta Risk,0.13470943780055944,Orta Risk,0.57935701698372,Yüksek Risk,0.5586550445324374,Yüksek Risk,0.1494976539686093,Yüksek Risk
KÜÇÜKÇEKMECE,BEŞYOL,KÜÇÜKÇEKMECE|BEŞYOL,2023,0.07999671831105229,Düşük Risk,0.03552243393087723,Düşük Risk,0.10634838922881662,Düşük Risk,0.0005045992454206675,Düşük Risk,0.029017849517598053,Düşük Risk,0.03552243393087723,Düşük Risk,0.47648812274632973,Orta Risk,0.43332400580534247,Orta Risk,0.0419157184808566,Düşük Risk
KÜÇÜKÇEKMECE,CENNET,KÜÇÜKÇEKMECE|CENNET,2023,0.33602359642411944,Orta Risk,0.08318338465597108,Orta Risk,0.2051975570367488,Orta Risk,0.0006713157330135199,Düşük Risk,0.07215417767438587,Düşük Risk,0.08318338465597108,Düşük Risk,0.5378057331123399,Yüksek Risk,0.512188477360355,Yüksek Risk,0.09034052912536972,Orta Risk
KÜÇÜKÇEKMECE,CUMHURİYET,KÜÇÜKÇEKMECE|CUMHURİYET,2023,0.3950803531504237,Orta Risk,0.09002261242183142,Orta Risk,0.21441592115395536,Orta Risk,0.0005615046520105215,Düşük Risk,0.08396862359525116,Orta Risk,0.09002261242183142,Düşük Risk,0.5162112818241308,Orta Risk,0.48500356798561645,Orta Risk,0.10089630919022713,Orta Risk
KÜÇÜKÇEKMECE,FATİH,KÜÇÜKÇEKMECE|FATİH,2023,0.20760985823042982,Düşük Risk,0.05368218756192484,Düşük Risk,0.14907825779453876,Orta Risk,0.0012520692491481721,Düşük Risk,0.05213125392114308,Düşük Risk,0.05368218756192484,Düşük Risk,0.49828072522762595,Orta Risk,0.45038152916260177,Orta Risk,0.06685836158765729,Düşük Risk
KÜÇÜKÇEKMECE,FEVZİ ÇAKMAK,KÜÇÜKÇEKMECE|FEVZİ ÇAKMAK,2023,0.3604857045179213,Orta Risk,0.08875875071364617,Orta Risk,0.23634682055020315,Orta Risk,0.010294423867076354,Orta Risk,0.09582472602640019,Orta Risk,0.08875875071364617,Düşük Risk,0.5432180999373514,Yüksek Risk,0.5146195625579187,Yüksek Risk,0.10083970536680695,Orta Risk
KÜÇÜKÇEKMECE,GÜLTEPE,KÜÇÜKÇEKMECE|GÜLTEPE,2023,0.22303185883522308,Orta Risk,0.05929075505500213,Düşük Risk,0.15551530363862595,Orta Risk,0.00043821476974920706,Düşük Risk,0.05374417469049269,Düşük Risk,0.05929075505500213,Düşük Risk,0.47992848312294784,Orta Risk,0.44062028975740763,Orta Risk,0.06649494098294122,Düşük Risk
KÜÇÜKÇEKMECE,HALKALI MERKEZ,KÜÇÜKÇEKMECE|HALKALI MERKEZ,2023,0.9070293206054446,Yüksek Risk,0.1996348751236099,Yüksek Risk,0.4488188361185642,Yüksek Risk,0.0008056774682647544,Düşük Risk,0.16485827528934843,Orta Risk,0.1996348751236099,Orta Risk,0.6211223138122459,Yüksek Risk,0.6149411240653327,Yüksek Risk,0.21303597431714846,Yüksek Risk
KÜÇÜKÇEKMECE,KANARYA,KÜÇÜKÇEKMECE|KANARYA,2023,0.8706353652425233,Yüksek Risk,0.17979299776539023,Yüksek Risk,0.42186416825092177,Yüksek Risk,0.0007263386840637393,Düşük Risk,0.1578156230319784,Orta Risk,0.17979299776539023,Orta Risk,0.5844792479765833,Yüksek Risk,0.5757134459687618,Yüksek Risk,0.18876143594777361,Yüksek Risk
KÜÇÜKÇEKMECE,KARTALTEPE,KÜÇÜKÇEKMECE|KARTALTEPE,2023,0.19169566427192491,Düşük Risk,0.04795848632207191,Düşük Risk,0.13683555629743252,Düşük Risk,0.000565252140318384,Düşük Risk,0.04176268720577916,Düşük Risk,0.04795848632207191,Düşük Risk,0.48885935054080876,Orta Risk,0.4451898854946794,Orta Risk,0.05770631950309395,Düşük Risk
KÜÇÜKÇEKMECE,KEMALPAŞA,KÜÇÜKÇEKMECE|KEMALPAŞA,2023,0.1630100043450144,Düşük Risk,0.051193452113755075,Düşük Risk,0.14002658717778463,Orta Risk,0.0005704173948027766,Düşük Risk,0.04189785959636126,Düşük Risk,0.051193452113755075,Düşük Risk,0.5024910897671829,Orta Risk,0.4675824315244304,Orta Risk,0.06005865742285774,Düşük Risk
KÜÇÜKÇEKMECE,MEHMET AKİF,KÜÇÜKÇEKMECE|MEHMET AKİF,2023,0.6668604688020556,Yüksek Risk,0.1420325547717009,Yüksek Risk,0.3330292708490071,Yüksek Risk,0.010196605720663174,Orta Risk,0.1267203108825921,Orta Risk,0.1420325547717009,Orta Risk,0.5750985101410622,Yüksek Risk,0.565265570771226,Yüksek Risk,0.15372123355635323,Yüksek Risk
KÜÇÜKÇEKMECE,SULTAN MURAT,KÜÇÜKÇEKMECE|SULTAN MURAT,2023,0.22530182733672377,Orta Risk,0.05947027161900077,Düşük Risk,0.16605282931233895,Orta Risk,0.0004956530621651166,Düşük Risk,0.05219637004908135,Düşük Risk,0.05947027161900077,Düşük Risk,0.5233677077457999,Yüksek Risk,0.48025997192005465,Orta Risk,0.0709987674660883,Orta Risk
KÜÇÜKÇEKMECE,SÖĞÜTLÜ ÇEŞME,KÜÇÜKÇEKMECE|SÖĞÜTLÜ ÇEŞME,2023,0.45031384020899734,Orta Risk,0.10656466012329203,Orta Risk,0.2552397248645309,Yüksek Risk,0.008137488408377193,Orta Risk,0.0957255509628709,Orta Risk,0.10656466012329203,Düşük Risk,0.5742013835037831,Yüksek Risk,0.5456222204427204,Yüksek Risk,0.12361513484043415,Orta Risk
KÜÇÜKÇEKMECE,TEVFİKBEY,KÜÇÜKÇEKMECE|TEVFİKBEY,2023,0.7635243192931407,Yüksek Risk,0.16134529225708583,Yüksek Risk,0.3907801391822042,Yüksek Risk,0.008879750383295922,Orta Risk,0.1476732077913869,Orta Risk,0.16134529225708583,Orta Risk,0.5934793698662143,Yüksek Risk,0.5869641939876251,Yüksek Risk,0.1701667235542524,Yüksek Risk
KÜÇÜKÇEKMECE,YARIMBURGAZ,KÜÇÜKÇEKMECE|YARIMBURGAZ,2023,0.19890779444963294,Düşük Risk,0.048642519379221864,Düşük Risk,0.1376641757992977,Düşük Risk,0.003999091162254183,Düşük Risk,0.047051123978282615,Düşük Risk,0.048642519379221864,Düşük Risk,0.4809316490850013,Orta Risk,0.42823841731481943,Orta Risk,0.06356477156277628,Düşük Risk
KÜÇÜKÇEKMECE,SEYMEN MAHALLE,KÜÇÜKÇEKMECE|SEYMEN MAHALLE,2023,0.2356537813224579,Orta Risk,0.05663689823111269,Düşük Risk,0.15431368068114185,Orta Risk,0.0005697400653030992,Düşük Risk,0.050064488608746356,Düşük Risk,0.05663689823111269,Düşük Risk,0.5017837435741358,Orta Risk,0.4595729148844741,Orta Risk,0.06741913959141714,Düşük Risk
KÜÇÜKÇEKMECE,YEŞİLOVA,KÜÇÜKÇEKMECE|YEŞİLOVA,2023,0.3045832975505329,Orta Risk,0.06971755727613652,Orta Risk,0.18238006457463618,Orta Risk,0.00047280634809389083,Düşük Risk,0.06695259695585096,Düşük Risk,0.06971755727613652,Düşük Risk,0.4898607169725589,Orta Risk,0.45352853926880965,Orta Risk,0.07714540588999032,Orta Risk
KÜÇÜKÇEKMECE,İNÖNÜ,KÜÇÜKÇEKMECE|İNÖNÜ,2023,0.8860234134832216,Yüksek Risk,0.18928229368902225,Yüksek Risk,0.43391348389664175,Yüksek Risk,0.00889905785566916,Orta Risk,0.1605774816297754,Orta Risk,0.18928229368902225,Orta Risk,0.6110432701999768,Yüksek Risk,0.6114602736604156,Yüksek Risk,0.2010564374417301,Yüksek Risk
KÜÇÜKÇEKMECE,İSTASYON,KÜÇÜKÇEKMECE|İSTASYON,2023,0.70001289908395,Yüksek Risk,0.15135274143949604,Yüksek Risk,0.3609100958904398,Yüksek Risk,0.00887829765988561,Orta Risk,0.13707742647602852,Orta Risk,0.15135274143949604,Orta Risk,0.6015011125352596,Yüksek Risk,0.590903717509728,Yüksek Risk,0.16479843696710011,Yüksek Risk
MALTEPE,ALTAYÇEŞME,MALTEPE|ALTAYÇEŞME,2023,0.5534872490029542,Yüksek Risk,0.15744935392963313,Yüksek Risk,0.37143170969181516,Yüksek Risk,0.0005957807150717379,Düşük Risk,0.13637754705397956,Orta Risk,0.15744935392963313,Orta Risk,0.6315948248366232,Yüksek Risk,0.629934536279221,Yüksek Risk,0.1655515586807843,Yüksek Risk
MALTEPE,ALTINTEPE,MALTEPE|ALTINTEPE,2023,0.38043217895640274,Orta Risk,0.08843262173796688,Orta Risk,0.22948160954155616,Orta Risk,0.007316071378668233,Düşük Risk,0.08026844054839333,Orta Risk,0.08843262173796688,Düşük Risk,0.549775204881818,Yüksek Risk,0.5241590454881084,Yüksek Risk,0.10279713318053121,Orta Risk
MALTEPE,AYDINEVLER,MALTEPE|AYDINEVLER,2023,0.39019556378248244,Orta Risk,0.09411201074519931,Orta Risk,0.24823932709786545,Orta Risk,0.008694070302345293,Orta Risk,0.094173600915703,Orta Risk,0.09411201074519931,Düşük Risk,0.5607847487204974,Yüksek Risk,0.5341902234669207,Yüksek Risk,0.10728343948895423,Orta Risk
MALTEPE,BAĞLARBAŞI,MALTEPE|BAĞLARBAŞI,2023,0.4951147506685265,Yüksek Risk,0.11472651833600395,Orta Risk,0.2840275690228229,Yüksek Risk,0.008001569985009217,Orta Risk,0.10655069935002573,Orta Risk,0.11472651833600395,Düşük Risk,0.575204697652237,Yüksek Risk,0.5584754969134311,Yüksek Risk,0.12203722625427488,Orta Risk
MALTEPE,BAŞIBÜYÜK,MALTEPE|BAŞIBÜYÜK,2023,0.2741209807732223,Orta Risk,0.07228512323085816,Orta Risk,0.1848220212903566,Orta Risk,0.000675425804452589,Düşük Risk,0.0627344661009126,Düşük Risk,0.07228512323085816,Düşük Risk,0.5425310651259629,Yüksek Risk,0.5009263603402516,Yüksek Risk,0.08568552908239893,Orta Risk
MALTEPE,BÜYÜKBAKKALKÖY,MALTEPE|BÜYÜKBAKKALKÖY,2023,0.049893129981967474,Düşük Risk,0.028413324587631412,Düşük Risk,0.0947091929871966,Düşük Risk,0.0034171464577645036,Düşük Risk,0.024775713012576302,Düşük Risk,0.028413324587631412,Düşük Risk,0.46694581806149954,Orta Risk,0.3862078538887954,Orta Risk,0.04595786218185782,Düşük Risk
MALTEPE,CEVİZLİ,MALTEPE|CEVİZLİ,2023,0.3284058034903692,Orta Risk,0.09309375055688944,Orta Risk,0.2155971289680153,Orta Risk,0.012309331353983982,Orta Risk,0.07488716618418687,Düşük Risk,0.09309375055688944,Düşük Risk,0.5843628313606334,Yüksek Risk,0.5584850537253475,Yüksek Risk,0.10434179919623235,Orta Risk
MALTEPE,ESENKENT,MALTEPE|ESENKENT,2023,0.4104721406156798,Orta Risk,0.09272337471387926,Orta Risk,0.24428149941307467,Orta Risk,0.0008063338101786168,Düşük Risk,0.08798358747805016,Orta Risk,0.09272337471387926,Orta Risk,0.5561124296340233,Yüksek Risk,0.5349490149219052,Yüksek Risk,0.10101815790848576,Orta Risk
MALTEPE,FEYZULLAH,MALTEPE|FEYZULLAH,2023,0.19569458212369945,Düşük Risk,0.06436514371876857,Orta Risk,0.1718553742978518,Orta Risk,0.0005100622800976,Düşük Risk,0.05242009966491886,Düşük Risk,0.06436514371876857,Düşük Risk,0.5296445342886456,Orta Risk,0.5057150013181977,Yüksek Risk,0.07109765708187316,Orta Risk
MALTEPE,FINDIKLI,MALTEPE|FINDIKLI,2023,0.7293936411821998,Yüksek Risk,0.17862613068832117,Yüksek Risk,0.4153778265164046,Yüksek Risk,0.0007802697821252492,Düşük Risk,0.15084266905277324,Orta Risk,0.17862613068832117,Orta Risk,0.5984980543250155,Yüksek Risk,0.6062579502726162,Yüksek Risk,0.19050973837280655,Yüksek Risk
MALTEPE,GÜLENSU,MALTEPE|GÜLENSU,2023,0.23537299168629922,Orta Risk,0.05549327102636331,Düşük Risk,0.15890415100498903,Orta Risk,0.0006910109466993545,Düşük Risk,0.055073338867120104,Düşük Risk,0.05549327102636331,Düşük Risk,0.49731727693832034,Orta Risk,0.45513948806212595,Orta Risk,0.06750555449840345,Düşük Risk
MALTEPE,GÜLSUYU,MALTEPE|GÜLSUYU,2023,0.21312616340419266,Düşük Risk,0.054360817003502114,Düşük Risk,0.15734833226300451,Orta Risk,0.0011737685939864598,Düşük Risk,0.051797908773971675,Düşük Risk,0.054360817003502114,Düşük Risk,0.5170416099197358,Yüksek Risk,0.4707577033877305,Orta Risk,0.06986492946568426,Orta Risk
MALTEPE,GİRNE,MALTEPE|GİRNE,2023,0.23990515365909554,Orta Risk,0.06723915694147012,Orta Risk,0.18484577498426744,Orta Risk,0.0005444830504281605,Düşük Risk,0.05392941610028521,Düşük Risk,0.06723915694147012,Düşük Risk,0.5542428024866132,Yüksek Risk,0.5213180592723803,Yüksek Risk,0.07947812075826219,Orta Risk
MALTEPE,KÜÇÜKYALI MERKEZ,MALTEPE|KÜÇÜKYALI MERKEZ,2023,0.19489778660105753,Düşük Risk,0.05156117144204833,Düşük Risk,0.1449387385145957,Orta Risk,0.0005000617021540768,Düşük Risk,0.046541234439578104,Düşük Risk,0.05156117144204833,Düşük Risk,0.47010829843058854,Orta Risk,0.4312891721294389,Orta Risk,0.0627648980823787,Düşük Risk
MALTEPE,YALI,MALTEPE|YALI,2023,0.12329741335738477,Düşük Risk,0.04723673865087256,Düşük Risk,0.1377442077562136,Düşük Risk,0.010509524719042384,Orta Risk,0.0370865481903539,Düşük Risk,0.04723673865087256,Düşük Risk,0.5341681988553696,Orta Risk,0.493629381836314,Yüksek Risk,0.057598128499024,Düşük Risk
MALTEPE,ZÜMRÜTEVLER,MALTEPE|ZÜMRÜTEVLER,2023,0.6317615433365442,Yüksek Risk,0.14028140623014182,Yüksek Risk,0.31958190379752754,Yüksek Risk,0.007550993762647023,Orta Risk,0.12115254879424671,Orta Risk,0.14028140623014182,Düşük Risk,0.5888916815881067,Yüksek Risk,0.570945151302172,Yüksek Risk,0.14879741095686105,Yüksek Risk
MALTEPE,ÇINAR,MALTEPE|ÇINAR,2023,0.28939196147821666,Orta Risk,0.06475084009006495,Orta Risk,0.1836090851198053,Orta Risk,0.00027723797156376586,Düşük Risk,0.060515569277529636,Düşük Risk,0.06475084009006495,Düşük Risk,0.49564120360328473,Orta Risk,0.46330591151894224,Orta Risk,0.07271067997014884,Orta Risk
MALTEPE,İDEALTEPE,MALTEPE|İDEALTEPE,2023,0.3113145051124303,Orta Risk,0.07722847436869167,Orta Risk,0.20467958171283265,Orta Risk,0.0006123607568859342,Düşük Risk,0.06453534444551799,Düşük Risk,0.07722847436869167,Düşük Risk,0.5474269764736804,Yüksek Risk,0.5221582629935545,Yüksek Risk,0.0837817904055854,Orta Risk
PENDİK,AHMET YESEVİ,PENDİK|AHMET YESEVİ,2023,0.2927988671493551,Orta Risk,0.0687293360297096,Orta Risk,0.17686815632057773,Orta Risk,0.0006130911684918234,Düşük Risk,0.06413803571518807,Düşük Risk,0.0687293360297096,Düşük Risk,0.5038110501809043,Orta Risk,0.46975869367848766,Orta Risk,0.07874065649463693,Orta Risk
PENDİK,BAHÇELİEVLER,PENDİK|BAHÇELİEVLER,2023,0.11217842021122017,Düşük Risk,0.04379492078275181,Düşük Risk,0.1133811424326042,Düşük Risk,0.008583317843074983,Orta Risk,0.03757487987373356,Düşük Risk,0.04379492078275181,Düşük Risk,0.5002300199810584,Orta Risk,0.45069972863799573,Orta Risk,0.0556158597224816,Düşük Risk
PENDİK,BALLICA,PENDİK|BALLICA,2023,0.04020252513828359,Düşük Risk,0.015983068715729347,Düşük Risk,0.0725839845553713,Düşük Risk,7.264725200051405e-05,Düşük Risk,0.014930241497151164,Düşük Risk,0.015983068715729347,Düşük Risk,0.36463401042765026,Düşük Risk,0.2808782161678624,Düşük Risk,0.022160335079219717,Düşük Risk
PENDİK,BATI,PENDİK|BATI,2023,0.15490458382800576,Düşük Risk,0.04505404045390282,Düşük Risk,0.13237094684880973,Düşük Risk,0.000978571200660499,Düşük Risk,0.04318679272311202,Düşük Risk,0.04505404045390282,Düşük Risk,0.4671186028362586,Orta Risk,0.43240402936500966,Orta Risk,0.050566745716606215,Düşük Risk
PENDİK,DOĞU,PENDİK|DOĞU,2023,0.25347917424528454,Orta Risk,0.06825199986707767,Orta Risk,0.17916843257771461,Orta Risk,0.0006513644223924383,Düşük Risk,0.06212806895077367,Düşük Risk,0.06825199986707767,Düşük Risk,0.5252077937289548,Orta Risk,0.4912096416132697,Yüksek Risk,0.07722769013374019,Orta Risk
PENDİK,DUMLUPINAR,PENDİK|DUMLUPINAR,2023,0.5689841755052558,Yüksek Risk,0.14798846626171638,Yüksek Risk,0.3298495746841602,Yüksek Risk,0.028119651536950577,Orta Risk,0.13798741226205447,Orta Risk,0.14798846626171638,Orta Risk,0.5810854991206109,Yüksek Risk,0.5650646662580187,Yüksek Risk,0.15817183958038386,Yüksek Risk
PENDİK,EMİRLİ,PENDİK|EMİRLİ,2023,0.06579050827882951,Düşük Risk,0.03214277905970978,Düşük Risk,0.11828235510008972,Düşük Risk,0.00019102908261610474,Düşük Risk,0.0281462248369314,Düşük Risk,0.03214277905970978,Düşük Risk,0.423741874823757,Orta Risk,0.40774113895221625,Orta Risk,0.03402379607002093,Düşük Risk
PENDİK,ERTUĞRUL GAZİ,PENDİK|ERTUĞRUL GAZİ,2023,0.21480763010120646,Düşük Risk,0.05241028335182358,Düşük Risk,0.14754894526026707,Orta Risk,0.0007042909301379202,Düşük Risk,0.05239964595710588,Düşük Risk,0.05241028335182358,Düşük Risk,0.4993678236139923,Orta Risk,0.4535399597795659,Orta Risk,0.06333583768129442,Düşük Risk
PENDİK,ESENLER,PENDİK|ESENLER,2023,0.3672786549287272,Orta Risk,0.09806434590729934,Orta Risk,0.2250188599685906,Orta Risk,0.01374109125807306,Orta Risk,0.07774067973260183,Düşük Risk,0.09806434590729934,Düşük Risk,0.5970534414335329,Yüksek Risk,0.5714677721638239,Yüksek Risk,0.1128165561574844,Orta Risk
PENDİK,ESENYALI,PENDİK|ESENYALI,2023,0.18504966940486853,Düşük Risk,0.05141193890490066,Düşük Risk,0.1383457683519832,Düşük Risk,0.0006701365985891166,Düşük Risk,0.04578373363706996,Düşük Risk,0.05141193890490066,Düşük Risk,0.5031478481075118,Orta Risk,0.4577632991037731,Orta Risk,0.06555787186132161,Düşük Risk
PENDİK,FATİH,PENDİK|FATİH,2023,0.21138610945912398,Düşük Risk,0.05138589611127763,Düşük Risk,0.1412205508219368,Orta Risk,0.0005868177118501014,Düşük Risk,0.0499972268717326,Düşük Risk,0.05138589611127763,Düşük Risk,0.4854415173769923,Orta Risk,0.43911108396806714,Orta Risk,0.06265411419454386,Düşük Risk
PENDİK,FEVZİ ÇAKMAK,PENDİK|FEVZİ ÇAKMAK,2023,0.46560890905730756,Orta Risk,0.10692100978638346,Orta Risk,0.25846324440148993,Yüksek Risk,0.0007298217069060577,Düşük Risk,0.09235077391691494,Orta Risk,0.10692100978638346,Düşük Risk,0.5708072969365255,Yüksek Risk,0.5458283081274581,Yüksek Risk,0.11930303831724554,Orta Risk
PENDİK,GÖÇBEYLİ,PENDİK|GÖÇBEYLİ,2023,0.13144263493561753,Düşük Risk,0.04464780989437208,Düşük Risk,0.12465660955645995,Düşük Risk,0.013699719979926755,Orta Risk,0.036036514660435455,Düşük Risk,0.04464780989437208,Düşük Risk,0.5032680459106011,Orta Risk,0.4802329515546609,Orta Risk,0.04775428094604148,Düşük Risk
PENDİK,GÜLLÜ BAĞLAR,PENDİK|GÜLLÜ BAĞLAR,2023,0.5244092227393053,Yüksek Risk,0.1779185425896424,Yüksek Risk,0.39426692571066496,Yüksek Risk,0.009560003286402179,Orta Risk,0.16487535641191234,Orta Risk,0.1779185425896424,Orta Risk,0.6289766120268009,Yüksek Risk,0.632493080517484,Yüksek Risk,0.18753061324797415,Yüksek Risk
PENDİK,GÜZELYALI,PENDİK|GÜZELYALI,2023,0.3163633913077882,Orta Risk,0.07661950768556804,Orta Risk,0.1860824070050361,Orta Risk,0.011868479095850506,Orta Risk,0.0710036154226731,Düşük Risk,0.07661950768556804,Düşük Risk,0.5316465470401239,Orta Risk,0.4990843725753193,Yüksek Risk,0.09059272034428048,Orta Risk
PENDİK,HARMANDERE,PENDİK|HARMANDERE,2023,0.0782462448941452,Düşük Risk,0.030752754538951037,Düşük Risk,0.09424231163802432,Düşük Risk,0.006506651162956974,Düşük Risk,0.024700145722672807,Düşük Risk,0.030752754538951037,Düşük Risk,0.43955938694872176,Orta Risk,0.4089366663914582,Orta Risk,0.03590771098777936,Düşük Risk
PENDİK,KAVAKPINAR,PENDİK|KAVAKPINAR,2023,0.7814619105532731,Yüksek Risk,0.18318223188964025,Yüksek Risk,0.4060775151386038,Yüksek Risk,0.01618527715527637,Orta Risk,0.15066118607858323,Orta Risk,0.18318223188964025,Orta Risk,0.6399667332515359,Yüksek Risk,0.6393550927103856,Yüksek Risk,0.19124424099570855,Yüksek Risk
PENDİK,KAYNARCA,PENDİK|KAYNARCA,2023,0.4338623027980034,Orta Risk,0.10528367003103309,Orta Risk,0.24347311727198453,Orta Risk,0.007736382580962697,Orta Risk,0.0944693359817035,Orta Risk,0.10528367003103309,Düşük Risk,0.5599096472619098,Yüksek Risk,0.5347853133598697,Yüksek Risk,0.1180224189534441,Orta Risk
PENDİK,KURNA,PENDİK|KURNA,2023,0.0391690095973269,Düşük Risk,0.02294075642294928,Düşük Risk,0.08371434182699877,Düşük Risk,0.0036610601222802626,Düşük Risk,0.018738535883774717,Düşük Risk,0.02294075642294928,Düşük Risk,0.4254194037078033,Orta Risk,0.36166941696218474,Orta Risk,0.03267152988707872,Düşük Risk
PENDİK,KURTDOĞMUŞ,PENDİK|KURTDOĞMUŞ,2023,0.03202794454674806,Düşük Risk,0.013095172818691502,Düşük Risk,0.06948764249241514,Düşük Risk,3.822704936735769e-05,Düşük Risk,0.013119064028967552,Düşük Risk,0.013095172818691502,Düşük Risk,0.340027024965839,Düşük Risk,0.24215468884502306,Düşük Risk,0.019429392340389602,Düşük Risk
PENDİK,KURTKÖY,PENDİK|KURTKÖY,2023,0.48805856580428136,Yüksek Risk,0.11731493150033953,Orta Risk,0.2752139478071303,Yüksek Risk,0.0117993905070358,Orta Risk,0.10475263046158957,Orta Risk,0.11731493150033953,Düşük Risk,0.5752810204461151,Yüksek Risk,0.5626170666566714,Yüksek Risk,0.12535145579658596,Orta Risk
PENDİK,ORHANGAZİ,PENDİK|ORHANGAZİ,2023,0.33931522915134943,Orta Risk,0.0803036441076454,Orta Risk,0.20243750598199123,Orta Risk,0.0007114758749450263,Düşük Risk,0.07377644602351491,Düşük Risk,0.0803036441076454,Düşük Risk,0.5313660095292572,Yüksek Risk,0.4992642003884708,Yüksek Risk,0.09277928145370377,Orta Risk
PENDİK,ORTA,PENDİK|ORTA,2023,0.4440643380383387,Orta Risk,0.1070542935613359,Orta Risk,0.27005117509329757,Yüksek Risk,0.0011204312842789453,Düşük Risk,0.11661423167043306,Orta Risk,0.1070542935613359,Orta Risk,0.5720973345882908,Yüksek Risk,0.5458789396825977,Yüksek Risk,0.11556041276422625,Orta Risk
PENDİK,RAMAZANOĞLU,PENDİK|RAMAZANOĞLU,2023,0.10127374992563755,Düşük Risk,0.05296924270369084,Düşük Risk,0.112122506482688,Düşük Risk,0.03477761032262137,Orta Risk,0.04539161288729802,Düşük Risk,0.05296924270369084,Düşük Risk,0.46776673634851523,Orta Risk,0.4343728641471427,Orta Risk,0.06306850793679393,Düşük Risk
PENDİK,SANAYİ,PENDİK|SANAYİ,2023,0.0529520698911482,Düşük Risk,0.035360492165700946,Düşük Risk,0.0901345484899232,Düşük Risk,0.01210381105431767,Orta Risk,0.030116153364921416,Düşük Risk,0.035360492165700946,Düşük Risk,0.4781369417948153,Orta Risk,0.41474054217648604,Orta Risk,0.05071868029851793,Düşük Risk
PENDİK,SAPAN BAĞLARI,PENDİK|SAPAN BAĞLARI,2023,0.07250746357979355,Düşük Risk,0.023579555019703127,Düşük Risk,0.0834949465909951,Düşük Risk,0.0003538882898863561,Düşük Risk,0.020516133631844295,Düşük Risk,0.023579555019703127,Düşük Risk,0.4036934654914502,Orta Risk,0.3449619832694285,Orta Risk,0.030102703034448494,Düşük Risk
PENDİK,SÜLÜNTEPE,PENDİK|SÜLÜNTEPE,2023,0.3594333059900038,Orta Risk,0.08165559174044959,Orta Risk,0.2090310790357091,Orta Risk,0.0007230033851594633,Düşük Risk,0.07329484984138215,Düşük Risk,0.08165559174044959,Düşük Risk,0.5391132361076771,Yüksek Risk,0.5077190522122634,Yüksek Risk,0.09217806659166472,Orta Risk
PENDİK,VELİBABA,PENDİK|VELİBABA,2023,0.7238460007396147,Yüksek Risk,0.16209744535052603,Yüksek Risk,0.3762742358742787,Yüksek Risk,0.016634555943864607,Orta Risk,0.14170457775547,Orta Risk,0.16209744535052603,Orta Risk,0.6300554918324794,Yüksek Risk,0.620576761197377,Yüksek Risk,0.1730714243725665,Yüksek Risk
PENDİK,YAYALAR,PENDİK|YAYALAR,2023,0.41823193487671895,Orta Risk,0.11992248535344956,Orta Risk,0.2864984651334259,Yüksek Risk,0.007884081956791437,Orta Risk,0.1261164002272402,Orta Risk,0.11992248535344956,Orta Risk,0.5852220320397242,Yüksek Risk,0.5597782094837264,Yüksek Risk,0.13167185305099371,Yüksek Risk
PENDİK,SEYMEN,PENDİK|SEYMEN,2023,0.1032745943590663,Düşük Risk,0.02994426483955732,Düşük Risk,0.09601629400760714,Düşük Risk,0.0003872203563839388,Düşük Risk,0.025488953753773462,Düşük Risk,0.02994426483955732,Düşük Risk,0.43050787619686864,Orta Risk,0.3792085850697006,Orta Risk,0.03642515119808341,Düşük Risk
PENDİK,ESENŞEHİR,PENDİK|ESENŞEHİR,2023,0.43528904264288787,Orta Risk,0.12137694570173937,Yüksek Risk,0.2643414627789722,Yüksek Risk,0.0005977098300968956,Düşük Risk,0.10519409778059251,Orta Risk,0.12137694570173937,Düşük Risk,0.5678243213812024,Yüksek Risk,0.5496601469183836,Yüksek Risk,0.12756981680400414,Orta Risk
PENDİK,YEŞİLBAĞLAR,PENDİK|YEŞİLBAĞLAR,2023,0.07107386327957581,Düşük Risk,0.02554860716241295,Düşük Risk,0.08743160211178994,Düşük Risk,0.005809425274519476,Düşük Risk,0.019796874995812324,Düşük Risk,0.02554860716241295,Düşük Risk,0.43613670979696445,Orta Risk,0.37702846936069145,Orta Risk,0.036637611015141486,Düşük Risk
PENDİK,ÇAMLIK,PENDİK|ÇAMLIK,2023,0.22314771631084288,Orta Risk,0.0710505603846273,Orta Risk,0.17995565178555872,Orta Risk,0.006785802547301924,Düşük Risk,0.05741080618998342,Düşük Risk,0.0710505603846273,Düşük Risk,0.5563532736503136,Yüksek Risk,0.5288539603909356,Yüksek Risk,0.08409988395952905,Orta Risk
PENDİK,ÇAMÇEŞME,PENDİK|ÇAMÇEŞME,2023,0.4615671670132096,Orta Risk,0.10962983642300134,Orta Risk,0.2628297619267247,Yüksek Risk,0.012315926819883716,Orta Risk,0.09335139098702333,Orta Risk,0.10962983642300134,Düşük Risk,0.5927698997151621,Yüksek Risk,0.5722300799968625,Yüksek Risk,0.12323954993992073,Orta Risk
PENDİK,ÇINARDERE,PENDİK|ÇINARDERE,2023,0.6385809282163858,Yüksek Risk,0.14807574908100102,Yüksek Risk,0.3600481797423601,Yüksek Risk,0.010027320903756364,Orta Risk,0.1362277096725999,Orta Risk,0.14807574908100102,Orta Risk,0.6217531804347094,Yüksek Risk,0.6138113893046913,Yüksek Risk,0.15869280041155875,Yüksek Risk
PENDİK,ŞEYHLİ,PENDİK|ŞEYHLİ,2023,0.24780677394698022,Orta Risk,0.06201482159925694,Orta Risk,0.1659774103327592,Orta Risk,0.0006544519807489919,Düşük Risk,0.05405303538717708,Düşük Risk,0.06201482159925694,Düşük Risk,0.5163264295365599,Orta Risk,0.48083437909604243,Orta Risk,0.07196699814959957,Orta Risk
SANCAKTEPE,ABDURRAHMANGAZİ,SANCAKTEPE|ABDURRAHMANGAZİ,2023,0.3791404370425042,Orta Risk,0.11268072747216806,Orta Risk,0.2386755807136976,Orta Risk,0.01540269707021825,Orta Risk,0.08860867245341555,Orta Risk,0.11268072747216806,Düşük Risk,0.6042468768148794,Yüksek Risk,0.5870580081082282,Yüksek Risk,0.11960894871508576,Orta Risk
SANCAKTEPE,AKPINAR,SANCAKTEPE|AKPINAR,2023,0.17272639742678378,Düşük Risk,0.043884824314651634,Düşük Risk,0.12732344257575684,Düşük Risk,0.002090095011443928,Düşük Risk,0.03737369358980949,Düşük Risk,0.043884824314651634,Düşük Risk,0.4730597341537852,Orta Risk,0.42687040667631215,Orta Risk,0.05213318971167904,Düşük Risk
SANCAKTEPE,ATATÜRK,SANCAKTEPE|ATATÜRK,2023,0.25889394974607205,Orta Risk,0.06584738891292129,Orta Risk,0.17089505020634846,Orta Risk,0.006112119264994221,Düşük Risk,0.05496575836015751,Düşük Risk,0.06584738891292129,Düşük Risk,0.5305583250167601,Orta Risk,0.49702530996916905,Yüksek Risk,0.07345057574126494,Orta Risk
SANCAKTEPE,EMEK,SANCAKTEPE|EMEK,2023,0.21714374340345935,Düşük Risk,0.06331314344319187,Orta Risk,0.16429424212376373,Orta Risk,0.0093474536628573,Orta Risk,0.05557528089434251,Düşük Risk,0.06331314344319187,Düşük Risk,0.49218562189566184,Orta Risk,0.4751904288702754,Orta Risk,0.06992274550515348,Orta Risk
SANCAKTEPE,EYÜP SULTAN,SANCAKTEPE|EYÜP SULTAN,2023,0.3305841473235115,Orta Risk,0.09636411804744602,Orta Risk,0.21930811929000205,Orta Risk,0.01650780243707387,Orta Risk,0.07640474826039464,Düşük Risk,0.09636411804744602,Düşük Risk,0.6042760277769409,Yüksek Risk,0.5776370829290898,Yüksek Risk,0.10584349683705974,Orta Risk
SANCAKTEPE,FATİH,SANCAKTEPE|FATİH,2023,0.3768444423770203,Orta Risk,0.10484550871007835,Orta Risk,0.24289004118044222,Orta Risk,0.012269803361649984,Orta Risk,0.09414267261912665,Orta Risk,0.10484550871007835,Düşük Risk,0.5662156875348127,Yüksek Risk,0.5599414530517227,Yüksek Risk,0.10924809979066778,Orta Risk
SANCAKTEPE,HİLAL,SANCAKTEPE|HİLAL,2023,0.06072948642232951,Düşük Risk,0.024957053648389287,Düşük Risk,0.08563496042832028,Düşük Risk,0.007107088085827816,Düşük Risk,0.01924583260720656,Düşük Risk,0.024957053648389287,Düşük Risk,0.41878804001879527,Orta Risk,0.3761185525348274,Orta Risk,0.031157619691458412,Düşük Risk
SANCAKTEPE,KEMAL TÜRKLER,SANCAKTEPE|KEMAL TÜRKLER,2023,0.1626872510519933,Düşük Risk,0.044916846917596814,Düşük Risk,0.1274577232467387,Düşük Risk,0.006145117635074926,Düşük Risk,0.0359690804694507,Düşük Risk,0.044916846917596814,Düşük Risk,0.499129984072136,Orta Risk,0.4540492060841494,Orta Risk,0.05380812669423721,Düşük Risk
SANCAKTEPE,MECLİS,SANCAKTEPE|MECLİS,2023,0.22425975684595773,Orta Risk,0.0648209093672879,Orta Risk,0.16617165367723016,Orta Risk,0.0025562570861381853,Düşük Risk,0.05754159363038793,Düşük Risk,0.0648209093672879,Düşük Risk,0.4634723427269801,Orta Risk,0.4244800792550829,Orta Risk,0.07219332445507222,Orta Risk
SANCAKTEPE,MERVE,SANCAKTEPE|MERVE,2023,0.24607960633243314,Orta Risk,0.0937069817277829,Orta Risk,0.18320672109621958,Orta Risk,0.01722411464453429,Orta Risk,0.08870054039049806,Orta Risk,0.0937069817277829,Düşük Risk,0.5456280262376564,Orta Risk,0.5249927981314212,Yüksek Risk,0.10159389090011875,Orta Risk
SANCAKTEPE,MEVLANA,SANCAKTEPE|MEVLANA,2023,0.2756543821669543,Orta Risk,0.06681027835681509,Orta Risk,0.18329313800068447,Orta Risk,0.0005213973217580432,Düşük Risk,0.061101050568384885,Düşük Risk,0.06681027835681509,Düşük Risk,0.5082761055247937,Orta Risk,0.47885295474288553,Orta Risk,0.07216472484096445,Orta Risk
SANCAKTEPE,OSMANGAZİ,SANCAKTEPE|OSMANGAZİ,2023,0.348839654902669,Orta Risk,0.10228983035629759,Orta Risk,0.23757962901308233,Orta Risk,0.035995305294921946,Orta Risk,0.09653595804099764,Orta Risk,0.10228983035629759,Düşük Risk,0.5758519040588999,Yüksek Risk,0.5552485290379872,Yüksek Risk,0.10896904919882225,Orta Risk
SANCAKTEPE,PAŞAKÖY,SANCAKTEPE|PAŞAKÖY,2023,0.11703464878056205,Düşük Risk,0.0601091440613104,Düşük Risk,0.14236262112864692,Orta Risk,0.007489464493621706,Orta Risk,0.05459138992121656,Düşük Risk,0.0601091440613104,Düşük Risk,0.5092021516845873,Orta Risk,0.4836222577211316,Orta Risk,0.06527613951855196,Düşük Risk
SANCAKTEPE,SAFA,SANCAKTEPE|SAFA,2023,0.324513087896248,Orta Risk,0.08918297417876023,Orta Risk,0.2247157928426311,Orta Risk,0.009506561192064528,Orta Risk,0.08154772787458386,Orta Risk,0.08918297417876023,Düşük Risk,0.5553978479736962,Yüksek Risk,0.5445986199123144,Yüksek Risk,0.09475389775159397,Orta Risk
SANCAKTEPE,SARIGAZİ,SANCAKTEPE|SARIGAZİ,2023,0.15390703250783644,Düşük Risk,0.04676545531859484,Düşük Risk,0.1283086606349717,Düşük Risk,0.004744114134614288,Düşük Risk,0.03966088257265446,Düşük Risk,0.04676545531859484,Düşük Risk,0.4695888278524329,Orta Risk,0.4253430970314217,Orta Risk,0.05519570957238735,Düşük Risk
SANCAKTEPE,VEYSEL KARANİ,SANCAKTEPE|VEYSEL KARANİ,2023,0.30932209339750777,Orta Risk,0.08860779626895512,Orta Risk,0.23582932290426886,Orta Risk,0.0009983036035507776,Düşük Risk,0.09595278908080644,Orta Risk,0.08860779626895512,Düşük Risk,0.5436265904444322,Orta Risk,0.5239052877128707,Yüksek Risk,0.09627708612958327,Orta Risk
SANCAKTEPE,SEYİTNİZAM,SANCAKTEPE|SEYİTNİZAM,2023,0.2689917172228838,Orta Risk,0.06779725798302577,Orta Risk,0.1842223560210417,Orta Risk,0.004737250469145939,Düşük Risk,0.0688487495129257,Düşük Risk,0.06779725798302577,Düşük Risk,0.48700106161249734,Orta Risk,0.450225243011272,Orta Risk,0.07543159524923736,Orta Risk
SANCAKTEPE,YUNUS EMRE,SANCAKTEPE|YUNUS EMRE,2023,0.3973484596034448,Orta Risk,0.0983660206521602,Orta Risk,0.2503429657930535,Orta Risk,0.007808323637781397,Orta Risk,0.09477650309687988,Orta Risk,0.0983660206521602,Düşük Risk,0.5574178153603931,Yüksek Risk,0.545825627705765,Yüksek Risk,0.10278585445481472,Orta Risk
SANCAKTEPE,İNÖNÜ,SANCAKTEPE|İNÖNÜ,2023,0.17199412617806645,Düşük Risk,0.04738010034942,Düşük Risk,0.13719144446422088,Düşük Risk,0.0004431995737346499,Düşük Risk,0.03921341989976898,Düşük Risk,0.04738010034942,Düşük Risk,0.4841906788133815,Orta Risk,0.44779211301153704,Orta Risk,0.05404292419272398,Düşük Risk
SARIYER,AYAZAĞA,SARIYER|AYAZAĞA,2023,0.6870049326195014,Yüksek Risk,0.16098236609505276,Yüksek Risk,0.39227614057448357,Yüksek Risk,0.012858748069815207,Orta Risk,0.1349032805435912,Orta Risk,0.16098236609505276,Orta Risk,0.6203685805032056,Yüksek Risk,0.6269732365362771,Yüksek Risk,0.16424405013549023,Yüksek Risk
SARIYER,BAHÇEKÖY KEMER,SARIYER|BAHÇEKÖY KEMER,2023,0.027522693425256727,Düşük Risk,0.01593495722306574,Düşük Risk,0.090328159556072,Düşük Risk,0.00016163940048966098,Düşük Risk,0.016254199939259455,Düşük Risk,0.01593495722306574,Düşük Risk,0.3963177644778992,Orta Risk,0.3104503828594831,Düşük Risk,0.02517036871224321,Düşük Risk
SARIYER,BAHÇEKÖY MERKEZ,SARIYER|BAHÇEKÖY MERKEZ,2023,0.05639382942743812,Düşük Risk,0.030544749662297355,Düşük Risk,0.12427381246837836,Düşük Risk,0.0003931778603840734,Düşük Risk,0.027589202790658518,Düşük Risk,0.030544749662297355,Düşük Risk,0.45123398469353593,Orta Risk,0.3960556527535915,Orta Risk,0.039067710241568666,Düşük Risk
SARIYER,BAHÇEKÖY YENİ,SARIYER|BAHÇEKÖY YENİ,2023,0.08468493794129898,Düşük Risk,0.03754040489727888,Düşük Risk,0.14100969604759173,Orta Risk,0.00039609844386640007,Düşük Risk,0.03253372136071891,Düşük Risk,0.03754040489727888,Düşük Risk,0.488031286800365,Orta Risk,0.44087044885837595,Orta Risk,0.04636506776425906,Düşük Risk
SARIYER,BALTALİMANI,SARIYER|BALTALİMANI,2023,0.5999284212990388,Yüksek Risk,0.16217786083190963,Yüksek Risk,0.4133957029788059,Yüksek Risk,0.0004422712430575618,Düşük Risk,0.14971410155480833,Orta Risk,0.16217786083190963,Orta Risk,0.588493418851513,Yüksek Risk,0.6012589353395732,Yüksek Risk,0.17075440318426485,Yüksek Risk
SARIYER,BÜYÜKDERE,SARIYER|BÜYÜKDERE,2023,0.48504039716201275,Yüksek Risk,0.1115059088206422,Orta Risk,0.306595272067092,Yüksek Risk,0.0003717443957428483,Düşük Risk,0.11868816372763004,Orta Risk,0.1115059088206422,Orta Risk,0.554381746445545,Yüksek Risk,0.5377542993701976,Yüksek Risk,0.1179122173077136,Orta Risk
SARIYER,CUMHURİYET,SARIYER|CUMHURİYET,2023,0.2366122512727001,Orta Risk,0.06078508810531021,Düşük Risk,0.18841156438926673,Orta Risk,0.0005419620115818514,Düşük Risk,0.057545127384755354,Düşük Risk,0.06078508810531021,Düşük Risk,0.5012710143712512,Orta Risk,0.4662644710289183,Orta Risk,0.06848033245034951,Düşük Risk
SARIYER,DARÜŞŞAFAKA,SARIYER|DARÜŞŞAFAKA,2023,0.1263347665783996,Düşük Risk,0.039051001453273386,Düşük Risk,0.14125101843849971,Orta Risk,0.00021337097070375232,Düşük Risk,0.03235763986012211,Düşük Risk,0.039051001453273386,Düşük Risk,0.4928557537791102,Orta Risk,0.4392545094286992,Orta Risk,0.050174245930393616,Düşük Risk
SARIYER,DEMİRCİKÖY,SARIYER|DEMİRCİKÖY,2023,0.02648002557521102,Düşük Risk,0.016951477183980348,Düşük Risk,0.09655916519585726,Düşük Risk,5.422142688191417e-05,Düşük Risk,0.018254268340141093,Düşük Risk,0.016951477183980348,Düşük Risk,0.3719275791733973,Düşük Risk,0.27955496233852284,Düşük Risk,0.02628621544040363,Düşük Risk
SARIYER,EMİRGAN,SARIYER|EMİRGAN,2023,0.4476461500345313,Orta Risk,0.10698045256084024,Orta Risk,0.29378493288792207,Yüksek Risk,0.00036579676069164926,Düşük Risk,0.11698421350190245,Orta Risk,0.10698045256084024,Orta Risk,0.5557969293445367,Yüksek Risk,0.5317227867340076,Yüksek Risk,0.11906311850160917,Orta Risk
SARIYER,FATİH SULTAN MEHMET,SARIYER|FATİH SULTAN MEHMET,2023,0.7517576802963195,Yüksek Risk,0.16410822639839107,Yüksek Risk,0.42332837483598756,Yüksek Risk,0.0010194733717736042,Düşük Risk,0.1506169929391882,Orta Risk,0.16410822639839107,Orta Risk,0.5941852820862071,Yüksek Risk,0.5975863909197807,Yüksek Risk,0.16993211385087195,Yüksek Risk
SARIYER,FERAHEVLER,SARIYER|FERAHEVLER,2023,0.5394695242003366,Yüksek Risk,0.1282197847900925,Yüksek Risk,0.33608559566191876,Yüksek Risk,0.000900016247672152,Düşük Risk,0.12486427437112534,Orta Risk,0.1282197847900925,Orta Risk,0.5893021698098141,Yüksek Risk,0.5805993100155601,Yüksek Risk,0.1392414719553246,Yüksek Risk
SARIYER,GARİPÇE,SARIYER|GARİPÇE,2023,0.3271731791090247,Orta Risk,0.0965604556005834,Orta Risk,0.26524557690392514,Yüksek Risk,0.0002237501976728025,Düşük Risk,0.11864094128770744,Orta Risk,0.0965604556005834,Orta Risk,0.5150369301664736,Yüksek Risk,0.4869557206185714,Orta Risk,0.098891084944766,Orta Risk
SARIYER,GÜMÜŞDERE,SARIYER|GÜMÜŞDERE,2023,0.038158292193178275,Düşük Risk,0.021329541936907483,Düşük Risk,0.09721661326954986,Düşük Risk,0.006450776648317589,Düşük Risk,0.018533600050820966,Düşük Risk,0.021329541936907483,Düşük Risk,0.4109372472297379,Orta Risk,0.3655456517411126,Orta Risk,0.026285879564525095,Düşük Risk
SARIYER,HUZUR,SARIYER|HUZUR,2023,0.14398848511135612,Düşük Risk,0.04143391590620258,Düşük Risk,0.14484488715284627,Orta Risk,0.0005338265345458353,Düşük Risk,0.036699537674550704,Düşük Risk,0.04143391590620258,Düşük Risk,0.5146370898727148,Orta Risk,0.456713771094903,Orta Risk,0.05257379124126169,Düşük Risk
SARIYER,KAZIM KARABEKİR PAŞA,SARIYER|KAZIM KARABEKİR PAŞA,2023,0.2498723487438181,Orta Risk,0.05996580503871968,Düşük Risk,0.19037259166825843,Orta Risk,0.00032759242356845974,Düşük Risk,0.055152041998963106,Düşük Risk,0.05996580503871968,Düşük Risk,0.5055422660525571,Orta Risk,0.4724635241850734,Orta Risk,0.06597541324364856,Düşük Risk
SARIYER,KISIRKAYA,SARIYER|KISIRKAYA,2023,0.07776925791370368,Düşük Risk,0.0335321538360085,Düşük Risk,0.1334051367939821,Düşük Risk,0.00024026463891269802,Düşük Risk,0.027367355930450168,Düşük Risk,0.0335321538360085,Düşük Risk,0.45624064610510046,Orta Risk,0.42650931378684726,Orta Risk,0.03768230572978472,Düşük Risk
SARIYER,KOCATAŞ,SARIYER|KOCATAŞ,2023,0.16468613878365074,Düşük Risk,0.04468751592519702,Düşük Risk,0.15521583595005803,Orta Risk,0.0007440645764014315,Düşük Risk,0.03951595143127775,Düşük Risk,0.04468751592519702,Düşük Risk,0.5057591674712754,Orta Risk,0.45992327503714103,Orta Risk,0.056225364442846704,Düşük Risk
SARIYER,KUMKÖY (KİLYOS),SARIYER|KUMKÖY (KİLYOS),2023,0.1065648512469927,Düşük Risk,0.036173025151054486,Düşük Risk,0.1308941746383266,Düşük Risk,0.0007137186411754853,Düşük Risk,0.029882211721477783,Düşük Risk,0.036173025151054486,Düşük Risk,0.47507555187762157,Orta Risk,0.4473396006147663,Orta Risk,0.03954800351932722,Düşük Risk
SARIYER,KİREÇBURNU,SARIYER|KİREÇBURNU,2023,0.4203433267819464,Orta Risk,0.11648991987858831,Orta Risk,0.30994529820545014,Yüksek Risk,0.0003199899940975042,Düşük Risk,0.12260137447102713,Orta Risk,0.11648991987858831,Orta Risk,0.5562298127054537,Yüksek Risk,0.5479533707976859,Yüksek Risk,0.12334080480971096,Orta Risk
SARIYER,MADEN,SARIYER|MADEN,2023,0.6840849133795055,Yüksek Risk,0.1467819869474076,Yüksek Risk,0.3911617998686844,Yüksek Risk,0.0003786126292392249,Düşük Risk,0.14230959292160944,Orta Risk,0.1467819869474076,Orta Risk,0.5685285590236828,Yüksek Risk,0.5662462417679474,Yüksek Risk,0.1547657830580306,Yüksek Risk
SARIYER,MASLAK,SARIYER|MASLAK,2023,0.11026832910254485,Düşük Risk,0.035681858831297805,Düşük Risk,0.12614799596856807,Düşük Risk,0.005621905017666947,Düşük Risk,0.031168086753846934,Düşük Risk,0.035681858831297805,Düşük Risk,0.4729075306993018,Orta Risk,0.4163374962013167,Orta Risk,0.04738848375770782,Düşük Risk
SARIYER,PINAR,SARIYER|PINAR,2023,0.6129798937358628,Yüksek Risk,0.13623306008186298,Yüksek Risk,0.3637799439866333,Yüksek Risk,0.0009727160944768239,Düşük Risk,0.13241942927639969,Orta Risk,0.13623306008186298,Orta Risk,0.5848323821904801,Yüksek Risk,0.5873387477450007,Yüksek Risk,0.14000852539116052,Yüksek Risk
SARIYER,POLİGON,SARIYER|POLİGON,2023,0.13516613347017473,Düşük Risk,0.044130407309398496,Düşük Risk,0.15414733786395923,Orta Risk,0.0004697208123462393,Düşük Risk,0.04325115665895548,Düşük Risk,0.044130407309398496,Düşük Risk,0.4672065727803337,Orta Risk,0.4208287692967112,Orta Risk,0.05504182587871436,Düşük Risk
SARIYER,PTT EVLERİ,SARIYER|PTT EVLERİ,2023,0.1518556293975396,Düşük Risk,0.04454100543188688,Düşük Risk,0.1502137719669307,Orta Risk,0.009843835169525828,Orta Risk,0.037663694731427666,Düşük Risk,0.04454100543188688,Düşük Risk,0.5268035234802386,Orta Risk,0.4794681172947136,Orta Risk,0.05492859860208364,Düşük Risk
SARIYER,REŞİTPAŞA,SARIYER|REŞİTPAŞA,2023,0.2526443078027611,Orta Risk,0.0648563511560466,Orta Risk,0.19290133827937986,Orta Risk,0.0006851616953052343,Düşük Risk,0.054458636253867265,Düşük Risk,0.0648563511560466,Düşük Risk,0.5467508118647377,Yüksek Risk,0.5091870117682663,Yüksek Risk,0.07594060920013909,Orta Risk
SARIYER,RUMELİFENERİ,SARIYER|RUMELİFENERİ,2023,0.3725111667236677,Orta Risk,0.10986381834632035,Orta Risk,0.2971226617107926,Yüksek Risk,0.0006598978670762264,Düşük Risk,0.12048910192462225,Orta Risk,0.10986381834632035,Orta Risk,0.5708116381749886,Yüksek Risk,0.5573703805537246,Yüksek Risk,0.11520265146286135,Orta Risk
SARIYER,RUMELİHİSARI,SARIYER|RUMELİHİSARI,2023,0.16055756073654792,Düşük Risk,0.04808849998590517,Düşük Risk,0.15593254828519032,Orta Risk,0.0006182124412966358,Düşük Risk,0.039206652080106506,Düşük Risk,0.04808849998590517,Düşük Risk,0.5130324065153797,Orta Risk,0.47320574480215344,Orta Risk,0.057593400469961004,Düşük Risk
SARIYER,RUMELİKAVAĞI,SARIYER|RUMELİKAVAĞI,2023,0.41145693122850935,Orta Risk,0.09451689801655445,Orta Risk,0.2713104191152311,Yüksek Risk,0.00038639226635420046,Düşük Risk,0.11294481618633218,Orta Risk,0.09451689801655445,Orta Risk,0.543844686365362,Yüksek Risk,0.5116015021708282,Yüksek Risk,0.10294144564684529,Orta Risk
SARIYER,SARIYER MERKEZ,SARIYER|SARIYER MERKEZ,2023,0.5916938385516731,Yüksek Risk,0.13217561640691375,Yüksek Risk,0.35676930316077393,Yüksek Risk,0.0008341588770051075,Düşük Risk,0.13135474003027678,Orta Risk,0.13217561640691375,Orta Risk,0.5865167840897753,Yüksek Risk,0.5817006595856956,Yüksek Risk,0.13931104680945086,Yüksek Risk
SARIYER,TARABYA,SARIYER|TARABYA,2023,0.49978867315310094,Yüksek Risk,0.11587667762451576,Orta Risk,0.3124569995585657,Yüksek Risk,0.00030958962696165553,Düşük Risk,0.1194173338099695,Orta Risk,0.11587667762451576,Orta Risk,0.5617212207154465,Yüksek Risk,0.5417953243199777,Yüksek Risk,0.12581645191397772,Orta Risk
SARIYER,USKUMRUKÖY,SARIYER|USKUMRUKÖY,2023,0.3960613655783787,Orta Risk,0.1070006562892662,Orta Risk,0.28610096884892444,Yüksek Risk,0.0013996972822214594,Düşük Risk,0.11723261339118646,Orta Risk,0.1070006562892662,Orta Risk,0.5761450513987004,Yüksek Risk,0.5579810394180045,Yüksek Risk,0.11188786088218212,Orta Risk
SARIYER,SEYMEN,SARIYER|SEYMEN,2023,0.48106237104477245,Yüksek Risk,0.11890888542193606,Orta Risk,0.3326736234352007,Yüksek Risk,0.00034953430921958183,Düşük Risk,0.12469063363966891,Orta Risk,0.11890888542193606,Orta Risk,0.5384769828844314,Yüksek Risk,0.556082208093303,Yüksek Risk,0.12313051032416131,Orta Risk
SARIYER,YENİKÖY,SARIYER|YENİKÖY,2023,0.30949479234565824,Orta Risk,0.06990081520850655,Orta Risk,0.2105856687999033,Orta Risk,0.0003168550845383214,Düşük Risk,0.0661445105235529,Düşük Risk,0.06990081520850655,Düşük Risk,0.511915020032326,Orta Risk,0.4790796662841103,Orta Risk,0.08173195218491289,Orta Risk
SARIYER,ZEKERİYAKÖY,SARIYER|ZEKERİYAKÖY,2023,0.7042653525841701,Yüksek Risk,0.15511615514279692,Yüksek Risk,0.3967380321812275,Yüksek Risk,0.010930699008540568,Orta Risk,0.1414850178515829,Orta Risk,0.15511615514279692,Orta Risk,0.6136646850603157,Yüksek Risk,0.61486002290625,Yüksek Risk,0.15932606728296678,Yüksek Risk
SARIYER,ÇAMLITEPE,SARIYER|ÇAMLITEPE,2023,0.2118139274786423,Düşük Risk,0.05255604826530891,Düşük Risk,0.1698750964257375,Orta Risk,0.0008091417765775944,Düşük Risk,0.05226852160470504,Düşük Risk,0.05255604826530891,Düşük Risk,0.5126529202013301,Orta Risk,0.46499011694915887,Orta Risk,0.06303968598272443,Düşük Risk
SARIYER,ÇAYIRBAŞI,SARIYER|ÇAYIRBAŞI,2023,0.3712894957547089,Orta Risk,0.0954841197131601,Orta Risk,0.26736633926509795,Yüksek Risk,0.0007400094971013476,Düşük Risk,0.114004213526009,Orta Risk,0.0954841197131601,Orta Risk,0.5490541777214295,Yüksek Risk,0.5258147659780075,Yüksek Risk,0.10195233540447014,Orta Risk
SARIYER,İSTİNYE,SARIYER|İSTİNYE,2023,0.5362112540922043,Yüksek Risk,0.14294362653899084,Yüksek Risk,0.3587377200206845,Yüksek Risk,0.0009468476474685919,Düşük Risk,0.1345118894565273,Orta Risk,0.14294362653899084,Orta Risk,0.5999142832805001,Yüksek Risk,0.5936866797229552,Yüksek Risk,0.15167503412095,Yüksek Risk
SULTANBEYLİ,ABDURRAHMANGAZİ,SULTANBEYLİ|ABDURRAHMANGAZİ,2023,0.48354616603138934,Yüksek Risk,0.11978745640047796,Orta Risk,0.2849656586051078,Yüksek Risk,0.0076080357738849405,Orta Risk,0.11906886295010786,Orta Risk,0.11978745640047796,Orta Risk,0.5957838183276365,Yüksek Risk,0.5790990171385715,Yüksek Risk,0.12475694146009254,Orta Risk
SULTANBEYLİ,ADİL,SULTANBEYLİ|ADİL,2023,0.3179185634535983,Orta Risk,0.09798153587181199,Orta Risk,0.22148841625426616,Orta Risk,0.011296228809438145,Orta Risk,0.07992278283799222,Orta Risk,0.09798153587181199,Düşük Risk,0.591950967462927,Yüksek Risk,0.5737987731467521,Yüksek Risk,0.10479549979492972,Orta Risk
SULTANBEYLİ,AHMET YESEVİ,SULTANBEYLİ|AHMET YESEVİ,2023,0.23869734018791294,Orta Risk,0.08087413706361,Orta Risk,0.18118328982423598,Orta Risk,0.010793685810171044,Orta Risk,0.06598535680977129,Düşük Risk,0.08087413706361,Düşük Risk,0.5512445730766304,Orta Risk,0.5343394684105324,Yüksek Risk,0.0865527302271756,Orta Risk
SULTANBEYLİ,AKŞEMSETTİN,SULTANBEYLİ|AKŞEMSETTİN,2023,0.3794319724535843,Orta Risk,0.12678154668155067,Yüksek Risk,0.2728764007815891,Yüksek Risk,0.014843564443550276,Orta Risk,0.12945692006408055,Orta Risk,0.12678154668155067,Orta Risk,0.5945443069344246,Yüksek Risk,0.5792022703470022,Yüksek Risk,0.1307998952483772,Yüksek Risk
SULTANBEYLİ,BATTALGAZİ,SULTANBEYLİ|BATTALGAZİ,2023,0.3987125555114296,Orta Risk,0.11166176773378567,Orta Risk,0.24905265739081117,Orta Risk,0.011561903305029122,Orta Risk,0.09628297591505706,Orta Risk,0.11166176773378567,Düşük Risk,0.5732832623808019,Yüksek Risk,0.5689885210691572,Yüksek Risk,0.11379262176502465,Orta Risk
SULTANBEYLİ,FATİH,SULTANBEYLİ|FATİH,2023,0.38160429931249806,Orta Risk,0.12980043492639495,Yüksek Risk,0.297737124696656,Yüksek Risk,0.0011801410161503822,Düşük Risk,0.13591396290410102,Orta Risk,0.12980043492639495,Orta Risk,0.5893636865580253,Yüksek Risk,0.5727875239289945,Yüksek Risk,0.13442426091219917,Yüksek Risk
SULTANBEYLİ,HAMİDİYE,SULTANBEYLİ|HAMİDİYE,2023,0.4314441221014648,Orta Risk,0.15993947202789274,Yüksek Risk,0.3381449252172085,Yüksek Risk,0.01157489612057867,Orta Risk,0.16073839082406577,Orta Risk,0.15993947202789274,Orta Risk,0.6027874468202837,Yüksek Risk,0.598046115233849,Yüksek Risk,0.1624272538307202,Yüksek Risk
SULTANBEYLİ,HASANPAŞA,SULTANBEYLİ|HASANPAŞA,2023,0.43127976343795305,Orta Risk,0.10448799588461434,Orta Risk,0.25526552028171623,Yüksek Risk,0.006077146710304221,Düşük Risk,0.11496195433093417,Orta Risk,0.10448799588461434,Orta Risk,0.5653053625817189,Yüksek Risk,0.542479294444349,Yüksek Risk,0.11017030196818015,Orta Risk
SULTANBEYLİ,MECİDİYE,SULTANBEYLİ|MECİDİYE,2023,0.1819001505617653,Düşük Risk,0.053294862208495906,Düşük Risk,0.1372861569156286,Düşük Risk,0.0005355562591081599,Düşük Risk,0.04313938596579296,Düşük Risk,0.053294862208495906,Düşük Risk,0.507187565536001,Orta Risk,0.4718964255343008,Orta Risk,0.058808045378602423,Düşük Risk
SULTANBEYLİ,MEHMET AKİF,SULTANBEYLİ|MEHMET AKİF,2023,0.5081734829143987,Yüksek Risk,0.13573127485847158,Yüksek Risk,0.32063160530779516,Yüksek Risk,0.023806212114834788,Orta Risk,0.12768472191094213,Orta Risk,0.13573127485847158,Orta Risk,0.6252060766653993,Yüksek Risk,0.6263480039266864,Yüksek Risk,0.1385049958471162,Yüksek Risk
SULTANBEYLİ,MİMAR SİNAN,SULTANBEYLİ|MİMAR SİNAN,2023,0.26262095608981095,Orta Risk,0.09151841759558997,Orta Risk,0.19460850304438887,Orta Risk,0.014372571436206476,Orta Risk,0.07144928607750568,Düşük Risk,0.09151841759558997,Düşük Risk,0.5959600560197791,Yüksek Risk,0.5722076291978674,Yüksek Risk,0.09760431107551548,Orta Risk
SULTANBEYLİ,NECİP FAZIL,SULTANBEYLİ|NECİP FAZIL,2023,0.18686613972351634,Düşük Risk,0.0530605230738862,Düşük Risk,0.14807379542804908,Orta Risk,0.0009774532532340462,Düşük Risk,0.04908519456138751,Düşük Risk,0.0530605230738862,Düşük Risk,0.5082241430836935,Orta Risk,0.47106697049801793,Orta Risk,0.06170274655787432,Düşük Risk
SULTANBEYLİ,ORHANGAZİ,SULTANBEYLİ|ORHANGAZİ,2023,0.404860806704421,Orta Risk,0.16005841188150866,Yüksek Risk,0.337485374520002,Yüksek Risk,0.014053018523447192,Orta Risk,0.16067022655583418,Orta Risk,0.16005841188150866,Orta Risk,0.618016553168669,Yüksek Risk,0.6140220523681448,Yüksek Risk,0.1635785899201551,Yüksek Risk
SULTANBEYLİ,TURGUT REİS,SULTANBEYLİ|TURGUT REİS,2023,0.1587689010723256,Düşük Risk,0.05381197653979535,Düşük Risk,0.1355684517751269,Düşük Risk,0.008678819715327434,Orta Risk,0.039875693023324166,Düşük Risk,0.05381197653979535,Düşük Risk,0.5219872547525171,Orta Risk,0.49661399534862916,Yüksek Risk,0.059502026513576965,Düşük Risk
SULTANBEYLİ,YAVUZ SELİM,SULTANBEYLİ|YAVUZ SELİM,2023,0.1518260961061556,Düşük Risk,0.045999628592395016,Düşük Risk,0.12450529287335942,Düşük Risk,0.006089798007889618,Düşük Risk,0.036197631303650196,Düşük Risk,0.045999628592395016,Düşük Risk,0.48752408804370534,Orta Risk,0.456657403642614,Orta Risk,0.0519970103471358,Düşük Risk
SULTANGAZİ,50. YIL,SULTANGAZİ|50. YIL,2023,0.8186685205290791,Yüksek Risk,0.17424376372133527,Yüksek Risk,0.3984033411041153,Yüksek Risk,0.000754392150825896,Düşük Risk,0.15124691926720898,Orta Risk,0.17424376372133527,Orta Risk,0.5934973977131625,Yüksek Risk,0.5825929053988367,Yüksek Risk,0.18637931237169425,Yüksek Risk
SULTANGAZİ,75. YIL,SULTANGAZİ|75. YIL,2023,0.6438505814004153,Yüksek Risk,0.13495080102738213,Yüksek Risk,0.3325052056224748,Yüksek Risk,0.000661647710734899,Düşük Risk,0.13182200018350987,Orta Risk,0.13495080102738213,Orta Risk,0.5708184521403703,Yüksek Risk,0.5431357300726968,Yüksek Risk,0.14906334992101283,Yüksek Risk
SULTANGAZİ,CEBECİ,SULTANGAZİ|CEBECİ,2023,0.7797698353105732,Yüksek Risk,0.16938519016973835,Yüksek Risk,0.38660224624427386,Yüksek Risk,0.010963137710300823,Orta Risk,0.14733085683242433,Orta Risk,0.16938519016973835,Orta Risk,0.6139845823931449,Yüksek Risk,0.5976625847177885,Yüksek Risk,0.1833313239436996,Yüksek Risk
SULTANGAZİ,CUMHURİYET,SULTANGAZİ|CUMHURİYET,2023,0.36887042454991187,Orta Risk,0.08820376307245774,Orta Risk,0.23002306485743784,Orta Risk,0.0009868045301215816,Düşük Risk,0.11163418927421541,Orta Risk,0.08820376307245774,Orta Risk,0.5477947987976218,Yüksek Risk,0.4939020900631043,Yüksek Risk,0.10681498281053195,Orta Risk
SULTANGAZİ,ESENTEPE,SULTANGAZİ|ESENTEPE,2023,0.8056283703456992,Yüksek Risk,0.17317418453268338,Yüksek Risk,0.3928032273686987,Yüksek Risk,0.015327593437042712,Orta Risk,0.15021302361675593,Orta Risk,0.17317418453268338,Orta Risk,0.6141712046190368,Yüksek Risk,0.6046785677335154,Yüksek Risk,0.18726624526808866,Yüksek Risk
SULTANGAZİ,ESKİ HABİPLER,SULTANGAZİ|ESKİ HABİPLER,2023,0.5042861663125615,Yüksek Risk,0.12799416635611155,Yüksek Risk,0.31718407640257273,Yüksek Risk,0.007533864749245511,Orta Risk,0.1252277964602708,Orta Risk,0.12799416635611155,Orta Risk,0.6046038642092161,Yüksek Risk,0.5965272986403682,Yüksek Risk,0.1328838894347328,Yüksek Risk
SULTANGAZİ,GAZİ,SULTANGAZİ|GAZİ,2023,0.7646711126056805,Yüksek Risk,0.1616580968430315,Yüksek Risk,0.38856174975854574,Yüksek Risk,0.0008281888586489027,Düşük Risk,0.1479663221409876,Orta Risk,0.1616580968430315,Orta Risk,0.5915178334297246,Yüksek Risk,0.5779234691260925,Yüksek Risk,0.17772182103644013,Yüksek Risk
SULTANGAZİ,HABİBLER,SULTANGAZİ|HABİBLER,2023,0.45109192584074675,Orta Risk,0.10984425763000207,Orta Risk,0.2689609861402399,Yüksek Risk,0.0225306541179324,Orta Risk,0.1178972327547359,Orta Risk,0.10984425763000207,Orta Risk,0.575789189088236,Yüksek Risk,0.5507057824669426,Yüksek Risk,0.1175172070948975,Orta Risk
SULTANGAZİ,MALKOÇOĞLU,SULTANGAZİ|MALKOÇOĞLU,2023,0.4607362127556912,Orta Risk,0.11007144933411049,Orta Risk,0.2813390417361593,Yüksek Risk,0.000616627023770498,Düşük Risk,0.11736979602670777,Orta Risk,0.11007144933411049,Orta Risk,0.5682570373675802,Yüksek Risk,0.5443784618311631,Yüksek Risk,0.12183835142042376,Orta Risk
SULTANGAZİ,SULTANÇİFTLİĞİ,SULTANGAZİ|SULTANÇİFTLİĞİ,2023,0.6689674856774253,Yüksek Risk,0.14886559808536104,Yüksek Risk,0.3571856889780495,Yüksek Risk,0.0007211773077687125,Düşük Risk,0.13632395439525755,Orta Risk,0.14886559808536104,Orta Risk,0.6010269119960985,Yüksek Risk,0.5865701580438127,Yüksek Risk,0.16720901064096474,Yüksek Risk
SULTANGAZİ,UĞUR MUMCU,SULTANGAZİ|UĞUR MUMCU,2023,0.7818705231057814,Yüksek Risk,0.1681359046499931,Yüksek Risk,0.39586627360413984,Yüksek Risk,0.010901809134057883,Orta Risk,0.1495204583786535,Orta Risk,0.1681359046499931,Orta Risk,0.6120759660315165,Yüksek Risk,0.6033646740708425,Yüksek Risk,0.18480235762997796,Yüksek Risk
SULTANGAZİ,YAYLA,SULTANGAZİ|YAYLA,2023,0.3876386388787743,Orta Risk,0.09144251561357626,Orta Risk,0.238555274575111,Orta Risk,0.000299390558955498,Düşük Risk,0.11264290994812197,Orta Risk,0.09144251561357626,Orta Risk,0.5157762533206922,Yüksek Risk,0.48693168430899725,Orta Risk,0.09568728395494852,Orta Risk
SULTANGAZİ,YUNUS EMRE,SULTANGAZİ|YUNUS EMRE,2023,0.7603249819067464,Yüksek Risk,0.16397191936293326,Yüksek Risk,0.38377065955155953,Yüksek Risk,0.0007576994114552269,Düşük Risk,0.14502025485298453,Orta Risk,0.16397191936293326,Orta Risk,0.596071288050919,Yüksek Risk,0.5829638522834067,Yüksek Risk,0.17663214586721276,Yüksek Risk
SULTANGAZİ,ZÜBEYDE HANIM,SULTANGAZİ|ZÜBEYDE HANIM,2023,0.7215373905268558,Yüksek Risk,0.15008601194467946,Yüksek Risk,0.3723617997856167,Yüksek Risk,0.001482552521141772,Düşük Risk,0.14871779284118636,Orta Risk,0.15008601194467946,Orta Risk,0.5683653855644729,Yüksek Risk,0.5502569445100125,Yüksek Risk,0.16044931943761567,Yüksek Risk
SULTANGAZİ,İSMETPAŞA,SULTANGAZİ|İSMETPAŞA,2023,0.7755450928607673,Yüksek Risk,0.1685237302523958,Yüksek Risk,0.38983755896176003,Yüksek Risk,0.0008301572644297729,Düşük Risk,0.1468914561882879,Orta Risk,0.1685237302523958,Orta Risk,0.600541555293316,Yüksek Risk,0.5899569586569794,Yüksek Risk,0.18020242622765734,Yüksek Risk
SİLİVRİ,AKÖREN,SİLİVRİ|AKÖREN,2023,0.3051091402955268,Orta Risk,0.07427435046521032,Orta Risk,0.20293201404059352,Orta Risk,0.01375864425198936,Orta Risk,0.07061876419507966,Düşük Risk,0.07427435046521032,Düşük Risk,0.5266359871619699,Yüksek Risk,0.5071559771586023,Yüksek Risk,0.07828102608530589,Orta Risk
SİLİVRİ,ALİBEY,SİLİVRİ|ALİBEY,2023,0.4133190410867217,Orta Risk,0.09110805023077359,Orta Risk,0.24147159150092168,Orta Risk,0.0006494662797093282,Düşük Risk,0.09988840285230367,Orta Risk,0.09110805023077359,Düşük Risk,0.4998862942234723,Orta Risk,0.47408648065193826,Orta Risk,0.09756832636314794,Orta Risk
SİLİVRİ,ALİPAŞA,SİLİVRİ|ALİPAŞA,2023,0.060983776738296136,Düşük Risk,0.07151916656381455,Orta Risk,0.10955710567135106,Düşük Risk,0.041198005936800196,Orta Risk,0.08691057415023691,Orta Risk,0.07151916656381455,Düşük Risk,0.47813935017527126,Orta Risk,0.43372772867842996,Orta Risk,0.08146638586456756,Orta Risk
SİLİVRİ,BEKİRLİ,SİLİVRİ|BEKİRLİ,2023,0.04275424521657717,Düşük Risk,0.021200201311377277,Düşük Risk,0.08230077614243998,Düşük Risk,0.0017533959788107898,Düşük Risk,0.020212994956282784,Düşük Risk,0.021200201311377277,Düşük Risk,0.41053893682729353,Orta Risk,0.3463320891723335,Orta Risk,0.026187728291391835,Düşük Risk
SİLİVRİ,BEYCİLER,SİLİVRİ|BEYCİLER,2023,0.024998803433234032,Düşük Risk,0.0132872546765525,Düşük Risk,0.06371394687042277,Düşük Risk,0.0009592917128468528,Düşük Risk,0.01416436918056347,Düşük Risk,0.0132872546765525,Düşük Risk,0.345597561073434,Düşük Risk,0.24103158415910417,Düşük Risk,0.02398055744538336,Düşük Risk
SİLİVRİ,BÜYÜK KILIÇLI,SİLİVRİ|BÜYÜK KILIÇLI,2023,0.05398987354830292,Düşük Risk,0.02896353827585182,Düşük Risk,0.09530397905667598,Düşük Risk,0.010398808464666719,Orta Risk,0.023628025000262686,Düşük Risk,0.02896353827585182,Düşük Risk,0.4323775173315568,Orta Risk,0.3937144483707776,Orta Risk,0.03520785850234649,Düşük Risk
SİLİVRİ,BÜYÜK SİNEKLİ,SİLİVRİ|BÜYÜK SİNEKLİ,2023,0.03007560347326821,Düşük Risk,0.013252567529728023,Düşük Risk,0.06681788691745612,Düşük Risk,0.0001343134218705162,Düşük Risk,0.012636065342415272,Düşük Risk,0.013252567529728023,Düşük Risk,0.3441837591950862,Düşük Risk,0.28237989029945093,Düşük Risk,0.016462099695913376,Düşük Risk
SİLİVRİ,BÜYÜK ÇAVUŞLU,SİLİVRİ|BÜYÜK ÇAVUŞLU,2023,0.10823224153555913,Düşük Risk,0.0339907531877036,Düşük Risk,0.11065709656620096,Düşük Risk,0.004786847403469786,Düşük Risk,0.028977248281287865,Düşük Risk,0.0339907531877036,Düşük Risk,0.46025996112404355,Orta Risk,0.41616376104097363,Orta Risk,0.04586865278071812,Düşük Risk
SİLİVRİ,CUMHURİYET,SİLİVRİ|CUMHURİYET,2023,0.46418073035419605,Orta Risk,0.0987840370927277,Orta Risk,0.2610267957497646,Yüksek Risk,0.00039864762847368484,Düşük Risk,0.1068137201622424,Orta Risk,0.0987840370927277,Düşük Risk,0.5114683380905501,Orta Risk,0.4808577689960959,Orta Risk,0.10651509921773739,Orta Risk
SİLİVRİ,DANAMANDIRA,SİLİVRİ|DANAMANDIRA,2023,0.046821420759114676,Düşük Risk,0.01871199522286725,Düşük Risk,0.08391341834501367,Düşük Risk,0.0002580217809715405,Düşük Risk,0.01569006420892391,Düşük Risk,0.01871199522286725,Düşük Risk,0.3929637286510178,Orta Risk,0.3474227804846045,Orta Risk,0.022424710112526326,Düşük Risk
SİLİVRİ,DEĞİRMENKÖY FEVZİPAŞA,SİLİVRİ|DEĞİRMENKÖY FEVZİPAŞA,2023,0.4156642586367254,Orta Risk,0.12119389135718679,Yüksek Risk,0.264754190409875,Yüksek Risk,0.01268848827675737,Orta Risk,0.12687116854255304,Orta Risk,0.12119389135718679,Orta Risk,0.5737300806924551,Yüksek Risk,0.5607224324825181,Yüksek Risk,0.1342765753847895,Yüksek Risk
SİLİVRİ,DEĞİRMENKÖY İSMETPAŞA,SİLİVRİ|DEĞİRMENKÖY İSMETPAŞA,2023,0.38318752223427816,Orta Risk,0.09666739788676464,Orta Risk,0.2580937977197018,Yüksek Risk,0.00033299942276971095,Düşük Risk,0.11395347621542337,Orta Risk,0.09666739788676464,Orta Risk,0.5374553161306781,Yüksek Risk,0.51273007404861,Yüksek Risk,0.10844294159899853,Orta Risk
SİLİVRİ,FATİH,SİLİVRİ|FATİH,2023,0.32521350337481486,Orta Risk,0.0887242317169549,Orta Risk,0.24416504728981395,Orta Risk,0.00027506041659817256,Düşük Risk,0.09816214382835593,Orta Risk,0.0887242317169549,Düşük Risk,0.5185237361452281,Orta Risk,0.49694770149526046,Yüksek Risk,0.1003017313870476,Orta Risk
SİLİVRİ,FENER,SİLİVRİ|FENER,2023,0.06761604637652434,Düşük Risk,0.028006828530705803,Düşük Risk,0.08794782079581796,Düşük Risk,0.0060123901039694115,Düşük Risk,0.02348752962557733,Düşük Risk,0.028006828530705803,Düşük Risk,0.4377036200544576,Orta Risk,0.3905189449133521,Orta Risk,0.03350145425507024,Düşük Risk
SİLİVRİ,GAZİTEPE,SİLİVRİ|GAZİTEPE,2023,0.09818759779461722,Düşük Risk,0.0293067089009095,Düşük Risk,0.102840038291982,Düşük Risk,0.0003199630424457295,Düşük Risk,0.025815339939001956,Düşük Risk,0.0293067089009095,Düşük Risk,0.44995633463096096,Orta Risk,0.3923765090622511,Orta Risk,0.035010393955609696,Düşük Risk
SİLİVRİ,GÜMÜŞYAKA,SİLİVRİ|GÜMÜŞYAKA,2023,0.5950716658111176,Yüksek Risk,0.12417634014473974,Yüksek Risk,0.3168688561724262,Yüksek Risk,0.006264829517750955,Düşük Risk,0.12292764214282666,Orta Risk,0.12417634014473974,Orta Risk,0.5385894881184458,Yüksek Risk,0.5259451542684341,Yüksek Risk,0.13519014601723248,Yüksek Risk
SİLİVRİ,KADIKÖY,SİLİVRİ|KADIKÖY,2023,0.3616866804878681,Orta Risk,0.10808644870002548,Orta Risk,0.27963227976999167,Yüksek Risk,0.0005265680231467713,Düşük Risk,0.11918558286160555,Orta Risk,0.10808644870002548,Orta Risk,0.5450631503533263,Yüksek Risk,0.5141158264605289,Yüksek Risk,0.11366838610052342,Orta Risk
SİLİVRİ,KAVAKLI HÜRRİYET,SİLİVRİ|KAVAKLI HÜRRİYET,2023,0.17296105843084017,Düşük Risk,0.045193605663316525,Düşük Risk,0.143934350592849,Orta Risk,0.0003768983808444998,Düşük Risk,0.041867253584424294,Düşük Risk,0.045193605663316525,Düşük Risk,0.4910324820177451,Orta Risk,0.4454996415077351,Orta Risk,0.05421400303455161,Düşük Risk
SİLİVRİ,KAVAKLI İSTİKLAL,SİLİVRİ|KAVAKLI İSTİKLAL,2023,0.35280657118410275,Orta Risk,0.0854421045037057,Orta Risk,0.23354780629168617,Orta Risk,0.0008021910712565829,Düşük Risk,0.11076515094800567,Orta Risk,0.0854421045037057,Orta Risk,0.5392613232672951,Yüksek Risk,0.498722836362804,Yüksek Risk,0.09469083158375023,Orta Risk
SİLİVRİ,KURFALLI,SİLİVRİ|KURFALLI,2023,0.027826619274612677,Düşük Risk,0.011787162497229466,Düşük Risk,0.06314958097208098,Düşük Risk,8.436638374222735e-05,Düşük Risk,0.012653536495354029,Düşük Risk,0.011787162497229466,Düşük Risk,0.32738157134666956,Düşük Risk,0.23048798959184183,Düşük Risk,0.016926866470679917,Düşük Risk
SİLİVRİ,KÜÇÜK KILIÇLI,SİLİVRİ|KÜÇÜK KILIÇLI,2023,0.025397412745126097,Düşük Risk,0.010533283525506266,Düşük Risk,0.062289160742411795,Düşük Risk,4.790014927441832e-05,Düşük Risk,0.011949727118976294,Düşük Risk,0.010533283525506266,Düşük Risk,0.33140160662038376,Düşük Risk,0.2277275248142453,Düşük Risk,0.017941487004674135,Düşük Risk
SİLİVRİ,KÜÇÜK SİNEKLİ,SİLİVRİ|KÜÇÜK SİNEKLİ,2023,0.012008464847773266,Düşük Risk,0.011564991754083076,Düşük Risk,0.06545645028049331,Düşük Risk,0.00010298009371737504,Düşük Risk,0.011784086745381285,Düşük Risk,0.011564991754083076,Düşük Risk,0.3364760704734111,Düşük Risk,0.25654958277922085,Düşük Risk,0.016404996111411396,Düşük Risk
SİLİVRİ,MİMAR SİNAN,SİLİVRİ|MİMAR SİNAN,2023,0.6266569220137,Yüksek Risk,0.137465345944682,Yüksek Risk,0.33087524572286064,Yüksek Risk,0.016400087593284596,Orta Risk,0.12429372047150287,Orta Risk,0.137465345944682,Orta Risk,0.5831398533944201,Yüksek Risk,0.5801114583940615,Yüksek Risk,0.14296277103302282,Yüksek Risk
SİLİVRİ,ORTAKÖY,SİLİVRİ|ORTAKÖY,2023,0.4608547927542282,Orta Risk,0.10189381116203323,Orta Risk,0.2690610318373154,Yüksek Risk,0.006483392843331135,Düşük Risk,0.10059885852858323,Orta Risk,0.10189381116203323,Orta Risk,0.5447994341294259,Yüksek Risk,0.5289967388929216,Yüksek Risk,0.10843096677809058,Orta Risk
SİLİVRİ,PİRİ MEHMET PAŞA,SİLİVRİ|PİRİ MEHMET PAŞA,2023,0.23154478855841282,Orta Risk,0.05761328135227398,Düşük Risk,0.16856466150724161,Orta Risk,0.0005552173253549572,Düşük Risk,0.06394431764863534,Düşük Risk,0.05761328135227398,Düşük Risk,0.45378639792132563,Orta Risk,0.4105607148253664,Orta Risk,0.06729231566839847,Düşük Risk
SİLİVRİ,SAYALAR,SİLİVRİ|SAYALAR,2023,0.02970418469644946,Düşük Risk,0.013220102702317686,Düşük Risk,0.0625365762106801,Düşük Risk,0.0006592213364837694,Düşük Risk,0.013921659748835101,Düşük Risk,0.013220102702317686,Düşük Risk,0.3308722860835034,Düşük Risk,0.2331798083025839,Düşük Risk,0.01827342338143564,Düşük Risk
SİLİVRİ,SELİMPAŞA,SİLİVRİ|SELİMPAŞA,2023,0.7723545879312571,Yüksek Risk,0.16931539419523475,Yüksek Risk,0.40599393227405056,Yüksek Risk,0.014089293074604829,Orta Risk,0.15205773043374363,Orta Risk,0.16931539419523475,Orta Risk,0.6132622934165948,Yüksek Risk,0.6100963584253688,Yüksek Risk,0.176238601415912,Yüksek Risk
SİLİVRİ,SEMİZKUMLAR,SİLİVRİ|SEMİZKUMLAR,2023,0.3902051477576595,Orta Risk,0.08658061381866368,Orta Risk,0.2188881345288913,Orta Risk,0.009278972065047015,Orta Risk,0.08763502940324404,Orta Risk,0.08658061381866368,Düşük Risk,0.5095169885517149,Orta Risk,0.4824567769939273,Orta Risk,0.09659479911101837,Orta Risk
SİLİVRİ,SEYMEN,SİLİVRİ|SEYMEN,2023,0.4622424832760116,Orta Risk,0.11101376734951018,Orta Risk,0.26972283546195497,Yüksek Risk,0.03223194946788791,Orta Risk,0.10919440083366527,Orta Risk,0.11101376734951018,Düşük Risk,0.5441417981649375,Yüksek Risk,0.5405351423685231,Yüksek Risk,0.11292472225673325,Orta Risk
SİLİVRİ,SEYMEN MAHALLE,SİLİVRİ|SEYMEN MAHALLE,2023,0.11035184626452507,Düşük Risk,0.04042726959667582,Düşük Risk,0.10196989630875432,Düşük Risk,7.020064854842564e-06,Düşük Risk,0.05345853782592764,Düşük Risk,0.04042726959667582,Düşük Risk,0.37065064576543966,Düşük Risk,0.22213156818008684,Düşük Risk,0.051905184738455554,Düşük Risk
SİLİVRİ,YOLÇATI,SİLİVRİ|YOLÇATI,2023,0.02377200487636803,Düşük Risk,0.014374392696863476,Düşük Risk,0.070257843571662,Düşük Risk,0.0012895905998124416,Düşük Risk,0.012602938888651508,Düşük Risk,0.014374392696863476,Düşük Risk,0.3644335557806842,Düşük Risk,0.29683403987329915,Düşük Risk,0.021799267411281065,Düşük Risk
SİLİVRİ,ÇANTA BALABAN,SİLİVRİ|ÇANTA BALABAN,2023,0.681830741023545,Yüksek Risk,0.17363426819590522,Yüksek Risk,0.36715688047030814,Yüksek Risk,0.01932711213500789,Orta Risk,0.15887806348412684,Orta Risk,0.17363426819590522,Orta Risk,0.5811550872589311,Yüksek Risk,0.5787175420374638,Yüksek Risk,0.18078555225465331,Yüksek Risk
SİLİVRİ,ÇANTA SANCAKTEPE,SİLİVRİ|ÇANTA SANCAKTEPE,2023,0.5190425057082497,Yüksek Risk,0.1301929338875616,Yüksek Risk,0.2952099116120619,Yüksek Risk,0.032186899050408946,Orta Risk,0.11870771802945111,Orta Risk,0.1301929338875616,Orta Risk,0.5898935475715467,Yüksek Risk,0.5796530675699487,Yüksek Risk,0.13923758610642695,Yüksek Risk
SİLİVRİ,ÇAYIRDERE,SİLİVRİ|ÇAYIRDERE,2023,0.35039279254724726,Orta Risk,0.10839336734162822,Orta Risk,0.2660924017041883,Yüksek Risk,0.01287143620223896,Orta Risk,0.12431987790101133,Orta Risk,0.10839336734162822,Orta Risk,0.5626345923758228,Yüksek Risk,0.5370947440332993,Yüksek Risk,0.11280607567358127,Orta Risk
SİLİVRİ,ÇELTİK,SİLİVRİ|ÇELTİK,2023,0.04369514020548125,Düşük Risk,0.023964166498902744,Düşük Risk,0.08638796899169535,Düşük Risk,0.008735415301224198,Orta Risk,0.018660229194046373,Düşük Risk,0.023964166498902744,Düşük Risk,0.4408048261312028,Orta Risk,0.37794364915697887,Orta Risk,0.03809096406717202,Düşük Risk
TUZLA,AKFIRAT,TUZLA|AKFIRAT,2023,0.11260269787366703,Düşük Risk,0.04166753489272978,Düşük Risk,0.1511828411040569,Orta Risk,0.013691476529815274,Orta Risk,0.03460888170169655,Düşük Risk,0.04166753489272978,Düşük Risk,0.5096106959781114,Orta Risk,0.4770408787447867,Orta Risk,0.047460886788775886,Düşük Risk
TUZLA,ANADOLU,TUZLA|ANADOLU,2023,0.33072439801263775,Orta Risk,0.1056234215528313,Orta Risk,0.282955703135228,Yüksek Risk,0.008957488614862888,Orta Risk,0.11858955401349075,Orta Risk,0.1056234215528313,Orta Risk,0.5652526901746159,Yüksek Risk,0.5480740378098573,Yüksek Risk,0.10889027209948038,Orta Risk
TUZLA,AYDINLI,TUZLA|AYDINLI,2023,0.8189872705717126,Yüksek Risk,0.3675918982239284,Yüksek Risk,0.5215557236683936,Yüksek Risk,0.04552894798269076,Orta Risk,0.3590074806858293,Yüksek Risk,0.3675918982239284,Yüksek Risk,0.7032281980163706,Yüksek Risk,0.7282521500191252,Yüksek Risk,0.36990424168201697,Yüksek Risk
TUZLA,AYDINTEPE,TUZLA|AYDINTEPE,2023,0.5027562538380888,Yüksek Risk,0.1306701749559051,Yüksek Risk,0.3461604480637493,Yüksek Risk,0.010340413786750408,Orta Risk,0.12314197050801937,Orta Risk,0.1306701749559051,Orta Risk,0.628368264348617,Yüksek Risk,0.6189226616539418,Yüksek Risk,0.14237219825256098,Yüksek Risk
TUZLA,CAMİ,TUZLA|CAMİ,2023,0.09978076019246401,Düşük Risk,0.03640465652302048,Düşük Risk,0.15156736971747964,Orta Risk,0.005455788752845939,Düşük Risk,0.029219538281152747,Düşük Risk,0.03640465652302048,Düşük Risk,0.49159902059073785,Orta Risk,0.4602727792620276,Orta Risk,0.04396489236090083,Düşük Risk
TUZLA,EVLİYA ÇELEBİ,TUZLA|EVLİYA ÇELEBİ,2023,0.14018482055222903,Düşük Risk,0.05544355654048219,Düşük Risk,0.175889868436935,Orta Risk,0.009320648233560732,Orta Risk,0.041344405207357826,Düşük Risk,0.05544355654048219,Düşük Risk,0.553932554618774,Orta Risk,0.5235404002580382,Yüksek Risk,0.0650199870426499,Düşük Risk
TUZLA,FATİH,TUZLA|FATİH,2023,0.3953614683055904,Orta Risk,0.13386718012513743,Yüksek Risk,0.37340509185085674,Yüksek Risk,0.012557568784400525,Orta Risk,0.12918038022137207,Orta Risk,0.13386718012513743,Orta Risk,0.6212563932556601,Yüksek Risk,0.6372712294215601,Yüksek Risk,0.13578211160210535,Yüksek Risk
TUZLA,MESCİT,TUZLA|MESCİT,2023,0.34205257238295145,Orta Risk,0.10651314941560441,Orta Risk,0.2804521545240813,Yüksek Risk,0.015934026271840176,Orta Risk,0.11781571989310868,Orta Risk,0.10651314941560441,Orta Risk,0.5934707764570438,Yüksek Risk,0.5797801081991181,Yüksek Risk,0.1120759069787842,Orta Risk
TUZLA,MİMAR SİNAN,TUZLA|MİMAR SİNAN,2023,0.5154754059760057,Yüksek Risk,0.12258346997223721,Yüksek Risk,0.339422564260175,Yüksek Risk,0.0006313979466491448,Düşük Risk,0.12048453315665252,Orta Risk,0.12258346997223721,Orta Risk,0.5826694930716869,Yüksek Risk,0.5820083627399122,Yüksek Risk,0.13228212986753407,Yüksek Risk
TUZLA,ORHANLI,TUZLA|ORHANLI,2023,0.376354600283475,Orta Risk,0.39917841046394753,Yüksek Risk,0.3804802183237701,Yüksek Risk,0.05883414812296662,Orta Risk,0.4827460038434651,Yüksek Risk,0.39917841046394753,Yüksek Risk,0.629725103604392,Yüksek Risk,0.6402094757137418,Yüksek Risk,0.3951591125913849,Yüksek Risk
TUZLA,ORTA,TUZLA|ORTA,2023,0.3982281423297559,Orta Risk,0.14097792486878466,Yüksek Risk,0.33953204547494276,Yüksek Risk,0.01939661211101947,Orta Risk,0.1331043854779322,Orta Risk,0.14097792486878466,Orta Risk,0.6421327534935826,Yüksek Risk,0.645703477891963,Yüksek Risk,0.14650732020767193,Yüksek Risk
TUZLA,POSTANE,TUZLA|POSTANE,2023,0.25837167582992854,Orta Risk,0.08594748354285764,Orta Risk,0.23536524222512908,Orta Risk,0.012385921957047396,Orta Risk,0.06935575206042367,Düşük Risk,0.08594748354285764,Düşük Risk,0.5770921838183078,Yüksek Risk,0.5729404467216872,Yüksek Risk,0.08977133504705612,Orta Risk
TUZLA,TEPEÖREN,TUZLA|TEPEÖREN,2023,0.47664296310762655,Yüksek Risk,0.18236292890529907,Yüksek Risk,0.3542076398587992,Yüksek Risk,0.04494567281687891,Orta Risk,0.17375728797000106,Orta Risk,0.18236292890529907,Orta Risk,0.6613526036150317,Yüksek Risk,0.668904821504611,Yüksek Risk,0.18473085436938252,Yüksek Risk
TUZLA,YAYLA,TUZLA|YAYLA,2023,0.168675447820535,Düşük Risk,0.06809164803438265,Orta Risk,0.1863609571139183,Orta Risk,0.011895931584605243,Orta Risk,0.05466835021370556,Düşük Risk,0.06809164803438265,Düşük Risk,0.5499041093401317,Orta Risk,0.5238100998651205,Yüksek Risk,0.07789014990670926,Orta Risk
TUZLA,İSTASYON,TUZLA|İSTASYON,2023,0.16951354211553044,Düşük Risk,0.092367649907872,Orta Risk,0.1922310346508238,Orta Risk,0.01844587446058986,Orta Risk,0.09199805530819335,Orta Risk,0.092367649907872,Düşük Risk,0.5701610501582927,Orta Risk,0.5521388574503144,Yüksek Risk,0.10072521265449459,Orta Risk
TUZLA,İÇMELER,TUZLA|İÇMELER,2023,0.18143429720535142,Düşük Risk,0.05566757825401422,Düşük Risk,0.18650364119199297,Orta Risk,0.009618001583051101,Orta Risk,0.05053537842902562,Düşük Risk,0.05566757825401422,Düşük Risk,0.5090512413518559,Orta Risk,0.48491825193203963,Orta Risk,0.06488506856185439,Düşük Risk
TUZLA,ŞİFA,TUZLA|ŞİFA,2023,0.49256713451224643,Yüksek Risk,0.12282146184780085,Yüksek Risk,0.32589955375962076,Yüksek Risk,0.012109777341064798,Orta Risk,0.12020519345806159,Orta Risk,0.12282146184780085,Orta Risk,0.6020120779017655,Yüksek Risk,0.5998134643089833,Yüksek Risk,0.13069776622293292,Yüksek Risk
ZEYTİNBURNU,BEŞTELSİZ,ZEYTİNBURNU|BEŞTELSİZ,2023,0.2697766092120261,Orta Risk,0.07646377328152906,Orta Risk,0.2075030672485888,Orta Risk,0.0011178791144658394,Düşük Risk,0.07893307082307358,Düşük Risk,0.07646377328152906,Düşük Risk,0.5234792308903204,Orta Risk,0.4992352620171081,Yüksek Risk,0.08352605191440586,Orta Risk
ZEYTİNBURNU,GÖKALP,ZEYTİNBURNU|GÖKALP,2023,0.2044415469224083,Düşük Risk,0.05283793189027258,Düşük Risk,0.1554665455951763,Orta Risk,0.00044677039792119174,Düşük Risk,0.04849799359611944,Düşük Risk,0.05283793189027258,Düşük Risk,0.4874931309086213,Orta Risk,0.44403294414227024,Orta Risk,0.06053352394816251,Düşük Risk
ZEYTİNBURNU,KAZLIÇEŞME,ZEYTİNBURNU|KAZLIÇEŞME,2023,0.09495898486640479,Düşük Risk,0.04162988090300151,Düşük Risk,0.11720078878107372,Düşük Risk,0.012107160059074746,Orta Risk,0.030924096850351777,Düşük Risk,0.04162988090300151,Düşük Risk,0.5282952280298696,Orta Risk,0.4761571725763222,Orta Risk,0.05332054629003606,Düşük Risk
ZEYTİNBURNU,MALTEPE,ZEYTİNBURNU|MALTEPE,2023,0.497384549796525,Yüksek Risk,0.15002232373830215,Yüksek Risk,0.33337394449876906,Yüksek Risk,0.04441352976881675,Orta Risk,0.13567210291230888,Orta Risk,0.15002232373830215,Orta Risk,0.66915188314704,Yüksek Risk,0.64913970659961,Yüksek Risk,0.15867959048900263,Yüksek Risk
ZEYTİNBURNU,MERKEZEFENDİ,ZEYTİNBURNU|MERKEZEFENDİ,2023,0.34723221034693885,Orta Risk,0.08956886271023733,Orta Risk,0.23078584377807865,Orta Risk,0.0006941141565630304,Düşük Risk,0.07327290412355672,Düşük Risk,0.08956886271023733,Düşük Risk,0.5738064075244114,Yüksek Risk,0.554196485948319,Yüksek Risk,0.0966527996829855,Orta Risk
ZEYTİNBURNU,NURİPAŞA,ZEYTİNBURNU|NURİPAŞA,2023,0.23398039778701024,Orta Risk,0.0585490648606382,Düşük Risk,0.16522884789618364,Orta Risk,0.00042013866901121944,Düşük Risk,0.05244387077273202,Düşük Risk,0.0585490648606382,Düşük Risk,0.4920393765655523,Orta Risk,0.4555707005225763,Orta Risk,0.06485270659497981,Düşük Risk
ZEYTİNBURNU,SEYİTNİZAM,ZEYTİNBURNU|SEYİTNİZAM,2023,0.35740558631207475,Orta Risk,0.0869105064130167,Orta Risk,0.22783056276589586,Orta Risk,0.0006612038008242495,Düşük Risk,0.08309571695775679,Orta Risk,0.0869105064130167,Düşük Risk,0.5473148377359616,Yüksek Risk,0.515902676524337,Yüksek Risk,0.09504167680552392,Orta Risk
ZEYTİNBURNU,SÜMER,ZEYTİNBURNU|SÜMER,2023,0.3288359198161171,Orta Risk,0.08638540377880825,Orta Risk,0.21337138566293112,Orta Risk,0.0005491202908251186,Düşük Risk,0.07479231372138337,Düşük Risk,0.08638540377880825,Düşük Risk,0.5356044252790751,Yüksek Risk,0.514584800892607,Yüksek Risk,0.0907477605608708,Orta Risk
ZEYTİNBURNU,TELSIZ,ZEYTİNBURNU|TELSIZ,2023,0.39439360881132157,Orta Risk,0.09035972151093935,Orta Risk,0.23761655560284622,Orta Risk,0.0004384935982191778,Düşük Risk,0.09724636582100343,Orta Risk,0.09035972151093935,Düşük Risk,0.48003605306445163,Orta Risk,0.4509659065917192,Orta Risk,0.09616565381593303,Orta Risk
ZEYTİNBURNU,VELIEFENDI,ZEYTİNBURNU|VELIEFENDI,2023,0.26618459837427844,Orta Risk,0.06540255702947197,Orta Risk,0.1769401041225165,Orta Risk,0.00043620070382631974,Düşük Risk,0.05878777151149832,Düşük Risk,0.06540255702947197,Düşük Risk,0.5053015762555907,Orta Risk,0.46992395922570324,Orta Risk,0.07230018401903385,Orta Risk
ZEYTİNBURNU,YEŞILTEPE,ZEYTİNBURNU|YEŞILTEPE,2023,0.19255404899516032,Düşük Risk,0.055573789289104565,Düşük Risk,0.15944645495019605,Orta Risk,0.00037239424892235496,Düşük Risk,0.052004007532454065,Düşük Risk,0.055573789289104565,Düşük Risk,0.4767933531971662,Orta Risk,0.43528333866485264,Orta Risk,0.06365177647814359,Düşük Risk
ZEYTİNBURNU,ÇIRPICI,ZEYTİNBURNU|ÇIRPICI,2023,0.29821044421510323,Orta Risk,0.07180588907793407,Orta Risk,0.19718243362185534,Orta Risk,0.0004811932526495366,Düşük Risk,0.06748709545464326,Düşük Risk,0.07180588907793407,Düşük Risk,0.5098844654030191,Orta Risk,0.4803294244660345,Orta Risk,0.0787702443838439,Orta Risk
ÇATALCA,AKALAN,ÇATALCA|AKALAN,2023,0.025246559465022706,Düşük Risk,0.01316367023182322,Düşük Risk,0.06768449694137668,Düşük Risk,0.00020609637463340263,Düşük Risk,0.012553240490577048,Düşük Risk,0.01316367023182322,Düşük Risk,0.36694556483530194,Düşük Risk,0.2959279635417195,Düşük Risk,0.01817768188390329,Düşük Risk
ÇATALCA,ATATÜRK,ÇATALCA|ATATÜRK,2023,0.15094193123695676,Düşük Risk,0.05227880121927936,Düşük Risk,0.14108601471103208,Orta Risk,0.018894932180223305,Orta Risk,0.042330136004324885,Düşük Risk,0.05227880121927936,Düşük Risk,0.5291598696331329,Yüksek Risk,0.5082710913470742,Yüksek Risk,0.05572739794371749,Düşük Risk
ÇATALCA,AYDINLAR,ÇATALCA|AYDINLAR,2023,0.03946290607223627,Düşük Risk,0.01807892142466413,Düşük Risk,0.07988388760871262,Düşük Risk,0.0002677306656312639,Düşük Risk,0.015386242597458799,Düşük Risk,0.01807892142466413,Düşük Risk,0.39991019023293806,Orta Risk,0.3409658504186894,Orta Risk,0.023335328498022587,Düşük Risk
ÇATALCA,BAHŞAYİŞ,ÇATALCA|BAHŞAYİŞ,2023,0.3627835924934712,Orta Risk,0.10410120236267066,Orta Risk,0.2707656436935556,Yüksek Risk,0.0002448427592980827,Düşük Risk,0.11808394122458479,Orta Risk,0.10410120236267066,Orta Risk,0.5432147857105815,Yüksek Risk,0.5156353961195618,Yüksek Risk,0.11010438418612595,Orta Risk
ÇATALCA,BAŞAK,ÇATALCA|BAŞAK,2023,0.024284748687601325,Düşük Risk,0.010099469922521826,Düşük Risk,0.06217063484713793,Düşük Risk,3.9414770490104904e-05,Düşük Risk,0.0120582100277354,Düşük Risk,0.010099469922521826,Düşük Risk,0.2994447302737125,Düşük Risk,0.21300782528569764,Düşük Risk,0.012538797517690815,Düşük Risk
ÇATALCA,BELGRAT,ÇATALCA|BELGRAT,2023,0.011603992452297388,Düşük Risk,0.009774084365615467,Düşük Risk,0.057835804508445984,Düşük Risk,0.00044063490937991677,Düşük Risk,0.011559695406063653,Düşük Risk,0.009774084365615467,Düşük Risk,0.3041891987878827,Düşük Risk,0.20670340266391185,Düşük Risk,0.013728870734375603,Düşük Risk
ÇATALCA,CELEPKÖY,ÇATALCA|CELEPKÖY,2023,0.0067050040650575024,Düşük Risk,0.00845939937139729,Düşük Risk,0.05986787067744478,Düşük Risk,3.5214712502195995e-05,Düşük Risk,0.010993755078420011,Düşük Risk,0.00845939937139729,Düşük Risk,0.2773600979628829,Düşük Risk,0.1872137986230168,Düşük Risk,0.010767772973518075,Düşük Risk
ÇATALCA,DAĞYENİCE,ÇATALCA|DAĞYENİCE,2023,0.0385376652460076,Düşük Risk,0.016846004301515914,Düşük Risk,0.07613947402698407,Düşük Risk,3.325206504857396e-05,Düşük Risk,0.017192617122836543,Düşük Risk,0.016846004301515914,Düşük Risk,0.35022736004974553,Düşük Risk,0.25485947703306605,Düşük Risk,0.022428471733147163,Düşük Risk
ÇATALCA,ELBASAN,ÇATALCA|ELBASAN,2023,0.048424692516090016,Düşük Risk,0.029781909231550958,Düşük Risk,0.10168015149172553,Düşük Risk,0.00026245504210460917,Düşük Risk,0.028442951721879703,Düşük Risk,0.029781909231550958,Düşük Risk,0.4403347580020809,Orta Risk,0.3851742271053936,Orta Risk,0.035634797538763766,Düşük Risk
ÇATALCA,FATİH,ÇATALCA|FATİH,2023,0.18993810358149082,Düşük Risk,0.05106718893514378,Düşük Risk,0.15123102394720522,Orta Risk,0.0052531974736089474,Düşük Risk,0.04530763136071405,Düşük Risk,0.05106718893514378,Düşük Risk,0.4930577976643864,Orta Risk,0.4661261057825726,Orta Risk,0.05482242169429914,Düşük Risk
ÇATALCA,FERHATPAŞA,ÇATALCA|FERHATPAŞA,2023,0.4746500224846778,Yüksek Risk,0.11604309721202116,Orta Risk,0.27830071303901116,Yüksek Risk,0.01598589559836622,Orta Risk,0.10780349992518898,Orta Risk,0.11604309721202116,Düşük Risk,0.5769097708457303,Yüksek Risk,0.5714338420180857,Yüksek Risk,0.11910757665099636,Orta Risk
ÇATALCA,GÖKÇEALİ,ÇATALCA|GÖKÇEALİ,2023,0.09900781480974863,Düşük Risk,0.037810717259042094,Düşük Risk,0.11349657550978579,Düşük Risk,0.0012260911515501747,Düşük Risk,0.02995824264541939,Düşük Risk,0.037810717259042094,Düşük Risk,0.4635674184578541,Orta Risk,0.4233495355310421,Orta Risk,0.043210769303408565,Düşük Risk
ÇATALCA,GÜMÜŞPINAR,ÇATALCA|GÜMÜŞPINAR,2023,0.03651608107234541,Düşük Risk,0.01858531055655482,Düşük Risk,0.08258838853667894,Düşük Risk,0.0026580222406724077,Düşük Risk,0.015076431008923048,Düşük Risk,0.01858531055655482,Düşük Risk,0.39004933181896534,Orta Risk,0.3519812821696768,Orta Risk,0.021824171536655123,Düşük Risk
ÇATALCA,HALLAÇLI,ÇATALCA|HALLAÇLI,2023,0.04067870092607694,Düşük Risk,0.020914596136478142,Düşük Risk,0.07750829558965931,Düşük Risk,0.008829926803626627,Orta Risk,0.01783344414945343,Düşük Risk,0.020914596136478142,Düşük Risk,0.39119463645313785,Orta Risk,0.35456625542907205,Orta Risk,0.024639108800895107,Düşük Risk
ÇATALCA,HİSARBEYLİ,ÇATALCA|HİSARBEYLİ,2023,0.013448069988620942,Düşük Risk,0.00872039208232966,Düşük Risk,0.06065481509628775,Düşük Risk,2.7892274868724027e-05,Düşük Risk,0.010924315369175937,Düşük Risk,0.00872039208232966,Düşük Risk,0.29859710196045697,Düşük Risk,0.19755542582838878,Düşük Risk,0.012326297368322945,Düşük Risk
ÇATALCA,KABAKÇA,ÇATALCA|KABAKÇA,2023,0.10710538145793017,Düşük Risk,0.03295030282197012,Düşük Risk,0.11235201299643197,Düşük Risk,0.0003179952614668185,Düşük Risk,0.030901101457546907,Düşük Risk,0.03295030282197012,Düşük Risk,0.43581377722846604,Orta Risk,0.38907145620721356,Orta Risk,0.037839695954865415,Düşük Risk
ÇATALCA,KALEİÇİ,ÇATALCA|KALEİÇİ,2023,0.3206751867665244,Orta Risk,0.08155242129853725,Orta Risk,0.20811502351493397,Orta Risk,0.017936417290209627,Orta Risk,0.07240946055643237,Düşük Risk,0.08155242129853725,Düşük Risk,0.5599218940097395,Yüksek Risk,0.5382709253552956,Yüksek Risk,0.08730958688887325,Orta Risk
ÇATALCA,KALFA,ÇATALCA|KALFA,2023,0.023292569104500428,Düşük Risk,0.015413710848821694,Düşük Risk,0.06941094575476509,Düşük Risk,0.00030381454814215435,Düşük Risk,0.014089286077627522,Düşük Risk,0.015413710848821694,Düşük Risk,0.36066628013231394,Düşük Risk,0.2823422138480672,Düşük Risk,0.021172868417892465,Düşük Risk
ÇATALCA,KARACAKÖY MERKEZ,ÇATALCA|KARACAKÖY MERKEZ,2023,0.04813548582493528,Düşük Risk,0.01944775864029113,Düşük Risk,0.0791680490256005,Düşük Risk,0.0031516522592159365,Düşük Risk,0.01617033372971752,Düşük Risk,0.01944775864029113,Düşük Risk,0.39777489808892197,Orta Risk,0.34935269648996714,Orta Risk,0.02391312948143586,Düşük Risk
ÇATALCA,KARAMANDERE,ÇATALCA|KARAMANDERE,2023,0.03826014124612221,Düşük Risk,0.018668717706844813,Düşük Risk,0.07702436150859003,Düşük Risk,0.0039736634060515,Düşük Risk,0.016528839911016367,Düşük Risk,0.018668717706844813,Düşük Risk,0.3849912403456788,Düşük Risk,0.3263725544410117,Düşük Risk,0.023922162509022467,Düşük Risk
ÇATALCA,KESTANELİK,ÇATALCA|KESTANELİK,2023,0.47924257657092945,Yüksek Risk,0.10462368969066767,Orta Risk,0.28129870352188996,Yüksek Risk,0.0004983871592366917,Düşük Risk,0.11769340859776883,Orta Risk,0.10462368969066767,Orta Risk,0.5288356023564593,Yüksek Risk,0.5143485206260027,Yüksek Risk,0.1065845317483595,Orta Risk
ÇATALCA,KIZILCAALİ,ÇATALCA|KIZILCAALİ,2023,0.00916132196733481,Düşük Risk,0.006382860353392134,Düşük Risk,0.05230547119637738,Düşük Risk,1.5342873678784348e-05,Düşük Risk,0.01025746230537166,Düşük Risk,0.006382860353392134,Düşük Risk,0.2890129276901876,Düşük Risk,0.1669142159812848,Düşük Risk,0.010409030611408202,Düşük Risk
ÇATALCA,MURATBEY MERKEZ,ÇATALCA|MURATBEY MERKEZ,2023,0.055784915785721596,Düşük Risk,0.02923901251319879,Düşük Risk,0.09133918533466168,Düşük Risk,0.0048357592404000655,Düşük Risk,0.023961311539200073,Düşük Risk,0.02923901251319879,Düşük Risk,0.4619262232035329,Orta Risk,0.4017392892865534,Orta Risk,0.0409654262558247,Düşük Risk
ÇATALCA,NAKKAŞ,ÇATALCA|NAKKAŞ,2023,0.34274410276638984,Orta Risk,0.09122104231733472,Orta Risk,0.2412644471637655,Orta Risk,0.011070673288076783,Orta Risk,0.11251280958740262,Orta Risk,0.09122104231733472,Orta Risk,0.5545916822897827,Yüksek Risk,0.5183197637145006,Yüksek Risk,0.09639442411611733,Orta Risk
ÇATALCA,OKLALI,ÇATALCA|OKLALI,2023,0.12850487299544527,Düşük Risk,0.040752852067623004,Düşük Risk,0.13419517625791683,Düşük Risk,0.0003254268458852314,Düşük Risk,0.041117210649817264,Düşük Risk,0.040752852067623004,Düşük Risk,0.4455333630054771,Orta Risk,0.40961042759348576,Orta Risk,0.045445649639216254,Düşük Risk
ÇATALCA,ORMANLI,ÇATALCA|ORMANLI,2023,0.02016309949908014,Düşük Risk,0.011590326376650702,Düşük Risk,0.06335998322253114,Düşük Risk,0.00016646832243072325,Düşük Risk,0.01180782750350161,Düşük Risk,0.011590326376650702,Düşük Risk,0.3396158361508147,Düşük Risk,0.27257994231730887,Düşük Risk,0.014925575607496286,Düşük Risk
ÇATALCA,OVAYENİCE,ÇATALCA|OVAYENİCE,2023,0.07614155348326433,Düşük Risk,0.027797846985564766,Düşük Risk,0.10936475149524923,Düşük Risk,0.0007244110547830944,Düşük Risk,0.022326362412591002,Düşük Risk,0.027797846985564766,Düşük Risk,0.46378850763649654,Orta Risk,0.40908679269651466,Orta Risk,0.03922682722839072,Düşük Risk
ÇATALCA,SUBAŞI,ÇATALCA|SUBAŞI,2023,0.1616245614075409,Düşük Risk,0.053041605412586325,Düşük Risk,0.1537421758167687,Orta Risk,0.011424053798280669,Orta Risk,0.050431129997967665,Düşük Risk,0.053041605412586325,Düşük Risk,0.4996336963137017,Orta Risk,0.4772323050320229,Orta Risk,0.05784479120968912,Düşük Risk
ÇATALCA,YALIKÖY,ÇATALCA|YALIKÖY,2023,0.05833138727661548,Düşük Risk,0.025087292895111794,Düşük Risk,0.08543142303077955,Düşük Risk,0.009152134880922643,Orta Risk,0.02001274735632638,Düşük Risk,0.025087292895111794,Düşük Risk,0.43434058728203845,Orta Risk,0.3938070907746509,Orta Risk,0.030102527499415874,Düşük Risk
ÇATALCA,YAYLACIK,ÇATALCA|YAYLACIK,2023,0.00224523183820299,Düşük Risk,0.0054828955942102155,Düşük Risk,0.052016359578542046,Düşük Risk,1.6700936940188177e-05,Düşük Risk,0.009970391486931246,Düşük Risk,0.0054828955942102155,Düşük Risk,0.25948701227241183,Düşük Risk,0.1500551892865727,Düşük Risk,0.008045377275041479,Düşük Risk
ÇATALCA,YAZLIK,ÇATALCA|YAZLIK,2023,0.009123546227816906,Düşük Risk,0.008200352628533459,Düşük Risk,0.058777983857874624,Düşük Risk,5.449287360975083e-05,Düşük Risk,0.01053618034302352,Düşük Risk,0.008200352628533459,Düşük Risk,0.3037022300147549,Düşük Risk,0.20581162245374482,Düşük Risk,0.012376117365485169,Düşük Risk
ÇATALCA,ÇAKIL,ÇATALCA|ÇAKIL,2023,0.09401426134191965,Düşük Risk,0.03484826292449694,Düşük Risk,0.10360024585865793,Düşük Risk,0.006181556537675731,Düşük Risk,0.028332279815235686,Düşük Risk,0.03484826292449694,Düşük Risk,0.47362581234296647,Orta Risk,0.42551199295216213,Orta Risk,0.043751527140271335,Düşük Risk
ÇATALCA,ÇANAKÇA,ÇATALCA|ÇANAKÇA,2023,0.10274226668215578,Düşük Risk,0.02998552850233291,Düşük Risk,0.1070253564288958,Düşük Risk,0.00029119041390026116,Düşük Risk,0.02959294124765782,Düşük Risk,0.02998552850233291,Düşük Risk,0.4056822676982894,Orta Risk,0.35588179112089285,Orta Risk,0.03427163237191867,Düşük Risk
ÇATALCA,ÇİFTLİKKÖY,ÇATALCA|ÇİFTLİKKÖY,2023,0.026795910216942026,Düşük Risk,0.01175633996849123,Düşük Risk,0.06635618116440606,Düşük Risk,5.9006565445055725e-05,Düşük Risk,0.012483812486765472,Düşük Risk,0.01175633996849123,Düşük Risk,0.32633341623850387,Düşük Risk,0.2457496951135409,Düşük Risk,0.015266014835160793,Düşük Risk
ÇATALCA,ÖRCÜNLÜ,ÇATALCA|ÖRCÜNLÜ,2023,0.053933647521774875,Düşük Risk,0.02455539408381431,Düşük Risk,0.0923257819944159,Düşük Risk,0.003604587910728054,Düşük Risk,0.02074379764269791,Düşük Risk,0.02455539408381431,Düşük Risk,0.41453395795781717,Orta Risk,0.3667194291656436,Orta Risk,0.029881591027412488,Düşük Risk
ÇATALCA,ÖRENCİK,ÇATALCA|ÖRENCİK,2023,0.01712512284844242,Düşük Risk,0.011037571600639638,Düşük Risk,0.06508809446434337,Düşük Risk,5.5937933457448324e-05,Düşük Risk,0.012076190849933955,Düşük Risk,0.011037571600639638,Düşük Risk,0.3148926180547542,Düşük Risk,0.23664370358543865,Düşük Risk,0.014218467099482972,Düşük Risk
ÇATALCA,İHSANİYE,ÇATALCA|İHSANİYE,2023,0.07258804083129508,Düşük Risk,0.024351100194736436,Düşük Risk,0.09422965588542372,Düşük Risk,0.00024582272693348745,Düşük Risk,0.020712897950138535,Düşük Risk,0.024351100194736436,Düşük Risk,0.4358407578679322,Orta Risk,0.37485192105918524,Orta Risk,0.03016589521094449,Düşük Risk
ÇATALCA,İNCEĞİZ,ÇATALCA|İNCEĞİZ,2023,0.11749482431182492,Düşük Risk,0.03627836899241601,Düşük Risk,0.1170502960487086,Düşük Risk,0.0008486408926164249,Düşük Risk,0.030904561567760697,Düşük Risk,0.03627836899241601,Düşük Risk,0.4831955800405279,Orta Risk,0.43234074424585167,Orta Risk,0.042722733955483795,Düşük Risk
ÇATALCA,İZZETTİN,ÇATALCA|İZZETTİN,2023,0.06991910323797113,Düşük Risk,0.024627734727315956,Düşük Risk,0.095028783637386,Düşük Risk,0.0002807531006300096,Düşük Risk,0.02190161315862001,Düşük Risk,0.024627734727315956,Düşük Risk,0.42597642711835393,Orta Risk,0.3603295136801245,Orta Risk,0.03358758894785405,Düşük Risk
ÇEKMEKÖY,ALEMDAĞ,ÇEKMEKÖY|ALEMDAĞ,2023,0.12604908147826682,Düşük Risk,0.03864863753989783,Düşük Risk,0.1091872908125647,Düşük Risk,0.004748363784855025,Düşük Risk,0.034440359549721175,Düşük Risk,0.03864863753989783,Düşük Risk,0.44644667759757184,Orta Risk,0.40961143654563464,Orta Risk,0.04321382436996066,Düşük Risk
ÇEKMEKÖY,AYDINLAR,ÇEKMEKÖY|AYDINLAR,2023,0.12581897350348079,Düşük Risk,0.0436425987140289,Düşük Risk,0.12764485185831081,Düşük Risk,0.008946220258194066,Orta Risk,0.03437964841296272,Düşük Risk,0.0436425987140289,Düşük Risk,0.4987534475740412,Orta Risk,0.4696884393750972,Orta Risk,0.04981291230375111,Düşük Risk
ÇEKMEKÖY,CUMHURİYET,ÇEKMEKÖY|CUMHURİYET,2023,0.13850305227849863,Düşük Risk,0.045396569650374224,Düşük Risk,0.13046068075395284,Düşük Risk,0.0004819923116444422,Düşük Risk,0.035350122664130026,Düşük Risk,0.045396569650374224,Düşük Risk,0.48713897323782257,Orta Risk,0.4568925650210221,Orta Risk,0.05019656501670904,Düşük Risk
ÇEKMEKÖY,EKŞİOĞLU,ÇEKMEKÖY|EKŞİOĞLU,2023,0.10259809457318361,Düşük Risk,0.0385884753168263,Düşük Risk,0.10816451527743448,Düşük Risk,0.00910123529370402,Orta Risk,0.028255492775347557,Düşük Risk,0.0385884753168263,Düşük Risk,0.4959549186376908,Orta Risk,0.4543316522153391,Orta Risk,0.04513915894061038,Düşük Risk
ÇEKMEKÖY,GÜNGÖREN,ÇEKMEKÖY|GÜNGÖREN,2023,0.1499154801859261,Düşük Risk,0.04367355977517238,Düşük Risk,0.13660301650227832,Düşük Risk,0.0002226253463061551,Düşük Risk,0.03704410300044106,Düşük Risk,0.04367355977517238,Düşük Risk,0.4707199620636351,Orta Risk,0.4360357092191256,Orta Risk,0.04888616648954498,Düşük Risk
ÇEKMEKÖY,HAMİDİYE,ÇEKMEKÖY|HAMİDİYE,2023,0.16295586094645548,Düşük Risk,0.04824451206600788,Düşük Risk,0.13022925618066963,Düşük Risk,0.00039885082782677687,Düşük Risk,0.04142490537207535,Düşük Risk,0.04824451206600788,Düşük Risk,0.4697160788944999,Orta Risk,0.43122439760170994,Orta Risk,0.05360562202676788,Düşük Risk
ÇEKMEKÖY,HÜSEYİNLİ,ÇEKMEKÖY|HÜSEYİNLİ,2023,0.07773313604063128,Düşük Risk,0.03189485664891391,Düşük Risk,0.09914463668691612,Düşük Risk,0.0027130093013017767,Düşük Risk,0.024989878085976185,Düşük Risk,0.03189485664891391,Düşük Risk,0.4488333925345813,Orta Risk,0.41077158142125975,Orta Risk,0.03564966539192645,Düşük Risk
ÇEKMEKÖY,KOÇULLU,ÇEKMEKÖY|KOÇULLU,2023,0.04228835503189045,Düşük Risk,0.019586840043927013,Düşük Risk,0.07899090811557526,Düşük Risk,0.00016951412344957083,Düşük Risk,0.02046519451965025,Düşük Risk,0.019586840043927013,Düşük Risk,0.3843911048847435,Orta Risk,0.32154879632686845,Düşük Risk,0.022596646014233786,Düşük Risk
ÇEKMEKÖY,KİRAZLIDERE,ÇEKMEKÖY|KİRAZLIDERE,2023,0.09424113686000916,Düşük Risk,0.038163070329634924,Düşük Risk,0.11711689510552238,Düşük Risk,0.0004470146676875818,Düşük Risk,0.028885312932991476,Düşük Risk,0.038163070329634924,Düşük Risk,0.48243985437082026,Orta Risk,0.4448947801428831,Orta Risk,0.04439997170187858,Düşük Risk
ÇEKMEKÖY,MEHMET AKİF,ÇEKMEKÖY|MEHMET AKİF,2023,0.21280425041916998,Düşük Risk,0.055987580337653324,Düşük Risk,0.1474270805478375,Orta Risk,0.0004521945029004831,Düşük Risk,0.049659421076161656,Düşük Risk,0.055987580337653324,Düşük Risk,0.47521265409969754,Orta Risk,0.437970481211907,Orta Risk,0.06127050987845138,Düşük Risk
ÇEKMEKÖY,SARIYER MERKEZ,ÇEKMEKÖY|SARIYER MERKEZ,2023,0.3539765579311701,Orta Risk,0.11755533968760418,Orta Risk,0.2552787664938847,Yüksek Risk,0.02033734072146284,Orta Risk,0.10245171607109892,Orta Risk,0.11755533968760418,Düşük Risk,0.6099972532197082,Yüksek Risk,0.5925701372614641,Yüksek Risk,0.1251401226364018,Orta Risk
ÇEKMEKÖY,MİMAR SİNAN,ÇEKMEKÖY|MİMAR SİNAN,2023,0.1653658951708395,Düşük Risk,0.05085817480327813,Düşük Risk,0.1352896099222404,Düşük Risk,0.0004533846299414077,Düşük Risk,0.04272934075066013,Düşük Risk,0.05085817480327813,Düşük Risk,0.48767862062636835,Orta Risk,0.44335176939828863,Orta Risk,0.059046515490974276,Düşük Risk
ÇEKMEKÖY,NİŞANTEPE,ÇEKMEKÖY|NİŞANTEPE,2023,0.11826562282372895,Düşük Risk,0.06178205581949593,Orta Risk,0.12939810441364102,Düşük Risk,0.014403550412217855,Orta Risk,0.0535678277090615,Düşük Risk,0.06178205581949593,Düşük Risk,0.4962660656588512,Orta Risk,0.47741011160243174,Orta Risk,0.06643259546880577,Düşük Risk
ÇEKMEKÖY,REŞADİYE,ÇEKMEKÖY|REŞADİYE,2023,0.03820775859581838,Düşük Risk,0.015697915293836018,Düşük Risk,0.07533798713394915,Düşük Risk,5.737987097331825e-05,Düşük Risk,0.014898523290946179,Düşük Risk,0.015697915293836018,Düşük Risk,0.3521213341737942,Düşük Risk,0.2715659700008204,Düşük Risk,0.020953133844533324,Düşük Risk
ÇEKMEKÖY,SIRAPINAR,ÇEKMEKÖY|SIRAPINAR,2023,0.05415869589529598,Düşük Risk,0.025366961257435518,Düşük Risk,0.08684081899103155,Düşük Risk,0.003795873447346068,Düşük Risk,0.022104766050275153,Düşük Risk,0.025366961257435518,Düşük Risk,0.4179422331148527,Orta Risk,0.383151785734908,Orta Risk,0.02798700923706708,Düşük Risk
ÇEKMEKÖY,SOĞUKPINAR,ÇEKMEKÖY|SOĞUKPINAR,2023,0.0826005625060386,Düşük Risk,0.030674788883484558,Düşük Risk,0.10144328924995502,Düşük Risk,0.0021477918650016324,Düşük Risk,0.02506433219971464,Düşük Risk,0.030674788883484558,Düşük Risk,0.4505985540108069,Orta Risk,0.40133929506948285,Orta Risk,0.0374029039797283,Düşük Risk
ÇEKMEKÖY,SULTANÇİFTLİĞİ,ÇEKMEKÖY|SULTANÇİFTLİĞİ,2023,0.2683895925858277,Orta Risk,0.0793940769908402,Orta Risk,0.20910577120638787,Orta Risk,0.0005221306337509147,Düşük Risk,0.07200843126125737,Düşük Risk,0.0793940769908402,Düşük Risk,0.5477058615483493,Yüksek Risk,0.5259655696307924,Yüksek Risk,0.08507740413215646,Orta Risk
ÇEKMEKÖY,TAŞDELEN,ÇEKMEKÖY|TAŞDELEN,2023,0.11046111050728524,Düşük Risk,0.04653332966370244,Düşük Risk,0.13681897269774945,Düşük Risk,0.007797083054111216,Orta Risk,0.03917920571783171,Düşük Risk,0.04653332966370244,Düşük Risk,0.4946334400922355,Orta Risk,0.47418604057247815,Orta Risk,0.051220758571359166,Düşük Risk
ÇEKMEKÖY,ÇAMLIK,ÇEKMEKÖY|ÇAMLIK,2023,0.13144045292611914,Düşük Risk,0.03767061206155223,Düşük Risk,0.11361625419767046,Düşük Risk,0.0003632307056977017,Düşük Risk,0.03202095762967807,Düşük Risk,0.03767061206155223,Düşük Risk,0.45335806310729015,Orta Risk,0.4053428570145174,Orta Risk,0.0437143730670963,Düşük Risk
ÇEKMEKÖY,ÇATALMEŞE,ÇEKMEKÖY|ÇATALMEŞE,2023,0.1252055742354552,Düşük Risk,0.038727347168085804,Düşük Risk,0.10940970085440323,Düşük Risk,0.01092333059076036,Orta Risk,0.035390934952438176,Düşük Risk,0.038727347168085804,Düşük Risk,0.44849610579288096,Orta Risk,0.41796399816520313,Orta Risk,0.04335459867472358,Düşük Risk
ÇEKMEKÖY,ÖMERLİ,ÇEKMEKÖY|ÖMERLİ,2023,0.12780841968406767,Düşük Risk,0.05011342766872369,Düşük Risk,0.12389701409773074,Düşük Risk,0.015311825938070314,Orta Risk,0.0401101421222398,Düşük Risk,0.05011342766872369,Düşük Risk,0.5206899644293363,Orta Risk,0.48914906149358667,Orta Risk,0.05572513935714423,Düşük Risk
ÜMRANİYE,ADEM YAVUZ,ÜMRANİYE|ADEM YAVUZ,2023,0.4404673973784404,Orta Risk,0.10347397482857908,Orta Risk,0.268560613494022,Yüksek Risk,0.0006333815092259156,Düşük Risk,0.11512362266045555,Orta Risk,0.10347397482857908,Orta Risk,0.5572804043520287,Yüksek Risk,0.5284905339097882,Yüksek Risk,0.11346891562634959,Orta Risk
ÜMRANİYE,ALTINŞEHİR,ÜMRANİYE|ALTINŞEHİR,2023,0.47828649852266936,Yüksek Risk,0.1184130979863146,Orta Risk,0.2916025018000784,Yüksek Risk,0.0005897883175928714,Düşük Risk,0.12151551945829502,Orta Risk,0.1184130979863146,Orta Risk,0.5638959354196648,Yüksek Risk,0.5396155885430256,Yüksek Risk,0.12759540858623625,Orta Risk
ÜMRANİYE,ARMAĞANEVLER,ÜMRANİYE|ARMAĞANEVLER,2023,0.3667369287466192,Orta Risk,0.08343765079039266,Orta Risk,0.21033455773763687,Orta Risk,0.0077095860760178605,Orta Risk,0.073981725966565,Düşük Risk,0.08343765079039266,Düşük Risk,0.5305943849044484,Yüksek Risk,0.5061766974403424,Yüksek Risk,0.08928852567357079,Orta Risk
ÜMRANİYE,ATAKENT,ÜMRANİYE|ATAKENT,2023,0.19064300151005584,Düşük Risk,0.05872438394203346,Düşük Risk,0.1559673768406584,Orta Risk,0.0005692754165496198,Düşük Risk,0.046741355726239324,Düşük Risk,0.05872438394203346,Düşük Risk,0.5240033234663736,Yüksek Risk,0.49219282112135815,Yüksek Risk,0.06613611675876253,Düşük Risk
ÜMRANİYE,ATATÜRK,ÜMRANİYE|ATATÜRK,2023,0.304074206864498,Orta Risk,0.07511890714496408,Orta Risk,0.19771092101256854,Orta Risk,0.0006187548887529973,Düşük Risk,0.06287941704911557,Düşük Risk,0.07511890714496408,Düşük Risk,0.5531126699787241,Yüksek Risk,0.514131767304288,Yüksek Risk,0.08696821079633803,Orta Risk
ÜMRANİYE,AŞAĞI DUDULLU,ÜMRANİYE|AŞAĞI DUDULLU,2023,0.47916490176016213,Yüksek Risk,0.2762639708225182,Yüksek Risk,0.3352338259020882,Yüksek Risk,0.07819748223318299,Orta Risk,0.3310104058477422,Yüksek Risk,0.2762639708225182,Yüksek Risk,0.6327599816167618,Yüksek Risk,0.6246099502906354,Yüksek Risk,0.2812912966785672,Yüksek Risk
ÜMRANİYE,CEMİL MERİÇ,ÜMRANİYE|CEMİL MERİÇ,2023,0.6094454669390438,Yüksek Risk,0.12820809794027824,Yüksek Risk,0.3240613759753828,Yüksek Risk,0.00036965120295782896,Düşük Risk,0.13032570498527163,Orta Risk,0.12820809794027824,Orta Risk,0.5497417739807573,Yüksek Risk,0.5240142917280513,Yüksek Risk,0.13537987810370372,Yüksek Risk
ÜMRANİYE,DUMLUPINAR,ÜMRANİYE|DUMLUPINAR,2023,0.2939014266670275,Orta Risk,0.06880087721875752,Orta Risk,0.19052538849707235,Orta Risk,0.0008027048210113444,Düşük Risk,0.06408047855724587,Düşük Risk,0.06880087721875752,Düşük Risk,0.5378184949175251,Yüksek Risk,0.49876018908785524,Yüksek Risk,0.08575976074305709,Orta Risk
ÜMRANİYE,ELMALIKENT,ÜMRANİYE|ELMALIKENT,2023,0.27883878669735057,Orta Risk,0.06884058511570348,Orta Risk,0.18189607034715324,Orta Risk,0.0006798220253687286,Düşük Risk,0.05871085253377242,Düşük Risk,0.06884058511570348,Düşük Risk,0.5456495267970766,Yüksek Risk,0.5018979961510059,Yüksek Risk,0.08199927380761866,Orta Risk
ÜMRANİYE,ESENEVLER,ÜMRANİYE|ESENEVLER,2023,0.25530506784979073,Orta Risk,0.06678810789257641,Orta Risk,0.17730879959867413,Orta Risk,0.0005313382923039917,Düşük Risk,0.05454456614133712,Düşük Risk,0.06678810789257641,Düşük Risk,0.5409779553143674,Yüksek Risk,0.49965269357845665,Yüksek Risk,0.07789541529759922,Orta Risk
ÜMRANİYE,ESENKENT,ÜMRANİYE|ESENKENT,2023,0.4889220738222661,Yüksek Risk,0.1314864201970161,Yüksek Risk,0.312860339795053,Yüksek Risk,0.013055374776349934,Orta Risk,0.1259746925414489,Orta Risk,0.1314864201970161,Orta Risk,0.6117830148543901,Yüksek Risk,0.598361290476565,Yüksek Risk,0.14002094113449098,Yüksek Risk
ÜMRANİYE,ESENŞEHİR,ÜMRANİYE|ESENŞEHİR,2023,0.5110466856822822,Yüksek Risk,0.11841193985348791,Orta Risk,0.29299287061670304,Yüksek Risk,0.012066439438041029,Orta Risk,0.12054197603779002,Orta Risk,0.11841193985348791,Orta Risk,0.5890556769351722,Yüksek Risk,0.5660464216640221,Yüksek Risk,0.12673378249460862,Orta Risk
ÜMRANİYE,FATİH SULTAN MEHMET,ÜMRANİYE|FATİH SULTAN MEHMET,2023,0.05155779921353823,Düşük Risk,0.024127045927911317,Düşük Risk,0.08936706223420124,Düşük Risk,0.0003798592176530218,Düşük Risk,0.018976087577861137,Düşük Risk,0.024127045927911317,Düşük Risk,0.4627179837774605,Orta Risk,0.38395423390457006,Orta Risk,0.038909338347017076,Düşük Risk
ÜMRANİYE,FİNANSKENT,ÜMRANİYE|FİNANSKENT,2023,0.03627766502530332,Düşük Risk,0.02034925058523858,Düşük Risk,0.08022694378224869,Düşük Risk,0.00022756746925144656,Düşük Risk,0.017937766430815103,Düşük Risk,0.02034925058523858,Düşük Risk,0.4264013242367994,Orta Risk,0.3314763674956208,Düşük Risk,0.03587238139218311,Düşük Risk
ÜMRANİYE,HEKİMBAŞI,ÜMRANİYE|HEKİMBAŞI,2023,0.20463779899490497,Düşük Risk,0.049097338251060094,Düşük Risk,0.14640431953950853,Orta Risk,0.0035482619402564834,Düşük Risk,0.04852112684075093,Düşük Risk,0.049097338251060094,Düşük Risk,0.4992421868688735,Orta Risk,0.4441145588587302,Orta Risk,0.06563362167834354,Düşük Risk
ÜMRANİYE,HUZUR,ÜMRANİYE|HUZUR,2023,0.3782373531842519,Orta Risk,0.0916018471690242,Orta Risk,0.24333922756339782,Orta Risk,0.000498219083682711,Düşük Risk,0.11305871238153843,Orta Risk,0.0916018471690242,Orta Risk,0.5260265693412003,Yüksek Risk,0.48870252494151684,Orta Risk,0.09879041363402226,Orta Risk
ÜMRANİYE,IHLAMURKUYU,ÜMRANİYE|IHLAMURKUYU,2023,0.48128894904970115,Yüksek Risk,0.10832330143738979,Orta Risk,0.28133444057158474,Yüksek Risk,0.0003045576503431488,Düşük Risk,0.11704984217964874,Orta Risk,0.10832330143738979,Orta Risk,0.5461017749645798,Yüksek Risk,0.518412033630765,Yüksek Risk,0.11855036356644807,Orta Risk
ÜMRANİYE,KAZIM KARABEKİR,ÜMRANİYE|KAZIM KARABEKİR,2023,0.20499140795311804,Düşük Risk,0.05457164364119037,Düşük Risk,0.1532789811101849,Orta Risk,0.0012375407056289024,Düşük Risk,0.053386396133067844,Düşük Risk,0.05457164364119037,Düşük Risk,0.5132057068779748,Orta Risk,0.4671490681205256,Orta Risk,0.07114637393679406,Orta Risk
ÜMRANİYE,MADENLER,ÜMRANİYE|MADENLER,2023,0.1509430712140725,Düşük Risk,0.053048071140160635,Düşük Risk,0.1414782358776032,Orta Risk,0.007938543487681358,Orta Risk,0.03922602734280924,Düşük Risk,0.053048071140160635,Düşük Risk,0.5437494106169829,Yüksek Risk,0.504937092541794,Yüksek Risk,0.06159333269155192,Düşük Risk
ÜMRANİYE,MEHMET AKİF,ÜMRANİYE|MEHMET AKİF,2023,0.17626305321941185,Düşük Risk,0.052095952305035755,Düşük Risk,0.1508048433039598,Orta Risk,0.0009211682120435888,Düşük Risk,0.04436385300266779,Düşük Risk,0.052095952305035755,Düşük Risk,0.5373240850063482,Yüksek Risk,0.4898957881223351,Yüksek Risk,0.06372178349139672,Düşük Risk
ÜMRANİYE,NAMIK KEMAL,ÜMRANİYE|NAMIK KEMAL,2023,0.2643670792220608,Orta Risk,0.06497409887315078,Orta Risk,0.17468448310764725,Orta Risk,0.005576708610725866,Düşük Risk,0.05708004432950807,Düşük Risk,0.06497409887315078,Düşük Risk,0.5163141914386947,Orta Risk,0.4788781756521912,Orta Risk,0.07570549598934337,Orta Risk
ÜMRANİYE,NECİP FAZIL,ÜMRANİYE|NECİP FAZIL,2023,0.27336753436756717,Orta Risk,0.06960685190195101,Orta Risk,0.18115500593421965,Orta Risk,0.007827852890454177,Orta Risk,0.056115808345728546,Düşük Risk,0.06960685190195101,Düşük Risk,0.5547586828639143,Yüksek Risk,0.5192640489747692,Yüksek Risk,0.07910400783600738,Orta Risk
ÜMRANİYE,PARSELLER,ÜMRANİYE|PARSELLER,2023,0.4132480748467794,Orta Risk,0.0980885400977651,Orta Risk,0.25568383906557085,Yüksek Risk,0.0005759848548022998,Düşük Risk,0.11369417647431729,Orta Risk,0.0980885400977651,Orta Risk,0.5510524878424119,Yüksek Risk,0.5153229055610657,Yüksek Risk,0.10832018262472487,Orta Risk
ÜMRANİYE,SİTE,ÜMRANİYE|SİTE,2023,0.402596438707809,Orta Risk,0.10843442308305609,Orta Risk,0.27378531386678107,Yüksek Risk,0.0006370337908506637,Düşük Risk,0.10162955428838705,Orta Risk,0.10843442308305609,Düşük Risk,0.5802528083877455,Yüksek Risk,0.566943971874615,Yüksek Risk,0.11722465429030146,Orta Risk
ÜMRANİYE,TANTAVİ,ÜMRANİYE|TANTAVİ,2023,0.15583879582896107,Düşük Risk,0.044604776029565786,Düşük Risk,0.13874226100380696,Düşük Risk,0.00046983857008029735,Düşük Risk,0.035779466356689264,Düşük Risk,0.044604776029565786,Düşük Risk,0.5073009035010647,Orta Risk,0.4578622297005921,Orta Risk,0.06020968293293649,Düşük Risk
ÜMRANİYE,TATLISU,ÜMRANİYE|TATLISU,2023,0.2790835583016384,Orta Risk,0.06465936573220764,Orta Risk,0.1803274982724335,Orta Risk,0.003502867225087512,Düşük Risk,0.056874769008934484,Düşük Risk,0.06465936573220764,Düşük Risk,0.5116607299405413,Orta Risk,0.4799283833960485,Orta Risk,0.072986270991639,Orta Risk
ÜMRANİYE,TEPEÜSTÜ,ÜMRANİYE|TEPEÜSTÜ,2023,0.42029356661478195,Orta Risk,0.11372114105416556,Orta Risk,0.2816775301072278,Yüksek Risk,0.0006756716656228277,Düşük Risk,0.12126258181790611,Orta Risk,0.11372114105416556,Orta Risk,0.5752210163089828,Yüksek Risk,0.5462790003170037,Yüksek Risk,0.12364237131184168,Orta Risk
ÜMRANİYE,TOPAĞACI,ÜMRANİYE|TOPAĞACI,2023,0.293781141261615,Orta Risk,0.06755684018913609,Orta Risk,0.18430472481779317,Orta Risk,0.0007843420283436654,Düşük Risk,0.07037696664216024,Düşük Risk,0.06755684018913609,Düşük Risk,0.5230004166209359,Yüksek Risk,0.4782012016805327,Orta Risk,0.08350412440196917,Orta Risk
ÜMRANİYE,YAMANEVLER,ÜMRANİYE|YAMANEVLER,2023,0.16634770456809272,Düşük Risk,0.05499814915341532,Düşük Risk,0.14625704955115468,Orta Risk,0.006997978207588059,Düşük Risk,0.043099394579428664,Düşük Risk,0.05499814915341532,Düşük Risk,0.5552550049289492,Yüksek Risk,0.5020271923238235,Yüksek Risk,0.06867858453148866,Düşük Risk
ÜMRANİYE,YUKARI DUDULLU,ÜMRANİYE|YUKARI DUDULLU,2023,0.5121564193409711,Yüksek Risk,0.11727770501653999,Orta Risk,0.29317288637674827,Yüksek Risk,0.010304300028992245,Orta Risk,0.11972556045903537,Orta Risk,0.11727770501653999,Orta Risk,0.5890477817171367,Yüksek Risk,0.5636553441458764,Yüksek Risk,0.1275641663683456,Orta Risk
ÜMRANİYE,ÇAKMAK,ÜMRANİYE|ÇAKMAK,2023,0.6969562246664949,Yüksek Risk,0.1565077998124302,Yüksek Risk,0.3754585107957592,Yüksek Risk,0.0008623642180704931,Düşük Risk,0.1386467013869663,Orta Risk,0.1565077998124302,Orta Risk,0.602044672285472,Yüksek Risk,0.596589999090418,Yüksek Risk,0.16191375572302474,Yüksek Risk
ÜMRANİYE,ÇAMLIK,ÜMRANİYE|ÇAMLIK,2023,0.4755381921955197,Yüksek Risk,0.11512245039076248,Orta Risk,0.28697241810132185,Yüksek Risk,0.0006102290118961862,Düşük Risk,0.11954912568353525,Orta Risk,0.11512245039076248,Orta Risk,0.567543911348663,Yüksek Risk,0.5372511153469166,Yüksek Risk,0.125273242902006,Orta Risk
ÜMRANİYE,İNKILAP,ÜMRANİYE|İNKILAP,2023,0.39147752490912296,Orta Risk,0.08905409503810399,Orta Risk,0.22354097282799268,Orta Risk,0.0007291833524002517,Düşük Risk,0.0844944501960508,Orta Risk,0.08905409503810399,Düşük Risk,0.5458432717452361,Yüksek Risk,0.512216768559691,Yüksek Risk,0.09854160956337474,Orta Risk
ÜMRANİYE,İSTİKLAL,ÜMRANİYE|İSTİKLAL,2023,0.414417223618868,Orta Risk,0.09426990627245393,Orta Risk,0.23381867505319062,Orta Risk,0.0005878692898404422,Düşük Risk,0.08551494309427171,Orta Risk,0.09426990627245393,Düşük Risk,0.5327596019870467,Yüksek Risk,0.5103322215258534,Yüksek Risk,0.099253207392441,Orta Risk
ÜMRANİYE,ŞERİFALİ,ÜMRANİYE|ŞERİFALİ,2023,0.2004722575507388,Düşük Risk,0.0504531261567865,Düşük Risk,0.14884250878571506,Orta Risk,0.0006789781196565086,Düşük Risk,0.04380031838456978,Düşük Risk,0.0504531261567865,Düşük Risk,0.5189719247672587,Yüksek Risk,0.4681559656104912,Orta Risk,0.06187007930411019,Düşük Risk
ÜSKÜDAR,ACIBADEM,ÜSKÜDAR|ACIBADEM,2023,0.28709762494815955,Orta Risk,0.07115878273759768,Orta Risk,0.19660303143582336,Orta Risk,0.0006584637805195804,Düşük Risk,0.059887165324730825,Düşük Risk,0.07115878273759768,Düşük Risk,0.5487858812433607,Yüksek Risk,0.5113458506418302,Yüksek Risk,0.08706918989819987,Orta Risk
ÜSKÜDAR,AHMEDİYE,ÜSKÜDAR|AHMEDİYE,2023,0.2193066799624947,Düşük Risk,0.055278906289931096,Düşük Risk,0.16453768793721538,Orta Risk,0.000816799129778192,Düşük Risk,0.05378768226066189,Düşük Risk,0.055278906289931096,Düşük Risk,0.5128177344979077,Orta Risk,0.4724286459173354,Orta Risk,0.06641499808284332,Düşük Risk
ÜSKÜDAR,ALTUNİZADE,ÜSKÜDAR|ALTUNİZADE,2023,0.529482564205341,Yüksek Risk,0.14243557132199577,Yüksek Risk,0.34736386890989346,Yüksek Risk,0.0009930435600477548,Düşük Risk,0.13013305136785575,Orta Risk,0.14243557132199577,Orta Risk,0.6370062711738447,Yüksek Risk,0.6222463767706067,Yüksek Risk,0.15517889691274314,Yüksek Risk
ÜSKÜDAR,AZİZ MAHMUT HÜDAYİ,ÜSKÜDAR|AZİZ MAHMUT HÜDAYİ,2023,0.17271780010737736,Düşük Risk,0.0484745032721173,Düşük Risk,0.14789631668247696,Orta Risk,0.00075671699879457,Düşük Risk,0.04572996664874518,Düşük Risk,0.0484745032721173,Düşük Risk,0.4952152256472563,Orta Risk,0.4605744192927428,Orta Risk,0.058571693977012285,Düşük Risk
ÜSKÜDAR,BAHÇELİEVLER,ÜSKÜDAR|BAHÇELİEVLER,2023,0.451120214083264,Orta Risk,0.1074634389292044,Orta Risk,0.27484522390375016,Yüksek Risk,0.0008846667943047572,Düşük Risk,0.09354419990687236,Orta Risk,0.1074634389292044,Düşük Risk,0.5876739645720723,Yüksek Risk,0.5602728899833205,Yüksek Risk,0.12410404502154923,Orta Risk
ÜSKÜDAR,BARBAROS,ÜSKÜDAR|BARBAROS,2023,0.2296645023706811,Orta Risk,0.06384951281025496,Orta Risk,0.1777825033085307,Orta Risk,0.0075222423247428664,Orta Risk,0.05271825321995146,Düşük Risk,0.06384951281025496,Düşük Risk,0.5401883759512427,Yüksek Risk,0.5097797501759577,Yüksek Risk,0.07371682838856497,Orta Risk
ÜSKÜDAR,BEYLERBEYİ,ÜSKÜDAR|BEYLERBEYİ,2023,0.3919244278913439,Orta Risk,0.0956038392787386,Orta Risk,0.2600025219583981,Yüksek Risk,0.0008666275955948513,Düşük Risk,0.11284485324096657,Orta Risk,0.0956038392787386,Orta Risk,0.5684254026043228,Yüksek Risk,0.5370213217834315,Yüksek Risk,0.10662070537252852,Orta Risk
ÜSKÜDAR,BULGURLU,ÜSKÜDAR|BULGURLU,2023,0.294257573962037,Orta Risk,0.07366253977587217,Orta Risk,0.2028552034638456,Orta Risk,0.0005867599556737482,Düşük Risk,0.0613654025818435,Düşük Risk,0.07366253977587217,Düşük Risk,0.5483332110093144,Yüksek Risk,0.5155689929001076,Yüksek Risk,0.08630261163060544,Orta Risk
ÜSKÜDAR,BURHANİYE,ÜSKÜDAR|BURHANİYE,2023,0.3634938145860701,Orta Risk,0.08440021800896386,Orta Risk,0.23055840527025917,Orta Risk,0.000817184065666945,Düşük Risk,0.07553610845307862,Düşük Risk,0.08440021800896386,Düşük Risk,0.556092174641605,Yüksek Risk,0.5276903828729497,Yüksek Risk,0.09497625102728349,Orta Risk
ÜSKÜDAR,CUMHURİYET,ÜSKÜDAR|CUMHURİYET,2023,0.46352555751663804,Orta Risk,0.10328589315307488,Orta Risk,0.2661732411607216,Yüksek Risk,0.0007407804781268652,Düşük Risk,0.09313723309010677,Orta Risk,0.10328589315307488,Düşük Risk,0.5641574717766226,Yüksek Risk,0.5383853732312522,Yüksek Risk,0.11538651498242747,Orta Risk
ÜSKÜDAR,FERAH,ÜSKÜDAR|FERAH,2023,0.3971740526170414,Orta Risk,0.09143388092792411,Orta Risk,0.2451141695337392,Orta Risk,0.0007916507868131562,Düşük Risk,0.08134815079106482,Orta Risk,0.09143388092792411,Düşük Risk,0.5662539115546302,Yüksek Risk,0.538641404826456,Yüksek Risk,0.1043360004919064,Orta Risk
ÜSKÜDAR,GÜZELTEPE,ÜSKÜDAR|GÜZELTEPE,2023,0.5509546019348426,Yüksek Risk,0.12483628641010419,Yüksek Risk,0.32542671863964123,Yüksek Risk,0.0017252730093780264,Düşük Risk,0.12648744217733482,Orta Risk,0.12483628641010419,Orta Risk,0.5822337405069924,Yüksek Risk,0.5682450789555167,Yüksek Risk,0.13759979731778993,Yüksek Risk
ÜSKÜDAR,KANDİLLİ,ÜSKÜDAR|KANDİLLİ,2023,0.3202398709416306,Orta Risk,0.0997211142635661,Orta Risk,0.25405057080932125,Orta Risk,0.0013528385774261406,Düşük Risk,0.11940623042654969,Orta Risk,0.0997211142635661,Orta Risk,0.5307926081282778,Yüksek Risk,0.49923219074269926,Yüksek Risk,0.10322578327432962,Orta Risk
ÜSKÜDAR,KISIKLI,ÜSKÜDAR|KISIKLI,2023,0.45393648928424957,Orta Risk,0.11181950823345431,Orta Risk,0.2834528994340112,Yüksek Risk,0.0009252576727858546,Düşük Risk,0.0953824761340105,Orta Risk,0.11181950823345431,Düşük Risk,0.5961735476976375,Yüksek Risk,0.5746612621429992,Yüksek Risk,0.12422557989862573,Orta Risk
ÜSKÜDAR,KULELİ,ÜSKÜDAR|KULELİ,2023,0.3424132524373199,Orta Risk,0.09848708477165272,Orta Risk,0.26018602781425043,Yüksek Risk,0.000641581205490458,Düşük Risk,0.11872028923325184,Orta Risk,0.09848708477165272,Orta Risk,0.5419353672834792,Yüksek Risk,0.5106454247251943,Yüksek Risk,0.10650203448479813,Orta Risk
ÜSKÜDAR,KUZGUNCUK,ÜSKÜDAR|KUZGUNCUK,2023,0.3812627623377859,Orta Risk,0.09046282259137128,Orta Risk,0.24972374644949535,Orta Risk,0.0008632066280514495,Düşük Risk,0.11187066467400597,Orta Risk,0.09046282259137128,Orta Risk,0.5528530901146773,Yüksek Risk,0.5167613648168613,Yüksek Risk,0.09964185425580314,Orta Risk
ÜSKÜDAR,KÜPLÜCE,ÜSKÜDAR|KÜPLÜCE,2023,0.31552297150390995,Orta Risk,0.07519413682832489,Orta Risk,0.2099451757741315,Orta Risk,0.0007548104930374002,Düşük Risk,0.0657472301462113,Düşük Risk,0.07519413682832489,Düşük Risk,0.5500448585729113,Yüksek Risk,0.5191046143600696,Yüksek Risk,0.08740865264950831,Orta Risk
ÜSKÜDAR,KÜÇÜK ÇAMLICA,ÜSKÜDAR|KÜÇÜK ÇAMLICA,2023,0.21838516912358227,Düşük Risk,0.06601828324397326,Orta Risk,0.1782593488760523,Orta Risk,0.0203699981407247,Orta Risk,0.05653832127466561,Düşük Risk,0.06601828324397326,Düşük Risk,0.5648521884889168,Yüksek Risk,0.5230761097164616,Yüksek Risk,0.081065264282242,Orta Risk
ÜSKÜDAR,KÜÇÜKSU,ÜSKÜDAR|KÜÇÜKSU,2023,0.47333870940853295,Yüksek Risk,0.10914115201074671,Orta Risk,0.2873118834328598,Yüksek Risk,0.0007561144948228289,Düşük Risk,0.11653476015628247,Orta Risk,0.10914115201074671,Orta Risk,0.5795724318977057,Yüksek Risk,0.5559629694378166,Yüksek Risk,0.11876855580028464,Orta Risk
ÜSKÜDAR,KİRAZLITEPE,ÜSKÜDAR|KİRAZLITEPE,2023,0.25512801351394143,Orta Risk,0.06166626092818648,Orta Risk,0.18264249809365357,Orta Risk,0.0006782997812052231,Düşük Risk,0.057106485845311125,Düşük Risk,0.06166626092818648,Düşük Risk,0.5390512647585306,Yüksek Risk,0.49086663105841655,Yüksek Risk,0.07627349102980871,Orta Risk
ÜSKÜDAR,MEHMET AKİF ERSOY,ÜSKÜDAR|MEHMET AKİF ERSOY,2023,0.3722450414760759,Orta Risk,0.0839550445884211,Orta Risk,0.23202171281691114,Orta Risk,0.0012749273035112276,Düşük Risk,0.08313790713971958,Orta Risk,0.0839550445884211,Düşük Risk,0.5414631655057504,Yüksek Risk,0.5023081257091848,Yüksek Risk,0.09941419608685306,Orta Risk
ÜSKÜDAR,MURATREİS,ÜSKÜDAR|MURATREİS,2023,0.5550989885407409,Yüksek Risk,0.15411339037392152,Yüksek Risk,0.3732399792599548,Yüksek Risk,0.000943415616774683,Düşük Risk,0.13853355105510204,Orta Risk,0.15411339037392152,Orta Risk,0.6208491938948755,Yüksek Risk,0.6226002987299889,Yüksek Risk,0.16306793833835326,Yüksek Risk
ÜSKÜDAR,MİMAR SİNAN,ÜSKÜDAR|MİMAR SİNAN,2023,0.2144511759997053,Düşük Risk,0.05280774309556749,Düşük Risk,0.16061712463095915,Orta Risk,0.0006978604847439977,Düşük Risk,0.050512838393695594,Düşük Risk,0.05280774309556749,Düşük Risk,0.5061835565602021,Orta Risk,0.4593994410633032,Orta Risk,0.06488302186615758,Düşük Risk
ÜSKÜDAR,SALACAK,ÜSKÜDAR|SALACAK,2023,0.10616537188039128,Düşük Risk,0.036129116992882244,Düşük Risk,0.12260742399786934,Düşük Risk,0.0009796435434389415,Düşük Risk,0.029325912436217027,Düşük Risk,0.036129116992882244,Düşük Risk,0.48471596854896226,Orta Risk,0.43842051421651884,Orta Risk,0.046276865043438795,Düşük Risk
ÜSKÜDAR,SELAMİ ALİ,ÜSKÜDAR|SELAMİ ALİ,2023,0.4500006089992993,Orta Risk,0.12967512545712484,Yüksek Risk,0.3171931256255901,Yüksek Risk,0.0009235207688242158,Düşük Risk,0.12549025104329617,Orta Risk,0.12967512545712484,Orta Risk,0.6089521687090849,Yüksek Risk,0.6003245151559612,Yüksek Risk,0.13766617467753553,Yüksek Risk
ÜSKÜDAR,SELİMİYE,ÜSKÜDAR|SELİMİYE,2023,0.0913009413894243,Düşük Risk,0.0318423176458923,Düşük Risk,0.11066483066469138,Düşük Risk,0.0005221337987399646,Düşük Risk,0.026846441439056568,Düşük Risk,0.0318423176458923,Düşük Risk,0.45340243037220185,Orta Risk,0.4001611395629425,Orta Risk,0.041121733164045486,Düşük Risk
ÜSKÜDAR,SULTANTEPE,ÜSKÜDAR|SULTANTEPE,2023,0.41133986231871966,Orta Risk,0.11409885946613478,Orta Risk,0.29194568889933786,Yüksek Risk,0.0007799475198915818,Düşük Risk,0.12126471676899675,Orta Risk,0.11409885946613478,Orta Risk,0.5799051262984458,Yüksek Risk,0.5648075654705093,Yüksek Risk,0.12231260400579982,Orta Risk
ÜSKÜDAR,VALİDE-İ ATİK,ÜSKÜDAR|VALİDE-İ ATİK,2023,0.5978507047246596,Yüksek Risk,0.13026371215522972,Yüksek Risk,0.336248564224324,Yüksek Risk,0.0008172586064592219,Düşük Risk,0.1276774778805318,Orta Risk,0.13026371215522972,Orta Risk,0.5751568487344221,Yüksek Risk,0.5593508597895755,Yüksek Risk,0.13925756719440552,Yüksek Risk
ÜSKÜDAR,YAVUZTÜRK,ÜSKÜDAR|YAVUZTÜRK,2023,0.3858250307144409,Orta Risk,0.08950308866540631,Orta Risk,0.23309431654195237,Orta Risk,0.0007498419395669322,Düşük Risk,0.08432637277155396,Orta Risk,0.08950308866540631,Düşük Risk,0.5551093538171827,Yüksek Risk,0.5210246633994995,Yüksek Risk,0.10387763242422252,Orta Risk
ÜSKÜDAR,ZEYNEP KAMİL,ÜSKÜDAR|ZEYNEP KAMİL,2023,0.23845333875094635,Orta Risk,0.062059069024410204,Orta Risk,0.1809367942804549,Orta Risk,0.000687462240180207,Düşük Risk,0.053721440534608145,Düşük Risk,0.062059069024410204,Düşük Risk,0.5357822096644368,Yüksek Risk,0.4980015377616561,Yüksek Risk,0.07313616185621405,Orta Risk
ÜSKÜDAR,ÇENGELKÖY,ÜSKÜDAR|ÇENGELKÖY,2023,0.5196592253774253,Yüksek Risk,0.11315415324531541,Orta Risk,0.30009025833344183,Yüksek Risk,0.0008859616266420286,Düşük Risk,0.1217595940982673,Orta Risk,0.11315415324531541,Orta Risk,0.5672663715379979,Yüksek Risk,0.5431553482946132,Yüksek Risk,0.12268665259804161,Orta Risk
ÜSKÜDAR,ÜNALAN,ÜSKÜDAR|ÜNALAN,2023,0.5765760905140357,Yüksek Risk,0.13108328181200585,Yüksek Risk,0.32119122464755556,Yüksek Risk,0.01446859255580455,Orta Risk,0.11665565607951531,Orta Risk,0.13108328181200585,Düşük Risk,0.6068859487914589,Yüksek Risk,0.5879260873875125,Yüksek Risk,0.14599343441480356,Yüksek Risk
ÜSKÜDAR,İCADİYE,ÜSKÜDAR|İCADİYE,2023,0.5940954920659783,Yüksek Risk,0.13952244431916053,Yüksek Risk,0.354234383382062,Yüksek Risk,0.0008784082671931578,Düşük Risk,0.1314310303284405,Orta Risk,0.13952244431916053,Orta Risk,0.5894044593323161,Yüksek Risk,0.5879361842848945,Yüksek Risk,0.14486103922805785,Yüksek Risk
ŞİLE,AHMETLİ,ŞİLE|AHMETLİ,2023,0.3727290633528189,Orta Risk,0.0909840773699192,Orta Risk,0.20171130881342067,Orta Risk,0.00874353005111257,Orta Risk,0.11260550622468626,Orta Risk,0.0909840773699192,Orta Risk,0.5119941968351639,Yüksek Risk,0.47221734112512637,Orta Risk,0.09540989367438092,Orta Risk
ŞİLE,AKÇAKESE,ŞİLE|AKÇAKESE,2023,0.12757015716455433,Düşük Risk,0.030393420573657157,Düşük Risk,0.0710569580641712,Düşük Risk,0.0002272740162241178,Düşük Risk,0.028508219277600822,Düşük Risk,0.030393420573657157,Düşük Risk,0.3911231173969964,Düşük Risk,0.3399048030028955,Orta Risk,0.03369328145282115,Düşük Risk
ŞİLE,ALACALI,ŞİLE|ALACALI,2023,0.12327289136454128,Düşük Risk,0.04714046637501903,Düşük Risk,0.0931535453222726,Düşük Risk,0.0031264403092167298,Düşük Risk,0.04723266828512142,Düşük Risk,0.04714046637501903,Düşük Risk,0.43634794720136594,Orta Risk,0.39725636022883476,Orta Risk,0.04991946217673584,Düşük Risk
ŞİLE,AVCIKORU,ŞİLE|AVCIKORU,2023,0.04958729554930663,Düşük Risk,0.019895540779843058,Düşük Risk,0.04523696927421564,Düşük Risk,0.0001750985016538869,Düşük Risk,0.019830267833536166,Düşük Risk,0.019895540779843058,Düşük Risk,0.38293053725198983,Düşük Risk,0.30019918014721997,Düşük Risk,0.026677278046830663,Düşük Risk
ŞİLE,AĞAÇDERE,ŞİLE|AĞAÇDERE,2023,0.005912203172476697,Düşük Risk,0.0029613420228471487,Düşük Risk,0.012231602767787137,Düşük Risk,1.5030921475339321e-05,Düşük Risk,0.004189927308974173,Düşük Risk,0.0029613420228471487,Düşük Risk,0.20984439134340746,Düşük Risk,0.10950845502327575,Düşük Risk,0.005635445322152807,Düşük Risk
ŞİLE,AĞVA MERKEZ,ŞİLE|AĞVA MERKEZ,2023,0.03600302264053642,Düşük Risk,0.009266436791318496,Düşük Risk,0.020887033906111956,Düşük Risk,0.0005896226351652379,Düşük Risk,0.011518298044676146,Düşük Risk,0.009266436791318496,Düşük Risk,0.2589625483692779,Düşük Risk,0.1801081306457543,Düşük Risk,0.011829565749875353,Düşük Risk
ŞİLE,BALİBEY,ŞİLE|BALİBEY,2023,0.12233577213755606,Düşük Risk,0.03517085868541737,Düşük Risk,0.06580593404767063,Düşük Risk,0.006635579968620468,Düşük Risk,0.03297872942412407,Düşük Risk,0.03517085868541737,Düşük Risk,0.4021287756579615,Düşük Risk,0.34022662408655446,Orta Risk,0.04109346414944896,Düşük Risk
ŞİLE,BIÇKIDERE,ŞİLE|BIÇKIDERE,2023,0.06215440891146517,Düşük Risk,0.01684765884235337,Düşük Risk,0.03798658398103027,Düşük Risk,0.00016244010747756664,Düşük Risk,0.0169948605660722,Düşük Risk,0.01684765884235337,Düşük Risk,0.33701893777828146,Düşük Risk,0.27156524408370947,Düşük Risk,0.019440698917988698,Düşük Risk
ŞİLE,BOZGOCA,ŞİLE|BOZGOCA,2023,0.038979862143563394,Düşük Risk,0.014289550972366054,Düşük Risk,0.029462232503542556,Düşük Risk,0.00021999835049788514,Düşük Risk,0.014122951603440105,Düşük Risk,0.014289550972366054,Düşük Risk,0.3210463004744751,Düşük Risk,0.2661183610338153,Düşük Risk,0.016673042646208204,Düşük Risk
ŞİLE,BUCAKLI,ŞİLE|BUCAKLI,2023,0.017894888604912437,Düşük Risk,0.005988659680902894,Düşük Risk,0.015301341983492192,Düşük Risk,2.964415794645337e-05,Düşük Risk,0.006211531673187089,Düşük Risk,0.005988659680902894,Düşük Risk,0.253884358375698,Düşük Risk,0.1509421695909589,Düşük Risk,0.009853653087678186,Düşük Risk
ŞİLE,DARLIK,ŞİLE|DARLIK,2023,0.013107119865882047,Düşük Risk,0.008026290497212494,Düşük Risk,0.021913805315462328,Düşük Risk,3.088311199979615e-05,Düşük Risk,0.010465674242173881,Düşük Risk,0.008026290497212494,Düşük Risk,0.24195410817926116,Düşük Risk,0.1605559269056172,Düşük Risk,0.010693312362041497,Düşük Risk
ŞİLE,DEĞİRMENÇAYIRI,ŞİLE|DEĞİRMENÇAYIRI,2023,0.04747613665152449,Düşük Risk,0.014504167409170605,Düşük Risk,0.03223186479859118,Düşük Risk,0.00013272601611615545,Düşük Risk,0.012503665780682157,Düşük Risk,0.014504167409170605,Düşük Risk,0.29573619956703145,Düşük Risk,0.26071539100769525,Düşük Risk,0.01575766897471526,Düşük Risk
ŞİLE,DOĞANCILI,ŞİLE|DOĞANCILI,2023,0.06418178788105315,Düşük Risk,0.01613787824451581,Düşük Risk,0.03633611633554041,Düşük Risk,0.00010163435542084496,Düşük Risk,0.015958698102174016,Düşük Risk,0.01613787824451581,Düşük Risk,0.3090668360066261,Düşük Risk,0.22728118156557003,Düşük Risk,0.020229818811070582,Düşük Risk
ŞİLE,ERENLER,ŞİLE|ERENLER,2023,0.010652315446061125,Düşük Risk,0.005137559051445391,Düşük Risk,0.01843731002595855,Düşük Risk,3.6669344591412775e-05,Düşük Risk,0.005681869452406404,Düşük Risk,0.005137559051445391,Düşük Risk,0.23326304952766885,Düşük Risk,0.14753993448712324,Düşük Risk,0.007950880500248348,Düşük Risk
ŞİLE,ESENCELİ,ŞİLE|ESENCELİ,2023,0.005875454425810877,Düşük Risk,0.007652746781111665,Düşük Risk,0.02907300013323956,Düşük Risk,2.622263555583541e-05,Düşük Risk,0.0100357901239795,Düşük Risk,0.007652746781111665,Düşük Risk,0.2359822574061989,Düşük Risk,0.14301136504277773,Düşük Risk,0.011145683137521645,Düşük Risk
ŞİLE,GEREDELİ,ŞİLE|GEREDELİ,2023,0.07200129824090498,Düşük Risk,0.018460514495462214,Düşük Risk,0.041982584213419306,Düşük Risk,0.00015521657972809985,Düşük Risk,0.01600538951818907,Düşük Risk,0.018460514495462214,Düşük Risk,0.34269808677344465,Düşük Risk,0.28884851262959316,Düşük Risk,0.02086293360490317,Düşük Risk
ŞİLE,GÖKMAŞLI,ŞİLE|GÖKMAŞLI,2023,0.02728519003920112,Düşük Risk,0.01465929835162773,Düşük Risk,0.03684475712372198,Düşük Risk,0.00012205141447920287,Düşük Risk,0.015269739481749025,Düşük Risk,0.01465929835162773,Düşük Risk,0.310438912095264,Düşük Risk,0.2585412168496417,Düşük Risk,0.01675950329372122,Düşük Risk
ŞİLE,GÖKSU,ŞİLE|GÖKSU,2023,0.04282988157837425,Düşük Risk,0.018611680279336386,Düşük Risk,0.04621579000133137,Düşük Risk,0.00013212688986738747,Düşük Risk,0.016809346291865247,Düşük Risk,0.018611680279336386,Düşük Risk,0.3605413232822368,Düşük Risk,0.29421249510237507,Düşük Risk,0.023692043160714084,Düşük Risk
ŞİLE,GÖÇE,ŞİLE|GÖÇE,2023,0.06373340764361592,Düşük Risk,0.018170475715876228,Düşük Risk,0.04210978053019815,Düşük Risk,0.00014594475589422472,Düşük Risk,0.015951545359622076,Düşük Risk,0.018170475715876228,Düşük Risk,0.3456389238074263,Düşük Risk,0.2813433622435611,Düşük Risk,0.022263085831218547,Düşük Risk
ŞİLE,HACI KASIM,ŞİLE|HACI KASIM,2023,0.036394374615406185,Düşük Risk,0.016559738964938467,Düşük Risk,0.030934143409055946,Düşük Risk,0.000691954220832062,Düşük Risk,0.015334141835084903,Düşük Risk,0.016559738964938467,Düşük Risk,0.35318864228112123,Düşük Risk,0.26932655379015863,Düşük Risk,0.02730893670304362,Düşük Risk
ŞİLE,HACILLI,ŞİLE|HACILLI,2023,0.016106205178901743,Düşük Risk,0.006189709909341248,Düşük Risk,0.012492358637960199,Düşük Risk,4.105229054347811e-05,Düşük Risk,0.007263939747043987,Düşük Risk,0.006189709909341248,Düşük Risk,0.23618320586528274,Düşük Risk,0.16769045894764445,Düşük Risk,0.007532503130238476,Düşük Risk
ŞİLE,HASANLI,ŞİLE|HASANLI,2023,0.019770494391378506,Düşük Risk,0.009159159332824327,Düşük Risk,0.0206235787813314,Düşük Risk,9.298887492261756e-05,Düşük Risk,0.00868121329087291,Düşük Risk,0.009159159332824327,Düşük Risk,0.2731768873267988,Düşük Risk,0.21038124548279363,Düşük Risk,0.011632449619719513,Düşük Risk
ŞİLE,KABAKOZ,ŞİLE|KABAKOZ,2023,0.08360119265089098,Düşük Risk,0.021437422989238796,Düşük Risk,0.04579640500120949,Düşük Risk,0.00018467985252829903,Düşük Risk,0.02090021041080199,Düşük Risk,0.021437422989238796,Düşük Risk,0.36177145090107404,Düşük Risk,0.2925050815588805,Düşük Risk,0.026236925857246775,Düşük Risk
ŞİLE,KADIKÖY,ŞİLE|KADIKÖY,2023,0.012299353929467467,Düşük Risk,0.007630679662304763,Düşük Risk,0.02405471273008475,Düşük Risk,1.922703110532579e-05,Düşük Risk,0.009140631354277711,Düşük Risk,0.007630679662304763,Düşük Risk,0.20594627547592836,Düşük Risk,0.14023292662801654,Düşük Risk,0.008859964616950019,Düşük Risk
ŞİLE,KALEM,ŞİLE|KALEM,2023,0.02856030172372908,Düşük Risk,0.010788503731790206,Düşük Risk,0.028288885891251628,Düşük Risk,3.802414244191065e-05,Düşük Risk,0.011541735888462397,Düşük Risk,0.010788503731790206,Düşük Risk,0.2709542259532978,Düşük Risk,0.19232469911771213,Düşük Risk,0.013536534859082395,Düşük Risk
ŞİLE,KARABEYLİ,ŞİLE|KARABEYLİ,2023,0.03401407825359566,Düşük Risk,0.012206201726351064,Düşük Risk,0.029242582524294996,Düşük Risk,0.00015440456177066332,Düşük Risk,0.012367115974217658,Düşük Risk,0.012206201726351064,Düşük Risk,0.32422713740941916,Düşük Risk,0.23821606925864694,Düşük Risk,0.017566678494446302,Düşük Risk
ŞİLE,KARACAKÖY,ŞİLE|KARACAKÖY,2023,0.04063257891432827,Düşük Risk,0.00936292906369636,Düşük Risk,0.022160257865226365,Düşük Risk,5.286292799677003e-05,Düşük Risk,0.01161153890791722,Düşük Risk,0.00936292906369636,Düşük Risk,0.27666596226378315,Düşük Risk,0.18181524355379133,Düşük Risk,0.012837701546025817,Düşük Risk
ŞİLE,KARAKİRAZ,ŞİLE|KARAKİRAZ,2023,0.03584284172346379,Düşük Risk,0.008949563306520497,Düşük Risk,0.02107736193262295,Düşük Risk,4.943908815792899e-05,Düşük Risk,0.009559749459715584,Düşük Risk,0.008949563306520497,Düşük Risk,0.2825493593614214,Düşük Risk,0.184163075506929,Düşük Risk,0.012922315783175112,Düşük Risk
ŞİLE,KARAMANDERE,ŞİLE|KARAMANDERE,2023,0.01938555025943026,Düşük Risk,0.005462304490282142,Düşük Risk,0.012614123698739887,Düşük Risk,3.227415090100975e-05,Düşük Risk,0.005714920858623257,Düşük Risk,0.005462304490282142,Düşük Risk,0.2543820941429315,Düşük Risk,0.1481060131883621,Düşük Risk,0.009271952547794544,Düşük Risk
ŞİLE,KERVANSARAY,ŞİLE|KERVANSARAY,2023,0.04699184708651259,Düşük Risk,0.018691037026451134,Düşük Risk,0.03675064519064869,Düşük Risk,0.00012958278285509671,Düşük Risk,0.021587087724984865,Düşük Risk,0.018691037026451134,Düşük Risk,0.3599078527337442,Düşük Risk,0.2700436956943548,Düşük Risk,0.02411217111357456,Düşük Risk
ŞİLE,KIZILCA,ŞİLE|KIZILCA,2023,0.09916704573648934,Düşük Risk,0.03491998168828686,Düşük Risk,0.07803333146069558,Düşük Risk,0.0004547872565088538,Düşük Risk,0.03271710628946352,Düşük Risk,0.03491998168828686,Düşük Risk,0.4187786916618045,Orta Risk,0.3768911487262522,Orta Risk,0.0380422348127686,Düşük Risk
ŞİLE,KORUCU,ŞİLE|KORUCU,2023,0.012520598744536584,Düşük Risk,0.006455512524729943,Düşük Risk,0.024536600835387952,Düşük Risk,3.0917619773675864e-05,Düşük Risk,0.007653093015313734,Düşük Risk,0.006455512524729943,Düşük Risk,0.24421570205977458,Düşük Risk,0.1531521747386727,Düşük Risk,0.009682972123085023,Düşük Risk
ŞİLE,KUMBABA,ŞİLE|KUMBABA,2023,0.10839487825672192,Düşük Risk,0.025613504720872017,Düşük Risk,0.05736130003897387,Düşük Risk,0.00021281271897187303,Düşük Risk,0.024744903121589324,Düşük Risk,0.025613504720872017,Düşük Risk,0.39858303706332665,Orta Risk,0.32346773742324825,Düşük Risk,0.032759597779353264,Düşük Risk
ŞİLE,KURFALLI,ŞİLE|KURFALLI,2023,0.0261913180705077,Düşük Risk,0.0075240628102614,Düşük Risk,0.021880999714202907,Düşük Risk,4.237724005707469e-05,Düşük Risk,0.008053560103948372,Düşük Risk,0.0075240628102614,Düşük Risk,0.26422731558734364,Düşük Risk,0.17235878583143832,Düşük Risk,0.011038180543662138,Düşük Risk
ŞİLE,KURNA,ŞİLE|KURNA,2023,0.04047267466043055,Düşük Risk,0.01237973293502156,Düşük Risk,0.03139548366505639,Düşük Risk,5.0875296025409125e-05,Düşük Risk,0.012803900095169332,Düşük Risk,0.01237973293502156,Düşük Risk,0.2905393531168029,Düşük Risk,0.20663041763880596,Düşük Risk,0.01657916610695287,Düşük Risk
ŞİLE,KÖMÜRLÜK,ŞİLE|KÖMÜRLÜK,2023,0.04815531951046056,Düşük Risk,0.020117698451433397,Düşük Risk,0.04429232030072263,Düşük Risk,0.0001885847258344617,Düşük Risk,0.022120145451920464,Düşük Risk,0.020117698451433397,Düşük Risk,0.35839786006867463,Düşük Risk,0.2925034175218099,Düşük Risk,0.023922920812944226,Düşük Risk
ŞİLE,MEŞRUTİYET,ŞİLE|MEŞRUTİYET,2023,0.04673728989556637,Düşük Risk,0.01821618608680357,Düşük Risk,0.03646593010248234,Düşük Risk,0.0007354985626036257,Düşük Risk,0.014712314982510282,Düşük Risk,0.01821618608680357,Düşük Risk,0.3526595043209742,Düşük Risk,0.29628140965758315,Düşük Risk,0.022364101681136717,Düşük Risk
ŞİLE,ORUÇOĞLU,ŞİLE|ORUÇOĞLU,2023,0.0682863972156964,Düşük Risk,0.01832907678560025,Düşük Risk,0.04120082505187251,Düşük Risk,0.00016898963051435015,Düşük Risk,0.017474462732081024,Düşük Risk,0.01832907678560025,Düşük Risk,0.3570870123006682,Düşük Risk,0.2898044126080636,Düşük Risk,0.021876683894624507,Düşük Risk
ŞİLE,OSMANKÖY,ŞİLE|OSMANKÖY,2023,0.030745193763338896,Düşük Risk,0.010716452676246496,Düşük Risk,0.028911320796087006,Düşük Risk,0.00012415052136479268,Düşük Risk,0.010040374736232418,Düşük Risk,0.010716452676246496,Düşük Risk,0.2990316961308221,Düşük Risk,0.23230794745643915,Düşük Risk,0.013699463327112093,Düşük Risk
ŞİLE,OVACIK,ŞİLE|OVACIK,2023,0.02438395442544722,Düşük Risk,0.011282035533336577,Düşük Risk,0.023779709350848305,Düşük Risk,0.00012896158292479963,Düşük Risk,0.012810068517851138,Düşük Risk,0.011282035533336577,Düşük Risk,0.2895214178667187,Düşük Risk,0.23177730025855517,Düşük Risk,0.013075768734326336,Düşük Risk
ŞİLE,SAHİLKÖY,ŞİLE|SAHİLKÖY,2023,0.11665832984860366,Düşük Risk,0.03391497766063215,Düşük Risk,0.07384788132704687,Düşük Risk,0.009480206040292531,Orta Risk,0.029380585273483212,Düşük Risk,0.03391497766063215,Düşük Risk,0.4120583173584026,Orta Risk,0.3808224792591788,Orta Risk,0.036570601264370145,Düşük Risk
ŞİLE,SATMAZLI,ŞİLE|SATMAZLI,2023,0.03152837248011173,Düşük Risk,0.008247789574566617,Düşük Risk,0.022257174184829157,Düşük Risk,3.756952967742158e-05,Düşük Risk,0.008965166742753975,Düşük Risk,0.008247789574566617,Düşük Risk,0.2699589084122212,Düşük Risk,0.17217504314032486,Düşük Risk,0.011991842383838406,Düşük Risk
ŞİLE,SOFULAR,ŞİLE|SOFULAR,2023,0.06623475777398098,Düşük Risk,0.03414159286636065,Düşük Risk,0.06475627213886745,Düşük Risk,0.002131589938342589,Düşük Risk,0.04356853812652556,Düşük Risk,0.03414159286636065,Düşük Risk,0.3857783599359707,Düşük Risk,0.3165979336339783,Düşük Risk,0.037642375288031264,Düşük Risk
ŞİLE,SORTULLU,ŞİLE|SORTULLU,2023,0.006693641376899628,Düşük Risk,0.00205808713538668,Düşük Risk,0.0065490994682192594,Düşük Risk,1.300525550040128e-05,Düşük Risk,0.002569759978912492,Düşük Risk,0.00205808713538668,Düşük Risk,0.19778586993667022,Düşük Risk,0.0978940084291717,Düşük Risk,0.004288286441482449,Düşük Risk
ŞİLE,SOĞULLU,ŞİLE|SOĞULLU,2023,0.020737072933443467,Düşük Risk,0.010183192788845679,Düşük Risk,0.02012659943668133,Düşük Risk,4.321914930183508e-05,Düşük Risk,0.013989244959990505,Düşük Risk,0.010183192788845679,Düşük Risk,0.29145239214434204,Düşük Risk,0.19266785181459375,Düşük Risk,0.013562087740878127,Düşük Risk
ŞİLE,TEKE,ŞİLE|TEKE,2023,0.029133340410593095,Düşük Risk,0.011766047249456799,Düşük Risk,0.02486242061910061,Düşük Risk,0.00025029745066240916,Düşük Risk,0.009724180652004442,Düşük Risk,0.011766047249456799,Düşük Risk,0.29811188493301805,Düşük Risk,0.2426980132694496,Düşük Risk,0.014962150225080758,Düşük Risk
ŞİLE,ULUPELİT,ŞİLE|ULUPELİT,2023,0.04869925478835898,Düşük Risk,0.017262852312130504,Düşük Risk,0.0433662831415592,Düşük Risk,0.0001303798087081534,Düşük Risk,0.017228668052588034,Düşük Risk,0.017262852312130504,Düşük Risk,0.3464157791867691,Düşük Risk,0.2817717445971418,Düşük Risk,0.020411834139520402,Düşük Risk
ŞİLE,YAKA,ŞİLE|YAKA,2023,0.020166435566506855,Düşük Risk,0.007864711975796437,Düşük Risk,0.018772039701800563,Düşük Risk,2.6754365203612623e-05,Düşük Risk,0.009341113248679317,Düşük Risk,0.007864711975796437,Düşük Risk,0.23188829314684833,Düşük Risk,0.15694148416638906,Düşük Risk,0.009509805924046147,Düşük Risk
ŞİLE,YAYLALI,ŞİLE|YAYLALI,2023,0.0034568237908959875,Düşük Risk,0.0018729075856363854,Düşük Risk,0.007849919608052976,Düşük Risk,1.30852058547522e-05,Düşük Risk,0.0027109958786795466,Düşük Risk,0.0018729075856363854,Düşük Risk,0.20355473449147365,Düşük Risk,0.09195653784606245,Düşük Risk,0.005019895874636509,Düşük Risk
ŞİLE,YAZIMANAYIR,ŞİLE|YAZIMANAYIR,2023,0.010297548841116135,Düşük Risk,0.002814375469010358,Düşük Risk,0.008150614613533166,Düşük Risk,1.5918067878810153e-05,Düşük Risk,0.0034222312675699397,Düşük Risk,0.002814375469010358,Düşük Risk,0.21573716021800834,Düşük Risk,0.11087538122692389,Düşük Risk,0.005477952343520425,Düşük Risk
ŞİLE,YENİKÖY,ŞİLE|YENİKÖY,2023,0.02351732871470434,Düşük Risk,0.008924468389734383,Düşük Risk,0.019970248150620633,Düşük Risk,8.311171857413926e-05,Düşük Risk,0.008438558781596274,Düşük Risk,0.008924468389734383,Düşük Risk,0.2973419705349459,Düşük Risk,0.20427535770238514,Düşük Risk,0.01388928450297376,Düşük Risk
ŞİLE,YEŞİLVADİ,ŞİLE|YEŞİLVADİ,2023,0.062070769594142025,Düşük Risk,0.02281265487834854,Düşük Risk,0.04999511561673305,Düşük Risk,0.00014832828097681748,Düşük Risk,0.021488847611357473,Düşük Risk,0.02281265487834854,Düşük Risk,0.38751303066130527,Düşük Risk,0.31254071765120084,Düşük Risk,0.02826421892809999,Düşük Risk
ŞİLE,ÇATAKLI,ŞİLE|ÇATAKLI,2023,0.020712116627112614,Düşük Risk,0.009980614755577478,Düşük Risk,0.018984638435845774,Düşük Risk,2.9820671614209917e-05,Düşük Risk,0.014025862852213255,Düşük Risk,0.009980614755577478,Düşük Risk,0.2605840187176534,Düşük Risk,0.17768228103743283,Düşük Risk,0.011283306878373294,Düşük Risk
ŞİLE,ÇAVUŞ,ŞİLE|ÇAVUŞ,2023,0.44593765883852476,Orta Risk,0.09152509654530079,Orta Risk,0.20738924756698301,Orta Risk,0.000729200472295812,Düşük Risk,0.09204985391777652,Orta Risk,0.09152509654530079,Orta Risk,0.4823604345486517,Yüksek Risk,0.4457238717968768,Orta Risk,0.09436923692282254,Orta Risk
ŞİLE,ÇAYIRBAŞI,ŞİLE|ÇAYIRBAŞI,2023,0.04889636750778866,Düşük Risk,0.018777357560375317,Düşük Risk,0.039024676172614764,Düşük Risk,0.0005461164711214318,Düşük Risk,0.016805639874067226,Düşük Risk,0.018777357560375317,Düşük Risk,0.3637233982938751,Düşük Risk,0.30729726751314557,Düşük Risk,0.02322052618502791,Düşük Risk
ŞİLE,ÇELEBİ,ŞİLE|ÇELEBİ,2023,0.018701824980805817,Düşük Risk,0.005028958681366126,Düşük Risk,0.012103352779937937,Düşük Risk,3.3921105017397735e-05,Düşük Risk,0.005247451826635116,Düşük Risk,0.005028958681366126,Düşük Risk,0.2313010021845087,Düşük Risk,0.1460331122900988,Düşük Risk,0.007214783192468288,Düşük Risk
ŞİLE,ÇENGİLLİ,ŞİLE|ÇENGİLLİ,2023,0.01869632645921575,Düşük Risk,0.0077924298626748725,Düşük Risk,0.0185346736672759,Düşük Risk,0.00010932360462476669,Düşük Risk,0.007726828201699358,Düşük Risk,0.0077924298626748725,Düşük Risk,0.2520541926846413,Düşük Risk,0.2023981494748923,Düşük Risk,0.00913138735312413,Düşük Risk
ŞİLE,ÜVEZLİ,ŞİLE|ÜVEZLİ,2023,0.1031799552140268,Düşük Risk,0.02926957284312105,Düşük Risk,0.06354486346752969,Düşük Risk,0.00020522759651010722,Düşük Risk,0.02585397395869216,Düşük Risk,0.02926957284312105,Düşük Risk,0.3991851629540975,Düşük Risk,0.3425196041180031,Orta Risk,0.03279299360574468,Düşük Risk
ŞİLE,İMRENDERE,ŞİLE|İMRENDERE,2023,0.05458258021891235,Düşük Risk,0.016303177826187697,Düşük Risk,0.03758893966181651,Düşük Risk,0.00015149332067952232,Düşük Risk,0.013752155161497972,Düşük Risk,0.016303177826187697,Düşük Risk,0.3671072311933463,Düşük Risk,0.2840851275629429,Düşük Risk,0.023109528664086172,Düşük Risk
ŞİLE,İMRENLİ,ŞİLE|İMRENLİ,2023,0.05156317672645931,Düşük Risk,0.014947214289788022,Düşük Risk,0.03638813730955703,Düşük Risk,0.00015840205378269182,Düşük Risk,0.012713429043886844,Düşük Risk,0.014947214289788022,Düşük Risk,0.3317996760695262,Düşük Risk,0.27023124398473486,Düşük Risk,0.019023471633618907,Düşük Risk
ŞİLE,İSAKÖY,ŞİLE|İSAKÖY,2023,0.024737206153931292,Düşük Risk,0.00736269897381612,Düşük Risk,0.021730260590873664,Düşük Risk,4.010378067564339e-05,Düşük Risk,0.00768849703873496,Düşük Risk,0.00736269897381612,Düşük Risk,0.2604736523414564,Düşük Risk,0.17095074762000734,Düşük Risk,0.010527958683881549,Düşük Risk
ŞİLE,ŞUAYİPLİ,ŞİLE|ŞUAYİPLİ,2023,0.02031477991441755,Düşük Risk,0.00545126315543183,Düşük Risk,0.013046281645589694,Düşük Risk,3.737551531514874e-05,Düşük Risk,0.005620381253285364,Düşük Risk,0.00545126315543183,Düşük Risk,0.25925245999583,Düşük Risk,0.15303076236339933,Düşük Risk,0.009484211551302812,Düşük Risk
ŞİŞLİ,19 MAYIS,ŞİŞLİ|19 MAYIS,2023,0.5892560855021828,Yüksek Risk,0.14882562432316615,Yüksek Risk,0.4022550697155136,Yüksek Risk,0.0006671446311328473,Düşük Risk,0.1422875249543607,Orta Risk,0.14882562432316615,Orta Risk,0.601646717203767,Yüksek Risk,0.6113608735909308,Yüksek Risk,0.15258688645405707,Yüksek Risk
ŞİŞLİ,BOZKURT,ŞİŞLİ|BOZKURT,2023,0.4610870798537655,Orta Risk,0.1122682397579799,Orta Risk,0.3114588473308424,Yüksek Risk,0.0007566938509694409,Düşük Risk,0.11772504534733502,Orta Risk,0.1122682397579799,Orta Risk,0.5766328475196326,Yüksek Risk,0.5679344577992385,Yüksek Risk,0.11502452468446396,Orta Risk
ŞİŞLİ,CUMHURİYET,ŞİŞLİ|CUMHURİYET,2023,0.1388368052789282,Düşük Risk,0.04890495262293569,Düşük Risk,0.1680184320594794,Orta Risk,0.0005027091140216024,Düşük Risk,0.041651275839254244,Düşük Risk,0.04890495262293569,Düşük Risk,0.5175347063918624,Orta Risk,0.47609324683068893,Orta Risk,0.05609848345403954,Düşük Risk
ŞİŞLİ,DUATEPE,ŞİŞLİ|DUATEPE,2023,0.4352396742540626,Orta Risk,0.10444763737590083,Orta Risk,0.29844284953203576,Yüksek Risk,0.000679206421990226,Düşük Risk,0.11544174311925746,Orta Risk,0.10444763737590083,Orta Risk,0.5648693651958083,Yüksek Risk,0.5491997460043249,Yüksek Risk,0.10811135691983362,Orta Risk
ŞİŞLİ,ERGENEKON,ŞİŞLİ|ERGENEKON,2023,0.3264760371565383,Orta Risk,0.08513224876066554,Orta Risk,0.2531572077514485,Orta Risk,0.00027066029532479553,Düşük Risk,0.11211202741335946,Orta Risk,0.08513224876066554,Orta Risk,0.5209394332926983,Yüksek Risk,0.47724298556749845,Orta Risk,0.0894157815764545,Orta Risk
ŞİŞLİ,ESENTEPE,ŞİŞLİ|ESENTEPE,2023,0.3707638269140353,Orta Risk,0.10699060037940748,Orta Risk,0.29094467511807226,Yüksek Risk,0.0006801288810712366,Düşük Risk,0.1198949882854697,Orta Risk,0.10699060037940748,Orta Risk,0.5789484557793861,Yüksek Risk,0.5483455254146877,Yüksek Risk,0.1144371793876138,Orta Risk
ŞİŞLİ,ESKİŞEHİR,ŞİŞLİ|ESKİŞEHİR,2023,0.4433735235260655,Orta Risk,0.1047234853401413,Orta Risk,0.2962467267785372,Yüksek Risk,0.00031073860287447074,Düşük Risk,0.11550190286943078,Orta Risk,0.1047234853401413,Orta Risk,0.5479996335902235,Yüksek Risk,0.5316581796451804,Yüksek Risk,0.10784824999051829,Orta Risk
ŞİŞLİ,FERİKÖY,ŞİŞLİ|FERİKÖY,2023,0.4374056910054478,Orta Risk,0.11378190754752625,Orta Risk,0.31390548055228534,Yüksek Risk,0.000586836926755915,Düşük Risk,0.11735904522797018,Orta Risk,0.11378190754752625,Orta Risk,0.5969773669385703,Yüksek Risk,0.5828273043432968,Yüksek Risk,0.1189587654993412,Orta Risk
ŞİŞLİ,FULYA,ŞİŞLİ|FULYA,2023,0.54345035397931,Yüksek Risk,0.12533959891959595,Yüksek Risk,0.3447775035592038,Yüksek Risk,0.0006597863365741743,Düşük Risk,0.12492914806955666,Orta Risk,0.12533959891959595,Orta Risk,0.584746334744006,Yüksek Risk,0.5740837777416128,Yüksek Risk,0.1314724582224622,Yüksek Risk
ŞİŞLİ,GÜLBAHAR,ŞİŞLİ|GÜLBAHAR,2023,0.5145516163184414,Yüksek Risk,0.1261556019032815,Yüksek Risk,0.3355936433666514,Yüksek Risk,0.0006553479444016828,Düşük Risk,0.12242452681251556,Orta Risk,0.1261556019032815,Orta Risk,0.5913516110443355,Yüksek Risk,0.5813449211101737,Yüksek Risk,0.13117116487953212,Yüksek Risk
ŞİŞLİ,HALASKARGAZİ,ŞİŞLİ|HALASKARGAZİ,2023,0.12424812107727837,Düşük Risk,0.04127394108259175,Düşük Risk,0.15239556214611455,Orta Risk,0.0007032040199395499,Düşük Risk,0.035492656109205586,Düşük Risk,0.04127394108259175,Düşük Risk,0.49641985853081483,Orta Risk,0.45810804542552475,Orta Risk,0.04514952885922871,Düşük Risk
ŞİŞLİ,HALİDE EDİP ADIVAR,ŞİŞLİ|HALİDE EDİP ADIVAR,2023,0.2179508858169869,Düşük Risk,0.058253106556632406,Düşük Risk,0.18777912707753808,Orta Risk,0.0005312476156821753,Düşük Risk,0.048332898407742395,Düşük Risk,0.058253106556632406,Düşük Risk,0.5223481755739062,Orta Risk,0.49358516823323717,Yüksek Risk,0.06321543957839143,Düşük Risk
ŞİŞLİ,HALİL RIFAT PAŞA,ŞİŞLİ|HALİL RIFAT PAŞA,2023,0.05122072021444259,Düşük Risk,0.022593562127728582,Düşük Risk,0.11023847306206655,Düşük Risk,0.00015706218470013056,Düşük Risk,0.020592106130825166,Düşük Risk,0.022593562127728582,Düşük Risk,0.4277046967220162,Orta Risk,0.3574358494601922,Orta Risk,0.030490089312053072,Düşük Risk
ŞİŞLİ,HARBİYE,ŞİŞLİ|HARBİYE,2023,0.1330407432896162,Düşük Risk,0.05722730899792766,Düşük Risk,0.17539690116870718,Orta Risk,0.0007652663128419232,Düşük Risk,0.052541761058075794,Düşük Risk,0.05722730899792766,Düşük Risk,0.545672832172099,Yüksek Risk,0.5085246303459039,Yüksek Risk,0.062482742373287714,Düşük Risk
ŞİŞLİ,KAPTANPAŞA,ŞİŞLİ|KAPTANPAŞA,2023,0.028755174872260522,Düşük Risk,0.019829355053702816,Düşük Risk,0.10669875129955295,Düşük Risk,0.00013232911358956547,Düşük Risk,0.019709980649228534,Düşük Risk,0.019829355053702816,Düşük Risk,0.41182766453182695,Orta Risk,0.3334093328740259,Düşük Risk,0.029733336356869373,Düşük Risk
ŞİŞLİ,KUŞTEPE,ŞİŞLİ|KUŞTEPE,2023,0.5049254627506523,Yüksek Risk,0.11509094483807877,Orta Risk,0.3191378941900478,Yüksek Risk,0.000312108373655208,Düşük Risk,0.11946084375356113,Orta Risk,0.11509094483807877,Orta Risk,0.560526773981625,Yüksek Risk,0.5408523761813065,Yüksek Risk,0.1216992647201364,Orta Risk
ŞİŞLİ,MAHMUT ŞEVKET PAŞA,ŞİŞLİ|MAHMUT ŞEVKET PAŞA,2023,0.13492849922508682,Düşük Risk,0.036427327828933466,Düşük Risk,0.13875116208804386,Düşük Risk,0.00016641407476727837,Düşük Risk,0.034339346091979674,Düşük Risk,0.036427327828933466,Düşük Risk,0.4317795813191692,Orta Risk,0.36668491601192293,Orta Risk,0.04422721828077644,Düşük Risk
ŞİŞLİ,MECİDİYEKÖY,ŞİŞLİ|MECİDİYEKÖY,2023,0.5007217030250984,Yüksek Risk,0.12286203329856553,Yüksek Risk,0.3299774560447786,Yüksek Risk,0.0007229832413066567,Düşük Risk,0.12086716828623237,Orta Risk,0.12286203329856553,Orta Risk,0.5952020758285368,Yüksek Risk,0.5861488896382523,Yüksek Risk,0.1291199328251772,Orta Risk
ŞİŞLİ,SARIYER MERKEZ,ŞİŞLİ|SARIYER MERKEZ,2023,0.3729617154187157,Orta Risk,0.09221206832985732,Orta Risk,0.26781343737054464,Yüksek Risk,0.0013771290743293284,Düşük Risk,0.09145821248844746,Orta Risk,0.09221206832985732,Düşük Risk,0.5655720652030342,Yüksek Risk,0.5391366473928241,Yüksek Risk,0.10144435790652859,Orta Risk
ŞİŞLİ,MEŞRUTİYET,ŞİŞLİ|MEŞRUTİYET,2023,0.39866967044189566,Orta Risk,0.10631259414100497,Orta Risk,0.29771997880424733,Yüksek Risk,0.0005966691167076558,Düşük Risk,0.11642701997482152,Orta Risk,0.10631259414100497,Orta Risk,0.5702759083212124,Yüksek Risk,0.550777472718737,Yüksek Risk,0.11039885840216897,Orta Risk
ŞİŞLİ,PAŞA,ŞİŞLİ|PAŞA,2023,0.44509292963830055,Orta Risk,0.11555121295687386,Orta Risk,0.30823600494064285,Yüksek Risk,0.0006956585631656817,Düşük Risk,0.11873548139598518,Orta Risk,0.11555121295687386,Orta Risk,0.589986520369665,Yüksek Risk,0.5731818560451101,Yüksek Risk,0.12071378098396611,Orta Risk
ŞİŞLİ,TEŞVİKİYE,ŞİŞLİ|TEŞVİKİYE,2023,0.14216770825717615,Düşük Risk,0.05105032998487956,Düşük Risk,0.1628612515029501,Orta Risk,0.0006017911415001849,Düşük Risk,0.04254748718926728,Düşük Risk,0.05105032998487956,Düşük Risk,0.5189187999847332,Orta Risk,0.4799443952656212,Orta Risk,0.05747960727698573,Düşük Risk
ŞİŞLİ,YAYLA,ŞİŞLİ|YAYLA,2023,0.3675406783807564,Orta Risk,0.1399814063656597,Yüksek Risk,0.3408925023134238,Yüksek Risk,0.0002527003142370434,Düşük Risk,0.1573801427597626,Orta Risk,0.1399814063656597,Orta Risk,0.5462880515154684,Yüksek Risk,0.5216341643802366,Yüksek Risk,0.14425700660517407,Yüksek Risk
ŞİŞLİ,İNÖNÜ,ŞİŞLİ|İNÖNÜ,2023,0.34177213577014476,Orta Risk,0.09997207824020185,Orta Risk,0.2697209561918381,Yüksek Risk,0.0015498376265871048,Düşük Risk,0.11535695338500676,Orta Risk,0.09997207824020185,Orta Risk,0.5612367427660119,Yüksek Risk,0.5360665075388028,Yüksek Risk,0.10303379851642783,Orta Risk
ŞİŞLİ,İZZET PAŞA,ŞİŞLİ|İZZET PAŞA,2023,0.17754084561379352,Düşük Risk,0.054247228241426484,Düşük Risk,0.1834034342006662,Orta Risk,0.0005246503213097245,Düşük Risk,0.04850738112398533,Düşük Risk,0.054247228241426484,Düşük Risk,0.515305800395093,Orta Risk,0.4831243121131985,Orta Risk,0.06368992643407463,Düşük Risk
