yil,ilce,mahalle,tesis_turu,tesis_sayisi
2022,Adalar,Burgazada Mahallesi,Eğitim Tesisi (Okul vb.),1
2022,Adalar,Heybeliada Mahallesi,Eğitim Tesisi (Okul vb.),3
2022,Adalar,Maden Mahallesi,Eğitim Tesisi (Okul vb.),1
2022,Adalar,Nizam Mahallesi,Eğitim Tesisi (Okul vb.),3
2022,Arnavutköy,Adnan Menderes Mahallesi,Eğitim Tesisi (Okul vb.),2
2022,Arnavutköy,Anadolu Mahallesi,Eğitim Tesisi (Okul vb.),5
2022,Arnavutköy,Boğazköy İstiklal Mahallesi,Eğitim Tesisi (Okul vb.),1
2022,Arnavutköy,Boğazköy İstiklal Mahallesi,Sanayi ve Fabrika,1
2022,Arnavutköy,Deliklikaya Mahallesi,Sanayi ve Fabrika,1
2022,Arnavutköy,Hacımaşlı Mahallesi,Sanayi ve Fabrika,1
2022,Arnavutköy,Hadımköy Mahallesi,Eğitim Tesisi (Okul vb.),2
2022,Arnavutköy,Hadımköy Mahallesi,Sanayi ve Fabrika,38
2022,Arnavutköy,Haraççı Mahallesi,Eğitim Tesisi (Okul vb.),1
2022,Arnavutköy,Haraççı Mahallesi,Sanayi ve Fabrika,1
2022,Arnavutköy,Hastane Mahallesi,Eğitim Tesisi (Okul vb.),2
2022,Arnavutköy,Hastane Mahallesi,Sanayi ve Fabrika,4
2022,Arnavutköy,Karlıbayır Mahallesi,Eğitim Tesisi (Okul vb.),1
2022,Arnavutköy,Mareşal Fevzi Çakmak Mahallesi,Eğitim Tesisi (Okul vb.),2
2022,Arnavutköy,Mehmet Akif Ersoy Mahallesi,Eğitim Tesisi (Okul vb.),3
2022,Arnavutköy,Mustafa Kemal Paşa Mahallesi,Eğitim Tesisi (Okul vb.),2
2022,Arnavutköy,Nene hatun Mahallesi,Eğitim Tesisi (Okul vb.),2
2022,Arnavutköy,Sazlıbosna Mahallesi,Eğitim Tesisi (Okul vb.),2
2022,Arnavutköy,Tayakadın Mahallesi,Eğitim Tesisi (Okul vb.),2
2022,Arnavutköy,Yassıören Mahallesi,Sanayi ve Fabrika,2
2022,Arnavutköy,Yeşilbayır Mahallesi,Sanayi ve Fabrika,16
2022,Arnavutköy,Yunus Emre Mahallesi,Eğitim Tesisi (Okul vb.),1
2022,Arnavutköy,Çilingir Mahallesi,Eğitim Tesisi (Okul vb.),2
2022,Arnavutköy,Ömerli Mahallesi,Eğitim Tesisi (Okul vb.),1
2022,Arnavutköy,Ömerli Mahallesi,Sanayi ve Fabrika,39
2022,Arnavutköy,İmrahor Mahallesi,Eğitim Tesisi (Okul vb.),1
2022,Arnavutköy,İmrahor Mahallesi,Sanayi ve Fabrika,1
2022,Arnavutköy,İslambey Mahallesi,Eğitim Tesisi (Okul vb.),1
2022,Ataşehir,Atatürk Mahallesi,Eğitim Tesisi (Okul vb.),15
2022,Ataşehir,Aşıkveysel Mahallesi,Eğitim Tesisi (Okul vb.),2
2022,Ataşehir,Barbaros Mahallesi,Eğitim Tesisi (Okul vb.),15
2022,Ataşehir,Barbaros Mahallesi,Sanayi ve Fabrika,1
2022,Ataşehir,Esatpaşa Mahallesi,Eğitim Tesisi (Okul vb.),3
2022,Ataşehir,Ferhatpaşa Mahallesi,Eğitim Tesisi (Okul vb.),1
2022,Ataşehir,Ferhatpaşa Mahallesi,Sanayi ve Fabrika,1
2022,Ataşehir,Fetih Mahallesi,Eğitim Tesisi (Okul vb.),3
2022,Ataşehir,Kayışdağı Mahallesi,Eğitim Tesisi (Okul vb.),8
2022,Ataşehir,Kayışdağı Mahallesi,Sanayi ve Fabrika,2
2022,Ataşehir,Küçükbakkalköy Mahallesi,Eğitim Tesisi (Okul vb.),45
2022,Ataşehir,Küçükbakkalköy Mahallesi,Sanayi ve Fabrika,2
2022,Ataşehir,Mevlana Mahallesi,Eğitim Tesisi (Okul vb.),5
2022,Ataşehir,Mustafa Kemal Mahallesi,Eğitim Tesisi (Okul vb.),1
2022,Ataşehir,Yeni Çamlıca Mahallesi,Eğitim Tesisi (Okul vb.),1
2022,Ataşehir,Yeni Çamlıca Mahallesi,Sanayi ve Fabrika,1
2022,Ataşehir,Yenisahra Mahallesi,Eğitim Tesisi (Okul vb.),5
2022,Ataşehir,Yenisahra Mahallesi,Sanayi ve Fabrika,1
2022,Ataşehir,Yenişehir Mahallesi,Eğitim Tesisi (Okul vb.),4
2022,Ataşehir,Örnek Mahallesi,Eğitim Tesisi (Okul vb.),4
2022,Ataşehir,İnönü Mahallesi,Eğitim Tesisi (Okul vb.),4
2022,Ataşehir,İçerenköy Mahallesi,Eğitim Tesisi (Okul vb.),13
2022,Ataşehir,İçerenköy Mahallesi,Sanayi ve Fabrika,12
2022,Avcılar,Ambarlı Mahallesi,Eğitim Tesisi (Okul vb.),8
2022,Avcılar,Cihangir Mahallesi,Eğitim Tesisi (Okul vb.),3
2022,Avcılar,Cihangir Mahallesi,Sanayi ve Fabrika,2
2022,Avcılar,Denizköşkler Mahallesi,Eğitim Tesisi (Okul vb.),4
2022,Avcılar,Denizköşkler Mahallesi,Sanayi ve Fabrika,1
2022,Avcılar,Firuzköy Mahallesi,Sanayi ve Fabrika,2
2022,Avcılar,Gümüşpala Mahallesi,Eğitim Tesisi (Okul vb.),5
2022,Avcılar,Merkez Mahallesi,Eğitim Tesisi (Okul vb.),5
2022,Avcılar,Mustafa Kemal Paşa Mahallesi,Eğitim Tesisi (Okul vb.),2
2022,Avcılar,Mustafa Kemal Paşa Mahallesi,Sanayi ve Fabrika,1
2022,Avcılar,Tahtakale Mahallesi,Eğitim Tesisi (Okul vb.),16
2022,Avcılar,Tahtakale Mahallesi,Sanayi ve Fabrika,2
2022,Avcılar,Yeşilkent Mahallesi,Eğitim Tesisi (Okul vb.),2
2022,Avcılar,Üniversite Mahallesi,Eğitim Tesisi (Okul vb.),6
2022,Bahçelievler,Bahçelievler Mahallesi,Eğitim Tesisi (Okul vb.),29
2022,Bahçelievler,Bahçelievler Mahallesi,Sanayi ve Fabrika,2
2022,Bahçelievler,Cumhuriyet Mahallesi,Eğitim Tesisi (Okul vb.),5
2022,Bahçelievler,Fevzi Çakmak Mahallesi,Eğitim Tesisi (Okul vb.),2
2022,Bahçelievler,Kocasinan Merkez Mahallesi,Eğitim Tesisi (Okul vb.),15
2022,Bahçelievler,Kocasinan Merkez Mahallesi,Sanayi ve Fabrika,1
2022,Bahçelievler,Siyavuşpaşa Mahallesi,Eğitim Tesisi (Okul vb.),1
2022,Bahçelievler,Soğanlı Mahallesi,Eğitim Tesisi (Okul vb.),4
2022,Bahçelievler,Yenibosna Merkez Mahallesi,Eğitim Tesisi (Okul vb.),15
2022,Bahçelievler,Yenibosna Merkez Mahallesi,Sanayi ve Fabrika,6
2022,Bahçelievler,Zafer Mahallesi,Eğitim Tesisi (Okul vb.),6
2022,Bahçelievler,Çobançeşme Mahallesi,Eğitim Tesisi (Okul vb.),1
2022,Bahçelievler,Şirinevler Mahallesi,Eğitim Tesisi (Okul vb.),15
2022,Bakırköy,Ataköy 2-5-6. Kısım Mahallesi,Eğitim Tesisi (Okul vb.),1
2022,Bakırköy,Ataköy 7-8-9-10. Kısım Mahallesi,Eğitim Tesisi (Okul vb.),5
2022,Bakırköy,Basınköy Mahallesi,Eğitim Tesisi (Okul vb.),2
2022,Bakırköy,Cevizlik Mahallesi,Eğitim Tesisi (Okul vb.),5
2022,Bakırköy,Kartaltepe Mahallesi,Eğitim Tesisi (Okul vb.),9
2022,Bakırköy,Yenimahalle Mahallesi,Eğitim Tesisi (Okul vb.),1
2022,Bakırköy,Yeşilköy Mahallesi,Eğitim Tesisi (Okul vb.),12
2022,Bakırköy,Yeşilköy Mahallesi,Sanayi ve Fabrika,2
2022,Bakırköy,Yeşilyurt Mahallesi,Eğitim Tesisi (Okul vb.),1
2022,Bakırköy,Zeytinlik Mahallesi,Eğitim Tesisi (Okul vb.),1
2022,Bakırköy,Zuhuratbaba Mahallesi,Eğitim Tesisi (Okul vb.),6
2022,Bakırköy,Şenlikköy Mahallesi,Eğitim Tesisi (Okul vb.),11
2022,Bayrampaşa,Altıntepsi Mahallesi,Eğitim Tesisi (Okul vb.),5
2022,Bayrampaşa,Altıntepsi Mahallesi,Sanayi ve Fabrika,1
2022,Bayrampaşa,Cevatpaşa Mahallesi,Eğitim Tesisi (Okul vb.),3
2022,Bayrampaşa,Cevatpaşa Mahallesi,Sanayi ve Fabrika,4
2022,Bayrampaşa,Kartaltepe Mahallesi,Eğitim Tesisi (Okul vb.),10
2022,Bayrampaşa,Kocatepe Mahallesi,Eğitim Tesisi (Okul vb.),16
2022,Bayrampaşa,Muratpaşa Mahallesi,Eğitim Tesisi (Okul vb.),4
2022,Bayrampaşa,Orta Mahallesi,Eğitim Tesisi (Okul vb.),2
2022,Bayrampaşa,Orta Mahallesi,Sanayi ve Fabrika,2
2022,Bayrampaşa,Terazidere Mahallesi,Eğitim Tesisi (Okul vb.),2
2022,Bayrampaşa,Vatan Mahallesi,Eğitim Tesisi (Okul vb.),1
2022,Bayrampaşa,Yenidoğan Mahallesi,Eğitim Tesisi (Okul vb.),7
2022,Bayrampaşa,Yenidoğan Mahallesi,Sanayi ve Fabrika,1
2022,Bayrampaşa,Yıldırım Mahallesi,Eğitim Tesisi (Okul vb.),8
2022,Bayrampaşa,İsmet Paşa Mahallesi,Eğitim Tesisi (Okul vb.),4
2022,Bağcılar,100. Yıl Mahallesi,Eğitim Tesisi (Okul vb.),8
2022,Bağcılar,100. Yıl Mahallesi,Sanayi ve Fabrika,1
2022,Bağcılar,15 Temmuz Mahallesi,Eğitim Tesisi (Okul vb.),5
2022,Bağcılar,15 Temmuz Mahallesi,Sanayi ve Fabrika,3
2022,Bağcılar,Barbaros Mahallesi,Eğitim Tesisi (Okul vb.),3
2022,Bağcılar,Bağlar Mahallesi,Eğitim Tesisi (Okul vb.),10
2022,Bağcılar,Bağlar Mahallesi,Sanayi ve Fabrika,5
2022,Bağcılar,Demirkapı Mahallesi,Eğitim Tesisi (Okul vb.),28
2022,Bağcılar,Fevzi Çakmak Mahallesi,Eğitim Tesisi (Okul vb.),12
2022,Bağcılar,Göztepe Mahallesi,Eğitim Tesisi (Okul vb.),2
2022,Bağcılar,Güneşli Mahallesi,Eğitim Tesisi (Okul vb.),8
2022,Bağcılar,Hürriyet Mahallesi,Eğitim Tesisi (Okul vb.),7
2022,Bağcılar,Kemalpaşa Mahallesi,Eğitim Tesisi (Okul vb.),8
2022,Bağcılar,Kirazlı Mahallesi,Eğitim Tesisi (Okul vb.),7
2022,Bağcılar,Kâzım Karabekir Mahallesi,Eğitim Tesisi (Okul vb.),4
2022,Bağcılar,Mahmutbey Mahallesi,Eğitim Tesisi (Okul vb.),10
2022,Bağcılar,Mahmutbey Mahallesi,Sanayi ve Fabrika,2
2022,Bağcılar,Merkez Mahallesi,Eğitim Tesisi (Okul vb.),1
2022,Bağcılar,Sancaktepe Mahallesi,Eğitim Tesisi (Okul vb.),2
2022,Bağcılar,Yenimahalle Mahallesi,Eğitim Tesisi (Okul vb.),4
2022,Bağcılar,Yıldıztepe Mahallesi,Eğitim Tesisi (Okul vb.),3
2022,Bağcılar,Çınar Mahallesi,Eğitim Tesisi (Okul vb.),4
2022,Bağcılar,İnönü Mahallesi,Eğitim Tesisi (Okul vb.),8
2022,Başakşehir,Bahçeşehir 1. Kısım Mahallesi,Eğitim Tesisi (Okul vb.),12
2022,Başakşehir,Bahçeşehir 2. Kısım Mahallesi,Eğitim Tesisi (Okul vb.),15
2022,Başakşehir,Başak Mahallesi,Eğitim Tesisi (Okul vb.),18
2022,Başakşehir,Başakşehir Mahallesi,Eğitim Tesisi (Okul vb.),14
2022,Başakşehir,Güvercintepe Mahallesi,Eğitim Tesisi (Okul vb.),5
2022,Başakşehir,Güvercintepe Mahallesi,Sanayi ve Fabrika,1
2022,Başakşehir,Kayabaşı Mahallesi,Eğitim Tesisi (Okul vb.),24
2022,Başakşehir,Kayabaşı Mahallesi,Sanayi ve Fabrika,16
2022,Başakşehir,Ziya Gökalp Mahallesi,Eğitim Tesisi (Okul vb.),6
2022,Başakşehir,Ziya Gökalp Mahallesi,Sanayi ve Fabrika,4
2022,Başakşehir,İkitelli OSB Mahallesi,Eğitim Tesisi (Okul vb.),1
2022,Başakşehir,İkitelli OSB Mahallesi,Sanayi ve Fabrika,99
2022,Başakşehir,Şahintepe Mahallesi,Eğitim Tesisi (Okul vb.),5
2022,Başakşehir,Şahintepe Mahallesi,Sanayi ve Fabrika,2
2022,Başakşehir,Şamlar Mahallesi,Eğitim Tesisi (Okul vb.),1
2022,Başakşehir,Şamlar Mahallesi,Sanayi ve Fabrika,6
2022,Beykoz,Anadolu Hisarı Mahallesi,Eğitim Tesisi (Okul vb.),1
2022,Beykoz,Bozhane Mahallesi,Eğitim Tesisi (Okul vb.),1
2022,Beykoz,Elmalı Mahallesi,Sanayi ve Fabrika,1
2022,Beykoz,Göksu Mahallesi,Eğitim Tesisi (Okul vb.),3
2022,Beykoz,Göztepe Mahallesi,Eğitim Tesisi (Okul vb.),3
2022,Beykoz,Gümüşsuyu Mahallesi,Eğitim Tesisi (Okul vb.),5
2022,Beykoz,Kanlıca Mahallesi,Eğitim Tesisi (Okul vb.),2
2022,Beykoz,Kavacık Mahallesi,Eğitim Tesisi (Okul vb.),7
2022,Beykoz,Merkez Mahallesi,Eğitim Tesisi (Okul vb.),3
2022,Beykoz,Paşabahçe Mahallesi,Eğitim Tesisi (Okul vb.),1
2022,Beykoz,Paşamandıra Mahallesi,Eğitim Tesisi (Okul vb.),1
2022,Beykoz,Rüzgarlıbahçe Mahallesi,Eğitim Tesisi (Okul vb.),3
2022,Beykoz,Yalıköy Mahallesi,Eğitim Tesisi (Okul vb.),1
2022,Beykoz,Yalıköy Mahallesi,Sanayi ve Fabrika,1
2022,Beykoz,Çamlıbahçe Mahallesi,Eğitim Tesisi (Okul vb.),1
2022,Beykoz,Çengeldere Mahallesi,Eğitim Tesisi (Okul vb.),1
2022,Beykoz,Çiğdem Mahallesi,Eğitim Tesisi (Okul vb.),1
2022,Beykoz,Çubuklu Mahallesi,Eğitim Tesisi (Okul vb.),2
2022,Beykoz,İncirköy Mahallesi,Sanayi ve Fabrika,3
2022,Beylikdüzü,Adnan Kahveci Mahallesi,Eğitim Tesisi (Okul vb.),20
2022,Beylikdüzü,Adnan Kahveci Mahallesi,Sanayi ve Fabrika,4
2022,Beylikdüzü,Barış Mahallesi,Eğitim Tesisi (Okul vb.),7
2022,Beylikdüzü,Beylikdüzü Organize Sanayi Bölgesi,Sanayi ve Fabrika,4
2022,Beylikdüzü,Büyükşehir Mahallesi,Eğitim Tesisi (Okul vb.),3
2022,Beylikdüzü,Cumhuriyet Mahallesi,Eğitim Tesisi (Okul vb.),3
2022,Beylikdüzü,Cumhuriyet Mahallesi,Sanayi ve Fabrika,2
2022,Beylikdüzü,Gürpınar Mahallesi,Eğitim Tesisi (Okul vb.),3
2022,Beylikdüzü,Kavaklı Mahallesi,Eğitim Tesisi (Okul vb.),7
2022,Beylikdüzü,Kavaklı Mahallesi,Sanayi ve Fabrika,2
2022,Beylikdüzü,Marmara Mahallesi,Eğitim Tesisi (Okul vb.),7
2022,Beylikdüzü,Marmara Mahallesi,Sanayi ve Fabrika,3
2022,Beylikdüzü,Yakuplu Mahallesi,Eğitim Tesisi (Okul vb.),4
2022,Beylikdüzü,Yakuplu Mahallesi,Sanayi ve Fabrika,7
2022,Beyoğlu,Arap Cami Mahallesi,Eğitim Tesisi (Okul vb.),1
2022,Beyoğlu,Bedrettin Mahallesi,Eğitim Tesisi (Okul vb.),2
2022,Beyoğlu,Bedrettin Mahallesi,Sanayi ve Fabrika,1
2022,Beyoğlu,Camiikebir Mahallesi,Sanayi ve Fabrika,4
2022,Beyoğlu,Cihangir Mahallesi,Eğitim Tesisi (Okul vb.),2
2022,Beyoğlu,Evliya Çelebi Mahallesi,Eğitim Tesisi (Okul vb.),1
2022,Beyoğlu,Firuzağa Mahallesi,Eğitim Tesisi (Okul vb.),1
2022,Beyoğlu,Gümüşsuyu Mahallesi,Eğitim Tesisi (Okul vb.),1
2022,Beyoğlu,Hacıahmet Mahallesi,Eğitim Tesisi (Okul vb.),1
2022,Beyoğlu,Hacımimi Mahallesi,Eğitim Tesisi (Okul vb.),1
2022,Beyoğlu,Halıcıoğlu Mahallesi,Eğitim Tesisi (Okul vb.),2
2022,Beyoğlu,Kaptanpaşa Mahallesi,Eğitim Tesisi (Okul vb.),2
2022,Beyoğlu,Kaptanpaşa Mahallesi,Sanayi ve Fabrika,2
2022,Beyoğlu,Katip Mustafa Çelebi Mahallesi,Eğitim Tesisi (Okul vb.),2
2022,Beyoğlu,Keçeci Piri Mahallesi,Eğitim Tesisi (Okul vb.),1
2022,Beyoğlu,Kuloğlu Mahallesi,Eğitim Tesisi (Okul vb.),3
2022,Beyoğlu,Küçük Piyale Mahallesi,Sanayi ve Fabrika,1
2022,Beyoğlu,Müeyyedzade Mahallesi,Eğitim Tesisi (Okul vb.),3
2022,Beyoğlu,Piri Paşa Mahallesi,Eğitim Tesisi (Okul vb.),4
2022,Beyoğlu,Piyalepaşa Mahallesi,Eğitim Tesisi (Okul vb.),4
2022,Beyoğlu,Pürtelaş Hasan Efendi Mahallesi,Eğitim Tesisi (Okul vb.),2
2022,Beyoğlu,Sururi Mehmet Efendi Mahallesi,Eğitim Tesisi (Okul vb.),1
2022,Beyoğlu,Tomtom Mahallesi,Eğitim Tesisi (Okul vb.),2
2022,Beyoğlu,Örnektepe Mahallesi,Eğitim Tesisi (Okul vb.),2
2022,Beyoğlu,Şahkulu Mahallesi,Eğitim Tesisi (Okul vb.),1
2022,Beyoğlu,Şehit Muhtar Mahallesi,Eğitim Tesisi (Okul vb.),1
2022,Beşiktaş,Akat Mahallesi,Eğitim Tesisi (Okul vb.),4
2022,Beşiktaş,Arnavutköy Mahallesi,Eğitim Tesisi (Okul vb.),1
2022,Beşiktaş,Bebek Mahallesi,Eğitim Tesisi (Okul vb.),1
2022,Beşiktaş,Dikilitaş Mahallesi,Eğitim Tesisi (Okul vb.),3
2022,Beşiktaş,Etiler Mahallesi,Eğitim Tesisi (Okul vb.),1
2022,Beşiktaş,Gayrettepe Mahallesi,Eğitim Tesisi (Okul vb.),2
2022,Beşiktaş,Konaklar Mahallesi,Eğitim Tesisi (Okul vb.),4
2022,Beşiktaş,Kuruçeşme Mahallesi,Eğitim Tesisi (Okul vb.),1
2022,Beşiktaş,Kültür Mahallesi,Eğitim Tesisi (Okul vb.),1
2022,Beşiktaş,Levent Mahallesi,Eğitim Tesisi (Okul vb.),1
2022,Beşiktaş,Mecidiye Mahallesi,Eğitim Tesisi (Okul vb.),2
2022,Beşiktaş,Nisbetiye Mahallesi,Eğitim Tesisi (Okul vb.),3
2022,Beşiktaş,Ortaköy Mahallesi,Eğitim Tesisi (Okul vb.),2
2022,Beşiktaş,Ortaköy Mahallesi,Sanayi ve Fabrika,2
2022,Beşiktaş,Türkali Mahallesi,Eğitim Tesisi (Okul vb.),2
2022,Beşiktaş,Ulus Mahallesi,Eğitim Tesisi (Okul vb.),3
2022,Beşiktaş,Vişnezade Mahallesi,Eğitim Tesisi (Okul vb.),4
2022,Beşiktaş,Yıldız Mahallesi,Eğitim Tesisi (Okul vb.),22
2022,Büyükçekmece,19 Mayıs Mahallesi,Eğitim Tesisi (Okul vb.),4
2022,Büyükçekmece,Alkent 2000 Mahallesi,Eğitim Tesisi (Okul vb.),4
2022,Büyükçekmece,Bahçelievler Mahallesi,Sanayi ve Fabrika,1
2022,Büyükçekmece,Celaliye Mahallesi,Eğitim Tesisi (Okul vb.),4
2022,Büyükçekmece,Celaliye Mahallesi,Sanayi ve Fabrika,2
2022,Büyükçekmece,Cumhuriyet Mahallesi,Eğitim Tesisi (Okul vb.),9
2022,Büyükçekmece,Cumhuriyet Mahallesi,Sanayi ve Fabrika,2
2022,Büyükçekmece,Dizdariye Mahallesi,Eğitim Tesisi (Okul vb.),4
2022,Büyükçekmece,Ekinoba Mahallesi,Eğitim Tesisi (Okul vb.),4
2022,Büyükçekmece,Fatih Mahallesi,Eğitim Tesisi (Okul vb.),7
2022,Büyükçekmece,Karaağaç Mahallesi,Eğitim Tesisi (Okul vb.),1
2022,Büyükçekmece,Karaağaç Mahallesi,Sanayi ve Fabrika,6
2022,Büyükçekmece,Kumburgaz Mahallesi,Eğitim Tesisi (Okul vb.),2
2022,Büyükçekmece,Mimaroba Mahallesi,Eğitim Tesisi (Okul vb.),6
2022,Büyükçekmece,Mimarsinan Mahallesi,Eğitim Tesisi (Okul vb.),3
2022,Büyükçekmece,Pınartepe Mahallesi,Eğitim Tesisi (Okul vb.),3
2022,Büyükçekmece,Sinanoba Mahallesi,Eğitim Tesisi (Okul vb.),2
2022,Büyükçekmece,Türkoba Mahallesi,Eğitim Tesisi (Okul vb.),4
2022,Büyükçekmece,Ulus Mahallesi,Sanayi ve Fabrika,2
2022,Büyükçekmece,Çakmaklı Mahallesi,Sanayi ve Fabrika,4
2022,Esenler,Atışalanı Mahallesi,Eğitim Tesisi (Okul vb.),3
2022,Esenler,Birlik Mahallesi,Eğitim Tesisi (Okul vb.),2
2022,Esenler,Davutpaşa Mahallesi,Eğitim Tesisi (Okul vb.),3
2022,Esenler,Kazım Karabekir Mahallesi,Eğitim Tesisi (Okul vb.),2
2022,Esenler,Menderes Mahallesi,Eğitim Tesisi (Okul vb.),1
2022,Esenler,Nine Hatun Mahallesi,Eğitim Tesisi (Okul vb.),4
2022,Esenler,Oruçreis Mahallesi,Eğitim Tesisi (Okul vb.),3
2022,Esenler,Oruçreis Mahallesi,Sanayi ve Fabrika,1
2022,Esenler,Tuna Mahallesi,Eğitim Tesisi (Okul vb.),10
2022,Esenler,Turgut Reis Mahallesi,Eğitim Tesisi (Okul vb.),3
2022,Esenler,Yavuz Selim Mahallesi,Eğitim Tesisi (Okul vb.),2
2022,Esenler,Çifte Havuzlar Mahallesi,Eğitim Tesisi (Okul vb.),4
2022,Esenyurt,Akevler Mahallesi 7 sokak,Eğitim Tesisi (Okul vb.),2
2022,Esenyurt,Akçaburgaz Mahallesi,Eğitim Tesisi (Okul vb.),4
2022,Esenyurt,Akçaburgaz Mahallesi,Sanayi ve Fabrika,38
2022,Esenyurt,Akşemseddin Mahallesi,Sanayi ve Fabrika,1
2022,Esenyurt,Atatürk Mahallesi,Sanayi ve Fabrika,2
2022,Esenyurt,Aşık Veysel Mahallesi,Eğitim Tesisi (Okul vb.),10
2022,Esenyurt,Aşık Veysel Mahallesi,Sanayi ve Fabrika,4
2022,Esenyurt,Balıkyolu Mahallesi,Eğitim Tesisi (Okul vb.),1
2022,Esenyurt,Barbaros Hayrettin Paşa Mahallesi,Eğitim Tesisi (Okul vb.),2
2022,Esenyurt,Battalgazi Mahallesi,Eğitim Tesisi (Okul vb.),1
2022,Esenyurt,Cumhuriyet Mahallesi,Eğitim Tesisi (Okul vb.),1
2022,Esenyurt,Esenkent Mahallesi,Eğitim Tesisi (Okul vb.),4
2022,Esenyurt,Fatih Mahallesi,Eğitim Tesisi (Okul vb.),2
2022,Esenyurt,Gökevler Mahallesi,Eğitim Tesisi (Okul vb.),2
2022,Esenyurt,Güzelyurt Mahallesi,Eğitim Tesisi (Okul vb.),3
2022,Esenyurt,Hürriyet Mahallesi,Eğitim Tesisi (Okul vb.),1
2022,Esenyurt,Mevlana Mahallesi,Eğitim Tesisi (Okul vb.),6
2022,Esenyurt,Necip Fazıl Kısakürek Mahallesi,Eğitim Tesisi (Okul vb.),2
2022,Esenyurt,Orhan Gazi Mahallesi,Eğitim Tesisi (Okul vb.),3
2022,Esenyurt,Orhan Gazi Mahallesi,Sanayi ve Fabrika,15
2022,Esenyurt,Osmangazi Mahallesi,Eğitim Tesisi (Okul vb.),2
2022,Esenyurt,Osmangazi Mahallesi,Sanayi ve Fabrika,30
2022,Esenyurt,Piri Reis Mahallesi,Eğitim Tesisi (Okul vb.),2
2022,Esenyurt,Saadetdere Mahallesi,Eğitim Tesisi (Okul vb.),1
2022,Esenyurt,Selahaddin Eyyubi Mahallesi,Sanayi ve Fabrika,2
2022,Esenyurt,Sultaniye Mahallesi,Eğitim Tesisi (Okul vb.),2
2022,Esenyurt,Turgut Özal Mahallesi,Eğitim Tesisi (Okul vb.),3
2022,Esenyurt,Yeşilkent Mahallesi,Eğitim Tesisi (Okul vb.),4
2022,Esenyurt,Zafer Mahallesi,Eğitim Tesisi (Okul vb.),1
2022,Esenyurt,İstiklal Mahallesi,Eğitim Tesisi (Okul vb.),3
2022,Eyüpsultan,5. Levent Mahallesi,Eğitim Tesisi (Okul vb.),3
2022,Eyüpsultan,5. Levent Mahallesi,Sanayi ve Fabrika,1
2022,Eyüpsultan,Akşemsettin Mahallesi,Eğitim Tesisi (Okul vb.),1
2022,Eyüpsultan,Akşemsettin Mahallesi,Sanayi ve Fabrika,1
2022,Eyüpsultan,Alibeyköy Mahallesi,Eğitim Tesisi (Okul vb.),1
2022,Eyüpsultan,Alibeyköy Mahallesi,Sanayi ve Fabrika,1
2022,Eyüpsultan,Ağaçlı Mahallesi,Eğitim Tesisi (Okul vb.),1
2022,Eyüpsultan,Defterdar Mahallesi,Eğitim Tesisi (Okul vb.),1
2022,Eyüpsultan,Defterdar Mahallesi,Sanayi ve Fabrika,3
2022,Eyüpsultan,Düğmeciler Mahallesi,Eğitim Tesisi (Okul vb.),1
2022,Eyüpsultan,Emniyettepe Mahallesi,Eğitim Tesisi (Okul vb.),1
2022,Eyüpsultan,Esentepe Mahallesi,Eğitim Tesisi (Okul vb.),1
2022,Eyüpsultan,Göktürk Merkez Mahallesi,Eğitim Tesisi (Okul vb.),1
2022,Eyüpsultan,Göktürk Merkez Mahallesi,Sanayi ve Fabrika,2
2022,Eyüpsultan,Güzeltepe Mahallesi,Eğitim Tesisi (Okul vb.),6
2022,Eyüpsultan,Güzeltepe Mahallesi,Sanayi ve Fabrika,2
2022,Eyüpsultan,Işıklar Mahallesi,Sanayi ve Fabrika,2
2022,Eyüpsultan,Karadolap Mahallesi,Eğitim Tesisi (Okul vb.),10
2022,Eyüpsultan,Merkez Mahallesi,Eğitim Tesisi (Okul vb.),8
2022,Eyüpsultan,Mimar Sinan Mahallesi,Eğitim Tesisi (Okul vb.),2
2022,Eyüpsultan,Mimar Sinan Mahallesi,Sanayi ve Fabrika,22
2022,Eyüpsultan,Mithatpaşa Mahallesi,Sanayi ve Fabrika,2
2022,Eyüpsultan,Pirinççi Mahallesi,Eğitim Tesisi (Okul vb.),2
2022,Eyüpsultan,Pirinççi Mahallesi,Sanayi ve Fabrika,4
2022,Eyüpsultan,Rami Cuma Mahallesi,Eğitim Tesisi (Okul vb.),6
2022,Eyüpsultan,Rami Yeni Mahallesi,Eğitim Tesisi (Okul vb.),4
2022,Eyüpsultan,Rami Yeni Mahallesi,Sanayi ve Fabrika,2
2022,Eyüpsultan,Sakarya Mahallesi,Eğitim Tesisi (Okul vb.),2
2022,Eyüpsultan,Topçular Mahallesi,Eğitim Tesisi (Okul vb.),1
2022,Eyüpsultan,Topçular Mahallesi,Sanayi ve Fabrika,25
2022,Eyüpsultan,Yeşilpınar Mahallesi,Eğitim Tesisi (Okul vb.),1
2022,Eyüpsultan,Çırçır Mahallesi,Eğitim Tesisi (Okul vb.),4
2022,Eyüpsultan,İslambey Mahallesi,Eğitim Tesisi (Okul vb.),10
2022,Fatih,Aksaray Mahallesi,Eğitim Tesisi (Okul vb.),4
2022,Fatih,Akşemsettin Mahallesi,Eğitim Tesisi (Okul vb.),3
2022,Fatih,Alemdar Mahallesi,Eğitim Tesisi (Okul vb.),4
2022,Fatih,Ali Kuşçu Mahallesi,Eğitim Tesisi (Okul vb.),6
2022,Fatih,Atikali Mahallesi,Eğitim Tesisi (Okul vb.),5
2022,Fatih,Ayvansaray Mahallesi,Eğitim Tesisi (Okul vb.),7
2022,Fatih,Balabanağa Mahallesi,Eğitim Tesisi (Okul vb.),10
2022,Fatih,Balat Mahallesi,Eğitim Tesisi (Okul vb.),6
2022,Fatih,Binbirdirek Mahallesi,Eğitim Tesisi (Okul vb.),1
2022,Fatih,Cankurtaran Mahallesi,Eğitim Tesisi (Okul vb.),3
2022,Fatih,Cerrahpaşa Mahallesi,Eğitim Tesisi (Okul vb.),6
2022,Fatih,Cibali Mahallesi,Eğitim Tesisi (Okul vb.),4
2022,Fatih,Derviş Ali Mahallesi,Eğitim Tesisi (Okul vb.),5
2022,Fatih,Emin Sinan Mahallesi,Eğitim Tesisi (Okul vb.),1
2022,Fatih,Haseki Sultan Mahallesi,Eğitim Tesisi (Okul vb.),1
2022,Fatih,Hobyar Mahallesi,Eğitim Tesisi (Okul vb.),3
2022,Fatih,Hocapaşa Mahallesi,Eğitim Tesisi (Okul vb.),1
2022,Fatih,Hırka-i Şerif Mahallesi,Eğitim Tesisi (Okul vb.),6
2022,Fatih,Kalenderhane Mahallesi,Eğitim Tesisi (Okul vb.),11
2022,Fatih,Karagümrük Mahallesi,Eğitim Tesisi (Okul vb.),2
2022,Fatih,Koca Mustafapaşa Mahallesi,Eğitim Tesisi (Okul vb.),11
2022,Fatih,Küçük Ayasofya Mahallesi,Eğitim Tesisi (Okul vb.),4
2022,Fatih,Mevlanakapı Mahallesi,Eğitim Tesisi (Okul vb.),9
2022,Fatih,Molla Fenari Mahallesi,Eğitim Tesisi (Okul vb.),4
2022,Fatih,Molla Gürani Mahallesi,Eğitim Tesisi (Okul vb.),2
2022,Fatih,Molla Hüsrev Mahallesi,Eğitim Tesisi (Okul vb.),4
2022,Fatih,Seyyid Ömer Mahallesi,Eğitim Tesisi (Okul vb.),5
2022,Fatih,Silivrikapı Mahallesi,Eğitim Tesisi (Okul vb.),5
2022,Fatih,Sururi Mahallesi,Eğitim Tesisi (Okul vb.),1
2022,Fatih,Süleymaniye Mahallesi,Eğitim Tesisi (Okul vb.),70
2022,Fatih,Sümbül Efendi Mahallesi,Eğitim Tesisi (Okul vb.),3
2022,Fatih,Topkapı Mahallesi,Eğitim Tesisi (Okul vb.),7
2022,Fatih,Yavuz Sultan Selim Mahallesi,Eğitim Tesisi (Okul vb.),5
2022,Fatih,Yedikule Mahallesi,Eğitim Tesisi (Okul vb.),4
2022,Fatih,Yedikule Mahallesi,Sanayi ve Fabrika,1
2022,Fatih,Zeyrek Mahallesi,Eğitim Tesisi (Okul vb.),5
2022,Fatih,İskenderpaşa Mahallesi,Eğitim Tesisi (Okul vb.),5
2022,Fatih,Şehremini Mahallesi,Eğitim Tesisi (Okul vb.),11
2022,Fatih,Şehsuvar Bey Mahallesi,Eğitim Tesisi (Okul vb.),1
2022,Gaziosmanpaşa,Barbaros Hayrettin Paşa Mahallesi,Eğitim Tesisi (Okul vb.),6
2022,Gaziosmanpaşa,Barbaros Hayrettin Paşa Mahallesi,Sanayi ve Fabrika,8
2022,Gaziosmanpaşa,Bağlarbaşı Mahallesi,Eğitim Tesisi (Okul vb.),2
2022,Gaziosmanpaşa,Fevzi Çakmak Mahallesi,Eğitim Tesisi (Okul vb.),3
2022,Gaziosmanpaşa,Hürriyet Mahallesi,Eğitim Tesisi (Okul vb.),3
2022,Gaziosmanpaşa,Karadeniz Mahallesi,Eğitim Tesisi (Okul vb.),9
2022,Gaziosmanpaşa,Karadeniz Mahallesi,Sanayi ve Fabrika,1
2022,Gaziosmanpaşa,Karayolları Mahallesi,Eğitim Tesisi (Okul vb.),5
2022,Gaziosmanpaşa,Karlıtepe Mahallesi,Eğitim Tesisi (Okul vb.),1
2022,Gaziosmanpaşa,Kazım Karabekir Mahallesi,Eğitim Tesisi (Okul vb.),8
2022,Gaziosmanpaşa,Merkez Mahallesi,Eğitim Tesisi (Okul vb.),8
2022,Gaziosmanpaşa,Merkez Mahallesi,Sanayi ve Fabrika,1
2022,Gaziosmanpaşa,Mevlana Mahallesi,Eğitim Tesisi (Okul vb.),5
2022,Gaziosmanpaşa,Sarıgöl Mahallesi,Eğitim Tesisi (Okul vb.),1
2022,Gaziosmanpaşa,Yeni Mahalle Mahallesi,Eğitim Tesisi (Okul vb.),4
2022,Gaziosmanpaşa,Yenidoğan Mahallesi,Eğitim Tesisi (Okul vb.),2
2022,Gaziosmanpaşa,Yıldıztabya Mahallesi,Eğitim Tesisi (Okul vb.),1
2022,Gaziosmanpaşa,Şemsipaşa Mahallesi,Eğitim Tesisi (Okul vb.),1
2022,Gebze,Balçık Mahallesi,Sanayi ve Fabrika,2
2022,Güngören,Abdurrahman Nafiz Gürman Mahallesi,Eğitim Tesisi (Okul vb.),2
2022,Güngören,Gençosman Mahallesi,Eğitim Tesisi (Okul vb.),10
2022,Güngören,Güneştepe Mahallesi,Eğitim Tesisi (Okul vb.),4
2022,Güngören,Haznedar Mahallesi,Eğitim Tesisi (Okul vb.),3
2022,Güngören,Mareşal Çakmak Mahallesi,Eğitim Tesisi (Okul vb.),1
2022,Güngören,Mehmet Nesih Özmen Mahallesi,Eğitim Tesisi (Okul vb.),3
2022,Güngören,Merkez Mahallesi,Eğitim Tesisi (Okul vb.),7
2022,Güngören,Sanayi Mahallesi,Eğitim Tesisi (Okul vb.),1
2022,Güngören,Sanayi Mahallesi,Sanayi ve Fabrika,1
2022,Güngören,Tozkoparan Mahallesi,Eğitim Tesisi (Okul vb.),7
2022,Güngören,Tozkoparan Mahallesi,Sanayi ve Fabrika,1
2022,Kadıköy,19 Mayıs Mahallesi,Eğitim Tesisi (Okul vb.),9
2022,Kadıköy,Acıbadem Mahallesi,Eğitim Tesisi (Okul vb.),10
2022,Kadıköy,Acıbadem Mahallesi,Sanayi ve Fabrika,3
2022,Kadıköy,Bostancı Mahallesi,Eğitim Tesisi (Okul vb.),10
2022,Kadıköy,Bostancı Mahallesi,Sanayi ve Fabrika,1
2022,Kadıköy,Caddebostan Mahallesi,Eğitim Tesisi (Okul vb.),8
2022,Kadıköy,Caferağa Mahallesi,Eğitim Tesisi (Okul vb.),15
2022,Kadıköy,Dumlupınar Mahallesi,Eğitim Tesisi (Okul vb.),4
2022,Kadıköy,Erenköy Mahallesi,Eğitim Tesisi (Okul vb.),7
2022,Kadıköy,Eğitim Mahallesi,Eğitim Tesisi (Okul vb.),3
2022,Kadıköy,Fenerbahçe Mahallesi,Eğitim Tesisi (Okul vb.),3
2022,Kadıköy,Feneryolu Mahallesi,Eğitim Tesisi (Okul vb.),3
2022,Kadıköy,Göztepe Mahallesi,Eğitim Tesisi (Okul vb.),16
2022,Kadıköy,Hasanpaşa Mahallesi,Eğitim Tesisi (Okul vb.),11
2022,Kadıköy,Kozyatağı Mahallesi,Eğitim Tesisi (Okul vb.),4
2022,Kadıköy,Koşuyolu Mahallesi,Eğitim Tesisi (Okul vb.),4
2022,Kadıköy,Merdivenköy Mahallesi,Eğitim Tesisi (Okul vb.),9
2022,Kadıköy,Osmanağa Mahallesi,Eğitim Tesisi (Okul vb.),5
2022,Kadıköy,Rasimpaşa Mahallesi,Eğitim Tesisi (Okul vb.),3
2022,Kadıköy,Rasimpaşa Mahallesi,Sanayi ve Fabrika,1
2022,Kadıköy,Sahrayıcedit Mahallesi,Eğitim Tesisi (Okul vb.),6
2022,Kadıköy,Suadiye Mahallesi,Eğitim Tesisi (Okul vb.),7
2022,Kadıköy,Zühtüpaşa Mahallesi,Eğitim Tesisi (Okul vb.),3
2022,Kartal,Atalar Mahallesi,Eğitim Tesisi (Okul vb.),7
2022,Kartal,Cevizli Mahallesi,Eğitim Tesisi (Okul vb.),7
2022,Kartal,Cevizli Mahallesi,Sanayi ve Fabrika,1
2022,Kartal,Cumhuriyet Mahallesi,Eğitim Tesisi (Okul vb.),6
2022,Kartal,Cumhuriyet Mahallesi,Sanayi ve Fabrika,3
2022,Kartal,Esentepe Mahallesi,Eğitim Tesisi (Okul vb.),15
2022,Kartal,Esentepe Mahallesi,Sanayi ve Fabrika,19
2022,Kartal,Gümüşpınar Mahallesi,Eğitim Tesisi (Okul vb.),3
2022,Kartal,Hürriyet Mahallesi,Eğitim Tesisi (Okul vb.),8
2022,Kartal,Hürriyet Mahallesi,Sanayi ve Fabrika,1
2022,Kartal,Karlıktepe Mahallesi,Eğitim Tesisi (Okul vb.),4
2022,Kartal,Karlıktepe Mahallesi,Sanayi ve Fabrika,1
2022,Kartal,Orhantepe Mahallesi,Eğitim Tesisi (Okul vb.),5
2022,Kartal,Orta Mahallesi,Eğitim Tesisi (Okul vb.),2
2022,Kartal,Petrol İş Mahallesi,Eğitim Tesisi (Okul vb.),9
2022,Kartal,Soğanlık Yeni Mahallesi,Eğitim Tesisi (Okul vb.),5
2022,Kartal,Topselvi Mahalesi,Eğitim Tesisi (Okul vb.),3
2022,Kartal,Topselvi Mahalesi,Sanayi ve Fabrika,3
2022,Kartal,Uğur Mumcu Mahallesi,Eğitim Tesisi (Okul vb.),6
2022,Kartal,Yakacık Yeni Mahallesi,Eğitim Tesisi (Okul vb.),2
2022,Kartal,Yakacık Çarşı Mahallesi,Eğitim Tesisi (Okul vb.),6
2022,Kartal,Yakacık Çarşı Mahallesi,Sanayi ve Fabrika,1
2022,Kartal,Yalı Mahallesi,Sanayi ve Fabrika,1
2022,Kartal,Yukarı Mahallesi,Eğitim Tesisi (Okul vb.),1
2022,Kartal,Yunus Mahallesi,Eğitim Tesisi (Okul vb.),5
2022,Kartal,Yunus Mahallesi,Sanayi ve Fabrika,3
2022,Kartal,Çavuşoğlu Mahallesi,Eğitim Tesisi (Okul vb.),5
2022,Kartal,Çavuşoğlu Mahallesi,Sanayi ve Fabrika,7
2022,Kâğıthane,Gültepe Mahallesi,Eğitim Tesisi (Okul vb.),1
2022,Kâğıthane,Gürsel Mahallesi,Eğitim Tesisi (Okul vb.),4
2022,Kâğıthane,Hamidiye Mahallesi,Eğitim Tesisi (Okul vb.),14
2022,Kâğıthane,Harmantepe Mahallesi,Eğitim Tesisi (Okul vb.),2
2022,Kâğıthane,Hürriyet Mahallesi,Eğitim Tesisi (Okul vb.),4
2022,Kâğıthane,Mehmet Akif Ersoy Mahallesi,Eğitim Tesisi (Okul vb.),1
2022,Kâğıthane,Merkez Mahallesi,Eğitim Tesisi (Okul vb.),24
2022,Kâğıthane,Nurtepe Mahallesi,Eğitim Tesisi (Okul vb.),4
2022,Kâğıthane,Ortabayır Mahallesi,Eğitim Tesisi (Okul vb.),2
2022,Kâğıthane,Seyrantepe Mahallesi,Eğitim Tesisi (Okul vb.),5
2022,Kâğıthane,Sultan Selim Mahallesi,Eğitim Tesisi (Okul vb.),3
2022,Kâğıthane,Talatpaşa Mahallesi,Eğitim Tesisi (Okul vb.),4
2022,Kâğıthane,Telsizler Mahallesi,Eğitim Tesisi (Okul vb.),2
2022,Kâğıthane,Yahya Kemal Mahallesi,Eğitim Tesisi (Okul vb.),2
2022,Kâğıthane,Yeşilce Mahallesi,Eğitim Tesisi (Okul vb.),1
2022,Kâğıthane,Yeşilce Mahallesi,Sanayi ve Fabrika,1
2022,Kâğıthane,Çağlayan Mahallesi,Eğitim Tesisi (Okul vb.),2
2022,Kâğıthane,Çeliktepe Mahallesi,Eğitim Tesisi (Okul vb.),1
2022,Küçükçekmece,Atakent Mahallesi,Eğitim Tesisi (Okul vb.),58
2022,Küçükçekmece,Atatürk Mahallesi,Eğitim Tesisi (Okul vb.),2
2022,Küçükçekmece,Atatürk Mahallesi,Sanayi ve Fabrika,2
2022,Küçükçekmece,Beşyol Mahallesi,Eğitim Tesisi (Okul vb.),7
2022,Küçükçekmece,Cennet Mahallesi,Eğitim Tesisi (Okul vb.),8
2022,Küçükçekmece,Cumhuriyet Mahallesi,Eğitim Tesisi (Okul vb.),5
2022,Küçükçekmece,Fatih Mahallesi,Eğitim Tesisi (Okul vb.),1
2022,Küçükçekmece,Fevzi Çakmak Mahallesi,Eğitim Tesisi (Okul vb.),1
2022,Küçükçekmece,Fevzi Çakmak Mahallesi,Sanayi ve Fabrika,1
2022,Küçükçekmece,Gültepe Mahallesi,Eğitim Tesisi (Okul vb.),5
2022,Küçükçekmece,Halkalı Merkez Mahallesi,Eğitim Tesisi (Okul vb.),12
2022,Küçükçekmece,Halkalı Merkez Mahallesi,Sanayi ve Fabrika,1
2022,Küçükçekmece,Kanarya Mahallesi,Eğitim Tesisi (Okul vb.),2
2022,Küçükçekmece,Kartaltepe Mahallesi,Eğitim Tesisi (Okul vb.),2
2022,Küçükçekmece,Kemalpaşa Mahallesi,Eğitim Tesisi (Okul vb.),9
2022,Küçükçekmece,Mehmet Akif Mahallesi,Eğitim Tesisi (Okul vb.),2
2022,Küçükçekmece,Mehmet Akif Mahallesi,Sanayi ve Fabrika,2
2022,Küçükçekmece,Sultan Murat Mahallesi,Eğitim Tesisi (Okul vb.),2
2022,Küçükçekmece,Söğütlü Çeşme Mahallesi,Eğitim Tesisi (Okul vb.),6
2022,Küçükçekmece,Söğütlü Çeşme Mahallesi,Sanayi ve Fabrika,1
2022,Küçükçekmece,Tevfikbey Mahallesi,Eğitim Tesisi (Okul vb.),2
2022,Küçükçekmece,Tevfikbey Mahallesi,Sanayi ve Fabrika,1
2022,Küçükçekmece,Yarımburgaz Mahallesi,Sanayi ve Fabrika,2
2022,Küçükçekmece,Yeni Mahalle Mahallesi,Eğitim Tesisi (Okul vb.),2
2022,Küçükçekmece,Yeşilova Mahallesi,Eğitim Tesisi (Okul vb.),1
2022,Küçükçekmece,İnönü Mahallesi,Eğitim Tesisi (Okul vb.),7
2022,Küçükçekmece,İnönü Mahallesi,Sanayi ve Fabrika,1
2022,Küçükçekmece,İstasyon Mahallesi,Eğitim Tesisi (Okul vb.),5
2022,Küçükçekmece,İstasyon Mahallesi,Sanayi ve Fabrika,1
2022,Maltepe,Altayçeşme Mahallesi,Eğitim Tesisi (Okul vb.),7
2022,Maltepe,Altıntepe Mahallesi,Eğitim Tesisi (Okul vb.),4
2022,Maltepe,Aydınevler Mahallesi,Eğitim Tesisi (Okul vb.),3
2022,Maltepe,Aydınevler Mahallesi,Sanayi ve Fabrika,2
2022,Maltepe,Bağlarbaşı Mahallesi,Eğitim Tesisi (Okul vb.),6
2022,Maltepe,Bağlarbaşı Mahallesi,Sanayi ve Fabrika,2
2022,Maltepe,Başıbüyük Mahallesi,Eğitim Tesisi (Okul vb.),9
2022,Maltepe,Büyükbakkalköy Mahallesi,Eğitim Tesisi (Okul vb.),7
2022,Maltepe,Büyükbakkalköy Mahallesi,Sanayi ve Fabrika,1
2022,Maltepe,Cevizli Mahallesi,Eğitim Tesisi (Okul vb.),10
2022,Maltepe,Cevizli Mahallesi,Sanayi ve Fabrika,6
2022,Maltepe,Esenkent Mahallesi,Eğitim Tesisi (Okul vb.),4
2022,Maltepe,Feyzullah Mahallesi,Eğitim Tesisi (Okul vb.),8
2022,Maltepe,Fındıklı Mahallesi,Eğitim Tesisi (Okul vb.),2
2022,Maltepe,Girne Mahallesi,Eğitim Tesisi (Okul vb.),6
2022,Maltepe,Gülensu Mahallesi,Eğitim Tesisi (Okul vb.),2
2022,Maltepe,Gülsuyu Mahallesi,Eğitim Tesisi (Okul vb.),2
2022,Maltepe,Küçükyalı Merkez Mahallesi,Eğitim Tesisi (Okul vb.),5
2022,Maltepe,Yalı Mahallesi,Eğitim Tesisi (Okul vb.),6
2022,Maltepe,Yalı Mahallesi,Sanayi ve Fabrika,1
2022,Maltepe,Zümrütevler Mahallesi,Eğitim Tesisi (Okul vb.),8
2022,Maltepe,Zümrütevler Mahallesi,Sanayi ve Fabrika,1
2022,Maltepe,İdealtepe Mahallesi,Eğitim Tesisi (Okul vb.),5
2022,Pendik,Ahmet Yesevi Mahallesi,Eğitim Tesisi (Okul vb.),4
2022,Pendik,Bahçelievler Mahallesi,Eğitim Tesisi (Okul vb.),10
2022,Pendik,Bahçelievler Mahallesi,Sanayi ve Fabrika,3
2022,Pendik,Batı Mahallesi,Eğitim Tesisi (Okul vb.),3
2022,Pendik,Doğu Mahallesi,Eğitim Tesisi (Okul vb.),7
2022,Pendik,Dumlupınar Mahallesi,Eğitim Tesisi (Okul vb.),1
2022,Pendik,Dumlupınar Mahallesi,Sanayi ve Fabrika,1
2022,Pendik,Ertuğrul Gazi Mahallesi,Eğitim Tesisi (Okul vb.),2
2022,Pendik,Esenler Mahallesi,Eğitim Tesisi (Okul vb.),6
2022,Pendik,Esenler Mahallesi,Sanayi ve Fabrika,9
2022,Pendik,Esenyalı Mahallesi,Eğitim Tesisi (Okul vb.),6
2022,Pendik,Fatih Mahallesi,Eğitim Tesisi (Okul vb.),3
2022,Pendik,Fevzi Çakmak Mahallesi,Eğitim Tesisi (Okul vb.),7
2022,Pendik,Göçbeyli Mahallesi,Eğitim Tesisi (Okul vb.),6
2022,Pendik,Göçbeyli Mahallesi,Sanayi ve Fabrika,2
2022,Pendik,Güllü Bağlar Mahallesi,Eğitim Tesisi (Okul vb.),5
2022,Pendik,Güllü Bağlar Mahallesi,Sanayi ve Fabrika,1
2022,Pendik,Güzelyalı Mahallesi,Eğitim Tesisi (Okul vb.),2
2022,Pendik,Güzelyalı Mahallesi,Sanayi ve Fabrika,5
2022,Pendik,Harmandere Mahallesi,Eğitim Tesisi (Okul vb.),5
2022,Pendik,Harmandere Mahallesi,Sanayi ve Fabrika,2
2022,Pendik,Kavakpınar Mahallesi,Eğitim Tesisi (Okul vb.),8
2022,Pendik,Kavakpınar Mahallesi,Sanayi ve Fabrika,6
2022,Pendik,Kaynarca Mahallesi,Eğitim Tesisi (Okul vb.),8
2022,Pendik,Kaynarca Mahallesi,Sanayi ve Fabrika,2
2022,Pendik,Kurna Mahallesi,Sanayi ve Fabrika,4
2022,Pendik,Kurtköy Mahallesi,Eğitim Tesisi (Okul vb.),10
2022,Pendik,Kurtköy Mahallesi,Sanayi ve Fabrika,3
2022,Pendik,Orhangazi Mahallesi,Eğitim Tesisi (Okul vb.),6
2022,Pendik,Orta Mahallesi,Eğitim Tesisi (Okul vb.),4
2022,Pendik,Ramazanoğlu Mahallesi,Eğitim Tesisi (Okul vb.),3
2022,Pendik,Ramazanoğlu Mahallesi,Sanayi ve Fabrika,13
2022,Pendik,Sanayi Mahallesi,Eğitim Tesisi (Okul vb.),4
2022,Pendik,Sanayi Mahallesi,Sanayi ve Fabrika,12
2022,Pendik,Sapan Bağları Mahallesi,Eğitim Tesisi (Okul vb.),2
2022,Pendik,Sülüntepe Mahallesi,Eğitim Tesisi (Okul vb.),3
2022,Pendik,Velibaba Mahallesi,Eğitim Tesisi (Okul vb.),6
2022,Pendik,Velibaba Mahallesi,Sanayi ve Fabrika,7
2022,Pendik,Yayalar Mahallesi,Eğitim Tesisi (Okul vb.),2
2022,Pendik,Yayalar Mahallesi,Sanayi ve Fabrika,1
2022,Pendik,Yeni Mahallesi,Eğitim Tesisi (Okul vb.),2
2022,Pendik,Yenişehir Mahallesi,Eğitim Tesisi (Okul vb.),23
2022,Pendik,Yeşilbağlar Mahallesi,Eğitim Tesisi (Okul vb.),1
2022,Pendik,Yeşilbağlar Mahallesi,Sanayi ve Fabrika,2
2022,Pendik,Çamlık Mahallesi,Eğitim Tesisi (Okul vb.),12
2022,Pendik,Çamlık Mahallesi,Sanayi ve Fabrika,1
2022,Pendik,Çamçeşme Mahallesi,Eğitim Tesisi (Okul vb.),6
2022,Pendik,Çamçeşme Mahallesi,Sanayi ve Fabrika,4
2022,Pendik,Çınardere Mahallesi,Eğitim Tesisi (Okul vb.),8
2022,Pendik,Çınardere Mahallesi,Sanayi ve Fabrika,1
2022,Pendik,Şeyhli Mahallesi,Eğitim Tesisi (Okul vb.),5
2022,Sancaktepe,Abdurrahmangazi Mahallesi,Eğitim Tesisi (Okul vb.),12
2022,Sancaktepe,Abdurrahmangazi Mahallesi,Sanayi ve Fabrika,16
2022,Sancaktepe,Akpınar Mahallesi,Sanayi ve Fabrika,1
2022,Sancaktepe,Atatürk Mahallesi,Eğitim Tesisi (Okul vb.),4
2022,Sancaktepe,Atatürk Mahallesi,Sanayi ve Fabrika,1
2022,Sancaktepe,Emek Mahallesi,Eğitim Tesisi (Okul vb.),2
2022,Sancaktepe,Emek Mahallesi,Sanayi ve Fabrika,7
2022,Sancaktepe,Eyüp Sultan Mahallesi,Eğitim Tesisi (Okul vb.),6
2022,Sancaktepe,Eyüp Sultan Mahallesi,Sanayi ve Fabrika,15
2022,Sancaktepe,Fatih Mahallesi,Eğitim Tesisi (Okul vb.),6
2022,Sancaktepe,Fatih Mahallesi,Sanayi ve Fabrika,10
2022,Sancaktepe,Hilal Mahallesi,Eğitim Tesisi (Okul vb.),1
2022,Sancaktepe,Hilal Mahallesi,Sanayi ve Fabrika,4
2022,Sancaktepe,Kemal Türkler Mahallesi,Eğitim Tesisi (Okul vb.),2
2022,Sancaktepe,Kemal Türkler Mahallesi,Sanayi ve Fabrika,2
2022,Sancaktepe,Meclis Mahallesi,Eğitim Tesisi (Okul vb.),7
2022,Sancaktepe,Meclis Mahallesi,Sanayi ve Fabrika,4
2022,Sancaktepe,Merve Mahallesi,Eğitim Tesisi (Okul vb.),2
2022,Sancaktepe,Merve Mahallesi,Sanayi ve Fabrika,37
2022,Sancaktepe,Mevlana Mahallesi,Eğitim Tesisi (Okul vb.),1
2022,Sancaktepe,Osmangazi Mahallesi,Eğitim Tesisi (Okul vb.),8
2022,Sancaktepe,Osmangazi Mahallesi,Sanayi ve Fabrika,5
2022,Sancaktepe,Paşaköy Mahallesi,Sanayi ve Fabrika,18
2022,Sancaktepe,Safa Mahallesi,Eğitim Tesisi (Okul vb.),2
2022,Sancaktepe,Safa Mahallesi,Sanayi ve Fabrika,6
2022,Sancaktepe,Sarıgazi Mahallesi,Eğitim Tesisi (Okul vb.),7
2022,Sancaktepe,Sarıgazi Mahallesi,Sanayi ve Fabrika,1
2022,Sancaktepe,Veysel Karani Mahallesi,Eğitim Tesisi (Okul vb.),4
2022,Sancaktepe,Yenidoğan Mahallesi,Eğitim Tesisi (Okul vb.),1
2022,Sancaktepe,Yenidoğan Mahallesi,Sanayi ve Fabrika,1
2022,Sancaktepe,Yunus Emre Mahallesi,Eğitim Tesisi (Okul vb.),3
2022,Sancaktepe,Yunus Emre Mahallesi,Sanayi ve Fabrika,2
2022,Sancaktepe,İnönü Mahallesi,Eğitim Tesisi (Okul vb.),2
2022,Sarıyer,Ayazağa Mahallesi,Eğitim Tesisi (Okul vb.),12
2022,Sarıyer,Ayazağa Mahallesi,Sanayi ve Fabrika,2
2022,Sarıyer,Bahçeköy Merkez Mahallesi,Eğitim Tesisi (Okul vb.),2
2022,Sarıyer,Bahçeköy Yeni Mahalle,Eğitim Tesisi (Okul vb.),1
2022,Sarıyer,Fatih Sultan Mehmet Mahallesi,Eğitim Tesisi (Okul vb.),1
2022,Sarıyer,Ferahevler Mahallesi,Eğitim Tesisi (Okul vb.),2
2022,Sarıyer,Gümüşdere Mahallesi,Eğitim Tesisi (Okul vb.),2
2022,Sarıyer,Gümüşdere Mahallesi,Sanayi ve Fabrika,2
2022,Sarıyer,Huzur Mahallesi,Eğitim Tesisi (Okul vb.),2
2022,Sarıyer,Kocataş Mahallesi,Eğitim Tesisi (Okul vb.),1
2022,Sarıyer,Kumköy (Kilyos) Mahallesi,Eğitim Tesisi (Okul vb.),3
2022,Sarıyer,Maslak Mahallesi,Eğitim Tesisi (Okul vb.),1
2022,Sarıyer,Maslak Mahallesi,Sanayi ve Fabrika,1
2022,Sarıyer,Merkez Mahallesi,Eğitim Tesisi (Okul vb.),2
2022,Sarıyer,PTT Evleri Mahallesi,Eğitim Tesisi (Okul vb.),1
2022,Sarıyer,PTT Evleri Mahallesi,Sanayi ve Fabrika,1
2022,Sarıyer,Poligon Mahallesi,Eğitim Tesisi (Okul vb.),1
2022,Sarıyer,Pınar Mahallesi,Eğitim Tesisi (Okul vb.),2
2022,Sarıyer,Reşitpaşa Mahallesi,Eğitim Tesisi (Okul vb.),6
2022,Sarıyer,Rumelifeneri Mahallesi,Eğitim Tesisi (Okul vb.),1
2022,Sarıyer,Rumelihisarı Mahallesi,Eğitim Tesisi (Okul vb.),4
2022,Sarıyer,Uskumruköy Mahallesi,Eğitim Tesisi (Okul vb.),3
2022,Sarıyer,Zekeriyaköy Mahallesi,Eğitim Tesisi (Okul vb.),6
2022,Sarıyer,Zekeriyaköy Mahallesi,Sanayi ve Fabrika,1
2022,Sarıyer,Çamlıtepe Mahallesi,Eğitim Tesisi (Okul vb.),1
2022,Sarıyer,Çayırbaşı Mahallesi,Eğitim Tesisi (Okul vb.),1
2022,Sarıyer,İstinye Mahallesi,Eğitim Tesisi (Okul vb.),2
2022,Silivri,Akören Mahallesi,Eğitim Tesisi (Okul vb.),1
2022,Silivri,Akören Mahallesi,Sanayi ve Fabrika,1
2022,Silivri,Alibey Mahallesi,Eğitim Tesisi (Okul vb.),1
2022,Silivri,Alipaşa Mahallesi,Eğitim Tesisi (Okul vb.),1
2022,Silivri,Alipaşa Mahallesi,Sanayi ve Fabrika,56
2022,Silivri,Bekirli Mahallesi,Sanayi ve Fabrika,1
2022,Silivri,Beyciler Mahallesi,Sanayi ve Fabrika,2
2022,Silivri,Büyük Kılıçlı Mahallesi,Eğitim Tesisi (Okul vb.),1
2022,Silivri,Büyük Kılıçlı Mahallesi,Sanayi ve Fabrika,6
2022,Silivri,Büyük Çavuşlu Mahallesi,Sanayi ve Fabrika,3
2022,Silivri,Değirmenköy Fevzipaşa Mahallesi,Sanayi ve Fabrika,30
2022,Silivri,Fener Mahallesi,Sanayi ve Fabrika,1
2022,Silivri,Gümüşyaka Mahallesi,Sanayi ve Fabrika,2
2022,Silivri,Kavaklı İstiklal Mahallesi,Eğitim Tesisi (Okul vb.),1
2022,Silivri,Kurfallı Mahallesi,Eğitim Tesisi (Okul vb.),1
2022,Silivri,Mimar Sinan Mahallesi,Eğitim Tesisi (Okul vb.),2
2022,Silivri,Mimar Sinan Mahallesi,Sanayi ve Fabrika,6
2022,Silivri,Ortaköy Mahallesi,Sanayi ve Fabrika,1
2022,Silivri,Piri Mehmet Paşa Mahallesi,Eğitim Tesisi (Okul vb.),1
2022,Silivri,Sayalar Mahallesi,Eğitim Tesisi (Okul vb.),1
2022,Silivri,Sayalar Mahallesi,Sanayi ve Fabrika,1
2022,Silivri,Selimpaşa Mahallesi,Eğitim Tesisi (Okul vb.),4
2022,Silivri,Selimpaşa Mahallesi,Sanayi ve Fabrika,2
2022,Silivri,Semizkumlar Mahallesi,Eğitim Tesisi (Okul vb.),1
2022,Silivri,Semizkumlar Mahallesi,Sanayi ve Fabrika,2
2022,Silivri,Seymen Mahallesi,Eğitim Tesisi (Okul vb.),1
2022,Silivri,Seymen Mahallesi,Sanayi ve Fabrika,5
2022,Silivri,Yeni Mahalle,Eğitim Tesisi (Okul vb.),8
2022,Silivri,Yolçatı Mahallesi,Sanayi ve Fabrika,1
2022,Silivri,Çanta Balaban Mahallesi,Sanayi ve Fabrika,38
2022,Silivri,Çanta Sancaktepe Mahallesi,Eğitim Tesisi (Okul vb.),2
2022,Silivri,Çanta Sancaktepe Mahallesi,Sanayi ve Fabrika,22
2022,Silivri,Çayırdere Mahallesi,Eğitim Tesisi (Okul vb.),1
2022,Silivri,Çayırdere Mahallesi,Sanayi ve Fabrika,2
2022,Silivri,Çeltik Mahallesi,Eğitim Tesisi (Okul vb.),1
2022,Silivri,Çeltik Mahallesi,Sanayi ve Fabrika,3
2022,Sultanbeyli,Abdurrahmangazi Mahallesi,Eğitim Tesisi (Okul vb.),10
2022,Sultanbeyli,Abdurrahmangazi Mahallesi,Sanayi ve Fabrika,1
2022,Sultanbeyli,Adil Mahallesi,Eğitim Tesisi (Okul vb.),6
2022,Sultanbeyli,Adil Mahallesi,Sanayi ve Fabrika,11
2022,Sultanbeyli,Ahmet Yesevi Mahallesi,Eğitim Tesisi (Okul vb.),5
2022,Sultanbeyli,Ahmet Yesevi Mahallesi,Sanayi ve Fabrika,13
2022,Sultanbeyli,Akşemsettin Mahallesi,Eğitim Tesisi (Okul vb.),3
2022,Sultanbeyli,Akşemsettin Mahallesi,Sanayi ve Fabrika,16
2022,Sultanbeyli,Battalgazi Mahallesi,Eğitim Tesisi (Okul vb.),14
2022,Sultanbeyli,Battalgazi Mahallesi,Sanayi ve Fabrika,6
2022,Sultanbeyli,Fatih Mahallesi,Eğitim Tesisi (Okul vb.),7
2022,Sultanbeyli,Hamidiye Mahallesi,Eğitim Tesisi (Okul vb.),4
2022,Sultanbeyli,Hamidiye Mahallesi,Sanayi ve Fabrika,6
2022,Sultanbeyli,Hasanpaşa Mahallesi,Eğitim Tesisi (Okul vb.),5
2022,Sultanbeyli,Hasanpaşa Mahallesi,Sanayi ve Fabrika,1
2022,Sultanbeyli,Mecidiye Mahallesi,Eğitim Tesisi (Okul vb.),8
2022,Sultanbeyli,Mehmet Akif Mahallesi,Eğitim Tesisi (Okul vb.),12
2022,Sultanbeyli,Mehmet Akif Mahallesi,Sanayi ve Fabrika,4
2022,Sultanbeyli,Mimar Sinan Mahallesi,Eğitim Tesisi (Okul vb.),16
2022,Sultanbeyli,Mimar Sinan Mahallesi,Sanayi ve Fabrika,12
2022,Sultanbeyli,Necip Fazıl Mahallesi,Eğitim Tesisi (Okul vb.),4
2022,Sultanbeyli,Orhangazi Mahallesi,Eğitim Tesisi (Okul vb.),7
2022,Sultanbeyli,Orhangazi Mahallesi,Sanayi ve Fabrika,7
2022,Sultanbeyli,Turgut Reis Mahallesi,Eğitim Tesisi (Okul vb.),6
2022,Sultanbeyli,Turgut Reis Mahallesi,Sanayi ve Fabrika,4
2022,Sultanbeyli,Yavuz Selim Mahallesi,Eğitim Tesisi (Okul vb.),3
2022,Sultanbeyli,Yavuz Selim Mahallesi,Sanayi ve Fabrika,2
2022,Sultangazi,50. Yıl Mahallesi,Eğitim Tesisi (Okul vb.),9
2022,Sultangazi,75. Yıl Mahallesi,Eğitim Tesisi (Okul vb.),2
2022,Sultangazi,Cebeci Mahallesi,Eğitim Tesisi (Okul vb.),9
2022,Sultangazi,Cebeci Mahallesi,Sanayi ve Fabrika,2
2022,Sultangazi,Cumhuriyet Mahallesi,Eğitim Tesisi (Okul vb.),1
2022,Sultangazi,Esentepe Mahallesi,Eğitim Tesisi (Okul vb.),4
2022,Sultangazi,Esentepe Mahallesi,Sanayi ve Fabrika,7
2022,Sultangazi,Eski Habipler Mahallesi,Eğitim Tesisi (Okul vb.),4
2022,Sultangazi,Eski Habipler Mahallesi,Sanayi ve Fabrika,1
2022,Sultangazi,Gazi Mahallesi,Eğitim Tesisi (Okul vb.),6
2022,Sultangazi,Habibler Mahallesi,Eğitim Tesisi (Okul vb.),2
2022,Sultangazi,Habibler Mahallesi,Sanayi ve Fabrika,2
2022,Sultangazi,Malkoçoğlu Mahallesi,Eğitim Tesisi (Okul vb.),1
2022,Sultangazi,Sultançiftliği Mahallesi,Eğitim Tesisi (Okul vb.),5
2022,Sultangazi,Uğur Mumcu Mahallesi,Eğitim Tesisi (Okul vb.),6
2022,Sultangazi,Uğur Mumcu Mahallesi,Sanayi ve Fabrika,2
2022,Sultangazi,Yunus Emre Mahallesi,Eğitim Tesisi (Okul vb.),7
2022,Sultangazi,Zübeyde Hanım Mahallesi,Eğitim Tesisi (Okul vb.),2
2022,Sultangazi,İsmetpaşa Mahallesi,Eğitim Tesisi (Okul vb.),8
2022,Tuzla,Akfırat Mahallesi,Eğitim Tesisi (Okul vb.),2
2022,Tuzla,Akfırat Mahallesi,Sanayi ve Fabrika,6
2022,Tuzla,Anadolu Mahallesi,Eğitim Tesisi (Okul vb.),1
2022,Tuzla,Anadolu Mahallesi,Sanayi ve Fabrika,14
2022,Tuzla,Aydınlı Mahallesi,Eğitim Tesisi (Okul vb.),15
2022,Tuzla,Aydınlı Mahallesi,Sanayi ve Fabrika,208
2022,Tuzla,Aydıntepe Mahallesi,Eğitim Tesisi (Okul vb.),5
2022,Tuzla,Aydıntepe Mahallesi,Sanayi ve Fabrika,2
2022,Tuzla,Cami Mahallesi,Eğitim Tesisi (Okul vb.),1
2022,Tuzla,Evliya Çelebi Mahallesi,Eğitim Tesisi (Okul vb.),8
2022,Tuzla,Evliya Çelebi Mahallesi,Sanayi ve Fabrika,2
2022,Tuzla,Fatih Mahallesi,Eğitim Tesisi (Okul vb.),2
2022,Tuzla,Fatih Mahallesi,Sanayi ve Fabrika,3
2022,Tuzla,Mescit Mahallesi,Eğitim Tesisi (Okul vb.),3
2022,Tuzla,Mescit Mahallesi,Sanayi ve Fabrika,16
2022,Tuzla,Mimar Sinan Mahallesi,Eğitim Tesisi (Okul vb.),2
2022,Tuzla,Orhanlı Mahallesi,Eğitim Tesisi (Okul vb.),2
2022,Tuzla,Orhanlı Mahallesi,Sanayi ve Fabrika,357
2022,Tuzla,Orta Mahallesi,Eğitim Tesisi (Okul vb.),4
2022,Tuzla,Orta Mahallesi,Sanayi ve Fabrika,20
2022,Tuzla,Postane Mahallesi,Eğitim Tesisi (Okul vb.),14
2022,Tuzla,Postane Mahallesi,Sanayi ve Fabrika,2
2022,Tuzla,Tepeören Mahallesi,Eğitim Tesisi (Okul vb.),14
2022,Tuzla,Tepeören Mahallesi,Sanayi ve Fabrika,70
2022,Tuzla,Yayla Mahallesi,Eğitim Tesisi (Okul vb.),10
2022,Tuzla,Yayla Mahallesi,Sanayi ve Fabrika,8
2022,Tuzla,İstasyon Mahallesi,Eğitim Tesisi (Okul vb.),6
2022,Tuzla,İstasyon Mahallesi,Sanayi ve Fabrika,25
2022,Tuzla,İçmeler Mahallesi,Eğitim Tesisi (Okul vb.),6
2022,Tuzla,İçmeler Mahallesi,Sanayi ve Fabrika,2
2022,Tuzla,Şifa Mahallesi,Sanayi ve Fabrika,7
2022,Zeytinburnu,Beştelsiz Mahallesi,Eğitim Tesisi (Okul vb.),8
2022,Zeytinburnu,Gökalp Mahallesi,Eğitim Tesisi (Okul vb.),1
2022,Zeytinburnu,Kazlıçeşme Mahallesi,Eğitim Tesisi (Okul vb.),8
2022,Zeytinburnu,Kazlıçeşme Mahallesi,Sanayi ve Fabrika,5
2022,Zeytinburnu,Maltepe Mahallesi,Eğitim Tesisi (Okul vb.),12
2022,Zeytinburnu,Maltepe Mahallesi,Sanayi ve Fabrika,24
2022,Zeytinburnu,Merkezefendi Mahallesi,Eğitim Tesisi (Okul vb.),7
2022,Zeytinburnu,Nuripaşa Mahallesi,Eğitim Tesisi (Okul vb.),1
2022,Zeytinburnu,Seyitnizam Mahallesi,Eğitim Tesisi (Okul vb.),3
2022,Zeytinburnu,Sümer Mahallesi,Eğitim Tesisi (Okul vb.),10
2022,Zeytinburnu,Telsiz Mahallesi,Eğitim Tesisi (Okul vb.),1
2022,Zeytinburnu,Veliefendi Mahallesi,Eğitim Tesisi (Okul vb.),2
2022,Zeytinburnu,Yenidoğan Mahallesi,Eğitim Tesisi (Okul vb.),2
2022,Zeytinburnu,Yeşiltepe Mahallesi,Eğitim Tesisi (Okul vb.),2
2022,Zeytinburnu,Çırpıcı Mahallesi,Eğitim Tesisi (Okul vb.),1
2022,Çatalca,Atatürk Mahallesi,Eğitim Tesisi (Okul vb.),6
2022,Çatalca,Atatürk Mahallesi,Sanayi ve Fabrika,4
2022,Çatalca,Belgrat Mahallesi,Sanayi ve Fabrika,2
2022,Çatalca,Fatih Mahallesi,Sanayi ve Fabrika,1
2022,Çatalca,Ferhatpaşa Mahallesi,Eğitim Tesisi (Okul vb.),6
2022,Çatalca,Gökçeali Mahallesi,Eğitim Tesisi (Okul vb.),1
2022,Çatalca,Gümüşpınar Mahallesi,Sanayi ve Fabrika,1
2022,Çatalca,Hallaçlı Mahallesi,Eğitim Tesisi (Okul vb.),2
2022,Çatalca,Kaleiçi Mahallesi,Eğitim Tesisi (Okul vb.),2
2022,Çatalca,Kaleiçi Mahallesi,Sanayi ve Fabrika,4
2022,Çatalca,Muratbey Merkez Mahallesi,Sanayi ve Fabrika,4
2022,Çatalca,Nakkaş Mahallesi,Eğitim Tesisi (Okul vb.),1
2022,Çatalca,Nakkaş Mahallesi,Sanayi ve Fabrika,1
2022,Çatalca,Ovayenice Mahallesi,Eğitim Tesisi (Okul vb.),1
2022,Çatalca,Subaşı Mahallesi,Eğitim Tesisi (Okul vb.),2
2022,Çatalca,Subaşı Mahallesi,Sanayi ve Fabrika,2
2022,Çatalca,Yalıköy Mahallesi,Eğitim Tesisi (Okul vb.),1
2022,Çatalca,Yalıköy Mahallesi,Sanayi ve Fabrika,4
2022,Çatalca,Çakıl Mahallesi,Sanayi ve Fabrika,4
2022,Çatalca,İnceğiz Mahallesi,Eğitim Tesisi (Okul vb.),1
2022,Çayırova,Cumhuriyet Mahallesi,Sanayi ve Fabrika,1
2022,Çekmeköy,Alemdağ Mahallesi,Eğitim Tesisi (Okul vb.),4
2022,Çekmeköy,Alemdağ Mahallesi,Sanayi ve Fabrika,2
2022,Çekmeköy,Aydınlar Mahallesi,Eğitim Tesisi (Okul vb.),2
2022,Çekmeköy,Aydınlar Mahallesi,Sanayi ve Fabrika,2
2022,Çekmeköy,Cumhuriyet Mahallesi,Eğitim Tesisi (Okul vb.),3
2022,Çekmeköy,Ekşioğlu Mahallesi,Eğitim Tesisi (Okul vb.),4
2022,Çekmeköy,Ekşioğlu Mahallesi,Sanayi ve Fabrika,4
2022,Çekmeköy,Hamidiye Mahallesi,Eğitim Tesisi (Okul vb.),5
2022,Çekmeköy,Hüseyinli Mahallesi,Sanayi ve Fabrika,4
2022,Çekmeköy,Kirazlıdere Mahallesi,Eğitim Tesisi (Okul vb.),2
2022,Çekmeköy,Mehmet Akif Mahallesi,Eğitim Tesisi (Okul vb.),4
2022,Çekmeköy,Merkez Mahallesi,Eğitim Tesisi (Okul vb.),22
2022,Çekmeköy,Merkez Mahallesi,Sanayi ve Fabrika,12
2022,Çekmeköy,Mimar Sinan Mahallesi,Eğitim Tesisi (Okul vb.),7
2022,Çekmeköy,Nişantepe Mahallesi,Eğitim Tesisi (Okul vb.),10
2022,Çekmeköy,Nişantepe Mahallesi,Sanayi ve Fabrika,20
2022,Çekmeköy,Soğukpınar Mahallesi,Sanayi ve Fabrika,1
2022,Çekmeköy,Sultançiftliği Mahallesi,Eğitim Tesisi (Okul vb.),6
2022,Çekmeköy,Sırapınar Mahallesi,Sanayi ve Fabrika,3
2022,Çekmeköy,Taşdelen Mahallesi,Eğitim Tesisi (Okul vb.),4
2022,Çekmeköy,Taşdelen Mahallesi,Sanayi ve Fabrika,2
2022,Çekmeköy,Çamlık Mahallesi,Eğitim Tesisi (Okul vb.),2
2022,Çekmeköy,Çatalmeşe Mahallesi,Eğitim Tesisi (Okul vb.),2
2022,Çekmeköy,Çatalmeşe Mahallesi,Sanayi ve Fabrika,6
2022,Çekmeköy,Ömerli Mahallesi,Eğitim Tesisi (Okul vb.),2
2022,Çekmeköy,Ömerli Mahallesi,Sanayi ve Fabrika,14
2022,Çorlu,Seymen Mahallesi,Sanayi ve Fabrika,1
2022,Ümraniye,Adem Yavuz Mahallesi,Eğitim Tesisi (Okul vb.),1
2022,Ümraniye,Altınşehir Mahallesi,Eğitim Tesisi (Okul vb.),1
2022,Ümraniye,Armağanevler Mahallesi,Eğitim Tesisi (Okul vb.),1
2022,Ümraniye,Armağanevler Mahallesi,Sanayi ve Fabrika,2
2022,Ümraniye,Atakent Mahallesi,Eğitim Tesisi (Okul vb.),9
2022,Ümraniye,Atatürk Mahallesi,Eğitim Tesisi (Okul vb.),4
2022,Ümraniye,Aşağı Dudullu Mahallesi,Eğitim Tesisi (Okul vb.),1
2022,Ümraniye,Dudullu OSB Mahallesi,Eğitim Tesisi (Okul vb.),1
2022,Ümraniye,Dudullu OSB Mahallesi,Sanayi ve Fabrika,195
2022,Ümraniye,Dumlupınar Mahallesi,Eğitim Tesisi (Okul vb.),2
2022,Ümraniye,Elmalıkent Mahallesi,Eğitim Tesisi (Okul vb.),5
2022,Ümraniye,Esenevler Mahallesi,Eğitim Tesisi (Okul vb.),4
2022,Ümraniye,Esenkent Mahallesi,Eğitim Tesisi (Okul vb.),2
2022,Ümraniye,Esenkent Mahallesi,Sanayi ve Fabrika,5
2022,Ümraniye,Esenşehir Mahallesi,Eğitim Tesisi (Okul vb.),2
2022,Ümraniye,Esenşehir Mahallesi,Sanayi ve Fabrika,3
2022,Ümraniye,Fatih Sultan Mehmet Mahallesi,Eğitim Tesisi (Okul vb.),2
2022,Ümraniye,Finanskent Mahallesi,Eğitim Tesisi (Okul vb.),4
2022,Ümraniye,Kazım Karabekir Mahallesi,Eğitim Tesisi (Okul vb.),2
2022,Ümraniye,Madenler Mahallesi,Eğitim Tesisi (Okul vb.),7
2022,Ümraniye,Madenler Mahallesi,Sanayi ve Fabrika,3
2022,Ümraniye,Mehmet Akif Mahallesi,Eğitim Tesisi (Okul vb.),6
2022,Ümraniye,Namık Kemal Mahallesi,Eğitim Tesisi (Okul vb.),1
2022,Ümraniye,Namık Kemal Mahallesi,Sanayi ve Fabrika,1
2022,Ümraniye,Necip Fazıl Mahallesi,Eğitim Tesisi (Okul vb.),4
2022,Ümraniye,Necip Fazıl Mahallesi,Sanayi ve Fabrika,2
2022,Ümraniye,Parseller Mahallesi,Eğitim Tesisi (Okul vb.),1
2022,Ümraniye,Site Mahallesi,Eğitim Tesisi (Okul vb.),8
2022,Ümraniye,Tantavi Mahallesi,Eğitim Tesisi (Okul vb.),1
2022,Ümraniye,Tatlısu Mahallesi,Sanayi ve Fabrika,2
2022,Ümraniye,Tepeüstü Mahallesi,Eğitim Tesisi (Okul vb.),2
2022,Ümraniye,Topağacı Mahallesi,Eğitim Tesisi (Okul vb.),2
2022,Ümraniye,Yamanevler Mahallesi,Eğitim Tesisi (Okul vb.),5
2022,Ümraniye,Yamanevler Mahallesi,Sanayi ve Fabrika,4
2022,Ümraniye,Yukarı Dudullu Mahallesi,Eğitim Tesisi (Okul vb.),2
2022,Ümraniye,Yukarı Dudullu Mahallesi,Sanayi ve Fabrika,2
2022,Ümraniye,Çakmak Mahallesi,Eğitim Tesisi (Okul vb.),5
2022,Ümraniye,Çamlık Mahallesi,Eğitim Tesisi (Okul vb.),1
2022,Ümraniye,İnkılap Mahallesi,Eğitim Tesisi (Okul vb.),4
2022,Ümraniye,İstiklal Mahallesi,Eğitim Tesisi (Okul vb.),4
2022,Ümraniye,Şerifali Mahallesi,Eğitim Tesisi (Okul vb.),2
2022,Üsküdar,Acıbadem Mahallesi,Eğitim Tesisi (Okul vb.),6
2022,Üsküdar,Ahmediye Mahallesi,Eğitim Tesisi (Okul vb.),3
2022,Üsküdar,Altunizade Mahallesi,Eğitim Tesisi (Okul vb.),18
2022,Üsküdar,Aziz Mahmut Hüdayi Mahallesi,Eğitim Tesisi (Okul vb.),5
2022,Üsküdar,Bahçelievler Mahallesi,Eğitim Tesisi (Okul vb.),10
2022,Üsküdar,Barbaros Mahallesi,Eğitim Tesisi (Okul vb.),7
2022,Üsküdar,Barbaros Mahallesi,Sanayi ve Fabrika,1
2022,Üsküdar,Beylerbeyi Mahallesi,Eğitim Tesisi (Okul vb.),3
2022,Üsküdar,Bulgurlu Mahallesi,Eğitim Tesisi (Okul vb.),5
2022,Üsküdar,Burhaniye Mahallesi,Eğitim Tesisi (Okul vb.),4
2022,Üsküdar,Cumhuriyet Mahallesi,Eğitim Tesisi (Okul vb.),4
2022,Üsküdar,Ferah Mahallesi,Eğitim Tesisi (Okul vb.),5
2022,Üsküdar,Güzeltepe Mahallesi,Eğitim Tesisi (Okul vb.),2
2022,Üsküdar,Kirazlıtepe Mahallesi,Eğitim Tesisi (Okul vb.),2
2022,Üsküdar,Kuleli Mahallesi,Eğitim Tesisi (Okul vb.),1
2022,Üsküdar,Kuzguncuk Mahallesi,Eğitim Tesisi (Okul vb.),2
2022,Üsküdar,Küplüce Mahallesi,Eğitim Tesisi (Okul vb.),4
2022,Üsküdar,Küçük Çamlıca Mahallesi,Eğitim Tesisi (Okul vb.),8
2022,Üsküdar,Küçük Çamlıca Mahallesi,Sanayi ve Fabrika,2
2022,Üsküdar,Küçüksu Mahallesi,Eğitim Tesisi (Okul vb.),4
2022,Üsküdar,Kısıklı Mahallesi,Eğitim Tesisi (Okul vb.),11
2022,Üsküdar,Mehmet Akif Ersoy Mahallesi,Eğitim Tesisi (Okul vb.),1
2022,Üsküdar,Mimar Sinan Mahallesi,Eğitim Tesisi (Okul vb.),2
2022,Üsküdar,Muratreis Mahallesi,Eğitim Tesisi (Okul vb.),6
2022,Üsküdar,Salacak Mahallesi,Eğitim Tesisi (Okul vb.),3
2022,Üsküdar,Selami Ali Mahallesi,Eğitim Tesisi (Okul vb.),10
2022,Üsküdar,Selimiye Mahallesi,Eğitim Tesisi (Okul vb.),4
2022,Üsküdar,Sultantepe Mahallesi,Eğitim Tesisi (Okul vb.),3
2022,Üsküdar,Valide-i Atik Mahallesi,Eğitim Tesisi (Okul vb.),1
2022,Üsküdar,Yavuztürk Mahallesi,Eğitim Tesisi (Okul vb.),6
2022,Üsküdar,Zeynep Kamil Mahallesi,Eğitim Tesisi (Okul vb.),4
2022,Üsküdar,Çengelköy Mahallesi,Eğitim Tesisi (Okul vb.),2
2022,Üsküdar,Ünalan Mahallesi,Eğitim Tesisi (Okul vb.),6
2022,Üsküdar,Ünalan Mahallesi,Sanayi ve Fabrika,4
2022,Üsküdar,İcadiye Mahallesi,Eğitim Tesisi (Okul vb.),2
2022,Şile,Ahmetli Mahallesi,Eğitim Tesisi (Okul vb.),3
2022,Şile,Ahmetli Mahallesi,Sanayi ve Fabrika,1
2022,Şile,Alacalı Mahallesi,Sanayi ve Fabrika,2
2022,Şile,Ağva Merkez Mahallesi,Sanayi ve Fabrika,1
2022,Şile,Balibey Mahallesi,Sanayi ve Fabrika,2
2022,Şile,Doğancılı Mahallesi,Eğitim Tesisi (Okul vb.),1
2022,Şile,Hacı Kasım Mahallesi,Eğitim Tesisi (Okul vb.),1
2022,Şile,Kızılcaköy Mahallesi,Eğitim Tesisi (Okul vb.),2
2022,Şile,Meşrutiyet Mahallesi,Eğitim Tesisi (Okul vb.),1
2022,Şile,Sahilköy Mahallesi,Eğitim Tesisi (Okul vb.),1
2022,Şile,Sahilköy Mahallesi,Sanayi ve Fabrika,1
2022,Şile,Sofular Mahallesi,Sanayi ve Fabrika,2
2022,Şile,Teke Mahallesi,Eğitim Tesisi (Okul vb.),2
2022,Şile,Çavuş Mahallesi,Eğitim Tesisi (Okul vb.),1
2022,Şile,Çayırbaşı Mahallesi,Eğitim Tesisi (Okul vb.),1
2022,Şile,Üvezli Mahallesi,Sanayi ve Fabrika,2
2022,Şişli,19 Mayıs Mahallesi,Eğitim Tesisi (Okul vb.),2
2022,Şişli,Bozkurt Mahallesi,Eğitim Tesisi (Okul vb.),2
2022,Şişli,Cumhuriyet Mahallesi,Eğitim Tesisi (Okul vb.),3
2022,Şişli,Duatepe Mahallesi,Eğitim Tesisi (Okul vb.),1
2022,Şişli,Esentepe Mahallesi,Eğitim Tesisi (Okul vb.),2
2022,Şişli,Feriköy Mahallesi,Eğitim Tesisi (Okul vb.),4
2022,Şişli,Fulya Mahallesi,Eğitim Tesisi (Okul vb.),1
2022,Şişli,Gülbahar Mahallesi,Eğitim Tesisi (Okul vb.),3
2022,Şişli,Halaskargazi Mahallesi,Eğitim Tesisi (Okul vb.),2
2022,Şişli,Halide Edip Adıvar Mahallesi,Eğitim Tesisi (Okul vb.),1
2022,Şişli,Harbiye Mahallesi,Eğitim Tesisi (Okul vb.),14
2022,Şişli,Mecidiyeköy Mahallesi,Eğitim Tesisi (Okul vb.),2
2022,Şişli,Merkez Mahallesi,Eğitim Tesisi (Okul vb.),2
2022,Şişli,Meşrutiyet Mahallesi,Eğitim Tesisi (Okul vb.),1
2022,Şişli,Paşa Mahallesi,Eğitim Tesisi (Okul vb.),2
2022,Şişli,Teşvikiye Mahallesi,Eğitim Tesisi (Okul vb.),10
2022,Şişli,İnönü Mahallesi,Eğitim Tesisi (Okul vb.),6
2022,Şişli,İzzetpaşa Mahallesi,Eğitim Tesisi (Okul vb.),1
2023,Adalar,Burgazada Mahallesi,Eğitim Tesisi (Okul vb.),1
2023,Adalar,Heybeliada Mahallesi,Eğitim Tesisi (Okul vb.),3
2023,Adalar,Maden Mahallesi,Eğitim Tesisi (Okul vb.),2
2023,Adalar,Nizam Mahallesi,Eğitim Tesisi (Okul vb.),2
2023,Arnavutköy,Adnan Menderes Mahallesi,Eğitim Tesisi (Okul vb.),2
2023,Arnavutköy,Anadolu Mahallesi,Eğitim Tesisi (Okul vb.),5
2023,Arnavutköy,Boğazköy İstiklal Mahallesi,Eğitim Tesisi (Okul vb.),1
2023,Arnavutköy,Boğazköy İstiklal Mahallesi,Sanayi ve Fabrika,3
2023,Arnavutköy,Deliklikaya Mahallesi,Sanayi ve Fabrika,1
2023,Arnavutköy,Durusu Mahallesi,Eğitim Tesisi (Okul vb.),2
2023,Arnavutköy,Hadımköy Mahallesi,Eğitim Tesisi (Okul vb.),2
2023,Arnavutköy,Hadımköy Mahallesi,Sanayi ve Fabrika,39
2023,Arnavutköy,Haraççı Mahallesi,Eğitim Tesisi (Okul vb.),1
2023,Arnavutköy,Haraççı Mahallesi,Sanayi ve Fabrika,1
2023,Arnavutköy,Hastane Mahallesi,Eğitim Tesisi (Okul vb.),3
2023,Arnavutköy,Hastane Mahallesi,Sanayi ve Fabrika,8
2023,Arnavutköy,Hicret Mahallesi,Eğitim Tesisi (Okul vb.),1
2023,Arnavutköy,Karlıbayır Mahallesi,Eğitim Tesisi (Okul vb.),1
2023,Arnavutköy,Mareşal Fevzi Çakmak Mahallesi,Eğitim Tesisi (Okul vb.),2
2023,Arnavutköy,Mehmet Akif Ersoy Mahallesi,Eğitim Tesisi (Okul vb.),3
2023,Arnavutköy,Mustafa Kemal Paşa Mahallesi,Eğitim Tesisi (Okul vb.),3
2023,Arnavutköy,Nene hatun Mahallesi,Eğitim Tesisi (Okul vb.),2
2023,Arnavutköy,Sazlıbosna Mahallesi,Eğitim Tesisi (Okul vb.),2
2023,Arnavutköy,Tayakadın Mahallesi,Eğitim Tesisi (Okul vb.),2
2023,Arnavutköy,Yassıören Mahallesi,Sanayi ve Fabrika,5
2023,Arnavutköy,Yavuz Selim Mahallesi,Sanayi ve Fabrika,1
2023,Arnavutköy,Yeniköy Mahallesi,Eğitim Tesisi (Okul vb.),1
2023,Arnavutköy,Yeşilbayır Mahallesi,Sanayi ve Fabrika,17
2023,Arnavutköy,Yunus Emre Mahallesi,Eğitim Tesisi (Okul vb.),1
2023,Arnavutköy,Çilingir Mahallesi,Eğitim Tesisi (Okul vb.),2
2023,Arnavutköy,Ömerli Mahallesi,Eğitim Tesisi (Okul vb.),1
2023,Arnavutköy,Ömerli Mahallesi,Sanayi ve Fabrika,39
2023,Arnavutköy,İmrahor Mahallesi,Eğitim Tesisi (Okul vb.),1
2023,Arnavutköy,İmrahor Mahallesi,Sanayi ve Fabrika,1
2023,Arnavutköy,İslambey Mahallesi,Eğitim Tesisi (Okul vb.),1
2023,Ataşehir,Atatürk Mahallesi,Eğitim Tesisi (Okul vb.),16
2023,Ataşehir,Aşıkveysel Mahallesi,Eğitim Tesisi (Okul vb.),2
2023,Ataşehir,Barbaros Mahallesi,Eğitim Tesisi (Okul vb.),17
2023,Ataşehir,Barbaros Mahallesi,Sanayi ve Fabrika,1
2023,Ataşehir,Esatpaşa Mahallesi,Eğitim Tesisi (Okul vb.),4
2023,Ataşehir,Ferhatpaşa Mahallesi,Eğitim Tesisi (Okul vb.),1
2023,Ataşehir,Ferhatpaşa Mahallesi,Sanayi ve Fabrika,1
2023,Ataşehir,Fetih Mahallesi,Eğitim Tesisi (Okul vb.),3
2023,Ataşehir,Kayışdağı Mahallesi,Eğitim Tesisi (Okul vb.),8
2023,Ataşehir,Kayışdağı Mahallesi,Sanayi ve Fabrika,2
2023,Ataşehir,Küçükbakkalköy Mahallesi,Eğitim Tesisi (Okul vb.),43
2023,Ataşehir,Küçükbakkalköy Mahallesi,Sanayi ve Fabrika,2
2023,Ataşehir,Mevlana Mahallesi,Eğitim Tesisi (Okul vb.),5
2023,Ataşehir,Mustafa Kemal Mahallesi,Eğitim Tesisi (Okul vb.),1
2023,Ataşehir,Yeni Çamlıca Mahallesi,Eğitim Tesisi (Okul vb.),1
2023,Ataşehir,Yeni Çamlıca Mahallesi,Sanayi ve Fabrika,1
2023,Ataşehir,Yenisahra Mahallesi,Eğitim Tesisi (Okul vb.),1
2023,Ataşehir,Yenisahra Mahallesi,Sanayi ve Fabrika,1
2023,Ataşehir,Yenişehir Mahallesi,Eğitim Tesisi (Okul vb.),3
2023,Ataşehir,Örnek Mahallesi,Eğitim Tesisi (Okul vb.),4
2023,Ataşehir,İnönü Mahallesi,Eğitim Tesisi (Okul vb.),4
2023,Ataşehir,İçerenköy Mahallesi,Eğitim Tesisi (Okul vb.),14
2023,Ataşehir,İçerenköy Mahallesi,Sanayi ve Fabrika,12
2023,Avcılar,Ambarlı Mahallesi,Eğitim Tesisi (Okul vb.),10
2023,Avcılar,Cihangir Mahallesi,Eğitim Tesisi (Okul vb.),5
2023,Avcılar,Cihangir Mahallesi,Sanayi ve Fabrika,4
2023,Avcılar,Denizköşkler Mahallesi,Eğitim Tesisi (Okul vb.),4
2023,Avcılar,Denizköşkler Mahallesi,Sanayi ve Fabrika,1
2023,Avcılar,Firuzköy Mahallesi,Eğitim Tesisi (Okul vb.),10
2023,Avcılar,Firuzköy Mahallesi,Sanayi ve Fabrika,2
2023,Avcılar,Gümüşpala Mahallesi,Eğitim Tesisi (Okul vb.),5
2023,Avcılar,Merkez Mahallesi,Eğitim Tesisi (Okul vb.),5
2023,Avcılar,Mustafa Kemal Paşa Mahallesi,Eğitim Tesisi (Okul vb.),7
2023,Avcılar,Mustafa Kemal Paşa Mahallesi,Sanayi ve Fabrika,1
2023,Avcılar,Tahtakale Mahallesi,Eğitim Tesisi (Okul vb.),18
2023,Avcılar,Tahtakale Mahallesi,Sanayi ve Fabrika,2
2023,Avcılar,Yeşilkent Mahallesi,Eğitim Tesisi (Okul vb.),10
2023,Avcılar,Üniversite Mahallesi,Eğitim Tesisi (Okul vb.),7
2023,Bahçelievler,Bahçelievler Mahallesi,Eğitim Tesisi (Okul vb.),29
2023,Bahçelievler,Cumhuriyet Mahallesi,Eğitim Tesisi (Okul vb.),5
2023,Bahçelievler,Fevzi Çakmak Mahallesi,Eğitim Tesisi (Okul vb.),2
2023,Bahçelievler,Kocasinan Merkez Mahallesi,Eğitim Tesisi (Okul vb.),15
2023,Bahçelievler,Kocasinan Merkez Mahallesi,Sanayi ve Fabrika,1
2023,Bahçelievler,Siyavuşpaşa Mahallesi,Eğitim Tesisi (Okul vb.),1
2023,Bahçelievler,Soğanlı Mahallesi,Eğitim Tesisi (Okul vb.),4
2023,Bahçelievler,Yenibosna Merkez Mahallesi,Eğitim Tesisi (Okul vb.),15
2023,Bahçelievler,Yenibosna Merkez Mahallesi,Sanayi ve Fabrika,6
2023,Bahçelievler,Zafer Mahallesi,Eğitim Tesisi (Okul vb.),6
2023,Bahçelievler,Çobançeşme Mahallesi,Eğitim Tesisi (Okul vb.),1
2023,Bahçelievler,Şirinevler Mahallesi,Eğitim Tesisi (Okul vb.),15
2023,Bakırköy,Ataköy 2-5-6. Kısım Mahallesi,Eğitim Tesisi (Okul vb.),1
2023,Bakırköy,Ataköy 7-8-9-10. Kısım Mahallesi,Eğitim Tesisi (Okul vb.),5
2023,Bakırköy,Basınköy Mahallesi,Eğitim Tesisi (Okul vb.),2
2023,Bakırköy,Cevizlik Mahallesi,Eğitim Tesisi (Okul vb.),5
2023,Bakırköy,Kartaltepe Mahallesi,Eğitim Tesisi (Okul vb.),9
2023,Bakırköy,Yenimahalle Mahallesi,Eğitim Tesisi (Okul vb.),1
2023,Bakırköy,Yeşilköy Mahallesi,Eğitim Tesisi (Okul vb.),12
2023,Bakırköy,Yeşilköy Mahallesi,Sanayi ve Fabrika,2
2023,Bakırköy,Yeşilyurt Mahallesi,Eğitim Tesisi (Okul vb.),1
2023,Bakırköy,Zeytinlik Mahallesi,Eğitim Tesisi (Okul vb.),1
2023,Bakırköy,Zuhuratbaba Mahallesi,Eğitim Tesisi (Okul vb.),7
2023,Bakırköy,Şenlikköy Mahallesi,Eğitim Tesisi (Okul vb.),11
2023,Bayrampaşa,Altıntepsi Mahallesi,Eğitim Tesisi (Okul vb.),5
2023,Bayrampaşa,Altıntepsi Mahallesi,Sanayi ve Fabrika,1
2023,Bayrampaşa,Cevatpaşa Mahallesi,Eğitim Tesisi (Okul vb.),3
2023,Bayrampaşa,Cevatpaşa Mahallesi,Sanayi ve Fabrika,4
2023,Bayrampaşa,Kartaltepe Mahallesi,Eğitim Tesisi (Okul vb.),10
2023,Bayrampaşa,Kocatepe Mahallesi,Eğitim Tesisi (Okul vb.),16
2023,Bayrampaşa,Muratpaşa Mahallesi,Eğitim Tesisi (Okul vb.),4
2023,Bayrampaşa,Orta Mahallesi,Eğitim Tesisi (Okul vb.),2
2023,Bayrampaşa,Orta Mahallesi,Sanayi ve Fabrika,2
2023,Bayrampaşa,Terazidere Mahallesi,Eğitim Tesisi (Okul vb.),2
2023,Bayrampaşa,Vatan Mahallesi,Eğitim Tesisi (Okul vb.),1
2023,Bayrampaşa,Yenidoğan Mahallesi,Eğitim Tesisi (Okul vb.),7
2023,Bayrampaşa,Yenidoğan Mahallesi,Sanayi ve Fabrika,1
2023,Bayrampaşa,Yıldırım Mahallesi,Eğitim Tesisi (Okul vb.),9
2023,Bayrampaşa,İsmet Paşa Mahallesi,Eğitim Tesisi (Okul vb.),4
2023,Bağcılar,100. Yıl Mahallesi,Eğitim Tesisi (Okul vb.),8
2023,Bağcılar,100. Yıl Mahallesi,Sanayi ve Fabrika,1
2023,Bağcılar,15 Temmuz Mahallesi,Eğitim Tesisi (Okul vb.),5
2023,Bağcılar,15 Temmuz Mahallesi,Sanayi ve Fabrika,3
2023,Bağcılar,Barbaros Mahallesi,Eğitim Tesisi (Okul vb.),3
2023,Bağcılar,Bağlar Mahallesi,Eğitim Tesisi (Okul vb.),10
2023,Bağcılar,Bağlar Mahallesi,Sanayi ve Fabrika,5
2023,Bağcılar,Demirkapı Mahallesi,Eğitim Tesisi (Okul vb.),28
2023,Bağcılar,Fevzi Çakmak Mahallesi,Eğitim Tesisi (Okul vb.),12
2023,Bağcılar,Göztepe Mahallesi,Eğitim Tesisi (Okul vb.),2
2023,Bağcılar,Güneşli Mahallesi,Eğitim Tesisi (Okul vb.),8
2023,Bağcılar,Hürriyet Mahallesi,Eğitim Tesisi (Okul vb.),7
2023,Bağcılar,Kemalpaşa Mahallesi,Eğitim Tesisi (Okul vb.),8
2023,Bağcılar,Kirazlı Mahallesi,Eğitim Tesisi (Okul vb.),7
2023,Bağcılar,Kâzım Karabekir Mahallesi,Eğitim Tesisi (Okul vb.),4
2023,Bağcılar,Mahmutbey Mahallesi,Eğitim Tesisi (Okul vb.),10
2023,Bağcılar,Mahmutbey Mahallesi,Sanayi ve Fabrika,2
2023,Bağcılar,Merkez Mahallesi,Eğitim Tesisi (Okul vb.),1
2023,Bağcılar,Sancaktepe Mahallesi,Eğitim Tesisi (Okul vb.),2
2023,Bağcılar,Yenimahalle Mahallesi,Eğitim Tesisi (Okul vb.),4
2023,Bağcılar,Yıldıztepe Mahallesi,Eğitim Tesisi (Okul vb.),3
2023,Bağcılar,Çınar Mahallesi,Eğitim Tesisi (Okul vb.),4
2023,Bağcılar,İnönü Mahallesi,Eğitim Tesisi (Okul vb.),8
2023,Başakşehir,Bahçeşehir 1. Kısım Mahallesi,Eğitim Tesisi (Okul vb.),16
2023,Başakşehir,Bahçeşehir 2. Kısım Mahallesi,Eğitim Tesisi (Okul vb.),15
2023,Başakşehir,Başak Mahallesi,Eğitim Tesisi (Okul vb.),16
2023,Başakşehir,Başakşehir Mahallesi,Eğitim Tesisi (Okul vb.),14
2023,Başakşehir,Güvercintepe Mahallesi,Eğitim Tesisi (Okul vb.),5
2023,Başakşehir,Güvercintepe Mahallesi,Sanayi ve Fabrika,1
2023,Başakşehir,Kayabaşı Mahallesi,Eğitim Tesisi (Okul vb.),24
2023,Başakşehir,Kayabaşı Mahallesi,Sanayi ve Fabrika,16
2023,Başakşehir,Ziya Gökalp Mahallesi,Eğitim Tesisi (Okul vb.),6
2023,Başakşehir,Ziya Gökalp Mahallesi,Sanayi ve Fabrika,4
2023,Başakşehir,İkitelli OSB Mahallesi,Eğitim Tesisi (Okul vb.),1
2023,Başakşehir,İkitelli OSB Mahallesi,Sanayi ve Fabrika,99
2023,Başakşehir,Şahintepe Mahallesi,Eğitim Tesisi (Okul vb.),5
2023,Başakşehir,Şahintepe Mahallesi,Sanayi ve Fabrika,2
2023,Başakşehir,Şamlar Mahallesi,Eğitim Tesisi (Okul vb.),1
2023,Başakşehir,Şamlar Mahallesi,Sanayi ve Fabrika,6
2023,Beykoz,Anadolu Hisarı Mahallesi,Eğitim Tesisi (Okul vb.),1
2023,Beykoz,Bozhane Mahallesi,Eğitim Tesisi (Okul vb.),1
2023,Beykoz,Elmalı Mahallesi,Sanayi ve Fabrika,1
2023,Beykoz,Göksu Mahallesi,Eğitim Tesisi (Okul vb.),3
2023,Beykoz,Göztepe Mahallesi,Eğitim Tesisi (Okul vb.),2
2023,Beykoz,Gümüşsuyu Mahallesi,Eğitim Tesisi (Okul vb.),5
2023,Beykoz,Kanlıca Mahallesi,Eğitim Tesisi (Okul vb.),2
2023,Beykoz,Kavacık Mahallesi,Eğitim Tesisi (Okul vb.),7
2023,Beykoz,Merkez Mahallesi,Eğitim Tesisi (Okul vb.),3
2023,Beykoz,Paşabahçe Mahallesi,Eğitim Tesisi (Okul vb.),1
2023,Beykoz,Paşamandıra Mahallesi,Eğitim Tesisi (Okul vb.),1
2023,Beykoz,Rüzgarlıbahçe Mahallesi,Eğitim Tesisi (Okul vb.),3
2023,Beykoz,Yalıköy Mahallesi,Eğitim Tesisi (Okul vb.),1
2023,Beykoz,Yalıköy Mahallesi,Sanayi ve Fabrika,1
2023,Beykoz,Çamlıbahçe Mahallesi,Eğitim Tesisi (Okul vb.),1
2023,Beykoz,Çengeldere Mahallesi,Eğitim Tesisi (Okul vb.),1
2023,Beykoz,Çiğdem Mahallesi,Eğitim Tesisi (Okul vb.),1
2023,Beykoz,Çubuklu Mahallesi,Eğitim Tesisi (Okul vb.),2
2023,Beykoz,İncirköy Mahallesi,Sanayi ve Fabrika,3
2023,Beylikdüzü,Adnan Kahveci Mahallesi,Eğitim Tesisi (Okul vb.),22
2023,Beylikdüzü,Adnan Kahveci Mahallesi,Sanayi ve Fabrika,4
2023,Beylikdüzü,Barış Mahallesi,Eğitim Tesisi (Okul vb.),7
2023,Beylikdüzü,Beylikdüzü Organize Sanayi Bölgesi,Sanayi ve Fabrika,4
2023,Beylikdüzü,Büyükşehir Mahallesi,Eğitim Tesisi (Okul vb.),5
2023,Beylikdüzü,Cumhuriyet Mahallesi,Eğitim Tesisi (Okul vb.),3
2023,Beylikdüzü,Cumhuriyet Mahallesi,Sanayi ve Fabrika,2
2023,Beylikdüzü,Gürpınar Mahallesi,Eğitim Tesisi (Okul vb.),3
2023,Beylikdüzü,Kavaklı Mahallesi,Eğitim Tesisi (Okul vb.),7
2023,Beylikdüzü,Kavaklı Mahallesi,Sanayi ve Fabrika,2
2023,Beylikdüzü,Marmara Mahallesi,Eğitim Tesisi (Okul vb.),7
2023,Beylikdüzü,Yakuplu Mahallesi,Eğitim Tesisi (Okul vb.),4
2023,Beylikdüzü,Yakuplu Mahallesi,Sanayi ve Fabrika,7
2023,Beyoğlu,Arap Cami Mahallesi,Eğitim Tesisi (Okul vb.),1
2023,Beyoğlu,Bedrettin Mahallesi,Eğitim Tesisi (Okul vb.),2
2023,Beyoğlu,Bedrettin Mahallesi,Sanayi ve Fabrika,1
2023,Beyoğlu,Camiikebir Mahallesi,Sanayi ve Fabrika,4
2023,Beyoğlu,Cihangir Mahallesi,Eğitim Tesisi (Okul vb.),2
2023,Beyoğlu,Evliya Çelebi Mahallesi,Eğitim Tesisi (Okul vb.),1
2023,Beyoğlu,Firuzağa Mahallesi,Eğitim Tesisi (Okul vb.),1
2023,Beyoğlu,Gümüşsuyu Mahallesi,Eğitim Tesisi (Okul vb.),1
2023,Beyoğlu,Hacıahmet Mahallesi,Eğitim Tesisi (Okul vb.),1
2023,Beyoğlu,Hacımimi Mahallesi,Eğitim Tesisi (Okul vb.),1
2023,Beyoğlu,Halıcıoğlu Mahallesi,Eğitim Tesisi (Okul vb.),2
2023,Beyoğlu,Kaptanpaşa Mahallesi,Eğitim Tesisi (Okul vb.),2
2023,Beyoğlu,Kaptanpaşa Mahallesi,Sanayi ve Fabrika,2
2023,Beyoğlu,Katip Mustafa Çelebi Mahallesi,Eğitim Tesisi (Okul vb.),2
2023,Beyoğlu,Keçeci Piri Mahallesi,Eğitim Tesisi (Okul vb.),1
2023,Beyoğlu,Kuloğlu Mahallesi,Eğitim Tesisi (Okul vb.),3
2023,Beyoğlu,Müeyyedzade Mahallesi,Eğitim Tesisi (Okul vb.),4
2023,Beyoğlu,Piri Paşa Mahallesi,Eğitim Tesisi (Okul vb.),4
2023,Beyoğlu,Piyalepaşa Mahallesi,Eğitim Tesisi (Okul vb.),4
2023,Beyoğlu,Pürtelaş Hasan Efendi Mahallesi,Eğitim Tesisi (Okul vb.),2
2023,Beyoğlu,Sururi Mehmet Efendi Mahallesi,Eğitim Tesisi (Okul vb.),1
2023,Beyoğlu,Tomtom Mahallesi,Eğitim Tesisi (Okul vb.),2
2023,Beyoğlu,Örnektepe Mahallesi,Eğitim Tesisi (Okul vb.),2
2023,Beyoğlu,Şahkulu Mahallesi,Eğitim Tesisi (Okul vb.),1
2023,Beyoğlu,Şehit Muhtar Mahallesi,Eğitim Tesisi (Okul vb.),1
2023,Beşiktaş,Akat Mahallesi,Eğitim Tesisi (Okul vb.),4
2023,Beşiktaş,Arnavutköy Mahallesi,Eğitim Tesisi (Okul vb.),1
2023,Beşiktaş,Bebek Mahallesi,Eğitim Tesisi (Okul vb.),1
2023,Beşiktaş,Dikilitaş Mahallesi,Eğitim Tesisi (Okul vb.),3
2023,Beşiktaş,Etiler Mahallesi,Eğitim Tesisi (Okul vb.),1
2023,Beşiktaş,Gayrettepe Mahallesi,Eğitim Tesisi (Okul vb.),2
2023,Beşiktaş,Konaklar Mahallesi,Eğitim Tesisi (Okul vb.),4
2023,Beşiktaş,Kuruçeşme Mahallesi,Eğitim Tesisi (Okul vb.),1
2023,Beşiktaş,Kültür Mahallesi,Eğitim Tesisi (Okul vb.),1
2023,Beşiktaş,Levent Mahallesi,Eğitim Tesisi (Okul vb.),1
2023,Beşiktaş,Mecidiye Mahallesi,Eğitim Tesisi (Okul vb.),2
2023,Beşiktaş,Nisbetiye Mahallesi,Eğitim Tesisi (Okul vb.),3
2023,Beşiktaş,Ortaköy Mahallesi,Eğitim Tesisi (Okul vb.),2
2023,Beşiktaş,Ortaköy Mahallesi,Sanayi ve Fabrika,2
2023,Beşiktaş,Türkali Mahallesi,Eğitim Tesisi (Okul vb.),2
2023,Beşiktaş,Ulus Mahallesi,Eğitim Tesisi (Okul vb.),3
2023,Beşiktaş,Vişnezade Mahallesi,Eğitim Tesisi (Okul vb.),4
2023,Beşiktaş,Yıldız Mahallesi,Eğitim Tesisi (Okul vb.),24
2023,Büyükçekmece,19 Mayıs Mahallesi,Eğitim Tesisi (Okul vb.),4
2023,Büyükçekmece,Alkent 2000 Mahallesi,Eğitim Tesisi (Okul vb.),4
2023,Büyükçekmece,Bahçelievler Mahallesi,Sanayi ve Fabrika,1
2023,Büyükçekmece,Celaliye Mahallesi,Eğitim Tesisi (Okul vb.),4
2023,Büyükçekmece,Celaliye Mahallesi,Sanayi ve Fabrika,2
2023,Büyükçekmece,Cumhuriyet Mahallesi,Eğitim Tesisi (Okul vb.),9
2023,Büyükçekmece,Cumhuriyet Mahallesi,Sanayi ve Fabrika,2
2023,Büyükçekmece,Dizdariye Mahallesi,Eğitim Tesisi (Okul vb.),4
2023,Büyükçekmece,Ekinoba Mahallesi,Eğitim Tesisi (Okul vb.),4
2023,Büyükçekmece,Fatih Mahallesi,Eğitim Tesisi (Okul vb.),7
2023,Büyükçekmece,Hürriyet Mahallesi,Sanayi ve Fabrika,2
2023,Büyükçekmece,Karaağaç Mahallesi,Eğitim Tesisi (Okul vb.),2
2023,Büyükçekmece,Karaağaç Mahallesi,Sanayi ve Fabrika,8
2023,Büyükçekmece,Kumburgaz Mahallesi,Eğitim Tesisi (Okul vb.),2
2023,Büyükçekmece,Mimaroba Mahallesi,Eğitim Tesisi (Okul vb.),6
2023,Büyükçekmece,Mimarsinan Mahallesi,Eğitim Tesisi (Okul vb.),3
2023,Büyükçekmece,Pınartepe Mahallesi,Eğitim Tesisi (Okul vb.),3
2023,Büyükçekmece,Sinanoba Mahallesi,Eğitim Tesisi (Okul vb.),2
2023,Büyükçekmece,Türkoba Mahallesi,Eğitim Tesisi (Okul vb.),6
2023,Büyükçekmece,Türkoba Mahallesi,Sanayi ve Fabrika,12
2023,Büyükçekmece,Ulus Mahallesi,Sanayi ve Fabrika,4
2023,Büyükçekmece,Çakmaklı Mahallesi,Sanayi ve Fabrika,4
2023,Esenler,15 Temmuz Mahallesi,Sanayi ve Fabrika,1
2023,Esenler,Atışalanı Mahallesi,Eğitim Tesisi (Okul vb.),3
2023,Esenler,Birlik Mahallesi,Eğitim Tesisi (Okul vb.),2
2023,Esenler,Davutpaşa Mahallesi,Eğitim Tesisi (Okul vb.),3
2023,Esenler,Kazım Karabekir Mahallesi,Eğitim Tesisi (Okul vb.),2
2023,Esenler,Menderes Mahallesi,Eğitim Tesisi (Okul vb.),1
2023,Esenler,Nine Hatun Mahallesi,Eğitim Tesisi (Okul vb.),4
2023,Esenler,Oruçreis Mahallesi,Eğitim Tesisi (Okul vb.),3
2023,Esenler,Oruçreis Mahallesi,Sanayi ve Fabrika,1
2023,Esenler,Tuna Mahallesi,Eğitim Tesisi (Okul vb.),10
2023,Esenler,Turgut Reis Mahallesi,Eğitim Tesisi (Okul vb.),3
2023,Esenler,Yavuz Selim Mahallesi,Eğitim Tesisi (Okul vb.),2
2023,Esenler,Çifte Havuzlar Mahallesi,Eğitim Tesisi (Okul vb.),4
2023,Esenler,Çifte Havuzlar Mahallesi,Sanayi ve Fabrika,1
2023,Esenyurt,Akevler Mahallesi 7 sokak,Eğitim Tesisi (Okul vb.),2
2023,Esenyurt,Akçaburgaz Mahallesi,Eğitim Tesisi (Okul vb.),4
2023,Esenyurt,Akçaburgaz Mahallesi,Sanayi ve Fabrika,44
2023,Esenyurt,Akşemseddin Mahallesi,Eğitim Tesisi (Okul vb.),3
2023,Esenyurt,Akşemseddin Mahallesi,Sanayi ve Fabrika,1
2023,Esenyurt,Ardıçlı Mahallesi,Eğitim Tesisi (Okul vb.),4
2023,Esenyurt,Atatürk Mahallesi,Sanayi ve Fabrika,2
2023,Esenyurt,Aşık Veysel Mahallesi,Eğitim Tesisi (Okul vb.),10
2023,Esenyurt,Aşık Veysel Mahallesi,Sanayi ve Fabrika,4
2023,Esenyurt,Balıkyolu Mahallesi,Eğitim Tesisi (Okul vb.),3
2023,Esenyurt,Barbaros Hayrettin Paşa Mahallesi,Eğitim Tesisi (Okul vb.),2
2023,Esenyurt,Battalgazi Mahallesi,Eğitim Tesisi (Okul vb.),1
2023,Esenyurt,Cumhuriyet Mahallesi,Eğitim Tesisi (Okul vb.),1
2023,Esenyurt,Esenkent Mahallesi,Eğitim Tesisi (Okul vb.),4
2023,Esenyurt,Fatih Mahallesi,Eğitim Tesisi (Okul vb.),7
2023,Esenyurt,Gökevler Mahallesi,Eğitim Tesisi (Okul vb.),3
2023,Esenyurt,Gökevler Mahallesi,Sanayi ve Fabrika,1
2023,Esenyurt,Güzelyurt Mahallesi,Eğitim Tesisi (Okul vb.),3
2023,Esenyurt,Hürriyet Mahallesi,Eğitim Tesisi (Okul vb.),1
2023,Esenyurt,Koza Mahallesi,Eğitim Tesisi (Okul vb.),2
2023,Esenyurt,Koza Mahallesi,Sanayi ve Fabrika,4
2023,Esenyurt,Merkez Mahallesi,Eğitim Tesisi (Okul vb.),2
2023,Esenyurt,Mevlana Mahallesi,Eğitim Tesisi (Okul vb.),6
2023,Esenyurt,Namık Kemal Mahallesi,Eğitim Tesisi (Okul vb.),1
2023,Esenyurt,Necip Fazıl Kısakürek Mahallesi,Eğitim Tesisi (Okul vb.),2
2023,Esenyurt,Orhan Gazi Mahallesi,Eğitim Tesisi (Okul vb.),3
2023,Esenyurt,Orhan Gazi Mahallesi,Sanayi ve Fabrika,17
2023,Esenyurt,Osmangazi Mahallesi,Eğitim Tesisi (Okul vb.),2
2023,Esenyurt,Osmangazi Mahallesi,Sanayi ve Fabrika,34
2023,Esenyurt,Piri Reis Mahallesi,Eğitim Tesisi (Okul vb.),2
2023,Esenyurt,Pınar Mahallesi,Eğitim Tesisi (Okul vb.),2
2023,Esenyurt,Saadetdere Mahallesi,Eğitim Tesisi (Okul vb.),1
2023,Esenyurt,Selahaddin Eyyubi Mahallesi,Eğitim Tesisi (Okul vb.),4
2023,Esenyurt,Selahaddin Eyyubi Mahallesi,Sanayi ve Fabrika,8
2023,Esenyurt,Sultaniye Mahallesi,Eğitim Tesisi (Okul vb.),4
2023,Esenyurt,Turgut Özal Mahallesi,Eğitim Tesisi (Okul vb.),3
2023,Esenyurt,Yenikent Mahallesi,Eğitim Tesisi (Okul vb.),2
2023,Esenyurt,Yeşilkent Mahallesi,Eğitim Tesisi (Okul vb.),4
2023,Esenyurt,Yunus Emre Mahallesi,Eğitim Tesisi (Okul vb.),2
2023,Esenyurt,Zafer Mahallesi,Eğitim Tesisi (Okul vb.),2
2023,Esenyurt,Çınar Mahallesi,Eğitim Tesisi (Okul vb.),1
2023,Esenyurt,Örnek Mahallesi,Eğitim Tesisi (Okul vb.),2
2023,Esenyurt,Üçevler Mahallesi,Eğitim Tesisi (Okul vb.),1
2023,Esenyurt,İncirtepe Mahallesi,Eğitim Tesisi (Okul vb.),2
2023,Esenyurt,İnönü Mahallesi,Eğitim Tesisi (Okul vb.),2
2023,Esenyurt,İstiklal Mahallesi,Eğitim Tesisi (Okul vb.),3
2023,Eyüpsultan,5. Levent Mahallesi,Eğitim Tesisi (Okul vb.),3
2023,Eyüpsultan,Akşemsettin Mahallesi,Eğitim Tesisi (Okul vb.),1
2023,Eyüpsultan,Akşemsettin Mahallesi,Sanayi ve Fabrika,1
2023,Eyüpsultan,Alibeyköy Mahallesi,Eğitim Tesisi (Okul vb.),2
2023,Eyüpsultan,Alibeyköy Mahallesi,Sanayi ve Fabrika,1
2023,Eyüpsultan,Ağaçlı Mahallesi,Eğitim Tesisi (Okul vb.),1
2023,Eyüpsultan,Defterdar Mahallesi,Eğitim Tesisi (Okul vb.),1
2023,Eyüpsultan,Defterdar Mahallesi,Sanayi ve Fabrika,3
2023,Eyüpsultan,Düğmeciler Mahallesi,Eğitim Tesisi (Okul vb.),1
2023,Eyüpsultan,Emniyettepe Mahallesi,Eğitim Tesisi (Okul vb.),1
2023,Eyüpsultan,Esentepe Mahallesi,Eğitim Tesisi (Okul vb.),1
2023,Eyüpsultan,Göktürk Merkez Mahallesi,Eğitim Tesisi (Okul vb.),1
2023,Eyüpsultan,Göktürk Merkez Mahallesi,Sanayi ve Fabrika,2
2023,Eyüpsultan,Güzeltepe Mahallesi,Eğitim Tesisi (Okul vb.),6
2023,Eyüpsultan,Güzeltepe Mahallesi,Sanayi ve Fabrika,2
2023,Eyüpsultan,Işıklar Mahallesi,Sanayi ve Fabrika,5
2023,Eyüpsultan,Karadolap Mahallesi,Eğitim Tesisi (Okul vb.),10
2023,Eyüpsultan,Merkez Mahallesi,Eğitim Tesisi (Okul vb.),8
2023,Eyüpsultan,Mimar Sinan Mahallesi,Eğitim Tesisi (Okul vb.),4
2023,Eyüpsultan,Mimar Sinan Mahallesi,Sanayi ve Fabrika,22
2023,Eyüpsultan,Mithatpaşa Mahallesi,Eğitim Tesisi (Okul vb.),1
2023,Eyüpsultan,Mithatpaşa Mahallesi,Sanayi ve Fabrika,2
2023,Eyüpsultan,Pirinççi Mahallesi,Eğitim Tesisi (Okul vb.),2
2023,Eyüpsultan,Pirinççi Mahallesi,Sanayi ve Fabrika,4
2023,Eyüpsultan,Rami Cuma Mahallesi,Eğitim Tesisi (Okul vb.),6
2023,Eyüpsultan,Rami Yeni Mahallesi,Eğitim Tesisi (Okul vb.),4
2023,Eyüpsultan,Rami Yeni Mahallesi,Sanayi ve Fabrika,2
2023,Eyüpsultan,Sakarya Mahallesi,Eğitim Tesisi (Okul vb.),3
2023,Eyüpsultan,Silahtarağa Mahallesi,Eğitim Tesisi (Okul vb.),1
2023,Eyüpsultan,Topçular Mahallesi,Eğitim Tesisi (Okul vb.),2
2023,Eyüpsultan,Topçular Mahallesi,Sanayi ve Fabrika,25
2023,Eyüpsultan,Yeşilpınar Mahallesi,Eğitim Tesisi (Okul vb.),1
2023,Eyüpsultan,Çırçır Mahallesi,Eğitim Tesisi (Okul vb.),4
2023,Eyüpsultan,İslambey Mahallesi,Eğitim Tesisi (Okul vb.),8
2023,Fatih,Aksaray Mahallesi,Eğitim Tesisi (Okul vb.),4
2023,Fatih,Akşemsettin Mahallesi,Eğitim Tesisi (Okul vb.),3
2023,Fatih,Alemdar Mahallesi,Eğitim Tesisi (Okul vb.),4
2023,Fatih,Ali Kuşçu Mahallesi,Eğitim Tesisi (Okul vb.),7
2023,Fatih,Atikali Mahallesi,Eğitim Tesisi (Okul vb.),5
2023,Fatih,Ayvansaray Mahallesi,Eğitim Tesisi (Okul vb.),7
2023,Fatih,Balabanağa Mahallesi,Eğitim Tesisi (Okul vb.),10
2023,Fatih,Balat Mahallesi,Eğitim Tesisi (Okul vb.),6
2023,Fatih,Binbirdirek Mahallesi,Eğitim Tesisi (Okul vb.),1
2023,Fatih,Cankurtaran Mahallesi,Eğitim Tesisi (Okul vb.),3
2023,Fatih,Cerrahpaşa Mahallesi,Eğitim Tesisi (Okul vb.),6
2023,Fatih,Cibali Mahallesi,Eğitim Tesisi (Okul vb.),4
2023,Fatih,Derviş Ali Mahallesi,Eğitim Tesisi (Okul vb.),4
2023,Fatih,Emin Sinan Mahallesi,Eğitim Tesisi (Okul vb.),1
2023,Fatih,Haseki Sultan Mahallesi,Eğitim Tesisi (Okul vb.),1
2023,Fatih,Hobyar Mahallesi,Eğitim Tesisi (Okul vb.),3
2023,Fatih,Hocapaşa Mahallesi,Eğitim Tesisi (Okul vb.),1
2023,Fatih,Hırka-i Şerif Mahallesi,Eğitim Tesisi (Okul vb.),6
2023,Fatih,Kalenderhane Mahallesi,Eğitim Tesisi (Okul vb.),10
2023,Fatih,Karagümrük Mahallesi,Eğitim Tesisi (Okul vb.),2
2023,Fatih,Koca Mustafapaşa Mahallesi,Eğitim Tesisi (Okul vb.),11
2023,Fatih,Küçük Ayasofya Mahallesi,Eğitim Tesisi (Okul vb.),4
2023,Fatih,Mevlanakapı Mahallesi,Eğitim Tesisi (Okul vb.),10
2023,Fatih,Molla Fenari Mahallesi,Eğitim Tesisi (Okul vb.),4
2023,Fatih,Molla Gürani Mahallesi,Eğitim Tesisi (Okul vb.),2
2023,Fatih,Molla Hüsrev Mahallesi,Eğitim Tesisi (Okul vb.),4
2023,Fatih,Seyyid Ömer Mahallesi,Eğitim Tesisi (Okul vb.),5
2023,Fatih,Silivrikapı Mahallesi,Eğitim Tesisi (Okul vb.),5
2023,Fatih,Sururi Mahallesi,Eğitim Tesisi (Okul vb.),1
2023,Fatih,Süleymaniye Mahallesi,Eğitim Tesisi (Okul vb.),60
2023,Fatih,Sümbül Efendi Mahallesi,Eğitim Tesisi (Okul vb.),3
2023,Fatih,Topkapı Mahallesi,Eğitim Tesisi (Okul vb.),8
2023,Fatih,Yavuz Sultan Selim Mahallesi,Eğitim Tesisi (Okul vb.),5
2023,Fatih,Yedikule Mahallesi,Eğitim Tesisi (Okul vb.),4
2023,Fatih,Yedikule Mahallesi,Sanayi ve Fabrika,1
2023,Fatih,Zeyrek Mahallesi,Eğitim Tesisi (Okul vb.),6
2023,Fatih,İskenderpaşa Mahallesi,Eğitim Tesisi (Okul vb.),5
2023,Fatih,Şehremini Mahallesi,Eğitim Tesisi (Okul vb.),11
2023,Fatih,Şehsuvar Bey Mahallesi,Eğitim Tesisi (Okul vb.),1
2023,Gaziosmanpaşa,Barbaros Hayrettin Paşa Mahallesi,Eğitim Tesisi (Okul vb.),6
2023,Gaziosmanpaşa,Barbaros Hayrettin Paşa Mahallesi,Sanayi ve Fabrika,8
2023,Gaziosmanpaşa,Bağlarbaşı Mahallesi,Eğitim Tesisi (Okul vb.),2
2023,Gaziosmanpaşa,Fevzi Çakmak Mahallesi,Eğitim Tesisi (Okul vb.),3
2023,Gaziosmanpaşa,Hürriyet Mahallesi,Eğitim Tesisi (Okul vb.),3
2023,Gaziosmanpaşa,Karadeniz Mahallesi,Eğitim Tesisi (Okul vb.),8
2023,Gaziosmanpaşa,Karadeniz Mahallesi,Sanayi ve Fabrika,6
2023,Gaziosmanpaşa,Karayolları Mahallesi,Eğitim Tesisi (Okul vb.),5
2023,Gaziosmanpaşa,Karlıtepe Mahallesi,Eğitim Tesisi (Okul vb.),1
2023,Gaziosmanpaşa,Kazım Karabekir Mahallesi,Eğitim Tesisi (Okul vb.),8
2023,Gaziosmanpaşa,Merkez Mahallesi,Eğitim Tesisi (Okul vb.),9
2023,Gaziosmanpaşa,Merkez Mahallesi,Sanayi ve Fabrika,1
2023,Gaziosmanpaşa,Mevlana Mahallesi,Eğitim Tesisi (Okul vb.),5
2023,Gaziosmanpaşa,Sarıgöl Mahallesi,Eğitim Tesisi (Okul vb.),1
2023,Gaziosmanpaşa,Yeni Mahalle Mahallesi,Eğitim Tesisi (Okul vb.),4
2023,Gaziosmanpaşa,Yenidoğan Mahallesi,Eğitim Tesisi (Okul vb.),2
2023,Gaziosmanpaşa,Yıldıztabya Mahallesi,Eğitim Tesisi (Okul vb.),1
2023,Gaziosmanpaşa,Şemsipaşa Mahallesi,Eğitim Tesisi (Okul vb.),1
2023,Gebze,Balçık Mahallesi,Sanayi ve Fabrika,2
2023,Güngören,Abdurrahman Nafiz Gürman Mahallesi,Eğitim Tesisi (Okul vb.),2
2023,Güngören,Gençosman Mahallesi,Eğitim Tesisi (Okul vb.),10
2023,Güngören,Güneştepe Mahallesi,Eğitim Tesisi (Okul vb.),4
2023,Güngören,Haznedar Mahallesi,Eğitim Tesisi (Okul vb.),3
2023,Güngören,Mareşal Çakmak Mahallesi,Eğitim Tesisi (Okul vb.),1
2023,Güngören,Mehmet Nesih Özmen Mahallesi,Eğitim Tesisi (Okul vb.),3
2023,Güngören,Merkez Mahallesi,Eğitim Tesisi (Okul vb.),7
2023,Güngören,Sanayi Mahallesi,Eğitim Tesisi (Okul vb.),3
2023,Güngören,Sanayi Mahallesi,Sanayi ve Fabrika,1
2023,Güngören,Tozkoparan Mahallesi,Eğitim Tesisi (Okul vb.),8
2023,Güngören,Tozkoparan Mahallesi,Sanayi ve Fabrika,1
2023,Kadıköy,19 Mayıs Mahallesi,Eğitim Tesisi (Okul vb.),10
2023,Kadıköy,Acıbadem Mahallesi,Eğitim Tesisi (Okul vb.),11
2023,Kadıköy,Acıbadem Mahallesi,Sanayi ve Fabrika,3
2023,Kadıköy,Bostancı Mahallesi,Eğitim Tesisi (Okul vb.),10
2023,Kadıköy,Caddebostan Mahallesi,Eğitim Tesisi (Okul vb.),8
2023,Kadıköy,Caferağa Mahallesi,Eğitim Tesisi (Okul vb.),16
2023,Kadıköy,Dumlupınar Mahallesi,Eğitim Tesisi (Okul vb.),9
2023,Kadıköy,Erenköy Mahallesi,Eğitim Tesisi (Okul vb.),7
2023,Kadıköy,Eğitim Mahallesi,Eğitim Tesisi (Okul vb.),3
2023,Kadıköy,Fenerbahçe Mahallesi,Eğitim Tesisi (Okul vb.),3
2023,Kadıköy,Feneryolu Mahallesi,Eğitim Tesisi (Okul vb.),4
2023,Kadıköy,Göztepe Mahallesi,Eğitim Tesisi (Okul vb.),16
2023,Kadıköy,Hasanpaşa Mahallesi,Eğitim Tesisi (Okul vb.),11
2023,Kadıköy,Kozyatağı Mahallesi,Eğitim Tesisi (Okul vb.),5
2023,Kadıköy,Koşuyolu Mahallesi,Eğitim Tesisi (Okul vb.),4
2023,Kadıköy,Merdivenköy Mahallesi,Eğitim Tesisi (Okul vb.),9
2023,Kadıköy,Osmanağa Mahallesi,Eğitim Tesisi (Okul vb.),6
2023,Kadıköy,Rasimpaşa Mahallesi,Eğitim Tesisi (Okul vb.),3
2023,Kadıköy,Rasimpaşa Mahallesi,Sanayi ve Fabrika,1
2023,Kadıköy,Sahrayıcedit Mahallesi,Eğitim Tesisi (Okul vb.),6
2023,Kadıköy,Suadiye Mahallesi,Eğitim Tesisi (Okul vb.),7
2023,Kadıköy,Zühtüpaşa Mahallesi,Eğitim Tesisi (Okul vb.),3
2023,Kartal,Atalar Mahallesi,Eğitim Tesisi (Okul vb.),7
2023,Kartal,Cevizli Mahallesi,Eğitim Tesisi (Okul vb.),7
2023,Kartal,Cevizli Mahallesi,Sanayi ve Fabrika,1
2023,Kartal,Cumhuriyet Mahallesi,Eğitim Tesisi (Okul vb.),6
2023,Kartal,Cumhuriyet Mahallesi,Sanayi ve Fabrika,6
2023,Kartal,Esentepe Mahallesi,Eğitim Tesisi (Okul vb.),15
2023,Kartal,Esentepe Mahallesi,Sanayi ve Fabrika,19
2023,Kartal,Gümüşpınar Mahallesi,Eğitim Tesisi (Okul vb.),3
2023,Kartal,Hürriyet Mahallesi,Eğitim Tesisi (Okul vb.),8
2023,Kartal,Hürriyet Mahallesi,Sanayi ve Fabrika,1
2023,Kartal,Karlıktepe Mahallesi,Eğitim Tesisi (Okul vb.),4
2023,Kartal,Karlıktepe Mahallesi,Sanayi ve Fabrika,1
2023,Kartal,Orhantepe Mahallesi,Eğitim Tesisi (Okul vb.),5
2023,Kartal,Orta Mahallesi,Eğitim Tesisi (Okul vb.),2
2023,Kartal,Petrol İş Mahallesi,Eğitim Tesisi (Okul vb.),9
2023,Kartal,Soğanlık Yeni Mahallesi,Eğitim Tesisi (Okul vb.),5
2023,Kartal,Topselvi Mahalesi,Eğitim Tesisi (Okul vb.),3
2023,Kartal,Topselvi Mahalesi,Sanayi ve Fabrika,4
2023,Kartal,Uğur Mumcu Mahallesi,Eğitim Tesisi (Okul vb.),6
2023,Kartal,Yakacık Yeni Mahallesi,Eğitim Tesisi (Okul vb.),2
2023,Kartal,Yakacık Çarşı Mahallesi,Eğitim Tesisi (Okul vb.),6
2023,Kartal,Yakacık Çarşı Mahallesi,Sanayi ve Fabrika,1
2023,Kartal,Yalı Mahallesi,Sanayi ve Fabrika,1
2023,Kartal,Yukarı Mahallesi,Eğitim Tesisi (Okul vb.),1
2023,Kartal,Yunus Mahallesi,Eğitim Tesisi (Okul vb.),5
2023,Kartal,Yunus Mahallesi,Sanayi ve Fabrika,3
2023,Kartal,Çavuşoğlu Mahallesi,Eğitim Tesisi (Okul vb.),5
2023,Kartal,Çavuşoğlu Mahallesi,Sanayi ve Fabrika,7
2023,Kâğıthane,Gültepe Mahallesi,Eğitim Tesisi (Okul vb.),1
2023,Kâğıthane,Gürsel Mahallesi,Eğitim Tesisi (Okul vb.),4
2023,Kâğıthane,Hamidiye Mahallesi,Eğitim Tesisi (Okul vb.),16
2023,Kâğıthane,Harmantepe Mahallesi,Eğitim Tesisi (Okul vb.),2
2023,Kâğıthane,Hürriyet Mahallesi,Eğitim Tesisi (Okul vb.),4
2023,Kâğıthane,Mehmet Akif Ersoy Mahallesi,Eğitim Tesisi (Okul vb.),1
2023,Kâğıthane,Merkez Mahallesi,Eğitim Tesisi (Okul vb.),24
2023,Kâğıthane,Nurtepe Mahallesi,Eğitim Tesisi (Okul vb.),4
2023,Kâğıthane,Nurtepe Mahallesi,Sanayi ve Fabrika,2
2023,Kâğıthane,Ortabayır Mahallesi,Eğitim Tesisi (Okul vb.),2
2023,Kâğıthane,Seyrantepe Mahallesi,Eğitim Tesisi (Okul vb.),5
2023,Kâğıthane,Sultan Selim Mahallesi,Eğitim Tesisi (Okul vb.),3
2023,Kâğıthane,Talatpaşa Mahallesi,Eğitim Tesisi (Okul vb.),4
2023,Kâğıthane,Telsizler Mahallesi,Eğitim Tesisi (Okul vb.),2
2023,Kâğıthane,Yahya Kemal Mahallesi,Eğitim Tesisi (Okul vb.),2
2023,Kâğıthane,Yeşilce Mahallesi,Eğitim Tesisi (Okul vb.),1
2023,Kâğıthane,Yeşilce Mahallesi,Sanayi ve Fabrika,1
2023,Kâğıthane,Çağlayan Mahallesi,Eğitim Tesisi (Okul vb.),2
2023,Kâğıthane,Çeliktepe Mahallesi,Eğitim Tesisi (Okul vb.),1
2023,Küçükçekmece,Atakent Mahallesi,Eğitim Tesisi (Okul vb.),58
2023,Küçükçekmece,Atatürk Mahallesi,Eğitim Tesisi (Okul vb.),2
2023,Küçükçekmece,Atatürk Mahallesi,Sanayi ve Fabrika,4
2023,Küçükçekmece,Beşyol Mahallesi,Eğitim Tesisi (Okul vb.),6
2023,Küçükçekmece,Cennet Mahallesi,Eğitim Tesisi (Okul vb.),8
2023,Küçükçekmece,Cumhuriyet Mahallesi,Eğitim Tesisi (Okul vb.),5
2023,Küçükçekmece,Fatih Mahallesi,Eğitim Tesisi (Okul vb.),1
2023,Küçükçekmece,Fevzi Çakmak Mahallesi,Eğitim Tesisi (Okul vb.),1
2023,Küçükçekmece,Fevzi Çakmak Mahallesi,Sanayi ve Fabrika,1
2023,Küçükçekmece,Gültepe Mahallesi,Eğitim Tesisi (Okul vb.),5
2023,Küçükçekmece,Halkalı Merkez Mahallesi,Eğitim Tesisi (Okul vb.),13
2023,Küçükçekmece,Kanarya Mahallesi,Eğitim Tesisi (Okul vb.),2
2023,Küçükçekmece,Kartaltepe Mahallesi,Eğitim Tesisi (Okul vb.),2
2023,Küçükçekmece,Kemalpaşa Mahallesi,Eğitim Tesisi (Okul vb.),8
2023,Küçükçekmece,Mehmet Akif Mahallesi,Eğitim Tesisi (Okul vb.),4
2023,Küçükçekmece,Mehmet Akif Mahallesi,Sanayi ve Fabrika,2
2023,Küçükçekmece,Sultan Murat Mahallesi,Eğitim Tesisi (Okul vb.),2
2023,Küçükçekmece,Söğütlü Çeşme Mahallesi,Eğitim Tesisi (Okul vb.),8
2023,Küçükçekmece,Söğütlü Çeşme Mahallesi,Sanayi ve Fabrika,1
2023,Küçükçekmece,Tevfikbey Mahallesi,Eğitim Tesisi (Okul vb.),2
2023,Küçükçekmece,Tevfikbey Mahallesi,Sanayi ve Fabrika,1
2023,Küçükçekmece,Yarımburgaz Mahallesi,Sanayi ve Fabrika,2
2023,Küçükçekmece,Yeni Mahalle Mahallesi,Eğitim Tesisi (Okul vb.),2
2023,Küçükçekmece,Yeşilova Mahallesi,Eğitim Tesisi (Okul vb.),1
2023,Küçükçekmece,İnönü Mahallesi,Eğitim Tesisi (Okul vb.),7
2023,Küçükçekmece,İnönü Mahallesi,Sanayi ve Fabrika,1
2023,Küçükçekmece,İstasyon Mahallesi,Eğitim Tesisi (Okul vb.),5
2023,Küçükçekmece,İstasyon Mahallesi,Sanayi ve Fabrika,1
2023,Maltepe,Altayçeşme Mahallesi,Eğitim Tesisi (Okul vb.),9
2023,Maltepe,Altıntepe Mahallesi,Eğitim Tesisi (Okul vb.),4
2023,Maltepe,Altıntepe Mahallesi,Sanayi ve Fabrika,1
2023,Maltepe,Aydınevler Mahallesi,Eğitim Tesisi (Okul vb.),3
2023,Maltepe,Aydınevler Mahallesi,Sanayi ve Fabrika,2
2023,Maltepe,Bağlarbaşı Mahallesi,Eğitim Tesisi (Okul vb.),6
2023,Maltepe,Bağlarbaşı Mahallesi,Sanayi ve Fabrika,1
2023,Maltepe,Başıbüyük Mahallesi,Eğitim Tesisi (Okul vb.),10
2023,Maltepe,Büyükbakkalköy Mahallesi,Eğitim Tesisi (Okul vb.),7
2023,Maltepe,Büyükbakkalköy Mahallesi,Sanayi ve Fabrika,1
2023,Maltepe,Cevizli Mahallesi,Eğitim Tesisi (Okul vb.),11
2023,Maltepe,Cevizli Mahallesi,Sanayi ve Fabrika,6
2023,Maltepe,Esenkent Mahallesi,Eğitim Tesisi (Okul vb.),4
2023,Maltepe,Feyzullah Mahallesi,Eğitim Tesisi (Okul vb.),8
2023,Maltepe,Fındıklı Mahallesi,Eğitim Tesisi (Okul vb.),2
2023,Maltepe,Girne Mahallesi,Eğitim Tesisi (Okul vb.),6
2023,Maltepe,Gülensu Mahallesi,Eğitim Tesisi (Okul vb.),2
2023,Maltepe,Gülsuyu Mahallesi,Eğitim Tesisi (Okul vb.),2
2023,Maltepe,Küçükyalı Merkez Mahallesi,Eğitim Tesisi (Okul vb.),5
2023,Maltepe,Yalı Mahallesi,Eğitim Tesisi (Okul vb.),6
2023,Maltepe,Yalı Mahallesi,Sanayi ve Fabrika,1
2023,Maltepe,Zümrütevler Mahallesi,Eğitim Tesisi (Okul vb.),9
2023,Maltepe,Zümrütevler Mahallesi,Sanayi ve Fabrika,1
2023,Maltepe,İdealtepe Mahallesi,Eğitim Tesisi (Okul vb.),5
2023,Pendik,Ahmet Yesevi Mahallesi,Eğitim Tesisi (Okul vb.),4
2023,Pendik,Bahçelievler Mahallesi,Eğitim Tesisi (Okul vb.),10
2023,Pendik,Bahçelievler Mahallesi,Sanayi ve Fabrika,3
2023,Pendik,Batı Mahallesi,Eğitim Tesisi (Okul vb.),3
2023,Pendik,Doğu Mahallesi,Eğitim Tesisi (Okul vb.),7
2023,Pendik,Dumlupınar Mahallesi,Eğitim Tesisi (Okul vb.),1
2023,Pendik,Dumlupınar Mahallesi,Sanayi ve Fabrika,1
2023,Pendik,Ertuğrul Gazi Mahallesi,Eğitim Tesisi (Okul vb.),2
2023,Pendik,Esenler Mahallesi,Eğitim Tesisi (Okul vb.),6
2023,Pendik,Esenler Mahallesi,Sanayi ve Fabrika,10
2023,Pendik,Esenyalı Mahallesi,Eğitim Tesisi (Okul vb.),7
2023,Pendik,Fatih Mahallesi,Eğitim Tesisi (Okul vb.),3
2023,Pendik,Fevzi Çakmak Mahallesi,Eğitim Tesisi (Okul vb.),8
2023,Pendik,Göçbeyli Mahallesi,Eğitim Tesisi (Okul vb.),6
2023,Pendik,Göçbeyli Mahallesi,Sanayi ve Fabrika,2
2023,Pendik,Güllü Bağlar Mahallesi,Eğitim Tesisi (Okul vb.),5
2023,Pendik,Güllü Bağlar Mahallesi,Sanayi ve Fabrika,1
2023,Pendik,Güzelyalı Mahallesi,Eğitim Tesisi (Okul vb.),3
2023,Pendik,Güzelyalı Mahallesi,Sanayi ve Fabrika,6
2023,Pendik,Harmandere Mahallesi,Eğitim Tesisi (Okul vb.),5
2023,Pendik,Harmandere Mahallesi,Sanayi ve Fabrika,2
2023,Pendik,Kavakpınar Mahallesi,Eğitim Tesisi (Okul vb.),8
2023,Pendik,Kavakpınar Mahallesi,Sanayi ve Fabrika,6
2023,Pendik,Kaynarca Mahallesi,Eğitim Tesisi (Okul vb.),8
2023,Pendik,Kaynarca Mahallesi,Sanayi ve Fabrika,2
2023,Pendik,Kurna Mahallesi,Sanayi ve Fabrika,4
2023,Pendik,Kurtköy Mahallesi,Eğitim Tesisi (Okul vb.),10
2023,Pendik,Kurtköy Mahallesi,Sanayi ve Fabrika,3
2023,Pendik,Orhangazi Mahallesi,Eğitim Tesisi (Okul vb.),6
2023,Pendik,Orta Mahallesi,Eğitim Tesisi (Okul vb.),4
2023,Pendik,Ramazanoğlu Mahallesi,Eğitim Tesisi (Okul vb.),3
2023,Pendik,Ramazanoğlu Mahallesi,Sanayi ve Fabrika,13
2023,Pendik,Sanayi Mahallesi,Eğitim Tesisi (Okul vb.),4
2023,Pendik,Sanayi Mahallesi,Sanayi ve Fabrika,12
2023,Pendik,Sapan Bağları Mahallesi,Eğitim Tesisi (Okul vb.),2
2023,Pendik,Sülüntepe Mahallesi,Eğitim Tesisi (Okul vb.),4
2023,Pendik,Velibaba Mahallesi,Eğitim Tesisi (Okul vb.),6
2023,Pendik,Velibaba Mahallesi,Sanayi ve Fabrika,6
2023,Pendik,Yayalar Mahallesi,Eğitim Tesisi (Okul vb.),2
2023,Pendik,Yayalar Mahallesi,Sanayi ve Fabrika,1
2023,Pendik,Yeni Mahallesi,Eğitim Tesisi (Okul vb.),2
2023,Pendik,Yenişehir Mahallesi,Eğitim Tesisi (Okul vb.),23
2023,Pendik,Yeşilbağlar Mahallesi,Eğitim Tesisi (Okul vb.),1
2023,Pendik,Yeşilbağlar Mahallesi,Sanayi ve Fabrika,2
2023,Pendik,Çamlık Mahallesi,Eğitim Tesisi (Okul vb.),12
2023,Pendik,Çamlık Mahallesi,Sanayi ve Fabrika,1
2023,Pendik,Çamçeşme Mahallesi,Eğitim Tesisi (Okul vb.),6
2023,Pendik,Çamçeşme Mahallesi,Sanayi ve Fabrika,4
2023,Pendik,Çınardere Mahallesi,Eğitim Tesisi (Okul vb.),8
2023,Pendik,Çınardere Mahallesi,Sanayi ve Fabrika,1
2023,Pendik,Şeyhli Mahallesi,Eğitim Tesisi (Okul vb.),5
2023,Sancaktepe,Abdurrahmangazi Mahallesi,Eğitim Tesisi (Okul vb.),12
2023,Sancaktepe,Abdurrahmangazi Mahallesi,Sanayi ve Fabrika,16
2023,Sancaktepe,Akpınar Mahallesi,Sanayi ve Fabrika,1
2023,Sancaktepe,Atatürk Mahallesi,Eğitim Tesisi (Okul vb.),4
2023,Sancaktepe,Atatürk Mahallesi,Sanayi ve Fabrika,1
2023,Sancaktepe,Emek Mahallesi,Eğitim Tesisi (Okul vb.),2
2023,Sancaktepe,Emek Mahallesi,Sanayi ve Fabrika,7
2023,Sancaktepe,Eyüp Sultan Mahallesi,Eğitim Tesisi (Okul vb.),6
2023,Sancaktepe,Eyüp Sultan Mahallesi,Sanayi ve Fabrika,15
2023,Sancaktepe,Fatih Mahallesi,Eğitim Tesisi (Okul vb.),6
2023,Sancaktepe,Fatih Mahallesi,Sanayi ve Fabrika,10
2023,Sancaktepe,Hilal Mahallesi,Eğitim Tesisi (Okul vb.),1
2023,Sancaktepe,Hilal Mahallesi,Sanayi ve Fabrika,4
2023,Sancaktepe,Kemal Türkler Mahallesi,Eğitim Tesisi (Okul vb.),2
2023,Sancaktepe,Kemal Türkler Mahallesi,Sanayi ve Fabrika,2
2023,Sancaktepe,Meclis Mahallesi,Eğitim Tesisi (Okul vb.),7
2023,Sancaktepe,Meclis Mahallesi,Sanayi ve Fabrika,4
2023,Sancaktepe,Merve Mahallesi,Eğitim Tesisi (Okul vb.),2
2023,Sancaktepe,Merve Mahallesi,Sanayi ve Fabrika,37
2023,Sancaktepe,Mevlana Mahallesi,Eğitim Tesisi (Okul vb.),1
2023,Sancaktepe,Osmangazi Mahallesi,Eğitim Tesisi (Okul vb.),9
2023,Sancaktepe,Osmangazi Mahallesi,Sanayi ve Fabrika,5
2023,Sancaktepe,Paşaköy Mahallesi,Sanayi ve Fabrika,20
2023,Sancaktepe,Safa Mahallesi,Eğitim Tesisi (Okul vb.),2
2023,Sancaktepe,Safa Mahallesi,Sanayi ve Fabrika,6
2023,Sancaktepe,Sarıgazi Mahallesi,Eğitim Tesisi (Okul vb.),6
2023,Sancaktepe,Sarıgazi Mahallesi,Sanayi ve Fabrika,1
2023,Sancaktepe,Veysel Karani Mahallesi,Eğitim Tesisi (Okul vb.),4
2023,Sancaktepe,Yenidoğan Mahallesi,Eğitim Tesisi (Okul vb.),1
2023,Sancaktepe,Yenidoğan Mahallesi,Sanayi ve Fabrika,1
2023,Sancaktepe,Yunus Emre Mahallesi,Eğitim Tesisi (Okul vb.),3
2023,Sancaktepe,Yunus Emre Mahallesi,Sanayi ve Fabrika,2
2023,Sancaktepe,İnönü Mahallesi,Eğitim Tesisi (Okul vb.),3
2023,Sarıyer,Ayazağa Mahallesi,Eğitim Tesisi (Okul vb.),14
2023,Sarıyer,Ayazağa Mahallesi,Sanayi ve Fabrika,2
2023,Sarıyer,Bahçeköy Merkez Mahallesi,Eğitim Tesisi (Okul vb.),2
2023,Sarıyer,Bahçeköy Yeni Mahalle,Eğitim Tesisi (Okul vb.),1
2023,Sarıyer,Fatih Sultan Mehmet Mahallesi,Eğitim Tesisi (Okul vb.),1
2023,Sarıyer,Ferahevler Mahallesi,Eğitim Tesisi (Okul vb.),2
2023,Sarıyer,Gümüşdere Mahallesi,Eğitim Tesisi (Okul vb.),2
2023,Sarıyer,Gümüşdere Mahallesi,Sanayi ve Fabrika,2
2023,Sarıyer,Huzur Mahallesi,Eğitim Tesisi (Okul vb.),2
2023,Sarıyer,Kocataş Mahallesi,Eğitim Tesisi (Okul vb.),1
2023,Sarıyer,Kumköy (Kilyos) Mahallesi,Eğitim Tesisi (Okul vb.),3
2023,Sarıyer,Maslak Mahallesi,Eğitim Tesisi (Okul vb.),3
2023,Sarıyer,Maslak Mahallesi,Sanayi ve Fabrika,1
2023,Sarıyer,Merkez Mahallesi,Eğitim Tesisi (Okul vb.),2
2023,Sarıyer,PTT Evleri Mahallesi,Eğitim Tesisi (Okul vb.),1
2023,Sarıyer,PTT Evleri Mahallesi,Sanayi ve Fabrika,3
2023,Sarıyer,Poligon Mahallesi,Eğitim Tesisi (Okul vb.),1
2023,Sarıyer,Pınar Mahallesi,Eğitim Tesisi (Okul vb.),2
2023,Sarıyer,Reşitpaşa Mahallesi,Eğitim Tesisi (Okul vb.),3
2023,Sarıyer,Rumelifeneri Mahallesi,Eğitim Tesisi (Okul vb.),1
2023,Sarıyer,Rumelihisarı Mahallesi,Eğitim Tesisi (Okul vb.),4
2023,Sarıyer,Uskumruköy Mahallesi,Eğitim Tesisi (Okul vb.),3
2023,Sarıyer,Zekeriyaköy Mahallesi,Eğitim Tesisi (Okul vb.),6
2023,Sarıyer,Zekeriyaköy Mahallesi,Sanayi ve Fabrika,1
2023,Sarıyer,Çamlıtepe Mahallesi,Eğitim Tesisi (Okul vb.),1
2023,Sarıyer,Çayırbaşı Mahallesi,Eğitim Tesisi (Okul vb.),1
2023,Sarıyer,İstinye Mahallesi,Eğitim Tesisi (Okul vb.),2
2023,Silivri,Akören Mahallesi,Eğitim Tesisi (Okul vb.),1
2023,Silivri,Akören Mahallesi,Sanayi ve Fabrika,1
2023,Silivri,Alibey Mahallesi,Eğitim Tesisi (Okul vb.),1
2023,Silivri,Alipaşa Mahallesi,Eğitim Tesisi (Okul vb.),1
2023,Silivri,Alipaşa Mahallesi,Sanayi ve Fabrika,45
2023,Silivri,Bekirli Mahallesi,Sanayi ve Fabrika,1
2023,Silivri,Beyciler Mahallesi,Sanayi ve Fabrika,3
2023,Silivri,Büyük Kılıçlı Mahallesi,Eğitim Tesisi (Okul vb.),1
2023,Silivri,Büyük Kılıçlı Mahallesi,Sanayi ve Fabrika,6
2023,Silivri,Büyük Çavuşlu Mahallesi,Sanayi ve Fabrika,3
2023,Silivri,Değirmenköy Fevzipaşa Mahallesi,Sanayi ve Fabrika,30
2023,Silivri,Fener Mahallesi,Sanayi ve Fabrika,6
2023,Silivri,Gümüşyaka Mahallesi,Sanayi ve Fabrika,2
2023,Silivri,Kavaklı İstiklal Mahallesi,Eğitim Tesisi (Okul vb.),1
2023,Silivri,Kurfallı Mahallesi,Eğitim Tesisi (Okul vb.),1
2023,Silivri,Mimar Sinan Mahallesi,Eğitim Tesisi (Okul vb.),2
2023,Silivri,Mimar Sinan Mahallesi,Sanayi ve Fabrika,6
2023,Silivri,Ortaköy Mahallesi,Sanayi ve Fabrika,2
2023,Silivri,Piri Mehmet Paşa Mahallesi,Eğitim Tesisi (Okul vb.),1
2023,Silivri,Sayalar Mahallesi,Eğitim Tesisi (Okul vb.),1
2023,Silivri,Sayalar Mahallesi,Sanayi ve Fabrika,1
2023,Silivri,Selimpaşa Mahallesi,Eğitim Tesisi (Okul vb.),10
2023,Silivri,Selimpaşa Mahallesi,Sanayi ve Fabrika,2
2023,Silivri,Semizkumlar Mahallesi,Eğitim Tesisi (Okul vb.),1
2023,Silivri,Semizkumlar Mahallesi,Sanayi ve Fabrika,2
2023,Silivri,Seymen Mahallesi,Eğitim Tesisi (Okul vb.),1
2023,Silivri,Seymen Mahallesi,Sanayi ve Fabrika,7
2023,Silivri,Yeni Mahalle,Eğitim Tesisi (Okul vb.),12
2023,Silivri,Yolçatı Mahallesi,Sanayi ve Fabrika,1
2023,Silivri,Çanta Balaban Mahallesi,Sanayi ve Fabrika,40
2023,Silivri,Çanta Sancaktepe Mahallesi,Eğitim Tesisi (Okul vb.),2
2023,Silivri,Çanta Sancaktepe Mahallesi,Sanayi ve Fabrika,22
2023,Silivri,Çayırdere Mahallesi,Eğitim Tesisi (Okul vb.),1
2023,Silivri,Çayırdere Mahallesi,Sanayi ve Fabrika,2
2023,Silivri,Çeltik Mahallesi,Eğitim Tesisi (Okul vb.),1
2023,Silivri,Çeltik Mahallesi,Sanayi ve Fabrika,3
2023,Sultanbeyli,Abdurrahmangazi Mahallesi,Eğitim Tesisi (Okul vb.),10
2023,Sultanbeyli,Abdurrahmangazi Mahallesi,Sanayi ve Fabrika,1
2023,Sultanbeyli,Adil Mahallesi,Eğitim Tesisi (Okul vb.),6
2023,Sultanbeyli,Adil Mahallesi,Sanayi ve Fabrika,11
2023,Sultanbeyli,Ahmet Yesevi Mahallesi,Eğitim Tesisi (Okul vb.),5
2023,Sultanbeyli,Ahmet Yesevi Mahallesi,Sanayi ve Fabrika,13
2023,Sultanbeyli,Akşemsettin Mahallesi,Eğitim Tesisi (Okul vb.),3
2023,Sultanbeyli,Akşemsettin Mahallesi,Sanayi ve Fabrika,16
2023,Sultanbeyli,Battalgazi Mahallesi,Eğitim Tesisi (Okul vb.),14
2023,Sultanbeyli,Battalgazi Mahallesi,Sanayi ve Fabrika,6
2023,Sultanbeyli,Fatih Mahallesi,Eğitim Tesisi (Okul vb.),7
2023,Sultanbeyli,Hamidiye Mahallesi,Eğitim Tesisi (Okul vb.),4
2023,Sultanbeyli,Hamidiye Mahallesi,Sanayi ve Fabrika,6
2023,Sultanbeyli,Hasanpaşa Mahallesi,Eğitim Tesisi (Okul vb.),5
2023,Sultanbeyli,Hasanpaşa Mahallesi,Sanayi ve Fabrika,1
2023,Sultanbeyli,Mecidiye Mahallesi,Eğitim Tesisi (Okul vb.),8
2023,Sultanbeyli,Mehmet Akif Mahallesi,Eğitim Tesisi (Okul vb.),12
2023,Sultanbeyli,Mehmet Akif Mahallesi,Sanayi ve Fabrika,4
2023,Sultanbeyli,Mimar Sinan Mahallesi,Eğitim Tesisi (Okul vb.),16
2023,Sultanbeyli,Mimar Sinan Mahallesi,Sanayi ve Fabrika,12
2023,Sultanbeyli,Necip Fazıl Mahallesi,Eğitim Tesisi (Okul vb.),4
2023,Sultanbeyli,Orhangazi Mahallesi,Eğitim Tesisi (Okul vb.),7
2023,Sultanbeyli,Orhangazi Mahallesi,Sanayi ve Fabrika,7
2023,Sultanbeyli,Turgut Reis Mahallesi,Eğitim Tesisi (Okul vb.),6
2023,Sultanbeyli,Turgut Reis Mahallesi,Sanayi ve Fabrika,4
2023,Sultanbeyli,Yavuz Selim Mahallesi,Eğitim Tesisi (Okul vb.),3
2023,Sultanbeyli,Yavuz Selim Mahallesi,Sanayi ve Fabrika,2
2023,Sultangazi,50. Yıl Mahallesi,Eğitim Tesisi (Okul vb.),9
2023,Sultangazi,75. Yıl Mahallesi,Eğitim Tesisi (Okul vb.),2
2023,Sultangazi,Cebeci Mahallesi,Eğitim Tesisi (Okul vb.),10
2023,Sultangazi,Cebeci Mahallesi,Sanayi ve Fabrika,2
2023,Sultangazi,Cumhuriyet Mahallesi,Eğitim Tesisi (Okul vb.),1
2023,Sultangazi,Esentepe Mahallesi,Eğitim Tesisi (Okul vb.),4
2023,Sultangazi,Esentepe Mahallesi,Sanayi ve Fabrika,7
2023,Sultangazi,Eski Habipler Mahallesi,Eğitim Tesisi (Okul vb.),5
2023,Sultangazi,Eski Habipler Mahallesi,Sanayi ve Fabrika,1
2023,Sultangazi,Gazi Mahallesi,Eğitim Tesisi (Okul vb.),6
2023,Sultangazi,Habibler Mahallesi,Eğitim Tesisi (Okul vb.),2
2023,Sultangazi,Habibler Mahallesi,Sanayi ve Fabrika,2
2023,Sultangazi,Malkoçoğlu Mahallesi,Eğitim Tesisi (Okul vb.),1
2023,Sultangazi,Sultançiftliği Mahallesi,Eğitim Tesisi (Okul vb.),5
2023,Sultangazi,Uğur Mumcu Mahallesi,Eğitim Tesisi (Okul vb.),6
2023,Sultangazi,Uğur Mumcu Mahallesi,Sanayi ve Fabrika,2
2023,Sultangazi,Yunus Emre Mahallesi,Eğitim Tesisi (Okul vb.),9
2023,Sultangazi,Zübeyde Hanım Mahallesi,Eğitim Tesisi (Okul vb.),2
2023,Sultangazi,İsmetpaşa Mahallesi,Eğitim Tesisi (Okul vb.),10
2023,Tuzla,Akfırat Mahallesi,Eğitim Tesisi (Okul vb.),2
2023,Tuzla,Akfırat Mahallesi,Sanayi ve Fabrika,6
2023,Tuzla,Anadolu Mahallesi,Eğitim Tesisi (Okul vb.),1
2023,Tuzla,Anadolu Mahallesi,Sanayi ve Fabrika,14
2023,Tuzla,Aydınlı Mahallesi,Eğitim Tesisi (Okul vb.),16
2023,Tuzla,Aydınlı Mahallesi,Sanayi ve Fabrika,207
2023,Tuzla,Aydıntepe Mahallesi,Eğitim Tesisi (Okul vb.),5
2023,Tuzla,Aydıntepe Mahallesi,Sanayi ve Fabrika,2
2023,Tuzla,Cami Mahallesi,Eğitim Tesisi (Okul vb.),1
2023,Tuzla,Cami Mahallesi,Sanayi ve Fabrika,1
2023,Tuzla,Evliya Çelebi Mahallesi,Eğitim Tesisi (Okul vb.),8
2023,Tuzla,Evliya Çelebi Mahallesi,Sanayi ve Fabrika,5
2023,Tuzla,Fatih Mahallesi,Eğitim Tesisi (Okul vb.),2
2023,Tuzla,Fatih Mahallesi,Sanayi ve Fabrika,3
2023,Tuzla,Mescit Mahallesi,Eğitim Tesisi (Okul vb.),3
2023,Tuzla,Mescit Mahallesi,Sanayi ve Fabrika,17
2023,Tuzla,Mimar Sinan Mahallesi,Eğitim Tesisi (Okul vb.),2
2023,Tuzla,Orhanlı Mahallesi,Eğitim Tesisi (Okul vb.),2
2023,Tuzla,Orhanlı Mahallesi,Sanayi ve Fabrika,358
2023,Tuzla,Orta Mahallesi,Eğitim Tesisi (Okul vb.),4
2023,Tuzla,Orta Mahallesi,Sanayi ve Fabrika,20
2023,Tuzla,Postane Mahallesi,Eğitim Tesisi (Okul vb.),16
2023,Tuzla,Postane Mahallesi,Sanayi ve Fabrika,4
2023,Tuzla,Tepeören Mahallesi,Eğitim Tesisi (Okul vb.),14
2023,Tuzla,Tepeören Mahallesi,Sanayi ve Fabrika,70
2023,Tuzla,Yayla Mahallesi,Eğitim Tesisi (Okul vb.),12
2023,Tuzla,Yayla Mahallesi,Sanayi ve Fabrika,11
2023,Tuzla,İstasyon Mahallesi,Eğitim Tesisi (Okul vb.),6
2023,Tuzla,İstasyon Mahallesi,Sanayi ve Fabrika,45
2023,Tuzla,İçmeler Mahallesi,Eğitim Tesisi (Okul vb.),6
2023,Tuzla,İçmeler Mahallesi,Sanayi ve Fabrika,2
2023,Tuzla,Şifa Mahallesi,Eğitim Tesisi (Okul vb.),2
2023,Tuzla,Şifa Mahallesi,Sanayi ve Fabrika,7
2023,Zeytinburnu,Beştelsiz Mahallesi,Eğitim Tesisi (Okul vb.),8
2023,Zeytinburnu,Gökalp Mahallesi,Eğitim Tesisi (Okul vb.),1
2023,Zeytinburnu,Kazlıçeşme Mahallesi,Eğitim Tesisi (Okul vb.),6
2023,Zeytinburnu,Kazlıçeşme Mahallesi,Sanayi ve Fabrika,5
2023,Zeytinburnu,Maltepe Mahallesi,Eğitim Tesisi (Okul vb.),9
2023,Zeytinburnu,Maltepe Mahallesi,Sanayi ve Fabrika,23
2023,Zeytinburnu,Merkezefendi Mahallesi,Eğitim Tesisi (Okul vb.),8
2023,Zeytinburnu,Nuripaşa Mahallesi,Eğitim Tesisi (Okul vb.),1
2023,Zeytinburnu,Seyitnizam Mahallesi,Eğitim Tesisi (Okul vb.),3
2023,Zeytinburnu,Sümer Mahallesi,Eğitim Tesisi (Okul vb.),10
2023,Zeytinburnu,Telsiz Mahallesi,Eğitim Tesisi (Okul vb.),1
2023,Zeytinburnu,Veliefendi Mahallesi,Eğitim Tesisi (Okul vb.),2
2023,Zeytinburnu,Yenidoğan Mahallesi,Eğitim Tesisi (Okul vb.),2
2023,Zeytinburnu,Yeşiltepe Mahallesi,Eğitim Tesisi (Okul vb.),2
2023,Zeytinburnu,Çırpıcı Mahallesi,Eğitim Tesisi (Okul vb.),1
2023,Çatalca,Atatürk Mahallesi,Eğitim Tesisi (Okul vb.),6
2023,Çatalca,Atatürk Mahallesi,Sanayi ve Fabrika,4
2023,Çatalca,Belgrat Mahallesi,Sanayi ve Fabrika,2
2023,Çatalca,Fatih Mahallesi,Sanayi ve Fabrika,1
2023,Çatalca,Ferhatpaşa Mahallesi,Eğitim Tesisi (Okul vb.),8
2023,Çatalca,Ferhatpaşa Mahallesi,Sanayi ve Fabrika,6
2023,Çatalca,Gökçeali Mahallesi,Eğitim Tesisi (Okul vb.),1
2023,Çatalca,Gümüşpınar Mahallesi,Sanayi ve Fabrika,1
2023,Çatalca,Hallaçlı Mahallesi,Eğitim Tesisi (Okul vb.),2
2023,Çatalca,Hallaçlı Mahallesi,Sanayi ve Fabrika,2
2023,Çatalca,Kaleiçi Mahallesi,Eğitim Tesisi (Okul vb.),2
2023,Çatalca,Kaleiçi Mahallesi,Sanayi ve Fabrika,8
2023,Çatalca,Karacaköy Merkez Mahallesi,Sanayi ve Fabrika,2
2023,Çatalca,Karamandere Mahallesi,Sanayi ve Fabrika,2
2023,Çatalca,Muratbey Merkez Mahallesi,Sanayi ve Fabrika,8
2023,Çatalca,Nakkaş Mahallesi,Eğitim Tesisi (Okul vb.),1
2023,Çatalca,Nakkaş Mahallesi,Sanayi ve Fabrika,2
2023,Çatalca,Ovayenice Mahallesi,Eğitim Tesisi (Okul vb.),1
2023,Çatalca,Subaşı Mahallesi,Eğitim Tesisi (Okul vb.),4
2023,Çatalca,Subaşı Mahallesi,Sanayi ve Fabrika,2
2023,Çatalca,Yalıköy Mahallesi,Eğitim Tesisi (Okul vb.),1
2023,Çatalca,Yalıköy Mahallesi,Sanayi ve Fabrika,4
2023,Çatalca,Çakıl Mahallesi,Sanayi ve Fabrika,8
2023,Çatalca,Örcünlü Mahallesi,Sanayi ve Fabrika,1
2023,Çatalca,İnceğiz Mahallesi,Eğitim Tesisi (Okul vb.),1
2023,Çekmeköy,Alemdağ Mahallesi,Eğitim Tesisi (Okul vb.),4
2023,Çekmeköy,Alemdağ Mahallesi,Sanayi ve Fabrika,2
2023,Çekmeköy,Aydınlar Mahallesi,Eğitim Tesisi (Okul vb.),2
2023,Çekmeköy,Aydınlar Mahallesi,Sanayi ve Fabrika,2
2023,Çekmeköy,Cumhuriyet Mahallesi,Eğitim Tesisi (Okul vb.),3
2023,Çekmeköy,Ekşioğlu Mahallesi,Eğitim Tesisi (Okul vb.),4
2023,Çekmeköy,Ekşioğlu Mahallesi,Sanayi ve Fabrika,4
2023,Çekmeköy,Hamidiye Mahallesi,Eğitim Tesisi (Okul vb.),5
2023,Çekmeköy,Hüseyinli Mahallesi,Sanayi ve Fabrika,4
2023,Çekmeköy,Kirazlıdere Mahallesi,Eğitim Tesisi (Okul vb.),3
2023,Çekmeköy,Mehmet Akif Mahallesi,Eğitim Tesisi (Okul vb.),4
2023,Çekmeköy,Merkez Mahallesi,Eğitim Tesisi (Okul vb.),22
2023,Çekmeköy,Merkez Mahallesi,Sanayi ve Fabrika,12
2023,Çekmeköy,Mimar Sinan Mahallesi,Eğitim Tesisi (Okul vb.),7
2023,Çekmeköy,Nişantepe Mahallesi,Eğitim Tesisi (Okul vb.),10
2023,Çekmeköy,Nişantepe Mahallesi,Sanayi ve Fabrika,20
2023,Çekmeköy,Soğukpınar Mahallesi,Sanayi ve Fabrika,1
2023,Çekmeköy,Sultançiftliği Mahallesi,Eğitim Tesisi (Okul vb.),6
2023,Çekmeköy,Sırapınar Mahallesi,Sanayi ve Fabrika,3
2023,Çekmeköy,Taşdelen Mahallesi,Eğitim Tesisi (Okul vb.),4
2023,Çekmeköy,Taşdelen Mahallesi,Sanayi ve Fabrika,2
2023,Çekmeköy,Çamlık Mahallesi,Eğitim Tesisi (Okul vb.),2
2023,Çekmeköy,Çatalmeşe Mahallesi,Eğitim Tesisi (Okul vb.),2
2023,Çekmeköy,Çatalmeşe Mahallesi,Sanayi ve Fabrika,6
2023,Çekmeköy,Ömerli Mahallesi,Eğitim Tesisi (Okul vb.),2
2023,Çekmeköy,Ömerli Mahallesi,Sanayi ve Fabrika,14
2023,Çorlu,Seymen Mahallesi,Sanayi ve Fabrika,1
2023,Ümraniye,Adem Yavuz Mahallesi,Eğitim Tesisi (Okul vb.),1
2023,Ümraniye,Altınşehir Mahallesi,Eğitim Tesisi (Okul vb.),1
2023,Ümraniye,Armağanevler Mahallesi,Eğitim Tesisi (Okul vb.),1
2023,Ümraniye,Armağanevler Mahallesi,Sanayi ve Fabrika,2
2023,Ümraniye,Atakent Mahallesi,Eğitim Tesisi (Okul vb.),9
2023,Ümraniye,Atatürk Mahallesi,Eğitim Tesisi (Okul vb.),4
2023,Ümraniye,Aşağı Dudullu Mahallesi,Eğitim Tesisi (Okul vb.),1
2023,Ümraniye,Dudullu OSB Mahallesi,Eğitim Tesisi (Okul vb.),1
2023,Ümraniye,Dudullu OSB Mahallesi,Sanayi ve Fabrika,195
2023,Ümraniye,Dumlupınar Mahallesi,Eğitim Tesisi (Okul vb.),2
2023,Ümraniye,Elmalıkent Mahallesi,Eğitim Tesisi (Okul vb.),5
2023,Ümraniye,Esenevler Mahallesi,Eğitim Tesisi (Okul vb.),4
2023,Ümraniye,Esenkent Mahallesi,Eğitim Tesisi (Okul vb.),2
2023,Ümraniye,Esenkent Mahallesi,Sanayi ve Fabrika,5
2023,Ümraniye,Esenşehir Mahallesi,Eğitim Tesisi (Okul vb.),2
2023,Ümraniye,Esenşehir Mahallesi,Sanayi ve Fabrika,3
2023,Ümraniye,Fatih Sultan Mehmet Mahallesi,Eğitim Tesisi (Okul vb.),2
2023,Ümraniye,Finanskent Mahallesi,Eğitim Tesisi (Okul vb.),4
2023,Ümraniye,Hekimbaşı Mahallesi,Sanayi ve Fabrika,1
2023,Ümraniye,Kazım Karabekir Mahallesi,Eğitim Tesisi (Okul vb.),2
2023,Ümraniye,Madenler Mahallesi,Eğitim Tesisi (Okul vb.),7
2023,Ümraniye,Madenler Mahallesi,Sanayi ve Fabrika,3
2023,Ümraniye,Mehmet Akif Mahallesi,Eğitim Tesisi (Okul vb.),6
2023,Ümraniye,Namık Kemal Mahallesi,Eğitim Tesisi (Okul vb.),1
2023,Ümraniye,Namık Kemal Mahallesi,Sanayi ve Fabrika,1
2023,Ümraniye,Necip Fazıl Mahallesi,Eğitim Tesisi (Okul vb.),4
2023,Ümraniye,Necip Fazıl Mahallesi,Sanayi ve Fabrika,2
2023,Ümraniye,Parseller Mahallesi,Eğitim Tesisi (Okul vb.),1
2023,Ümraniye,Site Mahallesi,Eğitim Tesisi (Okul vb.),8
2023,Ümraniye,Tantavi Mahallesi,Eğitim Tesisi (Okul vb.),1
2023,Ümraniye,Tatlısu Mahallesi,Sanayi ve Fabrika,2
2023,Ümraniye,Tepeüstü Mahallesi,Eğitim Tesisi (Okul vb.),2
2023,Ümraniye,Topağacı Mahallesi,Eğitim Tesisi (Okul vb.),2
2023,Ümraniye,Yamanevler Mahallesi,Eğitim Tesisi (Okul vb.),5
2023,Ümraniye,Yamanevler Mahallesi,Sanayi ve Fabrika,4
2023,Ümraniye,Yukarı Dudullu Mahallesi,Eğitim Tesisi (Okul vb.),2
2023,Ümraniye,Yukarı Dudullu Mahallesi,Sanayi ve Fabrika,2
2023,Ümraniye,Çakmak Mahallesi,Eğitim Tesisi (Okul vb.),5
2023,Ümraniye,Çamlık Mahallesi,Eğitim Tesisi (Okul vb.),1
2023,Ümraniye,İnkılap Mahallesi,Eğitim Tesisi (Okul vb.),4
2023,Ümraniye,İstiklal Mahallesi,Eğitim Tesisi (Okul vb.),4
2023,Ümraniye,Şerifali Mahallesi,Eğitim Tesisi (Okul vb.),2
2023,Üsküdar,Acıbadem Mahallesi,Eğitim Tesisi (Okul vb.),5
2023,Üsküdar,Ahmediye Mahallesi,Eğitim Tesisi (Okul vb.),3
2023,Üsküdar,Altunizade Mahallesi,Eğitim Tesisi (Okul vb.),18
2023,Üsküdar,Aziz Mahmut Hüdayi Mahallesi,Eğitim Tesisi (Okul vb.),5
2023,Üsküdar,Bahçelievler Mahallesi,Eğitim Tesisi (Okul vb.),10
2023,Üsküdar,Barbaros Mahallesi,Eğitim Tesisi (Okul vb.),7
2023,Üsküdar,Barbaros Mahallesi,Sanayi ve Fabrika,1
2023,Üsküdar,Beylerbeyi Mahallesi,Eğitim Tesisi (Okul vb.),3
2023,Üsküdar,Bulgurlu Mahallesi,Eğitim Tesisi (Okul vb.),5
2023,Üsküdar,Burhaniye Mahallesi,Eğitim Tesisi (Okul vb.),4
2023,Üsküdar,Cumhuriyet Mahallesi,Eğitim Tesisi (Okul vb.),5
2023,Üsküdar,Ferah Mahallesi,Eğitim Tesisi (Okul vb.),5
2023,Üsküdar,Güzeltepe Mahallesi,Eğitim Tesisi (Okul vb.),4
2023,Üsküdar,Kandilli Mahallesi,Eğitim Tesisi (Okul vb.),2
2023,Üsküdar,Kirazlıtepe Mahallesi,Eğitim Tesisi (Okul vb.),2
2023,Üsküdar,Kuleli Mahallesi,Eğitim Tesisi (Okul vb.),1
2023,Üsküdar,Kuzguncuk Mahallesi,Eğitim Tesisi (Okul vb.),2
2023,Üsküdar,Küplüce Mahallesi,Eğitim Tesisi (Okul vb.),4
2023,Üsküdar,Küçük Çamlıca Mahallesi,Eğitim Tesisi (Okul vb.),8
2023,Üsküdar,Küçük Çamlıca Mahallesi,Sanayi ve Fabrika,2
2023,Üsküdar,Küçüksu Mahallesi,Eğitim Tesisi (Okul vb.),4
2023,Üsküdar,Kısıklı Mahallesi,Eğitim Tesisi (Okul vb.),12
2023,Üsküdar,Mehmet Akif Ersoy Mahallesi,Eğitim Tesisi (Okul vb.),1
2023,Üsküdar,Mimar Sinan Mahallesi,Eğitim Tesisi (Okul vb.),2
2023,Üsküdar,Muratreis Mahallesi,Eğitim Tesisi (Okul vb.),6
2023,Üsküdar,Salacak Mahallesi,Eğitim Tesisi (Okul vb.),3
2023,Üsküdar,Selami Ali Mahallesi,Eğitim Tesisi (Okul vb.),10
2023,Üsküdar,Selimiye Mahallesi,Eğitim Tesisi (Okul vb.),4
2023,Üsküdar,Sultantepe Mahallesi,Eğitim Tesisi (Okul vb.),3
2023,Üsküdar,Valide-i Atik Mahallesi,Eğitim Tesisi (Okul vb.),1
2023,Üsküdar,Yavuztürk Mahallesi,Eğitim Tesisi (Okul vb.),6
2023,Üsküdar,Zeynep Kamil Mahallesi,Eğitim Tesisi (Okul vb.),4
2023,Üsküdar,Çengelköy Mahallesi,Eğitim Tesisi (Okul vb.),2
2023,Üsküdar,Ünalan Mahallesi,Eğitim Tesisi (Okul vb.),6
2023,Üsküdar,Ünalan Mahallesi,Sanayi ve Fabrika,4
2023,Üsküdar,İcadiye Mahallesi,Eğitim Tesisi (Okul vb.),2
2023,Şile,Ahmetli Mahallesi,Eğitim Tesisi (Okul vb.),3
2023,Şile,Ahmetli Mahallesi,Sanayi ve Fabrika,1
2023,Şile,Alacalı Mahallesi,Sanayi ve Fabrika,2
2023,Şile,Ağva Merkez Mahallesi,Sanayi ve Fabrika,1
2023,Şile,Balibey Mahallesi,Sanayi ve Fabrika,2
2023,Şile,Doğancılı Mahallesi,Eğitim Tesisi (Okul vb.),1
2023,Şile,Hacı Kasım Mahallesi,Eğitim Tesisi (Okul vb.),1
2023,Şile,Kızılcaköy Mahallesi,Eğitim Tesisi (Okul vb.),2
2023,Şile,Meşrutiyet Mahallesi,Eğitim Tesisi (Okul vb.),1
2023,Şile,Sahilköy Mahallesi,Eğitim Tesisi (Okul vb.),1
2023,Şile,Sahilköy Mahallesi,Sanayi ve Fabrika,1
2023,Şile,Sofular Mahallesi,Sanayi ve Fabrika,2
2023,Şile,Teke Mahallesi,Eğitim Tesisi (Okul vb.),2
2023,Şile,Çavuş Mahallesi,Eğitim Tesisi (Okul vb.),1
2023,Şile,Çayırbaşı Mahallesi,Eğitim Tesisi (Okul vb.),1
2023,Şişli,19 Mayıs Mahallesi,Eğitim Tesisi (Okul vb.),2
2023,Şişli,Bozkurt Mahallesi,Eğitim Tesisi (Okul vb.),2
2023,Şişli,Cumhuriyet Mahallesi,Eğitim Tesisi (Okul vb.),4
2023,Şişli,Duatepe Mahallesi,Eğitim Tesisi (Okul vb.),1
2023,Şişli,Esentepe Mahallesi,Eğitim Tesisi (Okul vb.),2
2023,Şişli,Feriköy Mahallesi,Eğitim Tesisi (Okul vb.),4
2023,Şişli,Fulya Mahallesi,Eğitim Tesisi (Okul vb.),1
2023,Şişli,Gülbahar Mahallesi,Eğitim Tesisi (Okul vb.),2
2023,Şişli,Halaskargazi Mahallesi,Eğitim Tesisi (Okul vb.),2
2023,Şişli,Halide Edip Adıvar Mahallesi,Eğitim Tesisi (Okul vb.),2
2023,Şişli,Harbiye Mahallesi,Eğitim Tesisi (Okul vb.),14
2023,Şişli,Mecidiyeköy Mahallesi,Eğitim Tesisi (Okul vb.),3
2023,Şişli,Merkez Mahallesi,Eğitim Tesisi (Okul vb.),2
2023,Şişli,Meşrutiyet Mahallesi,Eğitim Tesisi (Okul vb.),1
2023,Şişli,Paşa Mahallesi,Eğitim Tesisi (Okul vb.),4
2023,Şişli,Teşvikiye Mahallesi,Eğitim Tesisi (Okul vb.),10
2023,Şişli,İnönü Mahallesi,Eğitim Tesisi (Okul vb.),6
2023,Şişli,İzzetpaşa Mahallesi,Eğitim Tesisi (Okul vb.),1
